Date,PM10 ( µg/m3 ),PM 2.5 ( µg/m3 ),SO2 ( µg/m3 ),NO2 ( µg/m3 ),NOX ( µg/m3 ),CO ( µg/m3 ),O3 ( µg/m3 )
2018-03-29 00:00:56,125.93,19.605,18.724999999999998,39.085,51.195,0.0,14.33
2018-03-29 01:00:56,121.32333333333334,21.625,14.71,47.025,59.04999999999999,0.0,7.56
2018-03-29 02:00:56,117.88999999999999,16.285,9.41,35.635,43.52,0.0,7.67
2018-03-29 03:00:56,103.68666666666667,17.3,5.635000000000001,17.790000000000003,21.355,0.0,14.53
2018-03-29 04:00:56,71.01666666666667,22.054999999999996,3.7900000000000005,13.805,16.695,0.0,13.48
2018-03-29 05:00:56,59.053333333333335,19.845,3.33,13.54,16.155,0.0,15.59
2018-03-29 06:00:56,56.230000000000004,14.445,3.09,12.445,14.38,0.0,15.07
2018-03-29 07:00:56,50.99666666666667,8.68,2.395,18.315,22.689999999999998,0.0,13.91
2018-03-29 08:00:56,49.70666666666666,7.425000000000001,2.415,33.205,47.01500000000001,0.0,11.92
2018-03-29 09:00:56,47.42666666666666,16.38,2.27,49.5,75.955,0.0,6.81
2018-03-29 10:00:56,50.13666666666666,17.18,2.235,33.515,48.09,0.0,11.56
2018-03-29 11:00:56,45.82333333333334,12.660000000000002,2.66,41.6,70.22,0.0,9.03
2018-03-29 12:00:56,33.236666666666665,12.81,1.6849999999999998,26.995,40.14,0.0,14.46
2018-03-29 13:00:56,51.60666666666666,12.72,6.81,0.0,0.0,0.0,17.22
2018-03-29 14:00:56,84.74666666666667,14.06,9.01,21.03,30.37,0.0,22.32
2018-03-29 15:00:56,98.35666666666667,14.875,10.56,11.595,16.82,0.0,31.51
2018-03-29 16:00:56,88.23333333333333,13.255,8.865,9.655,12.385,0.0,32.81
2018-03-29 17:00:56,58.803333333333335,17.89,11.910000000000002,11.325000000000001,14.709999999999999,0.0,32.76
2018-03-29 18:00:56,46.656666666666666,13.75,6.859999999999999,17.43,21.875,0.0,24.52
2018-03-29 19:00:56,39.46,13.459999999999999,5.24,23.105,28.125,0.0,20.41
2018-03-29 20:00:56,34.876666666666665,10.395,3.5250000000000004,35.78,48.715,0.0,21.84
2018-03-29 21:00:56,34.49666666666666,11.36,4.84,47.044999999999995,64.085,0.0,16.36
2018-03-29 22:00:56,28.896666666666665,19.02,5.895,43.580000000000005,55.05500000000001,0.0,15.88
2018-03-29 23:00:56,28.84,13.935,5.484999999999999,20.185,25.875,0.0,21.49
2018-03-30 00:00:56,20.203333333333333,9.385,4.165,17.22,23.495,0.0,19.64
2018-03-30 01:00:56,14.326666666666668,9.77,3.655,13.089999999999998,16.885,0.0,21.82
2018-03-30 02:00:56,13.956666666666667,7.474999999999999,2.97,7.4750000000000005,10.305,0.0,25.3
2018-03-30 03:00:56,11.676666666666668,4.86,2.2449999999999997,5.13,6.830000000000001,0.0,26.56
2018-03-30 04:00:56,8.546666666666667,6.56,1.285,5.82,7.63,0.0,25.04
2018-03-30 05:00:56,8.956666666666667,8.805,1.875,8.735,11.15,0.0,22.92
2018-03-30 06:00:56,7.696666666666666,4.86,2.11,7.505,9.41,0.0,23.96
2018-03-30 07:00:56,9.296666666666667,4.605,2.35,14.540000000000001,17.565,0.0,21.88
2018-03-30 08:00:56,16.39666666666667,8.525,2.65,27.125,34.83,0.0,15.99
2018-03-30 09:00:56,18.973333333333333,5.62,3.91,34.15,44.32500000000001,0.0,15.06
2018-03-30 10:00:56,23.30333333333333,7.224999999999999,6.734999999999999,40.145,62.29,0.0,12.57
2018-03-30 11:00:56,21.626666666666665,8.69,8.635,25.285,32.735,0.0,20.17
2018-03-30 12:00:56,18.663333333333334,9.05,10.18,20.45,26.525000000000002,0.0,23.32
2018-03-30 13:00:56,29.886666666666667,5.455000000000001,10.299999999999999,20.805,26.76,0.0,23.9
2018-03-30 14:00:56,29.986666666666665,8.74,9.95,21.78,29.09,0.0,22.69
2018-03-30 15:00:56,28.936666666666667,9.55,11.555,39.300000000000004,58.54,0.0,15.0
2018-03-30 16:00:56,28.37,11.015,9.325,41.345,64.42,0.0,14.05
2018-03-30 17:00:56,27.840000000000003,17.14,8.545,17.12,23.474999999999998,0.0,23.1
2018-03-30 18:00:56,24.436666666666667,11.735,5.98,17.205000000000002,22.600000000000005,0.0,22.89
2018-03-30 19:00:56,27.71666666666667,7.425,6.39,24.225000000000005,33.38,0.0,19.34
2018-03-30 20:00:56,33.596666666666664,13.415,12.770000000000001,41.87,66.365,0.0,11.44
2018-03-30 21:00:56,41.31666666666667,14.520000000000001,12.135,53.44,89.05000000000001,0.0,8.8
2018-03-30 22:00:56,45.22,15.54,9.655,50.09,64.81,0.0,6.2
2018-03-30 23:00:56,52.99666666666667,25.650000000000002,8.274999999999999,46.385,63.34,0.0,6.3
2018-03-31 00:00:56,53.1,22.77,8.825000000000001,45.370000000000005,63.66,0.0,6.04
2018-03-31 01:00:56,51.263333333333335,23.45,8.485,48.445,71.565,0.0,3.7
2018-03-31 02:00:56,57.55,24.02,6.544999999999999,40.495,51.4,0.0,3.9
2018-03-31 03:00:56,61.233333333333334,17.450000000000003,5.260000000000001,41.795,60.425000000000004,0.0,2.96
2018-03-31 04:00:56,62.376666666666665,19.02,4.64,34.9,65.045,0.0,2.26
2018-03-31 05:00:56,53.45666666666667,27.765,3.355,32.17,54.725,0.0,2.58
2018-03-31 06:00:56,50.00666666666666,22.625,2.695,29.53,44.93,0.0,2.8
2018-03-31 07:00:56,51.31333333333333,16.75,2.0700000000000003,31.545,54.10999999999999,0.0,2.6
2018-03-31 08:00:56,59.39,18.24,3.765,34.425,60.775,0.0,3.58
2018-03-31 09:00:56,54.94,26.445000000000004,15.035000000000002,37.815,63.80500000000001,0.0,5.38
2018-03-31 10:00:56,62.019999999999996,28.75,31.429999999999996,33.62,48.475,0.0,10.15
2018-03-31 11:00:56,59.44,25.36,23.445000000000004,25.38,35.330000000000005,0.0,15.25
2018-03-31 12:00:56,53.04,23.439999999999998,14.324999999999998,22.89,35.555,0.0,18.75
2018-03-31 13:00:56,45.89666666666667,21.535,12.229999999999999,15.165,21.98,0.0,25.45
2018-03-31 14:00:56,35.056666666666665,13.36,15.284999999999998,15.104999999999999,20.194999999999997,0.0,26.65
2018-03-31 15:00:56,32.21,9.095,13.700000000000001,21.205,29.33,0.0,24.02
2018-03-31 16:00:56,30.19666666666667,8.315,10.770000000000001,16.584999999999997,23.01,0.0,26.2
2018-03-31 17:00:56,24.093333333333334,9.035,8.76,16.335,20.545,0.0,27.08
2018-03-31 18:00:56,21.256666666666668,15.020000000000001,6.015000000000001,25.625,31.375,0.0,23.5
2018-03-31 19:00:56,28.683333333333334,13.225,6.355,36.115,41.645,0.0,19.89
2018-03-31 20:00:56,34.64,8.885,10.0,54.254999999999995,65.52,0.0,12.56
2018-03-31 21:00:56,53.53666666666667,16.035,16.335,86.995,162.95000000000002,0.0,3.43
2018-03-31 22:00:56,77.17,27.790000000000003,25.099999999999998,77.07,163.40499999999997,0.0,2.54
2018-03-31 23:00:56,64.03666666666666,24.625,11.964999999999998,101.36,190.98,0.0,2.26
2018-04-01 00:00:56,78.07000000000001,29.44,9.595,97.38,198.65,0.0,2.21
2018-04-01 01:00:56,84.83,41.715,7.855,93.255,199.42999999999998,0.0,2.31
2018-04-01 02:00:56,83.51666666666667,43.28,6.210000000000001,86.71999999999998,181.43500000000003,0.0,2.67
2018-04-01 03:00:56,85.25,41.385,4.965,85.90500000000002,152.52,0.0,2.38
2018-04-01 04:00:56,76.81333333333333,37.28,4.87,80.355,135.83,0.0,2.33
2018-04-01 05:00:56,55.946666666666665,32.415,4.175,74.4,117.955,0.0,2.17
2018-04-01 06:00:56,58.54,23.179999999999996,3.705,72.545,105.585,0.0,2.24
2018-04-01 07:00:56,53.736666666666665,18.73,3.5500000000000003,70.185,99.96499999999999,0.0,2.14
2018-04-01 08:00:56,54.78333333333333,19.055,8.53,63.375,109.755,0.0,2.67
2018-04-01 09:00:56,54.486666666666665,12.420000000000002,21.615,76.64999999999999,138.10999999999999,0.0,2.87
2018-04-01 10:00:56,65.47,7.030000000000001,25.325,51.59,69.635,0.0,11.13
2018-04-01 11:00:56,53.486666666666665,8.665000000000001,16.445,25.845,32.65,0.0,21.77
2018-04-01 12:00:56,38.763333333333335,5.954999999999999,11.034999999999998,19.92,25.615,0.0,28.32
2018-04-01 13:00:56,30.736666666666665,4.08,8.57,16.285,20.53,0.0,32.55
2018-04-01 14:00:56,21.426666666666666,2.525,7.32,21.55,27.865,0.0,31.54
2018-04-01 15:00:56,17.98,1.88,5.185,17.064999999999998,21.605,0.0,32.03
2018-04-01 16:00:56,20.23,1.155,5.614999999999999,12.99,16.36,0.0,33.82
2018-04-01 17:00:56,18.740000000000002,1.195,8.61,16.335,19.815,0.0,32.32
2018-04-01 18:00:56,22.27,1.2999999999999998,10.325000000000001,24.325000000000003,27.675,0.0,29.5
2018-04-01 19:00:56,28.196666666666665,4.445,13.31,62.14000000000001,72.29,0.0,16.89
2018-04-01 20:00:56,44.72,5.47,22.58,114.235,164.445,0.0,7.61
2018-04-01 21:00:56,82.09666666666666,10.235000000000001,31.0,151.155,268.505,0.0,2.56
2018-04-01 22:00:56,111.88,11.719999999999999,25.084999999999997,139.57500000000002,253.795,0.0,2.26
2018-04-01 23:00:56,105.60333333333332,11.785000000000002,26.52,115.895,173.05999999999997,0.0,2.2
2018-04-02 00:00:56,102.46,19.095,18.46,120.16000000000001,250.085,0.0,2.53
2018-04-02 01:00:56,100.63,23.180000000000003,15.770000000000001,100.59499999999998,204.225,0.0,2.57
2018-04-02 02:00:56,85.71666666666667,22.205,14.964999999999998,96.705,206.485,0.0,2.29
2018-04-02 03:00:56,89.60666666666667,16.16,14.325000000000001,89.495,160.43,0.0,2.28
2018-04-02 04:00:56,84.32333333333334,11.465000000000002,13.780000000000001,89.295,144.085,0.0,2.24
2018-04-02 05:00:56,61.516666666666666,12.965000000000002,10.08,84.65,130.65,0.0,2.28
2018-04-02 06:00:56,59.80666666666667,13.604999999999999,9.665000000000001,80.28,110.72499999999998,0.0,3.75
2018-04-02 07:00:56,55.70333333333334,9.175,9.35,84.69999999999999,145.76,0.0,3.13
2018-04-02 08:00:56,57.95333333333333,10.945,19.43,124.065,325.345,0.0,2.4
2018-04-02 09:00:56,89.87666666666667,18.25,34.449999999999996,71.525,138.71,0.0,10.88
2018-04-02 10:00:56,77.98333333333333,15.61,19.32,34.715,45.330000000000005,0.0,22.77
2018-04-02 11:00:56,46.166666666666664,9.17,10.03,25.99,35.305,0.0,27.43
2018-04-02 12:00:56,49.91,5.2299999999999995,8.77,20.790000000000003,26.075000000000003,0.0,27.69
2018-04-02 13:00:56,76.32,3.8800000000000003,8.4,19.97,24.405,0.0,28.97
2018-04-02 14:00:56,71.57666666666667,5.710000000000001,8.405000000000001,22.25,26.099999999999998,0.0,35.13
2018-04-02 15:00:56,39.72666666666667,4.63,10.995,31.715,37.965,0.0,34.48
2018-04-02 16:00:56,29.76,5.704999999999999,9.025,22.765,27.36,0.0,35.16
2018-04-02 17:00:56,22.30666666666667,4.205,9.865,19.69,23.399999999999995,0.0,35.16
2018-04-02 18:00:56,24.576666666666668,2.4,6.04,22.005,27.044999999999998,0.0,32.1
2018-04-02 19:00:56,25.99,1.275,3.865,27.334999999999997,32.365,0.0,27.55
2018-04-02 20:00:56,26.813333333333333,1.7699999999999998,11.37,56.75,66.49,0.0,19.33
2018-04-02 21:00:56,24.78,3.67,9.77,76.755,98.62,0.0,14.61
2018-04-02 22:00:56,29.563333333333333,3.285,8.11,61.605,71.325,0.0,15.05
2018-04-02 23:00:56,31.936666666666667,6.205000000000001,8.18,74.47,89.2,0.0,11.39
2018-04-03 00:00:56,39.81666666666667,8.75,8.165,68.47500000000001,78.47,0.0,12.29
2018-04-03 01:00:56,38.49,7.390000000000001,4.484999999999999,73.21,90.18,0.0,5.1
2018-04-03 02:00:56,33.306666666666665,17.39,3.625,65.88,80.235,0.0,10.68
2018-04-03 03:00:56,34.70666666666666,13.745,3.875,44.89000000000001,50.76499999999999,0.0,11.47
2018-04-03 04:00:56,33.336666666666666,10.13,4.865,49.76500000000001,54.135,0.0,13.52
2018-04-03 05:00:56,28.706666666666667,8.775,3.4949999999999997,66.615,73.04,0.0,9.76
2018-04-03 06:00:56,34.75666666666667,5.665,3.4599999999999995,64.875,72.69,0.0,7.01
2018-04-03 07:00:56,38.71,7.66,3.1799999999999997,68.615,104.39,0.0,2.6
2018-04-03 08:00:56,41.35666666666667,7.32,16.655,70.42999999999999,103.16000000000001,0.0,4.69
2018-04-03 09:00:56,54.486666666666665,13.219999999999999,23.755,87.87,128.51999999999998,0.0,8.62
2018-04-03 10:00:56,58.94333333333333,13.715000000000002,13.21,41.46,53.03,0.0,20.82
2018-04-03 11:00:56,40.09666666666667,8.844999999999999,13.810000000000002,34.085,44.70000000000001,0.0,24.42
2018-04-03 12:00:56,32.53,6.805,8.79,28.474999999999998,34.755,0.0,31.83
2018-04-03 13:00:56,26.12,4.19,4.895,28.325000000000003,36.31,0.0,29.97
2018-04-03 14:00:56,20.726666666666667,4.91,8.315,27.545,36.76,0.0,28.93
2018-04-03 15:00:56,22.613333333333333,3.5549999999999997,4.295,22.195000000000004,28.715000000000003,0.0,30.4
2018-04-03 16:00:56,13.323333333333332,2.575,2.36,25.12,34.865,0.0,29.06
2018-04-03 17:00:56,12.223333333333334,1.7,3.8949999999999996,23.88,29.554999999999996,0.0,30.18
2018-04-03 18:00:56,13.563333333333333,1.765,1.7250000000000003,27.58,32.89,0.0,28.57
2018-04-03 19:00:56,16.560000000000002,1.21,6.885000000000001,44.35,51.73499999999999,0.0,24.72
2018-04-03 20:00:56,25.92,4.385,16.545,123.27500000000002,153.75,0.0,13.48
2018-04-03 21:00:56,43.50666666666667,7.555,10.08,92.42,119.135,0.0,8.07
2018-04-03 22:00:56,41.78,7.414999999999999,11.034999999999998,88.835,117.76,0.0,2.61
2018-04-03 23:00:56,57.77,6.185,6.87,91.91000000000001,121.205,0.0,2.48
2018-04-04 00:00:56,64.41000000000001,12.85,16.72,82.945,109.325,0.0,2.38
2018-04-04 01:00:56,69.13666666666667,12.445,14.280000000000001,84.61,120.04,0.0,2.32
2018-04-04 02:00:56,65.71333333333334,7.844999999999999,10.465,72.63,99.19500000000001,0.0,2.16
2018-04-04 03:00:56,49.17666666666667,7.030000000000001,8.725,59.315,69.22,0.0,3.5
2018-04-04 04:00:56,47.46,7.94,5.13,58.76499999999999,68.14,0.0,2.88
2018-04-04 05:00:56,45.916666666666664,5.585000000000001,4.765000000000001,53.625,58.145,0.0,4.8
2018-04-04 06:00:56,41.11,10.02,4.045,61.06,69.485,0.0,3.17
2018-04-04 07:00:56,36.92666666666666,8.61,3.4499999999999997,56.574999999999996,81.325,0.0,2.62
2018-04-04 08:00:56,50.73,9.12,16.63,65.71,106.28500000000001,0.0,3.25
2018-04-04 09:00:56,69.16666666666667,7.655000000000001,38.115,96.38499999999999,156.845,0.0,4.94
2018-04-04 10:00:56,81.44,12.665,32.015,95.295,142.505,0.0,6.28
2018-04-04 11:00:56,84.79333333333334,10.37,16.675,35.23,43.85999999999999,0.0,23.79
2018-04-04 12:00:56,54.366666666666674,13.665000000000001,8.575000000000001,24.45,30.14,0.0,30.11
2018-04-04 13:00:56,36.60333333333334,8.73,10.92,25.235,31.685,0.0,30.14
2018-04-04 14:00:56,35.196666666666665,5.34,14.905000000000001,27.145,33.455,0.0,30.62
2018-04-04 15:00:56,28.593333333333334,2.985,13.424999999999999,28.669999999999998,35.64,0.0,31.43
2018-04-04 16:00:56,28.106666666666666,2.1149999999999998,14.204999999999998,28.635,34.214999999999996,0.0,33.03
2018-04-04 17:00:56,41.29,1.9249999999999998,11.56,28.115,33.635,0.0,32.14
2018-04-04 18:00:56,38.026666666666664,1.335,14.299999999999999,42.26,50.76500000000001,0.0,29.11
2018-04-04 19:00:56,34.413333333333334,1.45,17.11,61.095,71.52,0.0,24.16
2018-04-04 20:00:56,42.33,8.925,27.099999999999998,99.45,112.675,0.0,13.72
2018-04-04 21:00:56,63.29666666666667,8.325,30.290000000000003,140.69,188.345,0.0,4.02
2018-04-04 22:00:56,73.97,9.9,25.24,121.28500000000001,185.42999999999998,0.0,3.49
2018-04-04 23:00:56,80.89,7.895,23.685000000000002,87.52499999999999,123.15499999999999,0.0,2.22
2018-04-05 00:00:56,88.67666666666666,8.805,22.495,103.41000000000001,159.395,0.0,2.46
2018-04-05 01:00:56,82.4,7.405000000000001,14.64,95.53000000000002,160.365,0.0,2.29
2018-04-05 02:00:56,77.02666666666666,9.42,12.100000000000001,86.39999999999999,135.505,0.0,2.11
2018-04-05 03:00:56,67.34,6.93,9.68,77.355,113.54,0.0,2.25
2018-04-05 04:00:56,57.03,5.63,9.47,76.36500000000001,96.505,0.0,2.15
2018-04-05 05:00:56,57.67,11.1,6.19,62.70000000000001,75.48,0.0,2.49
2018-04-05 06:00:56,54.416666666666664,8.295,5.185,59.135,70.595,0.0,3.17
2018-04-05 07:00:56,47.406666666666666,4.34,4.46,69.78,113.73,0.0,2.33
2018-04-05 08:00:56,50.346666666666664,8.47,20.544999999999998,78.965,149.68,0.0,2.7
2018-04-05 09:00:56,68.69666666666666,12.064999999999998,52.745000000000005,107.305,182.51999999999998,0.0,3.55
2018-04-05 10:00:56,93.90333333333334,11.35,45.975,102.44,154.39,0.0,9.01
2018-04-05 11:00:56,82.61333333333333,8.42,19.535,36.84,44.12,0.0,26.38
2018-04-05 12:00:56,57.7,4.72,13.135,29.825,35.379999999999995,0.0,32.8
2018-04-05 13:00:56,47.74,2.9800000000000004,14.565,27.905,33.595,0.0,33.44
2018-04-05 14:00:56,48.28,1.875,17.4,26.28,31.150000000000002,0.0,34.92
2018-04-05 15:00:56,46.29333333333333,1.8099999999999998,13.76,24.26,28.74,0.0,33.66
2018-04-05 16:00:56,30.736666666666668,1.54,7.995,31.395,39.385,0.0,28.33
2018-04-05 17:00:56,31.053333333333335,1.115,8.674999999999999,30.669999999999998,36.4,0.0,27.37
2018-04-05 18:00:56,33.52,1.12,7.855,49.82,61.715,0.0,21.2
2018-04-05 19:00:56,31.433333333333337,0.9550000000000001,15.39,76.405,94.14999999999999,0.0,18.07
2018-04-05 20:00:56,44.29666666666667,0.54,21.430000000000003,124.91000000000001,180.91,0.0,6.08
2018-04-05 21:00:56,63.626666666666665,5.01,22.885,108.73,138.535,0.0,9.72
2018-04-05 22:00:56,63.28,6.835000000000001,34.370000000000005,95.25,135.37,0.0,4.5
2018-04-05 23:00:56,73.33666666666667,7.07,43.525,99.355,146.335,0.0,2.59
2018-04-06 00:00:56,83.27666666666667,8.38,28.17,102.04,151.915,0.0,2.3
2018-04-06 01:00:56,87.90666666666667,10.655,20.755,98.74000000000001,182.41,0.0,2.46
2018-04-06 02:00:56,82.71333333333334,7.219999999999999,16.21,75.04,134.745,0.0,2.27
2018-04-06 03:00:56,72.79333333333334,5.27,12.215000000000002,64.695,89.36500000000001,0.0,2.19
2018-04-06 04:00:56,59.803333333333335,4.06,9.81,77.42500000000001,94.65000000000002,0.0,3.26
2018-04-06 05:00:56,50.74333333333333,2.52,7.19,57.97,76.05000000000001,0.0,2.41
2018-04-06 06:00:56,47.63666666666666,5.09,6.94,63.580000000000005,78.715,0.0,2.39
2018-04-06 07:00:56,42.36666666666667,9.78,5.94,68.93,107.675,0.0,3.08
2018-04-06 08:00:56,50.32333333333333,7.185,18.290000000000003,71.275,136.765,0.0,2.52
2018-04-06 09:00:56,73.45,4.235,34.735,82.41000000000001,127.185,0.0,5.87
2018-04-06 10:00:56,78.56666666666666,4.67,26.945000000000004,79.945,111.37,0.0,9.84
2018-04-06 11:00:56,72.83,7.900000000000001,21.849999999999998,60.91,75.715,0.0,19.22
2018-04-06 12:00:56,70.17333333333333,11.564999999999998,14.935,36.645,44.135,0.0,28.14
2018-04-06 13:00:56,61.82333333333333,9.815,7.635000000000001,23.12,30.064999999999998,0.0,29.69
2018-04-06 14:00:56,40.89666666666667,5.724999999999999,6.175000000000001,17.325,21.564999999999998,0.0,32.73
2018-04-06 15:00:56,37.096666666666664,3.6,3.775,21.695000000000004,28.310000000000002,0.0,27.48
2018-04-06 16:00:56,20.32333333333333,2.055,2.205,18.315,23.98,0.0,28.07
2018-04-06 17:00:56,22.976666666666663,1.755,1.61,29.75,38.120000000000005,0.0,24.59
2018-04-06 18:00:56,30.423333333333332,1.7850000000000001,1.845,34.879999999999995,44.94499999999999,0.0,24.03
2018-04-06 19:00:56,32.39666666666667,1.3950000000000002,3.14,71.31,95.135,0.0,14.19
2018-04-06 20:00:56,42.07333333333333,1.7850000000000001,7.825,91.865,113.59499999999998,0.0,13.27
2018-04-06 21:00:56,58.10666666666666,3.17,13.055,88.11,119.06,0.0,11.52
2018-04-06 22:00:56,72.35,5.469999999999999,35.705,81.73,120.385,0.0,2.67
2018-04-06 23:00:56,91.63666666666666,7.7,37.44,86.235,113.755,0.0,3.11
2018-04-07 00:00:56,87.62666666666667,11.6,48.055,110.835,177.285,0.0,2.55
2018-04-07 01:00:56,94.17,22.629999999999995,36.725,112.2,175.535,0.0,2.66
2018-04-07 02:00:56,96.80666666666666,0.0,25.689999999999998,90.38,126.585,0.0,2.89
2018-04-07 03:00:56,80.50333333333333,0.0,18.88,78.765,112.735,0.0,2.99
2018-04-07 04:00:56,69.35333333333334,0.0,13.524999999999999,69.655,119.03500000000001,0.0,2.31
2018-04-07 05:00:56,67.17333333333333,0.0,11.354999999999999,61.879999999999995,92.44,0.0,2.53
2018-04-07 06:00:56,58.27666666666667,0.0,8.93,56.94,71.42,0.0,3.97
2018-04-07 07:00:56,49.459999999999994,0.0,7.68,73.71499999999999,123.26499999999999,0.0,3.01
2018-04-07 08:00:56,53.983333333333334,0.0,19.25,71.45,130.395,0.0,2.97
2018-04-07 09:00:56,65.61,0.0,39.29,68.255,104.05,0.0,8.63
2018-04-07 10:00:56,83.70666666666666,0.0,35.135,84.105,124.47500000000001,0.0,11.22
2018-04-07 11:00:56,94.25666666666666,0.0,25.22,59.125,76.595,0.0,13.09
2018-04-07 12:00:56,86.69666666666666,0.0,17.74,35.955,43.51499999999999,0.0,23.23
2018-04-07 13:00:56,66.88,0.0,13.11,38.395,49.370000000000005,0.0,24.35
2018-04-07 14:00:56,47.083333333333336,0.0,7.984999999999999,49.04,68.07,0.0,21.81
2018-04-07 15:00:56,34.81666666666666,0.0,5.98,36.545,47.865,0.0,26.51
2018-04-07 16:00:56,32.38666666666666,0.0,4.56,31.405,40.355,0.0,29.7
2018-04-07 17:00:56,35.443333333333335,0.0,5.565,30.69,39.03,0.0,30.19
2018-04-07 18:00:56,35.263333333333335,0.0,5.614999999999999,37.67,47.02,0.0,29.04
2018-04-07 19:00:56,49.64,0.0,2.84,44.669999999999995,55.16,0.0,25.76
2018-04-07 20:00:56,62.78,0.0,3.115,44.715,53.905,0.0,25.98
2018-04-07 21:00:56,81.04,0.0,7.8999999999999995,35.785,43.29,0.0,30.61
2018-04-07 22:00:56,81.69333333333333,0.0,8.94,48.175000000000004,60.63999999999999,0.0,27.67
2018-04-07 23:00:56,48.96,0.0,5.82,42.84,50.85999999999999,0.0,26.61
2018-04-08 00:00:56,35.373333333333335,0.0,4.54,36.83,43.665,0.0,27.95
2018-04-08 01:00:56,30.4,0.0,1.995,26.49,34.69,0.0,30.51
2018-04-08 02:00:56,23.126666666666665,0.0,5.260000000000001,20.03,22.955,0.0,33.3
2018-04-08 03:00:56,16.613333333333333,0.0,10.81,26.61,29.024999999999995,0.0,32.74
2018-04-08 04:00:56,20.436666666666667,0.0,13.085,25.955000000000002,28.83,0.0,31.64
2018-04-08 05:00:56,20.65,0.0,9.56,17.055,19.045,0.0,31.07
2018-04-08 06:00:56,17.91,0.0,10.475,20.825,22.73,0.0,27.67
2018-04-08 07:00:56,15.99,0.0,9.41,25.569999999999997,29.084999999999997,0.0,29.45
2018-04-08 08:00:56,13.64,0.085,13.82,46.065,58.645,0.0,23.1
2018-04-08 09:00:56,17.713333333333335,0.19499999999999998,22.680000000000003,44.24,59.79,0.0,24.32
2018-04-08 10:00:56,28.993333333333336,0.255,33.975,47.87,62.965,0.0,22.63
2018-04-08 11:00:56,28.626666666666665,0.69,15.534999999999998,36.835,46.815,0.0,24.94
2018-04-08 12:00:56,28.159999999999997,2.155,7.844999999999999,30.895,39.395,0.0,25.04
2018-04-08 13:00:56,22.356666666666666,0.0,4.615,29.735,38.525,0.0,24.96
2018-04-08 14:00:56,24.23,0.0,4.945,31.064999999999998,41.635,0.0,26.47
2018-04-08 15:00:56,30.066666666666666,3.985,4.984999999999999,34.26,43.51499999999999,0.0,26.95
2018-04-08 16:00:56,34.46333333333333,2.465,3.615,29.55,37.135,0.0,29.07
2018-04-08 17:00:56,42.446666666666665,1.29,3.31,23.099999999999998,28.61,0.0,32.46
2018-04-08 18:00:56,49.84,0.65,4.515000000000001,28.310000000000002,34.125,0.0,30.61
2018-04-08 19:00:56,54.906666666666666,0.0,6.580000000000001,40.245,50.34,0.0,23.4
2018-04-08 20:00:56,63.32,9.66,11.26,27.395,31.12,0.0,27.84
2018-04-08 21:00:56,56.38666666666666,23.44,13.17,45.105,53.14000000000001,0.0,20.37
2018-04-08 22:00:56,51.446666666666665,20.3,14.17,80.565,96.935,0.0,11.39
2018-04-08 23:00:56,56.45666666666666,40.145,14.965000000000002,79.595,92.66000000000001,0.0,8.85
2018-04-09 00:00:56,53.24,29.320000000000004,13.57,50.205000000000005,57.205000000000005,0.0,15.5
2018-04-09 01:00:56,49.516666666666666,26.975000000000005,11.755,55.0,65.53999999999999,0.0,12.65
2018-04-09 02:00:56,49.43333333333334,24.304999999999996,10.415,73.985,81.62,0.0,9.1
2018-04-09 03:00:56,49.519999999999996,21.455,9.83,76.04,83.715,0.0,5.42
2018-04-09 04:00:56,52.123333333333335,23.695000000000004,10.784999999999998,67.645,74.88,0.0,5.02
2018-04-09 05:00:56,64.92666666666666,25.98,11.265,59.73,64.12,0.0,7.75
2018-04-09 06:00:56,57.28666666666667,27.965,10.18,58.41,65.06,0.0,5.6
2018-04-09 07:00:56,51.626666666666665,27.175,10.99,58.565,78.765,0.0,3.62
2018-04-09 08:00:56,54.483333333333334,20.105,26.064999999999998,73.385,123.12,0.0,3.49
2018-04-09 09:00:56,61.21333333333334,25.685000000000002,37.89,88.425,145.595,0.0,8.69
2018-04-09 10:00:56,70.47333333333333,23.814999999999998,27.405,49.125,67.115,0.0,11.7
2018-04-09 11:00:56,69.92333333333333,26.3,20.52,50.78999999999999,62.105,0.0,15.41
2018-04-09 12:00:56,65.24333333333333,18.265,25.205,72.52,93.51,0.0,15.09
2018-04-09 13:00:56,70.93666666666667,18.32,25.349999999999998,50.41,62.54,0.0,23.34
2018-04-09 14:00:56,68.65666666666667,16.085,23.939999999999998,26.334999999999997,31.700000000000003,0.0,31.04
2018-04-09 15:00:56,56.55666666666667,9.34,24.325000000000003,21.61,27.849999999999998,0.0,32.58
2018-04-09 16:00:56,43.876666666666665,10.155,20.305,34.474999999999994,43.615,0.0,28.5
2018-04-09 17:00:56,46.79,5.95,15.574999999999998,42.044999999999995,52.305,0.0,27.99
2018-04-09 18:00:56,53.413333333333334,5.425,13.024999999999999,55.074999999999996,69.605,0.0,22.48
2018-04-09 19:00:56,58.11666666666667,12.475,11.88,60.57500000000001,73.175,0.0,22.8
2018-04-09 20:00:56,63.54333333333333,10.125,11.64,63.53,80.475,0.0,17.73
2018-04-09 21:00:56,58.82333333333333,17.645,14.625,48.574999999999996,56.505,0.0,19.04
2018-04-09 22:00:56,61.513333333333335,18.74,17.599999999999998,96.88499999999999,122.27999999999999,0.0,8.89
2018-04-09 23:00:56,59.18000000000001,24.179999999999996,18.87,67.7,85.09,0.0,12.24
2018-04-10 00:00:56,49.586666666666666,23.995,17.535,47.585,53.574999999999996,0.0,16.52
2018-04-10 01:00:56,41.75333333333333,18.599999999999998,15.32,58.669999999999995,66.49000000000001,0.0,12.85
2018-04-10 02:00:56,40.10333333333333,12.205,13.185000000000002,50.06,54.625,0.0,12.16
2018-04-10 03:00:56,40.85333333333333,10.485,11.43,53.57,58.19499999999999,0.0,9.02
2018-04-10 04:00:56,45.99666666666667,12.245,10.729999999999999,44.06,46.74,0.0,14.24
2018-04-10 05:00:56,41.81666666666667,17.425,9.43,31.755000000000006,34.255,0.0,12.09
2018-04-10 06:00:56,40.88666666666667,16.215,8.85,33.025,38.565,0.0,10.2
2018-04-10 07:00:56,40.78666666666667,16.53,8.05,45.655,59.92499999999999,0.0,9.63
2018-04-10 08:00:56,44.75666666666666,11.035000000000002,11.15,71.185,115.28000000000002,0.0,4.55
2018-04-10 09:00:56,67.30333333333334,14.795000000000002,19.950000000000003,90.15500000000002,151.235,0.0,6.52
2018-04-10 10:00:56,85.42999999999999,17.805,25.754999999999995,71.055,100.245,0.0,10.3
2018-04-10 11:00:56,71.14999999999999,19.67,20.98,37.25,45.330000000000005,0.0,20.55
2018-04-10 12:00:56,54.946666666666665,14.719999999999999,18.974999999999998,33.66,39.89,0.0,24.47
2018-04-10 13:00:56,65.53,11.125,21.165000000000003,44.12,55.105,0.0,26.09
2018-04-10 14:00:56,79.46333333333332,13.445,11.344999999999999,29.415000000000003,37.335,0.0,33.06
2018-04-10 15:00:56,65.02000000000001,7.68,11.005,31.090000000000003,38.555,0.0,30.86
2018-04-10 16:00:56,46.46,9.31,9.695,42.415,53.885,0.0,25.51
2018-04-10 17:00:56,46.68333333333334,8.12,8.995,40.385,49.215,0.0,26.8
2018-04-10 18:00:56,50.6,8.605,9.4,65.885,83.785,0.0,21.24
2018-04-10 19:00:56,55.06666666666666,13.83,9.375,69.875,82.625,0.0,22.61
2018-04-10 20:00:56,64.81666666666666,17.3,9.37,60.23,71.08,0.0,23.58
2018-04-10 21:00:56,56.49333333333333,17.400000000000002,13.579999999999998,68.95,85.075,0.0,15.95
2018-04-10 22:00:56,53.43666666666667,18.08,22.674999999999997,122.10000000000001,152.575,0.0,12.74
2018-04-10 23:00:56,60.47666666666667,21.925,21.11,124.40500000000002,151.335,0.0,9.01
2018-04-11 00:00:56,63.79,21.099999999999998,17.395,96.79,118.96999999999998,0.0,6.2
2018-04-11 01:00:56,63.73666666666667,19.02,15.13,66.405,88.455,0.0,3.22
2018-04-11 02:00:56,61.56,14.92,14.784999999999998,63.125,70.155,0.0,6.15
2018-04-11 03:00:56,51.71,14.94,11.545000000000002,58.105,64.3,0.0,3.97
2018-04-11 04:00:56,49.733333333333334,22.51,9.415,58.455000000000005,67.405,0.0,2.99
2018-04-11 05:00:56,46.913333333333334,19.625,9.6,53.865,59.675000000000004,0.0,5.97
2018-04-11 06:00:56,42.983333333333334,13.4,7.7,47.0,52.52,0.0,10.59
2018-04-11 07:00:56,46.626666666666665,15.950000000000001,7.455000000000001,54.35,69.87,0.0,7.38
2018-04-11 08:00:56,52.120000000000005,26.62,12.935,98.425,205.955,0.0,2.92
2018-04-11 09:00:56,76.60333333333334,35.849999999999994,37.915,99.625,180.415,0.0,4.49
2018-04-11 10:00:56,100.27333333333334,33.715,38.69,64.68,88.10000000000001,0.0,10.1
2018-04-11 11:00:56,79.76666666666667,30.72,27.25,45.805,55.155,0.0,24.91
2018-04-11 12:00:56,58.596666666666664,22.400000000000002,17.72,23.785,28.41,0.0,30.99
2018-04-11 13:00:56,40.79666666666667,12.375,13.659999999999998,22.95,28.465,0.0,32.17
2018-04-11 14:00:56,34.83,7.5,11.755,24.12,29.125,0.0,34.2
2018-04-11 15:00:56,42.32,6.93,12.15,25.995,31.054999999999996,0.0,36.25
2018-04-11 16:00:56,47.2,5.085,10.62,29.135,34.875,0.0,33.8
2018-04-11 17:00:56,52.63666666666666,3.655,9.965,37.21,41.86,0.0,31.11
2018-04-11 18:00:56,56.28666666666666,4.3500000000000005,11.43,77.59,87.795,0.0,22.51
2018-04-11 19:00:56,64.18666666666667,11.954999999999998,12.56,113.77499999999999,139.78,0.0,10.63
2018-04-11 20:00:56,75.49666666666667,17.645,19.085,147.67,196.255,0.0,6.3
2018-04-11 21:00:56,110.81,20.645,16.885,136.67999999999998,188.585,0.0,2.66
2018-04-11 22:00:56,123.88666666666666,28.325000000000003,20.245,104.36500000000001,150.38,0.0,2.68
2018-04-11 23:00:56,103.67666666666668,30.55,20.55,97.13,120.52500000000002,0.0,3.24
2018-04-12 00:00:56,84.05333333333333,26.595,18.495,108.09499999999998,143.15,0.0,4.52
2018-04-12 01:00:56,75.17,28.790000000000003,16.055,87.60000000000001,109.14,0.0,7.14
2018-04-12 02:00:56,64.00666666666666,17.6,13.195,68.22500000000001,94.735,0.0,7.91
2018-04-12 03:00:56,57.230000000000004,19.73,13.92,69.88,91.23,0.0,2.4
2018-04-12 04:00:56,53.053333333333335,18.845,12.545000000000002,72.745,90.60000000000001,0.0,2.77
2018-04-12 05:00:56,53.486666666666665,17.445,17.01,63.775000000000006,71.10000000000001,0.0,3.4
2018-04-12 06:00:56,53.48666666666667,22.425,15.035000000000002,60.129999999999995,73.52499999999999,0.0,3.98
2018-04-12 07:00:56,48.71666666666667,21.38,13.530000000000001,67.09,97.575,0.0,3.5
2018-04-12 08:00:56,56.373333333333335,26.08,16.099999999999998,73.625,124.29500000000002,0.0,3.11
2018-04-12 09:00:56,79.52333333333334,30.76,26.314999999999998,102.53000000000002,226.56499999999997,0.0,2.55
2018-04-12 10:00:56,98.22333333333333,31.74,45.04999999999999,112.89,193.54,0.0,6.74
2018-04-12 11:00:56,91.75666666666666,31.78,40.115,89.87,123.76,0.0,7.56
2018-04-12 12:00:56,93.03666666666666,25.575000000000003,8.91,61.17499999999999,73.73,0.0,17.3
2018-04-12 13:00:56,81.28666666666668,19.425,23.189999999999998,0.0,0.0,0.0,26.36
2018-04-12 14:00:56,74.42333333333333,16.330000000000002,22.685000000000002,38.18,46.120000000000005,0.0,23.4
2018-04-12 15:00:56,65.24666666666667,11.96,19.585,36.97,46.475,0.0,28.7
2018-04-12 16:00:56,49.1,7.655,15.410000000000002,35.699999999999996,41.915,0.0,29.07
2018-04-12 17:00:56,41.083333333333336,4.56,14.865,37.870000000000005,42.385,0.0,29.01
2018-04-12 18:00:56,49.1,3.525,12.755,63.955000000000005,82.29,0.0,21.13
2018-04-12 19:00:56,52.45,9.335,10.25,102.78500000000001,142.79,0.0,10.76
2018-04-12 20:00:56,53.05666666666667,20.835,12.04,94.7,117.38,0.0,10.0
2018-04-12 21:00:56,65.86,17.245,15.295,93.35000000000001,106.19,0.0,11.78
2018-04-12 22:00:56,72.81,16.48,14.765,110.55,133.97,0.0,8.36
2018-04-12 23:00:56,71.10333333333334,19.06,15.29,97.745,123.575,0.0,4.69
2018-04-13 00:00:56,64.51,20.775000000000002,15.82,102.67,136.605,0.0,3.07
2018-04-13 01:00:56,64.93333333333334,23.849999999999998,16.745,88.62,107.28500000000001,0.0,5.0
2018-04-13 02:00:56,63.85,22.040000000000003,13.655000000000001,80.065,101.935,0.0,2.53
2018-04-13 03:00:56,56.25,21.92,10.990000000000002,54.81,63.44,0.0,3.31
2018-04-13 04:00:56,50.54666666666667,21.195,9.34,48.31,53.135,0.0,4.51
2018-04-13 05:00:56,44.54666666666667,16.02,5.580000000000001,47.555,51.800000000000004,0.0,5.65
2018-04-13 06:00:56,41.70333333333333,13.329999999999998,3.625,52.845,60.19499999999999,0.0,3.52
2018-04-13 07:00:56,54.230000000000004,22.155,4.07,57.02,74.68,0.0,3.94
2018-04-13 08:00:56,60.446666666666665,28.060000000000002,6.2250000000000005,76.61,129.52,0.0,3.29
2018-04-13 09:00:56,74.79666666666667,29.27,22.95,97.665,184.08,0.0,4.14
2018-04-13 10:00:56,86.92333333333333,18.665,32.09,46.1,90.91000000000001,0.0,0.0
2018-04-13 11:00:56,84.10666666666667,13.935000000000002,23.105,19.785,24.435000000000002,0.0,0.0
2018-04-13 12:00:56,30.67,12.145000000000001,11.125,18.895,23.084999999999997,0.0,0.0
2018-04-13 13:00:56,23.873333333333335,7.489999999999999,11.174999999999999,7.34,9.53,0.0,33.69
2018-04-13 14:00:56,17.793333333333337,4.505,9.205,7.599999999999999,9.875,0.0,0.0
2018-04-13 15:00:56,27.22,1.47,2.04,24.035,32.055,0.0,26.91
2018-04-13 16:00:56,42.343333333333334,13.985,6.969999999999999,167.735,267.445,0.0,24.94
2018-04-13 17:00:56,44.28333333333333,22.429999999999996,1.96,41.6,55.645,0.0,21.31
2018-04-13 18:00:56,67.16333333333334,22.75,1.885,91.50999999999999,146.345,0.0,15.99
2018-04-13 19:00:56,82.3,31.83,2.6999999999999997,77.92,101.04,0.0,18.55
2018-04-13 20:00:56,77.13,31.05,5.04,73.445,102.45,0.0,19.93
2018-04-13 21:00:56,82.62666666666667,27.47,1.915,36.199999999999996,42.830000000000005,0.0,31.28
2018-04-13 22:00:56,70.74666666666667,21.67,1.9349999999999998,35.36,43.655,0.0,30.26
2018-04-13 23:00:56,57.99333333333334,19.87,1.78,38.845,45.135,0.0,30.27
2018-04-14 00:00:56,46.95666666666667,17.05,1.9100000000000001,55.94,63.620000000000005,0.0,22.47
2018-04-14 01:00:56,49.19,15.685,2.22,76.57,84.435,0.0,9.25
2018-04-14 02:00:56,52.583333333333336,17.67,2.78,71.945,77.985,0.0,6.31
2018-04-14 03:00:56,49.94,23.53,3.095,46.465,49.595,0.0,13.74
2018-04-14 04:00:56,46.10333333333333,20.26,3.28,44.82,49.165,0.0,6.12
2018-04-14 05:00:56,49.75333333333333,26.99,5.335,32.845,36.15,0.0,13.77
2018-04-14 06:00:56,42.62,10.22,5.640000000000001,37.925000000000004,39.660000000000004,0.0,9.64
2018-04-14 07:00:56,54.54333333333333,7.23,4.59,52.199999999999996,69.295,0.0,5.82
2018-04-14 08:00:56,58.05333333333333,11.949999999999998,10.424999999999999,58.785,95.08,0.0,4.58
2018-04-14 09:00:56,81.19,18.835,22.459999999999997,68.715,99.77,0.0,8.27
2018-04-14 10:00:56,56.64666666666667,19.805,18.41,52.949999999999996,67.25,0.0,20.84
2018-04-14 11:00:56,63.47333333333333,22.765,10.86,37.455,44.574999999999996,0.0,24.45
2018-04-14 12:00:56,47.92666666666667,13.11,5.949999999999999,32.465,42.135,0.0,28.62
2018-04-14 13:00:56,27.886666666666667,7.18,4.695,28.765,37.565,0.0,29.98
2018-04-14 14:00:56,22.85666666666667,4.39,4.215,26.11,33.43,0.0,31.15
2018-04-14 15:00:56,26.436666666666667,4.385,3.9600000000000004,26.775000000000002,35.27,0.0,33.07
2018-04-14 16:00:56,61.656666666666666,11.78,3.83,25.554999999999996,32.19,0.0,32.31
2018-04-14 17:00:56,50.46666666666667,7.66,3.58,8.435,9.485,0.0,35.82
2018-04-14 18:00:56,63.82333333333333,36.06,3.4599999999999995,22.55,27.070000000000004,0.0,36.65
2018-04-14 19:00:56,68.03333333333333,7.614999999999999,3.5100000000000002,28.429999999999996,34.52,0.0,35.43
2018-04-14 20:00:56,75.40333333333334,11.815,4.2250000000000005,34.22,41.22,0.0,34.77
2018-04-14 21:00:56,73.14,14.574999999999998,5.815,33.405,39.995000000000005,0.0,34.44
2018-04-14 22:00:56,61.766666666666666,15.345,5.960000000000001,32.72,39.245000000000005,0.0,31.02
2018-04-14 23:00:56,60.85666666666667,15.815,6.09,33.56,38.699999999999996,0.0,30.92
2018-04-15 00:00:56,51.82333333333333,11.074999999999998,6.765000000000001,25.564999999999998,28.895,0.0,34.18
2018-04-15 01:00:56,49.10666666666667,7.239999999999999,6.655000000000001,30.290000000000003,35.335,0.0,31.67
2018-04-15 02:00:56,47.843333333333334,9.655,7.164999999999999,27.459999999999997,30.540000000000003,0.0,33.77
2018-04-15 03:00:56,39.13,8.75,7.640000000000001,19.11,20.045,0.0,37.72
2018-04-15 04:00:56,42.046666666666674,17.44,7.09,26.36,28.365,0.0,24.59
2018-04-15 05:00:56,46.916666666666664,14.925000000000002,11.085,32.43,34.145,0.0,18.71
2018-04-15 06:00:56,52.15,15.32,9.195,31.665000000000003,33.82,0.0,19.63
2018-04-15 07:00:56,54.96666666666667,18.955,8.93,45.080000000000005,52.965,0.0,10.19
2018-04-15 08:00:56,58.49666666666667,24.13,20.245,53.23499999999999,69.185,0.0,7.97
2018-04-15 09:00:56,73.51666666666667,25.705,30.584999999999997,43.085,51.76500000000001,0.0,18.46
2018-04-15 10:00:56,75.37333333333333,26.149999999999995,16.39,24.74,28.165000000000003,0.0,30.87
2018-04-15 11:00:56,58.47333333333333,14.525,12.19,29.38,35.29,0.0,32.36
2018-04-15 12:00:56,51.00333333333333,12.685,7.75,24.525000000000002,28.995,0.0,35.09
2018-04-15 13:00:56,35.096666666666664,7.59,6.965,21.465000000000003,25.675,0.0,35.77
2018-04-15 14:00:56,31.96,4.71,7.030000000000001,29.765,37.925,0.0,32.96
2018-04-15 15:00:56,32.513333333333335,3.3800000000000003,6.640000000000001,22.24,26.570000000000004,0.0,36.6
2018-04-15 16:00:56,31.346666666666664,3.1749999999999994,6.109999999999999,34.26,43.35999999999999,0.0,31.08
2018-04-15 17:00:56,37.53333333333333,8.165,4.865,29.790000000000003,37.71,0.0,32.96
2018-04-15 18:00:56,42.39666666666667,4.9,4.475,26.850000000000005,32.92,0.0,34.96
2018-04-15 19:00:56,40.75333333333333,8.51,4.005,26.75,32.464999999999996,0.0,33.72
2018-04-15 20:00:56,51.97,5.78,4.074999999999999,31.950000000000003,38.545,0.0,34.61
2018-04-15 21:00:56,58.33,6.62,5.795000000000001,28.535,33.465,0.0,38.8
2018-04-15 22:00:56,51.013333333333335,4.98,6.37,32.68,40.995000000000005,0.0,35.29
2018-04-15 23:00:56,43.75,9.01,5.539999999999999,25.645,29.42,0.0,35.7
2018-04-16 00:00:56,40.21666666666667,10.305,5.93,31.14,34.83,0.0,33.59
2018-04-16 01:00:56,33.833333333333336,6.06,16.47,40.824999999999996,43.71,0.0,29.32
2018-04-16 02:00:56,34.806666666666665,4.345,20.830000000000002,42.995000000000005,47.155,0.0,23.12
2018-04-16 03:00:56,44.41,11.205,10.840000000000002,37.47,39.995,0.0,20.58
2018-04-16 04:00:56,50.093333333333334,18.32,16.905,36.12,38.08,0.0,12.81
2018-04-16 05:00:56,50.20666666666666,16.955,10.305,39.17,41.745,0.0,12.0
2018-04-16 06:00:56,52.97666666666667,17.84,16.32,41.825,44.625,0.0,9.03
2018-04-16 07:00:56,56.769999999999996,18.435,15.829999999999998,46.98,55.294999999999995,0.0,19.59
2018-04-16 08:00:56,58.78,20.515,37.37,51.945,64.50999999999999,0.0,19.43
2018-04-16 09:00:56,62.97,20.45,31.87,57.715,75.47,0.0,17.54
2018-04-16 10:00:56,70.37333333333333,18.815,13.935,34.26,39.96,0.0,31.21
2018-04-16 11:00:56,52.516666666666666,12.800000000000002,7.920000000000001,32.935,38.045,0.0,32.25
2018-04-16 12:00:56,47.72,7.935,5.275,18.58,21.155,0.0,37.25
2018-04-16 13:00:56,32.483333333333334,6.2,5.695,24.959999999999997,29.12,0.0,37.28
2018-04-16 14:00:56,32.67333333333333,6.3,5.205,25.040000000000003,29.415000000000003,0.0,40.15
2018-04-16 15:00:56,29.423333333333336,5.26,7.099999999999999,27.155,31.595,0.0,37.52
2018-04-16 16:00:56,33.50666666666667,2.9599999999999995,6.815,32.88,39.435,0.0,32.96
2018-04-16 17:00:56,30.78333333333333,2.515,6.595,53.080000000000005,66.545,0.0,25.85
2018-04-16 18:00:56,34.60666666666667,5.23,7.25,61.34,78.13000000000001,0.0,21.52
2018-04-16 19:00:56,35.836666666666666,5.33,9.41,62.330000000000005,74.19500000000001,0.0,20.52
2018-04-16 20:00:56,40.28666666666667,6.169999999999999,13.549999999999999,92.315,131.345,0.0,16.28
2018-04-16 21:00:56,66.0,15.909999999999998,14.810000000000002,117.33999999999999,175.80499999999998,0.0,6.73
2018-04-16 22:00:56,88.64333333333333,21.155,23.850000000000005,89.265,131.76,0.0,3.15
2018-04-16 23:00:56,98.72,33.72,30.515,88.46,144.855,0.0,2.67
2018-04-17 00:00:56,103.18666666666667,32.33,30.105,79.78,133.72,0.0,2.42
2018-04-17 01:00:56,106.26,35.045,26.730000000000004,69.555,108.575,0.0,2.65
2018-04-17 02:00:56,92.87333333333333,35.78,16.599999999999998,65.85,85.7,0.0,2.45
2018-04-17 03:00:56,83.2,33.925000000000004,13.050000000000002,64.645,84.515,0.0,2.58
2018-04-17 04:00:56,67.81333333333333,33.339999999999996,22.325000000000003,59.53,66.655,0.0,2.7
2018-04-17 05:00:56,59.57,26.189999999999998,12.81,54.285,63.370000000000005,0.0,3.3
2018-04-17 06:00:56,63.85666666666667,30.76,8.370000000000001,52.080000000000005,61.525000000000006,0.0,3.06
2018-04-17 07:00:56,73.82,30.905,15.594999999999999,60.419999999999995,90.08999999999999,0.0,3.3
2018-04-17 08:00:56,94.98333333333333,25.459999999999997,36.865,75.22500000000001,145.935,0.0,3.3
2018-04-17 09:00:56,98.74000000000001,41.975,50.495000000000005,88.48,142.17499999999998,0.0,5.42
2018-04-17 10:00:56,131.11666666666667,50.175000000000004,30.59,79.955,111.00999999999999,0.0,10.45
2018-04-17 11:00:56,117.07,40.985,16.6,62.935,76.555,0.0,20.25
2018-04-17 12:00:56,82.94,28.13,6.81,23.015,26.53,0.0,34.22
2018-04-17 13:00:56,52.9,16.35,3.28,18.345,21.675,0.0,33.95
2018-04-17 14:00:56,41.093333333333334,10.4,4.155,17.2,20.615,0.0,32.15
2018-04-17 15:00:56,28.256666666666668,6.21,3.92,14.574999999999998,17.115,0.0,35.38
2018-04-17 16:00:56,19.623333333333335,4.6000000000000005,4.305,18.715,22.515,0.0,32.81
2018-04-17 17:00:56,15.85,3.28,3.1950000000000003,31.76,38.775,0.0,28.76
2018-04-17 18:00:56,27.919999999999998,3.24,5.495,31.834999999999997,35.065,0.0,29.36
2018-04-17 19:00:56,43.94,3.6649999999999996,17.19,47.335,53.84,0.0,22.28
2018-04-17 20:00:56,56.14,5.565,29.3,73.045,83.705,0.0,14.38
2018-04-17 21:00:56,79.15666666666667,16.36,24.465,102.495,155.475,0.0,5.29
2018-04-17 22:00:56,100.05666666666667,22.125,25.125,107.47500000000001,172.26999999999998,0.0,3.56
2018-04-17 23:00:56,112.42333333333333,33.475,21.849999999999998,91.34999999999998,154.545,0.0,2.38
2018-04-18 00:00:56,105.03333333333335,36.035000000000004,20.545,87.74000000000001,134.54,0.0,2.29
2018-04-18 01:00:56,100.25999999999999,34.99,17.315,85.45,135.57,0.0,2.41
2018-04-18 02:00:56,102.08333333333333,35.96,21.67,71.71,124.5,0.0,2.45
2018-04-18 03:00:56,90.50666666666666,28.595,26.189999999999998,66.51,94.47499999999998,0.0,2.44
2018-04-18 04:00:56,71.99666666666667,22.320000000000004,13.214999999999998,54.29,68.295,0.0,2.39
2018-04-18 05:00:56,65.06,15.275,11.225,47.185,52.525000000000006,0.0,5.97
2018-04-18 06:00:56,59.71666666666667,27.91,9.375,56.830000000000005,65.325,0.0,3.97
2018-04-18 07:00:56,58.32666666666667,33.64,15.204999999999998,62.97,93.695,0.0,3.6
2018-04-18 08:00:56,71.10666666666667,28.435000000000002,33.839999999999996,62.01500000000001,95.86500000000001,0.0,5.36
2018-04-18 09:00:56,88.86666666666666,38.315,27.549999999999997,71.265,108.91000000000001,0.0,8.22
2018-04-18 10:00:56,94.85,38.815,24.345,57.52,75.725,0.0,17.36
2018-04-18 11:00:56,83.33,30.36,16.41,36.64,42.205000000000005,0.0,26.65
2018-04-18 12:00:56,68.94666666666667,17.224999999999998,9.65,26.03,29.560000000000002,0.0,32.29
2018-04-18 13:00:56,52.75,8.885,5.57,21.125,24.895,0.0,34.64
2018-04-18 14:00:56,42.21,4.67,5.62,32.675000000000004,40.580000000000005,0.0,31.36
2018-04-18 15:00:56,43.71333333333333,2.565,5.245,25.820000000000004,31.31,0.0,35.09
2018-04-18 16:00:56,26.563333333333333,3.01,5.94,40.830000000000005,51.28,0.0,28.68
2018-04-18 17:00:56,34.68,2.855,4.645,41.34,51.19499999999999,0.0,28.31
2018-04-18 18:00:56,26.456666666666667,5.265,4.675,76.63499999999999,109.335,0.0,14.99
2018-04-18 19:00:56,35.57666666666667,4.525,4.48,67.89,87.2,0.0,18.83
2018-04-18 20:00:56,50.97,9.87,4.56,48.155,56.635,0.0,25.64
2018-04-18 21:00:56,68.31666666666666,10.799999999999999,8.75,38.775000000000006,42.785,0.0,33.78
2018-04-18 22:00:56,73.18,10.775,13.32,65.69,77.61500000000001,0.0,25.12
2018-04-18 23:00:56,65.58333333333334,12.9,13.535000000000002,54.419999999999995,58.69,0.0,30.2
2018-04-19 00:00:56,59.5,8.495,9.59,44.805,48.32,0.0,31.16
2018-04-19 01:00:56,45.83666666666667,7.77,19.974999999999998,36.85,38.89,0.0,34.44
2018-04-19 02:00:56,47.843333333333334,12.270000000000001,16.755,34.955000000000005,37.11,0.0,34.75
2018-04-19 03:00:56,36.29333333333334,12.344999999999999,17.735,26.959999999999997,28.415000000000003,0.0,36.45
2018-04-19 04:00:56,39.49,17.335,22.995,39.48,41.330000000000005,0.0,25.33
2018-04-19 05:00:56,44.593333333333334,18.459999999999997,13.939999999999998,19.315,20.38,0.0,36.91
2018-04-19 06:00:56,33.63666666666666,17.145,16.545,30.275000000000002,31.534999999999997,0.0,28.45
2018-04-19 07:00:56,36.36666666666667,15.339999999999998,16.015,46.370000000000005,50.935,0.0,21.35
2018-04-19 08:00:56,49.72,27.165000000000003,17.080000000000002,74.33,98.65000000000002,0.0,18.87
2018-04-19 09:00:56,71.74666666666667,24.14,27.76,85.13,116.39999999999999,0.0,11.43
2018-04-19 10:00:56,91.73333333333333,28.935000000000002,14.25,51.47,64.835,0.0,31.57
2018-04-19 11:00:56,58.46666666666667,18.31,3.8049999999999997,32.07,38.745,0.0,33.36
2018-04-19 12:00:56,65.25666666666666,10.1,4.1450000000000005,29.535,35.845,0.0,32.89
2018-04-19 13:00:56,50.43000000000001,6.57,4.67,27.16,32.25,0.0,34.06
2018-04-19 14:00:56,44.04,4.51,6.06,26.794999999999998,31.349999999999998,0.0,34.63
2018-04-19 15:00:56,42.77,3.8200000000000003,7.175000000000001,26.425,31.044999999999998,0.0,35.18
2018-04-19 16:00:56,31.5,6.665,6.28,24.790000000000003,29.439999999999998,0.0,33.52
2018-04-19 17:00:56,42.266666666666666,6.175000000000001,5.414999999999999,24.064999999999998,28.334999999999997,0.0,33.44
2018-04-19 18:00:56,41.230000000000004,10.55,5.1,27.435000000000002,32.005,0.0,31.99
2018-04-19 19:00:56,36.72666666666667,11.82,7.115000000000001,38.21,42.415,0.0,29.43
2018-04-19 20:00:56,50.07333333333333,10.174999999999999,6.635000000000001,33.195,37.68,0.0,31.67
2018-04-19 21:00:56,78.27,17.45,8.315,26.98,31.24,0.0,30.7
2018-04-19 22:00:56,84.94666666666667,16.915000000000003,7.870000000000001,27.755,32.585,0.0,29.47
2018-04-19 23:00:56,66.98,16.015,8.36,33.68,39.085,0.0,26.92
2018-04-20 00:00:56,57.86333333333334,13.324999999999998,8.735,36.085,41.665,0.0,24.9
2018-04-20 01:00:56,52.406666666666666,13.745,7.385000000000001,23.45,26.27,0.0,28.75
2018-04-20 02:00:56,45.973333333333336,11.655,6.255,17.87,19.680000000000003,0.0,30.24
2018-04-20 03:00:56,35.46,10.875,5.5249999999999995,14.5,15.49,0.0,31.35
2018-04-20 04:00:56,34.89,8.37,4.935,11.54,12.61,0.0,31.79
2018-04-20 05:00:56,24.74666666666667,8.225000000000001,3.7999999999999994,14.11,16.605,0.0,26.27
2018-04-20 06:00:56,21.086666666666666,8.755,3.24,17.515,19.37,0.0,26.28
2018-04-20 07:00:56,25.593333333333334,6.385000000000001,4.31,35.165,41.345,0.0,20.28
2018-04-20 08:00:56,44.47,7.489999999999999,17.805,66.08500000000001,96.175,0.0,14.34
2018-04-20 09:00:56,51.06666666666666,17.14,15.715000000000002,57.129999999999995,75.52499999999999,0.0,15.53
2018-04-20 10:00:56,60.53333333333333,15.594999999999999,8.715,30.58,35.235,0.0,26.06
2018-04-20 11:00:56,55.84666666666667,19.8,5.05,28.86,39.005,0.0,29.86
2018-04-20 12:00:56,64.35000000000001,14.56,6.325,35.38,48.06999999999999,0.0,31.54
2018-04-20 13:00:56,46.48,12.410000000000002,4.065,19.569999999999997,23.62,0.0,34.29
2018-04-20 14:00:56,34.11,14.69,3.83,16.92,20.325000000000003,0.0,35.31
2018-04-20 15:00:56,32.35333333333333,7.955000000000001,4.025,20.87,24.215,0.0,33.45
2018-04-20 16:00:56,27.483333333333334,5.135000000000001,5.755,20.025000000000002,23.125,0.0,30.59
2018-04-20 17:00:56,43.096666666666664,3.615,6.914999999999999,26.53,30.024999999999995,0.0,28.11
2018-04-20 18:00:56,45.14333333333333,4.68,8.065,33.305,40.24,0.0,24.04
2018-04-20 19:00:56,32.596666666666664,9.255,6.055,38.28,46.52,0.0,22.11
2018-04-20 20:00:56,30.473333333333333,11.83,5.8999999999999995,52.97,65.38,0.0,17.69
2018-04-20 21:00:56,30.72,15.985,7.6049999999999995,60.51000000000001,76.08999999999999,0.0,16.49
2018-04-20 22:00:56,27.286666666666665,13.950000000000001,7.445,40.125,54.160000000000004,0.0,17.5
2018-04-20 23:00:56,25.593333333333334,10.47,6.755,30.26,36.315,0.0,23.79
2018-04-21 00:00:56,26.303333333333335,14.090000000000002,7.114999999999999,25.77,29.679999999999996,0.0,26.73
2018-04-21 01:00:56,26.776666666666667,11.385,6.984999999999999,29.564999999999998,33.735,0.0,28.1
2018-04-21 02:00:56,24.036666666666665,8.875,7.53,34.98,37.815,0.0,24.73
2018-04-21 03:00:56,25.51,12.660000000000002,9.375,17.835,18.965,0.0,30.31
2018-04-21 04:00:56,23.67,10.39,8.935,13.505,14.174999999999999,0.0,30.71
2018-04-21 05:00:56,23.186666666666667,12.045,8.14,12.43,13.060000000000002,0.0,30.76
2018-04-21 06:00:56,18.746666666666666,9.435,8.0,19.055,21.61,0.0,28.39
2018-04-21 07:00:56,16.55666666666667,8.59,8.425,25.900000000000002,29.645,0.0,26.14
2018-04-21 08:00:56,23.276666666666667,12.665,8.88,32.025,38.22,0.0,23.29
2018-04-21 09:00:56,29.813333333333333,16.555,9.85,46.19,57.445,0.0,19.46
2018-04-21 10:00:56,29.11,12.93,11.21,33.425000000000004,41.025,0.0,26.77
2018-04-21 11:00:56,34.29666666666667,11.729999999999999,9.69,25.700000000000003,30.445000000000004,0.0,29.02
2018-04-21 12:00:56,35.019999999999996,16.955,9.345,22.429999999999996,26.58,0.0,30.15
2018-04-21 13:00:56,35.85333333333333,12.525,8.385,27.48,34.2,0.0,29.37
2018-04-21 14:00:56,32.85,12.575000000000001,7.094999999999999,22.959999999999997,28.985,0.0,30.93
2018-04-21 15:00:56,34.78333333333333,13.020000000000001,7.98,27.73,35.254999999999995,0.0,29.56
2018-04-21 16:00:56,30.146666666666665,14.549999999999999,7.364999999999999,24.599999999999998,28.475000000000005,0.0,30.1
2018-04-21 17:00:56,25.766666666666666,10.69,9.81,32.525,40.245,0.0,27.6
2018-04-21 18:00:56,36.73,9.01,8.225,44.185,55.900000000000006,0.0,24.5
2018-04-21 19:00:56,33.5,10.785000000000002,10.17,46.645,56.675000000000004,0.0,24.49
2018-04-21 20:00:56,33.70666666666666,8.1,12.200000000000001,56.355,69.57,0.0,21.25
2018-04-21 21:00:56,34.14666666666666,18.505,14.405000000000001,63.645,76.515,0.0,19.64
2018-04-21 22:00:56,33.14333333333333,19.12,12.665000000000001,64.86,74.305,0.0,19.53
2018-04-21 23:00:56,35.696666666666665,13.12,11.089999999999998,70.745,80.36,0.0,16.87
2018-04-22 00:00:56,36.15,12.975000000000001,11.935,81.815,96.56,0.0,6.25
2018-04-22 01:00:56,47.93333333333334,15.395000000000001,11.735,73.03,95.19,0.0,3.27
2018-04-22 02:00:56,61.05,28.655,7.734999999999999,72.08,99.205,0.0,2.72
2018-04-22 03:00:56,64.95666666666666,34.35,11.87,52.6,57.715,0.0,6.8
2018-04-22 04:00:56,67.63666666666667,34.349999999999994,14.185000000000002,59.285,64.92,0.0,5.64
2018-04-22 05:00:56,64.84333333333333,40.855,9.805,42.035,44.775,0.0,9.66
2018-04-22 06:00:56,68.02,42.04,6.1049999999999995,43.97,46.965,0.0,7.48
2018-04-22 07:00:56,68.71333333333334,39.17,9.18,49.645,63.97,0.0,6.07
2018-04-22 08:00:56,64.05,49.705000000000005,32.875,44.544999999999995,56.669999999999995,0.0,10.06
2018-04-22 09:00:56,76.19333333333333,43.60999999999999,34.13,41.955,52.85,0.0,15.55
2018-04-22 10:00:56,65.14333333333333,43.35999999999999,15.405000000000001,23.67,28.575000000000003,0.0,27.04
2018-04-22 11:00:56,49.39,37.135,7.260000000000001,18.285,21.32,0.0,32.52
2018-04-22 12:00:56,34.3,25.459999999999997,7.150000000000001,20.665,25.275000000000002,0.0,33.1
2018-04-22 13:00:56,22.58,7.63,10.485,19.955,23.314999999999998,0.0,33.67
2018-04-22 14:00:56,23.46666666666667,10.49,8.755,20.43,24.395,0.0,33.54
2018-04-22 15:00:56,18.59,6.4750000000000005,7.02,17.01,19.445,0.0,34.78
2018-04-22 16:00:56,15.746666666666668,6.199999999999999,5.91,18.47,21.655,0.0,33.71
2018-04-22 17:00:56,19.936666666666667,4.29,4.7250000000000005,19.01,23.185000000000002,0.0,32.2
2018-04-22 18:00:56,21.923333333333332,4.05,4.4,21.545,26.23,0.0,30.36
2018-04-22 19:00:56,23.34,7.66,5.24,30.8,34.96,0.0,27.12
2018-04-22 20:00:56,32.36666666666667,6.085000000000001,31.51,55.27,61.10999999999999,0.0,17.07
2018-04-22 21:00:56,55.45666666666666,8.854999999999999,27.605,96.51499999999999,130.775,0.0,8.04
2018-04-22 22:00:56,61.49333333333334,24.310000000000002,18.045,95.73,119.22499999999998,0.0,5.59
2018-04-22 23:00:56,70.56333333333333,24.855,18.34,86.55499999999999,120.205,0.0,3.84
2018-04-23 00:00:56,79.81666666666666,27.065,25.67,89.75999999999999,122.05,0.0,3.61
2018-04-23 01:00:56,95.74333333333334,34.98,16.325,82.235,130.965,0.0,3.88
2018-04-23 02:00:56,89.23,39.715,49.55500000000001,77.91499999999999,113.62,0.0,2.61
2018-04-23 03:00:56,94.02666666666666,43.254999999999995,44.755,67.53500000000001,89.23500000000001,0.0,2.43
2018-04-23 04:00:56,81.9,32.47,29.215,47.285,51.865,0.0,7.65
2018-04-23 05:00:56,68.73,26.25,15.46,40.365,43.785000000000004,0.0,11.49
2018-04-23 06:00:56,58.03,19.28,11.299999999999999,63.919999999999995,80.495,0.0,3.69
2018-04-23 07:00:56,66.12666666666667,26.28,23.459999999999997,64.83,110.88,0.0,3.15
2018-04-23 08:00:56,89.76666666666667,43.074999999999996,62.11500000000001,67.435,119.815,0.0,3.74
2018-04-23 09:00:56,98.61333333333334,60.824999999999996,37.49,53.42499999999999,78.805,0.0,14.59
2018-04-23 10:00:56,83.91,40.49,14.905000000000001,27.565,31.400000000000002,0.0,27.23
2018-04-23 11:00:56,56.57,22.435000000000002,10.19,24.575,28.25,0.0,29.23
2018-04-23 12:00:56,45.413333333333334,13.895000000000001,9.6,25.735,30.429999999999996,0.0,33.56
2018-04-23 13:00:56,30.30333333333333,9.82,8.415000000000001,23.48,26.665000000000003,0.0,37.62
2018-04-23 14:00:56,27.473333333333333,6.335,5.03,17.645,20.06,0.0,38.37
2018-04-23 15:00:56,25.68333333333333,4.68,3.8800000000000003,17.485,20.15,0.0,35.35
2018-04-23 16:00:56,22.046666666666667,5.6499999999999995,4.065,16.665,19.21,0.0,35.52
2018-04-23 17:00:56,30.65,3.53,4.22,17.405,19.775000000000002,0.0,34.89
2018-04-23 18:00:56,28.093333333333334,3.76,12.06,33.845,36.935,0.0,31.99
2018-04-23 19:00:56,35.413333333333334,8.315,14.800000000000002,59.605,64.395,0.0,26.3
2018-04-23 20:00:56,43.71333333333333,8.75,9.995,39.27,44.580000000000005,0.0,27.77
2018-04-23 21:00:56,57.57666666666667,9.13,11.875,32.199999999999996,36.51499999999999,0.0,31.61
2018-04-23 22:00:56,55.29666666666667,12.015,11.670000000000002,47.205000000000005,54.07,0.0,25.13
2018-04-23 23:00:56,48.59,14.915,12.37,67.455,74.565,0.0,19.65
2018-04-24 00:00:56,48.81,11.950000000000001,11.549999999999999,80.295,88.32499999999999,0.0,13.76
2018-04-24 01:00:56,49.306666666666665,14.6,16.535,80.035,91.64999999999999,0.0,4.28
2018-04-24 02:00:56,66.15666666666667,20.330000000000002,24.745,62.525,70.91,0.0,5.18
2018-04-24 03:00:56,77.61,24.66,20.645,51.62,55.915,0.0,5.0
2018-04-24 04:00:56,68.21,23.76,12.655000000000001,50.79,57.31999999999999,0.0,4.61
2018-04-24 05:00:56,57.94,26.429999999999996,14.765,51.78,54.665,0.0,5.44
2018-04-24 06:00:56,65.87666666666667,26.355,18.12,43.655,48.77,0.0,13.34
2018-04-24 07:00:56,68.85,30.755,17.705,53.04999999999999,68.085,0.0,10.82
2018-04-24 08:00:56,69.39666666666666,33.48,72.42,70.375,111.175,0.0,5.2
2018-04-24 09:00:56,97.36,31.48,69.58999999999999,77.44,104.04,0.0,9.05
2018-04-24 10:00:56,104.31,40.400000000000006,47.04,69.77,86.685,0.0,16.31
2018-04-24 11:00:56,97.82,37.29,20.705,40.965,47.165,0.0,25.55
2018-04-24 12:00:56,76.58,28.695000000000004,10.835,26.560000000000002,30.59,0.0,34.03
2018-04-24 13:00:56,52.97,15.81,8.135,20.94,23.705,0.0,39.37
2018-04-24 14:00:56,40.71333333333333,8.665,8.950000000000001,21.86,24.61,0.0,41.62
2018-04-24 15:00:56,31.35333333333333,6.18,7.224999999999999,27.595,32.81,0.0,40.0
2018-04-24 16:00:56,30.14,6.38,6.485,26.735,31.595,0.0,38.76
2018-04-24 17:00:56,28.71666666666667,6.724999999999999,6.055,54.37,66.975,0.0,28.55
2018-04-24 18:00:56,33.51,6.789999999999999,5.1499999999999995,46.785,58.595,0.0,30.93
2018-04-24 19:00:56,35.236666666666665,7.38,4.859999999999999,56.645,69.78,0.0,26.42
2018-04-24 20:00:56,33.31,5.945,5.97,49.055,54.415,0.0,29.91
2018-04-24 21:00:56,47.74333333333333,11.9,8.695,41.71,45.465,0.0,33.07
2018-04-24 22:00:56,52.35,12.104999999999999,14.075000000000001,54.754999999999995,61.475,0.0,26.57
2018-04-24 23:00:56,55.19,12.935,23.48,63.26500000000001,71.02499999999999,0.0,21.77
2018-04-25 00:00:56,54.43666666666667,12.57,24.01,50.0,54.785,0.0,27.78
2018-04-25 01:00:56,48.28,9.55,31.790000000000003,59.25,64.87,0.0,13.89
2018-04-25 02:00:56,49.34,17.54,36.59,62.324999999999996,68.74000000000001,0.0,9.64
2018-04-25 03:00:56,63.74,18.255,35.96,61.044999999999995,63.405,0.0,9.92
2018-04-25 04:00:56,64.68,24.36,30.52,58.43000000000001,61.879999999999995,0.0,8.44
2018-04-25 05:00:56,72.25333333333333,26.215,19.245,46.915,50.375,0.0,8.25
2018-04-25 06:00:56,69.40666666666667,34.695,17.17,56.245000000000005,64.375,0.0,3.68
2018-04-25 07:00:56,66.79666666666667,35.86,33.035000000000004,50.305,62.085,0.0,6.24
2018-04-25 08:00:56,73.79333333333334,36.535,48.449999999999996,59.525,77.94500000000001,0.0,9.56
2018-04-25 09:00:56,90.38333333333333,23.929999999999996,43.65,69.86,91.52,0.0,12.96
2018-04-25 10:00:56,100.22333333333333,28.515,33.26,54.745000000000005,64.205,0.0,23.17
2018-04-25 11:00:56,76.71333333333334,22.755,20.705,39.339999999999996,44.46,0.0,28.74
2018-04-25 12:00:56,85.39333333333333,20.31,10.299999999999999,31.635,35.335,0.0,36.39
2018-04-25 13:00:56,54.833333333333336,11.475,5.919999999999999,25.575,30.525000000000002,0.0,37.8
2018-04-25 14:00:56,33.39666666666667,7.0,5.765,32.15,39.755,0.0,34.11
2018-04-25 15:00:56,27.913333333333334,5.245,6.53,23.16,26.985,0.0,38.81
2018-04-25 16:00:56,26.253333333333334,9.635,8.25,21.84,25.194999999999997,0.0,40.01
2018-04-25 17:00:56,28.630000000000003,5.5,7.245,27.929999999999996,32.535,0.0,37.95
2018-04-25 18:00:56,25.58,4.915,7.260000000000001,32.985,38.5,0.0,36.13
2018-04-25 19:00:56,35.56333333333333,7.55,5.645,37.205000000000005,42.405,0.0,32.91
2018-04-25 20:00:56,43.09,10.04,6.085,32.655,37.36,0.0,34.72
2018-04-25 21:00:56,68.78,11.469999999999999,6.345,24.905,28.695000000000004,0.0,35.79
2018-04-25 22:00:56,74.86,8.92,4.995,22.545,25.790000000000003,0.0,37.21
2018-04-25 23:00:56,52.41333333333333,10.385,8.39,23.675,26.64,0.0,37.24
2018-04-26 00:00:56,47.373333333333335,13.93,7.755,35.495000000000005,40.325,0.0,28.07
2018-04-26 01:00:56,38.36333333333334,13.424999999999999,6.614999999999999,34.91,39.339999999999996,0.0,31.25
2018-04-26 02:00:56,33.32,9.425,6.885000000000001,29.090000000000003,30.735,0.0,34.07
2018-04-26 03:00:56,22.663333333333334,10.5,16.265,35.48500000000001,37.075,0.0,31.77
2018-04-26 04:00:56,32.193333333333335,16.005,41.83,28.88,29.595,0.0,23.53
2018-04-26 05:00:56,56.00333333333333,19.295,51.555,46.995000000000005,49.275000000000006,0.0,14.64
2018-04-26 06:00:56,63.903333333333336,20.975,39.355,44.535,48.550000000000004,0.0,13.28
2018-04-26 07:00:56,67.76666666666667,24.255000000000006,50.715,54.29,70.42,0.0,8.5
2018-04-26 08:00:56,75.06666666666666,39.225,39.68,55.074999999999996,72.14999999999999,0.0,14.29
2018-04-26 09:00:56,79.10333333333334,29.92,30.659999999999997,67.22,83.855,0.0,14.87
2018-04-26 10:00:56,73.88666666666667,19.39,14.93,30.125,35.095,0.0,27.1
2018-04-26 11:00:56,55.766666666666666,12.435,7.78,20.52,23.02,0.0,33.62
2018-04-26 12:00:56,41.09,7.455000000000001,4.045,24.655,27.52,0.0,35.09
2018-04-26 13:00:56,46.12,4.705,6.359999999999999,29.795,37.095,0.0,31.03
2018-04-26 14:00:56,34.2,3.5050000000000003,3.69,34.295,41.580000000000005,0.0,31.23
2018-04-26 15:00:56,32.20333333333333,3.48,3.525,38.275,47.68,0.0,30.95
2018-04-26 16:00:56,26.630000000000003,3.815,3.5700000000000003,34.8,43.45000000000001,0.0,31.72
2018-04-26 17:00:56,28.64,8.79,3.4949999999999997,35.199999999999996,42.875,0.0,33.67
2018-04-26 18:00:56,31.236666666666668,4.805,3.365,46.025000000000006,54.949999999999996,0.0,32.1
2018-04-26 19:00:56,33.29333333333334,4.545000000000001,3.3100000000000005,35.949999999999996,41.495000000000005,0.0,36.22
2018-04-26 20:00:56,42.11,3.955,5.385000000000001,29.455,33.355,0.0,36.32
2018-04-26 21:00:56,59.553333333333335,9.695,4.76,29.400000000000002,32.72,0.0,36.62
2018-04-26 22:00:56,54.57,10.525,4.44,30.48,35.675000000000004,0.0,33.92
2018-04-26 23:00:56,46.4,5.699999999999999,9.11,44.6,50.105,0.0,30.56
2018-04-27 00:00:56,43.2,5.38,16.209999999999997,65.065,72.485,0.0,19.68
2018-04-27 01:00:56,46.70666666666666,10.96,30.135,43.495000000000005,45.565,0.0,24.72
2018-04-27 02:00:56,45.17,13.515,55.76499999999999,51.41,53.375,0.0,19.82
2018-04-27 03:00:56,49.81,20.385,28.015,52.445,55.71,0.0,12.72
2018-04-27 04:00:56,54.3,23.765,29.955,58.26499999999999,61.28,0.0,9.4
2018-04-27 05:00:56,61.78333333333333,20.495,34.08,49.955000000000005,53.63,0.0,10.28
2018-04-27 06:00:56,66.36,18.584999999999997,30.81,48.65,52.38,0.0,12.14
2018-04-27 07:00:56,63.406666666666666,22.75,33.435,65.675,88.32,0.0,6.88
2018-04-27 08:00:56,75.68666666666667,35.395,93.46,81.915,128.915,0.0,4.83
2018-04-27 09:00:56,118.08333333333333,48.395,43.870000000000005,64.41,84.185,0.0,14.76
2018-04-27 10:00:56,107.50666666666666,35.835,16.395,37.235,43.169999999999995,0.0,23.21
2018-04-27 11:00:56,68.64666666666668,21.06,8.865,23.290000000000003,26.675,0.0,33.6
2018-04-27 12:00:56,50.00333333333333,12.485,5.984999999999999,25.295,28.709999999999997,0.0,34.28
2018-04-27 13:00:56,39.40333333333333,8.11,6.105,27.224999999999998,31.26,0.0,34.96
2018-04-27 14:00:56,48.83,5.640000000000001,5.575,28.540000000000003,32.419999999999995,0.0,37.01
2018-04-27 15:00:56,49.46666666666667,4.185,4.765,30.87,36.495000000000005,0.0,35.31
2018-04-27 16:00:56,28.626666666666665,4.795,4.295,29.485,34.985,0.0,35.21
2018-04-27 17:00:56,35.95333333333333,3.065,4.06,27.745,32.379999999999995,0.0,36.87
2018-04-27 18:00:56,47.22,4.03,4.14,28.975000000000005,33.86,0.0,37.01
2018-04-27 19:00:56,53.733333333333334,3.08,4.16,27.83,31.28,0.0,38.41
2018-04-27 20:00:56,59.63333333333333,4.91,4.225,34.615,39.06,0.0,36.24
2018-04-27 21:00:56,54.099999999999994,15.65,4.525,45.705000000000005,52.080000000000005,0.0,31.44
2018-04-27 22:00:56,53.27,10.325000000000001,5.734999999999999,41.97,47.495000000000005,0.0,28.22
2018-04-27 23:00:56,45.803333333333335,9.525,9.025,36.665,41.620000000000005,0.0,31.1
2018-04-28 00:00:56,33.44666666666667,11.775,14.71,59.02,64.455,0.0,22.64
2018-04-28 01:00:56,45.629999999999995,15.74,28.05,80.275,90.69,0.0,10.43
2018-04-28 02:00:56,62.74666666666667,25.12,33.21,62.92499999999999,67.47500000000001,0.0,22.09
2018-04-28 03:00:56,56.593333333333334,18.985,32.905,55.330000000000005,57.01500000000001,0.0,20.8
2018-04-28 04:00:56,49.053333333333335,29.599999999999998,53.32500000000001,57.71,60.215,0.0,12.35
2018-04-28 05:00:56,54.29333333333333,23.375,56.505,40.975,42.015,0.0,13.83
2018-04-28 06:00:56,73.48333333333333,32.85,63.544999999999995,39.76,42.120000000000005,0.0,16.08
2018-04-28 07:00:56,85.79666666666667,35.025,118.685,67.09,85.85000000000001,0.0,8.3
2018-04-28 08:00:56,109.22333333333333,49.28,97.99000000000001,71.19999999999999,89.71,0.0,9.73
2018-04-28 09:00:56,113.91,47.745000000000005,47.225,77.72,97.40500000000002,0.0,11.56
2018-04-28 10:00:56,106.2,41.165,26.48,53.550000000000004,63.76,0.0,27.54
2018-04-28 11:00:56,78.88333333333334,28.0,5.140000000000001,34.04,42.385000000000005,0.0,33.63
2018-04-28 12:00:56,44.31666666666666,14.585,4.705,29.595,37.345,0.0,35.44
2018-04-28 13:00:56,42.04333333333333,8.115,4.760000000000001,24.88,30.685000000000002,0.0,36.59
2018-04-28 14:00:56,32.083333333333336,5.45,4.58,25.53,31.015,0.0,36.72
2018-04-28 15:00:56,31.516666666666666,3.8699999999999997,4.68,22.810000000000002,27.77,0.0,37.95
2018-04-28 16:00:56,46.576666666666675,3.06,4.635,20.12,24.12,0.0,38.24
2018-04-28 17:00:56,57.18,3.31,4.295,7.239999999999999,7.974999999999999,0.0,39.27
2018-04-28 18:00:56,54.74,7.84,4.58,26.375,31.885,0.0,37.41
2018-04-28 19:00:56,69.05666666666667,9.104999999999999,5.19,25.99,31.175,0.0,36.99
2018-04-28 20:00:56,78.69666666666667,13.699999999999998,7.29,29.095,33.76,0.0,34.0
2018-04-28 21:00:56,68.91333333333333,12.74,11.205,27.995,33.285,0.0,30.25
2018-04-28 22:00:56,51.45,8.725,11.410000000000002,31.435000000000002,37.94,0.0,27.96
2018-04-28 23:00:56,45.5,9.69,9.505,36.98,47.03,0.0,26.67
2018-04-29 00:00:56,41.29666666666667,7.390000000000001,7.844999999999999,26.77,30.274999999999995,0.0,30.64
2018-04-29 01:00:56,36.95666666666666,10.455,9.74,27.91,31.275000000000002,0.0,32.82
2018-04-29 02:00:56,39.026666666666664,5.9049999999999985,21.064999999999998,33.695,36.574999999999996,0.0,31.14
2018-04-29 03:00:56,42.13,5.565,17.245,43.41,45.965,0.0,17.71
2018-04-29 04:00:56,53.593333333333334,11.0,27.459999999999997,44.04,45.74,0.0,17.36
2018-04-29 05:00:56,64.35333333333334,17.745,42.805,41.544999999999995,43.794999999999995,0.0,15.78
2018-04-29 06:00:56,79.59333333333333,29.14,31.150000000000002,40.35,41.69,0.0,15.35
2018-04-29 07:00:56,81.43666666666667,36.61,40.71,42.835,48.845,0.0,11.35
2018-04-29 08:00:56,81.52,42.655,56.5,38.699999999999996,45.23,0.0,18.5
2018-04-29 09:00:56,80.09,37.38,44.345,37.475,42.485,0.0,24.46
2018-04-29 10:00:56,73.94666666666666,33.065,40.36,40.065,46.095,0.0,26.71
2018-04-29 11:00:56,64.61333333333333,18.98,28.87,37.745000000000005,42.49,0.0,28.77
2018-04-29 12:00:56,54.61333333333334,17.72,8.015,31.065,38.0,0.0,34.54
2018-04-29 13:00:56,39.416666666666664,10.615,4.015,25.31,30.709999999999997,0.0,35.64
2018-04-29 14:00:56,29.83,5.8999999999999995,3.4,31.435000000000002,39.555,0.0,33.54
2018-04-29 15:00:56,23.759999999999998,3.9949999999999997,3.19,31.14,39.295,0.0,34.91
2018-04-29 16:00:56,24.80666666666667,7.284999999999999,3.0150000000000006,31.365,38.760000000000005,0.0,35.33
2018-04-29 17:00:56,22.336666666666666,4.835,2.705,24.09,28.78,0.0,38.39
2018-04-29 18:00:56,24.873333333333335,3.865,3.3200000000000003,24.17,28.73,0.0,36.33
2018-04-29 19:00:56,37.32333333333333,6.165,3.91,29.005,35.33,0.0,33.96
2018-04-29 20:00:56,49.11,6.175,4.32,30.115,35.925,0.0,32.71
2018-04-29 21:00:56,55.77333333333333,6.055,4.26,24.474999999999998,28.435,0.0,34.86
2018-04-29 22:00:56,56.95,8.36,3.69,26.429999999999996,31.515,0.0,34.29
2018-04-29 23:00:56,45.153333333333336,6.830000000000001,3.065,40.105,46.824999999999996,0.0,28.54
2018-04-30 00:00:56,36.86,7.41,2.8900000000000006,34.25,40.67,0.0,28.49
2018-04-30 01:00:56,33.2,6.609999999999999,8.87,41.185,45.995000000000005,0.0,24.93
2018-04-30 02:00:56,37.03666666666667,7.289999999999999,28.319999999999997,43.715,46.715,0.0,17.6
2018-04-30 03:00:56,47.71666666666667,13.245,50.655,41.475,42.98499999999999,0.0,19.51
2018-04-30 04:00:56,50.70333333333333,17.91,39.82,42.36,44.82500000000001,0.0,10.68
2018-04-30 05:00:56,63.17333333333333,21.23,41.835,41.465,43.419999999999995,0.0,11.9
2018-04-30 06:00:56,68.41666666666667,27.795,44.96,57.43,61.845,0.0,6.93
2018-04-30 07:00:56,87.78,37.83,48.535,67.54,97.02500000000002,0.0,5.26
2018-04-30 08:00:56,90.54666666666667,41.185,68.8,66.045,96.49,0.0,6.9
2018-04-30 09:00:56,103.04333333333334,43.60999999999999,33.415,71.115,94.335,0.0,14.89
2018-04-30 10:00:56,86.07000000000001,36.43,15.94,46.455000000000005,53.68,0.0,27.57
2018-04-30 11:00:56,63.650000000000006,20.445,9.82,47.004999999999995,53.15,0.0,26.88
2018-04-30 12:00:56,51.95333333333333,12.505,16.495,37.955,42.955000000000005,0.0,31.69
2018-04-30 13:00:56,52.18666666666667,8.19,14.87,33.18,37.085,0.0,35.35
2018-04-30 14:00:56,55.82,4.88,7.814999999999999,27.98,32.595,0.0,36.04
2018-04-30 15:00:56,45.47666666666666,3.565,3.6500000000000004,29.535,37.35,0.0,34.06
2018-04-30 16:00:56,20.046666666666667,5.055,3.06,36.435,46.655,0.0,31.18
2018-04-30 17:00:56,20.03666666666667,2.9,2.625,35.93,46.29,0.0,31.19
2018-04-30 18:00:56,25.683333333333334,2.36,2.535,39.885,48.46,0.0,31.73
2018-04-30 19:00:56,29.796666666666667,2.055,2.875,35.53,41.82,0.0,34.12
2018-04-30 20:00:56,52.77,3.9200000000000004,3.91,32.695,38.315,0.0,34.88
2018-04-30 21:00:56,74.59666666666666,5.12,3.6799999999999997,28.67,33.945,0.0,36.52
2018-04-30 22:00:56,58.76,13.375,6.574999999999999,28.58,31.090000000000003,0.0,36.01
2018-04-30 23:00:56,52.123333333333335,7.215,3.9800000000000004,36.095,40.005,0.0,31.24
2018-05-01 00:00:56,39.71666666666667,7.1549999999999985,75.35,53.79,58.41,0.0,29.46
2018-05-01 01:00:56,43.333333333333336,13.549999999999999,60.31,55.395,58.94,0.0,18.59
2018-05-01 02:00:56,50.916666666666664,13.31,64.895,57.76499999999999,62.419999999999995,0.0,12.46
2018-05-01 03:00:56,62.42333333333333,22.24,78.48,59.625,69.28,0.0,9.54
2018-05-01 04:00:56,74.98,27.995,111.315,45.135,46.94,0.0,16.46
2018-05-01 05:00:56,80.82666666666667,26.135,107.125,54.800000000000004,56.885,0.0,14.58
2018-05-01 06:00:56,88.71666666666667,25.709999999999997,78.58,54.85,58.29,0.0,10.42
2018-05-01 07:00:56,82.28999999999999,31.395,124.81,59.955000000000005,74.94999999999999,0.0,7.03
2018-05-01 08:00:56,107.77333333333334,38.125,124.125,73.925,105.16000000000001,0.0,7.07
2018-05-01 09:00:56,113.17666666666666,41.5,123.52499999999999,76.13499999999999,99.15000000000002,0.0,9.78
2018-05-01 10:00:56,107.9,41.505,49.35,43.080000000000005,49.35999999999999,0.0,25.03
2018-05-01 11:00:56,76.63333333333334,22.13,18.44,25.899999999999995,29.005,0.0,31.7
2018-05-01 12:00:56,51.11666666666667,12.265,10.43,17.58,19.675,0.0,37.09
2018-05-01 13:00:56,29.57,7.1000000000000005,4.785,13.13,14.905,0.0,40.13
2018-05-01 14:00:56,19.05333333333333,4.6000000000000005,7.52,15.38,17.705,0.0,39.44
2018-05-01 15:00:56,14.473333333333333,2.4250000000000003,7.63,27.959999999999997,33.395,0.0,36.52
2018-05-01 16:00:56,19.586666666666666,1.735,8.35,40.3,46.79,0.0,30.65
2018-05-01 17:00:56,32.03,2.7999999999999994,12.435,50.10999999999999,61.379999999999995,0.0,24.21
2018-05-01 18:00:56,39.06,13.449999999999998,12.24,37.785,47.465,0.0,27.39
2018-05-01 19:00:56,55.51333333333333,7.25,10.995,42.33,48.19,0.0,31.9
2018-05-01 20:00:56,41.623333333333335,5.614999999999999,9.865,85.50999999999999,104.46999999999998,0.0,13.83
2018-05-01 21:00:56,36.49,10.595,10.595,64.645,88.53000000000002,0.0,17.95
2018-05-01 22:00:56,33.74333333333333,6.025000000000001,10.515,52.62,60.214999999999996,0.0,19.27
2018-05-01 23:00:56,43.04666666666667,7.305,9.9,84.44,104.53500000000001,0.0,9.0
2018-05-02 00:00:56,57.17666666666667,14.435,9.315,77.735,87.735,0.0,8.46
2018-05-02 01:00:56,62.95,18.51,8.955,56.29,63.98500000000001,0.0,16.92
2018-05-02 02:00:56,59.93,13.4,8.815,46.03,49.01500000000001,0.0,16.63
2018-05-02 03:00:56,58.906666666666666,16.49,15.51,39.78,42.169999999999995,0.0,13.7
2018-05-02 04:00:56,64.06,13.89,17.959999999999997,39.435,42.395,0.0,15.05
2018-05-02 05:00:56,62.34,15.145000000000001,13.85,46.949999999999996,48.54,0.0,9.9
2018-05-02 06:00:56,63.92,22.965,11.299999999999999,53.99,60.565,0.0,5.17
2018-05-02 07:00:56,80.3,36.635,11.01,37.335,46.1,0.0,9.07
2018-05-02 08:00:56,78.85000000000001,28.105,15.950000000000001,49.49,73.67,0.0,9.31
2018-05-02 09:00:56,82.7,23.284999999999997,31.314999999999998,61.225,86.605,0.0,7.86
2018-05-02 10:00:56,103.99666666666667,30.06,41.86,45.165,56.495,0.0,20.11
2018-05-02 11:00:56,83.09,26.59,19.165,19.51,22.485,0.0,35.41
2018-05-02 12:00:56,42.77,18.24,11.485,21.545,25.545,0.0,37.07
2018-05-02 13:00:56,24.99,15.79,8.24,20.8,24.365,0.0,41.85
2018-05-02 14:00:56,19.223333333333333,9.13,7.669999999999999,19.395,21.785,0.0,42.82
2018-05-02 15:00:56,19.796666666666667,4.955,7.23,30.845,36.5,0.0,38.39
2018-05-02 16:00:56,20.68333333333333,5.305,5.855,23.599999999999998,26.705,0.0,41.06
2018-05-02 17:00:56,35.69,11.530000000000001,9.315,51.725,63.805,0.0,25.98
2018-05-02 18:00:56,35.696666666666665,8.435,13.895000000000001,38.6,42.095,0.0,35.31
2018-05-02 19:00:56,40.28,18.305,8.29,70.07499999999999,82.335,0.0,23.78
2018-05-02 20:00:56,42.11333333333333,21.855,8.045,61.1,69.355,0.0,27.57
2018-05-02 21:00:56,42.70333333333333,18.565,9.979999999999999,62.025,73.045,0.0,19.29
2018-05-02 22:00:56,56.18,16.53,12.055,42.84,48.875,0.0,29.07
2018-05-02 23:00:56,49.32666666666667,13.86,10.975,32.465,35.910000000000004,0.0,30.28
2018-05-03 00:00:56,34.70666666666666,13.435,9.700000000000001,35.215,38.58,0.0,30.33
2018-05-03 01:00:56,25.96666666666667,14.799999999999999,7.919999999999999,38.79,43.629999999999995,0.0,26.73
2018-05-03 02:00:56,33.39,17.84,7.59,31.795,34.685,0.0,21.87
2018-05-03 03:00:56,43.71666666666667,22.060000000000002,7.6499999999999995,24.070000000000004,25.575000000000003,0.0,27.1
2018-05-03 04:00:56,36.99333333333333,25.125,9.305,33.74,35.23,0.0,23.78
2018-05-03 05:00:56,47.196666666666665,34.71,26.855,42.215,44.120000000000005,0.0,12.63
2018-05-03 06:00:56,76.56,45.595,14.385,35.375,39.405,0.0,12.9
2018-05-03 07:00:56,63.330000000000005,44.84,11.530000000000001,41.995000000000005,54.59,0.0,13.01
2018-05-03 08:00:56,66.88666666666667,34.89,40.545,68.705,124.03000000000002,0.0,3.69
2018-05-03 09:00:56,96.65333333333334,58.205000000000005,76.25,81.0,125.235,0.0,8.2
2018-05-03 10:00:56,117.77333333333334,59.47,43.26500000000001,61.365,75.065,0.0,19.37
2018-05-03 11:00:56,86.57666666666667,52.5,25.355,34.53,39.16,0.0,33.87
2018-05-03 12:00:56,57.126666666666665,37.78,15.945,31.570000000000004,35.870000000000005,0.0,36.5
2018-05-03 13:00:56,42.696666666666665,22.755,14.670000000000002,20.05,22.92,0.0,45.98
2018-05-03 14:00:56,42.13333333333333,13.964999999999998,11.26,17.849999999999998,20.32,0.0,45.47
2018-05-03 15:00:56,36.3,8.545,8.315,17.075000000000003,19.53,0.0,42.33
2018-05-03 16:00:56,21.356666666666666,5.89,7.114999999999999,21.645,24.560000000000002,0.0,40.73
2018-05-03 17:00:56,24.33,6.43,7.015000000000001,20.724999999999998,22.865,0.0,42.15
2018-05-03 18:00:56,27.10666666666667,7.2250000000000005,6.055,27.600000000000005,32.095,0.0,39.26
2018-05-03 19:00:56,27.25333333333333,9.645000000000001,5.98,43.955000000000005,51.254999999999995,0.0,33.08
2018-05-03 20:00:56,35.376666666666665,8.405000000000001,6.449999999999999,62.93000000000001,65.92,0.0,29.81
2018-05-03 21:00:56,50.370000000000005,9.92,12.485,92.92,118.45,0.0,8.54
2018-05-03 22:00:56,89.25999999999999,15.6,37.255,104.66000000000001,140.76,0.0,3.0
2018-05-03 23:00:56,105.65666666666667,24.23,31.075,79.15,97.88,0.0,12.72
2018-05-04 00:00:56,85.48333333333333,23.895,29.099999999999998,70.365,82.19500000000001,0.0,5.9
2018-05-04 01:00:56,86.95,39.43,23.885,73.695,87.565,0.0,7.83
2018-05-04 02:00:56,95.29333333333334,37.36,48.595,53.06,56.65,0.0,12.22
2018-05-04 03:00:56,85.72666666666667,40.01499999999999,34.74,47.51,50.205000000000005,0.0,13.06
2018-05-04 04:00:56,79.00333333333333,40.355,38.565,49.35,51.48499999999999,0.0,10.74
2018-05-04 05:00:56,80.37,46.095,25.650000000000002,46.625,51.75,0.0,10.32
2018-05-04 06:00:56,69.14666666666666,43.48499999999999,15.344999999999999,48.415,55.305,0.0,6.42
2018-05-04 07:00:56,78.58333333333333,57.06999999999999,23.965,54.56,72.96,0.0,5.43
2018-05-04 08:00:56,97.31,69.155,100.705,65.75,96.575,0.0,7.06
2018-05-04 09:00:56,123.97,75.835,79.52499999999999,72.575,98.66000000000001,0.0,10.18
2018-05-04 10:00:56,126.39,65.83,47.77,56.29,68.22,0.0,22.7
2018-05-04 11:00:56,95.64333333333333,45.585,25.13,29.83,33.699999999999996,0.0,38.74
2018-05-04 12:00:56,68.88,29.795,12.71,16.835,18.855,0.0,44.93
2018-05-04 13:00:56,47.61,17.565,9.3,22.554999999999996,25.36,0.0,44.01
2018-05-04 14:00:56,42.13333333333333,12.204999999999998,8.75,27.0,31.16,0.0,43.45
2018-05-04 15:00:56,35.13,8.854999999999999,7.84,27.31,30.915000000000003,0.0,44.31
2018-05-04 16:00:56,33.07,8.96,7.564999999999999,31.975000000000005,37.54,0.0,39.89
2018-05-04 17:00:56,52.29666666666666,10.605,6.0,36.92,43.99000000000001,0.0,37.49
2018-05-04 18:00:56,52.18333333333334,21.175,5.245,28.635,32.295,0.0,42.89
2018-05-04 19:00:56,55.96333333333334,8.91,6.03,28.100000000000005,32.24,0.0,40.51
2018-05-04 20:00:56,57.46333333333333,23.955000000000002,6.8549999999999995,35.065,39.735,0.0,38.63
2018-05-04 21:00:56,51.75,16.25,8.049999999999999,56.195,66.305,0.0,28.51
2018-05-04 22:00:56,51.983333333333334,19.89,11.344999999999999,66.69,77.07,0.0,19.55
2018-05-04 23:00:56,52.49,21.334999999999997,11.674999999999999,66.99,78.925,0.0,14.17
2018-05-05 00:00:56,52.11,24.095,22.095,79.155,96.02,0.0,7.14
2018-05-05 01:00:56,67.75333333333333,27.735,25.24,74.16000000000001,103.24000000000001,0.0,2.49
2018-05-05 02:00:56,73.35333333333334,35.825,25.845,65.79,82.42,0.0,2.72
2018-05-05 03:00:56,76.85666666666667,36.46,29.349999999999998,59.54,67.16,0.0,4.1
2018-05-05 04:00:56,73.75666666666667,44.96,30.924999999999997,55.99,60.830000000000005,0.0,4.16
2018-05-05 05:00:56,68.04666666666667,34.265,34.085,34.86,36.155,0.0,19.41
2018-05-05 06:00:56,64.13666666666666,24.715,25.31,31.439999999999998,34.865,0.0,20.75
2018-05-05 07:00:56,58.74666666666667,23.17,32.4,50.35999999999999,64.06,0.0,11.07
2018-05-05 08:00:56,71.9,29.180000000000003,57.395,66.025,102.33999999999999,0.0,8.01
2018-05-05 09:00:56,78.20666666666666,40.63,33.935,50.129999999999995,64.07,0.0,19.56
2018-05-05 10:00:56,66.38,29.12,23.070000000000004,54.794999999999995,67.19,0.0,25.09
2018-05-05 11:00:56,68.78666666666668,21.55,31.23,51.324999999999996,58.14000000000001,0.0,25.47
2018-05-05 12:00:56,79.34333333333333,16.445,19.59,51.93,63.48,0.0,27.94
2018-05-05 13:00:56,56.95,9.315,7.45,38.285,48.995000000000005,0.0,36.17
2018-05-05 14:00:56,29.473333333333333,5.36,5.66,41.34,53.23,0.0,34.06
2018-05-05 15:00:56,24.226666666666667,4.035,5.36,30.349999999999998,37.82,0.0,41.21
2018-05-05 16:00:56,29.626666666666665,4.19,4.985,29.974999999999998,35.43,0.0,40.42
2018-05-05 17:00:56,27.88,6.704999999999999,5.075,47.044999999999995,59.04,0.0,32.02
2018-05-05 18:00:56,46.233333333333334,6.25,6.919999999999999,40.385,50.410000000000004,0.0,32.1
2018-05-05 19:00:56,89.99666666666667,20.315,8.405000000000001,56.63,71.765,0.0,20.2
2018-05-05 20:00:56,68.58333333333334,16.075,7.390000000000001,52.305,65.22500000000001,0.0,18.23
2018-05-05 21:00:56,53.75,16.235,6.825,60.43,79.96,0.0,14.71
2018-05-05 22:00:56,40.63,14.925000000000002,6.050000000000001,38.445,42.12,0.0,23.23
2018-05-05 23:00:56,42.653333333333336,20.92,5.41,49.93,57.615,0.0,17.96
2018-05-06 00:00:56,48.18666666666667,19.89,5.46,63.06,77.36500000000001,0.0,13.78
2018-05-06 01:00:56,39.31,17.09,5.805,32.795,37.89,0.0,20.2
2018-05-06 02:00:56,27.663333333333334,10.075000000000001,5.56,28.274999999999995,30.89,0.0,22.05
2018-05-06 03:00:56,35.123333333333335,12.704999999999998,5.535,37.13,40.449999999999996,0.0,14.14
2018-05-06 04:00:56,50.11333333333333,17.384999999999998,5.34,27.705,29.724999999999998,0.0,17.64
2018-05-06 05:00:56,50.10999999999999,19.400000000000002,5.065,22.675,24.495,0.0,19.9
2018-05-06 06:00:56,58.14333333333334,20.035,4.575,26.42,30.045,0.0,13.64
2018-05-06 07:00:56,54.77333333333333,30.67,4.555,23.005,27.2,0.0,16.78
2018-05-06 08:00:56,55.57,34.65,4.815,35.81,45.76,0.0,10.79
2018-05-06 09:00:56,58.89,34.235,4.77,33.19,41.19,0.0,16.2
2018-05-06 10:00:56,52.28666666666666,34.074999999999996,7.555,34.065,45.97,0.0,17.11
2018-05-06 11:00:56,43.86333333333334,26.400000000000002,11.175000000000002,24.584999999999997,28.224999999999998,0.0,25.97
2018-05-06 12:00:56,41.46666666666667,27.115,9.4,52.77,85.045,0.0,9.86
2018-05-06 13:00:56,39.303333333333335,13.125,9.855,36.015,51.535,0.0,16.47
2018-05-06 14:00:56,28.056666666666665,17.005,9.540000000000001,27.45,36.1,0.0,21.3
2018-05-06 15:00:56,22.483333333333334,9.27,9.475,39.665,55.525000000000006,0.0,18.79
2018-05-06 16:00:56,20.486666666666668,5.535,13.495,40.545,52.145,0.0,25.32
2018-05-06 17:00:56,28.673333333333332,4.29,10.01,33.3,42.225,0.0,26.17
2018-05-06 18:00:56,29.32333333333333,4.785,8.76,43.85,59.105,0.0,21.43
2018-05-06 19:00:56,48.07333333333333,11.195,9.125,40.53,52.68,0.0,32.83
2018-05-06 20:00:56,66.73333333333333,9.8,6.43,66.13,82.22,0.0,23.0
2018-05-06 21:00:56,41.72333333333333,10.03,5.510000000000001,53.41,62.52,0.0,30.91
2018-05-06 22:00:56,26.2,7.065,5.1,58.895,75.815,0.0,20.72
2018-05-06 23:00:56,21.203333333333333,5.745,5.03,75.22500000000001,86.74000000000001,0.0,14.6
2018-05-07 00:00:56,24.676666666666666,5.719999999999999,4.76,59.51499999999999,65.33999999999999,0.0,21.31
2018-05-07 01:00:56,33.766666666666666,15.145000000000001,5.165,52.955000000000005,59.785,0.0,24.16
2018-05-07 02:00:56,37.71333333333333,22.689999999999998,5.105,43.495000000000005,45.63,0.0,23.65
2018-05-07 03:00:56,34.416666666666664,20.505,4.74,44.995000000000005,47.35999999999999,0.0,16.23
2018-05-07 04:00:56,43.96666666666667,22.91,4.785,27.97,30.53,0.0,20.37
2018-05-07 05:00:56,46.64,16.584999999999997,4.505,26.375,28.175,0.0,17.77
2018-05-07 06:00:56,45.25666666666666,17.005,4.95,25.47,28.425,0.0,17.65
2018-05-07 07:00:56,49.593333333333334,22.175,4.84,48.330000000000005,71.19,0.0,10.15
2018-05-07 08:00:56,55.08,26.705,7.635000000000001,64.99000000000001,107.53500000000001,0.0,5.38
2018-05-07 09:00:56,78.10333333333334,37.39,32.135,70.89,106.545,0.0,11.95
2018-05-07 10:00:56,68.08333333333333,25.685,19.475,38.725,47.39000000000001,0.0,29.17
2018-05-07 11:00:56,49.51,16.18,12.485,29.295,34.615,0.0,33.92
2018-05-07 12:00:56,44.803333333333335,11.68,10.21,22.125,26.635,0.0,39.66
2018-05-07 13:00:56,30.97666666666667,6.68,8.78,19.724999999999998,23.865,0.0,42.27
2018-05-07 14:00:56,24.540000000000003,4.285,7.845,17.335,20.255,0.0,43.65
2018-05-07 15:00:56,22.306666666666665,2.935,8.39,20.945,25.044999999999998,0.0,43.8
2018-05-07 16:00:56,19.623333333333335,0.595,7.545000000000001,25.040000000000003,29.554999999999996,0.0,42.04
2018-05-07 17:00:56,24.93,5.025,7.31,27.74,33.52,0.0,39.91
2018-05-07 18:00:56,32.346666666666664,5.34,6.955000000000001,37.115,41.555,0.0,37.24
2018-05-07 19:00:56,39.333333333333336,6.56,7.080000000000001,47.305,54.355,0.0,32.24
2018-05-07 20:00:56,47.31666666666666,10.25,6.175,35.595,44.24,0.0,30.02
2018-05-07 21:00:56,51.31333333333333,10.085,6.344999999999999,67.05,93.82,0.0,16.19
2018-05-07 22:00:56,40.73,12.14,5.6000000000000005,49.035000000000004,57.615,0.0,23.28
2018-05-07 23:00:56,36.45666666666667,8.8,5.489999999999999,46.589999999999996,58.975,0.0,21.65
2018-05-08 00:00:56,29.33,8.055,5.33,29.265,33.975,0.0,27.34
2018-05-08 01:00:56,32.486666666666665,12.700000000000001,5.145,28.349999999999998,29.665000000000003,0.0,29.37
2018-05-08 02:00:56,43.723333333333336,12.770000000000001,5.08,19.425,22.845,0.0,25.78
2018-05-08 03:00:56,39.766666666666666,11.805,4.859999999999999,11.574999999999998,13.12,0.0,31.47
2018-05-08 04:00:56,32.486666666666665,7.669999999999999,5.285,11.445,13.165,0.0,33.34
2018-05-08 05:00:56,26.483333333333334,6.605,4.965,14.555,16.205000000000002,0.0,30.48
2018-05-08 06:00:56,35.443333333333335,7.215,4.98,29.95,31.819999999999997,0.0,20.83
2018-05-08 07:00:56,53.06333333333333,14.094999999999999,6.29,33.995,38.975,0.0,17.61
2018-05-08 08:00:56,55.406666666666666,17.285,6.425,37.669999999999995,53.54,0.0,17.11
2018-05-08 09:00:56,30.12333333333333,15.92,8.14,48.06,68.31,0.0,16.16
2018-05-08 10:00:56,30.12,11.945,8.98,33.205,45.775000000000006,0.0,24.71
2018-05-08 11:00:56,40.693333333333335,7.095,7.745,19.84,23.39,0.0,30.55
2018-05-08 12:00:56,32.03666666666667,6.16,7.81,21.065,25.925,0.0,30.92
2018-05-08 13:00:56,36.13,8.985,9.729999999999999,32.84,41.035,0.0,28.69
2018-05-08 14:00:56,39.01,6.68,9.15,32.275,36.48,0.0,30.68
2018-05-08 15:00:56,33.61666666666667,10.06,6.890000000000001,31.625,39.68,0.0,30.2
2018-05-08 16:00:56,21.99,11.174999999999999,6.94,18.375,22.3,0.0,38.44
2018-05-08 17:00:56,21.616666666666667,8.94,6.165,28.680000000000003,36.08,0.0,33.32
2018-05-08 18:00:56,29.61,8.52,6.544999999999999,29.49,32.775,0.0,32.36
2018-05-08 19:00:56,28.30666666666667,10.0,6.574999999999999,58.56,68.695,0.0,26.54
2018-05-08 20:00:56,41.11,10.299999999999999,7.265000000000001,88.935,132.54,0.0,8.69
2018-05-08 21:00:56,54.269999999999996,18.66,6.734999999999999,80.475,109.15500000000002,0.0,9.35
2018-05-08 22:00:56,62.156666666666666,15.405000000000001,6.03,82.375,110.58999999999999,0.0,3.33
2018-05-08 23:00:56,74.22666666666667,21.26,6.98,71.855,106.205,0.0,2.6
2018-05-09 00:00:56,94.16,25.625,7.8500000000000005,72.475,116.38499999999999,0.0,2.25
2018-05-09 01:00:56,88.65333333333334,30.56,10.3,61.544999999999995,81.77,0.0,3.07
2018-05-09 02:00:56,83.51333333333334,30.73,10.270000000000001,41.27,51.88999999999999,0.0,9.53
2018-05-09 03:00:56,66.52,29.054999999999996,8.31,21.76,24.554999999999996,0.0,16.72
2018-05-09 04:00:56,45.45,17.77,6.625,17.59,20.245,0.0,18.44
2018-05-09 05:00:56,32.11666666666667,14.33,5.655,14.415,15.625,0.0,23.96
2018-05-09 06:00:56,27.05666666666667,13.155000000000001,5.335,20.27,22.0,0.0,25.12
2018-05-09 07:00:56,28.313333333333333,17.36,4.66,33.699999999999996,43.395,0.0,19.49
2018-05-09 08:00:56,28.15,21.05,5.300000000000001,49.955000000000005,71.99,0.0,16.58
2018-05-09 09:00:56,24.71,11.86,6.960000000000001,49.419999999999995,71.585,0.0,22.02
2018-05-09 10:00:56,28.47,7.395,7.37,20.15,23.814999999999998,0.0,32.7
2018-05-09 11:00:56,21.976666666666667,6.555000000000001,7.305,20.09,23.189999999999998,0.0,33.21
2018-05-09 12:00:56,25.696666666666665,8.594999999999999,7.06,31.155,39.015,0.0,28.4
2018-05-09 13:00:56,31.566666666666666,14.725,7.484999999999999,16.775,20.38,0.0,33.88
2018-05-09 14:00:56,30.276666666666667,8.675,8.09,17.439999999999998,20.66,0.0,34.63
2018-05-09 15:00:56,20.786666666666665,5.8,7.3500000000000005,17.595,20.325000000000003,0.0,36.49
2018-05-09 16:00:56,19.85,4.79,6.165,20.19,23.765,0.0,36.52
2018-05-09 17:00:56,24.75333333333333,5.07,5.535,24.53,28.115,0.0,33.17
2018-05-09 18:00:56,25.183333333333334,4.72,4.94,25.375,28.73,0.0,36.37
2018-05-09 19:00:56,25.476666666666667,3.81,4.99,48.29999999999999,56.17499999999999,0.0,24.3
2018-05-09 20:00:56,24.23,4.67,4.975,68.085,89.92999999999999,0.0,19.09
2018-05-09 21:00:56,38.596666666666664,10.964999999999998,4.56,50.580000000000005,61.01500000000001,0.0,21.23
2018-05-09 22:00:56,28.47,8.69,4.55,61.445,83.605,0.0,15.56
2018-05-09 23:00:56,31.74666666666667,8.48,4.23,67.83,94.81,0.0,10.06
2018-05-10 00:00:56,39.736666666666665,15.325000000000001,4.31,40.355,52.89000000000001,0.0,12.68
2018-05-10 01:00:56,34.99333333333333,20.21,4.28,31.334999999999997,35.27,0.0,19.38
2018-05-10 02:00:56,35.18333333333334,17.849999999999998,3.9749999999999996,34.76,40.65,0.0,13.69
2018-05-10 03:00:56,35.15,15.765,4.285,38.650000000000006,42.23,0.0,13.41
2018-05-10 04:00:56,39.63333333333333,18.75,4.359999999999999,38.195,42.61,0.0,8.03
2018-05-10 05:00:56,48.50333333333333,24.09,3.9250000000000003,29.51,31.12,0.0,10.43
2018-05-10 06:00:56,46.77333333333333,23.900000000000002,4.685,31.810000000000002,34.44,0.0,9.92
2018-05-10 07:00:56,68.63333333333334,33.09,5.989999999999999,33.355,42.794999999999995,0.0,12.92
2018-05-10 08:00:56,53.72666666666667,35.949999999999996,5.595,58.91,98.0,0.0,7.38
2018-05-10 09:00:56,44.946666666666665,26.175,8.909999999999998,44.080000000000005,71.125,0.0,16.83
2018-05-10 10:00:56,31.049999999999997,6.065,11.589999999999998,25.47,35.465,0.0,24.89
2018-05-10 11:00:56,23.726666666666667,10.424999999999999,10.495,27.650000000000002,35.595,0.0,25.01
2018-05-10 12:00:56,26.69666666666667,7.09,4.83,22.224999999999998,35.055,0.0,31.84
2018-05-10 13:00:56,24.09,5.989999999999999,9.34,0.0,0.0,0.0,38.06
2018-05-10 14:00:56,21.08,4.864999999999999,7.06,15.964999999999998,19.295,0.0,37.9
2018-05-10 15:00:56,18.586666666666666,4.19,6.165,17.224999999999998,20.265,0.0,39.16
2018-05-10 16:00:56,18.64666666666667,3.1799999999999997,4.745,21.8,27.205,0.0,37.3
2018-05-10 17:00:56,22.456666666666667,3.135,5.510000000000001,28.959999999999997,31.945000000000004,0.0,35.15
2018-05-10 18:00:56,36.596666666666664,3.39,5.41,44.305,55.339999999999996,0.0,29.35
2018-05-10 19:00:56,41.769999999999996,6.150000000000001,4.895,56.32,74.12,0.0,19.45
2018-05-10 20:00:56,35.43666666666667,8.33,5.27,44.885,51.48,0.0,23.67
2018-05-10 21:00:56,37.803333333333335,10.584999999999999,5.19,68.55,102.815,0.0,11.39
2018-05-10 22:00:56,40.75333333333333,6.859999999999999,4.55,62.035,87.44999999999999,0.0,12.37
2018-05-10 23:00:56,32.99333333333333,9.405,4.8500000000000005,39.69,52.169999999999995,0.0,18.03
2018-05-11 00:00:56,38.38666666666666,14.9,5.234999999999999,59.57,67.935,0.0,12.44
2018-05-11 01:00:56,45.09,14.435,5.385000000000001,41.22,45.935,0.0,15.34
2018-05-11 02:00:56,36.28,15.01,5.364999999999999,27.72,29.27,0.0,22.24
2018-05-11 03:00:56,37.513333333333335,22.51,5.44,26.105,28.25,0.0,19.65
2018-05-11 04:00:56,38.04666666666667,24.095,5.54,25.795,27.685000000000002,0.0,14.69
2018-05-11 05:00:56,42.21666666666667,24.225000000000005,5.885000000000001,19.82,21.385,0.0,15.53
2018-05-11 06:00:56,38.833333333333336,16.150000000000002,5.385000000000001,14.87,16.99,0.0,20.36
2018-05-11 07:00:56,30.706666666666667,16.02,4.79,25.685000000000002,36.01,0.0,17.1
2018-05-11 08:00:56,29.633333333333333,9.835,5.09,47.895,72.87,0.0,6.86
2018-05-11 09:00:56,41.72666666666667,7.69,7.285,47.669999999999995,64.67,0.0,10.45
2018-05-11 10:00:56,60.20333333333333,21.1,12.405000000000001,30.655,37.94,0.0,20.26
2018-05-11 11:00:56,54.43,15.4,13.755,29.99,37.435,0.0,23.39
2018-05-11 12:00:56,40.31333333333333,10.945,14.104999999999999,29.304999999999996,36.605,0.0,28.68
2018-05-11 13:00:56,30.28,7.21,10.48,32.75,44.76,0.0,23.15
2018-05-11 14:00:56,28.323333333333334,4.705,7.830000000000001,27.12,35.265,0.0,26.2
2018-05-11 15:00:56,19.2,3.25,6.79,24.675,33.76,0.0,27.78
2018-05-11 16:00:56,17.966666666666665,2.91,6.155,27.955000000000002,37.395,0.0,26.81
2018-05-11 17:00:56,23.05,4.74,5.19,64.68,82.22500000000001,0.0,15.41
2018-05-11 18:00:56,32.513333333333335,10.575,4.75,52.73,67.405,0.0,20.12
2018-05-11 19:00:56,23.19333333333333,7.495,4.609999999999999,42.25,55.785,0.0,20.64
2018-05-11 20:00:56,15.393333333333333,5.544999999999999,4.32,45.715,59.885,0.0,19.71
2018-05-11 21:00:56,13.173333333333332,0.915,4.2250000000000005,41.830000000000005,51.75,0.0,18.94
2018-05-11 22:00:56,17.396666666666665,6.31,4.265,38.82,52.585,0.0,20.1
2018-05-11 23:00:56,20.439999999999998,7.7299999999999995,4.12,40.06,53.32500000000001,0.0,17.8
2018-05-12 00:00:56,19.89333333333333,13.755,4.02,32.985,41.39,0.0,21.09
2018-05-12 01:00:56,18.28333333333333,1.86,3.8550000000000004,16.285,19.24,0.0,30.76
2018-05-12 02:00:56,21.803333333333335,7.135000000000001,3.61,10.45,11.910000000000002,0.0,35.29
2018-05-12 03:00:56,17.51,5.915,3.6650000000000005,9.83,11.625,0.0,34.29
2018-05-12 04:00:56,19.46666666666667,9.54,3.6400000000000006,8.965,10.215,0.0,34.8
2018-05-12 05:00:56,17.806666666666665,6.614999999999999,3.6199999999999997,9.775,11.219999999999999,0.0,33.43
2018-05-12 06:00:56,20.3,4.69,3.795,10.385,12.055,0.0,31.26
2018-05-12 07:00:56,22.903333333333332,3.92,3.3000000000000003,19.065,22.905,0.0,27.48
2018-05-12 08:00:56,21.616666666666667,3.975,3.61,34.92,47.065,0.0,21.82
2018-05-12 09:00:56,25.69,6.025000000000001,3.7100000000000004,24.715,31.485,0.0,28.88
2018-05-12 10:00:56,36.596666666666664,7.3999999999999995,3.8049999999999997,24.665000000000003,32.504999999999995,0.0,28.07
2018-05-12 11:00:56,32.18,9.035,3.84,21.25,27.37,0.0,32.13
2018-05-12 12:00:56,34.39,12.104999999999999,3.5400000000000005,26.01,33.169999999999995,0.0,29.94
2018-05-12 13:00:56,34.17,16.825,3.4250000000000003,35.105,48.085,0.0,25.41
2018-05-12 14:00:56,35.693333333333335,16.505,3.8049999999999997,30.570000000000004,40.635,0.0,27.45
2018-05-12 15:00:56,33.81666666666666,11.75,4.15,22.060000000000002,29.14,0.0,30.04
2018-05-12 16:00:56,29.763333333333332,9.33,4.1499999999999995,25.74,34.525,0.0,27.6
2018-05-12 17:00:56,26.14,6.23,3.7750000000000004,23.570000000000004,29.365,0.0,31.83
2018-05-12 18:00:56,31.973333333333333,5.82,3.74,30.14,38.51,0.0,29.97
2018-05-12 19:00:56,36.28666666666667,5.415,3.845,33.735,43.48,0.0,29.12
2018-05-12 20:00:56,26.21333333333333,5.6000000000000005,3.8850000000000002,32.125,40.775000000000006,0.0,29.38
2018-05-12 21:00:56,28.936666666666667,5.96,4.005,26.724999999999998,33.51,0.0,31.75
2018-05-12 22:00:56,26.743333333333332,10.104999999999999,3.865,23.865,29.255,0.0,32.17
2018-05-12 23:00:56,27.9,10.76,3.765,20.790000000000003,24.275000000000002,0.0,35.3
2018-05-13 00:00:56,26.843333333333334,8.225,3.2550000000000003,19.25,22.19,0.0,36.24
2018-05-13 01:00:56,22.28333333333333,9.905,2.765,21.84,26.205,0.0,32.66
2018-05-13 02:00:56,25.596666666666664,10.78,2.56,28.024999999999995,32.44,0.0,28.04
2018-05-13 03:00:56,29.65,11.245,2.8049999999999997,31.45,35.25,0.0,27.59
2018-05-13 04:00:56,28.976666666666663,13.255,2.6799999999999997,19.765,21.505,0.0,32.35
2018-05-13 05:00:56,29.493333333333336,12.295000000000002,2.865,25.425,28.205000000000002,0.0,12.9
2018-05-13 06:00:56,41.343333333333334,19.96,3.35,30.955,36.335,0.0,8.7
2018-05-13 07:00:56,45.46,20.955,6.31,33.03,41.995000000000005,0.0,10.16
2018-05-13 08:00:56,44.383333333333326,25.959999999999997,20.465,30.745,39.535,0.0,18.34
2018-05-13 09:00:56,45.21666666666667,31.665000000000003,12.285000000000002,27.895,35.015,0.0,21.42
2018-05-13 10:00:56,38.89666666666667,20.71,14.590000000000002,26.22,32.185,0.0,25.36
2018-05-13 11:00:56,44.19,13.969999999999999,8.28,23.55,28.629999999999995,0.0,28.97
2018-05-13 12:00:56,34.42666666666666,12.280000000000001,4.845,25.845,33.72,0.0,31.62
2018-05-13 13:00:56,23.990000000000002,2.21,3.74,27.0,35.805,0.0,31.26
2018-05-13 14:00:56,18.22,2.0,3.67,23.715,30.695000000000004,0.0,35.3
2018-05-13 15:00:56,14.196666666666665,6.535,3.965,24.885,31.635,0.0,36.65
2018-05-13 16:00:56,20.08,7.875,3.715,14.735,17.045,0.0,41.11
2018-05-13 17:00:56,17.01,7.414999999999999,3.465,29.17,38.555,0.0,35.16
2018-05-13 18:00:56,17.16,5.52,3.8700000000000006,45.025,59.085,0.0,28.06
2018-05-13 19:00:56,18.64,4.484999999999999,5.21,49.335,66.795,0.0,27.88
2018-05-13 20:00:56,27.523333333333333,4.495,4.7749999999999995,53.48499999999999,67.825,0.0,26.97
2018-05-13 21:00:56,33.42666666666667,9.19,4.905,49.345,59.115,0.0,29.32
2018-05-13 22:00:56,45.60333333333333,15.035000000000002,4.705,31.675,35.895,0.0,29.83
2018-05-13 23:00:56,39.1,8.86,5.015,48.55500000000001,56.544999999999995,0.0,21.96
2018-05-14 00:00:56,35.52666666666667,11.4,5.32,52.49,59.365,0.0,19.36
2018-05-14 01:00:56,40.916666666666664,16.005,4.77,62.895,67.89,0.0,11.7
2018-05-14 02:00:56,44.39333333333333,28.785,7.114999999999999,53.01,59.16,0.0,10.47
2018-05-14 03:00:56,56.81999999999999,40.845,9.33,51.324999999999996,55.06,0.0,9.51
2018-05-14 04:00:56,79.10666666666667,54.305,7.2,41.900000000000006,43.51,0.0,10.22
2018-05-14 05:00:56,73.26666666666667,52.41,5.885000000000001,45.125,50.22,0.0,5.15
2018-05-14 06:00:56,69.9,45.995000000000005,6.79,47.94,59.605,0.0,3.32
2018-05-14 07:00:56,74.31,50.04,10.245,42.964999999999996,70.3,0.0,3.89
2018-05-14 08:00:56,74.34,49.574999999999996,29.515,47.52,76.765,0.0,6.34
2018-05-14 09:00:56,86.18666666666667,50.38999999999999,35.94,49.6,75.235,0.0,11.93
2018-05-14 10:00:56,75.38333333333334,38.32,18.825,49.19,64.725,0.0,18.11
2018-05-14 11:00:56,59.54666666666667,28.86,11.65,36.605,44.305,0.0,31.0
2018-05-14 12:00:56,49.19333333333333,27.175,6.78,22.179999999999996,25.665000000000003,0.0,37.92
2018-05-14 13:00:56,32.876666666666665,16.57,4.97,17.265,20.645,0.0,39.58
2018-05-14 14:00:56,22.286666666666665,9.59,6.704999999999999,16.015,18.345,0.0,43.95
2018-05-14 15:00:56,19.30333333333333,6.3999999999999995,2.32,19.150000000000002,22.435000000000002,0.0,42.82
2018-05-14 16:00:56,18.55333333333333,5.14,1.19,13.025,15.315,0.0,42.13
2018-05-14 17:00:56,16.326666666666668,4.295,1.025,20.64,24.515,0.0,41.06
2018-05-14 18:00:56,14.363333333333333,2.07,2.6,21.005,23.790000000000003,0.0,45.82
2018-05-14 19:00:56,17.953333333333333,4.0200000000000005,2.7900000000000005,34.8,41.800000000000004,0.0,0.0
2018-05-14 20:00:56,15.100000000000001,4.22,3.33,59.51,69.88,0.0,31.87
2018-05-14 21:00:56,41.81,14.9,3.865,55.715,62.85,0.0,31.92
2018-05-14 22:00:56,64.37333333333333,27.024999999999995,4.515000000000001,33.585,38.419999999999995,0.0,34.23
2018-05-14 23:00:56,55.61333333333334,23.885,5.655,39.52,46.34,0.0,32.72
2018-05-15 00:00:56,47.736666666666665,21.285,6.859999999999999,38.04,41.945,0.0,32.51
2018-05-15 01:00:56,41.56666666666667,20.72,5.815,27.815,30.33,0.0,34.91
2018-05-15 02:00:56,37.153333333333336,16.974999999999998,5.925,30.13,31.535,0.0,29.81
2018-05-15 03:00:56,33.653333333333336,12.805,6.085000000000001,34.805,37.315,0.0,23.82
2018-05-15 04:00:56,38.00333333333333,16.97,6.949999999999999,35.745000000000005,37.39,0.0,16.45
2018-05-15 05:00:56,51.166666666666664,25.66,11.594999999999999,44.22,46.245000000000005,0.0,9.06
2018-05-15 06:00:56,68.77333333333334,39.445,10.645000000000001,36.485,39.565,0.0,13.09
2018-05-15 07:00:56,66.15,43.26,11.894999999999998,47.31,66.075,0.0,6.22
2018-05-15 08:00:56,67.86333333333334,42.38,7.3,64.84,102.44,0.0,7.48
2018-05-15 09:00:56,81.31666666666666,42.855,31.105000000000004,61.565,80.39999999999999,0.0,13.62
2018-05-15 10:00:56,77.27666666666667,35.585,16.875,46.879999999999995,56.51500000000001,0.0,21.92
2018-05-15 11:00:56,64.60333333333332,26.310000000000002,5.794999999999999,34.335,39.75,0.0,30.34
2018-05-15 12:00:56,55.10333333333333,19.145,3.4450000000000003,18.935,22.655,0.0,39.51
2018-05-15 13:00:56,41.27333333333333,11.594999999999999,2.76,6.0,6.685,0.0,38.99
2018-05-15 14:00:56,32.53666666666667,6.984999999999999,4.9799999999999995,25.295,30.429999999999996,0.0,40.74
2018-05-15 15:00:56,29.64333333333333,4.8999999999999995,7.32,25.650000000000002,29.885,0.0,40.76
2018-05-15 16:00:56,28.08,5.335,6.55,20.950000000000003,23.61,0.0,41.85
2018-05-15 17:00:56,31.32,4.845,5.960000000000001,29.064999999999998,34.69,0.0,37.43
2018-05-15 18:00:56,34.47666666666667,3.9599999999999995,5.56,29.235,33.925,0.0,36.15
2018-05-15 19:00:56,35.58,5.43,6.245,41.669999999999995,49.754999999999995,0.0,31.38
2018-05-15 20:00:56,36.05,13.665,5.095,49.275,57.0,0.0,28.87
2018-05-15 21:00:56,47.58,25.58,4.48,34.82,41.24,0.0,34.05
2018-05-15 22:00:56,54.4,24.209999999999997,5.419999999999999,30.55,35.175000000000004,0.0,35.22
2018-05-15 23:00:56,49.60666666666667,21.895,6.390000000000001,56.6,68.22,0.0,25.84
2018-05-16 00:00:56,50.54333333333334,18.685,6.724999999999999,38.01,40.48500000000001,0.0,32.1
2018-05-16 01:00:56,44.75,14.660000000000002,6.195,35.42,37.905,0.0,30.8
2018-05-16 02:00:56,41.403333333333336,13.12,6.864999999999999,54.96,59.495000000000005,0.0,19.63
2018-05-16 03:00:56,49.48666666666667,15.695,11.314999999999998,50.21,52.26500000000001,0.0,19.5
2018-05-16 04:00:56,54.13333333333333,22.315,10.39,37.84,40.61000000000001,0.0,17.7
2018-05-16 05:00:56,57.01666666666667,28.455000000000002,7.3549999999999995,48.885,53.185,0.0,6.96
2018-05-16 06:00:56,59.343333333333334,30.465,5.539999999999999,43.275,49.175000000000004,0.0,6.58
2018-05-16 07:00:56,59.96666666666667,37.315,15.770000000000001,47.995000000000005,66.25999999999999,0.0,7.04
2018-05-16 08:00:56,64.71666666666667,34.655,23.025000000000002,63.22,99.49000000000001,0.0,6.05
2018-05-16 09:00:56,71.85000000000001,28.78,24.095,53.88,69.7,0.0,15.4
2018-05-16 10:00:56,71.57333333333334,27.355,13.464999999999998,29.095,34.34,0.0,30.22
2018-05-16 11:00:56,54.803333333333335,22.48,7.405,17.645,20.085,0.0,38.42
2018-05-16 12:00:56,42.95,15.969999999999999,6.359999999999999,17.55,19.67,0.0,41.13
2018-05-16 13:00:56,36.406666666666666,11.475,7.63,16.6,19.185,0.0,42.53
2018-05-16 14:00:56,33.346666666666664,10.785000000000002,6.63,15.955,18.02,0.0,43.43
2018-05-16 15:00:56,30.9,7.505,4.47,17.855,21.13,0.0,40.2
2018-05-16 16:00:56,20.833333333333332,4.94,4.175,17.235,20.045,0.0,40.76
2018-05-16 17:00:56,22.526666666666667,3.3699999999999997,4.82,19.815,22.570000000000004,0.0,40.42
2018-05-16 18:00:56,29.333333333333332,2.135,5.364999999999999,24.245,27.28,0.0,36.64
2018-05-16 19:00:56,36.620000000000005,6.025000000000001,4.725,38.67,45.54,0.0,33.21
2018-05-16 20:00:56,38.20333333333333,11.375,3.97,87.06,115.35000000000001,0.0,20.86
2018-05-16 21:00:56,53.81,12.089999999999998,4.125,62.49000000000001,71.25,0.0,30.62
2018-05-16 22:00:56,68.75333333333333,19.065,4.785,41.895,46.21,0.0,34.68
2018-05-16 23:00:56,54.99,22.38,6.050000000000001,39.275,45.93,0.0,30.59
2018-05-17 00:00:56,52.61333333333334,20.875,7.099999999999999,41.445,45.419999999999995,0.0,30.9
2018-05-17 01:00:56,50.07333333333333,16.400000000000002,7.169999999999999,32.24,35.199999999999996,0.0,35.65
2018-05-17 02:00:56,49.42,16.035,9.905,33.885,35.41,0.0,33.89
2018-05-17 03:00:56,42.78,18.425,12.765,44.98500000000001,47.22,0.0,22.22
2018-05-17 04:00:56,50.703333333333326,22.045,11.115,45.169999999999995,47.815,0.0,11.79
2018-05-17 05:00:56,62.50666666666666,26.855,19.09,50.165,52.73500000000001,0.0,12.77
2018-05-17 06:00:56,71.79666666666667,32.085,21.22,45.800000000000004,49.330000000000005,0.0,13.75
2018-05-17 07:00:56,68.59666666666666,33.53,22.075,48.65,63.805,0.0,7.63
2018-05-17 08:00:56,78.07,40.675000000000004,9.655,63.544999999999995,87.40500000000002,0.0,10.42
2018-05-17 09:00:56,89.25666666666666,44.965,48.935,63.215,80.74,0.0,14.95
2018-05-17 10:00:56,82.76666666666667,37.870000000000005,27.945000000000004,46.19,52.84,0.0,28.04
2018-05-17 11:00:56,64.99333333333334,28.515,15.585,25.935,29.189999999999998,0.0,39.09
2018-05-17 12:00:56,48.43333333333334,16.225,8.69,17.740000000000002,20.895,0.0,41.07
2018-05-17 13:00:56,33.86666666666667,9.315,6.79,15.145000000000001,17.66,0.0,41.06
2018-05-17 14:00:56,27.546666666666667,5.71,6.395,20.32,24.13,0.0,37.93
2018-05-17 15:00:56,30.026666666666667,3.83,6.510000000000001,12.67,14.365,0.0,42.63
2018-05-17 16:00:56,23.013333333333332,2.7699999999999996,5.21,17.635,20.76,0.0,38.89
2018-05-17 17:00:56,30.689999999999998,2.26,5.005,32.58,40.325,0.0,30.13
2018-05-17 18:00:56,47.27,3.395,4.75,58.535,82.295,0.0,19.05
2018-05-17 19:00:56,50.66,7.114999999999999,4.565,65.995,88.27,0.0,17.88
2018-05-17 20:00:56,57.74,9.655,4.455,61.225,74.04,0.0,20.31
2018-05-17 21:00:56,65.93666666666667,13.295,5.14,62.35999999999999,70.62,0.0,15.85
2018-05-17 22:00:56,61.17,16.73,6.145,53.35,61.465,0.0,20.09
2018-05-17 23:00:56,54.42,11.829999999999998,14.670000000000002,56.775,66.19,0.0,18.11
2018-05-18 00:00:56,54.23333333333333,14.155000000000001,14.96,60.105,70.595,0.0,15.65
2018-05-18 01:00:56,57.72,20.035,18.28,47.305,55.895,0.0,14.77
2018-05-18 02:00:56,48.35333333333333,16.0,13.949999999999998,28.070000000000004,29.865,0.0,19.33
2018-05-18 03:00:56,44.9,12.594999999999999,18.48,33.085,35.25,0.0,17.42
2018-05-18 04:00:56,47.75666666666667,10.695,19.64,20.345,22.695000000000004,0.0,21.13
2018-05-18 05:00:56,40.483333333333334,9.85,12.824999999999998,27.74,30.33,0.0,19.47
2018-05-18 06:00:56,35.12666666666667,12.15,13.035000000000002,34.28,38.565,0.0,15.14
2018-05-18 07:00:56,41.15,16.49,15.520000000000001,40.050000000000004,51.245,0.0,13.65
2018-05-18 08:00:56,56.083333333333336,20.650000000000002,23.11,41.47,53.24,0.0,15.14
2018-05-18 09:00:56,62.836666666666666,26.625,22.39,38.18,48.355,0.0,15.08
2018-05-18 10:00:56,56.35,28.099999999999998,14.450000000000001,38.53,46.59,0.0,21.72
2018-05-18 11:00:56,56.28333333333333,20.035,12.555,39.96,46.66,0.0,27.7
2018-05-18 12:00:56,63.61666666666667,15.115,13.25,28.649999999999995,32.465,0.0,34.49
2018-05-18 13:00:56,52.39333333333334,11.57,10.595,23.99,27.084999999999997,0.0,39.09
2018-05-18 14:00:56,54.379999999999995,11.81,9.59,19.775,22.86,0.0,37.73
2018-05-18 15:00:56,51.156666666666666,10.635,7.3500000000000005,18.875,22.255,0.0,38.27
2018-05-18 16:00:56,40.85333333333333,7.3,5.739999999999999,16.84,20.825,0.0,35.99
2018-05-18 17:00:56,49.2,5.1499999999999995,4.875,23.95,29.76,0.0,33.05
2018-05-18 18:00:56,49.72,6.48,4.364999999999999,38.145,49.285000000000004,0.0,25.78
2018-05-18 19:00:56,61.09,14.61,3.9500000000000006,39.975,50.54999999999999,0.0,26.39
2018-05-18 20:00:56,61.89,15.57,4.1450000000000005,32.835,42.195,0.0,30.13
2018-05-18 21:00:56,56.55666666666667,15.72,3.89,30.680000000000003,38.21,0.0,28.34
2018-05-18 22:00:56,47.27,16.72,4.21,39.62,49.27,0.0,24.01
2018-05-18 23:00:56,43.35666666666667,14.424999999999999,4.065,40.88,51.52,0.0,24.27
2018-05-19 00:00:56,38.35666666666666,10.79,4.0,48.73499999999999,59.74,0.0,19.75
2018-05-19 01:00:56,40.01,11.755,4.155,44.525,49.725,0.0,19.91
2018-05-19 02:00:56,39.75333333333333,10.195,2.57,41.895,47.615,0.0,18.92
2018-05-19 03:00:56,41.57666666666667,18.625,9.83,39.91,41.505,0.0,12.87
2018-05-19 04:00:56,48.21333333333333,25.695000000000004,4.53,38.125,42.35,0.0,10.03
2018-05-19 05:00:56,54.36666666666667,17.82,4.2299999999999995,25.959999999999997,27.76,0.0,14.59
2018-05-19 06:00:56,53.723333333333336,21.22,4.2749999999999995,26.945000000000004,30.895,0.0,9.14
2018-05-19 07:00:56,60.43,33.445,4.965,33.565,40.725,0.0,9.11
2018-05-19 08:00:56,61.343333333333334,32.855,7.609999999999999,42.18,56.34,0.0,7.96
2018-05-19 09:00:56,71.09,40.565,22.49,48.48500000000001,70.075,0.0,5.88
2018-05-19 10:00:56,80.49333333333334,46.26500000000001,37.3,47.645,64.61,0.0,14.21
2018-05-19 11:00:56,56.53333333333333,30.724999999999998,24.349999999999998,30.405,36.98,0.0,29.73
2018-05-19 12:00:56,41.5,16.815,15.5,18.12,20.87,0.0,40.41
2018-05-19 13:00:56,27.776666666666667,9.775,10.685,22.47,29.17,0.0,34.84
2018-05-19 14:00:56,24.263333333333332,6.075,7.745,13.435,16.009999999999998,0.0,39.42
2018-05-19 15:00:56,19.37666666666667,4.995,6.515000000000001,22.37,28.125,0.0,34.59
2018-05-19 16:00:56,21.726666666666667,3.4,5.375,32.65,44.080000000000005,0.0,27.94
2018-05-19 17:00:56,28.956666666666667,2.23,4.949999999999999,24.22,29.965,0.0,29.8
2018-05-19 18:00:56,39.443333333333335,2.115,4.215,39.705,55.775,0.0,20.17
2018-05-19 19:00:56,40.25333333333333,5.609999999999999,3.4500000000000006,31.070000000000004,38.625,0.0,28.21
2018-05-19 20:00:56,32.776666666666664,8.86,3.455,37.315,45.15,0.0,23.87
2018-05-19 21:00:56,28.22,3.225,3.345,39.11,45.16,0.0,17.34
2018-05-19 22:00:56,29.563333333333333,15.88,2.935,39.6,53.900000000000006,0.0,14.14
2018-05-19 23:00:56,31.206666666666667,13.540000000000001,2.72,43.91,53.655,0.0,11.41
2018-05-20 00:00:56,34.096666666666664,14.075000000000001,2.34,55.38999999999999,81.27,0.0,6.19
2018-05-20 01:00:56,39.42,17.54,2.185,46.925000000000004,58.54,0.0,8.77
2018-05-20 02:00:56,48.14333333333333,15.305,2.24,44.77,54.395,0.0,9.1
2018-05-20 03:00:56,38.54333333333333,11.354999999999999,2.5,46.025,65.095,0.0,3.43
2018-05-20 04:00:56,42.83,14.185,2.43,31.41,36.665,0.0,5.47
2018-05-20 05:00:56,51.36333333333333,19.49,2.64,25.78,30.385,0.0,5.81
2018-05-20 06:00:56,55.07,20.2,2.81,23.49,27.245,0.0,8.34
2018-05-20 07:00:56,51.46666666666667,22.564999999999998,2.795,27.95,39.82,0.0,5.04
2018-05-20 08:00:56,65.06,37.145,2.565,34.045,54.475,0.0,4.89
2018-05-20 09:00:56,72.23333333333333,42.785,7.8500000000000005,28.700000000000003,41.77,0.0,11.84
2018-05-20 10:00:56,60.07,33.75,12.12,18.12,22.724999999999998,0.0,23.66
2018-05-20 11:00:56,40.39666666666667,22.095,15.270000000000001,23.765,29.27,0.0,24.93
2018-05-20 12:00:56,39.153333333333336,12.735,18.48,25.05,31.355,0.0,26.03
2018-05-20 13:00:56,34.88666666666666,8.02,18.365,20.69,26.52,0.0,34.53
2018-05-20 14:00:56,22.643333333333334,5.609999999999999,10.315,14.280000000000001,17.665000000000003,0.0,39.69
2018-05-20 15:00:56,16.083333333333332,4.125,7.245,26.804999999999996,34.65,0.0,33.76
2018-05-20 16:00:56,19.163333333333334,3.3349999999999995,5.43,20.97,25.554999999999996,0.0,35.36
2018-05-20 17:00:56,30.9,5.21,4.585,24.709999999999997,33.585,0.0,28.81
2018-05-20 18:00:56,40.68666666666667,7.109999999999999,3.97,22.820000000000004,28.83,0.0,29.39
2018-05-20 19:00:56,35.75,11.045000000000002,4.19,30.555000000000003,41.425000000000004,0.0,23.68
2018-05-20 20:00:56,27.42,13.06,3.4800000000000004,46.34,58.945,0.0,18.05
2018-05-20 21:00:56,25.596666666666668,13.799999999999999,3.3049999999999997,36.800000000000004,46.63999999999999,0.0,20.15
2018-05-20 22:00:56,26.93,11.1,3.01,58.550000000000004,79.9,0.0,9.88
2018-05-20 23:00:56,21.076666666666668,8.505,3.285,63.06,79.295,0.0,11.23
2018-05-21 00:00:56,23.68,7.835000000000001,3.3249999999999997,64.055,83.545,0.0,9.1
2018-05-21 01:00:56,34.40333333333333,14.705,3.5050000000000003,50.715,73.08,0.0,2.48
2018-05-21 02:00:56,48.66,20.325000000000003,3.515,51.74,63.99,0.0,2.79
2018-05-21 03:00:56,64.05,25.49,3.33,44.120000000000005,49.044999999999995,0.0,4.25
2018-05-21 04:00:56,62.95,25.285,3.3699999999999997,33.315,40.405,0.0,3.03
2018-05-21 05:00:56,58.06333333333333,22.55,2.625,39.31,48.925000000000004,0.0,2.77
2018-05-21 06:00:56,56.59,19.22,2.4,35.15,43.73,0.0,5.6
2018-05-21 07:00:56,60.30666666666667,26.834999999999997,2.185,31.349999999999998,45.31,0.0,6.56
2018-05-21 08:00:56,65.84333333333333,33.385,2.245,32.09,50.06999999999999,0.0,9.16
2018-05-21 09:00:56,60.116666666666674,31.26,2.33,26.23,36.449999999999996,0.0,14.03
2018-05-21 10:00:56,51.21666666666667,22.14,2.555,26.865,34.865,0.0,15.3
2018-05-21 11:00:56,48.89666666666667,17.150000000000002,3.33,19.855,25.255,0.0,25.17
2018-05-21 12:00:56,38.193333333333335,18.105,3.85,18.28,24.22,0.0,28.47
2018-05-21 13:00:56,27.53333333333333,13.725,3.8550000000000004,18.150000000000002,23.254999999999995,0.0,35.12
2018-05-21 14:00:56,21.31,7.47,4.04,13.704999999999998,16.924999999999997,0.0,41.33
2018-05-21 15:00:56,19.126666666666665,4.58,3.83,25.345,33.324999999999996,0.0,35.31
2018-05-21 16:00:56,17.266666666666666,3.2900000000000005,2.895,30.77,41.795,0.0,27.37
2018-05-21 17:00:56,19.37333333333333,2.375,2.5500000000000003,45.085,65.17,0.0,22.69
2018-05-21 18:00:56,22.98333333333333,2.045,2.615,34.595,45.49,0.0,27.95
2018-05-21 19:00:56,34.473333333333336,6.405,2.725,35.435,43.75,0.0,28.35
2018-05-21 20:00:56,42.123333333333335,10.36,2.4450000000000003,42.135,50.57,0.0,29.29
2018-05-21 21:00:56,41.45,12.0,1.875,27.39,32.43,0.0,29.9
2018-05-21 22:00:56,47.63333333333333,15.07,1.9749999999999999,31.5,37.5,0.0,26.3
2018-05-21 23:00:56,43.03333333333333,16.099999999999998,2.435,45.080000000000005,54.225,0.0,18.02
2018-05-22 00:00:56,44.54333333333333,14.745,2.8699999999999997,52.32,62.225,0.0,12.87
2018-05-22 01:00:56,44.35333333333333,17.12,3.0400000000000005,35.875,40.42,0.0,22.71
2018-05-22 02:00:56,42.77333333333333,22.935,3.115,28.63,32.84,0.0,27.08
2018-05-22 03:00:56,38.64,20.615,3.6350000000000002,25.8,28.099999999999998,0.0,24.36
2018-05-22 04:00:56,40.483333333333334,19.795,3.7449999999999997,35.48,37.71,0.0,5.66
2018-05-22 05:00:56,56.32,27.205,4.485,35.315,38.345,0.0,5.44
2018-05-22 06:00:56,69.00333333333333,34.64,5.385000000000001,34.085,37.835,0.0,7.33
2018-05-22 07:00:56,62.20333333333333,32.870000000000005,6.47,35.7,50.85999999999999,0.0,6.29
2018-05-22 08:00:56,79.5,40.785,23.475000000000005,40.54,57.21,0.0,9.48
2018-05-22 09:00:56,81.55,43.84,22.52,46.73,68.27,0.0,10.22
2018-05-22 10:00:56,64.67,32.53,13.464999999999998,27.33,35.4,0.0,19.93
2018-05-22 11:00:56,53.79,26.99,8.924999999999999,21.92,29.135,0.0,21.3
2018-05-22 12:00:56,41.20666666666666,22.295,6.48,15.67,18.87,0.0,31.43
2018-05-22 13:00:56,32.00333333333334,13.21,6.140000000000001,22.3,27.840000000000003,0.0,31.5
2018-05-22 14:00:56,33.513333333333335,7.38,5.96,22.14,24.745,0.0,35.89
2018-05-22 15:00:56,36.126666666666665,6.39,6.46,41.715,50.215,0.0,24.34
2018-05-22 16:00:56,39.696666666666665,8.18,11.35,37.475,49.745,0.0,27.02
2018-05-22 17:00:56,47.01,12.800000000000002,7.715,30.75,38.385,0.0,32.33
2018-05-22 18:00:56,41.82666666666667,12.33,7.445,24.814999999999998,29.36,0.0,37.13
2018-05-22 19:00:56,41.47666666666667,12.31,6.645,35.66,41.335,0.0,30.87
2018-05-22 20:00:56,51.026666666666664,15.72,6.215,52.419999999999995,68.36,0.0,21.39
2018-05-22 21:00:56,52.57,17.61,6.015000000000001,50.31,64.545,0.0,18.4
2018-05-22 22:00:56,50.03333333333333,15.0,6.165,45.375,54.419999999999995,0.0,19.74
2018-05-22 23:00:56,47.60666666666666,13.854999999999999,6.204999999999999,54.01500000000001,68.94,0.0,8.45
2018-05-23 00:00:56,55.96,21.675,6.435,59.895,78.905,0.0,5.16
2018-05-23 01:00:56,76.42666666666666,26.895,7.414999999999999,55.080000000000005,76.42,0.0,3.08
2018-05-23 02:00:56,83.20666666666666,31.53,7.93,57.544999999999995,78.915,0.0,2.32
2018-05-23 03:00:56,84.91666666666667,39.875,8.18,60.36000000000001,79.72500000000001,0.0,2.35
2018-05-23 04:00:56,76.17333333333333,40.52,7.844999999999999,46.455000000000005,60.5,0.0,2.11
2018-05-23 05:00:56,72.91333333333334,38.16,7.055,42.06,48.54,0.0,4.81
2018-05-23 06:00:56,75.70666666666666,33.795,6.525000000000001,31.875,37.11,0.0,7.21
2018-05-23 07:00:56,77.91666666666667,33.055,6.010000000000001,33.23,48.754999999999995,0.0,7.92
2018-05-23 08:00:56,71.20666666666668,33.800000000000004,13.024999999999999,42.905,70.43,0.0,8.55
2018-05-23 09:00:56,69.38,27.855,17.715,36.795,50.26,0.0,13.95
2018-05-23 10:00:56,55.95,18.605,11.089999999999998,25.205,31.72,0.0,21.49
2018-05-23 11:00:56,40.38666666666666,13.700000000000001,7.739999999999999,18.65,22.209999999999997,0.0,30.98
2018-05-23 12:00:56,34.22666666666667,9.915,7.544999999999999,27.13,38.585,0.0,32.39
2018-05-23 13:00:56,26.59,6.75,6.02,30.045,41.555,0.0,29.16
2018-05-23 14:00:56,21.04,4.195,4.609999999999999,23.554999999999996,31.75,0.0,35.64
2018-05-23 15:00:56,21.55,1.4750000000000003,3.81,22.825000000000003,29.035,0.0,38.38
2018-05-23 16:00:56,21.41333333333333,3.14,3.595,24.820000000000004,31.195000000000004,0.0,38.39
2018-05-23 17:00:56,25.156666666666666,2.305,3.185,29.785,37.615,0.0,34.37
2018-05-23 18:00:56,28.60333333333333,3.4599999999999995,3.17,33.105,43.46,0.0,33.19
2018-05-23 19:00:56,30.666666666666668,5.985,2.9249999999999994,37.92,45.665,0.0,31.46
2018-05-23 20:00:56,24.096666666666664,16.474999999999998,2.52,32.085,38.275,0.0,30.48
2018-05-23 21:00:56,55.65,16.05,2.125,23.400000000000002,28.715,0.0,33.76
2018-05-23 22:00:56,52.5,9.17,2.4650000000000003,25.42,31.005,0.0,32.38
2018-05-23 23:00:56,49.68666666666667,9.085,2.86,20.195,25.064999999999998,0.0,36.07
2018-05-24 00:00:56,45.01,11.35,2.34,23.925,29.185,0.0,33.82
2018-05-24 01:00:56,35.56666666666667,10.43,2.255,24.974999999999998,29.42,0.0,33.25
2018-05-24 02:00:56,29.79,9.165,2.445,34.765,36.870000000000005,0.0,32.24
2018-05-24 03:00:56,36.63666666666666,15.765,2.84,35.445,38.48,0.0,29.15
2018-05-24 04:00:56,44.45,18.525,3.5500000000000003,36.199999999999996,38.199999999999996,0.0,16.52
2018-05-24 05:00:56,53.96,24.974999999999998,4.27,32.77,35.72,0.0,9.29
2018-05-24 06:00:56,74.63333333333334,33.074999999999996,5.33,38.16,44.35,0.0,7.97
2018-05-24 07:00:56,50.983333333333334,50.6,9.200000000000001,34.89,50.525,0.0,4.66
2018-05-24 08:00:56,89.50999999999999,54.02,18.709999999999997,35.575,50.1,0.0,13.0
2018-05-24 09:00:56,77.09,37.824999999999996,15.634999999999998,36.699999999999996,46.725,0.0,20.04
2018-05-24 10:00:56,59.34666666666667,27.37,11.665,38.870000000000005,48.17499999999999,0.0,25.33
2018-05-24 11:00:56,49.33,18.46,10.005,23.665000000000003,27.89,0.0,36.82
2018-05-24 12:00:56,35.416666666666664,10.979999999999999,4.2,16.445,20.224999999999998,0.0,40.61
2018-05-24 13:00:56,25.936666666666667,7.64,6.19,13.574999999999998,17.645,0.0,40.09
2018-05-24 14:00:56,24.65,5.0249999999999995,6.7,15.915,19.29,0.0,42.05
2018-05-24 15:00:56,30.436666666666667,3.475,6.31,17.675,21.465,0.0,42.15
2018-05-24 16:00:56,47.223333333333336,1.9750000000000003,6.1499999999999995,21.584999999999997,26.189999999999998,0.0,39.84
2018-05-24 17:00:56,45.23666666666667,1.325,5.885000000000001,25.165000000000003,29.804999999999996,0.0,40.88
2018-05-24 18:00:56,36.04333333333333,1.04,4.92,21.86,25.76,0.0,38.18
2018-05-24 19:00:56,45.43,8.18,3.73,37.795,45.135,0.0,33.6
2018-05-24 20:00:56,55.24333333333333,18.07,3.65,28.365,33.735,0.0,34.44
2018-05-24 21:00:56,57.72666666666667,14.89,2.965,26.595,31.700000000000003,0.0,34.1
2018-05-24 22:00:56,60.373333333333335,10.635,2.725,38.08,42.59,0.0,32.4
2018-05-24 23:00:56,57.05,15.299999999999999,3.385,34.85,39.875,0.0,32.03
2018-05-25 00:00:56,48.04,15.12,6.080000000000001,34.13,36.23,0.0,30.68
2018-05-25 01:00:56,42.72,8.89,6.07,51.97,57.98,0.0,24.18
2018-05-25 02:00:56,48.486666666666665,7.555,5.375,48.615,52.455000000000005,0.0,18.78
2018-05-25 03:00:56,55.803333333333335,9.785,5.065,42.695,45.60999999999999,0.0,12.26
2018-05-25 04:00:56,58.82,17.400000000000002,5.48,43.51,48.080000000000005,0.0,11.13
2018-05-25 05:00:56,63.74666666666667,28.025000000000002,6.205000000000001,43.254999999999995,47.22,0.0,10.87
2018-05-25 06:00:56,65.22,26.024999999999995,7.175000000000001,40.665,45.655,0.0,9.82
2018-05-25 07:00:56,72.69,28.48,19.91,43.080000000000005,54.629999999999995,0.0,9.18
2018-05-25 08:00:56,79.51333333333334,32.629999999999995,30.23,35.93,44.99,0.0,13.88
2018-05-25 09:00:56,71.71333333333332,31.24,18.485,40.294999999999995,54.705000000000005,0.0,14.95
2018-05-25 10:00:56,64.13333333333333,27.02,14.155,33.27,42.650000000000006,0.0,22.76
2018-05-25 11:00:56,58.849999999999994,20.72,10.465000000000002,37.44,46.65,0.0,24.61
2018-05-25 12:00:56,44.81666666666666,12.32,8.945,30.005,39.06,0.0,31.96
2018-05-25 13:00:56,33.18333333333333,7.3549999999999995,6.794999999999999,32.995,44.300000000000004,0.0,31.62
2018-05-25 14:00:56,38.54666666666667,5.945,5.32,30.189999999999998,40.550000000000004,0.0,33.0
2018-05-25 15:00:56,39.766666666666666,5.05,4.495,22.495,28.81,0.0,39.44
2018-05-25 16:00:56,38.156666666666666,3.855,4.03,21.165,26.555000000000003,0.0,40.5
2018-05-25 17:00:56,48.49333333333333,5.785,3.7449999999999997,24.26,29.76,0.0,36.58
2018-05-25 18:00:56,59.69,12.68,3.1749999999999994,24.645,29.53,0.0,35.9
2018-05-25 19:00:56,66.9,16.575,3.01,25.095,29.415000000000003,0.0,38.04
2018-05-25 20:00:56,72.14333333333333,14.545,2.875,25.7,30.49,0.0,36.7
2018-05-25 21:00:56,72.17,14.03,2.46,23.47,28.694999999999997,0.0,29.53
2018-05-25 22:00:56,59.346666666666664,14.805,2.6799999999999997,36.56,46.01,0.0,23.25
2018-05-25 23:00:56,43.49666666666667,12.675000000000002,2.61,22.13,24.334999999999997,0.0,35.8
2018-05-26 00:00:56,38.653333333333336,9.455,2.6,19.11,20.53,0.0,41.24
2018-05-26 01:00:56,33.00666666666667,8.385,2.355,22.909999999999997,25.265,0.0,33.38
2018-05-26 02:00:56,20.883333333333333,5.590000000000001,2.51,17.125,19.36,0.0,32.76
2018-05-26 03:00:56,20.09,4.215,2.59,28.14,31.209999999999997,0.0,24.33
2018-05-26 04:00:56,16.266666666666666,2.7099999999999995,2.435,15.235,18.04,0.0,26.0
2018-05-26 05:00:56,20.636666666666667,2.415,2.34,20.24,21.42,0.0,26.54
2018-05-26 06:00:56,27.92,3.7300000000000004,1.875,14.560000000000002,15.844999999999999,0.0,33.96
2018-05-26 07:00:56,26.326666666666668,7.685,1.79,17.265,21.150000000000002,0.0,31.99
2018-05-26 08:00:56,28.680000000000003,17.975,2.275,28.395,36.79,0.0,29.64
2018-05-26 09:00:56,37.79666666666667,17.150000000000002,5.760000000000001,30.3,40.49,0.0,26.59
2018-05-26 10:00:56,37.3,9.51,5.1499999999999995,25.755000000000006,34.345,0.0,26.63
2018-05-26 11:00:56,34.81,8.36,3.345,27.965,38.15,0.0,27.78
2018-05-26 12:00:56,33.33,9.299999999999999,3.045,29.36,40.3,0.0,29.91
2018-05-26 13:00:56,42.193333333333335,9.07,2.415,31.11,42.965,0.0,28.96
2018-05-26 14:00:56,49.75333333333333,8.98,2.9600000000000004,30.044999999999998,40.99,0.0,31.31
2018-05-26 15:00:56,52.906666666666666,8.72,4.1000000000000005,26.555000000000003,35.07,0.0,33.89
2018-05-26 16:00:56,55.38666666666666,8.32,5.364999999999999,35.05,46.69,0.0,33.37
2018-05-26 17:00:56,60.24333333333334,8.94,5.665,58.80500000000001,79.19999999999999,0.0,22.95
2018-05-26 18:00:56,63.263333333333335,12.53,5.08,34.695,43.47,0.0,28.63
2018-05-26 19:00:56,64.24333333333334,14.415,3.4000000000000004,26.070000000000004,32.76,0.0,30.93
2018-05-26 20:00:56,58.516666666666666,11.729999999999999,3.065,34.875,43.975,0.0,29.37
2018-05-26 21:00:56,51.21,9.639999999999999,2.705,24.61,29.560000000000002,0.0,30.92
2018-05-26 22:00:56,46.25666666666666,11.719999999999999,2.215,46.465,63.55500000000001,0.0,19.09
2018-05-26 23:00:56,45.120000000000005,12.670000000000002,2.125,26.060000000000002,30.92,0.0,29.76
2018-05-27 00:00:56,39.50333333333333,12.475,2.1,23.25,26.69,0.0,29.73
2018-05-27 01:00:56,33.230000000000004,9.52,2.15,23.560000000000002,27.255,0.0,28.01
2018-05-27 02:00:56,28.953333333333333,8.755,2.0100000000000002,24.175,28.16,0.0,26.71
2018-05-27 03:00:56,34.60666666666667,10.82,2.2,32.145,35.76,0.0,20.53
2018-05-27 04:00:56,48.156666666666666,18.53,1.93,34.465,36.615,0.0,13.61
2018-05-27 05:00:56,52.57,24.054999999999996,1.9799999999999998,33.465,36.985,0.0,16.6
2018-05-27 06:00:56,38.193333333333335,9.735,2.315,26.08,27.925,0.0,14.96
2018-05-27 07:00:56,41.766666666666666,21.349999999999998,2.77,29.545,35.955000000000005,0.0,12.74
2018-05-27 08:00:56,48.04333333333334,20.01,4.675,25.675,35.025,0.0,11.27
2018-05-27 09:00:56,40.99666666666666,15.44,5.885000000000001,23.709999999999997,31.31,0.0,21.42
2018-05-27 10:00:56,29.39333333333333,11.824999999999998,6.210000000000001,21.040000000000003,27.405,0.0,27.14
2018-05-27 11:00:56,22.423333333333332,6.755,4.53,17.915,22.84,0.0,30.63
2018-05-27 12:00:56,23.523333333333333,4.735,3.9299999999999997,19.83,26.334999999999997,0.0,32.56
2018-05-27 13:00:56,25.993333333333332,4.16,3.73,23.304999999999996,30.145,0.0,33.79
2018-05-27 14:00:56,25.18,4.665,3.53,18.365,23.48,0.0,38.32
2018-05-27 15:00:56,24.130000000000003,5.535,3.5750000000000006,24.565,31.525000000000002,0.0,38.54
2018-05-27 16:00:56,30.13,5.165,3.705,14.835,17.66,0.0,44.16
2018-05-27 17:00:56,37.656666666666666,3.4200000000000004,3.74,23.455,29.005,0.0,38.39
2018-05-27 18:00:56,42.07333333333333,2.435,4.03,25.334999999999997,30.135,0.0,40.33
2018-05-27 19:00:56,54.736666666666665,7.54,3.6300000000000003,21.58,25.76,0.0,34.34
2018-05-27 20:00:56,71.85333333333332,22.834999999999997,2.6,23.485,29.22,0.0,30.45
2018-05-27 21:00:56,66.36666666666667,22.755,2.305,33.535,44.35,0.0,24.43
2018-05-27 22:00:56,57.32333333333333,16.435000000000002,2.35,33.245000000000005,38.495000000000005,0.0,28.94
2018-05-27 23:00:56,58.48,16.25,3.3900000000000006,33.74,42.839999999999996,0.0,30.61
2018-05-28 00:00:56,57.87,19.885,3.69,45.98499999999999,55.645,0.0,25.0
2018-05-28 01:00:56,53.39666666666667,16.564999999999998,4.355,37.34,40.225,0.0,29.41
2018-05-28 02:00:56,49.486666666666665,9.655,4.965,36.01,40.61,0.0,25.72
2018-05-28 03:00:56,43.53666666666667,8.085,4.835,39.025,42.23,0.0,21.6
2018-05-28 04:00:56,51.52333333333333,6.68,4.96,49.19,52.995000000000005,0.0,12.26
2018-05-28 05:00:56,62.79,17.560000000000002,6.2250000000000005,47.91,51.01,0.0,13.09
2018-05-28 06:00:56,72.62333333333333,14.33,8.219999999999999,38.77,42.49,0.0,21.97
2018-05-28 07:00:56,61.47,8.08,9.235,24.635,29.429999999999996,0.0,31.56
2018-05-28 08:00:56,45.653333333333336,10.605,7.210000000000001,21.900000000000002,29.334999999999997,0.0,26.32
2018-05-28 09:00:56,35.67,13.81,5.32,35.0,45.49,0.0,22.94
2018-05-28 10:00:56,34.50333333333333,9.09,3.875,32.955,41.915,0.0,22.61
2018-05-28 11:00:56,42.54333333333334,9.055,3.5549999999999997,36.685,45.504999999999995,0.0,17.88
2018-05-28 12:00:56,40.18,12.265,5.48,32.660000000000004,43.145,0.0,23.57
2018-05-28 13:00:56,39.983333333333334,9.61,5.265,11.165,12.76,0.0,26.48
2018-05-28 14:00:56,53.916666666666664,5.724999999999999,3.2999999999999994,33.155,43.754999999999995,0.0,21.97
2018-05-28 15:00:56,53.72666666666667,3.895,3.265,26.459999999999997,34.18,0.0,31.61
2018-05-28 16:00:56,48.73666666666667,2.55,3.47,25.385,32.84,0.0,33.82
2018-05-28 17:00:56,51.74666666666667,1.86,3.285,23.83,31.03,0.0,36.27
2018-05-28 18:00:56,57.07333333333333,2.525,2.665,22.895,28.74,0.0,35.11
2018-05-28 19:00:56,58.27666666666667,3.235,2.13,26.524999999999995,34.425,0.0,32.01
2018-05-28 20:00:56,53.57333333333334,8.685,2.33,28.804999999999996,37.24,0.0,30.38
2018-05-28 21:00:56,53.82666666666667,11.19,2.045,39.895,54.04,0.0,22.73
2018-05-28 22:00:56,49.696666666666665,7.12,2.5,22.655,27.3,0.0,34.91
2018-05-28 23:00:56,50.23,8.085,2.4450000000000003,26.715,32.615,0.0,27.7
2018-05-29 00:00:56,48.41,7.605,2.7550000000000003,30.865,39.12,0.0,23.61
2018-05-29 01:00:56,44.986666666666665,7.965,2.64,25.679999999999996,29.5,0.0,25.03
2018-05-29 02:00:56,43.626666666666665,9.535,2.75,32.345,37.08,0.0,18.81
2018-05-29 03:00:56,49.35333333333333,9.21,3.1,40.050000000000004,42.69,0.0,11.5
2018-05-29 04:00:56,60.11666666666667,10.14,3.205,34.065,36.53,0.0,15.48
2018-05-29 05:00:56,50.486666666666665,7.665,3.53,25.63,27.745,0.0,15.64
2018-05-29 06:00:56,44.596666666666664,7.59,3.91,33.49,38.965,0.0,13.85
2018-05-29 07:00:56,56.33,7.885000000000001,5.295,26.650000000000002,33.215,0.0,21.69
2018-05-29 08:00:56,51.53,4.33,6.815,25.375,34.330000000000005,0.0,23.94
2018-05-29 09:00:56,40.85666666666667,2.68,5.495000000000001,21.875,27.595,0.0,32.57
2018-05-29 10:00:56,37.53333333333334,2.1,4.8,21.02,27.105000000000004,0.0,34.06
2018-05-29 11:00:56,31.03,1.83,3.815,19.98,25.72,0.0,33.86
2018-05-29 12:00:56,18.04,1.61,3.51,19.474999999999998,26.195000000000004,0.0,35.32
2018-05-29 13:00:56,13.256666666666668,3.485,2.045,25.51,33.61,0.0,33.99
2018-05-29 14:00:56,37.14,4.405,3.3699999999999997,21.975000000000005,28.810000000000002,0.0,37.93
2018-05-29 15:00:56,35.48,3.83,3.2550000000000003,18.945,23.08,0.0,40.79
2018-05-29 16:00:56,39.89666666666667,5.285,3.0849999999999995,19.59,24.615,0.0,39.09
2018-05-29 17:00:56,41.586666666666666,7.135000000000001,3.1,23.615,28.72,0.0,39.1
2018-05-29 18:00:56,41.1,10.28,2.8349999999999995,24.185000000000002,30.035,0.0,39.68
2018-05-29 19:00:56,43.333333333333336,8.775,2.885,32.195,39.68,0.0,34.78
2018-05-29 20:00:56,46.61666666666667,7.665,2.795,44.885,57.585,0.0,25.96
2018-05-29 21:00:56,44.723333333333336,9.225,2.475,33.620000000000005,40.59,0.0,26.63
2018-05-29 22:00:56,44.126666666666665,10.700000000000001,2.5500000000000003,44.605,59.089999999999996,0.0,18.59
2018-05-29 23:00:56,46.163333333333334,11.305,2.85,58.955000000000005,76.335,0.0,13.41
2018-05-30 00:00:56,49.29,13.670000000000002,3.375,58.99,81.60000000000001,0.0,13.05
2018-05-30 01:00:56,48.31666666666666,16.915000000000003,3.47,58.035,70.87,0.0,9.5
2018-05-30 02:00:56,55.81333333333333,17.25,3.6199999999999997,46.78,55.76,0.0,2.8
2018-05-30 03:00:56,66.81333333333333,30.485,3.9949999999999997,50.685,63.26500000000001,0.0,4.55
2018-05-30 04:00:56,74.60333333333334,26.045,4.175000000000001,36.824999999999996,41.050000000000004,0.0,12.33
2018-05-30 05:00:56,66.06666666666666,18.25,4.025,30.965,34.135,0.0,12.55
2018-05-30 06:00:56,54.28333333333333,22.724999999999998,4.29,31.47,33.08,0.0,9.77
2018-05-30 07:00:56,73.25999999999999,23.76,5.59,40.99,61.51500000000001,0.0,8.1
2018-05-30 08:00:56,64.65,22.26,6.0,42.92499999999999,66.37,0.0,13.7
2018-05-30 09:00:56,49.20666666666666,23.03,5.89,39.785,50.445,0.0,17.97
2018-05-30 10:00:56,40.126666666666665,28.16,4.82,66.045,101.59500000000001,0.0,10.56
2018-05-30 11:00:56,47.93333333333334,31.600000000000005,4.02,46.824999999999996,62.074999999999996,0.0,15.0
2018-05-30 12:00:56,34.056666666666665,18.05,5.53,33.565,43.1,0.0,24.87
2018-05-30 13:00:56,30.51,12.94,8.09,37.645,52.09,0.0,24.7
2018-05-30 14:00:56,20.586666666666666,8.055,6.195,50.11000000000001,70.89999999999999,0.0,15.17
2018-05-30 15:00:56,16.546666666666667,7.255,4.84,32.050000000000004,42.95000000000001,0.0,27.48
2018-05-30 16:00:56,17.813333333333333,0.0,4.31,17.97,21.205,0.0,40.43
2018-05-30 17:00:56,19.163333333333334,7.325,4.645,24.83,28.215,0.0,38.04
2018-05-30 18:00:56,29.476666666666663,10.36,5.25,33.225,37.145,0.0,33.32
2018-05-30 19:00:56,33.32,6.400000000000001,5.265,39.18,43.18,0.0,31.07
2018-05-30 20:00:56,32.88333333333333,6.390000000000001,5.074999999999999,57.475,78.545,0.0,16.9
2018-05-30 21:00:56,42.906666666666666,9.625,4.54,22.03,25.650000000000002,0.0,31.74
2018-05-30 22:00:56,40.27333333333333,14.17,4.375,29.409999999999997,36.84,0.0,27.5
2018-05-30 23:00:56,36.99,10.625,4.13,23.185,29.88,0.0,30.83
2018-05-31 00:00:56,35.61,10.35,3.545,28.37,34.169999999999995,0.0,28.68
2018-05-31 01:00:56,37.29,14.104999999999999,3.3000000000000003,39.51,45.445,0.0,21.3
2018-05-31 02:00:56,48.28333333333333,13.135,3.095,36.365,41.77,0.0,20.24
2018-05-31 03:00:56,50.7,20.63,3.52,23.615,27.900000000000002,0.0,23.18
2018-05-31 04:00:56,38.60333333333333,14.175000000000002,3.4000000000000004,17.48,19.53,0.0,23.79
2018-05-31 05:00:56,35.35333333333333,10.725,3.6950000000000003,14.910000000000002,16.805,0.0,27.64
2018-05-31 06:00:56,33.98,6.46,3.965,11.200000000000001,12.76,0.0,27.39
2018-05-31 07:00:56,27.64666666666667,6.095,3.8649999999999998,23.185000000000002,30.694999999999997,0.0,20.63
2018-05-31 08:00:56,32.01,8.63,3.7449999999999997,45.605,65.565,0.0,16.31
2018-05-31 09:00:56,45.45333333333333,13.85,4.27,47.300000000000004,66.08999999999999,0.0,14.43
2018-05-31 10:00:56,43.196666666666665,15.96,5.115,29.36,35.26,0.0,24.8
2018-05-31 11:00:56,44.60666666666666,10.455,6.350000000000001,34.27,39.135,0.0,23.25
2018-05-31 12:00:56,43.66333333333333,6.945,7.765000000000001,37.465,47.44,0.0,23.0
2018-05-31 13:00:56,42.68666666666667,9.459999999999999,8.924999999999999,33.67,45.25,0.0,29.31
2018-05-31 14:00:56,38.57666666666667,9.25,8.61,24.905,33.504999999999995,0.0,31.95
2018-05-31 15:00:56,26.86,6.555,6.9750000000000005,32.58,44.715,0.0,25.78
2018-05-31 16:00:56,29.14,5.415,5.75,36.735,48.345,0.0,22.13
2018-05-31 17:00:56,32.413333333333334,5.44,3.8949999999999996,36.925,50.73,0.0,24.21
2018-05-31 18:00:56,22.003333333333334,5.510000000000001,3.8649999999999998,34.145,45.27,0.0,24.97
2018-05-31 19:00:56,18.98,8.450000000000001,3.9949999999999997,40.7,58.830000000000005,0.0,20.57
2018-05-31 20:00:56,25.473333333333333,10.495,3.8200000000000003,30.26,39.055,0.0,26.46
2018-05-31 21:00:56,22.64666666666667,5.89,3.76,19.334999999999997,24.355,0.0,31.45
2018-05-31 22:00:56,28.496666666666666,9.165,3.6650000000000005,21.025,26.865,0.0,31.39
2018-05-31 23:00:56,35.13666666666667,7.16,3.595,18.375,22.415000000000003,0.0,33.48
2018-06-01 00:00:56,30.96666666666667,4.614999999999999,3.42,25.560000000000002,30.265,0.0,29.97
2018-06-01 01:00:56,22.983333333333334,4.48,3.4599999999999995,26.25,32.07,0.0,27.68
2018-06-01 02:00:56,23.686666666666667,5.2299999999999995,3.4150000000000005,14.979999999999999,17.54,0.0,32.19
2018-06-01 03:00:56,21.046666666666667,11.535000000000002,3.34,11.835,14.21,0.0,30.26
2018-06-01 04:00:56,23.78,8.815,3.33,13.729999999999999,16.925,0.0,27.91
2018-06-01 05:00:56,24.196666666666665,7.890000000000001,2.6,9.709999999999999,11.530000000000001,0.0,32.51
2018-06-01 06:00:56,20.873333333333335,5.125,2.4,9.06,10.815,0.0,31.04
2018-06-01 07:00:56,21.906666666666666,7.585000000000001,2.51,16.525,23.355,0.0,28.63
2018-06-01 08:00:56,15.823333333333332,5.3500000000000005,2.35,29.274999999999995,38.160000000000004,0.0,25.59
2018-06-01 09:00:56,17.843333333333334,8.9,2.475,39.5,55.525000000000006,0.0,20.49
2018-06-01 10:00:56,28.630000000000003,8.219999999999999,2.25,25.745,35.345,0.0,26.29
2018-06-01 11:00:56,26.78333333333333,12.255,2.4,31.7,42.935,0.0,23.51
2018-06-01 12:00:56,31.37,8.2,3.0250000000000004,26.700000000000003,36.375,0.0,29.78
2018-06-01 13:00:56,29.036666666666665,5.305,3.1,31.97,44.6,0.0,29.31
2018-06-01 14:00:56,31.063333333333333,3.86,2.78,25.070000000000004,34.695,0.0,28.72
2018-06-01 15:00:56,26.46666666666667,10.14,2.74,24.42,33.849999999999994,0.0,30.24
2018-06-01 16:00:56,24.96333333333333,14.495,2.475,22.095,29.74,0.0,31.92
2018-06-01 17:00:56,30.276666666666667,8.625,2.9000000000000004,20.26,26.679999999999996,0.0,32.54
2018-06-01 18:00:56,29.30666666666667,5.27,2.7999999999999994,22.25,28.415000000000003,0.0,35.26
2018-06-01 19:00:56,33.78666666666667,3.4949999999999997,3.115,28.115,34.475,0.0,37.53
2018-06-01 20:00:56,29.96,3.34,2.97,30.415000000000003,35.74,0.0,39.28
2018-06-01 21:00:56,28.743333333333336,3.1799999999999997,2.6300000000000003,27.34,31.88,0.0,39.0
2018-06-01 22:00:56,36.11333333333333,3.97,2.555,35.765,43.585,0.0,34.85
2018-06-01 23:00:56,38.846666666666664,3.2550000000000003,2.735,33.32,41.73,0.0,34.86
2018-06-02 00:00:56,34.38666666666667,3.0400000000000005,2.085,50.68,58.395,0.0,25.0
2018-06-02 01:00:56,36.81,7.664999999999999,2.99,76.67,89.71499999999999,0.0,17.22
2018-06-02 02:00:56,41.97333333333333,13.270000000000001,3.785,53.245000000000005,60.855,0.0,27.79
2018-06-02 03:00:56,38.526666666666664,17.615000000000002,3.225,57.04,60.595,0.0,20.47
2018-06-02 04:00:56,41.26,18.715,3.3200000000000003,54.705000000000005,61.050000000000004,0.0,12.17
2018-06-02 05:00:56,42.68333333333334,15.08,3.33,52.82,56.525,0.0,6.59
2018-06-02 06:00:56,58.51666666666666,32.4,3.25,41.955,47.885,0.0,7.33
2018-06-02 07:00:56,63.78333333333333,38.73,7.715,41.32,54.835,0.0,15.64
2018-06-02 08:00:56,66.87333333333333,36.075,6.984999999999999,20.2,25.929999999999996,0.0,42.24
2018-06-02 09:00:56,51.223333333333336,28.0,4.0,24.49,31.03,0.0,40.09
2018-06-02 10:00:56,39.67333333333333,19.105,2.975,23.455000000000002,29.95,0.0,40.41
2018-06-02 11:00:56,32.68666666666667,15.62,2.405,17.815,22.415000000000003,0.0,43.01
2018-06-02 12:00:56,30.176666666666666,13.275,1.88,25.790000000000003,35.03,0.0,37.51
2018-06-02 13:00:56,37.25666666666667,9.985,1.7299999999999998,20.44,26.365,0.0,40.05
2018-06-02 14:00:56,34.79,9.39,1.9400000000000002,23.05,29.629999999999995,0.0,39.74
2018-06-02 15:00:56,31.59,11.0,1.7850000000000001,23.965000000000003,30.804999999999996,0.0,38.86
2018-06-02 16:00:56,25.10333333333333,8.354999999999999,1.72,24.959999999999997,32.015,0.0,38.74
2018-06-02 17:00:56,24.816666666666666,6.739999999999999,1.4799999999999998,25.840000000000003,33.005,0.0,37.57
2018-06-02 18:00:56,31.75333333333333,4.5200000000000005,1.4249999999999998,27.355000000000004,35.14,0.0,37.61
2018-06-02 19:00:56,37.01,7.824999999999999,1.1199999999999999,27.865,35.655,0.0,36.63
2018-06-02 20:00:56,52.806666666666665,9.895,1.14,28.475000000000005,34.82,0.0,36.92
2018-06-02 21:00:56,57.95,5.895,0.96,19.045,23.149999999999995,0.0,39.34
2018-06-02 22:00:56,52.836666666666666,6.715,1.155,19.2,22.69,0.0,39.68
2018-06-02 23:00:56,44.32666666666667,9.19,1.375,26.439999999999998,31.125,0.0,38.73
2018-06-03 00:00:56,37.43666666666667,10.985,3.24,46.155,50.044999999999995,0.0,26.36
2018-06-03 01:00:56,30.553333333333335,9.03,4.385000000000001,43.074999999999996,50.23499999999999,0.0,31.59
2018-06-03 02:00:56,32.07333333333333,9.89,3.99,33.66,37.345,0.0,35.45
2018-06-03 03:00:56,35.95,18.015,4.07,31.86,34.675,0.0,28.7
2018-06-03 04:00:56,42.096666666666664,12.030000000000001,3.5199999999999996,29.25,31.554999999999996,0.0,15.25
2018-06-03 05:00:56,29.536666666666665,19.69,3.4949999999999997,30.23,33.715,0.0,15.18
2018-06-03 06:00:56,28.97,20.165,4.545,33.46,38.96,0.0,11.21
2018-06-03 07:00:56,33.07,21.925,12.44,31.755,38.835,0.0,16.53
2018-06-03 08:00:56,31.07333333333333,23.26,21.189999999999998,29.575000000000003,36.66,0.0,23.29
2018-06-03 09:00:56,31.316666666666666,29.61,17.555,25.14,29.31,0.0,32.12
2018-06-03 10:00:56,17.303333333333335,8.75,7.890000000000001,19.835,22.955000000000002,0.0,35.3
2018-06-03 11:00:56,13.54,9.005,8.06,19.91,22.659999999999997,0.0,42.26
2018-06-03 12:00:56,11.59,6.29,7.705000000000001,18.875,21.925,0.0,45.86
2018-06-03 13:00:56,6.843333333333334,5.94,5.825,28.47,36.78,0.0,43.98
2018-06-03 14:00:56,4.08,0.0,4.42,24.974999999999998,29.67,0.0,45.3
2018-06-03 15:00:56,5.47,1.915,3.375,20.685,24.995000000000005,0.0,47.22
2018-06-03 16:00:56,6.82,1.165,3.0700000000000003,35.175000000000004,44.35,0.0,37.81
2018-06-03 17:00:56,5.026666666666667,4.234999999999999,3.22,39.945,49.44499999999999,0.0,36.14
2018-06-03 18:00:56,4.47,3.515,3.03,54.1,71.23,0.0,27.56
2018-06-03 19:00:56,12.353333333333333,2.9800000000000004,2.25,52.824999999999996,64.795,0.0,31.81
2018-06-03 20:00:56,5.826666666666667,2.54,2.65,40.235,51.73,0.0,30.73
2018-06-03 21:00:56,37.59,2.685,3.76,24.325,28.785,0.0,37.15
2018-06-03 22:00:56,57.833333333333336,5.505,4.16,24.165000000000003,29.060000000000002,0.0,40.28
2018-06-03 23:00:56,46.99333333333333,7.995,4.074999999999999,22.584999999999997,26.485,0.0,42.07
2018-06-04 00:00:56,42.71666666666667,6.655,3.545,25.849999999999998,29.540000000000003,0.0,38.8
2018-06-04 01:00:56,32.89333333333334,6.825,3.2999999999999994,21.87,24.320000000000004,0.0,39.13
2018-06-04 02:00:56,33.913333333333334,6.739999999999999,4.38,32.565,37.255,0.0,35.25
2018-06-04 03:00:56,35.47,12.530000000000001,7.2,43.705000000000005,48.065,0.0,19.51
2018-06-04 04:00:56,43.13333333333333,24.590000000000003,6.859999999999999,43.76500000000001,50.415,0.0,9.47
2018-06-04 05:00:56,53.16,29.615,8.26,40.565,43.64000000000001,0.0,11.33
2018-06-04 06:00:56,55.98,31.465,8.225,33.395,35.88,0.0,14.57
2018-06-04 07:00:56,63.07666666666667,41.01,34.505,41.14,54.01,0.0,13.94
2018-06-04 08:00:56,66.48666666666666,42.525,33.495,48.305,64.655,0.0,13.77
2018-06-04 09:00:56,66.44666666666666,34.585,18.745,36.635,44.025,0.0,24.83
2018-06-04 10:00:56,53.63333333333333,24.37,10.66,23.455000000000002,27.054999999999996,0.0,34.87
2018-06-04 11:00:56,31.87333333333333,16.43,7.414999999999999,22.99,26.540000000000003,0.0,40.67
2018-06-04 12:00:56,29.336666666666666,9.405,6.03,21.084999999999997,23.78,0.0,43.51
2018-06-04 13:00:56,25.423333333333336,5.885000000000001,6.885000000000001,22.11,25.5,0.0,43.4
2018-06-04 14:00:56,20.28666666666667,4.34,8.29,17.53,20.42,0.0,46.02
2018-06-04 15:00:56,17.856666666666666,3.565,4.72,14.85,16.915,0.0,51.85
2018-06-04 16:00:56,13.49,2.59,3.965,17.84,20.815,0.0,51.35
2018-06-04 17:00:56,11.543333333333333,2.24,4.26,18.415,21.015,0.0,47.31
2018-06-04 18:00:56,13.146666666666667,1.75,4.800000000000001,43.955000000000005,55.57500000000001,0.0,35.96
2018-06-04 19:00:56,26.166666666666668,1.375,4.25,34.145,41.28,0.0,39.35
2018-06-04 20:00:56,39.193333333333335,0.7799999999999999,4.23,35.67,42.15,0.0,39.28
2018-06-04 21:00:56,52.416666666666664,3.6449999999999996,4.02,26.005,30.125,0.0,41.89
2018-06-04 22:00:56,48.13333333333333,6.43,4.505,35.375,41.525000000000006,0.0,40.46
2018-06-04 23:00:56,46.766666666666666,4.405,7.175000000000001,33.51499999999999,36.94,0.0,38.72
2018-06-05 00:00:56,41.04333333333334,4.510000000000001,5.46,29.179999999999996,32.945,0.0,39.21
2018-06-05 01:00:56,29.15,7.2250000000000005,6.114999999999999,41.26,44.09,0.0,35.91
2018-06-05 02:00:56,30.973333333333333,8.03,18.185,49.35999999999999,52.19,0.0,30.22
2018-06-05 03:00:56,45.75333333333333,14.94,15.780000000000001,52.949999999999996,56.68,0.0,10.52
2018-06-05 04:00:56,44.72666666666667,22.87,17.634999999999998,41.595,44.335,0.0,8.96
2018-06-05 05:00:56,57.379999999999995,21.645,19.599999999999998,43.68,46.0,0.0,8.0
2018-06-05 06:00:56,49.89666666666667,23.334999999999997,12.424999999999999,43.46,49.074999999999996,0.0,6.29
2018-06-05 07:00:56,56.97666666666667,27.45,35.095,48.06,65.555,0.0,5.87
2018-06-05 08:00:56,59.66,28.575,41.735,54.635,73.605,0.0,12.29
2018-06-05 09:00:56,65.21,33.655,37.305,62.315,82.505,0.0,12.87
2018-06-05 10:00:56,76.84,30.349999999999998,35.839999999999996,44.830000000000005,51.36000000000001,0.0,29.11
2018-06-05 11:00:56,70.56,21.755,16.21,30.37,33.949999999999996,0.0,39.17
2018-06-05 12:00:56,50.18000000000001,13.755,11.32,21.334999999999997,24.05,0.0,46.14
2018-06-05 13:00:56,30.87,12.36,8.89,17.235,19.38,0.0,49.32
2018-06-05 14:00:56,23.316666666666666,10.229999999999999,8.185,16.58,18.65,0.0,49.3
2018-06-05 15:00:56,24.633333333333333,6.909999999999999,7.1000000000000005,16.625,18.98,0.0,47.62
2018-06-05 16:00:56,21.4,6.155,5.995,15.469999999999999,17.54,0.0,45.39
2018-06-05 17:00:56,20.223333333333333,4.86,5.544999999999999,18.31,20.58,0.0,45.82
2018-06-05 18:00:56,19.46333333333333,4.245,5.035,26.669999999999998,29.349999999999998,0.0,42.99
2018-06-05 19:00:56,26.633333333333333,3.52,8.285,34.86,37.97,0.0,39.29
2018-06-05 20:00:56,41.223333333333336,5.425,5.510000000000001,35.52,41.32,0.0,34.77
2018-06-05 21:00:56,48.46666666666667,12.770000000000001,4.645,43.085,49.01,0.0,29.98
2018-06-05 22:00:56,46.46666666666667,19.075,4.5,61.29,72.745,0.0,21.61
2018-06-05 23:00:56,46.31333333333333,12.425000000000002,5.0249999999999995,75.685,82.66,0.0,17.01
2018-06-06 00:00:56,44.873333333333335,9.075000000000001,7.275000000000001,44.68000000000001,50.895,0.0,28.96
2018-06-06 01:00:56,45.666666666666664,6.495,6.56,42.675000000000004,47.550000000000004,0.0,29.33
2018-06-06 02:00:56,38.37,8.81,7.050000000000001,58.51,63.79999999999999,0.0,12.26
2018-06-06 03:00:56,48.78333333333333,11.594999999999999,9.32,56.07,62.150000000000006,0.0,10.61
2018-06-06 04:00:56,54.36333333333334,19.795,10.74,33.515,35.665,0.0,20.45
2018-06-06 05:00:56,39.95333333333333,13.68,8.21,33.105,34.81,0.0,24.12
2018-06-06 06:00:56,42.776666666666664,15.410000000000002,7.580000000000001,39.120000000000005,44.64000000000001,0.0,21.75
2018-06-06 07:00:56,47.766666666666666,16.09,11.87,51.61000000000001,72.9,0.0,6.49
2018-06-06 08:00:56,70.94,25.045,32.655,64.705,93.11,0.0,13.47
2018-06-06 09:00:56,53.06666666666666,30.424999999999997,23.52,32.35,36.145,0.0,33.18
2018-06-06 10:00:56,41.75,18.51,17.67,25.94,29.115,0.0,40.95
2018-06-06 11:00:56,36.903333333333336,13.094999999999999,12.4,23.155,25.89,0.0,44.79
2018-06-06 12:00:56,37.906666666666666,11.815,9.91,17.19,19.495,0.0,51.63
2018-06-06 13:00:56,29.10333333333333,9.270000000000001,7.31,17.215,19.375,0.0,52.21
2018-06-06 14:00:56,22.596666666666664,6.7749999999999995,6.285,16.064999999999998,17.595,0.0,53.27
2018-06-06 15:00:56,25.873333333333335,6.739999999999999,5.415,17.56,19.955000000000002,0.0,50.26
2018-06-06 16:00:56,30.536666666666665,4.31,5.33,15.89,17.32,0.0,53.25
2018-06-06 17:00:56,38.45,3.595,4.640000000000001,20.75,22.825,0.0,49.45
2018-06-06 18:00:56,38.766666666666666,6.32,4.84,23.97,26.540000000000003,0.0,46.0
2018-06-06 19:00:56,34.46,10.575000000000001,5.4750000000000005,33.800000000000004,36.94,0.0,39.63
2018-06-06 20:00:56,36.583333333333336,17.25,7.905,59.215,65.29,0.0,31.11
2018-06-06 21:00:56,43.31666666666666,9.98,9.005,58.21,63.824999999999996,0.0,26.4
2018-06-06 22:00:56,42.79333333333334,8.950000000000001,12.339999999999998,68.715,82.085,0.0,18.5
2018-06-06 23:00:56,44.60333333333333,16.99,12.19,69.665,77.435,0.0,19.66
2018-06-07 00:00:56,46.13666666666666,18.305,8.72,63.99,74.595,0.0,10.22
2018-06-07 01:00:56,47.873333333333335,23.505,8.78,72.165,79.095,0.0,9.12
2018-06-07 02:00:56,54.14666666666667,27.37,17.455000000000002,65.39999999999999,69.97,0.0,12.73
2018-06-07 03:00:56,63.49,29.645,12.475000000000001,59.31,65.13,0.0,9.51
2018-06-07 04:00:56,70.26,31.650000000000002,15.685,55.714999999999996,60.13,0.0,7.71
2018-06-07 05:00:56,68.18333333333334,33.475,13.030000000000001,40.435,42.54,0.0,10.16
2018-06-07 06:00:56,71.96333333333334,33.754999999999995,11.75,28.035,31.01,0.0,15.46
2018-06-07 07:00:56,72.41666666666667,22.304999999999996,22.224999999999998,40.43,51.885,0.0,14.51
2018-06-07 08:00:56,60.16333333333333,15.25,39.325,51.69,68.59,0.0,12.44
2018-06-07 09:00:56,62.75,17.03,29.534999999999997,45.699999999999996,57.73,0.0,20.62
2018-06-07 10:00:56,56.02333333333333,22.915000000000003,18.02,25.33,28.865,0.0,37.92
2018-06-07 11:00:56,36.836666666666666,8.995,12.93,15.615,17.650000000000002,0.0,47.77
2018-06-07 12:00:56,25.633333333333336,7.72,3.945,20.235,23.620000000000005,0.0,48.31
2018-06-07 13:00:56,19.843333333333334,6.609999999999999,7.325,19.275,22.615,0.0,49.21
2018-06-07 14:00:56,13.700000000000001,4.0,5.97,20.685,24.74,0.0,51.32
2018-06-07 15:00:56,13.036666666666665,3.975,6.175,14.955,17.3,0.0,50.26
2018-06-07 16:00:56,14.943333333333333,5.78,5.239999999999999,26.149999999999995,32.635,0.0,39.27
2018-06-07 17:00:56,30.166666666666668,5.035,6.18,24.895,27.75,0.0,39.67
2018-06-07 18:00:56,47.95333333333333,7.4750000000000005,5.045,39.72,44.775,0.0,34.69
2018-06-07 19:00:56,29.82333333333333,10.375,4.655,73.445,97.295,0.0,19.29
2018-06-07 20:00:56,33.74666666666667,11.255,4.885,60.905,70.83,0.0,22.18
2018-06-07 21:00:56,40.653333333333336,10.025,5.47,76.515,101.27,0.0,14.08
2018-06-07 22:00:56,50.36,14.24,4.8950000000000005,76.27499999999999,88.37,0.0,16.13
2018-06-07 23:00:56,53.71333333333334,20.635,5.12,72.16,98.74,0.0,9.02
2018-06-08 00:00:56,78.78333333333333,27.98,5.390000000000001,71.495,100.21999999999998,0.0,7.31
2018-06-08 01:00:56,87.63333333333333,24.429999999999996,5.785,59.07,72.835,0.0,6.82
2018-06-08 02:00:56,78.32666666666667,23.36,5.544999999999999,70.845,91.71499999999999,0.0,5.43
2018-06-08 03:00:56,69.33333333333333,15.659999999999998,5.23,56.285,67.32000000000001,0.0,7.38
2018-06-08 04:00:56,54.803333333333335,15.604999999999999,5.489999999999999,50.785,63.91499999999999,0.0,3.38
2018-06-08 05:00:56,65.65666666666667,29.67,5.8,37.42,40.43,0.0,8.86
2018-06-08 06:00:56,64.90333333333334,32.45,6.98,32.19,36.86,0.0,13.85
2018-06-08 07:00:56,53.32333333333333,22.72,12.165,38.085,55.60999999999999,0.0,10.21
2018-06-08 08:00:56,78.06666666666666,31.175,45.81,42.365,61.419999999999995,0.0,9.72
2018-06-08 09:00:56,86.36333333333333,39.07,33.11,43.625,57.035,0.0,14.87
2018-06-08 10:00:56,64.55666666666667,28.939999999999998,22.14,38.085,46.155,0.0,22.81
2018-06-08 11:00:56,46.623333333333335,19.465,17.37,41.745,48.650000000000006,0.0,29.56
2018-06-08 12:00:56,40.38333333333333,14.6,13.18,32.665,38.03,0.0,37.82
2018-06-08 13:00:56,33.79,9.33,9.51,37.535,45.385,0.0,35.01
2018-06-08 14:00:56,20.816666666666666,5.825,7.375,24.89,29.52,0.0,42.4
2018-06-08 15:00:56,15.506666666666668,4.12,5.62,33.15,40.98500000000001,0.0,39.55
2018-06-08 16:00:56,13.85,2.98,4.265000000000001,37.33,46.94499999999999,0.0,37.84
2018-06-08 17:00:56,16.43,2.395,3.68,47.935,62.145,0.0,35.75
2018-06-08 18:00:56,13.483333333333334,1.3499999999999999,3.4250000000000003,47.48499999999999,59.88999999999999,0.0,34.21
2018-06-08 19:00:56,21.78333333333333,3.97,2.955,33.105,39.43,0.0,42.4
2018-06-08 20:00:56,44.336666666666666,8.22,2.735,32.415,39.045,0.0,40.64
2018-06-08 21:00:56,43.88333333333333,7.36,2.815,23.415000000000003,26.875,0.0,43.4
2018-06-08 22:00:56,33.98,7.095,2.61,26.064999999999998,30.73,0.0,40.17
2018-06-08 23:00:56,32.32666666666667,16.735,2.485,30.025000000000002,35.405,0.0,36.99
2018-06-09 00:00:56,37.156666666666666,14.765,2.47,24.700000000000003,27.865,0.0,41.68
2018-06-09 01:00:56,33.37,9.285,2.5749999999999997,20.835,23.48,0.0,42.35
2018-06-09 02:00:56,26.763333333333335,9.245,2.715,35.544999999999995,38.815,0.0,35.84
2018-06-09 03:00:56,38.31333333333333,17.94,3.2650000000000006,34.410000000000004,37.535,0.0,30.25
2018-06-09 04:00:56,43.14666666666667,26.275000000000002,3.785,37.75,41.96,0.0,23.83
2018-06-09 05:00:56,40.76666666666667,23.385,3.875,29.22,31.315,0.0,19.65
2018-06-09 06:00:56,36.056666666666665,19.53,5.645,42.485,51.125,0.0,7.69
2018-06-09 07:00:56,62.49000000000001,37.645,14.14,40.949999999999996,53.57500000000001,0.0,6.69
2018-06-09 08:00:56,72.86666666666666,43.805,17.45,50.535,75.73,0.0,10.09
2018-06-09 09:00:56,69.54333333333334,38.695,13.540000000000001,42.94,52.660000000000004,0.0,19.84
2018-06-09 10:00:56,50.413333333333334,28.66,10.205,28.935,33.035,0.0,35.51
2018-06-09 11:00:56,32.17,13.775,7.544999999999999,19.16,22.255,0.0,49.15
2018-06-09 12:00:56,20.706666666666667,10.57,5.32,23.285,26.925,0.0,47.1
2018-06-09 13:00:56,16.933333333333334,6.775000000000001,5.335,18.45,21.05,0.0,46.81
2018-06-09 14:00:56,15.293333333333333,3.625,5.72,16.525000000000002,19.35,0.0,46.91
2018-06-09 15:00:56,15.366666666666667,2.38,4.12,18.905,22.645,0.0,45.94
2018-06-09 16:00:56,19.763333333333332,6.074999999999999,3.35,17.63,20.6,0.0,43.62
2018-06-09 17:00:56,17.043333333333333,3.4800000000000004,2.9150000000000005,22.834999999999997,27.225000000000005,0.0,41.0
2018-06-09 18:00:56,17.026666666666667,2.635,2.74,24.16,29.915000000000003,0.0,40.38
2018-06-09 19:00:56,16.816666666666666,0.9700000000000001,2.535,41.02,51.47,0.0,33.45
2018-06-09 20:00:56,23.290000000000003,1.06,2.39,49.19,59.050000000000004,0.0,36.21
2018-06-09 21:00:56,28.683333333333337,10.15,1.9000000000000001,29.88,34.61,0.0,41.48
2018-06-09 22:00:56,28.32,12.635,1.89,27.74,31.450000000000003,0.0,42.94
2018-06-09 23:00:56,32.1,11.469999999999999,2.015,40.505,46.580000000000005,0.0,34.63
2018-06-10 00:00:56,27.253333333333334,15.255,3.5,31.304999999999996,34.89,0.0,38.6
2018-06-10 01:00:56,27.54,14.469999999999999,4.33,35.445,39.135,0.0,37.57
2018-06-10 02:00:56,31.796666666666667,17.615,6.359999999999999,36.875,41.02,0.0,38.13
2018-06-10 03:00:56,36.55,21.455,12.060000000000002,53.175000000000004,56.605,0.0,18.21
2018-06-10 04:00:56,40.916666666666664,31.099999999999998,15.564999999999998,50.294999999999995,52.35999999999999,0.0,9.31
2018-06-10 05:00:56,49.083333333333336,39.34,16.31,38.505,41.07,0.0,10.71
2018-06-10 06:00:56,52.28666666666666,46.73500000000001,18.14,40.155,44.925000000000004,0.0,12.26
2018-06-10 07:00:56,43.25333333333333,47.919999999999995,19.84,36.165,43.405,0.0,16.01
2018-06-10 08:00:56,40.91,40.71,43.550000000000004,50.35,66.66000000000001,0.0,14.73
2018-06-10 09:00:56,38.72666666666666,39.095,39.675,40.91,47.26,0.0,26.76
2018-06-10 10:00:56,33.5,31.429999999999996,29.25,34.48,38.885,0.0,34.1
2018-06-10 11:00:56,37.06,34.67,20.63,22.400000000000002,24.830000000000002,0.0,45.09
2018-06-10 12:00:56,24.5,23.035,12.33,21.7,24.245000000000005,0.0,46.46
2018-06-10 13:00:56,14.993333333333334,12.85,9.435,17.77,19.995,0.0,50.62
2018-06-10 14:00:56,13.133333333333335,4.285,8.455,34.355,40.14,0.0,43.74
2018-06-10 15:00:56,24.226666666666667,4.98,7.325,35.04,44.35999999999999,0.0,40.4
2018-06-10 16:00:56,23.07,3.235,5.3999999999999995,41.63,53.37,0.0,33.44
2018-06-10 17:00:56,28.693333333333335,4.005,3.84,51.895,67.33,0.0,26.63
2018-06-10 18:00:56,27.05333333333333,4.194999999999999,3.0050000000000003,20.355,24.755,0.0,43.78
2018-06-10 19:00:56,29.766666666666666,7.489999999999999,2.395,21.564999999999998,26.459999999999997,0.0,42.09
2018-06-10 20:00:56,54.02,11.665,2.36,22.445000000000004,26.405,0.0,42.39
2018-06-10 21:00:56,59.45,8.65,2.255,18.235,21.785,0.0,43.52
2018-06-10 22:00:56,47.513333333333335,6.915,2.325,19.645,23.625,0.0,44.78
2018-06-10 23:00:56,42.66333333333333,9.19,2.0900000000000003,20.55,25.349999999999998,0.0,43.33
2018-06-11 00:00:56,32.446666666666665,7.164999999999999,2.09,25.855,29.685,0.0,39.21
2018-06-11 01:00:56,34.46666666666667,10.39,2.2100000000000004,18.705,21.05,0.0,42.29
2018-06-11 02:00:56,34.446666666666665,7.73,2.28,11.844999999999999,13.799999999999999,0.0,43.85
2018-06-11 03:00:56,31.71666666666667,8.68,1.905,7.925,9.69,0.0,44.96
2018-06-11 04:00:56,22.686666666666667,10.94,1.88,6.905,8.125,0.0,46.04
2018-06-11 05:00:56,18.436666666666667,7.505,2.74,7.085000000000001,8.344999999999999,0.0,43.27
2018-06-11 06:00:56,20.48,6.685,2.84,6.97,8.57,0.0,41.99
2018-06-11 07:00:56,19.723333333333333,9.715000000000002,2.7300000000000004,7.96,9.93,0.0,42.6
2018-06-11 08:00:56,24.593333333333334,10.82,2.605,20.94,26.765,0.0,36.6
2018-06-11 09:00:56,25.68,11.57,2.6749999999999994,24.89,32.455,0.0,35.47
2018-06-11 10:00:56,27.773333333333333,14.089999999999998,2.535,23.595,30.91,0.0,36.88
2018-06-11 11:00:56,27.77,3.095,2.49,23.865,30.400000000000002,0.0,40.74
2018-06-11 12:00:56,29.093333333333334,10.424999999999999,2.9599999999999995,21.560000000000002,27.645,0.0,40.23
2018-06-11 13:00:56,28.80666666666667,7.145,2.715,6.62,7.785,0.0,41.75
2018-06-11 14:00:56,26.46333333333333,4.675,2.8200000000000003,21.16,27.035,0.0,42.87
2018-06-11 15:00:56,24.87333333333333,3.51,2.78,20.355,25.635,0.0,42.82
2018-06-11 16:00:56,27.783333333333335,3.01,2.72,22.685000000000002,29.31,0.0,41.64
2018-06-11 17:00:56,32.28,2.85,2.4899999999999998,19.69,23.929999999999996,0.0,44.66
2018-06-11 18:00:56,47.33,2.595,2.6350000000000002,23.575,28.784999999999997,0.0,45.26
2018-06-11 19:00:56,62.053333333333335,10.345,2.5250000000000004,22.61,27.61,0.0,46.49
2018-06-11 20:00:56,70.03333333333333,17.245,2.315,21.455,25.425,0.0,46.41
2018-06-11 21:00:56,64.39,11.99,2.19,20.785,24.645,0.0,45.68
2018-06-11 22:00:56,50.07333333333334,16.0,1.92,23.209999999999997,28.645,0.0,41.56
2018-06-11 23:00:56,46.946666666666665,17.41,2.165,21.01,25.34,0.0,42.57
2018-06-12 00:00:56,42.026666666666664,11.6,2.17,28.305000000000003,32.455,0.0,38.56
2018-06-12 01:00:56,36.406666666666666,12.635,1.955,21.679999999999996,23.685000000000002,0.0,42.74
2018-06-12 02:00:56,33.04666666666667,12.979999999999999,2.1950000000000003,21.245,24.995000000000005,0.0,40.44
2018-06-12 03:00:56,34.120000000000005,11.315,1.86,14.96,17.150000000000002,0.0,42.75
2018-06-12 04:00:56,24.403333333333336,9.045,4.465,15.475,16.535,0.0,44.65
2018-06-12 05:00:56,29.426666666666666,15.555,16.615,28.314999999999998,30.28,0.0,44.67
2018-06-12 06:00:56,36.60666666666667,22.22,10.62,22.935,24.735,0.0,40.9
2018-06-12 07:00:56,34.193333333333335,18.37,11.340000000000002,31.135,37.5,0.0,35.0
2018-06-12 08:00:56,39.416666666666664,23.215000000000003,11.89,35.949999999999996,45.46,0.0,36.65
2018-06-12 09:00:56,30.796666666666667,21.89,5.734999999999999,22.899999999999995,28.705,0.0,43.64
2018-06-12 10:00:56,25.843333333333334,19.175,3.2899999999999996,28.340000000000003,36.005,0.0,41.53
2018-06-12 11:00:56,26.593333333333334,16.34,2.73,22.090000000000003,27.405,0.0,44.64
2018-06-12 12:00:56,33.06333333333333,10.435,2.685,19.0,23.444999999999997,0.0,46.02
2018-06-12 13:00:56,26.28333333333333,8.115,1.265,20.795,25.51,0.0,44.53
2018-06-12 14:00:56,22.799999999999997,7.969999999999999,2.35,25.355,32.455,0.0,44.17
2018-06-12 15:00:56,28.39,6.095,2.1750000000000003,25.53,33.11,0.0,44.88
2018-06-12 16:00:56,32.78333333333333,6.02,2.185,23.735,29.245,0.0,48.34
2018-06-12 17:00:56,31.51,4.415,2.1999999999999997,25.064999999999998,31.47,0.0,46.42
2018-06-12 18:00:56,35.153333333333336,3.58,2.09,25.070000000000004,30.84,0.0,42.97
2018-06-12 19:00:56,40.093333333333334,6.53,2.0250000000000004,28.075,34.745000000000005,0.0,40.48
2018-06-12 20:00:56,42.13666666666667,8.565,2.165,29.474999999999998,35.419999999999995,0.0,37.73
2018-06-12 21:00:56,42.769999999999996,8.58,2.105,26.73,31.995,0.0,37.23
2018-06-12 22:00:56,32.7,8.41,2.25,28.22,33.33,0.0,40.58
2018-06-12 23:00:56,41.04,6.465,2.4250000000000003,24.685000000000002,28.05,0.0,46.01
2018-06-13 00:00:56,34.406666666666666,6.844999999999999,2.555,25.825,29.459999999999997,0.0,47.32
2018-06-13 01:00:56,27.18,10.61,3.6449999999999996,32.425,36.665,0.0,43.85
2018-06-13 02:00:56,37.663333333333334,10.235,8.39,38.185,39.5,0.0,41.11
2018-06-13 03:00:56,35.61666666666667,11.56,13.125,48.285,50.465,0.0,22.81
2018-06-13 04:00:56,45.94,21.175,16.965,59.495,62.44,0.0,14.65
2018-06-13 05:00:56,47.263333333333335,26.985,19.02,47.29999999999999,50.165,0.0,20.88
2018-06-13 06:00:56,48.21,29.399999999999995,21.135,39.324999999999996,42.669999999999995,0.0,22.09
2018-06-13 07:00:56,56.16,32.045,34.85,44.845,54.120000000000005,0.0,23.1
2018-06-13 08:00:56,58.99333333333333,29.560000000000002,39.375,66.06,89.235,0.0,19.3
2018-06-13 09:00:56,59.526666666666664,30.425,39.62,66.37,79.555,0.0,25.18
2018-06-13 10:00:56,62.08666666666667,29.145,26.23,56.78,68.49,0.0,25.59
2018-06-13 11:00:56,49.656666666666666,25.05,11.035000000000002,39.31,46.885,0.0,35.13
2018-06-13 12:00:56,27.453333333333333,14.735,6.204999999999999,31.37,40.32,0.0,37.78
2018-06-13 13:00:56,20.946666666666665,9.025,5.085,46.449999999999996,62.129999999999995,0.0,31.12
2018-06-13 14:00:56,19.92,4.984999999999999,4.695,41.07,55.14000000000001,0.0,34.49
2018-06-13 15:00:56,14.506666666666668,3.265,4.335,51.935,68.165,0.0,32.43
2018-06-13 16:00:56,15.553333333333333,2.38,3.94,48.6,67.26,0.0,35.09
2018-06-13 17:00:56,14.546666666666667,1.46,4.1000000000000005,47.365,59.294999999999995,0.0,37.26
2018-06-13 18:00:56,18.71666666666667,0.81,3.9849999999999994,39.755,48.035000000000004,0.0,42.14
2018-06-13 19:00:56,34.403333333333336,1.38,4.2749999999999995,38.095,46.22,0.0,40.32
2018-06-13 20:00:56,48.303333333333335,5.6000000000000005,4.52,39.964999999999996,48.77,0.0,36.08
2018-06-13 21:00:56,51.29666666666667,8.775,4.705,31.959999999999997,37.575,0.0,39.05
2018-06-13 22:00:56,46.263333333333335,8.895,5.515000000000001,55.225,62.69,0.0,30.01
2018-06-13 23:00:56,42.06666666666666,12.699999999999998,4.58,34.69,39.525000000000006,0.0,35.44
2018-06-14 00:00:56,39.4,9.095,4.305,48.044999999999995,58.93,0.0,27.74
2018-06-14 01:00:56,37.00666666666667,8.455,4.32,39.96,44.355,0.0,34.15
2018-06-14 02:00:56,37.416666666666664,8.585,4.66,32.77,36.17,0.0,33.34
2018-06-14 03:00:56,36.120000000000005,5.645,5.33,52.339999999999996,54.815,0.0,21.47
2018-06-14 04:00:56,40.86666666666667,9.885,6.925,51.044999999999995,53.535,0.0,16.76
2018-06-14 05:00:56,49.019999999999996,20.65,6.55,57.75,65.07,0.0,8.05
2018-06-14 06:00:56,55.26,25.285,7.655,52.70000000000001,58.60999999999999,0.0,6.07
2018-06-14 07:00:56,64.33,31.685000000000002,16.765,51.225,66.625,0.0,8.66
2018-06-14 08:00:56,74.62666666666667,29.515,15.335,31.78,37.845,0.0,25.6
2018-06-14 09:00:56,52.54333333333333,26.935,10.06,26.285,31.125,0.0,32.73
2018-06-14 10:00:56,38.21333333333333,20.845,6.9750000000000005,20.61,23.804999999999996,0.0,38.46
2018-06-14 11:00:56,26.183333333333334,18.02,6.044999999999999,16.595,18.625,0.0,45.37
2018-06-14 12:00:56,20.8,2.51,5.435,19.56,21.689999999999998,0.0,48.47
2018-06-14 13:00:56,16.5,1.9900000000000002,5.295,27.180000000000003,31.135,0.0,49.35
2018-06-14 14:00:56,16.426666666666666,1.29,5.02,30.98,35.65,0.0,52.2
2018-06-14 15:00:56,15.71,3.89,4.78,36.97,46.99,0.0,47.03
2018-06-14 16:00:56,14.313333333333333,0.59,4.385000000000001,37.449999999999996,43.910000000000004,0.0,46.94
2018-06-14 17:00:56,17.673333333333336,0.77,4.715,38.56,44.39000000000001,0.0,48.51
2018-06-14 18:00:56,21.51,1.83,4.5,49.605,59.35,0.0,41.78
2018-06-14 19:00:56,22.69333333333333,1.5599999999999998,3.5,36.14,42.23,0.0,41.83
2018-06-14 20:00:56,61.39666666666667,6.06,3.1799999999999997,35.255,44.91,0.0,39.41
2018-06-14 21:00:56,78.18,12.39,3.6950000000000003,39.755,48.01,0.0,35.54
2018-06-14 22:00:56,52.67,21.175,4.06,55.975,64.60000000000001,0.0,30.24
2018-06-14 23:00:56,44.903333333333336,23.41,4.7700000000000005,64.86,74.315,0.0,23.5
2018-06-15 00:00:56,43.083333333333336,19.145,4.755,62.025000000000006,70.98,0.0,27.49
2018-06-15 01:00:56,47.14333333333334,12.969999999999999,5.005,69.245,81.33,0.0,11.93
2018-06-15 02:00:56,46.593333333333334,15.965000000000002,5.945,49.580000000000005,53.71,0.0,17.46
2018-06-15 03:00:56,53.663333333333334,16.055,7.234999999999999,51.43,55.035,0.0,18.59
2018-06-15 04:00:56,55.156666666666666,15.775,8.305,42.19,44.475,0.0,24.35
2018-06-15 05:00:56,38.04666666666667,14.104999999999999,7.254999999999999,35.550000000000004,37.515,0.0,18.61
2018-06-15 06:00:56,40.083333333333336,11.729999999999999,8.245,32.465,34.95,0.0,26.27
2018-06-15 07:00:56,32.07,8.865,8.555,35.699999999999996,39.785,0.0,25.86
2018-06-15 08:00:56,35.846666666666664,13.0,10.67,35.265,40.52,0.0,20.51
2018-06-15 09:00:56,27.80666666666667,15.71,9.67,21.599999999999998,24.569999999999997,0.0,35.46
2018-06-15 10:00:56,24.926666666666666,10.665,7.425,28.55,32.575,0.0,37.92
2018-06-15 11:00:56,25.356666666666666,12.38,6.065,26.689999999999998,31.595,0.0,39.82
2018-06-15 12:00:56,21.37,13.89,4.59,26.849999999999998,34.33,0.0,38.22
2018-06-15 13:00:56,25.866666666666667,7.54,4.03,27.945000000000004,36.275,0.0,39.97
2018-06-15 14:00:56,20.376666666666665,4.875,3.67,31.015,38.635,0.0,38.75
2018-06-15 15:00:56,22.776666666666667,3.74,3.39,27.12,32.28,0.0,44.69
2018-06-15 16:00:56,25.183333333333337,6.93,2.75,19.19,21.765,0.0,46.15
2018-06-15 17:00:56,35.93,7.75,2.78,19.96,24.015,0.0,47.4
2018-06-15 18:00:56,29.66,4.52,2.5050000000000003,16.645,19.605,0.0,48.05
2018-06-15 19:00:56,31.840000000000003,3.86,2.455,18.99,21.679999999999996,0.0,45.07
2018-06-15 20:00:56,29.56,5.495,2.51,26.200000000000003,31.459999999999997,0.0,41.89
2018-06-15 21:00:56,30.09,5.505,2.285,22.845,26.89,0.0,42.14
2018-06-15 22:00:56,24.873333333333335,4.27,2.285,43.794999999999995,53.16,0.0,30.74
2018-06-15 23:00:56,27.453333333333333,9.34,2.36,49.72,59.615,0.0,30.76
2018-06-16 00:00:56,37.44333333333333,16.41,2.515,39.985,46.185,0.0,28.78
2018-06-16 01:00:56,43.346666666666664,14.329999999999998,2.8699999999999997,42.05,50.35,0.0,26.63
2018-06-16 02:00:56,33.58,11.525,2.97,28.08,31.385,0.0,36.02
2018-06-16 03:00:56,40.79333333333334,13.520000000000001,2.92,24.245,26.430000000000003,0.0,22.64
2018-06-16 04:00:56,38.873333333333335,18.36,2.7449999999999997,17.895,19.34,0.0,26.32
2018-06-16 05:00:56,35.56333333333333,15.854999999999999,2.9249999999999994,21.5,24.27,0.0,24.49
2018-06-16 06:00:56,29.666666666666668,13.305,2.97,15.015,17.35,0.0,34.96
2018-06-16 07:00:56,25.203333333333333,12.924999999999999,3.605,17.625,19.72,0.0,34.78
2018-06-16 08:00:56,21.876666666666665,11.729999999999999,3.8349999999999995,11.385,13.06,0.0,39.75
2018-06-16 09:00:56,21.45,9.41,3.72,14.229999999999999,16.535,0.0,40.22
2018-06-16 10:00:56,16.21,12.655000000000001,3.77,9.585,10.93,0.0,47.69
2018-06-16 11:00:56,14.53,0.0,3.8249999999999997,14.295,17.435000000000002,0.0,48.78
2018-06-16 12:00:56,22.74666666666667,6.265000000000001,4.03,14.82,16.965,0.0,47.59
2018-06-16 13:00:56,23.063333333333333,4.095,3.4949999999999997,20.805,25.855,0.0,41.76
2018-06-16 14:00:56,21.776666666666667,3.4150000000000005,3.1999999999999997,14.875,19.84,0.0,47.83
2018-06-16 15:00:56,26.093333333333334,2.885,3.31,17.08,20.885,0.0,45.48
2018-06-16 16:00:56,19.18,2.635,3.055,18.17,21.840000000000003,0.0,44.94
2018-06-16 17:00:56,17.813333333333333,2.1999999999999997,3.035,22.685000000000002,27.290000000000003,0.0,43.66
2018-06-16 18:00:56,28.3,1.58,2.585,46.585,63.68,0.0,28.53
2018-06-16 19:00:56,39.873333333333335,3.3249999999999997,2.785,24.450000000000003,30.159999999999997,0.0,38.02
2018-06-16 20:00:56,89.51333333333334,12.86,2.385,34.025,41.22,0.0,27.67
2018-06-16 21:00:56,65.69333333333333,15.485,2.095,51.205000000000005,66.985,0.0,22.77
2018-06-16 22:00:56,57.55666666666667,14.62,2.365,34.1,43.305,0.0,26.37
2018-06-16 23:00:56,46.53,14.205,2.4,31.100000000000005,35.96,0.0,25.26
2018-06-17 00:00:56,34.946666666666665,12.01,1.8049999999999997,21.395,24.044999999999998,0.0,30.73
2018-06-17 01:00:56,32.96666666666667,9.39,1.79,29.694999999999997,37.955000000000005,0.0,21.97
2018-06-17 02:00:56,25.163333333333334,12.615,1.7400000000000002,13.924999999999999,15.36,0.0,29.74
2018-06-17 03:00:56,20.34,8.41,1.7749999999999997,10.92,12.424999999999999,0.0,27.29
2018-06-17 04:00:56,17.080000000000002,4.685,1.6450000000000002,15.9,19.185,0.0,25.49
2018-06-17 05:00:56,22.32,6.195,1.47,17.94,20.41,0.0,21.8
2018-06-17 06:00:56,23.57333333333333,9.685,1.365,16.715,19.43,0.0,16.5
2018-06-17 07:00:56,35.83,0.0,1.26,13.805,16.035,0.0,17.33
2018-06-17 08:00:56,33.82666666666667,0.0,0.88,12.520000000000001,15.515,0.0,31.39
2018-06-17 09:00:56,22.53333333333333,0.0,1.26,10.975,13.045,0.0,33.25
2018-06-17 10:00:56,17.593333333333334,0.0,1.305,13.410000000000002,16.73,0.0,34.06
2018-06-17 11:00:56,16.786666666666665,3.7000000000000006,1.3,19.32,23.885,0.0,34.57
2018-06-17 12:00:56,13.563333333333333,4.485,1.54,13.615,15.93,0.0,41.42
2018-06-17 13:00:56,18.233333333333334,0.0,2.165,13.38,15.950000000000001,0.0,41.53
2018-06-17 14:00:56,16.75,2.465,2.145,12.840000000000002,15.990000000000002,0.0,43.36
2018-06-17 15:00:56,31.216666666666665,1.78,1.615,27.680000000000003,35.21,0.0,32.72
2018-06-17 16:00:56,30.67,4.63,1.655,47.26499999999999,67.83,0.0,23.38
2018-06-17 17:00:56,28.39,6.12,1.705,30.83,37.32,0.0,32.94
2018-06-17 18:00:56,31.616666666666667,4.2,1.71,51.82500000000001,66.745,0.0,30.42
2018-06-17 19:00:56,26.663333333333334,3.02,1.5650000000000002,54.449999999999996,69.5,0.0,29.19
2018-06-17 20:00:56,33.63333333333333,3.725,1.555,70.58,92.14999999999999,0.0,19.83
2018-06-17 21:00:56,46.35,4.19,1.485,75.91499999999999,102.82000000000001,0.0,13.62
2018-06-17 22:00:56,46.29333333333334,2.91,1.67,60.66,76.21000000000001,0.0,20.9
2018-06-17 23:00:56,39.32666666666667,2.645,1.58,61.905,78.575,0.0,22.75
2018-06-18 00:00:56,37.88333333333333,3.5,1.71,59.64000000000001,69.48,0.0,22.72
2018-06-18 01:00:56,45.66,4.855,1.8150000000000002,57.555,70.16,0.0,10.01
2018-06-18 02:00:56,46.413333333333334,9.72,1.6600000000000001,47.97,55.51,0.0,6.96
2018-06-18 03:00:56,49.0,11.06,1.7749999999999997,40.86,47.495000000000005,0.0,6.57
2018-06-18 04:00:56,46.89,8.83,1.88,32.415,35.254999999999995,0.0,6.0
2018-06-18 05:00:56,56.26333333333333,13.61,1.87,23.314999999999998,25.02,0.0,12.92
2018-06-18 06:00:56,48.77333333333333,13.63,2.04,15.225,17.465,0.0,21.02
2018-06-18 07:00:56,36.053333333333335,10.63,1.655,27.145,34.925,0.0,19.78
2018-06-18 08:00:56,29.836666666666666,9.47,1.4649999999999999,31.715,41.46,0.0,19.14
2018-06-18 09:00:56,30.116666666666667,7.57,1.95,21.455,30.345,0.0,20.88
2018-06-18 10:00:56,23.133333333333336,7.095,2.2399999999999998,24.040000000000003,30.290000000000003,0.0,30.08
2018-06-18 11:00:56,21.173333333333332,4.86,2.3800000000000003,34.879999999999995,42.455,0.0,31.4
2018-06-18 12:00:56,26.14,4.95,4.19,41.919999999999995,52.715,0.0,27.57
2018-06-18 13:00:56,28.473333333333333,5.785,3.345,33.345,41.86,0.0,29.99
2018-06-18 14:00:56,32.76,6.195,0.565,29.27,40.965,0.0,26.29
2018-06-18 15:00:56,26.82333333333333,7.140000000000001,0.575,34.55,46.120000000000005,0.0,22.59
2018-06-18 16:00:56,33.596666666666664,14.13,0.48,20.27,28.98,0.0,30.48
2018-06-18 17:00:56,29.906666666666666,11.31,0.43,27.709999999999997,39.695,0.0,27.13
2018-06-18 18:00:56,23.23,8.375,2.4,19.755,26.08,0.0,31.47
2018-06-18 19:00:56,12.306666666666667,6.965,1.7699999999999998,23.52,32.7,0.0,27.24
2018-06-18 20:00:56,10.796666666666667,5.1499999999999995,1.165,35.105,44.63,0.0,27.5
2018-06-18 21:00:56,17.086666666666666,7.960000000000001,0.9400000000000001,17.595,19.18,0.0,14.0
2018-06-18 22:00:56,29.39333333333333,12.995,0.7200000000000001,7.27,9.195,0.0,6.2
2018-06-18 23:00:56,34.483333333333334,11.095,0.725,12.61,12.61,0.0,8.45
2018-06-19 00:00:56,20.596666666666664,10.924999999999999,0.53,13.925000000000002,13.949999999999998,0.0,0.0
2018-06-19 01:00:56,17.066666666666666,10.635,0.7799999999999999,25.05,25.320000000000004,0.0,0.0
2018-06-19 02:00:56,28.846666666666664,27.24,1.2000000000000002,41.315,46.870000000000005,0.0,15.95
2018-06-19 03:00:56,44.25666666666667,21.560000000000002,1.5949999999999998,16.39,17.655,0.0,16.67
2018-06-19 04:00:56,61.21333333333334,37.295,1.5300000000000002,13.93,15.405,0.0,13.54
2018-06-19 05:00:56,51.92333333333333,27.23,2.11,26.035,28.724999999999998,0.0,13.07
2018-06-19 06:00:56,48.77333333333333,32.879999999999995,2.3299999999999996,32.449999999999996,39.78,0.0,7.09
2018-06-19 07:00:56,51.373333333333335,27.945000000000004,6.675000000000001,33.665,47.294999999999995,0.0,7.95
2018-06-19 08:00:56,58.83666666666667,35.71,17.11,37.9,61.105,0.0,10.4
2018-06-19 09:00:56,51.51,35.76,12.88,33.885,44.535,0.0,19.97
2018-06-19 10:00:56,40.983333333333334,19.265,7.55,14.915000000000001,17.595,0.0,32.41
2018-06-19 11:00:56,27.55666666666667,10.844999999999999,5.12,11.165000000000001,12.595,0.0,43.83
2018-06-19 12:00:56,20.16,5.9750000000000005,4.21,11.195,13.67,0.0,50.12
2018-06-19 13:00:56,14.1,4.03,2.9,17.45,20.26,0.0,52.04
2018-06-19 14:00:56,12.643333333333333,3.35,3.2000000000000006,22.340000000000003,27.099999999999998,0.0,46.08
2018-06-19 15:00:56,6.19,6.129999999999999,2.585,32.065,38.98,0.0,39.34
2018-06-19 16:00:56,16.273333333333333,11.464999999999998,2.345,24.28,28.985,0.0,43.21
2018-06-19 17:00:56,17.086666666666666,2.425,1.9799999999999998,35.515,47.324999999999996,0.0,36.26
2018-06-19 18:00:56,21.366666666666667,5.69,1.9799999999999998,31.485000000000003,39.684999999999995,0.0,40.26
2018-06-19 19:00:56,25.64333333333333,8.125,1.79,24.334999999999997,29.53,0.0,43.38
2018-06-19 20:00:56,30.836666666666666,6.385000000000001,1.735,24.42,29.24,0.0,38.86
2018-06-19 21:00:56,38.623333333333335,7.81,1.79,27.885,33.665,0.0,36.6
2018-06-19 22:00:56,38.373333333333335,14.155000000000001,1.5650000000000002,21.584999999999997,26.12,0.0,38.72
2018-06-19 23:00:56,33.14,9.47,1.765,17.84,21.645,0.0,41.53
2018-06-20 00:00:56,32.276666666666664,10.605,3.185,16.595,19.905,0.0,41.08
2018-06-20 01:00:56,21.683333333333334,14.225,3.145,9.5,11.485,0.0,37.61
2018-06-20 02:00:56,15.916666666666666,11.219999999999999,3.0,11.21,15.315,0.0,36.46
2018-06-20 03:00:56,30.07,12.315,3.205,6.224999999999999,7.635000000000001,0.0,40.26
2018-06-20 04:00:56,28.113333333333333,10.945,3.225,5.12,6.46,0.0,39.45
2018-06-20 05:00:56,19.843333333333334,12.695,2.795,18.755,19.955,0.0,35.96
2018-06-20 06:00:56,23.19333333333333,15.12,3.28,20.525000000000002,22.315,0.0,37.31
2018-06-20 07:00:56,23.083333333333332,12.674999999999999,3.76,22.11,28.569999999999997,0.0,29.3
2018-06-20 08:00:56,29.626666666666665,8.325,5.62,46.879999999999995,71.29,0.0,20.1
2018-06-20 09:00:56,32.36,14.195,5.29,37.275,51.255,0.0,24.92
2018-06-20 10:00:56,33.75,11.81,4.27,34.205,45.19,0.0,30.66
2018-06-20 11:00:56,28.89666666666667,10.945,3.73,27.445000000000004,36.04,0.0,33.69
2018-06-20 12:00:56,29.490000000000002,10.700000000000001,3.69,24.849999999999998,32.93,0.0,40.25
2018-06-20 13:00:56,19.916666666666668,11.365,3.1799999999999997,22.415000000000003,29.040000000000003,0.0,43.6
2018-06-20 14:00:56,18.313333333333333,7.505,3.78,22.645,26.320000000000004,0.0,43.59
2018-06-20 15:00:56,28.92,6.625,11.774999999999999,32.125,37.565,0.0,40.0
2018-06-20 16:00:56,31.116666666666667,11.549999999999999,12.865000000000002,33.254999999999995,40.94,0.0,40.12
2018-06-20 17:00:56,34.45333333333333,6.324999999999999,10.19,24.7,27.715,0.0,36.65
2018-06-20 18:00:56,30.606666666666666,4.585,8.485,27.155,30.245,0.0,40.59
2018-06-20 19:00:56,30.80333333333333,6.075,6.919999999999999,35.47,43.629999999999995,0.0,33.62
2018-06-20 20:00:56,31.673333333333332,4.33,4.495,27.040000000000003,33.839999999999996,0.0,35.47
2018-06-20 21:00:56,34.56333333333333,5.539999999999999,3.7900000000000005,25.070000000000004,30.455000000000002,0.0,35.49
2018-06-20 22:00:56,32.5,11.265,3.365,19.435,23.75,0.0,37.7
2018-06-20 23:00:56,33.63,7.98,2.865,26.24,32.370000000000005,0.0,31.23
2018-06-21 00:00:56,27.00333333333333,8.57,2.11,38.845,46.14000000000001,0.0,29.0
2018-06-21 01:00:56,38.87,20.21,3.6750000000000003,47.06,56.294999999999995,0.0,20.52
2018-06-21 02:00:56,53.77,21.01,5.484999999999999,44.165,47.870000000000005,0.0,13.87
2018-06-21 03:00:56,55.333333333333336,35.6,5.245,26.709999999999997,30.475000000000005,0.0,6.41
2018-06-21 04:00:56,62.776666666666664,22.930000000000003,5.52,34.97,36.185,0.0,8.3
2018-06-21 05:00:56,65.50666666666666,36.765,5.81,21.2,25.375,0.0,7.05
2018-06-21 06:00:56,74.95666666666666,43.205000000000005,6.095,35.84,42.55,0.0,6.09
2018-06-21 07:00:56,67.64333333333333,33.345,9.245,31.625,45.550000000000004,0.0,9.95
2018-06-21 08:00:56,46.04666666666667,26.62,27.194999999999997,28.995,37.755,0.0,18.89
2018-06-21 09:00:56,37.97,27.375,14.635,23.24,27.59,0.0,30.55
2018-06-21 10:00:56,27.916666666666668,8.865,9.435,16.155,18.599999999999998,0.0,39.21
2018-06-21 11:00:56,21.22,4.9,6.8999999999999995,13.835,16.49,0.0,44.26
2018-06-21 12:00:56,16.936666666666667,2.815,2.78,19.385,22.554999999999996,0.0,43.0
2018-06-21 13:00:56,20.85333333333333,3.765,7.0249999999999995,14.065,17.215,0.0,45.59
2018-06-21 14:00:56,15.843333333333334,3.6650000000000005,5.415,18.595,24.83,0.0,41.88
2018-06-21 15:00:56,11.946666666666667,1.995,3.905,23.655,30.17,0.0,45.08
2018-06-21 16:00:56,13.836666666666666,2.22,3.2449999999999997,31.11,38.98,0.0,42.47
2018-06-21 17:00:56,21.923333333333332,4.25,2.965,30.12,37.105,0.0,42.47
2018-06-21 18:00:56,23.593333333333334,3.9249999999999994,2.695,25.55,30.215000000000003,0.0,44.58
2018-06-21 19:00:56,37.276666666666664,4.845000000000001,2.8049999999999997,28.03,33.2,0.0,41.57
2018-06-21 20:00:56,48.833333333333336,14.18,2.8699999999999997,27.37,34.69,0.0,33.54
2018-06-21 21:00:56,33.809999999999995,13.025,3.535,44.57,50.76500000000001,0.0,29.03
2018-06-21 22:00:56,36.36666666666667,8.195,3.91,41.925,56.025,0.0,22.01
2018-06-21 23:00:56,37.74666666666667,10.729999999999999,3.7900000000000005,67.93,87.05000000000001,0.0,17.27
2018-06-22 00:00:56,39.236666666666665,7.27,4.05,59.055,63.99,0.0,13.56
2018-06-22 01:00:56,60.18,15.07,5.95,50.455000000000005,56.025,0.0,14.6
2018-06-22 02:00:56,67.19333333333333,33.504999999999995,6.335,53.67499999999999,57.535,0.0,19.04
2018-06-22 03:00:56,63.343333333333334,32.285000000000004,6.84,37.86,39.415,0.0,18.17
2018-06-22 04:00:56,55.236666666666665,29.395,7.439999999999999,32.655,33.805,0.0,20.07
2018-06-22 05:00:56,71.76333333333334,29.38,12.92,21.185,23.09,0.0,11.96
2018-06-22 06:00:56,89.82,41.675000000000004,17.49,33.595,35.89,0.0,12.77
2018-06-22 07:00:56,80.06,35.115,26.070000000000004,41.405,55.794999999999995,0.0,8.02
2018-06-22 08:00:56,88.44,46.330000000000005,42.34,39.300000000000004,49.41499999999999,0.0,13.78
2018-06-22 09:00:56,71.15,35.31,28.290000000000003,30.060000000000002,36.66,0.0,27.43
2018-06-22 10:00:56,38.156666666666666,21.525000000000002,21.265,24.959999999999997,29.320000000000004,0.0,37.34
2018-06-22 11:00:56,32.31333333333333,12.660000000000002,13.660000000000002,14.335,15.959999999999999,0.0,47.63
2018-06-22 12:00:56,27.540000000000003,7.234999999999999,10.505,10.795,12.565,0.0,51.69
2018-06-22 13:00:56,17.546666666666667,4.78,8.92,12.805,15.31,0.0,52.08
2018-06-22 14:00:56,17.976666666666667,3.805,7.825,13.0,16.189999999999998,0.0,53.16
2018-06-22 15:00:56,18.346666666666668,3.27,6.87,15.315,19.145,0.0,50.74
2018-06-22 16:00:56,22.483333333333334,1.62,5.27,25.275000000000002,31.14,0.0,42.04
2018-06-22 17:00:56,43.38333333333333,4.79,4.9,45.785,61.28,0.0,29.43
2018-06-22 18:00:56,34.50666666666667,9.04,5.0600000000000005,54.794999999999995,80.82000000000001,0.0,22.7
2018-06-22 19:00:56,47.27333333333333,9.595,4.3500000000000005,46.805,64.515,0.0,27.56
2018-06-22 20:00:56,48.83,9.585,3.3900000000000006,58.695,78.705,0.0,23.19
2018-06-22 21:00:56,46.516666666666666,8.13,3.81,47.51500000000001,56.565,0.0,33.39
2018-06-22 22:00:56,41.980000000000004,8.295,4.13,38.98,46.47,0.0,32.68
2018-06-22 23:00:56,34.49,12.530000000000001,3.8949999999999996,50.60999999999999,57.04,0.0,28.6
2018-06-23 00:00:56,37.49333333333333,17.15,4.59,70.975,88.26499999999999,0.0,13.19
2018-06-23 01:00:56,62.14,14.235,8.415,67.72,81.745,0.0,10.09
2018-06-23 02:00:56,62.07666666666666,25.825,8.25,51.0,58.650000000000006,0.0,13.31
2018-06-23 03:00:56,55.23333333333333,32.425000000000004,7.385000000000001,39.025,45.61500000000001,0.0,6.44
2018-06-23 04:00:56,70.34333333333333,19.24,8.71,31.355000000000004,35.335,0.0,10.52
2018-06-23 05:00:56,80.76,34.305,9.67,31.709999999999997,33.745,0.0,13.33
2018-06-23 06:00:56,68.08666666666666,41.61,12.12,34.17,42.44,0.0,9.86
2018-06-23 07:00:56,69.41,38.824999999999996,13.454999999999998,28.899999999999995,36.69,0.0,13.17
2018-06-23 08:00:56,57.72666666666667,27.535,29.985,37.335,57.96,0.0,12.9
2018-06-23 09:00:56,53.67333333333334,30.715000000000003,21.295,31.06,39.574999999999996,0.0,24.46
2018-06-23 10:00:56,41.59,22.105,14.99,22.76,29.084999999999997,0.0,40.76
2018-06-23 11:00:56,26.823333333333334,12.24,11.94,15.395000000000001,17.78,0.0,52.13
2018-06-23 12:00:56,17.006666666666668,7.625,10.685,19.58,22.659999999999997,0.0,51.09
2018-06-23 13:00:56,15.263333333333334,5.5249999999999995,11.505,15.935,18.265,0.0,56.18
2018-06-23 14:00:56,17.41,3.605,9.945,12.505,15.205,0.0,60.51
2018-06-23 15:00:56,16.89,2.7099999999999995,8.27,15.645000000000001,19.11,0.0,54.38
2018-06-23 16:00:56,18.136666666666667,1.265,6.62,22.694999999999997,29.05,0.0,46.86
2018-06-23 17:00:56,22.903333333333336,1.5,5.864999999999999,20.375,24.365,0.0,51.33
2018-06-23 18:00:56,19.78,1.065,5.575,19.0,22.405,0.0,55.99
2018-06-23 19:00:56,26.863333333333333,3.5700000000000003,5.1850000000000005,27.385,33.4,0.0,47.39
2018-06-23 20:00:56,38.373333333333335,8.165,4.61,29.590000000000003,36.015,0.0,43.36
2018-06-23 21:00:56,36.446666666666665,4.465,4.67,29.885,36.495000000000005,0.0,43.9
2018-06-23 22:00:56,41.51,7.2700000000000005,3.97,26.33,32.705,0.0,40.53
2018-06-23 23:00:56,34.61666666666667,5.830000000000001,4.010000000000001,28.23,36.115,0.0,40.28
2018-06-24 00:00:56,40.53333333333333,9.165000000000001,4.6499999999999995,24.995,31.245,0.0,45.39
2018-06-24 01:00:56,32.656666666666666,9.245,4.675,17.705000000000002,21.615,0.0,47.66
2018-06-24 02:00:56,27.066666666666666,7.175,4.575,12.385,14.659999999999998,0.0,49.61
2018-06-24 03:00:56,24.040000000000003,9.57,4.415,10.335,11.99,0.0,50.44
2018-06-24 04:00:56,27.066666666666666,11.590000000000002,5.065,13.385,14.495,0.0,49.83
2018-06-24 05:00:56,35.223333333333336,24.145,5.6499999999999995,22.135,22.86,0.0,39.31
2018-06-24 06:00:56,47.83666666666667,28.345,8.41,36.66,39.81,0.0,21.17
2018-06-24 07:00:56,58.70666666666667,41.09,11.195,29.92,35.145,0.0,19.48
2018-06-24 08:00:56,56.97666666666667,34.99,39.91,34.565,41.935,0.0,24.88
2018-06-24 09:00:56,51.18666666666667,30.830000000000002,30.095,26.325,30.38,0.0,41.49
2018-06-24 10:00:56,37.17,19.63,12.555,24.645,30.8,0.0,50.71
2018-06-24 11:00:56,32.10666666666667,10.955,7.105,28.405,35.48,0.0,49.63
2018-06-24 12:00:56,25.543333333333333,13.36,5.045,25.349999999999998,32.645,0.0,49.52
2018-06-24 13:00:56,22.373333333333335,11.33,4.68,32.38,42.754999999999995,0.0,46.13
2018-06-24 14:00:56,22.996666666666666,7.63,3.8200000000000003,31.09,43.06,0.0,45.51
2018-06-24 15:00:56,26.10333333333333,9.03,3.405,20.52,27.429999999999996,0.0,51.42
2018-06-24 16:00:56,34.12,9.48,3.16,18.78,24.12,0.0,50.9
2018-06-24 17:00:56,33.89666666666667,6.734999999999999,3.3000000000000003,14.64,19.115,0.0,51.27
2018-06-24 18:00:56,40.50666666666667,6.425000000000001,3.095,11.495,15.780000000000001,0.0,51.35
2018-06-24 19:00:56,41.33,9.005,2.865,11.455,15.295000000000002,0.0,49.42
2018-06-24 20:00:56,48.72,8.315,2.795,11.88,15.79,0.0,45.42
2018-06-24 21:00:56,36.693333333333335,8.5,2.7449999999999997,13.045,16.695,0.0,44.65
2018-06-24 22:00:56,34.656666666666666,5.09,2.585,13.38,17.53,0.0,43.45
2018-06-24 23:00:56,25.486666666666668,5.534999999999999,2.795,11.795,15.020000000000001,0.0,44.44
2018-06-25 00:00:56,19.916666666666668,8.2,2.485,18.400000000000002,23.584999999999997,0.0,38.7
2018-06-25 01:00:56,18.293333333333333,8.515,2.63,14.050000000000002,17.355,0.0,38.6
2018-06-25 02:00:56,22.42,5.5,2.305,8.799999999999999,11.5,0.0,41.25
2018-06-25 03:00:56,21.950000000000003,6.505,2.4,8.015,10.21,0.0,38.62
2018-06-25 04:00:56,23.956666666666667,5.605,3.6799999999999997,14.185,15.39,0.0,40.23
2018-06-25 05:00:56,23.39,9.479999999999999,5.5249999999999995,12.170000000000002,14.18,0.0,39.18
2018-06-25 06:00:56,25.386666666666667,12.035000000000002,6.829999999999999,13.344999999999999,16.240000000000002,0.0,40.15
2018-06-25 07:00:56,25.98,17.655,8.025,23.645,28.735,0.0,36.45
2018-06-25 08:00:56,21.256666666666664,12.844999999999999,11.780000000000001,37.205,49.32500000000001,0.0,30.98
2018-06-25 09:00:56,17.466666666666665,7.435,7.620000000000001,31.125,43.6,0.0,31.4
2018-06-25 10:00:56,14.263333333333334,7.72,5.305,30.115,41.7,0.0,31.19
2018-06-25 11:00:56,13.12,5.23,4.46,22.845,31.314999999999998,0.0,38.1
2018-06-25 12:00:56,14.51,3.095,3.9500000000000006,15.36,20.1,0.0,42.96
2018-06-25 13:00:56,16.716666666666665,2.56,3.635,3.7449999999999997,5.05,0.0,42.24
2018-06-25 14:00:56,16.293333333333333,3.105,3.6650000000000005,14.92,20.665,0.0,42.79
2018-06-25 15:00:56,24.746666666666666,4.94,3.5749999999999997,17.25,24.425,0.0,40.66
2018-06-25 16:00:56,19.54,1.4400000000000002,3.625,15.055,20.91,0.0,41.46
2018-06-25 17:00:56,15.446666666666667,6.22,3.25,18.335,25.965000000000003,0.0,40.99
2018-06-25 18:00:56,27.03333333333333,4.685,3.24,18.555,25.310000000000002,0.0,39.71
2018-06-25 19:00:56,29.336666666666666,3.03,3.105,20.365,28.075,0.0,37.72
2018-06-25 20:00:56,26.34,2.39,2.89,19.599999999999998,26.125,0.0,38.73
2018-06-25 21:00:56,33.343333333333334,3.355,2.955,21.8,29.285,0.0,36.69
2018-06-25 22:00:56,20.94,8.98,2.815,23.8,31.340000000000003,0.0,34.62
2018-06-25 23:00:56,19.443333333333335,8.565,2.965,22.975000000000005,30.175,0.0,34.29
2018-06-26 00:00:56,13.843333333333334,5.41,2.8800000000000003,21.655,26.12,0.0,35.21
2018-06-26 01:00:56,17.72,4.835,2.8350000000000004,16.45,22.175,0.0,36.46
2018-06-26 02:00:56,15.04,7.82,2.8000000000000003,14.685,20.835,0.0,35.98
2018-06-26 03:00:56,11.323333333333332,4.335,2.76,6.294999999999999,7.915,0.0,41.82
2018-06-26 04:00:56,8.953333333333333,3.4150000000000005,2.81,10.42,11.695,0.0,41.82
2018-06-26 05:00:56,16.163333333333334,8.92,2.8249999999999997,13.255,13.96,0.0,41.13
2018-06-26 06:00:56,21.17,9.88,4.66,21.974999999999998,23.175,0.0,33.49
2018-06-26 07:00:56,29.626666666666665,11.079999999999998,6.335000000000001,24.149999999999995,27.025000000000002,0.0,29.25
2018-06-26 08:00:56,35.79666666666667,10.924999999999999,7.52,29.024999999999995,38.69,0.0,32.62
2018-06-26 09:00:56,26.043333333333333,6.7,6.640000000000001,36.675000000000004,47.99,0.0,34.4
2018-06-26 10:00:56,19.343333333333334,6.675000000000001,4.765000000000001,32.48,41.48,0.0,34.99
2018-06-26 11:00:56,18.983333333333334,3.2099999999999995,4.760000000000001,27.790000000000003,35.93,0.0,34.45
2018-06-26 12:00:56,18.666666666666668,7.255,3.9450000000000003,18.565,25.584999999999997,0.0,38.47
2018-06-26 13:00:56,20.976666666666667,5.33,2.165,19.805,27.22,0.0,38.85
2018-06-26 14:00:56,17.903333333333332,3.465,3.1199999999999997,13.125,17.549999999999997,0.0,45.02
2018-06-26 15:00:56,23.03666666666667,3.2550000000000003,3.19,18.095,23.845,0.0,42.14
2018-06-26 16:00:56,16.290000000000003,3.1950000000000003,3.525,21.205,28.165000000000003,0.0,41.31
2018-06-26 17:00:56,13.476666666666667,2.1350000000000002,3.5199999999999996,42.02,60.185,0.0,29.28
2018-06-26 18:00:56,14.793333333333333,2.005,3.22,38.885,51.225,0.0,37.26
2018-06-26 19:00:56,17.846666666666668,1.545,3.3049999999999997,48.315,64.85000000000001,0.0,32.6
2018-06-26 20:00:56,23.973333333333333,2.13,3.1899999999999995,38.955,49.43,0.0,38.31
2018-06-26 21:00:56,39.03666666666666,5.125,3.1950000000000003,35.44,41.98,0.0,38.54
2018-06-26 22:00:56,51.68000000000001,13.22,2.965,34.795,41.41,0.0,38.7
2018-06-26 23:00:56,36.343333333333334,7.745,3.2300000000000004,48.745,55.51,0.0,31.67
2018-06-27 00:00:56,41.13,5.19,5.140000000000001,59.919999999999995,70.11,0.0,15.03
2018-06-27 01:00:56,54.0,14.585,8.49,68.445,94.53000000000002,0.0,4.85
2018-06-27 02:00:56,52.916666666666664,15.905,9.705,62.035,78.545,0.0,4.37
2018-06-27 03:00:56,68.67666666666666,31.795,12.200000000000001,54.06,65.355,0.0,6.13
2018-06-27 04:00:56,78.20666666666666,22.945000000000004,13.735,43.699999999999996,48.120000000000005,0.0,8.5
2018-06-27 05:00:56,69.91333333333333,27.035,12.725000000000001,43.23,47.044999999999995,0.0,16.58
2018-06-27 06:00:56,68.43666666666667,28.485,11.865,29.439999999999998,34.455000000000005,0.0,20.63
2018-06-27 07:00:56,55.239999999999995,20.445,15.839999999999998,45.53,61.73500000000001,0.0,11.19
2018-06-27 08:00:56,73.67333333333333,23.59,38.275,49.6,67.04,0.0,14.5
2018-06-27 09:00:56,66.41,25.804999999999996,21.105,47.935,61.85999999999999,0.0,24.26
2018-06-27 10:00:56,46.846666666666664,19.6,12.335,35.48,40.81,0.0,38.29
2018-06-27 11:00:56,40.28333333333333,10.915,9.045,21.995,25.290000000000003,0.0,50.08
2018-06-27 12:00:56,39.166666666666664,7.41,7.28,11.345,13.145000000000001,0.0,50.88
2018-06-27 13:00:56,30.33,4.3999999999999995,7.074999999999999,10.264999999999999,12.089999999999998,0.0,55.0
2018-06-27 14:00:56,18.953333333333333,5.050000000000001,6.614999999999999,27.76,34.255,0.0,44.65
2018-06-27 15:00:56,21.28333333333333,9.299999999999999,5.635000000000001,35.215,45.085,0.0,37.12
2018-06-27 16:00:56,33.17,5.69,5.285,29.515,34.255,0.0,47.09
2018-06-27 17:00:56,43.44333333333333,3.9499999999999997,6.34,43.64000000000001,53.91,0.0,41.57
2018-06-27 18:00:56,35.48666666666667,4.475,5.954999999999999,32.11,40.14,0.0,41.21
2018-06-27 19:00:56,28.16,3.78,5.555,31.75,37.69,0.0,41.55
2018-06-27 20:00:56,32.696666666666665,3.295,4.905,29.425,35.45,0.0,44.65
2018-06-27 21:00:56,67.54666666666667,18.72,3.6,17.41,20.995,0.0,48.31
2018-06-27 22:00:56,63.54666666666666,10.665,3.9800000000000004,14.854999999999999,18.419999999999998,0.0,49.8
2018-06-27 23:00:56,55.89666666666667,6.579999999999999,4.365,21.53,25.605,0.0,43.35
2018-06-28 00:00:56,37.483333333333334,11.83,4.3999999999999995,19.635,23.01,0.0,46.45
2018-06-28 01:00:56,35.666666666666664,14.315,3.72,32.1,35.915,0.0,41.16
2018-06-28 02:00:56,32.29,8.74,5.765000000000001,40.845,45.715,0.0,26.44
2018-06-28 03:00:56,37.72,5.395,11.479999999999999,35.315,39.15,0.0,22.02
2018-06-28 04:00:56,48.553333333333335,6.185,15.68,38.61,40.625,0.0,18.32
2018-06-28 05:00:56,58.31333333333333,8.74,12.525,41.935,44.615,0.0,13.1
2018-06-28 06:00:56,52.21,13.69,9.78,47.945,55.97,0.0,6.72
2018-06-28 07:00:56,71.65333333333334,16.605,15.15,40.48,54.900000000000006,0.0,21.06
2018-06-28 08:00:56,56.233333333333334,9.665000000000001,20.439999999999998,47.245000000000005,71.305,0.0,11.96
2018-06-28 09:00:56,60.32666666666667,16.97,25.105,60.455000000000005,79.64,0.0,18.55
2018-06-28 10:00:56,53.87333333333333,9.235,17.945,53.98,65.04,0.0,31.68
2018-06-28 11:00:56,64.53333333333333,5.859999999999999,18.145,38.68,43.115,0.0,50.37
2018-06-28 12:00:56,52.41333333333333,11.395000000000001,14.505,22.615,25.17,0.0,50.59
2018-06-28 13:00:56,51.49666666666667,6.77,10.770000000000001,22.130000000000006,27.465000000000003,0.0,44.3
2018-06-28 14:00:56,52.733333333333334,3.94,7.010000000000001,19.655,26.054999999999996,0.0,44.36
2018-06-28 15:00:56,67.25,3.475,5.27,31.175,41.26,0.0,35.21
2018-06-28 16:00:56,62.78666666666666,2.435,4.47,27.929999999999996,39.21,0.0,38.23
2018-06-28 17:00:56,57.56666666666667,3.895,3.52,23.73,30.94,0.0,40.31
2018-06-28 18:00:56,62.09,3.185,4.5600000000000005,16.305,20.23,0.0,48.16
2018-06-28 19:00:56,62.45,5.115,4.3999999999999995,21.39,25.655,0.0,47.79
2018-06-28 20:00:56,73.65333333333334,16.31,3.0849999999999995,26.3,29.8,0.0,47.7
2018-06-28 21:00:56,88.80666666666667,20.815,2.58,27.89,32.794999999999995,0.0,43.81
2018-06-28 22:00:56,71.37666666666667,13.87,2.625,36.485,44.53,0.0,37.8
2018-06-28 23:00:56,65.49333333333334,19.919999999999998,3.0700000000000003,49.065,54.22,0.0,25.86
2018-06-29 00:00:56,51.58,10.955,3.6300000000000003,76.00999999999999,92.895,0.0,10.33
2018-06-29 01:00:56,55.93333333333334,10.549999999999999,5.995000000000001,66.105,73.705,0.0,10.53
2018-06-29 02:00:56,78.07,23.819999999999997,8.62,59.6,68.325,0.0,9.56
2018-06-29 03:00:56,90.43,23.015,11.245,56.48499999999999,61.945,0.0,12.07
2018-06-29 04:00:56,82.61333333333333,25.709999999999997,10.915,48.59,54.51500000000001,0.0,8.1
2018-06-29 05:00:56,81.43666666666667,34.555,13.535000000000002,50.074999999999996,60.370000000000005,0.0,7.89
2018-06-29 06:00:56,88.00666666666666,41.85,10.43,32.765,35.205,0.0,13.71
2018-06-29 07:00:56,64.33666666666666,38.365,6.210000000000001,31.26,39.985,0.0,18.98
2018-06-29 08:00:56,46.86333333333333,23.715,7.204999999999999,29.98,44.415,0.0,25.79
2018-06-29 09:00:56,39.58,19.675,5.635000000000001,19.71,28.325,0.0,30.34
2018-06-29 10:00:56,31.75333333333333,13.185,4.78,20.155,27.159999999999997,0.0,35.01
2018-06-29 11:00:56,27.64666666666667,7.69,4.38,19.89,25.67,0.0,38.31
2018-06-29 12:00:56,24.563333333333333,5.805,4.300000000000001,21.17,28.310000000000002,0.0,41.53
2018-06-29 13:00:56,29.53,3.5100000000000002,5.16,14.324999999999998,17.255,0.0,49.85
2018-06-29 14:00:56,29.036666666666665,2.93,5.6499999999999995,13.810000000000002,16.599999999999998,0.0,54.11
2018-06-29 15:00:56,30.69666666666667,2.145,6.055,16.245,18.625,0.0,56.52
2018-06-29 16:00:56,39.96,5.115,7.285,17.224999999999998,19.28,0.0,60.21
2018-06-29 17:00:56,51.86,2.955,7.864999999999999,15.065,17.165,0.0,63.1
2018-06-29 18:00:56,48.94,2.595,7.550000000000001,21.725000000000005,24.16,0.0,60.84
2018-06-29 19:00:56,64.03333333333333,5.19,7.09,21.774999999999995,24.055000000000003,0.0,62.14
2018-06-29 20:00:56,55.14666666666667,7.245,8.43,29.76,32.574999999999996,0.0,56.87
2018-06-29 21:00:56,57.05666666666667,16.71,10.16,28.73,30.695000000000004,0.0,56.3
2018-06-29 22:00:56,53.013333333333335,9.3,6.0,65.435,83.96,0.0,25.71
2018-06-29 23:00:56,77.53,21.355,3.4250000000000003,32.18,38.895,0.0,33.06
2018-06-30 00:00:56,70.05,17.48,2.52,23.72,28.25,0.0,40.04
2018-06-30 01:00:56,53.06999999999999,10.63,2.505,23.14,27.195000000000004,0.0,40.51
2018-06-30 02:00:56,42.72333333333333,7.234999999999999,2.325,22.365,27.715,0.0,43.0
2018-06-30 03:00:56,41.74666666666667,10.43,2.81,19.69,21.275000000000002,0.0,38.52
2018-06-30 04:00:56,36.1,11.85,3.3350000000000004,19.075,21.415000000000003,0.0,37.06
2018-06-30 05:00:56,39.06333333333333,9.8,3.44,17.865,19.36,0.0,35.74
2018-06-30 06:00:56,42.053333333333335,9.265,3.9250000000000003,27.304999999999996,30.415000000000003,0.0,25.14
2018-06-30 07:00:56,47.80666666666667,26.62,13.39,31.01,37.445,0.0,27.85
2018-06-30 08:00:56,51.49,21.255,31.67,42.565,53.63999999999999,0.0,19.47
2018-06-30 09:00:56,60.77333333333333,16.165000000000003,23.885,36.955,44.055,0.0,27.95
2018-06-30 10:00:56,55.21333333333333,22.195000000000004,18.035,34.985,41.735,0.0,33.79
2018-06-30 11:00:56,49.72333333333333,13.125,10.335,18.605,21.72,0.0,47.37
2018-06-30 12:00:56,39.17333333333333,14.83,8.81,16.995,20.365,0.0,52.85
2018-06-30 13:00:56,24.883333333333333,8.51,6.800000000000001,23.054999999999996,29.605,0.0,50.35
2018-06-30 14:00:56,24.826666666666668,5.205,6.010000000000001,17.68,21.39,0.0,53.91
2018-06-30 15:00:56,32.50666666666667,2.92,5.785,18.67,22.455,0.0,51.28
2018-06-30 16:00:56,29.94333333333333,2.565,6.170000000000001,16.765,20.465,0.0,53.25
2018-06-30 17:00:56,26.736666666666668,2.295,5.21,12.185,14.11,0.0,58.15
2018-06-30 18:00:56,28.536666666666665,1.89,4.140000000000001,21.465000000000003,24.935000000000002,0.0,53.33
2018-06-30 19:00:56,36.78666666666667,2.015,4.705,26.965,31.785,0.0,51.26
2018-06-30 20:00:56,40.986666666666665,6.805,4.015,38.12,41.64,0.0,45.83
2018-06-30 21:00:56,45.4,8.674999999999999,2.555,34.86,40.085,0.0,36.39
2018-06-30 22:00:56,67.53,17.495,1.5999999999999999,24.785,31.375,0.0,36.54
2018-06-30 23:00:56,59.153333333333336,19.34,1.9799999999999998,23.295,29.425,0.0,34.61
2018-07-01 00:00:56,50.72666666666667,22.015,2.61,22.74,29.105000000000004,0.0,34.26
2018-07-01 01:00:56,42.480000000000004,13.155000000000001,2.5500000000000003,25.495,29.485,0.0,33.54
2018-07-01 02:00:56,37.54333333333334,12.405000000000001,3.685,29.650000000000002,32.71,0.0,35.87
2018-07-01 03:00:56,34.88666666666666,15.86,7.849999999999999,26.76,30.060000000000002,0.0,35.81
2018-07-01 04:00:56,45.379999999999995,18.175,9.83,28.89,30.5,0.0,23.8
2018-07-01 05:00:56,44.026666666666664,10.714999999999998,12.894999999999998,38.1,39.855,0.0,15.75
2018-07-01 06:00:56,64.75666666666666,27.695000000000004,15.9,34.115,36.74,0.0,12.25
2018-07-01 07:00:56,75.46,39.425,23.319999999999997,26.28,30.77,0.0,16.72
2018-07-01 08:00:56,66.13333333333333,28.66,32.85,21.53,26.41,0.0,26.49
2018-07-01 09:00:56,43.42666666666667,22.98,17.135,10.705,13.11,0.0,38.91
2018-07-01 10:00:56,27.203333333333333,13.089999999999998,11.015,11.905000000000001,14.86,0.0,44.07
2018-07-01 11:00:56,22.133333333333333,7.609999999999999,7.79,9.965,12.295,0.0,49.25
2018-07-01 12:00:56,16.69333333333333,3.935,8.075000000000001,10.225,13.040000000000001,0.0,55.11
2018-07-01 13:00:56,12.3,3.205,7.849999999999999,16.57,21.58,0.0,54.62
2018-07-01 14:00:56,13.21,2.61,8.065,28.965,35.45,0.0,52.68
2018-07-01 15:00:56,23.916666666666664,1.31,7.66,21.785,31.17,0.0,51.82
2018-07-01 16:00:56,27.633333333333333,0.7949999999999999,6.415,14.020000000000001,16.67,0.0,53.28
2018-07-01 17:00:56,25.080000000000002,1.18,5.655,22.67,28.22,0.0,47.01
2018-07-01 18:00:56,35.43666666666667,1.39,4.38,15.62,19.59,0.0,48.87
2018-07-01 19:00:56,69.02,14.435,4.195,18.145,22.695000000000004,0.0,48.25
2018-07-01 20:00:56,81.47999999999999,22.245,4.1499999999999995,13.71,17.6,0.0,48.35
2018-07-01 21:00:56,81.85666666666667,12.5,4.045,14.35,17.93,0.0,47.34
2018-07-01 22:00:56,54.20333333333334,10.045,3.86,15.265,19.12,0.0,49.46
2018-07-01 23:00:56,55.8,13.57,3.395,13.82,17.205000000000002,0.0,49.08
2018-07-02 00:00:56,44.59,10.625,3.0700000000000003,13.450000000000001,17.099999999999998,0.0,47.19
2018-07-02 01:00:56,35.276666666666664,12.375,2.64,8.715,11.204999999999998,0.0,46.23
2018-07-02 02:00:56,31.956666666666667,8.545,2.75,6.055,8.355,0.0,46.1
2018-07-02 03:00:56,27.323333333333334,6.07,2.585,5.989999999999999,8.035,0.0,45.89
2018-07-02 04:00:56,21.666666666666668,3.89,2.6950000000000003,5.03,6.704999999999999,0.0,43.62
2018-07-02 05:00:56,21.733333333333334,3.1799999999999997,2.725,4.6450000000000005,5.995,0.0,42.21
2018-07-02 06:00:56,24.19666666666667,1.765,4.355,20.17,21.709999999999997,0.0,39.07
2018-07-02 07:00:56,39.55,7.315,16.625,32.099999999999994,35.129999999999995,0.0,36.21
2018-07-02 08:00:56,37.42,7.800000000000001,15.625,42.395,57.565,0.0,26.5
2018-07-02 09:00:56,33.910000000000004,5.705000000000001,13.015,54.685,77.605,0.0,18.72
2018-07-02 10:00:56,34.019999999999996,15.950000000000001,7.239999999999999,26.709999999999997,35.36,0.0,33.71
2018-07-02 11:00:56,37.42666666666667,9.525,5.555,28.485000000000003,38.135,0.0,34.08
2018-07-02 12:00:56,26.733333333333334,15.589999999999998,4.69,31.16,43.415,0.0,30.85
2018-07-02 13:00:56,24.933333333333334,12.35,4.07,23.11,31.054999999999996,0.0,37.59
2018-07-02 14:00:56,21.366666666666667,6.61,3.8550000000000004,27.425,40.02,0.0,35.24
2018-07-02 15:00:56,23.64,4.445,3.5700000000000003,4.725,6.460000000000001,0.0,40.21
2018-07-02 16:00:56,33.623333333333335,2.525,3.3949999999999996,16.47,22.72,0.0,42.61
2018-07-02 17:00:56,34.54,8.495000000000001,3.5150000000000006,14.205,19.575,0.0,42.01
2018-07-02 18:00:56,62.26,4.945,3.485,14.705,21.13,0.0,41.01
2018-07-02 19:00:56,68.35333333333334,9.94,3.1799999999999997,15.200000000000001,20.655,0.0,39.0
2018-07-02 20:00:56,42.94333333333333,7.055,3.135,14.44,19.6,0.0,37.59
2018-07-02 21:00:56,42.093333333333334,7.84,2.84,15.134999999999998,20.215,0.0,38.37
2018-07-02 22:00:56,35.986666666666665,6.94,2.735,14.375,20.045,0.0,36.1
2018-07-02 23:00:56,27.930000000000003,5.614999999999999,2.5050000000000003,13.040000000000001,18.245,0.0,36.5
2018-07-03 00:00:56,27.5,4.56,2.3800000000000003,13.485,18.13,0.0,37.87
2018-07-03 01:00:56,20.96333333333333,4.165,2.365,10.125,13.575000000000001,0.0,37.65
2018-07-03 02:00:56,15.36,6.2250000000000005,2.34,6.5,8.58,0.0,41.13
2018-07-03 03:00:56,11.266666666666666,4.03,2.4000000000000004,2.8699999999999997,4.315,0.0,44.95
2018-07-03 04:00:56,12.296666666666667,2.5,2.44,3.0700000000000003,4.64,0.0,47.01
2018-07-03 05:00:56,13.086666666666666,2.035,2.4949999999999997,5.085,6.355,0.0,42.82
2018-07-03 06:00:56,15.149999999999999,2.35,2.85,9.89,13.270000000000001,0.0,39.94
2018-07-03 07:00:56,13.146666666666667,4.315,2.49,13.219999999999999,18.18,0.0,38.97
2018-07-03 08:00:56,12.363333333333332,4.155,2.285,40.625,58.26500000000001,0.0,21.9
2018-07-03 09:00:56,21.05666666666667,5.965,2.47,35.18,49.44,0.0,26.25
2018-07-03 10:00:56,25.11,9.854999999999999,2.9499999999999997,24.669999999999998,33.97,0.0,35.59
2018-07-03 11:00:56,24.503333333333334,6.14,2.5749999999999997,18.605,25.23,0.0,39.89
2018-07-03 12:00:56,20.96333333333333,7.650000000000001,2.545,17.07,22.45,0.0,41.54
2018-07-03 13:00:56,22.049999999999997,5.245,2.52,21.695000000000004,29.615,0.0,40.52
2018-07-03 14:00:56,20.546666666666667,3.28,2.845,23.150000000000002,30.78,0.0,39.59
2018-07-03 15:00:56,18.8,2.8049999999999997,3.02,21.235,28.645,0.0,42.56
2018-07-03 16:00:56,19.806666666666665,7.0,2.53,16.834999999999997,22.310000000000002,0.0,44.46
2018-07-03 17:00:56,31.00333333333333,7.66,2.685,15.805,21.675,0.0,43.15
2018-07-03 18:00:56,52.31,5.655,2.895,20.485,28.73,0.0,39.06
2018-07-03 19:00:56,64.44666666666666,6.095,2.77,15.185,20.215,0.0,42.95
2018-07-03 20:00:56,61.876666666666665,12.255,2.76,15.245,19.575,0.0,44.28
2018-07-03 21:00:56,49.86666666666667,7.2700000000000005,2.76,18.05,23.77,0.0,40.96
2018-07-03 22:00:56,44.65,5.62,2.355,19.025,25.26,0.0,40.72
2018-07-03 23:00:56,33.11,3.58,2.5100000000000002,17.465,21.745,0.0,45.02
2018-07-04 00:00:56,29.596666666666664,2.645,2.27,17.025,19.215,0.0,45.0
2018-07-04 01:00:56,21.99666666666667,2.845,2.3200000000000003,16.375,20.655,0.0,41.55
2018-07-04 02:00:56,21.403333333333332,8.11,2.505,11.885,14.22,0.0,42.99
2018-07-04 03:00:56,29.403333333333332,5.530000000000001,2.4,10.6,13.58,0.0,45.81
2018-07-04 04:00:56,25.903333333333336,3.485,11.579999999999998,27.895,29.564999999999998,0.0,47.66
2018-07-04 05:00:56,37.556666666666665,4.66,12.645000000000001,22.179999999999996,24.155,0.0,45.55
2018-07-04 06:00:56,36.10666666666666,12.200000000000001,7.954999999999999,16.92,18.64,0.0,46.21
2018-07-04 07:00:56,34.123333333333335,7.289999999999999,8.715,25.304999999999996,32.655,0.0,28.59
2018-07-04 08:00:56,40.27333333333333,18.94,12.200000000000001,33.68,44.73499999999999,0.0,37.82
2018-07-04 09:00:56,48.769999999999996,15.545,9.020000000000001,24.77,34.17,0.0,36.0
2018-07-04 10:00:56,37.21,9.795,6.234999999999999,17.845,23.915000000000003,0.0,44.98
2018-07-04 11:00:56,25.863333333333333,7.395,4.675,20.88,27.395,0.0,44.95
2018-07-04 12:00:56,24.756666666666668,7.8549999999999995,3.8499999999999996,19.930000000000003,29.650000000000002,0.0,44.18
2018-07-04 13:00:56,26.2,4.145,3.48,18.135,24.215,0.0,45.99
2018-07-04 14:00:56,24.89666666666667,2.5500000000000003,3.47,20.185,28.399999999999995,0.0,41.83
2018-07-04 15:00:56,20.953333333333333,2.5250000000000004,3.3200000000000003,16.805,21.97,0.0,46.88
2018-07-04 16:00:56,33.03333333333333,2.25,3.4600000000000004,19.605,25.17,0.0,46.36
2018-07-04 17:00:56,33.300000000000004,3.0700000000000003,3.1950000000000003,22.504999999999995,29.97,0.0,48.15
2018-07-04 18:00:56,55.11333333333333,2.73,2.97,19.89,25.99,0.0,48.95
2018-07-04 19:00:56,71.19333333333333,12.765,3.1750000000000003,23.95,31.125,0.0,46.42
2018-07-04 20:00:56,73.38,10.75,3.2099999999999995,19.99,25.59,0.0,47.99
2018-07-04 21:00:56,72.52666666666667,9.7,3.155,20.57,25.435,0.0,45.58
2018-07-04 22:00:56,54.21666666666667,6.815,2.815,17.025,20.81,0.0,47.57
2018-07-04 23:00:56,43.28666666666667,5.974999999999999,2.6300000000000003,12.195,15.12,0.0,49.44
2018-07-05 00:00:56,39.66,4.3,2.585,11.69,14.195,0.0,51.4
2018-07-05 01:00:56,28.376666666666665,3.41,4.86,16.515,19.86,0.0,50.89
2018-07-05 02:00:56,28.286666666666665,8.0,4.795,15.815,17.67,0.0,49.24
2018-07-05 03:00:56,32.61333333333333,5.07,4.69,15.950000000000001,18.225,0.0,43.97
2018-07-05 04:00:56,28.633333333333333,4.005,4.715,17.095,18.06,0.0,41.31
2018-07-05 05:00:56,30.386666666666667,8.495,5.495,22.655,24.0,0.0,40.12
2018-07-05 06:00:56,30.55666666666667,3.5400000000000005,7.949999999999999,22.485,24.745,0.0,47.23
2018-07-05 07:00:56,35.13333333333333,13.665,22.36,35.68,45.41,0.0,24.3
2018-07-05 08:00:56,41.99666666666666,11.305,44.98499999999999,39.305,48.035,0.0,29.01
2018-07-05 09:00:56,45.556666666666665,17.790000000000003,19.345,39.83,51.49000000000001,0.0,30.33
2018-07-05 10:00:56,48.4,13.71,10.955,31.145,38.71,0.0,42.97
2018-07-05 11:00:56,39.75666666666667,10.745,7.645,29.625,36.11,0.0,45.96
2018-07-05 12:00:56,40.01,7.364999999999999,1.765,26.48,34.025,0.0,46.27
2018-07-05 13:00:56,23.793333333333333,4.615,4.545,21.575,28.334999999999997,0.0,45.18
2018-07-05 14:00:56,24.593333333333334,3.86,4.095,22.47,29.915000000000003,0.0,48.93
2018-07-05 15:00:56,23.473333333333333,3.8250000000000006,3.845,22.834999999999997,31.02,0.0,47.25
2018-07-05 16:00:56,20.96333333333333,2.105,4.03,22.905,29.554999999999996,0.0,46.64
2018-07-05 17:00:56,32.28333333333333,2.43,3.885,23.33,30.834999999999997,0.0,47.24
2018-07-05 18:00:56,31.703333333333333,5.14,3.9299999999999997,21.135,27.385,0.0,49.04
2018-07-05 19:00:56,51.489999999999995,13.745,3.6950000000000003,22.304999999999996,28.69,0.0,47.25
2018-07-05 20:00:56,56.78666666666666,8.68,3.6199999999999997,22.725000000000005,28.0,0.0,43.3
2018-07-05 21:00:56,56.55,4.864999999999999,3.67,21.145,26.955000000000002,0.0,41.96
2018-07-05 22:00:56,48.913333333333334,5.755,3.5199999999999996,22.33,27.985,0.0,40.41
2018-07-05 23:00:56,40.64333333333333,4.33,3.59,18.24,22.63,0.0,43.78
2018-07-06 00:00:56,32.11333333333333,2.935,2.665,17.830000000000002,22.84,0.0,46.07
2018-07-06 01:00:56,28.92,2.5399999999999996,3.0500000000000003,20.135,22.99,0.0,43.76
2018-07-06 02:00:56,31.88,7.555,2.865,14.15,16.635,0.0,46.6
2018-07-06 03:00:56,28.45,5.704999999999999,3.2900000000000005,15.99,18.58,0.0,45.07
2018-07-06 04:00:56,29.63,4.29,8.99,31.575,33.93,0.0,37.08
2018-07-06 05:00:56,29.223333333333333,4.345,13.405000000000001,30.395,32.43,0.0,29.8
2018-07-06 06:00:56,42.61,7.640000000000001,25.105,39.505,42.545,0.0,16.42
2018-07-06 07:00:56,71.28333333333333,22.03,44.68,40.97,47.135,0.0,17.77
2018-07-06 08:00:56,73.7,33.345,91.87,53.925000000000004,68.55,0.0,16.74
2018-07-06 09:00:56,84.51666666666667,31.5,45.294999999999995,48.625,62.39000000000001,0.0,22.8
2018-07-06 10:00:56,67.75,28.37,26.225000000000005,29.515,34.08,0.0,42.57
2018-07-06 11:00:56,57.56999999999999,21.959999999999997,11.979999999999999,22.66,27.304999999999996,0.0,49.5
2018-07-06 12:00:56,35.19,12.42,6.114999999999999,24.845,30.545,0.0,47.46
2018-07-06 13:00:56,26.336666666666666,8.11,5.3999999999999995,15.49,18.82,0.0,51.32
2018-07-06 14:00:56,24.866666666666664,4.3,3.6,24.235,32.73,0.0,45.1
2018-07-06 15:00:56,19.773333333333333,3.685,3.2699999999999996,26.74,35.78,0.0,44.49
2018-07-06 16:00:56,20.396666666666665,1.175,2.74,24.735,33.305,0.0,45.58
2018-07-06 17:00:56,29.553333333333335,5.75,2.625,26.015,32.665,0.0,45.79
2018-07-06 18:00:56,34.53,4.41,2.26,26.05,33.785,0.0,46.72
2018-07-06 19:00:56,51.24,4.665,2.47,23.515,29.625,0.0,46.91
2018-07-06 20:00:56,61.98,5.31,2.86,23.635,29.245,0.0,46.35
2018-07-06 21:00:56,60.04333333333334,16.41,2.895,22.400000000000002,28.150000000000002,0.0,43.43
2018-07-06 22:00:56,51.78,9.175,2.58,18.655,23.209999999999997,0.0,44.55
2018-07-06 23:00:56,44.629999999999995,5.1000000000000005,2.61,17.45,21.13,0.0,45.06
2018-07-07 00:00:56,41.916666666666664,8.465,2.9600000000000004,13.275,15.875,0.0,47.52
2018-07-07 01:00:56,34.47,7.52,3.2099999999999995,13.979999999999999,16.51,0.0,49.54
2018-07-07 02:00:56,30.523333333333333,4.46,6.205000000000001,16.955,19.79,0.0,48.32
2018-07-07 03:00:56,26.673333333333332,1.32,8.674999999999999,22.03,24.66,0.0,46.34
2018-07-07 04:00:56,35.45333333333333,7.169999999999999,18.065,27.545,29.525000000000002,0.0,43.27
2018-07-07 05:00:56,37.56333333333333,5.495,22.209999999999997,32.16,34.474999999999994,0.0,31.74
2018-07-07 06:00:56,38.163333333333334,5.45,26.409999999999997,35.835,38.87,0.0,17.5
2018-07-07 07:00:56,53.22666666666667,8.799999999999999,51.06999999999999,36.94,42.39,0.0,24.18
2018-07-07 08:00:56,55.50666666666667,16.985,32.715,26.025000000000002,30.465000000000003,0.0,37.86
2018-07-07 09:00:56,44.22666666666667,21.834999999999997,20.86,33.275,38.29,0.0,40.93
2018-07-07 10:00:56,49.75666666666667,18.405,10.63,36.300000000000004,45.76500000000001,0.0,39.78
2018-07-07 11:00:56,40.95666666666666,14.61,4.435,38.205,49.77,0.0,41.06
2018-07-07 12:00:56,30.689999999999998,9.06,3.545,30.209999999999997,40.169999999999995,0.0,45.24
2018-07-07 13:00:56,25.38,11.63,3.355,33.315,44.574999999999996,0.0,43.34
2018-07-07 14:00:56,25.473333333333333,6.455000000000001,2.9149999999999996,31.084999999999997,41.47,0.0,44.93
2018-07-07 15:00:56,20.956666666666667,4.25,2.935,27.775000000000002,35.995000000000005,0.0,47.2
2018-07-07 16:00:56,22.27,3.53,2.8699999999999997,35.555,47.56,0.0,43.32
2018-07-07 17:00:56,24.25,11.625,2.6999999999999997,47.18000000000001,63.26500000000001,0.0,36.56
2018-07-07 18:00:56,41.35,6.8999999999999995,2.6750000000000003,36.085,44.945,0.0,45.05
2018-07-07 19:00:56,35.99666666666667,7.095,2.515,27.98,35.215,0.0,46.06
2018-07-07 20:00:56,58.626666666666665,10.854999999999999,3.0750000000000006,22.355,27.25,0.0,48.92
2018-07-07 21:00:56,71.06,19.25,3.3800000000000003,21.810000000000002,26.165000000000003,0.0,46.76
2018-07-07 22:00:56,65.56333333333333,14.99,3.5,16.54,19.62,0.0,48.66
2018-07-07 23:00:56,46.39666666666667,10.475,3.395,19.93,23.845,0.0,44.58
2018-07-08 00:00:56,49.00666666666666,6.465,3.3049999999999997,26.145,29.695000000000004,0.0,42.96
2018-07-08 01:00:56,38.153333333333336,6.27,3.4800000000000004,28.495,32.7,0.0,38.44
2018-07-08 02:00:56,32.20333333333333,8.555,5.01,30.665000000000003,34.650000000000006,0.0,39.83
2018-07-08 03:00:56,40.89666666666667,7.650000000000001,15.719999999999999,40.449999999999996,43.580000000000005,0.0,29.97
2018-07-08 04:00:56,53.92333333333333,12.9,21.025,39.53,43.125,0.0,23.57
2018-07-08 05:00:56,62.6,11.9,14.350000000000001,30.084999999999997,31.285,0.0,24.66
2018-07-08 06:00:56,51.483333333333334,13.335,17.015,40.75,49.794999999999995,0.0,17.21
2018-07-08 07:00:56,65.30666666666667,15.104999999999999,28.060000000000002,40.419999999999995,49.35,0.0,14.16
2018-07-08 08:00:56,62.61666666666667,24.88,35.72,48.11000000000001,61.379999999999995,0.0,20.79
2018-07-08 09:00:56,55.33,16.285,25.955,36.015,41.435,0.0,30.46
2018-07-08 10:00:56,52.126666666666665,16.515,16.38,18.67,21.540000000000003,0.0,43.77
2018-07-08 11:00:56,55.39333333333333,24.430000000000003,9.16,10.37,12.22,0.0,50.72
2018-07-08 12:00:56,40.24333333333333,14.37,6.645,10.790000000000001,12.854999999999999,0.0,52.19
2018-07-08 13:00:56,27.04,8.274999999999999,5.010000000000001,10.5,12.625,0.0,53.52
2018-07-08 14:00:56,19.883333333333333,5.364999999999999,6.5,16.459999999999997,20.334999999999997,0.0,57.45
2018-07-08 15:00:56,18.33,3.9250000000000003,6.66,21.42,25.785,0.0,62.86
2018-07-08 16:00:56,26.203333333333333,2.105,7.43,22.035,25.885,0.0,60.21
2018-07-08 17:00:56,28.89,3.265,7.580000000000001,38.07,48.0,0.0,50.33
2018-07-08 18:00:56,31.833333333333332,8.17,5.63,49.38,64.005,0.0,38.27
2018-07-08 19:00:56,38.46666666666667,6.55,4.1850000000000005,38.065,45.125,0.0,46.78
2018-07-08 20:00:56,51.95666666666666,13.795000000000002,3.7449999999999997,28.040000000000003,33.435,0.0,49.82
2018-07-08 21:00:56,83.49666666666667,8.31,4.04,17.74,21.255,0.0,49.24
2018-07-08 22:00:56,112.72,17.26,3.9600000000000004,12.31,15.395000000000001,0.0,49.34
2018-07-08 23:00:56,100.5,9.905,4.155,13.195,16.015,0.0,51.24
2018-07-09 00:00:56,69.86,15.83,4.63,25.09,29.939999999999998,0.0,45.17
2018-07-09 01:00:56,54.85,8.055,4.515000000000001,18.555,19.82,0.0,46.91
2018-07-09 02:00:56,33.01,5.405,5.484999999999999,15.209999999999999,17.575,0.0,52.54
2018-07-09 03:00:56,34.65,6.995,13.915,33.355,36.065,0.0,32.97
2018-07-09 04:00:56,38.586666666666666,11.780000000000001,13.765,24.325,26.36,0.0,36.0
2018-07-09 05:00:56,33.74666666666667,7.245,11.18,12.735,14.205,0.0,53.66
2018-07-09 06:00:56,31.72,5.77,6.915,16.595,18.755,0.0,46.14
2018-07-09 07:00:56,43.43666666666667,12.24,6.355,23.834999999999997,27.185000000000002,0.0,48.55
2018-07-09 08:00:56,38.95,12.26,7.5249999999999995,44.54,55.44499999999999,0.0,32.89
2018-07-09 09:00:56,52.45,13.204999999999998,6.8500000000000005,50.339999999999996,66.54,0.0,30.69
2018-07-09 10:00:56,43.593333333333334,14.94,8.585,37.445,45.65,0.0,36.06
2018-07-09 11:00:56,40.79666666666667,11.635,6.760000000000001,26.145,30.615,0.0,46.81
2018-07-09 12:00:56,39.99333333333333,7.565,11.815,24.605,27.52,0.0,54.86
2018-07-09 13:00:56,44.99333333333334,8.885,9.795,3.615,4.395,0.0,58.62
2018-07-09 14:00:56,43.29333333333333,5.93,6.890000000000001,14.969999999999999,17.69,0.0,61.96
2018-07-09 15:00:56,38.31333333333333,4.265000000000001,8.649999999999999,27.165000000000003,31.595,0.0,58.15
2018-07-09 16:00:56,44.053333333333335,3.32,7.88,18.7,20.985,0.0,60.7
2018-07-09 17:00:56,39.373333333333335,2.01,5.9750000000000005,41.675000000000004,52.585,0.0,46.21
2018-07-09 18:00:56,64.51666666666667,2.15,4.135,29.334999999999997,34.165,0.0,52.77
2018-07-09 19:00:56,79.61,11.26,3.435,25.36,30.255,0.0,47.11
2018-07-09 20:00:56,106.81333333333333,28.075,2.5700000000000003,23.679999999999996,28.180000000000003,0.0,42.08
2018-07-09 21:00:56,103.03333333333333,19.38,2.69,23.605,27.89,0.0,36.71
2018-07-09 22:00:56,69.60333333333332,18.42,2.9749999999999996,28.2,35.155,0.0,33.88
2018-07-09 23:00:56,59.73666666666667,13.71,2.8499999999999996,25.679999999999996,31.215,0.0,37.6
2018-07-10 00:00:56,31.373333333333335,7.5,2.86,33.074999999999996,41.285,0.0,33.88
2018-07-10 01:00:56,45.57,4.17,3.295,17.585,20.775000000000002,0.0,44.66
2018-07-10 02:00:56,43.93333333333334,3.205,2.875,7.405,9.89,0.0,43.41
2018-07-10 03:00:56,35.553333333333335,10.775,2.52,4.105,5.400000000000001,0.0,41.81
2018-07-10 04:00:56,31.836666666666666,6.03,2.67,3.9499999999999997,7.495,0.0,42.09
2018-07-10 05:00:56,26.813333333333333,12.13,1.9500000000000002,7.359999999999999,7.960000000000001,0.0,39.38
2018-07-10 06:00:56,22.6,11.005,2.34,17.63,19.035,0.0,38.49
2018-07-10 07:00:56,31.656666666666666,7.41,6.120000000000001,35.27,42.095,0.0,25.04
2018-07-10 08:00:56,41.38666666666666,5.055,39.029999999999994,47.245000000000005,60.160000000000004,0.0,19.25
2018-07-10 09:00:56,56.14666666666667,7.039999999999999,20.415,35.46,42.815,0.0,26.03
2018-07-10 10:00:56,59.74333333333333,16.29,12.13,26.945000000000004,31.955000000000002,0.0,34.62
2018-07-10 11:00:56,50.35333333333333,17.665000000000003,8.799999999999999,26.105,29.830000000000002,0.0,40.77
2018-07-10 12:00:56,60.63,20.865,6.105,23.975000000000005,29.2,0.0,41.91
2018-07-10 13:00:56,42.57,11.905,2.6,25.77,32.275,0.0,38.79
2018-07-10 14:00:56,32.74666666666666,7.37,3.7000000000000006,19.375,24.03,0.0,46.49
2018-07-10 15:00:56,25.83666666666667,4.93,3.9749999999999996,15.94,17.8,0.0,59.32
2018-07-10 16:00:56,21.51,3.795,4.75,18.49,20.89,0.0,62.97
2018-07-10 17:00:56,22.62666666666667,3.01,3.92,22.265,27.09,0.0,50.43
2018-07-10 18:00:56,34.42666666666667,3.195,3.07,35.15,45.755,0.0,42.24
2018-07-10 19:00:56,56.18333333333334,6.489999999999999,2.43,30.265,38.169999999999995,0.0,41.44
2018-07-10 20:00:56,75.76666666666667,14.17,2.1649999999999996,25.995,33.865,0.0,34.01
2018-07-10 21:00:56,88.24333333333334,34.185,2.0500000000000003,26.069999999999997,32.88,0.0,31.43
2018-07-10 22:00:56,72.36666666666666,17.535,2.34,23.810000000000002,30.735,0.0,30.16
2018-07-10 23:00:56,58.29,13.63,2.065,17.445,21.560000000000002,0.0,35.53
2018-07-11 00:00:56,52.54,7.074999999999999,2.09,18.325,22.675,0.0,33.91
2018-07-11 01:00:56,49.29,6.7250000000000005,1.6900000000000002,18.465,24.56,0.0,30.87
2018-07-11 02:00:56,33.25333333333334,7.109999999999999,1.875,8.94,11.310000000000002,0.0,38.88
2018-07-11 03:00:56,31.316666666666666,3.66,1.9949999999999999,10.53,13.11,0.0,38.66
2018-07-11 04:00:56,21.33,3.0400000000000005,2.025,9.925,12.475,0.0,40.85
2018-07-11 05:00:56,24.056666666666665,2.3649999999999998,2.115,15.104999999999999,16.419999999999998,0.0,40.33
2018-07-11 06:00:56,30.146666666666665,7.239999999999999,3.2900000000000005,25.115,28.540000000000003,0.0,35.79
2018-07-11 07:00:56,42.68,13.245,6.4750000000000005,34.875,45.29,0.0,31.13
2018-07-11 08:00:56,43.00333333333333,7.859999999999999,12.735,41.105,58.81,0.0,30.13
2018-07-11 09:00:56,41.943333333333335,6.075,6.794999999999999,28.155,38.199999999999996,0.0,37.01
2018-07-11 10:00:56,47.156666666666666,12.305,4.035,28.51,38.169999999999995,0.0,39.79
2018-07-11 11:00:56,30.65,6.575,3.135,29.28,39.255,0.0,35.28
2018-07-11 12:00:56,24.73333333333333,5.73,2.9500000000000006,19.23,24.935000000000002,0.0,43.76
2018-07-11 13:00:56,30.926666666666662,4.3,2.795,19.365,26.11,0.0,47.81
2018-07-11 14:00:56,31.35666666666667,3.225,2.5749999999999997,22.245,28.83,0.0,49.16
2018-07-11 15:00:56,34.56666666666667,2.535,2.51,17.195,22.0,0.0,50.67
2018-07-11 16:00:56,38.90333333333333,2.98,2.51,23.075,30.02,0.0,47.51
2018-07-11 17:00:56,55.2,5.77,2.125,20.825,26.319999999999997,0.0,48.2
2018-07-11 18:00:56,69.84,17.83,2.1500000000000004,18.075,23.064999999999998,0.0,44.98
2018-07-11 19:00:56,91.45666666666666,18.8,2.315,17.02,21.965000000000003,0.0,45.22
2018-07-11 20:00:56,110.68333333333334,14.075000000000001,1.83,16.575000000000003,20.94,0.0,46.35
2018-07-11 21:00:56,97.43666666666667,12.115,2.1999999999999997,24.465,30.599999999999998,0.0,37.59
2018-07-11 22:00:56,81.81333333333333,18.45,2.2,24.974999999999998,29.58,0.0,33.03
2018-07-11 23:00:56,65.02,11.125,1.8849999999999998,22.405,28.78,0.0,34.89
2018-07-12 00:00:56,62.03,14.795,1.68,14.51,18.42,0.0,38.37
2018-07-12 01:00:56,42.53,12.200000000000001,1.655,11.405000000000001,14.464999999999998,0.0,41.8
2018-07-12 02:00:56,38.736666666666665,11.280000000000001,1.79,7.555,10.09,0.0,43.18
2018-07-12 03:00:56,35.14666666666667,6.37,1.795,6.260000000000001,8.77,0.0,46.44
2018-07-12 04:00:56,28.093333333333334,3.695,1.8950000000000002,3.565,4.495,0.0,53.67
2018-07-12 05:00:56,20.383333333333333,4.295,2.255,4.4350000000000005,5.335,0.0,51.86
2018-07-12 06:00:56,19.423333333333332,10.88,2.6950000000000003,5.305,6.830000000000001,0.0,52.76
2018-07-12 07:00:56,19.116666666666667,8.725000000000001,2.68,13.025,16.61,0.0,48.63
2018-07-12 08:00:56,28.33,8.815,4.08,35.12,45.51,0.0,40.66
2018-07-12 09:00:56,37.77,16.509999999999998,9.05,45.11500000000001,60.169999999999995,0.0,33.27
2018-07-12 10:00:56,44.626666666666665,12.979999999999999,4.51,28.12,35.870000000000005,0.0,45.09
2018-07-12 11:00:56,46.026666666666664,7.48,4.05,22.899999999999995,28.395,0.0,50.73
2018-07-12 12:00:56,41.769999999999996,4.43,4.645,21.0,26.400000000000002,0.0,52.35
2018-07-12 13:00:56,30.950000000000003,9.18,3.9499999999999997,21.91,28.584999999999997,0.0,51.14
2018-07-12 14:00:56,30.843333333333334,6.315,3.5600000000000005,27.05,35.415,0.0,51.09
2018-07-12 15:00:56,30.80666666666667,4.41,3.5199999999999996,22.650000000000002,29.245,0.0,51.29
2018-07-12 16:00:56,38.29666666666667,2.965,0.8000000000000002,12.19,15.88,0.0,55.74
2018-07-12 17:00:56,29.093333333333334,2.01,0.645,12.64,16.605,0.0,55.92
2018-07-12 18:00:56,23.439999999999998,1.84,0.68,25.415000000000003,31.605000000000004,0.0,54.7
2018-07-12 19:00:56,48.43666666666667,22.055000000000003,1.9249999999999998,26.345,33.275,0.0,50.84
2018-07-12 20:00:56,53.35333333333333,22.63,2.195,26.625,33.065,0.0,46.87
2018-07-12 21:00:56,55.97,21.174999999999997,1.9450000000000003,25.700000000000003,31.19,0.0,46.21
2018-07-12 22:00:56,54.870000000000005,22.545,1.8,25.39,33.075,0.0,44.34
2018-07-12 23:00:56,66.67333333333333,17.72,1.845,19.415000000000003,22.330000000000002,0.0,44.79
2018-07-13 00:00:56,67.82666666666667,18.12,2.025,16.515,20.035,0.0,49.84
2018-07-13 01:00:56,54.6,24.534999999999997,2.01,11.435,14.755,0.0,50.71
2018-07-13 02:00:56,36.83,12.945,1.83,3.5549999999999997,5.510000000000001,0.0,57.06
2018-07-13 03:00:56,30.17,12.575000000000001,5.074999999999999,10.854999999999999,12.159999999999998,0.0,56.9
2018-07-13 04:00:56,30.223333333333333,8.700000000000001,15.415,22.415000000000003,23.75,0.0,46.49
2018-07-13 05:00:56,31.276666666666667,12.034999999999998,19.7,33.465,34.47,0.0,28.95
2018-07-13 06:00:56,44.79666666666667,22.959999999999997,20.47,42.145,46.495000000000005,0.0,21.0
2018-07-13 07:00:56,58.82333333333333,18.28,22.24,46.02,53.525,0.0,19.57
2018-07-13 08:00:56,72.58666666666667,34.129999999999995,8.335,24.3,28.55,0.0,35.22
2018-07-13 09:00:56,59.2,29.735,10.115,28.88,33.94,0.0,38.51
2018-07-13 10:00:56,53.25666666666667,22.985,11.39,31.0,36.37,0.0,41.8
2018-07-13 11:00:56,31.166666666666668,5.04,6.755,7.275000000000001,8.295,0.0,0.0
2018-07-13 12:00:56,28.776666666666667,5.830000000000001,4.43,3.8049999999999997,4.755,0.0,0.0
2018-07-13 13:00:56,23.296666666666667,6.38,3.185,21.265,27.850000000000005,0.0,0.0
2018-07-13 14:00:56,29.673333333333332,6.375,1.4799999999999998,15.885,21.45,0.0,48.53
2018-07-13 15:00:56,30.726666666666667,4.09,1.5350000000000001,16.175,20.68,0.0,52.19
2018-07-13 16:00:56,36.306666666666665,6.330000000000001,1.3849999999999998,16.595,20.68,0.0,54.48
2018-07-13 17:00:56,31.10666666666667,8.545,1.405,16.63,20.195,0.0,55.13
2018-07-13 18:00:56,38.02333333333333,11.24,1.345,20.695,25.459999999999997,0.0,54.5
2018-07-13 19:00:56,71.82666666666667,12.604999999999999,1.24,19.83,24.38,0.0,53.31
2018-07-13 20:00:56,75.36,18.709999999999997,1.415,18.34,22.340000000000003,0.0,53.39
2018-07-13 21:00:56,69.64666666666668,27.439999999999998,1.38,19.584999999999997,24.14,0.0,51.85
2018-07-13 22:00:56,58.34,16.07,1.335,25.320000000000004,31.825,0.0,46.11
2018-07-13 23:00:56,54.30666666666667,16.815,1.255,22.064999999999998,26.334999999999997,0.0,47.45
2018-07-14 00:00:56,49.28333333333334,16.535,4.19,19.35,22.275000000000002,0.0,48.56
2018-07-14 01:00:56,44.833333333333336,19.965,3.965,14.06,17.55,0.0,51.67
2018-07-14 02:00:56,37.480000000000004,19.385,3.94,12.090000000000002,14.410000000000002,0.0,53.49
2018-07-14 03:00:56,42.29333333333333,24.575000000000003,4.655,27.179999999999996,28.25,0.0,39.46
2018-07-14 04:00:56,45.333333333333336,20.745,5.63,23.75,25.145,0.0,43.17
2018-07-14 05:00:56,47.59,24.040000000000003,6.41,22.985,23.58,0.0,36.86
2018-07-14 06:00:56,56.983333333333334,27.700000000000003,6.09,33.135,36.735,0.0,21.84
2018-07-14 07:00:56,82.48333333333333,37.685,8.425,40.025,45.645,0.0,22.68
2018-07-14 08:00:56,87.26666666666667,58.24,24.724999999999998,47.815,56.565,0.0,25.24
2018-07-14 09:00:56,80.92333333333333,47.51,16.42,31.655,35.410000000000004,0.0,38.17
2018-07-14 10:00:56,59.61333333333333,29.445000000000004,9.145,28.64,33.52,0.0,42.4
2018-07-14 11:00:56,49.03,15.299999999999999,7.88,18.615,24.125,0.0,49.38
2018-07-14 12:00:56,36.08,8.96,6.385000000000001,12.51,15.050000000000002,0.0,52.32
2018-07-14 13:00:56,31.186666666666667,5.94,6.050000000000001,12.420000000000002,14.865,0.0,51.48
2018-07-14 14:00:56,32.529999999999994,4.18,4.925,19.015,23.53,0.0,49.15
2018-07-14 15:00:56,31.516666666666666,4.62,4.425,26.774999999999995,36.07,0.0,45.65
2018-07-14 16:00:56,34.71666666666667,7.56,3.625,25.985,33.565,0.0,44.76
2018-07-14 17:00:56,38.01,7.41,3.8249999999999997,19.865,23.015,0.0,44.65
2018-07-14 18:00:56,65.94333333333333,26.37,3.8850000000000002,24.41,28.745,0.0,37.73
2018-07-14 19:00:56,54.873333333333335,23.005,3.8000000000000003,54.51500000000001,62.005,0.0,29.22
2018-07-14 20:00:56,39.943333333333335,24.575,3.59,73.575,96.27,0.0,19.49
2018-07-14 21:00:56,35.1,16.535,4.17,91.21999999999998,123.3,0.0,8.62
2018-07-14 22:00:56,43.96666666666667,18.87,4.2250000000000005,58.629999999999995,68.33,0.0,21.27
2018-07-14 23:00:56,44.306666666666665,16.085,4.215,47.105,54.129999999999995,0.0,23.14
2018-07-15 00:00:56,53.36666666666667,24.224999999999998,4.105,46.419999999999995,51.004999999999995,0.0,24.2
2018-07-15 01:00:56,58.79666666666667,29.215000000000003,4.255,57.895,73.485,0.0,14.46
2018-07-15 02:00:56,61.03333333333333,26.67,4.365,46.35,49.160000000000004,0.0,15.57
2018-07-15 03:00:56,58.91,26.834999999999997,4.065,33.685,37.52,0.0,27.3
2018-07-15 04:00:56,48.97,23.98,3.725,25.49,26.959999999999997,0.0,32.17
2018-07-15 05:00:56,41.196666666666665,20.255,3.605,21.505,22.774999999999995,0.0,37.39
2018-07-15 06:00:56,40.05,16.55,3.535,18.305,19.18,0.0,40.24
2018-07-15 07:00:56,44.663333333333334,24.825,3.56,17.525000000000002,20.825,0.0,39.27
2018-07-15 08:00:56,34.0,19.115,4.555,10.41,12.915,0.0,45.04
2018-07-15 09:00:56,23.80333333333333,10.275,4.105,9.635,12.57,0.0,53.56
2018-07-15 10:00:56,20.36,6.64,4.02,12.145000000000001,14.530000000000001,0.0,55.29
2018-07-15 11:00:56,23.71666666666667,14.89,3.7449999999999997,11.255,13.229999999999999,0.0,54.69
2018-07-15 12:00:56,22.456666666666667,3.2650000000000006,3.895,13.959999999999999,16.45,0.0,50.69
2018-07-15 13:00:56,21.74,7.07,3.65,12.49,15.25,0.0,53.27
2018-07-15 14:00:56,25.45,7.19,3.595,17.66,22.67,0.0,51.94
2018-07-15 15:00:56,15.69,4.83,3.4949999999999997,18.04,24.22,0.0,52.95
2018-07-15 16:00:56,11.006666666666668,4.19,3.5100000000000002,15.674999999999999,20.205,0.0,53.81
2018-07-15 17:00:56,13.656666666666668,4.035,3.265,28.74,38.925,0.0,45.36
2018-07-15 18:00:56,27.07,3.2449999999999997,2.6749999999999994,18.195,22.284999999999997,0.0,52.67
2018-07-15 19:00:56,39.00333333333333,6.080000000000001,2.635,22.790000000000003,28.304999999999996,0.0,51.59
2018-07-15 20:00:56,40.93333333333333,15.96,2.465,22.580000000000002,27.435000000000002,0.0,50.99
2018-07-15 21:00:56,40.79666666666667,13.54,2.76,32.55,40.89,0.0,45.27
2018-07-15 22:00:56,43.35,11.735,2.78,27.38,32.57,0.0,46.28
2018-07-15 23:00:56,39.163333333333334,12.06,2.6999999999999997,25.615,30.054999999999996,0.0,47.14
2018-07-16 00:00:56,34.92333333333333,8.12,2.73,16.76,19.695,0.0,53.54
2018-07-16 01:00:56,34.99,6.245,2.65,12.950000000000001,14.935,0.0,57.75
2018-07-16 02:00:56,28.64333333333333,8.285,3.6750000000000003,14.549999999999999,16.18,0.0,57.71
2018-07-16 03:00:56,32.10666666666666,7.455000000000001,4.28,17.69,18.900000000000002,0.0,53.01
2018-07-16 04:00:56,28.226666666666667,12.089999999999998,5.185,15.159999999999998,16.115,0.0,50.09
2018-07-16 05:00:56,31.74666666666667,14.719999999999999,6.19,22.099999999999998,23.310000000000002,0.0,42.42
2018-07-16 06:00:56,38.04333333333333,19.845,7.785,29.274999999999995,31.245,0.0,31.23
2018-07-16 07:00:56,52.2,41.81,13.04,42.755,52.699999999999996,0.0,19.53
2018-07-16 08:00:56,59.85333333333333,43.055,20.68,38.69,46.775000000000006,0.0,28.72
2018-07-16 09:00:56,55.766666666666666,32.265,8.95,33.53,39.21,0.0,34.38
2018-07-16 10:00:56,43.08333333333333,19.52,5.77,19.805,22.209999999999997,0.0,52.68
2018-07-16 11:00:56,32.63666666666667,11.83,4.45,21.08,24.605,0.0,53.86
2018-07-16 12:00:56,28.516666666666666,11.86,4.79,19.6,22.524999999999995,0.0,55.8
2018-07-16 13:00:56,30.976666666666667,8.15,5.435,12.885,15.145000000000001,0.0,58.88
2018-07-16 14:00:56,21.7,5.5249999999999995,4.245,12.255,15.445,0.0,56.79
2018-07-16 15:00:56,11.64,3.595,4.16,20.325,25.724999999999998,0.0,50.88
2018-07-16 16:00:56,12.283333333333333,3.25,4.234999999999999,18.694999999999997,24.47,0.0,51.24
2018-07-16 17:00:56,16.05,2.6,4.445,15.969999999999999,19.135,0.0,52.96
2018-07-16 18:00:56,23.28,2.59,3.81,22.11,28.45,0.0,49.92
2018-07-16 19:00:56,24.653333333333332,4.84,3.61,28.245000000000005,35.465,0.0,46.35
2018-07-16 20:00:56,25.066666666666666,5.25,3.61,23.905,27.855,0.0,46.88
2018-07-16 21:00:56,45.156666666666666,19.01,3.9250000000000003,29.534999999999997,36.435,0.0,38.81
2018-07-16 22:00:56,40.03333333333333,17.71,3.74,34.335,46.98,0.0,33.86
2018-07-16 23:00:56,34.51,11.770000000000001,3.8800000000000003,26.540000000000003,33.74,0.0,36.67
2018-07-17 00:00:56,32.129999999999995,7.4049999999999985,3.6999999999999997,25.325,31.47,0.0,38.14
2018-07-17 01:00:56,33.556666666666665,5.715,3.9450000000000003,26.72,32.795,0.0,35.47
2018-07-17 02:00:56,28.406666666666666,7.09,4.45,30.650000000000002,35.01,0.0,33.74
2018-07-17 03:00:56,29.86,14.800000000000002,4.395,23.58,26.310000000000002,0.0,33.24
2018-07-17 04:00:56,30.686666666666667,8.84,7.579999999999999,30.599999999999998,32.385,0.0,26.21
2018-07-17 05:00:56,29.096666666666668,9.01,11.79,32.504999999999995,33.480000000000004,0.0,18.36
2018-07-17 06:00:56,41.34,26.28,17.845,44.199999999999996,51.800000000000004,0.0,10.61
2018-07-17 07:00:56,64.24333333333334,28.459999999999997,25.865,41.79,52.5,0.0,10.74
2018-07-17 08:00:56,76.15,35.91,37.71,54.775000000000006,79.285,0.0,8.68
2018-07-17 09:00:56,66.43666666666667,43.02,13.29,42.425,51.779999999999994,0.0,22.08
2018-07-17 10:00:56,53.556666666666665,31.97,8.834999999999999,28.91,33.025,0.0,41.94
2018-07-17 11:00:56,42.016666666666666,17.35,7.125,17.495,20.06,0.0,52.97
2018-07-17 12:00:56,37.096666666666664,9.67,6.82,22.3,26.669999999999998,0.0,53.54
2018-07-17 13:00:56,25.926666666666666,6.1000000000000005,7.13,20.27,23.87,0.0,56.33
2018-07-17 14:00:56,16.919999999999998,3.965,5.815,16.595,19.95,0.0,58.71
2018-07-17 15:00:56,13.483333333333334,3.6199999999999997,5.265000000000001,15.339999999999998,18.665000000000003,0.0,56.1
2018-07-17 16:00:56,12.713333333333333,2.58,5.07,18.59,22.76,0.0,52.57
2018-07-17 17:00:56,14.153333333333332,2.2899999999999996,5.474999999999999,13.945,16.34,0.0,57.71
2018-07-17 18:00:56,13.256666666666666,2.315,5.06,25.355,31.145,0.0,50.78
2018-07-17 19:00:56,17.39666666666667,2.055,4.855,18.99,21.649999999999995,0.0,52.73
2018-07-17 20:00:56,17.87333333333333,2.255,4.39,27.955,31.810000000000002,0.0,46.76
2018-07-17 21:00:56,48.13333333333333,10.770000000000001,4.715,27.189999999999998,31.685000000000002,0.0,48.21
2018-07-17 22:00:56,55.983333333333334,20.47,4.66,23.8,27.274999999999995,0.0,47.77
2018-07-17 23:00:56,41.586666666666666,12.32,4.605,21.045,24.39,0.0,47.3
2018-07-18 00:00:56,30.416666666666668,7.555,4.05,20.084999999999997,23.38,0.0,47.32
2018-07-18 01:00:56,30.16,5.685,3.955,14.475,17.04,0.0,47.25
2018-07-18 02:00:56,29.24666666666667,4.995,3.7650000000000006,14.200000000000001,15.854999999999999,0.0,48.81
2018-07-18 03:00:56,29.183333333333334,3.9949999999999997,8.86,30.205,32.115,0.0,45.22
2018-07-18 04:00:56,33.20333333333333,13.89,11.64,32.73,35.035,0.0,29.15
2018-07-18 05:00:56,33.52333333333333,17.39,17.595,42.055,44.585,0.0,18.29
2018-07-18 06:00:56,42.58,22.24,17.689999999999998,39.675,44.044999999999995,0.0,14.27
2018-07-18 07:00:56,54.45,28.755,16.4,49.84,66.82,0.0,6.96
2018-07-18 08:00:56,70.00999999999999,26.745,39.99,56.26,75.81,0.0,10.27
2018-07-18 09:00:56,63.81666666666666,29.25,22.615,49.615,59.875,0.0,24.01
2018-07-18 10:00:56,59.623333333333335,32.355,9.885,35.535000000000004,41.855,0.0,34.98
2018-07-18 11:00:56,44.71333333333333,22.95,5.46,17.37,19.59,0.0,50.82
2018-07-18 12:00:56,33.54,13.585,5.355,20.265,22.665000000000003,0.0,50.36
2018-07-18 13:00:56,27.25333333333333,8.07,7.439999999999999,19.44,21.669999999999998,0.0,48.56
2018-07-18 14:00:56,21.98,2.9150000000000005,5.185,22.455,26.81,0.0,50.56
2018-07-18 15:00:56,21.503333333333334,3.975,4.8500000000000005,18.475,22.37,0.0,55.62
2018-07-18 16:00:56,22.866666666666664,3.1199999999999997,4.635000000000001,29.725000000000005,38.13,0.0,47.63
2018-07-18 17:00:56,44.56333333333333,2.175,4.105,20.075000000000003,23.084999999999997,0.0,46.85
2018-07-18 18:00:56,74.20333333333333,12.594999999999999,3.7550000000000003,40.495000000000005,51.5,0.0,30.32
2018-07-18 19:00:56,55.8,14.725,4.324999999999999,57.915,70.27,0.0,25.12
2018-07-18 20:00:56,43.61333333333333,15.31,4.68,35.57,42.73499999999999,0.0,39.24
2018-07-18 21:00:56,49.14333333333333,16.38,3.57,41.300000000000004,53.355,0.0,29.9
2018-07-18 22:00:56,52.05666666666667,13.475,3.31,25.349999999999998,29.535,0.0,41.28
2018-07-18 23:00:56,45.72666666666667,15.575000000000001,2.85,49.615,60.050000000000004,0.0,28.62
2018-07-19 00:00:56,41.11666666666666,26.149999999999995,2.345,54.48,71.48,0.0,22.57
2018-07-19 01:00:56,31.053333333333335,15.975,2.275,21.595,26.320000000000004,0.0,32.99
2018-07-19 02:00:56,20.45,9.36,2.2,18.849999999999998,20.815,0.0,33.09
2018-07-19 03:00:56,20.14333333333333,10.215,2.15,22.64,24.645,0.0,29.89
2018-07-19 04:00:56,32.51,13.67,2.265,17.035,18.345,0.0,31.66
2018-07-19 05:00:56,29.12,10.46,2.985,21.89,23.575,0.0,21.53
2018-07-19 06:00:56,32.74333333333333,19.575,3.615,36.95,40.135,0.0,10.66
2018-07-19 07:00:56,48.916666666666664,32.645,3.3800000000000003,26.185,32.99,0.0,16.5
2018-07-19 08:00:56,56.39333333333334,37.865,7.650000000000001,35.805,48.24,0.0,19.76
2018-07-19 09:00:56,47.873333333333335,16.945,14.58,40.955000000000005,51.895,0.0,25.42
2018-07-19 10:00:56,36.31666666666666,24.8,9.020000000000001,22.665000000000003,28.095,0.0,41.12
2018-07-19 11:00:56,28.27,13.625,6.010000000000001,17.385,20.16,0.0,47.42
2018-07-19 12:00:56,19.55,7.805,2.015,18.165000000000003,21.37,0.0,51.67
2018-07-19 13:00:56,16.066666666666666,4.43,6.07,21.075,24.98,0.0,48.61
2018-07-19 14:00:56,13.616666666666667,2.895,5.595,22.285,27.169999999999998,0.0,49.76
2018-07-19 15:00:56,12.176666666666668,2.775,5.359999999999999,23.89,29.945000000000004,0.0,48.84
2018-07-19 16:00:56,10.856666666666667,3.39,5.38,24.02,28.95,0.0,50.92
2018-07-19 17:00:56,10.403333333333332,2.62,4.765000000000001,17.03,19.11,0.0,59.87
2018-07-19 18:00:56,13.436666666666667,2.17,5.05,21.84,25.01,0.0,60.82
2018-07-19 19:00:56,18.75,2.235,4.38,41.225,50.300000000000004,0.0,50.39
2018-07-19 20:00:56,39.61333333333333,5.56,4.05,32.16,38.155,0.0,40.11
2018-07-19 21:00:56,52.056666666666665,19.69,4.17,28.265,34.41,0.0,38.61
2018-07-19 22:00:56,39.71666666666667,13.51,4.09,30.55,37.35,0.0,34.64
2018-07-19 23:00:56,43.69,9.49,3.875,26.3,34.085,0.0,34.33
2018-07-20 00:00:56,39.66,13.5,2.9949999999999997,28.635,33.935,0.0,32.12
2018-07-20 01:00:56,36.60333333333334,19.535,3.4450000000000003,27.834999999999997,32.225,0.0,31.61
2018-07-20 02:00:56,42.57333333333333,25.804999999999996,3.815,25.995,27.86,0.0,28.44
2018-07-20 03:00:56,32.03,19.655,3.6300000000000003,30.625,32.805,0.0,19.03
2018-07-20 04:00:56,45.31,30.78,3.75,29.345,31.37,0.0,18.59
2018-07-20 05:00:56,65.91666666666667,30.515,3.6199999999999997,31.084999999999997,32.725,0.0,20.59
2018-07-20 06:00:56,66.08333333333333,34.79,3.9749999999999996,28.87,30.965,0.0,20.87
2018-07-20 07:00:56,62.953333333333326,35.919999999999995,4.2,35.5,45.150000000000006,0.0,9.98
2018-07-20 08:00:56,74.26333333333334,43.99,8.915000000000001,39.415,51.51499999999999,0.0,12.17
2018-07-20 09:00:56,68.21,18.24,9.82,35.345,44.815,0.0,23.61
2018-07-20 10:00:56,44.07666666666667,12.735,6.02,19.135,23.67,0.0,36.54
2018-07-20 11:00:56,29.13,7.330000000000001,4.65,13.025,15.07,0.0,50.65
2018-07-20 12:00:56,22.233333333333334,4.37,4.315,12.674999999999999,14.854999999999999,0.0,57.19
2018-07-20 13:00:56,15.82,2.59,4.985,17.14,20.145,0.0,56.73
2018-07-20 14:00:56,14.613333333333333,2.09,5.015000000000001,16.060000000000002,20.06,0.0,54.16
2018-07-20 15:00:56,9.746666666666668,1.4799999999999998,3.9299999999999997,16.34,20.59,0.0,55.93
2018-07-20 16:00:56,9.763333333333334,1.425,4.01,15.300000000000002,17.86,0.0,58.44
2018-07-20 17:00:56,8.426666666666666,1.055,4.390000000000001,16.5,19.595,0.0,57.58
2018-07-20 18:00:56,9.513333333333334,1.285,4.455,29.015,36.405,0.0,50.77
2018-07-20 19:00:56,12.48,2.19,3.6199999999999997,34.28,43.14000000000001,0.0,44.37
2018-07-20 20:00:56,38.36666666666667,15.219999999999999,3.7899999999999996,31.040000000000003,38.265,0.0,43.86
2018-07-20 21:00:56,51.54,17.945,3.5549999999999997,27.455000000000002,32.78,0.0,44.7
2018-07-20 22:00:56,44.09,14.115,3.445,18.88,23.02,0.0,48.04
2018-07-20 23:00:56,41.06666666666667,8.755,2.9250000000000003,16.135,19.63,0.0,49.81
2018-07-21 00:00:56,39.92,7.37,1.9799999999999998,14.62,17.615,0.0,51.17
2018-07-21 01:00:56,29.726666666666667,15.185,1.89,12.88,15.545000000000002,0.0,51.25
2018-07-21 02:00:56,24.96333333333333,17.315,1.8449999999999998,14.895000000000001,17.2,0.0,47.77
2018-07-21 03:00:56,25.8,13.005,3.28,29.565,32.43,0.0,41.73
2018-07-21 04:00:56,35.19,22.549999999999997,5.3,20.72,22.215,0.0,42.84
2018-07-21 05:00:56,40.71,27.060000000000002,3.99,23.13,24.205,0.0,38.37
2018-07-21 06:00:56,35.88333333333333,15.815,3.545,30.845,35.2,0.0,20.97
2018-07-21 07:00:56,47.23333333333334,23.135,4.145,36.870000000000005,43.81999999999999,0.0,14.2
2018-07-21 08:00:56,51.89333333333333,34.35,28.519999999999996,55.794999999999995,76.17,0.0,16.61
2018-07-21 09:00:56,52.6,38.27,20.415000000000003,52.345,66.73,0.0,20.43
2018-07-21 10:00:56,51.2,27.545,11.385,47.300000000000004,57.68,0.0,33.82
2018-07-21 11:00:56,40.193333333333335,22.485,11.65,32.475,36.635,0.0,46.49
2018-07-21 12:00:56,37.63333333333333,15.24,8.755,37.05,44.285,0.0,44.4
2018-07-21 13:00:56,31.416666666666664,10.175,6.640000000000001,26.025000000000002,31.159999999999997,0.0,49.8
2018-07-21 14:00:56,18.246666666666666,6.895,4.91,18.040000000000003,21.77,0.0,51.89
2018-07-21 15:00:56,14.393333333333334,3.68,4.300000000000001,25.41,32.254999999999995,0.0,47.85
2018-07-21 16:00:56,14.926666666666666,4.33,3.34,26.05,33.905,0.0,46.2
2018-07-21 17:00:56,22.683333333333334,3.345,3.35,36.98,49.66,0.0,38.37
2018-07-21 18:00:56,27.19666666666667,6.95,3.1500000000000004,26.5,33.615,0.0,45.19
2018-07-21 19:00:56,44.086666666666666,12.659999999999998,2.815,21.08,26.78,0.0,46.24
2018-07-21 20:00:56,56.77,24.554999999999996,2.905,23.145,29.345,0.0,42.92
2018-07-21 21:00:56,51.64666666666667,14.74,3.1,18.495,22.345,0.0,45.11
2018-07-21 22:00:56,34.20666666666667,12.775,2.85,16.555,19.974999999999998,0.0,46.96
2018-07-21 23:00:56,34.07,9.82,2.66,18.599999999999998,23.26,0.0,44.65
2018-07-22 00:00:56,25.453333333333333,9.91,2.625,18.655,23.415000000000003,0.0,41.25
2018-07-22 01:00:56,29.506666666666664,6.385000000000001,2.58,13.520000000000001,16.605,0.0,43.31
2018-07-22 02:00:56,38.556666666666665,4.92,2.73,12.300000000000002,14.979999999999999,0.0,42.18
2018-07-22 03:00:56,32.51,6.745,2.985,16.095,18.155,0.0,37.07
2018-07-22 04:00:56,32.39,10.844999999999999,3.08,19.13,20.635,0.0,35.94
2018-07-22 05:00:56,31.7,8.735,3.015,16.53,17.37,0.0,35.66
2018-07-22 06:00:56,30.12,19.51,3.3599999999999994,19.62,21.3,0.0,29.61
2018-07-22 07:00:56,34.413333333333334,22.315,5.1450000000000005,24.51,29.24,0.0,19.5
2018-07-22 08:00:56,33.78666666666667,12.300000000000002,27.534999999999997,33.175000000000004,43.48499999999999,0.0,18.84
2018-07-22 09:00:56,49.88666666666667,30.01,13.325000000000001,20.495,24.355,0.0,35.78
2018-07-22 10:00:56,36.8,6.885000000000001,10.585,17.245,19.655,0.0,41.65
2018-07-22 11:00:56,22.376666666666665,4.58,8.64,14.935,17.599999999999998,0.0,46.73
2018-07-22 12:00:56,21.153333333333336,4.08,6.2749999999999995,15.975,21.19,0.0,48.28
2018-07-22 13:00:56,17.29,2.525,4.66,24.425,33.855,0.0,41.34
2018-07-22 14:00:56,12.193333333333332,2.36,4.03,22.755,31.105,0.0,42.8
2018-07-22 15:00:56,7.390000000000001,2.105,4.14,23.17,31.015,0.0,43.25
2018-07-22 16:00:56,11.293333333333335,2.18,4.545,21.455000000000002,28.38,0.0,43.15
2018-07-22 17:00:56,10.023333333333333,1.965,4.225,41.27,55.92499999999999,0.0,31.47
2018-07-22 18:00:56,13.693333333333332,1.62,3.7449999999999997,27.55,37.505,0.0,39.81
2018-07-22 19:00:56,30.08,5.2,3.7099999999999995,17.62,21.53,0.0,41.32
2018-07-22 20:00:56,60.07666666666667,9.93,3.875,24.455,28.885,0.0,42.57
2018-07-22 21:00:56,45.516666666666666,6.535,3.78,30.44,37.31,0.0,34.17
2018-07-22 22:00:56,41.82666666666667,9.005,4.045,33.645,42.725,0.0,28.63
2018-07-22 23:00:56,37.00333333333333,8.34,3.58,40.715,56.26499999999999,0.0,20.19
2018-07-23 00:00:56,41.486666666666665,16.745,2.765,33.765,40.29,0.0,25.92
2018-07-23 01:00:56,40.47666666666667,14.865,2.975,23.415000000000003,27.55,0.0,29.17
2018-07-23 02:00:56,31.023333333333333,15.815,3.31,32.965,35.495000000000005,0.0,27.82
2018-07-23 03:00:56,35.77,16.445,4.140000000000001,28.865,30.445000000000004,0.0,24.94
2018-07-23 04:00:56,40.016666666666666,15.715000000000002,4.55,25.505,29.580000000000002,0.0,16.35
2018-07-23 05:00:56,46.556666666666665,21.275000000000002,4.08,30.345,33.105,0.0,13.52
2018-07-23 06:00:56,58.46,40.330000000000005,3.8350000000000004,33.175000000000004,40.39,0.0,6.94
2018-07-23 07:00:56,78.27666666666667,39.835,5.415,35.345,48.49,0.0,8.76
2018-07-23 08:00:56,67.75333333333333,45.06,28.284999999999997,44.794999999999995,64.29,0.0,12.97
2018-07-23 09:00:56,54.696666666666665,35.870000000000005,17.685,46.155,61.745000000000005,0.0,21.41
2018-07-23 10:00:56,33.769999999999996,11.485,9.15,35.905,43.025000000000006,0.0,36.05
2018-07-23 11:00:56,30.336666666666666,6.025000000000001,6.425000000000001,17.834999999999997,21.13,0.0,49.9
2018-07-23 12:00:56,22.493333333333332,4.07,4.55,14.594999999999999,17.025000000000002,0.0,52.68
2018-07-23 13:00:56,16.69,2.85,3.58,2.42,3.15,0.0,51.87
2018-07-23 14:00:56,14.483333333333334,2.485,3.97,16.814999999999998,20.44,0.0,60.16
2018-07-23 15:00:56,12.076666666666666,1.8999999999999997,4.1499999999999995,15.685,19.05,0.0,57.54
2018-07-23 16:00:56,9.806666666666668,2.08,3.73,17.125,21.84,0.0,49.99
2018-07-23 17:00:56,9.49,1.36,3.51,20.335,24.955000000000002,0.0,48.32
2018-07-23 18:00:56,11.333333333333334,1.655,3.33,23.694999999999997,29.834999999999997,0.0,46.95
2018-07-23 19:00:56,15.74,1.38,3.1650000000000005,37.300000000000004,49.245000000000005,0.0,41.27
2018-07-23 20:00:56,29.32333333333333,3.285,5.419999999999999,36.265,43.865,0.0,41.02
2018-07-23 21:00:56,59.78,22.115,3.535,33.81,42.585,0.0,36.27
2018-07-23 22:00:56,61.86666666666667,21.689999999999998,3.65,37.06,42.955000000000005,0.0,36.55
2018-07-23 23:00:56,58.41,19.215,3.6649999999999996,46.06,53.615,0.0,33.84
2018-07-24 00:00:56,37.43,15.08,5.7250000000000005,45.565,50.324999999999996,0.0,33.98
2018-07-24 01:00:56,29.953333333333333,10.549999999999999,6.594999999999999,37.035000000000004,39.53,0.0,37.09
2018-07-24 02:00:56,31.123333333333335,14.659999999999998,10.045000000000002,32.895,34.47,0.0,41.5
2018-07-24 03:00:56,31.623333333333335,12.99,16.415,38.265,40.43,0.0,24.12
2018-07-24 04:00:56,34.75333333333333,18.265,22.955,40.105,42.045,0.0,18.22
2018-07-24 05:00:56,51.85333333333333,22.5,18.925,39.545,41.4,0.0,16.55
2018-07-24 06:00:56,65.88333333333334,25.790000000000003,14.780000000000001,42.005,45.305,0.0,15.61
2018-07-24 07:00:56,61.32,24.605,16.195,54.300000000000004,75.605,0.0,6.38
2018-07-24 08:00:56,54.50333333333333,37.01,19.34,42.055,56.705000000000005,0.0,16.39
2018-07-24 09:00:56,34.73,30.909999999999997,13.340000000000002,34.295,40.69,0.0,28.9
2018-07-24 10:00:56,34.88666666666666,26.834999999999997,8.495,28.179999999999996,33.37,0.0,36.76
2018-07-24 11:00:56,29.83,18.724999999999998,6.195,25.615,30.570000000000004,0.0,42.67
2018-07-24 12:00:56,37.09,13.785000000000002,5.3500000000000005,16.69,19.19,0.0,48.81
2018-07-24 13:00:56,24.823333333333334,8.835,2.185,11.805,14.11,0.0,55.09
2018-07-24 14:00:56,20.853333333333335,2.8200000000000003,5.53,14.1,16.525,0.0,58.81
2018-07-24 15:00:56,29.923333333333336,11.4,5.669999999999999,10.950000000000001,12.88,0.0,59.03
2018-07-24 16:00:56,51.47,7.905,5.085,11.51,13.12,0.0,56.82
2018-07-24 17:00:56,56.736666666666665,9.845,5.09,10.375,12.225,0.0,53.69
2018-07-24 18:00:56,75.16,6.915,4.295,13.815,15.844999999999999,0.0,49.22
2018-07-24 19:00:56,0.0,21.59,3.6449999999999996,24.615,27.955,0.0,42.24
2018-07-24 20:00:56,0.0,31.42,4.025,36.385,43.605,0.0,43.64
2018-07-24 21:00:56,17.549999999999997,22.115,4.245,59.150000000000006,75.105,0.0,31.01
2018-07-24 22:00:56,15.863333333333335,14.35,5.510000000000001,49.504999999999995,57.5,0.0,27.86
2018-07-24 23:00:56,46.42333333333334,16.02,4.63,29.175,34.08,0.0,37.38
2018-07-25 00:00:56,34.79,22.87,2.345,20.705,25.045,0.0,42.51
2018-07-25 01:00:56,22.53333333333333,15.594999999999999,1.705,23.024999999999995,27.405,0.0,36.55
2018-07-25 02:00:56,19.186666666666667,12.445,3.89,32.46,34.82,0.0,34.33
2018-07-25 03:00:56,25.96,13.015,5.665,30.2,33.025,0.0,32.46
2018-07-25 04:00:56,28.976666666666667,11.945,6.155,33.705,35.275,0.0,16.23
2018-07-25 05:00:56,39.92666666666667,20.745,9.845,32.449999999999996,34.285,0.0,18.41
2018-07-25 06:00:56,49.46666666666667,23.34,8.795,34.725,37.28,0.0,21.82
2018-07-25 07:00:56,50.55666666666667,34.545,20.135,47.215,61.73500000000001,0.0,14.03
2018-07-25 08:00:56,56.146666666666675,39.74,36.065,54.935,73.97500000000001,0.0,12.7
2018-07-25 09:00:56,52.39,42.28,34.34,59.72,77.36,0.0,20.84
2018-07-25 10:00:56,49.896666666666675,34.095,9.9,31.915000000000003,38.215,0.0,33.17
2018-07-25 11:00:56,37.97333333333333,27.455,6.305,20.055,23.125,0.0,42.56
2018-07-25 12:00:56,27.026666666666667,17.025,4.485,12.08,14.06,0.0,50.14
2018-07-25 13:00:56,23.673333333333332,9.615,3.5749999999999997,9.94,12.445,0.0,50.68
2018-07-25 14:00:56,23.85,7.965,3.16,11.305,13.79,0.0,48.76
2018-07-25 15:00:56,34.653333333333336,6.265,3.1199999999999997,13.85,17.095,0.0,50.48
2018-07-25 16:00:56,19.883333333333333,2.73,6.195,9.685,11.729999999999999,0.0,54.76
2018-07-25 17:00:56,19.89,5.495,5.414999999999999,13.385,16.295,0.0,52.85
2018-07-25 18:00:56,21.413333333333334,10.365,2.375,25.16,29.12,0.0,45.48
2018-07-25 19:00:56,31.909999999999997,8.08,1.405,45.370000000000005,51.22,0.0,41.62
2018-07-25 20:00:56,20.726666666666667,14.604999999999999,2.685,71.595,78.84,0.0,23.97
2018-07-25 21:00:56,33.49666666666666,32.08,1.095,29.38,34.620000000000005,0.0,33.42
2018-07-25 22:00:56,64.64666666666666,43.815,1.025,19.76,26.045,0.0,42.54
2018-07-25 23:00:56,82.75,32.675000000000004,1.055,14.04,17.395,0.0,46.13
2018-07-26 00:00:56,60.096666666666664,26.275000000000002,1.115,19.435,22.89,0.0,40.92
2018-07-26 01:00:56,48.78666666666667,25.385,1.375,17.349999999999998,21.16,0.0,39.81
2018-07-26 02:00:56,45.65,22.36,1.3999999999999997,19.155,21.375,0.0,44.45
2018-07-26 03:00:56,41.04666666666667,17.6,1.305,29.135,31.554999999999996,0.0,38.01
2018-07-26 04:00:56,46.56,22.235,1.575,25.385,27.100000000000005,0.0,29.31
2018-07-26 05:00:56,49.67,24.34,4.46,26.845,28.075,0.0,16.43
2018-07-26 06:00:56,75.82666666666667,27.290000000000003,7.805,37.72,40.695,0.0,14.12
2018-07-26 07:00:56,94.27666666666667,38.830000000000005,12.96,36.7,43.919999999999995,0.0,18.94
2018-07-26 08:00:56,83.84333333333333,49.12,13.575000000000001,45.050000000000004,62.815,0.0,9.73
2018-07-26 09:00:56,90.64333333333333,34.97,6.640000000000001,33.33,46.95000000000001,0.0,27.57
2018-07-26 10:00:56,64.34,19.37,4.46,25.455,33.85,0.0,34.14
2018-07-26 11:00:56,46.3,10.450000000000001,4.17,15.705,18.36,0.0,46.16
2018-07-26 12:00:56,31.61666666666667,6.954999999999999,4.91,16.91,19.585,0.0,52.61
2018-07-26 13:00:56,32.093333333333334,5.550000000000001,6.469999999999999,14.335,16.46,0.0,55.25
2018-07-26 14:00:56,28.52333333333333,7.814999999999999,5.815,21.39,25.97,0.0,54.48
2018-07-26 15:00:56,29.076666666666668,2.9249999999999994,5.56,16.315,19.25,0.0,53.84
2018-07-26 16:00:56,26.983333333333334,2.44,4.91,16.71,19.205000000000002,0.0,52.2
2018-07-26 17:00:56,28.933333333333334,1.45,4.385,32.16,40.705000000000005,0.0,42.15
2018-07-26 18:00:56,58.68000000000001,13.204999999999998,4.245,45.805,53.915,0.0,42.88
2018-07-26 19:00:56,57.74333333333334,17.91,6.460000000000001,56.88,66.765,0.0,37.04
2018-07-26 20:00:56,56.23,23.61,5.364999999999999,29.099999999999998,36.43,0.0,39.97
2018-07-26 21:00:56,56.54666666666667,15.54,4.45,27.5,35.035000000000004,0.0,43.51
2018-07-26 22:00:56,64.89666666666668,17.115,4.04,25.815,31.445000000000004,0.0,33.94
2018-07-26 23:00:56,60.22333333333333,21.39,3.3699999999999997,28.150000000000002,36.285,0.0,28.77
2018-07-27 00:00:56,78.17,25.459999999999997,2.8800000000000003,17.29,20.31,0.0,39.73
2018-07-27 01:00:56,49.57,17.89,3.135,15.13,16.295,0.0,40.63
2018-07-27 02:00:56,36.88666666666667,14.205,3.385,16.815,20.695,0.0,33.89
2018-07-27 03:00:56,28.406666666666666,16.93,3.23,16.91,18.305,0.0,35.35
2018-07-27 04:00:56,27.0,15.745,3.43,18.27,18.87,0.0,36.82
2018-07-27 05:00:56,30.793333333333333,9.950000000000001,3.015,22.99,25.689999999999998,0.0,29.06
2018-07-27 06:00:56,44.373333333333335,24.61,3.405,27.51,31.165000000000003,0.0,21.18
2018-07-27 07:00:56,58.10333333333333,25.415000000000003,3.5649999999999995,32.43,39.805,0.0,18.42
2018-07-27 08:00:56,54.263333333333335,29.849999999999998,4.545,40.235,51.635,0.0,21.47
2018-07-27 09:00:56,42.49333333333333,26.825000000000003,9.635,49.465,62.66,0.0,22.41
2018-07-27 10:00:56,52.86333333333334,20.01,6.715,36.964999999999996,45.0,0.0,27.21
2018-07-27 11:00:56,48.903333333333336,13.99,5.235,31.34,40.715,0.0,33.57
2018-07-27 12:00:56,35.373333333333335,8.215,5.28,22.955,29.965000000000003,0.0,40.65
2018-07-27 13:00:56,27.07,4.61,4.41,21.849999999999998,29.235,0.0,43.87
2018-07-27 14:00:56,24.863333333333333,5.465,4.140000000000001,23.599999999999998,32.615,0.0,42.3
2018-07-27 15:00:56,21.60333333333333,4.86,4.3,28.475000000000005,38.574999999999996,0.0,42.58
2018-07-27 16:00:56,24.383333333333336,3.2550000000000003,4.065,26.28,34.965,0.0,43.32
2018-07-27 17:00:56,24.72,5.095,3.985,18.62,24.320000000000004,0.0,45.57
2018-07-27 18:00:56,35.53333333333334,7.785,3.9599999999999995,18.49,24.935000000000002,0.0,41.98
2018-07-27 19:00:56,51.60333333333333,9.045,3.5050000000000003,22.17,28.600000000000005,0.0,41.37
2018-07-27 20:00:56,48.95333333333333,12.339999999999998,3.545,18.37,24.465000000000003,0.0,40.59
2018-07-27 21:00:56,51.13,12.54,3.5849999999999995,16.955,21.205000000000002,0.0,43.25
2018-07-27 22:00:56,53.973333333333336,14.155,3.5749999999999997,16.605,22.340000000000003,0.0,40.48
2018-07-27 23:00:56,41.66,14.115,3.01,22.245,28.27,0.0,34.85
2018-07-28 00:00:56,32.11,14.235,2.315,31.955000000000002,41.245000000000005,0.0,27.04
2018-07-28 01:00:56,43.163333333333334,12.405000000000001,2.58,27.584999999999997,34.29,0.0,29.11
2018-07-28 02:00:56,36.28,14.315,2.7550000000000003,17.175,20.86,0.0,32.99
2018-07-28 03:00:56,28.38,12.43,2.8699999999999997,7.364999999999999,9.69,0.0,40.09
2018-07-28 04:00:56,26.72,10.06,3.015,7.18,8.39,0.0,40.29
2018-07-28 05:00:56,30.623333333333335,11.07,2.785,9.6,10.85,0.0,37.71
2018-07-28 06:00:56,28.91,10.015,3.0400000000000005,17.495,20.02,0.0,27.36
2018-07-28 07:00:56,37.986666666666665,20.555000000000003,3.045,27.62,33.555,0.0,15.58
2018-07-28 08:00:56,54.49,19.31,3.9749999999999996,37.285,47.975,0.0,15.48
2018-07-28 09:00:56,46.43,9.37,5.989999999999999,34.765,42.775,0.0,23.18
2018-07-28 10:00:56,35.07,20.045,5.5249999999999995,24.120000000000005,28.755,0.0,33.66
2018-07-28 11:00:56,40.14666666666667,12.905000000000001,4.39,34.215,45.13499999999999,0.0,28.57
2018-07-28 12:00:56,35.74,13.405000000000001,4.57,29.784999999999997,39.125,0.0,32.98
2018-07-28 13:00:56,27.76,7.93,4.79,18.915000000000003,25.0,0.0,45.45
2018-07-28 14:00:56,24.43,5.445,4.115,13.170000000000002,15.47,0.0,55.58
2018-07-28 15:00:56,23.21,1.53,4.035,25.59,32.69,0.0,45.23
2018-07-28 16:00:56,19.606666666666666,1.145,3.6999999999999997,27.13,36.385,0.0,42.83
2018-07-28 17:00:56,21.990000000000002,1.8,4.51,23.524999999999995,28.575,0.0,42.69
2018-07-28 18:00:56,42.63666666666666,15.38,5.905,42.205,58.544999999999995,0.0,28.58
2018-07-28 19:00:56,60.25666666666667,13.71,3.89,26.459999999999997,34.31,0.0,41.24
2018-07-28 20:00:56,65.89666666666666,18.7,3.7099999999999995,22.455,28.345,0.0,37.33
2018-07-28 21:00:56,60.63,14.99,3.33,21.01,27.59,0.0,33.11
2018-07-28 22:00:56,66.43,12.770000000000001,3.3249999999999997,17.345,22.655,0.0,36.07
2018-07-28 23:00:56,45.44333333333333,16.439999999999998,2.895,23.885,32.125,0.0,29.8
2018-07-29 00:00:56,34.903333333333336,13.86,2.275,18.8,21.595,0.0,33.4
2018-07-29 01:00:56,32.413333333333334,10.674999999999999,2.2449999999999997,17.165,21.709999999999997,0.0,32.64
2018-07-29 02:00:56,34.68,8.625,2.105,27.875,32.26,0.0,31.2
2018-07-29 03:00:56,39.11333333333334,20.765,2.34,14.104999999999999,16.595,0.0,34.96
2018-07-29 04:00:56,40.95666666666666,13.62,2.67,13.674999999999999,15.25,0.0,38.7
2018-07-29 05:00:56,31.02,19.44,3.03,29.485,31.885,0.0,21.26
2018-07-29 06:00:56,62.153333333333336,32.645,3.225,33.125,36.370000000000005,0.0,8.75
2018-07-29 07:00:56,100.57,41.620000000000005,3.16,23.564999999999998,29.315,0.0,16.84
2018-07-29 08:00:56,64.94333333333333,44.04,5.199999999999999,27.06,34.25,0.0,17.36
2018-07-29 09:00:56,57.473333333333336,40.865,7.72,26.78,34.56,0.0,28.66
2018-07-29 10:00:56,45.223333333333336,26.235,6.19,13.035000000000002,16.765,0.0,45.33
2018-07-29 11:00:56,32.42666666666666,14.745,4.565,14.555,19.145,0.0,43.1
2018-07-29 12:00:56,21.94333333333333,9.615,4.01,23.465,31.375,0.0,36.71
2018-07-29 13:00:56,20.43,5.539999999999999,3.8249999999999997,25.485,35.879999999999995,0.0,38.54
2018-07-29 14:00:56,22.183333333333334,3.58,3.855,19.8,26.820000000000004,0.0,46.16
2018-07-29 15:00:56,17.69333333333333,1.285,4.12,23.825,31.675,0.0,44.16
2018-07-29 16:00:56,16.606666666666666,1.3399999999999999,3.78,20.599999999999998,27.195000000000004,0.0,46.25
2018-07-29 17:00:56,15.066666666666668,1.4100000000000001,3.84,26.39,33.98,0.0,45.59
2018-07-29 18:00:56,15.32,1.4649999999999999,3.8349999999999995,25.439999999999998,33.33,0.0,48.51
2018-07-29 19:00:56,18.856666666666666,3.4599999999999995,3.685,20.225,25.205,0.0,49.94
2018-07-29 20:00:56,24.846666666666664,7.039999999999999,3.52,17.89,22.650000000000002,0.0,47.85
2018-07-29 21:00:56,43.39,18.685,3.625,15.104999999999999,18.29,0.0,47.13
2018-07-29 22:00:56,61.30666666666667,14.525,3.455,13.705,17.58,0.0,47.41
2018-07-29 23:00:56,52.67666666666667,8.205,3.265,13.615,16.74,0.0,46.72
2018-07-30 00:00:56,41.42666666666667,8.43,1.96,10.905000000000001,13.815,0.0,46.4
2018-07-30 01:00:56,32.36,10.61,1.905,7.345,9.68,0.0,46.45
2018-07-30 02:00:56,24.246666666666666,8.135,1.995,7.355,9.33,0.0,47.87
2018-07-30 03:00:56,24.316666666666666,6.175,2.165,9.43,11.005,0.0,44.44
2018-07-30 04:00:56,22.14,8.645,2.345,7.75,9.735,0.0,41.07
2018-07-30 05:00:56,26.933333333333334,11.11,2.36,13.205,14.94,0.0,38.63
2018-07-30 06:00:56,39.33333333333333,14.280000000000001,2.9350000000000005,23.74,26.26,0.0,25.01
2018-07-30 07:00:56,53.94333333333333,28.650000000000002,4.6450000000000005,40.195,56.815,0.0,9.92
2018-07-30 08:00:56,60.29333333333333,44.964999999999996,11.56,37.835,48.935,0.0,21.14
2018-07-30 09:00:56,54.81333333333333,27.439999999999998,9.255,26.23,31.61,0.0,30.77
2018-07-30 10:00:56,46.43333333333334,10.0,7.0,36.91,43.72,0.0,29.23
2018-07-30 11:00:56,39.693333333333335,5.41,5.945,31.235,36.715,0.0,37.53
2018-07-30 12:00:56,36.026666666666664,14.229999999999999,5.955000000000001,26.51,34.015,0.0,38.05
2018-07-30 13:00:56,27.486666666666665,2.83,5.155,22.155,30.474999999999998,0.0,41.68
2018-07-30 14:00:56,19.263333333333335,2.595,4.31,23.5,32.14,0.0,43.2
2018-07-30 15:00:56,15.586666666666666,2.085,4.18,30.69,43.25,0.0,41.54
2018-07-30 16:00:56,16.723333333333333,1.4299999999999997,3.84,24.77,32.19,0.0,46.75
2018-07-30 17:00:56,16.19,1.27,3.9000000000000004,24.319999999999997,31.974999999999998,0.0,47.55
2018-07-30 18:00:56,18.11,5.28,3.5749999999999997,20.55,26.445000000000004,0.0,49.73
2018-07-30 19:00:56,28.463333333333335,3.725,3.4450000000000003,23.27,29.91,0.0,45.14
2018-07-30 20:00:56,49.36333333333334,12.725,3.5050000000000003,24.59,30.365,0.0,41.32
2018-07-30 21:00:56,50.20333333333333,17.525,3.4499999999999997,19.795,24.054999999999996,0.0,42.63
2018-07-30 22:00:56,49.75,17.73,3.58,24.535,30.47,0.0,38.88
2018-07-30 23:00:56,40.01,11.594999999999999,3.4899999999999998,16.07,19.655,0.0,42.28
2018-07-31 00:00:56,39.906666666666666,8.765,3.1899999999999995,17.88,21.804999999999996,0.0,39.63
2018-07-31 01:00:56,32.300000000000004,8.875,3.27,19.595,24.070000000000004,0.0,36.17
2018-07-31 02:00:56,34.696666666666665,5.670000000000001,3.345,10.025,12.03,0.0,42.81
2018-07-31 03:00:56,28.226666666666667,13.945,3.155,9.62,10.975,0.0,41.06
2018-07-31 04:00:56,34.65,12.195,3.34,16.165,17.09,0.0,39.22
2018-07-31 05:00:56,43.19,11.535000000000002,3.59,17.77,19.48,0.0,29.75
2018-07-31 06:00:56,40.083333333333336,13.665,3.905,28.915000000000003,32.435,0.0,10.03
2018-07-31 07:00:56,72.77666666666667,25.52,5.73,42.725,60.64000000000001,0.0,8.73
2018-07-31 08:00:56,106.08666666666667,44.254999999999995,6.005,38.38,57.54,0.0,18.95
2018-07-31 09:00:56,57.38666666666666,36.665,4.51,37.865,54.945,0.0,23.56
2018-07-31 10:00:56,40.876666666666665,19.26,5.295,34.44,47.94,0.0,31.15
2018-07-31 11:00:56,32.766666666666666,10.88,5.6000000000000005,18.105,24.22,0.0,38.75
2018-07-31 12:00:56,26.626666666666665,6.425,4.14,22.505,31.525000000000002,0.0,36.83
2018-07-31 13:00:56,20.926666666666666,3.6050000000000004,3.365,22.73,33.46,0.0,36.04
2018-07-31 14:00:56,21.6,3.595,2.9249999999999994,20.81,30.195000000000004,0.0,36.67
2018-07-31 15:00:56,18.816666666666666,1.38,3.01,18.2,24.98,0.0,41.09
2018-07-31 16:00:56,15.786666666666667,1.455,3.045,18.44,24.929999999999996,0.0,42.68
2018-07-31 17:00:56,17.506666666666664,1.42,3.17,20.52,27.89,0.0,41.28
2018-07-31 18:00:56,20.793333333333333,3.1749999999999994,3.0700000000000003,19.05,25.959999999999997,0.0,42.43
2018-07-31 19:00:56,27.33666666666667,3.045,2.97,18.165,24.155,0.0,39.46
2018-07-31 20:00:56,48.86333333333334,13.719999999999999,2.9599999999999995,16.53,21.575,0.0,37.2
2018-07-31 21:00:56,50.51,8.43,2.84,16.86,22.709999999999997,0.0,32.69
2018-07-31 22:00:56,53.010000000000005,8.66,2.9149999999999996,14.579999999999998,19.64,0.0,33.03
2018-07-31 23:00:56,49.57666666666667,9.975,2.955,19.695,27.375,0.0,28.9
2018-08-01 00:00:56,42.50333333333333,12.765,2.6999999999999997,16.384999999999998,20.34,0.0,30.39
2018-08-01 01:00:56,44.83,13.6,2.47,24.145,28.765,0.0,23.35
2018-08-01 02:00:56,31.043333333333333,7.57,2.935,29.929999999999996,33.58,0.0,20.08
2018-08-01 03:00:56,27.55,5.805,3.52,31.375,33.025,0.0,17.86
2018-08-01 04:00:56,44.74,12.875,6.414999999999999,27.895,32.01,0.0,15.7
2018-08-01 05:00:56,45.85666666666667,15.17,6.68,22.310000000000002,25.16,0.0,19.53
2018-08-01 06:00:56,44.92333333333333,16.885,6.965,24.39,28.58,0.0,23.48
2018-08-01 07:00:56,48.24666666666667,21.810000000000002,7.505,33.545,43.19,0.0,9.14
2018-08-01 08:00:56,52.44,33.43,8.215,27.375,39.93,0.0,12.34
2018-08-01 09:00:56,44.28,23.189999999999998,6.580000000000001,20.06,26.165000000000003,0.0,29.31
2018-08-01 10:00:56,33.24666666666666,13.67,6.205000000000001,22.035,27.645,0.0,36.25
2018-08-01 11:00:56,29.903333333333336,9.674999999999999,6.035,23.225000000000005,28.570000000000004,0.0,47.15
2018-08-01 12:00:56,36.946666666666665,4.625,6.585000000000001,19.67,23.944999999999997,0.0,53.15
2018-08-01 13:00:56,34.666666666666664,2.645,6.25,23.39,29.045,0.0,47.67
2018-08-01 14:00:56,36.153333333333336,6.635000000000001,5.26,20.76,25.935000000000002,0.0,46.5
2018-08-01 15:00:56,35.29333333333333,5.93,5.07,13.155,15.88,0.0,55.32
2018-08-01 16:00:56,29.916666666666668,6.105,4.745,18.465,22.635,0.0,52.78
2018-08-01 17:00:56,27.9,3.53,4.645,14.339999999999998,17.205,0.0,57.09
2018-08-01 18:00:56,32.77333333333333,3.045,4.25,20.065,23.689999999999998,0.0,53.8
2018-08-01 19:00:56,52.71333333333333,10.735,4.27,31.63,38.055,0.0,48.36
2018-08-01 20:00:56,66.99333333333334,17.48,4.21,35.675000000000004,42.08,0.0,41.88
2018-08-01 21:00:56,70.24,19.27,4.965,33.835,39.96,0.0,34.17
2018-08-01 22:00:56,75.16333333333333,21.72,4.635000000000001,40.47,55.35999999999999,0.0,21.38
2018-08-01 23:00:56,73.41333333333333,19.13,3.92,31.905,42.555,0.0,26.19
2018-08-02 00:00:56,66.05666666666667,16.535,3.1199999999999997,20.45,24.485,0.0,40.0
2018-08-02 01:00:56,55.093333333333334,14.475,2.8349999999999995,35.84,40.18,0.0,33.18
2018-08-02 02:00:56,57.68666666666667,17.680000000000003,2.955,34.214999999999996,35.95,0.0,25.8
2018-08-02 03:00:56,71.69,20.965,3.72,24.205,26.095,0.0,30.11
2018-08-02 04:00:56,60.45,20.76,4.54,24.439999999999998,25.680000000000003,0.0,28.7
2018-08-02 05:00:56,60.39666666666667,15.74,4.755,21.505,23.070000000000004,0.0,22.61
2018-08-02 06:00:56,50.27666666666667,21.005,6.550000000000001,20.78,22.724999999999998,0.0,28.61
2018-08-02 07:00:56,48.45,16.805,6.550000000000001,16.724999999999998,18.96,0.0,45.33
2018-08-02 08:00:56,36.95666666666667,14.43,5.969999999999999,19.795,22.849999999999998,0.0,40.3
2018-08-02 09:00:56,31.77,16.24,4.91,22.340000000000003,26.615,0.0,43.81
2018-08-02 10:00:56,45.333333333333336,11.895000000000001,4.465,21.474999999999998,24.52,0.0,45.25
2018-08-02 11:00:56,40.263333333333335,20.680000000000003,4.125,35.34,43.125,0.0,37.34
2018-08-02 12:00:56,43.276666666666664,14.255,2.125,23.185000000000002,29.765,0.0,38.98
2018-08-02 13:00:56,43.43666666666667,13.725,4.065,26.05,35.24,0.0,35.36
2018-08-02 14:00:56,48.18666666666667,9.53,3.615,48.115,60.085,0.0,28.65
2018-08-02 15:00:56,58.833333333333336,5.685,3.44,45.120000000000005,55.28999999999999,0.0,33.45
2018-08-02 16:00:56,44.263333333333335,7.98,3.595,59.65,72.08,0.0,28.57
2018-08-02 17:00:56,50.56333333333333,7.29,4.9,56.324999999999996,64.755,0.0,32.12
2018-08-02 18:00:56,52.3,5.04,6.575,36.4,43.31,0.0,48.81
2018-08-02 19:00:56,54.803333333333335,4.11,5.7250000000000005,28.540000000000003,34.275,0.0,46.84
2018-08-02 20:00:56,61.20666666666666,3.275,5.165,29.100000000000005,35.74,0.0,44.94
2018-08-02 21:00:56,51.63333333333333,7.945,4.585,32.35,39.365,0.0,37.97
2018-08-02 22:00:56,73.23333333333333,7.544999999999999,4.205,26.905,33.31,0.0,40.92
2018-08-02 23:00:56,67.89333333333333,6.845,3.49,24.965000000000003,31.28,0.0,43.49
2018-08-03 00:00:56,67.11,10.275,2.345,20.834999999999997,26.044999999999998,0.0,44.62
2018-08-03 01:00:56,58.49666666666667,7.555,2.015,12.89,17.69,0.0,47.11
2018-08-03 02:00:56,52.05666666666667,6.965,1.995,14.085,16.415,0.0,52.28
2018-08-03 03:00:56,43.733333333333334,9.005,2.165,23.84,25.435000000000002,0.0,35.53
2018-08-03 04:00:56,51.54,16.5,2.625,26.24,28.615,0.0,21.85
2018-08-03 05:00:56,73.60333333333332,29.615,2.655,27.3,31.445000000000004,0.0,19.53
2018-08-03 06:00:56,74.9,43.0,3.1999999999999997,34.620000000000005,38.1,0.0,12.78
2018-08-03 07:00:56,104.34,44.870000000000005,5.465,49.185,60.76500000000001,0.0,10.29
2018-08-03 08:00:56,120.74666666666667,59.17499999999999,41.97,56.055,73.455,0.0,15.97
2018-08-03 09:00:56,87.48666666666668,51.974999999999994,17.815,49.76499999999999,60.095,0.0,25.25
2018-08-03 10:00:56,84.63666666666667,35.265,9.965,35.885,42.095,0.0,35.09
2018-08-03 11:00:56,57.553333333333335,19.855,6.7250000000000005,25.570000000000004,31.415000000000003,0.0,48.54
2018-08-03 12:00:56,33.97666666666667,11.15,5.27,29.965000000000003,39.875,0.0,43.67
2018-08-03 13:00:56,28.30666666666667,7.364999999999999,4.405,34.83,46.675000000000004,0.0,41.86
2018-08-03 14:00:56,27.793333333333333,2.29,3.6400000000000006,27.62,37.57,0.0,43.64
2018-08-03 15:00:56,25.95,1.47,3.16,24.584999999999997,32.555,0.0,46.92
2018-08-03 16:00:56,24.64,0.735,2.8049999999999997,18.435,23.03,0.0,48.97
2018-08-03 17:00:56,32.86666666666667,0.365,2.955,20.165,25.825000000000003,0.0,49.72
2018-08-03 18:00:56,26.78333333333333,0.18499999999999997,2.65,26.39,32.93,0.0,48.22
2018-08-03 19:00:56,23.22,0.09000000000000001,2.965,35.795,45.205000000000005,0.0,40.51
2018-08-03 20:00:56,28.820000000000004,4.305,2.76,32.355,38.225,0.0,38.86
2018-08-03 21:00:56,45.653333333333336,15.195,2.99,32.574999999999996,39.475,0.0,35.38
2018-08-03 22:00:56,55.45666666666667,14.115,2.8049999999999997,33.629999999999995,41.925000000000004,0.0,34.26
2018-08-03 23:00:56,57.39,10.095,2.895,24.62,29.895,0.0,39.34
2018-08-04 00:00:56,51.013333333333335,6.5,2.815,17.95,22.035,0.0,40.33
2018-08-04 01:00:56,50.41,7.920000000000001,2.99,18.04,21.429999999999996,0.0,38.73
2018-08-04 02:00:56,22.98,6.57,2.795,16.8,20.3,0.0,40.34
2018-08-04 03:00:56,22.093333333333334,2.8900000000000006,2.985,16.34,18.505,0.0,41.3
2018-08-04 04:00:56,29.44333333333333,15.660000000000002,3.08,30.700000000000003,31.975000000000005,0.0,24.41
2018-08-04 05:00:56,44.56333333333333,15.835,3.03,36.794999999999995,38.97,0.0,17.54
2018-08-04 06:00:56,56.63333333333333,21.745,4.565,27.790000000000003,32.225,0.0,14.46
2018-08-04 07:00:56,58.02,22.765,4.865,32.985,40.42,0.0,19.78
2018-08-04 08:00:56,44.25333333333333,17.99,8.07,36.2,44.97,0.0,20.46
2018-08-04 09:00:56,52.67666666666667,13.885,7.3549999999999995,28.435,36.53,0.0,33.1
2018-08-04 10:00:56,40.36333333333333,7.3999999999999995,4.675,28.459999999999997,34.535,0.0,40.24
2018-08-04 11:00:56,33.78333333333333,6.375,4.2700000000000005,24.804999999999996,28.39,0.0,46.71
2018-08-04 12:00:56,32.69,1.9349999999999998,4.515000000000001,28.74,36.06,0.0,44.82
2018-08-04 13:00:56,28.73,1.455,3.8900000000000006,30.350000000000005,37.45,0.0,42.93
2018-08-04 14:00:56,26.51666666666667,2.005,3.35,24.53,31.015,0.0,45.88
2018-08-04 15:00:56,29.58,4.859999999999999,2.375,26.834999999999997,34.49,0.0,44.5
2018-08-04 16:00:56,30.43,4.62,2.38,25.355,34.01,0.0,44.61
2018-08-04 17:00:56,28.936666666666667,4.97,2.165,23.89,30.97,0.0,44.37
2018-08-04 18:00:56,38.56333333333333,4.09,2.02,25.76,35.04,0.0,41.67
2018-08-04 19:00:56,49.29333333333333,5.805,2.12,26.975000000000005,35.09,0.0,42.07
2018-08-04 20:00:56,53.53666666666667,10.59,2.28,27.315,36.69,0.0,40.84
2018-08-04 21:00:56,55.77333333333333,14.729999999999999,2.265,22.400000000000002,28.505,0.0,43.04
2018-08-04 22:00:56,53.76,13.865,2.11,19.195,23.655,0.0,43.24
2018-08-04 23:00:56,48.45666666666666,8.06,2.1999999999999997,17.105,21.365,0.0,45.57
2018-08-05 00:00:56,41.78333333333333,7.34,1.93,18.43,22.929999999999996,0.0,44.61
2018-08-05 01:00:56,35.94,6.609999999999999,2.36,21.44,24.95,0.0,40.34
2018-08-05 02:00:56,32.5,4.265,2.65,21.89,24.74,0.0,40.64
2018-08-05 03:00:56,26.316666666666666,3.26,3.735,17.325,18.595,0.0,42.02
2018-08-05 04:00:56,31.876666666666665,4.875,4.445,27.34,28.474999999999998,0.0,35.77
2018-08-05 05:00:56,47.11333333333334,13.445,6.239999999999999,45.754999999999995,48.655,0.0,20.82
2018-08-05 06:00:56,59.95,29.0,12.395000000000001,37.415,42.97,0.0,33.86
2018-08-05 07:00:56,55.883333333333326,28.560000000000002,19.83,42.74,52.629999999999995,0.0,26.29
2018-08-05 08:00:56,51.57666666666666,23.870000000000005,44.465,38.815,45.69499999999999,0.0,24.98
2018-08-05 09:00:56,58.58,25.120000000000005,18.345,41.175000000000004,48.34,0.0,31.54
2018-08-05 10:00:56,53.43,23.345,7.390000000000001,24.580000000000002,31.060000000000002,0.0,53.13
2018-08-05 11:00:56,30.776666666666667,14.39,4.365,18.815,23.645,0.0,55.83
2018-08-05 12:00:56,20.633333333333333,8.635,3.715,26.584999999999997,33.910000000000004,0.0,50.49
2018-08-05 13:00:56,18.46,5.345,3.4250000000000003,25.150000000000002,33.325,0.0,51.94
2018-08-05 14:00:56,19.19333333333333,3.58,3.5400000000000005,27.459999999999997,35.23499999999999,0.0,50.87
2018-08-05 15:00:56,15.033333333333331,2.9,3.655,34.449999999999996,47.465,0.0,47.79
2018-08-05 16:00:56,14.213333333333333,2.67,3.66,31.875,43.605,0.0,49.04
2018-08-05 17:00:56,17.756666666666668,2.86,3.725,27.814999999999998,35.33,0.0,52.08
2018-08-05 18:00:56,24.233333333333334,2.52,3.705,28.55,36.805,0.0,50.77
2018-08-05 19:00:56,35.15,4.95,3.58,26.08,33.71,0.0,51.26
2018-08-05 20:00:56,46.36333333333333,14.54,3.985,18.235,23.0,0.0,49.26
2018-08-05 21:00:56,60.623333333333335,21.03,4.325,17.73,21.865,0.0,48.21
2018-08-05 22:00:56,56.16,16.805,3.765,18.25,23.11,0.0,47.55
2018-08-05 23:00:56,56.64333333333333,20.045,3.4899999999999998,19.74,24.81,0.0,46.03
2018-08-06 00:00:56,45.263333333333335,16.75,2.66,22.86,25.61,0.0,40.58
2018-08-06 01:00:56,40.81,9.705,2.53,25.22,27.895,0.0,40.53
2018-08-06 02:00:56,32.04666666666667,8.485,6.03,28.67,31.735,0.0,44.09
2018-08-06 03:00:56,34.54333333333333,17.805,13.420000000000002,25.08,27.05,0.0,45.47
2018-08-06 04:00:56,39.193333333333335,19.805,15.79,31.485,33.945,0.0,31.79
2018-08-06 05:00:56,38.68333333333333,21.674999999999997,18.84,39.765,44.885,0.0,14.56
2018-08-06 06:00:56,61.28333333333333,21.73,21.040000000000003,41.81,44.15,0.0,17.31
2018-08-06 07:00:56,73.30666666666667,25.34,13.475000000000001,41.64,50.725,0.0,20.44
2018-08-06 08:00:56,79.93333333333334,25.37,20.78,50.525,62.63500000000001,0.0,22.46
2018-08-06 09:00:56,79.82666666666667,31.465,12.11,49.17499999999999,57.86000000000001,0.0,28.13
2018-08-06 10:00:56,66.18333333333334,23.84,6.579999999999999,31.560000000000002,37.51,0.0,44.58
2018-08-06 11:00:56,50.303333333333335,13.83,4.125,22.375,28.290000000000003,0.0,48.19
2018-08-06 12:00:56,27.19333333333333,8.36,3.5549999999999997,26.939999999999998,34.18,0.0,43.86
2018-08-06 13:00:56,20.05666666666667,5.55,3.115,4.01,4.785,0.0,44.82
2018-08-06 14:00:56,15.033333333333333,4.185,3.2900000000000005,28.47,38.035,0.0,47.01
2018-08-06 15:00:56,13.6,0.85,3.06,25.564999999999998,34.915,0.0,48.08
2018-08-06 16:00:56,17.176666666666666,3.75,3.345,34.73,45.870000000000005,0.0,42.72
2018-08-06 17:00:56,18.18,3.535,3.185,39.125,58.800000000000004,0.0,40.83
2018-08-06 18:00:56,25.96,5.3950000000000005,3.0,27.74,36.165,0.0,44.61
2018-08-06 19:00:56,42.18333333333334,4.68,3.4949999999999997,23.185000000000002,29.810000000000002,0.0,45.96
2018-08-06 20:00:56,49.663333333333334,14.415000000000001,3.485,20.37,25.399999999999995,0.0,46.71
2018-08-06 21:00:56,48.25,18.81,3.365,28.765,36.685,0.0,41.9
2018-08-06 22:00:56,52.97333333333333,14.905000000000001,3.2550000000000003,22.445000000000004,29.31,0.0,42.45
2018-08-06 23:00:56,55.72,10.185,2.5500000000000003,19.375,22.840000000000003,0.0,43.28
2018-08-07 00:00:56,50.50333333333333,10.045,1.6049999999999998,23.425,27.655,0.0,39.1
2018-08-07 01:00:56,44.36333333333334,16.555,1.595,19.675,23.5,0.0,38.83
2018-08-07 02:00:56,45.870000000000005,15.43,10.05,30.965000000000003,33.300000000000004,0.0,42.1
2018-08-07 03:00:56,47.26333333333333,16.650000000000002,18.845,29.48,30.799999999999997,0.0,43.71
2018-08-07 04:00:56,50.026666666666664,21.935000000000002,16.52,22.064999999999998,23.26,0.0,40.69
2018-08-07 05:00:56,41.86,18.305,14.01,27.865,30.56,0.0,26.45
2018-08-07 06:00:56,59.25666666666667,25.075000000000003,20.86,54.57,59.830000000000005,0.0,6.13
2018-08-07 07:00:56,101.76333333333332,46.09,29.774999999999995,56.76500000000001,72.205,0.0,7.99
2018-08-07 08:00:56,99.89333333333333,53.0,46.0,65.22500000000001,97.145,0.0,7.53
2018-08-07 09:00:56,94.92666666666666,44.22,26.895,56.504999999999995,71.94,0.0,20.7
2018-08-07 10:00:56,87.62,31.925,12.82,37.59,43.43,0.0,38.06
2018-08-07 11:00:56,53.27,18.535,6.169999999999999,25.274999999999995,30.645,0.0,43.04
2018-08-07 12:00:56,32.76333333333333,12.160000000000002,3.8000000000000003,22.955,30.375,0.0,45.62
2018-08-07 13:00:56,24.07,6.775000000000001,2.47,16.795,21.34,0.0,49.82
2018-08-07 14:00:56,21.843333333333334,3.565,2.245,22.804999999999996,29.27,0.0,48.81
2018-08-07 15:00:56,20.1,1.985,2.035,22.005,28.02,0.0,52.25
2018-08-07 16:00:56,24.336666666666662,2.545,2.045,20.37,25.175,0.0,55.96
2018-08-07 17:00:56,34.71,3.7699999999999996,1.9799999999999998,21.224999999999998,25.705,0.0,57.55
2018-08-07 18:00:56,41.17666666666667,4.81,1.78,20.67,24.295,0.0,61.05
2018-08-07 19:00:56,46.63333333333333,8.46,1.7749999999999997,23.290000000000003,27.724999999999998,0.0,56.63
2018-08-07 20:00:56,53.52333333333333,7.260000000000001,1.755,22.350000000000005,26.919999999999998,0.0,56.46
2018-08-07 21:00:56,58.846666666666664,9.985,1.6600000000000001,22.985,27.899999999999995,0.0,53.1
2018-08-07 22:00:56,61.22666666666666,13.089999999999998,1.54,19.995,24.929999999999996,0.0,52.65
2018-08-07 23:00:56,50.24,14.030000000000001,4.16,24.17,28.945000000000004,0.0,51.94
2018-08-08 00:00:56,35.333333333333336,13.31,4.41,21.155,25.025000000000002,0.0,49.78
2018-08-08 01:00:56,36.51,11.815,9.075,36.825,41.199999999999996,0.0,38.98
2018-08-08 02:00:56,43.82,13.335,9.975,43.875,48.63999999999999,0.0,20.55
2018-08-08 03:00:56,61.20666666666667,14.56,17.060000000000002,38.82,43.52,0.0,23.27
2018-08-08 04:00:56,66.73333333333333,17.56,21.095,38.085,40.805,0.0,22.84
2018-08-08 05:00:56,59.77333333333333,16.095,17.11,46.330000000000005,49.38,0.0,16.19
2018-08-08 06:00:56,69.02,25.64,29.939999999999998,55.435,60.64000000000001,0.0,12.76
2018-08-08 07:00:56,81.99666666666667,43.155,39.16,68.445,86.72500000000001,0.0,8.31
2018-08-08 08:00:56,89.71,48.11000000000001,46.895,70.76,87.43,0.0,16.94
2018-08-08 09:00:56,96.77333333333334,45.21,35.56,82.37,108.555,0.0,24.82
2018-08-08 10:00:56,108.13333333333333,36.38,35.230000000000004,85.5,106.125,0.0,19.73
2018-08-08 11:00:56,92.40666666666665,28.7,10.235,21.885,25.645,0.0,49.9
2018-08-08 12:00:56,58.053333333333335,16.055,5.335,17.07,19.6,0.0,53.1
2018-08-08 13:00:56,47.400000000000006,9.935,4.895,16.71,19.215,0.0,51.76
2018-08-08 14:00:56,40.93333333333333,6.105,6.44,21.39,24.89,0.0,51.38
2018-08-08 15:00:56,44.266666666666666,3.97,5.63,24.41,27.39,0.0,54.78
2018-08-08 16:00:56,44.38666666666667,3.66,5.7250000000000005,27.525000000000002,29.86,0.0,53.46
2018-08-08 17:00:56,32.66666666666667,3.1,4.605,21.165000000000003,23.97,0.0,54.16
2018-08-08 18:00:56,30.513333333333335,4.6499999999999995,4.0,40.464999999999996,50.089999999999996,0.0,37.38
2018-08-08 19:00:56,27.176666666666666,8.469999999999999,3.8000000000000003,41.24,51.495,0.0,39.11
2018-08-08 20:00:56,42.763333333333335,9.595,3.36,50.965,58.27,0.0,33.54
2018-08-08 21:00:56,50.74,12.58,3.875,56.84,69.00999999999999,0.0,31.57
2018-08-08 22:00:56,49.93,16.655,5.635000000000001,59.73499999999999,68.235,0.0,25.48
2018-08-08 23:00:56,46.64,14.58,6.82,80.08,98.34999999999998,0.0,16.81
2018-08-09 00:00:56,50.85,11.75,6.094999999999999,76.305,93.06,0.0,16.06
2018-08-09 01:00:56,56.67,13.01,5.17,63.135,68.55,0.0,16.85
2018-08-09 02:00:56,47.36666666666667,17.64,5.0,44.71,48.754999999999995,0.0,27.09
2018-08-09 03:00:56,39.306666666666665,15.420000000000002,4.484999999999999,21.709999999999997,23.345,0.0,31.51
2018-08-09 04:00:56,34.29,13.76,4.155,48.29,50.395,0.0,18.44
2018-08-09 05:00:56,52.99333333333334,22.045,4.585,41.36,43.025000000000006,0.0,19.56
2018-08-09 06:00:56,70.0,27.495,4.945,55.275000000000006,61.315,0.0,12.03
2018-08-09 07:00:56,65.19333333333333,28.169999999999998,5.155,60.635,88.47000000000001,0.0,5.26
2018-08-09 08:00:56,90.52666666666667,41.23,22.474999999999998,63.32500000000001,87.11,0.0,10.58
2018-08-09 09:00:56,90.20666666666666,48.574999999999996,19.130000000000003,46.095,56.705000000000005,0.0,25.62
2018-08-09 10:00:56,70.16,32.06,11.835,30.185000000000002,36.895,0.0,37.71
2018-08-09 11:00:56,48.13666666666666,17.535,6.629999999999999,10.025,12.61,0.0,50.83
2018-08-09 12:00:56,32.31,10.59,4.82,11.74,14.229999999999999,0.0,50.74
2018-08-09 13:00:56,29.146666666666665,6.965,2.205,8.835,10.995,0.0,49.15
2018-08-09 14:00:56,24.85333333333333,2.055,4.2700000000000005,10.395,13.835,0.0,47.42
2018-08-09 15:00:56,21.32,0.0,3.91,10.165,12.74,0.0,49.39
2018-08-09 16:00:56,18.726666666666667,1.5249999999999997,4.2749999999999995,9.455,12.435,0.0,48.89
2018-08-09 17:00:56,20.88,3.83,4.105,2.84,3.1749999999999994,0.0,0.0
2018-08-09 18:00:56,22.28333333333333,6.640000000000001,4.260000000000001,13.735,16.555,0.0,52.07
2018-08-09 19:00:56,27.14,17.73,6.574999999999999,23.345,26.45,0.0,53.06
2018-08-09 20:00:56,36.93,6.145,6.245,20.1,23.095,0.0,52.4
2018-08-09 21:00:56,40.86333333333333,16.580000000000002,5.405,27.24,30.985,0.0,49.09
2018-08-09 22:00:56,40.446666666666665,18.245,5.19,20.46,23.86,0.0,50.95
2018-08-09 23:00:56,32.28333333333333,10.795,4.3,30.425,35.735,0.0,44.46
2018-08-10 00:00:56,28.43,6.44,3.16,38.785,50.48500000000001,0.0,31.47
2018-08-10 01:00:56,31.263333333333335,16.28,3.7349999999999994,26.955000000000002,30.01,0.0,35.13
2018-08-10 02:00:56,28.89333333333333,10.74,4.175,26.845,29.53,0.0,32.82
2018-08-10 03:00:56,27.563333333333333,13.37,4.245,14.410000000000002,17.305,0.0,37.33
2018-08-10 04:00:56,30.036666666666665,10.825000000000001,4.010000000000001,15.435,16.455000000000002,0.0,33.47
2018-08-10 05:00:56,32.74666666666667,15.204999999999998,3.385,17.835,20.545,0.0,32.1
2018-08-10 06:00:56,32.153333333333336,18.995,3.26,27.439999999999998,29.47,0.0,26.16
2018-08-10 07:00:56,33.10666666666666,18.73,3.4150000000000005,24.320000000000004,31.850000000000005,0.0,23.19
2018-08-10 08:00:56,49.34,16.25,8.055,28.605,38.1,0.0,25.72
2018-08-10 09:00:56,54.343333333333334,18.945,10.18,29.535,38.165,0.0,30.47
2018-08-10 10:00:56,52.620000000000005,22.78,8.49,22.575,28.195000000000004,0.0,38.32
2018-08-10 11:00:56,51.77,16.895,4.93,12.14,15.115,0.0,50.16
2018-08-10 12:00:56,35.833333333333336,11.885,2.37,11.395000000000001,14.705,0.0,51.54
2018-08-10 13:00:56,29.73,12.74,2.045,8.77,12.345,0.0,54.74
2018-08-10 14:00:56,23.82,8.805,3.015,11.725,15.1,0.0,53.16
2018-08-10 15:00:56,17.83,5.82,3.025,9.75,12.76,0.0,53.03
2018-08-10 16:00:56,25.306666666666665,4.965,2.9000000000000004,7.53,9.585,0.0,53.08
2018-08-10 17:00:56,29.026666666666667,3.1650000000000005,3.34,11.425000000000002,15.35,0.0,48.94
2018-08-10 18:00:56,31.75,4.69,2.9500000000000006,12.165,16.485,0.0,46.79
2018-08-10 19:00:56,36.89333333333333,3.765,3.135,14.5,19.91,0.0,45.03
2018-08-10 20:00:56,39.52333333333333,3.19,2.5500000000000003,23.035,29.8,0.0,42.53
2018-08-10 21:00:56,37.74,10.655,2.64,36.03,43.78,0.0,37.61
2018-08-10 22:00:56,36.36333333333333,11.174999999999999,2.7900000000000005,47.23500000000001,65.35,0.0,29.59
2018-08-10 23:00:56,30.583333333333332,12.69,2.16,35.83,45.85,0.0,36.79
2018-08-11 00:00:56,31.30666666666667,8.07,1.25,29.69,36.33,0.0,39.88
2018-08-11 01:00:56,28.97,4.76,1.5899999999999999,25.5,30.895,0.0,40.05
2018-08-11 02:00:56,29.133333333333333,3.16,1.96,24.14,28.304999999999996,0.0,42.36
2018-08-11 03:00:56,32.24333333333333,2.3699999999999997,3.5150000000000006,15.604999999999999,17.78,0.0,43.94
2018-08-11 04:00:56,34.42666666666667,6.495,6.27,22.564999999999998,24.89,0.0,31.92
2018-08-11 05:00:56,34.94,12.920000000000002,8.35,26.2,31.659999999999997,0.0,32.37
2018-08-11 06:00:56,42.78333333333333,9.49,7.375,22.74,24.985,0.0,27.92
2018-08-11 07:00:56,42.57333333333333,10.835,8.01,32.665,38.44,0.0,19.35
2018-08-11 08:00:56,46.73,18.03,28.069999999999997,35.82,46.885,0.0,21.43
2018-08-11 09:00:56,54.32,17.584999999999997,13.985,43.78,59.565,0.0,28.08
2018-08-11 10:00:56,48.47666666666667,16.46,6.655000000000001,13.49,17.45,0.0,46.18
2018-08-11 11:00:56,41.120000000000005,9.995,4.775,10.93,15.26,0.0,45.88
2018-08-11 12:00:56,37.39333333333333,6.164999999999999,4.13,10.44,13.765,0.0,47.66
2018-08-11 13:00:56,30.483333333333334,3.7899999999999996,3.92,11.585,15.574999999999998,0.0,45.45
2018-08-11 14:00:56,22.023333333333333,2.445,3.2900000000000005,21.92,32.63,0.0,40.98
2018-08-11 15:00:56,17.38,2.655,3.3550000000000004,21.804999999999996,32.99,0.0,42.16
2018-08-11 16:00:56,17.9,2.5399999999999996,2.83,21.790000000000003,29.905,0.0,46.6
2018-08-11 17:00:56,22.896666666666665,4.38,2.54,23.040000000000003,34.64,0.0,44.04
2018-08-11 18:00:56,24.873333333333335,3.39,2.505,25.950000000000003,36.215,0.0,43.21
2018-08-11 19:00:56,26.813333333333333,2.125,2.885,21.955000000000002,29.060000000000002,0.0,43.5
2018-08-11 20:00:56,36.346666666666664,4.575,2.955,22.64,29.005,0.0,44.18
2018-08-11 21:00:56,38.56666666666667,8.505,2.99,22.095,29.195000000000004,0.0,42.75
2018-08-11 22:00:56,35.97666666666667,6.66,2.78,19.455,26.255,0.0,42.46
2018-08-11 23:00:56,28.743333333333332,4.915,2.78,21.235,28.024999999999995,0.0,36.02
2018-08-12 00:00:56,32.4,8.69,3.185,31.459999999999997,36.105,0.0,29.8
2018-08-12 01:00:56,30.816666666666666,8.1,3.8049999999999997,28.665000000000003,34.43,0.0,32.87
2018-08-12 02:00:56,28.38,7.675000000000001,7.734999999999999,41.8,48.88999999999999,0.0,21.52
2018-08-12 03:00:56,33.486666666666665,8.1,8.135,41.91,46.79,0.0,15.8
2018-08-12 04:00:56,45.71333333333333,14.590000000000002,13.235,35.305,37.765,0.0,24.1
2018-08-12 05:00:56,53.333333333333336,26.245,27.254999999999995,35.065,37.685,0.0,22.99
2018-08-12 06:00:56,56.71,27.034999999999997,18.605,30.025000000000002,33.13,0.0,18.99
2018-08-12 07:00:56,54.48666666666667,27.48,16.955000000000002,18.08,22.885,0.0,28.94
2018-08-12 08:00:56,49.946666666666665,18.18,21.220000000000002,20.150000000000002,25.985,0.0,32.62
2018-08-12 09:00:56,36.69,10.645,14.94,15.365,19.075000000000003,0.0,38.07
2018-08-12 10:00:56,30.873333333333335,11.69,11.5,20.47,26.205,0.0,37.81
2018-08-12 11:00:56,29.116666666666667,7.91,9.325000000000001,16.26,20.835,0.0,45.0
2018-08-12 12:00:56,19.78,6.505,6.695,17.03,22.439999999999998,0.0,45.31
2018-08-12 13:00:56,16.653333333333332,4.33,5.565,12.525,17.634999999999998,0.0,46.84
2018-08-12 14:00:56,11.803333333333333,3.1199999999999997,4.2250000000000005,13.995,18.435,0.0,46.86
2018-08-12 15:00:56,9.233333333333333,2.555,3.92,9.295,11.76,0.0,51.4
2018-08-12 16:00:56,10.77,7.145,4.22,10.275,13.924999999999999,0.0,51.18
2018-08-12 17:00:56,10.273333333333333,1.5249999999999997,4.56,12.735,17.035,0.0,52.13
2018-08-12 18:00:56,10.956666666666665,4.7250000000000005,3.75,20.42,28.295,0.0,47.32
2018-08-12 19:00:56,22.21,3.22,3.23,18.355,24.165000000000003,0.0,46.52
2018-08-12 20:00:56,38.00666666666667,4.8,3.035,17.135,22.305000000000003,0.0,48.09
2018-08-12 21:00:56,50.416666666666664,6.93,3.155,12.89,17.42,0.0,46.03
2018-08-12 22:00:56,53.15,9.540000000000001,3.135,12.924999999999999,17.89,0.0,46.43
2018-08-12 23:00:56,43.25333333333333,11.604999999999999,3.26,11.435,15.6,0.0,46.04
2018-08-13 00:00:56,34.86666666666667,13.645000000000001,2.9450000000000003,13.74,18.305,0.0,45.2
2018-08-13 01:00:56,35.57333333333333,9.855,2.9599999999999995,10.11,13.790000000000001,0.0,47.33
2018-08-13 02:00:56,35.71333333333333,8.26,3.225,5.26,7.835,0.0,48.73
2018-08-13 03:00:56,24.566666666666666,10.964999999999998,3.095,4.91,7.265000000000001,0.0,47.86
2018-08-13 04:00:56,20.846666666666668,9.615,3.3800000000000003,7.395,9.815,0.0,46.81
2018-08-13 05:00:56,21.156666666666666,8.275,3.9450000000000003,17.61,19.945,0.0,42.47
2018-08-13 06:00:56,30.633333333333336,10.285,6.260000000000001,29.245,32.305,0.0,19.94
2018-08-13 07:00:56,46.05666666666667,18.084999999999997,16.72,40.06,48.879999999999995,0.0,12.53
2018-08-13 08:00:56,58.07333333333333,19.025,58.615,45.605,62.305,0.0,14.66
2018-08-13 09:00:56,73.45,32.705,18.795,47.19,60.095,0.0,23.56
2018-08-13 10:00:56,75.26666666666667,20.43,8.72,29.28,37.785,0.0,40.38
2018-08-13 11:00:56,57.81333333333333,15.97,4.31,14.615,20.775,0.0,47.7
2018-08-13 12:00:56,30.343333333333334,9.745,3.17,13.805,19.26,0.0,49.46
2018-08-13 13:00:56,23.866666666666664,6.205000000000001,2.865,18.265,28.054999999999996,0.0,47.05
2018-08-13 14:00:56,16.026666666666667,4.2,2.78,18.165,26.325,0.0,46.74
2018-08-13 15:00:56,16.326666666666668,2.4250000000000003,2.86,13.775,19.76,0.0,49.71
2018-08-13 16:00:56,19.153333333333332,1.96,2.8249999999999997,18.290000000000003,24.774999999999995,0.0,45.8
2018-08-13 17:00:56,21.163333333333334,5.1000000000000005,2.78,19.585,27.810000000000002,0.0,45.89
2018-08-13 18:00:56,25.346666666666668,5.275,2.685,18.945,26.035,0.0,47.56
2018-08-13 19:00:56,29.426666666666662,6.535,2.8049999999999997,21.05,27.37,0.0,48.74
2018-08-13 20:00:56,38.64666666666667,5.45,2.9,26.540000000000003,33.379999999999995,0.0,47.92
2018-08-13 21:00:56,33.66,3.725,2.795,34.9,46.065,0.0,43.47
2018-08-13 22:00:56,30.96666666666667,5.859999999999999,2.885,25.045,32.495000000000005,0.0,44.02
2018-08-13 23:00:56,29.68,6.359999999999999,2.81,23.09,31.02,0.0,43.74
2018-08-14 00:00:56,29.96,7.439999999999999,3.02,38.325,51.794999999999995,0.0,30.61
2018-08-14 01:00:56,30.75333333333333,7.900000000000001,8.674999999999999,25.245,29.14,0.0,48.68
2018-08-14 02:00:56,26.82333333333333,5.255,7.1000000000000005,29.765,32.605,0.0,51.85
2018-08-14 03:00:56,25.91,3.8049999999999997,14.17,37.425000000000004,41.93,0.0,43.88
2018-08-14 04:00:56,33.126666666666665,6.06,14.384999999999998,47.865,50.135,0.0,24.17
2018-08-14 05:00:56,42.88,9.305,26.625,45.05500000000001,49.29,0.0,20.57
2018-08-14 06:00:56,53.46666666666667,15.265,20.895,34.355,40.065,0.0,24.38
2018-08-14 07:00:56,58.09666666666667,16.900000000000002,17.565,48.185,70.06,0.0,13.84
2018-08-14 08:00:56,61.29,21.45,24.849999999999998,47.0,67.76,0.0,21.16
2018-08-14 09:00:56,65.03333333333333,23.825,14.310000000000002,27.66,33.36,0.0,40.24
2018-08-14 10:00:56,54.26,16.78,10.955,36.48,49.06,0.0,38.16
2018-08-14 11:00:56,46.14666666666667,12.61,4.6499999999999995,14.550000000000002,20.12,0.0,53.0
2018-08-14 12:00:56,36.92,9.885,3.4949999999999997,13.985,18.849999999999998,0.0,53.44
2018-08-14 13:00:56,33.230000000000004,6.510000000000001,3.365,18.685,27.075,0.0,50.13
2018-08-14 14:00:56,27.49,4.93,3.065,21.235,31.294999999999998,0.0,47.29
2018-08-14 15:00:56,20.993333333333332,7.13,3.5150000000000006,22.78,32.155,0.0,47.84
2018-08-14 16:00:56,22.863333333333333,7.920000000000001,3.2099999999999995,22.665000000000003,31.365,0.0,47.7
2018-08-14 17:00:56,24.513333333333335,5.085,3.315,20.79,27.98,0.0,48.79
2018-08-14 18:00:56,26.013333333333335,3.2099999999999995,3.09,22.64,28.905,0.0,49.8
2018-08-14 19:00:56,25.81,2.58,2.655,30.900000000000002,40.805,0.0,45.18
2018-08-14 20:00:56,27.71,3.07,2.975,30.37,37.805,0.0,42.23
2018-08-14 21:00:56,32.723333333333336,5.375,3.1999999999999997,25.97,33.465,0.0,42.69
2018-08-14 22:00:56,38.54666666666667,10.405,3.2300000000000004,23.42,30.735,0.0,42.21
2018-08-14 23:00:56,38.67,11.979999999999999,3.39,17.81,23.040000000000003,0.0,42.64
2018-08-15 00:00:56,36.303333333333335,11.68,3.8000000000000003,20.265,25.840000000000003,0.0,42.03
2018-08-15 01:00:56,31.583333333333336,8.955,7.359999999999999,20.790000000000003,24.24,0.0,47.47
2018-08-15 02:00:56,29.953333333333333,11.214999999999998,15.13,41.620000000000005,45.504999999999995,0.0,28.63
2018-08-15 03:00:56,38.406666666666666,19.17,35.775,60.75,64.74,0.0,16.28
2018-08-15 04:00:56,50.96,24.37,29.155,56.785,61.195,0.0,10.63
2018-08-15 05:00:56,51.88666666666666,24.325000000000003,26.735,52.535,58.175000000000004,0.0,6.38
2018-08-15 06:00:56,64.80666666666667,22.365,45.365,57.625,64.355,0.0,6.38
2018-08-15 07:00:56,75.53666666666666,33.31,44.24,50.885,65.55,0.0,7.29
2018-08-15 08:00:56,96.52333333333334,36.5,46.655,46.97,63.24,0.0,14.59
2018-08-15 09:00:56,70.16333333333333,28.694999999999997,16.325,43.01,54.885,0.0,23.08
2018-08-15 10:00:56,92.34666666666666,23.689999999999998,8.005,33.24,40.370000000000005,0.0,35.54
2018-08-15 11:00:56,63.54,13.08,6.830000000000001,18.815,22.365,0.0,49.05
2018-08-15 12:00:56,49.053333333333335,7.7250000000000005,6.57,25.409999999999997,31.405,0.0,48.6
2018-08-15 13:00:56,36.026666666666664,5.95,6.329999999999999,21.22,25.570000000000004,0.0,53.52
2018-08-15 14:00:56,32.050000000000004,3.7999999999999994,6.175,28.345,38.805,0.0,43.41
2018-08-15 15:00:56,26.78666666666667,2.26,3.86,33.73499999999999,47.965,0.0,39.13
2018-08-15 16:00:56,23.506666666666668,1.515,3.5749999999999997,29.72,41.34,0.0,44.23
2018-08-15 17:00:56,21.456666666666667,1.625,3.51,34.785000000000004,46.135,0.0,42.17
2018-08-15 18:00:56,26.953333333333333,5.165,3.5500000000000003,36.214999999999996,51.935,0.0,39.03
2018-08-15 19:00:56,32.11666666666667,4.925,3.565,33.044999999999995,43.669999999999995,0.0,41.5
2018-08-15 20:00:56,46.17333333333333,7.95,3.76,27.340000000000003,36.19,0.0,42.91
2018-08-15 21:00:56,53.15333333333333,12.21,4.315,25.175,33.275,0.0,40.95
2018-08-15 22:00:56,51.70666666666666,10.56,4.05,17.38,24.875,0.0,43.52
2018-08-15 23:00:56,44.263333333333335,6.4750000000000005,3.9150000000000005,18.575,25.900000000000002,0.0,39.38
2018-08-16 00:00:56,33.13333333333333,8.635,3.615,20.26,26.310000000000002,0.0,38.24
2018-08-16 01:00:56,27.33,7.359999999999999,3.73,22.645,28.99,0.0,38.63
2018-08-16 02:00:56,30.903333333333332,8.26,9.08,46.115,50.82,0.0,27.04
2018-08-16 03:00:56,38.43,10.18,18.615,49.02,56.505,0.0,13.8
2018-08-16 04:00:56,42.733333333333334,21.67,18.66,37.919999999999995,41.37,0.0,10.38
2018-08-16 05:00:56,50.81333333333333,18.265,22.254999999999995,43.635,51.675000000000004,0.0,10.18
2018-08-16 06:00:56,58.20333333333333,23.53,19.62,35.935,39.84,0.0,11.16
2018-08-16 07:00:56,63.93666666666667,25.909999999999997,19.78,45.375,78.815,0.0,7.09
2018-08-16 08:00:56,83.27,26.3,68.635,53.385,79.32499999999999,0.0,10.89
2018-08-16 09:00:56,97.37,27.230000000000004,35.69,50.82,70.57,0.0,20.31
2018-08-16 10:00:56,98.92,28.8,19.055,43.85999999999999,55.995,0.0,28.41
2018-08-16 11:00:56,89.68666666666667,17.76,9.639999999999999,27.264999999999997,33.5,0.0,38.6
2018-08-16 12:00:56,69.58,9.945,1.51,17.99,23.349999999999998,0.0,48.77
2018-08-16 13:00:56,48.25333333333333,5.46,5.510000000000001,15.295,18.425,0.0,57.31
2018-08-16 14:00:56,27.366666666666667,1.8,5.719999999999999,30.775000000000002,40.16,0.0,53.83
2018-08-16 15:00:56,19.016666666666666,0.9,5.3100000000000005,34.655,46.335,0.0,51.19
2018-08-16 16:00:56,21.013333333333332,0.9950000000000001,4.864999999999999,25.22,30.655,0.0,54.41
2018-08-16 17:00:56,20.62,0.81,4.5,31.11,40.385,0.0,52.13
2018-08-16 18:00:56,21.166666666666668,0.9649999999999999,3.7699999999999996,32.39,39.824999999999996,0.0,48.97
2018-08-16 19:00:56,21.306666666666665,2.64,3.4000000000000004,35.6,45.82,0.0,47.83
2018-08-16 20:00:56,31.046666666666667,3.08,3.31,29.08,38.42,0.0,36.49
2018-08-16 21:00:56,48.08,8.34,3.4450000000000003,23.645,31.885,0.0,36.66
2018-08-16 22:00:56,52.50333333333333,7.349999999999999,3.725,23.285,30.399999999999995,0.0,37.28
2018-08-16 23:00:56,44.74333333333334,4.28,3.98,25.675,33.665,0.0,38.97
2018-08-17 00:00:56,36.026666666666664,3.3049999999999997,4.1499999999999995,33.27,43.715,0.0,31.95
2018-08-17 01:00:56,36.67,3.6099999999999994,3.8900000000000006,56.09,69.42,0.0,21.5
2018-08-17 02:00:56,41.18,9.07,4.595,40.77,48.385,0.0,24.83
2018-08-17 03:00:56,39.736666666666665,6.364999999999999,5.875,35.504999999999995,41.66,0.0,26.19
2018-08-17 04:00:56,37.75333333333334,7.974999999999999,9.340000000000002,39.92,45.5,0.0,13.66
2018-08-17 05:00:56,48.17,9.55,28.965,39.21,46.81,0.0,13.15
2018-08-17 06:00:56,65.18333333333332,13.454999999999998,24.575000000000003,40.080000000000005,48.53,0.0,11.93
2018-08-17 07:00:56,66.14333333333333,11.085,18.560000000000002,43.54,62.84,0.0,6.32
2018-08-17 08:00:56,67.3,15.050000000000002,62.625,49.815,79.87,0.0,10.07
2018-08-17 09:00:56,78.52333333333334,22.064999999999998,41.42,54.345,72.08,0.0,21.54
2018-08-17 10:00:56,82.83666666666666,16.09,14.765,39.245000000000005,50.27,0.0,31.89
2018-08-17 11:00:56,63.653333333333336,8.82,8.22,25.445000000000004,34.074999999999996,0.0,45.1
2018-08-17 12:00:56,49.04333333333333,4.795,5.91,18.77,26.97,0.0,53.3
2018-08-17 13:00:56,30.473333333333333,2.46,4.949999999999999,29.03,39.505,0.0,49.51
2018-08-17 14:00:56,27.12333333333333,1.23,5.955000000000001,25.755,35.65,0.0,54.57
2018-08-17 15:00:56,30.973333333333333,0.615,5.785,20.015,30.55,0.0,58.38
2018-08-17 16:00:56,26.836666666666666,4.085,4.66,31.92,43.70000000000001,0.0,48.05
2018-08-17 17:00:56,29.416666666666664,3.3699999999999997,4.21,21.94,31.595,0.0,55.31
2018-08-17 18:00:56,33.11666666666667,2.165,4.27,32.355,46.625,0.0,49.93
2018-08-17 19:00:56,42.67666666666667,2.2,3.17,27.645,40.505,0.0,45.43
2018-08-17 20:00:56,57.373333333333335,9.76,3.105,29.375,45.085,0.0,42.86
2018-08-17 21:00:56,61.57,11.635,3.045,22.24,30.350000000000005,0.0,40.91
2018-08-17 22:00:56,53.21666666666667,10.165,3.41,14.979999999999999,19.415,0.0,46.51
2018-08-17 23:00:56,45.583333333333336,5.715,2.74,11.385,14.655,0.0,49.38
2018-08-18 00:00:56,41.06666666666666,4.105,2.28,15.165,18.545,0.0,44.32
2018-08-18 01:00:56,37.27333333333333,9.44,2.69,23.935,29.304999999999996,0.0,38.24
2018-08-18 02:00:56,36.04666666666667,6.55,4.24,16.205,19.09,0.0,41.9
2018-08-18 03:00:56,33.12,3.455,6.925000000000001,16.72,17.675,0.0,39.7
2018-08-18 04:00:56,34.42,4.395,9.780000000000001,21.235,24.040000000000003,0.0,28.65
2018-08-18 05:00:56,38.14666666666667,6.140000000000001,12.020000000000001,31.399999999999995,34.3,0.0,12.9
2018-08-18 06:00:56,49.76,7.32,30.75,32.665,40.27,0.0,7.13
2018-08-18 07:00:56,72.45333333333333,20.3,24.45,37.265,66.56,0.0,5.9
2018-08-18 08:00:56,88.44,24.185000000000002,36.805,35.815,51.625,0.0,11.01
2018-08-18 09:00:56,95.20333333333332,18.96,16.14,28.815,33.57,0.0,32.1
2018-08-18 10:00:56,74.41666666666667,10.525,9.615,24.465,29.565,0.0,39.99
2018-08-18 11:00:56,61.38333333333333,5.335000000000001,9.225000000000001,23.58,26.665000000000003,0.0,47.17
2018-08-18 12:00:56,48.31333333333333,2.6749999999999994,6.170000000000001,25.145,31.084999999999997,0.0,46.77
2018-08-18 13:00:56,39.25666666666667,1.335,3.5199999999999996,13.800000000000002,28.12,0.0,53.24
2018-08-18 14:00:56,35.02666666666667,0.6699999999999999,3.2650000000000006,14.339999999999998,17.885,0.0,55.45
2018-08-18 15:00:56,36.17,0.33499999999999996,3.0750000000000006,15.38,19.815,0.0,51.55
2018-08-18 16:00:56,36.93,2.8800000000000003,2.8800000000000003,17.545,21.505,0.0,51.82
2018-08-18 17:00:56,32.56,1.985,3.01,19.055,23.62,0.0,48.57
2018-08-18 18:00:56,43.46333333333333,1.6950000000000003,2.785,15.300000000000002,18.405,0.0,46.99
2018-08-18 19:00:56,47.47666666666667,5.1,2.76,22.070000000000004,29.790000000000003,0.0,43.06
2018-08-18 20:00:56,49.096666666666664,10.335,2.44,22.37,29.8,0.0,41.27
2018-08-18 21:00:56,47.946666666666665,11.11,2.16,29.334999999999997,43.155,0.0,33.22
2018-08-18 22:00:56,47.80666666666667,9.325,2.295,20.14,25.245,0.0,36.67
2018-08-18 23:00:56,40.60333333333333,5.29,2.1,14.205,17.095,0.0,40.7
2018-08-19 00:00:56,33.72666666666667,3.2349999999999994,1.995,19.285,23.304999999999996,0.0,37.89
2018-08-19 01:00:56,36.49,5.925,3.9450000000000003,24.575,30.38,0.0,37.83
2018-08-19 02:00:56,37.13,4.195,5.015,21.995,25.97,0.0,31.36
2018-08-19 03:00:56,37.88,5.385000000000001,6.57,18.395,21.15,0.0,42.88
2018-08-19 04:00:56,33.980000000000004,4.005,8.745000000000001,13.04,15.17,0.0,49.79
2018-08-19 05:00:56,35.69,2.43,8.005,3.535,3.935,0.0,57.6
2018-08-19 06:00:56,37.43666666666667,4.125,7.289999999999999,4.015,4.74,0.0,56.17
2018-08-19 07:00:56,38.35333333333333,6.62,6.75,13.275,15.14,0.0,45.9
2018-08-19 08:00:56,42.99333333333333,11.13,9.685,16.185,19.015,0.0,45.9
2018-08-19 09:00:56,51.74333333333334,11.29,6.925,9.1,11.135,0.0,51.69
2018-08-19 10:00:56,48.38333333333333,8.76,5.07,8.385,10.01,0.0,53.21
2018-08-19 11:00:56,40.54,6.664999999999999,4.37,9.81,11.12,0.0,52.04
2018-08-19 12:00:56,40.79,4.26,3.5700000000000003,10.24,13.26,0.0,54.49
2018-08-19 13:00:56,42.36,3.19,2.2550000000000003,10.45,14.160000000000002,0.0,56.45
2018-08-19 14:00:56,39.29,2.105,1.7750000000000001,12.18,16.205,0.0,55.15
2018-08-19 15:00:56,33.19,1.415,1.6500000000000001,13.08,17.53,0.0,52.93
2018-08-19 16:00:56,37.48,1.345,3.06,15.074999999999998,20.4,0.0,51.8
2018-08-19 17:00:56,41.89333333333333,4.84,1.79,13.93,18.01,0.0,51.66
2018-08-19 18:00:56,38.026666666666664,3.405,1.625,16.35,21.86,0.0,50.0
2018-08-19 19:00:56,39.65,4.205,1.595,16.74,22.850000000000005,0.0,48.37
2018-08-19 20:00:56,41.1,2.955,1.43,18.88,24.665000000000003,0.0,45.24
2018-08-19 21:00:56,40.49666666666667,5.599999999999999,1.4400000000000002,27.565,36.115,0.0,38.38
2018-08-19 22:00:56,43.14,6.065,1.5,23.245,28.755,0.0,40.28
2018-08-19 23:00:56,41.49,7.114999999999999,1.72,24.679999999999996,34.18,0.0,40.64
2018-08-20 00:00:56,40.50666666666667,7.255,1.805,36.44,48.38,0.0,30.07
2018-08-20 01:00:56,46.166666666666664,7.025000000000001,2.81,46.005,56.605,0.0,19.56
2018-08-20 02:00:56,53.29666666666667,4.225,2.805,26.995,35.735,0.0,30.64
2018-08-20 03:00:56,49.32666666666667,3.2099999999999995,2.54,17.39,20.62,0.0,34.9
2018-08-20 04:00:56,46.66,2.285,3.1799999999999997,27.179999999999996,29.98,0.0,25.04
2018-08-20 05:00:56,44.10666666666667,7.169999999999999,4.4750000000000005,21.17,22.845,0.0,21.88
2018-08-20 06:00:56,45.14,8.96,4.575,23.5,26.165000000000003,0.0,18.29
2018-08-20 07:00:56,46.263333333333335,5.52,4.54,12.115,14.33,0.0,32.94
2018-08-20 08:00:56,52.51,8.4,5.695,20.63,24.48,0.0,27.39
2018-08-20 09:00:56,56.81666666666666,5.739999999999999,5.52,25.675,30.31,0.0,29.44
2018-08-20 10:00:56,54.99333333333333,9.57,4.36,18.75,21.38,0.0,41.63
2018-08-20 11:00:56,48.07666666666667,7.375,3.5849999999999995,23.899999999999995,32.195,0.0,41.71
2018-08-20 12:00:56,39.24,4.315,2.715,29.165000000000003,41.375,0.0,38.86
2018-08-20 13:00:56,39.583333333333336,4.24,2.39,0.0,0.0,0.0,36.67
2018-08-20 14:00:56,36.443333333333335,2.495,2.475,38.25,59.405,0.0,35.22
2018-08-20 15:00:56,32.94,2.2,2.42,40.92,60.56,0.0,32.06
2018-08-20 16:00:56,36.39,1.79,2.08,30.965,43.09,0.0,37.95
2018-08-20 17:00:56,35.04,2.775,2.24,24.38,33.785,0.0,40.71
2018-08-20 18:00:56,35.516666666666666,5.22,2.405,21.735,29.53,0.0,42.42
2018-08-20 19:00:56,47.64333333333334,5.66,2.145,20.4,27.959999999999997,0.0,40.97
2018-08-20 20:00:56,57.18666666666667,7.260000000000001,2.1,20.43,28.570000000000004,0.0,39.72
2018-08-20 21:00:56,57.870000000000005,4.405,2.265,17.29,23.535,0.0,41.78
2018-08-20 22:00:56,56.20666666666666,6.914999999999999,2.5500000000000003,13.78,19.39,0.0,44.11
2018-08-20 23:00:56,54.35,4.32,2.395,12.635,16.765,0.0,45.59
2018-08-21 00:00:56,49.916666666666664,2.455,2.69,24.145,30.535,0.0,37.01
2018-08-21 01:00:56,42.36,4.39,2.99,12.01,14.4,0.0,46.96
2018-08-21 02:00:56,39.27,3.1449999999999996,5.105,12.61,15.01,0.0,44.53
2018-08-21 03:00:56,35.42666666666667,8.82,4.98,11.36,13.365,0.0,44.05
2018-08-21 04:00:56,36.74333333333333,12.175000000000002,4.91,12.665,13.81,0.0,36.74
2018-08-21 05:00:56,30.80333333333333,9.03,5.390000000000001,16.06,17.345,0.0,24.74
2018-08-21 06:00:56,36.663333333333334,9.075,5.539999999999999,15.675000000000002,17.535,0.0,25.08
2018-08-21 07:00:56,32.43666666666667,6.37,5.62,18.26,20.075,0.0,21.34
2018-08-21 08:00:56,31.626666666666665,8.05,7.385000000000001,29.625,39.33,0.0,17.11
2018-08-21 09:00:56,35.03333333333333,10.835,6.579999999999999,27.51,32.225,0.0,26.62
2018-08-21 10:00:56,36.03,7.094999999999999,4.825,23.42,27.08,0.0,37.83
2018-08-21 11:00:56,36.583333333333336,3.935,4.695,13.01,14.574999999999998,0.0,50.68
2018-08-21 12:00:56,29.786666666666665,2.095,4.415,9.16,10.585,0.0,55.5
2018-08-21 13:00:56,25.21666666666667,1.24,2.8599999999999994,12.255,14.635,0.0,55.9
2018-08-21 14:00:56,19.726666666666667,0.8850000000000001,3.8699999999999997,11.86,14.21,0.0,53.33
2018-08-21 15:00:56,16.66,1.72,3.8349999999999995,6.885000000000001,8.285,0.0,54.08
2018-08-21 16:00:56,15.446666666666667,1.46,3.8200000000000003,14.375,19.16,0.0,48.16
2018-08-21 17:00:56,13.683333333333334,1.15,3.3699999999999997,11.26,13.955,0.0,51.19
2018-08-21 18:00:56,16.88,1.02,3.365,13.995,17.51,0.0,49.67
2018-08-21 19:00:56,24.88,1.23,3.295,11.51,15.095,0.0,49.38
2018-08-21 20:00:56,38.873333333333335,0.725,3.3349999999999995,9.53,12.1,0.0,46.02
2018-08-21 21:00:56,49.86,8.18,3.6300000000000003,9.55,12.805,0.0,45.76
2018-08-21 22:00:56,45.1,6.030000000000001,3.5750000000000006,8.225,10.72,0.0,46.69
2018-08-21 23:00:56,41.03666666666667,3.1650000000000005,3.605,9.975,12.92,0.0,45.0
2018-08-22 00:00:56,34.483333333333334,8.495,3.595,15.160000000000002,21.58,0.0,40.46
2018-08-22 01:00:56,33.986666666666665,5.489999999999999,3.42,25.28,32.8,0.0,32.56
2018-08-22 02:00:56,31.47,3.22,4.065,21.915000000000003,23.635,0.0,27.75
2018-08-22 03:00:56,35.84,2.09,4.825,18.475,20.44,0.0,30.87
2018-08-22 04:00:56,35.833333333333336,2.9500000000000006,4.89,16.625,18.07,0.0,25.41
2018-08-22 05:00:56,32.166666666666664,3.24,4.03,15.535000000000002,18.235,0.0,22.7
2018-08-22 06:00:56,27.21,5.37,4.175,15.89,18.57,0.0,20.4
2018-08-22 07:00:56,29.673333333333332,6.27,4.93,15.61,18.245,0.0,17.66
2018-08-22 08:00:56,38.370000000000005,10.719999999999999,6.81,15.1,17.255,0.0,22.6
2018-08-22 09:00:56,39.43333333333333,9.015,5.605,12.745,14.675000000000002,0.0,34.25
2018-08-22 10:00:56,33.18666666666667,8.035,3.9600000000000004,15.35,18.805,0.0,41.06
2018-08-22 11:00:56,29.48333333333333,5.13,3.4949999999999997,10.07,11.44,0.0,49.62
2018-08-22 12:00:56,25.803333333333335,3.275,3.65,10.225,11.36,0.0,54.41
2018-08-22 13:00:56,20.996666666666666,2.3,4.03,12.410000000000002,14.11,0.0,53.76
2018-08-22 14:00:56,18.426666666666666,1.6900000000000002,3.52,14.31,17.605,0.0,54.42
2018-08-22 15:00:56,14.943333333333332,1.14,3.405,27.785,36.41,0.0,47.45
2018-08-22 16:00:56,19.0,4.995,3.1750000000000003,26.804999999999996,35.265,0.0,48.26
2018-08-22 17:00:56,20.93,5.03,2.975,17.87,23.37,0.0,56.92
2018-08-22 18:00:56,31.136666666666667,3.1050000000000004,2.9250000000000003,14.085,18.135,0.0,58.95
2018-08-22 19:00:56,44.46333333333333,3.435,2.735,15.035000000000002,19.62,0.0,57.91
2018-08-22 20:00:56,51.68,2.375,2.5700000000000003,18.83,24.175,0.0,52.39
2018-08-22 21:00:56,52.833333333333336,5.075,2.64,13.57,17.13,0.0,50.25
2018-08-22 22:00:56,51.14333333333334,6.030000000000001,2.6999999999999997,11.07,13.785000000000002,0.0,51.32
2018-08-22 23:00:56,48.31333333333333,3.7699999999999996,2.555,11.410000000000002,14.49,0.0,52.11
2018-08-23 00:00:56,46.833333333333336,7.760000000000001,2.8350000000000004,19.04,23.685,0.0,46.19
2018-08-23 01:00:56,41.61333333333334,5.419999999999999,2.9499999999999997,20.85,24.69,0.0,40.4
2018-08-23 02:00:56,38.879999999999995,2.8949999999999996,3.0400000000000005,15.699999999999998,17.71,0.0,41.15
2018-08-23 03:00:56,34.27333333333333,2.8949999999999996,3.015,22.005,26.349999999999998,0.0,35.3
2018-08-23 04:00:56,33.95,2.445,3.285,19.87,26.925,0.0,29.55
2018-08-23 05:00:56,33.57666666666667,4.71,3.0849999999999995,17.335,27.235,0.0,25.17
2018-08-23 06:00:56,37.556666666666665,3.345,3.4949999999999997,12.579999999999998,21.655,0.0,36.54
2018-08-23 07:00:56,40.63333333333333,4.48,4.165,27.05,39.77,0.0,27.11
2018-08-23 08:00:56,45.35,9.155,8.57,21.39,31.385,0.0,32.05
2018-08-23 09:00:56,46.833333333333336,14.969999999999999,6.579999999999999,20.46,27.755,0.0,41.78
2018-08-23 10:00:56,44.0,9.805,4.245,25.545,36.445,0.0,41.66
2018-08-23 11:00:56,40.04666666666667,5.3,3.105,18.295,29.425,0.0,48.22
2018-08-23 12:00:56,31.453333333333333,3.095,2.85,18.715,30.64,0.0,48.33
2018-08-23 13:00:56,23.886666666666667,2.13,2.795,20.92,33.36,0.0,44.64
2018-08-23 14:00:56,23.723333333333333,1.205,2.9499999999999997,16.215,25.209999999999997,0.0,48.7
2018-08-23 15:00:56,22.23,0.9950000000000001,3.2349999999999994,22.26,35.4,0.0,47.63
2018-08-23 16:00:56,25.03666666666667,5.09,3.3249999999999997,22.22,33.86,0.0,49.43
2018-08-23 17:00:56,27.953333333333333,3.535,3.5199999999999996,18.53,29.765,0.0,49.12
2018-08-23 18:00:56,30.276666666666667,1.95,3.4249999999999994,19.285,29.054999999999996,0.0,50.99
2018-08-23 19:00:56,38.92,3.6050000000000004,3.5050000000000003,19.355,29.875,0.0,53.82
2018-08-23 20:00:56,49.17333333333333,8.5,3.4250000000000003,23.054999999999996,33.754999999999995,0.0,51.01
2018-08-23 21:00:56,51.86333333333333,6.23,3.5849999999999995,21.055,30.16,0.0,51.87
2018-08-23 22:00:56,54.693333333333335,11.535000000000002,3.795,19.59,29.615,0.0,51.74
2018-08-23 23:00:56,50.16,10.525,4.845,20.145,28.245,0.0,51.94
2018-08-24 00:00:56,57.68000000000001,6.325,4.34,29.875,38.275,0.0,46.7
2018-08-24 01:00:56,49.81666666666666,3.775,4.255,34.22,42.03,0.0,48.14
2018-08-24 02:00:56,45.663333333333334,2.3,5.849999999999999,38.57,47.405,0.0,38.64
2018-08-24 03:00:56,52.806666666666665,8.02,5.699999999999999,24.599999999999998,29.51,0.0,40.69
2018-08-24 04:00:56,51.33,10.055,4.815,21.12,25.554999999999996,0.0,44.35
2018-08-24 05:00:56,45.38,11.89,4.325,27.515,32.15,0.0,28.77
2018-08-24 06:00:56,40.18,9.095,4.35,23.235,28.355,0.0,23.02
2018-08-24 07:00:56,45.8,10.485,5.44,27.679999999999996,36.955,0.0,23.69
2018-08-24 08:00:56,51.68666666666667,12.574999999999998,10.030000000000001,30.365,38.825,0.0,29.07
2018-08-24 09:00:56,53.81,16.24,9.63,23.86,32.525,0.0,37.29
2018-08-24 10:00:56,49.99666666666667,9.73,6.055,15.405000000000001,21.53,0.0,48.25
2018-08-24 11:00:56,43.516666666666666,5.52,4.175,9.62,14.82,0.0,55.57
2018-08-24 12:00:56,36.946666666666665,3.2900000000000005,3.955,10.56,16.235,0.0,52.66
2018-08-24 13:00:56,26.726666666666667,1.9450000000000003,3.8800000000000003,16.865,23.929999999999996,0.0,50.17
2018-08-24 14:00:56,27.023333333333333,1.7299999999999998,4.515,20.794999999999998,29.254999999999995,0.0,51.65
2018-08-24 15:00:56,24.883333333333333,1.5099999999999998,4.82,29.98,40.77,0.0,49.68
2018-08-24 16:00:56,20.53333333333333,1.3999999999999997,4.585,26.794999999999998,34.51499999999999,0.0,51.21
2018-08-24 17:00:56,18.336666666666666,1.3500000000000003,4.51,28.905,39.56999999999999,0.0,52.27
2018-08-24 18:00:56,24.546666666666667,1.455,4.46,55.98,74.34,0.0,36.23
2018-08-24 19:00:56,26.986666666666668,1.125,3.4499999999999997,66.605,92.41000000000001,0.0,25.95
2018-08-24 20:00:56,30.036666666666665,4.1,3.2699999999999996,47.120000000000005,63.475,0.0,37.06
2018-08-24 21:00:56,48.233333333333334,2.65,3.31,22.810000000000002,29.945000000000004,0.0,48.7
2018-08-24 22:00:56,56.14666666666667,10.465,3.315,21.665000000000003,28.28,0.0,49.45
2018-08-24 23:00:56,47.07,9.725,4.07,33.04,41.89,0.0,42.9
2018-08-25 00:00:56,48.233333333333334,12.204999999999998,5.925000000000001,51.79,66.31,0.0,32.58
2018-08-25 01:00:56,47.04666666666667,7.685,7.095,51.324999999999996,61.44,0.0,41.32
2018-08-25 02:00:56,40.82,4.11,12.18,49.54999999999999,57.330000000000005,0.0,25.89
2018-08-25 03:00:56,40.76,5.445,15.700000000000001,58.925000000000004,65.11,0.0,11.84
2018-08-25 04:00:56,54.93333333333334,5.539999999999999,15.770000000000001,51.48500000000001,60.544999999999995,0.0,10.12
2018-08-25 05:00:56,61.483333333333334,9.48,11.21,47.475,53.95000000000001,0.0,7.97
2018-08-25 06:00:56,56.39666666666667,8.735,10.71,43.415,53.835,0.0,7.84
2018-08-25 07:00:56,48.14,9.97,11.14,41.275,57.79,0.0,14.56
2018-08-25 08:00:56,54.120000000000005,10.47,27.385,47.66,63.715,0.0,14.28
2018-08-25 09:00:56,62.166666666666664,20.2,19.314999999999998,43.965,55.0,0.0,28.51
2018-08-25 10:00:56,61.59,14.755,8.73,26.27,32.265,0.0,46.05
2018-08-25 11:00:56,52.01,8.15,5.550000000000001,22.225000000000005,27.495,0.0,51.36
2018-08-25 12:00:56,47.053333333333335,4.275,4.585,20.95,29.560000000000002,0.0,55.52
2018-08-25 13:00:56,35.82,2.225,3.715,17.125,22.53,0.0,55.49
2018-08-25 14:00:56,30.583333333333332,1.32,3.955,24.505,30.305000000000003,0.0,54.63
2018-08-25 15:00:56,25.996666666666666,0.77,4.81,37.794999999999995,53.925000000000004,0.0,48.29
2018-08-25 16:00:56,27.236666666666665,1.54,5.045,38.355,50.925000000000004,0.0,47.3
2018-08-25 17:00:56,29.043333333333333,2.725,3.5600000000000005,64.42,90.605,0.0,31.24
2018-08-25 18:00:56,34.49333333333333,5.29,2.8350000000000004,63.04,85.46,0.0,34.49
2018-08-25 19:00:56,43.96666666666667,3.455,3.455,45.35999999999999,59.285,0.0,44.32
2018-08-25 20:00:56,59.53666666666667,7.48,3.235,31.99,39.42,0.0,50.25
2018-08-25 21:00:56,63.68333333333334,8.32,3.36,19.73,24.865,0.0,54.14
2018-08-25 22:00:56,58.06,8.24,3.2999999999999994,16.93,23.195000000000004,0.0,55.56
2018-08-25 23:00:56,50.99333333333333,9.19,5.114999999999999,28.930000000000003,34.800000000000004,0.0,53.65
2018-08-26 00:00:56,47.45666666666667,8.155,7.32,59.21,73.395,0.0,27.21
2018-08-26 01:00:56,38.72,5.66,8.02,82.215,105.395,0.0,16.52
2018-08-26 02:00:56,42.89666666666667,4.36,3.595,83.395,115.435,0.0,14.66
2018-08-26 03:00:56,47.74333333333334,6.739999999999999,4.05,43.900000000000006,50.13,0.0,33.85
2018-08-26 04:00:56,43.52333333333333,8.47,6.27,41.01,47.629999999999995,0.0,19.39
2018-08-26 05:00:56,41.72666666666667,5.33,7.085000000000001,36.52,43.43,0.0,15.86
2018-08-26 06:00:56,52.620000000000005,5.98,11.810000000000002,41.35,46.300000000000004,0.0,16.38
2018-08-26 07:00:56,65.18666666666667,10.665,12.6,58.51499999999999,80.92,0.0,10.81
2018-08-26 08:00:56,78.19333333333333,9.49,19.155,62.25,91.00999999999999,0.0,9.13
2018-08-26 09:00:56,75.93666666666667,10.015,32.0,48.905,58.794999999999995,0.0,28.8
2018-08-26 10:00:56,71.96333333333334,8.965,12.469999999999999,26.235,31.150000000000002,0.0,48.53
2018-08-26 11:00:56,54.36333333333333,5.645,6.065,20.42,25.015,0.0,53.39
2018-08-26 12:00:56,48.65,3.2349999999999994,5.425,17.445,21.350000000000005,0.0,58.41
2018-08-26 13:00:56,36.57333333333333,2.9599999999999995,3.3049999999999997,33.43,45.01,0.0,45.9
2018-08-26 14:00:56,31.076666666666668,5.385000000000001,2.515,35.794999999999995,49.20000000000001,0.0,45.02
2018-08-26 15:00:56,27.386666666666667,3.565,2.54,34.86,45.75,0.0,45.6
2018-08-26 16:00:56,30.340000000000003,3.0,2.535,21.86,29.105,0.0,56.05
2018-08-26 17:00:56,36.03666666666667,6.640000000000001,2.525,23.11,30.52,0.0,57.34
2018-08-26 18:00:56,43.42333333333333,4.85,2.6749999999999994,18.125,24.675,0.0,58.98
2018-08-26 19:00:56,58.776666666666664,8.335,2.57,19.69,25.7,0.0,56.53
2018-08-26 20:00:56,73.92666666666666,5.295,2.635,17.41,22.785,0.0,58.17
2018-08-26 21:00:56,71.00666666666666,7.38,2.325,17.825,23.295,0.0,56.08
2018-08-26 22:00:56,66.25666666666666,4.96,3.74,19.805,25.564999999999998,0.0,52.95
2018-08-26 23:00:56,55.31333333333333,3.81,4.25,35.2,41.885,0.0,42.98
2018-08-27 00:00:56,40.57333333333333,5.105,4.585,20.525000000000002,23.814999999999998,0.0,51.47
2018-08-27 01:00:56,33.39333333333333,8.445,6.835,16.17,19.17,0.0,56.2
2018-08-27 02:00:56,32.233333333333334,6.344999999999999,21.18,39.625,45.23499999999999,0.0,37.64
2018-08-27 03:00:56,36.763333333333335,7.484999999999999,4.78,11.549999999999999,14.685,0.0,55.46
2018-08-27 04:00:56,36.519999999999996,5.710000000000001,4.88,6.185,9.799999999999999,0.0,54.73
2018-08-27 05:00:56,31.313333333333333,9.6,23.314999999999998,17.83,21.66,0.0,55.61
2018-08-27 06:00:56,29.44666666666667,11.725,13.439999999999998,17.455,21.21,0.0,54.51
2018-08-27 07:00:56,26.623333333333335,8.835,11.56,40.535,48.57,0.0,24.91
2018-08-27 08:00:56,46.24333333333334,8.535,14.965000000000002,67.355,88.14999999999999,0.0,19.92
2018-08-27 09:00:56,62.81,11.594999999999999,14.975,51.26500000000001,61.19499999999999,0.0,24.52
2018-08-27 10:00:56,69.5,9.74,14.799999999999999,53.73499999999999,62.669999999999995,0.0,33.91
2018-08-27 11:00:56,77.25333333333333,5.91,19.05,44.24,53.754999999999995,0.0,41.1
2018-08-27 12:00:56,69.82666666666667,3.5700000000000003,5.62,31.060000000000002,42.885,0.0,45.29
2018-08-27 13:00:56,47.8,3.2449999999999997,4.59,36.12,53.665,0.0,42.2
2018-08-27 14:00:56,37.92333333333333,4.97,4.005,33.945,46.81,0.0,45.06
2018-08-27 15:00:56,34.49666666666666,6.445,3.9450000000000003,33.955,46.345,0.0,45.59
2018-08-27 16:00:56,30.683333333333337,5.34,4.02,29.745,40.54,0.0,46.49
2018-08-27 17:00:56,36.2,4.46,3.7449999999999997,24.67,33.574999999999996,0.0,49.98
2018-08-27 18:00:56,46.91,3.6749999999999994,4.035,27.179999999999996,36.085,0.0,52.56
2018-08-27 19:00:56,41.733333333333334,7.91,4.325,17.785,21.895,0.0,56.02
2018-08-27 20:00:56,65.04333333333334,9.365,4.155,15.89,19.835,0.0,54.76
2018-08-27 21:00:56,71.78,7.18,3.7550000000000003,16.735,21.36,0.0,50.97
2018-08-27 22:00:56,60.38333333333333,10.105,4.73,15.97,20.66,0.0,51.3
2018-08-27 23:00:56,47.553333333333335,8.265,5.205,30.024999999999995,36.955,0.0,38.28
2018-08-28 00:00:56,52.983333333333334,8.525,3.795,27.705000000000002,29.865,0.0,38.88
2018-08-28 01:00:56,47.36,5.19,2.58,13.46,14.54,0.0,47.57
2018-08-28 02:00:56,30.46333333333333,8.945,1.8499999999999999,10.42,12.045,0.0,47.1
2018-08-28 03:00:56,28.496666666666666,6.06,1.9100000000000001,4.595,5.505,0.0,50.15
2018-08-28 04:00:56,26.91,8.945,9.31,17.38,18.37,0.0,46.44
2018-08-28 05:00:56,30.506666666666668,11.07,40.365,27.47,28.375,0.0,49.56
2018-08-28 06:00:56,45.29333333333333,15.37,29.974999999999998,28.74,30.615,0.0,37.18
2018-08-28 07:00:56,51.02333333333334,26.125,23.035,27.385,29.965000000000003,0.0,41.89
2018-08-28 08:00:56,47.376666666666665,21.935000000000002,23.635,39.605,46.535,0.0,41.09
2018-08-28 09:00:56,50.150000000000006,21.64,10.735,36.405,44.419999999999995,0.0,41.38
2018-08-28 10:00:56,46.88333333333333,18.915000000000003,4.7,25.95,33.075,0.0,43.78
2018-08-28 11:00:56,41.57333333333333,12.049999999999999,2.865,19.790000000000003,24.64,0.0,48.47
2018-08-28 12:00:56,36.763333333333335,6.905,2.225,26.23,33.635,0.0,48.15
2018-08-28 13:00:56,37.41,6.515000000000001,2.1,28.535,35.51,0.0,49.46
2018-08-28 14:00:56,33.78333333333333,11.049999999999999,1.9500000000000002,28.439999999999998,38.615,0.0,53.18
2018-08-28 15:00:56,31.71333333333333,8.66,2.05,33.615,44.68000000000001,0.0,53.11
2018-08-28 16:00:56,38.05,15.68,2.015,40.11,58.04,0.0,49.32
2018-08-28 17:00:56,40.17333333333333,14.950000000000001,1.95,23.59,29.100000000000005,0.0,51.58
2018-08-28 18:00:56,52.17666666666667,12.07,1.875,24.290000000000003,29.669999999999998,0.0,50.91
2018-08-28 19:00:56,64.94333333333333,12.64,1.985,31.545,38.49,0.0,46.93
2018-08-28 20:00:56,68.69333333333334,17.474999999999998,2.0500000000000003,36.07,43.48,0.0,43.94
2018-08-28 21:00:56,59.24,17.455,2.225,26.450000000000003,31.37,0.0,46.68
2018-08-28 22:00:56,63.01333333333334,20.8,2.08,29.845,36.37,0.0,39.38
2018-08-28 23:00:56,50.64666666666667,17.095,2.475,21.78,23.22,0.0,44.36
2018-08-29 00:00:56,40.803333333333335,11.839999999999998,3.0549999999999997,19.59,20.985,0.0,48.73
2018-08-29 01:00:56,36.07,13.555,7.460000000000001,22.939999999999998,26.725000000000005,0.0,50.81
2018-08-29 02:00:56,30.013333333333335,10.755,15.515,29.765,31.159999999999997,0.0,52.09
2018-08-29 03:00:56,43.05666666666667,15.810000000000002,17.765,60.625,64.67,0.0,16.98
2018-08-29 04:00:56,63.23666666666667,25.790000000000003,20.66,58.345,69.355,0.0,13.19
2018-08-29 05:00:56,66.02333333333334,25.87,23.42,54.065,58.205000000000005,0.0,14.32
2018-08-29 06:00:56,64.91333333333334,31.14,21.444999999999997,58.72,66.06,0.0,12.12
2018-08-29 07:00:56,67.58333333333333,33.379999999999995,17.405,51.025000000000006,64.785,0.0,28.3
2018-08-29 08:00:56,66.88333333333333,28.545,10.605,14.665000000000001,17.14,0.0,49.35
2018-08-29 09:00:56,47.60666666666667,17.335,5.81,18.349999999999998,22.975000000000005,0.0,47.39
2018-08-29 10:00:56,45.373333333333335,13.979999999999999,4.845,22.125,27.73,0.0,40.91
2018-08-29 11:00:56,49.53666666666667,14.115,4.145,13.540000000000001,17.830000000000002,0.0,45.18
2018-08-29 12:00:56,50.623333333333335,13.495,4.22,13.689999999999998,17.84,0.0,46.84
2018-08-29 13:00:56,52.64333333333333,8.74,4.08,19.2,26.115,0.0,45.36
2018-08-29 14:00:56,41.873333333333335,5.255,4.12,21.375,28.900000000000002,0.0,46.26
2018-08-29 15:00:56,41.83,7.945,3.97,20.25,26.939999999999998,0.0,47.35
2018-08-29 16:00:56,44.656666666666666,16.98,3.9800000000000004,18.095,23.485,0.0,45.23
2018-08-29 17:00:56,51.00333333333333,13.285000000000002,4.14,16.919999999999998,21.755,0.0,45.42
2018-08-29 18:00:56,68.39333333333333,10.88,3.8550000000000004,17.07,21.875,0.0,43.69
2018-08-29 19:00:56,87.69,11.775,3.75,18.99,24.605,0.0,41.99
2018-08-29 20:00:56,83.86333333333333,10.48,4.03,18.724999999999998,24.314999999999998,0.0,39.18
2018-08-29 21:00:56,71.67,9.885,4.075,16.55,21.255,0.0,41.44
2018-08-29 22:00:56,60.50333333333333,12.315,4.075,11.395000000000001,14.545000000000002,0.0,45.16
2018-08-29 23:00:56,48.06,14.590000000000002,3.4299999999999997,12.33,15.425000000000002,0.0,44.43
2018-08-30 00:00:56,38.513333333333335,12.6,2.31,13.565,17.275000000000002,0.0,42.33
2018-08-30 01:00:56,37.54666666666667,10.86,1.8500000000000003,7.25,9.59,0.0,46.24
2018-08-30 02:00:56,35.59,12.86,1.8049999999999997,6.640000000000001,8.97,0.0,44.79
2018-08-30 03:00:56,26.89666666666667,9.34,1.9299999999999997,2.325,3.445,0.0,47.75
2018-08-30 04:00:56,28.35,7.27,1.9450000000000003,3.64,4.215,0.0,44.83
2018-08-30 05:00:56,32.07,13.995,10.01,20.8,21.724999999999998,0.0,38.61
2018-08-30 06:00:56,44.79333333333333,13.485,6.414999999999999,2.83,3.2999999999999994,0.0,45.36
2018-08-30 07:00:56,33.27333333333333,16.525,4.44,16.59,20.815,0.0,39.55
2018-08-30 08:00:56,31.53,17.74,2.97,21.405,28.245,0.0,34.7
2018-08-30 09:00:56,37.39333333333333,17.905,2.39,24.185000000000002,32.56,0.0,37.84
2018-08-30 10:00:56,32.913333333333334,14.635,1.9400000000000002,19.69,26.98,0.0,43.3
2018-08-30 11:00:56,35.10333333333333,14.060000000000002,1.455,21.649999999999995,28.0,0.0,43.42
2018-08-30 12:00:56,30.123333333333335,10.375,0.0,11.44,13.085,0.0,51.81
2018-08-30 13:00:56,34.35666666666666,7.114999999999999,3.26,15.39,17.715,0.0,52.61
2018-08-30 14:00:56,35.60333333333333,4.895,3.655,11.37,12.770000000000001,0.0,57.05
2018-08-30 15:00:56,26.756666666666668,6.56,3.8200000000000003,16.255,19.01,0.0,54.96
2018-08-30 16:00:56,31.799999999999997,5.675,4.109999999999999,18.474999999999998,21.48,0.0,49.86
2018-08-30 17:00:56,35.973333333333336,10.365,2.23,20.81,25.400000000000002,0.0,49.84
2018-08-30 18:00:56,36.4,12.025,1.75,29.545,37.005,0.0,43.4
2018-08-30 19:00:56,42.69,11.62,1.585,27.0,33.21,0.0,42.53
2018-08-30 20:00:56,53.68666666666667,15.030000000000001,1.42,27.315,34.26,0.0,39.8
2018-08-30 21:00:56,64.02333333333333,16.64,1.46,23.37,30.084999999999997,0.0,40.59
2018-08-30 22:00:56,62.7,16.885,1.4100000000000001,17.265,22.33,0.0,42.41
2018-08-30 23:00:56,58.629999999999995,20.334999999999997,1.72,13.235,16.615,0.0,45.98
2018-08-31 00:00:56,49.59,21.42,2.31,16.605,20.09,0.0,43.94
2018-08-31 01:00:56,45.04,14.175000000000002,2.48,10.185,12.75,0.0,46.88
2018-08-31 02:00:56,40.67,10.96,2.49,8.82,11.245,0.0,45.83
2018-08-31 03:00:56,42.223333333333336,16.724999999999998,3.295,5.974999999999999,7.544999999999999,0.0,46.88
2018-08-31 04:00:56,44.14,12.895000000000001,6.23,10.295,11.51,0.0,39.14
2018-08-31 05:00:56,48.65333333333333,20.31,5.03,21.375,22.685000000000002,0.0,38.2
2018-08-31 06:00:56,55.06,14.839999999999998,6.324999999999999,23.724999999999998,25.554999999999996,0.0,38.59
2018-08-31 07:00:56,62.55,24.795,7.245000000000001,47.64000000000001,61.145,0.0,18.97
2018-08-31 08:00:56,71.00666666666666,27.22,25.400000000000002,55.305,75.145,0.0,10.93
2018-08-31 09:00:56,105.89666666666666,38.35,28.959999999999997,62.199999999999996,78.735,0.0,21.25
2018-08-31 10:00:56,111.13,30.349999999999998,16.45,34.94,39.945,0.0,36.75
2018-08-31 11:00:56,100.59666666666666,19.695,11.12,21.534999999999997,23.700000000000003,0.0,47.38
2018-08-31 12:00:56,82.47333333333333,13.454999999999998,8.975,24.64,27.705,0.0,51.6
2018-08-31 13:00:56,59.29666666666666,8.595,6.75,34.63,43.945,0.0,41.61
2018-08-31 14:00:56,48.26,11.089999999999998,3.8949999999999996,35.72,48.095,0.0,38.58
2018-08-31 15:00:56,42.32666666666667,8.03,3.215,23.11,31.27,0.0,46.16
2018-08-31 16:00:56,45.53,11.33,2.9949999999999997,26.935000000000002,36.449999999999996,0.0,45.28
2018-08-31 17:00:56,50.846666666666664,17.01,2.725,20.155,24.679999999999996,0.0,52.49
2018-08-31 18:00:56,51.763333333333335,14.12,2.7099999999999995,24.02,30.125,0.0,51.41
2018-08-31 19:00:56,54.66,13.924999999999999,2.44,29.054999999999996,36.575,0.0,48.58
2018-08-31 20:00:56,55.973333333333336,11.660000000000002,2.5749999999999997,29.155,36.305,0.0,46.8
2018-08-31 21:00:56,56.25333333333333,14.085,2.28,22.515,27.235,0.0,48.57
2018-08-31 22:00:56,51.11666666666667,13.88,2.165,15.26,19.815,0.0,44.05
2018-08-31 23:00:56,56.17,15.660000000000002,2.03,17.25,21.959999999999997,0.0,42.63
2018-09-01 00:00:56,43.56333333333333,10.15,1.825,18.45,22.39,0.0,44.49
2018-09-01 01:00:56,35.40333333333333,7.555,2.2,25.08,28.155,0.0,49.7
2018-09-01 02:00:56,29.923333333333332,7.5299999999999985,2.9250000000000003,24.610000000000003,27.87,0.0,45.62
2018-09-01 03:00:56,32.52666666666667,14.35,7.704999999999999,29.885,32.46,0.0,46.44
2018-09-01 04:00:56,58.763333333333335,16.39,16.27,26.02,26.445000000000004,0.0,35.09
2018-09-01 05:00:56,58.98333333333334,25.23,35.22,38.169999999999995,40.400000000000006,0.0,22.52
2018-09-01 06:00:56,55.22666666666667,24.405,29.064999999999998,30.975000000000005,33.115,0.0,28.36
2018-09-01 07:00:56,60.900000000000006,25.405,26.795,39.835,47.294999999999995,0.0,22.62
2018-09-01 08:00:56,65.70333333333333,28.155,26.515,45.97,60.53,0.0,26.27
2018-09-01 09:00:56,68.18333333333334,31.474999999999998,22.97,42.48,49.065,0.0,35.28
2018-09-01 10:00:56,64.12,20.345,14.62,26.545,29.855,0.0,44.47
2018-09-01 11:00:56,56.486666666666665,14.65,9.040000000000001,20.21,22.320000000000004,0.0,54.46
2018-09-01 12:00:56,42.91333333333333,9.185,4.96,14.675000000000002,16.425,0.0,57.72
2018-09-01 13:00:56,37.516666666666666,8.68,3.8249999999999997,15.13,17.215,0.0,59.9
2018-09-01 14:00:56,39.67333333333333,6.205000000000001,3.795,15.839999999999998,17.265,0.0,66.95
2018-09-01 15:00:56,32.160000000000004,3.66,3.3249999999999997,24.625,29.399999999999995,0.0,58.27
2018-09-01 16:00:56,28.496666666666666,6.015000000000001,2.5700000000000003,36.48499999999999,46.895,0.0,45.91
2018-09-01 17:00:56,30.69333333333333,7.640000000000001,2.105,38.315,48.805,0.0,45.13
2018-09-01 18:00:56,37.09,8.875,1.9900000000000002,39.925000000000004,51.94499999999999,0.0,46.78
2018-09-01 19:00:56,39.53666666666667,9.14,2.015,45.06999999999999,54.504999999999995,0.0,43.99
2018-09-01 20:00:56,53.77666666666667,7.580000000000001,1.6849999999999998,29.804999999999996,36.185,0.0,45.02
2018-09-01 21:00:56,65.60333333333334,17.865,2.19,19.925,23.795,0.0,48.5
2018-09-01 22:00:56,68.32,16.02,1.92,17.849999999999998,21.679999999999996,0.0,47.65
2018-09-01 23:00:56,55.406666666666666,14.550000000000002,2.3,22.965,27.63,0.0,43.71
2018-09-02 00:00:56,45.516666666666666,9.335,3.14,19.215,22.36,0.0,48.11
2018-09-02 01:00:56,45.18,19.095,3.4949999999999997,24.409999999999997,27.554999999999996,0.0,44.38
2018-09-02 02:00:56,46.406666666666666,13.825000000000001,13.964999999999998,41.61000000000001,48.165,0.0,36.69
2018-09-02 03:00:56,48.03666666666667,7.805,27.819999999999997,37.24,40.324999999999996,0.0,32.81
2018-09-02 04:00:56,51.516666666666666,12.94,35.989999999999995,45.23,49.115,0.0,14.73
2018-09-02 05:00:56,62.276666666666664,15.81,36.225,40.699999999999996,45.32,0.0,15.27
2018-09-02 06:00:56,68.48333333333333,25.429999999999996,27.549999999999997,33.19,38.005,0.0,19.54
2018-09-02 07:00:56,67.64,23.63,16.835,37.875,45.455000000000005,0.0,13.35
2018-09-02 08:00:56,72.19,20.084999999999997,35.47,48.585,66.79,0.0,12.96
2018-09-02 09:00:56,78.73,28.834999999999997,39.475,44.69499999999999,54.10999999999999,0.0,25.67
2018-09-02 10:00:56,78.99333333333334,31.875,15.21,22.455,25.14,0.0,43.66
2018-09-02 11:00:56,70.05000000000001,20.525000000000002,8.31,17.400000000000002,19.38,0.0,48.91
2018-09-02 12:00:56,65.07666666666667,13.955,7.405,24.209999999999997,31.87,0.0,45.87
2018-09-02 13:00:56,57.04333333333333,8.825000000000001,4.78,7.035,8.65,0.0,58.69
2018-09-02 14:00:56,41.22333333333333,5.445,3.9599999999999995,8.74,10.615,0.0,56.38
2018-09-02 15:00:56,35.29666666666667,3.31,6.91,14.075000000000001,16.939999999999998,0.0,52.89
2018-09-02 16:00:56,39.79666666666667,13.74,4.7,9.6,11.955,0.0,52.72
2018-09-02 17:00:56,33.413333333333334,9.8,4.075,10.174999999999999,12.94,0.0,52.94
2018-09-02 18:00:56,29.423333333333332,5.675000000000001,3.435,16.0,20.43,0.0,48.57
2018-09-02 19:00:56,37.556666666666665,8.125,3.285,19.610000000000003,24.595,0.0,45.72
2018-09-02 20:00:56,48.35666666666667,14.095,3.41,19.775,25.27,0.0,45.0
2018-09-02 21:00:56,61.346666666666664,16.200000000000003,3.1799999999999997,19.295,22.900000000000002,0.0,49.1
2018-09-02 22:00:56,56.403333333333336,10.99,3.225,33.51,40.545,0.0,40.2
2018-09-02 23:00:56,45.17,11.94,3.0400000000000005,24.689999999999998,29.74,0.0,41.18
2018-09-03 00:00:56,46.10666666666667,13.07,2.9450000000000003,24.705,28.49,0.0,39.49
2018-09-03 01:00:56,44.79,10.084999999999999,3.215,18.97,21.085,0.0,44.57
2018-09-03 02:00:56,41.9,12.945,4.245,18.805,20.98,0.0,33.11
2018-09-03 03:00:56,49.60666666666667,15.115,6.265000000000001,26.23,29.294999999999998,0.0,29.64
2018-09-03 04:00:56,61.089999999999996,18.555,8.68,24.385,25.555000000000003,0.0,29.0
2018-09-03 05:00:56,65.68,22.5,14.305,31.125,32.395,0.0,20.83
2018-09-03 06:00:56,72.99333333333334,29.975000000000005,18.585,29.515,31.485,0.0,18.98
2018-09-03 07:00:56,85.87,35.175000000000004,25.485,44.845,52.830000000000005,0.0,12.16
2018-09-03 08:00:56,86.06666666666666,39.800000000000004,40.49,59.294999999999995,88.25999999999999,0.0,8.49
2018-09-03 09:00:56,101.13666666666667,46.580000000000005,30.17,36.89,48.919999999999995,0.0,26.71
2018-09-03 10:00:56,95.36666666666667,31.084999999999997,12.910000000000002,18.31,21.905,0.0,40.91
2018-09-03 11:00:56,73.68,17.045,10.435,14.339999999999998,16.075,0.0,46.99
2018-09-03 12:00:56,42.336666666666666,9.085,6.155000000000001,15.36,17.74,0.0,48.87
2018-09-03 13:00:56,35.97,5.455000000000001,5.0,16.875,1.89,0.0,52.24
2018-09-03 14:00:56,51.98,6.330000000000001,5.27,21.175,25.165000000000003,0.0,55.44
2018-09-03 15:00:56,47.233333333333334,5.345,5.315,27.505,34.349999999999994,0.0,48.74
2018-09-03 16:00:56,43.32,5.375,5.449999999999999,17.075,21.015,0.0,51.5
2018-09-03 17:00:56,44.653333333333336,3.885,4.63,23.76,29.595,0.0,53.08
2018-09-03 18:00:56,41.37,7.13,4.010000000000001,28.889999999999997,36.245,0.0,43.85
2018-09-03 19:00:56,53.32,11.635,3.5050000000000003,29.87,37.665,0.0,43.67
2018-09-03 20:00:56,67.52333333333334,17.9,3.105,23.465000000000003,29.080000000000002,0.0,42.17
2018-09-03 21:00:56,81.57333333333334,15.030000000000001,3.48,22.855,29.53,0.0,39.84
2018-09-03 22:00:56,70.41333333333333,20.22,3.3200000000000003,22.645,28.425,0.0,39.03
2018-09-03 23:00:56,68.36666666666667,14.31,3.375,25.985,34.175000000000004,0.0,36.67
2018-09-04 00:00:56,61.343333333333334,12.0,3.8550000000000004,19.925,24.090000000000003,0.0,41.49
2018-09-04 01:00:56,54.84,12.520000000000001,3.875,21.13,22.689999999999998,0.0,40.36
2018-09-04 02:00:56,52.21,13.745,4.54,16.735,18.68,0.0,35.38
2018-09-04 03:00:56,62.03666666666666,19.21,8.219999999999999,31.86,34.14,0.0,35.16
2018-09-04 04:00:56,68.65,28.084999999999997,10.174999999999999,33.75,37.225,0.0,28.24
2018-09-04 05:00:56,57.873333333333335,21.64,9.14,28.11,28.76,0.0,21.49
2018-09-04 06:00:56,74.04666666666667,24.875,17.435,53.625,58.49,0.0,8.78
2018-09-04 07:00:56,84.35333333333332,29.67,12.115,44.425000000000004,55.065,0.0,6.27
2018-09-04 08:00:56,81.13666666666667,28.429999999999996,23.0,52.400000000000006,75.125,0.0,9.74
2018-09-04 09:00:56,89.85000000000001,30.76,34.790000000000006,48.505,62.24,0.0,21.28
2018-09-04 10:00:56,87.13666666666667,19.845,11.725000000000001,50.835,72.94,0.0,25.09
2018-09-04 11:00:56,75.65666666666667,14.56,6.41,28.14,31.47,0.0,45.31
2018-09-04 12:00:56,64.11,11.775,5.06,20.145,23.045,0.0,51.95
2018-09-04 13:00:56,45.24666666666667,7.44,2.515,15.615,18.554999999999996,0.0,54.19
2018-09-04 14:00:56,38.016666666666666,4.47,4.805,17.53,20.345,0.0,56.27
2018-09-04 15:00:56,36.766666666666666,3.9299999999999997,6.16,19.645,23.795,0.0,59.16
2018-09-04 16:00:56,31.973333333333333,4.925000000000001,6.125,19.584999999999997,22.054999999999996,0.0,60.63
2018-09-04 17:00:56,34.39,3.4500000000000006,5.065,24.745,29.615,0.0,57.41
2018-09-04 18:00:56,37.92,3.1749999999999994,5.419999999999999,29.595,34.645,0.0,54.55
2018-09-04 19:00:56,45.733333333333334,11.61,5.0,49.27,57.870000000000005,0.0,43.13
2018-09-04 20:00:56,61.31333333333333,12.735,8.35,0.0,0.0,0.0,5.09
2018-09-04 21:00:56,97.06666666666666,20.625,3.6749999999999994,49.60999999999999,55.67499999999999,0.0,43.22
2018-09-04 22:00:56,96.36,25.304999999999996,3.225,25.635,29.38,0.0,50.34
2018-09-04 23:00:56,79.31333333333333,20.47,4.305,37.755,42.82,0.0,38.51
2018-09-05 00:00:56,63.7,21.72,6.685,29.72,31.060000000000002,0.0,45.8
2018-09-05 01:00:56,52.77333333333334,15.805,5.960000000000001,26.605000000000004,30.45,0.0,45.63
2018-09-05 02:00:56,47.38666666666666,14.035000000000002,26.76,36.18,39.76,0.0,38.91
2018-09-05 03:00:56,47.74,14.93,21.735,43.245000000000005,48.330000000000005,0.0,22.23
2018-09-05 04:00:56,63.763333333333335,21.87,14.92,42.015,44.96,0.0,17.05
2018-09-05 05:00:56,70.37666666666667,25.395,18.060000000000002,39.705,43.955000000000005,0.0,16.2
2018-09-05 06:00:56,63.88,29.235,17.23,45.86000000000001,48.78,0.0,15.92
2018-09-05 07:00:56,77.66333333333333,24.42,20.16,64.915,90.61500000000001,0.0,8.38
2018-09-05 08:00:56,86.66666666666667,32.15,37.35,75.455,123.67999999999999,0.0,7.02
2018-09-05 09:00:56,105.12666666666667,42.76,45.599999999999994,87.24000000000001,129.935,0.0,8.53
2018-09-05 10:00:56,86.49000000000001,44.205000000000005,22.76,87.5,108.705,0.0,18.95
2018-09-05 11:00:56,79.53333333333333,32.305,20.545,74.215,86.755,0.0,31.15
2018-09-05 12:00:56,76.72000000000001,18.415,12.274999999999999,26.840000000000003,28.94,0.0,53.29
2018-09-05 13:00:56,79.02333333333334,10.155,5.87,16.365,17.965,0.0,62.53
2018-09-05 14:00:56,55.69,5.794999999999999,4.675,23.415000000000003,28.429999999999996,0.0,57.86
2018-09-05 15:00:56,46.626666666666665,3.52,4.075,18.61,22.505,0.0,60.45
2018-09-05 16:00:56,36.056666666666665,10.335,3.39,33.655,40.504999999999995,0.0,51.44
2018-09-05 17:00:56,40.93666666666667,8.29,6.239999999999999,35.625,38.865,0.0,50.93
2018-09-05 18:00:56,53.73,10.845,4.53,67.19,82.895,0.0,31.74
2018-09-05 19:00:56,54.163333333333334,11.839999999999998,4.234999999999999,51.405,58.080000000000005,0.0,41.4
2018-09-05 20:00:56,74.71666666666667,27.58,2.855,27.439999999999998,31.650000000000002,0.0,43.72
2018-09-05 21:00:56,93.3,22.834999999999997,2.52,19.03,22.64,0.0,43.3
2018-09-05 22:00:56,89.32333333333334,21.439999999999998,2.7900000000000005,22.485,29.405,0.0,33.81
2018-09-05 23:00:56,73.44333333333333,22.375,2.6799999999999997,19.67,26.679999999999996,0.0,36.61
2018-09-06 00:00:56,57.026666666666664,18.63,2.815,12.985,16.415,0.0,40.66
2018-09-06 01:00:56,47.38333333333333,14.37,2.525,9.345,11.82,0.0,42.49
2018-09-06 02:00:56,36.64,10.13,2.315,7.8450000000000015,10.41,0.0,43.52
2018-09-06 03:00:56,30.62,6.575,2.19,7.239999999999999,9.295,0.0,45.64
2018-09-06 04:00:56,29.543333333333333,17.945,2.735,3.395,4.675,0.0,48.92
2018-09-06 05:00:56,28.630000000000003,13.96,2.21,1.865,2.57,0.0,45.92
2018-09-06 06:00:56,37.14,18.475,2.38,3.32,4.04,0.0,42.51
2018-09-06 07:00:56,39.306666666666665,19.54,2.255,24.665000000000003,28.965,0.0,29.23
2018-09-06 08:00:56,36.93333333333333,21.12,2.855,35.5,47.855,0.0,27.93
2018-09-06 09:00:56,42.41,26.98,3.43,30.17,40.5,0.0,31.32
2018-09-06 10:00:56,43.5,17.89,3.185,25.645,37.77,0.0,33.39
2018-09-06 11:00:56,40.59,11.885,3.275,18.84,21.840000000000003,0.0,43.34
2018-09-06 12:00:56,36.2,10.575000000000001,3.635,23.415000000000003,31.070000000000004,0.0,39.41
2018-09-06 13:00:56,35.17666666666667,9.74,3.6650000000000005,18.195,21.745,0.0,46.28
2018-09-06 14:00:56,38.836666666666666,6.23,4.2250000000000005,18.975,20.53,0.0,50.29
2018-09-06 15:00:56,45.94333333333333,13.385,4.375,26.725000000000005,33.225,0.0,49.55
2018-09-06 16:00:56,51.61666666666667,13.604999999999999,4.02,28.429999999999996,33.495000000000005,0.0,48.29
2018-09-06 17:00:56,56.67,20.53,3.2550000000000003,37.405,46.044999999999995,0.0,40.95
2018-09-06 18:00:56,62.733333333333334,22.845,3.42,58.645,74.83,0.0,25.09
2018-09-06 19:00:56,48.71,18.75,3.4299999999999997,65.42500000000001,84.595,0.0,24.24
2018-09-06 20:00:56,63.413333333333334,24.580000000000002,2.8349999999999995,91.85000000000001,133.405,0.0,11.65
2018-09-06 21:00:56,83.55666666666667,19.145,3.23,82.305,108.63999999999999,0.0,10.93
2018-09-06 22:00:56,87.56666666666666,15.88,4.335,84.26,122.24000000000001,0.0,5.32
2018-09-06 23:00:56,79.46666666666667,25.145,5.305,77.775,99.22000000000001,0.0,4.51
2018-09-07 00:00:56,75.52666666666667,18.805,5.765000000000001,65.675,78.44500000000001,0.0,11.44
2018-09-07 01:00:56,68.32,20.2,5.565,45.19,53.824999999999996,0.0,27.91
2018-09-07 02:00:56,54.376666666666665,22.47,4.825,42.21,44.60999999999999,0.0,20.19
2018-09-07 03:00:56,50.19333333333333,17.4,4.235,39.83,43.71,0.0,19.35
2018-09-07 04:00:56,64.31333333333333,27.959999999999997,3.6199999999999997,33.74,36.245000000000005,0.0,18.61
2018-09-07 05:00:56,68.09,28.675,3.785,33.585,36.27,0.0,14.03
2018-09-07 06:00:56,67.7,31.63,4.93,43.15,48.5,0.0,11.13
2018-09-07 07:00:56,88.66666666666667,39.56,5.4750000000000005,36.645,46.580000000000005,0.0,20.92
2018-09-07 08:00:56,80.1,30.905,8.565,46.879999999999995,70.73,0.0,24.68
2018-09-07 09:00:56,65.14333333333333,26.319999999999997,12.174999999999999,43.095,63.51,0.0,30.35
2018-09-07 10:00:56,52.876666666666665,17.955,6.9750000000000005,21.290000000000003,27.235,0.0,44.45
2018-09-07 11:00:56,42.09666666666667,10.2,5.824999999999999,14.25,17.535,0.0,50.79
2018-09-07 12:00:56,29.49666666666667,8.515,5.06,13.735,16.995,0.0,49.24
2018-09-07 13:00:56,28.453333333333333,6.04,3.91,12.6,16.209999999999997,0.0,54.61
2018-09-07 14:00:56,29.540000000000003,4.17,3.605,12.255,14.839999999999998,0.0,55.38
2018-09-07 15:00:56,29.71666666666667,3.345,3.565,10.695,12.535000000000002,0.0,57.57
2018-09-07 16:00:56,25.613333333333333,2.8000000000000003,3.1799999999999997,11.945,13.845,0.0,57.36
2018-09-07 17:00:56,33.26,4.685,3.3100000000000005,14.21,16.22,0.0,54.81
2018-09-07 18:00:56,39.11666666666667,4.845,2.895,15.92,18.07,0.0,52.47
2018-09-07 19:00:56,41.03,7.765000000000001,2.78,16.92,18.76,0.0,49.92
2018-09-07 20:00:56,43.2,9.0,4.2250000000000005,25.570000000000004,27.63,0.0,40.93
2018-09-07 21:00:56,48.53,18.185,4.6499999999999995,16.79,17.96,0.0,46.54
2018-09-07 22:00:56,43.49666666666667,13.11,4.205,17.78,19.3,0.0,42.44
2018-09-07 23:00:56,36.61333333333334,17.16,5.5249999999999995,28.34,36.45,0.0,31.32
2018-09-08 00:00:56,36.38333333333333,11.299999999999999,4.455,16.075,17.46,0.0,41.32
2018-09-08 01:00:56,32.446666666666665,12.955,4.135000000000001,13.19,14.765,0.0,43.94
2018-09-08 02:00:56,30.066666666666666,13.354999999999999,4.095,18.05,21.205,0.0,35.59
2018-09-08 03:00:56,30.543333333333333,8.55,4.7299999999999995,12.645000000000001,13.845,0.0,36.55
2018-09-08 04:00:56,30.003333333333334,8.924999999999999,4.695,8.315,9.095,0.0,45.01
2018-09-08 05:00:56,32.376666666666665,9.005,4.0249999999999995,10.29,10.93,0.0,42.17
2018-09-08 06:00:56,41.57666666666667,10.405,4.15,20.38,23.73,0.0,28.73
2018-09-08 07:00:56,48.34,20.74,3.7899999999999996,40.14,60.755,0.0,12.55
2018-09-08 08:00:56,58.019999999999996,22.575000000000003,6.219999999999999,45.20000000000001,71.215,0.0,18.67
2018-09-08 09:00:56,59.05666666666667,23.785,9.1,23.08,30.274999999999995,0.0,37.29
2018-09-08 10:00:56,49.31,21.27,5.395,10.38,12.035000000000002,0.0,49.87
2018-09-08 11:00:56,42.49666666666667,21.595,4.575,11.625,13.22,0.0,51.38
2018-09-08 12:00:56,35.846666666666664,14.375,4.445,15.35,18.88,0.0,50.72
2018-09-08 13:00:56,34.403333333333336,12.11,4.465,9.795,10.964999999999998,0.0,55.87
2018-09-08 14:00:56,34.21,9.35,3.7449999999999997,19.35,24.429999999999996,0.0,49.9
2018-09-08 15:00:56,28.92,8.315,3.295,17.01,21.95,0.0,50.11
2018-09-08 16:00:56,24.0,6.324999999999999,2.72,17.825,21.61,0.0,51.66
2018-09-08 17:00:56,21.56,4.435,3.125,15.57,17.76,0.0,53.18
2018-09-08 18:00:56,28.183333333333334,5.185,3.885,20.235,24.12,0.0,46.78
2018-09-08 19:00:56,36.55,11.195,3.09,20.365,24.3,0.0,46.53
2018-09-08 20:00:56,24.33,12.985,2.69,30.524999999999995,39.57,0.0,37.89
2018-09-08 21:00:56,26.513333333333332,9.395,2.515,41.835,62.335,0.0,27.81
2018-09-08 22:00:56,27.53333333333333,8.485,2.335,42.115,50.56,0.0,32.42
2018-09-08 23:00:56,52.85666666666666,21.095,2.595,44.965,55.27,0.0,28.74
2018-09-09 00:00:56,55.19,16.03,2.705,38.41,45.16,0.0,33.14
2018-09-09 01:00:56,47.266666666666666,10.19,4.01,52.895,59.465,0.0,32.96
2018-09-09 02:00:56,48.769999999999996,13.574999999999998,8.9,49.56,55.245000000000005,0.0,33.32
2018-09-09 03:00:56,57.35333333333333,19.18,9.635,33.46,36.435,0.0,34.91
2018-09-09 04:00:56,45.13666666666667,23.875,12.159999999999998,34.68,36.72,0.0,25.06
2018-09-09 05:00:56,44.57333333333334,19.43,15.235,30.680000000000003,32.22,0.0,19.57
2018-09-09 06:00:56,54.28,25.05,20.985000000000003,37.305,40.675000000000004,0.0,17.56
2018-09-09 07:00:56,54.76,18.885,21.220000000000002,34.485,36.98,0.0,17.01
2018-09-09 08:00:56,64.99666666666667,20.235,39.105,48.23,60.615,0.0,13.4
2018-09-09 09:00:56,72.75333333333333,39.21,47.895,46.155,52.475,0.0,26.82
2018-09-09 10:00:56,82.04333333333334,32.195,22.615,29.554999999999996,32.955,0.0,37.44
2018-09-09 11:00:56,63.11666666666667,26.735,10.63,17.965,20.224999999999998,0.0,45.58
2018-09-09 12:00:56,45.58,18.61,7.010000000000001,16.905,19.49,0.0,52.85
2018-09-09 13:00:56,35.776666666666664,10.83,5.675,22.99,27.185000000000002,0.0,50.53
2018-09-09 14:00:56,23.673333333333332,7.81,4.71,23.655,29.130000000000006,0.0,50.74
2018-09-09 15:00:56,23.036666666666665,4.46,5.045000000000001,21.135,26.23,0.0,55.55
2018-09-09 16:00:56,16.116666666666667,4.475,4.725,23.84,31.935,0.0,47.69
2018-09-09 17:00:56,16.596666666666668,3.7449999999999997,3.595,28.61,36.385,0.0,47.83
2018-09-09 18:00:56,26.46,9.84,3.725,34.07,43.025000000000006,0.0,44.97
2018-09-09 19:00:56,25.21333333333333,7.739999999999999,3.9599999999999995,27.445000000000004,32.645,0.0,45.59
2018-09-09 20:00:56,53.29333333333333,19.24,4.165,22.385,26.314999999999998,0.0,45.29
2018-09-09 21:00:56,60.583333333333336,19.724999999999998,3.815,17.21,20.32,0.0,48.3
2018-09-09 22:00:56,55.99333333333333,10.475,3.8499999999999996,17.26,20.915000000000003,0.0,43.42
2018-09-09 23:00:56,42.80666666666667,10.355,3.89,15.090000000000002,18.52,0.0,44.69
2018-09-10 00:00:56,36.8,15.740000000000002,2.9800000000000004,12.36,15.21,0.0,45.53
2018-09-10 01:00:56,28.133333333333333,12.535000000000002,2.845,15.745,19.525000000000002,0.0,40.2
2018-09-10 02:00:56,23.673333333333332,11.76,2.72,9.674999999999999,10.74,0.0,41.63
2018-09-10 03:00:56,25.22,7.105,2.9599999999999995,11.915,13.885,0.0,41.76
2018-09-10 04:00:56,39.230000000000004,10.049999999999999,5.295,21.985,22.86,0.0,43.13
2018-09-10 05:00:56,34.25666666666667,9.354999999999999,6.635000000000001,19.315,20.7,0.0,42.22
2018-09-10 06:00:56,32.78333333333333,16.25,7.77,34.58,36.27,0.0,24.84
2018-09-10 07:00:56,49.513333333333335,24.570000000000004,11.269999999999998,52.145,58.905,0.0,13.51
2018-09-10 08:00:56,61.14666666666667,27.36,10.205,58.945,84.595,0.0,8.03
2018-09-10 09:00:56,86.55666666666667,34.675,16.044999999999998,70.66,103.54,0.0,9.25
2018-09-10 10:00:56,83.57,32.74,9.459999999999999,31.564999999999998,37.335,0.0,32.23
2018-09-10 11:00:56,65.39666666666668,28.424999999999997,7.145,26.669999999999998,30.290000000000003,0.0,38.81
2018-09-10 12:00:56,49.92666666666667,15.689999999999998,8.015,35.945,45.775000000000006,0.0,38.62
2018-09-10 13:00:56,37.406666666666666,8.865,7.609999999999999,29.915000000000003,34.49,0.0,47.72
2018-09-10 14:00:56,34.81,5.13,6.525000000000001,21.570000000000004,25.584999999999997,0.0,49.67
2018-09-10 15:00:56,33.806666666666665,4.08,4.5249999999999995,23.395,28.58,0.0,47.03
2018-09-10 16:00:56,33.15333333333333,6.175000000000001,3.6750000000000003,32.52,40.88,0.0,42.89
2018-09-10 17:00:56,27.293333333333333,3.91,3.5849999999999995,28.265,34.155,0.0,42.8
2018-09-10 18:00:56,29.813333333333333,6.614999999999999,3.3699999999999997,39.605,49.76500000000001,0.0,39.32
2018-09-10 19:00:56,31.506666666666668,14.910000000000002,2.9949999999999997,31.149999999999995,36.910000000000004,0.0,38.44
2018-09-10 20:00:56,40.78666666666667,13.229999999999999,3.0,42.51,49.76500000000001,0.0,36.27
2018-09-10 21:00:56,34.653333333333336,8.92,3.0,25.38,30.959999999999997,0.0,39.86
2018-09-10 22:00:56,38.586666666666666,8.92,2.7099999999999995,33.02,38.355,0.0,27.52
2018-09-10 23:00:56,41.66,11.615,3.0,24.054999999999996,27.655,0.0,35.04
2018-09-11 00:00:56,25.71,9.56,2.76,40.055,48.07,0.0,24.96
2018-09-11 01:00:56,21.11,7.074999999999999,2.635,36.275,38.355,0.0,24.68
2018-09-11 02:00:56,27.47,15.14,2.405,27.895,31.575,0.0,33.14
2018-09-11 03:00:56,16.436666666666667,11.865,2.7449999999999997,12.225,12.97,0.0,41.67
2018-09-11 04:00:56,11.243333333333334,2.8800000000000003,2.615,20.215,23.334999999999997,0.0,32.91
2018-09-11 05:00:56,13.063333333333333,5.835,2.215,17.88,19.03,0.0,33.06
2018-09-11 06:00:56,13.223333333333333,3.85,2.23,31.33,32.54,0.0,20.86
2018-09-11 07:00:56,31.10333333333333,8.495,2.1,29.035,30.400000000000002,0.0,23.09
2018-09-11 08:00:56,37.370000000000005,12.87,2.42,47.754999999999995,68.0,0.0,15.94
2018-09-11 09:00:56,67.66,22.045,1.9800000000000002,53.14000000000001,71.665,0.0,13.54
2018-09-11 10:00:56,0.0,22.580000000000002,3.1899999999999995,58.95000000000001,79.55499999999999,0.0,12.69
2018-09-11 11:00:56,0.0,34.23,20.495,51.775,65.105,0.0,25.42
2018-09-11 12:00:56,64.44666666666666,24.695000000000004,18.55,44.76,54.305,0.0,31.86
2018-09-11 13:00:56,54.38666666666667,16.705000000000002,8.895,30.040000000000003,36.09,0.0,43.29
2018-09-11 14:00:56,36.376666666666665,9.36,5.21,32.485,39.77,0.0,42.07
2018-09-11 15:00:56,29.273333333333333,5.580000000000001,4.465,23.194999999999997,26.944999999999997,0.0,45.06
2018-09-11 16:00:56,22.813333333333333,6.335000000000001,4.0,24.820000000000004,28.62,0.0,49.99
2018-09-11 17:00:56,21.826666666666668,4.135,5.17,29.225000000000005,33.375,0.0,49.6
2018-09-11 18:00:56,23.206666666666667,3.1749999999999994,4.81,31.62,38.43,0.0,45.53
2018-09-11 19:00:56,22.396666666666665,2.16,4.085,49.945,60.78,0.0,35.64
2018-09-11 20:00:56,20.593333333333334,7.87,3.2449999999999997,60.47,74.595,0.0,27.28
2018-09-11 21:00:56,27.85666666666667,8.785,2.555,34.255,44.845,0.0,32.07
2018-09-11 22:00:56,27.89666666666667,14.229999999999999,2.56,24.405,29.349999999999998,0.0,37.9
2018-09-11 23:00:56,21.863333333333333,11.35,2.4450000000000003,28.715,33.074999999999996,0.0,36.9
2018-09-12 00:00:56,22.85333333333333,10.865,2.795,44.315,50.9,0.0,28.15
2018-09-12 01:00:56,29.75333333333333,12.589999999999998,3.1950000000000003,54.94,64.285,0.0,21.8
2018-09-12 02:00:56,36.22,15.979999999999999,3.4299999999999997,47.794999999999995,51.105,0.0,6.89
2018-09-12 03:00:56,54.36,22.675,3.3349999999999995,40.035000000000004,47.81999999999999,0.0,6.92
2018-09-12 04:00:56,77.34333333333333,27.115,2.965,41.135,44.705000000000005,0.0,9.81
2018-09-12 05:00:56,61.026666666666664,20.285,2.595,43.155,48.54,0.0,17.03
2018-09-12 06:00:56,63.653333333333336,27.52,2.76,41.965,47.245000000000005,0.0,6.55
2018-09-12 07:00:56,62.016666666666666,28.810000000000002,2.76,47.52,59.53,0.0,5.65
2018-09-12 08:00:56,87.94333333333333,36.705000000000005,3.17,56.76500000000001,102.69,0.0,3.54
2018-09-12 09:00:56,98.33666666666667,45.73,13.950000000000001,70.725,113.935,0.0,7.05
2018-09-12 10:00:56,79.42,42.580000000000005,16.245,47.080000000000005,60.135,0.0,21.65
2018-09-12 11:00:56,70.38333333333333,26.735,10.479999999999999,37.835,53.35,0.0,27.8
2018-09-12 12:00:56,40.49666666666667,21.395,5.414999999999999,25.74,34.74,0.0,36.94
2018-09-12 13:00:56,28.073333333333334,17.92,1.32,29.66,38.62,0.0,40.05
2018-09-12 14:00:56,17.27,9.675,3.14,27.0,35.975,0.0,43.21
2018-09-12 15:00:56,15.973333333333333,5.455000000000001,2.865,32.665,40.9,0.0,42.5
2018-09-12 16:00:56,18.69,3.0749999999999997,2.315,23.900000000000002,29.0,0.0,48.6
2018-09-12 17:00:56,17.543333333333333,1.75,2.21,22.355,26.950000000000003,0.0,48.48
2018-09-12 18:00:56,26.46333333333333,1.5199999999999998,1.8,25.98,31.735,0.0,44.81
2018-09-12 19:00:56,31.563333333333333,4.5600000000000005,1.7599999999999998,29.100000000000005,35.715,0.0,44.51
2018-09-12 20:00:56,35.57,7.8,1.865,24.415000000000003,30.205,0.0,46.26
2018-09-12 21:00:56,37.31333333333333,5.035,1.915,17.305,20.98,0.0,47.73
2018-09-12 22:00:56,38.87,14.235,2.0100000000000002,12.825000000000001,15.85,0.0,49.57
2018-09-12 23:00:56,36.74333333333333,11.19,2.11,12.67,15.46,0.0,50.37
2018-09-13 00:00:56,25.55,7.025000000000001,2.545,17.86,20.81,0.0,43.44
2018-09-13 01:00:56,19.26,8.19,2.215,11.365,13.799999999999999,0.0,46.8
2018-09-13 02:00:56,13.433333333333332,4.12,2.305,8.35,10.520000000000001,0.0,48.44
2018-09-13 03:00:56,14.68,6.044999999999999,2.3699999999999997,6.245,7.46,0.0,47.07
2018-09-13 04:00:56,17.726666666666667,7.265000000000001,2.225,3.9800000000000004,4.37,0.0,46.84
2018-09-13 05:00:56,20.586666666666666,4.52,2.8600000000000008,18.82,19.84,0.0,42.02
2018-09-13 06:00:56,23.063333333333333,6.830000000000001,3.26,17.310000000000002,18.055,0.0,43.09
2018-09-13 07:00:56,30.580000000000002,15.93,4.17,27.37,30.790000000000003,0.0,40.61
2018-09-13 08:00:56,41.07,22.22,4.05,32.295,39.99,0.0,38.2
2018-09-13 09:00:56,26.276666666666667,14.755,4.755,27.555000000000003,35.49,0.0,38.4
2018-09-13 10:00:56,22.39666666666667,9.225,4.67,17.36,21.64,0.0,43.42
2018-09-13 11:00:56,21.55,1.845,4.035,21.12,27.505,0.0,40.47
2018-09-13 12:00:56,23.94333333333333,6.9750000000000005,2.025,20.650000000000002,25.88,0.0,42.11
2018-09-13 13:00:56,22.616666666666667,7.195,3.9600000000000004,15.135,19.72,0.0,46.7
2018-09-13 14:00:56,19.373333333333335,5.41,3.84,25.98,32.56,0.0,46.7
2018-09-13 15:00:56,21.773333333333333,4.25,4.255,25.465000000000003,31.63,0.0,48.26
2018-09-13 16:00:56,32.14,3.565,3.705,24.3,29.855,0.0,48.15
2018-09-13 17:00:56,28.39333333333333,1.305,3.645,19.8,32.83,0.0,48.82
2018-09-13 18:00:56,33.843333333333334,4.15,2.015,17.055,21.035,0.0,45.12
2018-09-13 19:00:56,34.93666666666667,3.375,1.9799999999999998,18.415,23.58,0.0,40.1
2018-09-13 20:00:56,30.58,2.435,1.8500000000000003,34.075,50.19,0.0,30.46
2018-09-13 21:00:56,43.6,19.785,2.485,76.82,90.105,0.0,13.86
2018-09-13 22:00:56,65.50666666666667,35.27,2.62,31.745,38.6,0.0,24.42
2018-09-13 23:00:56,57.96666666666667,25.24,2.11,51.129999999999995,61.74,0.0,21.26
2018-09-14 00:00:56,55.57666666666667,21.985,1.91,25.679999999999996,31.69,0.0,24.74
2018-09-14 01:00:56,52.91333333333333,21.265,2.0250000000000004,24.995,28.455000000000002,0.0,31.39
2018-09-14 02:00:56,45.33,14.024999999999999,2.1750000000000003,19.115,21.349999999999998,0.0,27.52
2018-09-14 03:00:56,38.56333333333333,14.88,2.365,14.1,15.82,0.0,31.48
2018-09-14 04:00:56,36.5,12.765,2.27,18.82,19.819999999999997,0.0,29.77
2018-09-14 05:00:56,37.67666666666667,10.63,1.735,8.06,8.965,0.0,32.73
2018-09-14 06:00:56,39.38333333333333,10.425,1.655,19.465,23.070000000000004,0.0,14.5
2018-09-14 07:00:56,43.35,10.415,1.92,38.385,49.794999999999995,0.0,10.31
2018-09-14 08:00:56,56.666666666666664,14.485,1.905,44.294999999999995,65.94500000000001,0.0,11.47
2018-09-14 09:00:56,81.42999999999999,20.675,5.355,50.61000000000001,82.24000000000001,0.0,9.24
2018-09-14 10:00:56,94.75,23.524999999999995,8.77,11.339999999999998,14.24,0.0,0.0
2018-09-14 11:00:56,51.44,12.32,7.155,4.715,5.469999999999999,0.0,0.0
2018-09-14 12:00:56,37.23,6.234999999999999,4.175000000000001,3.045,3.4299999999999997,0.0,0.0
2018-09-14 13:00:56,30.13,5.984999999999999,3.34,10.25,12.285000000000002,0.0,51.3
2018-09-14 14:00:56,26.406666666666666,7.949999999999999,3.6199999999999997,6.864999999999999,8.040000000000001,0.0,0.0
2018-09-14 15:00:56,30.98,6.57,3.0849999999999995,8.825,10.145,0.0,60.27
2018-09-14 16:00:56,25.563333333333333,6.640000000000001,1.4100000000000001,14.69,16.73,0.0,58.32
2018-09-14 17:00:56,24.909999999999997,8.26,2.485,19.23,21.18,0.0,56.2
2018-09-14 18:00:56,29.78,10.005,2.555,18.84,22.38,0.0,51.83
2018-09-14 19:00:56,41.88,9.83,5.2250000000000005,19.55,22.459999999999997,0.0,48.6
2018-09-14 20:00:56,46.85666666666667,15.454999999999998,3.225,54.405,68.42,0.0,27.11
2018-09-14 21:00:56,46.36333333333334,19.19,2.46,40.16,51.949999999999996,0.0,30.76
2018-09-14 22:00:56,48.230000000000004,17.43,2.62,19.974999999999998,24.189999999999998,0.0,44.55
2018-09-14 23:00:56,40.78,15.005,2.305,30.084999999999997,34.91,0.0,36.22
2018-09-15 00:00:56,31.656666666666666,10.299999999999999,2.5250000000000004,30.715,35.7,0.0,24.57
2018-09-15 01:00:56,43.53333333333333,11.735,4.34,47.715,54.14000000000001,0.0,28.32
2018-09-15 02:00:56,52.69,13.854999999999999,4.31,23.545,25.365,0.0,23.81
2018-09-15 03:00:56,54.343333333333334,18.865,7.52,23.850000000000005,28.100000000000005,0.0,13.34
2018-09-15 04:00:56,65.62666666666667,26.304999999999996,8.63,19.41,22.929999999999996,0.0,17.09
2018-09-15 05:00:56,58.623333333333335,20.905,6.18,37.815,39.905,0.0,9.38
2018-09-15 06:00:56,63.343333333333334,22.709999999999997,4.82,42.065,48.055,0.0,5.52
2018-09-15 07:00:56,67.83333333333333,33.125,5.21,50.21,70.53,0.0,4.34
2018-09-15 08:00:56,74.43333333333334,31.975000000000005,13.229999999999999,52.080000000000005,87.91000000000001,0.0,10.59
2018-09-15 09:00:56,85.29666666666667,39.15,17.765,38.31,53.93,0.0,30.12
2018-09-15 10:00:56,76.71333333333334,35.82,9.965,11.19,12.780000000000001,0.0,47.46
2018-09-15 11:00:56,45.483333333333334,26.054999999999996,6.77,12.714999999999998,15.35,0.0,46.24
2018-09-15 12:00:56,32.056666666666665,17.19,4.83,12.340000000000002,15.11,0.0,46.43
2018-09-15 13:00:56,22.02,10.64,3.7600000000000002,11.38,13.17,0.0,50.65
2018-09-15 14:00:56,23.73,7.5,3.1650000000000005,9.035,10.205,0.0,51.94
2018-09-15 15:00:56,42.68000000000001,20.185,7.579999999999999,26.605,32.06,0.0,48.54
2018-09-15 16:00:56,60.27,31.174999999999997,4.165,19.795,24.564999999999998,0.0,45.68
2018-09-15 17:00:56,53.0,22.05,6.989999999999999,20.645,22.455000000000002,0.0,42.72
2018-09-15 18:00:56,51.79666666666666,14.125,5.455000000000001,33.135,38.735,0.0,35.26
2018-09-15 19:00:56,55.31666666666666,11.660000000000002,2.89,45.845,56.34,0.0,34.77
2018-09-15 20:00:56,50.31666666666666,13.26,6.580000000000001,56.655,71.985,0.0,23.29
2018-09-15 21:00:56,55.03,11.505,9.755,57.53,71.43,0.0,24.01
2018-09-15 22:00:56,58.99333333333333,17.1,12.575000000000001,79.575,125.92999999999999,0.0,4.43
2018-09-15 23:00:56,69.38333333333334,18.8,9.855,78.015,103.755,0.0,10.73
2018-09-16 00:00:56,67.67666666666666,20.755,8.09,66.415,82.13,0.0,13.12
2018-09-16 01:00:56,63.846666666666664,16.635,6.449999999999999,63.065000000000005,77.705,0.0,7.86
2018-09-16 02:00:56,56.35666666666666,11.564999999999998,7.18,59.395,73.62,0.0,7.23
2018-09-16 03:00:56,58.69,12.105000000000002,9.38,37.08,39.39,0.0,24.07
2018-09-16 04:00:56,65.10666666666667,21.915000000000003,7.905000000000001,17.99,19.005,0.0,20.38
2018-09-16 05:00:56,68.46,28.855,7.585,15.415,15.93,0.0,19.87
2018-09-16 06:00:56,76.15,27.83,8.37,30.224999999999998,32.964999999999996,0.0,15.55
2018-09-16 07:00:56,84.58666666666667,31.01,5.57,18.625,21.649999999999995,0.0,11.82
2018-09-16 08:00:56,88.42,39.145,27.205,42.56,60.415,0.0,10.1
2018-09-16 09:00:56,103.33666666666666,48.254999999999995,39.099999999999994,29.965000000000003,37.4,0.0,31.24
2018-09-16 10:00:56,90.64666666666666,46.199999999999996,24.945000000000004,22.74,26.635,0.0,36.91
2018-09-16 11:00:56,75.35,33.51,13.025,12.225,13.939999999999998,0.0,49.43
2018-09-16 12:00:56,49.92333333333333,22.515,7.215,8.64,10.135,0.0,54.79
2018-09-16 13:00:56,33.156666666666666,17.22,8.075,12.085,14.770000000000001,0.0,54.43
2018-09-16 14:00:56,29.076666666666668,11.344999999999999,7.614999999999999,12.14,14.03,0.0,54.77
2018-09-16 15:00:56,33.19,9.02,5.255,16.665000000000003,20.584999999999997,0.0,48.73
2018-09-16 16:00:56,31.953333333333333,7.63,3.33,13.905,16.335,0.0,48.75
2018-09-16 17:00:56,35.23,11.18,2.9150000000000005,17.715,21.345,0.0,48.2
2018-09-16 18:00:56,32.56,17.89,2.41,15.375,18.235,0.0,48.47
2018-09-16 19:00:56,36.71,9.79,3.3649999999999998,14.865,16.415000000000003,0.0,47.07
2018-09-16 20:00:56,44.61000000000001,9.685,2.58,25.14,29.42,0.0,39.2
2018-09-16 21:00:56,42.35666666666667,16.985,3.155,31.745,36.84,0.0,37.76
2018-09-16 22:00:56,42.14666666666667,15.850000000000001,3.5,20.105,23.39,0.0,41.69
2018-09-16 23:00:56,38.39,10.5,3.33,15.655,20.38,0.0,35.11
2018-09-17 00:00:56,35.74,7.080000000000001,3.28,29.165000000000003,41.24,0.0,22.53
2018-09-17 01:00:56,36.54333333333334,6.785,3.3900000000000006,10.56,14.354999999999999,0.0,39.41
2018-09-17 02:00:56,38.74,8.81,4.025,13.745,15.464999999999998,0.0,30.57
2018-09-17 03:00:56,48.54666666666667,11.835,6.305,15.28,16.27,0.0,22.75
2018-09-17 04:00:56,63.48666666666667,19.655,4.83,16.355,16.755,0.0,19.49
2018-09-17 05:00:56,62.39666666666667,28.28,4.695,15.625,16.515,0.0,15.35
2018-09-17 06:00:56,57.19333333333333,31.62,5.07,14.39,16.66,0.0,19.16
2018-09-17 07:00:56,64.01,25.209999999999997,8.7,20.4,31.649999999999995,0.0,10.75
2018-09-17 08:00:56,88.99333333333334,33.04,35.175000000000004,42.475,56.080000000000005,0.0,15.64
2018-09-17 09:00:56,104.46,46.16,50.21000000000001,48.535,65.13499999999999,0.0,19.77
2018-09-17 10:00:56,93.84666666666668,42.065,17.92,20.355,25.47,0.0,34.86
2018-09-17 11:00:56,71.39666666666666,23.47,9.5,16.51,19.91,0.0,40.23
2018-09-17 12:00:56,47.72666666666667,16.939999999999998,5.815,21.76,27.855,0.0,39.52
2018-09-17 13:00:56,41.53333333333333,16.14,4.185,5.605,6.114999999999999,0.0,32.41
2018-09-17 14:00:56,40.84666666666667,11.405000000000001,3.23,25.49,35.93,0.0,36.32
2018-09-17 15:00:56,35.23,9.045,3.035,21.045,28.040000000000003,0.0,39.62
2018-09-17 16:00:56,31.403333333333336,8.545,2.5500000000000003,14.69,18.58,0.0,42.99
2018-09-17 17:00:56,37.43333333333333,9.495,3.2099999999999995,18.515,23.64,0.0,41.81
2018-09-17 18:00:56,50.16,9.32,3.315,24.17,30.845,0.0,35.11
2018-09-17 19:00:56,48.446666666666665,12.270000000000001,3.53,25.02,33.67,0.0,30.62
2018-09-17 20:00:56,46.053333333333335,9.85,3.5400000000000005,26.669999999999998,38.15,0.0,30.29
2018-09-17 21:00:56,45.86333333333333,9.805,3.0749999999999997,20.34,28.63,0.0,32.99
2018-09-17 22:00:56,41.91,13.525,2.7550000000000003,8.785,12.520000000000001,0.0,37.79
2018-09-17 23:00:56,33.86,12.969999999999999,2.64,9.555,12.410000000000002,0.0,37.15
2018-09-18 00:00:56,30.07333333333333,10.63,2.635,8.255,11.0,0.0,36.6
2018-09-18 01:00:56,25.563333333333333,7.580000000000001,3.0050000000000003,24.98,28.75,0.0,33.73
2018-09-18 02:00:56,31.03333333333333,10.86,5.015,20.265,22.820000000000004,0.0,34.5
2018-09-18 03:00:56,35.733333333333334,12.79,4.435,1.8099999999999998,2.57,0.0,41.43
2018-09-18 04:00:56,27.613333333333333,8.965,4.1499999999999995,0.835,1.275,0.0,45.61
2018-09-18 05:00:56,18.243333333333332,6.905000000000001,3.1650000000000005,0.945,1.31,0.0,45.6
2018-09-18 06:00:56,15.256666666666666,6.015000000000001,2.86,1.5650000000000002,2.455,0.0,44.07
2018-09-18 07:00:56,17.23,5.974999999999999,2.865,4.03,5.765,0.0,42.25
2018-09-18 08:00:56,15.350000000000001,5.15,2.4499999999999997,19.635,25.42,0.0,35.37
2018-09-18 09:00:56,21.22,5.625,2.6750000000000003,22.895,30.14,0.0,33.33
2018-09-18 10:00:56,25.843333333333334,9.235,2.335,17.71,24.03,0.0,34.66
2018-09-18 11:00:56,24.759999999999998,7.925,2.4450000000000003,16.77,22.495,0.0,35.46
2018-09-18 12:00:56,22.666666666666668,6.265000000000001,2.34,16.605,22.47,0.0,37.28
2018-09-18 13:00:56,25.223333333333333,8.655000000000001,1.19,13.415,18.084999999999997,0.0,40.59
2018-09-18 14:00:56,35.406666666666666,10.095,1.9649999999999999,11.699999999999998,16.085,0.0,41.39
2018-09-18 15:00:56,39.49,9.02,2.085,10.59,14.505,0.0,40.37
2018-09-18 16:00:56,28.39666666666667,6.985,1.945,14.659999999999998,20.5,0.0,39.4
2018-09-18 17:00:56,24.71333333333333,5.1000000000000005,2.01,16.055,22.515,0.0,39.61
2018-09-18 18:00:56,30.89,5.495,1.845,19.535,25.245,0.0,36.66
2018-09-18 19:00:56,33.4,7.3999999999999995,1.745,22.0,27.935000000000002,0.0,35.36
2018-09-18 20:00:56,33.48,4.489999999999999,1.49,23.14,30.445000000000004,0.0,32.47
2018-09-18 21:00:56,32.17,4.005,1.78,20.17,27.705,0.0,31.38
2018-09-18 22:00:56,30.013333333333332,4.995,1.37,12.155000000000001,16.15,0.0,35.87
2018-09-18 23:00:56,28.35333333333333,5.824999999999999,2.025,11.049999999999999,13.910000000000002,0.0,37.12
2018-09-19 00:00:56,24.31,5.03,1.9800000000000002,7.645,9.58,0.0,40.82
2018-09-19 01:00:56,16.9,4.085,1.93,4.645,6.52,0.0,41.77
2018-09-19 02:00:56,12.036666666666667,4.4,1.885,2.495,3.1650000000000005,0.0,43.83
2018-09-19 03:00:56,10.486666666666666,4.015000000000001,4.625,1.535,1.83,0.0,44.89
2018-09-19 04:00:56,18.68,7.945,7.675000000000001,1.595,2.135,0.0,43.47
2018-09-19 05:00:56,28.386666666666667,9.875,4.489999999999999,16.035,17.150000000000002,0.0,40.53
2018-09-19 06:00:56,30.06,16.5,5.155,29.290000000000003,30.879999999999995,0.0,22.59
2018-09-19 07:00:56,46.56999999999999,18.41,9.49,42.080000000000005,52.044999999999995,0.0,11.03
2018-09-19 08:00:56,73.47333333333333,16.475,31.075000000000003,57.59,101.645,0.0,7.05
2018-09-19 09:00:56,87.84,17.51,27.790000000000003,47.870000000000005,76.445,0.0,26.51
2018-09-19 10:00:56,67.95333333333333,15.549999999999999,4.81,13.485,18.105,0.0,44.51
2018-09-19 11:00:56,38.85,9.035,3.205,13.86,18.775000000000002,0.0,45.11
2018-09-19 12:00:56,33.68666666666667,7.07,2.625,16.045,21.955,0.0,43.54
2018-09-19 13:00:56,35.32666666666667,5.12,2.77,18.535,25.834999999999997,0.0,44.82
2018-09-19 14:00:56,37.43333333333334,3.0150000000000006,1.86,19.17,25.215000000000003,0.0,46.38
2018-09-19 15:00:56,34.28333333333333,2.35,1.83,13.58,16.91,0.0,53.78
2018-09-19 16:00:56,25.553333333333335,1.7250000000000003,1.7999999999999998,17.41,22.179999999999996,0.0,49.76
2018-09-19 17:00:56,28.69,1.005,1.76,16.415,20.69,0.0,48.9
2018-09-19 18:00:56,36.57,0.8249999999999998,2.1,19.995,24.855,0.0,43.78
2018-09-19 19:00:56,38.803333333333335,1.265,2.25,23.155,28.439999999999998,0.0,38.64
2018-09-19 20:00:56,49.093333333333334,2.795,2.7750000000000004,29.649999999999995,36.65,0.0,32.15
2018-09-19 21:00:56,44.61666666666667,7.505,3.125,22.425,27.745,0.0,34.59
2018-09-19 22:00:56,40.10333333333333,10.095,3.045,8.58,11.37,0.0,40.27
2018-09-19 23:00:56,36.096666666666664,7.355,2.1999999999999997,13.334999999999999,16.455,0.0,40.44
2018-09-20 00:00:56,30.116666666666664,6.305,1.555,11.69,14.255,0.0,39.11
2018-09-20 01:00:56,29.02333333333333,5.245,0.49499999999999994,4.555,6.12,0.0,43.89
2018-09-20 02:00:56,26.03,4.065,0.655,3.025,4.115,0.0,44.08
2018-09-20 03:00:56,20.833333333333332,4.135,0.555,2.83,3.6650000000000005,0.0,42.55
2018-09-20 04:00:56,28.159999999999997,6.675,0.555,12.065,12.895000000000001,0.0,40.86
2018-09-20 05:00:56,32.26333333333333,10.48,0.535,3.6650000000000005,4.54,0.0,40.68
2018-09-20 06:00:56,38.163333333333334,14.545000000000002,0.6999999999999998,3.43,4.175,0.0,43.18
2018-09-20 07:00:56,44.83666666666667,13.604999999999999,0.57,28.08,36.46,0.0,31.08
2018-09-20 08:00:56,53.92333333333334,15.770000000000001,1.36,51.595,82.865,0.0,9.16
2018-09-20 09:00:56,68.51,23.545,2.015,53.16,82.36500000000001,0.0,24.38
2018-09-20 10:00:56,87.94,25.99,1.93,21.935000000000002,29.385,0.0,41.11
2018-09-20 11:00:56,53.379999999999995,20.095,0.985,3.6799999999999997,4.315,0.0,0.0
2018-09-20 12:00:56,40.096666666666664,11.685,3.095,13.86,19.765,0.0,36.97
2018-09-20 13:00:56,33.81,5.73,2.705,20.575,29.485000000000003,0.0,35.98
2018-09-20 14:00:56,30.756666666666668,8.530000000000001,2.6149999999999998,12.63,16.99,0.0,42.98
2018-09-20 15:00:56,36.63,7.8999999999999995,2.705,17.155,23.5,0.0,40.89
2018-09-20 16:00:56,26.576666666666668,6.215,2.6649999999999996,16.22,21.72,0.0,40.55
2018-09-20 17:00:56,30.96666666666667,1.79,2.715,20.465,27.004999999999995,0.0,39.16
2018-09-20 18:00:56,41.9,1.505,2.84,27.11,37.325,0.0,35.01
2018-09-20 19:00:56,46.33,2.53,3.2550000000000003,29.62,39.44,0.0,32.57
2018-09-20 20:00:56,53.10333333333333,5.32,3.19,25.939999999999998,33.985,0.0,32.82
2018-09-20 21:00:56,32.196666666666665,11.204999999999998,3.4749999999999996,19.39,24.665000000000003,0.0,36.65
2018-09-20 22:00:56,30.966666666666665,15.079999999999998,3.205,16.26,19.68,0.0,36.22
2018-09-20 23:00:56,40.07666666666667,14.93,2.8900000000000006,10.505,13.574999999999998,0.0,39.01
2018-09-21 00:00:56,30.243333333333336,11.715000000000002,2.9749999999999996,9.5,12.335,0.0,41.2
2018-09-21 01:00:56,26.003333333333334,8.94,3.235,7.125,9.38,0.0,41.66
2018-09-21 02:00:56,29.683333333333334,10.03,4.35,14.82,15.89,0.0,42.71
2018-09-21 03:00:56,33.75333333333334,14.784999999999998,6.565,27.7,30.504999999999995,0.0,26.13
2018-09-21 04:00:56,40.38666666666666,21.62,6.16,30.2,31.909999999999997,0.0,20.7
2018-09-21 05:00:56,45.77333333333333,20.515,8.145,34.98500000000001,36.5,0.0,13.41
2018-09-21 06:00:56,52.36,26.78,7.609999999999999,31.564999999999998,39.830000000000005,0.0,8.1
2018-09-21 07:00:56,72.33666666666667,32.115,10.445,34.145,45.165,0.0,4.17
2018-09-21 08:00:56,86.19333333333333,41.42,20.865,41.23,61.46,0.0,6.44
2018-09-21 09:00:56,100.63,39.445,26.765,48.84,69.31,0.0,7.38
2018-09-21 10:00:56,104.67333333333333,37.325,27.27,49.345,67.95,0.0,7.3
2018-09-21 11:00:56,121.63666666666666,33.705,29.715,54.14000000000001,77.75,0.0,13.79
2018-09-21 12:00:56,134.27,34.71,17.799999999999997,25.650000000000002,34.74,0.0,33.16
2018-09-21 13:00:56,74.36333333333333,23.255,6.81,19.459999999999997,27.935,0.0,34.18
2018-09-21 14:00:56,49.16,13.17,7.345,15.42,20.39,0.0,42.57
2018-09-21 15:00:56,42.846666666666664,8.815,8.995000000000001,17.145,21.265,0.0,45.83
2018-09-21 16:00:56,38.85666666666666,5.635000000000001,6.635000000000001,19.005,24.925,0.0,43.54
2018-09-21 17:00:56,39.06333333333333,3.9949999999999997,5.925,20.98,25.105,0.0,44.45
2018-09-21 18:00:56,46.266666666666666,2.66,4.765,40.25,54.275000000000006,0.0,25.14
2018-09-21 19:00:56,42.986666666666665,2.67,3.8900000000000006,45.165,58.88999999999999,0.0,26.94
2018-09-21 20:00:56,47.97333333333333,4.94,4.324999999999999,27.67,33.535,0.0,33.22
2018-09-21 21:00:56,52.98333333333333,14.935,4.6049999999999995,25.92,31.95,0.0,29.59
2018-09-21 22:00:56,48.620000000000005,13.47,4.515,19.755,24.054999999999996,0.0,36.77
2018-09-21 23:00:56,39.336666666666666,15.955,4.905,26.05,34.449999999999996,0.0,30.07
2018-09-22 00:00:56,31.94333333333333,12.995,5.125,22.76,25.995,0.0,33.09
2018-09-22 01:00:56,32.17666666666667,9.87,5.43,32.254999999999995,36.055,0.0,25.87
2018-09-22 02:00:56,34.61666666666667,14.214999999999998,7.06,37.125,42.32,0.0,12.01
2018-09-22 03:00:56,56.73,20.57,13.71,46.62,60.66,0.0,5.0
2018-09-22 04:00:56,83.55,32.76,11.44,37.67,45.225,0.0,5.91
2018-09-22 05:00:56,99.57,34.32,14.785000000000002,34.14,39.75,0.0,3.72
2018-09-22 06:00:56,109.61,41.455000000000005,10.725,38.925000000000004,53.580000000000005,0.0,2.65
2018-09-22 07:00:56,122.28999999999999,52.23,6.605,33.15,54.73,0.0,2.56
2018-09-22 08:00:56,108.07333333333334,50.375,16.035,35.685,63.51,0.0,5.21
2018-09-22 09:00:56,114.82666666666667,46.44,58.73500000000001,40.345,61.145,0.0,10.75
2018-09-22 10:00:56,104.99666666666667,36.6,34.195,43.04,61.275,0.0,14.68
2018-09-22 11:00:56,98.19333333333333,32.29,20.94,26.560000000000002,32.02,0.0,33.67
2018-09-22 12:00:56,67.38333333333334,28.175,10.57,17.18,21.400000000000002,0.0,41.82
2018-09-22 13:00:56,47.343333333333334,18.905,7.565,17.285,22.715000000000003,0.0,42.58
2018-09-22 14:00:56,38.3,10.38,11.025,21.755000000000006,27.98,0.0,42.31
2018-09-22 15:00:56,36.29666666666667,6.655,10.895000000000001,16.73,20.735,0.0,44.6
2018-09-22 16:00:56,33.25666666666667,3.9949999999999997,8.07,20.195,26.11,0.0,40.04
2018-09-22 17:00:56,30.28,4.08,4.39,16.18,18.705,0.0,47.26
2018-09-22 18:00:56,34.53,2.9800000000000004,5.33,27.175,34.745000000000005,0.0,39.06
2018-09-22 19:00:56,29.903333333333336,6.8500000000000005,7.495,47.370000000000005,57.905,0.0,28.75
2018-09-22 20:00:56,58.17666666666667,11.37,5.425,45.19,55.785,0.0,29.89
2018-09-22 21:00:56,117.28333333333333,16.435,6.29,27.865,34.38,0.0,32.06
2018-09-22 22:00:56,81.53333333333333,17.509999999999998,5.71,22.635,27.060000000000002,0.0,35.77
2018-09-22 23:00:56,59.03,17.75,5.614999999999999,34.175,43.095,0.0,28.86
2018-09-23 00:00:56,55.67666666666667,18.235,5.54,49.79,61.435,0.0,15.97
2018-09-23 01:00:56,58.35666666666666,23.650000000000002,7.02,51.445,73.555,0.0,4.42
2018-09-23 02:00:56,73.46666666666667,22.825,6.835000000000001,42.08,50.72,0.0,8.71
2018-09-23 03:00:56,76.48,26.595,8.8,40.645,49.81,0.0,3.53
2018-09-23 04:00:56,77.20666666666666,34.550000000000004,7.895,37.89,43.830000000000005,0.0,4.65
2018-09-23 05:00:56,89.09333333333333,29.935000000000002,7.715,32.055,40.265,0.0,4.35
2018-09-23 06:00:56,97.48,38.36,8.215,34.895,42.294999999999995,0.0,4.97
2018-09-23 07:00:56,99.61,51.34,5.615000000000001,31.615,43.54,0.0,4.37
2018-09-23 08:00:56,114.16666666666667,52.96,14.240000000000002,36.12,52.855,0.0,5.3
2018-09-23 09:00:56,123.88666666666666,55.56,48.724999999999994,35.449999999999996,46.550000000000004,0.0,14.9
2018-09-23 10:00:56,112.49666666666667,50.615,26.495000000000005,25.115,30.01,0.0,28.84
2018-09-23 11:00:56,82.69,37.13999999999999,12.049999999999999,13.745,16.314999999999998,0.0,40.31
2018-09-23 12:00:56,50.593333333333334,25.584999999999997,7.07,11.265,13.020000000000001,0.0,46.68
2018-09-23 13:00:56,31.926666666666666,14.82,5.45,14.125,16.905,0.0,49.48
2018-09-23 14:00:56,26.983333333333334,10.13,6.864999999999999,15.199999999999998,18.415,0.0,54.94
2018-09-23 15:00:56,31.13,6.815,7.164999999999999,16.89,20.72,0.0,55.39
2018-09-23 16:00:56,32.086666666666666,4.41,4.775,22.36,30.8,0.0,44.09
2018-09-23 17:00:56,21.506666666666668,3.095,3.08,23.084999999999997,29.52,0.0,43.02
2018-09-23 18:00:56,22.143333333333334,5.495,3.5,36.300000000000004,48.36000000000001,0.0,36.8
2018-09-23 19:00:56,36.29666666666667,9.855,4.289999999999999,32.825,40.13,0.0,43.13
2018-09-23 20:00:56,60.99666666666667,10.424999999999999,3.9250000000000003,28.08,31.810000000000002,0.0,47.47
2018-09-23 21:00:56,67.15333333333334,18.97,4.43,27.505,30.55,0.0,48.61
2018-09-23 22:00:56,63.330000000000005,15.865,10.835,54.919999999999995,63.935,0.0,23.92
2018-09-23 23:00:56,58.74,21.315,24.03,76.14999999999999,95.45,0.0,9.0
2018-09-24 00:00:56,75.80333333333334,25.925,34.76,69.19,96.91000000000001,0.0,3.46
2018-09-24 01:00:56,84.07666666666667,23.295,39.865,57.025,74.825,0.0,7.39
2018-09-24 02:00:56,96.49333333333334,24.295,54.315,51.865,62.45000000000001,0.0,4.88
2018-09-24 03:00:56,107.78333333333335,42.32,58.35,52.685,59.044999999999995,0.0,8.66
2018-09-24 04:00:56,112.63666666666666,50.355,50.615,37.005,38.385,0.0,12.11
2018-09-24 05:00:56,110.48,42.965,29.959999999999997,36.27,43.400000000000006,0.0,7.72
2018-09-24 06:00:56,101.32666666666667,45.449999999999996,47.754999999999995,39.56,42.975,0.0,7.1
2018-09-24 07:00:56,98.58333333333333,50.300000000000004,38.885,46.495000000000005,73.11,0.0,4.57
2018-09-24 08:00:56,103.98333333333332,54.98499999999999,26.24,53.155,96.565,0.0,3.35
2018-09-24 09:00:56,120.11333333333333,54.76,50.455000000000005,63.46,112.59499999999998,0.0,3.53
2018-09-24 10:00:56,155.52666666666667,58.77,29.14,57.335,74.685,0.0,17.35
2018-09-24 11:00:56,130.28333333333333,46.73,31.75,43.550000000000004,49.98499999999999,0.0,36.5
2018-09-24 12:00:56,102.61,35.669999999999995,18.835,36.485,41.73,0.0,45.06
2018-09-24 13:00:56,87.93666666666667,22.545,8.195,17.259999999999998,20.3,0.0,49.89
2018-09-24 14:00:56,63.00666666666666,14.81,5.390000000000001,14.520000000000001,18.535,0.0,51.66
2018-09-24 15:00:56,56.026666666666664,9.295,8.48,12.37,14.590000000000002,0.0,56.04
2018-09-24 16:00:56,34.72666666666667,8.950000000000001,7.505,17.57,20.57,0.0,51.81
2018-09-24 17:00:56,45.14666666666667,8.68,8.115,23.36,26.63,0.0,46.95
2018-09-24 18:00:56,57.18333333333334,11.61,10.020000000000001,39.37,50.135,0.0,38.11
2018-09-24 19:00:56,67.41,8.365,13.685000000000002,74.33,179.44999999999996,0.0,4.08
2018-09-24 20:00:56,115.58666666666666,15.22,10.19,119.265,213.42999999999998,0.0,3.55
2018-09-24 21:00:56,153.22666666666666,26.125,21.595,102.53500000000001,215.92999999999998,0.0,3.57
2018-09-24 22:00:56,160.93,28.205,54.375,91.765,208.955,0.0,3.44
2018-09-24 23:00:56,164.2,34.035,44.550000000000004,88.3,154.175,0.0,3.28
2018-09-25 00:00:56,147.29999999999998,37.31,27.515,85.61500000000001,225.23000000000002,0.0,2.99
2018-09-25 01:00:56,142.67,30.985,33.07,75.695,153.64999999999998,0.0,2.53
2018-09-25 02:00:56,135.82666666666665,32.975,20.55,70.655,123.08,0.0,2.28
2018-09-25 03:00:56,113.88666666666666,35.585,24.070000000000004,67.39,108.84499999999998,0.0,2.57
2018-09-25 04:00:56,105.53333333333333,32.61,29.459999999999997,57.449999999999996,79.405,0.0,4.24
2018-09-25 05:00:56,86.44333333333333,26.64,22.38,52.074999999999996,84.75,0.0,2.32
2018-09-25 06:00:56,88.49666666666667,25.444999999999997,31.325,51.89000000000001,69.42,0.0,3.79
2018-09-25 07:00:56,51.04,31.314999999999998,33.835,50.365,78.78,0.0,6.86
2018-09-25 08:00:56,49.46000000000001,34.949999999999996,30.840000000000003,65.755,151.8,0.0,2.96
2018-09-25 09:00:56,83.79,45.5,24.540000000000003,80.695,153.495,0.0,4.6
2018-09-25 10:00:56,97.00666666666666,45.245000000000005,34.055,54.01500000000001,76.3,0.0,15.44
2018-09-25 11:00:56,178.12,36.39,17.38,27.194999999999997,31.115,0.0,43.81
2018-09-25 12:00:56,102.37333333333333,23.37,15.29,32.17,37.35,0.0,48.82
2018-09-25 13:00:56,85.68666666666667,17.93,10.21,28.715,34.870000000000005,0.0,44.3
2018-09-25 14:00:56,78.51333333333334,14.024999999999999,7.844999999999999,28.709999999999997,36.44,0.0,47.52
2018-09-25 15:00:56,84.09666666666666,8.165,8.795,21.16,25.685000000000002,0.0,57.77
2018-09-25 16:00:56,80.69666666666666,11.549999999999999,7.825,14.520000000000001,17.865,0.0,55.11
2018-09-25 17:00:56,114.13,15.14,5.95,11.565,14.775,0.0,46.28
2018-09-25 18:00:56,157.89,16.685000000000002,5.46,12.69,16.535,0.0,42.48
2018-09-25 19:00:56,162.29333333333335,15.565,4.3,14.9,19.685,0.0,39.52
2018-09-25 20:00:56,125.93333333333334,20.005,3.86,18.224999999999998,24.245,0.0,33.87
2018-09-25 21:00:56,83.01,17.72,3.6050000000000004,21.245,30.125,0.0,28.28
2018-09-25 22:00:56,57.79,16.125,3.1199999999999997,15.735,19.955,0.0,30.34
2018-09-25 23:00:56,43.873333333333335,11.89,2.765,12.765,17.275000000000002,0.0,30.55
2018-09-26 00:00:56,31.133333333333336,15.29,2.49,9.09,12.01,0.0,30.72
2018-09-26 01:00:56,19.846666666666668,10.57,1.515,7.355,10.115,0.0,32.35
2018-09-26 02:00:56,16.1,6.9750000000000005,1.5,3.6,5.04,0.0,34.79
2018-09-26 03:00:56,11.273333333333333,4.4799999999999995,2.1,4.11,5.675,0.0,35.7
2018-09-26 04:00:56,7.516666666666667,3.645,1.995,1.665,2.325,0.0,39.92
2018-09-26 05:00:56,6.3500000000000005,3.315,1.6150000000000002,1.845,3.105,0.0,41.08
2018-09-26 06:00:56,7.773333333333333,0.93,1.8,3.6750000000000003,5.46,0.0,40.77
2018-09-26 07:00:56,9.106666666666667,2.14,1.9400000000000002,8.905,12.095,0.0,39.2
2018-09-26 08:00:56,12.263333333333334,2.975,2.23,18.29,23.054999999999996,0.0,35.81
2018-09-26 09:00:56,24.96,4.835,2.17,25.37,34.2,0.0,30.11
2018-09-26 10:00:56,37.086666666666666,4.36,2.02,21.505,29.855000000000004,0.0,28.8
2018-09-26 11:00:56,27.843333333333334,4.58,2.0,20.06,27.3,0.0,29.18
2018-09-26 12:00:56,23.363333333333333,6.955000000000001,1.6900000000000002,19.34,26.55,0.0,28.23
2018-09-26 13:00:56,19.403333333333332,6.375,1.8550000000000002,23.02,33.67,0.0,26.06
2018-09-26 14:00:56,25.543333333333333,10.78,2.06,27.540000000000003,40.205,0.0,26.43
2018-09-26 15:00:56,33.45,7.97,2.445,22.385,29.39,0.0,33.31
2018-09-26 16:00:56,29.493333333333336,5.4750000000000005,2.25,29.84,43.9,0.0,26.17
2018-09-26 17:00:56,28.47,4.49,2.3800000000000003,24.06,35.5,0.0,27.66
2018-09-26 18:00:56,23.036666666666665,4.734999999999999,3.435,27.505,37.46,0.0,26.04
2018-09-26 19:00:56,27.416666666666668,6.06,4.37,33.47,51.31,0.0,21.22
2018-09-26 20:00:56,28.790000000000003,5.845,5.145,26.804999999999996,39.5,0.0,22.57
2018-09-26 21:00:56,20.673333333333332,4.074999999999999,3.89,21.845,30.459999999999997,0.0,26.52
2018-09-26 22:00:56,16.866666666666667,4.2,4.15,19.11,24.23,0.0,27.89
2018-09-26 23:00:56,15.420000000000002,5.4750000000000005,3.5,11.87,15.725,0.0,34.0
2018-09-27 00:00:56,15.406666666666666,5.155,3.015,8.31,11.825000000000001,0.0,36.9
2018-09-27 01:00:56,14.716666666666667,3.76,2.83,6.085000000000001,14.079999999999998,0.0,38.48
2018-09-27 02:00:56,11.543333333333333,3.315,2.475,4.66,7.2,0.0,38.93
2018-09-27 03:00:56,14.013333333333334,2.365,2.4,2.47,4.03,0.0,39.59
2018-09-27 04:00:56,11.026666666666667,3.36,2.155,1.445,2.785,0.0,40.71
2018-09-27 05:00:56,8.693333333333333,3.3049999999999997,2.6799999999999997,1.4349999999999998,2.595,0.0,41.54
2018-09-27 06:00:56,11.26,2.885,2.92,2.625,4.010000000000001,0.0,40.1
2018-09-27 07:00:56,12.816666666666666,2.91,2.74,7.734999999999999,11.854999999999999,0.0,35.96
2018-09-27 08:00:56,11.623333333333333,2.42,2.665,19.815,28.705,0.0,28.83
2018-09-27 09:00:56,20.35333333333333,4.175,2.75,24.070000000000004,34.665,0.0,25.46
2018-09-27 10:00:56,23.730000000000004,6.454999999999999,2.99,17.310000000000002,25.84,0.0,29.21
2018-09-27 11:00:56,25.71333333333333,6.080000000000001,3.2449999999999997,15.305,22.599999999999998,0.0,30.38
2018-09-27 12:00:56,29.686666666666667,4.785,1.5249999999999997,12.81,17.19,0.0,31.88
2018-09-27 13:00:56,31.673333333333336,5.3500000000000005,3.225,9.075,12.995,0.0,33.86
2018-09-27 14:00:56,31.009999999999998,5.08,3.36,12.94,18.950000000000003,0.0,34.01
2018-09-27 15:00:56,31.990000000000002,6.7250000000000005,3.345,12.745,19.650000000000002,0.0,32.17
2018-09-27 16:00:56,22.553333333333335,5.255,3.265,12.655000000000001,18.005,0.0,33.57
2018-09-27 17:00:56,26.90333333333333,3.625,2.99,13.854999999999999,20.18,0.0,33.46
2018-09-27 18:00:56,24.673333333333336,2.715,3.1650000000000005,18.855,26.14,0.0,30.94
2018-09-27 19:00:56,27.33,5.07,4.0,24.765,31.91,0.0,29.43
2018-09-27 20:00:56,35.086666666666666,7.504999999999999,5.830000000000001,23.355,30.015,0.0,29.84
2018-09-27 21:00:56,31.223333333333333,9.805,5.995,18.325000000000003,23.100000000000005,0.0,33.01
2018-09-27 22:00:56,26.45,12.844999999999999,5.285,15.089999999999998,19.26,0.0,35.13
2018-09-27 23:00:56,26.12,9.33,5.165,17.455,22.849999999999998,0.0,32.16
2018-09-28 00:00:56,20.55,6.06,5.875,11.410000000000002,14.424999999999999,0.0,36.1
2018-09-28 01:00:56,17.803333333333335,4.695,4.36,9.555,13.549999999999999,0.0,37.81
2018-09-28 02:00:56,13.57,4.425,3.645000000000001,5.505,7.375,0.0,40.62
2018-09-28 03:00:56,11.99,6.28,3.2899999999999996,4.25,6.0249999999999995,0.0,40.3
2018-09-28 04:00:56,11.44,4.3999999999999995,2.9600000000000004,3.5500000000000003,4.8,0.0,42.15
2018-09-28 05:00:56,10.42,3.98,2.7449999999999997,3.545,4.81,0.0,41.06
2018-09-28 06:00:56,12.036666666666667,3.6750000000000003,3.78,5.265000000000001,6.550000000000001,0.0,40.88
2018-09-28 07:00:56,23.32333333333333,3.125,4.7749999999999995,9.674999999999999,12.555,0.0,38.3
2018-09-28 08:00:56,20.189999999999998,4.41,3.345,29.8,44.835,0.0,22.64
2018-09-28 09:00:56,19.523333333333333,6.18,4.745,30.14,36.17,0.0,24.77
2018-09-28 10:00:56,36.92,6.199999999999999,9.09,39.13,51.574999999999996,0.0,20.59
2018-09-28 11:00:56,36.21666666666667,6.344999999999999,6.224999999999999,23.665000000000003,33.39,0.0,29.21
2018-09-28 12:00:56,34.06333333333333,11.18,3.78,13.594999999999999,18.135,0.0,35.55
2018-09-28 13:00:56,30.13,11.195,3.53,15.4,22.795,0.0,34.46
2018-09-28 14:00:56,29.043333333333333,7.114999999999999,3.905,10.24,13.469999999999999,0.0,41.5
2018-09-28 15:00:56,36.54666666666667,5.7749999999999995,7.390000000000001,16.145,20.57,0.0,39.41
2018-09-28 16:00:56,28.0,5.22,7.260000000000001,21.330000000000002,26.595,0.0,37.0
2018-09-28 17:00:56,36.74333333333333,3.8699999999999997,7.135000000000001,24.795,29.87,0.0,36.83
2018-09-28 18:00:56,47.723333333333336,5.885000000000001,11.395000000000001,29.175,32.24,0.0,36.23
2018-09-28 19:00:56,46.99666666666667,9.13,19.8,71.985,115.375,0.0,16.39
2018-09-28 20:00:56,63.056666666666665,12.745,7.960000000000001,70.05499999999999,92.805,0.0,10.88
2018-09-28 21:00:56,72.59666666666666,22.77,9.47,67.56,102.52,0.0,11.82
2018-09-28 22:00:56,78.43,28.254999999999995,9.845,65.07,93.02499999999999,0.0,3.04
2018-09-28 23:00:56,79.86666666666667,25.285,12.14,61.105,90.39999999999999,0.0,2.82
2018-09-29 00:00:56,84.71000000000001,32.86,21.485,51.565000000000005,82.96,0.0,2.61
2018-09-29 01:00:56,87.50666666666666,33.870000000000005,38.46,61.004999999999995,100.945,0.0,2.36
2018-09-29 02:00:56,100.35333333333334,30.090000000000003,27.689999999999998,52.46,78.35,0.0,2.58
2018-09-29 03:00:56,109.54,39.935,26.825000000000003,46.74,71.795,0.0,2.31
2018-09-29 04:00:56,97.20333333333332,46.625,27.47,45.835,61.199999999999996,0.0,3.96
2018-09-29 05:00:56,89.67666666666666,38.07,14.700000000000001,38.155,52.98,0.0,3.02
2018-09-29 06:00:56,76.57333333333332,36.7,11.245,38.455,55.675000000000004,0.0,2.4
2018-09-29 07:00:56,80.31,39.465,20.764999999999997,45.57,76.205,0.0,2.8
2018-09-29 08:00:56,93.1,41.38999999999999,28.095,47.495000000000005,93.90500000000002,0.0,3.03
2018-09-29 09:00:56,107.43666666666667,47.99,6.150000000000001,56.03,94.28000000000002,0.0,5.22
2018-09-29 10:00:56,114.03666666666668,57.794999999999995,39.305,60.254999999999995,95.27499999999999,0.0,7.61
2018-09-29 11:00:56,106.71666666666667,50.225,25.150000000000002,53.025000000000006,70.545,0.0,17.48
2018-09-29 12:00:56,92.16666666666667,33.07,26.14,35.81,44.754999999999995,0.0,33.32
2018-09-29 13:00:56,79.39666666666668,22.825,16.3,24.76,30.475000000000005,0.0,38.21
2018-09-29 14:00:56,61.38,16.974999999999998,14.69,23.615,27.185,0.0,44.89
2018-09-29 15:00:56,51.26333333333333,10.86,18.81,27.709999999999997,34.405,0.0,38.58
2018-09-29 16:00:56,49.25,7.505,8.56,12.839999999999998,15.4,0.0,39.63
2018-09-29 17:00:56,46.13,8.815,7.939999999999999,17.705000000000002,21.680000000000003,0.0,35.24
2018-09-29 18:00:56,46.96666666666667,6.555,10.78,56.910000000000004,79.63,0.0,19.19
2018-09-29 19:00:56,65.10666666666667,8.93,13.835,63.57,176.42999999999998,0.0,3.2
2018-09-29 20:00:56,129.32333333333335,19.215,13.51,58.35,131.445,0.0,2.7
2018-09-29 21:00:56,151.25,30.135,33.445,49.6,137.21,0.0,2.79
2018-09-29 22:00:56,165.84,38.05500000000001,39.25,46.28,126.265,0.0,2.99
2018-09-29 23:00:56,170.70333333333332,40.43,46.375,79.485,153.115,0.0,3.21
2018-09-30 00:00:56,155.2266666666667,40.165,37.33,63.375,90.91000000000001,0.0,8.3
2018-09-30 01:00:56,130.18333333333334,35.215,16.830000000000002,37.27,52.580000000000005,0.0,11.79
2018-09-30 02:00:56,92.31666666666666,23.349999999999998,10.405,28.974999999999998,38.72,0.0,9.32
2018-09-30 03:00:56,76.87,14.674999999999999,8.495,34.95,46.29999999999999,0.0,6.38
2018-09-30 04:00:56,79.74333333333334,9.135,7.495000000000001,41.13,53.595,0.0,5.55
2018-09-30 05:00:56,76.91666666666667,8.030000000000001,5.54,32.245,37.75,0.0,6.22
2018-09-30 06:00:56,60.26333333333333,13.51,4.405,31.485,37.955000000000005,0.0,7.49
2018-09-30 07:00:56,63.06666666666666,14.895000000000001,3.97,36.900000000000006,48.91,0.0,8.21
2018-09-30 08:00:56,63.21666666666667,19.38,6.800000000000001,50.52,107.46499999999999,0.0,3.32
2018-09-30 09:00:56,80.79666666666667,24.099999999999998,16.5,39.855,71.75,0.0,15.94
2018-09-30 10:00:56,85.23666666666666,22.765,28.209999999999997,28.290000000000003,39.755,0.0,24.43
2018-09-30 11:00:56,76.72999999999999,21.365,14.57,17.415,22.179999999999996,0.0,29.99
2018-09-30 12:00:56,46.42,16.82,4.905,9.83,12.735,0.0,35.14
2018-09-30 13:00:56,32.906666666666666,11.995,2.89,9.76,13.270000000000001,0.0,35.36
2018-09-30 14:00:56,29.10666666666667,9.56,2.155,11.71,16.79,0.0,33.72
2018-09-30 15:00:56,23.60333333333333,8.270000000000001,1.64,6.13,8.475,0.0,37.96
2018-09-30 16:00:56,19.37,4.98,1.5999999999999999,11.780000000000001,16.52,0.0,36.03
2018-09-30 17:00:56,21.623333333333335,3.19,2.255,20.69,27.865,0.0,28.2
2018-09-30 18:00:56,31.793333333333337,3.1999999999999997,5.43,26.804999999999996,37.815,0.0,24.39
2018-09-30 19:00:56,40.843333333333334,4.565,5.445,36.465,46.165,0.0,20.7
2018-09-30 20:00:56,68.9,6.890000000000001,4.085,20.485,25.685000000000002,0.0,29.05
2018-09-30 21:00:56,69.59666666666666,14.01,3.94,15.655,20.24,0.0,30.59
2018-09-30 22:00:56,57.663333333333334,13.575000000000001,2.955,16.495,22.205,0.0,30.64
2018-09-30 23:00:56,53.60333333333333,13.515,3.4150000000000005,16.53,21.055,0.0,29.52
2018-10-01 00:00:56,41.373333333333335,12.839999999999998,3.03,17.599999999999998,21.17,0.0,27.66
2018-10-01 01:00:56,32.809999999999995,14.25,2.475,21.814999999999998,27.97,0.0,21.76
2018-10-01 02:00:56,38.3,14.19,2.04,10.385,12.815,0.0,28.96
2018-10-01 03:00:56,36.24666666666667,14.74,3.655,16.26,17.61,0.0,25.91
2018-10-01 04:00:56,43.336666666666666,17.255,6.06,18.115,19.39,0.0,23.57
2018-10-01 05:00:56,45.623333333333335,15.450000000000001,4.945,16.689999999999998,19.655,0.0,19.35
2018-10-01 06:00:56,54.71666666666667,20.83,3.4800000000000004,11.625,13.089999999999998,0.0,16.95
2018-10-01 07:00:56,60.48,22.150000000000002,2.82,26.26,33.25,0.0,11.93
2018-10-01 08:00:56,63.656666666666666,30.36,3.0050000000000003,40.845,81.11,0.0,4.71
2018-10-01 09:00:56,94.68666666666667,38.915,7.789999999999999,45.095,88.89,0.0,3.52
2018-10-01 10:00:56,107.61666666666667,53.370000000000005,23.605,35.63,52.47,0.0,10.35
2018-10-01 11:00:56,88.17666666666666,48.85,11.915,15.54,20.87,0.0,23.63
2018-10-01 12:00:56,52.78333333333333,32.835,5.510000000000001,9.195,13.0,0.0,28.17
2018-10-01 13:00:56,29.826666666666668,18.03,4.489999999999999,3.0,4.33,0.0,35.65
2018-10-01 14:00:56,11.966666666666667,10.035,2.21,6.5299999999999985,8.54,0.0,39.09
2018-10-01 15:00:56,10.996666666666668,5.66,5.265,9.855,12.410000000000002,0.0,33.84
2018-10-01 16:00:56,6.586666666666666,3.865,3.5700000000000003,9.31,11.46,0.0,37.66
2018-10-01 17:00:56,8.916666666666668,2.355,3.935,10.48,12.785000000000002,0.0,38.52
2018-10-01 18:00:56,10.16,2.285,2.965,20.49,24.74,0.0,33.65
2018-10-01 19:00:56,15.413333333333334,1.8999999999999997,1.39,71.72500000000001,145.04,0.0,9.72
2018-10-01 20:00:56,38.656666666666666,5.12,2.8599999999999994,99.555,235.205,0.0,1.97
2018-10-01 21:00:56,61.47333333333333,13.365,9.855,82.665,195.82499999999996,0.0,2.69
2018-10-01 22:00:56,70.22666666666667,21.689999999999998,23.504999999999995,63.19,127.175,0.0,2.51
2018-10-01 23:00:56,72.67,24.334999999999997,19.89,62.165,140.885,0.0,2.38
2018-10-02 00:00:56,74.36333333333333,27.705,15.405000000000001,57.245000000000005,123.695,0.0,2.91
2018-10-02 01:00:56,67.70666666666666,31.205000000000002,17.025,55.695,114.65000000000002,0.0,2.65
2018-10-02 02:00:56,69.71000000000001,30.935000000000002,16.255,50.275000000000006,69.83,0.0,2.78
2018-10-02 03:00:56,64.84333333333333,29.599999999999998,17.115,46.885,55.465,0.0,4.72
2018-10-02 04:00:56,47.49333333333334,25.925,11.505,25.345,27.655,0.0,18.27
2018-10-02 05:00:56,31.263333333333332,15.829999999999998,8.31,17.384999999999998,19.255,0.0,23.9
2018-10-02 06:00:56,31.656666666666666,14.475,5.609999999999999,24.565,30.584999999999997,0.0,18.81
2018-10-02 07:00:56,26.10666666666667,10.63,3.435,40.57,65.36500000000001,0.0,10.17
2018-10-02 08:00:56,28.743333333333332,8.605,7.640000000000001,57.254999999999995,119.705,0.0,4.72
2018-10-02 09:00:56,49.44333333333333,16.345,15.135,49.955000000000005,89.21499999999999,0.0,12.79
2018-10-02 10:00:56,45.42,23.17,9.36,17.86,21.38,0.0,33.6
2018-10-02 11:00:56,30.439999999999998,21.415000000000003,5.95,10.700000000000001,12.995,0.0,43.94
2018-10-02 12:00:56,25.983333333333334,18.115,2.56,7.905,9.78,0.0,48.55
2018-10-02 13:00:56,15.490000000000002,10.59,1.0,9.505,11.725,0.0,46.51
2018-10-02 14:00:56,12.506666666666668,6.155,1.055,7.515,9.450000000000001,0.0,46.27
2018-10-02 15:00:56,13.94,3.7099999999999995,1.02,9.935,12.334999999999999,0.0,44.82
2018-10-02 16:00:56,14.88,2.39,0.31,10.915,13.39,0.0,48.49
2018-10-02 17:00:56,19.96333333333333,2.105,0.395,12.81,15.435,0.0,47.28
2018-10-02 18:00:56,20.55666666666667,2.1,0.9899999999999999,20.29,22.679999999999996,0.0,43.71
2018-10-02 19:00:56,22.35333333333333,2.3200000000000003,4.275,56.51,62.245000000000005,0.0,27.13
2018-10-02 20:00:56,31.10333333333333,5.945,5.465,84.64999999999999,110.79,0.0,5.72
2018-10-02 21:00:56,41.6,10.525,5.465,90.77,150.89,0.0,3.91
2018-10-02 22:00:56,52.77,18.68,9.055,69.645,117.335,0.0,2.78
2018-10-02 23:00:56,68.27666666666667,21.16,10.295,73.37,110.77499999999999,0.0,4.52
2018-10-03 00:00:56,59.81666666666666,21.735,10.699999999999998,66.235,95.78000000000002,0.0,4.72
2018-10-03 01:00:56,55.653333333333336,21.87,6.974999999999999,63.93,89.265,0.0,3.04
2018-10-03 02:00:56,51.053333333333335,20.27,11.579999999999998,56.59,89.27499999999999,0.0,2.92
2018-10-03 03:00:56,58.74,26.59,15.755,52.155,71.52499999999999,0.0,2.66
2018-10-03 04:00:56,70.31,32.675000000000004,11.844999999999999,40.345,48.669999999999995,0.0,5.86
2018-10-03 05:00:56,61.68333333333334,29.515,8.58,33.635,38.86,0.0,7.36
2018-10-03 06:00:56,60.29333333333333,26.540000000000003,5.05,37.855,49.065,0.0,3.6
2018-10-03 07:00:56,59.38666666666666,35.295,4.935,41.015,61.23500000000001,0.0,4.51
2018-10-03 08:00:56,62.650000000000006,32.86,10.729999999999999,44.35,84.11999999999999,0.0,3.14
2018-10-03 09:00:56,77.72666666666667,49.34,34.4,47.405,74.785,0.0,7.98
2018-10-03 10:00:56,86.40666666666667,46.07,19.66,42.76,56.98,0.0,18.54
2018-10-03 11:00:56,68.94333333333333,30.74,8.8,24.560000000000002,30.105,0.0,32.45
2018-10-03 12:00:56,43.123333333333335,18.58,5.04,12.85,15.315,0.0,41.81
2018-10-03 13:00:56,31.673333333333332,15.310000000000002,4.0,17.215,23.26,0.0,39.87
2018-10-03 14:00:56,37.64333333333334,9.84,4.87,17.24,20.535,0.0,43.71
2018-10-03 15:00:56,42.29666666666667,8.825000000000001,6.31,23.165000000000003,34.915,0.0,40.08
2018-10-03 16:00:56,33.01,5.489999999999999,3.5499999999999994,18.349999999999998,23.61,0.0,41.93
2018-10-03 17:00:56,25.756666666666668,8.615,2.115,15.005,17.625,0.0,44.51
2018-10-03 18:00:56,32.66666666666667,7.2299999999999995,1.5249999999999997,26.75,30.315,0.0,36.33
2018-10-03 19:00:56,42.39333333333334,7.04,6.164999999999999,66.645,74.83,0.0,21.8
2018-10-03 20:00:56,60.55,8.91,3.4150000000000005,101.505,206.395,0.0,3.62
2018-10-03 21:00:56,94.61666666666667,18.2,4.565,90.205,185.025,0.0,2.99
2018-10-03 22:00:56,97.36,25.865,18.35,62.975,119.90500000000002,0.0,2.47
2018-10-03 23:00:56,104.32666666666667,22.304999999999996,36.245,65.165,119.05,0.0,2.37
2018-10-04 00:00:56,114.16333333333333,34.2,35.425000000000004,68.455,114.62,0.0,3.23
2018-10-04 01:00:56,108.33666666666667,30.149999999999995,22.269999999999996,62.66,116.21499999999999,0.0,2.87
2018-10-04 02:00:56,97.26666666666665,32.410000000000004,25.775000000000002,57.42499999999999,89.165,0.0,2.65
2018-10-04 03:00:56,97.12666666666667,36.675000000000004,35.89,51.885,70.58,0.0,2.75
2018-10-04 04:00:56,108.24666666666667,40.64,19.325000000000003,48.34,65.255,0.0,2.3
2018-10-04 05:00:56,91.62333333333333,34.545,17.689999999999998,50.35,64.115,0.0,2.75
2018-10-04 06:00:56,78.22,33.86000000000001,16.86,46.59,53.44,0.0,5.61
2018-10-04 07:00:56,76.21666666666667,30.834999999999997,12.454999999999998,48.955000000000005,71.09,0.0,5.19
2018-10-04 08:00:56,78.75333333333333,31.215,13.945,51.949999999999996,104.28000000000002,0.0,6.69
2018-10-04 09:00:56,91.25,32.26,20.075,64.16,148.355,0.0,6.42
2018-10-04 10:00:56,111.25333333333333,27.429999999999996,19.325,35.96,49.905,0.0,14.55
2018-10-04 11:00:56,96.84,30.439999999999998,5.63,31.235,42.675000000000004,0.0,19.49
2018-10-04 12:00:56,97.56,28.61,17.395,25.855,32.065,0.0,34.66
2018-10-04 13:00:56,74.34333333333333,17.944999999999997,9.15,23.180000000000003,29.26,0.0,39.25
2018-10-04 14:00:56,65.58333333333333,13.49,6.435,20.555,26.320000000000004,0.0,40.0
2018-10-04 15:00:56,71.86,18.99,6.895,21.595,28.304999999999996,0.0,37.94
2018-10-04 16:00:56,52.526666666666664,14.685,5.724999999999999,31.62,42.635,0.0,30.78
2018-10-04 17:00:56,52.56333333333333,9.945,4.605,31.31,41.574999999999996,0.0,32.39
2018-10-04 18:00:56,56.333333333333336,8.030000000000001,4.355,24.665000000000003,30.034999999999997,0.0,38.79
2018-10-04 19:00:56,63.53999999999999,6.489999999999999,4.205,22.334999999999997,27.465,0.0,34.68
2018-10-04 20:00:56,65.11666666666666,9.215,4.625,20.68,25.41,0.0,35.1
2018-10-04 21:00:56,64.30333333333333,13.85,4.235,17.155,21.615,0.0,34.06
2018-10-04 22:00:56,54.92333333333334,13.9,3.83,15.815,21.145,0.0,31.68
2018-10-04 23:00:56,43.096666666666664,11.324999999999998,3.4500000000000006,12.12,16.005,0.0,34.2
2018-10-05 00:00:56,35.74333333333333,6.055,2.465,10.959999999999999,15.495,0.0,32.25
2018-10-05 01:00:56,25.303333333333335,6.195,2.2550000000000003,7.015000000000001,9.975,0.0,34.46
2018-10-05 02:00:56,23.483333333333334,7.55,2.065,4.425,5.989999999999999,0.0,36.42
2018-10-05 03:00:56,21.7,5.760000000000001,2.13,3.36,4.955,0.0,37.39
2018-10-05 04:00:56,19.873333333333335,4.74,2.14,2.59,3.595,0.0,38.91
2018-10-05 05:00:56,21.903333333333336,4.05,2.645,2.935,4.27,0.0,40.95
2018-10-05 06:00:56,12.81,4.28,3.0849999999999995,2.315,3.0500000000000003,0.0,42.48
2018-10-05 07:00:56,11.98,2.8900000000000006,2.935,6.065,8.41,0.0,40.84
2018-10-05 08:00:56,15.446666666666667,3.4800000000000004,2.895,16.74,21.885,0.0,36.76
2018-10-05 09:00:56,22.726666666666667,6.960000000000001,3.295,20.105,26.925,0.0,35.01
2018-10-05 10:00:56,26.17,7.955000000000001,3.3000000000000003,18.265,23.689999999999998,0.0,33.99
2018-10-05 11:00:56,32.11,4.72,4.02,18.555,26.0,0.0,33.76
2018-10-05 12:00:56,26.703333333333333,4.925,3.6799999999999997,21.02,30.745,0.0,31.81
2018-10-05 13:00:56,22.566666666666666,5.91,3.7900000000000005,15.725,23.87,0.0,36.8
2018-10-05 14:00:56,29.21,3.75,3.3049999999999997,13.945,20.105,0.0,38.99
2018-10-05 15:00:56,30.5,2.65,3.25,18.29,27.450000000000003,0.0,37.46
2018-10-05 16:00:56,23.566666666666666,2.315,3.0749999999999997,16.845,23.080000000000002,0.0,38.59
2018-10-05 17:00:56,27.629999999999995,1.27,3.72,17.715,23.790000000000003,0.0,36.19
2018-10-05 18:00:56,38.89333333333333,10.71,4.745,19.55,27.295,0.0,35.31
2018-10-05 19:00:56,35.64666666666667,6.530000000000001,5.734999999999999,21.55,27.895,0.0,31.59
2018-10-05 20:00:56,34.79,4.47,4.815,17.18,22.385,0.0,34.4
2018-10-05 21:00:56,38.16,4.695,5.325,12.875,17.115,0.0,35.3
2018-10-05 22:00:56,30.623333333333335,8.38,5.585,10.9,14.32,0.0,36.26
2018-10-05 23:00:56,32.04,7.960000000000001,5.555,10.159999999999998,13.465000000000002,0.0,36.31
2018-10-06 00:00:56,26.680000000000003,7.835000000000001,4.83,10.61,13.854999999999999,0.0,35.01
2018-10-06 01:00:56,22.75,8.17,4.47,9.035,12.125,0.0,36.52
2018-10-06 02:00:56,16.69333333333333,5.45,4.365,11.53,14.32,0.0,33.87
2018-10-06 03:00:56,16.356666666666666,4.095,7.535,13.96,15.515,0.0,34.46
2018-10-06 04:00:56,18.166666666666668,5.43,11.875,15.24,16.575,0.0,36.31
2018-10-06 05:00:56,25.96666666666667,9.22,12.719999999999999,18.925,20.095,0.0,26.03
2018-10-06 06:00:56,43.153333333333336,13.575000000000001,12.475,29.540000000000003,31.965,0.0,17.05
2018-10-06 07:00:56,41.55666666666667,15.925000000000002,13.020000000000001,38.165,49.955000000000005,0.0,13.16
2018-10-06 08:00:56,51.92333333333333,24.189999999999998,22.914999999999996,47.26,74.87,0.0,9.56
2018-10-06 09:00:56,61.120000000000005,32.415,39.715,41.47,65.91000000000001,0.0,21.85
2018-10-06 10:00:56,55.33,25.135,18.35,25.564999999999998,36.455,0.0,30.45
2018-10-06 11:00:56,43.196666666666665,18.275000000000002,6.945,18.89,27.855,0.0,30.07
2018-10-06 12:00:56,32.37,12.37,6.06,17.349999999999998,25.330000000000002,0.0,30.79
2018-10-06 13:00:56,24.090000000000003,10.784999999999998,5.45,18.545,28.794999999999998,0.0,28.6
2018-10-06 14:00:56,16.57,6.614999999999999,5.405,19.16,29.7,0.0,30.71
2018-10-06 15:00:56,22.043333333333333,4.395,5.29,18.57,27.945000000000004,0.0,31.31
2018-10-06 16:00:56,19.80666666666667,2.645,5.585,15.450000000000001,22.145,0.0,33.05
2018-10-06 17:00:56,23.04,2.83,6.465,16.845,25.03,0.0,32.33
2018-10-06 18:00:56,30.21666666666667,2.315,6.22,18.855,26.5,0.0,31.27
2018-10-06 19:00:56,35.7,3.2099999999999995,7.375,28.429999999999996,38.74,0.0,26.26
2018-10-06 20:00:56,40.306666666666665,5.705000000000001,7.525000000000001,24.965,33.385,0.0,27.17
2018-10-06 21:00:56,37.586666666666666,4.984999999999999,7.685,14.99,19.64,0.0,32.37
2018-10-06 22:00:56,28.62333333333333,6.155,9.345,13.765,18.205,0.0,32.99
2018-10-06 23:00:56,25.833333333333332,8.645,8.57,14.36,18.065,0.0,33.16
2018-10-07 00:00:56,22.183333333333334,5.245,8.465,17.959999999999997,21.715,0.0,31.57
2018-10-07 01:00:56,24.676666666666666,4.055,12.555,28.62,34.69,0.0,20.56
2018-10-07 02:00:56,30.21666666666667,7.3549999999999995,14.32,33.375,37.635,0.0,10.1
2018-10-07 03:00:56,46.946666666666665,18.365,19.265,38.415,42.074999999999996,0.0,7.38
2018-10-07 04:00:56,59.95,28.625,14.549999999999999,35.675,39.465,0.0,8.75
2018-10-07 05:00:56,54.81666666666666,30.340000000000003,14.344999999999999,28.13,30.155,0.0,15.75
2018-10-07 06:00:56,59.913333333333334,29.705,26.67,26.035,27.095,0.0,10.75
2018-10-07 07:00:56,64.20333333333333,38.949999999999996,31.64,22.5,25.39,0.0,20.8
2018-10-07 08:00:56,56.830000000000005,29.89,48.095,32.365,39.885,0.0,16.52
2018-10-07 09:00:56,69.82333333333334,32.58,45.419999999999995,32.665,44.794999999999995,0.0,8.79
2018-10-07 10:00:56,90.23666666666666,43.405,52.225,30.425,42.595,0.0,14.67
2018-10-07 11:00:56,89.06,36.96,18.265,17.544999999999998,23.330000000000002,0.0,24.98
2018-10-07 12:00:56,65.64999999999999,26.459999999999997,11.625,15.69,21.37,0.0,26.68
2018-10-07 13:00:56,47.63666666666667,13.799999999999999,4.625,17.67,24.41,0.0,27.71
2018-10-07 14:00:56,34.93666666666667,7.905,13.81,20.565,32.32,0.0,27.86
2018-10-07 15:00:56,29.990000000000002,4.59,8.18,14.729999999999999,18.595,0.0,32.76
2018-10-07 16:00:56,19.37666666666667,3.09,6.775000000000001,19.765,27.38,0.0,30.03
2018-10-07 17:00:56,18.343333333333334,2.8049999999999997,6.425,13.069999999999999,15.945,0.0,37.85
2018-10-07 18:00:56,23.83,4.195,6.1000000000000005,28.55,42.615,0.0,27.19
2018-10-07 19:00:56,33.92,2.815,14.56,70.69,141.32,0.0,3.68
2018-10-07 20:00:56,82.29666666666667,11.615,20.76,86.09499999999998,208.18999999999997,0.0,2.92
2018-10-07 21:00:56,125.43333333333334,27.334999999999997,44.675000000000004,75.25999999999999,162.615,0.0,2.5
2018-10-07 22:00:56,138.13666666666666,44.29,27.879999999999995,64.345,128.275,0.0,2.71
2018-10-07 23:00:56,137.65666666666667,38.77,36.38,60.995000000000005,140.615,0.0,2.16
2018-10-08 00:00:56,130.04333333333335,40.64,21.755,60.01500000000001,132.62,0.0,2.19
2018-10-08 01:00:56,116.60666666666667,39.99,30.575,58.669999999999995,129.41,0.0,1.97
2018-10-08 02:00:56,112.72666666666666,42.94,36.085,48.97,83.78500000000001,0.0,2.06
2018-10-08 03:00:56,98.5,36.61,20.53,47.44499999999999,85.41000000000001,0.0,2.23
2018-10-08 04:00:56,86.06333333333333,31.49,13.68,42.355,73.795,0.0,2.24
2018-10-08 05:00:56,76.51666666666667,38.89,14.32,41.75,68.655,0.0,2.2
2018-10-08 06:00:56,80.82333333333334,33.565,13.555,40.45,63.53,0.0,2.48
2018-10-08 07:00:56,87.04333333333334,36.13,13.824999999999998,44.0,90.93,0.0,2.56
2018-10-08 08:00:56,95.10666666666667,41.625,27.554999999999996,54.645,153.495,0.0,2.33
2018-10-08 09:00:56,121.93666666666667,47.755,71.49,63.26000000000001,143.53,0.0,2.96
2018-10-08 10:00:56,148.74666666666667,57.46,36.645,57.73499999999999,88.335,0.0,6.42
2018-10-08 11:00:56,136.45666666666668,51.18,17.625,46.165,60.449999999999996,0.0,18.52
2018-10-08 12:00:56,119.17666666666666,43.805,15.245,37.44,46.044999999999995,0.0,30.05
2018-10-08 13:00:56,91.78,25.125,9.435,31.095,38.135,0.0,37.36
2018-10-08 14:00:56,72.23333333333333,13.305,5.23,42.56,58.19,0.0,27.51
2018-10-08 15:00:56,70.88666666666667,9.43,7.91,23.12,27.365,0.0,44.98
2018-10-08 16:00:56,50.26,7.364999999999999,7.734999999999999,26.189999999999998,31.855,0.0,38.69
2018-10-08 17:00:56,60.54666666666666,5.495,4.71,22.395,26.3,0.0,38.14
2018-10-08 18:00:56,57.42333333333333,6.949999999999999,2.305,40.995000000000005,47.26,0.0,23.64
2018-10-08 19:00:56,63.97666666666667,4.505,2.92,95.08,210.79,0.0,4.74
2018-10-08 20:00:56,90.78666666666666,14.800000000000002,11.655000000000001,90.175,167.24,0.0,11.39
2018-10-08 21:00:56,102.14,20.27,8.325000000000001,66.86500000000001,96.16000000000001,0.0,8.05
2018-10-08 22:00:56,95.19666666666667,23.459999999999997,14.235,67.22,88.71,0.0,13.4
2018-10-08 23:00:56,80.00333333333333,24.36,11.560000000000002,35.115,41.89,0.0,23.85
2018-10-09 00:00:56,62.129999999999995,15.485,9.905,31.680000000000003,35.945,0.0,24.96
2018-10-09 01:00:56,53.69,8.735,9.6,58.58500000000001,75.235,0.0,9.13
2018-10-09 02:00:56,58.653333333333336,9.735,9.89,46.095,50.4,0.0,10.48
2018-10-09 03:00:56,67.43333333333334,15.11,33.11,48.88,54.805,0.0,4.34
2018-10-09 04:00:56,83.39333333333333,26.909999999999997,35.91,42.544999999999995,46.64000000000001,0.0,12.6
2018-10-09 05:00:56,81.96666666666667,34.97,29.034999999999997,43.050000000000004,47.445,0.0,16.14
2018-10-09 06:00:56,80.09333333333333,34.515,39.685,43.615,51.074999999999996,0.0,15.64
2018-10-09 07:00:56,83.12,39.315,30.284999999999997,52.315,79.38499999999999,0.0,4.95
2018-10-09 08:00:56,106.32,48.585,31.569999999999997,66.745,142.595,0.0,2.4
2018-10-09 09:00:56,133.12333333333333,40.83,49.535,70.91,159.45,0.0,4.54
2018-10-09 10:00:56,162.4,62.905,63.95499999999999,60.94499999999999,87.11,0.0,9.34
2018-10-09 11:00:56,151.25333333333333,56.81,14.075000000000001,26.365,33.265,0.0,21.92
2018-10-09 12:00:56,109.73666666666668,42.685,13.35,30.455,36.16,0.0,22.88
2018-10-09 13:00:56,89.81,23.685,23.915000000000003,38.339999999999996,46.025,0.0,21.52
2018-10-09 14:00:56,100.36666666666667,20.325000000000003,12.910000000000002,29.959999999999997,35.01,0.0,25.72
2018-10-09 15:00:56,61.56999999999999,15.46,11.865,32.19,39.09,0.0,27.07
2018-10-09 16:00:56,52.80666666666667,8.61,8.305,25.13,29.94,0.0,35.59
2018-10-09 17:00:56,40.54666666666666,6.335,5.17,23.265,28.724999999999998,0.0,33.94
2018-10-09 18:00:56,40.49,10.16,4.68,22.295,26.84,0.0,33.51
2018-10-09 19:00:56,51.02,8.525,5.7,23.39,28.084999999999997,0.0,29.92
2018-10-09 20:00:56,52.43333333333334,9.64,5.3,22.650000000000002,28.679999999999996,0.0,29.6
2018-10-09 21:00:56,54.35666666666667,8.435,4.73,25.51,16.025000000000002,0.0,26.37
2018-10-09 22:00:56,42.75333333333333,9.86,4.3,19.22,24.78,0.0,28.82
2018-10-09 23:00:56,37.166666666666664,9.045,4.19,15.805,19.38,0.0,31.07
2018-10-10 00:00:56,24.62,8.365,4.095,13.42,17.314999999999998,0.0,31.65
2018-10-10 01:00:56,24.683333333333334,5.94,4.97,10.93,13.795,0.0,32.55
2018-10-10 02:00:56,29.643333333333334,5.800000000000001,3.685,6.945,8.2,0.0,32.87
2018-10-10 03:00:56,26.35333333333333,4.525,3.2099999999999995,5.095,6.34,0.0,35.04
2018-10-10 04:00:56,21.54,17.02,2.615,4.175,4.965,0.0,33.1
2018-10-10 05:00:56,19.106666666666666,11.935,1.61,5.125,6.18,0.0,30.16
2018-10-10 06:00:56,28.366666666666664,9.625,1.315,13.854999999999999,14.79,0.0,27.22
2018-10-10 07:00:56,35.96,23.790000000000003,1.55,13.165,16.29,0.0,28.18
2018-10-10 08:00:56,31.156666666666666,23.67,1.6799999999999997,41.385,60.48499999999999,0.0,16.2
2018-10-10 09:00:56,35.15,17.095,2.215,46.965,66.71,0.0,14.3
2018-10-10 10:00:56,30.49,22.349999999999998,2.215,33.54,43.76500000000001,0.0,18.09
2018-10-10 11:00:56,24.276666666666667,14.424999999999999,2.6799999999999997,29.27,38.86,0.0,22.9
2018-10-10 12:00:56,23.22,11.915,3.4949999999999997,38.275,51.85999999999999,0.0,20.61
2018-10-10 13:00:56,28.19333333333333,13.299999999999999,3.275,42.98,59.25,0.0,16.63
2018-10-10 14:00:56,24.183333333333334,13.26,3.8599999999999994,24.87,32.875,0.0,27.99
2018-10-10 15:00:56,17.983333333333334,6.375,4.16,20.475,28.86,0.0,27.41
2018-10-10 16:00:56,18.996666666666666,11.839999999999998,3.7550000000000003,19.765,26.745000000000005,0.0,28.32
2018-10-10 17:00:56,21.990000000000002,9.535,3.28,22.455,30.084999999999997,0.0,30.63
2018-10-10 18:00:56,30.756666666666668,7.900000000000001,3.0150000000000006,30.149999999999995,41.525000000000006,0.0,26.08
2018-10-10 19:00:56,34.21666666666667,6.645,3.2099999999999995,42.275,58.375,0.0,19.08
2018-10-10 20:00:56,40.28333333333333,4.62,3.185,52.419999999999995,69.03,0.0,16.08
2018-10-10 21:00:56,45.92333333333333,15.505,4.15,49.345,63.525000000000006,0.0,16.39
2018-10-10 22:00:56,59.72,24.245000000000005,4.915,50.824999999999996,69.0,0.0,12.54
2018-10-10 23:00:56,59.24,21.385,4.77,37.44,45.46,0.0,20.57
2018-10-11 00:00:56,45.45,16.085,3.715,24.08,25.915000000000003,0.0,30.26
2018-10-11 01:00:56,37.276666666666664,18.29,4.35,23.615,27.38,0.0,25.73
2018-10-11 02:00:56,42.983333333333334,20.995,4.235,29.81,32.71,0.0,16.84
2018-10-11 03:00:56,55.03,21.925,4.555,32.635,35.199999999999996,0.0,15.81
2018-10-11 04:00:56,57.06,27.165000000000003,4.3,19.585,20.98,0.0,22.89
2018-10-11 05:00:56,49.696666666666665,23.600000000000005,3.94,18.76,20.185,0.0,23.58
2018-10-11 06:00:56,48.60333333333333,26.905,4.91,14.899999999999999,16.49,0.0,33.44
2018-10-11 07:00:56,40.19,19.215,3.51,13.69,17.86,0.0,30.26
2018-10-11 08:00:56,30.833333333333332,13.995,3.31,30.59,42.455,0.0,22.63
2018-10-11 09:00:56,33.02333333333333,11.31,3.8250000000000006,41.25,57.665,0.0,16.34
2018-10-11 10:00:56,35.92,14.505,4.635,36.135,51.20000000000001,0.0,16.33
2018-10-11 11:00:56,29.61333333333333,13.065,3.9800000000000004,30.474999999999998,42.24,0.0,19.96
2018-10-11 12:00:56,33.163333333333334,7.879999999999999,0.0,28.375,42.69,0.0,22.95
2018-10-11 13:00:56,31.740000000000002,5.949999999999999,2.715,14.655,20.53,0.0,31.69
2018-10-11 14:00:56,28.85333333333333,6.705000000000001,2.175,19.335,27.435000000000002,0.0,31.57
2018-10-11 15:00:56,26.30666666666667,6.905000000000001,2.135,32.96,49.46,0.0,21.88
2018-10-11 16:00:56,31.37,5.24,2.175,23.51,31.425,0.0,28.64
2018-10-11 17:00:56,30.566666666666666,5.505,3.315,21.615,27.570000000000004,0.0,31.5
2018-10-11 18:00:56,32.269999999999996,3.17,3.5499999999999994,35.64,45.105,0.0,28.4
2018-10-11 19:00:56,33.68,2.865,2.75,44.85,59.23499999999999,0.0,20.45
2018-10-11 20:00:56,44.05666666666667,3.2699999999999996,2.515,24.925,30.78,0.0,28.79
2018-10-11 21:00:56,41.89,3.9500000000000006,2.425,24.03,30.215,0.0,28.99
2018-10-11 22:00:56,38.61666666666667,7.614999999999999,2.38,20.39,24.599999999999998,0.0,31.76
2018-10-11 23:00:56,34.65,8.015,2.055,16.915,20.145,0.0,35.61
2018-10-12 00:00:56,34.36333333333334,6.88,4.24,25.605,28.17,0.0,34.97
2018-10-12 01:00:56,30.873333333333335,11.689999999999998,3.99,18.72,20.615,0.0,0.0
2018-10-12 02:00:56,49.01333333333333,16.235,3.59,20.33,21.825,0.0,34.75
2018-10-12 03:00:56,50.17333333333334,19.17,3.3599999999999994,22.55,24.200000000000003,0.0,30.88
2018-10-12 04:00:56,51.10666666666666,23.365,3.5750000000000006,33.215,36.75,0.0,17.62
2018-10-12 05:00:56,71.14666666666666,26.075,3.2650000000000006,24.255,18.945,0.0,23.57
2018-10-12 06:00:56,59.65,23.905,3.1799999999999997,23.37,25.92,0.0,14.57
2018-10-12 07:00:56,71.81333333333333,21.334999999999997,3.725,43.52,68.19,0.0,4.85
2018-10-12 08:00:56,93.87333333333333,28.115,4.6,57.49,134.505,0.0,5.75
2018-10-12 09:00:56,110.87333333333333,35.62,14.74,60.915,158.275,0.0,2.71
2018-10-12 10:00:56,150.04666666666668,32.885,30.105,54.06,99.78000000000002,0.0,14.37
2018-10-12 11:00:56,111.01666666666665,26.820000000000004,8.035,22.175,28.565,0.0,30.33
2018-10-12 12:00:56,60.84,13.604999999999999,4.3,15.759999999999998,21.505,0.0,34.43
2018-10-12 13:00:56,35.876666666666665,7.025000000000001,3.7449999999999997,15.050000000000002,17.63,0.0,35.71
2018-10-12 14:00:56,23.813333333333333,3.8800000000000003,3.095,16.865,23.474999999999998,0.0,36.34
2018-10-12 15:00:56,11.803333333333335,2.295,2.455,14.9,20.16,0.0,38.69
2018-10-12 16:00:56,10.496666666666666,1.8,2.195,13.08,17.22,0.0,39.43
2018-10-12 17:00:56,18.5,1.62,2.065,15.35,20.065,0.0,38.12
2018-10-12 18:00:56,30.05333333333333,1.33,2.28,18.56,24.66,0.0,33.33
2018-10-12 19:00:56,31.03,1.25,3.475,27.689999999999998,36.355,0.0,27.8
2018-10-12 20:00:56,42.6,1.9299999999999997,4.02,22.58,28.075000000000003,0.0,29.4
2018-10-12 21:00:56,43.67666666666666,5.364999999999999,3.6199999999999997,13.25,16.38,0.0,35.7
2018-10-12 22:00:56,42.86,7.114999999999999,3.35,14.045,17.38,0.0,34.66
2018-10-12 23:00:56,37.39333333333334,4.0,3.0400000000000005,14.555,17.345,0.0,34.63
2018-10-13 00:00:56,35.513333333333335,3.9800000000000004,2.975,13.79,17.08,0.0,33.92
2018-10-13 01:00:56,34.71333333333333,4.66,2.65,11.155000000000001,13.405000000000001,0.0,35.52
2018-10-13 02:00:56,34.10666666666667,4.495,2.57,9.67,11.685,0.0,34.58
2018-10-13 03:00:56,29.473333333333333,8.28,5.77,12.920000000000002,14.21,0.0,36.28
2018-10-13 04:00:56,28.86,9.175,4.83,9.165,10.44,0.0,36.61
2018-10-13 05:00:56,25.35666666666667,4.975,6.31,10.62,11.44,0.0,36.74
2018-10-13 06:00:56,26.673333333333332,6.234999999999999,6.010000000000001,6.669999999999999,7.650000000000001,0.0,36.54
2018-10-13 07:00:56,26.72,8.16,3.205,7.665,9.76,0.0,36.46
2018-10-13 08:00:56,26.96666666666667,4.885,2.69,14.229999999999999,17.415,0.0,34.93
2018-10-13 09:00:56,26.453333333333333,5.745,2.705,19.79,25.179999999999996,0.0,32.29
2018-10-13 10:00:56,38.28,8.385,2.51,18.145,24.75,0.0,30.97
2018-10-13 11:00:56,30.169999999999998,7.87,2.6799999999999997,22.52,31.925,0.0,26.97
2018-10-13 12:00:56,31.03333333333333,7.664999999999999,3.035,22.62,33.34,0.0,26.26
2018-10-13 13:00:56,33.7,6.364999999999999,2.29,19.590000000000003,28.925,0.0,27.83
2018-10-13 14:00:56,44.446666666666665,3.535,2.35,22.320000000000004,32.449999999999996,0.0,28.39
2018-10-13 15:00:56,55.120000000000005,2.405,2.53,28.655,40.705000000000005,0.0,26.56
2018-10-13 16:00:56,70.69333333333334,1.7850000000000001,2.625,23.105,30.175,0.0,32.68
2018-10-13 17:00:56,51.63333333333333,4.01,2.12,21.395,29.01,0.0,31.72
2018-10-13 18:00:56,62.38666666666667,6.585000000000001,1.9299999999999997,27.084999999999997,38.835,0.0,23.55
2018-10-13 19:00:56,78.88333333333333,5.455000000000001,8.825,35.285,50.13999999999999,0.0,18.88
2018-10-13 20:00:56,80.22333333333333,6.81,8.78,24.209999999999997,29.36,0.0,23.43
2018-10-13 21:00:56,65.79,10.765,9.555,20.465,27.615,0.0,26.15
2018-10-13 22:00:56,67.57,12.979999999999999,9.52,28.66,35.04,0.0,22.8
2018-10-13 23:00:56,68.06,10.64,7.535,27.995,33.225,0.0,23.83
2018-10-14 00:00:56,72.98,7.599999999999999,4.58,44.565,59.495000000000005,0.0,9.16
2018-10-14 01:00:56,81.38666666666667,10.01,4.91,25.05,30.615,0.0,14.86
2018-10-14 02:00:56,83.03666666666666,10.335,4.555,27.495,30.455000000000002,0.0,14.62
2018-10-14 03:00:56,74.75333333333333,8.36,4.32,17.66,19.22,0.0,20.75
2018-10-14 04:00:56,71.37333333333333,10.345,4.37,10.615,12.04,0.0,26.63
2018-10-14 05:00:56,57.099999999999994,10.28,4.07,19.025000000000002,22.26,0.0,18.98
2018-10-14 06:00:56,60.26333333333333,8.55,4.14,20.905,23.27,0.0,7.38
2018-10-14 07:00:56,92.41333333333333,11.579999999999998,4.02,26.56,34.39,0.0,7.18
2018-10-14 08:00:56,100.63666666666667,16.755,3.8649999999999998,24.540000000000003,37.21,0.0,7.82
2018-10-14 09:00:56,87.56,17.815,18.955,29.815,51.73499999999999,0.0,7.15
2018-10-14 10:00:56,108.22666666666667,23.515,25.24,31.209999999999997,47.185,0.0,13.16
2018-10-14 11:00:56,97.56,21.395,11.229999999999999,17.38,24.840000000000003,0.0,29.51
2018-10-14 12:00:56,71.14666666666666,11.24,6.19,20.540000000000003,29.834999999999997,0.0,23.59
2018-10-14 13:00:56,56.06666666666666,7.390000000000001,4.97,18.97,28.22,0.0,26.33
2018-10-14 14:00:56,55.82333333333333,6.605,4.22,24.55,36.6,0.0,22.23
2018-10-14 15:00:56,60.28333333333333,5.82,5.085,18.794999999999998,24.689999999999998,0.0,28.34
2018-10-14 16:00:56,54.44,4.605,5.215,22.03,28.19,0.0,28.38
2018-10-14 17:00:56,64.97333333333333,4.035,3.875,15.714999999999998,21.16,0.0,32.7
2018-10-14 18:00:56,69.13333333333333,4.45,4.02,17.215,23.080000000000002,0.0,29.76
2018-10-14 19:00:56,73.14,3.5499999999999994,4.37,21.400000000000002,28.915000000000003,0.0,26.56
2018-10-14 20:00:56,72.65,6.039999999999999,5.08,19.355,25.5,0.0,28.71
2018-10-14 21:00:56,70.99333333333334,10.785000000000002,5.555,18.97,23.98,0.0,30.26
2018-10-14 22:00:56,67.41,12.050000000000002,5.2,13.905000000000001,17.650000000000002,0.0,31.21
2018-10-14 23:00:56,61.013333333333335,8.19,4.515,14.04,17.9,0.0,31.14
2018-10-15 00:00:56,54.57666666666667,6.19,4.95,18.55,23.97,0.0,25.03
2018-10-15 01:00:56,50.056666666666665,6.525000000000001,6.27,19.474999999999998,25.325,0.0,24.3
2018-10-15 02:00:56,56.44,6.69,4.595,9.03,11.68,0.0,29.51
2018-10-15 03:00:56,46.656666666666666,5.935,4.08,5.785,7.29,0.0,34.0
2018-10-15 04:00:56,38.123333333333335,5.715,3.97,4.609999999999999,5.895,0.0,33.51
2018-10-15 05:00:56,32.446666666666665,7.63,3.9800000000000004,3.6950000000000003,4.91,0.0,34.81
2018-10-15 06:00:56,41.03333333333333,5.5,4.04,9.71,14.545,0.0,29.39
2018-10-15 07:00:56,43.36333333333334,7.995,4.835,22.69,32.92,0.0,30.24
2018-10-15 08:00:56,62.60666666666666,19.26,4.605,40.455,65.17,0.0,12.6
2018-10-15 09:00:56,86.68666666666667,25.23,6.085000000000001,49.38,93.59499999999998,0.0,9.81
2018-10-15 10:00:56,96.46,23.885,9.095,39.71,77.055,0.0,28.51
2018-10-15 11:00:56,93.33,19.34,6.449999999999999,17.905,25.054999999999996,0.0,28.55
2018-10-15 12:00:56,75.79,11.530000000000001,5.37,19.99,29.385,0.0,27.61
2018-10-15 13:00:56,21.52,0.0,1.54,0.0,0.0,0.0,0.0
2018-10-15 14:00:56,29.613333333333333,0.265,5.715,3.3200000000000003,4.46,0.0,0.0
2018-10-15 15:00:56,31.88,0.0,1.78,0.0,0.0,0.0,0.0
2018-10-15 16:00:56,20.80333333333333,0.0,1.8549999999999998,0.0,0.0,0.0,0.0
2018-10-15 17:00:56,51.91,3.7650000000000006,1.84,15.299999999999999,24.33,0.0,17.13
2018-10-15 18:00:56,82.61666666666667,2.9500000000000006,1.675,17.685000000000002,23.040000000000003,0.0,20.45
2018-10-15 19:00:56,104.30333333333334,12.96,1.8549999999999998,23.26,25.485,0.0,22.27
2018-10-15 20:00:56,144.61666666666667,20.755,1.715,37.23,40.735,0.0,23.05
2018-10-15 21:00:56,184.41333333333333,23.755,1.575,52.71,71.165,0.0,9.2
2018-10-15 22:00:56,215.37333333333333,28.01,1.86,59.955000000000005,86.23,0.0,3.83
2018-10-15 23:00:56,242.57666666666668,34.72,1.955,50.945,81.315,0.0,8.8
2018-10-16 00:00:56,272.59666666666664,36.91,2.255,46.885,76.16000000000001,0.0,7.54
2018-10-16 01:00:56,258.24333333333334,36.69,2.45,47.415,77.105,0.0,2.13
2018-10-16 02:00:56,245.48333333333335,44.145,2.67,46.405,65.005,0.0,3.55
2018-10-16 03:00:56,267.5833333333333,50.395,2.565,40.385,64.60000000000001,0.0,2.36
2018-10-16 04:00:56,300.71000000000004,45.794999999999995,2.6,38.86000000000001,67.8,0.0,2.79
2018-10-16 05:00:56,342.63,42.68,8.085,38.67,58.195,0.0,2.43
2018-10-16 06:00:56,381.0466666666666,51.41,9.375,35.25,48.629999999999995,0.0,2.54
2018-10-16 07:00:56,411.9433333333333,47.26500000000001,6.850000000000001,33.02,61.255,0.0,2.31
2018-10-16 08:00:56,469.8066666666667,45.305,7.7250000000000005,39.95,91.195,0.0,2.42
2018-10-16 09:00:56,501.20666666666665,53.78,35.87,56.84,158.975,0.0,2.11
2018-10-16 10:00:56,609.4533333333334,72.24,29.709999999999997,43.080000000000005,70.18,0.0,7.24
2018-10-16 11:00:56,628.6966666666667,68.92,42.495,47.629999999999995,74.535,0.0,7.07
2018-10-16 12:00:56,532.2366666666667,66.73,24.615,35.870000000000005,43.355,0.0,15.98
2018-10-16 13:00:56,244.2133333333333,63.669999999999995,14.329999999999998,36.16,42.150000000000006,0.0,17.48
2018-10-16 14:00:56,793.2766666666666,61.52,6.53,23.175,22.295,0.0,25.42
2018-10-16 15:00:56,714.5633333333334,58.595,10.62,31.155,32.73,0.0,21.8
2018-10-16 16:00:56,664.9166666666666,47.51,6.565,37.775,43.06999999999999,0.0,21.91
2018-10-16 17:00:56,624.16,44.535,4.715,29.765,31.76,0.0,28.69
2018-10-16 18:00:56,566.2166666666667,53.28,4.955,35.805,38.27,0.0,22.21
2018-10-16 19:00:56,460.53,50.09,5.03,42.82500000000001,46.085,0.0,13.57
2018-10-16 20:00:56,347.93,35.905,4.635000000000001,41.59,46.345,0.0,12.72
2018-10-16 21:00:56,269.06666666666666,32.365,6.185,38.425000000000004,50.94499999999999,0.0,14.55
2018-10-16 22:00:56,118.12666666666667,33.49,7.364999999999999,26.865,30.145,0.0,24.44
2018-10-16 23:00:56,107.01666666666665,29.84,5.705000000000001,28.16,29.655,0.0,24.17
2018-10-17 00:00:56,100.22666666666666,22.834999999999997,5.984999999999999,31.175,35.915,0.0,21.39
2018-10-17 01:00:56,381.50333333333333,17.94,6.105,16.935,25.435,0.0,25.26
2018-10-17 02:00:56,264.38666666666666,25.804999999999996,4.72,18.965,27.325,0.0,19.96
2018-10-17 03:00:56,201.66,27.13,4.449999999999999,21.49,29.310000000000002,0.0,15.79
2018-10-17 04:00:56,177.37333333333333,31.235,4.205,24.495000000000005,32.995000000000005,0.0,12.1
2018-10-17 05:00:56,164.45333333333332,28.275000000000002,3.4000000000000004,26.22,33.65,0.0,10.18
2018-10-17 06:00:56,154.75666666666666,26.459999999999997,3.27,25.115,36.0,0.0,8.25
2018-10-17 07:00:56,154.51333333333332,27.515,3.09,27.745,42.555,0.0,11.13
2018-10-17 08:00:56,156.73333333333335,25.78,3.155,41.07,69.92,0.0,3.51
2018-10-17 09:00:56,185.22333333333333,44.98499999999999,4.71,44.080000000000005,96.84500000000001,0.0,2.67
2018-10-17 10:00:56,215.0,52.805,16.86,49.095,90.53500000000001,0.0,5.37
2018-10-17 11:00:56,205.16666666666666,49.775000000000006,12.235,43.31,62.185,0.0,10.98
2018-10-17 12:00:56,170.04000000000002,41.06,11.13,38.885,53.785,0.0,12.66
2018-10-17 13:00:56,151.63,28.34,13.344999999999999,37.095,49.885,0.0,15.33
2018-10-17 14:00:56,158.5533333333333,21.584999999999997,12.115,32.24,40.735,0.0,23.57
2018-10-17 15:00:56,155.01666666666668,19.095,8.89,34.42,42.39,0.0,26.3
2018-10-17 16:00:56,161.32,15.854999999999999,7.140000000000001,41.265,53.745000000000005,0.0,18.18
2018-10-17 17:00:56,167.22,21.03,8.44,46.080000000000005,58.800000000000004,0.0,20.27
2018-10-17 18:00:56,174.29666666666665,20.825,7.055,64.14999999999999,86.675,0.0,16.41
2018-10-17 19:00:56,171.65,28.91,5.8,90.875,170.615,0.0,10.47
2018-10-17 20:00:56,169.71333333333334,33.699999999999996,6.7299999999999995,106.515,240.45000000000002,0.0,3.64
2018-10-17 21:00:56,171.65666666666667,31.02,7.449999999999999,58.03,82.455,0.0,9.96
2018-10-17 22:00:56,168.22333333333333,27.77,7.37,60.51500000000001,83.83999999999999,0.0,4.78
2018-10-17 23:00:56,147.05,28.275000000000002,7.164999999999999,73.515,115.04,0.0,4.23
2018-10-18 00:00:56,134.80666666666667,29.935000000000002,7.2250000000000005,70.425,102.03500000000001,0.0,4.6
2018-10-18 01:00:56,132.45333333333335,31.679999999999996,7.55,60.44499999999999,89.505,0.0,3.86
2018-10-18 02:00:56,129.92333333333332,28.28,9.94,49.70000000000001,64.64,0.0,3.02
2018-10-18 03:00:56,138.51000000000002,36.94,8.01,44.504999999999995,60.115,0.0,2.27
2018-10-18 04:00:56,140.85666666666665,34.53,7.515000000000001,42.70000000000001,54.145,0.0,2.58
2018-10-18 05:00:56,134.0,36.765,4.625,42.09,53.705000000000005,0.0,3.21
2018-10-18 06:00:56,128.28666666666666,42.25,3.3349999999999995,38.545,55.115,0.0,2.46
2018-10-18 07:00:56,123.99666666666667,40.525,2.985,41.61,86.055,0.0,2.98
2018-10-18 08:00:56,140.94,46.455000000000005,4.315,57.495000000000005,167.035,0.0,2.8
2018-10-18 09:00:56,172.21666666666667,56.855,18.675,57.085,151.475,0.0,2.25
2018-10-18 10:00:56,196.7166666666667,63.800000000000004,39.875,58.39000000000001,107.16000000000001,0.0,5.18
2018-10-18 11:00:56,197.11666666666667,62.665,28.125,49.85999999999999,70.945,0.0,14.01
2018-10-18 12:00:56,170.88333333333333,46.76499999999999,14.71,50.0,65.94,0.0,17.64
2018-10-18 13:00:56,143.53,30.03,7.375,9.135,10.66,0.0,29.75
2018-10-18 14:00:56,129.34333333333333,20.12,4.22,13.525,15.464999999999998,0.0,36.92
2018-10-18 15:00:56,127.66333333333334,16.17,3.2750000000000004,19.575,22.28,0.0,37.47
2018-10-18 16:00:56,118.89666666666666,15.365000000000002,3.1199999999999997,20.285,21.745,0.0,39.65
2018-10-18 17:00:56,132.76666666666668,18.275,4.625,29.45,31.905,0.0,34.19
2018-10-18 18:00:56,145.67333333333332,21.355,4.385,82.25,124.935,0.0,12.13
2018-10-18 19:00:56,173.58666666666667,33.045,7.155,114.64,255.24,0.0,2.91
2018-10-18 20:00:56,221.89333333333332,38.19,11.905000000000001,88.675,175.475,0.0,2.43
2018-10-18 21:00:56,225.46666666666667,42.265,11.655000000000001,60.675000000000004,112.415,0.0,2.65
2018-10-18 22:00:56,235.99333333333334,50.205000000000005,16.335,70.97,133.76999999999998,0.0,2.44
2018-10-18 23:00:56,230.30333333333334,53.96000000000001,26.08,61.98499999999999,136.235,0.0,2.39
2018-10-19 00:00:56,137.43666666666667,54.565,22.52,64.935,147.75,0.0,2.25
2018-10-19 01:00:56,216.97333333333333,56.91,31.365,53.88,117.21499999999999,0.0,2.48
2018-10-19 02:00:56,226.85,63.14000000000001,45.120000000000005,54.955000000000005,124.06,0.0,2.14
2018-10-19 03:00:56,242.92666666666668,77.125,31.0,51.565,103.105,0.0,1.84
2018-10-19 04:00:56,206.95333333333332,70.91,25.819999999999997,41.875,76.3,0.0,2.65
2018-10-19 05:00:56,195.09666666666666,65.05,24.58,41.51499999999999,82.64999999999999,0.0,2.12
2018-10-19 06:00:56,180.96,62.47,25.63,39.61,78.61,0.0,2.64
2018-10-19 07:00:56,172.40666666666667,61.645,19.73,40.66,99.94,0.0,2.7
2018-10-19 08:00:56,174.38666666666666,59.27,18.22,51.37,167.325,0.0,2.23
2018-10-19 09:00:56,197.0666666666667,61.56999999999999,49.81999999999999,51.745000000000005,139.77,0.0,2.43
2018-10-19 10:00:56,220.62,66.51,47.775,52.535000000000004,98.46499999999999,0.0,4.3
2018-10-19 11:00:56,201.28666666666666,63.495,24.97,44.615,67.39,0.0,15.79
2018-10-19 12:00:56,180.59,44.044999999999995,13.575000000000001,34.105,44.665,0.0,24.55
2018-10-19 13:00:56,147.9,31.814999999999998,7.414999999999999,22.444999999999997,27.09,0.0,36.95
2018-10-19 14:00:56,121.50999999999999,22.28,6.4750000000000005,21.665000000000003,26.08,0.0,37.99
2018-10-19 15:00:56,133.82666666666665,20.45,7.8500000000000005,22.985,25.8,0.0,40.73
2018-10-19 16:00:56,129.54333333333332,17.895,6.544999999999999,23.834999999999997,26.040000000000003,0.0,40.18
2018-10-19 17:00:56,138.52666666666667,18.88,3.93,34.805,38.5,0.0,29.51
2018-10-19 18:00:56,154.98666666666665,21.08,5.385000000000001,63.095,70.86,0.0,17.24
2018-10-19 19:00:56,171.51333333333332,26.005,6.300000000000001,81.6,162.03,0.0,3.82
2018-10-19 20:00:56,204.23333333333332,34.17,8.100000000000001,100.795,237.26,0.0,2.15
2018-10-19 21:00:56,217.62,41.825,20.62,85.55,165.57,0.0,2.19
2018-10-19 22:00:56,224.14,45.4,22.064999999999998,74.28,162.35,0.0,2.68
2018-10-19 23:00:56,226.59333333333333,46.995000000000005,21.635,75.46000000000001,143.60000000000002,0.0,2.53
2018-10-20 00:00:56,201.6966666666667,41.11000000000001,21.595,70.925,137.06,0.0,2.28
2018-10-20 01:00:56,203.36333333333334,40.525,17.825,56.625,85.875,0.0,2.55
2018-10-20 02:00:56,203.31,45.215,11.420000000000002,57.34,80.21,0.0,2.66
2018-10-20 03:00:56,178.13666666666666,47.64000000000001,9.56,44.91,58.555,0.0,4.14
2018-10-20 04:00:56,169.59333333333333,45.465,17.48,48.445,58.955000000000005,0.0,3.53
2018-10-20 05:00:56,171.01666666666665,49.945,34.27,45.335,54.915,0.0,3.51
2018-10-20 06:00:56,195.22000000000003,65.245,19.83,39.27,47.51500000000001,0.0,2.85
2018-10-20 07:00:56,198.99,64.135,10.895000000000001,32.26,46.16,0.0,2.81
2018-10-20 08:00:56,168.04666666666668,55.185,11.44,41.605,91.17,0.0,2.59
2018-10-20 09:00:56,198.71666666666667,65.75,33.03,53.79,144.54999999999998,0.0,2.75
2018-10-20 10:00:56,234.57,71.69,32.725,43.595,80.395,0.0,6.75
2018-10-20 11:00:56,214.25,67.67,15.659999999999998,25.445000000000004,36.775,0.0,16.78
2018-10-20 12:00:56,177.79,46.445,13.765,25.8,34.515,0.0,23.97
2018-10-20 13:00:56,154.93,32.425000000000004,17.47,36.14,42.565,0.0,21.04
2018-10-20 14:00:56,156.66333333333333,22.12,15.339999999999998,55.675000000000004,84.485,0.0,8.09
2018-10-20 15:00:56,151.25666666666666,27.58,11.645000000000001,43.82,60.785,0.0,17.37
2018-10-20 16:00:56,118.32666666666667,28.195000000000004,6.1499999999999995,32.185,41.1,0.0,31.78
2018-10-20 17:00:56,87.50666666666666,18.02,5.175,46.48,55.305,0.0,23.22
2018-10-20 18:00:56,87.52666666666666,11.415,5.785,75.53,107.565,0.0,11.38
2018-10-20 19:00:56,105.54,14.485,7.5249999999999995,65.84,83.685,0.0,14.3
2018-10-20 20:00:56,116.9,18.27,8.305,53.135,64.995,0.0,21.94
2018-10-20 21:00:56,114.76666666666667,26.005,8.04,38.300000000000004,47.60999999999999,0.0,23.32
2018-10-20 22:00:56,114.19999999999999,33.695,7.45,32.405,39.99,0.0,17.67
2018-10-20 23:00:56,109.25666666666666,32.985,6.565,27.099999999999998,34.105,0.0,18.65
2018-10-21 00:00:56,98.28,28.45,5.830000000000001,24.145,28.885,0.0,24.08
2018-10-21 01:00:56,74.91333333333333,19.645,5.84,18.035,19.515,0.0,29.31
2018-10-21 02:00:56,55.38666666666667,12.435000000000002,4.625,17.09,19.425,0.0,21.41
2018-10-21 03:00:56,55.74,17.835,4.045,19.705,22.060000000000002,0.0,21.37
2018-10-21 04:00:56,46.21666666666667,21.599999999999998,3.9299999999999997,11.700000000000001,12.795,0.0,32.14
2018-10-21 05:00:56,32.92666666666667,13.594999999999999,3.475,9.21,9.78,0.0,32.63
2018-10-21 06:00:56,23.87,8.770000000000001,3.4249999999999994,11.43,11.685,0.0,29.75
2018-10-21 07:00:56,23.606666666666666,9.925,3.185,19.09,22.17,0.0,19.01
2018-10-21 08:00:56,23.746666666666666,8.43,3.0849999999999995,29.689999999999998,42.49,0.0,10.92
2018-10-21 09:00:56,29.75,9.54,2.84,37.6,49.87,0.0,9.54
2018-10-21 10:00:56,43.30666666666667,20.285,3.4150000000000005,38.815,53.26,0.0,9.69
2018-10-21 11:00:56,39.21666666666667,21.255,7.234999999999999,33.215,45.15,0.0,17.2
2018-10-21 12:00:56,27.246666666666666,13.555,9.505,22.189999999999998,27.540000000000003,0.0,28.65
2018-10-21 13:00:56,25.516666666666666,12.685,7.205000000000001,26.064999999999998,31.515,0.0,28.58
2018-10-21 14:00:56,32.736666666666665,17.724999999999998,8.73,27.23,34.085,0.0,27.15
2018-10-21 15:00:56,32.56,16.84,6.8549999999999995,21.745,25.28,0.0,26.27
2018-10-21 16:00:56,31.53666666666667,11.450000000000001,4.6499999999999995,27.27,35.315,0.0,18.64
2018-10-21 17:00:56,38.24333333333333,9.145,3.84,18.015,21.929999999999996,0.0,27.26
2018-10-21 18:00:56,34.836666666666666,5.73,4.195,28.53,35.015,0.0,21.54
2018-10-21 19:00:56,30.803333333333335,7.510000000000001,3.69,43.53,56.805,0.0,8.22
2018-10-21 20:00:56,48.416666666666664,11.354999999999999,3.67,48.875,67.025,0.0,6.47
2018-10-21 21:00:56,65.91,20.21,3.895,46.725,60.305,0.0,6.19
2018-10-21 22:00:56,68.90666666666667,20.505,4.03,42.415,66.285,0.0,7.74
2018-10-21 23:00:56,60.11333333333334,16.069999999999997,4.390000000000001,28.209999999999997,38.345,0.0,13.84
2018-10-22 00:00:56,46.873333333333335,10.88,4.65,23.515,27.97,0.0,16.71
2018-10-22 01:00:56,46.41,11.32,4.54,22.34,27.899999999999995,0.0,15.0
2018-10-22 02:00:56,43.07666666666667,11.354999999999999,4.23,17.735,20.525000000000002,0.0,14.56
2018-10-22 03:00:56,45.13666666666667,12.589999999999998,4.484999999999999,8.39,10.255,0.0,21.64
2018-10-22 04:00:56,39.38,8.39,3.9599999999999995,5.2250000000000005,6.11,0.0,26.21
2018-10-22 05:00:56,26.88,6.165,4.335,9.47,11.195,0.0,20.68
2018-10-22 06:00:56,17.1,6.1000000000000005,4.58,11.075000000000001,11.865,0.0,19.09
2018-10-22 07:00:56,24.39,10.94,4.5249999999999995,14.01,15.74,0.0,18.28
2018-10-22 08:00:56,28.336666666666666,11.43,4.59,30.605,47.315,0.0,11.27
2018-10-22 09:00:56,29.85,12.905,4.78,40.21,59.85,0.0,11.05
2018-10-22 10:00:56,38.56333333333333,18.215,5.260000000000001,26.475000000000005,34.585,0.0,21.87
2018-10-22 11:00:56,37.583333333333336,17.56,6.005,19.885,25.25,0.0,25.21
2018-10-22 12:00:56,25.21666666666667,13.245,6.359999999999999,19.615,24.795,0.0,26.79
2018-10-22 13:00:56,17.419999999999998,8.59,6.38,15.979999999999999,21.285,0.0,30.93
2018-10-22 14:00:56,12.953333333333333,6.5,5.69,27.03,38.31,0.0,23.51
2018-10-22 15:00:56,17.78666666666667,3.89,5.495,27.590000000000003,37.645,0.0,23.7
2018-10-22 16:00:56,27.856666666666666,8.665,5.3,22.845,30.995,0.0,26.64
2018-10-22 17:00:56,30.97,7.294999999999999,6.449999999999999,20.7,35.05,0.0,16.89
2018-10-22 18:00:56,30.39,5.265000000000001,5.915,32.695,47.69,0.0,14.77
2018-10-22 19:00:56,41.34,7.050000000000001,5.640000000000001,42.2,61.65,0.0,12.28
2018-10-22 20:00:56,47.39666666666667,9.435,5.825,43.589999999999996,64.095,0.0,9.27
2018-10-22 21:00:56,58.46,13.255,5.56,55.29,89.755,0.0,4.18
2018-10-22 22:00:56,69.68,23.365,5.5,51.919999999999995,89.31,0.0,4.07
2018-10-22 23:00:56,68.95333333333333,30.16,5.1499999999999995,48.425000000000004,85.46,0.0,5.01
2018-10-23 00:00:56,72.76,31.665000000000003,4.5249999999999995,38.885,75.5,0.0,2.31
2018-10-23 01:00:56,93.96666666666665,29.59,4.695,33.24,69.895,0.0,2.59
2018-10-23 02:00:56,109.72333333333333,33.025,4.935,33.635,64.215,0.0,2.34
2018-10-23 03:00:56,113.57333333333334,45.23499999999999,4.715,31.564999999999998,59.955000000000005,0.0,2.16
2018-10-23 04:00:56,99.64333333333333,42.88,4.63,26.885,55.205000000000005,0.0,2.06
2018-10-23 05:00:56,91.82,46.03,3.9299999999999997,25.605,48.13,0.0,1.97
2018-10-23 06:00:56,94.09333333333333,38.015,3.5700000000000003,21.675,41.04,0.0,1.75
2018-10-23 07:00:56,89.05666666666666,32.34,3.53,21.34,46.705000000000005,0.0,2.24
2018-10-23 08:00:56,93.75,38.02,3.535,34.64,135.215,0.0,2.31
2018-10-23 09:00:56,102.95,41.825,3.8249999999999997,37.245000000000005,116.96,0.0,2.35
2018-10-23 10:00:56,145.82666666666665,56.68000000000001,13.729999999999999,37.395,84.565,0.0,3.73
2018-10-23 11:00:56,159.62,68.945,20.325,28.615,55.55500000000001,0.0,7.87
2018-10-23 12:00:56,130.27666666666667,73.67500000000001,10.395,25.75,41.53,0.0,12.21
2018-10-23 13:00:56,88.58666666666666,23.26,7.359999999999999,20.695,27.905,0.0,23.72
2018-10-23 14:00:56,62.25333333333333,14.949999999999998,5.915,24.965000000000003,30.695000000000004,0.0,30.54
2018-10-23 15:00:56,48.15,11.699999999999998,5.17,24.995,36.92,0.0,24.65
2018-10-23 16:00:56,43.55,14.015,4.435,17.385,21.155,0.0,39.38
2018-10-23 17:00:56,45.13666666666667,8.505,5.205,33.645,35.73,0.0,34.18
2018-10-23 18:00:56,66.66333333333334,5.945,6.8,77.82,139.07000000000002,0.0,14.82
2018-10-23 19:00:56,101.59333333333333,19.145,9.09,107.305,240.34,0.0,2.71
2018-10-23 20:00:56,146.23000000000002,37.91,13.945,86.57499999999999,157.53,0.0,3.88
2018-10-23 21:00:56,135.01999999999998,44.074999999999996,9.405,73.395,155.705,0.0,2.74
2018-10-23 22:00:56,140.98666666666668,45.794999999999995,9.03,68.2,166.35500000000002,0.0,2.63
2018-10-23 23:00:56,157.38333333333333,53.475,8.505,64.675,159.505,0.0,3.32
2018-10-24 00:00:56,154.20666666666665,66.515,7.390000000000001,58.15,175.55499999999998,0.0,2.71
2018-10-24 01:00:56,151.25666666666666,72.92,6.035,51.824999999999996,135.135,0.0,1.78
2018-10-24 02:00:56,133.66,56.824999999999996,5.445,45.02,101.46999999999998,0.0,1.85
2018-10-24 03:00:56,116.48333333333335,53.074999999999996,4.875,36.6,98.39999999999999,0.0,2.29
2018-10-24 04:00:56,100.75666666666666,46.26500000000001,4.63,33.53,81.755,0.0,1.7
2018-10-24 05:00:56,98.15666666666667,41.53,3.9150000000000005,28.3,63.135,0.0,2.2
2018-10-24 06:00:56,91.13,37.3,3.5400000000000005,28.99,57.525,0.0,2.56
2018-10-24 07:00:56,98.05333333333333,40.665,3.51,30.73,91.22499999999998,0.0,2.31
2018-10-24 08:00:56,109.47,45.07,3.455,35.65,120.315,0.0,1.85
2018-10-24 09:00:56,137.14666666666668,47.965,3.9150000000000005,44.675000000000004,150.19,0.0,1.5
2018-10-24 10:00:56,172.2,60.0,4.6,56.54999999999999,175.93500000000003,0.0,1.74
2018-10-24 11:00:56,183.44666666666666,70.7,15.714999999999998,63.56,140.925,0.0,6.68
2018-10-24 12:00:56,172.87,66.95,40.25,71.56,156.43499999999997,0.0,6.17
2018-10-24 13:00:56,196.92,72.24,40.690000000000005,59.870000000000005,86.90500000000002,0.0,13.87
2018-10-24 14:00:56,161.76333333333335,65.74,28.105,52.39000000000001,66.005,0.0,19.97
2018-10-24 15:00:56,124.03666666666668,50.04,21.855,35.645,43.245000000000005,0.0,24.56
2018-10-24 16:00:56,111.10666666666667,29.814999999999998,11.31,21.12,28.495,0.0,35.6
2018-10-24 17:00:56,103.27,19.459999999999997,8.94,16.935,21.439999999999998,0.0,36.51
2018-10-24 18:00:56,94.81333333333333,13.590000000000002,8.775,32.33,43.51500000000001,0.0,23.38
2018-10-24 19:00:56,96.39333333333333,20.19,10.0,85.64999999999999,152.025,0.0,3.66
2018-10-24 20:00:56,109.82333333333334,26.695000000000004,12.87,63.54,102.58999999999999,0.0,7.53
2018-10-24 21:00:56,104.50333333333333,28.165000000000003,7.195,46.6,66.535,0.0,11.74
2018-10-24 22:00:56,74.18,23.76,6.6499999999999995,58.705000000000005,86.3,0.0,7.34
2018-10-24 23:00:56,62.39000000000001,24.12,7.695,41.845,59.975,0.0,15.41
2018-10-25 00:00:56,53.05,21.31,7.875,23.310000000000002,30.564999999999998,0.0,26.28
2018-10-25 01:00:56,41.38666666666667,14.409999999999998,5.390000000000001,13.14,18.599999999999998,0.0,28.51
2018-10-25 02:00:56,36.846666666666664,9.22,3.7300000000000004,9.505,14.155000000000001,0.0,27.48
2018-10-25 03:00:56,28.506666666666664,6.685,3.1400000000000006,4.505,8.32,0.0,33.61
2018-10-25 04:00:56,17.87,4.695,2.8800000000000003,2.125,2.6950000000000003,0.0,38.35
2018-10-25 05:00:56,12.963333333333333,3.455,2.645,2.01,2.485,0.0,37.47
2018-10-25 06:00:56,13.843333333333334,4.385,2.99,3.6300000000000003,6.495,0.0,36.19
2018-10-25 07:00:56,12.036666666666667,3.6,3.6149999999999998,6.294999999999999,9.745,0.0,33.46
2018-10-25 08:00:56,13.576666666666668,7.484999999999999,3.905,16.1,21.07,0.0,26.95
2018-10-25 09:00:56,16.47,9.69,2.8349999999999995,25.685,33.475,0.0,20.06
2018-10-25 10:00:56,22.873333333333335,9.17,2.9150000000000005,16.825,23.01,0.0,24.82
2018-10-25 11:00:56,26.84,7.75,2.74,16.335,22.355,0.0,22.13
2018-10-25 12:00:56,23.94666666666667,8.515,1.03,19.605,30.705,0.0,27.52
2018-10-25 13:00:56,15.526666666666666,9.595,3.91,5.935,11.6,0.0,29.14
2018-10-25 14:00:56,14.836666666666666,4.595,4.675,16.885,24.429999999999996,0.0,27.6
2018-10-25 15:00:56,12.666666666666666,9.79,4.535,17.82,26.24,0.0,25.27
2018-10-25 16:00:56,11.6,5.794999999999999,4.5249999999999995,11.94,18.11,0.0,26.6
2018-10-25 17:00:56,9.906666666666666,5.25,4.7700000000000005,16.48,25.41,0.0,25.73
2018-10-25 18:00:56,10.816666666666666,1.305,4.57,21.540000000000003,30.36,0.0,22.31
2018-10-25 19:00:56,13.633333333333333,7.905000000000001,5.5,22.665000000000003,31.885,0.0,23.43
2018-10-25 20:00:56,14.763333333333334,6.664999999999999,5.045,25.709999999999997,40.105,0.0,19.61
2018-10-25 21:00:56,11.52,7.825,5.56,28.054999999999996,40.5,0.0,18.07
2018-10-25 22:00:56,12.176666666666668,6.145,7.835000000000001,26.095,33.669999999999995,0.0,15.18
2018-10-25 23:00:56,27.513333333333332,15.200000000000001,7.960000000000001,28.685000000000002,39.03,0.0,12.27
2018-10-26 00:00:56,33.53,12.455,6.919999999999999,18.575000000000003,26.555000000000003,0.0,16.04
2018-10-26 01:00:56,27.44666666666667,12.205,4.88,6.86,10.674999999999999,0.0,22.04
2018-10-26 02:00:56,23.773333333333333,10.235,4.26,3.4599999999999995,6.77,0.0,25.2
2018-10-26 03:00:56,19.743333333333332,7.71,3.535,1.835,2.235,0.0,26.25
2018-10-26 04:00:56,14.05,6.919999999999999,3.25,3.56,4.065,0.0,25.49
2018-10-26 05:00:56,11.546666666666667,5.364999999999999,2.9149999999999996,6.120000000000001,8.94,0.0,23.85
2018-10-26 06:00:56,15.596666666666668,3.2449999999999997,2.765,16.015,25.03,0.0,9.67
2018-10-26 07:00:56,23.74666666666667,11.045,2.6799999999999997,23.64,34.855,0.0,4.83
2018-10-26 08:00:56,43.66,21.06,2.8200000000000003,40.15,112.02499999999999,0.0,2.85
2018-10-26 09:00:56,60.22,29.49,3.9599999999999995,40.02,95.72500000000001,0.0,7.83
2018-10-26 10:00:56,54.06999999999999,35.08,11.695,20.585,35.6,0.0,16.62
2018-10-26 11:00:56,39.7,30.169999999999998,13.795000000000002,15.229999999999999,24.495,0.0,22.34
2018-10-26 12:00:56,33.876666666666665,28.125,4.59,9.015,14.949999999999998,0.0,30.44
2018-10-26 13:00:56,31.1,16.895,4.43,8.375,12.715000000000002,0.0,32.96
2018-10-26 14:00:56,27.99666666666667,10.049999999999999,4.29,7.260000000000001,10.735,0.0,35.3
2018-10-26 15:00:56,27.116666666666667,8.225000000000001,3.285,10.57,14.034999999999998,0.0,32.35
2018-10-26 16:00:56,25.80666666666667,5.25,3.365,16.195,21.365,0.0,28.72
2018-10-26 17:00:56,31.07,10.07,4.58,22.38,25.66,0.0,27.4
2018-10-26 18:00:56,43.266666666666666,12.21,5.315,32.56,36.765,0.0,20.6
2018-10-26 19:00:56,54.28333333333334,11.135,8.655,64.515,101.81,0.0,6.61
2018-10-26 20:00:56,91.35333333333334,19.040000000000003,19.325,94.815,215.32000000000002,0.0,2.59
2018-10-26 21:00:56,126.92333333333333,45.1,18.53,81.49000000000001,198.235,0.0,2.76
2018-10-26 22:00:56,145.87666666666667,63.949999999999996,11.964999999999998,63.85,150.775,0.0,2.0
2018-10-26 23:00:56,144.12666666666667,73.035,11.199999999999998,58.919999999999995,133.42,0.0,2.77
2018-10-27 00:00:56,143.19,79.55499999999999,7.415,55.155,138.92,0.0,1.66
2018-10-27 01:00:56,144.31666666666666,75.53999999999999,6.345,48.63999999999999,127.375,0.0,2.06
2018-10-27 02:00:56,132.9,67.155,6.515000000000001,43.59,114.61,0.0,2.0
2018-10-27 03:00:56,124.01333333333334,59.195,5.515000000000001,39.475,94.21999999999998,0.0,2.02
2018-10-27 04:00:56,105.48333333333335,54.59,4.955,36.51,70.94,0.0,5.99
2018-10-27 05:00:56,86.99666666666667,48.785,3.61,31.575,63.86000000000001,0.0,7.3
2018-10-27 06:00:56,75.83666666666667,37.815,3.3249999999999997,31.92,61.199999999999996,0.0,2.47
2018-10-27 07:00:56,73.12,43.705000000000005,3.3249999999999997,31.929999999999996,66.155,0.0,1.51
2018-10-27 08:00:56,79.66333333333333,48.525,3.295,35.96,96.005,0.0,2.06
2018-10-27 09:00:56,106.07666666666667,56.47,7.085000000000001,46.115,124.145,0.0,2.49
2018-10-27 10:00:56,135.43666666666667,68.08999999999999,27.595,50.93,110.10000000000001,0.0,3.52
2018-10-27 11:00:56,147.16666666666666,71.575,33.004999999999995,49.285,85.445,0.0,5.52
2018-10-27 12:00:56,124.80666666666667,60.675000000000004,15.384999999999998,24.034999999999997,34.96,0.0,24.4
2018-10-27 13:00:56,79.75666666666666,41.215,15.964999999999998,16.725,20.765,0.0,33.19
2018-10-27 14:00:56,54.19333333333333,24.48,8.615,14.305,16.055,0.0,35.96
2018-10-27 15:00:56,44.983333333333334,18.145,7.57,3.65,4.59,0.0,36.91
2018-10-27 16:00:56,39.00333333333334,12.450000000000001,5.550000000000001,18.93,21.099999999999998,0.0,35.73
2018-10-27 17:00:56,35.986666666666665,8.61,3.89,25.284999999999997,28.180000000000003,0.0,26.3
2018-10-27 18:00:56,38.68,7.425,4.99,41.830000000000005,47.0,0.0,17.44
2018-10-27 19:00:56,53.13,13.950000000000001,8.969999999999999,63.400000000000006,84.50999999999999,0.0,6.27
2018-10-27 20:00:56,81.75666666666666,26.22,15.24,86.955,161.065,0.0,2.96
2018-10-27 21:00:56,109.90666666666665,38.25,24.595,82.50999999999999,146.07000000000002,0.0,1.64
2018-10-27 22:00:56,119.19333333333334,50.84,21.689999999999998,76.44,153.385,0.0,1.99
2018-10-27 23:00:56,118.89666666666666,59.565,13.605000000000002,74.52499999999999,190.295,0.0,2.19
2018-10-28 00:00:56,143.40666666666667,75.715,9.615,66.46499999999999,192.09,0.0,2.16
2018-10-28 01:00:56,163.65,83.215,8.77,62.24,225.39,0.0,2.18
2018-10-28 02:00:56,170.81,88.665,11.35,57.255,217.025,0.0,1.98
2018-10-28 03:00:56,177.61333333333334,98.37,10.16,49.60999999999999,171.11,0.0,2.36
2018-10-28 04:00:56,169.38,86.88,7.5249999999999995,43.28,117.43,0.0,1.83
2018-10-28 05:00:56,143.56666666666666,72.465,7.039999999999999,38.255,94.12,0.0,2.22
2018-10-28 06:00:56,127.44999999999999,65.19,5.989999999999999,36.335,91.67,0.0,2.45
2018-10-28 07:00:56,126.78333333333333,66.83999999999999,5.085,37.419999999999995,88.13,0.0,8.14
2018-10-28 08:00:56,115.22333333333334,69.55,4.055,34.915,93.71,0.0,3.67
2018-10-28 09:00:56,123.86,68.59,28.135,45.59,113.63,0.0,3.12
2018-10-28 10:00:56,140.90666666666667,79.19,58.41,58.574999999999996,112.86,0.0,2.55
2018-10-28 11:00:56,139.45000000000002,78.36500000000001,26.600000000000005,37.145,53.845,0.0,10.51
2018-10-28 12:00:56,103.69666666666666,58.845,14.83,29.959999999999997,38.11,0.0,23.83
2018-10-28 13:00:56,65.97,37.82,8.395,26.67,32.725,0.0,27.8
2018-10-28 14:00:56,42.92333333333333,22.955,6.395,29.584999999999997,37.385,0.0,28.22
2018-10-28 15:00:56,42.65333333333333,14.925000000000002,7.25,30.92,35.61,0.0,30.26
2018-10-28 16:00:56,40.58,11.074999999999998,7.050000000000001,33.63,38.455,0.0,28.13
2018-10-28 17:00:56,48.06666666666666,8.450000000000001,9.084999999999999,42.775,55.04,0.0,22.65
2018-10-28 18:00:56,65.93333333333334,15.83,13.480000000000002,95.76,244.255,0.0,3.72
2018-10-28 19:00:56,113.20666666666666,34.85,22.474999999999998,108.06,293.245,0.0,2.8
2018-10-28 20:00:56,164.07666666666665,56.23499999999999,22.060000000000002,93.28000000000002,226.92999999999998,0.0,2.21
2018-10-28 21:00:56,165.17,78.195,22.905,82.23,217.855,0.0,2.69
2018-10-28 22:00:56,163.68333333333334,90.52499999999999,17.155,76.98,245.96,0.0,2.08
2018-10-28 23:00:56,167.35666666666668,92.555,15.435,69.805,200.97,0.0,1.71
2018-10-29 00:00:56,171.98,84.395,14.705,70.185,242.19500000000002,0.0,1.5
2018-10-29 01:00:56,161.65333333333334,80.95,11.230000000000002,62.775000000000006,200.465,0.0,1.5
2018-10-29 02:00:56,163.42666666666668,82.72,11.365,54.449999999999996,166.605,0.0,1.45
2018-10-29 03:00:56,153.64666666666668,85.50999999999999,12.085,47.79,113.63499999999999,0.0,2.26
2018-10-29 04:00:56,141.54,75.045,9.39,41.86,85.865,0.0,2.29
2018-10-29 05:00:56,122.48333333333332,62.79,6.135000000000001,35.765,96.935,0.0,2.27
2018-10-29 06:00:56,103.99666666666667,60.385,5.295,34.085,85.96499999999999,0.0,2.1
2018-10-29 07:00:56,84.53666666666668,53.865,4.7250000000000005,34.65,77.75,0.0,2.35
2018-10-29 08:00:56,89.39666666666666,64.005,4.03,43.395,156.115,0.0,2.11
2018-10-29 09:00:56,123.11666666666667,68.47,11.350000000000001,54.185,193.875,0.0,2.08
2018-10-29 10:00:56,161.91333333333333,81.38499999999999,37.11,55.080000000000005,119.015,0.0,3.27
2018-10-29 11:00:56,170.92666666666668,85.83999999999999,20.0,42.385,68.72500000000001,0.0,7.58
2018-10-29 12:00:56,127.43,68.33,15.520000000000001,34.25,46.285,0.0,20.19
2018-10-29 13:00:56,93.13666666666667,47.98,12.424999999999999,13.745,15.714999999999998,0.0,30.8
2018-10-29 14:00:56,81.87666666666667,30.525000000000002,11.089999999999998,36.485,40.64,0.0,37.63
2018-10-29 15:00:56,73.84333333333333,24.05,11.065,43.870000000000005,50.580000000000005,0.0,29.0
2018-10-29 16:00:56,73.61666666666666,22.3,9.155,55.695,64.775,0.0,24.47
2018-10-29 17:00:56,68.13666666666667,15.645000000000001,16.57,82.69,149.935,0.0,9.07
2018-10-29 18:00:56,98.2,20.495,14.96,127.38,381.16,0.0,3.14
2018-10-29 19:00:56,163.14333333333335,44.16,22.795,119.52,308.90000000000003,0.0,2.06
2018-10-29 20:00:56,208.80333333333334,67.28500000000001,22.210000000000004,111.93,315.245,0.0,3.08
2018-10-29 21:00:56,206.17,84.82,18.09,95.44,292.98,0.0,1.92
2018-10-29 22:00:56,199.83666666666667,85.455,14.985,89.5,284.37,0.0,2.24
2018-10-29 23:00:56,191.07666666666665,83.35000000000001,13.32,85.98500000000001,305.77500000000003,0.0,2.23
2018-10-30 00:00:56,107.33666666666667,95.25999999999999,11.88,71.92,224.715,0.0,1.99
2018-10-30 01:00:56,95.17666666666666,86.695,13.96,60.699999999999996,142.04999999999998,0.0,2.71
2018-10-30 02:00:56,80.48666666666666,78.25,14.735,54.275,112.355,0.0,1.38
2018-10-30 03:00:56,69.94666666666667,62.47,11.829999999999998,44.97,121.42,0.0,2.91
2018-10-30 04:00:56,166.1633333333333,60.71,8.78,40.68,106.43,0.0,1.68
2018-10-30 05:00:56,137.56666666666666,52.775000000000006,7.19,36.345,86.315,0.0,2.3
2018-10-30 06:00:56,122.14666666666666,54.6,5.755,33.295,80.9,0.0,2.6
2018-10-30 07:00:56,116.85,50.305,4.4,34.515,102.335,0.0,2.55
2018-10-30 08:00:56,116.36333333333332,58.85999999999999,4.695,54.585,205.69500000000002,0.0,2.17
2018-10-30 09:00:56,140.06333333333333,68.17,18.669999999999998,67.21,253.015,0.0,2.91
2018-10-30 10:00:56,184.83,88.88,42.455,70.88,164.04999999999998,0.0,1.77
2018-10-30 11:00:56,205.34333333333333,95.82,30.03,61.19,104.53500000000001,0.0,5.46
2018-10-30 12:00:56,169.34333333333333,79.24000000000001,25.245,53.51,74.17,0.0,16.56
2018-10-30 13:00:56,134.8033333333333,62.45000000000001,12.13,39.42,49.73499999999999,0.0,25.87
2018-10-30 14:00:56,102.25,41.475,7.794999999999999,23.889999999999997,28.159999999999997,0.0,33.98
2018-10-30 15:00:56,74.25333333333334,23.625,4.835,29.36,33.625,0.0,34.71
2018-10-30 16:00:56,55.78666666666667,19.46,6.760000000000001,43.095,54.800000000000004,0.0,26.39
2018-10-30 17:00:56,57.20666666666667,12.83,9.56,79.925,169.45499999999998,0.0,11.19
2018-10-30 18:00:56,98.88,15.14,10.945,129.64000000000001,427.62000000000006,0.0,2.84
2018-10-30 19:00:56,181.59666666666666,33.935,29.034999999999997,123.49,413.055,0.0,2.65
2018-10-30 20:00:56,232.03,59.15,36.56,102.21,280.785,0.0,2.29
2018-10-30 21:00:56,210.20333333333332,68.33999999999999,28.075,96.03000000000002,332.31500000000005,0.0,2.15
2018-10-30 22:00:56,112.37,76.53,26.474999999999998,89.55,305.06,0.0,2.08
2018-10-30 23:00:56,103.44666666666666,76.885,25.5,76.965,234.525,0.0,2.54
2018-10-31 00:00:56,92.45,77.97,16.235,69.83,224.21,0.0,2.52
2018-10-31 01:00:56,83.96000000000001,70.305,24.909999999999997,63.84,175.80499999999998,0.0,2.61
2018-10-31 02:00:56,180.03,59.99,18.065,50.365,115.35000000000001,0.0,2.07
2018-10-31 03:00:56,142.43333333333334,58.81999999999999,11.780000000000001,45.504999999999995,111.47499999999998,0.0,2.14
2018-10-31 04:00:56,119.41,56.89000000000001,9.69,39.73,81.02,0.0,2.05
2018-10-31 05:00:56,105.12666666666667,48.095,13.685,34.525,51.28,0.0,3.27
2018-10-31 06:00:56,91.36666666666667,40.175,11.29,33.595,64.25,0.0,3.74
2018-10-31 07:00:56,92.35,42.300000000000004,6.925000000000001,39.905,95.96499999999999,0.0,2.89
2018-10-31 08:00:56,87.51333333333332,40.47,5.79,56.775,208.645,0.0,2.18
2018-10-31 09:00:56,122.22666666666667,44.65,27.92,69.755,273.745,0.0,2.76
2018-10-31 10:00:56,179.11,67.795,65.3,87.585,233.07000000000002,0.0,2.51
2018-10-31 11:00:56,196.63,88.64999999999999,28.299999999999997,49.504999999999995,83.52,0.0,8.8
2018-10-31 12:00:56,152.32666666666665,71.685,21.095,47.145,66.505,0.0,19.75
2018-10-31 13:00:56,118.14333333333333,50.835,8.545,29.27,37.955,0.0,27.16
2018-10-31 14:00:56,85.11333333333333,28.310000000000002,7.805,31.310000000000002,38.06,0.0,31.78
2018-10-31 15:00:56,69.57666666666667,21.55,7.685,34.92,39.645,0.0,30.66
2018-10-31 16:00:56,61.10666666666666,14.63,8.46,37.93,43.345,0.0,28.69
2018-10-31 17:00:56,62.70333333333333,16.439999999999998,6.949999999999999,50.145,60.620000000000005,0.0,22.17
2018-10-31 18:00:56,75.88666666666667,18.285,9.525,118.17,296.685,0.0,4.14
2018-10-31 19:00:56,128.46666666666667,29.91,19.92,122.55,384.33500000000004,0.0,2.08
2018-10-31 20:00:56,189.81333333333333,48.455000000000005,16.53,112.85000000000001,367.785,0.0,2.98
2018-10-31 21:00:56,205.54,67.515,19.105,96.39,315.215,0.0,2.34
2018-10-31 22:00:56,203.5,77.21,16.12,84.29,281.32,0.0,2.93
2018-10-31 23:00:56,199.61,83.165,25.790000000000003,72.625,205.735,0.0,1.43
2018-11-01 00:00:56,104.32333333333334,80.67,20.475,66.3,206.57499999999996,0.0,1.24
2018-11-01 01:00:56,151.41666666666666,75.36,20.655,114.545,256.17,0.0,2.21
2018-11-01 02:00:56,154.88333333333333,73.33,21.01,106.40500000000002,193.985,0.0,1.46
2018-11-01 03:00:56,136.79,70.89,22.150000000000002,99.27,155.295,0.0,2.03
2018-11-01 04:00:56,114.96,52.375,15.38,91.735,115.13499999999999,0.0,2.14
2018-11-01 05:00:56,95.97666666666667,46.51,11.875,87.03000000000002,139.05499999999998,0.0,2.42
2018-11-01 06:00:56,91.59333333333332,48.085,8.445,85.705,115.31,0.0,2.43
2018-11-01 07:00:56,90.94333333333333,52.465,6.96,88.65000000000002,136.67499999999998,0.0,2.33
2018-11-01 08:00:56,94.75333333333333,46.855,7.305,115.13,305.08500000000004,0.0,2.93
2018-11-01 09:00:56,128.16666666666666,57.01500000000001,22.24,117.515,299.48,0.0,2.54
2018-11-01 10:00:56,156.4,76.89,36.125,136.295,271.495,0.0,2.06
2018-11-01 11:00:56,195.55666666666667,83.27499999999999,26.905,107.47000000000001,161.445,0.0,5.9
2018-11-01 12:00:56,181.99666666666667,71.69,20.61,93.32,119.125,0.0,12.91
2018-11-01 13:00:56,140.27333333333334,55.025000000000006,14.19,85.54,99.135,0.0,21.53
2018-11-01 14:00:56,102.25999999999999,34.71,10.565,73.84,80.73,0.0,32.1
2018-11-01 15:00:56,68.78,19.285,5.925,86.65500000000002,97.75999999999999,0.0,26.46
2018-11-01 16:00:56,57.84,12.315,13.04,121.495,150.44,0.0,8.88
2018-11-01 17:00:56,107.68666666666667,12.995,36.865,163.315,304.3,0.0,2.32
2018-11-01 18:00:56,93.72,33.52,29.97,173.11,441.33,0.0,2.7
2018-11-01 19:00:56,105.81333333333333,51.32,35.959999999999994,178.995,494.955,0.0,2.61
2018-11-01 20:00:56,117.25666666666666,70.645,48.285,160.01,410.81500000000005,0.0,2.54
2018-11-01 21:00:56,130.84666666666666,76.865,40.83,148.88,379.50499999999994,0.0,2.34
2018-11-01 22:00:56,138.53,87.935,54.855,139.305,317.52,0.0,2.19
2018-11-01 23:00:56,133.92666666666668,89.625,36.49,137.215,353.59,0.0,3.13
2018-11-02 00:00:56,114.88,83.66,42.800000000000004,132.045,320.56,0.0,1.8
2018-11-02 01:00:56,94.08333333333333,78.11,48.72,120.315,254.255,0.0,1.96
2018-11-02 02:00:56,81.39333333333333,68.985,30.845,107.66000000000001,182.15,0.0,2.22
2018-11-02 03:00:56,61.35666666666667,58.30500000000001,31.679999999999996,104.055,171.71,0.0,2.32
2018-11-02 04:00:56,45.38,54.065,30.054999999999996,94.39999999999999,136.365,0.0,2.86
2018-11-02 05:00:56,38.66,49.865,18.26,91.10000000000001,156.72,0.0,2.25
2018-11-02 06:00:56,40.57,47.925000000000004,17.77,88.72500000000001,120.12,0.0,2.42
2018-11-02 07:00:56,45.77,45.324999999999996,12.910000000000002,96.53500000000001,175.76999999999998,0.0,2.54
2018-11-02 08:00:56,55.03333333333333,46.544999999999995,16.58,116.415,274.105,0.0,2.38
2018-11-02 09:00:56,72.22,56.475,38.425,125.625,337.015,0.0,2.5
2018-11-02 10:00:56,115.59333333333333,70.52499999999999,39.665,145.52499999999998,307.685,0.0,1.66
2018-11-02 11:00:56,131.47,77.58,22.314999999999998,98.3,136.79,0.0,8.86
2018-11-02 12:00:56,89.29666666666667,63.32500000000001,11.020000000000001,83.94,100.28000000000002,0.0,17.45
2018-11-02 13:00:56,53.900000000000006,37.945,6.41,79.295,92.25,0.0,24.42
2018-11-02 14:00:56,59.0,21.5,3.365,75.17,82.05,0.0,32.19
2018-11-02 15:00:56,41.583333333333336,13.450000000000001,2.86,86.435,96.28500000000001,0.0,27.7
2018-11-02 16:00:56,38.88666666666666,9.229999999999999,2.42,94.71999999999998,109.77500000000002,0.0,23.67
2018-11-02 17:00:56,44.053333333333335,5.2250000000000005,2.98,90.61500000000001,100.67,0.0,27.0
2018-11-02 18:00:56,47.843333333333334,6.125,7.375,94.38,104.11,0.0,24.75
2018-11-02 19:00:56,59.47666666666667,10.385,17.03,100.295,110.5,0.0,20.25
2018-11-02 20:00:56,65.94333333333334,20.58,26.200000000000003,93.495,101.55,0.0,24.8
2018-11-02 21:00:56,64.53333333333333,21.845,28.605,96.57,105.15500000000002,0.0,21.31
2018-11-02 22:00:56,63.78,20.41,38.665,100.755,116.45,0.0,13.45
2018-11-02 23:00:56,63.22666666666667,28.534999999999997,18.715,77.72500000000001,85.38,0.0,23.14
2018-11-03 00:00:56,58.306666666666665,22.445000000000004,12.045,72.405,78.10000000000001,0.0,23.14
2018-11-03 01:00:56,48.553333333333335,16.599999999999998,6.760000000000001,73.935,78.74000000000001,0.0,22.78
2018-11-03 02:00:56,48.150000000000006,19.53,3.765,75.44,78.75,0.0,19.63
2018-11-03 03:00:56,49.55,24.14,3.385,75.92,79.41,0.0,18.53
2018-11-03 04:00:56,49.696666666666665,30.064999999999998,2.29,75.09,79.23,0.0,15.83
2018-11-03 05:00:56,51.45333333333334,31.840000000000003,4.12,80.75,86.38499999999999,0.0,7.04
2018-11-03 06:00:56,64.36666666666666,33.445,6.45,84.885,93.38,0.0,7.38
2018-11-03 07:00:56,79.20666666666666,35.73,7.3500000000000005,90.42,106.77,0.0,6.31
2018-11-03 08:00:56,90.38,46.615,9.185,100.49,148.08,0.0,3.83
2018-11-03 09:00:56,108.99666666666667,55.945,21.769999999999996,107.24,183.37,0.0,3.15
2018-11-03 10:00:56,147.69,68.42,45.83500000000001,105.52499999999999,179.985,0.0,12.56
2018-11-03 11:00:56,166.02666666666667,67.395,78.4,107.115,160.21,0.0,13.29
2018-11-03 12:00:56,144.53666666666666,52.75,24.189999999999998,76.185,89.65500000000002,0.0,25.08
2018-11-03 13:00:56,79.80666666666667,35.335,8.96,66.41,74.74,0.0,29.47
2018-11-03 14:00:56,48.72333333333333,19.665,6.419999999999999,69.405,77.94,0.0,28.4
2018-11-03 15:00:56,37.85666666666667,14.300000000000002,5.215,74.85499999999999,85.45,0.0,25.53
2018-11-03 16:00:56,40.843333333333334,12.725000000000001,6.335000000000001,72.83,81.435,0.0,29.56
2018-11-03 17:00:56,39.28333333333333,8.719999999999999,7.564999999999999,78.8,88.675,0.0,24.57
2018-11-03 18:00:56,39.27333333333333,8.24,8.395,84.87,98.06,0.0,20.63
2018-11-03 19:00:56,38.17333333333333,14.775,10.445,84.015,96.175,0.0,19.7
2018-11-03 20:00:56,42.343333333333334,15.15,10.105,80.13,93.58,0.0,17.65
2018-11-03 21:00:56,48.06333333333333,17.515,12.055,75.165,83.39999999999999,0.0,22.14
2018-11-03 22:00:56,45.57333333333333,18.87,14.96,80.24000000000001,89.055,0.0,23.12
2018-11-03 23:00:56,42.266666666666666,17.62,17.335,79.64,84.99,0.0,25.7
2018-11-04 00:00:56,45.83333333333333,18.79,15.61,86.00999999999999,92.73500000000001,0.0,20.83
2018-11-04 01:00:56,56.873333333333335,21.334999999999997,13.515,82.16,88.81,0.0,20.51
2018-11-04 02:00:56,58.81,26.875,12.74,71.63,76.94,0.0,26.69
2018-11-04 03:00:56,63.25,34.495,7.945,76.045,81.25,0.0,23.72
2018-11-04 04:00:56,67.42999999999999,30.275000000000002,6.1000000000000005,82.105,89.58999999999999,0.0,8.28
2018-11-04 05:00:56,79.35,35.52,5.375,86.72000000000001,94.88,0.0,7.3
2018-11-04 06:00:56,73.75333333333333,37.445,5.544999999999999,90.40000000000002,104.27,0.0,3.18
2018-11-04 07:00:56,85.32666666666667,45.185,4.895,88.755,108.71499999999999,0.0,2.52
2018-11-04 08:00:56,96.26333333333332,49.555,5.305,90.745,123.48,0.0,4.27
2018-11-04 09:00:56,104.08333333333333,52.915,8.66,94.78500000000001,156.465,0.0,3.59
2018-11-04 10:00:56,117.71,55.75,26.065,92.25999999999999,125.695,0.0,6.91
2018-11-04 11:00:56,107.68333333333334,56.99000000000001,19.64,81.01,96.44500000000001,0.0,16.15
2018-11-04 12:00:56,88.30333333333334,45.32500000000001,17.005,66.82,74.235,0.0,23.92
2018-11-04 13:00:56,62.97,34.995000000000005,12.065,66.475,72.375,0.0,26.26
2018-11-04 14:00:56,61.2,27.92,9.015,71.42,78.06500000000001,0.0,26.25
2018-11-04 15:00:56,61.583333333333336,17.915,8.115,74.43,80.84,0.0,28.22
2018-11-04 16:00:56,51.14666666666667,16.32,7.510000000000001,72.94,80.645,0.0,29.46
2018-11-04 17:00:56,34.75666666666667,10.68,6.84,68.68,74.365,0.0,31.13
2018-11-04 18:00:56,37.07666666666667,7.2250000000000005,10.485,75.73,83.195,0.0,28.5
2018-11-04 19:00:56,35.849999999999994,14.530000000000001,28.545,93.835,104.82000000000001,0.0,21.78
2018-11-04 20:00:56,44.900000000000006,17.95,25.790000000000003,89.935,101.28000000000002,0.0,19.93
2018-11-04 21:00:56,41.29333333333333,15.235,24.599999999999998,108.30499999999999,132.535,0.0,11.57
2018-11-04 22:00:56,44.85,18.56,23.474999999999998,85.145,96.18,0.0,19.48
2018-11-04 23:00:56,45.013333333333335,17.945,16.42,84.445,101.3,0.0,14.64
2018-11-05 00:00:56,38.80666666666667,14.255,13.885,66.63,73.27999999999999,0.0,24.58
2018-11-05 01:00:56,31.17,11.055,11.699999999999998,66.89,74.025,0.0,22.6
2018-11-05 02:00:56,28.08,10.895000000000001,9.265,65.21,70.42999999999999,0.0,21.74
2018-11-05 03:00:56,25.11,12.354999999999999,8.53,58.025,61.905,0.0,28.2
2018-11-05 04:00:56,20.96333333333333,8.945,10.365,56.41,58.89000000000001,0.0,32.18
2018-11-05 05:00:56,23.46333333333333,10.1,8.675,59.28,61.23,0.0,29.06
2018-11-05 06:00:56,29.26,12.594999999999999,5.795000000000001,70.825,75.96,0.0,19.46
2018-11-05 07:00:56,40.77333333333333,13.100000000000001,5.535,95.07,120.46,0.0,5.44
2018-11-05 08:00:56,55.06,22.865,5.48,114.63999999999999,200.90499999999997,0.0,2.35
2018-11-05 09:00:56,80.48,32.905,13.11,118.71999999999998,249.35,0.0,3.19
2018-11-05 10:00:56,122.28333333333333,51.41,44.330000000000005,118.35000000000001,200.895,0.0,2.54
2018-11-05 11:00:56,141.36333333333334,61.955000000000005,22.36,92.99,118.815,0.0,12.71
2018-11-05 12:00:56,93.68333333333334,40.705,13.329999999999998,80.345,94.425,0.0,20.61
2018-11-05 13:00:56,72.33,25.554999999999996,11.670000000000002,86.48500000000001,99.5,0.0,24.06
2018-11-05 14:00:56,70.87333333333333,15.780000000000001,8.765,80.755,89.855,0.0,28.44
2018-11-05 15:00:56,62.52333333333333,9.32,6.25,84.275,97.26,0.0,23.61
2018-11-05 16:00:56,44.85333333333333,7.530000000000001,4.665,79.19,89.075,0.0,27.27
2018-11-05 17:00:56,42.96333333333333,4.765000000000001,6.164999999999999,80.625,89.27000000000002,0.0,26.07
2018-11-05 18:00:56,44.56999999999999,4.815,10.735,96.61000000000001,112.575,0.0,17.97
2018-11-05 19:00:56,45.75666666666666,18.35,21.525000000000002,105.73,122.515,0.0,18.24
2018-11-05 20:00:56,45.916666666666664,19.19,31.965,93.635,109.49000000000001,0.0,15.46
2018-11-05 21:00:56,48.21666666666667,11.945,20.285,78.99,88.35000000000001,0.0,21.81
2018-11-05 22:00:56,45.32333333333333,14.424999999999999,15.745,96.02500000000002,114.19,0.0,5.88
2018-11-05 23:00:56,48.32666666666667,24.635,13.149999999999999,107.175,127.565,0.0,4.85
2018-11-06 00:00:56,53.480000000000004,27.395,11.545000000000002,73.04,79.74,0.0,22.39
2018-11-06 01:00:56,45.36,20.44,8.335,63.120000000000005,66.125,0.0,27.42
2018-11-06 02:00:56,37.01,16.095,7.425000000000001,59.55500000000001,61.705000000000005,0.0,29.26
2018-11-06 03:00:56,37.27,16.68,9.515,63.98499999999999,66.41,0.0,26.34
2018-11-06 04:00:56,38.95333333333333,19.055,6.315,63.355,65.735,0.0,23.83
2018-11-06 05:00:56,43.50666666666666,16.055,6.509999999999999,74.51,79.75,0.0,7.89
2018-11-06 06:00:56,58.74333333333333,19.865,6.609999999999999,78.565,85.79,0.0,5.42
2018-11-06 07:00:56,71.42666666666666,30.180000000000003,5.68,87.52999999999999,114.96499999999999,0.0,2.92
2018-11-06 08:00:56,84.94333333333333,44.165,4.795,86.77,129.14,0.0,3.25
2018-11-06 09:00:56,108.42666666666666,50.16,19.819999999999997,97.125,174.0,0.0,2.45
2018-11-06 10:00:56,148.66,64.05,35.56,98.22500000000001,137.42999999999998,0.0,6.05
2018-11-06 11:00:56,127.47,62.07,27.414999999999996,109.08999999999999,147.77,0.0,5.25
2018-11-06 12:00:56,103.27333333333333,51.555,25.825000000000003,107.545,143.31,0.0,5.08
2018-11-06 13:00:56,97.91333333333334,38.465,18.605,100.50999999999999,120.31,0.0,8.91
2018-11-06 14:00:56,100.01,38.96,15.745,92.65499999999999,107.00999999999999,0.0,12.69
2018-11-06 15:00:56,95.47333333333333,33.34,20.175,96.46999999999998,114.19000000000001,0.0,10.5
2018-11-06 16:00:56,79.32666666666667,27.175,16.33,84.47500000000001,98.0,0.0,17.6
2018-11-06 17:00:56,57.39333333333334,20.915,13.695,78.59,90.445,0.0,17.84
2018-11-06 18:00:56,44.43,16.29,17.535,91.44,106.63,0.0,14.8
2018-11-06 19:00:56,49.803333333333335,16.575,35.775,119.28000000000002,151.095,0.0,7.37
2018-11-06 20:00:56,55.48333333333333,22.2,36.285000000000004,109.65000000000002,128.83,0.0,7.05
2018-11-06 21:00:56,55.580000000000005,20.685,31.060000000000002,91.58999999999999,104.88999999999999,0.0,12.54
2018-11-06 22:00:56,53.88666666666666,18.79,31.084999999999997,87.28500000000001,99.33999999999999,0.0,12.34
2018-11-06 23:00:56,43.39333333333333,23.935000000000002,38.574999999999996,92.395,105.58,0.0,12.32
2018-11-07 00:00:56,46.016666666666666,22.084999999999997,34.335,84.28,93.11500000000001,0.0,15.44
2018-11-07 01:00:56,43.166666666666664,16.445,26.855,77.07,83.045,0.0,19.62
2018-11-07 02:00:56,30.766666666666666,18.285,23.834999999999997,74.625,79.84,0.0,21.61
2018-11-07 03:00:56,31.723333333333333,19.8,15.464999999999998,74.695,78.42999999999999,0.0,26.01
2018-11-07 04:00:56,33.27333333333333,16.555,13.25,70.485,73.42,0.0,30.63
2018-11-07 05:00:56,31.96333333333333,14.030000000000001,11.105000000000002,58.79,61.195,0.0,31.89
2018-11-07 06:00:56,25.24,10.729999999999999,12.214999999999998,68.45,72.645,0.0,25.96
2018-11-07 07:00:56,28.290000000000003,13.410000000000002,13.280000000000001,85.92,95.485,0.0,16.52
2018-11-07 08:00:56,32.26,14.18,14.089999999999998,120.955,174.11,0.0,8.18
2018-11-07 09:00:56,47.88,14.85,17.645,125.59499999999998,189.15,0.0,3.58
2018-11-07 10:00:56,87.43333333333334,20.450000000000003,32.879999999999995,113.24000000000001,145.765,0.0,5.51
2018-11-07 11:00:56,113.86333333333334,43.93,11.905000000000001,84.28,98.645,0.0,15.6
2018-11-07 12:00:56,80.26,32.3,7.41,74.985,85.00500000000001,0.0,23.08
2018-11-07 13:00:56,53.69,28.755,6.815,73.435,79.81,0.0,27.52
2018-11-07 14:00:56,54.843333333333334,18.93,7.039999999999999,73.075,80.365,0.0,29.12
2018-11-07 15:00:56,53.616666666666674,15.675000000000002,6.294999999999999,75.33,82.45,0.0,27.32
2018-11-07 16:00:56,36.876666666666665,15.270000000000001,7.109999999999999,76.505,83.5,0.0,26.82
2018-11-07 17:00:56,42.153333333333336,11.115,5.835000000000001,82.075,88.01,0.0,26.18
2018-11-07 18:00:56,43.08,7.474999999999999,17.72,126.58,185.15499999999997,0.0,10.88
2018-11-07 19:00:56,71.91,15.299999999999999,23.45,143.695,245.52999999999997,0.0,6.2
2018-11-07 20:00:56,97.62333333333333,26.025000000000002,52.855,127.85000000000001,193.205,0.0,3.41
2018-11-07 21:00:56,110.71666666666667,41.38,47.035,112.98500000000001,172.615,0.0,2.18
2018-11-07 22:00:56,151.3033333333333,50.15,24.790000000000003,115.69,173.02999999999997,0.0,2.19
2018-11-07 23:00:56,142.95333333333332,69.47,30.67,109.32,161.57999999999998,0.0,2.01
2018-11-08 00:00:56,141.96333333333334,70.545,24.58,109.97499999999998,168.45,0.0,2.89
2018-11-08 01:00:56,146.64666666666668,71.57,22.88,102.645,163.89499999999998,0.0,2.47
2018-11-08 02:00:56,141.41333333333333,79.88499999999999,18.15,97.835,158.385,0.0,2.39
2018-11-08 03:00:56,135.60666666666665,79.89,11.575000000000001,84.38,110.3,0.0,2.69
2018-11-08 04:00:56,116.74666666666667,69.77,7.71,85.495,110.79,0.0,2.16
2018-11-08 05:00:56,110.50333333333333,61.495,8.135,87.36500000000001,119.755,0.0,2.43
2018-11-08 06:00:56,117.67,60.245,6.38,81.145,102.12,0.0,2.41
2018-11-08 07:00:56,109.04333333333334,58.225,6.925,88.495,121.605,0.0,2.23
2018-11-08 08:00:56,134.55,63.245,6.425,91.10000000000001,161.61,0.0,2.5
2018-11-08 09:00:56,160.98333333333332,77.17,7.445,100.545,204.63,0.0,2.27
2018-11-08 10:00:56,173.85666666666665,84.255,54.82,104.195,172.69500000000002,0.0,2.56
2018-11-08 11:00:56,181.12666666666667,90.895,37.735,100.08999999999999,135.49,0.0,5.88
2018-11-08 12:00:56,170.65333333333334,93.37,3.025,91.23500000000001,110.45,0.0,15.62
2018-11-08 13:00:56,146.71666666666667,74.485,17.9,88.645,86.28000000000002,0.0,16.92
2018-11-08 14:00:56,136.36333333333334,43.20000000000001,9.845,78.31,85.455,0.0,23.13
2018-11-08 15:00:56,94.46666666666667,31.650000000000002,8.77,74.94999999999999,80.67,0.0,25.44
2018-11-08 16:00:56,52.553333333333335,23.155,8.86,77.72000000000001,85.175,0.0,25.7
2018-11-08 17:00:56,45.56333333333333,17.34,8.435,84.30499999999999,94.115,0.0,21.26
2018-11-08 18:00:56,47.47,12.69,10.045,143.535,252.545,0.0,4.87
2018-11-08 19:00:56,83.46000000000001,28.495,40.395,162.0,341.10999999999996,0.0,2.37
2018-11-08 20:00:56,141.57333333333332,54.755,46.75,137.75,213.76999999999998,0.0,2.88
2018-11-08 21:00:56,138.74333333333334,58.004999999999995,29.065,117.455,193.70000000000002,0.0,2.33
2018-11-08 22:00:56,92.60333333333332,70.815,32.59,116.46,212.43999999999997,0.0,3.24
2018-11-08 23:00:56,121.62333333333333,82.36,30.395,116.18,212.755,0.0,3.03
2018-11-09 00:00:56,185.28666666666666,95.14999999999999,33.635,119.23,240.775,0.0,2.71
2018-11-09 01:00:56,196.70999999999998,103.53000000000002,36.315,110.23,206.07499999999996,0.0,1.91
2018-11-09 02:00:56,187.2266666666667,93.19500000000001,36.98,104.07000000000001,156.45000000000002,0.0,1.89
2018-11-09 03:00:56,168.04,87.71,31.935000000000002,97.97500000000001,129.34,0.0,2.1
2018-11-09 04:00:56,142.67,80.075,33.78,96.42999999999999,133.695,0.0,2.05
2018-11-09 05:00:56,137.29666666666665,64.335,28.825,94.30499999999999,114.88999999999999,0.0,2.27
2018-11-09 06:00:56,129.23333333333332,62.685,24.460000000000004,90.45,114.32000000000001,0.0,2.12
2018-11-09 07:00:56,127.93,64.34,23.950000000000003,90.89999999999999,133.26,0.0,2.51
2018-11-09 08:00:56,141.77333333333334,61.01500000000001,24.180000000000003,96.64,186.58,0.0,2.25
2018-11-09 09:00:56,182.24,83.52,41.154999999999994,102.735,189.525,0.0,2.4
2018-11-09 10:00:56,215.84333333333333,90.71,39.085,101.935,158.03,0.0,2.56
2018-11-09 11:00:56,189.50333333333333,79.74000000000001,22.16,88.185,110.585,0.0,6.8
2018-11-09 12:00:56,136.09,65.58,14.96,77.89999999999999,89.73,0.0,16.44
2018-11-09 13:00:56,100.87333333333333,42.955000000000005,11.199999999999998,74.975,82.94,0.0,20.62
2018-11-09 14:00:56,74.72333333333333,27.524999999999995,7.739999999999999,82.97,96.2,0.0,17.89
2018-11-09 15:00:56,61.330000000000005,18.055,5.945,93.03500000000001,110.915,0.0,15.22
2018-11-09 16:00:56,43.586666666666666,14.54,5.63,88.645,102.59499999999998,0.0,19.53
2018-11-09 17:00:56,41.39,11.46,13.69,97.64499999999998,108.02499999999999,0.0,23.3
2018-11-09 18:00:56,50.47666666666667,13.005,26.09,127.795,153.38,0.0,11.31
2018-11-09 19:00:56,72.62,26.195000000000004,56.44499999999999,146.525,208.615,0.0,3.98
2018-11-09 20:00:56,102.95666666666666,36.07,47.24000000000001,118.055,149.665,0.0,12.97
2018-11-09 21:00:56,96.97333333333333,36.685,43.004999999999995,104.94500000000001,120.89999999999999,0.0,16.98
2018-11-09 22:00:56,79.13999999999999,32.36,42.91,110.51499999999999,132.805,0.0,8.51
2018-11-09 23:00:56,73.11333333333333,37.305,25.595,92.425,106.40000000000002,0.0,13.16
2018-11-10 00:00:56,63.02,35.435,21.195,97.935,111.615,0.0,13.77
2018-11-10 01:00:56,62.96,30.53,23.189999999999998,98.56,110.09499999999998,0.0,13.74
2018-11-10 02:00:56,71.13,38.505,15.469999999999999,107.47499999999998,133.10999999999999,0.0,3.47
2018-11-10 03:00:56,80.80333333333334,40.02,11.5,100.185,120.755,0.0,3.48
2018-11-10 04:00:56,81.93666666666667,38.165,9.305,95.15500000000002,111.65500000000002,0.0,2.57
2018-11-10 05:00:56,92.35666666666667,40.88,7.824999999999999,87.145,94.54,0.0,5.79
2018-11-10 06:00:56,104.65666666666667,52.794999999999995,7.010000000000001,82.645,88.97500000000001,0.0,5.87
2018-11-10 07:00:56,108.86,59.135,6.135000000000001,90.11,109.68,0.0,2.46
2018-11-10 08:00:56,126.4,67.69,9.709999999999999,99.64,142.94,0.0,2.65
2018-11-10 09:00:56,144.42000000000002,78.055,11.910000000000002,102.17,151.375,0.0,2.51
2018-11-10 10:00:56,133.75666666666666,75.995,26.540000000000003,110.0,187.265,0.0,4.32
2018-11-10 11:00:56,134.92333333333335,69.675,54.08500000000001,104.05499999999999,136.635,0.0,6.53
2018-11-10 12:00:56,124.16,67.19999999999999,25.284999999999997,83.96,97.12,0.0,17.11
2018-11-10 13:00:56,102.98,54.77,15.594999999999999,77.91,86.575,0.0,20.21
2018-11-10 14:00:56,86.94666666666667,41.45,16.06,83.00999999999999,91.875,0.0,20.43
2018-11-10 15:00:56,84.15666666666667,32.74,14.520000000000001,87.645,95.94,0.0,22.79
2018-11-10 16:00:56,82.84,34.145,15.415,93.97500000000001,103.235,0.0,20.28
2018-11-10 17:00:56,82.53999999999999,27.525000000000002,20.595,115.955,153.09,0.0,12.14
2018-11-10 18:00:56,88.04666666666667,27.855,19.18,129.76,165.145,0.0,11.12
2018-11-10 19:00:56,86.69666666666666,30.465,24.155,129.955,156.71,0.0,8.68
2018-11-10 20:00:56,95.10666666666667,36.425000000000004,37.945,103.96,117.735,0.0,17.0
2018-11-10 21:00:56,83.61,38.51,24.86,86.04,94.96,0.0,21.46
2018-11-10 22:00:56,64.78333333333333,30.075,28.37,85.60000000000001,95.875,0.0,20.26
2018-11-10 23:00:56,63.656666666666666,23.5,31.799999999999997,103.63999999999999,120.695,0.0,13.36
2018-11-11 00:00:56,60.693333333333335,29.26,23.935000000000002,109.45,128.91,0.0,8.89
2018-11-11 01:00:56,62.95333333333334,30.064999999999998,18.61,115.305,149.45499999999998,0.0,2.96
2018-11-11 02:00:56,76.47,41.715,20.35,100.45,127.88999999999999,0.0,2.25
2018-11-11 03:00:56,94.94333333333333,50.525,12.62,92.235,114.04,0.0,1.69
2018-11-11 04:00:56,104.48333333333332,56.175000000000004,11.635,97.36,124.61000000000001,0.0,3.46
2018-11-11 05:00:56,104.75,58.525,7.789999999999999,91.86,109.705,0.0,2.71
2018-11-11 06:00:56,111.47666666666667,67.53,4.885,82.9,94.89,0.0,3.2
2018-11-11 07:00:56,105.10333333333334,63.81,3.47,83.69,103.27,0.0,2.71
2018-11-11 08:00:56,101.10666666666667,56.48499999999999,3.015,89.41000000000001,123.50999999999999,0.0,2.54
2018-11-11 09:00:56,109.10666666666667,58.03,3.4299999999999997,94.69,130.42,0.0,5.13
2018-11-11 10:00:56,96.42666666666666,56.54999999999999,19.12,97.36000000000001,127.21,0.0,7.75
2018-11-11 11:00:56,84.43333333333334,53.45000000000001,15.915,75.60000000000001,85.675,0.0,17.88
2018-11-11 12:00:56,73.14,52.155,20.220000000000002,75.705,84.365,0.0,18.94
2018-11-11 13:00:56,65.92,38.53,17.585,74.71499999999999,82.33,0.0,21.5
2018-11-11 14:00:56,64.70333333333333,29.39,8.53,76.72500000000001,83.9,0.0,22.85
2018-11-11 15:00:56,60.846666666666664,26.17,7.199999999999999,84.77,92.33,0.0,20.86
2018-11-11 16:00:56,62.71666666666667,23.290000000000003,7.844999999999999,87.52499999999999,96.05,0.0,22.09
2018-11-11 17:00:56,63.93666666666667,26.27,9.04,92.835,104.02500000000002,0.0,20.79
2018-11-11 18:00:56,57.14333333333333,20.13,17.564999999999998,98.15000000000002,109.415,0.0,18.32
2018-11-11 19:00:56,55.25666666666667,19.150000000000002,23.065,102.63,112.855,0.0,19.67
2018-11-11 20:00:56,63.29333333333333,25.245000000000005,23.925,103.06,118.32,0.0,14.42
2018-11-11 21:00:56,66.28666666666666,30.14,21.165,110.085,131.51,0.0,10.3
2018-11-11 22:00:56,68.88666666666667,38.1,21.575000000000003,108.14499999999998,128.015,0.0,12.06
2018-11-11 23:00:56,73.29333333333334,38.31,33.15,95.36500000000001,110.30499999999999,0.0,19.02
2018-11-12 00:00:56,66.69666666666666,40.995000000000005,26.76,95.99000000000001,117.64999999999999,0.0,6.85
2018-11-12 01:00:56,69.64666666666666,42.345,20.43,103.92,131.365,0.0,6.39
2018-11-12 02:00:56,101.30333333333333,50.879999999999995,21.745,99.08,117.175,0.0,2.48
2018-11-12 03:00:56,99.30333333333333,52.23,15.955,90.795,115.0,0.0,3.78
2018-11-12 04:00:56,96.97333333333334,51.99,10.35,86.38,102.90500000000002,0.0,3.07
2018-11-12 05:00:56,103.42333333333332,54.98499999999999,6.53,83.54,94.72499999999998,0.0,5.09
2018-11-12 06:00:56,102.06666666666666,51.79,5.355,81.065,93.21499999999999,0.0,2.75
2018-11-12 07:00:56,93.58333333333333,52.455000000000005,4.25,88.125,126.38999999999999,0.0,2.85
2018-11-12 08:00:56,104.67666666666668,55.0,4.43,104.31,207.615,0.0,2.63
2018-11-12 09:00:56,133.07,62.199999999999996,5.609999999999999,112.63,277.57500000000005,0.0,2.49
2018-11-12 10:00:56,177.89333333333335,91.97000000000001,11.354999999999999,107.06,188.66,0.0,3.29
2018-11-12 11:00:56,201.71333333333334,98.235,28.035,93.02499999999999,120.15500000000002,0.0,10.04
2018-11-12 12:00:56,179.91333333333333,83.37,30.01,87.665,105.055,0.0,15.98
2018-11-12 13:00:56,113.55666666666667,64.415,24.560000000000002,10.505,12.975,0.0,19.58
2018-11-12 14:00:56,93.13666666666667,49.895,16.669999999999998,95.125,113.755,0.0,12.86
2018-11-12 15:00:56,77.34,36.39,15.485,99.72500000000001,116.3,0.0,12.48
2018-11-12 16:00:56,64.16,27.320000000000004,13.61,101.425,118.57,0.0,13.54
2018-11-12 17:00:56,65.69,19.93,16.49,106.27500000000002,132.47,0.0,10.63
2018-11-12 18:00:56,67.71666666666667,18.73,14.534999999999998,96.34499999999998,116.995,0.0,12.68
2018-11-12 19:00:56,51.906666666666666,15.46,17.790000000000003,93.83999999999999,113.505,0.0,11.23
2018-11-12 20:00:56,46.53333333333333,15.18,18.955,80.89999999999999,95.265,0.0,12.42
2018-11-12 21:00:56,36.553333333333335,12.165,22.620000000000005,78.55499999999999,88.865,0.0,14.2
2018-11-12 22:00:56,31.43,12.74,16.58,73.72,82.545,0.0,18.07
2018-11-12 23:00:56,20.733333333333334,14.13,14.225,67.73,74.655,0.0,18.79
2018-11-13 00:00:56,15.646666666666667,9.51,11.384999999999998,65.575,72.745,0.0,16.38
2018-11-13 01:00:56,14.81,10.969999999999999,14.050000000000002,71.725,77.42,0.0,16.9
2018-11-13 02:00:56,13.993333333333332,11.030000000000001,17.595,70.835,75.71499999999999,0.0,19.41
2018-11-13 03:00:56,20.0,10.354999999999999,13.9,63.455000000000005,66.73,0.0,20.65
2018-11-13 04:00:56,22.343333333333334,12.63,18.885,64.565,68.505,0.0,19.56
2018-11-13 05:00:56,24.976666666666663,14.704999999999998,12.310000000000002,55.794999999999995,58.185,0.0,22.14
2018-11-13 06:00:56,21.313333333333333,12.64,10.285,55.419999999999995,58.57500000000001,0.0,21.43
2018-11-13 07:00:56,16.756666666666668,11.69,8.174999999999999,56.82,61.370000000000005,0.0,19.43
2018-11-13 08:00:56,14.33,11.18,6.7749999999999995,66.715,76.50999999999999,0.0,14.23
2018-11-13 09:00:56,20.11,10.75,7.55,76.325,92.47499999999998,0.0,11.48
2018-11-13 10:00:56,24.05666666666667,9.015,10.37,74.68,89.69,0.0,13.05
2018-11-13 11:00:56,17.09,11.055,6.919999999999999,70.675,85.51499999999999,0.0,14.45
2018-11-13 12:00:56,19.383333333333333,9.17,7.0249999999999995,68.01,81.805,0.0,14.81
2018-11-13 13:00:56,23.976666666666667,6.145,4.435,71.015,86.295,0.0,14.41
2018-11-13 14:00:56,28.84,5.675000000000001,8.365,74.89,91.825,0.0,13.56
2018-11-13 15:00:56,34.20333333333333,5.109999999999999,8.805,77.985,94.65499999999999,0.0,14.04
2018-11-13 16:00:56,21.046666666666667,6.219999999999999,9.63,75.58,87.81,0.0,16.98
2018-11-13 17:00:56,22.303333333333335,4.215,12.980000000000002,77.11000000000001,89.35000000000001,0.0,15.48
2018-11-13 18:00:56,31.276666666666667,9.045,15.045000000000002,75.06,86.99000000000001,0.0,15.61
2018-11-13 19:00:56,30.456666666666663,19.52,14.325000000000001,70.295,79.88,0.0,16.82
2018-11-13 20:00:56,29.613333333333333,15.435,21.22,65.54,73.2,0.0,18.18
2018-11-13 21:00:56,29.633333333333333,12.135,14.715000000000002,59.71,66.185,0.0,18.25
2018-11-13 22:00:56,25.036666666666665,9.22,14.235,58.225,64.88,0.0,19.1
2018-11-13 23:00:56,20.803333333333335,6.88,15.42,64.08,72.51,0.0,16.46
2018-11-14 00:00:56,14.346666666666666,5.895,12.844999999999999,63.580000000000005,68.605,0.0,17.1
2018-11-14 01:00:56,12.976666666666667,7.07,13.280000000000001,67.435,72.58,0.0,17.0
2018-11-14 02:00:56,16.400000000000002,7.960000000000001,10.670000000000002,79.865,86.69000000000001,0.0,11.51
2018-11-14 03:00:56,27.2,9.125,11.655000000000001,75.43,80.74000000000001,0.0,13.15
2018-11-14 04:00:56,39.32333333333333,14.530000000000001,12.505,71.335,75.89,0.0,14.47
2018-11-14 05:00:56,34.913333333333334,17.97,10.63,70.545,74.735,0.0,10.62
2018-11-14 06:00:56,31.64,16.28,10.139999999999999,73.19500000000001,78.14,0.0,4.51
2018-11-14 07:00:56,37.22666666666667,18.5,10.264999999999999,75.02,82.175,0.0,6.98
2018-11-14 08:00:56,45.083333333333336,22.13,10.27,89.68,114.96,0.0,5.12
2018-11-14 09:00:56,57.06,26.075,11.9,98.455,147.4,0.0,4.12
2018-11-14 10:00:56,71.27666666666667,25.515,11.39,76.58,91.44,0.0,11.36
2018-11-14 11:00:56,61.620000000000005,17.405,11.200000000000001,73.5,87.005,0.0,16.05
2018-11-14 12:00:56,43.43333333333334,13.455,13.509999999999998,66.255,73.33,0.0,23.55
2018-11-14 13:00:56,31.703333333333333,9.715,6.129999999999999,70.36,83.865,0.0,18.58
2018-11-14 14:00:56,28.273333333333333,6.72,10.555,5.88,7.675,0.0,22.93
2018-11-14 15:00:56,39.38333333333333,4.2,10.32,6.330000000000001,8.16,0.0,23.08
2018-11-14 16:00:56,29.14,2.8200000000000003,12.415,10.31,12.535000000000002,0.0,19.2
2018-11-14 17:00:56,30.24666666666667,4.6000000000000005,10.954999999999998,10.699999999999998,13.515,0.0,18.47
2018-11-14 18:00:56,29.33,8.799999999999999,16.14,16.665,19.165,0.0,19.02
2018-11-14 19:00:56,35.36333333333334,11.815,40.585,33.57,39.705,0.0,8.86
2018-11-14 20:00:56,52.34,17.56,28.42,28.01,35.885,0.0,3.75
2018-11-14 21:00:56,69.2,26.439999999999998,33.92,24.905,30.89,0.0,2.64
2018-11-14 22:00:56,82.35333333333332,35.26,55.824999999999996,27.895,41.92,0.0,2.64
2018-11-14 23:00:56,74.39,36.605,33.864999999999995,22.75,35.245,0.0,6.36
2018-11-15 00:00:56,65.08333333333333,31.319999999999997,24.629999999999995,22.74,35.07,0.0,11.98
2018-11-15 01:00:56,63.59,27.295,20.995,18.525,21.935000000000002,0.0,4.41
2018-11-15 02:00:56,74.85333333333332,33.48,21.97,15.920000000000002,17.685,0.0,5.24
2018-11-15 03:00:56,74.48666666666666,34.77,18.064999999999998,15.155000000000001,17.035,0.0,13.41
2018-11-15 04:00:56,58.663333333333334,29.28,14.76,17.43,24.08,0.0,7.17
2018-11-15 05:00:56,68.10333333333334,32.475,16.95,17.96,23.870000000000005,0.0,5.94
2018-11-15 06:00:56,69.17333333333333,37.815,20.9,17.26,21.965000000000003,0.0,3.05
2018-11-15 07:00:56,76.06666666666666,44.254999999999995,17.855,15.310000000000002,16.73,0.0,2.52
2018-11-15 08:00:56,94.08666666666666,48.145,20.765,21.0,30.575,0.0,2.35
2018-11-15 09:00:56,96.47,44.605,19.279999999999998,16.69,22.03,0.0,8.93
2018-11-15 10:00:56,80.18666666666667,39.36,17.865,11.199999999999998,14.670000000000002,0.0,11.77
2018-11-15 11:00:56,66.10333333333334,35.79,13.56,8.015,11.145000000000001,0.0,20.99
2018-11-15 12:00:56,41.08,23.415000000000003,8.405000000000001,4.29,5.94,0.0,24.29
2018-11-15 13:00:56,34.14333333333333,16.385,11.85,3.5549999999999997,5.359999999999999,0.0,27.15
2018-11-15 14:00:56,28.17,12.505,9.575,3.9500000000000006,5.335000000000001,0.0,20.1
2018-11-15 15:00:56,25.56,8.385,8.6,3.295,4.22,0.0,21.45
2018-11-15 16:00:56,21.666666666666668,7.670000000000001,10.920000000000002,4.865,6.07,0.0,20.64
2018-11-15 17:00:56,26.826666666666668,7.009999999999999,14.145000000000001,11.195,13.915,0.0,15.32
2018-11-15 18:00:56,52.71666666666667,5.53,21.825000000000003,17.75,22.034999999999997,0.0,8.52
2018-11-15 19:00:56,74.3,18.935,36.055,28.850000000000005,34.5,0.0,4.37
2018-11-15 20:00:56,114.96,40.265,27.855,26.090000000000003,33.865,0.0,1.31
2018-11-15 21:00:56,107.58,50.955000000000005,26.205,17.81,20.375,0.0,2.55
2018-11-15 22:00:56,101.19,60.175000000000004,30.159999999999997,16.885,19.615,0.0,2.39
2018-11-15 23:00:56,121.04333333333334,59.57,39.65,24.274999999999995,36.695,0.0,2.3
2018-11-16 00:00:56,112.82333333333334,64.18,26.375,18.16,23.439999999999998,0.0,2.47
2018-11-16 01:00:56,103.19333333333333,63.81999999999999,31.230000000000004,13.775,15.204999999999998,0.0,1.93
2018-11-16 02:00:56,116.15,61.82,42.99,18.39,20.645,0.0,2.01
2018-11-16 03:00:56,110.52,57.095,20.28,13.89,17.255,0.0,2.3
2018-11-16 04:00:56,97.52,51.080000000000005,22.035,18.62,21.814999999999998,0.0,2.3
2018-11-16 05:00:56,93.78333333333335,43.79,27.275000000000002,21.15,33.23,0.0,7.59
2018-11-16 06:00:56,89.03,37.29,17.98,16.765,28.024999999999995,0.0,8.46
2018-11-16 07:00:56,85.6,37.825,17.63,17.005,21.845,0.0,3.0
2018-11-16 08:00:56,94.61333333333333,51.150000000000006,28.03,18.055,25.554999999999996,0.0,2.46
2018-11-16 09:00:56,126.26,76.785,41.035000000000004,24.925,55.97,0.0,2.61
2018-11-16 10:00:56,153.13,73.495,43.535,22.175,36.525,0.0,5.08
2018-11-16 11:00:56,136.29333333333332,70.78500000000001,35.915,18.54,27.435000000000002,0.0,4.86
2018-11-16 12:00:56,133.66333333333333,61.04999999999999,39.985,18.165,30.024999999999995,0.0,6.26
2018-11-16 13:00:56,102.77666666666667,48.365,31.935000000000002,12.354999999999999,16.475,0.0,11.95
2018-11-16 14:00:56,77.59666666666666,37.13,14.445,8.295,10.24,0.0,14.71
2018-11-16 15:00:56,60.07666666666667,31.120000000000005,12.85,10.88,13.339999999999998,0.0,14.0
2018-11-16 16:00:56,52.93,22.885,14.295,11.4,13.844999999999999,0.0,9.37
2018-11-16 17:00:56,53.75,18.695,13.079999999999998,8.81,10.045,0.0,11.76
2018-11-16 18:00:56,47.28999999999999,18.2,16.375,19.56,23.655,0.0,9.1
2018-11-16 19:00:56,58.54666666666667,27.265,37.78,35.385,52.10999999999999,0.0,5.15
2018-11-16 20:00:56,67.46333333333334,24.925,35.235,30.629999999999995,40.935,0.0,6.53
2018-11-16 21:00:56,64.06,25.950000000000003,45.375,34.765,55.81999999999999,0.0,7.86
2018-11-16 22:00:56,68.31333333333333,25.76,32.785000000000004,26.314999999999998,35.47,0.0,4.11
2018-11-16 23:00:56,73.69666666666667,27.14,22.575000000000003,21.33,26.620000000000005,0.0,3.45
2018-11-17 00:00:56,82.08333333333333,34.365,40.035000000000004,23.11,29.825,0.0,2.78
2018-11-17 01:00:56,76.50666666666666,42.375,29.53,23.855,40.015,0.0,5.25
2018-11-17 02:00:56,82.73,44.105,28.855,23.645,37.66,0.0,8.21
2018-11-17 03:00:56,80.62333333333333,39.515,30.48,23.375,28.850000000000005,0.0,3.02
2018-11-17 04:00:56,81.22333333333333,40.725,19.450000000000003,20.325,30.98,0.0,3.79
2018-11-17 05:00:56,81.47666666666667,37.82,15.565,19.185,28.399999999999995,0.0,2.56
2018-11-17 06:00:56,71.69666666666666,38.155,10.53,18.975,28.735,0.0,1.9
2018-11-17 07:00:56,91.24666666666667,50.345,8.23,17.24,25.165000000000003,0.0,2.46
2018-11-17 08:00:56,100.67666666666666,69.45,8.450000000000001,17.925,29.855,0.0,2.24
2018-11-17 09:00:56,129.72666666666666,75.15,14.865,27.51,78.845,0.0,2.32
2018-11-17 10:00:56,171.28,88.16000000000001,29.935000000000002,22.145,67.535,0.0,3.14
2018-11-17 11:00:56,199.78,84.545,34.03,22.725000000000005,43.84,0.0,5.18
2018-11-17 12:00:56,163.37,78.31,35.11,16.315,24.53,0.0,8.42
2018-11-17 13:00:56,132.13333333333333,63.915,21.334999999999997,8.31,10.99,0.0,13.93
2018-11-17 14:00:56,83.24000000000001,44.379999999999995,15.31,7.260000000000001,9.415,0.0,16.44
2018-11-17 15:00:56,57.28,32.065,16.385,7.075,8.89,0.0,14.57
2018-11-17 16:00:56,44.733333333333334,19.31,27.755,11.535000000000002,13.714999999999998,0.0,12.25
2018-11-17 17:00:56,44.46333333333334,16.395,17.665,23.78,27.955,0.0,11.28
2018-11-17 18:00:56,60.233333333333334,13.535000000000002,27.025000000000002,37.37,66.205,0.0,3.33
2018-11-17 19:00:56,80.14333333333333,15.86,46.6,85.87,149.935,0.0,3.03
2018-11-17 20:00:56,89.82333333333332,27.815,39.315,94.735,123.5,0.0,7.95
2018-11-17 21:00:56,79.55333333333333,28.505,23.525000000000002,103.575,134.885,0.0,5.43
2018-11-17 22:00:56,81.01,29.52,24.905,109.13999999999999,142.635,0.0,3.05
2018-11-17 23:00:56,103.12666666666667,42.585,17.27,120.96999999999998,193.26999999999998,0.0,2.02
2018-11-18 00:00:56,120.34,52.215,19.95,120.885,191.365,0.0,2.41
2018-11-18 01:00:56,125.77666666666666,65.005,25.545,113.38,171.55499999999998,0.0,2.28
2018-11-18 02:00:56,103.57,53.72,18.04,106.02,150.635,0.0,2.28
2018-11-18 03:00:56,92.54666666666667,56.695,23.49,99.34499999999998,130.64499999999998,0.0,2.71
2018-11-18 04:00:56,98.52666666666667,54.9,27.564999999999998,98.355,127.645,0.0,2.2
2018-11-18 05:00:56,103.79333333333334,59.794999999999995,19.775000000000002,97.38499999999999,126.77,0.0,1.27
2018-11-18 06:00:56,101.43333333333334,54.43,28.235,98.83,117.33,0.0,3.28
2018-11-18 07:00:56,87.11,52.02,22.599999999999998,92.53000000000002,112.305,0.0,2.99
2018-11-18 08:00:56,103.25666666666666,55.080000000000005,41.12,102.52,139.135,0.0,2.36
2018-11-18 09:00:56,116.75333333333333,64.3,39.895,100.33,144.96,0.0,2.53
2018-11-18 10:00:56,134.49333333333334,78.39999999999999,36.345,100.44,138.37,0.0,3.02
2018-11-18 11:00:56,127.25999999999999,74.43,29.435000000000002,97.15500000000002,119.28000000000002,0.0,9.76
2018-11-18 12:00:56,108.91666666666667,60.195,32.045,101.14999999999999,119.995,0.0,8.1
2018-11-18 13:00:56,97.28333333333333,53.195,26.865,105.08,126.5,0.0,8.31
2018-11-18 14:00:56,83.79666666666667,38.29,27.304999999999996,99.605,113.855,0.0,15.23
2018-11-18 15:00:56,70.21666666666667,31.12,22.069999999999997,91.005,98.425,0.0,19.04
2018-11-18 16:00:56,56.11666666666667,27.095,20.474999999999998,100.23,114.235,0.0,14.61
2018-11-18 17:00:56,55.52,22.51,21.795,111.995,125.2,0.0,9.83
2018-11-18 18:00:56,63.28,24.765,15.085,126.93,160.915,0.0,4.09
2018-11-18 19:00:56,88.88999999999999,37.155,25.174999999999997,145.20499999999998,206.225,0.0,3.36
2018-11-18 20:00:56,121.50333333333333,57.330000000000005,23.435000000000002,130.71,165.79,0.0,2.45
2018-11-18 21:00:56,142.37666666666667,74.015,25.5,134.935,181.965,0.0,2.48
2018-11-18 22:00:56,141.24666666666667,72.08,25.25,135.465,198.64499999999998,0.0,1.69
2018-11-18 23:00:56,131.83333333333334,65.85,21.459999999999997,130.465,194.635,0.0,2.02
2018-11-19 00:00:56,119.49666666666667,61.824999999999996,20.485000000000003,123.175,181.625,0.0,2.33
2018-11-19 01:00:56,117.90333333333335,54.900000000000006,22.615,123.08999999999999,203.07499999999996,0.0,1.94
2018-11-19 02:00:56,132.12333333333333,70.49000000000001,24.515,109.995,143.915,0.0,1.67
2018-11-19 03:00:56,137.54333333333335,68.31,22.47,109.08999999999999,132.055,0.0,2.01
2018-11-19 04:00:56,123.10333333333332,64.935,21.67,107.01999999999998,129.405,0.0,2.3
2018-11-19 05:00:56,111.76666666666667,59.09,15.545000000000002,104.185,130.68,0.0,3.24
2018-11-19 06:00:56,106.19,51.805,14.770000000000001,81.63,91.72499999999998,0.0,3.37
2018-11-19 07:00:56,99.06333333333333,48.294999999999995,12.594999999999999,85.19,109.735,0.0,2.74
2018-11-19 08:00:56,103.11666666666667,46.805,10.910000000000002,103.40500000000002,227.785,0.0,2.02
2018-11-19 09:00:56,138.33666666666667,57.73500000000001,16.72,91.675,167.575,0.0,1.89
2018-11-19 10:00:56,178.68666666666667,73.085,42.4,97.59499999999998,154.835,0.0,2.38
2018-11-19 11:00:56,214.57,89.65500000000002,40.055,101.135,132.935,0.0,3.36
2018-11-19 12:00:56,204.54666666666665,90.55,40.15,98.29,122.685,0.0,5.52
2018-11-19 13:00:56,188.68666666666667,80.295,35.14,97.25,113.305,0.0,10.62
2018-11-19 14:00:56,165.81333333333333,66.265,30.585000000000004,93.605,106.515,0.0,15.26
2018-11-19 15:00:56,123.52333333333333,51.47,18.45,83.4,90.315,0.0,22.31
2018-11-19 16:00:56,80.46,32.425000000000004,9.74,85.52,92.205,0.0,19.58
2018-11-19 17:00:56,70.42666666666668,24.455,17.605,87.57,92.33,0.0,19.34
2018-11-19 18:00:56,78.75,19.575,29.850000000000005,107.105,143.025,0.0,9.4
2018-11-19 19:00:56,116.49666666666667,34.3,33.58,129.445,269.62,0.0,15.24
2018-11-19 20:00:56,164.30666666666667,58.660000000000004,64.63,119.56,221.66,0.0,1.86
2018-11-19 21:00:56,165.82666666666665,70.915,70.28,107.415,166.59,0.0,2.39
2018-11-19 22:00:56,137.35333333333332,69.88,41.425,118.545,252.04,0.0,2.51
2018-11-19 23:00:56,159.34333333333333,90.58999999999999,60.45000000000001,116.485,260.025,0.0,1.6
2018-11-20 00:00:56,185.51333333333332,106.005,41.77,117.115,260.76,0.0,2.18
2018-11-20 01:00:56,132.40333333333334,134.6,78.48,115.545,273.08,0.0,1.62
2018-11-20 02:00:56,200.26666666666665,128.385,66.505,110.27500000000002,237.625,0.0,1.46
2018-11-20 03:00:56,99.37333333333333,127.665,44.18000000000001,109.265,233.0,0.0,1.64
2018-11-20 04:00:56,189.55666666666667,120.395,58.095,100.98,167.465,0.0,1.54
2018-11-20 05:00:56,177.53333333333333,109.44,47.48500000000001,100.93,195.775,0.0,1.49
2018-11-20 06:00:56,171.2,97.06,46.355,98.77,182.34,0.0,1.36
2018-11-20 07:00:56,162.11,102.175,47.06,103.54,211.705,0.0,2.8
2018-11-20 08:00:56,177.91,110.14999999999999,41.224999999999994,117.58,295.925,0.0,1.55
2018-11-20 09:00:56,199.29,111.04,55.215,128.56,323.97,0.0,1.82
2018-11-20 10:00:56,139.26666666666665,126.88499999999999,90.03500000000001,125.62,280.81,0.0,1.54
2018-11-20 11:00:56,252.15666666666664,128.70000000000002,66.935,113.335,178.52,0.0,1.59
2018-11-20 12:00:56,205.1033333333333,96.89999999999999,30.64,96.875,133.775,0.0,3.99
2018-11-20 13:00:56,124.34666666666668,60.23499999999999,22.650000000000002,102.67,123.59999999999998,0.0,9.33
2018-11-20 14:00:56,102.97666666666667,40.285,15.780000000000001,94.06,107.62,0.0,14.88
2018-11-20 15:00:56,94.88666666666667,28.66,11.665000000000001,90.39999999999999,102.265,0.0,15.92
2018-11-20 16:00:56,64.54666666666667,24.205,10.305,85.765,93.2,0.0,21.08
2018-11-20 17:00:56,69.28666666666666,20.765,10.29,101.55,110.105,0.0,16.64
2018-11-20 18:00:56,80.65333333333334,16.96,24.61,156.22,247.43999999999997,0.0,5.74
2018-11-20 19:00:56,108.39,29.745,54.225,177.405,342.16499999999996,0.0,2.21
2018-11-20 20:00:56,165.68333333333334,58.629999999999995,58.32,171.345,325.495,0.0,1.61
2018-11-20 21:00:56,171.65,72.895,58.504999999999995,162.89000000000001,323.265,0.0,1.79
2018-11-20 22:00:56,175.03666666666666,97.76499999999999,76.845,157.53,303.525,0.0,1.37
2018-11-20 23:00:56,188.80666666666667,105.625,60.324999999999996,149.39000000000001,273.615,0.0,1.98
2018-11-21 00:00:56,181.03,94.5,45.504999999999995,142.26,265.935,0.0,2.32
2018-11-21 01:00:56,150.13,77.515,33.32,137.04,250.05000000000004,0.0,2.71
2018-11-21 02:00:56,143.82,79.36,28.49,127.585,223.63000000000002,0.0,2.32
2018-11-21 03:00:56,160.86333333333334,82.805,48.84,125.75,212.725,0.0,1.8
2018-11-21 04:00:56,174.31333333333333,93.25,54.425000000000004,126.40500000000002,216.01999999999998,0.0,2.24
2018-11-21 05:00:56,164.67333333333335,93.39,26.459999999999997,114.41000000000001,170.21,0.0,1.92
2018-11-21 06:00:56,174.82666666666665,32.345,17.455,111.75999999999999,162.58499999999998,0.0,1.44
2018-11-21 07:00:56,238.53666666666666,32.145,18.52,117.44,197.92,0.0,2.32
2018-11-21 08:00:56,219.26666666666665,37.33,16.765,114.95,197.13,0.0,2.38
2018-11-21 09:00:56,203.47000000000003,36.85,15.29,122.64999999999999,255.335,0.0,2.48
2018-11-21 10:00:56,182.87,36.445,37.375,130.33,270.355,0.0,2.38
2018-11-21 11:00:56,150.33666666666667,48.63499999999999,55.315,134.935,238.505,0.0,2.54
2018-11-21 12:00:56,143.90666666666667,51.935,64.735,125.49000000000001,179.74,0.0,2.32
2018-11-21 13:00:56,132.17,40.46,57.245000000000005,122.86,164.31500000000003,0.0,2.55
2018-11-21 14:00:56,107.79666666666667,27.004999999999995,55.255,122.64,161.315,0.0,5.37
2018-11-21 15:00:56,113.35333333333334,25.26,36.875,122.03500000000001,152.255,0.0,4.23
2018-11-21 16:00:56,111.14666666666666,19.335,39.955,137.85,174.295,0.0,3.91
2018-11-21 17:00:56,113.61333333333333,27.635,45.43000000000001,145.01,187.67999999999998,0.0,4.2
2018-11-21 18:00:56,136.14,43.20000000000001,45.574999999999996,158.34,267.785,0.0,1.64
2018-11-21 19:00:56,187.48,63.615,62.07,157.255,320.04,0.0,2.62
2018-11-21 20:00:56,214.73666666666668,88.82,45.29999999999999,149.315,318.35,0.0,2.06
2018-11-21 21:00:56,215.8,102.64,43.73499999999999,138.13,273.04,0.0,1.95
2018-11-21 22:00:56,211.28333333333333,102.38,54.625,133.92499999999998,241.30000000000004,0.0,2.09
2018-11-21 23:00:56,202.65666666666667,104.58,39.205,129.89,222.92999999999998,0.0,1.94
2018-11-22 00:00:56,182.88666666666666,87.3,36.830000000000005,119.63,177.55499999999998,0.0,1.99
2018-11-22 01:00:56,146.84666666666666,76.465,28.545,114.25999999999999,160.445,0.0,2.03
2018-11-22 02:00:56,115.39666666666666,53.275,20.700000000000003,113.92,160.405,0.0,2.17
2018-11-22 03:00:56,96.08,53.69,19.73,107.41000000000001,135.39499999999998,0.0,2.85
2018-11-22 04:00:56,84.27666666666667,43.78,19.099999999999998,101.815,147.255,0.0,2.46
2018-11-22 05:00:56,113.07333333333332,54.294999999999995,16.415,107.055,160.11,0.0,1.5
2018-11-22 06:00:56,134.36666666666667,60.294999999999995,12.475,106.98,151.89000000000001,0.0,1.98
2018-11-22 07:00:56,136.17333333333335,61.815,11.67,100.855,154.49,0.0,1.79
2018-11-22 08:00:56,149.36,62.949999999999996,11.32,106.88,185.92999999999998,0.0,1.89
2018-11-22 09:00:56,207.79333333333332,81.965,17.540000000000003,111.59499999999998,202.16,0.0,1.68
2018-11-22 10:00:56,255.08333333333331,94.755,16.715,114.545,200.745,0.0,2.01
2018-11-22 11:00:56,187.02,89.75,10.795,117.21999999999998,180.915,0.0,2.14
2018-11-22 12:00:56,104.82333333333332,71.18,5.315,118.28000000000002,178.82000000000002,0.0,2.11
2018-11-22 13:00:56,65.9,45.73,20.805,102.44,110.46499999999999,0.0,5.1
2018-11-22 14:00:56,46.96666666666667,36.615,27.455,109.53000000000002,143.43,0.0,4.72
2018-11-22 15:00:56,49.92666666666667,32.91,23.715000000000003,116.425,157.14499999999998,0.0,3.57
2018-11-22 16:00:56,53.29,45.35,26.045,119.22499999999998,159.32500000000002,0.0,4.43
2018-11-22 17:00:56,66.59,35.695,18.3,125.05,162.88,0.0,3.7
2018-11-22 18:00:56,77.03666666666666,40.215,11.825000000000001,105.90500000000002,168.745,0.0,2.64
2018-11-22 19:00:56,64.18333333333334,40.25,12.63,85.75,109.545,0.0,6.73
2018-11-22 20:00:56,38.23,25.61,15.79,86.28000000000002,105.14,0.0,9.9
2018-11-22 21:00:56,28.803333333333335,15.709999999999999,13.079999999999998,79.315,94.255,0.0,11.19
2018-11-22 22:00:56,24.95,11.025,11.11,77.60000000000001,90.675,0.0,11.86
2018-11-22 23:00:56,18.486666666666665,7.199999999999999,8.865,71.48,81.92,0.0,11.92
2018-11-23 00:00:56,12.606666666666667,6.27,7.5,66.77499999999999,75.515,0.0,14.47
2018-11-23 01:00:56,7.713333333333333,6.015000000000001,5.41,62.150000000000006,69.445,0.0,17.5
2018-11-23 02:00:56,8.736666666666666,3.83,3.795,59.315,64.495,0.0,18.23
2018-11-23 03:00:56,12.600000000000001,5.025,3.155,59.46,64.815,0.0,18.3
2018-11-23 04:00:56,9.26,9.595,5.885000000000001,63.11500000000001,68.25,0.0,17.52
2018-11-23 05:00:56,8.19,11.36,5.815,59.98,64.13,0.0,21.23
2018-11-23 06:00:56,6.1066666666666665,13.78,6.28,59.574999999999996,63.00999999999999,0.0,21.02
2018-11-23 07:00:56,4.48,8.27,5.535,60.88499999999999,65.32,0.0,19.19
2018-11-23 08:00:56,6.963333333333333,5.2749999999999995,5.989999999999999,70.28,78.05499999999999,0.0,17.44
2018-11-23 09:00:56,8.623333333333333,3.3250000000000006,6.035,72.53,83.985,0.0,17.01
2018-11-23 10:00:56,14.65,3.8200000000000003,6.739999999999999,64.985,72.02499999999999,0.0,20.56
2018-11-23 11:00:56,24.32,8.299999999999999,8.105,62.025,68.03500000000001,0.0,23.81
2018-11-23 12:00:56,22.28666666666667,6.415,9.315,61.25,67.685,0.0,23.12
2018-11-23 13:00:56,19.636666666666667,8.445,9.04,62.135,68.09,0.0,24.07
2018-11-23 14:00:56,18.743333333333332,7.949999999999999,10.31,65.965,73.065,0.0,23.58
2018-11-23 15:00:56,21.95,8.79,9.16,70.92,80.39,0.0,20.71
2018-11-23 16:00:56,21.333333333333332,12.37,9.36,75.935,85.69999999999999,0.0,19.75
2018-11-23 17:00:56,20.066666666666666,7.66,8.71,78.2,88.735,0.0,18.18
2018-11-23 18:00:56,23.443333333333335,5.5249999999999995,11.51,82.1,93.46499999999999,0.0,17.11
2018-11-23 19:00:56,26.673333333333332,5.09,13.924999999999999,67.075,75.335,0.0,17.42
2018-11-23 20:00:56,31.29,8.235,18.26,66.025,73.72,0.0,18.38
2018-11-23 21:00:56,26.843333333333334,8.825,16.11,61.465,66.99,0.0,20.84
2018-11-23 22:00:56,23.836666666666666,7.175,15.329999999999998,58.37,62.07500000000001,0.0,22.0
2018-11-23 23:00:56,25.74,6.305,13.755,67.135,77.29,0.0,16.84
2018-11-24 00:00:56,25.973333333333333,6.7250000000000005,13.055,66.055,73.21,0.0,19.19
2018-11-24 01:00:56,21.82,5.17,13.505,66.265,70.88,0.0,20.2
2018-11-24 02:00:56,20.286666666666665,7.905,10.38,66.68,71.58,0.0,21.67
2018-11-24 03:00:56,31.993333333333336,14.725000000000001,10.82,62.155,65.51,0.0,24.52
2018-11-24 04:00:56,35.60666666666666,16.51,14.854999999999999,68.48,70.845,0.0,13.47
2018-11-24 05:00:56,41.553333333333335,18.325,13.29,67.56,69.605,0.0,15.26
2018-11-24 06:00:56,46.096666666666664,16.295,12.42,66.26,68.195,0.0,17.01
2018-11-24 07:00:56,51.47,12.310000000000002,13.135,77.52,87.17,0.0,7.52
2018-11-24 08:00:56,59.906666666666666,10.39,21.525000000000002,85.355,103.235,0.0,4.54
2018-11-24 09:00:56,53.29333333333334,14.635,40.195,0.0,0.0,0.0,0.0
2018-11-24 10:00:56,62.64666666666667,18.25,62.53,0.0,0.0,0.0,0.0
2018-11-24 11:00:56,65.94,16.735,49.345,0.0,0.0,0.0,0.0
2018-11-24 12:00:56,56.81,23.89,27.2,0.0,0.0,0.0,0.0
2018-11-24 13:00:56,36.95666666666667,21.11,24.025000000000002,0.0,0.0,0.0,0.0
2018-11-24 14:00:56,27.480000000000004,13.04,17.995,0.0,0.0,0.0,0.0
2018-11-24 15:00:56,21.950000000000003,7.785,15.534999999999998,0.0,0.0,0.0,0.0
2018-11-24 16:00:56,18.583333333333332,7.25,14.214999999999998,0.0,0.0,0.0,0.0
2018-11-24 17:00:56,17.096666666666668,5.445,17.385,0.0,0.0,0.0,0.0
2018-11-24 18:00:56,17.126666666666665,3.49,21.32,0.0,0.0,0.0,0.0
2018-11-24 19:00:56,37.916666666666664,6.044999999999999,35.07,103.63,137.11,0.0,5.03
2018-11-24 20:00:56,48.75333333333333,12.895000000000001,23.070000000000004,97.205,125.555,0.0,7.79
2018-11-24 21:00:56,69.74333333333333,17.28,21.39,101.28000000000002,160.25,0.0,2.83
2018-11-24 22:00:56,84.07666666666667,16.835,22.23,99.695,170.975,0.0,2.3
2018-11-24 23:00:56,103.39333333333333,18.21,22.48,101.94,191.06000000000003,0.0,2.07
2018-11-25 00:00:56,134.21,20.61,23.095,97.13,176.655,0.0,2.31
2018-11-25 01:00:56,139.69333333333333,23.090000000000003,19.01,92.27,163.53,0.0,2.45
2018-11-25 02:00:56,132.2,29.355,16.275000000000002,90.045,146.04,0.0,1.92
2018-11-25 03:00:56,130.74333333333334,27.439999999999998,10.995,84.385,125.51,0.0,1.72
2018-11-25 04:00:56,117.39333333333333,25.560000000000002,13.280000000000001,81.665,116.77500000000002,0.0,2.64
2018-11-25 05:00:56,102.50666666666666,29.584999999999997,11.35,81.175,113.125,0.0,3.07
2018-11-25 06:00:56,96.33666666666666,20.025,9.455,93.34500000000001,121.2,0.0,2.32
2018-11-25 07:00:56,105.68333333333334,20.275,10.865,96.21999999999998,130.53,0.0,2.21
2018-11-25 08:00:56,120.75,27.090000000000003,10.235,96.305,142.42,0.0,3.05
2018-11-25 09:00:56,109.74666666666667,28.47,12.765,98.03500000000001,158.0,0.0,2.28
2018-11-25 10:00:56,125.07333333333334,23.635,23.89,102.665,171.08,0.0,3.11
2018-11-25 11:00:56,147.66666666666666,26.53,62.52,96.925,148.375,0.0,2.78
2018-11-25 12:00:56,154.91,27.064999999999998,66.655,91.375,115.08999999999999,0.0,3.01
2018-11-25 13:00:56,148.51333333333332,30.625,60.10999999999999,85.665,99.58,0.0,8.81
2018-11-25 14:00:56,103.4,26.135,33.12,76.22,81.38,0.0,17.33
2018-11-25 15:00:56,64.44666666666667,17.55,21.72,80.3,85.755,0.0,16.67
2018-11-25 16:00:56,42.20333333333333,14.270000000000001,14.385,81.015,85.65000000000002,0.0,17.99
2018-11-25 17:00:56,30.99,8.17,14.729999999999999,84.25,89.265,0.0,15.83
2018-11-25 18:00:56,40.276666666666664,6.035,22.095,93.98,104.065,0.0,9.87
2018-11-25 19:00:56,55.04333333333334,7.215,42.99,100.75,128.005,0.0,5.47
2018-11-25 20:00:56,74.22666666666666,16.77,74.61,103.90500000000002,144.27,0.0,4.31
2018-11-25 21:00:56,97.30333333333333,24.584999999999997,51.47,105.685,160.615,0.0,1.79
2018-11-25 22:00:56,97.47333333333334,29.595,27.310000000000002,107.06,191.43500000000003,0.0,2.95
2018-11-25 23:00:56,120.75999999999999,31.51,20.13,105.085,208.955,0.0,2.42
2018-11-26 00:00:56,125.30666666666667,21.570000000000004,19.185,106.635,232.345,0.0,2.17
2018-11-26 01:00:56,134.73666666666668,22.495000000000005,19.37,96.03500000000001,187.52,0.0,1.91
2018-11-26 02:00:56,140.07666666666668,25.165000000000003,22.855,92.46,152.045,0.0,2.7
2018-11-26 03:00:56,145.30333333333334,24.504999999999995,19.69,89.71999999999998,145.32,0.0,3.22
2018-11-26 04:00:56,123.67666666666668,23.790000000000003,15.865,84.455,126.81,0.0,1.85
2018-11-26 05:00:56,108.64666666666666,22.23,17.125,83.73,121.62,0.0,2.33
2018-11-26 06:00:56,107.60333333333334,24.64,18.849999999999998,98.48,141.385,0.0,2.12
2018-11-26 07:00:56,115.55333333333333,30.379999999999995,26.299999999999997,105.21499999999999,166.745,0.0,3.04
2018-11-26 08:00:56,142.2,34.47,42.57,118.865,231.55499999999998,0.0,1.73
2018-11-26 09:00:56,173.1,44.004999999999995,38.6,97.51,187.63,0.0,1.46
2018-11-26 10:00:56,188.4766666666667,45.19499999999999,54.544999999999995,99.25,174.84,0.0,2.82
2018-11-26 11:00:56,143.68333333333334,43.6,85.325,133.625,254.705,0.0,2.6
2018-11-26 12:00:56,152.28,50.145,101.195,115.645,163.425,0.0,3.34
2018-11-26 13:00:56,144.23333333333335,53.504999999999995,73.47500000000001,0.0,0.0,0.0,6.79
2018-11-26 14:00:56,103.51666666666667,44.395,45.875,96.995,112.26,0.0,8.85
2018-11-26 15:00:56,71.47666666666667,28.810000000000002,37.59,91.515,101.13,0.0,12.46
2018-11-26 16:00:56,45.916666666666664,22.73,29.37,93.57,103.31,0.0,8.83
2018-11-26 17:00:56,38.13666666666666,17.355,35.885,140.455,175.34,0.0,4.6
2018-11-26 18:00:56,44.78666666666667,18.46,47.88499999999999,162.87,284.09999999999997,0.0,3.0
2018-11-26 19:00:56,80.09666666666666,25.45,57.89000000000001,178.93999999999997,413.935,0.0,2.07
2018-11-26 20:00:56,103.5,37.99,100.82,175.09500000000003,389.86999999999995,0.0,1.9
2018-11-26 21:00:56,85.40666666666667,51.99000000000001,118.855,159.67,323.915,0.0,1.62
2018-11-26 22:00:56,83.73,61.595,132.18,159.685,329.58,0.0,1.7
2018-11-26 23:00:56,76.81666666666666,68.03,162.64,154.04,280.715,0.0,1.71
2018-11-27 00:00:56,64.55666666666667,68.78,100.875,142.68,236.475,0.0,1.98
2018-11-27 01:00:56,64.33666666666667,54.25,89.235,144.115,281.385,0.0,2.49
2018-11-27 02:00:56,87.71,49.93000000000001,113.81,140.96,254.42500000000004,0.0,2.49
2018-11-27 03:00:56,104.19666666666667,44.06999999999999,69.715,114.04,140.085,0.0,7.23
2018-11-27 04:00:56,66.05666666666667,33.325,40.64,84.235,93.01,0.0,15.47
2018-11-27 05:00:56,79.34333333333333,19.41,25.45,82.545,87.935,0.0,14.88
2018-11-27 06:00:56,59.64666666666667,15.410000000000002,19.040000000000003,86.7,91.96,0.0,17.89
2018-11-27 07:00:56,44.18333333333334,12.875,16.945,85.59999999999998,90.585,0.0,16.26
2018-11-27 08:00:56,42.14333333333334,8.905,17.43,109.985,134.405,0.0,7.88
2018-11-27 09:00:56,41.443333333333335,10.145,16.74,141.82,244.67,0.0,2.06
2018-11-27 10:00:56,65.22666666666666,12.865,11.99,147.825,308.415,0.0,1.74
2018-11-27 11:00:56,88.31,27.334999999999997,27.885,145.435,248.23499999999999,0.0,3.06
2018-11-27 12:00:56,75.34333333333333,37.99,33.035000000000004,23.245000000000005,30.070000000000004,0.0,0.0
2018-11-27 13:00:56,54.55666666666667,27.075,14.5,7.719999999999999,9.995,0.0,0.0
2018-11-27 14:00:56,33.43333333333333,15.115,18.46,17.78,20.565,0.0,23.84
2018-11-27 15:00:56,10.563333333333333,4.765,12.04,17.915,19.495,0.0,24.02
2018-11-27 16:00:56,17.456666666666667,4.135,13.049999999999999,21.865,23.02,0.0,24.69
2018-11-27 17:00:56,25.076666666666668,9.454999999999998,13.910000000000002,27.804999999999996,29.725000000000005,0.0,21.12
2018-11-27 18:00:56,42.903333333333336,8.545,21.415000000000003,42.995,52.5,0.0,9.73
2018-11-27 19:00:56,70.04,24.925,41.02,57.41,116.625,0.0,5.43
2018-11-27 20:00:56,108.13666666666667,34.39,70.555,57.70000000000001,126.065,0.0,4.77
2018-11-27 21:00:56,126.66,41.775,63.580000000000005,58.605,128.665,0.0,4.67
2018-11-27 22:00:56,132.01333333333332,50.900000000000006,59.835,53.25,106.315,0.0,4.31
2018-11-27 23:00:56,124.78,51.24,38.805,52.82,100.78500000000001,0.0,4.0
2018-11-28 00:00:56,99.76333333333332,46.49,25.069999999999997,49.544999999999995,83.865,0.0,3.99
2018-11-28 01:00:56,80.86,43.13,24.544999999999998,48.080000000000005,82.015,0.0,3.52
2018-11-28 02:00:56,66.44333333333333,38.325,24.159999999999997,42.955000000000005,55.79,0.0,3.94
2018-11-28 03:00:56,51.29666666666666,35.08,18.915,41.75,56.47,0.0,3.41
2018-11-28 04:00:56,41.68666666666667,26.99,16.735,36.175,41.305,0.0,5.26
2018-11-28 05:00:56,43.70666666666666,22.145,17.2,26.84,27.945000000000004,0.0,12.74
2018-11-28 06:00:56,29.30666666666667,16.650000000000002,16.96,23.23,25.83,0.0,17.18
2018-11-28 07:00:56,29.093333333333334,18.98,13.995,43.025,74.53,0.0,5.01
2018-11-28 08:00:56,51.61666666666667,30.445000000000004,16.945,47.865,86.485,0.0,5.99
2018-11-28 09:00:56,65.26,28.545,25.005,56.585,130.745,0.0,3.88
2018-11-28 10:00:56,87.04,42.485,34.99,35.97,49.65,0.0,11.29
2018-11-28 11:00:56,82.82666666666667,41.055,22.595,30.88,37.635,0.0,15.47
2018-11-28 12:00:56,48.66,30.41,21.955,30.399999999999995,34.31,0.0,15.47
2018-11-28 13:00:56,44.14000000000001,30.310000000000002,34.705000000000005,24.325,27.095,0.0,21.48
2018-11-28 14:00:56,35.233333333333334,22.01,23.060000000000002,28.45,32.775,0.0,20.1
2018-11-28 15:00:56,50.32,17.88,26.064999999999998,30.084999999999997,36.69,0.0,16.5
2018-11-28 16:00:56,38.166666666666664,18.47,43.419999999999995,26.605,30.685,0.0,19.06
2018-11-28 17:00:56,27.09,13.354999999999999,34.545,32.085,42.005,0.0,15.43
2018-11-28 18:00:56,36.843333333333334,11.735,30.935000000000002,40.1,52.945,0.0,12.62
2018-11-28 19:00:56,52.88,24.615,28.25,44.294999999999995,64.815,0.0,12.07
2018-11-28 20:00:56,73.78999999999999,38.370000000000005,25.605,61.22,149.625,0.0,5.48
2018-11-28 21:00:56,99.52666666666667,60.51,30.930000000000003,34.87,46.43,0.0,16.6
2018-11-28 22:00:56,71.57666666666667,42.47,27.825000000000003,27.175,30.825,0.0,24.04
2018-11-28 23:00:56,49.693333333333335,26.584999999999997,22.885,29.11,31.2,0.0,22.17
2018-11-29 00:00:56,50.55666666666667,25.42,19.955000000000002,27.8,31.75,0.0,20.2
2018-11-29 01:00:56,47.276666666666664,26.285,14.515,31.375,36.18,0.0,16.0
2018-11-29 02:00:56,39.91,17.099999999999998,11.375,25.290000000000003,27.48,0.0,20.78
2018-11-29 03:00:56,36.11666666666667,16.709999999999997,9.53,19.365,19.895,0.0,20.71
2018-11-29 04:00:56,31.803333333333335,20.425,7.364999999999999,17.275,17.87,0.0,22.69
2018-11-29 05:00:56,30.156666666666666,13.165,7.62,19.065,20.7,0.0,18.56
2018-11-29 06:00:56,27.08,9.265,8.280000000000001,19.975,21.36,0.0,19.94
2018-11-29 07:00:56,23.61,14.92,8.085,35.38,49.04,0.0,10.43
2018-11-29 08:00:56,25.513333333333335,11.800000000000002,8.735,56.035,108.98,0.0,4.42
2018-11-29 09:00:56,34.17333333333333,18.015,10.32,64.77,134.805,0.0,4.44
2018-11-29 10:00:56,46.89,32.77,11.18,61.815,111.39,0.0,4.44
2018-11-29 11:00:56,59.26,42.225,16.31,57.995,98.06,0.0,6.91
2018-11-29 12:00:56,71.74666666666667,49.455000000000005,31.975000000000005,58.28,94.46,0.0,6.25
2018-11-29 13:00:56,68.86,46.449999999999996,30.075,45.53,59.635,0.0,12.28
2018-11-29 14:00:56,81.58333333333333,43.51,35.365,54.56,74.89,0.0,7.06
2018-11-29 15:00:56,99.29666666666667,48.685,34.94,54.555,73.905,0.0,6.8
2018-11-29 16:00:56,98.69333333333334,65.84500000000001,26.095,43.12,53.565,0.0,9.86
2018-11-29 17:00:56,73.21333333333334,47.585,17.42,27.765,33.32,0.0,14.29
2018-11-29 18:00:56,46.31999999999999,26.879999999999995,14.35,28.63,34.9,0.0,16.11
2018-11-29 19:00:56,31.12,17.655,17.9,29.7,36.24,0.0,13.29
2018-11-29 20:00:56,18.583333333333332,12.04,18.975,28.89,33.795,0.0,13.82
2018-11-29 21:00:56,13.806666666666667,10.435,17.72,27.8,30.83,0.0,16.81
2018-11-29 22:00:56,11.416666666666666,6.885000000000001,14.265,27.695000000000004,31.47,0.0,16.8
2018-11-29 23:00:56,8.23,3.9949999999999997,14.21,27.33,31.209999999999997,0.0,16.57
2018-11-30 00:00:56,7.556666666666667,7.03,12.015,24.295,26.98,0.0,18.33
2018-11-30 01:00:56,7.066666666666666,1.105,10.450000000000001,22.024999999999995,23.665000000000003,0.0,19.32
2018-11-30 02:00:56,6.8966666666666665,4.105,9.555,20.285,20.98,0.0,21.32
2018-11-30 03:00:56,6.473333333333334,1.765,8.995,19.14,19.78,0.0,21.96
2018-11-30 04:00:56,8.01,5.484999999999999,8.415,18.41,19.11,0.0,21.78
2018-11-30 05:00:56,5.45,2.6749999999999994,9.06,17.985,18.58,0.0,24.08
2018-11-30 06:00:56,8.923333333333334,4.63,9.655,17.435,18.225,0.0,23.24
2018-11-30 07:00:56,9.05,3.795,9.525,18.405,19.755,0.0,23.11
2018-11-30 08:00:56,7.603333333333333,3.9800000000000004,9.83,24.84,29.485,0.0,20.17
2018-11-30 09:00:56,8.306666666666667,3.455,11.25,29.33,35.915,0.0,22.48
2018-11-30 10:00:56,7.026666666666667,3.8900000000000006,14.38,27.435,32.635,0.0,17.3
2018-11-30 11:00:56,6.503333333333333,0.9250000000000002,20.25,33.95,46.195,0.0,12.27
2018-11-30 12:00:56,9.043333333333333,0.575,24.045,37.665,56.12,0.0,11.36
2018-11-30 13:00:56,24.07333333333333,9.665,24.11,40.0,59.99,0.0,7.65
2018-11-30 14:00:56,29.286666666666665,8.65,21.87,39.685,52.915,0.0,8.77
2018-11-30 15:00:56,45.78,19.495,17.765,40.515,51.645,0.0,7.51
2018-11-30 16:00:56,54.63666666666666,15.910000000000002,14.814999999999998,37.62,47.294999999999995,0.0,7.99
2018-11-30 17:00:56,48.666666666666664,27.855,24.625,31.895,41.515,0.0,9.87
2018-11-30 18:00:56,52.846666666666664,32.765,25.765,41.885,85.05,0.0,6.05
2018-11-30 19:00:56,49.416666666666664,27.41,21.62,44.23,82.475,0.0,3.98
2018-11-30 20:00:56,52.52,29.820000000000004,23.385,47.02,98.755,0.0,4.83
2018-11-30 21:00:56,68.23,40.1,28.700000000000003,43.305,82.525,0.0,8.04
2018-11-30 22:00:56,84.09,52.44,25.26,41.405,75.195,0.0,6.36
2018-11-30 23:00:56,102.4,36.505,20.6,45.09,100.43,0.0,8.69
2018-12-01 00:00:56,153.38666666666666,43.03,20.415000000000003,42.67499999999999,75.755,0.0,4.55
2018-12-01 01:00:56,132.55333333333334,53.150000000000006,20.790000000000003,43.215,83.78,0.0,4.9
2018-12-01 02:00:56,126.89666666666666,60.97,25.584999999999997,39.02,62.105,0.0,4.02
2018-12-01 03:00:56,111.50666666666666,49.03,24.3,36.14,55.57,0.0,3.83
2018-12-01 04:00:56,104.27333333333333,48.955000000000005,25.235,35.295,50.830000000000005,0.0,3.95
2018-12-01 05:00:56,115.62666666666667,50.73,21.875,35.68,52.685,0.0,4.29
2018-12-01 06:00:56,128.45,46.70000000000001,15.579999999999998,34.885,49.45000000000001,0.0,4.18
2018-12-01 07:00:56,137.45333333333335,57.315,14.67,35.725,55.91,0.0,5.19
2018-12-01 08:00:56,141.83,51.650000000000006,18.865,35.43,67.98,0.0,4.52
2018-12-01 09:00:56,155.02333333333334,58.675000000000004,19.21,37.115,66.625,0.0,3.63
2018-12-01 10:00:56,125.26666666666665,48.449999999999996,12.67,38.995,75.47,0.0,3.86
2018-12-01 11:00:56,79.14333333333333,58.419999999999995,11.69,37.445,58.73499999999999,0.0,12.54
2018-12-01 12:00:56,45.88333333333333,36.14,17.615,35.525,54.04,0.0,8.8
2018-12-01 13:00:56,24.65,19.849999999999998,20.635,32.565,44.745,0.0,8.61
2018-12-01 14:00:56,16.790000000000003,6.655000000000001,19.665,35.22,52.18,0.0,8.23
2018-12-01 15:00:56,12.226666666666667,4.64,17.165,36.875,55.54,0.0,8.29
2018-12-01 16:00:56,11.52,2.775,13.885,45.04,82.035,0.0,5.52
2018-12-01 17:00:56,11.873333333333333,1.795,15.990000000000002,43.669999999999995,80.51,0.0,5.44
2018-12-01 18:00:56,18.813333333333333,6.094999999999999,15.844999999999999,49.205000000000005,98.65000000000002,0.0,4.35
2018-12-01 19:00:56,27.12,18.405,23.790000000000003,44.18,79.255,0.0,4.56
2018-12-01 20:00:56,31.26,14.72,24.12,41.75,72.675,0.0,5.13
2018-12-01 21:00:56,35.653333333333336,10.72,22.790000000000003,37.385,57.26,0.0,6.24
2018-12-01 22:00:56,41.29,8.11,24.090000000000003,38.52,61.81,0.0,7.88
2018-12-01 23:00:56,62.49000000000001,6.364999999999999,16.605,39.265,70.845,0.0,16.48
2018-12-02 00:00:56,79.08666666666667,24.275000000000002,15.350000000000001,38.77,70.16,0.0,9.84
2018-12-02 01:00:56,53.95,18.695,18.459999999999997,35.855,53.29999999999999,0.0,4.44
2018-12-02 02:00:56,56.00666666666667,22.445000000000004,21.12,33.975,41.515,0.0,5.57
2018-12-02 03:00:56,52.50333333333333,22.554999999999996,17.900000000000002,33.5,42.03,0.0,6.12
2018-12-02 04:00:56,46.803333333333335,24.73,14.660000000000002,24.405,26.524999999999995,0.0,9.78
2018-12-02 05:00:56,38.75333333333333,24.42,14.185,24.235,28.92,0.0,8.59
2018-12-02 06:00:56,32.92666666666667,17.66,13.81,28.045,31.605,0.0,6.93
2018-12-02 07:00:56,37.446666666666665,16.94,13.270000000000001,25.12,27.135,0.0,8.43
2018-12-02 08:00:56,43.64,15.985,13.525,24.955,32.295,0.0,8.37
2018-12-02 09:00:56,41.656666666666666,13.94,13.43,27.075,43.66,0.0,6.77
2018-12-02 10:00:56,40.71333333333333,14.62,18.265,29.495,44.205000000000005,0.0,7.22
2018-12-02 11:00:56,45.406666666666666,17.985,22.084999999999997,31.274999999999995,45.44,0.0,6.43
2018-12-02 12:00:56,54.983333333333334,26.635,29.709999999999997,27.755,36.985,0.0,8.32
2018-12-02 13:00:56,60.166666666666664,30.304999999999996,30.675,25.554999999999996,32.36,0.0,12.17
2018-12-02 14:00:56,49.336666666666666,24.01,40.27,25.73,32.28,0.0,16.61
2018-12-02 15:00:56,41.73,19.74,33.465,20.335,23.145,0.0,22.97
2018-12-02 16:00:56,28.97,12.26,29.175,21.115,24.84,0.0,24.86
2018-12-02 17:00:56,34.97666666666667,13.06,17.34,23.825,27.225000000000005,0.0,24.51
2018-12-02 18:00:56,49.18,18.05,25.385,38.12,51.32,0.0,12.63
2018-12-02 19:00:56,86.57333333333334,25.450000000000003,20.495,53.44,106.13,0.0,6.76
2018-12-02 20:00:56,124.69,57.5,22.075000000000003,53.835,118.71999999999998,0.0,5.56
2018-12-02 21:00:56,118.56,65.59,22.28,52.245,113.67,0.0,7.52
2018-12-02 22:00:56,140.53666666666666,86.65500000000002,24.185000000000002,51.830000000000005,110.52,0.0,5.68
2018-12-02 23:00:56,141.53333333333333,88.12,23.66,49.95000000000001,122.82,0.0,6.89
2018-12-03 00:00:56,161.26333333333332,84.65,18.75,48.775,122.74,0.0,6.82
2018-12-03 01:00:56,142.99333333333334,82.595,19.599999999999998,46.97,113.3,0.0,6.5
2018-12-03 02:00:56,152.16333333333333,86.61,13.115,42.33,85.58999999999999,0.0,5.9
2018-12-03 03:00:56,130.23000000000002,71.7,12.37,42.385,81.825,0.0,5.05
2018-12-03 04:00:56,111.98666666666666,68.73,9.565,42.055,76.91,0.0,5.1
2018-12-03 05:00:56,96.47,61.70000000000001,9.9,39.75,63.63,0.0,4.05
2018-12-03 06:00:56,90.46333333333334,52.044999999999995,9.69,41.015,68.795,0.0,4.43
2018-12-03 07:00:56,89.66666666666667,40.765,9.950000000000001,40.345,72.67,0.0,4.69
2018-12-03 08:00:56,93.78666666666666,50.865,11.479999999999999,49.91,115.39,0.0,5.18
2018-12-03 09:00:56,125.06666666666666,68.155,18.74,44.78,86.185,0.0,2.87
2018-12-03 10:00:56,163.95,68.53500000000001,22.535,49.169999999999995,101.865,0.0,6.65
2018-12-03 11:00:56,185.45,85.39999999999999,26.62,50.095,104.685,0.0,8.14
2018-12-03 12:00:56,213.28666666666666,100.77499999999999,30.645,48.35999999999999,85.44,0.0,5.82
2018-12-03 13:00:56,204.54333333333332,99.23,46.23499999999999,48.215,77.78,0.0,5.91
2018-12-03 14:00:56,167.74333333333334,82.275,40.61,40.115,48.375,0.0,9.83
2018-12-03 15:00:56,131.75666666666666,67.29,29.564999999999998,44.580000000000005,57.495,0.0,9.71
2018-12-03 16:00:56,109.54333333333332,57.935,24.929999999999996,51.65,79.375,0.0,5.05
2018-12-03 17:00:56,113.86333333333334,43.89000000000001,24.265,46.47,57.435,0.0,6.41
2018-12-03 18:00:56,113.63666666666667,49.475,24.575,47.62,59.285,0.0,6.52
2018-12-03 19:00:56,118.64666666666666,55.625,21.085,50.65,73.855,0.0,5.55
2018-12-03 20:00:56,118.29666666666667,52.535,22.955,50.79999999999999,70.925,0.0,4.72
2018-12-03 21:00:56,114.88,54.205000000000005,24.455,48.725,61.34,0.0,4.47
2018-12-03 22:00:56,114.76333333333332,57.415,25.180000000000003,45.04999999999999,53.72,0.0,4.86
2018-12-03 23:00:56,114.88333333333333,56.0,25.435000000000002,43.375,55.15,0.0,6.1
2018-12-04 00:00:56,120.47,58.82,25.165000000000003,38.695,50.595,0.0,5.46
2018-12-04 01:00:56,106.22333333333333,44.625,21.135,36.525,42.205,0.0,6.81
2018-12-04 02:00:56,60.14,21.42,17.445,0.0,0.0,0.0,0.0
2018-12-04 03:00:56,53.35,18.33,14.735,0.0,0.0,0.0,0.0
2018-12-04 04:00:56,48.45,14.305,14.14,0.0,0.0,0.0,0.0
2018-12-04 05:00:56,44.29,14.35,12.464999999999998,0.0,0.0,0.0,0.0
2018-12-04 06:00:56,45.583333333333336,14.68,11.405,0.0,0.0,0.0,0.0
2018-12-04 07:00:56,44.49333333333334,13.560000000000002,11.545,0.0,0.0,0.0,0.0
2018-12-04 08:00:56,42.57333333333333,9.46,11.21,0.0,0.0,0.0,0.0
2018-12-04 09:00:56,41.17333333333334,7.18,11.219999999999999,0.0,0.0,0.0,0.0
2018-12-04 10:00:56,47.11333333333334,11.65,11.995,0.0,0.0,0.0,0.0
2018-12-04 11:00:56,85.20666666666666,35.535,14.165,41.25,57.419999999999995,0.0,5.57
2018-12-04 12:00:56,79.23666666666666,43.57,19.205,40.93,57.4,0.0,5.91
2018-12-04 13:00:56,105.24333333333334,48.91,26.405,45.17499999999999,69.16,0.0,6.92
2018-12-04 14:00:56,124.40666666666667,57.99,37.9,47.28,68.66,0.0,5.93
2018-12-04 15:00:56,141.07666666666665,77.395,40.185,45.01500000000001,63.76,0.0,6.05
2018-12-04 16:00:56,142.41333333333333,71.815,39.695,46.78,64.73,0.0,6.56
2018-12-04 17:00:56,165.29333333333332,82.065,29.400000000000002,50.69,75.03,0.0,5.35
2018-12-04 18:00:56,191.32666666666665,94.46499999999999,31.715,52.505,92.955,0.0,4.78
2018-12-04 19:00:56,207.94666666666666,99.23500000000001,33.515,55.565,106.52500000000002,0.0,3.94
2018-12-04 20:00:56,213.54666666666665,99.99,32.65,48.22,88.375,0.0,3.71
2018-12-04 21:00:56,204.96333333333334,93.24000000000001,33.365,49.965,91.94,0.0,3.88
2018-12-04 22:00:56,219.51,99.78000000000002,32.885,47.975,85.985,0.0,3.75
2018-12-04 23:00:56,217.67333333333332,101.11000000000001,28.254999999999995,47.1,87.175,0.0,2.94
2018-12-05 00:00:56,179.01666666666665,79.53500000000001,24.215,45.115,79.205,0.0,3.98
2018-12-05 01:00:56,133.26333333333335,73.405,23.015,40.935,64.54,0.0,4.16
2018-12-05 02:00:56,111.75666666666666,67.91000000000001,25.060000000000002,39.455,60.725,0.0,3.67
2018-12-05 03:00:56,103.29666666666667,62.435,22.570000000000004,37.76,54.365,0.0,3.92
2018-12-05 04:00:56,119.67,63.395,18.24,35.365,52.095,0.0,4.14
2018-12-05 05:00:56,104.95333333333333,53.99,19.945,32.99,46.845,0.0,5.16
2018-12-05 06:00:56,118.07,55.6,22.815,34.17,53.56,0.0,5.08
2018-12-05 07:00:56,139.83666666666667,57.06,20.7,35.41,70.54,0.0,4.65
2018-12-05 08:00:56,163.81666666666666,60.845,20.935,37.23,74.945,0.0,4.36
2018-12-05 09:00:56,173.91666666666666,71.37,28.939999999999998,40.28,87.395,0.0,5.57
2018-12-05 10:00:56,186.41666666666666,83.395,30.265,40.78,89.68,0.0,4.15
2018-12-05 11:00:56,185.37333333333333,100.925,46.24,43.14000000000001,79.915,0.0,5.23
2018-12-05 12:00:56,169.04333333333332,55.18000000000001,74.64,52.38,96.28000000000002,0.0,5.11
2018-12-05 13:00:56,82.33,0.0,23.05,58.080000000000005,95.53500000000001,0.0,5.52
2018-12-05 14:00:56,61.81333333333333,0.0,24.26,55.215,72.64,0.0,6.88
2018-12-05 15:00:56,85.21666666666667,20.21,37.465,42.62,51.29,0.0,9.2
2018-12-05 16:00:56,72.25333333333333,18.13,29.08,43.39000000000001,53.305,0.0,9.25
2018-12-05 17:00:56,63.986666666666665,22.709999999999997,27.52,47.995,65.295,0.0,7.89
2018-12-05 18:00:56,72.85666666666667,43.35,17.060000000000002,67.84,163.8,0.0,5.67
2018-12-05 19:00:56,122.46000000000001,57.175000000000004,7.989999999999999,63.18,152.9,0.0,6.32
2018-12-05 20:00:56,158.51333333333332,72.46,28.540000000000003,59.895,135.9,0.0,5.29
2018-12-05 21:00:56,158.15666666666667,78.425,21.495,58.405,138.085,0.0,6.48
2018-12-05 22:00:56,158.96666666666667,91.88499999999999,25.400000000000002,51.26500000000001,96.675,0.0,4.57
2018-12-05 23:00:56,162.28,80.155,29.995,52.365,111.37,0.0,14.21
2018-12-06 00:00:56,135.47,79.32000000000001,37.455,43.27,71.92,0.0,4.75
2018-12-06 01:00:56,104.02,54.544999999999995,15.780000000000001,33.45,38.995,0.0,7.47
2018-12-06 02:00:56,70.56,37.665,10.405,34.595,40.02,0.0,8.96
2018-12-06 03:00:56,66.85333333333334,31.0,9.93,22.49,23.965,0.0,15.12
2018-12-06 04:00:56,42.79666666666667,23.685,6.474999999999999,19.11,20.13,0.0,14.42
2018-12-06 05:00:56,28.48,16.805,11.219999999999999,17.865,18.365,0.0,14.98
2018-12-06 06:00:56,20.856666666666666,8.3,12.875,16.92,17.39,0.0,16.23
2018-12-06 07:00:56,17.32,8.71,10.9,17.125,18.625,0.0,17.91
2018-12-06 08:00:56,16.95,10.9,10.36,21.235,23.67,0.0,18.93
2018-12-06 09:00:56,13.963333333333333,6.875,10.42,26.929999999999996,31.38,0.0,16.15
2018-12-06 10:00:56,14.486666666666666,4.305,11.025,29.245,34.665,0.0,14.85
2018-12-06 11:00:56,18.506666666666668,3.03,11.76,26.334999999999997,31.070000000000004,0.0,18.43
2018-12-06 12:00:56,20.826666666666668,6.075,3.345,23.785,26.0,0.0,20.37
2018-12-06 13:00:56,16.873333333333335,5.845,18.915,25.31,29.185,0.0,18.97
2018-12-06 14:00:56,16.896666666666665,4.565,17.815,33.605,43.97,0.0,14.01
2018-12-06 15:00:56,16.04,2.84,13.995,29.98,35.025,0.0,15.68
2018-12-06 16:00:56,15.633333333333333,8.82,14.465000000000002,31.584999999999997,39.255,0.0,12.46
2018-12-06 17:00:56,14.82,9.455,13.995,29.24,33.41,0.0,14.67
2018-12-06 18:00:56,13.780000000000001,11.855000000000002,14.705,31.605,38.49,0.0,14.21
2018-12-06 19:00:56,17.433333333333334,9.69,17.38,33.59,42.005,0.0,12.81
2018-12-06 20:00:56,16.403333333333336,8.53,14.895000000000001,33.3,39.15,0.0,13.38
2018-12-06 21:00:56,16.993333333333332,12.165,16.165,35.04,42.5,0.0,10.75
2018-12-06 22:00:56,20.07333333333333,10.295,18.185,36.465,47.4,0.0,10.02
2018-12-06 23:00:56,20.153333333333332,12.395000000000001,16.75,40.22,56.76500000000001,0.0,8.96
2018-12-07 00:00:56,24.16,10.32,16.78,36.37,42.44,0.0,10.05
2018-12-07 01:00:56,25.386666666666667,13.280000000000001,14.37,34.215,47.07500000000001,0.0,9.97
2018-12-07 02:00:56,17.173333333333336,10.415,9.645,30.135,35.145,0.0,10.3
2018-12-07 03:00:56,15.673333333333334,7.265000000000001,10.04,28.09,31.715,0.0,11.16
2018-12-07 04:00:56,12.463333333333331,2.615,8.74,22.33,24.084999999999997,0.0,14.75
2018-12-07 05:00:56,11.473333333333334,4.405,11.465000000000002,19.135,20.07,0.0,16.92
2018-12-07 06:00:56,8.51,4.52,11.92,20.665,23.290000000000003,0.0,14.94
2018-12-07 07:00:56,7.626666666666667,4.895,10.725000000000001,28.24,36.87,0.0,12.06
2018-12-07 08:00:56,12.076666666666668,3.515,12.035000000000002,39.64,62.93,0.0,7.13
2018-12-07 09:00:56,20.586666666666666,7.329999999999999,15.344999999999999,48.70000000000001,92.835,0.0,4.83
2018-12-07 10:00:56,30.430000000000003,19.224999999999998,26.655,39.785,57.0,0.0,7.79
2018-12-07 11:00:56,42.61333333333334,28.299999999999997,29.145,34.335,43.419999999999995,0.0,9.79
2018-12-07 12:00:56,47.156666666666666,35.685,40.4,32.81,42.625,0.0,12.16
2018-12-07 13:00:56,36.95,22.415000000000003,25.89,35.175,43.99,0.0,11.29
2018-12-07 14:00:56,33.89666666666667,12.565,26.064999999999998,40.495,58.52,0.0,10.9
2018-12-07 15:00:56,25.123333333333335,6.555,23.435000000000002,50.29,88.3,0.0,5.88
2018-12-07 16:00:56,16.61,14.36,28.08,49.35999999999999,81.42,0.0,5.42
2018-12-07 17:00:56,21.47,13.354999999999999,32.545,51.915,84.9,0.0,5.15
2018-12-07 18:00:56,27.290000000000003,8.62,36.599999999999994,56.345,98.085,0.0,5.41
2018-12-07 19:00:56,37.13,23.465,30.605,59.525,110.49,0.0,4.45
2018-12-07 20:00:56,31.13,18.305,27.7,53.54999999999999,86.3,0.0,5.49
2018-12-07 21:00:56,28.769999999999996,14.479999999999999,27.349999999999998,49.43,69.555,0.0,7.31
2018-12-07 22:00:56,32.053333333333335,17.325,31.534999999999997,47.845,62.755,0.0,8.28
2018-12-07 23:00:56,27.28666666666667,18.215,21.524999999999995,51.785,80.36,0.0,7.04
2018-12-08 00:00:56,28.1,15.92,25.11,40.24,50.335,0.0,11.64
2018-12-08 01:00:56,31.506666666666668,5.93,21.86,30.76,32.815,0.0,16.78
2018-12-08 02:00:56,25.8,9.645000000000001,18.545,24.325,26.205,0.0,18.55
2018-12-08 03:00:56,23.593333333333334,8.025,15.969999999999999,21.83,23.235,0.0,19.95
2018-12-08 04:00:56,16.276666666666667,5.2,14.36,23.675,25.679999999999996,0.0,16.47
2018-12-08 05:00:56,21.95,10.700000000000001,12.325000000000001,21.515,22.225000000000005,0.0,17.13
2018-12-08 06:00:56,30.323333333333334,13.82,13.32,22.445000000000004,23.7,0.0,16.41
2018-12-08 07:00:56,33.72333333333333,14.165,12.36,23.365,24.78,0.0,15.76
2018-12-08 08:00:56,34.263333333333335,18.695,12.5,29.535,34.205,0.0,13.72
2018-12-08 09:00:56,38.93666666666667,14.44,14.64,28.665000000000003,34.78,0.0,14.53
2018-12-08 10:00:56,48.06,25.650000000000002,26.215000000000003,29.91,38.3,0.0,15.01
2018-12-08 11:00:56,49.833333333333336,22.72,38.800000000000004,24.435,28.89,0.0,17.91
2018-12-08 12:00:56,40.29666666666667,18.45,26.459999999999997,21.845,25.725000000000005,0.0,22.82
2018-12-08 13:00:56,30.41333333333333,15.085,33.74,19.825,22.375,0.0,22.57
2018-12-08 14:00:56,29.93,10.765,27.195000000000004,20.51,22.86,0.0,24.1
2018-12-08 15:00:56,31.41,10.4,24.939999999999998,21.165,23.795,0.0,22.7
2018-12-08 16:00:56,30.69666666666667,8.755,23.804999999999996,26.02,31.645,0.0,19.73
2018-12-08 17:00:56,30.263333333333335,10.954999999999998,18.66,26.565,30.3,0.0,20.1
2018-12-08 18:00:56,37.72,17.45,21.59,36.865,45.44,0.0,14.03
2018-12-08 19:00:56,61.73666666666667,22.304999999999996,30.87,47.75,65.595,0.0,8.55
2018-12-08 20:00:56,87.69,24.705,54.595,51.755,74.925,0.0,7.81
2018-12-08 21:00:56,104.00999999999999,44.705000000000005,88.81,57.185,92.665,0.0,4.98
2018-12-08 22:00:56,115.27333333333333,59.84,55.26,44.56,53.044999999999995,0.0,10.01
2018-12-08 23:00:56,95.07666666666667,42.01,45.09,43.615,58.025,0.0,9.09
2018-12-09 00:00:56,70.85666666666667,32.67,40.29,37.99,45.14000000000001,0.0,12.7
2018-12-09 01:00:56,60.2,27.675,31.735,44.23499999999999,65.48,0.0,8.93
2018-12-09 02:00:56,51.96666666666667,24.885,19.72,43.405,56.56,0.0,7.66
2018-12-09 03:00:56,49.093333333333334,28.87,20.505,44.905,59.99,0.0,5.09
2018-12-09 04:00:56,47.92666666666666,28.55,22.395,42.905,51.81,0.0,5.85
2018-12-09 05:00:56,37.013333333333335,20.365,17.615,37.275,40.99,0.0,11.52
2018-12-09 06:00:56,37.38666666666666,19.66,13.030000000000001,35.59,40.255,0.0,10.51
2018-12-09 07:00:56,36.04,17.51,16.19,36.94,42.605,0.0,9.71
2018-12-09 08:00:56,37.84,14.485,11.954999999999998,46.315,68.125,0.0,7.04
2018-12-09 09:00:56,45.93,31.834999999999997,17.785,42.4,51.17499999999999,0.0,7.87
2018-12-09 10:00:56,54.20666666666667,24.24,25.395,48.18,70.995,0.0,7.89
2018-12-09 11:00:56,63.23666666666667,24.159999999999997,26.064999999999998,47.03,64.56,0.0,8.52
2018-12-09 12:00:56,85.88666666666666,42.85999999999999,49.85,50.13,71.33,0.0,8.14
2018-12-09 13:00:56,121.15,64.41,61.905,41.33,50.025,0.0,14.5
2018-12-09 14:00:56,95.73666666666666,54.669999999999995,41.49,30.03,35.48,0.0,18.93
2018-12-09 15:00:56,60.60333333333333,34.415,33.655,26.94,30.820000000000004,0.0,19.63
2018-12-09 16:00:56,48.473333333333336,23.035,27.01,29.054999999999996,33.61,0.0,18.34
2018-12-09 17:00:56,45.77333333333333,25.56,30.235,38.675,48.335,0.0,12.36
2018-12-09 18:00:56,66.12666666666667,25.145,26.600000000000005,48.82500000000001,69.205,0.0,5.54
2018-12-09 19:00:56,91.23666666666666,36.0,35.785,53.10999999999999,87.8,0.0,5.46
2018-12-09 20:00:56,123.50999999999999,53.59,43.285,62.98,141.61,0.0,5.4
2018-12-09 21:00:56,162.89,86.02499999999999,39.235,63.92499999999999,146.35,0.0,6.96
2018-12-09 22:00:56,178.37666666666667,104.84999999999998,25.795,65.855,194.74,0.0,7.64
2018-12-09 23:00:56,181.20999999999998,120.63,31.455000000000002,63.26500000000001,190.08,0.0,7.4
2018-12-10 00:00:56,198.17,131.865,45.065,60.555,142.55,0.0,4.95
2018-12-10 01:00:56,172.61,109.28500000000001,33.23,54.945,150.865,0.0,6.23
2018-12-10 02:00:56,173.69666666666666,108.22500000000001,41.25,57.43,143.96,0.0,5.09
2018-12-10 03:00:56,163.71666666666667,100.73,35.32,51.315,105.21,0.0,4.71
2018-12-10 04:00:56,153.59,97.39999999999999,33.785000000000004,48.5,96.325,0.0,4.7
2018-12-10 05:00:56,131.25333333333333,87.505,25.595,48.98499999999999,84.195,0.0,4.47
2018-12-10 06:00:56,105.99000000000001,66.515,18.865,30.03,33.015,0.0,13.62
2018-12-10 07:00:56,82.44666666666666,55.97,16.95,42.79,63.89000000000001,0.0,7.14
2018-12-10 08:00:56,66.25333333333333,43.699999999999996,17.73,58.505,113.235,0.0,4.65
2018-12-10 09:00:56,65.15666666666667,43.379999999999995,21.224999999999998,60.24,165.49,0.0,5.14
2018-12-10 10:00:56,125.31666666666666,65.69999999999999,25.53,57.72,136.01,0.0,4.69
2018-12-10 11:00:56,159.00333333333333,86.915,23.11,53.76500000000001,89.90000000000002,0.0,6.15
2018-12-10 12:00:56,110.66333333333334,65.265,30.224999999999998,52.95000000000001,85.08,0.0,6.84
2018-12-10 13:00:56,86.32666666666667,62.275000000000006,41.585,0.0,0.0,0.0,12.28
2018-12-10 14:00:56,64.38,15.49,46.145,37.935,46.84,0.0,13.25
2018-12-10 15:00:56,50.78666666666667,14.85,49.155,30.304999999999996,33.425,0.0,17.87
2018-12-10 16:00:56,39.97,15.020000000000001,53.51499999999999,32.775,39.12,0.0,14.27
2018-12-10 17:00:56,35.416666666666664,15.030000000000001,42.77,39.3,61.15,0.0,12.4
2018-12-10 18:00:56,50.71,30.105,27.63,63.29,142.235,0.0,5.27
2018-12-10 19:00:56,79.83,51.41,22.77,64.495,148.14,0.0,4.89
2018-12-10 20:00:56,101.04666666666667,67.03,29.08,68.49,204.245,0.0,6.1
2018-12-10 21:00:56,129.99666666666667,95.86000000000001,60.870000000000005,58.85999999999999,132.085,0.0,4.54
2018-12-10 22:00:56,114.33,75.125,47.76500000000001,54.10999999999999,116.855,0.0,8.42
2018-12-10 23:00:56,80.26,28.27,61.5,0.0,0.0,0.0,0.0
2018-12-11 00:00:56,99.32333333333332,40.26,69.505,0.0,0.0,0.0,0.0
2018-12-11 01:00:56,102.92666666666668,44.375,59.550000000000004,0.0,0.0,0.0,0.0
2018-12-11 02:00:56,95.77333333333333,36.805,44.815,0.0,0.0,0.0,0.0
2018-12-11 03:00:56,58.48666666666667,24.310000000000002,36.63,0.0,0.0,0.0,0.0
2018-12-11 04:00:56,26.093333333333334,13.310000000000002,19.900000000000002,0.0,0.0,0.0,0.0
2018-12-11 05:00:56,14.476666666666667,7.93,14.385,0.0,0.0,0.0,0.0
2018-12-11 06:00:56,12.566666666666666,4.845,10.865,0.0,0.0,0.0,0.0
2018-12-11 07:00:56,10.573333333333332,2.6749999999999994,12.025,0.0,0.0,0.0,0.0
2018-12-11 08:00:56,8.783333333333333,2.615,13.674999999999999,0.0,0.0,0.0,0.0
2018-12-11 09:00:56,11.533333333333333,3.185,14.39,0.0,0.0,0.0,0.0
2018-12-11 10:00:56,14.093333333333334,3.0499999999999994,19.065,0.0,0.0,0.0,0.0
2018-12-11 11:00:56,13.303333333333335,5.94,19.97,0.0,0.0,0.0,0.0
2018-12-11 12:00:56,15.416666666666666,6.419999999999999,17.895,0.0,0.0,0.0,0.0
2018-12-11 13:00:56,19.45,8.665,8.935,0.0,0.0,0.0,0.0
2018-12-11 14:00:56,21.6,8.05,17.63,0.0,0.0,0.0,0.0
2018-12-11 15:00:56,25.826666666666668,4.81,8.53,0.0,0.0,0.0,0.0
2018-12-11 16:00:56,26.863333333333333,5.935,6.109999999999999,20.205,21.695000000000004,0.0,21.09
2018-12-11 17:00:56,28.856666666666666,7.625,8.99,22.149999999999995,23.705,0.0,23.28
2018-12-11 18:00:56,29.816666666666663,14.225,14.485,32.095,36.56,0.0,15.39
2018-12-11 19:00:56,41.04333333333334,16.445,41.225,33.07,37.375,0.0,13.5
2018-12-11 20:00:56,40.526666666666664,18.834999999999997,28.86,30.320000000000004,34.585,0.0,14.81
2018-12-11 21:00:56,41.25333333333333,19.435,35.455,38.075,51.91,0.0,10.3
2018-12-11 22:00:56,48.95666666666666,24.795,45.085,30.23,33.33,0.0,15.7
2018-12-11 23:00:56,44.29666666666667,21.635,48.495000000000005,42.11,62.419999999999995,0.0,9.4
2018-12-12 00:00:56,54.28666666666667,19.27,38.275,42.345,56.4,0.0,7.6
2018-12-12 01:00:56,54.28,18.465,25.25,42.49,53.169999999999995,0.0,8.27
2018-12-12 02:00:56,56.43333333333334,29.74,16.73,38.65,43.57500000000001,0.0,9.66
2018-12-12 03:00:56,57.13333333333333,32.72,13.07,41.895,53.655,0.0,6.16
2018-12-12 04:00:56,57.78333333333333,26.929999999999996,14.82,37.005,45.57500000000001,0.0,7.39
2018-12-12 05:00:56,50.900000000000006,22.885,24.01,36.275,44.145,0.0,7.61
2018-12-12 06:00:56,51.973333333333336,28.784999999999997,24.14,29.89,31.42,0.0,10.51
2018-12-12 07:00:56,48.13,27.94,22.325,29.31,34.055,0.0,10.53
2018-12-12 08:00:56,48.06,29.97,21.075,40.58,70.085,0.0,6.9
2018-12-12 09:00:56,51.46333333333333,30.659999999999997,18.48,47.445,87.09999999999998,0.0,4.34
2018-12-12 10:00:56,54.31,33.135,15.875,46.495,72.865,0.0,5.74
2018-12-12 11:00:56,80.05666666666667,38.455,17.174999999999997,43.294999999999995,57.655,0.0,7.53
2018-12-12 12:00:56,88.34,46.89000000000001,16.855,43.68,58.06,0.0,7.85
2018-12-12 13:00:56,82.10333333333334,47.5,29.849999999999998,40.555,57.245,0.0,9.98
2018-12-12 14:00:56,43.85666666666667,34.275000000000006,27.95,33.465,39.405,0.0,15.57
2018-12-12 15:00:56,31.57,24.5,26.14,31.215,38.475,0.0,17.25
2018-12-12 16:00:56,29.203333333333333,9.59,22.745,32.3,42.345,0.0,16.76
2018-12-12 17:00:56,35.96333333333333,21.885,23.28,34.12,43.68,0.0,13.6
2018-12-12 18:00:56,39.42,13.495,24.340000000000003,46.73,77.57,0.0,7.28
2018-12-12 19:00:56,39.53666666666666,25.53,29.23,59.275,130.56,0.0,4.65
2018-12-12 20:00:56,48.21,27.745,28.175,55.75,91.94,0.0,5.24
2018-12-12 21:00:56,59.663333333333334,23.959999999999997,21.735,48.46,63.215,0.0,5.78
2018-12-12 22:00:56,66.65333333333334,28.255,17.875,49.06,68.385,0.0,4.68
2018-12-12 23:00:56,71.24000000000001,34.115,11.665,46.85999999999999,66.35,0.0,5.68
2018-12-13 00:00:56,81.39666666666666,32.99,20.11,44.665,58.155,0.0,6.74
2018-12-13 01:00:56,86.37,40.34,25.035,41.685,56.72,0.0,7.86
2018-12-13 02:00:56,92.07333333333334,41.945,25.084999999999997,40.045,48.5,0.0,7.69
2018-12-13 03:00:56,87.5,44.28,19.405,36.595,42.70000000000001,0.0,7.52
2018-12-13 04:00:56,78.06666666666666,37.62,20.48,31.615,35.255,0.0,10.29
2018-12-13 05:00:56,66.46333333333334,31.025000000000002,13.755,23.49,24.75,0.0,14.18
2018-12-13 06:00:56,53.9,34.335,8.315,18.2,19.085,0.0,18.8
2018-12-13 07:00:56,28.25,19.09,7.495,24.02,26.12,0.0,16.48
2018-12-13 08:00:56,25.55333333333333,10.375,8.315,29.495,32.125,0.0,18.95
2018-12-13 09:00:56,21.123333333333335,9.19,7.63,47.395,69.4,0.0,9.11
2018-12-13 10:00:56,19.89666666666667,12.729999999999999,17.585,37.02,43.565,0.0,14.89
2018-12-13 11:00:56,31.416666666666668,11.305,46.585,38.59,49.63,0.0,13.81
2018-12-13 12:00:56,37.876666666666665,12.53,42.43,32.815,38.115,0.0,17.6
2018-12-13 13:00:56,37.23,0.0,48.425000000000004,32.285,39.965,0.0,18.74
2018-12-13 14:00:56,42.11333333333334,9.945,32.81,26.024999999999995,30.0,0.0,22.45
2018-12-13 15:00:56,33.17,5.11,38.34,24.34,27.37,0.0,22.45
2018-12-13 16:00:56,36.95,30.465000000000003,33.21,28.24,32.005,0.0,21.94
2018-12-13 17:00:56,40.266666666666666,21.73,30.48,38.125,44.76500000000001,0.0,16.23
2018-12-13 18:00:56,51.47333333333333,20.52,26.77,45.805,54.07500000000001,0.0,11.16
2018-12-13 19:00:56,65.62,39.93,33.83,55.645,79.63,0.0,9.04
2018-12-13 20:00:56,84.65666666666667,48.51500000000001,51.215,69.25,144.26,0.0,6.09
2018-12-13 21:00:56,107.24333333333334,69.61,36.36,72.975,153.425,0.0,8.48
2018-12-13 22:00:56,146.41666666666666,121.09999999999998,45.365,50.955000000000005,66.145,0.0,6.76
2018-12-13 23:00:56,110.91,86.125,53.155,50.385,65.285,0.0,8.66
2018-12-14 00:00:56,90.79,64.735,42.08,53.905,68.97,0.0,6.22
2018-12-14 01:00:56,84.92666666666668,61.315,40.64,50.080000000000005,59.225,0.0,8.57
2018-12-14 02:00:56,75.60666666666667,45.01500000000001,61.565,32.555,34.025,0.0,17.63
2018-12-14 03:00:56,64.34666666666666,19.485,53.135,35.53,37.7,0.0,14.85
2018-12-14 04:00:56,64.11666666666666,34.735,41.73,27.45,28.070000000000004,0.0,18.06
2018-12-14 05:00:56,47.61333333333334,22.62,25.435000000000002,20.51,20.99,0.0,21.8
2018-12-14 06:00:56,31.696666666666665,18.515,18.33,24.105,24.825,0.0,19.72
2018-12-14 07:00:56,37.626666666666665,18.59,15.865,27.334999999999997,32.31,0.0,16.85
2018-12-14 08:00:56,35.50333333333333,18.395,14.315,44.42499999999999,63.415,0.0,11.73
2018-12-14 09:00:56,42.29333333333334,24.24,18.39,50.35,71.105,0.0,8.32
2018-12-14 10:00:56,70.20666666666666,40.47,36.27,55.71,79.955,0.0,7.11
2018-12-14 11:00:56,105.21333333333334,59.105,64.175,60.245,84.88,0.0,8.68
2018-12-14 12:00:56,130.3,84.605,88.165,50.315,61.5,0.0,11.94
2018-12-14 13:00:56,119.12666666666667,77.075,68.745,45.25,59.01500000000001,0.0,12.91
2018-12-14 14:00:56,100.50666666666666,67.385,56.47,56.46,78.965,0.0,8.71
2018-12-14 15:00:56,100.35333333333334,62.754999999999995,51.81,50.185,66.625,0.0,9.91
2018-12-14 16:00:56,92.61666666666667,61.04999999999999,60.375,64.84,87.625,0.0,9.19
2018-12-14 17:00:56,118.57333333333334,82.58,56.975,64.3,83.375,0.0,8.24
2018-12-14 18:00:56,158.16,88.56,46.815,68.845,108.23,0.0,5.75
2018-12-14 19:00:56,182.05,106.84499999999998,41.315,60.52,92.605,0.0,4.98
2018-12-14 20:00:56,166.57333333333332,91.56,36.685,52.395,71.225,0.0,5.5
2018-12-14 21:00:56,119.96,71.705,35.6,52.89000000000001,79.275,0.0,6.32
2018-12-14 22:00:56,116.98666666666666,62.355,28.310000000000002,56.275,89.795,0.0,5.67
2018-12-14 23:00:56,103.99000000000001,69.3,27.965,58.12,90.605,0.0,5.61
2018-12-15 00:00:56,123.42333333333332,71.62,26.64,54.82500000000001,75.11,0.0,3.87
2018-12-15 01:00:56,99.9,60.535,22.245,54.775,78.89,0.0,4.83
2018-12-15 02:00:56,99.28,56.245000000000005,24.435000000000002,54.375,77.13,0.0,5.44
2018-12-15 03:00:56,104.08,63.629999999999995,26.86,52.585,68.925,0.0,5.26
2018-12-15 04:00:56,102.70333333333332,60.25,26.825,50.105,64.05,0.0,6.18
2018-12-15 05:00:56,101.01333333333332,65.12,29.290000000000003,50.03,72.58,0.0,4.81
2018-12-15 06:00:56,93.58333333333333,62.06,27.845,51.465,66.315,0.0,4.92
2018-12-15 07:00:56,85.81,52.73,30.605,48.315,67.27,0.0,4.66
2018-12-15 08:00:56,116.38666666666666,65.805,29.855,51.695,85.66000000000001,0.0,4.22
2018-12-15 09:00:56,135.04,72.33,32.37,58.24,109.07,0.0,4.84
2018-12-15 10:00:56,128.50666666666666,77.045,42.06,66.555,145.885,0.0,5.59
2018-12-15 11:00:56,162.07333333333332,99.085,67.74000000000001,69.6,141.305,0.0,7.21
2018-12-15 12:00:56,209.09333333333333,131.565,76.09,67.675,131.46,0.0,6.41
2018-12-15 13:00:56,192.17666666666668,128.615,110.03000000000002,82.71,157.24,0.0,10.24
2018-12-15 14:00:56,227.96,162.535,107.46999999999998,87.94,162.195,0.0,7.92
2018-12-15 15:00:56,244.02,171.08,78.12,75.69,128.05,0.0,5.48
2018-12-15 16:00:56,192.51333333333332,138.66,61.555,56.065,84.185,0.0,4.38
2018-12-15 17:00:56,119.30333333333333,99.415,46.865,60.465,116.13,0.0,5.06
2018-12-15 18:00:56,114.27666666666667,82.285,40.43,64.12,144.125,0.0,4.46
2018-12-15 19:00:56,142.85666666666665,86.515,69.12,78.045,224.765,0.0,6.19
2018-12-15 20:00:56,172.18666666666667,118.065,57.03,72.57,202.27,0.0,7.23
2018-12-15 21:00:56,194.93333333333334,138.625,44.93,69.555,218.79,0.0,7.01
2018-12-15 22:00:56,197.66333333333333,144.61,38.705,65.18,216.735,0.0,8.71
2018-12-15 23:00:56,195.72333333333336,158.27499999999998,38.115,58.419999999999995,173.68999999999997,0.0,6.61
2018-12-16 00:00:56,91.51333333333332,132.4,74.17,57.81,162.39,0.0,5.83
2018-12-16 01:00:56,109.92666666666668,127.49000000000001,68.51,58.385,166.86,0.0,6.65
2018-12-16 02:00:56,45.31666666666666,127.915,61.51499999999999,54.895,175.69500000000002,0.0,5.13
2018-12-16 03:00:56,34.39666666666667,134.52,46.51499999999999,54.25,161.99,0.0,5.25
2018-12-16 04:00:56,135.85,125.56,43.925000000000004,53.01500000000001,145.52,0.0,5.4
2018-12-16 05:00:56,134.46666666666667,129.005,35.86,44.805,83.72,0.0,2.92
2018-12-16 06:00:56,98.16,83.355,20.945,46.01500000000001,90.185,0.0,3.35
2018-12-16 07:00:56,76.92666666666666,73.27499999999999,25.92,46.775,103.27500000000002,0.0,4.08
2018-12-16 08:00:56,98.83333333333333,62.205000000000005,24.084999999999997,48.544999999999995,96.46499999999999,0.0,3.84
2018-12-16 09:00:56,155.83,61.754999999999995,27.215,44.01,71.47,0.0,4.49
2018-12-16 10:00:56,152.05,64.82000000000001,28.915000000000003,45.20000000000001,75.625,0.0,4.63
2018-12-16 11:00:56,156.30333333333334,67.765,27.73,49.04999999999999,87.21499999999999,0.0,4.36
2018-12-16 12:00:56,134.77666666666667,61.44,32.36,42.45,63.07500000000001,0.0,3.8
2018-12-16 13:00:56,121.73,68.595,52.595,44.169999999999995,59.875,0.0,3.85
2018-12-16 14:00:56,99.15666666666665,17.345,48.09,42.585,60.965,0.0,5.83
2018-12-16 15:00:56,97.34333333333333,20.345,53.74,50.72,78.92,0.0,4.95
2018-12-16 16:00:56,118.39666666666666,70.38499999999999,36.785,48.35999999999999,75.43,0.0,4.95
2018-12-16 17:00:56,118.03999999999999,79.54,34.91,54.23,111.065,0.0,4.08
2018-12-16 18:00:56,148.57666666666665,83.3,41.574999999999996,60.18,166.43,0.0,6.96
2018-12-16 19:00:56,118.03,140.73,68.865,61.635,179.015,0.0,7.75
2018-12-16 20:00:56,134.94666666666666,160.61,57.115,60.67499999999999,181.47,0.0,8.26
2018-12-16 21:00:56,117.33,186.04999999999998,60.695,59.794999999999995,167.845,0.0,8.26
2018-12-16 22:00:56,130.48333333333332,166.485,51.97,59.62,173.775,0.0,4.63
2018-12-16 23:00:56,106.73333333333332,140.67,39.699999999999996,53.87,159.065,0.0,5.32
2018-12-17 00:00:56,89.59,117.93,39.16,54.47,153.88,0.0,5.23
2018-12-17 01:00:56,86.92,94.90499999999999,36.805,52.67499999999999,147.135,0.0,4.44
2018-12-17 02:00:56,205.44666666666666,86.565,33.68,50.155,131.845,0.0,4.94
2018-12-17 03:00:56,167.12333333333333,85.125,32.745,48.65,123.28000000000002,0.0,4.46
2018-12-17 04:00:56,156.92333333333335,85.82000000000001,30.314999999999998,48.005,119.735,0.0,4.08
2018-12-17 05:00:56,150.81333333333333,88.43,30.215,44.27,104.75,0.0,4.1
2018-12-17 06:00:56,142.86,75.88,27.650000000000002,46.225,106.71999999999998,0.0,3.38
2018-12-17 07:00:56,156.91,69.865,26.735,45.895,112.26,0.0,4.26
2018-12-17 08:00:56,148.11666666666667,80.22500000000001,24.084999999999997,55.04,173.61,0.0,4.25
2018-12-17 09:00:56,163.76666666666668,96.49000000000001,36.685,60.055,203.285,0.0,4.29
2018-12-17 10:00:56,193.47,109.31,47.555,68.225,218.66,0.0,5.14
2018-12-17 11:00:56,220.29666666666665,139.385,86.205,82.565,212.355,0.0,5.78
2018-12-17 12:00:56,268.78,181.76,143.565,87.49,192.94500000000002,0.0,5.11
2018-12-17 13:00:56,183.48666666666668,62.23,109.735,79.955,155.125,0.0,4.51
2018-12-17 14:00:56,55.343333333333334,53.065,82.915,77.08,136.24,0.0,4.99
2018-12-17 15:00:56,187.28,118.11500000000001,94.36500000000001,70.055,122.125,0.0,4.1
2018-12-17 16:00:56,214.36,105.175,101.39,71.125,118.68,0.0,4.21
2018-12-17 17:00:56,216.18333333333334,97.23,70.145,56.75,91.745,0.0,3.45
2018-12-17 18:00:56,214.33,99.105,89.97500000000001,62.70000000000001,146.78,0.0,4.78
2018-12-17 19:00:56,220.9033333333333,105.195,89.75999999999999,68.615,191.015,0.0,5.46
2018-12-17 20:00:56,216.90333333333334,127.175,90.94,71.15,204.25,0.0,6.88
2018-12-17 21:00:56,251.48333333333335,165.675,90.455,68.06,214.35,0.0,6.72
2018-12-17 22:00:56,234.68,160.105,78.58,56.54,158.455,0.0,5.8
2018-12-17 23:00:56,195.79333333333332,133.32500000000002,70.08,46.92499999999999,103.12,0.0,3.48
2018-12-18 00:00:56,139.33333333333334,102.495,49.51,44.995,81.18,0.0,3.48
2018-12-18 01:00:56,102.57333333333332,76.21,31.99,37.18,52.27,0.0,4.0
2018-12-18 02:00:56,66.46,45.115,23.645,37.415,51.22,0.0,3.37
2018-12-18 03:00:56,60.93666666666667,43.4,26.61,38.455,43.44,0.0,3.97
2018-12-18 04:00:56,53.18000000000001,35.535,22.700000000000003,33.27,38.255,0.0,5.85
2018-12-18 05:00:56,48.60333333333333,40.175,18.625,32.405,37.03,0.0,11.15
2018-12-18 06:00:56,25.59,16.1,19.27,0.0,0.0,0.0,0.0
2018-12-18 07:00:56,27.55333333333333,17.765,20.290000000000003,0.0,0.0,0.0,0.0
2018-12-18 08:00:56,31.810000000000002,14.464999999999998,22.115,0.0,0.0,0.0,0.0
2018-12-18 09:00:56,40.416666666666664,17.965,23.455,0.0,0.0,0.0,0.0
2018-12-18 10:00:56,49.53,24.054999999999996,24.180000000000003,0.0,0.0,0.0,0.0
2018-12-18 11:00:56,99.27,71.555,28.834999999999997,37.095,58.815,0.0,4.69
2018-12-18 12:00:56,69.75666666666666,61.51,54.80500000000001,28.635,35.83,0.0,7.17
2018-12-18 13:00:56,42.48333333333333,35.47,48.04999999999999,28.429999999999996,38.785,0.0,8.74
2018-12-18 14:00:56,21.560000000000002,22.98,34.495000000000005,24.600000000000005,29.375,0.0,15.67
2018-12-18 15:00:56,11.509999999999998,14.854999999999999,29.05,24.36,28.535,0.0,18.25
2018-12-18 16:00:56,12.523333333333333,8.125,24.115,30.88,38.705,0.0,13.01
2018-12-18 17:00:56,26.013333333333332,7.5,21.39,36.515,48.91,0.0,10.17
2018-12-18 18:00:56,62.82,12.049999999999999,20.77,51.635,81.145,0.0,4.93
2018-12-18 19:00:56,107.34,28.355,32.75,59.125,126.75,0.0,4.81
2018-12-18 20:00:56,147.17666666666668,48.5,42.42,59.24,120.37,0.0,4.27
2018-12-18 21:00:56,171.55333333333334,62.84,41.28,56.34,115.93,0.0,5.62
2018-12-18 22:00:56,150.06,68.51,49.725,50.330000000000005,99.64,0.0,3.05
2018-12-18 23:00:56,134.44666666666666,63.655,41.68,45.82500000000001,84.0,0.0,4.66
2018-12-19 00:00:56,106.91666666666667,49.72,35.5,39.42,54.14000000000001,0.0,5.51
2018-12-19 01:00:56,79.26,41.505,36.94,40.24,49.94,0.0,4.98
2018-12-19 02:00:56,62.43333333333334,26.334999999999997,33.800000000000004,33.06,36.38,0.0,7.21
2018-12-19 03:00:56,49.8,24.810000000000002,29.575,29.179999999999996,31.145,0.0,10.94
2018-12-19 04:00:56,44.04666666666667,16.73,26.205,20.385,21.745,0.0,13.32
2018-12-19 05:00:56,39.483333333333334,9.92,18.085,18.85,20.855,0.0,11.95
2018-12-19 06:00:56,28.4,14.635,19.175,18.42,21.02,0.0,12.22
2018-12-19 07:00:56,24.513333333333332,8.385,17.57,24.595,31.38,0.0,9.36
2018-12-19 08:00:56,29.173333333333332,19.655,15.910000000000002,42.145,78.34,0.0,5.95
2018-12-19 09:00:56,33.18666666666667,14.625,14.63,55.305,126.48,0.0,4.4
2018-12-19 10:00:56,51.43666666666667,29.584999999999997,16.54,57.85,133.515,0.0,4.73
2018-12-19 11:00:56,75.68666666666667,43.669999999999995,25.349999999999998,51.20000000000001,94.55,0.0,4.42
2018-12-19 12:00:56,86.63333333333333,53.91,34.65,31.24,37.395,0.0,14.69
2018-12-19 13:00:56,48.18000000000001,33.07,42.03,33.635,39.215,0.0,11.73
2018-12-19 14:00:56,37.19,20.68,40.395,42.685,56.03,0.0,9.29
2018-12-19 15:00:56,33.14,8.54,44.245000000000005,34.855,45.96,0.0,10.99
2018-12-19 16:00:56,26.810000000000002,6.515000000000001,42.34,44.695,70.91,0.0,6.69
2018-12-19 17:00:56,21.54,16.675,48.23,51.51,87.545,0.0,4.66
2018-12-19 18:00:56,30.583333333333332,17.33,32.235,58.135,119.735,0.0,3.66
2018-12-19 19:00:56,61.53,39.84,39.49,39.875,54.395,0.0,6.02
2018-12-19 20:00:56,52.443333333333335,36.46,45.455000000000005,41.375,57.665,0.0,5.75
2018-12-19 21:00:56,45.08,30.655,34.62,47.95000000000001,78.48,0.0,3.93
2018-12-19 22:00:56,52.013333333333335,32.355000000000004,32.1,49.88,92.375,0.0,4.2
2018-12-19 23:00:56,71.10666666666667,45.20000000000001,30.425,48.665,102.175,0.0,3.89
2018-12-20 00:00:56,84.33333333333333,44.379999999999995,38.915,47.885,98.84499999999998,0.0,3.61
2018-12-20 01:00:56,80.76333333333334,53.28,28.155,44.52,73.965,0.0,3.78
2018-12-20 02:00:56,53.77,41.73,20.33,33.305,38.33,0.0,5.54
2018-12-20 03:00:56,37.45666666666666,24.51,16.265,29.34,32.12,0.0,7.0
2018-12-20 04:00:56,23.763333333333332,4.665,13.354999999999999,20.275,21.415000000000003,0.0,11.4
2018-12-20 05:00:56,14.536666666666667,14.695,15.625,17.5,18.09,0.0,14.47
2018-12-20 06:00:56,11.336666666666666,9.615,19.825,15.72,16.195,0.0,15.68
2018-12-20 07:00:56,6.873333333333334,5.739999999999999,16.16,22.22,27.955,0.0,12.91
2018-12-20 08:00:56,12.006666666666668,4.035,18.065,34.615,47.585,0.0,8.57
2018-12-20 09:00:56,12.623333333333335,2.9499999999999997,19.669999999999998,32.835,42.24,0.0,8.65
2018-12-20 10:00:56,11.363333333333333,8.040000000000001,18.16,29.48,36.085,0.0,9.0
2018-12-20 11:00:56,11.583333333333334,9.155,28.200000000000003,30.100000000000005,37.07,0.0,8.15
2018-12-20 12:00:56,12.236666666666666,17.810000000000002,7.05,29.99,39.21,0.0,8.59
2018-12-20 13:00:56,11.95,12.485,27.895,29.24,36.57,0.0,9.22
2018-12-20 14:00:56,2.333333333333333,3.015,32.445,28.3,34.335,0.0,10.06
2018-12-20 15:00:56,2.333333333333333,5.13,6.785,27.665000000000003,35.235,0.0,12.73
2018-12-20 16:00:56,2.14,5.715,92.52999999999999,28.39,35.53,0.0,9.34
2018-12-20 17:00:56,0.0,3.0750000000000006,19.835,31.45,40.665,0.0,7.76
2018-12-20 18:00:56,10.473333333333334,2.325,18.4,32.905,44.45000000000001,0.0,6.92
2018-12-20 19:00:56,19.189999999999998,24.26,22.939999999999998,31.179999999999996,76.785,0.0,6.76
2018-12-20 20:00:56,27.49,24.060000000000002,22.810000000000002,37.115,80.635,0.0,5.32
2018-12-20 21:00:56,32.43333333333334,48.635,30.685000000000002,41.895,83.015,0.0,5.79
2018-12-20 22:00:56,31.846666666666664,42.370000000000005,22.175,44.195,77.485,0.0,4.94
2018-12-20 23:00:56,23.60666666666667,23.400000000000002,21.33,39.235,65.255,0.0,5.01
2018-12-21 00:00:56,22.78,19.135,19.035,33.79,43.53,0.0,5.81
2018-12-21 01:00:56,20.54,19.72,14.865,29.850000000000005,34.64,0.0,6.65
2018-12-21 02:00:56,16.746666666666666,14.229999999999999,13.189999999999998,27.47,30.02,0.0,7.78
2018-12-21 03:00:56,17.14,14.62,12.75,28.16,33.3,0.0,6.08
2018-12-21 04:00:56,11.36,8.92,12.1,25.11,28.48,0.0,7.24
2018-12-21 05:00:56,12.463333333333333,5.225,7.280000000000001,23.675,27.83,0.0,8.26
2018-12-21 06:00:56,15.516666666666666,6.234999999999999,5.400000000000001,21.91,24.34,0.0,7.58
2018-12-21 07:00:56,19.056666666666665,12.964999999999998,5.14,23.27,26.05,0.0,8.17
2018-12-21 08:00:56,24.69333333333333,16.11,5.669999999999999,27.679999999999996,51.74,0.0,6.59
2018-12-21 09:00:56,30.403333333333336,23.045,6.844999999999999,38.295,89.97499999999998,0.0,4.36
2018-12-21 10:00:56,36.84,24.985,9.83,38.545,74.26,0.0,5.38
2018-12-21 11:00:56,49.03,12.885,25.540000000000003,18.305,109.555,0.0,5.65
2018-12-21 12:00:56,65.36,14.915,37.419999999999995,0.0,0.0,0.0,0.0
2018-12-21 13:00:56,52.31333333333333,17.755,35.055,12.025,19.065,0.0,9.21
2018-12-21 14:00:56,36.54,10.49,22.569999999999997,9.885,15.35,0.0,13.81
2018-12-21 15:00:56,36.17,9.725,19.44,16.165,22.425,0.0,9.42
2018-12-21 16:00:56,49.906666666666666,12.839999999999998,21.165000000000003,18.795,23.06,0.0,10.38
2018-12-21 17:00:56,52.02333333333333,9.235,19.0,26.58,34.895,0.0,6.57
2018-12-21 18:00:56,66.79666666666667,17.035,24.599999999999998,29.274999999999995,41.475,0.0,6.25
2018-12-21 19:00:56,83.66333333333333,20.375,37.669999999999995,34.6,57.14000000000001,0.0,4.46
2018-12-21 20:00:56,99.17666666666666,29.560000000000002,59.085,35.325,52.04,0.0,4.65
2018-12-21 21:00:56,109.56,39.800000000000004,51.73,36.775,44.315,0.0,6.1
2018-12-21 22:00:56,89.14666666666666,36.725,66.05,31.72,35.305,0.0,9.69
2018-12-21 23:00:56,77.53333333333333,27.99,57.879999999999995,31.355,37.355,0.0,8.86
2018-12-22 00:00:56,70.65666666666667,26.655,53.64000000000001,28.605,34.16,0.0,9.76
2018-12-22 01:00:56,61.123333333333335,21.400000000000002,43.76,23.72,25.735,0.0,10.3
2018-12-22 02:00:56,54.69,19.08,35.08,23.87,25.929999999999996,0.0,8.98
2018-12-22 03:00:56,40.483333333333334,19.935,27.53,22.155,24.475000000000005,0.0,8.31
2018-12-22 04:00:56,36.38666666666667,16.705,31.159999999999997,24.41,27.600000000000005,0.0,6.9
2018-12-22 05:00:56,35.026666666666664,14.964999999999998,29.515,23.675,24.850000000000005,0.0,11.4
2018-12-22 06:00:56,32.376666666666665,18.255,27.02,25.28,27.355,0.0,8.92
2018-12-22 07:00:56,35.31666666666666,15.229999999999999,25.2,24.815,31.615,0.0,9.95
2018-12-22 08:00:56,43.47,17.32,20.635,33.855,48.77,0.0,5.72
2018-12-22 09:00:56,77.35333333333332,17.865,22.275000000000002,42.1,75.425,0.0,4.45
2018-12-22 10:00:56,119.79,32.1,54.115,38.35,57.26,0.0,5.95
2018-12-22 11:00:56,130.98666666666665,42.095,69.945,34.995,46.865,0.0,9.95
2018-12-22 12:00:56,114.88,39.21,42.915,28.565,32.965,0.0,13.09
2018-12-22 13:00:56,84.44,30.665000000000003,32.785,24.804999999999996,29.45,0.0,14.09
2018-12-22 14:00:56,63.95,20.775000000000002,25.09,24.850000000000005,30.3,0.0,12.91
2018-12-22 15:00:56,57.763333333333335,16.08,20.43,23.115,27.575,0.0,14.63
2018-12-22 16:00:56,46.74333333333333,11.37,16.724999999999998,26.22,32.66,0.0,12.24
2018-12-22 17:00:56,41.15,7.77,23.285,29.625,37.135,0.0,10.61
2018-12-22 18:00:56,60.14,11.485,20.38,45.330000000000005,88.25,0.0,8.02
2018-12-22 19:00:56,136.4,32.71,43.69,64.065,156.73,0.0,4.96
2018-12-22 20:00:56,203.48333333333335,62.76,59.46,58.715,133.595,0.0,6.19
2018-12-22 21:00:56,217.59,78.89,72.56,50.505,91.81,0.0,4.75
2018-12-22 22:00:56,181.41333333333333,68.015,53.0,46.09,68.145,0.0,5.76
2018-12-22 23:00:56,124.53666666666666,48.699999999999996,39.47,47.565,72.31,0.0,4.86
2018-12-23 00:00:56,102.4,35.4,36.77,38.155,45.64000000000001,0.0,8.2
2018-12-23 01:00:56,80.51,25.540000000000003,31.97,39.45,57.1,0.0,9.13
2018-12-23 02:00:56,76.00666666666667,30.5,25.61,44.375,69.615,0.0,5.82
2018-12-23 03:00:56,78.27666666666667,28.33,31.63,44.705000000000005,59.52,0.0,4.72
2018-12-23 04:00:56,77.08666666666666,25.099999999999998,27.674999999999997,37.16,41.83,0.0,6.25
2018-12-23 05:00:56,59.370000000000005,26.834999999999997,15.325000000000001,35.09,40.285,0.0,6.7
2018-12-23 06:00:56,51.72,28.705,13.049999999999999,33.0,36.72,0.0,11.21
2018-12-23 07:00:56,55.14333333333333,27.475000000000005,11.36,35.705,44.43,0.0,8.37
2018-12-23 08:00:56,51.64333333333333,25.485,8.899999999999999,46.105,78.34,0.0,5.4
2018-12-23 09:00:56,63.52333333333333,26.61,9.76,50.0,84.37,0.0,4.32
2018-12-23 10:00:56,78.16666666666667,32.995000000000005,36.385,41.1,50.57,0.0,7.7
2018-12-23 11:00:56,74.20333333333333,33.735,52.29,44.055,59.51,0.0,8.1
2018-12-23 12:00:56,84.17333333333333,37.55,49.665,31.885,36.425,0.0,12.99
2018-12-23 13:00:56,77.59,36.33,26.935000000000002,27.785,32.51,0.0,11.72
2018-12-23 14:00:56,58.276666666666664,30.575,22.804999999999996,24.565,27.61,0.0,14.03
2018-12-23 15:00:56,60.64666666666667,29.495,18.99,25.86,30.56,0.0,12.92
2018-12-23 16:00:56,56.07,23.959999999999997,21.735,29.065,35.945,0.0,10.77
2018-12-23 17:00:56,48.116666666666674,22.689999999999998,15.805,37.745,56.76500000000001,0.0,10.83
2018-12-23 18:00:56,53.70666666666667,16.16,23.77,40.49,53.64000000000001,0.0,8.15
2018-12-23 19:00:56,56.906666666666666,16.98,27.0,39.42,46.815,0.0,7.7
2018-12-23 20:00:56,61.91333333333333,30.205,22.900000000000002,32.15,35.625,0.0,11.48
2018-12-23 21:00:56,50.77333333333333,30.350000000000005,20.09,32.53,37.47,0.0,10.74
2018-12-23 22:00:56,53.403333333333336,29.24,33.199999999999996,28.26,30.084999999999997,0.0,16.17
2018-12-23 23:00:56,42.556666666666665,28.95,35.235,28.13,30.675,0.0,13.59
2018-12-24 00:00:56,39.28,24.45,32.865,25.035,26.545,0.0,14.69
2018-12-24 01:00:56,37.986666666666665,29.3,22.41,27.040000000000003,29.045,0.0,12.71
2018-12-24 02:00:56,32.81333333333333,14.755,25.34,23.48,25.334999999999997,0.0,13.7
2018-12-24 03:00:56,26.36,13.035000000000002,26.709999999999997,21.765,23.945000000000004,0.0,13.01
2018-12-24 04:00:56,21.863333333333333,10.71,22.97,21.16,22.175,0.0,14.84
2018-12-24 05:00:56,50.89333333333333,18.3,25.099999999999998,19.475,20.605,0.0,17.06
2018-12-24 06:00:56,221.35000000000002,14.11,24.44,20.355,21.765,0.0,15.58
2018-12-24 07:00:56,189.33333333333331,13.735,24.395,22.59,25.725000000000005,0.0,15.19
2018-12-24 08:00:56,110.23,17.6,24.51,27.885,32.11,0.0,13.02
2018-12-24 09:00:56,71.69666666666666,16.665,31.77,35.53,48.605,0.0,9.34
2018-12-24 10:00:56,57.71333333333333,22.459999999999997,58.370000000000005,46.35,79.67,0.0,7.26
2018-12-24 11:00:56,61.1,16.935,55.125,28.69,33.37,0.0,14.3
2018-12-24 12:00:56,45.04333333333333,13.83,45.395,23.215,26.53,0.0,18.29
2018-12-24 13:00:56,32.86333333333334,9.015,35.845,28.350000000000005,35.53,0.0,15.05
2018-12-24 14:00:56,33.20666666666666,6.405,21.64,24.015,26.245,0.0,18.25
2018-12-24 15:00:56,36.55,6.095,19.345,20.585,22.304999999999996,0.0,21.82
2018-12-24 16:00:56,30.226666666666667,3.685,20.680000000000003,20.395,21.965,0.0,22.41
2018-12-24 17:00:56,27.913333333333334,3.965,25.415000000000003,25.75,28.63,0.0,17.94
2018-12-24 18:00:56,87.5,10.49,33.17,29.205,33.28,0.0,15.53
2018-12-24 19:00:56,90.98333333333332,13.785000000000002,33.455,37.36,49.775,0.0,11.9
2018-12-24 20:00:56,69.65666666666667,15.005,53.655,37.455,44.27,0.0,10.81
2018-12-24 21:00:56,71.06333333333333,22.724999999999998,60.14000000000001,29.685,32.615,0.0,15.39
2018-12-24 22:00:56,53.03666666666667,25.069999999999997,47.629999999999995,21.565,22.91,0.0,19.23
2018-12-24 23:00:56,32.586666666666666,14.910000000000002,37.870000000000005,21.37,23.175,0.0,17.46
2018-12-25 00:00:56,32.75333333333333,7.595,34.004999999999995,20.73,22.06,0.0,18.63
2018-12-25 01:00:56,29.596666666666668,6.900000000000001,37.275,30.345,34.345,0.0,13.61
2018-12-25 02:00:56,25.686666666666667,7.31,31.570000000000004,28.745,31.45,0.0,13.01
2018-12-25 03:00:56,21.80666666666667,9.535,28.224999999999998,29.55,32.015,0.0,13.3
2018-12-25 04:00:56,20.48333333333333,8.3,33.495,34.125,36.8,0.0,10.36
2018-12-25 05:00:56,16.466666666666665,8.745,25.63,36.495,40.4,0.0,10.25
2018-12-25 06:00:56,85.70666666666666,16.945,30.225000000000005,30.44,32.575,0.0,12.59
2018-12-25 07:00:56,82.78,15.945,30.330000000000002,31.64,38.61,0.0,12.34
2018-12-25 08:00:56,60.56999999999999,14.82,34.045,59.085,125.53000000000002,0.0,6.63
2018-12-25 09:00:56,81.41333333333333,21.400000000000002,58.645,66.87,148.65,0.0,5.52
2018-12-25 10:00:56,117.47333333333333,19.085,71.83999999999999,65.355,127.13,0.0,6.4
2018-12-25 11:00:56,109.51666666666667,17.68,78.495,56.41,87.7,0.0,6.87
2018-12-25 12:00:56,97.99000000000001,25.475000000000005,102.26499999999999,68.15,128.035,0.0,4.23
2018-12-25 13:00:56,98.55666666666667,33.695,63.025,63.255,96.33,0.0,4.51
2018-12-25 14:00:56,94.20333333333333,28.205,55.035,58.82,90.44,0.0,4.8
2018-12-25 15:00:56,55.77333333333333,18.51,47.669999999999995,59.65,89.08999999999999,0.0,4.74
2018-12-25 16:00:56,36.733333333333334,17.83,37.26,59.715,83.875,0.0,4.62
2018-12-25 17:00:56,33.64333333333333,51.285,33.23,55.255,81.34,0.0,6.0
2018-12-25 18:00:56,28.55,49.370000000000005,42.24,68.515,137.84,0.0,5.03
2018-12-25 19:00:56,31.623333333333335,44.53,28.985,67.935,115.68,0.0,8.13
2018-12-25 20:00:56,33.74,39.419999999999995,22.735,55.445,71.995,0.0,6.13
2018-12-25 21:00:56,21.633333333333333,32.09,18.18,40.27,49.905,0.0,10.19
2018-12-25 22:00:56,15.113333333333333,23.66,12.875,38.575,47.89000000000001,0.0,9.17
2018-12-25 23:00:56,11.013333333333334,14.04,13.0,33.07,38.545,0.0,10.46
2018-12-26 00:00:56,5.6899999999999995,13.12,13.82,27.435,29.540000000000003,0.0,15.26
2018-12-26 01:00:56,3.4800000000000004,10.825000000000001,12.885,28.195000000000004,30.815,0.0,17.24
2018-12-26 02:00:56,3.66,9.065,11.420000000000002,23.94,25.100000000000005,0.0,17.37
2018-12-26 03:00:56,39.653333333333336,7.239999999999999,11.339999999999998,22.34,23.209999999999997,0.0,17.16
2018-12-26 04:00:56,24.68,4.15,9.86,22.905,24.3,0.0,15.93
2018-12-26 05:00:56,17.773333333333333,2.285,7.965,20.975,21.415000000000003,0.0,17.03
2018-12-26 06:00:56,13.053333333333335,5.109999999999999,6.420000000000001,24.605,25.955,0.0,15.25
2018-12-26 07:00:56,8.25,4.484999999999999,5.989999999999999,28.875,30.875,0.0,14.5
2018-12-26 08:00:56,11.22,7.245000000000001,6.510000000000001,0.0,0.0,0.0,12.66
2018-12-26 09:00:56,16.366666666666667,8.015,6.544999999999999,40.63,51.89000000000001,0.0,9.6
2018-12-26 10:00:56,28.083333333333332,18.64,13.32,36.775,44.080000000000005,0.0,11.23
2018-12-26 11:00:56,49.82666666666666,32.095,50.67499999999999,36.775,44.23499999999999,0.0,12.93
2018-12-26 12:00:56,69.35,39.53,68.305,35.38,43.6,0.0,13.03
2018-12-26 13:00:56,70.39999999999999,12.29,61.4,33.415,39.28,0.0,14.97
2018-12-26 14:00:56,62.64333333333333,12.074999999999998,54.949999999999996,35.25,42.94,0.0,15.01
2018-12-26 15:00:56,63.51666666666667,44.095,61.875,34.57,41.375,0.0,16.41
2018-12-26 16:00:56,62.98,31.900000000000002,51.78,30.649999999999995,36.815,0.0,19.32
2018-12-26 17:00:56,60.93,24.194999999999997,40.300000000000004,33.48,40.255,0.0,13.99
2018-12-26 18:00:56,68.74000000000001,30.355,40.22,45.51500000000001,59.080000000000005,0.0,9.99
2018-12-26 19:00:56,63.75,35.515,43.115,48.18,64.385,0.0,9.89
2018-12-26 20:00:56,59.54666666666667,35.335,38.065,49.475,60.37,0.0,8.56
2018-12-26 21:00:56,59.36333333333334,34.27,31.105,53.635,68.25,0.0,6.12
2018-12-26 22:00:56,55.07,34.51,20.325000000000003,51.93,62.405,0.0,6.91
2018-12-26 23:00:56,51.09,30.649999999999995,14.4,43.48,47.405,0.0,10.21
2018-12-27 00:00:56,47.983333333333334,36.78,17.045,42.485,48.19,0.0,10.73
2018-12-27 01:00:56,52.53,34.285,19.3,39.785,43.365,0.0,9.0
2018-12-27 02:00:56,56.64333333333333,34.72,21.27,35.495,37.78,0.0,10.73
2018-12-27 03:00:56,49.39666666666666,28.735,13.475,38.565,40.765,0.0,9.59
2018-12-27 04:00:56,46.46333333333334,29.974999999999998,9.585,39.895,42.25,0.0,8.02
2018-12-27 05:00:56,41.93666666666667,30.735,14.635,38.045,39.4,0.0,11.05
2018-12-27 06:00:56,38.06666666666666,25.05,12.950000000000001,28.825,29.965,0.0,15.62
2018-12-27 07:00:56,36.89666666666667,21.315,13.1,28.73,30.435,0.0,15.28
2018-12-27 08:00:56,41.42666666666667,20.26,13.245,44.705000000000005,64.2,0.0,9.02
2018-12-27 09:00:56,58.74333333333334,36.87,21.53,59.76500000000001,106.505,0.0,5.76
2018-12-27 10:00:56,92.60666666666667,58.84,33.935,63.41,103.96499999999999,0.0,5.73
2018-12-27 11:00:56,123.38666666666667,72.91,63.85,48.99,57.525,0.0,10.71
2018-12-27 12:00:56,146.90333333333334,79.735,98.245,42.59,50.91,0.0,13.16
2018-12-27 13:00:56,143.54999999999998,66.935,81.11,41.875,52.275,0.0,14.37
2018-12-27 14:00:56,95.87666666666667,60.69499999999999,58.91,49.830000000000005,64.38,0.0,11.94
2018-12-27 15:00:56,79.77,48.335,39.895,41.94,49.24,0.0,15.14
2018-12-27 16:00:56,74.36000000000001,47.54,46.294999999999995,43.005,50.72,0.0,15.78
2018-12-27 17:00:56,91.70333333333333,47.345,38.225,40.32,46.215,0.0,16.14
2018-12-27 18:00:56,86.41333333333334,44.805,47.405,49.31,60.215,0.0,12.5
2018-12-27 19:00:56,90.14666666666666,52.349999999999994,59.580000000000005,67.11,100.855,0.0,6.5
2018-12-27 20:00:56,121.16,68.305,89.89,71.135,107.575,0.0,5.0
2018-12-27 21:00:56,142.11333333333334,70.705,87.82000000000001,53.29,61.055,0.0,9.36
2018-12-27 22:00:56,110.40333333333332,65.17500000000001,88.58999999999999,49.98499999999999,57.875,0.0,9.95
2018-12-27 23:00:56,69.14666666666666,54.800000000000004,26.03,42.17,46.31,0.0,12.03
2018-12-28 00:00:56,61.376666666666665,46.885,18.39,47.35999999999999,57.69,0.0,9.16
2018-12-28 01:00:56,62.39666666666667,58.105,20.925,49.93,62.505,0.0,7.79
2018-12-28 02:00:56,73.79666666666667,55.19,20.595,35.57,37.81,0.0,12.01
2018-12-28 03:00:56,71.28333333333333,50.405,15.625,32.05,34.625,0.0,12.61
2018-12-28 04:00:56,59.60333333333333,43.22,17.095,28.45,29.8,0.0,16.85
2018-12-28 05:00:56,51.900000000000006,31.01,12.285000000000002,28.905,30.66,0.0,13.5
2018-12-28 06:00:56,50.86666666666667,32.23,8.25,43.005,47.995,0.0,7.76
2018-12-28 07:00:56,56.73666666666667,36.175000000000004,8.745,42.89000000000001,49.755,0.0,9.95
2018-12-28 08:00:56,52.2,40.52,9.01,46.495,59.205000000000005,0.0,8.65
2018-12-28 09:00:56,49.88333333333333,39.545,12.18,51.77,76.25,0.0,7.62
2018-12-28 10:00:56,60.11,46.175000000000004,23.53,41.745,48.685,0.0,11.52
2018-12-28 11:00:56,69.29333333333334,45.75,33.505,48.695,67.58,0.0,9.88
2018-12-28 12:00:56,83.35333333333334,54.905,31.659999999999997,49.99,60.785,0.0,12.19
2018-12-28 13:00:56,90.98666666666666,61.34,34.005,35.36,40.35,0.0,16.83
2018-12-28 14:00:56,82.03666666666666,56.43000000000001,49.52,39.3,47.85,0.0,15.39
2018-12-28 15:00:56,98.25666666666666,53.294999999999995,36.805,38.38,47.080000000000005,0.0,15.96
2018-12-28 16:00:56,16.086666666666666,51.68000000000001,32.24,40.31,48.565,0.0,14.39
2018-12-28 17:00:56,103.27333333333333,48.74,35.85,53.165,68.31,0.0,11.12
2018-12-28 18:00:56,94.77333333333333,57.885,16.715,70.92,106.68,0.0,6.82
2018-12-28 19:00:56,107.37666666666667,81.62,16.93,75.215,119.045,0.0,5.33
2018-12-28 20:00:56,123.06666666666666,95.31,19.88,77.485,123.88,0.0,5.25
2018-12-28 21:00:56,121.04,98.605,11.729999999999999,77.875,123.895,0.0,5.48
2018-12-28 22:00:56,113.08333333333333,98.78500000000001,8.945,71.04,100.625,0.0,5.09
2018-12-28 23:00:56,110.8,100.0,8.18,71.675,107.985,0.0,4.75
2018-12-29 00:00:56,118.26666666666665,103.055,7.525000000000001,66.565,85.185,0.0,4.24
2018-12-29 01:00:56,116.82333333333332,91.415,8.13,67.1,93.21,0.0,5.22
2018-12-29 02:00:56,94.94,81.345,7.005,62.155,72.99,0.0,5.92
2018-12-29 03:00:56,79.56333333333333,70.685,7.59,55.97,62.525,0.0,6.62
2018-12-29 04:00:56,68.27000000000001,61.455000000000005,6.390000000000001,51.79,56.405,0.0,6.21
2018-12-29 05:00:56,57.54,47.53,4.99,49.28,52.53,0.0,8.08
2018-12-29 06:00:56,54.99333333333334,44.129999999999995,4.41,47.17499999999999,49.845,0.0,8.18
2018-12-29 07:00:56,52.900000000000006,42.125,5.400000000000001,47.315,50.71,0.0,8.76
2018-12-29 08:00:56,51.93666666666667,47.66,4.015,52.4,67.09,0.0,6.8
2018-12-29 09:00:56,54.67666666666667,47.115,3.715,57.395,83.68,0.0,5.05
2018-12-29 10:00:56,64.06333333333333,58.685,5.719999999999999,57.06,77.58,0.0,6.28
2018-12-29 11:00:56,80.29333333333334,69.255,15.939999999999998,58.055,74.23,0.0,10.64
2018-12-29 12:00:56,96.10333333333334,68.98,19.375,58.315,72.96,0.0,10.75
2018-12-29 13:00:56,113.03666666666666,114.84999999999998,27.060000000000002,55.88,66.765,0.0,14.78
2018-12-29 14:00:56,121.72666666666667,147.41,34.12,57.94,70.115,0.0,14.32
2018-12-29 15:00:56,127.78999999999999,127.78000000000002,40.25,42.785,48.315,0.0,18.65
2018-12-29 16:00:56,37.11333333333334,111.50999999999999,29.45,38.99,44.695,0.0,17.63
2018-12-29 17:00:56,119.07,88.81,29.89,51.79,62.669999999999995,0.0,14.81
2018-12-29 18:00:56,119.64666666666666,90.445,29.98,63.21,80.455,0.0,8.67
2018-12-29 19:00:56,120.65333333333334,89.71999999999998,29.73,59.4,75.27,0.0,10.27
2018-12-29 20:00:56,104.97666666666667,73.745,24.245000000000005,49.935,59.29999999999999,0.0,13.71
2018-12-29 21:00:56,98.25666666666666,67.27,25.304999999999996,50.13,58.06,0.0,12.04
2018-12-29 22:00:56,88.46666666666665,60.044999999999995,31.189999999999998,52.26500000000001,65.97,0.0,10.78
2018-12-29 23:00:56,74.60666666666667,52.035,34.52,44.385,51.845,0.0,12.97
2018-12-30 00:00:56,62.72666666666666,52.99,26.105,35.165,37.96,0.0,18.4
2018-12-30 01:00:56,51.31,39.975,16.06,35.06,37.995,0.0,17.96
2018-12-30 02:00:56,50.64,34.43,10.735,33.265,34.87,0.0,18.73
2018-12-30 03:00:56,47.05,34.699999999999996,15.949999999999998,31.155,33.12,0.0,19.4
2018-12-30 04:00:56,40.03,27.224999999999998,9.745,26.015,27.125,0.0,20.2
2018-12-30 05:00:56,32.846666666666664,23.150000000000002,15.719999999999999,25.345,26.235,0.0,21.21
2018-12-30 06:00:56,40.13333333333333,15.385,9.145,36.91,38.335,0.0,13.09
2018-12-30 07:00:56,54.45333333333333,36.22,6.7,36.865,38.675,0.0,13.22
2018-12-30 08:00:56,55.51,35.84,6.080000000000001,36.52,39.07,0.0,14.61
2018-12-30 09:00:56,52.3,38.905,6.005,47.580000000000005,56.195,0.0,9.67
2018-12-30 10:00:56,56.72,49.99,21.21,42.64,50.0,0.0,11.05
2018-12-30 11:00:56,60.31666666666666,50.9,30.060000000000002,31.175,34.4,0.0,17.86
2018-12-30 12:00:56,53.906666666666666,39.305,34.175,32.915,37.2,0.0,18.5
2018-12-30 13:00:56,50.10666666666667,39.22,38.125,33.6,38.22,0.0,18.03
2018-12-30 14:00:56,47.99666666666667,42.355,35.25,32.4,35.77,0.0,18.81
2018-12-30 15:00:56,46.663333333333334,45.574999999999996,26.645,31.34,35.03,0.0,20.01
2018-12-30 16:00:56,47.99333333333334,42.85,14.329999999999998,38.88,45.245,0.0,17.27
2018-12-30 17:00:56,52.82333333333333,44.13,8.705,47.095,53.73499999999999,0.0,14.09
2018-12-30 18:00:56,60.18666666666667,54.445,5.015,51.365,56.4,0.0,12.55
2018-12-30 19:00:56,71.31333333333333,62.54999999999999,4.69,57.645,66.91,0.0,9.55
2018-12-30 20:00:56,78.36666666666667,71.075,6.175,51.91,60.35999999999999,0.0,11.06
2018-12-30 21:00:56,76.69666666666667,70.49000000000001,6.425,63.04,77.16,0.0,7.54
2018-12-30 22:00:56,83.92666666666666,70.47,6.460000000000001,66.27,90.56,0.0,6.9
2018-12-30 23:00:56,92.45333333333333,76.94,4.325,66.875,86.69,0.0,6.11
2018-12-31 00:00:56,103.37666666666667,83.67,7.525000000000001,64.9,80.64,0.0,5.22
2018-12-31 01:00:56,101.41,84.44500000000001,8.84,51.915,58.64000000000001,0.0,9.06
2018-12-31 02:00:56,87.02,78.58,9.84,46.09,47.32,0.0,11.73
2018-12-31 03:00:56,84.87,75.8,6.48,46.57500000000001,49.669999999999995,0.0,9.23
2018-12-31 04:00:56,87.83666666666666,74.52,5.205,46.245,48.53,0.0,9.48
2018-12-31 05:00:56,84.20666666666666,71.355,5.739999999999999,44.455000000000005,46.294999999999995,0.0,10.44
2018-12-31 06:00:56,86.72666666666667,74.12,6.510000000000001,40.15,41.245,0.0,11.84
2018-12-31 07:00:56,90.52333333333333,75.17,7.815,31.084999999999997,32.78,0.0,14.72
2018-12-31 08:00:56,91.94666666666667,72.07,9.505,32.36,35.33,0.0,14.92
2018-12-31 09:00:56,89.89666666666666,71.87,8.945,51.835,71.8,0.0,7.63
2018-12-31 10:00:56,102.43333333333334,82.56,17.045,57.56,83.075,0.0,6.76
2018-12-31 11:00:56,120.43,101.645,35.935,53.74,65.905,0.0,9.15
2018-12-31 12:00:56,126.75999999999999,110.175,43.21,55.77,69.76,0.0,9.5
2018-12-31 13:00:56,121.54666666666668,99.745,49.45000000000001,48.794999999999995,59.21,0.0,11.39
2018-12-31 14:00:56,110.82999999999998,81.28500000000001,52.415,42.5,48.005,0.0,14.9
2018-12-31 15:00:56,95.62333333333333,70.02,31.034999999999997,37.725,42.455,0.0,14.87
2018-12-31 16:00:56,81.52666666666666,65.595,28.86,41.875,49.145,0.0,12.51
2018-12-31 17:00:56,88.36,64.0,37.435,40.915,46.15,0.0,13.43
2018-12-31 18:00:56,96.21666666666665,74.66000000000001,29.595,52.475,65.87,0.0,9.02
2018-12-31 19:00:56,94.33666666666666,77.46,20.575,60.275,79.33,0.0,7.53
2018-12-31 20:00:56,99.02,83.58999999999999,17.115,63.835,80.935,0.0,6.39
2018-12-31 21:00:56,103.65666666666667,82.61500000000001,20.535,47.16,51.63,0.0,10.51
2018-12-31 22:00:56,89.91666666666667,74.05499999999999,22.879999999999995,35.985,37.695,0.0,15.71
2018-12-31 23:00:56,71.5,60.13,28.0,30.675,32.585,0.0,15.79
2019-01-01 00:00:56,58.93333333333334,51.26,21.275,29.175,30.995,0.0,16.97
2019-01-01 01:00:56,47.14,41.895,19.185,26.73,28.67,0.0,17.75
2019-01-01 02:00:56,34.126666666666665,29.775000000000002,19.15,27.605,29.47,0.0,17.42
2019-01-01 03:00:56,27.316666666666666,19.92,15.245,25.7,27.905,0.0,19.04
2019-01-01 04:00:56,27.04,14.39,13.964999999999998,24.095,25.345,0.0,19.26
2019-01-01 05:00:56,27.326666666666668,20.42,13.13,20.84,21.540000000000003,0.0,19.63
2019-01-01 06:00:56,27.193333333333335,18.400000000000002,10.829999999999998,20.215,20.84,0.0,20.14
2019-01-01 07:00:56,25.61,17.645,10.0,22.135,23.51,0.0,18.59
2019-01-01 08:00:56,19.89333333333333,16.095,7.724999999999999,26.655,29.179999999999996,0.0,16.76
2019-01-01 09:00:56,21.39,14.185,7.065,28.385,31.545,0.0,15.93
2019-01-01 10:00:56,27.27666666666667,15.555,9.15,29.545,31.95,0.0,17.14
2019-01-01 11:00:56,31.786666666666665,21.885,12.4,31.925,36.93,0.0,14.63
2019-01-01 12:00:56,27.866666666666667,22.834999999999997,10.729999999999999,29.350000000000005,32.75,0.0,15.76
2019-01-01 13:00:56,27.536666666666665,16.105,7.31,30.804999999999996,34.0,0.0,17.16
2019-01-01 14:00:56,24.906666666666666,21.650000000000002,7.734999999999999,27.765,30.58,0.0,18.66
2019-01-01 15:00:56,26.96,22.700000000000003,8.605,28.595,31.095,0.0,19.41
2019-01-01 16:00:56,30.176666666666662,20.11,12.405000000000001,35.59,40.555,0.0,16.78
2019-01-01 17:00:56,34.093333333333334,30.450000000000003,12.050000000000002,44.375,50.93,0.0,14.73
2019-01-01 18:00:56,47.153333333333336,33.845,8.695,49.93,57.29999999999999,0.0,11.64
2019-01-01 19:00:56,64.34,46.205000000000005,7.780000000000001,61.355,80.495,0.0,8.58
2019-01-01 20:00:56,82.33666666666666,64.355,8.105,65.97,84.53,0.0,7.15
2019-01-01 21:00:56,102.43333333333334,73.33,10.920000000000002,66.81,95.325,0.0,6.43
2019-01-01 22:00:56,104.61666666666667,85.625,14.025,66.825,85.515,0.0,5.18
2019-01-01 23:00:56,104.79333333333334,87.82000000000001,14.835,60.95000000000001,75.765,0.0,5.54
2019-01-02 00:00:56,92.62333333333333,73.63499999999999,18.985,58.465,68.34,0.0,6.18
2019-01-02 01:00:56,78.78666666666668,69.88499999999999,16.79,54.37,62.20000000000001,0.0,6.96
2019-01-02 02:00:56,66.9,58.21,15.479999999999999,51.70000000000001,56.42499999999999,0.0,6.3
2019-01-02 03:00:56,59.10666666666666,46.45000000000001,15.015,50.080000000000005,53.955000000000005,0.0,7.24
2019-01-02 04:00:56,54.75333333333333,42.61,15.550000000000002,44.16,46.855,0.0,9.23
2019-01-02 05:00:56,60.75,41.055,17.335,38.855,39.95,0.0,11.2
2019-01-02 06:00:56,58.053333333333335,39.645,13.435000000000002,45.85,51.19,0.0,8.35
2019-01-02 07:00:56,55.41333333333333,46.16,22.915000000000003,41.0,45.20000000000001,0.0,11.12
2019-01-02 08:00:56,61.156666666666666,46.82,27.795,56.23499999999999,77.08,0.0,6.87
2019-01-02 09:00:56,69.14,47.44,30.26,54.665,73.23,0.0,8.2
2019-01-02 10:00:56,85.52666666666666,57.65,48.18000000000001,69.615,110.745,0.0,4.43
2019-01-02 11:00:56,125.89333333333333,97.445,79.655,74.06,114.51,0.0,4.82
2019-01-02 12:00:56,160.42666666666668,121.72000000000001,45.955000000000005,71.815,104.71499999999999,0.0,5.01
2019-01-02 13:00:56,165.48333333333335,120.375,48.06999999999999,76.86,108.78000000000002,0.0,5.67
2019-01-02 14:00:56,155.03,114.90000000000002,34.21,81.045,119.935,0.0,5.65
2019-01-02 15:00:56,161.74666666666667,115.005,46.595,77.76,105.13,0.0,6.05
2019-01-02 16:00:56,86.47333333333334,121.555,63.685,77.945,103.735,0.0,5.49
2019-01-02 17:00:56,88.77,132.865,66.055,85.34999999999998,122.105,0.0,5.56
2019-01-02 18:00:56,100.5,146.36,40.87,90.82,167.425,0.0,5.86
2019-01-02 19:00:56,112.68666666666667,174.64,43.35999999999999,95.26,198.35,0.0,6.15
2019-01-02 20:00:56,0.0,191.66,56.815,94.13,194.215,0.0,5.87
2019-01-02 21:00:56,0.0,201.215,76.655,102.32,247.92999999999998,0.0,7.04
2019-01-02 22:00:56,0.0,206.67499999999998,54.10999999999999,88.7,197.56499999999997,0.0,4.65
2019-01-02 23:00:56,0.0,197.41,60.30500000000001,89.65500000000002,201.97,0.0,4.84
2019-01-03 00:00:56,0.0,186.17499999999998,66.365,90.67,212.39,0.0,5.31
2019-01-03 01:00:56,0.0,190.64499999999998,49.44499999999999,81.335,155.285,0.0,3.9
2019-01-03 02:00:56,106.65333333333332,170.725,58.620000000000005,78.125,146.12,0.0,3.65
2019-01-03 03:00:56,209.25666666666666,152.445,48.875,77.845,155.775,0.0,5.35
2019-01-03 04:00:56,195.97,146.79999999999998,55.535,73.845,131.685,0.0,4.19
2019-01-03 05:00:56,187.9033333333333,144.64,33.905,74.755,136.82,0.0,4.11
2019-01-03 06:00:56,174.96666666666667,135.43,19.5,66.02,107.38,0.0,3.89
2019-01-03 07:00:56,160.95666666666668,124.72500000000001,23.97,69.675,120.40500000000002,0.0,3.74
2019-01-03 08:00:56,154.38666666666666,120.13,20.32,73.635,152.925,0.0,4.4
2019-01-03 09:00:56,157.95333333333335,114.95,24.685000000000002,82.785,221.16,0.0,5.75
2019-01-03 10:00:56,177.25,136.35,79.245,97.09999999999998,250.69500000000002,0.0,6.11
2019-01-03 11:00:56,212.25333333333333,185.56499999999997,76.005,123.69,262.925,0.0,6.85
2019-01-03 12:00:56,131.85333333333332,232.06000000000003,0.0,103.79,182.80000000000004,0.0,4.61
2019-01-03 13:00:56,121.23333333333332,219.46,58.41,72.83,102.675,0.0,4.89
2019-01-03 14:00:56,0.0,149.62,32.25,54.82,65.62,0.0,12.51
2019-01-03 15:00:56,55.446666666666665,95.8,41.315,41.74,44.81,0.0,15.73
2019-01-03 16:00:56,39.13666666666666,65.785,40.0,36.99,39.73,0.0,16.29
2019-01-03 17:00:56,24.96333333333333,45.379999999999995,41.695,53.169999999999995,75.48,0.0,9.68
2019-01-03 18:00:56,145.47,46.31,64.13,74.67,142.26,0.0,4.87
2019-01-03 19:00:56,117.74666666666667,63.544999999999995,66.375,80.025,183.42999999999998,0.0,4.14
2019-01-03 20:00:56,118.58,80.06,66.685,80.245,179.65,0.0,4.34
2019-01-03 21:00:56,109.46666666666667,78.25,40.98,74.915,167.08,0.0,6.46
2019-01-03 22:00:56,103.33666666666666,78.205,28.905,81.805,215.585,0.0,6.94
2019-01-03 23:00:56,121.69666666666667,100.63,36.7,83.445,238.43999999999997,0.0,6.67
2019-01-04 00:00:56,132.95666666666668,126.175,30.929999999999996,69.2,154.41,0.0,5.18
2019-01-04 01:00:56,106.25333333333333,110.7,30.52,39.225,51.97,0.0,14.74
2019-01-04 02:00:56,59.04,63.85999999999999,13.675000000000002,32.64,35.66,0.0,18.27
2019-01-04 03:00:56,35.34,35.949999999999996,8.36,27.45,28.0,0.0,18.2
2019-01-04 04:00:56,22.203333333333333,19.155,5.585000000000001,23.850000000000005,24.875,0.0,16.52
2019-01-04 05:00:56,17.206666666666667,10.75,6.260000000000001,23.475000000000005,24.209999999999997,0.0,14.35
2019-01-04 06:00:56,12.366666666666667,6.315,6.945,21.025,22.26,0.0,16.46
2019-01-04 07:00:56,12.693333333333333,8.27,5.969999999999999,27.665000000000003,29.774999999999995,0.0,13.64
2019-01-04 08:00:56,12.323333333333332,3.7000000000000006,5.155,24.845,27.25,0.0,17.82
2019-01-04 09:00:56,10.143333333333333,8.105,4.98,26.75,30.13,0.0,17.22
2019-01-04 10:00:56,10.46,6.510000000000001,9.775,22.485,23.679999999999996,0.0,20.34
2019-01-04 11:00:56,14.713333333333333,6.95,15.445,22.215,23.405,0.0,20.72
2019-01-04 12:00:56,14.12,8.92,13.045000000000002,21.774999999999995,22.74,0.0,21.34
2019-01-04 13:00:56,11.969999999999999,10.799999999999999,10.225,22.06,22.965,0.0,21.21
2019-01-04 14:00:56,11.44,11.76,10.215,23.25,24.42,0.0,20.99
2019-01-04 15:00:56,15.74,10.924999999999999,7.905000000000001,23.304999999999996,24.49,0.0,21.39
2019-01-04 16:00:56,16.243333333333332,13.19,2.32,23.12,24.600000000000005,0.0,19.88
2019-01-04 17:00:56,16.30666666666667,10.964999999999998,5.765000000000001,24.615,26.429999999999996,0.0,17.8
2019-01-04 18:00:56,18.623333333333335,8.395000000000001,5.205,26.925,28.945000000000004,0.0,15.73
2019-01-04 19:00:56,22.81,14.645000000000001,8.33,36.825,42.045,0.0,11.52
2019-01-04 20:00:56,36.71,18.81,16.18,40.62,47.415,0.0,10.89
2019-01-04 21:00:56,44.21,18.11,22.89,43.335,56.23499999999999,0.0,9.47
2019-01-04 22:00:56,44.81,23.37,27.945000000000004,45.455000000000005,61.32500000000001,0.0,8.5
2019-01-04 23:00:56,49.14,22.845,32.91,41.175,50.785,0.0,9.95
2019-01-05 00:00:56,67.2,25.265,37.27,49.055,65.53,0.0,7.65
2019-01-05 01:00:56,75.04,31.645,23.774999999999995,50.96,70.68,0.0,5.8
2019-01-05 02:00:56,67.02666666666666,27.950000000000003,14.589999999999998,48.865,66.4,0.0,4.96
2019-01-05 03:00:56,62.376666666666665,26.715,14.165,44.68,52.42499999999999,0.0,6.75
2019-01-05 04:00:56,53.53,25.145,11.814999999999998,39.9,45.665,0.0,9.21
2019-01-05 05:00:56,39.84,18.61,13.865,25.69,26.495,0.0,16.74
2019-01-05 06:00:56,30.286666666666665,11.875,16.575,21.5,22.475000000000005,0.0,18.61
2019-01-05 07:00:56,21.856666666666666,9.865,14.65,25.965,27.83,0.0,16.36
2019-01-05 08:00:56,21.666666666666668,9.905,10.54,41.43,57.095,0.0,8.44
2019-01-05 09:00:56,33.973333333333336,10.255,18.19,46.24,65.045,0.0,6.88
2019-01-05 10:00:56,51.81666666666666,19.555,25.595,46.10999999999999,63.245,0.0,8.13
2019-01-05 11:00:56,55.22333333333333,24.584999999999997,18.53,43.195,52.46,0.0,9.09
2019-01-05 12:00:56,53.31333333333333,24.505,14.275,42.85999999999999,51.94,0.0,8.6
2019-01-05 13:00:56,48.596666666666664,26.849999999999998,14.410000000000002,42.835,55.525,0.0,8.64
2019-01-05 14:00:56,45.67333333333333,30.294999999999998,14.780000000000001,49.405,73.235,0.0,6.08
2019-01-05 15:00:56,42.620000000000005,26.705,19.265,45.48499999999999,59.77,0.0,7.22
2019-01-05 16:00:56,40.053333333333335,25.284999999999997,10.920000000000002,46.92499999999999,56.76500000000001,0.0,7.19
2019-01-05 17:00:56,38.63666666666667,25.53,11.21,48.51500000000001,58.26500000000001,0.0,7.23
2019-01-05 18:00:56,36.61333333333334,31.745,8.985,49.835,61.44,0.0,7.43
2019-01-05 19:00:56,46.78666666666667,40.795,10.195,56.185,88.815,0.0,6.15
2019-01-05 20:00:56,62.27333333333333,47.419999999999995,12.089999999999998,56.645,82.57,0.0,5.61
2019-01-05 21:00:56,67.36666666666666,54.004999999999995,11.520000000000001,45.535,52.56,0.0,6.92
2019-01-05 22:00:56,57.026666666666664,48.04,6.87,36.875,44.105,0.0,10.58
2019-01-05 23:00:56,39.29,30.815,9.935,40.865,50.99,0.0,10.37
2019-01-06 00:00:56,26.82,20.38,9.75,43.35,60.855,0.0,8.97
2019-01-06 01:00:56,24.926666666666666,18.224999999999998,9.045,48.85999999999999,63.73499999999999,0.0,6.0
2019-01-06 02:00:56,28.366666666666664,23.995,9.63,46.565,60.535,0.0,6.56
2019-01-06 03:00:56,27.736666666666665,22.49,8.55,42.745,52.49,0.0,7.84
2019-01-06 04:00:56,23.153333333333336,21.735,9.525,44.6,51.169999999999995,0.0,7.37
2019-01-06 05:00:56,27.486666666666665,17.700000000000003,6.974999999999999,41.64,45.845,0.0,7.87
2019-01-06 06:00:56,25.773333333333333,16.200000000000003,6.395,40.915,43.79,0.0,7.44
2019-01-06 07:00:56,21.223333333333333,20.02,4.175,39.995,44.16,0.0,7.22
2019-01-06 08:00:56,23.906666666666666,22.405,5.095,44.335,50.955000000000005,0.0,7.19
2019-01-06 09:00:56,32.27,21.135,4.655,36.435,40.4,0.0,10.41
2019-01-06 10:00:56,38.80666666666667,27.834999999999997,5.645,42.775,52.830000000000005,0.0,9.21
2019-01-06 11:00:56,39.55,29.99,12.050000000000002,55.53,77.345,0.0,6.83
2019-01-06 12:00:56,50.72,46.75,19.395,53.215,70.955,0.0,6.63
2019-01-06 13:00:56,53.19333333333333,45.565,18.065,44.365,53.54,0.0,9.04
2019-01-06 14:00:56,37.6,33.415,12.43,47.34,61.79999999999999,0.0,8.25
2019-01-06 15:00:56,29.63666666666667,24.63,8.015,58.71,89.935,0.0,6.63
2019-01-06 16:00:56,30.0,23.2,6.785,55.875,74.31,0.0,5.51
2019-01-06 17:00:56,23.01,21.64,8.78,47.48499999999999,57.76,0.0,8.88
2019-01-06 18:00:56,17.143333333333334,12.85,8.14,39.435,45.305,0.0,12.45
2019-01-06 19:00:56,19.163333333333334,15.525,7.364999999999999,45.595,56.125,0.0,10.55
2019-01-06 20:00:56,24.883333333333336,19.8,9.25,44.285,49.85,0.0,9.78
2019-01-06 21:00:56,25.49,12.665,6.875,45.345,51.105,0.0,9.64
2019-01-06 22:00:56,19.46,11.584999999999999,6.285,41.55,45.68,0.0,11.3
2019-01-06 23:00:56,16.093333333333334,14.030000000000001,10.975,35.135,37.46,0.0,14.92
2019-01-07 00:00:56,12.196666666666665,3.6300000000000003,11.71,30.429999999999996,31.815,0.0,18.41
2019-01-07 01:00:56,7.8566666666666665,3.8200000000000003,8.495,32.14,34.14,0.0,18.01
2019-01-07 02:00:56,7.79,5.105,11.525,28.905,30.115,0.0,18.05
2019-01-07 03:00:56,9.863333333333333,6.435,8.775,27.36,27.709999999999997,0.0,19.1
2019-01-07 04:00:56,9.123333333333333,10.075000000000001,5.235,24.320000000000004,25.325,0.0,18.41
2019-01-07 05:00:56,10.453333333333333,4.62,4.755,21.12,21.5,0.0,18.94
2019-01-07 06:00:56,9.786666666666667,10.584999999999999,4.995,22.175,23.015,0.0,18.51
2019-01-07 07:00:56,8.686666666666667,4.43,5.57,23.320000000000004,24.100000000000005,0.0,17.77
2019-01-07 08:00:56,8.056666666666667,2.73,6.055,39.115,47.475,0.0,12.88
2019-01-07 09:00:56,15.99,15.435000000000002,6.275000000000001,50.465,62.01500000000001,0.0,8.2
2019-01-07 10:00:56,25.863333333333333,19.655,18.36,37.13,41.495,0.0,13.63
2019-01-07 11:00:56,38.583333333333336,28.709999999999997,53.57500000000001,33.93,39.425,0.0,15.38
2019-01-07 12:00:56,51.06333333333333,33.205,57.415,36.035,41.59,0.0,15.92
2019-01-07 13:00:56,53.580000000000005,28.58,47.09,33.93,39.48,0.0,16.51
2019-01-07 14:00:56,44.26333333333333,18.28,46.120000000000005,31.705,35.865,0.0,18.14
2019-01-07 15:00:56,37.28,16.245,24.705,30.28,32.87,0.0,19.82
2019-01-07 16:00:56,34.47666666666666,15.71,21.325,31.385,34.93,0.0,18.48
2019-01-07 17:00:56,36.57666666666667,13.689999999999998,36.705,35.585,39.93,0.0,16.58
2019-01-07 18:00:56,41.080000000000005,14.005,11.979999999999999,50.435,60.60999999999999,0.0,11.21
2019-01-07 19:00:56,40.47,12.729999999999999,9.83,63.97,83.06,0.0,7.6
2019-01-07 20:00:56,51.18333333333334,16.03,10.315,70.735,95.21999999999998,0.0,6.19
2019-01-07 21:00:56,67.33333333333333,16.92,21.72,74.275,106.33999999999999,0.0,5.69
2019-01-07 22:00:56,70.43666666666667,17.885,25.25,73.64,98.65000000000002,0.0,4.77
2019-01-07 23:00:56,67.42,15.29,16.565,69.515,80.085,0.0,6.16
2019-01-08 00:00:56,67.95666666666666,16.375,12.135,68.765,81.085,0.0,6.4
2019-01-08 01:00:56,65.30666666666667,17.22,0.0,61.165,66.31,0.0,7.36
2019-01-08 02:00:56,60.303333333333335,13.020000000000001,0.0,62.169999999999995,70.8,0.0,7.13
2019-01-08 03:00:56,52.333333333333336,10.75,0.0,43.99,44.815,0.0,16.41
2019-01-08 04:00:56,47.480000000000004,8.26,0.0,40.92,42.305,0.0,15.8
2019-01-08 05:00:56,44.38666666666666,11.954999999999998,0.0,39.815,40.425,0.0,14.16
2019-01-08 06:00:56,49.650000000000006,17.395,0.0,43.535,44.81,0.0,11.22
2019-01-08 07:00:56,51.92666666666667,19.67,0.0,40.65,42.01,0.0,13.97
2019-01-08 08:00:56,53.416666666666664,18.93,0.0,49.435,56.185,0.0,11.97
2019-01-08 09:00:56,60.49666666666667,17.49,0.0,61.815,87.93,0.0,8.6
2019-01-08 10:00:56,83.60333333333334,25.355,0.0,66.5,94.40000000000002,0.0,8.11
2019-01-08 11:00:56,100.71666666666667,32.675,0.0,67.89,87.955,0.0,8.0
2019-01-08 12:00:56,122.54,37.545,0.0,74.745,101.03000000000002,0.0,7.37
2019-01-08 13:00:56,149.54,41.1,0.0,71.69,91.84999999999998,0.0,9.45
2019-01-08 14:00:56,152.33666666666667,45.775,0.0,60.165,70.445,0.0,12.39
2019-01-08 15:00:56,136.67,47.435,0.0,61.95000000000001,74.08,0.0,10.74
2019-01-08 16:00:56,109.48,34.255,0.0,47.5,53.46,0.0,12.06
2019-01-08 17:00:56,82.88333333333333,23.034999999999997,0.0,42.65,48.15,0.0,12.95
2019-01-08 18:00:56,65.48666666666666,16.645,0.0,40.51,44.855,0.0,14.03
2019-01-08 19:00:56,53.30666666666667,15.68,0.0,46.445,53.96,0.0,12.97
2019-01-08 20:00:56,41.10666666666667,14.745,0.0,42.695,46.895,0.0,14.01
2019-01-08 21:00:56,30.866666666666664,9.675,0.0,37.395,41.18,0.0,15.11
2019-01-08 22:00:56,22.320000000000004,8.095,0.0,38.06,42.53,0.0,14.6
2019-01-08 23:00:56,18.216666666666665,11.064999999999998,0.0,41.73,47.99,0.0,12.61
2019-01-09 00:00:56,20.753333333333334,7.895,0.0,32.83,35.2,0.0,15.1
2019-01-09 01:00:56,16.313333333333333,5.535,0.0,33.87,36.44,0.0,14.64
2019-01-09 02:00:56,10.403333333333334,5.655000000000001,0.0,28.28,29.19,0.0,17.54
2019-01-09 03:00:56,9.776666666666666,4.065,0.0,27.49,28.285,0.0,17.57
2019-01-09 04:00:56,7.076666666666667,2.905,0.0,28.215,28.975000000000005,0.0,16.32
2019-01-09 05:00:56,8.886666666666667,2.465,0.0,26.52,27.11,0.0,16.85
2019-01-09 06:00:56,13.833333333333334,2.83,0.0,26.905,28.175,0.0,15.28
2019-01-09 07:00:56,14.463333333333333,5.815,0.0,34.91,39.57,0.0,13.39
2019-01-09 08:00:56,16.736666666666668,7.484999999999999,0.0,0.0,0.0,0.0,8.55
2019-01-09 09:00:56,22.99,7.044999999999999,0.0,58.805,86.685,0.0,6.89
2019-01-09 10:00:56,31.913333333333334,12.219999999999999,0.0,50.77,62.169999999999995,0.0,10.2
2019-01-09 11:00:56,35.36666666666667,14.420000000000002,0.0,40.28,46.025,0.0,14.01
2019-01-09 12:00:56,33.02,14.585,0.0,35.155,39.32,0.0,15.91
2019-01-09 13:00:56,37.44333333333333,18.675,0.0,34.44,39.925,0.0,16.77
2019-01-09 14:00:56,42.36333333333334,17.265,0.0,33.225,36.815,0.0,18.3
2019-01-09 15:00:56,36.85666666666666,20.325,0.0,27.665000000000003,30.605,0.0,19.56
2019-01-09 16:00:56,28.77,13.835,41.615,37.315,43.129999999999995,0.0,19.57
2019-01-09 17:00:56,26.036666666666665,12.985,28.409999999999997,38.669999999999995,43.93000000000001,0.0,19.92
2019-01-09 18:00:56,31.09,10.87,23.75,61.99,73.075,0.0,15.32
2019-01-09 19:00:56,43.29,18.065,40.29,71.71000000000001,82.95,0.0,13.4
2019-01-09 20:00:56,46.56666666666666,24.185000000000002,26.765,76.005,88.56,0.0,13.04
2019-01-09 21:00:56,43.46333333333334,20.185,25.885,66.175,79.22500000000001,0.0,12.5
2019-01-09 22:00:56,45.35666666666666,16.73,31.23,59.615,66.985,0.0,15.19
2019-01-09 23:00:56,44.10333333333333,16.57,27.290000000000003,74.05,87.67,0.0,13.13
2019-01-10 00:00:56,45.65,18.495,22.365,97.13,120.695,0.0,9.77
2019-01-10 01:00:56,57.76333333333333,19.18,21.74,92.485,112.93,0.0,8.23
2019-01-10 02:00:56,64.13,21.939999999999998,13.46,77.995,87.21999999999998,0.0,9.1
2019-01-10 03:00:56,66.76333333333334,18.63,18.365,78.55000000000001,85.00999999999999,0.0,9.84
2019-01-10 04:00:56,58.21666666666667,14.280000000000001,12.175000000000002,78.45,85.65500000000002,0.0,8.73
2019-01-10 05:00:56,53.103333333333325,20.2,9.23,60.785,63.410000000000004,0.0,14.62
2019-01-10 06:00:56,54.28666666666666,20.445,9.665,68.39,72.995,0.0,11.21
2019-01-10 07:00:56,55.41333333333333,20.73,19.535,71.045,79.55,0.0,8.41
2019-01-10 08:00:56,59.97333333333333,19.705,18.385,99.295,134.26,0.0,7.35
2019-01-10 09:00:56,68.60000000000001,19.015,15.85,114.875,178.69999999999996,0.0,5.91
2019-01-10 10:00:56,90.63333333333333,26.034999999999997,25.145,114.515,177.41,0.0,5.51
2019-01-10 11:00:56,110.35,28.42,37.5,125.075,191.455,0.0,6.54
2019-01-10 12:00:56,138.61333333333334,27.429999999999996,36.04,124.06,175.17999999999998,0.0,6.66
2019-01-10 13:00:56,150.75333333333333,35.81,46.185,124.955,160.63,0.0,8.9
2019-01-10 14:00:56,164.35,42.12,35.07,122.58,154.11,0.0,8.46
2019-01-10 15:00:56,164.74,38.21,41.845,134.98499999999999,166.29,0.0,7.67
2019-01-10 16:00:56,170.40666666666667,43.585,49.60999999999999,146.145,179.535,0.0,11.22
2019-01-10 17:00:56,203.66333333333333,56.345,70.475,169.09,227.455,0.0,7.24
2019-01-10 18:00:56,240.11666666666667,72.2,29.92,176.09,295.175,0.0,6.0
2019-01-10 19:00:56,123.38,79.05,54.0,183.87,348.26500000000004,0.0,6.45
2019-01-10 20:00:56,0.0,71.775,46.45000000000001,183.835,392.58500000000004,0.0,6.24
2019-01-10 21:00:56,0.0,72.65,51.16,175.05499999999998,338.39,0.0,6.4
2019-01-10 22:00:56,0.0,70.27,43.155,168.31,315.59,0.0,6.61
2019-01-10 23:00:56,0.0,61.24000000000001,55.88499999999999,169.845,325.475,0.0,6.54
2019-01-11 00:00:56,0.0,63.73499999999999,37.735,157.23499999999999,301.075,0.0,5.25
2019-01-11 01:00:56,0.0,58.94499999999999,29.084999999999997,144.45000000000002,238.04,0.0,3.8
2019-01-11 02:00:56,125.13333333333333,52.48,55.96,134.39499999999998,189.94500000000002,0.0,4.12
2019-01-11 03:00:56,104.68,46.085,34.9,127.38499999999999,172.535,0.0,4.37
2019-01-11 04:00:56,92.22666666666667,44.61500000000001,38.195,123.41000000000001,167.5,0.0,4.36
2019-01-11 05:00:56,78.41666666666667,39.005,24.314999999999998,128.62,176.245,0.0,4.16
2019-01-11 06:00:56,73.53333333333333,31.895,21.545,128.385,174.81000000000003,0.0,4.25
2019-01-11 07:00:56,67.53666666666668,37.94,26.570000000000004,132.05,187.07000000000002,0.0,4.27
2019-01-11 08:00:56,172.45000000000002,42.775,21.26,140.11,249.97000000000003,0.0,4.61
2019-01-11 09:00:56,173.9666666666667,44.405,64.095,157.135,347.965,0.0,5.21
2019-01-11 10:00:56,205.47333333333336,48.99000000000001,58.415,170.33,376.08500000000004,0.0,5.61
2019-01-11 11:00:56,239.47333333333336,51.17499999999999,39.855,162.125,306.34,0.0,5.64
2019-01-11 12:00:56,232.17,43.879999999999995,39.56,143.79,226.165,0.0,5.53
2019-01-11 13:00:56,208.23666666666668,35.27,47.01500000000001,150.53,210.585,0.0,5.61
2019-01-11 14:00:56,0.0,38.22,26.179999999999996,130.125,171.49,0.0,6.32
2019-01-11 15:00:56,0.0,34.2,44.065,153.69500000000002,195.795,0.0,6.99
2019-01-11 16:00:56,0.0,53.77,63.525,170.90499999999997,220.18999999999997,0.0,5.74
2019-01-11 17:00:56,213.96666666666667,68.01,68.205,199.11,274.59,0.0,6.56
2019-01-11 18:00:56,398.71333333333337,75.86,61.88499999999999,214.49,326.64000000000004,0.0,5.56
2019-01-11 19:00:56,375.89666666666665,90.85500000000002,76.42,229.54999999999998,427.51500000000004,0.0,6.74
2019-01-11 20:00:56,192.98000000000002,94.63,72.77,222.67,456.0,0.0,5.77
2019-01-11 21:00:56,0.0,93.195,79.18,215.31000000000003,468.365,0.0,4.66
2019-01-11 22:00:56,191.25333333333333,89.86500000000001,135.09,215.43500000000003,505.10999999999996,0.0,5.63
2019-01-11 23:00:56,180.53333333333333,103.295,119.21999999999998,194.08,443.055,0.0,4.4
2019-01-12 00:00:56,136.38333333333333,122.86000000000001,88.305,170.455,369.375,0.0,5.24
2019-01-12 01:00:56,133.50666666666666,104.39499999999998,109.58999999999999,188.98000000000002,447.03999999999996,0.0,5.76
2019-01-12 02:00:56,164.21666666666667,103.07,145.315,174.865,388.215,0.0,4.54
2019-01-12 03:00:56,160.00666666666666,94.545,78.32,160.795,345.305,0.0,4.31
2019-01-12 04:00:56,378.54333333333335,92.27500000000002,68.095,158.22,324.505,0.0,4.88
2019-01-12 05:00:56,320.0266666666667,78.86,61.91,147.305,298.485,0.0,4.72
2019-01-12 06:00:56,269.89,67.02,57.98499999999999,131.735,216.76,0.0,4.37
2019-01-12 07:00:56,201.29333333333332,61.625,35.05,117.09499999999998,157.04,0.0,5.83
2019-01-12 08:00:56,139.24666666666667,58.035,39.545,135.19500000000002,220.18500000000003,0.0,4.83
2019-01-12 09:00:56,116.86666666666667,48.155,45.335,147.76,318.215,0.0,5.35
2019-01-12 10:00:56,113.93666666666667,43.00999999999999,73.135,141.83,278.35,0.0,4.92
2019-01-12 11:00:56,57.120000000000005,40.84,71.005,132.115,207.64,0.0,4.74
2019-01-12 12:00:56,52.846666666666664,36.44,66.8,110.75999999999999,142.115,0.0,8.69
2019-01-12 13:00:56,49.28,35.175,36.135,91.815,109.495,0.0,12.43
2019-01-12 14:00:56,189.37333333333333,25.98,34.335,87.46499999999999,100.84499999999998,0.0,13.37
2019-01-12 15:00:56,198.23333333333335,25.165000000000003,27.02,111.27500000000002,143.565,0.0,9.4
2019-01-12 16:00:56,66.01,29.965000000000003,28.715000000000003,123.995,155.285,0.0,6.98
2019-01-12 17:00:56,62.92333333333334,31.070000000000004,29.825,141.535,198.85500000000002,0.0,6.29
2019-01-12 18:00:56,281.2966666666667,31.540000000000003,12.675000000000002,133.285,169.175,0.0,5.36
2019-01-12 19:00:56,211.97,33.925,26.225000000000005,151.44,232.4,0.0,5.12
2019-01-12 20:00:56,174.80999999999997,41.675,24.024999999999995,142.84,222.60500000000002,0.0,5.18
2019-01-12 21:00:56,163.49333333333334,43.05500000000001,14.975,156.085,280.045,0.0,5.29
2019-01-12 22:00:56,177.88666666666666,51.345,76.825,164.015,343.465,0.0,4.87
2019-01-12 23:00:56,199.65,55.525,29.355,148.705,298.705,0.0,4.96
2019-01-13 00:00:56,88.78333333333335,59.855,39.8,141.36,270.625,0.0,4.27
2019-01-13 01:00:56,0.0,56.68000000000001,0.0,126.73500000000001,225.755,0.0,4.5
2019-01-13 02:00:56,0.0,42.73499999999999,0.0,79.32,104.83999999999999,0.0,11.74
2019-01-13 03:00:56,141.14666666666668,35.175,0.0,81.97500000000001,96.055,0.0,11.64
2019-01-13 04:00:56,126.05666666666667,33.465,0.0,76.015,84.515,0.0,11.64
2019-01-13 05:00:56,302.5233333333333,30.060000000000002,0.0,74.77,83.05,0.0,10.6
2019-01-13 06:00:56,180.8,28.11,0.0,77.29,84.285,0.0,9.08
2019-01-13 07:00:56,119.30333333333333,26.105,0.0,82.4,90.415,0.0,7.49
2019-01-13 08:00:56,87.81,20.875,0.0,77.895,94.075,0.0,6.95
2019-01-13 09:00:56,76.87,21.295,0.0,73.965,89.41000000000001,0.0,6.89
2019-01-13 10:00:56,71.85333333333334,18.335,0.0,81.475,117.81,0.0,5.89
2019-01-13 11:00:56,75.24333333333333,17.065,0.0,75.76,90.34999999999998,0.0,6.48
2019-01-13 12:00:56,81.17333333333333,18.72,0.0,75.59,88.485,0.0,9.15
2019-01-13 13:00:56,67.32,16.19,0.0,76.365,96.28500000000001,0.0,9.3
2019-01-13 14:00:56,59.60333333333333,13.335,0.0,89.33999999999999,125.42999999999999,0.0,6.15
2019-01-13 15:00:56,59.15333333333333,9.45,0.0,87.005,103.825,0.0,7.35
2019-01-13 16:00:56,59.49333333333333,12.074999999999998,0.0,77.63499999999999,87.23500000000001,0.0,8.58
2019-01-13 17:00:56,65.94333333333334,16.84,0.0,82.785,101.36500000000001,0.0,8.03
2019-01-13 18:00:56,87.45,24.540000000000003,0.0,79.495,96.61500000000001,0.0,6.57
2019-01-13 19:00:56,96.03666666666666,22.51,0.0,74.995,85.86500000000001,0.0,7.96
2019-01-13 20:00:56,91.16,24.524999999999995,0.0,89.005,108.39999999999999,0.0,6.25
2019-01-13 21:00:56,87.18333333333334,22.86,0.0,77.005,96.17999999999999,0.0,7.03
2019-01-13 22:00:56,85.06333333333333,20.135,0.0,83.865,114.64999999999999,0.0,4.45
2019-01-13 23:00:56,83.68666666666667,19.38,0.0,82.69999999999999,100.38,0.0,4.42
2019-01-14 00:00:56,77.62333333333333,15.235,0.0,70.125,79.325,0.0,7.95
2019-01-14 01:00:56,79.38,19.475,0.0,71.315,79.745,0.0,7.23
2019-01-14 02:00:56,83.97666666666667,18.395,0.0,80.665,89.40500000000002,0.0,6.26
2019-01-14 03:00:56,88.35333333333334,19.36,0.0,70.53,76.575,0.0,6.44
2019-01-14 04:00:56,89.21333333333334,19.8,0.0,65.415,73.88,0.0,6.45
2019-01-14 05:00:56,88.62,18.135,0.0,54.129999999999995,56.72,0.0,9.66
2019-01-14 06:00:56,82.06333333333333,21.32,0.0,55.245,59.395,0.0,8.56
2019-01-14 07:00:56,77.59666666666668,20.645,0.0,59.11000000000001,67.19,0.0,6.31
2019-01-14 08:00:56,80.88,23.0,0.0,80.045,125.75,0.0,5.53
2019-01-14 09:00:56,88.36666666666667,20.08,0.0,92.53500000000001,140.42,0.0,4.71
2019-01-14 10:00:56,88.36,18.74,0.0,91.87,146.865,0.0,5.27
2019-01-14 11:00:56,91.89333333333333,20.275,0.0,107.71499999999999,178.135,0.0,5.26
2019-01-14 12:00:56,109.1,32.395,0.0,97.87,123.735,0.0,6.53
2019-01-14 13:00:56,98.84666666666666,36.735,0.0,77.415,102.86,0.0,11.73
2019-01-14 14:00:56,75.12666666666667,30.05,0.0,59.71,69.73,0.0,15.65
2019-01-14 15:00:56,63.47,28.054999999999996,0.0,48.699999999999996,56.330000000000005,0.0,16.79
2019-01-14 16:00:56,55.93000000000001,18.14,0.0,50.23,57.285,0.0,17.35
2019-01-14 17:00:56,48.75666666666667,10.63,0.0,52.645,58.99,0.0,17.93
2019-01-14 18:00:56,50.03666666666666,11.1,0.0,60.22,66.68,0.0,14.11
2019-01-14 19:00:56,52.51,17.96,0.0,67.62,76.95,0.0,11.95
2019-01-14 20:00:56,51.96,16.685,0.0,55.73,66.42,0.0,11.48
2019-01-14 21:00:56,38.656666666666666,12.160000000000002,0.0,44.725,48.935,0.0,15.11
2019-01-14 22:00:56,31.813333333333333,11.704999999999998,0.0,71.505,85.925,0.0,10.27
2019-01-14 23:00:56,35.54333333333333,12.594999999999999,0.0,70.645,86.34499999999998,0.0,9.31
2019-01-15 00:00:56,33.36666666666667,11.37,0.0,58.995000000000005,67.08,0.0,11.48
2019-01-15 01:00:56,23.30666666666667,9.18,0.0,76.815,93.13499999999999,0.0,8.37
2019-01-15 02:00:56,26.026666666666667,11.964999999999998,0.0,102.02,134.235,0.0,5.99
2019-01-15 03:00:56,33.419999999999995,13.425000000000002,0.0,99.61,122.32999999999998,0.0,5.22
2019-01-15 04:00:56,34.24333333333333,16.4,0.0,41.41,43.6,0.0,15.5
2019-01-15 05:00:56,28.28,13.219999999999999,0.0,35.215,37.805,0.0,17.47
2019-01-15 06:00:56,19.67,8.19,0.0,28.040000000000003,30.385,0.0,16.91
2019-01-15 07:00:56,12.053333333333333,5.8,0.0,28.08,31.27,0.0,17.97
2019-01-15 08:00:56,6.94,5.09,0.0,50.76500000000001,60.855,0.0,12.1
2019-01-15 09:00:56,5.586666666666666,0.0,0.0,65.265,81.81,0.0,9.58
2019-01-15 10:00:56,11.903333333333334,4.28,0.0,53.715,62.345,0.0,14.37
2019-01-15 11:00:56,21.63666666666667,10.445,0.0,56.21,67.66,0.0,14.1
2019-01-15 12:00:56,21.16,8.08,0.0,40.625,46.37,0.0,15.3
2019-01-15 13:00:56,20.016666666666666,10.025,0.0,40.38,47.28,0.0,16.56
2019-01-15 14:00:56,20.939999999999998,7.260000000000001,0.0,41.465,47.405,0.0,15.01
2019-01-15 15:00:56,20.58666666666667,6.035,0.0,24.185,26.334999999999997,0.0,16.24
2019-01-15 16:00:56,10.543333333333333,6.43,8.805,25.774999999999995,31.175,0.0,16.03
2019-01-15 17:00:56,12.173333333333332,4.29,7.140000000000001,37.715,45.615,0.0,10.55
2019-01-15 18:00:56,20.57,9.36,11.964999999999998,56.09,80.35,0.0,6.45
2019-01-15 19:00:56,25.153333333333332,14.439999999999998,26.459999999999997,60.09,79.41,0.0,6.16
2019-01-15 20:00:56,19.53333333333333,11.07,30.564999999999998,56.73499999999999,74.925,0.0,7.95
2019-01-15 21:00:56,19.44333333333333,7.359999999999999,13.74,35.18,37.08,0.0,17.76
2019-01-15 22:00:56,18.273333333333333,10.83,11.229999999999999,29.385,30.66,0.0,19.22
2019-01-15 23:00:56,10.943333333333333,5.890000000000001,8.095,25.554999999999996,26.33,0.0,23.46
2019-01-16 00:00:56,9.793333333333333,7.55,6.234999999999999,22.665000000000003,23.135,0.0,21.25
2019-01-16 01:00:56,9.343333333333334,2.64,4.585,22.600000000000005,23.2,0.0,21.55
2019-01-16 02:00:56,5.003333333333333,2.24,3.75,20.105,20.405,0.0,22.75
2019-01-16 03:00:56,3.143333333333333,2.51,4.93,19.39,19.635,0.0,20.77
2019-01-16 04:00:56,3.243333333333333,2.135,3.595,20.51,21.01,0.0,23.59
2019-01-16 05:00:56,5.253333333333334,2.13,4.585,22.19,22.655,0.0,26.49
2019-01-16 06:00:56,5.026666666666666,3.095,5.045,23.065,23.735,0.0,24.8
2019-01-16 07:00:56,4.25,0.0,6.175,28.74,30.375,0.0,20.29
2019-01-16 08:00:56,7.643333333333333,8.92,9.185,37.365,42.28,0.0,19.48
2019-01-16 09:00:56,12.366666666666667,7.695,10.810000000000002,39.16,43.665,0.0,18.84
2019-01-16 10:00:56,12.11,8.4,17.235,38.92,43.10999999999999,0.0,16.86
2019-01-16 11:00:56,19.156666666666666,13.125,24.77,36.23,39.375,0.0,18.22
2019-01-16 12:00:56,24.80333333333333,11.435,23.645,36.835,40.11,0.0,19.2
2019-01-16 13:00:56,28.66,10.24,20.555,39.9,43.705000000000005,0.0,19.51
2019-01-16 14:00:56,28.783333333333335,12.270000000000001,26.03,42.885,49.025,0.0,23.68
2019-01-16 15:00:56,23.79,14.57,17.775,40.94,44.85,0.0,26.54
2019-01-16 16:00:56,24.41,9.925,15.604999999999999,47.4,56.1,0.0,22.73
2019-01-16 17:00:56,29.97,5.875,20.38,55.17499999999999,68.79,0.0,16.27
2019-01-16 18:00:56,31.246666666666666,10.61,17.495,54.085,63.475,0.0,23.96
2019-01-16 19:00:56,21.67,4.39,18.105,47.14000000000001,51.89000000000001,0.0,27.93
2019-01-16 20:00:56,18.580000000000002,14.704999999999998,17.73,55.475,68.73,0.0,22.39
2019-01-16 21:00:56,20.0,8.33,14.525,56.76,69.395,0.0,22.59
2019-01-16 22:00:56,25.71,17.43,14.54,45.955000000000005,50.85999999999999,0.0,19.72
2019-01-16 23:00:56,31.826666666666668,14.56,9.865,50.87,59.28,0.0,16.6
2019-01-17 00:00:56,29.700000000000003,16.98,14.839999999999998,50.01,54.01500000000001,0.0,21.38
2019-01-17 01:00:56,26.913333333333334,32.19,17.15,43.315,45.01,0.0,23.81
2019-01-17 02:00:56,32.086666666666666,29.7,10.44,33.85,34.85,0.0,26.66
2019-01-17 03:00:56,23.473333333333333,17.635,13.155000000000001,34.315,36.07,0.0,20.21
2019-01-17 04:00:56,22.046666666666667,12.955,9.435,30.405,30.945000000000004,0.0,16.36
2019-01-17 05:00:56,21.003333333333334,12.64,6.575,29.925,30.415000000000003,0.0,15.98
2019-01-17 06:00:56,16.153333333333332,18.224999999999998,7.395,28.505,29.100000000000005,0.0,16.96
2019-01-17 07:00:56,17.66,15.770000000000001,11.655000000000001,30.365,31.679999999999996,0.0,16.82
2019-01-17 08:00:56,19.183333333333334,10.51,8.175,41.655,46.68,0.0,12.34
2019-01-17 09:00:56,18.336666666666666,10.365,11.305,37.21,40.51,0.0,14.64
2019-01-17 10:00:56,18.243333333333336,17.045,23.64,42.035,50.025,0.0,12.65
2019-01-17 11:00:56,35.67666666666667,28.27,38.14,39.14,44.865,0.0,13.16
2019-01-17 12:00:56,43.00333333333333,31.73,0.0,34.05,38.11,0.0,15.24
2019-01-17 13:00:56,39.29666666666667,31.74,28.435000000000002,37.2,44.94,0.0,13.88
2019-01-17 14:00:56,35.129999999999995,36.370000000000005,25.885,39.4,47.245,0.0,12.47
2019-01-17 15:00:56,30.296666666666667,27.455,22.295,40.205,45.355,0.0,12.53
2019-01-17 16:00:56,43.71666666666667,22.0,40.155,44.20000000000001,52.495,0.0,11.14
2019-01-17 17:00:56,49.98,18.345,36.095,43.97,48.82,0.0,11.56
2019-01-17 18:00:56,50.146666666666675,27.63,43.75,58.57,82.705,0.0,7.7
2019-01-17 19:00:56,71.59333333333333,38.455,68.185,77.84,137.66,0.0,3.68
2019-01-17 20:00:56,76.51333333333334,45.65,49.56,69.495,84.09,0.0,4.68
2019-01-17 21:00:56,74.82666666666667,43.88999999999999,38.73,73.94,103.64,0.0,4.17
2019-01-17 22:00:56,79.01,49.68,30.39,75.475,114.58,0.0,3.69
2019-01-17 23:00:56,81.02000000000001,53.98499999999999,32.47,75.415,112.02,0.0,3.72
2019-01-18 00:00:56,84.04,56.26,28.025000000000002,74.295,98.58,0.0,3.14
2019-01-18 01:00:56,77.47666666666666,58.835,23.11,75.4,100.575,0.0,2.91
2019-01-18 02:00:56,70.5,55.28,17.419999999999998,64.42,69.185,0.0,5.59
2019-01-18 03:00:56,60.76,47.9,18.209999999999997,58.41,64.34,0.0,6.51
2019-01-18 04:00:56,55.42333333333333,37.67,15.625,59.81,65.92,0.0,6.48
2019-01-18 05:00:56,49.93333333333334,34.34,11.705,51.66,53.85,0.0,8.12
2019-01-18 06:00:56,42.03666666666667,32.74,9.104999999999999,42.525,43.41,0.0,10.25
2019-01-18 07:00:56,38.68,30.12,8.535,51.065,55.26,0.0,7.46
2019-01-18 08:00:56,45.406666666666666,25.14,11.65,61.419999999999995,87.045,0.0,5.26
2019-01-18 09:00:56,68.06,40.49,19.555,77.2,144.31,0.0,3.78
2019-01-18 10:00:56,103.83,60.794999999999995,38.565,74.435,120.325,0.0,3.63
2019-01-18 11:00:56,148.75,77.54,72.405,57.51,67.445,0.0,7.74
2019-01-18 12:00:56,155.61666666666667,73.345,65.79,58.34,70.275,0.0,5.1
2019-01-18 13:00:56,158.42,61.135,74.41,57.745,68.035,0.0,7.65
2019-01-18 14:00:56,154.72666666666666,55.82,63.725,57.16,66.885,0.0,7.87
2019-01-18 15:00:56,152.02,50.65,35.485,45.07,49.44,0.0,11.17
2019-01-18 16:00:56,108.21666666666667,42.015,25.985,41.89,46.685,0.0,12.4
2019-01-18 17:00:56,82.07000000000001,33.185,19.725,43.0,47.745,0.0,11.2
2019-01-18 18:00:56,81.65,27.399999999999995,18.55,42.67499999999999,46.975,0.0,11.44
2019-01-18 19:00:56,82.51333333333334,28.599999999999998,21.965,40.76,44.065,0.0,12.59
2019-01-18 20:00:56,77.89333333333333,31.155,25.98,40.93,44.34,0.0,12.37
2019-01-18 21:00:56,68.28,34.419999999999995,28.64,36.675,38.525,0.0,13.66
2019-01-18 22:00:56,61.17,30.929999999999996,23.875,36.44,38.825,0.0,13.76
2019-01-18 23:00:56,60.29666666666667,23.22,25.77,34.325,35.95,0.0,14.27
2019-01-19 00:00:56,52.833333333333336,24.47,24.385,33.025,34.26,0.0,14.74
2019-01-19 01:00:56,54.69,27.965,19.95,29.45,30.149999999999995,0.0,16.85
2019-01-19 02:00:56,44.49333333333334,23.97,15.479999999999999,26.41,26.815,0.0,19.3
2019-01-19 03:00:56,31.493333333333332,18.8,17.62,25.06,25.485,0.0,29.23
2019-01-19 04:00:56,27.483333333333334,18.1,16.575000000000003,23.94,24.320000000000004,0.0,26.78
2019-01-19 05:00:56,33.553333333333335,15.24,14.57,24.095,24.615,0.0,17.71
2019-01-19 06:00:56,35.67666666666667,16.645,13.04,23.42,23.765,0.0,18.36
2019-01-19 07:00:56,26.72,4.025,12.589999999999998,24.245,24.605,0.0,18.45
2019-01-19 08:00:56,24.92,7.140000000000001,13.93,27.535,28.295,0.0,17.65
2019-01-19 09:00:56,37.61666666666667,18.885,15.354999999999999,33.175,34.85,0.0,15.03
2019-01-19 10:00:56,48.31999999999999,17.035,16.285,31.8,33.275,0.0,15.29
2019-01-19 11:00:56,53.1,21.14,19.775000000000002,33.275,35.105,0.0,15.96
2019-01-19 12:00:56,64.76,28.47,42.915,32.075,33.99,0.0,16.37
2019-01-19 13:00:56,74.39333333333333,30.825,29.305000000000003,36.555,40.44,0.0,13.24
2019-01-19 14:00:56,81.15333333333334,28.679999999999996,23.95,40.69,46.02,0.0,11.97
2019-01-19 15:00:56,91.00666666666666,28.465,24.42,38.32,42.64,0.0,12.51
2019-01-19 16:00:56,84.42999999999999,31.885,20.865,40.87,46.275,0.0,14.3
2019-01-19 17:00:56,79.24666666666667,34.39,26.599999999999998,49.56,60.66,0.0,11.0
2019-01-19 18:00:56,95.89,35.195,27.065,50.74,56.70000000000001,0.0,8.51
2019-01-19 19:00:56,122.01666666666665,42.715,27.820000000000004,51.56,62.29,0.0,10.8
2019-01-19 20:00:56,122.44,42.065,23.025000000000002,57.39000000000001,70.605,0.0,23.63
2019-01-19 21:00:56,105.23333333333333,48.699999999999996,35.370000000000005,47.73,55.565,0.0,19.58
2019-01-19 22:00:56,98.85,51.26500000000001,31.255,43.42499999999999,46.81,0.0,22.4
2019-01-19 23:00:56,87.29666666666667,53.775,30.155,51.20000000000001,56.34,0.0,17.91
2019-01-20 00:00:56,102.98333333333333,53.26,30.845,49.94,54.385,0.0,7.84
2019-01-20 01:00:56,91.06,43.725,25.63,44.73,48.505,0.0,12.69
2019-01-20 02:00:56,81.48333333333333,37.544999999999995,19.685,48.22,54.0,0.0,19.62
2019-01-20 03:00:56,71.29333333333334,33.46,18.32,49.755,53.495,0.0,27.79
2019-01-20 04:00:56,74.99000000000001,41.14,19.315,47.82500000000001,50.18,0.0,17.28
2019-01-20 05:00:56,75.87666666666667,43.54999999999999,12.950000000000001,41.43,43.505,0.0,19.09
2019-01-20 06:00:56,67.69333333333333,46.725,12.045,44.04999999999999,47.905,0.0,22.27
2019-01-20 07:00:56,64.49666666666667,50.02,12.81,41.195,42.41,0.0,19.04
2019-01-20 08:00:56,64.03333333333333,47.085,13.495,46.20000000000001,52.495,0.0,19.73
2019-01-20 09:00:56,74.36333333333334,45.18,16.830000000000002,50.07,65.44,0.0,17.14
2019-01-20 10:00:56,88.70333333333333,51.94,30.48,55.48,71.19,0.0,17.92
2019-01-20 11:00:56,96.97,57.865,63.595,54.16,67.105,0.0,23.85
2019-01-20 12:00:56,110.6,66.54,66.93,54.945,65.205,0.0,20.0
2019-01-20 13:00:56,120.64666666666668,62.85,64.085,45.435,50.145,0.0,22.74
2019-01-20 14:00:56,124.96000000000001,49.03,40.199999999999996,35.925,38.44,0.0,25.91
2019-01-20 15:00:56,88.59666666666668,42.95000000000001,33.22,32.045,34.555,0.0,24.23
2019-01-20 16:00:56,76.34,30.995,36.515,33.94,38.645,0.0,28.01
2019-01-20 17:00:56,70.87333333333333,23.439999999999998,50.26500000000001,32.65,35.985,0.0,27.79
2019-01-20 18:00:56,201.32333333333332,30.405,40.175000000000004,40.685,44.535,0.0,24.75
2019-01-20 19:00:56,172.74333333333334,38.324999999999996,41.36,62.755,83.63,0.0,25.41
2019-01-20 20:00:56,215.66333333333333,44.9,44.294999999999995,78.575,147.275,0.0,21.67
2019-01-20 21:00:56,249.73333333333335,66.505,37.54,81.6,138.93,0.0,10.21
2019-01-20 22:00:56,229.62,88.74000000000001,36.214999999999996,76.915,121.3,0.0,16.0
2019-01-20 23:00:56,196.73666666666668,88.78000000000002,23.37,82.02,155.245,0.0,20.44
2019-01-21 00:00:56,198.48666666666668,105.52,23.709999999999997,85.96499999999999,184.94500000000002,0.0,19.3
2019-01-21 01:00:56,188.33666666666667,115.955,19.445,81.71,164.835,0.0,20.86
2019-01-21 02:00:56,181.74,110.105,18.405,79.055,157.16,0.0,22.23
2019-01-21 03:00:56,162.93,99.45,18.56,77.505,134.48,0.0,16.6
2019-01-21 04:00:56,126.47333333333333,85.605,14.040000000000001,71.66,104.305,0.0,18.24
2019-01-21 05:00:56,102.78666666666666,74.905,10.595,71.775,100.09999999999998,0.0,11.01
2019-01-21 06:00:56,90.06,61.53,9.26,72.39,96.765,0.0,15.98
2019-01-21 07:00:56,83.32,58.0,8.91,69.8,92.37,0.0,20.8
2019-01-21 08:00:56,80.26,55.99,13.845,78.92,139.18,0.0,21.87
2019-01-21 09:00:56,103.85,59.845,14.089999999999998,82.345,148.97,0.0,20.79
2019-01-21 10:00:56,146.76666666666665,78.75,45.18000000000001,90.085,173.295,0.0,20.8
2019-01-21 11:00:56,221.35333333333332,96.64,62.975,93.81,171.76,0.0,18.84
2019-01-21 12:00:56,247.50333333333333,118.77,68.12,84.455,126.385,0.0,19.79
2019-01-21 13:00:56,207.56,122.11500000000001,100.32,90.33,139.82,0.0,19.47
2019-01-21 14:00:56,203.68,121.995,127.26999999999998,94.065,133.25,0.0,14.0
2019-01-21 15:00:56,221.5533333333333,130.445,85.84499999999998,88.385,116.96499999999999,0.0,17.95
2019-01-21 16:00:56,229.37333333333333,116.315,83.965,77.57,98.28500000000001,0.0,15.12
2019-01-21 17:00:56,208.28,108.805,101.40000000000002,78.09,102.78500000000001,0.0,18.34
2019-01-21 18:00:56,239.72333333333333,117.14,100.925,83.535,126.94,0.0,21.43
2019-01-21 19:00:56,281.85,135.25,110.295,86.62,149.995,0.0,21.67
2019-01-21 20:00:56,300.25333333333333,134.28,110.375,86.13,141.765,0.0,21.4
2019-01-21 21:00:56,276.3933333333333,128.64,108.98,80.445,127.145,0.0,19.38
2019-01-21 22:00:56,241.37,139.68,83.99,75.36,109.18,0.0,23.1
2019-01-21 23:00:56,208.39,109.88,59.66499999999999,78.555,129.11,0.0,23.65
2019-01-22 00:00:56,178.72666666666666,93.75,28.120000000000005,67.355,81.58,0.0,19.69
2019-01-22 01:00:56,129.40333333333334,78.54,19.64,61.135,74.26,0.0,19.76
2019-01-22 02:00:56,104.46000000000001,64.085,17.215,63.85999999999999,71.4,0.0,21.13
2019-01-22 03:00:56,96.13666666666667,62.169999999999995,14.735,64.605,72.425,0.0,21.74
2019-01-22 04:00:56,83.22,55.724999999999994,14.44,57.97,60.6,0.0,22.71
2019-01-22 05:00:56,54.583333333333336,25.985,13.0,0.0,0.0,0.0,0.0
2019-01-22 06:00:56,56.766666666666666,21.13,10.424999999999999,0.0,0.0,0.0,0.0
2019-01-22 07:00:56,54.43666666666667,26.235,9.18,0.0,0.0,0.0,0.0
2019-01-22 08:00:56,52.44333333333333,20.195,8.7,0.0,0.0,0.0,0.0
2019-01-22 09:00:56,54.20333333333333,20.18,9.54,0.0,0.0,0.0,0.0
2019-01-22 10:00:56,66.69333333333333,23.05,13.765,0.0,0.0,0.0,0.0
2019-01-22 11:00:56,64.09,31.345,8.08,0.0,0.0,0.0,0.0
2019-01-22 12:00:56,79.42,47.64000000000001,11.094999999999999,0.0,0.0,0.0,0.0
2019-01-22 13:00:56,70.60666666666667,50.04,16.78,0.0,0.0,0.0,0.0
2019-01-22 14:00:56,68.18,47.35999999999999,34.92,0.0,0.0,0.0,0.0
2019-01-22 15:00:56,68.74666666666667,41.16,34.715,0.0,0.0,0.0,0.0
2019-01-22 16:00:56,61.156666666666666,39.02,32.19,0.0,0.0,0.0,0.0
2019-01-22 17:00:56,59.903333333333336,38.185,25.084999999999997,0.0,0.0,0.0,0.0
2019-01-22 18:00:56,65.62,37.545,13.74,0.0,0.0,0.0,0.0
2019-01-22 19:00:56,61.64333333333334,36.175,12.235,0.0,0.0,0.0,0.0
2019-01-22 20:00:56,58.24333333333333,38.01,13.195,0.0,0.0,0.0,0.0
2019-01-22 21:00:56,57.38666666666666,35.265,12.165,0.0,0.0,0.0,0.0
2019-01-22 22:00:56,49.93,31.215000000000003,10.145,0.0,0.0,0.0,0.0
2019-01-22 23:00:56,43.74666666666667,26.605,9.365,0.0,0.0,0.0,0.0
2019-01-23 00:00:56,38.22,22.26,9.45,0.0,0.0,0.0,0.0
2019-01-23 01:00:56,40.61,24.95,7.914999999999999,0.0,0.0,0.0,0.0
2019-01-23 02:00:56,48.38333333333333,29.435000000000002,7.09,0.0,0.0,0.0,0.0
2019-01-23 03:00:56,50.36666666666667,30.0,6.705000000000001,0.0,0.0,0.0,0.0
2019-01-23 04:00:56,47.57666666666666,24.76,5.82,0.0,0.0,0.0,0.0
2019-01-23 05:00:56,45.49333333333333,24.334999999999997,5.974999999999999,0.0,0.0,0.0,0.0
2019-01-23 06:00:56,44.71666666666667,22.254999999999995,5.780000000000001,0.0,0.0,0.0,0.0
2019-01-23 07:00:56,48.68666666666667,25.084999999999997,5.015,0.0,0.0,0.0,0.0
2019-01-23 08:00:56,47.21666666666667,21.89,4.705,0.0,0.0,0.0,0.0
2019-01-23 09:00:56,41.41,18.49,4.375,0.0,0.0,0.0,0.0
2019-01-23 10:00:56,104.62666666666667,16.21,14.185,109.325,140.165,0.0,22.85
2019-01-23 11:00:56,120.18333333333334,19.245,19.815,116.92,161.63,0.0,20.96
2019-01-23 12:00:56,137.71,20.835,31.61,118.795,165.165,0.0,19.91
2019-01-23 13:00:56,149.60333333333332,31.560000000000002,88.5,128.44,163.345,0.0,22.35
2019-01-23 14:00:56,179.11,41.325,73.54,123.92,136.75,0.0,29.35
2019-01-23 15:00:56,169.57333333333332,45.565,64.85,119.495,129.58,0.0,30.64
2019-01-23 16:00:56,130.03666666666666,34.435,53.68,105.495,107.7,0.0,29.9
2019-01-23 17:00:56,100.10666666666667,25.909999999999997,45.845,111.665,116.40000000000002,0.0,27.29
2019-01-23 18:00:56,104.17,18.715,38.095,135.87,170.11,0.0,22.7
2019-01-23 19:00:56,150.75,21.175,39.395,151.925,241.635,0.0,21.93
2019-01-23 20:00:56,204.51333333333332,27.25,37.425000000000004,149.76,222.33,0.0,22.88
2019-01-23 21:00:56,189.97333333333336,25.445000000000004,22.595,152.13,280.615,0.0,22.91
2019-01-23 22:00:56,164.44666666666666,28.165000000000003,19.235,154.085,330.815,0.0,22.73
2019-01-23 23:00:56,183.73333333333332,25.935000000000002,17.88,146.705,303.775,0.0,19.3
2019-01-24 00:00:56,179.39666666666665,22.429999999999996,16.175,141.495,294.04,0.0,20.42
2019-01-24 01:00:56,194.65333333333334,23.73,39.96,133.0,245.55499999999998,0.0,22.4
2019-01-24 02:00:56,195.60666666666665,21.325,17.865,132.69,220.17,0.0,25.56
2019-01-24 03:00:56,50.553333333333335,19.155,15.219999999999999,126.96999999999998,174.985,0.0,22.91
2019-01-24 04:00:56,47.446666666666665,20.68,15.485,127.245,175.93500000000003,0.0,23.56
2019-01-24 05:00:56,55.29333333333333,21.445000000000004,21.319999999999997,123.065,177.165,0.0,22.44
2019-01-24 06:00:56,254.61666666666667,20.255,15.354999999999999,123.36,181.5,0.0,20.84
2019-01-24 07:00:56,169.49666666666667,24.034999999999997,13.43,124.02,191.985,0.0,21.7
2019-01-24 08:00:56,129.77666666666667,20.935,14.785000000000002,135.865,233.5,0.0,22.49
2019-01-24 09:00:56,123.55666666666667,22.595,22.02,141.55,291.885,0.0,24.05
2019-01-24 10:00:56,150.45666666666668,20.92,48.915,143.215,258.465,0.0,20.6
2019-01-24 11:00:56,181.69666666666666,24.834999999999997,79.92500000000001,161.04,259.975,0.0,21.37
2019-01-24 12:00:56,208.97333333333333,21.165,86.38,160.845,226.645,0.0,26.8
2019-01-24 13:00:56,201.02333333333334,22.08,77.545,147.085,174.775,0.0,21.87
2019-01-24 14:00:56,167.81333333333333,24.274999999999995,53.635,132.73,143.13,0.0,23.31
2019-01-24 15:00:56,149.45333333333332,22.27,39.69,125.27,136.5,0.0,22.34
2019-01-24 16:00:56,152.23333333333335,15.615,37.39,120.245,130.28,0.0,28.57
2019-01-24 17:00:56,155.55,13.36,38.585,109.625,113.365,0.0,31.28
2019-01-24 18:00:56,167.65,13.07,56.755,136.29,163.805,0.0,24.65
2019-01-24 19:00:56,235.14,15.875,70.67500000000001,155.61,239.255,0.0,24.5
2019-01-24 20:00:56,328.1766666666667,23.024999999999995,106.245,154.19,226.32000000000002,0.0,22.89
2019-01-24 21:00:56,354.26666666666665,32.54,108.195,149.98,209.94500000000002,0.0,25.33
2019-01-24 22:00:56,353.93666666666667,35.305,76.15,148.355,187.585,0.0,23.02
2019-01-24 23:00:56,297.0566666666667,30.040000000000003,58.19,129.355,138.55,0.0,24.83
2019-01-25 00:00:56,222.48666666666668,20.955,43.095,106.58,107.645,0.0,34.08
2019-01-25 01:00:56,151.55333333333334,16.34,33.165,95.58999999999999,97.235,0.0,26.41
2019-01-25 02:00:56,117.60666666666667,16.31,43.285,101.79,105.495,0.0,22.26
2019-01-25 03:00:56,103.11,18.255,50.835,100.17,104.52,0.0,23.29
2019-01-25 04:00:56,96.12,18.61,46.5,100.89,103.505,0.0,21.85
2019-01-25 05:00:56,95.86,16.325,32.765,101.27500000000002,104.88,0.0,23.4
2019-01-25 06:00:56,98.13666666666666,15.975,26.985,102.77500000000002,108.68,0.0,21.04
2019-01-25 07:00:56,83.99666666666667,16.44,19.07,111.67,125.435,0.0,18.26
2019-01-25 08:00:56,75.44666666666667,12.375,21.355,130.905,172.275,0.0,15.93
2019-01-25 09:00:56,86.22333333333333,17.395,34.02,135.21,177.53,0.0,20.09
2019-01-25 10:00:56,99.77333333333333,26.135,39.395,132.63,162.05,0.0,16.93
2019-01-25 11:00:56,116.89,37.735,77.295,120.355,126.67,0.0,23.23
2019-01-25 12:00:56,134.69,42.705000000000005,83.425,48.645,54.025,0.0,22.84
2019-01-25 13:00:56,108.38333333333333,38.115,49.635,24.83,26.765,0.0,28.47
2019-01-25 14:00:56,61.84,31.86,40.830000000000005,24.925,26.77,0.0,27.83
2019-01-25 15:00:56,51.946666666666665,24.415000000000003,38.265,25.24,28.459999999999997,0.0,27.7
2019-01-25 16:00:56,49.83,14.5,37.94,22.495,24.06,0.0,26.43
2019-01-25 17:00:56,55.32,10.31,35.235,27.895,30.505,0.0,21.73
2019-01-25 18:00:56,78.09666666666666,13.160000000000002,30.36,40.515,54.72,0.0,19.57
2019-01-25 19:00:56,99.74666666666667,15.935000000000002,35.99,52.82,75.38,0.0,19.8
2019-01-25 20:00:56,116.93,17.049999999999997,38.175000000000004,63.84,113.585,0.0,19.76
2019-01-25 21:00:56,157.12,27.845,64.37,65.365,130.295,0.0,23.02
2019-01-25 22:00:56,196.16333333333333,48.52,66.0,71.19,176.005,0.0,20.1
2019-01-25 23:00:56,218.76333333333332,66.395,76.22,67.15,149.3,0.0,24.19
2019-01-26 00:00:56,215.79666666666665,70.59,60.105,63.28,132.51,0.0,20.71
2019-01-26 01:00:56,190.90666666666667,72.38499999999999,53.88999999999999,64.84,123.67,0.0,17.77
2019-01-26 02:00:56,176.95,68.895,47.31,60.145,90.06,0.0,21.97
2019-01-26 03:00:56,143.14333333333332,59.135,34.14,61.34,101.165,0.0,19.41
2019-01-26 04:00:56,127.45,60.254999999999995,45.955000000000005,50.9,65.925,0.0,17.95
2019-01-26 05:00:56,106.26666666666667,48.625,29.304999999999996,50.365,63.345,0.0,18.72
2019-01-26 06:00:56,90.65,37.875,31.25,52.655,70.215,0.0,18.78
2019-01-26 07:00:56,87.0,37.81,34.59,50.41,70.94,0.0,16.6
2019-01-26 08:00:56,61.623333333333335,37.1,24.635,62.715,117.53000000000002,0.0,21.36
2019-01-26 09:00:56,60.44333333333333,39.455,21.48,67.99,152.73,0.0,20.29
2019-01-26 10:00:56,73.63,42.949999999999996,27.209999999999997,76.635,189.77,0.0,21.86
2019-01-26 11:00:56,96.09666666666666,64.95,67.23,67.035,125.14,0.0,22.4
2019-01-26 12:00:56,111.46,62.65,79.66,47.07,59.72,0.0,21.27
2019-01-26 13:00:56,102.92666666666668,56.32500000000001,74.49,54.67499999999999,76.365,0.0,19.79
2019-01-26 14:00:56,107.04666666666667,45.31,59.655,35.245,37.985,0.0,24.07
2019-01-26 15:00:56,100.71333333333332,33.735,39.205,28.38,30.459999999999997,0.0,24.22
2019-01-26 16:00:56,87.48666666666666,26.965,32.59,26.0,28.19,0.0,25.19
2019-01-26 17:00:56,87.27,18.465,27.77,25.16,27.08,0.0,25.92
2019-01-26 18:00:56,89.61333333333334,15.385,31.215,26.355,28.895,0.0,23.66
2019-01-26 19:00:56,94.88333333333333,20.77,22.765,25.524999999999995,26.875,0.0,23.07
2019-01-26 20:00:56,88.03999999999999,19.88,17.905,34.335,40.235,0.0,23.47
2019-01-26 21:00:56,58.693333333333335,19.26,25.25,41.955,60.39000000000001,0.0,20.12
2019-01-26 22:00:56,48.266666666666666,19.985,38.155,56.345,90.5,0.0,17.68
2019-01-26 23:00:56,57.166666666666664,29.304999999999996,31.59,47.435,60.27,0.0,19.21
2019-01-27 00:00:56,56.02666666666667,25.135,36.935,53.580000000000005,74.95,0.0,18.9
2019-01-27 01:00:56,43.81,26.474999999999998,35.36,46.085,55.975,0.0,14.9
2019-01-27 02:00:56,47.666666666666664,22.865,21.435000000000002,50.79,66.59,0.0,14.71
2019-01-27 03:00:56,56.21666666666667,27.45,20.765,42.265,45.685,0.0,21.17
2019-01-27 04:00:56,56.06,27.400000000000002,21.224999999999998,29.88,31.005,0.0,29.03
2019-01-27 05:00:56,46.92666666666667,22.105,20.805,25.554999999999996,29.070000000000004,0.0,21.87
2019-01-27 06:00:56,42.95333333333333,16.27,13.69,19.345,19.75,0.0,24.06
2019-01-27 07:00:56,34.58,15.415000000000001,11.385,21.959999999999997,23.06,0.0,24.1
2019-01-27 08:00:56,31.906666666666666,11.700000000000001,10.21,27.425,30.325,0.0,19.33
2019-01-27 09:00:56,33.67,7.239999999999999,8.344999999999999,40.935,49.535,0.0,17.11
2019-01-27 10:00:56,42.873333333333335,14.01,20.650000000000002,31.274999999999995,34.875,0.0,22.91
2019-01-27 11:00:56,44.92666666666667,23.295,26.905,25.265,28.005,0.0,21.77
2019-01-27 12:00:56,47.07333333333333,18.335,33.805,22.959999999999997,24.715,0.0,24.16
2019-01-27 13:00:56,53.74,16.675,33.805,19.225,20.3,0.0,22.69
2019-01-27 14:00:56,69.9,19.685,24.16,20.71,21.72,0.0,26.42
2019-01-27 15:00:56,79.26333333333334,19.005,20.525000000000002,21.929999999999996,23.054999999999996,0.0,30.25
2019-01-27 16:00:56,87.17,15.315,19.495,23.735,24.7,0.0,28.03
2019-01-27 17:00:56,103.29333333333334,16.855,28.885,23.985,25.13,0.0,26.16
2019-01-27 18:00:56,109.46666666666665,22.66,23.955,26.48,28.245,0.0,23.87
2019-01-27 19:00:56,105.78,26.540000000000003,32.93,31.16,34.575,0.0,25.11
2019-01-27 20:00:56,114.22333333333333,27.25,37.050000000000004,34.37,39.865,0.0,18.67
2019-01-27 21:00:56,129.34,31.915000000000003,47.5,41.86,51.669999999999995,0.0,25.1
2019-01-27 22:00:56,145.67000000000002,31.775000000000002,61.49,41.075,50.255,0.0,22.49
2019-01-27 23:00:56,166.39666666666668,36.315,30.495,59.855,117.77,0.0,21.56
2019-01-28 00:00:56,197.47333333333336,43.645,42.585,62.535,111.48,0.0,21.64
2019-01-28 01:00:56,217.33,54.754999999999995,54.16,53.705000000000005,71.87,0.0,21.51
2019-01-28 02:00:56,180.81666666666666,51.865,43.73,47.195,59.115,0.0,17.61
2019-01-28 03:00:56,133.14999999999998,40.475,39.69,45.53,50.54,0.0,20.1
2019-01-28 04:00:56,123.53000000000002,37.385,32.125,41.905,47.555,0.0,21.77
2019-01-28 05:00:56,107.80333333333333,31.3,25.755,41.375,45.78,0.0,17.59
2019-01-28 06:00:56,96.33,25.195000000000004,24.14,38.81,44.794999999999995,0.0,18.01
2019-01-28 07:00:56,92.20333333333333,23.25,19.185,37.75,45.13,0.0,20.06
2019-01-28 08:00:56,98.42666666666666,29.535,17.045,47.20000000000001,92.605,0.0,16.46
2019-01-28 09:00:56,122.45666666666666,32.095,18.575000000000003,62.145,143.29,0.0,16.41
2019-01-28 10:00:56,139.00666666666666,43.53,52.68,64.215,120.83,0.0,15.06
2019-01-28 11:00:56,147.71333333333334,52.580000000000005,60.105,57.345,84.815,0.0,16.04
2019-01-28 12:00:56,137.2,52.1,45.65,38.85,44.155,0.0,20.04
2019-01-28 13:00:56,99.35666666666667,35.445,33.805,33.87,37.8,0.0,22.66
2019-01-28 14:00:56,82.02333333333334,26.084999999999997,24.995,29.38,32.255,0.0,22.63
2019-01-28 15:00:56,66.50666666666666,20.015,23.554999999999996,25.850000000000005,28.42,0.0,18.71
2019-01-28 16:00:56,58.330000000000005,12.865,24.194999999999997,26.245,30.304999999999996,0.0,20.03
2019-01-28 17:00:56,67.49,11.56,17.195,27.67,30.295,0.0,18.72
2019-01-28 18:00:56,71.45333333333333,10.21,15.18,28.02,30.540000000000003,0.0,19.13
2019-01-28 19:00:56,79.94,16.115,15.4,49.68,65.75,0.0,14.06
2019-01-28 20:00:56,145.50333333333333,26.765,24.849999999999998,60.055,92.7,0.0,16.46
2019-01-28 21:00:56,186.57333333333332,38.27,45.35,56.115,76.91,0.0,15.01
2019-01-28 22:00:56,165.16333333333333,43.580000000000005,41.83,52.76500000000001,72.7,0.0,18.08
2019-01-28 23:00:56,154.17666666666668,40.6,19.42,58.225,87.72499999999998,0.0,15.99
2019-01-29 00:00:56,151.82333333333332,45.39000000000001,15.270000000000001,62.18,113.15500000000002,0.0,16.27
2019-01-29 01:00:56,168.16,62.830000000000005,9.93,63.115,140.375,0.0,15.03
2019-01-29 02:00:56,172.69666666666666,82.78,8.36,61.23,124.485,0.0,15.01
2019-01-29 03:00:56,167.39666666666668,80.69,7.025000000000001,56.82500000000001,97.96999999999998,0.0,14.99
2019-01-29 04:00:56,135.55666666666667,76.335,6.114999999999999,56.84,86.71999999999998,0.0,15.12
2019-01-29 05:00:56,112.49,62.330000000000005,7.965,55.405,84.375,0.0,18.98
2019-01-29 06:00:56,102.28999999999999,47.605,6.96,52.965,78.925,0.0,16.84
2019-01-29 07:00:56,94.75999999999999,49.22,4.87,52.375,76.71,0.0,19.61
2019-01-29 08:00:56,95.69,48.215,5.09,65.26,146.435,0.0,15.01
2019-01-29 09:00:56,118.26,47.915,6.435,74.99,190.755,0.0,16.87
2019-01-29 10:00:56,166.68,64.535,31.645,93.16000000000001,236.80000000000004,0.0,23.12
2019-01-29 11:00:56,264.74333333333334,108.375,72.02,88.34999999999998,179.35,0.0,19.31
2019-01-29 12:00:56,305.3066666666667,123.03500000000001,63.145,49.79,65.445,0.0,27.76
2019-01-29 13:00:56,177.74666666666667,87.46999999999998,34.375,38.25,44.16,0.0,28.68
2019-01-29 14:00:56,115.23333333333333,49.755,24.245,30.459999999999997,32.53,0.0,24.2
2019-01-29 15:00:56,80.71666666666667,35.235,23.91,26.74,29.05,0.0,21.99
2019-01-29 16:00:56,64.04333333333334,28.155,21.63,22.86,25.22,0.0,18.65
2019-01-29 17:00:56,68.58333333333333,19.849999999999998,19.205,24.95,27.655,0.0,15.5
2019-01-29 18:00:56,86.54,13.685,29.695000000000004,27.62,29.915000000000003,0.0,18.02
2019-01-29 19:00:56,121.05333333333333,13.035000000000002,45.175000000000004,45.87,63.67499999999999,0.0,17.51
2019-01-29 20:00:56,186.56333333333333,25.545,41.035,61.715,107.59499999999998,0.0,15.91
2019-01-29 21:00:56,238.12333333333333,47.48,29.129999999999995,66.975,132.925,0.0,17.39
2019-01-29 22:00:56,244.98666666666668,57.39000000000001,31.169999999999998,66.535,113.915,0.0,21.22
2019-01-29 23:00:56,249.99666666666667,70.105,23.465,74.015,175.09,0.0,22.35
2019-01-30 00:00:56,245.99333333333334,93.55,21.81,70.305,194.76,0.0,23.02
2019-01-30 01:00:56,274.93333333333334,109.45,26.025000000000002,70.005,190.57499999999996,0.0,14.95
2019-01-30 02:00:56,269.89,109.83,20.02,64.97,151.425,0.0,20.08
2019-01-30 03:00:56,221.94333333333333,90.46499999999999,17.724999999999998,60.54,122.79,0.0,22.79
2019-01-30 04:00:56,184.84,76.575,17.965,57.385,118.455,0.0,24.39
2019-01-30 05:00:56,161.74,61.15,15.785000000000002,58.794999999999995,112.195,0.0,23.73
2019-01-30 06:00:56,143.81,57.61500000000001,16.07,58.15,82.52,0.0,19.09
2019-01-30 07:00:56,133.22666666666666,56.37,14.765,59.655,85.205,0.0,11.07
2019-01-30 08:00:56,131.74333333333334,48.41,20.43,69.88,120.765,0.0,12.71
2019-01-30 09:00:56,178.52999999999997,42.97,25.64,70.985,160.835,0.0,20.17
2019-01-30 10:00:56,264.33666666666664,57.71000000000001,65.11500000000001,83.84,192.17,0.0,23.3
2019-01-30 11:00:56,330.01666666666665,83.245,88.765,82.175,159.17,0.0,19.57
2019-01-30 12:00:56,330.37,86.805,70.58,67.33,86.58,0.0,17.83
2019-01-30 13:00:56,256.64,82.73,56.925000000000004,52.99,61.1,0.0,14.66
2019-01-30 14:00:56,195.74,66.46499999999999,54.135,43.14000000000001,48.14000000000001,0.0,20.21
2019-01-30 15:00:56,163.64,44.455000000000005,41.29,34.545,39.61,0.0,17.19
2019-01-30 16:00:56,146.87333333333333,26.724999999999998,33.46,34.92,38.11,0.0,19.67
2019-01-30 17:00:56,142.84333333333333,24.745000000000005,34.824999999999996,42.885,49.705000000000005,0.0,17.65
2019-01-30 18:00:56,170.08666666666667,24.86,43.544999999999995,58.915,94.32,0.0,13.02
2019-01-30 19:00:56,233.81,38.370000000000005,52.975,68.48,129.12,0.0,13.84
2019-01-30 20:00:56,261.08333333333337,39.53,79.675,59.91,88.505,0.0,11.5
2019-01-30 21:00:56,224.30333333333334,36.169999999999995,78.94,60.155,86.96,0.0,13.51
2019-01-30 22:00:56,189.86,28.765,63.94,50.565,60.975,0.0,18.77
2019-01-30 23:00:56,155.93666666666667,28.915000000000003,69.535,38.84,44.294999999999995,0.0,18.21
2019-01-31 00:00:56,125.36666666666667,27.084999999999997,52.68,54.025,74.32,0.0,14.09
2019-01-31 01:00:56,123.55000000000001,31.97,44.945,46.74,60.525,0.0,16.11
2019-01-31 02:00:56,103.38666666666666,25.3,31.570000000000004,23.584999999999997,24.755,0.0,19.97
2019-01-31 03:00:56,65.45,17.205,22.13,19.55,20.525,0.0,22.11
2019-01-31 04:00:56,38.35,13.450000000000001,16.315,15.655,16.075,0.0,23.78
2019-01-31 05:00:56,27.909999999999997,10.63,13.42,15.38,16.09,0.0,24.1
2019-01-31 06:00:56,25.313333333333333,7.1549999999999985,13.63,12.335,12.604999999999999,0.0,22.36
2019-01-31 07:00:56,25.1,9.455,12.29,20.22,22.2,0.0,22.36
2019-01-31 08:00:56,33.14,7.87,18.165,28.705,32.29,0.0,22.41
2019-01-31 09:00:56,79.65666666666667,6.5,30.930000000000003,45.19,62.02,0.0,19.08
2019-01-31 10:00:56,148.27666666666667,18.415,45.165,49.32500000000001,74.135,0.0,15.51
2019-01-31 11:00:56,150.69,26.385,36.275,37.88,43.42499999999999,0.0,20.92
2019-01-31 12:00:56,121.77666666666666,31.939999999999998,18.885,33.485,37.375,0.0,18.87
2019-01-31 13:00:56,110.37,37.64,33.205,22.605,24.765,0.0,22.89
2019-01-31 14:00:56,91.39333333333333,26.005,26.08,19.535,21.22,0.0,23.59
2019-01-31 15:00:56,89.5,14.204999999999998,21.25,17.75,18.61,0.0,24.52
2019-01-31 16:00:56,86.62333333333333,10.99,18.935,19.655,20.415,0.0,21.49
2019-01-31 17:00:56,74.66333333333333,8.34,19.42,26.14,28.035,0.0,17.53
2019-01-31 18:00:56,71.44666666666667,6.400000000000001,21.53,27.25,29.89,0.0,18.59
2019-01-31 19:00:56,60.11,18.505,34.98,47.29999999999999,75.775,0.0,16.17
2019-01-31 20:00:56,68.4,21.175,61.96,48.25,66.13,0.0,14.95
2019-01-31 21:00:56,81.25,17.145,46.39000000000001,27.44,29.355,0.0,21.03
2019-01-31 22:00:56,53.163333333333334,11.755,34.125,21.05,22.62,0.0,21.58
2019-01-31 23:00:56,38.62,11.065,30.689999999999998,19.78,21.08,0.0,21.34
2019-02-01 00:00:56,29.616666666666667,8.205,24.575,23.39,26.815,0.0,20.44
2019-02-01 01:00:56,24.463333333333335,7.280000000000001,21.84,18.825,20.715,0.0,22.29
2019-02-01 02:00:56,26.33,10.615,18.01,14.095,14.71,0.0,23.96
2019-02-01 03:00:56,24.606666666666666,10.06,13.0,11.985,12.31,0.0,26.31
2019-02-01 04:00:56,16.403333333333332,6.335000000000001,6.56,11.735,11.979999999999999,0.0,24.17
2019-02-01 05:00:56,11.81,6.43,7.055,12.665,13.03,0.0,23.77
2019-02-01 06:00:56,9.25,5.645,8.03,12.49,12.85,0.0,26.99
2019-02-01 07:00:56,9.013333333333334,2.18,11.784999999999998,13.61,14.07,0.0,22.82
2019-02-01 08:00:56,13.486666666666666,6.405,13.775,18.395,19.23,0.0,24.15
2019-02-01 09:00:56,13.993333333333334,5.605,20.459999999999997,21.425,22.72,0.0,21.93
2019-02-01 10:00:56,18.73,7.34,21.505,21.245,22.615,0.0,27.55
2019-02-01 11:00:56,21.786666666666665,13.43,22.56,17.21,18.44,0.0,26.71
2019-02-01 12:00:56,28.32,15.785000000000002,26.560000000000002,17.505,18.445,0.0,28.16
2019-02-01 13:00:56,30.766666666666666,15.83,22.689999999999998,23.02,23.92,0.0,23.66
2019-02-01 14:00:56,27.99,12.094999999999999,20.950000000000003,27.885,29.554999999999996,0.0,21.25
2019-02-01 15:00:56,25.813333333333333,10.935,19.025000000000002,30.215,32.345,0.0,19.1
2019-02-01 16:00:56,25.78333333333333,12.549999999999999,17.035,25.87,27.745,0.0,23.57
2019-02-01 17:00:56,27.23,10.765,15.14,24.795,26.88,0.0,22.05
2019-02-01 18:00:56,24.196666666666665,8.145,17.47,25.274999999999995,27.015,0.0,22.35
2019-02-01 19:00:56,30.27,10.049999999999999,19.395,31.015,33.85,0.0,22.38
2019-02-01 20:00:56,29.816666666666666,14.64,19.474999999999998,31.785,34.265,0.0,25.08
2019-02-01 21:00:56,32.016666666666666,15.155000000000001,17.075,28.195000000000004,29.755,0.0,21.83
2019-02-01 22:00:56,30.26,16.87,19.07,25.925,27.015,0.0,21.71
2019-02-01 23:00:56,32.269999999999996,16.795,20.075,24.61,25.425,0.0,33.06
2019-02-02 00:00:56,28.386666666666667,14.755,15.39,23.965,24.7,0.0,28.48
2019-02-02 01:00:56,26.473333333333333,11.965000000000002,15.375,23.285,24.48,0.0,28.68
2019-02-02 02:00:56,20.106666666666666,11.729999999999999,14.884999999999998,20.46,21.09,0.0,30.4
2019-02-02 03:00:56,12.223333333333333,9.335,18.68,20.855,21.8,0.0,24.93
2019-02-02 04:00:56,15.623333333333333,2.74,19.945,18.8,19.185,0.0,31.33
2019-02-02 05:00:56,21.006666666666668,8.16,18.55,17.745,18.02,0.0,26.43
2019-02-02 06:00:56,23.486666666666668,8.815,17.07,22.429999999999996,23.225000000000005,0.0,25.71
2019-02-02 07:00:56,23.573333333333334,11.125,14.635,33.555,38.575,0.0,23.35
2019-02-02 08:00:56,30.936666666666667,14.28,14.56,52.335,75.51,0.0,24.37
2019-02-02 09:00:56,32.29666666666667,18.825,23.224999999999998,50.275,63.72,0.0,20.09
2019-02-02 10:00:56,38.013333333333335,21.625,35.980000000000004,61.9,92.41000000000001,0.0,20.9
2019-02-02 11:00:56,47.94,34.575,54.91,56.04,76.965,0.0,22.64
2019-02-02 12:00:56,50.086666666666666,32.745000000000005,45.5,35.68,38.675,0.0,27.13
2019-02-02 13:00:56,49.72,25.325,38.54,29.540000000000003,31.825,0.0,27.47
2019-02-02 14:00:56,52.45666666666666,23.015,23.09,27.725000000000005,30.92,0.0,29.23
2019-02-02 15:00:56,47.03,16.055,19.195,29.27,33.285,0.0,25.26
2019-02-02 16:00:56,51.23666666666667,9.21,24.145,32.655,36.43,0.0,18.09
2019-02-02 17:00:56,65.46333333333334,9.545,14.174999999999999,28.290000000000003,30.26,0.0,22.62
2019-02-02 18:00:56,67.06666666666666,13.255,13.285000000000002,32.62,35.44,0.0,19.63
2019-02-02 19:00:56,69.31,20.0,26.455,44.544999999999995,56.56,0.0,15.42
2019-02-02 20:00:56,114.74,21.415000000000003,45.335,70.805,139.15,0.0,12.63
2019-02-02 21:00:56,203.89666666666668,47.665,53.065,66.615,92.79,0.0,24.43
2019-02-02 22:00:56,199.11,63.695,36.765,78.67,175.265,0.0,20.34
2019-02-02 23:00:56,221.93333333333334,66.79,35.065,78.495,186.51,0.0,22.06
2019-02-03 00:00:56,257.26,80.335,33.199999999999996,75.89,167.465,0.0,19.63
2019-02-03 01:00:56,228.89333333333332,83.295,21.645,71.0,153.225,0.0,21.44
2019-02-03 02:00:56,203.23,74.89999999999999,19.03,67.465,116.38,0.0,17.45
2019-02-03 03:00:56,176.99333333333334,59.645,20.715,68.36,124.51,0.0,19.9
2019-02-03 04:00:56,178.81,60.815,18.385,61.645,96.71,0.0,17.05
2019-02-03 05:00:56,143.96666666666667,51.435,13.25,60.15,83.765,0.0,17.63
2019-02-03 06:00:56,107.95333333333333,43.085,10.775,59.29,81.09,0.0,19.53
2019-02-03 07:00:56,99.68,40.73,10.36,59.21,85.635,0.0,17.46
2019-02-03 08:00:56,115.19,35.23,9.605,59.585,90.23,0.0,15.12
2019-02-03 09:00:56,114.29,38.9,10.485,65.05,111.44,0.0,18.81
2019-02-03 10:00:56,122.77,43.99,57.51500000000001,68.365,108.13,0.0,17.39
2019-02-03 11:00:56,135.19666666666666,55.10999999999999,74.605,68.755,86.645,0.0,19.42
2019-02-03 12:00:56,142.56666666666666,61.03,67.585,49.44,54.54,0.0,23.19
2019-02-03 13:00:56,129.32333333333332,46.055,51.99,38.11,42.28,0.0,26.68
2019-02-03 14:00:56,100.54,34.425000000000004,27.849999999999998,36.5,40.855,0.0,22.86
2019-02-03 15:00:56,69.32333333333334,22.205,23.150000000000002,30.245,32.65,0.0,23.63
2019-02-03 16:00:56,55.379999999999995,13.93,15.270000000000001,30.095,33.495,0.0,21.86
2019-02-03 17:00:56,52.416666666666664,10.25,11.62,28.985,31.515,0.0,22.88
2019-02-03 18:00:56,53.56999999999999,7.564999999999999,19.51,32.28,35.7,0.0,19.97
2019-02-03 19:00:56,68.17333333333333,8.674999999999999,35.129999999999995,41.5,51.48,0.0,18.48
2019-02-03 20:00:56,110.58333333333334,20.395,48.375,58.625,91.38,0.0,17.04
2019-02-03 21:00:56,198.9466666666667,37.905,80.01,71.32,135.785,0.0,17.07
2019-02-03 22:00:56,236.45,53.550000000000004,57.23499999999999,72.96,136.265,0.0,16.99
2019-02-03 23:00:56,254.10666666666668,59.06,35.85,77.125,170.735,0.0,14.44
2019-02-04 00:00:56,241.66333333333336,62.6,25.709999999999997,79.23,191.18999999999997,0.0,14.99
2019-02-04 01:00:56,228.38333333333333,73.62,23.685000000000002,69.435,140.09,0.0,15.34
2019-02-04 02:00:56,196.10666666666665,80.885,18.365,68.775,155.43,0.0,15.41
2019-02-04 03:00:56,179.84,81.82,17.97,65.585,127.735,0.0,16.16
2019-02-04 04:00:56,157.94666666666666,62.574999999999996,14.76,62.38,94.135,0.0,14.77
2019-02-04 05:00:56,120.51333333333334,44.879999999999995,9.76,59.105,75.16,0.0,15.68
2019-02-04 06:00:56,97.37666666666667,36.84,7.7799999999999985,58.305,82.655,0.0,17.3
2019-02-04 07:00:56,85.06666666666666,36.07,5.08,60.53,93.375,0.0,15.68
2019-02-04 08:00:56,92.70666666666666,7.105,7.565,75.91,178.98,0.0,15.12
2019-02-04 09:00:56,157.28666666666666,11.824999999999998,19.16,82.325,193.69999999999996,0.0,14.57
2019-02-04 10:00:56,216.84333333333333,14.689999999999998,79.88499999999999,83.495,146.09,0.0,16.13
2019-02-04 11:00:56,230.25333333333333,17.25,74.165,84.57,114.145,0.0,19.83
2019-02-04 12:00:56,226.45333333333335,23.24,58.919999999999995,79.29,94.91000000000001,0.0,16.38
2019-02-04 13:00:56,215.38333333333333,23.47,45.199999999999996,0.0,0.0,0.0,20.74
2019-02-04 14:00:56,126.33666666666667,17.05,49.855,0.0,0.0,0.0,0.0
2019-02-04 15:00:56,129.37666666666667,13.665,38.28,0.0,0.0,0.0,0.0
2019-02-04 16:00:56,103.74666666666667,8.265,26.49,0.0,0.0,0.0,0.0
2019-02-04 17:00:56,100.29,12.15,19.505,0.0,0.0,0.0,0.0
2019-02-04 18:00:56,80.83666666666667,11.270000000000001,29.285,0.0,0.0,0.0,0.0
2019-02-04 19:00:56,179.5666666666667,19.945,57.375,0.0,0.0,0.0,0.0
2019-02-04 20:00:56,299.83666666666664,28.754999999999995,45.56999999999999,0.0,0.0,0.0,0.0
2019-02-04 21:00:56,255.8633333333333,29.075,37.31,0.0,0.0,0.0,0.0
2019-02-04 22:00:56,185.66,23.08,38.925,0.0,0.0,0.0,0.0
2019-02-04 23:00:56,135.75,21.7,25.34,0.0,0.0,0.0,0.0
2019-02-05 00:00:56,122.37666666666667,19.5,19.52,0.0,0.0,0.0,0.0
2019-02-05 01:00:56,95.04,16.665,19.245,0.0,0.0,0.0,0.0
2019-02-05 02:00:56,74.07666666666665,19.38,15.435000000000002,0.0,0.0,0.0,0.0
2019-02-05 03:00:56,61.28666666666666,13.435000000000002,16.79,0.0,0.0,0.0,0.0
2019-02-05 04:00:56,61.986666666666665,10.25,9.875,0.0,0.0,0.0,0.0
2019-02-05 05:00:56,49.02333333333333,13.24,9.354999999999999,0.0,0.0,0.0,0.0
2019-02-05 06:00:56,45.53333333333333,14.344999999999999,7.765000000000001,0.0,0.0,0.0,0.0
2019-02-05 07:00:56,39.266666666666666,12.170000000000002,7.69,0.0,0.0,0.0,0.0
2019-02-05 08:00:56,48.24,11.615,8.455,0.0,0.0,0.0,0.0
2019-02-05 09:00:56,57.27,11.85,9.93,0.0,0.0,0.0,0.0
2019-02-05 10:00:56,85.34333333333333,12.604999999999999,64.915,0.0,0.0,0.0,0.0
2019-02-05 11:00:56,137.76333333333332,21.05,101.945,0.0,0.0,0.0,0.0
2019-02-05 12:00:56,139.15333333333334,35.885,77.56,0.0,0.0,0.0,0.0
2019-02-05 13:00:56,141.87666666666667,40.85,26.879999999999995,0.0,0.0,0.0,0.0
2019-02-05 14:00:56,129.80666666666667,32.46,53.53,0.0,0.0,0.0,0.0
2019-02-05 15:00:56,105.69999999999999,18.65,36.775,0.0,0.0,0.0,0.0
2019-02-05 16:00:56,71.53,13.339999999999998,28.955,0.0,0.0,0.0,0.0
2019-02-05 17:00:56,62.55666666666667,8.77,28.24,0.0,0.0,0.0,0.0
2019-02-05 18:00:56,69.55,6.890000000000001,37.1,0.0,0.0,0.0,0.0
2019-02-05 19:00:56,122.96333333333332,13.88,55.745000000000005,0.0,0.0,0.0,0.0
2019-02-05 20:00:56,191.32666666666668,22.929999999999996,73.58,0.0,0.0,0.0,0.0
2019-02-05 21:00:56,157.04999999999998,15.979999999999999,97.325,0.0,0.0,0.0,0.0
2019-02-05 22:00:56,174.74666666666667,13.21,64.23,0.0,0.0,0.0,0.0
2019-02-05 23:00:56,145.13,13.82,56.02,0.0,0.0,0.0,0.0
2019-02-06 00:00:56,118.04,10.745,101.00999999999999,0.0,0.0,0.0,0.0
2019-02-06 01:00:56,136.78333333333333,15.310000000000002,85.165,0.0,0.0,0.0,0.0
2019-02-06 02:00:56,118.73666666666668,19.14,63.85999999999999,0.0,0.0,0.0,0.0
2019-02-06 03:00:56,92.87,19.735,39.65,0.0,0.0,0.0,0.0
2019-02-06 04:00:56,70.86333333333334,19.99,50.135,0.0,0.0,0.0,0.0
2019-02-06 05:00:56,69.67666666666666,13.865,40.32,0.0,0.0,0.0,0.0
2019-02-06 06:00:56,53.78666666666666,9.51,31.55,0.0,0.0,0.0,0.0
2019-02-06 07:00:56,48.10999999999999,12.219999999999999,39.09,0.0,0.0,0.0,0.0
2019-02-06 08:00:56,66.87666666666667,11.195,41.35,0.0,0.0,0.0,0.0
2019-02-06 09:00:56,89.55000000000001,14.39,58.26,0.0,0.0,0.0,0.0
2019-02-06 10:00:56,148.73333333333332,19.29,77.69999999999999,0.0,0.0,0.0,0.0
2019-02-06 11:00:56,207.2,27.925,81.68,0.0,0.0,0.0,0.0
2019-02-06 12:00:56,194.54666666666665,37.81,56.99,61.18,166.29,0.0,22.38
2019-02-06 13:00:56,283.71000000000004,111.28000000000002,59.199999999999996,66.88,144.11,0.0,14.05
2019-02-06 14:00:56,282.1066666666667,135.155,50.165,71.125,124.115,0.0,13.82
2019-02-06 15:00:56,205.77666666666667,112.44,66.085,66.195,93.68,0.0,16.4
2019-02-06 16:00:56,137.84,85.89,70.94,66.07,87.62,0.0,14.76
2019-02-06 17:00:56,104.12333333333333,59.395,60.04999999999999,67.805,88.515,0.0,13.74
2019-02-06 18:00:56,88.07000000000001,53.919999999999995,42.365,71.655,101.41000000000001,0.0,16.31
2019-02-06 19:00:56,80.22666666666666,45.48,31.995,73.66,119.42,0.0,15.22
2019-02-06 20:00:56,94.93666666666667,54.905,70.395,69.58,110.11,0.0,14.4
2019-02-06 21:00:56,122.55000000000001,63.98,73.825,64.145,96.65500000000002,0.0,14.78
2019-02-06 22:00:56,118.23333333333333,65.75,63.169999999999995,67.735,115.84999999999998,0.0,13.88
2019-02-06 23:00:56,130.1,75.47,64.205,67.39,122.83,0.0,15.07
2019-02-07 00:00:56,131.26666666666665,71.845,65.365,70.675,130.865,0.0,16.0
2019-02-07 01:00:56,132.18333333333334,74.48,81.145,67.235,113.79,0.0,15.56
2019-02-07 02:00:56,139.55666666666667,81.21000000000001,51.080000000000005,61.955000000000005,95.28500000000001,0.0,16.79
2019-02-07 03:00:56,124.25666666666666,69.61500000000001,25.34,53.85,65.52,0.0,16.75
2019-02-07 04:00:56,101.47999999999999,52.625,22.435000000000002,55.73,79.915,0.0,16.34
2019-02-07 05:00:56,95.64,57.915,17.375,51.53,65.83,0.0,15.35
2019-02-07 06:00:56,88.05333333333333,57.089999999999996,12.545,46.60999999999999,53.665,0.0,17.96
2019-02-07 07:00:56,82.48333333333333,49.495,11.275,43.78,50.215,0.0,16.48
2019-02-07 08:00:56,88.35333333333334,46.620000000000005,12.075000000000001,48.0,61.095,0.0,17.51
2019-02-07 09:00:56,87.12333333333333,46.935,11.63,56.845,90.105,0.0,17.1
2019-02-07 10:00:56,71.15666666666667,37.61000000000001,11.87,57.23,81.87,0.0,16.73
2019-02-07 11:00:56,73.52333333333334,44.195,14.36,62.17499999999999,87.295,0.0,14.61
2019-02-07 12:00:56,58.666666666666664,35.78,25.53,50.42499999999999,59.135,0.0,16.6
2019-02-07 13:00:56,36.77,26.45,22.16,50.895,60.73499999999999,0.0,15.38
2019-02-07 14:00:56,31.36,17.985,20.575,45.335,50.41,0.0,19.0
2019-02-07 15:00:56,25.71,17.805,18.465,43.47,52.335,0.0,18.04
2019-02-07 16:00:56,20.046666666666667,11.37,15.68,44.445,53.345,0.0,16.93
2019-02-07 17:00:56,18.28,11.03,26.89,46.77,58.57,0.0,17.39
2019-02-07 18:00:56,26.78333333333333,12.685,26.0,46.285,53.75,0.0,18.7
2019-02-07 19:00:56,30.936666666666667,13.75,32.145,52.285,66.835,0.0,17.05
2019-02-07 20:00:56,37.28666666666667,28.955,32.095,48.42499999999999,60.85,0.0,16.4
2019-02-07 21:00:56,42.25666666666667,20.415,28.03,43.185,50.46,0.0,18.52
2019-02-07 22:00:56,44.45,14.550000000000002,26.325000000000003,45.4,53.65,0.0,18.09
2019-02-07 23:00:56,43.18,16.275,19.675,47.435,53.99,0.0,15.37
2019-02-08 00:00:56,47.24666666666667,33.075,18.084999999999997,48.37,61.365,0.0,15.71
2019-02-08 01:00:56,55.263333333333335,39.13,16.85,46.965,55.465,0.0,17.35
2019-02-08 02:00:56,50.016666666666666,38.11,10.825000000000001,46.76500000000001,52.52,0.0,17.39
2019-02-08 03:00:56,44.733333333333334,30.395,8.274999999999999,41.225,44.14000000000001,0.0,19.73
2019-02-08 04:00:56,42.70333333333333,33.325,8.08,39.89,43.24,0.0,18.45
2019-02-08 05:00:56,36.24333333333333,21.64,6.56,34.525,37.585,0.0,18.11
2019-02-08 06:00:56,25.19333333333333,13.479999999999999,6.005,37.975,40.59,0.0,19.13
2019-02-08 07:00:56,27.983333333333334,16.605,7.03,43.75,53.84,0.0,18.29
2019-02-08 08:00:56,33.38666666666666,18.75,7.890000000000001,62.215,96.78500000000001,0.0,16.91
2019-02-08 09:00:56,44.28,20.37,10.13,65.08,110.22499999999998,0.0,15.68
2019-02-08 10:00:56,58.06999999999999,35.12,11.08,68.835,108.415,0.0,18.89
2019-02-08 11:00:56,57.11333333333334,38.605,28.919999999999998,61.57,81.385,0.0,18.9
2019-02-08 12:00:56,48.56,28.8,37.825,52.24,60.32500000000001,0.0,21.53
2019-02-08 13:00:56,43.29,13.795000000000002,42.925000000000004,40.83,44.305,0.0,22.32
2019-02-08 14:00:56,45.79333333333333,21.605,30.929999999999996,32.675,34.955,0.0,24.5
2019-02-08 15:00:56,49.54666666666667,12.905000000000001,28.53,26.959999999999997,29.12,0.0,22.86
2019-02-08 16:00:56,51.09,8.2,23.650000000000002,31.58,35.24,0.0,25.52
2019-02-08 17:00:56,63.343333333333334,7.77,16.575,38.005,45.15,0.0,18.5
2019-02-08 18:00:56,74.63333333333334,9.545,23.705,38.955,45.17499999999999,0.0,20.02
2019-02-08 19:00:56,65.23333333333333,17.105,20.405,40.825,47.385,0.0,20.68
2019-02-08 20:00:56,61.18333333333334,14.88,15.674999999999999,38.56,43.03,0.0,20.69
2019-02-08 21:00:56,58.35666666666666,10.765,31.17,39.43,43.26500000000001,0.0,19.51
2019-02-08 22:00:56,65.77,7.3,39.065,47.995,66.175,0.0,17.41
2019-02-08 23:00:56,82.82666666666667,5.739999999999999,24.45,58.544999999999995,89.755,0.0,15.9
2019-02-09 00:00:56,104.54666666666668,14.185000000000002,23.179999999999996,55.794999999999995,78.835,0.0,15.39
2019-02-09 01:00:56,110.06333333333333,20.31,20.765,51.78,60.755,0.0,18.17
2019-02-09 02:00:56,88.31333333333333,13.579999999999998,16.044999999999998,39.285,42.61,0.0,20.6
2019-02-09 03:00:56,66.69666666666666,10.145,13.82,34.18,36.4,0.0,18.18
2019-02-09 04:00:56,54.46666666666667,10.829999999999998,11.485,31.735,32.82,0.0,21.3
2019-02-09 05:00:56,44.31666666666666,7.405000000000001,8.87,29.39,31.67,0.0,18.3
2019-02-09 06:00:56,35.67333333333333,11.86,7.960000000000001,24.015,24.905,0.0,22.57
2019-02-09 07:00:56,31.67,10.725,7.16,23.429999999999996,25.075,0.0,21.65
2019-02-09 08:00:56,23.810000000000002,10.755,7.29,30.745,35.615,0.0,18.39
2019-02-09 09:00:56,21.106666666666666,11.255,7.155000000000001,37.23,46.065,0.0,16.88
2019-02-09 10:00:56,24.566666666666666,9.86,11.674999999999999,31.595,36.79,0.0,20.33
2019-02-09 11:00:56,27.116666666666664,8.39,18.080000000000002,36.87,46.965,0.0,18.37
2019-02-09 12:00:56,28.07333333333333,5.2,22.365,31.98,36.76,0.0,21.15
2019-02-09 13:00:56,30.476666666666667,3.17,22.39,32.375,38.475,0.0,19.08
2019-02-09 14:00:56,35.14333333333333,3.9599999999999995,20.435,33.515,39.935,0.0,17.96
2019-02-09 15:00:56,38.56,10.07,26.575,32.495,38.035,0.0,20.73
2019-02-09 16:00:56,47.133333333333326,10.255,19.99,37.79,46.535,0.0,19.18
2019-02-09 17:00:56,59.19,6.135000000000001,24.645,35.585,40.62,0.0,20.54
2019-02-09 18:00:56,65.84333333333333,3.9,19.045,37.525,44.355,0.0,22.33
2019-02-09 19:00:56,58.2,3.53,19.25,36.88,42.475,0.0,23.97
2019-02-09 20:00:56,57.4,8.81,16.34,35.75,43.34,0.0,17.85
2019-02-09 21:00:56,53.23,12.094999999999999,15.064999999999998,31.955,36.26,0.0,20.13
2019-02-09 22:00:56,40.92666666666666,8.45,16.61,29.36,32.395,0.0,23.28
2019-02-09 23:00:56,35.943333333333335,5.900000000000001,18.125,27.55,30.06,0.0,24.81
2019-02-10 00:00:56,33.51,4.795,17.01,29.02,32.22,0.0,21.17
2019-02-10 01:00:56,32.800000000000004,10.135,16.715,30.395,34.945,0.0,24.04
2019-02-10 02:00:56,23.47,7.765000000000001,14.765,24.47,25.81,0.0,21.49
2019-02-10 03:00:56,16.466666666666665,4.11,14.5,22.054999999999996,22.955,0.0,21.86
2019-02-10 04:00:56,16.726666666666667,4.475,15.75,20.525,20.81,0.0,27.2
2019-02-10 05:00:56,15.546666666666667,4.305,14.799999999999999,20.04,20.305,0.0,24.7
2019-02-10 06:00:56,17.433333333333334,2.725,13.64,19.515,19.765,0.0,26.23
2019-02-10 07:00:56,19.80333333333333,7.48,12.485,19.725,20.01,0.0,27.56
2019-02-10 08:00:56,19.686666666666667,7.745,14.335,27.255,30.69,0.0,24.32
2019-02-10 09:00:56,24.47,6.84,14.424999999999999,25.81,27.28,0.0,24.38
2019-02-10 10:00:56,27.476666666666667,9.89,15.185,24.45,26.405,0.0,23.59
2019-02-10 11:00:56,26.27333333333333,11.560000000000002,18.4,27.77,30.745,0.0,23.28
2019-02-10 12:00:56,33.806666666666665,9.195,28.105,29.715,33.325,0.0,25.03
2019-02-10 13:00:56,34.803333333333335,11.99,31.87,32.02,36.93,0.0,22.6
2019-02-10 14:00:56,40.35666666666667,14.115,37.42,36.47,44.125,0.0,20.79
2019-02-10 15:00:56,41.10333333333333,10.025,30.67,37.165,44.135,0.0,22.89
2019-02-10 16:00:56,47.89,6.875,31.14,43.51500000000001,56.46,0.0,18.36
2019-02-10 17:00:56,54.53333333333333,10.11,32.54,46.915,57.54999999999999,0.0,22.0
2019-02-10 18:00:56,61.303333333333335,9.655,34.63,48.64000000000001,61.18,0.0,21.46
2019-02-10 19:00:56,72.27666666666667,10.15,32.925,58.455000000000005,84.59,0.0,16.11
2019-02-10 20:00:56,75.82,13.745,38.3,48.305,56.965,0.0,22.04
2019-02-10 21:00:56,75.07,14.020000000000001,36.035,47.605,59.065,0.0,19.46
2019-02-10 22:00:56,67.32333333333334,13.689999999999998,27.735,51.32500000000001,69.075,0.0,18.43
2019-02-10 23:00:56,74.54,10.14,31.495000000000005,52.38,69.1,0.0,16.53
2019-02-11 00:00:56,82.17666666666666,12.155000000000001,26.370000000000005,46.815,56.875,0.0,18.53
2019-02-11 01:00:56,82.11666666666667,14.594999999999999,30.644999999999996,44.1,52.56,0.0,18.73
2019-02-11 02:00:56,75.99333333333333,13.585,25.150000000000002,34.04,35.535,0.0,17.53
2019-02-11 03:00:56,69.03333333333333,11.670000000000002,28.685000000000002,25.959999999999997,27.295,0.0,22.83
2019-02-11 04:00:56,55.02,14.479999999999999,20.724999999999998,24.73,25.615,0.0,20.77
2019-02-11 05:00:56,56.19,14.225,15.549999999999999,26.76,27.62,0.0,21.25
2019-02-11 06:00:56,55.78333333333333,10.635,18.3,25.47,27.595,0.0,21.33
2019-02-11 07:00:56,53.97,8.34,21.905,30.72,36.255,0.0,19.74
2019-02-11 08:00:56,54.196666666666665,11.530000000000001,27.429999999999996,37.825,47.505,0.0,20.38
2019-02-11 09:00:56,75.33,10.46,27.895,33.455,37.525,0.0,22.48
2019-02-11 10:00:56,97.39666666666666,15.775,41.32,35.2,41.435,0.0,19.14
2019-02-11 11:00:56,91.21666666666668,18.615,56.09,27.035,29.625,0.0,22.38
2019-02-11 12:00:56,77.67333333333333,17.885,44.31,25.179999999999996,27.465,0.0,24.78
2019-02-11 13:00:56,76.25333333333333,15.895000000000001,32.36000000000001,23.135,24.74,0.0,27.51
2019-02-11 14:00:56,72.74,15.88,22.400000000000002,22.395,24.554999999999996,0.0,25.14
2019-02-11 15:00:56,65.35666666666667,10.265,20.615,20.33,22.040000000000003,0.0,25.77
2019-02-11 16:00:56,53.20333333333333,7.330000000000001,19.895,23.385,25.66,0.0,25.41
2019-02-11 17:00:56,49.67333333333333,4.735,17.54,22.915000000000003,24.665000000000003,0.0,24.66
2019-02-11 18:00:56,53.25333333333333,3.035,21.125,29.100000000000005,31.99,0.0,22.29
2019-02-11 19:00:56,60.60333333333333,5.484999999999999,26.209999999999997,40.97,47.66,0.0,19.32
2019-02-11 20:00:56,90.17666666666668,9.93,24.665000000000003,59.79,104.8,0.0,16.48
2019-02-11 21:00:56,133.91,16.165,28.570000000000004,70.23,132.435,0.0,15.43
2019-02-11 22:00:56,163.36666666666667,18.31,36.485,72.92,138.96,0.0,17.24
2019-02-11 23:00:56,165.69333333333333,22.365,28.710000000000004,67.85,104.09999999999998,0.0,16.19
2019-02-12 00:00:56,160.76,25.405,28.47,65.37,88.925,0.0,14.43
2019-02-12 01:00:56,161.25666666666666,26.015,19.86,64.88,92.825,0.0,15.45
2019-02-12 02:00:56,146.29,22.379999999999995,15.44,61.875,87.765,0.0,15.23
2019-02-12 03:00:56,125.00999999999999,18.69,11.854999999999999,56.465,69.2,0.0,15.48
2019-02-12 04:00:56,102.04666666666668,11.85,9.685,52.09,81.36,0.0,15.41
2019-02-12 05:00:56,84.85333333333334,9.995,7.515000000000001,53.42499999999999,77.04,0.0,15.22
2019-02-12 06:00:56,85.25,12.479999999999999,6.359999999999999,53.135,78.84,0.0,15.68
2019-02-12 07:00:56,88.93666666666667,14.530000000000001,6.580000000000001,55.85999999999999,89.65000000000002,0.0,14.62
2019-02-12 08:00:56,96.25666666666666,17.15,9.78,73.345,163.42,0.0,18.17
2019-02-12 09:00:56,158.10333333333332,19.37,14.96,80.83,179.485,0.0,15.03
2019-02-12 10:00:56,237.07666666666665,21.395,47.455000000000005,80.775,147.12,0.0,15.81
2019-02-12 11:00:56,224.04333333333332,25.370000000000005,46.69,51.25,59.435,0.0,19.0
2019-02-12 12:00:56,150.66666666666666,23.620000000000005,43.07,40.345,43.14000000000001,0.0,20.77
2019-02-12 13:00:56,112.49333333333334,18.3,35.74,29.045,31.08,0.0,27.06
2019-02-12 14:00:56,79.64666666666666,13.324999999999998,30.01,25.73,28.320000000000004,0.0,26.58
2019-02-12 15:00:56,60.879999999999995,8.04,15.725,22.49,24.175,0.0,26.67
2019-02-12 16:00:56,47.07333333333334,6.645,11.145000000000001,20.13,20.91,0.0,24.91
2019-02-12 17:00:56,54.34666666666667,7.224999999999999,13.33,21.834999999999997,22.95,0.0,26.3
2019-02-12 18:00:56,60.63,5.669999999999999,18.99,24.67,25.75,0.0,24.02
2019-02-12 19:00:56,91.55333333333333,10.465,39.095,42.305,47.89000000000001,0.0,19.85
2019-02-12 20:00:56,125.82666666666665,9.175,72.845,62.395,97.94,0.0,18.46
2019-02-12 21:00:56,157.45666666666665,12.589999999999998,80.415,58.19,79.945,0.0,19.99
2019-02-12 22:00:56,178.7266666666667,10.145,54.855,70.365,133.435,0.0,15.3
2019-02-12 23:00:56,167.80666666666667,15.670000000000002,50.550000000000004,74.77,137.84,0.0,16.17
2019-02-13 00:00:56,164.32666666666665,24.705,27.855,67.865,97.96499999999999,0.0,18.78
2019-02-13 01:00:56,72.75,23.115,30.34,0.0,0.0,0.0,0.0
2019-02-13 02:00:56,66.65666666666667,14.300000000000002,33.21,0.0,0.0,0.0,0.0
2019-02-13 03:00:56,64.55666666666666,8.705,22.150000000000002,0.0,0.0,0.0,0.0
2019-02-13 04:00:56,33.39333333333333,9.855,25.83,0.0,0.0,0.0,0.0
2019-02-13 05:00:56,34.88666666666666,10.315,29.044999999999998,0.0,0.0,0.0,0.0
2019-02-13 06:00:56,31.10666666666667,9.375,29.88,0.0,0.0,0.0,0.0
2019-02-13 07:00:56,35.333333333333336,6.31,32.44,0.0,0.0,0.0,0.0
2019-02-13 08:00:56,50.016666666666666,10.685000000000002,34.505,0.0,0.0,0.0,0.0
2019-02-13 09:00:56,103.25999999999999,16.225,46.98499999999999,0.0,0.0,0.0,0.0
2019-02-13 10:00:56,161.53666666666666,18.575,71.53500000000001,0.0,0.0,0.0,0.0
2019-02-13 11:00:56,154.00333333333333,19.605,111.61,0.0,0.0,0.0,0.0
2019-02-13 12:00:56,165.56333333333333,23.310000000000002,62.475,0.0,0.0,0.0,0.0
2019-02-13 13:00:56,102.44666666666666,20.805,38.175,0.0,0.0,0.0,0.0
2019-02-13 14:00:56,74.55666666666667,14.420000000000002,26.84,0.0,0.0,0.0,0.0
2019-02-13 15:00:56,50.61,9.04,23.84,0.0,0.0,0.0,0.0
2019-02-13 16:00:56,38.80666666666667,9.18,26.305000000000003,0.0,0.0,0.0,0.0
2019-02-13 17:00:56,38.11,7.015000000000001,20.040000000000003,0.0,0.0,0.0,0.0
2019-02-13 18:00:56,40.416666666666664,6.234999999999999,25.39,0.0,0.0,0.0,0.0
2019-02-13 19:00:56,50.23333333333333,10.865,43.865,0.0,0.0,0.0,0.0
2019-02-13 20:00:56,59.92333333333334,9.225,49.849999999999994,0.0,0.0,0.0,0.0
2019-02-13 21:00:56,59.03,9.74,42.78,0.0,0.0,0.0,0.0
2019-02-13 22:00:56,50.556666666666665,14.71,31.900000000000002,0.0,0.0,0.0,0.0
2019-02-13 23:00:56,37.42,13.795000000000002,26.99,0.0,0.0,0.0,0.0
2019-02-14 00:00:56,36.46333333333334,11.945,24.879999999999995,0.0,0.0,0.0,0.0
2019-02-14 01:00:56,35.98,11.995,22.17,0.0,0.0,0.0,0.0
2019-02-14 02:00:56,33.663333333333334,11.685000000000002,25.33,0.0,0.0,0.0,0.0
2019-02-14 03:00:56,31.28,12.525,14.704999999999998,0.0,0.0,0.0,0.0
2019-02-14 04:00:56,27.646666666666665,8.6,10.674999999999999,0.0,0.0,0.0,0.0
2019-02-14 05:00:56,18.896666666666665,5.469999999999999,10.06,0.0,0.0,0.0,0.0
2019-02-14 06:00:56,16.383333333333333,7.765000000000001,10.71,0.0,0.0,0.0,0.0
2019-02-14 07:00:56,13.563333333333333,9.815,9.71,0.0,0.0,0.0,0.0
2019-02-14 08:00:56,11.2,8.275,9.495,0.0,0.0,0.0,0.0
2019-02-14 09:00:56,11.76,5.349999999999999,10.745,0.0,0.0,0.0,0.0
2019-02-14 10:00:56,10.636666666666667,6.239999999999999,11.13,0.0,0.0,0.0,0.0
2019-02-14 11:00:56,11.5,4.345,12.38,0.0,0.0,0.0,0.0
2019-02-14 12:00:56,10.7,2.235,2.62,0.0,0.0,0.0,0.0
2019-02-14 13:00:56,16.206666666666667,9.535,15.12,0.0,0.0,0.0,0.0
2019-02-14 14:00:56,21.39333333333333,9.135,16.425,0.0,0.0,0.0,0.0
2019-02-14 15:00:56,19.42,5.585000000000001,18.48,0.0,0.0,0.0,0.0
2019-02-14 16:00:56,13.323333333333332,4.58,17.73,0.0,0.0,0.0,0.0
2019-02-14 17:00:56,12.683333333333334,3.3800000000000003,17.27,0.0,0.0,0.0,0.0
2019-02-14 18:00:56,20.646666666666665,4.245,20.25,0.0,0.0,0.0,0.0
2019-02-14 19:00:56,24.03,9.52,26.385,0.0,0.0,0.0,0.0
2019-02-14 20:00:56,22.323333333333334,7.41,30.825000000000003,0.0,0.0,0.0,0.0
2019-02-14 21:00:56,20.310000000000002,7.685,35.69,0.0,0.0,0.0,0.0
2019-02-14 22:00:56,17.26,9.27,24.265,0.0,0.0,0.0,0.0
2019-02-14 23:00:56,14.793333333333335,6.419999999999999,21.105,0.0,0.0,0.0,0.0
2019-02-15 00:00:56,15.98,5.425,20.645,0.0,0.0,0.0,0.0
2019-02-15 01:00:56,13.51,5.06,20.055,0.0,0.0,0.0,0.0
2019-02-15 02:00:56,10.486666666666666,5.609999999999999,14.82,0.0,0.0,0.0,0.0
2019-02-15 03:00:56,8.74,5.07,11.71,0.0,0.0,0.0,0.0
2019-02-15 04:00:56,5.883333333333333,3.5700000000000003,9.745,0.0,0.0,0.0,0.0
2019-02-15 05:00:56,8.82,2.28,8.19,0.0,0.0,0.0,0.0
2019-02-15 06:00:56,8.963333333333333,3.365,9.055,0.0,0.0,0.0,0.0
2019-02-15 07:00:56,5.57,0.0,8.68,0.0,0.0,0.0,0.0
2019-02-15 08:00:56,6.896666666666667,0.0,9.635,0.0,0.0,0.0,0.0
2019-02-15 09:00:56,10.49,4.75,12.015,0.0,0.0,0.0,0.0
2019-02-15 10:00:56,14.306666666666667,6.56,18.27,0.0,0.0,0.0,0.0
2019-02-15 11:00:56,19.686666666666667,4.305,18.375,0.0,0.0,0.0,0.0
2019-02-15 12:00:56,20.32333333333333,9.055,18.76,0.0,0.0,0.0,0.0
2019-02-15 13:00:56,19.246666666666666,9.075,18.08,0.0,0.0,0.0,0.0
2019-02-15 14:00:56,22.3,8.215,19.0,0.0,0.0,0.0,0.0
2019-02-15 15:00:56,22.71,8.12,17.355,0.0,0.0,0.0,0.0
2019-02-15 16:00:56,25.626666666666665,6.330000000000001,14.975,40.315,49.51,0.0,19.05
2019-02-15 17:00:56,35.26,3.7650000000000006,13.475000000000001,38.11,43.54,0.0,17.75
2019-02-15 18:00:56,43.14333333333333,2.545,13.045000000000002,35.205,40.95,0.0,20.22
2019-02-15 19:00:56,40.16,7.010000000000001,17.43,36.235,43.07500000000001,0.0,12.4
2019-02-15 20:00:56,48.0,8.725,23.13,34.24,39.65,0.0,12.48
2019-02-15 21:00:56,46.60666666666666,14.63,27.605,30.575,34.625,0.0,15.36
2019-02-15 22:00:56,41.34,13.475,31.015,25.61,28.024999999999995,0.0,15.47
2019-02-15 23:00:56,37.03666666666667,8.96,26.13,24.165000000000003,26.105,0.0,14.41
2019-02-16 00:00:56,31.65,8.12,24.75,27.78,31.345,0.0,17.71
2019-02-16 01:00:56,30.91333333333333,11.935000000000002,19.529999999999998,28.825,31.845,0.0,18.79
2019-02-16 02:00:56,28.23,8.775,17.009999999999998,25.575,26.554999999999996,0.0,18.34
2019-02-16 03:00:56,34.25333333333334,8.53,14.25,22.76,23.365,0.0,20.6
2019-02-16 04:00:56,28.083333333333332,7.125,14.13,20.62,21.185,0.0,16.57
2019-02-16 05:00:56,25.553333333333335,5.84,10.854999999999999,20.405,20.975,0.0,16.96
2019-02-16 06:00:56,25.376666666666665,5.890000000000001,9.49,24.774999999999995,26.115,0.0,14.23
2019-02-16 07:00:56,25.06,7.41,10.07,28.375,32.155,0.0,13.91
2019-02-16 08:00:56,26.24,4.995,11.645000000000001,38.0,47.06,0.0,11.27
2019-02-16 09:00:56,38.053333333333335,7.66,15.925000000000002,38.885,49.98,0.0,9.78
2019-02-16 10:00:56,52.92333333333333,7.38,23.05,32.825,39.185,0.0,11.11
2019-02-16 11:00:56,58.06333333333333,12.714999999999998,25.224999999999998,35.71,44.205000000000005,0.0,11.54
2019-02-16 12:00:56,60.99,12.574999999999998,20.445,36.205,43.15,0.0,12.62
2019-02-16 13:00:56,53.54333333333334,13.68,19.355,42.17,56.01500000000001,0.0,10.36
2019-02-16 14:00:56,54.473333333333336,10.74,17.885,45.105,60.67499999999999,0.0,11.02
2019-02-16 15:00:56,48.88666666666666,6.56,16.26,41.46,51.055,0.0,11.88
2019-02-16 16:00:56,43.74333333333333,4.45,17.145,40.075,49.07500000000001,0.0,12.25
2019-02-16 17:00:56,40.836666666666666,6.035,16.255,37.34,44.815,0.0,13.24
2019-02-16 18:00:56,44.03,6.385000000000001,21.49,41.11,50.475,0.0,12.47
2019-02-16 19:00:56,46.38333333333333,4.465,26.365,42.295,51.555,0.0,11.69
2019-02-16 20:00:56,54.913333333333334,11.329999999999998,21.570000000000004,40.205,48.89000000000001,0.0,11.93
2019-02-16 21:00:56,50.73,13.199999999999998,22.015,35.345,40.425,0.0,13.36
2019-02-16 22:00:56,41.64333333333333,10.54,21.745000000000005,35.81,41.595,0.0,13.87
2019-02-16 23:00:56,47.480000000000004,6.510000000000001,21.245,39.205,48.405,0.0,12.57
2019-02-17 00:00:56,41.67,9.695,15.520000000000001,42.225,53.70000000000001,0.0,11.1
2019-02-17 01:00:56,44.04,10.714999999999998,12.515,35.33,38.065,0.0,12.61
2019-02-17 02:00:56,43.803333333333335,9.085,9.83,40.67,48.845,0.0,11.04
2019-02-17 03:00:56,40.70333333333333,9.455,9.155,28.25,29.135,0.0,13.16
2019-02-17 04:00:56,34.086666666666666,6.155000000000001,7.48,25.065,25.55,0.0,15.26
2019-02-17 05:00:56,26.05,3.525,6.56,24.58,25.295,0.0,15.04
2019-02-17 06:00:56,25.183333333333334,5.02,7.005,24.024999999999995,25.235,0.0,14.01
2019-02-17 07:00:56,26.72666666666667,7.974999999999999,6.965,21.225,21.86,0.0,14.46
2019-02-17 08:00:56,33.989999999999995,7.895,5.62,33.85,41.66,0.0,12.15
2019-02-17 09:00:56,34.26,5.09,9.77,40.045,56.35,0.0,9.13
2019-02-17 10:00:56,39.5,0.0,21.459999999999997,37.04,46.41,0.0,10.94
2019-02-17 11:00:56,45.223333333333336,8.765,28.95,31.695000000000004,36.555,0.0,12.53
2019-02-17 12:00:56,51.31999999999999,11.01,28.060000000000002,22.600000000000005,25.26,0.0,15.64
2019-02-17 13:00:56,46.89666666666667,14.949999999999998,15.54,22.290000000000003,24.91,0.0,16.69
2019-02-17 14:00:56,38.50666666666667,10.45,13.770000000000001,24.33,27.105,0.0,17.34
2019-02-17 15:00:56,33.45,5.88,18.785,35.375,43.59,0.0,13.52
2019-02-17 16:00:56,38.8,3.7300000000000004,18.225,29.865,33.565,0.0,14.9
2019-02-17 17:00:56,52.03333333333333,7.015000000000001,16.235,30.575,34.445,0.0,14.91
2019-02-17 18:00:56,63.61666666666667,13.335,14.035000000000002,34.655,39.94,0.0,13.5
2019-02-17 19:00:56,71.26666666666667,11.125,27.55,50.88,70.46,0.0,9.01
2019-02-17 20:00:56,104.28666666666666,11.76,35.800000000000004,69.03,119.24,0.0,4.77
2019-02-17 21:00:56,131.72666666666666,14.175000000000002,21.455,77.595,149.85,0.0,4.35
2019-02-17 22:00:56,140.68333333333334,19.735,15.229999999999999,75.19,126.485,0.0,3.34
2019-02-17 23:00:56,135.80666666666667,14.1,17.685000000000002,77.89,144.655,0.0,3.92
2019-02-18 00:00:56,153.11333333333334,10.675000000000002,18.94,78.82,127.73,0.0,3.86
2019-02-18 01:00:56,154.56666666666666,14.439999999999998,14.88,77.31,123.645,0.0,4.42
2019-02-18 02:00:56,137.86666666666667,13.920000000000002,11.21,67.515,94.18,0.0,4.73
2019-02-18 03:00:56,120.16666666666667,10.810000000000002,11.839999999999998,57.01,71.12,0.0,7.89
2019-02-18 04:00:56,98.10666666666667,11.18,8.88,55.535,77.38,0.0,9.47
2019-02-18 05:00:56,83.59333333333333,7.755,7.425,49.415,62.89000000000001,0.0,7.86
2019-02-18 06:00:56,71.61,7.38,7.785,49.225,67.095,0.0,9.8
2019-02-18 07:00:56,68.89666666666666,8.975,6.13,49.89000000000001,69.29,0.0,7.36
2019-02-18 08:00:56,74.53333333333333,11.555,10.145,65.165,128.42,0.0,7.72
2019-02-18 09:00:56,133.45333333333332,9.345,22.265,82.555,172.665,0.0,5.45
2019-02-18 10:00:56,181.61333333333334,17.795,66.23,90.675,162.945,0.0,5.31
2019-02-18 11:00:56,223.15,21.51,84.09,84.635,110.91000000000001,0.0,7.09
2019-02-18 12:00:56,203.44333333333333,28.929999999999996,56.97,52.835,57.335,0.0,13.58
2019-02-18 13:00:56,146.87,26.015,39.620000000000005,0.0,0.0,0.0,15.79
2019-02-18 14:00:56,116.01333333333332,18.65,32.605,37.28,43.055,0.0,14.51
2019-02-18 15:00:56,103.64,10.905000000000001,22.959999999999997,27.679999999999996,29.515,0.0,16.11
2019-02-18 16:00:56,81.81333333333333,11.214999999999998,14.545,25.27,27.655,0.0,15.82
2019-02-18 17:00:56,80.42666666666666,7.594999999999999,11.155000000000001,24.42,26.765,0.0,15.33
2019-02-18 18:00:56,83.80333333333334,4.25,14.075000000000001,26.925,29.94,0.0,13.26
2019-02-18 19:00:56,79.8,5.035,21.425,36.11,41.79,0.0,10.15
2019-02-18 20:00:56,88.90666666666667,3.85,28.145,60.18,115.805,0.0,7.15
2019-02-18 21:00:56,121.11666666666667,8.475,66.37,68.21,117.39,0.0,4.57
2019-02-18 22:00:56,145.85333333333332,19.93,99.915,63.44,85.015,0.0,6.24
2019-02-18 23:00:56,160.02666666666667,32.14,82.59,68.635,104.675,0.0,7.81
2019-02-19 00:00:56,156.01,31.0,94.65000000000002,56.66,69.125,0.0,9.51
2019-02-19 01:00:56,130.62666666666667,26.115,45.370000000000005,41.545,46.99,0.0,15.43
2019-02-19 02:00:56,94.06,20.785,34.265,31.755,33.08,0.0,17.22
2019-02-19 03:00:56,67.45666666666666,13.064999999999998,23.205,24.815,25.38,0.0,19.05
2019-02-19 04:00:56,51.346666666666664,10.844999999999999,20.14,28.385,29.225000000000005,0.0,16.94
2019-02-19 05:00:56,49.343333333333334,13.339999999999998,13.910000000000002,32.235,33.345,0.0,15.49
2019-02-19 06:00:56,55.193333333333335,15.795000000000002,9.815,36.895,40.085,0.0,13.17
2019-02-19 07:00:56,51.650000000000006,17.3,7.545000000000001,43.82,50.895,0.0,13.21
2019-02-19 08:00:56,62.236666666666665,15.35,8.52,62.57500000000001,111.66000000000001,0.0,8.82
2019-02-19 09:00:56,102.82333333333332,14.219999999999999,19.61,75.58,137.105,0.0,5.71
2019-02-19 10:00:56,153.38333333333333,16.655,49.275000000000006,79.25,120.96499999999999,0.0,5.7
2019-02-19 11:00:56,197.28666666666666,20.225,44.36000000000001,64.905,75.835,0.0,9.13
2019-02-19 12:00:56,158.22,25.754999999999995,37.17,44.43,48.525,0.0,15.45
2019-02-19 13:00:56,124.53999999999999,24.77,19.195,34.49,37.02,0.0,17.89
2019-02-19 14:00:56,101.85,18.135,18.28,31.040000000000003,34.735,0.0,17.84
2019-02-19 15:00:56,77.51666666666667,10.66,13.170000000000002,28.070000000000004,30.575,0.0,19.3
2019-02-19 16:00:56,51.79666666666667,10.915,10.5,24.225000000000005,25.895,0.0,18.4
2019-02-19 17:00:56,55.92333333333333,10.11,11.549999999999999,28.535,31.675,0.0,18.89
2019-02-19 18:00:56,65.02333333333333,9.105,12.17,31.245,34.885,0.0,17.43
2019-02-19 19:00:56,69.58333333333334,9.755,28.945000000000004,53.18,81.83,0.0,12.0
2019-02-19 20:00:56,116.75999999999999,14.665,51.475,63.6,89.255,0.0,7.13
2019-02-19 21:00:56,131.56666666666666,16.465,34.415,64.655,87.73,0.0,7.28
2019-02-19 22:00:56,119.44666666666666,15.685000000000002,60.49,64.73,91.795,0.0,5.25
2019-02-19 23:00:56,134.24333333333334,17.87,49.73,68.6,97.59499999999998,0.0,5.28
2019-02-20 00:00:56,148.34,14.854999999999999,27.33,67.45,100.77500000000002,0.0,5.87
2019-02-20 01:00:56,130.88666666666666,16.525,22.225000000000005,69.29,105.08999999999999,0.0,5.16
2019-02-20 02:00:56,115.07,15.729999999999999,14.515,67.605,103.40000000000002,0.0,5.88
2019-02-20 03:00:56,111.20333333333333,14.01,11.659999999999998,60.94,78.155,0.0,8.79
2019-02-20 04:00:56,93.14333333333333,14.770000000000001,8.785,54.52,62.43,0.0,10.61
2019-02-20 05:00:56,70.55333333333333,9.655,9.16,50.255,58.445,0.0,12.03
2019-02-20 06:00:56,64.82333333333332,5.56,9.28,47.535,56.205000000000005,0.0,10.0
2019-02-20 07:00:56,67.84333333333333,7.474999999999999,8.74,53.17499999999999,78.25,0.0,9.75
2019-02-20 08:00:56,79.99,8.445,9.05,62.66,103.925,0.0,8.94
2019-02-20 09:00:56,114.65333333333334,14.385,26.64,76.0,143.715,0.0,5.9
2019-02-20 10:00:56,176.36,17.69,73.72,86.685,139.915,0.0,7.46
2019-02-20 11:00:56,207.27666666666664,16.12,83.215,67.18,79.525,0.0,10.92
2019-02-20 12:00:56,173.53333333333333,28.11,47.044999999999995,44.06,47.73,0.0,17.27
2019-02-20 13:00:56,133.08333333333334,27.100000000000005,34.32,33.015,35.92,0.0,17.28
2019-02-20 14:00:56,104.82666666666667,18.13,21.92,31.084999999999997,34.135,0.0,17.58
2019-02-20 15:00:56,89.57666666666667,11.314999999999998,14.719999999999999,23.78,25.445000000000004,0.0,18.55
2019-02-20 16:00:56,71.12333333333333,10.19,9.48,21.895,23.070000000000004,0.0,18.89
2019-02-20 17:00:56,66.86,6.56,10.29,24.455,26.545,0.0,18.51
2019-02-20 18:00:56,59.526666666666664,3.9,11.795000000000002,25.005,26.179999999999996,0.0,16.24
2019-02-20 19:00:56,66.84333333333333,3.155,32.675000000000004,35.005,38.195,0.0,13.21
2019-02-20 20:00:56,93.41333333333334,9.015,51.455000000000005,59.38,100.03000000000002,0.0,8.56
2019-02-20 21:00:56,146.8,13.63,65.465,74.7,134.96,0.0,4.34
2019-02-20 22:00:56,151.41333333333333,18.115,50.66,86.815,190.255,0.0,2.85
2019-02-20 23:00:56,165.71333333333334,17.735,36.255,85.38,156.74,0.0,2.89
2019-02-21 00:00:56,174.9,14.535000000000002,34.375,88.57,153.445,0.0,2.55
2019-02-21 01:00:56,173.55666666666664,13.85,27.36,85.625,146.675,0.0,3.17
2019-02-21 02:00:56,159.03,17.57,24.11,84.41,150.59,0.0,2.84
2019-02-21 03:00:56,154.53333333333333,13.87,22.405,79.93,132.615,0.0,3.72
2019-02-21 04:00:56,138.11333333333334,13.475,20.42,75.2,114.365,0.0,6.0
2019-02-21 05:00:56,116.17,15.335,14.235,68.73,98.74,0.0,7.41
2019-02-21 06:00:56,100.02,14.064999999999998,13.88,66.63,100.27,0.0,7.01
2019-02-21 07:00:56,94.16333333333333,11.745,13.96,67.83,111.93,0.0,6.76
2019-02-21 08:00:56,104.57,9.115,14.255,86.235,180.33,0.0,3.37
2019-02-21 09:00:56,146.92000000000002,15.0,54.830000000000005,101.79,208.67,0.0,2.75
2019-02-21 10:00:56,208.31666666666666,19.295,119.055,100.88,155.15,0.0,3.07
2019-02-21 11:00:56,233.00666666666666,24.015,75.245,71.025,79.81,0.0,8.97
2019-02-21 12:00:56,194.35,27.92,49.845,60.935,70.885,0.0,9.22
2019-02-21 13:00:56,156.17666666666668,23.145,30.23,40.7,43.205000000000005,0.0,16.07
2019-02-21 14:00:56,111.58,13.915,17.615,30.09,32.735,0.0,18.2
2019-02-21 15:00:56,85.81,8.21,10.16,30.395,33.615,0.0,16.23
2019-02-21 16:00:56,49.18000000000001,8.695,8.37,23.515,25.149999999999995,0.0,18.37
2019-02-21 17:00:56,49.88,7.715,7.59,23.975000000000005,25.145,0.0,17.77
2019-02-21 18:00:56,59.28,6.080000000000001,10.714999999999998,27.595,29.195000000000004,0.0,16.64
2019-02-21 19:00:56,74.77666666666667,3.56,36.09,33.395,37.035,0.0,14.93
2019-02-21 20:00:56,81.13666666666667,11.310000000000002,58.935,37.825,43.205000000000005,0.0,14.34
2019-02-21 21:00:56,78.47666666666667,14.29,45.18000000000001,33.78,36.905,0.0,15.05
2019-02-21 22:00:56,76.72,15.035000000000002,35.785000000000004,33.65,36.93,0.0,15.95
2019-02-21 23:00:56,80.50333333333333,21.025,41.11,31.815,34.29,0.0,17.3
2019-02-22 00:00:56,83.25333333333333,18.065,29.5,27.540000000000003,29.49,0.0,19.46
2019-02-22 01:00:56,79.93,22.095,22.86,28.785,31.045,0.0,18.31
2019-02-22 02:00:56,77.01666666666667,25.825,17.06,24.845,25.73,0.0,19.75
2019-02-22 03:00:56,73.52666666666667,18.315,15.305,23.429999999999996,24.149999999999995,0.0,18.74
2019-02-22 04:00:56,67.16333333333334,15.01,13.729999999999999,22.615,22.88,0.0,19.15
2019-02-22 05:00:56,66.37,13.125,14.770000000000001,24.59,24.83,0.0,16.39
2019-02-22 06:00:56,60.79333333333333,17.35,15.125,27.570000000000004,28.47,0.0,16.73
2019-02-22 07:00:56,46.06333333333333,17.83,15.56,0.0,0.0,0.0,0.0
2019-02-22 08:00:56,59.94,16.98,16.669999999999998,0.0,0.0,0.0,0.0
2019-02-22 09:00:56,71.23666666666666,22.659999999999997,21.925,0.0,0.0,0.0,0.0
2019-02-22 10:00:56,89.40333333333334,23.334999999999997,39.99,0.0,0.0,0.0,0.0
2019-02-22 11:00:56,95.10666666666667,30.55,39.415,0.0,0.0,0.0,0.0
2019-02-22 12:00:56,93.06666666666666,27.77,35.08,0.0,0.0,0.0,0.0
2019-02-22 13:00:56,82.91333333333334,22.425,23.755,0.0,0.0,0.0,0.0
2019-02-22 14:00:56,67.2,16.705,21.399999999999995,0.0,0.0,0.0,0.0
2019-02-22 15:00:56,62.099999999999994,15.530000000000001,18.17,0.0,0.0,0.0,0.0
2019-02-22 16:00:56,50.56666666666666,11.82,15.025,0.0,0.0,0.0,0.0
2019-02-22 17:00:56,54.28666666666666,13.814999999999998,13.395000000000001,0.0,0.0,0.0,0.0
2019-02-22 18:00:56,60.98666666666667,9.555,13.615000000000002,0.0,0.0,0.0,0.0
2019-02-22 19:00:56,58.349999999999994,6.745,29.850000000000005,0.0,0.0,0.0,0.0
2019-02-22 20:00:56,63.47333333333333,10.800000000000002,56.525,0.0,0.0,0.0,0.0
2019-02-22 21:00:56,62.25,11.030000000000001,78.14,0.0,0.0,0.0,0.0
2019-02-22 22:00:56,60.28,12.969999999999999,53.48499999999999,0.0,0.0,0.0,0.0
2019-02-22 23:00:56,64.40666666666667,11.775,63.375,0.0,0.0,0.0,0.0
2019-02-23 00:00:56,67.78,12.75,34.84,0.0,0.0,0.0,0.0
2019-02-23 01:00:56,64.43,14.949999999999998,27.465,0.0,0.0,0.0,0.0
2019-02-23 02:00:56,64.04,18.685,38.36,0.0,0.0,0.0,0.0
2019-02-23 03:00:56,68.19333333333333,22.310000000000002,15.475,0.0,0.0,0.0,0.0
2019-02-23 04:00:56,58.580000000000005,16.26,14.199999999999998,0.0,0.0,0.0,0.0
2019-02-23 05:00:56,42.46666666666667,14.63,11.555,0.0,0.0,0.0,0.0
2019-02-23 06:00:56,38.376666666666665,12.115,8.385,0.0,0.0,0.0,0.0
2019-02-23 07:00:56,33.626666666666665,9.685,8.4,0.0,0.0,0.0,0.0
2019-02-23 08:00:56,41.2,9.585,9.385,0.0,0.0,0.0,0.0
2019-02-23 09:00:56,53.85666666666666,10.185,17.095,0.0,0.0,0.0,0.0
2019-02-23 10:00:56,68.18666666666667,14.96,19.325,0.0,0.0,0.0,0.0
2019-02-23 11:00:56,58.93333333333334,14.800000000000002,15.635,0.0,0.0,0.0,0.0
2019-02-23 12:00:56,52.92333333333334,20.535,16.39,0.0,0.0,0.0,0.0
2019-02-23 13:00:56,51.79666666666666,22.25,12.46,0.0,0.0,0.0,0.0
2019-02-23 14:00:56,44.94,14.39,11.905,0.0,0.0,0.0,0.0
2019-02-23 15:00:56,47.95,12.555,10.055,0.0,0.0,0.0,0.0
2019-02-23 16:00:56,46.32,10.979999999999999,9.645,0.0,0.0,0.0,0.0
2019-02-23 17:00:56,47.85666666666666,7.255,10.24,0.0,0.0,0.0,0.0
2019-02-23 18:00:56,48.57666666666666,13.505,9.16,0.0,0.0,0.0,0.0
2019-02-23 19:00:56,54.47333333333333,19.745,9.505,0.0,0.0,0.0,0.0
2019-02-23 20:00:56,59.11333333333334,19.97,8.465,0.0,0.0,0.0,0.0
2019-02-23 21:00:56,51.943333333333335,21.73,4.0,0.0,0.0,0.0,0.0
2019-02-23 22:00:56,37.75666666666667,14.520000000000001,2.7000000000000006,0.0,0.0,0.0,0.0
2019-02-23 23:00:56,28.933333333333337,13.37,2.145,0.0,0.0,0.0,0.0
2019-02-24 00:00:56,21.273333333333333,10.37,1.825,0.0,0.0,0.0,0.0
2019-02-24 01:00:56,15.469999999999999,9.195,1.715,0.0,0.0,0.0,0.0
2019-02-24 02:00:56,10.05,5.974999999999999,1.7299999999999998,0.0,0.0,0.0,0.0
2019-02-24 03:00:56,6.333333333333333,3.7099999999999995,1.635,0.0,0.0,0.0,0.0
2019-02-24 04:00:56,4.283333333333332,2.095,1.66,0.0,0.0,0.0,0.0
2019-02-24 05:00:56,4.256666666666667,1.3849999999999998,1.745,0.0,0.0,0.0,0.0
2019-02-24 06:00:56,6.22,1.425,1.6000000000000003,0.0,0.0,0.0,0.0
2019-02-24 07:00:56,6.94,1.46,1.6499999999999997,0.0,0.0,0.0,0.0
2019-02-24 08:00:56,5.836666666666666,3.5849999999999995,1.5200000000000002,0.0,0.0,0.0,0.0
2019-02-24 09:00:56,7.886666666666667,2.705,1.66,0.0,0.0,0.0,0.0
2019-02-24 10:00:56,10.29,1.675,1.59,0.0,0.0,0.0,0.0
2019-02-24 11:00:56,13.393333333333333,5.465,1.715,0.0,0.0,0.0,0.0
2019-02-24 12:00:56,15.696666666666665,7.32,1.835,0.0,0.0,0.0,0.0
2019-02-24 13:00:56,15.72,7.609999999999999,2.11,0.0,0.0,0.0,0.0
2019-02-24 14:00:56,16.08666666666667,5.575,2.345,0.0,0.0,0.0,0.0
2019-02-24 15:00:56,19.450000000000003,8.355,2.76,0.0,0.0,0.0,0.0
2019-02-24 16:00:56,16.873333333333335,8.74,2.42,0.0,0.0,0.0,0.0
2019-02-24 17:00:56,15.486666666666666,7.37,2.0,0.0,0.0,0.0,0.0
2019-02-24 18:00:56,16.713333333333335,8.3,1.965,0.0,0.0,0.0,0.0
2019-02-24 19:00:56,19.75,11.805,1.625,0.0,0.0,0.0,0.0
2019-02-24 20:00:56,25.313333333333333,14.410000000000002,1.51,0.0,0.0,0.0,0.0
2019-02-24 21:00:56,25.243333333333336,9.385,1.42,0.0,0.0,0.0,0.0
2019-02-24 22:00:56,19.856666666666666,7.87,1.32,0.0,0.0,0.0,0.0
2019-02-24 23:00:56,19.283333333333335,7.539999999999999,1.55,0.0,0.0,0.0,0.0
2019-02-25 00:00:56,19.82333333333333,4.75,1.5650000000000002,0.0,0.0,0.0,0.0
2019-02-25 01:00:56,18.96333333333333,5.93,1.88,0.0,0.0,0.0,0.0
2019-02-25 02:00:56,11.386666666666668,4.52,1.8,0.0,0.0,0.0,0.0
2019-02-25 03:00:56,8.293333333333335,6.135000000000001,1.7299999999999998,0.0,0.0,0.0,0.0
2019-02-25 04:00:56,10.933333333333334,4.48,1.76,0.0,0.0,0.0,0.0
2019-02-25 05:00:56,12.586666666666666,4.615,1.64,0.0,0.0,0.0,0.0
2019-02-25 06:00:56,10.893333333333333,7.105,1.55,0.0,0.0,0.0,0.0
2019-02-25 07:00:56,12.373333333333333,5.775000000000001,1.68,0.0,0.0,0.0,0.0
2019-02-25 08:00:56,13.483333333333334,5.419999999999999,1.7,0.0,0.0,0.0,0.0
2019-02-25 09:00:56,14.106666666666667,4.575,1.7700000000000002,0.0,0.0,0.0,0.0
2019-02-25 10:00:56,17.046666666666667,5.09,1.66,0.0,0.0,0.0,0.0
2019-02-25 11:00:56,18.25,7.765000000000001,1.785,0.0,0.0,0.0,0.0
2019-02-25 12:00:56,17.933333333333334,9.12,2.005,0.0,0.0,0.0,0.0
2019-02-25 13:00:56,14.81,9.275,2.325,0.0,0.0,0.0,0.0
2019-02-25 14:00:56,17.659999999999997,9.745,3.1749999999999994,0.0,0.0,0.0,0.0
2019-02-25 15:00:56,38.483333333333334,10.245,3.03,31.64,37.115,0.0,13.42
2019-02-25 16:00:56,29.42,6.63,2.935,29.89,32.205,0.0,18.27
2019-02-25 17:00:56,25.563333333333333,3.785,3.74,31.925,33.88,0.0,18.16
2019-02-25 18:00:56,42.28666666666667,4.84,4.745,39.225,45.87,0.0,14.68
2019-02-25 19:00:56,63.35666666666666,7.395,5.915,39.2,43.29999999999999,0.0,12.63
2019-02-25 20:00:56,67.22666666666666,12.665,7.095,37.055,40.5,0.0,11.33
2019-02-25 21:00:56,62.60000000000001,12.935000000000002,7.724999999999999,35.215,38.455,0.0,12.04
2019-02-25 22:00:56,54.42333333333333,9.03,6.275000000000001,31.035,32.91,0.0,13.91
2019-02-25 23:00:56,52.69,5.06,4.85,27.48,29.425,0.0,15.66
2019-02-26 00:00:56,45.39666666666667,5.780000000000001,3.305,24.584999999999997,26.035,0.0,16.16
2019-02-26 01:00:56,38.833333333333336,10.05,2.475,20.75,21.665000000000003,0.0,17.61
2019-02-26 02:00:56,29.526666666666667,10.38,2.1,19.15,19.885,0.0,18.73
2019-02-26 03:00:56,31.74666666666667,9.23,2.135,17.025,17.275,0.0,18.88
2019-02-26 04:00:56,32.21666666666667,10.13,2.18,15.65,16.08,0.0,18.53
2019-02-26 05:00:56,35.39,6.919999999999999,1.8950000000000002,16.69,17.17,0.0,18.28
2019-02-26 06:00:56,34.983333333333334,4.98,2.135,15.63,15.765,0.0,18.68
2019-02-26 07:00:56,31.756666666666668,4.205,2.9,20.045,22.115,0.0,17.33
2019-02-26 08:00:56,38.629999999999995,8.055,3.905,25.945000000000004,29.325,0.0,16.23
2019-02-26 09:00:56,45.41,9.02,3.025,33.68,40.615,0.0,14.38
2019-02-26 10:00:56,52.61666666666667,9.515,3.545,30.99,35.97,0.0,14.91
2019-02-26 11:00:56,60.7,15.115,2.9150000000000005,33.605,39.435,0.0,13.75
2019-02-26 12:00:56,61.333333333333336,11.685000000000002,3.89,32.325,36.58,0.0,14.81
2019-02-26 13:00:56,64.78,12.88,6.535,31.595,38.585,0.0,14.51
2019-02-26 14:00:56,62.22333333333333,14.469999999999999,8.675,31.41,36.665,0.0,14.45
2019-02-26 15:00:56,65.67666666666666,17.065,10.875,29.67,33.24,0.0,15.52
2019-02-26 16:00:56,70.13333333333334,12.420000000000002,11.42,22.99,25.0,0.0,16.12
2019-02-26 17:00:56,64.45,12.445,8.29,23.36,25.785,0.0,15.14
2019-02-26 18:00:56,55.35666666666667,8.365,7.89,38.545,45.04999999999999,0.0,10.86
2019-02-26 19:00:56,72.95666666666666,5.3,7.905,55.94,77.78,0.0,6.65
2019-02-26 20:00:56,88.91333333333333,11.939999999999998,3.685,46.855,61.275,0.0,8.84
2019-02-26 21:00:56,75.78,15.36,2.47,37.4,41.84,0.0,14.24
2019-02-26 22:00:56,58.59,10.145,1.75,36.365,42.13,0.0,11.53
2019-02-26 23:00:56,51.54666666666667,15.165,1.74,27.06,28.925,0.0,13.68
2019-02-27 00:00:56,43.79,13.270000000000001,1.665,24.804999999999996,26.315,0.0,16.3
2019-02-27 01:00:56,35.21666666666667,8.155,1.6049999999999998,20.95,21.565,0.0,18.7
2019-02-27 02:00:56,30.546666666666667,5.614999999999999,1.6000000000000003,18.25,18.945,0.0,20.94
2019-02-27 03:00:56,21.37,4.275,1.63,16.935,17.615,0.0,20.09
2019-02-27 04:00:56,25.806666666666665,2.685,1.43,16.45,17.07,0.0,21.18
2019-02-27 05:00:56,22.10333333333333,5.14,1.545,15.9,16.19,0.0,21.31
2019-02-27 06:00:56,18.333333333333332,4.35,1.735,15.935,16.475,0.0,21.38
2019-02-27 07:00:56,14.453333333333333,7.18,2.285,24.795,27.625,0.0,18.92
2019-02-27 08:00:56,15.186666666666667,5.919999999999999,1.945,44.66,58.905,0.0,13.65
2019-02-27 09:00:56,17.106666666666666,4.845,1.43,53.405,71.46,0.0,12.32
2019-02-27 10:00:56,25.373333333333335,11.145000000000001,3.475,34.965,36.795,0.0,16.55
2019-02-27 11:00:56,31.91,8.72,7.56,29.115,31.22,0.0,18.47
2019-02-27 12:00:56,23.18,8.8,0.0,24.145,25.825,0.0,18.67
2019-02-27 13:00:56,19.396666666666665,12.775,6.38,30.03,34.805,0.0,16.91
2019-02-27 14:00:56,20.14,11.79,4.935,23.024999999999995,25.709999999999997,0.0,15.24
2019-02-27 15:00:56,15.146666666666667,0.0,3.315,28.815,31.25,0.0,17.45
2019-02-27 16:00:56,36.24333333333333,14.49,2.715,29.7,31.67,0.0,18.82
2019-02-27 17:00:56,33.25666666666667,11.574999999999998,4.12,32.835,35.14,0.0,19.09
2019-02-27 18:00:56,37.52333333333333,10.665,4.48,37.635,42.97,0.0,17.59
2019-02-27 19:00:56,41.696666666666665,8.435,5.1,43.365,48.25,0.0,17.43
2019-02-27 20:00:56,48.406666666666666,9.85,5.669999999999999,51.76500000000001,62.465,0.0,14.04
2019-02-27 21:00:56,43.25333333333333,9.565,4.795,45.905,52.705000000000005,0.0,14.87
2019-02-27 22:00:56,25.016666666666666,13.829999999999998,5.2,41.515,48.105,0.0,17.36
2019-02-27 23:00:56,20.806666666666665,9.855,5.075,35.55,38.055,0.0,19.24
2019-02-28 00:00:56,22.083333333333332,5.489999999999999,3.555,28.865,30.7,0.0,21.16
2019-02-28 01:00:56,16.51,5.17,3.2099999999999995,31.675,35.5,0.0,19.68
2019-02-28 02:00:56,14.67,5.05,3.615,25.05,26.165000000000003,0.0,22.74
2019-02-28 03:00:56,13.816666666666668,3.5,4.37,25.804999999999996,26.87,0.0,23.13
2019-02-28 04:00:56,16.65,4.455,4.205,23.274999999999995,23.795,0.0,21.31
2019-02-28 05:00:56,18.386666666666667,5.919999999999999,3.015,22.75,23.14,0.0,21.32
2019-02-28 06:00:56,15.69,4.295,2.78,23.355,24.225000000000005,0.0,21.97
2019-02-28 07:00:56,16.313333333333333,2.44,4.31,25.255,26.895,0.0,21.21
2019-02-28 08:00:56,30.52,1.3,7.400000000000001,44.155,57.665,0.0,16.04
2019-02-28 09:00:56,62.510000000000005,6.425,11.485,51.695,67.025,0.0,15.59
2019-02-28 10:00:56,83.50666666666667,8.885,8.655,39.065,44.535,0.0,18.1
2019-02-28 11:00:56,69.19666666666666,13.335,6.11,29.27,31.915000000000003,0.0,21.86
2019-02-28 12:00:56,43.50666666666666,8.945,3.7900000000000005,26.035,28.524999999999995,0.0,22.47
2019-02-28 13:00:56,31.540000000000003,8.37,3.6199999999999997,23.795,26.005,0.0,22.66
2019-02-28 14:00:56,26.89666666666667,5.8,3.9500000000000006,25.100000000000005,27.16,0.0,22.5
2019-02-28 15:00:56,26.34,3.58,5.025,25.679999999999996,28.06,0.0,22.35
2019-02-28 16:00:56,21.246666666666666,3.8699999999999997,5.0,27.820000000000004,30.99,0.0,20.31
2019-02-28 17:00:56,25.58,2.9800000000000004,6.44,24.545,26.635,0.0,20.75
2019-02-28 18:00:56,35.88,2.23,8.92,23.47,25.24,0.0,20.53
2019-02-28 19:00:56,31.64,5.355,8.665,29.64,33.255,0.0,19.29
2019-02-28 20:00:56,34.46666666666667,4.17,14.5,43.14000000000001,49.905,0.0,15.46
2019-02-28 21:00:56,61.31666666666666,10.385,6.37,61.955000000000005,97.81,0.0,10.95
2019-02-28 22:00:56,91.15,9.305,6.53,58.29999999999999,79.71,0.0,11.25
2019-02-28 23:00:56,107.09,14.35,19.06,49.715,61.98499999999999,0.0,12.25
2019-03-01 00:00:56,105.57333333333334,12.635,18.675,37.78,41.86,0.0,15.46
2019-03-01 01:00:56,71.09,10.635,18.515,25.195000000000004,26.45,0.0,19.12
2019-03-01 02:00:56,42.196666666666665,6.925,12.785000000000002,18.765,19.495,0.0,21.0
2019-03-01 03:00:56,30.310000000000002,3.9249999999999994,10.09,14.46,14.589999999999998,0.0,21.92
2019-03-01 04:00:56,26.799999999999997,4.45,10.785000000000002,14.300000000000002,14.82,0.0,21.35
2019-03-01 05:00:56,20.543333333333333,3.26,8.4,15.160000000000002,15.89,0.0,19.84
2019-03-01 06:00:56,24.116666666666664,4.075,7.605,20.945,23.165000000000003,0.0,18.85
2019-03-01 07:00:56,30.473333333333333,4.075,7.37,22.325,24.285,0.0,18.45
2019-03-01 08:00:56,30.926666666666666,4.14,15.550000000000002,27.145,30.475000000000005,0.0,18.01
2019-03-01 09:00:56,51.00666666666667,6.400000000000001,21.295,27.485,31.885,0.0,17.93
2019-03-01 10:00:56,65.42,12.939999999999998,18.32,27.03,31.035,0.0,18.96
2019-03-01 11:00:56,62.54666666666667,13.699999999999998,11.18,22.695000000000004,25.22,0.0,18.76
2019-03-01 12:00:56,46.47666666666667,14.07,9.92,20.135,23.02,0.0,20.24
2019-03-01 13:00:56,41.31,9.09,10.24,17.67,19.4,0.0,20.22
2019-03-01 14:00:56,43.15,5.760000000000001,9.725,14.85,15.985,0.0,20.17
2019-03-01 15:00:56,46.19,3.715,9.5,14.615,15.565,0.0,20.88
2019-03-01 16:00:56,56.593333333333334,2.7300000000000004,9.125,15.51,16.42,0.0,20.87
2019-03-01 17:00:56,57.78333333333333,2.22,10.22,20.42,21.275,0.0,20.56
2019-03-01 18:00:56,57.46,5.82,16.84,30.350000000000005,32.085,0.0,18.15
2019-03-01 19:00:56,74.83666666666667,8.825,18.945,35.21,36.93,0.0,17.15
2019-03-01 20:00:56,89.27,7.81,25.399999999999995,45.0,48.06,0.0,14.74
2019-03-01 21:00:56,107.90333333333332,11.485,27.435,39.6,41.515,0.0,15.77
2019-03-01 22:00:56,86.97333333333333,11.385,25.535,38.565,45.06,0.0,15.22
2019-03-01 23:00:56,75.61666666666667,10.865,32.67,54.915,78.24,0.0,11.19
2019-03-02 00:00:56,84.49666666666667,10.52,23.14,44.29999999999999,51.095,0.0,13.75
2019-03-02 01:00:56,78.10666666666667,9.27,15.75,38.87,46.055,0.0,15.16
2019-03-02 02:00:56,66.84,10.854999999999999,14.39,26.53,28.455,0.0,18.65
2019-03-02 03:00:56,57.63999999999999,12.839999999999998,12.995,25.475000000000005,26.465,0.0,18.67
2019-03-02 04:00:56,51.54,14.025,9.545,20.045,20.35,0.0,20.07
2019-03-02 05:00:56,47.30666666666667,11.71,6.765,23.3,23.77,0.0,19.02
2019-03-02 06:00:56,45.92,14.885,5.580000000000001,20.845,21.63,0.0,19.09
2019-03-02 07:00:56,47.79,13.145000000000001,7.864999999999999,22.850000000000005,24.83,0.0,18.99
2019-03-02 08:00:56,53.3,9.32,11.525,48.495,68.23,0.0,13.46
2019-03-02 09:00:56,67.61,14.915,19.235,42.78,51.125,0.0,13.42
2019-03-02 10:00:56,83.65666666666667,17.575,20.63,29.295,31.334999999999997,0.0,16.82
2019-03-02 11:00:56,76.50333333333333,17.935,17.855,21.42,22.53,0.0,19.7
2019-03-02 12:00:56,63.38333333333333,14.324999999999998,12.64,21.95,23.625,0.0,19.33
2019-03-02 13:00:56,53.39333333333333,8.26,11.735,22.985,24.23,0.0,19.12
2019-03-02 14:00:56,54.51,9.565,12.85,25.635,27.665000000000003,0.0,18.1
2019-03-02 15:00:56,58.43000000000001,6.344999999999999,12.25,24.235,25.63,0.0,19.55
2019-03-02 16:00:56,62.22333333333333,6.31,12.615,23.075,24.274999999999995,0.0,20.09
2019-03-02 17:00:56,66.66333333333334,11.13,10.67,23.02,23.965,0.0,19.32
2019-03-02 18:00:56,61.63333333333333,7.93,10.65,25.350000000000005,26.875,0.0,18.78
2019-03-02 19:00:56,60.053333333333335,4.62,15.75,30.540000000000003,32.81,0.0,17.45
2019-03-02 20:00:56,50.92333333333333,7.755,9.31,23.98,25.065,0.0,18.9
2019-03-02 21:00:56,43.68000000000001,5.885000000000001,13.089999999999998,31.175,33.645,0.0,16.96
2019-03-02 22:00:56,44.376666666666665,6.755,20.21,45.475,56.815,0.0,12.79
2019-03-02 23:00:56,50.31666666666666,9.625,12.22,42.785,50.794999999999995,0.0,13.28
2019-03-03 00:00:56,48.81,9.845,9.47,30.475000000000005,32.465,0.0,17.06
2019-03-03 01:00:56,50.74,7.785,6.349999999999999,51.115,66.98,0.0,12.5
2019-03-03 02:00:56,56.38666666666667,12.82,4.92,42.605,47.755,0.0,13.0
2019-03-03 03:00:56,55.733333333333334,12.270000000000001,6.195,30.92,32.61,0.0,15.47
2019-03-03 04:00:56,42.346666666666664,7.849999999999999,9.055,31.295,33.605,0.0,14.12
2019-03-03 05:00:56,36.67666666666667,5.989999999999999,10.64,27.795,29.2,0.0,15.83
2019-03-03 06:00:56,35.473333333333336,5.395,8.71,22.725000000000005,23.155,0.0,17.9
2019-03-03 07:00:56,39.88666666666666,6.484999999999999,5.175,20.7,21.795,0.0,18.26
2019-03-03 08:00:56,35.32666666666667,10.055,3.725,24.570000000000004,28.625,0.0,17.77
2019-03-03 09:00:56,29.686666666666667,10.35,3.22,21.66,23.679999999999996,0.0,18.86
2019-03-03 10:00:56,26.883333333333333,12.685000000000002,3.78,19.375,21.995,0.0,19.09
2019-03-03 11:00:56,30.523333333333333,10.4,4.6,19.565,21.735,0.0,20.28
2019-03-03 12:00:56,30.436666666666667,11.805,5.23,21.07,24.095,0.0,20.04
2019-03-03 13:00:56,29.703333333333333,7.945,4.655,28.325,34.26,0.0,19.44
2019-03-03 14:00:56,32.10333333333333,8.76,4.555,32.03,40.23,0.0,17.94
2019-03-03 15:00:56,33.21333333333333,6.325,4.0,35.18,43.905,0.0,16.33
2019-03-03 16:00:56,38.416666666666664,4.89,3.99,30.334999999999997,36.07,0.0,18.27
2019-03-03 17:00:56,36.656666666666666,6.855,3.355,31.45,37.11,0.0,17.55
2019-03-03 18:00:56,35.28666666666667,6.02,2.795,29.09,32.96,0.0,17.96
2019-03-03 19:00:56,35.86666666666667,3.655,2.24,25.91,29.040000000000003,0.0,19.03
2019-03-03 20:00:56,38.336666666666666,3.525,1.695,24.595,27.5,0.0,19.99
2019-03-03 21:00:56,40.97,8.03,1.5599999999999998,22.035,23.94,0.0,20.61
2019-03-03 22:00:56,44.763333333333335,12.365,1.42,27.575,31.804999999999996,0.0,20.99
2019-03-03 23:00:56,50.053333333333335,15.204999999999998,1.27,22.37,24.215,0.0,20.79
2019-03-04 00:00:56,45.81999999999999,13.324999999999998,1.43,22.459999999999997,24.75,0.0,20.0
2019-03-04 01:00:56,42.82666666666667,14.145000000000001,1.275,23.065,25.455,0.0,21.12
2019-03-04 02:00:56,36.266666666666666,9.3,1.21,24.935,27.425,0.0,19.48
2019-03-04 03:00:56,36.29333333333333,6.844999999999999,1.29,28.27,29.959999999999997,0.0,17.51
2019-03-04 04:00:56,39.09666666666667,9.965,1.165,27.820000000000004,29.315,0.0,17.63
2019-03-04 05:00:56,38.02,7.875,1.17,28.385,29.75,0.0,18.24
2019-03-04 06:00:56,39.22666666666667,6.245,1.26,28.58,30.36,0.0,21.92
2019-03-04 07:00:56,36.06666666666666,6.945,2.43,33.895,40.15,0.0,21.38
2019-03-04 08:00:56,49.28333333333333,9.075,3.875,44.845,74.74,0.0,18.69
2019-03-04 09:00:56,80.36,10.25,13.020000000000001,48.56,73.07,0.0,23.56
2019-03-04 10:00:56,109.68333333333334,17.27,8.47,58.65,89.795,0.0,23.51
2019-03-04 11:00:56,93.99666666666667,17.09,7.71,47.46,60.0,0.0,24.42
2019-03-04 12:00:56,98.71333333333334,15.729999999999999,16.02,40.245,48.35999999999999,0.0,25.37
2019-03-04 13:00:56,124.06666666666666,26.355,18.775,36.865,43.64000000000001,0.0,23.26
2019-03-04 14:00:56,129.76,26.395,18.305,33.65,38.61,0.0,22.09
2019-03-04 15:00:56,118.23333333333333,22.875,15.485,24.64,27.0,0.0,23.77
2019-03-04 16:00:56,78.14333333333333,15.43,8.21,28.425,29.86,0.0,36.54
2019-03-04 17:00:56,53.5,11.01,6.43,32.665,34.09,0.0,40.89
2019-03-04 18:00:56,49.89666666666667,6.935,8.78,45.29,49.16,0.0,41.42
2019-03-04 19:00:56,55.64,8.43,20.455,69.405,85.165,0.0,38.66
2019-03-04 20:00:56,108.73666666666666,17.955,10.795,100.23,145.985,0.0,30.7
2019-03-04 21:00:56,152.92333333333335,25.879999999999995,5.695,93.89,133.46,0.0,41.74
2019-03-04 22:00:56,148.42333333333335,26.179999999999996,9.395,99.58,149.77,0.0,31.04
2019-03-04 23:00:56,170.99333333333334,18.655,40.93,92.25,132.41,0.0,29.6
2019-03-05 00:00:56,189.01333333333332,19.285,28.265,98.76,148.305,0.0,27.31
2019-03-05 01:00:56,163.62666666666667,15.055,16.125,89.86,136.89,0.0,32.11
2019-03-05 02:00:56,135.92333333333335,11.594999999999999,10.9,77.1,102.745,0.0,36.35
2019-03-05 03:00:56,115.39,10.375,7.45,78.385,111.08,0.0,34.2
2019-03-05 04:00:56,117.26333333333332,11.550000000000002,7.53,75.7,106.01,0.0,40.87
2019-03-05 05:00:56,108.39333333333333,14.24,7.315,71.275,95.51,0.0,36.94
2019-03-05 06:00:56,86.98,9.91,6.28,69.315,90.415,0.0,31.69
2019-03-05 07:00:56,77.24666666666667,9.745,6.91,69.04,92.545,0.0,37.52
2019-03-05 08:00:56,76.84333333333333,10.675000000000002,8.11,90.33999999999999,139.645,0.0,32.15
2019-03-05 09:00:56,114.68666666666667,11.735,42.035,101.96999999999998,152.81,0.0,34.14
2019-03-05 10:00:56,169.22,18.23,45.10999999999999,111.995,160.855,0.0,33.36
2019-03-05 11:00:56,186.62333333333333,23.605,46.62,85.955,103.48,0.0,35.63
2019-03-05 12:00:56,171.81333333333333,16.71,26.540000000000003,47.18,50.21,0.0,41.69
2019-03-05 13:00:56,113.41666666666667,15.229999999999999,0.0,31.75,33.04,0.0,41.87
2019-03-05 14:00:56,77.12333333333333,13.195,13.604999999999999,26.175,27.295,0.0,41.91
2019-03-05 15:00:56,63.129999999999995,7.91,9.83,27.38,28.63,0.0,42.39
2019-03-05 16:00:56,50.47666666666667,10.59,7.885000000000001,28.295,29.209999999999997,0.0,35.95
2019-03-05 17:00:56,52.53,7.344999999999999,6.665,26.084999999999997,26.74,0.0,36.22
2019-03-05 18:00:56,54.343333333333334,8.845,8.415,29.77,30.505,0.0,37.43
2019-03-05 19:00:56,56.16,6.085000000000001,22.855,42.905,44.495,0.0,33.5
2019-03-05 20:00:56,78.25666666666666,4.835,43.12,49.79,52.345,0.0,33.3
2019-03-05 21:00:56,87.89333333333333,8.325,30.17,56.005,62.23499999999999,0.0,37.69
2019-03-05 22:00:56,72.77333333333334,12.594999999999999,24.53,47.97,52.165,0.0,36.6
2019-03-05 23:00:56,61.53666666666666,9.9,13.64,82.74,110.205,0.0,30.04
2019-03-06 00:00:56,71.22666666666666,8.625,11.03,83.045,107.21,0.0,35.97
2019-03-06 01:00:56,84.88,18.2,11.47,62.56,71.03,0.0,47.64
2019-03-06 02:00:56,78.78333333333333,15.344999999999999,13.12,39.755,41.565,0.0,43.99
2019-03-06 03:00:56,61.89000000000001,12.875,13.165,32.595,33.75,0.0,45.02
2019-03-06 04:00:56,51.120000000000005,13.235,14.06,47.42499999999999,51.95000000000001,0.0,36.96
2019-03-06 05:00:56,49.333333333333336,9.475,8.015,45.715,50.095,0.0,41.93
2019-03-06 06:00:56,42.92666666666667,9.075,5.09,42.82500000000001,45.67499999999999,0.0,41.29
2019-03-06 07:00:56,44.47333333333333,6.09,8.185,61.22,77.15,0.0,38.99
2019-03-06 08:00:56,61.92666666666666,11.38,12.39,79.82,110.72499999999998,0.0,40.76
2019-03-06 09:00:56,98.95333333333333,15.324999999999998,9.98,114.325,183.0,0.0,34.03
2019-03-06 10:00:56,163.73666666666668,25.784999999999997,43.125,97.36,134.32,0.0,37.98
2019-03-06 11:00:56,181.4033333333333,25.7,22.455,39.16,40.615,0.0,46.67
2019-03-06 12:00:56,104.90333333333334,21.21,13.915,30.535,32.12,0.0,51.87
2019-03-06 13:00:56,72.08333333333333,12.875,10.22,25.56,26.245,0.0,49.71
2019-03-06 14:00:56,61.03666666666666,6.87,9.555,27.524999999999995,28.235,0.0,46.34
2019-03-06 15:00:56,71.39333333333333,4.205,8.975,27.265,27.975000000000005,0.0,41.86
2019-03-06 16:00:56,68.33666666666666,6.265000000000001,7.63,22.899999999999995,23.905,0.0,31.58
2019-03-06 17:00:56,59.269999999999996,6.474999999999999,8.01,39.645,41.145,0.0,32.59
2019-03-06 18:00:56,61.75,7.989999999999999,8.305,44.16,45.01500000000001,0.0,33.51
2019-03-06 19:00:56,68.47666666666667,9.16,11.08,41.95,42.725,0.0,35.31
2019-03-06 20:00:56,73.76333333333334,8.335,12.375,40.605,41.415,0.0,43.62
2019-03-06 21:00:56,70.52333333333333,6.794999999999999,11.96,36.93,37.625,0.0,38.63
2019-03-06 22:00:56,59.7,7.815,7.93,37.105,37.91,0.0,35.65
2019-03-06 23:00:56,45.836666666666666,7.484999999999999,2.56,35.815,37.35,0.0,41.63
2019-03-07 00:00:56,24.263333333333332,7.495,4.68,47.18,49.525,0.0,33.26
2019-03-07 01:00:56,21.95,6.974999999999999,4.74,42.919999999999995,45.495,0.0,32.48
2019-03-07 02:00:56,28.740000000000002,4.82,4.14,38.06,40.13,0.0,41.36
2019-03-07 03:00:56,20.77,5.565,4.76,31.425,32.175,0.0,40.66
2019-03-07 04:00:56,17.61,8.065,2.335,27.325,27.87,0.0,37.73
2019-03-07 05:00:56,13.043333333333335,5.77,1.53,25.61,25.820000000000004,0.0,42.07
2019-03-07 06:00:56,13.506666666666668,4.595,1.19,27.24,27.595,0.0,40.99
2019-03-07 07:00:56,11.313333333333333,2.885,2.275,37.295,38.68,0.0,38.83
2019-03-07 08:00:56,13.656666666666666,1.915,2.725,49.475,56.95000000000001,0.0,43.61
2019-03-07 09:00:56,23.346666666666664,6.25,2.665,58.945,70.445,0.0,41.8
2019-03-07 10:00:56,30.57,13.415,1.425,69.955,87.78000000000002,0.0,41.31
2019-03-07 11:00:56,28.6,15.5,3.41,46.605,49.705000000000005,0.0,46.06
2019-03-07 12:00:56,27.736666666666665,15.104999999999999,3.9150000000000005,37.375,39.105,0.0,45.87
2019-03-07 13:00:56,20.906666666666666,9.54,4.125,33.365,34.935,0.0,47.91
2019-03-07 14:00:56,26.25,7.145,3.57,33.28,34.92,0.0,46.45
2019-03-07 15:00:56,31.293333333333333,4.795,2.58,37.49,39.795,0.0,43.01
2019-03-07 16:00:56,31.27,3.2900000000000005,2.48,36.35,37.815,0.0,39.5
2019-03-07 17:00:56,34.593333333333334,7.234999999999999,2.2,43.794999999999995,47.365,0.0,38.43
2019-03-07 18:00:56,32.17666666666667,5.474999999999999,1.755,48.815,53.335,0.0,39.26
2019-03-07 19:00:56,40.57,4.85,1.765,60.26,67.55,0.0,42.3
2019-03-07 20:00:56,53.666666666666664,3.685,3.2550000000000003,76.89,96.175,0.0,39.17
2019-03-07 21:00:56,67.63,7.219999999999999,2.805,77.12,90.94,0.0,36.14
2019-03-07 22:00:56,78.43,10.14,2.34,76.905,100.995,0.0,47.27
2019-03-07 23:00:56,77.66333333333334,11.925000000000002,15.475,67.72,82.69,0.0,41.55
2019-03-08 00:00:56,87.78,7.695,10.635,77.26,102.385,0.0,37.7
2019-03-08 01:00:56,86.8,4.7,7.29,63.465,74.83,0.0,38.66
2019-03-08 02:00:56,69.44333333333333,2.6,5.295,66.025,83.06,0.0,37.3
2019-03-08 03:00:56,66.63,4.95,3.815,60.9,75.015,0.0,37.7
2019-03-08 04:00:56,57.34,7.25,3.77,50.715,56.085,0.0,43.75
2019-03-08 05:00:56,50.45666666666666,6.234999999999999,3.865,37.64,39.61,0.0,38.41
2019-03-08 06:00:56,44.56333333333333,3.8800000000000003,3.16,48.54,53.49,0.0,39.66
2019-03-08 07:00:56,43.67666666666666,4.185,4.68,52.69,65.685,0.0,40.55
2019-03-08 08:00:56,55.43666666666667,8.615,3.9150000000000005,80.9,119.615,0.0,35.03
2019-03-08 09:00:56,75.72666666666667,7.38,21.785,90.41000000000001,131.96,0.0,36.25
2019-03-08 10:00:56,119.20333333333332,9.95,28.725000000000005,70.19,85.815,0.0,38.89
2019-03-08 11:00:56,137.12,16.935,23.73,49.255,54.275,0.0,39.57
2019-03-08 12:00:56,111.82,13.99,16.76,34.74,36.4,0.0,48.71
2019-03-08 13:00:56,70.41,12.13,10.195,31.715,33.575,0.0,46.66
2019-03-08 14:00:56,29.523333333333333,8.175,8.57,30.475000000000005,31.84,0.0,54.54
2019-03-08 15:00:56,24.913333333333334,4.335,6.55,33.185,34.985,0.0,41.78
2019-03-08 16:00:56,20.923333333333332,8.79,5.5,35.795,37.705,0.0,37.28
2019-03-08 17:00:56,23.383333333333333,6.855,5.18,37.5,39.32,0.0,42.61
2019-03-08 18:00:56,52.8,3.8250000000000006,5.015,37.975,39.725,0.0,41.14
2019-03-08 19:00:56,46.32666666666666,2.5,14.47,46.79999999999999,49.044999999999995,0.0,38.56
2019-03-08 20:00:56,65.12,6.925,17.025,84.34,110.61,0.0,31.85
2019-03-08 21:00:56,93.73666666666668,9.275,10.11,112.03000000000002,173.285,0.0,32.05
2019-03-08 22:00:56,133.1,17.39,8.47,106.83999999999999,151.02,0.0,34.49
2019-03-08 23:00:56,132.07,12.550000000000002,7.81,111.5,175.07000000000002,0.0,38.73
2019-03-09 00:00:56,131.91333333333333,11.51,5.73,108.93,175.07000000000002,0.0,40.13
2019-03-09 01:00:56,136.24333333333334,11.469999999999999,5.8,106.815,170.665,0.0,40.31
2019-03-09 02:00:56,132.68333333333334,12.060000000000002,5.544999999999999,91.395,130.315,0.0,38.66
2019-03-09 03:00:56,120.33666666666667,10.155,4.69,77.075,101.28500000000001,0.0,35.16
2019-03-09 04:00:56,98.62,11.18,3.725,66.84,87.71999999999998,0.0,35.88
2019-03-09 05:00:56,83.42666666666666,10.035,3.105,63.74,82.055,0.0,33.2
2019-03-09 06:00:56,70.05,12.255,2.8800000000000003,63.97,82.165,0.0,35.02
2019-03-09 07:00:56,54.983333333333334,10.88,3.375,73.18,104.07,0.0,34.85
2019-03-09 08:00:56,61.92666666666667,6.73,6.895,90.08999999999999,137.955,0.0,34.74
2019-03-09 09:00:56,90.07333333333334,11.89,27.415000000000003,111.375,169.2,0.0,28.95
2019-03-09 10:00:56,139.94,12.63,47.69,101.96999999999998,136.665,0.0,37.5
2019-03-09 11:00:56,157.70999999999998,23.235,27.065,50.84,53.505,0.0,38.75
2019-03-09 12:00:56,115.69666666666667,17.395,17.175,39.57,41.245,0.0,45.81
2019-03-09 13:00:56,74.77666666666667,12.195,9.74,33.565,34.77,0.0,47.26
2019-03-09 14:00:56,45.54,7.594999999999999,8.32,33.69,35.09,0.0,42.64
2019-03-09 15:00:56,45.43333333333334,4.635,6.489999999999999,33.86,34.73,0.0,40.26
2019-03-09 16:00:56,44.93,9.775,5.78,37.68,38.92,0.0,44.13
2019-03-09 17:00:56,35.93666666666667,7.145,4.965,37.33,38.29,0.0,43.87
2019-03-09 18:00:56,31.87,4.3,5.69,46.75,48.23499999999999,0.0,38.28
2019-03-09 19:00:56,42.63333333333333,4.3,13.385,64.545,68.495,0.0,38.65
2019-03-09 20:00:56,85.95666666666666,9.115,8.3,116.65500000000002,174.72,0.0,28.8
2019-03-09 21:00:56,152.90666666666667,17.62,6.239999999999999,92.8,116.185,0.0,36.52
2019-03-09 22:00:56,154.24,20.985,5.505,108.185,159.6,0.0,36.74
2019-03-09 23:00:56,152.88666666666668,13.475,6.79,130.85,225.61,0.0,28.84
2019-03-10 00:00:56,175.20999999999998,15.785000000000002,6.330000000000001,130.295,213.88,0.0,35.02
2019-03-10 01:00:56,179.37333333333333,23.99,5.965,134.54,242.105,0.0,31.99
2019-03-10 02:00:56,184.54333333333332,19.89,6.37,131.18,222.045,0.0,29.46
2019-03-10 03:00:56,176.98333333333335,18.71,7.010000000000001,112.015,166.115,0.0,29.9
2019-03-10 04:00:56,150.44333333333336,18.41,6.63,102.645,160.58,0.0,31.5
2019-03-10 05:00:56,134.65666666666667,11.810000000000002,6.525000000000001,97.625,151.545,0.0,33.46
2019-03-10 06:00:56,118.81666666666666,13.949999999999998,7.515,93.365,137.195,0.0,30.99
2019-03-10 07:00:56,108.57666666666667,11.305,6.495,87.88,124.01,0.0,36.69
2019-03-10 08:00:56,101.27666666666667,13.0,6.19,97.575,146.7,0.0,31.11
2019-03-10 09:00:56,102.55,15.885,25.295,101.055,138.26,0.0,33.44
2019-03-10 10:00:56,131.81333333333333,15.35,39.62,97.415,121.03000000000002,0.0,35.02
2019-03-10 11:00:56,148.42333333333335,17.95,32.205,60.975,65.455,0.0,41.42
2019-03-10 12:00:56,114.18333333333334,14.275,19.01,38.675,39.785,0.0,41.54
2019-03-10 13:00:56,78.54666666666667,13.329999999999998,11.97,41.45,43.48499999999999,0.0,49.37
2019-03-10 14:00:56,62.74666666666667,9.665,9.865,35.05,35.88,0.0,41.34
2019-03-10 15:00:56,57.81,5.849999999999999,11.495,35.92,36.83,0.0,45.99
2019-03-10 16:00:56,69.49000000000001,9.635,7.485,34.3,34.78,0.0,33.87
2019-03-10 17:00:56,66.34666666666668,6.989999999999999,7.405,34.245,34.695,0.0,33.48
2019-03-10 18:00:56,60.17,7.705000000000001,8.595,40.555,41.3,0.0,46.34
2019-03-10 19:00:56,57.51333333333333,12.454999999999998,13.755,57.145,60.945,0.0,39.47
2019-03-10 20:00:56,69.06,8.655,15.51,117.53000000000002,173.645,0.0,26.89
2019-03-10 21:00:56,121.78,12.805,8.925,122.81,181.92,0.0,28.58
2019-03-10 22:00:56,154.66333333333333,12.9,27.745,110.32,147.68,0.0,27.69
2019-03-10 23:00:56,160.51,18.58,16.595,88.255,107.19,0.0,31.64
2019-03-11 00:00:56,131.97,21.705,19.47,83.45,100.11,0.0,38.48
2019-03-11 01:00:56,125.93,19.655,12.185,74.425,90.01,0.0,45.07
2019-03-11 02:00:56,112.87333333333333,18.62,6.28,77.435,95.885,0.0,44.9
2019-03-11 03:00:56,98.39666666666668,14.875,5.185,70.25,83.1,0.0,50.12
2019-03-11 04:00:56,89.98666666666666,14.085,4.675,61.495,69.22,0.0,44.03
2019-03-11 05:00:56,80.13333333333334,13.485,5.465,59.875,67.41,0.0,48.73
2019-03-11 06:00:56,79.01333333333334,29.955,4.27,57.505,65.685,0.0,46.1
2019-03-11 07:00:56,71.27,31.25,5.415,62.96,78.045,0.0,43.98
2019-03-11 08:00:56,82.29,23.24,14.745,77.885,111.04,0.0,43.06
2019-03-11 09:00:56,131.26333333333332,22.820000000000004,41.78,107.635,163.9,0.0,29.56
2019-03-11 10:00:56,170.39666666666668,30.49,41.235,70.595,82.49,0.0,40.49
2019-03-11 11:00:56,149.65,27.95,19.64,39.36,40.59,0.0,42.17
2019-03-11 12:00:56,98.27666666666667,21.695000000000004,16.38,32.21,32.905,0.0,51.57
2019-03-11 13:00:56,91.12333333333333,13.770000000000001,9.75,28.755,29.415000000000003,0.0,48.11
2019-03-11 14:00:56,99.12666666666667,9.1,8.035,30.08,30.8,0.0,42.49
2019-03-11 15:00:56,72.10666666666667,9.195,6.974999999999999,29.935,30.63,0.0,37.91
2019-03-11 16:00:56,47.78,6.37,7.21,36.58,37.255,0.0,38.17
2019-03-11 17:00:56,50.916666666666664,3.9800000000000004,5.88,40.915,41.68,0.0,39.51
2019-03-11 18:00:56,51.96333333333333,2.615,6.245,55.03,57.625,0.0,38.99
2019-03-11 19:00:56,61.879999999999995,3.7000000000000006,7.925,92.39,111.75,0.0,36.47
2019-03-11 20:00:56,118.34666666666666,15.050000000000002,7.515,110.67,150.135,0.0,27.78
2019-03-11 21:00:56,161.22,21.705,8.095,114.615,154.605,0.0,28.35
2019-03-11 22:00:56,155.07,24.98,11.18,90.84499999999998,104.88,0.0,29.08
2019-03-11 23:00:56,148.79,26.820000000000004,10.545,92.71999999999998,117.705,0.0,29.48
2019-03-12 00:00:56,146.91666666666669,20.035,9.965,107.86,154.37,0.0,32.17
2019-03-12 01:00:56,143.45,18.715,7.64,106.33,160.435,0.0,33.08
2019-03-12 02:00:56,132.90666666666667,14.954999999999998,6.855,84.045,103.75,0.0,35.96
2019-03-12 03:00:56,111.72,12.594999999999999,14.28,80.825,105.66000000000001,0.0,40.4
2019-03-12 04:00:56,110.28,9.54,14.505,62.4,68.26,0.0,47.7
2019-03-12 05:00:56,94.44333333333333,15.045000000000002,9.795,49.725,53.65,0.0,40.03
2019-03-12 06:00:56,63.916666666666664,10.375,6.515,43.315,46.580000000000005,0.0,49.29
2019-03-12 07:00:56,56.45666666666667,10.59,6.21,47.38,52.535,0.0,49.8
2019-03-12 08:00:56,55.846666666666664,11.68,11.324999999999998,60.67499999999999,75.705,0.0,48.8
2019-03-12 09:00:56,68.12333333333333,9.51,12.0,73.865,98.625,0.0,47.83
2019-03-12 10:00:56,96.26666666666665,14.75,13.735,48.215,51.935,0.0,47.3
2019-03-12 11:00:56,77.56,10.62,13.205,34.025,35.115,0.0,51.59
2019-03-12 12:00:56,65.19333333333333,11.99,10.61,27.945000000000004,28.615,0.0,41.15
2019-03-12 13:00:56,55.92333333333333,9.71,9.705,28.205,28.899999999999995,0.0,34.89
2019-03-12 14:00:56,50.04333333333334,9.48,10.275,29.845,30.615,0.0,40.06
2019-03-12 15:00:56,41.736666666666665,6.065,8.54,30.709999999999997,31.745,0.0,40.96
2019-03-12 16:00:56,46.81,9.045,6.315,29.845,30.524999999999995,0.0,35.34
2019-03-12 17:00:56,55.32,6.390000000000001,6.255,31.615,32.225,0.0,39.68
2019-03-12 18:00:56,55.97666666666666,9.545,7.98,39.215,40.34,0.0,38.16
2019-03-12 19:00:56,71.41666666666667,7.335000000000001,24.540000000000003,47.51,50.21,0.0,36.84
2019-03-12 20:00:56,79.28333333333333,7.175,21.705,41.515,43.195,0.0,41.17
2019-03-12 21:00:56,73.62,8.345,24.885,42.405,44.64000000000001,0.0,55.74
2019-03-12 22:00:56,81.52,9.905,22.61,46.74,50.27,0.0,52.38
2019-03-12 23:00:56,79.32333333333334,9.93,23.56,39.39,40.41,0.0,54.98
2019-03-13 00:00:56,72.78666666666666,6.885000000000001,13.905,36.8,37.58,0.0,50.21
2019-03-13 01:00:56,74.67,4.69,7.19,40.37,42.37,0.0,0.0
2019-03-13 02:00:56,70.05,8.465,8.52,32.76,33.42,0.0,0.0
2019-03-13 03:00:56,51.47333333333333,6.489999999999999,7.56,29.55,29.935,0.0,0.0
2019-03-13 04:00:56,37.22333333333333,3.6449999999999996,6.895,28.645,29.005,0.0,0.0
2019-03-13 05:00:56,30.076666666666668,3.205,4.245,29.91,30.24,0.0,0.0
2019-03-13 06:00:56,38.84,8.135,4.495,30.86,31.105,0.0,0.0
2019-03-13 07:00:56,38.473333333333336,6.400000000000001,6.099999999999999,29.22,29.595,0.0,0.0
2019-03-13 08:00:56,33.806666666666665,6.43,9.14,41.285,43.37,0.0,0.0
2019-03-13 09:00:56,35.583333333333336,4.57,7.3,43.48499999999999,45.48499999999999,0.0,0.0
2019-03-13 10:00:56,36.21333333333333,7.675,7.599999999999999,38.615,40.045,0.0,0.0
2019-03-13 11:00:56,34.473333333333336,8.855,6.45,32.945,33.545,0.0,0.0
2019-03-13 12:00:56,32.54333333333334,8.03,8.09,35.425,36.345,0.0,0.0
2019-03-13 13:00:56,31.403333333333336,8.97,8.765,37.02,38.42,0.0,0.0
2019-03-13 14:00:56,28.236666666666668,5.785,7.635000000000001,46.635,50.855,0.0,0.0
2019-03-13 15:00:56,33.36,3.1400000000000006,6.974999999999999,41.315,43.555,0.0,0.0
2019-03-13 16:00:56,43.13,6.745,4.935,46.255,49.76500000000001,0.0,0.0
2019-03-13 17:00:56,43.019999999999996,4.815,5.085,44.57,46.845,0.0,0.0
2019-03-13 18:00:56,49.73,2.625,4.925,42.15,43.645,0.0,0.0
2019-03-13 19:00:56,45.96333333333333,3.545,2.53,42.95000000000001,46.31,0.0,0.0
2019-03-13 20:00:56,45.49666666666667,2.56,1.6849999999999998,40.05,43.43,0.0,0.0
2019-03-13 21:00:56,38.74,2.445,1.58,33.745,35.76,0.0,0.0
2019-03-13 22:00:56,37.18,8.68,1.345,28.99,30.274999999999995,0.0,0.0
2019-03-13 23:00:56,28.919999999999998,6.495,1.58,26.26,27.31,0.0,0.0
2019-03-14 00:00:56,17.556666666666665,6.905000000000001,1.8099999999999998,25.24,26.14,0.0,0.0
2019-03-14 01:00:56,18.833333333333332,5.26,1.795,24.035,24.785,0.0,0.0
2019-03-14 02:00:56,17.683333333333334,3.0050000000000003,2.025,22.815,23.38,0.0,0.0
2019-03-14 03:00:56,13.166666666666666,2.12,1.93,22.38,22.98,0.0,0.0
2019-03-14 04:00:56,8.266666666666666,2.545,1.8,20.75,21.1,0.0,0.0
2019-03-14 05:00:56,7.623333333333333,2.275,1.665,20.405,20.555,0.0,0.0
2019-03-14 06:00:56,9.716666666666667,1.9450000000000003,1.54,21.935,22.540000000000003,0.0,0.0
2019-03-14 07:00:56,8.196666666666667,1.5599999999999998,1.635,23.34,24.165000000000003,0.0,0.0
2019-03-14 08:00:56,11.31,1.5249999999999997,1.61,33.24,35.88,0.0,0.0
2019-03-14 09:00:56,13.943333333333332,2.09,1.795,39.17,43.10999999999999,0.0,0.0
2019-03-14 10:00:56,18.29,7.995,2.175,31.215,33.36,0.0,0.0
2019-03-14 11:00:56,19.43,5.94,2.3,42.455,48.15,0.0,0.0
2019-03-14 12:00:56,22.953333333333333,3.4249999999999994,3.03,37.82,42.05,0.0,0.0
2019-03-14 13:00:56,26.43,3.4299999999999997,4.375,35.49,38.755,0.0,0.0
2019-03-14 14:00:56,36.376666666666665,8.71,5.405,36.31,39.995,0.0,0.0
2019-03-14 15:00:56,37.33,7.5,4.205,41.315,46.745,0.0,0.0
2019-03-14 16:00:56,29.37333333333333,12.005,5.265,41.99,46.48,0.0,0.0
2019-03-14 17:00:56,37.67666666666667,8.205,6.23,41.265,44.405,0.0,0.0
2019-03-14 18:00:56,49.49333333333334,5.5,5.175,52.22,58.115,0.0,0.0
2019-03-14 19:00:56,60.47333333333333,6.12,9.29,56.669999999999995,61.335,0.0,0.0
2019-03-14 20:00:56,78.63,9.83,8.565,85.575,116.365,0.0,0.0
2019-03-14 21:00:56,105.87333333333333,11.354999999999999,4.99,73.345,90.915,0.0,0.0
2019-03-14 22:00:56,104.09333333333333,8.455,4.175,83.325,117.79,0.0,0.0
2019-03-14 23:00:56,102.99,12.36,3.9,76.955,100.495,0.0,0.0
2019-03-15 00:00:56,103.15,15.155000000000001,16.69,77.66,103.24,0.0,0.0
2019-03-15 01:00:56,111.09,17.905,10.34,60.315,72.325,0.0,0.0
2019-03-15 02:00:56,96.39666666666666,12.219999999999999,4.78,56.32500000000001,65.74,0.0,0.0
2019-03-15 03:00:56,80.47333333333333,15.104999999999999,3.7099999999999995,50.72,55.945,0.0,0.0
2019-03-15 04:00:56,64.59,14.704999999999998,4.66,52.34,63.535,0.0,0.0
2019-03-15 05:00:56,62.77333333333334,12.655000000000001,7.895,48.005,56.88,0.0,0.0
2019-03-15 06:00:56,71.07000000000001,9.135,9.66,44.245,48.105,0.0,0.0
2019-03-15 07:00:56,65.02333333333334,11.939999999999998,9.305,46.685,54.085,0.0,0.0
2019-03-15 08:00:56,66.42,13.920000000000002,7.305,54.605,68.68,0.0,0.0
2019-03-15 09:00:56,69.03999999999999,14.964999999999998,5.5,61.305,80.84,0.0,0.0
2019-03-15 10:00:56,66.82666666666667,13.300000000000002,4.855,71.825,101.445,0.0,0.0
2019-03-15 11:00:56,77.85,20.505,5.63,66.85,90.915,0.0,0.0
2019-03-15 12:00:56,95.60666666666667,26.595,9.135,69.075,93.93,0.0,0.0
2019-03-15 13:00:56,81.41,19.925,7.86,0.0,0.0,0.0,0.0
2019-03-15 14:00:56,63.71333333333334,20.905,9.9,0.0,0.0,0.0,0.0
2019-03-15 15:00:56,46.403333333333336,13.365,8.075,0.0,0.0,0.0,0.0
2019-03-15 16:00:56,38.33,9.475,8.42,0.0,0.0,0.0,0.0
2019-03-15 17:00:56,28.71333333333333,12.555,6.28,0.0,0.0,0.0,0.0
2019-03-15 18:00:56,31.686666666666667,8.2,3.3250000000000006,0.0,0.0,0.0,0.0
2019-03-15 19:00:56,31.73,5.62,5.06,0.0,0.0,0.0,0.0
2019-03-15 20:00:56,41.66,4.71,11.175000000000002,0.0,0.0,0.0,0.0
2019-03-15 21:00:56,49.336666666666666,8.3,9.33,0.0,0.0,0.0,0.0
2019-03-15 22:00:56,48.519999999999996,9.14,7.13,0.0,0.0,0.0,0.0
2019-03-15 23:00:56,44.986666666666665,11.079999999999998,3.83,0.0,0.0,0.0,0.0
2019-03-16 00:00:56,39.123333333333335,14.635,3.51,0.0,0.0,0.0,0.0
2019-03-16 01:00:56,36.89666666666667,13.005,2.6749999999999994,0.0,0.0,0.0,0.0
2019-03-16 02:00:56,31.683333333333337,8.5,2.42,0.0,0.0,0.0,0.0
2019-03-16 03:00:56,22.606666666666666,4.87,2.22,0.0,0.0,0.0,0.0
2019-03-16 04:00:56,18.813333333333333,4.195,2.045,0.0,0.0,0.0,0.0
2019-03-16 05:00:56,12.589999999999998,3.59,2.02,0.0,0.0,0.0,0.0
2019-03-16 06:00:56,9.466666666666667,4.62,1.83,0.0,0.0,0.0,0.0
2019-03-16 07:00:56,10.466666666666669,3.115,1.64,0.0,0.0,0.0,0.0
2019-03-16 08:00:56,12.26,2.09,1.86,0.0,0.0,0.0,0.0
2019-03-16 09:00:56,8.67,2.14,1.765,0.0,0.0,0.0,0.0
2019-03-16 10:00:56,7.853333333333333,1.995,1.925,0.0,0.0,0.0,0.0
2019-03-16 11:00:56,9.8,3.6199999999999997,1.7299999999999998,0.0,0.0,0.0,0.0
2019-03-16 12:00:56,12.106666666666667,5.905000000000001,1.74,0.0,0.0,0.0,0.0
2019-03-16 13:00:56,9.683333333333334,7.38,1.755,0.0,0.0,0.0,0.0
2019-03-16 14:00:56,13.616666666666667,6.56,2.36,0.0,0.0,0.0,0.0
2019-03-16 15:00:56,11.953333333333333,4.225,2.855,0.0,0.0,0.0,0.0
2019-03-16 16:00:56,9.863333333333335,5.724999999999999,2.65,0.0,0.0,0.0,0.0
2019-03-16 17:00:56,14.293333333333335,4.31,2.495,0.0,0.0,0.0,0.0
2019-03-16 18:00:56,23.233333333333334,2.85,1.985,0.0,0.0,0.0,0.0
2019-03-16 19:00:56,39.34666666666667,2.315,1.915,0.0,0.0,0.0,0.0
2019-03-16 20:00:56,45.86333333333333,3.31,1.88,0.0,0.0,0.0,0.0
2019-03-16 21:00:56,44.22666666666667,7.32,1.8549999999999998,0.0,0.0,0.0,0.0
2019-03-16 22:00:56,42.03666666666667,8.965,2.595,0.0,0.0,0.0,0.0
2019-03-16 23:00:56,43.696666666666665,6.175,3.11,0.0,0.0,0.0,0.0
2019-03-17 00:00:56,39.593333333333334,8.23,3.7900000000000005,0.0,0.0,0.0,0.0
2019-03-17 01:00:56,37.57333333333334,6.525000000000001,4.62,0.0,0.0,0.0,0.0
2019-03-17 02:00:56,25.163333333333334,3.965,4.19,0.0,0.0,0.0,0.0
2019-03-17 03:00:56,25.15,3.3599999999999994,3.625,0.0,0.0,0.0,0.0
2019-03-17 04:00:56,25.23,8.89,2.75,0.0,0.0,0.0,0.0
2019-03-17 05:00:56,22.57,6.390000000000001,1.6900000000000002,0.0,0.0,0.0,0.0
2019-03-17 06:00:56,18.543333333333333,4.645,2.955,0.0,0.0,0.0,0.0
2019-03-17 07:00:56,21.31,7.12,3.06,0.0,0.0,0.0,0.0
2019-03-17 08:00:56,27.843333333333334,5.035,4.0,0.0,0.0,0.0,0.0
2019-03-17 09:00:56,33.65,9.115,7.775000000000001,0.0,0.0,0.0,0.0
2019-03-17 10:00:56,33.56666666666667,12.015,10.785000000000002,0.0,0.0,0.0,0.0
2019-03-17 11:00:56,25.946666666666665,11.035000000000002,7.705000000000001,0.0,0.0,0.0,0.0
2019-03-17 12:00:56,21.703333333333333,8.465,5.650000000000001,0.0,0.0,0.0,0.0
2019-03-17 13:00:56,18.21,5.33,4.145,0.0,0.0,0.0,0.0
2019-03-17 14:00:56,15.476666666666667,2.92,3.3349999999999995,0.0,0.0,0.0,0.0
2019-03-17 15:00:56,15.68,4.655,3.01,0.0,0.0,0.0,0.0
2019-03-17 16:00:56,19.586666666666666,4.31,1.96,0.0,0.0,0.0,0.0
2019-03-17 17:00:56,16.6,4.705,1.76,0.0,0.0,0.0,0.0
2019-03-17 18:00:56,17.12333333333333,6.56,2.015,0.0,0.0,0.0,0.0
2019-03-17 19:00:56,20.0,6.135000000000001,4.84,0.0,0.0,0.0,0.0
2019-03-17 20:00:56,31.60333333333333,3.5750000000000006,4.675,0.0,0.0,0.0,0.0
2019-03-17 21:00:56,44.903333333333336,8.305,4.625,0.0,0.0,0.0,0.0
2019-03-17 22:00:56,49.47333333333333,6.359999999999999,12.705,0.0,0.0,0.0,0.0
2019-03-17 23:00:56,63.66,6.030000000000001,22.81,0.0,0.0,0.0,0.0
2019-03-18 00:00:56,80.92333333333333,12.625,8.215,0.0,0.0,0.0,0.0
2019-03-18 01:00:56,80.25,12.060000000000002,9.15,0.0,0.0,0.0,0.0
2019-03-18 02:00:56,79.95666666666666,12.439999999999998,11.285000000000002,0.0,0.0,0.0,0.0
2019-03-18 03:00:56,63.84666666666667,7.835000000000001,8.325,0.0,0.0,0.0,0.0
2019-03-18 04:00:56,60.28,4.01,5.89,0.0,0.0,0.0,0.0
2019-03-18 05:00:56,44.04333333333334,2.09,8.06,0.0,0.0,0.0,0.0
2019-03-18 06:00:56,36.93,6.56,9.13,0.0,0.0,0.0,0.0
2019-03-18 07:00:56,44.17,10.09,13.300000000000002,0.0,0.0,0.0,0.0
2019-03-18 08:00:56,52.49666666666667,6.474999999999999,18.835,0.0,0.0,0.0,0.0
2019-03-18 09:00:56,84.11666666666666,5.969999999999999,32.99,0.0,0.0,0.0,0.0
2019-03-18 10:00:56,126.29,12.324999999999998,21.649999999999995,0.0,0.0,0.0,0.0
2019-03-18 11:00:56,109.44333333333333,14.410000000000002,20.77,0.0,0.0,0.0,0.0
2019-03-18 12:00:56,84.97333333333333,9.35,11.5,0.0,0.0,0.0,0.0
2019-03-18 13:00:56,53.343333333333334,5.739999999999999,9.89,0.0,0.0,0.0,0.0
2019-03-18 14:00:56,49.06333333333333,4.37,8.755,0.0,0.0,0.0,0.0
2019-03-18 15:00:56,44.833333333333336,6.43,5.645,0.0,0.0,0.0,0.0
2019-03-18 16:00:56,33.02333333333333,4.98,5.03,0.0,0.0,0.0,0.0
2019-03-18 17:00:56,30.706666666666663,2.975,4.615,0.0,0.0,0.0,0.0
2019-03-18 18:00:56,30.243333333333332,1.61,5.1,0.0,0.0,0.0,0.0
2019-03-18 19:00:56,32.446666666666665,1.705,12.51,0.0,0.0,0.0,0.0
2019-03-18 20:00:56,50.98666666666667,1.345,20.35,0.0,0.0,0.0,0.0
2019-03-18 21:00:56,83.80333333333334,3.4800000000000004,7.185,0.0,0.0,0.0,0.0
2019-03-18 22:00:56,103.27666666666667,17.25,6.794999999999999,0.0,0.0,0.0,0.0
2019-03-18 23:00:56,113.01666666666665,17.525,6.900000000000001,0.0,0.0,0.0,0.0
2019-03-19 00:00:56,115.63333333333333,12.18,5.295,0.0,0.0,0.0,0.0
2019-03-19 01:00:56,107.92,12.439999999999998,4.125,0.0,0.0,0.0,0.0
2019-03-19 02:00:56,108.21,12.12,3.69,0.0,0.0,0.0,0.0
2019-03-19 03:00:56,91.33,7.66,2.84,0.0,0.0,0.0,0.0
2019-03-19 04:00:56,87.55666666666667,12.04,3.855,0.0,0.0,0.0,0.0
2019-03-19 05:00:56,76.54666666666667,8.41,4.42,0.0,0.0,0.0,0.0
2019-03-19 06:00:56,66.62,9.805,4.4,0.0,0.0,0.0,0.0
2019-03-19 07:00:56,64.13666666666667,6.375,5.32,0.0,0.0,0.0,0.0
2019-03-19 08:00:56,68.30000000000001,4.42,11.645000000000001,0.0,0.0,0.0,0.0
2019-03-19 09:00:56,104.35666666666667,12.9,17.875,0.0,0.0,0.0,0.0
2019-03-19 10:00:56,108.85,19.895,16.98,0.0,0.0,0.0,0.0
2019-03-19 11:00:56,116.23666666666668,20.84,12.775,0.0,0.0,0.0,0.0
2019-03-19 12:00:56,102.39333333333333,12.9,14.300000000000002,0.0,0.0,0.0,0.0
2019-03-19 13:00:56,90.1,11.525,0.0,0.0,0.0,0.0,0.0
2019-03-19 14:00:56,59.22666666666666,11.275,8.77,0.0,0.0,0.0,0.0
2019-03-19 15:00:56,50.63666666666666,10.555,5.16,0.0,0.0,0.0,0.0
2019-03-19 16:00:56,37.373333333333335,9.005,5.0,0.0,0.0,0.0,0.0
2019-03-19 17:00:56,35.806666666666665,5.780000000000001,4.155,0.0,0.0,0.0,0.0
2019-03-19 18:00:56,38.943333333333335,5.93,3.74,0.0,0.0,0.0,0.0
2019-03-19 19:00:56,50.45,4.125,3.705,0.0,0.0,0.0,0.0
2019-03-19 20:00:56,63.98666666666667,8.48,4.585,0.0,0.0,0.0,0.0
2019-03-19 21:00:56,77.71,13.055,4.215,0.0,0.0,0.0,0.0
2019-03-19 22:00:56,85.77333333333334,13.975,8.025,0.0,0.0,0.0,0.0
2019-03-19 23:00:56,92.94666666666667,9.505,24.584999999999997,0.0,0.0,0.0,0.0
2019-03-20 00:00:56,108.46333333333334,11.76,23.66,0.0,0.0,0.0,0.0
2019-03-20 01:00:56,112.94666666666666,9.08,24.175,0.0,0.0,0.0,0.0
2019-03-20 02:00:56,116.73666666666666,7.919999999999999,18.275,0.0,0.0,0.0,0.0
2019-03-20 03:00:56,100.22,9.105,17.43,0.0,0.0,0.0,0.0
2019-03-20 04:00:56,87.90333333333334,11.089999999999998,9.39,0.0,0.0,0.0,0.0
2019-03-20 05:00:56,66.77,7.555,6.04,0.0,0.0,0.0,0.0
2019-03-20 06:00:56,56.74666666666667,7.245,5.255,0.0,0.0,0.0,0.0
2019-03-20 07:00:56,56.04666666666667,7.109999999999999,4.94,0.0,0.0,0.0,0.0
2019-03-20 08:00:56,58.836666666666666,7.775000000000001,11.229999999999999,0.0,0.0,0.0,0.0
2019-03-20 09:00:56,79.31333333333333,11.464999999999998,29.554999999999996,0.0,0.0,0.0,0.0
2019-03-20 10:00:56,107.32,18.545,25.61,0.0,0.0,0.0,0.0
2019-03-20 11:00:56,103.49666666666667,13.395000000000001,18.23,0.0,0.0,0.0,0.0
2019-03-20 12:00:56,98.77333333333334,8.975,15.115,0.0,0.0,0.0,0.0
2019-03-20 13:00:56,78.61666666666667,11.21,7.544999999999999,0.0,0.0,0.0,0.0
2019-03-20 14:00:56,63.08666666666667,8.24,3.65,0.0,0.0,0.0,0.0
2019-03-20 15:00:56,43.78,4.76,2.57,0.0,0.0,0.0,0.0
2019-03-20 16:00:56,25.786666666666665,7.460000000000001,2.39,0.0,0.0,0.0,0.0
2019-03-20 17:00:56,36.276666666666664,5.419999999999999,2.54,0.0,0.0,0.0,0.0
2019-03-20 18:00:56,33.70666666666667,6.775000000000001,2.955,0.0,0.0,0.0,0.0
2019-03-20 19:00:56,49.64333333333333,4.415,3.1,0.0,0.0,0.0,0.0
2019-03-20 20:00:56,73.24,9.79,2.905,0.0,0.0,0.0,0.0
2019-03-20 21:00:56,71.69333333333333,8.035,3.14,0.0,0.0,0.0,0.0
2019-03-20 22:00:56,55.629999999999995,11.1,4.29,0.0,0.0,0.0,0.0
2019-03-20 23:00:56,45.89333333333333,14.844999999999999,3.605,0.0,0.0,0.0,0.0
2019-03-21 00:00:56,38.11666666666667,12.15,2.645,0.0,0.0,0.0,0.0
2019-03-21 01:00:56,37.6,7.23,1.9750000000000003,0.0,0.0,0.0,0.0
2019-03-21 02:00:56,31.266666666666666,4.765,1.89,0.0,0.0,0.0,0.0
2019-03-21 03:00:56,27.286666666666665,4.79,1.735,0.0,0.0,0.0,0.0
2019-03-21 04:00:56,25.03333333333333,11.675000000000002,2.34,0.0,0.0,0.0,0.0
2019-03-21 05:00:56,22.266666666666666,8.745,2.625,0.0,0.0,0.0,0.0
2019-03-21 06:00:56,18.043333333333333,4.77,6.035,0.0,0.0,0.0,0.0
2019-03-21 07:00:56,21.69666666666667,2.9249999999999994,4.16,0.0,0.0,0.0,0.0
2019-03-21 08:00:56,30.086666666666666,1.985,8.99,0.0,0.0,0.0,0.0
2019-03-21 09:00:56,60.24666666666667,4.985,13.63,0.0,0.0,0.0,0.0
2019-03-21 10:00:56,81.65333333333334,8.935,11.89,0.0,0.0,0.0,0.0
2019-03-21 11:00:56,71.58,10.995,9.885,0.0,0.0,0.0,0.0
2019-03-21 12:00:56,41.56333333333333,7.484999999999999,7.905,0.0,0.0,0.0,0.0
2019-03-21 13:00:56,41.40333333333333,4.485,6.465,0.0,0.0,0.0,22.4
2019-03-21 14:00:56,66.79333333333334,4.785,4.545,0.0,0.0,0.0,20.59
2019-03-21 15:00:56,49.60666666666667,3.065,3.44,0.0,0.0,0.0,19.91
2019-03-21 16:00:56,29.673333333333332,3.5849999999999995,2.73,0.0,0.0,0.0,19.44
2019-03-21 17:00:56,38.04,5.19,2.9599999999999995,0.0,0.0,0.0,22.5
2019-03-21 18:00:56,55.696666666666665,5.275,4.585,0.0,0.0,0.0,20.48
2019-03-21 19:00:56,72.99666666666667,4.795,4.385,0.0,0.0,0.0,20.92
2019-03-21 20:00:56,65.82666666666667,3.365,3.4500000000000006,0.0,0.0,0.0,19.17
2019-03-21 21:00:56,59.43333333333334,2.405,2.815,0.0,0.0,0.0,18.89
2019-03-21 22:00:56,54.34,5.739999999999999,2.45,0.0,0.0,0.0,23.06
2019-03-21 23:00:56,46.99333333333334,8.855,2.125,0.0,0.0,0.0,19.89
2019-03-22 00:00:56,37.21333333333333,6.855,2.06,0.0,0.0,0.0,19.62
2019-03-22 01:00:56,32.446666666666665,6.57,1.83,0.0,0.0,0.0,23.49
2019-03-22 02:00:56,30.916666666666668,5.755,1.8,0.0,0.0,0.0,23.1
2019-03-22 03:00:56,28.813333333333333,7.580000000000001,1.6450000000000002,0.0,0.0,0.0,20.97
2019-03-22 04:00:56,29.756666666666664,15.87,2.31,0.0,0.0,0.0,16.25
2019-03-22 05:00:56,32.18333333333333,10.925000000000002,3.6199999999999997,0.0,0.0,0.0,19.36
2019-03-22 06:00:56,32.32333333333334,6.175,5.935,0.0,0.0,0.0,16.0
2019-03-22 07:00:56,28.5,3.565,7.23,0.0,0.0,0.0,16.13
2019-03-22 08:00:56,32.13666666666667,2.0,5.07,0.0,0.0,0.0,22.23
2019-03-22 09:00:56,44.12,4.56,9.98,0.0,0.0,0.0,26.46
2019-03-22 10:00:56,59.38999999999999,8.37,9.075,0.0,0.0,0.0,23.25
2019-03-22 11:00:56,54.57666666666667,12.560000000000002,8.05,0.0,0.0,0.0,20.57
2019-03-22 12:00:56,42.09,12.079999999999998,6.11,0.0,0.0,0.0,23.9
2019-03-22 13:00:56,32.55,8.775,4.23,0.0,0.0,0.0,20.44
2019-03-22 14:00:56,33.236666666666665,5.55,3.695,0.0,0.0,0.0,21.76
2019-03-22 15:00:56,46.01666666666667,6.114999999999999,3.7999999999999994,0.0,0.0,0.0,19.33
2019-03-22 16:00:56,28.14333333333333,4.06,2.82,0.0,0.0,0.0,20.47
2019-03-22 17:00:56,25.78,5.59,2.345,0.0,0.0,0.0,19.85
2019-03-22 18:00:56,32.54666666666667,5.14,2.8349999999999995,0.0,0.0,0.0,19.4
2019-03-22 19:00:56,32.163333333333334,3.2300000000000004,3.705,0.0,0.0,0.0,18.98
2019-03-22 20:00:56,42.28,6.510000000000001,3.8699999999999997,0.0,0.0,0.0,20.09
2019-03-22 21:00:56,53.39333333333334,5.07,2.855,0.0,0.0,0.0,17.85
2019-03-22 22:00:56,55.06333333333333,12.339999999999998,2.435,0.0,0.0,0.0,19.55
2019-03-22 23:00:56,51.91,9.795,1.83,0.0,0.0,0.0,18.07
2019-03-23 00:00:56,43.82,8.925,1.75,0.0,0.0,0.0,15.88
2019-03-23 01:00:56,46.77333333333334,8.45,2.49,0.0,0.0,0.0,15.1
2019-03-23 02:00:56,52.35333333333333,13.165,4.9,0.0,0.0,0.0,14.98
2019-03-23 03:00:56,59.00666666666667,9.17,2.55,0.0,0.0,0.0,16.69
2019-03-23 04:00:56,53.28333333333333,6.375,2.57,0.0,0.0,0.0,13.96
2019-03-23 05:00:56,46.03,4.245,3.0050000000000003,0.0,0.0,0.0,13.98
2019-03-23 06:00:56,49.28,2.395,3.275,0.0,0.0,0.0,17.49
2019-03-23 07:00:56,40.31666666666666,6.775000000000001,2.895,0.0,0.0,0.0,15.63
2019-03-23 08:00:56,43.69,7.715,4.72,0.0,0.0,0.0,17.91
2019-03-23 09:00:56,54.629999999999995,8.465,21.27,0.0,0.0,0.0,21.79
2019-03-23 10:00:56,76.51,13.62,15.800000000000002,0.0,0.0,0.0,27.56
2019-03-23 11:00:56,69.43666666666667,17.54,9.6,0.0,0.0,0.0,24.76
2019-03-23 12:00:56,48.88666666666667,12.969999999999999,9.46,0.0,0.0,0.0,19.87
2019-03-23 13:00:56,45.596666666666664,7.539999999999999,5.335,0.0,0.0,0.0,22.39
2019-03-23 14:00:56,35.196666666666665,6.640000000000001,3.6,0.0,0.0,0.0,22.9
2019-03-23 15:00:56,26.376666666666665,6.359999999999999,2.64,0.0,0.0,0.0,21.07
2019-03-23 16:00:56,27.583333333333332,6.305,2.99,0.0,0.0,0.0,20.45
2019-03-23 17:00:56,44.5,4.935,2.945,0.0,0.0,0.0,21.73
2019-03-23 18:00:56,52.33666666666667,3.065,3.92,0.0,0.0,0.0,19.07
2019-03-23 19:00:56,50.49,7.355,4.72,0.0,0.0,0.0,19.45
2019-03-23 20:00:56,48.17666666666667,5.609999999999999,5.974999999999999,0.0,0.0,0.0,20.9
2019-03-23 21:00:56,40.733333333333334,9.215,4.31,0.0,0.0,0.0,19.33
2019-03-23 22:00:56,36.17666666666667,7.044999999999999,2.78,0.0,0.0,0.0,22.35
2019-03-23 23:00:56,31.916666666666668,6.594999999999999,2.66,0.0,0.0,0.0,20.57
2019-03-24 00:00:56,25.1,10.895000000000001,2.78,0.0,0.0,0.0,23.02
2019-03-24 01:00:56,23.03,7.544999999999999,3.7449999999999997,0.0,0.0,0.0,22.24
2019-03-24 02:00:56,23.46666666666667,5.52,3.295,0.0,0.0,0.0,21.19
2019-03-24 03:00:56,19.646666666666665,3.22,3.58,0.0,0.0,0.0,20.09
2019-03-24 04:00:56,20.94333333333333,6.005,2.585,0.0,0.0,0.0,24.1
2019-03-24 05:00:56,17.273333333333333,4.52,2.39,0.0,0.0,0.0,23.07
2019-03-24 06:00:56,12.426666666666666,2.48,2.7449999999999997,0.0,0.0,0.0,25.92
2019-03-24 07:00:56,8.81,4.18,3.525,0.0,0.0,0.0,21.61
2019-03-24 08:00:56,11.32,3.1400000000000006,3.795,0.0,0.0,0.0,24.5
2019-03-24 09:00:56,11.666666666666666,4.985,3.195,0.0,0.0,0.0,31.45
2019-03-24 10:00:56,13.363333333333335,8.66,4.645,0.0,0.0,0.0,30.65
2019-03-24 11:00:56,15.88,6.239999999999999,2.8699999999999997,0.0,0.0,0.0,24.61
2019-03-24 12:00:56,17.64,7.849999999999999,3.25,0.0,0.0,0.0,24.73
2019-03-24 13:00:56,18.92,5.12,3.095,0.0,0.0,0.0,27.57
2019-03-24 14:00:56,15.546666666666667,3.725,2.6,0.0,0.0,0.0,27.69
2019-03-24 15:00:56,23.57,2.7699999999999996,2.965,0.0,0.0,0.0,31.68
2019-03-24 16:00:56,25.22,9.735,2.56,0.0,0.0,0.0,31.42
2019-03-24 17:00:56,22.35,7.015000000000001,2.43,0.0,0.0,0.0,25.13
2019-03-24 18:00:56,20.513333333333332,4.47,2.57,0.0,0.0,0.0,23.24
2019-03-24 19:00:56,24.416666666666668,3.295,1.7749999999999997,0.0,0.0,0.0,20.67
2019-03-24 20:00:56,27.726666666666667,1.88,1.885,0.0,0.0,0.0,24.48
2019-03-24 21:00:56,25.276666666666667,5.175,2.535,0.0,0.0,0.0,20.63
2019-03-24 22:00:56,24.126666666666665,10.71,2.435,0.0,0.0,0.0,23.24
2019-03-24 23:00:56,21.769999999999996,10.02,1.905,0.0,0.0,0.0,23.89
2019-03-25 00:00:56,22.776666666666667,9.82,2.015,0.0,0.0,0.0,23.31
2019-03-25 01:00:56,25.333333333333332,6.18,1.9750000000000003,0.0,0.0,0.0,25.37
2019-03-25 02:00:56,19.246666666666666,3.345,1.8999999999999997,0.0,0.0,0.0,24.84
2019-03-25 03:00:56,12.606666666666667,2.21,1.845,0.0,0.0,0.0,22.97
2019-03-25 04:00:56,14.530000000000001,2.74,1.615,0.0,0.0,0.0,25.16
2019-03-25 05:00:56,14.613333333333333,7.565,2.09,0.0,0.0,0.0,25.68
2019-03-25 06:00:56,13.29,5.844999999999999,2.005,0.0,0.0,0.0,22.34
2019-03-25 07:00:56,11.316666666666666,3.315,2.38,0.0,0.0,0.0,24.45
2019-03-25 08:00:56,12.323333333333334,2.01,2.205,0.0,0.0,0.0,20.84
2019-03-25 09:00:56,14.646666666666668,2.195,2.045,0.0,0.0,0.0,24.17
2019-03-25 10:00:56,20.38,5.88,2.085,0.0,0.0,0.0,24.18
2019-03-25 11:00:56,20.973333333333333,8.2,2.52,0.0,0.0,0.0,22.49
2019-03-25 12:00:56,22.796666666666667,10.6,2.72,0.0,0.0,0.0,23.79
2019-03-25 13:00:56,18.383333333333333,7.094999999999999,3.5,0.0,0.0,0.0,24.34
2019-03-25 14:00:56,21.83,4.195,3.775,0.0,0.0,0.0,26.05
2019-03-25 15:00:56,28.89,2.38,3.375,0.0,0.0,0.0,24.77
2019-03-25 16:00:56,18.11,5.359999999999999,2.905,0.0,0.0,0.0,17.69
2019-03-25 17:00:56,24.256666666666664,3.9949999999999997,3.2550000000000003,0.0,0.0,0.0,20.93
2019-03-25 18:00:56,27.87333333333333,4.165,2.78,0.0,0.0,0.0,23.02
2019-03-25 19:00:56,40.22666666666667,3.215,2.725,0.0,0.0,0.0,20.26
2019-03-25 20:00:56,60.196666666666665,2.46,2.525,0.0,0.0,0.0,22.34
2019-03-25 21:00:56,58.28666666666666,5.465,2.07,0.0,0.0,0.0,22.38
2019-03-25 22:00:56,48.31333333333333,8.42,1.89,0.0,0.0,0.0,23.12
2019-03-25 23:00:56,36.70666666666666,10.729999999999999,1.6499999999999997,0.0,0.0,0.0,27.42
2019-03-26 00:00:56,31.063333333333333,11.5,1.575,0.0,0.0,0.0,25.25
2019-03-26 01:00:56,27.066666666666666,7.469999999999999,2.565,0.0,0.0,0.0,20.54
2019-03-26 02:00:56,32.86666666666667,6.45,2.44,0.0,0.0,0.0,23.47
2019-03-26 03:00:56,28.546666666666667,6.065,1.915,0.0,0.0,0.0,22.53
2019-03-26 04:00:56,31.05333333333333,5.355,2.425,0.0,0.0,0.0,21.54
2019-03-26 05:00:56,32.800000000000004,8.08,5.295,0.0,0.0,0.0,21.78
2019-03-26 06:00:56,33.43,10.605,2.645,0.0,0.0,0.0,24.4
2019-03-26 07:00:56,32.663333333333334,7.175,2.705,0.0,0.0,0.0,21.78
2019-03-26 08:00:56,37.52333333333333,6.035,11.83,0.0,0.0,0.0,16.18
2019-03-26 09:00:56,61.446666666666665,10.36,27.89,0.0,0.0,0.0,19.42
2019-03-26 10:00:56,86.55333333333333,18.28,19.6,0.0,0.0,0.0,19.11
2019-03-26 11:00:56,79.11333333333333,19.005,15.1,0.0,0.0,0.0,21.94
2019-03-26 12:00:56,65.52,12.395000000000001,12.485,0.0,0.0,0.0,23.88
2019-03-26 13:00:56,59.599999999999994,9.975,11.46,0.0,0.0,0.0,25.03
2019-03-26 14:00:56,45.93666666666667,6.55,8.455,0.0,0.0,0.0,25.91
2019-03-26 15:00:56,50.06666666666666,3.5849999999999995,6.235,0.0,0.0,0.0,25.83
2019-03-26 16:00:56,39.74,5.724999999999999,5.505,0.0,0.0,0.0,22.4
2019-03-26 17:00:56,37.196666666666665,4.285,4.645,0.0,0.0,0.0,22.77
2019-03-26 18:00:56,32.22666666666667,4.495,5.724999999999999,0.0,0.0,0.0,27.36
2019-03-26 19:00:56,33.70333333333333,3.4150000000000005,8.385,0.0,0.0,0.0,20.15
2019-03-26 20:00:56,53.29666666666667,6.080000000000001,3.97,0.0,0.0,0.0,17.51
2019-03-26 21:00:56,62.86333333333334,12.074999999999998,2.44,0.0,0.0,0.0,27.33
2019-03-26 22:00:56,69.36,16.565,23.325,0.0,0.0,0.0,17.43
2019-03-26 23:00:56,89.68333333333334,17.66,18.94,0.0,0.0,0.0,19.06
2019-03-27 00:00:56,94.61333333333334,13.39,5.580000000000001,0.0,0.0,0.0,17.16
2019-03-27 01:00:56,98.14666666666666,7.650000000000001,20.27,0.0,0.0,0.0,18.68
2019-03-27 02:00:56,98.00666666666666,4.105,23.925,0.0,0.0,0.0,18.6
2019-03-27 03:00:56,99.24333333333334,4.455,8.82,0.0,0.0,0.0,15.82
2019-03-27 04:00:56,77.3,7.844999999999999,6.61,0.0,0.0,0.0,16.96
2019-03-27 05:00:56,64.81333333333333,12.24,5.925,0.0,0.0,0.0,18.6
2019-03-27 06:00:56,59.540000000000006,8.19,6.405,0.0,0.0,0.0,18.4
2019-03-27 07:00:56,53.2,4.85,7.54,0.0,0.0,0.0,18.85
2019-03-27 08:00:56,68.87666666666667,5.919999999999999,31.355,0.0,0.0,0.0,19.96
2019-03-27 09:00:56,92.05333333333333,9.67,34.29,0.0,0.0,0.0,16.88
2019-03-27 10:00:56,103.09333333333333,18.755,24.36,0.0,0.0,0.0,19.96
2019-03-27 11:00:56,91.44,22.024999999999995,19.335,0.0,0.0,0.0,23.91
2019-03-27 12:00:56,68.84666666666666,14.115,12.800000000000002,0.0,0.0,0.0,20.85
2019-03-27 13:00:56,62.10999999999999,7.734999999999999,9.79,0.0,0.0,0.0,22.22
2019-03-27 14:00:56,50.63666666666667,10.87,6.510000000000001,0.0,0.0,0.0,23.5
2019-03-27 15:00:56,36.94,7.315,3.98,0.0,0.0,0.0,23.68
2019-03-27 16:00:56,26.133333333333333,5.065,2.9599999999999995,0.0,0.0,0.0,22.26
2019-03-27 17:00:56,34.24333333333333,6.030000000000001,2.365,0.0,0.0,0.0,25.15
2019-03-27 18:00:56,47.873333333333335,6.87,3.7550000000000003,0.0,0.0,0.0,24.43
2019-03-27 19:00:56,82.49,8.705,5.39,0.0,0.0,0.0,22.7
2019-03-27 20:00:56,101.04666666666667,5.530000000000001,4.23,0.0,0.0,0.0,23.66
2019-03-27 21:00:56,94.98,5.525000000000001,3.51,0.0,0.0,0.0,24.21
2019-03-27 22:00:56,82.30333333333334,10.844999999999999,3.055,0.0,0.0,0.0,24.34
2019-03-27 23:00:56,59.67666666666667,12.35,2.8349999999999995,0.0,0.0,0.0,28.86
2019-03-28 00:00:56,53.276666666666664,9.48,2.765,0.0,0.0,0.0,23.56
2019-03-28 01:00:56,36.95333333333333,11.9,3.03,0.0,0.0,0.0,27.37
2019-03-28 02:00:56,30.043333333333337,9.83,2.93,0.0,0.0,0.0,27.05
2019-03-28 03:00:56,28.45,5.969999999999999,2.68,0.0,0.0,0.0,23.21
2019-03-28 04:00:56,28.996666666666666,9.65,2.73,0.0,0.0,0.0,26.9
2019-03-28 05:00:56,26.813333333333333,10.15,2.685,0.0,0.0,0.0,23.15
2019-03-28 06:00:56,29.3,6.325,2.5,0.0,0.0,0.0,26.98
2019-03-28 07:00:56,29.696666666666665,3.9450000000000003,2.485,0.0,0.0,0.0,23.25
2019-03-28 08:00:56,30.326666666666668,8.275,2.34,0.0,0.0,0.0,20.83
2019-03-28 09:00:56,30.05666666666667,6.2,3.115,0.0,0.0,0.0,18.24
2019-03-28 10:00:56,36.83333333333333,9.605,2.98,0.0,0.0,0.0,22.5
2019-03-28 11:00:56,32.95333333333333,12.729999999999999,3.805,0.0,0.0,0.0,21.84
2019-03-28 12:00:56,28.98,8.205,5.985,0.0,0.0,0.0,27.45
2019-03-28 13:00:56,34.34,9.065,7.575,0.0,0.0,0.0,26.73
2019-03-28 14:00:56,37.8,6.525000000000001,6.919999999999999,0.0,0.0,0.0,24.64
2019-03-28 15:00:56,38.12,8.33,6.06,0.0,0.0,0.0,26.9
2019-03-28 16:00:56,25.54,7.25,4.64,0.0,0.0,0.0,22.88
2019-03-28 17:00:56,24.88,4.265,3.61,0.0,0.0,0.0,23.82
2019-03-28 18:00:56,31.913333333333334,4.355,3.445,0.0,0.0,0.0,28.36
2019-03-28 19:00:56,38.81333333333333,4.89,3.065,0.0,0.0,0.0,22.31
2019-03-28 20:00:56,43.43333333333334,4.425,2.27,0.0,0.0,0.0,24.55
2019-03-28 21:00:56,51.00333333333333,5.245,2.09,0.0,0.0,0.0,24.47
2019-03-28 22:00:56,50.96666666666667,10.0,2.085,0.0,0.0,0.0,21.98
2019-03-28 23:00:56,47.26333333333333,13.604999999999999,1.835,0.0,0.0,0.0,25.09
2019-03-29 00:00:56,37.82,8.78,1.915,0.0,0.0,0.0,21.54
2019-03-29 01:00:56,24.323333333333334,4.615,2.04,0.0,0.0,0.0,24.9
2019-03-29 02:00:56,21.87,5.09,1.945,0.0,0.0,0.0,27.4
2019-03-29 03:00:56,20.043333333333333,6.234999999999999,1.845,0.0,0.0,0.0,24.49
2019-03-29 04:00:56,16.80666666666667,4.76,1.845,0.0,0.0,0.0,24.95
2019-03-29 05:00:56,19.986666666666665,6.63,1.63,0.0,0.0,0.0,24.14
2019-03-29 06:00:56,15.213333333333333,4.83,1.795,0.0,0.0,0.0,26.13
2019-03-29 07:00:56,14.98,5.14,1.82,0.0,0.0,0.0,26.2
2019-03-29 08:00:56,11.48,3.8349999999999995,1.96,0.0,0.0,0.0,25.62
2019-03-29 09:00:56,15.283333333333333,2.275,2.125,0.0,0.0,0.0,22.22
2019-03-29 10:00:56,19.406666666666666,1.415,2.29,0.0,0.0,0.0,25.66
2019-03-29 11:00:56,19.703333333333333,5.489999999999999,2.345,0.0,0.0,0.0,25.22
2019-03-29 12:00:56,23.85,5.045,2.24,0.0,0.0,0.0,24.91
2019-03-29 13:00:56,29.376666666666665,7.75,2.14,0.0,0.0,0.0,21.25
2019-03-29 14:00:56,27.96666666666667,5.175,1.99,0.0,0.0,0.0,26.9
2019-03-29 15:00:56,35.89666666666667,3.0549999999999997,2.105,0.0,0.0,0.0,25.57
2019-03-29 16:00:56,27.05666666666667,6.469999999999999,2.135,0.0,0.0,0.0,24.98
2019-03-29 17:00:56,27.58,4.54,2.09,0.0,0.0,0.0,29.52
2019-03-29 18:00:56,26.689999999999998,2.865,2.165,0.0,0.0,0.0,23.2
2019-03-29 19:00:56,24.633333333333333,2.425,1.915,0.0,0.0,0.0,24.84
2019-03-29 20:00:56,23.30666666666667,2.08,2.065,0.0,0.0,0.0,23.84
2019-03-29 21:00:56,21.92,4.075,2.18,0.0,0.0,0.0,29.6
2019-03-29 22:00:56,25.186666666666667,7.25,2.04,0.0,0.0,0.0,24.34
2019-03-29 23:00:56,26.46333333333333,8.985,1.665,0.0,0.0,0.0,24.06
2019-03-30 00:00:56,21.93,5.995,1.76,0.0,0.0,0.0,25.99
2019-03-30 01:00:56,15.206666666666665,3.845,1.4750000000000003,0.0,0.0,0.0,27.12
2019-03-30 02:00:56,22.173333333333332,2.205,1.37,0.0,0.0,0.0,28.69
2019-03-30 03:00:56,16.103333333333335,5.905000000000001,1.23,0.0,0.0,0.0,28.33
2019-03-30 04:00:56,19.21,7.245,1.2,0.0,0.0,0.0,26.54
2019-03-30 05:00:56,18.076666666666668,5.07,1.19,0.0,0.0,0.0,27.57
2019-03-30 06:00:56,12.719999999999999,4.82,1.115,0.0,0.0,0.0,25.53
2019-03-30 07:00:56,14.193333333333333,3.3800000000000003,1.515,0.0,0.0,0.0,27.29
2019-03-30 08:00:56,14.366666666666665,4.73,1.765,0.0,0.0,0.0,25.78
2019-03-30 09:00:56,13.983333333333334,5.69,1.6499999999999997,0.0,0.0,0.0,24.31
2019-03-30 10:00:56,19.19333333333333,10.33,1.8099999999999998,0.0,0.0,0.0,30.82
2019-03-30 11:00:56,21.113333333333333,9.81,1.71,0.0,0.0,0.0,23.01
2019-03-30 12:00:56,28.02,10.005,1.9799999999999998,0.0,0.0,0.0,24.83
2019-03-30 13:00:56,40.266666666666666,10.215,1.845,0.0,0.0,0.0,24.49
2019-03-30 14:00:56,40.07666666666667,8.27,1.83,0.0,0.0,0.0,25.79
2019-03-30 15:00:56,45.10333333333333,7.635000000000001,1.8,0.0,0.0,0.0,27.4
2019-03-30 16:00:56,45.92666666666667,4.685,1.88,0.0,0.0,0.0,24.51
2019-03-30 17:00:56,46.28333333333333,9.505,1.4750000000000003,0.0,0.0,0.0,28.58
2019-03-30 18:00:56,43.79666666666667,6.81,1.545,0.0,0.0,0.0,22.6
2019-03-30 19:00:56,41.516666666666666,4.015,1.87,0.0,0.0,0.0,25.7
2019-03-30 20:00:56,41.42,2.81,2.205,0.0,0.0,0.0,22.42
2019-03-30 21:00:56,49.23666666666667,3.2650000000000006,2.13,0.0,0.0,0.0,21.2
2019-03-30 22:00:56,44.843333333333334,3.9150000000000005,1.735,0.0,0.0,0.0,25.38
2019-03-30 23:00:56,32.43,6.405000000000001,1.55,0.0,0.0,0.0,24.99
2019-03-31 00:00:56,23.896666666666665,4.94,1.4750000000000003,0.0,0.0,0.0,23.2
2019-03-31 01:00:56,23.72,6.09,1.5249999999999997,0.0,0.0,0.0,25.41
2019-03-31 02:00:56,20.7,4.07,1.45,0.0,0.0,0.0,25.06
2019-03-31 03:00:56,15.68,2.875,1.345,0.0,0.0,0.0,25.0
2019-03-31 04:00:56,17.8,7.875,1.25,0.0,0.0,0.0,27.09
2019-03-31 05:00:56,16.433333333333334,5.82,1.15,0.0,0.0,0.0,27.66
2019-03-31 06:00:56,18.146666666666665,3.685,0.89,0.0,0.0,0.0,25.29
2019-03-31 07:00:56,19.82,4.225,1.29,0.0,0.0,0.0,25.2
2019-03-31 08:00:56,16.306666666666665,4.7,1.485,0.0,0.0,0.0,27.31
2019-03-31 09:00:56,19.976666666666667,3.3699999999999997,1.305,0.0,0.0,0.0,24.04
2019-03-31 10:00:56,24.60333333333333,2.9599999999999995,1.63,0.0,0.0,0.0,25.47
2019-03-31 11:00:56,21.833333333333332,2.9599999999999995,1.825,0.0,0.0,0.0,30.76
2019-03-31 12:00:56,19.296666666666667,7.539999999999999,1.925,0.0,0.0,0.0,27.3
2019-03-31 13:00:56,22.413333333333338,8.87,1.945,0.0,0.0,0.0,22.96
2019-03-31 14:00:56,23.686666666666667,5.755,2.165,0.0,0.0,0.0,23.1
2019-03-31 15:00:56,18.856666666666666,6.215,2.065,0.0,0.0,0.0,23.51
2019-03-31 16:00:56,20.33,8.69,1.945,0.0,0.0,0.0,26.11
2019-03-31 17:00:56,25.706666666666663,7.77,1.875,0.0,0.0,0.0,23.94
2019-03-31 18:00:56,24.66,7.43,2.025,0.0,0.0,0.0,23.62
2019-03-31 19:00:56,31.166666666666668,5.94,1.59,0.0,0.0,0.0,24.15
2019-03-31 20:00:56,33.35666666666667,4.15,1.32,0.0,0.0,0.0,25.54
2019-03-31 21:00:56,35.02666666666667,9.415,1.325,0.0,0.0,0.0,25.28
2019-03-31 22:00:56,32.74666666666666,13.4,1.265,0.0,0.0,0.0,24.72
2019-03-31 23:00:56,35.2,13.13,1.34,0.0,0.0,0.0,24.7
2019-04-01 00:00:56,37.93,10.54,2.99,0.0,0.0,0.0,22.37
2019-04-01 01:00:56,33.03333333333333,8.895,2.545,0.0,0.0,0.0,18.56
2019-04-01 02:00:56,35.6,9.83,2.37,0.0,0.0,0.0,19.52
2019-04-01 03:00:56,34.656666666666666,6.215,2.305,0.0,0.0,0.0,24.23
2019-04-01 04:00:56,39.593333333333334,5.07,2.49,0.0,0.0,0.0,20.57
2019-04-01 05:00:56,33.00333333333333,7.195,2.055,0.0,0.0,0.0,19.81
2019-04-01 06:00:56,35.21,5.22,2.275,0.0,0.0,0.0,20.31
2019-04-01 07:00:56,41.629999999999995,8.61,5.685,0.0,0.0,0.0,20.08
2019-04-01 08:00:56,41.21333333333333,10.59,8.085,0.0,0.0,0.0,17.39
2019-04-01 09:00:56,52.67666666666667,12.795000000000002,7.0,0.0,0.0,0.0,19.72
2019-04-01 10:00:56,62.84,13.145000000000001,12.805,0.0,0.0,0.0,19.84
2019-04-01 11:00:56,66.31666666666666,16.14,12.255,0.0,0.0,0.0,23.31
2019-04-01 12:00:56,53.516666666666666,12.685000000000002,8.275,0.0,0.0,0.0,21.76
2019-04-01 13:00:56,37.35666666666667,7.150000000000001,8.85,0.0,0.0,0.0,21.37
2019-04-01 14:00:56,40.89333333333333,3.9599999999999995,7.585,0.0,0.0,0.0,24.42
2019-04-01 15:00:56,45.33,2.705,5.3,0.0,0.0,0.0,22.22
2019-04-01 16:00:56,48.48,5.914999999999999,4.09,0.0,0.0,0.0,22.87
2019-04-01 17:00:56,48.21,6.705000000000001,3.23,0.0,0.0,0.0,20.86
2019-04-01 18:00:56,47.71333333333333,5.215,4.055,0.0,0.0,0.0,23.1
2019-04-01 19:00:56,46.41,9.615,4.275,0.0,0.0,0.0,24.33
2019-04-01 20:00:56,45.56999999999999,6.914999999999999,4.5,0.0,0.0,0.0,20.51
2019-04-01 21:00:56,31.80666666666667,9.4,4.095,0.0,0.0,0.0,23.08
2019-04-01 22:00:56,32.343333333333334,8.61,4.695,0.0,0.0,0.0,22.64
2019-04-01 23:00:56,27.29,9.47,4.145,0.0,0.0,0.0,18.23
2019-04-02 00:00:56,28.22,10.839999999999998,2.975,0.0,0.0,0.0,24.14
2019-04-02 01:00:56,28.090000000000003,7.05,2.75,0.0,0.0,0.0,25.49
2019-04-02 02:00:56,27.593333333333334,4.33,2.065,0.0,0.0,0.0,22.95
2019-04-02 03:00:56,23.913333333333334,4.855,2.25,0.0,0.0,0.0,23.63
2019-04-02 04:00:56,19.94666666666667,8.405,1.67,0.0,0.0,0.0,23.8
2019-04-02 05:00:56,14.073333333333332,8.05,3.375,0.0,0.0,0.0,24.05
2019-04-02 06:00:56,19.856666666666666,6.609999999999999,3.435,0.0,0.0,0.0,23.4
2019-04-02 07:00:56,27.39,4.165,3.9249999999999994,0.0,0.0,0.0,24.55
2019-04-02 08:00:56,38.163333333333334,2.8049999999999997,3.75,0.0,0.0,0.0,23.29
2019-04-02 09:00:56,35.85666666666666,9.11,3.42,0.0,0.0,0.0,22.64
2019-04-02 10:00:56,42.21333333333333,6.989999999999999,2.805,0.0,0.0,0.0,22.87
2019-04-02 11:00:56,30.583333333333332,9.795,4.61,0.0,0.0,0.0,20.3
2019-04-02 12:00:56,35.20333333333333,7.635000000000001,4.125,0.0,0.0,0.0,26.29
2019-04-02 13:00:56,32.72,4.365,0.0,0.0,0.0,0.0,23.77
2019-04-02 14:00:56,31.03333333333333,6.640000000000001,2.27,0.0,0.0,0.0,24.81
2019-04-02 15:00:56,32.14333333333333,4.98,1.82,0.0,0.0,0.0,19.2
2019-04-02 16:00:56,29.843333333333334,7.005,1.445,0.0,0.0,0.0,22.8
2019-04-02 17:00:56,24.126666666666665,4.845,1.26,0.0,0.0,0.0,22.33
2019-04-02 18:00:56,30.72666666666667,4.42,1.225,0.0,0.0,0.0,22.44
2019-04-02 19:00:56,37.346666666666664,4.165,1.12,0.0,0.0,0.0,21.43
2019-04-02 20:00:56,35.32,5.875,1.15,0.0,0.0,0.0,22.41
2019-04-02 21:00:56,42.123333333333335,7.675,1.18,0.0,0.0,0.0,23.27
2019-04-02 22:00:56,41.013333333333335,11.225,1.59,0.0,0.0,0.0,24.83
2019-04-02 23:00:56,41.58666666666667,7.960000000000001,2.545,0.0,0.0,0.0,20.34
2019-04-03 00:00:56,40.97666666666667,8.125,2.565,0.0,0.0,0.0,19.87
2019-04-03 01:00:56,37.67666666666666,11.435000000000002,2.135,0.0,0.0,0.0,24.61
2019-04-03 02:00:56,40.11333333333333,9.355,2.285,0.0,0.0,0.0,21.4
2019-04-03 03:00:56,35.64,6.645,6.775000000000001,0.0,0.0,0.0,19.17
2019-04-03 04:00:56,40.67666666666667,9.65,2.695,0.0,0.0,0.0,22.83
2019-04-03 05:00:56,35.836666666666666,7.594999999999999,1.22,0.0,0.0,0.0,14.83
2019-04-03 06:00:56,37.79666666666667,4.775,1.325,0.0,0.0,0.0,17.94
2019-04-03 07:00:56,47.14,7.265000000000001,2.615,0.0,0.0,0.0,17.64
2019-04-03 08:00:56,47.373333333333335,8.925,9.55,0.0,0.0,0.0,18.33
2019-04-03 09:00:56,68.36,11.729999999999999,26.08,0.0,0.0,0.0,19.84
2019-04-03 10:00:56,96.92666666666666,19.745,15.910000000000002,0.0,0.0,0.0,22.65
2019-04-03 11:00:56,83.78666666666666,18.05,12.22,0.0,0.0,0.0,22.97
2019-04-03 12:00:56,60.13666666666666,26.524999999999995,8.61,0.0,0.0,0.0,21.81
2019-04-03 13:00:56,48.16,19.33,5.845,0.0,0.0,0.0,24.01
2019-04-03 14:00:56,54.03666666666667,16.285,3.445,0.0,0.0,0.0,20.73
2019-04-03 15:00:56,43.55666666666667,9.71,2.29,0.0,0.0,0.0,22.48
2019-04-03 16:00:56,33.33,8.53,2.32,0.0,0.0,0.0,21.85
2019-04-03 17:00:56,43.846666666666664,10.085,1.995,0.0,0.0,0.0,21.79
2019-04-03 18:00:56,43.473333333333336,9.175,2.465,0.0,0.0,0.0,23.83
2019-04-03 19:00:56,53.14333333333334,11.329999999999998,3.265,0.0,0.0,0.0,23.41
2019-04-03 20:00:56,63.94333333333333,10.61,2.35,0.0,0.0,0.0,23.36
2019-04-03 21:00:56,63.66333333333333,10.1,1.535,0.0,0.0,0.0,21.61
2019-04-03 22:00:56,62.35666666666667,13.135,1.12,0.0,0.0,0.0,18.8
2019-04-03 23:00:56,42.946666666666665,15.935000000000002,1.02,0.0,0.0,0.0,20.47
2019-04-04 00:00:56,39.376666666666665,16.28,0.915,0.0,0.0,0.0,20.67
2019-04-04 01:00:56,41.06666666666667,10.699999999999998,1.025,0.0,0.0,0.0,23.24
2019-04-04 02:00:56,41.38333333333333,11.074999999999998,0.94,0.0,0.0,0.0,23.11
2019-04-04 03:00:56,36.36,13.045000000000002,0.915,0.0,0.0,0.0,23.24
2019-04-04 04:00:56,41.92666666666666,16.47,0.855,0.0,0.0,0.0,23.32
2019-04-04 05:00:56,46.93333333333334,14.469999999999999,1.255,0.0,0.0,0.0,19.5
2019-04-04 06:00:56,44.75666666666666,10.09,3.7000000000000006,0.0,0.0,0.0,19.98
2019-04-04 07:00:56,51.31333333333333,8.81,4.325,0.0,0.0,0.0,16.44
2019-04-04 08:00:56,58.56,10.62,8.595,0.0,0.0,0.0,18.12
2019-04-04 09:00:56,76.00999999999999,16.475,12.015,0.0,0.0,0.0,16.9
2019-04-04 10:00:56,98.44666666666666,17.27,9.665,0.0,0.0,0.0,18.74
2019-04-04 11:00:56,85.54333333333334,16.245,8.99,0.0,0.0,0.0,19.28
2019-04-04 12:00:56,70.10666666666667,10.275,8.925,0.0,0.0,0.0,22.01
2019-04-04 13:00:56,70.92,10.305,8.19,0.0,0.0,0.0,23.65
2019-04-04 14:00:56,77.25666666666666,13.844999999999999,4.8,0.0,0.0,0.0,24.13
2019-04-04 15:00:56,64.55,9.795,3.22,0.0,0.0,0.0,23.26
2019-04-04 16:00:56,40.39,11.335,3.52,0.0,0.0,0.0,24.43
2019-04-04 17:00:56,45.29,11.214999999999998,3.15,0.0,0.0,0.0,22.82
2019-04-04 18:00:56,41.43333333333334,7.805,3.8349999999999995,0.0,0.0,0.0,18.67
2019-04-04 19:00:56,41.20333333333333,6.16,6.055,0.0,0.0,0.0,21.3
2019-04-04 20:00:56,55.75333333333333,8.685,4.575,0.0,0.0,0.0,15.77
2019-04-04 21:00:56,98.08666666666666,16.85,2.32,0.0,0.0,0.0,19.78
2019-04-04 22:00:56,95.15333333333334,20.13,7.330000000000001,0.0,0.0,0.0,16.94
2019-04-04 23:00:56,95.09,19.97,33.94,0.0,0.0,0.0,13.69
2019-04-05 00:00:56,107.53,16.22,26.615,0.0,0.0,0.0,19.63
2019-04-05 01:00:56,101.44,13.594999999999999,31.23,0.0,0.0,0.0,16.41
2019-04-05 02:00:56,105.65,10.939999999999998,19.945,0.0,0.0,0.0,17.03
2019-04-05 03:00:56,106.93333333333334,11.280000000000001,14.11,0.0,0.0,0.0,15.42
2019-04-05 04:00:56,98.80666666666667,15.225,10.24,0.0,0.0,0.0,17.48
2019-04-05 05:00:56,85.83666666666667,11.0,7.085,0.0,0.0,0.0,19.62
2019-04-05 06:00:56,76.59333333333333,12.719999999999999,5.64,0.0,0.0,0.0,16.8
2019-04-05 07:00:56,63.64,12.68,5.825,0.0,0.0,0.0,14.64
2019-04-05 08:00:56,74.21333333333334,15.324999999999998,20.075,0.0,0.0,0.0,16.93
2019-04-05 09:00:56,94.62333333333333,16.885,27.149999999999995,0.0,0.0,0.0,19.12
2019-04-05 10:00:56,117.04,16.52,18.325,0.0,0.0,0.0,20.98
2019-04-05 11:00:56,107.93333333333334,13.675000000000002,12.805,0.0,0.0,0.0,19.83
2019-04-05 12:00:56,97.35666666666667,11.515,0.0,0.0,0.0,0.0,26.48
2019-04-05 13:00:56,79.91,8.61,5.885000000000001,0.0,0.0,0.0,24.95
2019-04-05 14:00:56,65.57333333333334,5.44,2.855,0.0,0.0,0.0,27.04
2019-04-05 15:00:56,50.00666666666666,7.155000000000001,2.73,0.0,0.0,0.0,31.81
2019-04-05 16:00:56,32.45666666666667,8.08,2.615,0.0,0.0,0.0,25.2
2019-04-05 17:00:56,30.083333333333332,7.175,3.43,0.0,0.0,0.0,23.95
2019-04-05 18:00:56,38.75666666666667,4.65,3.395,0.0,0.0,0.0,26.5
2019-04-05 19:00:56,38.12,3.0,5.375,0.0,0.0,0.0,23.95
2019-04-05 20:00:56,52.03333333333333,6.57,4.52,0.0,0.0,0.0,17.79
2019-04-05 21:00:56,67.42,16.31,2.665,0.0,0.0,0.0,22.92
2019-04-05 22:00:56,72.12,15.18,11.31,0.0,0.0,0.0,21.22
2019-04-05 23:00:56,82.32333333333334,19.41,24.785,0.0,0.0,0.0,16.3
2019-04-06 00:00:56,100.75666666666666,15.71,14.975,0.0,0.0,0.0,14.87
2019-04-06 01:00:56,109.94666666666666,15.719999999999999,17.72,0.0,0.0,0.0,18.88
2019-04-06 02:00:56,103.79666666666667,9.56,9.075,0.0,0.0,0.0,18.22
2019-04-06 03:00:56,94.78333333333335,7.145,9.41,0.0,0.0,0.0,17.07
2019-04-06 04:00:56,86.38,10.39,9.34,0.0,0.0,0.0,18.36
2019-04-06 05:00:56,73.86,10.655,10.165,0.0,0.0,0.0,16.64
2019-04-06 06:00:56,70.46666666666667,10.475,5.44,0.0,0.0,0.0,17.42
2019-04-06 07:00:56,73.88,8.85,8.055,0.0,0.0,0.0,15.63
2019-04-06 08:00:56,74.61333333333334,8.655,17.53,0.0,0.0,0.0,18.55
2019-04-06 09:00:56,84.33666666666667,18.7,25.790000000000003,0.0,0.0,0.0,19.73
2019-04-06 10:00:56,90.35,17.54,18.56,0.0,0.0,0.0,20.05
2019-04-06 11:00:56,95.01333333333332,13.219999999999999,15.56,0.0,0.0,0.0,20.08
2019-04-06 12:00:56,85.26666666666667,13.969999999999999,12.04,0.0,0.0,0.0,24.15
2019-04-06 13:00:56,59.21666666666667,9.465,7.855,0.0,0.0,0.0,25.93
2019-04-06 14:00:56,40.906666666666666,5.255,4.765,0.0,0.0,0.0,21.25
2019-04-06 15:00:56,37.303333333333335,3.0549999999999997,3.1650000000000005,0.0,0.0,0.0,22.04
2019-04-06 16:00:56,32.77,2.295,2.86,0.0,0.0,0.0,23.0
2019-04-06 17:00:56,27.653333333333332,2.795,2.7900000000000005,0.0,0.0,0.0,19.76
2019-04-06 18:00:56,32.093333333333334,2.16,3.045,0.0,0.0,0.0,19.05
2019-04-06 19:00:56,35.21666666666667,6.609999999999999,3.91,0.0,0.0,0.0,16.32
2019-04-06 20:00:56,40.983333333333334,7.69,2.99,0.0,0.0,0.0,17.91
2019-04-06 21:00:56,62.07,11.15,2.58,0.0,0.0,0.0,22.51
2019-04-06 22:00:56,71.02666666666667,17.05,2.73,0.0,0.0,0.0,22.98
2019-04-06 23:00:56,68.48333333333335,14.165,6.66,0.0,0.0,0.0,19.32
2019-04-07 00:00:56,65.94666666666667,15.9,7.635000000000001,0.0,0.0,0.0,18.89
2019-04-07 01:00:56,65.84333333333333,15.24,6.105,0.0,0.0,0.0,18.03
2019-04-07 02:00:56,60.373333333333335,8.885,6.669999999999999,0.0,0.0,0.0,22.39
2019-04-07 03:00:56,57.76,6.43,17.97,0.0,0.0,0.0,18.56
2019-04-07 04:00:56,59.99666666666667,7.785,14.165,0.0,0.0,0.0,16.63
2019-04-07 05:00:56,58.9,5.22,13.675000000000002,0.0,0.0,0.0,20.31
2019-04-07 06:00:56,54.97,3.215,13.875,0.0,0.0,0.0,19.41
2019-04-07 07:00:56,44.56666666666666,6.02,9.375,0.0,0.0,0.0,19.67
2019-04-07 08:00:56,41.28666666666666,4.62,11.545,0.0,0.0,0.0,17.53
2019-04-07 09:00:56,50.616666666666674,10.735,13.675000000000002,0.0,0.0,0.0,19.9
2019-04-07 10:00:56,50.03,8.13,13.395000000000001,0.0,0.0,0.0,22.14
2019-04-07 11:00:56,46.1,6.0,7.735,0.0,0.0,0.0,26.04
2019-04-07 12:00:56,37.84,3.6,4.81,0.0,0.0,0.0,26.03
2019-04-07 13:00:56,23.46666666666667,4.7,3.975,0.0,0.0,0.0,0.0
2019-04-07 14:00:56,21.39333333333333,3.9949999999999997,3.545,0.0,0.0,0.0,0.0
2019-04-07 15:00:56,18.303333333333335,2.65,3.75,0.0,0.0,0.0,0.0
2019-04-07 16:00:56,18.42,5.724999999999999,3.985,0.0,0.0,0.0,0.0
2019-04-07 17:00:56,19.60333333333333,9.84,3.965,0.0,0.0,0.0,0.0
2019-04-07 18:00:56,21.506666666666664,8.305,5.745,0.0,0.0,0.0,0.0
2019-04-07 19:00:56,34.59,5.19,9.67,0.0,0.0,0.0,0.0
2019-04-07 20:00:56,36.803333333333335,4.915,11.115,0.0,0.0,0.0,0.0
2019-04-07 21:00:56,23.493333333333332,6.010000000000001,9.92,0.0,0.0,0.0,0.0
2019-04-07 22:00:56,25.243333333333332,11.125,6.974999999999999,0.0,0.0,0.0,0.0
2019-04-07 23:00:56,34.19,9.45,5.8,0.0,0.0,0.0,0.0
2019-04-08 00:00:56,37.18666666666667,11.49,5.59,0.0,0.0,0.0,0.0
2019-04-08 01:00:56,39.31,11.495,8.75,0.0,0.0,0.0,0.0
2019-04-08 02:00:56,41.150000000000006,8.415,7.07,0.0,0.0,0.0,0.0
2019-04-08 03:00:56,34.57666666666667,11.835,5.66,0.0,0.0,0.0,0.0
2019-04-08 04:00:56,33.419999999999995,11.594999999999999,5.055,0.0,0.0,0.0,0.0
2019-04-08 05:00:56,26.453333333333333,13.530000000000001,4.14,0.0,0.0,0.0,0.0
2019-04-08 06:00:56,22.73,10.735,3.94,0.0,0.0,0.0,0.0
2019-04-08 07:00:56,19.066666666666666,6.010000000000001,4.26,0.0,0.0,0.0,0.0
2019-04-08 08:00:56,22.38666666666667,6.715,9.86,0.0,0.0,0.0,0.0
2019-04-08 09:00:56,29.423333333333332,8.85,16.67,0.0,0.0,0.0,0.0
2019-04-08 10:00:56,52.36333333333334,9.19,16.575,0.0,0.0,0.0,0.0
2019-04-08 11:00:56,52.34,10.005,11.14,0.0,0.0,0.0,0.0
2019-04-08 12:00:56,51.79,7.650000000000001,7.71,0.0,0.0,0.0,22.14
2019-04-08 13:00:56,41.41,6.234999999999999,5.614999999999999,0.0,0.0,0.0,21.19
2019-04-08 14:00:56,35.126666666666665,4.965,5.375,0.0,0.0,0.0,20.64
2019-04-08 15:00:56,30.896666666666665,6.789999999999999,4.555,0.0,0.0,0.0,22.03
2019-04-08 16:00:56,31.58,4.55,4.18,0.0,0.0,0.0,21.35
2019-04-08 17:00:56,32.89333333333333,9.7,3.61,0.0,0.0,0.0,20.15
2019-04-08 18:00:56,26.17,6.969999999999999,3.815,0.0,0.0,0.0,20.97
2019-04-08 19:00:56,30.456666666666667,3.9150000000000005,3.78,0.0,0.0,0.0,14.35
2019-04-08 20:00:56,42.31,7.650000000000001,4.6,0.0,0.0,0.0,15.95
2019-04-08 21:00:56,43.693333333333335,9.85,6.145,0.0,0.0,0.0,16.42
2019-04-08 22:00:56,45.653333333333336,12.550000000000002,9.66,0.0,0.0,0.0,17.44
2019-04-08 23:00:56,35.31333333333333,9.435,7.830000000000001,0.0,0.0,0.0,20.18
2019-04-09 00:00:56,32.27666666666667,9.435,8.355,0.0,0.0,0.0,14.57
2019-04-09 01:00:56,39.263333333333335,6.255,8.215,0.0,0.0,0.0,16.83
2019-04-09 02:00:56,38.92333333333333,6.425,5.650000000000001,0.0,0.0,0.0,16.64
2019-04-09 03:00:56,38.72666666666667,6.655000000000001,3.8699999999999997,0.0,0.0,0.0,16.3
2019-04-09 04:00:56,37.31,4.325,3.125,0.0,0.0,0.0,16.43
2019-04-09 05:00:56,35.336666666666666,6.039999999999999,4.38,0.0,0.0,0.0,17.22
2019-04-09 06:00:56,35.02,6.34,3.355,0.0,0.0,0.0,16.8
2019-04-09 07:00:56,37.05,10.714999999999998,3.3250000000000006,0.0,0.0,0.0,16.71
2019-04-09 08:00:56,55.29,12.79,7.72,0.0,0.0,0.0,12.74
2019-04-09 09:00:56,71.86333333333333,12.204999999999998,13.46,0.0,0.0,0.0,13.1
2019-04-09 10:00:56,81.16,15.695,12.065,0.0,0.0,0.0,16.78
2019-04-09 11:00:56,77.98,10.315,6.915,0.0,0.0,0.0,21.15
2019-04-09 12:00:56,69.56333333333333,6.52,5.075,0.0,0.0,0.0,23.62
2019-04-09 13:00:56,56.11333333333334,3.875,4.305,0.0,0.0,0.0,22.03
2019-04-09 14:00:56,55.02,2.15,3.16,0.0,0.0,0.0,0.0
2019-04-09 15:00:56,48.27333333333334,3.875,2.435,0.0,0.0,0.0,0.0
2019-04-09 16:00:56,44.373333333333335,2.6950000000000003,2.27,0.0,0.0,0.0,0.0
2019-04-09 17:00:56,63.96666666666667,6.13,2.91,0.0,0.0,0.0,0.0
2019-04-09 18:00:56,79.2,5.005,1.8150000000000002,0.0,0.0,0.0,0.0
2019-04-09 19:00:56,47.04,8.07,4.235,0.0,0.0,0.0,0.0
2019-04-09 20:00:56,61.92666666666667,5.37,2.65,0.0,0.0,0.0,0.0
2019-04-09 21:00:56,44.68333333333334,5.640000000000001,3.34,0.0,0.0,0.0,0.0
2019-04-09 22:00:56,42.50666666666667,9.925,4.35,0.0,0.0,0.0,0.0
2019-04-09 23:00:56,41.95666666666666,6.914999999999999,3.6650000000000005,0.0,0.0,0.0,0.0
2019-04-10 00:00:56,35.56,5.719999999999999,3.2099999999999995,0.0,0.0,0.0,0.0
2019-04-10 01:00:56,34.2,6.38,2.01,0.0,0.0,0.0,0.0
2019-04-10 02:00:56,39.08,4.61,4.065,0.0,0.0,0.0,0.0
2019-04-10 03:00:56,40.736666666666665,3.125,6.12,0.0,0.0,0.0,0.0
2019-04-10 04:00:56,43.89333333333333,4.64,2.975,0.0,0.0,0.0,0.0
2019-04-10 05:00:56,47.54333333333334,5.414999999999999,2.425,0.0,0.0,0.0,0.0
2019-04-10 06:00:56,45.61333333333333,3.3699999999999997,2.535,0.0,0.0,0.0,0.0
2019-04-10 07:00:56,45.61333333333333,3.78,2.3,0.0,0.0,0.0,0.0
2019-04-10 08:00:56,57.22333333333333,9.935,6.525000000000001,0.0,0.0,0.0,0.0
2019-04-10 09:00:56,67.18333333333334,10.800000000000002,6.55,0.0,0.0,0.0,0.0
2019-04-10 10:00:56,51.026666666666664,11.5,5.2,0.0,0.0,0.0,0.0
2019-04-10 11:00:56,39.056666666666665,7.005,4.635,0.0,0.0,0.0,0.0
2019-04-10 12:00:56,28.493333333333332,6.705000000000001,4.07,0.0,0.0,0.0,0.0
2019-04-10 13:00:56,21.706666666666667,4.22,4.23,0.0,0.0,0.0,0.0
2019-04-10 14:00:56,24.616666666666667,3.1050000000000004,3.92,0.0,0.0,0.0,0.0
2019-04-10 15:00:56,21.7,4.45,3.2000000000000006,0.0,0.0,0.0,0.0
2019-04-10 16:00:56,22.96333333333333,9.755,2.765,0.0,0.0,0.0,0.0
2019-04-10 17:00:56,20.346666666666668,6.555,2.335,0.0,0.0,0.0,0.0
2019-04-10 18:00:56,19.863333333333333,3.72,2.985,0.0,0.0,0.0,0.0
2019-04-10 19:00:56,18.593333333333334,2.275,6.065,0.0,0.0,0.0,0.0
2019-04-10 20:00:56,31.62,1.42,13.68,0.0,0.0,0.0,0.0
2019-04-10 21:00:56,56.123333333333335,7.19,13.785000000000002,0.0,0.0,0.0,0.0
2019-04-10 22:00:56,52.13666666666666,9.89,8.895,0.0,0.0,0.0,0.0
2019-04-10 23:00:56,37.47666666666667,6.31,6.695,0.0,0.0,0.0,0.0
2019-04-11 00:00:56,29.17,3.405,5.34,0.0,0.0,0.0,0.0
2019-04-11 01:00:56,20.513333333333332,1.8,3.765,0.0,0.0,0.0,0.0
2019-04-11 02:00:56,18.786666666666665,5.055,2.455,0.0,0.0,0.0,0.0
2019-04-11 03:00:56,15.89,3.51,1.51,0.0,0.0,0.0,0.0
2019-04-11 04:00:56,17.60333333333333,2.9,1.135,0.0,0.0,0.0,0.0
2019-04-11 05:00:56,13.920000000000002,7.535,1.205,0.0,0.0,0.0,0.0
2019-04-11 06:00:56,11.623333333333335,5.57,0.9700000000000001,0.0,0.0,0.0,0.0
2019-04-11 07:00:56,9.253333333333334,3.525,1.325,0.0,0.0,0.0,0.0
2019-04-11 08:00:56,7.8533333333333335,1.9799999999999998,2.07,0.0,0.0,0.0,0.0
2019-04-11 09:00:56,7.796666666666667,0.0,2.21,0.0,0.0,0.0,0.0
2019-04-11 10:00:56,11.676666666666668,5.364999999999999,3.0750000000000006,0.0,0.0,0.0,0.0
2019-04-11 11:00:56,13.523333333333333,6.2,3.86,0.0,0.0,0.0,0.0
2019-04-11 12:00:56,14.643333333333333,6.45,3.33,0.0,0.0,0.0,0.0
2019-04-11 13:00:56,18.993333333333336,4.225,3.875,0.0,0.0,0.0,0.0
2019-04-11 14:00:56,21.22,5.755,3.865,0.0,0.0,0.0,0.0
2019-04-11 15:00:56,25.54,8.235,3.2449999999999997,0.0,0.0,0.0,0.0
2019-04-11 16:00:56,24.766666666666666,5.849999999999999,2.38,0.0,0.0,0.0,0.0
2019-04-11 17:00:56,28.33,4.005,3.42,0.0,0.0,0.0,0.0
2019-04-11 18:00:56,20.296666666666667,3.5400000000000005,3.725,0.0,0.0,0.0,0.0
2019-04-11 19:00:56,20.996666666666666,3.7349999999999994,5.605,0.0,0.0,0.0,0.0
2019-04-11 20:00:56,31.356666666666666,2.585,6.195,0.0,0.0,0.0,0.0
2019-04-11 21:00:56,35.406666666666666,2.285,7.98,0.0,0.0,0.0,0.0
2019-04-11 22:00:56,45.55,5.789999999999999,4.69,0.0,0.0,0.0,0.0
2019-04-11 23:00:56,55.56,8.725,3.805,0.0,0.0,0.0,0.0
2019-04-12 00:00:56,70.92666666666666,15.555,3.59,0.0,0.0,0.0,0.0
2019-04-12 01:00:56,72.21666666666667,14.670000000000002,3.99,0.0,0.0,0.0,0.0
2019-04-12 02:00:56,62.96666666666667,8.705,2.815,0.0,0.0,0.0,0.0
2019-04-12 03:00:56,41.63333333333333,4.695,2.16,0.0,0.0,0.0,0.0
2019-04-12 04:00:56,26.55,6.055,2.365,0.0,0.0,0.0,0.0
2019-04-12 05:00:56,18.163333333333334,5.16,1.6049999999999998,0.0,0.0,0.0,0.0
2019-04-12 06:00:56,17.713333333333335,2.9800000000000004,1.24,0.0,0.0,0.0,0.0
2019-04-12 07:00:56,22.94333333333333,2.13,1.5249999999999997,0.0,0.0,0.0,0.0
2019-04-12 08:00:56,30.57,6.580000000000001,3.945,0.0,0.0,0.0,0.0
2019-04-12 09:00:56,37.26,10.36,6.294999999999999,0.0,0.0,0.0,0.0
2019-04-12 10:00:56,35.916666666666664,11.795000000000002,5.995,0.0,0.0,0.0,0.0
2019-04-12 11:00:56,31.42,8.39,5.145,0.0,0.0,0.0,0.0
2019-04-12 12:00:56,28.76,5.914999999999999,4.61,0.0,0.0,0.0,0.0
2019-04-12 13:00:56,22.25,4.415,4.315,0.0,0.0,0.0,0.0
2019-04-12 14:00:56,28.066666666666666,6.145,4.05,0.0,0.0,0.0,0.0
2019-04-12 15:00:56,28.116666666666667,4.16,3.68,0.0,0.0,0.0,0.0
2019-04-12 16:00:56,26.439999999999998,2.4,3.27,0.0,0.0,0.0,0.0
2019-04-12 17:00:56,29.576666666666668,3.5050000000000003,3.035,0.0,0.0,0.0,0.0
2019-04-12 18:00:56,32.78333333333333,6.32,3.465,0.0,0.0,0.0,0.0
2019-04-12 19:00:56,37.833333333333336,4.12,5.38,0.0,0.0,0.0,0.0
2019-04-12 20:00:56,44.769999999999996,4.83,6.765,0.0,0.0,0.0,0.0
2019-04-12 21:00:56,50.526666666666664,6.7,11.910000000000002,0.0,0.0,0.0,0.0
2019-04-12 22:00:56,63.04333333333333,8.635,10.979999999999999,0.0,0.0,0.0,0.0
2019-04-12 23:00:56,68.97666666666666,19.35,6.669999999999999,0.0,0.0,0.0,0.0
2019-04-13 00:00:56,54.14,14.245,4.865,0.0,0.0,0.0,0.0
2019-04-13 01:00:56,41.233333333333334,9.525,3.715,0.0,0.0,0.0,0.0
2019-04-13 02:00:56,31.74666666666667,7.855,3.015,0.0,0.0,0.0,0.0
2019-04-13 03:00:56,26.91,4.935,2.935,0.0,0.0,0.0,0.0
2019-04-13 04:00:56,25.65,3.17,2.205,0.0,0.0,0.0,0.0
2019-04-13 05:00:56,27.063333333333333,5.1,3.39,0.0,0.0,0.0,0.0
2019-04-13 06:00:56,27.53333333333333,5.605,2.98,0.0,0.0,0.0,0.0
2019-04-13 07:00:56,30.983333333333334,4.43,2.69,0.0,0.0,0.0,0.0
2019-04-13 08:00:56,33.08,4.875,5.48,0.0,0.0,0.0,0.0
2019-04-13 09:00:56,53.26,9.165,9.305,0.0,0.0,0.0,0.0
2019-04-13 10:00:56,65.33,14.770000000000001,6.724999999999999,0.0,0.0,0.0,0.0
2019-04-13 11:00:56,51.78333333333333,13.36,6.29,0.0,0.0,0.0,0.0
2019-04-13 12:00:56,44.95,7.625,5.88,0.0,0.0,0.0,0.0
2019-04-13 13:00:56,35.49,5.34,4.885,0.0,0.0,0.0,0.0
2019-04-13 14:00:56,35.19333333333333,7.625,3.645,0.0,0.0,0.0,0.0
2019-04-13 15:00:56,31.926666666666666,5.355,3.2550000000000003,0.0,0.0,0.0,0.0
2019-04-13 16:00:56,24.75,3.16,2.395,0.0,0.0,0.0,0.0
2019-04-13 17:00:56,34.906666666666666,2.135,2.4,0.0,0.0,0.0,0.0
2019-04-13 18:00:56,36.056666666666665,4.135,3.48,0.0,0.0,0.0,0.0
2019-04-13 19:00:56,47.80666666666667,3.0050000000000003,5.13,0.0,0.0,0.0,0.0
2019-04-13 20:00:56,46.053333333333335,2.055,4.255,0.0,0.0,0.0,0.0
2019-04-13 21:00:56,41.586666666666666,4.615,3.0849999999999995,0.0,0.0,0.0,0.0
2019-04-13 22:00:56,40.31,15.925000000000002,3.905,0.0,0.0,0.0,0.0
2019-04-13 23:00:56,46.150000000000006,10.745,3.7000000000000006,0.0,0.0,0.0,0.0
2019-04-14 00:00:56,35.35,5.510000000000001,3.3349999999999995,0.0,0.0,0.0,0.0
2019-04-14 01:00:56,25.040000000000003,4.195,3.685,0.0,0.0,0.0,0.0
2019-04-14 02:00:56,26.61,2.9849999999999994,3.6199999999999997,0.0,0.0,0.0,0.0
2019-04-14 03:00:56,29.53,1.675,3.32,0.0,0.0,0.0,0.0
2019-04-14 04:00:56,35.336666666666666,2.445,3.435,0.0,0.0,0.0,0.0
2019-04-14 05:00:56,33.03666666666667,6.135000000000001,3.0,0.0,0.0,0.0,0.0
2019-04-14 06:00:56,30.189999999999998,6.575,3.57,0.0,0.0,0.0,0.0
2019-04-14 07:00:56,32.2,3.9800000000000004,3.59,0.0,0.0,0.0,0.0
2019-04-14 08:00:56,31.30333333333333,6.055,4.065,0.0,0.0,0.0,0.0
2019-04-14 09:00:56,35.36,10.910000000000002,5.599999999999999,0.0,0.0,0.0,0.0
2019-04-14 10:00:56,28.566666666666666,9.605,6.14,0.0,0.0,0.0,0.0
2019-04-14 11:00:56,26.42,5.760000000000001,7.54,0.0,0.0,0.0,0.0
2019-04-14 12:00:56,29.343333333333334,7.664999999999999,8.32,0.0,0.0,0.0,0.0
2019-04-14 13:00:56,36.873333333333335,6.685,6.435,0.0,0.0,0.0,0.0
2019-04-14 14:00:56,39.89333333333333,3.775,5.525000000000001,0.0,0.0,0.0,0.0
2019-04-14 15:00:56,37.35,6.855,4.42,0.0,0.0,0.0,0.0
2019-04-14 16:00:56,43.72,5.43,3.74,0.0,0.0,0.0,0.0
2019-04-14 17:00:56,40.593333333333334,7.224999999999999,3.2449999999999997,0.0,0.0,0.0,0.0
2019-04-14 18:00:56,49.74666666666667,7.425,3.055,0.0,0.0,0.0,0.0
2019-04-14 19:00:56,64.44333333333333,4.905,5.335,0.0,0.0,0.0,0.0
2019-04-14 20:00:56,83.78666666666666,8.77,5.48,0.0,0.0,0.0,0.0
2019-04-14 21:00:56,70.78666666666666,8.495,5.73,0.0,0.0,0.0,0.0
2019-04-14 22:00:56,64.3,4.885,5.125,0.0,0.0,0.0,0.0
2019-04-14 23:00:56,60.72,12.15,3.7000000000000006,0.0,0.0,0.0,0.0
2019-04-15 00:00:56,57.72666666666666,9.375,2.74,0.0,0.0,0.0,0.0
2019-04-15 01:00:56,64.67666666666666,9.59,2.605,0.0,0.0,0.0,0.0
2019-04-15 02:00:56,53.626666666666665,6.675,1.8500000000000003,0.0,0.0,0.0,0.0
2019-04-15 03:00:56,54.120000000000005,4.095,2.365,0.0,0.0,0.0,0.0
2019-04-15 04:00:56,51.64666666666666,4.635,2.81,0.0,0.0,0.0,0.0
2019-04-15 05:00:56,49.92333333333333,3.25,2.565,0.0,0.0,0.0,0.0
2019-04-15 06:00:56,48.196666666666665,3.81,5.56,0.0,0.0,0.0,0.0
2019-04-15 07:00:56,46.67666666666667,3.8699999999999997,3.6749999999999994,0.0,0.0,0.0,0.0
2019-04-15 08:00:56,52.98666666666667,6.3,8.195,0.0,0.0,0.0,0.0
2019-04-15 09:00:56,62.39333333333333,9.51,5.84,0.0,0.0,0.0,0.0
2019-04-15 10:00:56,68.4,12.670000000000002,6.95,0.0,0.0,0.0,0.0
2019-04-15 11:00:56,70.24333333333334,15.265,3.9249999999999994,0.0,0.0,0.0,0.0
2019-04-15 12:00:56,61.92666666666667,11.675000000000002,3.0750000000000006,29.435,36.54,0.0,83.32
2019-04-15 13:00:56,52.626666666666665,12.865,2.83,0.0,0.0,0.0,0.0
2019-04-15 14:00:56,36.39666666666667,8.04,3.73,31.78,37.81,0.0,0.0
2019-04-15 15:00:56,28.263333333333332,5.55,4.165,31.3,36.845,0.0,0.0
2019-04-15 16:00:56,24.793333333333337,6.09,4.65,21.0,21.915000000000003,0.0,0.0
2019-04-15 17:00:56,24.6,3.7550000000000003,3.905,30.83,35.41,0.0,0.0
2019-04-15 18:00:56,38.88333333333333,6.855,3.39,24.69,26.605,0.0,0.0
2019-04-15 19:00:56,37.14333333333333,7.285,3.51,40.435,48.63,0.0,0.0
2019-04-15 20:00:56,45.25333333333333,4.515,5.19,48.35999999999999,59.169999999999995,0.0,0.0
2019-04-15 21:00:56,52.29,8.925,5.705000000000001,34.905,37.685,0.0,0.0
2019-04-15 22:00:56,55.39,12.68,6.669999999999999,32.13,34.39,0.0,0.0
2019-04-15 23:00:56,52.38,8.295,5.095,23.14,24.39,0.0,0.0
2019-04-16 00:00:56,39.196666666666665,6.525000000000001,3.8349999999999995,17.34,17.75,0.0,0.0
2019-04-16 01:00:56,32.71333333333333,9.805,1.9400000000000002,18.72,19.655,0.0,0.0
2019-04-16 02:00:56,25.92,6.3,1.71,24.355,26.095,0.0,0.0
2019-04-16 03:00:56,25.96333333333333,5.19,1.765,19.465,20.4,0.0,0.0
2019-04-16 04:00:56,28.003333333333334,9.34,1.51,18.915,20.295,0.0,0.0
2019-04-16 05:00:56,25.526666666666667,6.125,1.495,17.415,17.745,0.0,0.0
2019-04-16 06:00:56,25.61,6.75,1.755,15.865,17.785,0.0,0.0
2019-04-16 07:00:56,20.83,4.465,1.445,15.28,17.425,0.0,0.0
2019-04-16 08:00:56,12.73,2.595,1.23,25.72,34.19,0.0,0.0
2019-04-16 09:00:56,9.993333333333332,1.795,1.19,26.16,33.2,0.0,0.0
2019-04-16 10:00:56,8.1,0.0,1.18,23.56,29.465,0.0,0.0
2019-04-16 11:00:56,14.746666666666666,8.405,1.485,20.05,25.095,0.0,0.0
2019-04-16 12:00:56,18.62333333333333,5.295,1.8950000000000002,13.25,15.685,0.0,0.0
2019-04-16 13:00:56,16.56,2.83,0.0,16.42,18.985,0.0,0.0
2019-04-16 14:00:56,17.2,2.45,1.705,19.75,23.149999999999995,0.0,0.0
2019-04-16 15:00:56,18.683333333333334,4.21,1.57,19.08,21.725000000000005,0.0,0.0
2019-04-16 16:00:56,16.53333333333333,0.0,1.615,20.725,23.715,0.0,0.0
2019-04-16 17:00:56,16.203333333333333,6.135000000000001,1.235,20.56,23.64,0.0,0.0
2019-04-16 18:00:56,20.83,3.72,1.18,22.515,26.375,0.0,0.0
2019-04-16 19:00:56,23.333333333333332,2.445,0.9049999999999999,22.635,26.820000000000004,0.0,0.0
2019-04-16 20:00:56,19.486666666666665,2.9849999999999994,0.9899999999999999,22.09,25.685,0.0,0.0
2019-04-16 21:00:56,21.433333333333334,3.6050000000000004,0.79,22.605,25.965,0.0,0.0
2019-04-16 22:00:56,29.700000000000003,7.68,0.685,19.775,22.179999999999996,0.0,0.0
2019-04-16 23:00:56,20.79,11.68,0.89,18.9,20.835,0.0,0.0
2019-04-17 00:00:56,16.73,7.510000000000001,1.03,17.235,19.135,0.0,0.0
2019-04-17 01:00:56,12.253333333333334,4.325,1.035,15.69,17.235,0.0,0.0
2019-04-17 02:00:56,10.370000000000001,2.8900000000000006,1.13,17.115,19.595,0.0,0.0
2019-04-17 03:00:56,9.41,2.22,0.82,12.520000000000001,12.96,0.0,0.0
2019-04-17 04:00:56,10.0,4.875,0.71,12.445,12.94,0.0,0.0
2019-04-17 05:00:56,8.043333333333333,3.655,1.0,11.455,11.83,0.0,0.0
2019-04-17 06:00:56,6.050000000000001,2.315,0.92,12.69,13.305,0.0,0.0
2019-04-17 07:00:56,4.656666666666666,1.835,1.085,19.16,21.765,0.0,0.0
2019-04-17 08:00:56,9.603333333333333,1.28,0.98,35.585,45.32,0.0,0.0
2019-04-17 09:00:56,12.2,1.315,1.125,46.955000000000005,67.06,0.0,0.0
2019-04-17 10:00:56,13.146666666666667,4.94,0.9,40.445,51.09,0.0,0.0
2019-04-17 11:00:56,17.893333333333334,5.105,1.075,36.695,44.06,0.0,0.0
2019-04-17 12:00:56,18.0,5.640000000000001,1.24,41.395,53.85999999999999,0.0,0.0
2019-04-17 13:00:56,12.766666666666667,0.0,1.185,37.28,46.84,0.0,0.0
2019-04-17 14:00:56,13.24,5.19,1.28,32.125,37.12,0.0,0.0
2019-04-17 15:00:56,12.26,5.63,1.765,28.89,31.955,0.0,0.0
2019-04-17 16:00:56,11.556666666666667,0.0,1.24,34.91,43.705000000000005,0.0,0.0
2019-04-17 17:00:56,12.31,7.285,1.04,41.58,53.20000000000001,0.0,0.0
2019-04-17 18:00:56,15.856666666666667,4.505,1.06,45.87,60.56,0.0,0.0
2019-04-17 19:00:56,12.463333333333333,2.91,1.18,49.465,65.56,0.0,0.0
2019-04-17 20:00:56,11.97,2.685,1.11,51.35,69.985,0.0,0.0
2019-04-17 21:00:56,17.916666666666668,4.185,1.11,49.77,66.415,0.0,0.0
2019-04-17 22:00:56,15.043333333333333,6.984999999999999,1.345,50.34,67.175,0.0,0.0
2019-04-17 23:00:56,12.013333333333334,0.0,1.675,50.715,69.105,0.0,0.0
2019-04-18 00:00:56,10.77,5.419999999999999,1.805,41.505,48.915,0.0,0.0
2019-04-18 01:00:56,13.443333333333332,3.2650000000000006,2.785,28.865,30.965,0.0,0.0
2019-04-18 02:00:56,14.083333333333334,2.12,2.91,20.515,21.535,0.0,0.0
2019-04-18 03:00:56,9.043333333333333,0.0,2.905,16.315,17.13,0.0,0.0
2019-04-18 04:00:56,6.376666666666667,0.0,2.515,14.339999999999998,14.75,0.0,0.0
2019-04-18 05:00:56,7.736666666666667,0.0,2.47,12.96,13.339999999999998,0.0,0.0
2019-04-18 06:00:56,10.899999999999999,5.664999999999999,2.385,11.68,12.06,0.0,0.0
2019-04-18 07:00:56,7.74,3.33,1.965,26.75,33.375,0.0,0.0
2019-04-18 08:00:56,7.28,2.3,2.935,33.35,39.06,0.0,0.0
2019-04-18 09:00:56,10.823333333333334,1.67,2.765,43.24,58.32500000000001,0.0,0.0
2019-04-18 10:00:56,15.899999999999999,0.0,2.8800000000000003,39.155,48.625,0.0,0.0
2019-04-18 11:00:56,12.993333333333334,0.0,3.225,33.055,37.9,0.0,0.0
2019-04-18 12:00:56,20.64333333333333,5.325,3.2099999999999995,27.135,29.415000000000003,0.0,0.0
2019-04-18 13:00:56,19.326666666666668,5.495,3.435,36.13,45.75,0.0,0.0
2019-04-18 14:00:56,24.133333333333333,6.484999999999999,3.195,42.055,52.635,0.0,0.0
2019-04-18 15:00:56,17.166666666666668,5.760000000000001,2.73,38.305,47.02,0.0,0.0
2019-04-18 16:00:56,20.393333333333334,9.4,3.3800000000000003,25.69,27.395,0.0,0.0
2019-04-18 17:00:56,24.743333333333332,6.355,3.49,24.334999999999997,25.99,0.0,0.0
2019-04-18 18:00:56,21.00333333333333,6.435,3.61,28.345,31.929999999999996,0.0,0.0
2019-04-18 19:00:56,20.263333333333332,0.0,3.78,38.955,50.055,0.0,0.0
2019-04-18 20:00:56,24.85333333333333,6.135000000000001,2.65,45.73499999999999,58.54,0.0,0.0
2019-04-18 21:00:56,24.303333333333335,4.005,2.145,51.135,69.045,0.0,0.0
2019-04-18 22:00:56,29.11,10.175,2.06,49.615,65.205,0.0,0.0
2019-04-18 23:00:56,24.159999999999997,7.919999999999999,2.01,45.60999999999999,53.88,0.0,0.0
2019-04-19 00:00:56,17.686666666666667,4.26,2.93,42.07,45.125,0.0,0.0
2019-04-19 01:00:56,24.403333333333336,12.670000000000002,3.065,34.345,36.335,0.0,0.0
2019-04-19 02:00:56,31.17,10.54,2.52,34.42,37.11,0.0,0.0
2019-04-19 03:00:56,31.936666666666667,8.14,3.135,32.75,33.83,0.0,0.0
2019-04-19 04:00:56,33.4,8.93,3.17,25.235,25.815,0.0,0.0
2019-04-19 05:00:56,29.933333333333334,8.315,2.245,20.56,21.2,0.0,0.0
2019-04-19 06:00:56,33.5,10.005,2.43,19.765,20.88,0.0,0.0
2019-04-19 07:00:56,39.46666666666667,10.785000000000002,2.8250000000000006,19.615,21.73,0.0,0.0
2019-04-19 08:00:56,39.96,10.02,4.3,34.45,46.38,0.0,0.0
2019-04-19 09:00:56,36.28666666666667,10.82,5.575,24.45,26.895,0.0,0.0
2019-04-19 10:00:56,38.28333333333333,7.245,4.44,28.715,37.465,0.0,0.0
2019-04-19 11:00:56,25.816666666666666,3.9450000000000003,5.16,25.505,29.885,0.0,0.0
2019-04-19 12:00:56,18.356666666666666,9.265,4.015,21.215,23.645,0.0,0.0
2019-04-19 13:00:56,14.296666666666667,6.81,2.19,30.535,37.595,0.0,0.0
2019-04-19 14:00:56,12.276666666666666,4.0,3.19,24.405,27.465,0.0,0.0
2019-04-19 15:00:56,12.29,2.44,2.44,26.505,29.959999999999997,0.0,0.0
2019-04-19 16:00:56,12.22,1.6349999999999998,2.4,23.56,26.415000000000003,0.0,0.0
2019-04-19 17:00:56,11.22,2.51,2.395,24.095,27.95,0.0,0.0
2019-04-19 18:00:56,9.43,1.79,2.9,22.575,25.475000000000005,0.0,0.0
2019-04-19 19:00:56,13.116666666666667,1.08,2.7900000000000005,25.235,28.66,0.0,0.0
2019-04-19 20:00:56,18.78333333333333,7.055,2.49,29.27,33.595,0.0,0.0
2019-04-19 21:00:56,16.13,5.645,2.765,34.83,41.895,0.0,0.0
2019-04-19 22:00:56,23.326666666666668,9.705,2.795,31.774999999999995,36.635,0.0,0.0
2019-04-19 23:00:56,27.343333333333334,6.745,2.25,38.44,48.0,0.0,0.0
2019-04-20 00:00:56,19.91,5.115,2.45,30.19,33.175,0.0,0.0
2019-04-20 01:00:56,20.363333333333333,6.13,1.23,28.38,32.545,0.0,0.0
2019-04-20 02:00:56,20.986666666666668,3.81,1.6499999999999997,18.275,18.925,0.0,0.0
2019-04-20 03:00:56,16.03333333333333,5.02,1.4349999999999998,14.24,14.495,0.0,0.0
2019-04-20 04:00:56,15.663333333333334,4.01,1.39,12.37,12.6,0.0,0.0
2019-04-20 05:00:56,16.523333333333333,5.75,1.805,13.604999999999999,13.839999999999998,0.0,0.0
2019-04-20 06:00:56,13.823333333333332,3.7650000000000006,1.89,13.53,14.44,0.0,0.0
2019-04-20 07:00:56,13.19,3.6400000000000006,1.46,15.305,16.37,0.0,0.0
2019-04-20 08:00:56,18.55333333333333,4.22,2.06,25.820000000000004,31.295,0.0,0.0
2019-04-20 09:00:56,28.636666666666667,4.65,3.705,20.83,23.17,0.0,0.0
2019-04-20 10:00:56,26.753333333333334,7.414999999999999,4.85,20.23,22.040000000000003,0.0,0.0
2019-04-20 11:00:56,29.33666666666667,7.55,3.72,23.649999999999995,26.429999999999996,0.0,0.0
2019-04-20 12:00:56,28.200000000000003,5.295,2.855,22.72,24.649999999999995,0.0,0.0
2019-04-20 13:00:56,25.703333333333333,7.580000000000001,3.605,22.77,24.985,0.0,0.0
2019-04-20 14:00:56,26.27,6.38,3.135,23.290000000000003,26.0,0.0,0.0
2019-04-20 15:00:56,21.84,4.84,2.54,23.655,27.415000000000003,0.0,0.0
2019-04-20 16:00:56,18.85,3.3349999999999995,2.8349999999999995,21.475000000000005,24.100000000000005,0.0,0.0
2019-04-20 17:00:56,19.263333333333332,3.5,1.7299999999999998,23.83,26.36,0.0,0.0
2019-04-20 18:00:56,20.380000000000003,2.5,1.76,26.084999999999997,29.584999999999997,0.0,0.0
2019-04-20 19:00:56,26.11,2.645,3.4949999999999997,30.320000000000004,34.94,0.0,0.0
2019-04-20 20:00:56,32.626666666666665,4.56,3.44,29.065,32.36,0.0,0.0
2019-04-20 21:00:56,25.333333333333332,3.155,2.8250000000000006,26.385,29.605,0.0,0.0
2019-04-20 22:00:56,26.39333333333333,4.425,2.43,25.44,28.725000000000005,0.0,0.0
2019-04-20 23:00:56,19.87333333333333,3.16,2.7999999999999994,27.185,31.570000000000004,0.0,0.0
2019-04-21 00:00:56,24.053333333333335,5.015,2.795,25.315,28.39,0.0,0.0
2019-04-21 01:00:56,16.33,5.425,3.09,22.84,25.304999999999996,0.0,0.0
2019-04-21 02:00:56,16.003333333333334,3.7349999999999994,2.7099999999999995,18.325,19.43,0.0,0.0
2019-04-21 03:00:56,14.406666666666666,2.35,2.135,14.92,15.99,0.0,0.0
2019-04-21 04:00:56,17.003333333333334,3.99,1.535,14.135,15.235,0.0,0.0
2019-04-21 05:00:56,14.93,3.5700000000000003,1.675,11.085,11.375,0.0,0.0
2019-04-21 06:00:56,12.636666666666668,0.0,1.68,11.53,11.995,0.0,0.0
2019-04-21 07:00:56,13.623333333333331,6.085000000000001,1.68,13.72,14.455,0.0,0.0
2019-04-21 08:00:56,13.356666666666667,4.1,3.0400000000000005,18.335,19.87,0.0,0.0
2019-04-21 09:00:56,19.983333333333334,4.255,9.975,19.465,21.505,0.0,0.0
2019-04-21 10:00:56,34.763333333333335,7.859999999999999,5.845,25.39,30.47,0.0,0.0
2019-04-21 11:00:56,26.29,6.43,5.25,23.03,26.290000000000003,0.0,0.0
2019-04-21 12:00:56,25.64,11.585,4.355,23.78,28.385,0.0,0.0
2019-04-21 13:00:56,16.073333333333334,7.965,3.3699999999999997,21.855,24.61,0.0,0.0
2019-04-21 14:00:56,13.653333333333334,4.495,3.3699999999999997,24.42,27.815,0.0,0.0
2019-04-21 15:00:56,13.596666666666666,2.99,3.2099999999999995,20.545,22.89,0.0,0.0
2019-04-21 16:00:56,11.363333333333333,5.145,2.92,21.774999999999995,23.83,0.0,0.0
2019-04-21 17:00:56,8.396666666666667,0.0,2.48,20.245,22.53,0.0,0.0
2019-04-21 18:00:56,9.603333333333333,3.3200000000000003,2.67,20.635,23.08,0.0,0.0
2019-04-21 19:00:56,11.46,1.905,3.2449999999999997,31.625,38.145,0.0,0.0
2019-04-21 20:00:56,26.366666666666667,2.34,3.605,29.595,34.585,0.0,0.0
2019-04-21 21:00:56,30.65,3.2449999999999997,3.68,24.26,26.135,0.0,0.0
2019-04-21 22:00:56,22.773333333333333,8.85,3.4599999999999995,29.935,35.49,0.0,0.0
2019-04-21 23:00:56,28.07,7.63,2.215,26.13,29.015,0.0,0.0
2019-04-22 00:00:56,22.953333333333333,5.005,1.95,22.845,24.7,0.0,0.0
2019-04-22 01:00:56,21.813333333333333,8.185,2.345,22.320000000000004,23.815,0.0,0.0
2019-04-22 02:00:56,23.740000000000002,5.594999999999999,1.8950000000000002,17.305,17.845,0.0,0.0
2019-04-22 03:00:56,18.653333333333332,5.07,1.445,17.865,18.255,0.0,0.0
2019-04-22 04:00:56,18.043333333333333,3.4949999999999997,1.3,17.04,17.49,0.0,0.0
2019-04-22 05:00:56,14.27,1.875,1.115,0.0,0.0,0.0,0.0
2019-04-22 06:00:56,11.853333333333333,3.405,3.7000000000000006,0.0,0.0,0.0,0.0
2019-04-22 07:00:56,21.456666666666667,2.775,4.41,0.0,0.0,0.0,0.0
2019-04-22 08:00:56,26.863333333333333,6.12,7.925,0.0,0.0,0.0,0.0
2019-04-22 09:00:56,38.620000000000005,7.82,12.545,0.0,0.0,0.0,0.0
2019-04-22 10:00:56,40.53666666666666,14.219999999999999,8.97,0.0,0.0,0.0,0.0
2019-04-22 11:00:56,32.98,9.6,4.015,0.0,0.0,0.0,0.0
2019-04-22 12:00:56,25.21,7.145,3.895,0.0,0.0,0.0,0.0
2019-04-22 13:00:56,19.02,5.95,3.295,0.0,0.0,0.0,0.0
2019-04-22 14:00:56,25.183333333333334,3.53,3.125,0.0,0.0,0.0,0.0
2019-04-22 15:00:56,19.88,5.43,3.275,0.0,0.0,0.0,0.0
2019-04-22 16:00:56,18.939999999999998,9.595,3.32,0.0,0.0,0.0,0.0
2019-04-22 17:00:56,18.286666666666665,8.98,2.9500000000000006,0.0,0.0,0.0,0.0
2019-04-22 18:00:56,21.68,10.37,3.115,0.0,0.0,0.0,0.0
2019-04-22 19:00:56,22.743333333333332,6.355,3.555,0.0,0.0,0.0,0.0
2019-04-22 20:00:56,25.286666666666665,3.69,3.47,0.0,0.0,0.0,0.0
2019-04-22 21:00:56,30.27666666666667,4.74,1.6849999999999998,0.0,0.0,0.0,0.0
2019-04-22 22:00:56,27.290000000000003,7.594999999999999,1.535,0.0,0.0,0.0,0.0
2019-04-22 23:00:56,28.099999999999998,8.48,1.83,0.0,0.0,0.0,0.0
2019-04-23 00:00:56,29.383333333333333,8.24,1.965,0.0,0.0,0.0,0.0
2019-04-23 01:00:56,25.363333333333333,9.82,2.45,0.0,0.0,0.0,0.0
2019-04-23 02:00:56,29.76,8.655,4.735,0.0,0.0,0.0,0.0
2019-04-23 03:00:56,30.08,10.699999999999998,4.84,0.0,0.0,0.0,0.0
2019-04-23 04:00:56,36.66,10.975,3.195,0.0,0.0,0.0,0.0
2019-04-23 05:00:56,41.79333333333333,14.329999999999998,2.525,0.0,0.0,0.0,0.0
2019-04-23 06:00:56,34.70666666666667,16.425,3.78,0.0,0.0,0.0,0.0
2019-04-23 07:00:56,35.91333333333333,11.689999999999998,3.7099999999999995,0.0,0.0,0.0,0.0
2019-04-23 08:00:56,33.196666666666665,14.530000000000001,11.705,0.0,0.0,0.0,0.0
2019-04-23 09:00:56,39.236666666666665,16.98,10.800000000000002,0.0,0.0,0.0,0.0
2019-04-23 10:00:56,40.166666666666664,20.77,9.53,0.0,0.0,0.0,0.0
2019-04-23 11:00:56,31.403333333333336,12.735,6.385000000000001,0.0,0.0,0.0,0.0
2019-04-23 12:00:56,25.19666666666667,7.44,5.425,0.0,0.0,0.0,0.0
2019-04-23 13:00:56,23.439999999999998,4.56,4.555,0.0,0.0,0.0,0.0
2019-04-23 14:00:56,19.5,8.135,4.815,0.0,0.0,0.0,0.0
2019-04-23 15:00:56,18.189999999999998,5.815,3.4150000000000005,0.0,0.0,0.0,0.0
2019-04-23 16:00:56,16.81,6.09,2.9150000000000005,0.0,0.0,0.0,0.0
2019-04-23 17:00:56,21.243333333333332,10.405,2.62,0.0,0.0,0.0,0.0
2019-04-23 18:00:56,17.85,6.844999999999999,2.66,0.0,0.0,0.0,0.0
2019-04-23 19:00:56,10.91,4.775,3.595,0.0,0.0,0.0,0.0
2019-04-23 20:00:56,22.61,2.9299999999999997,3.735,0.0,0.0,0.0,0.0
2019-04-23 21:00:56,26.6,1.765,3.36,0.0,0.0,0.0,0.0
2019-04-23 22:00:56,28.36,7.555,4.03,0.0,0.0,0.0,0.0
2019-04-23 23:00:56,32.72666666666667,7.974999999999999,10.21,0.0,0.0,0.0,0.0
2019-04-24 00:00:56,40.69,11.594999999999999,6.794999999999999,0.0,0.0,0.0,0.0
2019-04-24 01:00:56,36.086666666666666,8.55,4.77,0.0,0.0,0.0,0.0
2019-04-24 02:00:56,28.553333333333335,10.714999999999998,3.85,0.0,0.0,0.0,0.0
2019-04-24 03:00:56,32.65,13.439999999999998,2.35,0.0,0.0,0.0,0.0
2019-04-24 04:00:56,33.056666666666665,18.39,2.05,0.0,0.0,0.0,0.0
2019-04-24 05:00:56,31.00333333333333,12.63,2.26,0.0,0.0,0.0,0.0
2019-04-24 06:00:56,28.276666666666667,14.185000000000002,1.925,0.0,0.0,0.0,0.0
2019-04-24 07:00:56,27.13666666666667,12.735,3.7900000000000005,0.0,0.0,0.0,0.0
2019-04-24 08:00:56,33.376666666666665,14.055,13.324999999999998,0.0,0.0,0.0,0.0
2019-04-24 09:00:56,61.44,16.95,16.575,0.0,0.0,0.0,0.0
2019-04-24 10:00:56,72.00333333333333,23.345,15.255,0.0,0.0,0.0,0.0
2019-04-24 11:00:56,65.69333333333333,23.399999999999995,11.345,0.0,0.0,0.0,0.0
2019-04-24 12:00:56,49.166666666666664,19.26,7.44,0.0,0.0,0.0,0.0
2019-04-24 13:00:56,39.58666666666667,13.314999999999998,7.794999999999999,0.0,0.0,0.0,0.0
2019-04-24 14:00:56,38.20333333333333,7.359999999999999,5.055,0.0,0.0,0.0,0.0
2019-04-24 15:00:56,37.01333333333333,7.555,4.615,0.0,0.0,0.0,0.0
2019-04-24 16:00:56,35.11666666666667,4.82,5.12,0.0,0.0,0.0,0.0
2019-04-24 17:00:56,29.343333333333334,4.97,5.025,0.0,0.0,0.0,0.0
2019-04-24 18:00:56,32.35666666666667,4.445,6.835,0.0,0.0,0.0,0.0
2019-04-24 19:00:56,39.83,6.245,10.79,0.0,0.0,0.0,0.0
2019-04-24 20:00:56,43.43666666666667,4.945,12.074999999999998,0.0,0.0,0.0,0.0
2019-04-24 21:00:56,44.26,2.715,10.62,0.0,0.0,0.0,0.0
2019-04-24 22:00:56,58.10333333333333,12.104999999999999,6.760000000000001,0.0,0.0,0.0,0.0
2019-04-24 23:00:56,60.36000000000001,12.714999999999998,6.755,0.0,0.0,0.0,0.0
2019-04-25 00:00:56,58.24000000000001,12.695,7.739999999999999,0.0,0.0,0.0,0.0
2019-04-25 01:00:56,57.69,11.714999999999998,13.79,0.0,0.0,0.0,0.0
2019-04-25 02:00:56,57.556666666666665,12.045000000000002,6.125,0.0,0.0,0.0,0.0
2019-04-25 03:00:56,44.9,16.815,5.349999999999999,0.0,0.0,0.0,0.0
2019-04-25 04:00:56,38.33666666666667,14.86,5.900000000000001,0.0,0.0,0.0,0.0
2019-04-25 05:00:56,40.5,13.060000000000002,4.265,0.0,0.0,0.0,0.0
2019-04-25 06:00:56,39.96,9.645,4.515,0.0,0.0,0.0,0.0
2019-04-25 07:00:56,35.68,6.88,8.95,0.0,0.0,0.0,0.0
2019-04-25 08:00:56,39.166666666666664,10.670000000000002,12.4,0.0,0.0,0.0,0.0
2019-04-25 09:00:56,55.07,17.465,16.68,0.0,0.0,0.0,0.0
2019-04-25 10:00:56,62.07666666666666,16.185,13.365,0.0,0.0,0.0,0.0
2019-04-25 11:00:56,47.263333333333335,10.24,7.87,0.0,0.0,0.0,0.0
2019-04-25 12:00:56,31.4,12.689999999999998,5.364999999999999,0.0,0.0,0.0,0.0
2019-04-25 13:00:56,30.799999999999997,8.12,4.2,0.0,0.0,0.0,0.0
2019-04-25 14:00:56,34.096666666666664,6.32,3.9,0.0,0.0,0.0,0.0
2019-04-25 15:00:56,53.36333333333334,6.594999999999999,3.115,20.265,22.235,0.0,0.0
2019-04-25 16:00:56,50.99,9.32,2.665,28.265,31.42,0.0,0.0
2019-04-25 17:00:56,60.39666666666667,13.21,2.38,34.88,40.0,0.0,0.0
2019-04-25 18:00:56,63.303333333333335,9.325,2.605,36.87,41.585,0.0,0.0
2019-04-25 19:00:56,64.61333333333333,8.51,3.0499999999999994,32.735,36.08,0.0,0.0
2019-04-25 20:00:56,70.77333333333334,6.010000000000001,3.215,33.3,36.59,0.0,0.0
2019-04-25 21:00:56,79.86,9.485,3.375,27.99,29.95,0.0,0.0
2019-04-25 22:00:56,65.47,9.33,3.2550000000000003,27.5,29.899999999999995,0.0,0.0
2019-04-25 23:00:56,61.11,12.405000000000001,4.445,36.07,39.53,0.0,0.0
2019-04-26 00:00:56,52.07666666666667,10.56,5.88,38.63,40.86,0.0,0.0
2019-04-26 01:00:56,63.01,10.445,5.965,47.935,56.82,0.0,0.0
2019-04-26 02:00:56,71.15666666666667,10.765,4.535,43.25,48.88,0.0,0.0
2019-04-26 03:00:56,70.20666666666666,10.465,4.9,43.785,50.405,0.0,0.0
2019-04-26 04:00:56,63.24666666666667,11.26,3.6749999999999994,39.955,44.07500000000001,0.0,0.0
2019-04-26 05:00:56,58.623333333333335,9.85,2.82,36.06,41.55,0.0,0.0
2019-04-26 06:00:56,66.08666666666666,6.305,2.27,36.41,46.48,0.0,0.0
2019-04-26 07:00:56,61.30666666666667,9.11,2.625,36.435,49.205000000000005,0.0,0.0
2019-04-26 08:00:56,58.95,10.065,9.67,41.445,55.79,0.0,0.0
2019-04-26 09:00:56,70.13,9.36,11.1,48.919999999999995,62.905,0.0,0.0
2019-04-26 10:00:56,78.86,16.15,10.085,48.905,56.95000000000001,0.0,0.0
2019-04-26 11:00:56,78.07666666666667,11.01,7.88,34.86,36.91,0.0,0.0
2019-04-26 12:00:56,77.00666666666667,6.55,5.52,21.51,22.524999999999995,0.0,0.0
2019-04-26 13:00:56,58.85666666666667,6.044999999999999,3.9500000000000006,19.57,20.855,0.0,0.0
2019-04-26 14:00:56,54.43666666666667,7.224999999999999,3.025,19.145,20.315,0.0,0.0
2019-04-26 15:00:56,50.373333333333335,4.63,2.82,19.43,20.48,0.0,0.0
2019-04-26 16:00:56,43.803333333333335,2.99,2.59,23.94,25.715,0.0,0.0
2019-04-26 17:00:56,47.45666666666667,3.975,2.065,30.649999999999995,33.76,0.0,0.0
2019-04-26 18:00:56,54.620000000000005,10.32,2.355,33.08,36.47,0.0,0.0
2019-04-26 19:00:56,64.00333333333333,8.585,2.605,26.290000000000003,28.100000000000005,0.0,0.0
2019-04-26 20:00:56,70.99666666666667,8.61,3.3349999999999995,24.63,26.209999999999997,0.0,0.0
2019-04-26 21:00:56,67.19,15.62,3.2099999999999995,20.455,21.32,0.0,0.0
2019-04-26 22:00:56,48.656666666666666,15.11,2.92,19.675,20.835,0.0,0.0
2019-04-26 23:00:56,50.43333333333334,11.625,2.525,25.39,28.165000000000003,0.0,0.0
2019-04-27 00:00:56,56.09,11.975,4.265,22.58,23.41,0.0,0.0
2019-04-27 01:00:56,52.56666666666666,7.364999999999999,2.635,17.995,18.785,0.0,0.0
2019-04-27 02:00:56,46.11333333333334,5.68,2.51,15.025,15.57,0.0,0.0
2019-04-27 03:00:56,45.69333333333333,6.98,2.775,17.845,18.575,0.0,0.0
2019-04-27 04:00:56,57.41333333333333,13.945,4.485,23.015,24.24,0.0,0.0
2019-04-27 05:00:56,62.55,15.954999999999998,3.75,21.429999999999996,21.935,0.0,0.0
2019-04-27 06:00:56,49.96666666666667,9.97,3.47,26.03,28.13,0.0,0.0
2019-04-27 07:00:56,54.83,6.555,3.4249999999999994,37.645,50.51500000000001,0.0,0.0
2019-04-27 08:00:56,61.92333333333333,7.255,7.64,41.08,50.505,0.0,0.0
2019-04-27 09:00:56,66.45666666666666,9.14,15.415,35.84,41.7,0.0,0.0
2019-04-27 10:00:56,73.94,12.65,7.935,26.13,28.76,0.0,0.0
2019-04-27 11:00:56,61.8,10.775,6.61,23.695000000000004,25.77,0.0,0.0
2019-04-27 12:00:56,55.44333333333333,10.63,7.94,30.584999999999997,35.255,0.0,0.0
2019-04-27 13:00:56,62.32666666666667,11.875,4.87,22.69,24.524999999999995,0.0,0.0
2019-04-27 14:00:56,45.22,7.25,3.18,0.0,0.0,0.0,0.0
2019-04-27 15:00:56,49.05666666666667,4.405,3.445,0.0,0.0,0.0,0.0
2019-04-27 16:00:56,58.49,5.825,2.845,0.0,0.0,0.0,0.0
2019-04-27 17:00:56,45.22,3.655,3.715,0.0,0.0,0.0,0.0
2019-04-27 18:00:56,40.27666666666667,6.855,2.645,0.0,0.0,0.0,0.0
2019-04-27 19:00:56,43.016666666666666,4.695,2.84,0.0,0.0,0.0,0.0
2019-04-27 20:00:56,50.46000000000001,7.94,3.265,0.0,0.0,0.0,0.0
2019-04-27 21:00:56,51.81999999999999,11.165,2.92,0.0,0.0,0.0,0.0
2019-04-27 22:00:56,53.53666666666666,9.925,3.4,0.0,0.0,0.0,0.0
2019-04-27 23:00:56,50.26666666666667,0.0,2.865,0.0,0.0,0.0,0.0
2019-04-28 00:00:56,51.57333333333333,0.0,5.48,0.0,0.0,0.0,0.0
2019-04-28 01:00:56,50.76,0.0,4.175,0.0,0.0,0.0,0.0
2019-04-28 02:00:56,46.02333333333333,0.0,2.7099999999999995,0.0,0.0,0.0,0.0
2019-04-28 03:00:56,43.406666666666666,0.0,2.125,0.0,0.0,0.0,0.0
2019-04-28 04:00:56,42.836666666666666,33.455,1.755,0.0,0.0,0.0,0.0
2019-04-28 05:00:56,37.593333333333334,23.03,1.64,0.0,0.0,0.0,0.0
2019-04-28 06:00:56,36.88,15.824999999999998,1.54,0.0,0.0,0.0,0.0
2019-04-28 07:00:56,36.18333333333334,9.115,1.865,0.0,0.0,0.0,0.0
2019-04-28 08:00:56,38.026666666666664,12.920000000000002,3.985,0.0,0.0,0.0,0.0
2019-04-28 09:00:56,41.666666666666664,10.824999999999998,6.705000000000001,0.0,0.0,0.0,0.0
2019-04-28 10:00:56,53.20666666666667,12.175000000000002,7.63,0.0,0.0,0.0,0.0
2019-04-28 11:00:56,50.17,13.305,5.995,0.0,0.0,0.0,0.0
2019-04-28 12:00:56,38.766666666666666,8.385,4.815,0.0,0.0,0.0,0.0
2019-04-28 13:00:56,35.63666666666666,4.7,5.1,0.0,0.0,0.0,0.0
2019-04-28 14:00:56,36.68333333333334,4.28,4.78,0.0,0.0,0.0,0.0
2019-04-28 15:00:56,31.98,7.37,3.725,0.0,0.0,0.0,0.0
2019-04-28 16:00:56,32.946666666666665,5.095,3.3699999999999997,0.0,0.0,0.0,0.0
2019-04-28 17:00:56,32.68,6.535,2.69,0.0,0.0,0.0,0.0
2019-04-28 18:00:56,31.96333333333333,8.085,2.44,0.0,0.0,0.0,0.0
2019-04-28 19:00:56,32.46333333333333,5.37,2.115,0.0,0.0,0.0,0.0
2019-04-28 20:00:56,29.266666666666666,6.135000000000001,3.42,0.0,0.0,0.0,0.0
2019-04-28 21:00:56,35.169999999999995,9.1,4.85,0.0,0.0,0.0,0.0
2019-04-28 22:00:56,40.86666666666667,6.965,2.895,0.0,0.0,0.0,0.0
2019-04-28 23:00:56,42.79,6.539999999999999,2.8250000000000006,0.0,0.0,0.0,0.0
2019-04-29 00:00:56,31.400000000000002,6.59,2.64,0.0,0.0,0.0,0.0
2019-04-29 01:00:56,29.78333333333333,5.84,3.3699999999999997,0.0,0.0,0.0,0.0
2019-04-29 02:00:56,34.123333333333335,9.51,5.395,0.0,0.0,0.0,0.0
2019-04-29 03:00:56,38.18333333333334,9.85,3.785,0.0,0.0,0.0,0.0
2019-04-29 04:00:56,36.81,14.270000000000001,2.61,0.0,0.0,0.0,0.0
2019-04-29 05:00:56,28.69333333333333,10.885,2.05,0.0,0.0,0.0,0.0
2019-04-29 06:00:56,28.763333333333335,6.59,1.83,0.0,0.0,0.0,0.0
2019-04-29 07:00:56,32.24333333333334,9.41,2.54,0.0,0.0,0.0,0.0
2019-04-29 08:00:56,37.873333333333335,14.885,4.305,0.0,0.0,0.0,0.0
2019-04-29 09:00:56,48.38,18.315,10.55,0.0,0.0,0.0,0.0
2019-04-29 10:00:56,55.379999999999995,21.659999999999997,8.31,0.0,0.0,0.0,0.0
2019-04-29 11:00:56,39.95666666666667,13.449999999999998,4.645,0.0,0.0,0.0,0.0
2019-04-29 12:00:56,30.793333333333337,9.39,4.56,0.0,0.0,0.0,0.0
2019-04-29 13:00:56,30.090000000000003,5.87,4.52,0.0,0.0,0.0,0.0
2019-04-29 14:00:56,34.93666666666667,3.41,2.98,0.0,0.0,0.0,0.0
2019-04-29 15:00:56,38.04333333333333,6.455000000000001,2.725,0.0,0.0,0.0,0.0
2019-04-29 16:00:56,36.623333333333335,6.530000000000001,2.195,0.0,0.0,0.0,0.0
2019-04-29 17:00:56,43.22,4.245,2.54,14.205,15.074999999999998,0.0,0.0
2019-04-29 18:00:56,47.67666666666667,2.315,3.16,16.08,16.67,0.0,0.0
2019-04-29 19:00:56,54.75333333333333,5.04,2.695,21.39,22.255,0.0,0.0
2019-04-29 20:00:56,65.87,9.12,9.935,39.205,42.065,0.0,0.0
2019-04-29 21:00:56,68.09,10.105,10.964999999999998,47.285,55.49,0.0,0.0
2019-04-29 22:00:56,76.36,6.205000000000001,5.18,47.24,55.625,0.0,0.0
2019-04-29 23:00:56,84.48666666666666,9.62,4.195,45.815,57.465,0.0,0.0
2019-04-30 00:00:56,87.32,10.265,2.55,45.15,52.895,0.0,0.0
2019-04-30 01:00:56,82.54666666666667,6.57,1.7700000000000002,30.155,33.18,0.0,0.0
2019-04-30 02:00:56,71.5,4.66,1.6900000000000002,35.835,45.135,0.0,0.0
2019-04-30 03:00:56,78.60666666666667,5.859999999999999,1.555,36.625,45.4,0.0,0.0
2019-04-30 04:00:56,77.46333333333334,9.44,1.555,34.895,39.65,0.0,0.0
2019-04-30 05:00:56,74.14666666666666,10.915,1.3999999999999997,33.595,41.115,0.0,0.0
2019-04-30 06:00:56,65.15,7.655000000000001,1.485,33.255,43.04999999999999,0.0,0.0
2019-04-30 07:00:56,83.08,14.160000000000002,1.655,36.64,50.32500000000001,0.0,0.0
2019-04-30 08:00:56,80.32666666666667,11.625,3.235,48.155,82.29,0.0,0.0
2019-04-30 09:00:56,93.79,13.655000000000001,7.62,56.565,89.0,0.0,0.0
2019-04-30 10:00:56,109.31,16.565,6.575,31.165000000000003,33.04,0.0,0.0
2019-04-30 11:00:56,85.53333333333333,10.385,3.08,17.93,19.055,0.0,0.0
2019-04-30 12:00:56,61.51333333333334,6.635000000000001,2.44,18.02,18.64,0.0,0.0
2019-04-30 13:00:56,51.06333333333333,6.48,0.0,20.135,20.64,0.0,0.0
2019-04-30 14:00:56,68.15666666666667,9.045,2.09,19.48,20.085,0.0,0.0
2019-04-30 15:00:56,79.19666666666667,5.995,2.06,19.38,19.74,0.0,0.0
2019-04-30 16:00:56,74.15666666666667,3.75,2.28,20.37,21.025,0.0,0.0
2019-04-30 17:00:56,90.95666666666666,4.44,1.37,19.23,19.48,0.0,0.0
2019-04-30 18:00:56,91.95333333333333,3.685,1.485,21.26,21.679999999999996,0.0,0.0
2019-04-30 19:00:56,102.44,10.979999999999999,1.755,25.375,26.320000000000004,0.0,0.0
2019-04-30 20:00:56,117.36666666666666,9.675,6.31,42.945,46.99,0.0,0.0
2019-04-30 21:00:56,128.53666666666666,11.704999999999998,2.8699999999999997,38.07,40.9,0.0,0.0
2019-04-30 22:00:56,120.37,13.26,2.365,22.81,23.365,0.0,0.0
2019-04-30 23:00:56,102.10666666666667,12.454999999999998,3.735,20.59,21.29,0.0,0.0
2019-05-01 00:00:56,85.19,11.005,3.025,34.98,37.78,0.0,0.0
2019-05-01 01:00:56,76.18333333333334,11.185000000000002,2.83,39.51,46.725,0.0,0.0
2019-05-01 02:00:56,76.44666666666666,7.109999999999999,2.275,31.395,34.645,0.0,0.0
2019-05-01 03:00:56,62.083333333333336,4.115,2.26,24.53,26.47,0.0,0.0
2019-05-01 04:00:56,58.69,8.14,2.195,19.86,20.97,0.0,0.0
2019-05-01 05:00:56,55.416666666666664,7.075,2.265,19.295,20.565,0.0,0.0
2019-05-01 06:00:56,59.01333333333333,11.175000000000002,3.375,28.959999999999997,31.36,0.0,0.0
2019-05-01 07:00:56,79.49000000000001,15.995,2.93,38.205,48.6,0.0,0.0
2019-05-01 08:00:56,95.02666666666667,14.185000000000002,7.53,48.935,69.32,0.0,0.0
2019-05-01 09:00:56,111.00666666666666,16.26,7.41,42.17,49.13,0.0,0.0
2019-05-01 10:00:56,90.80333333333333,15.445,5.015,23.554999999999996,24.89,0.0,0.0
2019-05-01 11:00:56,67.64666666666668,11.535000000000002,3.225,20.0,20.63,0.0,0.0
2019-05-01 12:00:56,58.806666666666665,6.905000000000001,3.605,17.865,18.28,0.0,0.0
2019-05-01 13:00:56,45.08,4.255,3.23,19.245,19.845,0.0,0.0
2019-05-01 14:00:56,49.69,2.885,2.77,17.44,18.0,0.0,0.0
2019-05-01 15:00:56,50.14333333333334,2.7699999999999996,2.61,18.81,19.215,0.0,0.0
2019-05-01 16:00:56,46.830000000000005,6.294999999999999,2.785,18.425,18.715,0.0,0.0
2019-05-01 17:00:56,46.92,7.484999999999999,2.375,18.21,18.545,0.0,0.0
2019-05-01 18:00:56,31.913333333333334,7.895,2.08,0.0,0.0,0.0,0.0
2019-05-01 19:00:56,27.986666666666665,4.895,1.8,0.0,0.0,0.0,0.0
2019-05-01 20:00:56,28.063333333333333,3.045,6.465,0.0,0.0,0.0,0.0
2019-05-01 21:00:56,37.35666666666666,1.63,10.945,0.0,0.0,0.0,0.0
2019-05-01 22:00:56,27.82333333333333,4.28,5.12,0.0,0.0,0.0,0.0
2019-05-01 23:00:56,28.91333333333333,8.535,3.605,0.0,0.0,0.0,0.0
2019-05-02 00:00:56,37.77,10.03,2.27,0.0,0.0,0.0,0.0
2019-05-02 01:00:56,37.29,6.359999999999999,2.455,0.0,0.0,0.0,0.0
2019-05-02 02:00:56,43.52333333333333,4.835,1.015,0.0,0.0,0.0,0.0
2019-05-02 03:00:56,39.35333333333333,9.59,1.15,0.0,0.0,0.0,0.0
2019-05-02 04:00:56,39.120000000000005,15.89,1.3,0.0,0.0,0.0,0.0
2019-05-02 05:00:56,46.346666666666664,17.675,1.425,0.0,0.0,0.0,0.0
2019-05-02 06:00:56,40.74666666666667,19.185,2.78,0.0,0.0,0.0,0.0
2019-05-02 07:00:56,43.13666666666666,16.99,2.05,0.0,0.0,0.0,0.0
2019-05-02 08:00:56,35.10333333333333,17.95,29.524999999999995,0.0,0.0,0.0,0.0
2019-05-02 09:00:56,46.379999999999995,22.135,16.76,0.0,0.0,0.0,0.0
2019-05-02 10:00:56,58.61333333333334,26.08,4.25,0.0,0.0,0.0,0.0
2019-05-02 11:00:56,59.876666666666665,20.485,7.895,0.0,0.0,0.0,0.0
2019-05-02 12:00:56,46.72333333333333,12.04,4.84,0.0,0.0,0.0,0.0
2019-05-02 13:00:56,33.550000000000004,9.015,5.52,0.0,0.0,0.0,0.0
2019-05-02 14:00:56,20.60333333333333,5.900000000000001,3.645,0.0,0.0,0.0,0.0
2019-05-02 15:00:56,16.263333333333335,5.07,2.845,0.0,0.0,0.0,0.0
2019-05-02 16:00:56,13.533333333333333,7.974999999999999,2.685,0.0,0.0,0.0,0.0
2019-05-02 17:00:56,13.043333333333335,5.400000000000001,2.315,0.0,0.0,0.0,0.0
2019-05-02 18:00:56,35.35,2.8049999999999997,2.04,30.065,32.57,0.0,0.0
2019-05-02 19:00:56,48.336666666666666,3.26,1.13,27.125,30.225000000000005,0.0,0.0
2019-05-02 20:00:56,37.22666666666667,5.474999999999999,1.455,40.52,45.20000000000001,0.0,0.0
2019-05-02 21:00:56,30.560000000000002,5.635000000000001,1.825,37.865,42.74,0.0,0.0
2019-05-02 22:00:56,27.686666666666667,10.565,1.39,34.605,38.785,0.0,0.0
2019-05-02 23:00:56,25.99666666666667,11.25,1.33,25.205,26.895,0.0,0.0
2019-05-03 00:00:56,19.593333333333334,9.695,1.16,23.875,25.38,0.0,0.0
2019-05-03 01:00:56,20.49,5.875,1.185,21.32,23.155,0.0,0.0
2019-05-03 02:00:56,15.186666666666667,3.115,1.185,20.965,21.850000000000005,0.0,0.0
2019-05-03 03:00:56,11.98,3.295,1.84,17.655,18.205,0.0,0.0
2019-05-03 04:00:56,16.456666666666667,3.74,3.31,18.59,19.005,0.0,0.0
2019-05-03 05:00:56,11.256666666666668,3.83,1.86,22.72,23.135,0.0,0.0
2019-05-03 06:00:56,19.84,6.065,2.09,20.78,21.715,0.0,0.0
2019-05-03 07:00:56,23.746666666666666,11.305,1.575,24.37,26.255,0.0,0.0
2019-05-03 08:00:56,19.813333333333333,12.314999999999998,1.615,44.665,55.22,0.0,0.0
2019-05-03 09:00:56,13.093333333333334,7.219999999999999,2.7000000000000006,49.565,58.79,0.0,0.0
2019-05-03 10:00:56,18.10666666666667,11.13,2.9500000000000006,34.455,37.185,0.0,0.0
2019-05-03 11:00:56,14.356666666666667,7.16,3.3800000000000003,32.825,34.835,0.0,0.0
2019-05-03 12:00:56,19.32333333333333,7.405000000000001,4.23,25.649999999999995,26.7,0.0,0.0
2019-05-03 13:00:56,16.57,4.775,3.6749999999999994,25.745,27.62,0.0,0.0
2019-05-03 14:00:56,12.273333333333333,3.475,2.235,37.305,45.01,0.0,0.0
2019-05-03 15:00:56,7.45,3.3349999999999995,2.205,32.76,34.845,0.0,0.0
2019-05-03 16:00:56,13.95,3.2000000000000006,1.665,33.09,35.77,0.0,0.0
2019-05-03 17:00:56,18.796666666666667,11.47,1.505,43.215,47.955000000000005,0.0,0.0
2019-05-03 18:00:56,13.95,11.575000000000001,1.61,33.04,34.85,0.0,0.0
2019-05-03 19:00:56,17.47,12.065,1.68,31.615,33.355,0.0,0.0
2019-05-03 20:00:56,20.14333333333333,7.19,2.19,43.48499999999999,48.79999999999999,0.0,0.0
2019-05-03 21:00:56,24.636666666666667,6.974999999999999,1.4750000000000003,45.145,51.69,0.0,0.0
2019-05-03 22:00:56,28.09,14.005,1.445,35.46,38.475,0.0,0.0
2019-05-03 23:00:56,26.743333333333332,15.660000000000002,1.26,33.85,37.215,0.0,0.0
2019-05-04 00:00:56,28.63,14.26,1.04,51.46,62.705000000000005,0.0,0.0
2019-05-04 01:00:56,39.45333333333333,22.36,2.265,46.535,52.42499999999999,0.0,0.0
2019-05-04 02:00:56,48.56,37.43,1.05,42.72,48.57,0.0,0.0
2019-05-04 03:00:56,53.263333333333335,31.465000000000003,2.36,34.945,37.525,0.0,0.0
2019-05-04 04:00:56,53.02333333333334,38.765,4.565,25.575,26.52,0.0,0.0
2019-05-04 05:00:56,50.099999999999994,37.67,11.660000000000002,21.225,22.274999999999995,0.0,0.0
2019-05-04 06:00:56,61.129999999999995,44.525,10.52,27.040000000000003,28.595,0.0,0.0
2019-05-04 07:00:56,62.26,37.08,15.885,28.165000000000003,33.085,0.0,0.0
2019-05-04 08:00:56,65.35333333333334,43.92499999999999,86.27,33.305,41.325,0.0,0.0
2019-05-04 09:00:56,58.733333333333334,48.84,68.35,29.72,33.085,0.0,0.0
2019-05-04 10:00:56,45.42,45.82,45.1,31.31,34.29,0.0,0.0
2019-05-04 11:00:56,36.56666666666666,31.73,24.814999999999998,25.0,26.24,0.0,0.0
2019-05-04 12:00:56,23.18,19.855,16.96,22.56,23.755,0.0,0.0
2019-05-04 13:00:56,18.909999999999997,14.535000000000002,18.735,26.290000000000003,28.01,0.0,0.0
2019-05-04 14:00:56,11.703333333333333,10.905000000000001,14.445,23.175,24.135,0.0,0.0
2019-05-04 15:00:56,12.896666666666667,10.145000000000001,8.765,22.695000000000004,23.570000000000004,0.0,0.0
2019-05-04 16:00:56,9.736666666666666,6.745,7.335000000000001,23.985,24.945000000000004,0.0,0.0
2019-05-04 17:00:56,6.766666666666667,6.465,10.405,28.49,30.024999999999995,0.0,0.0
2019-05-04 18:00:56,12.253333333333332,5.465,7.425,29.565,31.345,0.0,0.0
2019-05-04 19:00:56,13.056666666666668,3.6500000000000004,5.535,47.19,54.505,0.0,0.0
2019-05-04 20:00:56,11.836666666666668,5.965,9.595,54.905,63.01,0.0,0.0
2019-05-04 21:00:56,31.060000000000002,11.42,17.04,60.79999999999999,70.89,0.0,0.0
2019-05-04 22:00:56,57.379999999999995,19.325,23.355,67.535,88.935,0.0,0.0
2019-05-04 23:00:56,76.67,27.319999999999997,33.73,55.935,73.19,0.0,0.0
2019-05-05 00:00:56,77.12333333333333,36.69,67.42,56.76500000000001,80.93,0.0,0.0
2019-05-05 01:00:56,84.67,40.67,85.325,60.74,95.02500000000002,0.0,0.0
2019-05-05 02:00:56,88.73333333333333,36.49,55.445,56.27,73.5,0.0,0.0
2019-05-05 03:00:56,44.53666666666667,24.035,4.475,45.74,58.35999999999999,0.0,0.0
2019-05-05 04:00:56,40.33,42.785,49.58500000000001,40.79,49.42499999999999,0.0,0.0
2019-05-05 05:00:56,67.94666666666666,44.965,120.83,29.054999999999996,31.95,0.0,0.0
2019-05-05 06:00:56,71.62,41.59,70.88499999999999,29.415000000000003,30.49,0.0,0.0
2019-05-05 07:00:56,64.23333333333333,37.875,54.044999999999995,32.7,36.46,0.0,0.0
2019-05-05 08:00:56,66.72666666666667,34.974999999999994,101.44500000000001,38.475,47.330000000000005,0.0,0.0
2019-05-05 09:00:56,70.18333333333334,42.16,113.15500000000002,38.225,45.165,0.0,0.0
2019-05-05 10:00:56,62.11,43.870000000000005,59.169999999999995,29.774999999999995,32.99,0.0,0.0
2019-05-05 11:00:56,49.406666666666666,37.735,32.64,24.92,26.225000000000005,0.0,0.0
2019-05-05 12:00:56,40.67666666666667,32.155,28.28,30.804999999999996,33.9,0.0,0.0
2019-05-05 13:00:56,30.30666666666667,22.200000000000003,17.07,23.435,24.695000000000004,0.0,0.0
2019-05-05 14:00:56,20.11,12.395000000000001,11.615,17.765,18.16,0.0,0.0
2019-05-05 15:00:56,21.273333333333337,7.484999999999999,12.704999999999998,18.56,18.93,0.0,0.0
2019-05-05 16:00:56,27.536666666666665,6.885000000000001,11.245,19.105,19.435,0.0,0.0
2019-05-05 17:00:56,22.92,7.609999999999999,9.065,21.225,21.570000000000004,0.0,0.0
2019-05-05 18:00:56,25.826666666666668,9.835,9.72,26.024999999999995,26.64,0.0,0.0
2019-05-05 19:00:56,31.676666666666666,11.589999999999998,23.47,31.03,32.17,0.0,0.0
2019-05-05 20:00:56,37.22666666666666,11.834999999999999,50.29500000000001,35.745,37.015,0.0,0.0
2019-05-05 21:00:56,42.55,17.755,47.925000000000004,50.815,56.565,0.0,0.0
2019-05-05 22:00:56,57.06,20.905,44.03,62.685,77.18,0.0,0.0
2019-05-05 23:00:56,62.416666666666664,20.57,38.339999999999996,47.82,51.0,0.0,0.0
2019-05-06 00:00:56,56.45,17.349999999999998,45.080000000000005,43.635,48.245,0.0,0.0
2019-05-06 01:00:56,57.33666666666667,16.335,31.985,33.97,34.715,0.0,0.0
2019-05-06 02:00:56,47.99666666666667,17.075,27.52,23.27,23.465,0.0,0.0
2019-05-06 03:00:56,33.48,13.0,19.880000000000003,19.07,19.31,0.0,0.0
2019-05-06 04:00:56,28.446666666666665,13.115000000000002,14.875,20.01,20.16,0.0,0.0
2019-05-06 05:00:56,30.673333333333332,11.104999999999999,10.924999999999999,24.765,25.67,0.0,0.0
2019-05-06 06:00:56,35.946666666666665,16.515,9.32,28.600000000000005,31.3,0.0,0.0
2019-05-06 07:00:56,36.333333333333336,20.07,8.26,31.99,34.7,0.0,0.0
2019-05-06 08:00:56,38.6,15.425000000000002,22.315,42.6,50.475,0.0,0.0
2019-05-06 09:00:56,47.35666666666666,19.35,88.83,48.755,59.09,0.0,0.0
2019-05-06 10:00:56,54.21000000000001,17.78,41.675,49.35999999999999,56.375,0.0,0.0
2019-05-06 11:00:56,57.14666666666667,21.63,23.755,28.5,30.959999999999997,0.0,0.0
2019-05-06 12:00:56,51.43000000000001,23.41,16.38,34.43,35.485,0.0,0.0
2019-05-06 13:00:56,40.18000000000001,21.1,12.655000000000001,38.89,40.41,0.0,0.0
2019-05-06 14:00:56,34.546666666666674,15.64,14.115,36.66,37.42,0.0,0.0
2019-05-06 15:00:56,44.843333333333334,12.450000000000001,9.03,40.42,41.375,0.0,0.0
2019-05-06 16:00:56,78.64333333333333,18.855,6.579999999999999,48.56,49.92499999999999,0.0,0.0
2019-05-06 17:00:56,127.94999999999999,19.505,6.16,50.355,51.47,0.0,0.0
2019-05-06 18:00:56,160.08333333333334,27.790000000000003,5.830000000000001,50.544999999999995,51.73499999999999,0.0,0.0
2019-05-06 19:00:56,194.62,39.065,7.859999999999999,60.93,64.915,0.0,0.0
2019-05-06 20:00:56,224.17333333333332,41.86,14.185,67.56,73.305,0.0,0.0
2019-05-06 21:00:56,230.86,47.23,22.799999999999997,72.515,87.955,0.0,0.0
2019-05-06 22:00:56,233.90333333333334,47.855,52.78999999999999,64.76,74.655,0.0,0.0
2019-05-06 23:00:56,232.05666666666667,44.919999999999995,26.689999999999998,45.605,48.055,0.0,0.0
2019-05-07 00:00:56,207.97333333333333,38.315,58.080000000000005,35.11,35.975,0.0,0.0
2019-05-07 01:00:56,153.13333333333333,29.915000000000003,29.2,31.245,31.975000000000005,0.0,0.0
2019-05-07 02:00:56,103.00666666666666,21.705,31.49,41.49,45.455000000000005,0.0,0.0
2019-05-07 03:00:56,68.62333333333333,14.924999999999999,17.490000000000002,24.295,24.705,0.0,0.0
2019-05-07 04:00:56,44.13333333333333,13.185,9.535,22.58,22.97,0.0,0.0
2019-05-07 05:00:56,36.85333333333333,14.62,14.719999999999999,22.524999999999995,22.985,0.0,0.0
2019-05-07 06:00:56,33.68666666666667,9.805,17.695,30.195000000000004,31.290000000000003,0.0,0.0
2019-05-07 07:00:56,45.11333333333334,16.495,36.35,44.57,52.59,0.0,0.0
2019-05-07 08:00:56,67.07666666666667,40.02,169.79999999999998,54.525,67.89,0.0,0.0
2019-05-07 09:00:56,93.64666666666666,56.21,179.12,32.35,34.64,0.0,0.0
2019-05-07 10:00:56,76.56666666666666,45.21,27.054999999999996,25.445000000000004,26.52,0.0,0.0
2019-05-07 11:00:56,56.47666666666667,30.724999999999998,13.420000000000002,21.175,21.605,0.0,0.0
2019-05-07 12:00:56,54.370000000000005,25.724999999999998,15.725000000000001,19.68,20.115,0.0,0.0
2019-05-07 13:00:56,63.92666666666667,19.73,12.18,19.145,19.395,0.0,0.0
2019-05-07 14:00:56,72.04333333333334,12.825000000000001,10.655000000000001,20.315,20.61,0.0,0.0
2019-05-07 15:00:56,65.45666666666666,14.084999999999999,7.129999999999999,20.635,20.93,0.0,0.0
2019-05-07 16:00:56,68.56333333333333,24.320000000000004,11.030000000000001,22.52,22.81,0.0,0.0
2019-05-07 17:00:56,72.91333333333334,21.415000000000003,13.790000000000001,27.485,28.005,0.0,0.0
2019-05-07 18:00:56,76.32666666666667,16.63,10.315,33.445,34.065,0.0,0.0
2019-05-07 19:00:56,76.82666666666665,17.665,7.199999999999999,51.44,57.66,0.0,0.0
2019-05-07 20:00:56,82.50666666666666,15.045,11.385,33.69,34.365,0.0,0.0
2019-05-07 21:00:56,82.73,18.295,12.030000000000001,32.375,33.88,0.0,0.0
2019-05-07 22:00:56,73.61333333333333,22.265,11.64,25.285,26.75,0.0,0.0
2019-05-07 23:00:56,54.053333333333335,19.13,10.590000000000002,20.475,21.415000000000003,0.0,0.0
2019-05-08 00:00:56,37.46333333333333,14.174999999999999,9.840000000000002,16.65,17.195,0.0,0.0
2019-05-08 01:00:56,32.903333333333336,12.75,9.41,18.545,19.47,0.0,0.0
2019-05-08 02:00:56,25.883333333333333,12.64,8.879999999999999,16.085,16.39,0.0,0.0
2019-05-08 03:00:56,23.28,14.464999999999998,8.295,13.824999999999998,14.155,0.0,0.0
2019-05-08 04:00:56,25.276666666666667,16.98,7.675000000000001,12.86,13.17,0.0,0.0
2019-05-08 05:00:56,25.016666666666666,15.774999999999999,6.375,12.589999999999998,12.985,0.0,0.0
2019-05-08 06:00:56,24.523333333333333,11.315,5.550000000000001,15.06,15.485,0.0,0.0
2019-05-08 07:00:56,20.596666666666668,14.135,5.474999999999999,19.56,20.71,0.0,0.0
2019-05-08 08:00:56,19.683333333333334,16.205000000000002,6.28,26.84,29.024999999999995,0.0,0.0
2019-05-08 09:00:56,24.193333333333335,11.534999999999998,6.955000000000001,31.425,35.405,0.0,0.0
2019-05-08 10:00:56,25.806666666666665,15.920000000000002,7.06,28.015,30.62,0.0,0.0
2019-05-08 11:00:56,25.200000000000003,17.189999999999998,6.734999999999999,23.054999999999996,27.100000000000005,0.0,0.0
2019-05-08 12:00:56,22.136666666666667,13.265,5.88,25.745,28.45,0.0,0.0
2019-05-08 13:00:56,20.153333333333332,7.935,8.79,34.48,42.085,0.0,0.0
2019-05-08 14:00:56,16.33,5.8500000000000005,9.24,35.095,41.58,0.0,0.0
2019-05-08 15:00:56,14.723333333333333,9.905,10.6,25.265,27.850000000000005,0.0,0.0
2019-05-08 16:00:56,20.416666666666668,10.450000000000001,8.415,23.25,24.605,0.0,0.0
2019-05-08 17:00:56,17.10333333333333,6.525000000000001,8.155,23.445000000000004,25.024999999999995,0.0,0.0
2019-05-08 18:00:56,14.673333333333332,7.655000000000001,7.800000000000001,23.7,25.024999999999995,0.0,0.0
2019-05-08 19:00:56,18.310000000000002,10.784999999999998,6.905,23.405,25.195000000000004,0.0,0.0
2019-05-08 20:00:56,17.05,8.145000000000001,6.78,23.39,25.584999999999997,0.0,0.0
2019-05-08 21:00:56,12.736666666666666,7.405,6.685,22.575,25.06,0.0,0.0
2019-05-08 22:00:56,11.223333333333334,12.030000000000001,7.625,25.88,27.975000000000005,0.0,0.0
2019-05-08 23:00:56,10.29,12.305,7.98,21.55,23.295,0.0,0.0
2019-05-09 00:00:56,9.780000000000001,8.04,7.875,20.12,21.685,0.0,0.0
2019-05-09 01:00:56,7.206666666666667,5.2,8.305,18.125,19.985,0.0,0.0
2019-05-09 02:00:56,5.87,3.715,7.234999999999999,14.574999999999998,15.795,0.0,0.0
2019-05-09 03:00:56,5.333333333333333,4.609999999999999,7.055,11.935,12.155,0.0,0.0
2019-05-09 04:00:56,9.086666666666666,5.664999999999999,6.4799999999999995,12.550000000000002,12.875,0.0,0.0
2019-05-09 05:00:56,11.296666666666667,13.24,7.9750000000000005,12.675000000000002,12.88,0.0,0.0
2019-05-09 06:00:56,19.810000000000002,14.755,6.825,14.115,15.770000000000001,0.0,0.0
2019-05-09 07:00:56,26.73,17.224999999999998,13.245,21.3,25.274999999999995,0.0,0.0
2019-05-09 08:00:56,27.316666666666663,15.65,42.385,18.855,23.2,0.0,0.0
2019-05-09 09:00:56,25.23,16.445,29.370000000000005,16.025,17.955,0.0,0.0
2019-05-09 10:00:56,20.203333333333333,14.189999999999998,12.045,17.955,21.28,0.0,0.0
2019-05-09 11:00:56,12.23,10.969999999999999,7.405,17.195,19.655,0.0,0.0
2019-05-09 12:00:56,11.373333333333335,7.390000000000001,2.76,16.045,17.85,0.0,0.0
2019-05-09 13:00:56,13.596666666666668,5.28,13.780000000000001,16.96,18.74,0.0,0.0
2019-05-09 14:00:56,12.063333333333333,8.1,19.580000000000002,16.09,17.155,0.0,0.0
2019-05-09 15:00:56,12.120000000000001,7.13,17.46,17.13,18.575,0.0,0.0
2019-05-09 16:00:56,16.633333333333333,10.025,27.97,18.395,20.615,0.0,0.0
2019-05-09 17:00:56,16.41,10.88,30.834999999999997,26.77,31.865,0.0,0.0
2019-05-09 18:00:56,16.153333333333332,9.43,21.195,20.74,22.570000000000004,0.0,0.0
2019-05-09 19:00:56,19.02,7.065,13.795000000000002,22.040000000000003,23.735,0.0,0.0
2019-05-09 20:00:56,15.853333333333332,4.92,13.015,39.325,50.39000000000001,0.0,0.0
2019-05-09 21:00:56,27.64333333333333,11.469999999999999,13.765,49.67499999999999,73.145,0.0,0.0
2019-05-09 22:00:56,34.07,18.745,13.310000000000002,47.01,58.495,0.0,0.0
2019-05-09 23:00:56,42.43333333333334,17.58,10.68,47.805,71.665,0.0,0.0
2019-05-10 00:00:56,50.769999999999996,21.209999999999997,9.55,43.57,65.215,0.0,0.0
2019-05-10 01:00:56,67.72,27.084999999999997,12.299999999999999,39.92,58.415,0.0,0.0
2019-05-10 02:00:56,81.10666666666667,30.810000000000002,16.44,35.395,49.115,0.0,0.0
2019-05-10 03:00:56,81.63333333333333,37.725,15.314999999999998,35.5,49.12,0.0,0.0
2019-05-10 04:00:56,74.78666666666666,39.44,11.74,30.615,37.71,0.0,0.0
2019-05-10 05:00:56,72.14333333333333,40.025,10.71,28.47,35.53,0.0,0.0
2019-05-10 06:00:56,73.34666666666666,46.794999999999995,10.325000000000001,26.274999999999995,31.149999999999995,0.0,0.0
2019-05-10 07:00:56,76.97333333333333,46.46,12.1,27.41,38.605,0.0,0.0
2019-05-10 08:00:56,76.86333333333333,51.425000000000004,60.004999999999995,30.145,44.25,0.0,0.0
2019-05-10 09:00:56,76.78666666666666,52.214999999999996,70.31,37.27,53.415,0.0,0.0
2019-05-10 10:00:56,81.66,51.169999999999995,112.88999999999999,33.78,42.065,0.0,0.0
2019-05-10 11:00:56,75.74666666666667,39.715,31.075000000000003,20.66,22.83,0.0,0.0
2019-05-10 12:00:56,46.00333333333333,26.27,16.87,15.33,16.615,0.0,0.0
2019-05-10 13:00:56,29.97,17.505,26.504999999999995,18.425,20.03,0.0,0.0
2019-05-10 14:00:56,33.57333333333333,13.74,14.79,18.865,20.435,0.0,0.0
2019-05-10 15:00:56,37.88666666666666,9.275,14.99,17.57,18.575,0.0,0.0
2019-05-10 16:00:56,36.40333333333333,10.89,20.915000000000003,25.19,29.084999999999997,0.0,0.0
2019-05-10 17:00:56,31.876666666666665,13.780000000000001,26.785,24.3,27.285,0.0,0.0
2019-05-10 18:00:56,25.59,10.755,19.810000000000002,39.43,52.98,0.0,0.0
2019-05-10 19:00:56,25.1,7.745,16.900000000000002,45.005,62.79,0.0,0.0
2019-05-10 20:00:56,31.80666666666667,16.0,15.43,58.595,82.925,0.0,0.0
2019-05-10 21:00:56,33.56,20.465,13.86,45.41,54.72,0.0,0.0
2019-05-10 22:00:56,38.083333333333336,24.53,14.770000000000001,35.89,38.475,0.0,0.0
2019-05-10 23:00:56,58.57,25.08,15.65,39.12,45.065,0.0,0.0
2019-05-11 00:00:56,66.87666666666667,36.27,14.895000000000001,41.0,51.96,0.0,0.0
2019-05-11 01:00:56,79.6,46.51,13.145000000000001,40.635,52.105,0.0,0.0
2019-05-11 02:00:56,87.56333333333333,42.449999999999996,10.86,39.33,51.18,0.0,0.0
2019-05-11 03:00:56,73.26666666666667,33.28,9.655,30.365,34.21,0.0,0.0
2019-05-11 04:00:56,59.650000000000006,27.459999999999997,9.53,29.709999999999997,35.68,0.0,0.0
2019-05-11 05:00:56,66.94666666666666,35.94,8.87,30.385,41.765,0.0,0.0
2019-05-11 06:00:56,78.42,41.86,10.655,30.375,39.075,0.0,0.0
2019-05-11 07:00:56,87.35666666666667,46.605,12.540000000000001,24.615,27.385,0.0,0.0
2019-05-11 08:00:56,81.72,41.25,11.520000000000001,27.415000000000003,36.52,0.0,0.0
2019-05-11 09:00:56,69.89999999999999,36.86000000000001,22.26,30.89,39.435,0.0,0.0
2019-05-11 10:00:56,77.52666666666667,46.225,78.125,30.429999999999996,37.12,0.0,0.0
2019-05-11 11:00:56,81.29333333333334,50.005,56.294999999999995,27.774999999999995,33.06,0.0,0.0
2019-05-11 12:00:56,42.096666666666664,17.815,39.34,0.0,0.0,0.0,0.0
2019-05-11 13:00:56,27.733333333333334,11.775,45.095,0.0,0.0,0.0,0.0
2019-05-11 14:00:56,21.61,8.505,30.265,0.0,0.0,0.0,0.0
2019-05-11 15:00:56,15.673333333333332,5.359999999999999,23.145,0.0,0.0,0.0,0.0
2019-05-11 16:00:56,15.283333333333333,8.29,20.64,0.0,0.0,0.0,0.0
2019-05-11 17:00:56,18.62,6.43,18.235,0.0,0.0,0.0,0.0
2019-05-11 18:00:56,16.326666666666668,4.95,16.45,0.0,0.0,0.0,0.0
2019-05-11 19:00:56,11.61,5.87,14.775,0.0,0.0,0.0,0.0
2019-05-11 20:00:56,19.57333333333333,4.385,23.540000000000003,0.0,0.0,0.0,0.0
2019-05-11 21:00:56,23.463333333333335,4.7,18.96,0.0,0.0,0.0,0.0
2019-05-11 22:00:56,21.773333333333333,8.495,15.64,0.0,0.0,0.0,0.0
2019-05-11 23:00:56,23.776666666666667,24.23,11.79,0.0,0.0,0.0,0.0
2019-05-12 00:00:56,22.28,0.0,10.505,0.0,0.0,0.0,0.0
2019-05-12 01:00:56,25.39,15.729999999999999,11.11,0.0,0.0,0.0,0.0
2019-05-12 02:00:56,27.33,9.8,11.924999999999999,0.0,0.0,0.0,0.0
2019-05-12 03:00:56,26.306666666666665,5.55,11.115,0.0,0.0,0.0,0.0
2019-05-12 04:00:56,20.303333333333335,10.969999999999999,9.755,0.0,0.0,0.0,0.0
2019-05-12 05:00:56,13.956666666666667,10.295,8.115,0.0,0.0,0.0,0.0
2019-05-12 06:00:56,15.71,9.51,7.855,0.0,0.0,0.0,0.0
2019-05-12 07:00:56,13.733333333333334,7.474999999999999,6.960000000000001,0.0,0.0,0.0,0.0
2019-05-12 08:00:56,15.706666666666667,4.84,7.8549999999999995,0.0,0.0,0.0,0.0
2019-05-12 09:00:56,12.083333333333334,4.1,12.54,0.0,0.0,0.0,0.0
2019-05-12 10:00:56,7.433333333333334,6.2,13.39,0.0,0.0,0.0,0.0
2019-05-12 11:00:56,7.053333333333334,0.0,14.280000000000001,0.0,0.0,0.0,0.0
2019-05-12 12:00:56,6.956666666666667,3.69,16.21,0.0,0.0,0.0,0.0
2019-05-12 13:00:56,6.596666666666667,0.0,14.310000000000002,0.0,0.0,0.0,0.0
2019-05-12 14:00:56,8.473333333333333,0.0,10.69,0.0,0.0,0.0,0.0
2019-05-12 15:00:56,6.0,3.49,11.475000000000001,0.0,0.0,0.0,0.0
2019-05-12 16:00:56,8.100000000000001,2.5,8.9,0.0,0.0,0.0,0.0
2019-05-12 17:00:56,4.863333333333333,0.0,7.495000000000001,0.0,0.0,0.0,0.0
2019-05-12 18:00:56,7.346666666666667,1.875,7.93,0.0,0.0,0.0,0.0
2019-05-12 19:00:56,6.65,1.305,9.1,0.0,0.0,0.0,0.0
2019-05-12 20:00:56,10.836666666666666,1.4100000000000001,9.854999999999999,0.0,0.0,0.0,0.0
2019-05-12 21:00:56,12.253333333333334,1.06,10.959999999999999,0.0,0.0,0.0,0.0
2019-05-12 22:00:56,16.566666666666666,5.710000000000001,11.045,0.0,0.0,0.0,0.0
2019-05-12 23:00:56,17.10333333333333,10.905000000000001,11.704999999999998,0.0,0.0,0.0,0.0
2019-05-13 00:00:56,18.409999999999997,10.195,11.61,0.0,0.0,0.0,0.0
2019-05-13 01:00:56,17.959999999999997,6.525000000000001,9.755,0.0,0.0,0.0,0.0
2019-05-13 02:00:56,15.416666666666666,3.685,8.495000000000001,0.0,0.0,0.0,0.0
2019-05-13 03:00:56,15.213333333333333,4.715,7.47,0.0,0.0,0.0,0.0
2019-05-13 04:00:56,21.42,9.89,7.8,0.0,0.0,0.0,0.0
2019-05-13 05:00:56,25.82,12.030000000000001,8.935,0.0,0.0,0.0,0.0
2019-05-13 06:00:56,35.55666666666667,11.479999999999999,10.19,0.0,0.0,0.0,0.0
2019-05-13 07:00:56,37.47,13.695,18.21,0.0,0.0,0.0,0.0
2019-05-13 08:00:56,31.333333333333332,17.31,187.665,0.0,0.0,0.0,0.0
2019-05-13 09:00:56,38.78666666666667,18.6,75.845,0.0,0.0,0.0,0.0
2019-05-13 10:00:56,40.64666666666667,16.955,46.29,0.0,0.0,0.0,0.0
2019-05-13 11:00:56,39.14,24.570000000000004,49.685,0.0,0.0,0.0,0.0
2019-05-13 12:00:56,37.583333333333336,17.040000000000003,37.27,0.0,0.0,0.0,0.0
2019-05-13 13:00:56,28.396666666666665,14.585,16.669999999999998,0.0,0.0,0.0,0.0
2019-05-13 14:00:56,19.313333333333333,9.965,12.165,0.0,0.0,0.0,0.0
2019-05-13 15:00:56,12.013333333333334,4.08,14.594999999999999,0.0,0.0,0.0,0.0
2019-05-13 16:00:56,16.37,3.435,16.465,0.0,0.0,0.0,0.0
2019-05-13 17:00:56,19.44666666666667,9.03,12.979999999999999,0.0,0.0,0.0,0.0
2019-05-13 18:00:56,21.22,8.89,9.91,0.0,0.0,0.0,0.0
2019-05-13 19:00:56,22.756666666666668,7.815,14.405000000000001,0.0,0.0,0.0,0.0
2019-05-13 20:00:56,30.82,8.685,11.094999999999999,0.0,0.0,0.0,0.0
2019-05-13 21:00:56,38.193333333333335,9.51,12.44,0.0,0.0,0.0,0.0
2019-05-13 22:00:56,35.37,16.465,16.02,0.0,0.0,0.0,0.0
2019-05-13 23:00:56,36.46,14.065,17.975,0.0,0.0,0.0,0.0
2019-05-14 00:00:56,45.403333333333336,17.950000000000003,30.08,0.0,0.0,0.0,0.0
2019-05-14 01:00:56,65.08,26.385,33.375,0.0,0.0,0.0,0.0
2019-05-14 02:00:56,73.05,34.495000000000005,30.064999999999998,0.0,0.0,0.0,0.0
2019-05-14 03:00:56,76.93333333333334,40.845,29.01,0.0,0.0,0.0,0.0
2019-05-14 04:00:56,87.04333333333334,43.82,41.935,0.0,0.0,0.0,0.0
2019-05-14 05:00:56,80.02333333333334,40.09,25.295,0.0,0.0,0.0,0.0
2019-05-14 06:00:56,73.75666666666666,37.01,22.564999999999998,0.0,0.0,0.0,0.0
2019-05-14 07:00:56,81.08,41.74,101.17,0.0,0.0,0.0,0.0
2019-05-14 08:00:56,82.18333333333334,44.39000000000001,90.81,0.0,0.0,0.0,0.0
2019-05-14 09:00:56,64.72333333333333,37.34,49.955000000000005,0.0,0.0,0.0,0.0
2019-05-14 10:00:56,53.36666666666667,33.589999999999996,34.375,0.0,0.0,0.0,0.0
2019-05-14 11:00:56,45.776666666666664,25.37,24.790000000000003,0.0,0.0,0.0,0.0
2019-05-14 12:00:56,40.39333333333334,15.454999999999998,17.2,0.0,0.0,0.0,0.0
2019-05-14 13:00:56,34.41,10.375,8.88,0.0,0.0,0.0,0.0
2019-05-14 14:00:56,24.94,6.055,8.935,0.0,0.0,0.0,0.0
2019-05-14 15:00:56,20.263333333333332,6.169999999999999,8.85,0.0,0.0,0.0,0.0
2019-05-14 16:00:56,18.083333333333332,4.4750000000000005,9.485,0.0,0.0,0.0,0.0
2019-05-14 17:00:56,17.576666666666668,4.72,14.415,0.0,0.0,0.0,0.0
2019-05-14 18:00:56,22.82333333333333,5.915,15.735,0.0,0.0,0.0,0.0
2019-05-14 19:00:56,27.94,5.72,22.350000000000005,0.0,0.0,0.0,0.0
2019-05-14 20:00:56,36.22666666666667,7.32,14.285000000000002,0.0,0.0,0.0,0.0
2019-05-14 21:00:56,45.096666666666664,8.549999999999999,14.29,0.0,0.0,0.0,0.0
2019-05-14 22:00:56,51.080000000000005,13.75,30.745000000000005,0.0,0.0,0.0,0.0
2019-05-14 23:00:56,71.63666666666667,13.969999999999999,70.965,0.0,0.0,0.0,0.0
2019-05-15 00:00:56,86.19333333333333,29.695000000000004,76.83500000000001,0.0,0.0,0.0,0.0
2019-05-15 01:00:56,88.1,33.51,109.43,0.0,0.0,0.0,0.0
2019-05-15 02:00:56,96.06,37.175000000000004,95.085,0.0,0.0,0.0,0.0
2019-05-15 03:00:56,94.27666666666667,36.385,62.074999999999996,0.0,0.0,0.0,0.0
2019-05-15 04:00:56,78.18333333333334,31.33,45.11000000000001,0.0,0.0,0.0,0.0
2019-05-15 05:00:56,67.21666666666667,27.91,37.565,0.0,0.0,0.0,0.0
2019-05-15 06:00:56,68.22,38.300000000000004,48.13499999999999,0.0,0.0,0.0,0.0
2019-05-15 07:00:56,71.4,39.88,180.44500000000002,0.0,0.0,0.0,0.0
2019-05-15 08:00:56,77.77333333333333,40.63,146.405,0.0,0.0,0.0,0.0
2019-05-15 09:00:56,74.05333333333333,33.185,71.125,0.0,0.0,0.0,0.0
2019-05-15 10:00:56,76.18666666666667,36.07,52.31,0.0,0.0,0.0,0.0
2019-05-15 11:00:56,62.696666666666665,28.120000000000005,38.145,0.0,0.0,0.0,0.0
2019-05-15 12:00:56,57.18666666666667,17.685000000000002,35.324999999999996,0.0,0.0,0.0,0.0
2019-05-15 13:00:56,50.13,14.08,28.540000000000003,0.0,0.0,0.0,0.0
2019-05-15 14:00:56,47.78333333333333,8.344999999999999,23.945000000000004,0.0,0.0,0.0,0.0
2019-05-15 15:00:56,46.10333333333333,5.175000000000001,16.985,0.0,0.0,0.0,0.0
2019-05-15 16:00:56,43.29333333333333,3.655,15.145000000000001,0.0,0.0,0.0,0.0
2019-05-15 17:00:56,31.63333333333333,2.86,16.265,0.0,0.0,0.0,0.0
2019-05-15 18:00:56,28.876666666666665,4.82,14.090000000000002,0.0,0.0,0.0,0.0
2019-05-15 19:00:56,35.483333333333334,6.985,13.089999999999998,0.0,0.0,0.0,0.0
2019-05-15 20:00:56,42.50333333333333,10.03,10.355,0.0,0.0,0.0,0.0
2019-05-15 21:00:56,50.01666666666667,10.57,23.825000000000003,0.0,0.0,0.0,0.0
2019-05-15 22:00:56,54.72666666666667,17.035,71.84,0.0,0.0,0.0,0.0
2019-05-15 23:00:56,66.97333333333333,21.255,102.565,0.0,0.0,0.0,0.0
2019-05-16 00:00:56,74.77333333333333,22.02,77.0,0.0,0.0,0.0,0.0
2019-05-16 01:00:56,78.35333333333334,28.91,96.42,0.0,0.0,0.0,0.0
2019-05-16 02:00:56,73.86,26.84,51.56999999999999,0.0,0.0,0.0,0.0
2019-05-16 03:00:56,55.83666666666667,16.09,43.169999999999995,0.0,0.0,0.0,0.0
2019-05-16 04:00:56,57.01,14.335,46.635,0.0,0.0,0.0,0.0
2019-05-16 05:00:56,61.43,19.27,47.91,0.0,0.0,0.0,0.0
2019-05-16 06:00:56,67.47666666666666,24.89,44.919999999999995,0.0,0.0,0.0,0.0
2019-05-16 07:00:56,73.62333333333333,27.135,47.824999999999996,0.0,0.0,0.0,0.0
2019-05-16 08:00:56,70.85,29.605,159.445,0.0,0.0,0.0,0.0
2019-05-16 09:00:56,85.02333333333334,31.415000000000003,109.625,0.0,0.0,0.0,0.0
2019-05-16 10:00:56,85.29666666666667,35.01,76.11500000000001,0.0,0.0,0.0,0.0
2019-05-16 11:00:56,69.05333333333333,26.675,51.745000000000005,0.0,0.0,0.0,0.0
2019-05-16 12:00:56,51.14666666666667,7.544999999999999,45.995000000000005,0.0,0.0,0.0,0.0
2019-05-16 13:00:56,53.71,8.53,35.18,0.0,0.0,0.0,0.0
2019-05-16 14:00:56,54.096666666666664,6.015000000000001,31.849999999999998,0.0,0.0,0.0,0.0
2019-05-16 15:00:56,67.95666666666666,7.335000000000001,28.705,0.0,0.0,0.0,0.0
2019-05-16 16:00:56,52.44333333333333,5.815,24.495000000000005,0.0,0.0,0.0,0.0
2019-05-16 17:00:56,49.86333333333334,7.039999999999999,23.775000000000002,0.0,0.0,0.0,0.0
2019-05-16 18:00:56,52.153333333333336,8.14,17.025000000000002,0.0,0.0,0.0,0.0
2019-05-16 19:00:56,54.07,5.315,18.38,0.0,0.0,0.0,0.0
2019-05-16 20:00:56,43.01333333333333,7.575,14.534999999999998,0.0,0.0,0.0,0.0
2019-05-16 21:00:56,36.656666666666666,5.8,12.424999999999999,0.0,0.0,0.0,0.0
2019-05-16 22:00:56,33.806666666666665,4.425,10.14,0.0,0.0,0.0,0.0
2019-05-16 23:00:56,25.96666666666667,4.2,9.085,0.0,0.0,0.0,0.0
2019-05-17 00:00:56,22.49,5.08,8.89,0.0,0.0,0.0,0.0
2019-05-17 01:00:56,19.85666666666667,9.7,8.18,0.0,0.0,0.0,0.0
2019-05-17 02:00:56,24.796666666666667,7.125,7.835000000000001,0.0,0.0,0.0,0.0
2019-05-17 03:00:56,26.30333333333333,3.81,7.005,0.0,0.0,0.0,0.0
2019-05-17 04:00:56,34.03333333333333,10.185,6.63,0.0,0.0,0.0,0.0
2019-05-17 05:00:56,33.05666666666667,13.295000000000002,8.43,0.0,0.0,0.0,0.0
2019-05-17 06:00:56,41.053333333333335,16.54,11.555,0.0,0.0,0.0,0.0
2019-05-17 07:00:56,50.416666666666664,16.035,17.475,0.0,0.0,0.0,0.0
2019-05-17 08:00:56,47.89666666666667,15.735,45.074999999999996,0.0,0.0,0.0,0.0
2019-05-17 09:00:56,54.81333333333333,14.665,70.48,0.0,0.0,0.0,0.0
2019-05-17 10:00:56,73.40666666666667,29.61,39.88,0.0,0.0,0.0,0.0
2019-05-17 11:00:56,65.14333333333333,20.545,21.929999999999996,0.0,0.0,0.0,0.0
2019-05-17 12:00:56,52.34,16.5,27.899999999999995,0.0,0.0,0.0,0.0
2019-05-17 13:00:56,44.35,17.73,37.885,0.0,0.0,0.0,0.0
2019-05-17 14:00:56,42.64333333333334,14.68,26.17,0.0,0.0,0.0,0.0
2019-05-17 15:00:56,34.89333333333333,12.579999999999998,18.72,0.0,0.0,0.0,0.0
2019-05-17 16:00:56,29.093333333333334,10.59,15.19,0.0,0.0,0.0,0.0
2019-05-17 17:00:56,26.423333333333332,7.375,12.88,0.0,0.0,0.0,0.0
2019-05-17 18:00:56,34.54666666666667,5.245,13.255,0.0,0.0,0.0,0.0
2019-05-17 19:00:56,60.43,9.85,13.354999999999999,0.0,0.0,0.0,0.0
2019-05-17 20:00:56,77.24666666666667,11.26,12.854999999999999,0.0,0.0,0.0,0.0
2019-05-17 21:00:56,65.92333333333333,9.48,22.189999999999998,0.0,0.0,0.0,0.0
2019-05-17 22:00:56,57.486666666666665,13.840000000000002,14.305,0.0,0.0,0.0,0.0
2019-05-17 23:00:56,50.656666666666666,16.54,13.86,0.0,0.0,0.0,0.0
2019-05-18 00:00:56,43.72333333333333,18.07,12.354999999999999,0.0,0.0,0.0,0.0
2019-05-18 01:00:56,33.35666666666667,11.705,30.930000000000003,0.0,0.0,0.0,0.0
2019-05-18 02:00:56,30.299999999999997,6.61,18.41,0.0,0.0,0.0,0.0
2019-05-18 03:00:56,34.46333333333333,7.045000000000001,27.14,0.0,0.0,0.0,0.0
2019-05-18 04:00:56,43.903333333333336,10.975,24.25,0.0,0.0,0.0,0.0
2019-05-18 05:00:56,33.49333333333333,11.01,17.43,0.0,0.0,0.0,0.0
2019-05-18 06:00:56,33.57666666666667,11.35,36.81,0.0,0.0,0.0,0.0
2019-05-18 07:00:56,36.36,9.945,21.394999999999996,0.0,0.0,0.0,0.0
2019-05-18 08:00:56,32.82333333333334,10.43,26.265,0.0,0.0,0.0,0.0
2019-05-18 09:00:56,36.38333333333333,14.365,37.01,0.0,0.0,0.0,0.0
2019-05-18 10:00:56,45.36,18.37,18.14,0.0,0.0,0.0,0.0
2019-05-18 11:00:56,39.903333333333336,14.18,12.07,0.0,0.0,0.0,0.0
2019-05-18 12:00:56,40.12,10.69,10.829999999999998,0.0,0.0,0.0,0.0
2019-05-18 13:00:56,45.32333333333333,7.484999999999999,9.65,0.0,0.0,0.0,0.0
2019-05-18 14:00:56,54.68333333333334,4.905,8.955,0.0,0.0,0.0,0.0
2019-05-18 15:00:56,57.85666666666666,7.16,8.07,0.0,0.0,0.0,0.0
2019-05-18 16:00:56,52.63666666666666,7.855,8.315,0.0,0.0,0.0,0.0
2019-05-18 17:00:56,51.876666666666665,6.375,7.175,0.0,0.0,0.0,0.0
2019-05-18 18:00:56,49.49666666666667,10.020000000000001,28.78,0.0,0.0,0.0,0.0
2019-05-18 19:00:56,50.06666666666666,9.12,18.89,0.0,0.0,0.0,0.0
2019-05-18 20:00:56,80.84,14.719999999999999,10.245,0.0,0.0,0.0,0.0
2019-05-18 21:00:56,83.78,20.31,9.22,0.0,0.0,0.0,0.0
2019-05-18 22:00:56,62.14,17.080000000000002,12.805,0.0,0.0,0.0,0.0
2019-05-18 23:00:56,45.156666666666666,10.055,26.885,0.0,0.0,0.0,0.0
2019-05-19 00:00:56,41.32,9.495,50.215,0.0,0.0,0.0,0.0
2019-05-19 01:00:56,37.71,14.88,23.255,0.0,0.0,0.0,0.0
2019-05-19 02:00:56,34.75,10.83,15.770000000000001,0.0,0.0,0.0,0.0
2019-05-19 03:00:56,30.246666666666666,6.445,20.635,0.0,0.0,0.0,0.0
2019-05-19 04:00:56,30.78,3.8699999999999997,24.05,0.0,0.0,0.0,0.0
2019-05-19 05:00:56,40.53,9.525,24.575,0.0,0.0,0.0,0.0
2019-05-19 06:00:56,38.39333333333334,13.829999999999998,26.36,0.0,0.0,0.0,0.0
2019-05-19 07:00:56,33.17666666666667,11.37,17.995,0.0,0.0,0.0,0.0
2019-05-19 08:00:56,21.553333333333335,6.905,17.395,0.0,0.0,0.0,0.0
2019-05-19 09:00:56,22.106666666666666,8.34,33.065,0.0,0.0,0.0,0.0
2019-05-19 10:00:56,28.776666666666667,15.21,31.425,0.0,0.0,0.0,0.0
2019-05-19 11:00:56,29.633333333333333,14.44,21.695000000000004,0.0,0.0,0.0,0.0
2019-05-19 12:00:56,24.97666666666667,8.34,23.480000000000004,0.0,0.0,0.0,0.0
2019-05-19 13:00:56,27.53,10.08,21.455,0.0,0.0,0.0,0.0
2019-05-19 14:00:56,24.313333333333333,9.32,16.555,0.0,0.0,0.0,0.0
2019-05-19 15:00:56,19.416666666666664,8.09,13.655000000000001,0.0,0.0,0.0,0.0
2019-05-19 16:00:56,22.25,9.755,13.479999999999999,0.0,0.0,0.0,0.0
2019-05-19 17:00:56,17.86,10.075000000000001,11.485,0.0,0.0,0.0,0.0
2019-05-19 18:00:56,20.366666666666667,7.330000000000001,12.705,0.0,0.0,0.0,0.0
2019-05-19 19:00:56,18.85333333333333,7.4750000000000005,10.67,0.0,0.0,0.0,0.0
2019-05-19 20:00:56,23.200000000000003,7.88,11.25,0.0,0.0,0.0,0.0
2019-05-19 21:00:56,27.186666666666667,7.0249999999999995,12.335,0.0,0.0,0.0,0.0
2019-05-19 22:00:56,27.310000000000002,9.44,15.86,0.0,0.0,0.0,0.0
2019-05-19 23:00:56,30.026666666666667,10.704999999999998,17.605,0.0,0.0,0.0,0.0
2019-05-20 00:00:56,34.72,10.53,19.23,0.0,0.0,0.0,0.0
2019-05-20 01:00:56,34.343333333333334,9.62,18.625,0.0,0.0,0.0,0.0
2019-05-20 02:00:56,37.05,11.545,19.455,0.0,0.0,0.0,0.0
2019-05-20 03:00:56,40.166666666666664,13.945,17.945,0.0,0.0,0.0,0.0
2019-05-20 04:00:56,48.873333333333335,24.164999999999996,16.07,0.0,0.0,0.0,0.0
2019-05-20 05:00:56,53.11333333333333,28.895,25.035,0.0,0.0,0.0,0.0
2019-05-20 06:00:56,53.56333333333333,32.065,24.955,0.0,0.0,0.0,0.0
2019-05-20 07:00:56,59.486666666666665,30.13,71.1,0.0,0.0,0.0,0.0
2019-05-20 08:00:56,68.11999999999999,31.67,113.735,0.0,0.0,0.0,0.0
2019-05-20 09:00:56,54.07,31.365,65.845,0.0,0.0,0.0,0.0
2019-05-20 10:00:56,48.32666666666666,27.405,35.835,0.0,0.0,0.0,0.0
2019-05-20 11:00:56,36.126666666666665,19.97,30.375,0.0,0.0,0.0,0.0
2019-05-20 12:00:56,31.853333333333335,13.87,28.575000000000003,0.0,0.0,0.0,0.0
2019-05-20 13:00:56,28.549999999999997,8.065,15.185000000000002,0.0,0.0,0.0,0.0
2019-05-20 14:00:56,24.296666666666667,5.57,11.44,0.0,0.0,0.0,0.0
2019-05-20 15:00:56,23.666666666666668,3.435,15.875,0.0,0.0,0.0,0.0
2019-05-20 16:00:56,25.61,4.355,15.920000000000002,0.0,0.0,0.0,0.0
2019-05-20 17:00:56,24.036666666666665,3.3599999999999994,11.51,0.0,0.0,0.0,0.0
2019-05-20 18:00:56,23.070000000000004,2.365,11.174999999999999,0.0,0.0,0.0,0.0
2019-05-20 19:00:56,20.84,2.83,10.63,0.0,0.0,0.0,0.0
2019-05-20 20:00:56,24.9,8.595,11.925000000000002,0.0,0.0,0.0,0.0
2019-05-20 21:00:56,28.563333333333333,6.87,12.88,0.0,0.0,0.0,0.0
2019-05-20 22:00:56,27.61333333333333,5.385000000000001,19.84,0.0,0.0,0.0,0.0
2019-05-20 23:00:56,33.91,9.5,29.185000000000002,0.0,0.0,0.0,0.0
2019-05-21 00:00:56,40.026666666666664,11.695,52.75,0.0,0.0,0.0,0.0
2019-05-21 01:00:56,41.06333333333333,16.85,69.265,0.0,0.0,0.0,0.0
2019-05-21 02:00:56,43.74666666666667,14.1,41.55500000000001,0.0,0.0,0.0,0.0
2019-05-21 03:00:56,44.02333333333334,9.875,35.410000000000004,0.0,0.0,0.0,0.0
2019-05-21 04:00:56,46.126666666666665,14.550000000000002,37.815,0.0,0.0,0.0,0.0
2019-05-21 05:00:56,48.1,17.095,30.724999999999998,0.0,0.0,0.0,0.0
2019-05-21 06:00:56,46.123333333333335,15.844999999999999,33.35,0.0,0.0,0.0,0.0
2019-05-21 07:00:56,51.776666666666664,15.32,46.395,0.0,0.0,0.0,0.0
2019-05-21 08:00:56,54.14,16.56,117.33,0.0,0.0,0.0,0.0
2019-05-21 09:00:56,66.81333333333333,21.385,96.46999999999998,0.0,0.0,0.0,0.0
2019-05-21 10:00:56,70.06666666666666,20.435,54.23500000000001,0.0,0.0,0.0,0.0
2019-05-21 11:00:56,76.09333333333333,28.67,33.18,0.0,0.0,0.0,0.0
2019-05-21 12:00:56,58.38333333333333,20.724999999999998,21.575,0.0,0.0,0.0,0.0
2019-05-21 13:00:56,38.86666666666667,15.784999999999998,13.829999999999998,0.0,0.0,0.0,0.0
2019-05-21 14:00:56,40.233333333333334,3.715,8.565,0.0,0.0,0.0,0.0
2019-05-21 15:00:56,39.1,2.14,7.625,0.0,0.0,0.0,0.0
2019-05-21 16:00:56,37.79333333333334,17.045,7.285,0.0,0.0,0.0,0.0
2019-05-21 17:00:56,46.75,10.1,8.64,0.0,0.0,0.0,0.0
2019-05-21 18:00:56,55.80666666666667,13.36,16.285,0.0,0.0,0.0,0.0
2019-05-21 19:00:56,54.83,15.07,19.285,0.0,0.0,0.0,0.0
2019-05-21 20:00:56,55.72,15.030000000000001,20.3,0.0,0.0,0.0,0.0
2019-05-21 21:00:56,79.05333333333333,19.895,20.135,0.0,0.0,0.0,0.0
2019-05-21 22:00:56,88.02333333333334,18.724999999999998,20.355,0.0,0.0,0.0,0.0
2019-05-21 23:00:56,88.22,26.304999999999996,22.365,0.0,0.0,0.0,0.0
2019-05-22 00:00:56,91.8,22.985,25.53,0.0,0.0,0.0,0.0
2019-05-22 01:00:56,81.33000000000001,15.79,44.01499999999999,0.0,0.0,0.0,0.0
2019-05-22 02:00:56,74.10333333333332,19.305,66.31,0.0,0.0,0.0,0.0
2019-05-22 03:00:56,72.57333333333332,21.415000000000003,65.335,0.0,0.0,0.0,0.0
2019-05-22 04:00:56,56.849999999999994,17.925,33.5,0.0,0.0,0.0,0.0
2019-05-22 05:00:56,73.16333333333333,16.36,35.14,0.0,0.0,0.0,0.0
2019-05-22 06:00:56,79.88,12.485,50.620000000000005,0.0,0.0,0.0,0.0
2019-05-22 07:00:56,64.79666666666667,8.915,52.165,0.0,0.0,0.0,0.0
2019-05-22 08:00:56,67.71666666666667,13.325000000000001,60.9,0.0,0.0,0.0,0.0
2019-05-22 09:00:56,59.583333333333336,12.145000000000001,56.31999999999999,0.0,0.0,0.0,0.0
2019-05-22 10:00:56,52.93333333333334,15.515,44.349999999999994,0.0,0.0,0.0,0.0
2019-05-22 11:00:56,50.20666666666666,12.44,27.064999999999998,0.0,0.0,0.0,0.0
2019-05-22 12:00:56,46.60333333333333,7.614999999999999,16.965,0.0,0.0,0.0,0.0
2019-05-22 13:00:56,41.906666666666666,4.955,16.865,0.0,0.0,0.0,0.0
2019-05-22 14:00:56,38.46666666666667,4.53,14.575000000000001,0.0,0.0,0.0,0.0
2019-05-22 15:00:56,46.60666666666667,4.2749999999999995,11.375,0.0,0.0,0.0,0.0
2019-05-22 16:00:56,66.51333333333334,7.614999999999999,16.895,0.0,0.0,0.0,0.0
2019-05-22 17:00:56,68.60666666666667,8.81,10.93,0.0,0.0,0.0,0.0
2019-05-22 18:00:56,61.07666666666666,9.405,21.935000000000002,0.0,0.0,0.0,0.0
2019-05-22 19:00:56,59.8,12.700000000000001,36.15,0.0,0.0,0.0,0.0
2019-05-22 20:00:56,74.19666666666666,12.920000000000002,42.574999999999996,0.0,0.0,0.0,0.0
2019-05-22 21:00:56,67.88,17.31,24.005,0.0,0.0,0.0,0.0
2019-05-22 22:00:56,51.83,17.555,17.465,0.0,0.0,0.0,0.0
2019-05-22 23:00:56,40.223333333333336,12.025,16.39,0.0,0.0,0.0,0.0
2019-05-23 00:00:56,37.83333333333333,8.770000000000001,21.16,0.0,0.0,0.0,0.0
2019-05-23 01:00:56,40.11,8.535,29.235,0.0,0.0,0.0,0.0
2019-05-23 02:00:56,45.57666666666667,10.68,27.185000000000002,0.0,0.0,0.0,0.0
2019-05-23 03:00:56,36.87,8.785,19.715,0.0,0.0,0.0,0.0
2019-05-23 04:00:56,35.983333333333334,11.030000000000001,17.19,0.0,0.0,0.0,0.0
2019-05-23 05:00:56,45.400000000000006,9.17,15.799999999999999,0.0,0.0,0.0,0.0
2019-05-23 06:00:56,44.77333333333334,15.350000000000001,16.02,0.0,0.0,0.0,0.0
2019-05-23 07:00:56,45.21333333333334,17.055,14.36,0.0,0.0,0.0,0.0
2019-05-23 08:00:56,37.09,13.165,16.72,0.0,0.0,0.0,0.0
2019-05-23 09:00:56,36.76,11.21,21.32,0.0,0.0,0.0,0.0
2019-05-23 10:00:56,62.093333333333334,24.909999999999997,32.12,0.0,0.0,0.0,0.0
2019-05-23 11:00:56,56.32,21.599999999999998,33.275,0.0,0.0,0.0,0.0
2019-05-23 12:00:56,45.00666666666667,15.905000000000001,5.275,0.0,0.0,0.0,0.0
2019-05-23 13:00:56,37.21333333333333,11.450000000000001,18.345,0.0,0.0,0.0,0.0
2019-05-23 14:00:56,36.04333333333333,9.32,25.465000000000003,0.0,0.0,0.0,0.0
2019-05-23 15:00:56,38.25333333333333,7.364999999999999,22.95,0.0,0.0,0.0,0.0
2019-05-23 16:00:56,35.19,8.700000000000001,13.564999999999998,0.0,0.0,0.0,0.0
2019-05-23 17:00:56,38.526666666666664,11.229999999999999,14.335,0.0,0.0,0.0,0.0
2019-05-23 18:00:56,32.656666666666666,9.035,12.685000000000002,0.0,0.0,0.0,0.0
2019-05-23 19:00:56,27.616666666666667,7.72,10.18,0.0,0.0,0.0,0.0
2019-05-23 20:00:56,29.02,8.165000000000001,10.195,0.0,0.0,0.0,0.0
2019-05-23 21:00:56,31.86,11.935,10.385,0.0,0.0,0.0,0.0
2019-05-23 22:00:56,33.47,18.885,9.785,0.0,0.0,0.0,0.0
2019-05-23 23:00:56,38.666666666666664,15.945,8.71,0.0,0.0,0.0,0.0
2019-05-24 00:00:56,47.06666666666666,19.045,8.255,0.0,0.0,0.0,0.0
2019-05-24 01:00:56,65.02,23.179999999999996,10.145,0.0,0.0,0.0,0.0
2019-05-24 02:00:56,78.53666666666666,32.615,10.875,0.0,0.0,0.0,0.0
2019-05-24 03:00:56,80.38333333333334,32.870000000000005,10.814999999999998,0.0,0.0,0.0,0.0
2019-05-24 04:00:56,89.25333333333333,33.645,10.165,0.0,0.0,0.0,0.0
2019-05-24 05:00:56,88.75,35.775,8.76,0.0,0.0,0.0,0.0
2019-05-24 06:00:56,108.24333333333334,45.945,9.195,0.0,0.0,0.0,0.0
2019-05-24 07:00:56,95.88333333333333,43.21,8.865,0.0,0.0,0.0,0.0
2019-05-24 08:00:56,37.026666666666664,42.21,8.35,0.0,0.0,0.0,0.0
2019-05-24 09:00:56,16.076666666666668,25.245,4.01,0.0,0.0,0.0,0.0
2019-05-24 10:00:56,18.14333333333333,3.785,13.655000000000001,0.0,0.0,0.0,0.0
2019-05-24 11:00:56,43.19,17.965,15.135,0.0,0.0,0.0,0.0
2019-05-24 12:00:56,28.753333333333334,17.035,10.455,0.0,0.0,0.0,0.0
2019-05-24 13:00:56,27.916666666666668,14.07,8.155,0.0,0.0,0.0,0.0
2019-05-24 14:00:56,31.05666666666667,11.065,11.324999999999998,0.0,0.0,0.0,0.0
2019-05-24 15:00:56,32.669999999999995,10.13,10.31,0.0,0.0,0.0,0.0
2019-05-24 16:00:56,53.379999999999995,7.0,8.725,0.0,0.0,0.0,0.0
2019-05-24 17:00:56,50.44,9.47,11.365,0.0,0.0,0.0,0.0
2019-05-24 18:00:56,83.76,19.16,7.544999999999999,0.0,0.0,0.0,0.0
2019-05-24 19:00:56,129.97666666666666,26.474999999999998,6.150000000000001,0.0,0.0,0.0,0.0
2019-05-24 20:00:56,103.22666666666667,24.005,5.925,0.0,0.0,0.0,0.0
2019-05-24 21:00:56,116.27333333333333,36.975,6.125,0.0,0.0,0.0,0.0
2019-05-24 22:00:56,112.19,33.095,6.280000000000001,0.0,0.0,0.0,0.0
2019-05-24 23:00:56,83.91666666666667,30.88,6.390000000000001,0.0,0.0,0.0,0.0
2019-05-25 00:00:56,87.79666666666667,25.435000000000002,8.735,0.0,0.0,0.0,0.0
2019-05-25 01:00:56,69.36333333333333,18.86,9.375,0.0,0.0,0.0,0.0
2019-05-25 02:00:56,72.85000000000001,13.905000000000001,8.92,0.0,0.0,0.0,0.0
2019-05-25 03:00:56,95.46666666666665,20.285,8.68,0.0,0.0,0.0,0.0
2019-05-25 04:00:56,119.50333333333333,37.245,7.640000000000001,0.0,0.0,0.0,0.0
2019-05-25 05:00:56,129.94,31.365,6.78,0.0,0.0,0.0,0.0
2019-05-25 06:00:56,115.88333333333334,38.0,2.07,0.0,0.0,0.0,0.0
2019-05-25 07:00:56,75.06333333333333,21.705,1.37,0.0,0.0,0.0,0.0
2019-05-25 08:00:56,42.276666666666664,12.07,1.535,0.0,0.0,0.0,0.0
2019-05-25 09:00:56,24.33,10.56,2.12,0.0,0.0,0.0,0.0
2019-05-25 10:00:56,18.926666666666666,6.905,2.62,0.0,0.0,0.0,0.0
2019-05-25 11:00:56,21.163333333333338,7.075,3.1,0.0,0.0,0.0,0.0
2019-05-25 12:00:56,19.00333333333333,5.900000000000001,5.28,0.0,0.0,0.0,0.0
2019-05-25 13:00:56,23.97,3.9150000000000005,10.895000000000001,0.0,0.0,0.0,0.0
2019-05-25 14:00:56,22.816666666666666,5.17,11.030000000000001,0.0,0.0,0.0,0.0
2019-05-25 15:00:56,25.71,12.005,11.62,0.0,0.0,0.0,0.0
2019-05-25 16:00:56,31.38,9.635,10.89,0.0,0.0,0.0,0.0
2019-05-25 17:00:56,34.65,6.91,11.049999999999999,0.0,0.0,0.0,0.0
2019-05-25 18:00:56,33.763333333333335,5.595,11.315,0.0,0.0,0.0,0.0
2019-05-25 19:00:56,35.63666666666667,10.985,11.31,0.0,0.0,0.0,0.0
2019-05-25 20:00:56,41.156666666666666,19.02,9.86,0.0,0.0,0.0,0.0
2019-05-25 21:00:56,46.17333333333334,12.315,12.235,0.0,0.0,0.0,0.0
2019-05-25 22:00:56,52.94333333333333,18.34,15.64,0.0,0.0,0.0,0.0
2019-05-25 23:00:56,63.27333333333333,19.98,14.645000000000001,0.0,0.0,0.0,0.0
2019-05-26 00:00:56,79.01333333333334,18.895,15.0,0.0,0.0,0.0,0.0
2019-05-26 01:00:56,78.03333333333333,30.01,14.310000000000002,0.0,0.0,0.0,0.0
2019-05-26 02:00:56,89.49333333333334,35.61,12.219999999999999,0.0,0.0,0.0,0.0
2019-05-26 03:00:56,82.9,29.209999999999997,12.735,0.0,0.0,0.0,0.0
2019-05-26 04:00:56,95.73333333333332,26.814999999999998,12.725,0.0,0.0,0.0,0.0
2019-05-26 05:00:56,106.31666666666666,40.1,10.875,0.0,0.0,0.0,0.0
2019-05-26 06:00:56,112.64666666666668,41.475,9.875,0.0,0.0,0.0,0.0
2019-05-26 07:00:56,94.52333333333334,35.19,14.565,0.0,0.0,0.0,0.0
2019-05-26 08:00:56,73.55333333333333,42.625,28.045,0.0,0.0,0.0,0.0
2019-05-26 09:00:56,54.703333333333326,36.01,17.655,0.0,0.0,0.0,0.0
2019-05-26 10:00:56,28.563333333333333,10.41,15.424999999999999,0.0,0.0,0.0,0.0
2019-05-26 11:00:56,17.433333333333334,5.555,16.595,0.0,0.0,0.0,0.0
2019-05-26 12:00:56,20.60333333333333,3.1050000000000004,12.329999999999998,0.0,0.0,0.0,0.0
2019-05-26 13:00:56,15.13,3.2999999999999994,10.845,0.0,0.0,0.0,0.0
2019-05-26 14:00:56,13.0,4.715,9.855,0.0,0.0,0.0,0.0
2019-05-26 15:00:56,10.100000000000001,3.2550000000000003,10.425,0.0,0.0,0.0,0.0
2019-05-26 16:00:56,12.38,3.56,9.475,0.0,0.0,0.0,0.0
2019-05-26 17:00:56,17.88,2.27,10.385,0.0,0.0,0.0,0.0
2019-05-26 18:00:56,14.153333333333332,1.54,10.05,0.0,0.0,0.0,0.0
2019-05-26 19:00:56,26.796666666666667,9.415,10.095,0.0,0.0,0.0,0.0
2019-05-26 20:00:56,32.593333333333334,16.615,11.770000000000001,0.0,0.0,0.0,0.0
2019-05-26 21:00:56,42.99666666666667,13.185,10.79,0.0,0.0,0.0,0.0
2019-05-26 22:00:56,40.06,14.87,11.195,0.0,0.0,0.0,0.0
2019-05-26 23:00:56,45.63,19.49,10.524999999999999,0.0,0.0,0.0,0.0
2019-05-27 00:00:56,50.6,13.75,10.07,0.0,0.0,0.0,0.0
2019-05-27 01:00:56,35.126666666666665,14.29,9.774999999999999,0.0,0.0,0.0,0.0
2019-05-27 02:00:56,36.77333333333333,10.125,9.735,0.0,0.0,0.0,0.0
2019-05-27 03:00:56,34.903333333333336,11.665,9.825000000000001,0.0,0.0,0.0,0.0
2019-05-27 04:00:56,49.080000000000005,18.845,10.969999999999999,0.0,0.0,0.0,0.0
2019-05-27 05:00:56,79.93,38.325,11.36,0.0,0.0,0.0,0.0
2019-05-27 06:00:56,93.12666666666667,40.16,10.939999999999998,0.0,0.0,0.0,0.0
2019-05-27 07:00:56,87.56333333333333,48.449999999999996,22.804999999999996,0.0,0.0,0.0,0.0
2019-05-27 08:00:56,85.01666666666667,42.17,46.095,0.0,0.0,0.0,0.0
2019-05-27 09:00:56,76.13,38.99,33.935,0.0,0.0,0.0,0.0
2019-05-27 10:00:56,63.89333333333333,26.33,34.735,0.0,0.0,0.0,0.0
2019-05-27 11:00:56,68.06666666666666,18.915,31.755,0.0,0.0,0.0,0.0
2019-05-27 12:00:56,57.26,11.780000000000001,27.67,0.0,0.0,0.0,0.0
2019-05-27 13:00:56,40.82666666666667,9.475,13.745,0.0,0.0,0.0,0.0
2019-05-27 14:00:56,34.44,6.815,10.839999999999998,0.0,0.0,0.0,0.0
2019-05-27 15:00:56,26.206666666666667,5.21,13.270000000000001,0.0,0.0,0.0,0.0
2019-05-27 16:00:56,33.156666666666666,8.89,14.56,0.0,0.0,0.0,0.0
2019-05-27 17:00:56,28.703333333333333,6.1499999999999995,13.39,0.0,0.0,0.0,0.0
2019-05-27 18:00:56,30.306666666666665,4.22,12.200000000000001,0.0,0.0,0.0,0.0
2019-05-27 19:00:56,33.803333333333335,4.23,12.215000000000002,0.0,0.0,0.0,0.0
2019-05-27 20:00:56,39.403333333333336,9.36,9.34,0.0,0.0,0.0,0.0
2019-05-27 21:00:56,45.13333333333333,18.29,9.44,0.0,0.0,0.0,0.0
2019-05-27 22:00:56,49.93333333333334,14.67,10.375,0.0,0.0,0.0,0.0
2019-05-27 23:00:56,45.14666666666667,12.979999999999999,12.235,0.0,0.0,0.0,0.0
2019-05-28 00:00:56,50.61,14.200000000000001,15.005,0.0,0.0,0.0,0.0
2019-05-28 01:00:56,45.78333333333333,15.995,16.9,0.0,0.0,0.0,0.0
2019-05-28 02:00:56,42.733333333333334,12.145000000000001,20.52,0.0,0.0,0.0,0.0
2019-05-28 03:00:56,49.36333333333334,13.299999999999999,17.78,0.0,0.0,0.0,0.0
2019-05-28 04:00:56,51.25333333333333,19.63,16.885,0.0,0.0,0.0,0.0
2019-05-28 05:00:56,76.75,40.02,17.815,0.0,0.0,0.0,0.0
2019-05-28 06:00:56,63.97666666666667,32.415,17.810000000000002,0.0,0.0,0.0,0.0
2019-05-28 07:00:56,73.77666666666667,33.51,32.705,0.0,0.0,0.0,0.0
2019-05-28 08:00:56,70.13333333333333,30.105,46.59,0.0,0.0,0.0,0.0
2019-05-28 09:00:56,66.88,32.695,36.905,0.0,0.0,0.0,0.0
2019-05-28 10:00:56,76.28,29.23,26.955,0.0,0.0,0.0,0.0
2019-05-28 11:00:56,94.42333333333333,20.515,17.795,0.0,0.0,0.0,0.0
2019-05-28 12:00:56,84.36333333333334,11.015,14.01,0.0,0.0,0.0,0.0
2019-05-28 13:00:56,57.10999999999999,7.739999999999999,10.56,0.0,0.0,0.0,0.0
2019-05-28 14:00:56,48.016666666666666,4.945,15.025,0.0,0.0,0.0,0.0
2019-05-28 15:00:56,43.47666666666667,4.985,14.839999999999998,0.0,0.0,0.0,0.0
2019-05-28 16:00:56,30.64333333333333,5.460000000000001,14.11,0.0,0.0,0.0,0.0
2019-05-28 17:00:56,29.10333333333333,6.345,15.375,0.0,0.0,0.0,0.0
2019-05-28 18:00:56,21.376666666666665,4.15,12.725,0.0,0.0,0.0,0.0
2019-05-28 19:00:56,24.333333333333332,7.925,12.68,0.0,0.0,0.0,0.0
2019-05-28 20:00:56,28.123333333333335,5.145,15.385,0.0,0.0,0.0,0.0
2019-05-28 21:00:56,36.12,7.62,12.995,0.0,0.0,0.0,0.0
2019-05-28 22:00:56,44.57666666666667,6.885000000000001,11.700000000000001,0.0,0.0,0.0,0.0
2019-05-28 23:00:56,47.42333333333333,9.185,19.435,0.0,0.0,0.0,0.0
2019-05-29 00:00:56,61.39333333333334,10.13,36.49,0.0,0.0,0.0,0.0
2019-05-29 01:00:56,67.67999999999999,13.714999999999998,35.83,0.0,0.0,0.0,0.0
2019-05-29 02:00:56,74.92,21.01,50.46,0.0,0.0,0.0,0.0
2019-05-29 03:00:56,64.49333333333334,24.115,30.135,0.0,0.0,0.0,0.0
2019-05-29 04:00:56,52.71,23.840000000000003,22.33,0.0,0.0,0.0,0.0
2019-05-29 05:00:56,52.77333333333334,17.43,33.65,0.0,0.0,0.0,0.0
2019-05-29 06:00:56,60.73666666666667,23.540000000000003,35.059999999999995,0.0,0.0,0.0,0.0
2019-05-29 07:00:56,51.64666666666667,16.58,33.839999999999996,0.0,0.0,0.0,0.0
2019-05-29 08:00:56,45.166666666666664,10.1,46.065,0.0,0.0,0.0,0.0
2019-05-29 09:00:56,45.06,11.574999999999998,34.385,0.0,0.0,0.0,0.0
2019-05-29 10:00:56,55.79666666666667,24.75,25.445000000000004,0.0,0.0,0.0,0.0
2019-05-29 11:00:56,53.03,8.91,20.435,0.0,0.0,0.0,0.0
2019-05-29 12:00:56,41.583333333333336,6.575,19.81,0.0,0.0,0.0,0.0
2019-05-29 13:00:56,41.58,11.424999999999999,21.94,0.0,0.0,0.0,0.0
2019-05-29 14:00:56,56.96333333333334,6.760000000000001,21.22,0.0,0.0,0.0,0.0
2019-05-29 15:00:56,61.16333333333333,5.605,18.150000000000002,0.0,0.0,0.0,0.0
2019-05-29 16:00:56,71.12333333333333,7.09,12.634999999999998,0.0,0.0,0.0,0.0
2019-05-29 17:00:56,77.77,14.115,10.844999999999999,0.0,0.0,0.0,0.0
2019-05-29 18:00:56,89.87666666666667,9.19,9.79,0.0,0.0,0.0,0.0
2019-05-29 19:00:56,103.22666666666667,17.334999999999997,12.65,0.0,0.0,0.0,0.0
2019-05-29 20:00:56,111.72,25.62,10.375,0.0,0.0,0.0,0.0
2019-05-29 21:00:56,101.97333333333334,33.419999999999995,11.045,0.0,0.0,0.0,0.0
2019-05-29 22:00:56,98.56,23.19,10.44,0.0,0.0,0.0,0.0
2019-05-29 23:00:56,99.90333333333332,18.040000000000003,15.270000000000001,0.0,0.0,0.0,0.0
2019-05-30 00:00:56,102.27333333333333,27.095,30.099999999999998,0.0,0.0,0.0,0.0
2019-05-30 01:00:56,110.77666666666666,35.945,52.75999999999999,0.0,0.0,0.0,0.0
2019-05-30 02:00:56,122.15,34.895,49.77,0.0,0.0,0.0,0.0
2019-05-30 03:00:56,136.34333333333333,45.585,72.745,0.0,0.0,0.0,0.0
2019-05-30 04:00:56,142.25,39.699999999999996,53.86000000000001,0.0,0.0,0.0,0.0
2019-05-30 05:00:56,137.43666666666667,38.07,33.475,0.0,0.0,0.0,0.0
2019-05-30 06:00:56,123.85,34.02,26.965000000000003,0.0,0.0,0.0,0.0
2019-05-30 07:00:56,116.23666666666666,30.820000000000004,35.11,0.0,0.0,0.0,0.0
2019-05-30 08:00:56,121.86,39.36,72.29,0.0,0.0,0.0,0.0
2019-05-30 09:00:56,133.29666666666668,48.29,53.449999999999996,0.0,0.0,0.0,0.0
2019-05-30 10:00:56,116.54,29.944999999999997,36.745,0.0,0.0,0.0,0.0
2019-05-30 11:00:56,115.85,23.885,25.284999999999997,0.0,0.0,0.0,0.0
2019-05-30 12:00:56,94.04,14.065,23.86,0.0,0.0,0.0,0.0
2019-05-30 13:00:56,96.28666666666668,13.615,27.325000000000003,0.0,0.0,0.0,0.0
2019-05-30 14:00:56,94.93666666666667,14.87,23.485,0.0,0.0,0.0,0.0
2019-05-30 15:00:56,95.64,10.535,21.945000000000004,0.0,0.0,0.0,0.0
2019-05-30 16:00:56,91.60333333333334,18.405,20.150000000000002,0.0,0.0,0.0,0.0
2019-05-30 17:00:56,85.56666666666666,22.635,18.55,0.0,0.0,0.0,0.0
2019-05-30 18:00:56,80.96666666666667,12.64,15.515,0.0,0.0,0.0,0.0
2019-05-30 19:00:56,76.13666666666667,16.705,13.68,0.0,0.0,0.0,0.0
2019-05-30 20:00:56,92.48333333333332,26.52,13.69,0.0,0.0,0.0,0.0
2019-05-30 21:00:56,94.27333333333333,22.929999999999996,13.44,0.0,0.0,0.0,0.0
2019-05-30 22:00:56,88.13333333333333,14.62,12.82,0.0,0.0,0.0,0.0
2019-05-30 23:00:56,81.83,21.224999999999998,11.665,0.0,0.0,0.0,0.0
2019-05-31 00:00:56,63.32333333333333,16.51,10.63,0.0,0.0,0.0,0.0
2019-05-31 01:00:56,53.38,12.579999999999998,10.095,0.0,0.0,0.0,0.0
2019-05-31 02:00:56,42.99333333333334,11.875,9.895,0.0,0.0,0.0,0.0
2019-05-31 03:00:56,34.03,9.020000000000001,9.545,0.0,0.0,0.0,0.0
2019-05-31 04:00:56,38.81666666666667,9.135,10.305,0.0,0.0,0.0,0.0
2019-05-31 05:00:56,49.42666666666667,8.969999999999999,17.59,0.0,0.0,0.0,0.0
2019-05-31 06:00:56,53.06,12.39,25.064999999999998,0.0,0.0,0.0,0.0
2019-05-31 07:00:56,56.849999999999994,9.51,22.495000000000005,0.0,0.0,0.0,0.0
2019-05-31 08:00:56,66.81666666666666,27.405,31.189999999999998,0.0,0.0,0.0,0.0
2019-05-31 09:00:56,82.02333333333333,30.099999999999998,52.43000000000001,0.0,0.0,0.0,0.0
2019-05-31 10:00:56,79.69666666666666,15.805,17.41,0.0,0.0,0.0,0.0
2019-05-31 11:00:56,55.71666666666667,10.945,10.040000000000001,0.0,0.0,0.0,0.0
2019-05-31 12:00:56,37.55666666666667,9.245,8.03,0.0,0.0,0.0,0.0
2019-05-31 13:00:56,31.46333333333333,5.02,8.34,0.0,0.0,0.0,0.0
2019-05-31 14:00:56,30.866666666666664,2.8900000000000006,8.085,0.0,0.0,0.0,0.0
2019-05-31 15:00:56,40.980000000000004,4.01,8.39,0.0,0.0,0.0,0.0
2019-05-31 16:00:56,38.06,3.035,8.3,0.0,0.0,0.0,0.0
2019-05-31 17:00:56,32.5,2.885,8.025,0.0,0.0,0.0,0.0
2019-05-31 18:00:56,39.50333333333333,4.18,8.735,0.0,0.0,0.0,0.0
2019-05-31 19:00:56,60.43,6.39,8.805,0.0,0.0,0.0,0.0
2019-05-31 20:00:56,63.36000000000001,15.6,9.715,0.0,0.0,0.0,0.0
2019-05-31 21:00:56,61.446666666666665,11.36,9.28,0.0,0.0,0.0,0.0
2019-05-31 22:00:56,55.29333333333333,19.8,10.020000000000001,0.0,0.0,0.0,0.0
2019-05-31 23:00:56,50.25,21.895,9.06,0.0,0.0,0.0,0.0
2019-06-01 00:00:56,41.31666666666666,14.924999999999999,9.415,0.0,0.0,0.0,0.0
2019-06-01 01:00:56,39.526666666666664,9.950000000000001,11.365,0.0,0.0,0.0,0.0
2019-06-01 02:00:56,53.233333333333334,9.88,16.66,0.0,0.0,0.0,0.0
2019-06-01 03:00:56,55.080000000000005,24.36,18.970000000000002,0.0,0.0,0.0,0.0
2019-06-01 04:00:56,61.44333333333333,20.85,39.41,0.0,0.0,0.0,0.0
2019-06-01 05:00:56,79.08333333333333,21.435000000000002,57.699999999999996,0.0,0.0,0.0,0.0
2019-06-01 06:00:56,97.75666666666666,42.53,39.75,0.0,0.0,0.0,0.0
2019-06-01 07:00:56,94.81666666666666,43.01500000000001,54.41,0.0,0.0,0.0,0.0
2019-06-01 08:00:56,98.99333333333334,50.800000000000004,111.8,0.0,0.0,0.0,0.0
2019-06-01 09:00:56,102.96333333333332,42.669999999999995,103.44,0.0,0.0,0.0,0.0
2019-06-01 10:00:56,94.71,49.919999999999995,51.455000000000005,0.0,0.0,0.0,0.0
2019-06-01 11:00:56,78.29666666666667,31.165000000000003,39.35,0.0,0.0,0.0,0.0
2019-06-01 12:00:56,76.03333333333333,20.45,34.895,0.0,0.0,0.0,0.0
2019-06-01 13:00:56,75.17,13.46,27.939999999999998,0.0,0.0,0.0,0.0
2019-06-01 14:00:56,75.65333333333334,20.34,25.035,0.0,0.0,0.0,0.0
2019-06-01 15:00:56,67.19,11.125,20.025000000000002,0.0,0.0,0.0,0.0
2019-06-01 16:00:56,60.776666666666664,9.805,16.585,0.0,0.0,0.0,0.0
2019-06-01 17:00:56,52.71666666666667,10.08,10.015,0.0,0.0,0.0,0.0
2019-06-01 18:00:56,49.98,7.41,7.47,0.0,0.0,0.0,0.0
2019-06-01 19:00:56,53.473333333333336,15.115,6.605,0.0,0.0,0.0,0.0
2019-06-01 20:00:56,54.21333333333334,13.395000000000001,8.06,0.0,0.0,0.0,0.0
2019-06-01 21:00:56,62.623333333333335,20.02,10.66,0.0,0.0,0.0,0.0
2019-06-01 22:00:56,68.73,20.78,9.76,0.0,0.0,0.0,0.0
2019-06-01 23:00:56,65.67,18.72,8.295,0.0,0.0,0.0,0.0
2019-06-02 00:00:56,75.62666666666667,18.745,7.315,0.0,0.0,0.0,0.0
2019-06-02 01:00:56,59.21333333333334,14.005,7.039999999999999,0.0,0.0,0.0,0.0
2019-06-02 02:00:56,46.193333333333335,9.275,7.239999999999999,0.0,0.0,0.0,0.0
2019-06-02 03:00:56,39.57,13.824999999999998,7.77,0.0,0.0,0.0,0.0
2019-06-02 04:00:56,51.623333333333335,16.395,8.125,0.0,0.0,0.0,0.0
2019-06-02 05:00:56,45.79333333333334,10.875,8.475,0.0,0.0,0.0,0.0
2019-06-02 06:00:56,52.76,15.339999999999998,9.049999999999999,0.0,0.0,0.0,0.0
2019-06-02 07:00:56,85.74666666666667,44.625,9.035,0.0,0.0,0.0,0.0
2019-06-02 08:00:56,102.27,49.824999999999996,15.975,0.0,0.0,0.0,0.0
2019-06-02 09:00:56,101.64666666666666,51.51500000000001,28.73,0.0,0.0,0.0,0.0
2019-06-02 10:00:56,65.06666666666666,32.385,20.205,0.0,0.0,0.0,0.0
2019-06-02 11:00:56,48.86333333333333,20.55,15.705,0.0,0.0,0.0,0.0
2019-06-02 12:00:56,41.32666666666667,15.649999999999999,14.375,0.0,0.0,0.0,0.0
2019-06-02 13:00:56,36.49,12.074999999999998,16.72,0.0,0.0,0.0,0.0
2019-06-02 14:00:56,42.16,15.86,17.395,0.0,0.0,0.0,0.0
2019-06-02 15:00:56,36.836666666666666,9.92,15.075000000000001,0.0,0.0,0.0,0.0
2019-06-02 16:00:56,37.99333333333333,7.81,14.055,0.0,0.0,0.0,0.0
2019-06-02 17:00:56,39.79333333333333,4.985,12.445,0.0,0.0,0.0,0.0
2019-06-02 18:00:56,36.376666666666665,6.585,11.725,0.0,0.0,0.0,0.0
2019-06-02 19:00:56,35.46,10.39,11.25,0.0,0.0,0.0,0.0
2019-06-02 20:00:56,37.376666666666665,8.780000000000001,11.63,0.0,0.0,0.0,0.0
2019-06-02 21:00:56,52.49666666666667,9.755,11.104999999999999,0.0,0.0,0.0,0.0
2019-06-02 22:00:56,69.47666666666667,23.22,10.49,0.0,0.0,0.0,0.0
2019-06-02 23:00:56,49.66,15.555,10.595,0.0,0.0,0.0,0.0
2019-06-03 00:00:56,47.34,15.765,11.14,0.0,0.0,0.0,0.0
2019-06-03 01:00:56,61.27666666666667,29.965000000000003,12.49,0.0,0.0,0.0,0.0
2019-06-03 02:00:56,67.25666666666666,26.37,12.725,0.0,0.0,0.0,0.0
2019-06-03 03:00:56,55.06666666666666,26.350000000000005,12.795000000000002,0.0,0.0,0.0,0.0
2019-06-03 04:00:56,66.19,26.215000000000003,13.829999999999998,0.0,0.0,0.0,0.0
2019-06-03 05:00:56,84.84666666666666,22.63,12.79,0.0,0.0,0.0,0.0
2019-06-03 06:00:56,67.80666666666667,21.22,12.174999999999999,0.0,0.0,0.0,0.0
2019-06-03 07:00:56,61.59,21.564999999999998,11.62,0.0,0.0,0.0,0.0
2019-06-03 08:00:56,68.12,32.67,11.835,0.0,0.0,0.0,0.0
2019-06-03 09:00:56,74.19666666666667,29.13,13.660000000000002,0.0,0.0,0.0,0.0
2019-06-03 10:00:56,59.553333333333335,28.015,14.049999999999999,0.0,0.0,0.0,0.0
2019-06-03 11:00:56,43.63666666666667,19.540000000000003,13.32,0.0,0.0,0.0,0.0
2019-06-03 12:00:56,34.61333333333334,5.685,14.450000000000001,0.0,0.0,0.0,0.0
2019-06-03 13:00:56,33.00666666666667,3.0499999999999994,14.57,0.0,0.0,0.0,0.0
2019-06-03 14:00:56,38.413333333333334,7.21,13.524999999999999,0.0,0.0,0.0,0.0
2019-06-03 15:00:56,43.769999999999996,9.485,12.63,0.0,0.0,0.0,0.0
2019-06-03 16:00:56,47.83,6.199999999999999,12.969999999999999,0.0,0.0,0.0,0.0
2019-06-03 17:00:56,46.53333333333333,12.495,12.39,0.0,0.0,0.0,0.0
2019-06-03 18:00:56,47.32666666666667,12.6,12.030000000000001,0.0,0.0,0.0,0.0
2019-06-03 19:00:56,50.916666666666664,9.415,11.825000000000001,0.0,0.0,0.0,0.0
2019-06-03 20:00:56,57.22666666666667,8.19,11.270000000000001,0.0,0.0,0.0,0.0
2019-06-03 21:00:56,58.85333333333333,10.885,10.475,0.0,0.0,0.0,0.0
2019-06-03 22:00:56,69.07666666666667,23.625,9.935,0.0,0.0,0.0,0.0
2019-06-03 23:00:56,71.67666666666666,20.715,9.37,0.0,0.0,0.0,0.0
2019-06-04 00:00:56,67.59666666666666,16.515,9.145,0.0,0.0,0.0,0.0
2019-06-04 01:00:56,57.73,11.06,9.22,0.0,0.0,0.0,0.0
2019-06-04 02:00:56,51.57333333333333,16.73,9.43,0.0,0.0,0.0,0.0
2019-06-04 03:00:56,53.32333333333333,13.315,9.885,0.0,0.0,0.0,0.0
2019-06-04 04:00:56,57.01,11.839999999999998,11.14,0.0,0.0,0.0,0.0
2019-06-04 05:00:56,62.913333333333334,15.204999999999998,10.85,0.0,0.0,0.0,0.0
2019-06-04 06:00:56,65.5,24.905,10.395000000000001,0.0,0.0,0.0,0.0
2019-06-04 07:00:56,63.71333333333334,17.535,11.055,0.0,0.0,0.0,0.0
2019-06-04 08:00:56,36.16,8.765,15.045000000000002,0.0,0.0,0.0,0.0
2019-06-04 09:00:56,37.32333333333333,8.555,13.46,0.0,0.0,0.0,0.0
2019-06-04 10:00:56,28.146666666666665,8.615,11.375,0.0,0.0,0.0,0.0
2019-06-04 11:00:56,23.65,8.805,10.700000000000001,0.0,0.0,0.0,0.0
2019-06-04 12:00:56,27.423333333333332,6.57,10.174999999999999,0.0,0.0,0.0,0.0
2019-06-04 13:00:56,29.96,3.635,10.424999999999999,0.0,0.0,0.0,0.0
2019-06-04 14:00:56,32.24333333333333,2.725,9.365,0.0,0.0,0.0,0.0
2019-06-04 15:00:56,37.89666666666667,4.25,9.035,0.0,0.0,0.0,0.0
2019-06-04 16:00:56,45.81,4.71,7.52,0.0,0.0,0.0,0.0
2019-06-04 17:00:56,41.35333333333333,11.844999999999999,7.935,0.0,0.0,0.0,0.0
2019-06-04 18:00:56,34.346666666666664,10.2,8.05,0.0,0.0,0.0,0.0
2019-06-04 19:00:56,35.343333333333334,8.805,8.315,0.0,0.0,0.0,0.0
2019-06-04 20:00:56,36.093333333333334,8.365,8.87,0.0,0.0,0.0,0.0
2019-06-04 21:00:56,39.986666666666665,5.84,8.515,0.0,0.0,0.0,0.0
2019-06-04 22:00:56,43.07333333333333,3.58,8.715,0.0,0.0,0.0,0.0
2019-06-04 23:00:56,43.846666666666664,3.6449999999999996,8.12,0.0,0.0,0.0,0.0
2019-06-05 00:00:56,49.04666666666667,8.34,10.16,0.0,0.0,0.0,0.0
2019-06-05 01:00:56,53.32333333333333,8.285,9.81,0.0,0.0,0.0,0.0
2019-06-05 02:00:56,66.43,20.97,9.965,0.0,0.0,0.0,0.0
2019-06-05 03:00:56,57.46333333333334,17.74,10.38,0.0,0.0,0.0,0.0
2019-06-05 04:00:56,49.806666666666665,12.214999999999998,10.15,0.0,0.0,0.0,0.0
2019-06-05 05:00:56,38.57,6.57,8.719999999999999,0.0,0.0,0.0,0.0
2019-06-05 06:00:56,35.42666666666667,3.795,8.42,0.0,0.0,0.0,0.0
2019-06-05 07:00:56,34.20666666666667,3.1199999999999997,8.335,0.0,0.0,0.0,0.0
2019-06-05 08:00:56,39.61,7.605,8.58,0.0,0.0,0.0,0.0
2019-06-05 09:00:56,38.303333333333335,12.844999999999999,9.46,0.0,0.0,0.0,0.0
2019-06-05 10:00:56,27.41,7.984999999999999,9.104999999999999,0.0,0.0,0.0,0.0
2019-06-05 11:00:56,7.46,0.0,2.05,0.0,0.0,0.0,0.0
2019-06-05 12:00:56,9.433333333333334,0.0,2.02,0.0,0.0,0.0,0.0
2019-06-05 13:00:56,9.27,0.0,1.905,0.0,0.0,0.0,0.0
2019-06-05 14:00:56,9.126666666666667,0.0,2.02,0.0,0.0,0.0,0.0
2019-06-05 15:00:56,10.9,0.0,2.055,0.0,0.0,0.0,0.0
2019-06-05 16:00:56,10.566666666666666,0.0,1.795,0.0,0.0,0.0,0.0
2019-06-05 17:00:56,10.136666666666667,0.0,1.6450000000000002,0.0,0.0,0.0,0.0
2019-06-05 18:00:56,10.36,0.0,1.5650000000000002,0.0,0.0,0.0,0.0
2019-06-05 19:00:56,11.503333333333332,0.0,1.695,0.0,0.0,0.0,0.0
2019-06-05 20:00:56,10.926666666666668,0.0,1.8,0.0,0.0,0.0,0.0
2019-06-05 21:00:56,12.333333333333334,0.0,2.135,0.0,0.0,0.0,0.0
2019-06-05 22:00:56,12.136666666666665,0.0,2.1,0.0,0.0,0.0,0.0
2019-06-05 23:00:56,11.27,0.0,1.985,0.0,0.0,0.0,0.0
2019-06-06 00:00:56,31.366666666666667,14.495,2.01,0.0,0.0,0.0,0.0
2019-06-06 01:00:56,32.053333333333335,7.445,2.02,0.0,0.0,0.0,0.0
2019-06-06 02:00:56,22.846666666666668,7.31,1.7299999999999998,0.0,0.0,0.0,0.0
2019-06-06 03:00:56,22.606666666666666,3.945,1.79,0.0,0.0,0.0,0.0
2019-06-06 04:00:56,30.89333333333333,6.349999999999999,1.8549999999999998,0.0,0.0,0.0,0.0
2019-06-06 05:00:56,25.04,7.900000000000001,1.655,0.0,0.0,0.0,0.0
2019-06-06 06:00:56,29.416666666666668,13.26,2.17,0.0,0.0,0.0,0.0
2019-06-06 07:00:56,36.64333333333333,13.964999999999998,2.615,0.0,0.0,0.0,0.0
2019-06-06 08:00:56,36.81666666666667,9.015,3.515,0.0,0.0,0.0,0.0
2019-06-06 09:00:56,36.02333333333333,8.37,4.76,0.0,0.0,0.0,0.0
2019-06-06 10:00:56,28.53333333333333,5.15,4.185,0.0,0.0,0.0,0.0
2019-06-06 11:00:56,21.883333333333336,7.765,4.11,0.0,0.0,0.0,0.0
2019-06-06 12:00:56,18.953333333333333,4.985,3.5,0.0,0.0,0.0,0.0
2019-06-06 13:00:56,22.35333333333333,8.635,3.4949999999999997,0.0,0.0,0.0,0.0
2019-06-06 14:00:56,18.786666666666665,5.26,3.205,0.0,0.0,0.0,0.0
2019-06-06 15:00:56,17.413333333333334,3.625,2.53,0.0,0.0,0.0,0.0
2019-06-06 16:00:56,19.04,2.425,2.35,0.0,0.0,0.0,0.0
2019-06-06 17:00:56,32.42333333333333,1.3549999999999998,2.205,0.0,0.0,0.0,0.0
2019-06-06 18:00:56,54.50333333333333,16.63,2.16,0.0,0.0,0.0,0.0
2019-06-06 19:00:56,28.576666666666668,8.735,2.67,0.0,0.0,0.0,0.0
2019-06-06 20:00:56,19.133333333333333,5.805,3.065,0.0,0.0,0.0,0.0
2019-06-06 21:00:56,22.240000000000002,5.38,2.685,0.0,0.0,0.0,0.0
2019-06-06 22:00:56,28.473333333333333,7.48,2.515,0.0,0.0,0.0,0.0
2019-06-06 23:00:56,33.11,15.275,2.27,0.0,0.0,0.0,0.0
2019-06-07 00:00:56,21.83,10.075,1.875,0.0,0.0,0.0,0.0
2019-06-07 01:00:56,18.79,5.93,2.0,0.0,0.0,0.0,0.0
2019-06-07 02:00:56,19.17,7.175,1.8500000000000003,0.0,0.0,0.0,0.0
2019-06-07 03:00:56,20.64333333333333,6.645,1.86,0.0,0.0,0.0,0.0
2019-06-07 04:00:56,15.116666666666665,3.98,1.6499999999999997,0.0,0.0,0.0,0.0
2019-06-07 05:00:56,18.256666666666668,4.15,1.99,0.0,0.0,0.0,0.0
2019-06-07 06:00:56,31.63,11.074999999999998,2.585,0.0,0.0,0.0,0.0
2019-06-07 07:00:56,63.56,24.070000000000004,8.655,0.0,0.0,0.0,0.0
2019-06-07 08:00:56,74.11,17.97,13.545,0.0,0.0,0.0,0.0
2019-06-07 09:00:56,52.55666666666667,20.89,9.27,0.0,0.0,0.0,0.0
2019-06-07 10:00:56,32.50333333333334,11.06,7.755,0.0,0.0,0.0,0.0
2019-06-07 11:00:56,18.243333333333332,6.0,4.235,0.0,0.0,0.0,0.0
2019-06-07 12:00:56,11.896666666666667,3.25,3.4949999999999997,0.0,0.0,0.0,0.0
2019-06-07 13:00:56,17.056666666666665,1.82,3.485,0.0,0.0,0.0,0.0
2019-06-07 14:00:56,16.46666666666667,3.055,3.135,0.0,0.0,0.0,0.0
2019-06-07 15:00:56,16.366666666666664,1.595,3.02,0.0,0.0,0.0,0.0
2019-06-07 16:00:56,19.733333333333334,1.63,2.78,0.0,0.0,0.0,0.0
2019-06-07 17:00:56,23.09,1.445,2.7550000000000003,0.0,0.0,0.0,0.0
2019-06-07 18:00:56,23.07333333333333,1.3950000000000002,2.47,0.0,0.0,0.0,0.0
2019-06-07 19:00:56,25.836666666666666,2.455,2.435,0.0,0.0,0.0,0.0
2019-06-07 20:00:56,28.57333333333333,11.725,2.36,0.0,0.0,0.0,0.0
2019-06-07 21:00:56,30.876666666666665,9.735,2.475,0.0,0.0,0.0,0.0
2019-06-07 22:00:56,24.89,6.239999999999999,2.225,0.0,0.0,0.0,0.0
2019-06-07 23:00:56,26.32,3.6300000000000003,1.695,0.0,0.0,0.0,0.0
2019-06-08 00:00:56,22.296666666666667,2.565,1.34,0.0,0.0,0.0,0.0
2019-06-08 01:00:56,26.6,2.13,1.27,0.0,0.0,0.0,0.0
2019-06-08 02:00:56,16.713333333333335,3.76,1.38,0.0,0.0,0.0,0.0
2019-06-08 03:00:56,16.713333333333335,2.715,1.305,0.0,0.0,0.0,0.0
2019-06-08 04:00:56,15.579999999999998,1.4750000000000003,1.285,0.0,0.0,0.0,0.0
2019-06-08 05:00:56,20.30666666666667,2.78,1.27,0.0,0.0,0.0,0.0
2019-06-08 06:00:56,17.083333333333332,2.715,2.375,0.0,0.0,0.0,0.0
2019-06-08 07:00:56,36.59,14.11,3.875,0.0,0.0,0.0,0.0
2019-06-08 08:00:56,31.64333333333333,10.845,11.995,0.0,0.0,0.0,0.0
2019-06-08 09:00:56,18.82,0.0,9.755,0.0,0.0,0.0,0.0
2019-06-08 10:00:56,11.98,0.0,3.645,0.0,0.0,0.0,0.0
2019-06-08 11:00:56,8.793333333333333,0.0,2.61,0.0,0.0,0.0,0.0
2019-06-08 12:00:56,20.37333333333333,8.225,8.415,0.0,0.0,0.0,0.0
2019-06-08 13:00:56,21.450000000000003,6.19,7.765000000000001,0.0,0.0,0.0,0.0
2019-06-08 14:00:56,19.566666666666666,5.08,7.669999999999999,0.0,0.0,0.0,0.0
2019-06-08 15:00:56,20.583333333333332,3.125,7.984999999999999,0.0,0.0,0.0,0.0
2019-06-08 16:00:56,19.976666666666667,2.295,7.564999999999999,0.0,0.0,0.0,0.0
2019-06-08 17:00:56,24.34,1.55,7.2700000000000005,0.0,0.0,0.0,0.0
2019-06-08 18:00:56,22.453333333333333,2.34,7.045000000000001,0.0,0.0,0.0,0.0
2019-06-08 19:00:56,25.53333333333333,5.09,7.265000000000001,0.0,0.0,0.0,0.0
2019-06-08 20:00:56,29.75,2.67,7.1499999999999995,0.0,0.0,0.0,0.0
2019-06-08 21:00:56,27.753333333333334,2.22,6.88,0.0,0.0,0.0,0.0
2019-06-08 22:00:56,27.21,3.345,6.349999999999999,0.0,0.0,0.0,0.0
2019-06-08 23:00:56,26.05333333333333,3.095,6.789999999999999,0.0,0.0,0.0,0.0
2019-06-09 00:00:56,21.53,4.78,6.864999999999999,0.0,0.0,0.0,0.0
2019-06-09 01:00:56,21.19333333333333,3.26,7.224999999999999,0.0,0.0,0.0,0.0
2019-06-09 02:00:56,24.063333333333333,4.29,8.02,0.0,0.0,0.0,0.0
2019-06-09 03:00:56,27.433333333333334,5.505,10.545,0.0,0.0,0.0,0.0
2019-06-09 04:00:56,16.58,4.3,9.16,0.0,0.0,0.0,0.0
2019-06-09 05:00:56,27.0,9.55,19.61,0.0,0.0,0.0,0.0
2019-06-09 06:00:56,51.94333333333333,21.605,22.87,0.0,0.0,0.0,0.0
2019-06-09 07:00:56,47.04,19.61,33.5,0.0,0.0,0.0,0.0
2019-06-09 08:00:56,45.24666666666667,13.32,30.72,0.0,0.0,0.0,0.0
2019-06-09 09:00:56,27.436666666666667,8.065,18.98,0.0,0.0,0.0,0.0
2019-06-09 10:00:56,18.33,5.655000000000001,12.12,0.0,0.0,0.0,0.0
2019-06-09 11:00:56,15.96,6.0,10.02,0.0,0.0,0.0,0.0
2019-06-09 12:00:56,14.776666666666666,6.995,8.835,0.0,0.0,0.0,0.0
2019-06-09 13:00:56,16.653333333333332,4.305,8.96,0.0,0.0,0.0,0.0
2019-06-09 14:00:56,13.236666666666666,2.69,8.815,0.0,0.0,0.0,0.0
2019-06-09 15:00:56,18.44,1.5099999999999998,8.455,0.0,0.0,0.0,0.0
2019-06-09 16:00:56,11.783333333333333,1.025,8.365,0.0,0.0,0.0,0.0
2019-06-09 17:00:56,18.7,1.005,8.205,0.0,0.0,0.0,0.0
2019-06-09 18:00:56,27.46,1.145,8.055,0.0,0.0,0.0,0.0
2019-06-09 19:00:56,30.836666666666666,2.41,7.885000000000001,0.0,0.0,0.0,0.0
2019-06-09 20:00:56,34.06333333333333,1.5,7.59,0.0,0.0,0.0,0.0
2019-06-09 21:00:56,27.96,1.8099999999999998,7.325,0.0,0.0,0.0,0.0
2019-06-09 22:00:56,24.773333333333337,4.81,7.359999999999999,0.0,0.0,0.0,0.0
2019-06-09 23:00:56,24.97,4.615,6.865000000000001,0.0,0.0,0.0,0.0
2019-06-10 00:00:56,24.0,8.835,7.065,0.0,0.0,0.0,0.0
2019-06-10 01:00:56,23.286666666666665,7.18,7.055,0.0,0.0,0.0,0.0
2019-06-10 02:00:56,41.78,14.579999999999998,6.800000000000001,0.0,0.0,0.0,0.0
2019-06-10 03:00:56,33.2,8.79,7.044999999999999,0.0,0.0,0.0,0.0
2019-06-10 04:00:56,16.046666666666667,9.14,6.905,0.0,0.0,0.0,0.0
2019-06-10 05:00:56,21.41333333333333,5.285,6.474999999999999,0.0,0.0,0.0,0.0
2019-06-10 06:00:56,25.94333333333333,3.315,6.375,0.0,0.0,0.0,0.0
2019-06-10 07:00:56,32.57333333333333,2.205,6.305,0.0,0.0,0.0,0.0
2019-06-10 08:00:56,20.493333333333336,2.975,6.490000000000001,0.0,0.0,0.0,0.0
2019-06-10 09:00:56,26.200000000000003,6.27,6.43,0.0,0.0,0.0,0.0
2019-06-10 10:00:56,35.513333333333335,16.63,6.905,0.0,0.0,0.0,0.0
2019-06-10 11:00:56,29.366666666666667,14.74,7.805,0.0,0.0,0.0,0.0
2019-06-10 12:00:56,24.77,10.43,7.745,0.0,0.0,0.0,0.0
2019-06-10 13:00:56,27.13,11.979999999999999,8.105,0.0,0.0,0.0,0.0
2019-06-10 14:00:56,27.683333333333334,10.1,8.555,0.0,0.0,0.0,0.0
2019-06-10 15:00:56,27.35666666666667,5.875,8.345,0.0,0.0,0.0,0.0
2019-06-10 16:00:56,30.923333333333332,4.665,8.035,0.0,0.0,0.0,0.0
2019-06-10 17:00:56,42.42666666666667,10.635,7.844999999999999,0.0,0.0,0.0,0.0
2019-06-10 18:00:56,35.47666666666667,6.125,8.0,0.0,0.0,0.0,0.0
2019-06-10 19:00:56,39.626666666666665,11.96,7.29,0.0,0.0,0.0,0.0
2019-06-10 20:00:56,49.13666666666666,10.75,6.665,0.0,0.0,0.0,0.0
2019-06-10 21:00:56,55.91,20.55,6.355,0.0,0.0,0.0,0.0
2019-06-10 22:00:56,47.77,14.08,6.56,0.0,0.0,0.0,0.0
2019-06-10 23:00:56,45.0,17.645,6.245,0.0,0.0,0.0,0.0
2019-06-11 00:00:56,50.42,18.155,5.97,0.0,0.0,0.0,0.0
2019-06-11 01:00:56,51.776666666666664,17.675,6.145,0.0,0.0,0.0,0.0
2019-06-11 02:00:56,50.3,17.74,6.330000000000001,0.0,0.0,0.0,0.0
2019-06-11 03:00:56,44.45,10.815,7.375,0.0,0.0,0.0,0.0
2019-06-11 04:00:56,37.053333333333335,13.354999999999999,8.62,0.0,0.0,0.0,0.0
2019-06-11 05:00:56,28.909999999999997,8.305,8.49,0.0,0.0,0.0,0.0
2019-06-11 06:00:56,26.69666666666667,6.765000000000001,8.175,0.0,0.0,0.0,0.0
2019-06-11 07:00:56,35.00666666666667,12.409999999999998,7.864999999999999,0.0,0.0,0.0,0.0
2019-06-11 08:00:56,52.51333333333333,22.405,7.995,0.0,0.0,0.0,0.0
2019-06-11 09:00:56,65.85666666666667,23.34,9.15,0.0,0.0,0.0,0.0
2019-06-11 10:00:56,41.81666666666666,18.77,7.8500000000000005,0.0,0.0,0.0,0.0
2019-06-11 11:00:56,32.31666666666667,19.68,6.93,0.0,0.0,0.0,0.0
2019-06-11 12:00:56,39.47,21.27,7.234999999999999,0.0,0.0,0.0,0.0
2019-06-11 13:00:56,42.20666666666666,11.93,7.635000000000001,0.0,0.0,0.0,0.0
2019-06-11 14:00:56,35.67333333333333,7.05,11.174999999999999,0.0,0.0,0.0,0.0
2019-06-11 15:00:56,30.666666666666668,4.085,9.155,0.0,0.0,0.0,0.0
2019-06-11 16:00:56,48.51,14.04,7.414999999999999,0.0,0.0,0.0,0.0
2019-06-11 17:00:56,57.18,62.41499999999999,7.07,0.0,0.0,0.0,0.0
2019-06-11 18:00:56,43.42333333333333,31.51,7.59,0.0,0.0,0.0,0.0
2019-06-11 19:00:56,33.016666666666666,27.02,7.989999999999999,0.0,0.0,0.0,0.0
2019-06-11 20:00:56,38.89,22.795,8.43,0.0,0.0,0.0,0.0
2019-06-11 21:00:56,45.11,11.89,8.645,0.0,0.0,0.0,0.0
2019-06-11 22:00:56,51.903333333333336,14.245,9.385,0.0,0.0,0.0,0.0
2019-06-11 23:00:56,75.55333333333334,17.53,9.795,0.0,0.0,0.0,0.0
2019-06-12 00:00:56,74.60666666666667,20.0,9.49,0.0,0.0,0.0,0.0
2019-06-12 01:00:56,72.38,22.39,9.345,0.0,0.0,0.0,0.0
2019-06-12 02:00:56,74.04,22.554999999999996,12.57,0.0,0.0,0.0,0.0
2019-06-12 03:00:56,111.24000000000001,32.0,15.825000000000001,0.0,0.0,0.0,0.0
2019-06-12 04:00:56,114.68333333333334,28.099999999999998,17.474999999999998,0.0,0.0,0.0,0.0
2019-06-12 05:00:56,97.94333333333333,25.465,13.975,0.0,0.0,0.0,0.0
2019-06-12 06:00:56,62.56999999999999,13.854999999999999,12.280000000000001,0.0,0.0,0.0,0.0
2019-06-12 07:00:56,57.11,10.765,12.455,0.0,0.0,0.0,0.0
2019-06-12 08:00:56,59.833333333333336,18.155,18.18,0.0,0.0,0.0,0.0
2019-06-12 09:00:56,56.18666666666667,17.625,23.98,0.0,0.0,0.0,0.0
2019-06-12 10:00:56,53.80666666666667,11.56,22.05,0.0,0.0,0.0,0.0
2019-06-12 11:00:56,40.233333333333334,12.54,16.47,0.0,0.0,0.0,0.0
2019-06-12 12:00:56,36.06333333333333,8.615,14.51,0.0,0.0,0.0,0.0
2019-06-12 13:00:56,39.35333333333333,7.56,17.87,0.0,0.0,0.0,0.0
2019-06-12 14:00:56,33.78333333333333,6.044999999999999,19.265,0.0,0.0,0.0,0.0
2019-06-12 15:00:56,31.066666666666666,7.53,19.16,0.0,0.0,0.0,0.0
2019-06-12 16:00:56,35.25333333333333,4.065,15.215000000000002,0.0,0.0,0.0,0.0
2019-06-12 17:00:56,31.776666666666667,2.35,13.479999999999999,0.0,0.0,0.0,0.0
2019-06-12 18:00:56,36.82333333333333,1.96,10.729999999999999,0.0,0.0,0.0,0.0
2019-06-12 19:00:56,41.49333333333333,10.51,8.52,0.0,0.0,0.0,0.0
2019-06-12 20:00:56,37.79,12.865,7.974999999999999,0.0,0.0,0.0,0.0
2019-06-12 21:00:56,45.14,15.375,8.435,0.0,0.0,0.0,0.0
2019-06-12 22:00:56,42.39333333333333,13.735,8.185,0.0,0.0,0.0,0.0
2019-06-12 23:00:56,39.97333333333333,11.300000000000002,8.66,0.0,0.0,0.0,0.0
2019-06-13 00:00:56,34.026666666666664,7.635000000000001,8.68,0.0,0.0,0.0,0.0
2019-06-13 01:00:56,41.06333333333333,10.39,8.56,0.0,0.0,0.0,0.0
2019-06-13 02:00:56,63.73333333333333,33.335,8.565,0.0,0.0,0.0,0.0
2019-06-13 03:00:56,78.08333333333333,41.73,9.61,0.0,0.0,0.0,0.0
2019-06-13 04:00:56,101.09666666666666,45.23,12.82,0.0,0.0,0.0,0.0
2019-06-13 05:00:56,131.95000000000002,36.89,14.305,0.0,0.0,0.0,0.0
2019-06-13 06:00:56,122.88,34.86,13.07,0.0,0.0,0.0,0.0
2019-06-13 07:00:56,190.28666666666666,25.715,12.06,0.0,0.0,0.0,0.0
2019-06-13 08:00:56,152.58666666666667,18.17,12.13,0.0,0.0,0.0,0.0
2019-06-13 09:00:56,91.65666666666667,19.035,12.93,0.0,0.0,0.0,0.0
2019-06-13 10:00:56,33.54333333333334,4.07,15.965000000000002,0.0,0.0,0.0,0.0
2019-06-13 11:00:56,33.85666666666667,7.400000000000001,14.655000000000001,0.0,0.0,0.0,0.0
2019-06-13 12:00:56,42.223333333333336,6.594999999999999,14.325000000000001,0.0,0.0,0.0,0.0
2019-06-13 13:00:56,48.47,15.924999999999999,14.35,0.0,0.0,0.0,0.0
2019-06-13 14:00:56,40.42333333333333,12.79,12.165,0.0,0.0,0.0,0.0
2019-06-13 15:00:56,46.31333333333333,8.76,10.625,0.0,0.0,0.0,0.0
2019-06-13 16:00:56,31.02,7.56,10.64,0.0,0.0,0.0,0.0
2019-06-13 17:00:56,22.406666666666666,4.51,11.100000000000001,0.0,0.0,0.0,0.0
2019-06-13 18:00:56,26.72,3.0199999999999996,10.784999999999998,0.0,0.0,0.0,0.0
2019-06-13 19:00:56,31.30333333333333,17.34,10.285,0.0,0.0,0.0,0.0
2019-06-13 20:00:56,50.77333333333333,11.685,9.185,0.0,0.0,0.0,0.0
2019-06-13 21:00:56,46.57333333333333,17.599999999999998,8.91,0.0,0.0,0.0,0.0
2019-06-13 22:00:56,52.23,15.854999999999999,8.17,0.0,0.0,0.0,0.0
2019-06-13 23:00:56,53.9,23.72,7.925000000000001,0.0,0.0,0.0,0.0
2019-06-14 00:00:56,58.93,21.63,7.5200000000000005,0.0,0.0,0.0,0.0
2019-06-14 01:00:56,55.379999999999995,21.375,7.63,0.0,0.0,0.0,0.0
2019-06-14 02:00:56,62.00333333333333,20.845,7.935,0.0,0.0,0.0,0.0
2019-06-14 03:00:56,62.13333333333333,19.97,7.75,0.0,0.0,0.0,0.0
2019-06-14 04:00:56,91.78666666666666,23.02,8.0,0.0,0.0,0.0,0.0
2019-06-14 05:00:56,144.72333333333333,31.0,8.405000000000001,0.0,0.0,0.0,0.0
2019-06-14 06:00:56,146.80666666666667,25.84,10.34,0.0,0.0,0.0,0.0
2019-06-14 07:00:56,176.40333333333334,35.945,11.575000000000001,0.0,0.0,0.0,0.0
2019-06-14 08:00:56,170.49333333333334,23.25,12.635,0.0,0.0,0.0,0.0
2019-06-14 09:00:56,128.27,24.67,13.155000000000001,0.0,0.0,0.0,0.0
2019-06-14 10:00:56,85.17,18.115,20.72,0.0,0.0,0.0,0.0
2019-06-14 11:00:56,66.08333333333333,16.695,24.515,0.0,0.0,0.0,0.0
2019-06-14 12:00:56,49.173333333333325,9.265,18.74,0.0,0.0,0.0,0.0
2019-06-14 13:00:56,51.03333333333333,6.5,15.295000000000002,0.0,0.0,0.0,0.0
2019-06-14 14:00:56,52.24,5.84,12.755,0.0,0.0,0.0,0.0
2019-06-14 15:00:56,46.32666666666667,6.275000000000001,10.209999999999999,0.0,0.0,0.0,0.0
2019-06-14 16:00:56,42.95666666666666,5.065,9.22,0.0,0.0,0.0,0.0
2019-06-14 17:00:56,36.14666666666667,8.32,9.51,0.0,0.0,0.0,0.0
2019-06-14 18:00:56,27.62,4.925,10.025,0.0,0.0,0.0,0.0
2019-06-14 19:00:56,15.1,0.0,2.06,0.0,0.0,0.0,0.0
2019-06-14 20:00:56,45.21666666666667,17.95,9.04,0.0,0.0,0.0,0.0
2019-06-14 21:00:56,35.66,14.799999999999999,8.46,0.0,0.0,0.0,0.0
2019-06-14 22:00:56,31.183333333333334,9.235,8.665,0.0,0.0,0.0,0.0
2019-06-14 23:00:56,30.769999999999996,9.69,8.105,0.0,0.0,0.0,0.0
2019-06-15 00:00:56,34.833333333333336,13.045000000000002,8.06,0.0,0.0,0.0,0.0
2019-06-15 01:00:56,38.27333333333333,16.775000000000002,8.155,0.0,0.0,0.0,0.0
2019-06-15 02:00:56,34.49666666666666,10.055,8.175,0.0,0.0,0.0,0.0
2019-06-15 03:00:56,36.556666666666665,5.9750000000000005,8.44,0.0,0.0,0.0,0.0
2019-06-15 04:00:56,36.49,7.274999999999999,8.44,0.0,0.0,0.0,0.0
2019-06-15 05:00:56,40.17,10.884999999999998,7.285,0.0,0.0,0.0,0.0
2019-06-15 06:00:56,46.95666666666667,19.725,6.435,0.0,0.0,0.0,0.0
2019-06-15 07:00:56,55.656666666666666,27.069999999999997,6.140000000000001,0.0,0.0,0.0,0.0
2019-06-15 08:00:56,48.48333333333333,16.075,6.260000000000001,0.0,0.0,0.0,0.0
2019-06-15 09:00:56,33.29,15.38,7.004999999999999,0.0,0.0,0.0,0.0
2019-06-15 10:00:56,33.0,13.1,7.1499999999999995,0.0,0.0,0.0,0.0
2019-06-15 11:00:56,27.46,8.969999999999999,6.8999999999999995,0.0,0.0,0.0,0.0
2019-06-15 12:00:56,36.46666666666667,8.73,6.895,0.0,0.0,0.0,0.0
2019-06-15 13:00:56,35.68,14.9,6.585,0.0,0.0,0.0,0.0
2019-06-15 14:00:56,28.25333333333333,11.385,6.385000000000001,0.0,0.0,0.0,0.0
2019-06-15 15:00:56,25.55666666666667,6.52,7.234999999999999,0.0,0.0,0.0,0.0
2019-06-15 16:00:56,21.566666666666663,1.905,7.425000000000001,0.0,0.0,0.0,0.0
2019-06-15 17:00:56,16.136666666666667,1.6049999999999998,7.199999999999999,0.0,0.0,0.0,0.0
2019-06-15 18:00:56,30.993333333333336,1.26,7.109999999999999,0.0,0.0,0.0,0.0
2019-06-15 19:00:56,24.93,1.655,6.965,0.0,0.0,0.0,0.0
2019-06-15 20:00:56,31.083333333333332,5.3500000000000005,6.395,0.0,0.0,0.0,0.0
2019-06-15 21:00:56,44.33,7.044999999999999,6.145,0.0,0.0,0.0,0.0
2019-06-15 22:00:56,45.70333333333333,15.195,5.919999999999999,0.0,0.0,0.0,0.0
2019-06-15 23:00:56,44.766666666666666,20.89,5.745,0.0,0.0,0.0,0.0
2019-06-16 00:00:56,38.18666666666667,18.805,5.6000000000000005,0.0,0.0,0.0,0.0
2019-06-16 01:00:56,39.086666666666666,16.245,5.574999999999999,0.0,0.0,0.0,0.0
2019-06-16 02:00:56,32.513333333333335,10.085,5.72,0.0,0.0,0.0,0.0
2019-06-16 03:00:56,28.646666666666665,10.405,5.535,0.0,0.0,0.0,0.0
2019-06-16 04:00:56,32.123333333333335,13.825000000000001,5.780000000000001,0.0,0.0,0.0,0.0
2019-06-16 05:00:56,44.913333333333334,16.78,6.375,0.0,0.0,0.0,0.0
2019-06-16 06:00:56,52.76,16.39,6.87,0.0,0.0,0.0,0.0
2019-06-16 07:00:56,55.656666666666666,21.26,6.795000000000001,0.0,0.0,0.0,0.0
2019-06-16 08:00:56,59.01333333333333,25.505,12.985,0.0,0.0,0.0,0.0
2019-06-16 09:00:56,59.7,25.570000000000004,16.27,0.0,0.0,0.0,0.0
2019-06-16 10:00:56,34.04333333333333,18.39,11.384999999999998,0.0,0.0,0.0,0.0
2019-06-16 11:00:56,28.613333333333333,14.575000000000001,9.39,0.0,0.0,0.0,0.0
2019-06-16 12:00:56,26.776666666666667,13.11,8.185,0.0,0.0,0.0,0.0
2019-06-16 13:00:56,32.71,13.36,8.51,0.0,0.0,0.0,0.0
2019-06-16 14:00:56,28.64333333333333,7.794999999999999,9.19,0.0,0.0,0.0,0.0
2019-06-16 15:00:56,26.183333333333334,5.335,10.25,0.0,0.0,0.0,0.0
2019-06-16 16:00:56,25.77,4.315,10.825000000000001,0.0,0.0,0.0,0.0
2019-06-16 17:00:56,32.086666666666666,4.605,10.445,0.0,0.0,0.0,0.0
2019-06-16 18:00:56,36.73666666666667,6.54,9.59,0.0,0.0,0.0,0.0
2019-06-16 19:00:56,48.486666666666665,10.1,8.91,0.0,0.0,0.0,0.0
2019-06-16 20:00:56,61.48,10.385,8.225,0.0,0.0,0.0,0.0
2019-06-16 21:00:56,79.11333333333333,13.42,7.3500000000000005,0.0,0.0,0.0,0.0
2019-06-16 22:00:56,81.87333333333333,16.37,7.1499999999999995,0.0,0.0,0.0,0.0
2019-06-16 23:00:56,57.70333333333333,11.815,7.3999999999999995,0.0,0.0,0.0,0.0
2019-06-17 00:00:56,40.156666666666666,9.97,7.370000000000001,0.0,0.0,0.0,0.0
2019-06-17 01:00:56,34.49666666666667,12.11,7.1000000000000005,0.0,0.0,0.0,0.0
2019-06-17 02:00:56,35.586666666666666,15.145000000000001,7.239999999999999,0.0,0.0,0.0,0.0
2019-06-17 03:00:56,37.016666666666666,17.525,7.239999999999999,0.0,0.0,0.0,0.0
2019-06-17 04:00:56,49.900000000000006,22.709999999999997,7.945,0.0,0.0,0.0,0.0
2019-06-17 05:00:56,68.16333333333334,26.165000000000003,8.8,0.0,0.0,0.0,0.0
2019-06-17 06:00:56,85.17333333333333,31.965000000000003,8.76,0.0,0.0,0.0,0.0
2019-06-17 07:00:56,79.49666666666667,35.305,9.315,0.0,0.0,0.0,0.0
2019-06-17 08:00:56,77.26333333333334,34.725,12.655000000000001,0.0,0.0,0.0,0.0
2019-06-17 09:00:56,62.46,26.875,12.325000000000001,0.0,0.0,0.0,0.0
2019-06-17 10:00:56,44.22333333333333,15.68,10.47,0.0,0.0,0.0,0.0
2019-06-17 11:00:56,37.96333333333333,13.660000000000002,9.435,0.0,0.0,0.0,0.0
2019-06-17 12:00:56,33.71333333333333,12.88,8.91,0.0,0.0,0.0,0.0
2019-06-17 13:00:56,33.56333333333333,10.450000000000001,9.229999999999999,0.0,0.0,0.0,0.0
2019-06-17 14:00:56,28.33,11.339999999999998,9.860000000000001,0.0,0.0,0.0,0.0
2019-06-17 15:00:56,29.10333333333333,7.84,9.94,0.0,0.0,0.0,0.0
2019-06-17 16:00:56,27.526666666666667,5.760000000000001,9.955,0.0,0.0,0.0,0.0
2019-06-17 17:00:56,29.96,4.815,9.36,0.0,0.0,0.0,0.0
2019-06-17 18:00:56,32.443333333333335,6.215,8.935,0.0,0.0,0.0,0.0
2019-06-17 19:00:56,38.35333333333333,9.12,8.36,0.0,0.0,0.0,0.0
2019-06-17 20:00:56,58.01333333333333,4.895,7.925,0.0,0.0,0.0,0.0
2019-06-17 21:00:56,63.02,7.375,7.609999999999999,0.0,0.0,0.0,0.0
2019-06-17 22:00:56,54.56,7.010000000000001,7.57,0.0,0.0,0.0,0.0
2019-06-17 23:00:56,51.24,9.27,7.505,0.0,0.0,0.0,0.0
2019-06-18 00:00:56,44.74333333333333,5.73,7.95,0.0,0.0,0.0,0.0
2019-06-18 01:00:56,42.96333333333333,6.0,7.949999999999999,0.0,0.0,0.0,0.0
2019-06-18 02:00:56,37.99333333333333,8.88,8.11,0.0,0.0,0.0,0.0
2019-06-18 03:00:56,39.54333333333334,7.56,8.73,0.0,0.0,0.0,0.0
2019-06-18 04:00:56,42.903333333333336,14.089999999999998,8.83,0.0,0.0,0.0,0.0
2019-06-18 05:00:56,50.23666666666667,14.975,8.34,0.0,0.0,0.0,0.0
2019-06-18 06:00:56,45.153333333333336,11.145000000000001,8.915000000000001,0.0,0.0,0.0,0.0
2019-06-18 07:00:56,58.053333333333335,13.189999999999998,10.435,0.0,0.0,0.0,0.0
2019-06-18 08:00:56,55.39333333333333,9.02,12.285000000000002,0.0,0.0,0.0,0.0
2019-06-18 09:00:56,36.553333333333335,4.76,14.0,0.0,0.0,0.0,0.0
2019-06-18 10:00:56,29.896666666666665,4.205,12.06,0.0,0.0,0.0,0.0
2019-06-18 11:00:56,42.67333333333334,8.385,11.575000000000001,0.0,0.0,0.0,0.0
2019-06-18 12:00:56,41.65,8.15,12.21,0.0,0.0,0.0,0.0
2019-06-18 13:00:56,43.59,5.974999999999999,11.979999999999999,0.0,0.0,0.0,0.0
2019-06-18 14:00:56,47.03666666666666,6.010000000000001,9.575,0.0,0.0,0.0,0.0
2019-06-18 15:00:56,52.406666666666666,8.685,8.795,0.0,0.0,0.0,0.0
2019-06-18 16:00:56,47.56,4.99,8.31,0.0,0.0,0.0,0.0
2019-06-18 17:00:56,49.8,5.859999999999999,8.48,0.0,0.0,0.0,0.0
2019-06-18 18:00:56,33.663333333333334,8.01,8.93,0.0,0.0,0.0,0.0
2019-06-18 19:00:56,28.846666666666664,5.325,8.485,0.0,0.0,0.0,0.0
2019-06-18 20:00:56,35.64,5.599999999999999,8.185,0.0,0.0,0.0,0.0
2019-06-18 21:00:56,57.18333333333334,9.1,8.209999999999999,0.0,0.0,0.0,0.0
2019-06-18 22:00:56,85.41333333333333,14.515,8.76,0.0,0.0,0.0,0.0
2019-06-18 23:00:56,94.24333333333334,16.845,8.5,0.0,0.0,0.0,0.0
2019-06-19 00:00:56,101.69,20.875,8.34,0.0,0.0,0.0,0.0
2019-06-19 01:00:56,105.94666666666666,24.25,9.68,0.0,0.0,0.0,0.0
2019-06-19 02:00:56,108.84666666666666,24.804999999999996,11.11,0.0,0.0,0.0,0.0
2019-06-19 03:00:56,73.88666666666666,21.205,12.335,0.0,0.0,0.0,0.0
2019-06-19 04:00:56,149.03666666666666,48.23499999999999,11.74,0.0,0.0,0.0,0.0
2019-06-19 05:00:56,156.06333333333333,52.055,9.875,0.0,0.0,0.0,0.0
2019-06-19 06:00:56,138.63666666666668,45.455000000000005,9.07,0.0,0.0,0.0,0.0
2019-06-19 07:00:56,123.61000000000001,34.695,8.945,0.0,0.0,0.0,0.0
2019-06-19 08:00:56,95.59,31.305000000000003,8.485,0.0,0.0,0.0,0.0
2019-06-19 09:00:56,76.65333333333334,26.38,9.925,0.0,0.0,0.0,0.0
2019-06-19 10:00:56,53.30666666666667,19.82,10.585,0.0,0.0,0.0,0.0
2019-06-19 11:00:56,43.13,15.584999999999999,9.465,0.0,0.0,0.0,0.0
2019-06-19 12:00:56,37.70666666666667,3.9849999999999994,8.69,0.0,0.0,0.0,0.0
2019-06-19 13:00:56,34.97,5.734999999999999,7.905,0.0,0.0,0.0,0.0
2019-06-19 14:00:56,29.07,8.005,7.55,0.0,0.0,0.0,0.0
2019-06-19 15:00:56,27.186666666666667,6.734999999999999,7.555,0.0,0.0,0.0,0.0
2019-06-19 16:00:56,33.73666666666667,8.85,7.135000000000001,0.0,0.0,0.0,0.0
2019-06-19 17:00:56,38.25666666666667,14.81,7.005,0.0,0.0,0.0,0.0
2019-06-19 18:00:56,43.75333333333333,11.265,6.495000000000001,0.0,0.0,0.0,0.0
2019-06-19 19:00:56,49.35333333333333,11.964999999999998,6.22,0.0,0.0,0.0,0.0
2019-06-19 20:00:56,50.13666666666666,13.19,5.900000000000001,0.0,0.0,0.0,0.0
2019-06-19 21:00:56,63.21666666666667,32.605,6.419999999999999,0.0,0.0,0.0,0.0
2019-06-19 22:00:56,60.95666666666667,34.155,6.52,0.0,0.0,0.0,0.0
2019-06-19 23:00:56,61.653333333333336,34.025,5.794999999999999,0.0,0.0,0.0,0.0
2019-06-20 00:00:56,69.65333333333334,37.985,5.815,0.0,0.0,0.0,0.0
2019-06-20 01:00:56,68.34333333333333,34.33,5.81,0.0,0.0,0.0,0.0
2019-06-20 02:00:56,77.83,39.12,5.66,0.0,0.0,0.0,0.0
2019-06-20 03:00:56,57.13666666666666,23.439999999999998,5.8500000000000005,0.0,0.0,0.0,0.0
2019-06-20 04:00:56,58.44,17.724999999999998,5.665,0.0,0.0,0.0,0.0
2019-06-20 05:00:56,80.52333333333333,23.465,6.88,0.0,0.0,0.0,0.0
2019-06-20 06:00:56,68.43,24.05,7.580000000000001,0.0,0.0,0.0,0.0
2019-06-20 07:00:56,72.83999999999999,19.26,7.47,0.0,0.0,0.0,0.0
2019-06-20 08:00:56,77.23333333333333,28.064999999999998,5.719999999999999,0.0,0.0,0.0,0.0
2019-06-20 09:00:56,75.80666666666667,27.625,6.204999999999999,0.0,0.0,0.0,0.0
2019-06-20 10:00:56,61.3,20.974999999999998,7.335000000000001,0.0,0.0,0.0,0.0
2019-06-20 11:00:56,39.846666666666664,19.93,7.05,0.0,0.0,0.0,0.0
2019-06-20 12:00:56,25.903333333333332,12.020000000000001,1.87,0.0,0.0,0.0,0.0
2019-06-20 13:00:56,19.966666666666665,8.92,7.055,0.0,0.0,0.0,0.0
2019-06-20 14:00:56,21.21,12.725000000000001,6.925,0.0,0.0,0.0,0.0
2019-06-20 15:00:56,23.17,9.685,6.875,0.0,0.0,0.0,0.0
2019-06-20 16:00:56,17.903333333333332,7.73,6.685,0.0,0.0,0.0,0.0
2019-06-20 17:00:56,16.15,5.175,6.425,0.0,0.0,0.0,0.0
2019-06-20 18:00:56,14.333333333333334,5.085,5.98,0.0,0.0,0.0,0.0
2019-06-20 19:00:56,16.87666666666667,3.7550000000000003,6.329999999999999,0.0,0.0,0.0,0.0
2019-06-20 20:00:56,25.26,4.94,6.140000000000001,0.0,0.0,0.0,0.0
2019-06-20 21:00:56,38.6,15.14,6.05,0.0,0.0,0.0,0.0
2019-06-20 22:00:56,42.196666666666665,21.415000000000003,6.114999999999999,0.0,0.0,0.0,0.0
2019-06-20 23:00:56,39.99666666666667,16.54,5.41,0.0,0.0,0.0,0.0
2019-06-21 00:00:56,46.25,13.15,5.0,0.0,0.0,0.0,0.0
2019-06-21 01:00:56,40.27,9.9,5.6499999999999995,0.0,0.0,0.0,0.0
2019-06-21 02:00:56,43.89,12.795000000000002,5.585000000000001,0.0,0.0,0.0,0.0
2019-06-21 03:00:56,49.59,19.03,5.345,0.0,0.0,0.0,0.0
2019-06-21 04:00:56,59.68,22.545,5.535,0.0,0.0,0.0,0.0
2019-06-21 05:00:56,73.53,21.945000000000004,6.670000000000001,0.0,0.0,0.0,0.0
2019-06-21 06:00:56,65.96666666666667,25.715000000000003,8.01,0.0,0.0,0.0,0.0
2019-06-21 07:00:56,66.87,28.165000000000003,7.865000000000001,0.0,0.0,0.0,0.0
2019-06-21 08:00:56,71.52666666666666,27.069999999999997,7.91,0.0,0.0,0.0,0.0
2019-06-21 09:00:56,67.97,25.985,8.299999999999999,0.0,0.0,0.0,0.0
2019-06-21 10:00:56,21.32,14.5,0.9899999999999999,0.0,0.0,0.0,0.0
2019-06-21 11:00:56,17.506666666666668,10.695,0.915,0.0,0.0,0.0,0.0
2019-06-21 12:00:56,7.333333333333333,0.0,1.125,0.0,0.0,0.0,0.0
2019-06-21 13:00:56,22.46333333333333,5.75,7.73,0.0,0.0,0.0,0.0
2019-06-21 14:00:56,0.0,0.0,0.0,0.0,0.0,0.0,0.0
2019-06-21 15:00:56,17.456666666666663,7.445,4.35,0.0,0.0,0.0,0.0
2019-06-21 16:00:56,26.66,0.0,3.865,0.0,0.0,0.0,0.0
2019-06-21 17:00:56,17.516666666666666,20.61,2.6749999999999994,0.0,0.0,0.0,0.0
2019-06-21 18:00:56,21.983333333333334,12.58,2.025,0.0,0.0,0.0,0.0
2019-06-21 19:00:56,29.93,19.005,4.425000000000001,0.0,0.0,0.0,0.0
2019-06-21 20:00:56,28.96333333333333,11.64,3.91,0.0,0.0,0.0,0.0
2019-06-21 21:00:56,34.0,12.659999999999998,3.33,0.0,0.0,0.0,0.0
2019-06-21 22:00:56,47.76333333333333,15.695,2.195,0.0,0.0,0.0,0.0
2019-06-21 23:00:56,38.06666666666667,15.025,3.33,0.0,0.0,0.0,0.0
2019-06-22 00:00:56,32.61666666666667,16.43,3.9899999999999998,0.0,0.0,0.0,0.0
2019-06-22 01:00:56,51.263333333333335,29.054999999999996,7.38,0.0,0.0,0.0,0.0
2019-06-22 02:00:56,47.45,29.560000000000002,6.719999999999999,0.0,0.0,0.0,0.0
2019-06-22 03:00:56,44.156666666666666,18.7,5.755,0.0,0.0,0.0,0.0
2019-06-22 04:00:56,58.49333333333334,25.395,6.755,0.0,0.0,0.0,0.0
2019-06-22 05:00:56,72.98666666666666,44.505,8.39,0.0,0.0,0.0,0.0
2019-06-22 06:00:56,61.22333333333333,33.16,7.28,0.0,0.0,0.0,0.0
2019-06-22 07:00:56,68.99666666666667,42.165,9.865,0.0,0.0,0.0,0.0
2019-06-22 08:00:56,80.25333333333333,46.99,16.405,0.0,0.0,0.0,0.0
2019-06-22 09:00:56,51.96666666666666,31.47,8.835,0.0,0.0,0.0,0.0
2019-06-22 10:00:56,27.060000000000002,23.75,6.830000000000001,0.0,0.0,0.0,0.0
2019-06-22 11:00:56,14.456666666666665,13.009999999999998,5.489999999999999,0.0,0.0,0.0,0.0
2019-06-22 12:00:56,11.003333333333332,8.5,5.13,0.0,0.0,0.0,0.0
2019-06-22 13:00:56,13.339999999999998,2.185,5.425,0.0,0.0,0.0,0.0
2019-06-22 14:00:56,14.786666666666667,2.17,5.655,0.0,0.0,0.0,0.0
2019-06-22 15:00:56,15.3,4.01,5.54,0.0,0.0,0.0,0.0
2019-06-22 16:00:56,13.780000000000001,7.045000000000001,4.745,0.0,0.0,0.0,0.0
2019-06-22 17:00:56,19.703333333333333,10.04,4.1450000000000005,0.0,0.0,0.0,0.0
2019-06-22 18:00:56,17.573333333333334,10.52,4.140000000000001,0.0,0.0,0.0,0.0
2019-06-22 19:00:56,34.403333333333336,13.96,3.965,0.0,0.0,0.0,0.0
2019-06-22 20:00:56,39.76,16.915,3.965,0.0,0.0,0.0,0.0
2019-06-22 21:00:56,38.913333333333334,9.99,3.4250000000000003,0.0,0.0,0.0,0.0
2019-06-22 22:00:56,47.58,7.07,3.5849999999999995,0.0,0.0,0.0,0.0
2019-06-22 23:00:56,41.91,12.335,3.6449999999999996,0.0,0.0,0.0,0.0
2019-06-23 00:00:56,38.166666666666664,13.214999999999998,3.5549999999999997,0.0,0.0,0.0,0.0
2019-06-23 01:00:56,41.513333333333335,18.51,3.69,0.0,0.0,0.0,0.0
2019-06-23 02:00:56,50.93333333333334,14.564999999999998,4.05,0.0,0.0,0.0,0.0
2019-06-23 03:00:56,64.12333333333333,26.165000000000003,5.185,0.0,0.0,0.0,0.0
2019-06-23 04:00:56,60.14333333333334,29.895,5.640000000000001,0.0,0.0,0.0,0.0
2019-06-23 05:00:56,67.36333333333333,22.05,8.05,0.0,0.0,0.0,0.0
2019-06-23 06:00:56,86.91,31.765,7.535,0.0,0.0,0.0,0.0
2019-06-23 07:00:56,97.24,44.18,9.715,0.0,0.0,0.0,0.0
2019-06-23 08:00:56,106.37,51.135,15.635,0.0,0.0,0.0,0.0
2019-06-23 09:00:56,88.59333333333333,38.03,10.67,0.0,0.0,0.0,0.0
2019-06-23 10:00:56,50.553333333333335,21.17,6.75,0.0,0.0,0.0,0.0
2019-06-23 11:00:56,29.013333333333332,11.87,5.995000000000001,0.0,0.0,0.0,0.0
2019-06-23 12:00:56,23.77,7.66,4.835,0.0,0.0,0.0,0.0
2019-06-23 13:00:56,23.566666666666663,2.055,4.81,0.0,0.0,0.0,0.0
2019-06-23 14:00:56,21.833333333333332,1.6000000000000003,5.1000000000000005,0.0,0.0,0.0,0.0
2019-06-23 15:00:56,24.886666666666667,4.955,4.655,0.0,0.0,0.0,0.0
2019-06-23 16:00:56,31.396666666666665,6.544999999999999,5.635000000000001,0.0,0.0,0.0,0.0
2019-06-23 17:00:56,23.41,9.52,5.3999999999999995,0.0,0.0,0.0,0.0
2019-06-23 18:00:56,28.73,5.6000000000000005,5.510000000000001,0.0,0.0,0.0,0.0
2019-06-23 19:00:56,28.05333333333333,10.785000000000002,5.1000000000000005,0.0,0.0,0.0,0.0
2019-06-23 20:00:56,31.793333333333333,11.79,4.6499999999999995,0.0,0.0,0.0,0.0
2019-06-23 21:00:56,43.33,10.89,3.91,0.0,0.0,0.0,0.0
2019-06-23 22:00:56,52.736666666666665,19.675,3.76,0.0,0.0,0.0,0.0
2019-06-23 23:00:56,58.343333333333334,25.995,3.56,0.0,0.0,0.0,0.0
2019-06-24 00:00:56,56.56999999999999,18.095,3.52,0.0,0.0,0.0,0.0
2019-06-24 01:00:56,50.093333333333334,18.974999999999998,3.4299999999999997,0.0,0.0,0.0,0.0
2019-06-24 02:00:56,42.483333333333334,18.18,3.465,0.0,0.0,0.0,0.0
2019-06-24 03:00:56,30.983333333333334,11.565,3.435,0.0,0.0,0.0,0.0
2019-06-24 04:00:56,41.096666666666664,16.04,4.17,0.0,0.0,0.0,0.0
2019-06-24 05:00:56,60.68,25.51,5.5,0.0,0.0,0.0,0.0
2019-06-24 06:00:56,58.82333333333333,29.615,5.565,0.0,0.0,0.0,0.0
2019-06-24 07:00:56,77.03333333333333,36.575,11.815,0.0,0.0,0.0,0.0
2019-06-24 08:00:56,81.83999999999999,44.095,22.849999999999998,0.0,0.0,0.0,0.0
2019-06-24 09:00:56,66.75,39.050000000000004,12.329999999999998,0.0,0.0,0.0,0.0
2019-06-24 10:00:56,50.52333333333333,26.310000000000002,8.385,0.0,0.0,0.0,0.0
2019-06-24 11:00:56,34.586666666666666,13.97,5.905,0.0,0.0,0.0,0.0
2019-06-24 12:00:56,34.153333333333336,13.665,6.345,0.0,0.0,0.0,0.0
2019-06-24 13:00:56,29.826666666666668,2.52,6.385000000000001,0.0,0.0,0.0,0.0
2019-06-24 14:00:56,24.436666666666667,7.165,6.055,0.0,0.0,0.0,0.0
2019-06-24 15:00:56,20.46,3.98,5.864999999999999,0.0,0.0,0.0,0.0
2019-06-24 16:00:56,28.19,3.1500000000000004,5.715,0.0,0.0,0.0,0.0
2019-06-24 17:00:56,21.426666666666666,3.2999999999999994,5.585,0.0,0.0,0.0,0.0
2019-06-24 18:00:56,28.09,6.275000000000001,5.385000000000001,0.0,0.0,0.0,0.0
2019-06-24 19:00:56,30.26,10.02,5.625,0.0,0.0,0.0,0.0
2019-06-24 20:00:56,33.013333333333335,16.075,5.19,0.0,0.0,0.0,0.0
2019-06-24 21:00:56,66.16,14.725,5.04,0.0,0.0,0.0,0.0
2019-06-24 22:00:56,64.89666666666666,20.87,4.765,0.0,0.0,0.0,0.0
2019-06-24 23:00:56,51.00666666666666,13.515,4.675,0.0,0.0,0.0,0.0
2019-06-25 00:00:56,47.31333333333333,18.885,4.99,0.0,0.0,0.0,0.0
2019-06-25 01:00:56,45.84,19.959999999999997,5.239999999999999,0.0,0.0,0.0,0.0
2019-06-25 02:00:56,44.56666666666666,17.525000000000002,5.734999999999999,0.0,0.0,0.0,0.0
2019-06-25 03:00:56,46.656666666666666,23.445000000000004,11.365,0.0,0.0,0.0,0.0
2019-06-25 04:00:56,58.17666666666667,31.485,15.545000000000002,0.0,0.0,0.0,0.0
2019-06-25 05:00:56,58.24666666666667,28.819999999999997,10.2,0.0,0.0,0.0,0.0
2019-06-25 06:00:56,52.73,24.275000000000002,13.825000000000001,0.0,0.0,0.0,0.0
2019-06-25 07:00:56,76.93,29.629999999999995,15.584999999999999,0.0,0.0,0.0,0.0
2019-06-25 08:00:56,98.33666666666667,38.61,26.575000000000003,0.0,0.0,0.0,0.0
2019-06-25 09:00:56,73.92666666666666,24.17,15.365,0.0,0.0,0.0,0.0
2019-06-25 10:00:56,56.89666666666667,19.63,9.290000000000001,0.0,0.0,0.0,0.0
2019-06-25 11:00:56,43.18333333333334,14.495,7.449999999999999,0.0,0.0,0.0,0.0
2019-06-25 12:00:56,30.653333333333336,9.22,5.305,0.0,0.0,0.0,0.0
2019-06-25 13:00:56,23.506666666666668,6.91,2.85,0.0,0.0,0.0,0.0
2019-06-25 14:00:56,15.616666666666667,5.245,5.005,0.0,0.0,0.0,0.0
2019-06-25 15:00:56,18.689999999999998,8.25,4.93,0.0,0.0,0.0,0.0
2019-06-25 16:00:56,24.07333333333333,5.669999999999999,5.0249999999999995,0.0,0.0,0.0,0.0
2019-06-25 17:00:56,32.20333333333333,8.855,4.915,0.0,0.0,0.0,0.0
2019-06-25 18:00:56,31.416666666666668,12.515,4.865,0.0,0.0,0.0,0.0
2019-06-25 19:00:56,42.89,15.839999999999998,4.46,0.0,0.0,0.0,0.0
2019-06-25 20:00:56,56.14666666666667,6.544999999999999,4.415,0.0,0.0,0.0,0.0
2019-06-25 21:00:56,53.23666666666667,6.830000000000001,4.035,0.0,0.0,0.0,0.0
2019-06-25 22:00:56,55.776666666666664,4.64,3.59,0.0,0.0,0.0,0.0
2019-06-25 23:00:56,43.38666666666667,6.505,3.435,0.0,0.0,0.0,0.0
2019-06-26 00:00:56,34.769999999999996,8.145,3.01,0.0,0.0,0.0,0.0
2019-06-26 01:00:56,31.426666666666666,5.435,2.97,0.0,0.0,0.0,0.0
2019-06-26 02:00:56,31.623333333333335,6.325,3.17,0.0,0.0,0.0,0.0
2019-06-26 03:00:56,21.513333333333332,3.525,2.955,0.0,0.0,0.0,0.0
2019-06-26 04:00:56,24.38333333333333,2.385,3.0199999999999996,0.0,0.0,0.0,0.0
2019-06-26 05:00:56,23.39,4.36,4.545,0.0,0.0,0.0,0.0
2019-06-26 06:00:56,37.47666666666667,11.475,13.605000000000002,0.0,0.0,0.0,0.0
2019-06-26 07:00:56,54.73333333333333,22.040000000000003,19.59,0.0,0.0,0.0,0.0
2019-06-26 08:00:56,43.58666666666667,16.675,30.090000000000003,0.0,0.0,0.0,0.0
2019-06-26 09:00:56,42.53666666666666,13.435000000000002,7.495000000000001,0.0,0.0,0.0,0.0
2019-06-26 10:00:56,40.16,9.63,4.215,0.0,0.0,0.0,0.0
2019-06-26 11:00:56,30.52,11.04,3.51,0.0,0.0,0.0,0.0
2019-06-26 12:00:56,24.25,16.545,4.11,0.0,0.0,0.0,0.0
2019-06-26 13:00:56,23.706666666666663,3.595,3.885,0.0,0.0,0.0,0.0
2019-06-26 14:00:56,23.416666666666668,6.53,3.8550000000000004,0.0,0.0,0.0,0.0
2019-06-26 15:00:56,22.083333333333332,4.18,3.74,0.0,0.0,0.0,0.0
2019-06-26 16:00:56,24.71666666666667,2.765,3.785,0.0,0.0,0.0,0.0
2019-06-26 17:00:56,23.62,2.38,3.855,0.0,0.0,0.0,0.0
2019-06-26 18:00:56,32.593333333333334,6.63,3.7900000000000005,0.0,0.0,0.0,0.0
2019-06-26 19:00:56,38.10333333333333,13.674999999999999,3.8550000000000004,0.0,0.0,0.0,0.0
2019-06-26 20:00:56,50.72,17.11,3.7900000000000005,0.0,0.0,0.0,0.0
2019-06-26 21:00:56,45.166666666666664,15.49,3.53,0.0,0.0,0.0,0.0
2019-06-26 22:00:56,47.67666666666667,8.475,3.565,0.0,0.0,0.0,0.0
2019-06-26 23:00:56,37.85333333333333,5.345,3.535,0.0,0.0,0.0,0.0
2019-06-27 00:00:56,35.54333333333333,14.0,3.5,0.0,0.0,0.0,0.0
2019-06-27 01:00:56,34.79333333333334,13.780000000000001,3.61,0.0,0.0,0.0,0.0
2019-06-27 02:00:56,38.21,15.670000000000002,3.8100000000000005,0.0,0.0,0.0,0.0
2019-06-27 03:00:56,40.84,9.549999999999999,5.695,0.0,0.0,0.0,0.0
2019-06-27 04:00:56,63.623333333333335,19.49,25.459999999999997,0.0,0.0,0.0,0.0
2019-06-27 05:00:56,102.13333333333333,54.044999999999995,16.435,0.0,0.0,0.0,0.0
2019-06-27 06:00:56,119.43333333333334,60.49000000000001,15.719999999999999,0.0,0.0,0.0,0.0
2019-06-27 07:00:56,112.17666666666666,51.169999999999995,9.51,0.0,0.0,0.0,0.0
2019-06-27 08:00:56,115.27333333333334,44.805,13.049999999999999,0.0,0.0,0.0,0.0
2019-06-27 09:00:56,92.54,38.7,7.62,0.0,0.0,0.0,0.0
2019-06-27 10:00:56,61.86333333333334,25.89,7.6049999999999995,0.0,0.0,0.0,0.0
2019-06-27 11:00:56,54.13666666666666,20.355,6.759999999999999,0.0,0.0,0.0,0.0
2019-06-27 12:00:56,42.093333333333334,13.604999999999999,5.8500000000000005,0.0,0.0,0.0,0.0
2019-06-27 13:00:56,35.63666666666667,15.805,5.085,0.0,0.0,0.0,0.0
2019-06-27 14:00:56,30.073333333333334,8.915,5.6000000000000005,0.0,0.0,0.0,0.0
2019-06-27 15:00:56,39.943333333333335,7.469999999999999,5.045,0.0,0.0,0.0,0.0
2019-06-27 16:00:56,47.05,4.095,4.805,0.0,0.0,0.0,0.0
2019-06-27 17:00:56,40.696666666666665,3.4849999999999994,4.63,0.0,0.0,0.0,0.0
2019-06-27 18:00:56,50.46333333333334,5.575,4.46,0.0,0.0,0.0,0.0
2019-06-27 19:00:56,48.593333333333334,14.865,4.42,0.0,0.0,0.0,0.0
2019-06-27 20:00:56,32.83,4.245,0.785,0.0,0.0,0.0,0.0
2019-06-27 21:00:56,24.05666666666667,2.18,0.605,0.0,0.0,0.0,0.0
2019-06-27 22:00:56,31.653333333333336,8.59,0.455,0.0,0.0,0.0,0.0
2019-06-27 23:00:56,39.57333333333334,5.57,1.555,0.0,0.0,0.0,0.0
2019-06-28 00:00:56,26.82333333333333,3.92,2.17,0.0,0.0,0.0,0.0
2019-06-28 01:00:56,17.509999999999998,1.995,2.16,0.0,0.0,0.0,0.0
2019-06-28 02:00:56,14.073333333333332,1.02,2.215,0.0,0.0,0.0,0.0
2019-06-28 03:00:56,29.546666666666667,5.575,2.21,0.0,0.0,0.0,0.0
2019-06-28 04:00:56,26.546666666666667,10.625,2.27,0.0,0.0,0.0,0.0
2019-06-28 05:00:56,27.883333333333333,11.104999999999999,2.37,0.0,0.0,0.0,0.0
2019-06-28 06:00:56,27.073333333333334,12.31,2.25,0.0,0.0,0.0,0.0
2019-06-28 07:00:56,77.22666666666667,40.33,26.929999999999996,0.0,0.0,0.0,0.0
2019-06-28 08:00:56,80.66333333333334,34.89,19.849999999999998,0.0,0.0,0.0,0.0
2019-06-28 09:00:56,83.77333333333334,27.545,11.305,0.0,0.0,0.0,0.0
2019-06-28 10:00:56,70.64333333333333,19.87,8.45,0.0,0.0,0.0,0.0
2019-06-28 11:00:56,56.99333333333333,19.150000000000002,6.815,0.0,0.0,0.0,0.0
2019-06-28 12:00:56,46.35666666666666,7.330000000000001,6.575,0.0,0.0,0.0,0.0
2019-06-28 13:00:56,52.91,6.395,8.25,0.0,0.0,0.0,0.0
2019-06-28 14:00:56,43.413333333333334,9.925,8.32,0.0,0.0,0.0,0.0
2019-06-28 15:00:56,34.24666666666667,10.35,7.31,0.0,0.0,0.0,0.0
2019-06-28 16:00:56,36.086666666666666,5.675,6.54,0.0,0.0,0.0,0.0
2019-06-28 17:00:56,41.11666666666667,3.24,6.38,0.0,0.0,0.0,0.0
2019-06-28 18:00:56,38.47,16.895,5.885000000000001,0.0,0.0,0.0,0.0
2019-06-28 19:00:56,44.903333333333336,11.255,5.614999999999999,0.0,0.0,0.0,0.0
2019-06-28 20:00:56,51.43000000000001,7.445,5.745,0.0,0.0,0.0,0.0
2019-06-28 21:00:56,61.53333333333333,13.245,5.599999999999999,0.0,0.0,0.0,0.0
2019-06-28 22:00:56,65.16666666666666,20.87,5.13,0.0,0.0,0.0,0.0
2019-06-28 23:00:56,64.68333333333334,19.724999999999998,4.845,0.0,0.0,0.0,0.0
2019-06-29 00:00:56,54.25666666666667,20.94,4.8,0.0,0.0,0.0,0.0
2019-06-29 01:00:56,50.763333333333335,15.68,4.71,0.0,0.0,0.0,0.0
2019-06-29 02:00:56,47.54333333333334,10.315,6.905,0.0,0.0,0.0,0.0
2019-06-29 03:00:56,48.51,11.995,12.490000000000002,0.0,0.0,0.0,0.0
2019-06-29 04:00:56,57.69666666666666,20.669999999999998,16.825,0.0,0.0,0.0,0.0
2019-06-29 05:00:56,55.00333333333333,25.91,17.045,0.0,0.0,0.0,0.0
2019-06-29 06:00:56,60.42333333333334,37.845,15.445,0.0,0.0,0.0,0.0
2019-06-29 07:00:56,65.51,28.92,17.625,0.0,0.0,0.0,0.0
2019-06-29 08:00:56,62.163333333333334,23.674999999999997,20.895,0.0,0.0,0.0,0.0
2019-06-29 09:00:56,55.416666666666664,19.115,6.87,0.0,0.0,0.0,0.0
2019-06-29 10:00:56,31.763333333333332,11.495,4.575,0.0,0.0,0.0,0.0
2019-06-29 11:00:56,21.893333333333334,3.8250000000000006,3.9599999999999995,0.0,0.0,0.0,0.0
2019-06-29 12:00:56,23.72,7.005,3.7550000000000003,0.0,0.0,0.0,0.0
2019-06-29 13:00:56,25.17,9.005,3.545,0.0,0.0,0.0,0.0
2019-06-29 14:00:56,21.29,5.04,3.9299999999999997,0.0,0.0,0.0,0.0
2019-06-29 15:00:56,18.316666666666666,3.86,3.795,0.0,0.0,0.0,0.0
2019-06-29 16:00:56,24.203333333333333,6.955000000000001,3.975,0.0,0.0,0.0,0.0
2019-06-29 17:00:56,27.883333333333333,4.75,3.76,0.0,0.0,0.0,0.0
2019-06-29 18:00:56,28.58666666666667,3.31,4.24,0.0,0.0,0.0,0.0
2019-06-29 19:00:56,48.52333333333333,15.560000000000002,4.235,0.0,0.0,0.0,0.0
2019-06-29 20:00:56,43.553333333333335,9.405,3.9800000000000004,0.0,0.0,0.0,0.0
2019-06-29 21:00:56,42.42666666666667,14.280000000000001,4.615,0.0,0.0,0.0,0.0
2019-06-29 22:00:56,28.686666666666667,10.96,4.31,0.0,0.0,0.0,0.0
2019-06-29 23:00:56,25.44666666666667,7.5,4.015,0.0,0.0,0.0,0.0
2019-06-30 00:00:56,24.083333333333332,18.34,4.06,0.0,0.0,0.0,0.0
2019-06-30 01:00:56,24.9,12.695,4.3,0.0,0.0,0.0,0.0
2019-06-30 02:00:56,30.61,9.81,4.03,0.0,0.0,0.0,0.0
2019-06-30 03:00:56,51.74333333333333,19.81,7.215,0.0,0.0,0.0,0.0
2019-06-30 04:00:56,62.68666666666667,23.19,7.43,0.0,0.0,0.0,0.0
2019-06-30 05:00:56,60.88999999999999,26.870000000000005,11.585,0.0,0.0,0.0,0.0
2019-06-30 06:00:56,86.31,31.534999999999997,10.979999999999999,0.0,0.0,0.0,0.0
2019-06-30 07:00:56,77.18333333333334,30.679999999999996,14.5,0.0,0.0,0.0,0.0
2019-06-30 08:00:56,65.81333333333333,22.105,11.56,0.0,0.0,0.0,0.0
2019-06-30 09:00:56,38.190000000000005,18.07,8.785,0.0,0.0,0.0,0.0
2019-06-30 10:00:56,23.106666666666666,10.83,8.335,0.0,0.0,0.0,0.0
2019-06-30 11:00:56,18.26,7.175000000000001,6.335,0.0,0.0,0.0,0.0
2019-06-30 12:00:56,14.883333333333333,2.8900000000000006,3.9450000000000003,0.0,0.0,0.0,0.0
2019-06-30 13:00:56,11.673333333333334,1.8950000000000002,3.385,0.0,0.0,0.0,0.0
2019-06-30 14:00:56,11.843333333333334,1.04,3.74,0.0,0.0,0.0,0.0
2019-06-30 15:00:56,20.22,2.1950000000000003,3.5050000000000003,0.0,0.0,0.0,0.0
2019-06-30 16:00:56,13.5,2.92,3.75,0.0,0.0,0.0,0.0
2019-06-30 17:00:56,11.22,2.5,3.8200000000000003,0.0,0.0,0.0,0.0
2019-06-30 18:00:56,13.453333333333333,2.705,3.44,0.0,0.0,0.0,0.0
2019-06-30 19:00:56,15.46,4.695,3.205,0.0,0.0,0.0,0.0
2019-06-30 20:00:56,26.39,10.875,3.0749999999999997,0.0,0.0,0.0,0.0
2019-06-30 21:00:56,17.816666666666666,6.859999999999999,3.2449999999999997,0.0,0.0,0.0,0.0
2019-06-30 22:00:56,21.19,4.045,3.49,0.0,0.0,0.0,0.0
2019-06-30 23:00:56,27.5,6.875,4.015,0.0,0.0,0.0,0.0
2019-07-01 00:00:56,23.343333333333334,10.445,4.275,0.0,0.0,0.0,0.0
2019-07-01 01:00:56,19.796666666666667,9.405,4.06,0.0,0.0,0.0,0.0
2019-07-01 02:00:56,15.52,6.260000000000001,5.665,0.0,0.0,0.0,0.0
2019-07-01 03:00:56,27.78,8.265,10.245,0.0,0.0,0.0,0.0
2019-07-01 04:00:56,35.10333333333333,7.7,12.38,0.0,0.0,0.0,0.0
2019-07-01 05:00:56,50.86,22.540000000000003,16.13,0.0,0.0,0.0,0.0
2019-07-01 06:00:56,52.2,33.395,14.530000000000001,0.0,0.0,0.0,0.0
2019-07-01 07:00:56,59.96666666666667,37.419999999999995,45.98500000000001,0.0,0.0,0.0,0.0
2019-07-01 08:00:56,72.58,42.505,20.54,0.0,0.0,0.0,0.0
2019-07-01 09:00:56,57.73666666666667,28.185000000000002,7.905,0.0,0.0,0.0,0.0
2019-07-01 10:00:56,38.82666666666667,16.505,6.905000000000001,0.0,0.0,0.0,0.0
2019-07-01 11:00:56,26.263333333333332,10.37,5.595,0.0,0.0,0.0,0.0
2019-07-01 12:00:56,21.286666666666665,12.055,4.94,0.0,0.0,0.0,0.0
2019-07-01 13:00:56,17.483333333333334,8.96,4.94,0.0,0.0,0.0,0.0
2019-07-01 14:00:56,15.456666666666665,6.815,4.955,0.0,0.0,0.0,0.0
2019-07-01 15:00:56,25.67,5.595,4.93,0.0,0.0,0.0,0.0
2019-07-01 16:00:56,23.456666666666667,3.565,4.739999999999999,0.0,0.0,0.0,0.0
2019-07-01 17:00:56,21.156666666666666,2.31,4.755,0.0,0.0,0.0,0.0
2019-07-01 18:00:56,26.083333333333332,3.22,4.805,0.0,0.0,0.0,0.0
2019-07-01 19:00:56,32.74666666666667,7.075,4.555,0.0,0.0,0.0,0.0
2019-07-01 20:00:56,28.886666666666667,7.68,4.65,0.0,0.0,0.0,0.0
2019-07-01 21:00:56,30.846666666666664,6.995,4.63,0.0,0.0,0.0,0.0
2019-07-01 22:00:56,25.516666666666666,9.08,4.800000000000001,0.0,0.0,0.0,0.0
2019-07-01 23:00:56,24.2,8.495,4.640000000000001,0.0,0.0,0.0,0.0
2019-07-02 00:00:56,27.37,9.605,4.51,0.0,0.0,0.0,0.0
2019-07-02 01:00:56,24.21,7.82,4.215,0.0,0.0,0.0,0.0
2019-07-02 02:00:56,18.156666666666666,5.06,4.135,0.0,0.0,0.0,0.0
2019-07-02 03:00:56,20.63,3.6950000000000003,3.75,0.0,0.0,0.0,0.0
2019-07-02 04:00:56,20.24,2.955,7.345,0.0,0.0,0.0,0.0
2019-07-02 05:00:56,22.05,4.81,8.365,0.0,0.0,0.0,0.0
2019-07-02 06:00:56,19.046666666666667,4.61,4.29,0.0,0.0,0.0,0.0
2019-07-02 07:00:56,17.896666666666665,3.3250000000000006,3.6300000000000003,0.0,0.0,0.0,0.0
2019-07-02 08:00:56,22.69,8.145,3.735,0.0,0.0,0.0,0.0
2019-07-02 09:00:56,18.490000000000002,9.35,3.5700000000000003,0.0,0.0,0.0,0.0
2019-07-02 10:00:56,20.78333333333333,7.395,3.4800000000000004,0.0,0.0,0.0,0.0
2019-07-02 11:00:56,21.246666666666666,6.68,3.5400000000000005,0.0,0.0,0.0,0.0
2019-07-02 12:00:56,17.313333333333333,4.93,3.5500000000000003,0.0,0.0,0.0,0.0
2019-07-02 13:00:56,18.773333333333333,3.74,3.78,0.0,0.0,0.0,0.0
2019-07-02 14:00:56,25.483333333333334,4.515000000000001,3.795,0.0,0.0,0.0,0.0
2019-07-02 15:00:56,23.82,3.39,4.035,0.0,0.0,0.0,0.0
2019-07-02 16:00:56,27.88,3.0549999999999997,4.245,0.0,0.0,0.0,0.0
2019-07-02 17:00:56,25.936666666666667,2.85,4.05,0.0,0.0,0.0,0.0
2019-07-02 18:00:56,28.27333333333333,7.265000000000001,3.965,0.0,0.0,0.0,0.0
2019-07-02 19:00:56,33.236666666666665,7.945,4.14,0.0,0.0,0.0,0.0
2019-07-02 20:00:56,36.39,5.794999999999999,4.045,0.0,0.0,0.0,0.0
2019-07-02 21:00:56,36.70666666666666,6.535,3.9950000000000006,0.0,0.0,0.0,0.0
2019-07-02 22:00:56,33.51,10.89,3.815,0.0,0.0,0.0,0.0
2019-07-02 23:00:56,34.87,12.345,3.7099999999999995,0.0,0.0,0.0,0.0
2019-07-03 00:00:56,33.49,7.905,3.92,0.0,0.0,0.0,0.0
2019-07-03 01:00:56,24.09,7.47,10.084999999999999,0.0,0.0,0.0,0.0
2019-07-03 02:00:56,40.656666666666666,14.975000000000001,13.384999999999998,0.0,0.0,0.0,0.0
2019-07-03 03:00:56,23.88,7.69,0.895,0.0,0.0,0.0,0.0
2019-07-03 04:00:56,49.47666666666667,15.525,2.1,0.0,0.0,0.0,0.0
2019-07-03 05:00:56,51.81333333333333,17.89,21.245,0.0,0.0,0.0,0.0
2019-07-03 06:00:56,82.19,34.07,48.355,0.0,0.0,0.0,0.0
2019-07-03 07:00:56,114.98,58.004999999999995,31.045,0.0,0.0,0.0,0.0
2019-07-03 08:00:56,111.93333333333332,55.135,56.88,0.0,0.0,0.0,0.0
2019-07-03 09:00:56,87.47,42.949999999999996,34.35,0.0,0.0,0.0,0.0
2019-07-03 10:00:56,93.38,29.735,12.49,0.0,0.0,0.0,0.0
2019-07-03 11:00:56,72.20666666666666,20.735,8.12,0.0,0.0,0.0,0.0
2019-07-03 12:00:56,52.25,14.205,5.609999999999999,0.0,0.0,0.0,0.0
2019-07-03 13:00:56,36.88333333333333,12.51,5.449999999999999,0.0,0.0,0.0,0.0
2019-07-03 14:00:56,29.313333333333333,10.555,5.0,0.0,0.0,0.0,0.0
2019-07-03 15:00:56,11.81,0.0,1.515,0.0,0.0,0.0,0.0
2019-07-03 16:00:56,30.52333333333333,11.115,1.295,0.0,0.0,0.0,0.0
2019-07-03 17:00:56,26.266666666666666,3.2349999999999994,1.03,0.0,0.0,0.0,0.0
2019-07-03 18:00:56,26.476666666666667,1.655,1.1,0.0,0.0,0.0,0.0
2019-07-03 19:00:56,35.33,0.8300000000000001,1.075,0.0,0.0,0.0,0.0
2019-07-03 20:00:56,41.81333333333333,0.94,1.035,0.0,0.0,0.0,0.0
2019-07-03 21:00:56,39.75333333333333,1.015,0.9,0.0,0.0,0.0,0.0
2019-07-03 22:00:56,35.83,2.965,1.0,0.0,0.0,0.0,0.0
2019-07-03 23:00:56,40.693333333333335,5.07,0.93,0.0,0.0,0.0,0.0
2019-07-04 00:00:56,35.64333333333333,9.77,0.9049999999999999,0.0,0.0,0.0,0.0
2019-07-04 01:00:56,54.77333333333334,7.425,1.075,0.0,0.0,0.0,0.0
2019-07-04 02:00:56,55.39,4.12,0.975,0.0,0.0,0.0,0.0
2019-07-04 03:00:56,46.01333333333333,2.645,1.025,0.0,0.0,0.0,0.0
2019-07-04 04:00:56,49.36333333333334,2.645,1.12,0.0,0.0,0.0,0.0
2019-07-04 05:00:56,54.48,4.54,6.044999999999999,0.0,0.0,0.0,0.0
2019-07-04 06:00:56,40.223333333333336,3.91,9.82,0.0,0.0,0.0,0.0
2019-07-04 07:00:56,40.873333333333335,7.234999999999999,12.685000000000002,0.0,0.0,0.0,0.0
2019-07-04 08:00:56,55.330000000000005,15.969999999999999,26.41,0.0,0.0,0.0,0.0
2019-07-04 09:00:56,57.61333333333333,13.625,21.73,0.0,0.0,0.0,0.0
2019-07-04 10:00:56,35.43666666666667,10.205,9.655000000000001,0.0,0.0,0.0,0.0
2019-07-04 11:00:56,35.47,7.675,8.015,0.0,0.0,0.0,0.0
2019-07-04 12:00:56,52.57666666666667,6.8500000000000005,1.49,0.0,0.0,0.0,0.0
2019-07-04 13:00:56,48.85666666666666,6.62,7.919999999999999,0.0,0.0,0.0,0.0
2019-07-04 14:00:56,34.10333333333333,8.025,7.19,0.0,0.0,0.0,0.0
2019-07-04 15:00:56,36.24666666666667,6.96,7.16,0.0,0.0,0.0,0.0
2019-07-04 16:00:56,29.073333333333334,5.335,7.085000000000001,0.0,0.0,0.0,0.0
2019-07-04 17:00:56,35.72,4.19,6.905,0.0,0.0,0.0,0.0
2019-07-04 18:00:56,40.86,7.545000000000001,6.935,0.0,0.0,0.0,0.0
2019-07-04 19:00:56,42.236666666666665,11.095,6.895,0.0,0.0,0.0,0.0
2019-07-04 20:00:56,42.72,7.505,6.664999999999999,0.0,0.0,0.0,0.0
2019-07-04 21:00:56,47.163333333333334,12.714999999999998,6.765000000000001,0.0,0.0,0.0,0.0
2019-07-04 22:00:56,47.51,13.32,6.645,0.0,0.0,0.0,0.0
2019-07-04 23:00:56,42.123333333333335,11.32,6.739999999999999,0.0,0.0,0.0,0.0
2019-07-05 00:00:56,39.42666666666666,9.68,7.210000000000001,0.0,0.0,0.0,0.0
2019-07-05 01:00:56,36.47333333333333,6.88,7.414999999999999,0.0,0.0,0.0,0.0
2019-07-05 02:00:56,34.36,7.25,13.865,0.0,0.0,0.0,0.0
2019-07-05 03:00:56,44.70666666666667,12.825000000000001,18.24,0.0,0.0,0.0,0.0
2019-07-05 04:00:56,62.03333333333333,18.53,17.48,0.0,0.0,0.0,0.0
2019-07-05 05:00:56,72.98333333333333,34.57,18.695,0.0,0.0,0.0,0.0
2019-07-05 06:00:56,81.74,33.214999999999996,16.735,0.0,0.0,0.0,0.0
2019-07-05 07:00:56,86.86,29.575000000000003,32.795,0.0,0.0,0.0,0.0
2019-07-05 08:00:56,87.19666666666667,28.474999999999998,43.830000000000005,0.0,0.0,0.0,0.0
2019-07-05 09:00:56,69.74666666666667,19.785,13.375,0.0,0.0,0.0,0.0
2019-07-05 10:00:56,46.516666666666666,14.045000000000002,10.025,0.0,0.0,0.0,0.0
2019-07-05 11:00:56,39.32333333333333,8.75,7.965,0.0,0.0,0.0,0.0
2019-07-05 12:00:56,40.67333333333333,7.6450000000000005,7.455000000000001,0.0,0.0,0.0,0.0
2019-07-05 13:00:56,42.81666666666666,13.955,7.265000000000001,0.0,0.0,0.0,0.0
2019-07-05 14:00:56,42.236666666666665,9.674999999999999,7.215,0.0,0.0,0.0,0.0
2019-07-05 15:00:56,41.05,7.13,7.375,0.0,0.0,0.0,0.0
2019-07-05 16:00:56,42.16333333333333,5.93,7.07,0.0,0.0,0.0,0.0
2019-07-05 17:00:56,44.54666666666667,6.150000000000001,7.0249999999999995,0.0,0.0,0.0,0.0
2019-07-05 18:00:56,59.10666666666666,3.9149999999999996,7.1000000000000005,0.0,0.0,0.0,0.0
2019-07-05 19:00:56,55.54666666666666,5.215,6.920000000000001,0.0,0.0,0.0,0.0
2019-07-05 20:00:56,56.06,11.46,6.77,0.0,0.0,0.0,0.0
2019-07-05 21:00:56,59.45666666666666,14.205,6.745,0.0,0.0,0.0,0.0
2019-07-05 22:00:56,57.68,17.545,6.8500000000000005,0.0,0.0,0.0,0.0
2019-07-05 23:00:56,57.06666666666666,11.4,7.3,0.0,0.0,0.0,0.0
2019-07-06 00:00:56,52.656666666666666,10.755,7.814999999999999,0.0,0.0,0.0,0.0
2019-07-06 01:00:56,45.35666666666667,11.270000000000001,7.695,0.0,0.0,0.0,0.0
2019-07-06 02:00:56,46.026666666666664,19.66,7.605,0.0,0.0,0.0,0.0
2019-07-06 03:00:56,43.406666666666666,14.774999999999999,7.9750000000000005,0.0,0.0,0.0,0.0
2019-07-06 04:00:56,45.45,14.810000000000002,14.344999999999999,0.0,0.0,0.0,0.0
2019-07-06 05:00:56,52.64666666666667,20.57,15.07,0.0,0.0,0.0,0.0
2019-07-06 06:00:56,56.45666666666666,15.71,12.54,0.0,0.0,0.0,0.0
2019-07-06 07:00:56,80.59666666666666,22.63,26.115,0.0,0.0,0.0,0.0
2019-07-06 08:00:56,87.59333333333333,27.715,30.91,0.0,0.0,0.0,0.0
2019-07-06 09:00:56,60.95,21.24,16.495,0.0,0.0,0.0,0.0
2019-07-06 10:00:56,40.23,13.07,10.855000000000002,0.0,0.0,0.0,0.0
2019-07-06 11:00:56,31.406666666666666,11.565,8.88,0.0,0.0,0.0,0.0
2019-07-06 12:00:56,32.196666666666665,10.93,8.31,0.0,0.0,0.0,0.0
2019-07-06 13:00:56,38.5,12.385,8.17,0.0,0.0,0.0,0.0
2019-07-06 14:00:56,36.16,8.99,7.949999999999999,0.0,0.0,0.0,0.0
2019-07-06 15:00:56,37.31,15.385,8.08,0.0,0.0,0.0,0.0
2019-07-06 16:00:56,42.52,11.17,7.864999999999999,0.0,0.0,0.0,0.0
2019-07-06 17:00:56,42.96,8.76,7.785,0.0,0.0,0.0,0.0
2019-07-06 18:00:56,48.74,14.594999999999999,7.82,0.0,0.0,0.0,0.0
2019-07-06 19:00:56,56.96,13.85,7.755,0.0,0.0,0.0,0.0
2019-07-06 20:00:56,61.46666666666667,10.69,7.745,0.0,0.0,0.0,0.0
2019-07-06 21:00:56,56.54666666666667,18.455,7.675000000000001,0.0,0.0,0.0,0.0
2019-07-06 22:00:56,47.78333333333333,12.29,7.864999999999999,0.0,0.0,0.0,0.0
2019-07-06 23:00:56,36.196666666666665,9.725,7.169999999999999,0.0,0.0,0.0,0.0
2019-07-07 00:00:56,38.026666666666664,7.25,7.09,0.0,0.0,0.0,0.0
2019-07-07 01:00:56,33.88,6.294999999999999,6.96,0.0,0.0,0.0,0.0
2019-07-07 02:00:56,30.96,11.424999999999999,7.1499999999999995,0.0,0.0,0.0,0.0
2019-07-07 03:00:56,23.62,7.125,8.9,0.0,0.0,0.0,0.0
2019-07-07 04:00:56,32.20666666666667,10.4,20.875,0.0,0.0,0.0,0.0
2019-07-07 05:00:56,48.94,21.315,20.950000000000003,0.0,0.0,0.0,0.0
2019-07-07 06:00:56,64.18,27.564999999999998,26.49,0.0,0.0,0.0,0.0
2019-07-07 07:00:56,56.92,23.39,17.650000000000002,0.0,0.0,0.0,0.0
2019-07-07 08:00:56,62.06,25.705,34.875,0.0,0.0,0.0,0.0
2019-07-07 09:00:56,73.35666666666667,28.855,19.544999999999998,0.0,0.0,0.0,0.0
2019-07-07 10:00:56,50.50333333333333,23.72,10.86,0.0,0.0,0.0,0.0
2019-07-07 11:00:56,30.32333333333333,14.575000000000001,8.545,0.0,0.0,0.0,0.0
2019-07-07 12:00:56,23.613333333333333,13.82,7.165,0.0,0.0,0.0,0.0
2019-07-07 13:00:56,20.843333333333334,7.675000000000001,7.52,0.0,0.0,0.0,0.0
2019-07-07 14:00:56,20.313333333333333,7.109999999999999,7.329999999999999,0.0,0.0,0.0,0.0
2019-07-07 15:00:56,25.483333333333334,7.469999999999999,7.364999999999999,0.0,0.0,0.0,0.0
2019-07-07 16:00:56,28.66,5.449999999999999,7.56,0.0,0.0,0.0,0.0
2019-07-07 17:00:56,33.333333333333336,5.54,7.625,0.0,0.0,0.0,0.0
2019-07-07 18:00:56,33.57666666666667,4.08,7.254999999999999,0.0,0.0,0.0,0.0
2019-07-07 19:00:56,37.45666666666666,4.045,7.114999999999999,0.0,0.0,0.0,0.0
2019-07-07 20:00:56,41.36,6.195,7.21,0.0,0.0,0.0,0.0
2019-07-07 21:00:56,46.14,6.87,7.0,0.0,0.0,0.0,0.0
2019-07-07 22:00:56,48.943333333333335,7.715,6.949999999999999,0.0,0.0,0.0,0.0
2019-07-07 23:00:56,38.60666666666667,6.82,7.739999999999999,0.0,0.0,0.0,0.0
2019-07-08 00:00:56,40.29666666666667,12.6,12.074999999999998,0.0,0.0,0.0,0.0
2019-07-08 01:00:56,36.69,9.055,18.22,0.0,0.0,0.0,0.0
2019-07-08 02:00:56,40.95333333333333,9.095,24.245,0.0,0.0,0.0,0.0
2019-07-08 03:00:56,43.0,17.21,22.584999999999997,0.0,0.0,0.0,0.0
2019-07-08 04:00:56,50.900000000000006,19.96,44.18000000000001,0.0,0.0,0.0,0.0
2019-07-08 05:00:56,61.14666666666667,33.04,31.885000000000005,0.0,0.0,0.0,0.0
2019-07-08 06:00:56,63.06666666666666,38.01,39.795,0.0,0.0,0.0,0.0
2019-07-08 07:00:56,72.19666666666667,40.824999999999996,77.78999999999999,0.0,0.0,0.0,0.0
2019-07-08 08:00:56,78.81666666666666,40.16,27.099999999999998,0.0,0.0,0.0,0.0
2019-07-08 09:00:56,81.02,32.02,13.805,0.0,0.0,0.0,0.0
2019-07-08 10:00:56,49.56333333333333,28.765,10.06,0.0,0.0,0.0,0.0
2019-07-08 11:00:56,35.03,15.705,8.365,0.0,0.0,0.0,0.0
2019-07-08 12:00:56,26.253333333333334,15.245,7.914999999999999,0.0,0.0,0.0,0.0
2019-07-08 13:00:56,26.803333333333335,10.915,9.505,0.0,0.0,0.0,0.0
2019-07-08 14:00:56,31.563333333333333,9.42,8.9,0.0,0.0,0.0,0.0
2019-07-08 15:00:56,34.75666666666667,8.0,7.965,0.0,0.0,0.0,0.0
2019-07-08 16:00:56,24.786666666666665,4.75,8.025,0.0,0.0,0.0,0.0
2019-07-08 17:00:56,25.116666666666667,2.85,8.225,0.0,0.0,0.0,0.0
2019-07-08 18:00:56,30.49,2.7550000000000003,7.885000000000001,0.0,0.0,0.0,0.0
2019-07-08 19:00:56,34.05,2.255,8.85,0.0,0.0,0.0,0.0
2019-07-08 20:00:56,36.76,4.23,8.08,0.0,0.0,0.0,0.0
2019-07-08 21:00:56,51.65333333333333,21.545,7.864999999999999,0.0,0.0,0.0,0.0
2019-07-08 22:00:56,59.406666666666666,21.554999999999996,7.7250000000000005,0.0,0.0,0.0,0.0
2019-07-08 23:00:56,51.68666666666667,15.14,7.395,0.0,0.0,0.0,0.0
2019-07-09 00:00:56,47.193333333333335,18.985,7.3999999999999995,0.0,0.0,0.0,0.0
2019-07-09 01:00:56,39.32,14.86,12.08,0.0,0.0,0.0,0.0
2019-07-09 02:00:56,38.096666666666664,12.090000000000002,14.689999999999998,0.0,0.0,0.0,0.0
2019-07-09 03:00:56,37.86,11.44,23.97,0.0,0.0,0.0,0.0
2019-07-09 04:00:56,40.75333333333333,10.225,27.215000000000003,0.0,0.0,0.0,0.0
2019-07-09 05:00:56,44.13666666666666,16.86,36.045,0.0,0.0,0.0,0.0
2019-07-09 06:00:56,68.07666666666667,24.034999999999997,20.73,0.0,0.0,0.0,0.0
2019-07-09 07:00:56,72.53333333333333,25.99,32.235,0.0,0.0,0.0,0.0
2019-07-09 08:00:56,72.44666666666667,22.345,32.27,0.0,0.0,0.0,0.0
2019-07-09 09:00:56,62.406666666666666,26.845,20.085,0.0,0.0,0.0,0.0
2019-07-09 10:00:56,46.27333333333333,20.21,10.57,0.0,0.0,0.0,0.0
2019-07-09 11:00:56,29.47,12.245,7.56,0.0,0.0,0.0,0.0
2019-07-09 12:00:56,25.44333333333333,10.71,6.96,0.0,0.0,0.0,0.0
2019-07-09 13:00:56,24.53333333333333,8.555,5.275,0.0,0.0,0.0,0.0
2019-07-09 14:00:56,22.906666666666666,6.039999999999999,6.844999999999999,0.0,0.0,0.0,0.0
2019-07-09 15:00:56,21.323333333333334,5.544999999999999,6.72,0.0,0.0,0.0,0.0
2019-07-09 16:00:56,21.75,7.669999999999999,6.960000000000001,0.0,0.0,0.0,0.0
2019-07-09 17:00:56,25.836666666666666,8.799999999999999,6.960000000000001,0.0,0.0,0.0,0.0
2019-07-09 18:00:56,30.91,6.04,6.46,0.0,0.0,0.0,0.0
2019-07-09 19:00:56,37.17,4.83,6.425,0.0,0.0,0.0,0.0
2019-07-09 20:00:56,43.81,10.295,6.41,0.0,0.0,0.0,0.0
2019-07-09 21:00:56,45.24666666666667,6.5249999999999995,6.420000000000001,0.0,0.0,0.0,0.0
2019-07-09 22:00:56,44.18,13.255,6.390000000000001,0.0,0.0,0.0,0.0
2019-07-09 23:00:56,38.87,14.93,6.355,0.0,0.0,0.0,0.0
2019-07-10 00:00:56,34.269999999999996,12.265,9.085,0.0,0.0,0.0,0.0
2019-07-10 01:00:56,27.243333333333336,16.875,7.955000000000001,0.0,0.0,0.0,0.0
2019-07-10 02:00:56,29.47333333333333,11.805,10.695,0.0,0.0,0.0,0.0
2019-07-10 03:00:56,34.38,9.605,17.32,0.0,0.0,0.0,0.0
2019-07-10 04:00:56,37.21,10.825000000000001,18.315,0.0,0.0,0.0,0.0
2019-07-10 05:00:56,47.71333333333334,11.354999999999999,35.045,0.0,0.0,0.0,0.0
2019-07-10 06:00:56,68.48666666666666,22.235,29.665000000000003,0.0,0.0,0.0,0.0
2019-07-10 07:00:56,71.17333333333333,29.5,33.365,0.0,0.0,0.0,0.0
2019-07-10 08:00:56,72.04333333333334,32.14,43.51500000000001,0.0,0.0,0.0,0.0
2019-07-10 09:00:56,74.99666666666667,33.895,24.075000000000003,0.0,0.0,0.0,0.0
2019-07-10 10:00:56,59.846666666666664,24.015,12.089999999999998,0.0,0.0,0.0,0.0
2019-07-10 11:00:56,43.74,15.39,9.78,0.0,0.0,0.0,0.0
2019-07-10 12:00:56,36.22,19.56,11.174999999999999,0.0,0.0,0.0,0.0
2019-07-10 13:00:56,38.93333333333334,12.865,12.850000000000001,0.0,0.0,0.0,0.0
2019-07-10 14:00:56,34.17,7.300000000000001,10.980000000000002,0.0,0.0,0.0,0.0
2019-07-10 15:00:56,24.333333333333332,5.355,10.765,0.0,0.0,0.0,0.0
2019-07-10 16:00:56,24.803333333333335,4.03,9.520000000000001,0.0,0.0,0.0,0.0
2019-07-10 17:00:56,31.33,2.86,9.61,0.0,0.0,0.0,0.0
2019-07-10 18:00:56,31.66,3.7449999999999997,8.585,0.0,0.0,0.0,0.0
2019-07-10 19:00:56,36.60333333333333,5.48,8.335,0.0,0.0,0.0,0.0
2019-07-10 20:00:56,59.89,7.789999999999999,8.295,0.0,0.0,0.0,0.0
2019-07-10 21:00:56,70.80666666666667,14.469999999999999,8.11,0.0,0.0,0.0,0.0
2019-07-10 22:00:56,63.88666666666666,18.14,7.864999999999999,0.0,0.0,0.0,0.0
2019-07-10 23:00:56,54.21,17.26,7.344999999999999,0.0,0.0,0.0,0.0
2019-07-11 00:00:56,42.74333333333334,22.790000000000003,6.945,0.0,0.0,0.0,0.0
2019-07-11 01:00:56,29.22333333333333,16.87,6.920000000000001,0.0,0.0,0.0,0.0
2019-07-11 02:00:56,18.509999999999998,9.83,6.4750000000000005,0.0,0.0,0.0,0.0
2019-07-11 03:00:56,14.753333333333334,5.419999999999999,6.669999999999999,0.0,0.0,0.0,0.0
2019-07-11 04:00:56,16.456666666666667,4.175000000000001,7.814999999999999,0.0,0.0,0.0,0.0
2019-07-11 05:00:56,25.64,4.640000000000001,12.385,0.0,0.0,0.0,0.0
2019-07-11 06:00:56,35.300000000000004,14.300000000000002,14.685000000000002,0.0,0.0,0.0,0.0
2019-07-11 07:00:56,40.44,18.995,20.16,0.0,0.0,0.0,0.0
2019-07-11 08:00:56,38.156666666666666,17.22,20.36,0.0,0.0,0.0,0.0
2019-07-11 09:00:56,32.663333333333334,17.09,13.57,0.0,0.0,0.0,0.0
2019-07-11 10:00:56,28.746666666666666,13.145000000000001,8.94,0.0,0.0,0.0,0.0
2019-07-11 11:00:56,28.53,11.295,8.219999999999999,0.0,0.0,0.0,0.0
2019-07-11 12:00:56,33.07333333333333,14.905000000000001,9.215,0.0,0.0,0.0,0.0
2019-07-11 13:00:56,26.976666666666663,8.705,8.305,0.0,0.0,0.0,0.0
2019-07-11 14:00:56,22.683333333333334,5.805,7.875,0.0,0.0,0.0,0.0
2019-07-11 15:00:56,25.436666666666667,4.145,8.97,0.0,0.0,0.0,0.0
2019-07-11 16:00:56,23.493333333333332,3.535,8.645000000000001,0.0,0.0,0.0,0.0
2019-07-11 17:00:56,35.46,2.9599999999999995,9.405,0.0,0.0,0.0,0.0
2019-07-11 18:00:56,51.483333333333334,6.05,1.28,0.0,0.0,0.0,0.0
2019-07-11 19:00:56,116.36,0.0,1.38,0.0,0.0,0.0,0.0
2019-07-11 20:00:56,59.25666666666666,0.0,1.28,0.0,0.0,0.0,0.0
2019-07-11 21:00:56,31.34,0.0,1.235,0.0,0.0,0.0,0.0
2019-07-11 22:00:56,21.91,0.0,1.6000000000000003,0.0,0.0,0.0,0.0
2019-07-11 23:00:56,18.97,0.0,2.29,0.0,0.0,0.0,0.0
2019-07-12 00:00:56,22.146666666666665,0.0,2.53,0.0,0.0,0.0,0.0
2019-07-12 01:00:56,9.226666666666667,0.0,2.285,0.0,0.0,0.0,0.0
2019-07-12 02:00:56,9.853333333333333,0.0,2.29,0.0,0.0,0.0,0.0
2019-07-12 03:00:56,7.15,0.0,2.155,0.0,0.0,0.0,0.0
2019-07-12 04:00:56,6.19,0.0,2.34,0.0,0.0,0.0,0.0
2019-07-12 05:00:56,9.496666666666668,0.0,2.365,0.0,0.0,0.0,0.0
2019-07-12 06:00:56,11.376666666666665,0.0,2.35,0.0,0.0,0.0,0.0
2019-07-12 07:00:56,15.833333333333334,5.12,2.305,0.0,0.0,0.0,0.0
2019-07-12 08:00:56,14.87,3.185,2.435,0.0,0.0,0.0,0.0
2019-07-12 09:00:56,10.223333333333334,2.415,2.305,0.0,0.0,0.0,0.0
2019-07-12 10:00:56,6.863333333333333,1.8999999999999997,2.345,0.0,0.0,0.0,0.0
2019-07-12 11:00:56,8.863333333333335,1.84,2.465,0.0,0.0,0.0,0.0
2019-07-12 12:00:56,12.649999999999999,1.595,2.41,0.0,0.0,0.0,0.0
2019-07-12 13:00:56,15.963333333333333,3.765,8.274999999999999,0.0,0.0,0.0,0.0
2019-07-12 14:00:56,21.68,4.29,8.055,0.0,0.0,0.0,0.0
2019-07-12 15:00:56,18.88,2.975,7.760000000000001,0.0,0.0,0.0,0.0
2019-07-12 16:00:56,16.46666666666667,2.07,7.719999999999999,0.0,0.0,0.0,0.0
2019-07-12 17:00:56,17.193333333333335,2.215,8.025,0.0,0.0,0.0,0.0
2019-07-12 18:00:56,23.03666666666667,4.93,8.23,0.0,0.0,0.0,0.0
2019-07-12 19:00:56,25.366666666666667,3.47,8.775,0.0,0.0,0.0,0.0
2019-07-12 20:00:56,28.913333333333334,3.805,8.995,0.0,0.0,0.0,0.0
2019-07-12 21:00:56,26.07333333333333,4.03,8.65,0.0,0.0,0.0,0.0
2019-07-12 22:00:56,28.166666666666668,8.135,8.705,0.0,0.0,0.0,0.0
2019-07-12 23:00:56,24.55,5.17,8.15,0.0,0.0,0.0,0.0
2019-07-13 00:00:56,29.78333333333333,7.84,9.845,0.0,0.0,0.0,0.0
2019-07-13 01:00:56,29.47333333333333,4.84,10.295,0.0,0.0,0.0,0.0
2019-07-13 02:00:56,32.7,3.125,10.685,0.0,0.0,0.0,0.0
2019-07-13 03:00:56,31.26,1.86,10.025,0.0,0.0,0.0,0.0
2019-07-13 04:00:56,37.586666666666666,3.4500000000000006,9.85,0.0,0.0,0.0,0.0
2019-07-13 05:00:56,50.83,13.39,12.530000000000001,0.0,0.0,0.0,0.0
2019-07-13 06:00:56,54.18333333333334,13.74,13.795,0.0,0.0,0.0,0.0
2019-07-13 07:00:56,65.95666666666666,13.21,22.0,0.0,0.0,0.0,0.0
2019-07-13 08:00:56,72.86666666666667,13.725,15.945,0.0,0.0,0.0,0.0
2019-07-13 09:00:56,48.61333333333333,16.92,10.835,0.0,0.0,0.0,0.0
2019-07-13 10:00:56,26.07,9.095,9.07,0.0,0.0,0.0,0.0
2019-07-13 11:00:56,18.23,5.785,8.47,0.0,0.0,0.0,0.0
2019-07-13 12:00:56,25.02,5.985,8.9,0.0,0.0,0.0,0.0
2019-07-13 13:00:56,22.613333333333333,4.965,8.915,0.0,0.0,0.0,0.0
2019-07-13 14:00:56,23.316666666666666,2.855,8.445,0.0,0.0,0.0,0.0
2019-07-13 15:00:56,16.62,1.535,7.06,0.0,0.0,0.0,0.0
2019-07-13 16:00:56,15.796666666666667,1.265,6.93,0.0,0.0,0.0,0.0
2019-07-13 17:00:56,19.14333333333333,1.95,6.68,0.0,0.0,0.0,0.0
2019-07-13 18:00:56,20.12666666666667,5.489999999999999,6.655,0.0,0.0,0.0,0.0
2019-07-13 19:00:56,20.683333333333334,3.975,6.565,0.0,0.0,0.0,0.0
2019-07-13 20:00:56,27.35333333333333,5.505,6.75,0.0,0.0,0.0,0.0
2019-07-13 21:00:56,36.236666666666665,8.31,6.82,0.0,0.0,0.0,0.0
2019-07-13 22:00:56,30.833333333333332,4.74,6.945,0.0,0.0,0.0,0.0
2019-07-13 23:00:56,29.976666666666667,3.42,7.31,0.0,0.0,0.0,0.0
2019-07-14 00:00:56,24.13,1.97,7.7299999999999995,0.0,0.0,0.0,0.0
2019-07-14 01:00:56,23.196666666666665,2.265,8.465,0.0,0.0,0.0,0.0
2019-07-14 02:00:56,30.456666666666667,4.765,10.835,0.0,0.0,0.0,0.0
2019-07-14 03:00:56,27.373333333333335,3.365,17.25,0.0,0.0,0.0,0.0
2019-07-14 04:00:56,27.950000000000003,2.68,13.715000000000002,0.0,0.0,0.0,0.0
2019-07-14 05:00:56,34.583333333333336,2.19,14.774999999999999,0.0,0.0,0.0,0.0
2019-07-14 06:00:56,42.666666666666664,3.0400000000000005,13.725000000000001,0.0,0.0,0.0,0.0
2019-07-14 07:00:56,48.68666666666667,9.52,18.075,0.0,0.0,0.0,0.0
2019-07-14 08:00:56,57.22666666666667,13.19,30.22,0.0,0.0,0.0,0.0
2019-07-14 09:00:56,48.46666666666667,13.035000000000002,14.665,0.0,0.0,0.0,0.0
2019-07-14 10:00:56,37.03333333333333,8.33,19.96,0.0,0.0,0.0,0.0
2019-07-14 11:00:56,33.08,6.650000000000001,14.21,0.0,0.0,0.0,0.0
2019-07-14 12:00:56,37.89333333333333,6.580000000000001,11.219999999999999,0.0,0.0,0.0,0.0
2019-07-14 13:00:56,28.76,12.07,10.315,0.0,0.0,0.0,0.0
2019-07-14 14:00:56,16.849999999999998,6.655,8.095,0.0,0.0,0.0,0.0
2019-07-14 15:00:56,17.98,4.34,8.71,0.0,0.0,0.0,0.0
2019-07-14 16:00:56,22.726666666666667,3.1650000000000005,8.535,0.0,0.0,0.0,0.0
2019-07-14 17:00:56,19.803333333333335,2.315,7.91,0.0,0.0,0.0,0.0
2019-07-14 18:00:56,24.706666666666667,1.34,7.664999999999999,0.0,0.0,0.0,0.0
2019-07-14 19:00:56,21.736666666666668,2.125,7.289999999999999,0.0,0.0,0.0,0.0
2019-07-14 20:00:56,30.509999999999998,6.265,7.325,0.0,0.0,0.0,0.0
2019-07-14 21:00:56,33.84,4.3,7.739999999999999,0.0,0.0,0.0,0.0
2019-07-14 22:00:56,33.36,5.215,7.760000000000001,0.0,0.0,0.0,0.0
2019-07-14 23:00:56,29.840000000000003,4.675,7.645,0.0,0.0,0.0,0.0
2019-07-15 00:00:56,26.96666666666667,2.58,7.27,0.0,0.0,0.0,0.0
2019-07-15 01:00:56,22.306666666666665,1.885,7.2250000000000005,0.0,0.0,0.0,0.0
2019-07-15 02:00:56,12.893333333333333,3.7550000000000003,7.055,0.0,0.0,0.0,0.0
2019-07-15 03:00:56,14.780000000000001,2.66,7.445,0.0,0.0,0.0,0.0
2019-07-15 04:00:56,16.706666666666667,4.475,8.235,0.0,0.0,0.0,0.0
2019-07-15 05:00:56,23.366666666666667,4.97,7.414999999999999,0.0,0.0,0.0,0.0
2019-07-15 06:00:56,19.67,3.56,7.254999999999999,0.0,0.0,0.0,0.0
2019-07-15 07:00:56,20.453333333333333,2.7099999999999995,7.13,0.0,0.0,0.0,0.0
2019-07-15 08:00:56,12.853333333333333,4.425,14.195,0.0,0.0,0.0,0.0
2019-07-15 09:00:56,14.546666666666667,0.0,25.795,0.0,0.0,0.0,0.0
2019-07-15 10:00:56,18.676666666666666,5.7,14.769999999999998,0.0,0.0,0.0,0.0
2019-07-15 11:00:56,18.03333333333333,3.8349999999999995,10.85,0.0,0.0,0.0,0.0
2019-07-15 12:00:56,17.786666666666665,3.4949999999999997,12.335,0.0,0.0,0.0,0.0
2019-07-15 13:00:56,21.203333333333333,2.065,9.28,0.0,0.0,0.0,0.0
2019-07-15 14:00:56,21.253333333333334,3.4150000000000005,9.72,0.0,0.0,0.0,0.0
2019-07-15 15:00:56,21.633333333333333,0.0,8.295,0.0,0.0,0.0,0.0
2019-07-15 16:00:56,16.123333333333335,6.95,7.219999999999999,0.0,0.0,0.0,0.0
2019-07-15 17:00:56,16.46666666666667,4.265,7.175,0.0,0.0,0.0,0.0
2019-07-15 18:00:56,19.976666666666667,4.615,7.364999999999999,0.0,0.0,0.0,0.0
2019-07-15 19:00:56,18.036666666666665,7.785,7.2250000000000005,0.0,0.0,0.0,0.0
2019-07-15 20:00:56,16.386666666666667,6.77,7.314999999999999,0.0,0.0,0.0,0.0
2019-07-15 21:00:56,12.213333333333333,4.59,7.794999999999999,0.0,0.0,0.0,0.0
2019-07-15 22:00:56,12.97,5.16,7.435,0.0,0.0,0.0,0.0
2019-07-15 23:00:56,9.766666666666666,3.56,6.8999999999999995,0.0,0.0,0.0,0.0
2019-07-16 00:00:56,7.85,5.614999999999999,6.93,0.0,0.0,0.0,0.0
2019-07-16 01:00:56,6.473333333333333,4.065,7.755,0.0,0.0,0.0,0.0
2019-07-16 02:00:56,8.513333333333334,0.0,7.895,0.0,0.0,0.0,0.0
2019-07-16 03:00:56,10.059999999999999,5.285,12.030000000000001,0.0,0.0,0.0,0.0
2019-07-16 04:00:56,30.733333333333334,5.655,15.505,0.0,0.0,0.0,0.0
2019-07-16 05:00:56,36.626666666666665,6.010000000000001,16.46,0.0,0.0,0.0,0.0
2019-07-16 06:00:56,39.22666666666666,9.645,17.830000000000002,0.0,0.0,0.0,0.0
2019-07-16 07:00:56,49.08666666666667,14.145000000000001,21.18,0.0,0.0,0.0,0.0
2019-07-16 08:00:56,58.7,15.15,31.045,0.0,0.0,0.0,0.0
2019-07-16 09:00:56,39.653333333333336,7.89,24.790000000000003,0.0,0.0,0.0,0.0
2019-07-16 10:00:56,22.206666666666667,4.5,17.955000000000002,0.0,0.0,0.0,0.0
2019-07-16 11:00:56,12.036666666666667,3.73,12.135,0.0,0.0,0.0,0.0
2019-07-16 12:00:56,13.313333333333333,5.52,8.49,0.0,0.0,0.0,0.0
2019-07-16 13:00:56,11.326666666666668,3.605,7.695,0.0,0.0,0.0,0.0
2019-07-16 14:00:56,12.04,2.145,7.545000000000001,0.0,0.0,0.0,0.0
2019-07-16 15:00:56,11.963333333333333,1.615,7.330000000000001,0.0,0.0,0.0,0.0
2019-07-16 16:00:56,10.033333333333333,1.5249999999999997,6.81,0.0,0.0,0.0,0.0
2019-07-16 17:00:56,11.39,1.02,6.98,0.0,0.0,0.0,0.0
2019-07-16 18:00:56,15.083333333333334,1.83,6.84,0.0,0.0,0.0,0.0
2019-07-16 19:00:56,18.43,3.56,6.539999999999999,0.0,0.0,0.0,0.0
2019-07-16 20:00:56,34.093333333333334,3.435,6.45,0.0,0.0,0.0,0.0
2019-07-16 21:00:56,39.0,8.14,6.699999999999999,0.0,0.0,0.0,0.0
2019-07-16 22:00:56,35.28666666666667,7.78,7.114999999999999,0.0,0.0,0.0,0.0
2019-07-16 23:00:56,27.55333333333333,4.38,7.44,0.0,0.0,0.0,0.0
2019-07-17 00:00:56,18.45,2.635,7.439999999999999,0.0,0.0,0.0,0.0
2019-07-17 01:00:56,12.236666666666666,2.275,7.859999999999999,0.0,0.0,0.0,0.0
2019-07-17 02:00:56,19.593333333333334,1.785,10.325000000000001,0.0,0.0,0.0,0.0
2019-07-17 03:00:56,15.466666666666667,1.49,10.729999999999999,0.0,0.0,0.0,0.0
2019-07-17 04:00:56,16.683333333333334,1.595,9.75,0.0,0.0,0.0,0.0
2019-07-17 05:00:56,21.596666666666668,4.25,11.795,0.0,0.0,0.0,0.0
2019-07-17 06:00:56,36.07333333333333,5.935,16.725,0.0,0.0,0.0,0.0
2019-07-17 07:00:56,56.19,12.96,20.21,0.0,0.0,0.0,0.0
2019-07-17 08:00:56,73.38333333333333,15.12,50.455000000000005,0.0,0.0,0.0,0.0
2019-07-17 09:00:56,74.24333333333334,17.665,24.265,0.0,0.0,0.0,0.0
2019-07-17 10:00:56,53.71333333333334,9.14,21.930000000000003,0.0,0.0,0.0,0.0
2019-07-17 11:00:56,51.663333333333334,5.77,16.625,0.0,0.0,0.0,0.0
2019-07-17 12:00:56,42.04666666666667,3.365,13.795,0.0,0.0,0.0,0.0
2019-07-17 13:00:56,32.333333333333336,2.68,9.02,0.0,0.0,0.0,0.0
2019-07-17 14:00:56,27.22,1.5650000000000002,8.459999999999999,0.0,0.0,0.0,0.0
2019-07-17 15:00:56,19.616666666666667,1.015,8.37,0.0,0.0,0.0,0.0
2019-07-17 16:00:56,20.14333333333333,0.94,8.285,0.0,0.0,0.0,0.0
2019-07-17 17:00:56,18.273333333333333,0.88,8.26,0.0,0.0,0.0,0.0
2019-07-17 18:00:56,26.33,1.93,8.22,0.0,0.0,0.0,0.0
2019-07-17 19:00:56,24.173333333333332,5.075,7.945,0.0,0.0,0.0,0.0
2019-07-17 20:00:56,37.2,3.33,8.1,0.0,0.0,0.0,0.0
2019-07-17 21:00:56,38.29,3.32,8.085,0.0,0.0,0.0,0.0
2019-07-17 22:00:56,43.74333333333333,7.239999999999999,8.44,0.0,0.0,0.0,0.0
2019-07-17 23:00:56,32.27333333333333,4.385,7.565,0.0,0.0,0.0,0.0
2019-07-18 00:00:56,31.80666666666667,3.365,7.18,0.0,0.0,0.0,0.0
2019-07-18 01:00:56,25.340000000000003,3.66,6.875,0.0,0.0,0.0,0.0
2019-07-18 02:00:56,28.236666666666665,9.09,7.420000000000001,0.0,0.0,0.0,0.0
2019-07-18 03:00:56,31.21,5.225,9.625,0.0,0.0,0.0,0.0
2019-07-18 04:00:56,22.516666666666666,3.2449999999999997,8.85,0.0,0.0,0.0,0.0
2019-07-18 05:00:56,16.970000000000002,2.47,7.199999999999999,0.0,0.0,0.0,0.0
2019-07-18 06:00:56,11.813333333333333,1.51,6.390000000000001,0.0,0.0,0.0,0.0
2019-07-18 07:00:56,11.273333333333333,1.16,6.03,0.0,0.0,0.0,0.0
2019-07-18 08:00:56,15.286666666666667,2.42,5.645,0.0,0.0,0.0,0.0
2019-07-18 09:00:56,22.346666666666664,6.73,5.73,0.0,0.0,0.0,0.0
2019-07-18 10:00:56,37.333333333333336,4.855,6.1000000000000005,0.0,0.0,0.0,0.0
2019-07-18 11:00:56,47.52333333333333,3.57,6.390000000000001,0.0,0.0,0.0,0.0
2019-07-18 12:00:56,45.56666666666666,5.0,0.68,0.0,0.0,0.0,0.0
2019-07-18 13:00:56,23.753333333333334,4.715,6.6499999999999995,0.0,0.0,0.0,0.0
2019-07-18 14:00:56,34.46,3.72,6.855,0.0,0.0,0.0,0.0
2019-07-18 15:00:56,13.196666666666665,2.29,6.31,0.0,0.0,0.0,0.0
2019-07-18 16:00:56,11.656666666666666,1.765,5.895,0.0,0.0,0.0,0.0
2019-07-18 17:00:56,13.63,2.02,6.1499999999999995,0.0,0.0,0.0,0.0
2019-07-18 18:00:56,30.85333333333333,2.68,6.1499999999999995,0.0,0.0,0.0,0.0
2019-07-18 19:00:56,26.243333333333332,3.2550000000000003,5.71,0.0,0.0,0.0,0.0
2019-07-18 20:00:56,29.563333333333333,4.29,5.510000000000001,0.0,0.0,0.0,0.0
2019-07-18 21:00:56,29.19333333333333,9.175,5.59,0.0,0.0,0.0,0.0
2019-07-18 22:00:56,30.03333333333333,6.345,5.68,0.0,0.0,0.0,0.0
2019-07-18 23:00:56,28.796666666666667,8.465,6.239999999999999,0.0,0.0,0.0,0.0
2019-07-19 00:00:56,29.033333333333335,5.025,6.5249999999999995,0.0,0.0,0.0,0.0
2019-07-19 01:00:56,25.71,4.085,6.845,0.0,0.0,0.0,0.0
2019-07-19 02:00:56,27.923333333333332,8.415,6.984999999999999,0.0,0.0,0.0,0.0
2019-07-19 03:00:56,30.97,7.32,7.635000000000001,0.0,0.0,0.0,0.0
2019-07-19 04:00:56,30.996666666666666,4.3,8.325,0.0,0.0,0.0,0.0
2019-07-19 05:00:56,30.18,3.885,11.92,0.0,0.0,0.0,0.0
2019-07-19 06:00:56,37.49333333333333,9.49,13.009999999999998,0.0,0.0,0.0,0.0
2019-07-19 07:00:56,43.68666666666667,11.574999999999998,15.725000000000001,0.0,0.0,0.0,0.0
2019-07-19 08:00:56,46.266666666666666,11.5,19.115,0.0,0.0,0.0,0.0
2019-07-19 09:00:56,44.22,12.095,14.18,0.0,0.0,0.0,0.0
2019-07-19 10:00:56,40.14666666666667,10.185,15.885,0.0,0.0,0.0,0.0
2019-07-19 11:00:56,43.763333333333335,5.75,15.394999999999998,0.0,0.0,0.0,0.0
2019-07-19 12:00:56,36.21666666666667,4.45,11.495,0.0,0.0,0.0,0.0
2019-07-19 13:00:56,35.3,6.7,9.375,0.0,0.0,0.0,0.0
2019-07-19 14:00:56,29.936666666666667,10.824999999999998,8.56,0.0,0.0,0.0,0.0
2019-07-19 15:00:56,28.803333333333335,6.675,8.57,0.0,0.0,0.0,0.0
2019-07-19 16:00:56,28.52,7.02,8.479999999999999,0.0,0.0,0.0,0.0
2019-07-19 17:00:56,26.03,8.78,8.155,0.0,0.0,0.0,0.0
2019-07-19 18:00:56,27.30333333333333,5.295,8.17,0.0,0.0,0.0,0.0
2019-07-19 19:00:56,33.77333333333333,5.2,8.015,0.0,0.0,0.0,0.0
2019-07-19 20:00:56,46.81333333333333,7.900000000000001,8.065,0.0,0.0,0.0,0.0
2019-07-19 21:00:56,46.17666666666667,14.464999999999998,8.15,0.0,0.0,0.0,0.0
2019-07-19 22:00:56,40.67,8.28,7.805,0.0,0.0,0.0,0.0
2019-07-19 23:00:56,40.61,6.19,7.8500000000000005,0.0,0.0,0.0,0.0
2019-07-20 00:00:56,40.86666666666667,8.75,7.835000000000001,0.0,0.0,0.0,0.0
2019-07-20 01:00:56,37.833333333333336,6.86,8.41,0.0,0.0,0.0,0.0
2019-07-20 02:00:56,40.92666666666667,5.580000000000001,8.505,0.0,0.0,0.0,0.0
2019-07-20 03:00:56,33.77333333333333,9.595,17.729999999999997,0.0,0.0,0.0,0.0
2019-07-20 04:00:56,39.47666666666667,8.585,18.595000000000002,0.0,0.0,0.0,0.0
2019-07-20 05:00:56,47.78,8.02,22.375,0.0,0.0,0.0,0.0
2019-07-20 06:00:56,61.473333333333336,13.235,17.185,0.0,0.0,0.0,0.0
2019-07-20 07:00:56,82.50666666666666,20.465,26.115,0.0,0.0,0.0,0.0
2019-07-20 08:00:56,90.61666666666667,22.355,53.745000000000005,0.0,0.0,0.0,0.0
2019-07-20 09:00:56,85.95666666666666,22.045,25.939999999999998,0.0,0.0,0.0,0.0
2019-07-20 10:00:56,82.98666666666666,26.495,12.020000000000001,0.0,0.0,0.0,0.0
2019-07-20 11:00:56,51.42666666666667,14.315,8.7,0.0,0.0,0.0,0.0
2019-07-20 12:00:56,39.79,12.405,7.93,0.0,0.0,0.0,0.0
2019-07-20 13:00:56,37.78666666666667,11.0,7.745,0.0,0.0,0.0,0.0
2019-07-20 14:00:56,36.36,7.794999999999999,7.44,0.0,0.0,0.0,0.0
2019-07-20 15:00:56,34.163333333333334,6.84,7.195,0.0,0.0,0.0,0.0
2019-07-20 16:00:56,31.253333333333334,6.599999999999999,7.415,0.0,0.0,0.0,0.0
2019-07-20 17:00:56,40.08,8.12,7.414999999999999,0.0,0.0,0.0,0.0
2019-07-20 18:00:56,39.580000000000005,7.395,7.245,0.0,0.0,0.0,0.0
2019-07-20 19:00:56,44.79333333333334,10.09,7.175,0.0,0.0,0.0,0.0
2019-07-20 20:00:56,35.64333333333333,9.275,7.09,0.0,0.0,0.0,0.0
2019-07-20 21:00:56,37.4,5.580000000000001,7.465,0.0,0.0,0.0,0.0
2019-07-20 22:00:56,34.86333333333334,6.739999999999999,7.28,0.0,0.0,0.0,0.0
2019-07-20 23:00:56,41.50333333333333,6.72,8.07,0.0,0.0,0.0,0.0
2019-07-21 00:00:56,35.25666666666667,6.405,7.969999999999999,0.0,0.0,0.0,0.0
2019-07-21 01:00:56,27.46,3.5750000000000006,8.03,0.0,0.0,0.0,0.0
2019-07-21 02:00:56,24.936666666666667,2.86,9.925,0.0,0.0,0.0,0.0
2019-07-21 03:00:56,31.43,3.9150000000000005,15.755,0.0,0.0,0.0,0.0
2019-07-21 04:00:56,40.45333333333333,8.29,16.42,0.0,0.0,0.0,0.0
2019-07-21 05:00:56,48.446666666666665,7.599999999999999,13.020000000000001,0.0,0.0,0.0,0.0
2019-07-21 06:00:56,52.510000000000005,11.04,14.530000000000001,0.0,0.0,0.0,0.0
2019-07-21 07:00:56,48.34,12.475,23.135,0.0,0.0,0.0,0.0
2019-07-21 08:00:56,59.43333333333334,8.51,32.665,0.0,0.0,0.0,0.0
2019-07-21 09:00:56,63.17666666666667,8.595,16.53,0.0,0.0,0.0,0.0
2019-07-21 10:00:56,45.97,9.075,11.695,0.0,0.0,0.0,0.0
2019-07-21 11:00:56,28.08,5.955000000000001,12.159999999999998,0.0,0.0,0.0,0.0
2019-07-21 12:00:56,28.450000000000003,8.335,9.805,0.0,0.0,0.0,0.0
2019-07-21 13:00:56,24.27,4.525,9.305,0.0,0.0,0.0,0.0
2019-07-21 14:00:56,24.666666666666668,4.285,8.705,0.0,0.0,0.0,0.0
2019-07-21 15:00:56,22.32,0.0,9.105,0.0,0.0,0.0,0.0
2019-07-21 16:00:56,26.596666666666664,4.555,8.36,0.0,0.0,0.0,0.0
2019-07-21 17:00:56,24.37,3.045,8.254999999999999,0.0,0.0,0.0,0.0
2019-07-21 18:00:56,26.159999999999997,3.1650000000000005,7.9750000000000005,0.0,0.0,0.0,0.0
2019-07-21 19:00:56,32.14666666666667,7.48,7.675,0.0,0.0,0.0,0.0
2019-07-21 20:00:56,40.17333333333333,10.695,7.685,0.0,0.0,0.0,0.0
2019-07-21 21:00:56,43.303333333333335,9.03,7.875,0.0,0.0,0.0,0.0
2019-07-21 22:00:56,46.66,7.04,8.26,0.0,0.0,0.0,0.0
2019-07-21 23:00:56,49.10333333333333,14.410000000000002,7.960000000000001,0.0,0.0,0.0,0.0
2019-07-22 00:00:56,48.806666666666665,11.905,10.094999999999999,0.0,0.0,0.0,0.0
2019-07-22 01:00:56,49.65,10.824999999999998,9.07,0.0,0.0,0.0,0.0
2019-07-22 02:00:56,49.02,11.07,8.67,0.0,0.0,0.0,0.0
2019-07-22 03:00:56,42.346666666666664,10.205,9.23,0.0,0.0,0.0,0.0
2019-07-22 04:00:56,42.5,5.830000000000001,8.695,0.0,0.0,0.0,0.0
2019-07-22 05:00:56,38.333333333333336,3.935,7.9799999999999995,0.0,0.0,0.0,0.0
2019-07-22 06:00:56,33.526666666666664,3.15,7.965,0.0,0.0,0.0,0.0
2019-07-22 07:00:56,32.526666666666664,6.96,8.375,0.0,0.0,0.0,0.0
2019-07-22 08:00:56,33.73,7.66,8.145000000000001,0.0,0.0,0.0,0.0
2019-07-22 09:00:56,31.89333333333333,5.275,8.225,0.0,0.0,0.0,0.0
2019-07-22 10:00:56,37.99,4.36,8.024999999999999,0.0,0.0,0.0,0.0
2019-07-22 11:00:56,34.51,0.0,7.5249999999999995,0.0,0.0,0.0,0.0
2019-07-22 12:00:56,35.86666666666667,0.0,7.199999999999999,0.0,0.0,0.0,0.0
2019-07-22 13:00:56,35.843333333333334,7.93,6.82,0.0,0.0,0.0,0.0
2019-07-22 14:00:56,35.99666666666666,9.275,7.085,0.0,0.0,0.0,0.0
2019-07-22 15:00:56,34.403333333333336,6.79,6.98,0.0,0.0,0.0,0.0
2019-07-22 16:00:56,35.43666666666667,3.82,6.995,0.0,0.0,0.0,0.0
2019-07-22 17:00:56,31.536666666666665,3.8800000000000003,6.9750000000000005,0.0,0.0,0.0,0.0
2019-07-22 18:00:56,34.14333333333333,10.13,7.02,0.0,0.0,0.0,0.0
2019-07-22 19:00:56,47.16,5.505,6.535,0.0,0.0,0.0,0.0
2019-07-22 20:00:56,45.09,5.875,6.474999999999999,0.0,0.0,0.0,0.0
2019-07-22 21:00:56,42.78333333333333,9.665,6.78,0.0,0.0,0.0,0.0
2019-07-22 22:00:56,46.43333333333334,10.93,6.98,0.0,0.0,0.0,0.0
2019-07-22 23:00:56,51.46333333333333,6.495,6.859999999999999,0.0,0.0,0.0,0.0
2019-07-23 00:00:56,46.60333333333333,6.849999999999999,7.34,0.0,0.0,0.0,0.0
2019-07-23 01:00:56,51.03666666666667,11.195,10.025,0.0,0.0,0.0,0.0
2019-07-23 02:00:56,48.49333333333333,6.09,13.235,0.0,0.0,0.0,0.0
2019-07-23 03:00:56,51.04666666666666,5.595,11.24,0.0,0.0,0.0,0.0
2019-07-23 04:00:56,59.55,10.26,9.465,0.0,0.0,0.0,0.0
2019-07-23 05:00:56,55.63,14.62,8.98,0.0,0.0,0.0,0.0
2019-07-23 06:00:56,49.24000000000001,16.82,9.13,0.0,0.0,0.0,0.0
2019-07-23 07:00:56,47.88333333333333,9.81,11.295,0.0,0.0,0.0,0.0
2019-07-23 08:00:56,60.67666666666667,12.395000000000001,33.660000000000004,0.0,0.0,0.0,0.0
2019-07-23 09:00:56,82.70666666666666,17.105,19.220000000000002,0.0,0.0,0.0,0.0
2019-07-23 10:00:56,68.87,10.795,15.655000000000001,0.0,0.0,0.0,0.0
2019-07-23 11:00:56,50.27333333333333,6.845,11.365,0.0,0.0,0.0,0.0
2019-07-23 12:00:56,39.88333333333333,7.169999999999999,9.995,0.0,0.0,0.0,0.0
2019-07-23 13:00:56,35.64666666666667,9.805,7.355,0.0,0.0,0.0,0.0
2019-07-23 14:00:56,31.723333333333333,5.46,7.859999999999999,0.0,0.0,0.0,0.0
2019-07-23 15:00:56,27.303333333333335,2.9500000000000006,8.0,0.0,0.0,0.0,0.0
2019-07-23 16:00:56,26.233333333333334,2.18,7.640000000000001,0.0,0.0,0.0,0.0
2019-07-23 17:00:56,27.673333333333332,2.3,7.63,0.0,0.0,0.0,0.0
2019-07-23 18:00:56,30.22666666666667,5.115,7.7,0.0,0.0,0.0,0.0
2019-07-23 19:00:56,31.47,7.599999999999999,7.689999999999999,0.0,0.0,0.0,0.0
2019-07-23 20:00:56,32.8,6.760000000000001,7.614999999999999,0.0,0.0,0.0,0.0
2019-07-23 21:00:56,37.68,6.68,7.585,0.0,0.0,0.0,0.0
2019-07-23 22:00:56,45.58,6.995,7.605,0.0,0.0,0.0,0.0
2019-07-23 23:00:56,41.406666666666666,8.24,7.4750000000000005,0.0,0.0,0.0,0.0
2019-07-24 00:00:56,34.2,7.400000000000001,7.775000000000001,0.0,0.0,0.0,0.0
2019-07-24 01:00:56,35.19333333333333,5.745,7.7749999999999995,0.0,0.0,0.0,0.0
2019-07-24 02:00:56,36.2,8.725,22.48,0.0,0.0,0.0,0.0
2019-07-24 03:00:56,41.870000000000005,8.605,31.054999999999996,0.0,0.0,0.0,0.0
2019-07-24 04:00:56,55.23,6.015,28.965000000000003,0.0,0.0,0.0,0.0
2019-07-24 05:00:56,67.15333333333334,9.46,33.46,0.0,0.0,0.0,0.0
2019-07-24 06:00:56,69.95,10.62,30.825,0.0,0.0,0.0,0.0
2019-07-24 07:00:56,79.83666666666667,22.149999999999995,20.75,0.0,0.0,0.0,0.0
2019-07-24 08:00:56,92.87333333333333,21.515,25.025000000000002,0.0,0.0,0.0,0.0
2019-07-24 09:00:56,71.49666666666667,12.54,18.535,0.0,0.0,0.0,0.0
2019-07-24 10:00:56,58.17666666666667,6.495,10.545000000000002,0.0,0.0,0.0,0.0
2019-07-24 11:00:56,47.95333333333333,4.945,10.219999999999999,0.0,0.0,0.0,0.0
2019-07-24 12:00:56,48.61666666666667,7.650000000000001,8.665000000000001,0.0,0.0,0.0,0.0
2019-07-24 13:00:56,34.916666666666664,8.405,7.669999999999999,0.0,0.0,0.0,0.0
2019-07-24 14:00:56,27.776666666666667,5.2,7.265000000000001,0.0,0.0,0.0,0.0
2019-07-24 15:00:56,23.4,2.8349999999999995,7.335000000000001,0.0,0.0,0.0,0.0
2019-07-24 16:00:56,22.490000000000002,1.845,7.109999999999999,0.0,0.0,0.0,0.0
2019-07-24 17:00:56,24.5,1.79,7.239999999999999,0.0,0.0,0.0,0.0
2019-07-24 18:00:56,22.556666666666665,2.785,6.920000000000001,0.0,0.0,0.0,0.0
2019-07-24 19:00:56,33.75666666666667,7.585,6.75,0.0,0.0,0.0,0.0
2019-07-24 20:00:56,41.43333333333334,8.79,6.705000000000001,0.0,0.0,0.0,0.0
2019-07-24 21:00:56,50.92666666666667,6.815,6.79,0.0,0.0,0.0,0.0
2019-07-24 22:00:56,43.25666666666667,8.69,6.655,0.0,0.0,0.0,0.0
2019-07-24 23:00:56,40.306666666666665,8.68,6.670000000000001,0.0,0.0,0.0,0.0
2019-07-25 00:00:56,39.83,8.98,6.815,0.0,0.0,0.0,0.0
2019-07-25 01:00:56,39.230000000000004,6.364999999999999,6.94,0.0,0.0,0.0,0.0
2019-07-25 02:00:56,34.876666666666665,7.349999999999999,11.11,0.0,0.0,0.0,0.0
2019-07-25 03:00:56,50.906666666666666,6.7,19.575,0.0,0.0,0.0,0.0
2019-07-25 04:00:56,54.86666666666667,9.75,17.985,0.0,0.0,0.0,0.0
2019-07-25 05:00:56,58.44,11.005,27.349999999999998,0.0,0.0,0.0,0.0
2019-07-25 06:00:56,61.166666666666664,14.095,30.914999999999996,0.0,0.0,0.0,0.0
2019-07-25 07:00:56,78.37333333333333,17.23,40.58,0.0,0.0,0.0,0.0
2019-07-25 08:00:56,80.1,10.69,24.090000000000003,0.0,0.0,0.0,0.0
2019-07-25 09:00:56,66.74666666666667,7.405,18.549999999999997,0.0,0.0,0.0,0.0
2019-07-25 10:00:56,61.349999999999994,8.315,14.36,0.0,0.0,0.0,0.0
2019-07-25 11:00:56,67.22333333333333,7.88,11.305,0.0,0.0,0.0,0.0
2019-07-25 12:00:56,51.696666666666665,12.335,9.215,0.0,0.0,0.0,0.0
2019-07-25 13:00:56,41.93,9.23,8.505,0.0,0.0,0.0,0.0
2019-07-25 14:00:56,35.85666666666666,7.845,8.1,0.0,0.0,0.0,0.0
2019-07-25 15:00:56,33.03,4.555,8.31,0.0,0.0,0.0,0.0
2019-07-25 16:00:56,30.116666666666667,3.47,8.17,0.0,0.0,0.0,0.0
2019-07-25 17:00:56,28.19333333333333,2.175,7.719999999999999,0.0,0.0,0.0,0.0
2019-07-25 18:00:56,25.746666666666666,1.535,8.0,0.0,0.0,0.0,0.0
2019-07-25 19:00:56,22.30333333333333,3.715,6.335000000000001,0.0,0.0,0.0,0.0
2019-07-25 20:00:56,30.846666666666664,9.305,6.27,0.0,0.0,0.0,0.0
2019-07-25 21:00:56,31.653333333333336,4.9,6.474999999999999,0.0,0.0,0.0,0.0
2019-07-25 22:00:56,33.53333333333333,5.06,8.605,0.0,0.0,0.0,0.0
2019-07-25 23:00:56,27.49666666666667,10.53,7.285,0.0,0.0,0.0,0.0
2019-07-26 00:00:56,19.813333333333333,8.825,6.474999999999999,0.0,0.0,0.0,0.0
2019-07-26 01:00:56,21.023333333333333,7.900000000000001,7.085000000000001,0.0,0.0,0.0,0.0
2019-07-26 02:00:56,15.906666666666666,4.62,7.074999999999999,0.0,0.0,0.0,0.0
2019-07-26 03:00:56,17.063333333333333,3.49,7.125,0.0,0.0,0.0,0.0
2019-07-26 04:00:56,17.42,3.58,7.530000000000001,0.0,0.0,0.0,0.0
2019-07-26 05:00:56,20.656666666666666,2.0,8.219999999999999,0.0,0.0,0.0,0.0
2019-07-26 06:00:56,20.200000000000003,2.085,11.75,0.0,0.0,0.0,0.0
2019-07-26 07:00:56,30.980000000000004,4.85,13.325000000000001,0.0,0.0,0.0,0.0
2019-07-26 08:00:56,30.833333333333332,8.33,23.680000000000003,0.0,0.0,0.0,0.0
2019-07-26 09:00:56,20.473333333333333,0.0,11.310000000000002,0.0,0.0,0.0,0.0
2019-07-26 10:00:56,16.30666666666667,0.0,9.25,0.0,0.0,0.0,0.0
2019-07-26 11:00:56,4.67,0.0,1.215,0.0,0.0,0.0,0.0
2019-07-26 12:00:56,11.553333333333333,0.0,5.4750000000000005,0.0,0.0,0.0,0.0
2019-07-26 13:00:56,9.416666666666666,0.0,1.6600000000000001,0.0,0.0,0.0,0.0
2019-07-26 14:00:56,6.25,0.0,1.12,0.0,0.0,0.0,0.0
2019-07-26 15:00:56,8.74,0.0,1.79,0.0,0.0,0.0,0.0
2019-07-26 16:00:56,10.893333333333333,0.0,2.455,0.0,0.0,0.0,0.0
2019-07-26 17:00:56,11.219999999999999,0.0,2.725,0.0,0.0,0.0,0.0
2019-07-26 18:00:56,12.716666666666667,0.0,3.115,0.0,0.0,0.0,0.0
2019-07-26 19:00:56,20.730000000000004,0.0,2.475,0.0,0.0,0.0,0.0
2019-07-26 20:00:56,35.21333333333333,0.0,2.22,0.0,0.0,0.0,0.0
2019-07-26 21:00:56,36.65,0.0,2.275,0.0,0.0,0.0,0.0
2019-07-26 22:00:56,44.79,0.0,2.35,0.0,0.0,0.0,0.0
2019-07-26 23:00:56,42.91,0.0,2.515,0.0,0.0,0.0,0.0
2019-07-27 00:00:56,36.18,0.0,2.585,0.0,0.0,0.0,0.0
2019-07-27 01:00:56,34.92333333333333,0.0,2.16,0.0,0.0,0.0,0.0
2019-07-27 02:00:56,32.14,0.0,2.235,0.0,0.0,0.0,0.0
2019-07-27 03:00:56,28.186666666666667,0.0,3.6099999999999994,0.0,0.0,0.0,0.0
2019-07-27 04:00:56,32.61333333333333,0.0,6.555,0.0,0.0,0.0,0.0
2019-07-27 05:00:56,44.53333333333333,0.0,24.075000000000003,0.0,0.0,0.0,0.0
2019-07-27 06:00:56,59.95333333333334,0.0,19.38,0.0,0.0,0.0,0.0
2019-07-27 07:00:56,57.56,0.0,24.575000000000003,0.0,0.0,0.0,0.0
2019-07-27 08:00:56,82.93,0.0,24.100000000000005,0.0,0.0,0.0,0.0
2019-07-27 09:00:56,71.84666666666666,0.0,10.24,0.0,0.0,0.0,0.0
2019-07-27 10:00:56,47.583333333333336,0.0,7.565,0.0,0.0,0.0,0.0
2019-07-27 11:00:56,34.24666666666666,0.0,6.37,0.0,0.0,0.0,0.0
2019-07-27 12:00:56,34.09,0.0,5.93,0.0,0.0,0.0,0.0
2019-07-27 13:00:56,25.083333333333332,0.0,5.390000000000001,0.0,0.0,0.0,0.0
2019-07-27 14:00:56,21.21333333333333,0.0,4.645,0.0,0.0,0.0,0.0
2019-07-27 15:00:56,13.34,0.0,4.640000000000001,0.0,0.0,0.0,0.0
2019-07-27 16:00:56,11.753333333333334,0.0,4.755,0.0,0.0,0.0,0.0
2019-07-27 17:00:56,12.393333333333333,0.0,4.78,0.0,0.0,0.0,0.0
2019-07-27 18:00:56,23.936666666666667,0.0,4.87,0.0,0.0,0.0,0.0
2019-07-27 19:00:56,37.516666666666666,0.0,4.52,0.0,0.0,0.0,0.0
2019-07-27 20:00:56,49.980000000000004,0.0,4.46,0.0,0.0,0.0,0.0
2019-07-27 21:00:56,57.16,0.0,4.565,0.0,0.0,0.0,0.0
2019-07-27 22:00:56,48.36,0.0,4.1,0.0,0.0,0.0,0.0
2019-07-27 23:00:56,44.696666666666665,0.0,4.11,0.0,0.0,0.0,0.0
2019-07-28 00:00:56,35.03333333333333,0.0,4.085,0.0,0.0,0.0,0.0
2019-07-28 01:00:56,32.236666666666665,0.0,4.055,0.0,0.0,0.0,0.0
2019-07-28 02:00:56,23.746666666666666,0.0,4.835,0.0,0.0,0.0,0.0
2019-07-28 03:00:56,30.296666666666667,0.0,11.82,0.0,0.0,0.0,0.0
2019-07-28 04:00:56,33.12,0.0,14.649999999999999,0.0,0.0,0.0,0.0
2019-07-28 05:00:56,40.13666666666666,0.0,20.99,0.0,0.0,0.0,0.0
2019-07-28 06:00:56,60.93,0.0,35.404999999999994,0.0,0.0,0.0,0.0
2019-07-28 07:00:56,70.47666666666666,0.0,20.275000000000002,0.0,0.0,0.0,0.0
2019-07-28 08:00:56,73.44999999999999,0.0,42.16,0.0,0.0,0.0,0.0
2019-07-28 09:00:56,78.46333333333334,0.0,28.265,0.0,0.0,0.0,0.0
2019-07-28 10:00:56,61.03333333333333,0.0,16.155,0.0,0.0,0.0,0.0
2019-07-28 11:00:56,42.46666666666667,0.0,7.745,0.0,0.0,0.0,0.0
2019-07-28 12:00:56,25.543333333333333,0.0,4.935,0.0,0.0,0.0,0.0
2019-07-28 13:00:56,19.556666666666665,0.0,4.739999999999999,0.0,0.0,0.0,0.0
2019-07-28 14:00:56,22.57,0.0,4.905,0.0,0.0,0.0,0.0
2019-07-28 15:00:56,13.713333333333333,0.0,4.93,0.0,0.0,0.0,0.0
2019-07-28 16:00:56,15.636666666666665,0.0,4.915,0.0,0.0,0.0,0.0
2019-07-28 17:00:56,19.833333333333332,0.0,4.96,0.0,0.0,0.0,0.0
2019-07-28 18:00:56,25.560000000000002,0.0,5.05,0.0,0.0,0.0,0.0
2019-07-28 19:00:56,32.986666666666665,0.0,5.0,0.0,0.0,0.0,0.0
2019-07-28 20:00:56,41.96,0.0,4.99,0.0,0.0,0.0,0.0
2019-07-28 21:00:56,49.44333333333333,0.0,4.695,0.0,0.0,0.0,0.0
2019-07-28 22:00:56,46.77,0.0,4.465,0.0,0.0,0.0,0.0
2019-07-28 23:00:56,37.97,0.0,5.005,0.0,0.0,0.0,0.0
2019-07-29 00:00:56,36.403333333333336,0.0,6.44,0.0,0.0,0.0,0.0
2019-07-29 01:00:56,25.87333333333333,0.0,5.765000000000001,0.0,0.0,0.0,0.0
2019-07-29 02:00:56,30.60666666666667,0.0,8.145,0.0,0.0,0.0,0.0
2019-07-29 03:00:56,35.35666666666666,0.0,13.134999999999998,0.0,0.0,0.0,0.0
2019-07-29 04:00:56,40.3,0.0,17.855,0.0,0.0,0.0,0.0
2019-07-29 05:00:56,45.33666666666667,0.0,15.5,0.0,0.0,0.0,0.0
2019-07-29 06:00:56,48.25,0.0,14.455,0.0,0.0,0.0,0.0
2019-07-29 07:00:56,59.00666666666667,0.0,19.475,0.0,0.0,0.0,0.0
2019-07-29 08:00:56,61.03666666666667,0.0,23.290000000000003,0.0,0.0,0.0,0.0
2019-07-29 09:00:56,70.38333333333333,0.0,18.080000000000002,0.0,0.0,0.0,0.0
2019-07-29 10:00:56,61.03333333333333,0.0,11.79,0.0,0.0,0.0,0.0
2019-07-29 11:00:56,47.019999999999996,0.0,7.555,0.0,0.0,0.0,0.0
2019-07-29 12:00:56,40.876666666666665,0.0,6.335000000000001,0.0,0.0,0.0,0.0
2019-07-29 13:00:56,32.14666666666667,0.0,6.335,0.0,0.0,0.0,0.0
2019-07-29 14:00:56,27.763333333333332,0.0,8.775,0.0,0.0,0.0,0.0
2019-07-29 15:00:56,24.736666666666668,0.0,7.530000000000001,0.0,0.0,0.0,0.0
2019-07-29 16:00:56,34.07,0.0,6.8,0.0,0.0,0.0,0.0
2019-07-29 17:00:56,31.173333333333332,0.0,7.07,0.0,0.0,0.0,0.0
2019-07-29 18:00:56,35.156666666666666,0.0,6.68,0.0,0.0,0.0,0.0
2019-07-29 19:00:56,30.540000000000003,0.0,9.415000000000001,0.0,0.0,0.0,0.0
2019-07-29 20:00:56,41.95,0.0,12.910000000000002,0.0,0.0,0.0,0.0
2019-07-29 21:00:56,77.84666666666666,0.0,10.805,0.0,0.0,0.0,0.0
2019-07-29 22:00:56,105.36333333333334,0.0,24.705,0.0,0.0,0.0,0.0
2019-07-29 23:00:56,126.51666666666668,0.0,35.254999999999995,0.0,0.0,0.0,0.0
2019-07-30 00:00:56,131.90666666666667,0.0,28.605,0.0,0.0,0.0,0.0
2019-07-30 01:00:56,124.84,0.0,36.195,0.0,0.0,0.0,0.0
2019-07-30 02:00:56,123.77,0.0,31.715000000000003,0.0,0.0,0.0,0.0
2019-07-30 03:00:56,104.62666666666667,0.0,29.13,0.0,0.0,0.0,0.0
2019-07-30 04:00:56,97.32,0.0,57.195,0.0,0.0,0.0,0.0
2019-07-30 05:00:56,99.38,0.0,24.26,0.0,0.0,0.0,0.0
2019-07-30 06:00:56,83.27333333333333,0.0,19.64,0.0,0.0,0.0,0.0
2019-07-30 07:00:56,81.99333333333334,0.0,33.589999999999996,0.0,0.0,0.0,0.0
2019-07-30 08:00:56,95.21666666666665,0.0,32.25,0.0,0.0,0.0,0.0
2019-07-30 09:00:56,107.86666666666667,0.0,33.42,0.0,0.0,0.0,0.0
2019-07-30 10:00:56,87.53333333333333,0.0,15.524999999999999,0.0,0.0,0.0,0.0
2019-07-30 11:00:56,69.1,0.0,12.160000000000002,0.0,0.0,0.0,0.0
2019-07-30 12:00:56,69.42333333333333,0.0,11.635,0.0,0.0,0.0,0.0
2019-07-30 13:00:56,66.45666666666666,0.0,10.5,0.0,0.0,0.0,0.0
2019-07-30 14:00:56,68.14333333333333,0.0,9.115,0.0,0.0,0.0,0.0
2019-07-30 15:00:56,63.77333333333333,0.0,7.640000000000001,0.0,0.0,0.0,0.0
2019-07-30 16:00:56,59.00666666666667,0.0,8.25,0.0,0.0,0.0,0.0
2019-07-30 17:00:56,69.52,0.0,7.395,0.0,0.0,0.0,0.0
2019-07-30 18:00:56,69.67666666666666,0.0,7.879999999999999,0.0,0.0,0.0,0.0
2019-07-30 19:00:56,72.31333333333333,0.0,6.565,0.0,0.0,0.0,0.0
2019-07-30 20:00:56,79.93333333333334,0.0,5.765000000000001,0.0,0.0,0.0,0.0
2019-07-30 21:00:56,91.36666666666667,0.0,5.0200000000000005,0.0,0.0,0.0,0.0
2019-07-30 22:00:56,89.97666666666667,0.0,4.435,0.0,0.0,0.0,0.0
2019-07-30 23:00:56,79.51333333333334,0.0,4.045,0.0,0.0,0.0,0.0
2019-07-31 00:00:56,61.20666666666667,0.0,3.735,0.0,0.0,0.0,0.0
2019-07-31 01:00:56,45.723333333333336,0.0,3.4299999999999997,0.0,0.0,0.0,0.0
2019-07-31 02:00:56,44.85,0.0,3.935,0.0,0.0,0.0,0.0
2019-07-31 03:00:56,45.413333333333334,0.0,11.274999999999999,0.0,0.0,0.0,0.0
2019-07-31 04:00:56,58.983333333333334,0.0,17.575,0.0,0.0,0.0,0.0
2019-07-31 05:00:56,62.400000000000006,0.0,16.785,0.0,0.0,0.0,0.0
2019-07-31 06:00:56,64.98,0.0,10.535,0.0,0.0,0.0,0.0
2019-07-31 07:00:56,59.60333333333333,0.0,25.345,0.0,0.0,0.0,0.0
2019-07-31 08:00:56,68.39666666666666,0.0,45.655,0.0,0.0,0.0,0.0
2019-07-31 09:00:56,66.33333333333333,0.0,20.455000000000002,0.0,0.0,0.0,0.0
2019-07-31 10:00:56,52.76,0.0,9.9,0.0,0.0,0.0,0.0
2019-07-31 11:00:56,41.4,0.0,5.154999999999999,0.0,0.0,0.0,0.0
2019-07-31 12:00:56,35.75666666666667,0.0,4.42,0.0,0.0,0.0,0.0
2019-07-31 13:00:56,30.943333333333335,0.0,4.09,0.0,0.0,0.0,0.0
2019-07-31 14:00:56,35.306666666666665,0.0,4.3999999999999995,0.0,0.0,0.0,0.0
2019-07-31 15:00:56,35.666666666666664,0.0,4.36,0.0,0.0,0.0,0.0
2019-07-31 16:00:56,29.756666666666664,0.0,4.685,0.0,0.0,0.0,0.0
2019-07-31 17:00:56,25.76,0.0,4.26,0.0,0.0,0.0,0.0
2019-07-31 18:00:56,35.276666666666664,0.0,4.19,0.0,0.0,0.0,0.0
2019-07-31 19:00:56,50.44,0.0,3.7650000000000006,0.0,0.0,0.0,0.0
2019-07-31 20:00:56,63.35333333333333,0.0,3.535,0.0,0.0,0.0,0.0
2019-07-31 21:00:56,64.94,0.0,3.235,0.0,0.0,0.0,0.0
2019-07-31 22:00:56,59.68,0.0,3.1449999999999996,0.0,0.0,0.0,0.0
2019-07-31 23:00:56,47.75,0.0,3.845,0.0,0.0,0.0,0.0
2019-08-01 00:00:56,48.10666666666667,0.0,4.185,0.0,0.0,0.0,0.0
2019-08-01 01:00:56,43.93666666666667,0.0,4.065,0.0,0.0,0.0,0.0
2019-08-01 02:00:56,38.19,0.0,3.92,0.0,0.0,0.0,0.0
2019-08-01 03:00:56,31.99,0.0,4.085,0.0,0.0,0.0,0.0
2019-08-01 04:00:56,33.60666666666667,0.0,6.595,0.0,0.0,0.0,0.0
2019-08-01 05:00:56,33.18,0.0,14.915,0.0,0.0,0.0,0.0
2019-08-01 06:00:56,55.42666666666667,0.0,17.419999999999998,0.0,0.0,0.0,0.0
2019-08-01 07:00:56,48.95333333333333,0.0,18.765,0.0,0.0,0.0,0.0
2019-08-01 08:00:56,68.25666666666666,0.0,45.425000000000004,0.0,0.0,0.0,0.0
2019-08-01 09:00:56,83.12666666666667,0.0,21.53,0.0,0.0,0.0,0.0
2019-08-01 10:00:56,68.33,0.0,11.969999999999999,0.0,0.0,0.0,0.0
2019-08-01 11:00:56,54.06333333333333,0.0,6.0,0.0,0.0,0.0,0.0
2019-08-01 12:00:56,43.96,0.0,0.9899999999999999,0.0,0.0,0.0,0.0
2019-08-01 13:00:56,38.17,0.0,4.79,0.0,0.0,0.0,0.0
2019-08-01 14:00:56,30.676666666666666,0.0,4.775,0.0,0.0,0.0,0.0
2019-08-01 15:00:56,26.546666666666667,0.0,4.93,0.0,0.0,0.0,0.0
2019-08-01 16:00:56,31.566666666666666,0.0,4.88,0.0,0.0,0.0,0.0
2019-08-01 17:00:56,33.74333333333333,0.0,4.989999999999999,0.0,0.0,0.0,0.0
2019-08-01 18:00:56,37.45,0.0,4.92,0.0,0.0,0.0,0.0
2019-08-01 19:00:56,53.093333333333334,0.0,4.63,0.0,0.0,0.0,0.0
2019-08-01 20:00:56,63.43666666666667,0.0,4.47,0.0,0.0,0.0,0.0
2019-08-01 21:00:56,59.76,0.0,4.31,0.0,0.0,0.0,0.0
2019-08-01 22:00:56,59.48333333333333,0.0,4.225,0.0,0.0,0.0,0.0
2019-08-01 23:00:56,54.25,0.0,4.425000000000001,0.0,0.0,0.0,0.0
2019-08-02 00:00:56,47.34,0.0,4.31,0.0,0.0,0.0,0.0
2019-08-02 01:00:56,38.53333333333333,0.0,4.18,0.0,0.0,0.0,0.0
2019-08-02 02:00:56,32.556666666666665,0.0,4.325,0.0,0.0,0.0,0.0
2019-08-02 03:00:56,31.673333333333332,0.0,6.43,0.0,0.0,0.0,0.0
2019-08-02 04:00:56,39.20666666666667,0.0,18.904999999999998,0.0,0.0,0.0,0.0
2019-08-02 05:00:56,50.276666666666664,0.0,20.52,0.0,0.0,0.0,0.0
2019-08-02 06:00:56,53.21333333333334,0.0,31.394999999999996,0.0,0.0,0.0,0.0
2019-08-02 07:00:56,62.18666666666667,0.0,39.01,0.0,0.0,0.0,0.0
2019-08-02 08:00:56,66.23333333333333,0.0,28.334999999999997,0.0,0.0,0.0,0.0
2019-08-02 09:00:56,64.96333333333334,0.0,41.175000000000004,0.0,0.0,0.0,0.0
2019-08-02 10:00:56,73.35666666666667,0.0,20.095000000000002,0.0,0.0,0.0,0.0
2019-08-02 11:00:56,69.06666666666666,0.0,12.775,0.0,0.0,0.0,0.0
2019-08-02 12:00:56,62.53,0.0,6.84,0.0,0.0,0.0,0.0
2019-08-02 13:00:56,43.123333333333335,0.0,5.37,0.0,0.0,0.0,0.0
2019-08-02 14:00:56,37.38666666666666,0.0,5.07,0.0,0.0,0.0,0.0
2019-08-02 15:00:56,34.833333333333336,0.0,4.864999999999999,0.0,0.0,0.0,0.0
2019-08-02 16:00:56,25.773333333333333,0.0,4.74,0.0,0.0,0.0,0.0
2019-08-02 17:00:56,30.593333333333334,0.0,4.585,0.0,0.0,0.0,0.0
2019-08-02 18:00:56,42.18,0.0,4.225,0.0,0.0,0.0,0.0
2019-08-02 19:00:56,44.49,0.0,3.9800000000000004,0.0,0.0,0.0,0.0
2019-08-02 20:00:56,58.01,0.0,3.875,0.0,0.0,0.0,0.0
2019-08-02 21:00:56,47.49666666666667,0.0,3.8250000000000006,0.0,0.0,0.0,0.0
2019-08-02 22:00:56,46.370000000000005,0.0,3.8000000000000003,0.0,0.0,0.0,0.0
2019-08-02 23:00:56,38.19,0.0,3.7650000000000006,0.0,0.0,0.0,0.0
2019-08-03 00:00:56,37.88,0.0,3.795,0.0,0.0,0.0,0.0
2019-08-03 01:00:56,38.64,0.0,3.9800000000000004,0.0,0.0,0.0,0.0
2019-08-03 02:00:56,32.07333333333334,0.0,3.6950000000000003,0.0,0.0,0.0,0.0
2019-08-03 03:00:56,31.063333333333333,0.0,3.785,0.0,0.0,0.0,0.0
2019-08-03 04:00:56,30.71,0.0,5.05,0.0,0.0,0.0,0.0
2019-08-03 05:00:56,39.02333333333333,0.0,5.785,0.0,0.0,0.0,0.0
2019-08-03 06:00:56,30.493333333333336,0.0,5.695,0.0,0.0,0.0,0.0
2019-08-03 07:00:56,44.96333333333334,0.0,8.495,0.0,0.0,0.0,0.0
2019-08-03 08:00:56,47.06333333333333,0.0,17.72,0.0,0.0,0.0,0.0
2019-08-03 09:00:56,48.43333333333334,0.0,17.425,0.0,0.0,0.0,0.0
2019-08-03 10:00:56,50.11,0.0,10.385,0.0,0.0,0.0,0.0
2019-08-03 11:00:56,46.78333333333334,0.0,6.94,0.0,0.0,0.0,0.0
2019-08-03 12:00:56,41.47666666666667,0.0,5.919999999999999,0.0,0.0,0.0,0.0
2019-08-03 13:00:56,37.05,0.0,6.2749999999999995,0.0,0.0,0.0,0.0
2019-08-03 14:00:56,33.28333333333333,0.0,7.905,0.0,0.0,0.0,0.0
2019-08-03 15:00:56,31.34,0.0,7.425000000000001,0.0,0.0,0.0,0.0
2019-08-03 16:00:56,23.423333333333332,0.0,6.3500000000000005,0.0,0.0,0.0,0.0
2019-08-03 17:00:56,19.62333333333333,0.0,6.670000000000001,0.0,0.0,0.0,0.0
2019-08-03 18:00:56,17.616666666666667,0.0,6.715,0.0,0.0,0.0,0.0
2019-08-03 19:00:56,26.46666666666667,0.0,6.109999999999999,0.0,0.0,0.0,0.0
2019-08-03 20:00:56,29.006666666666668,0.0,5.44,0.0,0.0,0.0,0.0
2019-08-03 21:00:56,48.666666666666664,0.0,5.245,0.0,0.0,0.0,0.0
2019-08-03 22:00:56,56.86333333333334,0.0,5.055,0.0,0.0,0.0,0.0
2019-08-03 23:00:56,52.27333333333333,0.0,6.3500000000000005,0.0,0.0,0.0,0.0
2019-08-04 00:00:56,50.29666666666666,0.0,7.324999999999999,0.0,0.0,0.0,0.0
2019-08-04 01:00:56,48.57666666666666,0.0,18.64,0.0,0.0,0.0,0.0
2019-08-04 02:00:56,54.23333333333333,0.0,11.125,0.0,0.0,0.0,0.0
2019-08-04 03:00:56,55.98,0.0,14.565,0.0,0.0,0.0,0.0
2019-08-04 04:00:56,76.19333333333333,0.0,12.49,0.0,0.0,0.0,0.0
2019-08-04 05:00:56,87.65333333333334,0.0,19.130000000000003,0.0,0.0,0.0,0.0
2019-08-04 06:00:56,92.55333333333333,0.0,13.735,0.0,0.0,0.0,0.0
2019-08-04 07:00:56,81.17666666666666,0.0,13.950000000000001,0.0,0.0,0.0,0.0
2019-08-04 08:00:56,94.17666666666668,0.0,28.075,0.0,0.0,0.0,0.0
2019-08-04 09:00:56,86.45333333333333,0.0,21.235,0.0,0.0,0.0,0.0
2019-08-04 10:00:56,59.43333333333334,0.0,16.315,0.0,0.0,0.0,0.0
2019-08-04 11:00:56,44.88333333333333,0.0,13.219999999999999,0.0,0.0,0.0,0.0
2019-08-04 12:00:56,43.89,0.0,6.419999999999999,0.0,0.0,0.0,0.0
2019-08-04 13:00:56,35.07666666666667,0.0,4.7299999999999995,0.0,0.0,0.0,0.0
2019-08-04 14:00:56,32.086666666666666,0.0,4.0200000000000005,0.0,0.0,0.0,0.0
2019-08-04 15:00:56,39.50666666666667,0.0,3.6400000000000006,0.0,0.0,0.0,0.0
2019-08-04 16:00:56,40.266666666666666,0.0,3.625,0.0,0.0,0.0,0.0
2019-08-04 17:00:56,85.67666666666668,0.0,3.4450000000000003,0.0,0.0,0.0,0.0
2019-08-04 18:00:56,75.58,0.0,3.6400000000000006,0.0,0.0,0.0,0.0
2019-08-04 19:00:56,45.64333333333333,0.0,4.915,0.0,0.0,0.0,0.0
2019-08-04 20:00:56,35.39666666666667,0.0,3.86,0.0,0.0,0.0,0.0
2019-08-04 21:00:56,30.0,0.0,3.345,0.0,0.0,0.0,0.0
2019-08-04 22:00:56,26.71333333333333,0.0,3.135,0.0,0.0,0.0,0.0
2019-08-04 23:00:56,25.05333333333333,0.0,3.5150000000000006,0.0,0.0,0.0,0.0
2019-08-05 00:00:56,29.873333333333335,0.0,3.66,0.0,0.0,0.0,0.0
2019-08-05 01:00:56,22.356666666666666,0.0,3.6350000000000002,0.0,0.0,0.0,0.0
2019-08-05 02:00:56,21.506666666666668,0.0,3.565,0.0,0.0,0.0,0.0
2019-08-05 03:00:56,12.243333333333332,0.0,3.375,0.0,0.0,0.0,0.0
2019-08-05 04:00:56,11.336666666666666,0.0,3.155,0.0,0.0,0.0,0.0
2019-08-05 05:00:56,11.206666666666665,0.0,3.1750000000000003,0.0,0.0,0.0,0.0
2019-08-05 06:00:56,16.71666666666667,0.0,3.365,0.0,0.0,0.0,0.0
2019-08-05 07:00:56,12.726666666666667,0.0,3.3349999999999995,0.0,0.0,0.0,0.0
2019-08-05 08:00:56,14.146666666666668,0.0,3.2750000000000004,0.0,0.0,0.0,0.0
2019-08-05 09:00:56,19.07,0.0,3.145,0.0,0.0,0.0,0.0
2019-08-05 10:00:56,18.35,0.0,3.02,0.0,0.0,0.0,0.0
2019-08-05 11:00:56,14.41,0.0,3.1400000000000006,0.0,0.0,0.0,0.0
2019-08-05 12:00:56,18.013333333333332,0.0,3.2900000000000005,0.0,0.0,0.0,0.0
2019-08-05 13:00:56,17.48,0.0,3.1199999999999997,0.0,0.0,0.0,0.0
2019-08-05 14:00:56,20.323333333333334,0.0,3.185,0.0,0.0,0.0,0.0
2019-08-05 15:00:56,19.253333333333334,0.0,3.2650000000000006,0.0,0.0,0.0,0.0
2019-08-05 16:00:56,20.07,0.0,3.24,0.0,0.0,0.0,0.0
2019-08-05 17:00:56,19.38,0.0,3.205,0.0,0.0,0.0,0.0
2019-08-05 18:00:56,26.136666666666667,0.0,3.1899999999999995,0.0,0.0,0.0,0.0
2019-08-05 19:00:56,31.396666666666665,0.0,3.0749999999999997,0.0,0.0,0.0,0.0
2019-08-05 20:00:56,32.42,0.0,2.9299999999999997,12.15,14.165,0.0,0.0
2019-08-05 21:00:56,30.003333333333334,0.0,2.8350000000000004,10.39,12.464999999999998,0.0,0.0
2019-08-05 22:00:56,29.113333333333333,0.0,2.7550000000000003,8.09,9.16,0.0,0.0
2019-08-05 23:00:56,33.15,0.0,2.9949999999999997,7.465,8.295,0.0,0.0
2019-08-06 00:00:56,24.31,0.0,3.09,8.505,9.825,0.0,0.0
2019-08-06 01:00:56,23.233333333333334,0.0,3.0700000000000003,8.455,9.52,0.0,0.0
2019-08-06 02:00:56,21.13,0.0,3.8350000000000004,6.885000000000001,7.435,0.0,0.0
2019-08-06 03:00:56,13.886666666666667,0.0,13.100000000000001,5.425,5.875,0.0,0.0
2019-08-06 04:00:56,27.810000000000002,0.0,10.284999999999998,6.79,7.330000000000001,0.0,0.0
2019-08-06 05:00:56,31.723333333333333,0.0,13.340000000000002,11.06,12.125,0.0,0.0
2019-08-06 06:00:56,48.92333333333333,0.0,13.88,9.72,10.9,0.0,0.0
2019-08-06 07:00:56,58.77333333333333,0.0,21.145000000000003,11.615,15.56,0.0,0.0
2019-08-06 08:00:56,53.66,0.0,31.310000000000002,13.17,17.8,0.0,0.0
2019-08-06 09:00:56,42.35,0.0,12.214999999999998,9.785,12.339999999999998,0.0,0.0
2019-08-06 10:00:56,31.830000000000002,0.0,4.545,12.06,15.475,0.0,0.0
2019-08-06 11:00:56,25.096666666666664,0.0,3.725,9.32,11.38,0.0,0.0
2019-08-06 12:00:56,22.403333333333332,0.0,3.4749999999999996,8.64,10.575,0.0,0.0
2019-08-06 13:00:56,16.09,0.0,2.415,9.235,11.295,0.0,0.0
2019-08-06 14:00:56,14.736666666666666,0.0,3.365,7.669999999999999,9.2,0.0,0.0
2019-08-06 15:00:56,11.943333333333333,0.0,3.25,8.775,10.435,0.0,0.0
2019-08-06 16:00:56,15.15,0.0,3.455,8.095,9.725,0.0,0.0
2019-08-06 17:00:56,23.333333333333332,0.0,3.205,10.19,12.735,0.0,0.0
2019-08-06 18:00:56,21.82333333333333,0.0,3.6649999999999996,8.285,9.845,0.0,0.0
2019-08-06 19:00:56,28.80666666666667,0.0,3.33,8.92,10.65,0.0,0.0
2019-08-06 20:00:56,42.38333333333333,0.0,3.2900000000000005,8.16,9.645,0.0,0.0
2019-08-06 21:00:56,32.35666666666667,0.0,3.1999999999999997,8.765,10.48,0.0,0.0
2019-08-06 22:00:56,29.823333333333334,0.0,2.99,5.885000000000001,7.0,0.0,0.0
2019-08-06 23:00:56,28.35333333333333,0.0,2.89,4.88,5.5,0.0,0.0
2019-08-07 00:00:56,29.426666666666666,0.0,3.1500000000000004,6.105,7.175,0.0,0.0
2019-08-07 01:00:56,21.05,0.0,3.0,8.865,10.075,0.0,0.0
2019-08-07 02:00:56,17.29,0.0,2.75,4.95,5.474999999999999,0.0,0.0
2019-08-07 03:00:56,20.866666666666667,0.0,3.19,5.474999999999999,6.080000000000001,0.0,0.0
2019-08-07 04:00:56,16.073333333333334,0.0,11.51,3.73,3.945,0.0,0.0
2019-08-07 05:00:56,15.323333333333332,0.0,4.7250000000000005,5.28,6.085,0.0,0.0
2019-08-07 06:00:56,18.55333333333333,0.0,12.579999999999998,6.105,7.375,0.0,0.0
2019-08-07 07:00:56,27.173333333333332,0.0,42.05,10.165,13.285000000000002,0.0,0.0
2019-08-07 08:00:56,45.0,0.0,42.42,14.6,18.045,0.0,0.0
2019-08-07 09:00:56,57.52333333333334,0.0,15.005,15.225,18.855,0.0,0.0
2019-08-07 10:00:56,72.02333333333334,0.0,9.33,13.415,16.24,0.0,0.0
2019-08-07 11:00:56,48.21,0.0,4.23,9.925,12.71,0.0,0.0
2019-08-07 12:00:56,25.383333333333333,0.0,3.34,7.97,9.68,0.0,0.0
2019-08-07 13:00:56,17.523333333333333,0.0,3.3349999999999995,10.01,12.54,0.0,0.0
2019-08-07 14:00:56,28.81,0.0,3.285,11.199999999999998,14.435,0.0,0.0
2019-08-07 15:00:56,22.253333333333334,0.0,3.2699999999999996,9.31,11.165,0.0,0.0
2019-08-07 16:00:56,14.32,0.0,3.5199999999999996,9.825,11.925000000000002,0.0,0.0
2019-08-07 17:00:56,16.11,0.0,3.1799999999999997,8.64,10.125,0.0,0.0
2019-08-07 18:00:56,18.923333333333332,0.0,3.2099999999999995,9.305,11.315,0.0,0.0
2019-08-07 19:00:56,25.473333333333333,0.0,3.1300000000000003,9.3,11.635,0.0,0.0
2019-08-07 20:00:56,32.71666666666667,0.0,3.0,7.07,8.33,0.0,0.0
2019-08-07 21:00:56,31.343333333333334,0.0,2.9299999999999997,6.41,7.625,0.0,0.0
2019-08-07 22:00:56,33.343333333333334,0.0,3.1199999999999997,6.06,7.335,0.0,0.0
2019-08-07 23:00:56,36.013333333333335,0.0,5.765000000000001,8.265,9.695,0.0,0.0
2019-08-08 00:00:56,24.99,0.0,4.75,8.215,9.285,0.0,0.0
2019-08-08 01:00:56,20.259999999999998,0.0,12.29,7.25,8.435,0.0,0.0
2019-08-08 02:00:56,25.073333333333334,0.0,21.474999999999998,7.745,8.515,0.0,0.0
2019-08-08 03:00:56,31.686666666666667,0.0,26.735,10.06,10.89,0.0,0.0
2019-08-08 04:00:56,45.52333333333333,0.0,24.62,11.13,11.57,0.0,0.0
2019-08-08 05:00:56,64.58333333333333,0.0,38.36,11.495,12.050000000000002,0.0,0.0
2019-08-08 06:00:56,77.13,0.0,42.465,11.22,13.449999999999998,0.0,0.0
2019-08-08 07:00:56,84.19666666666667,0.0,44.794999999999995,11.14,14.32,0.0,0.0
2019-08-08 08:00:56,73.58,0.0,72.55499999999999,15.885,23.01,0.0,0.0
2019-08-08 09:00:56,73.49,0.0,52.06,13.705,16.46,0.0,0.0
2019-08-08 10:00:56,70.92333333333333,0.0,19.66,14.025,16.695,0.0,0.0
2019-08-08 11:00:56,57.116666666666674,0.0,16.25,11.635,13.229999999999999,0.0,0.0
2019-08-08 12:00:56,51.526666666666664,0.0,13.719999999999999,11.485,13.165,0.0,0.0
2019-08-08 13:00:56,36.27666666666667,0.0,9.855,13.985,17.125,0.0,0.0
2019-08-08 14:00:56,23.47,0.0,5.135,14.83,19.07,0.0,0.0
2019-08-08 15:00:56,21.14,0.0,5.19,12.214999999999998,14.58,0.0,0.0
2019-08-08 16:00:56,19.156666666666666,0.0,5.125,15.26,18.88,0.0,0.0
2019-08-08 17:00:56,24.310000000000002,0.0,5.385000000000001,14.63,18.19,0.0,0.0
2019-08-08 18:00:56,20.926666666666666,0.0,5.265000000000001,11.81,13.975,0.0,0.0
2019-08-08 19:00:56,24.186666666666667,0.0,5.005,10.03,11.985,0.0,0.0
2019-08-08 20:00:56,34.47666666666667,0.0,5.3999999999999995,10.875,12.910000000000002,0.0,0.0
2019-08-08 21:00:56,54.45666666666667,0.0,5.94,10.19,11.905,0.0,0.0
2019-08-08 22:00:56,38.306666666666665,0.0,6.079999999999999,7.87,8.835,0.0,0.0
2019-08-08 23:00:56,44.43,0.0,6.204999999999999,13.824999999999998,17.455,0.0,0.0
2019-08-09 00:00:56,49.2,0.0,6.035,10.56,12.660000000000002,0.0,0.0
2019-08-09 01:00:56,35.69,0.0,25.650000000000002,16.545,19.01,0.0,0.0
2019-08-09 02:00:56,51.45333333333333,0.0,47.125,18.31,22.74,0.0,0.0
2019-08-09 03:00:56,54.77333333333333,0.0,60.925000000000004,15.035000000000002,16.98,0.0,0.0
2019-08-09 04:00:56,70.56333333333333,0.0,51.39000000000001,16.02,20.08,0.0,0.0
2019-08-09 05:00:56,85.57666666666667,0.0,39.445,13.595,14.854999999999999,0.0,0.0
2019-08-09 06:00:56,81.03666666666666,0.0,36.98,13.160000000000002,15.81,0.0,0.0
2019-08-09 07:00:56,72.16666666666666,0.0,48.655,15.28,24.649999999999995,0.0,0.0
2019-08-09 08:00:56,97.14,0.0,95.395,17.26,24.92,0.0,0.0
2019-08-09 09:00:56,115.09666666666666,0.0,31.905,16.895,20.95,0.0,0.0
2019-08-09 10:00:56,88.49666666666667,0.0,12.245,13.755,15.96,0.0,0.0
2019-08-09 11:00:56,59.13,0.0,8.065,10.805,11.905,0.0,0.0
2019-08-09 12:00:56,48.72,0.0,8.6,12.865,15.78,0.0,0.0
2019-08-09 13:00:56,39.45333333333333,0.0,6.969999999999999,13.12,17.06,0.0,0.0
2019-08-09 14:00:56,36.43333333333333,0.0,4.795,11.345,13.955,0.0,0.0
2019-08-09 15:00:56,45.45333333333333,0.0,4.595,11.104999999999999,13.72,0.0,0.0
2019-08-09 16:00:56,30.35666666666667,0.0,4.755,10.785000000000002,13.01,0.0,0.0
2019-08-09 17:00:56,37.68666666666667,0.0,4.85,11.93,14.21,0.0,0.0
2019-08-09 18:00:56,40.57,0.0,4.88,11.800000000000002,14.25,0.0,0.0
2019-08-09 19:00:56,48.38,0.0,4.6499999999999995,9.635,11.520000000000001,0.0,0.0
2019-08-09 20:00:56,54.593333333333334,0.0,4.585,9.835,12.089999999999998,0.0,0.0
2019-08-09 21:00:56,50.78333333333333,0.0,4.33,10.495,13.32,0.0,0.0
2019-08-09 22:00:56,45.33,0.0,4.53,7.565,9.19,0.0,0.0
2019-08-09 23:00:56,34.33,0.0,4.45,5.794999999999999,7.04,0.0,0.0
2019-08-10 00:00:56,34.846666666666664,0.0,4.28,7.864999999999999,9.78,0.0,0.0
2019-08-10 01:00:56,32.733333333333334,0.0,4.255,10.365,12.589999999999998,0.0,0.0
2019-08-10 02:00:56,35.13333333333333,0.0,4.415,7.48,9.74,0.0,0.0
2019-08-10 03:00:56,30.04,0.0,4.545,6.69,8.125,0.0,0.0
2019-08-10 04:00:56,25.926666666666666,0.0,7.364999999999999,6.86,7.665,0.0,0.0
2019-08-10 05:00:56,24.840000000000003,0.0,15.549999999999999,9.72,10.910000000000002,0.0,0.0
2019-08-10 06:00:56,48.766666666666666,0.0,13.274999999999999,9.88,10.495,0.0,0.0
2019-08-10 07:00:56,54.99,0.0,7.18,9.925,12.19,0.0,0.0
2019-08-10 08:00:56,72.00333333333333,0.0,12.100000000000001,12.56,15.475,0.0,0.0
2019-08-10 09:00:56,76.52333333333333,0.0,11.200000000000001,10.995,13.020000000000001,0.0,0.0
2019-08-10 10:00:56,51.51,0.0,6.62,10.15,11.685,0.0,0.0
2019-08-10 11:00:56,36.38666666666666,0.0,5.535,11.270000000000001,12.845,0.0,0.0
2019-08-10 12:00:56,34.32666666666667,0.0,4.4,13.405,16.82,0.0,0.0
2019-08-10 13:00:56,27.636666666666667,0.0,3.905,13.01,16.52,0.0,0.0
2019-08-10 14:00:56,31.406666666666666,0.0,3.9150000000000005,15.865,20.625,0.0,0.0
2019-08-10 15:00:56,24.296666666666667,0.0,4.08,12.89,16.22,0.0,0.0
2019-08-10 16:00:56,23.666666666666668,0.0,3.8700000000000006,13.735,17.25,0.0,0.0
2019-08-10 17:00:56,21.723333333333333,0.0,4.01,16.45,20.67,0.0,0.0
2019-08-10 18:00:56,29.206666666666667,0.0,3.99,12.74,15.550000000000002,0.0,0.0
2019-08-10 19:00:56,33.78,0.0,3.8699999999999997,12.135,14.885,0.0,0.0
2019-08-10 20:00:56,41.67666666666667,0.0,3.69,11.025,13.229999999999999,0.0,0.0
2019-08-10 21:00:56,42.56666666666667,0.0,3.455,11.33,14.155,0.0,0.0
2019-08-10 22:00:56,44.123333333333335,0.0,3.9600000000000004,12.565,15.85,0.0,0.0
2019-08-10 23:00:56,44.32333333333334,0.0,4.07,8.575,9.71,0.0,0.0
2019-08-11 00:00:56,32.763333333333335,0.0,4.07,7.830000000000001,9.635,0.0,0.0
2019-08-11 01:00:56,33.15,0.0,4.19,7.715,9.41,0.0,0.0
2019-08-11 02:00:56,31.983333333333334,0.0,4.12,4.92,5.905,0.0,0.0
2019-08-11 03:00:56,27.276666666666667,0.0,4.17,6.650000000000001,7.715,0.0,0.0
2019-08-11 04:00:56,31.683333333333334,0.0,4.565,6.900000000000001,7.77,0.0,0.0
2019-08-11 05:00:56,30.290000000000003,0.0,5.16,6.2,6.69,0.0,0.0
2019-08-11 06:00:56,32.89666666666667,0.0,5.7749999999999995,6.544999999999999,7.385000000000001,0.0,0.0
2019-08-11 07:00:56,28.71333333333333,0.0,5.7,8.085,9.535,0.0,0.0
2019-08-11 08:00:56,35.21,0.0,6.074999999999999,7.105,8.185,0.0,0.0
2019-08-11 09:00:56,33.13333333333333,0.0,4.685,5.11,5.98,0.0,0.0
2019-08-11 10:00:56,27.71333333333333,0.0,3.8550000000000004,5.544999999999999,6.45,0.0,0.0
2019-08-11 11:00:56,29.136666666666667,0.0,3.9800000000000004,4.03,4.675,0.0,0.0
2019-08-11 12:00:56,27.99666666666667,0.0,3.6950000000000003,5.065,5.925,0.0,0.0
2019-08-11 13:00:56,23.743333333333332,0.0,3.81,5.794999999999999,6.73,0.0,0.0
2019-08-11 14:00:56,20.28333333333333,0.0,3.7900000000000005,5.585,6.525000000000001,0.0,0.0
2019-08-11 15:00:56,20.986666666666665,0.0,4.13,5.27,6.215,0.0,0.0
2019-08-11 16:00:56,17.186666666666667,0.0,4.13,5.525000000000001,6.265,0.0,0.0
2019-08-11 17:00:56,21.953333333333333,0.0,4.035,5.5,6.37,0.0,0.0
2019-08-11 18:00:56,25.04,0.0,4.075,5.53,6.294999999999999,0.0,0.0
2019-08-11 19:00:56,26.876666666666665,0.0,4.0249999999999995,5.225,5.945,0.0,0.0
2019-08-11 20:00:56,31.786666666666665,0.0,4.025,6.32,7.13,0.0,0.0
2019-08-11 21:00:56,39.516666666666666,0.0,4.16,8.13,9.52,0.0,0.0
2019-08-11 22:00:56,31.373333333333335,0.0,3.905,9.005,10.575,0.0,0.0
2019-08-11 23:00:56,30.913333333333334,0.0,4.42,10.425,12.375,0.0,0.0
2019-08-12 00:00:56,43.58666666666667,0.0,4.56,9.91,11.775,0.0,0.0
2019-08-12 01:00:56,33.38,0.0,4.1850000000000005,7.855,9.0,0.0,0.0
2019-08-12 02:00:56,38.60333333333333,0.0,4.26,6.510000000000001,7.205000000000001,0.0,0.0
2019-08-12 03:00:56,29.273333333333333,0.0,4.405,4.45,4.94,0.0,0.0
2019-08-12 04:00:56,32.46,0.0,4.765,3.03,3.2099999999999995,0.0,0.0
2019-08-12 05:00:56,30.313333333333333,0.0,11.055,2.645,3.0050000000000003,0.0,0.0
2019-08-12 06:00:56,33.196666666666665,0.0,6.734999999999999,2.64,2.795,0.0,0.0
2019-08-12 07:00:56,26.226666666666667,0.0,6.454999999999999,5.285,5.715,0.0,0.0
2019-08-12 08:00:56,29.479999999999997,0.0,9.635,5.364999999999999,6.075,0.0,0.0
2019-08-12 09:00:56,32.89666666666667,0.0,5.435,4.16,4.685,0.0,0.0
2019-08-12 10:00:56,29.46666666666667,0.0,4.515,4.675,5.32,0.0,0.0
2019-08-12 11:00:56,25.99666666666667,0.0,4.29,5.315,6.114999999999999,0.0,0.0
2019-08-12 12:00:56,22.863333333333333,0.0,4.305,5.91,6.835,0.0,0.0
2019-08-12 13:00:56,26.57,0.0,4.24,5.625,6.48,0.0,0.0
2019-08-12 14:00:56,23.450000000000003,0.0,4.385,7.31,8.63,0.0,0.0
2019-08-12 15:00:56,29.653333333333336,0.0,4.61,6.86,7.94,0.0,0.0
2019-08-12 16:00:56,31.810000000000002,0.0,4.365,6.474999999999999,7.465,0.0,0.0
2019-08-12 17:00:56,29.66333333333333,0.0,4.4,6.495,7.655,0.0,0.0
2019-08-12 18:00:56,30.10333333333333,0.0,4.565,6.43,7.595,0.0,0.0
2019-08-12 19:00:56,37.56666666666667,0.0,4.734999999999999,7.89,9.3,0.0,0.0
2019-08-12 20:00:56,40.776666666666664,0.0,4.37,8.91,10.26,0.0,0.0
2019-08-12 21:00:56,38.22666666666667,0.0,4.425,7.544999999999999,8.675,0.0,0.0
2019-08-12 22:00:56,37.696666666666665,0.0,4.505,6.91,8.33,0.0,0.0
2019-08-12 23:00:56,34.64333333333333,0.0,4.045,7.22,8.525,0.0,0.0
2019-08-13 00:00:56,28.14666666666667,0.0,3.9950000000000006,7.73,9.295,0.0,0.0
2019-08-13 01:00:56,30.23,0.0,4.005,6.75,8.14,0.0,0.0
2019-08-13 02:00:56,29.903333333333336,0.0,4.03,5.23,6.21,0.0,0.0
2019-08-13 03:00:56,30.873333333333335,0.0,3.985,3.845,4.225,0.0,0.0
2019-08-13 04:00:56,29.63,0.0,3.8200000000000003,3.015,3.48,0.0,0.0
2019-08-13 05:00:56,23.323333333333334,0.0,3.595,2.24,2.32,0.0,0.0
2019-08-13 06:00:56,24.826666666666668,0.0,2.91,2.945,3.3349999999999995,0.0,0.0
2019-08-13 07:00:56,14.49,0.0,3.2449999999999997,2.415,2.645,0.0,0.0
2019-08-13 08:00:56,19.243333333333332,0.0,3.205,3.48,4.12,0.0,0.0
2019-08-13 09:00:56,24.26,0.0,3.0549999999999997,5.295,6.419999999999999,0.0,0.0
2019-08-13 10:00:56,20.493333333333332,0.0,3.1,5.825,6.89,0.0,0.0
2019-08-13 11:00:56,18.21333333333333,0.0,2.9599999999999995,6.46,7.565,0.0,0.0
2019-08-13 12:00:56,25.986666666666665,0.0,3.3350000000000004,6.93,8.425,0.0,0.0
2019-08-13 13:00:56,22.686666666666667,0.0,3.4599999999999995,10.08,12.33,0.0,0.0
2019-08-13 14:00:56,18.013333333333332,0.0,3.3900000000000006,9.365,11.64,0.0,0.0
2019-08-13 15:00:56,20.363333333333333,0.0,3.6400000000000006,10.99,13.535000000000002,0.0,0.0
2019-08-13 16:00:56,18.043333333333333,0.0,4.03,11.85,14.645000000000001,0.0,0.0
2019-08-13 17:00:56,25.323333333333334,0.0,4.07,8.87,10.115,0.0,0.0
2019-08-13 18:00:56,27.43,0.0,3.9,8.765,10.11,0.0,0.0
2019-08-13 19:00:56,28.736666666666665,0.0,3.7900000000000005,9.075,10.555,0.0,0.0
2019-08-13 20:00:56,37.06333333333333,0.0,3.61,11.835,14.63,0.0,0.0
2019-08-13 21:00:56,43.81333333333333,0.0,3.4299999999999997,9.24,11.185,0.0,0.0
2019-08-13 22:00:56,45.803333333333335,0.0,3.3800000000000003,7.955000000000001,9.68,0.0,0.0
2019-08-13 23:00:56,41.03666666666667,0.0,3.6750000000000003,8.89,10.735,0.0,0.0
2019-08-14 00:00:56,39.41333333333333,0.0,3.7249999999999996,9.34,11.229999999999999,0.0,0.0
2019-08-14 01:00:56,38.79333333333334,0.0,3.84,14.86,17.16,0.0,0.0
2019-08-14 02:00:56,39.33,0.0,6.445,9.595,11.015,0.0,0.0
2019-08-14 03:00:56,40.14,0.0,8.07,9.21,9.78,0.0,0.0
2019-08-14 04:00:56,41.66,0.0,6.215,10.365,11.729999999999999,0.0,0.0
2019-08-14 05:00:56,49.666666666666664,0.0,8.83,9.6,10.22,0.0,0.0
2019-08-14 06:00:56,38.43,0.0,6.87,9.92,12.185,0.0,0.0
2019-08-14 07:00:56,43.85333333333333,0.0,7.5,10.76,15.550000000000002,0.0,0.0
2019-08-14 08:00:56,47.88666666666667,0.0,17.54,12.42,16.73,0.0,0.0
2019-08-14 09:00:56,51.33,0.0,14.745,14.14,17.205,0.0,0.0
2019-08-14 10:00:56,52.32333333333333,0.0,10.89,9.015,10.325,0.0,0.0
2019-08-14 11:00:56,41.9,0.0,6.8500000000000005,5.09,5.775000000000001,0.0,0.0
2019-08-14 12:00:56,37.5,0.0,5.879999999999999,6.305,6.985,0.0,0.0
2019-08-14 13:00:56,31.756666666666664,0.0,5.535,7.435,8.105,0.0,0.0
2019-08-14 14:00:56,24.05666666666667,0.0,5.73,7.985,8.815,0.0,0.0
2019-08-14 15:00:56,21.33,0.0,5.785,10.74,12.42,0.0,0.0
2019-08-14 16:00:56,12.18,0.0,6.23,19.73,25.615,0.0,0.0
2019-08-14 17:00:56,14.24,0.0,6.919999999999999,16.865,19.305,0.0,0.0
2019-08-14 18:00:56,19.606666666666666,0.0,6.6000000000000005,27.545,40.225,0.0,0.0
2019-08-14 19:00:56,22.006666666666664,0.0,6.215,29.25,42.625,0.0,0.0
2019-08-14 20:00:56,43.93,0.0,5.984999999999999,16.16,19.45,0.0,0.0
2019-08-14 21:00:56,45.79,0.0,5.895,12.525,14.38,0.0,0.0
2019-08-14 22:00:56,43.04333333333334,0.0,9.94,17.985,20.36,0.0,0.0
2019-08-14 23:00:56,51.09,0.0,8.455,27.705,45.07,0.0,0.0
2019-08-15 00:00:56,64.60666666666667,0.0,11.594999999999999,26.77,36.32,0.0,0.0
2019-08-15 01:00:56,65.26333333333334,0.0,19.385,23.75,34.25,0.0,0.0
2019-08-15 02:00:56,72.57666666666667,0.0,11.805,14.51,16.335,0.0,0.0
2019-08-15 03:00:56,59.50666666666666,0.0,12.61,12.195,13.1,0.0,0.0
2019-08-15 04:00:56,50.156666666666666,0.0,12.950000000000001,12.405,13.479999999999999,0.0,0.0
2019-08-15 05:00:56,56.916666666666664,0.0,20.345,7.075,8.275,0.0,0.0
2019-08-15 06:00:56,62.32666666666666,0.0,18.41,8.385,9.56,0.0,0.0
2019-08-15 07:00:56,55.879999999999995,0.0,15.07,6.97,7.86,0.0,0.0
2019-08-15 08:00:56,61.129999999999995,0.0,12.049999999999999,18.415,29.06,0.0,0.0
2019-08-15 09:00:56,62.866666666666674,0.0,12.75,18.885,25.285,0.0,0.0
2019-08-15 10:00:56,67.28,0.0,9.704999999999998,18.505,23.925,0.0,0.0
2019-08-15 11:00:56,53.04333333333334,0.0,9.785,12.79,14.305,0.0,0.0
2019-08-15 12:00:56,50.23666666666667,0.0,1.7,14.22,16.24,0.0,0.0
2019-08-15 13:00:56,42.56666666666667,0.0,6.37,13.285000000000002,15.104999999999999,0.0,0.0
2019-08-15 14:00:56,38.87,0.0,6.080000000000001,11.53,13.354999999999999,0.0,0.0
2019-08-15 15:00:56,38.943333333333335,0.0,4.94,11.64,13.699999999999998,0.0,0.0
2019-08-15 16:00:56,37.556666666666665,0.0,4.845,9.22,10.475,0.0,0.0
2019-08-15 17:00:56,57.846666666666664,0.0,4.41,7.995,9.625,0.0,0.0
2019-08-15 18:00:56,73.97333333333333,0.0,4.395,9.06,10.83,0.0,0.0
2019-08-15 19:00:56,70.57,0.0,4.795,9.885,11.765,0.0,0.0
2019-08-15 20:00:56,77.34666666666666,0.0,4.165,10.71,13.335,0.0,0.0
2019-08-15 21:00:56,65.06,0.0,3.6799999999999997,9.485,12.915,0.0,0.0
2019-08-15 22:00:56,57.64666666666667,0.0,3.4949999999999997,6.205000000000001,7.5,0.0,0.0
2019-08-15 23:00:56,51.32666666666667,0.0,3.5,4.705,5.625,0.0,0.0
2019-08-16 00:00:56,45.663333333333334,0.0,3.4949999999999997,6.555,8.095,0.0,0.0
2019-08-16 01:00:56,39.54333333333334,0.0,3.65,7.955000000000001,9.59,0.0,0.0
2019-08-16 02:00:56,30.560000000000002,0.0,3.6,5.04,5.805,0.0,0.0
2019-08-16 03:00:56,24.68,0.0,3.5050000000000003,5.25,5.89,0.0,0.0
2019-08-16 04:00:56,23.19666666666667,0.0,3.42,3.5050000000000003,3.845,0.0,0.0
2019-08-16 05:00:56,31.86333333333333,0.0,5.484999999999999,3.6300000000000003,3.7449999999999997,0.0,0.0
2019-08-16 06:00:56,36.656666666666666,0.0,7.69,5.095,5.3,0.0,0.0
2019-08-16 07:00:56,46.053333333333335,0.0,18.165,14.54,17.57,0.0,0.0
2019-08-16 08:00:56,63.25,0.0,19.37,13.655,16.95,0.0,0.0
2019-08-16 09:00:56,60.19333333333333,0.0,22.66,12.229999999999999,14.055,0.0,0.0
2019-08-16 10:00:56,66.18333333333334,0.0,10.58,12.165,13.94,0.0,0.0
2019-08-16 11:00:56,53.17333333333334,0.0,9.46,10.58,11.85,0.0,0.0
2019-08-16 12:00:56,54.14666666666667,0.0,6.419999999999999,10.815,12.205,0.0,0.0
2019-08-16 13:00:56,51.32,0.0,6.455000000000001,10.775,11.62,0.0,0.0
2019-08-16 14:00:56,56.23333333333333,0.0,9.29,9.585,10.74,0.0,0.0
2019-08-16 15:00:56,47.41333333333333,0.0,4.985,6.37,7.224999999999999,0.0,0.0
2019-08-16 16:00:56,44.3,0.0,4.245,6.125,7.150000000000001,0.0,0.0
2019-08-16 17:00:56,44.7,0.0,4.335,6.544999999999999,7.580000000000001,0.0,0.0
2019-08-16 18:00:56,43.14333333333333,0.0,4.575,5.93,6.705000000000001,0.0,0.0
2019-08-16 19:00:56,52.18,0.0,4.3,5.39,5.965,0.0,0.0
2019-08-16 20:00:56,48.49666666666667,0.0,4.615,9.66,11.265,0.0,0.0
2019-08-16 21:00:56,43.96666666666667,0.0,4.53,11.19,13.824999999999998,0.0,0.0
2019-08-16 22:00:56,48.516666666666666,0.0,8.255,19.13,25.815,0.0,0.0
2019-08-16 23:00:56,40.75,0.0,6.114999999999999,12.18,14.295,0.0,0.0
2019-08-17 00:00:56,48.17,0.0,22.320000000000004,13.64,17.48,0.0,0.0
2019-08-17 01:00:56,50.39333333333333,0.0,14.25,8.415,10.05,0.0,0.0
2019-08-17 02:00:56,47.370000000000005,0.0,13.270000000000001,7.285,8.29,0.0,0.0
2019-08-17 03:00:56,50.30666666666667,0.0,10.87,8.52,9.04,0.0,0.0
2019-08-17 04:00:56,49.49666666666667,0.0,16.045,10.785000000000002,11.43,0.0,0.0
2019-08-17 05:00:56,61.276666666666664,0.0,19.42,11.705,12.88,0.0,0.0
2019-08-17 06:00:56,59.88333333333333,0.0,19.55,10.175,12.0,0.0,0.0
2019-08-17 07:00:56,56.85666666666666,0.0,22.735,9.525,11.045,0.0,0.0
2019-08-17 08:00:56,63.53,0.0,43.98499999999999,12.125,14.455,0.0,0.0
2019-08-17 09:00:56,77.79333333333334,0.0,29.88,12.33,14.160000000000002,0.0,0.0
2019-08-17 10:00:56,59.27333333333333,0.0,13.445,12.175000000000002,14.5,0.0,0.0
2019-08-17 11:00:56,55.830000000000005,0.0,8.674999999999999,9.68,11.18,0.0,0.0
2019-08-17 12:00:56,40.24333333333333,0.0,5.715,10.97,13.57,0.0,0.0
2019-08-17 13:00:56,33.446666666666665,0.0,4.859999999999999,14.39,18.525,0.0,0.0
2019-08-17 14:00:56,26.44333333333333,0.0,4.27,12.775,16.03,0.0,0.0
2019-08-17 15:00:56,29.57,0.0,3.9749999999999996,11.765,14.885,0.0,0.0
2019-08-17 16:00:56,30.796666666666667,0.0,3.7550000000000003,15.29,19.665,0.0,0.0
2019-08-17 17:00:56,28.226666666666667,0.0,3.7300000000000004,12.145000000000001,15.085,0.0,0.0
2019-08-17 18:00:56,38.00666666666667,0.0,3.625,7.925,9.315,0.0,0.0
2019-08-17 19:00:56,61.82,0.0,3.4949999999999997,6.5,7.835,0.0,0.0
2019-08-17 20:00:56,66.81,0.0,3.47,5.535,6.489999999999999,0.0,0.0
2019-08-17 21:00:56,64.08666666666667,0.0,3.465,4.825,5.785,0.0,0.0
2019-08-17 22:00:56,48.526666666666664,0.0,3.24,3.99,4.705,0.0,0.0
2019-08-17 23:00:56,56.13666666666666,0.0,3.2899999999999996,3.605,4.36,0.0,0.0
2019-08-18 00:00:56,46.4,0.0,3.2899999999999996,5.13,6.419999999999999,0.0,0.0
2019-08-18 01:00:56,33.88333333333333,0.0,3.1649999999999996,6.61,9.335,0.0,0.0
2019-08-18 02:00:56,30.623333333333335,0.0,3.22,4.245,4.9,0.0,0.0
2019-08-18 03:00:56,24.543333333333333,0.0,3.4600000000000004,3.2900000000000005,3.8699999999999997,0.0,0.0
2019-08-18 04:00:56,29.730000000000004,0.0,3.2900000000000005,2.64,3.11,0.0,0.0
2019-08-18 05:00:56,25.75333333333333,0.0,3.22,2.855,3.35,0.0,0.0
2019-08-18 06:00:56,22.53,0.0,3.69,2.7550000000000003,3.2099999999999995,0.0,0.0
2019-08-18 07:00:56,26.01,0.0,3.435,3.4150000000000005,3.97,0.0,0.0
2019-08-18 08:00:56,20.883333333333333,0.0,3.4800000000000004,3.625,4.15,0.0,0.0
2019-08-18 09:00:56,21.376666666666665,0.0,3.4599999999999995,3.24,3.7449999999999997,0.0,0.0
2019-08-18 10:00:56,13.280000000000001,0.0,3.6199999999999997,7.585,8.54,0.0,0.0
2019-08-18 11:00:56,11.583333333333334,0.0,4.2299999999999995,6.385000000000001,6.825,0.0,0.0
2019-08-18 12:00:56,14.176666666666668,0.0,4.98,6.52,7.085,0.0,0.0
2019-08-18 13:00:56,12.06,0.0,4.395,6.775000000000001,7.555,0.0,0.0
2019-08-18 14:00:56,15.05,0.0,4.425,8.44,9.99,0.0,0.0
2019-08-18 15:00:56,13.3,0.0,4.265,9.53,11.275,0.0,0.0
2019-08-18 16:00:56,8.076666666666666,0.0,4.46,13.755,17.21,0.0,0.0
2019-08-18 17:00:56,17.883333333333333,0.0,4.435,8.955,10.5,0.0,0.0
2019-08-18 18:00:56,17.943333333333335,0.0,3.735,7.805,9.07,0.0,0.0
2019-08-18 19:00:56,21.583333333333332,0.0,3.775,9.45,11.485,0.0,0.0
2019-08-18 20:00:56,20.146666666666665,0.0,3.5050000000000003,8.955,11.495,0.0,0.0
2019-08-18 21:00:56,22.23,0.0,3.5399999999999996,7.62,9.6,0.0,0.0
2019-08-18 22:00:56,17.613333333333333,0.0,3.5500000000000003,5.56,6.63,0.0,0.0
2019-08-18 23:00:56,11.523333333333333,0.0,3.6199999999999997,6.150000000000001,7.489999999999999,0.0,0.0
2019-08-19 00:00:56,19.8,0.0,3.6,7.23,9.455,0.0,0.0
2019-08-19 01:00:56,16.956666666666667,0.0,3.8249999999999997,6.425,8.135,0.0,0.0
2019-08-19 02:00:56,14.746666666666666,0.0,3.66,4.74,5.925,0.0,0.0
2019-08-19 03:00:56,11.57,0.0,3.51,2.735,3.23,0.0,0.0
2019-08-19 04:00:56,10.026666666666667,0.0,3.6999999999999997,3.43,4.045,0.0,0.0
2019-08-19 05:00:56,10.26,0.0,3.5400000000000005,3.655,4.53,0.0,0.0
2019-08-19 06:00:56,15.893333333333333,0.0,3.69,3.295,3.67,0.0,0.0
2019-08-19 07:00:56,18.593333333333334,0.0,3.7449999999999997,6.080000000000001,7.73,0.0,0.0
2019-08-19 08:00:56,15.146666666666667,0.0,4.0200000000000005,11.035000000000002,16.05,0.0,0.0
2019-08-19 09:00:56,19.556666666666665,0.0,3.9600000000000004,9.345,12.46,0.0,0.0
2019-08-19 10:00:56,21.88,0.0,3.99,7.87,9.855,0.0,0.0
2019-08-19 11:00:56,20.87,0.0,4.489999999999999,9.105,11.92,0.0,0.0
2019-08-19 12:00:56,25.673333333333332,0.0,7.12,12.255,16.77,0.0,0.0
2019-08-19 13:00:56,26.83,0.0,6.72,0.0,0.0,0.0,0.0
2019-08-19 14:00:56,29.86,0.0,4.865,13.35,18.68,0.0,0.0
2019-08-19 15:00:56,21.733333333333334,0.0,4.29,12.11,15.86,0.0,0.0
2019-08-19 16:00:56,25.016666666666666,0.0,3.9599999999999995,10.97,15.005,0.0,0.0
2019-08-19 17:00:56,22.44333333333333,0.0,3.9500000000000006,12.795,17.94,0.0,0.0
2019-08-19 18:00:56,24.326666666666668,0.0,3.8599999999999994,10.89,14.36,0.0,0.0
2019-08-19 19:00:56,21.276666666666667,0.0,3.81,11.520000000000001,15.38,0.0,0.0
2019-08-19 20:00:56,24.75,0.0,3.81,10.42,14.345,0.0,0.0
2019-08-19 21:00:56,19.14666666666667,0.0,3.535,6.085,7.07,0.0,0.0
2019-08-19 22:00:56,13.79,0.0,3.5849999999999995,7.06,8.32,0.0,0.0
2019-08-19 23:00:56,12.13,0.0,3.61,7.114999999999999,8.3,0.0,0.0
2019-08-20 00:00:56,14.393333333333334,0.0,3.4249999999999994,6.91,7.94,0.0,0.0
2019-08-20 01:00:56,14.15,0.0,3.6950000000000003,6.02,6.815,0.0,0.0
2019-08-20 02:00:56,15.733333333333334,0.0,3.645000000000001,5.755,6.56,0.0,0.0
2019-08-20 03:00:56,19.9,0.0,3.7300000000000004,2.8800000000000003,3.315,0.0,0.0
2019-08-20 04:00:56,15.043333333333333,0.0,3.565,2.435,2.605,0.0,0.0
2019-08-20 05:00:56,14.103333333333333,0.0,3.99,1.82,2.01,0.0,0.0
2019-08-20 06:00:56,17.956666666666667,0.0,4.245,3.775,4.56,0.0,0.0
2019-08-20 07:00:56,16.19333333333333,0.0,4.4750000000000005,2.78,3.14,0.0,0.0
2019-08-20 08:00:56,16.646666666666665,0.0,4.445,8.22,10.714999999999998,0.0,0.0
2019-08-20 09:00:56,26.8,0.0,4.515000000000001,8.375,10.47,0.0,0.0
2019-08-20 10:00:56,24.326666666666664,0.0,4.46,6.599999999999999,8.025,0.0,0.0
2019-08-20 11:00:56,26.813333333333333,0.0,4.535,6.239999999999999,7.825,0.0,0.0
2019-08-20 12:00:56,26.493333333333332,0.0,4.3950000000000005,7.91,10.47,0.0,0.0
2019-08-20 13:00:56,21.483333333333334,0.0,3.4450000000000003,7.900000000000001,9.875,0.0,0.0
2019-08-20 14:00:56,25.05666666666667,0.0,4.78,8.065,10.055,0.0,0.0
2019-08-20 15:00:56,25.340000000000003,0.0,4.8549999999999995,9.45,12.214999999999998,0.0,0.0
2019-08-20 16:00:56,34.223333333333336,0.0,4.805,7.465,9.715,0.0,0.0
2019-08-20 17:00:56,35.446666666666665,0.0,4.735,8.265,10.205,0.0,0.0
2019-08-20 18:00:56,34.46333333333333,0.0,4.445,10.065,12.985,0.0,0.0
2019-08-20 19:00:56,36.236666666666665,0.0,4.45,16.495,23.695000000000004,0.0,0.0
2019-08-20 20:00:56,41.55,0.0,4.385,10.24,13.135,0.0,0.0
2019-08-20 21:00:56,42.31,0.0,4.435,6.94,8.455,0.0,0.0
2019-08-20 22:00:56,40.11666666666667,0.0,4.26,3.8800000000000003,4.64,0.0,0.0
2019-08-20 23:00:56,30.99666666666667,0.0,4.12,6.095,7.485,0.0,0.0
2019-08-21 00:00:56,31.563333333333333,0.0,3.77,7.135000000000001,8.915,0.0,0.0
2019-08-21 01:00:56,29.166666666666668,0.0,3.6799999999999997,4.795,5.535,0.0,0.0
2019-08-21 02:00:56,29.759999999999998,0.0,3.7249999999999996,3.2999999999999994,3.84,0.0,0.0
2019-08-21 03:00:56,33.266666666666666,0.0,3.8949999999999996,3.095,3.285,0.0,0.0
2019-08-21 04:00:56,31.85666666666667,0.0,4.915,3.885,4.64,0.0,0.0
2019-08-21 05:00:56,36.016666666666666,0.0,4.47,2.255,2.445,0.0,0.0
2019-08-21 06:00:56,33.87,0.0,3.885,3.68,4.83,0.0,0.0
2019-08-21 07:00:56,42.846666666666664,0.0,3.7249999999999996,5.675,6.39,0.0,0.0
2019-08-21 08:00:56,51.61666666666667,0.0,3.7699999999999996,15.395000000000001,26.100000000000005,0.0,0.0
2019-08-21 09:00:56,78.82,0.0,3.75,14.074999999999998,22.06,0.0,0.0
2019-08-21 10:00:56,85.83,0.0,3.775,12.285000000000002,16.77,0.0,0.0
2019-08-21 11:00:56,75.60333333333332,0.0,4.025,10.699999999999998,12.645000000000001,0.0,0.0
2019-08-21 12:00:56,64.17,0.0,4.545,8.74,10.385,0.0,0.0
2019-08-21 13:00:56,44.45333333333333,0.0,4.96,8.275,9.875,0.0,0.0
2019-08-21 14:00:56,44.14666666666667,0.0,4.795,8.81,10.565,0.0,0.0
2019-08-21 15:00:56,39.096666666666664,0.0,4.73,7.86,9.405,0.0,0.0
2019-08-21 16:00:56,27.85333333333333,0.0,4.61,6.18,7.22,0.0,0.0
2019-08-21 17:00:56,21.69,0.0,4.405,11.13,14.300000000000002,0.0,0.0
2019-08-21 18:00:56,21.976666666666667,0.0,4.335,13.405,17.32,0.0,0.0
2019-08-21 19:00:56,50.346666666666664,0.0,3.8800000000000003,20.26,32.455,0.0,0.0
2019-08-21 20:00:56,65.12333333333333,0.0,3.9350000000000005,23.655,40.05,0.0,0.0
2019-08-21 21:00:56,72.92333333333333,0.0,3.9149999999999996,22.570000000000004,44.74,0.0,0.0
2019-08-21 22:00:56,57.14666666666667,0.0,4.245,19.57,28.425,0.0,0.0
2019-08-21 23:00:56,40.20666666666666,0.0,4.96,18.095,29.89,0.0,0.0
2019-08-22 00:00:56,41.04,0.0,5.215,17.22,30.554999999999996,0.0,0.0
2019-08-22 01:00:56,47.52,0.0,5.359999999999999,16.675,32.455,0.0,0.0
2019-08-22 02:00:56,80.15,0.0,5.425000000000001,13.38,23.485,0.0,0.0
2019-08-22 03:00:56,130.30666666666667,0.0,6.175000000000001,11.085,14.455,0.0,0.0
2019-08-22 04:00:56,152.11666666666667,0.0,7.155,8.74,10.62,0.0,0.0
2019-08-22 05:00:56,144.96,0.0,6.875,8.015,8.71,0.0,0.0
2019-08-22 06:00:56,141.83666666666667,0.0,7.1499999999999995,7.885000000000001,9.56,0.0,0.0
2019-08-22 07:00:56,137.38666666666666,0.0,6.645,8.505,16.68,0.0,0.0
2019-08-22 08:00:56,134.36,0.0,5.555,8.535,12.525,0.0,0.0
2019-08-22 09:00:56,102.84333333333335,0.0,6.050000000000001,11.770000000000001,27.100000000000005,0.0,0.0
2019-08-22 10:00:56,108.32,0.0,8.275,11.770000000000001,18.585,0.0,0.0
2019-08-22 11:00:56,108.53666666666666,0.0,12.71,12.910000000000002,18.145,0.0,0.0
2019-08-22 12:00:56,95.56,0.0,12.770000000000001,9.24,12.160000000000002,0.0,0.0
2019-08-22 13:00:56,60.013333333333335,0.0,10.07,9.89,12.074999999999998,0.0,0.0
2019-08-22 14:00:56,43.46,0.0,9.57,13.345,15.964999999999998,0.0,0.0
2019-08-22 15:00:56,48.11333333333334,0.0,9.925,11.12,13.405,0.0,0.0
2019-08-22 16:00:56,44.516666666666666,0.0,9.56,7.985,8.995,0.0,0.0
2019-08-22 17:00:56,34.92,0.0,8.174999999999999,7.965,9.275,0.0,0.0
2019-08-22 18:00:56,42.14,0.0,6.27,7.285,8.165,0.0,0.0
2019-08-22 19:00:56,38.61666666666667,0.0,5.645,11.145000000000001,14.115,0.0,0.0
2019-08-22 20:00:56,38.833333333333336,0.0,5.419999999999999,22.37,38.675,0.0,0.0
2019-08-22 21:00:56,63.74,0.0,6.199999999999999,25.815,60.51500000000001,0.0,0.0
2019-08-22 22:00:56,66.98666666666666,0.0,6.265000000000001,19.655,27.75,0.0,0.0
2019-08-22 23:00:56,65.61666666666666,0.0,8.625,19.195,39.15,0.0,0.0
2019-08-23 00:00:56,74.92,0.0,9.09,17.91,40.405,0.0,0.0
2019-08-23 01:00:56,75.52333333333333,0.0,9.0,14.785000000000002,19.98,0.0,0.0
2019-08-23 02:00:56,69.72666666666666,0.0,8.955,13.195,20.0,0.0,0.0
2019-08-23 03:00:56,76.39666666666666,0.0,16.509999999999998,12.725,17.68,0.0,0.0
2019-08-23 04:00:56,82.25,0.0,15.24,10.645,16.39,0.0,0.0
2019-08-23 05:00:56,78.12,0.0,13.195,11.235,17.58,0.0,0.0
2019-08-23 06:00:56,76.31,0.0,12.020000000000001,10.685,14.92,0.0,0.0
2019-08-23 07:00:56,78.40333333333334,0.0,12.895000000000001,10.015,15.5,0.0,0.0
2019-08-23 08:00:56,89.11333333333333,0.0,15.729999999999999,14.425000000000002,25.899999999999995,0.0,0.0
2019-08-23 09:00:56,46.00333333333333,0.0,10.745,0.0,0.0,0.0,0.0
2019-08-23 10:00:56,21.793333333333333,0.0,12.375,0.0,0.0,0.0,0.0
2019-08-23 11:00:56,28.39,0.0,13.015,10.075,10.14,0.0,0.0
2019-08-23 12:00:56,35.85,0.0,9.96,0.0,0.0,0.0,0.0
2019-08-23 13:00:56,38.55666666666667,0.0,9.19,8.445,8.595,0.0,0.0
2019-08-23 14:00:56,41.00666666666667,0.0,5.844999999999999,8.115,8.34,0.0,0.0
2019-08-23 15:00:56,36.626666666666665,0.0,4.305,0.0,0.0,0.0,0.0
2019-08-23 16:00:56,30.816666666666666,0.0,7.59,0.0,0.0,0.0,0.0
2019-08-23 17:00:56,25.313333333333333,0.0,4.56,0.0,0.0,0.0,0.0
2019-08-23 18:00:56,25.646666666666665,0.0,4.56,0.0,0.0,0.0,0.0
2019-08-23 19:00:56,29.683333333333337,13.305,4.390000000000001,0.0,0.0,0.0,0.0
2019-08-23 20:00:56,62.803333333333335,12.005,4.205,0.0,0.0,0.0,0.0
2019-08-23 21:00:56,57.11,14.57,3.9949999999999997,0.0,0.0,0.0,0.0
2019-08-23 22:00:56,57.85666666666666,15.49,4.045,0.0,0.0,0.0,0.0
2019-08-23 23:00:56,55.21666666666667,0.0,1.71,0.0,0.0,0.0,0.0
2019-08-24 00:00:56,54.25,0.0,1.635,0.0,0.0,0.0,0.0
2019-08-24 01:00:56,64.68666666666667,9.14,1.765,0.0,0.0,0.0,0.0
2019-08-24 02:00:56,118.16333333333333,42.065,1.76,0.0,0.0,0.0,0.0
2019-08-24 03:00:56,122.96,41.18,1.5599999999999998,0.0,0.0,0.0,0.0
2019-08-24 04:00:56,102.23,38.46,1.455,0.0,0.0,0.0,0.0
2019-08-24 05:00:56,89.0,23.935,4.045,0.0,0.0,0.0,0.0
2019-08-24 06:00:56,59.41333333333333,13.979999999999999,5.469999999999999,0.0,0.0,0.0,0.0
2019-08-24 07:00:56,42.67666666666666,8.28,5.29,0.0,0.0,0.0,0.0
2019-08-24 08:00:56,55.79,11.06,24.72,0.0,0.0,0.0,0.0
2019-08-24 09:00:56,76.07666666666667,17.76,42.974999999999994,0.0,0.0,0.0,0.0
2019-08-24 10:00:56,61.01666666666667,0.0,16.599999999999998,0.0,0.0,0.0,0.0
2019-08-24 11:00:56,57.28,13.020000000000001,8.95,0.0,0.0,0.0,0.0
2019-08-24 12:00:56,39.67666666666667,0.0,6.56,0.0,0.0,0.0,0.0
2019-08-24 13:00:56,29.176666666666666,5.185,6.825,0.0,0.0,0.0,0.0
2019-08-24 14:00:56,42.39666666666667,3.735,9.26,0.0,0.0,0.0,0.0
2019-08-24 15:00:56,36.843333333333334,3.875,9.07,0.0,0.0,0.0,0.0
2019-08-24 16:00:56,37.88666666666666,2.48,8.495,0.0,0.0,0.0,0.0
2019-08-24 17:00:56,39.36666666666667,2.7449999999999997,8.015,0.0,0.0,0.0,0.0
2019-08-24 18:00:56,36.06666666666666,6.945,7.68,0.0,0.0,0.0,0.0
2019-08-24 19:00:56,40.806666666666665,8.2,7.760000000000001,0.0,0.0,0.0,0.0
2019-08-24 20:00:56,47.49,9.465,7.185,0.0,0.0,0.0,0.0
2019-08-24 21:00:56,59.903333333333336,9.595,6.62,0.0,0.0,0.0,0.0
2019-08-24 22:00:56,56.97,10.705,6.845,0.0,0.0,0.0,0.0
2019-08-24 23:00:56,56.38666666666666,14.96,6.935,0.0,0.0,0.0,0.0
2019-08-25 00:00:56,54.96333333333333,11.01,6.62,0.0,0.0,0.0,0.0
2019-08-25 01:00:56,56.78666666666667,10.86,6.760000000000001,0.0,0.0,0.0,0.0
2019-08-25 02:00:56,53.2,11.56,7.015000000000001,0.0,0.0,0.0,0.0
2019-08-25 03:00:56,64.59333333333333,14.979999999999999,8.515,0.0,0.0,0.0,0.0
2019-08-25 04:00:56,84.65,17.885,11.329999999999998,0.0,0.0,0.0,0.0
2019-08-25 05:00:56,83.21666666666667,13.845,11.354999999999999,0.0,0.0,0.0,0.0
2019-08-25 06:00:56,77.96000000000001,20.28,17.14,0.0,0.0,0.0,0.0
2019-08-25 07:00:56,90.39,23.820000000000004,19.194999999999997,0.0,0.0,0.0,0.0
2019-08-25 08:00:56,112.60666666666667,34.925,19.12,0.0,0.0,0.0,0.0
2019-08-25 09:00:56,134.14,44.38,24.38,0.0,0.0,0.0,0.0
2019-08-25 10:00:56,89.31333333333333,34.41,19.555,0.0,0.0,0.0,0.0
2019-08-25 11:00:56,55.48,17.295,10.674999999999999,0.0,0.0,0.0,0.0
2019-08-25 12:00:56,36.833333333333336,8.645,9.145,0.0,0.0,0.0,0.0
2019-08-25 13:00:56,29.203333333333333,5.669999999999999,8.045,0.0,0.0,0.0,0.0
2019-08-25 14:00:56,36.22,7.885000000000001,7.84,0.0,0.0,0.0,0.0
2019-08-25 15:00:56,39.43333333333333,4.635,7.739999999999999,0.0,0.0,0.0,0.0
2019-08-25 16:00:56,48.083333333333336,2.67,7.27,0.0,0.0,0.0,0.0
2019-08-25 17:00:56,40.89666666666667,1.92,7.165,0.0,0.0,0.0,0.0
2019-08-25 18:00:56,39.556666666666665,3.535,6.875,0.0,0.0,0.0,0.0
2019-08-25 19:00:56,46.77,10.39,6.535,0.0,0.0,0.0,0.0
2019-08-25 20:00:56,51.19333333333333,12.910000000000002,6.550000000000001,0.0,0.0,0.0,0.0
2019-08-25 21:00:56,52.480000000000004,10.815,6.044999999999999,0.0,0.0,0.0,0.0
2019-08-25 22:00:56,52.629999999999995,11.625,5.84,0.0,0.0,0.0,0.0
2019-08-25 23:00:56,47.096666666666664,10.42,6.815,0.0,0.0,0.0,0.0
2019-08-26 00:00:56,39.52333333333333,8.65,7.145,0.0,0.0,0.0,0.0
2019-08-26 01:00:56,38.70333333333333,6.27,6.68,0.0,0.0,0.0,0.0
2019-08-26 02:00:56,36.843333333333334,9.155,6.805,0.0,0.0,0.0,0.0
2019-08-26 03:00:56,34.376666666666665,5.2,6.395,0.0,0.0,0.0,0.0
2019-08-26 04:00:56,29.66,4.475,6.44,0.0,0.0,0.0,0.0
2019-08-26 05:00:56,27.913333333333334,8.24,6.44,0.0,0.0,0.0,0.0
2019-08-26 06:00:56,30.78666666666667,5.73,6.449999999999999,0.0,0.0,0.0,0.0
2019-08-26 07:00:56,39.44,6.715,17.115000000000002,0.0,0.0,0.0,0.0
2019-08-26 08:00:56,52.85666666666666,4.59,13.49,0.0,0.0,0.0,0.0
2019-08-26 09:00:56,41.903333333333336,6.080000000000001,8.92,0.0,0.0,0.0,0.0
2019-08-26 10:00:56,29.276666666666667,3.8800000000000003,7.419999999999999,0.0,0.0,0.0,0.0
2019-08-26 11:00:56,25.6,4.47,7.150000000000001,0.0,0.0,0.0,0.0
2019-08-26 12:00:56,33.303333333333335,3.2000000000000006,6.925000000000001,0.0,0.0,0.0,0.0
2019-08-26 13:00:56,26.046666666666667,4.67,6.484999999999999,0.0,0.0,0.0,0.0
2019-08-26 14:00:56,28.64333333333333,2.535,6.485,0.0,0.0,0.0,0.0
2019-08-26 15:00:56,31.26,2.325,6.69,0.0,0.0,0.0,0.0
2019-08-26 16:00:56,29.916666666666668,3.125,6.695,0.0,0.0,0.0,0.0
2019-08-26 17:00:56,30.63,2.765,6.845,0.0,0.0,0.0,0.0
2019-08-26 18:00:56,33.49,3.51,6.7,0.0,0.0,0.0,0.0
2019-08-26 19:00:56,26.71666666666667,5.135,6.535,0.0,0.0,0.0,0.0
2019-08-26 20:00:56,28.826666666666668,11.045,6.094999999999999,0.0,0.0,0.0,0.0
2019-08-26 21:00:56,37.82,11.255,5.94,0.0,0.0,0.0,0.0
2019-08-26 22:00:56,33.63333333333333,12.020000000000001,6.234999999999999,0.0,0.0,0.0,0.0
2019-08-26 23:00:56,36.96333333333333,7.239999999999999,6.0249999999999995,0.0,0.0,0.0,0.0
2019-08-27 00:00:56,29.523333333333333,8.875,6.13,0.0,0.0,0.0,0.0
2019-08-27 01:00:56,29.043333333333337,10.62,9.3,0.0,0.0,0.0,0.0
2019-08-27 02:00:56,42.64,13.635,12.305,0.0,0.0,0.0,0.0
2019-08-27 03:00:56,50.3,10.735,19.005000000000003,0.0,0.0,0.0,0.0
2019-08-27 04:00:56,64.56666666666666,13.115,23.325000000000003,0.0,0.0,0.0,0.0
2019-08-27 05:00:56,57.71666666666667,19.885,13.57,0.0,0.0,0.0,0.0
2019-08-27 06:00:56,61.19,20.6,10.055,0.0,0.0,0.0,0.0
2019-08-27 07:00:56,68.59,21.524999999999995,16.205000000000002,0.0,0.0,0.0,0.0
2019-08-27 08:00:56,93.1,26.320000000000004,15.964999999999998,0.0,0.0,0.0,0.0
2019-08-27 09:00:56,87.57666666666667,30.58,36.655,0.0,0.0,0.0,0.0
2019-08-27 10:00:56,83.06,24.695000000000004,19.03,0.0,0.0,0.0,0.0
2019-08-27 11:00:56,58.77333333333333,13.26,12.63,0.0,0.0,0.0,0.0
2019-08-27 12:00:56,38.17,7.28,11.674999999999999,0.0,0.0,0.0,0.0
2019-08-27 13:00:56,26.386666666666667,3.785,9.290000000000001,0.0,0.0,0.0,0.0
2019-08-27 14:00:56,20.166666666666668,2.4,8.49,0.0,0.0,0.0,0.0
2019-08-27 15:00:56,25.15,2.63,8.15,0.0,0.0,0.0,0.0
2019-08-27 16:00:56,24.88,2.09,7.6000000000000005,0.0,0.0,0.0,0.0
2019-08-27 17:00:56,20.69666666666667,1.49,7.614999999999999,0.0,0.0,0.0,0.0
2019-08-27 18:00:56,24.003333333333334,1.345,7.150000000000001,0.0,0.0,0.0,0.0
2019-08-27 19:00:56,29.03,6.544999999999999,6.900000000000001,0.0,0.0,0.0,0.0
2019-08-27 20:00:56,35.62,17.155,6.6049999999999995,0.0,0.0,0.0,0.0
2019-08-27 21:00:56,44.89666666666667,11.685,6.605,0.0,0.0,0.0,0.0
2019-08-27 22:00:56,40.94,9.745,6.325,0.0,0.0,0.0,0.0
2019-08-27 23:00:56,38.9,5.17,6.94,0.0,0.0,0.0,0.0
2019-08-28 00:00:56,45.373333333333335,0.0,6.984999999999999,0.0,0.0,0.0,0.0
2019-08-28 01:00:56,33.443333333333335,0.0,7.255,0.0,0.0,0.0,0.0
2019-08-28 02:00:56,28.44333333333333,0.0,7.305,0.0,0.0,0.0,0.0
2019-08-28 03:00:56,29.113333333333333,0.0,7.315,0.0,0.0,0.0,0.0
2019-08-28 04:00:56,42.403333333333336,0.0,8.030000000000001,0.0,0.0,0.0,0.0
2019-08-28 05:00:56,45.29333333333333,0.0,8.125,0.0,0.0,0.0,0.0
2019-08-28 06:00:56,51.43000000000001,0.0,15.92,0.0,0.0,0.0,0.0
2019-08-28 07:00:56,72.88666666666666,0.0,18.295,0.0,0.0,0.0,0.0
2019-08-28 08:00:56,73.74666666666667,0.0,17.935,0.0,0.0,0.0,0.0
2019-08-28 09:00:56,72.46666666666667,0.0,23.285,0.0,0.0,0.0,0.0
2019-08-28 10:00:56,52.74333333333334,0.0,13.235,0.0,0.0,0.0,0.0
2019-08-28 11:00:56,37.973333333333336,0.0,9.88,0.0,0.0,0.0,0.0
2019-08-28 12:00:56,31.933333333333334,0.0,8.719999999999999,0.0,0.0,0.0,0.0
2019-08-28 13:00:56,30.166666666666668,0.0,7.895,0.0,0.0,0.0,0.0
2019-08-28 14:00:56,28.75,0.0,7.515000000000001,0.0,0.0,0.0,0.0
2019-08-28 15:00:56,37.03333333333333,0.0,7.390000000000001,0.0,0.0,0.0,0.0
2019-08-28 16:00:56,32.13333333333333,0.0,7.02,0.0,0.0,0.0,0.0
2019-08-28 17:00:56,32.74,0.98,7.155,0.0,0.0,0.0,0.0
2019-08-28 18:00:56,37.45,11.660000000000002,7.18,0.0,0.0,0.0,0.0
2019-08-28 19:00:56,35.916666666666664,13.365,6.945,0.0,0.0,0.0,0.0
2019-08-28 20:00:56,35.403333333333336,14.815,7.06,0.0,0.0,0.0,0.0
2019-08-28 21:00:56,42.49666666666667,7.77,6.995,0.0,0.0,0.0,0.0
2019-08-28 22:00:56,43.120000000000005,5.974999999999999,6.75,0.0,0.0,0.0,0.0
2019-08-28 23:00:56,42.083333333333336,10.105,6.905,0.0,0.0,0.0,0.0
2019-08-29 00:00:56,35.44333333333333,6.52,6.919999999999999,0.0,0.0,0.0,0.0
2019-08-29 01:00:56,35.24333333333333,7.925,6.77,0.0,0.0,0.0,0.0
2019-08-29 02:00:56,30.496666666666666,9.405,6.760000000000001,0.0,0.0,0.0,0.0
2019-08-29 03:00:56,35.47666666666667,12.435,7.055,0.0,0.0,0.0,0.0
2019-08-29 04:00:56,27.71,6.815,6.844999999999999,0.0,0.0,0.0,0.0
2019-08-29 05:00:56,30.36,4.605,6.794999999999999,0.0,0.0,0.0,0.0
2019-08-29 06:00:56,33.4,5.625,10.635,0.0,0.0,0.0,0.0
2019-08-29 07:00:56,42.08666666666667,6.775000000000001,13.209999999999999,0.0,0.0,0.0,0.0
2019-08-29 08:00:56,49.85,0.0,10.76,0.0,0.0,0.0,0.0
2019-08-29 09:00:56,37.56,6.345,8.175,0.0,0.0,0.0,0.0
2019-08-29 10:00:56,31.02333333333333,4.115,7.599999999999999,0.0,0.0,0.0,0.0
2019-08-29 11:00:56,28.53,3.5050000000000003,7.419999999999999,0.0,0.0,0.0,0.0
2019-08-29 12:00:56,29.833333333333332,5.085,1.6499999999999997,0.0,0.0,0.0,0.0
2019-08-29 13:00:56,24.45,0.0,7.155,0.0,0.0,0.0,0.0
2019-08-29 14:00:56,21.63,5.21,6.800000000000001,0.0,0.0,0.0,0.0
2019-08-29 15:00:56,23.583333333333332,3.225,7.109999999999999,0.0,0.0,0.0,0.0
2019-08-29 16:00:56,22.74,1.875,7.454999999999999,0.0,0.0,0.0,0.0
2019-08-29 17:00:56,26.45,1.505,7.3549999999999995,0.0,0.0,0.0,0.0
2019-08-29 18:00:56,40.17333333333333,3.9,7.414999999999999,0.0,0.0,0.0,0.0
2019-08-29 19:00:56,41.36,3.465,7.289999999999999,0.0,0.0,0.0,0.0
2019-08-29 20:00:56,45.77,7.93,7.074999999999999,0.0,0.0,0.0,0.0
2019-08-29 21:00:56,46.01,6.625,7.245,0.0,0.0,0.0,0.0
2019-08-29 22:00:56,32.39333333333334,6.82,6.965,0.0,0.0,0.0,0.0
2019-08-29 23:00:56,28.726666666666667,7.760000000000001,6.23,0.0,0.0,0.0,0.0
2019-08-30 00:00:56,31.786666666666665,8.065,5.96,0.0,0.0,0.0,0.0
2019-08-30 01:00:56,31.293333333333333,4.965,16.45,0.0,0.0,0.0,0.0
2019-08-30 02:00:56,37.946666666666665,8.325,38.48,0.0,0.0,0.0,0.0
2019-08-30 03:00:56,46.98,4.855,21.025,0.0,0.0,0.0,0.0
2019-08-30 04:00:56,45.88999999999999,4.03,15.81,0.0,0.0,0.0,0.0
2019-08-30 05:00:56,62.29,11.63,19.8,0.0,0.0,0.0,0.0
2019-08-30 06:00:56,64.83333333333333,25.145,19.830000000000002,0.0,0.0,0.0,0.0
2019-08-30 07:00:56,74.53999999999999,23.855,16.305,0.0,0.0,0.0,0.0
2019-08-30 08:00:56,90.58,28.89,19.97,0.0,0.0,0.0,0.0
2019-08-30 09:00:56,80.03666666666666,19.16,32.07,0.0,0.0,0.0,0.0
2019-08-30 10:00:56,74.53,19.905,18.580000000000002,0.0,0.0,0.0,0.0
2019-08-30 11:00:56,58.14333333333333,18.54,10.825000000000001,0.0,0.0,0.0,0.0
2019-08-30 12:00:56,42.24,11.1,10.765,0.0,0.0,0.0,0.0
2019-08-30 13:00:56,29.23,5.669999999999999,8.945,0.0,0.0,0.0,0.0
2019-08-30 14:00:56,35.29333333333333,3.3349999999999995,7.315,0.0,0.0,0.0,0.0
2019-08-30 15:00:56,26.156666666666666,6.044999999999999,6.535,0.0,0.0,0.0,0.0
2019-08-30 16:00:56,23.56,4.81,6.38,0.0,0.0,0.0,0.0
2019-08-30 17:00:56,31.006666666666664,5.07,6.18,0.0,0.0,0.0,0.0
2019-08-30 18:00:56,33.803333333333335,12.07,6.12,0.0,0.0,0.0,0.0
2019-08-30 19:00:56,42.26,11.58,6.035,0.0,0.0,0.0,0.0
2019-08-30 20:00:56,41.03333333333333,7.025000000000001,5.955000000000001,0.0,0.0,0.0,0.0
2019-08-30 21:00:56,39.96,9.265,6.13,0.0,0.0,0.0,0.0
2019-08-30 22:00:56,37.24666666666666,5.33,6.035,0.0,0.0,0.0,0.0
2019-08-30 23:00:56,36.653333333333336,5.34,6.645,0.0,0.0,0.0,0.0
2019-08-31 00:00:56,33.64333333333333,8.945,6.629999999999999,0.0,0.0,0.0,0.0
2019-08-31 01:00:56,29.36333333333333,0.0,6.905000000000001,0.0,0.0,0.0,0.0
2019-08-31 02:00:56,35.54666666666667,6.565,7.045000000000001,0.0,0.0,0.0,0.0
2019-08-31 03:00:56,29.823333333333334,3.3800000000000003,10.219999999999999,0.0,0.0,0.0,0.0
2019-08-31 04:00:56,33.07666666666667,2.225,14.42,0.0,0.0,0.0,0.0
2019-08-31 05:00:56,37.28,2.695,13.115,0.0,0.0,0.0,0.0
2019-08-31 06:00:56,37.21666666666667,2.58,13.450000000000001,0.0,0.0,0.0,0.0
2019-08-31 07:00:56,43.52,7.495,13.384999999999998,0.0,0.0,0.0,0.0
2019-08-31 08:00:56,55.666666666666664,11.725,36.86,0.0,0.0,0.0,0.0
2019-08-31 09:00:56,79.26666666666667,19.89,35.79,0.0,0.0,0.0,0.0
2019-08-31 10:00:56,62.526666666666664,21.29,23.145,0.0,0.0,0.0,0.0
2019-08-31 11:00:56,52.10333333333333,13.964999999999998,16.615,0.0,0.0,0.0,0.0
2019-08-31 12:00:56,38.35333333333333,13.245,13.64,0.0,0.0,0.0,0.0
2019-08-31 13:00:56,37.15,7.23,11.575000000000001,0.0,0.0,0.0,0.0
2019-08-31 14:00:56,27.096666666666668,4.325,9.47,0.0,0.0,0.0,0.0
2019-08-31 15:00:56,21.713333333333335,3.025,8.565,0.0,0.0,0.0,0.0
2019-08-31 16:00:56,19.223333333333333,2.58,7.705000000000001,0.0,0.0,0.0,0.0
2019-08-31 17:00:56,26.006666666666668,2.45,7.66,0.0,0.0,0.0,0.0
2019-08-31 18:00:56,28.046666666666667,1.78,7.594999999999999,0.0,0.0,0.0,0.0
2019-08-31 19:00:56,33.986666666666665,6.86,7.510000000000001,0.0,0.0,0.0,0.0
2019-08-31 20:00:56,36.8,13.31,6.98,0.0,0.0,0.0,0.0
2019-08-31 21:00:56,47.483333333333334,7.635000000000001,7.43,0.0,0.0,0.0,0.0
2019-08-31 22:00:56,44.86666666666667,7.935,7.140000000000001,0.0,0.0,0.0,0.0
2019-08-31 23:00:56,32.43333333333333,6.255,7.105,0.0,0.0,0.0,0.0
2019-09-01 00:00:56,39.07333333333333,6.07,8.67,0.0,0.0,0.0,0.0
2019-09-01 01:00:56,30.516666666666666,6.215,7.234999999999999,0.0,0.0,0.0,0.0
2019-09-01 02:00:56,24.573333333333334,4.38,6.7250000000000005,0.0,0.0,0.0,0.0
2019-09-01 03:00:56,27.35333333333333,5.985,8.275,0.0,0.0,0.0,0.0
2019-09-01 04:00:56,21.093333333333334,3.43,8.82,0.0,0.0,0.0,0.0
2019-09-01 05:00:56,23.82333333333333,2.015,9.014999999999999,0.0,0.0,0.0,0.0
2019-09-01 06:00:56,32.29333333333333,3.555,15.96,0.0,0.0,0.0,0.0
2019-09-01 07:00:56,44.623333333333335,4.12,25.150000000000002,0.0,0.0,0.0,0.0
2019-09-01 08:00:56,71.60666666666667,22.435,24.519999999999996,0.0,0.0,0.0,0.0
2019-09-01 09:00:56,79.58333333333334,27.83,23.540000000000003,0.0,0.0,0.0,0.0
2019-09-01 10:00:56,62.02666666666667,19.425,18.16,0.0,0.0,0.0,0.0
2019-09-01 11:00:56,50.07,10.47,11.549999999999999,0.0,0.0,0.0,0.0
2019-09-01 12:00:56,31.266666666666666,8.095,9.56,0.0,0.0,0.0,0.0
2019-09-01 13:00:56,22.836666666666666,6.919999999999999,8.49,0.0,0.0,0.0,0.0
2019-09-01 14:00:56,21.566666666666666,9.08,7.185,0.0,0.0,0.0,0.0
2019-09-01 15:00:56,20.44666666666667,5.355,6.945,0.0,0.0,0.0,0.0
2019-09-01 16:00:56,19.763333333333332,3.545,7.105,0.0,0.0,0.0,0.0
2019-09-01 17:00:56,21.77,2.715,7.1049999999999995,0.0,0.0,0.0,0.0
2019-09-01 18:00:56,31.363333333333333,2.67,6.84,0.0,0.0,0.0,0.0
2019-09-01 19:00:56,30.733333333333334,4.405,6.535,0.0,0.0,0.0,0.0
2019-09-01 20:00:56,39.54333333333333,10.195,6.419999999999999,0.0,0.0,0.0,0.0
2019-09-01 21:00:56,39.84,8.565,6.655000000000001,0.0,0.0,0.0,0.0
2019-09-01 22:00:56,41.833333333333336,5.425,6.445,0.0,0.0,0.0,0.0
2019-09-01 23:00:56,30.28,0.0,6.82,0.0,0.0,0.0,0.0
2019-09-02 00:00:56,29.46,0.0,7.135000000000001,0.0,0.0,0.0,0.0
2019-09-02 01:00:56,25.98333333333333,0.0,8.74,0.0,0.0,0.0,0.0
2019-09-02 02:00:56,30.700000000000003,0.0,11.174999999999999,0.0,0.0,0.0,0.0
2019-09-02 03:00:56,37.28333333333333,0.0,21.5,0.0,0.0,0.0,0.0
2019-09-02 04:00:56,50.483333333333334,0.0,35.21,0.0,0.0,0.0,0.0
2019-09-02 05:00:56,71.55666666666667,0.0,34.04,0.0,0.0,0.0,0.0
2019-09-02 06:00:56,67.14,0.0,21.305,0.0,0.0,0.0,0.0
2019-09-02 07:00:56,66.67666666666666,0.0,36.935,0.0,0.0,0.0,0.0
2019-09-02 08:00:56,85.28,0.0,44.77,0.0,0.0,0.0,0.0
2019-09-02 09:00:56,77.86,0.0,35.660000000000004,0.0,0.0,0.0,0.0
2019-09-02 10:00:56,68.39333333333333,0.0,15.655000000000001,0.0,0.0,0.0,0.0
2019-09-02 11:00:56,45.97333333333333,0.0,10.88,0.0,0.0,0.0,0.0
2019-09-02 12:00:56,29.733333333333334,0.0,9.225,0.0,0.0,0.0,0.0
2019-09-02 13:00:56,21.093333333333334,0.0,8.915000000000001,0.0,0.0,0.0,0.0
2019-09-02 14:00:56,23.21,0.0,9.665,0.0,0.0,0.0,0.0
2019-09-02 15:00:56,16.919999999999998,0.0,8.424999999999999,0.0,0.0,0.0,0.0
2019-09-02 16:00:56,15.153333333333334,0.0,7.875,0.0,0.0,0.0,0.0
2019-09-02 17:00:56,14.226666666666667,0.0,7.69,0.0,0.0,0.0,0.0
2019-09-02 18:00:56,16.446666666666665,0.0,7.6499999999999995,0.0,0.0,0.0,0.0
2019-09-02 19:00:56,21.336666666666666,2.595,6.98,0.0,0.0,0.0,0.0
2019-09-02 20:00:56,40.78,0.0,6.969999999999999,0.0,0.0,0.0,0.0
2019-09-02 21:00:56,43.79333333333334,18.855,7.145,0.0,0.0,0.0,0.0
2019-09-02 22:00:56,44.88333333333333,12.395000000000001,7.195,0.0,0.0,0.0,0.0
2019-09-02 23:00:56,37.49666666666667,14.06,6.859999999999999,0.0,0.0,0.0,0.0
2019-09-03 00:00:56,28.626666666666665,7.760000000000001,7.12,0.0,0.0,0.0,0.0
2019-09-03 01:00:56,29.703333333333333,4.94,6.875,0.0,0.0,0.0,0.0
2019-09-03 02:00:56,25.12,11.18,12.479999999999999,0.0,0.0,0.0,0.0
2019-09-03 03:00:56,37.01,6.16,21.41,0.0,0.0,0.0,0.0
2019-09-03 04:00:56,31.47333333333333,6.07,16.81,0.0,0.0,0.0,0.0
2019-09-03 05:00:56,36.306666666666665,0.0,15.32,0.0,0.0,0.0,0.0
2019-09-03 06:00:56,41.74666666666667,3.6300000000000003,19.355,0.0,0.0,0.0,0.0
2019-09-03 07:00:56,39.81666666666666,2.82,15.135,0.0,0.0,0.0,0.0
2019-09-03 08:00:56,49.82333333333333,10.04,29.25,0.0,0.0,0.0,0.0
2019-09-03 09:00:56,53.203333333333326,11.56,20.415,0.0,0.0,0.0,0.0
2019-09-03 10:00:56,65.38666666666667,13.665,16.83,0.0,0.0,0.0,0.0
2019-09-03 11:00:56,69.84333333333333,16.255,10.335,0.0,0.0,0.0,0.0
2019-09-03 12:00:56,43.17666666666667,11.17,8.850000000000001,0.0,0.0,0.0,0.0
2019-09-03 13:00:56,32.026666666666664,6.260000000000001,5.780000000000001,0.0,0.0,0.0,0.0
2019-09-03 14:00:56,28.75,4.33,7.449999999999999,0.0,0.0,0.0,0.0
2019-09-03 15:00:56,23.46,6.39,7.5,0.0,0.0,0.0,0.0
2019-09-03 16:00:56,27.183333333333334,3.93,7.645,0.0,0.0,0.0,0.0
2019-09-03 17:00:56,27.45,2.55,7.484999999999999,0.0,0.0,0.0,0.0
2019-09-03 18:00:56,29.506666666666664,5.045,7.210000000000001,0.0,0.0,0.0,0.0
2019-09-03 19:00:56,26.82333333333333,10.265,7.125,0.0,0.0,0.0,0.0
2019-09-03 20:00:56,35.96,19.63,7.094999999999999,0.0,0.0,0.0,0.0
2019-09-03 21:00:56,48.04,10.11,7.31,0.0,0.0,0.0,0.0
2019-09-03 22:00:56,41.846666666666664,6.31,7.030000000000001,0.0,0.0,0.0,0.0
2019-09-03 23:00:56,41.39666666666667,9.915,7.5249999999999995,0.0,0.0,0.0,0.0
2019-09-04 00:00:56,39.00666666666667,8.595,7.564999999999999,0.0,0.0,0.0,0.0
2019-09-04 01:00:56,26.73,6.94,8.229999999999999,0.0,0.0,0.0,0.0
2019-09-04 02:00:56,24.346666666666668,0.0,8.665,0.0,0.0,0.0,0.0
2019-09-04 03:00:56,28.633333333333333,5.935,14.61,0.0,0.0,0.0,0.0
2019-09-04 04:00:56,30.903333333333336,4.55,15.235,0.0,0.0,0.0,0.0
2019-09-04 05:00:56,33.02,7.005,27.03,0.0,0.0,0.0,0.0
2019-09-04 06:00:56,44.61000000000001,5.695,33.300000000000004,0.0,0.0,0.0,0.0
2019-09-04 07:00:56,51.11666666666667,12.770000000000001,26.834999999999997,0.0,0.0,0.0,0.0
2019-09-04 08:00:56,48.416666666666664,12.270000000000001,40.985,0.0,0.0,0.0,0.0
2019-09-04 09:00:56,58.10666666666667,12.1,25.855,0.0,0.0,0.0,0.0
2019-09-04 10:00:56,55.91,12.805,11.810000000000002,0.0,0.0,0.0,0.0
2019-09-04 11:00:56,42.60666666666667,13.705,9.31,0.0,0.0,0.0,0.0
2019-09-04 12:00:56,36.25333333333334,10.54,7.710000000000001,0.0,0.0,0.0,0.0
2019-09-04 13:00:56,25.32,6.015,7.21,0.0,0.0,0.0,0.0
2019-09-04 14:00:56,22.46666666666667,7.02,7.45,0.0,0.0,0.0,0.0
2019-09-04 15:00:56,18.913333333333334,3.86,7.3950000000000005,0.0,0.0,0.0,0.0
2019-09-04 16:00:56,16.259999999999998,2.34,7.62,0.0,0.0,0.0,0.0
2019-09-04 17:00:56,21.596666666666664,2.365,7.564999999999999,0.0,0.0,0.0,0.0
2019-09-04 18:00:56,29.08666666666667,5.675,7.435,0.0,0.0,0.0,0.0
2019-09-04 19:00:56,28.28,10.09,7.09,0.0,0.0,0.0,0.0
2019-09-04 20:00:56,42.54333333333334,14.32,7.19,0.0,0.0,0.0,0.0
2019-09-04 21:00:56,46.39666666666667,14.714999999999998,7.140000000000001,0.0,0.0,0.0,0.0
2019-09-04 22:00:56,43.373333333333335,8.3,7.234999999999999,0.0,0.0,0.0,0.0
2019-09-04 23:00:56,38.81333333333333,5.580000000000001,7.32,0.0,0.0,0.0,0.0
2019-09-05 00:00:56,40.2,6.105,7.32,0.0,0.0,0.0,0.0
2019-09-05 01:00:56,36.11666666666667,8.41,25.675,0.0,0.0,0.0,0.0
2019-09-05 02:00:56,44.31666666666666,15.135,28.430000000000003,0.0,0.0,0.0,0.0
2019-09-05 03:00:56,38.17666666666667,8.44,28.799999999999997,0.0,0.0,0.0,0.0
2019-09-05 04:00:56,46.97666666666667,8.48,23.11,0.0,0.0,0.0,0.0
2019-09-05 05:00:56,52.27,13.42,34.18,0.0,0.0,0.0,0.0
2019-09-05 06:00:56,53.086666666666666,21.820000000000004,28.345,0.0,0.0,0.0,0.0
2019-09-05 07:00:56,60.77333333333334,20.93,44.275,0.0,0.0,0.0,0.0
2019-09-05 08:00:56,67.96333333333334,23.899999999999995,44.21,0.0,0.0,0.0,0.0
2019-09-05 09:00:56,79.86,31.03,22.78,0.0,0.0,0.0,0.0
2019-09-05 10:00:56,72.16,16.49,14.04,0.0,0.0,0.0,0.0
2019-09-05 11:00:56,48.28,13.770000000000001,12.795000000000002,0.0,0.0,0.0,0.0
2019-09-05 12:00:56,44.82666666666667,7.69,10.87,0.0,0.0,0.0,0.0
2019-09-05 13:00:56,35.7,4.585,9.645,0.0,0.0,0.0,0.0
2019-09-05 14:00:56,38.91,4.38,9.21,0.0,0.0,0.0,0.0
2019-09-05 15:00:56,33.44,2.985,9.15,0.0,0.0,0.0,0.0
2019-09-05 16:00:56,32.78666666666667,1.765,9.58,0.0,0.0,0.0,0.0
2019-09-05 17:00:56,32.86,1.905,9.145000000000001,0.0,0.0,0.0,0.0
2019-09-05 18:00:56,35.78666666666666,1.74,9.07,0.0,0.0,0.0,0.0
2019-09-05 19:00:56,40.59,7.135000000000001,8.695,0.0,0.0,0.0,0.0
2019-09-05 20:00:56,51.379999999999995,10.705,8.97,0.0,0.0,0.0,0.0
2019-09-05 21:00:56,56.16,15.0,9.18,0.0,0.0,0.0,0.0
2019-09-05 22:00:56,50.156666666666666,11.089999999999998,8.69,0.0,0.0,0.0,0.0
2019-09-05 23:00:56,46.376666666666665,7.02,8.75,0.0,0.0,0.0,0.0
2019-09-06 00:00:56,45.406666666666666,4.63,11.26,0.0,0.0,0.0,0.0
2019-09-06 01:00:56,37.303333333333335,4.305,14.305,0.0,0.0,0.0,0.0
2019-09-06 02:00:56,36.053333333333335,13.045,10.450000000000001,0.0,0.0,0.0,0.0
2019-09-06 03:00:56,35.11333333333333,7.55,13.855000000000002,0.0,0.0,0.0,0.0
2019-09-06 04:00:56,38.02333333333333,4.73,23.09,0.0,0.0,0.0,0.0
2019-09-06 05:00:56,43.553333333333335,9.44,34.285000000000004,0.0,0.0,0.0,0.0
2019-09-06 06:00:56,68.44,14.315,49.099999999999994,0.0,0.0,0.0,0.0
2019-09-06 07:00:56,79.10666666666667,19.97,30.765,0.0,0.0,0.0,0.0
2019-09-06 08:00:56,78.02,26.935,43.715,0.0,0.0,0.0,0.0
2019-09-06 09:00:56,88.23666666666668,25.804999999999996,45.54,0.0,0.0,0.0,0.0
2019-09-06 10:00:56,89.22333333333333,28.195000000000004,16.42,0.0,0.0,0.0,0.0
2019-09-06 11:00:56,69.92,15.255,13.840000000000002,0.0,0.0,0.0,0.0
2019-09-06 12:00:56,63.580000000000005,12.339999999999998,10.784999999999998,0.0,0.0,0.0,0.0
2019-09-06 13:00:56,43.873333333333335,6.775000000000001,9.700000000000001,0.0,0.0,0.0,0.0
2019-09-06 14:00:56,42.61,4.36,8.77,0.0,0.0,0.0,0.0
2019-09-06 15:00:56,31.189999999999998,2.8699999999999997,8.31,0.0,0.0,0.0,0.0
2019-09-06 16:00:56,30.286666666666665,2.05,8.97,0.0,0.0,0.0,0.0
2019-09-06 17:00:56,31.36,1.425,8.86,0.0,0.0,0.0,0.0
2019-09-06 18:00:56,34.35,1.185,7.984999999999999,0.0,0.0,0.0,0.0
2019-09-06 19:00:56,48.64333333333333,3.57,7.829999999999999,0.0,0.0,0.0,0.0
2019-09-06 20:00:56,63.57666666666666,5.035,7.614999999999999,0.0,0.0,0.0,0.0
2019-09-06 21:00:56,60.72333333333333,4.905,7.745,0.0,0.0,0.0,0.0
2019-09-06 22:00:56,43.78,9.64,7.390000000000001,0.0,0.0,0.0,0.0
2019-09-06 23:00:56,34.050000000000004,5.835,6.8999999999999995,0.0,0.0,0.0,0.0
2019-09-07 00:00:56,32.86666666666667,7.2,6.960000000000001,0.0,0.0,0.0,0.0
2019-09-07 01:00:56,24.346666666666668,5.885000000000001,6.574999999999999,0.0,0.0,0.0,0.0
2019-09-07 02:00:56,23.39666666666667,0.0,6.675000000000001,0.0,0.0,0.0,0.0
2019-09-07 03:00:56,19.366666666666667,5.919999999999999,6.68,0.0,0.0,0.0,0.0
2019-09-07 04:00:56,25.01,4.57,6.95,0.0,0.0,0.0,0.0
2019-09-07 05:00:56,20.4,3.42,6.530000000000001,0.0,0.0,0.0,0.0
2019-09-07 06:00:56,18.83,3.26,6.050000000000001,0.0,0.0,0.0,0.0
2019-09-07 07:00:56,15.93,0.0,6.06,0.0,0.0,0.0,0.0
2019-09-07 08:00:56,18.613333333333333,0.0,5.830000000000001,0.0,0.0,0.0,0.0
2019-09-07 09:00:56,23.736666666666668,8.98,7.280000000000001,0.0,0.0,0.0,0.0
2019-09-07 10:00:56,33.03,7.3,8.29,0.0,0.0,0.0,0.0
2019-09-07 11:00:56,26.936666666666667,10.75,6.6499999999999995,0.0,0.0,0.0,0.0
2019-09-07 12:00:56,24.483333333333334,5.724999999999999,6.449999999999999,0.0,0.0,0.0,0.0
2019-09-07 13:00:56,19.19,3.35,6.755,0.0,0.0,0.0,0.0
2019-09-07 14:00:56,17.296666666666667,2.05,6.760000000000001,0.0,0.0,0.0,0.0
2019-09-07 15:00:56,14.62,2.07,6.94,0.0,0.0,0.0,0.0
2019-09-07 16:00:56,18.516666666666666,1.84,6.465,0.0,0.0,0.0,0.0
2019-09-07 17:00:56,21.19666666666667,1.22,6.335,0.0,0.0,0.0,0.0
2019-09-07 18:00:56,24.61,2.8250000000000006,6.114999999999999,0.0,0.0,0.0,0.0
2019-09-07 19:00:56,31.549999999999997,0.0,5.984999999999999,0.0,0.0,0.0,0.0
2019-09-07 20:00:56,41.96666666666667,14.245,5.93,0.0,0.0,0.0,0.0
2019-09-07 21:00:56,41.15,11.22,5.719999999999999,0.0,0.0,0.0,0.0
2019-09-07 22:00:56,31.96333333333333,10.13,5.6000000000000005,0.0,0.0,0.0,0.0
2019-09-07 23:00:56,35.88666666666667,6.38,5.699999999999999,0.0,0.0,0.0,0.0
2019-09-08 00:00:56,32.18,8.325,5.62,0.0,0.0,0.0,0.0
2019-09-08 01:00:56,31.21,6.025000000000001,5.75,0.0,0.0,0.0,0.0
2019-09-08 02:00:56,31.773333333333333,6.22,8.985,0.0,0.0,0.0,0.0
2019-09-08 03:00:56,33.733333333333334,11.615,14.074999999999998,0.0,0.0,0.0,0.0
2019-09-08 04:00:56,37.766666666666666,11.495,17.175,0.0,0.0,0.0,0.0
2019-09-08 05:00:56,42.836666666666666,7.405,14.850000000000001,0.0,0.0,0.0,0.0
2019-09-08 06:00:56,42.22333333333333,14.854999999999999,14.99,0.0,0.0,0.0,0.0
2019-09-08 07:00:56,30.60666666666667,13.065,1.28,0.0,0.0,0.0,0.0
2019-09-08 08:00:56,33.946666666666665,11.595,20.445,0.0,0.0,0.0,0.0
2019-09-08 09:00:56,35.78,10.45,12.844999999999999,0.0,0.0,0.0,0.0
2019-09-08 10:00:56,26.286666666666665,11.449999999999998,10.56,0.0,0.0,0.0,0.0
2019-09-08 11:00:56,20.473333333333333,9.43,9.205,0.0,0.0,0.0,0.0
2019-09-08 12:00:56,17.276666666666667,0.0,9.595,0.0,0.0,0.0,0.0
2019-09-08 13:00:56,14.453333333333333,5.28,8.935,0.0,0.0,0.0,0.0
2019-09-08 14:00:56,10.32,2.955,7.695,0.0,0.0,0.0,0.0
2019-09-08 15:00:56,10.643333333333333,2.665,7.63,0.0,0.0,0.0,0.0
2019-09-08 16:00:56,8.426666666666668,2.495,7.439999999999999,0.0,0.0,0.0,0.0
2019-09-08 17:00:56,6.853333333333333,1.845,7.515000000000001,0.0,0.0,0.0,0.0
2019-09-08 18:00:56,8.056666666666667,1.455,7.3549999999999995,0.0,0.0,0.0,0.0
2019-09-08 19:00:56,11.34,1.5599999999999998,7.135000000000001,0.0,0.0,0.0,0.0
2019-09-08 20:00:56,18.833333333333332,7.09,7.265000000000001,0.0,0.0,0.0,0.0
2019-09-08 21:00:56,22.5,9.465,7.19,0.0,0.0,0.0,0.0
2019-09-08 22:00:56,22.496666666666666,6.71,7.1000000000000005,0.0,0.0,0.0,0.0
2019-09-08 23:00:56,16.5,8.915,7.685,0.0,0.0,0.0,0.0
2019-09-09 00:00:56,16.14666666666667,6.655,7.655,0.0,0.0,0.0,0.0
2019-09-09 01:00:56,21.036666666666665,3.555,1.71,0.0,0.0,0.0,0.0
2019-09-09 02:00:56,17.623333333333335,3.64,11.68,0.0,0.0,0.0,0.0
2019-09-09 03:00:56,19.216666666666665,11.615,18.14,0.0,0.0,0.0,0.0
2019-09-09 04:00:56,21.83,6.96,21.225,0.0,0.0,0.0,0.0
2019-09-09 05:00:56,19.746666666666666,5.849999999999999,13.805,0.0,0.0,0.0,0.0
2019-09-09 06:00:56,20.723333333333333,3.865,30.795,0.0,0.0,0.0,0.0
2019-09-09 07:00:56,32.75333333333334,8.49,25.545,0.0,0.0,0.0,0.0
2019-09-09 08:00:56,36.15,17.595,19.03,0.0,0.0,0.0,0.0
2019-09-09 09:00:56,42.96333333333333,17.955,11.395000000000001,0.0,0.0,0.0,0.0
2019-09-09 10:00:56,27.0,9.56,10.155,0.0,0.0,0.0,0.0
2019-09-09 11:00:56,21.75333333333333,0.0,9.174999999999999,0.0,0.0,0.0,0.0
2019-09-09 12:00:56,23.136666666666667,4.585,7.935,0.0,0.0,0.0,0.0
2019-09-09 13:00:56,19.62333333333333,3.48,7.510000000000001,0.0,0.0,0.0,0.0
2019-09-09 14:00:56,23.973333333333333,0.0,7.375,0.0,0.0,0.0,0.0
2019-09-09 15:00:56,24.863333333333337,0.0,7.169999999999999,0.0,0.0,0.0,0.0
2019-09-09 16:00:56,17.123333333333335,0.0,7.085,0.0,0.0,0.0,0.0
2019-09-09 17:00:56,28.873333333333335,0.0,7.2299999999999995,0.0,0.0,0.0,0.0
2019-09-09 18:00:56,28.6,0.0,7.105,0.0,0.0,0.0,0.0
2019-09-09 19:00:56,26.07,0.0,7.255,0.0,0.0,0.0,0.0
2019-09-09 20:00:56,25.87,0.0,7.41,0.0,0.0,0.0,0.0
2019-09-09 21:00:56,32.52333333333333,0.0,7.555,0.0,0.0,0.0,0.0
2019-09-09 22:00:56,24.82333333333333,0.0,7.68,0.0,0.0,0.0,0.0
2019-09-09 23:00:56,23.38,0.0,7.640000000000001,0.0,0.0,0.0,0.0
2019-09-10 00:00:56,25.376666666666665,0.0,7.989999999999999,0.0,0.0,0.0,0.0
2019-09-10 01:00:56,18.636666666666667,0.0,7.989999999999999,0.0,0.0,0.0,0.0
2019-09-10 02:00:56,17.723333333333333,0.0,10.01,0.0,0.0,0.0,0.0
2019-09-10 03:00:56,29.826666666666668,0.0,12.29,0.0,0.0,0.0,0.0
2019-09-10 04:00:56,27.92,0.0,10.875,0.0,0.0,0.0,0.0
2019-09-10 05:00:56,33.22,0.0,16.315,0.0,0.0,0.0,0.0
2019-09-10 06:00:56,51.29,0.0,22.74,0.0,0.0,0.0,0.0
2019-09-10 07:00:56,59.656666666666666,0.0,16.63,0.0,0.0,0.0,0.0
2019-09-10 08:00:56,57.06,0.0,17.490000000000002,0.0,0.0,0.0,0.0
2019-09-10 09:00:56,54.93333333333334,0.0,20.459999999999997,0.0,0.0,0.0,0.0
2019-09-10 10:00:56,59.75666666666666,0.0,13.055,0.0,0.0,0.0,0.0
2019-09-10 11:00:56,44.14666666666667,0.0,10.88,0.0,0.0,0.0,0.0
2019-09-10 12:00:56,35.346666666666664,0.0,8.780000000000001,0.0,0.0,0.0,0.0
2019-09-10 13:00:56,24.64666666666667,0.0,7.77,0.0,0.0,0.0,0.0
2019-09-10 14:00:56,19.863333333333333,0.515,7.48,0.0,0.0,0.0,0.0
2019-09-10 15:00:56,20.37,1.185,7.445,0.0,0.0,0.0,0.0
2019-09-10 16:00:56,21.10333333333333,1.22,7.57,0.0,0.0,0.0,0.0
2019-09-10 17:00:56,25.063333333333333,1.835,7.435,0.0,0.0,0.0,0.0
2019-09-10 18:00:56,27.726666666666667,2.175,7.25,0.0,0.0,0.0,0.0
2019-09-10 19:00:56,28.846666666666668,4.35,7.294999999999999,0.0,0.0,0.0,0.0
2019-09-10 20:00:56,33.93666666666667,12.270000000000001,7.164999999999999,0.0,0.0,0.0,0.0
2019-09-10 21:00:56,39.53,14.06,7.07,0.0,0.0,0.0,0.0
2019-09-10 22:00:56,33.99666666666667,7.86,7.114999999999999,0.0,0.0,0.0,0.0
2019-09-10 23:00:56,27.63,4.355,6.71,0.0,0.0,0.0,0.0
2019-09-11 00:00:56,23.71,2.815,6.824999999999999,0.0,0.0,0.0,0.0
2019-09-11 01:00:56,21.47,2.05,6.93,0.0,0.0,0.0,0.0
2019-09-11 02:00:56,19.383333333333333,2.11,9.355,0.0,0.0,0.0,0.0
2019-09-11 03:00:56,20.723333333333333,2.215,16.375,0.0,0.0,0.0,0.0
2019-09-11 04:00:56,29.796666666666667,2.85,21.349999999999998,0.0,0.0,0.0,0.0
2019-09-11 05:00:56,38.14666666666667,6.849999999999999,25.145,0.0,0.0,0.0,0.0
2019-09-11 06:00:56,55.15,15.805,18.46,0.0,0.0,0.0,0.0
2019-09-11 07:00:56,82.01666666666667,24.385,22.755,0.0,0.0,0.0,0.0
2019-09-11 08:00:56,83.62333333333333,28.045,30.230000000000004,0.0,0.0,0.0,0.0
2019-09-11 09:00:56,82.65666666666667,29.39,39.85,0.0,0.0,0.0,0.0
2019-09-11 10:00:56,81.46333333333334,22.405,19.145,0.0,0.0,0.0,0.0
2019-09-11 11:00:56,61.14,13.99,10.53,0.0,0.0,0.0,0.0
2019-09-11 12:00:56,43.27666666666667,10.125,7.625,0.0,0.0,0.0,0.0
2019-09-11 13:00:56,27.38,5.785,7.04,0.0,0.0,0.0,0.0
2019-09-11 14:00:56,29.81,3.895,7.055,0.0,0.0,0.0,0.0
2019-09-11 15:00:56,21.223333333333333,2.635,6.765000000000001,0.0,0.0,0.0,0.0
2019-09-11 16:00:56,16.463333333333335,3.225,6.824999999999999,0.0,0.0,0.0,0.0
2019-09-11 17:00:56,17.333333333333332,5.46,7.199999999999999,0.0,0.0,0.0,0.0
2019-09-11 18:00:56,20.433333333333334,5.275,6.805,0.0,0.0,0.0,0.0
2019-09-11 19:00:56,31.03,7.37,6.7,0.0,0.0,0.0,0.0
2019-09-11 20:00:56,40.54666666666667,13.01,6.8999999999999995,0.0,0.0,0.0,0.0
2019-09-11 21:00:56,35.15,11.555,6.625,0.0,0.0,0.0,0.0
2019-09-11 22:00:56,31.05666666666667,5.95,6.575,0.0,0.0,0.0,0.0
2019-09-11 23:00:56,24.386666666666667,3.155,6.53,0.0,0.0,0.0,0.0
2019-09-12 00:00:56,23.78,1.7749999999999997,6.75,0.0,0.0,0.0,0.0
2019-09-12 01:00:56,17.653333333333332,1.905,6.295000000000001,0.0,0.0,0.0,0.0
2019-09-12 02:00:56,19.363333333333333,2.72,7.265000000000001,0.0,0.0,0.0,0.0
2019-09-12 03:00:56,17.346666666666668,5.875,15.29,0.0,0.0,0.0,0.0
2019-09-12 04:00:56,31.82333333333333,8.635,22.450000000000003,0.0,0.0,0.0,0.0
2019-09-12 05:00:56,42.21,11.415,31.814999999999998,0.0,0.0,0.0,0.0
2019-09-12 06:00:56,59.73333333333333,18.795,29.49,0.0,0.0,0.0,0.0
2019-09-12 07:00:56,63.983333333333334,24.755,21.91,0.0,0.0,0.0,0.0
2019-09-12 08:00:56,73.56333333333333,29.485,23.364999999999995,0.0,0.0,0.0,0.0
2019-09-12 09:00:56,84.94,33.965,45.455000000000005,0.0,0.0,0.0,0.0
2019-09-12 10:00:56,101.42666666666666,29.935,29.174999999999997,0.0,0.0,0.0,0.0
2019-09-12 11:00:56,78.62,18.385,15.464999999999998,0.0,0.0,0.0,0.0
2019-09-12 12:00:56,64.5,12.479999999999999,0.9899999999999999,0.0,0.0,0.0,0.0
2019-09-12 13:00:56,41.086666666666666,9.77,7.550000000000001,0.0,0.0,0.0,0.0
2019-09-12 14:00:56,29.89,5.650000000000001,6.945,0.0,0.0,0.0,0.0
2019-09-12 15:00:56,26.990000000000002,3.3800000000000003,6.8500000000000005,0.0,0.0,0.0,0.0
2019-09-12 16:00:56,21.19333333333333,1.995,6.7749999999999995,0.0,0.0,0.0,0.0
2019-09-12 17:00:56,24.306666666666665,1.89,6.794999999999999,0.0,0.0,0.0,0.0
2019-09-12 18:00:56,24.009999999999998,5.28,6.63,0.0,0.0,0.0,0.0
2019-09-12 19:00:56,33.49666666666667,9.865,6.59,0.0,0.0,0.0,0.0
2019-09-12 20:00:56,38.06333333333333,8.95,6.574999999999999,0.0,0.0,0.0,0.0
2019-09-12 21:00:56,47.34,8.52,6.5249999999999995,0.0,0.0,0.0,0.0
2019-09-12 22:00:56,34.153333333333336,8.505,6.7749999999999995,0.0,0.0,0.0,0.0
2019-09-12 23:00:56,26.933333333333334,4.545,8.305,0.0,0.0,0.0,0.0
2019-09-13 00:00:56,26.33,2.97,8.17,0.0,0.0,0.0,0.0
2019-09-13 01:00:56,19.686666666666667,2.795,7.7250000000000005,0.0,0.0,0.0,0.0
2019-09-13 02:00:56,20.403333333333332,3.735,8.64,0.0,0.0,0.0,0.0
2019-09-13 03:00:56,17.056666666666665,4.49,9.37,0.0,0.0,0.0,0.0
2019-09-13 04:00:56,20.993333333333332,5.38,12.420000000000002,0.0,0.0,0.0,0.0
2019-09-13 05:00:56,27.80666666666667,8.735,12.719999999999999,0.0,0.0,0.0,0.0
2019-09-13 06:00:56,52.763333333333335,18.725,14.990000000000002,0.0,0.0,0.0,0.0
2019-09-13 07:00:56,55.83,20.82,11.485,0.0,0.0,0.0,0.0
2019-09-13 08:00:56,44.42666666666667,17.875,32.015,0.0,0.0,0.0,0.0
2019-09-13 09:00:56,66.4,21.97,35.205,0.0,0.0,0.0,0.0
2019-09-13 10:00:56,57.64666666666667,16.78,11.08,0.0,0.0,0.0,0.0
2019-09-13 11:00:56,30.183333333333334,9.1,9.295,0.0,0.0,0.0,0.0
2019-09-13 12:00:56,19.646666666666665,5.25,8.27,0.0,0.0,0.0,0.0
2019-09-13 13:00:56,17.176666666666666,3.35,7.98,0.0,0.0,0.0,0.0
2019-09-13 14:00:56,27.133333333333333,2.555,8.24,0.0,0.0,0.0,0.0
2019-09-13 15:00:56,30.849999999999998,3.3349999999999995,8.475,0.0,0.0,0.0,0.0
2019-09-13 16:00:56,21.786666666666665,3.975,8.24,0.0,0.0,0.0,0.0
2019-09-13 17:00:56,21.993333333333332,2.66,8.02,0.0,0.0,0.0,0.0
2019-09-13 18:00:56,25.106666666666666,4.415,8.015,0.0,0.0,0.0,0.0
2019-09-13 19:00:56,35.04,7.875,8.02,0.0,0.0,0.0,0.0
2019-09-13 20:00:56,39.12,6.555,8.155000000000001,0.0,0.0,0.0,0.0
2019-09-13 21:00:56,38.66,6.245,8.12,0.0,0.0,0.0,0.0
2019-09-13 22:00:56,39.64333333333333,6.169999999999999,7.835000000000001,0.0,0.0,0.0,0.0
2019-09-13 23:00:56,32.45666666666667,5.56,7.564999999999999,0.0,0.0,0.0,0.0
2019-09-14 00:00:56,28.25,5.415,7.285,0.0,0.0,0.0,0.0
2019-09-14 01:00:56,23.97,3.0499999999999994,7.23,0.0,0.0,0.0,0.0
2019-09-14 02:00:56,21.766666666666666,4.015,7.38,0.0,0.0,0.0,0.0
2019-09-14 03:00:56,24.03,5.045,7.18,0.0,0.0,0.0,0.0
2019-09-14 04:00:56,25.206666666666667,3.515,8.795,0.0,0.0,0.0,0.0
2019-09-14 05:00:56,21.91,3.5849999999999995,9.13,0.0,0.0,0.0,0.0
2019-09-14 06:00:56,25.166666666666668,4.26,8.16,0.0,0.0,0.0,0.0
2019-09-14 07:00:56,22.14,4.795,9.025,0.0,0.0,0.0,0.0
2019-09-14 08:00:56,22.683333333333334,4.645,10.455,0.0,0.0,0.0,0.0
2019-09-14 09:00:56,30.763333333333332,5.395,10.88,0.0,0.0,0.0,0.0
2019-09-14 10:00:56,24.58,7.43,7.635000000000001,0.0,0.0,0.0,0.0
2019-09-14 11:00:56,27.903333333333336,8.53,7.564999999999999,0.0,0.0,0.0,0.0
2019-09-14 12:00:56,25.05666666666667,7.5,7.109999999999999,0.0,0.0,0.0,0.0
2019-09-14 13:00:56,22.746666666666666,4.58,7.18,0.0,0.0,0.0,0.0
2019-09-14 14:00:56,21.616666666666667,5.25,7.114999999999999,0.0,0.0,0.0,0.0
2019-09-14 15:00:56,24.183333333333337,5.46,7.27,0.0,0.0,0.0,0.0
2019-09-14 16:00:56,24.223333333333333,3.375,7.564999999999999,0.0,0.0,0.0,0.0
2019-09-14 17:00:56,32.49,3.6199999999999997,7.66,0.0,0.0,0.0,0.0
2019-09-14 18:00:56,35.21333333333333,3.5849999999999995,7.390000000000001,0.0,0.0,0.0,0.0
2019-09-14 19:00:56,37.44,4.815,7.28,0.0,0.0,0.0,0.0
2019-09-14 20:00:56,23.843333333333334,7.385000000000001,1.365,0.0,0.0,0.0,0.0
2019-09-14 21:00:56,24.39666666666667,8.975,6.545000000000001,0.0,0.0,0.0,0.0
2019-09-14 22:00:56,16.503333333333334,8.285,6.395,0.0,0.0,0.0,0.0
2019-09-14 23:00:56,17.946666666666665,7.255,13.115000000000002,0.0,0.0,0.0,0.0
2019-09-15 00:00:56,16.233333333333334,6.77,9.57,0.0,0.0,0.0,0.0
2019-09-15 01:00:56,38.11333333333334,3.625,8.625,0.0,0.0,0.0,0.0
2019-09-15 02:00:56,34.74333333333333,3.955,5.895,0.0,0.0,0.0,0.0
2019-09-15 03:00:56,26.613333333333333,4.37,5.81,0.0,0.0,0.0,0.0
2019-09-15 04:00:56,23.700000000000003,2.7000000000000006,5.8500000000000005,0.0,0.0,0.0,0.0
2019-09-15 05:00:56,18.07,3.49,12.924999999999999,0.0,0.0,0.0,0.0
2019-09-15 06:00:56,20.78,4.815,12.54,0.0,0.0,0.0,0.0
2019-09-15 07:00:56,24.763333333333332,4.13,11.954999999999998,0.0,0.0,0.0,0.0
2019-09-15 08:00:56,18.79,0.0,10.18,0.0,0.0,0.0,0.0
2019-09-15 09:00:56,21.430000000000003,0.0,8.01,0.0,0.0,0.0,0.0
2019-09-15 10:00:56,25.99,0.0,8.08,0.0,0.0,0.0,0.0
2019-09-15 11:00:56,31.03666666666666,7.31,6.655000000000001,0.0,0.0,0.0,0.0
2019-09-15 12:00:56,28.486666666666665,4.235,6.2,0.0,0.0,0.0,0.0
2019-09-15 13:00:56,26.34,3.49,6.145,0.0,0.0,0.0,0.0
2019-09-15 14:00:56,26.9,6.13,6.16,0.0,0.0,0.0,0.0
2019-09-15 15:00:56,23.88,7.349999999999999,6.170000000000001,0.0,0.0,0.0,0.0
2019-09-15 16:00:56,30.743333333333336,6.97,6.02,0.0,0.0,0.0,0.0
2019-09-15 17:00:56,30.21,5.965,6.199999999999999,0.0,0.0,0.0,0.0
2019-09-15 18:00:56,39.03,7.14,6.2250000000000005,0.0,0.0,0.0,0.0
2019-09-15 19:00:56,38.056666666666665,8.39,5.760000000000001,0.0,0.0,0.0,0.0
2019-09-15 20:00:56,47.833333333333336,11.020000000000001,6.1000000000000005,0.0,0.0,0.0,0.0
2019-09-15 21:00:56,41.236666666666665,13.875,6.295000000000001,0.0,0.0,0.0,0.0
2019-09-15 22:00:56,43.69,8.745,6.445,0.0,0.0,0.0,0.0
2019-09-15 23:00:56,40.82666666666667,10.44,6.545000000000001,0.0,0.0,0.0,0.0
2019-09-16 00:00:56,42.943333333333335,11.695,6.305,0.0,0.0,0.0,0.0
2019-09-16 01:00:56,37.406666666666666,6.885000000000001,9.065,0.0,0.0,0.0,0.0
2019-09-16 02:00:56,34.13,7.055,13.79,0.0,0.0,0.0,0.0
2019-09-16 03:00:56,39.46333333333333,11.214999999999998,11.71,0.0,0.0,0.0,0.0
2019-09-16 04:00:56,41.03333333333333,10.325,8.290000000000001,0.0,0.0,0.0,0.0
2019-09-16 05:00:56,34.473333333333336,6.135000000000001,7.210000000000001,0.0,0.0,0.0,0.0
2019-09-16 06:00:56,29.153333333333332,3.9599999999999995,7.239999999999999,0.0,0.0,0.0,0.0
2019-09-16 07:00:56,31.59,6.400000000000001,7.185,0.0,0.0,0.0,0.0
2019-09-16 08:00:56,26.83,8.575,6.675,0.0,0.0,0.0,0.0
2019-09-16 09:00:56,38.34,8.84,6.989999999999999,0.0,0.0,0.0,0.0
2019-09-16 10:00:56,44.49666666666667,10.415,7.455000000000001,0.0,0.0,0.0,0.0
2019-09-16 11:00:56,40.736666666666665,9.14,7.489999999999999,0.0,0.0,0.0,0.0
2019-09-16 12:00:56,37.736666666666665,9.49,6.989999999999999,0.0,0.0,0.0,0.0
2019-09-16 13:00:56,49.02333333333333,9.9,6.824999999999999,0.0,0.0,0.0,0.0
2019-09-16 14:00:56,52.013333333333335,12.835,6.765000000000001,0.0,0.0,0.0,0.0
2019-09-16 15:00:56,57.58666666666667,14.195,6.845,0.0,0.0,0.0,0.0
2019-09-16 16:00:56,47.27,8.88,6.7,0.0,0.0,0.0,0.0
2019-09-16 17:00:56,43.843333333333334,6.265,6.920000000000001,0.0,0.0,0.0,0.0
2019-09-16 18:00:56,45.67,10.11,6.62,0.0,0.0,0.0,0.0
2019-09-16 19:00:56,48.49333333333333,11.13,6.864999999999999,0.0,0.0,0.0,0.0
2019-09-16 20:00:56,47.57333333333333,7.010000000000001,6.825,0.0,0.0,0.0,0.0
2019-09-16 21:00:56,49.31,9.07,7.22,0.0,0.0,0.0,0.0
2019-09-16 22:00:56,42.10333333333333,11.255,7.074999999999999,0.0,0.0,0.0,0.0
2019-09-16 23:00:56,34.013333333333335,9.0,7.68,0.0,0.0,0.0,0.0
2019-09-17 00:00:56,44.763333333333335,8.52,9.985,0.0,0.0,0.0,0.0
2019-09-17 01:00:56,50.43333333333334,10.11,9.755,0.0,0.0,0.0,0.0
2019-09-17 02:00:56,49.01,8.44,9.785,0.0,0.0,0.0,0.0
2019-09-17 03:00:56,42.343333333333334,6.010000000000001,10.48,0.0,0.0,0.0,0.0
2019-09-17 04:00:56,49.89333333333333,7.86,11.635,0.0,0.0,0.0,0.0
2019-09-17 05:00:56,48.9,10.714999999999998,11.14,0.0,0.0,0.0,0.0
2019-09-17 06:00:56,43.9,9.29,9.205,0.0,0.0,0.0,0.0
2019-09-17 07:00:56,52.71,13.19,11.745,0.0,0.0,0.0,0.0
2019-09-17 08:00:56,76.87,25.66,33.185,0.0,0.0,0.0,0.0
2019-09-17 09:00:56,96.35333333333334,29.925,53.13999999999999,0.0,0.0,0.0,0.0
2019-09-17 10:00:56,91.83,21.445000000000004,16.93,0.0,0.0,0.0,0.0
2019-09-17 11:00:56,64.81333333333333,14.46,10.435,0.0,0.0,0.0,0.0
2019-09-17 12:00:56,47.8,12.520000000000001,8.43,0.0,0.0,0.0,0.0
2019-09-17 13:00:56,33.67333333333333,8.88,7.419999999999999,0.0,0.0,0.0,0.0
2019-09-17 14:00:56,43.150000000000006,4.855,9.15,0.0,0.0,0.0,0.0
2019-09-17 15:00:56,50.32333333333333,5.510000000000001,7.824999999999999,0.0,0.0,0.0,0.0
2019-09-17 16:00:56,32.60333333333333,6.2,8.015,0.0,0.0,0.0,0.0
2019-09-17 17:00:56,36.31333333333333,4.975,7.710000000000001,0.0,0.0,0.0,0.0
2019-09-17 18:00:56,31.08,7.56,7.3549999999999995,0.0,0.0,0.0,0.0
2019-09-17 19:00:56,36.67666666666667,9.25,8.815,0.0,0.0,0.0,0.0
2019-09-17 20:00:56,60.02666666666667,11.550000000000002,11.44,0.0,0.0,0.0,0.0
2019-09-17 21:00:56,106.25666666666666,17.77,10.719999999999999,0.0,0.0,0.0,0.0
2019-09-17 22:00:56,106.35666666666667,18.8,13.670000000000002,0.0,0.0,0.0,0.0
2019-09-17 23:00:56,117.47,22.545,17.01,0.0,0.0,0.0,0.0
2019-09-18 00:00:56,117.47333333333333,28.165000000000003,17.17,0.0,0.0,0.0,0.0
2019-09-18 01:00:56,111.06666666666666,25.16,24.73,0.0,0.0,0.0,0.0
2019-09-18 02:00:56,97.07666666666667,18.835,41.185,0.0,0.0,0.0,0.0
2019-09-18 03:00:56,94.96333333333334,17.365,40.515,0.0,0.0,0.0,0.0
2019-09-18 04:00:56,89.38666666666666,17.86,37.38,0.0,0.0,0.0,0.0
2019-09-18 05:00:56,77.18333333333334,20.03,37.04,0.0,0.0,0.0,0.0
2019-09-18 06:00:56,82.63666666666667,20.175,33.95,0.0,0.0,0.0,0.0
2019-09-18 07:00:56,83.32333333333334,23.975000000000005,21.535,0.0,0.0,0.0,0.0
2019-09-18 08:00:56,93.36,34.325,37.37,0.0,0.0,0.0,0.0
2019-09-18 09:00:56,106.95333333333333,40.71,42.53,0.0,0.0,0.0,0.0
2019-09-18 10:00:56,106.89666666666666,40.255,24.095,0.0,0.0,0.0,0.0
2019-09-18 11:00:56,84.18333333333334,29.38,15.954999999999998,0.0,0.0,0.0,0.0
2019-09-18 12:00:56,62.903333333333336,19.41,11.405000000000001,0.0,0.0,0.0,0.0
2019-09-18 13:00:56,47.876666666666665,12.12,11.515,0.0,0.0,0.0,0.0
2019-09-18 14:00:56,43.38333333333333,6.48,11.299999999999999,0.0,0.0,0.0,0.0
2019-09-18 15:00:56,44.46666666666667,3.535,11.079999999999998,0.0,0.0,0.0,0.0
2019-09-18 16:00:56,31.506666666666664,3.195,10.075000000000001,0.0,0.0,0.0,0.0
2019-09-18 17:00:56,35.49333333333333,5.285,9.47,0.0,0.0,0.0,0.0
2019-09-18 18:00:56,46.49,11.225,8.895000000000001,0.0,0.0,0.0,0.0
2019-09-18 19:00:56,55.46666666666667,13.839999999999998,9.05,0.0,0.0,0.0,0.0
2019-09-18 20:00:56,73.12333333333333,14.765,10.39,0.0,0.0,0.0,0.0
2019-09-18 21:00:56,103.00333333333333,20.685,16.35,0.0,0.0,0.0,0.0
2019-09-18 22:00:56,112.59333333333333,20.65,37.545,0.0,0.0,0.0,0.0
2019-09-18 23:00:56,120.39333333333333,20.315,24.055000000000003,0.0,0.0,0.0,0.0
2019-09-19 00:00:56,109.33333333333333,23.61,33.495,0.0,0.0,0.0,0.0
2019-09-19 01:00:56,105.4,22.715,40.129999999999995,0.0,0.0,0.0,0.0
2019-09-19 02:00:56,93.54333333333334,22.13,26.755,0.0,0.0,0.0,0.0
2019-09-19 03:00:56,85.71333333333334,20.225,21.560000000000002,0.0,0.0,0.0,0.0
2019-09-19 04:00:56,72.86333333333333,20.65,27.595,0.0,0.0,0.0,0.0
2019-09-19 05:00:56,60.703333333333326,19.56,27.150000000000002,0.0,0.0,0.0,0.0
2019-09-19 06:00:56,58.23666666666667,14.72,25.664999999999996,0.0,0.0,0.0,0.0
2019-09-19 07:00:56,59.14333333333334,16.185,22.790000000000003,0.0,0.0,0.0,0.0
2019-09-19 08:00:56,75.19333333333334,24.36,36.14,0.0,0.0,0.0,0.0
2019-09-19 09:00:56,107.69999999999999,35.585,28.955,0.0,0.0,0.0,0.0
2019-09-19 10:00:56,125.80666666666667,32.455,10.685,0.0,0.0,0.0,0.0
2019-09-19 11:00:56,82.31333333333333,19.055,8.91,0.0,0.0,0.0,0.0
2019-09-19 12:00:56,58.11333333333334,10.195,8.165,0.0,0.0,0.0,0.0
2019-09-19 13:00:56,44.17666666666667,5.98,7.93,0.0,0.0,0.0,0.0
2019-09-19 14:00:56,43.14666666666667,3.285,7.935,0.0,0.0,0.0,0.0
2019-09-19 15:00:56,42.74666666666667,3.525,7.855,0.0,0.0,0.0,0.0
2019-09-19 16:00:56,31.82,4.865,7.719999999999999,0.0,0.0,0.0,0.0
2019-09-19 17:00:56,34.776666666666664,4.01,7.765000000000001,0.0,0.0,0.0,0.0
2019-09-19 18:00:56,43.85333333333333,8.09,7.664999999999999,0.0,0.0,0.0,0.0
2019-09-19 19:00:56,60.18333333333334,15.49,7.739999999999999,0.0,0.0,0.0,0.0
2019-09-19 20:00:56,81.15666666666667,19.86,7.960000000000001,0.0,0.0,0.0,0.0
2019-09-19 21:00:56,73.22,21.305,7.789999999999999,0.0,0.0,0.0,0.0
2019-09-19 22:00:56,66.90666666666667,18.035,7.414999999999999,0.0,0.0,0.0,0.0
2019-09-19 23:00:56,53.27333333333333,13.795,7.830000000000001,0.0,0.0,0.0,0.0
2019-09-20 00:00:56,46.846666666666664,12.935,7.734999999999999,0.0,0.0,0.0,0.0
2019-09-20 01:00:56,36.2,10.885,7.395,0.0,0.0,0.0,0.0
2019-09-20 02:00:56,31.60333333333333,8.875,7.435,0.0,0.0,0.0,0.0
2019-09-20 03:00:56,25.293333333333333,7.815,7.414999999999999,0.0,0.0,0.0,0.0
2019-09-20 04:00:56,24.636666666666667,6.239999999999999,8.57,0.0,0.0,0.0,0.0
2019-09-20 05:00:56,26.986666666666665,6.724999999999999,14.86,0.0,0.0,0.0,0.0
2019-09-20 06:00:56,31.560000000000002,5.275,19.61,0.0,0.0,0.0,0.0
2019-09-20 07:00:56,38.99666666666667,4.915,21.885,0.0,0.0,0.0,0.0
2019-09-20 08:00:56,43.91,5.445,32.440000000000005,0.0,0.0,0.0,0.0
2019-09-20 09:00:56,48.93,7.375,23.665000000000003,0.0,0.0,0.0,0.0
2019-09-20 10:00:56,47.76,8.51,14.865,0.0,0.0,0.0,0.0
2019-09-20 11:00:56,29.51,5.71,9.795,0.0,0.0,0.0,0.0
2019-09-20 12:00:56,19.69333333333333,0.0,9.75,0.0,0.0,0.0,0.0
2019-09-20 13:00:56,21.416666666666668,0.0,11.37,0.0,0.0,0.0,0.0
2019-09-20 14:00:56,43.17666666666667,0.0,10.505,0.0,0.0,0.0,0.0
2019-09-20 15:00:56,17.54,0.0,9.535,26.765,30.155,0.0,0.0
2019-09-20 16:00:56,27.223333333333333,0.0,10.355,20.155,20.665,0.0,0.0
2019-09-20 17:00:56,48.89,0.0,2.25,19.055,20.295,0.0,0.0
2019-09-20 18:00:56,36.126666666666665,0.0,2.12,20.775,22.23,0.0,0.0
2019-09-20 19:00:56,36.24,0.0,2.15,20.475,23.56,0.0,0.0
2019-09-20 20:00:56,53.35333333333334,0.0,7.375,0.0,0.0,0.0,0.0
2019-09-20 21:00:56,57.71,5.31,8.17,29.205,31.7,0.0,0.0
2019-09-20 22:00:56,41.86666666666667,8.625,8.325,22.61,25.065,0.0,0.0
2019-09-20 23:00:56,33.59,5.05,8.065,20.69,22.649999999999995,0.0,0.0
2019-09-21 00:00:56,29.273333333333333,4.32,8.424999999999999,20.23,23.195000000000004,0.0,0.0
2019-09-21 01:00:56,18.22,4.045,8.365,21.875,25.22,0.0,0.0
2019-09-21 02:00:56,15.52,3.055,8.615,18.97,20.3,0.0,0.0
2019-09-21 03:00:56,16.256666666666668,1.985,8.6,17.0,18.0,0.0,0.0
2019-09-21 04:00:56,13.276666666666667,3.7900000000000005,8.86,16.43,17.135,0.0,0.0
2019-09-21 05:00:56,10.016666666666666,0.0,7.575,15.81,16.565,0.0,0.0
2019-09-21 06:00:56,7.123333333333333,2.7999999999999994,7.305,15.81,16.795,0.0,0.0
2019-09-21 07:00:56,7.3966666666666665,1.92,7.13,17.675,19.19,0.0,0.0
2019-09-21 08:00:56,8.156666666666666,1.76,7.335,22.875,26.785,0.0,0.0
2019-09-21 09:00:56,5.8066666666666675,2.64,7.1499999999999995,31.37,38.655,0.0,0.0
2019-09-21 10:00:56,10.32,2.9150000000000005,7.3549999999999995,32.705,36.495,0.0,0.0
2019-09-21 11:00:56,12.846666666666666,1.535,7.31,26.959999999999997,28.33,0.0,0.0
2019-09-21 12:00:56,11.113333333333333,2.525,7.219999999999999,23.165000000000003,24.815,0.0,0.0
2019-09-21 13:00:56,12.82,3.5499999999999994,7.23,23.945000000000004,25.790000000000003,0.0,0.0
2019-09-21 14:00:56,16.6,2.33,7.454999999999999,25.925,27.66,0.0,0.0
2019-09-21 15:00:56,12.786666666666667,1.695,7.55,26.635,28.709999999999997,0.0,0.0
2019-09-21 16:00:56,8.726666666666667,0.0,7.175000000000001,26.095,28.005,0.0,0.0
2019-09-21 17:00:56,11.27,0.0,7.359999999999999,23.815,25.14,0.0,0.0
2019-09-21 18:00:56,16.05,2.215,7.3500000000000005,27.385,31.14,0.0,0.0
2019-09-21 19:00:56,19.133333333333333,5.46,7.46,33.205,37.21,0.0,0.0
2019-09-21 20:00:56,19.306666666666665,8.69,7.4750000000000005,40.055,46.37,0.0,0.0
2019-09-21 21:00:56,19.786666666666665,8.015,7.205000000000001,39.125,42.9,0.0,0.0
2019-09-21 22:00:56,19.796666666666667,6.68,7.09,34.435,37.54,0.0,0.0
2019-09-21 23:00:56,16.27,7.169999999999999,7.009999999999999,32.005,34.405,0.0,0.0
2019-09-22 00:00:56,16.60333333333333,7.715,6.755,28.31,30.429999999999996,0.0,0.0
2019-09-22 01:00:56,15.780000000000001,5.14,6.895,26.37,28.320000000000004,0.0,0.0
2019-09-22 02:00:56,16.446666666666665,3.845,6.530000000000001,28.05,30.06,0.0,0.0
2019-09-22 03:00:56,18.173333333333332,2.525,6.594999999999999,25.105,26.095,0.0,0.0
2019-09-22 04:00:56,22.983333333333334,5.82,6.455000000000001,23.655,24.649999999999995,0.0,0.0
2019-09-22 05:00:56,32.6,13.15,7.359999999999999,23.51,24.005,0.0,0.0
2019-09-22 06:00:56,40.36333333333333,18.73,8.09,23.365,24.045,0.0,0.0
2019-09-22 07:00:56,38.43333333333334,19.19,8.09,26.97,29.465,0.0,0.0
2019-09-22 08:00:56,47.07,18.59,9.334999999999999,31.77,34.925,0.0,0.0
2019-09-22 09:00:56,51.019999999999996,16.38,9.855,30.165000000000003,31.679999999999996,0.0,0.0
2019-09-22 10:00:56,39.68,12.770000000000001,7.9049999999999985,29.135,31.24,0.0,0.0
2019-09-22 11:00:56,27.816666666666666,10.385,7.760000000000001,33.135,35.915,0.0,0.0
2019-09-22 12:00:56,17.043333333333333,6.875,7.689999999999999,33.45,36.13,0.0,0.0
2019-09-22 13:00:56,10.05,0.0,8.06,34.535,37.02,0.0,0.0
2019-09-22 14:00:56,9.666666666666666,2.91,8.37,34.745,38.145,0.0,0.0
2019-09-22 15:00:56,10.343333333333334,2.705,8.575000000000001,35.405,38.645,0.0,0.0
2019-09-22 16:00:56,11.19,2.985,8.945,40.72,45.87,0.0,0.0
2019-09-22 17:00:56,10.153333333333332,3.27,9.16,46.195,50.445,0.0,0.0
2019-09-22 18:00:56,10.09,3.23,9.475,44.91,48.85999999999999,0.0,0.0
2019-09-22 19:00:56,16.86,6.739999999999999,9.275,47.895,52.365,0.0,0.0
2019-09-22 20:00:56,26.23,10.81,9.225,47.865,51.025,0.0,0.0
2019-09-22 21:00:56,24.636666666666667,7.93,9.06,39.17,41.01,0.0,0.0
2019-09-22 22:00:56,27.123333333333335,5.595,9.155,41.43,44.16,0.0,0.0
2019-09-22 23:00:56,28.01,5.489999999999999,8.49,47.1,52.419999999999995,0.0,0.0
2019-09-23 00:00:56,31.683333333333334,6.215,8.495,57.505,64.51,0.0,0.0
2019-09-23 01:00:56,43.373333333333335,13.425000000000002,8.094999999999999,60.355,68.085,0.0,0.0
2019-09-23 02:00:56,51.953333333333326,17.73,8.385,58.92499999999999,65.61,0.0,0.0
2019-09-23 03:00:56,47.08666666666667,14.78,8.065,53.285,57.285,0.0,0.0
2019-09-23 04:00:56,49.616666666666674,17.035,8.87,45.45000000000001,47.775,0.0,0.0
2019-09-23 05:00:56,52.21666666666667,21.12,7.954999999999999,37.84,38.895,0.0,0.0
2019-09-23 06:00:56,53.21,20.905,8.09,30.345,30.965,0.0,0.0
2019-09-23 07:00:56,53.343333333333334,18.865,7.505,29.31,31.365,0.0,0.0
2019-09-23 08:00:56,55.629999999999995,24.8,11.585,45.345,59.28,0.0,0.0
2019-09-23 09:00:56,70.73333333333333,30.77,13.090000000000002,58.32,70.795,0.0,0.0
2019-09-23 10:00:56,75.53666666666666,28.834999999999997,9.405,59.285,64.365,0.0,0.0
2019-09-23 11:00:56,68.86333333333333,25.095,8.155,48.56,50.330000000000005,0.0,0.0
2019-09-23 12:00:56,48.17666666666667,17.55,8.049999999999999,38.315,39.79,0.0,0.0
2019-09-23 13:00:56,33.84,9.64,9.0,34.49,35.95,0.0,0.0
2019-09-23 14:00:56,29.506666666666664,5.835,9.285,38.125,42.245,0.0,0.0
2019-09-23 15:00:56,29.56,4.335,9.42,46.19,49.99,0.0,0.0
2019-09-23 16:00:56,27.60333333333333,4.51,9.565,49.465,53.09,0.0,0.0
2019-09-23 17:00:56,24.14333333333333,3.9500000000000006,9.905,49.505,53.044999999999995,0.0,0.0
2019-09-23 18:00:56,22.793333333333333,5.325,9.665000000000001,50.51,53.25,0.0,0.0
2019-09-23 19:00:56,32.21666666666667,6.465,10.08,75.21,118.69,0.0,0.0
2019-09-23 20:00:56,65.35,12.82,10.505,87.58999999999999,133.42,0.0,0.0
2019-09-23 21:00:56,76.57333333333334,24.065,10.51,91.99,131.03,0.0,0.0
2019-09-23 22:00:56,72.22999999999999,23.679999999999996,12.745,91.23,136.115,0.0,0.0
2019-09-23 23:00:56,80.71333333333334,23.765,12.910000000000002,88.06,141.23,0.0,0.0
2019-09-24 00:00:56,85.42,24.165000000000003,12.38,87.075,136.995,0.0,0.0
2019-09-24 01:00:56,76.31666666666666,22.965,12.704999999999998,83.765,131.645,0.0,0.0
2019-09-24 02:00:56,78.7,24.33,13.350000000000001,81.175,119.71499999999999,0.0,0.0
2019-09-24 03:00:56,72.36333333333333,22.185,11.219999999999999,76.925,112.0,0.0,0.0
2019-09-24 04:00:56,55.04666666666667,17.835,12.11,73.27,97.96999999999998,0.0,0.0
2019-09-24 05:00:56,54.946666666666665,13.265,9.329999999999998,69.505,82.62,0.0,0.0
2019-09-24 06:00:56,57.080000000000005,17.54,8.985,61.645,67.46,0.0,0.0
2019-09-24 07:00:56,55.18,21.925,8.645,61.9,73.9,0.0,0.0
2019-09-24 08:00:56,72.96,19.51,11.12,69.91,96.84499999999998,0.0,0.0
2019-09-24 09:00:56,83.93666666666667,20.1,15.795000000000002,78.29,109.865,0.0,0.0
2019-09-24 10:00:56,83.27333333333333,22.804999999999996,9.635,82.35,101.96499999999999,0.0,0.0
2019-09-24 11:00:56,91.87,22.649999999999995,9.334999999999999,79.14,85.94,0.0,0.0
2019-09-24 12:00:56,92.48,17.965,8.715,67.605,70.965,0.0,0.0
2019-09-24 13:00:56,67.69,10.595,8.445,52.99,54.52,0.0,0.0
2019-09-24 14:00:56,45.276666666666664,5.760000000000001,8.205,47.75,50.31,0.0,0.0
2019-09-24 15:00:56,32.053333333333335,7.349999999999999,8.855,46.635,49.919999999999995,0.0,0.0
2019-09-24 16:00:56,30.953333333333333,8.56,9.225,53.625,57.345,0.0,0.0
2019-09-24 17:00:56,35.28,4.33,9.035,47.935,50.09,0.0,0.0
2019-09-24 18:00:56,38.10333333333333,3.03,9.355,48.695,49.74,0.0,0.0
2019-09-24 19:00:56,44.736666666666665,5.785,9.94,71.575,99.33,0.0,0.0
2019-09-24 20:00:56,64.57333333333334,8.685,8.53,89.22499999999998,115.295,0.0,0.0
2019-09-24 21:00:56,78.99000000000001,10.06,9.395,91.855,108.69,0.0,0.0
2019-09-24 22:00:56,75.10666666666667,13.37,10.34,97.83999999999999,125.02,0.0,0.0
2019-09-24 23:00:56,86.32666666666667,21.035,11.14,103.065,167.4,0.0,0.0
2019-09-25 00:00:56,97.09333333333333,26.355,11.805,104.305,182.48,0.0,0.0
2019-09-25 01:00:56,93.84666666666666,22.88,13.549999999999999,98.21999999999998,152.52,0.0,0.0
2019-09-25 02:00:56,94.20666666666666,23.08,14.39,94.96,151.725,0.0,0.0
2019-09-25 03:00:56,94.87333333333333,25.53,13.579999999999998,89.73,122.02,0.0,0.0
2019-09-25 04:00:56,79.33333333333333,19.995,10.854999999999999,84.42,103.335,0.0,0.0
2019-09-25 05:00:56,71.02,22.625,14.115,77.925,88.40500000000002,0.0,0.0
2019-09-25 06:00:56,75.78333333333333,29.315,12.670000000000002,69.655,74.055,0.0,0.0
2019-09-25 07:00:56,76.83666666666667,28.929999999999996,11.725,62.745,69.345,0.0,0.0
2019-09-25 08:00:56,88.61666666666667,29.815,12.325000000000001,72.995,97.83,0.0,0.0
2019-09-25 09:00:56,100.29666666666667,36.365,13.170000000000002,84.08,137.555,0.0,0.0
2019-09-25 10:00:56,145.89333333333335,41.88,15.469999999999999,92.45,181.665,0.0,0.0
2019-09-25 11:00:56,203.36,45.32,17.445,97.19,186.34,0.0,0.0
2019-09-25 12:00:56,212.46,51.705000000000005,18.67,95.55,164.19,0.0,0.0
2019-09-25 13:00:56,179.64333333333335,48.155,14.560000000000002,92.15000000000002,138.205,0.0,0.0
2019-09-25 14:00:56,124.66666666666667,32.58,10.915,83.015,99.145,0.0,0.0
2019-09-25 15:00:56,79.28666666666666,19.1,10.05,80.225,89.09999999999998,0.0,0.0
2019-09-25 16:00:56,62.236666666666665,16.12,9.59,65.72,67.66,0.0,0.0
2019-09-25 17:00:56,60.803333333333335,16.53,9.38,63.685,72.88,0.0,0.0
2019-09-25 18:00:56,56.25,18.945,9.245,72.11,88.325,0.0,0.0
2019-09-25 19:00:56,46.75666666666666,18.8,9.16,80.695,116.21499999999999,0.0,0.0
2019-09-25 20:00:56,50.42333333333333,18.31,8.775,82.225,127.945,0.0,0.0
2019-09-25 21:00:56,47.81,19.815,8.629999999999999,78.655,123.05,0.0,0.0
2019-09-25 22:00:56,59.52666666666667,17.525,9.075,74.86,131.345,0.0,0.0
2019-09-25 23:00:56,70.53,19.49,8.790000000000001,71.38,135.4,0.0,0.0
2019-09-26 00:00:56,77.37666666666667,28.97,8.85,68.33,131.865,0.0,0.0
2019-09-26 01:00:56,83.73,29.149999999999995,9.1,64.91,119.955,0.0,0.0
2019-09-26 02:00:56,74.04333333333334,21.89,9.025,63.21,103.98,0.0,0.0
2019-09-26 03:00:56,79.11333333333333,21.275,8.785,59.82,96.425,0.0,0.0
2019-09-26 04:00:56,93.61,22.765,8.735,57.95000000000001,85.625,0.0,0.0
2019-09-26 05:00:56,89.91333333333333,28.584999999999997,8.11,55.455000000000005,78.925,0.0,0.0
2019-09-26 06:00:56,87.18333333333334,30.88,7.82,52.495,73.2,0.0,0.0
2019-09-26 07:00:56,112.17666666666668,32.575,7.7299999999999995,51.85999999999999,78.31,0.0,0.0
2019-09-26 08:00:56,119.79333333333334,35.52,8.01,58.405,94.51,0.0,0.0
2019-09-26 09:00:56,122.88666666666668,38.145,10.715000000000002,59.79999999999999,102.89,0.0,0.0
2019-09-26 10:00:56,137.65666666666667,45.465,11.815,63.669999999999995,100.11,0.0,0.0
2019-09-26 11:00:56,114.96333333333334,38.89,10.784999999999998,65.275,89.96999999999998,0.0,0.0
2019-09-26 12:00:56,95.73,31.955,10.34,63.04999999999999,76.805,0.0,0.0
2019-09-26 13:00:56,73.01333333333334,0.0,9.26,58.955000000000005,64.47,0.0,0.0
2019-09-26 14:00:56,49.093333333333334,0.0,8.79,55.895,60.9,0.0,0.0
2019-09-26 15:00:56,43.66,12.125,8.265,48.315,50.01500000000001,0.0,0.0
2019-09-26 16:00:56,39.843333333333334,13.495,7.795000000000001,44.13,45.66,0.0,0.0
2019-09-26 17:00:56,43.84,12.339999999999998,7.41,41.905,42.905,0.0,0.0
2019-09-26 18:00:56,47.17,12.485,7.38,43.865,45.07500000000001,0.0,0.0
2019-09-26 19:00:56,53.07666666666666,12.985,7.655,52.71,59.9,0.0,0.0
2019-09-26 20:00:56,57.27666666666667,10.55,7.765000000000001,68.125,83.35,0.0,0.0
2019-09-26 21:00:56,68.64333333333333,16.14,8.285,79.305,122.165,0.0,0.0
2019-09-26 22:00:56,81.41,24.0,8.71,78.17,131.41,0.0,0.0
2019-09-26 23:00:56,89.69333333333333,26.675,8.895,76.785,130.555,0.0,0.0
2019-09-27 00:00:56,86.69333333333333,25.0,8.515,73.75,127.97499999999998,0.0,0.0
2019-09-27 01:00:56,81.54333333333334,28.209999999999997,8.09,70.07,118.56,0.0,0.0
2019-09-27 02:00:56,80.92333333333333,34.465,7.965,67.01,102.46999999999998,0.0,0.0
2019-09-27 03:00:56,80.0,33.24,7.939999999999999,63.215,86.68,0.0,0.0
2019-09-27 04:00:56,81.77,30.959999999999997,7.734999999999999,58.955000000000005,71.67,0.0,0.0
2019-09-27 05:00:56,80.96,28.58,8.015,54.415,60.1,0.0,0.0
2019-09-27 06:00:56,75.64333333333333,24.899999999999995,8.18,47.76,51.02,0.0,0.0
2019-09-27 07:00:56,71.24333333333333,24.385,7.915,47.205000000000005,55.785,0.0,0.0
2019-09-27 08:00:56,79.55,32.57,8.115,56.16,87.145,0.0,0.0
2019-09-27 09:00:56,96.95666666666666,39.985,9.925,63.845,110.14,0.0,0.0
2019-09-27 10:00:56,120.78666666666668,46.94,12.589999999999998,66.95,118.375,0.0,0.0
2019-09-27 11:00:56,117.91,44.78,11.165,69.225,99.97499999999998,0.0,0.0
2019-09-27 12:00:56,90.85,30.209999999999997,10.33,63.51,75.105,0.0,0.0
2019-09-27 13:00:56,56.24333333333333,0.0,9.925,58.04,60.72,0.0,0.0
2019-09-27 14:00:56,46.39666666666667,0.0,9.86,51.43,53.665,0.0,0.0
2019-09-27 15:00:56,44.056666666666665,7.565,9.185,46.01,47.29999999999999,0.0,0.0
2019-09-27 16:00:56,39.53,6.239999999999999,8.89,44.165,45.59,0.0,0.0
2019-09-27 17:00:56,38.47666666666667,9.99,9.04,43.54,44.77,0.0,0.0
2019-09-27 18:00:56,47.45,10.4,9.6,44.72,45.73499999999999,0.0,0.0
2019-09-27 19:00:56,52.04,11.729999999999999,10.33,51.365,53.025,0.0,0.0
2019-09-27 20:00:56,56.20333333333333,18.705,9.385,52.54999999999999,55.71,0.0,0.0
2019-09-27 21:00:56,59.13666666666666,16.755,8.520000000000001,47.065,50.39000000000001,0.0,0.0
2019-09-27 22:00:56,44.656666666666666,11.185,8.280000000000001,46.81,48.785,0.0,0.0
2019-09-27 23:00:56,38.153333333333336,12.729999999999999,8.084999999999999,53.405,60.335,0.0,0.0
2019-09-28 00:00:56,33.25666666666667,13.785000000000002,8.025,57.505,64.16,0.0,0.0
2019-09-28 01:00:56,32.72666666666667,11.53,8.04,54.29,58.065,0.0,0.0
2019-09-28 02:00:56,34.46,10.12,7.855,48.245,49.875,0.0,0.0
2019-09-28 03:00:56,36.06333333333333,10.465,8.025,47.169999999999995,48.965,0.0,0.0
2019-09-28 04:00:56,36.5,10.595,8.275,44.21,45.85999999999999,0.0,0.0
2019-09-28 05:00:56,41.513333333333335,12.705,8.095,40.32,43.815,0.0,0.0
2019-09-28 06:00:56,50.11333333333334,14.79,8.435,36.1,37.155,0.0,0.0
2019-09-28 07:00:56,46.333333333333336,11.82,8.635,33.42,34.38,0.0,0.0
2019-09-28 08:00:56,37.983333333333334,11.03,8.09,49.53,62.52,0.0,0.0
2019-09-28 09:00:56,49.23666666666667,12.82,8.04,55.96,64.015,0.0,0.0
2019-09-28 10:00:56,50.34,14.695,8.65,51.275,55.65,0.0,0.0
2019-09-28 11:00:56,40.19333333333333,15.24,8.465,52.32,56.965,0.0,0.0
2019-09-28 12:00:56,32.74666666666667,11.39,8.045,47.105,49.405,0.0,0.0
2019-09-28 13:00:56,32.156666666666666,6.075,8.135,43.89000000000001,46.635,0.0,0.0
2019-09-28 14:00:56,23.18,5.22,7.949999999999999,42.515,44.275,0.0,0.0
2019-09-28 15:00:56,17.69,6.035,7.77,38.945,40.135,0.0,0.0
2019-09-28 16:00:56,18.156666666666666,5.599999999999999,7.814999999999999,40.32,44.31,0.0,0.0
2019-09-28 17:00:56,13.646666666666667,4.79,7.75,41.26,44.51500000000001,0.0,0.0
2019-09-28 18:00:56,16.16,4.395,7.579999999999999,40.035,41.5,0.0,0.0
2019-09-28 19:00:56,17.69,3.39,7.710000000000001,43.945,48.21,0.0,0.0
2019-09-28 20:00:56,19.026666666666667,4.35,7.614999999999999,46.580000000000005,49.830000000000005,0.0,0.0
2019-09-28 21:00:56,29.396666666666665,5.87,7.545000000000001,40.81,42.74,0.0,0.0
2019-09-28 22:00:56,26.53333333333333,6.275000000000001,7.445,37.255,39.17,0.0,0.0
2019-09-28 23:00:56,25.88,6.849999999999999,7.830000000000001,35.49,37.17,0.0,0.0
2019-09-29 00:00:56,21.490000000000002,5.2,7.689999999999999,31.875,33.185,0.0,0.0
2019-09-29 01:00:56,19.123333333333335,4.665,7.595,31.459999999999997,32.445,0.0,0.0
2019-09-29 02:00:56,22.973333333333333,4.585,7.835,28.615,29.295,0.0,0.0
2019-09-29 03:00:56,24.4,3.475,7.805,26.584999999999997,27.395,0.0,0.0
2019-09-29 04:00:56,24.703333333333333,5.385000000000001,7.805,27.459999999999997,28.42,0.0,0.0
2019-09-29 05:00:56,25.96333333333333,6.525000000000001,7.82,28.895,29.98,0.0,0.0
2019-09-29 06:00:56,27.78,4.375,7.935,28.615,30.235,0.0,0.0
2019-09-29 07:00:56,28.866666666666667,5.935,7.919999999999999,34.045,38.25,0.0,0.0
2019-09-29 08:00:56,39.89,13.199999999999998,9.605,39.92,45.294999999999995,0.0,0.0
2019-09-29 09:00:56,56.05333333333334,19.87,10.57,44.035,48.065,0.0,0.0
2019-09-29 10:00:56,54.45666666666667,23.92,8.825000000000001,40.07,41.565,0.0,0.0
2019-09-29 11:00:56,38.376666666666665,20.305,8.605,33.74,34.695,0.0,0.0
2019-09-29 12:00:56,21.906666666666666,10.699999999999998,8.44,30.505,31.63,0.0,0.0
2019-09-29 13:00:56,15.633333333333335,5.489999999999999,8.875,31.91,33.25,0.0,0.0
2019-09-29 14:00:56,14.46,3.115,8.98,32.88,34.53,0.0,0.0
2019-09-29 15:00:56,12.42,2.445,9.475,33.525,35.36,0.0,0.0
2019-09-29 16:00:56,9.12,2.155,10.045000000000002,41.7,45.66,0.0,0.0
2019-09-29 17:00:56,13.426666666666668,1.45,10.435,38.415,39.75,0.0,0.0
2019-09-29 18:00:56,18.37666666666667,1.95,10.71,53.16,61.16,0.0,0.0
2019-09-29 19:00:56,29.80666666666667,7.655,10.345,69.78,87.84999999999998,0.0,0.0
2019-09-29 20:00:56,45.42,10.075,9.925,62.32500000000001,66.95,0.0,0.0
2019-09-29 21:00:56,49.88,12.160000000000002,9.58,47.42499999999999,49.04999999999999,0.0,0.0
2019-09-29 22:00:56,44.00666666666667,13.229999999999999,10.215,46.080000000000005,49.335,0.0,0.0
2019-09-29 23:00:56,44.26,6.86,10.335,46.98499999999999,50.82,0.0,0.0
2019-09-30 00:00:56,42.50333333333333,7.465,10.850000000000001,57.26,65.915,0.0,0.0
2019-09-30 01:00:56,47.7,13.89,11.769999999999998,60.21,68.335,0.0,0.0
2019-09-30 02:00:56,53.696666666666665,15.17,10.775,59.035,66.055,0.0,0.0
2019-09-30 03:00:56,51.906666666666666,17.38,10.785000000000002,54.51,57.375,0.0,0.0
2019-09-30 04:00:56,54.46333333333333,17.465,11.895000000000001,48.77,51.73,0.0,0.0
2019-09-30 05:00:56,65.38333333333334,20.38,10.455,43.835,45.41,0.0,0.0
2019-09-30 06:00:56,75.03333333333333,31.959999999999997,9.53,44.355,47.12,0.0,0.0
2019-09-30 07:00:56,72.51333333333334,38.43,8.725,46.705000000000005,54.875,0.0,0.0
2019-09-30 08:00:56,74.40666666666667,44.29999999999999,11.82,60.65,96.34999999999998,0.0,0.0
2019-09-30 09:00:56,87.93,51.01500000000001,20.314999999999998,69.31,105.185,0.0,0.0
2019-09-30 10:00:56,96.80333333333333,50.21,11.954999999999998,75.485,100.685,0.0,0.0
2019-09-30 11:00:56,113.76666666666667,39.26,10.695,69.38,76.785,0.0,0.0
2019-09-30 12:00:56,87.39,27.27,9.945,61.255,63.73499999999999,0.0,0.0
2019-09-30 13:00:56,58.99,17.06,9.49,49.865,51.5,0.0,0.0
2019-09-30 14:00:56,39.14,8.93,10.1,47.15,49.915,0.0,0.0
2019-09-30 15:00:56,25.233333333333334,5.7,10.765,45.34,47.275,0.0,0.0
2019-09-30 16:00:56,25.32333333333333,7.06,10.969999999999999,46.215,47.75,0.0,0.0
2019-09-30 17:00:56,30.46333333333333,9.6,10.475000000000001,45.775,47.38,0.0,0.0
2019-09-30 18:00:56,40.96,8.165,10.24,46.28,47.665,0.0,0.0
2019-09-30 19:00:56,43.21666666666667,5.25,11.14,63.794999999999995,84.575,0.0,0.0
2019-09-30 20:00:56,76.26,8.865,10.79,86.36,131.895,0.0,0.0
2019-09-30 21:00:56,100.12333333333333,12.165,11.700000000000001,91.43,145.45,0.0,0.0
2019-09-30 22:00:56,96.92666666666666,17.83,14.255,92.395,163.75,0.0,0.0
2019-09-30 23:00:56,100.0,23.77,14.865,91.33999999999999,169.585,0.0,0.0
2019-10-01 00:00:56,97.78,22.245,11.5,88.84999999999998,174.86,0.0,0.0
2019-10-01 01:00:56,82.55666666666667,24.165000000000003,13.165,85.74,169.775,0.0,0.0
2019-10-01 02:00:56,83.79,22.22,12.705,83.305,141.185,0.0,0.0
2019-10-01 03:00:56,69.17666666666666,22.209999999999997,11.83,79.235,131.83,0.0,0.0
2019-10-01 04:00:56,66.82,22.965,11.235,75.54,106.5,0.0,0.0
2019-10-01 05:00:56,65.89,20.35,9.355,72.58,90.96,0.0,0.0
2019-10-01 06:00:56,55.86333333333334,16.945,9.1,67.34,74.79,0.0,0.0
2019-10-01 07:00:56,56.8,17.48,10.035,65.76,79.675,0.0,0.0
2019-10-01 08:00:56,72.94,19.53,13.759999999999998,75.185,121.5,0.0,0.0
2019-10-01 09:00:56,102.88333333333333,20.935,13.29,84.04,142.38,0.0,0.0
2019-10-01 10:00:56,122.23333333333333,28.64,10.54,86.84499999999998,128.04,0.0,0.0
2019-10-01 11:00:56,111.34666666666666,29.23,10.139999999999999,81.14,97.695,0.0,0.0
2019-10-01 12:00:56,79.87333333333333,21.665000000000003,9.4,68.33,70.5,0.0,0.0
2019-10-01 13:00:56,51.916666666666664,13.13,9.63,56.665,58.285,0.0,0.0
2019-10-01 14:00:56,48.83,8.48,10.520000000000001,60.055,64.415,0.0,0.0
2019-10-01 15:00:56,46.17333333333333,7.81,10.685,55.69,58.655,0.0,0.0
2019-10-01 16:00:56,35.806666666666665,7.345,11.305,67.045,73.355,0.0,0.0
2019-10-01 17:00:56,38.986666666666665,6.395,11.255,69.385,73.22,0.0,0.0
2019-10-01 18:00:56,50.17,12.6,10.56,56.32500000000001,57.87,0.0,0.0
2019-10-01 19:00:56,58.263333333333335,14.415,10.17,51.14000000000001,53.37,0.0,0.0
2019-10-01 20:00:56,54.17666666666666,12.42,9.719999999999999,45.59,46.91,0.0,0.0
2019-10-01 21:00:56,49.51,14.020000000000001,8.88,39.61,40.525,0.0,0.0
2019-10-01 22:00:56,46.86666666666667,15.28,8.645,35.25,35.695,0.0,0.0
2019-10-01 23:00:56,38.873333333333335,12.74,9.0,32.06,33.0,0.0,0.0
2019-10-02 00:00:56,31.513333333333335,6.515,8.635,33.7,34.835,0.0,0.0
2019-10-02 01:00:56,27.363333333333333,6.669999999999999,8.285,33.86,34.555,0.0,0.0
2019-10-02 02:00:56,24.453333333333333,6.760000000000001,10.915,31.285,31.95,0.0,0.0
2019-10-02 03:00:56,28.846666666666664,3.5499999999999994,13.665,28.415000000000003,28.765,0.0,0.0
2019-10-02 04:00:56,35.696666666666665,5.739999999999999,12.705,28.455,28.705,0.0,0.0
2019-10-02 05:00:56,39.45333333333334,9.48,9.745,28.355,28.88,0.0,0.0
2019-10-02 06:00:56,43.696666666666665,8.4,10.025,34.43,36.39,0.0,0.0
2019-10-02 07:00:56,54.46333333333334,10.415,10.985,45.905,55.095,0.0,0.0
2019-10-02 08:00:56,82.96000000000001,20.33,13.975000000000001,65.24,79.775,0.0,0.0
2019-10-02 09:00:56,94.84,26.995,19.525000000000002,77.305,97.235,0.0,0.0
2019-10-02 10:00:56,103.55666666666667,32.145,10.09,76.55,83.775,0.0,0.0
2019-10-02 11:00:56,84.31,28.524999999999995,8.58,59.495,60.9,0.0,0.0
2019-10-02 12:00:56,59.91,15.03,8.46,49.145,50.85,0.0,0.0
2019-10-02 13:00:56,49.93,8.33,8.88,43.37,44.225,0.0,0.0
2019-10-02 14:00:56,43.91,4.75,8.935,40.35,41.375,0.0,0.0
2019-10-02 15:00:56,50.42666666666667,7.080000000000001,9.275,43.885,46.65,0.0,0.0
2019-10-02 16:00:56,40.416666666666664,8.365,9.38,46.37,48.525,0.0,0.0
2019-10-02 17:00:56,43.876666666666665,4.875,9.56,52.35999999999999,56.29999999999999,0.0,0.0
2019-10-02 18:00:56,46.06,5.46,9.545,77.285,87.575,0.0,0.0
2019-10-02 19:00:56,57.763333333333335,9.395,10.0,97.825,134.46,0.0,0.0
2019-10-02 20:00:56,84.83333333333333,15.964999999999998,10.299999999999999,104.96,148.62,0.0,0.0
2019-10-02 21:00:56,98.40333333333334,22.155,11.655000000000001,110.115,167.785,0.0,0.0
2019-10-02 22:00:56,110.42,24.51,15.714999999999998,104.41000000000001,160.53,0.0,0.0
2019-10-02 23:00:56,114.07666666666667,26.855,14.094999999999999,102.865,165.2,0.0,0.0
2019-10-03 00:00:56,112.37333333333333,30.350000000000005,14.700000000000001,100.27,176.56499999999997,0.0,0.0
2019-10-03 01:00:56,111.41666666666667,27.545,15.839999999999998,96.55,160.325,0.0,0.0
2019-10-03 02:00:56,105.38666666666666,23.395,15.285000000000002,93.085,141.075,0.0,0.0
2019-10-03 03:00:56,93.14666666666668,21.649999999999995,13.685,90.625,132.885,0.0,0.0
2019-10-03 04:00:56,83.59,19.5,14.464999999999998,85.145,105.18,0.0,0.0
2019-10-03 05:00:56,78.92999999999999,22.095,16.165,74.915,79.02,0.0,0.0
2019-10-03 06:00:56,77.47333333333333,26.995,11.840000000000002,60.669999999999995,63.35999999999999,0.0,0.0
2019-10-03 07:00:56,73.67666666666666,28.14,12.310000000000002,58.18,63.885,0.0,0.0
2019-10-03 08:00:56,84.49,25.315,13.14,73.46,92.21,0.0,0.0
2019-10-03 09:00:56,128.05333333333334,31.17,14.979999999999999,83.845,111.08,0.0,0.0
2019-10-03 10:00:56,158.70333333333335,38.115,12.38,89.09499999999998,112.61,0.0,0.0
2019-10-03 11:00:56,131.43666666666667,29.735,10.76,82.72,89.67,0.0,0.0
2019-10-03 12:00:56,84.24,18.64,9.365,64.415,66.115,0.0,0.0
2019-10-03 13:00:56,63.42666666666667,11.839999999999998,9.735,52.725,53.945,0.0,0.0
2019-10-03 14:00:56,58.01333333333333,6.57,10.290000000000001,48.785,49.65,0.0,0.0
2019-10-03 15:00:56,57.68,10.79,9.61,48.73499999999999,50.82500000000001,0.0,0.0
2019-10-03 16:00:56,57.43666666666667,13.755,8.765,44.14000000000001,44.93,0.0,0.0
2019-10-03 17:00:56,58.68666666666667,8.845,8.15,43.60999999999999,44.25,0.0,0.0
2019-10-03 18:00:56,64.25,5.419999999999999,7.895,48.17499999999999,49.15,0.0,0.0
2019-10-03 19:00:56,76.31666666666666,10.89,7.945,82.21,128.295,0.0,0.0
2019-10-03 20:00:56,123.30666666666667,21.804999999999996,9.095,100.605,173.54,0.0,0.0
2019-10-03 21:00:56,136.24333333333334,28.575,6.914999999999999,93.96,127.705,0.0,0.0
2019-10-03 22:00:56,109.56,25.345,7.55,96.46,110.33,0.0,0.0
2019-10-03 23:00:56,101.28666666666666,24.570000000000004,7.895,95.545,107.87,0.0,0.0
2019-10-04 00:00:56,104.08333333333333,29.655,13.594999999999999,94.585,113.855,0.0,0.0
2019-10-04 01:00:56,108.04666666666667,30.105,13.024999999999999,91.45,116.325,0.0,0.0
2019-10-04 02:00:56,107.3,33.605,14.899999999999999,88.36,108.78500000000001,0.0,0.0
2019-10-04 03:00:56,107.52333333333333,37.35,15.785000000000002,83.935,100.665,0.0,0.0
2019-10-04 04:00:56,110.51666666666667,41.54,13.009999999999998,76.045,80.525,0.0,0.0
2019-10-04 05:00:56,109.87666666666667,40.675,12.21,63.27,66.295,0.0,0.0
2019-10-04 06:00:56,95.34333333333335,36.005,10.53,52.48,53.78,0.0,0.0
2019-10-04 07:00:56,81.95333333333333,32.38,11.485,55.845,63.294999999999995,0.0,0.0
2019-10-04 08:00:56,99.82333333333332,32.67,12.835,74.61,105.755,0.0,0.0
2019-10-04 09:00:56,120.22,34.305,11.96,85.295,117.97499999999998,0.0,0.0
2019-10-04 10:00:56,141.36666666666667,37.935,14.14,91.865,118.96,0.0,0.0
2019-10-04 11:00:56,133.3,39.025,10.455,86.37,92.92,0.0,0.0
2019-10-04 12:00:56,88.06,26.795,8.9,63.794999999999995,64.825,0.0,0.0
2019-10-04 13:00:56,59.913333333333334,13.875,8.835,50.75,51.875,0.0,0.0
2019-10-04 14:00:56,49.85333333333333,7.599999999999999,9.004999999999999,44.255,45.105,0.0,0.0
2019-10-04 15:00:56,43.906666666666666,5.775000000000001,9.655000000000001,38.305,39.265,0.0,0.0
2019-10-04 16:00:56,43.03333333333333,5.525000000000001,9.004999999999999,36.825,37.505,0.0,0.0
2019-10-04 17:00:56,48.346666666666664,4.055,8.43,37.465,38.51,0.0,0.0
2019-10-04 18:00:56,44.14666666666667,6.79,7.989999999999999,40.745,41.435,0.0,0.0
2019-10-04 19:00:56,54.67,9.82,8.27,73.385,112.39,0.0,0.0
2019-10-04 20:00:56,97.47666666666667,15.445,9.225000000000001,98.27,177.035,0.0,0.0
2019-10-04 21:00:56,122.06,27.615,13.520000000000001,104.18,200.705,0.0,0.0
2019-10-04 22:00:56,123.11333333333333,29.84,16.84,101.735,199.385,0.0,0.0
2019-10-04 23:00:56,121.39333333333333,26.61,12.270000000000001,102.425,210.44500000000002,0.0,0.0
2019-10-05 00:00:56,110.73333333333335,26.785,10.905000000000001,100.38,202.21,0.0,0.0
2019-10-05 01:00:56,98.97666666666666,23.855,10.479999999999999,98.08999999999999,185.06499999999997,0.0,0.0
2019-10-05 02:00:56,95.04666666666667,23.7,12.005,94.105,151.445,0.0,0.0
2019-10-05 03:00:56,85.40666666666667,28.995,14.82,90.90000000000002,146.465,0.0,0.0
2019-10-05 04:00:56,97.47999999999999,33.82,14.085,87.46,128.325,0.0,0.0
2019-10-05 05:00:56,94.17666666666668,31.37,10.964999999999998,81.37,94.65000000000002,0.0,0.0
2019-10-05 06:00:56,87.29333333333334,28.575,11.225,75.805,82.195,0.0,0.0
2019-10-05 07:00:56,93.97,32.88,11.655000000000001,72.25,85.63,0.0,0.0
2019-10-05 08:00:56,96.51,38.605,14.435000000000002,80.315,107.21499999999999,0.0,0.0
2019-10-05 09:00:56,110.37,40.975,20.42,90.49,141.685,0.0,0.0
2019-10-05 10:00:56,132.49,39.17,12.829999999999998,94.55,131.99,0.0,0.0
2019-10-05 11:00:56,121.12,29.755,11.365,93.755,107.37,0.0,0.0
2019-10-05 12:00:56,111.46,20.035,1.6900000000000002,75.17,77.435,0.0,0.0
2019-10-05 13:00:56,94.13333333333333,14.46,8.345,53.45000000000001,54.275,0.0,0.0
2019-10-05 14:00:56,72.46000000000001,11.214999999999998,8.14,43.6,44.345,0.0,0.0
2019-10-05 15:00:56,56.373333333333335,10.45,8.725,39.7,40.375,0.0,0.0
2019-10-05 16:00:56,102.62666666666667,12.67,8.209999999999999,37.59,38.715,0.0,0.0
2019-10-05 17:00:56,123.86333333333334,13.785000000000002,8.215,35.33,35.885,0.0,0.0
2019-10-05 18:00:56,96.41333333333334,11.895000000000001,8.674999999999999,35.07,35.86,0.0,0.0
2019-10-05 19:00:56,88.76333333333332,10.215,8.625,40.12,41.625,0.0,0.0
2019-10-05 20:00:56,96.86333333333334,10.33,8.665000000000001,54.205000000000005,59.669999999999995,0.0,0.0
2019-10-05 21:00:56,107.6,10.47,8.505,72.745,86.03500000000001,0.0,0.0
2019-10-05 22:00:56,112.49333333333334,11.51,8.69,80.38,90.925,0.0,0.0
2019-10-05 23:00:56,107.39666666666666,10.695,9.3,79.065,89.04,0.0,0.0
2019-10-06 00:00:56,88.07666666666667,7.285,8.775,81.205,93.315,0.0,0.0
2019-10-06 01:00:56,81.03333333333333,11.475,8.615,80.175,92.25,0.0,0.0
2019-10-06 02:00:56,77.94666666666666,13.104999999999999,8.625,75.695,83.945,0.0,0.0
2019-10-06 03:00:56,66.08333333333334,9.615,9.145,71.145,77.07,0.0,0.0
2019-10-06 04:00:56,67.81666666666666,11.074999999999998,9.700000000000001,65.35,69.745,0.0,0.0
2019-10-06 05:00:56,74.02333333333334,15.01,9.45,59.98,63.445,0.0,0.0
2019-10-06 06:00:56,78.40666666666667,13.665,8.83,55.48499999999999,59.995,0.0,0.0
2019-10-06 07:00:56,77.96333333333334,13.354999999999999,9.26,54.725,59.49,0.0,0.0
2019-10-06 08:00:56,85.49666666666667,20.975,9.695,56.155,64.03,0.0,0.0
2019-10-06 09:00:56,97.46333333333334,27.125,9.58,61.67499999999999,73.98,0.0,0.0
2019-10-06 10:00:56,93.48333333333333,24.13,8.63,54.16,56.365,0.0,0.0
2019-10-06 11:00:56,73.28,17.595,8.365,43.01500000000001,44.025,0.0,0.0
2019-10-06 12:00:56,61.44,11.835,7.465,37.655,38.845,0.0,0.0
2019-10-06 13:00:56,57.153333333333336,6.849999999999999,7.035,37.11,38.265,0.0,0.0
2019-10-06 14:00:56,67.17333333333333,7.095,6.425000000000001,36.465,37.68,0.0,0.0
2019-10-06 15:00:56,56.98,7.474999999999999,6.390000000000001,44.35999999999999,48.72,0.0,0.0
2019-10-06 16:00:56,31.46666666666667,7.489999999999999,6.44,39.57,40.255,0.0,0.0
2019-10-06 17:00:56,24.28333333333333,7.27,5.88,36.065,37.05,0.0,0.0
2019-10-06 18:00:56,21.5,4.31,5.96,36.485,38.79,0.0,0.0
2019-10-06 19:00:56,21.33,2.68,6.09,43.07500000000001,47.60999999999999,0.0,0.0
2019-10-06 20:00:56,20.923333333333332,3.67,6.06,51.54,57.96,0.0,0.0
2019-10-06 21:00:56,18.236666666666665,5.985,6.265000000000001,50.605,52.98499999999999,0.0,0.0
2019-10-06 22:00:56,19.126666666666665,6.935,6.94,50.73,53.95000000000001,0.0,0.0
2019-10-06 23:00:56,23.493333333333332,8.555,7.16,55.375,61.47,0.0,0.0
2019-10-07 00:00:56,24.826666666666668,8.4,7.305,59.6,66.345,0.0,0.0
2019-10-07 01:00:56,22.403333333333336,5.115,7.19,59.17499999999999,64.15,0.0,0.0
2019-10-07 02:00:56,30.236666666666665,8.785,7.445,48.975,49.88,0.0,0.0
2019-10-07 03:00:56,35.79333333333334,15.910000000000002,7.23,37.44,38.17,0.0,0.0
2019-10-07 04:00:56,31.95,17.55,6.995,34.535,35.39,0.0,0.0
2019-10-07 05:00:56,33.77333333333333,20.095,7.44,32.19,33.04,0.0,0.0
2019-10-07 06:00:56,42.21666666666667,17.26,7.824999999999999,29.465,30.285,0.0,0.0
2019-10-07 07:00:56,62.38,20.74,7.890000000000001,34.565,38.515,0.0,0.0
2019-10-07 08:00:56,77.94,31.915000000000003,8.395,44.585,52.87,0.0,0.0
2019-10-07 09:00:56,91.82,40.855,9.41,54.605,66.625,0.0,0.0
2019-10-07 10:00:56,96.22,47.855,10.245,62.115,73.15,0.0,0.0
2019-10-07 11:00:56,76.08,39.725,9.455,54.955000000000005,58.245,0.0,0.0
2019-10-07 12:00:56,48.55,24.08,8.405000000000001,45.535,47.52,0.0,0.0
2019-10-07 13:00:56,26.936666666666667,12.745,8.14,38.615,40.22,0.0,0.0
2019-10-07 14:00:56,19.35333333333333,7.0,8.215,38.555,41.29,0.0,0.0
2019-10-07 15:00:56,15.223333333333334,4.02,8.285,35.83,37.14,0.0,0.0
2019-10-07 16:00:56,8.693333333333333,2.715,8.63,36.65,39.105,0.0,0.0
2019-10-07 17:00:56,11.783333333333331,2.15,8.69,34.705,35.475,0.0,0.0
2019-10-07 18:00:56,18.216666666666665,2.205,8.34,36.62,37.9,0.0,0.0
2019-10-07 19:00:56,27.863333333333333,3.795,8.695,45.4,50.03,0.0,0.0
2019-10-07 20:00:56,49.083333333333336,11.074999999999998,8.895,71.27,96.72499999999998,0.0,0.0
2019-10-07 21:00:56,61.370000000000005,18.54,9.07,81.815,112.615,0.0,0.0
2019-10-07 22:00:56,57.92333333333333,19.785,9.334999999999999,85.07,114.17,0.0,0.0
2019-10-07 23:00:56,60.43666666666667,16.125,11.094999999999999,83.335,106.53000000000002,0.0,0.0
2019-10-08 00:00:56,62.46333333333333,13.75,13.045000000000002,80.7,95.71999999999998,0.0,0.0
2019-10-08 01:00:56,62.156666666666666,16.89,12.44,78.395,91.28000000000002,0.0,0.0
2019-10-08 02:00:56,59.913333333333334,20.615,10.705,73.375,77.0,0.0,0.0
2019-10-08 03:00:56,53.0,15.57,10.355,63.98499999999999,67.51,0.0,0.0
2019-10-08 04:00:56,55.65,15.005,10.16,57.66,60.72,0.0,0.0
2019-10-08 05:00:56,53.76333333333333,17.47,9.98,52.415,54.669999999999995,0.0,0.0
2019-10-08 06:00:56,53.46666666666667,16.865,9.799999999999999,49.23,51.685,0.0,0.0
2019-10-08 07:00:56,57.11,16.985,10.784999999999998,50.88,60.1,0.0,0.0
2019-10-08 08:00:56,60.96666666666667,21.95,11.329999999999998,67.33,98.40000000000002,0.0,0.0
2019-10-08 09:00:56,77.65,28.149999999999995,11.755,74.465,101.29,0.0,0.0
2019-10-08 10:00:56,104.54666666666667,26.17,13.88,75.73,91.695,0.0,0.0
2019-10-08 11:00:56,102.27333333333333,17.735,12.74,69.935,75.325,0.0,0.0
2019-10-08 12:00:56,68.74666666666667,17.775,10.005,60.95000000000001,63.169999999999995,0.0,0.0
2019-10-08 13:00:56,56.903333333333336,16.8,9.96,52.96,54.775,0.0,0.0
2019-10-08 14:00:56,48.723333333333336,9.085,9.35,50.445,52.41,0.0,0.0
2019-10-08 15:00:56,42.333333333333336,7.565,9.095,43.405,44.035,0.0,0.0
2019-10-08 16:00:56,41.46333333333333,9.335,9.075,41.67,42.545,0.0,0.0
2019-10-08 17:00:56,52.43666666666667,9.325,8.450000000000001,41.515,42.755,0.0,0.0
2019-10-08 18:00:56,59.953333333333326,9.63,8.06,44.19,45.66,0.0,0.0
2019-10-08 19:00:56,57.836666666666666,10.22,8.21,50.99,53.24,0.0,0.0
2019-10-08 20:00:56,54.42,12.04,8.174999999999999,53.315,56.0,0.0,0.0
2019-10-08 21:00:56,55.47666666666667,12.495,8.025,64.845,76.43,0.0,0.0
2019-10-08 22:00:56,70.73,21.035,8.585,76.22,95.5,0.0,0.0
2019-10-08 23:00:56,78.94666666666666,25.485,8.11,80.97,99.55,0.0,0.0
2019-10-09 00:00:56,67.80333333333333,19.515,8.465,77.13,84.92,0.0,0.0
2019-10-09 01:00:56,55.19333333333333,11.405,8.270000000000001,64.86,67.495,0.0,0.0
2019-10-09 02:00:56,46.56666666666666,6.150000000000001,7.345,45.84,47.03,0.0,0.0
2019-10-09 03:00:56,32.29333333333334,6.28,7.015000000000001,36.34,37.295,0.0,0.0
2019-10-09 04:00:56,25.23,7.965,6.71,30.475000000000005,31.295,0.0,0.0
2019-10-09 05:00:56,17.443333333333335,7.419999999999999,6.364999999999999,27.44,27.895,0.0,0.0
2019-10-09 06:00:56,12.403333333333332,0.0,6.175,25.245,25.935,0.0,0.0
2019-10-09 07:00:56,13.836666666666666,4.95,6.185,24.875,25.73,0.0,0.0
2019-10-09 08:00:56,14.81,0.0,6.239999999999999,30.195000000000004,32.425,0.0,0.0
2019-10-09 09:00:56,16.273333333333333,1.8099999999999998,6.215,38.265,41.66,0.0,0.0
2019-10-09 10:00:56,24.39,4.095,6.205000000000001,48.77,55.22,0.0,0.0
2019-10-09 11:00:56,23.043333333333333,8.365,5.8500000000000005,50.24,55.415,0.0,0.0
2019-10-09 12:00:56,22.60333333333333,7.185,5.949999999999999,46.135,48.705000000000005,0.0,0.0
2019-10-09 13:00:56,24.25,4.055,6.335000000000001,40.075,41.54,0.0,0.0
2019-10-09 14:00:56,25.563333333333333,2.66,6.52,39.995,42.16,0.0,0.0
2019-10-09 15:00:56,28.276666666666667,2.59,7.29,43.0,45.615,0.0,0.0
2019-10-09 16:00:56,16.846666666666668,2.31,7.3999999999999995,40.805,42.115,0.0,0.0
2019-10-09 17:00:56,17.83,2.345,7.77,42.3,45.215,0.0,0.0
2019-10-09 18:00:56,27.400000000000002,5.41,7.93,46.835,49.585,0.0,0.0
2019-10-09 19:00:56,39.64333333333333,9.57,7.8500000000000005,55.98,62.48,0.0,0.0
2019-10-09 20:00:56,55.29333333333334,9.65,7.734999999999999,64.125,72.1,0.0,0.0
2019-10-09 21:00:56,57.0,10.595,7.68,67.1,73.87,0.0,0.0
2019-10-09 22:00:56,46.526666666666664,12.854999999999999,7.640000000000001,65.11,69.095,0.0,0.0
2019-10-09 23:00:56,48.629999999999995,10.79,8.775,71.495,95.44,0.0,0.0
2019-10-10 00:00:56,49.96333333333333,13.08,9.28,75.59,110.55,0.0,0.0
2019-10-10 01:00:56,55.70333333333333,15.655,9.625,74.55,108.87,0.0,0.0
2019-10-10 02:00:56,56.43333333333334,20.315,9.305,69.815,98.985,0.0,0.0
2019-10-10 03:00:56,54.30666666666667,19.035,8.895000000000001,66.69,90.365,0.0,0.0
2019-10-10 04:00:56,52.25333333333333,18.73,8.66,64.16,81.56,0.0,0.0
2019-10-10 05:00:56,53.50666666666666,18.25,8.36,61.23,70.98,0.0,0.0
2019-10-10 06:00:56,51.46333333333334,20.295,8.18,57.065,62.995,0.0,0.0
2019-10-10 07:00:56,48.32,19.035,7.780000000000001,55.95000000000001,65.555,0.0,0.0
2019-10-10 08:00:56,57.22,17.795,8.424999999999999,60.835,80.755,0.0,0.0
2019-10-10 09:00:56,77.78666666666666,27.834999999999997,12.895000000000001,67.55,92.58,0.0,0.0
2019-10-10 10:00:56,103.18333333333334,29.850000000000005,11.174999999999999,70.97,87.745,0.0,0.0
2019-10-10 11:00:56,98.93666666666667,25.255,9.834999999999999,66.07,71.365,0.0,0.0
2019-10-10 12:00:56,80.05,20.61,9.195,59.52,62.205000000000005,0.0,0.0
2019-10-10 13:00:56,57.00333333333333,10.785000000000002,9.09,50.155,51.34,0.0,0.0
2019-10-10 14:00:56,41.55,6.14,9.450000000000001,45.51,46.915,0.0,0.0
2019-10-10 15:00:56,41.22666666666667,7.845,9.915000000000001,43.46,44.580000000000005,0.0,0.0
2019-10-10 16:00:56,34.74,0.0,9.18,43.93,45.88,0.0,0.0
2019-10-10 17:00:56,42.31666666666666,5.775000000000001,9.035,40.64,41.525,0.0,0.0
2019-10-10 18:00:56,50.59,4.995,8.424999999999999,43.775,47.195,0.0,0.0
2019-10-10 19:00:56,67.91666666666667,5.845,9.15,74.94,119.305,0.0,0.0
2019-10-10 20:00:56,96.48,11.955,9.85,87.98,152.775,0.0,0.0
2019-10-10 21:00:56,104.09333333333335,21.485,9.665,92.985,185.03,0.0,0.0
2019-10-10 22:00:56,103.76333333333332,21.3,10.39,92.585,201.21,0.0,0.0
2019-10-10 23:00:56,104.98333333333335,22.64,11.235,92.435,208.83,0.0,0.0
2019-10-11 00:00:56,102.15333333333334,23.33,11.395000000000001,92.545,230.005,0.0,0.0
2019-10-11 01:00:56,94.26333333333334,23.735,11.145000000000001,86.565,191.67999999999998,0.0,0.0
2019-10-11 02:00:56,82.04,21.755,10.105,83.005,152.025,0.0,0.0
2019-10-11 03:00:56,74.35666666666667,15.520000000000001,11.149999999999999,80.525,141.855,0.0,0.0
2019-10-11 04:00:56,82.89333333333333,16.36,11.225000000000001,77.365,123.19,0.0,0.0
2019-10-11 05:00:56,74.69,16.915,11.0,73.575,97.87,0.0,0.0
2019-10-11 06:00:56,71.58666666666667,20.745,11.56,70.745,82.875,0.0,0.0
2019-10-11 07:00:56,69.84666666666666,22.48,11.195,69.17,77.79,0.0,0.0
2019-10-11 08:00:56,77.01333333333334,18.945,10.945,73.09,103.085,0.0,0.0
2019-10-11 09:00:56,96.22666666666667,22.84,12.104999999999999,80.99,139.19,0.0,0.0
2019-10-11 10:00:56,118.85333333333334,24.5,11.605000000000002,84.64,132.38,0.0,0.0
2019-10-11 11:00:56,109.63,26.705,10.5,78.74,97.40000000000002,0.0,0.0
2019-10-11 12:00:56,79.6,20.35,10.28,68.02,71.385,0.0,0.0
2019-10-11 13:00:56,52.77,10.99,9.94,57.755,59.585,0.0,0.0
2019-10-11 14:00:56,40.32666666666667,7.260000000000001,10.385,52.555,55.51,0.0,0.0
2019-10-11 15:00:56,39.79333333333333,7.275000000000001,10.155,44.75,45.555,0.0,0.0
2019-10-11 16:00:56,37.73,8.185,10.21,52.57500000000001,57.105,0.0,0.0
2019-10-11 17:00:56,37.943333333333335,6.315,10.11,49.81,52.18,0.0,0.0
2019-10-11 18:00:56,41.02,6.345,9.635,50.49,53.32500000000001,0.0,0.0
2019-10-11 19:00:56,38.97,8.025,9.445,56.845,60.125,0.0,0.0
2019-10-11 20:00:56,45.446666666666665,5.485,9.415,56.52,59.875,0.0,0.0
2019-10-11 21:00:56,48.830000000000005,7.64,9.125,53.03,55.81,0.0,0.0
2019-10-11 22:00:56,48.95666666666666,9.46,9.11,47.68,49.12,0.0,0.0
2019-10-11 23:00:56,42.57,7.575,8.525,41.38,42.485,0.0,0.0
2019-10-12 00:00:56,39.373333333333335,9.92,8.35,38.245,39.185,0.0,0.0
2019-10-12 01:00:56,32.77333333333333,11.485,8.155,35.35,36.38,0.0,0.0
2019-10-12 02:00:56,30.87,11.065,8.345,34.76,35.84,0.0,0.0
2019-10-12 03:00:56,37.0,12.695,8.495000000000001,32.18,33.1,0.0,0.0
2019-10-12 04:00:56,39.78999999999999,11.265,8.48,33.185,33.975,0.0,0.0
2019-10-12 05:00:56,43.833333333333336,10.72,9.145000000000001,32.54,33.295,0.0,0.0
2019-10-12 06:00:56,43.26666666666667,11.055,9.06,30.350000000000005,31.14,0.0,0.0
2019-10-12 07:00:56,49.580000000000005,13.324999999999998,9.495,36.05,38.21,0.0,0.0
2019-10-12 08:00:56,65.63000000000001,18.695,9.2,43.335,47.51500000000001,0.0,0.0
2019-10-12 09:00:56,56.98333333333333,16.42,7.664999999999999,40.49,42.345,0.0,0.0
2019-10-12 10:00:56,39.97,14.705,7.449999999999999,40.09,42.21,0.0,0.0
2019-10-12 11:00:56,26.59,7.575,7.185,39.3,41.09,0.0,0.0
2019-10-12 12:00:56,31.226666666666663,4.415,7.239999999999999,38.505,40.85,0.0,0.0
2019-10-12 13:00:56,27.12,5.435,7.255,41.655,44.74,0.0,0.0
2019-10-12 14:00:56,23.043333333333333,0.0,7.634999999999999,49.70000000000001,54.42499999999999,0.0,0.0
2019-10-12 15:00:56,22.073333333333334,8.345,8.365,56.34,60.99,0.0,0.0
2019-10-12 16:00:56,24.663333333333334,6.275000000000001,8.275,55.105,58.195,0.0,0.0
2019-10-12 17:00:56,27.843333333333334,5.295,8.36,52.080000000000005,54.87,0.0,0.0
2019-10-12 18:00:56,31.183333333333334,9.585,8.35,50.66,53.655,0.0,0.0
2019-10-12 19:00:56,39.480000000000004,11.19,8.07,49.71,52.685,0.0,0.0
2019-10-12 20:00:56,45.38,6.595,7.695,47.919999999999995,50.505,0.0,0.0
2019-10-12 21:00:56,45.9,7.805,7.63,41.32,42.545,0.0,0.0
2019-10-12 22:00:56,32.78666666666667,11.585,7.41,45.23499999999999,50.025,0.0,0.0
2019-10-12 23:00:56,38.443333333333335,0.0,8.015,47.93,50.185,0.0,0.0
2019-10-13 00:00:56,35.36,11.155,8.219999999999999,43.65,45.48499999999999,0.0,0.0
2019-10-13 01:00:56,30.46666666666667,9.725,8.18,47.0,50.669999999999995,0.0,0.0
2019-10-13 02:00:56,29.30333333333333,6.98,8.895,50.305,53.07,0.0,0.0
2019-10-13 03:00:56,44.906666666666666,9.41,9.200000000000001,52.155,55.745,0.0,0.0
2019-10-13 04:00:56,64.17,19.065,10.39,49.76,52.14000000000001,0.0,0.0
2019-10-13 05:00:56,75.25666666666666,28.290000000000003,8.92,44.125,45.12,0.0,0.0
2019-10-13 06:00:56,80.7,33.27,9.215,40.24,41.345,0.0,0.0
2019-10-13 07:00:56,72.82666666666667,34.855,9.375,41.08,44.345,0.0,0.0
2019-10-13 08:00:56,74.94666666666667,35.895,10.015,47.07500000000001,52.305,0.0,0.0
2019-10-13 09:00:56,75.91,33.215,10.545,46.39000000000001,48.85999999999999,0.0,0.0
2019-10-13 10:00:56,74.12,23.105,11.159999999999998,43.0,44.9,0.0,0.0
2019-10-13 11:00:56,70.26666666666667,25.425,9.265,39.705,41.22,0.0,0.0
2019-10-13 12:00:56,56.953333333333326,21.679999999999996,8.64,37.945,39.16,0.0,0.0
2019-10-13 13:00:56,54.96666666666667,14.270000000000001,8.755,37.31,38.6,0.0,0.0
2019-10-13 14:00:56,48.31333333333333,8.085,8.695,38.055,38.915,0.0,0.0
2019-10-13 15:00:56,45.32,6.7,9.105,40.21,41.265,0.0,0.0
2019-10-13 16:00:56,49.78333333333333,6.79,9.675,44.73,47.285,0.0,0.0
2019-10-13 17:00:56,48.906666666666666,5.15,10.01,51.605,54.72,0.0,0.0
2019-10-13 18:00:56,40.52333333333333,5.205,9.435,59.544999999999995,68.555,0.0,0.0
2019-10-13 19:00:56,51.67333333333334,7.455000000000001,9.54,74.85,84.44,0.0,0.0
2019-10-13 20:00:56,91.27333333333333,15.445,9.77,84.535,102.39,0.0,0.0
2019-10-13 21:00:56,116.51333333333332,21.64,12.795000000000002,90.81,117.06,0.0,0.0
2019-10-13 22:00:56,128.36333333333332,26.295,13.325000000000001,94.77500000000002,147.705,0.0,0.0
2019-10-13 23:00:56,128.80666666666667,32.455,11.769999999999998,95.36,172.16,0.0,0.0
2019-10-14 00:00:56,125.62333333333333,37.33,14.65,94.045,170.73,0.0,0.0
2019-10-14 01:00:56,119.41666666666667,33.5,13.085,91.43,156.615,0.0,0.0
2019-10-14 02:00:56,105.53666666666668,29.399999999999995,13.280000000000001,88.115,151.495,0.0,0.0
2019-10-14 03:00:56,99.28666666666666,29.36,14.159999999999998,83.49,122.895,0.0,0.0
2019-10-14 04:00:56,82.18666666666667,22.55,10.645000000000001,76.925,89.855,0.0,0.0
2019-10-14 05:00:56,70.98333333333333,19.915,9.375,66.445,69.37,0.0,0.0
2019-10-14 06:00:56,71.70333333333333,20.4,9.39,57.745,62.315,0.0,0.0
2019-10-14 07:00:56,73.27,26.274999999999995,12.395000000000001,59.72,68.52,0.0,0.0
2019-10-14 08:00:56,78.83333333333333,29.0,11.0,73.825,102.98,0.0,0.0
2019-10-14 09:00:56,106.67666666666668,33.6,19.11,83.785,136.345,0.0,0.0
2019-10-14 10:00:56,154.05333333333334,42.145,12.799999999999999,89.66000000000001,125.41000000000001,0.0,0.0
2019-10-14 11:00:56,157.72333333333333,40.34,10.505,93.605,111.485,0.0,0.0
2019-10-14 12:00:56,153.71333333333334,33.555,9.685,85.375,89.98,0.0,0.0
2019-10-14 13:00:56,137.04333333333332,21.42,9.05,71.395,73.535,0.0,0.0
2019-10-14 14:00:56,126.80666666666666,11.245,9.245,64.82,69.7,0.0,0.0
2019-10-14 15:00:56,121.94666666666667,6.965,9.49,67.895,71.93,0.0,0.0
2019-10-14 16:00:56,98.09333333333333,6.474999999999999,10.51,74.935,82.515,0.0,0.0
2019-10-14 17:00:56,82.64,6.575,10.21,76.24,82.455,0.0,0.0
2019-10-14 18:00:56,92.31666666666666,8.03,9.29,92.54,112.15500000000002,0.0,0.0
2019-10-14 19:00:56,123.26333333333334,15.015,9.975,112.92,209.705,0.0,0.0
2019-10-14 20:00:56,163.57666666666668,22.795,12.700000000000001,117.38,241.82499999999996,0.0,0.0
2019-10-14 21:00:56,159.20666666666665,28.89,13.39,116.46499999999999,255.215,0.0,0.0
2019-10-14 22:00:56,143.19666666666666,30.570000000000004,13.579999999999998,115.77500000000002,285.42,0.0,0.0
2019-10-14 23:00:56,139.24333333333334,28.985,12.229999999999999,110.755,260.37,0.0,0.0
2019-10-15 00:00:56,130.72,26.89,12.329999999999998,106.66000000000001,224.595,0.0,0.0
2019-10-15 01:00:56,114.82333333333332,25.149999999999995,10.780000000000001,101.15500000000002,182.015,0.0,0.0
2019-10-15 02:00:56,101.97,23.595,10.47,97.305,152.36,0.0,0.0
2019-10-15 03:00:56,102.65,17.55,11.115000000000002,93.19,128.595,0.0,0.0
2019-10-15 04:00:56,84.81666666666666,17.83,14.719999999999999,87.5,103.22499999999998,0.0,0.0
2019-10-15 05:00:56,85.64333333333332,17.055,13.089999999999998,80.025,86.755,0.0,0.0
2019-10-15 06:00:56,82.10000000000001,20.545,10.950000000000001,75.925,84.255,0.0,0.0
2019-10-15 07:00:56,81.86333333333333,20.09,14.405000000000001,74.16,85.43,0.0,0.0
2019-10-15 08:00:56,90.34666666666666,22.255,12.92,84.595,130.9,0.0,0.0
2019-10-15 09:00:56,119.97666666666667,28.0,18.41,95.92,186.46,0.0,0.0
2019-10-15 10:00:56,147.19,35.545,14.385,104.135,185.885,0.0,0.0
2019-10-15 11:00:56,154.82,40.87,11.060000000000002,101.995,144.59,0.0,0.0
2019-10-15 12:00:56,127.6,33.32,8.865,96.08999999999999,110.58,0.0,0.0
2019-10-15 13:00:56,97.74666666666667,22.655,8.36,79.985,82.265,0.0,0.0
2019-10-15 14:00:56,81.67666666666666,12.415,8.665,66.98,69.8,0.0,0.0
2019-10-15 15:00:56,73.43666666666667,10.26,9.535,63.51,65.37,0.0,0.0
2019-10-15 16:00:56,63.17333333333333,13.925000000000002,8.31,54.285,55.375,0.0,0.0
2019-10-15 17:00:56,64.86333333333333,12.22,8.005,53.035,55.365,0.0,0.0
2019-10-15 18:00:56,84.7,7.105,8.950000000000001,81.195,125.04,0.0,0.0
2019-10-15 19:00:56,132.88666666666668,12.910000000000002,10.479999999999999,99.255,183.31000000000003,0.0,0.0
2019-10-15 20:00:56,220.30666666666664,25.615,11.445,108.435,224.085,0.0,0.0
2019-10-15 21:00:56,221.45,27.745,13.145000000000001,109.98,247.09,0.0,0.0
2019-10-15 22:00:56,194.18333333333334,26.925,15.74,103.28000000000002,216.145,0.0,0.0
2019-10-15 23:00:56,175.12666666666667,30.005,14.844999999999999,104.22499999999998,228.38,0.0,0.0
2019-10-16 00:00:56,152.57333333333332,33.405,15.149999999999999,104.36,213.31000000000003,0.0,0.0
2019-10-16 01:00:56,136.86333333333334,33.78,13.450000000000001,102.68,185.995,0.0,0.0
2019-10-16 02:00:56,119.15,31.38,15.339999999999998,96.555,140.265,0.0,0.0
2019-10-16 03:00:56,100.52666666666667,25.105,14.865,92.495,113.89,0.0,0.0
2019-10-16 04:00:56,86.98,22.274999999999995,13.485,83.28,90.34999999999998,0.0,0.0
2019-10-16 05:00:56,78.69,17.24,11.060000000000002,65.225,66.885,0.0,0.0
2019-10-16 06:00:56,66.97333333333333,17.045,11.149999999999999,59.12,61.38,0.0,0.0
2019-10-16 07:00:56,73.89666666666666,15.405,11.24,67.205,78.675,0.0,0.0
2019-10-16 08:00:56,83.39666666666666,19.405,11.149999999999999,83.43,121.125,0.0,0.0
2019-10-16 09:00:56,108.92333333333333,26.59,17.78,95.865,160.3,0.0,0.0
2019-10-16 10:00:56,148.58333333333334,32.865,13.020000000000001,98.71999999999998,156.285,0.0,0.0
2019-10-16 11:00:56,149.0,34.955,11.18,95.52,120.25,0.0,0.0
2019-10-16 12:00:56,108.21666666666665,25.0,9.75,87.37,93.54,0.0,0.0
2019-10-16 13:00:56,84.49666666666667,13.11,9.815,72.16,73.29,0.0,0.0
2019-10-16 14:00:56,74.03,0.0,9.19,60.99,61.78,0.0,0.0
2019-10-16 15:00:56,66.91,0.0,9.264999999999999,56.6,58.20000000000001,0.0,0.0
2019-10-16 16:00:56,58.986666666666665,0.0,9.344999999999999,56.49,58.105,0.0,0.0
2019-10-16 17:00:56,83.79333333333334,0.0,8.845,64.035,70.31,0.0,0.0
2019-10-16 18:00:56,117.79333333333334,0.0,9.12,96.04,151.175,0.0,0.0
2019-10-16 19:00:56,158.01999999999998,0.0,10.61,109.82,207.92500000000004,0.0,0.0
2019-10-16 20:00:56,216.89666666666668,0.0,10.810000000000002,116.115,251.42999999999998,0.0,0.0
2019-10-16 21:00:56,234.4633333333333,0.0,13.54,104.325,317.05,0.0,0.0
2019-10-16 22:00:56,225.55333333333334,34.155,13.445,101.46999999999998,264.175,0.0,0.0
2019-10-16 23:00:56,198.1,32.43,13.174999999999999,102.085,250.31499999999997,0.0,0.0
2019-10-17 00:00:56,172.82333333333332,35.635,16.985,101.77500000000002,252.085,0.0,0.0
2019-10-17 01:00:56,162.55666666666667,34.375,16.135,98.5,219.42999999999998,0.0,0.0
2019-10-17 02:00:56,144.51333333333332,31.06,13.729999999999999,94.185,173.18500000000003,0.0,0.0
2019-10-17 03:00:56,126.11000000000001,26.165000000000003,13.795,90.245,151.555,0.0,0.0
2019-10-17 04:00:56,125.48666666666668,31.665000000000003,13.21,85.84499999999998,121.97499999999998,0.0,0.0
2019-10-17 05:00:56,110.69333333333333,25.0,11.305,82.995,117.695,0.0,0.0
2019-10-17 06:00:56,100.83333333333333,24.875,10.610000000000001,79.25,101.795,0.0,0.0
2019-10-17 07:00:56,94.85,27.084999999999997,10.63,77.565,94.98,0.0,0.0
2019-10-17 08:00:56,100.74666666666667,16.31,11.344999999999999,83.58,123.645,0.0,0.0
2019-10-17 09:00:56,122.93333333333334,27.69,14.954999999999998,92.13,158.66,0.0,0.0
2019-10-17 10:00:56,216.39333333333332,27.73,15.735,98.555,166.415,0.0,0.0
2019-10-17 11:00:56,224.88333333333333,40.955,13.420000000000002,91.76,128.365,0.0,0.0
2019-10-17 12:00:56,160.45333333333332,31.015,10.17,87.75,99.835,0.0,0.0
2019-10-17 13:00:56,108.98666666666668,17.505,10.229999999999999,77.54,78.265,0.0,0.0
2019-10-17 14:00:56,88.22333333333334,13.660000000000002,9.59,0.0,0.0,0.0,0.0
2019-10-17 15:00:56,77.49666666666667,11.32,9.09,53.37,53.37,0.0,0.0
2019-10-17 16:00:56,36.82666666666667,8.86,1.7700000000000002,50.625,51.0,0.0,0.0
2019-10-17 17:00:56,57.88,9.245,6.580000000000001,53.45000000000001,54.919999999999995,0.0,0.0
2019-10-17 18:00:56,75.40666666666667,13.4,6.655000000000001,63.635,67.735,0.0,0.0
2019-10-17 19:00:56,92.61666666666667,14.415,7.080000000000001,82.07,104.635,0.0,0.0
2019-10-17 20:00:56,92.18333333333334,11.824999999999998,7.965,96.59999999999998,145.9,0.0,0.0
2019-10-17 21:00:56,97.97333333333333,20.775,8.47,100.645,153.13,0.0,0.0
2019-10-17 22:00:56,115.79666666666667,16.6,8.175,91.28000000000002,123.13,0.0,0.0
2019-10-17 23:00:56,99.04333333333334,15.175000000000002,7.835,79.35,89.185,0.0,0.0
2019-10-18 00:00:56,59.873333333333335,11.51,7.875,65.81,67.68,0.0,0.0
2019-10-18 01:00:56,44.123333333333335,6.849999999999999,7.69,55.17499999999999,57.125,0.0,0.0
2019-10-18 02:00:56,36.16,6.665,7.81,52.005,53.435,0.0,0.0
2019-10-18 03:00:56,30.87,12.0,7.48,49.794999999999995,51.78,0.0,0.0
2019-10-18 04:00:56,29.46,7.135000000000001,7.715,45.6,46.76500000000001,0.0,0.0
2019-10-18 05:00:56,35.28666666666666,8.66,7.57,44.97,46.60999999999999,0.0,0.0
2019-10-18 06:00:56,42.166666666666664,8.68,8.25,48.315,50.505,0.0,0.0
2019-10-18 07:00:56,49.88333333333333,14.235,7.965,52.57500000000001,60.94,0.0,0.0
2019-10-18 08:00:56,47.553333333333335,14.775,7.5,63.395,85.58999999999999,0.0,0.0
2019-10-18 09:00:56,29.703333333333333,21.52,0.0,75.255,120.08999999999999,0.0,0.0
2019-10-18 10:00:56,0.0,0.0,12.07,0.0,0.0,0.0,0.0
2019-10-18 11:00:56,37.10333333333333,0.0,9.255,0.0,0.0,0.0,0.0
2019-10-18 12:00:56,20.613333333333333,0.03,9.5,29.995,31.459999999999997,0.0,0.0
2019-10-18 13:00:56,13.016666666666666,1.0,7.580000000000001,31.91,33.39,0.0,0.0
2019-10-18 14:00:56,29.943333333333335,8.595,7.73,31.83,33.515,0.0,0.0
2019-10-18 15:00:56,30.163333333333334,4.705,7.844999999999999,33.655,34.93,0.0,0.0
2019-10-18 16:00:56,32.83,2.7449999999999997,8.395,38.72,40.325,0.0,0.0
2019-10-18 17:00:56,70.79333333333334,7.885000000000001,8.37,42.73,45.43,0.0,0.0
2019-10-18 18:00:56,72.08666666666667,11.75,8.045,47.66,50.99,0.0,0.0
2019-10-18 19:00:56,36.376666666666665,6.155,8.16,56.28,62.35999999999999,0.0,0.0
2019-10-18 20:00:56,34.32666666666667,3.405,8.625,67.185,85.235,0.0,0.0
2019-10-18 21:00:56,53.833333333333336,4.375,9.25,79.945,119.52500000000002,0.0,0.0
2019-10-18 22:00:56,54.370000000000005,14.275,8.955,79.85,108.21499999999999,0.0,0.0
2019-10-18 23:00:56,61.94333333333333,7.97,8.845,79.34,132.735,0.0,0.0
2019-10-19 00:00:56,76.43666666666667,15.65,9.91,79.535,137.43,0.0,0.0
2019-10-19 01:00:56,80.04333333333334,16.415,10.6,74.795,113.02500000000002,0.0,0.0
2019-10-19 02:00:56,89.28999999999999,28.054999999999996,9.665,70.375,94.46999999999998,0.0,0.0
2019-10-19 03:00:56,61.29333333333334,18.67,9.56,66.66,83.575,0.0,0.0
2019-10-19 04:00:56,68.01666666666667,22.78,8.85,63.34,81.985,0.0,0.0
2019-10-19 05:00:56,80.26666666666667,27.66,9.155,60.76500000000001,74.675,0.0,0.0
2019-10-19 06:00:56,87.09666666666666,19.315,9.285,57.495,66.175,0.0,0.0
2019-10-19 07:00:56,89.70333333333333,31.015,9.3,56.76500000000001,65.395,0.0,0.0
2019-10-19 08:00:56,110.64,32.15,9.53,60.42499999999999,78.85,0.0,0.0
2019-10-19 09:00:56,89.58666666666667,25.28,10.635,65.745,96.03000000000002,0.0,0.0
2019-10-19 10:00:56,119.39666666666666,39.92,13.424999999999999,69.44,103.43,0.0,0.0
2019-10-19 11:00:56,130.76,45.75,12.26,69.56,99.27500000000002,0.0,0.0
2019-10-19 12:00:56,97.50333333333333,27.149999999999995,12.200000000000001,69.395,84.865,0.0,0.0
2019-10-19 13:00:56,88.13333333333333,24.115,11.04,66.56,73.86,0.0,0.0
2019-10-19 14:00:56,71.47,17.91,11.259999999999998,66.17,71.475,0.0,0.0
2019-10-19 15:00:56,60.68333333333334,25.465,11.034999999999998,66.635,73.835,0.0,0.0
2019-10-19 16:00:56,44.50666666666666,0.0,10.0,66.965,73.635,0.0,0.0
2019-10-19 17:00:56,42.9,0.0,9.739999999999998,73.795,86.355,0.0,0.0
2019-10-19 18:00:56,51.349999999999994,10.82,9.155,75.48,86.46499999999999,0.0,0.0
2019-10-19 19:00:56,52.42333333333334,14.175000000000002,8.64,78.705,90.855,0.0,0.0
2019-10-19 20:00:56,69.28,15.305,8.57,79.445,93.90000000000002,0.0,0.0
2019-10-19 21:00:56,93.07666666666667,13.86,8.355,77.315,95.71,0.0,0.0
2019-10-19 22:00:56,86.35666666666667,16.35,8.905,68.18,79.265,0.0,0.0
2019-10-19 23:00:56,64.89,14.755,9.09,59.105,63.885,0.0,0.0
2019-10-20 00:00:56,46.656666666666666,10.67,8.905,51.99,55.044999999999995,0.0,0.0
2019-10-20 01:00:56,41.053333333333335,10.56,9.0,52.085,56.19,0.0,0.0
2019-10-20 02:00:56,65.74666666666667,12.955,9.415,51.169999999999995,54.655,0.0,0.0
2019-10-20 03:00:56,68.60333333333334,14.07,9.39,49.044999999999995,52.1,0.0,0.0
2019-10-20 04:00:56,61.46,13.83,8.945,46.635,49.294999999999995,0.0,0.0
2019-10-20 05:00:56,78.27,25.899999999999995,8.57,40.92,42.73,0.0,0.0
2019-10-20 06:00:56,67.74333333333333,27.524999999999995,8.799999999999999,40.58,43.495,0.0,0.0
2019-10-20 07:00:56,74.52666666666667,25.105,8.905,45.5,51.51500000000001,0.0,0.0
2019-10-20 08:00:56,97.86,29.065,8.955,50.94,63.505,0.0,0.0
2019-10-20 09:00:56,115.94666666666666,39.255,10.42,53.6,62.085,0.0,0.0
2019-10-20 10:00:56,131.32,33.415,14.074999999999998,57.855,67.19,0.0,0.0
2019-10-20 11:00:56,118.32666666666668,0.0,12.405000000000001,58.93,65.685,0.0,0.0
2019-10-20 12:00:56,114.64666666666666,35.475,12.165000000000001,61.315,67.38,0.0,0.0
2019-10-20 13:00:56,111.76666666666667,34.92,11.865,57.935,62.294999999999995,0.0,0.0
2019-10-20 14:00:56,71.73,20.87,10.435,58.01500000000001,64.785,0.0,0.0
2019-10-20 15:00:56,40.20666666666666,11.405,10.05,64.415,72.705,0.0,0.0
2019-10-20 16:00:56,41.72666666666667,6.175,9.515,64.28,71.325,0.0,0.0
2019-10-20 17:00:56,27.176666666666666,3.525,9.115,60.315,65.63,0.0,0.0
2019-10-20 18:00:56,39.096666666666664,2.275,9.36,58.595,62.585,0.0,0.0
2019-10-20 19:00:56,41.89,2.85,9.19,58.29999999999999,63.16,0.0,0.0
2019-10-20 20:00:56,42.376666666666665,12.94,9.25,56.01500000000001,60.24,0.0,0.0
2019-10-20 21:00:56,46.61333333333333,7.57,8.82,49.07500000000001,51.57,0.0,0.0
2019-10-20 22:00:56,42.16,5.29,8.475,45.155,47.475,0.0,0.0
2019-10-20 23:00:56,39.47,2.935,9.354999999999999,43.97,45.915,0.0,0.0
2019-10-21 00:00:56,40.836666666666666,4.765,9.209999999999999,42.605,44.6,0.0,0.0
2019-10-21 01:00:56,34.46333333333333,4.17,8.780000000000001,38.785,40.2,0.0,0.0
2019-10-21 02:00:56,40.67333333333333,4.12,8.86,35.685,37.14,0.0,0.0
2019-10-21 03:00:56,30.35333333333333,5.17,8.875,35.175,36.42,0.0,0.0
2019-10-21 04:00:56,32.96,3.2550000000000003,9.72,32.65,33.52,0.0,0.0
2019-10-21 05:00:56,42.15,2.515,9.63,34.85,36.905,0.0,0.0
2019-10-21 06:00:56,50.38666666666666,3.375,9.385,39.945,43.78,0.0,0.0
2019-10-21 07:00:56,55.096666666666664,13.485,9.195,43.645,47.225,0.0,0.0
2019-10-21 08:00:56,66.74333333333334,10.11,9.66,58.68,96.07,0.0,0.0
2019-10-21 09:00:56,126.82666666666668,32.53,10.65,68.79,128.355,0.0,0.0
2019-10-21 10:00:56,109.90666666666665,33.09,11.530000000000001,73.415,121.675,0.0,0.0
2019-10-21 11:00:56,108.39666666666666,22.55,12.204999999999998,77.51,127.84999999999998,0.0,0.0
2019-10-21 12:00:56,140.16333333333333,31.3,11.295000000000002,74.975,107.315,0.0,0.0
2019-10-21 13:00:56,98.56333333333333,15.74,10.32,70.1,81.015,0.0,0.0
2019-10-21 14:00:56,61.61666666666667,8.51,10.31,64.005,68.98,0.0,0.0
2019-10-21 15:00:56,53.303333333333335,5.400000000000001,9.875,60.855,67.25,0.0,0.0
2019-10-21 16:00:56,53.72666666666667,3.435,9.299999999999999,57.34,62.27,0.0,0.0
2019-10-21 17:00:56,38.95333333333333,2.425,8.84,51.98,55.49,0.0,0.0
2019-10-21 18:00:56,30.73,2.265,8.555,49.525,52.835,0.0,0.0
2019-10-21 19:00:56,34.3,1.4400000000000002,8.51,55.02,61.645,0.0,0.0
2019-10-21 20:00:56,45.11666666666667,3.435,8.46,58.98499999999999,66.515,0.0,0.0
2019-10-21 21:00:56,42.443333333333335,8.8,8.415,52.585,55.94,0.0,0.0
2019-10-21 22:00:56,30.613333333333333,4.81,7.94,46.055,48.32,0.0,0.0
2019-10-21 23:00:56,28.536666666666665,3.2000000000000006,8.270000000000001,42.945,44.93,0.0,0.0
2019-10-22 00:00:56,27.77,2.355,8.005,40.64,41.955,0.0,0.0
2019-10-22 01:00:56,27.64666666666667,7.73,8.19,39.26,41.475,0.0,0.0
2019-10-22 02:00:56,29.24,4.57,8.07,37.855,39.01,0.0,0.0
2019-10-22 03:00:56,24.506666666666668,2.8349999999999995,8.02,34.86,35.565,0.0,0.0
2019-10-22 04:00:56,20.563333333333333,1.825,8.209999999999999,32.585,33.335,0.0,0.0
2019-10-22 05:00:56,26.03,1.265,8.315,30.165000000000003,31.015,0.0,0.0
2019-10-22 06:00:56,28.46,3.775,8.79,30.56,31.515,0.0,0.0
2019-10-22 07:00:56,26.49,7.695,8.395,33.67,35.785,0.0,0.0
2019-10-22 08:00:56,28.86,8.13,8.85,57.21,73.72,0.0,0.0
2019-10-22 09:00:56,35.21,21.405,8.725,70.665,90.115,0.0,0.0
2019-10-22 10:00:56,67.88333333333333,0.0,8.98,72.435,88.805,0.0,0.0
2019-10-22 11:00:56,54.443333333333335,0.0,9.455,69.86,79.31,0.0,0.0
2019-10-22 12:00:56,36.32666666666667,0.0,8.75,64.33,69.26,0.0,0.0
2019-10-22 13:00:56,31.66333333333333,0.0,9.095,63.51500000000001,68.635,0.0,0.0
2019-10-22 14:00:56,35.00333333333334,0.0,9.28,59.595,63.82500000000001,0.0,0.0
2019-10-22 15:00:56,25.45,0.0,8.725,52.52,54.85999999999999,0.0,0.0
2019-10-22 16:00:56,24.453333333333333,0.0,8.32,47.525,49.82,0.0,0.0
2019-10-22 17:00:56,29.326666666666668,0.0,8.96,50.69,54.85999999999999,0.0,0.0
2019-10-22 18:00:56,32.89,0.0,8.72,52.10999999999999,55.4,0.0,0.0
2019-10-22 19:00:56,18.266666666666666,0.0,9.005,47.79,56.01,0.0,0.0
2019-10-22 20:00:56,21.19,0.0,9.125,49.605,53.915,0.0,0.0
2019-10-22 21:00:56,40.75,0.0,8.72,53.025,58.02,0.0,0.0
2019-10-22 22:00:56,36.57333333333334,0.0,8.395,53.475,57.419999999999995,0.0,0.0
2019-10-22 23:00:56,37.85,0.0,8.39,51.905,54.98499999999999,0.0,0.0
2019-10-23 00:00:56,31.3,0.0,8.175,49.115,52.415,0.0,0.0
2019-10-23 01:00:56,32.443333333333335,0.0,8.12,55.48499999999999,60.37,0.0,0.0
2019-10-23 02:00:56,32.96333333333333,0.0,7.689999999999999,48.89000000000001,50.505,0.0,0.0
2019-10-23 03:00:56,25.36,0.0,7.885000000000001,42.185,43.62,0.0,0.0
2019-10-23 04:00:56,29.326666666666668,0.0,8.145,37.855,38.995,0.0,0.0
2019-10-23 05:00:56,26.83666666666667,0.0,7.579999999999999,35.175,36.275,0.0,0.0
2019-10-23 06:00:56,23.446666666666665,0.0,7.835,33.885,34.8,0.0,0.0
2019-10-23 07:00:56,26.743333333333332,0.0,7.6499999999999995,33.75,35.495,0.0,0.0
2019-10-23 08:00:56,22.96333333333333,0.0,7.515000000000001,51.04999999999999,61.97,0.0,0.0
2019-10-23 09:00:56,25.376666666666665,0.0,7.885000000000001,68.725,83.84,0.0,0.0
2019-10-23 10:00:56,33.61,0.0,7.705000000000001,65.41,71.1,0.0,0.0
2019-10-23 11:00:56,26.54,0.0,7.489999999999999,54.745,57.185,0.0,0.0
2019-10-23 12:00:56,26.12,0.0,7.614999999999999,50.580000000000005,53.285,0.0,0.0
2019-10-23 13:00:56,19.683333333333334,0.0,7.97,48.044999999999995,50.60999999999999,0.0,0.0
2019-10-23 14:00:56,15.72,0.0,8.145,50.185,53.5,0.0,0.0
2019-10-23 15:00:56,27.67,0.0,8.23,50.555,53.39000000000001,0.0,0.0
2019-10-23 16:00:56,22.53333333333333,0.0,8.425,48.919999999999995,51.19,0.0,0.0
2019-10-23 17:00:56,22.413333333333334,0.0,8.47,45.59,47.16,0.0,0.0
2019-10-23 18:00:56,35.39333333333333,0.0,8.61,44.544999999999995,46.26,0.0,0.0
2019-10-23 19:00:56,39.79333333333334,0.0,8.64,46.15,48.395,0.0,0.0
2019-10-23 20:00:56,37.45,0.0,8.295,48.035,49.965,0.0,0.0
2019-10-23 21:00:56,33.7,0.0,8.465,47.135,48.76,0.0,0.0
2019-10-23 22:00:56,36.96,0.0,7.925000000000001,46.95000000000001,48.76500000000001,0.0,0.0
2019-10-23 23:00:56,25.9,0.0,8.025,44.785,46.495,0.0,0.0
2019-10-24 00:00:56,28.473333333333333,0.0,7.580000000000001,42.875,44.185,0.0,0.0
2019-10-24 01:00:56,27.286666666666665,0.0,7.719999999999999,41.92,44.49,0.0,0.0
2019-10-24 02:00:56,20.883333333333333,0.0,7.47,41.31,42.669999999999995,0.0,0.0
2019-10-24 03:00:56,29.39,0.0,7.6000000000000005,37.015,37.715,0.0,0.0
2019-10-24 04:00:56,30.526666666666667,0.0,9.040000000000001,41.125,42.215,0.0,0.0
2019-10-24 05:00:56,53.10333333333333,0.0,8.095,41.07,41.955,0.0,0.0
2019-10-24 06:00:56,82.81,0.0,7.605,42.74,44.435,0.0,0.0
2019-10-24 07:00:56,97.63333333333333,0.0,7.375,54.28,65.575,0.0,0.0
2019-10-24 08:00:56,118.05,0.0,7.625,66.415,88.435,0.0,0.0
2019-10-24 09:00:56,125.97,0.0,11.985,76.62,115.355,0.0,0.0
2019-10-24 10:00:56,137.39,0.0,11.805,81.56,122.665,0.0,0.0
2019-10-24 11:00:56,105.63999999999999,0.0,9.85,79.145,95.78500000000001,0.0,0.0
2019-10-24 12:00:56,68.31666666666666,0.0,8.39,70.03,73.595,0.0,0.0
2019-10-24 13:00:56,55.04666666666666,0.0,7.84,55.28,56.56,0.0,0.0
2019-10-24 14:00:56,41.57,0.0,8.06,49.465,52.17499999999999,0.0,0.0
2019-10-24 15:00:56,34.486666666666665,0.0,7.955000000000001,54.080000000000005,58.580000000000005,0.0,0.0
2019-10-24 16:00:56,29.32,0.0,8.22,61.29,65.985,0.0,0.0
2019-10-24 17:00:56,29.130000000000003,0.0,8.799999999999999,69.93,77.11,0.0,0.0
2019-10-24 18:00:56,40.53,0.0,8.55,66.175,69.585,0.0,0.0
2019-10-24 19:00:56,40.983333333333334,0.0,8.465,62.20000000000001,66.355,0.0,0.0
2019-10-24 20:00:56,46.096666666666664,0.0,7.995000000000001,67.105,72.97,0.0,0.0
2019-10-24 21:00:56,47.99333333333334,0.0,7.895,66.3,71.705,0.0,0.0
2019-10-24 22:00:56,40.7,0.0,7.835,58.06,60.78,0.0,0.0
2019-10-24 23:00:56,29.96666666666667,0.0,7.705000000000001,53.70000000000001,55.435,0.0,0.0
2019-10-25 00:00:56,47.416666666666664,0.0,6.835000000000001,52.67499999999999,54.85999999999999,0.0,0.0
2019-10-25 01:00:56,47.99,0.0,6.614999999999999,53.71,56.54999999999999,0.0,0.0
2019-10-25 02:00:56,48.22666666666667,0.0,7.359999999999999,56.49,60.13,0.0,0.0
2019-10-25 03:00:56,67.03,0.0,7.18,51.32,52.415,0.0,0.0
2019-10-25 04:00:56,59.60666666666666,0.0,6.8999999999999995,46.43,47.51,0.0,0.0
2019-10-25 05:00:56,80.18333333333334,0.0,8.715,45.805,47.91,0.0,0.0
2019-10-25 06:00:56,81.56,0.0,8.38,44.29,46.34,0.0,0.0
2019-10-25 07:00:56,76.46333333333334,0.0,8.315,48.595,56.115,0.0,0.0
2019-10-25 08:00:56,82.96666666666667,0.0,8.365,66.48,100.505,0.0,0.0
2019-10-25 09:00:56,78.47666666666666,0.0,9.625,76.115,111.435,0.0,0.0
2019-10-25 10:00:56,90.68,0.0,14.18,81.31,107.92,0.0,0.0
2019-10-25 11:00:56,124.79666666666667,0.0,10.745,86.36,108.23,0.0,0.0
2019-10-25 12:00:56,114.83666666666666,0.0,9.16,78.75,84.82,0.0,0.0
2019-10-25 13:00:56,73.99,0.0,8.424999999999999,64.775,66.895,0.0,0.0
2019-10-25 14:00:56,55.553333333333335,0.0,8.32,54.875,56.27,0.0,0.0
2019-10-25 15:00:56,42.13666666666666,0.0,8.31,46.785,47.975,0.0,0.0
2019-10-25 16:00:56,33.17,0.0,7.989999999999999,48.025,51.9,0.0,0.0
2019-10-25 17:00:56,41.65,0.0,8.08,55.905,59.57500000000001,0.0,0.0
2019-10-25 18:00:56,36.91,0.0,8.11,60.87,64.505,0.0,0.0
2019-10-25 19:00:56,33.31333333333333,0.0,8.185,63.71,68.965,0.0,0.0
2019-10-25 20:00:56,42.82333333333334,0.0,7.609999999999999,65.92,69.74,0.0,0.0
2019-10-25 21:00:56,44.586666666666666,0.0,7.425000000000001,55.77,57.41,0.0,0.0
2019-10-25 22:00:56,49.85,0.0,7.94,51.19,53.81,0.0,0.0
2019-10-25 23:00:56,43.82666666666667,0.0,7.530000000000001,62.725,70.88,0.0,0.0
2019-10-26 00:00:56,54.370000000000005,0.0,7.035,69.995,77.43,0.0,0.0
2019-10-26 01:00:56,62.53333333333333,0.0,7.565,72.855,81.16,0.0,0.0
2019-10-26 02:00:56,83.86333333333334,0.0,7.755,72.58,79.66,0.0,0.0
2019-10-26 03:00:56,89.60333333333334,0.0,7.515000000000001,70.475,76.53,0.0,0.0
2019-10-26 04:00:56,80.82,0.0,7.54,68.13,75.295,0.0,0.0
2019-10-26 05:00:56,80.53,0.0,9.185,64.875,69.455,0.0,0.0
2019-10-26 06:00:56,83.92,0.0,8.335,63.32500000000001,71.475,0.0,0.0
2019-10-26 07:00:56,80.68333333333334,0.0,9.59,69.735,87.39,0.0,0.0
2019-10-26 08:00:56,87.21666666666667,0.0,9.94,78.475,118.92,0.0,0.0
2019-10-26 09:00:56,99.76666666666668,0.0,10.3,83.045,136.98,0.0,0.0
2019-10-26 10:00:56,113.35,0.0,12.585,88.90500000000002,135.77,0.0,0.0
2019-10-26 11:00:56,118.64,0.0,9.479999999999999,89.07,117.875,0.0,0.0
2019-10-26 12:00:56,103.35,0.0,8.025,82.26,90.625,0.0,0.0
2019-10-26 13:00:56,63.75666666666666,0.0,7.7749999999999995,72.94,76.455,0.0,0.0
2019-10-26 14:00:56,51.02,0.0,7.43,71.2,78.9,0.0,0.0
2019-10-26 15:00:56,39.526666666666664,0.0,6.73,67.74,72.03,0.0,0.0
2019-10-26 16:00:56,35.86,0.0,6.7,66.53,70.835,0.0,0.0
2019-10-26 17:00:56,43.05,0.0,6.81,66.15,71.58,0.0,0.0
2019-10-26 18:00:56,45.79333333333334,0.0,6.925,77.92,95.195,0.0,0.0
2019-10-26 19:00:56,41.81,0.0,6.69,75.85,83.33,0.0,0.0
2019-10-26 20:00:56,32.876666666666665,0.0,6.544999999999999,69.08,73.175,0.0,0.0
2019-10-26 21:00:56,25.67,0.0,6.5,63.14000000000001,67.48,0.0,0.0
2019-10-26 22:00:56,28.576666666666668,0.0,6.400000000000001,58.88,62.14000000000001,0.0,0.0
2019-10-26 23:00:56,26.406666666666666,0.0,7.265000000000001,58.04,62.255,0.0,0.0
2019-10-27 00:00:56,28.456666666666667,0.0,7.52,53.435,55.72,0.0,0.0
2019-10-27 01:00:56,27.99666666666667,0.0,7.335,51.375,54.605,0.0,0.0
2019-10-27 02:00:56,28.180000000000003,0.0,7.38,51.17499999999999,53.080000000000005,0.0,0.0
2019-10-27 03:00:56,30.936666666666667,0.0,7.355,44.87,46.16,0.0,0.0
2019-10-27 04:00:56,21.676666666666666,0.0,7.105,39.795,40.435,0.0,0.0
2019-10-27 05:00:56,23.653333333333332,0.0,7.0249999999999995,36.645,37.63,0.0,0.0
2019-10-27 06:00:56,25.49666666666667,0.0,7.06,35.48,36.46,0.0,0.0
2019-10-27 07:00:56,38.99666666666666,0.0,6.640000000000001,38.73,40.355,0.0,0.0
2019-10-27 08:00:56,40.15,0.0,6.849999999999999,43.21,46.17499999999999,0.0,0.0
2019-10-27 09:00:56,44.24333333333334,0.0,9.165000000000001,54.09,58.29999999999999,0.0,0.0
2019-10-27 10:00:56,55.196666666666665,0.0,7.75,47.09,48.49,0.0,0.0
2019-10-27 11:00:56,36.82,0.0,6.865000000000001,43.78,45.32500000000001,0.0,0.0
2019-10-27 12:00:56,24.383333333333333,0.0,6.835000000000001,45.54999999999999,48.080000000000005,0.0,0.0
2019-10-27 13:00:56,19.816666666666666,0.0,6.82,48.055,50.9,0.0,0.0
2019-10-27 14:00:56,23.46666666666667,0.0,6.885000000000001,49.92499999999999,52.31,0.0,0.0
2019-10-27 15:00:56,31.686666666666667,0.0,6.859999999999999,51.32,53.70000000000001,0.0,0.0
2019-10-27 16:00:56,20.923333333333332,0.0,7.37,49.29,51.18,0.0,0.0
2019-10-27 17:00:56,25.453333333333333,0.0,7.34,49.544999999999995,52.35999999999999,0.0,0.0
2019-10-27 18:00:56,25.98,0.0,6.989999999999999,50.835,54.025,0.0,0.0
2019-10-27 19:00:56,29.883333333333336,0.0,7.195,53.28,56.245,0.0,0.0
2019-10-27 20:00:56,36.57666666666667,0.0,7.185,51.915,54.105,0.0,0.0
2019-10-27 21:00:56,40.35666666666666,0.0,7.349999999999999,47.63,49.54,0.0,0.0
2019-10-27 22:00:56,27.91,0.0,7.375,43.965,45.495,0.0,0.0
2019-10-27 23:00:56,17.96333333333333,0.0,8.63,42.115,43.49,0.0,0.0
2019-10-28 00:00:56,14.876666666666665,0.0,8.775,39.135,40.13,0.0,0.0
2019-10-28 01:00:56,28.72,0.0,8.719999999999999,39.755,40.73,0.0,0.0
2019-10-28 02:00:56,38.19,0.0,8.86,41.615,42.635,0.0,0.0
2019-10-28 03:00:56,44.13,0.0,8.729999999999999,46.57,48.625,0.0,0.0
2019-10-28 04:00:56,44.78666666666666,0.0,8.844999999999999,51.555,54.29,0.0,0.0
2019-10-28 05:00:56,47.04666666666667,0.0,8.595,53.415,56.4,0.0,0.0
2019-10-28 06:00:56,64.04666666666667,0.0,9.25,54.57500000000001,58.59,0.0,0.0
2019-10-28 07:00:56,77.28666666666666,0.0,9.75,58.41,65.115,0.0,0.0
2019-10-28 08:00:56,81.11,0.0,10.34,68.205,83.59,0.0,0.0
2019-10-28 09:00:56,79.23333333333333,0.0,10.96,79.875,119.935,0.0,0.0
2019-10-28 10:00:56,99.96,0.0,14.259999999999998,87.37,129.655,0.0,0.0
2019-10-28 11:00:56,119.71666666666667,0.0,14.665000000000001,0.0,0.0,0.0,0.0
2019-10-28 12:00:56,98.62666666666667,0.0,7.025000000000001,83.445,92.58,0.0,0.0
2019-10-28 13:00:56,65.33,0.0,10.12,67.335,69.95,0.0,0.0
2019-10-28 14:00:56,55.93666666666667,0.0,10.47,57.67499999999999,59.6,0.0,0.0
2019-10-28 15:00:56,55.97,0.0,10.565,53.59,55.65,0.0,0.0
2019-10-28 16:00:56,50.40333333333333,0.0,10.46,52.37,54.415,0.0,0.0
2019-10-28 17:00:56,61.27333333333333,0.0,10.71,51.935,53.995,0.0,0.0
2019-10-28 18:00:56,68.96,0.0,11.365,69.505,94.16000000000001,0.0,0.0
2019-10-28 19:00:56,86.44,0.0,11.245,93.08999999999999,151.54,0.0,0.0
2019-10-28 20:00:56,104.02,0.0,10.975,95.055,135.92,0.0,0.0
2019-10-28 21:00:56,75.19333333333333,0.0,10.54,89.25,104.145,0.0,0.0
2019-10-28 22:00:56,66.28666666666666,0.0,10.875,84.38,94.145,0.0,0.0
2019-10-28 23:00:56,71.91,0.0,10.09,87.58,99.43,0.0,0.0
2019-10-29 00:00:56,70.28,0.0,10.545000000000002,90.22499999999998,111.505,0.0,0.0
2019-10-29 01:00:56,90.36666666666667,0.0,2.85,91.485,121.63,0.0,0.0
2019-10-29 02:00:56,88.89333333333333,0.0,11.11,88.455,106.665,0.0,0.0
2019-10-29 03:00:56,102.56666666666666,0.0,10.07,84.04,94.575,0.0,0.0
2019-10-29 04:00:56,103.99333333333334,0.0,10.01,77.47,82.96,0.0,0.0
2019-10-29 05:00:56,99.02,0.0,9.845,68.365,71.66,0.0,0.0
2019-10-29 06:00:56,92.13333333333333,0.0,10.095,64.05,67.85,0.0,0.0
2019-10-29 07:00:56,105.43666666666667,0.0,10.780000000000001,62.99,67.055,0.0,0.0
2019-10-29 08:00:56,131.75666666666666,0.0,10.81,70.615,93.72499999999998,0.0,0.0
2019-10-29 09:00:56,155.69333333333333,0.0,12.285000000000002,87.17,150.615,0.0,0.0
2019-10-29 10:00:56,177.2266666666667,0.0,12.979999999999999,92.565,153.17,0.0,0.0
2019-10-29 11:00:56,155.13666666666666,0.0,12.020000000000001,95.435,131.67,0.0,0.0
2019-10-29 12:00:56,119.14333333333333,0.0,10.26,93.62,112.185,0.0,0.0
2019-10-29 13:00:56,72.92666666666666,0.0,9.51,87.3,94.165,0.0,0.0
2019-10-29 14:00:56,52.913333333333334,0.0,8.91,73.805,76.05,0.0,0.0
2019-10-29 15:00:56,52.93666666666667,0.0,8.905000000000001,65.525,68.705,0.0,0.0
2019-10-29 16:00:56,39.74333333333333,0.0,9.34,67.115,70.65,0.0,0.0
2019-10-29 17:00:56,39.14,0.0,9.015,71.505,77.315,0.0,0.0
2019-10-29 18:00:56,51.73333333333333,0.0,8.899999999999999,71.195,74.835,0.0,0.0
2019-10-29 19:00:56,47.65,0.0,9.09,66.54,69.28,0.0,0.0
2019-10-29 20:00:56,56.053333333333335,0.0,10.305,60.93,63.43,0.0,0.0
2019-10-29 21:00:56,53.8,0.0,10.125,54.19,55.47,0.0,0.0
2019-10-29 22:00:56,45.736666666666665,0.0,9.03,51.66,53.845,0.0,0.0
2019-10-29 23:00:56,42.67,0.0,7.805,55.25,58.32,0.0,0.0
2019-10-30 00:00:56,36.11,0.0,7.56,55.88,58.135,0.0,0.0
2019-10-30 01:00:56,43.29666666666666,0.0,7.719999999999999,63.995,68.47,0.0,0.0
2019-10-30 02:00:56,57.52,0.0,8.085,71.32,77.98,0.0,0.0
2019-10-30 03:00:56,58.65,0.0,7.84,72.125,78.715,0.0,0.0
2019-10-30 04:00:56,60.93000000000001,0.0,7.68,69.93,76.845,0.0,0.0
2019-10-30 05:00:56,59.900000000000006,0.0,7.055,66.62,73.385,0.0,0.0
2019-10-30 06:00:56,65.89666666666668,0.0,6.75,64.75,72.7,0.0,0.0
2019-10-30 07:00:56,72.81666666666666,0.0,6.114999999999999,66.8,80.705,0.0,0.0
2019-10-30 08:00:56,70.44,0.0,5.864999999999999,74.22,103.14,0.0,0.0
2019-10-30 09:00:56,86.66,0.0,9.2,84.97,142.12,0.0,0.0
2019-10-30 10:00:56,107.65,0.0,9.175,90.33999999999999,141.545,0.0,0.0
2019-10-30 11:00:56,102.11,0.0,8.99,91.66000000000001,121.96999999999998,0.0,0.0
2019-10-30 12:00:56,91.74666666666667,0.0,8.275,87.66000000000001,98.79,0.0,0.0
2019-10-30 13:00:56,85.27,0.0,7.68,74.68,77.525,0.0,0.0
2019-10-30 14:00:56,67.28,0.0,7.364999999999999,60.685,62.82500000000001,0.0,0.0
2019-10-30 15:00:56,54.68333333333334,0.0,7.859999999999999,60.155,64.705,0.0,0.0
2019-10-30 16:00:56,44.156666666666666,0.0,7.535,59.24,62.544999999999995,0.0,0.0
2019-10-30 17:00:56,48.583333333333336,0.0,7.495,56.02,58.02,0.0,0.0
2019-10-30 18:00:56,56.23333333333334,0.0,7.335000000000001,57.105,59.85,0.0,0.0
2019-10-30 19:00:56,53.00666666666666,0.0,7.32,61.225,64.78,0.0,0.0
2019-10-30 20:00:56,48.18666666666667,0.0,8.39,63.830000000000005,67.345,0.0,0.0
2019-10-30 21:00:56,54.39666666666667,0.0,8.59,62.76,66.065,0.0,0.0
2019-10-30 22:00:56,53.73333333333334,0.0,8.594999999999999,73.085,85.84999999999998,0.0,0.0
2019-10-30 23:00:56,73.41333333333333,0.0,9.89,83.59,103.0,0.0,0.0
2019-10-31 00:00:56,81.55,0.0,9.84,83.775,97.57,0.0,0.0
2019-10-31 01:00:56,81.93333333333334,0.0,9.735,80.89,90.365,0.0,0.0
2019-10-31 02:00:56,79.94,0.0,9.015,74.185,77.91,0.0,0.0
2019-10-31 03:00:56,72.21666666666667,0.0,8.755,62.405,64.17,0.0,0.0
2019-10-31 04:00:56,70.12,0.0,8.67,59.615,62.42499999999999,0.0,0.0
2019-10-31 05:00:56,72.36333333333333,0.0,8.175,58.74,61.330000000000005,0.0,0.0
2019-10-31 06:00:56,69.16666666666666,0.0,8.200000000000001,57.195,62.84,0.0,0.0
2019-10-31 07:00:56,80.02333333333334,0.0,8.185,57.555,60.85,0.0,0.0
2019-10-31 08:00:56,113.57,0.0,8.425,71.765,99.52500000000002,0.0,0.0
2019-10-31 09:00:56,143.92,0.0,11.335,83.495,137.14,0.0,0.0
2019-10-31 10:00:56,152.59666666666666,0.0,15.35,90.665,148.045,0.0,0.0
2019-10-31 11:00:56,115.52333333333333,0.0,14.534999999999998,95.205,140.78,0.0,0.0
2019-10-31 12:00:56,114.06,0.0,12.17,93.305,113.515,0.0,0.0
2019-10-31 13:00:56,78.57,0.0,10.16,82.955,87.65000000000002,0.0,0.0
2019-10-31 14:00:56,60.51,0.0,9.43,63.76500000000001,65.575,0.0,0.0
2019-10-31 15:00:56,51.156666666666666,0.0,9.815,52.57500000000001,53.655,0.0,0.0
2019-10-31 16:00:56,46.48,0.0,11.145000000000001,56.99,60.4,0.0,0.0
2019-10-31 17:00:56,55.5,0.0,9.88,63.895,69.155,0.0,0.0
2019-10-31 18:00:56,59.406666666666666,0.0,10.424999999999999,83.69,96.73,0.0,0.0
2019-10-31 19:00:56,87.25666666666666,0.0,11.255,100.69,127.835,0.0,0.0
2019-10-31 20:00:56,145.13666666666666,0.0,10.47,92.395,106.375,0.0,0.0
2019-10-31 21:00:56,105.90333333333332,0.0,9.91,84.22,90.675,0.0,0.0
2019-10-31 22:00:56,68.11333333333333,0.0,9.05,67.255,69.36,0.0,0.0
2019-10-31 23:00:56,59.28333333333333,0.0,8.61,58.255,60.775,0.0,0.0
2019-11-01 00:00:56,40.93,0.0,7.985,51.169999999999995,52.725,0.0,0.0
2019-11-01 01:00:56,35.54333333333334,0.0,7.02,46.01500000000001,47.255,0.0,0.0
2019-11-01 02:00:56,29.290000000000003,0.0,6.989999999999999,42.305,42.98499999999999,0.0,0.0
2019-11-01 03:00:56,22.423333333333332,0.0,7.065,38.9,39.87,0.0,0.0
2019-11-01 04:00:56,17.543333333333333,0.0,6.490000000000001,36.56,37.105,0.0,0.0
2019-11-01 05:00:56,17.106666666666666,0.0,6.580000000000001,35.725,36.535,0.0,0.0
2019-11-01 06:00:56,12.120000000000001,0.0,6.489999999999999,34.75,35.475,0.0,0.0
2019-11-01 07:00:56,11.26,0.0,6.22,36.31,37.385,0.0,0.0
2019-11-01 08:00:56,12.633333333333333,0.0,6.195,50.51,58.85,0.0,0.0
2019-11-01 09:00:56,11.02,0.0,6.395,66.345,72.825,0.0,0.0
2019-11-01 10:00:56,16.476666666666667,0.0,6.864999999999999,72.41,79.895,0.0,0.0
2019-11-01 11:00:56,19.439999999999998,0.0,6.699999999999999,72.765,81.375,0.0,0.0
2019-11-01 12:00:56,15.42,0.0,7.185,73.345,81.03,0.0,0.0
2019-11-01 13:00:56,11.666666666666666,0.0,6.905,69.84,75.16,0.0,0.0
2019-11-01 14:00:56,17.51,0.0,7.170000000000001,67.37,71.63,0.0,0.0
2019-11-01 15:00:56,15.023333333333333,0.0,7.239999999999999,66.75,72.39,0.0,0.0
2019-11-01 16:00:56,15.283333333333333,0.0,6.785,69.065,76.975,0.0,0.0
2019-11-01 17:00:56,16.666666666666668,0.0,6.815,69.605,75.49,0.0,0.0
2019-11-01 18:00:56,18.236666666666665,0.0,6.495,67.14,71.995,0.0,0.0
2019-11-01 19:00:56,20.063333333333333,0.0,6.45,69.32,78.49,0.0,0.0
2019-11-01 20:00:56,18.18,0.0,6.855,72.775,81.02,0.0,0.0
2019-11-01 21:00:56,13.843333333333334,0.0,7.29,72.81,80.275,0.0,0.0
2019-11-01 22:00:56,19.506666666666668,0.0,6.914999999999999,69.005,74.46,0.0,0.0
2019-11-01 23:00:56,17.913333333333334,0.0,7.824999999999999,64.065,67.955,0.0,0.0
2019-11-02 00:00:56,9.476666666666667,0.0,7.564999999999999,61.145,65.025,0.0,0.0
2019-11-02 01:00:56,8.816666666666666,0.0,6.965,54.87,57.31,0.0,0.0
2019-11-02 02:00:56,12.649999999999999,0.0,6.94,52.89000000000001,56.695,0.0,0.0
2019-11-02 03:00:56,10.963333333333333,0.0,6.93,45.855,47.1,0.0,0.0
2019-11-02 04:00:56,10.4,0.0,6.965,43.09,44.685,0.0,0.0
2019-11-02 05:00:56,13.25,0.0,7.16,42.075,43.645,0.0,0.0
2019-11-02 06:00:56,14.28,0.0,7.625,42.53,45.205000000000005,0.0,0.0
2019-11-02 07:00:56,12.876666666666667,0.0,7.399999999999999,42.76500000000001,44.755,0.0,0.0
2019-11-02 08:00:56,19.456666666666667,0.0,7.255,55.435,65.045,0.0,0.0
2019-11-02 09:00:56,33.87,0.0,8.17,76.795,103.04,0.0,0.0
2019-11-02 10:00:56,43.84,0.0,11.135,86.77500000000002,113.90000000000002,0.0,0.0
2019-11-02 11:00:56,64.66,0.0,12.075000000000001,87.52,104.585,0.0,0.0
2019-11-02 12:00:56,54.14333333333334,0.0,8.98,83.16,90.02500000000002,0.0,0.0
2019-11-02 13:00:56,46.84,0.0,8.27,69.32,71.72,0.0,0.0
2019-11-02 14:00:56,30.53333333333333,0.0,9.345,66.13,72.925,0.0,0.0
2019-11-02 15:00:56,29.396666666666665,0.0,8.695,75.605,85.03,0.0,0.0
2019-11-02 16:00:56,24.666666666666664,0.0,8.205,80.69,91.205,0.0,0.0
2019-11-02 17:00:56,16.593333333333334,0.0,8.285,83.59,92.87,0.0,0.0
2019-11-02 18:00:56,23.96666666666667,0.0,9.11,88.915,97.55,0.0,0.0
2019-11-02 19:00:56,36.71333333333333,0.0,10.969999999999999,97.71499999999999,130.71,0.0,0.0
2019-11-02 20:00:56,85.91666666666666,0.0,12.475,103.69,142.86,0.0,0.0
2019-11-02 21:00:56,82.14333333333333,0.0,11.030000000000001,103.06,154.97,0.0,0.0
2019-11-02 22:00:56,97.82,0.0,12.509999999999998,98.635,154.945,0.0,0.0
2019-11-02 23:00:56,117.54333333333334,0.0,11.585,96.44,159.575,0.0,0.0
2019-11-03 00:00:56,110.39333333333333,0.0,12.525,95.23,161.135,0.0,0.0
2019-11-03 01:00:56,121.12,0.0,11.775,92.47499999999998,162.875,0.0,0.0
2019-11-03 02:00:56,93.63666666666666,0.0,10.455,91.0,147.48,0.0,0.0
2019-11-03 03:00:56,78.21666666666667,0.0,8.98,88.985,136.325,0.0,0.0
2019-11-03 04:00:56,66.69333333333333,0.0,9.17,84.975,116.79,0.0,0.0
2019-11-03 05:00:56,76.63,0.0,9.515,83.355,101.33999999999999,0.0,0.0
2019-11-03 06:00:56,72.62666666666667,0.0,8.945,81.26,93.96,0.0,0.0
2019-11-03 07:00:56,62.81666666666666,0.0,8.17,79.34,92.96999999999998,0.0,0.0
2019-11-03 08:00:56,73.39333333333333,0.0,9.085,78.38,96.62,0.0,0.0
2019-11-03 09:00:56,95.27,0.0,10.055,83.205,111.365,0.0,0.0
2019-11-03 10:00:56,98.78999999999999,0.0,12.96,90.96,122.89,0.0,0.0
2019-11-03 11:00:56,107.2,0.0,13.185,92.29,117.01,0.0,0.0
2019-11-03 12:00:56,111.51,0.0,11.61,88.855,99.25,0.0,0.0
2019-11-03 13:00:56,85.96666666666667,0.0,9.905,79.5,83.19,0.0,0.0
2019-11-03 14:00:56,50.92333333333333,0.0,9.825000000000001,67.6,70.54,0.0,0.0
2019-11-03 15:00:56,34.76,0.0,9.63,60.41,61.919999999999995,0.0,0.0
2019-11-03 16:00:56,40.67,0.0,9.07,54.785,55.755,0.0,0.0
2019-11-03 17:00:56,27.82,0.0,11.12,51.975,53.335,0.0,0.0
2019-11-03 18:00:56,29.106666666666666,0.0,10.924999999999999,51.605,52.905,0.0,0.0
2019-11-03 19:00:56,49.48666666666667,0.0,11.839999999999998,75.61,105.64,0.0,0.0
2019-11-03 20:00:56,97.68,0.0,11.969999999999999,97.74,157.88,0.0,0.0
2019-11-03 21:00:56,114.20333333333333,0.0,11.424999999999999,107.46,219.34,0.0,0.0
2019-11-03 22:00:56,134.08333333333334,0.0,12.774999999999999,107.0,223.845,0.0,0.0
2019-11-03 23:00:56,136.37666666666667,0.0,11.045000000000002,109.69,272.83,0.0,0.0
2019-11-04 00:00:56,153.26666666666665,0.0,11.29,106.555,278.5,0.0,0.0
2019-11-04 01:00:56,151.85000000000002,0.0,11.29,102.01,281.805,0.0,0.0
2019-11-04 02:00:56,142.75333333333333,0.0,10.435,96.37,236.11,0.0,0.0
2019-11-04 03:00:56,118.68666666666665,0.0,9.79,93.95,224.985,0.0,0.0
2019-11-04 04:00:56,113.43333333333334,0.0,9.13,91.745,222.03,0.0,0.0
2019-11-04 05:00:56,118.09,0.0,8.185,90.28000000000002,201.99,0.0,0.0
2019-11-04 06:00:56,103.94,0.0,8.335,89.69,189.93999999999997,0.0,0.0
2019-11-04 07:00:56,107.16,0.0,8.405000000000001,90.695,190.08,0.0,0.0
2019-11-04 08:00:56,121.72666666666666,0.0,9.545,99.425,245.465,0.0,0.0
2019-11-04 09:00:56,137.23,0.0,11.815,106.455,288.635,0.0,0.0
2019-11-04 10:00:56,149.84,0.0,18.74,114.375,295.845,0.0,0.0
2019-11-04 11:00:56,43.519999999999996,0.0,16.095,116.40500000000002,246.92,0.0,0.0
2019-11-04 12:00:56,90.82666666666667,0.0,12.29,114.5,191.21,0.0,0.0
2019-11-04 13:00:56,81.51666666666667,0.0,11.959999999999999,113.58,152.64,0.0,0.0
2019-11-04 14:00:56,80.31,0.0,10.844999999999999,111.925,124.37,0.0,0.0
2019-11-04 15:00:56,41.89333333333333,0.0,1.96,98.31,100.55,0.0,0.0
2019-11-04 16:00:56,49.23,0.0,10.445,81.975,82.77,0.0,0.0
2019-11-04 17:00:56,47.333333333333336,0.0,10.894999999999998,75.07,77.17,0.0,0.0
2019-11-04 18:00:56,71.26,0.0,15.29,95.69,115.99,0.0,0.0
2019-11-04 19:00:56,123.45333333333333,0.0,15.545,114.79,191.68500000000003,0.0,0.0
2019-11-04 20:00:56,163.00666666666666,0.0,23.560000000000002,116.67,199.07000000000002,0.0,0.0
2019-11-04 21:00:56,139.01666666666665,0.0,16.14,118.82,205.05000000000004,0.0,0.0
2019-11-04 22:00:56,128.22333333333333,0.0,13.895000000000001,118.505,228.05499999999998,0.0,0.0
2019-11-04 23:00:56,125.23666666666668,0.0,13.415,115.94,239.02,0.0,0.0
2019-11-05 00:00:56,128.97666666666666,0.0,13.44,111.44,229.81000000000003,0.0,0.0
2019-11-05 01:00:56,129.77,0.0,12.625,106.57,220.875,0.0,0.0
2019-11-05 02:00:56,114.98333333333332,0.0,11.979999999999999,102.43,186.58,0.0,0.0
2019-11-05 03:00:56,99.39666666666666,0.0,11.24,99.255,168.815,0.0,0.0
2019-11-05 04:00:56,97.39666666666666,0.0,11.01,97.42,170.865,0.0,0.0
2019-11-05 05:00:56,94.83,0.0,10.045,95.48,146.905,0.0,0.0
2019-11-05 06:00:56,84.14,0.0,9.855,95.33,134.355,0.0,0.0
2019-11-05 07:00:56,86.08666666666667,0.0,10.290000000000001,97.11,139.435,0.0,0.0
2019-11-05 08:00:56,92.42666666666668,0.0,10.265,102.39,183.26,0.0,0.0
2019-11-05 09:00:56,113.13,0.0,15.38,111.40000000000002,254.295,0.0,0.0
2019-11-05 10:00:56,152.14666666666668,0.0,16.825,119.37,267.605,0.0,0.0
2019-11-05 11:00:56,170.0533333333333,0.0,17.084999999999997,122.69,223.885,0.0,0.0
2019-11-05 12:00:56,168.59666666666666,0.0,4.21,120.175,177.19999999999996,0.0,0.0
2019-11-05 13:00:56,144.54666666666668,0.0,9.18,0.0,0.0,0.0,0.0
2019-11-05 14:00:56,115.65333333333334,0.0,12.735,110.2,119.235,0.0,0.0
2019-11-05 15:00:56,72.33666666666667,0.0,10.735,93.15000000000002,93.625,0.0,0.0
2019-11-05 16:00:56,71.3,0.0,10.07,94.04,97.645,0.0,0.0
2019-11-05 17:00:56,51.99333333333334,0.0,10.295,82.06,82.06,0.0,0.0
2019-11-05 18:00:56,68.23666666666666,0.0,11.800000000000002,84.38,101.995,0.0,0.0
2019-11-05 19:00:56,107.21666666666667,0.0,15.625,111.235,176.785,0.0,0.0
2019-11-05 20:00:56,143.68,0.0,15.61,120.625,226.83,0.0,0.0
2019-11-05 21:00:56,152.86666666666667,0.0,16.400000000000002,122.59999999999998,254.18500000000003,0.0,0.0
2019-11-05 22:00:56,141.33333333333334,0.0,15.479999999999999,121.03000000000002,268.53,0.0,0.0
2019-11-05 23:00:56,176.11,0.0,17.814999999999998,120.05,288.05,0.0,0.0
2019-11-06 00:00:56,175.6,0.0,15.590000000000002,111.88,249.245,0.0,0.0
2019-11-06 01:00:56,136.50666666666666,0.0,14.19,108.445,216.94999999999996,0.0,0.0
2019-11-06 02:00:56,127.97666666666667,0.0,13.034999999999998,104.555,197.68500000000003,0.0,0.0
2019-11-06 03:00:56,96.91666666666667,0.0,12.060000000000002,97.83,151.56,0.0,0.0
2019-11-06 04:00:56,86.51666666666667,0.0,11.525,94.005,128.445,0.0,0.0
2019-11-06 05:00:56,79.13,0.0,9.685,91.94,116.24,0.0,0.0
2019-11-06 06:00:56,71.62666666666667,0.0,9.035,89.045,103.01,0.0,0.0
2019-11-06 07:00:56,68.03333333333333,0.0,8.045,89.135,117.59999999999998,0.0,0.0
2019-11-06 08:00:56,66.10333333333334,0.0,8.46,97.47499999999998,187.495,0.0,0.0
2019-11-06 09:00:56,105.48666666666666,0.0,10.685,106.78500000000001,250.91,0.0,0.0
2019-11-06 10:00:56,133.5,0.0,21.195,114.57,250.865,0.0,0.0
2019-11-06 11:00:56,164.95,0.0,15.995,113.435,206.39,0.0,0.0
2019-11-06 12:00:56,142.82,0.0,13.68,109.77500000000002,157.345,0.0,0.0
2019-11-06 13:00:56,133.38666666666666,0.0,12.950000000000001,112.135,133.0,0.0,0.0
2019-11-06 14:00:56,119.96666666666665,0.0,10.295,104.7,110.915,0.0,0.0
2019-11-06 15:00:56,80.67666666666666,0.0,10.46,87.955,88.46999999999998,0.0,0.0
2019-11-06 16:00:56,57.63333333333333,0.0,9.5,0.0,0.0,0.0,0.0
2019-11-06 17:00:56,58.25666666666667,0.0,8.675,0.0,0.0,0.0,0.0
2019-11-06 18:00:56,72.27333333333333,0.0,9.45,73.77,79.155,0.0,0.0
2019-11-06 19:00:56,127.05666666666667,0.0,12.43,102.71499999999999,160.21,0.0,0.0
2019-11-06 20:00:56,185.43,0.0,13.195,111.69,175.955,0.0,0.0
2019-11-06 21:00:56,153.48666666666668,0.0,11.384999999999998,113.02,176.32499999999996,0.0,0.0
2019-11-06 22:00:56,143.05666666666667,0.0,10.61,113.44,220.235,0.0,0.0
2019-11-06 23:00:56,151.29,0.0,11.094999999999999,111.705,241.51,0.0,0.0
2019-11-07 00:00:56,152.60666666666665,0.0,10.740000000000002,109.67,254.785,0.0,0.0
2019-11-07 01:00:56,151.87,0.0,11.015,105.3,254.895,0.0,0.0
2019-11-07 02:00:56,138.73666666666668,0.0,10.46,99.61,208.44999999999996,0.0,0.0
2019-11-07 03:00:56,109.19,0.0,9.52,96.395,169.05,0.0,0.0
2019-11-07 04:00:56,92.57333333333332,0.0,9.004999999999999,92.625,142.825,0.0,0.0
2019-11-07 05:00:56,79.98666666666666,0.0,9.035,89.38,122.575,0.0,0.0
2019-11-07 06:00:56,85.47666666666667,0.0,9.1,88.98,124.075,0.0,0.0
2019-11-07 07:00:56,91.19666666666667,0.0,9.37,91.415,148.32,0.0,0.0
2019-11-07 08:00:56,89.87333333333333,0.0,9.88,99.96499999999999,198.865,0.0,0.0
2019-11-07 09:00:56,99.03666666666666,0.0,11.76,111.25,282.65,0.0,0.0
2019-11-07 10:00:56,145.07333333333332,0.0,15.950000000000001,121.97499999999998,292.445,0.0,0.0
2019-11-07 11:00:56,189.83,0.0,16.11,121.83,239.29,0.0,0.0
2019-11-07 12:00:56,161.50666666666666,0.0,13.69,118.795,186.995,0.0,0.0
2019-11-07 13:00:56,156.83,0.0,12.735,119.83,157.175,0.0,0.0
2019-11-07 14:00:56,130.26333333333332,0.0,11.13,116.73,134.195,0.0,0.0
2019-11-07 15:00:56,89.68666666666667,0.0,10.15,100.925,102.56,0.0,0.0
2019-11-07 16:00:56,55.10666666666666,0.0,10.01,0.0,0.0,0.0,0.0
2019-11-07 17:00:56,48.343333333333334,0.0,9.0,0.0,0.0,0.0,0.0
2019-11-07 18:00:56,71.29333333333334,0.0,9.854999999999999,83.02,96.71999999999998,0.0,0.0
2019-11-07 19:00:56,103.49666666666667,0.0,13.61,113.19,193.82499999999996,0.0,0.0
2019-11-07 20:00:56,135.02666666666667,0.0,13.924999999999999,122.675,234.545,0.0,0.0
2019-11-07 21:00:56,138.4,0.0,12.12,126.21999999999998,269.13,0.0,0.0
2019-11-07 22:00:56,162.24666666666667,0.0,11.835,123.38,286.895,0.0,0.0
2019-11-07 23:00:56,162.7,0.0,12.814999999999998,116.985,264.63,0.0,0.0
2019-11-08 00:00:56,130.82666666666665,0.0,11.909999999999998,111.43,225.25,0.0,0.0
2019-11-08 01:00:56,115.48333333333335,0.0,11.584999999999999,108.40000000000002,206.735,0.0,0.0
2019-11-08 02:00:56,100.52,0.0,10.665000000000001,103.77500000000002,179.48,0.0,0.0
2019-11-08 03:00:56,89.87333333333333,0.0,10.774999999999999,99.38,145.92,0.0,0.0
2019-11-08 04:00:56,89.94,0.0,10.08,96.41000000000001,127.28500000000001,0.0,0.0
2019-11-08 05:00:56,85.76,0.0,8.37,94.875,137.05,0.0,0.0
2019-11-08 06:00:56,83.79666666666668,0.0,8.52,94.02500000000002,122.515,0.0,0.0
2019-11-08 07:00:56,88.93333333333334,0.0,8.15,94.13,122.415,0.0,0.0
2019-11-08 08:00:56,90.31333333333333,0.0,7.7749999999999995,103.98,193.29,0.0,0.0
2019-11-08 09:00:56,108.26666666666665,0.0,11.660000000000002,113.14,275.18,0.0,0.0
2019-11-08 10:00:56,133.04666666666665,0.0,12.774999999999999,118.33999999999999,243.125,0.0,0.0
2019-11-08 11:00:56,184.89666666666668,0.0,13.785000000000002,120.915,203.495,0.0,0.0
2019-11-08 12:00:56,151.64666666666668,0.0,12.125,118.485,159.74,0.0,0.0
2019-11-08 13:00:56,116.28666666666668,0.0,11.19,114.765,129.095,0.0,0.0
2019-11-08 14:00:56,104.45333333333333,0.0,10.285,103.40500000000002,104.43,0.0,0.0
2019-11-08 15:00:56,84.31333333333333,0.0,10.02,0.0,0.0,0.0,0.0
2019-11-08 16:00:56,67.84333333333333,0.0,9.26,85.035,85.91000000000001,0.0,0.0
2019-11-08 17:00:56,71.95333333333333,0.0,10.335,93.885,104.3,0.0,0.0
2019-11-08 18:00:56,88.55000000000001,0.0,11.96,120.11,213.605,0.0,0.0
2019-11-08 19:00:56,156.11666666666667,0.0,14.405000000000001,132.37,282.195,0.0,0.0
2019-11-08 20:00:56,199.18,0.0,20.785,132.575,277.41,0.0,0.0
2019-11-08 21:00:56,191.31666666666666,0.0,16.189999999999998,133.215,314.35,0.0,0.0
2019-11-08 22:00:56,175.31333333333333,0.0,15.455,126.95,308.175,0.0,0.0
2019-11-08 23:00:56,170.51,0.0,14.550000000000002,120.365,277.735,0.0,0.0
2019-11-09 00:00:56,152.07333333333332,0.0,13.509999999999998,118.40500000000002,294.025,0.0,0.0
2019-11-09 01:00:56,148.42333333333335,0.0,13.505,110.83999999999999,248.0,0.0,0.0
2019-11-09 02:00:56,131.07333333333332,0.0,12.21,107.84999999999998,214.37,0.0,0.0
2019-11-09 03:00:56,177.42333333333335,0.0,10.76,102.085,170.67500000000004,0.0,0.0
2019-11-09 04:00:56,151.50333333333333,0.0,9.395,99.34999999999998,156.415,0.0,0.0
2019-11-09 05:00:56,118.55666666666667,0.0,8.97,97.415,143.09,0.0,0.0
2019-11-09 06:00:56,92.69666666666666,0.0,8.695,95.51,130.165,0.0,0.0
2019-11-09 07:00:56,81.75,0.0,8.445,97.67,158.275,0.0,0.0
2019-11-09 08:00:56,92.55666666666667,0.0,8.515,106.22499999999998,201.46,0.0,0.0
2019-11-09 09:00:56,113.65666666666667,0.0,10.55,113.11,242.81000000000003,0.0,0.0
2019-11-09 10:00:56,149.85333333333332,0.0,13.885,120.24,255.9,0.0,0.0
2019-11-09 11:00:56,170.67666666666668,0.0,13.38,118.235,205.595,0.0,0.0
2019-11-09 12:00:56,156.51000000000002,0.0,12.155000000000001,112.12,152.73,0.0,0.0
2019-11-09 13:00:56,119.71,0.0,11.095,107.53000000000002,119.27,0.0,0.0
2019-11-09 14:00:56,75.12333333333333,0.0,10.62,92.62,92.79,0.0,0.0
2019-11-09 15:00:56,54.66,0.0,9.705,81.79,82.045,0.0,0.0
2019-11-09 16:00:56,40.99666666666666,0.0,9.505,76.28,77.13,0.0,0.0
2019-11-09 17:00:56,40.053333333333335,0.0,9.735,101.46999999999998,135.505,0.0,0.0
2019-11-09 18:00:56,76.23666666666666,0.0,11.265,130.595,252.135,0.0,0.0
2019-11-09 19:00:56,160.26666666666665,0.0,14.225000000000001,147.095,337.255,0.0,0.0
2019-11-09 20:00:56,200.16666666666666,0.0,15.695,148.885,370.84,0.0,0.0
2019-11-09 21:00:56,217.41333333333336,0.0,18.455,138.45,337.66,0.0,0.0
2019-11-09 22:00:56,225.0633333333333,0.0,17.485,133.42,325.615,0.0,0.0
2019-11-09 23:00:56,195.42000000000002,0.0,16.03,128.81,321.095,0.0,0.0
2019-11-10 00:00:56,178.19666666666666,0.0,15.32,123.365,286.565,0.0,0.0
2019-11-10 01:00:56,147.60333333333332,0.0,14.315,120.195,270.5,0.0,0.0
2019-11-10 02:00:56,137.87,0.0,13.045,115.92,244.04,0.0,0.0
2019-11-10 03:00:56,114.20666666666666,0.0,12.165,111.675,216.48,0.0,0.0
2019-11-10 04:00:56,105.26333333333334,0.0,10.840000000000002,107.825,176.02,0.0,0.0
2019-11-10 05:00:56,106.73,0.0,10.11,103.88,152.44,0.0,0.0
2019-11-10 06:00:56,98.70333333333333,0.0,9.64,98.13,124.58,0.0,0.0
2019-11-10 07:00:56,82.01333333333332,0.0,9.174999999999999,96.795,112.11,0.0,0.0
2019-11-10 08:00:56,79.79666666666667,0.0,8.885,99.03000000000002,135.07,0.0,0.0
2019-11-10 09:00:56,93.25333333333333,0.0,10.924999999999999,105.395,181.79,0.0,0.0
2019-11-10 10:00:56,113.87666666666667,0.0,14.714999999999998,114.90000000000002,198.97,0.0,0.0
2019-11-10 11:00:56,134.93666666666667,0.0,14.424999999999999,121.145,176.505,0.0,0.0
2019-11-10 12:00:56,138.95333333333332,0.0,13.79,119.40500000000002,148.67,0.0,0.0
2019-11-10 13:00:56,101.09,0.0,11.515,113.87,121.915,0.0,0.0
2019-11-10 14:00:56,78.09333333333333,0.0,10.015,99.435,101.16000000000001,0.0,0.0
2019-11-10 15:00:56,62.596666666666664,0.0,10.115,0.0,0.0,0.0,0.0
2019-11-10 16:00:56,54.233333333333334,0.0,10.649999999999999,76.64,76.85,0.0,0.0
2019-11-10 17:00:56,51.83666666666667,0.0,9.94,76.005,76.665,0.0,0.0
2019-11-10 18:00:56,62.53666666666666,0.0,12.800000000000002,101.02500000000002,140.03,0.0,0.0
2019-11-10 19:00:56,135.93666666666667,0.0,15.969999999999999,119.135,175.67,0.0,0.0
2019-11-10 20:00:56,179.64,0.0,17.87,129.74,206.285,0.0,0.0
2019-11-10 21:00:56,162.63666666666666,0.0,13.729999999999999,135.955,240.41,0.0,0.0
2019-11-10 22:00:56,171.94,0.0,13.049999999999999,133.225,249.265,0.0,0.0
2019-11-10 23:00:56,163.51,0.0,12.875,129.94,255.05499999999998,0.0,0.0
2019-11-11 00:00:56,154.5,0.0,13.37,125.335,247.63,0.0,0.0
2019-11-11 01:00:56,142.42333333333335,0.0,12.844999999999999,119.87,223.48,0.0,0.0
2019-11-11 02:00:56,129.01,0.0,11.765,115.87,193.355,0.0,0.0
2019-11-11 03:00:56,116.77333333333333,0.0,11.08,113.25,183.18999999999997,0.0,0.0
2019-11-11 04:00:56,124.67666666666668,0.0,11.075000000000001,110.075,162.14,0.0,0.0
2019-11-11 05:00:56,111.81,0.0,9.38,107.78000000000002,146.23,0.0,0.0
2019-11-11 06:00:56,99.42000000000002,0.0,8.64,104.33999999999999,129.625,0.0,0.0
2019-11-11 07:00:56,85.45,0.0,8.16,106.87,146.085,0.0,0.0
2019-11-11 08:00:56,96.99000000000001,0.0,8.845,113.805,202.4,0.0,0.0
2019-11-11 09:00:56,132.20000000000002,0.0,14.045000000000002,125.67,299.08,0.0,0.0
2019-11-11 10:00:56,191.79,0.0,18.475,134.53,324.17,0.0,0.0
2019-11-11 11:00:56,215.28,0.0,17.245,136.525,270.12,0.0,0.0
2019-11-11 12:00:56,212.92,0.0,14.38,141.095,228.975,0.0,0.0
2019-11-11 13:00:56,157.95,0.0,12.589999999999998,139.735,185.49,0.0,0.0
2019-11-11 14:00:56,127.10666666666667,0.0,11.935,131.99,148.615,0.0,0.0
2019-11-11 15:00:56,101.14666666666666,0.0,10.11,116.115,117.53000000000002,0.0,0.0
2019-11-11 16:00:56,80.2,0.0,10.04,100.86,102.45,0.0,0.0
2019-11-11 17:00:56,65.41333333333333,0.0,11.0,118.835,161.99,0.0,0.0
2019-11-11 18:00:56,145.30666666666667,0.0,13.415,139.73,263.225,0.0,0.0
2019-11-11 19:00:56,242.46333333333334,0.0,15.799999999999999,146.07,301.22,0.0,0.0
2019-11-11 20:00:56,243.01333333333332,0.0,17.695,146.92,327.4,0.0,0.0
2019-11-11 21:00:56,225.49666666666667,0.0,18.11,146.215,360.25499999999994,0.0,0.0
2019-11-11 22:00:56,225.8,0.0,19.985,144.115,369.28,0.0,0.0
2019-11-11 23:00:56,119.44999999999999,0.0,19.290000000000003,140.46,351.43,0.0,0.0
2019-11-12 00:00:56,201.39666666666665,0.0,18.605,134.17,317.42,0.0,0.0
2019-11-12 01:00:56,173.24333333333334,0.0,16.69,125.185,284.505,0.0,0.0
2019-11-12 02:00:56,151.52333333333334,0.0,14.5,119.42,226.485,0.0,0.0
2019-11-12 03:00:56,121.96333333333332,0.0,13.784999999999998,114.5,186.97,0.0,0.0
2019-11-12 04:00:56,110.42666666666666,0.0,13.375,110.445,163.355,0.0,0.0
2019-11-12 05:00:56,105.52,0.0,11.765,106.52,137.265,0.0,0.0
2019-11-12 06:00:56,100.29,0.0,10.854999999999999,103.485,126.21,0.0,0.0
2019-11-12 07:00:56,90.47666666666667,0.0,10.09,105.56,138.525,0.0,0.0
2019-11-12 08:00:56,101.33666666666666,0.0,9.88,112.235,200.495,0.0,0.0
2019-11-12 09:00:56,88.25999999999999,0.0,14.299999999999999,122.195,268.605,0.0,0.0
2019-11-12 10:00:56,184.98333333333335,0.0,19.425,132.3,286.075,0.0,0.0
2019-11-12 11:00:56,206.06666666666666,0.0,20.74,136.93,248.25,0.0,0.0
2019-11-12 12:00:56,194.07666666666665,0.0,13.975000000000001,129.235,192.92999999999998,0.0,0.0
2019-11-12 13:00:56,147.84333333333333,0.0,12.5,120.18,143.69,0.0,0.0
2019-11-12 14:00:56,111.58333333333333,0.0,11.910000000000002,113.175,117.86,0.0,0.0
2019-11-12 15:00:56,98.06666666666666,0.0,10.945,96.69,96.83999999999999,0.0,0.0
2019-11-12 16:00:56,78.44333333333333,0.0,10.840000000000002,86.15000000000002,87.72499999999998,0.0,0.0
2019-11-12 17:00:56,69.89,0.0,10.995,106.375,137.805,0.0,0.0
2019-11-12 18:00:56,103.07666666666667,0.0,13.31,130.175,226.06000000000003,0.0,0.0
2019-11-12 19:00:56,173.48666666666668,0.0,16.785,138.37,230.13,0.0,0.0
2019-11-12 20:00:56,179.78666666666666,0.0,21.804999999999996,145.02,268.22,0.0,0.0
2019-11-12 21:00:56,130.67333333333332,0.0,21.565,146.005,318.345,0.0,0.0
2019-11-12 22:00:56,218.86666666666665,0.0,21.255,140.425,301.885,0.0,0.0
2019-11-12 23:00:56,180.58666666666667,0.0,19.985,139.25,312.89,0.0,0.0
2019-11-13 00:00:56,177.39333333333335,0.0,18.92,134.085,280.81,0.0,0.0
2019-11-13 01:00:56,163.32333333333332,0.0,16.51,126.695,234.085,0.0,0.0
2019-11-13 02:00:56,135.36,0.0,15.089999999999998,121.08999999999999,204.1,0.0,0.0
2019-11-13 03:00:56,121.58666666666666,0.0,13.125,114.86,169.87,0.0,0.0
2019-11-13 04:00:56,96.72333333333333,0.0,11.854999999999999,109.68,140.26,0.0,0.0
2019-11-13 05:00:56,91.80333333333333,0.0,11.1,106.165,125.54,0.0,0.0
2019-11-13 06:00:56,87.67,0.0,11.079999999999998,104.8,124.96,0.0,0.0
2019-11-13 07:00:56,86.10000000000001,0.0,10.604999999999999,106.515,154.04,0.0,0.0
2019-11-13 08:00:56,101.20666666666666,0.0,10.245,114.96,217.44999999999996,0.0,0.0
2019-11-13 09:00:56,120.05,0.0,14.829999999999998,122.815,281.315,0.0,0.0
2019-11-13 10:00:56,170.19,0.0,23.47,131.64,294.48,0.0,0.0
2019-11-13 11:00:56,204.62,0.0,19.445,138.08,262.45,0.0,0.0
2019-11-13 12:00:56,232.9466666666667,0.0,15.225,132.075,206.69999999999996,0.0,0.0
2019-11-13 13:00:56,151.22666666666666,0.0,14.549999999999999,125.29,154.63,0.0,0.0
2019-11-13 14:00:56,103.11333333333333,0.0,13.799999999999999,126.7,139.06,0.0,0.0
2019-11-13 15:00:56,93.16666666666667,0.0,13.055,114.8,116.015,0.0,0.0
2019-11-13 16:00:56,80.57,0.0,12.925000000000002,98.135,98.165,0.0,0.0
2019-11-13 17:00:56,82.55333333333333,0.0,14.62,102.445,119.575,0.0,0.0
2019-11-13 18:00:56,118.82,0.0,13.945,129.815,205.845,0.0,0.0
2019-11-13 19:00:56,206.85,0.0,19.34,138.02,222.72,0.0,0.0
2019-11-13 20:00:56,221.3033333333333,0.0,20.34,147.695,309.275,0.0,0.0
2019-11-13 21:00:56,125.48000000000002,0.0,20.12,146.04,344.635,0.0,0.0
2019-11-13 22:00:56,127.64,0.0,19.515,142.655,356.7749999999999,0.0,0.0
2019-11-13 23:00:56,114.0,0.0,17.185,137.08,341.5,0.0,0.0
2019-11-14 00:00:56,111.45,0.0,15.909999999999998,130.195,303.905,0.0,0.0
2019-11-14 01:00:56,108.56333333333333,0.0,14.54,124.68,262.14,0.0,0.0
2019-11-14 02:00:56,87.13666666666667,0.0,13.335,119.11,215.155,0.0,0.0
2019-11-14 03:00:56,158.61666666666667,0.0,13.13,115.915,207.57499999999996,0.0,0.0
2019-11-14 04:00:56,140.32,0.0,13.995,112.205,180.35,0.0,0.0
2019-11-14 05:00:56,122.49666666666667,0.0,11.86,110.96,171.375,0.0,0.0
2019-11-14 06:00:56,113.71,0.0,11.695,108.96999999999998,178.115,0.0,0.0
2019-11-14 07:00:56,110.06333333333335,0.0,10.86,111.17,196.23,0.0,0.0
2019-11-14 08:00:56,121.25333333333333,0.0,11.170000000000002,117.33,242.84,0.0,0.0
2019-11-14 09:00:56,147.03666666666666,0.0,13.49,124.39,293.56,0.0,0.0
2019-11-14 10:00:56,179.25333333333333,0.0,17.925,132.32,310.615,0.0,0.0
2019-11-14 11:00:56,197.4033333333333,0.0,19.48,137.595,280.995,0.0,0.0
2019-11-14 12:00:56,199.56333333333333,0.0,16.655,142.465,243.33,0.0,0.0
2019-11-14 13:00:56,219.99,0.0,16.755,138.83,197.44999999999996,0.0,0.0
2019-11-14 14:00:56,167.04666666666668,0.0,14.844999999999999,106.21999999999998,118.11,0.0,0.0
2019-11-14 15:00:56,136.16666666666666,0.0,13.424999999999999,99.99,100.95,0.0,0.0
2019-11-14 16:00:56,117.48333333333332,0.0,11.68,92.635,92.88,0.0,0.0
2019-11-14 17:00:56,88.93333333333334,0.0,11.344999999999999,105.64,137.135,0.0,0.0
2019-11-14 18:00:56,110.80666666666667,0.0,16.59,130.12,238.595,0.0,0.0
2019-11-14 19:00:56,221.56333333333333,0.0,18.12,140.895,294.03,0.0,0.0
2019-11-14 20:00:56,269.5233333333333,0.0,17.245,144.475,313.275,0.0,0.0
2019-11-14 21:00:56,149.01666666666665,0.0,21.3,145.33,335.995,0.0,0.0
2019-11-14 22:00:56,144.97333333333333,0.0,21.055,143.08,333.905,0.0,0.0
2019-11-14 23:00:56,125.27666666666669,0.0,23.365,139.335,331.535,0.0,0.0
2019-11-15 00:00:56,143.70333333333335,0.0,21.400000000000002,135.255,316.505,0.0,0.0
2019-11-15 01:00:56,111.10333333333334,0.0,20.67,129.015,293.665,0.0,0.0
2019-11-15 02:00:56,196.35666666666665,0.0,19.925,122.335,245.66,0.0,0.0
2019-11-15 03:00:56,167.32,0.0,18.7,118.915,212.955,0.0,0.0
2019-11-15 04:00:56,140.98000000000002,0.0,16.56,115.08,182.67999999999998,0.0,0.0
2019-11-15 05:00:56,123.83666666666667,0.0,14.36,110.825,153.945,0.0,0.0
2019-11-15 06:00:56,119.28666666666668,0.0,15.19,111.27,171.105,0.0,0.0
2019-11-15 07:00:56,132.72333333333333,0.0,16.68,111.55,164.24,0.0,0.0
2019-11-15 08:00:56,128.95333333333335,0.0,16.305,116.5,199.43999999999997,0.0,0.0
2019-11-15 09:00:56,113.27666666666666,0.0,18.89,122.05,0.0,0.0,0.0
2019-11-15 10:00:56,120.15333333333334,0.0,39.665,117.395,328.905,0.0,0.0
2019-11-15 11:00:56,108.32666666666667,0.0,8.655,118.075,269.935,0.0,0.0
2019-11-15 12:00:56,115.93333333333334,0.0,16.755,112.705,207.80499999999998,0.0,0.0
2019-11-15 13:00:56,76.59333333333333,0.0,7.445,106.83999999999999,155.465,0.0,0.0
2019-11-15 14:00:56,70.86333333333333,0.0,7.080000000000001,99.03500000000001,132.85,0.0,0.0
2019-11-15 15:00:56,67.98,0.0,35.83,101.68,181.65,0.0,0.0
2019-11-15 16:00:56,101.46666666666668,0.0,47.49,108.55,160.59,0.0,0.0
2019-11-15 17:00:56,126.52,0.0,40.155,110.58999999999999,196.36,0.0,0.0
2019-11-15 18:00:56,182.28,0.0,40.074999999999996,112.245,206.22,0.0,0.0
2019-11-15 19:00:56,216.12666666666667,0.0,40.285,126.96,289.08,0.0,0.0
2019-11-15 20:00:56,242.8,0.0,47.97,131.135,316.675,0.0,0.0
2019-11-15 21:00:56,262.00666666666666,0.0,48.285000000000004,129.455,314.92,0.0,0.0
2019-11-15 22:00:56,230.02333333333334,0.0,42.745000000000005,113.74,218.335,0.0,0.0
2019-11-15 23:00:56,180.67666666666668,0.0,39.36,108.195,157.4,0.0,0.0
2019-11-16 00:00:56,140.1,0.0,41.125,101.235,117.32,0.0,0.0
2019-11-16 01:00:56,119.87,0.0,34.285,103.53000000000002,159.76,0.0,0.0
2019-11-16 02:00:56,110.82333333333334,0.0,28.385,89.335,114.11,0.0,0.0
2019-11-16 03:00:56,110.27333333333333,0.0,27.554999999999996,104.415,141.195,0.0,0.0
2019-11-16 04:00:56,107.82666666666667,0.0,25.834999999999997,111.735,165.93,0.0,0.0
2019-11-16 05:00:56,100.74,0.0,23.565,88.21499999999999,101.195,0.0,0.0
2019-11-16 06:00:56,91.96666666666665,0.0,22.325000000000003,85.17,91.71499999999999,0.0,0.0
2019-11-16 07:00:56,86.44666666666666,0.0,20.785,92.53000000000002,110.305,0.0,0.0
2019-11-16 08:00:56,99.81,0.0,19.97,106.165,170.105,0.0,0.0
2019-11-16 09:00:56,114.01333333333334,0.0,27.28,118.96499999999999,243.505,0.0,0.0
2019-11-16 10:00:56,157.68666666666667,0.0,43.15,131.655,280.465,0.0,0.0
2019-11-16 11:00:56,171.43333333333334,0.0,51.09,139.36,248.655,0.0,0.0
2019-11-16 12:00:56,159.14,0.0,39.235,130.535,188.335,0.0,0.0
2019-11-16 13:00:56,116.36,0.0,33.51,122.24,144.615,0.0,0.0
2019-11-16 14:00:56,90.12666666666667,0.0,36.89,112.57,116.705,0.0,0.0
2019-11-16 15:00:56,78.68666666666667,0.0,27.950000000000003,103.125,106.955,0.0,0.0
2019-11-16 16:00:56,77.32666666666667,0.0,21.804999999999996,91.855,94.545,0.0,0.0
2019-11-16 17:00:56,64.88000000000001,0.0,20.71,82.39,84.105,0.0,0.0
2019-11-16 18:00:56,63.05,0.0,22.455,97.89,107.855,0.0,0.0
2019-11-16 19:00:56,83.84,0.0,24.72,117.14,136.62,0.0,0.0
2019-11-16 20:00:56,111.22,0.0,25.075,111.205,121.795,0.0,0.0
2019-11-16 21:00:56,99.11666666666667,0.0,26.560000000000002,100.805,103.555,0.0,0.0
2019-11-16 22:00:56,90.23,0.0,30.44,106.09999999999998,119.935,0.0,0.0
2019-11-16 23:00:56,105.73333333333335,0.0,44.06,116.40500000000002,163.35,0.0,0.0
2019-11-17 00:00:56,137.97,0.0,41.37,118.59999999999998,189.895,0.0,0.0
2019-11-17 01:00:56,150.13333333333333,0.0,45.645,120.745,218.585,0.0,0.0
2019-11-17 02:00:56,166.86666666666667,0.0,35.050000000000004,119.505,231.455,0.0,0.0
2019-11-17 03:00:56,143.81333333333333,0.0,24.98,115.12,199.01,0.0,0.0
2019-11-17 04:00:56,111.60666666666667,0.0,21.22,109.415,157.32,0.0,0.0
2019-11-17 05:00:56,93.16666666666667,0.0,19.72,102.33999999999999,131.905,0.0,0.0
2019-11-17 06:00:56,92.47,0.0,18.89,100.23,133.06,0.0,0.0
2019-11-17 07:00:56,94.89333333333333,0.0,18.09,99.66000000000001,128.59,0.0,0.0
2019-11-17 08:00:56,92.31,0.0,18.495,103.015,150.56,0.0,0.0
2019-11-17 09:00:56,141.07,0.0,23.425,106.21,175.81000000000003,0.0,0.0
2019-11-17 10:00:56,115.89,0.0,43.79,112.94,177.515,0.0,0.0
2019-11-17 11:00:56,142.66,0.0,47.07500000000001,116.945,163.69,0.0,0.0
2019-11-17 12:00:56,132.23,0.0,43.085,114.21499999999999,131.28,0.0,0.0
2019-11-17 13:00:56,104.04666666666667,0.0,30.675,99.40000000000002,100.95,0.0,0.0
2019-11-17 14:00:56,69.36333333333333,0.0,29.389999999999997,81.55,82.0,0.0,0.0
2019-11-17 15:00:56,62.33666666666667,0.0,26.62,74.595,74.85,0.0,0.0
2019-11-17 16:00:56,61.10999999999999,0.0,27.064999999999998,68.96,70.535,0.0,0.0
2019-11-17 17:00:56,54.406666666666666,0.0,25.804999999999996,74.115,75.27,0.0,0.0
2019-11-17 18:00:56,80.50333333333333,0.0,30.855,104.145,157.575,0.0,0.0
2019-11-17 19:00:56,122.91,0.0,26.505,121.69,214.30000000000004,0.0,0.0
2019-11-17 20:00:56,165.21666666666667,0.0,32.905,126.72499999999998,241.43500000000003,0.0,0.0
2019-11-17 21:00:56,172.63,0.0,54.65,127.395,259.31,0.0,0.0
2019-11-17 22:00:56,207.34666666666666,0.0,37.085,126.045,262.235,0.0,0.0
2019-11-17 23:00:56,174.60666666666665,0.0,32.695,123.71,278.36,0.0,0.0
2019-11-18 00:00:56,171.27666666666667,0.0,29.290000000000003,121.96,294.16,0.0,0.0
2019-11-18 01:00:56,172.53666666666666,0.0,25.58,116.44,259.885,0.0,0.0
2019-11-18 02:00:56,149.65666666666667,0.0,23.52,112.64,250.87,0.0,0.0
2019-11-18 03:00:56,139.55333333333334,0.0,22.095,109.54,232.345,0.0,0.0
2019-11-18 04:00:56,125.45666666666666,0.0,22.165000000000003,105.69,194.19500000000002,0.0,0.0
2019-11-18 05:00:56,113.28,0.0,21.145,104.445,183.705,0.0,0.0
2019-11-18 06:00:56,98.83333333333333,0.0,20.415,101.495,164.18,0.0,0.0
2019-11-18 07:00:56,98.55333333333333,0.0,19.635,101.67,164.275,0.0,0.0
2019-11-18 08:00:56,102.29666666666667,0.0,19.755,111.385,209.095,0.0,0.0
2019-11-18 09:00:56,118.85666666666667,0.0,27.224999999999998,117.34499999999998,264.845,0.0,0.0
2019-11-18 10:00:56,153.49333333333334,0.0,56.67499999999999,125.21499999999999,277.43,0.0,0.0
2019-11-18 11:00:56,190.4766666666667,0.0,54.275,123.515,221.755,0.0,0.0
2019-11-18 12:00:56,151.72333333333333,0.0,50.745000000000005,116.71,161.095,0.0,0.0
2019-11-18 13:00:56,121.65,0.0,36.245,112.12,126.24,0.0,0.0
2019-11-18 14:00:56,91.28,0.0,31.939999999999998,98.05,98.645,0.0,0.0
2019-11-18 15:00:56,73.48,0.0,29.584999999999997,82.505,82.555,0.0,0.0
2019-11-18 16:00:56,64.39333333333333,0.0,26.709999999999997,0.0,0.0,0.0,0.0
2019-11-18 17:00:56,63.39000000000001,0.0,26.929999999999996,0.0,0.0,0.0,0.0
2019-11-18 18:00:56,64.58,0.0,32.515,71.72,73.785,0.0,0.0
2019-11-18 19:00:56,82.81333333333333,0.0,44.97,99.065,113.915,0.0,0.0
2019-11-18 20:00:56,111.26,0.0,54.81,122.485,188.14,0.0,0.0
2019-11-18 21:00:56,136.06333333333333,0.0,45.4,128.325,223.69500000000002,0.0,0.0
2019-11-18 22:00:56,145.35333333333332,0.0,31.135,129.955,255.855,0.0,0.0
2019-11-18 23:00:56,155.82666666666665,0.0,34.53,129.77,298.79,0.0,0.0
2019-11-19 00:00:56,158.57,0.0,32.18,124.34499999999998,266.57,0.0,0.0
2019-11-19 01:00:56,143.47333333333333,0.0,26.38,121.425,263.995,0.0,0.0
2019-11-19 02:00:56,138.79333333333332,0.0,26.885,117.21999999999998,250.245,0.0,0.0
2019-11-19 03:00:56,122.10333333333334,0.0,23.59,112.33999999999999,205.14,0.0,0.0
2019-11-19 04:00:56,103.90333333333334,0.0,21.155,108.44,182.015,0.0,0.0
2019-11-19 05:00:56,95.81666666666666,0.0,19.21,105.56,175.285,0.0,0.0
2019-11-19 06:00:56,85.39666666666668,0.0,18.53,102.895,148.505,0.0,0.0
2019-11-19 07:00:56,77.62,0.0,17.724999999999998,103.28000000000002,147.72,0.0,0.0
2019-11-19 08:00:56,80.12333333333333,0.0,17.665000000000003,108.755,194.86,0.0,0.0
2019-11-19 09:00:56,98.51333333333332,0.0,24.87,115.745,250.245,0.0,0.0
2019-11-19 10:00:56,135.54999999999998,0.0,46.125,130.18,288.74,0.0,0.0
2019-11-19 11:00:56,174.12666666666667,0.0,53.385,132.815,248.005,0.0,0.0
2019-11-19 12:00:56,152.34666666666666,0.0,42.15,126.09999999999998,186.795,0.0,0.0
2019-11-19 13:00:56,120.63666666666666,0.0,32.225,118.555,138.95,0.0,0.0
2019-11-19 14:00:56,92.99666666666667,0.0,32.28,105.57,107.055,0.0,0.0
2019-11-19 15:00:56,86.11333333333334,0.0,29.455,90.635,90.665,0.0,0.0
2019-11-19 16:00:56,71.80333333333333,0.0,27.689999999999998,81.88,82.87,0.0,0.0
2019-11-19 17:00:56,61.74333333333333,0.0,31.49,93.45,109.77,0.0,0.0
2019-11-19 18:00:56,86.25999999999999,0.0,32.94,125.44,220.405,0.0,0.0
2019-11-19 19:00:56,161.44,0.0,28.47,138.22,287.32,0.0,0.0
2019-11-19 20:00:56,176.07999999999998,0.0,31.28,145.705,341.2,0.0,0.0
2019-11-19 21:00:56,189.75333333333333,0.0,35.535,142.335,350.24500000000006,0.0,0.0
2019-11-19 22:00:56,89.8,0.0,34.525,139.455,350.64000000000004,0.0,0.0
2019-11-19 23:00:56,227.36666666666667,0.0,29.5,135.975,344.16,0.0,0.0
2019-11-20 00:00:56,209.17333333333332,0.0,25.255,128.41,332.64,0.0,0.0
2019-11-20 01:00:56,193.37333333333333,0.0,21.62,123.615,328.215,0.0,0.0
2019-11-20 02:00:56,181.08333333333331,0.0,22.560000000000002,116.52500000000002,270.41,0.0,0.0
2019-11-20 03:00:56,154.57,0.0,20.61,113.03000000000002,241.43500000000003,0.0,0.0
2019-11-20 04:00:56,129.72666666666666,0.0,19.355,109.95,209.75,0.0,0.0
2019-11-20 05:00:56,125.24666666666667,0.0,18.345,107.95,193.93500000000003,0.0,0.0
2019-11-20 06:00:56,123.86,0.0,17.52,104.72499999999998,182.25,0.0,0.0
2019-11-20 07:00:56,110.82666666666667,0.0,17.015,106.54,183.795,0.0,0.0
2019-11-20 08:00:56,108.07666666666667,0.0,17.785,113.65000000000002,233.44500000000002,0.0,0.0
2019-11-20 09:00:56,149.14666666666668,0.0,21.36,123.58999999999999,294.18,0.0,0.0
2019-11-20 10:00:56,125.13000000000001,0.0,45.714999999999996,136.67,341.465,0.0,0.0
2019-11-20 11:00:56,254.59666666666666,0.0,65.33999999999999,139.96,295.615,0.0,0.0
2019-11-20 12:00:56,236.53666666666666,0.0,50.370000000000005,134.68,226.94500000000002,0.0,0.0
2019-11-20 13:00:56,172.80666666666667,0.0,33.79,123.5,164.56,0.0,0.0
2019-11-20 14:00:56,113.44333333333333,0.0,28.595,114.76,124.96499999999999,0.0,0.0
2019-11-20 15:00:56,77.48666666666666,0.0,27.659999999999997,101.495,102.265,0.0,0.0
2019-11-20 16:00:56,70.81333333333333,0.0,29.455,86.375,86.385,0.0,0.0
2019-11-20 17:00:56,63.17,0.0,25.665000000000003,0.0,0.0,0.0,0.0
2019-11-20 18:00:56,56.97333333333333,0.0,30.88,78.33,79.77,0.0,0.0
2019-11-20 19:00:56,63.29,0.0,46.78,103.315,121.56,0.0,0.0
2019-11-20 20:00:56,81.2,0.0,61.995,128.885,199.26,0.0,0.0
2019-11-20 21:00:56,119.09333333333333,0.0,57.0,136.55,254.295,0.0,0.0
2019-11-20 22:00:56,145.68333333333334,0.0,33.0,143.305,304.315,0.0,0.0
2019-11-20 23:00:56,129.52333333333334,0.0,12.564999999999998,140.92,314.58,0.0,0.0
2019-11-21 00:00:56,143.68,0.0,10.21,138.105,332.755,0.0,0.0
2019-11-21 01:00:56,139.79666666666668,0.0,10.275,131.88,323.155,0.0,0.0
2019-11-21 02:00:56,141.70666666666668,0.0,9.825,127.78500000000001,310.48,0.0,0.0
2019-11-21 03:00:56,141.52,0.0,11.435000000000002,122.325,290.44,0.0,0.0
2019-11-21 04:00:56,131.01333333333332,0.0,10.3,117.705,265.905,0.0,0.0
2019-11-21 05:00:56,119.37333333333333,0.0,11.1,114.45,241.6,0.0,0.0
2019-11-21 06:00:56,114.60333333333334,0.0,11.170000000000002,112.54,217.23,0.0,0.0
2019-11-21 07:00:56,98.57333333333332,0.0,10.11,113.315,205.135,0.0,0.0
2019-11-21 08:00:56,100.29,0.0,10.854999999999999,115.825,214.83,0.0,0.0
2019-11-21 09:00:56,108.29666666666668,0.0,12.425000000000002,123.3,262.305,0.0,0.0
2019-11-21 10:00:56,133.57333333333332,0.0,13.464999999999998,127.675,253.755,0.0,0.0
2019-11-21 11:00:56,134.23666666666668,0.0,8.92,124.47499999999998,200.15,0.0,0.0
2019-11-21 12:00:56,109.51333333333332,0.0,7.87,117.08,151.445,0.0,0.0
2019-11-21 13:00:56,84.15666666666668,0.0,7.325,111.65500000000002,121.29,0.0,0.0
2019-11-21 14:00:56,71.28,0.0,7.530000000000001,101.385,103.53000000000002,0.0,0.0
2019-11-21 15:00:56,59.55666666666667,0.0,7.775000000000001,95.885,99.43,0.0,0.0
2019-11-21 16:00:56,60.74666666666667,0.0,7.385000000000001,93.59999999999998,93.83999999999999,0.0,0.0
2019-11-21 17:00:56,55.98,0.0,7.575,84.8,84.815,0.0,0.0
2019-11-21 18:00:56,61.2,0.0,8.995,105.67,142.265,0.0,0.0
2019-11-21 19:00:56,117.03333333333333,0.0,14.300000000000002,130.235,217.27,0.0,0.0
2019-11-21 20:00:56,153.33333333333334,0.0,14.030000000000001,139.945,272.895,0.0,0.0
2019-11-21 21:00:56,176.87333333333333,0.0,12.15,146.21,329.84,0.0,0.0
2019-11-21 22:00:56,191.14,0.0,13.530000000000001,143.705,340.49,0.0,0.0
2019-11-21 23:00:56,177.83,0.0,12.43,139.28,314.795,0.0,0.0
2019-11-22 00:00:56,171.89333333333332,0.0,11.810000000000002,136.865,308.73,0.0,0.0
2019-11-22 01:00:56,170.55666666666667,0.0,10.854999999999999,133.005,296.72,0.0,0.0
2019-11-22 02:00:56,158.09666666666666,0.0,10.505,126.305,287.45,0.0,0.0
2019-11-22 03:00:56,151.50666666666666,0.0,11.270000000000001,121.945,261.975,0.0,0.0
2019-11-22 04:00:56,134.31666666666666,0.0,11.594999999999999,117.82,232.48,0.0,0.0
2019-11-22 05:00:56,129.01333333333332,0.0,10.88,114.31,201.605,0.0,0.0
2019-11-22 06:00:56,121.8,0.0,9.265,111.95,182.42999999999998,0.0,0.0
2019-11-22 07:00:56,111.87333333333333,0.0,9.885,111.51,168.885,0.0,0.0
2019-11-22 08:00:56,109.98,0.0,9.64,115.42,189.92999999999998,0.0,0.0
2019-11-22 09:00:56,118.71,0.0,10.26,119.385,217.19500000000002,0.0,0.0
2019-11-22 10:00:56,145.72333333333333,0.0,12.824999999999998,133.65,271.3,0.0,0.0
2019-11-22 11:00:56,172.28666666666666,0.0,11.75,140.465,259.1,0.0,0.0
2019-11-22 12:00:56,175.78,0.0,9.5,137.375,210.93999999999997,0.0,0.0
2019-11-22 13:00:56,142.07666666666665,0.0,8.3,130.96,169.775,0.0,0.0
2019-11-22 14:00:56,110.83333333333333,0.0,8.045,129.39,145.935,0.0,0.0
2019-11-22 15:00:56,96.57,0.0,9.305,124.54,129.56,0.0,0.0
2019-11-22 16:00:56,79.21333333333332,0.0,9.16,113.985,117.645,0.0,0.0
2019-11-22 17:00:56,63.21333333333334,0.0,7.984999999999999,110.115,118.605,0.0,0.0
2019-11-22 18:00:56,66.12,0.0,9.345,136.25,231.27,0.0,0.0
2019-11-22 19:00:56,121.87333333333333,0.0,13.46,144.58,281.96,0.0,0.0
2019-11-22 20:00:56,155.41,0.0,9.855,157.66,381.435,0.0,0.0
2019-11-22 21:00:56,77.63666666666666,0.0,11.214999999999998,154.19,382.6499999999999,0.0,0.0
2019-11-22 22:00:56,181.42,0.0,14.214999999999998,144.36,333.5,0.0,0.0
2019-11-22 23:00:56,171.1,0.0,11.655000000000001,138.89,310.4,0.0,0.0
2019-11-23 00:00:56,169.99666666666667,0.0,10.995,138.245,316.62,0.0,0.0
2019-11-23 01:00:56,162.41333333333333,0.0,11.015,132.755,310.455,0.0,0.0
2019-11-23 02:00:56,159.82333333333332,0.0,22.540000000000003,123.295,267.22,0.0,0.0
2019-11-23 03:00:56,157.67333333333335,0.0,15.545000000000002,84.52,213.985,0.0,0.0
2019-11-23 04:00:56,140.98666666666665,0.0,11.505,100.73,211.82000000000002,0.0,0.0
2019-11-23 05:00:56,124.52333333333333,0.0,10.44,105.505,189.84,0.0,0.0
2019-11-23 06:00:56,108.61333333333334,0.0,10.105,106.86,180.02,0.0,0.0
2019-11-23 07:00:56,106.12,0.0,10.48,109.875,195.655,0.0,0.0
2019-11-23 08:00:56,101.47,0.0,9.365,113.09999999999998,220.93999999999997,0.0,0.0
2019-11-23 09:00:56,108.76999999999998,0.0,9.475,114.65500000000002,237.89,0.0,0.0
2019-11-23 10:00:56,126.48666666666668,0.0,13.535000000000002,124.895,272.13,0.0,0.0
2019-11-23 11:00:56,136.00333333333333,0.0,13.204999999999998,131.935,267.93,0.0,0.0
2019-11-23 12:00:56,155.85666666666665,0.0,14.93,134.6,240.55499999999998,0.0,0.0
2019-11-23 13:00:56,166.45000000000002,0.0,17.555,138.865,217.835,0.0,0.0
2019-11-23 14:00:56,93.42,0.0,12.714999999999998,144.43,199.955,0.0,0.0
2019-11-23 15:00:56,162.52,0.0,10.25,143.315,180.17500000000004,0.0,0.0
2019-11-23 16:00:56,134.13333333333333,0.0,9.74,135.68,153.955,0.0,0.0
2019-11-23 17:00:56,122.92666666666668,0.0,8.995,132.355,149.705,0.0,0.0
2019-11-23 18:00:56,118.71666666666667,0.0,9.105,146.33,222.83,0.0,0.0
2019-11-23 19:00:56,153.20333333333332,0.0,12.719999999999999,161.52,332.205,0.0,0.0
2019-11-23 20:00:56,207.85000000000002,0.0,16.98,163.725,396.12999999999994,0.0,0.0
2019-11-23 21:00:56,229.71,0.0,11.439999999999998,155.575,374.145,0.0,0.0
2019-11-23 22:00:56,214.59333333333336,0.0,10.345,149.495,350.23,0.0,0.0
2019-11-23 23:00:56,90.27333333333333,0.0,11.219999999999999,147.69,368.56,0.0,0.0
2019-11-24 00:00:56,241.32666666666665,0.0,13.225,142.55,374.06,0.0,0.0
2019-11-24 01:00:56,215.81666666666666,0.0,10.82,135.63,341.055,0.0,0.0
2019-11-24 02:00:56,178.86,0.0,10.44,132.41,328.01,0.0,0.0
2019-11-24 03:00:56,172.24666666666667,0.0,10.985,129.055,317.0,0.0,0.0
2019-11-24 04:00:56,154.39,0.0,10.085,125.71999999999998,283.77,0.0,0.0
2019-11-24 05:00:56,148.2,0.0,10.670000000000002,123.75,270.865,0.0,0.0
2019-11-24 06:00:56,138.64666666666668,0.0,12.64,121.235,251.23,0.0,0.0
2019-11-24 07:00:56,133.66666666666666,0.0,11.714999999999998,121.335,245.88,0.0,0.0
2019-11-24 08:00:56,131.31,0.0,12.39,122.425,253.84,0.0,0.0
2019-11-24 09:00:56,136.09666666666666,0.0,11.685000000000002,122.02500000000002,242.69500000000002,0.0,0.0
2019-11-24 10:00:56,133.64666666666668,0.0,10.18,129.495,241.54,0.0,0.0
2019-11-24 11:00:56,151.71,0.0,13.935000000000002,138.805,240.68999999999997,0.0,0.0
2019-11-24 12:00:56,156.53,0.0,11.375,147.495,231.71,0.0,0.0
2019-11-24 13:00:56,139.53,0.0,9.805,137.745,181.095,0.0,0.0
2019-11-24 14:00:56,110.67000000000002,0.0,7.805,124.915,135.845,0.0,0.0
2019-11-24 15:00:56,81.89333333333333,0.0,7.419999999999999,102.755,103.505,0.0,0.0
2019-11-24 16:00:56,66.11,0.0,7.710000000000001,101.895,105.62,0.0,0.0
2019-11-24 17:00:56,66.06333333333333,0.0,8.045,103.495,105.79,0.0,0.0
2019-11-24 18:00:56,83.20333333333333,0.0,9.98,112.81,129.93,0.0,0.0
2019-11-24 19:00:56,112.94999999999999,0.0,16.32,133.545,208.795,0.0,0.0
2019-11-24 20:00:56,236.84666666666666,0.0,12.464999999999998,145.25,271.17,0.0,0.0
2019-11-24 21:00:56,271.06333333333333,0.0,10.04,147.935,301.745,0.0,0.0
2019-11-24 22:00:56,232.30666666666667,0.0,13.574999999999998,144.305,284.895,0.0,0.0
2019-11-24 23:00:56,205.07666666666665,0.0,11.165,141.695,295.66,0.0,0.0
2019-11-25 00:00:56,183.27,0.0,11.195,137.605,286.115,0.0,0.0
2019-11-25 01:00:56,160.02666666666667,0.0,9.72,134.0,275.795,0.0,0.0
2019-11-25 02:00:56,146.70666666666668,0.0,9.11,129.225,253.79,0.0,0.0
2019-11-25 03:00:56,137.47666666666666,0.0,9.92,125.3,234.455,0.0,0.0
2019-11-25 04:00:56,133.58666666666667,0.0,10.82,120.65000000000002,208.92999999999998,0.0,0.0
2019-11-25 05:00:56,115.67666666666668,0.0,9.07,116.48,178.6,0.0,0.0
2019-11-25 06:00:56,109.20666666666666,0.0,9.08,114.245,171.795,0.0,0.0
2019-11-25 07:00:56,103.48333333333332,0.0,8.6,115.815,175.13,0.0,0.0
2019-11-25 08:00:56,97.52333333333333,0.0,7.775000000000001,125.93,217.75,0.0,0.0
2019-11-25 09:00:56,105.60666666666667,0.0,9.115,133.87,282.95,0.0,0.0
2019-11-25 10:00:56,130.71,0.0,10.325,144.205,310.42,0.0,0.0
2019-11-25 11:00:56,158.21,0.0,12.020000000000001,145.835,283.535,0.0,0.0
2019-11-25 12:00:56,155.40666666666667,0.0,9.745,135.55,218.705,0.0,0.0
2019-11-25 13:00:56,127.54333333333334,0.0,9.085,132.665,173.19500000000002,0.0,0.0
2019-11-25 14:00:56,107.13666666666666,0.0,8.46,127.26,139.665,0.0,0.0
2019-11-25 15:00:56,95.08333333333333,0.0,7.789999999999999,110.09499999999998,110.51,0.0,0.0
2019-11-25 16:00:56,72.82333333333334,0.0,7.575,87.955,87.99,0.0,0.0
2019-11-25 17:00:56,72.92333333333333,0.0,9.595,105.46999999999998,134.63,0.0,0.0
2019-11-25 18:00:56,100.10666666666667,0.0,11.435000000000002,136.57,226.48,0.0,0.0
2019-11-25 19:00:56,150.61,0.0,13.920000000000002,154.135,330.3,0.0,0.0
2019-11-25 20:00:56,189.36333333333334,0.0,10.735,164.515,408.41,0.0,0.0
2019-11-25 21:00:56,197.08333333333331,0.0,10.625,161.145,393.875,0.0,0.0
2019-11-25 22:00:56,185.14666666666668,0.0,9.555,159.01,411.915,0.0,0.0
2019-11-25 23:00:56,187.19666666666666,0.0,13.145000000000001,149.19,374.535,0.0,0.0
2019-11-26 00:00:56,175.73333333333335,0.0,9.92,142.975,327.48,0.0,0.0
2019-11-26 01:00:56,155.58333333333334,0.0,11.54,143.63,348.59,0.0,0.0
2019-11-26 02:00:56,159.54333333333335,0.0,13.01,139.22,316.095,0.0,0.0
2019-11-26 03:00:56,147.38333333333333,0.0,12.805,133.68,263.405,0.0,0.0
2019-11-26 04:00:56,131.55666666666667,0.0,10.79,131.51,243.045,0.0,0.0
2019-11-26 05:00:56,114.49333333333334,0.0,15.805,129.885,209.155,0.0,0.0
2019-11-26 06:00:56,103.85,0.0,12.954999999999998,127.08,181.0,0.0,0.0
2019-11-26 07:00:56,99.16333333333334,0.0,13.74,125.915,177.93500000000003,0.0,0.0
2019-11-26 08:00:56,109.11333333333334,0.0,13.079999999999998,133.09,217.405,0.0,0.0
2019-11-26 09:00:56,121.25333333333333,0.0,13.189999999999998,133.105,238.635,0.0,0.0
2019-11-26 10:00:56,138.13666666666666,0.0,13.68,138.87,272.785,0.0,0.0
2019-11-26 11:00:56,178.38666666666666,0.0,17.905,149.925,319.805,0.0,0.0
2019-11-26 12:00:56,221.26999999999998,0.0,17.555,160.175,354.23,0.0,0.0
2019-11-26 13:00:56,264.4166666666667,0.0,24.14,159.925,337.815,0.0,0.0
2019-11-26 14:00:56,273.37666666666667,0.0,15.46,149.555,277.27,0.0,0.0
2019-11-26 15:00:56,221.81333333333336,0.0,13.795000000000002,143.42,236.93500000000003,0.0,0.0
2019-11-26 16:00:56,107.02666666666666,0.0,14.635,141.53,213.845,0.0,0.0
2019-11-26 17:00:56,194.19,0.0,11.68,143.335,223.485,0.0,0.0
2019-11-26 18:00:56,191.36333333333332,0.0,13.854999999999999,139.435,227.43999999999997,0.0,0.0
2019-11-26 19:00:56,157.4666666666667,0.0,13.295000000000002,139.48,222.17500000000004,0.0,0.0
2019-11-26 20:00:56,117.42000000000002,0.0,11.225,132.275,206.91,0.0,0.0
2019-11-26 21:00:56,89.91333333333334,0.0,10.895000000000001,126.995,190.9,0.0,0.0
2019-11-26 22:00:56,64.31666666666666,0.0,9.79,124.0,171.535,0.0,0.0
2019-11-26 23:00:56,63.446666666666665,0.0,9.565,124.245,173.42999999999998,0.0,0.0
2019-11-27 00:00:56,72.86333333333333,0.0,9.965,122.325,174.17999999999998,0.0,0.0
2019-11-27 01:00:56,67.87,0.0,9.78,113.625,141.85,0.0,0.0
2019-11-27 02:00:56,63.86333333333334,0.0,9.08,107.555,121.58999999999999,0.0,0.0
2019-11-27 03:00:56,61.47,0.0,8.805,100.08999999999999,106.56,0.0,0.0
2019-11-27 04:00:56,57.443333333333335,0.0,8.905,93.09499999999998,97.75,0.0,0.0
2019-11-27 05:00:56,48.81333333333333,0.0,7.555,82.72,83.31,0.0,0.0
2019-11-27 06:00:56,41.379999999999995,0.0,6.984999999999999,75.24,75.555,0.0,0.0
2019-11-27 07:00:56,41.72,0.0,6.724999999999999,77.79,81.195,0.0,0.0
2019-11-27 08:00:56,44.86666666666667,0.0,6.57,85.05,96.27,0.0,0.0
2019-11-27 09:00:56,56.02333333333334,0.0,6.585000000000001,101.51,158.985,0.0,0.0
2019-11-27 10:00:56,79.07,0.0,6.69,107.365,171.31499999999997,0.0,0.0
2019-11-27 11:00:56,81.47,0.0,6.91,105.695,152.96,0.0,0.0
2019-11-27 12:00:56,84.98666666666666,0.0,7.7,108.54,155.09,0.0,0.0
2019-11-27 13:00:56,75.31,0.0,8.055,104.62,135.86,0.0,0.0
2019-11-27 14:00:56,59.31666666666666,0.0,7.685,99.23,114.375,0.0,0.0
2019-11-27 15:00:56,48.830000000000005,0.0,7.580000000000001,96.665,102.135,0.0,0.0
2019-11-27 16:00:56,47.866666666666674,0.0,7.414999999999999,90.53500000000001,93.75,0.0,0.0
2019-11-27 17:00:56,48.73333333333333,0.0,7.330000000000001,94.235,106.205,0.0,0.0
2019-11-27 18:00:56,58.67,0.0,6.765000000000001,100.36,111.435,0.0,0.0
2019-11-27 19:00:56,80.2,0.0,7.535,111.37,178.08,0.0,0.0
2019-11-27 20:00:56,116.68666666666667,0.0,8.115,115.68,228.465,0.0,0.0
2019-11-27 21:00:56,143.29333333333332,0.0,8.41,112.815,234.63,0.0,0.0
2019-11-27 22:00:56,115.90333333333334,0.0,7.82,106.895,183.115,0.0,0.0
2019-11-27 23:00:56,77.32333333333334,0.0,7.98,106.8,159.24,0.0,0.0
2019-11-28 00:00:56,55.59,0.0,7.935,106.765,156.655,0.0,0.0
2019-11-28 01:00:56,51.64333333333333,0.0,7.805,104.365,142.09,0.0,0.0
2019-11-28 02:00:56,43.516666666666666,0.0,7.965,98.72499999999998,128.085,0.0,0.0
2019-11-28 03:00:56,37.68333333333334,0.0,7.614999999999999,92.49,110.02500000000002,0.0,0.0
2019-11-28 04:00:56,35.32,0.0,7.41,86.94,98.605,0.0,0.0
2019-11-28 05:00:56,34.416666666666664,0.0,6.830000000000001,84.88,95.575,0.0,0.0
2019-11-28 06:00:56,31.623333333333335,0.0,6.745,83.005,92.58,0.0,0.0
2019-11-28 07:00:56,29.016666666666666,0.0,6.530000000000001,84.56,97.71,0.0,0.0
2019-11-28 08:00:56,34.086666666666666,0.0,6.344999999999999,90.84499999999998,142.065,0.0,0.0
2019-11-28 09:00:56,50.05,0.0,6.27,98.83999999999999,201.18500000000003,0.0,0.0
2019-11-28 10:00:56,106.9,0.0,25.28,101.21499999999999,235.115,0.0,0.0
2019-11-28 11:00:56,113.46333333333332,0.0,29.534999999999997,100.87,205.82499999999996,0.0,0.0
2019-11-28 12:00:56,87.61000000000001,0.0,30.310000000000002,98.175,158.29,0.0,0.0
2019-11-28 13:00:56,82.44333333333333,0.0,25.755,97.34999999999998,132.81,0.0,0.0
2019-11-28 14:00:56,74.43666666666667,0.0,30.515,93.78500000000001,110.54,0.0,0.0
2019-11-28 15:00:56,61.41333333333333,0.0,30.705000000000002,89.08999999999999,94.32,0.0,0.0
2019-11-28 16:00:56,61.93,0.0,34.645,86.69,91.21,0.0,0.0
2019-11-28 17:00:56,69.11,0.0,32.855,87.915,97.395,0.0,0.0
2019-11-28 18:00:56,88.08,0.0,25.040000000000003,99.015,140.35,0.0,0.0
2019-11-28 19:00:56,111.85666666666667,0.0,31.2,105.96,199.05000000000004,0.0,0.0
2019-11-28 20:00:56,164.41333333333333,0.0,31.83,109.505,231.52,0.0,0.0
2019-11-28 21:00:56,147.67000000000002,0.0,27.645,109.43,240.635,0.0,0.0
2019-11-28 22:00:56,153.02666666666667,0.0,40.195,101.84999999999998,248.975,0.0,0.0
2019-11-28 23:00:56,162.58666666666667,0.0,42.565000000000005,79.785,229.77,0.0,0.0
2019-11-29 00:00:56,141.35666666666668,0.0,37.49,82.65,195.21,0.0,0.0
2019-11-29 01:00:56,106.15,0.0,28.39,78.835,157.805,0.0,0.0
2019-11-29 02:00:56,89.82,0.0,20.665,80.535,138.07,0.0,0.0
2019-11-29 03:00:56,68.74333333333333,0.0,18.13,80.515,119.64,0.0,0.0
2019-11-29 04:00:56,65.41,0.0,17.135,80.885,120.19,0.0,0.0
2019-11-29 05:00:56,73.68,0.0,16.78,80.58,124.34499999999998,0.0,0.0
2019-11-29 06:00:56,80.12,0.0,17.2,81.44,132.965,0.0,0.0
2019-11-29 07:00:56,92.59,0.0,16.62,84.34,160.38,0.0,0.0
2019-11-29 08:00:56,98.14,0.0,15.950000000000001,94.83999999999999,234.975,0.0,0.0
2019-11-29 09:00:56,97.50666666666666,0.0,16.84,105.515,335.29,0.0,0.0
2019-11-29 10:00:56,126.84,0.0,18.084999999999997,110.625,366.615,0.0,0.0
2019-11-29 11:00:56,139.71,0.0,20.825,106.205,281.815,0.0,0.0
2019-11-29 12:00:56,128.9,0.0,27.595,101.995,214.61,0.0,0.0
2019-11-29 13:00:56,168.67333333333332,0.0,32.42,105.92,184.265,0.0,0.0
2019-11-29 14:00:56,194.2,0.0,28.61,106.485,177.38,0.0,0.0
2019-11-29 15:00:56,140.22,0.0,26.314999999999998,106.395,168.67,0.0,0.0
2019-11-29 16:00:56,102.5,0.0,26.179999999999996,107.76,159.235,0.0,0.0
2019-11-29 17:00:56,81.78,0.0,23.0,108.645,162.635,0.0,0.0
2019-11-29 18:00:56,77.18666666666667,0.0,20.07,108.755,160.325,0.0,0.0
2019-11-29 19:00:56,88.49000000000001,0.0,21.14,111.165,184.42,0.0,0.0
2019-11-29 20:00:56,94.16333333333334,0.0,21.52,108.645,170.845,0.0,0.0
2019-11-29 21:00:56,58.696666666666665,0.0,21.105,98.955,130.775,0.0,0.0
2019-11-29 22:00:56,40.843333333333334,0.0,22.34,92.34999999999998,102.495,0.0,0.0
2019-11-29 23:00:56,27.123333333333335,0.0,21.825,83.395,85.46999999999998,0.0,0.0
2019-11-30 00:00:56,23.093333333333334,0.0,22.034999999999997,74.585,74.95,0.0,0.0
2019-11-30 01:00:56,25.01,0.0,22.304999999999996,73.73,75.67,0.0,0.0
2019-11-30 02:00:56,31.793333333333337,0.0,21.09,75.97,78.24,0.0,0.0
2019-11-30 03:00:56,30.51,0.0,19.474999999999998,76.83,81.14,0.0,0.0
2019-11-30 04:00:56,35.32333333333333,0.0,17.915,78.72,85.735,0.0,0.0
2019-11-30 05:00:56,33.5,0.0,16.915,77.775,84.14,0.0,0.0
2019-11-30 06:00:56,31.450000000000003,0.0,16.92,78.98,94.615,0.0,0.0
2019-11-30 07:00:56,32.25333333333333,0.0,16.675,84.36,104.31,0.0,0.0
2019-11-30 08:00:56,37.486666666666665,0.0,16.45,91.54,133.415,0.0,0.0
2019-11-30 09:00:56,46.516666666666666,0.0,16.795,101.83,182.55499999999998,0.0,0.0
2019-11-30 10:00:56,60.42666666666667,0.0,27.060000000000002,111.795,235.955,0.0,0.0
2019-11-30 11:00:56,136.03,0.0,37.0,111.28000000000002,228.32499999999996,0.0,0.0
2019-11-30 12:00:56,102.36666666666667,0.0,28.72,102.23,165.52,0.0,0.0
2019-11-30 13:00:56,60.30666666666667,0.0,27.225000000000005,99.145,134.755,0.0,0.0
2019-11-30 14:00:56,52.61666666666667,0.0,29.145,96.67,117.875,0.0,0.0
2019-11-30 15:00:56,39.92666666666667,0.0,26.100000000000005,91.58999999999999,97.27500000000002,0.0,0.0
2019-11-30 16:00:56,29.066666666666666,0.0,23.505,86.02,87.58,0.0,0.0
2019-11-30 17:00:56,36.72,0.0,22.61,82.74,83.87,0.0,0.0
2019-11-30 18:00:56,45.79666666666667,0.0,22.395,94.885,124.105,0.0,0.0
2019-11-30 19:00:56,97.12,0.0,20.900000000000002,111.26,200.465,0.0,0.0
2019-11-30 20:00:56,122.02000000000001,0.0,23.785,115.46,231.54,0.0,0.0
2019-11-30 21:00:56,147.85333333333332,0.0,30.05,115.63,260.41,0.0,0.0
2019-11-30 22:00:56,167.36333333333334,0.0,28.215,112.03000000000002,277.315,0.0,0.0
2019-11-30 23:00:56,160.15666666666667,0.0,23.8,106.41000000000001,237.43999999999997,0.0,0.0
2019-12-01 00:00:56,124.64,0.0,18.625,102.055,189.93999999999997,0.0,0.0
2019-12-01 01:00:56,80.31333333333333,0.0,18.4,101.76,165.61,0.0,0.0
2019-12-01 02:00:56,64.91333333333333,0.0,17.305,94.46499999999999,132.485,0.0,0.0
2019-12-01 03:00:56,43.04666666666667,0.0,17.57,91.925,116.0,0.0,0.0
2019-12-01 04:00:56,43.1,0.0,17.1,87.01,98.44,0.0,0.0
2019-12-01 05:00:56,41.54666666666667,0.0,16.875,81.34,87.05,0.0,0.0
2019-12-01 06:00:56,25.21333333333333,0.0,16.61,79.32,84.35,0.0,0.0
2019-12-01 07:00:56,23.060000000000002,0.0,16.325,80.61,86.695,0.0,0.0
2019-12-01 08:00:56,21.14333333333333,0.0,16.54,84.81,99.14,0.0,0.0
2019-12-01 09:00:56,39.61,0.0,19.175,88.765,114.40500000000002,0.0,0.0
2019-12-01 10:00:56,73.03,0.0,16.875,86.02500000000002,103.635,0.0,0.0
2019-12-01 11:00:56,36.51,0.0,17.67,88.99,100.015,0.0,0.0
2019-12-01 12:00:56,30.5,0.0,18.724999999999998,96.64,114.195,0.0,0.0
2019-12-01 13:00:56,38.31,0.0,17.57,103.40500000000002,130.785,0.0,0.0
2019-12-01 14:00:56,35.593333333333334,0.0,19.11,101.2,127.46499999999999,0.0,0.0
2019-12-01 15:00:56,34.973333333333336,0.0,20.575,98.44,114.25,0.0,0.0
2019-12-01 16:00:56,34.22333333333333,0.0,18.95,96.71,106.605,0.0,0.0
2019-12-01 17:00:56,29.090000000000003,0.0,17.995,94.03000000000002,102.575,0.0,0.0
2019-12-01 18:00:56,25.703333333333333,0.0,17.155,92.415,104.675,0.0,0.0
2019-12-01 19:00:56,28.776666666666667,0.0,17.45,97.115,123.46499999999999,0.0,0.0
2019-12-01 20:00:56,42.43666666666667,0.0,20.345,98.8,127.57,0.0,0.0
2019-12-01 21:00:56,45.25333333333333,0.0,21.0,99.365,140.19,0.0,0.0
2019-12-01 22:00:56,43.00333333333333,0.0,19.88,96.96,128.465,0.0,0.0
2019-12-01 23:00:56,27.553333333333335,0.0,19.965,90.745,110.87,0.0,0.0
2019-12-02 00:00:56,20.576666666666668,0.0,18.33,88.605,102.455,0.0,0.0
2019-12-02 01:00:56,20.793333333333333,0.0,17.245,87.15000000000002,99.085,0.0,0.0
2019-12-02 02:00:56,18.869999999999997,0.0,18.38,81.535,86.875,0.0,0.0
2019-12-02 03:00:56,12.103333333333333,0.0,17.435,74.41,75.475,0.0,0.0
2019-12-02 04:00:56,10.73,0.0,16.099999999999998,68.91,68.945,0.0,0.0
2019-12-02 05:00:56,14.153333333333334,0.0,15.99,66.08,66.09,0.0,0.0
2019-12-02 06:00:56,14.056666666666667,0.0,16.185,64.69,64.76,0.0,0.0
2019-12-02 07:00:56,10.01,0.0,16.03,76.79,83.425,0.0,0.0
2019-12-02 08:00:56,20.256666666666668,0.0,16.295,91.96,116.175,0.0,0.0
2019-12-02 09:00:56,39.166666666666664,0.0,17.605,103.42,154.84,0.0,0.0
2019-12-02 10:00:56,45.480000000000004,0.0,18.0,104.71499999999999,153.22,0.0,0.0
2019-12-02 11:00:56,47.81,0.0,17.66,99.53500000000001,123.945,0.0,0.0
2019-12-02 12:00:56,39.916666666666664,0.0,16.605,97.79,109.88,0.0,0.0
2019-12-02 13:00:56,28.653333333333332,0.0,17.175,96.955,105.085,0.0,0.0
2019-12-02 14:00:56,21.523333333333333,0.0,18.285,96.15000000000002,105.59499999999998,0.0,0.0
2019-12-02 15:00:56,18.27,0.0,17.415,89.31,92.16000000000001,0.0,0.0
2019-12-02 16:00:56,19.053333333333335,0.0,18.685,80.35,80.99,0.0,0.0
2019-12-02 17:00:56,17.07,0.0,19.455,75.045,76.07,0.0,0.0
2019-12-02 18:00:56,20.96,0.0,22.025000000000002,89.28500000000001,105.78000000000002,0.0,0.0
2019-12-02 19:00:56,28.21,0.0,29.62,108.33999999999999,160.865,0.0,0.0
2019-12-02 20:00:56,56.07333333333333,0.0,35.395,112.96499999999999,174.515,0.0,0.0
2019-12-02 21:00:56,90.73666666666666,0.0,22.575,111.665,160.065,0.0,0.0
2019-12-02 22:00:56,84.38,0.0,22.804999999999996,113.21,170.82499999999996,0.0,0.0
2019-12-02 23:00:56,93.68666666666667,0.0,25.034999999999997,109.03500000000001,159.865,0.0,0.0
2019-12-03 00:00:56,94.28999999999999,0.0,22.725000000000005,105.265,152.085,0.0,0.0
2019-12-03 01:00:56,88.63,0.0,19.85,102.075,141.69,0.0,0.0
2019-12-03 02:00:56,73.48333333333333,0.0,18.79,98.675,125.47499999999998,0.0,0.0
2019-12-03 03:00:56,50.49666666666667,0.0,17.85,95.56,117.02,0.0,0.0
2019-12-03 04:00:56,43.54,0.0,18.705,91.805,107.92,0.0,0.0
2019-12-03 05:00:56,34.730000000000004,0.0,18.974999999999998,87.53500000000001,94.305,0.0,0.0
2019-12-03 06:00:56,33.526666666666664,0.0,20.85,82.105,83.72,0.0,0.0
2019-12-03 07:00:56,39.75,0.0,22.105,80.96,84.07,0.0,0.0
2019-12-03 08:00:56,45.26333333333333,0.0,20.86,88.53500000000001,102.24,0.0,0.0
2019-12-03 09:00:56,46.68666666666667,0.0,20.385,102.205,157.78,0.0,0.0
2019-12-03 10:00:56,100.82,0.0,34.38,108.64,183.285,0.0,0.0
2019-12-03 11:00:56,104.56,0.0,37.0,103.005,142.92,0.0,0.0
2019-12-03 12:00:56,55.13666666666666,0.0,7.469999999999999,99.78500000000001,115.865,0.0,0.0
2019-12-03 13:00:56,38.35333333333333,0.0,7.12,96.78000000000002,101.90500000000002,0.0,0.0
2019-12-03 14:00:56,36.556666666666665,0.0,29.08,88.62,90.59999999999998,0.0,0.0
2019-12-03 15:00:56,39.77333333333333,0.0,30.099999999999998,86.83,89.645,0.0,0.0
2019-12-03 16:00:56,46.336666666666666,0.0,26.929999999999996,82.79,83.395,0.0,0.0
2019-12-03 17:00:56,44.04333333333334,0.0,26.560000000000002,82.86,84.24,0.0,0.0
2019-12-03 18:00:56,49.10666666666667,0.0,23.945000000000004,92.33,102.625,0.0,0.0
2019-12-03 19:00:56,58.49333333333334,0.0,20.745,104.045,134.34,0.0,0.0
2019-12-03 20:00:56,79.97,0.0,33.66,111.11,161.075,0.0,0.0
2019-12-03 21:00:56,89.2,0.0,41.275000000000006,113.065,172.095,0.0,0.0
2019-12-03 22:00:56,97.14333333333333,0.0,26.89,112.59999999999998,177.79,0.0,0.0
2019-12-03 23:00:56,115.42,0.0,31.795,114.39,220.54,0.0,0.0
2019-12-04 00:00:56,145.22,0.0,29.95,109.65000000000002,225.96,0.0,0.0
2019-12-04 01:00:56,121.61666666666667,0.0,27.685000000000002,105.415,208.43500000000003,0.0,0.0
2019-12-04 02:00:56,113.45333333333333,0.0,29.600000000000005,102.31,189.24,0.0,0.0
2019-12-04 03:00:56,106.79666666666667,0.0,25.5,99.605,180.07000000000002,0.0,0.0
2019-12-04 04:00:56,95.06666666666666,0.0,27.635,98.555,171.375,0.0,0.0
2019-12-04 05:00:56,104.50666666666666,0.0,40.785,98.605,166.655,0.0,0.0
2019-12-04 06:00:56,108.32333333333332,0.0,32.285,97.445,150.03,0.0,0.0
2019-12-04 07:00:56,82.80333333333334,0.0,24.365,95.065,125.90000000000002,0.0,0.0
2019-12-04 08:00:56,68.96333333333334,0.0,24.564999999999998,95.09499999999998,117.16000000000001,0.0,0.0
2019-12-04 09:00:56,68.21333333333334,0.0,24.554999999999996,99.58999999999999,132.17,0.0,0.0
2019-12-04 10:00:56,78.18,0.0,21.105,96.665,120.395,0.0,0.0
2019-12-04 11:00:56,71.15666666666668,0.0,21.76,93.58,106.33999999999999,0.0,0.0
2019-12-04 12:00:56,45.330000000000005,0.0,22.0,93.305,104.84499999999998,0.0,0.0
2019-12-04 13:00:56,36.099999999999994,0.0,20.13,93.365,103.855,0.0,0.0
2019-12-04 14:00:56,34.303333333333335,0.0,20.66,91.46499999999999,99.135,0.0,0.0
2019-12-04 15:00:56,23.74,0.0,19.525000000000002,88.33,93.295,0.0,0.0
2019-12-04 16:00:56,16.793333333333333,0.0,18.86,86.765,91.255,0.0,0.0
2019-12-04 17:00:56,28.48,0.0,18.73,84.74,88.495,0.0,0.0
2019-12-04 18:00:56,24.906666666666666,0.0,18.45,83.885,87.44,0.0,0.0
2019-12-04 19:00:56,34.25666666666667,0.0,19.0,82.985,86.23,0.0,0.0
2019-12-04 20:00:56,28.87,0.0,19.655,80.51,83.32,0.0,0.0
2019-12-04 21:00:56,19.406666666666666,0.0,18.385,77.395,79.365,0.0,0.0
2019-12-04 22:00:56,18.776666666666667,0.0,17.51,74.765,75.855,0.0,0.0
2019-12-04 23:00:56,20.903333333333332,0.0,17.044999999999998,71.42,71.835,0.0,0.0
2019-12-05 00:00:56,15.356666666666666,0.0,16.945,70.355,70.835,0.0,0.0
2019-12-05 01:00:56,10.273333333333333,0.0,17.765,68.47,68.52,0.0,0.0
2019-12-05 02:00:56,8.956666666666667,0.0,17.555,0.0,0.0,0.0,0.0
2019-12-05 03:00:56,7.643333333333333,0.0,17.385,0.0,0.0,0.0,0.0
2019-12-05 04:00:56,6.466666666666667,0.0,16.92,0.0,0.0,0.0,0.0
2019-12-05 05:00:56,5.6866666666666665,0.0,16.635,0.0,0.0,0.0,0.0
2019-12-05 06:00:56,5.023333333333333,0.0,17.015,60.24,61.275,0.0,0.0
2019-12-05 07:00:56,12.803333333333335,0.0,16.95,0.0,0.0,0.0,0.0
2019-12-05 08:00:56,9.176666666666666,0.0,17.16,62.75,62.875,0.0,0.0
2019-12-05 09:00:56,12.923333333333332,0.0,16.97,68.135,68.725,0.0,0.0
2019-12-05 10:00:56,18.433333333333334,0.0,17.775000000000002,69.775,70.135,0.0,0.0
2019-12-05 11:00:56,19.686666666666667,0.0,18.075,69.215,69.535,0.0,0.0
2019-12-05 12:00:56,21.276666666666667,0.0,11.515,71.845,72.61,0.0,0.0
2019-12-05 13:00:56,16.13,0.0,7.489999999999999,0.0,0.0,0.0,0.0
2019-12-05 14:00:56,12.91,0.0,17.700000000000003,78.27,80.205,0.0,0.0
2019-12-05 15:00:56,16.54,0.0,17.75,76.69,77.745,0.0,0.0
2019-12-05 16:00:56,13.773333333333333,0.0,17.395,74.925,75.4,0.0,0.0
2019-12-05 17:00:56,25.076666666666664,0.0,17.435,75.325,76.41,0.0,0.0
2019-12-05 18:00:56,22.113333333333333,0.0,18.595,88.085,100.645,0.0,0.0
2019-12-05 19:00:56,31.05666666666667,0.0,18.834999999999997,100.805,121.055,0.0,0.0
2019-12-05 20:00:56,30.75333333333333,0.0,19.925,100.31,112.27500000000002,0.0,0.0
2019-12-05 21:00:56,26.256666666666668,0.0,18.935,95.625,100.305,0.0,0.0
2019-12-05 22:00:56,21.266666666666666,0.0,18.91,90.745,93.0,0.0,0.0
2019-12-05 23:00:56,23.246666666666666,0.0,18.915,85.455,86.505,0.0,0.0
2019-12-06 00:00:56,30.666666666666668,0.0,18.295,77.905,77.92,0.0,0.0
2019-12-06 01:00:56,26.766666666666666,0.0,18.305,73.04,73.04,0.0,0.0
2019-12-06 02:00:56,24.066666666666663,0.0,17.275000000000002,0.0,0.0,0.0,0.0
2019-12-06 03:00:56,22.776666666666667,0.0,17.23,68.47,68.475,0.0,0.0
2019-12-06 04:00:56,22.87,0.0,17.44,0.0,0.0,0.0,0.0
2019-12-06 05:00:56,25.666666666666668,0.0,19.71,0.0,0.0,0.0,0.0
2019-12-06 06:00:56,25.52333333333333,0.0,21.025,0.0,0.0,0.0,0.0
2019-12-06 07:00:56,35.31,0.0,27.38,75.985,76.335,0.0,0.0
2019-12-06 08:00:56,52.74333333333333,0.0,41.419999999999995,87.3,95.74,0.0,0.0
2019-12-06 09:00:56,62.85666666666666,0.0,36.765,103.23,135.965,0.0,0.0
2019-12-06 10:00:56,64.63,0.0,33.605,113.105,159.935,0.0,0.0
2019-12-06 11:00:56,73.23,0.0,54.754999999999995,116.26,157.665,0.0,0.0
2019-12-06 12:00:56,93.69666666666667,0.0,48.160000000000004,113.90000000000002,142.38,0.0,0.0
2019-12-06 13:00:56,88.82333333333334,0.0,8.405,110.565,128.185,0.0,0.0
2019-12-06 14:00:56,81.91,0.0,38.235,106.03500000000001,114.54,0.0,0.0
2019-12-06 15:00:56,63.70666666666666,0.0,34.16,97.195,99.46499999999999,0.0,0.0
2019-12-06 16:00:56,58.20333333333333,0.0,35.25,88.58,89.185,0.0,0.0
2019-12-06 17:00:56,50.06333333333333,0.0,34.845,82.775,83.83,0.0,0.0
2019-12-06 18:00:56,48.81333333333333,0.0,32.97,85.53500000000001,88.635,0.0,0.0
2019-12-06 19:00:56,48.60666666666666,0.0,42.305,92.665,96.485,0.0,0.0
2019-12-06 20:00:56,62.046666666666674,0.0,36.16,90.71,92.455,0.0,0.0
2019-12-06 21:00:56,51.666666666666664,0.0,34.44,83.19,83.905,0.0,0.0
2019-12-06 22:00:56,43.18666666666667,0.0,30.125,80.57,80.75,0.0,0.0
2019-12-06 23:00:56,37.71,0.0,30.149999999999995,78.065,78.16,0.0,0.0
2019-12-07 00:00:56,45.266666666666666,0.0,30.33,0.0,0.0,0.0,0.0
2019-12-07 01:00:56,43.67,0.0,27.49,0.0,0.0,0.0,0.0
2019-12-07 02:00:56,22.563333333333333,0.0,22.919999999999998,0.0,0.0,0.0,0.0
2019-12-07 03:00:56,11.666666666666666,0.0,25.05,0.0,0.0,0.0,0.0
2019-12-07 04:00:56,14.406666666666666,0.0,22.115,0.0,0.0,0.0,0.0
2019-12-07 05:00:56,17.556666666666665,0.0,19.795,0.0,0.0,0.0,0.0
2019-12-07 06:00:56,15.76,0.0,19.59,0.0,0.0,0.0,0.0
2019-12-07 07:00:56,17.663333333333334,0.0,24.544999999999998,0.0,0.0,0.0,0.0
2019-12-07 08:00:56,22.793333333333333,0.0,22.179999999999996,0.0,0.0,0.0,0.0
2019-12-07 09:00:56,24.41,0.0,21.095,0.0,0.0,0.0,0.0
2019-12-07 10:00:56,23.333333333333332,0.0,22.735,0.0,0.0,0.0,0.0
2019-12-07 11:00:56,26.243333333333336,0.0,23.785,0.0,0.0,0.0,0.0
2019-12-07 12:00:56,27.61,0.0,26.290000000000003,0.0,0.0,0.0,0.0
2019-12-07 13:00:56,30.866666666666667,0.0,23.455000000000002,0.0,0.0,0.0,0.0
2019-12-07 14:00:56,30.92,0.0,26.570000000000004,0.0,0.0,0.0,0.0
2019-12-07 15:00:56,36.906666666666666,0.0,26.84,67.14,67.3,0.0,0.0
2019-12-07 16:00:56,31.14333333333333,0.0,25.724999999999998,69.755,69.89,0.0,0.0
2019-12-07 17:00:56,41.43666666666667,0.0,23.885,72.355,72.355,0.0,0.0
2019-12-07 18:00:56,38.233333333333334,0.0,24.395,74.47,74.535,0.0,0.0
2019-12-07 19:00:56,35.28666666666667,0.0,28.22,75.885,76.12,0.0,0.0
2019-12-07 20:00:56,39.84,0.0,27.855,0.0,0.0,0.0,0.0
2019-12-07 21:00:56,37.406666666666666,0.0,28.67,0.0,0.0,0.0,0.0
2019-12-07 22:00:56,44.09,0.0,28.745,0.0,0.0,0.0,0.0
2019-12-07 23:00:56,39.126666666666665,0.0,28.38,0.0,0.0,0.0,0.0
2019-12-08 00:00:56,31.383333333333333,0.0,26.629999999999995,0.0,0.0,0.0,0.0
2019-12-08 01:00:56,28.526666666666667,0.0,25.415000000000003,0.0,0.0,0.0,0.0
2019-12-08 02:00:56,29.35,0.0,24.399999999999995,0.0,0.0,0.0,0.0
2019-12-08 03:00:56,38.47333333333333,0.0,23.995,0.0,0.0,0.0,0.0
2019-12-08 04:00:56,36.29666666666666,0.0,22.535,0.0,0.0,0.0,0.0
2019-12-08 05:00:56,27.673333333333332,0.0,22.445000000000004,0.0,0.0,0.0,0.0
2019-12-08 06:00:56,20.763333333333332,0.0,22.86,0.0,0.0,0.0,0.0
2019-12-08 07:00:56,24.486666666666668,0.0,27.825,0.0,0.0,0.0,0.0
2019-12-08 08:00:56,40.74333333333333,0.0,26.755,0.0,0.0,0.0,0.0
2019-12-08 09:00:56,29.453333333333333,0.0,23.62,0.0,0.0,0.0,0.0
2019-12-08 10:00:56,21.47,0.0,23.735,66.72,66.72,0.0,0.0
2019-12-08 11:00:56,30.96,0.0,24.669999999999998,69.9,70.475,0.0,0.0
2019-12-08 12:00:56,37.15,0.0,23.649999999999995,78.185,80.51,0.0,0.0
2019-12-08 13:00:56,38.88666666666667,0.0,26.850000000000005,91.565,101.305,0.0,0.0
2019-12-08 14:00:56,37.67666666666667,0.0,27.169999999999998,92.29,97.03500000000001,0.0,0.0
2019-12-08 15:00:56,27.269999999999996,0.0,7.400000000000001,89.07,90.52,0.0,0.0
2019-12-08 16:00:56,27.77,0.0,7.185,83.29,83.575,0.0,0.0
2019-12-08 17:00:56,28.743333333333336,0.0,6.760000000000001,78.23,78.29,0.0,0.0
2019-12-08 18:00:56,38.57,0.0,6.695,77.875,77.88,0.0,0.0
2019-12-08 19:00:56,54.52,0.0,28.820000000000004,79.87,80.31,0.0,0.0
2019-12-08 20:00:56,55.946666666666665,0.0,31.689999999999998,82.975,88.46499999999999,0.0,0.0
2019-12-08 21:00:56,57.72,0.0,39.625,90.305,95.14,0.0,0.0
2019-12-08 22:00:56,57.309999999999995,0.0,37.115,93.25,101.03500000000001,0.0,0.0
2019-12-08 23:00:56,57.696666666666665,0.0,37.56,93.835,100.015,0.0,0.0
2019-12-09 00:00:56,61.66,0.0,33.695,93.625,97.71999999999998,0.0,0.0
2019-12-09 01:00:56,68.79666666666667,0.0,32.695,91.51,97.42,0.0,0.0
2019-12-09 02:00:56,61.68,0.0,32.86,88.14,91.89,0.0,0.0
2019-12-09 03:00:56,59.82666666666666,0.0,27.72,83.985,84.59,0.0,0.0
2019-12-09 04:00:56,62.92333333333333,0.0,23.100000000000005,80.395,81.355,0.0,0.0
2019-12-09 05:00:56,66.84,0.0,22.015,78.305,78.52,0.0,0.0
2019-12-09 06:00:56,63.11,0.0,20.205,76.61,76.725,0.0,0.0
2019-12-09 07:00:56,52.983333333333334,0.0,20.11,79.675,83.615,0.0,0.0
2019-12-09 08:00:56,61.21333333333334,0.0,21.865,87.19,97.53000000000002,0.0,0.0
2019-12-09 09:00:56,74.80666666666667,0.0,31.565,92.15500000000002,109.2,0.0,0.0
2019-12-09 10:00:56,97.29333333333334,0.0,37.715,97.685,125.145,0.0,0.0
2019-12-09 11:00:56,114.04,0.0,38.145,101.76,127.625,0.0,0.0
2019-12-09 12:00:56,99.38,0.0,33.14,102.115,121.735,0.0,0.0
2019-12-09 13:00:56,89.27,0.0,32.94,99.985,113.885,0.0,0.0
2019-12-09 14:00:56,94.55666666666667,0.0,36.065,98.76,111.125,0.0,0.0
2019-12-09 15:00:56,93.37,0.0,35.9,101.045,115.32,0.0,0.0
2019-12-09 16:00:56,90.41,0.0,33.03,103.585,117.685,0.0,0.0
2019-12-09 17:00:56,77.23666666666666,0.0,27.415000000000003,104.36,119.085,0.0,0.0
2019-12-09 18:00:56,67.92,0.0,23.680000000000003,109.04,134.21,0.0,0.0
2019-12-09 19:00:56,69.08666666666667,0.0,24.885,116.515,159.15,0.0,0.0
2019-12-09 20:00:56,51.900000000000006,0.0,24.465,116.23,158.64,0.0,0.0
2019-12-09 21:00:56,47.876666666666665,0.0,25.795,114.83999999999999,146.365,0.0,0.0
2019-12-09 22:00:56,62.43666666666667,0.0,27.39,115.455,151.065,0.0,0.0
2019-12-09 23:00:56,67.01666666666667,0.0,20.545,118.015,174.11,0.0,0.0
2019-12-10 00:00:56,70.46000000000001,0.0,17.915,116.72499999999998,186.855,0.0,0.0
2019-12-10 01:00:56,82.16,0.0,19.580000000000002,113.7,191.91,0.0,0.0
2019-12-10 02:00:56,92.89,0.0,20.315,110.45,183.80499999999998,0.0,0.0
2019-12-10 03:00:56,84.73666666666666,0.0,20.345,106.795,171.07000000000002,0.0,0.0
2019-12-10 04:00:56,71.41333333333333,0.0,27.345,105.835,163.94,0.0,0.0
2019-12-10 05:00:56,73.73333333333333,0.0,25.580000000000002,103.97499999999998,151.22,0.0,0.0
2019-12-10 06:00:56,64.18666666666667,0.0,29.26,100.26,133.62,0.0,0.0
2019-12-10 07:00:56,64.68666666666667,0.0,30.724999999999998,101.375,136.625,0.0,0.0
2019-12-10 08:00:56,76.09333333333333,0.0,42.879999999999995,103.435,147.63,0.0,0.0
2019-12-10 09:00:56,99.59,0.0,41.38,106.27500000000002,159.035,0.0,0.0
2019-12-10 10:00:56,107.0,0.0,45.585,110.105,186.785,0.0,0.0
2019-12-10 11:00:56,118.82666666666667,0.0,64.94,108.33999999999999,168.04,0.0,0.0
2019-12-10 12:00:56,111.63666666666666,0.0,54.26,105.62,136.295,0.0,0.0
2019-12-10 13:00:56,95.13999999999999,0.0,41.775,102.3,114.195,0.0,0.0
2019-12-10 14:00:56,71.61,0.0,36.09,95.53000000000002,97.435,0.0,0.0
2019-12-10 15:00:56,64.58333333333333,0.0,31.935000000000002,85.385,88.17,0.0,0.0
2019-12-10 16:00:56,53.58,0.0,29.23,82.315,82.52,0.0,0.0
2019-12-10 17:00:56,57.69,0.0,29.355,83.44,88.05,0.0,0.0
2019-12-10 18:00:56,58.733333333333334,0.0,30.205,98.415,115.21,0.0,0.0
2019-12-10 19:00:56,63.72666666666667,0.0,26.465000000000003,110.66000000000001,144.95,0.0,0.0
2019-12-10 20:00:56,94.99,0.0,44.205000000000005,119.53000000000002,178.875,0.0,0.0
2019-12-10 21:00:56,111.25333333333333,0.0,54.81999999999999,116.42,155.14,0.0,0.0
2019-12-10 22:00:56,85.32333333333332,0.0,39.935,109.15000000000002,124.515,0.0,0.0
2019-12-10 23:00:56,66.16333333333333,0.0,36.51,101.65000000000002,106.59999999999998,0.0,0.0
2019-12-11 00:00:56,56.83333333333333,0.0,33.885,95.255,98.15500000000002,0.0,0.0
2019-12-11 01:00:56,56.96,0.0,24.02,100.815,116.5,0.0,0.0
2019-12-11 02:00:56,61.763333333333335,0.0,19.1,104.28500000000001,120.96,0.0,0.0
2019-12-11 03:00:56,66.65,0.0,18.195,102.98,116.78000000000002,0.0,0.0
2019-12-11 04:00:56,76.72,0.0,18.635,101.82,116.515,0.0,0.0
2019-12-11 05:00:56,81.98666666666666,0.0,17.165000000000003,99.92,118.395,0.0,0.0
2019-12-11 06:00:56,76.97333333333333,0.0,19.205,97.86,119.675,0.0,0.0
2019-12-11 07:00:56,85.25666666666666,0.0,19.01,101.495,134.43,0.0,0.0
2019-12-11 08:00:56,96.76666666666668,0.0,19.92,108.08999999999999,175.245,0.0,0.0
2019-12-11 09:00:56,108.61666666666667,0.0,28.33,111.04,196.55000000000004,0.0,0.0
2019-12-11 10:00:56,141.90666666666667,0.0,43.22,114.8,209.44999999999996,0.0,0.0
2019-12-11 11:00:56,178.14666666666668,0.0,55.645,125.815,250.715,0.0,0.0
2019-12-11 12:00:56,219.86,0.0,62.1,132.105,269.69,0.0,0.0
2019-12-11 13:00:56,209.15,0.0,52.285,130.97,235.24,0.0,0.0
2019-12-11 14:00:56,162.74333333333334,0.0,61.74,130.815,202.07000000000002,0.0,0.0
2019-12-11 15:00:56,147.89,0.0,54.425000000000004,130.69,172.245,0.0,0.0
2019-12-11 16:00:56,125.31333333333333,0.0,49.5,126.90000000000002,148.285,0.0,0.0
2019-12-11 17:00:56,104.94666666666667,0.0,47.26500000000001,125.855,146.315,0.0,0.0
2019-12-11 18:00:56,114.11666666666667,0.0,40.42,128.195,168.97,0.0,0.0
2019-12-11 19:00:56,165.55666666666667,0.0,31.919999999999998,135.33,241.67,0.0,0.0
2019-12-11 20:00:56,209.7833333333333,0.0,35.62,137.63,296.41,0.0,0.0
2019-12-11 21:00:56,231.24,0.0,29.53,134.84,317.225,0.0,0.0
2019-12-11 22:00:56,222.53666666666666,0.0,24.67,134.89,348.7,0.0,0.0
2019-12-11 23:00:56,219.91666666666666,0.0,28.895,133.195,371.085,0.0,0.0
2019-12-12 00:00:56,232.77,0.0,32.435,130.805,382.35999999999996,0.0,0.0
2019-12-12 01:00:56,252.75666666666666,0.0,49.34,127.76,381.885,0.0,0.0
2019-12-12 02:00:56,259.38666666666666,0.0,37.595,121.59499999999998,328.655,0.0,0.0
2019-12-12 03:00:56,202.56333333333333,0.0,52.525,118.86,310.88,0.0,0.0
2019-12-12 04:00:56,184.32333333333332,0.0,35.725,116.90000000000002,289.625,0.0,0.0
2019-12-12 05:00:56,156.40666666666667,0.0,46.875,115.03000000000002,269.665,0.0,0.0
2019-12-12 06:00:56,151.16666666666666,0.0,61.01500000000001,110.01,224.255,0.0,0.0
2019-12-12 07:00:56,139.01666666666668,0.0,64.335,109.695,199.81499999999997,0.0,0.0
2019-12-12 08:00:56,152.74333333333334,0.0,56.574999999999996,109.585,193.345,0.0,0.0
2019-12-12 09:00:56,161.46666666666667,0.0,60.294999999999995,113.565,228.92,0.0,0.0
2019-12-12 10:00:56,197.79,0.0,75.10000000000001,120.235,277.95,0.0,0.0
2019-12-12 11:00:56,239.00333333333333,0.0,83.88499999999999,121.125,258.86,0.0,0.0
2019-12-12 12:00:56,253.26333333333332,0.0,89.355,126.89,246.615,0.0,0.0
2019-12-12 13:00:56,231.27666666666664,0.0,83.535,132.5,224.80499999999998,0.0,0.0
2019-12-12 14:00:56,195.96,0.0,63.98499999999999,130.67,189.915,0.0,0.0
2019-12-12 15:00:56,142.71,0.0,52.98,120.745,151.85,0.0,0.0
2019-12-12 16:00:56,95.42666666666666,0.0,51.38499999999999,116.59999999999998,132.585,0.0,0.0
2019-12-12 17:00:56,89.53666666666666,0.0,47.35999999999999,115.71499999999999,134.77,0.0,0.0
2019-12-12 18:00:56,82.97,0.0,39.449999999999996,118.12,147.92,0.0,0.0
2019-12-12 19:00:56,95.75666666666666,0.0,34.615,122.46499999999999,179.75,0.0,0.0
2019-12-12 20:00:56,128.99666666666667,0.0,43.135,126.235,221.645,0.0,0.0
2019-12-12 21:00:56,160.23666666666668,0.0,72.325,125.87,235.69999999999996,0.0,0.0
2019-12-12 22:00:56,165.71333333333334,0.0,91.02,124.945,249.725,0.0,0.0
2019-12-12 23:00:56,170.16,0.0,85.71,123.445,273.41,0.0,0.0
2019-12-13 00:00:56,173.84666666666666,0.0,87.21,121.315,269.795,0.0,0.0
2019-12-13 01:00:56,180.03333333333333,0.0,62.004999999999995,117.395,264.64,0.0,0.0
2019-12-13 02:00:56,159.42333333333332,0.0,48.975,114.15500000000002,251.105,0.0,0.0
2019-12-13 03:00:56,141.94,0.0,59.830000000000005,109.27,219.01,0.0,0.0
2019-12-13 04:00:56,150.83333333333331,0.0,40.115,106.135,199.865,0.0,0.0
2019-12-13 05:00:56,129.49666666666667,0.0,25.459999999999997,104.06,186.64,0.0,0.0
2019-12-13 06:00:56,102.8,0.0,23.77,102.78500000000001,161.81,0.0,0.0
2019-12-13 07:00:56,98.76333333333334,0.0,26.790000000000003,100.29,148.435,0.0,0.0
2019-12-13 08:00:56,110.57333333333334,0.0,25.105,101.96499999999999,162.735,0.0,0.0
2019-12-13 09:00:56,35.843333333333334,0.0,29.01,97.105,199.92,0.0,0.0
2019-12-13 10:00:56,41.59,0.0,8.58,0.0,0.0,0.0,0.0
2019-12-13 11:00:56,62.41666666666666,0.0,42.14,82.245,168.81,0.0,0.0
2019-12-13 12:00:56,75.73333333333333,0.0,42.405,88.445,149.38,0.0,0.0
2019-12-13 13:00:56,41.733333333333334,0.0,41.39000000000001,0.0,0.0,0.0,0.0
2019-12-13 14:00:56,40.233333333333334,0.0,39.55,0.0,0.0,0.0,0.0
2019-12-13 15:00:56,36.166666666666664,0.0,35.065,33.18,36.285,0.0,0.0
2019-12-13 16:00:56,26.31,0.0,33.79,41.55,46.855,0.0,0.0
2019-12-13 17:00:56,28.866666666666667,0.0,31.675,48.495,53.20000000000001,0.0,0.0
2019-12-13 18:00:56,41.05,0.0,46.905,59.645,73.8,0.0,0.0
2019-12-13 19:00:56,96.20333333333333,0.0,47.195,72.02,140.825,0.0,0.0
2019-12-13 20:00:56,136.76333333333332,0.0,37.875,77.51,204.48,0.0,0.0
2019-12-13 21:00:56,145.7,0.0,39.43,77.3,210.785,0.0,0.0
2019-12-13 22:00:56,147.53333333333333,0.0,36.125,77.11,224.115,0.0,0.0
2019-12-13 23:00:56,138.97333333333333,0.0,34.275,76.83,230.73,0.0,0.0
2019-12-14 00:00:56,145.4,0.0,75.78,73.525,215.76,0.0,0.0
2019-12-14 01:00:56,163.97333333333333,0.0,42.625,70.42,211.045,0.0,0.0
2019-12-14 02:00:56,124.76666666666667,0.0,39.04,65.04,148.68,0.0,0.0
2019-12-14 03:00:56,70.84666666666666,0.0,35.48,64.265,112.435,0.0,0.0
2019-12-14 04:00:56,31.373333333333335,0.0,29.655,62.669999999999995,91.81,0.0,0.0
2019-12-14 05:00:56,28.78,0.0,29.680000000000003,61.15,79.41,0.0,0.0
2019-12-14 06:00:56,14.893333333333334,0.0,27.185000000000002,59.835,71.575,0.0,0.0
2019-12-14 07:00:56,25.01,0.0,33.335,58.96,68.225,0.0,0.0
2019-12-14 08:00:56,23.036666666666665,0.0,34.805,61.49,72.995,0.0,0.0
2019-12-14 09:00:56,39.553333333333335,0.0,36.31,64.445,79.925,0.0,0.0
2019-12-14 10:00:56,41.29,0.0,35.3,63.75,76.535,0.0,0.0
2019-12-14 11:00:56,28.94333333333333,0.0,32.99,63.76500000000001,75.99,0.0,0.0
2019-12-14 12:00:56,35.13,0.0,36.23,64.765,77.785,0.0,0.0
2019-12-14 13:00:56,38.553333333333335,0.0,40.395,63.435,74.26,0.0,0.0
2019-12-14 14:00:56,30.703333333333333,0.0,41.15,62.81,70.755,0.0,0.0
2019-12-14 15:00:56,25.85333333333333,0.0,37.26,62.92499999999999,69.415,0.0,0.0
2019-12-14 16:00:56,24.31,0.0,33.41,62.475,68.735,0.0,0.0
2019-12-14 17:00:56,24.96666666666667,0.0,34.085,62.79,69.09,0.0,0.0
2019-12-14 18:00:56,29.586666666666666,0.0,41.120000000000005,68.235,84.975,0.0,0.0
2019-12-14 19:00:56,48.696666666666665,0.0,43.245000000000005,74.61,114.02500000000002,0.0,0.0
2019-12-14 20:00:56,57.19333333333333,0.0,41.92,77.91,135.725,0.0,0.0
2019-12-14 21:00:56,64.88,0.0,38.635,78.25,158.395,0.0,0.0
2019-12-14 22:00:56,72.26,0.0,35.35,76.515,164.715,0.0,0.0
2019-12-14 23:00:56,57.48333333333333,0.0,28.8,72.59,148.87,0.0,0.0
2019-12-15 00:00:56,53.13666666666666,0.0,24.865,73.725,151.685,0.0,0.0
2019-12-15 01:00:56,68.63666666666667,0.0,23.36,74.74,185.93999999999997,0.0,0.0
2019-12-15 02:00:56,75.30333333333333,0.0,21.709999999999997,72.875,209.94500000000002,0.0,0.0
2019-12-15 03:00:56,77.84666666666666,0.0,19.99,70.655,208.57000000000002,0.0,0.0
2019-12-15 04:00:56,70.13,0.0,19.455,69.0,188.895,0.0,0.0
2019-12-15 05:00:56,76.02666666666667,0.0,19.24,67.12,185.17999999999998,0.0,0.0
2019-12-15 06:00:56,74.38,0.0,17.905,65.78,181.915,0.0,0.0
2019-12-15 07:00:56,67.51,0.0,16.185000000000002,65.46,171.985,0.0,0.0
2019-12-15 08:00:56,59.096666666666664,0.0,14.725,66.77,177.23,0.0,0.0
2019-12-15 09:00:56,56.63333333333333,0.0,15.015,67.075,189.835,0.0,0.0
2019-12-15 10:00:56,72.28666666666666,0.0,30.115,71.59,215.17500000000004,0.0,0.0
2019-12-15 11:00:56,104.25666666666666,0.0,53.96,79.235,210.96,0.0,0.0
2019-12-15 12:00:56,133.16333333333333,0.0,52.525,80.985,174.645,0.0,0.0
2019-12-15 13:00:56,90.34,0.0,35.985,76.66,131.775,0.0,0.0
2019-12-15 14:00:56,47.55333333333333,0.0,32.629999999999995,73.95,104.21499999999999,0.0,0.0
2019-12-15 15:00:56,34.11,0.0,28.784999999999997,73.47,92.505,0.0,0.0
2019-12-15 16:00:56,25.563333333333333,0.0,24.895,71.1,84.855,0.0,0.0
2019-12-15 17:00:56,26.053333333333335,0.0,24.595,71.125,83.95,0.0,0.0
2019-12-15 18:00:56,49.79666666666666,0.0,29.659999999999997,73.575,96.135,0.0,0.0
2019-12-15 19:00:56,59.77,0.0,35.91,76.795,107.81,0.0,0.0
2019-12-15 20:00:56,53.46333333333333,0.0,37.93,80.045,127.325,0.0,0.0
2019-12-15 21:00:56,60.20666666666666,0.0,58.43,80.43,128.49,0.0,0.0
2019-12-15 22:00:56,59.86666666666667,0.0,43.46,80.38,132.755,0.0,0.0
2019-12-15 23:00:56,65.95,0.0,28.755,79.175,146.285,0.0,0.0
2019-12-16 00:00:56,71.91333333333334,0.0,22.995,77.565,151.56,0.0,0.0
2019-12-16 01:00:56,68.26666666666667,0.0,21.22,74.915,166.77,0.0,0.0
2019-12-16 02:00:56,81.75999999999999,0.0,27.024999999999995,71.385,160.815,0.0,0.0
2019-12-16 03:00:56,87.5,0.0,22.224999999999998,67.71,150.55,0.0,0.0
2019-12-16 04:00:56,67.34,0.0,19.495,63.465,125.42,0.0,0.0
2019-12-16 05:00:56,48.11,0.0,20.395,63.865,107.16000000000001,0.0,0.0
2019-12-16 06:00:56,52.656666666666666,0.0,21.63,65.165,103.92,0.0,0.0
2019-12-16 07:00:56,50.41,0.0,24.205000000000002,65.36,105.90000000000002,0.0,0.0
2019-12-16 08:00:56,82.16333333333333,0.0,24.445000000000004,68.44,131.91,0.0,0.0
2019-12-16 09:00:56,85.72333333333333,0.0,33.055,69.73,158.605,0.0,0.0
2019-12-16 10:00:56,116.55333333333333,0.0,40.735,70.13,173.395,0.0,0.0
2019-12-16 11:00:56,136.55333333333334,0.0,45.245000000000005,68.7,152.415,0.0,0.0
2019-12-16 12:00:56,104.42333333333333,0.0,41.565,69.61,133.79,0.0,0.0
2019-12-16 13:00:56,81.81333333333333,0.0,38.545,67.1,109.71999999999998,0.0,0.0
2019-12-16 14:00:56,46.06666666666666,0.0,30.765,67.13,92.765,0.0,0.0
2019-12-16 15:00:56,32.49333333333334,0.0,25.87,69.015,88.27,0.0,0.0
2019-12-16 16:00:56,27.166666666666668,0.0,24.26,68.5,83.15,0.0,0.0
2019-12-16 17:00:56,30.03333333333333,0.0,23.275000000000002,69.68,84.81,0.0,0.0
2019-12-16 18:00:56,34.67666666666667,0.0,26.41,72.94,89.69,0.0,0.0
2019-12-16 19:00:56,73.64666666666666,0.0,27.48,75.335,106.07,0.0,0.0
2019-12-16 20:00:56,78.06,0.0,31.08,76.96,123.265,0.0,0.0
2019-12-16 21:00:56,93.88,0.0,32.46,79.305,156.975,0.0,0.0
2019-12-16 22:00:56,92.25999999999999,0.0,24.080000000000002,77.71,178.985,0.0,0.0
2019-12-16 23:00:56,93.42666666666666,0.0,19.29,75.095,198.455,0.0,0.0
2019-12-17 00:00:56,101.61,0.0,18.91,72.22,209.44500000000002,0.0,0.0
2019-12-17 01:00:56,110.15,0.0,7.12,70.105,208.96,0.0,0.0
2019-12-17 02:00:56,110.87,0.0,16.78,68.465,201.14,0.0,0.0
2019-12-17 03:00:56,106.46000000000001,0.0,16.585,65.635,186.295,0.0,0.0
2019-12-17 04:00:56,98.31666666666666,0.0,16.01,64.605,169.815,0.0,0.0
2019-12-17 05:00:56,85.11666666666667,0.0,15.6,63.1,158.075,0.0,0.0
2019-12-17 06:00:56,73.89666666666668,0.0,14.86,62.419999999999995,149.115,0.0,0.0
2019-12-17 07:00:56,73.60333333333334,0.0,14.78,62.580000000000005,150.93,0.0,0.0
2019-12-17 08:00:56,72.32333333333334,0.0,14.81,66.94,177.365,0.0,0.0
2019-12-17 09:00:56,87.05333333333333,0.0,16.92,70.865,229.6,0.0,0.0
2019-12-17 10:00:56,130.73666666666668,0.0,28.965000000000003,77.76,255.37,0.0,0.0
2019-12-17 11:00:56,166.58999999999997,0.0,56.19,88.53000000000002,266.875,0.0,0.0
2019-12-17 12:00:56,226.79666666666668,0.0,70.145,84.945,209.42,0.0,0.0
2019-12-17 13:00:56,176.61333333333334,0.0,50.77,78.925,151.185,0.0,0.0
2019-12-17 14:00:56,113.15333333333332,0.0,38.385,75.235,116.055,0.0,0.0
2019-12-17 15:00:56,73.55333333333334,0.0,33.300000000000004,75.345,102.96499999999999,0.0,0.0
2019-12-17 16:00:56,65.84333333333333,0.0,28.695000000000004,75.22,95.96999999999998,0.0,0.0
2019-12-17 17:00:56,63.81333333333333,0.0,26.98,75.35,89.71499999999999,0.0,0.0
2019-12-17 18:00:56,70.90333333333334,0.0,30.115,80.79,115.83,0.0,0.0
2019-12-17 19:00:56,92.48666666666666,0.0,26.38,85.645,171.025,0.0,0.0
2019-12-17 20:00:56,125.26666666666665,0.0,28.115,85.865,203.82499999999996,0.0,0.0
2019-12-17 21:00:56,140.84,0.0,29.325000000000003,83.865,212.085,0.0,0.0
2019-12-17 22:00:56,128.35333333333335,0.0,27.150000000000002,81.665,200.765,0.0,0.0
2019-12-17 23:00:56,126.60333333333334,0.0,25.655,80.035,208.375,0.0,0.0
2019-12-18 00:00:56,129.21666666666667,0.0,22.0,79.37,250.57499999999996,0.0,0.0
2019-12-18 01:00:56,150.46,0.0,19.959999999999997,76.605,296.765,0.0,0.0
2019-12-18 02:00:56,163.25666666666666,0.0,21.3,74.0,308.555,0.0,0.0
2019-12-18 03:00:56,158.03666666666666,0.0,19.725,70.17,270.415,0.0,0.0
2019-12-18 04:00:56,133.96,0.0,18.95,68.265,240.67500000000004,0.0,0.0
2019-12-18 05:00:56,126.68,0.0,17.535,66.68,212.12,0.0,0.0
2019-12-18 06:00:56,116.88333333333333,0.0,16.735,66.445,200.72,0.0,0.0
2019-12-18 07:00:56,104.74666666666667,0.0,15.780000000000001,65.6,184.19999999999996,0.0,0.0
2019-12-18 08:00:56,112.99333333333334,0.0,16.015,69.655,221.495,0.0,0.0
2019-12-18 09:00:56,127.74333333333334,0.0,16.01,74.275,261.625,0.0,0.0
2019-12-18 10:00:56,139.49,0.0,24.730000000000004,78.16,273.24,0.0,0.0
2019-12-18 11:00:56,156.80333333333334,0.0,50.050000000000004,74.025,208.775,0.0,0.0
2019-12-18 12:00:56,152.31666666666666,0.0,44.745000000000005,73.1,161.745,0.0,0.0
2019-12-18 13:00:56,99.92666666666666,0.0,41.73,73.78,126.53500000000001,0.0,0.0
2019-12-18 14:00:56,80.66,0.0,33.93,75.49,106.945,0.0,0.0
2019-12-18 15:00:56,73.82666666666667,0.0,28.564999999999998,74.475,94.52500000000002,0.0,0.0
2019-12-18 16:00:56,60.49333333333334,0.0,27.850000000000005,73.635,86.89,0.0,0.0
2019-12-18 17:00:56,57.71666666666667,0.0,27.98,75.73,90.32,0.0,0.0
2019-12-18 18:00:56,66.65333333333334,0.0,34.015,79.095,97.73,0.0,0.0
2019-12-18 19:00:56,92.75,0.0,27.83,86.75,157.985,0.0,0.0
2019-12-18 20:00:56,102.73,0.0,24.005,87.65000000000002,191.785,0.0,0.0
2019-12-18 21:00:56,114.76333333333332,0.0,29.995000000000005,88.885,212.16,0.0,0.0
2019-12-18 22:00:56,142.40666666666667,0.0,30.340000000000003,87.29,220.34,0.0,0.0
2019-12-18 23:00:56,137.05666666666667,0.0,26.540000000000003,85.56,230.14,0.0,0.0
2019-12-19 00:00:56,126.82666666666667,0.0,23.92,83.415,226.905,0.0,0.0
2019-12-19 01:00:56,118.53333333333333,0.0,25.034999999999997,79.29,219.36,0.0,0.0
2019-12-19 02:00:56,116.14666666666666,0.0,18.8,75.62,195.205,0.0,0.0
2019-12-19 03:00:56,103.59333333333333,0.0,18.565,72.745,181.32000000000002,0.0,0.0
2019-12-19 04:00:56,98.32666666666667,0.0,17.400000000000002,70.5,154.275,0.0,0.0
2019-12-19 05:00:56,90.22,0.0,16.915,68.605,132.47,0.0,0.0
2019-12-19 06:00:56,81.87666666666667,0.0,16.42,68.075,125.26,0.0,0.0
2019-12-19 07:00:56,77.71333333333334,0.0,17.235,67.38,121.47499999999998,0.0,0.0
2019-12-19 08:00:56,83.96333333333334,0.0,16.305,70.73,149.26,0.0,0.0
2019-12-19 09:00:56,109.72333333333334,0.0,16.54,70.59,185.34,0.0,0.0
2019-12-19 10:00:56,141.53333333333333,0.0,33.795,73.51,202.205,0.0,0.0
2019-12-19 11:00:56,174.80333333333334,0.0,63.370000000000005,79.375,200.845,0.0,0.0
2019-12-19 12:00:56,194.34333333333333,0.0,58.685,84.885,180.365,0.0,0.0
2019-12-19 13:00:56,173.35666666666668,0.0,55.465,84.46,151.44,0.0,0.0
2019-12-19 14:00:56,143.63333333333333,0.0,54.77,84.73,128.085,0.0,0.0
2019-12-19 15:00:56,125.69333333333333,0.0,45.815,85.33999999999999,115.33999999999999,0.0,0.0
2019-12-19 16:00:56,102.25333333333333,0.0,42.585,90.795,122.505,0.0,0.0
2019-12-19 17:00:56,101.26666666666667,0.0,36.64,92.87,147.58,0.0,0.0
2019-12-19 18:00:56,102.99666666666667,0.0,32.875,97.42,236.905,0.0,0.0
2019-12-19 19:00:56,168.12333333333333,0.0,32.75,98.83999999999999,322.61,0.0,0.0
2019-12-19 20:00:56,195.28666666666666,0.0,27.895,94.74,322.57,0.0,0.0
2019-12-19 21:00:56,185.36,0.0,21.91,90.295,336.22,0.0,0.0
2019-12-19 22:00:56,189.58666666666664,0.0,23.215,86.635,337.95,0.0,0.0
2019-12-19 23:00:56,182.21666666666667,0.0,24.665000000000003,84.48,340.565,0.0,0.0
2019-12-20 00:00:56,186.03333333333333,0.0,26.715000000000003,82.16,331.235,0.0,0.0
2019-12-20 01:00:56,181.35333333333332,0.0,23.295,77.915,315.77,0.0,0.0
2019-12-20 02:00:56,169.55666666666667,0.0,22.38,74.87,284.34,0.0,0.0
2019-12-20 03:00:56,158.80666666666667,0.0,20.09,71.185,241.24,0.0,0.0
2019-12-20 04:00:56,141.20999999999998,0.0,22.185000000000002,70.165,230.48,0.0,0.0
2019-12-20 05:00:56,141.60333333333332,0.0,20.349999999999998,68.34,195.13,0.0,0.0
2019-12-20 06:00:56,109.12666666666667,0.0,18.32,67.535,184.19500000000002,0.0,0.0
2019-12-20 07:00:56,104.93666666666667,0.0,18.075,68.83,192.29,0.0,0.0
2019-12-20 08:00:56,111.99666666666667,0.0,17.625,74.19,235.495,0.0,0.0
2019-12-20 09:00:56,135.91,0.0,20.505,81.01,302.42,0.0,0.0
2019-12-20 10:00:56,166.30666666666667,0.0,51.96,85.90500000000002,315.145,0.0,0.0
2019-12-20 11:00:56,225.68666666666667,0.0,91.73500000000001,92.51,276.965,0.0,0.0
2019-12-20 12:00:56,206.38,0.0,80.745,91.245,213.495,0.0,0.0
2019-12-20 13:00:56,189.81333333333333,0.0,78.04,96.545,177.97,0.0,0.0
2019-12-20 14:00:56,193.46666666666667,0.0,77.05,97.145,151.345,0.0,0.0
2019-12-20 15:00:56,165.21333333333334,0.0,56.685,93.06,126.75,0.0,0.0
2019-12-20 16:00:56,120.28333333333333,0.0,44.715,90.915,116.395,0.0,0.0
2019-12-20 17:00:56,93.91,0.0,39.975,93.90000000000002,127.315,0.0,0.0
2019-12-20 18:00:56,112.13333333333333,0.0,49.155,100.18,210.51,0.0,0.0
2019-12-20 19:00:56,180.23333333333335,0.0,41.605,99.14,267.38,0.0,0.0
2019-12-20 20:00:56,199.20666666666668,0.0,33.515,97.59499999999998,294.075,0.0,0.0
2019-12-20 21:00:56,184.03,0.0,11.479999999999999,96.36,316.31,0.0,0.0
2019-12-20 22:00:56,208.12666666666667,0.0,10.719999999999999,91.52500000000002,303.57,0.0,0.0
2019-12-20 23:00:56,189.25666666666666,0.0,9.84,85.615,279.735,0.0,0.0
2019-12-21 00:00:56,180.80333333333334,0.0,10.055,82.935,272.305,0.0,0.0
2019-12-21 01:00:56,170.53333333333333,0.0,9.415,78.46,248.545,0.0,0.0
2019-12-21 02:00:56,170.94333333333333,0.0,9.66,77.15,244.41,0.0,0.0
2019-12-21 03:00:56,144.92666666666668,0.0,8.545,76.03,227.64,0.0,0.0
2019-12-21 04:00:56,122.60666666666667,0.0,8.295,75.555,200.54,0.0,0.0
2019-12-21 05:00:56,109.07333333333334,0.0,7.330000000000001,73.31,189.405,0.0,0.0
2019-12-21 06:00:56,101.69666666666667,0.0,7.344999999999999,71.76,181.80000000000004,0.0,0.0
2019-12-21 07:00:56,93.46000000000001,0.0,7.32,72.2,180.105,0.0,0.0
2019-12-21 08:00:56,106.09666666666668,0.0,7.169999999999999,74.255,185.655,0.0,0.0
2019-12-21 09:00:56,119.26666666666667,0.0,7.445,77.76,220.29,0.0,0.0
2019-12-21 10:00:56,136.46666666666667,0.0,8.87,82.765,245.15,0.0,0.0
2019-12-21 11:00:56,188.59333333333333,0.0,13.36,87.265,239.06499999999997,0.0,0.0
2019-12-21 12:00:56,214.49666666666667,0.0,13.945,92.51,220.53,0.0,0.0
2019-12-21 13:00:56,178.20333333333335,0.0,10.135,87.295,163.75,0.0,0.0
2019-12-21 14:00:56,128.29666666666668,0.0,9.005,86.18,134.67,0.0,0.0
2019-12-21 15:00:56,101.00333333333333,0.0,8.69,83.66,115.94,0.0,0.0
2019-12-21 16:00:56,75.57000000000001,0.0,29.92,83.195,103.84499999999998,0.0,0.0
2019-12-21 17:00:56,66.62666666666667,0.0,28.755,85.67,116.98,0.0,0.0
2019-12-21 18:00:56,71.79333333333334,0.0,50.17499999999999,88.015,130.155,0.0,0.0
2019-12-21 19:00:56,93.33333333333333,0.0,56.585,86.86,132.49,0.0,0.0
2019-12-21 20:00:56,90.05666666666667,0.0,51.254999999999995,86.46999999999998,132.53,0.0,0.0
2019-12-21 21:00:56,82.94333333333333,0.0,49.135,84.635,130.135,0.0,0.0
2019-12-21 22:00:56,84.33333333333333,0.0,75.275,84.8,140.545,0.0,0.0
2019-12-21 23:00:56,112.49,0.0,78.19,84.76,155.165,0.0,0.0
2019-12-22 00:00:56,117.66,0.0,80.105,81.825,157.265,0.0,0.0
2019-12-22 01:00:56,108.70666666666666,0.0,86.005,80.675,176.56000000000003,0.0,0.0
2019-12-22 02:00:56,126.91,0.0,72.96,77.73,167.185,0.0,0.0
2019-12-22 03:00:56,100.3,0.0,56.94499999999999,76.53,153.11,0.0,0.0
2019-12-22 04:00:56,98.77333333333333,0.0,48.975,76.705,151.105,0.0,0.0
2019-12-22 05:00:56,94.86,0.0,64.59,75.82,151.755,0.0,0.0
2019-12-22 06:00:56,102.57,0.0,51.57,74.885,147.99,0.0,0.0
2019-12-22 07:00:56,96.75333333333333,0.0,41.78,73.18,142.515,0.0,0.0
2019-12-22 08:00:56,93.17,0.0,42.24,75.065,151.68,0.0,0.0
2019-12-22 09:00:56,109.14666666666668,0.0,46.04,76.835,169.495,0.0,0.0
2019-12-22 10:00:56,122.55,0.0,52.615,81.395,212.765,0.0,0.0
2019-12-22 11:00:56,124.14333333333333,0.0,56.49,80.835,190.645,0.0,0.0
2019-12-22 12:00:56,107.47,0.0,44.98499999999999,82.02,170.14,0.0,0.0
2019-12-22 13:00:56,100.63,0.0,69.955,81.915,149.43,0.0,0.0
2019-12-22 14:00:56,118.28,0.0,66.655,82.08,145.32,0.0,0.0
2019-12-22 15:00:56,95.94333333333333,0.0,49.79,78.69,119.37,0.0,0.0
2019-12-22 16:00:56,67.49333333333334,0.0,50.195,78.44,104.055,0.0,0.0
2019-12-22 17:00:56,57.99,0.0,52.23,77.78,94.555,0.0,0.0
2019-12-22 18:00:56,62.56,0.0,52.830000000000005,82.075,105.40000000000002,0.0,0.0
2019-12-22 19:00:56,66.08333333333333,0.0,57.885,83.975,111.53500000000001,0.0,0.0
2019-12-22 20:00:56,78.17,0.0,45.0,85.755,134.015,0.0,0.0
2019-12-22 21:00:56,74.87,0.0,48.895,85.445,149.265,0.0,0.0
2019-12-22 22:00:56,91.15333333333334,0.0,51.705000000000005,84.54,141.945,0.0,0.0
2019-12-22 23:00:56,104.98333333333332,0.0,39.375,85.615,157.015,0.0,0.0
2019-12-23 00:00:56,94.86,0.0,31.125,87.625,199.65,0.0,0.0
2019-12-23 01:00:56,107.31333333333333,0.0,34.785,84.465,197.02,0.0,0.0
2019-12-23 02:00:56,102.42666666666666,0.0,30.14,81.44,175.57000000000002,0.0,0.0
2019-12-23 03:00:56,90.58,0.0,27.475000000000005,80.55,169.785,0.0,0.0
2019-12-23 04:00:56,85.19333333333333,0.0,26.675,78.39,154.37,0.0,0.0
2019-12-23 05:00:56,75.25666666666667,0.0,34.535,77.19,151.57,0.0,0.0
2019-12-23 06:00:56,95.66,0.0,31.345,76.535,141.565,0.0,0.0
2019-12-23 07:00:56,76.74333333333333,0.0,33.6,76.505,140.435,0.0,0.0
2019-12-23 08:00:56,94.21666666666665,0.0,36.85,77.835,147.97,0.0,0.0
2019-12-23 09:00:56,109.09666666666666,0.0,39.5,81.055,181.68500000000003,0.0,0.0
2019-12-23 10:00:56,137.11,0.0,54.214999999999996,80.195,183.29,0.0,0.0
2019-12-23 11:00:56,146.77666666666667,0.0,55.845,77.245,132.575,0.0,0.0
2019-12-23 12:00:56,85.21666666666667,0.0,46.56,75.115,102.085,0.0,0.0
2019-12-23 13:00:56,68.38666666666667,0.0,45.215,74.44,87.90500000000002,0.0,0.0
2019-12-23 14:00:56,59.653333333333336,0.0,33.175000000000004,70.59,75.735,0.0,0.0
2019-12-23 15:00:56,64.28333333333333,0.0,26.340000000000003,63.745,65.28,0.0,0.0
2019-12-23 16:00:56,61.373333333333335,0.0,24.320000000000004,60.59,61.73,0.0,0.0
2019-12-23 17:00:56,61.15,0.0,26.755,60.24,61.22,0.0,0.0
2019-12-23 18:00:56,61.953333333333326,0.0,33.86,61.46,62.15,0.0,0.0
2019-12-23 19:00:56,77.83666666666667,0.0,31.825,66.38,69.605,0.0,0.0
2019-12-23 20:00:56,72.91333333333333,0.0,37.4,66.965,69.885,0.0,0.0
2019-12-23 21:00:56,77.19333333333333,0.0,38.53,65.34,66.93,0.0,0.0
2019-12-23 22:00:56,70.7,0.0,32.83,61.52,61.565,0.0,0.0
2019-12-23 23:00:56,60.11666666666667,0.0,30.705,57.73,57.73,0.0,0.0
2019-12-24 00:00:56,56.016666666666666,0.0,27.459999999999997,0.0,0.0,0.0,0.0
2019-12-24 01:00:56,50.85,0.0,28.790000000000003,58.544999999999995,58.725,0.0,0.0
2019-12-24 02:00:56,43.63333333333333,0.0,27.985000000000003,58.34,58.355,0.0,0.0
2019-12-24 03:00:56,33.64,0.0,26.39,0.0,0.0,0.0,0.0
2019-12-24 04:00:56,31.513333333333335,0.0,25.385,0.0,0.0,0.0,0.0
2019-12-24 05:00:56,28.55666666666667,0.0,24.115,57.72,58.1,0.0,0.0
2019-12-24 06:00:56,30.85333333333333,0.0,23.534999999999997,61.0,62.31,0.0,0.0
2019-12-24 07:00:56,25.146666666666665,0.0,24.69,67.085,71.39,0.0,0.0
2019-12-24 08:00:56,30.906666666666666,0.0,20.6,68.585,73.42,0.0,0.0
2019-12-24 09:00:56,29.89333333333333,0.0,18.875,74.475,89.895,0.0,0.0
2019-12-24 10:00:56,22.62,0.0,25.845,75.86,95.58999999999999,0.0,0.0
2019-12-24 11:00:56,28.16,0.0,22.27,73.46,85.875,0.0,0.0
2019-12-24 12:00:56,25.513333333333332,0.0,23.150000000000002,71.255,78.19,0.0,0.0
2019-12-24 13:00:56,25.033333333333335,0.0,21.685000000000002,70.36,75.495,0.0,0.0
2019-12-24 14:00:56,24.076666666666668,0.0,25.405,65.99,68.6,0.0,0.0
2019-12-24 15:00:56,16.25,0.0,26.03,61.0,62.15,0.0,0.0
2019-12-24 16:00:56,15.106666666666667,0.0,21.554999999999996,67.125,75.345,0.0,0.0
2019-12-24 17:00:56,18.946666666666665,0.0,21.115,71.965,89.045,0.0,0.0
2019-12-24 18:00:56,19.009999999999998,0.0,20.99,75.645,102.945,0.0,0.0
2019-12-24 19:00:56,24.19333333333333,0.0,20.615,82.17,145.57,0.0,0.0
2019-12-24 20:00:56,23.536666666666665,0.0,22.679999999999996,81.065,143.785,0.0,0.0
2019-12-24 21:00:56,25.093333333333334,0.0,19.83,76.885,120.28000000000002,0.0,0.0
2019-12-24 22:00:56,18.93,0.0,19.78,74.545,103.71,0.0,0.0
2019-12-24 23:00:56,22.553333333333335,0.0,18.525000000000002,74.41,97.15500000000002,0.0,0.0
2019-12-25 00:00:56,22.063333333333333,0.0,17.86,72.32,91.15000000000002,0.0,0.0
2019-12-25 01:00:56,17.196666666666665,0.0,16.285,70.505,88.125,0.0,0.0
2019-12-25 02:00:56,15.2,0.0,15.354999999999999,69.02,80.555,0.0,0.0
2019-12-25 03:00:56,12.063333333333333,0.0,14.839999999999998,66.82,75.835,0.0,0.0
2019-12-25 04:00:56,8.196666666666667,0.0,14.165,66.12,73.54,0.0,0.0
2019-12-25 05:00:56,7.550000000000001,0.0,13.82,66.7,75.76,0.0,0.0
2019-12-25 06:00:56,13.696666666666667,0.0,14.38,67.265,79.91,0.0,0.0
2019-12-25 07:00:56,14.783333333333331,0.0,16.98,66.565,77.825,0.0,0.0
2019-12-25 08:00:56,17.356666666666666,0.0,17.045,71.585,86.325,0.0,0.0
2019-12-25 09:00:56,22.21,0.0,17.845,74.835,101.985,0.0,0.0
2019-12-25 10:00:56,21.546666666666667,0.0,20.285,75.3,99.885,0.0,0.0
2019-12-25 11:00:56,26.52,0.0,19.465,76.355,101.17,0.0,0.0
2019-12-25 12:00:56,30.049999999999997,0.0,18.655,78.16,115.605,0.0,0.0
2019-12-25 13:00:56,30.636666666666667,0.0,19.295,75.475,114.545,0.0,0.0
2019-12-25 14:00:56,18.509999999999998,0.0,19.349999999999998,73.865,101.485,0.0,0.0
2019-12-25 15:00:56,15.953333333333333,0.0,20.92,73.03,93.46499999999999,0.0,0.0
2019-12-25 16:00:56,17.326666666666664,0.0,18.26,76.64,103.915,0.0,0.0
2019-12-25 17:00:56,25.796666666666667,0.0,16.235,76.46,105.115,0.0,0.0
2019-12-25 18:00:56,24.15,0.0,16.445,79.865,120.07,0.0,0.0
2019-12-25 19:00:56,37.766666666666666,0.0,17.275000000000002,80.75,131.205,0.0,0.0
2019-12-25 20:00:56,50.49,0.0,17.125,81.245,153.465,0.0,0.0
2019-12-25 21:00:56,53.63666666666666,0.0,19.615,79.06,149.235,0.0,0.0
2019-12-25 22:00:56,45.593333333333334,0.0,19.575,76.07,138.8,0.0,0.0
2019-12-25 23:00:56,33.01,0.0,18.505,75.795,126.7,0.0,0.0
2019-12-26 00:00:56,21.043333333333333,0.0,18.5,73.63,112.96499999999999,0.0,0.0
2019-12-26 01:00:56,20.63,0.0,17.935,71.655,98.05,0.0,0.0
2019-12-26 02:00:56,22.38,0.0,21.14,71.445,94.24,0.0,0.0
2019-12-26 03:00:56,19.796666666666667,0.0,18.77,68.18,89.08999999999999,0.0,0.0
2019-12-26 04:00:56,16.613333333333333,0.0,15.82,65.965,87.72499999999998,0.0,0.0
2019-12-26 05:00:56,19.793333333333333,0.0,14.780000000000001,64.295,90.38,0.0,0.0
2019-12-26 06:00:56,19.763333333333332,0.0,14.235,62.85999999999999,95.83,0.0,0.0
2019-12-26 07:00:56,17.59,0.0,13.950000000000001,65.44,109.175,0.0,0.0
2019-12-26 08:00:56,30.44333333333333,0.0,14.12,67.245,139.635,0.0,0.0
2019-12-26 09:00:56,37.45666666666666,0.0,16.47,71.495,191.57000000000002,0.0,0.0
2019-12-26 10:00:56,61.75666666666666,0.0,19.22,71.53,205.86,0.0,0.0
2019-12-26 11:00:56,77.49666666666667,0.0,19.855,72.81,203.34,0.0,0.0
2019-12-26 12:00:56,74.05,0.0,28.12,73.965,184.56000000000003,0.0,0.0
2019-12-26 13:00:56,100.05666666666666,0.0,23.125,74.775,167.84,0.0,0.0
2019-12-26 14:00:56,118.27,0.0,22.584999999999997,75.01,159.315,0.0,0.0
2019-12-26 15:00:56,102.75,0.0,17.439999999999998,72.735,147.945,0.0,0.0
2019-12-26 16:00:56,64.59333333333333,0.0,15.435,73.39,166.54,0.0,0.0
2019-12-26 17:00:56,55.876666666666665,0.0,15.06,74.405,164.885,0.0,0.0
2019-12-26 18:00:56,57.766666666666666,0.0,19.57,74.115,148.085,0.0,0.0
2019-12-26 19:00:56,77.94,0.0,20.125,73.185,140.015,0.0,0.0
2019-12-26 20:00:56,67.16,0.0,17.155,72.605,138.835,0.0,0.0
2019-12-26 21:00:56,51.33,0.0,15.229999999999999,71.69,136.515,0.0,0.0
2019-12-26 22:00:56,39.406666666666666,0.0,17.835,70.07,118.835,0.0,0.0
2019-12-26 23:00:56,47.56333333333333,0.0,16.53,68.06,106.48,0.0,0.0
2019-12-27 00:00:56,36.88333333333333,0.0,18.795,67.24,99.365,0.0,0.0
2019-12-27 01:00:56,33.54666666666667,0.0,16.38,64.475,90.945,0.0,0.0
2019-12-27 02:00:56,25.843333333333334,0.0,15.329999999999998,62.04999999999999,84.74,0.0,0.0
2019-12-27 03:00:56,15.363333333333333,0.0,14.54,60.81,80.315,0.0,0.0
2019-12-27 04:00:56,11.546666666666667,0.0,14.1,59.555,77.85,0.0,0.0
2019-12-27 05:00:56,9.993333333333334,0.0,13.549999999999999,58.775,77.365,0.0,0.0
2019-12-27 06:00:56,9.083333333333334,0.0,13.435,58.4,76.59,0.0,0.0
2019-12-27 07:00:56,11.383333333333333,0.0,13.75,59.830000000000005,79.92,0.0,0.0
2019-12-27 08:00:56,18.776666666666667,0.0,13.795,64.455,103.59499999999998,0.0,0.0
2019-12-27 09:00:56,23.973333333333333,0.0,15.145000000000001,68.315,127.175,0.0,0.0
2019-12-27 10:00:56,37.20666666666666,0.0,17.165,67.795,127.185,0.0,0.0
2019-12-27 11:00:56,42.05,0.0,23.53,67.845,121.955,0.0,0.0
2019-12-27 12:00:56,72.31,0.0,24.47,65.29,110.71499999999999,0.0,0.0
2019-12-27 13:00:56,59.846666666666664,0.0,8.085,64.1,98.27,0.0,0.0
2019-12-27 14:00:56,34.7,0.0,23.909999999999997,63.42499999999999,88.17,0.0,0.0
2019-12-27 15:00:56,24.94333333333333,0.0,19.67,65.28,84.95,0.0,0.0
2019-12-27 16:00:56,21.24,0.0,16.46,66.62,91.31,0.0,0.0
2019-12-27 17:00:56,25.126666666666665,0.0,15.545,69.135,106.425,0.0,0.0
2019-12-27 18:00:56,29.273333333333333,0.0,14.964999999999998,70.92,111.77500000000002,0.0,0.0
2019-12-27 19:00:56,29.003333333333334,0.0,16.41,72.95,126.46999999999998,0.0,0.0
2019-12-27 20:00:56,31.453333333333333,0.0,18.03,74.07,137.37,0.0,0.0
2019-12-27 21:00:56,35.36,0.0,17.58,73.18,130.505,0.0,0.0
2019-12-27 22:00:56,30.796666666666667,0.0,15.485,69.895,117.37,0.0,0.0
2019-12-27 23:00:56,24.846666666666664,0.0,17.084999999999997,71.37,118.03500000000001,0.0,0.0
2019-12-28 00:00:56,35.28,0.0,27.2,71.905,121.015,0.0,0.0
2019-12-28 01:00:56,43.803333333333335,0.0,20.28,69.13,113.515,0.0,0.0
2019-12-28 02:00:56,36.873333333333335,0.0,16.855,63.845,98.46499999999999,0.0,0.0
2019-12-28 03:00:56,24.496666666666666,0.0,17.92,63.285,91.59999999999998,0.0,0.0
2019-12-28 04:00:56,26.046666666666667,0.0,16.065,62.32,86.26,0.0,0.0
2019-12-28 05:00:56,22.903333333333336,0.0,14.315,61.26,82.98,0.0,0.0
2019-12-28 06:00:56,19.526666666666667,0.0,13.655,61.0,82.555,0.0,0.0
2019-12-28 07:00:56,23.55,0.0,13.205,60.97,82.74,0.0,0.0
2019-12-28 08:00:56,19.45,0.0,12.924999999999999,63.4,90.74,0.0,0.0
2019-12-28 09:00:56,21.676666666666666,0.0,12.895000000000001,67.205,124.195,0.0,0.0
2019-12-28 10:00:56,25.803333333333335,0.0,13.775,66.615,124.21499999999999,0.0,0.0
2019-12-28 11:00:56,24.656666666666666,0.0,13.49,67.765,126.925,0.0,0.0
2019-12-28 12:00:56,28.023333333333333,0.0,14.299999999999999,66.605,111.79,0.0,0.0
2019-12-28 13:00:56,26.553333333333335,0.0,16.92,68.665,107.02,0.0,0.0
2019-12-28 14:00:56,19.303333333333335,0.0,17.615,71.195,107.75,0.0,0.0
2019-12-28 15:00:56,21.433333333333334,0.0,15.74,71.945,106.96,0.0,0.0
2019-12-28 16:00:56,22.5,0.0,15.26,72.42,115.205,0.0,0.0
2019-12-28 17:00:56,18.92,0.0,14.969999999999999,72.98,125.43,0.0,0.0
2019-12-28 18:00:56,25.03333333333333,0.0,13.685,74.31,140.795,0.0,0.0
2019-12-28 19:00:56,17.64,0.0,5.785,73.41,127.61,0.0,0.0
2019-12-28 20:00:56,21.706666666666667,0.0,5.815,72.185,114.14,0.0,0.0
2019-12-28 21:00:56,16.826666666666668,0.0,5.724999999999999,69.665,104.96999999999998,0.0,0.0
2019-12-28 22:00:56,12.883333333333333,0.0,5.73,70.045,115.575,0.0,0.0
2019-12-28 23:00:56,19.026666666666667,0.0,5.75,70.58,128.33,0.0,0.0
2019-12-29 00:00:56,20.876666666666665,0.0,5.765000000000001,70.885,125.32,0.0,0.0
2019-12-29 01:00:56,28.98333333333333,0.0,5.815,68.48,113.40000000000002,0.0,0.0
2019-12-29 02:00:56,27.776666666666667,0.0,6.055,66.505,111.28500000000001,0.0,0.0
2019-12-29 03:00:56,35.026666666666664,0.0,6.0,64.145,100.83,0.0,0.0
2019-12-29 04:00:56,29.313333333333333,0.0,6.02,61.12,91.34499999999998,0.0,0.0
2019-12-29 05:00:56,23.46666666666667,0.0,5.969999999999999,59.335,84.58,0.0,0.0
2019-12-29 06:00:56,20.163333333333334,0.0,6.210000000000001,58.935,82.285,0.0,0.0
2019-12-29 07:00:56,21.476666666666667,0.0,6.275000000000001,58.455000000000005,81.015,0.0,0.0
2019-12-29 08:00:56,23.456666666666667,0.0,6.145,59.25,83.215,0.0,0.0
2019-12-29 09:00:56,25.583333333333332,0.0,6.224999999999999,59.16,83.055,0.0,0.0
2019-12-29 10:00:56,27.373333333333335,0.0,6.755,59.875,90.625,0.0,0.0
2019-12-29 11:00:56,24.293333333333337,0.0,7.13,61.12,97.575,0.0,0.0
2019-12-29 12:00:56,25.80333333333333,0.0,7.395,63.275,100.7,0.0,0.0
2019-12-29 13:00:56,28.816666666666663,0.0,6.974999999999999,63.830000000000005,95.445,0.0,0.0
2019-12-29 14:00:56,26.99666666666667,0.0,6.830000000000001,65.18,99.59999999999998,0.0,0.0
2019-12-29 15:00:56,25.126666666666665,0.0,6.945,66.275,105.5,0.0,0.0
2019-12-29 16:00:56,23.42,0.0,6.544999999999999,66.78,109.02,0.0,0.0
2019-12-29 17:00:56,23.836666666666666,0.0,6.285,67.365,108.46999999999998,0.0,0.0
2019-12-29 18:00:56,25.83666666666667,0.0,6.080000000000001,68.17,111.49,0.0,0.0
2019-12-29 19:00:56,23.593333333333334,0.0,6.155000000000001,68.45,114.755,0.0,0.0
2019-12-29 20:00:56,29.62333333333333,0.0,6.245,68.475,129.165,0.0,0.0
2019-12-29 21:00:56,28.206666666666667,0.0,6.419999999999999,69.385,137.715,0.0,0.0
2019-12-29 22:00:56,23.66333333333333,0.0,6.349999999999999,68.395,137.05,0.0,0.0
2019-12-29 23:00:56,25.686666666666667,0.0,6.8,67.4,128.525,0.0,0.0
2019-12-30 00:00:56,25.626666666666665,0.0,6.864999999999999,64.905,120.54,0.0,0.0
2019-12-30 01:00:56,13.876666666666665,0.0,6.984999999999999,62.38,106.78500000000001,0.0,0.0
2019-12-30 02:00:56,9.59,0.0,7.0,58.95000000000001,88.635,0.0,0.0
2019-12-30 03:00:56,12.653333333333332,0.0,6.705000000000001,57.95000000000001,81.195,0.0,0.0
2019-12-30 04:00:56,9.4,0.0,6.734999999999999,57.135,74.965,0.0,0.0
2019-12-30 05:00:56,6.973333333333333,0.0,6.68,55.875,69.495,0.0,0.0
2019-12-30 06:00:56,11.126666666666665,0.0,6.484999999999999,55.405,66.3,0.0,0.0
2019-12-30 07:00:56,6.289999999999999,0.0,6.48,56.04999999999999,68.28,0.0,0.0
2019-12-30 08:00:56,4.226666666666667,0.0,6.719999999999999,58.01,73.415,0.0,0.0
2019-12-30 09:00:56,7.493333333333333,0.0,15.57,59.10999999999999,76.98,0.0,0.0
2019-12-30 10:00:56,10.406666666666666,0.0,14.780000000000001,58.07,72.59,0.0,0.0
2019-12-30 11:00:56,13.23,0.0,14.78,57.615,69.665,0.0,0.0
2019-12-30 12:00:56,8.573333333333332,0.0,15.29,57.71,70.375,0.0,0.0
2019-12-30 13:00:56,6.65,0.0,15.265,57.275,69.75,0.0,0.0
2019-12-30 14:00:56,8.776666666666667,0.0,14.995,56.34,68.215,0.0,0.0
2019-12-30 15:00:56,9.053333333333333,0.0,15.37,53.935,63.419999999999995,0.0,0.0
2019-12-30 16:00:56,12.353333333333332,0.0,15.555,59.37,77.18,0.0,0.0
2019-12-30 17:00:56,6.666666666666666,0.0,16.564999999999998,62.5,84.13,0.0,0.0
2019-12-30 18:00:56,5.9,0.0,17.355,64.795,91.56,0.0,0.0
2019-12-30 19:00:56,6.826666666666666,0.0,17.424999999999997,66.41,100.805,0.0,0.0
2019-12-30 20:00:56,12.413333333333334,0.0,17.445,66.305,95.105,0.0,0.0
2019-12-30 21:00:56,13.716666666666667,0.0,18.405,65.82,91.84499999999998,0.0,0.0
2019-12-30 22:00:56,13.850000000000001,0.0,18.25,64.385,84.09,0.0,0.0
2019-12-30 23:00:56,17.419999999999998,0.0,17.43,62.945,79.42,0.0,0.0
2019-12-31 00:00:56,13.313333333333333,0.0,16.87,61.19,75.03,0.0,0.0
2019-12-31 01:00:56,11.46,0.0,15.354999999999999,59.915,71.92,0.0,0.0
2019-12-31 02:00:56,7.24,0.0,14.93,57.695,68.18,0.0,0.0
2019-12-31 03:00:56,5.763333333333333,0.0,14.575000000000001,56.34,64.815,0.0,0.0
2019-12-31 04:00:56,5.073333333333333,0.0,14.01,55.875,63.605,0.0,0.0
2019-12-31 05:00:56,3.97,0.0,13.574999999999998,56.695,66.215,0.0,0.0
2019-12-31 06:00:56,5.199999999999999,0.0,13.92,56.565,65.945,0.0,0.0
2019-12-31 07:00:56,6.386666666666667,0.0,14.39,57.395,68.485,0.0,0.0
2019-12-31 08:00:56,7.36,0.0,13.755,60.92499999999999,80.58,0.0,0.0
2019-12-31 09:00:56,7.256666666666667,0.0,15.43,65.64,100.455,0.0,0.0
2019-12-31 10:00:56,19.56,0.0,15.729999999999999,69.55,127.46499999999999,0.0,0.0
2019-12-31 11:00:56,18.926666666666666,0.0,17.83,72.355,156.68,0.0,0.0
2019-12-31 12:00:56,27.433333333333334,0.0,20.04,72.555,150.97,0.0,0.0
2019-12-31 13:00:56,37.61666666666667,0.0,18.0,71.18,134.34,0.0,0.0
2019-12-31 14:00:56,40.03,0.0,21.679999999999996,70.68,120.79,0.0,0.0
2019-12-31 15:00:56,44.53,0.0,19.95,72.855,134.1,0.0,0.0
2019-12-31 16:00:56,34.95333333333333,0.0,18.89,69.795,128.52,0.0,0.0
2019-12-31 17:00:56,23.1,0.0,18.42,71.51,133.945,0.0,0.0
2019-12-31 18:00:56,27.796666666666667,0.0,18.785,73.245,153.845,0.0,0.0
2019-12-31 19:00:56,39.623333333333335,0.0,16.82,73.575,158.17,0.0,0.0
2019-12-31 20:00:56,31.543333333333337,0.0,14.6,70.255,154.91,0.0,0.0
2019-12-31 21:00:56,32.24666666666667,0.0,20.75,69.71,156.1,0.0,0.0
2019-12-31 22:00:56,46.583333333333336,0.0,26.495,67.85,146.87,0.0,0.0
2019-12-31 23:00:56,49.78666666666667,0.0,17.935,67.295,137.32,0.0,0.0
2020-01-01 00:00:56,36.54,0.0,17.209999999999997,66.27,127.08999999999999,0.0,0.0
2020-01-01 01:00:56,32.74333333333333,0.0,22.785,65.01,118.335,0.0,0.0
2020-01-01 02:00:56,40.943333333333335,0.0,25.09,64.445,111.985,0.0,0.0
2020-01-01 03:00:56,42.403333333333336,0.0,21.474999999999998,62.82500000000001,109.54,0.0,0.0
2020-01-01 04:00:56,40.443333333333335,0.0,18.23,61.44,102.695,0.0,0.0
2020-01-01 05:00:56,31.39333333333333,0.0,16.505,60.37,102.77,0.0,0.0
2020-01-01 06:00:56,33.64,0.0,16.335,58.59,94.08,0.0,0.0
2020-01-01 07:00:56,44.06333333333333,0.0,16.36,57.665,87.97499999999998,0.0,0.0
2020-01-01 08:00:56,55.46333333333334,0.0,16.155,59.27,90.24,0.0,0.0
2020-01-01 09:00:56,31.80333333333333,0.0,17.63,60.035,91.2,0.0,0.0
2020-01-01 10:00:56,22.653333333333336,0.0,20.305,60.105,88.24,0.0,0.0
2020-01-01 11:00:56,21.49,0.0,22.28,61.53,85.735,0.0,0.0
2020-01-01 12:00:56,24.869999999999997,0.0,20.235,62.60999999999999,81.64,0.0,0.0
2020-01-01 13:00:56,31.45,0.0,21.8,64.375,80.445,0.0,0.0
2020-01-01 14:00:56,37.14333333333333,0.0,20.8,65.185,78.265,0.0,0.0
2020-01-01 15:00:56,27.266666666666666,0.0,19.695,66.665,76.005,0.0,0.0
2020-01-01 16:00:56,23.696666666666665,0.0,19.05,66.99,75.12,0.0,0.0
2020-01-01 17:00:56,16.913333333333334,0.0,16.400000000000002,67.855,76.75,0.0,0.0
2020-01-01 18:00:56,20.776666666666667,0.0,14.37,67.44,81.24,0.0,0.0
2020-01-01 19:00:56,29.956666666666667,0.0,15.325000000000001,73.955,123.455,0.0,0.0
2020-01-01 20:00:56,39.75666666666667,0.0,19.0,74.585,123.26,0.0,0.0
2020-01-01 21:00:56,30.629999999999995,0.0,18.27,73.28,111.74,0.0,0.0
2020-01-01 22:00:56,23.33,0.0,19.485,72.84,107.425,0.0,0.0
2020-01-01 23:00:56,26.49,0.0,16.36,70.955,104.91000000000001,0.0,0.0
2020-01-02 00:00:56,14.120000000000001,0.0,15.815,69.7,103.795,0.0,0.0
2020-01-02 01:00:56,20.926666666666666,0.0,14.589999999999998,68.35,97.62,0.0,0.0
2020-01-02 02:00:56,26.666666666666668,0.0,13.685,65.995,87.24,0.0,0.0
2020-01-02 03:00:56,12.073333333333332,0.0,13.530000000000001,64.725,80.445,0.0,0.0
2020-01-02 04:00:56,8.066666666666666,0.0,13.195,64.605,79.69,0.0,0.0
2020-01-02 05:00:56,30.810000000000002,0.0,13.875,63.785,79.715,0.0,0.0
2020-01-02 06:00:56,53.76333333333333,0.0,13.615,63.85,80.535,0.0,0.0
2020-01-02 07:00:56,59.120000000000005,0.0,13.485,64.135,83.955,0.0,0.0
2020-01-02 08:00:56,50.620000000000005,0.0,13.645000000000001,68.775,95.315,0.0,0.0
2020-01-02 09:00:56,42.650000000000006,0.0,15.199999999999998,73.145,119.28000000000002,0.0,0.0
2020-01-02 10:00:56,41.54333333333333,0.0,15.18,73.655,124.09999999999998,0.0,0.0
2020-01-02 11:00:56,26.560000000000002,0.0,16.724999999999998,73.225,117.58,0.0,0.0
2020-01-02 12:00:56,15.223333333333333,0.0,19.54,73.395,111.57,0.0,0.0
2020-01-02 13:00:56,21.486666666666665,0.0,22.13,72.855,101.21499999999999,0.0,0.0
2020-01-02 14:00:56,37.776666666666664,0.0,18.885,74.585,103.455,0.0,0.0
2020-01-02 15:00:56,29.1,0.0,16.545,74.31,102.7,0.0,0.0
2020-01-02 16:00:56,27.32,0.0,16.19,72.075,95.695,0.0,0.0
2020-01-02 17:00:56,25.053333333333335,0.0,16.9,69.665,89.245,0.0,0.0
2020-01-02 18:00:56,30.790000000000003,0.0,17.049999999999997,71.43,95.255,0.0,0.0
2020-01-02 19:00:56,58.400000000000006,0.0,17.75,71.0,96.2,0.0,0.0
2020-01-02 20:00:56,56.58333333333334,0.0,17.459999999999997,70.73,96.855,0.0,0.0
2020-01-02 21:00:56,31.906666666666666,0.0,16.39,67.77,91.47499999999998,0.0,0.0
2020-01-02 22:00:56,21.613333333333333,0.0,15.965000000000002,66.52,85.495,0.0,0.0
2020-01-02 23:00:56,15.303333333333335,0.0,15.12,64.205,77.815,0.0,0.0
2020-01-03 00:00:56,18.973333333333333,0.0,14.949999999999998,62.41,72.425,0.0,0.0
2020-01-03 01:00:56,39.35666666666666,0.0,14.265,61.98,70.74,0.0,0.0
2020-01-03 02:00:56,48.41,0.0,14.030000000000001,61.25,68.295,0.0,0.0
2020-01-03 03:00:56,27.58,0.0,13.845,59.46,65.565,0.0,0.0
2020-01-03 04:00:56,17.026666666666667,0.0,13.415,56.625,61.07,0.0,0.0
2020-01-03 05:00:56,9.896666666666667,0.0,13.229999999999999,56.26,59.885,0.0,0.0
2020-01-03 06:00:56,5.989999999999999,0.0,13.049999999999999,56.1,59.26500000000001,0.0,0.0
2020-01-03 07:00:56,3.873333333333333,0.0,12.93,57.0,60.715,0.0,0.0
2020-01-03 08:00:56,9.75,0.0,13.685,59.945,66.65,0.0,0.0
2020-01-03 09:00:56,14.143333333333333,0.0,13.985,65.515,82.215,0.0,0.0
2020-01-03 10:00:56,24.91,0.0,14.405,66.225,80.505,0.0,0.0
2020-01-03 11:00:56,20.543333333333333,0.0,14.39,67.18,79.935,0.0,0.0
2020-01-03 12:00:56,15.193333333333332,0.0,15.195,69.59,86.02,0.0,0.0
2020-01-03 13:00:56,20.689999999999998,0.0,15.424999999999999,69.595,86.265,0.0,0.0
2020-01-03 14:00:56,20.560000000000002,0.0,15.895000000000001,69.9,87.625,0.0,0.0
2020-01-03 15:00:56,17.043333333333333,0.0,15.505,70.605,89.28500000000001,0.0,0.0
2020-01-03 16:00:56,15.933333333333334,0.0,15.195,72.51,93.55,0.0,0.0
2020-01-03 17:00:56,20.913333333333334,0.0,16.959999999999997,72.935,95.09499999999998,0.0,0.0
2020-01-03 18:00:56,20.563333333333333,0.0,17.0,74.05,96.605,0.0,0.0
2020-01-03 19:00:56,30.00333333333333,0.0,17.62,73.585,96.735,0.0,0.0
2020-01-03 20:00:56,31.923333333333332,0.0,18.55,75.33,102.29,0.0,0.0
2020-01-03 21:00:56,23.923333333333332,0.0,18.445,73.915,98.90000000000002,0.0,0.0
2020-01-03 22:00:56,18.57,0.0,19.255,72.11,94.33999999999999,0.0,0.0
2020-01-03 23:00:56,12.58,0.0,18.61,70.595,88.555,0.0,0.0
2020-01-04 00:00:56,17.68,0.0,17.775000000000002,69.13,83.74,0.0,0.0
2020-01-04 01:00:56,21.98,0.0,16.48,68.725,80.51,0.0,0.0
2020-01-04 02:00:56,27.226666666666667,0.0,16.224999999999998,68.13,79.92,0.0,0.0
2020-01-04 03:00:56,18.396666666666665,0.0,15.485,65.925,75.27,0.0,0.0
2020-01-04 04:00:56,12.146666666666667,0.0,15.295000000000002,64.92,73.515,0.0,0.0
2020-01-04 05:00:56,8.966666666666667,0.0,15.03,65.57,74.395,0.0,0.0
2020-01-04 06:00:56,8.986666666666666,0.0,15.589999999999998,65.5,74.395,0.0,0.0
2020-01-04 07:00:56,21.80666666666667,0.0,18.11,65.51,76.1,0.0,0.0
2020-01-04 08:00:56,44.22666666666667,0.0,17.91,69.465,84.325,0.0,0.0
2020-01-04 09:00:56,43.27333333333333,0.0,17.155,73.06,94.83999999999999,0.0,0.0
2020-01-04 10:00:56,37.71666666666666,0.0,19.95,74.175,103.705,0.0,0.0
2020-01-04 11:00:56,32.626666666666665,0.0,23.58,73.01,97.31,0.0,0.0
2020-01-04 12:00:56,31.76,0.0,27.545,72.64,92.355,0.0,0.0
2020-01-04 13:00:56,40.806666666666665,0.0,27.03,73.685,93.84499999999998,0.0,0.0
2020-01-04 14:00:56,52.53,0.0,29.400000000000002,73.405,91.485,0.0,0.0
2020-01-04 15:00:56,42.54,0.0,22.595,73.48,87.005,0.0,0.0
2020-01-04 16:00:56,20.93,0.0,19.59,74.055,84.555,0.0,0.0
2020-01-04 17:00:56,17.593333333333334,0.0,20.485,75.37,86.74,0.0,0.0
2020-01-04 18:00:56,18.523333333333333,0.0,23.834999999999997,76.165,90.12,0.0,0.0
2020-01-04 19:00:56,40.82333333333333,0.0,30.005,82.345,121.105,0.0,0.0
2020-01-04 20:00:56,68.52,0.0,27.385,83.92,144.99,0.0,0.0
2020-01-04 21:00:56,83.14666666666666,0.0,33.4,84.235,153.1,0.0,0.0
2020-01-04 22:00:56,91.82333333333334,0.0,34.11,82.105,146.01,0.0,0.0
2020-01-04 23:00:56,82.03666666666666,0.0,35.285,79.635,143.33,0.0,0.0
2020-01-05 00:00:56,70.71,0.0,38.315,76.695,143.245,0.0,0.0
2020-01-05 01:00:56,80.1,0.0,34.945,76.47,145.08,0.0,0.0
2020-01-05 02:00:56,89.58333333333333,0.0,32.73,73.035,129.515,0.0,0.0
2020-01-05 03:00:56,63.26,0.0,27.045,70.62,115.43,0.0,0.0
2020-01-05 04:00:56,47.60333333333333,0.0,23.365,71.06,111.64,0.0,0.0
2020-01-05 05:00:56,39.766666666666666,0.0,18.575000000000003,69.345,108.46,0.0,0.0
2020-01-05 06:00:56,32.4,0.0,16.93,67.06,102.48,0.0,0.0
2020-01-05 07:00:56,37.38666666666667,0.0,16.305,66.86,101.075,0.0,0.0
2020-01-05 08:00:56,45.836666666666666,0.0,15.505,68.18,110.76,0.0,0.0
2020-01-05 09:00:56,47.33,0.0,17.49,68.93,122.005,0.0,0.0
2020-01-05 10:00:56,63.22666666666667,0.0,21.895,71.9,133.82,0.0,0.0
2020-01-05 11:00:56,60.92666666666667,0.0,38.28,78.11,144.235,0.0,0.0
2020-01-05 12:00:56,77.22666666666667,0.0,37.21,80.755,135.985,0.0,0.0
2020-01-05 13:00:56,72.96,0.0,7.664999999999999,0.0,0.0,0.0,0.0
2020-01-05 14:00:56,53.92666666666667,0.0,32.73,77.65,104.87,0.0,0.0
2020-01-05 15:00:56,37.04,0.0,36.045,75.75,97.205,0.0,0.0
2020-01-05 16:00:56,36.54333333333334,0.0,30.45,75.75,95.485,0.0,0.0
2020-01-05 17:00:56,33.916666666666664,0.0,26.215000000000003,74.69,91.59999999999998,0.0,0.0
2020-01-05 18:00:56,31.156666666666666,0.0,23.115,77.345,104.08,0.0,0.0
2020-01-05 19:00:56,57.26333333333333,0.0,26.275000000000002,82.795,140.0,0.0,0.0
2020-01-05 20:00:56,88.89666666666666,0.0,28.195000000000004,82.145,166.075,0.0,0.0
2020-01-05 21:00:56,74.89,0.0,36.765,80.945,157.405,0.0,0.0
2020-01-05 22:00:56,78.14,0.0,32.26,80.71,156.295,0.0,0.0
2020-01-05 23:00:56,77.46000000000001,0.0,32.81,80.24,160.855,0.0,0.0
2020-01-06 00:00:56,85.22333333333333,0.0,23.935,79.025,173.35,0.0,0.0
2020-01-06 01:00:56,73.89,0.0,18.205,78.81,181.625,0.0,0.0
2020-01-06 02:00:56,79.86333333333333,0.0,16.474999999999998,75.82,162.535,0.0,0.0
2020-01-06 03:00:56,61.67666666666666,0.0,17.05,73.42,147.105,0.0,0.0
2020-01-06 04:00:56,60.44333333333333,0.0,16.645,71.79,140.23,0.0,0.0
2020-01-06 05:00:56,62.07333333333333,0.0,15.770000000000001,71.375,136.695,0.0,0.0
2020-01-06 06:00:56,48.78333333333333,0.0,18.565,72.285,129.295,0.0,0.0
2020-01-06 07:00:56,60.28333333333333,0.0,16.03,73.12,128.815,0.0,0.0
2020-01-06 08:00:56,82.54,0.0,18.925,76.835,163.39,0.0,0.0
2020-01-06 09:00:56,100.63,0.0,27.36,78.66,191.975,0.0,0.0
2020-01-06 10:00:56,104.96,0.0,7.289999999999999,79.155,177.33,0.0,0.0
2020-01-06 11:00:56,101.78333333333333,0.0,7.75,80.715,175.38,0.0,0.0
2020-01-06 12:00:56,94.89333333333333,0.0,8.54,83.845,161.66,0.0,0.0
2020-01-06 13:00:56,100.19333333333334,0.0,8.505,85.3,159.265,0.0,0.0
2020-01-06 14:00:56,110.61333333333334,0.0,11.055,87.605,163.715,0.0,0.0
2020-01-06 15:00:56,69.41333333333334,0.0,11.585,71.28,149.095,0.0,0.0
2020-01-06 16:00:56,128.14666666666668,0.0,38.875,68.525,149.79,0.0,0.0
2020-01-06 17:00:56,143.02333333333334,0.0,23.515,76.01,152.0,0.0,0.0
2020-01-06 18:00:56,79.53333333333333,0.0,24.025000000000002,79.74,145.72,0.0,0.0
2020-01-06 19:00:56,62.019999999999996,0.0,23.474999999999998,86.085,167.0,0.0,0.0
2020-01-06 20:00:56,59.69333333333333,0.0,28.63,89.425,177.69500000000002,0.0,0.0
2020-01-06 21:00:56,66.65,0.0,30.64,89.605,174.365,0.0,0.0
2020-01-06 22:00:56,67.57,0.0,29.37,90.09499999999998,188.21,0.0,0.0
2020-01-06 23:00:56,80.60000000000001,0.0,33.695,90.48,0.0,0.0,0.0
2020-01-07 00:00:56,86.91,0.0,48.410000000000004,88.77500000000002,0.0,0.0,0.0
2020-01-07 01:00:56,90.09666666666666,0.0,45.785,87.89,0.0,0.0,0.0
2020-01-07 02:00:56,88.84333333333333,0.0,47.645,86.075,0.0,0.0,0.0
2020-01-07 03:00:56,67.15666666666667,0.0,43.20000000000001,82.025,0.0,0.0,0.0
2020-01-07 04:00:56,50.69,0.0,34.05,76.895,185.89,0.0,0.0
2020-01-07 05:00:56,35.07,0.0,32.94,75.375,174.43500000000003,0.0,0.0
2020-01-07 06:00:56,32.75333333333333,0.0,34.465,76.385,176.375,0.0,0.0
2020-01-07 07:00:56,35.04,0.0,31.39,78.61,195.32000000000002,0.0,0.0
2020-01-07 08:00:56,51.04666666666667,0.0,27.5,83.635,0.0,0.0,0.0
2020-01-07 09:00:56,71.66666666666667,0.0,44.215,90.295,0.0,0.0,0.0
2020-01-07 10:00:56,156.23,0.0,68.94,94.255,0.0,0.0,0.0
2020-01-07 11:00:56,171.25333333333333,0.0,66.83,93.52500000000002,0.0,0.0,0.0
2020-01-07 12:00:56,147.33666666666667,0.0,47.76,85.83,0.0,0.0,0.0
2020-01-07 13:00:56,109.04666666666668,0.0,32.185,82.875,195.775,0.0,0.0
2020-01-07 14:00:56,71.11333333333333,0.0,30.89,82.925,162.375,0.0,0.0
2020-01-07 15:00:56,50.72666666666667,0.0,27.099999999999998,82.255,141.425,0.0,0.0
2020-01-07 16:00:56,40.50333333333333,0.0,25.515,80.665,125.355,0.0,0.0
2020-01-07 17:00:56,37.31666666666667,0.0,23.675,80.85,117.27,0.0,0.0
2020-01-07 18:00:56,39.056666666666665,0.0,25.28,82.405,117.47499999999998,0.0,0.0
2020-01-07 19:00:56,42.96333333333333,0.0,31.554999999999996,88.28000000000002,145.01,0.0,0.0
2020-01-07 20:00:56,56.583333333333336,0.0,32.475,91.33999999999999,170.245,0.0,0.0
2020-01-07 21:00:56,91.39666666666666,0.0,43.965,93.34499999999998,0.0,0.0,0.0
2020-01-07 22:00:56,102.19666666666667,0.0,34.635,87.13,172.785,0.0,0.0
2020-01-07 23:00:56,65.01666666666667,0.0,21.804999999999996,85.96,169.61,0.0,0.0
2020-01-08 00:00:56,54.07666666666667,0.0,18.63,82.515,150.58,0.0,0.0
2020-01-08 01:00:56,48.97666666666667,0.0,20.53,77.99,128.92,0.0,0.0
2020-01-08 02:00:56,46.28333333333333,0.0,21.72,73.315,110.5,0.0,0.0
2020-01-08 03:00:56,30.116666666666667,0.0,19.48,71.575,99.58999999999999,0.0,0.0
2020-01-08 04:00:56,24.116666666666667,0.0,16.82,70.57,95.2,0.0,0.0
2020-01-08 05:00:56,24.26,0.0,15.755,68.77,91.90500000000002,0.0,0.0
2020-01-08 06:00:56,19.913333333333334,0.0,16.125,67.85,91.97499999999998,0.0,0.0
2020-01-08 07:00:56,25.16,0.0,16.86,70.05,93.62,0.0,0.0
2020-01-08 08:00:56,24.07,0.0,16.355,73.145,105.53000000000002,0.0,0.0
2020-01-08 09:00:56,27.13,0.0,16.080000000000002,74.035,114.78500000000001,0.0,0.0
2020-01-08 10:00:56,24.183333333333334,0.0,16.685,72.6,113.11,0.0,0.0
2020-01-08 11:00:56,27.29,0.0,16.97,72.475,111.46499999999999,0.0,0.0
2020-01-08 12:00:56,19.73,0.0,17.215,71.89,106.21999999999998,0.0,0.0
2020-01-08 13:00:56,18.93,0.0,16.37,72.115,103.27500000000002,0.0,0.0
2020-01-08 14:00:56,19.096666666666668,0.0,17.47,72.15,113.27500000000002,0.0,0.0
2020-01-08 15:00:56,20.776666666666667,0.0,18.599999999999998,70.41,116.195,0.0,0.0
2020-01-08 16:00:56,25.75,0.0,16.805,66.91,107.415,0.0,0.0
2020-01-08 17:00:56,18.23,0.0,15.9,65.635,102.43,0.0,0.0
2020-01-08 18:00:56,20.676666666666666,0.0,17.26,68.525,116.635,0.0,0.0
2020-01-08 19:00:56,31.003333333333334,0.0,18.215,71.245,141.675,0.0,0.0
2020-01-08 20:00:56,24.926666666666666,0.0,16.555,69.365,143.865,0.0,0.0
2020-01-08 21:00:56,23.189999999999998,0.0,16.035,67.545,131.815,0.0,0.0
2020-01-08 22:00:56,20.306666666666665,0.0,16.26,68.11,126.555,0.0,0.0
2020-01-08 23:00:56,18.14666666666667,0.0,15.049999999999999,70.445,132.125,0.0,0.0
2020-01-09 00:00:56,23.97,0.0,15.64,69.62,125.235,0.0,0.0
2020-01-09 01:00:56,23.33,0.0,15.21,67.15,111.915,0.0,0.0
2020-01-09 02:00:56,16.116666666666667,0.0,15.104999999999999,65.38,101.98,0.0,0.0
2020-01-09 03:00:56,10.366666666666667,0.0,15.625,65.29,96.04,0.0,0.0
2020-01-09 04:00:56,8.166666666666666,0.0,14.51,65.1,91.72499999999998,0.0,0.0
2020-01-09 05:00:56,7.903333333333333,0.0,13.94,65.5,89.305,0.0,0.0
2020-01-09 06:00:56,12.946666666666665,0.0,14.079999999999998,64.86,85.68,0.0,0.0
2020-01-09 07:00:56,14.086666666666666,0.0,13.675000000000002,64.8,84.295,0.0,0.0
2020-01-09 08:00:56,11.29,0.0,13.37,68.275,91.81,0.0,0.0
2020-01-09 09:00:56,12.6,0.0,14.784999999999998,76.625,121.12,0.0,0.0
2020-01-09 10:00:56,24.10333333333333,0.0,23.185000000000002,80.455,145.375,0.0,0.0
2020-01-09 11:00:56,53.51,0.0,25.775000000000002,81.7,141.315,0.0,0.0
2020-01-09 12:00:56,62.03666666666667,0.0,27.099999999999998,80.435,121.125,0.0,0.0
2020-01-09 13:00:56,53.26,0.0,24.975000000000005,80.625,109.31,0.0,0.0
2020-01-09 14:00:56,45.516666666666666,0.0,20.505,75.495,100.565,0.0,0.0
2020-01-09 15:00:56,31.39333333333333,0.0,20.474999999999998,69.685,86.195,0.0,0.0
2020-01-09 16:00:56,24.80333333333333,0.0,19.53,69.24,83.96,0.0,0.0
2020-01-09 17:00:56,25.626666666666665,0.0,19.05,71.755,90.51,0.0,0.0
2020-01-09 18:00:56,31.656666666666666,0.0,19.82,73.475,95.53000000000002,0.0,0.0
2020-01-09 19:00:56,41.42666666666667,0.0,21.49,75.235,100.825,0.0,0.0
2020-01-09 20:00:56,46.629999999999995,0.0,18.8,79.6,123.515,0.0,0.0
2020-01-09 21:00:56,53.67,0.0,19.55,78.32,122.24,0.0,0.0
2020-01-09 22:00:56,44.233333333333334,0.0,17.400000000000002,76.375,113.185,0.0,0.0
2020-01-09 23:00:56,34.403333333333336,0.0,16.035,75.615,107.245,0.0,0.0
2020-01-10 00:00:56,28.636666666666667,0.0,15.81,74.15,99.40000000000002,0.0,0.0
2020-01-10 01:00:56,23.513333333333332,0.0,16.765,73.285,93.94,0.0,0.0
2020-01-10 02:00:56,25.063333333333333,0.0,19.665,74.415,97.12,0.0,0.0
2020-01-10 03:00:56,29.066666666666666,0.0,24.05,72.345,98.15500000000002,0.0,0.0
2020-01-10 04:00:56,29.433333333333334,0.0,15.9,73.33,101.3,0.0,0.0
2020-01-10 05:00:56,24.013333333333332,0.0,14.209999999999999,71.575,98.235,0.0,0.0
2020-01-10 06:00:56,24.793333333333333,0.0,13.905,72.305,98.935,0.0,0.0
2020-01-10 07:00:56,24.673333333333336,0.0,13.51,71.52,104.745,0.0,0.0
2020-01-10 08:00:56,27.333333333333332,0.0,18.46,74.415,117.83,0.0,0.0
2020-01-10 09:00:56,48.49333333333334,0.0,16.32,76.165,136.655,0.0,0.0
2020-01-10 10:00:56,60.81333333333333,0.0,24.075000000000003,74.86,136.65,0.0,0.0
2020-01-10 11:00:56,75.93666666666667,0.0,39.615,76.165,135.195,0.0,0.0
2020-01-10 12:00:56,79.69333333333334,0.0,36.065,75.045,124.31,0.0,0.0
2020-01-10 13:00:56,56.11000000000001,0.0,37.03,76.54,116.135,0.0,0.0
2020-01-10 14:00:56,45.54,0.0,28.72,79.505,114.72499999999998,0.0,0.0
2020-01-10 15:00:56,40.75666666666667,0.0,22.900000000000002,77.705,108.40000000000002,0.0,0.0
2020-01-10 16:00:56,32.62,0.0,18.075,75.635,92.83,0.0,0.0
2020-01-10 17:00:56,30.273333333333333,0.0,18.005,75.77,87.61,0.0,0.0
2020-01-10 18:00:56,25.166666666666668,0.0,21.15,77.25,90.445,0.0,0.0
2020-01-10 19:00:56,63.730000000000004,0.0,26.205,80.31,101.455,0.0,0.0
2020-01-10 20:00:56,69.82333333333334,0.0,32.294999999999995,82.03,115.71999999999998,0.0,0.0
2020-01-10 21:00:56,60.5,0.0,44.93,82.785,124.665,0.0,0.0
2020-01-10 22:00:56,75.65,0.0,44.48499999999999,81.86,134.96,0.0,0.0
2020-01-10 23:00:56,63.306666666666665,0.0,37.41,80.72,141.395,0.0,0.0
2020-01-11 00:00:56,53.46,0.0,36.300000000000004,79.03,139.76,0.0,0.0
2020-01-11 01:00:56,56.07,0.0,28.74,76.385,127.355,0.0,0.0
2020-01-11 02:00:56,46.11333333333334,0.0,30.745,75.945,122.71499999999999,0.0,0.0
2020-01-11 03:00:56,60.38999999999999,0.0,41.52,72.975,116.83,0.0,0.0
2020-01-11 04:00:56,53.196666666666665,0.0,31.819999999999997,70.94,102.89,0.0,0.0
2020-01-11 05:00:56,39.620000000000005,0.0,25.985,72.26,102.72499999999998,0.0,0.0
2020-01-11 06:00:56,46.78333333333333,0.0,21.865,72.18,104.62,0.0,0.0
2020-01-11 07:00:56,43.05,0.0,18.605,73.435,117.46999999999998,0.0,0.0
2020-01-11 08:00:56,38.72333333333333,0.0,18.900000000000002,75.9,152.27,0.0,0.0
2020-01-11 09:00:56,63.72,0.0,22.034999999999997,79.48,188.725,0.0,0.0
2020-01-11 10:00:56,76.01333333333334,0.0,38.855,78.185,199.48,0.0,0.0
2020-01-11 11:00:56,101.49333333333334,0.0,57.68,77.49,176.985,0.0,0.0
2020-01-11 12:00:56,91.52,0.0,52.5,78.25,155.98,0.0,0.0
2020-01-11 13:00:56,78.35333333333334,0.0,47.935,80.74,152.575,0.0,0.0
2020-01-11 14:00:56,82.58333333333333,0.0,42.13,82.46,141.25,0.0,0.0
2020-01-11 15:00:56,72.29333333333334,0.0,32.25,83.395,139.875,0.0,0.0
2020-01-11 16:00:56,59.41,0.0,25.064999999999998,79.01,121.46,0.0,0.0
2020-01-11 17:00:56,53.69333333333333,0.0,25.36,78.65,105.37,0.0,0.0
2020-01-11 18:00:56,51.47666666666667,0.0,26.75,80.425,106.23,0.0,0.0
2020-01-11 19:00:56,57.01,0.0,30.925,82.105,115.575,0.0,0.0
2020-01-11 20:00:56,62.53333333333333,0.0,45.69,82.085,132.92,0.0,0.0
2020-01-11 21:00:56,92.45333333333333,0.0,39.955000000000005,83.755,161.53,0.0,0.0
2020-01-11 22:00:56,122.60333333333334,0.0,33.025,85.7,0.0,0.0,0.0
2020-01-11 23:00:56,142.89333333333332,0.0,29.675,85.565,0.0,0.0,0.0
2020-01-12 00:00:56,159.16333333333333,0.0,35.54,83.6,0.0,0.0,0.0
2020-01-12 01:00:56,153.76666666666668,0.0,82.665,81.16,0.0,0.0,0.0
2020-01-12 02:00:56,148.55,0.0,68.08,76.8,196.44500000000002,0.0,0.0
2020-01-12 03:00:56,92.95333333333333,0.0,42.525000000000006,72.945,153.26,0.0,0.0
2020-01-12 04:00:56,61.376666666666665,0.0,32.375,71.815,126.03000000000002,0.0,0.0
2020-01-12 05:00:56,56.71666666666667,0.0,30.365,71.675,117.28000000000002,0.0,0.0
2020-01-12 06:00:56,49.99666666666667,0.0,28.735,71.415,113.545,0.0,0.0
2020-01-12 07:00:56,54.57666666666667,0.0,27.705,68.175,106.745,0.0,0.0
2020-01-12 08:00:56,51.650000000000006,0.0,28.28,70.355,110.945,0.0,0.0
2020-01-12 09:00:56,63.663333333333334,0.0,32.120000000000005,72.565,131.055,0.0,0.0
2020-01-12 10:00:56,89.74333333333334,0.0,40.815,76.03,160.47,0.0,0.0
2020-01-12 11:00:56,108.19666666666667,0.0,45.365,74.97,145.635,0.0,0.0
2020-01-12 12:00:56,87.59,0.0,41.105,73.195,126.695,0.0,0.0
2020-01-12 13:00:56,76.84,0.0,34.839999999999996,72.985,115.48,0.0,0.0
2020-01-12 14:00:56,67.67666666666668,0.0,40.900000000000006,74.495,116.945,0.0,0.0
2020-01-12 15:00:56,77.96333333333334,0.0,43.48,77.005,116.49,0.0,0.0
2020-01-12 16:00:56,72.87,0.0,41.39,79.01,116.115,0.0,0.0
2020-01-12 17:00:56,69.47,0.0,40.585,78.505,117.14,0.0,0.0
2020-01-12 18:00:56,77.68,0.0,32.19,79.35,122.085,0.0,0.0
2020-01-12 19:00:56,82.95666666666666,0.0,37.955,80.865,136.63,0.0,0.0
2020-01-12 20:00:56,92.27333333333334,0.0,28.385,80.825,153.865,0.0,0.0
2020-01-12 21:00:56,101.02666666666667,0.0,25.78,78.6,169.3,0.0,0.0
2020-01-12 22:00:56,106.21,0.0,37.315,77.355,172.765,0.0,0.0
2020-01-12 23:00:56,114.60333333333334,0.0,63.754999999999995,76.665,182.67500000000004,0.0,0.0
2020-01-13 00:00:56,131.93333333333334,0.0,39.22,75.54,182.385,0.0,0.0
2020-01-13 01:00:56,115.88333333333333,0.0,27.31,73.285,166.92,0.0,0.0
2020-01-13 02:00:56,90.28,0.0,21.675,72.645,166.025,0.0,0.0
2020-01-13 03:00:56,88.17666666666668,0.0,22.245,72.57,165.725,0.0,0.0
2020-01-13 04:00:56,84.96666666666667,0.0,19.715,69.805,154.055,0.0,0.0
2020-01-13 05:00:56,70.45333333333333,0.0,17.115,68.64,142.09,0.0,0.0
2020-01-13 06:00:56,53.22333333333333,0.0,16.26,69.48,148.775,0.0,0.0
2020-01-13 07:00:56,58.306666666666665,0.0,15.255,70.685,160.365,0.0,0.0
2020-01-13 08:00:56,54.47,0.0,16.93,76.405,0.0,0.0,0.0
2020-01-13 09:00:56,91.00999999999999,0.0,16.785,80.64,0.0,0.0,0.0
2020-01-13 10:00:56,102.33333333333333,0.0,23.45,82.39,0.0,0.0,0.0
2020-01-13 11:00:56,132.52333333333334,0.0,54.26499999999999,83.595,0.0,0.0,0.0
2020-01-13 12:00:56,174.3,0.0,49.115,87.005,196.33,0.0,0.0
2020-01-13 13:00:56,131.76999999999998,0.0,36.545,80.26,150.99,0.0,0.0
2020-01-13 14:00:56,84.09,0.0,30.105,76.415,118.13,0.0,0.0
2020-01-13 15:00:56,50.67333333333333,0.0,26.08,76.285,102.205,0.0,0.0
2020-01-13 16:00:56,39.81666666666666,0.0,23.62,75.055,92.395,0.0,0.0
2020-01-13 17:00:56,32.86,0.0,23.919999999999998,78.135,100.385,0.0,0.0
2020-01-13 18:00:56,43.82333333333333,0.0,21.08,82.115,115.825,0.0,0.0
2020-01-13 19:00:56,71.32,0.0,12.045000000000002,82.85,130.025,0.0,0.0
2020-01-13 20:00:56,78.72,0.0,10.45,83.96,145.14,0.0,0.0
2020-01-13 21:00:56,91.11666666666667,0.0,8.07,82.125,161.48,0.0,0.0
2020-01-13 22:00:56,105.37,0.0,7.859999999999999,79.01,171.265,0.0,0.0
2020-01-13 23:00:56,118.31666666666666,0.0,7.175,78.295,178.9,0.0,0.0
2020-01-14 00:00:56,110.02333333333334,0.0,7.164999999999999,77.47,186.985,0.0,0.0
2020-01-14 01:00:56,101.13,0.0,6.62,75.095,185.765,0.0,0.0
2020-01-14 02:00:56,106.07333333333334,0.0,6.794999999999999,71.905,176.84,0.0,0.0
2020-01-14 03:00:56,90.18666666666667,0.0,6.260000000000001,70.875,168.99,0.0,0.0
2020-01-14 04:00:56,84.47333333333333,0.0,6.125,69.165,159.285,0.0,0.0
2020-01-14 05:00:56,66.47,0.0,6.32,69.09,152.115,0.0,0.0
2020-01-14 06:00:56,59.71666666666667,0.0,6.68,69.28,151.615,0.0,0.0
2020-01-14 07:00:56,60.02333333333333,0.0,6.57,70.145,144.455,0.0,0.0
2020-01-14 08:00:56,59.06,0.0,6.515000000000001,71.335,152.675,0.0,0.0
2020-01-14 09:00:56,49.303333333333335,0.0,6.489999999999999,74.545,183.55000000000004,0.0,0.0
2020-01-14 10:00:56,72.98333333333333,0.0,8.405,81.68,0.0,0.0,0.0
2020-01-14 11:00:56,93.83666666666667,0.0,8.505,85.05,198.78,0.0,0.0
2020-01-14 12:00:56,106.32333333333334,0.0,9.735,89.93,185.43999999999997,0.0,0.0
2020-01-14 13:00:56,121.71,0.0,10.59,91.955,171.93999999999997,0.0,0.0
2020-01-14 14:00:56,123.69666666666667,0.0,10.385,92.71,159.92,0.0,0.0
2020-01-14 15:00:56,122.16,0.0,10.09,90.485,140.285,0.0,0.0
2020-01-14 16:00:56,103.87,0.0,9.11,85.58,122.03000000000002,0.0,0.0
2020-01-14 17:00:56,75.20666666666666,0.0,8.25,82.3,106.71999999999998,0.0,0.0
2020-01-14 18:00:56,56.75,0.0,8.205,84.105,105.295,0.0,0.0
2020-01-14 19:00:56,72.72666666666666,0.0,11.729999999999999,92.40500000000002,165.175,0.0,0.0
2020-01-14 20:00:56,108.96666666666667,0.0,14.060000000000002,94.09999999999998,0.0,0.0,0.0
2020-01-14 21:00:56,144.48333333333332,0.0,10.035,95.54,0.0,0.0,0.0
2020-01-14 22:00:56,152.90333333333334,0.0,8.975,91.06,0.0,0.0,0.0
2020-01-14 23:00:56,165.20333333333335,0.0,19.875,88.865,0.0,0.0,0.0
2020-01-15 00:00:56,190.54666666666668,0.0,22.429999999999996,86.21,0.0,0.0,0.0
2020-01-15 01:00:56,175.59333333333333,0.0,23.51,82.935,0.0,0.0,0.0
2020-01-15 02:00:56,163.15,0.0,24.795,79.53,0.0,0.0,0.0
2020-01-15 03:00:56,153.05333333333334,0.0,20.99,76.265,0.0,0.0,0.0
2020-01-15 04:00:56,118.16333333333334,0.0,23.89,75.57,0.0,0.0,0.0
2020-01-15 05:00:56,104.80666666666667,0.0,20.02,75.42,0.0,0.0,0.0
2020-01-15 06:00:56,96.17,0.0,17.585,74.005,187.78,0.0,0.0
2020-01-15 07:00:56,82.31,0.0,16.035,73.76,174.9,0.0,0.0
2020-01-15 08:00:56,76.67,0.0,16.315,79.1,0.0,0.0,0.0
2020-01-15 09:00:56,98.70666666666668,0.0,32.335,81.985,0.0,0.0,0.0
2020-01-15 10:00:56,150.85666666666668,0.0,45.165,82.655,0.0,0.0,0.0
2020-01-15 11:00:56,164.41666666666666,0.0,62.05500000000001,84.925,0.0,0.0,0.0
2020-01-15 12:00:56,196.0,0.0,56.385,88.45,192.395,0.0,0.0
2020-01-15 13:00:56,172.62666666666667,0.0,40.32,88.63,168.02,0.0,0.0
2020-01-15 14:00:56,123.66666666666667,0.0,33.330000000000005,82.585,135.515,0.0,0.0
2020-01-15 15:00:56,79.07666666666667,0.0,27.455,79.07,116.625,0.0,0.0
2020-01-15 16:00:56,60.19666666666666,0.0,25.035,78.435,108.045,0.0,0.0
2020-01-15 17:00:56,49.88666666666667,0.0,23.98,77.805,104.09499999999998,0.0,0.0
2020-01-15 18:00:56,41.15,0.0,22.16,77.66,103.18,0.0,0.0
2020-01-15 19:00:56,38.50333333333333,0.0,20.900000000000002,75.615,101.92,0.0,0.0
2020-01-15 20:00:56,43.78,0.0,21.645,73.985,101.97499999999998,0.0,0.0
2020-01-15 21:00:56,38.16,0.0,22.150000000000002,71.95,98.40000000000002,0.0,0.0
2020-01-15 22:00:56,34.556666666666665,0.0,19.755,71.105,96.305,0.0,0.0
2020-01-15 23:00:56,39.5,0.0,18.185,72.76,103.24,0.0,0.0
2020-01-16 00:00:56,42.77,0.0,24.825000000000003,76.415,116.54,0.0,0.0
2020-01-16 01:00:56,57.766666666666666,0.0,25.02,77.215,124.33999999999999,0.0,0.0
2020-01-16 02:00:56,61.913333333333334,0.0,26.41,76.45,126.045,0.0,0.0
2020-01-16 03:00:56,53.46333333333334,0.0,24.45,72.815,122.145,0.0,0.0
2020-01-16 04:00:56,43.98,0.0,24.689999999999998,72.12,125.81,0.0,0.0
2020-01-16 05:00:56,25.82333333333333,0.0,20.495,71.84,131.67,0.0,0.0
2020-01-16 06:00:56,29.756666666666668,0.0,19.035,71.895,135.55,0.0,0.0
2020-01-16 07:00:56,27.236666666666665,0.0,21.09,70.05,118.995,0.0,0.0
2020-01-16 08:00:56,25.35333333333333,0.0,19.665000000000003,74.205,115.615,0.0,0.0
2020-01-16 09:00:56,24.993333333333332,0.0,18.49,78.465,126.515,0.0,0.0
2020-01-16 10:00:56,34.583333333333336,0.0,20.43,77.54,119.945,0.0,0.0
2020-01-16 11:00:56,33.82666666666667,0.0,20.605,77.315,112.685,0.0,0.0
2020-01-16 12:00:56,30.773333333333333,0.0,20.685,78.405,114.045,0.0,0.0
2020-01-16 13:00:56,21.57,0.0,19.209999999999997,76.22,101.325,0.0,0.0
2020-01-16 14:00:56,14.046666666666667,0.0,19.485,76.38,97.44,0.0,0.0
2020-01-16 15:00:56,16.669999999999998,0.0,18.87,77.125,96.645,0.0,0.0
2020-01-16 16:00:56,17.02,0.0,18.11,76.805,92.07,0.0,0.0
2020-01-16 17:00:56,23.659999999999997,0.0,19.235,67.595,77.9,0.0,0.0
2020-01-16 18:00:56,0.0,0.0,18.895,66.57,77.055,0.0,0.0
2020-01-16 19:00:56,14.13,0.0,8.95,75.735,97.40000000000002,0.0,0.0
2020-01-16 20:00:56,8.886666666666667,0.0,8.285,0.0,0.0,0.0,0.0
2020-01-16 21:00:56,5.973333333333334,0.0,8.185,0.0,0.0,0.0,0.0
2020-01-16 22:00:56,5.333333333333333,0.0,8.095,0.0,0.0,0.0,0.0
2020-01-16 23:00:56,0.0,0.0,7.84,0.0,0.0,0.0,0.0
2020-01-17 00:00:56,72.36666666666666,0.0,8.115,0.0,0.0,0.0,0.0
2020-01-17 01:00:56,19.28333333333333,0.0,8.435,0.0,0.0,0.0,0.0
2020-01-17 02:00:56,28.34,0.0,9.125,0.0,0.0,0.0,0.0
2020-01-17 03:00:56,20.35333333333333,0.0,9.6,0.0,0.0,0.0,0.0
2020-01-17 04:00:56,17.186666666666667,0.0,8.69,0.0,0.0,0.0,0.0
2020-01-17 05:00:56,20.22,0.0,9.71,0.0,0.0,0.0,0.0
2020-01-17 06:00:56,33.20666666666666,0.0,9.42,0.0,0.0,0.0,0.0
2020-01-17 07:00:56,35.56666666666666,0.0,11.345,0.0,0.0,0.0,0.0
2020-01-17 08:00:56,50.78333333333333,0.0,14.21,0.0,0.0,0.0,0.0
2020-01-17 09:00:56,78.64666666666666,0.0,13.64,0.0,0.0,0.0,0.0
2020-01-17 10:00:56,42.18333333333333,0.0,0.0,0.0,0.0,0.0,0.0
2020-01-17 11:00:56,23.356666666666666,0.0,0.0,0.0,0.0,0.0,0.0
2020-01-17 12:00:56,11.086666666666666,0.0,0.0,0.0,0.0,0.0,0.0
2020-01-17 13:00:56,14.803333333333335,0.0,0.0,0.0,0.0,0.0,0.0
2020-01-17 14:00:56,29.22,0.0,0.0,0.0,0.0,0.0,0.0
2020-01-17 15:00:56,27.486666666666665,8.145,0.0,0.0,0.0,0.0,0.0
2020-01-17 16:00:56,27.78333333333333,12.315,0.0,0.0,0.0,0.0,0.0
2020-01-17 17:00:56,31.89333333333333,12.01,0.0,0.0,0.0,0.0,0.0
2020-01-17 18:00:56,30.983333333333334,12.47,0.0,0.0,0.0,0.0,0.0
2020-01-17 19:00:56,35.64333333333333,12.895000000000001,0.0,0.0,0.0,0.0,0.0
2020-01-17 20:00:56,42.92666666666667,7.015,0.0,0.0,0.0,0.0,0.0
2020-01-17 21:00:56,46.120000000000005,5.175,0.0,0.0,0.0,0.0,0.0
2020-01-17 22:00:56,53.54333333333333,7.515,0.0,0.0,0.0,0.0,0.0
2020-01-17 23:00:56,51.07666666666666,6.87,0.0,0.0,0.0,0.0,0.0
2020-01-18 00:00:56,55.76666666666667,7.025000000000001,0.0,0.0,0.0,0.0,0.0
2020-01-18 01:00:56,60.79,11.464999999999998,0.0,0.0,0.0,0.0,0.0
2020-01-18 02:00:56,78.82,16.19,0.0,0.0,0.0,0.0,0.0
2020-01-18 03:00:56,80.72,20.93,0.0,0.0,0.0,0.0,0.0
2020-01-18 04:00:56,59.74333333333334,13.270000000000001,0.0,0.0,0.0,0.0,0.0
2020-01-18 05:00:56,60.446666666666665,6.985,0.0,0.0,0.0,0.0,0.0
2020-01-18 06:00:56,48.21666666666667,4.72,0.0,0.0,0.0,0.0,0.0
2020-01-18 07:00:56,53.04666666666667,5.885000000000001,0.0,0.0,0.0,0.0,0.0
2020-01-18 08:00:56,70.03,3.555,0.0,0.0,0.0,0.0,0.0
2020-01-18 09:00:56,78.76333333333334,2.59,0.0,0.0,0.0,0.0,0.0
2020-01-18 10:00:56,92.02,4.24,0.0,0.0,0.0,0.0,0.0
2020-01-18 11:00:56,88.84333333333333,8.31,0.0,0.0,0.0,0.0,0.0
2020-01-18 12:00:56,71.34333333333333,6.864999999999999,0.0,0.0,0.0,0.0,0.0
2020-01-18 13:00:56,59.73,3.815,0.0,0.0,0.0,0.0,0.0
2020-01-18 14:00:56,54.586666666666666,1.89,0.0,0.0,0.0,0.0,0.0
2020-01-18 15:00:56,38.36666666666667,0.9499999999999998,0.0,0.0,0.0,0.0,0.0
2020-01-18 16:00:56,30.84666666666667,0.47,0.0,0.0,0.0,0.0,0.0
2020-01-18 17:00:56,26.736666666666665,0.235,0.0,0.0,0.0,0.0,0.0
2020-01-18 18:00:56,30.383333333333336,0.115,0.0,0.0,0.0,0.0,0.0
2020-01-18 19:00:56,34.13333333333333,0.06,0.0,0.0,0.0,0.0,0.0
2020-01-18 20:00:56,31.203333333333333,0.03,0.0,0.0,0.0,0.0,0.0
2020-01-18 21:00:56,35.163333333333334,0.015,0.0,0.0,0.0,0.0,0.0
2020-01-18 22:00:56,37.30666666666667,0.005,0.0,0.0,0.0,0.0,0.0
2020-01-18 23:00:56,34.13333333333333,0.005,0.0,0.0,0.0,0.0,0.0
2020-01-19 00:00:56,24.810000000000002,0.05000000000000001,0.0,0.0,0.0,0.0,0.0
2020-01-19 01:00:56,27.083333333333332,0.17499999999999996,0.0,0.0,0.0,0.0,0.0
2020-01-19 02:00:56,20.65,0.09000000000000001,0.0,0.0,0.0,0.0,0.0
2020-01-19 03:00:56,15.840000000000002,0.045000000000000005,0.0,0.0,0.0,0.0,0.0
2020-01-19 04:00:56,16.866666666666667,0.02,0.0,0.0,0.0,0.0,0.0
2020-01-19 05:00:56,9.9,0.01,0.0,0.0,0.0,0.0,0.0
2020-01-19 06:00:56,8.616666666666667,0.005,0.0,0.0,0.0,0.0,0.0
2020-01-19 07:00:56,16.09,0.005,0.0,0.0,0.0,0.0,0.0
2020-01-19 08:00:56,12.456666666666665,0.0,0.0,0.0,0.0,0.0,0.0
2020-01-19 09:00:56,26.626666666666665,0.0,0.0,0.0,0.0,0.0,0.0
2020-01-19 10:00:56,27.553333333333335,0.0,0.0,0.0,0.0,0.0,0.0
2020-01-19 11:00:56,20.16,0.0,0.0,0.0,0.0,0.0,0.0
2020-01-19 12:00:56,23.87,3.0499999999999994,0.0,0.0,0.0,0.0,0.0
2020-01-19 13:00:56,27.973333333333333,11.78,0.0,0.0,0.0,0.0,0.0
2020-01-19 14:00:56,22.28333333333333,6.900000000000001,0.0,0.0,0.0,0.0,0.0
2020-01-19 15:00:56,18.803333333333335,3.555,0.0,0.0,0.0,0.0,0.0
2020-01-19 16:00:56,26.146666666666665,2.165,0.0,0.0,0.0,0.0,0.0
2020-01-19 17:00:56,20.880000000000003,1.54,0.0,0.0,0.0,0.0,0.0
2020-01-19 18:00:56,20.923333333333332,0.77,0.0,0.0,0.0,0.0,0.0
2020-01-19 19:00:56,26.636666666666667,0.46,0.0,0.0,0.0,0.0,0.0
2020-01-19 20:00:56,30.97333333333333,0.465,0.0,0.0,0.0,0.0,0.0
2020-01-19 21:00:56,50.72666666666667,0.235,0.0,0.0,0.0,0.0,0.0
2020-01-19 22:00:56,44.89666666666667,0.115,0.0,0.0,0.0,0.0,0.0
2020-01-19 23:00:56,40.02333333333333,0.06,0.0,0.0,0.0,0.0,0.0
2020-01-20 00:00:56,35.056666666666665,1.76,0.0,0.0,0.0,0.0,0.0
2020-01-20 01:00:56,39.97666666666667,6.69,0.0,0.0,0.0,0.0,0.0
2020-01-20 02:00:56,40.28333333333333,3.92,0.0,0.0,0.0,0.0,0.0
2020-01-20 03:00:56,37.95,2.48,0.0,0.0,0.0,0.0,0.0
2020-01-20 04:00:56,36.083333333333336,1.495,0.0,0.0,0.0,0.0,0.0
2020-01-20 05:00:56,28.44666666666667,1.36,0.0,0.0,0.0,0.0,0.0
2020-01-20 06:00:56,23.003333333333334,3.61,0.0,0.0,0.0,0.0,0.0
2020-01-20 07:00:56,20.043333333333333,10.245,0.0,0.0,0.0,0.0,0.0
2020-01-20 08:00:56,29.89,5.565,0.0,0.0,0.0,0.0,0.0
2020-01-20 09:00:56,29.29,3.2900000000000005,0.0,0.0,0.0,0.0,0.0
2020-01-20 10:00:56,24.836666666666666,2.445,0.0,0.0,0.0,0.0,0.0
2020-01-20 11:00:56,25.223333333333333,5.145,0.0,0.0,0.0,0.0,0.0
2020-01-20 12:00:56,14.143333333333334,0.0,0.0,0.0,0.0,0.0,0.0
2020-01-20 13:00:56,14.176666666666666,0.0,0.0,0.0,0.0,0.0,0.0
2020-01-20 14:00:56,29.83,9.435,0.0,0.0,0.0,0.0,0.0
2020-01-20 15:00:56,35.61666666666667,10.76,0.0,0.0,0.0,0.0,0.0
2020-01-20 16:00:56,38.806666666666665,15.824999999999998,0.0,0.0,0.0,0.0,0.0
2020-01-20 17:00:56,30.613333333333333,21.145,0.0,0.0,0.0,0.0,0.0
2020-01-20 18:00:56,28.723333333333333,16.395,0.0,0.0,0.0,0.0,0.0
2020-01-20 19:00:56,28.803333333333335,16.94,0.0,0.0,0.0,0.0,0.0
2020-01-20 20:00:56,37.86,12.535000000000002,0.0,0.0,0.0,0.0,0.0
2020-01-20 21:00:56,29.506666666666664,7.955000000000001,0.0,0.0,0.0,0.0,0.0
2020-01-20 22:00:56,28.516666666666666,4.48,0.0,0.0,0.0,0.0,0.0
2020-01-20 23:00:56,20.763333333333332,4.095,0.0,0.0,0.0,0.0,0.0
2020-01-21 00:00:56,30.450000000000003,7.36,0.0,0.0,0.0,0.0,0.0
2020-01-21 01:00:56,42.07666666666667,14.47,0.0,0.0,0.0,0.0,0.0
2020-01-21 02:00:56,43.64,11.85,0.0,0.0,0.0,0.0,0.0
2020-01-21 03:00:56,38.39,14.81,0.0,0.0,0.0,0.0,0.0
2020-01-21 04:00:56,32.74333333333333,10.16,0.0,0.0,0.0,0.0,0.0
2020-01-21 05:00:56,25.4,9.74,0.0,0.0,0.0,0.0,0.0
2020-01-21 06:00:56,13.243333333333332,0.0,0.0,0.0,0.0,0.0,0.0
2020-01-21 07:00:56,12.21,0.0,0.0,0.0,0.0,0.0,0.0
2020-01-21 08:00:56,16.863333333333333,0.0,0.0,0.0,0.0,0.0,0.0
2020-01-21 09:00:56,19.923333333333332,3.405,0.0,0.0,0.0,0.0,0.0
2020-01-21 10:00:56,17.056666666666665,2.9949999999999997,0.0,0.0,0.0,0.0,0.0
2020-01-21 11:00:56,15.23,0.0,0.0,0.0,0.0,0.0,0.0
2020-01-21 12:00:56,16.746666666666666,0.0,0.0,0.0,0.0,0.0,0.0
2020-01-21 13:00:56,21.296666666666667,0.0,0.0,0.0,0.0,0.0,0.0
2020-01-21 14:00:56,17.203333333333333,0.0,0.0,0.0,0.0,0.0,0.0
2020-01-21 15:00:56,20.03333333333333,0.0,0.0,0.0,0.0,0.0,0.0
2020-01-21 16:00:56,15.406666666666666,0.0,0.0,0.0,0.0,0.0,0.0
2020-01-21 17:00:56,13.296666666666667,0.0,0.0,0.0,0.0,0.0,0.0
2020-01-21 18:00:56,16.35333333333333,5.355,0.0,0.0,0.0,0.0,0.0
2020-01-21 19:00:56,44.38,7.595,0.0,0.0,0.0,0.0,0.0
2020-01-21 20:00:56,59.19,4.16,0.0,0.0,0.0,0.0,0.0
2020-01-21 21:00:56,42.56666666666666,4.065,0.0,0.0,0.0,0.0,0.0
2020-01-21 22:00:56,50.70333333333333,7.580000000000001,0.0,0.0,0.0,0.0,0.0
2020-01-21 23:00:56,53.67,15.675000000000002,0.0,0.0,0.0,0.0,0.0
2020-01-22 00:00:56,53.866666666666674,21.575,0.0,0.0,0.0,0.0,0.0
2020-01-22 01:00:56,73.17,30.865,0.0,0.0,0.0,0.0,0.0
2020-01-22 02:00:56,69.26333333333334,19.125,0.0,0.0,0.0,0.0,0.0
2020-01-22 03:00:56,53.38333333333333,12.11,0.0,0.0,0.0,0.0,0.0
2020-01-22 04:00:56,47.760000000000005,15.785000000000002,0.0,0.0,0.0,0.0,0.0
2020-01-22 05:00:56,29.53,14.145000000000001,0.0,0.0,0.0,0.0,0.0
2020-01-22 06:00:56,28.126666666666665,10.34,0.0,0.0,0.0,0.0,0.0
2020-01-22 07:00:56,25.41,12.945,0.0,0.0,0.0,0.0,0.0
2020-01-22 08:00:56,27.22,12.214999999999998,0.0,0.0,0.0,0.0,0.0
2020-01-22 09:00:56,67.15333333333334,17.995,0.0,0.0,0.0,0.0,0.0
2020-01-22 10:00:56,72.03999999999999,17.495,0.0,0.0,0.0,0.0,0.0
2020-01-22 11:00:56,77.79333333333334,24.290000000000003,0.0,0.0,0.0,0.0,0.0
2020-01-22 12:00:56,78.88333333333333,26.135,0.0,0.0,0.0,0.0,0.0
2020-01-22 13:00:56,76.67333333333333,37.71,0.0,0.0,0.0,0.0,0.0
2020-01-22 14:00:56,75.85666666666667,25.98,0.0,0.0,0.0,0.0,0.0
2020-01-22 15:00:56,53.75666666666666,16.79,0.0,0.0,0.0,0.0,0.0
2020-01-22 16:00:56,42.57333333333334,14.04,0.0,0.0,0.0,0.0,0.0
2020-01-22 17:00:56,31.923333333333332,12.32,0.0,0.0,0.0,0.0,0.0
2020-01-22 18:00:56,53.5,6.72,0.0,0.0,0.0,0.0,0.0
2020-01-22 19:00:56,58.74,6.635000000000001,0.0,0.0,0.0,0.0,0.0
2020-01-22 20:00:56,102.01666666666668,16.8,0.0,0.0,0.0,0.0,0.0
2020-01-22 21:00:56,102.72666666666667,21.895,0.0,0.0,0.0,0.0,0.0
2020-01-22 22:00:56,135.50333333333333,30.084999999999997,0.0,0.0,0.0,0.0,0.0
2020-01-22 23:00:56,143.91333333333336,46.18,0.0,0.0,0.0,0.0,0.0
2020-01-23 00:00:56,137.84666666666666,47.48,0.0,0.0,0.0,0.0,0.0
2020-01-23 01:00:56,114.47666666666667,35.095,0.0,0.0,0.0,0.0,0.0
2020-01-23 02:00:56,110.47666666666667,22.625,0.0,0.0,0.0,0.0,0.0
2020-01-23 03:00:56,92.92333333333333,15.97,0.0,0.0,0.0,0.0,0.0
2020-01-23 04:00:56,56.946666666666665,13.949999999999998,0.0,0.0,0.0,0.0,0.0
2020-01-23 05:00:56,39.25,8.325,0.0,0.0,0.0,0.0,0.0
2020-01-23 06:00:56,36.32666666666667,7.085,0.0,0.0,0.0,0.0,0.0
2020-01-23 07:00:56,29.093333333333334,8.165,0.0,0.0,0.0,0.0,0.0
2020-01-23 08:00:56,33.48666666666667,6.864999999999999,0.0,0.0,0.0,0.0,0.0
2020-01-23 09:00:56,57.080000000000005,9.555,0.0,0.0,0.0,0.0,0.0
2020-01-23 10:00:56,86.70666666666666,19.335,0.0,0.0,0.0,0.0,0.0
2020-01-23 11:00:56,103.61,29.485,0.0,0.0,0.0,0.0,0.0
2020-01-23 12:00:56,116.70333333333333,29.14,0.0,0.0,0.0,0.0,0.0
2020-01-23 13:00:56,77.87666666666667,28.290000000000003,0.0,0.0,0.0,0.0,0.0
2020-01-23 14:00:56,55.580000000000005,18.735,0.0,0.0,0.0,0.0,0.0
2020-01-23 15:00:56,53.42666666666667,12.565,0.0,0.0,0.0,0.0,0.0
2020-01-23 16:00:56,45.61666666666667,13.17,0.0,0.0,0.0,0.0,0.0
2020-01-23 17:00:56,50.13999999999999,12.555,0.0,0.0,0.0,0.0,0.0
2020-01-23 18:00:56,56.80666666666667,11.1,0.0,0.0,0.0,0.0,0.0
2020-01-23 19:00:56,40.22666666666667,11.295,0.0,0.0,0.0,0.0,0.0
2020-01-23 20:00:56,35.50666666666667,9.695,0.0,0.0,0.0,0.0,0.0
2020-01-23 21:00:56,29.256666666666668,5.1,0.0,0.0,0.0,0.0,0.0
2020-01-23 22:00:56,36.89,2.7000000000000006,0.0,0.0,0.0,0.0,0.0
2020-01-23 23:00:56,26.953333333333333,1.67,0.0,0.0,0.0,0.0,0.0
2020-01-24 00:00:56,33.00666666666667,3.3250000000000006,0.0,0.0,0.0,0.0,0.0
2020-01-24 01:00:56,34.723333333333336,7.665,0.0,0.0,0.0,0.0,0.0
2020-01-24 02:00:56,47.45333333333333,3.965,0.0,0.0,0.0,0.0,0.0
2020-01-24 03:00:56,35.15,3.875,0.0,0.0,0.0,0.0,0.0
2020-01-24 04:00:56,35.18666666666667,8.635,0.0,0.0,0.0,0.0,0.0
2020-01-24 05:00:56,32.47333333333333,8.065,0.0,0.0,0.0,0.0,0.0
2020-01-24 06:00:56,28.55333333333333,10.02,0.0,0.0,0.0,0.0,0.0
2020-01-24 07:00:56,36.88333333333333,19.415,0.0,0.0,0.0,0.0,0.0
2020-01-24 08:00:56,40.12,13.214999999999998,0.0,0.0,0.0,0.0,0.0
2020-01-24 09:00:56,57.82333333333333,14.62,0.0,0.0,0.0,0.0,0.0
2020-01-24 10:00:56,81.31,18.225,0.0,0.0,0.0,0.0,0.0
2020-01-24 11:00:56,141.61666666666667,28.334999999999997,0.0,0.0,0.0,0.0,0.0
2020-01-24 12:00:56,99.58666666666667,25.865,0.0,0.0,0.0,0.0,0.0
2020-01-24 13:00:56,59.78666666666667,21.285,0.0,0.0,0.0,0.0,0.0
2020-01-24 14:00:56,58.596666666666664,11.47,0.0,0.0,0.0,0.0,0.0
2020-01-24 15:00:56,56.54,9.25,0.0,0.0,0.0,0.0,0.0
2020-01-24 16:00:56,52.57666666666667,11.39,0.0,0.0,0.0,0.0,0.0
2020-01-24 17:00:56,43.28666666666667,9.775,0.0,0.0,0.0,0.0,0.0
2020-01-24 18:00:56,46.85,6.71,0.0,0.0,0.0,0.0,0.0
2020-01-24 19:00:56,59.766666666666666,9.085,0.0,0.0,0.0,0.0,0.0
2020-01-24 20:00:56,98.42333333333333,14.104999999999999,0.0,0.0,0.0,0.0,0.0
2020-01-24 21:00:56,131.99,26.195000000000004,16.57,0.0,0.0,0.0,18.54
2020-01-24 22:00:56,133.30666666666667,30.755,31.73,0.0,0.0,0.0,28.44
2020-01-24 23:00:56,122.61333333333333,26.595,31.06,0.0,0.0,0.0,20.68
2020-01-25 00:00:56,121.77666666666667,34.885,27.09,0.0,0.0,0.0,20.72
2020-01-25 01:00:56,114.90666666666667,46.055,25.52,0.0,0.0,0.0,18.2
2020-01-25 02:00:56,111.82666666666667,36.335,27.77,0.0,0.0,0.0,16.72
2020-01-25 03:00:56,91.67666666666666,32.405,22.81,0.0,0.0,0.0,16.93
2020-01-25 04:00:56,72.71333333333334,26.845,27.99,0.0,0.0,0.0,20.6
2020-01-25 05:00:56,70.48333333333333,22.61,28.409999999999997,0.0,0.0,0.0,25.25
2020-01-25 06:00:56,51.20666666666667,18.3,25.064999999999998,0.0,0.0,0.0,24.24
2020-01-25 07:00:56,39.916666666666664,15.665,25.91,0.0,0.0,0.0,18.56
2020-01-25 08:00:56,48.95666666666666,9.76,26.625,0.0,0.0,0.0,17.52
2020-01-25 09:00:56,62.19,8.875,32.04,0.0,0.0,0.0,17.79
2020-01-25 10:00:56,75.97,14.675000000000002,30.900000000000002,0.0,0.0,0.0,16.85
2020-01-25 11:00:56,69.7,12.13,36.905,0.0,0.0,0.0,20.64
2020-01-25 12:00:56,59.46666666666667,15.435,31.035,0.0,0.0,0.0,16.84
2020-01-25 13:00:56,56.89666666666667,19.695,30.115,0.0,0.0,0.0,15.8
2020-01-25 14:00:56,52.98333333333333,19.33,23.23,0.0,0.0,0.0,22.83
2020-01-25 15:00:56,42.86333333333334,0.0,21.439999999999998,0.0,0.0,0.0,19.17
2020-01-25 16:00:56,33.92666666666666,0.0,21.735000000000003,0.0,0.0,0.0,11.04
2020-01-25 17:00:56,36.56333333333333,7.765,22.745,0.0,0.0,0.0,8.06
2020-01-25 18:00:56,47.736666666666665,4.98,30.169999999999998,0.0,0.0,0.0,5.61
2020-01-25 19:00:56,75.66333333333333,7.79,27.070000000000004,0.0,0.0,0.0,4.01
2020-01-25 20:00:56,113.91333333333333,14.35,22.5,0.0,0.0,0.0,9.05
2020-01-25 21:00:56,151.82666666666665,25.545,27.650000000000002,0.0,0.0,0.0,8.22
2020-01-25 22:00:56,189.47333333333336,31.595,29.74,0.0,0.0,0.0,5.91
2020-01-25 23:00:56,178.69,28.834999999999997,26.225000000000005,0.0,0.0,0.0,9.57
2020-01-26 00:00:56,180.02999999999997,32.92,25.955,0.0,0.0,0.0,9.51
2020-01-26 01:00:56,169.26666666666665,40.885,22.474999999999998,0.0,0.0,0.0,8.5
2020-01-26 02:00:56,147.6,34.62,24.75,0.0,0.0,0.0,8.64
2020-01-26 03:00:56,118.97333333333333,23.14,20.74,0.0,0.0,0.0,8.35
2020-01-26 04:00:56,86.21,16.36,19.345,0.0,0.0,0.0,7.45
2020-01-26 05:00:56,58.346666666666664,12.18,20.3,0.0,0.0,0.0,7.14
2020-01-26 06:00:56,48.653333333333336,11.47,19.775,0.0,0.0,0.0,0.0
2020-01-26 07:00:56,40.623333333333335,14.88,18.125,0.0,0.0,0.0,0.0
2020-01-26 08:00:56,49.20333333333333,13.095,16.09,0.0,0.0,0.0,0.0
2020-01-26 09:00:56,60.123333333333335,18.675,17.425,0.0,0.0,0.0,0.0
2020-01-26 10:00:56,72.76,30.87,32.300000000000004,0.0,0.0,0.0,0.0
2020-01-26 11:00:56,80.69,38.475,57.165,0.0,0.0,0.0,0.0
2020-01-26 12:00:56,101.05,43.85,44.919999999999995,0.0,0.0,0.0,0.0
2020-01-26 13:00:56,76.30333333333334,41.015,42.645,0.0,0.0,0.0,0.0
2020-01-26 14:00:56,70.01333333333334,33.63,25.075,0.0,0.0,0.0,0.0
2020-01-26 15:00:56,50.093333333333334,24.09,30.130000000000006,0.0,0.0,0.0,0.0
2020-01-26 16:00:56,52.83,14.705,28.73,0.0,0.0,0.0,0.0
2020-01-26 17:00:56,49.21333333333333,11.815,29.385,0.0,0.0,0.0,0.0
2020-01-26 18:00:56,69.66666666666667,10.495,34.754999999999995,0.0,0.0,0.0,0.0
2020-01-26 19:00:56,94.69,23.0,25.865,0.0,0.0,0.0,0.0
2020-01-26 20:00:56,131.89666666666665,31.19,19.525000000000002,0.0,0.0,0.0,0.0
2020-01-26 21:00:56,165.65,46.09,26.965,0.0,0.0,0.0,0.0
2020-01-26 22:00:56,184.95333333333332,57.035,20.305,0.0,0.0,0.0,0.0
2020-01-26 23:00:56,163.33,66.005,23.36,0.0,0.0,0.0,0.0
2020-01-27 00:00:56,184.30666666666667,77.27,19.695,0.0,0.0,0.0,0.0
2020-01-27 01:00:56,168.19333333333333,82.465,20.17,0.0,0.0,0.0,0.0
2020-01-27 02:00:56,174.79666666666665,91.21499999999999,20.2,0.0,0.0,0.0,0.0
2020-01-27 03:00:56,156.41333333333336,86.3,16.505,0.0,0.0,0.0,0.0
2020-01-27 04:00:56,123.53333333333335,69.98,16.93,0.0,0.0,0.0,0.0
2020-01-27 05:00:56,104.37333333333333,50.845,16.585,0.0,0.0,0.0,0.0
2020-01-27 06:00:56,87.90666666666667,43.145,15.969999999999999,0.0,0.0,0.0,3.23
2020-01-27 07:00:56,77.31,39.17,15.840000000000002,0.0,0.0,0.0,3.1
2020-01-27 08:00:56,74.09333333333333,36.12,20.485,0.0,0.0,0.0,3.19
2020-01-27 09:00:56,101.74666666666667,40.565,24.314999999999998,0.0,0.0,0.0,3.72
2020-01-27 10:00:56,136.72,47.445,54.905,0.0,0.0,0.0,3.24
2020-01-27 11:00:56,180.03666666666666,58.975,66.945,0.0,0.0,0.0,3.53
2020-01-27 12:00:56,217.18,64.17,73.98,0.0,0.0,0.0,3.62
2020-01-27 13:00:56,169.37333333333333,65.35,58.339999999999996,0.0,0.0,0.0,3.26
2020-01-27 14:00:56,149.92,50.48,42.71,0.0,0.0,0.0,3.51
2020-01-27 15:00:56,108.34,38.095,36.57,0.0,0.0,0.0,3.63
2020-01-27 16:00:56,96.93666666666667,24.17,34.57,0.0,0.0,0.0,2.9
2020-01-27 17:00:56,104.30333333333333,14.435,34.195,0.0,0.0,0.0,2.91
2020-01-27 18:00:56,92.23,17.02,41.845,0.0,0.0,0.0,3.03
2020-01-27 19:00:56,118.06,23.334999999999997,28.27,0.0,0.0,0.0,2.36
2020-01-27 20:00:56,172.75666666666666,42.19,25.705,0.0,0.0,0.0,2.69
2020-01-27 21:00:56,215.39333333333332,73.455,23.685000000000002,0.0,0.0,0.0,4.0
2020-01-27 22:00:56,223.59,92.415,46.5,0.0,0.0,0.0,3.92
2020-01-27 23:00:56,250.43333333333334,83.53,46.29999999999999,0.0,0.0,0.0,4.3
2020-01-28 00:00:56,245.12666666666667,80.735,45.52,0.0,0.0,0.0,3.9
2020-01-28 01:00:56,233.64,88.06,41.275,0.0,0.0,0.0,5.04
2020-01-28 02:00:56,203.5,82.405,34.85,0.0,0.0,0.0,3.44
2020-01-28 03:00:56,178.49,67.705,32.03,0.0,0.0,0.0,3.65
2020-01-28 04:00:56,161.65333333333334,72.475,34.975,0.0,0.0,0.0,3.13
2020-01-28 05:00:56,151.21,63.435,26.625,0.0,0.0,0.0,3.06
2020-01-28 06:00:56,131.5,58.905,25.53,0.0,0.0,0.0,3.06
2020-01-28 07:00:56,116.36666666666666,49.35,27.590000000000003,0.0,0.0,0.0,2.26
2020-01-28 08:00:56,110.09333333333333,43.39000000000001,25.945000000000004,0.0,0.0,0.0,1.7
2020-01-28 09:00:56,127.16999999999999,46.59,31.944999999999997,0.0,0.0,0.0,3.57
2020-01-28 10:00:56,160.48333333333335,57.60999999999999,40.225,0.0,0.0,0.0,2.69
2020-01-28 11:00:56,193.86,72.675,62.205000000000005,0.0,0.0,0.0,2.74
2020-01-28 12:00:56,279.2933333333333,104.52500000000002,95.92,0.0,0.0,0.0,4.0
2020-01-28 13:00:56,319.63666666666666,125.55,69.92999999999999,0.0,0.0,0.0,3.18
2020-01-28 14:00:56,283.03666666666663,112.88,68.845,0.0,0.0,0.0,3.28
2020-01-28 15:00:56,244.01,83.54,43.300000000000004,0.0,0.0,0.0,2.12
2020-01-28 16:00:56,200.01,56.21,36.120000000000005,0.0,0.0,0.0,0.14
2020-01-28 17:00:56,186.65,45.22,38.25,0.0,0.0,0.0,0.15
2020-01-28 18:00:56,153.18666666666667,36.89,40.03,0.0,0.0,0.0,0.15
2020-01-28 19:00:56,136.36,31.38,36.71,0.0,0.0,0.0,0.45
2020-01-28 20:00:56,110.61333333333334,27.615,36.015,0.0,0.0,0.0,2.93
2020-01-28 21:00:56,84.72,23.535,32.61,0.0,0.0,0.0,1.3
2020-01-28 22:00:56,72.46,16.695,29.38,0.0,0.0,0.0,2.53
2020-01-28 23:00:56,58.03333333333333,14.425000000000002,30.560000000000002,0.0,0.0,0.0,0.98
2020-01-29 00:00:56,60.73333333333333,14.255,33.545,0.0,0.0,0.0,0.8
2020-01-29 01:00:56,77.78,18.305,28.125,0.0,0.0,0.0,0.7
2020-01-29 02:00:56,77.27333333333333,20.99,34.185,0.0,0.0,0.0,0.65
2020-01-29 03:00:56,85.55333333333334,33.625,28.545,0.0,0.0,0.0,0.07
2020-01-29 04:00:56,67.91333333333334,20.045,28.825,0.0,0.0,0.0,0.1
2020-01-29 05:00:56,56.43000000000001,17.385,22.115,0.0,0.0,0.0,0.03
2020-01-29 06:00:56,41.93333333333334,15.155,23.08,0.0,0.0,0.0,0.29
2020-01-29 07:00:56,48.14333333333333,17.545,20.91,0.0,0.0,0.0,0.0
2020-01-29 08:00:56,38.596666666666664,10.765,27.600000000000005,0.0,0.0,0.0,0.0
2020-01-29 09:00:56,48.593333333333334,10.195,24.745000000000005,0.0,0.0,0.0,0.0
2020-01-29 10:00:56,46.21333333333333,8.99,24.0,0.0,0.0,0.0,4.04
2020-01-29 11:00:56,48.900000000000006,14.655,28.294999999999998,0.0,0.0,0.0,9.37
2020-01-29 12:00:56,49.93,14.74,31.73,0.0,0.0,0.0,11.64
2020-01-29 13:00:56,36.95666666666667,15.635,31.334999999999997,0.0,0.0,0.0,14.44
2020-01-29 14:00:56,27.81,10.365,32.345,0.0,0.0,0.0,14.38
2020-01-29 15:00:56,31.68,6.875,30.675,0.0,0.0,0.0,17.77
2020-01-29 16:00:56,36.18,8.035,26.175,0.0,0.0,0.0,17.93
2020-01-29 17:00:56,34.19,7.845,25.61,0.0,0.0,0.0,18.15
2020-01-29 18:00:56,43.730000000000004,10.74,31.84,0.0,0.0,0.0,20.89
2020-01-29 19:00:56,67.42666666666666,12.949999999999998,49.73,0.0,0.0,0.0,15.68
2020-01-29 20:00:56,76.17666666666666,13.43,46.574999999999996,0.0,0.0,0.0,18.51
2020-01-29 21:00:56,71.37,8.75,46.035,0.0,0.0,0.0,20.9
2020-01-29 22:00:56,60.94333333333333,10.195,46.330000000000005,0.0,0.0,0.0,18.1
2020-01-29 23:00:56,59.42,10.095,46.755,0.0,0.0,0.0,17.42
2020-01-30 00:00:56,54.29333333333334,14.39,46.63999999999999,0.0,0.0,0.0,17.5
2020-01-30 01:00:56,43.45333333333333,12.25,37.275,0.0,0.0,0.0,18.07
2020-01-30 02:00:56,30.736666666666665,11.655,30.415000000000003,0.0,0.0,0.0,18.98
2020-01-30 03:00:56,27.446666666666665,6.0,29.175,0.0,0.0,0.0,19.43
2020-01-30 04:00:56,25.17,5.005,27.49,0.0,0.0,0.0,18.57
2020-01-30 05:00:56,18.153333333333332,8.07,20.13,0.0,0.0,0.0,18.55
2020-01-30 06:00:56,20.266666666666666,6.599999999999999,21.035,0.0,0.0,0.0,18.09
2020-01-30 07:00:56,22.593333333333334,8.74,24.150000000000002,0.0,0.0,0.0,19.01
2020-01-30 08:00:56,23.413333333333334,4.91,25.13,0.0,0.0,0.0,19.52
2020-01-30 09:00:56,28.21,4.76,25.11,0.0,0.0,0.0,17.79
2020-01-30 10:00:56,38.24666666666667,8.09,25.99,0.0,0.0,0.0,19.84
2020-01-30 11:00:56,33.196666666666665,5.88,24.49,0.0,0.0,0.0,20.25
2020-01-30 12:00:56,36.906666666666666,5.03,28.365,0.0,0.0,0.0,18.7
2020-01-30 13:00:56,39.306666666666665,7.669999999999999,28.485,0.0,0.0,0.0,20.57
2020-01-30 14:00:56,34.86666666666667,7.73,27.455,0.0,0.0,0.0,20.58
2020-01-30 15:00:56,29.956666666666667,4.585,19.305,0.0,0.0,0.0,20.01
2020-01-30 16:00:56,30.13666666666667,4.54,18.64,0.0,0.0,0.0,18.41
2020-01-30 17:00:56,36.29,10.75,19.18,0.0,0.0,0.0,16.27
2020-01-30 18:00:56,49.339999999999996,19.74,18.76,0.0,0.0,0.0,17.43
2020-01-30 19:00:56,61.653333333333336,22.78,17.345,0.0,0.0,0.0,17.42
2020-01-30 20:00:56,60.21333333333334,19.585,15.235,0.0,0.0,0.0,17.81
2020-01-30 21:00:56,48.94,14.925000000000002,15.049999999999999,0.0,0.0,0.0,17.79
2020-01-30 22:00:56,32.483333333333334,9.45,21.09,0.0,0.0,0.0,17.14
2020-01-30 23:00:56,37.29333333333333,6.695,13.030000000000001,0.0,0.0,0.0,16.73
2020-01-31 00:00:56,21.286666666666665,3.875,12.74,0.0,0.0,0.0,17.22
2020-01-31 01:00:56,18.27,3.645,12.6,0.0,0.0,0.0,15.9
2020-01-31 02:00:56,23.473333333333333,3.315,12.43,0.0,0.0,0.0,17.89
2020-01-31 03:00:56,11.77,2.35,12.159999999999998,0.0,0.0,0.0,19.52
2020-01-31 04:00:56,10.013333333333334,2.2,11.955,0.0,0.0,0.0,18.66
2020-01-31 05:00:56,7.273333333333333,1.785,11.450000000000001,0.0,0.0,0.0,20.81
2020-01-31 06:00:56,5.91,0.0,12.79,0.0,0.0,0.0,22.46
2020-01-31 07:00:56,5.933333333333334,0.0,15.49,0.0,0.0,0.0,25.62
2020-01-31 08:00:56,28.02,0.0,15.375,0.0,0.0,0.0,23.86
2020-01-31 09:00:56,18.543333333333333,4.09,16.14,0.0,0.0,0.0,21.92
2020-01-31 10:00:56,16.406666666666666,0.0,15.985,0.0,0.0,0.0,22.69
2020-01-31 11:00:56,16.46,0.0,15.475,0.0,0.0,0.0,24.19
2020-01-31 12:00:56,17.55,5.675,15.175000000000002,0.0,0.0,0.0,24.36
2020-01-31 13:00:56,24.993333333333336,6.435,14.565,0.0,0.0,0.0,26.53
2020-01-31 14:00:56,16.803333333333335,7.86,14.25,0.0,0.0,0.0,26.24
2020-01-31 15:00:56,18.423333333333332,5.885000000000001,13.86,0.0,0.0,0.0,25.85
2020-01-31 16:00:56,21.806666666666665,3.94,15.345,0.0,0.0,0.0,24.22
2020-01-31 17:00:56,22.843333333333334,2.6749999999999994,15.270000000000001,0.0,0.0,0.0,22.45
2020-01-31 18:00:56,24.756666666666668,2.78,7.375,0.0,0.0,0.0,21.86
2020-01-31 19:00:56,25.89,4.38,7.900000000000001,0.0,0.0,0.0,22.29
2020-01-31 20:00:56,44.56,6.099999999999999,8.23,0.0,0.0,0.0,22.59
2020-01-31 21:00:56,70.05666666666667,13.885,7.375,0.0,0.0,0.0,22.86
2020-01-31 22:00:56,64.75333333333333,18.62,6.969999999999999,0.0,0.0,0.0,23.3
2020-01-31 23:00:56,55.866666666666674,19.5,6.885000000000001,0.0,0.0,0.0,21.56
2020-02-01 00:00:56,48.67333333333333,13.305,20.62,0.0,0.0,0.0,21.92
2020-02-01 01:00:56,59.03333333333333,11.660000000000002,26.815,0.0,0.0,0.0,21.33
2020-02-01 02:00:56,57.96333333333334,10.065,23.310000000000002,0.0,0.0,0.0,21.19
2020-02-01 03:00:56,39.92333333333333,7.13,21.83,0.0,0.0,0.0,22.49
2020-02-01 04:00:56,27.07333333333333,5.16,19.285,0.0,0.0,0.0,23.31
2020-02-01 05:00:56,21.803333333333335,4.47,16.8,0.0,0.0,0.0,24.5
2020-02-01 06:00:56,24.27,8.56,13.424999999999999,0.0,0.0,0.0,22.56
2020-02-01 07:00:56,25.066666666666666,11.695,11.835,0.0,0.0,0.0,21.85
2020-02-01 08:00:56,19.636666666666667,6.445,12.585,0.0,0.0,0.0,18.56
2020-02-01 09:00:56,25.023333333333333,5.69,12.395000000000001,0.0,0.0,0.0,16.34
2020-02-01 10:00:56,28.186666666666667,9.285,13.13,0.0,0.0,0.0,13.92
2020-02-01 11:00:56,26.136666666666667,5.849999999999999,14.165,0.0,0.0,0.0,14.85
2020-02-01 12:00:56,29.913333333333338,5.71,17.29,0.0,0.0,0.0,16.05
2020-02-01 13:00:56,30.450000000000003,0.0,22.334999999999997,0.0,0.0,0.0,12.13
2020-02-01 14:00:56,46.51,16.59,21.125,0.0,0.0,0.0,16.66
2020-02-01 15:00:56,40.02,15.135,18.16,0.0,0.0,0.0,12.03
2020-02-01 16:00:56,29.96333333333333,13.435,16.245,0.0,0.0,0.0,11.74
2020-02-01 17:00:56,31.78333333333333,13.07,14.67,0.0,0.0,0.0,14.59
2020-02-01 18:00:56,37.57333333333333,0.0,15.12,0.0,0.0,0.0,12.97
2020-02-01 19:00:56,45.71000000000001,21.429999999999996,15.674999999999999,0.0,0.0,0.0,13.27
2020-02-01 20:00:56,63.443333333333335,23.205,25.135,0.0,0.0,0.0,14.3
2020-02-01 21:00:56,91.63,44.03,28.48,0.0,0.0,0.0,12.05
2020-02-01 22:00:56,122.24333333333334,62.435,49.879999999999995,0.0,0.0,0.0,14.83
2020-02-01 23:00:56,145.79666666666665,72.42,29.47,0.0,0.0,0.0,13.42
2020-02-02 00:00:56,142.07999999999998,96.83,32.76,0.0,0.0,0.0,13.84
2020-02-02 01:00:56,150.52666666666664,103.33,24.01,0.0,0.0,0.0,16.57
2020-02-02 02:00:56,147.44,96.36,22.650000000000002,0.0,0.0,0.0,15.62
2020-02-02 03:00:56,119.36333333333333,70.615,27.689999999999998,0.0,0.0,0.0,20.51
2020-02-02 04:00:56,79.46333333333334,37.08,22.025000000000002,0.0,0.0,0.0,20.5
2020-02-02 05:00:56,58.366666666666674,23.705,20.58,0.0,0.0,0.0,15.02
2020-02-02 06:00:56,45.06999999999999,17.435,18.99,0.0,0.0,0.0,18.7
2020-02-02 07:00:56,44.120000000000005,12.949999999999998,17.5,0.0,0.0,0.0,22.93
2020-02-02 08:00:56,48.95333333333333,14.699999999999998,20.325,0.0,0.0,0.0,22.77
2020-02-02 09:00:56,44.31,13.055,20.08,0.0,0.0,0.0,25.94
2020-02-02 10:00:56,44.48,11.415,22.45,0.0,0.0,0.0,23.71
2020-02-02 11:00:56,45.3,14.39,23.395,0.0,0.0,0.0,22.29
2020-02-02 12:00:56,44.6,15.635,28.175,0.0,0.0,0.0,22.87
2020-02-02 13:00:56,55.870000000000005,15.68,38.86,0.0,0.0,0.0,18.32
2020-02-02 14:00:56,49.29,16.285,33.52,0.0,0.0,0.0,21.5
2020-02-02 15:00:56,47.626666666666665,10.585,28.929999999999996,0.0,0.0,0.0,17.73
2020-02-02 16:00:56,44.94333333333333,12.64,27.715,0.0,0.0,0.0,16.0
2020-02-02 17:00:56,43.36,11.31,25.17,0.0,0.0,0.0,18.69
2020-02-02 18:00:56,46.513333333333335,8.78,24.625,0.0,0.0,0.0,15.63
2020-02-02 19:00:56,53.72333333333333,12.410000000000002,28.28,0.0,0.0,0.0,17.24
2020-02-02 20:00:56,70.18333333333334,16.86,39.725,0.0,0.0,0.0,17.0
2020-02-02 21:00:56,86.62333333333333,19.325,34.055,0.0,0.0,0.0,15.8
2020-02-02 22:00:56,88.89333333333333,23.165000000000003,27.505,0.0,0.0,0.0,16.05
2020-02-02 23:00:56,77.86,23.475000000000005,21.405,0.0,0.0,0.0,15.24
2020-02-03 00:00:56,95.6,28.054999999999996,20.900000000000002,0.0,0.0,0.0,15.29
2020-02-03 01:00:56,89.11666666666667,29.265,21.295,0.0,0.0,0.0,16.63
2020-02-03 02:00:56,85.74000000000001,27.105,19.685,0.0,0.0,0.0,15.8
2020-02-03 03:00:56,78.49666666666667,21.62,18.315,0.0,0.0,0.0,15.03
2020-02-03 04:00:56,71.51333333333334,20.635,21.965,0.0,0.0,0.0,16.54
2020-02-03 05:00:56,79.88,21.615,22.125,0.0,0.0,0.0,15.49
2020-02-03 06:00:56,67.12666666666667,21.649999999999995,20.91,0.0,0.0,0.0,15.03
2020-02-03 07:00:56,61.053333333333335,24.385,29.515,0.0,0.0,0.0,14.52
2020-02-03 08:00:56,80.62666666666667,23.959999999999997,31.554999999999996,0.0,0.0,0.0,14.12
2020-02-03 09:00:56,106.10666666666667,28.09,34.339999999999996,0.0,0.0,0.0,13.12
2020-02-03 10:00:56,87.84,28.774999999999995,32.595,0.0,0.0,0.0,14.06
2020-02-03 11:00:56,142.24666666666667,37.4,44.155,0.0,0.0,0.0,13.0
2020-02-03 12:00:56,136.48666666666668,40.475,52.315,0.0,0.0,0.0,16.65
2020-02-03 13:00:56,132.07666666666665,34.89,37.545,0.0,0.0,0.0,14.54
2020-02-03 14:00:56,83.26333333333334,21.73,33.515,0.0,0.0,0.0,16.56
2020-02-03 15:00:56,63.33,15.58,29.485,0.0,0.0,0.0,18.95
2020-02-03 16:00:56,55.07666666666667,14.455,28.070000000000004,0.0,0.0,0.0,18.59
2020-02-03 17:00:56,49.60333333333333,14.595,27.005,0.0,0.0,0.0,19.2
2020-02-03 18:00:56,49.70333333333333,12.449999999999998,32.42,0.0,0.0,0.0,18.03
2020-02-03 19:00:56,73.16,12.62,41.09,0.0,0.0,0.0,16.88
2020-02-03 20:00:56,69.93,13.425000000000002,40.1,0.0,0.0,0.0,19.0
2020-02-03 21:00:56,60.35999999999999,12.42,39.625,0.0,0.0,0.0,18.45
2020-02-03 22:00:56,48.23,13.35,36.37,0.0,0.0,0.0,20.16
2020-02-03 23:00:56,27.936666666666667,8.625,33.435,0.0,0.0,0.0,22.15
2020-02-04 00:00:56,40.623333333333335,9.595,30.76,0.0,0.0,0.0,19.2
2020-02-04 01:00:56,27.55,0.0,27.205,0.0,0.0,0.0,22.82
2020-02-04 02:00:56,25.086666666666666,8.45,19.790000000000003,0.0,0.0,0.0,23.63
2020-02-04 03:00:56,25.453333333333333,6.05,16.695,0.0,0.0,0.0,21.83
2020-02-04 04:00:56,20.163333333333334,4.255,17.095,0.0,0.0,0.0,20.07
2020-02-04 05:00:56,19.323333333333334,4.59,17.0,0.0,0.0,0.0,20.85
2020-02-04 06:00:56,17.986666666666665,6.745,17.36,0.0,0.0,0.0,18.18
2020-02-04 07:00:56,19.28,6.285,16.33,0.0,0.0,0.0,20.64
2020-02-04 08:00:56,29.69666666666667,6.505,15.79,0.0,0.0,0.0,15.67
2020-02-04 09:00:56,22.973333333333333,0.0,16.04,0.0,0.0,0.0,17.02
2020-02-04 10:00:56,17.313333333333333,6.38,18.474999999999998,0.0,0.0,0.0,19.92
2020-02-04 11:00:56,15.556666666666667,6.21,20.275000000000002,0.0,0.0,0.0,19.37
2020-02-04 12:00:56,11.646666666666667,0.0,19.57,0.0,0.0,0.0,21.13
2020-02-04 13:00:56,19.793333333333333,7.330000000000001,19.03,0.0,0.0,0.0,21.58
2020-02-04 14:00:56,13.293333333333333,8.025,19.19,0.0,0.0,0.0,21.99
2020-02-04 15:00:56,20.843333333333334,7.080000000000001,17.65,0.0,0.0,0.0,20.38
2020-02-04 16:00:56,19.476666666666667,3.5400000000000005,16.48,0.0,0.0,0.0,20.85
2020-02-04 17:00:56,19.933333333333334,2.005,16.995,0.0,0.0,0.0,21.08
2020-02-04 18:00:56,37.20666666666666,2.325,23.99,0.0,0.0,0.0,21.2
2020-02-04 19:00:56,49.56,5.29,29.070000000000004,0.0,0.0,0.0,19.6
2020-02-04 20:00:56,75.93666666666667,11.089999999999998,32.86,0.0,0.0,0.0,20.35
2020-02-04 21:00:56,76.50666666666666,12.295,33.46,0.0,0.0,0.0,20.05
2020-02-04 22:00:56,59.260000000000005,9.685,27.87,0.0,0.0,0.0,20.12
2020-02-04 23:00:56,56.68333333333334,8.88,26.334999999999997,0.0,0.0,0.0,19.42
2020-02-05 00:00:56,55.906666666666666,13.44,28.5,0.0,0.0,0.0,20.19
2020-02-05 01:00:56,52.28666666666667,14.699999999999998,19.94,0.0,0.0,0.0,18.73
2020-02-05 02:00:56,42.89666666666667,11.68,17.76,0.0,0.0,0.0,20.67
2020-02-05 03:00:56,36.45,11.035000000000002,15.520000000000001,0.0,0.0,0.0,20.47
2020-02-05 04:00:56,41.22,13.435,17.605,0.0,0.0,0.0,20.14
2020-02-05 05:00:56,29.96,10.725,17.595,0.0,0.0,0.0,21.33
2020-02-05 06:00:56,28.91333333333333,7.845,16.97,0.0,0.0,0.0,22.65
2020-02-05 07:00:56,21.046666666666667,0.0,17.45,0.0,0.0,0.0,24.36
2020-02-05 08:00:56,14.806666666666667,6.985,18.95,0.0,0.0,0.0,23.66
2020-02-05 09:00:56,18.686666666666667,5.974999999999999,19.605,0.0,0.0,0.0,24.18
2020-02-05 10:00:56,23.276666666666667,6.474999999999999,17.16,0.0,0.0,0.0,22.33
2020-02-05 11:00:56,20.766666666666666,3.65,21.62,0.0,0.0,0.0,22.71
2020-02-05 12:00:56,18.67,4.12,14.520000000000001,0.0,0.0,0.0,22.93
2020-02-05 13:00:56,21.41,8.385,7.025000000000001,0.0,0.0,0.0,22.56
2020-02-05 14:00:56,21.419999999999998,0.0,25.56,0.0,0.0,0.0,26.1
2020-02-05 15:00:56,19.89,0.0,22.625,0.0,0.0,0.0,27.46
2020-02-05 16:00:56,22.53,4.01,22.295,0.0,0.0,0.0,29.35
2020-02-05 17:00:56,14.280000000000001,2.6749999999999994,22.28,0.0,0.0,0.0,26.71
2020-02-05 18:00:56,18.13,4.2,21.875,0.0,0.0,0.0,25.23
2020-02-05 19:00:56,15.98,0.0,24.695000000000004,0.0,0.0,0.0,19.75
2020-02-05 20:00:56,8.63,5.12,23.804999999999996,0.0,0.0,0.0,16.87
2020-02-05 21:00:56,55.296666666666674,4.72,20.355,0.0,0.0,0.0,17.07
2020-02-05 22:00:56,33.343333333333334,6.54,19.57,0.0,0.0,0.0,19.29
2020-02-05 23:00:56,29.003333333333334,3.72,18.695,0.0,0.0,0.0,18.14
2020-02-06 00:00:56,25.923333333333332,3.8250000000000006,18.07,0.0,0.0,0.0,19.08
2020-02-06 01:00:56,16.21666666666667,6.614999999999999,17.834999999999997,0.0,0.0,0.0,18.86
2020-02-06 02:00:56,16.78666666666667,3.7000000000000006,17.17,0.0,0.0,0.0,17.26
2020-02-06 03:00:56,18.676666666666666,2.285,16.63,0.0,0.0,0.0,21.09
2020-02-06 04:00:56,16.18,1.67,16.285,0.0,0.0,0.0,20.66
2020-02-06 05:00:56,11.666666666666666,1.23,15.515,0.0,0.0,0.0,22.68
2020-02-06 06:00:56,14.653333333333334,1.32,15.340000000000002,0.0,0.0,0.0,23.25
2020-02-06 07:00:56,11.746666666666666,1.945,16.745,0.0,0.0,0.0,23.45
2020-02-06 08:00:56,19.74,3.66,16.395,0.0,0.0,0.0,25.44
2020-02-06 09:00:56,29.453333333333333,4.1,16.08,0.0,0.0,0.0,23.62
2020-02-06 10:00:56,27.19333333333333,3.3800000000000003,16.05,0.0,0.0,0.0,27.84
2020-02-06 11:00:56,33.54,5.11,14.674999999999999,0.0,0.0,0.0,26.88
2020-02-06 12:00:56,33.06666666666667,3.805,12.985,0.0,0.0,0.0,20.33
2020-02-06 13:00:56,23.60333333333333,5.345,12.505,0.0,0.0,0.0,18.31
2020-02-06 14:00:56,21.53333333333333,7.345,12.57,0.0,0.0,0.0,16.63
2020-02-06 15:00:56,20.726666666666667,4.915,12.24,0.0,0.0,0.0,16.21
2020-02-06 16:00:56,26.953333333333333,6.095,12.58,0.0,0.0,0.0,16.56
2020-02-06 17:00:56,24.47,8.32,12.089999999999998,0.0,0.0,0.0,14.83
2020-02-06 18:00:56,26.02,8.025,13.055,0.0,0.0,0.0,14.11
2020-02-06 19:00:56,30.576666666666668,10.845,12.975,0.0,0.0,0.0,15.27
2020-02-06 20:00:56,35.22666666666667,20.255,11.985,0.0,0.0,0.0,15.87
2020-02-06 21:00:56,32.6,12.464999999999998,11.195,0.0,0.0,0.0,14.58
2020-02-06 22:00:56,29.366666666666667,10.89,12.255,0.0,0.0,0.0,16.23
2020-02-06 23:00:56,39.086666666666666,15.645000000000001,14.155,0.0,0.0,0.0,15.13
2020-02-07 00:00:56,50.370000000000005,20.91,13.325000000000001,0.0,0.0,0.0,16.0
2020-02-07 01:00:56,40.010000000000005,0.0,12.61,0.0,0.0,0.0,15.6
2020-02-07 02:00:56,33.57333333333333,16.465,13.344999999999999,0.0,0.0,0.0,16.49
2020-02-07 03:00:56,39.51,12.85,12.455,0.0,0.0,0.0,15.89
2020-02-07 04:00:56,35.42333333333333,8.52,12.4,0.0,0.0,0.0,17.73
2020-02-07 05:00:56,26.233333333333334,5.345,12.020000000000001,0.0,0.0,0.0,18.99
2020-02-07 06:00:56,24.96,7.419999999999999,12.449999999999998,0.0,0.0,0.0,17.9
2020-02-07 07:00:56,31.65,11.26,12.76,0.0,0.0,0.0,18.04
2020-02-07 08:00:56,27.813333333333333,7.535,10.535,0.0,0.0,0.0,17.4
2020-02-07 09:00:56,19.566666666666666,6.69,12.959999999999999,0.0,0.0,0.0,16.39
2020-02-07 10:00:56,25.630000000000003,12.295,12.135,0.0,0.0,0.0,16.13
2020-02-07 11:00:56,18.763333333333332,10.01,11.86,0.0,0.0,0.0,16.59
2020-02-07 12:00:56,11.776666666666666,0.0,11.780000000000001,0.0,0.0,0.0,17.57
2020-02-07 13:00:56,11.719999999999999,0.0,5.165,0.0,0.0,0.0,17.32
2020-02-07 14:00:56,18.303333333333335,4.105,12.735,0.0,0.0,0.0,18.51
2020-02-07 15:00:56,28.43,2.98,12.62,0.0,0.0,0.0,18.97
2020-02-07 16:00:56,17.563333333333333,2.985,12.185,0.0,0.0,0.0,20.3
2020-02-07 17:00:56,25.85333333333333,4.69,12.354999999999999,0.0,0.0,0.0,21.4
2020-02-07 18:00:56,23.666666666666664,3.535,11.46,0.0,0.0,0.0,15.31
2020-02-07 19:00:56,22.936666666666667,5.665,11.549999999999999,0.0,0.0,0.0,17.16
2020-02-07 20:00:56,22.60333333333333,8.06,11.79,0.0,0.0,0.0,18.03
2020-02-07 21:00:56,26.616666666666667,5.325,13.045,0.0,0.0,0.0,18.4
2020-02-07 22:00:56,18.21333333333333,4.17,12.695,0.0,0.0,0.0,19.29
2020-02-07 23:00:56,20.233333333333334,4.69,11.99,0.0,0.0,0.0,18.46
2020-02-08 00:00:56,24.64,3.9249999999999994,5.609999999999999,0.0,0.0,0.0,20.55
2020-02-08 01:00:56,17.203333333333333,5.495,5.599999999999999,0.0,0.0,0.0,20.21
2020-02-08 02:00:56,20.723333333333333,3.265,5.425,0.0,0.0,0.0,22.19
2020-02-08 03:00:56,17.21,2.9150000000000005,5.175,0.0,0.0,0.0,27.15
2020-02-08 04:00:56,11.986666666666666,3.43,5.09,0.0,0.0,0.0,31.23
2020-02-08 05:00:56,8.266666666666667,3.2000000000000006,5.400000000000001,0.0,0.0,0.0,33.06
2020-02-08 06:00:56,7.300000000000001,2.76,6.010000000000001,0.0,0.0,0.0,33.85
2020-02-08 07:00:56,9.336666666666668,4.545,6.025000000000001,0.0,0.0,0.0,31.25
2020-02-08 08:00:56,6.643333333333333,6.135000000000001,5.955000000000001,0.0,0.0,0.0,27.36
2020-02-08 09:00:56,13.566666666666666,4.025,5.88,0.0,0.0,0.0,22.83
2020-02-08 10:00:56,12.219999999999999,3.555,6.094999999999999,0.0,0.0,0.0,22.17
2020-02-08 11:00:56,16.016666666666666,2.17,5.885000000000001,0.0,0.0,0.0,19.96
2020-02-08 12:00:56,19.973333333333333,2.35,13.88,0.0,0.0,0.0,23.46
2020-02-08 13:00:56,29.953333333333333,4.73,12.035000000000002,0.0,0.0,0.0,26.1
2020-02-08 14:00:56,53.21666666666667,3.2099999999999995,13.324999999999998,0.0,0.0,0.0,25.29
2020-02-08 15:00:56,40.13666666666666,3.605,14.155000000000001,0.0,0.0,0.0,24.21
2020-02-08 16:00:56,36.013333333333335,6.13,12.92,0.0,0.0,0.0,24.56
2020-02-08 17:00:56,26.21333333333333,3.1749999999999994,13.825000000000001,0.0,0.0,0.0,23.09
2020-02-08 18:00:56,29.596666666666668,2.075,13.055,0.0,0.0,0.0,22.09
2020-02-08 19:00:56,28.116666666666664,2.155,12.42,0.0,0.0,0.0,16.66
2020-02-08 20:00:56,33.57333333333333,1.23,14.845,0.0,0.0,0.0,17.59
2020-02-08 21:00:56,27.726666666666667,1.065,17.205,0.0,0.0,0.0,19.33
2020-02-08 22:00:56,24.51,2.49,19.98,0.0,0.0,0.0,19.01
2020-02-08 23:00:56,25.236666666666665,6.755,16.915,0.0,0.0,0.0,20.81
2020-02-09 00:00:56,19.49,4.365,15.99,0.0,0.0,0.0,21.43
2020-02-09 01:00:56,20.036666666666665,3.875,16.995,0.0,0.0,0.0,22.26
2020-02-09 02:00:56,15.61,4.03,15.325000000000001,0.0,0.0,0.0,21.96
2020-02-09 03:00:56,11.87,0.0,13.515,0.0,0.0,0.0,22.3
2020-02-09 04:00:56,11.5,0.0,11.995,0.0,0.0,0.0,24.13
2020-02-09 05:00:56,9.44,0.0,11.095,0.0,0.0,0.0,27.17
2020-02-09 06:00:56,18.02,4.035,13.725,0.0,0.0,0.0,26.54
2020-02-09 07:00:56,23.766666666666666,2.66,12.935,0.0,0.0,0.0,25.84
2020-02-09 08:00:56,28.373333333333335,3.49,13.905,0.0,0.0,0.0,23.24
2020-02-09 09:00:56,31.206666666666663,3.6,16.065,0.0,0.0,0.0,22.83
2020-02-09 10:00:56,27.806666666666665,4.845,14.58,0.0,0.0,0.0,23.44
2020-02-09 11:00:56,21.66,4.72,14.475,0.0,0.0,0.0,19.37
2020-02-09 12:00:56,24.536666666666665,6.075,18.085,0.0,0.0,0.0,19.47
2020-02-09 13:00:56,23.773333333333333,6.47,17.5,0.0,0.0,0.0,16.67
2020-02-09 14:00:56,24.85,5.77,15.520000000000001,0.0,0.0,0.0,13.0
2020-02-09 15:00:56,31.026666666666667,5.01,17.53,0.0,0.0,0.0,15.17
2020-02-09 16:00:56,34.03,3.8349999999999995,14.200000000000001,0.0,0.0,0.0,16.81
2020-02-09 17:00:56,51.72333333333333,5.445,13.78,0.0,0.0,0.0,14.63
2020-02-09 18:00:56,39.93666666666667,7.21,13.235,0.0,0.0,0.0,12.94
2020-02-09 19:00:56,37.43,10.14,13.145000000000001,0.0,0.0,0.0,9.88
2020-02-09 20:00:56,33.29,5.875,13.229999999999999,0.0,0.0,0.0,11.36
2020-02-09 21:00:56,29.313333333333333,4.43,15.530000000000001,0.0,0.0,0.0,11.05
2020-02-09 22:00:56,35.47666666666667,3.18,13.565,0.0,0.0,0.0,9.09
2020-02-09 23:00:56,24.37,2.16,10.81,0.0,0.0,0.0,10.71
2020-02-10 00:00:56,15.993333333333332,1.83,11.485,0.0,0.0,0.0,11.53
2020-02-10 01:00:56,38.833333333333336,2.715,13.095,0.0,0.0,0.0,13.01
2020-02-10 02:00:56,37.233333333333334,1.78,13.865,0.0,0.0,0.0,20.41
2020-02-10 03:00:56,29.07333333333333,1.655,12.455,0.0,0.0,0.0,18.87
2020-02-10 04:00:56,16.323333333333334,1.8150000000000002,11.365,0.0,0.0,0.0,13.43
2020-02-10 05:00:56,22.596666666666664,1.24,10.83,0.0,0.0,0.0,15.08
2020-02-10 06:00:56,34.876666666666665,1.9750000000000003,11.275,0.0,0.0,0.0,15.04
2020-02-10 07:00:56,17.53333333333333,3.89,10.770000000000001,0.0,0.0,0.0,12.74
2020-02-10 08:00:56,14.149999999999999,3.25,10.59,0.0,0.0,0.0,7.41
2020-02-10 09:00:56,20.82,2.305,10.910000000000002,0.0,0.0,0.0,3.3
2020-02-10 10:00:56,15.473333333333334,2.185,11.43,0.0,0.0,0.0,3.91
2020-02-10 11:00:56,18.16,2.8699999999999997,15.5,0.0,0.0,0.0,5.22
2020-02-10 12:00:56,24.706666666666667,5.34,16.14,0.0,0.0,0.0,4.57
2020-02-10 13:00:56,25.84,7.715,12.815,0.0,0.0,0.0,12.28
2020-02-10 14:00:56,29.10333333333333,8.265,13.89,0.0,0.0,0.0,14.68
2020-02-10 15:00:56,29.176666666666666,5.46,14.050000000000002,0.0,0.0,0.0,7.2
2020-02-10 16:00:56,30.626666666666665,7.010000000000001,15.395000000000001,0.0,0.0,0.0,17.21
2020-02-10 17:00:56,35.903333333333336,4.21,14.835,0.0,0.0,0.0,20.5
2020-02-10 18:00:56,34.41666666666667,4.275,15.765,0.0,0.0,0.0,23.85
2020-02-10 19:00:56,40.60666666666667,5.635000000000001,24.320000000000004,0.0,0.0,0.0,12.9
2020-02-10 20:00:56,43.79666666666667,5.650000000000001,30.405,0.0,0.0,0.0,4.58
2020-02-10 21:00:56,35.379999999999995,9.055,27.290000000000003,0.0,0.0,0.0,3.86
2020-02-10 22:00:56,27.549999999999997,8.455,25.52,0.0,0.0,0.0,8.41
2020-02-10 23:00:56,32.06333333333333,11.165,25.97,0.0,0.0,0.0,2.71
2020-02-11 00:00:56,28.916666666666664,7.445,23.495,0.0,0.0,0.0,7.26
2020-02-11 01:00:56,25.10666666666667,5.614999999999999,18.355,0.0,0.0,0.0,9.52
2020-02-11 02:00:56,31.513333333333332,8.355,16.31,0.0,0.0,0.0,7.35
2020-02-11 03:00:56,20.486666666666668,5.32,15.815,0.0,0.0,0.0,10.56
2020-02-11 04:00:56,15.87,4.84,15.365,0.0,0.0,0.0,11.15
2020-02-11 05:00:56,13.403333333333332,2.83,14.709999999999999,0.0,0.0,0.0,12.11
2020-02-11 06:00:56,11.11,2.095,15.795,0.0,0.0,0.0,15.99
2020-02-11 07:00:56,17.773333333333333,1.785,20.225,0.0,0.0,0.0,11.63
2020-02-11 08:00:56,30.986666666666665,1.125,17.285,0.0,0.0,0.0,7.19
2020-02-11 09:00:56,32.35333333333333,1.485,22.76,0.0,0.0,0.0,9.53
2020-02-11 10:00:56,48.06,5.755,24.814999999999998,0.0,0.0,0.0,5.95
2020-02-11 11:00:56,43.93666666666667,14.324999999999998,24.084999999999997,0.0,0.0,0.0,9.22
2020-02-11 12:00:56,47.556666666666665,11.195,21.25,0.0,0.0,0.0,9.64
2020-02-11 13:00:56,66.99666666666667,11.725,19.295,0.0,0.0,0.0,6.64
2020-02-11 14:00:56,98.94999999999999,9.685,17.845,0.0,0.0,0.0,9.4
2020-02-11 15:00:56,71.56333333333333,8.295,19.715,0.0,0.0,0.0,6.36
2020-02-11 16:00:56,55.586666666666666,9.17,21.540000000000003,0.0,0.0,0.0,6.84
2020-02-11 17:00:56,45.38,12.464999999999998,20.93,0.0,0.0,0.0,13.05
2020-02-11 18:00:56,45.19333333333333,10.125,23.26,0.0,0.0,0.0,8.63
2020-02-11 19:00:56,54.21666666666667,13.53,23.27,0.0,0.0,0.0,6.83
2020-02-11 20:00:56,58.67,25.899999999999995,22.810000000000002,0.0,0.0,0.0,10.15
2020-02-11 21:00:56,58.57666666666667,30.245,26.015,0.0,0.0,0.0,9.35
2020-02-11 22:00:56,69.88666666666667,29.405,22.929999999999996,0.0,0.0,0.0,9.46
2020-02-11 23:00:56,67.27333333333333,30.709999999999997,22.150000000000002,0.0,0.0,0.0,13.52
2020-02-12 00:00:56,64.22333333333333,38.185,17.939999999999998,0.0,0.0,0.0,0.0
2020-02-12 01:00:56,72.57,40.94,16.15,0.0,0.0,0.0,0.0
2020-02-12 02:00:56,75.7,38.26,27.365,0.0,0.0,0.0,0.0
2020-02-12 03:00:56,92.51,41.665,36.13,0.0,0.0,0.0,0.0
2020-02-12 04:00:56,99.53,43.82500000000001,28.965,0.0,0.0,0.0,0.0
2020-02-12 05:00:56,71.36,33.755,27.544999999999998,0.0,0.0,0.0,0.0
2020-02-12 06:00:56,84.17666666666666,26.709999999999997,14.755,0.0,0.0,0.0,0.0
2020-02-12 07:00:56,59.406666666666666,18.76,15.340000000000002,0.0,0.0,0.0,0.0
2020-02-12 08:00:56,59.45333333333334,16.87,16.155,0.0,0.0,0.0,0.0
2020-02-12 09:00:56,49.68666666666667,14.32,14.87,0.0,0.0,0.0,0.0
2020-02-12 10:00:56,53.24,14.295,15.89,0.0,0.0,0.0,0.0
2020-02-12 11:00:56,48.73333333333333,15.875,18.33,0.0,0.0,0.0,0.0
2020-02-12 12:00:56,54.68333333333334,16.925,18.625,0.0,0.0,0.0,0.0
2020-02-12 13:00:56,53.94333333333333,15.405,29.78,0.0,0.0,0.0,0.0
2020-02-12 14:00:56,76.5,13.96,22.945000000000004,0.0,0.0,0.0,0.0
2020-02-12 15:00:56,46.31333333333333,13.345,24.13,0.0,0.0,0.0,0.0
2020-02-12 16:00:56,36.66,0.0,23.599999999999998,0.0,0.0,0.0,23.17
2020-02-12 17:00:56,35.986666666666665,9.23,21.525000000000002,0.0,0.0,0.0,21.38
2020-02-12 18:00:56,21.676666666666666,6.595,20.31,0.0,0.0,0.0,20.21
2020-02-12 19:00:56,32.413333333333334,9.085,19.805,0.0,0.0,0.0,16.21
2020-02-12 20:00:56,42.053333333333335,14.155,22.040000000000003,0.0,0.0,0.0,15.78
2020-02-12 21:00:56,45.093333333333334,21.22,28.679999999999996,0.0,0.0,0.0,17.15
2020-02-12 22:00:56,59.13333333333333,25.735,31.265,0.0,0.0,0.0,18.74
2020-02-12 23:00:56,49.89,21.350000000000005,26.62,0.0,0.0,0.0,14.65
2020-02-13 00:00:56,49.45333333333333,23.045,27.995,0.0,0.0,0.0,11.45
2020-02-13 01:00:56,38.57,20.065,19.83,0.0,0.0,0.0,8.09
2020-02-13 02:00:56,29.46333333333333,12.845,22.965,0.0,0.0,0.0,11.48
2020-02-13 03:00:56,27.77,10.415,22.025000000000002,0.0,0.0,0.0,15.17
2020-02-13 04:00:56,26.376666666666665,9.24,22.054999999999996,0.0,0.0,0.0,15.38
2020-02-13 05:00:56,26.59,7.785,20.025000000000002,0.0,0.0,0.0,16.01
2020-02-13 06:00:56,18.77,0.0,20.27,0.0,0.0,0.0,12.01
2020-02-13 07:00:56,27.733333333333334,0.0,22.55,0.0,0.0,0.0,12.44
2020-02-13 08:00:56,50.086666666666666,14.94,20.41,0.0,0.0,0.0,13.63
2020-02-13 09:00:56,38.55,14.265,19.48,0.0,0.0,0.0,12.24
2020-02-13 10:00:56,41.85666666666667,14.415,22.09,0.0,0.0,0.0,16.87
2020-02-13 11:00:56,38.56,13.515,23.09,0.0,0.0,0.0,18.1
2020-02-13 12:00:56,12.793333333333335,0.0,6.780000000000001,0.0,0.0,0.0,0.0
2020-02-13 13:00:56,8.833333333333334,0.0,6.265000000000001,0.0,0.0,0.0,36.82
2020-02-13 14:00:56,29.07333333333333,0.05000000000000001,11.33,0.0,0.0,0.0,36.64
2020-02-13 15:00:56,29.566666666666666,2.36,23.13,0.0,0.0,0.0,29.63
2020-02-13 16:00:56,38.61666666666667,4.89,20.36,0.0,0.0,0.0,50.03
2020-02-13 17:00:56,30.896666666666665,2.64,19.06,0.0,0.0,0.0,47.3
2020-02-13 18:00:56,34.696666666666665,5.07,18.065,0.0,0.0,0.0,29.58
2020-02-13 19:00:56,49.1,7.53,27.145,0.0,0.0,0.0,25.78
2020-02-13 20:00:56,69.85000000000001,9.665,33.755,0.0,0.0,0.0,12.84
2020-02-13 21:00:56,83.45333333333333,9.655,32.129999999999995,0.0,0.0,0.0,6.86
2020-02-13 22:00:56,111.92333333333332,14.410000000000002,29.175,0.0,0.0,0.0,11.51
2020-02-13 23:00:56,106.46333333333332,17.145,28.375,0.0,0.0,0.0,6.8
2020-02-14 00:00:56,92.74666666666667,16.51,26.180000000000003,0.0,0.0,0.0,2.39
2020-02-14 01:00:56,79.42,17.445,17.015,0.0,0.0,0.0,6.74
2020-02-14 02:00:56,58.46,14.945,16.39,0.0,0.0,0.0,0.0
2020-02-14 03:00:56,55.47333333333333,12.955,16.82,0.0,0.0,0.0,0.0
2020-02-14 04:00:56,44.25333333333333,9.255,17.185,0.0,0.0,0.0,0.0
2020-02-14 05:00:56,35.843333333333334,5.13,14.555,0.0,0.0,0.0,0.0
2020-02-14 06:00:56,37.71,6.595,12.93,0.0,0.0,0.0,0.0
2020-02-14 07:00:56,39.28,20.81,13.275,0.0,0.0,0.0,0.0
2020-02-14 08:00:56,48.27333333333333,20.72,14.475,0.0,0.0,0.0,0.0
2020-02-14 09:00:56,86.83666666666667,26.540000000000003,19.725,0.0,0.0,0.0,0.0
2020-02-14 10:00:56,130.59333333333333,39.17,28.665000000000003,0.0,0.0,0.0,0.0
2020-02-14 11:00:56,126.97,39.235,46.35,0.0,0.0,0.0,12.92
2020-02-14 12:00:56,129.25666666666666,25.655,34.94,0.0,0.0,0.0,19.96
2020-02-14 13:00:56,113.40666666666667,23.334999999999997,21.945000000000004,0.0,0.0,0.0,36.98
2020-02-14 14:00:56,75.59,15.815,18.835,0.0,0.0,0.0,42.79
2020-02-14 15:00:56,49.93,9.845,19.275000000000002,0.0,0.0,0.0,55.75
2020-02-14 16:00:56,39.026666666666664,5.14,16.185,0.0,0.0,0.0,56.22
2020-02-14 17:00:56,44.10666666666667,2.66,16.435,0.0,0.0,0.0,52.61
2020-02-14 18:00:56,40.083333333333336,4.915,19.875,0.0,0.0,0.0,37.19
2020-02-14 19:00:56,51.78333333333333,3.285,28.325000000000003,0.0,0.0,0.0,19.6
2020-02-14 20:00:56,65.68333333333334,11.63,41.96,0.0,0.0,0.0,5.97
2020-02-14 21:00:56,91.45666666666666,10.925000000000002,34.185,0.0,0.0,0.0,0.51
2020-02-14 22:00:56,122.58,18.65,22.775000000000002,0.0,0.0,0.0,0.57
2020-02-14 23:00:56,115.91666666666667,30.790000000000003,24.820000000000004,0.0,0.0,0.0,7.03
2020-02-15 00:00:56,105.45333333333333,15.845,26.209999999999997,0.0,0.0,0.0,11.56
2020-02-15 01:00:56,96.29,12.020000000000001,21.724999999999998,0.0,0.0,0.0,0.15
2020-02-15 02:00:56,103.22,18.245,24.95,0.0,0.0,0.0,0.18
2020-02-15 03:00:56,98.08333333333333,25.804999999999996,19.53,0.0,0.0,0.0,0.28
2020-02-15 04:00:56,78.14000000000001,23.26,29.235,0.0,0.0,0.0,3.35
2020-02-15 05:00:56,78.39333333333333,20.835,19.26,0.0,0.0,0.0,2.81
2020-02-15 06:00:56,53.39666666666667,20.205,18.435,0.0,0.0,0.0,8.69
2020-02-15 07:00:56,53.38666666666666,13.225,16.625,0.0,0.0,0.0,9.0
2020-02-15 08:00:56,46.34,12.535000000000002,16.865,0.0,0.0,0.0,0.92
2020-02-15 09:00:56,52.83,18.485,21.350000000000005,0.0,0.0,0.0,1.36
2020-02-15 10:00:56,83.77333333333333,27.705,34.81,0.0,0.0,0.0,3.34
2020-02-15 11:00:56,108.81333333333333,36.55,41.38999999999999,0.0,0.0,0.0,3.81
2020-02-15 12:00:56,144.47,35.055,29.320000000000004,0.0,0.0,0.0,10.16
2020-02-15 13:00:56,122.18,31.425,24.84,0.0,0.0,0.0,15.43
2020-02-15 14:00:56,97.30666666666667,30.175,24.505,0.0,0.0,0.0,12.01
2020-02-15 15:00:56,105.66,21.5,22.925,0.0,0.0,0.0,14.67
2020-02-15 16:00:56,97.07,17.81,22.615,0.0,0.0,0.0,15.96
2020-02-15 17:00:56,110.76333333333334,20.865,21.655,0.0,0.0,0.0,6.61
2020-02-15 18:00:56,104.80666666666667,16.895,23.045,0.0,0.0,0.0,3.27
2020-02-15 19:00:56,113.42333333333332,10.9,22.265,0.0,0.0,0.0,0.16
2020-02-15 20:00:56,130.02666666666667,12.385,19.335,0.0,0.0,0.0,0.51
2020-02-15 21:00:56,148.75333333333333,21.459999999999997,18.67,0.0,0.0,0.0,0.92
2020-02-15 22:00:56,133.94666666666666,28.11,19.035,0.0,0.0,0.0,3.81
2020-02-15 23:00:56,152.10333333333335,53.03,21.650000000000002,0.0,0.0,0.0,2.99
2020-02-16 00:00:56,161.13666666666668,60.82,20.99,0.0,0.0,0.0,0.96
2020-02-16 01:00:56,144.89666666666668,57.330000000000005,39.300000000000004,0.0,0.0,0.0,0.86
2020-02-16 02:00:56,154.65666666666667,59.98,37.025,0.0,0.0,0.0,1.96
2020-02-16 03:00:56,131.38,48.89000000000001,35.77,0.0,0.0,0.0,1.21
2020-02-16 04:00:56,129.25,52.69,47.955000000000005,0.0,0.0,0.0,1.33
2020-02-16 05:00:56,118.55333333333333,49.81,44.35,0.0,0.0,0.0,1.09
2020-02-16 06:00:56,95.29333333333334,30.605,27.755,0.0,0.0,0.0,9.63
2020-02-16 07:00:56,55.616666666666674,17.45,19.02,0.0,0.0,0.0,19.47
2020-02-16 08:00:56,48.06666666666666,13.479999999999999,15.565,0.0,0.0,0.0,19.58
2020-02-16 09:00:56,34.58,11.17,15.76,0.0,0.0,0.0,16.26
2020-02-16 10:00:56,44.39333333333333,9.085,16.75,0.0,0.0,0.0,21.78
2020-02-16 11:00:56,30.06,10.02,17.43,0.0,0.0,0.0,17.86
2020-02-16 12:00:56,28.346666666666664,0.0,19.695,0.0,0.0,0.0,16.76
2020-02-16 13:00:56,37.78333333333333,8.765,17.835,0.0,0.0,0.0,18.28
2020-02-16 14:00:56,32.763333333333335,8.99,16.17,0.0,0.0,0.0,13.2
2020-02-16 15:00:56,36.11,6.435,17.725,0.0,0.0,0.0,23.45
2020-02-16 16:00:56,42.14,8.775,15.549999999999999,0.0,0.0,0.0,22.17
2020-02-16 17:00:56,38.45,4.905,15.15,0.0,0.0,0.0,13.43
2020-02-16 18:00:56,40.193333333333335,6.175,14.25,0.0,0.0,0.0,17.16
2020-02-16 19:00:56,39.89666666666667,3.64,14.88,0.0,0.0,0.0,20.74
2020-02-16 20:00:56,36.596666666666664,2.785,14.449999999999998,0.0,0.0,0.0,17.17
2020-02-16 21:00:56,44.593333333333334,3.645,14.515,0.0,0.0,0.0,28.49
2020-02-16 22:00:56,32.626666666666665,6.455000000000001,14.82,0.0,0.0,0.0,20.02
2020-02-16 23:00:56,40.553333333333335,5.845,13.915,0.0,0.0,0.0,14.41
2020-02-17 00:00:56,42.4,4.625,13.57,0.0,0.0,0.0,20.29
2020-02-17 01:00:56,31.64,5.12,13.214999999999998,0.0,0.0,0.0,15.09
2020-02-17 02:00:56,37.27333333333333,7.44,12.424999999999999,0.0,0.0,0.0,19.47
2020-02-17 03:00:56,41.01,5.705000000000001,12.344999999999999,0.0,0.0,0.0,21.9
2020-02-17 04:00:56,33.28666666666667,8.775,12.055,0.0,0.0,0.0,30.86
2020-02-17 05:00:56,25.436666666666667,6.215,11.085,0.0,0.0,0.0,11.96
2020-02-17 06:00:56,26.566666666666666,3.76,12.305,0.0,0.0,0.0,6.83
2020-02-17 07:00:56,33.49,7.715,12.219999999999999,0.0,0.0,0.0,6.68
2020-02-17 08:00:56,35.739999999999995,9.485,11.65,0.0,0.0,0.0,3.97
2020-02-17 09:00:56,60.46666666666667,18.13,17.465,0.0,0.0,0.0,2.29
2020-02-17 10:00:56,109.59,20.985,35.574999999999996,0.0,0.0,0.0,3.5
2020-02-17 11:00:56,146.28333333333333,38.635,34.675,0.0,0.0,0.0,6.9
2020-02-17 12:00:56,127.38333333333333,31.705,27.14,0.0,0.0,0.0,27.44
2020-02-17 13:00:56,80.00666666666666,23.570000000000004,21.804999999999996,0.0,0.0,0.0,39.44
2020-02-17 14:00:56,61.0,19.37,18.22,0.0,0.0,0.0,28.85
2020-02-17 15:00:56,53.31333333333333,11.415,14.07,0.0,0.0,0.0,16.38
2020-02-17 16:00:56,35.193333333333335,6.2,13.575000000000001,0.0,0.0,0.0,18.72
2020-02-17 17:00:56,42.47666666666667,4.96,13.87,0.0,0.0,0.0,19.19
2020-02-17 18:00:56,36.166666666666664,2.86,14.704999999999998,0.0,0.0,0.0,20.1
2020-02-17 19:00:56,43.946666666666665,2.37,15.905000000000001,0.0,0.0,0.0,12.41
2020-02-17 20:00:56,52.73333333333333,1.455,19.625,0.0,0.0,0.0,9.31
2020-02-17 21:00:56,62.92333333333333,11.22,19.89,0.0,0.0,0.0,11.93
2020-02-17 22:00:56,52.70333333333333,6.215,26.064999999999998,0.0,0.0,0.0,5.6
2020-02-17 23:00:56,66.30666666666667,7.31,27.44,0.0,0.0,0.0,4.12
2020-02-18 00:00:56,75.34333333333333,8.05,21.695000000000004,0.0,0.0,0.0,4.25
2020-02-18 01:00:56,70.17666666666666,10.605,16.65,0.0,0.0,0.0,2.35
2020-02-18 02:00:56,65.48333333333333,11.03,16.3,0.0,0.0,0.0,3.32
2020-02-18 03:00:56,59.55666666666667,17.795,25.790000000000003,0.0,0.0,0.0,3.34
2020-02-18 04:00:56,70.38,15.985,24.689999999999998,0.0,0.0,0.0,4.88
2020-02-18 05:00:56,55.96333333333333,15.020000000000001,17.855,0.0,0.0,0.0,6.78
2020-02-18 06:00:56,42.190000000000005,13.87,14.625,0.0,0.0,0.0,3.94
2020-02-18 07:00:56,33.77333333333333,11.770000000000001,15.025,0.0,0.0,0.0,1.93
2020-02-18 08:00:56,50.623333333333335,16.83,19.725,0.0,0.0,0.0,4.15
2020-02-18 09:00:56,83.45,19.125,33.919999999999995,0.0,0.0,0.0,3.34
2020-02-18 10:00:56,117.66666666666667,15.035000000000002,33.51,0.0,0.0,0.0,2.74
2020-02-18 11:00:56,140.17666666666668,29.36,37.655,0.0,0.0,0.0,9.46
2020-02-18 12:00:56,135.13666666666666,32.94,27.28,0.0,0.0,0.0,26.26
2020-02-18 13:00:56,95.75666666666666,21.334999999999997,23.179999999999996,0.0,0.0,0.0,21.71
2020-02-18 14:00:56,80.65666666666667,21.39,19.8,0.0,0.0,0.0,34.1
2020-02-18 15:00:56,55.739999999999995,13.479999999999999,15.67,0.0,0.0,0.0,52.42
2020-02-18 16:00:56,40.32333333333333,8.55,14.96,0.0,0.0,0.0,43.97
2020-02-18 17:00:56,32.75,6.395,15.625,0.0,0.0,0.0,48.82
2020-02-18 18:00:56,36.62,3.33,21.349999999999998,0.0,0.0,0.0,38.0
2020-02-18 19:00:56,43.95333333333333,2.99,24.304999999999996,0.0,0.0,0.0,5.96
2020-02-18 20:00:56,99.40666666666665,15.9,22.310000000000002,0.0,0.0,0.0,2.64
2020-02-18 21:00:56,133.32,27.34,17.615,0.0,0.0,0.0,4.25
2020-02-18 22:00:56,140.88333333333333,45.725,21.34,0.0,0.0,0.0,5.8
2020-02-18 23:00:56,167.73666666666665,63.48499999999999,25.040000000000003,0.0,0.0,0.0,5.64
2020-02-19 00:00:56,179.82666666666665,71.995,23.185000000000002,0.0,0.0,0.0,5.37
2020-02-19 01:00:56,178.87,82.005,18.275000000000002,0.0,0.0,0.0,6.02
2020-02-19 02:00:56,160.93333333333334,82.815,17.650000000000002,0.0,0.0,0.0,3.78
2020-02-19 03:00:56,139.21666666666667,74.825,16.79,0.0,0.0,0.0,3.56
2020-02-19 04:00:56,124.12,56.27,14.840000000000002,0.0,0.0,0.0,3.12
2020-02-19 05:00:56,96.49666666666667,49.32,13.805,0.0,0.0,0.0,3.25
2020-02-19 06:00:56,85.74000000000001,45.955000000000005,13.865,0.0,0.0,0.0,3.72
2020-02-19 07:00:56,75.73666666666666,33.18,12.69,0.0,0.0,0.0,1.34
2020-02-19 08:00:56,69.66666666666667,27.52,13.645000000000001,0.0,0.0,0.0,2.81
2020-02-19 09:00:56,94.47333333333333,32.155,30.955,0.0,0.0,0.0,4.11
2020-02-19 10:00:56,166.33666666666667,40.87,35.685,0.0,0.0,0.0,2.95
2020-02-19 11:00:56,130.23000000000002,34.065,40.45,0.0,0.0,0.0,8.84
2020-02-19 12:00:56,124.90666666666665,23.895,28.145,0.0,0.0,0.0,26.69
2020-02-19 13:00:56,84.45333333333333,18.49,24.195000000000004,0.0,0.0,0.0,35.22
2020-02-19 14:00:56,67.33333333333333,16.99,24.349999999999998,0.0,0.0,0.0,24.9
2020-02-19 15:00:56,55.303333333333335,11.165,20.82,0.0,0.0,0.0,23.65
2020-02-19 16:00:56,50.730000000000004,7.495,19.76,0.0,0.0,0.0,34.98
2020-02-19 17:00:56,48.766666666666666,4.8,17.290000000000003,0.0,0.0,0.0,27.65
2020-02-19 18:00:56,49.54,7.565,21.015,0.0,0.0,0.0,21.57
2020-02-19 19:00:56,58.98,9.33,30.985,0.0,0.0,0.0,8.82
2020-02-19 20:00:56,89.12333333333333,15.015,29.12,0.0,0.0,0.0,4.78
2020-02-19 21:00:56,126.46333333333334,17.965,23.595,0.0,0.0,0.0,3.31
2020-02-19 22:00:56,141.43,44.59,17.72,0.0,0.0,0.0,5.86
2020-02-19 23:00:56,160.65666666666664,59.89000000000001,24.11,0.0,0.0,0.0,8.76
2020-02-20 00:00:56,171.59333333333333,55.225,19.944999999999997,0.0,0.0,0.0,13.95
2020-02-20 01:00:56,158.70333333333332,65.195,22.78,0.0,0.0,0.0,11.86
2020-02-20 02:00:56,141.31666666666666,36.475,20.2,0.0,0.0,0.0,16.05
2020-02-20 03:00:56,135.92666666666668,22.095,24.115,0.0,0.0,0.0,23.14
2020-02-20 04:00:56,120.18666666666667,11.604999999999999,21.89,0.0,0.0,0.0,23.54
2020-02-20 05:00:56,102.97333333333334,7.605,20.145,0.0,0.0,0.0,33.5
2020-02-20 06:00:56,83.05333333333334,4.035,17.57,0.0,0.0,0.0,31.6
2020-02-20 07:00:56,74.67333333333333,2.31,18.475,0.0,0.0,0.0,22.16
2020-02-20 08:00:56,82.98333333333333,1.155,20.355,0.0,0.0,0.0,22.83
2020-02-20 09:00:56,108.35,0.58,27.02,0.0,0.0,0.0,17.22
2020-02-20 10:00:56,148.14,0.42,47.205000000000005,0.0,0.0,0.0,19.35
2020-02-20 11:00:56,198.07666666666665,0.585,48.69,0.0,0.0,0.0,20.26
2020-02-20 12:00:56,183.08333333333331,1.205,37.449999999999996,0.0,0.0,0.0,19.34
2020-02-20 13:00:56,145.73666666666668,5.705000000000001,26.915000000000003,0.0,0.0,0.0,35.97
2020-02-20 14:00:56,105.52,3.1749999999999994,23.084999999999997,0.0,0.0,0.0,45.37
2020-02-20 15:00:56,73.99,1.59,21.15,0.0,0.0,0.0,51.37
2020-02-20 16:00:56,64.45,0.795,22.24,0.0,0.0,0.0,48.96
2020-02-20 17:00:56,71.11333333333333,0.395,20.32,0.0,0.0,0.0,27.8
2020-02-20 18:00:56,61.50666666666667,0.20000000000000004,19.29,0.0,0.0,0.0,16.5
2020-02-20 19:00:56,60.379999999999995,0.0,19.915,0.0,0.0,0.0,14.9
2020-02-20 20:00:56,70.55333333333334,0.0,11.115,0.0,0.0,0.0,12.82
2020-02-20 21:00:56,68.06333333333333,0.0,9.32,0.0,0.0,0.0,14.3
2020-02-20 22:00:56,98.95666666666666,0.0,8.105,0.0,0.0,0.0,17.26
2020-02-20 23:00:56,111.83666666666666,0.0,7.715,0.0,0.0,0.0,14.44
2020-02-21 00:00:56,122.89333333333333,0.0,7.724999999999999,0.0,0.0,0.0,15.13
2020-02-21 01:00:56,130.40333333333334,0.0,8.105,0.0,0.0,0.0,13.72
2020-02-21 02:00:56,134.25666666666666,0.0,8.945,0.0,0.0,0.0,11.72
2020-02-21 03:00:56,94.21,0.0,10.13,0.0,0.0,0.0,12.8
2020-02-21 04:00:56,83.62,0.0,8.97,0.0,0.0,0.0,11.16
2020-02-21 05:00:56,85.75666666666666,0.0,8.9,0.0,0.0,0.0,11.04
2020-02-21 06:00:56,88.69333333333333,0.0,8.275,0.0,0.0,0.0,11.76
2020-02-21 07:00:56,79.55333333333333,0.0,7.539999999999999,0.0,0.0,0.0,12.56
2020-02-21 08:00:56,81.32,0.0,7.344999999999999,0.0,0.0,0.0,15.47
2020-02-21 09:00:56,108.20333333333333,0.0,8.565,0.0,0.0,0.0,20.74
2020-02-21 10:00:56,141.04,0.0,10.675000000000002,0.0,0.0,0.0,17.22
2020-02-21 11:00:56,173.93333333333334,0.0,10.775,0.0,0.0,0.0,18.5
2020-02-21 12:00:56,150.94333333333333,0.0,9.475,0.0,0.0,0.0,18.23
2020-02-21 13:00:56,121.44,0.0,9.025,0.0,0.0,0.0,22.55
2020-02-21 14:00:56,110.39,0.0,26.605,0.0,0.0,0.0,26.57
2020-02-21 15:00:56,108.99,7.325,25.435000000000002,0.0,0.0,0.0,24.35
2020-02-21 16:00:56,90.87333333333333,18.55,21.245,0.0,0.0,0.0,19.22
2020-02-21 17:00:56,65.88333333333334,17.56,17.59,0.0,0.0,0.0,21.1
2020-02-21 18:00:56,57.403333333333336,12.81,16.62,0.0,0.0,0.0,22.23
2020-02-21 19:00:56,59.13,15.185,15.344999999999999,0.0,0.0,0.0,16.75
2020-02-21 20:00:56,55.04666666666667,17.42,14.165,0.0,0.0,0.0,21.77
2020-02-21 21:00:56,55.95666666666666,17.52,13.67,0.0,0.0,0.0,29.26
2020-02-21 22:00:56,51.96666666666667,15.805,13.515,0.0,0.0,0.0,17.82
2020-02-21 23:00:56,52.053333333333335,11.93,13.315,0.0,0.0,0.0,19.22
2020-02-22 00:00:56,44.196666666666665,10.72,13.454999999999998,0.0,0.0,0.0,19.76
2020-02-22 01:00:56,18.906666666666666,8.14,12.89,0.0,0.0,0.0,32.71
2020-02-22 02:00:56,29.906666666666666,4.615,12.04,0.0,0.0,0.0,35.64
2020-02-22 03:00:56,17.616666666666667,2.955,11.045,0.0,0.0,0.0,37.2
2020-02-22 04:00:56,13.953333333333333,2.545,10.59,0.0,0.0,0.0,37.82
2020-02-22 05:00:56,11.316666666666666,2.9,10.26,0.0,0.0,0.0,43.3
2020-02-22 06:00:56,11.323333333333332,3.105,11.315,0.0,0.0,0.0,49.86
2020-02-22 07:00:56,13.5,2.13,10.16,0.0,0.0,0.0,49.45
2020-02-22 08:00:56,10.12,2.305,11.755,0.0,0.0,0.0,38.73
2020-02-22 09:00:56,21.243333333333332,4.155,10.325000000000001,0.0,0.0,0.0,39.12
2020-02-22 10:00:56,28.07333333333333,4.49,10.225,0.0,0.0,0.0,33.94
2020-02-22 11:00:56,14.206666666666667,4.64,10.475,0.0,0.0,0.0,34.47
2020-02-22 12:00:56,17.17666666666667,5.91,11.12,0.0,0.0,0.0,30.29
2020-02-22 13:00:56,18.48,4.625,11.854999999999999,0.0,0.0,0.0,28.46
2020-02-22 14:00:56,17.01,5.315,12.445,0.0,0.0,0.0,26.41
2020-02-22 15:00:56,17.69333333333333,0.0,12.61,0.0,0.0,0.0,24.78
2020-02-22 16:00:56,19.263333333333332,4.47,12.35,0.0,0.0,0.0,26.49
2020-02-22 17:00:56,16.33,4.66,11.979999999999999,0.0,0.0,0.0,26.88
2020-02-22 18:00:56,15.683333333333334,6.400000000000001,12.205,0.0,0.0,0.0,26.71
2020-02-22 19:00:56,18.833333333333332,6.07,12.86,0.0,0.0,0.0,25.1
2020-02-22 20:00:56,19.383333333333333,4.715,12.775,0.0,0.0,0.0,28.54
2020-02-22 21:00:56,19.73,2.845,12.424999999999999,0.0,0.0,0.0,31.32
2020-02-22 22:00:56,21.53333333333333,1.71,13.030000000000001,0.0,0.0,0.0,34.17
2020-02-22 23:00:56,15.333333333333334,3.23,13.089999999999998,0.0,0.0,0.0,29.66
2020-02-23 00:00:56,20.013333333333332,4.615,12.67,0.0,0.0,0.0,30.02
2020-02-23 01:00:56,15.083333333333334,3.155,12.69,0.0,0.0,0.0,28.2
2020-02-23 02:00:56,12.9,0.0,12.315,0.0,0.0,0.0,33.68
2020-02-23 03:00:56,8.453333333333333,0.0,11.785000000000002,0.0,0.0,0.0,38.15
2020-02-23 04:00:56,9.813333333333333,0.0,12.005,0.0,0.0,0.0,39.07
2020-02-23 05:00:56,8.483333333333333,0.0,11.21,0.0,0.0,0.0,38.07
2020-02-23 06:00:56,9.81,0.0,11.12,0.0,0.0,0.0,40.15
2020-02-23 07:00:56,12.203333333333333,0.0,10.575000000000001,0.0,0.0,0.0,41.48
2020-02-23 08:00:56,11.046666666666667,4.685,10.89,0.0,0.0,0.0,37.54
2020-02-23 09:00:56,11.136666666666665,0.0,11.63,0.0,0.0,0.0,31.24
2020-02-23 10:00:56,18.046666666666667,5.849999999999999,12.64,0.0,0.0,0.0,30.98
2020-02-23 11:00:56,19.536666666666665,3.65,12.299999999999999,0.0,0.0,0.0,24.78
2020-02-23 12:00:56,23.546666666666667,4.73,12.479999999999999,0.0,0.0,0.0,22.16
2020-02-23 13:00:56,25.813333333333333,5.56,13.01,0.0,0.0,0.0,25.39
2020-02-23 14:00:56,20.863333333333333,5.544999999999999,12.735,0.0,0.0,0.0,18.64
2020-02-23 15:00:56,22.17,5.435,13.405000000000001,0.0,0.0,0.0,31.94
2020-02-23 16:00:56,19.113333333333333,4.22,12.75,0.0,0.0,0.0,26.44
2020-02-23 17:00:56,22.766666666666666,4.04,12.43,0.0,0.0,0.0,29.76
2020-02-23 18:00:56,27.72,4.075,15.96,0.0,0.0,0.0,34.36
2020-02-23 19:00:56,29.293333333333333,8.75,16.325,0.0,0.0,0.0,29.09
2020-02-23 20:00:56,30.89333333333333,11.14,17.424999999999997,0.0,0.0,0.0,32.41
2020-02-23 21:00:56,28.43,10.605,17.85,0.0,0.0,0.0,36.54
2020-02-23 22:00:56,24.02333333333333,11.945,19.3,0.0,0.0,0.0,28.43
2020-02-23 23:00:56,32.60666666666667,11.795,19.13,0.0,0.0,0.0,43.25
2020-02-24 00:00:56,31.516666666666666,11.905,17.33,0.0,0.0,0.0,40.72
2020-02-24 01:00:56,16.036666666666665,9.575,15.770000000000001,0.0,0.0,0.0,45.65
2020-02-24 02:00:56,19.743333333333332,8.255,15.06,0.0,0.0,0.0,51.96
2020-02-24 03:00:56,14.73,7.755,15.315,0.0,0.0,0.0,43.3
2020-02-24 04:00:56,12.31,4.87,15.030000000000001,0.0,0.0,0.0,50.57
2020-02-24 05:00:56,9.323333333333332,3.815,14.22,0.0,0.0,0.0,59.23
2020-02-24 06:00:56,12.273333333333333,6.364999999999999,13.915,0.0,0.0,0.0,56.75
2020-02-24 07:00:56,7.739999999999999,6.760000000000001,15.885,0.0,0.0,0.0,45.45
2020-02-24 08:00:56,15.11,5.77,18.14,0.0,0.0,0.0,32.22
2020-02-24 09:00:56,28.336666666666666,8.205,17.455,0.0,0.0,0.0,33.22
2020-02-24 10:00:56,30.78,9.61,19.97,0.0,0.0,0.0,45.28
2020-02-24 11:00:56,27.659999999999997,8.275,18.455,0.0,0.0,0.0,57.39
2020-02-24 12:00:56,22.290000000000003,5.575,18.17,0.0,0.0,0.0,49.0
2020-02-24 13:00:56,21.82333333333333,4.295,18.285,0.0,0.0,0.0,62.41
2020-02-24 14:00:56,20.57,0.0,18.095,0.0,0.0,0.0,67.89
2020-02-24 15:00:56,24.203333333333333,3.74,17.335,0.0,0.0,0.0,67.34
2020-02-24 16:00:56,31.473333333333333,1.87,17.689999999999998,0.0,0.0,0.0,57.95
2020-02-24 17:00:56,31.34,2.415,16.73,0.0,0.0,0.0,53.53
2020-02-24 18:00:56,33.07666666666667,3.215,18.795,0.0,0.0,0.0,45.5
2020-02-24 19:00:56,39.666666666666664,4.83,22.72,0.0,0.0,0.0,39.71
2020-02-24 20:00:56,42.526666666666664,9.585,20.955,0.0,0.0,0.0,36.78
2020-02-24 21:00:56,33.24333333333333,10.065,18.51,0.0,0.0,0.0,47.37
2020-02-24 22:00:56,29.28,7.89,16.915,0.0,0.0,0.0,48.46
2020-02-24 23:00:56,26.55333333333333,9.26,19.48,0.0,0.0,0.0,47.62
2020-02-25 00:00:56,31.583333333333332,9.4,18.0,0.0,0.0,0.0,41.24
2020-02-25 01:00:56,29.79,6.0,12.695,0.0,0.0,0.0,42.88
2020-02-25 02:00:56,15.100000000000001,3.7099999999999995,13.21,0.0,0.0,0.0,41.29
2020-02-25 03:00:56,13.920000000000002,2.155,12.969999999999999,0.0,0.0,0.0,42.74
2020-02-25 04:00:56,11.416666666666666,2.235,11.714999999999998,0.0,0.0,0.0,44.43
2020-02-25 05:00:56,8.316666666666666,2.595,11.08,0.0,0.0,0.0,45.7
2020-02-25 06:00:56,5.223333333333334,1.88,11.719999999999999,0.0,0.0,0.0,38.15
2020-02-25 07:00:56,8.05,1.365,14.490000000000002,0.0,0.0,0.0,29.16
2020-02-25 08:00:56,28.686666666666667,2.12,11.475,0.0,0.0,0.0,18.75
2020-02-25 09:00:56,36.21666666666667,2.7000000000000006,14.985,0.0,0.0,0.0,19.26
2020-02-25 10:00:56,49.1,2.09,13.51,0.0,0.0,0.0,29.95
2020-02-25 11:00:56,36.65,4.505,12.485,0.0,0.0,0.0,30.12
2020-02-25 12:00:56,26.740000000000002,7.099999999999999,12.06,0.0,0.0,0.0,42.45
2020-02-25 13:00:56,20.83,6.04,11.4,0.0,0.0,0.0,38.87
2020-02-25 14:00:56,19.59,3.8349999999999995,11.175000000000002,0.0,0.0,0.0,41.92
2020-02-25 15:00:56,16.83,2.595,10.935,0.0,0.0,0.0,31.24
2020-02-25 16:00:56,13.973333333333334,2.455,11.235,0.0,0.0,0.0,33.85
2020-02-25 17:00:56,9.34,2.395,11.125,0.0,0.0,0.0,26.86
2020-02-25 18:00:56,12.623333333333335,2.605,13.04,0.0,0.0,0.0,27.4
2020-02-25 19:00:56,34.48,3.0,17.875,0.0,0.0,0.0,22.27
2020-02-25 20:00:56,71.23333333333333,5.419999999999999,18.585,0.0,0.0,0.0,19.85
2020-02-25 21:00:56,89.98,13.69,18.650000000000002,0.0,0.0,0.0,20.64
2020-02-25 22:00:56,99.03333333333335,24.825,20.090000000000003,0.0,0.0,0.0,24.1
2020-02-25 23:00:56,106.32333333333334,33.18,23.99,0.0,0.0,0.0,15.51
2020-02-26 00:00:56,103.81666666666666,30.395,20.55,0.0,0.0,0.0,21.37
2020-02-26 01:00:56,95.13,29.899999999999995,16.055,0.0,0.0,0.0,18.97
2020-02-26 02:00:56,82.73666666666666,31.41,15.17,0.0,0.0,0.0,17.56
2020-02-26 03:00:56,66.99000000000001,29.425,15.125,0.0,0.0,0.0,20.28
2020-02-26 04:00:56,78.49333333333334,27.58,15.505,0.0,0.0,0.0,15.94
2020-02-26 05:00:56,69.54,25.345,15.165,0.0,0.0,0.0,16.79
2020-02-26 06:00:56,58.07333333333333,26.925,14.68,0.0,0.0,0.0,19.21
2020-02-26 07:00:56,54.32333333333334,23.695000000000004,15.315,0.0,0.0,0.0,18.96
2020-02-26 08:00:56,59.93666666666667,21.33,14.115,0.0,0.0,0.0,14.71
2020-02-26 09:00:56,90.16,27.99,23.625,0.0,0.0,0.0,16.54
2020-02-26 10:00:56,124.89666666666666,43.22,41.99,0.0,0.0,0.0,17.29
2020-02-26 11:00:56,153.17666666666668,40.815,25.015,0.0,0.0,0.0,23.16
2020-02-26 12:00:56,90.37666666666667,24.399999999999995,17.64,0.0,0.0,0.0,43.97
2020-02-26 13:00:56,54.36333333333334,15.5,15.17,0.0,0.0,0.0,49.65
2020-02-26 14:00:56,42.21,8.325,15.100000000000001,0.0,0.0,0.0,46.24
2020-02-26 15:00:56,26.60333333333333,7.215,15.025,0.0,0.0,0.0,50.02
2020-02-26 16:00:56,22.06,7.025000000000001,14.765,0.0,0.0,0.0,53.58
2020-02-26 17:00:56,27.776666666666667,3.635,14.280000000000001,0.0,0.0,0.0,59.69
2020-02-26 18:00:56,30.35,2.045,16.935000000000002,0.0,0.0,0.0,38.12
2020-02-26 19:00:56,39.5,1.53,27.209999999999997,0.0,0.0,0.0,15.5
2020-02-26 20:00:56,104.59333333333333,7.19,25.620000000000005,0.0,0.0,0.0,15.34
2020-02-26 21:00:56,151.32333333333332,24.94,29.375,0.0,0.0,0.0,16.59
2020-02-26 22:00:56,170.57333333333335,38.2,26.465000000000003,0.0,0.0,0.0,18.39
2020-02-26 23:00:56,166.21,45.71,26.39,0.0,0.0,0.0,15.65
2020-02-27 00:00:56,184.04333333333332,53.105,27.814999999999998,0.0,0.0,0.0,15.11
2020-02-27 01:00:56,162.45999999999998,54.14000000000001,23.189999999999998,0.0,0.0,0.0,16.21
2020-02-27 02:00:56,126.29,49.85999999999999,25.150000000000002,0.0,0.0,0.0,14.78
2020-02-27 03:00:56,111.53333333333333,33.775,27.150000000000002,0.0,0.0,0.0,14.96
2020-02-27 04:00:56,112.14666666666666,29.83,26.67,0.0,0.0,0.0,14.47
2020-02-27 05:00:56,88.69,32.925,21.180000000000003,0.0,0.0,0.0,13.85
2020-02-27 06:00:56,72.55666666666667,24.524999999999995,22.55,0.0,0.0,0.0,10.45
2020-02-27 07:00:56,70.85,20.69,27.325000000000003,0.0,0.0,0.0,12.17
2020-02-27 08:00:56,79.06,23.899999999999995,25.025000000000002,0.0,0.0,0.0,11.86
2020-02-27 09:00:56,127.30333333333333,26.459999999999997,31.274999999999995,0.0,0.0,0.0,11.19
2020-02-27 10:00:56,171.33333333333334,31.040000000000003,54.445,0.0,0.0,0.0,12.76
2020-02-27 11:00:56,247.9766666666667,38.495,51.025,0.0,0.0,0.0,12.09
2020-02-27 12:00:56,208.61,36.42,22.724999999999998,0.0,0.0,0.0,13.19
2020-02-27 13:00:56,114.35,25.185,20.150000000000002,0.0,0.0,0.0,16.88
2020-02-27 14:00:56,78.11333333333333,16.295,22.415000000000003,0.0,0.0,0.0,31.31
2020-02-27 15:00:56,54.07666666666667,11.165,17.41,0.0,0.0,0.0,35.64
2020-02-27 16:00:56,51.27333333333333,7.57,14.575000000000001,0.0,0.0,0.0,27.46
2020-02-27 17:00:56,48.00333333333333,5.96,14.17,0.0,0.0,0.0,32.05
2020-02-27 18:00:56,49.166666666666664,4.14,17.174999999999997,0.0,0.0,0.0,33.01
2020-02-27 19:00:56,57.75333333333333,6.945,27.149999999999995,0.0,0.0,0.0,15.16
2020-02-27 20:00:56,78.38333333333333,10.699999999999998,29.03,0.0,0.0,0.0,13.42
2020-02-27 21:00:56,84.19,13.99,35.85,0.0,0.0,0.0,12.77
2020-02-27 22:00:56,106.01333333333332,19.63,39.1,0.0,0.0,0.0,20.79
2020-02-27 23:00:56,98.25666666666666,19.4,34.57,0.0,0.0,0.0,34.97
2020-02-28 00:00:56,68.19333333333333,15.775,28.705000000000002,0.0,0.0,0.0,25.45
2020-02-28 01:00:56,59.153333333333336,12.19,21.845,0.0,0.0,0.0,36.15
2020-02-28 02:00:56,35.53,6.995,18.695,0.0,0.0,0.0,37.16
2020-02-28 03:00:56,31.5,5.17,15.665,0.0,0.0,0.0,42.69
2020-02-28 04:00:56,23.740000000000002,5.544999999999999,14.844999999999999,0.0,0.0,0.0,50.63
2020-02-28 05:00:56,28.84,5.375,15.515,0.0,0.0,0.0,53.86
2020-02-28 06:00:56,33.2,2.98,18.585,0.0,0.0,0.0,51.83
2020-02-28 07:00:56,29.520000000000003,3.445,15.435,0.0,0.0,0.0,50.42
2020-02-28 08:00:56,35.13666666666666,4.47,10.94,0.0,0.0,0.0,37.5
2020-02-28 09:00:56,21.743333333333336,4.945,13.405000000000001,0.0,0.0,0.0,44.82
2020-02-28 10:00:56,26.01,5.72,15.215000000000002,0.0,0.0,0.0,45.8
2020-02-28 11:00:56,20.43,0.0,21.099999999999998,0.0,0.0,0.0,54.96
2020-02-28 12:00:56,18.433333333333334,0.0,9.76,0.0,0.0,0.0,49.1
2020-02-28 13:00:56,27.153333333333332,5.045,8.825,0.0,0.0,0.0,51.55
2020-02-28 14:00:56,27.226666666666667,2.655,8.65,0.0,0.0,0.0,55.85
2020-02-28 15:00:56,30.673333333333332,3.035,8.53,0.0,0.0,0.0,49.85
2020-02-28 16:00:56,26.24,4.735,8.07,0.0,0.0,0.0,47.72
2020-02-28 17:00:56,27.156666666666666,3.93,10.44,0.0,0.0,0.0,53.53
2020-02-28 18:00:56,35.943333333333335,2.335,22.774999999999995,0.0,0.0,0.0,26.33
2020-02-28 19:00:56,46.760000000000005,3.17,21.435000000000002,0.0,0.0,0.0,15.15
2020-02-28 20:00:56,67.27666666666667,7.255,22.974999999999998,0.0,0.0,0.0,11.59
2020-02-28 21:00:56,80.84333333333333,10.16,21.8,0.0,0.0,0.0,14.62
2020-02-28 22:00:56,80.21999999999998,11.255,18.615,0.0,0.0,0.0,15.61
2020-02-28 23:00:56,69.41333333333333,16.73,19.515,0.0,0.0,0.0,14.43
2020-02-29 00:00:56,75.75,18.775,17.174999999999997,0.0,0.0,0.0,15.55
2020-02-29 01:00:56,59.99333333333333,17.35,16.134999999999998,0.0,0.0,0.0,15.82
2020-02-29 02:00:56,50.156666666666666,16.415,14.535000000000002,0.0,0.0,0.0,20.35
2020-02-29 03:00:56,42.18,11.585,13.94,0.0,0.0,0.0,17.19
2020-02-29 04:00:56,33.54,11.705,13.354999999999999,0.0,0.0,0.0,14.54
2020-02-29 05:00:56,27.453333333333333,13.96,11.719999999999999,0.0,0.0,0.0,15.89
2020-02-29 06:00:56,27.8,13.005,11.29,0.0,0.0,0.0,16.39
2020-02-29 07:00:56,34.95333333333333,13.74,12.775,0.0,0.0,0.0,16.92
2020-02-29 08:00:56,33.81,12.5,12.520000000000001,0.0,0.0,0.0,27.07
2020-02-29 09:00:56,19.296666666666667,8.64,13.265,0.0,0.0,0.0,18.86
2020-02-29 10:00:56,28.406666666666666,6.895,14.964999999999998,0.0,0.0,0.0,22.94
2020-02-29 11:00:56,36.9,8.91,18.505,0.0,0.0,0.0,22.06
2020-02-29 12:00:56,36.49333333333333,13.28,18.83,0.0,0.0,0.0,19.19
2020-02-29 13:00:56,45.89,11.54,17.985,0.0,0.0,0.0,33.07
2020-02-29 14:00:56,46.17666666666666,10.17,17.645,0.0,0.0,0.0,32.32
2020-02-29 15:00:56,41.34,11.345,15.28,0.0,0.0,0.0,23.48
2020-02-29 16:00:56,36.85,10.205,14.325000000000001,0.0,0.0,0.0,20.65
2020-02-29 17:00:56,33.35666666666667,5.91,13.325000000000001,0.0,0.0,0.0,25.27
2020-02-29 18:00:56,32.33,4.765,13.38,0.0,0.0,0.0,18.64
2020-02-29 19:00:56,35.51,4.16,12.535000000000002,0.0,0.0,0.0,23.58
2020-02-29 20:00:56,36.60666666666667,3.615,12.64,0.0,0.0,0.0,21.26
2020-02-29 21:00:56,34.76,7.495,12.13,0.0,0.0,0.0,23.12
2020-02-29 22:00:56,30.46666666666667,9.455,12.12,0.0,0.0,0.0,22.26
2020-02-29 23:00:56,34.096666666666664,5.995,11.200000000000001,0.0,0.0,0.0,21.13
2020-03-01 00:00:56,25.03,3.52,12.275,0.0,0.0,0.0,19.88
2020-03-01 01:00:56,23.64333333333333,2.01,12.475,0.0,0.0,0.0,23.62
2020-03-01 02:00:56,25.206666666666667,1.125,12.214999999999998,0.0,0.0,0.0,23.77
2020-03-01 03:00:56,19.156666666666666,0.6750000000000002,12.17,0.0,0.0,0.0,22.72
2020-03-01 04:00:56,20.356666666666666,0.71,12.280000000000001,0.0,0.0,0.0,28.29
2020-03-01 05:00:56,13.666666666666668,0.745,11.895000000000001,0.0,0.0,0.0,28.4
2020-03-01 06:00:56,13.94,1.76,11.995,0.0,0.0,0.0,31.95
2020-03-01 07:00:56,13.506666666666668,2.62,12.17,0.0,0.0,0.0,33.81
2020-03-01 08:00:56,13.5,2.415,12.625,0.0,0.0,0.0,30.0
2020-03-01 09:00:56,15.016666666666666,2.84,12.25,0.0,0.0,0.0,22.74
2020-03-01 10:00:56,25.093333333333334,3.34,12.39,0.0,0.0,0.0,20.92
2020-03-01 11:00:56,14.829999999999998,3.7449999999999997,12.780000000000001,0.0,0.0,0.0,23.18
2020-03-01 12:00:56,16.246666666666666,2.7900000000000005,12.935,0.0,0.0,0.0,18.17
2020-03-01 13:00:56,16.316666666666666,2.035,12.38,0.0,0.0,0.0,16.11
2020-03-01 14:00:56,18.009999999999998,3.4500000000000006,12.53,0.0,0.0,0.0,14.94
2020-03-01 15:00:56,15.73,5.79,12.199999999999998,0.0,0.0,0.0,15.34
2020-03-01 16:00:56,14.09,5.095,12.61,0.0,0.0,0.0,19.25
2020-03-01 17:00:56,19.78333333333333,4.14,13.19,0.0,0.0,0.0,16.84
2020-03-01 18:00:56,21.766666666666666,3.99,13.055,0.0,0.0,0.0,17.49
2020-03-01 19:00:56,20.483333333333334,3.295,13.255,0.0,0.0,0.0,18.77
2020-03-01 20:00:56,32.85,3.1199999999999997,14.0,0.0,0.0,0.0,17.42
2020-03-01 21:00:56,28.03,2.035,14.425000000000002,0.0,0.0,0.0,16.73
2020-03-01 22:00:56,34.43666666666667,5.025,12.719999999999999,0.0,0.0,0.0,12.84
2020-03-01 23:00:56,31.7,9.69,15.13,0.0,0.0,0.0,8.08
2020-03-02 00:00:56,52.873333333333335,11.595,15.719999999999999,0.0,0.0,0.0,9.46
2020-03-02 01:00:56,52.67666666666667,17.15,12.229999999999999,0.0,0.0,0.0,10.22
2020-03-02 02:00:56,51.25666666666667,19.93,11.825000000000001,0.0,0.0,0.0,8.61
2020-03-02 03:00:56,44.31,14.729999999999999,11.56,0.0,0.0,0.0,9.05
2020-03-02 04:00:56,34.33,11.18,11.410000000000002,0.0,0.0,0.0,7.2
2020-03-02 05:00:56,38.54666666666667,14.195,10.785000000000002,0.0,0.0,0.0,6.34
2020-03-02 06:00:56,34.28666666666667,15.565,11.525,0.0,0.0,0.0,9.57
2020-03-02 07:00:56,42.81,13.225,11.424999999999999,0.0,0.0,0.0,11.88
2020-03-02 08:00:56,47.373333333333335,16.08,11.9,0.0,0.0,0.0,7.09
2020-03-02 09:00:56,65.5,22.540000000000003,20.24,0.0,0.0,0.0,9.33
2020-03-02 10:00:56,94.50333333333333,31.06,26.455,0.0,0.0,0.0,5.46
2020-03-02 11:00:56,111.44333333333334,37.125,23.97,0.0,0.0,0.0,6.1
2020-03-02 12:00:56,83.18,32.92,19.54,0.0,0.0,0.0,27.57
2020-03-02 13:00:56,60.32666666666667,21.37,18.53,0.0,0.0,0.0,35.27
2020-03-02 14:00:56,41.10333333333333,11.42,17.685000000000002,0.0,0.0,0.0,31.72
2020-03-02 15:00:56,35.14666666666667,7.745,15.215000000000002,0.0,0.0,0.0,41.75
2020-03-02 16:00:56,23.206666666666667,5.93,13.71,0.0,0.0,0.0,46.7
2020-03-02 17:00:56,21.23,3.485,13.585,0.0,0.0,0.0,43.16
2020-03-02 18:00:56,22.13,2.195,14.945,0.0,0.0,0.0,33.15
2020-03-02 19:00:56,29.78333333333333,1.14,22.37,0.0,0.0,0.0,17.02
2020-03-02 20:00:56,51.730000000000004,4.355,21.185,0.0,0.0,0.0,8.28
2020-03-02 21:00:56,71.28,11.025,20.815,0.0,0.0,0.0,4.17
2020-03-02 22:00:56,81.73,16.21,17.39,0.0,0.0,0.0,4.17
2020-03-02 23:00:56,98.18666666666667,31.005,16.695,0.0,0.0,0.0,9.1
2020-03-03 00:00:56,113.98,43.35999999999999,17.55,0.0,0.0,0.0,8.73
2020-03-03 01:00:56,121.32,36.14,16.505,0.0,0.0,0.0,9.31
2020-03-03 02:00:56,112.41333333333334,35.31,16.435,0.0,0.0,0.0,8.68
2020-03-03 03:00:56,100.92333333333333,43.98499999999999,16.635,0.0,0.0,0.0,8.18
2020-03-03 04:00:56,88.30333333333333,39.775,16.61,0.0,0.0,0.0,8.78
2020-03-03 05:00:56,70.44,31.325,15.61,0.0,0.0,0.0,9.58
2020-03-03 06:00:56,81.06,31.13,13.844999999999999,0.0,0.0,0.0,8.16
2020-03-03 07:00:56,70.63333333333334,29.74,13.464999999999998,0.0,0.0,0.0,4.51
2020-03-03 08:00:56,75.20333333333333,27.95,13.94,0.0,0.0,0.0,8.83
2020-03-03 09:00:56,93.74333333333334,34.125,33.07,0.0,0.0,0.0,7.6
2020-03-03 10:00:56,151.56,40.67,31.849999999999998,0.0,0.0,0.0,4.73
2020-03-03 11:00:56,136.19666666666666,40.07,29.635,0.0,0.0,0.0,6.65
2020-03-03 12:00:56,120.97333333333334,35.18,22.635,0.0,0.0,0.0,17.68
2020-03-03 13:00:56,83.35,20.5,18.66,0.0,0.0,0.0,32.25
2020-03-03 14:00:56,51.75333333333333,13.92,18.215,0.0,0.0,0.0,21.63
2020-03-03 15:00:56,49.29333333333334,11.365,13.655,0.0,0.0,0.0,27.79
2020-03-03 16:00:56,35.00666666666667,6.405,13.065,0.0,0.0,0.0,34.61
2020-03-03 17:00:56,36.95666666666667,3.5050000000000003,13.195,0.0,0.0,0.0,15.12
2020-03-03 18:00:56,32.60666666666667,2.16,14.275,0.0,0.0,0.0,13.99
2020-03-03 19:00:56,52.44333333333333,2.73,16.74,0.0,0.0,0.0,6.26
2020-03-03 20:00:56,89.50666666666666,8.3,20.305,0.0,0.0,0.0,6.28
2020-03-03 21:00:56,122.86333333333334,11.735,18.58,0.0,0.0,0.0,8.1
2020-03-03 22:00:56,133.18,24.274999999999995,17.915,0.0,0.0,0.0,10.27
2020-03-03 23:00:56,142.21666666666667,43.96,21.095,0.0,0.0,0.0,8.66
2020-03-04 00:00:56,150.01666666666665,41.42,16.5,0.0,0.0,0.0,8.51
2020-03-04 01:00:56,125.25333333333333,43.79999999999999,18.285,0.0,0.0,0.0,5.79
2020-03-04 02:00:56,132.94666666666666,49.06,17.92,0.0,0.0,0.0,4.43
2020-03-04 03:00:56,102.19333333333333,37.16,16.27,0.0,0.0,0.0,7.11
2020-03-04 04:00:56,86.97333333333333,32.59,15.75,0.0,0.0,0.0,4.51
2020-03-04 05:00:56,80.55333333333333,31.179999999999996,14.229999999999999,0.0,0.0,0.0,11.55
2020-03-04 06:00:56,69.95333333333333,22.165000000000003,13.635,0.0,0.0,0.0,10.5
2020-03-04 07:00:56,62.60333333333333,20.845,13.255,0.0,0.0,0.0,10.56
2020-03-04 08:00:56,75.25,26.015,14.229999999999999,0.0,0.0,0.0,12.3
2020-03-04 09:00:56,116.64333333333333,31.885,30.66,0.0,0.0,0.0,9.3
2020-03-04 10:00:56,153.18666666666667,39.365,43.074999999999996,0.0,0.0,0.0,7.85
2020-03-04 11:00:56,194.99666666666667,42.895,36.905,0.0,0.0,0.0,4.26
2020-03-04 12:00:56,153.68333333333334,38.39,25.209999999999997,0.0,0.0,0.0,10.86
2020-03-04 13:00:56,99.51333333333332,27.06,21.445000000000004,0.0,0.0,0.0,11.14
2020-03-04 14:00:56,82.55,17.525,16.05,0.0,0.0,0.0,27.01
2020-03-04 15:00:56,56.370000000000005,11.67,12.835,0.0,0.0,0.0,29.92
2020-03-04 16:00:56,36.836666666666666,7.72,12.935,0.0,0.0,0.0,22.02
2020-03-04 17:00:56,29.756666666666664,5.485,12.770000000000001,0.0,0.0,0.0,27.49
2020-03-04 18:00:56,34.04,4.68,14.200000000000001,0.0,0.0,0.0,30.97
2020-03-04 19:00:56,48.85333333333333,5.27,21.855,0.0,0.0,0.0,5.7
2020-03-04 20:00:56,53.61333333333334,8.65,12.920000000000002,0.0,0.0,0.0,2.48
2020-03-04 21:00:56,87.90333333333334,15.729999999999999,18.735,0.0,0.0,0.0,3.3
2020-03-04 22:00:56,116.07,24.755,12.49,0.0,0.0,0.0,3.72
2020-03-04 23:00:56,127.68,35.99,13.329999999999998,0.0,0.0,0.0,4.53
2020-03-05 00:00:56,127.13,41.635,11.735,0.0,0.0,0.0,4.38
2020-03-05 01:00:56,109.16,41.76,9.14,0.0,0.0,0.0,4.99
2020-03-05 02:00:56,103.44666666666667,48.04999999999999,8.63,0.0,0.0,0.0,5.58
2020-03-05 03:00:56,97.13,43.95000000000001,8.84,0.0,0.0,0.0,4.23
2020-03-05 04:00:56,74.66333333333333,31.37,9.07,0.0,0.0,0.0,2.4
2020-03-05 05:00:56,63.846666666666664,23.27,8.48,0.0,0.0,0.0,4.68
2020-03-05 06:00:56,49.00333333333333,19.04,7.56,0.0,0.0,0.0,4.19
2020-03-05 07:00:56,51.093333333333334,21.515,7.695,0.0,0.0,0.0,3.56
2020-03-05 08:00:56,65.87333333333333,24.070000000000004,8.105,0.0,0.0,0.0,2.74
2020-03-05 09:00:56,83.06666666666666,26.33,9.99,0.0,0.0,0.0,4.8
2020-03-05 10:00:56,149.17333333333335,40.265,39.025000000000006,0.0,0.0,0.0,4.75
2020-03-05 11:00:56,191.19333333333333,47.605,30.325000000000003,0.0,0.0,0.0,4.69
2020-03-05 12:00:56,129.89666666666668,36.555,16.825,0.0,0.0,0.0,7.19
2020-03-05 13:00:56,98.32333333333334,24.26,7.599999999999999,0.0,0.0,0.0,18.51
2020-03-05 14:00:56,54.96333333333333,17.01,13.68,0.0,0.0,0.0,27.39
2020-03-05 15:00:56,45.65,8.715,12.924999999999999,0.0,0.0,0.0,26.09
2020-03-05 16:00:56,35.60666666666667,6.195,12.674999999999999,0.0,0.0,0.0,11.5
2020-03-05 17:00:56,34.46333333333333,5.105,13.65,0.0,0.0,0.0,17.34
2020-03-05 18:00:56,37.88666666666666,6.525000000000001,16.06,0.0,0.0,0.0,4.77
2020-03-05 19:00:56,78.54666666666667,10.729999999999999,21.67,0.0,0.0,0.0,4.03
2020-03-05 20:00:56,99.88,12.44,16.765,0.0,0.0,0.0,4.6
2020-03-05 21:00:56,87.07333333333334,10.755,24.060000000000002,0.0,0.0,0.0,14.76
2020-03-05 22:00:56,77.34333333333333,10.09,25.415000000000003,0.0,0.0,0.0,16.6
2020-03-05 23:00:56,67.74333333333334,13.86,20.11,0.0,0.0,0.0,14.28
2020-03-06 00:00:56,60.38999999999999,12.61,20.45,0.0,0.0,0.0,27.09
2020-03-06 01:00:56,47.33,9.81,20.99,0.0,0.0,0.0,11.84
2020-03-06 02:00:56,42.14,8.835,17.72,0.0,0.0,0.0,26.08
2020-03-06 03:00:56,44.07333333333333,6.965,16.555,0.0,0.0,0.0,39.71
2020-03-06 04:00:56,41.27666666666667,4.59,14.82,0.0,0.0,0.0,32.58
2020-03-06 05:00:56,42.74666666666667,4.805,12.245,0.0,0.0,0.0,36.32
2020-03-06 06:00:56,31.386666666666667,6.125,13.005,0.0,0.0,0.0,26.48
2020-03-06 07:00:56,24.356666666666666,5.515,12.479999999999999,0.0,0.0,0.0,20.81
2020-03-06 08:00:56,26.936666666666667,5.605,12.469999999999999,0.0,0.0,0.0,6.55
2020-03-06 09:00:56,45.403333333333336,13.160000000000002,18.235,0.0,0.0,0.0,4.45
2020-03-06 10:00:56,66.39333333333333,24.065,22.105,0.0,0.0,0.0,6.53
2020-03-06 11:00:56,65.40333333333332,25.09,18.115,0.0,0.0,0.0,24.63
2020-03-06 12:00:56,44.28666666666667,17.565,15.945,0.0,0.0,0.0,36.11
2020-03-06 13:00:56,43.00666666666666,10.824999999999998,16.535,0.0,0.0,0.0,26.27
2020-03-06 14:00:56,41.983333333333334,8.81,13.64,0.0,0.0,0.0,27.23
2020-03-06 15:00:56,45.46333333333333,7.75,12.950000000000001,0.0,0.0,0.0,33.95
2020-03-06 16:00:56,44.51,4.775,12.200000000000001,0.0,0.0,0.0,17.95
2020-03-06 17:00:56,46.276666666666664,3.065,11.745,0.0,0.0,0.0,12.83
2020-03-06 18:00:56,41.66,4.695,12.674999999999999,0.0,0.0,0.0,21.78
2020-03-06 19:00:56,56.22666666666667,5.755,16.635,0.0,0.0,0.0,18.3
2020-03-06 20:00:56,66.35333333333334,4.58,16.035,0.0,0.0,0.0,4.57
2020-03-06 21:00:56,76.42333333333333,8.82,15.935000000000002,0.0,0.0,0.0,4.03
2020-03-06 22:00:56,85.49000000000001,14.735,19.175,0.0,0.0,0.0,3.5
2020-03-06 23:00:56,99.28666666666668,16.3,21.915000000000003,0.0,0.0,0.0,3.47
2020-03-07 00:00:56,117.29666666666667,19.905,15.76,0.0,0.0,0.0,3.26
2020-03-07 01:00:56,88.54666666666667,25.455,14.365,0.0,0.0,0.0,4.08
2020-03-07 02:00:56,89.85333333333334,28.645,17.61,0.0,0.0,0.0,4.44
2020-03-07 03:00:56,105.34,30.33,14.410000000000002,0.0,0.0,0.0,4.57
2020-03-07 04:00:56,108.11333333333334,26.315,14.21,0.0,0.0,0.0,3.97
2020-03-07 05:00:56,94.25333333333333,22.23,12.645000000000001,0.0,0.0,0.0,4.14
2020-03-07 06:00:56,66.36666666666667,18.255,12.26,0.0,0.0,0.0,4.94
2020-03-07 07:00:56,52.82,14.93,11.915,0.0,0.0,0.0,4.69
2020-03-07 08:00:56,49.45333333333333,15.01,12.04,0.0,0.0,0.0,4.49
2020-03-07 09:00:56,55.68000000000001,20.46,19.919999999999998,0.0,0.0,0.0,4.51
2020-03-07 10:00:56,84.92,28.53,31.06,0.0,0.0,0.0,5.92
2020-03-07 11:00:56,105.48333333333333,27.01,25.84,0.0,0.0,0.0,12.36
2020-03-07 12:00:56,75.46000000000001,21.524999999999995,20.2,0.0,0.0,0.0,24.24
2020-03-07 13:00:56,53.63333333333333,15.29,15.37,0.0,0.0,0.0,39.54
2020-03-07 14:00:56,33.08,8.265,13.160000000000002,0.0,0.0,0.0,42.4
2020-03-07 15:00:56,23.8,5.56,12.695,0.0,0.0,0.0,40.06
2020-03-07 16:00:56,22.95,4.345,11.655000000000001,0.0,0.0,0.0,40.25
2020-03-07 17:00:56,21.37,4.035,11.805,0.0,0.0,0.0,32.82
2020-03-07 18:00:56,13.916666666666666,3.86,11.924999999999999,0.0,0.0,0.0,14.24
2020-03-07 19:00:56,31.700000000000003,4.73,14.945,0.0,0.0,0.0,9.36
2020-03-07 20:00:56,53.21333333333333,8.145,15.575000000000001,0.0,0.0,0.0,3.32
2020-03-07 21:00:56,82.10666666666667,12.44,15.76,0.0,0.0,0.0,4.52
2020-03-07 22:00:56,102.16333333333333,21.965,15.54,0.0,0.0,0.0,5.16
2020-03-07 23:00:56,106.91333333333334,32.505,13.225,0.0,0.0,0.0,5.67
2020-03-08 00:00:56,114.09666666666666,34.01,12.770000000000001,0.0,0.0,0.0,4.63
2020-03-08 01:00:56,107.36333333333334,36.51,11.674999999999999,0.0,0.0,0.0,6.01
2020-03-08 02:00:56,118.47333333333333,40.625,12.005,0.0,0.0,0.0,5.17
2020-03-08 03:00:56,104.67666666666666,38.295,13.520000000000001,0.0,0.0,0.0,4.18
2020-03-08 04:00:56,89.07666666666667,33.885,12.745,0.0,0.0,0.0,4.37
2020-03-08 05:00:56,68.20666666666666,28.11,12.375,0.0,0.0,0.0,4.79
2020-03-08 06:00:56,60.81666666666666,25.59,12.9,0.0,0.0,0.0,3.83
2020-03-08 07:00:56,53.42333333333333,19.23,12.65,0.0,0.0,0.0,3.91
2020-03-08 08:00:56,53.4,16.65,13.9,0.0,0.0,0.0,3.9
2020-03-08 09:00:56,68.6,19.325,24.064999999999998,0.0,0.0,0.0,5.16
2020-03-08 10:00:56,79.85,25.44,25.070000000000004,0.0,0.0,0.0,7.66
2020-03-08 11:00:56,70.16,25.955,21.685000000000002,0.0,0.0,0.0,9.6
2020-03-08 12:00:56,59.06333333333333,22.905,21.474999999999998,0.0,0.0,0.0,14.81
2020-03-08 13:00:56,49.519999999999996,19.765,16.075000000000003,0.0,0.0,0.0,19.54
2020-03-08 14:00:56,37.71,14.085,13.4,0.0,0.0,0.0,15.62
2020-03-08 15:00:56,27.596666666666664,8.94,12.795,0.0,0.0,0.0,15.86
2020-03-08 16:00:56,23.543333333333333,7.28,12.795,0.0,0.0,0.0,14.62
2020-03-08 17:00:56,20.043333333333333,4.57,13.06,0.0,0.0,0.0,6.07
2020-03-08 18:00:56,22.36,3.895,12.945,0.0,0.0,0.0,5.39
2020-03-08 19:00:56,45.5,5.864999999999999,15.219999999999999,0.0,0.0,0.0,3.22
2020-03-08 20:00:56,83.62333333333333,5.864999999999999,15.68,0.0,0.0,0.0,5.46
2020-03-08 21:00:56,77.98666666666666,5.48,24.94,0.0,0.0,0.0,5.27
2020-03-08 22:00:56,110.45666666666666,11.550000000000002,32.955,0.0,0.0,0.0,5.37
2020-03-08 23:00:56,123.05666666666666,23.695000000000004,31.945000000000004,0.0,0.0,0.0,5.21
2020-03-09 00:00:56,122.48333333333333,33.1,25.89,0.0,0.0,0.0,5.95
2020-03-09 01:00:56,111.0,40.22,28.965000000000003,0.0,0.0,0.0,4.29
2020-03-09 02:00:56,122.09,41.64,23.38,0.0,0.0,0.0,3.95
2020-03-09 03:00:56,96.31666666666666,31.61,17.165000000000003,0.0,0.0,0.0,4.1
2020-03-09 04:00:56,75.53999999999999,24.545,16.634999999999998,0.0,0.0,0.0,2.73
2020-03-09 05:00:56,60.24,20.455,17.04,0.0,0.0,0.0,4.32
2020-03-09 06:00:56,54.39666666666667,16.955,17.045,0.0,0.0,0.0,4.48
2020-03-09 07:00:56,52.52333333333333,14.82,15.915,0.0,0.0,0.0,3.37
2020-03-09 08:00:56,59.22666666666667,17.435,18.985,0.0,0.0,0.0,4.88
2020-03-09 09:00:56,93.64,24.505,34.075,0.0,0.0,0.0,4.93
2020-03-09 10:00:56,150.15666666666667,31.995,33.02,0.0,0.0,0.0,4.51
2020-03-09 11:00:56,161.77,32.165,22.985,0.0,0.0,0.0,4.99
2020-03-09 12:00:56,122.89333333333332,25.845,19.895,0.0,0.0,0.0,6.18
2020-03-09 13:00:56,105.01333333333332,19.62,18.17,0.0,0.0,0.0,6.28
2020-03-09 14:00:56,88.45333333333333,14.660000000000002,16.035,0.0,0.0,0.0,14.62
2020-03-09 15:00:56,61.53666666666666,8.675,15.045000000000002,0.0,0.0,0.0,20.53
2020-03-09 16:00:56,44.343333333333334,4.545,16.115,0.0,0.0,0.0,19.72
2020-03-09 17:00:56,44.36,2.41,16.485,0.0,0.0,0.0,7.71
2020-03-09 18:00:56,47.39333333333333,2.39,16.59,0.0,0.0,0.0,4.94
2020-03-09 19:00:56,60.38333333333333,3.955,18.075,0.0,0.0,0.0,5.29
2020-03-09 20:00:56,76.78666666666666,3.875,23.429999999999996,0.0,0.0,0.0,4.13
2020-03-09 21:00:56,91.29333333333334,6.175,33.03,0.0,0.0,0.0,4.87
2020-03-09 22:00:56,116.87666666666667,11.04,26.165000000000003,0.0,0.0,0.0,7.09
2020-03-09 23:00:56,77.93333333333334,12.675000000000002,25.88,0.0,0.0,0.0,4.05
2020-03-10 00:00:56,76.65333333333334,12.47,23.845,0.0,0.0,0.0,4.77
2020-03-10 01:00:56,76.86,12.18,21.03,0.0,0.0,0.0,5.06
2020-03-10 02:00:56,53.36333333333334,12.175000000000002,19.175,0.0,0.0,0.0,8.17
2020-03-10 03:00:56,54.04,11.089999999999998,17.924999999999997,0.0,0.0,0.0,9.62
2020-03-10 04:00:56,47.68666666666667,9.225,16.974999999999998,0.0,0.0,0.0,8.68
2020-03-10 05:00:56,44.53,7.794999999999999,14.07,0.0,0.0,0.0,9.26
2020-03-10 06:00:56,42.09,7.59,14.14,0.0,0.0,0.0,7.07
2020-03-10 07:00:56,45.26,6.760000000000001,17.125,0.0,0.0,0.0,20.44
2020-03-10 08:00:56,57.78666666666667,5.775000000000001,14.780000000000001,0.0,0.0,0.0,25.38
2020-03-10 09:00:56,88.30333333333333,6.66,16.275,0.0,0.0,0.0,23.94
2020-03-10 10:00:56,72.36666666666667,8.53,16.11,0.0,0.0,0.0,35.01
2020-03-10 11:00:56,97.72,10.085,14.780000000000001,0.0,0.0,0.0,48.17
2020-03-10 12:00:56,154.61,9.075,14.275,0.0,0.0,0.0,38.79
2020-03-10 13:00:56,99.06333333333333,6.91,12.64,0.0,0.0,0.0,38.64
2020-03-10 14:00:56,68.66,6.62,11.625,0.0,0.0,0.0,39.21
2020-03-10 15:00:56,74.83333333333333,5.575,10.37,0.0,0.0,0.0,39.5
2020-03-10 16:00:56,67.90333333333334,7.625,10.385,0.0,0.0,0.0,37.39
2020-03-10 17:00:56,60.21333333333333,7.72,10.58,0.0,0.0,0.0,35.84
2020-03-10 18:00:56,58.57666666666667,3.955,10.25,0.0,0.0,0.0,33.9
2020-03-10 19:00:56,46.596666666666664,2.175,12.225,0.0,0.0,0.0,28.79
2020-03-10 20:00:56,40.53666666666667,1.575,16.27,0.0,0.0,0.0,21.43
2020-03-10 21:00:56,34.876666666666665,4.59,15.585,0.0,0.0,0.0,7.43
2020-03-10 22:00:56,30.81,6.605,15.410000000000002,0.0,0.0,0.0,21.73
2020-03-10 23:00:56,33.95,3.59,16.69,0.0,0.0,0.0,10.6
2020-03-11 00:00:56,32.4,5.45,15.25,0.0,0.0,0.0,11.63
2020-03-11 01:00:56,34.25,8.275,13.135,0.0,0.0,0.0,3.58
2020-03-11 02:00:56,37.8,6.53,12.255,0.0,0.0,0.0,8.87
2020-03-11 03:00:56,28.766666666666666,5.55,11.875,0.0,0.0,0.0,6.79
2020-03-11 04:00:56,42.54333333333333,6.02,10.49,0.0,0.0,0.0,3.68
2020-03-11 05:00:56,37.25666666666667,6.63,11.815,0.0,0.0,0.0,3.38
2020-03-11 06:00:56,41.88666666666666,6.495,13.08,0.0,0.0,0.0,5.0
2020-03-11 07:00:56,35.05,10.09,12.770000000000001,0.0,0.0,0.0,3.75
2020-03-11 08:00:56,42.53666666666667,15.275,13.410000000000002,0.0,0.0,0.0,5.85
2020-03-11 09:00:56,53.616666666666674,22.070000000000004,22.925,0.0,0.0,0.0,3.88
2020-03-11 10:00:56,90.22666666666667,29.3,25.035,0.0,0.0,0.0,8.8
2020-03-11 11:00:56,80.02333333333333,25.52,20.235,0.0,0.0,0.0,17.63
2020-03-11 12:00:56,52.64,17.665,16.93,0.0,0.0,0.0,21.04
2020-03-11 13:00:56,34.54,10.735,14.095,0.0,0.0,0.0,24.04
2020-03-11 14:00:56,23.74,5.825,12.62,0.0,0.0,0.0,25.5
2020-03-11 15:00:56,17.013333333333335,3.6650000000000005,12.625,0.0,0.0,0.0,24.46
2020-03-11 16:00:56,14.096666666666668,2.32,12.71,0.0,0.0,0.0,24.88
2020-03-11 17:00:56,11.31,2.515,12.935,0.0,0.0,0.0,19.34
2020-03-11 18:00:56,18.676666666666666,2.7999999999999994,13.714999999999998,0.0,0.0,0.0,23.55
2020-03-11 19:00:56,26.93,1.3999999999999997,18.22,0.0,0.0,0.0,9.84
2020-03-11 20:00:56,40.03333333333333,2.005,27.615,0.0,0.0,0.0,5.89
2020-03-11 21:00:56,57.663333333333334,7.88,19.02,0.0,0.0,0.0,3.75
2020-03-11 22:00:56,72.83333333333333,16.06,17.36,0.0,0.0,0.0,3.38
2020-03-11 23:00:56,77.44666666666667,21.08,17.13,0.0,0.0,0.0,5.13
2020-03-12 00:00:56,74.88333333333334,22.785,15.225,0.0,0.0,0.0,3.21
2020-03-12 01:00:56,72.02333333333334,24.355,15.545000000000002,0.0,0.0,0.0,3.61
2020-03-12 02:00:56,42.81999999999999,0.0,13.985,0.0,0.0,0.0,3.48
2020-03-12 03:00:56,27.326666666666668,0.0,13.785000000000002,0.0,0.0,0.0,3.18
2020-03-12 04:00:56,28.28333333333333,0.0,12.049999999999999,0.0,0.0,0.0,2.97
2020-03-12 05:00:56,22.05666666666667,0.0,12.235,0.0,0.0,0.0,2.73
2020-03-12 06:00:56,16.013333333333335,0.0,13.46,0.0,0.0,0.0,3.91
2020-03-12 07:00:56,7.916666666666667,0.0,7.219999999999999,0.0,0.0,0.0,3.61
2020-03-12 08:00:56,9.57,0.0,7.414999999999999,0.0,0.0,0.0,2.82
2020-03-12 09:00:56,20.060000000000002,0.0,7.830000000000001,0.0,0.0,0.0,4.15
2020-03-12 10:00:56,37.776666666666664,0.0,8.26,0.0,0.0,0.0,4.73
2020-03-12 11:00:56,44.00333333333333,0.0,7.705000000000001,0.0,0.0,0.0,12.1
2020-03-12 12:00:56,39.650000000000006,0.0,7.77,0.0,0.0,0.0,19.7
2020-03-12 13:00:56,43.6,0.0,15.815,0.0,0.0,0.0,13.34
2020-03-12 14:00:56,32.47,0.0,13.799999999999999,0.0,0.0,0.0,11.54
2020-03-12 15:00:56,26.939999999999998,0.0,13.714999999999998,0.0,0.0,0.0,15.36
2020-03-12 16:00:56,32.59,0.0,13.475,0.0,0.0,0.0,17.23
2020-03-12 17:00:56,21.493333333333332,0.0,13.295,0.0,0.0,0.0,22.05
2020-03-12 18:00:56,31.326666666666668,4.1,12.455,0.0,0.0,0.0,20.13
2020-03-12 19:00:56,57.26,2.385,13.674999999999999,6.900000000000001,8.3,0.0,21.1
2020-03-12 20:00:56,54.916666666666664,1.61,14.24,6.88,8.225,0.0,19.7
2020-03-12 21:00:56,49.38666666666666,4.065,14.089999999999998,6.474999999999999,7.724999999999999,0.0,22.53
2020-03-12 22:00:56,43.65,5.830000000000001,14.205,6.285,7.575,0.0,25.37
2020-03-12 23:00:56,35.67333333333333,3.74,13.950000000000001,5.02,6.32,0.0,26.62
2020-03-13 00:00:56,32.336666666666666,3.3800000000000003,13.665,4.15,5.445,0.0,24.92
2020-03-13 01:00:56,33.410000000000004,3.6300000000000003,13.47,3.6,4.75,0.0,23.58
2020-03-13 02:00:56,25.566666666666666,3.27,13.225,4.55,5.785,0.0,23.43
2020-03-13 03:00:56,24.71,2.015,13.495,5.510000000000001,6.794999999999999,0.0,17.31
2020-03-13 04:00:56,24.163333333333334,3.815,13.185,6.37,7.745,0.0,14.58
2020-03-13 05:00:56,32.416666666666664,5.305,13.065,9.885,11.54,0.0,13.72
2020-03-13 06:00:56,40.36,5.75,14.160000000000002,9.27,10.93,0.0,12.73
2020-03-13 07:00:56,50.69333333333333,12.175000000000002,15.75,10.235,11.805,0.0,10.59
2020-03-13 08:00:56,62.78666666666667,16.43,15.715000000000002,13.439999999999998,15.954999999999998,0.0,4.79
2020-03-13 09:00:56,66.56666666666666,15.395000000000001,18.87,17.745,22.33,0.0,3.98
2020-03-13 10:00:56,35.36666666666667,0.0,7.859999999999999,26.73,34.71,0.0,9.62
2020-03-13 11:00:56,37.55,0.0,7.505,23.74,29.61,0.0,7.96
2020-03-13 12:00:56,35.596666666666664,0.0,14.975,20.07,24.405,0.0,0.0
2020-03-13 13:00:56,59.76666666666667,0.43,13.9,62.5,73.515,0.0,38.61
2020-03-13 14:00:56,49.333333333333336,22.19,6.7,56.07500000000001,73.385,0.0,32.81
2020-03-13 15:00:56,62.53666666666667,21.635,12.4,89.055,107.96999999999998,0.0,32.38
2020-03-13 16:00:56,77.02333333333334,26.015,12.245,93.815,121.21499999999999,0.0,28.56
2020-03-13 17:00:56,84.72,15.165,11.69,94.245,135.545,0.0,28.28
2020-03-13 18:00:56,90.3,19.01,11.104999999999999,91.165,129.08,0.0,26.17
2020-03-13 19:00:56,89.17,14.800000000000002,10.83,85.08,109.21499999999999,0.0,45.1
2020-03-13 20:00:56,82.18,14.455,11.025,90.645,129.515,0.0,43.32
2020-03-13 21:00:56,84.37666666666667,14.375,12.12,93.805,136.91,0.0,36.52
2020-03-13 22:00:56,74.83333333333333,12.12,11.935,96.33,124.51499999999999,0.0,26.2
2020-03-13 23:00:56,61.13666666666666,12.104999999999999,11.204999999999998,96.25999999999999,151.51,0.0,30.35
2020-03-14 00:00:56,66.83333333333333,13.589999999999998,11.25,87.33,127.40000000000002,0.0,35.99
2020-03-14 01:00:56,78.09666666666666,21.815,11.735,84.18,137.255,0.0,28.21
2020-03-14 02:00:56,80.26333333333334,28.61,11.785000000000002,84.275,144.99,0.0,29.04
2020-03-14 03:00:56,80.1,28.58,10.825000000000001,80.025,140.82000000000002,0.0,3.02
2020-03-14 04:00:56,61.86,33.42,10.705,76.6,120.07,0.0,5.54
2020-03-14 05:00:56,55.846666666666664,29.45,9.425,96.445,121.995,0.0,8.52
2020-03-14 06:00:56,39.72,20.9,9.42,82.07,101.135,0.0,8.29
2020-03-14 07:00:56,47.80666666666667,22.205,9.345,80.255,126.81,0.0,5.94
2020-03-14 08:00:56,47.75333333333333,26.78,9.84,82.42,175.795,0.0,4.43
2020-03-14 09:00:56,70.62666666666667,26.765,12.770000000000001,89.78500000000001,196.76,0.0,2.53
2020-03-14 10:00:56,93.28999999999999,32.03,17.465,89.24000000000001,134.885,0.0,5.53
2020-03-14 11:00:56,75.32000000000001,27.8,14.61,60.335,73.33,0.0,18.84
2020-03-14 12:00:56,51.196666666666665,15.770000000000001,12.21,54.254999999999995,62.04,0.0,21.89
2020-03-14 13:00:56,34.99,14.755,10.915,53.56,61.074999999999996,0.0,23.33
2020-03-14 14:00:56,36.99666666666666,11.824999999999998,10.635,51.31,58.620000000000005,0.0,25.11
2020-03-14 15:00:56,34.52,6.68,9.84,60.48499999999999,72.45,0.0,12.02
2020-03-14 16:00:56,37.81,9.44,9.63,53.085,60.76499999999999,0.0,13.79
2020-03-14 17:00:56,36.24,6.13,10.450000000000001,63.48,77.92,0.0,7.57
2020-03-14 18:00:56,46.03333333333333,4.815,10.47,70.24,86.75,0.0,3.64
2020-03-14 19:00:56,47.416666666666664,11.5,10.65,66.42,78.715,0.0,16.53
2020-03-14 20:00:56,49.71666666666667,10.125,10.535,58.315,66.215,0.0,20.27
2020-03-14 21:00:56,49.29,9.63,9.785,51.385,58.169999999999995,0.0,23.43
2020-03-14 22:00:56,51.57333333333333,19.585,9.235,42.29,47.669999999999995,0.0,28.61
2020-03-14 23:00:56,45.2,15.685,8.959999999999999,36.58,41.415,0.0,26.61
2020-03-15 00:00:56,49.696666666666665,14.32,9.095,37.97,43.15,0.0,25.66
2020-03-15 01:00:56,36.63333333333333,11.725,9.0,39.36000000000001,47.56,0.0,21.58
2020-03-15 02:00:56,32.57,17.46,8.950000000000001,35.505,40.385,0.0,18.74
2020-03-15 03:00:56,26.006666666666664,9.165,8.94,38.34,45.705000000000005,0.0,16.39
2020-03-15 04:00:56,20.24,5.59,8.76,42.23,48.68,0.0,16.09
2020-03-15 05:00:56,26.613333333333333,2.9500000000000006,8.165000000000001,43.73499999999999,48.29,0.0,15.96
2020-03-15 06:00:56,33.5,8.065,7.614999999999999,46.77,52.57,0.0,15.15
2020-03-15 07:00:56,43.376666666666665,12.300000000000002,7.265000000000001,59.73499999999999,73.61,0.0,6.82
2020-03-15 08:00:56,44.45666666666666,11.485,7.375,62.055,86.17,0.0,4.76
2020-03-15 09:00:56,49.013333333333335,18.575,9.59,68.675,106.39999999999999,0.0,3.29
2020-03-15 10:00:56,56.63666666666667,25.795,11.020000000000001,76.085,100.665,0.0,9.07
2020-03-15 11:00:56,69.68333333333334,23.895,10.92,74.995,90.315,0.0,12.68
2020-03-15 12:00:56,63.376666666666665,26.395,10.63,58.31,69.065,0.0,17.37
2020-03-15 13:00:56,53.78666666666667,19.235,10.225,72.685,92.31,0.0,9.58
2020-03-15 14:00:56,56.13666666666666,22.47,10.674999999999999,61.66,72.13,0.0,13.06
2020-03-15 15:00:56,50.94333333333333,19.415,10.505,62.715,74.08,0.0,10.93
2020-03-15 16:00:56,54.8,18.68,9.39,56.11000000000001,67.82499999999999,0.0,10.47
2020-03-15 17:00:56,48.79666666666667,16.175,8.64,40.705000000000005,46.870000000000005,0.0,18.59
2020-03-15 18:00:56,37.96,8.19,8.045,40.875,48.6,0.0,19.28
2020-03-15 19:00:56,38.64,9.85,7.914999999999999,37.115,43.885,0.0,17.59
2020-03-15 20:00:56,33.163333333333334,9.385,7.719999999999999,35.595,42.425,0.0,15.64
2020-03-15 21:00:56,24.4,10.335,7.52,31.245,37.28,0.0,19.31
2020-03-15 22:00:56,21.763333333333332,5.375,7.215,27.995,33.195,0.0,15.35
2020-03-15 23:00:56,16.313333333333333,3.1199999999999997,6.995,26.459999999999997,31.845,0.0,17.06
2020-03-16 00:00:56,11.756666666666668,4.505,7.099999999999999,23.475000000000005,27.98,0.0,15.11
2020-03-16 01:00:56,11.096666666666668,3.86,7.805,26.78,32.695,0.0,12.74
2020-03-16 02:00:56,9.703333333333333,0.0,8.219999999999999,21.55,25.685000000000002,0.0,17.55
2020-03-16 03:00:56,7.316666666666666,0.0,8.17,26.069999999999997,39.56,0.0,18.27
2020-03-16 04:00:56,8.33,3.395,7.989999999999999,18.115,22.25,0.0,21.57
2020-03-16 05:00:56,6.926666666666668,2.62,7.689999999999999,19.785,24.435000000000002,0.0,22.23
2020-03-16 06:00:56,9.123333333333333,0.0,7.655,18.724999999999998,23.865,0.0,21.4
2020-03-16 07:00:56,15.266666666666666,2.8250000000000006,7.510000000000001,21.61,26.34,0.0,23.02
2020-03-16 08:00:56,16.68,2.39,7.7250000000000005,40.830000000000005,53.855,0.0,16.18
2020-03-16 09:00:56,18.626666666666665,1.9799999999999998,7.734999999999999,45.135,58.10999999999999,0.0,13.8
2020-03-16 10:00:56,22.0,3.0499999999999994,7.835000000000001,38.445,48.01,0.0,14.35
2020-03-16 11:00:56,18.186666666666667,0.0,8.0,36.41,44.76500000000001,0.0,16.16
2020-03-16 12:00:56,36.629999999999995,5.085,8.23,31.3,38.51,0.0,19.89
2020-03-16 13:00:56,37.163333333333334,3.1749999999999994,7.96,33.585,41.044999999999995,0.0,17.7
2020-03-16 14:00:56,30.046666666666667,1.755,7.59,33.035000000000004,40.755,0.0,18.82
2020-03-16 15:00:56,25.619999999999997,2.2,7.685,31.83,38.87,0.0,16.54
2020-03-16 16:00:56,22.153333333333332,1.8950000000000002,8.13,33.825,41.24,0.0,15.87
2020-03-16 17:00:56,27.483333333333334,2.635,8.065,37.82,46.785,0.0,16.03
2020-03-16 18:00:56,20.676666666666666,4.49,8.25,40.330000000000005,50.73499999999999,0.0,13.64
2020-03-16 19:00:56,30.05,6.755,7.75,42.70000000000001,52.365,0.0,15.05
2020-03-16 20:00:56,48.35333333333334,3.76,7.914999999999999,42.07,52.31,0.0,14.02
2020-03-16 21:00:56,52.1,2.425,7.905000000000001,37.445,46.54,0.0,14.18
2020-03-16 22:00:56,35.47,6.195,7.760000000000001,28.56,34.65,0.0,17.22
2020-03-16 23:00:56,35.29666666666667,5.5,7.449999999999999,34.004999999999995,43.315,0.0,15.02
2020-03-17 00:00:56,28.04,3.18,7.715,31.37,38.515,0.0,15.54
2020-03-17 01:00:56,22.963333333333335,2.54,7.925000000000001,33.195,40.785,0.0,14.37
2020-03-17 02:00:56,19.266666666666666,7.565,7.5950000000000015,24.73,28.985,0.0,15.92
2020-03-17 03:00:56,12.743333333333332,4.175,7.1499999999999995,25.625,30.685,0.0,16.81
2020-03-17 04:00:56,11.81,2.865,6.825,25.22,29.605,0.0,18.0
2020-03-17 05:00:56,9.926666666666666,1.8950000000000002,6.84,19.905,23.665000000000003,0.0,20.37
2020-03-17 06:00:56,9.566666666666666,0.0,7.3500000000000005,21.33,25.38,0.0,20.42
2020-03-17 07:00:56,8.863333333333333,0.0,7.585000000000001,26.22,32.730000000000004,0.0,20.8
2020-03-17 08:00:56,7.09,0.0,7.57,41.365,52.824999999999996,0.0,17.46
2020-03-17 09:00:56,16.996666666666666,7.974999999999999,7.805,45.885,59.615,0.0,16.03
2020-03-17 10:00:56,20.813333333333333,4.915,7.949999999999999,41.324999999999996,51.44,0.0,18.59
2020-03-17 11:00:56,18.796666666666667,0.0,8.185,40.715,52.15,0.0,17.66
2020-03-17 12:00:56,21.683333333333334,4.52,8.21,43.725,55.455000000000005,0.0,17.27
2020-03-17 13:00:56,22.366666666666667,2.83,8.61,42.69,54.855,0.0,15.95
2020-03-17 14:00:56,19.98,5.625,8.729999999999999,39.725,49.89000000000001,0.0,18.72
2020-03-17 15:00:56,19.363333333333333,3.7099999999999995,8.965,45.56,59.169999999999995,0.0,16.53
2020-03-17 16:00:56,21.296666666666667,3.28,8.850000000000001,45.089999999999996,57.475,0.0,16.63
2020-03-17 17:00:56,21.77,2.075,9.07,45.919999999999995,59.305,0.0,16.7
2020-03-17 18:00:56,21.5,3.795,9.115,47.815,65.5,0.0,16.09
2020-03-17 19:00:56,23.040000000000003,2.885,9.87,51.39000000000001,63.52,0.0,16.6
2020-03-17 20:00:56,21.26,4.05,9.825,60.26500000000001,80.895,0.0,14.28
2020-03-17 21:00:56,14.633333333333333,4.665,9.89,52.629999999999995,64.7,0.0,15.99
2020-03-17 22:00:56,17.51,2.63,9.795,44.46,53.475,0.0,18.98
2020-03-17 23:00:56,23.16,7.56,9.68,50.73500000000001,63.72,0.0,15.26
2020-03-18 00:00:56,17.80666666666667,0.0,9.325,46.135,54.445,0.0,17.2
2020-03-18 01:00:56,21.586666666666666,6.005,9.65,41.37,51.41,0.0,16.49
2020-03-18 02:00:56,16.413333333333334,6.794999999999999,8.245,30.215000000000003,34.28,0.0,18.43
2020-03-18 03:00:56,20.18,4.23,7.675000000000001,33.165,38.15,0.0,17.44
2020-03-18 04:00:56,17.746666666666666,3.42,7.34,36.705,40.815,0.0,16.8
2020-03-18 05:00:56,17.32,0.0,7.004999999999999,42.64,47.69,0.0,16.76
2020-03-18 06:00:56,15.193333333333333,5.845,6.755,48.84,63.335,0.0,12.57
2020-03-18 07:00:56,16.02,0.0,7.25,53.400000000000006,64.945,0.0,15.77
2020-03-18 08:00:56,26.483333333333334,6.575,9.22,67.99,89.86000000000001,0.0,9.59
2020-03-18 09:00:56,35.513333333333335,3.98,9.045,77.955,115.24,0.0,9.79
2020-03-18 10:00:56,31.666666666666668,12.975,8.215,51.73,60.0,0.0,17.93
2020-03-18 11:00:56,26.833333333333332,7.735,9.049999999999999,51.22,62.580000000000005,0.0,16.82
2020-03-18 12:00:56,24.673333333333332,4.87,9.520000000000001,52.74,61.06999999999999,0.0,15.84
2020-03-18 13:00:56,20.253333333333334,5.105,4.58,49.544999999999995,59.615,0.0,16.57
2020-03-18 14:00:56,21.44333333333333,12.135,4.86,48.77,60.165,0.0,17.26
2020-03-18 15:00:56,21.840000000000003,8.09,4.825,52.08500000000001,65.875,0.0,15.41
2020-03-18 16:00:56,29.626666666666665,4.765,4.635,44.945,54.305,0.0,17.55
2020-03-18 17:00:56,25.183333333333334,8.665,4.455,49.004999999999995,58.155,0.0,17.1
2020-03-18 18:00:56,29.126666666666665,4.85,9.115,57.975,71.835,0.0,14.88
2020-03-18 19:00:56,26.09,5.185,9.36,68.68,100.62,0.0,11.8
2020-03-18 20:00:56,20.973333333333333,4.915,9.97,67.445,85.96,0.0,11.63
2020-03-18 21:00:56,27.64333333333333,13.22,8.784999999999998,62.400000000000006,76.04,0.0,12.97
2020-03-18 22:00:56,21.96,7.12,8.33,56.47,70.89,0.0,14.09
2020-03-18 23:00:56,24.42,3.9500000000000006,7.955000000000001,54.04999999999999,68.275,0.0,13.66
2020-03-19 00:00:56,17.099999999999998,3.25,8.015,52.715,64.4,0.0,14.47
2020-03-19 01:00:56,18.826666666666668,2.195,7.960000000000001,42.25,46.365,0.0,18.88
2020-03-19 02:00:56,23.256666666666668,4.15,8.62,40.165,45.379999999999995,0.0,18.47
2020-03-19 03:00:56,26.203333333333333,6.98,8.19,35.915,39.92,0.0,19.6
2020-03-19 04:00:56,20.976666666666667,8.13,7.675,29.5,33.425000000000004,0.0,18.89
2020-03-19 05:00:56,20.843333333333334,4.29,7.510000000000001,31.405,35.254999999999995,0.0,19.53
2020-03-19 06:00:56,9.690000000000001,2.305,7.88,35.129999999999995,39.03,0.0,17.96
2020-03-19 07:00:56,17.37,1.7749999999999997,8.545,45.975,52.165,0.0,13.86
2020-03-19 08:00:56,30.10333333333333,2.955,8.475,65.71,89.14500000000002,0.0,9.31
2020-03-19 09:00:56,39.736666666666665,17.4,8.73,70.81,93.28000000000002,0.0,9.17
2020-03-19 10:00:56,33.02333333333333,14.89,9.83,68.76,86.73,0.0,11.11
2020-03-19 11:00:56,54.07666666666667,25.725000000000005,11.36,78.72,116.24000000000001,0.0,11.57
2020-03-19 12:00:56,70.66333333333333,27.304999999999996,13.35,76.795,93.13,0.0,12.89
2020-03-19 13:00:56,69.03,32.23,12.979999999999999,73.22000000000001,88.89999999999999,0.0,14.08
2020-03-19 14:00:56,67.03666666666668,30.13,12.83,67.97500000000001,81.71499999999999,0.0,14.82
2020-03-19 15:00:56,68.89666666666666,27.27,13.339999999999998,73.00999999999999,96.205,0.0,11.5
2020-03-19 16:00:56,59.95,26.55,12.685,74.1,92.24000000000001,0.0,12.89
2020-03-19 17:00:56,50.736666666666665,0.0,10.405,80.87,121.62,0.0,9.25
2020-03-19 18:00:56,46.92,22.17,11.015,91.355,164.6,0.0,6.18
2020-03-19 19:00:56,43.25666666666667,0.0,11.225,82.35000000000001,109.565,0.0,11.16
2020-03-19 20:00:56,44.9,0.0,10.58,88.145,156.26500000000001,0.0,6.5
2020-03-19 21:00:56,61.8,27.774999999999995,10.915,87.28500000000001,139.505,0.0,6.5
2020-03-19 22:00:56,50.31999999999999,0.0,11.200000000000001,73.755,97.985,0.0,9.2
2020-03-19 23:00:56,39.09,19.395,11.525,69.805,107.45,0.0,8.45
2020-03-20 00:00:56,35.07333333333333,15.11,10.45,56.035,70.58,0.0,10.89
2020-03-20 01:00:56,22.786666666666665,8.145,10.21,52.915,62.044999999999995,0.0,13.34
2020-03-20 02:00:56,18.513333333333332,4.325,9.71,55.46,65.06,0.0,11.71
2020-03-20 03:00:56,27.423333333333332,5.515,9.66,56.150000000000006,66.555,0.0,12.01
2020-03-20 04:00:56,21.723333333333333,0.0,9.525,42.06999999999999,48.455000000000005,0.0,16.12
2020-03-20 05:00:56,13.776666666666667,5.47,8.875,31.649999999999995,35.839999999999996,0.0,18.31
2020-03-20 06:00:56,8.879999999999999,2.965,8.854999999999999,29.370000000000005,33.365,0.0,18.7
2020-03-20 07:00:56,8.856666666666667,1.79,9.005,39.28,47.785,0.0,15.51
2020-03-20 08:00:56,12.69,0.0,9.729999999999999,54.74,70.905,0.0,13.36
2020-03-20 09:00:56,21.396666666666665,5.13,10.24,53.46,66.595,0.0,15.04
2020-03-20 10:00:56,19.183333333333334,9.235,11.335,48.78,59.47,0.0,15.72
2020-03-20 11:00:56,22.583333333333332,8.15,11.095,44.02,51.79,0.0,16.44
2020-03-20 12:00:56,25.13,4.155,11.395000000000001,40.04,47.97,0.0,17.55
2020-03-20 13:00:56,19.806666666666665,3.065,10.69,50.505,64.56,0.0,14.74
2020-03-20 14:00:56,19.346666666666668,4.34,10.705,53.949999999999996,72.38499999999999,0.0,13.05
2020-03-20 15:00:56,30.59,3.305,9.915,47.595,58.910000000000004,0.0,15.69
2020-03-20 16:00:56,23.12,9.525,9.695,50.419999999999995,63.550000000000004,0.0,13.33
2020-03-20 17:00:56,20.676666666666666,6.77,9.39,51.615,63.885,0.0,14.28
2020-03-20 18:00:56,24.106666666666666,4.145,9.09,51.84,62.35,0.0,15.47
2020-03-20 19:00:56,19.99,6.575,9.375,57.074999999999996,70.565,0.0,12.97
2020-03-20 20:00:56,22.023333333333333,4.33,9.575,57.335,69.065,0.0,14.99
2020-03-20 21:00:56,22.490000000000002,7.905,8.805,61.615,81.92999999999999,0.0,10.72
2020-03-20 22:00:56,29.03333333333333,4.235,9.09,51.365,62.07500000000001,0.0,14.18
2020-03-20 23:00:56,28.746666666666663,3.4500000000000006,8.969999999999999,44.16,51.375,0.0,16.74
2020-03-21 00:00:56,17.746666666666666,0.0,8.98,43.34,51.01,0.0,16.1
2020-03-21 01:00:56,13.796666666666667,0.0,8.81,37.245000000000005,42.055,0.0,19.29
2020-03-21 02:00:56,12.71,0.0,9.065,37.36,42.135,0.0,18.38
2020-03-21 03:00:56,11.896666666666667,0.0,8.57,36.34,41.5,0.0,16.45
2020-03-21 04:00:56,9.843333333333334,0.0,8.285,33.17,37.275,0.0,18.05
2020-03-21 05:00:56,10.823333333333332,0.0,8.175,32.28,35.74,0.0,18.42
2020-03-21 06:00:56,12.546666666666667,0.0,8.285,30.11,33.395,0.0,18.31
2020-03-21 07:00:56,10.673333333333332,5.625,8.32,39.695,45.82500000000001,0.0,18.27
2020-03-21 08:00:56,11.85,0.0,8.255,56.830000000000005,70.455,0.0,14.52
2020-03-21 09:00:56,11.313333333333333,7.044999999999999,8.27,60.51500000000001,75.48,0.0,14.46
2020-03-21 10:00:56,13.636666666666665,4.11,8.195,61.050000000000004,75.05499999999999,0.0,16.39
2020-03-21 11:00:56,19.746666666666666,4.03,8.43,58.29,70.335,0.0,14.91
2020-03-21 12:00:56,17.493333333333332,0.0,8.87,55.09,66.655,0.0,16.6
2020-03-21 13:00:56,14.896666666666668,5.395,9.37,59.53,73.79,0.0,16.53
2020-03-21 14:00:56,14.989999999999998,9.145,10.12,49.345,58.330000000000005,0.0,19.89
2020-03-21 15:00:56,11.506666666666668,4.885,10.695,39.565,45.225,0.0,22.81
2020-03-21 16:00:56,16.15,4.24,11.265,53.585,63.635,0.0,17.6
2020-03-21 17:00:56,22.28333333333333,2.97,5.650000000000001,42.870000000000005,48.595,0.0,21.87
2020-03-21 18:00:56,18.046666666666667,4.735,6.66,53.419999999999995,62.175000000000004,0.0,19.6
2020-03-21 19:00:56,17.423333333333332,7.04,5.984999999999999,53.74,59.93,0.0,20.29
2020-03-21 20:00:56,27.349999999999998,0.0,5.605,81.405,157.76,0.0,10.98
2020-03-21 21:00:56,45.27,11.19,5.905000000000001,95.83,143.60500000000002,0.0,7.47
2020-03-21 22:00:56,54.82,21.025,5.14,94.28500000000001,150.01500000000001,0.0,6.71
2020-03-21 23:00:56,56.45,22.955,4.505,86.28500000000001,109.815,0.0,7.75
2020-03-22 00:00:56,67.85666666666667,29.52,4.105,87.875,136.01,0.0,6.85
2020-03-22 01:00:56,71.91,31.38,3.5499999999999994,87.735,144.37,0.0,5.88
2020-03-22 02:00:56,66.15333333333334,37.215,4.555,75.29,143.42,0.0,7.42
2020-03-22 03:00:56,62.25666666666667,47.4,4.76,71.17,129.395,0.0,6.72
2020-03-22 04:00:56,63.82,44.455000000000005,4.625,69.185,116.22000000000001,0.0,5.91
2020-03-22 05:00:56,55.526666666666664,35.685,4.255,65.195,110.395,0.0,6.65
2020-03-22 06:00:56,49.82333333333333,30.235,4.22,60.93,100.09499999999998,0.0,6.13
2020-03-22 07:00:56,47.89333333333333,32.125,4.205,67.315,90.395,0.0,5.92
2020-03-22 08:00:56,50.97666666666667,21.72,4.515,67.69999999999999,143.465,0.0,6.77
2020-03-22 09:00:56,52.763333333333335,38.565,5.705000000000001,83.925,135.58,0.0,6.4
2020-03-22 10:00:56,75.16,42.84,6.145,66.755,82.165,0.0,15.87
2020-03-22 11:00:56,69.60333333333332,0.0,5.925,47.97,56.169999999999995,0.0,22.1
2020-03-22 12:00:56,35.44,20.87,5.505,43.695,49.830000000000005,0.0,22.88
2020-03-22 13:00:56,30.46333333333333,11.545,5.945,42.045,46.96,0.0,23.54
2020-03-22 14:00:56,27.483333333333334,5.915,4.79,49.294999999999995,55.605,0.0,19.63
2020-03-22 15:00:56,23.256666666666664,3.65,4.595,42.055,46.975,0.0,23.16
2020-03-22 16:00:56,25.786666666666665,2.895,4.875,43.35,47.745000000000005,0.0,18.54
2020-03-22 17:00:56,19.14,2.035,4.36,41.57,45.875,0.0,18.67
2020-03-22 18:00:56,16.38,6.535,4.04,41.165,46.07,0.0,20.29
2020-03-22 19:00:56,17.81,4.535,4.02,46.91,51.445,0.0,8.61
2020-03-22 20:00:56,28.89333333333333,10.53,4.87,85.045,148.195,0.0,2.05
2020-03-22 21:00:56,61.88,18.77,4.975,91.79,196.97000000000003,0.0,5.25
2020-03-22 22:00:56,62.50333333333333,40.315,4.62,87.175,183.01,0.0,3.08
2020-03-22 23:00:56,72.83333333333333,60.580000000000005,4.545,79.55,178.68999999999997,0.0,4.99
2020-03-23 00:00:56,91.51,53.01500000000001,4.775,84.52,209.65,0.0,6.81
2020-03-23 01:00:56,93.73,72.22,4.785,81.99000000000001,184.5,0.0,5.72
2020-03-23 02:00:56,87.81333333333333,65.21,4.215,79.925,164.53,0.0,4.7
2020-03-23 03:00:56,83.89999999999999,60.625,3.7099999999999995,74.015,180.35,0.0,6.18
2020-03-23 04:00:56,84.00999999999999,58.17499999999999,3.525,80.095,132.675,0.0,5.21
2020-03-23 05:00:56,65.81,45.445,4.47,80.23500000000001,121.12,0.0,4.69
2020-03-23 06:00:56,53.77333333333333,31.205,5.16,83.03,125.645,0.0,5.12
2020-03-23 07:00:56,57.873333333333335,29.334999999999997,5.015,83.75,123.04,0.0,5.94
2020-03-23 08:00:56,67.63,25.600000000000005,5.455000000000001,89.31,161.445,0.0,5.23
2020-03-23 09:00:56,79.92333333333333,33.09,6.664999999999999,102.295,210.67499999999998,0.0,6.66
2020-03-23 10:00:56,95.02,30.89,7.695,116.295,170.965,0.0,6.14
2020-03-23 11:00:56,95.78333333333333,32.095,8.06,98.12,125.68,0.0,11.68
2020-03-23 12:00:56,81.19333333333333,29.524999999999995,6.775000000000001,83.12,97.62,0.0,19.16
2020-03-23 13:00:56,70.61666666666667,30.795,6.419999999999999,63.42499999999999,71.64999999999999,0.0,21.31
2020-03-23 14:00:56,45.43333333333334,18.455,5.065,68.49000000000001,76.42,0.0,17.66
2020-03-23 15:00:56,26.563333333333333,10.005,5.565,71.935,85.14999999999999,0.0,13.57
2020-03-23 16:00:56,16.773333333333333,5.15,5.539999999999999,76.15,90.295,0.0,9.26
2020-03-23 17:00:56,17.393333333333334,3.2000000000000006,5.435,67.075,76.0,0.0,2.75
2020-03-23 18:00:56,18.986666666666668,3.7099999999999995,9.38,61.60999999999999,68.28500000000001,0.0,12.65
2020-03-23 19:00:56,23.776666666666667,2.29,10.64,54.965,59.935,0.0,15.54
2020-03-23 20:00:56,34.373333333333335,5.59,5.989999999999999,53.449999999999996,58.445,0.0,12.22
2020-03-23 21:00:56,34.63333333333333,7.474999999999999,6.405000000000001,48.669999999999995,53.04,0.0,21.07
2020-03-23 22:00:56,27.99666666666667,12.21,6.41,44.025,48.52,0.0,19.01
2020-03-23 23:00:56,26.756666666666664,10.59,6.185,44.879999999999995,49.755,0.0,20.19
2020-03-24 00:00:56,28.426666666666666,6.335,6.035,39.75,44.205000000000005,0.0,20.43
2020-03-24 01:00:56,17.696666666666665,9.805,5.544999999999999,36.39,40.63,0.0,15.04
2020-03-24 02:00:56,17.99,6.364999999999999,5.08,30.810000000000002,34.215,0.0,17.13
2020-03-24 03:00:56,19.296666666666667,6.8,4.715,28.185000000000002,31.575000000000003,0.0,15.1
2020-03-24 04:00:56,16.17,0.0,4.415,27.87,31.365,0.0,16.67
2020-03-24 05:00:56,17.103333333333335,9.92,4.505,27.775000000000002,31.715000000000003,0.0,16.98
2020-03-24 06:00:56,13.71,0.0,4.78,27.355000000000004,31.745000000000005,0.0,16.85
2020-03-24 07:00:56,19.003333333333334,4.275,4.655,28.245000000000005,31.875,0.0,18.06
2020-03-24 08:00:56,19.526666666666667,0.0,4.585,44.43000000000001,52.59,0.0,16.81
2020-03-24 09:00:56,20.1,11.595,4.56,40.915,46.925000000000004,0.0,18.94
2020-03-24 10:00:56,21.743333333333336,8.925,4.585,36.294999999999995,41.85,0.0,20.01
2020-03-24 11:00:56,20.16,10.75,4.885,40.165,47.44,0.0,18.67
2020-03-24 12:00:56,13.31,6.205000000000001,5.27,48.99,59.580000000000005,0.0,15.16
2020-03-24 13:00:56,27.090000000000003,0.0,8.98,51.01499999999999,61.550000000000004,0.0,16.61
2020-03-24 14:00:56,26.646666666666665,0.0,9.48,58.81,72.06,0.0,14.95
2020-03-24 15:00:56,19.836666666666666,0.0,9.520000000000001,60.095,73.355,0.0,14.2
2020-03-24 16:00:56,20.733333333333334,7.995,9.575,57.525000000000006,68.71499999999999,0.0,11.54
2020-03-24 17:00:56,24.396666666666665,4.49,10.02,55.01500000000001,63.004999999999995,0.0,14.57
2020-03-24 18:00:56,28.923333333333332,2.53,10.31,53.02,60.355,0.0,14.98
2020-03-24 19:00:56,37.99,8.18,10.51,55.800000000000004,68.305,0.0,12.13
2020-03-24 20:00:56,40.42666666666667,12.395000000000001,10.26,58.43,73.24000000000001,0.0,14.59
2020-03-24 21:00:56,44.54,13.935,10.625,56.115,63.445,0.0,15.51
2020-03-24 22:00:56,54.14666666666667,11.385,10.005,65.655,78.605,0.0,13.26
2020-03-24 23:00:56,35.71333333333334,0.0,9.67,53.85999999999999,59.98,0.0,15.46
2020-03-25 00:00:56,33.05,11.050000000000002,9.245,59.415,80.28,0.0,11.8
2020-03-25 01:00:56,45.53333333333333,14.03,8.91,66.88,83.055,0.0,10.71
2020-03-25 02:00:56,44.67,21.635,8.41,66.685,79.36,0.0,8.75
2020-03-25 03:00:56,46.43000000000001,16.1,7.8549999999999995,66.775,77.235,0.0,9.66
2020-03-25 04:00:56,52.03333333333333,24.054999999999996,7.57,67.155,78.335,0.0,7.83
2020-03-25 05:00:56,52.946666666666665,0.0,7.7250000000000005,61.595,78.39,0.0,7.07
2020-03-25 06:00:56,42.03333333333333,16.735,7.575,53.115,61.294999999999995,0.0,11.03
2020-03-25 07:00:56,41.093333333333334,20.895,7.585000000000001,47.815,54.35,0.0,12.36
2020-03-25 08:00:56,42.94,16.91,7.605,52.455000000000005,66.52,0.0,13.04
2020-03-25 09:00:56,38.27333333333333,11.515,7.739999999999999,46.025,54.45000000000001,0.0,14.86
2020-03-25 10:00:56,28.223333333333333,0.0,8.315,50.68,63.875,0.0,11.85
2020-03-25 11:00:56,31.59,10.31,9.145,53.35999999999999,67.44,0.0,10.67
2020-03-25 12:00:56,32.88,0.0,9.06,47.68,57.305,0.0,14.25
2020-03-25 13:00:56,24.53,9.595,9.515,52.585,63.105,0.0,13.2
2020-03-25 14:00:56,22.77,0.0,9.52,55.595,65.98,0.0,14.63
2020-03-25 15:00:56,28.403333333333336,0.0,8.635,55.185,80.17,0.0,10.82
2020-03-25 16:00:56,25.07333333333333,0.0,8.76,57.46000000000001,67.91,0.0,9.16
2020-03-25 17:00:56,32.08,3.9599999999999995,8.969999999999999,50.48499999999999,57.46,0.0,15.83
2020-03-25 18:00:56,42.97666666666667,2.18,8.98,50.885,58.69499999999999,0.0,12.2
2020-03-25 19:00:56,34.236666666666665,5.705000000000001,9.42,52.405,65.165,0.0,12.22
2020-03-25 20:00:56,29.646666666666665,7.69,9.17,56.675000000000004,67.285,0.0,12.88
2020-03-25 21:00:56,33.03666666666666,9.875,8.9,48.044999999999995,54.26,0.0,13.8
2020-03-25 22:00:56,28.28,10.935,8.885,48.06,57.06,0.0,15.36
2020-03-25 23:00:56,21.116666666666667,12.85,8.58,46.995000000000005,56.09,0.0,13.69
2020-03-26 00:00:56,19.623333333333335,11.925000000000002,8.17,42.955000000000005,50.29999999999999,0.0,14.41
2020-03-26 01:00:56,29.94,9.2,6.739999999999999,48.025,53.585,0.0,14.46
2020-03-26 02:00:56,30.046666666666667,13.71,6.665,48.47,55.615,0.0,12.8
2020-03-26 03:00:56,42.126666666666665,13.32,7.585000000000001,51.865,58.76,0.0,10.71
2020-03-26 04:00:56,39.17,10.37,7.805,43.335,48.595,0.0,13.01
2020-03-26 05:00:56,37.16333333333333,10.38,6.98,38.24,43.79,0.0,13.57
2020-03-26 06:00:56,34.373333333333335,6.605,6.935,45.455000000000005,52.31,0.0,10.21
2020-03-26 07:00:56,32.82,12.839999999999998,6.734999999999999,44.605,53.57,0.0,12.65
2020-03-26 08:00:56,23.093333333333334,12.96,6.845,60.44,84.645,0.0,9.56
2020-03-26 09:00:56,30.15,0.0,6.850000000000001,52.895,65.29,0.0,12.43
2020-03-26 10:00:56,29.776666666666667,7.71,7.16,44.845,52.305,0.0,13.86
2020-03-26 11:00:56,30.78,4.055,7.254999999999999,52.405,68.19500000000001,0.0,10.47
2020-03-26 12:00:56,31.05333333333333,4.75,7.47,54.6,71.005,0.0,10.21
2020-03-26 13:00:56,28.433333333333334,9.735,7.945,45.9,54.99,0.0,12.64
2020-03-26 14:00:56,25.08,0.0,8.46,44.919999999999995,52.275,0.0,14.92
2020-03-26 15:00:56,33.46666666666666,0.0,8.58,40.419999999999995,45.73499999999999,0.0,19.73
2020-03-26 16:00:56,34.18333333333333,0.0,8.385,40.41,45.725,0.0,17.02
2020-03-26 17:00:56,39.14666666666667,6.044999999999999,8.38,49.135,55.544999999999995,0.0,15.16
2020-03-26 18:00:56,43.45333333333333,3.6199999999999997,8.695,62.14000000000001,77.1,0.0,13.32
2020-03-26 19:00:56,49.336666666666666,8.115,8.265,61.96,74.68,0.0,7.58
2020-03-26 20:00:56,35.36,0.0,8.61,58.73,66.995,0.0,13.73
2020-03-26 21:00:56,41.94,16.975,8.24,55.835,64.54,0.0,13.16
2020-03-26 22:00:56,38.306666666666665,11.235,8.035,48.43,55.800000000000004,0.0,13.25
2020-03-26 23:00:56,29.17,6.565,7.7,41.449999999999996,46.75,0.0,15.29
2020-03-27 00:00:56,28.73,14.72,7.72,48.69,56.145,0.0,13.61
2020-03-27 01:00:56,28.166666666666668,8.76,6.574999999999999,56.145,68.825,0.0,9.33
2020-03-27 02:00:56,32.02333333333333,5.31,6.12,63.745000000000005,72.38499999999999,0.0,8.68
2020-03-27 03:00:56,21.1,9.685,5.765,63.195,74.88,0.0,6.53
2020-03-27 04:00:56,28.543333333333333,14.074999999999998,5.285,61.0,68.95,0.0,6.36
2020-03-27 05:00:56,42.39666666666667,15.604999999999999,6.505,63.31,79.685,0.0,6.95
2020-03-27 06:00:56,36.14333333333333,0.0,7.015000000000001,57.845,80.235,0.0,5.53
2020-03-27 07:00:56,39.13,16.355,6.890000000000001,57.699999999999996,90.66000000000001,0.0,5.23
2020-03-27 08:00:56,45.31666666666666,20.565,7.395,58.38,123.875,0.0,5.8
2020-03-27 09:00:56,62.663333333333334,25.515,9.67,62.155,104.87,0.0,6.24
2020-03-27 10:00:56,61.39666666666667,22.2,9.61,58.715,74.565,0.0,10.48
2020-03-27 11:00:56,69.77333333333334,27.25,9.84,63.225,76.045,0.0,12.41
2020-03-27 12:00:56,80.03333333333333,30.215,9.5,54.699999999999996,63.13499999999999,0.0,14.53
2020-03-27 13:00:56,72.36666666666667,21.61,9.695,62.26499999999999,73.33,0.0,13.72
2020-03-27 14:00:56,73.46666666666667,14.505,8.65,59.995000000000005,67.42,0.0,15.45
2020-03-27 15:00:56,82.46,17.98,8.885,55.665,61.995000000000005,0.0,16.62
2020-03-27 16:00:56,59.66,13.655,9.1,63.04,72.95,0.0,9.58
2020-03-27 17:00:56,58.803333333333335,8.055,9.08,66.81,78.845,0.0,11.08
2020-03-27 18:00:56,50.44,4.33,8.54,60.215,68.17500000000001,0.0,13.7
2020-03-27 19:00:56,55.480000000000004,6.5,8.365,62.66,71.575,0.0,8.89
2020-03-27 20:00:56,34.266666666666666,9.3,9.95,57.745000000000005,63.99,0.0,12.67
2020-03-27 21:00:56,44.96333333333333,9.825,10.25,50.120000000000005,54.580000000000005,0.0,16.32
2020-03-27 22:00:56,33.99333333333333,10.745,9.575,67.45,79.125,0.0,15.71
2020-03-27 23:00:56,30.80333333333333,9.42,10.555,70.72,85.585,0.0,10.94
2020-03-28 00:00:56,40.63,11.415,10.39,56.29,62.455000000000005,0.0,13.8
2020-03-28 01:00:56,39.849999999999994,11.285000000000002,9.165,64.3,77.98,0.0,11.05
2020-03-28 02:00:56,42.71333333333333,12.295,9.38,66.66499999999999,75.64999999999999,0.0,9.61
2020-03-28 03:00:56,43.25333333333333,11.32,8.815,67.63,78.37,0.0,9.55
2020-03-28 04:00:56,30.703333333333333,0.0,8.655,57.685,63.215,0.0,9.42
2020-03-28 05:00:56,32.660000000000004,10.605,8.700000000000001,52.705000000000005,58.875,0.0,10.0
2020-03-28 06:00:56,32.156666666666666,14.425000000000002,9.13,53.315,59.29,0.0,9.4
2020-03-28 07:00:56,39.31,8.49,9.36,64.93,82.945,0.0,6.27
2020-03-28 08:00:56,52.053333333333335,0.0,9.955,66.11,96.87,0.0,6.9
2020-03-28 09:00:56,61.663333333333334,27.84,10.11,77.29,119.41000000000001,0.0,6.0
2020-03-28 10:00:56,72.53,28.05,10.38,79.44,107.31,0.0,6.49
2020-03-28 11:00:56,62.593333333333334,32.3,10.81,70.085,85.485,0.0,10.5
2020-03-28 12:00:56,51.776666666666664,16.615,10.770000000000001,52.125,59.615,0.0,19.11
2020-03-28 13:00:56,31.133333333333333,13.755,9.935,64.75,77.475,0.0,12.92
2020-03-28 14:00:56,21.086666666666666,12.03,10.12,59.580000000000005,71.185,0.0,14.98
2020-03-28 15:00:56,18.636666666666667,7.105,9.865,53.81,62.02,0.0,19.26
2020-03-28 16:00:56,17.46,4.345,9.345,62.48,82.69,0.0,15.41
2020-03-28 17:00:56,18.85333333333333,7.655,9.84,52.335,59.105,0.0,17.3
2020-03-28 18:00:56,19.5,4.895,9.935,51.965,59.66,0.0,19.44
2020-03-28 19:00:56,17.84,4.805,9.805,75.505,130.32,0.0,7.18
2020-03-28 20:00:56,39.129999999999995,6.974999999999999,9.055,87.015,167.97,0.0,5.99
2020-03-28 21:00:56,67.30666666666667,18.05,9.03,77.555,126.87,0.0,9.33
2020-03-28 22:00:56,66.01333333333334,18.05,9.305,71.555,90.625,0.0,11.04
2020-03-28 23:00:56,60.093333333333334,11.5,9.729999999999999,54.02,61.755,0.0,15.17
2020-03-29 00:00:56,37.32666666666667,10.07,9.950000000000001,57.44,63.895,0.0,13.45
2020-03-29 01:00:56,38.76,12.235,9.57,41.765,46.385,0.0,16.54
2020-03-29 02:00:56,23.273333333333333,8.785,9.61,34.27,38.145,0.0,19.9
2020-03-29 03:00:56,12.673333333333332,0.0,9.43,30.959999999999997,34.435,0.0,21.64
2020-03-29 04:00:56,11.99,0.0,9.59,28.005,31.724999999999998,0.0,20.85
2020-03-29 05:00:56,26.646666666666665,4.68,9.005,27.525000000000002,30.775000000000002,0.0,20.43
2020-03-29 06:00:56,20.493333333333332,3.485,9.055,25.540000000000003,29.115,0.0,20.76
2020-03-29 07:00:56,21.71666666666667,0.0,9.675,26.429999999999996,29.930000000000003,0.0,21.54
2020-03-29 08:00:56,25.93,11.339999999999998,10.09,31.515,35.765,0.0,18.78
2020-03-29 09:00:56,23.593333333333334,0.0,10.28,31.115,35.235,0.0,20.6
2020-03-29 10:00:56,25.243333333333332,6.474999999999999,9.715,31.985,36.465,0.0,20.94
2020-03-29 11:00:56,18.113333333333333,0.0,9.89,32.355,36.75,0.0,19.77
2020-03-29 12:00:56,17.79,6.614999999999999,9.545,34.17,38.81,0.0,18.24
2020-03-29 13:00:56,16.05,4.24,8.61,35.635,39.93,0.0,17.31
2020-03-29 14:00:56,16.42,6.785,8.6,30.465000000000003,34.6,0.0,21.3
2020-03-29 15:00:56,22.85,4.06,8.535,33.095,37.945,0.0,19.64
2020-03-29 16:00:56,16.493333333333336,6.419999999999999,8.46,33.95,38.745000000000005,0.0,19.34
2020-03-29 17:00:56,26.023333333333333,6.87,8.89,35.385,40.225,0.0,18.78
2020-03-29 18:00:56,26.13666666666667,7.21,9.055,35.86,40.419999999999995,0.0,18.06
2020-03-29 19:00:56,23.71,4.635,10.63,43.77,48.09,0.0,18.84
2020-03-29 20:00:56,32.28333333333333,0.0,11.674999999999999,49.94,55.76,0.0,16.2
2020-03-29 21:00:56,37.61666666666667,8.77,9.51,51.82,57.35,0.0,17.86
2020-03-29 22:00:56,31.04,14.85,10.755,55.16,60.99,0.0,15.51
2020-03-29 23:00:56,33.36666666666667,13.505,11.11,53.449999999999996,59.07,0.0,16.12
2020-03-30 00:00:56,42.08333333333333,15.025,10.714999999999998,40.815,44.98,0.0,19.12
2020-03-30 01:00:56,40.17333333333333,12.74,8.524999999999999,41.69,46.27,0.0,17.66
2020-03-30 02:00:56,37.03666666666666,7.489999999999999,8.565,37.0,41.074999999999996,0.0,17.68
2020-03-30 03:00:56,25.82,7.849999999999999,9.135,33.03,36.824999999999996,0.0,19.03
2020-03-30 04:00:56,29.37,5.075,11.43,33.48,37.585,0.0,18.08
2020-03-30 05:00:56,40.486666666666665,11.589999999999998,10.465,30.995000000000005,35.265,0.0,16.19
2020-03-30 06:00:56,30.926666666666666,6.5,11.51,35.71,40.11,0.0,16.71
2020-03-30 07:00:56,36.233333333333334,10.14,10.549999999999999,42.77,48.39000000000001,0.0,14.97
2020-03-30 08:00:56,29.96666666666667,0.0,11.285000000000002,56.77,68.775,0.0,13.4
2020-03-30 09:00:56,36.1,12.464999999999998,13.035000000000002,49.63,57.065,0.0,14.28
2020-03-30 10:00:56,36.54666666666667,14.464999999999998,11.865,40.01499999999999,45.995,0.0,17.59
2020-03-30 11:00:56,28.38,10.795,10.955,39.125,44.77,0.0,19.31
2020-03-30 12:00:56,27.436666666666667,9.195,9.385,34.974999999999994,38.995000000000005,0.0,18.54
2020-03-30 13:00:56,20.31,4.84,8.89,38.175000000000004,43.385,0.0,18.54
2020-03-30 14:00:56,19.516666666666666,3.565,9.25,36.66,41.26,0.0,17.06
2020-03-30 15:00:56,20.013333333333335,5.915,9.200000000000001,38.555,43.195,0.0,16.25
2020-03-30 16:00:56,21.926666666666666,4.02,9.205,41.905,46.72,0.0,16.43
2020-03-30 17:00:56,26.25333333333333,11.995,9.305,35.64,40.050000000000004,0.0,19.91
2020-03-30 18:00:56,27.043333333333333,7.0,9.055,40.24,45.574999999999996,0.0,18.52
2020-03-30 19:00:56,27.23,3.82,9.695,47.06,52.504999999999995,0.0,18.56
2020-03-30 20:00:56,32.53333333333333,3.065,11.31,64.51,71.47500000000001,0.0,15.51
2020-03-30 21:00:56,38.97333333333333,9.43,11.54,69.145,77.53,0.0,14.63
2020-03-30 22:00:56,44.42666666666667,17.485,12.825000000000001,72.89,89.40000000000002,0.0,13.26
2020-03-30 23:00:56,49.47,16.085,12.325000000000001,75.16,98.33,0.0,11.82
2020-03-31 00:00:56,47.70666666666666,15.475,12.74,57.41,62.99,0.0,17.19
2020-03-31 01:00:56,49.67666666666667,19.585,11.31,55.225,60.405,0.0,18.18
2020-03-31 02:00:56,54.18666666666667,20.1,11.145000000000001,55.185,59.754999999999995,0.0,15.38
2020-03-31 03:00:56,47.68,0.0,10.515,53.695,58.64000000000001,0.0,13.85
2020-03-31 04:00:56,57.46000000000001,18.295,10.315,53.655,58.23,0.0,14.11
2020-03-31 05:00:56,45.6,14.245,9.6,44.42499999999999,49.93,0.0,16.16
2020-03-31 06:00:56,40.63,12.81,9.19,47.915,54.785,0.0,13.36
2020-03-31 07:00:56,46.93,19.59,8.365,60.12,80.55,0.0,10.31
2020-03-31 08:00:56,46.57666666666667,23.33,8.865,74.005,178.63,0.0,8.39
2020-03-31 09:00:56,57.13,19.5,9.815,79.065,144.63,0.0,9.66
2020-03-31 10:00:56,76.58,32.935,11.11,77.83,94.115,0.0,14.57
2020-03-31 11:00:56,78.75333333333333,25.125,10.445,74.795,86.32,0.0,16.9
2020-03-31 12:00:56,49.20333333333333,23.485,5.605,53.76500000000001,60.13,0.0,21.36
2020-03-31 13:00:56,38.81,12.455,4.785,57.449999999999996,62.41,0.0,18.24
2020-03-31 14:00:56,31.01,9.11,4.66,58.425000000000004,65.47,0.0,17.72
2020-03-31 15:00:56,27.53333333333333,8.235,4.7,56.535,64.21,0.0,17.05
2020-03-31 16:00:56,35.986666666666665,9.855,4.67,71.135,85.86500000000001,0.0,12.43
2020-03-31 17:00:56,33.38333333333333,8.955,5.215,59.73,67.75,0.0,13.22
2020-03-31 18:00:56,35.75333333333334,5.665,4.74,53.875,59.5,0.0,15.54
2020-03-31 19:00:56,37.91,8.26,4.875,50.57,55.449999999999996,0.0,19.83
2020-03-31 20:00:56,44.46666666666667,16.6,5.38,45.785,49.74,0.0,23.46
2020-03-31 21:00:56,51.93333333333334,14.13,5.37,40.315,44.050000000000004,0.0,25.52
2020-03-31 22:00:56,70.25,15.89,9.424999999999999,34.015,37.565,0.0,25.85
2020-03-31 23:00:56,74.17333333333333,18.59,9.05,29.795,33.49,0.0,25.35
2020-04-01 00:00:56,64.96,17.74,8.73,36.26,39.449999999999996,0.0,24.32
2020-04-01 01:00:56,67.25333333333333,19.56,8.57,34.895,38.33,0.0,23.73
2020-04-01 02:00:56,62.01,30.695000000000004,8.36,27.94,31.525000000000002,0.0,23.51
2020-04-01 03:00:56,58.2,15.895000000000001,8.025,30.825000000000003,34.77,0.0,20.63
2020-04-01 04:00:56,50.48666666666667,14.074999999999998,7.829999999999999,26.695000000000004,30.24,0.0,22.64
2020-04-01 05:00:56,46.05666666666667,13.160000000000002,7.375,24.939999999999998,28.2,0.0,22.83
2020-04-01 06:00:56,51.28,18.975,7.53,22.09,25.23,0.0,23.42
2020-04-01 07:00:56,44.596666666666664,15.839999999999998,7.460000000000001,27.445000000000004,31.36,0.0,21.86
2020-04-01 08:00:56,41.18,0.0,7.31,43.6,49.48,0.0,19.86
2020-04-01 09:00:56,35.31,0.0,7.169999999999999,44.66,49.69,0.0,19.72
2020-04-01 10:00:56,33.986666666666665,0.0,7.07,41.545,46.65,0.0,21.12
2020-04-01 11:00:56,28.876666666666665,0.0,7.39,43.84,50.044999999999995,0.0,20.09
2020-04-01 12:00:56,29.276666666666667,9.5,7.62,44.330000000000005,50.495000000000005,0.0,17.97
2020-04-01 13:00:56,27.03,8.53,7.645,40.995000000000005,46.44,0.0,19.11
2020-04-01 14:00:56,33.24333333333333,9.93,8.06,47.91,54.629999999999995,0.0,18.98
2020-04-01 15:00:56,32.53333333333333,0.0,8.115,53.605,60.81,0.0,17.15
2020-04-01 16:00:56,42.06666666666666,15.085,7.919999999999999,58.5,64.91499999999999,0.0,17.97
2020-04-01 17:00:56,48.373333333333335,12.845,7.989999999999999,64.565,72.74000000000001,0.0,16.81
2020-04-01 18:00:56,46.1,14.050000000000002,7.87,61.22,70.475,0.0,14.31
2020-04-01 19:00:56,44.61333333333333,17.16,8.37,57.294999999999995,65.32,0.0,13.77
2020-04-01 20:00:56,42.68333333333334,14.065,8.379999999999999,52.07,58.85,0.0,15.55
2020-04-01 21:00:56,31.386666666666667,12.324999999999998,8.24,48.254999999999995,54.31,0.0,15.8
2020-04-01 22:00:56,29.21333333333333,8.495,7.900000000000001,39.675000000000004,44.574999999999996,0.0,17.82
2020-04-01 23:00:56,33.21,9.51,7.53,38.98,43.745000000000005,0.0,16.23
2020-04-02 00:00:56,30.113333333333333,12.839999999999998,7.079999999999999,42.84,48.21,0.0,15.75
2020-04-02 01:00:56,28.186666666666667,13.685,6.53,46.41,51.46,0.0,15.45
2020-04-02 02:00:56,29.17,15.26,6.175000000000001,49.10999999999999,54.129999999999995,0.0,13.32
2020-04-02 03:00:56,28.96666666666667,18.495,7.375,41.66,46.245000000000005,0.0,13.86
2020-04-02 04:00:56,24.836666666666666,0.0,7.614999999999999,33.745000000000005,37.36,0.0,15.71
2020-04-02 05:00:56,22.013333333333335,0.0,7.199999999999999,41.865,47.165,0.0,12.26
2020-04-02 06:00:56,25.71333333333333,12.065,7.484999999999999,42.95000000000001,48.525,0.0,12.74
2020-04-02 07:00:56,30.31,13.51,7.515000000000001,46.025,52.51500000000001,0.0,12.87
2020-04-02 08:00:56,38.406666666666666,0.0,7.675,50.46,57.98499999999999,0.0,13.46
2020-04-02 09:00:56,39.54,18.405,8.229999999999999,60.294999999999995,75.075,0.0,12.66
2020-04-02 10:00:56,41.42666666666667,15.755,8.38,62.445,81.49,0.0,12.24
2020-04-02 11:00:56,30.71,8.89,8.335,48.125,55.78999999999999,0.0,16.58
2020-04-02 12:00:56,21.06,0.0,8.795,37.65,42.745000000000005,0.0,17.73
2020-04-02 13:00:56,24.526666666666667,8.605,8.54,48.53,55.365,0.0,15.95
2020-04-02 14:00:56,27.416666666666668,10.76,8.945,41.525,46.995,0.0,17.55
2020-04-02 15:00:56,24.196666666666665,5.645,8.49,38.965,43.305,0.0,19.2
2020-04-02 16:00:56,25.05333333333333,0.0,8.225,54.839999999999996,63.095,0.0,16.58
2020-04-02 17:00:56,22.64,0.0,8.56,50.39000000000001,55.69499999999999,0.0,9.03
2020-04-02 18:00:56,27.856666666666666,2.315,8.235,57.199999999999996,68.325,0.0,3.86
2020-04-02 19:00:56,24.653333333333336,2.115,8.17,86.86500000000001,124.685,0.0,8.75
2020-04-02 20:00:56,33.78,7.005,8.674999999999999,74.47,87.36000000000001,0.0,10.52
2020-04-02 21:00:56,36.56333333333333,11.11,8.96,61.800000000000004,68.495,0.0,13.99
2020-04-02 22:00:56,32.46,6.625,8.535,55.004999999999995,60.41,0.0,15.4
2020-04-02 23:00:56,26.063333333333333,10.745,8.735,51.35999999999999,57.645,0.0,16.98
2020-04-03 00:00:56,38.20333333333333,9.31,8.25,68.06,81.13,0.0,11.01
2020-04-03 01:00:56,36.49333333333333,11.335,7.914999999999999,72.08999999999999,83.79,0.0,10.0
2020-04-03 02:00:56,42.190000000000005,0.0,8.004999999999999,62.21,69.715,0.0,11.43
2020-04-03 03:00:56,35.486666666666665,14.78,7.890000000000001,39.73,43.49,0.0,16.48
2020-04-03 04:00:56,29.656666666666666,8.615,7.775000000000001,37.48,41.255,0.0,19.22
2020-04-03 05:00:56,28.02,8.965,7.734999999999999,41.005,45.97,0.0,15.6
2020-04-03 06:00:56,26.126666666666665,5.525000000000001,8.055,47.995,53.27,0.0,12.3
2020-04-03 07:00:56,22.076666666666668,10.92,8.035,49.335,55.915,0.0,14.24
2020-04-03 08:00:56,26.85333333333333,0.0,8.03,43.81999999999999,48.975,0.0,17.5
2020-04-03 09:00:56,22.626666666666665,9.47,8.274999999999999,54.21,59.400000000000006,0.0,14.87
2020-04-03 10:00:56,27.983333333333334,8.61,8.13,43.69,48.445,0.0,17.35
2020-04-03 11:00:56,17.026666666666667,0.0,7.77,36.52,40.5,0.0,19.87
2020-04-03 12:00:56,18.506666666666668,5.325,7.555,39.335,43.59,0.0,17.81
2020-04-03 13:00:56,19.39333333333333,0.0,7.594999999999999,36.61,40.93,0.0,21.29
2020-04-03 14:00:56,13.403333333333332,5.535,7.800000000000001,32.745000000000005,36.775,0.0,19.67
2020-04-03 15:00:56,8.73,0.0,7.640000000000001,32.865,37.330000000000005,0.0,19.04
2020-04-03 16:00:56,13.033333333333333,4.01,7.495,35.125,39.96,0.0,16.75
2020-04-03 17:00:56,16.336666666666666,0.0,7.29,32.58,37.23,0.0,17.13
2020-04-03 18:00:56,12.903333333333332,4.425,7.34,40.160000000000004,45.965,0.0,16.13
2020-04-03 19:00:56,17.483333333333334,4.955,7.575,60.82500000000001,82.065,0.0,11.96
2020-04-03 20:00:56,24.35,3.865,7.3500000000000005,62.85999999999999,77.98,0.0,10.4
2020-04-03 21:00:56,28.54,8.255,7.3999999999999995,56.255,62.855,0.0,11.98
2020-04-03 22:00:56,39.58,11.035000000000002,7.595,52.59,58.725,0.0,12.17
2020-04-03 23:00:56,25.46333333333333,11.67,7.73,58.31,72.075,0.0,12.13
2020-04-04 00:00:56,35.07,14.995,7.8500000000000005,55.525,64.16,0.0,13.08
2020-04-04 01:00:56,28.316666666666666,0.0,7.525000000000001,61.195,73.375,0.0,9.57
2020-04-04 02:00:56,27.10333333333333,11.520000000000001,7.425000000000001,49.76500000000001,56.73499999999999,0.0,11.35
2020-04-04 03:00:56,24.85333333333333,13.625,7.305,54.419999999999995,62.725,0.0,11.93
2020-04-04 04:00:56,25.886666666666667,8.375,7.085,61.63,69.49000000000001,0.0,8.2
2020-04-04 05:00:56,24.276666666666667,8.075,7.050000000000001,58.625,68.965,0.0,6.47
2020-04-04 06:00:56,27.576666666666668,0.0,6.995,55.895,75.225,0.0,5.42
2020-04-04 07:00:56,27.953333333333333,14.6,6.574999999999999,53.419999999999995,89.28000000000002,0.0,5.54
2020-04-04 08:00:56,31.326666666666668,8.6,6.989999999999999,54.19,108.76499999999999,0.0,7.23
2020-04-04 09:00:56,40.82666666666667,19.905,9.435,72.545,106.67,0.0,7.82
2020-04-04 10:00:56,52.55,25.515,9.36,48.64000000000001,57.915,0.0,14.45
2020-04-04 11:00:56,35.56666666666667,13.96,9.595,42.665,48.055,0.0,16.65
2020-04-04 12:00:56,24.47,0.0,8.925,45.98499999999999,51.71,0.0,15.17
2020-04-04 13:00:56,29.046666666666667,15.04,8.48,38.365,43.355,0.0,16.55
2020-04-04 14:00:56,24.23,10.61,7.95,40.385,45.525,0.0,17.05
2020-04-04 15:00:56,26.076666666666668,5.835,7.91,37.785,41.830000000000005,0.0,18.61
2020-04-04 16:00:56,25.023333333333333,3.27,7.895,39.61000000000001,44.135,0.0,15.47
2020-04-04 17:00:56,15.45,2.245,7.780000000000001,41.61,46.315,0.0,16.74
2020-04-04 18:00:56,28.970000000000002,3.07,7.755,48.10999999999999,53.6,0.0,13.2
2020-04-04 19:00:56,24.71666666666667,2.555,8.295,64.785,74.695,0.0,11.5
2020-04-04 20:00:56,39.18,10.23,8.885,86.25999999999999,119.99,0.0,8.52
2020-04-04 21:00:56,55.86666666666667,14.795,9.44,104.03500000000001,157.63,0.0,6.27
2020-04-04 22:00:56,67.16333333333334,23.7,8.75,106.935,195.98499999999999,0.0,6.85
2020-04-04 23:00:56,95.26,46.54999999999999,8.799999999999999,107.45,164.92000000000002,0.0,7.36
2020-04-05 00:00:56,86.25666666666666,41.175,9.17,104.265,159.23000000000002,0.0,6.33
2020-04-05 01:00:56,83.7,35.78,8.81,97.58,122.855,0.0,8.2
2020-04-05 02:00:56,71.53333333333333,27.47,8.66,91.48,131.03,0.0,7.37
2020-04-05 03:00:56,57.873333333333335,27.959999999999997,8.625,77.055,98.35000000000001,0.0,8.15
2020-04-05 04:00:56,55.54666666666667,27.77,8.665,72.34500000000001,86.52499999999999,0.0,9.16
2020-04-05 05:00:56,54.80666666666667,0.0,7.755,72.02,80.27499999999999,0.0,9.12
2020-04-05 06:00:56,59.776666666666664,21.865,7.455000000000001,70.685,79.71,0.0,7.66
2020-04-05 07:00:56,54.01,23.16,7.335000000000001,70.61,80.935,0.0,8.19
2020-04-05 08:00:56,43.513333333333335,16.205,7.31,74.88499999999999,88.795,0.0,7.82
2020-04-05 09:00:56,41.37,19.535,7.734999999999999,64.69999999999999,75.935,0.0,10.22
2020-04-05 10:00:56,41.873333333333335,17.515,7.715,66.12,75.765,0.0,9.94
2020-04-05 11:00:56,37.443333333333335,18.82,8.38,68.63,80.665,0.0,11.8
2020-04-05 12:00:56,31.63,11.13,3.4500000000000006,56.665,63.82,0.0,16.22
2020-04-05 13:00:56,24.673333333333332,13.36,4.525,0.0,0.0,0.0,13.67
2020-04-05 14:00:56,24.46666666666667,7.364999999999999,7.82,61.66,72.37,0.0,12.3
2020-04-05 15:00:56,27.646666666666665,8.265,7.835000000000001,57.9,67.875,0.0,14.06
2020-04-05 16:00:56,25.986666666666665,0.0,7.8,54.995000000000005,63.080000000000005,0.0,14.49
2020-04-05 17:00:56,23.536666666666665,6.57,7.655000000000001,60.035,78.05,0.0,11.18
2020-04-05 18:00:56,25.30666666666667,7.155,7.789999999999999,56.785000000000004,71.095,0.0,11.61
2020-04-05 19:00:56,25.483333333333334,4.5,7.6499999999999995,42.074999999999996,48.78,0.0,16.65
2020-04-05 20:00:56,32.833333333333336,3.0750000000000006,7.575,44.36000000000001,50.685,0.0,16.7
2020-04-05 21:00:56,28.700000000000003,6.614999999999999,7.53,48.5,56.26,0.0,14.78
2020-04-05 22:00:56,29.299999999999997,6.14,7.535,46.48,54.44,0.0,13.57
2020-04-05 23:00:56,27.303333333333335,3.6650000000000005,7.555,37.005,42.145,0.0,15.21
2020-04-06 00:00:56,24.21333333333333,11.56,7.455000000000001,30.22,34.225,0.0,15.43
2020-04-06 01:00:56,23.5,0.0,7.080000000000001,26.26,30.275000000000002,0.0,15.51
2020-04-06 02:00:56,24.903333333333336,0.0,7.095,23.17,27.505,0.0,16.73
2020-04-06 03:00:56,19.54,7.31,6.955000000000001,23.36,27.39,0.0,16.38
2020-04-06 04:00:56,20.38,0.0,6.845,19.24,22.985,0.0,16.93
2020-04-06 05:00:56,15.08,6.62,7.2749999999999995,19.26,22.635,0.0,16.87
2020-04-06 06:00:56,12.056666666666667,0.0,7.949999999999999,20.575,24.375,0.0,18.87
2020-04-06 07:00:56,13.2,3.1,7.755,24.105,28.515,0.0,18.47
2020-04-06 08:00:56,14.29,6.989999999999999,7.845,29.315,33.455000000000005,0.0,19.41
2020-04-06 09:00:56,16.58,0.0,7.954999999999999,30.575,35.565,0.0,18.07
2020-04-06 10:00:56,22.873333333333335,9.495,8.075000000000001,29.31,33.83,0.0,17.81
2020-04-06 11:00:56,26.036666666666665,5.75,8.02,30.985,35.955000000000005,0.0,18.59
2020-04-06 12:00:56,32.486666666666665,7.815,8.215,33.555,38.544999999999995,0.0,18.49
2020-04-06 13:00:56,35.17666666666666,7.745,8.015,33.67,38.74,0.0,18.82
2020-04-06 14:00:56,38.120000000000005,13.065,8.354999999999999,36.655,41.995000000000005,0.0,17.74
2020-04-06 15:00:56,30.36,10.875,8.035,38.73,44.824999999999996,0.0,16.46
2020-04-06 16:00:56,31.87,6.39,8.030000000000001,42.65,48.96,0.0,15.92
2020-04-06 17:00:56,36.096666666666664,7.09,8.17,40.99,47.050000000000004,0.0,17.28
2020-04-06 18:00:56,38.77333333333333,8.18,8.235,41.285,47.074999999999996,0.0,16.11
2020-04-06 19:00:56,36.879999999999995,5.405,8.595,52.52,61.365,0.0,15.05
2020-04-06 20:00:56,41.54333333333334,16.535,8.61,47.03,52.98500000000001,0.0,16.23
2020-04-06 21:00:56,36.803333333333335,9.715,8.700000000000001,43.6,48.85999999999999,0.0,16.17
2020-04-06 22:00:56,39.346666666666664,15.295,7.855,35.02,39.23500000000001,0.0,18.6
2020-04-06 23:00:56,38.21333333333333,8.51,7.185,34.555,39.135,0.0,17.94
2020-04-07 00:00:56,27.673333333333332,10.04,8.485,31.53,35.99,0.0,18.59
2020-04-07 01:00:56,24.2,5.205,7.800000000000001,28.28,32.53,0.0,18.43
2020-04-07 02:00:56,22.676666666666666,5.37,7.920000000000001,25.56,29.24,0.0,17.41
2020-04-07 03:00:56,27.916666666666668,9.495,7.895,26.595,30.429999999999996,0.0,16.67
2020-04-07 04:00:56,22.450000000000003,5.215,7.66,22.095,25.45,0.0,17.61
2020-04-07 05:00:56,21.266666666666666,3.125,6.675,23.099999999999998,26.5,0.0,17.89
2020-04-07 06:00:56,20.166666666666668,2.415,6.6499999999999995,28.804999999999996,32.724999999999994,0.0,16.23
2020-04-07 07:00:56,29.2,2.33,6.505,44.574999999999996,53.48499999999999,0.0,14.11
2020-04-07 08:00:56,31.930000000000003,16.93,6.69,59.285,79.665,0.0,11.9
2020-04-07 09:00:56,31.27,8.755,6.800000000000001,58.28,78.045,0.0,11.71
2020-04-07 10:00:56,32.63,7.18,6.914999999999999,57.905,70.335,0.0,11.71
2020-04-07 11:00:56,35.446666666666665,4.27,6.75,46.080000000000005,53.705000000000005,0.0,14.67
2020-04-07 12:00:56,29.816666666666666,9.85,6.68,42.75,49.120000000000005,0.0,15.51
2020-04-07 13:00:56,21.39333333333333,6.669999999999999,7.495,38.93,44.46,0.0,16.0
2020-04-07 14:00:56,23.586666666666666,0.0,7.38,40.15,46.105,0.0,16.31
2020-04-07 15:00:56,22.93,5.565,7.285,36.475,41.74,0.0,16.46
2020-04-07 16:00:56,22.96666666666667,5.79,7.87,33.255,38.285000000000004,0.0,13.95
2020-04-07 17:00:56,27.39,3.53,8.125,34.84,40.66,0.0,15.04
2020-04-07 18:00:56,27.98,1.765,7.765000000000001,39.775,46.73499999999999,0.0,14.36
2020-04-07 19:00:56,23.433333333333334,1.155,7.635000000000001,41.64,47.48499999999999,0.0,15.64
2020-04-07 20:00:56,24.44,6.099999999999999,7.670000000000001,45.67499999999999,52.76499999999999,0.0,15.14
2020-04-07 21:00:56,26.27,11.800000000000002,7.695,40.485,46.205000000000005,0.0,15.58
2020-04-07 22:00:56,26.673333333333332,6.125,7.13,37.255,42.935,0.0,15.51
2020-04-07 23:00:56,20.426666666666666,3.365,6.835,30.685000000000002,34.574999999999996,0.0,16.4
2020-04-08 00:00:56,18.326666666666668,2.785,6.315,28.584999999999997,33.91,0.0,15.95
2020-04-08 01:00:56,21.866666666666667,8.425,5.59,24.015,27.905,0.0,17.87
2020-04-08 02:00:56,14.123333333333335,4.59,5.55,21.015,24.650000000000002,0.0,17.75
2020-04-08 03:00:56,6.77,2.625,2.575,19.615,22.74,0.0,16.46
2020-04-08 04:00:56,6.510000000000001,4.58,3.8349999999999995,19.29,22.48,0.0,17.7
2020-04-08 05:00:56,6.5,2.78,4.14,20.8,24.465,0.0,17.79
2020-04-08 06:00:56,6.076666666666667,4.01,4.54,26.505,31.895,0.0,16.3
2020-04-08 07:00:56,9.726666666666667,3.375,4.485,26.33,30.034999999999997,0.0,16.89
2020-04-08 08:00:56,13.963333333333333,0.0,4.54,55.05500000000001,69.645,0.0,12.91
2020-04-08 09:00:56,16.536666666666665,6.265,4.48,48.504999999999995,56.94,0.0,14.86
2020-04-08 10:00:56,20.916666666666668,7.45,4.555,51.135,62.02,0.0,13.43
2020-04-08 11:00:56,22.063333333333333,4.735,4.575,42.794999999999995,49.38,0.0,14.43
2020-04-08 12:00:56,20.606666666666666,2.935,4.625,36.15,41.43,0.0,15.34
2020-04-08 13:00:56,14.163333333333334,3.77,4.995,39.169999999999995,44.455000000000005,0.0,15.09
2020-04-08 14:00:56,9.913333333333334,2.67,4.555,38.665,44.275000000000006,0.0,15.45
2020-04-08 15:00:56,10.946666666666665,1.47,4.72,39.6,44.855,0.0,14.98
2020-04-08 16:00:56,14.676666666666668,1.305,4.89,36.345,41.120000000000005,0.0,14.5
2020-04-08 17:00:56,14.166666666666666,1.1,4.845,34.905,39.5,0.0,14.53
2020-04-08 18:00:56,22.236666666666668,0.55,4.955,39.81,46.23,0.0,13.59
2020-04-08 19:00:56,21.63,0.505,4.85,38.235,43.47,0.0,14.77
2020-04-08 20:00:56,32.91,4.42,5.095,45.875,53.199999999999996,0.0,13.77
2020-04-08 21:00:56,26.55666666666667,3.765,5.18,42.175,48.385,0.0,13.94
2020-04-08 22:00:56,24.313333333333333,7.425,4.885,39.445,44.915,0.0,13.88
2020-04-08 23:00:56,18.423333333333332,7.95,4.535,41.095,47.385,0.0,14.04
2020-04-09 00:00:56,22.46666666666667,4.605,4.075,33.974999999999994,38.695,0.0,15.35
2020-04-09 01:00:56,16.973333333333333,6.32,3.6300000000000003,35.685,44.35,0.0,13.97
2020-04-09 02:00:56,14.653333333333334,4.615,3.205,31.7,37.31,0.0,14.55
2020-04-09 03:00:56,17.86,5.115,4.26,23.810000000000002,27.415000000000003,0.0,15.37
2020-04-09 04:00:56,14.123333333333335,2.845,4.49,20.595,23.650000000000002,0.0,15.42
2020-04-09 05:00:56,9.823333333333332,2.485,3.83,20.06,23.399999999999995,0.0,15.99
2020-04-09 06:00:56,8.296666666666667,5.875,3.4949999999999997,19.27,22.655,0.0,16.32
2020-04-09 07:00:56,7.123333333333333,0.0,3.525,19.8,23.25,0.0,16.14
2020-04-09 08:00:56,12.606666666666667,4.515,3.58,28.64,33.395,0.0,15.91
2020-04-09 09:00:56,14.656666666666666,3.215,3.4249999999999994,34.76,40.035,0.0,15.32
2020-04-09 10:00:56,11.193333333333333,5.77,3.5400000000000005,45.415,53.865,0.0,13.43
2020-04-09 11:00:56,14.466666666666667,8.385,3.5,40.675000000000004,48.025,0.0,14.46
2020-04-09 12:00:56,13.51,5.015,3.5849999999999995,48.745,58.120000000000005,0.0,13.03
2020-04-09 13:00:56,10.52,3.2900000000000005,3.6799999999999997,39.24,44.605,0.0,15.13
2020-04-09 14:00:56,6.593333333333334,0.0,3.28,45.91,53.48500000000001,0.0,13.49
2020-04-09 15:00:56,6.29,0.0,3.285,42.175,48.07,0.0,12.55
2020-04-09 16:00:56,10.383333333333333,1.8,3.6,38.375,43.525,0.0,13.26
2020-04-09 17:00:56,16.27,3.89,3.7900000000000005,39.455000000000005,44.75,0.0,10.36
2020-04-09 18:00:56,21.57333333333333,3.5050000000000003,3.9150000000000005,41.615,47.555,0.0,13.07
2020-04-09 19:00:56,28.48,10.27,3.8200000000000003,41.199999999999996,46.99,0.0,13.92
2020-04-09 20:00:56,26.066666666666666,15.815,3.785,52.9,62.27,0.0,13.97
2020-04-09 21:00:56,24.39,8.605,3.725,56.945,70.345,0.0,12.13
2020-04-09 22:00:56,20.446666666666665,7.53,3.5849999999999995,42.775,48.85999999999999,0.0,13.41
2020-04-09 23:00:56,20.21,4.51,3.35,47.615,54.0,0.0,12.6
2020-04-10 00:00:56,19.34,5.075,3.15,43.23,49.745,0.0,12.74
2020-04-10 01:00:56,17.95,3.6749999999999994,3.0050000000000003,39.51,44.32,0.0,13.92
2020-04-10 02:00:56,11.443333333333333,0.0,2.54,45.419999999999995,49.965,0.0,12.12
2020-04-10 03:00:56,12.263333333333334,0.0,3.3250000000000006,35.28,38.580000000000005,0.0,14.87
2020-04-10 04:00:56,16.566666666666666,3.865,3.435,46.794999999999995,50.195,0.0,11.52
2020-04-10 05:00:56,15.746666666666668,7.18,3.875,57.379999999999995,67.92,0.0,9.87
2020-04-10 06:00:56,15.590000000000002,0.0,4.205,61.525,68.275,0.0,9.25
2020-04-10 07:00:56,22.64,14.985,4.195,62.975,79.44,0.0,8.94
2020-04-10 08:00:56,26.426666666666666,24.065,4.55,71.7,101.855,0.0,8.48
2020-04-10 09:00:56,32.74,0.0,4.495,82.485,102.28000000000002,0.0,10.77
2020-04-10 10:00:56,38.836666666666666,0.0,4.425,68.14,76.72000000000001,0.0,14.03
2020-04-10 11:00:56,33.32333333333333,16.685,4.425,51.535,56.905,0.0,15.44
2020-04-10 12:00:56,30.24,9.14,3.9800000000000004,52.245000000000005,58.294999999999995,0.0,14.48
2020-04-10 13:00:56,19.923333333333332,5.185,4.4,49.15,54.945,0.0,14.52
2020-04-10 14:00:56,17.586666666666666,7.495,3.845,48.215,53.59,0.0,14.44
2020-04-10 15:00:56,18.253333333333334,4.075,4.35,55.4,62.73499999999999,0.0,12.02
2020-04-10 16:00:56,20.33666666666667,2.785,4.495,54.089999999999996,61.669999999999995,0.0,9.03
2020-04-10 17:00:56,16.47,2.265,4.415,47.0,52.51500000000001,0.0,4.5
2020-04-10 18:00:56,23.549999999999997,1.175,4.595,51.19,57.78,0.0,6.77
2020-04-10 19:00:56,32.28,1.595,4.43,53.535,59.695,0.0,12.28
2020-04-10 20:00:56,46.48,5.544999999999999,4.63,47.415,52.4,0.0,14.72
2020-04-10 21:00:56,41.31333333333333,9.365,4.57,41.48,45.955000000000005,0.0,16.18
2020-04-10 22:00:56,39.96666666666667,7.830000000000001,4.595,36.97,41.755,0.0,15.2
2020-04-10 23:00:56,39.57666666666667,12.65,4.28,39.86,44.115,0.0,15.51
2020-04-11 00:00:56,36.77,7.544999999999999,4.06,60.294999999999995,66.24000000000001,0.0,11.8
2020-04-11 01:00:56,36.413333333333334,11.905,3.7349999999999994,59.655,64.865,0.0,12.26
2020-04-11 02:00:56,33.67,14.505,3.2999999999999994,56.43000000000001,63.544999999999995,0.0,12.0
2020-04-11 03:00:56,38.39333333333333,12.25,2.875,64.735,71.33,0.0,10.74
2020-04-11 04:00:56,34.35333333333333,12.19,3.85,56.089999999999996,61.044999999999995,0.0,9.61
2020-04-11 05:00:56,30.546666666666667,17.555,3.8699999999999997,65.10000000000001,70.89,0.0,9.0
2020-04-11 06:00:56,31.61,13.225,4.505,52.9,57.09,0.0,11.24
2020-04-11 07:00:56,32.48,22.03,4.38,56.35,63.685,0.0,10.15
2020-04-11 08:00:56,40.28333333333333,23.605,4.43,74.21,92.175,0.0,10.01
2020-04-11 09:00:56,45.82666666666667,25.115,4.745,84.045,102.78500000000001,0.0,11.82
2020-04-11 10:00:56,47.68666666666667,19.07,4.9,67.515,74.59,0.0,15.36
2020-04-11 11:00:56,46.86333333333334,19.21,4.805,56.025000000000006,60.585,0.0,16.09
2020-04-11 12:00:56,39.17666666666667,16.66,4.665,45.66,49.9,0.0,16.92
2020-04-11 13:00:56,52.9,14.229999999999999,4.62,47.199999999999996,51.495,0.0,16.61
2020-04-11 14:00:56,56.98666666666667,13.12,4.02,44.47,49.34,0.0,15.51
2020-04-11 15:00:56,35.836666666666666,12.699999999999998,4.305,40.53,44.82,0.0,12.7
2020-04-11 16:00:56,34.79666666666666,9.26,4.415,46.465,52.32500000000001,0.0,9.74
2020-04-11 17:00:56,26.52,6.97,4.51,50.845,57.09,0.0,7.46
2020-04-11 18:00:56,22.383333333333333,5.39,4.44,56.370000000000005,63.73500000000001,0.0,8.33
2020-04-11 19:00:56,30.86,7.06,4.155,52.714999999999996,57.555,0.0,11.97
2020-04-11 20:00:56,39.43333333333334,8.635,4.655,45.754999999999995,50.135,0.0,12.3
2020-04-11 21:00:56,43.946666666666665,14.735,4.89,41.475,45.615,0.0,14.0
2020-04-11 22:00:56,41.736666666666665,10.92,4.755,40.169999999999995,45.315,0.0,14.64
2020-04-11 23:00:56,37.27333333333333,11.895000000000001,4.925,39.365,43.555,0.0,14.72
2020-04-12 00:00:56,35.1,12.82,4.73,32.495000000000005,36.495,0.0,14.41
2020-04-12 01:00:56,39.78666666666667,13.185,4.455,39.19499999999999,45.29,0.0,14.87
2020-04-12 02:00:56,38.63666666666666,12.895000000000001,4.185,32.72,36.635,0.0,14.65
2020-04-12 03:00:56,39.696666666666665,12.515,3.705,30.52,34.465,0.0,14.54
2020-04-12 04:00:56,34.916666666666664,7.580000000000001,3.4450000000000003,28.02,31.784999999999997,0.0,14.93
2020-04-12 05:00:56,25.206666666666667,13.055,3.3900000000000006,30.51,34.79,0.0,14.34
2020-04-12 06:00:56,26.786666666666665,10.89,4.715,27.16,30.775000000000002,0.0,15.9
2020-04-12 07:00:56,45.129999999999995,5.739999999999999,4.85,28.150000000000002,31.39,0.0,14.53
2020-04-12 08:00:56,49.79666666666667,4.11,4.95,48.305,56.155,0.0,13.51
2020-04-12 09:00:56,40.46,8.585,4.885,35.28,40.01,0.0,14.38
2020-04-12 10:00:56,43.56666666666666,16.665,4.92,34.199999999999996,38.85,0.0,14.02
2020-04-12 11:00:56,33.9,17.545,4.84,41.765,48.15,0.0,13.58
2020-04-12 12:00:56,23.656666666666666,0.0,5.355,44.185,50.94499999999999,0.0,13.81
2020-04-12 13:00:56,25.9,9.28,5.19,43.51500000000001,49.68,0.0,13.25
2020-04-12 14:00:56,17.733333333333334,0.0,4.585,52.95000000000001,63.315,0.0,12.25
2020-04-12 15:00:56,18.763333333333335,0.0,4.91,47.685,54.82,0.0,11.63
2020-04-12 16:00:56,18.416666666666668,7.044999999999999,5.125,45.91,52.495000000000005,0.0,9.12
2020-04-12 17:00:56,17.32,5.665,5.18,43.580000000000005,49.31,0.0,10.15
2020-04-12 18:00:56,23.636666666666667,6.794999999999999,5.195,39.875,45.35999999999999,0.0,11.24
2020-04-12 19:00:56,26.310000000000002,8.46,5.18,38.035,43.504999999999995,0.0,12.6
2020-04-12 20:00:56,30.836666666666666,8.085,5.305,39.02,44.26,0.0,14.0
2020-04-12 21:00:56,36.20666666666667,6.06,5.255,36.635,41.0,0.0,14.05
2020-04-12 22:00:56,33.03333333333333,9.365,5.165,36.52,41.065,0.0,14.5
2020-04-12 23:00:56,28.93,7.89,5.105,37.56,42.205000000000005,0.0,14.46
2020-04-13 00:00:56,26.22666666666667,6.07,4.665,42.120000000000005,46.98499999999999,0.0,13.01
2020-04-13 01:00:56,20.2,0.0,4.2,49.669999999999995,53.78,0.0,12.26
2020-04-13 02:00:56,24.016666666666666,14.1,3.8049999999999997,50.94,55.175000000000004,0.0,11.58
2020-04-13 03:00:56,31.326666666666668,15.800000000000002,4.73,49.23499999999999,53.385,0.0,10.96
2020-04-13 04:00:56,26.263333333333332,14.265,4.875,40.015,44.785,0.0,12.61
2020-04-13 05:00:56,21.41,0.0,3.99,48.46,55.525,0.0,9.82
2020-04-13 06:00:56,28.700000000000003,14.9,3.6400000000000006,51.29,67.235,0.0,9.87
2020-04-13 07:00:56,27.30666666666667,14.83,3.4599999999999995,52.080000000000005,64.345,0.0,9.58
2020-04-13 08:00:56,30.676666666666666,25.929999999999996,3.7099999999999995,63.965,88.17,0.0,9.59
2020-04-13 09:00:56,39.24333333333333,21.41,3.7999999999999994,72.44500000000001,93.0,0.0,9.14
2020-04-13 10:00:56,39.79,28.145,3.875,61.11000000000001,70.345,0.0,13.27
2020-04-13 11:00:56,39.50333333333333,19.945,4.035,39.11,43.285,0.0,14.09
2020-04-13 12:00:56,26.433333333333334,11.125,3.955,42.98,47.435,0.0,15.14
2020-04-13 13:00:56,21.213333333333335,8.71,4.025,38.675,42.73,0.0,15.87
2020-04-13 14:00:56,18.92,5.505,6.82,39.855,44.22,0.0,14.88
2020-04-13 15:00:56,22.75,3.6199999999999997,6.919999999999999,35.46,39.47,0.0,13.07
2020-04-13 16:00:56,18.17,5.474999999999999,6.984999999999999,40.34,44.165,0.0,9.82
2020-04-13 17:00:56,12.216666666666667,2.86,6.864999999999999,38.485,42.620000000000005,0.0,9.42
2020-04-13 18:00:56,15.613333333333333,1.43,6.6000000000000005,37.32,41.39,0.0,4.53
2020-04-13 19:00:56,17.903333333333332,1.035,6.745,47.345,52.395,0.0,11.35
2020-04-13 20:00:56,21.346666666666668,6.105,9.72,77.545,85.14,0.0,8.56
2020-04-13 21:00:56,32.306666666666665,6.760000000000001,9.91,109.43,164.135,0.0,6.97
2020-04-13 22:00:56,45.01333333333333,14.660000000000002,7.789999999999999,105.81,153.115,0.0,5.52
2020-04-13 23:00:56,59.24666666666667,27.53,8.57,103.895,170.995,0.0,6.36
2020-04-14 00:00:56,70.26666666666667,37.235,7.495000000000001,94.765,185.17,0.0,6.11
2020-04-14 01:00:56,67.91333333333333,41.955,7.050000000000001,91.05,122.13,0.0,6.86
2020-04-14 02:00:56,52.77333333333333,31.38,7.044999999999999,88.335,152.925,0.0,6.84
2020-04-14 03:00:56,52.17,34.685,6.925,95.645,126.92,0.0,7.81
2020-04-14 04:00:56,45.266666666666666,26.070000000000004,6.919999999999999,85.84500000000001,117.16000000000001,0.0,7.02
2020-04-14 05:00:56,42.31333333333333,29.040000000000003,6.989999999999999,75.905,107.795,0.0,5.82
2020-04-14 06:00:56,42.28,25.095,8.645,80.73,107.68,0.0,7.07
2020-04-14 07:00:56,41.22,18.215,8.885,81.12,122.58,0.0,6.64
2020-04-14 08:00:56,41.39666666666667,19.47,9.515,81.645,148.685,0.0,7.67
2020-04-14 09:00:56,50.38666666666667,27.695000000000004,10.215,92.26,139.365,0.0,7.97
2020-04-14 10:00:56,52.32,26.070000000000004,10.145,98.825,120.31,0.0,8.8
2020-04-14 11:00:56,44.81333333333333,23.785,10.755,83.355,93.24000000000001,0.0,13.97
2020-04-14 12:00:56,41.66,22.09,11.174999999999999,53.28,58.120000000000005,0.0,17.63
2020-04-14 13:00:56,28.30666666666667,12.33,9.74,43.555,47.19,0.0,17.28
2020-04-14 14:00:56,19.97,12.96,9.415000000000001,38.82,42.615,0.0,17.25
2020-04-14 15:00:56,16.766666666666666,7.53,9.05,29.879999999999995,33.57,0.0,15.33
2020-04-14 16:00:56,28.906666666666666,8.495,9.045,28.605,31.83,0.0,15.29
2020-04-14 17:00:56,32.696666666666665,7.305,9.105,30.850000000000005,34.285,0.0,17.8
2020-04-14 18:00:56,30.30666666666667,9.56,9.07,45.675000000000004,49.51500000000001,0.0,7.61
2020-04-14 19:00:56,29.32333333333333,12.37,9.245,42.074999999999996,45.77,0.0,13.62
2020-04-14 20:00:56,39.54333333333333,13.835,10.835,67.07,72.085,0.0,10.79
2020-04-14 21:00:56,46.43,14.86,12.445,104.53500000000001,134.31,0.0,5.67
2020-04-14 22:00:56,56.17333333333333,19.505,11.36,117.33999999999999,147.935,0.0,4.86
2020-04-14 23:00:56,64.22666666666667,36.285,12.685,114.47500000000001,150.44500000000002,0.0,6.52
2020-04-15 00:00:56,74.56666666666666,30.45,10.955,115.555,136.0,0.0,6.52
2020-04-15 01:00:56,63.266666666666666,34.35,9.365,106.445,132.085,0.0,7.58
2020-04-15 02:00:56,63.47,30.054999999999996,9.825,83.83,96.28500000000001,0.0,9.43
2020-04-15 03:00:56,59.41333333333333,24.24,9.545,93.195,137.17999999999998,0.0,6.06
2020-04-15 04:00:56,54.54,29.015,9.799999999999999,92.765,114.75,0.0,6.51
2020-04-15 05:00:56,53.766666666666666,25.3,8.15,86.175,97.90500000000002,0.0,7.61
2020-04-15 06:00:56,46.54333333333333,18.25,8.23,83.11,102.62,0.0,8.52
2020-04-15 07:00:56,40.03333333333333,17.605,7.935,93.08999999999999,124.17,0.0,6.5
2020-04-15 08:00:56,40.22333333333333,13.255,8.32,97.44,159.33,0.0,6.31
2020-04-15 09:00:56,66.03999999999999,28.17,9.14,126.205,238.57000000000002,0.0,6.49
2020-04-15 10:00:56,75.90333333333334,36.58,8.805,124.045,160.455,0.0,9.25
2020-04-15 11:00:56,67.67,29.785,8.299999999999999,101.28500000000001,120.75,0.0,9.29
2020-04-15 12:00:56,62.346666666666664,21.955,7.814999999999999,75.455,81.755,0.0,12.96
2020-04-15 13:00:56,74.19,19.89,7.705000000000001,61.91,66.77,0.0,14.96
2020-04-15 14:00:56,52.55,18.325,10.42,56.26500000000001,60.669999999999995,0.0,16.08
2020-04-15 15:00:56,43.05666666666667,16.265,9.08,58.15,63.995000000000005,0.0,16.91
2020-04-15 16:00:56,41.336666666666666,18.26,8.41,53.23,59.26500000000001,0.0,15.63
2020-04-15 17:00:56,28.61,18.18,8.125,53.755,59.82,0.0,14.77
2020-04-15 18:00:56,15.886666666666667,9.595,8.31,61.6,70.645,0.0,12.8
2020-04-15 19:00:56,29.913333333333334,6.919999999999999,8.615,85.705,112.74,0.0,9.42
2020-04-15 20:00:56,48.00666666666667,15.365,8.74,90.82,113.96999999999998,0.0,7.96
2020-04-15 21:00:56,38.92,12.86,8.245,84.07499999999999,113.87,0.0,8.65
2020-04-15 22:00:56,40.51,17.81,8.450000000000001,74.13,88.145,0.0,9.81
2020-04-15 23:00:56,42.406666666666666,13.71,8.38,67.31,80.41,0.0,10.52
2020-04-16 00:00:56,32.65,12.29,8.16,55.645,62.925000000000004,0.0,11.83
2020-04-16 01:00:56,33.10666666666667,19.305,7.69,48.845,53.995000000000005,0.0,11.66
2020-04-16 02:00:56,29.0,16.935,7.699999999999999,38.295,41.830000000000005,0.0,13.0
2020-04-16 03:00:56,22.49666666666667,11.785000000000002,7.355,35.655,40.57,0.0,11.65
2020-04-16 04:00:56,14.966666666666667,9.085,7.405000000000001,34.695,40.830000000000005,0.0,10.28
2020-04-16 05:00:56,10.346666666666666,4.825,7.43,30.645,34.34,0.0,13.68
2020-04-16 06:00:56,8.026666666666667,3.055,7.965,26.825,30.314999999999998,0.0,14.27
2020-04-16 07:00:56,5.426666666666666,2.94,7.885000000000001,27.475000000000005,31.7,0.0,14.21
2020-04-16 08:00:56,8.32,0.0,7.82,36.66,43.449999999999996,0.0,13.51
2020-04-16 09:00:56,7.246666666666666,0.0,7.699999999999999,35.29,41.57,0.0,13.51
2020-04-16 10:00:56,6.1066666666666665,0.0,7.5,37.495,44.855,0.0,13.56
2020-04-16 11:00:56,6.11,0.0,7.449999999999999,34.300000000000004,39.97,0.0,14.27
2020-04-16 12:00:56,7.146666666666667,3.16,7.75,30.929999999999996,36.44,0.0,14.25
2020-04-16 13:00:56,10.963333333333333,3.08,7.969999999999999,37.75,44.965,0.0,13.64
2020-04-16 14:00:56,14.363333333333333,11.445,8.165,38.169999999999995,45.074999999999996,0.0,13.59
2020-04-16 15:00:56,11.113333333333333,5.855,8.34,39.665,47.004999999999995,0.0,12.23
2020-04-16 16:00:56,10.643333333333333,3.205,8.41,47.625,58.005,0.0,11.98
2020-04-16 17:00:56,16.41,3.48,8.185,46.22,55.49,0.0,12.38
2020-04-16 18:00:56,11.079999999999998,2.485,8.215,48.379999999999995,58.01,0.0,10.59
2020-04-16 19:00:56,13.29,3.9249999999999994,8.095,51.005,61.050000000000004,0.0,12.84
2020-04-16 20:00:56,19.27,3.22,8.135,53.75,67.425,0.0,10.84
2020-04-16 21:00:56,22.35666666666667,7.555,8.235,47.73499999999999,56.115,0.0,11.71
2020-04-16 22:00:56,23.326666666666668,4.875,8.265,48.6,56.51499999999999,0.0,12.78
2020-04-16 23:00:56,18.246666666666666,6.345,8.115,63.385,78.13,0.0,9.46
2020-04-17 00:00:56,16.909999999999997,0.0,7.599999999999999,30.415000000000003,33.28,0.0,9.52
2020-04-17 01:00:56,27.86,7.56,7.305,59.94499999999999,77.60000000000001,0.0,10.39
2020-04-17 02:00:56,36.82333333333334,24.51,8.505,62.85999999999999,77.04,0.0,7.92
2020-04-17 03:00:56,29.436666666666667,19.155,8.565,65.185,78.57,0.0,6.56
2020-04-17 04:00:56,22.26,0.0,8.565,51.85,59.43,0.0,8.93
2020-04-17 05:00:56,24.13666666666667,15.17,7.795000000000001,46.875,51.675000000000004,0.0,8.16
2020-04-17 06:00:56,22.236666666666665,9.925,7.580000000000001,57.535,68.46,0.0,5.69
2020-04-17 07:00:56,23.41,14.32,7.59,58.415,85.835,0.0,5.45
2020-04-17 08:00:56,27.55,14.17,8.015,63.550000000000004,109.57,0.0,5.24
2020-04-17 09:00:56,35.18,25.595,8.035,58.27,73.705,0.0,10.39
2020-04-17 10:00:56,33.04333333333333,22.205,8.335,62.16499999999999,85.245,0.0,9.47
2020-04-17 11:00:56,29.810000000000002,11.854999999999999,8.285,53.01500000000001,61.370000000000005,0.0,12.02
2020-04-17 12:00:56,23.869999999999997,12.1,8.135,45.605,52.169999999999995,0.0,14.75
2020-04-17 13:00:56,18.09,6.94,8.005,43.4,48.93000000000001,0.0,15.55
2020-04-17 14:00:56,14.766666666666666,3.855,7.489999999999999,44.98499999999999,50.225,0.0,12.92
2020-04-17 15:00:56,8.986666666666666,2.44,7.9750000000000005,41.885,46.975,0.0,14.27
2020-04-17 16:00:56,6.816666666666666,1.49,8.965,40.145,44.675000000000004,0.0,12.37
2020-04-17 17:00:56,10.006666666666668,1.41,8.265,38.815,43.095,0.0,15.88
2020-04-17 18:00:56,8.113333333333333,0.81,7.919999999999999,43.475,48.455000000000005,0.0,13.5
2020-04-17 19:00:56,9.42,2.495,7.640000000000001,46.855,51.26500000000001,0.0,9.07
2020-04-17 20:00:56,13.023333333333333,8.0,8.445,52.995,57.405,0.0,7.47
2020-04-17 21:00:56,16.59,8.01,9.47,100.58999999999999,176.095,0.0,5.0
2020-04-17 22:00:56,43.303333333333335,20.63,8.795,102.96,147.305,0.0,5.76
2020-04-17 23:00:56,59.82,27.78,8.790000000000001,106.40500000000002,198.965,0.0,4.9
2020-04-18 00:00:56,58.19333333333333,29.41,8.21,96.12,181.18999999999997,0.0,6.21
2020-04-18 01:00:56,61.28333333333333,35.655,7.420000000000001,80.41000000000001,192.615,0.0,5.63
2020-04-18 02:00:56,58.730000000000004,47.965,7.91,81.65,149.70000000000002,0.0,5.71
2020-04-18 03:00:56,50.836666666666666,33.545,7.885000000000001,80.03,144.345,0.0,5.56
2020-04-18 04:00:56,51.25333333333333,34.295,7.439999999999999,87.625,125.315,0.0,5.45
2020-04-18 05:00:56,44.233333333333334,28.105,7.580000000000001,83.54,100.38499999999999,0.0,6.55
2020-04-18 06:00:56,34.913333333333334,23.205,7.755,83.91,106.455,0.0,5.77
2020-04-18 07:00:56,30.80666666666667,17.4,7.48,76.75,127.045,0.0,6.32
2020-04-18 08:00:56,39.96,22.965,8.125,84.14,179.31499999999997,0.0,6.94
2020-04-18 09:00:56,39.87,20.07,7.84,100.56,144.715,0.0,7.43
2020-04-18 10:00:56,47.883333333333326,17.845,8.055,85.955,108.145,0.0,10.6
2020-04-18 11:00:56,45.08666666666667,23.34,8.155000000000001,59.565,67.855,0.0,17.5
2020-04-18 12:00:56,33.46333333333334,12.71,8.405000000000001,64.025,70.5,0.0,14.93
2020-04-18 13:00:56,27.153333333333336,6.805,8.59,56.105,60.02,0.0,14.47
2020-04-18 14:00:56,16.263333333333332,5.61,8.424999999999999,50.48,55.04,0.0,13.37
2020-04-18 15:00:56,14.243333333333332,3.09,8.11,37.445,41.23,0.0,15.24
2020-04-18 16:00:56,14.513333333333334,1.695,7.675,29.584999999999997,33.24,0.0,15.19
2020-04-18 17:00:56,13.266666666666666,1.995,7.739999999999999,35.82,39.875,0.0,12.82
2020-04-18 18:00:56,19.14333333333333,2.875,7.685,41.285,45.199999999999996,0.0,6.52
2020-04-18 19:00:56,26.076666666666668,2.235,7.329999999999999,50.565000000000005,55.400000000000006,0.0,4.78
2020-04-18 20:00:56,28.71666666666667,9.16,7.73,57.725,66.19500000000001,0.0,1.99
2020-04-18 21:00:56,34.056666666666665,11.199999999999998,8.01,43.975,48.905,0.0,11.66
2020-04-18 22:00:56,34.69,6.489999999999999,8.344999999999999,35.81,39.8,0.0,12.96
2020-04-18 23:00:56,32.52,6.215,8.299999999999999,35.66,39.56,0.0,13.2
2020-04-19 00:00:56,21.21333333333333,11.21,8.37,41.074999999999996,45.97,0.0,11.66
2020-04-19 01:00:56,19.87,6.175,7.260000000000001,39.025,44.195,0.0,12.64
2020-04-19 02:00:56,18.526666666666667,3.84,7.38,37.105,41.295,0.0,11.33
2020-04-19 03:00:56,18.346666666666664,3.345,7.255,39.64,43.865,0.0,11.45
2020-04-19 04:00:56,14.76,0.0,7.215,43.685,49.04,0.0,9.03
2020-04-19 05:00:56,18.57333333333333,10.71,6.705000000000001,44.824999999999996,53.53,0.0,6.75
2020-04-19 06:00:56,20.566666666666666,8.97,6.734999999999999,45.294999999999995,50.07,0.0,6.62
2020-04-19 07:00:56,21.316666666666666,14.995,6.585,47.75,59.73,0.0,4.85
2020-04-19 08:00:56,21.39666666666667,0.0,6.805,51.455000000000005,60.445,0.0,7.79
2020-04-19 09:00:56,21.799999999999997,0.0,6.915,50.205000000000005,56.800000000000004,0.0,9.67
2020-04-19 10:00:56,27.753333333333334,12.46,7.13,52.665,59.15,0.0,9.9
2020-04-19 11:00:56,25.24,11.339999999999998,7.09,43.145,47.22,0.0,13.04
2020-04-19 12:00:56,16.433333333333334,0.0,7.079999999999999,39.385,43.75,0.0,12.98
2020-04-19 13:00:56,13.39,6.864999999999999,7.294999999999999,44.85999999999999,49.57,0.0,11.59
2020-04-19 14:00:56,10.13,4.255,8.13,40.830000000000005,45.76,0.0,11.32
2020-04-19 15:00:56,9.23,2.84,8.045,44.080000000000005,49.855,0.0,2.5
2020-04-19 16:00:56,8.353333333333333,0.0,8.11,44.06,49.145,0.0,1.75
2020-04-19 17:00:56,12.79,1.9799999999999998,8.645,50.300000000000004,56.504999999999995,0.0,7.66
2020-04-19 18:00:56,9.633333333333333,2.07,8.345,53.27,59.495000000000005,0.0,7.89
2020-04-19 19:00:56,12.670000000000002,5.724999999999999,8.115,46.22,51.025000000000006,0.0,4.62
2020-04-19 20:00:56,18.223333333333333,0.0,8.505,71.375,83.565,0.0,0.48
2020-04-19 21:00:56,29.656666666666666,12.235,8.265,85.92999999999999,107.73500000000001,0.0,6.38
2020-04-19 22:00:56,33.97666666666667,7.044999999999999,8.395,75.315,82.505,0.0,7.8
2020-04-19 23:00:56,33.483333333333334,7.28,8.34,78.81,87.46999999999998,0.0,8.15
2020-04-20 00:00:56,37.93,13.315,8.465,83.095,107.395,0.0,6.48
2020-04-20 01:00:56,41.31333333333333,17.755,7.945,75.6,97.14999999999999,0.0,5.58
2020-04-20 02:00:56,41.03666666666667,26.595,8.135,67.44500000000001,86.28500000000001,0.0,6.59
2020-04-20 03:00:56,37.11333333333334,26.415000000000003,7.925,54.585,59.655,0.0,7.66
2020-04-20 04:00:56,27.273333333333333,15.235,7.875,55.49,60.84,0.0,7.67
2020-04-20 05:00:56,31.303333333333335,10.11,7.52,55.625,62.445,0.0,7.24
2020-04-20 06:00:56,24.2,20.035,7.6450000000000005,53.84,64.465,0.0,6.73
2020-04-20 07:00:56,24.4,11.104999999999999,7.555,59.89000000000001,88.71499999999999,0.0,6.12
2020-04-20 08:00:56,25.373333333333335,14.845,7.8,68.27499999999999,111.75,0.0,6.47
2020-04-20 09:00:56,35.693333333333335,16.27,7.754999999999999,79.165,93.825,0.0,7.43
2020-04-20 10:00:56,44.59,22.33,7.6499999999999995,74.05000000000001,83.515,0.0,11.2
2020-04-20 11:00:56,37.24666666666667,14.97,7.645,81.26,94.955,0.0,10.11
2020-04-20 12:00:56,32.79333333333333,11.805,7.635000000000001,75.27499999999999,82.985,0.0,10.16
2020-04-20 13:00:56,29.343333333333334,9.995,7.864999999999999,67.42,73.165,0.0,12.02
2020-04-20 14:00:56,24.726666666666667,10.0,7.885000000000001,49.78,53.655,0.0,13.25
2020-04-20 15:00:56,23.673333333333332,5.955000000000001,7.460000000000001,40.055,43.6,0.0,10.12
2020-04-20 16:00:56,28.85333333333333,3.1199999999999997,7.11,34.58,38.275000000000006,0.0,14.5
2020-04-20 17:00:56,19.686666666666667,2.11,7.04,38.25,41.93,0.0,11.62
2020-04-20 18:00:56,23.606666666666666,4.525,7.1499999999999995,36.235,40.04,0.0,13.37
2020-04-20 19:00:56,21.843333333333334,5.544999999999999,7.185,50.85,55.335,0.0,10.36
2020-04-20 20:00:56,25.84,6.805,7.785,69.77,75.73,0.0,4.43
2020-04-20 21:00:56,41.63333333333333,11.915,7.555,41.82,45.995,0.0,13.2
2020-04-20 22:00:56,56.16,13.055,7.539999999999999,34.68,38.505,0.0,14.88
2020-04-20 23:00:56,48.78333333333333,9.275,7.390000000000001,25.625,28.560000000000002,0.0,15.21
2020-04-21 00:00:56,35.203333333333326,15.43,7.265000000000001,24.084999999999997,28.045,0.0,15.45
2020-04-21 01:00:56,30.383333333333333,9.925,7.32,23.735,27.599999999999998,0.0,12.93
2020-04-21 02:00:56,26.34,8.13,7.19,20.185,23.545,0.0,13.65
2020-04-21 03:00:56,23.14333333333333,4.945,7.03,19.87,23.290000000000003,0.0,14.33
2020-04-21 04:00:56,15.023333333333333,3.7999999999999994,7.03,19.055,22.075,0.0,13.21
2020-04-21 05:00:56,13.86,9.79,6.794999999999999,18.544999999999998,22.11,0.0,13.84
2020-04-21 06:00:56,10.61,0.0,6.945,22.7,26.595,0.0,11.93
2020-04-21 07:00:56,8.413333333333334,0.0,6.955000000000001,25.495,29.340000000000003,0.0,12.0
2020-04-21 08:00:56,8.086666666666666,3.43,6.835,30.5,34.800000000000004,0.0,11.44
2020-04-21 09:00:56,8.780000000000001,0.0,7.035,36.125,41.01,0.0,11.51
2020-04-21 10:00:56,9.45,0.0,6.8999999999999995,37.975,44.005,0.0,10.61
2020-04-21 11:00:56,10.373333333333333,0.0,3.685,46.59,53.199999999999996,0.0,10.34
2020-04-21 12:00:56,17.966666666666665,4.26,3.705,42.21,48.46,0.0,11.83
2020-04-21 13:00:56,19.706666666666667,3.155,3.6449999999999996,47.79,54.885,0.0,10.23
2020-04-21 14:00:56,15.82,6.585,3.785,56.72,68.19999999999999,0.0,10.02
2020-04-21 15:00:56,10.69,5.065,3.65,64.8,81.14999999999999,0.0,8.07
2020-04-21 16:00:56,11.603333333333333,5.805,3.65,66.89,79.995,0.0,7.82
2020-04-21 17:00:56,12.620000000000001,4.55,6.465,53.16,60.57500000000001,0.0,11.0
2020-04-21 18:00:56,29.576666666666664,4.045,6.82,50.91,56.85999999999999,0.0,10.78
2020-04-21 19:00:56,33.53666666666667,8.16,6.815,54.669999999999995,62.080000000000005,0.0,9.71
2020-04-21 20:00:56,42.18666666666667,11.104999999999999,6.699999999999999,54.785,61.07,0.0,11.69
2020-04-21 21:00:56,41.32666666666667,11.255,6.755,47.675000000000004,53.879999999999995,0.0,11.79
2020-04-21 22:00:56,45.406666666666666,16.46,6.535,43.245000000000005,48.415,0.0,12.27
2020-04-21 23:00:56,38.519999999999996,0.0,6.54,38.0,43.285,0.0,13.45
2020-04-22 00:00:56,27.36,10.995,6.665,38.39,43.355,0.0,12.19
2020-04-22 01:00:56,25.99,0.0,6.609999999999999,32.56,36.335,0.0,14.42
2020-04-22 02:00:56,21.043333333333333,0.0,6.544999999999999,30.310000000000002,33.95,0.0,13.76
2020-04-22 03:00:56,17.816666666666666,0.0,6.455000000000001,25.480000000000004,28.974999999999998,0.0,13.57
2020-04-22 04:00:56,15.25,0.0,6.395,24.52,27.820000000000004,0.0,14.26
2020-04-22 05:00:56,13.353333333333332,2.8349999999999995,6.45,23.01,26.08,0.0,13.91
2020-04-22 06:00:56,15.556666666666667,2.415,6.765,23.224999999999998,26.570000000000004,0.0,13.43
2020-04-22 07:00:56,15.36,0.0,6.72,26.709999999999997,31.405,0.0,13.74
2020-04-22 08:00:56,13.346666666666666,0.0,6.675000000000001,47.870000000000005,60.26499999999999,0.0,11.85
2020-04-22 09:00:56,15.676666666666668,7.675,6.580000000000001,48.23,57.685,0.0,11.68
2020-04-22 10:00:56,16.046666666666667,4.41,6.685,40.57,46.995000000000005,0.0,13.67
2020-04-22 11:00:56,20.826666666666668,7.88,6.77,47.52,54.94,0.0,12.36
2020-04-22 12:00:56,25.403333333333336,0.0,6.8549999999999995,57.155,69.315,0.0,11.42
2020-04-22 13:00:56,25.016666666666666,7.015,7.364999999999999,48.400000000000006,56.725,0.0,13.0
2020-04-22 14:00:56,16.34,4.295,7.635000000000001,56.105,66.43,0.0,13.05
2020-04-22 15:00:56,26.153333333333336,6.794999999999999,7.7250000000000005,53.42499999999999,63.395,0.0,10.94
2020-04-22 16:00:56,19.87,5.495,7.580000000000001,63.824999999999996,80.95,0.0,2.51
2020-04-22 17:00:56,21.96666666666667,0.0,7.609999999999999,60.935,73.325,0.0,9.06
2020-04-22 18:00:56,22.316666666666666,0.0,7.57,69.02,84.705,0.0,9.63
2020-04-22 19:00:56,19.656666666666666,7.925,7.565,68.14999999999999,83.49000000000001,0.0,8.69
2020-04-22 20:00:56,12.733333333333334,0.0,7.439999999999999,58.4,68.025,0.0,9.93
2020-04-22 21:00:56,13.726666666666667,0.0,7.489999999999999,56.370000000000005,67.78999999999999,0.0,11.83
2020-04-22 22:00:56,14.526666666666666,0.0,7.41,40.355,45.205000000000005,0.0,12.25
2020-04-22 23:00:56,14.416666666666668,0.0,7.080000000000001,40.635,45.84,0.0,10.86
2020-04-23 00:00:56,20.676666666666666,4.275,7.015,34.065,38.445,0.0,12.51
2020-04-23 01:00:56,15.916666666666666,3.2550000000000003,6.890000000000001,35.550000000000004,41.685,0.0,12.08
2020-04-23 02:00:56,17.64666666666667,8.98,6.84,32.335,36.98500000000001,0.0,12.99
2020-04-23 03:00:56,11.826666666666668,0.0,6.55,26.150000000000002,29.645,0.0,12.47
2020-04-23 04:00:56,15.523333333333333,5.285,6.63,27.88,32.23,0.0,11.46
2020-04-23 05:00:56,15.2,3.875,7.7250000000000005,23.584999999999997,27.070000000000004,0.0,12.05
2020-04-23 06:00:56,19.8,2.91,8.03,22.915000000000003,26.424999999999997,0.0,11.27
2020-04-23 07:00:56,18.386666666666667,3.84,8.020000000000001,31.985,36.94,0.0,11.79
2020-04-23 08:00:56,18.493333333333332,6.385000000000001,7.960000000000001,41.03,49.96,0.0,11.04
2020-04-23 09:00:56,22.08,3.69,8.005,36.95,43.465,0.0,10.99
2020-04-23 10:00:56,21.456666666666667,8.25,8.07,37.56,43.99,0.0,10.38
2020-04-23 11:00:56,18.87,5.669999999999999,8.17,37.34,43.055,0.0,12.28
2020-04-23 12:00:56,13.996666666666668,0.0,8.34,32.81,38.025,0.0,12.03
2020-04-23 13:00:56,16.606666666666666,4.665,3.035,45.419999999999995,53.21,0.0,11.09
2020-04-23 14:00:56,12.313333333333333,0.0,7.265000000000001,49.85999999999999,60.375,0.0,9.58
2020-04-23 15:00:56,12.183333333333332,0.0,7.435,53.80500000000001,68.095,0.0,3.71
2020-04-23 16:00:56,13.936666666666667,0.0,6.705000000000001,48.63999999999999,56.5,0.0,16.15
2020-04-23 17:00:56,17.906666666666666,3.31,6.82,50.26,58.620000000000005,0.0,16.55
2020-04-23 18:00:56,12.303333333333335,4.62,6.82,48.675000000000004,56.63999999999999,0.0,15.46
2020-04-23 19:00:56,20.560000000000002,2.865,6.81,46.14000000000001,53.14000000000001,0.0,15.13
2020-04-23 20:00:56,24.560000000000002,2.385,6.91,50.52,58.050000000000004,0.0,15.13
2020-04-23 21:00:56,24.27,5.17,7.125,41.405,47.105,0.0,14.94
2020-04-23 22:00:56,21.906666666666666,7.724999999999999,6.985,56.835,70.7,0.0,15.08
2020-04-23 23:00:56,18.91,7.39,6.3999999999999995,44.30500000000001,50.32,0.0,15.51
2020-04-24 00:00:56,20.423333333333332,7.580000000000001,6.4750000000000005,41.645,46.495000000000005,0.0,14.94
2020-04-24 01:00:56,22.756666666666668,0.0,5.7749999999999995,53.215,60.94,0.0,16.12
2020-04-24 02:00:56,16.59,0.0,6.95,63.169999999999995,70.805,0.0,14.37
2020-04-24 03:00:56,27.39333333333333,0.0,7.050000000000001,54.879999999999995,61.050000000000004,0.0,14.14
2020-04-24 04:00:56,27.180000000000003,10.235,6.824999999999999,57.01,64.80499999999999,0.0,13.14
2020-04-24 05:00:56,26.32,8.195,6.875,49.925000000000004,55.685,0.0,13.22
2020-04-24 06:00:56,44.86666666666667,19.685,7.16,45.25,52.04,0.0,12.76
2020-04-24 07:00:56,37.06,14.71,7.07,53.120000000000005,63.754999999999995,0.0,13.47
2020-04-24 08:00:56,42.08,11.54,7.4750000000000005,59.725,77.39,0.0,13.15
2020-04-24 09:00:56,54.28333333333333,15.604999999999999,7.435,60.895,70.55,0.0,14.71
2020-04-24 10:00:56,61.13,20.17,7.275000000000001,42.44,47.705000000000005,0.0,16.61
2020-04-24 11:00:56,43.79333333333334,19.125,7.400000000000001,44.51,49.975,0.0,14.53
2020-04-24 12:00:56,36.14666666666667,15.615,7.280000000000001,50.59,56.63999999999999,0.0,15.3
2020-04-24 13:00:56,25.256666666666668,8.595,7.795000000000001,56.794999999999995,65.105,0.0,15.3
2020-04-24 14:00:56,14.31,0.0,7.395,57.870000000000005,66.885,0.0,14.26
2020-04-24 15:00:56,12.02,0.0,7.675,58.155,65.895,0.0,14.1
2020-04-24 16:00:56,11.95,0.0,7.79,61.63,70.47,0.0,8.37
2020-04-24 17:00:56,13.316666666666666,2.08,7.925,59.67499999999999,67.505,0.0,8.4
2020-04-24 18:00:56,7.789999999999999,1.13,7.79,62.415,71.365,0.0,2.78
2020-04-24 19:00:56,15.043333333333333,1.61,7.800000000000001,59.26,66.47,0.0,12.85
2020-04-24 20:00:56,26.633333333333333,1.285,7.969999999999999,57.665,65.925,0.0,14.46
2020-04-24 21:00:56,31.51,6.235,7.939999999999999,55.865,63.605,0.0,12.74
2020-04-24 22:00:56,28.936666666666667,4.02,7.6499999999999995,59.97,68.18,0.0,13.77
2020-04-24 23:00:56,32.57666666666667,6.995,7.734999999999999,66.535,76.84,0.0,14.31
2020-04-25 00:00:56,25.973333333333333,6.169999999999999,7.489999999999999,63.785,72.325,0.0,14.9
2020-04-25 01:00:56,26.936666666666667,6.745,6.66,62.76500000000001,70.415,0.0,13.32
2020-04-25 02:00:56,34.15,8.475,6.4750000000000005,66.3,79.395,0.0,13.95
2020-04-25 03:00:56,36.95,9.79,6.135000000000001,71.0,79.5,0.0,11.2
2020-04-25 04:00:56,34.57666666666667,11.42,5.905,68.12,74.435,0.0,12.08
2020-04-25 05:00:56,22.91333333333333,0.0,7.035,61.574999999999996,69.485,0.0,12.53
2020-04-25 06:00:56,35.86333333333333,16.775,7.445,60.605,79.935,0.0,9.63
2020-04-25 07:00:56,31.23,17.615,7.125,60.17499999999999,71.055,0.0,10.1
2020-04-25 08:00:56,33.376666666666665,17.575,7.7,53.580000000000005,62.065,0.0,13.04
2020-04-25 09:00:56,35.81666666666667,18.48,7.68,60.38999999999999,68.665,0.0,14.26
2020-04-25 10:00:56,34.81,16.305,7.825,48.355,54.51500000000001,0.0,16.67
2020-04-25 11:00:56,40.266666666666666,9.165,7.655000000000001,44.73499999999999,49.375,0.0,16.79
2020-04-25 12:00:56,31.986666666666665,9.145,7.785,45.975,50.395,0.0,16.39
2020-04-25 13:00:56,24.296666666666667,8.065,7.34,45.225,49.995,0.0,16.78
2020-04-25 14:00:56,17.273333333333333,4.675,7.640000000000001,36.985,41.125,0.0,16.69
2020-04-25 15:00:56,13.313333333333333,3.225,7.780000000000001,47.305,54.03,0.0,10.13
2020-04-25 16:00:56,11.476666666666667,1.765,8.075,44.465,49.580000000000005,0.0,13.43
2020-04-25 17:00:56,9.34,1.015,8.105,44.615,50.35,0.0,7.43
2020-04-25 18:00:56,6.093333333333334,0.505,8.125,56.57,66.04,0.0,8.1
2020-04-25 19:00:56,11.096666666666666,0.585,7.949999999999999,71.015,84.515,0.0,0.0
2020-04-25 20:00:56,14.416666666666666,4.175,8.265,52.785,58.355,0.0,8.54
2020-04-25 21:00:56,31.03333333333333,3.985,8.495,39.35,43.41,0.0,15.28
2020-04-25 22:00:56,31.290000000000003,7.919999999999999,8.344999999999999,39.3,43.47,0.0,14.49
2020-04-25 23:00:56,22.153333333333336,8.43,8.149999999999999,47.169999999999995,52.185,0.0,16.26
2020-04-26 00:00:56,28.186666666666667,8.505,8.165,60.895,68.50999999999999,0.0,12.7
2020-04-26 01:00:56,18.72,7.04,7.625,74.10000000000001,85.33,0.0,12.24
2020-04-26 02:00:56,33.04333333333334,11.93,7.239999999999999,81.645,98.63999999999999,0.0,9.22
2020-04-26 03:00:56,34.306666666666665,15.57,7.364999999999999,72.935,86.90500000000002,0.0,9.1
2020-04-26 04:00:56,33.77,18.03,7.015000000000001,66.44,74.41,0.0,10.94
2020-04-26 05:00:56,27.5,10.685,6.595,61.98499999999999,72.08,0.0,9.51
2020-04-26 06:00:56,28.21333333333333,18.295,6.815,58.665,65.09,0.0,9.82
2020-04-26 07:00:56,28.240000000000002,11.94,7.855,56.725,68.145,0.0,10.81
2020-04-26 08:00:56,27.78333333333333,8.18,8.58,60.155,75.475,0.0,11.18
2020-04-26 09:00:56,32.7,12.99,8.57,48.665,55.59,0.0,14.56
2020-04-26 10:00:56,34.16666666666667,13.635,8.83,37.824999999999996,42.285,0.0,16.45
2020-04-26 11:00:56,25.106666666666666,8.26,8.549999999999999,38.620000000000005,43.02,0.0,16.56
2020-04-26 12:00:56,21.759999999999998,6.2,8.285,36.44,39.98,0.0,16.19
2020-04-26 13:00:56,18.913333333333334,0.0,7.38,29.959999999999997,33.51,0.0,16.75
2020-04-26 14:00:56,17.353333333333335,0.0,7.2299999999999995,26.625,29.97,0.0,14.94
2020-04-26 15:00:56,11.793333333333335,0.0,7.295000000000001,25.95,29.709999999999997,0.0,9.9
2020-04-26 16:00:56,8.723333333333333,0.0,7.105,26.655,30.73,0.0,10.37
2020-04-26 17:00:56,9.84,0.0,7.155,29.985,34.125,0.0,1.33
2020-04-26 18:00:56,15.9,3.22,7.2250000000000005,37.515,41.855,0.0,7.74
2020-04-26 19:00:56,17.573333333333334,2.61,7.505,45.98,51.495000000000005,0.0,0.38
2020-04-26 20:00:56,23.593333333333334,5.04,9.935,85.745,114.255,0.0,6.74
2020-04-26 21:00:56,51.10333333333333,14.495,9.93,100.735,130.395,0.0,8.63
2020-04-26 22:00:56,84.93666666666667,30.06,8.94,99.77,127.815,0.0,9.97
2020-04-26 23:00:56,72.22,22.895,9.03,77.205,84.75,0.0,14.01
2020-04-27 00:00:56,53.64,12.625,8.58,84.38,91.5,0.0,12.06
2020-04-27 01:00:56,51.72666666666667,15.495,8.83,84.005,93.34499999999998,0.0,13.11
2020-04-27 02:00:56,55.03,9.825,9.025,83.23,91.48,0.0,12.71
2020-04-27 03:00:56,43.163333333333334,15.015,8.790000000000001,73.42,78.64999999999999,0.0,11.89
2020-04-27 04:00:56,49.79,10.515,9.1,77.41000000000001,84.91,0.0,10.05
2020-04-27 05:00:56,44.586666666666666,13.865,8.105,73.245,86.305,0.0,10.78
2020-04-27 06:00:56,42.650000000000006,17.35,7.984999999999999,69.03,79.645,0.0,10.89
2020-04-27 07:00:56,45.97666666666667,19.1,8.035,72.17500000000001,91.48,0.0,10.72
2020-04-27 08:00:56,47.74333333333333,20.145,8.005,72.41000000000001,105.75,0.0,10.18
2020-04-27 09:00:56,52.94,17.38,9.85,68.26,89.93,0.0,12.12
2020-04-27 10:00:56,50.54333333333334,13.275,10.365,82.48,100.87,0.0,12.24
2020-04-27 11:00:56,54.45666666666666,12.660000000000002,9.405,62.339999999999996,67.99,0.0,15.68
2020-04-27 12:00:56,40.446666666666665,14.245,8.44,56.93,61.48499999999999,0.0,14.65
2020-04-27 13:00:56,35.973333333333336,7.595,7.830000000000001,50.44,53.949999999999996,0.0,14.61
2020-04-27 14:00:56,34.46666666666667,4.1,7.914999999999999,46.65,50.949999999999996,0.0,14.9
2020-04-27 15:00:56,34.4,2.56,7.8500000000000005,54.435,61.095,0.0,14.94
2020-04-27 16:00:56,30.933333333333334,1.9349999999999998,7.845,53.73499999999999,59.01,0.0,11.56
2020-04-27 17:00:56,61.04666666666666,8.09,7.455000000000001,47.285,54.06,0.0,14.4
2020-04-27 18:00:56,55.629999999999995,8.155,7.3549999999999995,45.6,50.445,0.0,7.48
2020-04-27 19:00:56,42.48,6.41,7.53,55.915,62.585,0.0,11.35
2020-04-27 20:00:56,39.85333333333333,4.635,7.705000000000001,47.66,53.120000000000005,0.0,14.9
2020-04-27 21:00:56,38.306666666666665,15.885,7.859999999999999,47.275000000000006,52.794999999999995,0.0,14.97
2020-04-27 22:00:56,31.54,8.94,7.890000000000001,49.915,55.555,0.0,14.53
2020-04-27 23:00:56,35.916666666666664,7.715,7.885000000000001,42.455,46.870000000000005,0.0,15.37
2020-04-28 00:00:56,33.16,7.06,7.969999999999999,43.875,50.13999999999999,0.0,15.14
2020-04-28 01:00:56,23.576666666666668,7.614999999999999,7.169999999999999,37.475,41.61,0.0,15.42
2020-04-28 02:00:56,23.816666666666666,0.0,6.890000000000001,40.43,44.06,0.0,13.54
2020-04-28 03:00:56,24.05,5.61,6.859999999999999,37.98,41.335,0.0,13.61
2020-04-28 04:00:56,22.46666666666667,7.79,6.800000000000001,38.13,41.94,0.0,14.75
2020-04-28 05:00:56,19.816666666666666,0.0,6.484999999999999,47.31,51.845,0.0,12.25
2020-04-28 06:00:56,29.096666666666668,5.38,6.54,49.305,63.44,0.0,12.55
2020-04-28 07:00:56,33.56,8.465,6.565,50.080000000000005,59.365,0.0,12.81
2020-04-28 08:00:56,33.79666666666667,0.0,6.66,61.845,80.645,0.0,12.95
2020-04-28 09:00:56,37.34666666666667,12.03,6.724999999999999,74.365,91.265,0.0,12.61
2020-04-28 10:00:56,32.56666666666667,10.445,4.37,70.98,79.96,0.0,15.0
2020-04-28 11:00:56,33.16,12.050000000000002,4.18,54.794999999999995,60.26500000000001,0.0,16.23
2020-04-28 12:00:56,33.04666666666667,10.36,4.265,42.81,46.945,0.0,18.12
2020-04-28 13:00:56,21.503333333333334,5.669999999999999,4.635,46.66,51.27,0.0,16.65
2020-04-28 14:00:56,15.576666666666666,4.56,5.09,42.695,46.91,0.0,16.05
2020-04-28 15:00:56,11.716666666666669,3.985,5.19,44.89000000000001,50.47,0.0,10.65
2020-04-28 16:00:56,12.216666666666667,3.0,5.22,49.305,55.54,0.0,9.93
2020-04-28 17:00:56,12.75,1.765,5.355,55.37,61.99,0.0,2.54
2020-04-28 18:00:56,13.513333333333334,1.385,5.18,53.595,59.435,0.0,10.69
2020-04-28 19:00:56,21.253333333333334,7.035,5.105,54.23,59.98,0.0,14.68
2020-04-28 20:00:56,32.26,12.315,5.1,44.330000000000005,48.79,0.0,9.63
2020-04-28 21:00:56,38.39,12.36,5.19,40.97,45.41,0.0,14.04
2020-04-28 22:00:56,31.933333333333334,7.52,5.03,41.885,46.300000000000004,0.0,15.56
2020-04-28 23:00:56,32.56666666666666,13.520000000000001,4.765,50.565,56.89000000000001,0.0,15.41
2020-04-29 00:00:56,30.61333333333333,11.81,4.8,61.16,69.515,0.0,13.24
2020-04-29 01:00:56,30.689999999999998,7.065,4.835,63.815,75.21,0.0,11.11
2020-04-29 02:00:56,28.453333333333333,8.71,4.755,54.580000000000005,60.06,0.0,12.74
2020-04-29 03:00:56,35.28333333333333,5.995,4.69,59.315,65.89,0.0,9.85
2020-04-29 04:00:56,47.70666666666667,11.19,4.635,60.665,66.2,0.0,12.17
2020-04-29 05:00:56,38.1,18.0,4.15,60.214999999999996,66.12,0.0,12.57
2020-04-29 06:00:56,28.806666666666665,16.875,4.195,61.57,74.14,0.0,11.5
2020-04-29 07:00:56,29.25,18.48,4.31,60.855,77.345,0.0,9.87
2020-04-29 08:00:56,29.86,14.6,4.44,68.0,95.90500000000002,0.0,11.31
2020-04-29 09:00:56,34.85666666666667,15.935,4.565,72.445,85.065,0.0,11.65
2020-04-29 10:00:56,39.51666666666666,16.325,4.485,69.02499999999999,77.195,0.0,15.71
2020-04-29 11:00:56,36.17,16.99,4.33,53.199999999999996,58.23499999999999,0.0,17.75
2020-04-29 12:00:56,28.85666666666667,12.725,4.365,41.755,45.59,0.0,18.46
2020-04-29 13:00:56,27.473333333333333,10.105,4.815,40.71,44.645,0.0,18.2
2020-04-29 14:00:56,22.77,6.285,4.6,38.095,42.085,0.0,16.04
2020-04-29 15:00:56,22.46666666666667,5.715,4.59,36.07,39.435,0.0,9.78
2020-04-29 16:00:56,23.83,3.43,4.41,38.94,42.71,0.0,14.31
2020-04-29 17:00:56,30.526666666666667,2.865,7.565,34.015,37.435,0.0,15.24
2020-04-29 18:00:56,32.71,3.89,7.56,42.300000000000004,46.35,0.0,12.6
2020-04-29 19:00:56,39.416666666666664,3.2000000000000006,7.489999999999999,44.805,48.315,0.0,13.44
2020-04-29 20:00:56,43.916666666666664,8.855,8.775,76.74000000000001,84.71499999999999,0.0,15.02
2020-04-29 21:00:56,55.20333333333334,6.19,8.705,110.2,136.37,0.0,2.0
2020-04-29 22:00:56,67.35666666666667,17.35,8.115,110.485,154.21,0.0,8.82
2020-04-29 23:00:56,70.71000000000001,25.925,7.800000000000001,113.075,143.11,0.0,8.95
2020-04-30 00:00:56,70.70333333333333,24.135,7.68,102.39999999999999,136.97,0.0,8.93
2020-04-30 01:00:56,60.63666666666666,18.68,7.414999999999999,98.205,127.87,0.0,10.01
2020-04-30 02:00:56,73.02333333333334,18.64,7.745,87.645,101.645,0.0,10.58
2020-04-30 03:00:56,50.343333333333334,18.79,7.515000000000001,83.23,99.58999999999999,0.0,8.26
2020-04-30 04:00:56,52.75666666666666,17.36,7.41,76.39,83.85000000000001,0.0,10.19
2020-04-30 05:00:56,35.95666666666666,13.025,7.300000000000001,75.06,83.32499999999999,0.0,9.47
2020-04-30 06:00:56,39.343333333333334,20.765,7.54,72.96000000000001,93.06,0.0,7.98
2020-04-30 07:00:56,27.973333333333333,11.68,7.765000000000001,74.005,101.615,0.0,9.75
2020-04-30 08:00:56,38.1,10.88,7.6499999999999995,74.92,95.455,0.0,9.97
2020-04-30 09:00:56,42.21,11.245,7.650000000000001,87.795,113.83999999999999,0.0,10.3
2020-04-30 10:00:56,52.29333333333333,12.56,8.23,55.51500000000001,61.53,0.0,15.92
2020-04-30 11:00:56,41.093333333333334,7.06,8.055,42.755,47.004999999999995,0.0,19.05
2020-04-30 12:00:56,35.88666666666666,11.585,7.66,48.294999999999995,53.10999999999999,0.0,15.6
2020-04-30 13:00:56,33.66,13.32,7.44,57.635,65.77,0.0,12.31
2020-04-30 14:00:56,25.916666666666668,9.065,8.33,54.949999999999996,62.305,0.0,13.73
2020-04-30 15:00:56,25.67,9.96,8.21,41.435,45.915,0.0,21.06
2020-04-30 16:00:56,22.37333333333333,5.974999999999999,7.775000000000001,45.9,51.29,0.0,15.87
2020-04-30 17:00:56,21.113333333333333,3.775,7.670000000000001,44.275000000000006,48.055,0.0,9.05
2020-04-30 18:00:56,28.916666666666668,3.18,7.465,50.085,54.585,0.0,14.07
2020-04-30 19:00:56,25.076666666666668,2.295,7.474999999999999,53.385,58.294999999999995,0.0,14.14
2020-04-30 20:00:56,34.99,3.095,7.57,73.03999999999999,79.43,0.0,13.61
2020-04-30 21:00:56,40.95,5.77,7.555,74.465,85.59499999999998,0.0,13.13
2020-04-30 22:00:56,42.89,16.29,7.390000000000001,47.895,52.48,0.0,16.16
2020-04-30 23:00:56,31.37,8.525,7.5249999999999995,53.025,60.395,0.0,14.69
2020-05-01 00:00:56,25.43,7.085,7.695,71.54,85.485,0.0,9.97
2020-05-01 01:00:56,26.226666666666667,9.985,7.515000000000001,75.43,98.395,0.0,8.47
2020-05-01 02:00:56,33.71,15.875,7.91,65.19,74.75,0.0,12.37
2020-05-01 03:00:56,39.526666666666664,14.25,7.895,60.330000000000005,69.47500000000001,0.0,13.06
2020-05-01 04:00:56,33.373333333333335,8.185,7.9750000000000005,57.035000000000004,62.875,0.0,12.73
2020-05-01 05:00:56,31.58666666666667,11.089999999999998,7.564999999999999,62.79,70.96,0.0,12.33
2020-05-01 06:00:56,30.166666666666668,11.815,7.544999999999999,57.665,63.14000000000001,0.0,12.87
2020-05-01 07:00:56,35.873333333333335,11.97,7.59,55.225,68.58,0.0,13.25
2020-05-01 08:00:56,35.57333333333334,14.045,7.75,64.66,85.545,0.0,12.5
2020-05-01 09:00:56,30.203333333333333,15.315,7.895,61.580000000000005,69.14999999999999,0.0,15.13
2020-05-01 10:00:56,35.82666666666667,14.604999999999999,8.315,55.300000000000004,62.355,0.0,15.93
2020-05-01 11:00:56,34.47666666666667,8.935,7.8549999999999995,46.685,51.775,0.0,18.09
2020-05-01 12:00:56,25.39,10.705,7.805,65.535,82.64999999999999,0.0,13.34
2020-05-01 13:00:56,19.966666666666665,0.0,7.555,72.61,89.17,0.0,14.06
2020-05-01 14:00:56,25.336666666666666,0.0,7.7799999999999985,69.43,86.21999999999998,0.0,12.07
2020-05-01 15:00:56,18.17,9.3,7.68,77.015,100.81,0.0,12.54
2020-05-01 16:00:56,18.89666666666667,5.565,7.814999999999999,64.81,76.845,0.0,13.93
2020-05-01 17:00:56,18.0,3.8699999999999997,7.855,58.705000000000005,69.265,0.0,13.25
2020-05-01 18:00:56,22.57,5.235,7.62,76.345,100.96499999999999,0.0,9.3
2020-05-01 19:00:56,19.773333333333333,8.0,7.505,84.805,119.175,0.0,11.69
2020-05-01 20:00:56,29.07,0.0,7.515000000000001,79.665,108.2,0.0,11.65
2020-05-01 21:00:56,33.413333333333334,11.87,7.595,77.505,104.575,0.0,10.1
2020-05-01 22:00:56,44.78333333333333,14.305,7.66,93.47500000000001,139.72,0.0,10.49
2020-05-01 23:00:56,47.88,14.550000000000002,7.675,98.11,152.76,0.0,10.54
2020-05-02 00:00:56,58.68666666666667,13.665,7.675,83.83999999999999,162.75,0.0,9.0
2020-05-02 01:00:56,56.17,16.125,7.7749999999999995,74.55,138.64499999999998,0.0,10.8
2020-05-02 02:00:56,51.25,17.935,7.989999999999999,71.875,104.65500000000002,0.0,9.3
2020-05-02 03:00:56,45.8,18.78,7.849999999999999,64.55499999999999,96.69,0.0,8.82
2020-05-02 04:00:56,42.666666666666664,21.905,7.835000000000001,61.95000000000001,86.89999999999999,0.0,9.7
2020-05-02 05:00:56,43.013333333333335,23.705,7.625,57.815,76.055,0.0,8.44
2020-05-02 06:00:56,35.086666666666666,20.935,7.715,54.074999999999996,79.78500000000001,0.0,9.14
2020-05-02 07:00:56,41.71666666666667,16.755,7.585000000000001,56.065,93.58,0.0,9.99
2020-05-02 08:00:56,42.13666666666666,19.63,7.919999999999999,64.155,97.555,0.0,9.34
2020-05-02 09:00:56,41.47666666666667,17.04,8.01,68.655,84.495,0.0,15.05
2020-05-02 10:00:56,41.86,20.115,7.890000000000001,61.72,72.03,0.0,17.71
2020-05-02 11:00:56,39.68333333333334,10.765,8.015,47.38,52.785,0.0,20.6
2020-05-02 12:00:56,36.11,11.875,7.864999999999999,41.43,45.905,0.0,21.96
2020-05-02 13:00:56,24.62,6.315,7.510000000000001,43.34,47.64000000000001,0.0,17.74
2020-05-02 14:00:56,20.80666666666667,0.0,7.754999999999999,38.455,42.93,0.0,19.76
2020-05-02 15:00:56,21.416666666666668,3.125,8.665,40.59,45.14000000000001,0.0,15.08
2020-05-02 16:00:56,21.953333333333333,2.75,8.11,50.84,57.1,0.0,6.89
2020-05-02 17:00:56,29.253333333333334,5.225,8.01,52.54,58.254999999999995,0.0,16.34
2020-05-02 18:00:56,30.21666666666667,6.239999999999999,7.949999999999999,65.85,82.82,0.0,12.25
2020-05-02 19:00:56,23.133333333333333,8.58,7.955000000000001,79.335,96.075,0.0,13.63
2020-05-02 20:00:56,30.423333333333332,11.19,7.984999999999999,86.815,108.105,0.0,13.09
2020-05-02 21:00:56,41.22333333333333,0.0,7.91,90.33,111.755,0.0,12.04
2020-05-02 22:00:56,43.82,0.0,7.8999999999999995,84.485,100.11500000000001,0.0,11.65
2020-05-02 23:00:56,43.656666666666666,0.0,7.995,85.40500000000002,130.02499999999998,0.0,10.93
2020-05-03 00:00:56,39.71666666666667,0.0,7.949999999999999,85.995,127.495,0.0,10.13
2020-05-03 01:00:56,38.096666666666664,0.0,7.760000000000001,74.53500000000001,123.515,0.0,9.06
2020-05-03 02:00:56,36.31333333333333,26.34,7.794999999999999,68.665,105.21499999999999,0.0,10.14
2020-05-03 03:00:56,47.14,22.785,7.785,69.63,102.65500000000002,0.0,9.66
2020-05-03 04:00:56,33.17666666666666,21.275,7.579999999999999,65.32000000000001,78.125,0.0,11.18
2020-05-03 05:00:56,32.07333333333334,20.1,7.0249999999999995,62.91499999999999,79.455,0.0,9.28
2020-05-03 06:00:56,37.29333333333334,11.515,7.129999999999999,62.330000000000005,75.39999999999999,0.0,8.92
2020-05-03 07:00:56,30.733333333333334,13.699999999999998,7.055,65.325,87.52,0.0,9.57
2020-05-03 08:00:56,47.27333333333333,17.58,7.344999999999999,69.71,92.705,0.0,11.04
2020-05-03 09:00:56,44.63666666666666,0.0,7.460000000000001,67.855,83.97,0.0,14.24
2020-05-03 10:00:56,47.00666666666666,12.270000000000001,7.28,61.20000000000001,71.415,0.0,16.25
2020-05-03 11:00:56,34.41,7.585,7.080000000000001,50.635,57.595,0.0,17.5
2020-05-03 12:00:56,23.560000000000002,0.0,7.18,46.585,51.72,0.0,15.07
2020-05-03 13:00:56,18.856666666666666,7.400000000000001,7.215,44.06,48.785,0.0,14.89
2020-05-03 14:00:56,25.84,0.0,7.625,48.525000000000006,53.5,0.0,11.78
2020-05-03 15:00:56,27.49666666666667,0.0,7.800000000000001,55.85999999999999,66.745,0.0,11.5
2020-05-03 16:00:56,24.486666666666668,7.175,7.685,62.919999999999995,75.23,0.0,11.89
2020-05-03 17:00:56,19.33,4.38,7.699999999999999,52.605,60.47,0.0,13.37
2020-05-03 18:00:56,18.04,3.645,7.609999999999999,39.050000000000004,43.715,0.0,18.21
2020-05-03 19:00:56,15.976666666666667,0.0,7.169999999999999,54.63,66.25999999999999,0.0,11.91
2020-05-03 20:00:56,15.809999999999999,8.565,7.34,71.125,104.72499999999998,0.0,10.04
2020-05-03 21:00:56,17.42,13.479999999999999,7.385000000000001,72.83,96.13499999999999,0.0,10.74
2020-05-03 22:00:56,12.816666666666666,0.0,7.465,69.22,80.165,0.0,14.85
2020-05-03 23:00:56,25.9,5.785,7.405000000000001,72.58,87.645,0.0,13.17
2020-05-04 00:00:56,23.8,5.46,7.484999999999999,75.58999999999999,101.935,0.0,9.97
2020-05-04 01:00:56,15.843333333333334,0.0,7.27,65.85000000000001,77.765,0.0,13.12
2020-05-04 02:00:56,21.95666666666667,6.43,7.505,53.28,61.824999999999996,0.0,14.31
2020-05-04 03:00:56,12.35,0.0,7.405,51.36500000000001,58.685,0.0,13.82
2020-05-04 04:00:56,16.87,0.0,7.210000000000001,50.26500000000001,55.56,0.0,14.02
2020-05-04 05:00:56,17.776666666666667,0.0,7.22,47.425000000000004,56.46,0.0,11.95
2020-05-04 06:00:56,17.826666666666668,3.11,7.420000000000001,57.25,74.10000000000001,0.0,10.56
2020-05-04 07:00:56,31.14,12.57,7.455000000000001,61.120000000000005,83.16000000000001,0.0,11.23
2020-05-04 08:00:56,27.903333333333332,0.0,7.535,66.275,97.33,0.0,10.61
2020-05-04 09:00:56,28.636666666666667,8.205,7.73,58.495000000000005,72.37,0.0,15.55
2020-05-04 10:00:56,19.79,7.239999999999999,7.57,49.580000000000005,57.870000000000005,0.0,16.23
2020-05-04 11:00:56,18.19333333333333,8.1,7.59,45.79,51.925000000000004,0.0,15.95
2020-05-04 12:00:56,15.89,4.81,8.475,50.79999999999999,56.88499999999999,0.0,16.18
2020-05-04 13:00:56,25.693333333333335,2.7449999999999997,7.81,45.794999999999995,52.76500000000001,0.0,16.51
2020-05-04 14:00:56,9.846666666666668,2.215,7.460000000000001,39.885,44.745000000000005,0.0,14.81
2020-05-04 15:00:56,17.34,2.05,7.56,58.300000000000004,69.48,0.0,10.38
2020-05-04 16:00:56,16.423333333333332,1.3500000000000003,7.73,57.305,66.555,0.0,10.27
2020-05-04 17:00:56,14.183333333333334,1.7749999999999997,7.605,42.53,48.254999999999995,0.0,8.76
2020-05-04 18:00:56,14.103333333333333,3.215,7.745,41.765,46.330000000000005,0.0,8.54
2020-05-04 19:00:56,16.553333333333335,3.145,7.564999999999999,56.04,61.805,0.0,5.75
2020-05-04 20:00:56,23.23,0.0,7.414999999999999,73.535,90.075,0.0,6.03
2020-05-04 21:00:56,24.866666666666667,8.885,7.59,79.445,104.415,0.0,9.57
2020-05-04 22:00:56,42.25666666666667,13.99,7.59,96.34499999999998,159.81,0.0,6.44
2020-05-04 23:00:56,59.74666666666667,23.915000000000003,7.57,87.195,165.915,0.0,9.08
2020-05-05 00:00:56,63.89,23.855,7.789999999999999,73.97,147.72,0.0,7.8
2020-05-05 01:00:56,66.58333333333333,25.365,8.185,72.195,139.51,0.0,8.42
2020-05-05 02:00:56,55.67,21.465,8.174999999999999,70.12,133.92499999999998,0.0,8.2
2020-05-05 03:00:56,54.266666666666666,26.33,8.07,73.335,115.82000000000001,0.0,9.02
2020-05-05 04:00:56,51.50666666666666,19.06,8.125,69.47,102.71999999999998,0.0,8.82
2020-05-05 05:00:56,45.42,16.77,7.53,69.875,85.2,0.0,9.95
2020-05-05 06:00:56,38.480000000000004,16.195,7.385000000000001,65.745,110.21499999999999,0.0,7.69
2020-05-05 07:00:56,36.25666666666667,13.39,7.73,65.405,115.555,0.0,9.66
2020-05-05 08:00:56,45.07,8.675,7.800000000000001,70.235,113.36000000000001,0.0,9.08
2020-05-05 09:00:56,39.17333333333333,21.005,7.765000000000001,71.505,93.75,0.0,12.12
2020-05-05 10:00:56,41.086666666666666,13.31,7.609999999999999,57.455000000000005,68.165,0.0,15.67
2020-05-05 11:00:56,25.076666666666668,10.065,7.3500000000000005,52.71,60.76000000000001,0.0,15.0
2020-05-05 12:00:56,22.7,7.614999999999999,3.4500000000000006,52.544999999999995,58.885,0.0,13.6
2020-05-05 13:00:56,17.96333333333333,4.465,4.085,0.0,0.0,0.0,12.67
2020-05-05 14:00:56,21.296666666666667,2.97,6.94,37.56,41.65,0.0,12.32
2020-05-05 15:00:56,15.286666666666667,4.32,7.0249999999999995,34.59,39.34,0.0,9.09
2020-05-05 16:00:56,16.45,2.555,7.535,58.81,71.91,0.0,8.1
2020-05-05 17:00:56,19.183333333333334,1.55,7.2299999999999995,53.85999999999999,63.845,0.0,7.39
2020-05-05 18:00:56,15.866666666666667,3.28,7.359999999999999,57.46,68.69,0.0,5.99
2020-05-05 19:00:56,20.48,2.975,7.359999999999999,55.53,63.5,0.0,7.55
2020-05-05 20:00:56,22.94,6.39,6.88,50.824999999999996,56.53,0.0,11.51
2020-05-05 21:00:56,28.6,10.275,6.98,60.47,78.485,0.0,11.28
2020-05-05 22:00:56,25.776666666666664,10.625,7.12,61.475,75.085,0.0,10.57
2020-05-05 23:00:56,21.846666666666664,10.949999999999998,7.0950000000000015,59.080000000000005,66.47500000000001,0.0,11.73
2020-05-06 00:00:56,22.64,6.755,6.97,58.06,72.605,0.0,11.92
2020-05-06 01:00:56,22.186666666666667,8.14,6.835000000000001,54.044999999999995,61.48499999999999,0.0,11.67
2020-05-06 02:00:56,26.076666666666668,11.51,6.995,57.355,63.855,0.0,10.6
2020-05-06 03:00:56,22.256666666666668,0.0,6.905,43.324999999999996,48.48499999999999,0.0,14.3
2020-05-06 04:00:56,13.436666666666667,0.0,3.8699999999999997,41.235,46.98499999999999,0.0,14.79
2020-05-06 05:00:56,10.076666666666666,5.415,3.49,43.395,49.17499999999999,0.0,11.16
2020-05-06 06:00:56,8.663333333333334,4.665,3.5549999999999997,46.5,58.305,0.0,11.25
2020-05-06 07:00:56,10.266666666666667,9.23,3.5750000000000006,49.74,66.19,0.0,8.94
2020-05-06 08:00:56,13.156666666666666,7.945,3.8200000000000003,50.99,61.72,0.0,12.66
2020-05-06 09:00:56,15.723333333333334,4.895,3.705,58.050000000000004,70.185,0.0,12.14
2020-05-06 10:00:56,15.136666666666667,4.945,3.295,47.835,55.355,0.0,13.36
2020-05-06 11:00:56,12.620000000000001,3.23,3.4150000000000005,43.98,51.39000000000001,0.0,13.9
2020-05-06 12:00:56,8.246666666666666,2.27,3.2999999999999994,48.6,55.115,0.0,13.16
2020-05-06 13:00:56,6.550000000000001,0.0,3.35,39.27,44.02,0.0,12.98
2020-05-06 14:00:56,6.3966666666666665,2.775,3.4299999999999997,39.52,44.26,0.0,9.75
2020-05-06 15:00:56,5.0633333333333335,0.0,3.315,39.68,44.395,0.0,9.17
2020-05-06 16:00:56,6.003333333333334,0.0,3.4249999999999994,38.61,42.645,0.0,6.68
2020-05-06 17:00:56,6.116666666666667,1.6900000000000002,3.8250000000000006,38.35,42.28,0.0,7.59
2020-05-06 18:00:56,6.826666666666667,3.455,3.565,44.580000000000005,50.465,0.0,6.38
2020-05-06 19:00:56,6.210000000000001,2.46,3.6950000000000003,69.74,87.92,0.0,3.59
2020-05-06 20:00:56,12.633333333333333,3.33,3.705,81.795,103.5,0.0,4.01
2020-05-06 21:00:56,22.863333333333333,3.9500000000000006,4.02,82.82499999999999,101.04,0.0,4.53
2020-05-06 22:00:56,28.976666666666667,6.585,4.02,76.78,90.705,0.0,5.93
2020-05-06 23:00:56,26.1,9.66,3.9949999999999997,76.03,87.015,0.0,9.73
2020-05-07 00:00:56,27.773333333333333,14.32,3.9150000000000005,69.06,80.78,0.0,8.8
2020-05-07 01:00:56,29.93,10.06,3.725,71.58,105.495,0.0,8.62
2020-05-07 02:00:56,32.583333333333336,11.155,3.91,68.625,103.135,0.0,8.76
2020-05-07 03:00:56,26.73,16.2,3.865,65.455,100.13499999999999,0.0,8.01
2020-05-07 04:00:56,28.263333333333332,15.445,3.94,66.915,95.915,0.0,9.11
2020-05-07 05:00:56,24.29,17.33,4.545,62.04999999999999,88.055,0.0,9.68
2020-05-07 06:00:56,24.35,15.37,5.145,59.49,90.16000000000001,0.0,8.07
2020-05-07 07:00:56,28.24,9.585,5.315,65.37,95.41000000000001,0.0,9.96
2020-05-07 08:00:56,22.60666666666667,10.995,5.359999999999999,69.055,107.935,0.0,10.31
2020-05-07 09:00:56,24.85333333333333,9.51,5.510000000000001,86.71499999999999,141.11,0.0,9.31
2020-05-07 10:00:56,25.60333333333333,14.21,5.489999999999999,74.21,97.79,0.0,14.47
2020-05-07 11:00:56,27.023333333333333,9.23,4.91,35.52,41.72,0.0,19.08
2020-05-07 12:00:56,18.643333333333334,6.57,4.88,30.865,35.0,0.0,16.23
2020-05-07 13:00:56,13.756666666666668,3.7449999999999997,5.295,33.574999999999996,37.745,0.0,15.2
2020-05-07 14:00:56,20.046666666666667,6.52,5.13,34.46,38.84,0.0,9.82
2020-05-07 15:00:56,27.653333333333336,8.895,4.695,39.44,44.07,0.0,12.31
2020-05-07 16:00:56,20.753333333333334,0.0,4.99,43.065,47.915,0.0,14.5
2020-05-07 17:00:56,20.996666666666666,6.724999999999999,5.22,35.39,39.395,0.0,15.86
2020-05-07 18:00:56,24.886666666666667,4.105,5.15,38.415,42.235,0.0,16.74
2020-05-07 19:00:56,26.14666666666667,6.405,5.09,46.125,51.165,0.0,14.51
2020-05-07 20:00:56,24.51666666666667,0.0,5.145,48.97,53.51500000000001,0.0,13.83
2020-05-07 21:00:56,24.773333333333333,11.44,5.21,40.18,44.085,0.0,14.86
2020-05-07 22:00:56,17.939999999999998,7.82,5.17,40.6,46.975,0.0,13.54
2020-05-07 23:00:56,16.993333333333336,5.88,5.025,46.27,54.52,0.0,12.67
2020-05-08 00:00:56,19.226666666666667,8.305,4.955,48.085,59.98,0.0,13.28
2020-05-08 01:00:56,14.573333333333334,5.03,5.08,43.025000000000006,51.805,0.0,13.16
2020-05-08 02:00:56,15.09,8.895,5.375,40.36,48.35999999999999,0.0,13.82
2020-05-08 03:00:56,13.3,5.14,5.405000000000001,37.620000000000005,44.195,0.0,14.41
2020-05-08 04:00:56,12.17,2.785,5.400000000000001,29.51,33.615,0.0,15.61
2020-05-08 05:00:56,12.656666666666666,1.795,4.205,33.17,38.544999999999995,0.0,13.87
2020-05-08 06:00:56,10.716666666666667,2.385,3.615,31.584999999999997,37.699999999999996,0.0,14.79
2020-05-08 07:00:56,9.886666666666667,0.0,3.74,29.975000000000005,35.28,0.0,15.36
2020-05-08 08:00:56,13.413333333333332,0.0,3.7650000000000006,40.005,46.82,0.0,15.0
2020-05-08 09:00:56,16.10333333333333,5.59,3.725,38.435,44.72,0.0,16.36
2020-05-08 10:00:56,16.993333333333332,4.09,3.6050000000000004,39.41,45.26,0.0,15.59
2020-05-08 11:00:56,13.626666666666665,2.725,3.6950000000000003,37.095,42.305,0.0,16.78
2020-05-08 12:00:56,15.046666666666667,2.185,3.6300000000000003,45.135,52.745000000000005,0.0,15.64
2020-05-08 13:00:56,13.776666666666667,1.9799999999999998,3.595,46.19,53.01499999999999,0.0,14.91
2020-05-08 14:00:56,6.926666666666667,0.0,3.6400000000000006,54.435,64.63499999999999,0.0,9.39
2020-05-08 15:00:56,9.503333333333332,0.0,3.6300000000000003,59.0,71.345,0.0,5.21
2020-05-08 16:00:56,15.876666666666667,4.155,3.8049999999999997,58.16499999999999,67.42,0.0,3.45
2020-05-08 17:00:56,13.583333333333334,2.715,3.81,66.88499999999999,82.59,0.0,4.61
2020-05-08 18:00:56,14.413333333333334,1.61,3.85,70.065,88.77500000000002,0.0,6.0
2020-05-08 19:00:56,15.043333333333335,2.7000000000000006,3.94,61.09,69.805,0.0,10.93
2020-05-08 20:00:56,24.32,6.56,3.9849999999999994,54.41,62.910000000000004,0.0,12.79
2020-05-08 21:00:56,30.616666666666664,6.075,3.8049999999999997,41.635,46.830000000000005,0.0,16.02
2020-05-08 22:00:56,30.393333333333334,8.995,3.83,41.745000000000005,47.23500000000001,0.0,15.15
2020-05-08 23:00:56,33.126666666666665,7.46,3.6449999999999996,40.16,45.845,0.0,14.36
2020-05-09 00:00:56,21.796666666666667,8.145,3.5400000000000005,39.35,45.22,0.0,15.15
2020-05-09 01:00:56,19.426666666666666,5.195,3.4500000000000006,45.555,55.155,0.0,13.49
2020-05-09 02:00:56,12.056666666666668,4.415,3.435,35.405,40.805,0.0,15.31
2020-05-09 03:00:56,7.346666666666667,2.6749999999999994,3.49,30.24,34.035,0.0,15.09
2020-05-09 04:00:56,10.0,1.825,3.5849999999999995,34.745000000000005,41.165,0.0,14.31
2020-05-09 05:00:56,10.973333333333334,0.0,3.5549999999999997,30.855,34.655,0.0,15.59
2020-05-09 06:00:56,12.780000000000001,0.0,3.75,40.685,49.52,0.0,13.38
2020-05-09 07:00:56,12.416666666666666,0.0,3.72,52.419999999999995,65.09,0.0,12.27
2020-05-09 08:00:56,15.873333333333335,0.0,3.905,55.01500000000001,77.805,0.0,12.4
2020-05-09 09:00:56,18.923333333333336,6.38,3.865,51.205000000000005,60.17499999999999,0.0,12.15
2020-05-09 10:00:56,26.68,7.035,3.83,55.44,65.63,0.0,14.29
2020-05-09 11:00:56,24.203333333333333,11.28,3.67,60.435,73.455,0.0,13.29
2020-05-09 12:00:56,20.37666666666667,6.575,3.6950000000000003,53.405,61.92499999999999,0.0,13.47
2020-05-09 13:00:56,17.97,3.67,3.7349999999999994,56.910000000000004,65.74,0.0,14.16
2020-05-09 14:00:56,22.39666666666667,5.005,3.885,60.335,71.4,0.0,10.62
2020-05-09 15:00:56,23.89,2.965,3.965,52.72,59.22,0.0,11.85
2020-05-09 16:00:56,17.24,0.0,3.9249999999999994,61.25,72.99000000000001,0.0,3.98
2020-05-09 17:00:56,14.886666666666667,3.475,4.005,65.75,83.03999999999999,0.0,0.0
2020-05-09 18:00:56,13.386666666666667,3.805,3.9,71.47,85.415,0.0,0.32
2020-05-09 19:00:56,19.74,4.445,3.815,63.31,73.32000000000001,0.0,4.42
2020-05-09 20:00:56,23.8,3.135,3.965,53.48499999999999,60.52,0.0,10.81
2020-05-09 21:00:56,27.79,9.935,4.065,36.71,40.975,0.0,16.75
2020-05-09 22:00:56,25.49666666666667,6.400000000000001,4.11,44.01500000000001,50.44,0.0,15.15
2020-05-09 23:00:56,28.05333333333333,6.345,3.99,56.135,70.80499999999999,0.0,12.36
2020-05-10 00:00:56,28.03333333333333,4.37,3.99,63.830000000000005,79.76,0.0,12.39
2020-05-10 01:00:56,26.47666666666667,3.595,4.01,66.245,84.465,0.0,11.26
2020-05-10 02:00:56,16.496666666666666,0.0,3.9949999999999997,58.535,69.67,0.0,12.07
2020-05-10 03:00:56,22.2,8.605,3.72,64.89999999999999,75.855,0.0,11.36
2020-05-10 04:00:56,26.303333333333335,11.38,3.6799999999999997,56.60999999999999,66.81,0.0,11.3
2020-05-10 05:00:56,26.536666666666665,9.895,3.3250000000000006,54.965,64.405,0.0,10.32
2020-05-10 06:00:56,28.523333333333333,10.56,3.15,51.370000000000005,58.67499999999999,0.0,10.77
2020-05-10 07:00:56,28.33,14.910000000000002,3.045,48.54,63.73499999999999,0.0,9.9
2020-05-10 08:00:56,32.02,19.66,3.1799999999999997,54.06999999999999,65.605,0.0,12.42
2020-05-10 09:00:56,35.15,10.095,3.2650000000000006,46.31,53.400000000000006,0.0,15.11
2020-05-10 10:00:56,27.693333333333335,7.19,3.375,39.050000000000004,43.715,0.0,16.94
2020-05-10 11:00:56,21.91,10.05,3.385,38.2,42.36,0.0,15.89
2020-05-10 12:00:56,13.53,5.739999999999999,3.4800000000000004,40.33,45.330000000000005,0.0,16.69
2020-05-10 13:00:56,14.226666666666667,0.0,3.5549999999999997,38.5,43.43,0.0,15.94
2020-05-10 14:00:56,12.006666666666668,5.57,3.76,37.155,40.870000000000005,0.0,11.38
2020-05-10 15:00:56,10.803333333333333,2.935,4.015,37.385,41.64,0.0,5.58
2020-05-10 16:00:56,13.3,3.0499999999999994,4.025,35.86,39.949999999999996,0.0,9.79
2020-05-10 17:00:56,12.48,0.0,4.14,36.775,41.095,0.0,18.12
2020-05-10 18:00:56,11.56,2.9500000000000006,3.9500000000000006,37.550000000000004,41.620000000000005,0.0,17.68
2020-05-10 19:00:56,12.143333333333333,3.16,4.16,42.955000000000005,48.0,0.0,9.72
2020-05-10 20:00:56,18.14333333333333,4.075,4.245,54.449999999999996,60.60999999999999,0.0,5.9
2020-05-10 21:00:56,29.196666666666665,3.78,4.28,62.050000000000004,70.66499999999999,0.0,3.33
2020-05-10 22:00:56,36.99666666666667,13.415,4.275,60.775,67.89,0.0,6.01
2020-05-10 23:00:56,40.553333333333335,7.785,4.32,57.04,64.675,0.0,11.05
2020-05-11 00:00:56,34.63,9.065,4.73,71.85,82.43,0.0,10.72
2020-05-11 01:00:56,32.75666666666667,9.905,4.405,76.91,86.555,0.0,12.51
2020-05-11 02:00:56,37.153333333333336,15.99,4.13,70.215,77.80000000000001,0.0,11.07
2020-05-11 03:00:56,35.75666666666667,11.4,4.01,61.044999999999995,69.42,0.0,13.21
2020-05-11 04:00:56,37.67,13.945,3.97,59.94,66.61500000000001,0.0,12.95
2020-05-11 05:00:56,40.43666666666667,17.925,3.7000000000000006,52.665,60.905,0.0,13.03
2020-05-11 06:00:56,36.6,12.785000000000002,3.8699999999999997,54.550000000000004,66.845,0.0,10.77
2020-05-11 07:00:56,27.873333333333335,15.385,4.1,55.28,69.98,0.0,11.62
2020-05-11 08:00:56,25.243333333333332,0.0,4.41,60.815,74.71,0.0,12.55
2020-05-11 09:00:56,38.17,19.72,4.02,69.17,81.69999999999999,0.0,12.7
2020-05-11 10:00:56,38.14666666666667,11.24,3.775,65.60000000000001,72.82499999999999,0.0,14.41
2020-05-11 11:00:56,40.870000000000005,11.31,3.76,56.580000000000005,62.645,0.0,16.14
2020-05-11 12:00:56,28.92,10.39,4.04,50.165,55.25,0.0,14.21
2020-05-11 13:00:56,30.473333333333333,5.48,4.395,45.12,48.955000000000005,0.0,13.64
2020-05-11 14:00:56,24.013333333333332,3.6300000000000003,4.68,42.755,46.61000000000001,0.0,8.85
2020-05-11 15:00:56,17.97,0.0,4.545,39.41,43.5,0.0,11.42
2020-05-11 16:00:56,20.486666666666668,5.364999999999999,4.42,40.375,44.294999999999995,0.0,16.3
2020-05-11 17:00:56,17.419999999999998,3.09,4.305,43.78,48.23,0.0,13.13
2020-05-11 18:00:56,16.65,1.7749999999999997,4.32,53.504999999999995,60.1,0.0,14.69
2020-05-11 19:00:56,23.28,1.93,4.29,68.51,77.88,0.0,0.0
2020-05-11 20:00:56,28.326666666666668,3.36,4.285,83.77499999999999,95.28000000000002,0.0,7.09
2020-05-11 21:00:56,47.35,2.97,4.615,91.39,109.545,0.0,10.34
2020-05-11 22:00:56,60.84,10.315,4.725,88.19,119.90500000000002,0.0,0.35
2020-05-11 23:00:56,68.33333333333334,20.02,4.855,83.915,131.235,0.0,0.87
2020-05-12 00:00:56,75.32666666666667,21.429999999999996,4.785,76.945,136.84,0.0,7.06
2020-05-12 01:00:56,71.34666666666666,26.925,5.225,77.98,151.605,0.0,5.31
2020-05-12 02:00:56,73.6,25.415000000000003,4.81,78.585,137.59,0.0,4.66
2020-05-12 03:00:56,68.93666666666667,20.695,4.835,79.42,132.77,0.0,5.99
2020-05-12 04:00:56,66.14333333333333,32.895,4.715,78.355,103.205,0.0,6.26
2020-05-12 05:00:56,56.46666666666667,23.295,4.08,68.28,108.33999999999999,0.0,8.31
2020-05-12 06:00:56,46.43333333333334,24.76,4.0,66.94,114.60000000000001,0.0,8.5
2020-05-12 07:00:56,52.17333333333333,17.025,4.61,70.97500000000001,108.58,0.0,9.23
2020-05-12 08:00:56,48.26333333333333,0.0,6.02,85.08,121.96499999999999,0.0,8.12
2020-05-12 09:00:56,62.63333333333333,16.785,4.76,86.625,102.15000000000002,0.0,11.03
2020-05-12 10:00:56,61.59,9.135,4.19,76.46499999999999,87.795,0.0,12.16
2020-05-12 11:00:56,49.8,9.87,3.9249999999999994,53.349999999999994,59.24000000000001,0.0,16.55
2020-05-12 12:00:56,35.28666666666667,6.535,4.255,46.25,50.285000000000004,0.0,14.19
2020-05-12 13:00:56,30.953333333333333,4.475,4.63,39.525,43.51,0.0,14.54
2020-05-12 14:00:56,30.97,7.335,5.085,37.345,41.335,0.0,8.16
2020-05-12 15:00:56,31.76,4.425,5.145,40.25,43.895,0.0,1.96
2020-05-12 16:00:56,34.166666666666664,2.545,4.725,39.58,43.23499999999999,0.0,2.25
2020-05-12 17:00:56,26.540000000000003,2.265,4.445,39.87,43.87,0.0,14.94
2020-05-12 18:00:56,43.57333333333333,2.11,4.555,39.28,43.10999999999999,0.0,5.74
2020-05-12 19:00:56,50.63666666666667,2.49,4.75,43.53,47.5,0.0,3.26
2020-05-12 20:00:56,53.053333333333335,9.365,6.55,49.794999999999995,54.13,0.0,8.75
2020-05-12 21:00:56,52.95333333333333,5.22,4.92,51.28,55.785,0.0,0.0
2020-05-12 22:00:56,61.339999999999996,7.38,6.05,65.13499999999999,73.44999999999999,0.0,1.68
2020-05-12 23:00:56,73.36333333333333,10.165,4.905,94.97500000000001,116.04,0.0,0.0
2020-05-13 00:00:56,83.31333333333333,17.02,4.885,105.32,137.745,0.0,1.95
2020-05-13 01:00:56,83.35666666666667,12.520000000000001,4.96,91.14999999999999,105.10000000000001,0.0,6.75
2020-05-13 02:00:56,89.21,12.050000000000002,4.775,99.74000000000001,116.2,0.0,2.36
2020-05-13 03:00:56,84.18666666666667,9.0,4.6,90.005,105.09999999999998,0.0,8.62
2020-05-13 04:00:56,74.60333333333334,8.045,4.6,83.905,98.83999999999999,0.0,2.32
2020-05-13 05:00:56,77.05,12.665,4.86,77.065,93.38,0.0,3.66
2020-05-13 06:00:56,67.53,14.695,5.055,66.61,80.125,0.0,2.47
2020-05-13 07:00:56,55.89,10.345,5.3,76.27,94.325,0.0,3.38
2020-05-13 08:00:56,68.30333333333333,7.745,6.330000000000001,86.045,110.39999999999999,0.0,8.1
2020-05-13 09:00:56,71.94,8.445,5.16,85.92,98.705,0.0,8.53
2020-05-13 10:00:56,68.37666666666667,7.724999999999999,5.025,76.81,84.26,0.0,8.25
2020-05-13 11:00:56,62.06333333333333,8.755,4.97,62.89000000000001,67.565,0.0,7.23
2020-05-13 12:00:56,52.38333333333333,6.0,5.26,60.905,66.325,0.0,8.38
2020-05-13 13:00:56,51.32666666666666,6.665,5.38,55.400000000000006,60.23499999999999,0.0,8.45
2020-05-13 14:00:56,51.79666666666667,3.58,5.255,50.605,55.19499999999999,0.0,8.18
2020-05-13 15:00:56,34.45,2.65,8.26,53.535,59.51,0.0,5.64
2020-05-13 16:00:56,26.15,2.8349999999999995,8.504999999999999,54.75,60.375,0.0,6.77
2020-05-13 17:00:56,33.980000000000004,3.235,8.604999999999999,55.18000000000001,60.445,0.0,7.22
2020-05-13 18:00:56,64.59666666666666,5.655,8.665,50.080000000000005,54.669999999999995,0.0,8.43
2020-05-13 19:00:56,80.16,10.675000000000002,8.625,45.044999999999995,49.635,0.0,2.85
2020-05-13 20:00:56,92.96333333333334,12.160000000000002,8.395,39.985,44.13,0.0,7.97
2020-05-13 21:00:56,89.35333333333334,13.125,8.405,34.945,39.169999999999995,0.0,12.44
2020-05-13 22:00:56,76.92666666666666,10.265,8.27,35.79,40.595,0.0,6.91
2020-05-13 23:00:56,60.06999999999999,8.42,8.14,39.66,44.555,0.0,8.12
2020-05-14 00:00:56,47.81666666666666,5.015,8.07,44.23,50.41,0.0,8.02
2020-05-14 01:00:56,44.486666666666665,10.55,7.965,46.115,51.645,0.0,13.93
2020-05-14 02:00:56,36.25666666666667,7.125,8.315,52.805,59.385,0.0,10.04
2020-05-14 03:00:56,41.38666666666666,10.195,8.255,47.074999999999996,51.835,0.0,10.15
2020-05-14 04:00:56,37.1,6.665,8.695,57.225,63.105,0.0,8.31
2020-05-14 05:00:56,54.373333333333335,19.38,8.015,45.915,51.115,0.0,9.75
2020-05-14 06:00:56,69.17,23.295,8.49,47.005,54.620000000000005,0.0,7.73
2020-05-14 07:00:56,59.25,16.29,9.51,52.004999999999995,63.455000000000005,0.0,8.8
2020-05-14 08:00:56,63.94333333333333,20.405,11.290000000000001,56.505,66.135,0.0,9.22
2020-05-14 09:00:56,62.86,15.339999999999998,8.805,58.495000000000005,65.355,0.0,11.96
2020-05-14 10:00:56,58.873333333333335,11.160000000000002,8.115,58.01500000000001,64.22,0.0,12.15
2020-05-14 11:00:56,48.553333333333335,11.07,7.960000000000001,50.055,54.72,0.0,12.62
2020-05-14 12:00:56,45.413333333333334,5.985,8.275,46.830000000000005,51.48499999999999,0.0,12.59
2020-05-14 13:00:56,30.430000000000003,3.4949999999999997,8.63,42.550000000000004,47.370000000000005,0.0,13.02
2020-05-14 14:00:56,30.706666666666667,2.7550000000000003,9.14,48.94,53.754999999999995,0.0,16.71
2020-05-14 15:00:56,29.286666666666665,1.665,9.52,48.39000000000001,52.565,0.0,15.19
2020-05-14 16:00:56,25.89333333333333,3.39,9.37,42.73,46.650000000000006,0.0,18.32
2020-05-14 17:00:56,35.266666666666666,7.95,8.82,40.61,44.065,0.0,19.95
2020-05-14 18:00:56,37.3,4.8,8.535,45.89000000000001,50.48500000000001,0.0,19.28
2020-05-14 19:00:56,29.153333333333332,7.099999999999999,8.5,52.16,56.49,0.0,15.33
2020-05-14 20:00:56,38.156666666666666,4.985,8.41,62.205000000000005,67.755,0.0,12.4
2020-05-14 21:00:56,52.85,5.715,8.64,85.88,97.03000000000002,0.0,7.4
2020-05-14 22:00:56,75.35333333333334,14.775,10.845,89.09499999999998,101.41000000000001,0.0,7.19
2020-05-14 23:00:56,83.87,11.99,11.145000000000001,89.0,115.80499999999999,0.0,12.09
2020-05-15 00:00:56,85.99666666666667,16.835,11.204999999999998,96.27499999999999,119.13499999999999,0.0,12.42
2020-05-15 01:00:56,90.58333333333333,15.18,9.185,95.33,115.92,0.0,1.32
2020-05-15 02:00:56,96.68666666666667,19.39,9.27,94.77499999999999,118.66000000000001,0.0,1.58
2020-05-15 03:00:56,90.82666666666667,18.06,8.805,88.61,116.66000000000001,0.0,0.0
2020-05-15 04:00:56,81.8,17.64,9.25,85.92,110.34499999999998,0.0,0.0
2020-05-15 05:00:56,81.88333333333333,24.540000000000003,8.745,79.075,90.34499999999998,0.0,0.59
2020-05-15 06:00:56,68.99,21.72,8.825,75.455,93.755,0.0,3.58
2020-05-15 07:00:56,72.98666666666666,27.935,9.450000000000001,72.015,88.005,0.0,5.85
2020-05-15 08:00:56,75.99333333333334,29.41,9.735,77.53,97.60000000000001,0.0,7.8
2020-05-15 09:00:56,74.8,22.595,9.07,82.805,100.575,0.0,4.76
2020-05-15 10:00:56,80.77333333333334,20.615,8.280000000000001,80.36000000000001,91.855,0.0,3.84
2020-05-15 11:00:56,65.86666666666666,13.32,8.08,64.735,70.34,0.0,7.55
2020-05-15 12:00:56,46.14333333333333,7.205000000000001,8.38,54.435,58.625,0.0,18.51
2020-05-15 13:00:56,46.25666666666667,5.474999999999999,9.26,56.81999999999999,61.865,0.0,21.79
2020-05-15 14:00:56,29.85,10.895000000000001,6.575,56.629999999999995,61.54,0.0,19.16
2020-05-15 15:00:56,29.75,6.035,7.19,57.815,63.02,0.0,15.9
2020-05-15 16:00:56,30.50333333333333,3.39,8.095,60.24,65.395,0.0,15.43
2020-05-15 17:00:56,33.083333333333336,2.58,8.53,62.555,69.15,0.0,11.25
2020-05-15 18:00:56,38.49,5.38,8.465,61.615,67.75,0.0,9.82
2020-05-15 19:00:56,34.56333333333333,9.93,8.42,68.0,74.225,0.0,17.17
2020-05-15 20:00:56,37.3,7.46,8.545,84.685,100.645,0.0,6.83
2020-05-15 21:00:56,52.03999999999999,18.8,8.295,100.14999999999999,124.41000000000001,0.0,8.42
2020-05-15 22:00:56,69.56666666666666,15.56,8.13,113.81,153.375,0.0,7.87
2020-05-15 23:00:56,77.77333333333334,14.725,8.99,105.25,140.89000000000001,0.0,6.34
2020-05-16 00:00:56,76.20666666666666,13.97,9.71,118.43,159.5,0.0,5.99
2020-05-16 01:00:56,82.58,10.12,7.815,107.07,154.985,0.0,8.52
2020-05-16 02:00:56,79.43666666666667,8.915,8.87,104.255,160.65,0.0,6.76
2020-05-16 03:00:56,82.7,14.699999999999998,8.35,103.42,139.09,0.0,0.81
2020-05-16 04:00:56,78.74333333333334,20.01,7.805,97.36,139.96,0.0,9.09
2020-05-16 05:00:56,82.86333333333334,15.57,6.965,94.945,127.44,0.0,4.16
2020-05-16 06:00:56,75.67,16.27,6.05,90.26,127.81,0.0,2.97
2020-05-16 07:00:56,77.47333333333333,18.995,7.135000000000001,89.27499999999999,130.185,0.0,3.78
2020-05-16 08:00:56,80.63333333333334,26.959999999999997,6.364999999999999,100.945,139.24,0.0,3.91
2020-05-16 09:00:56,74.64666666666666,22.55,6.09,92.08,109.24,0.0,8.64
2020-05-16 10:00:56,66.26,13.29,5.359999999999999,79.845,91.865,0.0,12.22
2020-05-16 11:00:56,58.94333333333333,11.4,6.265000000000001,73.085,81.015,0.0,19.06
2020-05-16 12:00:56,61.57,10.195,4.76,61.73,66.55000000000001,0.0,22.21
2020-05-16 13:00:56,63.74666666666667,6.555,4.31,43.620000000000005,47.330000000000005,0.0,22.92
2020-05-16 14:00:56,81.54333333333334,6.81,4.395,44.815,48.63999999999999,0.0,16.76
2020-05-16 15:00:56,81.41000000000001,12.705,4.235,45.04999999999999,49.09,0.0,13.75
2020-05-16 16:00:56,76.8,7.669999999999999,4.2,47.379999999999995,52.01,0.0,13.56
2020-05-16 17:00:56,76.43333333333334,9.58,4.55,51.15,56.669999999999995,0.0,11.77
2020-05-16 18:00:56,67.50333333333333,8.39,5.11,51.6,56.035000000000004,0.0,13.5
2020-05-16 19:00:56,73.17,10.64,5.43,52.6,58.04,0.0,13.68
2020-05-16 20:00:56,71.42333333333333,15.005,5.68,57.76,63.82500000000001,0.0,12.91
2020-05-16 21:00:56,69.25666666666666,9.095,4.79,60.445,67.38499999999999,0.0,11.52
2020-05-16 22:00:56,71.16666666666667,17.975,4.69,65.89999999999999,73.61500000000001,0.0,7.43
2020-05-16 23:00:56,68.39666666666666,15.615,4.565,58.900000000000006,65.125,0.0,13.06
2020-05-17 00:00:56,56.376666666666665,11.07,4.64,50.12,55.68,0.0,15.52
2020-05-17 01:00:56,52.78999999999999,6.45,4.55,42.235,46.419999999999995,0.0,14.79
2020-05-17 02:00:56,42.620000000000005,11.75,4.64,44.419999999999995,49.82,0.0,15.95
2020-05-17 03:00:56,35.12,6.53,4.755,42.370000000000005,46.504999999999995,0.0,11.62
2020-05-17 04:00:56,32.24333333333333,4.445,5.075,36.835,40.8,0.0,15.62
2020-05-17 05:00:56,31.1,7.72,5.12,38.705,43.379999999999995,0.0,18.28
2020-05-17 06:00:56,38.483333333333334,6.614999999999999,5.609999999999999,42.550000000000004,47.205000000000005,0.0,18.86
2020-05-17 07:00:56,41.43333333333334,17.595,7.995,42.885,47.84,0.0,20.17
2020-05-17 08:00:56,52.02333333333333,17.48,8.95,50.21,59.27,0.0,16.12
2020-05-17 09:00:56,53.54,19.89,6.285,47.650000000000006,53.425000000000004,0.0,5.05
2020-05-17 10:00:56,44.083333333333336,10.945,5.7,42.935,47.865,0.0,7.55
2020-05-17 11:00:56,38.620000000000005,9.26,5.489999999999999,42.63,47.145,0.0,4.2
2020-05-17 12:00:56,33.9,6.705000000000001,5.295,36.955000000000005,40.65,0.0,13.69
2020-05-17 13:00:56,26.83,3.73,5.63,36.145,39.905,0.0,18.0
2020-05-17 14:00:56,25.93,5.19,6.155000000000001,38.26,42.565,0.0,17.99
2020-05-17 15:00:56,26.1,3.565,6.565,40.34,44.51500000000001,0.0,16.21
2020-05-17 16:00:56,27.53,7.864999999999999,6.695,46.544999999999995,51.61000000000001,0.0,14.19
2020-05-17 17:00:56,30.183333333333334,4.76,6.785,48.1,53.035000000000004,0.0,15.2
2020-05-17 18:00:56,32.83,3.64,6.77,50.705000000000005,55.695,0.0,15.22
2020-05-17 19:00:56,34.053333333333335,8.58,6.510000000000001,39.585,43.23499999999999,0.0,17.74
2020-05-17 20:00:56,37.303333333333335,12.82,6.239999999999999,57.46,63.375,0.0,14.91
2020-05-17 21:00:56,49.09,8.365,6.775000000000001,74.015,90.96999999999998,0.0,11.1
2020-05-17 22:00:56,67.50666666666666,17.515,7.734999999999999,88.11500000000001,122.90500000000002,0.0,8.1
2020-05-17 23:00:56,86.51333333333334,15.38,7.59,91.29,125.815,0.0,10.16
2020-05-18 00:00:56,87.02666666666667,20.965,7.31,92.48,144.86,0.0,9.28
2020-05-18 01:00:56,85.12333333333333,18.41,7.364999999999999,90.455,145.915,0.0,14.98
2020-05-18 02:00:56,80.70333333333333,16.635,7.505,94.92,128.66,0.0,15.35
2020-05-18 03:00:56,78.49,16.505,8.03,90.86500000000001,119.92999999999999,0.0,0.0
2020-05-18 04:00:56,77.99666666666667,12.635,10.18,83.695,106.99,0.0,5.15
2020-05-18 05:00:56,82.37666666666667,21.2,7.349999999999999,80.54,98.295,0.0,6.43
2020-05-18 06:00:56,79.69,27.325,7.645,76.46,97.96499999999999,0.0,1.05
2020-05-18 07:00:56,81.30666666666667,25.054999999999996,10.235,76.05000000000001,99.93,0.0,0.0
2020-05-18 08:00:56,90.24666666666667,23.005,7.66,85.61500000000001,116.16000000000001,0.0,0.0
2020-05-18 09:00:56,90.37,29.155,7.73,92.46499999999999,113.83999999999999,0.0,0.26
2020-05-18 10:00:56,85.64999999999999,28.53,6.69,86.585,98.625,0.0,9.4
2020-05-18 11:00:56,70.31,21.94,5.91,69.57,76.595,0.0,20.47
2020-05-18 12:00:56,67.34666666666666,11.99,5.585000000000001,61.955000000000005,67.06,0.0,18.68
2020-05-18 13:00:56,56.74,7.41,5.5,51.830000000000005,55.75,0.0,20.0
2020-05-18 14:00:56,50.67,10.445,6.650000000000001,52.580000000000005,57.4,0.0,16.67
2020-05-18 15:00:56,57.00333333333333,6.97,7.094999999999999,57.055,62.19,0.0,14.19
2020-05-18 16:00:56,56.413333333333334,4.555,7.085000000000001,47.635,52.52,0.0,19.05
2020-05-18 17:00:56,58.58666666666667,4.695,6.364999999999999,48.385,53.185,0.0,13.93
2020-05-18 18:00:56,67.84666666666666,7.61,6.219999999999999,52.98499999999999,58.865,0.0,12.63
2020-05-18 19:00:56,89.52333333333333,14.270000000000001,6.555,54.62,60.73499999999999,0.0,14.42
2020-05-18 20:00:56,89.50999999999999,12.255,6.094999999999999,56.449999999999996,62.830000000000005,0.0,13.1
2020-05-18 21:00:56,73.91333333333334,8.535,5.710000000000001,49.145,54.245000000000005,0.0,13.3
2020-05-18 22:00:56,65.47666666666667,14.095,5.469999999999999,50.6,55.725,0.0,14.36
2020-05-18 23:00:56,46.766666666666666,12.464999999999998,5.555,57.824999999999996,65.42,0.0,11.02
2020-05-19 00:00:56,49.17,13.479999999999999,5.765000000000001,67.625,81.52999999999999,0.0,11.7
2020-05-19 01:00:56,50.67333333333333,15.175000000000002,5.835000000000001,70.48,81.735,0.0,11.96
2020-05-19 02:00:56,53.00666666666666,11.43,6.02,65.96499999999999,75.65,0.0,15.0
2020-05-19 03:00:56,52.98,15.095,7.734999999999999,63.85,71.74000000000001,0.0,15.77
2020-05-19 04:00:56,56.43333333333334,17.855,7.525000000000001,60.49,68.66,0.0,15.32
2020-05-19 05:00:56,56.84,21.15,6.289999999999999,52.915,58.745000000000005,0.0,16.91
2020-05-19 06:00:56,54.26333333333333,24.215,5.675,47.004999999999995,52.955000000000005,0.0,13.48
2020-05-19 07:00:56,50.39,26.42,7.385000000000001,57.175000000000004,67.71499999999999,0.0,2.9
2020-05-19 08:00:56,57.116666666666674,33.265,10.09,55.525,64.845,0.0,2.81
2020-05-19 09:00:56,56.10333333333333,30.38,6.719999999999999,53.74,60.605,0.0,5.5
2020-05-19 10:00:56,47.903333333333336,21.820000000000004,5.724999999999999,53.555,59.53,0.0,5.96
2020-05-19 11:00:56,41.35333333333333,12.945,5.08,49.46,54.565,0.0,16.47
2020-05-19 12:00:56,31.43,7.3,5.14,53.245000000000005,58.714999999999996,0.0,20.34
2020-05-19 13:00:56,29.090000000000003,4.595,5.57,55.72,62.055,0.0,14.64
2020-05-19 14:00:56,34.35,3.07,5.84,51.419999999999995,56.225,0.0,10.71
2020-05-19 15:00:56,28.85333333333333,2.4,5.93,52.905,58.995000000000005,0.0,10.74
2020-05-19 16:00:56,31.21,2.085,5.984999999999999,59.845,68.375,0.0,7.54
2020-05-19 17:00:56,28.42,1.9750000000000003,5.835000000000001,63.615,73.495,0.0,12.25
2020-05-19 18:00:56,38.5,1.68,5.710000000000001,63.055,71.905,0.0,11.37
2020-05-19 19:00:56,34.83666666666667,4.03,5.59,68.33,78.765,0.0,8.0
2020-05-19 20:00:56,43.43333333333334,6.12,5.62,68.80499999999999,77.07,0.0,8.04
2020-05-19 21:00:56,46.46333333333334,3.81,5.45,61.42499999999999,67.845,0.0,10.72
2020-05-19 22:00:56,45.07666666666667,9.335,6.219999999999999,68.165,78.74000000000001,0.0,13.61
2020-05-19 23:00:56,39.376666666666665,7.955000000000001,6.155000000000001,75.30499999999999,88.29,0.0,9.6
2020-05-20 00:00:56,40.72666666666667,14.22,6.44,76.585,86.64,0.0,3.66
2020-05-20 01:00:56,46.31,9.345,7.91,75.89,89.18,0.0,16.25
2020-05-20 02:00:56,54.02,14.0,8.38,74.105,86.245,0.0,20.09
2020-05-20 03:00:56,56.333333333333336,19.63,9.0,73.60000000000001,85.29,0.0,11.94
2020-05-20 04:00:56,56.31,18.415,8.37,63.24,71.045,0.0,0.0
2020-05-20 05:00:56,57.74666666666667,23.605,9.985,57.0,64.925,0.0,0.0
2020-05-20 06:00:56,59.166666666666664,16.785,8.365,60.59,73.445,0.0,1.27
2020-05-20 07:00:56,55.81666666666666,23.820000000000004,13.745,59.59,71.29,0.0,6.07
2020-05-20 08:00:56,62.24666666666667,28.679999999999996,10.475,61.895,75.89999999999999,0.0,5.77
2020-05-20 09:00:56,61.153333333333336,28.155,8.435,69.88499999999999,81.825,0.0,3.88
2020-05-20 10:00:56,57.60666666666666,19.04,6.81,67.845,77.13999999999999,0.0,3.48
2020-05-20 11:00:56,51.63666666666666,13.685,5.765000000000001,56.16,61.115,0.0,17.56
2020-05-20 12:00:56,40.11333333333334,7.86,5.675,54.535,60.03,0.0,16.76
2020-05-20 13:00:56,50.80666666666667,9.41,9.14,48.73499999999999,53.1,0.0,14.71
2020-05-20 14:00:56,53.343333333333334,10.015,9.785,50.255,53.9,0.0,12.99
2020-05-20 15:00:56,58.653333333333336,9.425,10.185,48.315,52.19,0.0,13.77
2020-05-20 16:00:56,69.16333333333334,5.495,9.535,41.01,45.665,0.0,15.56
2020-05-20 17:00:56,74.31,3.725,9.455,45.044999999999995,49.949999999999996,0.0,15.68
2020-05-20 18:00:56,86.39,7.830000000000001,9.59,46.945,53.435,0.0,16.03
2020-05-20 19:00:56,104.65666666666668,8.465,9.49,61.675000000000004,72.705,0.0,11.81
2020-05-20 20:00:56,96.67666666666668,9.14,10.52,72.855,81.85000000000001,0.0,11.12
2020-05-20 21:00:56,81.67333333333333,12.03,10.43,84.42,96.795,0.0,10.09
2020-05-20 22:00:56,89.62666666666667,15.055,9.47,92.125,106.48,0.0,12.27
2020-05-20 23:00:56,90.02333333333333,16.63,10.83,94.41000000000001,106.255,0.0,12.18
2020-05-21 00:00:56,96.37,12.69,12.655000000000001,93.74,111.955,0.0,10.45
2020-05-21 01:00:56,98.28,17.11,16.205,97.90500000000002,129.025,0.0,7.47
2020-05-21 02:00:56,109.57333333333334,15.33,15.21,96.88,130.04,0.0,10.53
2020-05-21 03:00:56,109.59333333333335,17.46,11.805,99.575,130.055,0.0,10.57
2020-05-21 04:00:56,95.76,18.205,11.475000000000001,93.205,119.685,0.0,5.8
2020-05-21 05:00:56,105.05,21.649999999999995,11.495,93.40000000000002,111.54,0.0,4.49
2020-05-21 06:00:56,95.54666666666667,18.215,10.115,79.71,91.08,0.0,7.7
2020-05-21 07:00:56,77.15,13.155,11.86,74.55,88.65000000000002,0.0,7.4
2020-05-21 08:00:56,95.87,13.78,12.964999999999998,82.67,103.945,0.0,6.12
2020-05-21 09:00:56,103.60333333333334,22.95,12.340000000000002,89.75999999999999,111.995,0.0,6.15
2020-05-21 10:00:56,109.39,18.21,11.765,94.395,110.125,0.0,6.03
2020-05-21 11:00:56,112.83,15.824999999999998,9.835,72.25999999999999,80.88,0.0,16.69
2020-05-21 12:00:56,99.77666666666666,9.89,8.790000000000001,50.73500000000001,56.335,0.0,21.32
2020-05-21 13:00:56,84.65333333333334,6.04,9.715,41.83,45.995000000000005,0.0,21.34
2020-05-21 14:00:56,91.26,4.765,10.795,38.57,42.535,0.0,20.5
2020-05-21 15:00:56,98.56,8.085,11.799999999999999,39.335,43.68,0.0,18.53
2020-05-21 16:00:56,101.51666666666667,11.76,11.515,41.745000000000005,46.035,0.0,17.91
2020-05-21 17:00:56,107.92999999999999,12.104999999999999,10.2,50.205000000000005,54.415,0.0,13.8
2020-05-21 18:00:56,105.49000000000001,10.875,9.82,46.28,50.885,0.0,16.46
2020-05-21 19:00:56,124.15,12.345,9.685,43.01,48.57500000000001,0.0,17.17
2020-05-21 20:00:56,96.23333333333333,17.97,9.585,69.06,76.735,0.0,13.15
2020-05-21 21:00:56,84.67666666666666,14.425000000000002,9.67,75.81,83.93,0.0,11.95
2020-05-21 22:00:56,96.56666666666666,15.905,11.76,104.05,125.15500000000002,0.0,9.05
2020-05-21 23:00:56,119.88333333333333,16.63,10.895000000000001,120.045,147.22500000000002,0.0,10.29
2020-05-22 00:00:56,110.71333333333332,10.62,10.045,97.995,111.09499999999998,0.0,11.71
2020-05-22 01:00:56,82.38,14.395000000000001,10.115,80.53,90.425,0.0,12.77
2020-05-22 02:00:56,77.75666666666666,12.87,9.095,64.735,69.38,0.0,13.4
2020-05-22 03:00:56,60.13999999999999,16.04,9.305,56.925000000000004,61.585,0.0,11.11
2020-05-22 04:00:56,56.126666666666665,11.56,9.375,55.725,60.73,0.0,18.5
2020-05-22 05:00:56,46.21333333333334,10.285,9.345,52.28,57.965,0.0,14.17
2020-05-22 06:00:56,47.47333333333333,7.18,10.11,56.650000000000006,63.330000000000005,0.0,10.09
2020-05-22 07:00:56,65.83666666666667,19.01,13.5,59.995000000000005,70.55,0.0,13.67
2020-05-22 08:00:56,75.58666666666667,25.415000000000003,12.485,70.455,89.985,0.0,12.04
2020-05-22 09:00:56,74.33333333333333,17.485,9.69,73.72,86.10000000000001,0.0,13.83
2020-05-22 10:00:56,76.00999999999999,11.135,8.04,68.82,79.82000000000001,0.0,13.98
2020-05-22 11:00:56,36.96333333333334,8.555,8.225000000000001,66.825,75.66499999999999,0.0,14.02
2020-05-22 12:00:56,36.3,5.12,8.32,63.625,71.84,0.0,14.0
2020-05-22 13:00:56,89.70333333333333,3.355,8.615,73.745,84.555,0.0,13.9
2020-05-22 14:00:56,74.45,6.294999999999999,8.985,77.755,101.01,0.0,13.05
2020-05-22 15:00:56,68.50333333333333,7.82,8.790000000000001,70.615,89.28000000000002,0.0,14.69
2020-05-22 16:00:56,58.34,9.085,8.435,65.285,83.325,0.0,15.48
2020-05-22 17:00:56,47.95333333333333,6.23,8.155,55.04,68.72,0.0,13.84
2020-05-22 18:00:56,39.7,5.995,8.17,52.47,65.12,0.0,13.88
2020-05-22 19:00:56,31.876666666666665,7.19,7.855,49.919999999999995,61.355,0.0,13.02
2020-05-22 20:00:56,22.62,4.855,7.580000000000001,39.02,45.435,0.0,15.37
2020-05-22 21:00:56,15.01,0.0,7.685,44.495000000000005,56.379999999999995,0.0,15.62
2020-05-22 22:00:56,15.123333333333335,7.48,7.59,46.585,58.89000000000001,0.0,15.44
2020-05-22 23:00:56,10.846666666666668,4.14,7.48,51.10999999999999,63.03,0.0,15.45
2020-05-23 00:00:56,9.676666666666668,2.775,7.564999999999999,42.879999999999995,50.615,0.0,20.57
2020-05-23 01:00:56,10.04,0.0,7.215,25.73,28.995,0.0,23.36
2020-05-23 02:00:56,11.716666666666667,2.45,7.204999999999999,21.99,25.525000000000002,0.0,24.27
2020-05-23 03:00:56,7.206666666666666,3.92,7.335000000000001,20.185000000000002,23.350000000000005,0.0,24.48
2020-05-23 04:00:56,6.486666666666667,0.0,7.355,20.145,23.42,0.0,19.53
2020-05-23 05:00:56,7.3566666666666665,0.0,6.905,22.189999999999998,26.334999999999997,0.0,15.56
2020-05-23 06:00:56,7.963333333333334,0.0,7.09,22.659999999999997,26.650000000000002,0.0,9.78
2020-05-23 07:00:56,10.026666666666667,3.18,7.06,22.905,26.655,0.0,7.66
2020-05-23 08:00:56,9.93,0.0,6.97,25.159999999999997,29.060000000000002,0.0,6.75
2020-05-23 09:00:56,11.686666666666667,0.0,6.995,23.485,27.524999999999995,0.0,6.59
2020-05-23 10:00:56,15.216666666666667,2.8349999999999995,6.68,23.409999999999997,27.27,0.0,10.78
2020-05-23 11:00:56,13.83,1.9799999999999998,6.699999999999999,23.09,26.930000000000003,0.0,9.45
2020-05-23 12:00:56,10.293333333333331,1.88,6.705000000000001,24.850000000000005,28.814999999999998,0.0,11.86
2020-05-23 13:00:56,8.233333333333334,2.64,6.32,23.459999999999997,27.064999999999998,0.0,6.31
2020-05-23 14:00:56,11.666666666666666,0.0,6.445,32.265,37.745000000000005,0.0,8.13
2020-05-23 15:00:56,15.423333333333332,3.355,6.32,29.570000000000004,33.724999999999994,0.0,9.38
2020-05-23 16:00:56,14.653333333333334,2.0,6.300000000000001,29.015,33.39,0.0,9.85
2020-05-23 17:00:56,12.996666666666666,3.6749999999999994,6.36,30.28,34.49,0.0,9.88
2020-05-23 18:00:56,17.1,2.82,6.355,26.845,30.355,0.0,8.51
2020-05-23 19:00:56,16.393333333333334,1.965,6.3999999999999995,22.47,26.25,0.0,9.67
2020-05-23 20:00:56,16.740000000000002,1.64,6.355,21.900000000000002,25.355,0.0,10.16
2020-05-23 21:00:56,14.216666666666667,2.405,6.43,21.73,25.345,0.0,10.48
2020-05-23 22:00:56,16.156666666666666,3.51,6.545000000000001,19.150000000000002,22.705,0.0,11.5
2020-05-23 23:00:56,18.693333333333335,5.455000000000001,6.565,18.61,21.605,0.0,12.49
2020-05-24 00:00:56,22.85,4.015,6.484999999999999,20.435,24.290000000000003,0.0,13.02
2020-05-24 01:00:56,16.486666666666668,3.83,6.495,21.040000000000003,24.705,0.0,16.05
2020-05-24 02:00:56,15.36,3.18,6.61,19.735,23.320000000000004,0.0,14.83
2020-05-24 03:00:56,16.326666666666668,3.1,6.59,18.965,22.495,0.0,16.05
2020-05-24 04:00:56,15.976666666666667,6.73,6.385000000000001,21.584999999999997,25.26,0.0,15.78
2020-05-24 05:00:56,15.9,4.145,6.945,22.629999999999995,26.605,0.0,14.5
2020-05-24 06:00:56,12.379999999999999,0.0,7.27,23.944999999999997,27.314999999999998,0.0,15.35
2020-05-24 07:00:56,12.6,0.0,7.195,23.709999999999997,27.39,0.0,16.74
2020-05-24 08:00:56,21.513333333333332,4.04,7.185,24.504999999999995,28.179999999999996,0.0,15.73
2020-05-24 09:00:56,15.003333333333332,0.0,7.0,23.439999999999998,26.974999999999998,0.0,18.69
2020-05-24 10:00:56,13.629999999999999,0.0,6.97,20.755,24.52,0.0,16.1
2020-05-24 11:00:56,14.366666666666667,0.0,6.969999999999999,18.905,22.275000000000002,0.0,17.22
2020-05-24 12:00:56,12.256666666666668,0.0,6.9750000000000005,19.11,22.584999999999997,0.0,18.15
2020-05-24 13:00:56,9.993333333333334,1.8,6.955000000000001,18.665,22.84,0.0,16.87
2020-05-24 14:00:56,10.6,1.585,7.2250000000000005,20.715,24.42,0.0,16.25
2020-05-24 15:00:56,12.566666666666666,1.66,7.245,19.845,23.705,0.0,15.9
2020-05-24 16:00:56,13.24,1.32,7.314999999999999,18.27,22.145,0.0,16.12
2020-05-24 17:00:56,11.373333333333333,1.43,7.289999999999999,20.985,25.135,0.0,12.47
2020-05-24 18:00:56,7.456666666666667,1.055,7.419999999999999,18.445,22.235,0.0,10.67
2020-05-24 19:00:56,12.573333333333334,1.59,7.3500000000000005,18.735,22.115,0.0,10.83
2020-05-24 20:00:56,8.833333333333334,0.0,7.325,17.94,21.775000000000002,0.0,15.2
2020-05-24 21:00:56,12.536666666666667,0.0,7.234999999999999,22.785,27.42,0.0,13.83
2020-05-24 22:00:56,16.323333333333334,3.76,7.2250000000000005,22.325000000000003,26.319999999999997,0.0,16.41
2020-05-24 23:00:56,16.786666666666665,0.0,7.18,19.445,22.915000000000003,0.0,17.35
2020-05-25 00:00:56,10.9,0.0,7.364999999999999,22.13,25.885,0.0,16.9
2020-05-25 01:00:56,12.646666666666668,0.0,7.155,27.775000000000002,32.165,0.0,15.73
2020-05-25 02:00:56,13.183333333333334,0.0,7.22,29.61,33.925,0.0,15.97
2020-05-25 03:00:56,18.41,8.91,7.07,30.465,35.455,0.0,14.68
2020-05-25 04:00:56,22.17,0.0,7.175000000000001,30.74,35.415,0.0,15.62
2020-05-25 05:00:56,33.17333333333333,12.475,6.88,32.15,37.535000000000004,0.0,15.16
2020-05-25 06:00:56,36.95666666666666,17.0,7.085000000000001,36.24,44.574999999999996,0.0,13.41
2020-05-25 07:00:56,32.57,0.0,6.98,32.445,37.94,0.0,15.32
2020-05-25 08:00:56,27.703333333333333,0.0,6.919999999999999,28.774999999999995,32.995,0.0,15.77
2020-05-25 09:00:56,14.73,0.0,6.945,27.23,31.22,0.0,16.28
2020-05-25 10:00:56,16.07,0.0,6.859999999999999,24.36,28.465,0.0,16.93
2020-05-25 11:00:56,11.78,3.4,6.78,23.805000000000003,27.24,0.0,15.83
2020-05-25 12:00:56,8.266666666666667,2.845,6.935,22.465,25.955000000000002,0.0,17.7
2020-05-25 13:00:56,6.506666666666666,0.0,6.825,23.065,26.795,0.0,17.19
2020-05-25 14:00:56,5.3100000000000005,0.0,6.945,22.334999999999997,25.584999999999997,0.0,11.42
2020-05-25 15:00:56,4.976666666666667,0.0,6.88,22.245,25.86,0.0,16.8
2020-05-25 16:00:56,4.953333333333334,0.0,6.875,22.16,25.245,0.0,14.92
2020-05-25 17:00:56,7.933333333333334,1.06,6.969999999999999,21.27,24.74,0.0,14.43
2020-05-25 18:00:56,10.153333333333334,0.705,6.935,25.14,28.92,0.0,17.12
2020-05-25 19:00:56,8.146666666666667,0.0,7.155000000000001,25.795,29.765,0.0,12.83
2020-05-25 20:00:56,12.796666666666667,3.435,7.07,27.060000000000002,31.01,0.0,13.9
2020-05-25 21:00:56,23.57333333333333,3.52,7.095,26.675,30.52,0.0,11.14
2020-05-25 22:00:56,21.39,6.849999999999999,7.135000000000001,26.735,30.805000000000003,0.0,7.02
2020-05-25 23:00:56,18.896666666666665,4.435,7.12,27.215000000000003,31.149999999999995,0.0,8.3
2020-05-26 00:00:56,17.15,6.785,7.175,33.375,37.14,0.0,8.63
2020-05-26 01:00:56,17.07,3.53,7.43,36.965,42.055,0.0,14.61
2020-05-26 02:00:56,23.21,4.435,8.065,42.815,47.004999999999995,0.0,14.65
2020-05-26 03:00:56,36.67,0.0,7.5249999999999995,47.215,52.11000000000001,0.0,14.93
2020-05-26 04:00:56,44.93333333333334,16.965,7.535,37.47,44.025,0.0,13.34
2020-05-26 05:00:56,41.56,16.68,6.800000000000001,37.735,42.455,0.0,14.21
2020-05-26 06:00:56,51.166666666666664,23.72,6.669999999999999,38.7,43.955000000000005,0.0,16.32
2020-05-26 07:00:56,44.553333333333335,0.0,6.919999999999999,39.245,46.535,0.0,15.1
2020-05-26 08:00:56,41.84,0.0,7.595,35.785,41.745000000000005,0.0,15.88
2020-05-26 09:00:56,40.64333333333333,16.99,6.68,36.89,42.925000000000004,0.0,15.45
2020-05-26 10:00:56,27.56,0.0,6.52,33.395,37.72,0.0,16.44
2020-05-26 11:00:56,24.843333333333334,9.715,6.375,35.76,40.02,0.0,15.6
2020-05-26 12:00:56,20.203333333333333,5.845,6.395,34.28,38.265,0.0,15.46
2020-05-26 13:00:56,17.87333333333333,0.0,7.010000000000001,31.814999999999998,35.49,0.0,8.72
2020-05-26 14:00:56,15.226666666666667,0.0,6.895,30.7,34.065,0.0,10.6
2020-05-26 15:00:56,11.486666666666666,0.0,6.715,30.439999999999998,34.605,0.0,16.91
2020-05-26 16:00:56,9.65,2.14,6.955000000000001,31.590000000000003,35.71,0.0,14.69
2020-05-26 17:00:56,6.739999999999999,1.155,7.109999999999999,40.79,48.565,0.0,13.47
2020-05-26 18:00:56,5.953333333333333,0.6,7.16,35.145,38.895,0.0,14.96
2020-05-26 19:00:56,6.303333333333334,0.58,7.19,33.06,37.03,0.0,16.33
2020-05-26 20:00:56,12.223333333333333,3.115,7.280000000000001,29.36,33.07,0.0,17.25
2020-05-26 21:00:56,22.46333333333333,4.58,7.260000000000001,27.525000000000002,31.095,0.0,14.5
2020-05-26 22:00:56,25.833333333333332,3.695,7.239999999999999,25.67,29.135,0.0,14.89
2020-05-26 23:00:56,25.903333333333336,5.235,7.275000000000001,26.215000000000003,30.080000000000002,0.0,9.06
2020-05-27 00:00:56,18.12666666666667,0.0,7.349999999999999,30.875,35.195,0.0,7.71
2020-05-27 01:00:56,21.89,6.89,7.185,57.315,74.38,0.0,6.47
2020-05-27 02:00:56,22.076666666666668,8.905,7.045000000000001,48.85999999999999,57.97,0.0,7.51
2020-05-27 03:00:56,28.243333333333332,7.31,7.015000000000001,40.11,47.98,0.0,9.54
2020-05-27 04:00:56,24.83,8.11,6.995,31.314999999999998,35.425000000000004,0.0,9.13
2020-05-27 05:00:56,15.68,4.935,6.989999999999999,27.325,31.28,0.0,9.33
2020-05-27 06:00:56,16.836666666666666,4.715,7.28,33.175000000000004,39.33,0.0,12.49
2020-05-27 07:00:56,18.916666666666668,3.305,7.815,40.32,46.715,0.0,15.87
2020-05-27 08:00:56,26.173333333333332,3.44,8.285,57.955000000000005,85.80499999999999,0.0,13.89
2020-05-27 09:00:56,30.683333333333337,3.8250000000000006,8.35,55.53,64.79,0.0,16.3
2020-05-27 10:00:56,34.46,2.99,7.419999999999999,52.595,60.169999999999995,0.0,17.24
2020-05-27 11:00:56,28.406666666666666,6.599999999999999,7.34,54.565,61.580000000000005,0.0,14.52
2020-05-27 12:00:56,29.126666666666665,4.72,7.25,52.26,57.49,0.0,8.56
2020-05-27 13:00:56,31.593333333333334,7.03,7.739999999999999,55.06999999999999,61.35999999999999,0.0,7.52
2020-05-27 14:00:56,21.32,4.155,8.245,57.42499999999999,65.12,0.0,10.78
2020-05-27 15:00:56,16.383333333333333,2.555,8.865,70.765,82.12,0.0,12.21
2020-05-27 16:00:56,23.786666666666665,1.8,9.03,68.385,75.75999999999999,0.0,12.93
2020-05-27 17:00:56,19.723333333333333,1.865,9.055,64.89,71.3,0.0,14.64
2020-05-27 18:00:56,15.973333333333334,2.02,5.52,69.53,75.935,0.0,13.04
2020-05-27 19:00:56,15.469999999999999,3.055,5.505,71.485,79.61500000000001,0.0,14.13
2020-05-27 20:00:56,20.409999999999997,0.0,5.385000000000001,77.44,90.09500000000001,0.0,13.31
2020-05-27 21:00:56,32.656666666666666,6.485,5.364999999999999,85.335,103.75,0.0,7.94
2020-05-27 22:00:56,39.97666666666667,8.62,5.460000000000001,89.05,108.27,0.0,10.47
2020-05-27 23:00:56,40.446666666666665,8.82,5.315,89.27,118.74000000000001,0.0,8.18
2020-05-28 00:00:56,43.43333333333333,23.59,5.45,87.66000000000001,111.41000000000001,0.0,10.3
2020-05-28 01:00:56,42.00333333333334,15.735,5.385000000000001,82.335,93.96,0.0,9.78
2020-05-28 02:00:56,40.38333333333333,15.095,5.225,88.005,115.735,0.0,2.5
2020-05-28 03:00:56,43.866666666666674,10.795,5.08,79.695,92.77,0.0,5.19
2020-05-28 04:00:56,34.56,13.385,4.945,69.955,84.46499999999999,0.0,4.3
2020-05-28 05:00:56,32.906666666666666,8.035,4.765,65.79,78.355,0.0,3.62
2020-05-28 06:00:56,35.666666666666664,10.055,6.605,67.98,90.09999999999998,0.0,5.33
2020-05-28 07:00:56,45.81,9.975,7.535,57.44499999999999,67.585,0.0,7.86
2020-05-28 08:00:56,36.71666666666667,9.625,5.55,53.504999999999995,64.005,0.0,8.07
2020-05-28 09:00:56,22.846666666666664,6.035,5.015,51.919999999999995,59.495000000000005,0.0,9.75
2020-05-28 10:00:56,21.66,7.760000000000001,4.75,52.25,58.02,0.0,7.55
2020-05-28 11:00:56,21.32,4.195,4.54,45.35,50.34,0.0,7.36
2020-05-28 12:00:56,18.633333333333336,2.9150000000000005,4.68,35.99,39.885,0.0,11.99
2020-05-28 13:00:56,11.38,2.11,5.08,41.31,45.85,0.0,15.35
2020-05-28 14:00:56,11.170000000000002,2.005,5.605,36.574999999999996,40.625,0.0,13.18
2020-05-28 15:00:56,10.5,1.42,5.664999999999999,40.32,44.67499999999999,0.0,9.66
2020-05-28 16:00:56,9.373333333333333,1.27,5.585000000000001,38.12,42.03,0.0,10.56
2020-05-28 17:00:56,7.47,0.92,5.2,38.565,42.294999999999995,0.0,13.94
2020-05-28 18:00:56,13.363333333333333,1.655,4.905,45.82,51.905,0.0,11.66
2020-05-28 19:00:56,28.909999999999997,3.91,4.965,48.555,56.23499999999999,0.0,9.2
2020-05-28 20:00:56,49.629999999999995,5.045,4.8,44.855,51.315,0.0,12.51
2020-05-28 21:00:56,45.77666666666667,11.074999999999998,4.81,36.745000000000005,42.585,0.0,12.08
2020-05-28 22:00:56,43.39666666666667,13.699999999999998,4.535,32.57,37.235,0.0,8.87
2020-05-28 23:00:56,28.08,7.760000000000001,4.41,29.795,33.800000000000004,0.0,8.53
2020-05-29 00:00:56,17.086666666666666,4.47,4.34,26.41,30.36,0.0,9.49
2020-05-29 01:00:56,12.2,3.4599999999999995,4.18,24.56,28.5,0.0,9.83
2020-05-29 02:00:56,8.296666666666667,3.955,4.17,20.015,23.235,0.0,11.38
2020-05-29 03:00:56,6.6433333333333335,2.265,4.115,20.32,23.795,0.0,10.43
2020-05-29 04:00:56,4.5633333333333335,2.195,4.15,19.025000000000002,22.850000000000005,0.0,12.34
2020-05-29 05:00:56,4.44,1.415,4.12,19.935,23.58,0.0,11.13
2020-05-29 06:00:56,4.276666666666666,2.365,4.505,26.215,31.36,0.0,15.85
2020-05-29 07:00:56,4.483333333333333,1.58,4.39,28.13,33.035000000000004,0.0,16.84
2020-05-29 08:00:56,4.87,1.3950000000000002,4.38,42.6,50.655,0.0,15.36
2020-05-29 09:00:56,9.63,1.185,4.54,38.47,44.23,0.0,17.19
2020-05-29 10:00:56,8.879999999999999,0.89,4.56,45.57,54.72,0.0,15.36
2020-05-29 11:00:56,9.106666666666667,1.575,4.46,43.445,49.79999999999999,0.0,15.5
2020-05-29 12:00:56,13.636666666666667,4.07,4.54,43.544999999999995,49.425000000000004,0.0,12.77
2020-05-29 13:00:56,14.266666666666666,3.81,4.8,41.245000000000005,46.78,0.0,7.95
2020-05-29 14:00:56,17.85666666666667,2.935,4.245,35.48,39.59,0.0,8.61
2020-05-29 15:00:56,19.21,2.52,4.105,30.310000000000002,34.23,0.0,11.97
2020-05-29 16:00:56,21.403333333333336,3.655,4.085,38.615,43.835,0.0,15.09
2020-05-29 17:00:56,51.14333333333333,2.325,4.255,37.08,42.645,0.0,9.77
2020-05-29 18:00:56,52.263333333333335,1.8099999999999998,4.055,35.925000000000004,40.46,0.0,8.43
2020-05-29 19:00:56,39.03666666666667,2.78,3.9150000000000005,34.835,39.505,0.0,11.09
2020-05-29 20:00:56,27.85,2.515,3.865,27.939999999999998,31.595,0.0,16.15
2020-05-29 21:00:56,17.48,2.41,4.2,37.035000000000004,41.505,0.0,17.1
2020-05-29 22:00:56,19.020000000000003,2.37,4.68,40.99,45.595,0.0,16.11
2020-05-29 23:00:56,17.926666666666666,5.375,4.385,44.785,53.125,0.0,16.2
2020-05-30 00:00:56,22.183333333333334,3.23,4.56,49.10999999999999,58.169999999999995,0.0,15.48
2020-05-30 01:00:56,22.006666666666668,1.715,7.949999999999999,59.044999999999995,71.36,0.0,14.37
2020-05-30 02:00:56,26.063333333333333,2.385,8.52,56.49,71.18,0.0,14.6
2020-05-30 03:00:56,30.286666666666665,13.604999999999999,8.225000000000001,49.91,57.84,0.0,14.34
2020-05-30 04:00:56,32.306666666666665,18.995,8.565,55.199999999999996,62.17499999999999,0.0,13.35
2020-05-30 05:00:56,39.21,16.405,9.6,50.705000000000005,58.055,0.0,12.89
2020-05-30 06:00:56,38.803333333333335,12.38,8.46,50.06999999999999,68.645,0.0,12.76
2020-05-30 07:00:56,34.36333333333333,11.88,11.365,53.605,74.03,0.0,12.14
2020-05-30 08:00:56,38.96,7.88,12.214999999999998,59.625,85.145,0.0,12.61
2020-05-30 09:00:56,51.61666666666667,17.515,9.075,60.405,71.18,0.0,16.19
2020-05-30 10:00:56,32.35666666666667,12.24,8.185,53.294999999999995,61.79,0.0,16.4
2020-05-30 11:00:56,33.03333333333333,7.81,8.095,53.395,59.31,0.0,16.51
2020-05-30 12:00:56,35.800000000000004,4.7,8.81,50.824999999999996,55.865,0.0,16.94
2020-05-30 13:00:56,24.65,2.705,7.330000000000001,46.35999999999999,52.169999999999995,0.0,16.28
2020-05-30 14:00:56,22.683333333333337,2.36,7.3950000000000005,53.475,60.835,0.0,9.45
2020-05-30 15:00:56,22.43,2.48,7.95,50.635,59.76,0.0,13.77
2020-05-30 16:00:56,28.78333333333333,6.945,8.25,57.41,66.69,0.0,11.53
2020-05-30 17:00:56,23.86,4.66,8.365,69.95,84.635,0.0,8.08
2020-05-30 18:00:56,22.19333333333333,5.115,7.640000000000001,73.315,85.37,0.0,7.85
2020-05-30 19:00:56,26.68,3.4599999999999995,7.550000000000001,77.25999999999999,92.36000000000001,0.0,7.67
2020-05-30 20:00:56,28.56,7.695,7.445,83.80000000000001,100.46499999999999,0.0,7.36
2020-05-30 21:00:56,31.246666666666666,7.81,7.780000000000001,80.66,91.545,0.0,9.26
2020-05-30 22:00:56,40.190000000000005,10.770000000000001,7.69,95.91000000000001,124.52500000000002,0.0,9.46
2020-05-30 23:00:56,45.86333333333334,16.93,7.75,93.47499999999998,121.46499999999999,0.0,12.63
2020-05-31 00:00:56,46.02,11.905,7.925000000000001,83.46499999999999,108.855,0.0,13.33
2020-05-31 01:00:56,46.086666666666666,8.105,8.325,78.125,102.515,0.0,13.07
2020-05-31 02:00:56,45.91,13.97,8.125,74.82,102.21499999999999,0.0,12.67
2020-05-31 03:00:56,42.06333333333333,16.445,9.12,60.625,73.07,0.0,12.99
2020-05-31 04:00:56,48.49333333333333,11.195,9.095,58.324999999999996,72.55,0.0,13.24
2020-05-31 05:00:56,38.65,18.305,8.549999999999999,56.51,69.23,0.0,14.35
2020-05-31 06:00:56,45.04,0.0,9.43,52.294999999999995,62.815,0.0,14.23
2020-05-31 07:00:56,64.24333333333334,29.92,14.660000000000002,56.84,72.215,0.0,13.14
2020-05-31 08:00:56,62.96333333333334,26.665000000000003,14.01,62.14000000000001,76.695,0.0,14.46
2020-05-31 09:00:56,70.73333333333333,25.3,10.755,59.415,69.25999999999999,0.0,15.64
2020-05-31 10:00:56,60.11000000000001,20.795,9.215,58.574999999999996,67.48,0.0,16.21
2020-05-31 11:00:56,41.056666666666665,16.155,8.255,44.685,48.77,0.0,18.18
2020-05-31 12:00:56,24.386666666666667,8.33,8.23,42.215,46.07,0.0,19.12
2020-05-31 13:00:56,16.04,4.84,7.8500000000000005,42.35,46.67499999999999,0.0,17.31
2020-05-31 14:00:56,12.323333333333334,2.53,8.14,39.84,43.645,0.0,13.92
2020-05-31 15:00:56,9.153333333333334,1.6849999999999998,8.205,36.605,40.580000000000005,0.0,15.11
2020-05-31 16:00:56,10.2,0.0,8.19,39.625,43.24,0.0,14.94
2020-05-31 17:00:56,14.166666666666666,1.72,8.19,41.185,45.330000000000005,0.0,14.15
2020-05-31 18:00:56,13.206666666666665,1.8500000000000003,8.185,44.23,48.99,0.0,9.09
2020-05-31 19:00:56,14.6,4.59,8.035,57.855,67.35000000000001,0.0,15.12
2020-05-31 20:00:56,19.113333333333333,3.695,7.93,60.669999999999995,66.83,0.0,13.67
2020-05-31 21:00:56,28.836666666666666,7.45,8.07,64.145,71.685,0.0,9.68
2020-05-31 22:00:56,34.843333333333334,7.81,8.655000000000001,62.785,70.4,0.0,11.52
2020-05-31 23:00:56,35.98,13.0,9.345,67.44500000000001,73.815,0.0,9.28
2020-06-01 00:00:56,37.79333333333333,7.61,9.435,67.065,73.68,0.0,8.83
2020-06-01 01:00:56,51.72333333333333,11.53,9.23,73.115,84.735,0.0,7.22
2020-06-01 02:00:56,50.07333333333333,17.055,9.885,67.64,75.095,0.0,8.02
2020-06-01 03:00:56,46.09,14.520000000000001,9.035,55.995,61.22,0.0,10.46
2020-06-01 04:00:56,40.79,13.074999999999998,9.31,53.68,59.370000000000005,0.0,8.81
2020-06-01 05:00:56,39.04666666666667,12.089999999999998,8.31,51.495000000000005,56.69,0.0,8.24
2020-06-01 06:00:56,50.626666666666665,20.61,8.14,52.065,61.57,0.0,8.46
2020-06-01 07:00:56,52.14666666666667,24.56,8.33,57.535,67.015,0.0,7.8
2020-06-01 08:00:56,66.01333333333334,33.415,8.035,76.735,98.95,0.0,5.2
2020-06-01 09:00:56,78.79666666666667,0.0,8.565,70.64999999999999,87.39999999999999,0.0,11.79
2020-06-01 10:00:56,50.083333333333336,23.495,7.960000000000001,76.63,92.21999999999998,0.0,13.48
2020-06-01 11:00:56,29.950000000000003,0.0,7.510000000000001,58.050000000000004,63.370000000000005,0.0,17.56
2020-06-01 12:00:56,27.009999999999998,7.715,7.260000000000001,53.449999999999996,58.415,0.0,16.44
2020-06-01 13:00:56,17.56,4.435,7.484999999999999,43.435,47.67499999999999,0.0,12.03
2020-06-01 14:00:56,11.763333333333335,2.445,8.035,47.995000000000005,52.46,0.0,14.29
2020-06-01 15:00:56,15.233333333333334,1.32,7.285,39.565,44.4,0.0,15.95
2020-06-01 16:00:56,16.113333333333333,1.0,7.484999999999999,40.815,45.27,0.0,17.35
2020-06-01 17:00:56,17.866666666666667,2.78,7.27,43.419999999999995,47.875,0.0,16.34
2020-06-01 18:00:56,23.21666666666667,0.0,7.25,51.925000000000004,59.824999999999996,0.0,12.9
2020-06-01 19:00:56,31.743333333333336,5.75,7.465,52.82,59.044999999999995,0.0,13.63
2020-06-01 20:00:56,29.62,9.265,7.335000000000001,50.76500000000001,56.785,0.0,12.97
2020-06-01 21:00:56,29.343333333333334,7.364999999999999,7.455000000000001,49.145,54.77,0.0,12.33
2020-06-01 22:00:56,26.683333333333334,4.12,7.505,44.065,49.88,0.0,12.02
2020-06-01 23:00:56,25.2,5.925,7.465,47.02,52.975,0.0,10.87
2020-06-02 00:00:56,17.38,7.61,7.455000000000001,46.475,52.355,0.0,10.53
2020-06-02 01:00:56,16.536666666666665,4.615,7.1499999999999995,41.419999999999995,47.544999999999995,0.0,8.95
2020-06-02 02:00:56,19.773333333333333,0.0,7.5200000000000005,40.095,45.17499999999999,0.0,9.95
2020-06-02 03:00:56,21.77,0.0,7.285,37.81,44.97,0.0,9.85
2020-06-02 04:00:56,18.736666666666668,0.0,7.305,37.29,43.195,0.0,7.94
2020-06-02 05:00:56,17.363333333333333,0.0,6.745,37.775,44.605,0.0,9.58
2020-06-02 06:00:56,34.60333333333333,10.15,6.71,40.305,47.48,0.0,7.92
2020-06-02 07:00:56,34.48,12.03,6.995,46.905,57.23499999999999,0.0,12.44
2020-06-02 08:00:56,52.03666666666666,10.51,8.71,56.01500000000001,67.945,0.0,13.89
2020-06-02 09:00:56,68.42666666666666,24.945000000000004,8.66,58.865,72.28,0.0,13.77
2020-06-02 10:00:56,57.45666666666667,0.0,8.495000000000001,49.88999999999999,56.85999999999999,0.0,16.63
2020-06-02 11:00:56,37.42666666666667,0.0,7.614999999999999,43.28,48.330000000000005,0.0,17.72
2020-06-02 12:00:56,28.926666666666666,7.38,7.330000000000001,38.57,42.97,0.0,14.58
2020-06-02 13:00:56,27.72,5.33,6.984999999999999,31.26,35.405,0.0,15.47
2020-06-02 14:00:56,25.516666666666666,3.485,6.98,32.01,35.465,0.0,16.23
2020-06-02 15:00:56,19.543333333333333,1.9750000000000003,7.09,30.22,34.235,0.0,17.55
2020-06-02 16:00:56,19.78333333333333,1.6049999999999998,7.395,35.300000000000004,39.59,0.0,16.97
2020-06-02 17:00:56,29.416666666666668,1.015,7.48,46.1,51.39000000000001,0.0,16.22
2020-06-02 18:00:56,33.99,1.955,7.359999999999999,52.99,66.31,0.0,14.47
2020-06-02 19:00:56,37.93333333333333,5.265,7.685,54.49,61.525000000000006,0.0,10.3
2020-06-02 20:00:56,44.06,8.845,7.525000000000001,48.4,53.47,0.0,13.26
2020-06-02 21:00:56,32.52333333333333,10.15,7.140000000000001,70.3,94.645,0.0,8.99
2020-06-02 22:00:56,24.75333333333333,12.94,7.039999999999999,59.38999999999999,67.91,0.0,11.26
2020-06-02 23:00:56,25.049999999999997,7.06,6.905,62.385,75.22,0.0,6.15
2020-06-03 00:00:56,19.406666666666666,5.13,7.005,57.885,72.7,0.0,6.69
2020-06-03 01:00:56,13.616666666666667,0.0,7.234999999999999,48.07500000000001,58.905,0.0,10.39
2020-06-03 02:00:56,13.219999999999999,4.46,7.31,46.845,52.99,0.0,10.53
2020-06-03 03:00:56,13.286666666666667,2.9150000000000005,7.390000000000001,45.13,52.185,0.0,9.71
2020-06-03 04:00:56,14.156666666666666,2.36,7.295000000000001,39.675000000000004,46.81,0.0,8.83
2020-06-03 05:00:56,17.86,2.52,7.390000000000001,44.574999999999996,51.465,0.0,8.03
2020-06-03 06:00:56,39.61333333333333,7.575,8.09,45.02,54.47,0.0,14.83
2020-06-03 07:00:56,43.77333333333333,17.16,9.155,44.35999999999999,51.895,0.0,15.93
2020-06-03 08:00:56,39.33666666666667,0.0,9.76,49.43,59.06,0.0,16.05
2020-06-03 09:00:56,45.17666666666667,12.045,8.465,48.865,57.199999999999996,0.0,17.04
2020-06-03 10:00:56,34.7,0.0,7.91,45.370000000000005,51.315,0.0,17.18
2020-06-03 11:00:56,30.49666666666667,8.715,7.81,42.415,47.105,0.0,16.87
2020-06-03 12:00:56,22.743333333333332,6.87,8.325000000000001,49.415,56.51,0.0,15.17
2020-06-03 13:00:56,27.683333333333334,5.15,8.015,52.125,60.185,0.0,8.96
2020-06-03 14:00:56,20.01666666666667,7.855,8.04,43.775,48.915,0.0,14.27
2020-06-03 15:00:56,24.6,4.785,8.02,33.34,37.375,0.0,23.59
2020-06-03 16:00:56,19.546666666666667,2.905,8.195,37.87,41.870000000000005,0.0,16.35
2020-06-03 17:00:56,17.89,2.9500000000000006,8.335,37.43,41.43,0.0,17.19
2020-06-03 18:00:56,20.990000000000002,6.544999999999999,8.11,39.975,43.975,0.0,17.54
2020-06-03 19:00:56,19.89,4.785,7.989999999999999,45.44,49.699999999999996,0.0,18.11
2020-06-03 20:00:56,26.476666666666667,7.25,7.98,52.615,58.09,0.0,20.14
2020-06-03 21:00:56,23.9,7.239999999999999,8.045,46.66,52.620000000000005,0.0,13.82
2020-06-03 22:00:56,31.546666666666667,9.48,8.035,44.555,50.074999999999996,0.0,12.07
2020-06-03 23:00:56,27.01,5.34,7.84,41.79,47.919999999999995,0.0,10.25
2020-06-04 00:00:56,19.816666666666666,5.625,7.95,39.265,45.055,0.0,11.05
2020-06-04 01:00:56,17.32,9.32,7.665,40.215,46.02,0.0,10.43
2020-06-04 02:00:56,21.833333333333332,5.405,8.085,42.73500000000001,48.01500000000001,0.0,13.73
2020-06-04 03:00:56,24.633333333333333,7.080000000000001,8.25,44.355,49.925000000000004,0.0,15.51
2020-06-04 04:00:56,43.406666666666666,0.0,8.555,48.355,53.945,0.0,13.97
2020-06-04 05:00:56,53.096666666666664,0.0,7.82,47.26,52.794999999999995,0.0,13.45
2020-06-04 06:00:56,62.57666666666666,22.06,7.605,43.145,53.47,0.0,13.29
2020-06-04 07:00:56,59.69333333333333,23.12,7.724999999999999,51.595,63.379999999999995,0.0,13.44
2020-06-04 08:00:56,82.69,32.54,9.07,63.14000000000001,84.46499999999999,0.0,11.99
2020-06-04 09:00:56,89.41,38.395,8.11,63.00999999999999,72.195,0.0,15.51
2020-06-04 10:00:56,79.93666666666667,43.855,7.965,59.105,70.785,0.0,14.27
2020-06-04 11:00:56,48.370000000000005,24.12,7.760000000000001,44.835,49.794999999999995,0.0,19.92
2020-06-04 12:00:56,28.23,12.07,7.56,43.355,48.18,0.0,17.62
2020-06-04 13:00:56,16.326666666666668,6.09,7.07,38.635,42.4,0.0,18.09
2020-06-04 14:00:56,17.68,4.145,6.755,42.27,47.475,0.0,13.9
2020-06-04 15:00:56,14.346666666666666,0.0,6.95,38.295,42.580000000000005,0.0,14.5
2020-06-04 16:00:56,18.323333333333334,3.7099999999999995,7.224999999999999,47.725,54.544999999999995,0.0,10.98
2020-06-04 17:00:56,18.39333333333333,6.169999999999999,7.325,62.125,74.11,0.0,11.41
2020-06-04 18:00:56,22.44,9.13,4.355,57.48,68.215,0.0,13.64
2020-06-04 19:00:56,21.09,5.8,4.34,47.044999999999995,52.16,0.0,17.12
2020-06-04 20:00:56,30.183333333333337,6.830000000000001,12.525,54.625,61.615,0.0,15.13
2020-06-04 21:00:56,35.056666666666665,4.805,8.729999999999999,61.76,72.705,0.0,11.9
2020-06-04 22:00:56,33.913333333333334,7.575,8.53,53.61000000000001,63.53,0.0,11.3
2020-06-04 23:00:56,33.79,9.285,8.459999999999999,56.935,69.23,0.0,12.66
2020-06-05 00:00:56,29.866666666666667,6.364999999999999,8.42,54.324999999999996,64.16499999999999,0.0,14.64
2020-06-05 01:00:56,23.743333333333336,0.0,7.93,62.25,77.575,0.0,13.09
2020-06-05 02:00:56,31.46,14.135,7.260000000000001,60.824999999999996,70.89,0.0,11.66
2020-06-05 03:00:56,33.29666666666667,8.63,7.689999999999999,59.01500000000001,70.38,0.0,11.13
2020-06-05 04:00:56,46.56333333333333,0.0,9.48,52.91,65.53,0.0,11.16
2020-06-05 05:00:56,64.38333333333333,23.905,8.55,49.185,70.41000000000001,0.0,10.58
2020-06-05 06:00:56,58.89,35.81,8.674999999999999,48.91,67.96,0.0,11.31
2020-06-05 07:00:56,68.77,43.275,12.385,52.02,76.115,0.0,10.23
2020-06-05 08:00:56,91.26666666666667,41.225,9.155,59.94499999999999,81.57,0.0,11.87
2020-06-05 09:00:56,88.26333333333334,27.49,6.27,69.79,91.065,0.0,13.04
2020-06-05 10:00:56,64.93,23.375,5.385000000000001,67.13,78.145,0.0,15.17
2020-06-05 11:00:56,51.2,18.33,4.86,51.995000000000005,57.775000000000006,0.0,17.85
2020-06-05 12:00:56,35.14333333333334,9.23,4.11,44.185,49.129999999999995,0.0,18.73
2020-06-05 13:00:56,22.346666666666664,4.825,5.32,0.0,0.0,0.0,16.6
2020-06-05 14:00:56,14.83,2.89,10.41,46.23,51.550000000000004,0.0,15.61
2020-06-05 15:00:56,20.75,4.62,10.765,47.885,54.705000000000005,0.0,15.83
2020-06-05 16:00:56,15.743333333333334,3.195,11.4,44.44,49.44,0.0,16.01
2020-06-05 17:00:56,14.903333333333334,2.455,10.915,46.169999999999995,52.115,0.0,15.09
2020-06-05 18:00:56,13.896666666666667,2.185,10.645000000000001,51.025000000000006,57.76,0.0,16.13
2020-06-05 19:00:56,16.60333333333333,1.885,10.354999999999999,63.379999999999995,74.0,0.0,12.31
2020-06-05 20:00:56,21.48,2.21,10.21,65.08,78.465,0.0,11.79
2020-06-05 21:00:56,25.473333333333333,3.1199999999999997,10.535,96.685,121.48,0.0,11.61
2020-06-05 22:00:56,49.06666666666666,4.395,12.485,89.65500000000002,125.445,0.0,10.22
2020-06-05 23:00:56,64.86,10.24,16.48,86.83,127.97499999999998,0.0,15.91
2020-06-06 00:00:56,83.07,27.399999999999995,20.76,83.09,113.605,0.0,8.52
2020-06-06 01:00:56,84.18,27.3,18.69,78.465,131.085,0.0,6.11
2020-06-06 02:00:56,80.15,27.42,17.025,76.805,124.34499999999998,0.0,7.93
2020-06-06 03:00:56,91.12,38.535,15.295000000000002,73.43,119.545,0.0,10.66
2020-06-06 04:00:56,76.60666666666667,30.365,12.805,72.245,101.995,0.0,8.56
2020-06-06 05:00:56,66.01333333333334,28.05,10.21,70.21,93.74000000000001,0.0,9.81
2020-06-06 06:00:56,64.07,26.600000000000005,9.6,63.464999999999996,91.3,0.0,9.45
2020-06-06 07:00:56,54.93333333333334,26.05,11.705,65.715,102.53500000000001,0.0,10.55
2020-06-06 08:00:56,67.94666666666667,31.05,18.36,82.6,113.92,0.0,13.02
2020-06-06 09:00:56,69.53333333333333,25.225000000000005,20.605,93.935,115.83999999999999,0.0,12.66
2020-06-06 10:00:56,69.75333333333333,20.58,18.32,83.565,97.32,0.0,16.01
2020-06-06 11:00:56,63.553333333333335,16.68,15.055,78.36,86.355,0.0,16.24
2020-06-06 12:00:56,44.79666666666667,12.585,11.125,56.375,61.11500000000001,0.0,16.79
2020-06-06 13:00:56,32.11666666666667,7.855,9.475,52.905,57.465,0.0,21.66
2020-06-06 14:00:56,17.74,0.0,9.845,52.965,58.67499999999999,0.0,15.22
2020-06-06 15:00:56,14.806666666666668,0.0,10.115,62.85,71.62,0.0,13.19
2020-06-06 16:00:56,16.099999999999998,2.9249999999999994,10.44,65.915,73.355,0.0,11.4
2020-06-06 17:00:56,16.356666666666666,1.8150000000000002,10.33,64.54,72.035,0.0,12.5
2020-06-06 18:00:56,13.116666666666667,1.465,10.385,67.965,79.345,0.0,14.03
2020-06-06 19:00:56,15.54,1.53,10.16,75.58,85.935,0.0,10.06
2020-06-06 20:00:56,24.05,6.614999999999999,9.925,69.86,76.185,0.0,13.7
2020-06-06 21:00:56,36.623333333333335,4.8,9.645,73.4,79.47500000000001,0.0,13.37
2020-06-06 22:00:56,35.2,3.6199999999999997,10.315,81.69,91.88,0.0,13.39
2020-06-06 23:00:56,41.4,6.54,12.575000000000001,81.97,89.15500000000002,0.0,17.52
2020-06-07 00:00:56,45.6,14.835,11.729999999999999,74.415,80.69999999999999,0.0,15.49
2020-06-07 01:00:56,47.123333333333335,8.075,11.905000000000001,81.89,93.42,0.0,11.9
2020-06-07 02:00:56,49.35,5.849999999999999,13.35,82.675,94.53500000000001,0.0,9.41
2020-06-07 03:00:56,50.120000000000005,9.82,12.88,74.35000000000001,82.43,0.0,10.53
2020-06-07 04:00:56,51.47666666666667,8.755,13.225,66.04,76.22500000000001,0.0,8.62
2020-06-07 05:00:56,53.656666666666666,14.945,10.445,59.57,70.065,0.0,8.27
2020-06-07 06:00:56,44.64,17.545,10.305,59.355,68.83999999999999,0.0,6.75
2020-06-07 07:00:56,41.766666666666666,20.475,15.115,63.165,75.49000000000001,0.0,7.64
2020-06-07 08:00:56,52.81999999999999,15.24,17.655,64.345,74.88499999999999,0.0,9.96
2020-06-07 09:00:56,62.46333333333333,16.625,22.76,62.35,69.21,0.0,9.71
2020-06-07 10:00:56,55.42,0.0,17.32,55.68,60.53999999999999,0.0,11.87
2020-06-07 11:00:56,42.486666666666665,11.185,12.590000000000002,50.565,54.669999999999995,0.0,18.5
2020-06-07 12:00:56,28.19,5.91,11.435,46.06,50.29,0.0,18.35
2020-06-07 13:00:56,27.92,3.81,10.805,46.300000000000004,50.69,0.0,15.31
2020-06-07 14:00:56,27.72,2.17,10.745,47.915,52.465,0.0,17.17
2020-06-07 15:00:56,20.68,1.615,11.305,51.495000000000005,56.35999999999999,0.0,13.18
2020-06-07 16:00:56,16.363333333333333,1.3950000000000002,12.08,53.675000000000004,59.23,0.0,18.28
2020-06-07 17:00:56,16.293333333333333,1.15,12.174999999999999,62.415,68.68,0.0,12.7
2020-06-07 18:00:56,18.703333333333333,1.115,12.185,52.31,57.21,0.0,15.32
2020-06-07 19:00:56,25.066666666666666,0.9499999999999998,12.475,58.824999999999996,64.37,0.0,14.2
2020-06-07 20:00:56,27.993333333333332,3.2900000000000005,11.945,71.095,78.155,0.0,12.74
2020-06-07 21:00:56,40.15,3.215,11.76,73.14,79.265,0.0,8.81
2020-06-07 22:00:56,44.42333333333333,11.895000000000001,13.155000000000001,80.49,86.94500000000001,0.0,10.92
2020-06-07 23:00:56,48.10333333333333,9.165,22.905,89.64,99.325,0.0,9.43
2020-06-08 00:00:56,62.57333333333333,18.955,23.125,89.34499999999998,102.95,0.0,11.88
2020-06-08 01:00:56,65.53333333333333,22.285,19.06,83.71499999999999,90.87,0.0,13.97
2020-06-08 02:00:56,64.48333333333333,18.51,14.755,78.985,85.63,0.0,14.64
2020-06-08 03:00:56,53.46666666666667,17.86,17.275000000000002,78.67,85.815,0.0,14.93
2020-06-08 04:00:56,66.81333333333333,17.95,21.87,66.53,73.37,0.0,13.77
2020-06-08 05:00:56,71.33333333333333,24.005,14.625,61.51500000000001,69.795,0.0,12.87
2020-06-08 06:00:56,56.01,21.665000000000003,18.95,63.72,72.16,0.0,13.42
2020-06-08 07:00:56,70.36666666666666,22.95,15.87,74.105,91.21,0.0,11.29
2020-06-08 08:00:56,67.65,21.435,22.76,91.57,115.005,0.0,17.58
2020-06-08 09:00:56,102.13,16.16,26.175,100.445,119.44,0.0,16.35
2020-06-08 10:00:56,92.98,20.585,20.419999999999998,87.395,95.88,0.0,14.64
2020-06-08 11:00:56,81.22,19.255,17.4,78.735,83.72,0.0,15.35
2020-06-08 12:00:56,76.83,12.68,13.415,62.035,66.61500000000001,0.0,16.83
2020-06-08 13:00:56,63.096666666666664,14.315,11.575000000000001,59.419999999999995,64.28500000000001,0.0,15.03
2020-06-08 14:00:56,54.04666666666667,10.425,12.424999999999999,54.63999999999999,58.830000000000005,0.0,14.96
2020-06-08 15:00:56,52.24666666666667,6.71,13.61,55.18,60.395,0.0,14.7
2020-06-08 16:00:56,60.18333333333334,3.895,14.315,62.68,68.765,0.0,15.0
2020-06-08 17:00:56,62.303333333333335,4.23,13.37,76.47,83.97500000000001,0.0,12.8
2020-06-08 18:00:56,76.15333333333334,13.51,13.285000000000002,75.52,86.125,0.0,12.35
2020-06-08 19:00:56,86.45333333333333,14.79,13.469999999999999,85.455,99.745,0.0,10.77
2020-06-08 20:00:56,71.57333333333332,20.435,11.82,75.43,85.67,0.0,12.08
2020-06-08 21:00:56,65.73666666666666,14.925000000000002,11.92,77.85000000000001,87.665,0.0,11.54
2020-06-08 22:00:56,50.906666666666666,14.69,11.955,79.49000000000001,89.68,0.0,13.54
2020-06-08 23:00:56,47.6,7.825,14.075000000000001,70.145,77.295,0.0,15.17
2020-06-09 00:00:56,41.946666666666665,7.02,13.195,63.48,70.055,0.0,13.55
2020-06-09 01:00:56,36.02333333333333,10.275,11.37,60.965,68.195,0.0,10.3
2020-06-09 02:00:56,31.076666666666668,9.725,13.515,59.16,67.69,0.0,9.97
2020-06-09 03:00:56,50.236666666666665,11.699999999999998,14.32,66.58,78.515,0.0,13.25
2020-06-09 04:00:56,61.836666666666666,34.225,12.14,58.06,67.235,0.0,16.46
2020-06-09 05:00:56,56.55,26.13,14.145000000000001,69.25999999999999,82.42500000000001,0.0,11.84
2020-06-09 06:00:56,55.27666666666667,19.855,14.205,64.605,77.495,0.0,9.4
2020-06-09 07:00:56,76.74333333333334,29.7,26.005,61.605,74.25,0.0,10.12
2020-06-09 08:00:56,80.65,25.635,36.32,64.825,78.8,0.0,11.65
2020-06-09 09:00:56,77.51666666666667,21.135,49.129999999999995,78.37,97.27500000000002,0.0,9.88
2020-06-09 10:00:56,68.27666666666666,22.88,37.445,85.32,99.94,0.0,10.55
2020-06-09 11:00:56,76.86666666666667,24.845,39.27,75.545,84.61,0.0,18.51
2020-06-09 12:00:56,69.01333333333334,20.05,26.875,66.165,71.46,0.0,17.1
2020-06-09 13:00:56,58.416666666666664,11.185,21.72,52.97,57.23,0.0,19.28
2020-06-09 14:00:56,52.02333333333333,11.875,17.669999999999998,46.335,50.574999999999996,0.0,20.21
2020-06-09 15:00:56,39.68666666666667,6.565,13.625,47.74,51.76,0.0,15.9
2020-06-09 16:00:56,36.48,4.515,12.61,46.120000000000005,50.25,0.0,16.52
2020-06-09 17:00:56,41.17666666666667,5.01,13.895000000000001,60.49,66.935,0.0,14.8
2020-06-09 18:00:56,50.67,3.705,12.49,71.055,80.11,0.0,10.09
2020-06-09 19:00:56,56.36333333333334,5.91,11.89,79.38,91.93,0.0,11.53
2020-06-09 20:00:56,74.54,11.175000000000002,0.0,66.005,70.77,0.0,13.33
2020-06-09 21:00:56,80.09,11.435,10.24,12.475,13.735,0.0,17.58
2020-06-09 22:00:56,78.86333333333333,18.94,10.185,34.225,39.35,0.0,17.46
2020-06-09 23:00:56,70.26666666666667,13.14,9.9,29.100000000000005,32.91,0.0,17.42
2020-06-10 00:00:56,66.89999999999999,8.205,9.685,36.445,42.03,0.0,14.97
2020-06-10 01:00:56,56.68,13.315,9.505,36.28,42.755,0.0,13.82
2020-06-10 02:00:56,54.60333333333333,8.915,14.574999999999998,36.97,43.885,0.0,12.79
2020-06-10 03:00:56,59.346666666666664,10.19,18.540000000000003,43.82500000000001,53.37,0.0,10.49
2020-06-10 04:00:56,67.65,10.045,14.47,39.525000000000006,46.379999999999995,0.0,11.98
2020-06-10 05:00:56,60.46666666666667,18.18,12.545,33.965,40.59,0.0,14.15
2020-06-10 06:00:56,67.43666666666667,19.9,14.875,36.51,43.68,0.0,15.12
2020-06-10 07:00:56,77.68666666666667,30.13,39.33,40.28,48.800000000000004,0.0,15.22
2020-06-10 08:00:56,94.63,28.28,52.07,46.93,62.405,0.0,12.99
2020-06-10 09:00:56,86.51666666666667,35.615,28.61,51.395,64.585,0.0,14.24
2020-06-10 10:00:56,76.79333333333334,20.37,18.765,42.26,49.635,0.0,16.52
2020-06-10 11:00:56,57.24333333333333,11.324999999999998,15.579999999999998,35.824999999999996,39.835,0.0,16.98
2020-06-10 12:00:56,52.03,9.185,16.04,36.945,40.975,0.0,16.5
2020-06-10 13:00:56,47.28666666666667,4.985,14.799999999999999,41.824999999999996,46.905,0.0,13.02
2020-06-10 14:00:56,52.150000000000006,4.815,13.89,38.465,42.669999999999995,0.0,14.91
2020-06-10 15:00:56,49.593333333333334,3.8699999999999997,12.89,39.199999999999996,43.93,0.0,10.84
2020-06-10 16:00:56,48.35666666666666,4.215,12.24,41.28,46.34,0.0,13.09
2020-06-10 17:00:56,45.6,4.32,12.49,43.215,50.04,0.0,12.42
2020-06-10 18:00:56,56.47666666666667,11.85,13.905000000000001,50.26,58.76499999999999,0.0,10.42
2020-06-10 19:00:56,64.37,13.51,12.21,53.805,62.49,0.0,10.36
2020-06-10 20:00:56,67.98666666666666,16.15,12.104999999999999,40.595,46.135,0.0,17.26
2020-06-10 21:00:56,51.72666666666666,13.795,12.305,39.705,44.155,0.0,18.02
2020-06-10 22:00:56,51.11,10.215,12.015,39.54,44.15,0.0,16.51
2020-06-10 23:00:56,41.50666666666667,5.72,11.495,43.794999999999995,50.85999999999999,0.0,15.11
2020-06-11 00:00:56,43.85666666666667,6.239999999999999,11.385,46.665,54.72,0.0,13.54
2020-06-11 01:00:56,41.28666666666667,10.555,10.82,35.400000000000006,41.685,0.0,18.92
2020-06-11 02:00:56,33.04666666666667,11.37,10.895000000000001,28.97,33.175000000000004,0.0,19.16
2020-06-11 03:00:56,32.93,7.535,10.695,31.255,36.365,0.0,15.62
2020-06-11 04:00:56,33.64666666666667,9.585,10.72,33.64,39.005,0.0,14.48
2020-06-11 05:00:56,35.346666666666664,8.475,9.81,32.355,36.905,0.0,13.52
2020-06-11 06:00:56,50.60333333333333,13.185,10.69,33.135,39.07,0.0,12.95
2020-06-11 07:00:56,59.35333333333333,21.24,13.225,42.9,56.16,0.0,10.45
2020-06-11 08:00:56,62.67333333333333,23.0,19.375,39.095,46.69,0.0,12.2
2020-06-11 09:00:56,52.31,19.745,18.915,42.23,48.580000000000005,0.0,14.73
2020-06-11 10:00:56,43.92,13.005,21.175,42.435,47.89000000000001,0.0,16.56
2020-06-11 11:00:56,51.01,12.495,15.770000000000001,33.32,37.125,0.0,22.3
2020-06-11 12:00:56,29.516666666666666,7.065,12.025,28.855,31.810000000000002,0.0,21.67
2020-06-11 13:00:56,36.873333333333335,4.925,12.655,29.665000000000003,33.035,0.0,17.71
2020-06-11 14:00:56,38.92,6.305,12.035000000000002,36.415,40.51499999999999,0.0,17.32
2020-06-11 15:00:56,31.96,7.864999999999999,12.12,34.805,38.25,0.0,17.0
2020-06-11 16:00:56,32.18333333333333,4.75,11.949999999999998,31.099999999999998,34.02,0.0,19.24
2020-06-11 17:00:56,33.446666666666665,3.94,10.725,41.82,47.775,0.0,10.94
2020-06-11 18:00:56,40.64,4.48,10.49,45.02,51.085,0.0,9.58
2020-06-11 19:00:56,52.406666666666666,8.875,8.83,38.94,43.70000000000001,0.0,15.33
2020-06-11 20:00:56,84.57666666666667,13.44,8.9,31.584999999999997,35.84,0.0,19.07
2020-06-11 21:00:56,104.55333333333333,22.92,8.4,46.68,54.885,0.0,16.45
2020-06-11 22:00:56,68.99333333333334,14.235,8.04,42.99,49.77,0.0,16.01
2020-06-11 23:00:56,39.833333333333336,11.54,7.66,36.725,42.21,0.0,17.07
2020-06-12 00:00:56,28.82333333333333,11.58,7.495,39.78,45.895,0.0,15.73
2020-06-12 01:00:56,22.596666666666664,7.765,7.760000000000001,36.58,43.294999999999995,0.0,14.26
2020-06-12 02:00:56,31.413333333333334,7.775000000000001,7.995,35.25,41.035,0.0,12.35
2020-06-12 03:00:56,31.22,11.475,8.29,36.36000000000001,40.865,0.0,12.6
2020-06-12 04:00:56,67.29,29.66,8.85,34.0,39.155,0.0,11.91
2020-06-12 05:00:56,60.74,0.0,8.315,30.605,35.625,0.0,12.66
2020-06-12 06:00:56,51.04333333333333,24.774999999999995,8.7,33.37,40.115,0.0,11.47
2020-06-12 07:00:56,88.03,49.49,9.67,35.73500000000001,45.035,0.0,11.88
2020-06-12 08:00:56,97.92666666666666,51.955000000000005,14.88,41.32,51.98499999999999,0.0,12.33
2020-06-12 09:00:56,96.51666666666667,46.035,22.14,43.97,53.01500000000001,0.0,13.89
2020-06-12 10:00:56,74.34,29.53,18.31,39.42,46.51500000000001,0.0,14.32
2020-06-12 11:00:56,49.86333333333334,15.335,14.729999999999999,41.915,48.535,0.0,14.41
2020-06-12 12:00:56,40.25666666666667,8.545,12.69,37.105,40.925000000000004,0.0,18.01
2020-06-12 13:00:56,36.56333333333333,4.915,5.815,24.274999999999995,27.22,0.0,20.04
2020-06-12 14:00:56,28.973333333333333,4.735,0.0,30.159999999999997,33.41,0.0,0.0
2020-06-12 15:00:56,27.790000000000003,3.285,0.0,34.615,39.58,0.0,0.0
2020-06-12 16:00:56,34.906666666666666,6.765,4.345,39.785,45.49,0.0,0.0
2020-06-12 17:00:56,18.32333333333333,4.095,4.39,41.699999999999996,47.525,0.0,0.0
2020-06-12 18:00:56,20.583333333333332,2.185,4.35,47.585,55.685,0.0,0.0
2020-06-12 19:00:56,26.30333333333333,2.785,4.095,37.97,43.68,0.0,0.0
2020-06-12 20:00:56,34.74,14.445,4.18,30.08,33.84,0.0,0.0
2020-06-12 21:00:56,35.03,24.399999999999995,4.275,40.574999999999996,47.24,0.0,0.0
2020-06-12 22:00:56,29.01,20.605,4.215,32.14,36.985,0.0,0.0
2020-06-12 23:00:56,15.920000000000002,10.665,4.245,28.185000000000002,32.18,0.0,0.0
2020-06-13 00:00:56,8.663333333333334,5.735,4.1,22.205,25.385,0.0,0.0
2020-06-13 01:00:56,7.433333333333334,4.52,4.04,31.14,36.64,0.0,0.0
2020-06-13 02:00:56,7.046666666666667,0.0,3.9949999999999997,33.11,37.75,0.0,0.0
2020-06-13 03:00:56,14.466666666666669,9.62,4.155,29.215,33.98,0.0,0.0
2020-06-13 04:00:56,20.256666666666664,9.265,4.085,26.34,30.365,0.0,0.0
2020-06-13 05:00:56,15.713333333333333,6.645,4.14,27.929999999999996,31.645,0.0,0.0
2020-06-13 06:00:56,17.706666666666667,10.66,4.485,30.59,38.06,0.0,0.0
2020-06-13 07:00:56,34.86,0.0,4.92,35.504999999999995,45.095,0.0,0.0
2020-06-13 08:00:56,42.81333333333333,36.205,5.609999999999999,35.115,41.77,0.0,0.0
2020-06-13 09:00:56,37.21,21.05,5.349999999999999,31.885,37.07,0.0,0.0
2020-06-13 10:00:56,25.083333333333332,13.910000000000002,5.035,31.16,35.615,0.0,0.0
2020-06-13 11:00:56,18.46333333333333,0.0,5.73,30.804999999999996,34.75,0.0,2.48
2020-06-13 12:00:56,20.126666666666665,7.419999999999999,5.155,30.755,34.84,0.0,4.68
2020-06-13 13:00:56,14.463333333333333,4.76,4.535,25.62,29.045,0.0,3.83
2020-06-13 14:00:56,8.626666666666665,0.0,4.39,23.444999999999997,26.505,0.0,2.23
2020-06-13 15:00:56,12.71,0.0,10.385,23.584999999999997,26.78,0.0,16.6
2020-06-13 16:00:56,23.9,9.91,10.35,34.125,40.625,0.0,17.33
2020-06-13 17:00:56,22.173333333333332,0.0,10.36,27.034999999999997,30.830000000000002,0.0,18.56
2020-06-13 18:00:56,16.746666666666666,0.0,10.215,25.67,29.19,0.0,19.32
2020-06-13 19:00:56,16.76,0.0,9.16,41.25,50.615,0.0,15.66
2020-06-13 20:00:56,16.153333333333332,8.395,9.13,39.94,45.29,0.0,15.69
2020-06-13 21:00:56,18.153333333333332,5.44,8.63,52.21,64.61,0.0,13.28
2020-06-13 22:00:56,29.19333333333333,5.94,8.43,55.59,73.185,0.0,2.73
2020-06-13 23:00:56,37.07333333333333,4.135,8.835,35.18,40.415,0.0,11.03
2020-06-14 00:00:56,28.99666666666667,9.395,8.56,44.455000000000005,54.085,0.0,9.64
2020-06-14 01:00:56,17.563333333333333,4.93,8.2,30.819999999999997,35.57,0.0,11.32
2020-06-14 02:00:56,14.239999999999998,3.565,8.21,25.06,28.305000000000003,0.0,12.47
2020-06-14 03:00:56,15.466666666666667,2.47,8.265,23.075,26.03,0.0,11.98
2020-06-14 04:00:56,15.283333333333333,2.785,8.26,22.59,26.224999999999998,0.0,12.03
2020-06-14 05:00:56,13.12,0.0,7.415,23.545,27.52,0.0,10.7
2020-06-14 06:00:56,16.86,3.4150000000000005,7.960000000000001,24.77,28.879999999999995,0.0,9.21
2020-06-14 07:00:56,27.656666666666666,7.87,9.13,28.845,34.52,0.0,8.83
2020-06-14 08:00:56,39.40333333333333,20.07,10.485,28.56,32.715,0.0,10.76
2020-06-14 09:00:56,41.04333333333334,20.54,12.12,25.915000000000003,30.095,0.0,11.83
2020-06-14 10:00:56,28.293333333333333,13.045,10.64,24.064999999999998,27.97,0.0,12.17
2020-06-14 11:00:56,15.846666666666666,0.0,9.38,23.185000000000002,26.905,0.0,12.46
2020-06-14 12:00:56,15.243333333333332,0.0,8.469999999999999,36.785000000000004,47.78,0.0,9.02
2020-06-14 13:00:56,18.016666666666666,4.295,8.69,43.635,56.14000000000001,0.0,7.81
2020-06-14 14:00:56,20.553333333333335,3.8800000000000003,9.159999999999998,33.43,38.13,0.0,11.33
2020-06-14 15:00:56,14.416666666666666,3.16,8.255,38.195,45.29,0.0,9.58
2020-06-14 16:00:56,14.25,5.035,8.085,45.915,56.465,0.0,8.72
2020-06-14 17:00:56,20.369999999999997,6.37,8.219999999999999,42.27,49.794999999999995,0.0,9.43
2020-06-14 18:00:56,21.55666666666667,4.16,8.105,42.5,50.145,0.0,10.41
2020-06-14 19:00:56,19.51,2.48,8.030000000000001,46.14000000000001,53.56,0.0,10.42
2020-06-14 20:00:56,21.46333333333333,2.85,7.710000000000001,48.615,59.824999999999996,0.0,8.6
2020-06-14 21:00:56,26.28,7.015,7.57,50.195,64.365,0.0,7.15
2020-06-14 22:00:56,32.25666666666667,7.405,7.52,55.74,69.8,0.0,7.9
2020-06-14 23:00:56,40.19,6.114999999999999,7.48,49.5,59.625,0.0,8.73
2020-06-15 00:00:56,28.10333333333333,8.55,7.510000000000001,51.31,59.96,0.0,7.72
2020-06-15 01:00:56,44.473333333333336,15.11,7.66,50.805,67.83,0.0,7.17
2020-06-15 02:00:56,66.04333333333334,31.175,8.01,48.78,59.47,0.0,6.88
2020-06-15 03:00:56,72.09,33.755,7.989999999999999,43.595,52.09,0.0,7.88
2020-06-15 04:00:56,81.31333333333333,41.6,7.84,38.22,45.71,0.0,7.46
2020-06-15 05:00:56,75.61,0.0,8.075,38.555,49.074999999999996,0.0,5.91
2020-06-15 06:00:56,68.83666666666667,0.0,8.270000000000001,41.23,52.935,0.0,6.95
2020-06-15 07:00:56,69.28666666666666,45.15,8.674999999999999,43.03,64.605,0.0,4.83
2020-06-15 08:00:56,69.78,52.6,11.65,47.300000000000004,64.79,0.0,6.16
2020-06-15 09:00:56,75.70333333333333,39.325,14.214999999999998,46.10999999999999,57.155,0.0,8.43
2020-06-15 10:00:56,68.14666666666668,26.455,14.07,41.175000000000004,49.23,0.0,9.08
2020-06-15 11:00:56,45.84,17.075,11.410000000000002,35.324999999999996,40.805,0.0,11.6
2020-06-15 12:00:56,31.303333333333335,9.49,12.089999999999998,35.9,40.195,0.0,11.27
2020-06-15 13:00:56,34.62,6.035,13.530000000000001,35.370000000000005,39.255,0.0,11.49
2020-06-15 14:00:56,41.88,10.705,13.025,33.23,37.165,0.0,12.04
2020-06-15 15:00:56,37.00666666666667,8.945,10.66,34.59,38.595,0.0,9.61
2020-06-15 16:00:56,40.71666666666667,12.315,9.165,35.485,41.25,0.0,9.06
2020-06-15 17:00:56,35.943333333333335,16.755,8.875,48.09,61.255,0.0,6.58
2020-06-15 18:00:56,34.89666666666667,12.07,9.155,51.415,66.38,0.0,6.43
2020-06-15 19:00:56,29.333333333333332,7.98,8.85,44.19,50.589999999999996,0.0,10.09
2020-06-15 20:00:56,34.43333333333333,0.0,8.465,52.09,65.8,0.0,8.04
2020-06-15 21:00:56,36.086666666666666,0.0,8.205,52.205000000000005,64.185,0.0,7.32
2020-06-15 22:00:56,37.0,17.875,8.075000000000001,61.03,83.02499999999999,0.0,5.96
2020-06-15 23:00:56,38.833333333333336,13.83,7.945,66.345,90.28000000000002,0.0,5.38
2020-06-16 00:00:56,36.04,0.0,7.91,59.745000000000005,80.23,0.0,5.52
2020-06-16 01:00:56,54.72666666666667,34.32,7.8950000000000005,52.595,70.75,0.0,6.2
2020-06-16 02:00:56,65.51333333333334,33.435,8.024999999999999,51.07,67.625,0.0,4.63
2020-06-16 03:00:56,50.483333333333334,33.015,8.06,43.52,55.59,0.0,5.6
2020-06-16 04:00:56,69.67,37.785,8.215,39.635,47.294999999999995,0.0,6.9
2020-06-16 05:00:56,72.91,27.34,7.890000000000001,38.21,47.0,0.0,5.77
2020-06-16 06:00:56,72.05,0.0,7.82,37.98,49.76500000000001,0.0,5.42
2020-06-16 07:00:56,80.78,0.0,8.225,41.330000000000005,66.33500000000001,0.0,6.01
2020-06-16 08:00:56,87.04666666666667,41.815,10.985,46.955000000000005,67.825,0.0,6.73
2020-06-16 09:00:56,81.17,26.875,10.535,47.53,63.645,0.0,7.81
2020-06-16 10:00:56,53.906666666666666,18.76,10.265,38.805,46.66,0.0,10.9
2020-06-16 11:00:56,44.64666666666667,11.99,9.450000000000001,33.275,39.075,0.0,10.34
2020-06-16 12:00:56,33.03666666666667,6.87,9.27,34.254999999999995,38.525,0.0,12.89
2020-06-16 13:00:56,34.83,4.465,9.585,31.895,35.795,0.0,11.66
2020-06-16 14:00:56,30.153333333333336,7.905,10.265,34.29,38.38,0.0,9.42
2020-06-16 15:00:56,35.79,5.025,11.755,37.72,42.235,0.0,7.49
2020-06-16 16:00:56,30.673333333333332,5.31,11.555,41.68,48.580000000000005,0.0,8.26
2020-06-16 17:00:56,24.56,4.225,10.03,45.04,51.35999999999999,0.0,8.89
2020-06-16 18:00:56,38.303333333333335,7.275000000000001,10.94,50.945,58.129999999999995,0.0,5.05
2020-06-16 19:00:56,50.33666666666667,5.34,11.14,51.93000000000001,60.550000000000004,0.0,9.36
2020-06-16 20:00:56,43.2,12.964999999999998,10.395,58.77,72.07,0.0,8.13
2020-06-16 21:00:56,49.026666666666664,8.24,9.535,63.28,77.78,0.0,6.58
2020-06-16 22:00:56,66.11,9.235,10.135,47.330000000000005,55.900000000000006,0.0,11.33
2020-06-16 23:00:56,59.50666666666667,14.729999999999999,9.955,51.64000000000001,59.565,0.0,7.85
2020-06-17 00:00:56,52.40333333333333,12.675000000000002,9.575000000000001,55.635,65.99000000000001,0.0,8.51
2020-06-17 01:00:56,53.52,14.055,8.850000000000001,54.15,66.08,0.0,6.44
2020-06-17 02:00:56,56.31666666666666,16.07,8.805,49.495,57.815,0.0,6.56
2020-06-17 03:00:56,62.20333333333334,21.45,8.65,49.52,58.315,0.0,6.46
2020-06-17 04:00:56,59.34,21.275,8.72,43.34,50.995,0.0,6.9
2020-06-17 05:00:56,52.656666666666666,23.935,8.42,41.01,51.35999999999999,0.0,6.24
2020-06-17 06:00:56,58.33333333333334,30.615,8.780000000000001,41.215,52.824999999999996,0.0,6.93
2020-06-17 07:00:56,61.35999999999999,0.0,9.0,43.305,58.0,0.0,6.62
2020-06-17 08:00:56,69.54333333333334,41.185,10.625,49.199999999999996,66.61,0.0,7.55
2020-06-17 09:00:56,79.19333333333333,28.52,11.305,53.22,63.755,0.0,9.58
2020-06-17 10:00:56,61.096666666666664,19.255,11.835,48.754999999999995,57.29,0.0,9.16
2020-06-17 11:00:56,56.45666666666666,13.464999999999998,11.295,45.98,51.845,0.0,9.04
2020-06-17 12:00:56,40.07666666666667,7.669999999999999,9.5,40.385,45.400000000000006,0.0,10.28
2020-06-17 13:00:56,27.686666666666667,5.035,9.315,34.36,38.199999999999996,0.0,12.38
2020-06-17 14:00:56,22.96666666666667,0.0,9.9,33.31,36.82,0.0,12.72
2020-06-17 15:00:56,37.76,0.0,11.135,38.77,42.815,0.0,11.71
2020-06-17 16:00:56,60.53,3.615,10.705,46.080000000000005,53.669999999999995,0.0,10.44
2020-06-17 17:00:56,80.33666666666667,5.21,9.78,33.8,38.295,0.0,13.74
2020-06-17 18:00:56,88.59,14.945,8.71,34.955,40.574999999999996,0.0,13.3
2020-06-17 19:00:56,64.06333333333333,13.25,8.78,48.095,58.004999999999995,0.0,8.37
2020-06-17 20:00:56,51.16,14.4,8.675,39.335,45.455000000000005,0.0,10.34
2020-06-17 21:00:56,34.79333333333333,8.895,8.51,42.355,48.82,0.0,10.09
2020-06-17 22:00:56,37.02333333333333,5.47,8.145,42.98,49.66,0.0,9.57
2020-06-17 23:00:56,34.36333333333334,4.6,8.695,43.13,48.26,0.0,8.72
2020-06-18 00:00:56,41.06,10.38,8.64,45.51,53.19,0.0,7.3
2020-06-18 01:00:56,46.74,6.474999999999999,8.495,42.19,48.23,0.0,7.27
2020-06-18 02:00:56,45.3,4.835,8.485,43.544999999999995,49.74,0.0,6.93
2020-06-18 03:00:56,44.50666666666667,6.785,8.735,37.43,43.705000000000005,0.0,6.65
2020-06-18 04:00:56,36.38,4.17,8.424999999999999,27.485,31.405,0.0,7.76
2020-06-18 05:00:56,34.71,8.105,7.84,29.445000000000004,35.265,0.0,6.13
2020-06-18 06:00:56,42.13,15.68,8.06,36.25,45.324999999999996,0.0,4.34
2020-06-18 07:00:56,51.74666666666667,17.59,9.13,36.885,45.125,0.0,5.12
2020-06-18 08:00:56,66.59,19.705,11.13,34.59,44.22,0.0,7.39
2020-06-18 09:00:56,45.67333333333333,12.15,10.735,34.21,41.605,0.0,7.65
2020-06-18 10:00:56,36.61666666666667,9.11,10.045,31.8,36.645,0.0,6.93
2020-06-18 11:00:56,37.33,0.0,13.050000000000002,35.805,41.09,0.0,5.95
2020-06-18 12:00:56,38.27333333333333,7.215,10.81,33.65,38.06,0.0,4.97
2020-06-18 13:00:56,30.683333333333334,4.465,9.21,35.39,40.835,0.0,5.34
2020-06-18 14:00:56,23.72666666666667,6.2,8.61,39.900000000000006,47.915,0.0,7.51
2020-06-18 15:00:56,22.223333333333333,3.8800000000000003,8.515,45.419999999999995,54.82,0.0,6.95
2020-06-18 16:00:56,27.693333333333335,3.035,8.08,44.565,51.19499999999999,0.0,8.9
2020-06-18 17:00:56,32.163333333333334,2.105,7.955000000000001,35.78,40.515,0.0,10.16
2020-06-18 18:00:56,38.21666666666667,1.155,8.045,36.72,41.33,0.0,7.2
2020-06-18 19:00:56,34.49333333333333,2.9599999999999995,8.02,40.09,46.145,0.0,12.29
2020-06-18 20:00:56,38.906666666666666,14.42,7.905000000000001,39.63,45.46,0.0,12.28
2020-06-18 21:00:56,41.6,7.755,7.82,42.919999999999995,49.47,0.0,8.55
2020-06-18 22:00:56,37.943333333333335,4.92,7.919999999999999,39.925000000000004,46.1,0.0,9.66
2020-06-18 23:00:56,34.083333333333336,7.11,7.649999999999999,38.42,44.76,0.0,8.78
2020-06-19 00:00:56,34.34,11.824999999999998,7.675000000000001,34.215,39.53,0.0,8.56
2020-06-19 01:00:56,33.25,10.3,7.6450000000000005,33.07,37.89,0.0,10.29
2020-06-19 02:00:56,35.763333333333335,0.0,8.175,33.125,37.735,0.0,8.13
2020-06-19 03:00:56,42.78333333333333,8.715,8.695,34.105,39.93,0.0,7.1
2020-06-19 04:00:56,43.28333333333333,0.0,9.015,34.02,39.1,0.0,7.48
2020-06-19 05:00:56,62.29,20.055,8.57,34.48,40.655,0.0,5.92
2020-06-19 06:00:56,58.75333333333333,14.68,8.485,35.445,42.22,0.0,6.01
2020-06-19 07:00:56,49.06,13.275,9.075000000000001,32.975,39.09,0.0,5.68
2020-06-19 08:00:56,56.016666666666666,13.205,11.025,38.32,50.725,0.0,6.02
2020-06-19 09:00:56,70.12666666666667,25.179999999999996,12.835,49.475,65.95,0.0,4.19
2020-06-19 10:00:56,74.41666666666667,24.895,15.134999999999998,52.615,66.315,0.0,5.38
2020-06-19 11:00:56,68.9,13.74,19.28,43.85,51.66,0.0,7.15
2020-06-19 12:00:56,49.583333333333336,14.905,11.525,37.015,42.58,0.0,8.04
2020-06-19 13:00:56,34.526666666666664,8.22,9.505,38.56,45.324999999999996,0.0,7.25
2020-06-19 14:00:56,27.65,4.94,8.700000000000001,39.78,47.36000000000001,0.0,7.36
2020-06-19 15:00:56,32.343333333333334,6.39,8.495,46.77,57.080000000000005,0.0,5.58
2020-06-19 16:00:56,29.05,6.364999999999999,8.115,53.52,68.02,0.0,4.71
2020-06-19 17:00:56,28.25,5.02,7.935,38.695,44.775000000000006,0.0,10.1
2020-06-19 18:00:56,26.14666666666667,4.045,7.814999999999999,32.71,37.16,0.0,12.7
2020-06-19 19:00:56,24.126666666666665,3.445,7.609999999999999,49.455000000000005,63.995,0.0,9.25
2020-06-19 20:00:56,30.22,11.15,7.255,55.085,74.96,0.0,9.57
2020-06-19 21:00:56,27.406666666666666,7.19,7.185,54.54,67.22,0.0,9.23
2020-06-19 22:00:56,33.38666666666666,11.795,7.155000000000001,54.080000000000005,69.845,0.0,8.63
2020-06-19 23:00:56,37.13,10.995,7.169999999999999,55.565,72.34,0.0,8.29
2020-06-20 00:00:56,31.73,0.0,7.07,42.705000000000005,49.155,0.0,10.08
2020-06-20 01:00:56,33.52333333333333,9.69,7.345,43.345,53.65,0.0,11.12
2020-06-20 02:00:56,32.50333333333333,8.865,7.59,39.27,47.794999999999995,0.0,9.27
2020-06-20 03:00:56,28.28,11.21,7.515000000000001,39.145,46.27,0.0,8.23
2020-06-20 04:00:56,41.49,11.58,7.564999999999999,40.115,48.0,0.0,9.26
2020-06-20 05:00:56,43.623333333333335,16.4,7.140000000000001,37.585,45.19499999999999,0.0,8.38
2020-06-20 06:00:56,58.78666666666666,0.0,7.435,33.53,41.82,0.0,8.94
2020-06-20 07:00:56,78.79,0.0,8.335,37.1,47.81,0.0,9.52
2020-06-20 08:00:56,104.48666666666668,49.79999999999999,14.415000000000001,40.435,53.025000000000006,0.0,7.75
2020-06-20 09:00:56,92.35,43.169999999999995,17.115,42.135,53.23,0.0,9.02
2020-06-20 10:00:56,56.2,22.145,14.145000000000001,33.870000000000005,39.965,0.0,13.19
2020-06-20 11:00:56,37.17666666666667,11.37,14.31,28.23,32.745,0.0,14.54
2020-06-20 12:00:56,33.54666666666667,6.395,11.799999999999999,29.575,33.595,0.0,12.59
2020-06-20 13:00:56,39.27,4.05,12.550000000000002,22.099999999999998,25.570000000000004,0.0,15.55
2020-06-20 14:00:56,33.016666666666666,4.54,10.68,22.955,26.015,0.0,14.06
2020-06-20 15:00:56,27.596666666666664,2.445,9.604999999999999,26.61,30.355,0.0,11.05
2020-06-20 16:00:56,24.15,1.84,9.799999999999999,31.350000000000005,36.89,0.0,12.89
2020-06-20 17:00:56,24.256666666666668,1.825,8.69,32.775000000000006,37.545,0.0,13.64
2020-06-20 18:00:56,25.186666666666667,4.425,8.565,37.71,43.71,0.0,9.4
2020-06-20 19:00:56,14.983333333333334,7.36,4.48,40.965,50.419999999999995,0.0,8.13
2020-06-20 20:00:56,19.136666666666667,12.445,4.365,39.5,47.68,0.0,8.39
2020-06-20 21:00:56,28.723333333333333,13.405,7.6049999999999995,41.595,51.96,0.0,8.97
2020-06-20 22:00:56,29.58333333333333,13.46,7.420000000000001,44.47,57.315,0.0,8.43
2020-06-20 23:00:56,28.60333333333333,14.615,7.1450000000000005,42.025,51.589999999999996,0.0,9.24
2020-06-21 00:00:56,32.47333333333333,14.03,7.035,41.66,52.75,0.0,8.43
2020-06-21 01:00:56,39.233333333333334,11.765,7.504999999999999,45.01,55.214999999999996,0.0,7.98
2020-06-21 02:00:56,45.06999999999999,12.795,7.925,41.725,51.919999999999995,0.0,8.06
2020-06-21 03:00:56,39.54666666666667,8.245,8.015,41.6,50.305,0.0,8.0
2020-06-21 04:00:56,43.71333333333334,11.79,8.175,35.955,42.97,0.0,9.4
2020-06-21 05:00:56,61.093333333333334,13.535000000000002,8.615,34.04,42.18,0.0,9.24
2020-06-21 06:00:56,56.81666666666667,20.71,8.805,35.129999999999995,44.095,0.0,8.57
2020-06-21 07:00:56,70.43666666666667,42.645,9.83,35.26,49.51500000000001,0.0,8.87
2020-06-21 08:00:56,89.80333333333333,45.715,13.37,32.79,42.225,0.0,11.89
2020-06-21 09:00:56,61.68666666666667,28.005,15.270000000000001,28.33,35.185,0.0,12.81
2020-06-21 10:00:56,50.416666666666664,24.095,14.145000000000001,27.189999999999998,32.54,0.0,13.33
2020-06-21 11:00:56,37.36666666666667,12.225,12.92,23.915000000000003,28.179999999999996,0.0,15.04
2020-06-21 12:00:56,25.59,6.75,10.995,26.545,30.67,0.0,15.05
2020-06-21 13:00:56,12.926666666666668,3.4599999999999995,9.735,24.439999999999998,27.959999999999997,0.0,15.78
2020-06-21 14:00:56,15.386666666666667,2.36,9.31,24.849999999999998,28.125,0.0,14.99
2020-06-21 15:00:56,13.536666666666667,1.845,9.265,27.53,30.84,0.0,13.12
2020-06-21 16:00:56,12.933333333333332,1.31,8.875,24.179999999999996,27.564999999999998,0.0,15.93
2020-06-21 17:00:56,14.116666666666667,1.26,8.315,29.445000000000004,32.949999999999996,0.0,13.17
2020-06-21 18:00:56,11.073333333333332,0.8000000000000002,8.25,32.28,36.49,0.0,14.38
2020-06-21 19:00:56,11.9,2.085,9.335,31.05,34.83,0.0,18.65
2020-06-21 20:00:56,15.843333333333334,0.0,9.17,42.589999999999996,49.16,0.0,13.86
2020-06-21 21:00:56,28.33666666666667,6.75,8.365,51.07,56.76,0.0,13.24
2020-06-21 22:00:56,55.26,8.29,9.105,46.38999999999999,51.71000000000001,0.0,9.48
2020-06-21 23:00:56,44.45666666666666,9.445,9.035,49.095,55.91,0.0,7.13
2020-06-22 00:00:56,48.10666666666667,13.339999999999998,9.17,47.13,54.025000000000006,0.0,7.45
2020-06-22 01:00:56,44.54666666666667,15.99,5.655000000000001,41.415,46.620000000000005,0.0,7.57
2020-06-22 02:00:56,42.986666666666665,13.69,9.625,43.11000000000001,48.62,0.0,7.12
2020-06-22 03:00:56,43.97333333333333,13.54,11.589999999999998,38.04,42.895,0.0,8.37
2020-06-22 04:00:56,67.65333333333334,28.69,10.82,33.72,38.92,0.0,8.31
2020-06-22 05:00:56,55.23333333333333,24.95,9.85,35.405,42.915,0.0,8.35
2020-06-22 06:00:56,59.04666666666666,0.0,10.56,35.725,43.925000000000004,0.0,8.72
2020-06-22 07:00:56,76.68,0.0,13.145000000000001,38.095,45.615,0.0,8.48
2020-06-22 08:00:56,89.85333333333332,0.0,33.31,46.46,65.92,0.0,7.44
2020-06-22 09:00:56,78.28,38.56,18.34,46.665,56.49,0.0,10.55
2020-06-22 10:00:56,51.95666666666666,24.25,12.94,44.800000000000004,52.85,0.0,11.72
2020-06-22 11:00:56,35.766666666666666,12.43,10.145000000000001,32.19,36.48,0.0,16.0
2020-06-22 12:00:56,26.64,6.46,9.450000000000001,26.165000000000003,29.450000000000003,0.0,17.15
2020-06-22 13:00:56,22.123333333333335,4.35,11.074999999999998,28.665000000000003,32.07,0.0,15.27
2020-06-22 14:00:56,23.01,0.0,10.75,30.53,34.445,0.0,13.97
2020-06-22 15:00:56,21.833333333333332,0.0,10.925000000000002,31.345,35.32,0.0,19.2
2020-06-22 16:00:56,23.58,3.19,11.9,38.800000000000004,43.465,0.0,13.35
2020-06-22 17:00:56,29.636666666666667,1.705,11.545,42.815,47.919999999999995,0.0,15.04
2020-06-22 18:00:56,38.8,1.6000000000000003,10.885,43.935,49.495000000000005,0.0,14.64
2020-06-22 19:00:56,39.53333333333333,3.765,10.770000000000001,44.18,49.925000000000004,0.0,13.35
2020-06-22 20:00:56,43.27,8.985,10.39,37.975,42.225,0.0,16.07
2020-06-22 21:00:56,54.45666666666666,11.97,10.174999999999999,35.81,40.155,0.0,13.04
2020-06-22 22:00:56,55.11,15.485,9.635,36.365,41.735,0.0,9.81
2020-06-22 23:00:56,45.72,10.285,9.534999999999998,35.14,39.84,0.0,8.49
2020-06-23 00:00:56,48.17,13.94,9.65,37.199999999999996,41.685,0.0,7.07
2020-06-23 01:00:56,42.333333333333336,12.26,10.17,39.845,45.615,0.0,8.0
2020-06-23 02:00:56,44.32,10.515,10.115,32.045,35.99,0.0,8.61
2020-06-23 03:00:56,41.666666666666664,11.435,10.43,24.62,27.875,0.0,10.88
2020-06-23 04:00:56,37.21,6.72,10.29,28.095,32.055,0.0,7.47
2020-06-23 05:00:56,38.29,8.575,8.695,26.175,29.735,0.0,8.24
2020-06-23 06:00:56,40.57666666666667,13.74,8.854999999999999,25.584999999999997,29.320000000000004,0.0,8.2
2020-06-23 07:00:56,50.74333333333333,16.085,11.825000000000001,33.34,40.91,0.0,6.66
2020-06-23 08:00:56,56.04666666666667,17.33,15.604999999999999,39.975,51.23499999999999,0.0,6.64
2020-06-23 09:00:56,60.59,12.795,5.655000000000001,42.76500000000001,50.43,0.0,8.14
2020-06-23 10:00:56,50.93666666666667,18.35,13.04,40.66,47.09,0.0,9.35
2020-06-23 11:00:56,53.67666666666667,9.97,10.735,37.755,43.065,0.0,9.71
2020-06-23 12:00:56,47.73,5.739999999999999,9.66,39.445,45.915,0.0,8.96
2020-06-23 13:00:56,41.48,3.9249999999999994,9.575000000000001,39.035000000000004,45.75,0.0,8.02
2020-06-23 14:00:56,36.82333333333333,7.095,10.815,41.465,48.89000000000001,0.0,8.57
2020-06-23 15:00:56,38.02,3.875,11.219999999999999,43.105,50.06,0.0,12.38
2020-06-23 16:00:56,47.403333333333336,3.015,10.035,42.655,51.57500000000001,0.0,14.4
2020-06-23 17:00:56,55.593333333333334,8.735,9.83,42.74,50.885,0.0,13.38
2020-06-23 18:00:56,41.18,6.32,9.62,41.28,47.59,0.0,15.24
2020-06-23 19:00:56,47.03333333333333,6.974999999999999,9.145,38.99,45.18,0.0,15.77
2020-06-23 20:00:56,57.11,6.405,9.04,38.085,43.555,0.0,12.54
2020-06-23 21:00:56,43.88,12.199999999999998,8.745,35.349999999999994,40.06,0.0,10.43
2020-06-23 22:00:56,49.29,13.839999999999998,8.585,41.16,48.695,0.0,5.58
2020-06-23 23:00:56,40.123333333333335,14.745,8.41,39.03,45.525000000000006,0.0,7.44
2020-06-24 00:00:56,41.74,15.395000000000001,8.005,35.86,42.91,0.0,6.7
2020-06-24 01:00:56,46.19333333333333,17.87,7.760000000000001,35.125,41.84,0.0,5.52
2020-06-24 02:00:56,39.82666666666667,17.74,7.63,33.574999999999996,40.24,0.0,5.96
2020-06-24 03:00:56,41.13,15.055,7.765000000000001,29.845,34.38,0.0,6.86
2020-06-24 04:00:56,55.47666666666667,28.39,8.51,32.015,38.655,0.0,4.95
2020-06-24 05:00:56,57.553333333333335,25.685,9.215,31.01,37.025,0.0,5.03
2020-06-24 06:00:56,57.85333333333333,0.0,10.479999999999999,34.155,40.25,0.0,7.04
2020-06-24 07:00:56,87.88666666666667,40.545,14.6,34.6,44.915,0.0,7.16
2020-06-24 08:00:56,73.00333333333333,35.11,19.05,38.544999999999995,47.54,0.0,10.77
2020-06-24 09:00:56,59.24,24.445000000000004,14.83,32.85,39.120000000000005,0.0,10.06
2020-06-24 10:00:56,41.88,12.800000000000002,13.125,31.320000000000004,36.675,0.0,14.33
2020-06-24 11:00:56,31.11,7.315,11.155000000000001,28.74,32.095,0.0,11.78
2020-06-24 12:00:56,30.136666666666667,4.38,9.97,25.804999999999996,29.14,0.0,14.24
2020-06-24 13:00:56,18.716666666666665,3.3800000000000003,9.37,26.635,30.38,0.0,14.88
2020-06-24 14:00:56,23.82333333333333,2.17,9.485,26.790000000000003,30.209999999999997,0.0,12.06
2020-06-24 15:00:56,22.62,1.68,9.57,27.115,31.02,0.0,15.68
2020-06-24 16:00:56,20.636666666666667,0.92,9.1,26.689999999999998,29.945000000000004,0.0,17.72
2020-06-24 17:00:56,23.99,1.09,8.49,30.774999999999995,34.795,0.0,17.13
2020-06-24 18:00:56,20.003333333333334,3.265,8.24,30.444999999999997,34.15,0.0,14.64
2020-06-24 19:00:56,22.13,5.325,8.14,33.825,38.555,0.0,11.26
2020-06-24 20:00:56,28.46666666666667,7.614999999999999,8.29,33.055,38.074999999999996,0.0,10.39
2020-06-24 21:00:56,33.336666666666666,5.650000000000001,8.56,34.865,40.449999999999996,0.0,9.61
2020-06-24 22:00:56,33.67,14.28,8.42,31.474999999999998,36.36,0.0,8.56
2020-06-24 23:00:56,35.13333333333333,14.08,8.185,28.570000000000004,33.115,0.0,7.88
2020-06-25 00:00:56,27.05333333333333,7.665,8.005,24.115,27.705,0.0,10.21
2020-06-25 01:00:56,32.696666666666665,9.17,7.755,23.150000000000002,27.39,0.0,8.85
2020-06-25 02:00:56,28.05333333333333,0.0,7.489999999999999,20.73,24.320000000000004,0.0,9.8
2020-06-25 03:00:56,28.286666666666665,9.165,7.324999999999999,21.295,24.87,0.0,9.83
2020-06-25 04:00:56,28.743333333333336,7.435,7.305,21.575000000000003,25.445000000000004,0.0,9.48
2020-06-25 05:00:56,24.33,4.38,6.614999999999999,21.47,25.015,0.0,10.87
2020-06-25 06:00:56,23.836666666666666,6.635000000000001,6.48,26.715,31.845,0.0,9.77
2020-06-25 07:00:56,30.96666666666667,10.235,6.94,32.98,40.69,0.0,9.84
2020-06-25 08:00:56,45.56666666666666,7.3,8.085,41.395,54.09,0.0,8.49
2020-06-25 09:00:56,40.23333333333333,10.21,7.824999999999999,41.635,49.699999999999996,0.0,9.78
2020-06-25 10:00:56,33.71,0.0,7.164999999999999,41.13,49.345,0.0,9.2
2020-06-25 11:00:56,34.550000000000004,8.23,6.859999999999999,38.39,45.32,0.0,10.08
2020-06-25 12:00:56,25.32,4.505,7.114999999999999,36.255,42.015,0.0,10.55
2020-06-25 13:00:56,27.119999999999997,2.615,7.960000000000001,35.52,40.735,0.0,10.15
2020-06-25 14:00:56,27.606666666666666,2.415,8.97,36.675,42.38,0.0,9.04
2020-06-25 15:00:56,18.256666666666664,2.415,9.365,33.54,38.324999999999996,0.0,13.92
2020-06-25 16:00:56,22.9,1.66,9.270000000000001,32.53,37.24,0.0,14.61
2020-06-25 17:00:56,26.893333333333334,1.02,9.575000000000001,30.36,34.69,0.0,17.16
2020-06-25 18:00:56,27.346666666666664,2.195,9.28,28.52,32.67,0.0,18.04
2020-06-25 19:00:56,33.39666666666667,7.47,8.91,27.685000000000002,31.915000000000003,0.0,15.28
2020-06-25 20:00:56,37.83,5.305,8.225000000000001,26.61,30.834999999999997,0.0,14.57
2020-06-25 21:00:56,39.50333333333333,10.03,8.18,24.22,28.02,0.0,10.71
2020-06-25 22:00:56,35.61666666666667,7.86,8.0,26.37,31.375,0.0,9.46
2020-06-25 23:00:56,32.303333333333335,10.575,7.900000000000001,33.255,40.85,0.0,5.42
2020-06-26 00:00:56,28.326666666666664,11.385,7.845,29.540000000000003,35.155,0.0,6.9
2020-06-26 01:00:56,21.793333333333333,7.43,7.425000000000001,26.135,30.84,0.0,10.26
2020-06-26 02:00:56,17.84,0.0,7.215,24.495,28.64,0.0,8.88
2020-06-26 03:00:56,13.86,0.0,7.25,22.540000000000003,26.540000000000003,0.0,11.0
2020-06-26 04:00:56,22.07,0.0,7.5249999999999995,25.325,29.674999999999997,0.0,10.27
2020-06-26 05:00:56,28.60666666666667,4.64,7.625,26.77,30.939999999999998,0.0,11.02
2020-06-26 06:00:56,28.723333333333333,4.98,7.59,26.87,33.074999999999996,0.0,10.95
2020-06-26 07:00:56,30.060000000000002,6.18,7.52,28.39,34.445,0.0,11.13
2020-06-26 08:00:56,30.493333333333336,7.025000000000001,7.414999999999999,37.845,49.335,0.0,8.96
2020-06-26 09:00:56,23.843333333333334,4.465,7.314999999999999,35.84,42.26,0.0,11.15
2020-06-26 10:00:56,13.829999999999998,0.0,7.035,13.214999999999998,14.969999999999999,0.0,0.0
2020-06-26 11:00:56,13.263333333333334,0.0,6.825,12.12,13.755,0.0,0.0
2020-06-26 12:00:56,14.416666666666666,0.0,7.265000000000001,12.189999999999998,13.87,0.0,0.0
2020-06-26 13:00:56,18.976666666666667,0.0,7.539999999999999,11.675000000000002,13.265,0.0,0.0
2020-06-26 14:00:56,11.76,0.0,7.87,11.280000000000001,12.835,0.0,0.0
2020-06-26 15:00:56,14.829999999999998,0.0,8.025,11.835,13.579999999999998,0.0,0.0
2020-06-26 16:00:56,15.343333333333334,0.0,7.890000000000001,12.015,13.770000000000001,0.0,0.0
2020-06-26 17:00:56,17.523333333333333,0.0,7.595,11.910000000000002,13.555,0.0,0.0
2020-06-26 18:00:56,10.796666666666667,0.0,7.640000000000001,12.329999999999998,14.094999999999999,0.0,0.0
2020-06-26 19:00:56,17.433333333333334,0.0,7.44,12.670000000000002,14.300000000000002,0.0,0.0
2020-06-26 20:00:56,21.436666666666667,0.0,7.3500000000000005,13.395000000000001,15.079999999999998,0.0,0.0
2020-06-26 21:00:56,15.986666666666665,0.0,7.280000000000001,13.265,14.875,0.0,0.0
2020-06-26 22:00:56,16.156666666666666,0.0,7.109999999999999,13.780000000000001,15.415,0.0,0.0
2020-06-26 23:00:56,6.8999999999999995,0.27,6.505,42.97,50.080000000000005,0.0,12.79
2020-06-27 00:00:56,34.36,17.285,5.945,35.49,42.435,0.0,23.63
2020-06-27 01:00:56,42.53,17.11,6.015,36.875,47.065,0.0,25.08
2020-06-27 02:00:56,39.08,16.44,6.14,30.245,37.495,0.0,24.83
2020-06-27 03:00:56,34.593333333333334,10.655,6.135000000000001,31.069999999999997,37.75,0.0,26.72
2020-06-27 04:00:56,30.540000000000003,6.57,6.38,31.515,37.150000000000006,0.0,27.34
2020-06-27 05:00:56,29.46666666666667,9.435,7.3999999999999995,28.75,33.875,0.0,28.35
2020-06-27 06:00:56,25.35,0.0,8.415,15.525,17.73,0.0,0.0
2020-06-27 07:00:56,28.476666666666667,0.0,12.700000000000001,15.954999999999998,18.19,0.0,0.0
2020-06-27 08:00:56,34.69,0.0,15.784999999999998,15.704999999999998,18.0,0.0,0.0
2020-06-27 09:00:56,31.076666666666668,0.0,12.58,15.675000000000002,17.87,0.0,0.0
2020-06-27 10:00:56,26.10666666666667,0.0,9.615,13.62,15.32,0.0,0.0
2020-06-27 11:00:56,19.6,0.0,9.03,12.314999999999998,13.93,0.0,0.0
2020-06-27 12:00:56,21.526666666666667,0.0,8.685,11.57,13.189999999999998,0.0,0.0
2020-06-27 13:00:56,15.703333333333333,0.0,8.775,11.25,12.795000000000002,0.0,0.0
2020-06-27 14:00:56,16.796666666666667,0.0,9.26,11.199999999999998,12.87,0.0,0.0
2020-06-27 15:00:56,17.843333333333334,0.0,9.55,11.695,13.354999999999999,0.0,0.0
2020-06-27 16:00:56,16.45,0.0,10.215,12.115,13.844999999999999,0.0,0.0
2020-06-27 17:00:56,18.586666666666666,0.0,10.295,12.25,13.910000000000002,0.0,0.0
2020-06-27 18:00:56,20.376666666666665,0.0,10.185,12.24,13.85,0.0,0.0
2020-06-27 19:00:56,22.55,0.0,9.245,11.85,13.415,0.0,0.0
2020-06-27 20:00:56,73.20666666666666,8.47,4.9,10.255,11.835,0.0,36.6
2020-06-27 21:00:56,75.68333333333334,17.37,5.12,29.17,35.795,0.0,49.76
2020-06-27 22:00:56,74.07,12.089999999999998,8.455,27.705,33.945,0.0,52.82
2020-06-27 23:00:56,54.156666666666666,8.04,8.549999999999999,24.435000000000002,30.05,0.0,53.58
2020-06-28 00:00:56,48.03,10.065,8.465,27.150000000000002,34.155,0.0,52.26
2020-06-28 01:00:56,42.6,10.79,8.615,27.599999999999998,35.345,0.0,51.7
2020-06-28 02:00:56,24.37,0.0,8.835,12.275,13.925000000000002,0.0,0.0
2020-06-28 03:00:56,28.326666666666668,0.0,9.16,13.35,15.11,0.0,0.0
2020-06-28 04:00:56,31.203333333333333,0.0,9.41,14.125,16.14,0.0,0.0
2020-06-28 05:00:56,30.91333333333333,0.0,8.51,13.910000000000002,16.075,0.0,0.0
2020-06-28 06:00:56,32.553333333333335,0.0,9.39,15.045000000000002,17.66,0.0,0.0
2020-06-28 07:00:56,47.14,0.0,14.770000000000001,15.594999999999999,18.61,0.0,0.0
2020-06-28 08:00:56,48.78666666666667,0.0,29.084999999999997,16.735,19.99,0.0,0.0
2020-06-28 09:00:56,42.47,0.0,21.810000000000002,16.495,19.385,0.0,0.0
2020-06-28 10:00:56,28.786666666666665,0.0,11.339999999999998,14.655000000000001,16.8,0.0,0.0
2020-06-28 11:00:56,21.21666666666667,0.0,9.97,12.86,14.5,0.0,0.0
2020-06-28 12:00:56,13.226666666666667,0.0,9.815,11.939999999999998,13.469999999999999,0.0,0.0
2020-06-28 13:00:56,16.253333333333334,0.0,9.799999999999999,11.204999999999998,12.75,0.0,0.0
2020-06-28 14:00:56,17.603333333333335,0.0,10.14,11.094999999999999,12.82,0.0,0.0
2020-06-28 15:00:56,15.58,0.0,10.645000000000001,11.25,12.895000000000001,0.0,0.0
2020-06-28 16:00:56,15.056666666666667,0.0,11.299999999999999,11.050000000000002,12.704999999999998,0.0,0.0
2020-06-28 17:00:56,15.3,0.0,11.495,10.814999999999998,12.464999999999998,0.0,0.0
2020-06-28 18:00:56,15.273333333333333,0.0,11.01,10.66,12.339999999999998,0.0,0.0
2020-06-28 19:00:56,18.35,0.0,10.67,10.49,12.135,0.0,0.0
2020-06-28 20:00:56,25.013333333333332,0.0,10.19,10.844999999999999,12.479999999999999,0.0,0.0
2020-06-28 21:00:56,32.22,0.0,9.49,10.735,12.305,0.0,0.0
2020-06-28 22:00:56,31.366666666666667,0.0,9.334999999999999,11.335,12.964999999999998,0.0,0.0
2020-06-28 23:00:56,32.75666666666667,0.0,9.055,11.535000000000002,13.11,0.0,0.0
2020-06-29 00:00:56,32.016666666666666,0.0,8.94,11.670000000000002,13.314999999999998,0.0,0.0
2020-06-29 01:00:56,32.230000000000004,0.0,8.825000000000001,12.719999999999999,14.495,0.0,0.0
2020-06-29 02:00:56,27.006666666666664,0.0,8.975,13.454999999999998,15.344999999999999,0.0,0.0
2020-06-29 03:00:56,30.756666666666664,0.0,9.555,14.1,16.165,0.0,0.0
2020-06-29 04:00:56,34.36333333333334,0.0,11.86,14.520000000000001,16.87,0.0,0.0
2020-06-29 05:00:56,41.666666666666664,0.0,16.5,15.365,17.88,0.0,0.0
2020-06-29 06:00:56,49.71000000000001,0.0,15.549999999999999,15.43,18.13,0.0,0.0
2020-06-29 07:00:56,61.14,0.0,21.575,16.1,19.21,0.0,0.0
2020-06-29 08:00:56,48.373333333333335,0.0,31.705,18.56,22.395,0.0,0.0
2020-06-29 09:00:56,53.593333333333334,0.0,53.910000000000004,19.875,23.554999999999996,0.0,0.0
2020-06-29 10:00:56,53.28333333333333,0.0,17.01,17.75,20.34,0.0,0.0
2020-06-29 11:00:56,33.32,0.0,9.885,15.985,17.875,0.0,0.0
2020-06-29 12:00:56,25.07,0.0,8.88,14.839999999999998,16.62,0.0,0.0
2020-06-29 13:00:56,25.64,0.0,9.025,14.11,15.82,0.0,0.0
2020-06-29 14:00:56,24.063333333333333,0.0,9.075,13.89,15.585,0.0,0.0
2020-06-29 15:00:56,17.343333333333334,0.0,9.255,13.344999999999999,15.074999999999998,0.0,0.0
2020-06-29 16:00:56,16.573333333333334,0.0,9.520000000000001,13.015,14.675000000000002,0.0,0.0
2020-06-29 17:00:56,16.103333333333335,0.0,9.63,12.964999999999998,14.699999999999998,0.0,0.0
2020-06-29 18:00:56,14.733333333333334,0.0,9.459999999999999,13.37,15.035000000000002,0.0,0.0
2020-06-29 19:00:56,17.413333333333334,0.0,9.375,14.495,16.25,0.0,0.0
2020-06-29 20:00:56,20.883333333333333,0.0,9.424999999999999,15.030000000000001,16.91,0.0,0.0
2020-06-29 21:00:56,38.53,8.275,9.604999999999999,40.955,48.56,0.0,48.42
2020-06-29 22:00:56,61.38333333333333,6.63,9.695,37.925000000000004,45.655,0.0,50.83
2020-06-29 23:00:56,63.52333333333333,12.339999999999998,8.97,33.22,38.77,0.0,53.28
2020-06-30 00:00:56,52.656666666666666,9.195,8.67,37.095,46.055,0.0,51.45
2020-06-30 01:00:56,44.46,8.69,8.59,39.06,51.165,0.0,50.54
2020-06-30 02:00:56,39.86,8.81,9.01,35.275,42.21,0.0,51.66
2020-06-30 03:00:56,42.58,5.87,10.25,33.32,39.095,0.0,51.25
2020-06-30 04:00:56,30.46,0.0,10.209999999999999,16.455,18.51,0.0,0.0
2020-06-30 05:00:56,30.67,0.0,10.090000000000002,16.345,18.555,0.0,0.0
2020-06-30 06:00:56,29.683333333333334,0.0,12.315,16.565,18.935,0.0,0.0
2020-06-30 07:00:56,34.99333333333333,0.0,25.320000000000004,17.07,19.68,0.0,0.0
2020-06-30 08:00:56,44.31333333333333,0.0,22.900000000000002,18.81,21.845,0.0,0.0
2020-06-30 09:00:56,39.666666666666664,0.0,24.695000000000004,20.71,23.745000000000005,0.0,0.0
2020-06-30 10:00:56,42.78333333333333,0.0,21.55,18.495,20.575,0.0,0.0
2020-06-30 11:00:56,36.18666666666667,0.0,10.1,16.39,18.055,0.0,0.0
2020-06-30 12:00:56,21.386666666666667,0.0,8.485,15.089999999999998,16.6,0.0,0.0
2020-06-30 13:00:56,19.066666666666663,0.0,8.049999999999999,14.160000000000002,15.725,0.0,0.0
2020-06-30 14:00:56,18.263333333333332,0.0,8.055,13.344999999999999,14.910000000000002,0.0,0.0
2020-06-30 15:00:56,18.173333333333336,0.0,8.23,12.5,14.020000000000001,0.0,0.0
2020-06-30 16:00:56,21.52,0.0,8.205,12.13,13.839999999999998,0.0,0.0
2020-06-30 17:00:56,20.526666666666667,0.0,8.255,11.725,13.395000000000001,0.0,0.0
2020-06-30 18:00:56,17.22,0.0,8.205,11.810000000000002,13.535000000000002,0.0,0.0
2020-06-30 19:00:56,12.469999999999999,0.0,7.805,12.060000000000002,13.775,0.0,0.0
2020-06-30 20:00:56,16.786666666666665,0.0,7.609999999999999,12.574999999999998,14.24,0.0,0.0
2020-06-30 21:00:56,21.276666666666667,0.0,7.81,13.035000000000002,14.675000000000002,0.0,0.0
2020-06-30 22:00:56,26.700000000000003,0.0,8.32,12.645000000000001,14.255,0.0,0.0
2020-06-30 23:00:56,26.47,0.0,8.409999999999998,12.035000000000002,13.585,0.0,0.0
2020-07-01 00:00:56,25.786666666666665,0.0,8.42,12.49,13.99,0.0,0.0
2020-07-01 01:00:56,25.810000000000002,0.0,9.015,14.025,15.579999999999998,0.0,0.0
2020-07-01 02:00:56,25.32,0.0,12.61,15.4,17.12,0.0,0.0
2020-07-01 03:00:56,32.11333333333334,0.0,12.589999999999998,16.885,18.715,0.0,0.0
2020-07-01 04:00:56,32.596666666666664,0.0,10.115,17.7,19.865,0.0,0.0
2020-07-01 05:00:56,34.11666666666667,0.0,10.625,17.76,20.03,0.0,0.0
2020-07-01 06:00:56,50.69,0.0,22.25,19.19,21.790000000000003,0.0,0.0
2020-07-01 07:00:56,56.03333333333333,0.0,33.155,20.52,24.22,0.0,0.0
2020-07-01 08:00:56,59.71333333333333,0.0,35.255,21.15,25.135,0.0,0.0
2020-07-01 09:00:56,46.86,0.0,18.255,19.015,22.105,0.0,0.0
2020-07-01 10:00:56,36.64666666666667,0.0,14.365,18.155,20.565,0.0,0.0
2020-07-01 11:00:56,29.55666666666667,0.0,11.37,16.535,18.335,0.0,0.0
2020-07-01 12:00:56,21.58,0.0,9.64,15.339999999999998,17.07,0.0,0.0
2020-07-01 13:00:56,19.30666666666667,0.0,5.5,14.38,16.23,0.0,0.0
2020-07-01 14:00:56,20.343333333333334,0.0,10.545,13.560000000000002,15.245,0.0,0.0
2020-07-01 15:00:56,23.223333333333333,0.0,11.38,13.285000000000002,14.969999999999999,0.0,0.0
2020-07-01 16:00:56,18.490000000000002,0.0,11.665,13.01,14.780000000000001,0.0,0.0
2020-07-01 17:00:56,20.32333333333333,0.0,11.424999999999999,12.885,14.625,0.0,0.0
2020-07-01 18:00:56,23.723333333333333,0.0,11.12,12.625,14.295000000000002,0.0,0.0
2020-07-01 19:00:56,21.74666666666667,0.0,10.719999999999999,12.93,14.660000000000002,0.0,0.0
2020-07-01 20:00:56,24.16333333333333,0.0,10.11,12.82,14.420000000000002,0.0,0.0
2020-07-01 21:00:56,24.883333333333333,0.0,9.799999999999999,12.755,14.395000000000001,0.0,0.0
2020-07-01 22:00:56,26.063333333333333,0.0,9.77,12.339999999999998,13.93,0.0,0.0
2020-07-01 23:00:56,28.08,0.0,9.56,11.969999999999999,13.49,0.0,0.0
2020-07-02 00:00:56,26.976666666666667,0.0,9.31,12.135,13.729999999999999,0.0,0.0
2020-07-02 01:00:56,23.596666666666668,0.0,9.03,12.824999999999998,14.4,0.0,0.0
2020-07-02 02:00:56,28.843333333333334,0.0,13.064999999999998,16.595,18.295,0.0,0.0
2020-07-02 03:00:56,36.00333333333333,0.0,14.149999999999999,17.935,19.935,0.0,0.0
2020-07-02 04:00:56,40.96,0.0,12.660000000000002,17.85,20.03,0.0,0.0
2020-07-02 05:00:56,38.52333333333333,0.0,10.265,17.095,19.415,0.0,0.0
2020-07-02 06:00:56,41.80666666666667,0.0,9.9,17.52,20.075,0.0,0.0
2020-07-02 07:00:56,41.00333333333333,0.0,15.295000000000002,18.745,21.795,0.0,0.0
2020-07-02 08:00:56,46.19,0.0,30.17,19.84,23.175,0.0,0.0
2020-07-02 09:00:56,57.95666666666666,0.0,20.155,19.165,22.03,0.0,0.0
2020-07-02 10:00:56,47.54666666666667,0.0,14.115,19.705,22.084999999999997,0.0,0.0
2020-07-02 11:00:56,37.75333333333333,0.0,9.76,16.635,18.445,0.0,0.0
2020-07-02 12:00:56,25.293333333333333,0.0,9.31,14.604999999999999,16.305,0.0,0.0
2020-07-02 13:00:56,20.263333333333335,0.0,8.969999999999999,13.74,15.46,0.0,0.0
2020-07-02 14:00:56,19.316666666666666,0.0,9.155,13.060000000000002,14.704999999999998,0.0,0.0
2020-07-02 15:00:56,16.39,0.0,9.83,12.905000000000001,14.520000000000001,0.0,0.0
2020-07-02 16:00:56,15.843333333333334,0.0,10.455,12.795000000000002,14.485,0.0,0.0
2020-07-02 17:00:56,17.98,0.0,10.445,12.854999999999999,14.61,0.0,0.0
2020-07-02 18:00:56,19.36,0.0,10.295,13.07,14.714999999999998,0.0,0.0
2020-07-02 19:00:56,18.476666666666667,0.0,10.26,13.219999999999999,14.939999999999998,0.0,0.0
2020-07-02 20:00:56,21.366666666666664,0.0,9.99,13.24,14.85,0.0,0.0
2020-07-02 21:00:56,22.296666666666667,0.0,9.525,13.655000000000001,15.25,0.0,0.0
2020-07-02 22:00:56,29.24666666666667,0.0,8.815,13.245,14.810000000000002,0.0,0.0
2020-07-02 23:00:56,25.0,0.0,8.505,12.775,14.37,0.0,0.0
2020-07-03 00:00:56,19.74,0.0,8.31,12.5,14.145000000000001,0.0,0.0
2020-07-03 01:00:56,17.476666666666667,0.0,8.515,13.525,15.145000000000001,0.0,0.0
2020-07-03 02:00:56,23.013333333333332,0.0,9.34,15.714999999999998,17.61,0.0,0.0
2020-07-03 03:00:56,29.67,0.0,8.9,15.729999999999999,17.765,0.0,0.0
2020-07-03 04:00:56,27.85333333333333,0.0,9.049999999999999,16.645,18.945,0.0,0.0
2020-07-03 05:00:56,33.06,0.0,10.09,17.775,20.435,0.0,0.0
2020-07-03 06:00:56,36.833333333333336,0.0,9.29,18.09,21.05,0.0,0.0
2020-07-03 07:00:56,37.846666666666664,0.0,10.67,18.1,21.564999999999998,0.0,0.0
2020-07-03 08:00:56,54.31999999999999,0.0,36.105,20.185,24.075,0.0,0.0
2020-07-03 09:00:56,52.55,0.0,25.679999999999996,20.44,24.175,0.0,0.0
2020-07-03 10:00:56,22.876666666666665,0.0,5.355,18.395,21.105,0.0,0.0
2020-07-03 11:00:56,31.450000000000003,4.415,4.83,17.075,19.14,0.0,70.85
2020-07-03 12:00:56,21.51,0.0,4.84,16.305,18.11,0.0,0.0
2020-07-03 13:00:56,39.51,0.0,5.175,15.115,16.815,0.0,0.0
2020-07-03 14:00:56,31.54,0.0,11.445,15.055,16.81,0.0,0.0
2020-07-03 15:00:56,24.646666666666665,0.0,15.21,15.214999999999998,16.95,0.0,0.0
2020-07-03 16:00:56,15.013333333333334,0.0,18.315,28.67,31.430000000000003,0.0,23.29
2020-07-03 17:00:56,23.22,20.875,17.195,22.175,26.855,0.0,18.19
2020-07-03 18:00:56,22.736666666666665,20.19,0.0,24.070000000000004,32.295,0.0,8.75
2020-07-03 19:00:56,20.546666666666667,14.535000000000002,0.0,30.505,38.415,0.0,7.94
2020-07-03 20:00:56,22.243333333333336,12.61,7.05,28.12,33.025,0.0,0.0
2020-07-03 21:00:56,0.0,0.0,10.839999999999998,9.515,11.064999999999998,0.0,0.0
2020-07-03 22:00:56,0.0,0.0,9.725,9.325,11.13,0.0,0.0
2020-07-03 23:00:56,17.08,0.0,9.85,10.305,12.37,0.0,0.0
2020-07-04 00:00:56,23.196666666666665,0.0,9.885,11.560000000000002,13.844999999999999,0.0,0.0
2020-07-04 01:00:56,34.06333333333333,0.0,10.955,11.54,13.96,0.0,0.0
2020-07-04 02:00:56,41.16333333333333,0.0,10.729999999999999,12.555,15.310000000000002,0.0,0.0
2020-07-04 03:00:56,42.49333333333334,0.0,12.145000000000001,11.875,14.71,0.0,0.0
2020-07-04 04:00:56,44.60666666666666,0.0,13.704999999999998,12.4,15.689999999999998,0.0,0.0
2020-07-04 05:00:56,46.46000000000001,0.0,10.3,11.615,14.915,0.0,0.0
2020-07-04 06:00:56,54.43333333333334,0.0,11.36,12.885,16.49,0.0,0.0
2020-07-04 07:00:56,56.336666666666666,0.0,11.689999999999998,13.949999999999998,18.245,0.0,0.0
2020-07-04 08:00:56,61.73,0.0,10.74,14.335,18.915,0.0,0.0
2020-07-04 09:00:56,52.78333333333333,0.0,9.75,14.979999999999999,19.27,0.0,0.0
2020-07-04 10:00:56,42.46333333333334,0.0,8.825000000000001,13.435000000000002,16.695,0.0,0.0
2020-07-04 11:00:56,38.03,0.0,7.890000000000001,12.339999999999998,14.729999999999999,0.0,0.0
2020-07-04 12:00:56,33.48,0.0,8.32,11.545000000000002,13.495,0.0,0.0
2020-07-04 13:00:56,22.123333333333335,0.0,8.98,10.465,12.300000000000002,0.0,0.0
2020-07-04 14:00:56,17.560000000000002,0.0,8.975,9.64,11.324999999999998,0.0,0.0
2020-07-04 15:00:56,17.086666666666666,0.0,8.825,9.405,11.07,0.0,0.0
2020-07-04 16:00:56,18.2,0.0,9.020000000000001,9.575,11.300000000000002,0.0,0.0
2020-07-04 17:00:56,16.87,0.0,8.88,10.235,12.089999999999998,0.0,0.0
2020-07-04 18:00:56,21.386666666666667,0.0,8.465,10.780000000000001,12.564999999999998,0.0,0.0
2020-07-04 19:00:56,29.383333333333333,0.0,8.135,11.38,13.125,0.0,0.0
2020-07-04 20:00:56,40.92666666666667,0.0,7.695,11.515,13.265,0.0,0.0
2020-07-04 21:00:56,43.343333333333334,0.0,7.405000000000001,11.439999999999998,13.214999999999998,0.0,0.0
2020-07-04 22:00:56,42.24666666666667,0.0,6.614999999999999,11.175000000000002,13.030000000000001,0.0,0.0
2020-07-04 23:00:56,35.75666666666667,0.0,5.835,10.719999999999999,12.49,0.0,0.0
2020-07-05 00:00:56,28.21333333333333,0.0,6.07,10.74,12.615,0.0,0.0
2020-07-05 01:00:56,31.186666666666667,0.0,5.895,10.635,12.525,0.0,0.0
2020-07-05 02:00:56,25.583333333333332,0.0,6.044999999999999,10.3,12.165,0.0,0.0
2020-07-05 03:00:56,23.85,0.0,5.945,11.160000000000002,13.195,0.0,0.0
2020-07-05 04:00:56,29.82,0.0,6.145,11.829999999999998,14.15,0.0,0.0
2020-07-05 05:00:56,41.02,0.0,7.074999999999999,12.574999999999998,15.324999999999998,0.0,0.0
2020-07-05 06:00:56,41.36666666666667,0.0,7.98,12.714999999999998,15.780000000000001,0.0,0.0
2020-07-05 07:00:56,45.43333333333334,0.0,9.64,13.4,16.88,0.0,0.0
2020-07-05 08:00:56,45.916666666666664,0.0,9.98,13.725,17.325,0.0,0.0
2020-07-05 09:00:56,42.830000000000005,0.0,9.34,12.785000000000002,15.89,0.0,0.0
2020-07-05 10:00:56,36.70666666666667,0.0,8.77,11.76,14.064999999999998,0.0,0.0
2020-07-05 11:00:56,24.7,0.0,8.350000000000001,10.65,12.545000000000002,0.0,0.0
2020-07-05 12:00:56,19.656666666666666,0.0,2.51,10.315,12.185000000000002,0.0,0.0
2020-07-05 13:00:56,18.52,0.0,6.805,0.0,0.0,0.0,0.0
2020-07-05 14:00:56,17.683333333333334,0.0,10.345,9.96,11.805,0.0,0.0
2020-07-05 15:00:56,19.516666666666666,0.0,10.065,9.92,11.675000000000002,0.0,0.0
2020-07-05 16:00:56,22.38,0.0,10.065,10.05,11.839999999999998,0.0,0.0
2020-07-05 17:00:56,23.03,0.0,9.6,9.93,11.49,0.0,0.0
2020-07-05 18:00:56,25.64333333333333,0.0,9.33,10.41,12.14,0.0,0.0
2020-07-05 19:00:56,32.63666666666666,0.0,9.085,10.555,12.275,0.0,0.0
2020-07-05 20:00:56,36.89666666666667,0.0,8.9,10.36,12.005,0.0,0.0
2020-07-05 21:00:56,40.56333333333333,0.0,8.195,10.365,12.13,0.0,0.0
2020-07-05 22:00:56,38.849999999999994,0.0,7.260000000000001,9.855,11.505,0.0,0.0
2020-07-05 23:00:56,35.733333333333334,0.0,7.080000000000001,9.68,11.26,0.0,0.0
2020-07-06 00:00:56,30.936666666666667,0.0,7.165,9.9,11.555,0.0,0.0
2020-07-06 01:00:56,34.03,0.0,7.135000000000001,7.400000000000001,8.7,0.0,0.0
2020-07-06 02:00:56,31.296666666666667,0.0,7.715,8.925,10.235,0.0,0.0
2020-07-06 03:00:56,38.29333333333333,0.0,8.395,10.01,11.530000000000001,0.0,0.0
2020-07-06 04:00:56,47.31,0.0,8.525,10.645,12.38,0.0,0.0
2020-07-06 05:00:56,42.26666666666667,0.0,8.365,10.74,12.770000000000001,0.0,0.0
2020-07-06 06:00:56,47.04333333333333,0.0,9.525,10.814999999999998,12.910000000000002,0.0,0.0
2020-07-06 07:00:56,49.29333333333333,0.0,10.275,11.199999999999998,13.405000000000001,0.0,0.0
2020-07-06 08:00:56,53.903333333333336,0.0,13.885,12.29,14.699999999999998,0.0,0.0
2020-07-06 09:00:56,56.08,0.0,11.14,11.115,13.050000000000002,0.0,0.0
2020-07-06 10:00:56,41.35333333333333,0.0,9.865,10.165,11.57,0.0,0.0
2020-07-06 11:00:56,45.29333333333334,9.695,9.68,9.42,10.735,0.0,0.0
2020-07-06 12:00:56,48.04333333333333,5.580000000000001,9.645,8.65,9.83,0.0,6.48
2020-07-06 13:00:56,46.93,9.2,9.97,9.42,10.66,0.0,9.23
2020-07-06 14:00:56,39.36,5.544999999999999,10.205,8.82,10.025,0.0,8.0
2020-07-06 15:00:56,34.83,8.47,10.389999999999999,8.805,10.09,0.0,9.53
2020-07-06 16:00:56,39.21333333333333,6.974999999999999,10.385,8.52,9.75,0.0,8.53
2020-07-06 17:00:56,39.81,5.015,9.935,8.57,9.815,0.0,13.28
2020-07-06 18:00:56,42.28,7.22,9.66,8.85,10.135,0.0,13.34
2020-07-06 19:00:56,41.01,9.76,9.33,9.27,10.495,0.0,12.44
2020-07-06 20:00:56,35.21333333333333,0.0,9.09,9.635,10.875,0.0,0.0
2020-07-06 21:00:56,56.116666666666674,7.63,8.425,9.41,10.695,0.0,21.32
2020-07-06 22:00:56,59.32666666666667,16.875,7.445,8.775,10.005,0.0,7.18
2020-07-06 23:00:56,50.22666666666667,15.22,7.140000000000001,8.135,9.365,0.0,7.69
2020-07-07 00:00:56,40.306666666666665,14.63,6.989999999999999,7.914999999999999,9.165,0.0,5.69
2020-07-07 01:00:56,34.166666666666664,11.729999999999999,7.484999999999999,8.22,9.505,0.0,5.29
2020-07-07 02:00:56,37.763333333333335,6.739999999999999,8.45,10.095,11.62,0.0,5.83
2020-07-07 03:00:56,53.263333333333335,9.265,8.895000000000001,10.824999999999998,12.564999999999998,0.0,3.23
2020-07-07 04:00:56,51.06333333333333,12.699999999999998,9.535,10.525,12.39,0.0,2.03
2020-07-07 05:00:56,47.10333333333333,0.0,9.08,10.27,12.160000000000002,0.0,4.64
2020-07-07 06:00:56,58.01,19.54,10.775,10.76,12.770000000000001,0.0,4.03
2020-07-07 07:00:56,64.50333333333333,28.125,13.354999999999999,11.824999999999998,14.229999999999999,0.0,5.76
2020-07-07 08:00:56,65.97333333333333,21.055,13.079999999999998,12.35,15.11,0.0,7.47
2020-07-07 09:00:56,59.81,20.595,10.66,12.550000000000002,15.125,0.0,7.95
2020-07-07 10:00:56,47.32333333333333,14.64,9.475,12.824999999999998,15.074999999999998,0.0,10.05
2020-07-07 11:00:56,55.24666666666667,17.83,8.825000000000001,11.875,13.6,0.0,12.81
2020-07-07 12:00:56,59.53333333333333,10.22,9.004999999999999,10.87,12.300000000000002,0.0,15.9
2020-07-07 13:00:56,42.57666666666666,5.54,9.79,11.055,12.5,0.0,24.18
2020-07-07 14:00:56,38.20333333333333,3.4949999999999997,10.305,10.015,11.354999999999999,0.0,30.66
2020-07-07 15:00:56,41.74,1.99,10.845,9.72,10.99,0.0,25.01
2020-07-07 16:00:56,37.733333333333334,3.02,10.365,9.87,11.195,0.0,18.2
2020-07-07 17:00:56,24.57,1.84,9.84,9.97,11.245,0.0,6.26
2020-07-07 18:00:56,27.25,1.3950000000000002,9.285,10.195,11.425000000000002,0.0,25.96
2020-07-07 19:00:56,110.67333333333332,5.965,8.87,10.665,11.839999999999998,0.0,24.41
2020-07-07 20:00:56,75.55666666666667,8.76,8.545,11.185000000000002,12.37,0.0,16.06
2020-07-07 21:00:56,54.89000000000001,12.265,8.200000000000001,11.925000000000002,13.060000000000002,0.0,8.95
2020-07-07 22:00:56,50.32,8.125,8.235,12.185000000000002,13.39,0.0,7.75
2020-07-07 23:00:56,54.57333333333333,19.605,8.6,13.11,14.365,0.0,5.58
2020-07-08 00:00:56,54.36666666666667,11.845,7.655,13.145000000000001,14.439999999999998,0.0,8.53
2020-07-08 01:00:56,53.75333333333333,12.735,9.2,13.170000000000002,14.665,0.0,7.31
2020-07-08 02:00:56,48.593333333333334,7.265,10.535,13.74,15.314999999999998,0.0,6.86
2020-07-08 03:00:56,44.44,10.714999999999998,8.354999999999999,12.585,14.04,0.0,9.73
2020-07-08 04:00:56,51.79333333333333,10.26,9.405,13.579999999999998,15.25,0.0,9.69
2020-07-08 05:00:56,55.75,13.17,8.825000000000001,13.030000000000001,14.74,0.0,6.54
2020-07-08 06:00:56,37.223333333333336,7.91,8.69,13.71,15.550000000000002,0.0,6.36
2020-07-08 07:00:56,39.336666666666666,12.14,7.984999999999999,13.435000000000002,15.26,0.0,11.58
2020-07-08 08:00:56,37.29,11.589999999999998,8.38,13.25,14.935000000000002,0.0,7.38
2020-07-08 09:00:56,54.836666666666666,9.185,7.34,13.295000000000002,15.015,0.0,7.55
2020-07-08 10:00:56,56.59666666666667,10.275,7.074999999999999,13.07,14.675000000000002,0.0,6.49
2020-07-08 11:00:56,47.519999999999996,10.335,6.974999999999999,12.410000000000002,13.885,0.0,7.19
2020-07-08 12:00:56,45.48,5.94,7.685,12.895000000000001,14.425000000000002,0.0,9.5
2020-07-08 13:00:56,63.66,9.975,8.225000000000001,12.6,14.020000000000001,0.0,10.97
2020-07-08 14:00:56,49.64333333333334,10.18,8.565,12.24,13.76,0.0,9.28
2020-07-08 15:00:56,45.75666666666667,6.099999999999999,8.495,12.074999999999998,13.535000000000002,0.0,10.19
2020-07-08 16:00:56,54.60666666666667,3.685,8.225,12.405000000000001,13.89,0.0,12.61
2020-07-08 17:00:56,90.75,2.98,8.575,12.204999999999998,13.645000000000001,0.0,19.23
2020-07-08 18:00:56,89.46333333333332,5.71,8.11,11.435000000000002,12.875,0.0,16.9
2020-07-08 19:00:56,64.31333333333333,8.41,8.049999999999999,11.915,13.344999999999999,0.0,13.35
2020-07-08 20:00:56,56.76666666666667,9.485,7.3999999999999995,12.35,13.765,0.0,10.39
2020-07-08 21:00:56,55.89,5.225,6.474999999999999,11.949999999999998,13.395000000000001,0.0,11.72
2020-07-08 22:00:56,49.43,11.03,6.335000000000001,11.464999999999998,12.844999999999999,0.0,14.88
2020-07-08 23:00:56,45.06333333333333,7.41,6.23,10.935000000000002,12.270000000000001,0.0,15.23
2020-07-09 00:00:56,38.74666666666666,15.035000000000002,6.41,10.729999999999999,12.165,0.0,9.76
2020-07-09 01:00:56,32.21,8.725,6.18,10.305,11.685000000000002,0.0,11.11
2020-07-09 02:00:56,26.3,6.13,6.085,10.02,11.445,0.0,9.43
2020-07-09 03:00:56,25.556666666666665,4.975,5.915,9.33,10.74,0.0,11.35
2020-07-09 04:00:56,19.48,9.74,5.895,8.805,10.195,0.0,13.59
2020-07-09 05:00:56,18.836666666666666,5.04,5.829999999999999,8.51,9.87,0.0,11.21
2020-07-09 06:00:56,20.02,5.765,5.760000000000001,8.44,9.845,0.0,9.34
2020-07-09 07:00:56,15.736666666666666,3.385,5.79,8.55,10.04,0.0,8.33
2020-07-09 08:00:56,17.626666666666665,0.0,5.915,8.69,10.175,0.0,7.62
2020-07-09 09:00:56,23.61,5.724999999999999,5.845,9.31,10.835,0.0,10.77
2020-07-09 10:00:56,28.083333333333332,5.155,5.755,9.34,10.844999999999999,0.0,10.48
2020-07-09 11:00:56,26.97,3.7000000000000006,6.044999999999999,9.145,10.6,0.0,13.0
2020-07-09 12:00:56,29.78,2.8800000000000003,5.93,8.99,10.41,0.0,12.79
2020-07-09 13:00:56,27.93,6.32,5.765,8.92,10.365,0.0,15.55
2020-07-09 14:00:56,23.626666666666665,4.2,5.965,8.625,9.995,0.0,18.13
2020-07-09 15:00:56,28.07,2.89,6.169999999999999,8.685,10.135,0.0,17.25
2020-07-09 16:00:56,30.576666666666664,2.3,6.23,8.55,10.02,0.0,15.97
2020-07-09 17:00:56,35.78,2.105,6.32,8.465,9.915,0.0,16.94
2020-07-09 18:00:56,35.306666666666665,2.455,6.385000000000001,8.325,9.765,0.0,16.12
2020-07-09 19:00:56,32.44,8.205,6.335,8.625,10.1,0.0,14.92
2020-07-09 20:00:56,38.31333333333333,6.445,6.335,9.075,10.595,0.0,17.07
2020-07-09 21:00:56,40.87,8.515,6.2,9.16,10.575,0.0,20.71
2020-07-09 22:00:56,30.67,7.75,6.18,9.16,10.575,0.0,17.8
2020-07-09 23:00:56,31.96666666666667,4.26,5.97,8.705,10.125,0.0,22.04
2020-07-10 00:00:56,28.843333333333334,2.715,5.864999999999999,8.39,9.745,0.0,20.18
2020-07-10 01:00:56,28.83,10.255,5.670000000000001,7.255,8.79,0.0,20.14
2020-07-10 02:00:56,20.96,5.349999999999999,5.71,7.859999999999999,9.445,0.0,17.73
2020-07-10 03:00:56,21.28,2.73,5.88,7.855,9.455,0.0,13.02
2020-07-10 04:00:56,24.17,2.895,5.71,7.775000000000001,9.395,0.0,16.68
2020-07-10 05:00:56,21.21,1.51,6.419999999999999,7.695,9.34,0.0,13.7
2020-07-10 06:00:56,18.673333333333332,2.08,7.260000000000001,7.435,8.99,0.0,17.25
2020-07-10 07:00:56,18.056666666666665,2.27,7.12,7.289999999999999,8.84,0.0,22.45
2020-07-10 08:00:56,13.613333333333333,0.0,7.065,7.859999999999999,9.425,0.0,22.65
2020-07-10 09:00:56,28.39333333333333,3.15,6.989999999999999,8.635,10.34,0.0,22.6
2020-07-10 10:00:56,12.263333333333335,1.885,4.715,8.56,10.19,0.0,26.33
2020-07-10 11:00:56,17.88,1.05,4.925,8.42,10.03,0.0,20.05
2020-07-10 12:00:56,17.616666666666667,4.34,4.795,8.38,9.96,0.0,19.74
2020-07-10 13:00:56,14.24,3.235,4.83,8.575,10.2,0.0,19.99
2020-07-10 14:00:56,11.906666666666666,2.37,5.02,8.465,10.08,0.0,15.85
2020-07-10 15:00:56,10.93,1.57,5.135,8.395,9.95,0.0,18.43
2020-07-10 16:00:56,18.926666666666666,1.26,5.245,8.575,10.215,0.0,19.44
2020-07-10 17:00:56,16.076666666666668,1.185,5.24,8.7,10.31,0.0,16.63
2020-07-10 18:00:56,19.58,3.595,7.28,8.745,10.39,0.0,18.6
2020-07-10 19:00:56,28.42,1.8500000000000003,7.234999999999999,9.02,10.63,0.0,18.47
2020-07-10 20:00:56,36.31,1.415,7.195,9.605,11.255,0.0,18.92
2020-07-10 21:00:56,37.00333333333333,8.41,7.085000000000001,9.87,11.449999999999998,0.0,15.38
2020-07-10 22:00:56,35.14333333333333,6.825,7.27,9.925,11.469999999999999,0.0,15.82
2020-07-10 23:00:56,30.48,11.955,7.239999999999999,9.34,10.829999999999998,0.0,19.05
2020-07-11 00:00:56,28.84,6.405,7.215,9.31,10.86,0.0,22.35
2020-07-11 01:00:56,32.83,10.635,7.195,9.65,11.18,0.0,29.86
2020-07-11 02:00:56,35.18666666666667,10.205,7.1499999999999995,9.74,11.280000000000001,0.0,20.21
2020-07-11 03:00:56,28.276666666666667,5.995,7.544999999999999,10.785000000000002,12.449999999999998,0.0,20.54
2020-07-11 04:00:56,27.82,3.535,7.56,11.045000000000002,12.785000000000002,0.0,18.4
2020-07-11 05:00:56,33.50666666666667,6.989999999999999,7.4799999999999995,11.695,13.475,0.0,23.17
2020-07-11 06:00:56,35.626666666666665,4.3,9.94,12.38,14.410000000000002,0.0,20.09
2020-07-11 07:00:56,44.79,7.364999999999999,10.17,13.025,15.204999999999998,0.0,14.48
2020-07-11 08:00:56,45.629999999999995,12.574999999999998,10.275,13.25,15.314999999999998,0.0,17.9
2020-07-11 09:00:56,42.056666666666665,10.835,8.615,12.905000000000001,14.704999999999998,0.0,18.65
2020-07-11 10:00:56,26.12,7.275000000000001,6.93,11.714999999999998,13.339999999999998,0.0,19.72
2020-07-11 11:00:56,24.39333333333333,3.8250000000000006,6.645,10.814999999999998,12.36,0.0,17.07
2020-07-11 12:00:56,22.76666666666667,2.985,6.640000000000001,10.36,11.87,0.0,18.12
2020-07-11 13:00:56,24.62,2.13,7.27,10.14,11.785000000000002,0.0,16.75
2020-07-11 14:00:56,18.55,1.3,8.07,9.905,11.485,0.0,16.0
2020-07-11 15:00:56,20.616666666666667,0.965,8.81,10.14,11.735,0.0,15.8
2020-07-11 16:00:56,22.336666666666666,1.195,9.755,10.215,11.780000000000001,0.0,17.01
2020-07-11 17:00:56,20.066666666666666,3.72,9.89,10.51,12.11,0.0,19.42
2020-07-11 18:00:56,23.363333333333333,2.06,9.68,10.485,12.115,0.0,20.44
2020-07-11 19:00:56,32.25666666666667,6.28,9.44,10.64,12.160000000000002,0.0,20.55
2020-07-11 20:00:56,40.516666666666666,6.875,8.945,10.76,12.335,0.0,22.86
2020-07-11 21:00:56,52.556666666666665,4.29,8.435,10.74,12.29,0.0,26.5
2020-07-11 22:00:56,52.50333333333333,10.155,7.890000000000001,10.25,11.755,0.0,30.73
2020-07-11 23:00:56,44.61,8.895,7.81,10.03,11.62,0.0,24.21
2020-07-12 00:00:56,41.97333333333333,5.075,7.794999999999999,10.245,11.82,0.0,12.73
2020-07-12 01:00:56,35.05666666666667,5.93,7.22,9.395,10.56,0.0,9.92
2020-07-12 02:00:56,33.00666666666667,10.725,7.314999999999999,11.0,12.199999999999998,0.0,10.22
2020-07-12 03:00:56,33.11666666666667,5.78,7.495,12.365,13.714999999999998,0.0,9.91
2020-07-12 04:00:56,42.45,7.06,8.385,12.935000000000002,14.515,0.0,9.51
2020-07-12 05:00:56,35.70666666666667,6.205000000000001,7.954999999999999,12.905000000000001,14.65,0.0,10.05
2020-07-12 06:00:56,49.973333333333336,15.555,8.6,13.12,15.0,0.0,7.89
2020-07-12 07:00:56,50.63666666666666,16.345,9.92,13.615,15.839999999999998,0.0,8.04
2020-07-12 08:00:56,57.663333333333334,0.0,10.649999999999999,13.745,16.015,0.0,11.87
2020-07-12 09:00:56,55.416666666666664,23.83,8.585,13.375,15.155000000000001,0.0,15.16
2020-07-12 10:00:56,42.04,19.745,8.03,12.32,13.615,0.0,21.04
2020-07-12 11:00:56,30.886666666666667,11.06,8.03,11.689999999999998,12.829999999999998,0.0,21.39
2020-07-12 12:00:56,32.02333333333333,7.255,7.505,11.25,12.435000000000002,0.0,14.37
2020-07-12 13:00:56,21.706666666666667,4.2,7.665,10.805,11.96,0.0,12.32
2020-07-12 14:00:56,17.55,3.935,9.295,11.37,12.560000000000002,0.0,12.93
2020-07-12 15:00:56,12.636666666666665,2.795,9.354999999999999,11.125,12.265,0.0,16.69
2020-07-12 16:00:56,16.22,5.275,9.175,10.704999999999998,11.795000000000002,0.0,16.54
2020-07-12 17:00:56,19.336666666666666,0.0,9.09,10.695,11.865,0.0,17.1
2020-07-12 18:00:56,19.143333333333334,0.0,8.765,10.365,11.525,0.0,17.57
2020-07-12 19:00:56,28.14,4.925,8.745,10.375,11.475,0.0,19.94
2020-07-12 20:00:56,36.45333333333333,6.18,8.215,10.39,11.51,0.0,19.37
2020-07-12 21:00:56,44.92333333333333,7.885000000000001,7.544999999999999,10.305,11.425000000000002,0.0,19.39
2020-07-12 22:00:56,49.236666666666665,9.405,6.984999999999999,9.87,10.895000000000001,0.0,16.95
2020-07-12 23:00:56,43.3,9.525,7.195,9.87,10.905000000000001,0.0,19.58
2020-07-13 00:00:56,42.483333333333334,5.395,7.224999999999999,9.98,11.045000000000002,0.0,16.62
2020-07-13 01:00:56,42.153333333333336,8.81,7.1499999999999995,10.15,11.275,0.0,13.35
2020-07-13 02:00:56,37.843333333333334,5.3,7.4750000000000005,11.165,12.435000000000002,0.0,12.9
2020-07-13 03:00:56,45.913333333333334,5.605,7.38,12.26,13.670000000000002,0.0,10.05
2020-07-13 04:00:56,54.873333333333335,20.64,8.25,13.18,14.814999999999998,0.0,9.07
2020-07-13 05:00:56,69.49666666666667,15.675000000000002,8.815,13.76,15.62,0.0,9.47
2020-07-13 06:00:56,61.49333333333333,19.53,9.34,13.71,15.63,0.0,10.33
2020-07-13 07:00:56,54.086666666666666,21.26,9.445,15.344999999999999,17.725,0.0,10.64
2020-07-13 08:00:56,65.32666666666667,14.615,10.025,16.75,19.52,0.0,14.09
2020-07-13 09:00:56,66.46,15.835,9.28,16.775,19.265,0.0,17.67
2020-07-13 10:00:56,50.91,8.82,9.215,16.15,18.005,0.0,20.79
2020-07-13 11:00:56,43.80666666666667,6.45,8.45,14.555,15.79,0.0,24.04
2020-07-13 12:00:56,39.86333333333334,6.235,8.06,13.125,14.245,0.0,23.91
2020-07-13 13:00:56,42.153333333333336,3.53,7.859999999999999,11.795000000000002,12.824999999999998,0.0,25.02
2020-07-13 14:00:56,35.04666666666667,2.255,8.74,11.035000000000002,12.064999999999998,0.0,23.82
2020-07-13 15:00:56,28.69333333333333,4.045,9.315,10.979999999999999,12.085,0.0,21.16
2020-07-13 16:00:56,27.916666666666668,2.425,9.040000000000001,10.625,11.704999999999998,0.0,23.02
2020-07-13 17:00:56,32.86,5.415,8.834999999999999,10.305,11.445,0.0,17.27
2020-07-13 18:00:56,27.159999999999997,3.26,8.92,10.565,11.745,0.0,24.05
2020-07-13 19:00:56,48.120000000000005,6.155,9.08,10.969999999999999,12.060000000000002,0.0,25.74
2020-07-13 20:00:56,60.943333333333335,7.785,8.719999999999999,11.18,12.245,0.0,28.32
2020-07-13 21:00:56,69.30333333333334,9.135,8.129999999999999,10.875,11.945,0.0,29.05
2020-07-13 22:00:56,71.31333333333333,14.354999999999999,7.830000000000001,10.44,11.454999999999998,0.0,28.78
2020-07-13 23:00:56,70.01333333333334,19.055,7.905000000000001,9.985,10.945,0.0,26.13
2020-07-14 00:00:56,59.02666666666667,12.115,7.82,9.955,10.96,0.0,24.02
2020-07-14 01:00:56,55.63333333333333,8.1,7.37,8.855,9.975,0.0,20.89
2020-07-14 02:00:56,49.980000000000004,15.755,7.03,10.31,11.420000000000002,0.0,19.24
2020-07-14 03:00:56,51.15,13.06,8.42,11.525,12.735,0.0,17.08
2020-07-14 04:00:56,57.67666666666667,10.845,11.479999999999999,12.895000000000001,14.235,0.0,16.19
2020-07-14 05:00:56,63.443333333333335,15.199999999999998,10.0,13.495,15.005,0.0,14.89
2020-07-14 06:00:56,52.42666666666667,10.79,10.520000000000001,13.995,15.65,0.0,10.05
2020-07-14 07:00:56,76.88666666666667,28.34,17.055,15.01,16.805,0.0,9.45
2020-07-14 08:00:56,84.48666666666666,30.135,14.195,15.689999999999998,17.72,0.0,9.52
2020-07-14 09:00:56,86.83666666666667,37.78,8.345,14.995,16.635,0.0,14.7
2020-07-14 10:00:56,62.61000000000001,22.865,6.739999999999999,13.74,15.005,0.0,11.77
2020-07-14 11:00:56,57.8,11.85,6.640000000000001,13.064999999999998,14.270000000000001,0.0,15.86
2020-07-14 12:00:56,51.11666666666667,9.945,6.395,12.204999999999998,13.285000000000002,0.0,17.99
2020-07-14 13:00:56,46.903333333333336,6.52,6.27,11.435000000000002,12.62,0.0,20.84
2020-07-14 14:00:56,43.2,8.01,6.59,10.93,11.995,0.0,16.28
2020-07-14 15:00:56,47.25666666666666,8.5,7.005,11.165,12.36,0.0,16.11
2020-07-14 16:00:56,35.910000000000004,4.885,7.989999999999999,11.39,12.6,0.0,15.66
2020-07-14 17:00:56,30.30666666666667,5.69,8.33,11.585,12.829999999999998,0.0,14.88
2020-07-14 18:00:56,29.21,6.87,8.18,11.699999999999998,12.88,0.0,17.63
2020-07-14 19:00:56,58.4,3.5050000000000003,7.969999999999999,11.729999999999999,12.935000000000002,0.0,24.06
2020-07-14 20:00:56,75.68333333333334,5.614999999999999,7.335000000000001,11.665,12.86,0.0,21.48
2020-07-14 21:00:56,77.74666666666667,13.0,6.56,10.805,11.979999999999999,0.0,24.18
2020-07-14 22:00:56,62.34,10.205,6.57,19.290000000000003,21.825,0.0,19.95
2020-07-14 23:00:56,37.0,14.22,6.585000000000001,19.765,21.51,0.0,18.11
2020-07-15 00:00:56,29.32333333333333,7.3,6.445,19.785,21.38,0.0,16.31
2020-07-15 01:00:56,27.233333333333334,4.535,6.22,18.355,19.545,0.0,16.1
2020-07-15 02:00:56,22.296666666666667,3.1749999999999994,6.109999999999999,18.335,19.525000000000002,0.0,14.19
2020-07-15 03:00:56,12.606666666666667,7.28,6.210000000000001,18.334999999999997,19.645,0.0,14.11
2020-07-15 04:00:56,11.24,3.99,6.114999999999999,17.855,19.23,0.0,14.04
2020-07-15 05:00:56,12.03,0.0,6.405,16.46,17.845,0.0,14.61
2020-07-15 06:00:56,10.206666666666667,0.0,6.795000000000001,17.165000000000003,18.815,0.0,14.93
2020-07-15 07:00:56,6.066666666666666,0.0,6.88,19.435,21.0,0.0,12.65
2020-07-15 08:00:56,14.103333333333333,0.0,6.800000000000001,25.584999999999997,30.805000000000003,0.0,10.75
2020-07-15 09:00:56,14.803333333333335,3.5849999999999995,6.55,25.084999999999997,29.37,0.0,13.82
2020-07-15 10:00:56,11.73,0.0,6.565,29.560000000000002,37.575,0.0,10.06
2020-07-15 11:00:56,17.233333333333334,2.33,6.57,29.115,34.66,0.0,11.87
2020-07-15 12:00:56,21.066666666666666,3.91,6.755,31.304999999999996,41.38,0.0,11.68
2020-07-15 13:00:56,15.953333333333333,2.045,6.895,30.315,41.695,0.0,13.78
2020-07-15 14:00:56,15.6,2.05,7.73,29.02,35.35,0.0,19.91
2020-07-15 15:00:56,18.636666666666667,1.36,8.905000000000001,30.310000000000002,38.18,0.0,16.7
2020-07-15 16:00:56,14.223333333333334,1.575,9.06,37.845,54.70000000000001,0.0,10.47
2020-07-15 17:00:56,12.823333333333332,1.575,9.12,40.714999999999996,58.410000000000004,0.0,11.57
2020-07-15 18:00:56,17.78333333333333,0.92,9.38,44.025,60.855,0.0,8.54
2020-07-15 19:00:56,29.506666666666664,0.46,9.165,34.105,38.815,0.0,14.41
2020-07-15 20:00:56,34.086666666666666,5.33,8.97,31.865,35.955000000000005,0.0,15.61
2020-07-15 21:00:56,71.67,6.965,8.13,29.36,32.205,0.0,16.11
2020-07-15 22:00:56,81.65333333333334,14.104999999999999,7.3,28.709999999999997,33.65,0.0,14.46
2020-07-15 23:00:56,83.07,12.405,7.164999999999999,22.38,25.025000000000002,0.0,16.67
2020-07-16 00:00:56,58.39666666666667,7.2,7.005,21.88,24.700000000000003,0.0,14.6
2020-07-16 01:00:56,40.79666666666666,9.03,6.73,18.925,21.885,0.0,15.07
2020-07-16 02:00:56,33.059999999999995,5.345,6.919999999999999,16.745,18.55,0.0,17.71
2020-07-16 03:00:56,26.773333333333333,6.75,6.95,14.785000000000002,16.145,0.0,17.9
2020-07-16 04:00:56,25.156666666666666,8.94,6.855,14.235,15.63,0.0,17.52
2020-07-16 05:00:56,26.976666666666667,10.755,6.59,14.74,16.435,0.0,13.2
2020-07-16 06:00:56,21.84,6.255,6.875,15.534999999999998,17.34,0.0,14.75
2020-07-16 07:00:56,21.133333333333333,8.02,6.895,18.195,20.39,0.0,14.18
2020-07-16 08:00:56,17.593333333333334,4.95,6.905,22.395,26.570000000000004,0.0,11.66
2020-07-16 09:00:56,31.88,5.115,6.895,21.959999999999997,25.415000000000003,0.0,12.31
2020-07-16 10:00:56,22.933333333333334,5.86,6.949999999999999,26.625,34.695,0.0,9.65
2020-07-16 11:00:56,23.543333333333333,4.94,6.945,27.474999999999998,36.515,0.0,10.9
2020-07-16 12:00:56,20.82333333333333,4.87,7.219999999999999,41.615,73.33,0.0,8.39
2020-07-16 13:00:56,28.873333333333335,4.63,7.465,40.995,64.88499999999999,0.0,7.53
2020-07-16 14:00:56,25.606666666666666,2.485,8.255,35.02,45.84,0.0,10.65
2020-07-16 15:00:56,31.043333333333333,1.635,9.145,35.54,46.895,0.0,14.34
2020-07-16 16:00:56,29.94666666666667,1.615,9.16,35.365,47.75,0.0,14.88
2020-07-16 17:00:56,29.266666666666666,0.9700000000000001,9.21,32.52,40.345,0.0,14.6
2020-07-16 18:00:56,42.43666666666667,1.6499999999999997,9.005,28.03,32.77,0.0,13.25
2020-07-16 19:00:56,46.46,12.475,8.81,27.13,31.709999999999997,0.0,13.46
2020-07-16 20:00:56,61.400000000000006,7.239999999999999,8.37,25.94,31.849999999999998,0.0,15.9
2020-07-16 21:00:56,75.08666666666666,18.27,7.664999999999999,22.83,30.48,0.0,6.85
2020-07-16 22:00:56,54.73666666666667,20.39,7.685,22.265,29.365,0.0,7.36
2020-07-16 23:00:56,37.95666666666667,18.515,7.62,23.11,31.419999999999998,0.0,9.02
2020-07-17 00:00:56,25.53666666666667,13.455,7.605,22.395,28.540000000000003,0.0,11.46
2020-07-17 01:00:56,19.746666666666666,7.22,6.879999999999999,21.935000000000002,31.01,0.0,9.84
2020-07-17 02:00:56,28.78,3.905,7.145,19.06,24.814999999999998,0.0,7.29
2020-07-17 03:00:56,21.196666666666665,0.0,6.965,15.32,17.755,0.0,11.21
2020-07-17 04:00:56,15.0,0.0,6.765000000000001,13.655000000000001,16.62,0.0,8.92
2020-07-17 05:00:56,16.9,4.39,6.28,13.83,16.335,0.0,10.05
2020-07-17 06:00:56,23.723333333333333,3.32,6.31,17.08,24.215,0.0,8.97
2020-07-17 07:00:56,36.68,3.56,6.539999999999999,20.765,33.33,0.0,7.85
2020-07-17 08:00:56,41.03666666666666,7.775000000000001,7.095,23.724999999999998,33.365,0.0,8.78
2020-07-17 09:00:56,28.87,4.505,6.82,22.34,29.01,0.0,11.39
2020-07-17 10:00:56,23.37,4.385,6.52,23.224999999999998,30.605000000000004,0.0,10.78
2020-07-17 11:00:56,12.453333333333333,3.565,6.41,24.655,32.625,0.0,12.06
2020-07-17 12:00:56,20.15,8.405,6.544999999999999,27.115,37.41,0.0,9.98
2020-07-17 13:00:56,20.856666666666666,5.355,6.544999999999999,29.439999999999998,41.845,0.0,10.03
2020-07-17 14:00:56,18.88,3.595,6.655000000000001,30.36,41.35,0.0,11.44
2020-07-17 15:00:56,12.276666666666666,2.475,6.664999999999999,28.2,37.580000000000005,0.0,11.35
2020-07-17 16:00:56,15.16,1.995,6.62,24.350000000000005,30.679999999999996,0.0,15.54
2020-07-17 17:00:56,23.876666666666665,2.17,4.97,25.340000000000003,31.745,0.0,13.21
2020-07-17 18:00:56,22.413333333333334,1.76,4.815,22.459999999999997,26.995,0.0,15.31
2020-07-17 19:00:56,31.96,1.4799999999999998,4.81,21.810000000000002,25.695000000000004,0.0,20.1
2020-07-17 20:00:56,38.03333333333333,11.565,6.245,22.554999999999996,26.715,0.0,16.98
2020-07-17 21:00:56,33.2,6.105,6.44,21.725000000000005,25.409999999999997,0.0,17.23
2020-07-17 22:00:56,35.68333333333334,11.525,6.455000000000001,20.07,22.985,0.0,18.7
2020-07-17 23:00:56,35.480000000000004,15.625,6.364999999999999,22.36,26.155,0.0,17.13
2020-07-18 00:00:56,34.906666666666666,8.88,6.335000000000001,22.545,25.524999999999995,0.0,17.64
2020-07-18 01:00:56,24.706666666666667,4.66,6.3500000000000005,17.59,19.745,0.0,21.21
2020-07-18 02:00:56,28.28333333333333,2.72,6.585000000000001,19.25,22.215000000000003,0.0,19.21
2020-07-18 03:00:56,24.83666666666667,7.53,6.580000000000001,13.700000000000001,15.32,0.0,22.82
2020-07-18 04:00:56,26.403333333333336,5.09,6.530000000000001,12.92,14.274999999999999,0.0,22.41
2020-07-18 05:00:56,28.666666666666668,2.875,6.905,16.525000000000002,19.2,0.0,16.6
2020-07-18 06:00:56,39.86666666666667,4.535,7.844999999999999,20.245,24.405,0.0,13.68
2020-07-18 07:00:56,45.550000000000004,11.515,8.975,25.675,33.35,0.0,11.89
2020-07-18 08:00:56,54.666666666666664,7.044999999999999,10.085,33.53,43.865,0.0,9.56
2020-07-18 09:00:56,80.51666666666667,23.89,8.99,35.095,41.75,0.0,13.83
2020-07-18 10:00:56,53.913333333333334,20.345,8.04,32.83,40.85,0.0,16.84
2020-07-18 11:00:56,45.263333333333335,12.785000000000002,7.62,30.564999999999998,36.74,0.0,17.28
2020-07-18 12:00:56,41.59,9.92,7.685,32.225,40.565,0.0,14.69
2020-07-18 13:00:56,34.903333333333336,8.135,7.81,33.765,43.035000000000004,0.0,13.47
2020-07-18 14:00:56,28.43,4.695,8.935,39.4,53.285,0.0,12.34
2020-07-18 15:00:56,22.686666666666667,2.45,9.84,39.725,54.73499999999999,0.0,12.12
2020-07-18 16:00:56,25.23,1.31,9.835,37.655,50.15,0.0,10.16
2020-07-18 17:00:56,30.05666666666667,0.77,9.935,35.725,46.06,0.0,13.19
2020-07-18 18:00:56,32.14333333333334,1.47,9.69,32.08,38.65,0.0,19.55
2020-07-18 19:00:56,40.10666666666667,5.66,9.299999999999999,27.61,31.795,0.0,22.96
2020-07-18 20:00:56,51.336666666666666,9.965,8.88,27.12,31.24,0.0,24.18
2020-07-18 21:00:56,54.96666666666667,7.895,8.135,25.974999999999998,29.945000000000004,0.0,19.7
2020-07-18 22:00:56,53.63666666666666,19.055,7.93,22.974999999999998,26.62,0.0,17.29
2020-07-18 23:00:56,48.52333333333333,12.435,7.82,19.445,21.944999999999997,0.0,18.45
2020-07-19 00:00:56,34.54333333333334,17.12,7.765000000000001,18.855,21.345,0.0,18.46
2020-07-19 01:00:56,28.66333333333333,9.7,7.57,18.61,22.3,0.0,16.1
2020-07-19 02:00:56,36.13333333333333,7.905,7.54,22.830000000000002,30.155,0.0,10.53
2020-07-19 03:00:56,27.933333333333337,4.06,7.510000000000001,20.935,25.495,0.0,14.03
2020-07-19 04:00:56,41.656666666666666,6.025000000000001,7.93,21.49,25.950000000000003,0.0,11.29
2020-07-19 05:00:56,39.72333333333333,7.94,8.005,19.705,26.084999999999997,0.0,9.07
2020-07-19 06:00:56,55.67,13.945,8.135,21.3,27.16,0.0,8.14
2020-07-19 07:00:56,76.06333333333333,41.385,8.424999999999999,22.785,30.745,0.0,8.59
2020-07-19 08:00:56,63.166666666666664,40.165,9.235,27.03,36.285000000000004,0.0,10.89
2020-07-19 09:00:56,41.09,20.57,8.68,24.570000000000004,29.25,0.0,17.35
2020-07-19 10:00:56,37.81666666666666,10.755,7.815,21.625,25.429999999999996,0.0,18.09
2020-07-19 11:00:56,39.32333333333334,0.0,7.359999999999999,20.44,23.955,0.0,17.77
2020-07-19 12:00:56,35.61333333333334,12.75,7.419999999999999,23.820000000000004,28.0,0.0,18.52
2020-07-19 13:00:56,37.730000000000004,7.98,6.234999999999999,24.81,28.899999999999995,0.0,22.03
2020-07-19 14:00:56,35.38666666666667,4.33,9.715,36.699999999999996,50.01,0.0,13.89
2020-07-19 15:00:56,22.85666666666667,3.225,10.055,39.955,56.535,0.0,14.56
2020-07-19 16:00:56,20.183333333333334,3.065,9.924999999999999,40.38,54.63999999999999,0.0,16.57
2020-07-19 17:00:56,20.66,2.055,9.915,41.875,56.5,0.0,16.93
2020-07-19 18:00:56,25.189999999999998,2.18,9.505,41.48500000000001,55.245,0.0,12.62
2020-07-19 19:00:56,32.76,3.765,9.29,39.04,47.01,0.0,16.34
2020-07-19 20:00:56,42.04666666666667,2.7099999999999995,9.175,32.580000000000005,37.735,0.0,19.66
2020-07-19 21:00:56,49.38666666666667,13.07,9.255,26.895,29.694999999999997,0.0,26.14
2020-07-19 22:00:56,47.696666666666665,10.675000000000002,8.955,23.73,26.08,0.0,30.65
2020-07-19 23:00:56,45.14666666666667,8.895,8.65,25.105,27.855,0.0,35.55
2020-07-20 00:00:56,37.00666666666667,4.83,7.794999999999999,38.82,47.34,0.0,24.53
2020-07-20 01:00:56,35.04333333333333,5.655,8.375,30.679999999999996,35.76,0.0,26.06
2020-07-20 02:00:56,37.49333333333333,6.235,9.87,36.44,42.089999999999996,0.0,17.96
2020-07-20 03:00:56,42.35666666666666,11.324999999999998,13.990000000000002,36.855,44.14000000000001,0.0,13.78
2020-07-20 04:00:56,53.22,7.915,14.719999999999999,34.245000000000005,39.965,0.0,11.63
2020-07-20 05:00:56,62.13666666666666,7.075,12.584999999999999,31.794999999999998,37.615,0.0,14.84
2020-07-20 06:00:56,46.96666666666667,8.79,10.759999999999998,33.435,40.595,0.0,13.07
2020-07-20 07:00:56,54.86333333333334,17.715,9.63,36.065,48.32,0.0,10.08
2020-07-20 08:00:56,63.096666666666664,18.66,13.875,45.625,66.205,0.0,8.99
2020-07-20 09:00:56,80.31666666666666,16.0,14.394999999999998,48.23499999999999,55.52,0.0,16.58
2020-07-20 10:00:56,83.24666666666667,10.43,9.02,51.53999999999999,57.72,0.0,17.19
2020-07-20 11:00:56,65.00666666666667,16.345,9.22,46.93,51.004999999999995,0.0,23.83
2020-07-20 12:00:56,62.89666666666667,8.71,10.235,40.875,43.445,0.0,34.57
2020-07-20 13:00:56,60.04333333333333,5.41,9.995,44.04,49.655,0.0,29.03
2020-07-20 14:00:56,48.413333333333334,9.01,9.64,55.6,69.01,0.0,13.66
2020-07-20 15:00:56,31.296666666666667,5.255,9.299999999999999,61.93,81.575,0.0,9.69
2020-07-20 16:00:56,31.123333333333335,3.5400000000000005,9.56,60.330000000000005,79.455,0.0,11.84
2020-07-20 17:00:56,34.22333333333333,4.18,9.405,50.715,60.15,0.0,17.99
2020-07-20 18:00:56,34.656666666666666,5.3,9.18,41.385,47.02,0.0,20.09
2020-07-20 19:00:56,55.77,4.78,9.005,27.855,30.86,0.0,21.79
2020-07-20 20:00:56,83.10000000000001,11.854999999999999,8.56,25.820000000000004,29.790000000000003,0.0,16.15
2020-07-20 21:00:56,80.78,15.28,7.885000000000001,24.89,28.48,0.0,17.91
2020-07-20 22:00:56,62.81,17.395,7.109999999999999,22.3,25.24,0.0,16.39
2020-07-20 23:00:56,55.57333333333333,10.27,6.425,20.38,24.31,0.0,12.89
2020-07-21 00:00:56,48.36333333333333,20.035,6.599999999999999,22.375,29.13,0.0,10.03
2020-07-21 01:00:56,43.67333333333333,18.075,6.330000000000001,19.865,26.105000000000004,0.0,10.59
2020-07-21 02:00:56,44.81666666666666,11.57,6.41,17.935,23.595,0.0,9.4
2020-07-21 03:00:56,30.08,10.2,6.245,17.24,25.525000000000002,0.0,8.76
2020-07-21 04:00:56,29.79,6.21,6.419999999999999,17.439999999999998,27.0,0.0,8.46
2020-07-21 05:00:56,29.316666666666666,0.0,6.7700000000000005,18.485,30.745,0.0,7.23
2020-07-21 06:00:56,25.86,0.0,7.19,20.255,33.595,0.0,6.56
2020-07-21 07:00:56,33.486666666666665,5.61,7.495,25.245,39.51,0.0,7.18
2020-07-21 08:00:56,38.913333333333334,3.065,7.885000000000001,28.040000000000003,41.915,0.0,9.02
2020-07-21 09:00:56,37.50333333333333,2.93,7.414999999999999,30.540000000000003,48.125,0.0,9.1
2020-07-21 10:00:56,35.86333333333334,2.33,7.285,29.195000000000004,43.09,0.0,9.08
2020-07-21 11:00:56,31.686666666666667,1.5200000000000002,7.335000000000001,28.48,37.580000000000005,0.0,15.37
2020-07-21 12:00:56,29.310000000000002,3.26,7.3999999999999995,34.3,46.715,0.0,12.62
2020-07-21 13:00:56,23.953333333333333,3.0,7.314999999999999,29.86,37.405,0.0,21.93
2020-07-21 14:00:56,22.396666666666665,0.0,8.14,27.165000000000003,33.875,0.0,21.43
2020-07-21 15:00:56,21.939999999999998,0.0,8.29,31.395,40.395,0.0,17.19
2020-07-21 16:00:56,23.256666666666664,2.975,8.145,34.15,43.885,0.0,14.07
2020-07-21 17:00:56,26.19,0.0,8.36,32.545,39.27,0.0,21.19
2020-07-21 18:00:56,31.486666666666665,8.2,7.989999999999999,27.905,31.724999999999998,0.0,25.9
2020-07-21 19:00:56,47.97333333333333,4.1,8.09,24.05,26.635,0.0,26.48
2020-07-21 20:00:56,58.67333333333333,4.81,7.510000000000001,23.064999999999998,25.865,0.0,26.66
2020-07-21 21:00:56,58.73,15.485,6.699999999999999,21.400000000000002,24.245,0.0,21.31
2020-07-21 22:00:56,54.67666666666666,10.165,6.57,20.84,23.495,0.0,20.69
2020-07-21 23:00:56,47.513333333333335,6.315,6.48,19.565,23.209999999999997,0.0,18.91
2020-07-22 00:00:56,43.196666666666665,7.78,6.41,16.75,19.235,0.0,18.65
2020-07-22 01:00:56,31.02333333333333,0.0,6.455000000000001,17.205,19.835,0.0,16.44
2020-07-22 02:00:56,30.540000000000003,6.66,6.675,14.699999999999998,16.740000000000002,0.0,15.89
2020-07-22 03:00:56,31.063333333333333,6.265,6.82,15.805,18.605,0.0,14.23
2020-07-22 04:00:56,23.933333333333334,4.1,7.314999999999999,15.755,17.875,0.0,16.21
2020-07-22 05:00:56,26.11,2.82,7.165,16.689999999999998,19.68,0.0,16.95
2020-07-22 06:00:56,32.973333333333336,1.6049999999999998,7.724999999999999,19.53,23.255,0.0,12.93
2020-07-22 07:00:56,46.84,9.5,9.195,29.015,37.52,0.0,10.19
2020-07-22 08:00:56,46.56666666666666,14.160000000000002,10.670000000000002,37.324999999999996,44.855,0.0,11.36
2020-07-22 09:00:56,55.083333333333336,19.355,9.450000000000001,33.56,37.330000000000005,0.0,19.68
2020-07-22 10:00:56,42.196666666666665,10.4,8.21,33.04,37.575,0.0,19.75
2020-07-22 11:00:56,26.39,6.82,7.3500000000000005,35.785,41.585,0.0,17.62
2020-07-22 12:00:56,23.953333333333333,9.655,6.8999999999999995,38.035000000000004,45.82500000000001,0.0,14.5
2020-07-22 13:00:56,22.703333333333333,5.14,6.435,31.405,35.845,0.0,20.3
2020-07-22 14:00:56,20.523333333333333,3.4949999999999997,6.755,30.05,33.98,0.0,21.98
2020-07-22 15:00:56,17.706666666666667,4.96,7.53,29.330000000000002,32.754999999999995,0.0,25.16
2020-07-22 16:00:56,23.506666666666668,3.5499999999999994,7.859999999999999,27.185,30.22,0.0,25.94
2020-07-22 17:00:56,22.799999999999997,0.0,7.62,25.245,28.070000000000004,0.0,32.19
2020-07-22 18:00:56,32.10333333333333,6.13,7.614999999999999,27.87,31.125,0.0,30.96
2020-07-22 19:00:56,57.29333333333333,3.9599999999999995,7.2250000000000005,27.730000000000004,30.77,0.0,25.92
2020-07-22 20:00:56,51.55666666666667,2.625,6.43,23.895,25.935000000000002,0.0,32.85
2020-07-22 21:00:56,37.72666666666667,11.324999999999998,5.98,28.584999999999997,31.67,0.0,25.24
2020-07-22 22:00:56,36.013333333333335,7.25,5.849999999999999,29.08,32.335,0.0,22.67
2020-07-22 23:00:56,49.47333333333333,9.32,5.865000000000001,28.595,31.84,0.0,19.41
2020-07-23 00:00:56,44.906666666666666,5.17,5.794999999999999,26.67,29.715,0.0,23.89
2020-07-23 01:00:56,38.56333333333333,7.7,6.050000000000001,23.495,26.084999999999997,0.0,21.47
2020-07-23 02:00:56,37.10666666666667,6.895,6.330000000000001,19.18,21.22,0.0,21.48
2020-07-23 03:00:56,36.2,4.4,6.609999999999999,17.2,19.055,0.0,22.76
2020-07-23 04:00:56,28.67,9.78,7.710000000000001,17.62,19.645,0.0,21.64
2020-07-23 05:00:56,29.066666666666666,6.62,6.7250000000000005,17.580000000000002,19.790000000000003,0.0,19.87
2020-07-23 06:00:56,34.61,4.165,6.38,20.78,23.33,0.0,20.28
2020-07-23 07:00:56,36.21333333333333,4.87,6.56,28.51,31.11,0.0,18.02
2020-07-23 08:00:56,55.94,15.915,6.755,35.18,39.22,0.0,16.65
2020-07-23 09:00:56,58.330000000000005,18.85,6.599999999999999,42.345,48.975,0.0,15.98
2020-07-23 10:00:56,49.92333333333333,10.38,5.75,28.075,30.235,0.0,29.25
2020-07-23 11:00:56,43.31666666666666,8.875,5.5200000000000005,23.52,25.38,0.0,30.25
2020-07-23 12:00:56,41.9,5.400000000000001,5.510000000000001,25.11,27.409999999999997,0.0,28.44
2020-07-23 13:00:56,44.97,15.225,5.48,24.925,27.44,0.0,27.48
2020-07-23 14:00:56,37.9,8.12,5.75,25.245,27.84,0.0,27.16
2020-07-23 15:00:56,38.49666666666667,5.06,5.755,23.01,25.274999999999995,0.0,27.91
2020-07-23 16:00:56,38.20666666666667,2.775,6.09,20.825000000000003,22.89,0.0,31.7
2020-07-23 17:00:56,42.69333333333333,4.52,5.995,23.395,25.939999999999998,0.0,29.69
2020-07-23 18:00:56,43.733333333333334,2.455,5.845,22.485,24.64,0.0,33.54
2020-07-23 19:00:56,38.193333333333335,3.49,5.745,23.98,26.560000000000002,0.0,34.41
2020-07-23 20:00:56,51.54333333333334,10.79,5.54,24.62,26.88,0.0,32.51
2020-07-23 21:00:56,34.556666666666665,5.445,5.5,22.0,23.834999999999997,0.0,32.01
2020-07-23 22:00:56,28.35666666666667,6.065,5.64,21.76,23.709999999999997,0.0,30.16
2020-07-23 23:00:56,29.810000000000002,9.885,5.54,19.525000000000002,21.33,0.0,30.41
2020-07-24 00:00:56,21.366666666666667,7.515,5.5,20.66,22.765,0.0,28.88
2020-07-24 01:00:56,23.903333333333336,9.65,5.545000000000001,16.285,18.125,0.0,31.13
2020-07-24 02:00:56,48.00333333333333,10.42,5.905,18.17,19.985,0.0,28.23
2020-07-24 03:00:56,44.31333333333333,5.760000000000001,5.945,15.96,17.75,0.0,26.05
2020-07-24 04:00:56,41.79333333333334,12.08,5.6499999999999995,15.990000000000002,17.895,0.0,21.71
2020-07-24 05:00:56,34.25333333333333,7.18,6.075,15.195,16.875,0.0,23.19
2020-07-24 06:00:56,32.98,4.03,7.329999999999999,10.235,11.594999999999999,0.0,0.0
2020-07-24 07:00:56,37.84,7.419999999999999,11.265,26.224999999999998,31.015,0.0,0.0
2020-07-24 08:00:56,42.52,6.235,15.905000000000001,44.56999999999999,57.830000000000005,0.0,0.0
2020-07-24 09:00:56,48.14666666666667,6.27,9.6,39.945,49.685,0.0,0.0
2020-07-24 10:00:56,38.656666666666666,4.895,7.260000000000001,33.695,38.48,0.0,9.88
2020-07-24 11:00:56,29.513333333333332,8.19,6.780000000000001,34.01,39.0,0.0,10.35
2020-07-24 12:00:56,30.21333333333333,5.575,6.88,36.33,43.725,0.0,10.35
2020-07-24 13:00:56,22.686666666666667,6.465,7.12,33.375,38.935,0.0,10.52
2020-07-24 14:00:56,18.75,3.905,7.47,33.155,38.835,0.0,12.76
2020-07-24 15:00:56,20.10333333333333,2.135,8.01,38.04,45.98499999999999,0.0,18.52
2020-07-24 16:00:56,21.44,1.335,8.72,36.01,42.875,0.0,16.19
2020-07-24 17:00:56,15.406666666666666,0.0,8.915,34.355,40.675000000000004,0.0,19.31
2020-07-24 18:00:56,26.703333333333333,2.12,8.875,30.73,34.31,0.0,20.29
2020-07-24 19:00:56,45.42,5.59,8.22,28.035,30.959999999999997,0.0,19.1
2020-07-24 20:00:56,57.31,7.435,7.599999999999999,25.39,28.600000000000005,0.0,15.36
2020-07-24 21:00:56,42.653333333333336,7.075,5.055,22.885,25.36,0.0,14.74
2020-07-24 22:00:56,38.516666666666666,12.910000000000002,4.915,21.22,23.51,0.0,14.93
2020-07-24 23:00:56,37.480000000000004,13.53,4.73,20.255,22.49,0.0,14.59
2020-07-25 00:00:56,27.72,8.815,4.63,27.025000000000002,32.06,0.0,10.84
2020-07-25 01:00:56,29.99666666666667,11.745,4.665,25.41,29.595,0.0,10.45
2020-07-25 02:00:56,26.433333333333334,10.985,4.695,24.25,28.17,0.0,11.12
2020-07-25 03:00:56,22.51,12.51,4.85,20.28,22.61,0.0,12.58
2020-07-25 04:00:56,25.796666666666667,8.745,7.73,19.265,21.22,0.0,13.79
2020-07-25 05:00:56,34.97666666666667,11.21,7.69,25.77,29.72,0.0,12.19
2020-07-25 06:00:56,39.083333333333336,12.535000000000002,8.555,34.09,38.61,0.0,10.03
2020-07-25 07:00:56,42.47333333333333,8.855,13.094999999999999,33.61,37.675000000000004,0.0,10.69
2020-07-25 08:00:56,52.333333333333336,16.71,14.405000000000001,38.275,41.745000000000005,0.0,13.29
2020-07-25 09:00:56,48.083333333333336,0.0,8.84,36.84,40.080000000000005,0.0,14.86
2020-07-25 10:00:56,45.233333333333334,18.67,7.07,34.915,37.84,0.0,15.67
2020-07-25 11:00:56,34.693333333333335,18.36,6.09,33.965,38.025,0.0,17.92
2020-07-25 12:00:56,48.92,11.305,7.469999999999999,41.255,49.85,0.0,13.39
2020-07-25 13:00:56,34.08,9.805,7.140000000000001,41.42,49.835,0.0,11.78
2020-07-25 14:00:56,20.98,7.145,8.03,43.94499999999999,54.6,0.0,11.8
2020-07-25 15:00:56,25.43,9.325,9.065,41.23,49.919999999999995,0.0,16.7
2020-07-25 16:00:56,21.05,5.26,9.6,45.465,55.88500000000001,0.0,13.62
2020-07-25 17:00:56,20.333333333333332,3.295,9.445,49.35,62.80500000000001,0.0,17.3
2020-07-25 18:00:56,19.823333333333334,1.845,9.25,47.26500000000001,59.830000000000005,0.0,16.76
2020-07-25 19:00:56,21.726666666666667,6.400000000000001,9.045,40.79,47.31,0.0,20.68
2020-07-25 20:00:56,40.483333333333334,4.51,8.61,34.86,38.645,0.0,21.46
2020-07-25 21:00:56,56.38666666666667,7.335,8.24,30.505,33.28,0.0,20.33
2020-07-25 22:00:56,44.75333333333333,7.275000000000001,7.48,26.224999999999998,28.320000000000004,0.0,19.07
2020-07-25 23:00:56,42.086666666666666,13.125,7.47,27.320000000000004,29.785,0.0,17.13
2020-07-26 00:00:56,40.04333333333334,8.67,7.815,31.765,34.565,0.0,15.94
2020-07-26 01:00:56,40.04333333333334,6.84,8.8,39.085,47.165,0.0,10.36
2020-07-26 02:00:56,42.48,4.235,12.795000000000002,35.73,42.01,0.0,10.03
2020-07-26 03:00:56,53.38333333333333,7.87,10.765,37.775,43.68,0.0,9.27
2020-07-26 04:00:56,58.406666666666666,4.085,11.855000000000002,32.495,39.445,0.0,8.26
2020-07-26 05:00:56,59.13666666666666,6.54,8.975,30.950000000000003,36.445,0.0,9.82
2020-07-26 06:00:56,62.403333333333336,18.15,11.9,28.205,32.455000000000005,0.0,8.44
2020-07-26 07:00:56,52.876666666666665,21.12,9.87,31.185000000000002,38.91,0.0,7.84
2020-07-26 08:00:56,63.053333333333335,19.205,11.949999999999998,34.495000000000005,40.52,0.0,10.73
2020-07-26 09:00:56,68.55,14.205,10.3,37.795,42.805,0.0,9.85
2020-07-26 10:00:56,55.129999999999995,14.76,8.485,37.66,45.18,0.0,13.65
2020-07-26 11:00:56,37.29,10.57,6.495,33.135,38.645,0.0,17.23
2020-07-26 12:00:56,34.71666666666667,8.695,6.07,33.55,41.285000000000004,0.0,18.31
2020-07-26 13:00:56,30.086666666666666,5.44,6.69,31.64,38.115,0.0,19.13
2020-07-26 14:00:56,22.086666666666666,3.82,7.56,44.75,57.96,0.0,20.12
2020-07-26 15:00:56,23.863333333333333,2.6,7.705000000000001,36.44,48.47,0.0,29.06
2020-07-26 16:00:56,34.88666666666666,1.8500000000000003,6.97,43.09,60.32500000000001,0.0,21.69
2020-07-26 17:00:56,31.706666666666663,13.385,6.94,44.115,65.57,0.0,23.43
2020-07-26 18:00:56,20.793333333333333,0.0,6.815,40.96,56.92499999999999,0.0,21.78
2020-07-26 19:00:56,23.80666666666667,4.54,7.13,45.23,65.395,0.0,18.06
2020-07-26 20:00:56,28.1,5.91,6.824999999999999,63.044999999999995,111.63,0.0,10.53
2020-07-26 21:00:56,52.84,12.705,6.495,51.78,72.61,0.0,15.48
2020-07-26 22:00:56,71.34,11.185,6.219999999999999,35.77,39.065,0.0,20.62
2020-07-26 23:00:56,73.83,10.07,5.93,36.620000000000005,41.900000000000006,0.0,18.01
2020-07-27 00:00:56,62.0,9.175,5.325,32.17,35.345,0.0,14.24
2020-07-27 01:00:56,50.13,8.945,5.295,33.41,38.965,0.0,10.57
2020-07-27 02:00:56,53.35,7.53,5.88,28.455,32.745,0.0,12.23
2020-07-27 03:00:56,40.96333333333333,8.67,6.984999999999999,31.415000000000003,39.765,0.0,10.53
2020-07-27 04:00:56,35.123333333333335,10.5,7.255,30.645,34.405,0.0,10.64
2020-07-27 05:00:56,43.986666666666665,0.0,7.185,33.53,48.065,0.0,6.39
2020-07-27 06:00:56,77.89666666666666,28.015,9.02,31.299999999999997,44.81,0.0,6.97
2020-07-27 07:00:56,79.06666666666666,21.899999999999995,9.1,39.300000000000004,58.85999999999999,0.0,6.81
2020-07-27 08:00:56,97.70666666666666,30.755,12.14,47.56,74.265,0.0,6.75
2020-07-27 09:00:56,92.68,23.255,18.08,55.96000000000001,76.765,0.0,7.54
2020-07-27 10:00:56,97.79,20.125,11.995,50.60999999999999,65.505,0.0,10.32
2020-07-27 11:00:56,84.47333333333333,23.304999999999996,9.54,50.830000000000005,69.77,0.0,5.55
2020-07-27 12:00:56,63.32333333333333,16.445,8.59,51.949999999999996,73.295,0.0,8.91
2020-07-27 13:00:56,39.97666666666667,9.765,9.255,55.21,83.075,0.0,13.31
2020-07-27 14:00:56,34.99,5.805,9.54,53.38500000000001,78.98,0.0,19.73
2020-07-27 15:00:56,69.78666666666666,3.67,10.424999999999999,52.915,86.02499999999999,0.0,21.14
2020-07-27 16:00:56,74.03666666666666,2.445,9.84,59.29,94.995,0.0,16.0
2020-07-27 17:00:56,61.1,2.175,9.82,51.919999999999995,76.88,0.0,11.63
2020-07-27 18:00:56,70.64333333333333,4.29,9.549999999999999,41.23,49.28,0.0,17.13
2020-07-27 19:00:56,76.00333333333333,9.105,9.32,34.135,38.75,0.0,20.69
2020-07-27 20:00:56,84.71000000000001,6.585,8.955,32.44,36.515,0.0,20.82
2020-07-27 21:00:56,84.20666666666666,13.175000000000002,8.425,29.070000000000004,32.42,0.0,21.08
2020-07-27 22:00:56,75.17333333333333,6.645,7.289999999999999,23.075,25.675,0.0,16.59
2020-07-27 23:00:56,62.21333333333333,4.785,7.3549999999999995,21.955,24.834999999999997,0.0,14.14
2020-07-28 00:00:56,49.513333333333335,8.675,7.030000000000001,24.41,27.415000000000003,0.0,12.63
2020-07-28 01:00:56,48.91,4.985,6.77,24.67,29.78,0.0,11.41
2020-07-28 02:00:56,44.09,5.395,6.895,21.445000000000004,24.535,0.0,12.1
2020-07-28 03:00:56,40.21333333333333,12.729999999999999,7.005,18.59,20.965,0.0,13.29
2020-07-28 04:00:56,34.306666666666665,7.31,7.105,21.51,24.97,0.0,12.46
2020-07-28 05:00:56,39.84,12.49,6.73,23.755,30.25,0.0,11.81
2020-07-28 06:00:56,51.34,7.294999999999999,10.75,24.064999999999998,27.755,0.0,13.15
2020-07-28 07:00:56,58.74,5.215,8.775,28.145,34.300000000000004,0.0,9.24
2020-07-28 08:00:56,58.42666666666667,11.885,7.925000000000001,32.050000000000004,41.925000000000004,0.0,6.85
2020-07-28 09:00:56,57.99666666666667,13.005,6.945,35.985,46.135,0.0,8.92
2020-07-28 10:00:56,53.56666666666666,11.205,6.805,32.2,39.915,0.0,8.63
2020-07-28 11:00:56,49.42333333333333,6.29,6.815,35.71,45.475,0.0,8.08
2020-07-28 12:00:56,57.733333333333334,9.04,6.9799999999999995,40.37,52.455000000000005,0.0,11.22
2020-07-28 13:00:56,46.71333333333334,8.93,7.3,40.120000000000005,53.75,0.0,11.0
2020-07-28 14:00:56,30.513333333333335,4.615,8.2,38.505,52.089999999999996,0.0,16.28
2020-07-28 15:00:56,19.846666666666668,2.62,6.094999999999999,36.42,48.785000000000004,0.0,22.48
2020-07-28 16:00:56,29.403333333333332,3.725,5.794999999999999,28.175,32.13,0.0,26.53
2020-07-28 17:00:56,31.12,2.49,5.34,32.53,37.675,0.0,21.99
2020-07-28 18:00:56,26.69333333333333,1.67,5.75,29.290000000000003,34.355,0.0,19.02
2020-07-28 19:00:56,29.91333333333333,7.849999999999999,5.650000000000001,38.735,46.93000000000001,0.0,17.59
2020-07-28 20:00:56,27.97,6.435,5.469999999999999,33.16,38.43,0.0,20.0
2020-07-28 21:00:56,36.73333333333333,10.89,4.865,32.705,37.794999999999995,0.0,15.02
2020-07-28 22:00:56,41.626666666666665,5.765,4.42,26.64,30.48,0.0,11.97
2020-07-28 23:00:56,37.06333333333333,15.485,4.545,21.715,24.345,0.0,10.46
2020-07-29 00:00:56,35.22,11.69,4.635,18.985,21.795,0.0,11.22
2020-07-29 01:00:56,27.993333333333332,9.545,4.415,18.005,21.595,0.0,9.3
2020-07-29 02:00:56,10.376666666666667,12.765,4.285,16.94,19.415,0.0,10.21
2020-07-29 03:00:56,13.56,8.31,4.445,17.63,21.345,0.0,7.99
2020-07-29 04:00:56,14.736666666666666,4.84,4.585,20.79,24.99,0.0,8.82
2020-07-29 05:00:56,18.736666666666665,10.22,5.359999999999999,24.165000000000003,32.34,0.0,7.84
2020-07-29 06:00:56,46.56666666666666,7.75,6.325,25.955,31.735,0.0,7.06
2020-07-29 07:00:56,39.67666666666667,8.76,6.109999999999999,30.45,38.18,0.0,7.07
2020-07-29 08:00:56,35.946666666666665,13.295,9.365,33.845,44.080000000000005,0.0,8.24
2020-07-29 09:00:56,43.60666666666666,11.535000000000002,7.75,37.695,45.845,0.0,7.08
2020-07-29 10:00:56,46.36333333333334,17.495,6.13,33.43,39.02,0.0,12.46
2020-07-29 11:00:56,40.513333333333335,9.775,5.525000000000001,31.169999999999998,36.97,0.0,17.63
2020-07-29 12:00:56,30.366666666666664,5.425,5.609999999999999,33.574999999999996,41.794999999999995,0.0,17.31
2020-07-29 13:00:56,28.87,4.54,5.775000000000001,36.14,45.54,0.0,19.29
2020-07-29 14:00:56,24.956666666666663,4.28,6.435,34.27,42.400000000000006,0.0,21.52
2020-07-29 15:00:56,20.226666666666667,3.095,7.27,39.85,53.945,0.0,21.11
2020-07-29 16:00:56,28.793333333333337,2.26,6.955000000000001,40.0,51.63500000000001,0.0,25.18
2020-07-29 17:00:56,32.42666666666667,1.7299999999999998,6.719999999999999,39.135,51.06,0.0,20.97
2020-07-29 18:00:56,20.896666666666665,7.53,6.685,43.115,58.095,0.0,17.71
2020-07-29 19:00:56,29.696666666666665,9.565,6.599999999999999,48.9,63.865,0.0,13.47
2020-07-29 20:00:56,26.813333333333333,6.13,6.510000000000001,42.185,50.419999999999995,0.0,19.85
2020-07-29 21:00:56,47.39,8.915,6.135000000000001,29.605000000000004,32.51,0.0,15.66
2020-07-29 22:00:56,57.45,21.025,5.645,23.84,26.41,0.0,12.76
2020-07-29 23:00:56,56.49666666666667,22.62,5.33,21.615,25.450000000000003,0.0,8.26
2020-07-30 00:00:56,43.403333333333336,18.735,5.344999999999999,19.955,23.314999999999998,0.0,8.48
2020-07-30 01:00:56,38.836666666666666,0.0,5.21,18.12,21.295,0.0,7.61
2020-07-30 02:00:56,32.21333333333333,0.0,5.195,17.155,19.895,0.0,8.66
2020-07-30 03:00:56,30.85333333333333,0.0,5.17,18.330000000000002,22.24,0.0,7.89
2020-07-30 04:00:56,35.06333333333333,0.0,5.44,19.985,24.439999999999998,0.0,8.3
2020-07-30 05:00:56,41.42666666666667,0.0,5.575,21.88,28.905,0.0,7.5
2020-07-30 06:00:56,34.953333333333326,0.0,5.864999999999999,21.895,27.274999999999995,0.0,7.15
2020-07-30 07:00:56,37.99,16.35,6.169999999999999,24.705,30.98,0.0,7.08
2020-07-30 08:00:56,36.50666666666666,14.78,7.06,29.97,35.515,0.0,7.85
2020-07-30 09:00:56,34.03666666666667,0.0,6.234999999999999,34.535,49.76,0.0,6.34
2020-07-30 10:00:56,22.826666666666668,0.0,5.734999999999999,40.9,58.294999999999995,0.0,6.14
2020-07-30 11:00:56,27.236666666666665,8.47,5.435,43.31,63.77,0.0,6.84
2020-07-30 12:00:56,21.80333333333333,6.669999999999999,5.26,46.44,69.64999999999999,0.0,5.65
2020-07-30 13:00:56,19.36,3.845,5.355,47.050000000000004,71.065,0.0,6.0
2020-07-30 14:00:56,21.71333333333333,4.33,6.039999999999999,41.175000000000004,55.32500000000001,0.0,9.09
2020-07-30 15:00:56,19.540000000000003,4.19,6.81,45.870000000000005,63.725,0.0,10.79
2020-07-30 16:00:56,13.71,4.475,6.82,44.370000000000005,63.585,0.0,14.46
2020-07-30 17:00:56,15.383333333333335,2.785,6.855,46.88999999999999,71.87,0.0,13.32
2020-07-30 18:00:56,9.57,2.295,6.719999999999999,37.620000000000005,49.32500000000001,0.0,12.27
2020-07-30 19:00:56,14.643333333333333,5.275,6.780000000000001,32.65,39.495000000000005,0.0,16.65
2020-07-30 20:00:56,30.94333333333333,7.94,6.575,26.865,31.97,0.0,10.96
2020-07-30 21:00:56,31.38,7.895,5.859999999999999,27.705,34.885,0.0,11.01
2020-07-30 22:00:56,28.296666666666667,6.5,5.419999999999999,22.38,28.765,0.0,9.11
2020-07-30 23:00:56,28.58,16.965,5.484999999999999,21.334999999999997,26.679999999999996,0.0,8.4
2020-07-31 00:00:56,25.14,9.06,5.355,19.44,23.560000000000002,0.0,9.08
2020-07-31 01:00:56,19.733333333333334,5.315,5.265,16.765,19.825,0.0,10.07
2020-07-31 02:00:56,14.87,3.545,5.225,14.795,17.685000000000002,0.0,8.92
2020-07-31 03:00:56,11.793333333333335,2.15,5.21,15.959999999999999,20.38,0.0,7.79
2020-07-31 04:00:56,20.096666666666664,1.9750000000000003,5.34,16.33,20.39,0.0,7.6
2020-07-31 05:00:56,14.41,2.16,4.82,18.81,24.525000000000002,0.0,6.81
2020-07-31 06:00:56,18.363333333333333,1.135,4.67,19.2,24.75,0.0,6.82
2020-07-31 07:00:56,15.486666666666666,4.945,4.84,24.150000000000002,30.01,0.0,5.68
2020-07-31 08:00:56,29.233333333333334,14.415,5.21,26.27,33.515,0.0,7.78
2020-07-31 09:00:56,21.486666666666665,8.09,4.695,22.03,24.98,0.0,11.99
2020-07-31 10:00:56,17.313333333333333,5.06,4.175,19.805000000000003,22.885,0.0,11.5
2020-07-31 11:00:56,12.703333333333333,3.7900000000000005,4.06,20.875,25.679999999999996,0.0,13.57
2020-07-31 12:00:56,7.6,2.855,4.33,27.89,37.885,0.0,9.03
2020-07-31 13:00:56,11.02,1.96,4.575,29.665000000000003,39.495000000000005,0.0,12.82
2020-07-31 14:00:56,9.643333333333333,1.425,5.635000000000001,28.415000000000003,35.085,0.0,14.6
2020-07-31 15:00:56,6.573333333333333,1.26,6.34,28.28,36.205000000000005,0.0,19.92
2020-07-31 16:00:56,4.656666666666666,1.595,6.27,28.774999999999995,38.305,0.0,20.12
2020-07-31 17:00:56,3.4466666666666668,1.195,6.48,28.84,36.669999999999995,0.0,20.44
2020-07-31 18:00:56,7.793333333333333,0.9899999999999999,6.455000000000001,27.209999999999997,34.129999999999995,0.0,18.92
2020-07-31 19:00:56,13.883333333333333,7.335,6.68,23.724999999999998,27.185000000000002,0.0,21.91
2020-07-31 20:00:56,21.13333333333333,4.365,6.13,22.23,25.64,0.0,21.32
2020-07-31 21:00:56,26.843333333333334,6.614999999999999,5.45,23.185000000000002,26.695000000000004,0.0,17.58
2020-07-31 22:00:56,28.866666666666667,5.48,4.9,21.695000000000004,24.935000000000002,0.0,15.07
2020-07-31 23:00:56,24.21,12.449999999999998,4.945,24.115,28.285,0.0,13.28
2020-08-01 00:00:56,20.86,6.935,4.855,23.87,27.41,0.0,14.61
2020-08-01 01:00:56,21.703333333333333,4.355,5.315,30.425,46.94,0.0,7.97
2020-08-01 02:00:56,20.236666666666668,6.915,5.455000000000001,30.205,36.38,0.0,9.26
2020-08-01 03:00:56,25.35333333333333,7.98,5.27,26.040000000000003,31.22,0.0,8.92
2020-08-01 04:00:56,23.200000000000003,4.11,5.235,25.125,30.485,0.0,8.3
2020-08-01 05:00:56,28.17,2.395,4.95,23.060000000000002,29.959999999999997,0.0,9.03
2020-08-01 06:00:56,32.800000000000004,13.035000000000002,4.91,21.345,25.685000000000002,0.0,8.12
2020-08-01 07:00:56,23.11,0.0,4.845,23.645,30.58,0.0,5.97
2020-08-01 08:00:56,24.92,9.06,4.94,24.065,29.040000000000003,0.0,8.63
2020-08-01 09:00:56,20.593333333333334,5.39,4.765,24.405,29.455,0.0,10.8
2020-08-01 10:00:56,16.513333333333332,6.28,4.195,25.33,29.22,0.0,12.5
2020-08-01 11:00:56,13.089999999999998,4.28,4.25,24.59,29.16,0.0,17.35
2020-08-01 12:00:56,10.346666666666666,3.2099999999999995,4.325,32.455,43.685,0.0,11.96
2020-08-01 13:00:56,8.98,2.55,4.875,33.735,48.85,0.0,14.01
2020-08-01 14:00:56,9.576666666666666,1.875,5.789999999999999,30.709999999999997,41.6,0.0,22.92
2020-08-01 15:00:56,6.803333333333333,1.585,5.825,40.964999999999996,57.875,0.0,18.64
2020-08-01 16:00:56,10.323333333333332,1.8,5.655000000000001,41.63,57.75,0.0,16.19
2020-08-01 17:00:56,12.5,0.0,5.855,38.595,51.695,0.0,15.44
2020-08-01 18:00:56,8.746666666666666,5.36,5.94,30.784999999999997,37.085,0.0,20.52
2020-08-01 19:00:56,20.916666666666668,3.19,5.974999999999999,23.625,26.395,0.0,25.58
2020-08-01 20:00:56,33.57333333333333,2.455,5.635000000000001,19.585,21.875,0.0,25.82
2020-08-01 21:00:56,45.376666666666665,6.919999999999999,4.885,17.405,19.77,0.0,19.97
2020-08-01 22:00:56,46.120000000000005,12.38,4.505,16.84,19.51,0.0,11.99
2020-08-01 23:00:56,38.056666666666665,16.11,4.565,16.919999999999998,20.23,0.0,10.58
2020-08-02 00:00:56,31.846666666666664,9.705,4.375,16.955,20.115,0.0,9.98
2020-08-02 01:00:56,25.700000000000003,5.32,4.43,18.06,22.495,0.0,9.17
2020-08-02 02:00:56,19.906666666666666,8.455,4.37,16.36,19.805,0.0,9.19
2020-08-02 03:00:56,12.233333333333334,5.29,4.33,15.08,17.97,0.0,10.67
2020-08-02 04:00:56,14.276666666666667,0.0,4.175,14.615000000000002,17.37,0.0,11.74
2020-08-02 05:00:56,12.983333333333334,8.275,4.15,14.524999999999999,18.349999999999998,0.0,8.72
2020-08-02 06:00:56,15.396666666666667,7.88,4.235,15.79,21.474999999999998,0.0,7.53
2020-08-02 07:00:56,13.616666666666667,0.0,4.16,16.43,21.175,0.0,6.74
2020-08-02 08:00:56,9.18,0.0,4.115,17.595,21.735,0.0,6.07
2020-08-02 09:00:56,9.903333333333334,4.105,4.26,20.115,24.570000000000004,0.0,7.73
2020-08-02 10:00:56,13.406666666666666,2.24,4.165,23.155,28.49,0.0,11.56
2020-08-02 11:00:56,11.683333333333332,0.0,4.01,24.314999999999998,30.02,0.0,11.39
2020-08-02 12:00:56,7.426666666666667,0.0,4.11,28.209999999999997,37.5,0.0,8.58
2020-08-02 13:00:56,13.73,3.965,4.16,28.84,39.285,0.0,6.87
2020-08-02 14:00:56,20.786666666666665,5.66,4.24,17.615,22.845,0.0,6.27
2020-08-02 15:00:56,22.39,7.7,4.175,19.235,25.495,0.0,4.97
2020-08-02 16:00:56,17.223333333333333,7.169999999999999,4.255,22.19,29.694999999999997,0.0,7.5
2020-08-02 17:00:56,15.353333333333333,4.725,4.22,22.09,28.950000000000003,0.0,6.6
2020-08-02 18:00:56,8.466666666666667,2.9500000000000006,4.18,21.655,27.035,0.0,5.85
2020-08-02 19:00:56,16.043333333333333,7.46,4.145,22.215,27.044999999999998,0.0,7.64
2020-08-02 20:00:56,10.77,6.515,4.32,22.92,27.355,0.0,8.52
2020-08-02 21:00:56,18.05,9.09,4.145,22.875,27.450000000000003,0.0,8.38
2020-08-02 22:00:56,20.096666666666668,5.325,4.31,21.405,25.14,0.0,9.35
2020-08-02 23:00:56,19.98,11.515,4.575,19.69,22.78,0.0,8.84
2020-08-03 00:00:56,21.933333333333337,5.925,4.285,20.695,24.054999999999996,0.0,8.63
2020-08-03 01:00:56,19.76,6.099999999999999,4.395,21.439999999999998,25.64,0.0,9.15
2020-08-03 02:00:56,21.76,9.61,4.3,23.929999999999996,29.195000000000004,0.0,7.08
2020-08-03 03:00:56,19.53333333333333,9.685,4.325,22.42,28.265,0.0,7.46
2020-08-03 04:00:56,25.9,9.96,4.34,19.900000000000002,23.49,0.0,6.7
2020-08-03 05:00:56,24.583333333333332,5.055,4.555,19.165,22.814999999999998,0.0,10.99
2020-08-03 06:00:56,20.04,4.555,5.115,20.02,26.535,0.0,7.48
2020-08-03 07:00:56,24.626666666666665,6.235,5.31,23.635,29.51,0.0,7.03
2020-08-03 08:00:56,25.536666666666665,4.035,5.805,28.325000000000003,35.379999999999995,0.0,6.17
2020-08-03 09:00:56,28.82,15.160000000000002,5.75,26.875,32.285,0.0,8.42
2020-08-03 10:00:56,17.006666666666668,8.235,5.075,30.605,37.050000000000004,0.0,7.56
2020-08-03 11:00:56,17.373333333333335,7.71,4.93,35.089999999999996,43.29999999999999,0.0,6.66
2020-08-03 12:00:56,15.333333333333334,0.0,4.81,32.16,38.545,0.0,7.75
2020-08-03 13:00:56,10.106666666666667,0.0,5.045,38.51,49.120000000000005,0.0,7.47
2020-08-03 14:00:56,7.613333333333333,2.83,5.400000000000001,35.1,42.67499999999999,0.0,10.57
2020-08-03 15:00:56,9.056666666666667,2.06,5.594999999999999,38.59,47.81999999999999,0.0,12.54
2020-08-03 16:00:56,8.68,1.8150000000000002,5.594999999999999,34.585,40.785,0.0,19.41
2020-08-03 17:00:56,8.21,3.99,5.469999999999999,28.605,32.949999999999996,0.0,25.12
2020-08-03 18:00:56,10.67,5.32,5.56,27.05,30.26,0.0,24.31
2020-08-03 19:00:56,16.496666666666666,2.67,5.510000000000001,23.675,26.185000000000002,0.0,26.61
2020-08-03 20:00:56,22.513333333333332,3.635,5.385000000000001,20.900000000000002,22.915000000000003,0.0,24.28
2020-08-03 21:00:56,29.14,8.17,5.395,18.675,20.385,0.0,20.92
2020-08-03 22:00:56,29.2,5.095,5.255,17.205,19.0,0.0,19.62
2020-08-03 23:00:56,18.82333333333333,13.735,5.23,17.09,19.13,0.0,14.77
2020-08-04 00:00:56,16.580000000000002,7.585,5.17,18.82,21.19,0.0,12.17
2020-08-04 01:00:56,19.08,9.735,5.175,20.645,23.885,0.0,7.52
2020-08-04 02:00:56,14.966666666666669,5.04,5.26,22.245,25.69,0.0,6.45
2020-08-04 03:00:56,15.89,2.565,5.355,22.070000000000004,25.61,0.0,7.04
2020-08-04 04:00:56,12.5,4.01,7.185,22.81,25.99,0.0,5.31
2020-08-04 05:00:56,21.63,8.435,7.57,22.224999999999998,26.084999999999997,0.0,5.08
2020-08-04 06:00:56,28.95,17.455,6.59,26.474999999999998,30.665000000000003,0.0,6.47
2020-08-04 07:00:56,36.126666666666665,19.845,9.8,30.965,36.62,0.0,5.88
2020-08-04 08:00:56,56.00666666666666,29.505,17.15,35.465,43.47,0.0,7.01
2020-08-04 09:00:56,59.26,28.26,8.2,38.835,47.18,0.0,7.37
2020-08-04 10:00:56,43.13999999999999,18.285,6.525000000000001,38.580000000000005,43.54,0.0,13.14
2020-08-04 11:00:56,36.306666666666665,18.76,5.835000000000001,33.415,36.525000000000006,0.0,17.47
2020-08-04 12:00:56,31.203333333333333,14.425000000000002,8.31,35.0,42.24,0.0,15.95
2020-08-04 13:00:56,23.96333333333333,10.115,6.949999999999999,33.21,39.165,0.0,16.77
2020-08-04 14:00:56,27.61,5.935,6.710000000000001,40.05,47.74,0.0,15.98
2020-08-04 15:00:56,19.263333333333332,3.82,6.879999999999999,44.48,56.92499999999999,0.0,15.15
2020-08-04 16:00:56,14.296666666666667,2.785,7.489999999999999,46.78,58.30500000000001,0.0,15.18
2020-08-04 17:00:56,17.006666666666668,2.6,7.6000000000000005,41.59,52.365,0.0,13.87
2020-08-04 18:00:56,16.333333333333332,1.8549999999999998,7.664999999999999,36.375,41.26,0.0,19.86
2020-08-04 19:00:56,33.96666666666667,0.93,7.38,33.845,37.48,0.0,22.3
2020-08-04 20:00:56,42.3,9.345,6.925,29.265,31.94,0.0,24.31
2020-08-04 21:00:56,46.653333333333336,6.055,6.22,27.825,30.905,0.0,18.23
2020-08-04 22:00:56,40.95,10.47,6.010000000000001,25.959999999999997,29.19,0.0,14.89
2020-08-04 23:00:56,36.62,16.87,6.044999999999999,27.45,32.09,0.0,9.83
2020-08-05 00:00:56,33.08,8.755,5.914999999999999,26.23,29.485,0.0,11.39
2020-08-05 01:00:56,23.086666666666666,6.025000000000001,6.18,22.755,25.59,0.0,14.31
2020-08-05 02:00:56,18.316666666666666,4.06,6.405,22.42,24.99,0.0,14.26
2020-08-05 03:00:56,15.826666666666668,2.895,7.800000000000001,20.599999999999998,22.64,0.0,18.43
2020-08-05 04:00:56,19.51,1.57,10.704999999999998,26.98,30.705,0.0,7.24
2020-08-05 05:00:56,29.99666666666667,0.0,12.699999999999998,28.98,33.67,0.0,6.49
2020-08-05 06:00:56,41.11,8.565,10.245,33.295,37.26,0.0,8.32
2020-08-05 07:00:56,52.21,19.8,17.425,37.13,54.74,0.0,5.06
2020-08-05 08:00:56,70.89,23.015,14.810000000000002,44.24,67.405,0.0,7.96
2020-08-05 09:00:56,75.26333333333334,16.43,12.829999999999998,43.675000000000004,50.555,0.0,12.87
2020-08-05 10:00:56,59.98,16.63,7.59,40.675000000000004,46.465,0.0,16.02
2020-08-05 11:00:56,45.41,15.33,7.114999999999999,39.64,44.580000000000005,0.0,15.97
2020-08-05 12:00:56,37.58,7.915,1.675,42.525,50.050000000000004,0.0,15.08
2020-08-05 13:00:56,22.066666666666666,4.31,5.335000000000001,0.0,0.0,0.0,14.07
2020-08-05 14:00:56,18.086666666666666,2.705,7.66,48.754999999999995,64.67999999999999,0.0,15.41
2020-08-05 15:00:56,14.623333333333331,1.6000000000000003,8.68,46.305,55.935,0.0,17.67
2020-08-05 16:00:56,14.746666666666668,1.11,9.205,38.255,44.975,0.0,23.52
2020-08-05 17:00:56,14.916666666666666,0.745,9.35,43.0,52.65,0.0,16.57
2020-08-05 18:00:56,12.336666666666666,0.8649999999999999,8.91,36.455000000000005,41.955,0.0,20.45
2020-08-05 19:00:56,22.85333333333333,1.575,8.89,31.295,34.855000000000004,0.0,23.26
2020-08-05 20:00:56,33.28666666666667,12.61,8.445,27.11,29.679999999999996,0.0,23.38
2020-08-05 21:00:56,36.1,8.71,7.84,26.58,28.974999999999998,0.0,22.11
2020-08-05 22:00:56,43.68,4.955,7.18,27.99,31.090000000000003,0.0,19.78
2020-08-05 23:00:56,41.68666666666667,14.315,7.25,30.78,35.504999999999995,0.0,14.88
2020-08-06 00:00:56,28.076666666666668,7.535,7.370000000000001,33.81,40.835,0.0,10.22
2020-08-06 01:00:56,27.373333333333335,7.515,7.045000000000001,31.834999999999997,37.875,0.0,8.6
2020-08-06 02:00:56,25.576666666666668,4.33,7.46,28.685,32.995,0.0,10.26
2020-08-06 03:00:56,38.18666666666667,3.525,12.25,30.295,35.705,0.0,7.5
2020-08-06 04:00:56,52.64666666666667,5.485,12.255,27.855,32.73,0.0,8.94
2020-08-06 05:00:56,41.830000000000005,7.0,10.719999999999999,30.795,39.050000000000004,0.0,8.85
2020-08-06 06:00:56,50.03333333333333,5.73,12.89,34.050000000000004,41.324999999999996,0.0,6.78
2020-08-06 07:00:56,57.22666666666667,22.005,20.26,37.93,55.0,0.0,4.71
2020-08-06 08:00:56,91.07333333333334,35.065,17.74,41.095,52.71,0.0,6.47
2020-08-06 09:00:56,74.30333333333333,30.66,11.945,44.99,57.580000000000005,0.0,8.38
2020-08-06 10:00:56,44.53,0.0,10.285,18.845,21.340000000000003,0.0,0.0
2020-08-06 11:00:56,50.3,0.0,7.405,17.02,18.69,0.0,0.0
2020-08-06 12:00:56,26.326666666666668,0.0,7.19,15.469999999999999,16.77,0.0,0.0
2020-08-06 13:00:56,25.103333333333335,0.665,7.07,34.095,38.315,0.0,19.16
2020-08-06 14:00:56,23.71666666666667,2.07,7.890000000000001,36.755,44.335,0.0,23.43
2020-08-06 15:00:56,20.796666666666667,2.08,8.5,33.67,43.01500000000001,0.0,29.11
2020-08-06 16:00:56,17.913333333333334,1.905,8.59,46.01499999999999,67.665,0.0,23.68
2020-08-06 17:00:56,18.43,1.38,8.73,48.794999999999995,75.2,0.0,21.85
2020-08-06 18:00:56,19.396666666666665,1.11,8.33,49.51500000000001,80.255,0.0,20.03
2020-08-06 19:00:56,25.166666666666668,0.9250000000000002,8.375,49.31,75.435,0.0,18.21
2020-08-06 20:00:56,37.24666666666666,1.6499999999999997,8.125,43.870000000000005,55.365,0.0,21.81
2020-08-06 21:00:56,51.47666666666667,5.285,7.550000000000001,39.055,46.175000000000004,0.0,22.36
2020-08-06 22:00:56,51.8,11.985,6.789999999999999,37.105,45.51,0.0,21.45
2020-08-06 23:00:56,47.29333333333334,9.685,6.484999999999999,37.14,48.455000000000005,0.0,19.29
2020-08-07 00:00:56,39.156666666666666,6.075,6.66,35.39,44.42499999999999,0.0,18.76
2020-08-07 01:00:56,31.496666666666666,4.455,6.5249999999999995,33.955000000000005,43.355,0.0,19.53
2020-08-07 02:00:56,28.766666666666666,2.705,6.655,37.25,53.065,0.0,16.88
2020-08-07 03:00:56,28.946666666666665,1.75,7.715,38.665,60.915,0.0,15.13
2020-08-07 04:00:56,41.64666666666667,3.07,11.229999999999999,39.13,58.055,0.0,15.42
2020-08-07 05:00:56,55.54333333333333,11.770000000000001,11.88,38.82,65.045,0.0,14.83
2020-08-07 06:00:56,63.56,25.19,10.435,37.765,53.595,0.0,16.05
2020-08-07 07:00:56,82.89,27.415000000000003,11.96,38.565,62.56999999999999,0.0,17.4
2020-08-07 08:00:56,73.99666666666667,24.76,14.81,46.085,72.455,0.0,18.58
2020-08-07 09:00:56,83.87333333333333,26.185,12.21,47.73499999999999,72.69,0.0,19.72
2020-08-07 10:00:56,72.45333333333333,22.315,10.235,51.504999999999995,73.31,0.0,17.96
2020-08-07 11:00:56,50.69,11.61,10.979999999999999,49.78,63.050000000000004,0.0,21.93
2020-08-07 12:00:56,44.92333333333334,6.23,11.685,40.67,47.379999999999995,0.0,28.85
2020-08-07 13:00:56,51.08,4.57,9.42,46.754999999999995,62.830000000000005,0.0,28.14
2020-08-07 14:00:56,41.556666666666665,5.43,9.155,54.125,77.31,0.0,20.32
2020-08-07 15:00:56,28.21666666666667,3.2449999999999997,9.34,58.145,87.065,0.0,17.24
2020-08-07 16:00:56,16.796666666666667,1.86,9.385,59.48,91.3,0.0,16.72
2020-08-07 17:00:56,17.48,1.34,9.285,59.330000000000005,90.395,0.0,17.36
2020-08-07 18:00:56,24.846666666666664,0.7200000000000001,9.205,55.169999999999995,75.16,0.0,20.12
2020-08-07 19:00:56,32.07,2.535,9.475,45.705000000000005,54.73,0.0,24.33
2020-08-07 20:00:56,47.20333333333333,6.87,9.29,39.82,45.97,0.0,24.34
2020-08-07 21:00:56,43.370000000000005,5.82,8.785,35.080000000000005,39.52,0.0,23.68
2020-08-07 22:00:56,43.7,5.364999999999999,7.920000000000001,34.215,39.555,0.0,22.52
2020-08-07 23:00:56,41.64,8.78,6.949999999999999,35.01,42.725,0.0,20.7
2020-08-08 00:00:56,38.18,9.83,7.300000000000001,39.665,50.375,0.0,16.56
2020-08-08 01:00:56,32.53,8.41,7.63,37.795,46.78,0.0,18.6
2020-08-08 02:00:56,27.13,7.84,7.905,32.77,40.620000000000005,0.0,20.21
2020-08-08 03:00:56,27.203333333333333,4.775,8.24,34.21,43.41,0.0,19.78
2020-08-08 04:00:56,20.576666666666668,5.474999999999999,8.505,35.535,45.73,0.0,18.1
2020-08-08 05:00:56,24.113333333333333,0.0,8.155000000000001,39.44,53.975,0.0,15.91
2020-08-08 06:00:56,27.923333333333332,5.605,9.895,38.73,56.125,0.0,15.15
2020-08-08 07:00:56,41.553333333333335,8.575,9.74,41.04,60.035,0.0,14.93
2020-08-08 08:00:56,52.03333333333334,16.11,13.405000000000001,46.47,79.265,0.0,14.87
2020-08-08 09:00:56,43.11333333333334,20.29,10.3,49.129999999999995,68.64,0.0,16.39
2020-08-08 10:00:56,41.25,17.965,9.28,53.035,68.75999999999999,0.0,17.39
2020-08-08 11:00:56,57.00666666666666,16.54,8.635,44.835,53.9,0.0,21.89
2020-08-08 12:00:56,57.60666666666667,8.95,8.63,53.03,68.56,0.0,20.26
2020-08-08 13:00:56,39.53,6.175,8.32,55.435,72.905,0.0,20.45
2020-08-08 14:00:56,25.126666666666665,5.965,9.23,56.73500000000001,80.855,0.0,17.92
2020-08-08 15:00:56,19.003333333333334,3.8250000000000006,9.545,60.0,88.545,0.0,18.76
2020-08-08 16:00:56,15.133333333333335,2.72,9.625,54.85,77.795,0.0,20.63
2020-08-08 17:00:56,17.013333333333332,2.085,9.455,58.78,86.09999999999998,0.0,17.88
2020-08-08 18:00:56,18.59,2.645,9.35,53.44,73.095,0.0,18.38
2020-08-08 19:00:56,33.903333333333336,4.025,8.88,42.54,52.175000000000004,0.0,14.64
2020-08-08 20:00:56,38.31333333333333,5.88,8.725,36.805,45.35,0.0,15.52
2020-08-08 21:00:56,51.25,10.805,8.55,35.215,45.26,0.0,12.3
2020-08-08 22:00:56,52.19,6.675,7.664999999999999,36.62,50.49,0.0,15.61
2020-08-08 23:00:56,40.193333333333335,9.51,7.510000000000001,34.065,46.785,0.0,15.4
2020-08-09 00:00:56,34.59,13.505,7.400000000000001,35.3,51.835,0.0,17.3
2020-08-09 01:00:56,36.51,6.989999999999999,7.095,33.04,46.84,0.0,19.47
2020-08-09 02:00:56,32.126666666666665,5.17,6.98,30.75,43.775000000000006,0.0,17.84
2020-08-09 03:00:56,30.453333333333333,6.099999999999999,7.07,33.285000000000004,46.705000000000005,0.0,15.93
2020-08-09 04:00:56,28.72,7.23,7.25,30.825,46.315,0.0,15.2
2020-08-09 05:00:56,22.86,7.055,6.91,32.925000000000004,53.435,0.0,15.54
2020-08-09 06:00:56,26.843333333333334,5.36,7.3,32.06,48.965,0.0,15.34
2020-08-09 07:00:56,32.65,7.155,7.25,35.985,54.815,0.0,14.27
2020-08-09 08:00:56,36.57,9.88,7.63,38.255,54.815,0.0,14.53
2020-08-09 09:00:56,39.4,8.625,8.049999999999999,39.675000000000004,56.06,0.0,16.18
2020-08-09 10:00:56,43.486666666666665,10.910000000000002,8.125,36.0,44.5,0.0,20.46
2020-08-09 11:00:56,39.629999999999995,8.025,7.794999999999999,38.15,49.81999999999999,0.0,22.98
2020-08-09 12:00:56,40.263333333333335,7.245,7.765000000000001,45.19,61.72,0.0,20.74
2020-08-09 13:00:56,35.82,3.8250000000000006,8.585,45.535,60.01500000000001,0.0,21.29
2020-08-09 14:00:56,38.71333333333333,2.715,9.285,46.82,64.985,0.0,20.34
2020-08-09 15:00:56,39.70666666666666,2.66,9.485,44.68000000000001,60.115,0.0,23.32
2020-08-09 16:00:56,42.97,1.7749999999999997,9.45,46.400000000000006,64.68,0.0,24.24
2020-08-09 17:00:56,32.32666666666667,1.51,9.29,40.42,51.580000000000005,0.0,24.63
2020-08-09 18:00:56,32.596666666666664,3.6199999999999997,9.11,37.86,46.705000000000005,0.0,25.45
2020-08-09 19:00:56,34.89,6.5,8.969999999999999,36.515,44.275,0.0,24.62
2020-08-09 20:00:56,40.663333333333334,4.1,8.735,34.41,41.065,0.0,24.06
2020-08-09 21:00:56,44.81,5.82,8.335,44.65,58.57,0.0,17.22
2020-08-09 22:00:56,42.656666666666666,12.62,7.54,39.565,46.76500000000001,0.0,21.45
2020-08-09 23:00:56,39.846666666666664,11.99,7.419999999999999,47.01,64.41000000000001,0.0,17.77
2020-08-10 00:00:56,45.93666666666667,8.93,7.56,40.95,51.865,0.0,17.02
2020-08-10 01:00:56,42.373333333333335,11.255,7.375,39.425000000000004,48.585,0.0,17.98
2020-08-10 02:00:56,39.60666666666667,8.865,7.285,39.505,49.300000000000004,0.0,16.48
2020-08-10 03:00:56,45.72666666666667,7.32,8.16,37.49,43.72,0.0,16.01
2020-08-10 04:00:56,53.47,14.854999999999999,9.595,38.74,48.435,0.0,13.73
2020-08-10 05:00:56,65.93666666666667,23.875,9.13,38.32,49.01,0.0,15.86
2020-08-10 06:00:56,75.52666666666667,24.09,8.780000000000001,38.565,48.07,0.0,16.05
2020-08-10 07:00:56,75.46666666666667,28.565,8.74,41.69499999999999,57.805,0.0,15.7
2020-08-10 08:00:56,86.5,32.04,16.34,47.67499999999999,65.515,0.0,16.43
2020-08-10 09:00:56,77.52,26.05,9.515,39.335,48.294999999999995,0.0,23.07
2020-08-10 10:00:56,61.080000000000005,19.115,8.13,40.6,47.46,0.0,24.87
2020-08-10 11:00:56,50.35333333333333,10.555,7.949999999999999,44.11000000000001,52.919999999999995,0.0,24.4
2020-08-10 12:00:56,48.89,6.59,7.625,48.705000000000005,59.46,0.0,21.98
2020-08-10 13:00:56,32.73,0.0,7.614999999999999,14.550000000000002,15.910000000000002,0.0,0.0
2020-08-10 14:00:56,30.46,0.0,7.765000000000001,13.36,14.665,0.0,0.0
2020-08-10 15:00:56,27.173333333333332,0.0,8.100000000000001,13.219999999999999,14.520000000000001,0.0,0.0
2020-08-10 16:00:56,43.60333333333333,17.08,8.545,13.005,14.29,0.0,20.62
2020-08-10 17:00:56,49.56999999999999,23.945000000000004,8.265,13.094999999999999,14.415,0.0,22.39
2020-08-10 18:00:56,48.446666666666665,16.495,8.125,13.155000000000001,14.5,0.0,24.45
2020-08-10 19:00:56,51.35,12.245,7.974999999999999,13.21,14.505,0.0,22.97
2020-08-10 20:00:56,46.54666666666667,11.06,7.789999999999999,13.89,15.135,0.0,19.25
2020-08-10 21:00:56,47.04333333333334,10.68,7.185,13.635,14.925000000000002,0.0,17.12
2020-08-10 22:00:56,47.99,12.43,7.169999999999999,13.339999999999998,14.645000000000001,0.0,17.9
2020-08-10 23:00:56,46.72,14.485,7.210000000000001,13.170000000000002,14.435000000000002,0.0,16.42
2020-08-11 00:00:56,46.25666666666667,11.455,7.16,12.99,14.26,0.0,16.26
2020-08-11 01:00:56,37.84,9.68,7.06,13.12,14.780000000000001,0.0,15.89
2020-08-11 02:00:56,40.72,7.255,7.31,13.839999999999998,15.585,0.0,16.55
2020-08-11 03:00:56,54.620000000000005,6.150000000000001,7.364999999999999,14.074999999999998,15.86,0.0,19.66
2020-08-11 04:00:56,69.82666666666667,18.345,7.175000000000001,14.68,16.755,0.0,20.12
2020-08-11 05:00:56,73.37,24.265,7.605,15.219999999999999,17.475,0.0,19.69
2020-08-11 06:00:56,70.52333333333334,29.31,8.055,16.135,18.74,0.0,18.56
2020-08-11 07:00:56,77.26333333333334,31.23,9.07,16.955,20.125,0.0,19.32
2020-08-11 08:00:56,85.60333333333332,29.445000000000004,9.885,18.95,23.185000000000002,0.0,18.38
2020-08-11 09:00:56,82.11333333333333,28.64,9.765,19.875,24.395,0.0,18.3
2020-08-11 10:00:56,70.40333333333334,19.765,9.42,18.85,22.405,0.0,20.04
2020-08-11 11:00:56,56.903333333333336,14.81,8.63,17.22,19.575,0.0,25.8
2020-08-11 12:00:56,33.656666666666666,10.71,5.19,55.419999999999995,101.82,0.0,22.71
2020-08-11 13:00:56,31.156666666666666,5.98,4.895,77.33999999999999,137.495,0.0,21.78
2020-08-11 14:00:56,26.676666666666666,5.84,4.86,51.98500000000001,101.04,0.0,24.18
2020-08-11 15:00:56,25.926666666666666,4.715,5.065,56.580000000000005,114.335,0.0,23.01
2020-08-11 16:00:56,17.96666666666667,2.525,5.989999999999999,36.175,112.335,0.0,20.69
2020-08-11 17:00:56,16.02,4.43,6.164999999999999,41.135,108.825,0.0,21.48
2020-08-11 18:00:56,22.11,7.03,6.150000000000001,34.055,82.74,0.0,21.5
2020-08-11 19:00:56,44.413333333333334,5.805,8.385,32.795,63.565,0.0,21.26
2020-08-11 20:00:56,48.51,3.81,8.275,29.345,42.830000000000005,0.0,25.62
2020-08-11 21:00:56,57.68333333333334,3.465,7.4799999999999995,29.689999999999998,38.25,0.0,27.5
2020-08-11 22:00:56,54.016666666666666,5.835,7.265000000000001,29.850000000000005,37.755,0.0,25.25
2020-08-11 23:00:56,45.79333333333333,5.16,7.215,31.125,38.475,0.0,26.05
2020-08-12 00:00:56,45.71666666666667,3.0750000000000006,7.575,36.645,41.605,0.0,28.5
2020-08-12 01:00:56,38.74,2.58,7.085000000000001,40.105,49.63999999999999,0.0,25.65
2020-08-12 02:00:56,38.65333333333333,1.945,7.305,53.71,68.905,0.0,20.27
2020-08-12 03:00:56,34.45,1.755,7.9700000000000015,62.395,76.815,0.0,20.9
2020-08-12 04:00:56,35.11333333333334,7.16,8.875,66.675,79.83,0.0,21.86
2020-08-12 05:00:56,32.336666666666666,7.835,7.844999999999999,83.475,100.73,0.0,22.62
2020-08-12 06:00:56,30.163333333333334,4.58,9.865,64.77,74.885,0.0,20.84
2020-08-12 07:00:56,39.690000000000005,6.13,9.455,43.065,68.245,0.0,18.52
2020-08-12 08:00:56,58.00666666666667,5.5,15.049999999999999,29.340000000000003,56.75,0.0,17.66
2020-08-12 09:00:56,59.883333333333326,5.425,10.334999999999999,41.525,57.80500000000001,0.0,20.75
2020-08-12 10:00:56,60.19,4.975,8.104999999999999,46.89000000000001,57.105,0.0,25.44
2020-08-12 11:00:56,55.21333333333334,3.1749999999999994,7.385000000000001,68.68,91.08999999999999,0.0,19.5
2020-08-12 12:00:56,41.736666666666665,2.15,7.050000000000001,67.0,86.455,0.0,25.0
2020-08-12 13:00:56,33.25,4.25,7.3,75.835,98.90500000000002,0.0,28.38
2020-08-12 14:00:56,33.28,4.435,7.919999999999999,81.725,108.00999999999999,0.0,29.02
2020-08-12 15:00:56,32.14333333333334,7.81,9.06,79.52499999999999,108.87,0.0,25.02
2020-08-12 16:00:56,27.076666666666668,7.900000000000001,9.165,75.325,105.77500000000002,0.0,23.92
2020-08-12 17:00:56,31.206666666666667,5.91,8.985,70.46499999999999,93.46999999999998,0.0,27.91
2020-08-12 18:00:56,32.52,4.345,8.795,50.105,69.93,0.0,24.85
2020-08-12 19:00:56,42.63333333333333,7.75,8.255,35.635,44.615,0.0,28.01
2020-08-12 20:00:56,57.04333333333334,8.625,7.59,29.709999999999997,35.48,0.0,32.93
2020-08-12 21:00:56,59.51666666666667,8.27,7.06,26.885,30.63,0.0,30.64
2020-08-12 22:00:56,51.60666666666667,9.275,7.135000000000001,26.39,28.745,0.0,35.71
2020-08-12 23:00:56,38.26,7.155,7.109999999999999,25.49,28.145,0.0,33.23
2020-08-13 00:00:56,35.75666666666667,5.395,6.945,31.405,34.115,0.0,33.57
2020-08-13 01:00:56,29.776666666666667,4.1,6.52,54.89000000000001,61.595,0.0,24.25
2020-08-13 02:00:56,23.436666666666667,2.585,6.344999999999999,51.81,56.21,0.0,25.64
2020-08-13 03:00:56,20.60333333333333,4.175,7.27,48.85,53.52,0.0,25.24
2020-08-13 04:00:56,22.65,5.025,11.4,51.870000000000005,54.870000000000005,0.0,29.08
2020-08-13 05:00:56,27.19666666666667,4.38,8.59,71.08999999999999,77.38499999999999,0.0,26.77
2020-08-13 06:00:56,40.586666666666666,9.55,10.915,48.629999999999995,65.505,0.0,18.53
2020-08-13 07:00:56,54.026666666666664,22.365,11.905000000000001,38.88,62.55500000000001,0.0,17.22
2020-08-13 08:00:56,65.39333333333333,28.875,15.875,25.950000000000003,45.4,0.0,18.02
2020-08-13 09:00:56,79.86333333333333,26.405,13.245,27.689999999999998,46.254999999999995,0.0,19.86
2020-08-13 10:00:56,73.79666666666667,19.78,8.805,52.215,63.885,0.0,23.22
2020-08-13 11:00:56,61.20333333333333,17.375,7.7,63.855,76.775,0.0,22.2
2020-08-13 12:00:56,47.53333333333334,12.68,7.28,63.68,76.505,0.0,24.03
2020-08-13 13:00:56,41.81333333333333,7.11,7.105,74.855,86.07000000000001,0.0,27.24
2020-08-13 14:00:56,34.666666666666664,4.325,7.095,68.64,84.85499999999999,0.0,25.1
2020-08-13 15:00:56,31.1,3.975,7.379999999999999,71.25,83.85,0.0,28.1
2020-08-13 16:00:56,28.136666666666667,3.595,8.14,68.93,88.04,0.0,25.92
2020-08-13 17:00:56,30.92,2.35,8.5,60.550000000000004,76.19,0.0,24.64
2020-08-13 18:00:56,36.45333333333333,6.86,8.395000000000001,37.31,45.254999999999995,0.0,26.84
2020-08-13 19:00:56,42.29333333333333,7.41,8.200000000000001,25.49,31.38,0.0,25.97
2020-08-13 20:00:56,52.22666666666667,4.105,7.399999999999999,21.425,27.97,0.0,26.09
2020-08-13 21:00:56,44.67,4.93,7.045000000000001,22.689999999999998,28.635,0.0,24.24
2020-08-13 22:00:56,37.56666666666667,4.83,6.925000000000001,23.399999999999995,26.705,0.0,24.0
2020-08-13 23:00:56,27.35333333333333,9.665,6.87,22.605,28.775000000000002,0.0,21.64
2020-08-14 00:00:56,23.39,10.82,6.945,23.645,30.53,0.0,23.35
2020-08-14 01:00:56,24.10333333333333,6.78,6.68,26.675,30.75,0.0,25.12
2020-08-14 02:00:56,21.243333333333332,3.68,6.739999999999999,29.78,38.365,0.0,22.23
2020-08-14 03:00:56,24.366666666666667,3.23,6.884999999999999,30.31,42.839999999999996,0.0,21.14
2020-08-14 04:00:56,24.13,3.5499999999999994,6.88,33.345,43.794999999999995,0.0,18.19
2020-08-14 05:00:56,25.76,6.23,7.25,42.46,56.300000000000004,0.0,18.15
2020-08-14 06:00:56,30.296666666666667,8.66,9.290000000000001,33.465,47.345,0.0,18.33
2020-08-14 07:00:56,35.766666666666666,7.955000000000001,9.2,24.81,42.01,0.0,17.13
2020-08-14 08:00:56,51.83,15.175000000000002,13.17,17.169999999999998,46.78,0.0,16.86
2020-08-14 09:00:56,57.35333333333333,21.035,10.82,28.299999999999997,48.965,0.0,21.15
2020-08-14 10:00:56,50.553333333333335,17.11,8.375,33.995000000000005,42.14,0.0,25.02
2020-08-14 11:00:56,39.77333333333333,11.520000000000001,7.039999999999999,35.37,49.165,0.0,24.46
2020-08-14 12:00:56,35.983333333333334,7.68,6.91,45.51500000000001,64.44,0.0,23.35
2020-08-14 13:00:56,31.62,4.435,6.925,49.85,66.065,0.0,24.55
2020-08-14 14:00:56,30.159999999999997,4.775,7.27,52.714999999999996,73.11500000000001,0.0,25.33
2020-08-14 15:00:56,26.486666666666665,4.67,7.255,42.565,67.795,0.0,23.06
2020-08-14 16:00:56,21.476666666666667,3.73,7.425,38.885,64.44,0.0,23.28
2020-08-14 17:00:56,21.02,2.83,7.825,37.17,59.94499999999999,0.0,23.32
2020-08-14 18:00:56,31.496666666666663,4.365,8.01,23.929999999999996,34.35,0.0,26.22
2020-08-14 19:00:56,52.43000000000001,5.41,7.78,17.950000000000003,26.25,0.0,26.35
2020-08-14 20:00:56,50.74666666666667,6.349999999999999,7.335,15.995,20.49,0.0,26.99
2020-08-14 21:00:56,50.54666666666667,7.03,7.2749999999999995,15.165,19.07,0.0,28.72
2020-08-14 22:00:56,41.35666666666667,10.5,7.2749999999999995,16.64,19.445,0.0,30.39
2020-08-14 23:00:56,36.0,9.16,7.345,16.575,19.705,0.0,25.26
2020-08-15 00:00:56,35.550000000000004,7.53,7.204999999999999,20.265,24.040000000000003,0.0,25.39
2020-08-15 01:00:56,27.32,5.47,6.754999999999999,19.09,27.655,0.0,22.27
2020-08-15 02:00:56,26.833333333333332,3.84,6.585000000000001,22.26,25.59,0.0,24.41
2020-08-15 03:00:56,27.796666666666667,2.875,6.535,23.73,27.08,0.0,26.17
2020-08-15 04:00:56,22.240000000000002,5.54,7.044999999999999,25.804999999999996,29.17,0.0,26.11
2020-08-15 05:00:56,23.553333333333335,5.555,8.09,30.58,36.02,0.0,25.3
2020-08-15 06:00:56,24.80333333333333,3.22,9.26,26.825,38.800000000000004,0.0,22.85
2020-08-15 07:00:56,39.05,9.205,11.085,20.59,44.57,0.0,18.45
2020-08-15 08:00:56,57.29,14.35,15.969999999999999,16.605,60.81,0.0,17.68
2020-08-15 09:00:56,54.663333333333334,13.61,9.26,23.310000000000002,42.65,0.0,19.82
2020-08-15 10:00:56,39.69,8.92,7.265000000000001,24.635,45.205000000000005,0.0,19.2
2020-08-15 11:00:56,25.006666666666668,6.61,6.925,31.730000000000004,41.94,0.0,24.15
2020-08-15 12:00:56,19.50333333333333,6.150000000000001,7.010000000000001,29.545,42.43,0.0,25.24
2020-08-15 13:00:56,21.626666666666665,4.1,6.664999999999999,31.78,42.515,0.0,26.36
2020-08-15 14:00:56,18.92,2.38,6.875,30.72,42.28,0.0,26.26
2020-08-15 15:00:56,17.23,1.74,6.98,32.645,44.785000000000004,0.0,28.78
2020-08-15 16:00:56,19.3,3.0400000000000005,7.114999999999999,34.81,47.46,0.0,28.39
2020-08-15 17:00:56,17.92,4.335,7.05,30.115,42.925000000000004,0.0,27.22
2020-08-15 18:00:56,20.856666666666666,3.535,6.864999999999999,26.03,33.89,0.0,27.4
2020-08-15 19:00:56,26.45,2.35,6.640000000000001,16.985,23.929999999999996,0.0,28.9
2020-08-15 20:00:56,41.15333333333333,1.4750000000000003,6.675000000000001,16.790000000000003,21.245,0.0,26.92
2020-08-15 21:00:56,40.67666666666667,3.965,6.544999999999999,13.885,16.215,0.0,30.73
2020-08-15 22:00:56,34.60333333333333,10.615,6.525000000000001,14.025,16.535,0.0,27.34
2020-08-15 23:00:56,30.766666666666666,9.495,6.515000000000001,11.895000000000001,14.655000000000001,0.0,27.36
2020-08-16 00:00:56,26.176666666666666,6.03,6.414999999999999,14.395000000000001,18.615,0.0,23.72
2020-08-16 01:00:56,27.193333333333335,5.09,6.675,18.08,32.724999999999994,0.0,19.23
2020-08-16 02:00:56,23.92,6.62,7.125,26.425,32.23,0.0,22.05
2020-08-16 03:00:56,21.803333333333335,6.91,7.105,29.285,34.56,0.0,21.7
2020-08-16 04:00:56,26.87,4.495,7.335000000000001,30.084999999999997,35.53,0.0,21.76
2020-08-16 05:00:56,26.86,7.12,7.965,34.81,42.919999999999995,0.0,21.3
2020-08-16 06:00:56,32.61333333333333,10.335,8.355,27.285,33.955,0.0,21.0
2020-08-16 07:00:56,43.49,16.485,10.37,22.909999999999997,33.324999999999996,0.0,20.88
2020-08-16 08:00:56,55.446666666666665,20.815,13.405000000000001,23.825000000000003,46.22,0.0,19.4
2020-08-16 09:00:56,46.56333333333333,15.245,7.935,31.58,38.34,0.0,24.07
2020-08-16 10:00:56,31.736666666666665,9.36,7.145,29.425,35.9,0.0,24.21
2020-08-16 11:00:56,22.483333333333334,0.0,6.919999999999999,31.08,35.405,0.0,27.68
2020-08-16 12:00:56,19.836666666666666,7.09,6.664999999999999,34.54,43.855,0.0,25.36
2020-08-16 13:00:56,22.183333333333334,4.445,6.495,29.17,44.03,0.0,23.89
2020-08-16 14:00:56,20.116666666666667,5.28,6.794999999999999,31.98,45.855,0.0,25.51
2020-08-16 15:00:56,15.82,4.555,7.035,31.399999999999995,51.335,0.0,24.68
2020-08-16 16:00:56,22.616666666666667,6.34,6.925,30.01,49.255,0.0,25.06
2020-08-16 17:00:56,19.653333333333332,7.885000000000001,6.864999999999999,35.42,49.125,0.0,25.73
2020-08-16 18:00:56,18.29,5.364999999999999,6.965,27.349999999999998,36.42,0.0,30.26
2020-08-16 19:00:56,35.06,2.695,7.0249999999999995,18.865,23.790000000000003,0.0,30.55
2020-08-16 20:00:56,37.733333333333334,2.0,6.925,16.54,20.12,0.0,33.15
2020-08-16 21:00:56,35.153333333333336,7.81,7.025000000000001,16.51,19.695,0.0,31.05
2020-08-16 22:00:56,38.336666666666666,7.69,7.140000000000001,18.21,21.08,0.0,30.43
2020-08-16 23:00:56,34.51,6.57,7.04,17.924999999999997,21.025000000000002,0.0,28.86
2020-08-17 00:00:56,32.72666666666667,11.87,7.239999999999999,22.265,25.189999999999998,0.0,25.56
2020-08-17 01:00:56,29.35333333333333,13.31,6.905,27.12,32.61,0.0,23.33
2020-08-17 02:00:56,24.62,10.18,7.13,26.99,30.75,0.0,25.94
2020-08-17 03:00:56,23.05,6.495,7.454999999999999,32.69,36.645,0.0,23.03
2020-08-17 04:00:56,33.43666666666667,4.7,8.615,31.97,38.565,0.0,21.31
2020-08-17 05:00:56,40.13666666666666,7.919999999999999,10.24,46.94,56.300000000000004,0.0,19.86
2020-08-17 06:00:56,36.193333333333335,11.089999999999998,11.490000000000002,23.679999999999996,32.74,0.0,20.03
2020-08-17 07:00:56,44.11,14.305,10.37,20.985,40.82,0.0,17.24
2020-08-17 08:00:56,52.906666666666666,23.554999999999996,16.41,16.18,57.02,0.0,18.65
2020-08-17 09:00:56,71.55666666666667,27.755,11.579999999999998,20.695,39.01,0.0,20.57
2020-08-17 10:00:56,65.89333333333333,20.915,9.25,22.395,34.88,0.0,23.98
2020-08-17 11:00:56,51.413333333333334,16.91,7.635000000000001,36.32,43.115,0.0,25.31
2020-08-17 12:00:56,43.836666666666666,12.815,7.3500000000000005,36.03,44.975,0.0,26.77
2020-08-17 13:00:56,33.61,7.325,6.925,36.074999999999996,44.875,0.0,26.37
2020-08-17 14:00:56,39.406666666666666,4.125,7.010000000000001,36.59,43.79,0.0,28.45
2020-08-17 15:00:56,57.05,2.7900000000000005,7.219999999999999,35.375,43.98499999999999,0.0,30.46
2020-08-17 16:00:56,41.49,3.885,7.25,34.044999999999995,45.165,0.0,27.39
2020-08-17 17:00:56,35.97666666666667,4.805,7.155,31.474999999999998,43.73,0.0,27.95
2020-08-17 18:00:56,31.346666666666668,3.28,7.06,29.445000000000004,37.275,0.0,30.38
2020-08-17 19:00:56,33.88666666666667,4.1,7.010000000000001,23.47,29.735,0.0,27.97
2020-08-17 20:00:56,43.22333333333333,6.71,8.195,20.89,24.58,0.0,29.97
2020-08-17 21:00:56,47.72,5.19,8.525,19.97,23.27,0.0,28.3
2020-08-17 22:00:56,45.08,5.39,8.625,19.105,20.99,0.0,32.11
2020-08-17 23:00:56,34.346666666666664,7.375,8.53,21.955,24.570000000000004,0.0,31.21
2020-08-18 00:00:56,28.44,6.075,8.59,29.495,33.405,0.0,25.63
2020-08-18 01:00:56,22.686666666666667,3.935,8.83,32.52,37.09,0.0,28.95
2020-08-18 02:00:56,22.166666666666668,2.41,11.875,32.965,35.49,0.0,30.45
2020-08-18 03:00:56,29.286666666666665,1.665,12.600000000000001,36.99,40.265,0.0,27.62
2020-08-18 04:00:56,33.123333333333335,0.0,11.38,32.135,35.185,0.0,25.27
2020-08-18 05:00:56,32.31,0.0,14.265,25.125,28.62,0.0,18.79
2020-08-18 06:00:56,41.61,11.47,15.185000000000002,24.334999999999997,32.62,0.0,21.54
2020-08-18 07:00:56,56.48,18.67,11.18,22.305000000000003,47.51500000000001,0.0,18.32
2020-08-18 08:00:56,59.69,26.925,15.090000000000002,19.775,53.775000000000006,0.0,18.01
2020-08-18 09:00:56,76.41666666666667,29.515,13.49,23.28,45.050000000000004,0.0,20.57
2020-08-18 10:00:56,75.34,20.56,10.14,26.189999999999998,31.905,0.0,29.66
2020-08-18 11:00:56,62.54333333333333,16.855,10.22,28.235,31.745000000000005,0.0,32.98
2020-08-18 12:00:56,53.0,13.195,9.09,36.800000000000004,40.48,0.0,31.38
2020-08-18 13:00:56,45.373333333333335,10.76,8.16,36.505,47.775,0.0,23.99
2020-08-18 14:00:56,37.92666666666667,7.665,8.555,35.61,48.10999999999999,0.0,25.14
2020-08-18 15:00:56,21.453333333333333,4.505,8.605,40.535,51.185,0.0,26.85
2020-08-18 16:00:56,17.86,2.955,8.835,39.324999999999996,60.94499999999999,0.0,22.75
2020-08-18 17:00:56,18.02,4.395,8.96,37.705,59.465,0.0,21.35
2020-08-18 18:00:56,20.106666666666666,3.7099999999999995,8.6,40.18,56.02,0.0,16.33
2020-08-18 19:00:56,28.22,3.9949999999999997,8.41,30.675,41.71,0.0,13.27
2020-08-18 20:00:56,41.696666666666665,4.87,8.35,21.52,28.349999999999998,0.0,15.53
2020-08-18 21:00:56,43.69,5.25,8.58,19.795,23.929999999999996,0.0,18.88
2020-08-18 22:00:56,41.766666666666666,7.13,8.685,19.705,23.39,0.0,19.42
2020-08-18 23:00:56,34.163333333333334,6.175,8.79,24.959999999999997,34.735,0.0,14.88
2020-08-19 00:00:56,25.81,4.015,8.75,28.66,37.32,0.0,12.17
2020-08-19 01:00:56,23.433333333333334,3.935,7.925,32.955,40.910000000000004,0.0,11.72
2020-08-19 02:00:56,22.03,3.22,11.295000000000002,37.89,43.370000000000005,0.0,11.29
2020-08-19 03:00:56,32.61,2.255,9.21,37.815,46.73,0.0,7.26
2020-08-19 04:00:56,40.10333333333333,5.71,9.21,35.620000000000005,42.33,0.0,7.22
2020-08-19 05:00:56,41.666666666666664,12.115,9.285,42.245,58.04999999999999,0.0,6.87
2020-08-19 06:00:56,48.11666666666667,13.54,8.115,29.599999999999998,43.580000000000005,0.0,6.12
2020-08-19 07:00:56,51.91,21.635,7.895,20.38,52.945,0.0,6.61
2020-08-19 08:00:56,53.776666666666664,21.625,10.48,20.56,24.92,0.0,5.71
2020-08-19 09:00:56,56.03,18.71,7.859999999999999,22.930000000000003,66.035,0.0,7.11
2020-08-19 10:00:56,57.403333333333336,15.435,5.095,36.985,48.89000000000001,0.0,14.34
2020-08-19 11:00:56,50.07333333333333,9.72,7.864999999999999,38.78,44.935,0.0,19.38
2020-08-19 12:00:56,36.72333333333333,10.82,7.625,40.13,44.050000000000004,0.0,24.79
2020-08-19 13:00:56,29.47,8.575,7.62,49.525000000000006,57.85,0.0,16.67
2020-08-19 14:00:56,22.436666666666667,4.7,8.21,52.17499999999999,62.72,0.0,19.03
2020-08-19 15:00:56,23.916666666666668,2.85,9.525,35.75,40.79,0.0,30.58
2020-08-19 16:00:56,26.933333333333334,2.27,9.595,61.85,75.315,0.0,20.12
2020-08-19 17:00:56,26.503333333333334,2.41,9.33,43.335,53.150000000000006,0.0,27.43
2020-08-19 18:00:56,18.73,5.155,9.545,59.330000000000005,71.195,0.0,20.38
2020-08-19 19:00:56,24.866666666666667,4.92,9.93,61.685,75.04,0.0,17.83
2020-08-19 20:00:56,32.74,3.35,9.42,42.080000000000005,61.004999999999995,0.0,14.67
2020-08-19 21:00:56,46.07333333333333,4.635,8.69,32.715,36.28,0.0,19.46
2020-08-19 22:00:56,50.61,4.46,8.025,43.254999999999995,54.76500000000001,0.0,14.95
2020-08-19 23:00:56,52.27,5.685,8.575000000000001,38.495000000000005,43.065,0.0,19.56
2020-08-20 00:00:56,48.03666666666666,4.91,8.56,34.33,37.715,0.0,17.55
2020-08-20 01:00:56,37.843333333333334,5.905,8.145,40.955000000000005,45.22,0.0,16.17
2020-08-20 02:00:56,33.21,6.775000000000001,9.65,43.25,47.324999999999996,0.0,15.71
2020-08-20 03:00:56,37.879999999999995,5.760000000000001,11.12,45.54,52.55500000000001,0.0,12.47
2020-08-20 04:00:56,40.46666666666667,4.745,12.79,37.435,45.03,0.0,8.62
2020-08-20 05:00:56,59.98,12.63,14.36,44.76,57.945,0.0,5.5
2020-08-20 06:00:56,61.18666666666667,16.285,11.86,35.035,51.885,0.0,7.2
2020-08-20 07:00:56,56.38,14.445,14.835,25.49,71.08,0.0,6.08
2020-08-20 08:00:56,75.13,19.725,20.945,23.205,27.524999999999995,0.0,5.66
2020-08-20 09:00:56,94.39333333333333,20.595,17.985,33.57,54.52,0.0,9.54
2020-08-20 10:00:56,100.38,18.11,13.344999999999999,44.385,63.724999999999994,0.0,9.37
2020-08-20 11:00:56,95.94,18.44,10.950000000000001,52.76,67.28,0.0,10.01
2020-08-20 12:00:56,90.99666666666667,15.975,9.895,49.025000000000006,55.865,0.0,22.75
2020-08-20 13:00:56,70.87666666666667,9.655,9.305,54.205000000000005,61.52,0.0,26.96
2020-08-20 14:00:56,46.81,4.92,10.299999999999999,66.685,77.335,0.0,25.99
2020-08-20 15:00:56,52.943333333333335,2.5,10.145,35.21,39.26,0.0,26.92
2020-08-20 16:00:56,88.97,9.49,9.66,27.165000000000003,30.075,0.0,25.24
2020-08-20 17:00:56,85.62666666666667,9.07,9.765,25.865,29.334999999999997,0.0,23.79
2020-08-20 18:00:56,69.63666666666667,6.080000000000001,9.11,28.285,34.555,0.0,20.18
2020-08-20 19:00:56,63.5,10.315,8.52,25.38,31.925,0.0,16.43
2020-08-20 20:00:56,61.7,9.25,8.35,26.650000000000002,38.76,0.0,8.47
2020-08-20 21:00:56,52.93333333333334,5.375,8.295,18.715,29.745,0.0,12.49
2020-08-20 22:00:56,41.43333333333333,5.7,8.19,18.92,23.439999999999998,0.0,14.3
2020-08-20 23:00:56,32.45,10.815,8.16,22.255,28.584999999999997,0.0,11.98
2020-08-21 00:00:56,29.91333333333333,9.57,8.950000000000001,25.125,32.95,0.0,9.09
2020-08-21 01:00:56,28.266666666666666,6.36,9.35,20.31,30.605,0.0,9.14
2020-08-21 02:00:56,24.80333333333333,7.145,9.07,22.605,28.620000000000005,0.0,8.74
2020-08-21 03:00:56,22.066666666666666,0.0,9.92,21.429999999999996,32.44,0.0,7.58
2020-08-21 04:00:56,32.46,9.1,10.965000000000002,26.63,37.84,0.0,7.11
2020-08-21 05:00:56,39.016666666666666,8.695,11.410000000000002,29.2,37.955,0.0,9.35
2020-08-21 06:00:56,37.516666666666666,10.735,11.075000000000001,20.945,34.98,0.0,7.79
2020-08-21 07:00:56,33.14333333333333,14.665,11.625,17.569999999999997,42.03,0.0,7.71
2020-08-21 08:00:56,35.60333333333333,12.765,12.74,18.86,43.54,0.0,6.01
2020-08-21 09:00:56,42.99,15.725,12.225,20.24,42.335,0.0,8.19
2020-08-21 10:00:56,41.65,16.675,10.775,19.265,48.145,0.0,9.08
2020-08-21 11:00:56,42.303333333333335,12.63,9.525,23.444999999999997,41.345,0.0,9.99
2020-08-21 12:00:56,28.296666666666667,7.62,5.489999999999999,32.050000000000004,43.78,0.0,10.84
2020-08-21 13:00:56,16.983333333333334,5.08,5.655000000000001,34.14,69.615,0.0,7.44
2020-08-21 14:00:56,19.803333333333335,3.18,7.09,14.219999999999999,25.069999999999997,0.0,17.59
2020-08-21 15:00:56,16.456666666666667,1.6000000000000003,6.37,17.919999999999998,26.245,0.0,18.56
2020-08-21 16:00:56,17.64,1.235,6.875,20.525000000000002,35.595,0.0,18.99
2020-08-21 17:00:56,25.173333333333332,0.8649999999999999,6.914999999999999,16.455,38.945,0.0,13.4
2020-08-21 18:00:56,35.92,5.225,7.32,16.99,34.245000000000005,0.0,14.42
2020-08-21 19:00:56,41.85666666666667,5.52,6.97,15.43,27.290000000000003,0.0,13.5
2020-08-21 20:00:56,32.11666666666667,5.085,6.3999999999999995,14.63,36.05,0.0,11.41
2020-08-21 21:00:56,33.33,8.115,6.57,13.46,43.294999999999995,0.0,8.68
2020-08-21 22:00:56,31.53,10.635,6.864999999999999,20.400000000000002,37.88,0.0,10.12
2020-08-21 23:00:56,27.703333333333333,7.69,6.81,20.2,38.46,0.0,9.19
2020-08-22 00:00:56,21.799999999999997,5.974999999999999,7.18,19.665000000000003,40.18,0.0,10.76
2020-08-22 01:00:56,22.396666666666665,4.205,7.989999999999999,25.135,38.830000000000005,0.0,10.95
2020-08-22 02:00:56,20.299999999999997,2.635,8.475000000000001,23.810000000000002,34.31,0.0,13.76
2020-08-22 03:00:56,19.003333333333334,5.665,8.32,20.52,27.560000000000002,0.0,13.11
2020-08-22 04:00:56,19.9,6.919999999999999,8.285,22.625,31.99,0.0,9.57
2020-08-22 05:00:56,17.206666666666667,5.91,8.205,26.015,36.465,0.0,10.22
2020-08-22 06:00:56,23.046666666666667,6.44,8.25,23.13,30.37,0.0,11.79
2020-08-22 07:00:56,17.61,6.035,8.295,23.64,36.525,0.0,10.02
2020-08-22 08:00:56,16.656666666666666,4.23,8.33,19.275000000000002,43.19499999999999,0.0,9.75
2020-08-22 09:00:56,19.366666666666667,2.475,8.32,20.945,26.27,0.0,15.85
2020-08-22 10:00:56,24.373333333333335,1.66,8.084999999999999,18.75,24.395,0.0,17.77
2020-08-22 11:00:56,28.55666666666667,4.53,8.205,18.400000000000002,29.42,0.0,13.86
2020-08-22 12:00:56,34.473333333333336,5.405,7.989999999999999,18.945,26.28,0.0,16.41
2020-08-22 13:00:56,30.799999999999997,4.045,7.420000000000001,17.75,28.224999999999998,0.0,16.6
2020-08-22 14:00:56,28.28333333333333,2.555,7.38,18.495,31.540000000000003,0.0,20.36
2020-08-22 15:00:56,30.456666666666667,1.745,7.815,18.57,33.955,0.0,18.83
2020-08-22 16:00:56,22.666666666666668,3.305,8.425,15.775,30.060000000000002,0.0,22.79
2020-08-22 17:00:56,23.993333333333336,3.16,8.6,13.895000000000001,44.455000000000005,0.0,16.39
2020-08-22 18:00:56,25.703333333333333,2.175,8.68,13.895000000000001,47.61500000000001,0.0,15.05
2020-08-22 19:00:56,29.44333333333333,2.355,8.655000000000001,15.165000000000001,42.050000000000004,0.0,14.16
2020-08-22 20:00:56,35.9,2.585,8.195,17.055,29.265,0.0,17.17
2020-08-22 21:00:56,43.59,5.395,7.664999999999999,20.175,28.709999999999997,0.0,18.07
2020-08-22 22:00:56,44.54333333333334,5.36,7.7,19.635,38.55,0.0,9.86
2020-08-22 23:00:56,40.96666666666667,6.419999999999999,7.68,17.45,37.11,0.0,9.57
2020-08-23 00:00:56,42.13333333333333,9.76,7.870000000000001,19.205000000000002,35.115,0.0,10.04
2020-08-23 01:00:56,46.57,8.12,8.14,17.92,43.995000000000005,0.0,8.64
2020-08-23 02:00:56,44.85666666666667,9.2,9.5,21.795,31.995,0.0,9.84
2020-08-23 03:00:56,48.28333333333333,9.64,11.420000000000002,19.34,39.29,0.0,8.2
2020-08-23 04:00:56,52.25,10.54,10.39,25.685000000000002,39.395,0.0,7.53
2020-08-23 05:00:56,45.25666666666666,11.020000000000001,9.82,21.345,32.68,0.0,8.0
2020-08-23 06:00:56,47.03,11.574999999999998,11.955,26.99,35.045,0.0,11.17
2020-08-23 07:00:56,57.349999999999994,14.54,11.205,20.635,40.16,0.0,7.05
2020-08-23 08:00:56,54.903333333333336,18.915,10.415,16.97,34.05,0.0,9.6
2020-08-23 09:00:56,52.95666666666666,16.61,9.950000000000001,21.86,32.625,0.0,11.99
2020-08-23 10:00:56,53.333333333333336,10.79,9.04,28.095,37.165,0.0,16.46
2020-08-23 11:00:56,50.45,6.39,8.51,32.48,42.25,0.0,16.31
2020-08-23 12:00:56,40.236666666666665,4.11,8.105,32.324999999999996,38.535,0.0,20.92
2020-08-23 13:00:56,36.96,5.485,8.285,38.035000000000004,46.78,0.0,18.79
2020-08-23 14:00:56,34.71666666666667,4.565,8.91,35.82,52.464999999999996,0.0,14.77
2020-08-23 15:00:56,24.61333333333333,6.37,9.735,27.304999999999996,52.6,0.0,13.01
2020-08-23 16:00:56,20.726666666666667,0.0,9.885,30.675,52.78,0.0,12.85
2020-08-23 17:00:56,22.543333333333333,10.06,9.805,32.2,53.73,0.0,16.75
2020-08-23 18:00:56,28.383333333333333,8.09,9.58,29.915000000000003,52.835,0.0,15.93
2020-08-23 19:00:56,33.35,5.900000000000001,9.450000000000001,24.56,35.245000000000005,0.0,17.58
2020-08-23 20:00:56,35.913333333333334,6.07,8.72,18.72,24.425,0.0,16.4
2020-08-23 21:00:56,42.73,7.09,8.32,16.22,18.175,0.0,18.51
2020-08-23 22:00:56,39.13333333333333,9.71,8.545,15.685,17.36,0.0,17.95
2020-08-23 23:00:56,35.876666666666665,10.775,8.51,16.83,17.82,0.0,19.43
2020-08-24 00:00:56,31.813333333333333,11.58,8.354999999999999,21.455,24.540000000000003,0.0,14.77
2020-08-24 01:00:56,29.293333333333333,9.655,7.969999999999999,22.625,28.320000000000004,0.0,11.47
2020-08-24 02:00:56,31.676666666666666,5.86,8.0,26.895,33.324999999999996,0.0,10.11
2020-08-24 03:00:56,31.043333333333337,8.135,9.14,28.455,34.955,0.0,10.58
2020-08-24 04:00:56,39.97,12.495,9.82,31.655,36.085,0.0,12.2
2020-08-24 05:00:56,38.71666666666667,11.74,9.01,30.895,38.825,0.0,9.86
2020-08-24 06:00:56,43.35666666666666,9.135,10.885,22.86,32.224999999999994,0.0,10.28
2020-08-24 07:00:56,56.45333333333333,16.75,13.14,16.795,42.375,0.0,7.79
2020-08-24 08:00:56,71.53333333333333,30.325,16.66,16.145,17.77,0.0,7.64
2020-08-24 09:00:56,82.15333333333334,32.435,13.045000000000002,22.76,37.145,0.0,11.09
2020-08-24 10:00:56,81.07666666666667,24.92,9.62,24.400000000000002,32.525000000000006,0.0,19.0
2020-08-24 11:00:56,67.55333333333334,18.55,8.645,26.7,32.4,0.0,25.44
2020-08-24 12:00:56,55.696666666666665,12.729999999999999,8.35,31.310000000000002,40.83,0.0,23.98
2020-08-24 13:00:56,43.30666666666667,11.06,8.465,32.385,41.419999999999995,0.0,23.34
2020-08-24 14:00:56,38.24,7.815,9.205,32.805,42.04,0.0,31.4
2020-08-24 15:00:56,40.096666666666664,4.465,9.99,32.14,42.19,0.0,28.23
2020-08-24 16:00:56,34.37,3.185,9.755,36.25,50.585,0.0,28.49
2020-08-24 17:00:56,29.21,2.3,9.56,41.09,67.685,0.0,14.23
2020-08-24 18:00:56,30.75,3.235,9.49,32.94,65.245,0.0,11.0
2020-08-24 19:00:56,33.160000000000004,2.7900000000000005,9.32,33.92,56.620000000000005,0.0,15.79
2020-08-24 20:00:56,46.78333333333334,5.805,8.79,28.974999999999998,39.84,0.0,21.24
2020-08-24 21:00:56,56.89,7.825,7.984999999999999,24.25,31.209999999999997,0.0,24.26
2020-08-24 22:00:56,49.43333333333334,5.53,8.1,24.95,29.3,0.0,26.58
2020-08-24 23:00:56,44.04333333333334,4.465,8.515,30.045,42.964999999999996,0.0,13.39
2020-08-25 00:00:56,35.38,6.905,8.4,35.215,43.71,0.0,14.02
2020-08-25 01:00:56,29.74666666666667,6.285,8.5,37.095,44.025,0.0,16.44
2020-08-25 02:00:56,34.07333333333333,6.87,11.780000000000001,43.19,50.315000000000005,0.0,13.09
2020-08-25 03:00:56,40.80666666666667,5.635000000000001,12.745,41.615,48.285,0.0,13.41
2020-08-25 04:00:56,42.72,7.78,11.625,34.645,39.735,0.0,12.74
2020-08-25 05:00:56,47.22666666666667,10.895000000000001,14.799999999999999,37.975,47.685,0.0,8.64
2020-08-25 06:00:56,57.77333333333333,12.22,12.625,30.334999999999997,41.89,0.0,8.91
2020-08-25 07:00:56,62.94,16.445,11.590000000000002,22.034999999999997,46.699999999999996,0.0,7.37
2020-08-25 08:00:56,58.02,15.235,13.285000000000002,19.875,22.615,0.0,6.41
2020-08-25 09:00:56,71.8,16.03,12.1,27.735,48.775000000000006,0.0,12.43
2020-08-25 10:00:56,74.05,12.51,10.205,33.775,43.975,0.0,19.14
2020-08-25 11:00:56,57.343333333333334,10.905,9.025,40.235,45.76499999999999,0.0,26.25
2020-08-25 12:00:56,43.519999999999996,8.155,8.69,36.035,41.895,0.0,28.4
2020-08-25 13:00:56,50.443333333333335,7.645,8.545,52.745000000000005,58.79,0.0,25.32
2020-08-25 14:00:56,41.67,6.445,9.235,49.06,55.254999999999995,0.0,32.22
2020-08-25 15:00:56,29.54,3.81,10.325000000000001,46.28,52.824999999999996,0.0,34.99
2020-08-25 16:00:56,32.306666666666665,2.125,10.235,53.75,63.98,0.0,29.64
2020-08-25 17:00:56,32.913333333333334,3.375,9.875,47.775000000000006,57.47,0.0,29.23
2020-08-25 18:00:56,32.126666666666665,4.145,10.515,63.685,76.22,0.0,23.94
2020-08-25 19:00:56,36.266666666666666,4.47,11.020000000000001,64.57000000000001,81.58,0.0,13.23
2020-08-25 20:00:56,41.52333333333333,3.7900000000000005,9.23,55.964999999999996,76.69500000000001,0.0,12.89
2020-08-25 21:00:56,46.09,7.645,8.834999999999999,42.475,51.595,0.0,24.46
2020-08-25 22:00:56,53.92,8.27,8.23,36.24,40.72,0.0,30.0
2020-08-25 23:00:56,59.67,6.89,8.69,49.294999999999995,55.82500000000001,0.0,25.08
2020-08-26 00:00:56,56.21666666666667,8.305,10.229999999999999,53.595,60.055,0.0,22.24
2020-08-26 01:00:56,53.89666666666667,7.095,11.449999999999998,51.03,60.405,0.0,19.57
2020-08-26 02:00:56,57.34,4.615,11.745,49.699999999999996,65.555,0.0,9.75
2020-08-26 03:00:56,53.196666666666665,6.93,10.93,49.465,64.72500000000001,0.0,7.75
2020-08-26 04:00:56,53.67,6.495,10.935,45.35999999999999,59.69,0.0,6.54
2020-08-26 05:00:56,48.85666666666666,10.26,11.924999999999999,34.395,62.61000000000001,0.0,5.4
2020-08-26 06:00:56,52.266666666666666,10.854999999999999,14.32,35.715,60.975,0.0,7.76
2020-08-26 07:00:56,58.593333333333334,13.695,11.615,33.375,57.43,0.0,8.52
2020-08-26 08:00:56,70.25666666666666,20.395,22.875,25.045,83.795,0.0,6.43
2020-08-26 09:00:56,95.89,24.38,16.375,31.909999999999997,58.504999999999995,0.0,9.61
2020-08-26 10:00:56,92.60333333333332,23.67,12.055,40.97,61.98500000000001,0.0,12.21
2020-08-26 11:00:56,73.18333333333334,20.135,10.445,60.70000000000001,69.50999999999999,0.0,20.84
2020-08-26 12:00:56,63.406666666666666,13.135,9.355,61.035,67.765,0.0,25.4
2020-08-26 13:00:56,60.303333333333335,7.37,9.955,61.24,67.655,0.0,31.17
2020-08-26 14:00:56,53.580000000000005,4.115,10.045,65.81,73.805,0.0,28.15
2020-08-26 15:00:56,44.94,2.81,6.62,67.38,76.46499999999999,0.0,31.65
2020-08-26 16:00:56,35.513333333333335,3.14,6.890000000000001,70.22,85.05,0.0,21.49
2020-08-26 17:00:56,35.333333333333336,2.42,6.739999999999999,60.77,78.07000000000001,0.0,15.06
2020-08-26 18:00:56,58.233333333333334,3.525,6.605,47.46,57.355,0.0,19.13
2020-08-26 19:00:56,73.91,7.614999999999999,10.19,34.875,42.71,0.0,15.56
2020-08-26 20:00:56,72.03333333333333,11.085,10.01,24.554999999999996,32.300000000000004,0.0,14.92
2020-08-26 21:00:56,69.71000000000001,12.295,8.91,17.36,23.91,0.0,15.76
2020-08-26 22:00:56,61.23666666666667,12.4,8.335,16.66,21.22,0.0,12.55
2020-08-26 23:00:56,44.69333333333333,10.465,8.67,16.959999999999997,22.905,0.0,11.43
2020-08-27 00:00:56,37.20666666666666,9.92,8.325000000000001,18.55,25.155,0.0,9.56
2020-08-27 01:00:56,32.67666666666667,8.23,8.025,15.589999999999998,25.125,0.0,10.22
2020-08-27 02:00:56,28.633333333333333,5.305,7.845,21.83,29.709999999999997,0.0,11.73
2020-08-27 03:00:56,20.53,4.835,7.8500000000000005,22.815,30.625,0.0,11.66
2020-08-27 04:00:56,21.38,5.68,8.01,21.955,27.555000000000003,0.0,12.6
2020-08-27 05:00:56,22.8,4.32,7.57,21.365,28.125,0.0,10.89
2020-08-27 06:00:56,25.696666666666665,7.739999999999999,7.574999999999999,19.775000000000002,25.635,0.0,10.54
2020-08-27 07:00:56,20.63,6.895,7.3950000000000005,16.8,24.205,0.0,11.2
2020-08-27 08:00:56,26.21666666666667,8.575,7.395,14.770000000000001,27.235,0.0,10.73
2020-08-27 09:00:56,32.660000000000004,7.294999999999999,7.305,15.725000000000001,30.735,0.0,10.76
2020-08-27 10:00:56,28.233333333333334,3.895,7.185,12.725,38.265,0.0,9.24
2020-08-27 11:00:56,27.906666666666666,2.735,7.005,11.67,48.085,0.0,9.11
2020-08-27 12:00:56,26.363333333333333,2.77,7.36,10.37,56.20000000000001,0.0,8.46
2020-08-27 13:00:56,30.376666666666665,5.45,7.22,10.865000000000002,61.145,0.0,11.63
2020-08-27 14:00:56,26.23,4.9,8.305,11.045,75.84,0.0,11.2
2020-08-27 15:00:56,30.439999999999998,2.635,8.87,11.950000000000001,82.62,0.0,11.86
2020-08-27 16:00:56,28.673333333333332,8.575,8.915,11.899999999999999,95.67,0.0,10.15
2020-08-27 17:00:56,30.463333333333335,8.845,8.835,12.030000000000001,12.38,0.0,10.86
2020-08-27 18:00:56,40.556666666666665,6.515,8.92,12.600000000000001,58.73499999999999,0.0,11.98
2020-08-27 19:00:56,45.46,11.324999999999998,8.775,12.600000000000001,41.715,0.0,12.77
2020-08-27 20:00:56,49.72666666666666,12.145000000000001,8.08,13.770000000000001,31.724999999999998,0.0,15.63
2020-08-27 21:00:56,48.513333333333335,7.91,7.32,14.495,29.86,0.0,15.81
2020-08-27 22:00:56,42.53333333333333,6.724999999999999,7.260000000000001,16.265,27.91,0.0,19.66
2020-08-27 23:00:56,29.64,4.96,7.344999999999999,15.15,25.575,0.0,16.71
2020-08-28 00:00:56,27.196666666666665,4.26,7.285,15.255,26.245,0.0,13.39
2020-08-28 01:00:56,23.11,4.19,7.68,18.22,27.2,0.0,15.91
2020-08-28 02:00:56,20.88,3.095,8.01,18.565,31.679999999999996,0.0,14.75
2020-08-28 03:00:56,19.156666666666666,4.34,8.25,20.724999999999998,32.025,0.0,15.32
2020-08-28 04:00:56,18.79,5.195,8.635,22.925,34.545,0.0,12.57
2020-08-28 05:00:56,22.46333333333333,3.9249999999999994,9.405,24.064999999999998,37.735,0.0,11.14
2020-08-28 06:00:56,31.906666666666666,8.1,11.174999999999999,24.14,36.51499999999999,0.0,13.31
2020-08-28 07:00:56,42.99,7.86,9.645000000000001,23.99,38.145,0.0,11.93
2020-08-28 08:00:56,46.696666666666665,4.57,15.784999999999998,19.305,59.550000000000004,0.0,8.89
2020-08-28 09:00:56,54.416666666666664,10.985,12.76,20.96,72.315,0.0,9.71
2020-08-28 10:00:56,57.38999999999999,10.55,10.07,21.735,44.395,0.0,14.2
2020-08-28 11:00:56,59.986666666666665,6.285,9.15,21.92,37.555,0.0,16.57
2020-08-28 12:00:56,58.69666666666666,9.37,8.605,23.685000000000002,39.405,0.0,20.82
2020-08-28 13:00:56,52.79666666666667,8.175,8.07,26.775000000000002,44.84,0.0,22.25
2020-08-28 14:00:56,42.78333333333333,4.85,8.79,25.685000000000002,44.26500000000001,0.0,28.02
2020-08-28 15:00:56,26.89333333333333,3.435,9.08,20.28,50.035,0.0,19.84
2020-08-28 16:00:56,27.673333333333332,2.285,9.17,14.509999999999998,61.129999999999995,0.0,15.1
2020-08-28 17:00:56,24.59,1.62,8.81,14.355000000000002,64.95,0.0,13.27
2020-08-28 18:00:56,25.343333333333334,7.135000000000001,8.655000000000001,14.695,72.045,0.0,10.56
2020-08-28 19:00:56,31.69666666666667,7.435,8.725,21.599999999999998,56.44,0.0,14.56
2020-08-28 20:00:56,50.913333333333334,7.849999999999999,8.295,23.08,40.185,0.0,18.53
2020-08-28 21:00:56,55.78666666666667,6.14,7.664999999999999,22.455,30.455,0.0,21.97
2020-08-28 22:00:56,49.46666666666667,3.865,7.22,22.59,31.495000000000005,0.0,22.65
2020-08-28 23:00:56,42.82333333333333,3.935,7.22,21.72,40.76,0.0,18.07
2020-08-29 00:00:56,40.36333333333333,5.1,7.245,25.985,38.09,0.0,17.1
2020-08-29 01:00:56,34.71666666666667,4.255,8.305,24.535,43.945,0.0,11.91
2020-08-29 02:00:56,36.026666666666664,3.1749999999999994,8.635,24.620000000000005,47.5,0.0,7.67
2020-08-29 03:00:56,32.32666666666667,2.36,8.465,29.304999999999996,46.72,0.0,10.35
2020-08-29 04:00:56,24.766666666666666,0.0,9.459999999999999,32.294999999999995,45.775,0.0,11.5
2020-08-29 05:00:56,29.59,0.0,13.700000000000001,27.099999999999998,37.625,0.0,9.78
2020-08-29 06:00:56,45.72666666666667,15.854999999999999,17.805,22.825,55.77,0.0,7.28
2020-08-29 07:00:56,59.43333333333333,22.399999999999995,14.094999999999999,23.149999999999995,25.560000000000002,0.0,6.94
2020-08-29 08:00:56,55.849999999999994,20.995,18.474999999999998,23.17,26.155,0.0,8.29
2020-08-29 09:00:56,72.21666666666667,25.99,15.235,25.459999999999997,67.195,0.0,9.17
2020-08-29 10:00:56,75.89333333333333,27.304999999999996,12.89,30.099999999999998,55.72,0.0,14.99
2020-08-29 11:00:56,66.07000000000001,17.985,10.6,31.905,42.375,0.0,22.28
2020-08-29 12:00:56,57.64333333333333,12.03,10.235,31.27,39.75,0.0,26.57
2020-08-29 13:00:56,51.01,8.195,9.905,37.815,46.9,0.0,25.09
2020-08-29 14:00:56,46.303333333333335,4.525,10.845,41.185,55.77,0.0,23.57
2020-08-29 15:00:56,36.20333333333333,2.7449999999999997,10.625,30.694999999999997,63.19,0.0,12.63
2020-08-29 16:00:56,25.24,3.025,10.935,19.895,67.05499999999999,0.0,9.76
2020-08-29 17:00:56,17.59,5.05,11.200000000000001,17.325,77.13,0.0,9.72
2020-08-29 18:00:56,16.05666666666667,4.025,11.08,18.24,19.105,0.0,13.25
2020-08-29 19:00:56,20.936666666666667,2.015,10.76,20.655,63.615,0.0,17.0
2020-08-29 20:00:56,33.403333333333336,4.26,10.85,29.130000000000006,45.544999999999995,0.0,23.95
2020-08-29 21:00:56,43.10666666666667,6.294999999999999,10.345,33.99,47.96,0.0,19.1
2020-08-29 22:00:56,45.75333333333333,7.94,9.61,31.879999999999995,50.89000000000001,0.0,15.49
2020-08-29 23:00:56,53.48,6.675,10.705,31.345,52.79,0.0,14.1
2020-08-30 00:00:56,53.873333333333335,6.43,12.365,34.195,54.365,0.0,12.68
2020-08-30 01:00:56,45.01333333333333,6.18,14.725,29.790000000000003,64.66,0.0,10.41
2020-08-30 02:00:56,69.01333333333334,5.25,15.200000000000001,27.41,72.925,0.0,5.32
2020-08-30 03:00:56,64.60666666666667,7.555,14.125,29.974999999999998,65.115,0.0,6.87
2020-08-30 04:00:56,73.17333333333333,13.86,15.909999999999998,25.825,66.73,0.0,6.17
2020-08-30 05:00:56,70.60666666666667,13.565,14.799999999999999,34.115,58.379999999999995,0.0,7.32
2020-08-30 06:00:56,60.32333333333333,15.065,14.265,30.3,57.925000000000004,0.0,6.8
2020-08-30 07:00:56,56.03333333333333,16.795,15.979999999999999,27.115,30.709999999999997,0.0,6.94
2020-08-30 08:00:56,63.08666666666667,15.11,21.185000000000002,28.935000000000002,33.6,0.0,8.46
2020-08-30 09:00:56,71.67333333333333,17.74,15.445,34.565,48.535,0.0,18.85
2020-08-30 10:00:56,67.69333333333333,17.69,10.69,38.825,49.475,0.0,20.56
2020-08-30 11:00:56,44.99666666666667,11.815,9.15,40.68,46.675000000000004,0.0,25.94
2020-08-30 12:00:56,35.763333333333335,8.105,9.14,41.675000000000004,47.24,0.0,29.32
2020-08-30 13:00:56,33.233333333333334,8.625,5.859999999999999,52.6,59.625,0.0,27.63
2020-08-30 14:00:56,25.833333333333332,6.845,10.035,51.32,61.165,0.0,28.71
2020-08-30 15:00:56,26.59,3.97,10.165,44.900000000000006,61.19499999999999,0.0,23.06
2020-08-30 16:00:56,22.906666666666666,2.655,10.19,46.5,63.855,0.0,20.82
2020-08-30 17:00:56,22.183333333333334,1.8,10.174999999999999,40.835,69.22,0.0,13.24
2020-08-30 18:00:56,25.05,4.66,10.08,43.56,69.745,0.0,13.98
2020-08-30 19:00:56,23.33,6.575,9.975,48.26500000000001,69.55,0.0,15.92
2020-08-30 20:00:56,32.63333333333333,6.95,9.96,48.330000000000005,65.125,0.0,16.67
2020-08-30 21:00:56,42.416666666666664,7.085,9.87,41.705,55.879999999999995,0.0,13.82
2020-08-30 22:00:56,43.376666666666665,5.12,9.585,46.565,65.96000000000001,0.0,9.61
2020-08-30 23:00:56,46.19,4.3,13.674999999999999,29.185000000000002,67.745,0.0,7.74
2020-08-31 00:00:56,59.29666666666667,10.775,16.36,23.394999999999996,75.37,0.0,7.11
2020-08-31 01:00:56,67.48333333333333,10.515,17.915,21.23,21.459999999999997,0.0,6.95
2020-08-31 02:00:56,73.60666666666667,18.17,13.340000000000002,21.89,22.310000000000002,0.0,4.73
2020-08-31 03:00:56,80.27333333333334,17.73,14.365000000000002,22.600000000000005,23.274999999999995,0.0,5.24
2020-08-31 04:00:56,62.656666666666666,14.655,11.085,22.875,56.845,0.0,6.68
2020-08-31 05:00:56,64.17666666666668,17.825,12.775,24.340000000000003,55.6,0.0,6.71
2020-08-31 06:00:56,57.93333333333334,13.665,10.585,24.16,49.965,0.0,7.91
2020-08-31 07:00:56,68.97,20.49,14.225000000000001,25.34,94.375,0.0,6.87
2020-08-31 08:00:56,84.73333333333333,25.94,14.280000000000001,30.245000000000005,35.3,0.0,7.67
2020-08-31 09:00:56,101.41,28.705,13.300000000000002,29.774999999999995,81.665,0.0,10.05
2020-08-31 10:00:56,109.93,26.125,10.515,34.275,55.31,0.0,17.38
2020-08-31 11:00:56,90.12333333333333,17.43,8.305,41.255,50.395,0.0,24.48
2020-08-31 12:00:56,63.7,12.824999999999998,8.135,45.15,51.73499999999999,0.0,27.99
2020-08-31 13:00:56,45.413333333333334,8.38,8.525,51.98,59.29999999999999,0.0,22.68
2020-08-31 14:00:56,38.98666666666667,4.34,9.22,57.919999999999995,68.405,0.0,20.23
2020-08-31 15:00:56,31.796666666666667,2.7449999999999997,9.28,29.320000000000004,47.81,0.0,16.63
2020-08-31 16:00:56,23.64,1.97,9.4,19.155,49.315,0.0,13.76
2020-08-31 17:00:56,20.706666666666667,1.17,9.21,24.935000000000002,63.56,0.0,12.93
2020-08-31 18:00:56,22.123333333333335,0.59,9.175,26.965,64.795,0.0,10.43
2020-08-31 19:00:56,25.14,0.535,9.055,28.8,63.955000000000005,0.0,9.53
2020-08-31 20:00:56,45.74,3.645,9.31,38.145,55.18,0.0,16.45
2020-08-31 21:00:56,55.843333333333334,5.87,8.95,30.349999999999998,39.19,0.0,17.66
2020-08-31 22:00:56,48.05666666666667,4.365,8.145,33.88,44.375,0.0,14.27
2020-08-31 23:00:56,44.593333333333334,4.135,7.75,32.835,40.300000000000004,0.0,17.35
2020-09-01 00:00:56,39.36333333333334,3.4150000000000005,8.045,33.39,41.74,0.0,18.3
2020-09-01 01:00:56,35.263333333333335,6.705000000000001,8.354999999999999,31.515,53.555,0.0,9.43
2020-09-01 02:00:56,37.946666666666665,6.97,11.160000000000002,36.815,48.85,0.0,12.16
2020-09-01 03:00:56,42.35666666666666,4.29,10.505,28.73,52.879999999999995,0.0,7.13
2020-09-01 04:00:56,50.09,8.925,15.46,29.130000000000006,47.9,0.0,6.88
2020-09-01 05:00:56,58.446666666666665,10.68,20.77,28.3,50.275,0.0,7.11
2020-09-01 06:00:56,54.36333333333334,14.815,12.745,23.105000000000004,54.1,0.0,6.93
2020-09-01 07:00:56,56.72,21.375,19.605,22.064999999999998,56.48,0.0,6.61
2020-09-01 08:00:56,71.29666666666667,22.315,14.625,25.534999999999997,30.254999999999995,0.0,7.3
2020-09-01 09:00:56,98.58666666666666,22.820000000000004,18.495,27.834999999999997,33.455,0.0,8.28
2020-09-01 10:00:56,107.16666666666667,25.99,14.21,29.23,54.59,0.0,12.67
2020-09-01 11:00:56,100.26333333333332,19.145,9.505,38.375,59.02,0.0,17.52
2020-09-01 12:00:56,75.8,15.03,8.475,40.95,53.03,0.0,20.39
2020-09-01 13:00:56,54.60666666666666,10.985,9.56,43.785,56.574999999999996,0.0,23.73
2020-09-01 14:00:56,40.56333333333333,5.89,10.979999999999999,49.169999999999995,63.214999999999996,0.0,27.58
2020-09-01 15:00:56,38.36666666666667,3.11,11.424999999999999,45.385,60.004999999999995,0.0,27.9
2020-09-01 16:00:56,36.653333333333336,2.535,10.549999999999999,41.055,67.065,0.0,20.85
2020-09-01 17:00:56,29.663333333333334,1.885,10.49,38.63,66.415,0.0,16.04
2020-09-01 18:00:56,32.28333333333333,5.3,10.465,39.085,61.94,0.0,19.52
2020-09-01 19:00:56,37.21333333333333,5.355,10.27,45.82,73.37,0.0,13.87
2020-09-01 20:00:56,65.94333333333333,8.655,10.535,46.19,89.33999999999999,0.0,9.7
2020-09-01 21:00:56,72.95,10.905,10.515,41.695,75.175,0.0,13.25
2020-09-01 22:00:56,73.62666666666667,8.12,12.29,30.01,61.10999999999999,0.0,7.35
2020-09-01 23:00:56,87.34666666666666,12.300000000000002,11.96,30.485,65.66,0.0,7.68
2020-09-02 00:00:56,91.80666666666667,36.47,17.89,31.060000000000002,106.30499999999999,0.0,5.93
2020-09-02 01:00:56,96.37333333333333,0.0,15.35,31.159999999999997,32.78,0.0,5.7
2020-09-02 02:00:56,88.25,41.2,12.045,26.325,27.290000000000003,0.0,6.77
2020-09-02 03:00:56,93.33333333333333,27.81,16.74,26.625,27.429999999999996,0.0,6.0
2020-09-02 04:00:56,77.50666666666667,20.48,14.585,25.045,25.89,0.0,6.06
2020-09-02 05:00:56,72.16,17.945,21.0,24.98,71.16,0.0,5.7
2020-09-02 06:00:56,77.77666666666667,15.445,14.659999999999998,29.38,59.315,0.0,6.49
2020-09-02 07:00:56,82.31666666666666,17.715,14.69,30.275000000000002,87.605,0.0,6.97
2020-09-02 08:00:56,89.78,21.15,14.12,36.63,43.73499999999999,0.0,7.0
2020-09-02 09:00:56,109.18,24.53,27.394999999999996,42.464999999999996,127.22499999999998,0.0,7.66
2020-09-02 10:00:56,149.43666666666667,23.815,14.534999999999998,41.145,105.58999999999999,0.0,8.6
2020-09-02 11:00:56,140.65,22.755,10.575,41.515,70.94,0.0,12.31
2020-09-02 12:00:56,102.03666666666668,18.545,9.99,53.294999999999995,76.79,0.0,14.89
2020-09-02 13:00:56,78.83333333333334,19.11,9.885,62.76,80.19999999999999,0.0,19.03
2020-09-02 14:00:56,64.98,18.405,9.825,65.64,79.63,0.0,26.95
2020-09-02 15:00:56,54.93333333333334,12.07,9.540000000000001,62.05500000000001,79.41,0.0,19.28
2020-09-02 16:00:56,42.85,8.175,10.1,52.645,78.955,0.0,16.44
2020-09-02 17:00:56,39.693333333333335,5.125,9.835,56.21,78.46,0.0,19.81
2020-09-02 18:00:56,44.97333333333333,7.825,9.395,58.81,77.205,0.0,15.07
2020-09-02 19:00:56,44.04666666666667,7.224999999999999,9.45,53.96,81.795,0.0,7.84
2020-09-02 20:00:56,81.52666666666666,17.3,10.045,67.905,84.425,0.0,4.1
2020-09-02 21:00:56,82.40666666666668,17.615,6.614999999999999,49.349999999999994,116.78000000000002,0.0,12.07
2020-09-02 22:00:56,82.31333333333333,16.645,6.82,47.16499999999999,96.685,0.0,10.32
2020-09-02 23:00:56,76.30000000000001,14.285000000000002,7.575,48.6,54.315,0.0,4.45
2020-09-03 00:00:56,71.5,13.975,7.57,45.59,107.85000000000001,0.0,5.47
2020-09-03 01:00:56,65.22333333333333,13.135,8.325,39.45,42.53,0.0,5.2
2020-09-03 02:00:56,56.43666666666667,12.824999999999998,11.564999999999998,39.845,69.625,0.0,7.43
2020-09-03 03:00:56,59.14333333333333,21.8,19.295,39.585,72.375,0.0,5.5
2020-09-03 04:00:56,70.29333333333334,26.355,18.13,38.595,74.03,0.0,4.33
2020-09-03 05:00:56,77.64,26.745,13.435000000000002,43.830000000000005,68.4,0.0,6.97
2020-09-03 06:00:56,75.69666666666666,26.745,14.625,38.57,70.75,0.0,5.57
2020-09-03 07:00:56,84.60666666666667,28.615,19.285,39.87,81.5,0.0,5.76
2020-09-03 08:00:56,83.19,25.649999999999995,11.54,39.085,44.14000000000001,0.0,6.41
2020-09-03 09:00:56,92.19333333333333,30.25,14.354999999999999,40.295,46.00999999999999,0.0,6.24
2020-09-03 10:00:56,101.56666666666666,32.105,11.265,41.395,88.105,0.0,8.16
2020-09-03 11:00:56,117.30666666666667,24.899999999999995,12.455,41.705,74.79,0.0,15.4
2020-09-03 12:00:56,102.50666666666666,14.895000000000001,11.54,47.32,73.39,0.0,20.21
2020-09-03 13:00:56,90.26666666666668,16.04,10.445,52.335,73.03,0.0,19.29
2020-09-03 14:00:56,71.43333333333334,13.06,10.02,51.695,71.395,0.0,19.04
2020-09-03 15:00:56,59.32333333333333,6.8,9.945,45.46,68.31,0.0,16.59
2020-09-03 16:00:56,67.08666666666666,4.135,9.28,38.04,58.98500000000001,0.0,16.32
2020-09-03 17:00:56,65.72333333333333,4.065,8.49,35.445,53.49,0.0,18.57
2020-09-03 18:00:56,68.1,5.71,7.785,34.985,58.625,0.0,14.96
2020-09-03 19:00:56,59.45,8.38,8.13,39.17,80.485,0.0,7.62
2020-09-03 20:00:56,90.96666666666667,12.445,9.62,59.345,75.59,0.0,4.32
2020-09-03 21:00:56,129.09666666666666,18.13,11.015,46.81999999999999,55.6,0.0,4.63
2020-09-03 22:00:56,142.53,21.84,13.92,40.155,46.65,0.0,3.96
2020-09-03 23:00:56,141.32333333333332,22.615,13.280000000000001,42.035,48.465,0.0,7.05
2020-09-04 00:00:56,127.30666666666667,19.825,11.89,47.254999999999995,55.48,0.0,5.43
2020-09-04 01:00:56,113.62,20.57,10.86,52.0,62.76500000000001,0.0,5.18
2020-09-04 02:00:56,109.53,20.275,12.5,45.85,54.44,0.0,5.88
2020-09-04 03:00:56,93.65,17.94,10.270000000000001,44.585,52.625,0.0,5.7
2020-09-04 04:00:56,87.30333333333334,17.61,14.424999999999999,41.25,48.4,0.0,5.33
2020-09-04 05:00:56,83.98333333333333,16.795,17.66,38.895,45.54999999999999,0.0,5.45
2020-09-04 06:00:56,76.44,13.53,16.935,38.16,44.23499999999999,0.0,5.56
2020-09-04 07:00:56,82.17333333333333,15.479999999999999,18.18,42.830000000000005,50.845,0.0,6.58
2020-09-04 08:00:56,97.18333333333334,21.97,17.285,42.655,51.34,0.0,5.87
2020-09-04 09:00:56,114.62666666666667,26.100000000000005,22.560000000000002,47.94499999999999,59.20000000000001,0.0,6.19
2020-09-04 10:00:56,149.73666666666668,32.85,17.2,145.305,205.795,0.0,8.22
2020-09-04 11:00:56,148.31666666666666,29.84,12.185,151.04,180.485,0.0,9.72
2020-09-04 12:00:56,129.88333333333333,24.06,12.505,179.335,210.84500000000003,0.0,14.35
2020-09-04 13:00:56,105.39333333333333,16.185,10.625,101.0,110.96999999999998,0.0,28.17
2020-09-04 14:00:56,86.88666666666666,9.255,9.84,43.88999999999999,45.43000000000001,0.0,42.52
2020-09-04 15:00:56,94.03666666666666,17.625,10.015,38.925000000000004,40.155,0.0,43.98
2020-09-04 16:00:56,90.09333333333333,19.77,9.75,55.05500000000001,56.870000000000005,0.0,35.87
2020-09-04 17:00:56,78.31,15.455,9.21,80.96,84.86,0.0,29.01
2020-09-04 18:00:56,66.49333333333334,14.29,8.94,154.78,162.255,0.0,16.75
2020-09-04 19:00:56,69.79333333333334,14.755,8.754999999999999,174.625,189.9,0.0,9.88
2020-09-04 20:00:56,47.72333333333333,13.63,12.560000000000002,230.39,296.25,0.0,7.33
2020-09-04 21:00:56,57.71333333333334,16.27,7.4799999999999995,48.669999999999995,56.405,0.0,8.86
2020-09-04 22:00:56,97.39666666666668,15.08,2.9949999999999997,36.205,43.69,0.0,7.0
2020-09-04 23:00:56,82.52666666666667,14.655,6.45,41.48,49.1,0.0,7.11
2020-09-05 00:00:56,61.26333333333333,15.095,6.505,44.73499999999999,52.79,0.0,6.88
2020-09-05 01:00:56,49.263333333333335,16.36,6.849999999999999,50.56,59.46,0.0,6.15
2020-09-05 02:00:56,38.61333333333334,13.345,7.27,49.525000000000006,58.28,0.0,8.11
2020-09-05 03:00:56,38.59,8.875,7.234999999999999,51.81,60.275,0.0,7.22
2020-09-05 04:00:56,31.60333333333333,6.445,7.315,68.55,81.64,0.0,5.93
2020-09-05 05:00:56,26.566666666666666,0.0,7.635000000000001,72.645,87.34499999999998,0.0,6.55
2020-09-05 06:00:56,36.29333333333333,12.905,8.45,61.97,77.69999999999999,0.0,6.95
2020-09-05 07:00:56,37.336666666666666,13.354999999999999,8.57,60.76,77.66499999999999,0.0,7.03
2020-09-05 08:00:56,39.193333333333335,12.64,8.685,56.29,78.995,0.0,6.77
2020-09-05 09:00:56,49.61666666666667,10.46,9.025,61.53,89.34999999999998,0.0,6.1
2020-09-05 10:00:56,52.17,10.78,8.715,76.12,117.76499999999999,0.0,6.64
2020-09-05 11:00:56,41.19333333333333,11.96,8.485,84.21499999999999,123.625,0.0,7.05
2020-09-05 12:00:56,40.53333333333333,8.25,3.9249999999999994,82.92,121.105,0.0,7.91
2020-09-05 13:00:56,43.46666666666667,4.515,4.93,0.0,0.0,0.0,5.83
2020-09-05 14:00:56,36.42333333333333,5.105,8.455,98.22499999999998,164.04,0.0,5.69
2020-09-05 15:00:56,42.05,6.0,8.51,66.23,95.165,0.0,9.77
2020-09-05 16:00:56,57.45333333333334,9.98,8.335,60.39000000000001,83.86,0.0,9.56
2020-09-05 17:00:56,52.53,13.07,7.97,67.545,99.21499999999999,0.0,7.12
2020-09-05 18:00:56,49.81666666666667,9.65,7.704999999999999,77.61500000000001,130.465,0.0,5.43
2020-09-05 19:00:56,48.41,7.91,7.445,77.87,127.165,0.0,5.58
2020-09-05 20:00:56,51.913333333333334,7.974999999999999,7.205000000000001,65.14,105.2,0.0,6.0
2020-09-05 21:00:56,50.35666666666667,14.574999999999998,7.31,61.02,90.515,0.0,5.8
2020-09-05 22:00:56,44.52666666666667,17.24,7.38,56.125,83.745,0.0,5.84
2020-09-05 23:00:56,41.07,11.875,7.425000000000001,50.254999999999995,72.42,0.0,6.29
2020-09-06 00:00:56,36.96666666666667,12.33,7.465,45.24,60.945,0.0,8.52
2020-09-06 01:00:56,38.61666666666667,12.155,7.699999999999999,37.49,47.98,0.0,9.21
2020-09-06 02:00:56,33.21,11.0,8.265,42.824999999999996,62.095,0.0,7.99
2020-09-06 03:00:56,30.35,7.54,8.24,46.24,65.305,0.0,6.45
2020-09-06 04:00:56,34.95666666666666,11.035000000000002,8.71,46.205000000000005,61.69,0.0,6.53
2020-09-06 05:00:56,40.78,9.675,8.14,49.215,64.995,0.0,8.75
2020-09-06 06:00:56,42.68,8.785,8.395000000000001,44.285000000000004,61.580000000000005,0.0,6.05
2020-09-06 07:00:56,47.5,21.265,9.22,43.39000000000001,52.48499999999999,0.0,8.53
2020-09-06 08:00:56,50.93,22.445000000000004,9.015,43.44,56.405,0.0,9.08
2020-09-06 09:00:56,47.48,13.925000000000002,10.525,41.669999999999995,54.17499999999999,0.0,9.3
2020-09-06 10:00:56,40.9,7.510000000000001,9.595,44.29,57.36000000000001,0.0,9.73
2020-09-06 11:00:56,32.78333333333333,8.82,9.015,46.925000000000004,60.35,0.0,13.85
2020-09-06 12:00:56,23.39,8.805,8.68,49.46,63.51,0.0,13.4
2020-09-06 13:00:56,24.256666666666668,5.87,8.37,60.035000000000004,79.55,0.0,12.88
2020-09-06 14:00:56,24.25,3.91,8.755,62.56,85.23500000000001,0.0,15.89
2020-09-06 15:00:56,17.54,2.6,8.85,61.275,85.855,0.0,15.18
2020-09-06 16:00:56,17.846666666666668,1.945,8.54,80.515,125.75,0.0,11.76
2020-09-06 17:00:56,15.14,1.735,8.8,79.86999999999999,124.37,0.0,11.11
2020-09-06 18:00:56,24.653333333333332,1.76,8.615,77.00500000000001,113.69,0.0,11.76
2020-09-06 19:00:56,31.439999999999998,2.405,8.585,70.075,99.38499999999999,0.0,10.74
2020-09-06 20:00:56,36.736666666666665,4.27,7.815,60.315,82.315,0.0,9.19
2020-09-06 21:00:56,44.64666666666667,5.195,7.22,54.01500000000001,70.095,0.0,10.2
2020-09-06 22:00:56,39.28,8.215,7.425,50.615,66.52499999999999,0.0,8.72
2020-09-06 23:00:56,36.58,13.589999999999998,7.280000000000001,39.03,50.699999999999996,0.0,7.94
2020-09-07 00:00:56,40.70666666666666,11.04,7.59,40.125,52.605,0.0,8.54
2020-09-07 01:00:56,35.31333333333333,10.88,7.109999999999999,33.14,39.465,0.0,9.94
2020-09-07 02:00:56,35.42,14.625,6.949999999999999,32.72,40.385,0.0,9.91
2020-09-07 03:00:56,30.646666666666665,15.315,6.919999999999999,36.01,46.07500000000001,0.0,9.78
2020-09-07 04:00:56,35.31333333333333,10.31,7.005,38.625,47.585,0.0,9.66
2020-09-07 05:00:56,37.72,8.41,8.469999999999999,43.67499999999999,53.31999999999999,0.0,10.72
2020-09-07 06:00:56,38.223333333333336,7.055,9.495,42.435,54.07,0.0,8.94
2020-09-07 07:00:56,60.48,14.979999999999999,10.665,44.870000000000005,60.255,0.0,7.86
2020-09-07 08:00:56,72.07666666666667,29.03,12.805,41.47,68.74,0.0,9.19
2020-09-07 09:00:56,80.48666666666666,34.655,12.729999999999999,50.89000000000001,71.705,0.0,9.19
2020-09-07 10:00:56,77.74000000000001,28.965,11.100000000000001,54.5,71.48,0.0,11.85
2020-09-07 11:00:56,69.85333333333334,25.005,10.700000000000001,55.94,72.425,0.0,12.54
2020-09-07 12:00:56,58.04666666666667,16.885,9.635,54.25,68.375,0.0,14.02
2020-09-07 13:00:56,42.21333333333333,8.66,9.355,63.195,82.33999999999999,0.0,11.72
2020-09-07 14:00:56,33.95333333333333,4.555,10.135,71.215,94.575,0.0,15.47
2020-09-07 15:00:56,22.776666666666667,2.865,10.885,84.35,116.58,0.0,14.69
2020-09-07 16:00:56,22.66,2.35,10.31,92.08,138.865,0.0,11.28
2020-09-07 17:00:56,22.996666666666666,5.64,10.105,91.28500000000001,147.965,0.0,8.2
2020-09-07 18:00:56,26.78,5.825,10.44,93.22499999999998,145.745,0.0,9.58
2020-09-07 19:00:56,28.79,3.44,10.174999999999999,87.305,125.27499999999999,0.0,10.83
2020-09-07 20:00:56,48.78666666666667,6.8,9.51,48.97,59.69,0.0,13.15
2020-09-07 21:00:56,58.13666666666666,12.550000000000002,8.815,41.815,49.98499999999999,0.0,11.09
2020-09-07 22:00:56,56.120000000000005,13.26,8.43,37.794999999999995,45.51,0.0,11.64
2020-09-07 23:00:56,46.916666666666664,13.68,8.74,47.105,61.91,0.0,8.77
2020-09-08 00:00:56,42.71666666666667,9.725,8.705,43.9,54.73499999999999,0.0,10.44
2020-09-08 01:00:56,42.22,10.12,8.94,28.385,35.095,0.0,10.36
2020-09-08 02:00:56,42.41,10.86,9.295,29.92,36.48,0.0,11.25
2020-09-08 03:00:56,30.453333333333333,13.74,9.525,35.5,46.315,0.0,10.96
2020-09-08 04:00:56,33.843333333333334,0.0,10.14,39.745,56.345,0.0,9.23
2020-09-08 05:00:56,41.626666666666665,0.0,9.185,45.82,63.650000000000006,0.0,8.49
2020-09-08 06:00:56,45.166666666666664,16.13,9.290000000000001,43.03,64.92999999999999,0.0,7.85
2020-09-08 07:00:56,64.56333333333333,30.58,9.89,42.105,63.845,0.0,8.64
2020-09-08 08:00:56,79.32333333333334,41.215,16.455,30.015,79.69,0.0,9.2
2020-09-08 09:00:56,95.35333333333332,41.15,15.145000000000001,44.875,79.49499999999999,0.0,9.11
2020-09-08 10:00:56,101.14,35.48,10.97,49.585,73.56,0.0,9.66
2020-09-08 11:00:56,100.23,32.705,10.105,56.39000000000001,85.49000000000001,0.0,9.25
2020-09-08 12:00:56,81.19666666666667,25.435,9.395,59.86000000000001,89.375,0.0,10.45
2020-09-08 13:00:56,57.07333333333334,14.655,8.925,73.485,109.98500000000001,0.0,7.85
2020-09-08 14:00:56,45.29666666666667,7.75,9.354999999999999,80.33,122.66000000000001,0.0,8.36
2020-09-08 15:00:56,38.56333333333333,5.245,8.99,75.51,122.245,0.0,8.31
2020-09-08 16:00:56,40.21333333333333,4.715,8.89,72.305,126.805,0.0,9.6
2020-09-08 17:00:56,33.723333333333336,6.445,8.415,65.415,104.545,0.0,10.5
2020-09-08 18:00:56,38.82666666666667,8.36,8.255,50.910000000000004,66.6,0.0,15.48
2020-09-08 19:00:56,58.53,10.67,7.594999999999999,38.29,49.35,0.0,12.59
2020-09-08 20:00:56,65.61666666666666,7.965,7.035,31.129999999999995,37.12,0.0,14.86
2020-09-08 21:00:56,60.69333333333333,11.245,6.859999999999999,31.545,38.745000000000005,0.0,14.83
2020-09-08 22:00:56,51.97666666666666,11.479999999999999,6.72,31.52,39.46,0.0,12.49
2020-09-08 23:00:56,38.66333333333333,10.985,6.7749999999999995,30.175,38.94,0.0,12.04
2020-09-09 00:00:56,28.29,12.17,6.785,30.895,40.0,0.0,12.1
2020-09-09 01:00:56,23.113333333333333,10.175,6.46,29.794999999999998,38.544999999999995,0.0,12.57
2020-09-09 02:00:56,18.560000000000002,6.305,6.585,35.07,48.555,0.0,10.77
2020-09-09 03:00:56,17.48,3.465,6.78,33.03,44.415,0.0,11.7
2020-09-09 04:00:56,21.07,3.685,6.580000000000001,35.974999999999994,48.26500000000001,0.0,10.89
2020-09-09 05:00:56,26.273333333333333,6.989999999999999,7.164999999999999,44.294999999999995,62.44,0.0,9.3
2020-09-09 06:00:56,35.75,12.64,8.465,46.355,67.2,0.0,8.62
2020-09-09 07:00:56,43.11000000000001,18.975,8.715,46.185,70.91,0.0,7.15
2020-09-09 08:00:56,59.29666666666667,31.435,10.235,47.0,78.895,0.0,6.39
2020-09-09 09:00:56,83.48,44.04,16.575,51.379999999999995,89.24000000000001,0.0,6.77
2020-09-09 10:00:56,92.36666666666667,40.73,11.39,61.824999999999996,91.87,0.0,8.33
2020-09-09 11:00:56,74.8,25.554999999999996,9.335,61.580000000000005,94.10000000000001,0.0,7.93
2020-09-09 12:00:56,43.17,13.14,8.335,59.25,89.085,0.0,8.66
2020-09-09 13:00:56,34.56333333333333,8.34,7.989999999999999,56.81,83.4,0.0,10.72
2020-09-09 14:00:56,27.843333333333334,5.255,7.830000000000001,54.365,78.97,0.0,10.6
2020-09-09 15:00:56,22.82333333333333,3.545,7.505,49.07,68.88499999999999,0.0,12.65
2020-09-09 16:00:56,26.19333333333333,5.055,7.745,55.93,88.75,0.0,10.31
2020-09-09 17:00:56,25.05,4.435,8.11,59.585,89.71,0.0,8.9
2020-09-09 18:00:56,38.67333333333333,3.9249999999999994,8.040000000000001,57.155,83.15,0.0,10.83
2020-09-09 19:00:56,43.09,6.09,7.465,54.379999999999995,74.73,0.0,9.93
2020-09-09 20:00:56,52.14666666666667,5.295,6.96,50.48,65.33999999999999,0.0,12.2
2020-09-09 21:00:56,57.7,6.41,7.06,44.095,56.98,0.0,13.19
2020-09-09 22:00:56,56.47666666666667,10.075,7.140000000000001,47.89000000000001,71.245,0.0,8.92
2020-09-09 23:00:56,56.76,11.5,7.325,47.830000000000005,63.98500000000001,0.0,10.99
2020-09-10 00:00:56,54.870000000000005,11.18,7.31,40.395,51.870000000000005,0.0,11.28
2020-09-10 01:00:56,51.916666666666664,12.815,7.075,31.885,43.395,0.0,9.93
2020-09-10 02:00:56,47.99,9.56,7.065,24.665000000000003,32.63,0.0,12.49
2020-09-10 03:00:56,45.3,12.94,7.22,28.110000000000003,35.68,0.0,12.37
2020-09-10 04:00:56,44.81,21.74,7.219999999999999,26.060000000000002,30.98,0.0,13.29
2020-09-10 05:00:56,41.443333333333335,20.86,7.080000000000001,29.24,35.845,0.0,12.33
2020-09-10 06:00:56,46.916666666666664,12.93,7.04,30.899999999999995,37.440000000000005,0.0,10.82
2020-09-10 07:00:56,47.80666666666667,12.385,7.1000000000000005,28.63,38.375,0.0,9.82
2020-09-10 08:00:56,49.25666666666667,10.26,7.035,33.43,41.91,0.0,9.6
2020-09-10 09:00:56,53.156666666666666,9.02,6.800000000000001,33.835,42.96,0.0,10.94
2020-09-10 10:00:56,54.620000000000005,7.09,6.855,34.255,42.605,0.0,11.39
2020-09-10 11:00:56,49.93,12.545,7.215,42.794999999999995,56.5,0.0,10.26
2020-09-10 12:00:56,35.32,11.300000000000002,4.02,45.315,59.01500000000001,0.0,12.29
2020-09-10 13:00:56,26.939999999999998,6.695,3.97,47.22,61.77,0.0,13.0
2020-09-10 14:00:56,25.55666666666667,3.91,3.9450000000000003,52.080000000000005,70.24000000000001,0.0,13.41
2020-09-10 15:00:56,34.82666666666667,2.7449999999999997,7.800000000000001,50.97,71.43,0.0,12.95
2020-09-10 16:00:56,32.44,3.51,8.23,51.160000000000004,73.43,0.0,13.24
2020-09-10 17:00:56,33.84666666666667,5.755,8.115,52.4,75.625,0.0,12.94
2020-09-10 18:00:56,36.29333333333334,4.695,7.98,46.355,59.715,0.0,14.76
2020-09-10 19:00:56,44.13333333333333,8.02,7.69,43.305,54.59,0.0,11.76
2020-09-10 20:00:56,45.79,7.205000000000001,6.984999999999999,40.155,50.24,0.0,12.48
2020-09-10 21:00:56,38.29333333333334,12.589999999999998,7.12,36.79,45.379999999999995,0.0,13.62
2020-09-10 22:00:56,42.24,16.095,7.294999999999999,32.085,38.97,0.0,14.09
2020-09-10 23:00:56,35.03333333333333,11.205,7.195,33.050000000000004,43.71,0.0,11.49
2020-09-11 00:00:56,32.666666666666664,7.625,7.055,33.735,49.49,0.0,10.16
2020-09-11 01:00:56,32.95,6.525000000000001,7.275000000000001,36.715,50.105,0.0,9.41
2020-09-11 02:00:56,34.35666666666667,9.61,8.0,41.385,57.98499999999999,0.0,9.8
2020-09-11 03:00:56,35.84,10.445,8.15,43.855,62.945,0.0,7.22
2020-09-11 04:00:56,43.44333333333333,10.385,9.22,47.43,67.58,0.0,6.98
2020-09-11 05:00:56,39.94,10.325,9.025,50.44,72.08999999999999,0.0,6.65
2020-09-11 06:00:56,58.343333333333334,18.44,8.825000000000001,46.900000000000006,65.29,0.0,6.45
2020-09-11 07:00:56,70.08666666666667,38.945,8.67,45.79,66.265,0.0,7.34
2020-09-11 08:00:56,70.26666666666667,39.435,12.225000000000001,44.84,73.37,0.0,6.6
2020-09-11 09:00:56,95.9,46.21,14.575000000000001,50.28,78.415,0.0,5.85
2020-09-11 10:00:56,95.09,49.525,10.32,56.76500000000001,84.97,0.0,6.69
2020-09-11 11:00:56,87.36666666666667,42.2,9.465,57.91,83.35,0.0,7.24
2020-09-11 12:00:56,71.30333333333334,26.804999999999996,8.83,54.01,73.64999999999999,0.0,9.35
2020-09-11 13:00:56,56.84,14.455,8.28,58.27,83.28500000000001,0.0,8.77
2020-09-11 14:00:56,49.086666666666666,8.085,9.11,60.45000000000001,89.685,0.0,8.85
2020-09-11 15:00:56,40.82,4.94,9.44,62.75,95.36,0.0,9.75
2020-09-11 16:00:56,38.053333333333335,3.535,8.805,65.495,113.25999999999999,0.0,9.29
2020-09-11 17:00:56,39.06666666666667,5.625,8.76,66.525,114.23500000000001,0.0,9.02
2020-09-11 18:00:56,44.52,4.86,8.47,59.345,99.165,0.0,9.01
2020-09-11 19:00:56,37.53333333333333,8.25,5.28,50.57,74.875,0.0,8.78
2020-09-11 20:00:56,38.99,14.04,4.82,45.155,64.02,0.0,8.94
2020-09-11 21:00:56,43.233333333333334,12.13,3.955,39.25,51.445,0.0,9.78
2020-09-11 22:00:56,48.37,9.43,3.69,34.065,42.415,0.0,10.68
2020-09-11 23:00:56,43.843333333333334,13.395000000000001,3.78,35.285,50.23500000000001,0.0,8.47
2020-09-12 00:00:56,36.526666666666664,11.99,3.875,39.32,58.095,0.0,8.79
2020-09-12 01:00:56,26.71,7.31,4.185,30.5,44.68000000000001,0.0,10.27
2020-09-12 02:00:56,21.29,5.285,4.165,29.295,45.925000000000004,0.0,9.26
2020-09-12 03:00:56,24.12,6.405,4.17,25.72,36.035,0.0,10.46
2020-09-12 04:00:56,24.883333333333336,12.75,4.185,15.07,20.58,0.0,9.48
2020-09-12 05:00:56,20.823333333333334,11.300000000000002,3.9800000000000004,18.47,26.075,0.0,9.99
2020-09-12 06:00:56,15.126666666666665,0.0,4.16,11.99,15.655,0.0,10.5
2020-09-12 07:00:56,19.983333333333334,13.655,4.165,12.14,16.745,0.0,8.88
2020-09-12 08:00:56,18.223333333333333,10.55,4.35,18.955,36.955,0.0,6.94
2020-09-12 09:00:56,28.633333333333333,7.224999999999999,4.32,20.645,44.705000000000005,0.0,6.66
2020-09-12 10:00:56,30.72666666666667,4.7,4.225,28.169999999999998,60.605,0.0,6.75
2020-09-12 11:00:56,24.936666666666667,4.67,4.39,36.89,66.565,0.0,6.69
2020-09-12 12:00:56,31.5,9.52,4.705,43.129999999999995,80.83,0.0,6.69
2020-09-12 13:00:56,25.313333333333333,8.355,5.03,43.580000000000005,70.95,0.0,12.25
2020-09-12 14:00:56,24.786666666666665,7.830000000000001,5.794999999999999,39.625,71.14,0.0,10.43
2020-09-12 15:00:56,38.39666666666667,9.315,6.294999999999999,46.5,99.305,0.0,6.48
2020-09-12 16:00:56,46.96,6.995,6.039999999999999,42.830000000000005,83.09500000000001,0.0,11.62
2020-09-12 17:00:56,42.68333333333334,3.77,5.614999999999999,42.73,83.255,0.0,11.17
2020-09-12 18:00:56,45.49333333333334,9.14,8.84,48.49,82.36500000000001,0.0,12.13
2020-09-12 19:00:56,52.52333333333334,13.79,8.155,44.975,70.125,0.0,11.05
2020-09-12 20:00:56,75.97333333333334,10.27,8.015,47.5,81.58999999999999,0.0,8.37
2020-09-12 21:00:56,66.23,14.275,7.77,45.754999999999995,90.665,0.0,7.67
2020-09-12 22:00:56,56.8,16.86,7.31,47.565,104.46499999999999,0.0,5.41
2020-09-12 23:00:56,62.81333333333333,13.11,7.739999999999999,48.925000000000004,106.72000000000001,0.0,7.18
2020-09-13 00:00:56,72.35666666666667,12.04,7.7250000000000005,48.11000000000001,101.44,0.0,7.58
2020-09-13 01:00:56,81.70333333333333,8.805,7.795000000000001,44.715,100.765,0.0,5.94
2020-09-13 02:00:56,89.27,11.32,8.225,50.754999999999995,91.53500000000001,0.0,7.83
2020-09-13 03:00:56,80.85,11.445,8.335,45.54,79.08,0.0,9.25
2020-09-13 04:00:56,64.5,10.535,8.09,41.15,85.97000000000001,0.0,6.61
2020-09-13 05:00:56,53.35,14.755,8.065,44.525000000000006,83.47,0.0,7.76
2020-09-13 06:00:56,49.62,14.675000000000002,8.395,44.54,75.175,0.0,9.1
2020-09-13 07:00:56,50.24666666666667,13.555,8.375,42.055,69.42,0.0,6.31
2020-09-13 08:00:56,51.42,14.335,8.365,37.370000000000005,54.550000000000004,0.0,8.08
2020-09-13 09:00:56,49.61666666666667,17.41,8.365,33.44,52.5,0.0,7.31
2020-09-13 10:00:56,45.85666666666667,14.58,8.065,33.849999999999994,59.51,0.0,5.95
2020-09-13 11:00:56,55.93333333333334,11.015,8.11,33.425000000000004,45.76500000000001,0.0,8.5
2020-09-13 12:00:56,57.843333333333334,12.305,8.28,36.54,56.919999999999995,0.0,8.86
2020-09-13 13:00:56,55.29,10.555,8.33,45.955000000000005,89.33999999999999,0.0,6.68
2020-09-13 14:00:56,49.053333333333335,6.715,9.450000000000001,47.875,98.01,0.0,8.49
2020-09-13 15:00:56,39.70333333333333,4.225,9.96,47.725,93.28500000000001,0.0,11.0
2020-09-13 16:00:56,41.49,6.224999999999999,9.865,47.23,117.665,0.0,7.18
2020-09-13 17:00:56,51.29333333333334,9.41,10.055,45.495000000000005,113.935,0.0,5.86
2020-09-13 18:00:56,56.25333333333333,12.729999999999999,9.585,45.39000000000001,88.58,0.0,8.65
2020-09-13 19:00:56,69.96,13.714999999999998,9.200000000000001,36.49,68.105,0.0,7.23
2020-09-13 20:00:56,70.91666666666667,16.785,8.66,34.02,62.074999999999996,0.0,6.91
2020-09-13 21:00:56,61.18,14.58,8.01,35.11,54.870000000000005,0.0,6.93
2020-09-13 22:00:56,56.72333333333333,15.385,7.96,33.165,55.169999999999995,0.0,6.35
2020-09-13 23:00:56,42.09,11.975,7.955000000000001,33.43,48.625,0.0,7.84
2020-09-14 00:00:56,36.35333333333333,9.41,8.104999999999999,31.88,51.870000000000005,0.0,7.45
2020-09-14 01:00:56,29.46666666666667,8.465,7.984999999999999,32.32,48.050000000000004,0.0,7.4
2020-09-14 02:00:56,26.483333333333334,8.895,7.875,30.145,46.85,0.0,6.25
2020-09-14 03:00:56,28.259999999999998,10.81,7.780000000000001,28.905,41.544999999999995,0.0,8.25
2020-09-14 04:00:56,31.12,0.0,8.015,31.055000000000003,47.285,0.0,7.87
2020-09-14 05:00:56,35.6,12.28,7.495,33.845,54.745000000000005,0.0,7.48
2020-09-14 06:00:56,36.85666666666667,11.699999999999998,7.245,31.48,54.98500000000001,0.0,6.31
2020-09-14 07:00:56,36.446666666666665,10.975,7.47,30.115,57.19499999999999,0.0,5.53
2020-09-14 08:00:56,58.13333333333333,17.795,7.93,25.325,76.165,0.0,5.08
2020-09-14 09:00:56,69.60666666666667,22.465,8.61,37.54,91.25999999999999,0.0,5.91
2020-09-14 10:00:56,88.67666666666666,18.535,9.0,46.445,94.50999999999999,0.0,5.77
2020-09-14 11:00:56,84.47,16.485,9.435,46.415,88.735,0.0,6.17
2020-09-14 12:00:56,61.7,13.995,8.05,44.975,83.0,0.0,7.71
2020-09-14 13:00:56,49.93666666666667,9.025,7.7250000000000005,42.98,83.515,0.0,7.89
2020-09-14 14:00:56,40.26333333333333,5.27,8.4,41.63999999999999,86.09999999999998,0.0,8.49
2020-09-14 15:00:56,38.72333333333333,4.67,8.515,42.09,75.485,0.0,10.58
2020-09-14 16:00:56,37.03666666666667,3.845,8.545,41.94,71.21,0.0,10.77
2020-09-14 17:00:56,46.50333333333333,2.85,8.415,39.795,66.7,0.0,9.56
2020-09-14 18:00:56,53.96666666666667,4.635,7.995000000000001,40.405,68.21,0.0,10.17
2020-09-14 19:00:56,46.50333333333333,7.53,7.535,44.23,74.535,0.0,10.53
2020-09-14 20:00:56,42.42333333333333,12.160000000000002,7.085,42.97,71.825,0.0,9.35
2020-09-14 21:00:56,51.513333333333335,11.07,6.835,39.265,74.41,0.0,7.89
2020-09-14 22:00:56,48.43666666666667,7.445,6.97,38.14,58.425000000000004,0.0,9.85
2020-09-14 23:00:56,42.24333333333333,8.7,7.010000000000001,35.72,54.794999999999995,0.0,10.21
2020-09-15 00:00:56,41.12,9.15,6.97,33.535,56.24,0.0,7.77
2020-09-15 01:00:56,34.346666666666664,8.94,6.765000000000001,33.9,46.115,0.0,11.38
2020-09-15 02:00:56,34.95333333333333,6.95,7.035,33.14,43.79,0.0,13.17
2020-09-15 03:00:56,31.866666666666664,5.5,7.09,34.585,50.48499999999999,0.0,10.04
2020-09-15 04:00:56,24.123333333333335,0.0,7.27,35.42,49.214999999999996,0.0,12.2
2020-09-15 05:00:56,31.506666666666664,7.0,7.555,37.055,51.57,0.0,13.3
2020-09-15 06:00:56,26.236666666666665,4.335,9.34,39.06,50.550000000000004,0.0,13.42
2020-09-15 07:00:56,41.82333333333333,6.625,9.49,40.645,50.199999999999996,0.0,14.23
2020-09-15 08:00:56,58.343333333333334,11.405,10.125,40.92,73.29,0.0,7.22
2020-09-15 09:00:56,63.67333333333334,11.555,10.4,49.20000000000001,65.07499999999999,0.0,10.79
2020-09-15 10:00:56,63.7,7.34,8.2,42.885,56.41,0.0,13.45
2020-09-15 11:00:56,55.263333333333335,4.69,8.155,42.745000000000005,60.365,0.0,11.19
2020-09-15 12:00:56,47.47666666666667,6.71,8.049999999999999,42.19,53.635,0.0,16.29
2020-09-15 13:00:56,44.86333333333334,5.925,7.895,47.155,60.74,0.0,19.83
2020-09-15 14:00:56,40.74666666666667,6.09,8.245,51.01,70.03,0.0,19.0
2020-09-15 15:00:56,33.806666666666665,4.815,8.965,51.70000000000001,71.965,0.0,18.39
2020-09-15 16:00:56,35.300000000000004,4.6,8.89,52.435,72.97500000000001,0.0,20.23
2020-09-15 17:00:56,41.78333333333333,7.525000000000001,8.865,56.885,83.605,0.0,15.99
2020-09-15 18:00:56,50.1,8.61,8.745,56.53,81.59,0.0,13.76
2020-09-15 19:00:56,57.44,11.065,8.524999999999999,53.335,70.07,0.0,14.8
2020-09-15 20:00:56,62.64666666666667,9.72,7.800000000000001,49.120000000000005,60.669999999999995,0.0,17.02
2020-09-15 21:00:56,59.59,6.06,7.614999999999999,37.915,44.29,0.0,21.94
2020-09-15 22:00:56,59.06333333333333,13.015,7.734999999999999,40.42,49.975,0.0,18.28
2020-09-15 23:00:56,54.056666666666665,11.729999999999999,8.05,42.305,50.830000000000005,0.0,19.17
2020-09-16 00:00:56,42.986666666666665,7.31,8.14,38.625,46.085,0.0,24.13
2020-09-16 01:00:56,42.28666666666667,5.64,8.055,37.085,43.435,0.0,25.48
2020-09-16 02:00:56,44.52,9.49,8.285,37.525,43.715,0.0,24.76
2020-09-16 03:00:56,46.096666666666664,10.945,11.195,44.955000000000005,52.065,0.0,21.07
2020-09-16 04:00:56,55.57,11.275,12.685000000000002,48.81,55.675000000000004,0.0,18.92
2020-09-16 05:00:56,56.096666666666664,8.745,10.525,50.824999999999996,57.92499999999999,0.0,16.57
2020-09-16 06:00:56,70.35666666666667,13.25,11.835,52.04,60.57,0.0,8.81
2020-09-16 07:00:56,81.67,29.69,12.83,52.919999999999995,64.44,0.0,9.24
2020-09-16 08:00:56,87.08,41.665,10.94,49.85999999999999,78.1,0.0,6.76
2020-09-16 09:00:56,93.35,51.669999999999995,13.1,57.96,101.71499999999999,0.0,8.86
2020-09-16 10:00:56,99.54,41.66,9.35,62.74,78.425,0.0,13.85
2020-09-16 11:00:56,70.68333333333334,27.44,7.699999999999999,62.835,75.535,0.0,14.84
2020-09-16 12:00:56,48.803333333333335,16.715,7.445,58.26,69.125,0.0,16.29
2020-09-16 13:00:56,40.05,11.275,7.355,52.59,61.73499999999999,0.0,19.02
2020-09-16 14:00:56,36.083333333333336,7.335,7.664999999999999,51.335,61.435,0.0,18.94
2020-09-16 15:00:56,32.443333333333335,4.53,8.16,55.375,67.565,0.0,19.56
2020-09-16 16:00:56,32.85333333333333,5.22,8.299999999999999,58.165,70.77499999999999,0.0,20.15
2020-09-16 17:00:56,32.36333333333334,4.215,8.05,71.13,88.84499999999998,0.0,13.29
2020-09-16 18:00:56,40.18666666666667,2.75,7.87,65.425,81.325,0.0,12.79
2020-09-16 19:00:56,53.61000000000001,4.975,7.489999999999999,62.75,78.33,0.0,11.25
2020-09-16 20:00:56,52.21666666666667,7.515,6.945,52.044999999999995,64.05499999999999,0.0,11.11
2020-09-16 21:00:56,53.42333333333334,9.13,6.97,39.815,47.47,0.0,16.26
2020-09-16 22:00:56,50.86333333333334,10.035,6.855,45.475,57.51500000000001,0.0,11.37
2020-09-16 23:00:56,42.95333333333333,13.21,6.965,44.330000000000005,58.865,0.0,10.05
2020-09-17 00:00:56,37.14333333333333,10.23,7.010000000000001,36.875,42.815,0.0,19.31
2020-09-17 01:00:56,28.126666666666665,8.165,6.875,40.03,47.35,0.0,17.53
2020-09-17 02:00:56,24.626666666666665,5.915,7.525000000000001,45.550000000000004,52.625,0.0,15.43
2020-09-17 03:00:56,28.156666666666666,3.3699999999999997,9.215,47.465,56.16,0.0,13.08
2020-09-17 04:00:56,34.306666666666665,5.275,8.91,49.105,58.585,0.0,8.75
2020-09-17 05:00:56,41.973333333333336,6.96,8.43,48.919999999999995,65.04,0.0,6.81
2020-09-17 06:00:56,42.22666666666667,16.965,10.43,48.73500000000001,62.09,0.0,5.36
2020-09-17 07:00:56,44.74333333333333,19.76,10.14,43.195,62.495000000000005,0.0,5.84
2020-09-17 08:00:56,51.910000000000004,15.155,16.86,33.73,84.69,0.0,6.19
2020-09-17 09:00:56,76.82666666666667,20.83,16.1,50.870000000000005,88.67500000000001,0.0,7.29
2020-09-17 10:00:56,80.67333333333333,23.56,11.285000000000002,60.224999999999994,89.13499999999999,0.0,7.16
2020-09-17 11:00:56,72.21333333333334,18.49,9.265,64.615,83.985,0.0,11.22
2020-09-17 12:00:56,63.63666666666666,14.964999999999998,8.25,59.67499999999999,72.235,0.0,17.91
2020-09-17 13:00:56,46.80666666666667,9.89,8.33,54.59,65.61,0.0,20.27
2020-09-17 14:00:56,33.39,5.635000000000001,8.73,66.095,80.47500000000001,0.0,19.11
2020-09-17 15:00:56,23.263333333333332,3.53,9.49,70.95,86.77,0.0,17.79
2020-09-17 16:00:56,18.82333333333333,4.71,9.62,74.325,94.96499999999999,0.0,17.22
2020-09-17 17:00:56,20.19333333333333,0.0,9.445,78.7,101.38,0.0,12.95
2020-09-17 18:00:56,27.38333333333333,8.875,8.69,77.765,100.455,0.0,10.81
2020-09-17 19:00:56,40.47,6.81,10.18,89.415,119.95,0.0,6.67
2020-09-17 20:00:56,71.66,7.32,10.68,96.39999999999999,187.17999999999998,0.0,4.25
2020-09-17 21:00:56,100.97333333333334,7.675,9.705,75.67500000000001,173.205,0.0,4.38
2020-09-17 22:00:56,117.65,15.0,15.729999999999999,53.199999999999996,180.275,0.0,4.94
2020-09-17 23:00:56,128.17666666666668,20.23,17.835,56.865,181.725,0.0,4.52
2020-09-18 00:00:56,112.31333333333333,14.12,13.149999999999999,52.155,68.785,0.0,4.79
2020-09-18 01:00:56,101.68333333333334,17.01,15.030000000000001,53.495000000000005,70.665,0.0,5.29
2020-09-18 02:00:56,99.3,18.21,14.795000000000002,53.225,152.765,0.0,5.35
2020-09-18 03:00:56,85.52333333333334,17.685,13.015,60.60999999999999,122.56,0.0,5.96
2020-09-18 04:00:56,72.22666666666666,15.445,12.82,50.38499999999999,122.065,0.0,5.37
2020-09-18 05:00:56,56.76,12.195,10.985,58.03999999999999,112.40000000000002,0.0,5.69
2020-09-18 06:00:56,55.73666666666667,12.515,12.485,57.44,104.335,0.0,6.55
2020-09-18 07:00:56,50.31666666666667,13.65,10.65,49.78999999999999,103.47500000000001,0.0,5.47
2020-09-18 08:00:56,59.193333333333335,14.125,10.415,44.925000000000004,119.87,0.0,4.89
2020-09-18 09:00:56,63.736666666666665,16.79,16.975,48.5,123.31,0.0,5.14
2020-09-18 10:00:56,89.99000000000001,22.435,14.759999999999998,71.45,111.29,0.0,6.11
2020-09-18 11:00:56,86.42666666666666,18.025,9.71,72.38,94.78500000000001,0.0,13.83
2020-09-18 12:00:56,64.93666666666667,14.585,8.6,84.13499999999999,106.06,0.0,15.91
2020-09-18 13:00:56,46.94333333333333,10.245,8.174999999999999,94.14,113.56,0.0,17.69
2020-09-18 14:00:56,38.486666666666665,7.05,8.735,98.765,115.705,0.0,19.05
2020-09-18 15:00:56,36.38666666666666,4.655,7.955000000000001,97.61,112.855,0.0,17.21
2020-09-18 16:00:56,50.68,3.07,7.02,94.705,109.61,0.0,15.17
2020-09-18 17:00:56,52.17666666666667,3.1749999999999994,6.88,96.605,112.12,0.0,13.57
2020-09-18 18:00:56,55.74666666666667,7.845,6.94,96.495,111.94,0.0,13.56
2020-09-18 19:00:56,67.42333333333333,6.919999999999999,7.305,73.045,85.28,0.0,11.22
2020-09-18 20:00:56,89.62333333333333,14.165,6.7,44.025000000000006,53.31,0.0,11.27
2020-09-18 21:00:56,77.91666666666666,14.525,6.305,35.66,43.77,0.0,10.55
2020-09-18 22:00:56,67.94666666666666,19.38,2.85,29.265,35.73,0.0,11.13
2020-09-18 23:00:56,55.97,15.949999999999998,2.635,24.430000000000003,30.235,0.0,11.63
2020-09-19 00:00:56,41.97,10.415,2.78,23.385,29.070000000000004,0.0,10.64
2020-09-19 01:00:56,35.836666666666666,0.0,2.905,23.615,29.235,0.0,10.99
2020-09-19 02:00:56,31.230000000000004,0.0,10.59,27.430000000000003,34.395,0.0,9.03
2020-09-19 03:00:56,30.3,0.0,12.774999999999999,26.13,36.16,0.0,8.15
2020-09-19 04:00:56,35.26,14.300000000000002,12.635,29.905,40.165,0.0,8.34
2020-09-19 05:00:56,30.77,13.835,12.79,36.66,46.845,0.0,8.85
2020-09-19 06:00:56,25.85333333333333,10.82,13.005,33.125,41.63,0.0,9.66
2020-09-19 07:00:56,26.27,9.075,13.030000000000001,31.435000000000002,39.24,0.0,9.77
2020-09-19 08:00:56,21.326666666666668,7.14,13.049999999999999,37.1,50.565,0.0,8.31
2020-09-19 09:00:56,31.85666666666667,8.71,13.14,38.305,54.855,0.0,7.57
2020-09-19 10:00:56,43.43,11.995,12.995,39.61000000000001,62.16,0.0,7.46
2020-09-19 11:00:56,45.74333333333333,10.295,12.805,44.925000000000004,70.165,0.0,8.0
2020-09-19 12:00:56,34.62,6.599999999999999,12.555,46.830000000000005,70.925,0.0,9.99
2020-09-19 13:00:56,33.483333333333334,4.68,12.979999999999999,45.830000000000005,65.245,0.0,12.03
2020-09-19 14:00:56,35.27,3.275,13.475000000000001,46.73499999999999,69.94,0.0,12.13
2020-09-19 15:00:56,35.13,3.6300000000000003,13.625,46.185,69.57499999999999,0.0,12.7
2020-09-19 16:00:56,32.10666666666667,5.805,10.33,45.69,74.08,0.0,12.1
2020-09-19 17:00:56,35.18666666666667,5.875,10.36,46.06,73.72500000000001,0.0,9.93
2020-09-19 18:00:56,49.45333333333333,3.615,10.055,42.965,61.095,0.0,9.77
2020-09-19 19:00:56,35.666666666666664,4.805,5.789999999999999,38.845,50.87,0.0,10.92
2020-09-19 20:00:56,37.723333333333336,7.84,5.960000000000001,32.185,40.74,0.0,12.79
2020-09-19 21:00:56,35.53333333333333,7.09,9.815,26.804999999999996,33.47,0.0,14.13
2020-09-19 22:00:56,32.836666666666666,4.14,9.75,25.205,31.72,0.0,12.34
2020-09-19 23:00:56,26.049999999999997,6.27,9.69,25.415000000000003,32.42,0.0,11.63
2020-09-20 00:00:56,21.09,5.39,9.82,25.645,33.199999999999996,0.0,10.96
2020-09-20 01:00:56,14.893333333333333,3.0400000000000005,9.525,27.560000000000002,37.85,0.0,9.71
2020-09-20 02:00:56,13.486666666666666,1.74,9.82,27.515,35.535,0.0,10.63
2020-09-20 03:00:56,12.35,2.435,9.745,27.415000000000003,36.385,0.0,10.55
2020-09-20 04:00:56,11.836666666666668,2.435,9.76,28.205,36.425000000000004,0.0,11.96
2020-09-20 05:00:56,15.616666666666667,3.1749999999999994,9.84,25.635,32.615,0.0,13.14
2020-09-20 06:00:56,11.983333333333334,2.885,10.07,25.265,31.575,0.0,13.62
2020-09-20 07:00:56,9.41,1.705,10.015,29.09,38.965,0.0,10.77
2020-09-20 08:00:56,4.576666666666667,1.5650000000000002,10.005,30.31,41.44,0.0,10.08
2020-09-20 09:00:56,7.550000000000001,1.24,9.865,31.8,44.165,0.0,10.39
2020-09-20 10:00:56,12.79,2.145,10.025,32.695,47.085,0.0,11.61
2020-09-20 11:00:56,13.15,5.12,9.765,34.69,46.395,0.0,11.33
2020-09-20 12:00:56,11.023333333333333,4.695,9.895,33.595,44.955000000000005,0.0,13.93
2020-09-20 13:00:56,13.63,2.635,9.295,32.985,44.23,0.0,12.62
2020-09-20 14:00:56,19.453333333333333,1.715,9.175,35.625,47.629999999999995,0.0,13.51
2020-09-20 15:00:56,24.37,1.2,9.375,34.07,44.900000000000006,0.0,15.23
2020-09-20 16:00:56,21.21333333333333,1.17,9.3,35.835,50.865,0.0,11.67
2020-09-20 17:00:56,31.62,1.745,9.31,33.04,42.93,0.0,13.75
2020-09-20 18:00:56,38.62,4.56,9.14,30.31,38.515,0.0,14.38
2020-09-20 19:00:56,39.96666666666667,4.91,9.185,30.41,39.28,0.0,12.84
2020-09-20 20:00:56,32.33,6.785,9.45,28.91,36.495000000000005,0.0,13.4
2020-09-20 21:00:56,26.509999999999998,7.71,9.425,25.724999999999998,31.814999999999998,0.0,15.3
2020-09-20 22:00:56,22.563333333333333,7.36,9.424999999999999,24.929999999999996,30.725000000000005,0.0,16.32
2020-09-20 23:00:56,18.163333333333334,8.485,9.415,27.45,34.54,0.0,14.06
2020-09-21 00:00:56,18.593333333333334,6.415,9.575,27.17,33.935,0.0,14.49
2020-09-21 01:00:56,14.77,3.84,9.345,27.505,34.07,0.0,15.01
2020-09-21 02:00:56,14.15,5.205,9.545,27.5,34.449999999999996,0.0,14.23
2020-09-21 03:00:56,15.046666666666667,4.71,9.42,26.084999999999997,32.055,0.0,15.07
2020-09-21 04:00:56,14.336666666666668,3.92,9.375,27.58,34.375,0.0,14.87
2020-09-21 05:00:56,11.1,0.0,9.48,25.7,32.29,0.0,16.15
2020-09-21 06:00:56,10.373333333333333,0.0,9.55,25.599999999999998,31.715,0.0,16.61
2020-09-21 07:00:56,13.64,3.7449999999999997,9.58,27.535,34.565,0.0,15.34
2020-09-21 08:00:56,13.646666666666667,2.775,9.49,31.380000000000006,41.68,0.0,12.23
2020-09-21 09:00:56,18.013333333333332,2.13,9.4,34.17,46.495,0.0,10.59
2020-09-21 10:00:56,23.523333333333333,5.415,9.47,33.22,41.755,0.0,12.83
2020-09-21 11:00:56,21.18,6.535,9.32,33.05,40.925000000000004,0.0,12.34
2020-09-21 12:00:56,17.5,4.27,9.299999999999999,34.199999999999996,45.54,0.0,10.85
2020-09-21 13:00:56,13.99,3.125,9.145000000000001,39.495000000000005,54.855,0.0,9.62
2020-09-21 14:00:56,20.28333333333333,2.425,9.285,39.085,52.505,0.0,10.5
2020-09-21 15:00:56,21.82,3.97,9.365,39.885,53.59,0.0,12.07
2020-09-21 16:00:56,25.473333333333333,3.4500000000000006,9.48,42.120000000000005,57.26000000000001,0.0,10.3
2020-09-21 17:00:56,23.85,6.81,9.51,40.15,54.565,0.0,9.8
2020-09-21 18:00:56,25.17,5.96,9.7,39.865,54.22,0.0,9.03
2020-09-21 19:00:56,30.823333333333334,6.055,9.450000000000001,39.115,51.75,0.0,10.29
2020-09-21 20:00:56,32.97333333333333,5.650000000000001,9.725,39.46,51.635,0.0,10.21
2020-09-21 21:00:56,26.386666666666667,4.985,9.765,36.335,46.85,0.0,12.06
2020-09-21 22:00:56,24.89,3.65,9.665000000000001,33.64,42.27,0.0,12.93
2020-09-21 23:00:56,25.67,2.345,9.65,29.885,37.135,0.0,14.15
2020-09-22 00:00:56,25.173333333333332,5.974999999999999,9.705,28.605,35.595,0.0,13.95
2020-09-22 01:00:56,24.28333333333333,5.315,9.675,28.63,36.47,0.0,12.72
2020-09-22 02:00:56,18.646666666666665,3.275,9.59,28.224999999999998,34.86,0.0,14.69
2020-09-22 03:00:56,17.89,3.6300000000000003,9.765,33.24,42.41,0.0,10.76
2020-09-22 04:00:56,14.066666666666666,0.0,9.77,34.775,45.135,0.0,10.65
2020-09-22 05:00:56,11.36,0.0,9.835,38.44,49.36000000000001,0.0,9.44
2020-09-22 06:00:56,20.226666666666667,5.27,9.93,37.41,46.5,0.0,9.9
2020-09-22 07:00:56,20.453333333333333,4.135,10.09,37.46,46.555,0.0,11.11
2020-09-22 08:00:56,17.153333333333332,2.68,10.155,37.96,48.26,0.0,10.45
2020-09-22 09:00:56,25.85,6.294999999999999,9.854999999999999,37.805,57.76,0.0,8.14
2020-09-22 10:00:56,33.49,9.36,10.17,41.294999999999995,65.50999999999999,0.0,7.31
2020-09-22 11:00:56,36.63666666666666,6.864999999999999,10.23,42.585,64.17999999999999,0.0,7.32
2020-09-22 12:00:56,34.59666666666667,4.055,9.86,40.97,64.71,0.0,7.43
2020-09-22 13:00:56,27.263333333333332,2.29,9.725,44.74,66.84,0.0,10.06
2020-09-22 14:00:56,23.696666666666665,1.315,9.66,47.78,72.78,0.0,8.79
2020-09-22 15:00:56,25.286666666666665,4.525,9.89,47.77,72.045,0.0,11.13
2020-09-22 16:00:56,21.666666666666668,0.0,10.115,49.59,81.47,0.0,8.25
2020-09-22 17:00:56,24.093333333333334,6.98,10.145,49.525,83.07,0.0,8.32
2020-09-22 18:00:56,28.933333333333334,3.715,10.15,48.75,83.3,0.0,7.54
2020-09-22 19:00:56,34.693333333333335,4.29,9.834999999999999,50.15,77.595,0.0,7.62
2020-09-22 20:00:56,42.10333333333333,6.735,9.78,46.225,60.875,0.0,10.38
2020-09-22 21:00:56,33.31666666666666,7.830000000000001,9.56,36.865,46.76,0.0,14.39
2020-09-22 22:00:56,37.67333333333333,13.595,9.685,32.71,39.19,0.0,15.01
2020-09-22 23:00:56,37.57666666666667,11.36,9.69,31.505,38.645,0.0,13.67
2020-09-23 00:00:56,33.806666666666665,10.4,9.64,38.21,50.185,0.0,10.65
2020-09-23 01:00:56,32.973333333333336,15.074999999999998,9.835,39.28,51.85,0.0,9.64
2020-09-23 02:00:56,31.403333333333336,12.945,9.94,43.82500000000001,59.330000000000005,0.0,6.93
2020-09-23 03:00:56,31.92,7.75,10.52,46.595,61.48,0.0,6.83
2020-09-23 04:00:56,36.983333333333334,11.225,11.37,46.9,62.35,0.0,6.12
2020-09-23 05:00:56,50.28333333333333,16.705,11.915,45.285,63.495000000000005,0.0,6.68
2020-09-23 06:00:56,54.71,18.185,11.94,43.725,59.324999999999996,0.0,5.9
2020-09-23 07:00:56,52.47,32.155,11.454999999999998,40.98,61.775000000000006,0.0,5.57
2020-09-23 08:00:56,63.02,31.14,12.094999999999999,29.63,77.03500000000001,0.0,6.05
2020-09-23 09:00:56,68.61333333333333,33.08,19.84,33.965,86.58999999999999,0.0,5.47
2020-09-23 10:00:56,88.92999999999999,32.41,15.185,50.53,71.955,0.0,8.4
2020-09-23 11:00:56,82.51333333333334,31.0,12.135,48.35,64.515,0.0,12.19
2020-09-23 12:00:56,48.04333333333333,21.235,11.340000000000002,51.14000000000001,67.905,0.0,12.05
2020-09-23 13:00:56,40.15,11.339999999999998,11.15,54.16,70.645,0.0,14.63
2020-09-23 14:00:56,37.88,6.025000000000001,11.96,58.34,77.49,0.0,15.61
2020-09-23 15:00:56,35.81333333333333,3.28,11.969999999999999,56.705000000000005,76.32,0.0,18.86
2020-09-23 16:00:56,26.15,2.09,12.509999999999998,60.35999999999999,87.23,0.0,15.34
2020-09-23 17:00:56,26.706666666666667,5.205,12.240000000000002,61.31,92.27500000000002,0.0,8.0
2020-09-23 18:00:56,29.076666666666668,6.364999999999999,12.075000000000001,62.51499999999999,93.65500000000002,0.0,8.77
2020-09-23 19:00:56,43.70666666666667,9.62,11.495,62.294999999999995,86.995,0.0,11.57
2020-09-23 20:00:56,51.623333333333335,8.93,10.67,54.215,69.365,0.0,13.35
2020-09-23 21:00:56,60.303333333333335,8.945,10.655,44.919999999999995,54.9,0.0,13.94
2020-09-23 22:00:56,56.25,12.4,11.01,50.830000000000005,63.375,0.0,13.99
2020-09-23 23:00:56,37.10333333333334,9.705,11.020000000000001,46.85,56.565,0.0,14.69
2020-09-24 00:00:56,35.71333333333333,6.61,10.604999999999999,52.379999999999995,70.82499999999999,0.0,8.62
2020-09-24 01:00:56,32.63333333333333,5.349999999999999,10.865,54.745,70.13,0.0,8.46
2020-09-24 02:00:56,40.36,7.875,11.299999999999999,54.60999999999999,66.425,0.0,8.95
2020-09-24 03:00:56,36.42333333333333,8.845,12.089999999999998,50.07,63.199999999999996,0.0,7.83
2020-09-24 04:00:56,38.08,8.64,12.0,49.27,60.18,0.0,8.63
2020-09-24 05:00:56,40.51,10.265,12.020000000000001,47.77,61.254999999999995,0.0,7.53
2020-09-24 06:00:56,44.18000000000001,14.645000000000001,14.909999999999998,47.395,62.49,0.0,6.23
2020-09-24 07:00:56,64.43666666666667,12.235,14.174999999999999,39.655,64.785,0.0,6.16
2020-09-24 08:00:56,69.24666666666667,24.899999999999995,20.07,28.83,99.705,0.0,5.58
2020-09-24 09:00:56,83.10666666666667,28.725000000000005,19.985,50.324999999999996,78.985,0.0,6.73
2020-09-24 10:00:56,97.83666666666667,26.77,13.420000000000002,54.305,70.89,0.0,9.11
2020-09-24 11:00:56,76.8,23.83,12.564999999999998,58.07500000000001,76.97,0.0,9.74
2020-09-24 12:00:56,62.0,20.385,11.765,59.225,74.05,0.0,15.28
2020-09-24 13:00:56,45.026666666666664,13.1,10.9,62.065,78.665,0.0,17.32
2020-09-24 14:00:56,35.626666666666665,7.04,11.21,63.535,80.835,0.0,17.54
2020-09-24 15:00:56,25.6,3.8699999999999997,11.839999999999998,63.47,81.005,0.0,20.76
2020-09-24 16:00:56,24.813333333333333,4.265,12.01,71.715,95.72500000000001,0.0,12.04
2020-09-24 17:00:56,33.08,5.845,12.075000000000001,72.135,96.59499999999998,0.0,10.37
2020-09-24 18:00:56,36.22,6.099999999999999,11.765,71.94,99.90500000000002,0.0,5.74
2020-09-24 19:00:56,43.86,11.61,11.505,89.555,154.21,0.0,5.99
2020-09-24 20:00:56,75.85333333333334,13.25,10.395000000000001,80.68,113.41000000000001,0.0,12.33
2020-09-24 21:00:56,83.91666666666666,14.775,10.385,70.3,94.94,0.0,11.35
2020-09-24 22:00:56,81.36,16.75,10.765,67.64,93.375,0.0,8.33
2020-09-24 23:00:56,66.23333333333333,14.725,11.115000000000002,63.67499999999999,92.69,0.0,6.49
2020-09-25 00:00:56,62.11666666666667,12.85,12.125,64.375,92.13499999999999,0.0,6.65
2020-09-25 01:00:56,65.72666666666666,17.125,11.424999999999999,59.59,88.34999999999998,0.0,5.65
2020-09-25 02:00:56,58.67,15.410000000000002,11.549999999999999,57.04,80.50999999999999,0.0,6.1
2020-09-25 03:00:56,56.20666666666667,15.28,11.329999999999998,54.085,78.57,0.0,5.78
2020-09-25 04:00:56,60.10333333333333,20.045,11.36,51.080000000000005,73.21,0.0,5.63
2020-09-25 05:00:56,54.01333333333333,17.74,11.490000000000002,49.875,74.08999999999999,0.0,6.09
2020-09-25 06:00:56,58.44,20.75,13.049999999999999,47.324999999999996,71.33,0.0,6.21
2020-09-25 07:00:56,68.50333333333333,36.735,12.755,47.71,73.335,0.0,6.68
2020-09-25 08:00:56,48.303333333333335,0.0,14.100000000000001,42.745,88.585,0.0,7.07
2020-09-25 09:00:56,68.94333333333333,0.0,13.94,44.81,89.38,0.0,6.98
2020-09-25 10:00:56,64.22,0.0,12.520000000000001,52.095,84.22500000000001,0.0,7.97
2020-09-25 11:00:56,148.92333333333335,49.995,12.954999999999998,48.595,60.849999999999994,0.0,15.22
2020-09-25 12:00:56,90.31666666666666,33.115,11.4,39.77,47.355,0.0,15.85
2020-09-25 13:00:56,65.7,19.69,11.235,40.49,50.94,0.0,11.54
2020-09-25 14:00:56,52.236666666666665,10.32,11.395000000000001,42.76500000000001,55.375,0.0,12.48
2020-09-25 15:00:56,42.68666666666667,10.770000000000001,11.17,44.32,66.9,0.0,8.47
2020-09-25 16:00:56,41.75666666666667,10.86,10.825000000000001,49.59,68.39,0.0,11.28
2020-09-25 17:00:56,37.473333333333336,7.5,10.770000000000001,50.77,72.14,0.0,10.68
2020-09-25 18:00:56,36.57,12.635,10.935,55.135,79.375,0.0,8.62
2020-09-25 19:00:56,34.06,11.15,11.08,57.345,87.90500000000002,0.0,6.53
2020-09-25 20:00:56,46.013333333333335,10.475,11.155000000000001,56.49,96.435,0.0,6.18
2020-09-25 21:00:56,58.086666666666666,11.295,11.06,45.16,101.265,0.0,5.21
2020-09-25 22:00:56,67.62333333333333,23.24,11.085,51.48,118.71999999999998,0.0,6.33
2020-09-25 23:00:56,69.13666666666667,18.995,11.525,54.785000000000004,112.55,0.0,6.62
2020-09-26 00:00:56,67.88,13.82,11.840000000000002,64.75,89.18,0.0,7.75
2020-09-26 01:00:56,73.74,14.1,11.4,56.685,98.445,0.0,7.01
2020-09-26 02:00:56,60.52,11.339999999999998,11.200000000000001,59.655,91.2,0.0,6.31
2020-09-26 03:00:56,44.35666666666666,14.205,10.955,60.035,86.03000000000002,0.0,7.12
2020-09-26 04:00:56,47.97666666666667,12.395000000000001,10.910000000000002,59.349999999999994,84.765,0.0,6.84
2020-09-26 05:00:56,49.943333333333335,15.955,10.765,56.98,79.4,0.0,6.76
2020-09-26 06:00:56,36.376666666666665,0.0,10.445,57.615,80.765,0.0,6.75
2020-09-26 07:00:56,42.71666666666667,0.0,10.6,53.07500000000001,94.08999999999999,0.0,5.93
2020-09-26 08:00:56,50.986666666666665,20.51,10.805,44.68,105.65500000000002,0.0,5.68
2020-09-26 09:00:56,69.63333333333334,29.75,11.525,57.065,97.355,0.0,8.54
2020-09-26 10:00:56,62.38666666666666,23.33,11.005,56.16,77.995,0.0,10.51
2020-09-26 11:00:56,47.82333333333334,18.18,10.58,54.300000000000004,71.33,0.0,13.15
2020-09-26 12:00:56,31.843333333333334,14.42,10.255,51.73,65.075,0.0,15.3
2020-09-26 13:00:56,27.863333333333333,8.905,10.385,50.065,64.315,0.0,17.8
2020-09-26 14:00:56,26.810000000000002,5.345,10.385,58.995,81.715,0.0,14.63
2020-09-26 15:00:56,31.31,5.31,10.645,38.885,49.695,0.0,26.49
2020-09-26 16:00:56,31.416666666666668,9.815,11.274999999999999,30.24,37.245000000000005,0.0,31.8
2020-09-26 17:00:56,29.31,8.22,11.655000000000001,36.075,43.629999999999995,0.0,26.3
2020-09-26 18:00:56,30.24,10.135,11.65,34.24,39.975,0.0,28.45
2020-09-26 19:00:56,36.60333333333333,8.195,12.46,61.525,82.08,0.0,12.85
2020-09-26 20:00:56,67.94,10.685,11.995,58.995000000000005,141.095,0.0,5.51
2020-09-26 21:00:56,70.56666666666666,18.48,8.32,62.294999999999995,161.82,0.0,5.54
2020-09-26 22:00:56,77.21,23.565,8.43,56.285000000000004,131.485,0.0,5.97
2020-09-26 23:00:56,99.02,24.315,12.68,47.25,160.09,0.0,6.68
2020-09-27 00:00:56,97.98,23.325,12.905000000000001,43.31,54.43000000000001,0.0,5.04
2020-09-27 01:00:56,91.07333333333334,24.125,14.025,46.745000000000005,59.56,0.0,5.03
2020-09-27 02:00:56,95.74333333333334,24.135,16.365,49.39000000000001,63.98,0.0,5.0
2020-09-27 03:00:56,101.36666666666667,26.27,14.715000000000002,53.02,161.57,0.0,6.3
2020-09-27 04:00:56,85.37,23.72,13.594999999999999,53.52,71.26,0.0,6.56
2020-09-27 05:00:56,75.11666666666666,15.0,12.555,56.48500000000001,122.63999999999999,0.0,6.3
2020-09-27 06:00:56,67.43333333333334,15.104999999999999,12.670000000000002,58.685,105.105,0.0,7.05
2020-09-27 07:00:56,60.513333333333335,22.51,12.14,50.875,105.935,0.0,7.21
2020-09-27 08:00:56,64.71666666666667,23.785,14.104999999999999,43.45499999999999,124.145,0.0,5.99
2020-09-27 09:00:56,71.79666666666667,28.334999999999997,13.719999999999999,49.27,131.405,0.0,6.18
2020-09-27 10:00:56,54.22666666666667,34.57,11.99,64.885,113.84999999999998,0.0,5.87
2020-09-27 11:00:56,58.8,29.72,10.93,65.48500000000001,92.295,0.0,14.35
2020-09-27 12:00:56,49.56,18.985,10.799999999999999,53.580000000000005,66.855,0.0,21.93
2020-09-27 13:00:56,41.88333333333333,10.905,11.04,38.63,45.01,0.0,26.38
2020-09-27 14:00:56,48.14666666666667,7.974999999999999,11.585,65.005,80.44999999999999,0.0,16.93
2020-09-27 15:00:56,63.75,7.325,11.15,53.27,65.97500000000001,0.0,19.12
2020-09-27 16:00:56,75.39666666666668,5.165,11.165,50.645,63.445,0.0,20.08
2020-09-27 17:00:56,83.82,4.19,11.055,63.120000000000005,82.24,0.0,13.42
2020-09-27 18:00:56,82.83666666666667,3.5,11.075000000000001,68.43,89.335,0.0,11.68
2020-09-27 19:00:56,92.77666666666667,11.71,11.325000000000001,59.98500000000001,99.185,0.0,6.8
2020-09-27 20:00:56,123.14666666666666,17.585,11.949999999999998,54.245000000000005,92.68,0.0,10.72
2020-09-27 21:00:56,130.74,16.9,10.345,39.235,46.68,0.0,17.73
2020-09-27 22:00:56,102.87333333333333,13.155,9.99,31.459999999999997,38.19,0.0,18.44
2020-09-27 23:00:56,82.17,12.595,10.01,27.069999999999997,32.305,0.0,20.11
2020-09-28 00:00:56,67.8,8.515,9.89,24.205,29.590000000000003,0.0,22.45
2020-09-28 01:00:56,54.88666666666667,7.3,9.799999999999999,25.03,30.48,0.0,22.49
2020-09-28 02:00:56,51.36666666666667,9.77,10.055,30.09,36.074999999999996,0.0,21.33
2020-09-28 03:00:56,46.123333333333335,7.69,10.22,42.585,51.35,0.0,14.96
2020-09-28 04:00:56,42.3,8.495,11.325000000000001,38.375,45.004999999999995,0.0,18.42
2020-09-28 05:00:56,44.74333333333333,10.41,12.075000000000001,41.1,50.35999999999999,0.0,13.2
2020-09-28 06:00:56,52.88666666666666,10.52,11.675000000000002,40.355,49.655,0.0,10.04
2020-09-28 07:00:56,60.82333333333333,11.815,11.775,40.94499999999999,61.074999999999996,0.0,7.15
2020-09-28 08:00:56,64.49666666666667,17.695,13.090000000000002,27.879999999999995,79.00999999999999,0.0,6.22
2020-09-28 09:00:56,94.22666666666666,29.995,17.395,38.235,94.485,0.0,5.44
2020-09-28 10:00:56,97.82666666666667,30.274999999999995,12.125,54.25,95.005,0.0,7.4
2020-09-28 11:00:56,85.34,22.070000000000004,11.815,64.29,83.655,0.0,10.33
2020-09-28 12:00:56,83.17333333333333,12.78,11.18,62.915,79.66,0.0,13.41
2020-09-28 13:00:56,71.56333333333333,11.39,10.805,60.46,76.02,0.0,16.31
2020-09-28 14:00:56,68.47666666666666,8.95,10.799999999999999,58.46,72.94,0.0,18.74
2020-09-28 15:00:56,67.99,8.16,11.604999999999999,55.419999999999995,70.97500000000001,0.0,18.76
2020-09-28 16:00:56,67.03333333333333,6.044999999999999,11.780000000000001,57.294999999999995,73.995,0.0,20.05
2020-09-28 17:00:56,68.06666666666666,4.15,10.950000000000001,57.504999999999995,77.015,0.0,14.63
2020-09-28 18:00:56,79.07666666666667,8.5,10.82,64.155,84.77,0.0,14.18
2020-09-28 19:00:56,90.77666666666667,14.28,10.65,64.33999999999999,83.165,0.0,12.27
2020-09-28 20:00:56,91.32666666666667,11.19,10.854999999999999,74.75999999999999,114.08,0.0,5.53
2020-09-28 21:00:56,101.56,12.555,11.505,86.28000000000002,152.57500000000002,0.0,5.65
2020-09-28 22:00:56,128.9,13.835,11.520000000000001,78.985,155.085,0.0,5.79
2020-09-28 23:00:56,153.72333333333333,13.495,10.79,58.05500000000001,146.92,0.0,5.34
2020-09-29 00:00:56,163.20333333333332,18.225,11.479999999999999,59.915,144.07000000000002,0.0,4.71
2020-09-29 01:00:56,140.90666666666667,13.93,11.895000000000001,71.29,132.62,0.0,5.72
2020-09-29 02:00:56,127.72666666666666,15.229999999999999,11.780000000000001,67.945,121.91000000000001,0.0,6.71
2020-09-29 03:00:56,120.56,13.555,12.600000000000001,59.605,112.325,0.0,6.42
2020-09-29 04:00:56,99.99,11.175000000000002,12.199999999999998,66.905,103.34500000000001,0.0,6.63
2020-09-29 05:00:56,86.42,12.89,13.51,63.495000000000005,106.45,0.0,6.69
2020-09-29 06:00:56,99.11,20.575,18.075,60.07,101.64,0.0,6.74
2020-09-29 07:00:56,107.97333333333334,24.395,15.530000000000001,57.435,97.925,0.0,5.92
2020-09-29 08:00:56,103.66333333333333,31.14,16.495,52.145,146.22,0.0,5.91
2020-09-29 09:00:56,116.15333333333334,32.715,18.155,72.105,141.895,0.0,6.31
2020-09-29 10:00:56,144.8,31.820000000000004,16.599999999999998,84.745,135.42999999999998,0.0,7.11
2020-09-29 11:00:56,137.16333333333336,31.02,14.125,85.73,121.48500000000001,0.0,10.16
2020-09-29 12:00:56,103.25666666666666,20.945,12.445,82.91,109.23,0.0,14.21
2020-09-29 13:00:56,82.25666666666666,14.24,12.410000000000002,76.61500000000001,97.74000000000001,0.0,12.98
2020-09-29 14:00:56,69.51666666666667,9.205,12.12,60.105,74.78,0.0,18.01
2020-09-29 15:00:56,64.94,8.56,11.21,55.71,70.25,0.0,17.21
2020-09-29 16:00:56,66.58666666666667,6.04,10.835,61.69,79.32000000000001,0.0,14.49
2020-09-29 17:00:56,69.35333333333334,3.485,10.9,50.55500000000001,63.475,0.0,18.57
2020-09-29 18:00:56,62.370000000000005,10.595,11.915,68.10000000000001,96.07000000000001,0.0,9.19
2020-09-29 19:00:56,83.93333333333334,9.495,11.58,67.98,114.185,0.0,6.21
2020-09-29 20:00:56,104.73666666666668,10.225,11.354999999999999,43.76,53.5,0.0,17.13
2020-09-29 21:00:56,88.27,9.19,10.865,51.550000000000004,67.005,0.0,12.74
2020-09-29 22:00:56,95.24333333333334,9.195,10.85,48.115,69.53,0.0,9.68
2020-09-29 23:00:56,75.3,7.94,10.69,42.715,63.705000000000005,0.0,8.5
2020-09-30 00:00:56,53.82666666666667,5.7,10.355,39.074999999999996,54.18000000000001,0.0,11.83
2020-09-30 01:00:56,41.25,4.96,8.345,46.535,62.875,0.0,8.49
2020-09-30 02:00:56,47.593333333333334,5.63,11.660000000000002,42.03,58.92499999999999,0.0,6.39
2020-09-30 03:00:56,59.73,4.805,12.265,45.335,63.73499999999999,0.0,6.44
2020-09-30 04:00:56,55.36666666666667,6.635000000000001,12.479999999999999,44.375,66.125,0.0,6.7
2020-09-30 05:00:56,49.64333333333333,19.05,11.83,40.199999999999996,64.345,0.0,5.64
2020-09-30 06:00:56,71.65,35.41,12.814999999999998,36.105,62.955000000000005,0.0,5.81
2020-09-30 07:00:56,76.54666666666667,27.145,12.29,34.89,65.535,0.0,5.37
2020-09-30 08:00:56,83.59666666666666,28.459999999999997,12.829999999999998,32.06,125.58999999999999,0.0,5.46
2020-09-30 09:00:56,93.63333333333333,21.045,13.1,38.51499999999999,110.26,0.0,6.67
2020-09-30 10:00:56,75.56666666666666,12.69,13.04,51.69,75.855,0.0,9.2
2020-09-30 11:00:56,72.57333333333332,7.39,11.469999999999999,49.60999999999999,72.985,0.0,9.71
2020-09-30 12:00:56,68.25333333333333,8.71,10.625,44.705000000000005,60.205000000000005,0.0,14.76
2020-09-30 13:00:56,43.13666666666666,9.865,10.395,45.065,58.245,0.0,14.43
2020-09-30 14:00:56,29.10333333333333,6.64,10.475,46.435,60.23499999999999,0.0,14.46
2020-09-30 15:00:56,26.96,3.845,10.4,48.669999999999995,64.695,0.0,16.81
2020-09-30 16:00:56,27.78,5.05,10.585,49.870000000000005,66.745,0.0,14.36
2020-09-30 17:00:56,27.060000000000002,4.6,10.455,52.88500000000001,71.825,0.0,10.75
2020-09-30 18:00:56,24.44333333333333,4.43,10.729999999999999,55.195,76.22,0.0,7.83
2020-09-30 19:00:56,25.659999999999997,5.95,11.86,59.385,83.135,0.0,8.62
2020-09-30 20:00:56,43.72333333333333,4.33,10.854999999999999,42.46,53.15,0.0,13.51
2020-09-30 21:00:56,56.36333333333334,6.435,10.424999999999999,30.834999999999997,37.985,0.0,15.16
2020-09-30 22:00:56,44.776666666666664,10.18,10.585,26.665000000000003,33.03,0.0,15.66
2020-09-30 23:00:56,33.89,9.475,10.33,25.005,30.865,0.0,16.93
2020-10-01 00:00:56,28.943333333333335,6.36,10.32,24.290000000000003,29.584999999999997,0.0,16.26
2020-10-01 01:00:56,23.476666666666667,3.525,9.875,23.474999999999998,30.560000000000002,0.0,15.6
2020-10-01 02:00:56,18.903333333333332,2.2,10.1,26.11,31.755,0.0,13.37
2020-10-01 03:00:56,17.36,1.78,10.195,24.42,29.650000000000002,0.0,14.4
2020-10-01 04:00:56,15.133333333333335,6.489999999999999,9.955,24.49,29.86,0.0,14.58
2020-10-01 05:00:56,12.083333333333334,0.0,10.08,25.545,31.459999999999997,0.0,15.22
2020-10-01 06:00:56,16.84,4.875,9.94,26.599999999999998,32.505,0.0,14.7
2020-10-01 07:00:56,19.113333333333333,3.615,10.085,31.554999999999996,42.285,0.0,10.52
2020-10-01 08:00:56,16.66,4.705,10.19,29.599999999999998,60.52,0.0,6.57
2020-10-01 09:00:56,30.21666666666667,6.375,13.235,34.75,74.575,0.0,6.3
2020-10-01 10:00:56,45.50333333333333,6.56,12.204999999999998,45.6,66.2,0.0,8.59
2020-10-01 11:00:56,38.473333333333336,5.845,10.96,47.51500000000001,59.294999999999995,0.0,12.32
2020-10-01 12:00:56,37.96333333333333,4.0,11.13,47.645,57.48,0.0,14.94
2020-10-01 13:00:56,20.493333333333332,2.68,12.209999999999999,39.705,45.120000000000005,0.0,0.0
2020-10-01 14:00:56,23.126666666666665,1.88,10.995,37.370000000000005,45.755,0.0,18.3
2020-10-01 15:00:56,24.306666666666665,7.495,10.905000000000001,36.985,45.745000000000005,0.0,19.42
2020-10-01 16:00:56,22.96333333333333,7.5,11.095,42.345,53.345,0.0,22.03
2020-10-01 17:00:56,23.490000000000002,4.34,10.865,49.41,66.75,0.0,11.34
2020-10-01 18:00:56,31.543333333333337,2.68,10.839999999999998,45.915,59.64000000000001,0.0,16.37
2020-10-01 19:00:56,40.94,7.224999999999999,10.525,57.169999999999995,75.995,0.0,8.38
2020-10-01 20:00:56,53.349999999999994,6.94,10.805,50.91,68.405,0.0,9.7
2020-10-01 21:00:56,52.616666666666674,8.945,10.69,35.85,42.385,0.0,15.1
2020-10-01 22:00:56,45.086666666666666,8.785,10.520000000000001,28.784999999999997,34.14,0.0,17.16
2020-10-01 23:00:56,42.46,8.965,10.375,26.925,33.19,0.0,15.68
2020-10-02 00:00:56,32.31333333333333,11.07,10.26,26.895,34.035,0.0,14.47
2020-10-02 01:00:56,24.99666666666667,8.66,9.854999999999999,24.575,30.635,0.0,14.24
2020-10-02 02:00:56,28.276666666666667,9.425,9.925,29.16,36.76,0.0,9.85
2020-10-02 03:00:56,26.896666666666665,9.02,9.9,28.955,35.645,0.0,11.17
2020-10-02 04:00:56,18.936666666666667,6.025000000000001,9.955,27.545,32.635,0.0,15.69
2020-10-02 05:00:56,23.523333333333333,3.9500000000000006,9.955,31.834999999999997,39.11,0.0,9.42
2020-10-02 06:00:56,24.71,5.88,10.015,31.13,39.19,0.0,9.02
2020-10-02 07:00:56,21.88,0.0,10.015,27.625,38.235,0.0,9.55
2020-10-02 08:00:56,23.316666666666666,10.945,10.21,24.504999999999995,59.49,0.0,6.07
2020-10-02 09:00:56,45.626666666666665,16.15,11.795,33.195,64.735,0.0,6.31
2020-10-02 10:00:56,74.57333333333334,29.24,11.829999999999998,37.68,56.074999999999996,0.0,7.27
2020-10-02 11:00:56,58.70666666666666,23.905,10.825000000000001,38.055,50.66,0.0,9.55
2020-10-02 12:00:56,36.71,13.07,11.045,35.715,42.650000000000006,0.0,0.0
2020-10-02 13:00:56,29.98,7.55,10.52,35.705,42.93000000000001,0.0,0.0
2020-10-02 14:00:56,35.629999999999995,4.685,10.575,37.345,45.48499999999999,0.0,0.0
2020-10-02 15:00:56,26.11,2.885,10.255,42.27,53.145,0.0,0.0
2020-10-02 16:00:56,26.96,5.25,10.515,42.9,53.375,0.0,0.0
2020-10-02 17:00:56,29.33666666666667,4.565,10.715000000000002,44.95000000000001,57.044999999999995,0.0,0.0
2020-10-02 18:00:56,35.586666666666666,7.265,10.545,46.88500000000001,62.48,0.0,0.0
2020-10-02 19:00:56,36.71,5.95,11.265,49.285,78.22,0.0,0.0
2020-10-02 20:00:56,45.803333333333335,4.415,11.475,46.335,87.495,0.0,0.0
2020-10-02 21:00:56,50.26,12.235,10.65,45.794999999999995,59.185,0.0,0.0
2020-10-02 22:00:56,41.93,10.685,10.505,36.38,44.245000000000005,0.0,0.0
2020-10-02 23:00:56,32.25666666666667,8.91,10.4,34.525,43.300000000000004,0.0,0.0
2020-10-03 00:00:56,30.203333333333333,6.135000000000001,10.46,34.205000000000005,41.85,0.0,0.0
2020-10-03 01:00:56,29.046666666666667,6.669999999999999,7.724999999999999,38.44,52.245000000000005,0.0,0.0
2020-10-03 02:00:56,26.35333333333333,7.285,12.324999999999998,38.580000000000005,44.48,0.0,0.0
2020-10-03 03:00:56,28.786666666666665,5.015,12.995,39.02,48.07,0.0,0.0
2020-10-03 04:00:56,34.593333333333334,2.885,14.104999999999999,42.47,54.59,0.0,0.0
2020-10-03 05:00:56,40.66,7.025000000000001,13.535000000000002,42.345,55.125,0.0,0.0
2020-10-03 06:00:56,53.026666666666664,15.75,12.464999999999998,40.885,56.85999999999999,0.0,0.0
2020-10-03 07:00:56,63.55666666666667,25.31,13.9,34.605,58.26,0.0,0.0
2020-10-03 08:00:56,84.30333333333334,34.98,15.79,27.810000000000002,66.495,0.0,0.0
2020-10-03 09:00:56,91.29333333333334,47.285,20.025000000000002,40.075,72.495,0.0,0.0
2020-10-03 10:00:56,95.96,48.975,17.425,49.98499999999999,69.455,0.0,0.0
2020-10-03 11:00:56,83.58666666666666,42.545,13.145000000000001,46.02,58.44,0.0,0.0
2020-10-03 12:00:56,64.42666666666668,32.98,12.08,41.76499999999999,52.5,0.0,0.0
2020-10-03 13:00:56,45.196666666666665,19.9,11.725,44.0,53.385,0.0,0.0
2020-10-03 14:00:56,30.786666666666665,10.11,11.415,43.99,51.195,0.0,0.0
2020-10-03 15:00:56,26.830000000000002,4.97,11.61,47.49,55.415,0.0,0.0
2020-10-03 16:00:56,23.02,0.0,11.985,54.26500000000001,67.815,0.0,0.0
2020-10-03 17:00:56,23.82,6.27,12.14,56.875,73.91,0.0,0.0
2020-10-03 18:00:56,32.17,4.48,11.045,56.02,74.81,0.0,0.0
2020-10-03 19:00:56,35.54666666666667,5.895,10.985,54.464999999999996,79.815,0.0,0.0
2020-10-03 20:00:56,42.24333333333333,9.925,11.025,48.945,58.37,0.0,0.0
2020-10-03 21:00:56,42.44,8.885,11.090000000000002,40.075,48.25,0.0,0.0
2020-10-03 22:00:56,40.06,8.005,11.195,40.135,51.449999999999996,0.0,0.0
2020-10-03 23:00:56,43.49333333333333,9.885,11.325000000000001,44.095,56.330000000000005,0.0,0.0
2020-10-04 00:00:56,30.123333333333335,13.770000000000001,8.285,42.115,55.905,0.0,0.0
2020-10-04 01:00:56,26.689999999999998,10.68,10.315,48.879999999999995,59.69,0.0,0.0
2020-10-04 02:00:56,46.17333333333334,9.415,11.86,49.150000000000006,66.435,0.0,0.0
2020-10-04 03:00:56,55.43,10.325,12.155000000000001,47.91,66.72,0.0,0.0
2020-10-04 04:00:56,45.33,8.085,12.0,47.455000000000005,62.21,0.0,0.0
2020-10-04 05:00:56,50.36,16.745,12.5,44.14000000000001,63.135,0.0,0.0
2020-10-04 06:00:56,56.42666666666667,24.350000000000005,11.704999999999998,42.695,56.865,0.0,0.0
2020-10-04 07:00:56,51.88333333333334,33.14,11.725,40.28,58.59,0.0,0.0
2020-10-04 08:00:56,49.79666666666667,32.44,14.715000000000002,34.95,62.879999999999995,0.0,0.0
2020-10-04 09:00:56,69.41666666666667,34.96,22.034999999999997,41.550000000000004,66.4,0.0,0.0
2020-10-04 10:00:56,81.00666666666666,35.695,13.564999999999998,46.46,55.615,0.0,0.0
2020-10-04 11:00:56,63.99333333333334,23.540000000000003,11.469999999999999,41.945,48.695,0.0,0.0
2020-10-04 12:00:56,44.803333333333335,19.9,10.835,40.76,47.115,0.0,0.0
2020-10-04 13:00:56,30.346666666666668,14.38,10.92,40.305,47.355,0.0,0.0
2020-10-04 14:00:56,25.45,8.13,11.485,48.455000000000005,55.73,0.0,0.0
2020-10-04 15:00:56,26.86,4.345,11.814999999999998,43.800000000000004,50.775,0.0,0.0
2020-10-04 16:00:56,26.116666666666667,6.31,11.805,48.03,56.580000000000005,0.0,0.0
2020-10-04 17:00:56,22.636666666666667,5.585,11.520000000000001,53.339999999999996,64.355,0.0,0.0
2020-10-04 18:00:56,25.846666666666668,7.614999999999999,11.26,51.995000000000005,62.25,0.0,0.0
2020-10-04 19:00:56,36.093333333333334,12.655,10.895000000000001,53.150000000000006,62.574999999999996,0.0,0.0
2020-10-04 20:00:56,42.35333333333333,9.925,11.035000000000002,54.5,62.845,0.0,0.0
2020-10-04 21:00:56,43.593333333333334,7.455000000000001,12.245,53.254999999999995,63.06,0.0,0.0
2020-10-04 22:00:56,47.46333333333333,11.235,13.83,53.68000000000001,78.03500000000001,0.0,0.0
2020-10-04 23:00:56,50.79666666666667,10.19,16.23,53.629999999999995,72.085,0.0,0.0
2020-10-05 00:00:56,46.01333333333333,10.949999999999998,14.435000000000002,54.99,67.67,0.0,0.0
2020-10-05 01:00:56,43.29,14.464999999999998,15.219999999999999,45.47,73.805,0.0,0.0
2020-10-05 02:00:56,62.26333333333333,20.335,19.41,48.754999999999995,70.07499999999999,0.0,0.0
2020-10-05 03:00:56,79.27666666666667,27.415000000000003,17.8,47.16,68.86500000000001,0.0,0.0
2020-10-05 04:00:56,72.48,29.24,13.75,46.39000000000001,64.19,0.0,0.0
2020-10-05 05:00:56,62.879999999999995,34.215,14.655000000000001,38.51,70.84,0.0,0.0
2020-10-05 06:00:56,64.01,34.315,12.850000000000001,45.26,65.06,0.0,0.0
2020-10-05 07:00:56,69.38,32.925,15.29,37.325,71.925,0.0,0.0
2020-10-05 08:00:56,74.02666666666667,38.66,15.31,33.515,88.28000000000002,0.0,0.0
2020-10-05 09:00:56,87.53,38.995,25.5,43.52,91.35000000000001,0.0,0.0
2020-10-05 10:00:56,100.91,34.885,16.77,61.25,86.105,0.0,0.0
2020-10-05 11:00:56,92.19666666666667,28.535,12.815,60.845,72.745,0.0,0.0
2020-10-05 12:00:56,68.71000000000001,22.36,3.285,55.23499999999999,63.63999999999999,0.0,0.0
2020-10-05 13:00:56,51.406666666666666,14.54,7.73,0.0,0.0,0.0,0.0
2020-10-05 14:00:56,38.916666666666664,7.93,11.37,67.305,79.47,0.0,0.0
2020-10-05 15:00:56,30.793333333333333,6.64,12.21,60.425000000000004,70.68,0.0,0.0
2020-10-05 16:00:56,25.326666666666668,0.0,12.18,57.14000000000001,66.425,0.0,0.0
2020-10-05 17:00:56,23.176666666666666,0.0,11.545000000000002,56.375,65.89999999999999,0.0,0.0
2020-10-05 18:00:56,28.143333333333334,4.94,12.13,58.715,70.745,0.0,0.0
2020-10-05 19:00:56,41.66,3.8250000000000006,10.94,66.755,88.99,0.0,0.0
2020-10-05 20:00:56,48.696666666666665,8.075,10.375,67.83,89.395,0.0,0.0
2020-10-05 21:00:56,49.14333333333333,10.725,10.81,71.065,94.305,0.0,0.0
2020-10-05 22:00:56,56.71666666666667,12.085,11.705,69.14999999999999,95.13,0.0,0.0
2020-10-05 23:00:56,58.68000000000001,13.31,12.5,53.57500000000001,102.58999999999999,0.0,0.0
2020-10-06 00:00:56,59.47,11.64,14.424999999999999,40.19,99.46999999999998,0.0,0.0
2020-10-06 01:00:56,62.59,16.6,16.48,42.035,100.125,0.0,0.0
2020-10-06 02:00:56,65.78,18.205,15.134999999999998,46.72,92.855,0.0,0.0
2020-10-06 03:00:56,60.74,20.16,18.71,49.38999999999999,84.2,0.0,0.0
2020-10-06 04:00:56,60.080000000000005,22.524999999999995,19.264999999999997,48.165,77.32,0.0,0.0
2020-10-06 05:00:56,57.43,21.99,16.544999999999998,51.435,72.175,0.0,0.0
2020-10-06 06:00:56,60.79666666666666,24.209999999999997,19.044999999999998,49.655,72.045,0.0,0.0
2020-10-06 07:00:56,64.47666666666666,27.070000000000004,15.49,40.555,76.60000000000001,0.0,0.0
2020-10-06 08:00:56,67.12666666666667,28.77,18.785,32.445,102.385,0.0,0.0
2020-10-06 09:00:56,82.49666666666667,36.18,25.58,41.050000000000004,113.055,0.0,0.0
2020-10-06 10:00:56,100.66,36.5,18.505,61.91,100.02,0.0,0.0
2020-10-06 11:00:56,99.18333333333334,31.865,15.715000000000002,70.64999999999999,90.085,0.0,0.0
2020-10-06 12:00:56,85.53,20.93,13.435,68.955,82.515,0.0,0.0
2020-10-06 13:00:56,68.67333333333333,13.63,13.045000000000002,67.945,78.78,0.0,0.0
2020-10-06 14:00:56,53.81666666666666,10.72,12.740000000000002,63.24,72.84,0.0,0.0
2020-10-06 15:00:56,45.75,10.675000000000002,13.985,66.31,79.33,0.0,0.0
2020-10-06 16:00:56,40.723333333333336,7.945,12.920000000000002,53.405,63.275000000000006,0.0,0.0
2020-10-06 17:00:56,44.36333333333333,9.585,12.354999999999999,58.535,70.985,0.0,0.0
2020-10-06 18:00:56,49.3,7.905,12.375,63.70000000000001,78.175,0.0,0.0
2020-10-06 19:00:56,53.0,5.599999999999999,11.725000000000001,68.17,87.21499999999999,0.0,0.0
2020-10-06 20:00:56,59.703333333333326,7.81,10.96,67.38499999999999,83.03500000000001,0.0,0.0
2020-10-06 21:00:56,55.656666666666666,6.330000000000001,11.515,65.665,98.94,0.0,0.0
2020-10-06 22:00:56,59.24,6.330000000000001,12.454999999999998,68.335,117.95,0.0,0.0
2020-10-06 23:00:56,66.30666666666667,10.6,12.495,68.08,105.415,0.0,0.0
2020-10-07 00:00:56,65.75333333333333,8.605,16.94,50.09,106.375,0.0,0.0
2020-10-07 01:00:56,78.32000000000001,18.57,16.53,41.21,102.925,0.0,0.0
2020-10-07 02:00:56,91.77333333333334,23.649999999999995,15.405000000000001,35.815,104.495,0.0,0.0
2020-10-07 03:00:56,87.41333333333333,28.365,17.400000000000002,40.41,92.685,0.0,0.0
2020-10-07 04:00:56,81.01666666666667,31.885,18.06,42.96,85.045,0.0,0.0
2020-10-07 05:00:56,72.66333333333334,27.895,16.395,53.94,81.785,0.0,0.0
2020-10-07 06:00:56,64.81666666666666,28.09,16.435,46.879999999999995,76.47,0.0,0.0
2020-10-07 07:00:56,67.51666666666667,28.515,18.32,44.125,85.205,0.0,0.0
2020-10-07 08:00:56,79.30333333333333,26.075,15.14,39.09,111.55,0.0,0.0
2020-10-07 09:00:56,93.92666666666666,28.495,17.575,43.06,129.5,0.0,0.0
2020-10-07 10:00:56,122.10666666666667,34.18,16.885,70.565,115.335,0.0,0.0
2020-10-07 11:00:56,114.23333333333333,26.975000000000005,13.064999999999998,70.415,96.67,0.0,0.0
2020-10-07 12:00:56,92.3,22.320000000000004,11.969999999999999,68.45,83.22,0.0,0.0
2020-10-07 13:00:56,64.3,15.13,11.6,63.60999999999999,72.88,0.0,0.0
2020-10-07 14:00:56,47.89333333333333,11.095,11.485,68.195,78.24,0.0,0.0
2020-10-07 15:00:56,36.480000000000004,7.535,11.335,66.35000000000001,76.265,0.0,0.0
2020-10-07 16:00:56,23.646666666666665,6.13,8.43,67.06,77.55,0.0,0.0
2020-10-07 17:00:56,20.44333333333333,4.385,8.77,72.955,90.795,0.0,0.0
2020-10-07 18:00:56,20.03,2.35,8.71,75.175,96.64999999999999,0.0,0.0
2020-10-07 19:00:56,25.543333333333333,4.155,7.98,67.6,105.605,0.0,0.0
2020-10-07 20:00:56,35.95666666666666,9.21,7.974999999999999,69.85000000000001,104.29,0.0,0.0
2020-10-07 21:00:56,40.10333333333333,7.474999999999999,9.1,63.11500000000001,126.15500000000002,0.0,0.0
2020-10-07 22:00:56,49.53333333333333,9.315,10.865,69.825,139.24,0.0,0.0
2020-10-07 23:00:56,57.19333333333333,13.115,15.344999999999999,52.85999999999999,139.89499999999998,0.0,0.0
2020-10-08 00:00:56,62.17,12.85,13.550000000000002,52.794999999999995,128.64000000000001,0.0,0.0
2020-10-08 01:00:56,61.44,15.074999999999998,12.65,53.51,123.265,0.0,0.0
2020-10-08 02:00:56,55.81333333333333,14.815,10.725,44.18000000000001,124.90500000000002,0.0,0.0
2020-10-08 03:00:56,54.93,19.25,11.755,45.824999999999996,116.25,0.0,0.0
2020-10-08 04:00:56,53.64666666666667,14.435,14.314999999999998,63.78,103.81,0.0,0.0
2020-10-08 05:00:56,49.10333333333333,10.0,12.844999999999999,67.19500000000001,97.415,0.0,0.0
2020-10-08 06:00:56,47.45666666666667,10.945,14.755,50.92000000000001,93.685,0.0,0.0
2020-10-08 07:00:56,53.11,14.565,12.660000000000002,52.75999999999999,93.71499999999999,0.0,0.0
2020-10-08 08:00:56,54.06,20.63,12.479999999999999,45.169999999999995,126.24000000000001,0.0,0.0
2020-10-08 09:00:56,70.12,19.995,14.020000000000001,61.794999999999995,162.26999999999998,0.0,0.0
2020-10-08 10:00:56,92.66,32.34,10.625,66.46,146.81,0.0,0.0
2020-10-08 11:00:56,95.53666666666668,34.26,9.22,83.835,115.77500000000002,0.0,0.0
2020-10-08 12:00:56,77.24,27.25,8.28,86.015,112.545,0.0,0.0
2020-10-08 13:00:56,55.5,16.64,7.739999999999999,89.685,108.13999999999999,0.0,0.0
2020-10-08 14:00:56,37.91333333333333,9.16,7.69,84.52,97.72000000000001,0.0,0.0
2020-10-08 15:00:56,28.933333333333337,7.5,8.37,82.685,95.665,0.0,0.0
2020-10-08 16:00:56,25.346666666666664,4.95,8.87,83.49,100.29,0.0,0.0
2020-10-08 17:00:56,29.00333333333333,8.07,9.08,81.91,103.53000000000002,0.0,0.0
2020-10-08 18:00:56,40.13666666666667,7.415,9.29,81.27,103.96999999999998,0.0,0.0
2020-10-08 19:00:56,45.55666666666667,5.07,8.595,76.295,98.61500000000001,0.0,0.0
2020-10-08 20:00:56,55.31,9.37,13.21,74.43,93.925,0.0,0.0
2020-10-08 21:00:56,85.64333333333333,8.91,15.655000000000001,60.63,106.91000000000001,0.0,0.0
2020-10-08 22:00:56,97.25666666666666,14.72,16.95,27.61,120.105,0.0,0.0
2020-10-08 23:00:56,97.02333333333333,12.83,17.165,54.80500000000001,114.33999999999999,0.0,0.0
2020-10-09 00:00:56,93.17333333333333,13.135,16.015,60.44499999999999,101.68,0.0,0.0
2020-10-09 01:00:56,91.47,18.28,16.52,63.46,94.96499999999999,0.0,0.0
2020-10-09 02:00:56,91.61666666666667,19.645,21.885,66.42,95.055,0.0,0.0
2020-10-09 03:00:56,85.43,15.135,20.765,54.425000000000004,89.82,0.0,0.0
2020-10-09 04:00:56,68.48666666666666,18.035,23.555000000000003,59.135,84.995,0.0,0.0
2020-10-09 05:00:56,63.22666666666667,22.985,20.02,61.785,83.38,0.0,0.0
2020-10-09 06:00:56,58.14333333333333,22.37,17.59,57.535,77.26,0.0,0.0
2020-10-09 07:00:56,61.45666666666667,18.8,19.695,43.835,83.625,0.0,0.0
2020-10-09 08:00:56,65.96,15.795,19.945,32.785,119.21,0.0,0.0
2020-10-09 09:00:56,77.70333333333332,19.845,18.095,49.53,66.12,0.0,0.0
2020-10-09 10:00:56,94.21333333333332,23.52,19.185,76.05499999999999,159.785,0.0,0.0
2020-10-09 11:00:56,94.72333333333334,25.22,23.974999999999998,87.88,151.535,0.0,0.0
2020-10-09 12:00:56,92.35666666666667,23.955,23.75,90.125,134.585,0.0,0.0
2020-10-09 13:00:56,84.95666666666666,17.46,16.295,71.94,86.78500000000001,0.0,0.0
2020-10-09 14:00:56,74.07666666666667,10.405,14.075000000000001,45.665,51.370000000000005,0.0,0.0
2020-10-09 15:00:56,78.10666666666667,13.165,13.350000000000001,37.0,42.085,0.0,0.0
2020-10-09 16:00:56,77.40333333333332,15.520000000000001,9.215,33.620000000000005,38.805,0.0,0.0
2020-10-09 17:00:56,67.42333333333333,12.115,9.11,46.35999999999999,52.46,0.0,0.0
2020-10-09 18:00:56,60.879999999999995,10.910000000000002,9.585,68.995,86.125,0.0,0.0
2020-10-09 19:00:56,64.7,12.160000000000002,10.605,61.81,96.46499999999999,0.0,0.0
2020-10-09 20:00:56,63.5,12.18,10.655,60.04999999999999,94.425,0.0,0.0
2020-10-09 21:00:56,63.48,14.57,10.485,65.585,89.8,0.0,0.0
2020-10-09 22:00:56,58.82,14.385,10.1,62.455000000000005,91.71,0.0,0.0
2020-10-09 23:00:56,62.86000000000001,14.895000000000001,9.31,60.455000000000005,86.52500000000002,0.0,0.0
2020-10-10 00:00:56,58.849999999999994,17.68,10.07,55.98,65.77499999999999,0.0,0.0
2020-10-10 01:00:56,58.35333333333333,13.29,16.985,44.345,53.905,0.0,8.11
2020-10-10 02:00:56,56.34,11.82,14.590000000000002,40.155,46.375,0.0,39.29
2020-10-10 03:00:56,74.10666666666667,8.905,16.965,51.745000000000005,58.46,0.0,22.83
2020-10-10 04:00:56,65.64666666666668,8.19,16.49,51.595,58.35999999999999,0.0,20.35
2020-10-10 05:00:56,74.92999999999999,12.835,20.76,50.025,59.92499999999999,0.0,3.03
2020-10-10 06:00:56,87.92,17.15,19.38,45.31,67.435,0.0,7.56
2020-10-10 07:00:56,88.16666666666667,20.945,17.115000000000002,45.35999999999999,61.089999999999996,0.0,9.74
2020-10-10 08:00:56,101.14666666666666,29.465,25.425,36.87,123.01499999999999,0.0,4.53
2020-10-10 09:00:56,119.12666666666667,40.855,26.090000000000003,38.465,48.535,0.0,3.64
2020-10-10 10:00:56,164.11666666666667,48.035,36.22,48.96,147.315,0.0,5.75
2020-10-10 11:00:56,165.91666666666666,43.48,27.205,68.57000000000001,124.425,0.0,5.57
2020-10-10 12:00:56,140.20666666666665,33.69,19.55,82.85000000000001,120.13499999999999,0.0,6.29
2020-10-10 13:00:56,116.38,27.615,13.815,80.035,102.59499999999998,0.0,19.89
2020-10-10 14:00:56,86.27,22.89,12.469999999999999,67.33999999999999,76.93,0.0,50.95
2020-10-10 15:00:56,79.23666666666666,13.97,12.810000000000002,49.39000000000001,55.73500000000001,0.0,74.21
2020-10-10 16:00:56,85.06,8.54,13.685000000000002,57.355,63.330000000000005,0.0,53.74
2020-10-10 17:00:56,92.96,12.11,13.939999999999998,61.42499999999999,67.84,0.0,42.28
2020-10-10 18:00:56,93.81333333333333,16.84,13.950000000000001,64.18,70.845,0.0,32.29
2020-10-10 19:00:56,93.51666666666668,14.535000000000002,11.9,62.050000000000004,73.22,0.0,16.53
2020-10-10 20:00:56,91.52666666666667,17.01,11.56,44.885,56.35,0.0,15.65
2020-10-10 21:00:56,74.89333333333333,17.04,11.42,31.379999999999995,37.120000000000005,0.0,31.2
2020-10-10 22:00:56,61.666666666666664,15.165,11.37,29.845,35.895,0.0,25.97
2020-10-10 23:00:56,50.629999999999995,11.94,11.365000000000002,31.83,38.63,0.0,22.09
2020-10-11 00:00:56,46.596666666666664,11.545,11.295,36.185,43.935,0.0,15.78
2020-10-11 01:00:56,42.96666666666667,9.41,11.160000000000002,43.93,53.669999999999995,0.0,13.18
2020-10-11 02:00:56,45.633333333333326,9.405,11.125,50.23499999999999,62.38,0.0,8.56
2020-10-11 03:00:56,47.03333333333333,13.39,11.815,54.445,65.855,0.0,8.49
2020-10-11 04:00:56,50.95666666666667,18.49,12.905000000000001,55.080000000000005,68.14,0.0,8.14
2020-10-11 05:00:56,57.39666666666667,22.304999999999996,12.805,54.80500000000001,67.555,0.0,7.7
2020-10-11 06:00:56,63.04,22.175,12.26,52.1,65.16,0.0,8.63
2020-10-11 07:00:56,67.85,30.075,12.74,49.465,65.79,0.0,9.16
2020-10-11 08:00:56,66.57333333333334,27.365,13.685,44.695,70.18,0.0,6.5
2020-10-11 09:00:56,80.18333333333334,31.08,15.759999999999998,48.395,74.22,0.0,6.87
2020-10-11 10:00:56,90.02333333333334,36.48,18.445,52.995000000000005,71.095,0.0,9.85
2020-10-11 11:00:56,79.94666666666667,32.375,12.649999999999999,50.03,61.74,0.0,19.39
2020-10-11 12:00:56,54.22666666666667,19.715,11.61,51.365,61.705000000000005,0.0,28.26
2020-10-11 13:00:56,35.06666666666666,11.175000000000002,11.284999999999998,55.395,69.155,0.0,27.37
2020-10-11 14:00:56,27.936666666666667,6.89,11.28,54.475,69.705,0.0,26.85
2020-10-11 15:00:56,27.62,4.7,11.685,50.43,64.7,0.0,33.93
2020-10-11 16:00:56,33.72,8.92,12.579999999999998,48.375,63.31,0.0,32.94
2020-10-11 17:00:56,41.663333333333334,7.635000000000001,13.0,55.53,78.47500000000001,0.0,20.58
2020-10-11 18:00:56,46.36666666666667,6.75,13.100000000000001,55.035,79.56,0.0,15.07
2020-10-11 19:00:56,52.92,10.345,11.854999999999999,48.955000000000005,88.63499999999999,0.0,6.07
2020-10-11 20:00:56,81.37333333333333,12.089999999999998,12.089999999999998,57.72,88.855,0.0,12.12
2020-10-11 21:00:56,80.62666666666667,17.45,11.924999999999999,48.755,60.72,0.0,16.62
2020-10-11 22:00:56,66.26333333333334,18.49,11.839999999999998,43.135,71.74000000000001,0.0,7.82
2020-10-11 23:00:56,61.620000000000005,21.485,11.725000000000001,42.215,61.025000000000006,0.0,10.39
2020-10-12 00:00:56,54.78666666666667,21.790000000000003,11.435,40.64,49.85,0.0,14.28
2020-10-12 01:00:56,42.50666666666667,17.08,11.685,38.725,47.945,0.0,13.88
2020-10-12 02:00:56,36.666666666666664,15.88,12.245,39.595,47.815,0.0,14.84
2020-10-12 03:00:56,35.663333333333334,15.64,12.585,40.385,48.669999999999995,0.0,17.19
2020-10-12 04:00:56,39.156666666666666,12.300000000000002,13.025,41.435,50.955000000000005,0.0,10.01
2020-10-12 05:00:56,48.406666666666666,9.735,12.89,41.94,58.155,0.0,0.81
2020-10-12 06:00:56,65.40333333333334,23.81,12.79,38.910000000000004,58.345,0.0,1.84
2020-10-12 07:00:56,70.16333333333334,32.64,12.725000000000001,37.72,61.93,0.0,3.13
2020-10-12 08:00:56,85.69333333333333,42.56,14.67,29.599999999999998,92.435,0.0,4.09
2020-10-12 09:00:56,107.76666666666665,54.055,16.22,46.50999999999999,62.80500000000001,0.0,4.32
2020-10-12 10:00:56,127.41333333333334,57.830000000000005,15.925000000000002,58.525000000000006,110.195,0.0,4.04
2020-10-12 11:00:56,127.24666666666667,51.92499999999999,15.555,66.47500000000001,101.42,0.0,5.22
2020-10-12 12:00:56,116.2,42.14,14.324999999999998,63.324999999999996,93.625,0.0,8.89
2020-10-12 13:00:56,98.94333333333333,25.495,12.37,60.97,79.665,0.0,26.44
2020-10-12 14:00:56,73.71333333333334,12.58,11.71,58.27,77.165,0.0,28.06
2020-10-12 15:00:56,58.95,7.165,11.280000000000001,58.115,79.26,0.0,21.81
2020-10-12 16:00:56,68.69333333333333,6.515,11.439999999999998,56.025000000000006,82.84,0.0,19.43
2020-10-12 17:00:56,66.06333333333333,8.69,12.350000000000001,53.43,71.985,0.0,30.22
2020-10-12 18:00:56,64.01666666666667,8.375,13.285000000000002,52.475,94.045,0.0,10.64
2020-10-12 19:00:56,98.67333333333333,15.770000000000001,12.005,74.9,131.685,0.0,8.32
2020-10-12 20:00:56,116.11666666666667,15.770000000000001,12.265,69.58,114.08,0.0,7.55
2020-10-12 21:00:56,108.49000000000001,12.21,13.350000000000001,58.23,100.045,0.0,5.92
2020-10-12 22:00:56,106.69999999999999,15.83,14.945,55.245000000000005,122.315,0.0,5.33
2020-10-12 23:00:56,106.38666666666666,21.155,15.82,56.35999999999999,107.375,0.0,7.43
2020-10-13 00:00:56,112.87,23.48,15.945,47.385,110.71499999999999,0.0,5.29
2020-10-13 01:00:56,109.39333333333333,25.745,15.665000000000001,55.635,108.33,0.0,6.05
2020-10-13 02:00:56,97.19,25.2,15.094999999999999,56.84,100.41000000000001,0.0,4.26
2020-10-13 03:00:56,87.33333333333333,22.49,15.46,59.44499999999999,92.585,0.0,3.87
2020-10-13 04:00:56,77.07333333333334,22.765,16.564999999999998,59.41,95.03500000000001,0.0,4.95
2020-10-13 05:00:56,77.30333333333334,21.785,15.699999999999998,63.26499999999999,97.17,0.0,4.56
2020-10-13 06:00:56,79.27333333333334,20.695,15.549999999999999,51.98,97.545,0.0,4.26
2020-10-13 07:00:56,86.02666666666667,24.69,16.715,49.89000000000001,92.59499999999998,0.0,5.09
2020-10-13 08:00:56,93.78,25.59,18.895,50.550000000000004,138.29,0.0,5.0
2020-10-13 09:00:56,111.02333333333333,26.205,18.465,56.879999999999995,148.125,0.0,5.56
2020-10-13 10:00:56,149.47333333333333,30.05,18.64,62.715,85.49000000000001,0.0,5.53
2020-10-13 11:00:56,170.92333333333335,32.45,17.34,77.72500000000001,123.5,0.0,9.05
2020-10-13 12:00:56,131.46666666666667,25.56,13.655000000000001,73.28,98.34499999999998,0.0,28.28
2020-10-13 13:00:56,91.39333333333333,17.045,12.465000000000002,71.00999999999999,91.81,0.0,25.98
2020-10-13 14:00:56,67.12666666666667,9.725,13.274999999999999,59.870000000000005,70.93,0.0,46.57
2020-10-13 15:00:56,59.83,10.485,12.439999999999998,60.195,72.08500000000001,0.0,40.8
2020-10-13 16:00:56,66.39,9.08,13.674999999999999,70.9,83.495,0.0,40.09
2020-10-13 17:00:56,77.66666666666667,10.575,13.104999999999999,66.91,78.245,0.0,26.73
2020-10-13 18:00:56,79.93333333333332,9.02,12.57,76.67500000000001,107.25999999999999,0.0,9.63
2020-10-13 19:00:56,107.95666666666666,10.875,13.045000000000002,89.065,171.76,0.0,7.95
2020-10-13 20:00:56,138.82666666666668,17.405,12.795000000000002,88.23500000000001,223.385,0.0,6.04
2020-10-13 21:00:56,141.58333333333334,20.755,12.685,73.47,176.56000000000003,0.0,5.45
2020-10-13 22:00:56,123.93333333333334,18.0,13.100000000000001,75.435,147.105,0.0,5.19
2020-10-13 23:00:56,109.58,19.065,12.945,75.285,179.865,0.0,6.56
2020-10-14 00:00:56,103.91,18.69,13.075000000000001,95.71999999999998,162.595,0.0,3.51
2020-10-14 01:00:56,102.39,21.615,15.464999999999998,77.55499999999999,165.57999999999998,0.0,3.47
2020-10-14 02:00:56,100.39,17.595,16.99,83.05,146.14,0.0,6.76
2020-10-14 03:00:56,91.86333333333334,14.104999999999999,16.5,77.24,135.09,0.0,5.85
2020-10-14 04:00:56,82.62,13.479999999999999,16.77,72.08999999999999,119.21499999999999,0.0,5.7
2020-10-14 05:00:56,79.03999999999999,9.975,16.285,76.665,112.53000000000002,0.0,6.44
2020-10-14 06:00:56,72.58666666666667,14.725,15.125,54.879999999999995,113.27499999999999,0.0,3.06
2020-10-14 07:00:56,72.37,18.15,15.780000000000001,52.405,111.085,0.0,1.86
2020-10-14 08:00:56,84.13333333333334,21.385,15.045000000000002,51.56,68.36,0.0,2.17
2020-10-14 09:00:56,109.18,23.554999999999996,20.185,63.81,87.67,0.0,2.43
2020-10-14 10:00:56,125.57000000000001,31.8,15.545,74.07,146.34,0.0,3.27
2020-10-14 11:00:56,120.41,28.89,15.575000000000001,91.165,135.85500000000002,0.0,5.89
2020-10-14 12:00:56,112.11333333333334,18.115,14.030000000000001,94.07,125.13499999999999,0.0,12.39
2020-10-14 13:00:56,95.02,13.83,13.799999999999999,87.985,106.85000000000001,0.0,21.99
2020-10-14 14:00:56,77.07,9.83,13.969999999999999,71.915,82.805,0.0,37.12
2020-10-14 15:00:56,70.13,10.42,13.665,71.72,82.38,0.0,34.51
2020-10-14 16:00:56,60.06666666666666,8.115,13.315,61.080000000000005,70.905,0.0,30.04
2020-10-14 17:00:56,60.72,8.72,13.88,62.544999999999995,73.66499999999999,0.0,27.7
2020-10-14 18:00:56,63.31333333333333,9.96,13.450000000000001,69.11,82.555,0.0,11.3
2020-10-14 19:00:56,81.78333333333333,11.285000000000002,11.82,81.19500000000001,130.07,0.0,5.06
2020-10-14 20:00:56,115.27,12.44,12.464999999999998,97.45,176.92499999999998,0.0,4.74
2020-10-14 21:00:56,120.96333333333332,14.9,12.314999999999998,89.25999999999999,209.67999999999998,0.0,4.39
2020-10-14 22:00:56,109.78666666666666,21.88,12.775,155.355,220.615,0.0,8.89
2020-10-14 23:00:56,91.97666666666667,20.415,12.005,116.935,162.055,0.0,21.4
2020-10-15 00:00:56,74.67999999999999,15.88,11.439999999999998,38.81,44.71,0.0,22.73
2020-10-15 01:00:56,60.126666666666665,16.84,10.79,31.61,37.07,0.0,27.18
2020-10-15 02:00:56,48.88666666666666,12.735,10.950000000000001,26.11,30.89,0.0,36.42
2020-10-15 03:00:56,39.730000000000004,13.31,10.924999999999999,23.099999999999998,27.615,0.0,34.46
2020-10-15 04:00:56,31.293333333333337,9.63,11.04,27.605,32.81,0.0,26.84
2020-10-15 05:00:56,34.56666666666667,10.19,11.285000000000002,38.574999999999996,46.91,0.0,10.35
2020-10-15 06:00:56,33.806666666666665,0.0,11.405000000000001,36.294999999999995,43.48499999999999,0.0,15.19
2020-10-15 07:00:56,41.13666666666666,10.265,12.225,38.17,52.830000000000005,0.0,7.86
2020-10-15 08:00:56,49.27666666666667,5.505,12.344999999999999,37.905,65.0,0.0,4.1
2020-10-15 09:00:56,62.13666666666666,12.1,17.595,38.99,80.21499999999999,0.0,3.08
2020-10-15 10:00:56,84.95666666666666,20.635,17.345,57.215,76.99000000000001,0.0,17.35
2020-10-15 11:00:56,71.04333333333334,15.339999999999998,11.92,49.725,62.26,0.0,18.56
2020-10-15 12:00:56,42.27333333333333,8.19,11.32,45.405,55.495000000000005,0.0,22.57
2020-10-15 13:00:56,36.763333333333335,4.78,11.049999999999999,45.215,56.49,0.0,24.54
2020-10-15 14:00:56,34.79333333333333,3.15,11.115,46.51,63.565,0.0,16.43
2020-10-15 15:00:56,33.11,2.275,11.299999999999999,44.9,66.88499999999999,0.0,14.53
2020-10-15 16:00:56,33.29,1.765,11.39,46.095,74.47,0.0,11.68
2020-10-15 17:00:56,30.756666666666668,4.8,11.58,46.145,76.975,0.0,10.5
2020-10-15 18:00:56,36.266666666666666,7.625,11.54,49.129999999999995,75.77499999999999,0.0,7.96
2020-10-15 19:00:56,47.66333333333333,9.24,7.91,50.050000000000004,71.435,0.0,9.4
2020-10-15 20:00:56,55.05666666666667,7.75,8.2,47.945,58.745000000000005,0.0,18.87
2020-10-15 21:00:56,49.973333333333336,8.395,8.14,44.34,58.574999999999996,0.0,20.39
2020-10-15 22:00:56,46.03,11.12,8.36,48.73499999999999,65.32,0.0,12.3
2020-10-15 23:00:56,46.56666666666666,7.94,9.49,47.125,75.965,0.0,5.24
2020-10-16 00:00:56,47.56,9.525,10.33,35.02,79.32,0.0,4.46
2020-10-16 01:00:56,57.47666666666667,13.37,11.314999999999998,38.83,82.295,0.0,1.55
2020-10-16 02:00:56,67.01666666666667,15.455,10.96,36.285,77.18,0.0,3.2
2020-10-16 03:00:56,70.76666666666667,24.304999999999996,11.405000000000001,37.915,73.48,0.0,4.47
2020-10-16 04:00:56,74.89999999999999,34.62,11.535000000000002,42.55,73.765,0.0,2.73
2020-10-16 05:00:56,72.54666666666667,33.525,10.4,42.69,72.34,0.0,3.04
2020-10-16 06:00:56,71.15,35.72,11.82,38.8,68.52,0.0,2.58
2020-10-16 07:00:56,71.96666666666667,33.765,11.160000000000002,39.78,69.29,0.0,2.96
2020-10-16 08:00:56,77.49333333333334,34.605,11.39,34.34,90.89999999999999,0.0,2.67
2020-10-16 09:00:56,97.15333333333334,35.33,21.25,33.89,119.0,0.0,3.21
2020-10-16 10:00:56,116.22333333333333,36.535,20.15,55.245000000000005,113.36,0.0,5.73
2020-10-16 11:00:56,121.67666666666668,31.785,15.094999999999999,67.31,97.455,0.0,8.67
2020-10-16 12:00:56,83.42,25.61,20.16,67.57,87.48,0.0,16.27
2020-10-16 13:00:56,66.32666666666667,15.979999999999999,15.420000000000002,63.29999999999999,80.27,0.0,19.95
2020-10-16 14:00:56,17.133333333333333,10.405,11.24,35.085,46.935,0.0,24.39
2020-10-16 15:00:56,53.43,6.455000000000001,30.215,42.27,55.580000000000005,0.0,30.61
2020-10-16 16:00:56,80.34333333333333,3.905,27.06,42.43,53.525,0.0,40.31
2020-10-16 17:00:56,48.5,0.0,28.24,8.635,10.89,0.0,0.0
2020-10-16 18:00:56,53.67666666666667,1.0,27.55,28.415000000000003,33.025,0.0,27.75
2020-10-16 19:00:56,77.55666666666667,8.835,25.590000000000003,34.97,63.085,0.0,8.28
2020-10-16 20:00:56,97.41,16.595,23.155,25.060000000000002,117.74000000000001,0.0,6.33
2020-10-16 21:00:56,113.13333333333334,23.53,21.99,26.674999999999997,135.6,0.0,3.41
2020-10-16 22:00:56,129.33333333333331,25.325,22.37,27.274999999999995,33.195,0.0,5.41
2020-10-16 23:00:56,144.91333333333333,29.845,21.855,29.320000000000004,39.075,0.0,6.28
2020-10-17 00:00:56,139.46333333333334,36.37,19.069999999999997,28.92,37.4,0.0,4.3
2020-10-17 01:00:56,126.72333333333334,35.21,17.74,27.929999999999996,34.69,0.0,2.22
2020-10-17 02:00:56,115.41,30.92,17.705,27.615,33.72,0.0,3.14
2020-10-17 03:00:56,107.17333333333333,32.25,15.035000000000002,25.845,30.355,0.0,3.32
2020-10-17 04:00:56,90.30666666666667,27.115,14.37,25.935000000000002,82.63,0.0,3.01
2020-10-17 05:00:56,81.42333333333333,26.399999999999995,14.375,25.644999999999996,73.325,0.0,3.65
2020-10-17 06:00:56,71.48,24.12,13.615,25.095,67.79,0.0,3.37
2020-10-17 07:00:56,64.72333333333333,20.89,12.829999999999998,24.345,80.34,0.0,3.86
2020-10-17 08:00:56,70.87,20.125,13.12,24.090000000000003,31.115,0.0,3.19
2020-10-17 09:00:56,84.48333333333333,32.91,16.79,26.205,38.65,0.0,2.9
2020-10-17 10:00:56,115.75,33.265,15.575000000000001,29.105,45.435,0.0,3.08
2020-10-17 11:00:56,141.56,34.67,16.0,40.645,96.81,0.0,3.37
2020-10-17 12:00:56,139.95333333333332,24.38,14.235,55.99,84.915,0.0,5.6
2020-10-17 13:00:56,109.33333333333333,21.105,14.155000000000001,62.25999999999999,73.665,0.0,6.35
2020-10-17 14:00:56,84.85666666666667,13.79,16.07,52.51500000000001,58.93,0.0,10.69
2020-10-17 15:00:56,68.88,7.965,17.185000000000002,43.32,49.225,0.0,11.05
2020-10-17 16:00:56,59.46,7.489999999999999,18.515,39.615,44.995000000000005,0.0,10.46
2020-10-17 17:00:56,72.71666666666667,10.88,19.315,35.055,39.435,0.0,11.27
2020-10-17 18:00:56,89.04666666666667,7.065,19.245,43.885,52.225,0.0,7.34
2020-10-17 19:00:56,109.80000000000001,13.315,18.01,30.25,162.465,0.0,4.09
2020-10-17 20:00:56,159.49,28.345,17.055,36.095,51.38499999999999,0.0,2.01
2020-10-17 21:00:56,174.67666666666668,32.06,15.549999999999999,37.495,49.685,0.0,5.48
2020-10-17 22:00:56,160.28,24.69,15.410000000000002,38.66,55.65,0.0,5.15
2020-10-17 23:00:56,153.99666666666667,24.100000000000005,15.719999999999999,37.0,55.754999999999995,0.0,6.91
2020-10-18 00:00:56,146.49666666666667,27.47,17.03,35.98,56.59,0.0,6.6
2020-10-18 01:00:56,142.69,22.72,16.145,34.83,57.375,0.0,3.77
2020-10-18 02:00:56,139.63,27.125,16.915000000000003,33.825,54.745000000000005,0.0,3.89
2020-10-18 03:00:56,130.64,28.485,16.47,32.505,50.965,0.0,5.25
2020-10-18 04:00:56,123.49666666666667,34.36,14.295,30.42,45.254999999999995,0.0,3.28
2020-10-18 05:00:56,108.97333333333334,29.915000000000003,15.46,28.540000000000003,40.235,0.0,5.06
2020-10-18 06:00:56,102.38666666666667,34.22,15.89,28.295,84.175,0.0,4.93
2020-10-18 07:00:56,94.83,33.555,14.455,38.73,75.91000000000001,0.0,4.99
2020-10-18 08:00:56,89.99000000000001,30.41,14.955,30.235,93.67,0.0,5.86
2020-10-18 09:00:56,98.66666666666667,30.695000000000004,15.21,31.430000000000003,96.65500000000002,0.0,4.76
2020-10-18 10:00:56,130.48,34.27,14.75,38.74,90.425,0.0,6.1
2020-10-18 11:00:56,129.25333333333333,32.525,13.214999999999998,56.31,75.12,0.0,8.1
2020-10-18 12:00:56,99.41333333333333,21.155,14.905000000000001,59.705000000000005,70.97500000000001,0.0,7.78
2020-10-18 13:00:56,89.49666666666667,14.475,15.534999999999998,55.415,65.575,0.0,9.05
2020-10-18 14:00:56,74.57000000000001,15.53,15.094999999999999,47.215,54.330000000000005,0.0,10.63
2020-10-18 15:00:56,76.38666666666667,8.945,15.805,41.51,45.79,0.0,11.77
2020-10-18 16:00:56,91.50333333333333,10.945,16.76,37.245000000000005,40.91,0.0,13.81
2020-10-18 17:00:56,103.75333333333333,6.669999999999999,17.165,39.14,45.370000000000005,0.0,9.39
2020-10-18 18:00:56,94.50333333333333,12.775,16.285,40.75,50.41,0.0,8.53
2020-10-18 19:00:56,95.52333333333334,18.02,17.26,20.365,72.54,0.0,5.8
2020-10-18 20:00:56,118.71666666666667,24.965,16.875,19.335,93.16000000000001,0.0,4.21
2020-10-18 21:00:56,123.81666666666666,31.535,15.395000000000001,36.93,50.935,0.0,8.31
2020-10-18 22:00:56,94.26333333333334,25.69,14.770000000000001,31.295,45.84,0.0,6.86
2020-10-18 23:00:56,72.17666666666666,16.765,14.36,30.72,50.44,0.0,5.23
2020-10-19 00:00:56,60.916666666666664,9.86,13.530000000000001,33.24,38.69,0.0,15.08
2020-10-19 01:00:56,57.75,10.845,12.39,22.885,26.865,0.0,17.92
2020-10-19 02:00:56,36.64666666666667,13.095,12.435000000000002,13.199999999999998,52.6,0.0,8.41
2020-10-19 03:00:56,32.513333333333335,8.15,12.155000000000001,18.635,35.94,0.0,7.61
2020-10-19 04:00:56,20.18,6.915,11.969999999999999,18.19,35.185,0.0,7.91
2020-10-19 05:00:56,38.13,18.785,11.704999999999998,12.365000000000002,68.495,0.0,6.48
2020-10-19 06:00:56,29.373333333333335,0.0,11.39,18.82,36.765,0.0,7.12
2020-10-19 07:00:56,36.03666666666667,25.28,11.125,12.920000000000002,47.504999999999995,0.0,4.88
2020-10-19 08:00:56,38.33,17.675,10.99,12.270000000000001,77.455,0.0,5.06
2020-10-19 09:00:56,56.95,29.959999999999997,12.589999999999998,13.354999999999999,90.51499999999999,0.0,6.22
2020-10-19 10:00:56,69.25999999999999,33.745,13.12,30.755,50.34,0.0,7.98
2020-10-19 11:00:56,53.10333333333333,17.67,11.96,31.905,39.550000000000004,0.0,18.77
2020-10-19 12:00:56,38.19,11.25,11.945,28.435000000000002,35.23,0.0,19.83
2020-10-19 13:00:56,35.593333333333334,0.0,11.765,25.700000000000003,35.985,0.0,7.64
2020-10-19 14:00:56,29.073333333333334,8.67,12.075000000000001,26.61,34.545,0.0,8.98
2020-10-19 15:00:56,23.276666666666667,7.155,11.949999999999998,26.580000000000002,35.395,0.0,7.36
2020-10-19 16:00:56,31.689999999999998,4.945,11.765,25.944999999999997,34.085,0.0,11.56
2020-10-19 17:00:56,31.87,7.925,12.0,25.735,35.775000000000006,0.0,8.1
2020-10-19 18:00:56,27.34,8.77,12.125,23.905,44.580000000000005,0.0,6.77
2020-10-19 19:00:56,35.13666666666666,11.945,12.325000000000001,27.02,43.865,0.0,9.12
2020-10-19 20:00:56,45.04,7.205000000000001,12.104999999999999,26.820000000000004,41.285000000000004,0.0,11.71
2020-10-19 21:00:56,31.313333333333333,7.23,12.015,24.325,34.225,0.0,12.05
2020-10-19 22:00:56,29.24,4.865,11.68,21.61,31.38,0.0,15.92
2020-10-19 23:00:56,20.226666666666667,3.105,11.515,19.32,23.805000000000003,0.0,26.91
2020-10-20 00:00:56,22.056666666666665,4.435,11.339999999999998,16.08,20.465,0.0,27.75
2020-10-20 01:00:56,18.966666666666665,6.739999999999999,11.43,15.14,19.845,0.0,25.7
2020-10-20 02:00:56,17.96,5.295,11.729999999999999,12.765,15.94,0.0,33.35
2020-10-20 03:00:56,11.34,3.4599999999999995,11.600000000000001,10.42,14.005,0.0,33.87
2020-10-20 04:00:56,14.966666666666667,2.705,11.505,10.07,13.485,0.0,29.44
2020-10-20 05:00:56,10.173333333333334,3.285,11.410000000000002,9.88,13.35,0.0,30.84
2020-10-20 06:00:56,12.476666666666667,0.0,11.335,10.835,14.615,0.0,24.83
2020-10-20 07:00:56,5.926666666666666,2.075,11.415000000000001,14.35,20.405,0.0,17.84
2020-10-20 08:00:56,6.636666666666667,1.49,11.060000000000002,13.085,27.655,0.0,14.85
2020-10-20 09:00:56,13.29,1.515,11.280000000000001,18.825,28.419999999999998,0.0,14.21
2020-10-20 10:00:56,11.113333333333333,1.2,11.265,21.24,28.444999999999997,0.0,18.56
2020-10-20 11:00:56,9.83,1.885,11.064999999999998,20.185,28.565,0.0,18.15
2020-10-20 12:00:56,11.173333333333332,2.4,10.969999999999999,21.055,28.795,0.0,17.7
2020-10-20 13:00:56,13.093333333333334,2.07,10.66,20.24,27.929999999999996,0.0,17.26
2020-10-20 14:00:56,16.093333333333334,3.565,10.829999999999998,20.765,26.919999999999998,0.0,17.29
2020-10-20 15:00:56,9.74,2.27,11.024999999999999,22.23,29.665000000000003,0.0,15.25
2020-10-20 16:00:56,19.03,2.13,10.86,21.439999999999998,30.25,0.0,15.58
2020-10-20 17:00:56,16.46,5.474999999999999,10.674999999999999,21.275,28.255000000000006,0.0,18.78
2020-10-20 18:00:56,20.363333333333333,4.915,10.839999999999998,20.205,26.325,0.0,21.03
2020-10-20 19:00:56,21.423333333333332,4.27,10.895000000000001,20.209999999999997,27.084999999999997,0.0,19.81
2020-10-20 20:00:56,21.80666666666667,6.489999999999999,11.030000000000001,19.38,27.39,0.0,20.08
2020-10-20 21:00:56,18.096666666666668,3.5499999999999994,10.910000000000002,16.695,22.305000000000003,0.0,24.02
2020-10-20 22:00:56,15.05,2.365,11.0,15.585,23.025000000000002,0.0,20.04
2020-10-20 23:00:56,15.09,2.005,10.905000000000001,15.71,23.135,0.0,16.76
2020-10-21 00:00:56,12.886666666666667,2.38,10.795000000000002,15.089999999999998,21.985,0.0,20.93
2020-10-21 01:00:56,11.843333333333334,7.239999999999999,10.76,12.035000000000002,15.765,0.0,31.77
2020-10-21 02:00:56,11.483333333333334,4.6,10.915,9.99,13.075000000000001,0.0,38.52
2020-10-21 03:00:56,8.776666666666667,2.97,10.545,9.375,12.49,0.0,39.45
2020-10-21 04:00:56,6.293333333333333,0.0,10.540000000000001,8.945,12.204999999999998,0.0,35.66
2020-10-21 05:00:56,10.646666666666667,0.0,10.51,9.265,12.545,0.0,34.44
2020-10-21 06:00:56,12.19,0.0,10.719999999999999,9.475,12.6,0.0,33.49
2020-10-21 07:00:56,9.576666666666668,3.855,10.51,12.12,18.805,0.0,22.41
2020-10-21 08:00:56,8.066666666666666,2.155,10.57,12.92,33.855,0.0,11.06
2020-10-21 09:00:56,18.033333333333335,2.075,10.56,17.83,35.205,0.0,10.53
2020-10-21 10:00:56,17.993333333333332,2.905,10.705,19.815,27.540000000000003,0.0,18.87
2020-10-21 11:00:56,14.053333333333333,3.785,10.66,20.11,29.11,0.0,17.81
2020-10-21 12:00:56,11.946666666666665,5.43,10.735,19.54,24.834999999999997,0.0,21.0
2020-10-21 13:00:56,12.306666666666667,6.150000000000001,10.555,18.34,25.034999999999997,0.0,21.54
2020-10-21 14:00:56,17.08,5.405,10.475,19.44,28.385,0.0,16.93
2020-10-21 15:00:56,17.01,3.52,10.86,21.19,27.295,0.0,16.99
2020-10-21 16:00:56,13.183333333333334,2.24,11.135,22.155,28.47,0.0,16.45
2020-10-21 17:00:56,14.0,1.42,11.149999999999999,22.97,30.345,0.0,13.42
2020-10-21 18:00:56,21.776666666666667,2.02,11.225,24.950000000000003,34.915,0.0,11.99
2020-10-21 19:00:56,29.55333333333333,4.555,10.905000000000001,26.045,38.415,0.0,12.28
2020-10-21 20:00:56,26.856666666666666,4.05,11.14,24.75,32.43,0.0,18.48
2020-10-21 21:00:56,27.69333333333333,6.805,10.85,23.825,30.444999999999997,0.0,18.44
2020-10-21 22:00:56,24.556666666666665,4.54,10.905000000000001,20.825,39.65,0.0,9.29
2020-10-21 23:00:56,18.21333333333333,8.38,10.674999999999999,25.515,36.18,0.0,12.76
2020-10-22 00:00:56,25.043333333333333,5.544999999999999,10.770000000000001,28.459999999999997,44.294999999999995,0.0,8.63
2020-10-22 01:00:56,28.706666666666663,7.669999999999999,10.895000000000001,26.42,48.09,0.0,7.16
2020-10-22 02:00:56,34.56333333333333,6.84,11.579999999999998,19.37,46.35,0.0,6.75
2020-10-22 03:00:56,39.343333333333334,12.955,11.855000000000002,27.08,39.29,0.0,7.75
2020-10-22 04:00:56,38.23333333333333,16.225,11.63,24.325000000000003,37.28,0.0,7.24
2020-10-22 05:00:56,52.8,12.755,11.829999999999998,21.855,37.695,0.0,6.18
2020-10-22 06:00:56,54.53,23.065,11.68,20.005,37.85,0.0,5.96
2020-10-22 07:00:56,54.04333333333333,21.765,11.585,13.515,60.685,0.0,5.68
2020-10-22 08:00:56,64.52666666666667,39.82,11.905000000000001,14.21,19.99,0.0,6.03
2020-10-22 09:00:56,89.17,42.555,12.99,15.62,27.355,0.0,6.14
2020-10-22 10:00:56,111.86666666666667,54.385,16.09,21.900000000000002,83.575,0.0,5.62
2020-10-22 11:00:56,87.54333333333332,32.035,14.43,27.88,66.92500000000001,0.0,6.7
2020-10-22 12:00:56,116.32,28.62,13.015,35.565,58.27,0.0,9.34
2020-10-22 13:00:56,85.73333333333333,25.73,12.060000000000002,38.89,47.544999999999995,0.0,18.74
2020-10-22 14:00:56,60.95666666666667,15.225,11.96,36.72,45.68,0.0,11.55
2020-10-22 15:00:56,48.70666666666666,7.945,11.990000000000002,37.805,45.67499999999999,0.0,10.56
2020-10-22 16:00:56,57.123333333333335,7.07,12.305,40.78,50.845,0.0,6.52
2020-10-22 17:00:56,53.77666666666667,11.835,12.305,37.86,58.635,0.0,5.11
2020-10-22 18:00:56,65.03666666666666,12.67,12.524999999999999,31.83,72.605,0.0,3.8
2020-10-22 19:00:56,61.153333333333336,16.38,12.08,38.835,69.565,0.0,4.15
2020-10-22 20:00:56,53.296666666666674,9.665,12.405000000000001,41.505,74.39999999999999,0.0,4.84
2020-10-22 21:00:56,56.916666666666664,12.479999999999999,13.920000000000002,29.51,86.53000000000002,0.0,3.97
2020-10-22 22:00:56,61.71666666666667,12.935,13.975000000000001,27.605,96.24000000000001,0.0,5.97
2020-10-22 23:00:56,70.44666666666667,14.57,12.969999999999999,26.855,34.72,0.0,5.49
2020-10-23 00:00:56,74.55333333333333,17.1,13.5,26.834999999999997,35.865,0.0,6.95
2020-10-23 01:00:56,84.66333333333334,18.135,12.910000000000002,26.48,36.24,0.0,6.49
2020-10-23 02:00:56,63.013333333333335,11.78,13.25,29.11,83.645,0.0,6.85
2020-10-23 03:00:56,65.72,18.7,16.385,25.48,80.02499999999999,0.0,6.13
2020-10-23 04:00:56,65.02,10.53,14.450000000000001,33.57,62.07,0.0,6.49
2020-10-23 05:00:56,66.78333333333333,13.87,13.299999999999999,30.845,56.06,0.0,6.75
2020-10-23 06:00:56,57.92,20.545,12.945,32.074999999999996,51.06,0.0,7.55
2020-10-23 07:00:56,61.303333333333335,17.89,12.64,29.39,59.449999999999996,0.0,6.69
2020-10-23 08:00:56,56.376666666666665,14.525,10.79,20.8,31.355,0.0,6.78
2020-10-23 09:00:56,73.91666666666667,19.915,16.18,22.334999999999997,116.83999999999999,0.0,7.02
2020-10-23 10:00:56,104.83,23.7,15.75,28.070000000000004,78.515,0.0,7.0
2020-10-23 11:00:56,94.45,26.595,12.005,41.16,65.55,0.0,14.21
2020-10-23 12:00:56,89.95,14.735,9.96,43.6,55.294999999999995,0.0,15.17
2020-10-23 13:00:56,72.84666666666666,8.415,9.405,49.71,56.935,0.0,15.24
2020-10-23 14:00:56,68.08333333333333,8.72,9.525,46.574999999999996,51.99,0.0,18.87
2020-10-23 15:00:56,63.8,13.57,11.329999999999998,48.105,56.87,0.0,9.02
2020-10-23 16:00:56,65.96,7.97,13.685000000000002,77.74000000000001,87.505,0.0,25.8
2020-10-23 17:00:56,70.21666666666667,9.985,11.245,76.81,131.17,0.0,7.61
2020-10-23 18:00:56,82.39666666666668,14.86,10.495,84.67,174.365,0.0,4.5
2020-10-23 19:00:56,76.72,9.385,19.095,66.485,49.285,0.0,4.8
2020-10-23 20:00:56,94.32,11.01,16.015,68.12,71.87,0.0,3.86
2020-10-23 21:00:56,101.11333333333334,22.155,15.18,40.11,81.96,0.0,5.61
2020-10-23 22:00:56,115.24333333333333,31.51,16.285,39.004999999999995,78.89,0.0,6.59
2020-10-23 23:00:56,118.25666666666666,29.16,18.915000000000003,38.255,73.08,0.0,6.63
2020-10-24 00:00:56,116.70666666666666,29.24,20.88,43.365,261.405,0.0,6.19
2020-10-24 01:00:56,99.04333333333334,26.12,17.495,45.580000000000005,255.89499999999998,0.0,6.55
2020-10-24 02:00:56,93.80333333333333,21.345,15.719999999999999,59.105,196.4,0.0,5.33
2020-10-24 03:00:56,77.40666666666667,24.395,15.745,67.245,154.29999999999998,0.0,6.75
2020-10-24 04:00:56,64.92333333333333,23.649999999999995,15.395000000000001,63.78,135.28,0.0,6.44
2020-10-24 05:00:56,57.406666666666666,14.18,20.400000000000002,56.27,134.72,0.0,6.51
2020-10-24 06:00:56,64.39666666666666,14.97,16.125,60.964999999999996,117.81,0.0,6.98
2020-10-24 07:00:56,68.26,12.300000000000002,14.525,38.625,163.23,0.0,6.98
2020-10-24 08:00:56,65.70333333333333,12.53,15.149999999999999,27.215000000000003,46.405,0.0,5.84
2020-10-24 09:00:56,90.91333333333334,27.2,16.645,24.745,43.43000000000001,0.0,7.21
2020-10-24 10:00:56,96.97,34.3,22.205,49.754999999999995,211.36,0.0,5.98
2020-10-24 11:00:56,99.53333333333333,33.69,17.89,83.9,195.18499999999997,0.0,6.18
2020-10-24 12:00:56,104.15,33.185,18.01,102.02499999999999,145.905,0.0,6.83
2020-10-24 13:00:56,78.95,21.905,18.03,109.23,145.145,0.0,7.47
2020-10-24 14:00:56,75.83333333333334,18.565,18.855,112.01,150.32,0.0,7.09
2020-10-24 15:00:56,64.74333333333333,14.595,21.42,105.27499999999999,118.895,0.0,6.39
2020-10-24 16:00:56,56.52333333333333,8.535,19.9,103.38,143.44,0.0,5.93
2020-10-24 17:00:56,65.76666666666667,11.96,22.274999999999995,106.80499999999999,153.955,0.0,4.01
2020-10-24 18:00:56,90.35333333333334,20.37,20.51,74.44,38.795,0.0,2.96
2020-10-24 19:00:56,153.7,32.97,16.14,65.955,45.51500000000001,0.0,5.8
2020-10-24 20:00:56,183.46,30.925,15.255,49.715,58.72,0.0,5.2
2020-10-24 21:00:56,189.81666666666666,41.775,15.85,36.675,58.285,0.0,7.78
2020-10-24 22:00:56,177.08666666666667,40.46,15.125,40.43,61.46,0.0,7.01
2020-10-24 23:00:56,159.54666666666668,31.42,14.565,35.38,62.155,0.0,6.49
2020-10-25 00:00:56,140.72,30.19,14.785000000000002,35.25,61.645,0.0,6.23
2020-10-25 01:00:56,139.47333333333333,30.48,14.875,36.805,58.285,0.0,6.29
2020-10-25 02:00:56,119.77666666666667,24.929999999999996,14.515,38.98,240.91,0.0,5.63
2020-10-25 03:00:56,103.77666666666667,30.625,13.969999999999999,52.620000000000005,204.215,0.0,6.57
2020-10-25 04:00:56,100.88333333333333,25.76,15.14,67.36500000000001,142.9,0.0,7.06
2020-10-25 05:00:56,82.99000000000001,23.850000000000005,13.65,47.415,157.545,0.0,6.87
2020-10-25 06:00:56,87.82,22.265,13.799999999999999,49.745000000000005,143.765,0.0,6.01
2020-10-25 07:00:56,85.97,21.875,13.899999999999999,41.895,154.54,0.0,6.07
2020-10-25 08:00:56,89.92333333333333,26.09,13.660000000000002,43.745000000000005,152.905,0.0,6.11
2020-10-25 09:00:56,99.14333333333333,30.66,14.795000000000002,39.095,180.1,0.0,5.98
2020-10-25 10:00:56,121.07333333333332,33.935,16.355,76.86,148.655,0.0,6.38
2020-10-25 11:00:56,128.33333333333334,34.815,16.61,87.38,126.28000000000002,0.0,9.82
2020-10-25 12:00:56,113.58,32.045,16.92,90.96,111.02,0.0,11.51
2020-10-25 13:00:56,93.05,23.405,16.92,95.09499999999998,111.055,0.0,11.63
2020-10-25 14:00:56,88.32000000000001,17.485,18.25,84.165,92.63499999999999,0.0,15.42
2020-10-25 15:00:56,79.64666666666666,16.2,19.319999999999997,87.755,105.41000000000001,0.0,11.35
2020-10-25 16:00:56,68.96000000000001,8.6,18.21,76.295,87.05,0.0,14.85
2020-10-25 17:00:56,51.71,7.845,19.155,97.31,122.005,0.0,10.3
2020-10-25 18:00:56,49.38666666666667,13.99,17.145,79.49000000000001,211.83500000000004,0.0,6.07
2020-10-25 19:00:56,91.79666666666667,15.685,13.815,77.82,38.9,0.0,7.99
2020-10-25 20:00:56,111.91666666666667,22.235,14.469999999999999,83.395,55.42499999999999,0.0,5.21
2020-10-25 21:00:56,118.61666666666667,21.929999999999996,13.555,75.63,67.26,0.0,6.68
2020-10-25 22:00:56,120.83666666666666,22.725000000000005,16.655,44.945,71.895,0.0,6.37
2020-10-25 23:00:56,129.97666666666666,30.925,16.53,56.72,75.475,0.0,6.23
2020-10-26 00:00:56,125.08666666666667,23.070000000000004,14.74,37.375,70.03,0.0,6.05
2020-10-26 01:00:56,107.48333333333335,23.935,14.774999999999999,67.25,223.42,0.0,6.25
2020-10-26 02:00:56,100.79666666666667,21.834999999999997,16.03,75.26,186.845,0.0,6.17
2020-10-26 03:00:56,83.14,14.835,14.449999999999998,81.065,150.42,0.0,7.11
2020-10-26 04:00:56,68.50333333333333,19.565,16.16,80.995,142.56,0.0,7.19
2020-10-26 05:00:56,69.23333333333333,12.6,14.235,79.425,123.38999999999999,0.0,5.77
2020-10-26 06:00:56,61.56666666666666,17.26,14.995,78.29,120.46499999999999,0.0,6.82
2020-10-26 07:00:56,63.883333333333326,18.42,14.865,47.074999999999996,207.72,0.0,6.82
2020-10-26 08:00:56,79.21333333333334,17.17,14.450000000000001,33.199999999999996,60.32500000000001,0.0,6.32
2020-10-26 09:00:56,103.42333333333332,29.625,15.875,31.715000000000003,68.805,0.0,7.15
2020-10-26 10:00:56,149.02666666666667,33.155,16.91,55.85,259.3,0.0,6.24
2020-10-26 11:00:56,186.50333333333333,38.85,17.79,99.47499999999998,188.865,0.0,7.63
2020-10-26 12:00:56,135.12333333333333,29.875,17.77,115.39999999999999,182.03,0.0,6.64
2020-10-26 13:00:56,123.59666666666666,28.16,17.59,129.71,172.26,0.0,7.51
2020-10-26 14:00:56,118.41,21.435,18.16,135.21,171.17999999999998,0.0,8.29
2020-10-26 15:00:56,105.01666666666667,16.355,18.915000000000003,137.68,170.235,0.0,7.5
2020-10-26 16:00:56,97.13,18.375,17.73,135.22500000000002,170.46,0.0,8.49
2020-10-26 17:00:56,81.10000000000001,10.025,17.24,109.585,192.30000000000004,0.0,9.22
2020-10-26 18:00:56,97.85666666666667,10.575,15.100000000000001,108.30499999999999,234.20000000000002,0.0,8.08
2020-10-26 19:00:56,143.19333333333333,7.239999999999999,13.704999999999998,120.03000000000002,233.75,0.0,7.98
2020-10-26 20:00:56,145.44,12.145000000000001,16.165,79.315,59.725,0.0,7.89
2020-10-26 21:00:56,164.82666666666668,28.850000000000005,15.735,105.11500000000001,245.17999999999998,0.0,5.06
2020-10-26 22:00:56,145.69,25.36,17.900000000000002,61.565,62.629999999999995,0.0,6.57
2020-10-26 23:00:56,156.38666666666666,32.59,17.59,70.73,248.10500000000002,0.0,6.26
2020-10-27 00:00:56,158.18666666666667,33.97,16.810000000000002,83.96499999999999,224.045,0.0,6.22
2020-10-27 01:00:56,121.66666666666667,24.045,17.77,48.31,244.115,0.0,6.85
2020-10-27 02:00:56,136.55333333333334,30.274999999999995,14.844999999999999,76.79,208.335,0.0,6.53
2020-10-27 03:00:56,102.67,27.61,16.044999999999998,66.885,194.64000000000001,0.0,5.71
2020-10-27 04:00:56,96.63333333333333,23.429999999999996,12.13,76.855,176.65,0.0,6.37
2020-10-27 05:00:56,88.00333333333333,23.75,14.165,84.325,150.42999999999998,0.0,5.54
2020-10-27 06:00:56,82.36666666666667,18.46,13.660000000000002,79.83,135.185,0.0,5.86
2020-10-27 07:00:56,72.3,14.33,12.695,44.27,185.97000000000003,0.0,6.42
2020-10-27 08:00:56,90.41666666666667,19.835,12.979999999999999,30.115,52.56,0.0,5.77
2020-10-27 09:00:56,123.51,25.89,13.464999999999998,31.245,64.475,0.0,5.64
2020-10-27 10:00:56,169.54,32.38,13.49,38.53,86.11500000000001,0.0,6.97
2020-10-27 11:00:56,194.10000000000002,44.055,15.520000000000001,85.27,87.76999999999998,0.0,6.08
2020-10-27 12:00:56,188.12,37.785,12.46,112.33,246.97000000000003,0.0,7.04
2020-10-27 13:00:56,159.49333333333334,32.995,9.905,119.62,200.545,0.0,6.49
2020-10-27 14:00:56,101.86333333333333,17.38,9.545,122.365,164.525,0.0,7.26
2020-10-27 15:00:56,87.60666666666667,9.78,10.04,103.05,119.08,0.0,22.1
2020-10-27 16:00:56,85.88999999999999,6.79,10.035,60.129999999999995,68.055,0.0,60.93
2020-10-27 17:00:56,91.75333333333333,12.015,9.305,74.155,83.64,0.0,34.81
2020-10-27 18:00:56,99.09666666666666,19.02,9.29,100.44,200.11,0.0,9.85
2020-10-27 19:00:56,133.78333333333333,18.435,10.275,97.235,60.495000000000005,0.0,8.74
2020-10-27 20:00:56,186.72333333333336,21.72,10.025,66.705,62.775,0.0,5.75
2020-10-27 21:00:56,198.59,30.19,13.505,42.695,58.905,0.0,5.86
2020-10-27 22:00:56,178.38333333333333,32.745,19.22,41.525000000000006,56.275,0.0,6.32
2020-10-27 23:00:56,182.33666666666667,42.965,17.7,62.495000000000005,52.875,0.0,6.05
2020-10-28 00:00:56,152.55666666666667,41.76,20.2,58.565,56.72,0.0,6.21
2020-10-28 01:00:56,145.03666666666666,41.185,18.86,87.43,220.39499999999998,0.0,6.44
2020-10-28 02:00:56,126.56,30.14,16.8,94.13,191.85500000000002,0.0,6.67
2020-10-28 03:00:56,110.22,23.600000000000005,17.26,91.34499999999998,172.22,0.0,5.43
2020-10-28 04:00:56,95.03666666666666,23.959999999999997,18.400000000000002,95.63,147.155,0.0,5.11
2020-10-28 05:00:56,94.48333333333333,24.785,17.49,88.75999999999999,132.85500000000002,0.0,5.59
2020-10-28 06:00:56,94.00999999999999,24.865,20.419999999999998,85.245,127.82000000000001,0.0,5.43
2020-10-28 07:00:56,91.14666666666666,25.91,23.724999999999998,65.155,155.28,0.0,5.0
2020-10-28 08:00:56,110.05666666666667,30.575,24.064999999999998,41.455,215.42,0.0,5.03
2020-10-28 09:00:56,126.51666666666667,34.035,21.775000000000002,39.845,59.60999999999999,0.0,5.48
2020-10-28 10:00:56,175.79,30.67,23.224999999999998,85.75999999999999,214.835,0.0,5.16
2020-10-28 11:00:56,184.25666666666666,35.885,29.909999999999997,88.00999999999999,254.46,0.0,5.52
2020-10-28 12:00:56,218.5533333333333,44.18,28.98,122.02999999999999,223.165,0.0,5.62
2020-10-28 13:00:56,190.28666666666666,32.28,23.445000000000004,123.075,192.395,0.0,6.03
2020-10-28 14:00:56,140.59,24.665000000000003,17.544999999999998,85.31,106.205,0.0,38.24
2020-10-28 15:00:56,98.84333333333333,18.615,15.549999999999999,55.025,63.11000000000001,0.0,68.07
2020-10-28 16:00:56,92.84333333333335,12.770000000000001,14.64,78.32,85.33,0.0,11.8
2020-10-28 17:00:56,90.28333333333333,13.01,14.1,86.835,96.39,0.0,10.06
2020-10-28 18:00:56,92.64666666666668,15.055,15.535000000000002,88.92500000000001,192.47000000000003,0.0,5.17
2020-10-28 19:00:56,132.39333333333335,20.09,14.145000000000001,44.935,48.13499999999999,0.0,3.89
2020-10-28 20:00:56,166.81,30.315,14.37,57.025,59.065,0.0,4.62
2020-10-28 21:00:56,177.96666666666667,31.645,14.905000000000001,43.25,62.34,0.0,4.17
2020-10-28 22:00:56,170.66,32.81,14.094999999999999,45.27,64.185,0.0,5.47
2020-10-28 23:00:56,173.3033333333333,39.89,14.314999999999998,52.54999999999999,63.07500000000001,0.0,6.39
2020-10-29 00:00:56,149.80666666666667,29.3,15.79,50.07,62.07500000000001,0.0,5.47
2020-10-29 01:00:56,137.36666666666667,31.86,14.979999999999999,43.035,55.919999999999995,0.0,5.17
2020-10-29 02:00:56,121.50666666666666,34.725,13.895000000000001,59.370000000000005,229.915,0.0,5.44
2020-10-29 03:00:56,114.49333333333334,29.75,13.979999999999999,72.935,188.345,0.0,4.92
2020-10-29 04:00:56,100.46000000000001,21.635,15.084999999999999,58.13499999999999,189.655,0.0,5.98
2020-10-29 05:00:56,97.43,24.100000000000005,17.465,73.88499999999999,152.88,0.0,4.81
2020-10-29 06:00:56,88.72333333333333,20.615,16.135,73.09,138.48,0.0,4.69
2020-10-29 07:00:56,82.36666666666667,18.005,15.135,56.27,155.595,0.0,5.3
2020-10-29 08:00:56,78.78999999999999,20.42,15.54,35.27,218.595,0.0,5.43
2020-10-29 09:00:56,99.44,23.685,18.25,31.08,44.465,0.0,5.77
2020-10-29 10:00:56,123.16666666666667,41.98,15.665,70.33,200.135,0.0,6.51
2020-10-29 11:00:56,126.95333333333332,36.39,18.095,96.06,133.845,0.0,10.09
2020-10-29 12:00:56,109.96666666666665,21.015,15.469999999999999,89.73,115.53500000000001,0.0,14.25
2020-10-29 13:00:56,92.39333333333333,15.725,13.185,80.21499999999999,92.59500000000001,0.0,17.45
2020-10-29 14:00:56,66.75666666666667,9.08,14.149999999999999,60.254999999999995,67.865,0.0,33.24
2020-10-29 15:00:56,61.28666666666666,6.864999999999999,13.850000000000001,80.47,89.645,0.0,10.83
2020-10-29 16:00:56,67.47,10.66,15.93,69.315,79.635,0.0,19.32
2020-10-29 17:00:56,89.41,9.25,13.915,70.45,80.91,0.0,14.71
2020-10-29 18:00:56,77.96666666666667,15.655,14.31,71.98,93.95,0.0,14.17
2020-10-29 19:00:56,86.92,15.89,12.964999999999998,75.97,171.43999999999997,0.0,5.62
2020-10-29 20:00:56,94.37333333333333,20.625,12.81,75.3,177.83499999999995,0.0,5.11
2020-10-29 21:00:56,102.66666666666667,23.774999999999995,12.975,71.11,197.30499999999998,0.0,4.99
2020-10-29 22:00:56,99.06333333333333,20.205,13.17,78.795,176.24,0.0,4.93
2020-10-29 23:00:56,99.53333333333335,19.78,13.205,73.685,178.87,0.0,5.3
2020-10-30 00:00:56,81.62,18.42,12.905000000000001,81.13499999999999,154.23,0.0,5.93
2020-10-30 01:00:56,66.59,14.53,13.15,83.185,133.285,0.0,4.98
2020-10-30 02:00:56,55.65,14.365,13.165,76.805,114.79,0.0,5.39
2020-10-30 03:00:56,44.263333333333335,9.725,12.655000000000001,72.955,98.00999999999999,0.0,5.5
2020-10-30 04:00:56,38.86,14.35,12.214999999999998,64.22,99.045,0.0,5.72
2020-10-30 05:00:56,38.263333333333335,11.300000000000002,12.315,63.285000000000004,90.53500000000001,0.0,5.65
2020-10-30 06:00:56,38.97666666666667,13.4,12.189999999999998,64.995,95.42,0.0,4.79
2020-10-30 07:00:56,46.14333333333334,18.165,12.475,61.905,105.83999999999999,0.0,5.6
2020-10-30 08:00:56,49.78666666666666,16.76,13.755,28.169999999999998,176.63,0.0,5.32
2020-10-30 09:00:56,65.80666666666667,14.949999999999998,17.495,21.035,196.535,0.0,3.9
2020-10-30 10:00:56,115.81666666666666,31.55,17.47,46.76500000000001,162.62,0.0,4.99
2020-10-30 11:00:56,131.18666666666667,39.41,16.5,76.52,140.64499999999998,0.0,4.37
2020-10-30 12:00:56,109.32,27.825,15.335,84.13,124.0,0.0,8.36
2020-10-30 13:00:56,74.86,17.585,14.469999999999999,82.62,103.855,0.0,8.16
2020-10-30 14:00:56,54.900000000000006,9.22,15.459999999999999,83.045,102.58999999999999,0.0,8.64
2020-10-30 15:00:56,45.28333333333333,5.474999999999999,15.280000000000001,79.045,99.76,0.0,6.39
2020-10-30 16:00:56,47.04,4.36,14.555,81.28500000000001,126.08999999999999,0.0,4.77
2020-10-30 17:00:56,33.653333333333336,7.435,14.469999999999999,84.405,101.83999999999999,0.0,9.83
2020-10-30 18:00:56,42.80666666666667,4.405,16.38,88.10500000000002,143.255,0.0,4.98
2020-10-30 19:00:56,67.12666666666667,3.8250000000000006,15.975000000000001,83.05,172.65499999999997,0.0,5.23
2020-10-30 20:00:56,80.44666666666667,8.12,16.150000000000002,84.52499999999999,137.18,0.0,5.14
2020-10-30 21:00:56,64.52333333333333,13.545,13.89,65.82,120.83999999999999,0.0,4.63
2020-10-30 22:00:56,51.513333333333335,23.13,13.46,59.43,80.315,0.0,7.43
2020-10-30 23:00:56,46.57666666666667,22.605,12.82,44.73,70.61,0.0,8.12
2020-10-31 00:00:56,32.47666666666667,23.455,12.76,38.805,73.585,0.0,9.45
2020-10-31 01:00:56,34.04333333333334,0.0,11.58,38.815,75.585,0.0,5.53
2020-10-31 02:00:56,31.083333333333332,0.0,11.36,47.135,64.14,0.0,8.26
2020-10-31 03:00:56,24.24,0.0,11.245,39.585,60.615,0.0,7.75
2020-10-31 04:00:56,14.196666666666667,8.745,11.29,37.405,47.35,0.0,12.02
2020-10-31 05:00:56,18.4,4.91,11.259999999999998,32.435,41.085,0.0,15.11
2020-10-31 06:00:56,11.35,3.715,11.204999999999998,27.885,35.865,0.0,18.45
2020-10-31 07:00:56,19.21333333333333,0.0,11.424999999999999,22.51,29.45,0.0,31.17
2020-10-31 08:00:56,19.34,5.11,11.58,29.355,38.66,0.0,23.6
2020-10-31 09:00:56,34.09,3.69,12.354999999999999,35.09,45.28,0.0,23.55
2020-10-31 10:00:56,32.08,7.89,12.37,36.065,46.04,0.0,23.68
2020-10-31 11:00:56,37.67333333333333,10.729999999999999,12.83,28.47,37.975,0.0,31.38
2020-10-31 12:00:56,33.736666666666665,5.94,12.385,27.179999999999996,35.255,0.0,36.41
2020-10-31 13:00:56,34.93666666666667,3.9599999999999995,12.634999999999998,36.695,47.115,0.0,22.74
2020-10-31 14:00:56,25.676666666666666,5.75,12.755,33.78,43.52,0.0,33.16
2020-10-31 15:00:56,23.193333333333335,8.62,13.159999999999998,23.709999999999997,31.715000000000003,0.0,49.03
2020-10-31 16:00:56,19.66,5.03,12.82,22.689999999999998,30.805000000000003,0.0,50.35
2020-10-31 17:00:56,20.763333333333335,2.85,13.209999999999999,30.8,39.4,0.0,40.02
2020-10-31 18:00:56,24.16,3.4949999999999997,12.395000000000001,57.54,75.64999999999999,0.0,9.64
2020-10-31 19:00:56,23.37,12.81,12.57,66.14,124.24000000000001,0.0,5.43
2020-10-31 20:00:56,48.666666666666664,18.605,12.435,68.25,139.46,0.0,5.32
2020-10-31 21:00:56,50.96666666666667,24.325,12.5,53.300000000000004,173.51999999999998,0.0,5.53
2020-10-31 22:00:56,67.92666666666666,26.545,12.649999999999999,50.71,169.04500000000002,0.0,6.19
2020-10-31 23:00:56,57.41333333333333,22.845,12.924999999999999,47.915,167.29000000000002,0.0,5.01
2020-11-01 00:00:56,63.74333333333333,23.14,13.745,45.900000000000006,158.035,0.0,4.58
2020-11-01 01:00:56,69.76,29.929999999999996,13.475000000000001,51.875,119.87,0.0,4.69
2020-11-01 02:00:56,93.38,32.35,14.75,39.305,131.83,0.0,6.43
2020-11-01 03:00:56,65.85666666666667,36.77,13.600000000000001,40.88,106.675,0.0,5.62
2020-11-01 04:00:56,56.03666666666666,30.304999999999996,14.834999999999999,37.06,93.815,0.0,5.36
2020-11-01 05:00:56,72.16666666666666,42.215,17.98,38.19,92.445,0.0,5.83
2020-11-01 06:00:56,70.53,0.0,14.920000000000002,41.574999999999996,77.98,0.0,5.57
2020-11-01 07:00:56,70.72666666666667,0.0,13.815,36.605,76.04,0.0,5.43
2020-11-01 08:00:56,67.10333333333334,45.51500000000001,14.51,26.049999999999997,90.995,0.0,6.15
2020-11-01 09:00:56,75.45,48.419999999999995,19.09,20.745,137.455,0.0,4.89
2020-11-01 10:00:56,77.87333333333333,40.645,21.755,43.824999999999996,101.005,0.0,10.23
2020-11-01 11:00:56,76.67,39.485,16.26,47.879999999999995,65.065,0.0,25.02
2020-11-01 12:00:56,57.53666666666667,29.44,13.62,43.64000000000001,53.085,0.0,34.49
2020-11-01 13:00:56,37.78666666666666,19.35,12.995,40.919999999999995,48.97,0.0,28.15
2020-11-01 14:00:56,40.36666666666667,16.16,12.884999999999998,43.669999999999995,53.345,0.0,18.19
2020-11-01 15:00:56,29.276666666666667,10.655,12.49,45.47,57.625,0.0,11.66
2020-11-01 16:00:56,31.493333333333336,6.845,12.525,47.84,61.26500000000001,0.0,8.84
2020-11-01 17:00:56,30.6,6.96,12.725000000000001,45.995000000000005,58.870000000000005,0.0,13.4
2020-11-01 18:00:56,30.236666666666668,7.735,12.844999999999999,55.64000000000001,70.61500000000001,0.0,9.05
2020-11-01 19:00:56,33.446666666666665,10.085,12.885,58.48500000000001,93.17,0.0,6.18
2020-11-01 20:00:56,43.803333333333335,18.75,12.88,42.97,119.86,0.0,5.05
2020-11-01 21:00:56,55.96333333333334,22.72,13.100000000000001,28.935000000000002,156.0,0.0,4.77
2020-11-01 22:00:56,53.31333333333333,23.179999999999996,12.885,43.405,140.045,0.0,5.78
2020-11-01 23:00:56,50.666666666666664,25.17,13.14,48.21,125.19,0.0,5.43
2020-11-02 00:00:56,47.03666666666667,22.895,12.975000000000001,51.34,91.985,0.0,8.45
2020-11-02 01:00:56,33.39,0.0,12.74,52.955000000000005,84.015,0.0,8.32
2020-11-02 02:00:56,33.39333333333333,12.92,12.924999999999999,46.23,103.505,0.0,5.16
2020-11-02 03:00:56,46.91333333333333,10.625,13.38,40.545,94.815,0.0,4.09
2020-11-02 04:00:56,58.72333333333333,19.175,13.985,38.845,81.625,0.0,5.64
2020-11-02 05:00:56,53.56999999999999,0.0,15.055,41.18,74.26,0.0,4.86
2020-11-02 06:00:56,64.99333333333334,35.46,13.910000000000002,35.64,74.145,0.0,3.37
2020-11-02 07:00:56,59.56666666666666,38.415,16.54,28.695000000000004,96.49,0.0,4.57
2020-11-02 08:00:56,65.78666666666666,39.53,16.295,21.965000000000003,167.545,0.0,5.23
2020-11-02 09:00:56,77.33666666666667,36.88,18.035,31.55,132.785,0.0,4.39
2020-11-02 10:00:56,85.63,42.62,17.67,46.294999999999995,105.755,0.0,7.49
2020-11-02 11:00:56,60.29666666666667,29.005,14.79,59.705000000000005,114.005,0.0,7.57
2020-11-02 12:00:56,62.98,22.820000000000004,13.795000000000002,69.55499999999999,112.48000000000002,0.0,8.17
2020-11-02 13:00:56,55.61666666666667,16.15,12.975000000000001,57.19,68.67,0.0,26.44
2020-11-02 14:00:56,33.46,16.01,12.79,49.46,59.62,0.0,26.88
2020-11-02 15:00:56,27.066666666666666,8.785,12.784999999999998,42.294999999999995,49.81,0.0,30.71
2020-11-02 16:00:56,17.17,4.74,13.205,44.25,52.6,0.0,27.59
2020-11-02 17:00:56,18.636666666666667,3.0849999999999995,13.535000000000002,54.67499999999999,68.66000000000001,0.0,20.19
2020-11-02 18:00:56,39.23666666666667,3.3250000000000006,13.215000000000002,60.48499999999999,142.15,0.0,9.01
2020-11-02 19:00:56,109.75999999999999,8.505,13.385,80.425,169.1,0.0,4.75
2020-11-02 20:00:56,133.54333333333332,10.21,13.594999999999999,59.375,179.34500000000003,0.0,5.25
2020-11-02 21:00:56,104.31,19.755,16.565,35.975,208.29,0.0,2.96
2020-11-02 22:00:56,106.10666666666667,30.84,17.345,60.725,140.13,0.0,4.2
2020-11-02 23:00:56,109.27,36.49,16.085,47.385,136.83,0.0,3.38
2020-11-03 00:00:56,91.59333333333333,44.82,15.995,49.69,145.49,0.0,4.76
2020-11-03 01:00:56,70.69,41.125,16.3,33.8,151.98000000000002,0.0,4.35
2020-11-03 02:00:56,86.02666666666667,50.745,18.330000000000002,31.284999999999997,138.42999999999998,0.0,4.47
2020-11-03 03:00:56,89.19666666666667,51.025,17.055,50.26,93.855,0.0,5.36
2020-11-03 04:00:56,57.22666666666667,39.7,17.580000000000002,42.4,96.25,0.0,5.14
2020-11-03 05:00:56,64.9,39.065,19.0,50.620000000000005,80.555,0.0,3.18
2020-11-03 06:00:56,58.6,31.545,21.205000000000002,47.965,87.28000000000002,0.0,4.44
2020-11-03 07:00:56,66.09666666666666,33.675,16.895,48.22,91.185,0.0,3.88
2020-11-03 08:00:56,68.45666666666666,33.76,14.37,27.485,182.885,0.0,3.71
2020-11-03 09:00:56,75.42333333333333,46.330000000000005,22.89,27.569999999999997,215.56499999999997,0.0,4.64
2020-11-03 10:00:56,103.37666666666667,48.07,26.36,52.080000000000005,128.39,0.0,6.41
2020-11-03 11:00:56,110.84,41.39,20.345,65.24,138.69,0.0,5.96
2020-11-03 12:00:56,101.39,39.005,17.09,81.675,125.88999999999999,0.0,7.91
2020-11-03 13:00:56,83.49333333333334,29.825,14.589999999999998,83.87,104.82,0.0,15.01
2020-11-03 14:00:56,62.46000000000001,23.06,13.159999999999998,81.245,106.02500000000002,0.0,15.17
2020-11-03 15:00:56,41.95333333333333,12.21,15.13,63.544999999999995,72.65,0.0,27.42
2020-11-03 16:00:56,45.56999999999999,7.099999999999999,13.540000000000001,58.94,67.335,0.0,29.9
2020-11-03 17:00:56,54.620000000000005,8.115,13.765,61.125,71.445,0.0,24.24
2020-11-03 18:00:56,56.82,16.695,13.050000000000002,78.28,109.09499999999998,0.0,10.23
2020-11-03 19:00:56,73.48333333333333,15.845,15.189999999999998,59.48499999999999,228.26,0.0,4.2
2020-11-03 20:00:56,109.99666666666667,29.765,16.075,49.365,59.835,0.0,4.66
2020-11-03 21:00:56,120.55333333333334,37.995,14.490000000000002,57.05500000000001,254.225,0.0,4.28
2020-11-03 22:00:56,127.73333333333332,46.35,14.63,42.345,254.04999999999998,0.0,5.03
2020-11-03 23:00:56,129.19666666666666,51.82,16.175,48.04,244.455,0.0,4.88
2020-11-04 00:00:56,119.79666666666668,51.53,15.88,37.875,233.245,0.0,6.12
2020-11-04 01:00:56,109.25333333333333,57.26500000000001,19.05,38.695,219.45000000000002,0.0,5.93
2020-11-04 02:00:56,80.52,53.635,15.735,67.54,134.01,0.0,5.46
2020-11-04 03:00:56,72.04,46.84,15.475,63.9,134.615,0.0,5.66
2020-11-04 04:00:56,66.36,43.455000000000005,17.68,50.81,139.44,0.0,6.13
2020-11-04 05:00:56,71.51333333333334,47.72,15.670000000000002,60.155,121.02499999999999,0.0,6.22
2020-11-04 06:00:56,65.62333333333333,40.995,17.385,69.07,85.74000000000001,0.0,7.98
2020-11-04 07:00:56,61.51333333333333,34.395,17.265,57.044999999999995,121.77499999999999,0.0,6.29
2020-11-04 08:00:56,66.72333333333333,33.355,16.875,38.78,199.125,0.0,5.36
2020-11-04 09:00:56,79.92666666666668,37.5,21.409999999999997,37.824999999999996,186.975,0.0,6.93
2020-11-04 10:00:56,154.24666666666667,44.335,21.784999999999997,35.400000000000006,211.53,0.0,6.62
2020-11-04 11:00:56,137.06333333333333,51.125,17.085,61.23499999999999,154.61,0.0,5.89
2020-11-04 12:00:56,129.05333333333334,42.1,15.51,56.495000000000005,180.665,0.0,5.45
2020-11-04 13:00:56,145.47333333333333,50.165,15.285000000000002,46.44,196.015,0.0,5.8
2020-11-04 14:00:56,153.85,73.965,15.450000000000001,43.25999999999999,181.57000000000002,0.0,6.52
2020-11-04 15:00:56,170.41,110.59999999999998,14.87,55.085,135.775,0.0,7.15
2020-11-04 16:00:56,96.83333333333333,0.0,13.805,62.78,131.86,0.0,6.87
2020-11-04 17:00:56,49.67333333333333,0.0,13.37,68.1,97.48,0.0,10.99
2020-11-04 18:00:56,30.933333333333334,0.0,13.335,65.12,125.92,0.0,6.84
2020-11-04 19:00:56,32.910000000000004,0.0,13.46,57.199999999999996,154.615,0.0,6.83
2020-11-04 20:00:56,37.03666666666667,0.0,13.165000000000001,52.300000000000004,164.0,0.0,6.52
2020-11-04 21:00:56,43.45333333333333,0.0,13.135,72.31,111.055,0.0,6.87
2020-11-04 22:00:56,30.60666666666667,0.0,12.755,67.41499999999999,100.82,0.0,8.01
2020-11-04 23:00:56,25.85333333333333,11.75,12.765,50.725,127.72000000000001,0.0,6.85
2020-11-05 00:00:56,29.25,14.88,12.659999999999998,65.98,100.88,0.0,6.42
2020-11-05 01:00:56,24.84,0.0,12.185000000000002,64.71,89.82499999999999,0.0,8.09
2020-11-05 02:00:56,17.71333333333333,0.0,12.145000000000001,58.089999999999996,88.355,0.0,5.44
2020-11-05 03:00:56,26.61,12.61,12.035000000000002,50.48500000000001,68.25999999999999,0.0,7.76
2020-11-05 04:00:56,25.413333333333334,12.520000000000001,12.094999999999999,47.07,62.04,0.0,8.08
2020-11-05 05:00:56,28.536666666666665,9.725,12.26,44.645,62.805,0.0,8.46
2020-11-05 06:00:56,34.68,14.339999999999998,12.104999999999999,39.35,76.27499999999999,0.0,5.68
2020-11-05 07:00:56,35.946666666666665,17.5,12.385,38.1,50.87,0.0,17.2
2020-11-05 08:00:56,21.696666666666665,9.005,12.274999999999999,41.69,111.69,0.0,4.69
2020-11-05 09:00:56,18.7,0.0,12.424999999999999,30.785,162.195,0.0,4.58
2020-11-05 10:00:56,24.523333333333333,0.0,12.85,52.47,111.49,0.0,5.92
2020-11-05 11:00:56,32.01333333333333,12.92,13.38,61.080000000000005,90.995,0.0,8.74
2020-11-05 12:00:56,34.44,9.055,2.885,60.81,82.575,0.0,10.03
2020-11-05 13:00:56,35.083333333333336,7.974999999999999,10.36,0.0,0.0,0.0,8.46
2020-11-05 14:00:56,31.986666666666668,5.825,12.195,56.830000000000005,79.2,0.0,10.24
2020-11-05 15:00:56,24.740000000000002,4.055,12.240000000000002,54.335,77.37,0.0,9.03
2020-11-05 16:00:56,33.77333333333333,8.355,12.515,54.214999999999996,82.205,0.0,5.9
2020-11-05 17:00:56,36.10666666666667,9.06,12.399999999999999,51.964999999999996,74.02,0.0,9.41
2020-11-05 18:00:56,30.586666666666666,6.035,10.3,50.84,75.995,0.0,7.97
2020-11-05 19:00:56,29.956666666666663,9.185,10.35,33.705,163.795,0.0,3.91
2020-11-05 20:00:56,43.150000000000006,10.945,10.385,45.595,168.62,0.0,3.44
2020-11-05 21:00:56,47.89666666666667,13.195,10.465,60.199999999999996,157.83,0.0,3.07
2020-11-05 22:00:56,46.73,13.74,10.61,66.545,143.18,0.0,4.64
2020-11-05 23:00:56,35.67333333333333,11.53,10.2,69.5,114.73,0.0,6.96
2020-11-06 00:00:56,26.166666666666668,9.17,10.065,66.07000000000001,95.485,0.0,6.95
2020-11-06 01:00:56,20.290000000000003,5.125,9.7,55.73500000000001,76.49000000000001,0.0,12.72
2020-11-06 02:00:56,18.566666666666666,2.945,9.845,52.195,67.715,0.0,11.48
2020-11-06 03:00:56,22.71,5.0,9.88,53.715,78.45,0.0,8.66
2020-11-06 04:00:56,27.46333333333333,14.645000000000001,10.08,49.0,68.57000000000001,0.0,9.8
2020-11-06 05:00:56,26.563333333333333,14.49,9.885,44.365,67.435,0.0,6.82
2020-11-06 06:00:56,30.060000000000002,15.574999999999998,9.91,49.919999999999995,80.29,0.0,5.57
2020-11-06 07:00:56,28.64,17.56,10.02,39.905,109.96499999999999,0.0,5.25
2020-11-06 08:00:56,33.29,19.9,9.945,33.589999999999996,199.32499999999996,0.0,4.28
2020-11-06 09:00:56,44.61000000000001,23.045,10.205,39.475,239.30499999999998,0.0,4.93
2020-11-06 10:00:56,60.06,20.765,11.495,76.12,152.35,0.0,6.01
2020-11-06 11:00:56,65.55,16.05,10.88,76.2,137.425,0.0,5.79
2020-11-06 12:00:56,58.89333333333333,15.13,9.925,68.585,100.02499999999999,0.0,12.72
2020-11-06 13:00:56,55.31333333333333,11.64,9.82,54.195,66.73,0.0,21.75
2020-11-06 14:00:56,52.026666666666664,11.07,9.385,48.88,62.28,0.0,16.96
2020-11-06 15:00:56,45.13333333333333,12.54,9.57,46.76,60.72,0.0,17.75
2020-11-06 16:00:56,38.71333333333334,8.315,12.64,54.589999999999996,74.15499999999999,0.0,11.76
2020-11-06 17:00:56,60.403333333333336,5.97,11.985,52.63500000000001,73.325,0.0,13.35
2020-11-06 18:00:56,54.77,12.18,12.225000000000001,55.69,99.52999999999999,0.0,8.16
2020-11-06 19:00:56,57.82,18.59,12.469999999999999,54.300000000000004,122.0,0.0,6.52
2020-11-06 20:00:56,65.6,20.645,12.350000000000001,62.63500000000001,101.58,0.0,5.7
2020-11-06 21:00:56,65.49333333333334,18.91,13.145000000000001,65.13,102.71,0.0,4.97
2020-11-06 22:00:56,73.31333333333333,19.74,12.670000000000002,57.425000000000004,125.03000000000002,0.0,4.3
2020-11-06 23:00:56,71.58333333333333,26.235,12.145000000000001,63.035,125.58,0.0,4.46
2020-11-07 00:00:56,75.78333333333333,16.575,12.65,46.754999999999995,127.55,0.0,3.77
2020-11-07 01:00:56,83.92666666666666,25.455,13.344999999999999,54.57,96.98500000000001,0.0,3.84
2020-11-07 02:00:56,87.28666666666666,30.03,12.954999999999998,56.155,106.145,0.0,3.43
2020-11-07 03:00:56,86.78333333333333,29.42,13.045,47.23,113.745,0.0,3.87
2020-11-07 04:00:56,70.64,33.44,13.590000000000002,55.715,98.48,0.0,3.67
2020-11-07 05:00:56,72.77333333333334,34.07,14.594999999999999,54.475,85.38,0.0,3.42
2020-11-07 06:00:56,69.65666666666667,35.81,13.96,55.98500000000001,79.50999999999999,0.0,4.26
2020-11-07 07:00:56,57.85333333333333,35.84,14.21,52.595,74.445,0.0,5.64
2020-11-07 08:00:56,68.34333333333333,39.405,13.96,41.53,105.665,0.0,4.71
2020-11-07 09:00:56,90.05333333333333,39.375,16.715,22.465,214.02999999999997,0.0,3.43
2020-11-07 10:00:56,112.43333333333334,46.445,19.825,59.085,135.255,0.0,3.63
2020-11-07 11:00:56,100.22666666666667,48.165,14.815,73.98,118.55,0.0,8.75
2020-11-07 12:00:56,65.49666666666667,31.705,13.344999999999999,67.73,111.855,0.0,11.42
2020-11-07 13:00:56,55.55666666666667,21.235,12.57,64.315,105.56,0.0,10.72
2020-11-07 14:00:56,39.45333333333333,12.765,12.520000000000001,65.925,110.135,0.0,7.9
2020-11-07 15:00:56,32.89333333333333,7.669999999999999,12.625,65.33999999999999,111.77,0.0,7.59
2020-11-07 16:00:56,26.973333333333333,10.255,12.410000000000002,58.665,123.685,0.0,6.0
2020-11-07 17:00:56,23.256666666666668,5.96,12.435,63.81,100.58999999999999,0.0,7.89
2020-11-07 18:00:56,42.406666666666666,4.47,13.13,66.44,121.295,0.0,5.18
2020-11-07 19:00:56,34.97,9.29,14.07,68.965,91.53500000000001,0.0,10.42
2020-11-07 20:00:56,45.266666666666666,13.685,13.86,59.725,75.96,0.0,17.72
2020-11-07 21:00:56,35.7,7.8,13.36,49.68000000000001,65.89,0.0,21.03
2020-11-07 22:00:56,38.163333333333334,5.575,12.945,46.41,59.425000000000004,0.0,21.18
2020-11-07 23:00:56,23.243333333333332,7.09,13.015,49.544999999999995,78.72,0.0,11.24
2020-11-08 00:00:56,39.18333333333333,6.95,13.695,57.699999999999996,92.05499999999999,0.0,5.92
2020-11-08 01:00:56,39.24,11.135,13.71,53.01500000000001,86.25,0.0,7.34
2020-11-08 02:00:56,41.379999999999995,9.06,14.9,51.23499999999999,77.065,0.0,7.22
2020-11-08 03:00:56,47.91,10.97,15.735,48.01500000000001,85.34999999999998,0.0,4.11
2020-11-08 04:00:56,61.07666666666666,14.68,15.524999999999999,50.15,69.92,0.0,4.67
2020-11-08 05:00:56,52.93333333333334,21.985,14.36,44.935,68.525,0.0,6.32
2020-11-08 06:00:56,52.68666666666667,0.0,14.46,49.04,71.31,0.0,5.81
2020-11-08 07:00:56,63.64666666666667,0.0,17.055,41.925000000000004,90.685,0.0,6.16
2020-11-08 08:00:56,113.12666666666667,34.295,16.735,46.26500000000001,117.745,0.0,5.3
2020-11-08 09:00:56,88.1,32.45,17.56,26.5,136.935,0.0,5.95
2020-11-08 10:00:56,104.68666666666667,38.19,21.0,35.055,155.87,0.0,7.28
2020-11-08 11:00:56,91.25666666666666,35.685,16.355,56.29,81.325,0.0,15.66
2020-11-08 12:00:56,58.903333333333336,24.58,13.49,52.830000000000005,71.585,0.0,17.83
2020-11-08 13:00:56,38.096666666666664,14.089999999999998,12.589999999999998,44.835,58.38500000000001,0.0,21.57
2020-11-08 14:00:56,32.99666666666667,7.905,12.240000000000002,45.125,64.60000000000001,0.0,16.75
2020-11-08 15:00:56,28.700000000000003,4.52,12.235,47.74,75.515,0.0,13.88
2020-11-08 16:00:56,18.8,2.9500000000000006,13.945,41.835,56.99,0.0,19.17
2020-11-08 17:00:56,23.386666666666667,1.785,12.615,44.98500000000001,65.34,0.0,14.52
2020-11-08 18:00:56,23.133333333333333,3.885,12.520000000000001,50.830000000000005,84.33,0.0,8.61
2020-11-08 19:00:56,27.703333333333333,9.71,13.055,56.255,96.65500000000002,0.0,7.03
2020-11-08 20:00:56,37.61666666666667,8.835,12.979999999999999,57.615,89.84499999999998,0.0,8.75
2020-11-08 21:00:56,33.63,8.17,12.714999999999998,53.254999999999995,72.785,0.0,13.75
2020-11-08 22:00:56,23.09,8.22,12.770000000000001,44.465,57.195,0.0,19.83
2020-11-08 23:00:56,21.24,6.669999999999999,13.235,52.07500000000001,103.085,0.0,5.18
2020-11-09 00:00:56,30.21666666666667,7.495,13.295000000000002,41.055,117.87,0.0,5.7
2020-11-09 01:00:56,52.303333333333335,22.62,13.915,31.825,133.32,0.0,4.9
2020-11-09 02:00:56,72.16333333333334,33.265,14.030000000000001,34.625,126.44,0.0,5.01
2020-11-09 03:00:56,71.08666666666667,42.405,13.82,30.575,120.705,0.0,5.0
2020-11-09 04:00:56,73.59,55.19,14.04,35.29,99.32000000000001,0.0,5.57
2020-11-09 05:00:56,61.73666666666667,45.89000000000001,14.025,36.685,89.995,0.0,4.28
2020-11-09 06:00:56,86.41666666666667,0.0,13.87,35.68,93.74000000000001,0.0,5.67
2020-11-09 07:00:56,61.623333333333335,0.0,12.915,23.25,128.08,0.0,5.25
2020-11-09 08:00:56,74.25333333333333,48.12,14.875,19.0,218.94500000000002,0.0,5.42
2020-11-09 09:00:56,89.35,55.73,17.455,20.345,231.55000000000004,0.0,5.87
2020-11-09 10:00:56,140.64333333333332,73.275,23.26,37.28,168.535,0.0,5.75
2020-11-09 11:00:56,127.21000000000001,64.615,20.015,67.655,149.655,0.0,6.79
2020-11-09 12:00:56,137.05666666666667,62.080000000000005,17.18,72.67,136.405,0.0,6.93
2020-11-09 13:00:56,114.37,50.24,15.270000000000001,74.64999999999999,113.80499999999999,0.0,11.22
2020-11-09 14:00:56,92.28666666666666,37.265,14.589999999999998,68.67,88.77999999999999,0.0,16.59
2020-11-09 15:00:56,61.31666666666666,22.575,14.695,71.99,89.85000000000001,0.0,12.44
2020-11-09 16:00:56,45.93333333333334,13.43,14.719999999999999,64.275,78.665,0.0,17.64
2020-11-09 17:00:56,37.406666666666666,13.115,14.354999999999999,78.88,103.40500000000002,0.0,8.54
2020-11-09 18:00:56,50.093333333333334,10.1,14.94,38.255,43.57500000000001,0.0,4.6
2020-11-09 19:00:56,99.77,23.415000000000003,15.54,37.465,66.695,0.0,4.42
2020-11-09 20:00:56,135.03666666666666,45.4,15.695,34.685,60.455000000000005,0.0,6.15
2020-11-09 21:00:56,129.72666666666666,75.14,13.695,34.325,61.34,0.0,5.47
2020-11-09 22:00:56,141.53666666666666,100.71999999999998,13.86,34.255,68.56,0.0,6.81
2020-11-09 23:00:56,140.4,101.01,14.645000000000001,33.08,62.60999999999999,0.0,5.6
2020-11-10 00:00:56,136.75666666666666,105.555,15.735,34.025,67.44,0.0,5.88
2020-11-10 01:00:56,127.27333333333333,92.355,13.9,37.085,62.465,0.0,5.83
2020-11-10 02:00:56,106.07333333333332,80.41,13.63,30.265,55.919999999999995,0.0,6.89
2020-11-10 03:00:56,103.14,82.735,15.354999999999999,30.175,56.20000000000001,0.0,5.12
2020-11-10 04:00:56,105.62,84.755,14.12,32.6,190.84,0.0,5.87
2020-11-10 05:00:56,87.72,61.82,13.235,29.674999999999997,210.76999999999998,0.0,5.74
2020-11-10 06:00:56,72.82333333333334,54.73,13.96,53.555,120.185,0.0,5.45
2020-11-10 07:00:56,70.74666666666667,44.455000000000005,12.885,54.76499999999999,122.22499999999998,0.0,4.97
2020-11-10 08:00:56,58.099999999999994,35.29,12.9,32.285,205.345,0.0,4.72
2020-11-10 09:00:56,71.02333333333334,38.455,14.505,27.560000000000002,61.95000000000001,0.0,6.11
2020-11-10 10:00:56,77.82666666666665,37.575,17.455,50.48,166.66,0.0,6.28
2020-11-10 11:00:56,74.12,31.45,15.375,67.155,138.01,0.0,7.16
2020-11-10 12:00:56,64.25333333333333,41.675,13.064999999999998,68.98,128.85500000000002,0.0,7.72
2020-11-10 13:00:56,61.23,38.07,11.719999999999999,64.925,89.335,0.0,13.81
2020-11-10 14:00:56,40.83666666666667,19.8,13.020000000000001,66.285,85.375,0.0,15.16
2020-11-10 15:00:56,31.293333333333333,11.660000000000002,13.38,59.48499999999999,74.335,0.0,17.41
2020-11-10 16:00:56,45.72,10.48,13.07,56.59,71.61500000000001,0.0,17.52
2020-11-10 17:00:56,44.9,6.71,13.25,56.06999999999999,71.97,0.0,15.37
2020-11-10 18:00:56,50.06333333333333,8.05,13.785000000000002,60.72,89.27499999999999,0.0,8.94
2020-11-10 19:00:56,45.833333333333336,5.400000000000001,13.565,57.35999999999999,84.16499999999999,0.0,12.84
2020-11-10 20:00:56,43.43,9.525,13.64,44.900000000000006,58.495000000000005,0.0,20.31
2020-11-10 21:00:56,44.056666666666665,10.12,13.43,41.4,53.4,0.0,18.81
2020-11-10 22:00:56,34.876666666666665,0.0,13.435000000000002,46.625,71.285,0.0,12.84
2020-11-10 23:00:56,32.24666666666667,8.5,13.365,47.19,76.625,0.0,9.16
2020-11-11 00:00:56,29.9,0.0,13.145000000000001,45.28,62.565,0.0,13.07
2020-11-11 01:00:56,25.509999999999998,6.364999999999999,13.174999999999999,43.620000000000005,59.400000000000006,0.0,12.93
2020-11-11 02:00:56,15.516666666666666,4.285,13.405000000000001,35.855,45.025000000000006,0.0,15.42
2020-11-11 03:00:56,9.98,3.86,13.685000000000002,38.025,50.845,0.0,12.34
2020-11-11 04:00:56,11.936666666666667,3.5499999999999994,14.04,39.72,49.504999999999995,0.0,13.47
2020-11-11 05:00:56,18.0,3.33,13.615,37.005,47.655,0.0,13.93
2020-11-11 06:00:56,13.633333333333333,0.0,13.329999999999998,34.949999999999996,47.199999999999996,0.0,14.55
2020-11-11 07:00:56,14.696666666666665,2.68,13.075000000000001,39.54,65.75,0.0,9.8
2020-11-11 08:00:56,16.196666666666665,2.99,13.065,42.54,85.375,0.0,7.91
2020-11-11 09:00:56,26.96333333333333,6.245,14.464999999999998,46.294999999999995,117.665,0.0,5.61
2020-11-11 10:00:56,28.659999999999997,4.57,13.399999999999999,44.955000000000005,73.0,0.0,9.43
2020-11-11 11:00:56,26.373333333333335,3.0750000000000006,12.935000000000002,42.175000000000004,68.77499999999999,0.0,9.71
2020-11-11 12:00:56,21.93,2.39,12.829999999999998,41.05,73.99,0.0,8.12
2020-11-11 13:00:56,15.60666666666667,1.6450000000000002,14.87,38.165,72.945,0.0,10.17
2020-11-11 14:00:56,6.763333333333333,2.405,12.085,35.25,64.8,0.0,0.0
2020-11-11 15:00:56,7.823333333333333,0.0,10.505,41.555,54.650000000000006,0.0,16.0
2020-11-11 16:00:56,7.11,0.0,9.46,46.01499999999999,62.125,0.0,14.21
2020-11-11 17:00:56,12.44,0.91,9.17,50.02,69.19,0.0,10.03
2020-11-11 18:00:56,11.663333333333332,0.53,10.034999999999998,53.405,84.395,0.0,2.39
2020-11-11 19:00:56,19.236666666666668,0.84,10.355,57.97,92.63,0.0,5.11
2020-11-11 20:00:56,25.46,2.395,10.655,57.949999999999996,77.055,0.0,13.13
2020-11-11 21:00:56,27.67,8.05,9.36,47.324999999999996,112.92,0.0,11.25
2020-11-11 22:00:56,23.97,6.62,9.56,52.595,80.96,0.0,11.13
2020-11-11 23:00:56,31.066666666666666,6.075,9.98,54.815,116.15499999999999,0.0,8.25
2020-11-12 00:00:56,38.49333333333334,12.385,10.525,58.585,112.89999999999999,0.0,12.03
2020-11-12 01:00:56,53.333333333333336,19.08,10.209999999999999,48.71,107.2,0.0,15.17
2020-11-12 02:00:56,58.763333333333335,25.235,12.020000000000001,52.650000000000006,98.955,0.0,13.36
2020-11-12 03:00:56,64.62333333333333,31.959999999999997,13.25,49.98,94.645,0.0,9.93
2020-11-12 04:00:56,66.58333333333334,31.125,12.995,48.66,100.82,0.0,6.54
2020-11-12 05:00:56,64.11666666666667,31.99,11.495,50.315,96.77999999999999,0.0,6.81
2020-11-12 06:00:56,60.20333333333333,36.725,12.410000000000002,45.98,102.32,0.0,11.86
2020-11-12 07:00:56,58.27,36.525,11.365,51.51,96.31,0.0,12.55
2020-11-12 08:00:56,61.379999999999995,36.295,10.03,51.595,108.205,0.0,13.85
2020-11-12 09:00:56,87.68333333333334,33.065,9.865,35.19,182.06000000000003,0.0,12.8
2020-11-12 10:00:56,113.60333333333334,44.915,11.915,60.09,145.515,0.0,14.68
2020-11-12 11:00:56,97.92,31.48,9.68,67.84,107.935,0.0,16.93
2020-11-12 12:00:56,59.42,17.405,8.9,77.31,111.77,0.0,15.9
2020-11-12 13:00:56,54.129999999999995,11.805,9.885,71.085,82.05000000000001,0.0,29.91
2020-11-12 14:00:56,45.53333333333333,12.385,10.555,75.28500000000001,93.07,0.0,22.52
2020-11-12 15:00:56,41.913333333333334,12.12,11.375,69.165,79.9,0.0,33.53
2020-11-12 16:00:56,42.11,7.544999999999999,14.405000000000001,68.74,80.53,0.0,28.2
2020-11-12 17:00:56,45.66333333333333,4.185,16.005,31.689999999999998,36.59,0.0,24.66
2020-11-12 18:00:56,65.39,12.505,17.53,109.0,199.80000000000004,0.0,0.0
2020-11-12 19:00:56,90.32333333333334,28.425,16.575,112.78000000000002,229.39499999999998,0.0,0.0
2020-11-12 20:00:56,118.94999999999999,34.32,13.990000000000002,112.96499999999999,76.925,0.0,0.0
2020-11-12 21:00:56,149.50666666666666,51.71,14.21,96.425,225.43999999999997,0.0,0.0
2020-11-12 22:00:56,172.32333333333332,61.20000000000001,16.345,95.995,235.25,0.0,0.0
2020-11-12 23:00:56,149.5233333333333,71.87,14.935,88.78000000000002,221.08,0.0,11.42
2020-11-13 00:00:56,130.69666666666666,75.905,16.265,86.565,204.32500000000002,0.0,10.06
2020-11-13 01:00:56,125.21666666666667,84.755,15.729999999999999,80.705,210.18500000000003,0.0,9.88
2020-11-13 02:00:56,117.05333333333333,69.52,15.659999999999998,76.61,152.315,0.0,8.27
2020-11-13 03:00:56,111.53999999999999,67.295,14.924999999999999,73.13,148.27,0.0,7.26
2020-11-13 04:00:56,104.92666666666666,61.695,17.755,70.94,124.995,0.0,8.12
2020-11-13 05:00:56,94.08666666666667,53.055,15.61,69.56,111.45,0.0,10.02
2020-11-13 06:00:56,93.28333333333333,47.785,14.375,68.695,108.545,0.0,5.93
2020-11-13 07:00:56,87.24000000000001,47.62,14.085,68.17999999999999,131.69,0.0,6.97
2020-11-13 08:00:56,88.82333333333334,49.544999999999995,17.955,70.93,193.49,0.0,7.44
2020-11-13 09:00:56,110.67333333333333,59.32500000000001,17.68,82.14,53.30500000000001,0.0,5.83
2020-11-13 10:00:56,145.74,68.765,18.014999999999997,102.71,76.635,0.0,10.88
2020-11-13 11:00:56,179.75666666666666,77.495,19.715,97.79,208.295,0.0,14.61
2020-11-13 12:00:56,171.60333333333332,64.23,15.37,84.625,139.28,0.0,17.4
2020-11-13 13:00:56,129.38,49.14000000000001,12.920000000000002,85.27499999999999,126.255,0.0,23.14
2020-11-13 14:00:56,90.96666666666667,35.485,12.625,87.615,117.04,0.0,24.05
2020-11-13 15:00:56,72.74000000000001,20.45,14.735,105.21,166.195,0.0,16.88
2020-11-13 16:00:56,78.35333333333334,27.205,18.22,159.19500000000002,48.245000000000005,0.0,10.32
2020-11-13 17:00:56,81.48666666666666,28.3,20.455000000000002,197.43500000000003,48.23499999999999,0.0,7.87
2020-11-13 18:00:56,81.16333333333333,26.625,21.89,41.815,54.88499999999999,0.0,6.38
2020-11-13 19:00:56,109.03,31.51,20.505,126.855,90.56,0.0,5.87
2020-11-13 20:00:56,160.09,53.92499999999999,20.995,110.14999999999999,105.35500000000002,0.0,6.76
2020-11-13 21:00:56,170.05333333333334,64.72,19.900000000000002,97.555,95.23000000000002,0.0,6.36
2020-11-13 22:00:56,165.77,92.745,19.275,91.19,106.78000000000002,0.0,5.9
2020-11-13 23:00:56,163.67,87.71499999999999,18.135,80.06,99.71999999999998,0.0,7.67
2020-11-14 00:00:56,158.94333333333333,92.855,20.81,72.305,89.81,0.0,6.74
2020-11-14 01:00:56,165.26333333333332,108.375,22.345,69.435,237.5,0.0,5.84
2020-11-14 02:00:56,135.45,81.465,16.265,61.965,250.83,0.0,6.76
2020-11-14 03:00:56,125.91666666666667,83.455,15.19,61.43000000000001,203.84,0.0,5.9
2020-11-14 04:00:56,124.56666666666666,73.195,13.915,57.51,190.875,0.0,6.59
2020-11-14 05:00:56,109.86666666666667,63.04999999999999,14.049999999999999,57.900000000000006,178.73000000000002,0.0,7.18
2020-11-14 06:00:56,98.98333333333335,66.51,13.38,56.195,142.44,0.0,5.81
2020-11-14 07:00:56,93.98,58.06,12.395000000000001,54.425000000000004,145.98,0.0,5.42
2020-11-14 08:00:56,100.44333333333333,56.525,17.41,60.785000000000004,217.94500000000002,0.0,7.11
2020-11-14 09:00:56,133.11666666666667,64.53,16.3,65.28,260.42,0.0,7.09
2020-11-14 10:00:56,138.40666666666667,65.505,14.86,82.4,285.51,0.0,7.37
2020-11-14 11:00:56,190.51,73.88,16.61,86.25,242.085,0.0,7.56
2020-11-14 12:00:56,197.89666666666668,80.03,18.265,91.255,207.285,0.0,7.5
2020-11-14 13:00:56,157.22333333333333,67.36,16.595,83.715,176.125,0.0,11.5
2020-11-14 14:00:56,112.55,47.51500000000001,14.165,108.175,239.01999999999998,0.0,16.17
2020-11-14 15:00:56,69.64333333333333,30.790000000000003,15.54,109.55,219.035,0.0,20.6
2020-11-14 16:00:56,56.56666666666667,20.295,18.200000000000003,126.95,47.74000000000001,0.0,18.47
2020-11-14 17:00:56,51.016666666666666,15.03,20.380000000000003,149.805,45.79,0.0,12.28
2020-11-14 18:00:56,64.10333333333334,12.324999999999998,20.575,146.095,76.835,0.0,5.74
2020-11-14 19:00:56,94.07,20.585,20.01,140.43,97.72499999999998,0.0,6.66
2020-11-14 20:00:56,113.64666666666666,28.765,18.435,117.78000000000002,83.965,0.0,8.12
2020-11-14 21:00:56,123.65666666666665,48.69,19.07,111.15000000000002,77.16,0.0,6.38
2020-11-14 22:00:56,108.29666666666667,47.905,16.825,107.02499999999999,200.395,0.0,6.9
2020-11-14 23:00:56,91.0,40.095,14.685,83.10000000000001,148.42,0.0,15.29
2020-11-15 00:00:56,73.26,29.39,13.695,70.47000000000001,108.49,0.0,21.07
2020-11-15 01:00:56,60.333333333333336,22.415000000000003,13.325000000000001,73.53,116.925,0.0,17.49
2020-11-15 02:00:56,60.48,19.02,13.57,73.865,143.255,0.0,7.78
2020-11-15 03:00:56,82.74333333333334,30.48,17.6,72.145,139.665,0.0,6.25
2020-11-15 04:00:56,90.31666666666666,43.23499999999999,20.015,69.545,124.145,0.0,4.77
2020-11-15 05:00:56,86.23666666666668,52.195,18.09,68.275,121.66000000000001,0.0,5.28
2020-11-15 06:00:56,92.11,0.0,15.545000000000002,64.23,107.57,0.0,6.3
2020-11-15 07:00:56,79.75666666666666,0.0,12.899999999999999,62.550000000000004,125.77,0.0,5.25
2020-11-15 08:00:56,83.49666666666667,59.59,13.299999999999999,64.5,159.745,0.0,5.88
2020-11-15 09:00:56,94.38,64.47,15.604999999999999,66.91,180.72000000000003,0.0,5.64
2020-11-15 10:00:56,119.91666666666667,65.38,19.125,68.105,146.945,0.0,8.3
2020-11-15 11:00:56,124.62333333333333,55.975,19.17,75.31,138.255,0.0,11.7
2020-11-15 12:00:56,99.02666666666667,47.419999999999995,16.275,76.79,127.12,0.0,19.95
2020-11-15 13:00:56,80.10666666666667,37.07,15.959999999999999,71.28,109.09499999999998,0.0,30.95
2020-11-15 14:00:56,52.35666666666667,24.23,15.885,77.085,116.375,0.0,30.03
2020-11-15 15:00:56,47.81,14.61,18.115,106.185,163.19,0.0,20.36
2020-11-15 16:00:56,42.55,17.44,20.59,137.63,221.42,0.0,7.2
2020-11-15 17:00:56,35.946666666666665,10.795,22.675,120.88,188.87,0.0,9.23
2020-11-15 18:00:56,38.916666666666664,10.085,23.88,113.755,174.835,0.0,7.34
2020-11-15 19:00:56,55.776666666666664,16.45,24.64,114.83,180.615,0.0,6.42
2020-11-15 20:00:56,53.29666666666666,15.21,22.94,117.57,196.145,0.0,5.74
2020-11-15 21:00:56,76.71333333333334,23.725000000000005,20.645,106.81,199.635,0.0,5.34
2020-11-15 22:00:56,74.91666666666666,29.045,19.39,94.615,147.34,0.0,9.17
2020-11-15 23:00:56,52.06,20.37,17.775000000000002,99.375,163.06,0.0,7.45
2020-11-16 00:00:56,52.95333333333333,17.46,16.245,88.925,159.405,0.0,6.43
2020-11-16 01:00:56,73.71333333333334,34.755,13.47,85.505,163.59,0.0,5.35
2020-11-16 02:00:56,71.21,40.775,12.674999999999999,71.935,131.135,0.0,5.3
2020-11-16 03:00:56,66.03333333333333,32.755,12.015,67.75,138.185,0.0,6.08
2020-11-16 04:00:56,64.98333333333333,38.97,11.63,61.565,103.885,0.0,5.45
2020-11-16 05:00:56,71.94,32.755,13.365,60.645,103.455,0.0,5.43
2020-11-16 06:00:56,70.86666666666666,34.93,12.695,58.29999999999999,95.53500000000001,0.0,5.51
2020-11-16 07:00:56,67.05333333333333,29.5,11.420000000000002,57.065,116.77999999999999,0.0,5.9
2020-11-16 08:00:56,62.96666666666667,42.905,11.39,58.86000000000001,164.545,0.0,6.18
2020-11-16 09:00:56,89.70666666666666,45.09,11.204999999999998,61.98499999999999,178.96,0.0,6.02
2020-11-16 10:00:56,102.53,41.37,10.64,68.645,174.765,0.0,7.65
2020-11-16 11:00:56,136.74333333333334,41.98,11.76,83.205,232.07000000000002,0.0,6.56
2020-11-16 12:00:56,161.27,56.294999999999995,11.729999999999999,86.85000000000001,185.92499999999998,0.0,9.32
2020-11-16 13:00:56,113.09333333333333,39.795,12.145000000000001,85.415,151.02,0.0,22.59
2020-11-16 14:00:56,85.32666666666667,32.23,14.149999999999999,82.14999999999999,138.85,0.0,26.65
2020-11-16 15:00:56,56.45666666666667,18.07,16.445,108.825,171.205,0.0,12.83
2020-11-16 16:00:56,45.346666666666664,14.979999999999999,18.605,109.24000000000001,165.22500000000002,0.0,14.46
2020-11-16 17:00:56,48.480000000000004,13.015,20.47,123.0,185.81000000000003,0.0,7.18
2020-11-16 18:00:56,56.88333333333333,14.51,21.405,115.96,178.81499999999997,0.0,6.49
2020-11-16 19:00:56,60.49,8.95,21.849999999999998,98.27499999999999,162.55,0.0,6.85
2020-11-16 20:00:56,63.74,20.065,20.365,110.245,199.725,0.0,5.98
2020-11-16 21:00:56,72.24333333333334,25.655,18.24,82.5,163.585,0.0,6.6
2020-11-16 22:00:56,67.43666666666667,37.06,7.745,77.65,172.985,0.0,6.07
2020-11-16 23:00:56,79.40333333333334,54.785,9.82,77.08,179.47,0.0,6.51
2020-11-17 00:00:56,91.44333333333333,66.875,12.104999999999999,72.45,183.225,0.0,6.35
2020-11-17 01:00:56,100.81333333333333,77.65,12.314999999999998,69.325,140.49,0.0,6.58
2020-11-17 02:00:56,92.80666666666666,69.665,11.93,64.435,114.74,0.0,6.25
2020-11-17 03:00:56,78.74,64.41,11.11,60.465,98.77499999999999,0.0,6.4
2020-11-17 04:00:56,69.18333333333334,50.785,9.62,58.080000000000005,99.14,0.0,5.44
2020-11-17 05:00:56,66.48333333333333,50.94,10.135,53.77,116.62,0.0,5.65
2020-11-17 06:00:56,79.50333333333334,64.385,9.84,53.419999999999995,102.12,0.0,5.75
2020-11-17 07:00:56,81.13666666666667,54.830000000000005,9.475,51.23500000000001,108.085,0.0,5.46
2020-11-17 08:00:56,74.39,41.45,8.925,52.51499999999999,126.60000000000001,0.0,5.9
2020-11-17 09:00:56,74.37333333333333,35.625,8.915,49.76500000000001,189.51999999999998,0.0,6.06
2020-11-17 10:00:56,103.81666666666666,59.365,14.4,59.81,193.49,0.0,6.65
2020-11-17 11:00:56,135.62,71.005,18.31,73.495,184.0,0.0,6.55
2020-11-17 12:00:56,149.52666666666667,65.95,26.5,87.84999999999998,185.35,0.0,6.84
2020-11-17 13:00:56,137.74666666666667,62.975,21.625,102.96,183.25,0.0,11.32
2020-11-17 14:00:56,176.55666666666667,45.125,19.07,124.585,207.16,0.0,8.41
2020-11-17 15:00:56,121.24333333333334,36.315,18.69,139.715,214.38,0.0,6.46
2020-11-17 16:00:56,97.75666666666666,26.765,19.115,128.615,180.15,0.0,12.61
2020-11-17 17:00:56,81.65,18.045,18.985,119.16000000000001,156.845,0.0,17.48
2020-11-17 18:00:56,90.70666666666666,23.28,18.71,132.705,194.1,0.0,7.26
2020-11-17 19:00:56,101.12,29.145,17.81,97.255,136.83,0.0,10.16
2020-11-17 20:00:56,76.37666666666667,25.820000000000004,16.189999999999998,73.54,95.02999999999999,0.0,18.88
2020-11-17 21:00:56,65.56666666666666,18.17,13.29,66.81,88.37,0.0,18.16
2020-11-17 22:00:56,45.55,15.885,10.985,71.005,104.765,0.0,13.14
2020-11-17 23:00:56,41.99,14.795,10.185,65.01,90.84499999999998,0.0,17.55
2020-11-18 00:00:56,30.906666666666666,17.695,10.33,59.6,81.365,0.0,17.82
2020-11-18 01:00:56,30.08666666666667,13.25,11.43,57.595,77.01499999999999,0.0,16.42
2020-11-18 02:00:56,37.42666666666667,0.0,12.074999999999998,48.155,65.74000000000001,0.0,27.09
2020-11-18 03:00:56,37.733333333333334,11.975,15.174999999999999,56.97,81.7,0.0,7.34
2020-11-18 04:00:56,46.62,19.605,18.42,59.095,93.61000000000001,0.0,7.07
2020-11-18 05:00:56,63.07666666666667,31.540000000000003,18.0,59.5,91.96499999999999,0.0,6.62
2020-11-18 06:00:56,64.93666666666667,37.89,15.770000000000001,56.11000000000001,97.21,0.0,6.45
2020-11-18 07:00:56,66.87666666666667,41.52,15.39,53.870000000000005,130.51,0.0,7.08
2020-11-18 08:00:56,74.32333333333334,42.19,15.354999999999999,58.02,237.61,0.0,7.01
2020-11-18 09:00:56,83.53,49.5,16.29,66.14,227.245,0.0,7.5
2020-11-18 10:00:56,106.69666666666667,54.544999999999995,16.290000000000003,73.09,207.65,0.0,7.35
2020-11-18 11:00:56,130.29,62.10999999999999,16.005,77.35,164.57500000000002,0.0,8.65
2020-11-18 12:00:56,116.45666666666666,58.45000000000001,16.01,84.33,160.56,0.0,9.0
2020-11-18 13:00:56,87.29333333333334,45.09,13.79,82.88,143.13,0.0,13.75
2020-11-18 14:00:56,56.49,28.505,14.255,88.27,133.67499999999998,0.0,16.0
2020-11-18 15:00:56,34.160000000000004,15.770000000000001,14.69,80.72500000000001,112.99,0.0,17.82
2020-11-18 16:00:56,31.810000000000002,13.0,14.590000000000002,79.60000000000001,106.335,0.0,17.06
2020-11-18 17:00:56,30.586666666666666,7.565,14.56,60.345,80.53,0.0,21.75
2020-11-18 18:00:56,35.25333333333333,3.9249999999999994,13.785000000000002,57.6,78.46,0.0,23.98
2020-11-18 19:00:56,33.903333333333336,8.9,12.579999999999998,57.495000000000005,80.595,0.0,21.1
2020-11-18 20:00:56,27.28,6.405,11.854999999999999,48.09,62.895,0.0,26.65
2020-11-18 21:00:56,23.046666666666667,8.275,11.96,36.175,45.49,0.0,33.32
2020-11-18 22:00:56,17.776666666666667,4.975,11.35,33.625,42.23,0.0,34.28
2020-11-18 23:00:56,18.023333333333333,3.35,11.1,43.85999999999999,56.59,0.0,25.24
2020-11-19 00:00:56,15.746666666666668,5.125,11.08,39.305,54.19,0.0,25.83
2020-11-19 01:00:56,12.236666666666666,0.0,10.235,31.685000000000002,41.805,0.0,32.39
2020-11-19 02:00:56,11.383333333333333,0.0,9.325000000000001,24.515,30.37,0.0,35.05
2020-11-19 03:00:56,9.596666666666666,0.0,8.94,19.849999999999998,24.92,0.0,40.03
2020-11-19 04:00:56,11.483333333333334,6.28,8.67,19.305,24.075,0.0,39.27
2020-11-19 05:00:56,10.326666666666666,3.66,8.715,18.78,23.814999999999998,0.0,38.27
2020-11-19 06:00:56,7.4399999999999995,2.0,8.75,19.66,25.554999999999996,0.0,35.47
2020-11-19 07:00:56,3.893333333333333,2.57,8.865,28.064999999999998,39.19,0.0,29.54
2020-11-19 08:00:56,4.363333333333333,2.29,8.77,35.72,50.81999999999999,0.0,26.57
2020-11-19 09:00:56,4.0633333333333335,0.0,8.745,36.29,47.98499999999999,0.0,28.81
2020-11-19 10:00:56,12.453333333333333,6.96,9.055,33.055,42.455000000000005,0.0,33.98
2020-11-19 11:00:56,14.056666666666668,4.675,8.915,32.47,42.025,0.0,37.0
2020-11-19 12:00:56,12.590000000000002,3.965,9.135,32.985,44.525,0.0,39.15
2020-11-19 13:00:56,17.909999999999997,2.425,9.04,36.515,46.98,0.0,38.35
2020-11-19 14:00:56,13.77,3.42,9.56,25.895,33.68,0.0,39.48
2020-11-19 15:00:56,27.026666666666667,2.29,9.5,33.88,42.105,0.0,31.64
2020-11-19 16:00:56,22.506666666666668,2.035,9.78,33.12,41.34,0.0,31.95
2020-11-19 17:00:56,18.95,1.335,9.595,30.895,41.1,0.0,31.22
2020-11-19 18:00:56,25.526666666666667,1.005,10.135,32.165,44.055,0.0,25.45
2020-11-19 19:00:56,26.939999999999998,0.61,11.225,31.755,50.32500000000001,0.0,22.47
2020-11-19 20:00:56,23.34,2.365,12.21,24.75,33.185,0.0,30.06
2020-11-19 21:00:56,22.503333333333334,4.025,12.17,18.91,24.665000000000003,0.0,38.84
2020-11-19 22:00:56,20.643333333333334,6.405,12.274999999999999,22.705,35.465,0.0,36.56
2020-11-19 23:00:56,19.193333333333335,4.69,12.255,24.765,36.98,0.0,30.37
2020-11-20 00:00:56,14.696666666666665,2.635,13.46,29.515,41.13,0.0,25.78
2020-11-20 01:00:56,12.446666666666667,2.375,15.450000000000001,15.81,19.855,0.0,39.61
2020-11-20 02:00:56,15.469999999999999,5.445,15.775,23.475000000000005,28.365,0.0,27.38
2020-11-20 03:00:56,16.97,8.735,16.21,31.855,37.325,0.0,10.35
2020-11-20 04:00:56,17.81,0.0,17.88,36.215,44.98,0.0,11.88
2020-11-20 05:00:56,21.69666666666667,12.935,18.08,32.1,41.65,0.0,12.12
2020-11-20 06:00:56,29.043333333333337,20.67,16.895,35.765,44.06,0.0,9.09
2020-11-20 07:00:56,30.810000000000002,0.0,17.17,39.45,58.755,0.0,8.27
2020-11-20 08:00:56,31.10333333333333,24.88,18.575,43.580000000000005,95.02500000000002,0.0,7.1
2020-11-20 09:00:56,42.20333333333333,28.195000000000004,19.205,45.695,134.7,0.0,7.17
2020-11-20 10:00:56,61.47,37.685,21.755,44.275,101.235,0.0,8.98
2020-11-20 11:00:56,69.02666666666667,37.115,19.33,49.79,85.545,0.0,10.35
2020-11-20 12:00:56,59.72,41.415,17.645,38.63,53.215,0.0,20.61
2020-11-20 13:00:56,49.24,28.615,16.84,35.21,49.375,0.0,19.76
2020-11-20 14:00:56,42.66,29.03,15.015,38.44,50.919999999999995,0.0,19.2
2020-11-20 15:00:56,35.70666666666667,20.44,15.354999999999999,47.07,60.544999999999995,0.0,13.29
2020-11-20 16:00:56,42.45333333333333,13.18,15.025,50.15,89.40000000000002,0.0,15.37
2020-11-20 17:00:56,116.13333333333333,23.304999999999996,15.530000000000001,52.07500000000001,78.05,0.0,4.72
2020-11-20 18:00:56,119.47333333333333,23.355,15.155000000000001,49.205000000000005,93.925,0.0,4.6
2020-11-20 19:00:56,105.45333333333333,24.834999999999997,15.755,54.99,126.40500000000002,0.0,5.47
2020-11-20 20:00:56,123.98,30.61,14.899999999999999,48.51,95.03500000000001,0.0,6.18
2020-11-20 21:00:56,104.96333333333332,23.3,15.445,46.655,76.41,0.0,6.77
2020-11-20 22:00:56,84.34666666666668,20.58,19.3,44.725,77.915,0.0,7.02
2020-11-20 23:00:56,87.99,30.024999999999995,17.47,41.565,104.93,0.0,5.64
2020-11-21 00:00:56,80.08333333333333,45.335,19.5,42.145,94.735,0.0,6.97
2020-11-21 01:00:56,94.67333333333333,52.39000000000001,18.64,38.37,84.205,0.0,6.23
2020-11-21 02:00:56,78.78999999999999,48.28,19.375,38.67,85.57,0.0,5.53
2020-11-21 03:00:56,74.3,50.07,21.2,36.28,79.235,0.0,6.55
2020-11-21 04:00:56,76.28666666666666,45.82500000000001,21.29,37.495,72.345,0.0,5.33
2020-11-21 05:00:56,66.14666666666668,46.055,21.635,36.46,75.955,0.0,5.66
2020-11-21 06:00:56,65.85333333333332,40.81,18.125,37.19,78.35,0.0,5.81
2020-11-21 07:00:56,59.99,40.325,18.11,38.15,87.14,0.0,6.06
2020-11-21 08:00:56,67.25666666666666,41.88,18.365,39.275,111.56,0.0,6.51
2020-11-21 09:00:56,78.18,45.585,19.45,44.725,146.51,0.0,5.77
2020-11-21 10:00:56,104.47666666666667,50.155,23.515,50.09,125.175,0.0,7.92
2020-11-21 11:00:56,143.76333333333332,57.74,25.925,34.41,61.54999999999999,0.0,14.64
2020-11-21 12:00:56,120.08333333333333,43.09,23.28,24.915000000000003,38.185,0.0,24.8
2020-11-21 13:00:56,88.92333333333333,29.735,20.085,29.165000000000003,40.345,0.0,31.79
2020-11-21 14:00:56,57.78,21.59,16.62,34.275,47.28,0.0,33.36
2020-11-21 15:00:56,45.39,15.47,14.850000000000001,40.25,49.41,0.0,28.62
2020-11-21 16:00:56,40.943333333333335,8.59,13.384999999999998,55.28,72.37,0.0,13.34
2020-11-21 17:00:56,32.550000000000004,4.335,12.89,57.41,74.94,0.0,12.78
2020-11-21 18:00:56,31.706666666666667,6.54,12.964999999999998,58.85,103.565,0.0,7.64
2020-11-21 19:00:56,41.37,10.025,14.530000000000001,55.23,98.01,0.0,9.2
2020-11-21 20:00:56,57.28,14.665,19.19,58.57,139.33,0.0,8.53
2020-11-21 21:00:56,80.34333333333333,28.52,35.254999999999995,46.155,109.52500000000002,0.0,8.44
2020-11-21 22:00:56,114.01,45.01,44.35,42.495,59.99,0.0,9.32
2020-11-21 23:00:56,135.52,52.415,48.455000000000005,41.51,54.845,0.0,7.9
2020-11-22 00:00:56,139.36333333333332,51.005,50.395,41.395,57.445,0.0,7.68
2020-11-22 01:00:56,129.31333333333333,47.78,40.78,38.38,47.74,0.0,7.84
2020-11-22 02:00:56,115.13333333333333,47.37,33.82,37.07,56.01,0.0,6.43
2020-11-22 03:00:56,104.68,43.07500000000001,28.825,33.85,49.45000000000001,0.0,6.64
2020-11-22 04:00:56,98.76333333333334,43.89000000000001,25.145,32.54,53.19,0.0,6.03
2020-11-22 05:00:56,83.81,41.37,22.325000000000003,29.33,52.615,0.0,5.84
2020-11-22 06:00:56,69.37,31.605,18.91,28.515,67.385,0.0,6.02
2020-11-22 07:00:56,59.013333333333335,23.375,20.095,30.179999999999996,67.59,0.0,6.01
2020-11-22 08:00:56,55.21333333333333,36.005,19.77,30.99,84.455,0.0,6.25
2020-11-22 09:00:56,64.04666666666667,34.845,19.93,29.08,51.96,0.0,8.05
2020-11-22 10:00:56,70.86666666666666,34.78,21.75,34.535,75.43,0.0,8.06
2020-11-22 11:00:56,91.09,38.755,23.48,38.02,78.335,0.0,8.71
2020-11-22 12:00:56,98.09,45.78,27.915000000000003,35.885,59.745,0.0,10.64
2020-11-22 13:00:56,96.01,46.315,27.929999999999996,37.485,56.02,0.0,15.16
2020-11-22 14:00:56,92.06666666666666,37.27,27.63,46.525,66.66,0.0,11.93
2020-11-22 15:00:56,76.33333333333333,31.145,22.515,41.72,67.215,0.0,14.95
2020-11-22 16:00:56,54.836666666666666,18.97,14.439999999999998,34.175,54.23,0.0,22.1
2020-11-22 17:00:56,39.46333333333334,12.800000000000002,12.810000000000002,38.395,64.26,0.0,18.28
2020-11-22 18:00:56,37.28333333333333,11.455,14.189999999999998,51.12,107.95,0.0,7.21
2020-11-22 19:00:56,53.58,7.405,16.71,52.76,105.645,0.0,6.59
2020-11-22 20:00:56,71.02333333333333,10.555,16.875,47.96,131.86,0.0,5.99
2020-11-22 21:00:56,83.52333333333334,21.63,17.125,45.42499999999999,82.54,0.0,6.56
2020-11-22 22:00:56,80.46,26.875,18.53,45.595,127.84999999999998,0.0,9.65
2020-11-22 23:00:56,89.98,54.875,20.23,42.4,152.77,0.0,8.92
2020-11-23 00:00:56,102.23333333333333,76.395,21.085,43.955000000000005,139.685,0.0,9.7
2020-11-23 01:00:56,101.38333333333333,89.635,21.745,39.885,90.565,0.0,7.17
2020-11-23 02:00:56,101.4,81.485,23.11,38.585,99.88,0.0,7.33
2020-11-23 03:00:56,95.98666666666668,75.2,21.915000000000003,37.85,81.47,0.0,7.55
2020-11-23 04:00:56,101.92,68.9,22.045,34.08,58.665,0.0,5.87
2020-11-23 05:00:56,85.45666666666666,62.905,20.86,35.185,69.535,0.0,6.88
2020-11-23 06:00:56,80.95333333333333,55.87,23.27,35.67,69.2,0.0,7.16
2020-11-23 07:00:56,88.53333333333333,57.315,26.915000000000003,37.905,112.02500000000002,0.0,6.3
2020-11-23 08:00:56,87.04333333333334,57.45000000000001,25.485,35.845,115.53500000000001,0.0,6.91
2020-11-23 09:00:56,102.25,48.915,22.345,39.62,130.31,0.0,6.69
2020-11-23 10:00:56,119.78,64.1,34.545,39.3,92.47499999999998,0.0,8.4
2020-11-23 11:00:56,180.13,55.835,37.835,25.55,42.215,0.0,13.4
2020-11-23 12:00:56,140.74333333333334,41.175,30.924999999999997,26.815,42.325,0.0,18.65
2020-11-23 13:00:56,105.29666666666667,27.334999999999997,22.11,21.595,31.985,0.0,30.21
2020-11-23 14:00:56,66.49333333333333,17.24,20.07,23.63,31.175,0.0,36.27
2020-11-23 15:00:56,46.11,0.0,17.799999999999997,41.61,51.445,0.0,23.71
2020-11-23 16:00:56,38.36,10.095,18.57,42.89000000000001,53.41,0.0,22.11
2020-11-23 17:00:56,39.35666666666667,11.115,18.334999999999997,49.945,66.63,0.0,17.68
2020-11-23 18:00:56,46.6,10.05,19.555,57.96,83.695,0.0,8.69
2020-11-23 19:00:56,66.27333333333334,19.41,20.515,55.355,0.0,0.0,8.33
2020-11-23 20:00:56,111.35666666666667,49.54,22.59,50.0,0.0,0.0,8.32
2020-11-23 21:00:56,132.83666666666667,67.845,25.485,51.919999999999995,0.0,0.0,11.01
2020-11-23 22:00:56,155.00666666666666,97.745,26.745,48.35999999999999,198.795,0.0,10.86
2020-11-23 23:00:56,154.60666666666668,96.96,25.28,42.71,171.125,0.0,10.08
2020-11-24 00:00:56,149.78333333333333,104.705,27.099999999999998,38.095,158.57,0.0,9.16
2020-11-24 01:00:56,143.97333333333333,97.195,32.44,39.05,165.815,0.0,9.74
2020-11-24 02:00:56,124.95666666666666,94.66000000000001,32.830000000000005,38.765,115.87,0.0,8.5
2020-11-24 03:00:56,113.63,85.65000000000002,7.21,33.865,109.89,0.0,8.77
2020-11-24 04:00:56,97.83666666666667,73.3,27.605000000000004,35.67,91.86,0.0,7.52
2020-11-24 05:00:56,96.64333333333333,65.435,23.63,32.895,79.59,0.0,7.26
2020-11-24 06:00:56,97.89333333333332,56.19,29.099999999999998,34.155,72.575,0.0,7.94
2020-11-24 07:00:56,91.65666666666667,57.46,32.915,36.49,97.09999999999998,0.0,7.13
2020-11-24 08:00:56,93.97,58.23499999999999,32.52,40.775,149.335,0.0,8.86
2020-11-24 09:00:56,108.02000000000001,66.575,27.51,42.605,0.0,0.0,8.68
2020-11-24 10:00:56,146.46333333333334,90.385,39.985,60.1,0.0,0.0,9.59
2020-11-24 11:00:56,199.43666666666667,114.96,35.54,71.23,163.84,0.0,9.24
2020-11-24 12:00:56,216.33666666666667,110.495,32.065,64.145,115.045,0.0,9.41
2020-11-24 13:00:56,178.36,90.97499999999998,25.24,47.6,68.25,0.0,14.79
2020-11-24 14:00:56,126.64666666666666,56.65,29.97,67.79,95.295,0.0,13.45
2020-11-24 15:00:56,87.23666666666668,38.0,25.66,81.38,101.745,0.0,13.26
2020-11-24 16:00:56,64.77333333333333,25.425,28.040000000000003,69.98,96.84499999999998,0.0,13.18
2020-11-24 17:00:56,66.21000000000001,18.345,27.564999999999998,64.63,80.655,0.0,14.36
2020-11-24 18:00:56,83.33333333333333,21.625,21.615,67.985,105.675,0.0,11.09
2020-11-24 19:00:56,76.79666666666667,16.5,20.625,59.955000000000005,108.01,0.0,14.78
2020-11-24 20:00:56,80.66333333333333,21.56,21.930000000000003,49.49,67.155,0.0,15.62
2020-11-24 21:00:56,74.58,23.899999999999995,19.915000000000003,33.315,49.01500000000001,0.0,25.0
2020-11-24 22:00:56,60.31666666666667,16.08,16.91,27.084999999999997,34.09,0.0,29.34
2020-11-24 23:00:56,45.50666666666666,14.705,16.77,51.04,73.605,0.0,10.09
2020-11-25 00:00:56,60.95333333333333,23.959999999999997,24.385,48.69,90.76,0.0,7.85
2020-11-25 01:00:56,92.43333333333334,40.905,24.320000000000004,44.15,71.675,0.0,9.56
2020-11-25 02:00:56,77.54666666666667,38.465,25.605000000000004,50.07500000000001,82.66,0.0,8.48
2020-11-25 03:00:56,74.27666666666667,34.99,26.180000000000003,49.57500000000001,80.23,0.0,7.98
2020-11-25 04:00:56,76.05,34.995,28.474999999999998,46.93,63.82500000000001,0.0,6.03
2020-11-25 05:00:56,90.27666666666667,37.545,27.67,45.81,65.675,0.0,5.28
2020-11-25 06:00:56,83.17333333333333,35.785,25.675,44.565,58.06,0.0,6.91
2020-11-25 07:00:56,81.61666666666666,42.865,22.99,44.115,101.41000000000001,0.0,6.69
2020-11-25 08:00:56,87.43333333333334,41.27,23.51,43.75,165.43,0.0,6.03
2020-11-25 09:00:56,100.96000000000001,51.065,34.379999999999995,49.52,0.0,0.0,5.98
2020-11-25 10:00:56,152.25,56.88,39.02,63.72,141.175,0.0,5.39
2020-11-25 11:00:56,159.88,69.52,38.25,56.21,109.265,0.0,8.77
2020-11-25 12:00:56,153.89333333333332,65.335,27.61,35.17,50.865,0.0,18.66
2020-11-25 13:00:56,87.92333333333333,37.065,19.11,31.084999999999997,43.35,0.0,23.55
2020-11-25 14:00:56,48.416666666666664,20.495,15.939999999999998,33.62,45.305,0.0,23.96
2020-11-25 15:00:56,35.79333333333334,11.205,14.29,31.084999999999997,39.59,0.0,28.84
2020-11-25 16:00:56,33.28333333333333,6.37,13.574999999999998,27.31,37.3,0.0,31.41
2020-11-25 17:00:56,32.516666666666666,6.68,13.229999999999999,25.64,36.3,0.0,31.39
2020-11-25 18:00:56,32.42666666666667,3.9249999999999994,13.450000000000001,28.605,40.165,0.0,29.43
2020-11-25 19:00:56,37.153333333333336,6.114999999999999,14.899999999999999,25.26,35.56,0.0,30.49
2020-11-25 20:00:56,32.42333333333333,7.05,16.185000000000002,26.395,38.19,0.0,30.49
2020-11-25 21:00:56,26.549999999999997,5.875,15.93,24.600000000000005,35.45,0.0,31.9
2020-11-25 22:00:56,18.503333333333334,7.53,14.344999999999999,23.084999999999997,30.42,0.0,30.45
2020-11-25 23:00:56,21.576666666666668,5.97,14.589999999999998,24.524999999999995,31.485,0.0,26.94
2020-11-26 00:00:56,24.016666666666666,4.925,14.905000000000001,16.795,20.935,0.0,36.12
2020-11-26 01:00:56,29.056666666666665,4.91,19.669999999999998,30.024999999999995,40.79,0.0,17.9
2020-11-26 02:00:56,43.333333333333336,19.09,20.68,38.65,60.97,0.0,6.69
2020-11-26 03:00:56,62.69333333333333,33.525,24.27,39.735,68.175,0.0,7.16
2020-11-26 04:00:56,66.00999999999999,0.0,27.209999999999997,39.865,68.28,0.0,7.6
2020-11-26 05:00:56,69.73,0.0,26.785,38.225,51.32500000000001,0.0,8.12
2020-11-26 06:00:56,82.09,47.669999999999995,27.435000000000002,39.36,54.225,0.0,8.37
2020-11-26 07:00:56,83.14,52.54999999999999,32.66,41.1,100.685,0.0,7.67
2020-11-26 08:00:56,89.81666666666666,59.43,31.615,51.57,189.92999999999998,0.0,7.33
2020-11-26 09:00:56,91.48333333333332,54.73499999999999,29.42,47.715,185.33,0.0,8.93
2020-11-26 10:00:56,118.89,69.285,36.794999999999995,55.10999999999999,168.7,0.0,7.83
2020-11-26 11:00:56,132.51,73.165,33.825,40.225,67.375,0.0,18.55
2020-11-26 12:00:56,98.55333333333333,45.56,21.834999999999997,22.88,31.985,0.0,38.23
2020-11-26 13:00:56,52.22666666666667,31.49,16.315,25.540000000000003,33.885,0.0,40.1
2020-11-26 14:00:56,35.1,0.0,15.170000000000002,32.805,45.435,0.0,33.07
2020-11-26 15:00:56,30.14,9.815,14.410000000000002,36.395,50.725,0.0,30.89
2020-11-26 16:00:56,32.489999999999995,7.63,13.87,34.785,44.525,0.0,33.8
2020-11-26 17:00:56,24.82,4.21,14.975,36.575,49.92499999999999,0.0,26.92
2020-11-26 18:00:56,28.75,4.015,16.365000000000002,46.845,75.985,0.0,15.62
2020-11-26 19:00:56,36.50666666666667,4.795,20.465,49.32500000000001,83.495,0.0,11.56
2020-11-26 20:00:56,52.61666666666667,6.05,22.200000000000003,41.3,68.635,0.0,13.19
2020-11-26 21:00:56,53.580000000000005,14.425000000000002,22.845,38.56,57.305,0.0,17.49
2020-11-26 22:00:56,54.06333333333333,9.19,22.304999999999996,43.73,87.73,0.0,10.95
2020-11-26 23:00:56,56.843333333333334,15.32,23.310000000000002,46.155,97.59499999999998,0.0,7.46
2020-11-27 00:00:56,63.88666666666666,31.44,25.33,47.455000000000005,88.385,0.0,8.33
2020-11-27 01:00:56,70.17333333333333,0.0,25.435000000000002,39.49,64.215,0.0,8.51
2020-11-27 02:00:56,73.69999999999999,35.665,20.785,33.9,45.395,0.0,10.7
2020-11-27 03:00:56,53.95666666666667,28.834999999999997,17.475,31.325,38.03,0.0,13.47
2020-11-27 04:00:56,54.06333333333333,18.535,16.439999999999998,36.885,52.79,0.0,6.83
2020-11-27 05:00:56,46.903333333333336,22.75,16.695,33.44,44.525,0.0,7.39
2020-11-27 06:00:56,41.483333333333334,25.72,17.72,34.42,47.16,0.0,5.82
2020-11-27 07:00:56,49.166666666666664,22.23,19.585,38.265,64.02,0.0,4.02
2020-11-27 08:00:56,48.18333333333334,17.35,19.685,39.6,109.425,0.0,3.24
2020-11-27 09:00:56,77.22666666666666,28.350000000000005,20.465,42.06,165.69,0.0,3.34
2020-11-27 10:00:56,107.56,38.49,25.915000000000003,53.330000000000005,0.0,0.0,6.01
2020-11-27 11:00:56,148.64,69.885,30.745,57.29999999999999,133.95,0.0,6.77
2020-11-27 12:00:56,149.72333333333333,60.79,28.430000000000003,33.445,52.13,0.0,17.8
2020-11-27 13:00:56,102.77666666666667,45.76500000000001,23.560000000000002,27.77,37.01,0.0,30.62
2020-11-27 14:00:56,64.21666666666667,27.035,21.185,42.895,53.455000000000005,0.0,24.31
2020-11-27 15:00:56,50.70666666666666,15.085,19.58,59.96,69.065,0.0,16.77
2020-11-27 16:00:56,44.0,11.464999999999998,20.145,66.695,78.355,0.0,17.73
2020-11-27 17:00:56,50.96666666666667,8.88,22.84,66.89,88.15000000000002,0.0,15.68
2020-11-27 18:00:56,65.83,19.0,21.155,67.95,0.0,0.0,7.07
2020-11-27 19:00:56,114.65666666666665,36.025,22.78,56.185,0.0,0.0,7.37
2020-11-27 20:00:56,162.86333333333332,51.044999999999995,21.675,56.285,0.0,0.0,6.45
2020-11-27 21:00:56,162.42666666666668,82.97,22.24,53.24,0.0,0.0,9.35
2020-11-27 22:00:56,181.16666666666666,127.93,24.745,43.905,0.0,0.0,8.07
2020-11-27 23:00:56,191.14,120.755,27.755,46.94,0.0,0.0,8.36
2020-11-28 00:00:56,183.56333333333333,131.525,25.89,47.97,0.0,0.0,8.98
2020-11-28 01:00:56,184.4,128.325,26.435000000000002,42.17,0.0,0.0,8.28
2020-11-28 02:00:56,173.51999999999998,135.955,25.61,39.49,171.42999999999998,0.0,6.71
2020-11-28 03:00:56,159.13666666666666,125.7,24.444999999999997,38.505,135.45,0.0,6.09
2020-11-28 04:00:56,135.34333333333333,101.97499999999998,22.74,35.805,111.065,0.0,5.75
2020-11-28 05:00:56,118.52333333333333,81.335,21.995000000000005,31.2,113.65000000000002,0.0,3.25
2020-11-28 06:00:56,104.19666666666667,72.62,25.965000000000003,35.145,99.90500000000002,0.0,4.56
2020-11-28 07:00:56,104.71666666666665,59.975,27.254999999999995,37.86,106.59999999999998,0.0,3.95
2020-11-28 08:00:56,117.26666666666665,67.295,32.79,40.97,164.475,0.0,5.08
2020-11-28 09:00:56,131.64666666666668,62.32,27.14,43.02,159.2,0.0,7.0
2020-11-28 10:00:56,184.46333333333334,79.86,39.145,46.51,132.36,0.0,6.05
2020-11-28 11:00:56,246.19333333333333,85.23,48.550000000000004,54.04,108.71,0.0,5.58
2020-11-28 12:00:56,233.53666666666666,76.64,40.28,61.955000000000005,102.015,0.0,7.58
2020-11-28 13:00:56,220.98666666666668,65.745,36.77,68.41,104.045,0.0,7.08
2020-11-28 14:00:56,175.93,52.775,31.98,78.12,112.385,0.0,7.56
2020-11-28 15:00:56,131.51,37.825,27.735,87.62,106.66000000000001,0.0,8.88
2020-11-28 16:00:56,100.80333333333333,28.08,30.064999999999998,87.255,107.825,0.0,11.09
2020-11-28 17:00:56,85.95,25.39,30.525000000000002,96.265,110.71499999999999,0.0,9.45
2020-11-28 18:00:56,87.26333333333334,20.005,30.439999999999998,74.34,160.815,0.0,7.73
2020-11-28 19:00:56,121.66666666666667,34.345,33.745000000000005,83.44,0.0,0.0,5.04
2020-11-28 20:00:56,171.55666666666667,59.75,34.61,65.455,0.0,0.0,5.02
2020-11-28 21:00:56,187.28666666666666,69.405,32.53,60.87,0.0,0.0,6.53
2020-11-28 22:00:56,170.67,72.16,28.710000000000004,55.815,143.29,0.0,6.71
2020-11-28 23:00:56,154.43333333333334,89.23,25.644999999999996,50.24,0.0,0.0,8.94
2020-11-29 00:00:56,167.95999999999998,107.145,28.33,45.919999999999995,174.59,0.0,6.43
2020-11-29 01:00:56,162.23000000000002,108.77,25.89,41.135,119.255,0.0,4.27
2020-11-29 02:00:56,138.23333333333332,82.195,23.899999999999995,41.885,160.695,0.0,7.33
2020-11-29 03:00:56,128.29666666666668,97.58,23.865,40.285,106.65500000000002,0.0,4.54
2020-11-29 04:00:56,116.62666666666667,76.415,24.03,40.235,111.43,0.0,4.79
2020-11-29 05:00:56,101.29333333333334,66.32,20.44,38.49,90.7,0.0,4.97
2020-11-29 06:00:56,109.52,56.945,19.495,39.55,112.93,0.0,5.77
2020-11-29 07:00:56,117.42333333333332,64.515,20.630000000000003,39.615,116.73,0.0,4.38
2020-11-29 08:00:56,100.93333333333334,57.91,20.09,41.02,129.565,0.0,4.24
2020-11-29 09:00:56,100.23666666666666,62.48,19.865,42.215,122.695,0.0,5.64
2020-11-29 10:00:56,111.58333333333333,65.06,31.265,55.89000000000001,125.96999999999998,0.0,7.01
2020-11-29 11:00:56,127.03666666666666,69.54,31.040000000000003,54.32,89.33,0.0,8.9
2020-11-29 12:00:56,167.94,54.080000000000005,28.900000000000002,44.29,59.23499999999999,0.0,15.53
2020-11-29 13:00:56,141.68666666666667,47.745,22.185000000000002,47.32500000000001,59.815,0.0,18.29
2020-11-29 14:00:56,96.79666666666667,35.71,27.325000000000003,49.57,55.98499999999999,0.0,27.78
2020-11-29 15:00:56,67.05,22.655,22.695000000000004,57.37,61.92499999999999,0.0,26.73
2020-11-29 16:00:56,52.76666666666667,22.14,21.8,71.035,80.09,0.0,18.9
2020-11-29 17:00:56,57.46666666666667,14.895000000000001,32.985,78.575,82.98,0.0,15.4
2020-11-29 18:00:56,71.54666666666667,15.995,30.804999999999996,71.885,188.795,0.0,6.68
2020-11-29 19:00:56,102.93,27.34,23.445000000000004,66.405,184.29,0.0,4.32
2020-11-29 20:00:56,143.59,35.485,25.99,65.8,0.0,0.0,4.78
2020-11-29 21:00:56,148.83666666666667,51.505,27.150000000000002,59.87,0.0,0.0,5.96
2020-11-29 22:00:56,143.77333333333334,62.07500000000001,25.590000000000003,58.26500000000001,149.62,0.0,6.52
2020-11-29 23:00:56,144.12333333333333,82.07,28.88,54.93,0.0,0.0,9.47
2020-11-30 00:00:56,159.48666666666668,101.46999999999998,32.46,56.35999999999999,129.615,0.0,7.01
2020-11-30 01:00:56,157.97333333333333,95.81,27.709999999999997,48.63,147.55,0.0,7.33
2020-11-30 02:00:56,145.68,89.375,26.72,47.67499999999999,124.705,0.0,6.14
2020-11-30 03:00:56,123.24,79.235,24.115,47.275,125.105,0.0,6.37
2020-11-30 04:00:56,108.83666666666666,78.285,25.28,45.85999999999999,102.395,0.0,7.4
2020-11-30 05:00:56,106.30333333333333,73.79,23.189999999999998,46.044999999999995,112.88,0.0,6.74
2020-11-30 06:00:56,103.92333333333333,65.07,24.544999999999998,44.935,104.615,0.0,7.33
2020-11-30 07:00:56,100.59666666666666,68.625,26.995000000000005,46.544999999999995,111.97499999999998,0.0,6.68
2020-11-30 08:00:56,111.89,65.845,27.150000000000002,54.93,0.0,0.0,6.52
2020-11-30 09:00:56,133.71,71.685,35.905,59.20000000000001,0.0,0.0,9.5
2020-11-30 10:00:56,174.93333333333334,99.29,36.85,68.61,177.725,0.0,10.45
2020-11-30 11:00:56,207.50333333333333,99.235,34.935,69.265,133.335,0.0,7.54
2020-11-30 12:00:56,227.62,85.3,34.425000000000004,52.65,88.47499999999998,0.0,9.43
2020-11-30 13:00:56,186.10666666666665,64.835,29.445000000000004,44.20000000000001,55.53,0.0,19.8
2020-11-30 14:00:56,145.15,48.23499999999999,34.64,66.13,102.835,0.0,12.02
2020-11-30 15:00:56,166.99333333333334,47.57500000000001,36.169999999999995,88.625,123.075,0.0,7.75
2020-11-30 16:00:56,178.20333333333335,51.835,35.45,105.5,148.25,0.0,6.7
2020-11-30 17:00:56,196.32,58.205000000000005,35.655,95.66000000000001,151.315,0.0,7.17
2020-11-30 18:00:56,223.33666666666667,66.66,35.675000000000004,80.165,0.0,0.0,6.1
2020-11-30 19:00:56,219.05333333333334,75.82,31.865,71.28,0.0,0.0,6.6
2020-11-30 20:00:56,235.18666666666667,77.485,33.875,73.755,0.0,0.0,5.81
2020-11-30 21:00:56,247.15,85.2,31.669999999999998,68.88,0.0,0.0,8.03
2020-11-30 22:00:56,251.31666666666666,101.71,26.599999999999998,67.375,0.0,0.0,12.55
2020-11-30 23:00:56,267.46666666666664,132.43,31.099999999999998,65.95,0.0,0.0,7.68
2020-12-01 00:00:56,239.78,128.44,33.36,60.78,0.0,0.0,7.61
2020-12-01 01:00:56,221.4033333333333,132.79,29.834999999999997,51.855,0.0,0.0,8.04
2020-12-01 02:00:56,213.70333333333332,112.09999999999998,28.435000000000002,53.66,167.005,0.0,7.79
2020-12-01 03:00:56,191.4033333333333,101.185,26.345,49.82,144.99,0.0,6.63
2020-12-01 04:00:56,160.32333333333332,89.04,25.560000000000002,48.57,150.095,0.0,6.21
2020-12-01 05:00:56,161.35,87.48,27.060000000000002,49.10999999999999,123.29,0.0,7.22
2020-12-01 06:00:56,154.11,72.98,25.64,47.20000000000001,112.33,0.0,5.46
2020-12-01 07:00:56,124.96666666666665,71.475,24.87,48.785,146.16,0.0,5.59
2020-12-01 08:00:56,139.47333333333333,64.715,23.959999999999997,54.580000000000005,190.225,0.0,5.99
2020-12-01 09:00:56,143.21666666666667,59.805,24.535,56.71,196.21,0.0,7.27
2020-12-01 10:00:56,201.47333333333333,77.17,27.965000000000003,57.09,179.77,0.0,6.45
2020-12-01 11:00:56,243.69000000000003,0.0,33.265,60.98499999999999,178.67500000000004,0.0,7.94
2020-12-01 12:00:56,215.33666666666667,0.0,39.76,62.54999999999999,104.355,0.0,6.72
2020-12-01 13:00:56,255.53666666666666,0.0,38.955000000000005,69.4,110.96499999999999,0.0,7.14
2020-12-01 14:00:56,305.09666666666664,0.0,35.035,66.06,93.945,0.0,7.46
2020-12-01 15:00:56,277.04,13.979999999999999,36.07,59.895,76.34,0.0,9.34
2020-12-01 16:00:56,115.78999999999999,33.63,15.719999999999999,60.62,79.845,0.0,8.2
2020-12-01 17:00:56,106.21333333333332,34.995,14.579999999999998,60.60999999999999,89.53000000000002,0.0,5.52
2020-12-01 18:00:56,221.25333333333333,44.48,27.915000000000003,66.04,142.57,0.0,7.49
2020-12-01 19:00:56,263.57,67.695,36.044999999999995,65.085,189.54,0.0,7.63
2020-12-01 20:00:56,288.1,80.825,31.48,66.025,0.0,0.0,7.93
2020-12-01 21:00:56,270.4633333333333,88.89,54.16,59.51500000000001,185.13,0.0,7.76
2020-12-01 22:00:56,252.65,95.27,37.98500000000001,65.45,0.0,0.0,6.17
2020-12-01 23:00:56,251.45,101.875,33.495000000000005,62.73,0.0,0.0,8.75
2020-12-02 00:00:56,241.46333333333337,122.08,28.63,61.805,198.82499999999996,0.0,11.45
2020-12-02 01:00:56,221.85333333333332,127.315,35.125,56.225,159.415,0.0,7.05
2020-12-02 02:00:56,232.46,114.03000000000002,39.69,58.96,150.78,0.0,7.8
2020-12-02 03:00:56,215.89,102.21999999999998,42.555,54.635,112.62,0.0,7.3
2020-12-02 04:00:56,208.15,88.565,34.69,48.975,121.14,0.0,5.34
2020-12-02 05:00:56,202.56666666666666,81.34,32.85,52.225,136.44,0.0,7.22
2020-12-02 06:00:56,198.83666666666667,83.425,35.255,42.4,108.505,0.0,5.93
2020-12-02 07:00:56,207.86333333333334,85.43,37.915,46.26,144.46,0.0,6.22
2020-12-02 08:00:56,210.62666666666667,84.535,34.525,46.865,184.835,0.0,5.98
2020-12-02 09:00:56,217.68,84.49,35.39,50.25,198.43500000000003,0.0,6.81
2020-12-02 10:00:56,255.51333333333332,92.36,37.44,61.51,0.0,0.0,8.41
2020-12-02 11:00:56,300.81,110.43,63.69,69.06,189.165,0.0,7.07
2020-12-02 12:00:56,335.31666666666666,122.57,63.01499999999999,121.005,227.515,0.0,6.78
2020-12-02 13:00:56,283.87333333333333,110.415,52.98499999999999,133.405,205.025,0.0,6.36
2020-12-02 14:00:56,245.75,97.37,43.915,125.59500000000001,176.23499999999999,0.0,6.2
2020-12-02 15:00:56,215.9633333333333,91.57,35.825,121.445,162.425,0.0,6.14
2020-12-02 16:00:56,200.43,79.575,34.73,118.27999999999999,146.77499999999998,0.0,7.14
2020-12-02 17:00:56,204.30666666666667,68.53,29.680000000000003,102.96499999999999,126.90000000000002,0.0,5.66
2020-12-02 18:00:56,160.69333333333333,56.98499999999999,22.905,91.545,126.805,0.0,8.08
2020-12-02 19:00:56,158.05666666666667,55.25,22.355,91.86,53.93000000000001,0.0,7.48
2020-12-02 20:00:56,192.13666666666666,67.27,20.855,91.53500000000001,78.91,0.0,6.76
2020-12-02 21:00:56,206.96333333333337,79.82,18.51,88.36500000000001,77.035,0.0,7.64
2020-12-02 22:00:56,223.83333333333331,105.005,20.865,82.835,67.94,0.0,7.67
2020-12-02 23:00:56,230.41666666666666,131.005,23.115,80.79,66.155,0.0,8.57
2020-12-03 00:00:56,210.07666666666668,120.235,23.76,82.925,239.205,0.0,9.1
2020-12-03 01:00:56,220.9033333333333,121.48,21.820000000000004,73.11,259.55,0.0,8.88
2020-12-03 02:00:56,239.86666666666667,139.375,40.41,75.60000000000001,225.13,0.0,7.72
2020-12-03 03:00:56,237.07666666666665,123.115,41.800000000000004,72.61,168.835,0.0,7.41
2020-12-03 04:00:56,201.32999999999998,101.68,30.58,68.495,160.85999999999999,0.0,7.11
2020-12-03 05:00:56,173.82333333333332,88.585,31.385,61.370000000000005,149.485,0.0,6.81
2020-12-03 06:00:56,178.36666666666667,82.33,27.87,65.545,170.68999999999997,0.0,6.31
2020-12-03 07:00:56,168.74666666666667,77.905,22.14,61.21,153.5,0.0,7.29
2020-12-03 08:00:56,156.38333333333333,77.535,21.51,62.74,61.89000000000001,0.0,6.83
2020-12-03 09:00:56,174.56666666666666,82.77,19.6,68.565,68.435,0.0,7.28
2020-12-03 10:00:56,197.69666666666666,97.78000000000002,24.905,84.515,81.945,0.0,8.17
2020-12-03 11:00:56,267.47333333333336,120.045,38.84,95.5,249.04,0.0,7.32
2020-12-03 12:00:56,289.9033333333333,123.875,42.669999999999995,108.0,217.99,0.0,7.22
2020-12-03 13:00:56,251.85666666666668,110.675,44.620000000000005,108.395,188.89,0.0,7.44
2020-12-03 14:00:56,199.23,88.53000000000002,35.245000000000005,115.62,180.96,0.0,6.56
2020-12-03 15:00:56,150.23666666666665,61.580000000000005,29.12,132.28,187.88,0.0,6.95
2020-12-03 16:00:56,116.69,46.41,26.135,135.275,176.48499999999999,0.0,7.11
2020-12-03 17:00:56,92.46666666666667,33.015,23.314999999999998,135.895,189.585,0.0,6.36
2020-12-03 18:00:56,90.81333333333333,26.36,29.05,119.115,230.25,0.0,5.59
2020-12-03 19:00:56,132.09333333333333,35.725,16.275,108.54,74.065,0.0,5.01
2020-12-03 20:00:56,155.14,52.70000000000001,16.925,99.58999999999999,67.115,0.0,6.5
2020-12-03 21:00:56,173.41333333333333,81.25,22.179999999999996,84.1,55.465,0.0,7.97
2020-12-03 22:00:56,221.92666666666668,94.665,21.584999999999997,84.60000000000001,52.355,0.0,8.66
2020-12-03 23:00:56,188.74666666666667,100.27,21.33,77.11,212.76,0.0,7.67
2020-12-04 00:00:56,201.42666666666665,111.15500000000002,19.905,75.295,214.57000000000002,0.0,7.98
2020-12-04 01:00:56,164.02,103.515,17.84,74.05,181.26,0.0,7.91
2020-12-04 02:00:56,158.68,105.78500000000001,24.879999999999995,74.435,178.67,0.0,8.55
2020-12-04 03:00:56,158.01,107.955,23.345,68.985,115.96999999999998,0.0,7.42
2020-12-04 04:00:56,138.38,86.37,18.724999999999998,62.785000000000004,106.02,0.0,7.1
2020-12-04 05:00:56,121.92666666666666,73.255,14.659999999999998,58.01500000000001,122.08,0.0,7.05
2020-12-04 06:00:56,105.78,62.16,12.275,59.30500000000001,109.96499999999999,0.0,6.26
2020-12-04 07:00:56,96.43666666666667,56.27,11.14,60.339999999999996,161.28,0.0,6.6
2020-12-04 08:00:56,100.33333333333333,63.794999999999995,10.979999999999999,63.315,34.0,0.0,8.05
2020-12-04 09:00:56,114.64,71.095,15.175000000000002,67.375,45.71,0.0,11.15
2020-12-04 10:00:56,147.88666666666666,87.515,20.095,86.765,48.75999999999999,0.0,10.37
2020-12-04 11:00:56,190.89,93.335,30.174999999999997,80.02499999999999,156.85,0.0,9.83
2020-12-04 12:00:56,197.85,85.255,31.955000000000002,91.28500000000001,166.945,0.0,7.69
2020-12-04 13:00:56,198.86666666666667,79.94,31.195000000000004,107.09999999999998,173.75,0.0,8.46
2020-12-04 14:00:56,166.16333333333333,68.51,29.48,115.8,162.64,0.0,9.89
2020-12-04 15:00:56,137.30666666666667,55.185,31.689999999999998,125.43,166.095,0.0,10.98
2020-12-04 16:00:56,130.49666666666667,48.10999999999999,34.055,137.015,167.71,0.0,7.92
2020-12-04 17:00:56,118.3,39.56,31.959999999999997,134.645,176.76,0.0,4.08
2020-12-04 18:00:56,137.82333333333332,37.295,24.385,117.37,62.315,0.0,7.57
2020-12-04 19:00:56,174.42666666666668,47.4,22.64,109.19,82.3,0.0,11.0
2020-12-04 20:00:56,200.37,63.085,18.545,97.93,78.245,0.0,11.61
2020-12-04 21:00:56,216.87,91.665,20.345,88.71999999999998,78.24,0.0,9.62
2020-12-04 22:00:56,248.34666666666666,118.455,19.485,87.45,79.525,0.0,8.78
2020-12-04 23:00:56,238.93333333333334,124.565,17.33,78.22,71.26,0.0,11.34
2020-12-05 00:00:56,223.50333333333333,142.52,19.665,76.665,67.445,0.0,9.52
2020-12-05 01:00:56,213.85666666666665,136.195,20.36,72.515,163.735,0.0,7.65
2020-12-05 02:00:56,173.44,94.08,17.27,67.51,150.665,0.0,7.8
2020-12-05 03:00:56,143.33666666666667,84.52,15.410000000000002,64.105,173.07000000000002,0.0,8.23
2020-12-05 04:00:56,129.82,81.49,13.920000000000002,61.47,133.43,0.0,6.19
2020-12-05 05:00:56,111.34666666666665,68.49,13.495,58.004999999999995,149.03,0.0,6.03
2020-12-05 06:00:56,107.43,64.39,12.35,58.185,154.545,0.0,7.52
2020-12-05 07:00:56,113.98,63.09,12.115,57.51499999999999,149.055,0.0,6.45
2020-12-05 08:00:56,106.87666666666667,55.82500000000001,11.5,61.065000000000005,180.42999999999998,0.0,5.84
2020-12-05 09:00:56,104.95333333333333,53.99,11.43,62.73,201.13,0.0,6.12
2020-12-05 10:00:56,140.42,63.305,21.885,78.085,198.765,0.0,6.31
2020-12-05 11:00:56,199.73333333333335,71.5,28.474999999999998,76.2,148.67499999999998,0.0,7.13
2020-12-05 12:00:56,230.91,76.9,9.875,91.07,147.12,0.0,7.54
2020-12-05 13:00:56,205.5,84.04,14.824999999999998,0.0,0.0,0.0,10.19
2020-12-05 14:00:56,188.48333333333332,76.685,24.459999999999997,94.5,117.03500000000001,0.0,12.06
2020-12-05 15:00:56,145.97,54.57,24.584999999999997,96.17999999999999,108.58,0.0,18.89
2020-12-05 16:00:56,119.51,43.195,26.525000000000002,116.695,124.67999999999999,0.0,15.92
2020-12-05 17:00:56,109.28333333333335,39.045,32.285,111.61,146.135,0.0,11.08
2020-12-05 18:00:56,94.95666666666666,36.88,25.515,96.92999999999999,228.275,0.0,9.53
2020-12-05 19:00:56,128.46666666666667,46.415,24.405,103.91000000000001,205.975,0.0,8.28
2020-12-05 20:00:56,166.69333333333333,76.855,28.405,101.17,209.36,0.0,8.48
2020-12-05 21:00:56,180.89999999999998,99.54,30.55,100.25,193.94999999999996,0.0,8.41
2020-12-05 22:00:56,186.72333333333333,108.71999999999998,33.43,97.58,212.55499999999998,0.0,8.74
2020-12-05 23:00:56,197.50666666666666,113.735,27.754999999999995,91.90000000000002,210.135,0.0,7.89
2020-12-06 00:00:56,187.02,106.08,23.295,82.98,175.385,0.0,7.49
2020-12-06 01:00:56,170.05666666666667,101.43,20.07,76.405,178.61,0.0,7.59
2020-12-06 02:00:56,168.88333333333333,97.03500000000001,21.459999999999997,73.47,157.98,0.0,7.94
2020-12-06 03:00:56,157.44666666666666,88.795,18.845,69.085,144.295,0.0,7.86
2020-12-06 04:00:56,143.99333333333334,81.415,17.88,68.575,130.20000000000002,0.0,6.7
2020-12-06 05:00:56,130.5,85.335,19.74,64.21,136.82500000000002,0.0,6.82
2020-12-06 06:00:56,136.53666666666666,81.905,19.62,62.455000000000005,112.51,0.0,6.2
2020-12-06 07:00:56,126.37333333333333,71.78,16.865,60.975,129.24,0.0,5.37
2020-12-06 08:00:56,111.66666666666667,66.81,15.995,57.754999999999995,124.795,0.0,5.04
2020-12-06 09:00:56,110.29333333333334,58.865,15.459999999999999,58.465,125.88,0.0,5.96
2020-12-06 10:00:56,110.85,58.195,19.485,79.17,147.84,0.0,7.06
2020-12-06 11:00:56,132.32333333333332,69.475,24.36,76.02499999999999,110.61500000000001,0.0,8.9
2020-12-06 12:00:56,148.57666666666665,69.855,23.91,75.755,98.325,0.0,9.81
2020-12-06 13:00:56,113.99000000000001,56.07,20.095,67.97500000000001,78.635,0.0,15.79
2020-12-06 14:00:56,91.02666666666667,43.43,19.32,72.985,78.355,0.0,18.36
2020-12-06 15:00:56,75.33666666666666,37.235,17.715,74.3,78.59,0.0,23.05
2020-12-06 16:00:56,69.50333333333333,31.540000000000003,18.459999999999997,85.685,90.065,0.0,21.14
2020-12-06 17:00:56,71.94666666666667,24.98,19.334999999999997,84.47,88.075,0.0,22.11
2020-12-06 18:00:56,73.41666666666667,23.12,23.77,71.89,90.78000000000002,0.0,16.73
2020-12-06 19:00:56,77.56333333333333,28.12,20.51,57.79999999999999,64.05499999999999,0.0,24.34
2020-12-06 20:00:56,74.01,29.97,16.225,84.77,92.485,0.0,14.49
2020-12-06 21:00:56,88.88,30.795,17.41,80.31,87.545,0.0,13.66
2020-12-06 22:00:56,104.87333333333333,38.615,19.845,76.45,84.41,0.0,15.51
2020-12-06 23:00:56,98.06333333333333,39.58,18.42,68.92500000000001,83.53,0.0,11.13
2020-12-07 00:00:56,106.63,40.365,15.410000000000002,76.42,111.77500000000002,0.0,7.16
2020-12-07 01:00:56,112.28333333333333,56.285,14.64,76.215,109.46,0.0,7.24
2020-12-07 02:00:56,113.0,71.64,19.855,73.71499999999999,106.62,0.0,7.59
2020-12-07 03:00:56,120.89333333333333,77.905,18.25,69.44,109.34999999999998,0.0,6.89
2020-12-07 04:00:56,120.00666666666666,76.71,19.66,64.895,83.285,0.0,7.37
2020-12-07 05:00:56,126.79333333333334,71.355,17.945,62.160000000000004,78.055,0.0,7.06
2020-12-07 06:00:56,120.56333333333333,69.47,18.08,59.275000000000006,72.66,0.0,8.7
2020-12-07 07:00:56,117.89666666666666,63.07,16.19,53.725,72.95,0.0,13.38
2020-12-07 08:00:56,104.57,55.625,16.54,58.544999999999995,117.23,0.0,6.4
2020-12-07 09:00:56,127.85666666666667,63.855,16.015,61.76500000000001,175.93999999999997,0.0,6.22
2020-12-07 10:00:56,159.11666666666667,78.32,19.745,68.99000000000001,184.80000000000004,0.0,6.33
2020-12-07 11:00:56,189.68333333333334,84.1,24.224999999999998,90.0,229.76,0.0,5.34
2020-12-07 12:00:56,235.98666666666668,81.87,26.36,101.295,192.15,0.0,7.43
2020-12-07 13:00:56,197.36333333333334,70.475,20.155,85.27,128.005,0.0,20.36
2020-12-07 14:00:56,123.18,46.215,16.45,111.165,139.29,0.0,16.66
2020-12-07 15:00:56,107.66333333333334,31.065,19.585,115.64499999999998,132.59,0.0,14.62
2020-12-07 16:00:56,95.6,26.205,17.89,119.625,127.61500000000001,0.0,16.51
2020-12-07 17:00:56,88.28,23.415000000000003,17.064999999999998,116.62,123.31,0.0,14.99
2020-12-07 18:00:56,88.72000000000001,25.065,24.795,102.21,128.01,0.0,9.3
2020-12-07 19:00:56,109.37666666666667,33.53,24.47,106.22500000000001,219.26,0.0,7.3
2020-12-07 20:00:56,128.86,44.45000000000001,15.46,108.48,235.29999999999998,0.0,7.13
2020-12-07 21:00:56,147.15,59.96,16.435,110.28000000000002,51.1,0.0,7.7
2020-12-07 22:00:56,170.93333333333334,81.14,17.875,103.42999999999999,57.504999999999995,0.0,7.32
2020-12-07 23:00:56,193.45333333333332,92.295,29.100000000000005,97.38499999999999,211.595,0.0,8.49
2020-12-08 00:00:56,185.85,88.32,39.865,88.11500000000001,179.335,0.0,8.09
2020-12-08 01:00:56,185.65666666666667,85.53000000000002,25.61,82.94,184.02,0.0,7.3
2020-12-08 02:00:56,167.29333333333335,83.34,21.615,77.735,124.11,0.0,7.56
2020-12-08 03:00:56,140.29666666666665,77.48,28.345,75.41,156.885,0.0,7.76
2020-12-08 04:00:56,138.36666666666667,76.785,23.735,72.495,137.91,0.0,5.66
2020-12-08 05:00:56,128.39,69.87,25.649999999999995,67.87,141.76,0.0,6.07
2020-12-08 06:00:56,121.80333333333333,63.495,24.930000000000003,66.085,142.76,0.0,6.01
2020-12-08 07:00:56,116.75666666666666,60.47,27.075000000000003,72.155,151.365,0.0,5.74
2020-12-08 08:00:56,126.61666666666667,61.82,26.11,73.63499999999999,223.12,0.0,7.91
2020-12-08 09:00:56,137.75,69.63,27.645,75.115,234.665,0.0,7.14
2020-12-08 10:00:56,164.41333333333336,73.875,30.015,73.81,216.55000000000004,0.0,6.02
2020-12-08 11:00:56,195.82666666666668,70.98,24.820000000000004,68.27,227.15499999999997,0.0,5.69
2020-12-08 12:00:56,173.52,68.78,21.51,76.255,233.095,0.0,5.82
2020-12-08 13:00:56,170.55,78.01,20.545,67.935,230.49,0.0,4.9
2020-12-08 14:00:56,181.77,101.52500000000002,20.335,72.95,204.43500000000003,0.0,5.47
2020-12-08 15:00:56,201.04333333333332,114.005,21.275,73.435,197.775,0.0,4.79
2020-12-08 16:00:56,182.05333333333334,107.875,21.19,70.45,204.14,0.0,5.63
2020-12-08 17:00:56,172.53,104.105,17.51,75.62,213.13,0.0,4.42
2020-12-08 18:00:56,150.99666666666667,86.86,14.850000000000001,83.345,202.5,0.0,5.68
2020-12-08 19:00:56,155.56333333333333,76.745,15.255,68.11,227.65,0.0,5.16
2020-12-08 20:00:56,174.39333333333335,91.015,14.074999999999998,68.50999999999999,208.89000000000001,0.0,5.21
2020-12-08 21:00:56,178.59,103.18,18.23,59.51,225.47000000000003,0.0,4.78
2020-12-08 22:00:56,133.47333333333333,108.515,5.765000000000001,68.725,154.82500000000002,0.0,5.2
2020-12-08 23:00:56,126.70666666666666,103.53000000000002,5.719999999999999,55.595,129.705,0.0,5.92
2020-12-09 00:00:56,111.89333333333332,88.665,5.675,65.545,105.335,0.0,5.73
2020-12-09 01:00:56,89.14666666666666,66.36,5.23,57.79,102.175,0.0,4.91
2020-12-09 02:00:56,90.78,63.655,5.135,53.715,117.645,0.0,5.64
2020-12-09 03:00:56,113.23,74.965,4.94,55.43,94.77499999999999,0.0,5.34
2020-12-09 04:00:56,100.84,66.735,4.74,50.885,75.82,0.0,7.3
2020-12-09 05:00:56,74.66,50.87,4.58,48.370000000000005,69.72,0.0,9.47
2020-12-09 06:00:56,56.60666666666667,38.67,4.04,56.01,76.38,0.0,11.42
2020-12-09 07:00:56,47.42666666666666,29.095,3.78,41.22,68.65,0.0,8.27
2020-12-09 08:00:56,46.74666666666667,26.495,3.65,52.31999999999999,97.13999999999999,0.0,6.94
2020-12-09 09:00:56,41.93333333333334,24.84,4.39,64.38499999999999,98.065,0.0,5.99
2020-12-09 10:00:56,66.18333333333334,28.51,12.88,61.75,89.935,0.0,7.29
2020-12-09 11:00:56,72.56333333333333,35.81,12.604999999999999,64.955,89.90500000000002,0.0,11.55
2020-12-09 12:00:56,51.79333333333334,31.58,13.479999999999999,85.06,112.34499999999998,0.0,9.88
2020-12-09 13:00:56,45.653333333333336,22.37,12.93,81.155,101.92999999999999,0.0,10.92
2020-12-09 14:00:56,39.02,17.69,13.995,79.165,97.3,0.0,11.53
2020-12-09 15:00:56,39.656666666666666,15.655,12.625,82.9,98.915,0.0,11.13
2020-12-09 16:00:56,44.32333333333333,14.94,11.6,64.165,80.925,0.0,9.09
2020-12-09 17:00:56,50.053333333333335,17.595,11.46,59.54999999999999,75.60000000000001,0.0,9.39
2020-12-09 18:00:56,67.64666666666666,20.275,11.1,57.94,78.86,0.0,7.58
2020-12-09 19:00:56,72.77333333333334,22.405,10.270000000000001,62.405,79.93,0.0,7.82
2020-12-09 20:00:56,58.97333333333333,24.185,11.585,63.345,82.045,0.0,9.41
2020-12-09 21:00:56,59.19,22.265,11.095,69.63,85.58,0.0,12.05
2020-12-09 22:00:56,53.46333333333334,19.42,10.54,61.74,72.705,0.0,11.64
2020-12-09 23:00:56,50.763333333333335,21.98,13.714999999999998,48.245000000000005,55.900000000000006,0.0,17.37
2020-12-10 00:00:56,53.79333333333333,24.975000000000005,13.215000000000002,50.275000000000006,63.54999999999999,0.0,16.31
2020-12-10 01:00:56,58.916666666666664,26.350000000000005,10.06,54.775000000000006,73.75999999999999,0.0,5.67
2020-12-10 02:00:56,64.81666666666666,35.24,11.375,49.135,65.33,0.0,6.45
2020-12-10 03:00:56,72.35666666666667,41.225,11.765,46.550000000000004,59.89000000000001,0.0,6.34
2020-12-10 04:00:56,79.35000000000001,40.235,13.725,46.775,60.595,0.0,5.8
2020-12-10 05:00:56,90.86333333333333,41.715,16.925,50.29,66.77,0.0,6.02
2020-12-10 06:00:56,103.94666666666667,50.79,18.275000000000002,43.824999999999996,57.26,0.0,6.91
2020-12-10 07:00:56,103.36333333333334,52.45000000000001,14.725,40.525,52.905,0.0,12.68
2020-12-10 08:00:56,85.68,45.17499999999999,13.865,48.745000000000005,73.545,0.0,7.49
2020-12-10 09:00:56,93.27000000000001,42.16,11.275,51.565,112.13,0.0,5.93
2020-12-10 10:00:56,90.2,39.34,12.745,61.615,136.82500000000002,0.0,6.67
2020-12-10 11:00:56,121.51333333333332,41.51,17.22,63.169999999999995,115.435,0.0,6.42
2020-12-10 12:00:56,129.66666666666666,44.13,22.415000000000003,67.235,106.05499999999999,0.0,8.62
2020-12-10 13:00:56,114.40333333333334,40.83,22.24,65.745,98.5,0.0,10.66
2020-12-10 14:00:56,87.82333333333334,33.12,20.145,73.75,109.415,0.0,10.33
2020-12-10 15:00:56,71.52,24.290000000000003,19.395,81.38,104.14999999999999,0.0,12.87
2020-12-10 16:00:56,67.75333333333333,19.0,18.44,94.605,129.03,0.0,10.15
2020-12-10 17:00:56,56.61,17.39,18.495,101.11,128.065,0.0,9.4
2020-12-10 18:00:56,61.29333333333333,19.055,18.125,102.11000000000001,159.675,0.0,6.1
2020-12-10 19:00:56,101.55,33.875,14.04,81.36,43.285,0.0,6.08
2020-12-10 20:00:56,134.83666666666667,59.995,12.14,71.965,59.629999999999995,0.0,6.03
2020-12-10 21:00:56,155.79333333333335,80.9,10.685,65.13,53.915,0.0,7.09
2020-12-10 22:00:56,158.29333333333335,95.015,9.84,58.60999999999999,228.81500000000003,0.0,5.82
2020-12-10 23:00:56,158.20333333333332,110.90500000000002,9.525,54.72,206.785,0.0,7.14
2020-12-11 00:00:56,158.93666666666667,120.635,9.6,47.585,187.92499999999998,0.0,6.1
2020-12-11 01:00:56,175.13,114.635,11.975,50.875,130.26,0.0,6.05
2020-12-11 02:00:56,143.83333333333334,105.705,11.905000000000001,44.73,149.45000000000002,0.0,7.25
2020-12-11 03:00:56,140.29666666666665,102.68,11.340000000000002,41.83,123.33999999999999,0.0,6.27
2020-12-11 04:00:56,137.32,99.08,12.695,40.169999999999995,123.05,0.0,5.46
2020-12-11 05:00:56,129.31333333333333,91.37,10.57,38.855,116.60000000000001,0.0,5.61
2020-12-11 06:00:56,123.81,90.185,10.575,38.120000000000005,103.49000000000001,0.0,5.53
2020-12-11 07:00:56,117.99666666666667,84.16,14.235,40.650000000000006,116.43,0.0,5.32
2020-12-11 08:00:56,116.58666666666666,81.145,12.865,42.17,203.85,0.0,6.37
2020-12-11 09:00:56,130.72333333333333,86.5,12.6,45.89000000000001,36.235,0.0,6.03
2020-12-11 10:00:56,182.88333333333333,99.87,14.050000000000002,50.95000000000001,239.42500000000004,0.0,5.36
2020-12-11 11:00:56,223.06333333333333,108.63,17.325,61.555,64.82,0.0,6.16
2020-12-11 12:00:56,232.38666666666668,108.045,35.545,84.53,72.26,0.0,5.61
2020-12-11 13:00:56,255.37666666666667,102.33999999999999,37.605,102.93,236.87,0.0,5.61
2020-12-11 14:00:56,202.23,92.915,33.93,98.645,204.165,0.0,5.68
2020-12-11 15:00:56,170.30333333333334,79.585,28.53,93.09499999999998,234.12,0.0,5.9
2020-12-11 16:00:56,136.71333333333334,59.185,29.290000000000003,91.28000000000002,180.755,0.0,6.0
2020-12-11 17:00:56,105.58,47.32500000000001,28.89,89.42,160.225,0.0,6.26
2020-12-11 18:00:56,92.33333333333333,42.945,23.66,87.75,197.31499999999997,0.0,5.75
2020-12-11 19:00:56,96.42,40.99,21.55,87.855,59.04,0.0,6.14
2020-12-11 20:00:56,115.68666666666667,51.405,18.82,79.515,70.835,0.0,6.02
2020-12-11 21:00:56,131.7733333333333,61.67499999999999,18.23,72.30499999999999,75.175,0.0,6.07
2020-12-11 22:00:56,159.27,78.06,22.034999999999997,68.75999999999999,63.035,0.0,6.53
2020-12-11 23:00:56,206.79666666666665,111.06,18.525,51.275,52.895,0.0,6.45
2020-12-12 00:00:56,211.98666666666668,130.21,14.665,43.905,240.14499999999998,0.0,5.93
2020-12-12 01:00:56,191.73666666666668,140.005,12.339999999999998,45.345,183.37,0.0,6.66
2020-12-12 02:00:56,174.87,140.82,12.21,43.004999999999995,166.865,0.0,6.01
2020-12-12 03:00:56,168.23333333333332,120.235,12.04,42.330000000000005,139.42,0.0,5.51
2020-12-12 04:00:56,152.34,111.935,11.61,42.515,175.245,0.0,6.02
2020-12-12 05:00:56,165.07333333333332,117.95,11.275,35.8,160.165,0.0,6.48
2020-12-12 06:00:56,150.04,105.77,11.19,38.76,137.81,0.0,5.67
2020-12-12 07:00:56,120.02666666666666,83.965,10.29,38.14,157.94,0.0,6.2
2020-12-12 08:00:56,108.95666666666668,72.26,11.405,39.08,179.85500000000002,0.0,6.17
2020-12-12 09:00:56,129.10666666666665,72.75,13.64,44.254999999999995,174.34,0.0,5.93
2020-12-12 10:00:56,143.24333333333334,75.955,15.12,51.835,190.03,0.0,6.26
2020-12-12 11:00:56,160.71666666666667,93.455,14.58,44.905,183.65499999999997,0.0,6.14
2020-12-12 12:00:56,196.09333333333333,124.83999999999999,15.205,51.544999999999995,222.165,0.0,5.77
2020-12-12 13:00:56,225.37,153.695,19.145,63.355,219.525,0.0,6.4
2020-12-12 14:00:56,215.51,136.99,23.51,66.52,147.99,0.0,4.77
2020-12-12 15:00:56,156.29,88.71999999999998,25.115,74.63,133.075,0.0,5.94
2020-12-12 16:00:56,112.55666666666667,63.665,19.085,66.09,101.75,0.0,7.86
2020-12-12 17:00:56,71.55333333333334,42.16,17.814999999999998,81.08,123.56,0.0,5.98
2020-12-12 18:00:56,66.25666666666667,38.73,15.709999999999999,74.735,184.85999999999999,0.0,6.59
2020-12-12 19:00:56,90.11333333333333,56.695,15.07,71.01,212.17999999999998,0.0,6.29
2020-12-12 20:00:56,122.43333333333334,80.26,16.075,65.26,231.92499999999998,0.0,5.12
2020-12-12 21:00:56,142.8,99.795,15.06,66.03,209.56000000000003,0.0,5.97
2020-12-12 22:00:56,155.13666666666666,111.445,16.919999999999998,65.67,217.32000000000002,0.0,5.45
2020-12-12 23:00:56,160.17333333333332,113.145,18.115,66.18,222.72000000000003,0.0,5.58
2020-12-13 00:00:56,165.48,126.21,18.25,61.99,214.345,0.0,5.82
2020-12-13 01:00:56,151.32999999999998,117.325,22.34,74.65,148.305,0.0,6.25
2020-12-13 02:00:56,130.39,73.585,22.76,61.794999999999995,115.24,0.0,6.11
2020-12-13 03:00:56,104.78,50.27,16.655,65.115,111.065,0.0,5.21
2020-12-13 04:00:56,78.97333333333333,39.49,14.160000000000002,58.135,97.21499999999999,0.0,6.95
2020-12-13 05:00:56,64.63666666666667,30.565,14.32,57.415,99.36000000000001,0.0,6.33
2020-12-13 06:00:56,60.083333333333336,24.56,16.375,56.175000000000004,101.48,0.0,6.44
2020-12-13 07:00:56,73.30333333333333,27.51,16.89,55.385,91.02500000000002,0.0,4.98
2020-12-13 08:00:56,71.61666666666666,28.149999999999995,16.505,57.705000000000005,104.27500000000002,0.0,6.14
2020-12-13 09:00:56,64.75333333333333,22.285,15.924999999999999,61.415,109.295,0.0,5.82
2020-12-13 10:00:56,75.69666666666667,25.209999999999997,15.79,67.035,118.00999999999999,0.0,6.08
2020-12-13 11:00:56,75.18333333333334,33.265,23.560000000000002,77.66,145.475,0.0,5.81
2020-12-13 12:00:56,104.05333333333333,44.51,30.89,87.995,150.705,0.0,5.46
2020-12-13 13:00:56,105.58333333333333,49.21,29.320000000000004,88.62,140.85,0.0,6.07
2020-12-13 14:00:56,82.41,42.345,26.26,84.7,124.705,0.0,7.86
2020-12-13 15:00:56,65.39,36.525,30.91,91.94,130.67,0.0,8.59
2020-12-13 16:00:56,53.79666666666667,32.905,30.575,91.435,124.795,0.0,9.88
2020-12-13 17:00:56,63.68666666666667,26.925,29.665000000000003,94.43,129.005,0.0,7.62
2020-12-13 18:00:56,75.66333333333333,26.38,28.24,91.11500000000001,191.79,0.0,5.26
2020-12-13 19:00:56,92.18333333333334,35.475,23.925,81.015,121.765,0.0,7.45
2020-12-13 20:00:56,79.34666666666666,38.74,21.175,84.905,131.005,0.0,6.9
2020-12-13 21:00:56,68.21333333333334,35.16,18.885,78.175,122.77500000000002,0.0,6.05
2020-12-13 22:00:56,73.59,34.42,15.38,72.61,119.695,0.0,5.82
2020-12-13 23:00:56,73.28666666666666,35.515,13.49,66.69500000000001,114.395,0.0,5.99
2020-12-14 00:00:56,66.98666666666666,32.185,12.945,66.995,121.395,0.0,5.86
2020-12-14 01:00:56,80.04333333333332,43.04999999999999,13.245,64.7,151.97,0.0,5.53
2020-12-14 02:00:56,109.21666666666667,71.075,12.685,53.669999999999995,118.60000000000001,0.0,6.01
2020-12-14 03:00:56,106.69,71.62,11.344999999999999,54.23499999999999,100.875,0.0,5.74
2020-12-14 04:00:56,86.36000000000001,55.87,9.96,46.495,98.485,0.0,4.79
2020-12-14 05:00:56,87.59,55.27,8.835,43.28,99.83,0.0,5.7
2020-12-14 06:00:56,75.81333333333333,44.82500000000001,8.799999999999999,49.635,112.505,0.0,5.9
2020-12-14 07:00:56,79.77333333333333,40.66,8.86,44.18,146.815,0.0,5.61
2020-12-14 08:00:56,83.19666666666667,45.895,9.19,47.895,34.535,0.0,5.57
2020-12-14 09:00:56,84.96666666666667,40.525,9.475,52.595,64.09,0.0,5.81
2020-12-14 10:00:56,98.99333333333334,40.925,9.78,64.095,90.08999999999999,0.0,5.97
2020-12-14 11:00:56,117.89666666666666,53.97,15.395000000000001,77.25,282.785,0.0,5.94
2020-12-14 12:00:56,165.31,69.055,25.01,85.97500000000001,83.2,0.0,6.19
2020-12-14 13:00:56,175.31,81.215,34.6,105.36,76.575,0.0,5.51
2020-12-14 14:00:56,167.26333333333332,74.26,33.745000000000005,96.015,226.82499999999996,0.0,6.07
2020-12-14 15:00:56,151.70333333333335,60.044999999999995,41.15,116.86500000000001,254.45000000000002,0.0,5.28
2020-12-14 16:00:56,177.13333333333333,67.01,44.705000000000005,105.63499999999999,264.685,0.0,5.7
2020-12-14 17:00:56,198.97,76.98,24.205000000000002,100.57,75.42,0.0,6.09
2020-12-14 18:00:56,210.49,92.07,24.630000000000006,86.34499999999998,85.88999999999999,0.0,6.9
2020-12-14 19:00:56,247.75666666666666,116.145,27.885,98.315,88.43,0.0,5.9
2020-12-14 20:00:56,243.87333333333333,133.705,34.824999999999996,91.55,90.07,0.0,5.54
2020-12-14 21:00:56,206.63666666666666,132.09,30.814999999999998,84.285,83.875,0.0,5.73
2020-12-14 22:00:56,172.7733333333333,113.135,29.669999999999998,73.435,212.35,0.0,5.09
2020-12-14 23:00:56,130.57666666666665,75.835,22.625,68.05000000000001,166.66000000000003,0.0,5.62
2020-12-15 00:00:56,87.54666666666667,49.555,20.98,70.425,159.89,0.0,6.47
2020-12-15 01:00:56,82.42333333333333,47.845,23.72,57.875,138.805,0.0,6.01
2020-12-15 02:00:56,89.37333333333333,51.70000000000001,17.805,52.915,121.835,0.0,6.04
2020-12-15 03:00:56,99.10333333333332,58.89000000000001,16.1,50.919999999999995,107.50999999999999,0.0,5.59
2020-12-15 04:00:56,99.56333333333333,56.04,13.635,52.16,95.37,0.0,5.94
2020-12-15 05:00:56,84.16666666666666,49.115,13.865,51.165,108.63499999999999,0.0,6.29
2020-12-15 06:00:56,90.97666666666667,54.725,14.295,47.49,113.11500000000001,0.0,5.65
2020-12-15 07:00:56,100.13666666666666,57.4,16.875,52.550000000000004,100.53500000000001,0.0,5.22
2020-12-15 08:00:56,93.47,55.37,15.33,52.57,224.75500000000002,0.0,5.49
2020-12-15 09:00:56,95.88666666666666,55.35999999999999,16.895,62.07,200.045,0.0,4.85
2020-12-15 10:00:56,115.87333333333333,59.28,22.224999999999998,57.885,224.995,0.0,5.95
2020-12-15 11:00:56,139.28,75.2,28.814999999999998,70.22,66.115,0.0,6.11
2020-12-15 12:00:56,192.82333333333332,101.65000000000002,40.400000000000006,72.875,272.115,0.0,5.82
2020-12-15 13:00:56,201.15,95.485,26.995,69.63,178.09,0.0,9.1
2020-12-15 14:00:56,101.03333333333335,51.745,22.495,71.33,144.48000000000002,0.0,7.27
2020-12-15 15:00:56,60.35666666666666,31.045,18.82,77.91,144.62,0.0,6.89
2020-12-15 16:00:56,52.86333333333334,21.899999999999995,18.97,87.65000000000002,152.925,0.0,5.99
2020-12-15 17:00:56,52.88666666666667,17.0,17.535,87.295,168.39000000000001,0.0,5.91
2020-12-15 18:00:56,56.58333333333333,23.59,22.825,85.15,176.92499999999998,0.0,5.65
2020-12-15 19:00:56,80.78666666666666,36.37,22.069999999999997,70.13,124.8,0.0,7.57
2020-12-15 20:00:56,71.97666666666667,38.85,12.715000000000002,58.035,89.17,0.0,9.43
2020-12-15 21:00:56,48.39666666666667,33.585,12.24,53.595,79.82,0.0,10.95
2020-12-15 22:00:56,43.51,27.334999999999997,11.049999999999999,49.215,68.805,0.0,13.45
2020-12-15 23:00:56,39.13333333333333,16.875,9.82,43.745000000000005,60.53999999999999,0.0,13.37
2020-12-16 00:00:56,32.410000000000004,11.315,9.815,41.57,55.129999999999995,0.0,18.31
2020-12-16 01:00:56,39.54666666666667,8.485,10.555,51.26,70.22,0.0,10.26
2020-12-16 02:00:56,30.416666666666668,7.815,11.4,46.46,67.84,0.0,10.37
2020-12-16 03:00:56,23.16,10.37,9.955,44.415,62.669999999999995,0.0,11.27
2020-12-16 04:00:56,25.49,8.365,9.97,38.68,56.824999999999996,0.0,10.52
2020-12-16 05:00:56,25.063333333333333,6.78,9.38,51.44,72.11,0.0,6.17
2020-12-16 06:00:56,29.926666666666666,10.575,8.785,44.59,64.365,0.0,7.54
2020-12-16 07:00:56,35.1,17.97,9.65,46.79,77.985,0.0,7.08
2020-12-16 08:00:56,46.43000000000001,24.675,9.56,57.65,136.42,0.0,5.62
2020-12-16 09:00:56,50.74666666666667,28.095,9.705,63.65,123.16000000000001,0.0,4.54
2020-12-16 10:00:56,56.40333333333333,33.315,10.85,58.565,157.635,0.0,5.2
2020-12-16 11:00:56,58.82333333333334,30.945000000000004,12.08,56.565000000000005,106.635,0.0,5.95
2020-12-16 12:00:56,49.269999999999996,21.765,12.11,59.885,119.77500000000002,0.0,6.49
2020-12-16 13:00:56,43.18333333333334,21.600000000000005,12.094999999999999,69.81,139.71,0.0,5.56
2020-12-16 14:00:56,30.69666666666667,18.4,5.12,58.885,120.325,0.0,5.37
2020-12-16 15:00:56,20.31,9.91,5.359999999999999,57.445,113.515,0.0,5.4
2020-12-16 16:00:56,12.553333333333335,5.805,4.69,60.004999999999995,124.72500000000001,0.0,5.48
2020-12-16 17:00:56,12.733333333333334,4.725,4.34,56.580000000000005,112.805,0.0,6.07
2020-12-16 18:00:56,19.5,3.82,4.55,56.165,103.87,0.0,6.64
2020-12-16 19:00:56,23.810000000000002,4.485,5.780000000000001,55.81,112.28000000000002,0.0,5.86
2020-12-16 20:00:56,22.043333333333333,9.12,5.925,49.54,93.53000000000002,0.0,5.88
2020-12-16 21:00:56,30.379999999999995,14.615,10.31,42.54,75.52,0.0,9.0
2020-12-16 22:00:56,30.153333333333336,13.574999999999998,10.505,40.02,57.20000000000001,0.0,8.85
2020-12-16 23:00:56,30.14333333333333,8.01,9.99,29.125,39.095,0.0,15.85
2020-12-17 00:00:56,19.86,5.315,9.165,31.599999999999998,41.915,0.0,17.17
2020-12-17 01:00:56,18.06,5.115,8.67,25.97,34.225,0.0,15.6
2020-12-17 02:00:56,20.54,7.11,9.13,25.314999999999998,33.355,0.0,14.66
2020-12-17 03:00:56,20.226666666666667,7.19,9.17,26.295,36.835,0.0,12.51
2020-12-17 04:00:56,19.176666666666666,4.23,8.925,34.65,46.335,0.0,12.31
2020-12-17 05:00:56,23.58,3.53,8.465,35.3,49.42499999999999,0.0,9.66
2020-12-17 06:00:56,21.173333333333332,6.785,8.965,34.660000000000004,47.215,0.0,11.19
2020-12-17 07:00:56,23.736666666666665,8.455,8.985,44.355,68.19,0.0,7.47
2020-12-17 08:00:56,22.776666666666667,11.315,9.155,51.294999999999995,78.265,0.0,6.15
2020-12-17 09:00:56,39.69,17.035,8.905,48.025,103.555,0.0,5.52
2020-12-17 10:00:56,51.99666666666667,17.02,10.025,51.85999999999999,136.0,0.0,6.01
2020-12-17 11:00:56,69.96666666666667,21.88,13.185,56.39000000000001,116.42,0.0,6.18
2020-12-17 12:00:56,74.03666666666668,27.245,13.985,53.29,97.3,0.0,8.1
2020-12-17 13:00:56,61.56,21.8,12.299999999999999,54.330000000000005,95.745,0.0,9.62
2020-12-17 14:00:56,43.59,14.805,13.065,63.525000000000006,98.2,0.0,13.15
2020-12-17 15:00:56,34.45666666666666,16.3,13.074999999999998,85.04,122.945,0.0,11.04
2020-12-17 16:00:56,31.21,16.07,11.660000000000002,84.735,116.27,0.0,11.36
2020-12-17 17:00:56,32.58,8.535,8.695,72.92,98.795,0.0,11.49
2020-12-17 18:00:56,37.333333333333336,12.21,11.755,87.335,137.025,0.0,6.74
2020-12-17 19:00:56,85.00666666666666,28.015,12.57,80.82,228.23499999999999,0.0,6.37
2020-12-17 20:00:56,126.06333333333333,41.91,10.335,66.065,191.42500000000004,0.0,5.52
2020-12-17 21:00:56,115.54666666666667,52.355,9.485,62.28999999999999,151.52,0.0,5.57
2020-12-17 22:00:56,103.07333333333334,57.16,8.155,51.504999999999995,128.505,0.0,5.95
2020-12-17 23:00:56,105.2,56.935,7.805,44.73,127.25999999999999,0.0,5.97
2020-12-18 00:00:56,95.18333333333334,64.12,8.19,46.01499999999999,118.445,0.0,7.03
2020-12-18 01:00:56,80.04666666666667,63.63,7.890000000000001,44.28,102.35000000000001,0.0,5.6
2020-12-18 02:00:56,86.81666666666666,55.794999999999995,8.245,43.4,106.67,0.0,6.15
2020-12-18 03:00:56,76.15666666666667,50.29,8.12,42.21,77.015,0.0,6.17
2020-12-18 04:00:56,68.73,43.065,7.48,37.34,68.805,0.0,6.34
2020-12-18 05:00:56,55.82,36.585,7.215,39.57,63.225,0.0,6.17
2020-12-18 06:00:56,51.36,28.475000000000005,7.07,36.585,53.615,0.0,7.02
2020-12-18 07:00:56,48.486666666666665,23.685,7.1499999999999995,37.795,65.665,0.0,6.77
2020-12-18 08:00:56,50.51333333333333,24.38,6.8500000000000005,35.475,80.27499999999999,0.0,5.67
2020-12-18 09:00:56,60.14,27.75,7.41,39.38,108.24,0.0,6.42
2020-12-18 10:00:56,79.92,35.53,8.25,45.815,123.195,0.0,6.0
2020-12-18 11:00:56,98.26,40.51,9.975,51.38,129.46,0.0,5.99
2020-12-18 12:00:56,101.54,41.075,12.15,57.455000000000005,111.48000000000002,0.0,6.69
2020-12-18 13:00:56,100.14,36.745,11.415,54.06999999999999,95.13,0.0,12.98
2020-12-18 14:00:56,55.51666666666667,27.16,10.22,65.995,102.05,0.0,13.07
2020-12-18 15:00:56,39.723333333333336,19.165,10.07,70.83,101.40500000000002,0.0,11.79
2020-12-18 16:00:56,44.63666666666666,14.104999999999999,10.025,74.755,100.925,0.0,11.75
2020-12-18 17:00:56,54.126666666666665,17.185,9.46,78.165,102.90500000000002,0.0,8.37
2020-12-18 18:00:56,65.32333333333334,19.52,9.16,71.375,113.63,0.0,6.47
2020-12-18 19:00:56,76.25666666666666,28.375,9.14,70.935,149.135,0.0,5.3
2020-12-18 20:00:56,92.08666666666666,33.46,10.58,63.16499999999999,178.53,0.0,5.48
2020-12-18 21:00:56,88.85,29.09,11.33,69.05,135.19,0.0,6.91
2020-12-18 22:00:56,94.28333333333333,31.135,13.324999999999998,59.725,96.16000000000001,0.0,7.23
2020-12-18 23:00:56,93.02000000000001,31.929999999999996,13.11,55.455000000000005,77.97500000000001,0.0,7.83
2020-12-19 00:00:56,80.59333333333333,31.179999999999996,15.63,56.995,83.62,0.0,7.59
2020-12-19 01:00:56,79.55,31.385,13.275,48.565,65.545,0.0,12.32
2020-12-19 02:00:56,62.830000000000005,29.83,11.035000000000002,37.41,47.285,0.0,14.16
2020-12-19 03:00:56,52.78,25.655,10.36,43.52,54.225,0.0,11.96
2020-12-19 04:00:56,49.52,18.495,9.674999999999999,39.650000000000006,50.300000000000004,0.0,15.35
2020-12-19 05:00:56,41.486666666666665,15.04,9.09,45.055,58.68,0.0,9.8
2020-12-19 06:00:56,46.99333333333333,13.19,8.924999999999999,49.685,66.555,0.0,6.31
2020-12-19 07:00:56,52.99666666666667,15.205,9.0,41.465,55.375,0.0,9.07
2020-12-19 08:00:56,53.696666666666665,17.96,8.4,45.74,63.81,0.0,9.95
2020-12-19 09:00:56,52.71333333333333,16.24,9.18,51.915,86.13499999999999,0.0,5.58
2020-12-19 10:00:56,64.65,22.175,9.28,49.165,95.28500000000001,0.0,6.63
2020-12-19 11:00:56,77.11666666666666,26.925,10.705,42.64,69.105,0.0,11.32
2020-12-19 12:00:56,78.64666666666668,23.89,10.950000000000001,34.94,50.69,0.0,19.79
2020-12-19 13:00:56,59.04666666666667,18.8,11.805,50.53,70.585,0.0,14.96
2020-12-19 14:00:56,44.7,17.47,11.9,58.02,78.53,0.0,15.06
2020-12-19 15:00:56,36.97666666666667,12.910000000000002,11.115,48.91,63.185,0.0,16.97
2020-12-19 16:00:56,31.423333333333336,12.755,10.035,43.25,54.91,0.0,18.77
2020-12-19 17:00:56,27.13,13.185,9.255,46.59,60.60999999999999,0.0,15.6
2020-12-19 18:00:56,35.54333333333334,13.199999999999998,9.695,60.115,118.955,0.0,9.63
2020-12-19 19:00:56,78.13666666666667,26.399999999999995,10.545,66.80499999999999,126.23,0.0,7.21
2020-12-19 20:00:56,94.13,44.315,9.295,62.645,119.77499999999999,0.0,6.86
2020-12-19 21:00:56,87.80666666666667,57.215,8.845,61.24,126.00999999999999,0.0,7.13
2020-12-19 22:00:56,91.64333333333333,69.58,8.045,51.405,98.03500000000001,0.0,6.34
2020-12-19 23:00:56,91.71666666666667,75.29,8.399999999999999,46.49,109.26499999999999,0.0,6.73
2020-12-20 00:00:56,93.62,75.785,8.18,46.36000000000001,112.88,0.0,7.53
2020-12-20 01:00:56,90.15,76.555,7.5,46.120000000000005,98.71499999999999,0.0,7.22
2020-12-20 02:00:56,75.03333333333333,65.665,7.765,42.214999999999996,86.41000000000001,0.0,6.47
2020-12-20 03:00:56,30.05333333333333,50.785,7.919999999999999,42.25,80.485,0.0,5.97
2020-12-20 04:00:56,38.49333333333333,41.49,7.7749999999999995,38.885,72.435,0.0,5.99
2020-12-20 05:00:56,26.78,36.725,7.335,38.46,67.015,0.0,7.08
2020-12-20 06:00:56,24.790000000000003,33.935,6.96,38.735,68.255,0.0,6.14
2020-12-20 07:00:56,23.826666666666668,33.145,6.695,37.544999999999995,68.935,0.0,6.19
2020-12-20 08:00:56,23.043333333333337,33.295,6.239999999999999,37.27,73.36,0.0,6.14
2020-12-20 09:00:56,27.07,31.145,6.545000000000001,37.585,91.56,0.0,6.38
2020-12-20 10:00:56,30.25,30.315,6.955000000000001,44.19499999999999,100.425,0.0,6.59
2020-12-20 11:00:56,34.82666666666667,37.095,9.159999999999998,50.044999999999995,88.69,0.0,8.79
2020-12-20 12:00:56,42.46333333333334,46.725,10.38,47.655,76.705,0.0,11.5
2020-12-20 13:00:56,44.18666666666667,48.805,11.125,44.79,65.455,0.0,14.7
2020-12-20 14:00:56,45.85333333333333,40.12,10.700000000000001,42.830000000000005,58.98500000000001,0.0,18.46
2020-12-20 15:00:56,36.126666666666665,30.195000000000004,10.595,51.415,67.625,0.0,15.82
2020-12-20 16:00:56,32.913333333333334,20.64,9.525,56.805,73.14999999999999,0.0,14.56
2020-12-20 17:00:56,27.423333333333332,17.645,7.185,60.75,79.31,0.0,13.95
2020-12-20 18:00:56,22.593333333333334,17.56,6.835,56.97,69.355,0.0,14.72
2020-12-20 19:00:56,31.38,21.895,8.125,65.89,130.765,0.0,6.38
2020-12-20 20:00:56,38.00666666666666,32.055,15.674999999999999,68.235,119.98,0.0,6.35
2020-12-20 21:00:56,45.12,37.155,16.005,72.585,129.485,0.0,6.92
2020-12-20 22:00:56,45.24666666666667,52.605,10.575000000000001,66.29,145.755,0.0,5.98
2020-12-20 23:00:56,40.763333333333335,75.21,8.36,60.98,153.245,0.0,6.95
2020-12-21 00:00:56,45.45333333333333,94.39,7.005,55.254999999999995,139.425,0.0,7.77
2020-12-21 01:00:56,39.85666666666666,99.31,7.27,52.38999999999999,125.08999999999999,0.0,6.44
2020-12-21 02:00:56,36.82666666666666,84.63,8.15,47.51500000000001,92.58,0.0,6.29
2020-12-21 03:00:56,31.513333333333332,65.115,7.655,46.949999999999996,93.545,0.0,6.26
2020-12-21 04:00:56,25.123333333333335,0.0,7.355,47.794999999999995,91.94,0.0,7.37
2020-12-21 05:00:56,26.0,0.0,7.544999999999999,43.22,64.445,0.0,7.26
2020-12-21 06:00:56,28.436666666666667,0.0,7.689999999999999,42.265,54.315,0.0,8.12
2020-12-21 07:00:56,27.33,0.0,7.455000000000001,44.54999999999999,79.605,0.0,5.77
2020-12-21 08:00:56,26.946666666666665,0.0,8.399999999999999,48.214999999999996,115.835,0.0,6.25
2020-12-21 09:00:56,42.379999999999995,0.0,9.5,49.29999999999999,111.8,0.0,6.29
2020-12-21 10:00:56,61.370000000000005,0.0,12.475,51.419999999999995,110.24,0.0,7.04
2020-12-21 11:00:56,100.57666666666668,0.0,13.565,53.81,123.065,0.0,7.66
2020-12-21 12:00:56,107.81,0.0,13.924999999999999,53.905,115.295,0.0,7.5
2020-12-21 13:00:56,109.61000000000001,0.0,13.339999999999998,64.815,141.545,0.0,7.43
2020-12-21 14:00:56,89.62,0.0,15.835,69.99000000000001,142.67,0.0,6.2
2020-12-21 15:00:56,96.71333333333332,0.0,19.005,69.505,132.225,0.0,8.14
2020-12-21 16:00:56,97.08666666666667,30.34,15.895000000000001,72.04,121.105,0.0,6.92
2020-12-21 17:00:56,121.36666666666667,69.715,13.26,71.77499999999999,117.36,0.0,4.32
2020-12-21 18:00:56,114.24666666666667,59.315,12.674999999999999,64.845,138.64,0.0,5.96
2020-12-21 19:00:56,100.07333333333334,46.82,11.525,65.615,201.84,0.0,8.62
2020-12-21 20:00:56,95.72,43.18,14.200000000000001,67.955,214.96,0.0,5.44
2020-12-21 21:00:56,106.38333333333333,41.355,13.335,64.3,141.07500000000002,0.0,5.19
2020-12-21 22:00:56,102.19666666666667,36.355,12.44,59.855,96.015,0.0,6.81
2020-12-21 23:00:56,96.67,33.535,11.38,58.75,89.53500000000001,0.0,5.93
2020-12-22 00:00:56,93.13,41.335,9.655,55.105,83.97,0.0,5.26
2020-12-22 01:00:56,82.85,50.245,4.71,51.955000000000005,90.17,0.0,5.62
2020-12-22 02:00:56,85.28333333333333,48.775,9.685,48.385,83.455,0.0,5.78
2020-12-22 03:00:56,112.25,40.555,9.41,44.73499999999999,94.57000000000001,0.0,4.84
2020-12-22 04:00:56,125.00333333333333,34.72,9.27,48.98499999999999,94.375,0.0,5.52
2020-12-22 05:00:56,118.25,32.47,9.055,44.635,79.16,0.0,4.92
2020-12-22 06:00:56,106.90666666666665,33.28,8.649999999999999,40.275,70.605,0.0,4.99
2020-12-22 07:00:56,104.03999999999999,32.085,8.395,42.754999999999995,96.735,0.0,5.23
2020-12-22 08:00:56,100.71333333333334,33.4,8.21,44.73499999999999,154.975,0.0,5.39
2020-12-22 09:00:56,105.82333333333332,30.8,8.61,42.18,149.515,0.0,4.79
2020-12-22 10:00:56,119.99,29.475000000000005,9.0,43.725,146.39499999999998,0.0,5.63
2020-12-22 11:00:56,137.1,40.63,10.96,51.51500000000001,177.82499999999996,0.0,5.18
2020-12-22 12:00:56,132.56,49.31,13.565,61.46000000000001,154.465,0.0,5.35
2020-12-22 13:00:56,133.16,47.555,13.51,70.065,147.505,0.0,7.14
2020-12-22 14:00:56,127.11333333333334,43.555,13.705,61.52,114.35000000000001,0.0,7.39
2020-12-22 15:00:56,114.4,37.99,12.445,56.85,96.485,0.0,7.91
2020-12-22 16:00:56,104.14,39.935,11.42,58.375,93.69,0.0,8.98
2020-12-22 17:00:56,78.78666666666666,33.81,10.375,55.04,80.225,0.0,12.26
2020-12-22 18:00:56,60.60999999999999,26.975000000000005,11.905000000000001,54.57,81.60000000000001,0.0,11.59
2020-12-22 19:00:56,55.75333333333333,18.435,11.045,65.935,142.435,0.0,6.61
2020-12-22 20:00:56,37.56666666666666,10.839999999999998,9.19,60.99,108.21999999999998,0.0,7.2
2020-12-22 21:00:56,38.446666666666665,9.65,8.59,55.074999999999996,99.81,0.0,10.33
2020-12-22 22:00:56,38.46666666666667,10.55,7.96,46.96,69.73,0.0,13.46
2020-12-22 23:00:56,28.840000000000003,10.729999999999999,8.365,31.845,39.855,0.0,20.22
2020-12-23 00:00:56,21.49,9.255,8.46,30.435000000000002,35.574999999999996,0.0,19.41
2020-12-23 01:00:56,20.126666666666665,9.19,7.25,32.53,37.29,0.0,16.55
2020-12-23 02:00:56,17.28333333333333,10.88,7.06,35.605000000000004,40.29,0.0,15.41
2020-12-23 03:00:56,14.090000000000002,6.98,5.98,28.605,32.86,0.0,17.72
2020-12-23 04:00:56,13.513333333333334,7.349999999999999,5.63,26.575,30.150000000000002,0.0,18.33
2020-12-23 05:00:56,13.57,7.235,5.16,26.755,30.28,0.0,15.96
2020-12-23 06:00:56,13.47,4.605,5.165,31.340000000000003,35.879999999999995,0.0,13.35
2020-12-23 07:00:56,15.206666666666667,5.830000000000001,5.315,42.455,64.065,0.0,9.52
2020-12-23 08:00:56,21.483333333333334,6.974999999999999,5.75,47.29,91.935,0.0,8.5
2020-12-23 09:00:56,26.946666666666665,6.885000000000001,6.474999999999999,53.225,123.2,0.0,7.98
2020-12-23 10:00:56,41.28666666666667,9.26,6.97,44.835,79.49000000000001,0.0,13.39
2020-12-23 11:00:56,48.873333333333335,10.42,9.825,45.695,76.345,0.0,13.11
2020-12-23 12:00:56,57.10666666666667,15.36,10.049999999999999,52.74,95.805,0.0,11.03
2020-12-23 13:00:56,46.78666666666667,16.275,9.535,41.535,58.254999999999995,0.0,16.03
2020-12-23 14:00:56,32.903333333333336,12.464999999999998,9.08,52.88,72.0,0.0,13.87
2020-12-23 15:00:56,27.983333333333334,11.675000000000002,8.315,59.14000000000001,76.95,0.0,13.18
2020-12-23 16:00:56,21.91,9.995,7.814999999999999,57.74,72.795,0.0,12.9
2020-12-23 17:00:56,20.89333333333333,7.675,6.824999999999999,52.6,66.455,0.0,11.85
2020-12-23 18:00:56,25.233333333333334,6.955000000000001,6.864999999999999,57.785,74.48,0.0,10.17
2020-12-23 19:00:56,36.846666666666664,10.605,7.614999999999999,65.125,128.92499999999998,0.0,6.99
2020-12-23 20:00:56,47.06666666666666,15.455,7.86,68.04,141.695,0.0,6.9
2020-12-23 21:00:56,56.24000000000001,27.735,9.705,68.82,180.32000000000002,0.0,6.99
2020-12-23 22:00:56,68.14666666666666,43.42499999999999,4.625,64.045,169.31,0.0,7.51
2020-12-23 23:00:56,64.58333333333334,47.495,3.16,60.24,125.835,0.0,7.03
2020-12-24 00:00:56,58.13,49.02,2.595,59.745000000000005,103.675,0.0,6.9
2020-12-24 01:00:56,50.85666666666667,47.080000000000005,2.015,53.355,87.2,0.0,6.31
2020-12-24 02:00:56,49.35333333333333,40.29,2.03,48.419999999999995,98.53000000000002,0.0,6.96
2020-12-24 03:00:56,47.82,38.66,2.295,46.995000000000005,89.60000000000001,0.0,7.75
2020-12-24 04:00:56,41.79333333333334,31.540000000000003,2.62,42.94,79.0,0.0,5.68
2020-12-24 05:00:56,35.20333333333333,20.53,2.155,45.879999999999995,78.81,0.0,6.75
2020-12-24 06:00:56,32.22333333333333,23.635,2.225,48.43000000000001,75.46000000000001,0.0,7.12
2020-12-24 07:00:56,33.38666666666666,26.3,2.275,46.04,93.86000000000001,0.0,6.76
2020-12-24 08:00:56,28.076666666666668,21.145,2.06,47.06,124.665,0.0,6.0
2020-12-24 09:00:56,28.363333333333333,23.429999999999996,2.12,55.370000000000005,160.515,0.0,6.17
2020-12-24 10:00:56,57.65333333333333,39.53,7.25,63.01,249.06000000000003,0.0,7.17
2020-12-24 11:00:56,72.76333333333334,55.885,9.105,62.77,149.16,0.0,7.68
2020-12-24 12:00:56,58.196666666666665,50.225,12.62,50.635,94.755,0.0,13.56
2020-12-24 13:00:56,46.9,29.945000000000004,10.99,52.44,87.77,0.0,12.95
2020-12-24 14:00:56,41.18333333333333,25.05,9.755,57.685,91.21,0.0,12.69
2020-12-24 15:00:56,29.373333333333335,20.825,8.71,53.835,75.28,0.0,13.89
2020-12-24 16:00:56,23.066666666666666,13.275,7.62,55.06,76.935,0.0,12.05
2020-12-24 17:00:56,30.316666666666663,9.95,6.97,52.81,69.035,0.0,10.75
2020-12-24 18:00:56,44.43666666666667,13.574999999999998,6.105,53.544999999999995,72.49,0.0,9.74
2020-12-24 19:00:56,47.22,18.83,5.859999999999999,56.885,84.32,0.0,8.81
2020-12-24 20:00:56,38.75,24.545,11.12,56.41,118.39999999999999,0.0,7.68
2020-12-24 21:00:56,51.27333333333333,24.929999999999996,20.605,61.315,154.395,0.0,6.23
2020-12-24 22:00:56,70.31333333333333,25.459999999999997,22.11,59.48,100.67,0.0,8.07
2020-12-24 23:00:56,72.02,31.75,15.38,56.555,90.825,0.0,9.58
2020-12-25 00:00:56,74.8,27.755,13.13,59.31,116.02,0.0,7.19
2020-12-25 01:00:56,73.25333333333333,36.65,16.544999999999998,53.415,85.82499999999999,0.0,10.07
2020-12-25 02:00:56,72.44333333333333,38.615,14.329999999999998,44.99,68.175,0.0,11.82
2020-12-25 03:00:56,57.03333333333333,23.83,12.585,44.52,65.065,0.0,12.44
2020-12-25 04:00:56,48.873333333333335,19.325,11.895000000000001,44.535,67.41000000000001,0.0,9.17
2020-12-25 05:00:56,53.96333333333333,18.685,13.11,51.04,75.815,0.0,6.82
2020-12-25 06:00:56,55.82999999999999,15.255,11.854999999999999,39.43,56.145,0.0,8.85
2020-12-25 07:00:56,44.27333333333333,16.715,10.395,43.97,70.96,0.0,9.34
2020-12-25 08:00:56,42.45,16.655,10.24,47.975,125.765,0.0,5.84
2020-12-25 09:00:56,63.17,20.505,10.915,54.06,45.975,0.0,4.39
2020-12-25 10:00:56,79.56,30.649999999999995,13.485,62.22,150.39,0.0,7.53
2020-12-25 11:00:56,90.9,33.065,16.885,65.8,141.08999999999997,0.0,8.18
2020-12-25 12:00:56,95.24666666666667,26.445000000000004,16.89,66.24000000000001,133.19,0.0,7.98
2020-12-25 13:00:56,95.43,21.425,16.314999999999998,66.485,134.18,0.0,6.94
2020-12-25 14:00:56,77.85,20.79,16.5,77.875,145.865,0.0,8.84
2020-12-25 15:00:56,66.52333333333333,23.165000000000003,15.36,74.58,127.925,0.0,8.36
2020-12-25 16:00:56,60.849999999999994,19.26,11.795,75.845,123.97500000000001,0.0,7.93
2020-12-25 17:00:56,48.38,13.33,11.07,76.92,128.735,0.0,7.04
2020-12-25 18:00:56,51.730000000000004,15.33,10.75,76.11,192.70000000000002,0.0,5.37
2020-12-25 19:00:56,68.84,22.94,10.74,77.555,49.00999999999999,0.0,5.8
2020-12-25 20:00:56,96.51666666666667,39.01,12.839999999999998,73.765,62.879999999999995,0.0,5.94
2020-12-25 21:00:56,104.98333333333333,54.105,17.485,68.13499999999999,67.36,0.0,7.34
2020-12-25 22:00:56,110.10666666666667,60.305,14.665,67.10000000000001,74.645,0.0,6.38
2020-12-25 23:00:56,135.34,83.385,12.645000000000001,65.46,79.455,0.0,6.7
2020-12-26 00:00:56,137.86,93.005,11.495,61.794999999999995,243.06499999999997,0.0,6.23
2020-12-26 01:00:56,152.94,117.33999999999999,11.685,64.315,78.39,0.0,6.96
2020-12-26 02:00:56,201.05,178.72,12.535000000000002,55.97,273.125,0.0,6.51
2020-12-26 03:00:56,183.57333333333332,179.23,10.695,52.57,248.545,0.0,6.63
2020-12-26 04:00:56,145.57333333333332,150.045,10.299999999999999,51.64000000000001,211.18500000000003,0.0,6.67
2020-12-26 05:00:56,138.66666666666666,128.035,10.395000000000001,49.949999999999996,197.38,0.0,6.75
2020-12-26 06:00:56,112.13666666666667,103.2,9.145,47.85999999999999,200.33,0.0,5.59
2020-12-26 07:00:56,95.27333333333334,89.485,9.155,48.01500000000001,168.565,0.0,6.6
2020-12-26 08:00:56,86.84333333333333,76.23,9.005,49.03,230.6,0.0,6.37
2020-12-26 09:00:56,78.06333333333333,63.87,8.715,48.31,47.004999999999995,0.0,6.85
2020-12-26 10:00:56,85.37666666666667,70.36,10.745,68.505,47.330000000000005,0.0,7.11
2020-12-26 11:00:56,105.33333333333333,83.41,14.155,94.87,249.275,0.0,6.65
2020-12-26 12:00:56,139.60333333333335,89.195,17.655,75.82000000000001,165.26999999999998,0.0,6.28
2020-12-26 13:00:56,153.94,69.66,16.445,86.825,209.725,0.0,8.11
2020-12-26 14:00:56,86.94666666666667,37.52,14.125,83.54,177.12,0.0,7.98
2020-12-26 15:00:56,63.43,21.175,12.025,81.89,157.59,0.0,9.65
2020-12-26 16:00:56,44.026666666666664,14.38,13.344999999999999,82.665,152.05499999999998,0.0,7.65
2020-12-26 17:00:56,40.96,10.6,16.705,86.61000000000001,160.68999999999997,0.0,6.42
2020-12-26 18:00:56,58.20666666666667,13.93,15.43,79.895,230.65,0.0,6.05
2020-12-26 19:00:56,89.49666666666667,28.63,18.005,83.47500000000001,199.865,0.0,5.87
2020-12-26 20:00:56,108.84333333333333,38.945,20.07,75.575,196.135,0.0,6.44
2020-12-26 21:00:56,110.63333333333333,37.87,21.985,72.355,157.84,0.0,5.82
2020-12-26 22:00:56,97.90333333333334,39.705,17.215,71.935,152.38,0.0,5.65
2020-12-26 23:00:56,94.48333333333332,47.52,17.035,66.49000000000001,157.355,0.0,5.55
2020-12-27 00:00:56,99.7,51.87,14.425000000000002,63.145,169.56,0.0,5.18
2020-12-27 01:00:56,98.33666666666667,63.815,11.46,62.18,200.14499999999998,0.0,6.26
2020-12-27 02:00:56,116.54333333333334,82.54,11.299999999999999,56.895,145.885,0.0,6.47
2020-12-27 03:00:56,108.90333333333334,77.38,10.365,56.23,120.815,0.0,5.92
2020-12-27 04:00:56,84.22333333333333,61.59,10.545000000000002,49.935,102.58,0.0,5.68
2020-12-27 05:00:56,78.15,53.31,10.049999999999999,47.254999999999995,143.085,0.0,6.56
2020-12-27 06:00:56,80.84,55.495,9.365,44.330000000000005,132.62,0.0,6.2
2020-12-27 07:00:56,72.29666666666667,51.06,8.12,48.035,130.015,0.0,5.16
2020-12-27 08:00:56,68.90333333333334,44.79999999999999,7.875,47.415,156.45000000000002,0.0,5.09
2020-12-27 09:00:56,71.15333333333334,47.145,8.185,50.07500000000001,145.57500000000002,0.0,4.41
2020-12-27 10:00:56,68.44,43.875,9.195,59.57,151.62,0.0,6.26
2020-12-27 11:00:56,80.78,50.995,13.85,70.96,140.87,0.0,5.87
2020-12-27 12:00:56,99.62666666666667,59.32,13.17,64.665,105.76,0.0,9.88
2020-12-27 13:00:56,87.67666666666666,54.88,12.815,66.875,116.32,0.0,9.16
2020-12-27 14:00:56,73.43,47.35,13.145000000000001,71.49,122.435,0.0,10.61
2020-12-27 15:00:56,67.46000000000001,39.015,11.885,77.75,129.63,0.0,11.64
2020-12-27 16:00:56,61.94,30.72,13.995,85.25,138.14,0.0,8.44
2020-12-27 17:00:56,56.36,26.205,12.770000000000001,83.105,168.97,0.0,6.11
2020-12-27 18:00:56,69.44,30.709999999999997,9.895000000000001,80.46,202.68999999999997,0.0,5.62
2020-12-27 19:00:56,95.75999999999999,46.044999999999995,10.985,78.36,210.30000000000004,0.0,5.95
2020-12-27 20:00:56,118.74666666666667,68.68,10.14,73.935,206.43500000000003,0.0,5.06
2020-12-27 21:00:56,131.73333333333335,83.415,7.495,67.0,224.56499999999997,0.0,6.3
2020-12-27 22:00:56,123.56,85.71499999999999,6.465,61.415,177.265,0.0,5.52
2020-12-27 23:00:56,118.27,83.695,6.175000000000001,60.805,124.28500000000001,0.0,6.15
2020-12-28 00:00:56,105.88666666666666,68.355,6.885000000000001,59.76,153.0,0.0,5.8
2020-12-28 01:00:56,100.25,66.23,8.51,58.36000000000001,154.5,0.0,6.21
2020-12-28 02:00:56,97.53,69.73,10.055,55.51500000000001,116.635,0.0,6.03
2020-12-28 03:00:56,89.86666666666667,54.585,9.71,53.885,106.62,0.0,6.61
2020-12-28 04:00:56,75.87,56.95000000000001,9.51,50.64000000000001,142.79999999999998,0.0,5.78
2020-12-28 05:00:56,83.65333333333334,74.835,9.270000000000001,54.305,136.775,0.0,5.46
2020-12-28 06:00:56,84.34666666666666,69.145,8.68,51.595,160.22,0.0,5.84
2020-12-28 07:00:56,78.06333333333333,60.115,8.34,52.725,169.885,0.0,5.61
2020-12-28 08:00:56,82.75666666666666,61.62,8.04,52.18000000000001,37.73,0.0,6.22
2020-12-28 09:00:56,96.31333333333333,70.05,8.38,55.28,46.22,0.0,5.21
2020-12-28 10:00:56,111.78,78.415,9.85,68.735,53.0,0.0,6.02
2020-12-28 11:00:56,159.86666666666667,91.745,12.045000000000002,91.40500000000002,58.73499999999999,0.0,5.68
2020-12-28 12:00:56,189.84666666666666,99.415,16.585,97.02,70.225,0.0,6.25
2020-12-28 13:00:56,236.12666666666667,106.36,19.03,109.45,76.24,0.0,6.31
2020-12-28 14:00:56,249.62,107.455,21.19,118.675,79.495,0.0,5.67
2020-12-28 15:00:56,227.10666666666665,95.86,22.895,111.01,260.08,0.0,5.06
2020-12-28 16:00:56,177.89333333333335,74.99,24.895,119.33999999999999,78.245,0.0,4.78
2020-12-28 17:00:56,187.93666666666667,65.745,27.77,116.135,78.2,0.0,5.1
2020-12-28 18:00:56,227.56,75.5,22.92,103.425,105.35500000000002,0.0,6.75
2020-12-28 19:00:56,269.92333333333335,98.195,21.455,102.105,134.835,0.0,6.92
2020-12-28 20:00:56,289.81,115.59499999999998,24.215000000000003,96.0,131.79,0.0,5.83
2020-12-28 21:00:56,262.49333333333334,116.17,18.0,84.89999999999999,131.705,0.0,7.25
2020-12-28 22:00:56,257.51666666666665,122.05,20.765,84.73,120.19,0.0,5.97
2020-12-28 23:00:56,229.5533333333333,115.125,17.72,71.92,267.57,0.0,5.84
2020-12-29 00:00:56,187.31666666666666,94.3,19.24,72.185,251.17,0.0,5.89
2020-12-29 01:00:56,176.19,94.335,14.545,65.06,85.675,0.0,6.9
2020-12-29 02:00:56,185.61,117.305,15.735,62.615,249.19500000000002,0.0,5.39
2020-12-29 03:00:56,167.85000000000002,107.125,13.885,61.120000000000005,223.93499999999997,0.0,5.34
2020-12-29 04:00:56,139.31666666666666,90.5,12.87,53.574999999999996,227.615,0.0,5.12
2020-12-29 05:00:56,126.33,92.53500000000001,11.950000000000001,56.475,181.81499999999997,0.0,5.04
2020-12-29 06:00:56,119.3,80.9,11.07,55.125,174.32499999999996,0.0,5.83
2020-12-29 07:00:56,92.60333333333334,63.17499999999999,11.015,54.105,187.17500000000004,0.0,5.17
2020-12-29 08:00:56,100.53999999999999,60.085,11.315,56.375,38.075,0.0,5.07
2020-12-29 09:00:56,91.97666666666666,56.03,11.719999999999999,62.39000000000001,55.895,0.0,5.38
2020-12-29 10:00:56,118.31666666666666,65.965,14.844999999999999,83.42,74.425,0.0,4.64
2020-12-29 11:00:56,153.34,83.315,17.44,91.0,273.455,0.0,4.75
2020-12-29 12:00:56,196.7733333333333,83.475,21.755,85.095,221.81000000000003,0.0,4.46
2020-12-29 13:00:56,148.67000000000002,63.005,18.22,93.585,224.92999999999998,0.0,5.75
2020-12-29 14:00:56,99.21333333333334,40.75,16.155,96.95,212.16,0.0,3.97
2020-12-29 15:00:56,73.76333333333334,29.42,15.4,95.375,186.745,0.0,6.9
2020-12-29 16:00:56,59.646666666666675,18.495,14.095,97.435,179.0,0.0,6.06
2020-12-29 17:00:56,53.75,15.225,14.925000000000002,105.235,199.485,0.0,4.87
2020-12-29 18:00:56,61.32666666666667,15.445,17.395,105.5,207.545,0.0,5.47
2020-12-29 19:00:56,75.95,17.95,13.555,105.97000000000001,60.355,0.0,5.98
2020-12-29 20:00:56,92.74666666666667,32.95,14.145000000000001,95.40500000000002,81.94,0.0,5.82
2020-12-29 21:00:56,111.37,50.63,13.229999999999999,86.075,78.455,0.0,5.76
2020-12-29 22:00:56,126.13666666666666,68.97,9.71,81.155,69.12,0.0,5.96
2020-12-29 23:00:56,129.68,82.685,8.895000000000001,77.245,250.92,0.0,6.46
2020-12-30 00:00:56,134.25,99.16000000000001,8.735,67.49000000000001,64.25,0.0,5.62
2020-12-30 01:00:56,139.3,117.99,9.225,67.855,226.415,0.0,5.66
2020-12-30 02:00:56,129.88,114.53000000000002,9.07,62.51499999999999,225.18500000000003,0.0,5.16
2020-12-30 03:00:56,107.40333333333334,100.865,9.55,63.66,172.865,0.0,3.9
2020-12-30 04:00:56,91.91333333333333,75.965,8.56,58.11000000000001,142.475,0.0,4.82
2020-12-30 05:00:56,84.58666666666667,62.405,8.295,57.964999999999996,135.32,0.0,4.75
2020-12-30 06:00:56,68.78666666666668,55.15,7.3999999999999995,54.57,169.365,0.0,4.09
2020-12-30 07:00:56,58.95,53.095,7.010000000000001,53.07500000000001,211.74,0.0,4.83
2020-12-30 08:00:56,64.78666666666666,56.01500000000001,6.794999999999999,58.455000000000005,51.63499999999999,0.0,4.22
2020-12-30 09:00:56,76.08666666666667,56.22,7.435,66.445,74.46,0.0,3.86
2020-12-30 10:00:56,110.18333333333332,74.075,9.995,88.825,94.29,0.0,5.35
2020-12-30 11:00:56,177.3,99.25,13.825000000000001,103.74000000000001,89.17,0.0,4.76
2020-12-30 12:00:56,175.10333333333332,102.02,14.219999999999999,92.915,211.615,0.0,5.5
2020-12-30 13:00:56,154.42,91.085,7.755,100.22500000000001,226.15,0.0,4.52
2020-12-30 14:00:56,123.4,65.65,16.025,99.665,224.15499999999997,0.0,5.53
2020-12-30 15:00:56,106.91666666666667,44.665,15.405000000000001,100.83999999999999,208.34,0.0,5.76
2020-12-30 16:00:56,92.72666666666667,32.56,19.03,112.3,224.6,0.0,6.23
2020-12-30 17:00:56,90.95333333333333,30.33,20.224999999999998,117.435,233.21,0.0,4.97
2020-12-30 18:00:56,110.53,32.2,17.63,104.295,83.445,0.0,5.84
2020-12-30 19:00:56,163.07666666666665,49.03,16.335,104.58999999999999,102.35500000000002,0.0,5.68
2020-12-30 20:00:56,199.07666666666668,65.8,16.075,94.445,101.08999999999999,0.0,5.36
2020-12-30 21:00:56,186.43666666666667,75.395,12.255,79.68,98.38,0.0,5.51
2020-12-30 22:00:56,179.83333333333334,82.805,9.775,72.17500000000001,97.62,0.0,5.13
2020-12-30 23:00:56,174.60333333333332,79.415,9.92,76.245,270.365,0.0,5.09
2020-12-31 00:00:56,153.40666666666667,72.01,9.915,68.235,83.48,0.0,5.54
2020-12-31 01:00:56,130.29666666666668,76.525,10.265,66.2,229.905,0.0,4.55
2020-12-31 02:00:56,120.26,73.83,10.09,65.38499999999999,185.475,0.0,4.6
2020-12-31 03:00:56,114.84,68.23,8.525,59.84,224.01500000000001,0.0,4.24
2020-12-31 04:00:56,105.92333333333333,76.26,8.705,57.79,151.385,0.0,4.14
2020-12-31 05:00:56,90.92333333333333,67.43,6.93,53.41,188.98000000000002,0.0,5.03
2020-12-31 06:00:56,77.05000000000001,58.48,6.625,53.49,151.46,0.0,4.45
2020-12-31 07:00:56,69.96333333333334,44.705000000000005,6.335,54.650000000000006,182.0,0.0,4.44
2020-12-31 08:00:56,72.42,43.98,6.32,59.82,48.794999999999995,0.0,4.91
2020-12-31 09:00:56,85.28333333333333,55.975,6.68,61.635,53.879999999999995,0.0,4.42
2020-12-31 10:00:56,99.24000000000001,73.68,8.185,78.56,55.80500000000001,0.0,4.95
2020-12-31 11:00:56,125.86333333333334,97.195,10.545,103.39999999999999,48.01500000000001,0.0,5.37
2020-12-31 12:00:56,153.34,99.015,13.910000000000002,107.755,229.71,0.0,4.37
2020-12-31 13:00:56,158.38666666666666,81.43,15.755,100.605,204.48499999999999,0.0,4.59
2020-12-31 14:00:56,98.10666666666667,59.16,7.425,107.325,210.795,0.0,5.13
2020-12-31 15:00:56,85.82666666666667,45.27,8.305,112.75999999999999,220.54,0.0,5.02
2020-12-31 16:00:56,76.35333333333332,39.875,10.725,121.61500000000001,38.86,0.0,5.2
2020-12-31 17:00:56,75.56333333333333,35.905,9.22,125.085,45.965,0.0,5.02
2020-12-31 18:00:56,94.08666666666666,39.285,6.414999999999999,114.235,95.15000000000002,0.0,6.08
2020-12-31 19:00:56,132.43666666666667,55.09,7.63,110.38,109.61000000000001,0.0,6.17
2020-12-31 20:00:56,155.34666666666666,70.495,9.655,105.08,105.48500000000001,0.0,6.43
2020-12-31 21:00:56,168.34666666666666,91.46499999999999,11.85,92.83,110.665,0.0,5.24
2020-12-31 22:00:56,180.19666666666666,110.065,8.485,83.42500000000001,113.445,0.0,5.28
2020-12-31 23:00:56,161.73666666666668,96.205,6.114999999999999,79.16,246.12,0.0,5.54
2021-01-01 00:00:56,133.17,82.735,6.010000000000001,77.0,205.55499999999998,0.0,5.28
2021-01-01 01:00:56,114.74333333333334,73.345,6.06,71.895,207.31000000000003,0.0,4.72
2021-01-01 02:00:56,110.18666666666667,75.135,6.45,66.045,194.46,0.0,5.54
2021-01-01 03:00:56,97.71666666666667,68.21,5.82,67.16,166.255,0.0,4.68
2021-01-01 04:00:56,98.44666666666667,67.295,5.125,59.395,227.855,0.0,4.42
2021-01-01 05:00:56,101.17,81.255,4.29,58.49,188.84500000000003,0.0,4.7
2021-01-01 06:00:56,89.71000000000001,81.965,5.145,62.10999999999999,131.26999999999998,0.0,4.24
2021-01-01 07:00:56,76.14,66.675,5.12,59.18,148.085,0.0,4.24
2021-01-01 08:00:56,62.31,55.1,4.27,56.93000000000001,164.145,0.0,4.59
2021-01-01 09:00:56,55.57333333333333,47.725,4.05,63.41,178.54000000000005,0.0,4.33
2021-01-01 10:00:56,59.21666666666667,50.415,4.59,71.995,190.095,0.0,4.61
2021-01-01 11:00:56,69.25333333333333,60.135,6.91,77.89999999999999,163.045,0.0,4.89
2021-01-01 12:00:56,74.31666666666666,61.785,6.364999999999999,89.21,165.14,0.0,4.46
2021-01-01 13:00:56,68.76,55.305,6.239999999999999,81.655,151.85500000000002,0.0,5.33
2021-01-01 14:00:56,55.870000000000005,43.47,7.13,77.47500000000001,134.4,0.0,7.0
2021-01-01 15:00:56,46.78666666666666,31.97,6.260000000000001,81.155,131.725,0.0,8.87
2021-01-01 16:00:56,36.336666666666666,22.095,8.895,96.02,160.705,0.0,8.12
2021-01-01 17:00:56,34.72666666666667,19.315,6.875,94.35000000000001,148.235,0.0,7.12
2021-01-01 18:00:56,39.916666666666664,17.65,4.94,85.33,136.345,0.0,6.35
2021-01-01 19:00:56,49.849999999999994,20.595,7.125,86.79,157.88,0.0,5.01
2021-01-01 20:00:56,63.873333333333335,27.515,11.62,88.895,155.67,0.0,5.25
2021-01-01 21:00:56,102.79333333333334,40.34,14.165,85.555,158.79500000000002,0.0,4.79
2021-01-01 22:00:56,103.21666666666667,59.52,11.735,80.52,161.395,0.0,4.64
2021-01-01 23:00:56,106.01333333333332,65.265,9.885,75.58,147.86,0.0,4.84
2021-01-02 00:00:56,95.24666666666667,63.895,10.299999999999999,74.625,154.805,0.0,5.02
2021-01-02 01:00:56,95.56,76.935,10.885,75.53999999999999,183.14,0.0,5.04
2021-01-02 02:00:56,117.92,97.815,13.21,71.86500000000001,135.045,0.0,4.81
2021-01-02 03:00:56,126.05,91.86,10.565,66.02,110.585,0.0,4.83
2021-01-02 04:00:56,88.72666666666666,71.38,9.03,61.07,104.145,0.0,4.35
2021-01-02 05:00:56,71.38333333333333,55.505,9.245,58.794999999999995,85.95,0.0,4.28
2021-01-02 06:00:56,64.21333333333334,43.42499999999999,8.41,55.620000000000005,89.34499999999998,0.0,4.16
2021-01-02 07:00:56,61.486666666666665,36.055,8.115,55.41,101.28000000000002,0.0,4.74
2021-01-02 08:00:56,53.06333333333333,34.045,7.8999999999999995,58.77,141.135,0.0,4.48
2021-01-02 09:00:56,56.68333333333333,31.105,8.38,58.115,117.79,0.0,5.07
2021-01-02 10:00:56,70.12,30.040000000000003,10.0,65.375,133.125,0.0,34.91
2021-01-02 11:00:56,73.40666666666667,34.105,13.07,75.415,129.985,0.0,35.34
2021-01-02 12:00:56,87.15333333333334,48.4,13.89,83.53,139.99,0.0,36.71
2021-01-02 13:00:56,109.02333333333334,55.49,13.79,76.77499999999999,123.52500000000002,0.0,38.74
2021-01-02 14:00:56,83.81666666666666,42.34,16.92,83.86,132.505,0.0,39.88
2021-01-02 15:00:56,71.67,27.235,17.54,93.84499999999998,155.315,0.0,38.2
2021-01-02 16:00:56,69.73666666666666,25.205,17.985,94.795,151.495,0.0,38.11
2021-01-02 17:00:56,63.82999999999999,22.600000000000005,19.055,95.55,165.44500000000002,0.0,36.94
2021-01-02 18:00:56,69.83,24.235,17.495,93.72500000000001,222.83,0.0,35.8
2021-01-02 19:00:56,95.30333333333333,31.61,16.165000000000003,96.85000000000001,217.67,0.0,34.34
2021-01-02 20:00:56,110.44666666666667,50.125,17.810000000000002,93.48,180.42500000000004,0.0,35.2
2021-01-02 21:00:56,123.22333333333333,73.585,11.555,81.425,161.39,0.0,34.99
2021-01-02 22:00:56,124.84666666666666,76.82,15.229999999999999,78.455,167.46,0.0,34.78
2021-01-02 23:00:56,133.62333333333333,78.77,13.089999999999998,78.16,158.75,0.0,35.26
2021-01-03 00:00:56,145.69333333333333,90.58999999999999,10.575000000000001,70.13499999999999,166.125,0.0,35.19
2021-01-03 01:00:56,131.55666666666667,85.79,8.485,66.615,139.375,0.0,35.02
2021-01-03 02:00:56,111.28999999999999,88.165,8.02,64.195,131.625,0.0,35.42
2021-01-03 03:00:56,122.94333333333333,92.435,7.165,58.775000000000006,107.39999999999999,0.0,34.79
2021-01-03 04:00:56,89.38999999999999,72.795,7.59,56.475,111.86,0.0,35.65
2021-01-03 05:00:56,85.31666666666666,67.94,6.46,56.19499999999999,101.01999999999998,0.0,35.25
2021-01-03 06:00:56,76.13666666666667,60.73499999999999,6.38,53.400000000000006,98.19500000000001,0.0,35.33
2021-01-03 07:00:56,71.68666666666667,51.294999999999995,6.2749999999999995,52.205000000000005,87.245,0.0,35.96
2021-01-03 08:00:56,64.61666666666666,42.995,6.565,53.794999999999995,99.86,0.0,34.9
2021-01-03 09:00:56,64.04666666666667,39.63,5.495,53.135,101.33999999999999,0.0,35.33
2021-01-03 10:00:56,69.24333333333334,43.32,7.31,62.60999999999999,115.485,0.0,36.4
2021-01-03 11:00:56,81.20333333333333,52.695,9.195,62.93,91.36,0.0,37.21
2021-01-03 12:00:56,89.83,56.24,11.089999999999998,61.945,90.71499999999999,0.0,40.18
2021-01-03 13:00:56,82.06333333333333,46.275,13.594999999999999,58.76500000000001,95.895,0.0,43.34
2021-01-03 14:00:56,71.72333333333333,33.28,13.03,61.36000000000001,94.685,0.0,45.37
2021-01-03 15:00:56,62.083333333333336,24.13,12.655000000000001,68.08999999999999,103.78500000000001,0.0,44.78
2021-01-03 16:00:56,55.81333333333333,18.38,13.71,71.25,108.385,0.0,40.49
2021-01-03 17:00:56,51.556666666666665,19.25,14.88,75.25,141.115,0.0,36.37
2021-01-03 18:00:56,65.77,29.399999999999995,11.38,80.915,233.60500000000002,0.0,34.42
2021-01-03 19:00:56,104.19,40.055,14.700000000000001,86.56,181.01500000000001,0.0,34.66
2021-01-03 20:00:56,129.26333333333332,61.21,13.549999999999999,79.22500000000001,209.545,0.0,35.56
2021-01-03 21:00:56,139.45,84.415,11.22,76.465,190.35,0.0,35.14
2021-01-03 22:00:56,152.66333333333333,94.86,10.085,76.045,206.975,0.0,35.46
2021-01-03 23:00:56,157.46666666666667,99.56,9.135,71.76,171.52499999999998,0.0,35.4
2021-01-04 00:00:56,143.77666666666667,96.015,9.799999999999999,68.83,185.68500000000003,0.0,36.24
2021-01-04 01:00:56,131.82999999999998,89.0,9.34,66.46,173.09,0.0,35.42
2021-01-04 02:00:56,137.40666666666667,98.53000000000002,7.4750000000000005,67.455,195.92,0.0,35.92
2021-01-04 03:00:56,160.52333333333334,108.65500000000002,6.169999999999999,61.91,127.14999999999999,0.0,35.18
2021-01-04 04:00:56,131.78333333333333,92.75,5.97,60.915,135.265,0.0,35.97
2021-01-04 05:00:56,123.85333333333332,87.075,5.935,55.650000000000006,139.315,0.0,35.47
2021-01-04 06:00:56,99.35666666666667,66.83,5.695,55.725,113.23,0.0,35.39
2021-01-04 07:00:56,87.74333333333334,51.294999999999995,5.02,54.0,169.57,0.0,35.97
2021-01-04 08:00:56,85.82,49.365,4.88,59.25,203.43500000000003,0.0,36.43
2021-01-04 09:00:56,92.54666666666667,58.97,5.88,64.395,349.285,0.0,36.09
2021-01-04 10:00:56,113.91333333333333,74.82,7.255,77.045,362.99500000000006,0.0,36.24
2021-01-04 11:00:56,149.89333333333335,101.59999999999998,9.055,100.48,322.70000000000005,0.0,36.57
2021-01-04 12:00:56,188.45,112.63,11.585,89.61500000000001,187.955,0.0,36.33
2021-01-04 13:00:56,166.54666666666665,95.445,14.645000000000001,92.175,184.42,0.0,37.34
2021-01-04 14:00:56,146.51333333333332,71.415,17.58,101.565,190.04,0.0,36.34
2021-01-04 15:00:56,133.4,57.919999999999995,16.07,98.63,179.01,0.0,37.16
2021-01-04 16:00:56,118.89,53.85999999999999,16.135,107.63,202.085,0.0,35.37
2021-01-04 17:00:56,100.61333333333334,42.565,16.975,99.415,176.06000000000003,0.0,36.44
2021-01-04 18:00:56,108.28,32.66,17.455000000000002,93.39,253.365,0.0,35.12
2021-01-04 19:00:56,130.13333333333333,40.275,14.265,96.015,380.08500000000004,0.0,33.7
2021-01-04 20:00:56,170.18,53.835,17.305,90.13,413.44,0.0,35.21
2021-01-04 21:00:56,200.18333333333334,77.33,13.785000000000002,88.71499999999999,470.32,0.0,35.59
2021-01-04 22:00:56,215.42,103.71999999999998,12.800000000000002,83.665,326.55,0.0,35.22
2021-01-04 23:00:56,193.3,0.0,11.89,77.085,342.615,0.0,36.37
2021-01-05 00:00:56,207.11666666666667,0.0,12.89,71.23,269.855,0.0,35.63
2021-01-05 01:00:56,180.87,0.0,11.01,67.37,228.62,0.0,35.29
2021-01-05 02:00:56,167.80666666666667,0.0,10.13,61.965,221.19999999999996,0.0,35.72
2021-01-05 03:00:56,150.23333333333335,0.0,10.495,61.73500000000001,192.47,0.0,35.48
2021-01-05 04:00:56,127.23666666666666,0.0,8.985,53.42499999999999,196.26999999999998,0.0,36.13
2021-01-05 05:00:56,123.11666666666667,0.0,8.780000000000001,58.370000000000005,146.22,0.0,35.56
2021-01-05 06:00:56,112.16,0.0,8.399999999999999,55.38999999999999,136.49,0.0,35.27
2021-01-05 07:00:56,94.46666666666667,0.0,7.555,55.504999999999995,205.49,0.0,36.16
2021-01-05 08:00:56,93.27,0.0,7.595,61.68000000000001,290.285,0.0,36.26
2021-01-05 09:00:56,109.12333333333333,0.0,8.09,67.55499999999999,410.0,0.0,36.51
2021-01-05 10:00:56,134.83666666666667,0.0,10.36,89.89999999999999,432.805,0.0,36.8
2021-01-05 11:00:56,195.62666666666667,0.0,12.935,122.22499999999998,400.395,0.0,36.49
2021-01-05 12:00:56,218.39333333333332,6.465,9.73,96.52500000000002,271.575,0.0,35.44
2021-01-05 13:00:56,235.67333333333332,0.0,8.66,32.68,74.775,0.0,35.6
2021-01-05 14:00:56,180.76666666666665,0.0,21.44,112.34500000000001,244.145,0.0,35.76
2021-01-05 15:00:56,177.21,0.0,22.459999999999997,113.34999999999998,232.82499999999996,0.0,35.58
2021-01-05 16:00:56,154.26666666666668,0.0,23.345,114.78000000000002,225.26999999999998,0.0,34.99
2021-01-05 17:00:56,159.38333333333333,0.0,23.5,108.42000000000002,236.38,0.0,35.24
2021-01-05 18:00:56,147.97666666666666,0.0,17.439999999999998,85.62,175.475,0.0,36.18
2021-01-05 19:00:56,140.96,0.0,11.89,86.27,170.81499999999997,0.0,36.27
2021-01-05 20:00:56,99.35666666666667,0.0,9.795,70.85,125.39999999999999,0.0,36.52
2021-01-05 21:00:56,74.99,0.0,11.67,69.965,149.44,0.0,36.08
2021-01-05 22:00:56,71.19666666666667,0.0,10.13,71.94,147.44,0.0,35.74
2021-01-05 23:00:56,78.91666666666667,0.0,9.315,60.88999999999999,103.15499999999999,0.0,36.56
2021-01-06 00:00:56,77.54666666666667,0.0,7.640000000000001,41.53,53.51,0.0,39.81
2021-01-06 01:00:56,54.63333333333334,0.0,7.419999999999999,41.645,51.23499999999999,0.0,42.67
2021-01-06 02:00:56,38.18,0.0,7.43,36.49,42.03,0.0,44.78
2021-01-06 03:00:56,34.35333333333334,0.0,8.844999999999999,37.54,43.330000000000005,0.0,44.5
2021-01-06 04:00:56,26.023333333333333,0.0,8.335,37.85,43.800000000000004,0.0,41.65
2021-01-06 05:00:56,23.793333333333333,0.0,6.955000000000001,49.205000000000005,62.97,0.0,37.24
2021-01-06 06:00:56,26.810000000000002,0.0,6.93,52.699999999999996,75.51,0.0,36.51
2021-01-06 07:00:56,28.04,0.0,6.785,54.81999999999999,95.705,0.0,36.47
2021-01-06 08:00:56,32.233333333333334,0.0,7.905,58.195,121.495,0.0,36.32
2021-01-06 09:00:56,42.24333333333333,0.0,7.785,60.089999999999996,127.84500000000001,0.0,36.15
2021-01-06 10:00:56,48.45,0.0,7.989999999999999,61.57500000000001,152.625,0.0,36.71
2021-01-06 11:00:56,59.01333333333333,0.0,9.975,65.92,157.875,0.0,36.58
2021-01-06 12:00:56,86.63,0.0,12.285000000000002,73.2,157.01,0.0,39.16
2021-01-06 13:00:56,92.41666666666667,0.0,12.795,66.125,115.52499999999999,0.0,40.7
2021-01-06 14:00:56,72.50333333333333,0.0,13.674999999999999,57.49,88.69,0.0,47.24
2021-01-06 15:00:56,50.723333333333336,0.0,13.875,64.18,100.65500000000002,0.0,44.23
2021-01-06 16:00:56,46.13666666666667,0.0,12.535000000000002,66.975,98.10000000000001,0.0,42.66
2021-01-06 17:00:56,49.06,0.0,11.15,67.695,99.80499999999999,0.0,40.59
2021-01-06 18:00:56,61.89333333333333,0.0,9.67,80.80499999999999,159.475,0.0,36.9
2021-01-06 19:00:56,89.15333333333334,0.0,8.61,69.94,133.53,0.0,37.22
2021-01-06 20:00:56,81.71333333333334,0.0,10.46,69.72,188.57000000000002,0.0,36.24
2021-01-06 21:00:56,80.36666666666666,12.255,17.12,65.05,297.165,0.0,35.12
2021-01-06 22:00:56,116.70666666666666,41.675,15.5,65.67,166.035,0.0,33.11
2021-01-06 23:00:56,106.67333333333333,34.805,16.064999999999998,64.635,134.81,0.0,35.66
2021-01-07 00:00:56,92.54666666666667,33.085,13.63,63.635,154.63,0.0,35.37
2021-01-07 01:00:56,89.69333333333333,32.36,13.229999999999999,53.650000000000006,110.28500000000001,0.0,40.11
2021-01-07 02:00:56,67.94333333333333,22.745,13.115,48.66,92.705,0.0,43.5
2021-01-07 03:00:56,55.94333333333333,22.84,10.07,37.475,66.98,0.0,42.05
2021-01-07 04:00:56,45.70666666666667,21.705,8.77,35.84,58.305,0.0,44.86
2021-01-07 05:00:56,40.34,13.795,8.604999999999999,34.23,54.865,0.0,46.25
2021-01-07 06:00:56,33.943333333333335,10.43,7.57,32.69,47.38999999999999,0.0,45.82
2021-01-07 07:00:56,31.183333333333334,9.565,7.6499999999999995,33.49,43.98499999999999,0.0,47.39
2021-01-07 08:00:56,26.186666666666667,14.04,8.715,43.475,59.46,0.0,44.61
2021-01-07 09:00:56,30.733333333333334,10.41,9.935,49.275,70.19,0.0,42.19
2021-01-07 10:00:56,48.45,12.020000000000001,10.09,51.300000000000004,70.795,0.0,42.24
2021-01-07 11:00:56,52.19,13.725,9.200000000000001,49.650000000000006,76.53,0.0,43.31
2021-01-07 12:00:56,44.64666666666667,19.175,8.195,49.205000000000005,73.08,0.0,44.16
2021-01-07 13:00:56,44.42333333333333,18.695,11.155000000000001,52.375,82.10000000000001,0.0,43.38
2021-01-07 14:00:56,42.96,17.675,12.915,56.62,92.86500000000001,0.0,41.2
2021-01-07 15:00:56,46.946666666666665,11.270000000000001,11.62,52.06,87.71499999999999,0.0,41.11
2021-01-07 16:00:56,41.11666666666667,9.15,9.775,46.315,72.98,0.0,40.32
2021-01-07 17:00:56,40.85666666666667,9.715,8.770000000000001,49.845,84.82,0.0,39.28
2021-01-07 18:00:56,43.04333333333334,11.045,9.055,55.044999999999995,90.605,0.0,37.79
2021-01-07 19:00:56,58.01333333333333,15.995,10.949999999999998,66.055,109.125,0.0,36.49
2021-01-07 20:00:56,67.72333333333333,19.11,13.33,70.63499999999999,127.55,0.0,35.93
2021-01-07 21:00:56,80.32,20.445,14.825000000000001,74.625,186.29,0.0,36.53
2021-01-07 22:00:56,97.89,29.535,14.875,70.555,169.6,0.0,35.46
2021-01-07 23:00:56,96.98666666666668,34.44,15.410000000000002,66.125,129.34,0.0,35.65
2021-01-08 00:00:56,93.27,34.98,14.035000000000002,58.98,97.625,0.0,35.77
2021-01-08 01:00:56,81.33,27.925,11.475,57.169999999999995,97.32,0.0,36.28
2021-01-08 02:00:56,77.96333333333334,29.540000000000003,10.09,58.38,124.38499999999999,0.0,36.2
2021-01-08 03:00:56,91.64333333333333,38.585,9.535,55.589999999999996,100.61,0.0,35.99
2021-01-08 04:00:56,88.36333333333334,37.76,9.685,50.855,78.15,0.0,36.07
2021-01-08 05:00:56,75.75,36.34,9.085,44.13999999999999,70.53,0.0,36.83
2021-01-08 06:00:56,60.56666666666666,31.39,8.950000000000001,48.595,90.30499999999999,0.0,35.89
2021-01-08 07:00:56,61.25666666666667,27.075,8.950000000000001,43.615,103.665,0.0,35.93
2021-01-08 08:00:56,65.0,27.55,9.7,45.04,133.945,0.0,35.94
2021-01-08 09:00:56,78.11,31.725000000000005,9.685,42.66,201.635,0.0,36.6
2021-01-08 10:00:56,91.77333333333333,42.34,10.565,51.935,229.385,0.0,36.76
2021-01-08 11:00:56,124.09333333333335,59.905,12.145000000000001,62.39000000000001,230.29999999999998,0.0,36.7
2021-01-08 12:00:56,178.43333333333334,81.155,15.445,83.19,247.98499999999999,0.0,36.93
2021-01-08 13:00:56,190.49,95.23,17.395,100.995,263.865,0.0,36.27
2021-01-08 14:00:56,190.16333333333333,93.31,18.875,87.62,228.475,0.0,36.5
2021-01-08 15:00:56,148.75333333333333,71.765,16.915,82.955,204.67999999999998,0.0,36.51
2021-01-08 16:00:56,111.47,47.395,15.479999999999999,83.81,212.85500000000002,0.0,36.44
2021-01-08 17:00:56,80.70333333333333,29.2,17.695,87.23,208.93500000000003,0.0,36.04
2021-01-08 18:00:56,90.25666666666666,28.315,15.695,81.505,190.785,0.0,35.51
2021-01-08 19:00:56,107.34,33.175,13.195,82.78,267.61,0.0,35.78
2021-01-08 20:00:56,122.81,39.145,13.089999999999998,80.295,313.03,0.0,34.97
2021-01-08 21:00:56,151.86333333333334,55.82500000000001,16.84,73.335,328.79,0.0,34.9
2021-01-08 22:00:56,166.58333333333334,55.635,19.895,70.505,224.585,0.0,35.3
2021-01-08 23:00:56,137.53333333333333,49.095,17.005,67.93,196.135,0.0,36.06
2021-01-09 00:00:56,112.47,56.395,10.035,58.355,212.34,0.0,35.97
2021-01-09 01:00:56,125.09333333333333,74.185,8.14,51.84,232.60999999999999,0.0,37.0
2021-01-09 02:00:56,129.79666666666668,83.99,8.225,52.96,120.31,0.0,36.26
2021-01-09 03:00:56,102.75,67.015,6.919999999999999,49.044999999999995,212.07500000000002,0.0,36.57
2021-01-09 04:00:56,105.24,69.77,5.98,47.51,153.125,0.0,36.58
2021-01-09 05:00:56,89.29333333333334,59.24,6.035,47.26,120.58999999999999,0.0,36.35
2021-01-09 06:00:56,69.64666666666666,50.6,5.44,45.120000000000005,110.795,0.0,36.14
2021-01-09 07:00:56,61.650000000000006,43.22,5.295,43.76500000000001,127.245,0.0,36.07
2021-01-09 08:00:56,59.03333333333333,37.98,4.53,45.425000000000004,179.99,0.0,36.36
2021-01-09 09:00:56,59.19,35.515,4.725,47.544999999999995,237.155,0.0,36.71
2021-01-09 10:00:56,68.9,39.385,5.789999999999999,57.544999999999995,200.70000000000002,0.0,36.48
2021-01-09 11:00:56,86.50666666666666,44.4,7.19,76.215,262.495,0.0,36.74
2021-01-09 12:00:56,117.38999999999999,68.16,8.455,82.14,268.08500000000004,0.0,36.65
2021-01-09 13:00:56,180.89666666666668,70.825,18.815,83.2,194.725,0.0,37.88
2021-01-09 14:00:56,149.61,52.965,19.94,84.94,190.9,0.0,37.85
2021-01-09 15:00:56,129.36666666666667,47.04,19.505,90.11500000000001,208.955,0.0,37.77
2021-01-09 16:00:56,102.50666666666666,34.055,15.67,94.05,238.245,0.0,36.41
2021-01-09 17:00:56,84.34666666666666,27.2,15.19,87.00999999999999,215.985,0.0,36.44
2021-01-09 18:00:56,84.89,20.63,11.12,82.2,283.245,0.0,35.3
2021-01-09 19:00:56,111.82,32.225,11.520000000000001,79.62,300.685,0.0,35.24
2021-01-09 20:00:56,147.10333333333332,53.6,12.185,74.395,277.02,0.0,35.9
2021-01-09 21:00:56,157.56,65.555,15.6,67.16000000000001,265.33,0.0,35.47
2021-01-09 22:00:56,148.72,62.69,17.015,73.455,185.67999999999998,0.0,35.54
2021-01-09 23:00:56,130.76333333333335,57.185,12.51,66.98,188.525,0.0,36.34
2021-01-10 00:00:56,121.77333333333333,61.395,12.354999999999999,65.21,174.605,0.0,36.1
2021-01-10 01:00:56,117.30000000000001,56.48,13.959999999999999,64.465,163.665,0.0,36.3
2021-01-10 02:00:56,111.25666666666666,52.845,20.67,60.49,189.885,0.0,36.72
2021-01-10 03:00:56,139.95333333333335,66.205,25.27,59.025000000000006,195.47000000000003,0.0,36.52
2021-01-10 04:00:56,139.86,68.405,20.05,57.89000000000001,169.85,0.0,36.28
2021-01-10 05:00:56,115.32999999999998,56.88,17.785,57.150000000000006,153.5,0.0,36.32
2021-01-10 06:00:56,100.21666666666665,44.74,16.775000000000002,52.125,121.97500000000001,0.0,35.98
2021-01-10 07:00:56,84.57666666666667,36.645,17.49,56.300000000000004,123.58999999999999,0.0,36.54
2021-01-10 08:00:56,70.08666666666666,29.899999999999995,18.26,46.51500000000001,96.145,0.0,39.69
2021-01-10 09:00:56,56.29333333333333,16.74,17.095,53.255,125.375,0.0,36.65
2021-01-10 10:00:56,51.44,14.495,18.02,53.995000000000005,106.495,0.0,38.17
2021-01-10 11:00:56,45.96666666666667,14.745,23.070000000000004,58.294999999999995,127.125,0.0,40.2
2021-01-10 12:00:56,48.13333333333333,14.315,19.39,66.325,160.49,0.0,40.45
2021-01-10 13:00:56,41.4,14.46,17.13,81.61500000000001,184.30499999999998,0.0,36.76
2021-01-10 14:00:56,38.49,13.745,16.835,79.83,172.375,0.0,36.98
2021-01-10 15:00:56,35.233333333333334,8.715,16.03,81.06,163.98000000000002,0.0,35.64
2021-01-10 16:00:56,31.46666666666667,10.26,15.995,77.435,151.09500000000003,0.0,36.32
2021-01-10 17:00:56,34.42666666666667,12.185,17.115,76.145,146.815,0.0,36.05
2021-01-10 18:00:56,50.53,13.805,18.285,75.85000000000001,158.79000000000002,0.0,34.5
2021-01-10 19:00:56,61.24,19.645,18.459999999999997,73.745,178.19500000000002,0.0,35.33
2021-01-10 20:00:56,77.82666666666667,28.08,17.16,69.52,163.24,0.0,38.51
2021-01-10 21:00:56,72.01666666666667,34.145,16.95,55.745,126.675,0.0,37.07
2021-01-10 22:00:56,64.41666666666667,30.445000000000004,14.895000000000001,53.56,119.005,0.0,36.64
2021-01-10 23:00:56,57.986666666666665,25.67,14.385,55.01,132.725,0.0,36.17
2021-01-11 00:00:56,54.45333333333333,20.805,14.604999999999999,47.145,103.47499999999998,0.0,38.3
2021-01-11 01:00:56,61.266666666666666,16.695,12.815,51.580000000000005,119.27999999999999,0.0,37.65
2021-01-11 02:00:56,66.06666666666666,16.59,12.76,49.62,133.265,0.0,37.73
2021-01-11 03:00:56,78.93,16.685,12.925000000000002,51.419999999999995,154.905,0.0,37.78
2021-01-11 04:00:56,79.18,20.18,13.495,46.16,111.83,0.0,38.57
2021-01-11 05:00:56,70.72666666666666,15.58,13.255,41.160000000000004,90.5,0.0,42.42
2021-01-11 06:00:56,60.46,12.765,12.415,46.98499999999999,111.175,0.0,38.52
2021-01-11 07:00:56,60.596666666666664,14.479999999999999,12.295,43.135,101.495,0.0,40.37
2021-01-11 08:00:56,60.383333333333326,17.645,10.885,53.25,224.68999999999997,0.0,36.61
2021-01-11 09:00:56,71.51666666666667,19.82,12.335,54.98,266.09,0.0,36.94
2021-01-11 10:00:56,86.09666666666666,23.77,15.299999999999999,60.355,226.965,0.0,37.06
2021-01-11 11:00:56,97.05666666666667,18.49,20.475,67.13,236.295,0.0,37.71
2021-01-11 12:00:56,113.19999999999999,15.0,26.17,69.61500000000001,297.07500000000005,0.0,36.44
2021-01-11 13:00:56,114.23666666666668,16.85,21.12,75.735,308.325,0.0,35.75
2021-01-11 14:00:56,98.28666666666668,14.69,20.58,82.31,322.665,0.0,35.1
2021-01-11 15:00:56,96.02666666666667,18.06,20.755,75.61500000000001,282.625,0.0,35.13
2021-01-11 16:00:56,86.57333333333332,15.845,18.355,70.58999999999999,222.665,0.0,35.65
2021-01-11 17:00:56,86.76333333333332,13.875,17.79,72.55,262.705,0.0,36.15
2021-01-11 18:00:56,95.94,13.055,16.81,77.13499999999999,306.71500000000003,0.0,35.93
2021-01-11 19:00:56,118.86,16.595,16.58,75.18,332.90500000000003,0.0,35.85
2021-01-11 20:00:56,146.86,28.355,15.475,71.03999999999999,384.62999999999994,0.0,35.1
2021-01-11 21:00:56,158.43333333333334,35.68,15.455,71.375,346.37999999999994,0.0,35.62
2021-01-11 22:00:56,149.47666666666666,36.205,32.19,64.38,250.05499999999998,0.0,37.31
2021-01-11 23:00:56,136.45333333333335,23.875,27.64,56.69,228.80499999999998,0.0,38.46
2021-01-12 00:00:56,99.27666666666666,16.28,22.034999999999997,62.18,273.73,0.0,36.0
2021-01-12 01:00:56,85.12,15.145000000000001,18.605,59.544999999999995,239.08,0.0,37.72
2021-01-12 02:00:56,80.20333333333333,9.975,16.400000000000002,57.919999999999995,187.63,0.0,36.85
2021-01-12 03:00:56,78.37,9.785,14.505,52.82,176.085,0.0,38.91
2021-01-12 04:00:56,67.98333333333333,11.449999999999998,14.415,53.59,198.62,0.0,36.76
2021-01-12 05:00:56,63.873333333333335,9.82,12.825000000000001,57.10999999999999,179.40499999999997,0.0,37.09
2021-01-12 06:00:56,62.53333333333333,13.35,12.969999999999999,55.785,201.105,0.0,35.68
2021-01-12 07:00:56,67.05,11.305,12.405000000000001,61.605,219.25,0.0,35.92
2021-01-12 08:00:56,64.78,10.415,15.15,60.01,255.69500000000002,0.0,35.74
2021-01-12 09:00:56,69.79,12.63,15.865,58.27,255.67,0.0,36.97
2021-01-12 10:00:56,87.33333333333334,12.795,18.11,68.605,349.55999999999995,0.0,36.13
2021-01-12 11:00:56,107.11,24.97,19.095,74.395,356.27,0.0,35.95
2021-01-12 12:00:56,113.93,33.05,24.224999999999998,82.61,370.625,0.0,35.68
2021-01-12 13:00:56,98.12333333333333,25.755,23.155,83.305,337.175,0.0,35.08
2021-01-12 14:00:56,89.57000000000001,17.43,18.565,85.19,325.53000000000003,0.0,34.72
2021-01-12 15:00:56,71.62333333333333,15.615,17.34,86.06,306.98,0.0,35.68
2021-01-12 16:00:56,59.94,11.479999999999999,17.76,86.55,266.645,0.0,34.38
2021-01-12 17:00:56,54.74333333333334,7.465,20.095,74.39999999999999,188.0,0.0,36.9
2021-01-12 18:00:56,56.379999999999995,6.77,30.274999999999995,72.425,183.245,0.0,35.97
2021-01-12 19:00:56,64.54,5.435,23.19,80.79,231.80999999999997,0.0,35.43
2021-01-12 20:00:56,58.696666666666665,9.115,24.67,63.135,160.34,0.0,37.98
2021-01-12 21:00:56,101.90666666666667,9.735,20.985,64.43,170.88,0.0,38.84
2021-01-12 22:00:56,85.87,7.895,16.21,53.495000000000005,113.35000000000001,0.0,43.34
2021-01-12 23:00:56,69.23,4.905,14.660000000000002,67.175,144.1,0.0,37.39
2021-01-13 00:00:56,70.70666666666666,5.53,18.005,58.07,120.53500000000001,0.0,39.32
2021-01-13 01:00:56,67.67,8.94,14.699999999999998,62.714999999999996,147.92,0.0,36.74
2021-01-13 02:00:56,61.97,5.435,12.26,39.03,82.73500000000001,0.0,43.96
2021-01-13 03:00:56,52.01,4.625,11.58,50.379999999999995,132.83,0.0,41.44
2021-01-13 04:00:56,50.45,5.78,12.174999999999999,44.47,116.21499999999999,0.0,41.27
2021-01-13 05:00:56,83.55666666666667,5.03,13.045,43.105,107.25,0.0,43.59
2021-01-13 06:00:56,107.81666666666666,4.245,13.424999999999999,55.23,145.20000000000002,0.0,42.42
2021-01-13 07:00:56,113.26666666666667,2.82,10.950000000000001,34.19,63.580000000000005,0.0,50.38
2021-01-13 08:00:56,122.11333333333334,2.665,11.520000000000001,22.459999999999997,36.665,0.0,54.15
2021-01-13 09:00:56,98.84,4.495,11.725,24.76,35.03,0.0,54.58
2021-01-13 10:00:56,92.12333333333333,6.345,11.93,30.3,40.545,0.0,53.33
2021-01-13 11:00:56,89.38333333333333,8.99,11.79,56.39000000000001,82.26499999999999,0.0,41.34
2021-01-13 12:00:56,89.88333333333333,11.53,12.410000000000002,64.21499999999999,90.95,0.0,38.56
2021-01-13 13:00:56,81.25,12.449999999999998,11.575000000000001,66.12,92.825,0.0,38.46
2021-01-13 14:00:56,75.68,11.33,11.479999999999999,53.900000000000006,88.335,0.0,40.81
2021-01-13 15:00:56,48.913333333333334,7.900000000000001,11.285000000000002,45.80500000000001,77.395,0.0,45.47
2021-01-13 16:00:56,36.54333333333333,7.485,10.355,45.125,67.67,0.0,46.25
2021-01-13 17:00:56,33.84666666666667,5.45,9.86,42.42,59.169999999999995,0.0,46.97
2021-01-13 18:00:56,30.006666666666664,7.98,10.549999999999999,59.415,101.04,0.0,39.09
2021-01-13 19:00:56,25.233333333333334,10.04,9.950000000000001,56.35,79.00999999999999,0.0,40.94
2021-01-13 20:00:56,25.473333333333333,8.595,9.78,59.365,85.605,0.0,40.21
2021-01-13 21:00:56,24.253333333333334,12.26,9.14,52.03,66.34,0.0,41.65
2021-01-13 22:00:56,22.763333333333332,13.49,10.915,36.620000000000005,46.475,0.0,45.4
2021-01-13 23:00:56,25.09,7.825,8.89,31.11,38.28,0.0,46.91
2021-01-14 00:00:56,23.426666666666666,8.155,8.755,35.824999999999996,49.625,0.0,44.46
2021-01-14 01:00:56,26.01,12.199999999999998,8.35,33.33,44.835,0.0,44.08
2021-01-14 02:00:56,26.336666666666666,11.5,8.935,24.945000000000004,31.429999999999996,0.0,45.28
2021-01-14 03:00:56,17.96333333333333,9.505,8.805,26.83,38.23,0.0,44.61
2021-01-14 04:00:56,19.44,6.585,9.46,25.814999999999998,35.94,0.0,44.03
2021-01-14 05:00:56,20.48,4.96,8.969999999999999,29.935000000000002,37.24,0.0,41.19
2021-01-14 06:00:56,22.506666666666668,4.65,11.270000000000001,27.855,36.96,0.0,41.83
2021-01-14 07:00:56,25.796666666666667,4.895,10.704999999999998,34.84,49.76500000000001,0.0,38.69
2021-01-14 08:00:56,23.916666666666668,9.685,10.854999999999999,43.525,79.99000000000001,0.0,35.84
2021-01-14 09:00:56,32.50333333333334,9.955,10.71,51.345,131.715,0.0,35.15
2021-01-14 10:00:56,29.376666666666665,12.324999999999998,12.21,45.85999999999999,79.625,0.0,41.54
2021-01-14 11:00:56,29.743333333333336,10.94,11.545,54.355,101.295,0.0,41.44
2021-01-14 12:00:56,35.906666666666666,7.44,13.12,55.345,94.96,0.0,41.65
2021-01-14 13:00:56,40.81333333333333,9.29,11.700000000000001,57.07,88.71999999999998,0.0,42.08
2021-01-14 14:00:56,40.28666666666667,10.36,13.315,60.64000000000001,89.01499999999999,0.0,40.03
2021-01-14 15:00:56,43.58,10.315,15.950000000000001,62.645,113.46,0.0,41.62
2021-01-14 16:00:56,35.33333333333333,12.22,13.815,52.04,95.755,0.0,40.47
2021-01-14 17:00:56,20.696666666666665,8.7,12.604999999999999,55.605,88.06,0.0,41.13
2021-01-14 18:00:56,18.923333333333332,8.065,11.58,56.49,82.13499999999999,0.0,40.69
2021-01-14 19:00:56,29.25,6.48,10.595,56.900000000000006,79.045,0.0,40.33
2021-01-14 20:00:56,25.686666666666667,11.339999999999998,11.464999999999998,53.879999999999995,78.19,0.0,41.52
2021-01-14 21:00:56,30.27,15.035000000000002,12.229999999999999,49.330000000000005,70.42,0.0,39.91
2021-01-14 22:00:56,21.28333333333333,13.645000000000001,12.695,51.785,70.89,0.0,39.15
2021-01-14 23:00:56,19.78666666666667,11.71,12.31,44.345,59.205000000000005,0.0,41.89
2021-01-15 00:00:56,18.096666666666668,12.86,10.924999999999999,32.45,43.025,0.0,44.6
2021-01-15 01:00:56,18.046666666666667,9.805,10.635,26.605,42.605,0.0,44.48
2021-01-15 02:00:56,18.346666666666668,5.43,10.38,20.03,29.425,0.0,46.51
2021-01-15 03:00:56,11.626666666666665,4.615,10.479999999999999,18.98,22.525000000000002,0.0,45.52
2021-01-15 04:00:56,14.973333333333333,7.105,10.195,20.18,24.27,0.0,45.86
2021-01-15 05:00:56,13.35,7.400000000000001,10.735,19.235,22.395,0.0,44.37
2021-01-15 06:00:56,13.523333333333333,4.425,10.37,22.52,29.2,0.0,43.81
2021-01-15 07:00:56,15.903333333333332,3.9500000000000006,12.955,26.49,31.405,0.0,43.19
2021-01-15 08:00:56,25.796666666666667,7.0,11.615,32.53,39.615,0.0,41.74
2021-01-15 09:00:56,30.126666666666665,11.54,11.305,36.925000000000004,47.805,0.0,43.3
2021-01-15 10:00:56,45.306666666666665,12.925000000000002,14.235,42.015,58.455000000000005,0.0,42.77
2021-01-15 11:00:56,52.85666666666666,9.74,15.160000000000002,19.755,24.14,0.0,45.22
2021-01-15 12:00:56,35.56333333333333,13.185,18.04,43.57500000000001,55.48,0.0,0.0
2021-01-15 13:00:56,12.493333333333332,18.715,6.195,36.685,50.205000000000005,0.0,35.02
2021-01-15 14:00:56,11.159999999999998,23.435,2.975,48.15,76.07,0.0,35.39
2021-01-15 15:00:56,13.13,15.824999999999998,16.73,74.165,128.64,0.0,35.0
2021-01-15 16:00:56,47.17666666666667,18.215,15.445,78.63499999999999,141.885,0.0,33.64
2021-01-15 17:00:56,38.41333333333333,19.755,19.215,86.94,164.60999999999999,0.0,33.07
2021-01-15 18:00:56,65.71,26.285,19.245,92.48,180.30000000000004,0.0,34.75
2021-01-15 19:00:56,54.06333333333333,22.58,20.915,94.55,184.95000000000002,0.0,34.52
2021-01-15 20:00:56,68.66666666666667,24.290000000000003,20.805,101.245,204.92999999999998,0.0,34.5
2021-01-15 21:00:56,69.48,22.235,20.81,90.045,185.29,0.0,35.69
2021-01-15 22:00:56,49.276666666666664,15.165,20.1,86.21,181.69500000000002,0.0,35.68
2021-01-15 23:00:56,35.70666666666666,14.315,19.915,82.91,182.295,0.0,35.52
2021-01-16 00:00:56,32.97,19.855,20.75,86.18,189.885,0.0,34.75
2021-01-16 01:00:56,37.19,17.73,22.185000000000002,85.82000000000001,195.43999999999997,0.0,34.09
2021-01-16 02:00:56,32.87,17.315,19.46,82.975,197.275,0.0,34.25
2021-01-16 03:00:56,38.193333333333335,20.205,19.345,83.665,203.61,0.0,34.01
2021-01-16 04:00:56,34.696666666666665,17.775,18.21,81.97,204.91,0.0,34.87
2021-01-16 05:00:56,32.656666666666666,16.9,17.78,80.71499999999999,203.89499999999998,0.0,34.25
2021-01-16 06:00:56,32.196666666666665,10.265,17.665,77.075,199.30000000000004,0.0,35.06
2021-01-16 07:00:56,31.89666666666667,8.135,17.765,79.07,199.56000000000003,0.0,34.55
2021-01-16 08:00:56,25.53,11.214999999999998,17.715,81.24000000000001,200.15,0.0,33.99
2021-01-16 09:00:56,25.973333333333333,8.83,17.655,88.67500000000001,213.76999999999998,0.0,35.22
2021-01-16 10:00:56,26.756666666666668,8.56,19.505,89.185,216.375,0.0,34.31
2021-01-16 11:00:56,29.08666666666667,11.71,21.409999999999997,83.545,207.755,0.0,34.44
2021-01-16 12:00:56,39.42,13.520000000000001,23.974999999999998,91.58999999999999,215.92499999999998,0.0,35.17
2021-01-16 13:00:56,56.446666666666665,17.62,25.505,91.375,218.34500000000003,0.0,35.69
2021-01-16 14:00:56,73.18666666666667,26.665000000000003,27.314999999999998,82.95,228.99,0.0,33.63
2021-01-16 15:00:56,73.39,23.815,22.665000000000003,73.075,225.52999999999997,0.0,34.54
2021-01-16 16:00:56,64.25333333333333,21.365,21.460000000000004,65.615,219.06500000000003,0.0,33.48
2021-01-16 17:00:56,54.29666666666667,23.345,19.474999999999998,75.375,217.17499999999998,0.0,33.95
2021-01-16 18:00:56,49.68,22.97,18.335,82.855,215.655,0.0,34.23
2021-01-16 19:00:56,44.63666666666666,24.865,18.535,91.52500000000002,218.115,0.0,34.71
2021-01-16 20:00:56,57.553333333333335,27.735,18.88,94.935,221.89,0.0,34.57
2021-01-16 21:00:56,71.07,32.1,19.875,95.145,224.01,0.0,34.12
2021-01-16 22:00:56,90.16,39.41,19.97,89.33999999999999,215.26,0.0,34.25
2021-01-16 23:00:56,90.48,39.335,20.085,88.985,216.94500000000002,0.0,34.73
2021-01-17 00:00:56,91.09,37.24,20.77,94.06,223.93500000000003,0.0,33.34
2021-01-17 01:00:56,87.84666666666666,33.545,22.405,93.59499999999998,222.15,0.0,33.08
2021-01-17 02:00:56,82.32000000000001,33.785,20.794999999999998,86.66000000000001,214.455,0.0,34.26
2021-01-17 03:00:56,67.21,19.025,19.875,81.625,209.775,0.0,33.72
2021-01-17 04:00:56,63.96,19.095,19.825,84.72000000000001,214.125,0.0,33.59
2021-01-17 05:00:56,61.20666666666667,27.795,19.080000000000002,89.07499999999999,220.04999999999998,0.0,33.56
2021-01-17 06:00:56,53.02666666666667,21.055,18.99,85.96499999999999,220.55499999999998,0.0,32.48
2021-01-17 07:00:56,58.63666666666666,23.685,18.790000000000003,84.96,225.0,0.0,32.95
2021-01-17 08:00:56,50.416666666666664,24.205,19.01,86.74000000000001,227.92499999999998,0.0,32.19
2021-01-17 09:00:56,47.35333333333333,16.24,19.685,86.23,230.19000000000003,0.0,32.34
2021-01-17 10:00:56,31.923333333333332,8.89,19.665,75.16,209.15,0.0,34.22
2021-01-17 11:00:56,24.006666666666664,6.765,21.265,76.55,204.905,0.0,32.72
2021-01-17 12:00:56,22.13,8.8,21.705,76.53,207.56000000000003,0.0,32.89
2021-01-17 13:00:56,24.343333333333334,6.915,19.655,75.825,202.93500000000003,0.0,33.23
2021-01-17 14:00:56,21.026666666666667,6.32,18.42,76.22500000000001,195.15,0.0,36.21
2021-01-17 15:00:56,14.5,4.805,18.28,79.58,198.235,0.0,36.4
2021-01-17 16:00:56,17.586666666666666,6.974999999999999,18.345,80.615,199.54,0.0,35.74
2021-01-17 17:00:56,14.683333333333334,6.28,19.495,81.47500000000001,203.02999999999997,0.0,36.3
2021-01-17 18:00:56,16.196666666666665,3.735,21.200000000000003,83.315,206.79,0.0,34.84
2021-01-17 19:00:56,17.503333333333334,4.87,19.005,86.545,206.22000000000003,0.0,35.98
2021-01-17 20:00:56,25.333333333333332,11.37,18.41,88.44500000000001,207.47000000000003,0.0,34.94
2021-01-17 21:00:56,28.293333333333333,12.235,17.939999999999998,79.25,189.73000000000002,0.0,34.33
2021-01-17 22:00:56,25.60333333333333,7.75,18.615,77.535,181.38,0.0,35.12
2021-01-17 23:00:56,17.46,5.5,17.76,78.55,186.91,0.0,35.16
2021-01-18 00:00:56,13.346666666666668,4.595,16.515,78.12,181.59,0.0,34.83
2021-01-18 01:00:56,15.216666666666667,5.345,17.145,79.62,181.975,0.0,34.3
2021-01-18 02:00:56,16.546666666666667,4.07,17.415,78.52999999999999,185.33,0.0,33.89
2021-01-18 03:00:56,15.78,6.155,17.13,79.96999999999998,189.65,0.0,33.97
2021-01-18 04:00:56,14.226666666666667,5.93,17.415,80.89,189.79,0.0,34.0
2021-01-18 05:00:56,15.763333333333335,5.145,17.015,77.75500000000001,185.71,0.0,34.03
2021-01-18 06:00:56,9.986666666666666,6.355,17.235,79.46000000000001,187.385,0.0,32.98
2021-01-18 07:00:56,11.559999999999999,3.705,17.515,80.11999999999999,185.67500000000004,0.0,34.28
2021-01-18 08:00:56,14.88,2.735,16.93,83.695,191.20000000000002,0.0,33.95
2021-01-18 09:00:56,17.253333333333334,2.07,17.05,91.08,197.05999999999997,0.0,33.8
2021-01-18 10:00:56,18.576666666666668,2.365,18.675,93.92,198.33,0.0,33.66
2021-01-18 11:00:56,35.67,6.425,19.955,86.745,182.53,0.0,33.93
2021-01-18 12:00:56,31.10666666666667,14.83,18.61,79.275,154.435,0.0,32.71
2021-01-18 13:00:56,31.02,13.410000000000002,17.495,80.27499999999999,145.46,0.0,33.51
2021-01-18 14:00:56,21.403333333333336,8.985,17.09,79.21499999999999,144.965,0.0,33.58
2021-01-18 15:00:56,22.296666666666667,7.655,17.795,81.89,152.515,0.0,33.07
2021-01-18 16:00:56,13.953333333333333,4.835,18.834999999999997,82.25,145.73999999999998,0.0,33.29
2021-01-18 17:00:56,19.266666666666666,5.72,20.435,84.84499999999998,141.57500000000002,0.0,32.98
2021-01-18 18:00:56,27.96333333333333,12.305,23.195000000000004,92.36000000000001,149.14499999999998,0.0,34.66
2021-01-18 19:00:56,41.900000000000006,15.165,21.015,101.315,171.705,0.0,33.32
2021-01-18 20:00:56,47.366666666666674,16.085,21.26,108.605,187.265,0.0,35.33
2021-01-18 21:00:56,59.09,25.465,20.05,102.84999999999998,191.19500000000002,0.0,34.75
2021-01-18 22:00:56,65.40666666666667,23.135,17.79,106.675,196.68999999999997,0.0,34.57
2021-01-18 23:00:56,66.51,19.455,17.615000000000002,105.54,190.4,0.0,35.07
2021-01-19 00:00:56,62.55,16.285,16.005,98.885,180.47,0.0,34.08
2021-01-19 01:00:56,51.11666666666667,20.21,15.965000000000002,88.97000000000001,172.905,0.0,33.87
2021-01-19 02:00:56,60.78333333333334,24.485,16.169999999999998,87.98,172.31499999999997,0.0,37.28
2021-01-19 03:00:56,56.666666666666664,25.505,16.39,85.78000000000002,166.96,0.0,35.72
2021-01-19 04:00:56,51.85333333333333,21.850000000000005,15.910000000000002,85.135,158.825,0.0,38.36
2021-01-19 05:00:56,38.24,14.565,15.62,85.49,154.045,0.0,36.23
2021-01-19 06:00:56,34.14,10.14,15.079999999999998,83.97500000000001,149.03,0.0,35.77
2021-01-19 07:00:56,37.66,11.67,14.775,85.745,148.61499999999998,0.0,35.21
2021-01-19 08:00:56,35.24,10.82,14.405000000000001,88.005,149.965,0.0,35.71
2021-01-19 09:00:56,49.486666666666665,7.114999999999999,14.594999999999999,99.425,165.07,0.0,35.45
2021-01-19 10:00:56,83.38666666666667,12.585,17.925,99.565,170.885,0.0,35.96
2021-01-19 11:00:56,110.17666666666666,24.205,18.99,109.145,186.39,0.0,36.56
2021-01-19 12:00:56,123.83333333333333,28.649999999999995,21.279999999999998,105.90500000000002,173.275,0.0,36.05
2021-01-19 13:00:56,126.53333333333333,28.845,38.975,108.63999999999999,170.065,0.0,35.67
2021-01-19 14:00:56,112.73333333333332,33.89,27.585000000000004,104.635,161.64000000000001,0.0,40.23
2021-01-19 15:00:56,92.59666666666666,28.12,20.2,101.27500000000002,160.77499999999998,0.0,36.09
2021-01-19 16:00:56,79.72666666666666,22.125,19.34,100.30499999999999,158.89499999999998,0.0,33.8
2021-01-19 17:00:56,79.35000000000001,20.47,21.355000000000004,104.99,162.705,0.0,35.28
2021-01-19 18:00:56,75.17666666666666,22.875,19.465,100.97500000000001,151.405,0.0,36.93
2021-01-19 19:00:56,89.61333333333333,23.195000000000004,19.59,102.98,156.795,0.0,35.11
2021-01-19 20:00:56,115.69,28.584999999999997,16.549999999999997,113.52499999999999,203.55000000000004,0.0,35.53
2021-01-19 21:00:56,114.01333333333332,37.48,15.61,106.43,212.215,0.0,34.54
2021-01-19 22:00:56,115.33333333333333,40.67,16.43,101.82,214.41,0.0,36.33
2021-01-19 23:00:56,108.66333333333333,48.195,17.955,102.45,226.09,0.0,34.51
2021-01-20 00:00:56,95.69,41.065,15.875,102.38,233.255,0.0,35.29
2021-01-20 01:00:56,82.53333333333333,34.425,15.079999999999998,102.71,243.39499999999998,0.0,34.46
2021-01-20 02:00:56,77.99333333333334,30.325,14.06,98.815,244.5,0.0,35.6
2021-01-20 03:00:56,66.70666666666666,33.81,14.399999999999999,99.06,249.96,0.0,35.43
2021-01-20 04:00:56,67.06,28.905,14.550000000000002,102.53000000000002,258.655,0.0,34.96
2021-01-20 05:00:56,57.07666666666667,26.715,13.810000000000002,99.865,255.015,0.0,36.36
2021-01-20 06:00:56,56.74,19.3,13.18,100.125,261.04,0.0,34.63
2021-01-20 07:00:56,55.03,15.835,14.149999999999999,100.505,266.56,0.0,34.74
2021-01-20 08:00:56,52.11333333333333,13.195,13.625,111.31,290.16,0.0,35.21
2021-01-20 09:00:56,60.376666666666665,22.540000000000003,13.509999999999998,117.755,324.595,0.0,35.87
2021-01-20 10:00:56,102.64666666666666,32.95,18.29,117.255,335.635,0.0,34.02
2021-01-20 11:00:56,118.5,37.455,20.285,117.56,334.27500000000003,0.0,36.4
2021-01-20 12:00:56,150.45333333333332,47.79999999999999,26.560000000000002,124.71,341.41499999999996,0.0,33.95
2021-01-20 13:00:56,149.51333333333332,44.51500000000001,30.629999999999995,116.71,321.345,0.0,34.9
2021-01-20 14:00:56,114.8,36.68,27.060000000000002,110.425,308.19000000000005,0.0,34.84
2021-01-20 15:00:56,88.20666666666666,23.12,19.46,108.33,307.625,0.0,34.83
2021-01-20 16:00:56,71.83666666666667,14.875,14.425000000000002,105.77499999999999,311.015,0.0,35.08
2021-01-20 17:00:56,54.02,12.51,13.68,107.145,332.935,0.0,37.33
2021-01-20 18:00:56,47.60333333333333,7.580000000000001,14.505,118.945,378.62999999999994,0.0,35.05
2021-01-20 19:00:56,54.73666666666667,6.900000000000001,16.87,138.065,435.13500000000005,0.0,34.86
2021-01-20 20:00:56,72.55,15.995,20.83,138.85,448.82,0.0,35.28
2021-01-20 21:00:56,96.18,26.715,21.86,144.19,475.045,0.0,35.14
2021-01-20 22:00:56,103.55333333333333,28.355,21.215,128.115,450.39000000000004,0.0,34.09
2021-01-20 23:00:56,82.16,24.62,18.605,119.855,432.26500000000004,0.0,34.32
2021-01-21 00:00:56,55.416666666666664,23.39,16.834999999999997,118.045,420.785,0.0,34.33
2021-01-21 01:00:56,47.053333333333335,18.03,17.71,122.28500000000001,418.78,0.0,34.0
2021-01-21 02:00:56,41.01,13.915,17.735,127.145,417.955,0.0,34.0
2021-01-21 03:00:56,40.38333333333333,12.14,18.285,121.59999999999998,406.78,0.0,33.91
2021-01-21 04:00:56,41.096666666666664,14.449999999999998,17.355,116.92999999999999,392.89000000000004,0.0,33.86
2021-01-21 05:00:56,39.056666666666665,17.42,16.995,116.96999999999998,385.915,0.0,34.62
2021-01-21 06:00:56,40.61666666666667,14.125,15.775,128.355,391.7250000000001,0.0,34.15
2021-01-21 07:00:56,36.44,13.025,16.43,115.40500000000002,368.67,0.0,34.91
2021-01-21 08:00:56,40.35666666666667,11.255,17.595,125.205,371.64000000000004,0.0,35.05
2021-01-21 09:00:56,47.89666666666667,14.505,18.55,126.22499999999998,361.605,0.0,35.89
2021-01-21 10:00:56,63.723333333333336,15.445,26.22,126.28500000000001,353.705,0.0,34.97
2021-01-21 11:00:56,70.2,17.52,29.855,124.7,348.35999999999996,0.0,34.67
2021-01-21 12:00:56,77.09,14.975,19.765,119.33999999999999,334.72,0.0,33.96
2021-01-21 13:00:56,62.91,10.32,20.64,117.505,324.86999999999995,0.0,34.87
2021-01-21 14:00:56,52.196666666666665,8.875,18.265,118.835,334.43,0.0,35.2
2021-01-21 15:00:56,46.63666666666666,5.489999999999999,14.985,119.25999999999999,348.26,0.0,34.34
2021-01-21 16:00:56,39.81,5.419999999999999,14.5,121.555,362.08,0.0,35.03
2021-01-21 17:00:56,43.943333333333335,8.01,14.765,126.07000000000001,384.805,0.0,33.47
2021-01-21 18:00:56,49.13666666666666,10.455,17.405,138.205,416.51,0.0,34.92
2021-01-21 19:00:56,66.63666666666667,15.545,17.435,31.399999999999995,39.765,0.0,34.76
2021-01-21 20:00:56,89.98333333333333,26.38,17.675,33.155,45.48,0.0,34.74
2021-01-21 21:00:56,90.82333333333332,31.985,19.135,31.435000000000002,42.33,0.0,33.83
2021-01-21 22:00:56,97.72666666666666,33.565,20.81,31.600000000000005,51.185,0.0,34.47
2021-01-21 23:00:56,100.53666666666668,26.325,23.875,31.24,51.995000000000005,0.0,34.59
2021-01-22 00:00:56,88.50333333333333,17.09,27.450000000000003,32.625,47.09,0.0,34.64
2021-01-22 01:00:56,88.87,22.175,38.775,30.820000000000004,38.935,0.0,33.86
2021-01-22 02:00:56,77.05666666666667,27.45,22.674999999999997,28.61,40.28,0.0,34.22
2021-01-22 03:00:56,64.83333333333333,23.685,17.59,19.42,23.834999999999997,0.0,35.5
2021-01-22 04:00:56,71.15666666666667,30.600000000000005,15.635,14.770000000000001,18.205,0.0,33.67
2021-01-22 05:00:56,65.70666666666666,33.84,15.49,14.915,18.15,0.0,33.21
2021-01-22 06:00:56,54.086666666666666,23.985,15.675000000000002,11.745,14.775,0.0,32.91
2021-01-22 07:00:56,52.75333333333333,24.584999999999997,16.185,20.365,25.534999999999997,0.0,34.43
2021-01-22 08:00:56,57.07,27.415000000000003,15.969999999999999,21.275,34.115,0.0,34.08
2021-01-22 09:00:56,62.84,32.63,16.39,27.965000000000003,78.105,0.0,33.73
2021-01-22 10:00:56,88.19333333333333,38.295,23.49,21.64,49.6,0.0,34.05
2021-01-22 11:00:56,138.44,54.9,25.095,25.145,59.69,0.0,33.97
2021-01-22 12:00:56,145.65333333333334,44.67499999999999,33.085,14.954999999999998,22.86,0.0,34.28
2021-01-22 13:00:56,120.71666666666665,34.685,33.39,16.835,25.004999999999995,0.0,33.78
2021-01-22 14:00:56,102.47,28.695000000000004,20.3,12.035000000000002,17.52,0.0,33.42
2021-01-22 15:00:56,75.54333333333334,21.175,14.755,7.140000000000001,10.89,0.0,36.35
2021-01-22 16:00:56,63.35,16.385,13.18,7.505,11.314999999999998,0.0,33.85
2021-01-22 17:00:56,52.26,9.765,13.285000000000002,10.605,15.104999999999999,0.0,36.05
2021-01-22 18:00:56,54.980000000000004,10.25,14.035000000000002,14.035000000000002,17.86,0.0,33.66
2021-01-22 19:00:56,64.82666666666667,13.44,20.025,33.495,51.995000000000005,0.0,39.83
2021-01-22 20:00:56,70.17666666666666,17.135,44.370000000000005,46.79999999999999,89.91000000000001,0.0,35.41
2021-01-22 21:00:56,112.63666666666666,27.435,39.995,42.125,94.685,0.0,35.34
2021-01-22 22:00:56,128.36,36.52,33.68,39.4,75.92,0.0,35.07
2021-01-22 23:00:56,143.36,58.025,24.879999999999995,38.435,94.41000000000001,0.0,32.25
2021-01-23 00:00:56,160.86666666666667,92.765,18.12,31.975000000000005,65.85,0.0,34.63
2021-01-23 01:00:56,179.91333333333333,111.28500000000001,14.780000000000001,29.879999999999995,49.31,0.0,36.57
2021-01-23 02:00:56,160.68,102.84999999999998,18.97,26.17,35.935,0.0,35.62
2021-01-23 03:00:56,137.71,93.28000000000002,18.400000000000002,27.189999999999998,39.48,0.0,33.97
2021-01-23 04:00:56,125.24333333333334,80.02,19.275,24.475000000000005,44.06999999999999,0.0,34.81
2021-01-23 05:00:56,106.61666666666667,64.245,17.83,23.149999999999995,33.6,0.0,34.75
2021-01-23 06:00:56,103.42,52.74,17.02,23.89,34.95,0.0,34.47
2021-01-23 07:00:56,88.67333333333333,43.72,16.59,25.935000000000002,38.045,0.0,34.32
2021-01-23 08:00:56,77.78,40.955,15.625,19.69,25.2,0.0,34.75
2021-01-23 09:00:56,75.17,42.515,16.385,24.209999999999997,55.31999999999999,0.0,34.55
2021-01-23 10:00:56,78.77333333333334,49.20000000000001,23.045,18.84,36.545,0.0,34.63
2021-01-23 11:00:56,108.69333333333333,60.345,26.299999999999997,24.635,55.620000000000005,0.0,33.97
2021-01-23 12:00:56,139.54666666666668,66.22,30.33,21.340000000000003,33.04,0.0,34.3
2021-01-23 13:00:56,126.18333333333334,53.84,28.28,17.215,24.735,0.0,34.02
2021-01-23 14:00:56,97.62,36.56,27.629999999999995,19.82,26.429999999999996,0.0,33.57
2021-01-23 15:00:56,87.64333333333333,27.81,22.285,13.689999999999998,18.17,0.0,35.58
2021-01-23 16:00:56,79.03,22.929999999999996,23.88,12.775,16.78,0.0,35.53
2021-01-23 17:00:56,71.06333333333333,17.925,21.125,12.805,16.5,0.0,33.15
2021-01-23 18:00:56,64.61666666666667,15.095,18.595,18.845,24.304999999999996,0.0,32.51
2021-01-23 19:00:56,67.05333333333333,19.08,19.31,33.67,45.79999999999999,0.0,32.11
2021-01-23 20:00:56,110.27666666666667,33.975,22.215000000000003,40.015,52.035,0.0,33.35
2021-01-23 21:00:56,132.49333333333334,55.43,18.37,29.345,39.645,0.0,41.15
2021-01-23 22:00:56,130.92333333333332,62.63,20.48,35.265,64.35,0.0,35.68
2021-01-23 23:00:56,136.32333333333332,67.115,22.605,27.965000000000003,42.75999999999999,0.0,36.39
2021-01-24 00:00:56,124.69,82.275,18.25,27.735,46.4,0.0,36.45
2021-01-24 01:00:56,146.06333333333333,112.505,17.535,23.495000000000005,30.340000000000003,0.0,32.66
2021-01-24 02:00:56,146.49333333333334,109.86,15.645000000000001,21.659999999999997,28.695000000000004,0.0,33.38
2021-01-24 03:00:56,128.00333333333333,89.865,15.160000000000002,24.155,32.22,0.0,34.86
2021-01-24 04:00:56,118.66,86.205,15.055,21.534999999999997,25.945000000000004,0.0,34.85
2021-01-24 05:00:56,103.08666666666667,77.91,16.22,23.015,30.409999999999997,0.0,35.99
2021-01-24 06:00:56,96.82,61.47,15.025,18.5,22.885,0.0,32.39
2021-01-24 07:00:56,88.35333333333332,52.830000000000005,15.29,23.61,29.92,0.0,36.84
2021-01-24 08:00:56,79.33333333333333,53.95000000000001,15.020000000000001,20.47,25.455,0.0,35.53
2021-01-24 09:00:56,73.87333333333333,47.82500000000001,15.134999999999998,19.09,32.3,0.0,34.5
2021-01-24 10:00:56,75.80666666666667,45.345,22.055000000000003,24.290000000000003,40.415,0.0,34.51
2021-01-24 11:00:56,73.7,43.79999999999999,29.62,23.295,43.56,0.0,35.19
2021-01-24 12:00:56,94.41,45.75,28.515,16.86,27.060000000000002,0.0,34.41
2021-01-24 13:00:56,85.60666666666667,43.88,21.2,7.25,11.21,0.0,34.2
2021-01-24 14:00:56,55.06666666666666,30.19,20.495,7.460000000000001,11.079999999999998,0.0,34.55
2021-01-24 15:00:56,50.54333333333334,20.985,21.175,8.82,12.765,0.0,34.29
2021-01-24 16:00:56,51.22666666666667,15.88,19.805,6.495,9.72,0.0,33.51
2021-01-24 17:00:56,45.730000000000004,9.645,20.425,11.62,15.050000000000002,0.0,32.12
2021-01-24 18:00:56,55.13666666666667,8.71,21.345,27.885,39.36,0.0,34.05
2021-01-24 19:00:56,84.88,15.725,17.63,32.015,42.085,0.0,33.73
2021-01-24 20:00:56,106.26666666666665,35.39,23.47,34.365,47.355,0.0,34.04
2021-01-24 21:00:56,147.34333333333333,48.285,34.06,34.97,47.72,0.0,33.27
2021-01-24 22:00:56,120.39,44.26,44.405,37.245,66.43,0.0,35.57
2021-01-24 23:00:56,125.54666666666668,46.330000000000005,27.165000000000003,29.379999999999995,65.6,0.0,40.32
2021-01-25 00:00:56,130.89333333333335,54.66,22.584999999999997,28.745000000000005,41.98,0.0,39.57
2021-01-25 01:00:56,139.05666666666667,73.515,24.185000000000002,35.585,75.145,0.0,37.93
2021-01-25 02:00:56,109.53666666666668,51.945,31.224999999999998,37.575,80.47,0.0,33.73
2021-01-25 03:00:56,107.06333333333333,41.545,28.595,33.73,69.745,0.0,36.09
2021-01-25 04:00:56,114.52333333333333,42.455,36.75,34.27,54.625,0.0,34.43
2021-01-25 05:00:56,103.58333333333333,41.605,24.334999999999997,26.189999999999998,39.485,0.0,33.58
2021-01-25 06:00:56,75.83,26.245,25.950000000000003,35.895,71.485,0.0,35.0
2021-01-25 07:00:56,71.41,17.175,25.735,31.685000000000002,59.01500000000001,0.0,33.38
2021-01-25 08:00:56,67.79666666666667,13.71,21.080000000000002,29.495000000000005,69.68,0.0,35.19
2021-01-25 09:00:56,84.72666666666667,17.395,23.25,25.855,77.275,0.0,38.09
2021-01-25 10:00:56,89.34,23.14,28.72,25.365,65.095,0.0,34.42
2021-01-25 11:00:56,109.09,27.185,26.099999999999998,28.83,68.0,0.0,39.86
2021-01-25 12:00:56,117.74,26.89,25.150000000000002,31.01,71.2,0.0,41.12
2021-01-25 13:00:56,104.43,21.985,33.005,29.205,46.905,0.0,36.03
2021-01-25 14:00:56,130.87,23.415000000000003,27.650000000000002,27.77,38.765,0.0,36.12
2021-01-25 15:00:56,107.14,16.49,19.115,15.415,20.88,0.0,40.27
2021-01-25 16:00:56,83.56333333333333,14.13,15.29,31.459999999999997,41.605,0.0,53.68
2021-01-25 17:00:56,71.78333333333333,11.050000000000002,20.72,35.405,46.32,0.0,47.4
2021-01-25 18:00:56,70.06666666666666,8.695,15.530000000000001,38.745000000000005,48.635,0.0,46.87
2021-01-25 19:00:56,68.20333333333333,9.545,13.875,31.820000000000004,40.02,0.0,47.36
2021-01-25 20:00:56,63.93333333333334,5.38,14.665,26.235,34.085,0.0,50.51
2021-01-25 21:00:56,48.61,5.69,15.265,27.385,34.879999999999995,0.0,48.44
2021-01-25 22:00:56,38.21666666666667,7.955000000000001,16.48,26.95,34.51,0.0,48.73
2021-01-25 23:00:56,30.44,7.07,15.885,21.51,27.905,0.0,52.65
2021-01-26 00:00:56,27.290000000000003,6.05,15.32,20.91,27.149999999999995,0.0,50.8
2021-01-26 01:00:56,24.939999999999998,9.075,14.729999999999999,26.685,34.305,0.0,49.16
2021-01-26 02:00:56,23.18,9.345,13.979999999999999,24.235,32.93,0.0,50.11
2021-01-26 03:00:56,24.436666666666667,10.22,13.835,23.570000000000004,32.435,0.0,46.43
2021-01-26 04:00:56,27.58666666666667,8.27,14.255,29.715000000000003,42.425000000000004,0.0,41.88
2021-01-26 05:00:56,21.206666666666667,6.885000000000001,13.685,38.715,57.025,0.0,40.79
2021-01-26 06:00:56,18.15,10.155,13.915,47.145,70.38499999999999,0.0,37.98
2021-01-26 07:00:56,17.796666666666667,11.300000000000002,14.495,55.205000000000005,86.375,0.0,36.69
2021-01-26 08:00:56,22.176666666666666,6.645,13.409999999999998,66.51,144.23499999999999,0.0,35.53
2021-01-26 09:00:56,23.67,8.015,13.729999999999999,71.155,176.545,0.0,36.95
2021-01-26 10:00:56,40.60333333333333,16.17,17.39,44.905,63.66,0.0,40.16
2021-01-26 11:00:56,37.63333333333333,13.99,19.099999999999998,54.105,88.455,0.0,39.81
2021-01-26 12:00:56,38.92333333333333,8.45,17.715,44.10999999999999,57.044999999999995,0.0,40.71
2021-01-26 13:00:56,34.163333333333334,4.84,15.64,39.625,52.794999999999995,0.0,41.15
2021-01-26 14:00:56,34.4,3.2099999999999995,14.729999999999999,87.855,192.885,0.0,33.86
2021-01-26 15:00:56,36.153333333333336,3.31,15.344999999999999,76.115,131.04,0.0,37.4
2021-01-26 16:00:56,37.016666666666666,4.405,16.155,114.52500000000002,171.62,0.0,38.29
2021-01-26 17:00:56,39.53666666666667,3.475,16.935000000000002,54.61000000000001,77.175,0.0,40.05
2021-01-26 18:00:56,37.77,4.37,16.66,58.21,89.13999999999999,0.0,38.8
2021-01-26 19:00:56,35.24666666666667,3.375,15.579999999999998,99.575,124.745,0.0,39.36
2021-01-26 20:00:56,35.343333333333334,3.33,14.920000000000002,110.72500000000001,147.04,0.0,38.29
2021-01-26 21:00:56,34.29666666666667,4.11,14.810000000000002,43.004999999999995,65.445,0.0,42.48
2021-01-26 22:00:56,31.906666666666666,6.31,15.535000000000002,43.655,63.120000000000005,0.0,39.88
2021-01-26 23:00:56,25.806666666666665,3.655,14.780000000000001,51.22,78.895,0.0,37.51
2021-01-27 00:00:56,25.106666666666666,3.31,14.530000000000001,27.13,35.2,0.0,45.09
2021-01-27 01:00:56,21.04,5.315,14.450000000000001,28.284999999999997,35.255,0.0,44.22
2021-01-27 02:00:56,17.03333333333333,4.84,13.324999999999998,31.265,38.169999999999995,0.0,46.94
2021-01-27 03:00:56,16.346666666666668,4.09,15.465000000000002,36.845,45.419999999999995,0.0,44.89
2021-01-27 04:00:56,17.3,5.38,14.670000000000002,34.785000000000004,42.035000000000004,0.0,44.73
2021-01-27 05:00:56,18.026666666666667,5.415,14.700000000000001,27.98,33.294999999999995,0.0,47.0
2021-01-27 06:00:56,18.796666666666667,4.03,13.62,29.620000000000005,36.620000000000005,0.0,45.71
2021-01-27 07:00:56,16.76,4.145,12.910000000000002,31.455,39.955000000000005,0.0,44.05
2021-01-27 08:00:56,20.506666666666668,3.52,12.875,38.72,47.93,0.0,40.63
2021-01-27 09:00:56,27.933333333333334,6.614999999999999,14.204999999999998,62.77,100.39999999999999,0.0,37.13
2021-01-27 10:00:56,54.06,10.31,14.920000000000002,53.35999999999999,86.265,0.0,38.2
2021-01-27 11:00:56,58.876666666666665,8.705,14.549999999999999,52.645,71.11500000000001,0.0,40.84
2021-01-27 12:00:56,48.233333333333334,8.1,14.745,119.935,160.765,0.0,36.6
2021-01-27 13:00:56,43.29666666666667,11.160000000000002,14.189999999999998,58.215,83.555,0.0,37.79
2021-01-27 14:00:56,37.64,7.330000000000001,18.955,55.565,76.48,0.0,37.41
2021-01-27 15:00:56,41.92,5.28,14.780000000000001,65.245,98.25,0.0,38.97
2021-01-27 16:00:56,45.336666666666666,4.775,15.415000000000001,59.52,87.245,0.0,38.4
2021-01-27 17:00:56,40.12,3.055,15.530000000000001,51.48,68.065,0.0,38.27
2021-01-27 18:00:56,51.6,6.64,14.969999999999999,53.695,80.985,0.0,41.81
2021-01-27 19:00:56,59.88333333333333,17.32,13.61,67.83,104.315,0.0,41.37
2021-01-27 20:00:56,60.17,17.645,12.87,48.555,72.735,0.0,40.67
2021-01-27 21:00:56,51.25,14.0,13.674999999999999,44.615,60.370000000000005,0.0,34.26
2021-01-27 22:00:56,47.97666666666667,13.714999999999998,14.295,46.445,64.895,0.0,43.25
2021-01-27 23:00:56,54.97666666666667,9.975,12.604999999999999,69.57000000000001,101.63999999999999,0.0,36.83
2021-01-28 00:00:56,55.79666666666667,11.324999999999998,12.225000000000001,46.91,65.105,0.0,40.99
2021-01-28 01:00:56,55.39333333333333,9.595,11.910000000000002,36.455000000000005,51.91,0.0,43.07
2021-01-28 02:00:56,50.12,10.665,12.32,21.595,30.11,0.0,41.03
2021-01-28 03:00:56,34.733333333333334,7.555,12.62,22.084999999999997,31.05,0.0,44.48
2021-01-28 04:00:56,37.95,6.875,12.219999999999999,16.21,23.375,0.0,44.34
2021-01-28 05:00:56,27.39,4.94,11.885,18.465,25.540000000000003,0.0,43.87
2021-01-28 06:00:56,18.973333333333333,4.965,12.5,19.0,26.575,0.0,42.93
2021-01-28 07:00:56,16.75,4.905,12.67,17.705,24.850000000000005,0.0,43.7
2021-01-28 08:00:56,16.553333333333335,7.285,13.799999999999999,30.77,39.985,0.0,41.7
2021-01-28 09:00:56,24.35,6.675,14.135,29.88,38.475,0.0,43.44
2021-01-28 10:00:56,21.77,7.135000000000001,18.66,32.175,40.915,0.0,41.85
2021-01-28 11:00:56,24.223333333333333,6.675,14.714999999999998,21.22,29.650000000000002,0.0,45.36
2021-01-28 12:00:56,24.266666666666666,6.005,14.969999999999999,21.59,29.774999999999995,0.0,45.12
2021-01-28 13:00:56,20.076666666666664,7.72,13.4,19.905,27.14,0.0,44.66
2021-01-28 14:00:56,22.85,5.935,16.334999999999997,19.224999999999998,27.385,0.0,43.09
2021-01-28 15:00:56,27.106666666666666,4.085,14.56,21.515,30.349999999999998,0.0,42.58
2021-01-28 16:00:56,23.71666666666667,2.52,15.910000000000002,20.349999999999998,27.945000000000004,0.0,42.56
2021-01-28 17:00:56,25.856666666666666,2.415,16.715,30.94,39.18,0.0,41.75
2021-01-28 18:00:56,25.59,3.1300000000000003,16.645,42.400000000000006,51.335,0.0,38.82
2021-01-28 19:00:56,27.633333333333333,3.4,14.515,39.355,49.95000000000001,0.0,37.9
2021-01-28 20:00:56,36.413333333333334,9.57,19.93,60.225,87.57,0.0,35.82
2021-01-28 21:00:56,48.44,17.615,22.215000000000003,60.415,99.13,0.0,37.17
2021-01-28 22:00:56,59.49333333333334,19.31,18.33,40.824999999999996,51.379999999999995,0.0,40.71
2021-01-28 23:00:56,58.3,15.800000000000002,23.01,35.625,43.96,0.0,39.19
2021-01-29 00:00:56,59.31333333333333,9.98,20.06,31.88,40.22,0.0,40.03
2021-01-29 01:00:56,53.14666666666667,9.415,23.814999999999998,36.685,45.305,0.0,40.39
2021-01-29 02:00:56,47.78666666666667,9.43,18.62,40.335,50.75,0.0,40.85
2021-01-29 03:00:56,50.60666666666667,14.0,17.04,44.175000000000004,55.685,0.0,38.99
2021-01-29 04:00:56,45.55,25.495,19.9,38.26,49.16,0.0,42.7
2021-01-29 05:00:56,36.92,14.475,17.64,28.315,38.78,0.0,41.85
2021-01-29 06:00:56,44.88333333333333,12.589999999999998,15.094999999999999,41.955000000000005,57.255,0.0,38.62
2021-01-29 07:00:56,40.903333333333336,11.910000000000002,14.214999999999998,37.57,55.94499999999999,0.0,37.75
2021-01-29 08:00:56,39.84,12.229999999999999,14.115,40.449999999999996,75.19999999999999,0.0,36.03
2021-01-29 09:00:56,44.21333333333333,14.625,15.954999999999998,54.775000000000006,144.84,0.0,35.75
2021-01-29 10:00:56,60.07666666666667,14.324999999999998,22.415000000000003,52.365,118.47500000000001,0.0,36.77
2021-01-29 11:00:56,65.83333333333333,16.425,22.084999999999997,38.645,56.85999999999999,0.0,38.5
2021-01-29 12:00:56,67.02,17.11,19.355,31.435000000000002,44.93,0.0,40.72
2021-01-29 13:00:56,53.776666666666664,13.025,13.945,23.77,33.175000000000004,0.0,41.07
2021-01-29 14:00:56,36.24,10.04,13.225000000000001,28.375,39.75,0.0,41.97
2021-01-29 15:00:56,32.15,6.2,13.215000000000002,32.99,45.379999999999995,0.0,41.61
2021-01-29 16:00:56,26.11,5.785,13.82,35.355,48.875,0.0,42.37
2021-01-29 17:00:56,23.56,3.53,13.275,33.955,46.82,0.0,39.25
2021-01-29 18:00:56,24.526666666666664,3.775,13.25,36.33,47.77,0.0,32.84
2021-01-29 19:00:56,37.096666666666664,7.945,14.594999999999999,67.51,103.42,0.0,33.65
2021-01-29 20:00:56,59.14333333333333,15.1,15.670000000000002,76.5,127.29,0.0,40.78
2021-01-29 21:00:56,75.95,24.334999999999997,18.835,73.10000000000001,130.77,0.0,38.82
2021-01-29 22:00:56,96.55666666666666,31.725000000000005,17.36,55.655,80.405,0.0,37.84
2021-01-29 23:00:56,89.98666666666668,32.645,16.025000000000002,34.155,42.52,0.0,41.46
2021-01-30 00:00:56,69.48,26.825,25.355,30.525000000000002,38.795,0.0,42.05
2021-01-30 01:00:56,46.74666666666667,22.81,30.465000000000003,27.485,34.77,0.0,43.52
2021-01-30 02:00:56,41.17,14.089999999999998,16.445,21.24,28.12,0.0,42.98
2021-01-30 03:00:56,32.78,11.985,17.38,18.48,24.895,0.0,43.68
2021-01-30 04:00:56,29.34,14.21,15.88,17.315,23.950000000000003,0.0,42.35
2021-01-30 05:00:56,24.126666666666665,8.965,15.034999999999998,15.01,21.804999999999996,0.0,42.77
2021-01-30 06:00:56,23.73,9.88,15.17,16.5,23.165000000000003,0.0,42.03
2021-01-30 07:00:56,21.173333333333332,12.125,14.715000000000002,20.21,27.555000000000003,0.0,41.48
2021-01-30 08:00:56,19.03,6.900000000000001,14.29,42.72,57.35999999999999,0.0,38.0
2021-01-30 09:00:56,26.596666666666668,4.295,14.735,33.9,43.935,0.0,42.15
2021-01-30 10:00:56,26.86333333333333,3.435,18.49,44.65,63.4,0.0,40.5
2021-01-30 11:00:56,37.92,4.405,16.165,25.37,34.36,0.0,41.63
2021-01-30 12:00:56,30.88,7.919999999999999,13.985,21.095,29.525000000000002,0.0,42.47
2021-01-30 13:00:56,24.366666666666667,7.665,13.829999999999998,21.705,31.189999999999998,0.0,43.12
2021-01-30 14:00:56,20.113333333333333,4.675,14.714999999999998,22.53,30.695000000000004,0.0,43.08
2021-01-30 15:00:56,21.790000000000003,3.23,15.775,28.515,37.214999999999996,0.0,44.63
2021-01-30 16:00:56,12.700000000000001,2.02,14.61,39.49,51.17499999999999,0.0,33.69
2021-01-30 17:00:56,13.886666666666667,2.015,15.229999999999999,28.52,37.31,0.0,44.05
2021-01-30 18:00:56,20.046666666666667,2.99,15.755,35.315,43.615,0.0,42.51
2021-01-30 19:00:56,35.6,4.235,15.71,31.524999999999995,41.11000000000001,0.0,42.42
2021-01-30 20:00:56,33.83,6.364999999999999,16.235,26.56,34.06,0.0,42.74
2021-01-30 21:00:56,25.023333333333333,7.54,15.800000000000002,22.054999999999996,28.645,0.0,44.88
2021-01-30 22:00:56,24.843333333333334,4.365,16.05,25.925,32.14,0.0,44.28
2021-01-30 23:00:56,20.153333333333332,2.885,14.214999999999998,27.69,34.47,0.0,36.6
2021-01-31 00:00:56,20.126666666666665,3.375,14.469999999999999,24.78,32.33,0.0,40.38
2021-01-31 01:00:56,20.013333333333332,4.665,14.594999999999999,20.215,26.465000000000003,0.0,46.85
2021-01-31 02:00:56,11.616666666666667,4.08,13.485,28.22,36.865,0.0,43.72
2021-01-31 03:00:56,21.11,8.27,13.65,32.580000000000005,43.81,0.0,40.59
2021-01-31 04:00:56,21.0,12.025,13.329999999999998,29.655,40.5,0.0,42.92
2021-01-31 05:00:56,14.95,8.295,13.405000000000001,28.334999999999997,36.85,0.0,44.19
2021-01-31 06:00:56,13.81,5.045,13.235,33.735,42.85,0.0,42.33
2021-01-31 07:00:56,17.136666666666667,5.525000000000001,12.89,28.655,37.685,0.0,40.69
2021-01-31 08:00:56,19.946666666666665,7.849999999999999,13.060000000000002,41.03,56.085,0.0,38.4
2021-01-31 09:00:56,24.44666666666667,6.330000000000001,13.135,30.14,39.330000000000005,0.0,41.44
2021-01-31 10:00:56,27.75,4.955,14.0,32.550000000000004,43.01500000000001,0.0,44.98
2021-01-31 11:00:56,19.913333333333334,6.855,17.395,25.025000000000002,32.665,0.0,43.38
2021-01-31 12:00:56,18.786666666666665,7.195,17.145,24.035,31.935000000000002,0.0,43.04
2021-01-31 13:00:56,10.63,5.28,16.75,24.66,33.025,0.0,43.66
2021-01-31 14:00:56,14.376666666666665,5.84,15.030000000000001,26.98,36.12,0.0,42.13
2021-01-31 15:00:56,13.156666666666666,7.065,13.9,33.27,45.17499999999999,0.0,47.68
2021-01-31 16:00:56,18.816666666666666,9.895,15.815,34.315,46.714999999999996,0.0,40.51
2021-01-31 17:00:56,21.35333333333333,8.29,13.350000000000001,32.24,41.425000000000004,0.0,38.07
2021-01-31 18:00:56,22.28666666666667,12.975,14.344999999999999,30.39,38.53,0.0,39.43
2021-01-31 19:00:56,21.64666666666667,12.495,15.995,39.6,50.315,0.0,37.02
2021-01-31 20:00:56,36.31,11.93,14.025,57.48,89.33,0.0,35.29
2021-01-31 21:00:56,46.41,13.79,19.365,67.125,123.84499999999998,0.0,36.21
2021-01-31 22:00:56,59.96333333333334,21.8,17.98,58.870000000000005,109.26499999999999,0.0,35.76
2021-01-31 23:00:56,58.879999999999995,22.304999999999996,15.96,60.04,119.575,0.0,37.12
2021-02-01 00:00:56,66.39333333333333,28.485,16.26,55.405,97.085,0.0,38.77
2021-02-01 01:00:56,57.56666666666666,25.545,16.215,49.99,88.875,0.0,43.38
2021-02-01 02:00:56,74.90333333333334,24.51,16.095,47.29,88.89,0.0,40.24
2021-02-01 03:00:56,78.20666666666666,27.429999999999996,15.454999999999998,44.935,90.52,0.0,38.5
2021-02-01 04:00:56,74.53666666666666,31.45,15.235,45.635,89.335,0.0,36.26
2021-02-01 05:00:56,59.71,24.52,14.495,45.815,86.05499999999999,0.0,37.58
2021-02-01 06:00:56,52.57,27.645,14.025,49.080000000000005,111.21499999999999,0.0,36.48
2021-02-01 07:00:56,50.016666666666666,28.22,13.959999999999999,46.544999999999995,101.165,0.0,36.17
2021-02-01 08:00:56,51.92666666666667,25.035,14.49,62.595,211.44500000000002,0.0,36.48
2021-02-01 09:00:56,62.153333333333336,26.965,14.780000000000001,68.1,287.82,0.0,37.03
2021-02-01 10:00:56,76.81333333333333,29.73,25.900000000000002,83.645,295.28,0.0,36.3
2021-02-01 11:00:56,97.66333333333334,26.465,31.564999999999998,78.64999999999999,207.205,0.0,36.75
2021-02-01 12:00:56,118.31666666666666,29.815,25.76,81.39,160.67999999999998,0.0,36.44
2021-02-01 13:00:56,127.64666666666666,35.155,23.03,65.185,96.64999999999999,0.0,39.43
2021-02-01 14:00:56,93.78333333333333,23.149999999999995,16.75,48.254999999999995,66.38,0.0,39.08
2021-02-01 15:00:56,61.30666666666667,12.725,14.270000000000001,49.905,68.77499999999999,0.0,40.7
2021-02-01 16:00:56,40.32333333333333,6.81,13.82,57.64000000000001,75.005,0.0,43.13
2021-02-01 17:00:56,40.02333333333333,3.61,13.479999999999999,49.435,66.89999999999999,0.0,41.65
2021-02-01 18:00:56,35.013333333333335,3.1,14.465000000000002,53.0,70.24000000000001,0.0,39.2
2021-02-01 19:00:56,34.17333333333333,4.555,16.01,53.1,67.575,0.0,0.0
2021-02-01 20:00:56,34.599999999999994,5.525000000000001,12.88,57.78,77.14,0.0,0.0
2021-02-01 21:00:56,31.873333333333335,11.57,11.79,46.335,54.835,0.0,0.0
2021-02-01 22:00:56,40.78666666666667,12.065,9.8,38.25,46.419999999999995,0.0,45.79
2021-02-01 23:00:56,29.706666666666667,8.175,9.12,31.439999999999998,36.52,0.0,44.35
2021-02-02 00:00:56,22.696666666666665,8.76,9.635,36.255,42.89000000000001,0.0,43.56
2021-02-02 01:00:56,27.55666666666667,6.77,8.465,47.169999999999995,61.580000000000005,0.0,39.16
2021-02-02 02:00:56,35.20333333333333,12.89,8.205,52.75,73.72500000000001,0.0,35.1
2021-02-02 03:00:56,40.31333333333333,19.055,8.04,60.915,82.715,0.0,31.76
2021-02-02 04:00:56,37.973333333333336,19.975,9.08,54.20000000000001,68.97500000000001,0.0,33.72
2021-02-02 05:00:56,37.73,18.155,8.47,50.89000000000001,67.25,0.0,34.11
2021-02-02 06:00:56,36.02333333333333,17.145,8.93,55.125,88.875,0.0,39.28
2021-02-02 07:00:56,32.906666666666666,18.115,10.05,63.675000000000004,108.78500000000001,0.0,37.03
2021-02-02 08:00:56,41.553333333333335,22.895,9.63,65.59,141.815,0.0,35.42
2021-02-02 09:00:56,47.74666666666667,23.23,10.615,66.78,197.725,0.0,31.2
2021-02-02 10:00:56,68.92666666666666,26.575,17.99,78.43,186.6,0.0,35.62
2021-02-02 11:00:56,117.37,35.21,21.319999999999997,77.63,176.60000000000002,0.0,38.79
2021-02-02 12:00:56,100.41333333333333,34.485,23.155,63.23499999999999,91.51499999999999,0.0,31.87
2021-02-02 13:00:56,70.84,25.105,17.015,54.76500000000001,75.195,0.0,33.4
2021-02-02 14:00:56,56.54333333333334,17.83,15.564999999999998,41.275,53.635,0.0,39.05
2021-02-02 15:00:56,36.123333333333335,9.03,14.26,50.19,67.21,0.0,0.0
2021-02-02 16:00:56,28.296666666666667,5.215,14.214999999999998,51.285,67.53,0.0,0.0
2021-02-02 17:00:56,32.083333333333336,3.5050000000000003,14.450000000000001,63.589999999999996,86.89500000000002,0.0,0.0
2021-02-02 18:00:56,56.16333333333333,2.8800000000000003,15.829999999999998,96.78500000000001,267.015,0.0,34.39
2021-02-02 19:00:56,114.68333333333334,9.74,26.235,107.78500000000001,321.21,0.0,33.55
2021-02-02 20:00:56,142.4,30.695000000000004,31.914999999999996,100.10000000000001,282.425,0.0,37.39
2021-02-02 21:00:56,173.31333333333333,46.17499999999999,19.455,90.185,254.285,0.0,35.21
2021-02-02 22:00:56,174.56333333333333,63.73499999999999,16.67,83.02,239.745,0.0,35.94
2021-02-02 23:00:56,184.43666666666667,80.665,17.255,80.88,199.89,0.0,36.04
2021-02-03 00:00:56,158.95333333333332,81.555,21.04,80.21499999999999,206.025,0.0,36.33
2021-02-03 01:00:56,152.74666666666667,78.705,19.115,72.61,166.93,0.0,33.51
2021-02-03 02:00:56,126.66666666666667,67.69,15.950000000000001,68.76,159.755,0.0,36.41
2021-02-03 03:00:56,117.1,69.89,15.56,65.895,144.445,0.0,38.25
2021-02-03 04:00:56,103.36666666666666,69.405,14.755,60.04,134.36,0.0,34.85
2021-02-03 05:00:56,89.70333333333333,67.435,17.11,61.44,120.36500000000001,0.0,35.19
2021-02-03 06:00:56,80.33333333333334,51.755,17.07,57.68,139.39999999999998,0.0,35.17
2021-02-03 07:00:56,75.74000000000001,43.225,15.979999999999999,59.800000000000004,136.33,0.0,33.04
2021-02-03 08:00:56,77.97333333333333,39.94,15.780000000000001,68.22,240.985,0.0,34.36
2021-02-03 09:00:56,86.53999999999999,41.7,16.555,65.735,239.405,0.0,35.4
2021-02-03 10:00:56,119.97,49.315,22.76,70.83,213.09,0.0,36.81
2021-02-03 11:00:56,141.71,59.505,23.98,77.77,153.765,0.0,33.8
2021-02-03 12:00:56,160.42666666666665,61.64000000000001,30.255,81.545,131.07000000000002,0.0,36.05
2021-02-03 13:00:56,148.92333333333335,49.955000000000005,24.060000000000002,64.63,102.06,0.0,35.52
2021-02-03 14:00:56,98.11666666666667,33.68,21.215,56.14000000000001,80.28000000000002,0.0,41.59
2021-02-03 15:00:56,70.57666666666667,19.06,16.19,50.275,71.25,0.0,35.1
2021-02-03 16:00:56,51.17666666666667,10.265,16.045,55.915,75.13,0.0,38.5
2021-02-03 17:00:56,43.126666666666665,5.425,17.66,60.89000000000001,79.795,0.0,37.2
2021-02-03 18:00:56,48.54666666666667,3.465,15.63,63.089999999999996,82.0,0.0,36.78
2021-02-03 19:00:56,59.263333333333335,6.794999999999999,25.75,96.38499999999999,222.14499999999998,0.0,34.79
2021-02-03 20:00:56,101.6,18.42,35.879999999999995,98.56,234.24,0.0,35.53
2021-02-03 21:00:56,134.32333333333332,30.45,31.224999999999998,91.995,251.26,0.0,34.96
2021-02-03 22:00:56,149.79,44.225,21.155,84.44,230.93499999999997,0.0,34.72
2021-02-03 23:00:56,159.71666666666667,52.67499999999999,18.55,77.82,175.21,0.0,35.16
2021-02-04 00:00:56,138.96666666666667,53.205000000000005,16.85,73.72500000000001,166.18,0.0,37.97
2021-02-04 01:00:56,126.31333333333333,50.19,14.844999999999999,69.415,168.77,0.0,38.88
2021-02-04 02:00:56,122.54333333333334,66.655,14.589999999999998,68.66499999999999,144.62,0.0,33.85
2021-02-04 03:00:56,114.23,64.64,14.64,62.74,127.89999999999999,0.0,36.47
2021-02-04 04:00:56,96.51666666666665,46.56,13.935000000000002,60.70000000000001,117.33,0.0,35.29
2021-02-04 05:00:56,83.43666666666667,39.425,14.04,59.405,116.32000000000001,0.0,34.24
2021-02-04 06:00:56,69.83,35.66,14.62,58.695,117.52,0.0,35.26
2021-02-04 07:00:56,70.93333333333334,30.25,14.76,59.425000000000004,130.63,0.0,35.8
2021-02-04 08:00:56,77.13666666666667,27.62,14.88,60.85999999999999,164.385,0.0,33.6
2021-02-04 09:00:56,80.73666666666666,29.8,16.05,62.23,235.46,0.0,34.15
2021-02-04 10:00:56,106.53999999999999,42.31,25.895,71.595,204.39,0.0,33.43
2021-02-04 11:00:56,116.96333333333332,47.31,26.090000000000003,77.03,148.93,0.0,37.47
2021-02-04 12:00:56,168.85666666666665,52.6,26.605,62.5,98.955,0.0,41.01
2021-02-04 13:00:56,132.34333333333333,45.275,19.3,50.419999999999995,71.255,0.0,37.14
2021-02-04 14:00:56,94.21666666666667,28.485,20.405,52.64000000000001,73.56,0.0,40.04
2021-02-04 15:00:56,69.84,16.845,19.305,66.14,93.36,0.0,37.95
2021-02-04 16:00:56,62.903333333333336,10.02,16.27,71.18,98.72500000000001,0.0,37.91
2021-02-04 17:00:56,62.95666666666666,9.15,15.615,66.605,90.32,0.0,40.74
2021-02-04 18:00:56,61.31666666666666,10.949999999999998,16.245,74.21,97.96,0.0,38.21
2021-02-04 19:00:56,61.333333333333336,9.25,19.08,97.75,207.475,0.0,34.57
2021-02-04 20:00:56,97.93333333333334,18.96,26.939999999999998,88.66000000000001,253.05999999999997,0.0,33.49
2021-02-04 21:00:56,129.93333333333334,31.245,36.15,80.305,232.76,0.0,33.63
2021-02-04 22:00:56,151.64333333333335,37.765,25.38,68.42,151.95,0.0,34.07
2021-02-04 23:00:56,136.63666666666666,34.52,19.345,51.97,107.23500000000001,0.0,37.17
2021-02-05 00:00:56,111.98,24.304999999999996,16.42,59.22,111.085,0.0,34.74
2021-02-05 01:00:56,92.01333333333334,17.595,20.025,59.09,91.05,0.0,35.31
2021-02-05 02:00:56,79.96000000000001,20.41,17.275000000000002,51.455000000000005,88.185,0.0,34.06
2021-02-05 03:00:56,74.34333333333333,20.445,16.84,55.18,77.29,0.0,33.75
2021-02-05 04:00:56,69.13333333333334,19.97,20.09,40.225,49.945,0.0,38.8
2021-02-05 05:00:56,57.849999999999994,12.824999999999998,16.959999999999997,40.365,50.775,0.0,37.79
2021-02-05 06:00:56,59.370000000000005,11.595,17.085,44.465,59.61000000000001,0.0,36.08
2021-02-05 07:00:56,58.18000000000001,15.69,14.575000000000001,25.62,34.725,0.0,43.45
2021-02-05 08:00:56,40.34,8.65,13.564999999999998,40.71,59.05500000000001,0.0,38.95
2021-02-05 09:00:56,40.776666666666664,6.72,17.365,52.01500000000001,88.36,0.0,36.55
2021-02-05 10:00:56,48.63,11.115,20.33,58.635,110.325,0.0,34.41
2021-02-05 11:00:56,65.30333333333334,15.03,19.49,55.18,80.88,0.0,34.94
2021-02-05 12:00:56,60.629999999999995,9.34,4.81,57.12,83.72500000000001,0.0,37.24
2021-02-05 13:00:56,47.13666666666667,5.745,7.789999999999999,44.335,0.0,0.0,39.82
2021-02-05 14:00:56,35.31333333333333,3.565,12.479999999999999,61.775,83.21499999999999,0.0,41.73
2021-02-05 15:00:56,28.85,2.075,12.530000000000001,52.51,70.17,0.0,41.54
2021-02-05 16:00:56,23.35333333333333,1.885,12.65,53.275,70.225,0.0,40.3
2021-02-05 17:00:56,24.866666666666667,2.15,12.745,45.675000000000004,58.345,0.0,39.54
2021-02-05 18:00:56,26.63,1.32,13.725000000000001,50.39000000000001,62.335,0.0,39.54
2021-02-05 19:00:56,33.053333333333335,4.475,20.365,81.475,136.85000000000002,0.0,33.86
2021-02-05 20:00:56,67.75333333333333,13.545,35.79,94.23,245.44999999999996,0.0,34.31
2021-02-05 21:00:56,102.92,19.015,39.14,87.46999999999998,212.54,0.0,32.54
2021-02-05 22:00:56,119.11000000000001,27.565,33.565,75.37,179.82499999999996,0.0,33.98
2021-02-05 23:00:56,100.37,28.64,23.24,71.235,172.41,0.0,33.58
2021-02-06 00:00:56,96.05333333333333,35.04,20.150000000000002,67.36500000000001,161.24,0.0,34.63
2021-02-06 01:00:56,90.62333333333333,43.93,17.235,59.910000000000004,145.67000000000002,0.0,32.83
2021-02-06 02:00:56,86.08,44.915,15.265,55.699999999999996,113.58,0.0,33.68
2021-02-06 03:00:56,85.42666666666668,44.405,16.005,57.965,104.90000000000002,0.0,33.55
2021-02-06 04:00:56,74.90666666666667,39.66,14.635,51.03,108.255,0.0,34.88
2021-02-06 05:00:56,55.95333333333333,35.55,15.785000000000002,52.345,112.77,0.0,34.13
2021-02-06 06:00:56,63.403333333333336,34.475,16.09,52.835,115.65500000000002,0.0,34.29
2021-02-06 07:00:56,59.50666666666666,30.815,15.265,49.74,108.515,0.0,34.07
2021-02-06 08:00:56,49.28,30.17,14.225000000000001,49.165,113.78500000000001,0.0,34.89
2021-02-06 09:00:56,54.5,32.0,16.02,49.855,135.09,0.0,33.74
2021-02-06 10:00:56,64.83,31.649999999999995,22.385,55.335,124.315,0.0,34.33
2021-02-06 11:00:56,85.15333333333334,29.554999999999996,21.125,48.82,95.325,0.0,40.8
2021-02-06 12:00:56,64.09,22.615,19.080000000000002,37.53,50.26,0.0,41.44
2021-02-06 13:00:56,53.34,12.08,22.235,40.025,52.975,0.0,41.37
2021-02-06 14:00:56,47.46666666666667,6.98,16.695,51.01499999999999,65.13499999999999,0.0,40.82
2021-02-06 15:00:56,40.03,4.74,15.76,60.03,76.44,0.0,11.16
2021-02-06 16:00:56,41.57,3.69,14.445,48.04,60.035,0.0,13.4
2021-02-06 17:00:56,31.88,2.795,13.505,65.79,82.04,0.0,10.91
2021-02-06 18:00:56,26.816666666666666,2.545,14.245,59.935,72.875,0.0,8.21
2021-02-06 19:00:56,31.183333333333334,4.785,20.04,70.11,95.61,0.0,5.97
2021-02-06 20:00:56,47.653333333333336,10.905,35.61,73.565,122.08,0.0,4.55
2021-02-06 21:00:56,69.31333333333333,18.41,28.564999999999998,63.995,95.0,0.0,4.91
2021-02-06 22:00:56,75.03,28.105,34.42,64.44,97.335,0.0,4.43
2021-02-06 23:00:56,64.90666666666667,27.795,28.044999999999998,53.425000000000004,69.08,0.0,8.15
2021-02-07 00:00:56,60.15,22.065,24.894999999999996,46.355,62.38,0.0,7.08
2021-02-07 01:00:56,51.98333333333333,20.645,23.3,54.925000000000004,80.635,0.0,4.45
2021-02-07 02:00:56,51.54666666666667,17.995,20.025000000000002,51.88999999999999,67.47,0.0,5.37
2021-02-07 03:00:56,51.17,15.89,18.51,47.635,65.07,0.0,4.88
2021-02-07 04:00:56,51.96,18.26,16.915,45.475,61.035,0.0,4.88
2021-02-07 05:00:56,41.93,11.205,17.43,42.800000000000004,55.145,0.0,6.13
2021-02-07 06:00:56,33.75666666666667,6.84,14.865,45.59,63.035,0.0,6.4
2021-02-07 07:00:56,37.473333333333336,8.745,15.305,51.085,83.30000000000001,0.0,3.47
2021-02-07 08:00:56,40.81,14.805,16.54,50.165,87.25999999999999,0.0,5.64
2021-02-07 09:00:56,37.99666666666667,17.87,17.875,50.169999999999995,94.005,0.0,3.98
2021-02-07 10:00:56,51.86,0.0,22.12,49.21,91.63,0.0,4.26
2021-02-07 11:00:56,75.01,0.0,22.465000000000003,49.275,82.79,0.0,5.11
2021-02-07 12:00:56,60.21666666666667,0.0,28.63,56.56,83.355,0.0,4.76
2021-02-07 13:00:56,34.04,0.0,21.23,36.06,46.5,0.0,8.94
2021-02-07 14:00:56,27.006666666666668,0.0,17.575,40.205000000000005,52.29,0.0,9.76
2021-02-07 15:00:56,23.400000000000002,0.0,14.325000000000001,75.99499999999999,98.03000000000002,0.0,9.96
2021-02-07 16:00:56,27.39333333333333,0.0,13.774999999999999,79.395,98.93,0.0,10.12
2021-02-07 17:00:56,33.86,0.0,13.969999999999999,53.98,65.955,0.0,11.83
2021-02-07 18:00:56,17.766666666666666,0.0,15.160000000000002,56.895,68.53,0.0,8.05
2021-02-07 19:00:56,41.763333333333335,0.0,25.159999999999997,74.06,133.06,0.0,4.6
2021-02-07 20:00:56,57.17,21.29,40.515,75.79,109.685,0.0,4.32
2021-02-07 21:00:56,74.92666666666666,0.0,34.62,74.265,118.305,0.0,3.76
2021-02-07 22:00:56,88.57666666666667,0.0,27.710000000000004,70.495,128.24,0.0,3.69
2021-02-07 23:00:56,97.35,0.0,27.135,66.325,119.56,0.0,3.42
2021-02-08 00:00:56,85.79666666666667,0.0,24.349999999999998,60.379999999999995,118.08999999999999,0.0,3.32
2021-02-08 01:00:56,73.34666666666666,0.0,23.900000000000002,56.665,97.50999999999999,0.0,4.18
2021-02-08 02:00:56,70.01,30.625,22.439999999999998,55.1,109.65499999999999,0.0,5.31
2021-02-08 03:00:56,76.30333333333334,36.74,21.53,56.6,115.495,0.0,5.29
2021-02-08 04:00:56,84.02666666666667,44.605,22.24,55.574999999999996,106.91000000000001,0.0,6.0
2021-02-08 05:00:56,93.54666666666667,34.74,20.840000000000003,47.48,81.17,0.0,5.57
2021-02-08 06:00:56,69.31666666666666,31.02,18.2,50.18,102.875,0.0,5.2
2021-02-08 07:00:56,64.56333333333333,27.26,19.635,54.585,113.98,0.0,5.58
2021-02-08 08:00:56,81.81333333333333,22.5,21.035,66.075,198.68500000000003,0.0,5.45
2021-02-08 09:00:56,81.05333333333334,21.595,22.099999999999998,67.43,295.545,0.0,4.56
2021-02-08 10:00:56,112.67,20.67,31.115,69.24,315.555,0.0,4.84
2021-02-08 11:00:56,134.44666666666666,20.915,42.145,87.895,311.0,0.0,5.04
2021-02-08 12:00:56,108.23666666666666,12.160000000000002,18.905,47.044999999999995,76.37,0.0,8.7
2021-02-08 13:00:56,86.64,0.29,20.515,56.635,81.23,0.0,7.85
2021-02-08 14:00:56,84.40666666666667,4.16,20.645,58.375,76.83,0.0,7.82
2021-02-08 15:00:56,71.39666666666666,10.38,17.195,56.51000000000001,75.445,0.0,7.21
2021-02-08 16:00:56,63.04666666666667,5.53,21.169999999999998,58.98,83.52,0.0,6.7
2021-02-08 17:00:56,61.50333333333333,4.605,24.314999999999998,75.76,134.39499999999998,0.0,5.68
2021-02-08 18:00:56,64.01333333333334,11.18,28.885,88.0,206.04,0.0,6.0
2021-02-08 19:00:56,123.21,10.53,28.01,92.265,377.77500000000003,0.0,5.69
2021-02-08 20:00:56,176.42000000000002,22.935,26.985,82.47,259.145,0.0,5.61
2021-02-08 21:00:56,163.42666666666665,18.845,22.77,55.785000000000004,118.07000000000001,0.0,7.58
2021-02-08 22:00:56,99.37333333333333,12.565,18.59,23.459999999999997,33.135,0.0,13.03
2021-02-08 23:00:56,64.25333333333333,9.4,18.765,33.050000000000004,43.6,0.0,12.19
2021-02-09 00:00:56,47.38333333333333,7.544999999999999,17.185000000000002,36.925000000000004,54.675000000000004,0.0,10.21
2021-02-09 01:00:56,39.42333333333333,4.805,18.445,48.04,67.555,0.0,8.17
2021-02-09 02:00:56,33.52333333333333,5.5,26.959999999999997,45.155,57.5,0.0,10.44
2021-02-09 03:00:56,34.38333333333333,3.905,25.655,41.295,51.81999999999999,0.0,13.31
2021-02-09 04:00:56,40.57333333333333,8.555,22.310000000000002,32.18,40.199999999999996,0.0,16.56
2021-02-09 05:00:56,71.25333333333333,6.224999999999999,25.034999999999997,30.685000000000002,37.115,0.0,16.39
2021-02-09 06:00:56,48.89666666666667,8.785,27.549999999999997,18.46,24.655,0.0,15.53
2021-02-09 07:00:56,33.48,5.555,23.474999999999998,22.38,31.485,0.0,14.33
2021-02-09 08:00:56,33.31333333333333,7.56,32.545,30.135,37.18,0.0,16.91
2021-02-09 09:00:56,28.313333333333333,4.39,17.82,31.625,40.19,0.0,13.71
2021-02-09 10:00:56,36.86666666666667,7.135000000000001,15.11,27.275000000000002,34.83,0.0,17.34
2021-02-09 11:00:56,39.45666666666667,5.175,15.219999999999999,37.715,45.13,0.0,18.3
2021-02-09 12:00:56,59.13666666666666,6.96,16.125,34.045,41.575,0.0,17.01
2021-02-09 13:00:56,61.86,5.45,16.38,31.095,37.94,0.0,19.97
2021-02-09 14:00:56,41.666666666666664,8.91,11.07,29.14,35.755,0.0,22.11
2021-02-09 15:00:56,35.99333333333333,4.64,12.785000000000002,30.205,37.155,0.0,20.03
2021-02-09 16:00:56,34.92333333333333,2.7449999999999997,11.449999999999998,31.735,38.115,0.0,21.18
2021-02-09 17:00:56,45.57,3.02,20.415,35.21,42.21,0.0,21.9
2021-02-09 18:00:56,48.07333333333333,2.555,21.115,45.055,52.09,0.0,19.7
2021-02-09 19:00:56,59.13999999999999,3.345,15.92,64.75999999999999,85.205,0.0,18.18
2021-02-09 20:00:56,71.26666666666667,5.669999999999999,19.815,64.45,93.675,0.0,16.17
2021-02-09 21:00:56,62.72666666666667,8.23,21.724999999999998,54.96,75.72,0.0,17.86
2021-02-09 22:00:56,60.75666666666666,7.43,17.215,38.83,47.495000000000005,0.0,19.41
2021-02-09 23:00:56,60.019999999999996,4.585,18.02,28.5,36.615,0.0,20.17
2021-02-10 00:00:56,51.10666666666667,5.38,18.32,37.86,48.935,0.0,20.47
2021-02-10 01:00:56,53.38333333333333,3.76,16.925,35.235,47.75,0.0,20.59
2021-02-10 02:00:56,57.14,4.775,17.39,22.24,29.834999999999997,0.0,21.34
2021-02-10 03:00:56,57.150000000000006,4.97,15.965000000000002,35.46,49.199999999999996,0.0,17.94
2021-02-10 04:00:56,55.47,5.325,19.185,44.93,56.65,0.0,19.05
2021-02-10 05:00:56,52.833333333333336,6.59,17.13,33.555,42.650000000000006,0.0,21.74
2021-02-10 06:00:56,57.31333333333333,8.76,16.155,33.135,46.51499999999999,0.0,19.59
2021-02-10 07:00:56,53.61333333333334,10.41,14.055,45.305,70.00999999999999,0.0,19.65
2021-02-10 08:00:56,53.116666666666674,11.29,14.560000000000002,56.715,125.73,0.0,16.26
2021-02-10 09:00:56,70.59,12.545,17.3,64.015,210.665,0.0,7.57
2021-02-10 10:00:56,109.27,15.255,27.564999999999998,63.27,149.6,0.0,7.98
2021-02-10 11:00:56,109.23666666666668,20.78,15.74,37.51,52.695,0.0,10.88
2021-02-10 12:00:56,84.41666666666667,11.69,14.54,48.68000000000001,61.47,0.0,11.49
2021-02-10 13:00:56,64.56,11.979999999999999,14.575000000000001,56.935,68.255,0.0,11.69
2021-02-10 14:00:56,54.92,7.155,15.665000000000001,68.72,77.24499999999999,0.0,10.95
2021-02-10 15:00:56,53.57333333333334,5.72,14.49,52.895,60.01500000000001,0.0,11.11
2021-02-10 16:00:56,49.19333333333333,5.1,14.64,43.964999999999996,52.465,0.0,10.11
2021-02-10 17:00:56,46.07,4.285,16.365,30.304999999999996,38.565,0.0,10.64
2021-02-10 18:00:56,41.52666666666667,11.06,16.69,38.045,46.715,0.0,11.03
2021-02-10 19:00:56,35.82666666666667,9.555,16.47,53.75,71.16,0.0,6.4
2021-02-10 20:00:56,45.20333333333333,11.765,17.67,59.44499999999999,80.12,0.0,5.99
2021-02-10 21:00:56,50.77,13.43,18.0,77.09,154.335,0.0,5.71
2021-02-10 22:00:56,74.76,22.645,26.174999999999997,70.67500000000001,122.14,0.0,5.83
2021-02-10 23:00:56,85.32000000000001,26.74,27.069999999999997,68.98,123.835,0.0,4.64
2021-02-11 00:00:56,80.81666666666666,20.33,24.105000000000004,57.335,126.295,0.0,4.58
2021-02-11 01:00:56,84.17,20.855,18.605,53.22,89.92,0.0,4.34
2021-02-11 02:00:56,76.80333333333333,13.375,15.82,51.39000000000001,116.33999999999999,0.0,5.84
2021-02-11 03:00:56,75.4,32.44,14.600000000000001,49.51,110.90000000000002,0.0,5.42
2021-02-11 04:00:56,70.76,34.445,13.39,41.645,95.75,0.0,5.3
2021-02-11 05:00:56,70.25999999999999,33.52,12.695,41.215,81.26,0.0,6.33
2021-02-11 06:00:56,74.03,30.67,12.375,41.56,84.505,0.0,5.45
2021-02-11 07:00:56,55.93666666666667,22.675,11.270000000000001,39.01,78.33,0.0,6.27
2021-02-11 08:00:56,53.08,13.555,10.88,45.55500000000001,130.12,0.0,5.17
2021-02-11 09:00:56,63.763333333333335,14.38,14.055,50.129999999999995,171.62,0.0,6.04
2021-02-11 10:00:56,110.79333333333332,17.245,20.48,61.79999999999999,173.765,0.0,5.84
2021-02-11 11:00:56,119.99,28.475000000000005,19.87,61.48,117.21999999999998,0.0,7.87
2021-02-11 12:00:56,103.89666666666668,21.12,18.040000000000003,44.755,70.145,0.0,10.35
2021-02-11 13:00:56,80.94666666666667,21.649999999999995,14.094999999999999,22.525000000000002,33.300000000000004,0.0,17.44
2021-02-11 14:00:56,56.57666666666667,11.29,14.979999999999999,35.66,44.835,0.0,18.66
2021-02-11 15:00:56,45.406666666666666,6.52,15.32,39.650000000000006,47.895,0.0,13.56
2021-02-11 16:00:56,47.026666666666664,4.205,14.839999999999998,33.305,41.115,0.0,13.93
2021-02-11 17:00:56,42.24,4.685,14.200000000000001,41.815,50.714999999999996,0.0,11.44
2021-02-11 18:00:56,52.49333333333333,4.29,18.54,55.830000000000005,76.77,0.0,7.6
2021-02-11 19:00:56,57.78333333333333,6.215,19.705000000000002,87.03000000000002,188.345,0.0,5.15
2021-02-11 20:00:56,94.25,15.525,24.615,88.015,236.55000000000004,0.0,5.87
2021-02-11 21:00:56,125.71666666666667,25.25,23.685000000000002,76.83,217.39499999999998,0.0,5.35
2021-02-11 22:00:56,133.83,40.79,22.310000000000002,73.97500000000001,275.955,0.0,6.71
2021-02-11 23:00:56,157.59333333333333,58.855,26.61,63.065,172.635,0.0,6.2
2021-02-12 00:00:56,140.38,50.419999999999995,19.87,58.62,165.78,0.0,6.43
2021-02-12 01:00:56,149.15666666666667,60.055,18.69,53.395,124.16000000000001,0.0,5.68
2021-02-12 02:00:56,122.82333333333332,45.525,15.935000000000002,46.665,89.37,0.0,6.47
2021-02-12 03:00:56,92.92666666666666,32.63,16.09,49.300000000000004,85.61500000000001,0.0,5.96
2021-02-12 04:00:56,70.18333333333334,29.41,17.66,37.085,49.75,0.0,12.11
2021-02-12 05:00:56,50.25666666666666,15.285000000000002,16.765,40.47,58.355,0.0,9.25
2021-02-12 06:00:56,53.49666666666667,8.42,17.455,22.53,30.345,0.0,12.41
2021-02-12 07:00:56,39.92,9.215,14.765,18.555,26.635,0.0,13.0
2021-02-12 08:00:56,31.383333333333336,8.145,18.94,32.055,40.215,0.0,12.87
2021-02-12 09:00:56,36.379999999999995,5.675,18.935,54.85,87.90500000000002,0.0,8.43
2021-02-12 10:00:56,57.04666666666666,6.55,16.335,38.105,55.025,0.0,9.47
2021-02-12 11:00:56,58.983333333333334,4.16,16.89,38.055,47.49,0.0,11.91
2021-02-12 12:00:56,66.56,7.400000000000001,20.825,35.305,42.68,0.0,13.21
2021-02-12 13:00:56,71.21666666666667,4.485,17.73,26.195000000000004,32.905,0.0,13.61
2021-02-12 14:00:56,94.03,2.86,17.055,22.995,29.62,0.0,12.57
2021-02-12 15:00:56,72.20666666666666,1.995,15.700000000000001,22.035,28.845,0.0,11.88
2021-02-12 16:00:56,70.81333333333333,4.38,16.085,20.895,27.814999999999998,0.0,12.48
2021-02-12 17:00:56,56.866666666666674,5.57,18.975,21.015,28.099999999999998,0.0,12.04
2021-02-12 18:00:56,46.78333333333333,3.195,14.49,21.5,28.745,0.0,11.44
2021-02-12 19:00:56,32.623333333333335,4.3,14.15,36.26,44.56,0.0,8.27
2021-02-12 20:00:56,24.89666666666667,9.15,14.454999999999998,34.435,43.52,0.0,7.72
2021-02-12 21:00:56,29.043333333333333,6.294999999999999,14.19,26.415000000000003,34.69,0.0,10.1
2021-02-12 22:00:56,22.65,6.095,13.299999999999999,15.454999999999998,21.825,0.0,12.31
2021-02-12 23:00:56,24.636666666666667,9.91,18.64,15.86,22.01,0.0,11.08
2021-02-13 00:00:56,21.776666666666667,5.825,13.719999999999999,14.520000000000001,20.985,0.0,11.23
2021-02-13 01:00:56,13.68,5.55,13.395000000000001,16.255,22.725000000000005,0.0,9.06
2021-02-13 02:00:56,16.593333333333334,2.85,13.38,14.63,20.64,0.0,11.02
2021-02-13 03:00:56,17.94333333333333,2.135,13.51,12.885,19.005,0.0,10.98
2021-02-13 04:00:56,13.743333333333332,1.6450000000000002,14.409999999999998,11.385,17.535,0.0,10.41
2021-02-13 05:00:56,14.26,1.47,13.515,12.200000000000001,18.16,0.0,10.23
2021-02-13 06:00:56,13.996666666666666,1.27,14.920000000000002,10.565,16.615000000000002,0.0,9.34
2021-02-13 07:00:56,16.423333333333336,0.0,23.23,13.695,19.59,0.0,10.72
2021-02-13 08:00:56,18.45,1.86,20.02,21.345,29.959999999999997,0.0,9.18
2021-02-13 09:00:56,20.623333333333335,2.055,18.605,26.48,35.235,0.0,7.79
2021-02-13 10:00:56,29.55666666666667,9.25,17.32,26.23,35.735,0.0,9.19
2021-02-13 11:00:56,35.25,10.89,12.18,17.11,24.650000000000002,0.0,9.75
2021-02-13 12:00:56,30.986666666666668,9.615,8.75,17.08,23.659999999999997,0.0,10.75
2021-02-13 13:00:56,18.616666666666667,5.425,9.63,16.865,23.83,0.0,10.63
2021-02-13 14:00:56,20.346666666666668,4.455,10.745,20.48,27.24,0.0,10.32
2021-02-13 15:00:56,18.10333333333333,2.76,11.225,28.75,35.635,0.0,10.57
2021-02-13 16:00:56,14.003333333333334,2.91,11.85,27.225000000000005,34.169999999999995,0.0,9.88
2021-02-13 17:00:56,16.52,3.465,12.585,24.44,31.194999999999997,0.0,10.04
2021-02-13 18:00:56,20.013333333333332,4.49,13.255,22.495,29.895,0.0,9.11
2021-02-13 19:00:56,22.64666666666667,3.4500000000000006,21.195,37.08,45.09,0.0,8.45
2021-02-13 20:00:56,35.45,7.345,25.004999999999995,60.535,74.42,0.0,7.74
2021-02-13 21:00:56,44.02,8.385,14.939999999999998,51.83500000000001,71.115,0.0,7.1
2021-02-13 22:00:56,47.95,14.815,13.385,52.28,68.55000000000001,0.0,5.38
2021-02-13 23:00:56,57.06666666666666,22.17,12.135,50.51,74.74000000000001,0.0,5.9
2021-02-14 00:00:56,52.879999999999995,28.145,10.955,46.574999999999996,72.095,0.0,5.42
2021-02-14 01:00:56,56.2,26.56,11.19,39.19,56.839999999999996,0.0,5.15
2021-02-14 02:00:56,52.16,24.325,11.030000000000001,42.21,53.315,0.0,5.8
2021-02-14 03:00:56,43.95666666666666,23.845,11.839999999999998,28.950000000000003,35.78,0.0,8.02
2021-02-14 04:00:56,33.64333333333333,17.055,11.57,20.055,26.55,0.0,9.59
2021-02-14 05:00:56,27.08,12.17,15.07,19.32,25.74,0.0,9.59
2021-02-14 06:00:56,26.153333333333336,6.175,11.055,13.765,20.045,0.0,10.28
2021-02-14 07:00:56,27.08666666666667,4.16,10.165,12.155000000000001,18.425,0.0,10.44
2021-02-14 08:00:56,17.403333333333332,7.875,9.700000000000001,14.719999999999999,21.600000000000005,0.0,9.59
2021-02-14 09:00:56,15.753333333333332,6.150000000000001,9.729999999999999,15.26,22.290000000000003,0.0,8.98
2021-02-14 10:00:56,13.943333333333333,4.095,10.66,16.46,23.72,0.0,9.86
2021-02-14 11:00:56,12.606666666666667,4.775,12.005,16.915,24.900000000000002,0.0,9.53
2021-02-14 12:00:56,15.673333333333334,2.94,12.020000000000001,15.57,22.995,0.0,9.93
2021-02-14 13:00:56,15.486666666666666,0.0,12.755,24.375,35.165,0.0,7.71
2021-02-14 14:00:56,16.0,4.49,12.64,26.24,37.574999999999996,0.0,7.52
2021-02-14 15:00:56,15.1,4.025,14.36,27.13,37.01,0.0,7.44
2021-02-14 16:00:56,16.643333333333334,2.45,15.214999999999998,30.845,43.81,0.0,7.51
2021-02-14 17:00:56,18.886666666666667,3.76,15.68,33.52,48.26500000000001,0.0,7.56
2021-02-14 18:00:56,25.71333333333333,2.525,14.905000000000001,36.475,60.345,0.0,5.77
2021-02-14 19:00:56,23.090000000000003,3.84,19.43,40.39,56.669999999999995,0.0,6.23
2021-02-14 20:00:56,30.023333333333333,9.475,19.21,42.385,54.794999999999995,0.0,6.73
2021-02-14 21:00:56,41.07,15.104999999999999,16.06,49.955000000000005,66.895,0.0,6.38
2021-02-14 22:00:56,38.42666666666667,9.725,14.969999999999999,51.115,63.56,0.0,5.91
2021-02-14 23:00:56,40.769999999999996,14.63,18.19,44.96,55.965,0.0,6.66
2021-02-15 00:00:56,58.9,13.295,16.59,41.86,51.98,0.0,6.58
2021-02-15 01:00:56,62.333333333333336,13.79,14.495,42.775,52.93,0.0,6.43
2021-02-15 02:00:56,51.10333333333333,17.615,13.674999999999999,29.649999999999995,37.074999999999996,0.0,7.91
2021-02-15 03:00:56,38.84,9.895,14.25,23.595,30.37,0.0,9.9
2021-02-15 04:00:56,31.686666666666667,6.155,12.505,14.255,20.425,0.0,9.87
2021-02-15 05:00:56,22.956666666666667,3.3699999999999997,11.875,13.87,20.35,0.0,9.48
2021-02-15 06:00:56,19.516666666666666,2.595,11.199999999999998,13.47,21.52,0.0,10.11
2021-02-15 07:00:56,14.780000000000001,2.17,10.815,13.005,19.675,0.0,10.42
2021-02-15 08:00:56,11.463333333333333,1.37,10.49,20.21,27.735,0.0,10.37
2021-02-15 09:00:56,13.213333333333333,3.065,10.61,28.62,38.59,0.0,8.35
2021-02-15 10:00:56,21.88,1.705,10.895000000000001,24.03,32.47,0.0,9.02
2021-02-15 11:00:56,24.96666666666667,0.98,11.055,23.87,32.56,0.0,9.76
2021-02-15 12:00:56,32.32666666666667,1.335,11.665,24.16,32.72,0.0,8.83
2021-02-15 13:00:56,29.97,3.57,11.660000000000002,24.34,33.785,0.0,9.25
2021-02-15 14:00:56,26.92,2.565,11.57,30.349999999999998,40.585,0.0,8.32
2021-02-15 15:00:56,37.29,1.5200000000000002,11.815,25.51,34.73,0.0,9.54
2021-02-15 16:00:56,44.346666666666664,1.6499999999999997,11.670000000000002,28.355,37.59,0.0,9.72
2021-02-15 17:00:56,58.49333333333333,3.845,12.020000000000001,25.189999999999998,34.22,0.0,10.13
2021-02-15 18:00:56,166.13666666666666,3.475,11.4,37.865,52.25999999999999,0.0,7.68
2021-02-15 19:00:56,132.30333333333334,8.755,12.805,39.38,56.79,0.0,7.12
2021-02-15 20:00:56,114.03,5.57,12.905000000000001,30.3,40.605,0.0,7.93
2021-02-15 21:00:56,106.41,5.93,11.82,23.899999999999995,31.92,0.0,9.18
2021-02-15 22:00:56,116.32,5.04,12.375,23.834999999999997,31.605000000000004,0.0,9.49
2021-02-15 23:00:56,101.03666666666666,2.715,11.165,21.445000000000004,28.885,0.0,9.8
2021-02-16 00:00:56,85.97333333333333,1.8099999999999998,11.225,20.03,27.395,0.0,10.18
2021-02-16 01:00:56,64.77333333333334,1.46,9.6,16.455000000000002,23.724999999999998,0.0,9.85
2021-02-16 02:00:56,42.96333333333334,3.6749999999999994,8.765,11.255,17.465,0.0,10.27
2021-02-16 03:00:56,56.78666666666666,3.75,7.215,10.245,17.12,0.0,10.83
2021-02-16 04:00:56,91.94333333333333,2.56,6.655,10.305,16.28,0.0,10.02
2021-02-16 05:00:56,79.27333333333333,4.795,6.005,11.405000000000001,17.830000000000002,0.0,8.18
2021-02-16 06:00:56,45.27333333333333,3.205,5.845,13.39,20.21,0.0,8.58
2021-02-16 07:00:56,29.846666666666668,3.5400000000000005,5.985,12.1,20.01,0.0,6.7
2021-02-16 08:00:56,17.536666666666665,1.845,6.44,17.645,31.935000000000002,0.0,5.21
2021-02-16 09:00:56,19.733333333333334,1.95,7.0,35.375,57.38999999999999,0.0,6.28
2021-02-16 10:00:56,17.876666666666665,4.36,10.24,25.365,41.03,0.0,6.91
2021-02-16 11:00:56,20.456666666666667,3.645,10.02,19.755,42.685,0.0,7.49
2021-02-16 12:00:56,15.63,5.255,11.275,15.31,39.855,0.0,5.94
2021-02-16 13:00:56,17.509999999999998,0.0,11.75,18.17,30.554999999999996,0.0,7.22
2021-02-16 14:00:56,21.5,5.305,15.915,22.855,36.915,0.0,8.1
2021-02-16 15:00:56,20.496666666666666,3.85,17.37,26.615,42.07,0.0,6.95
2021-02-16 16:00:56,14.8,0.0,17.81,29.965,43.71,0.0,7.33
2021-02-16 17:00:56,15.666666666666666,0.0,13.064999999999998,30.25,43.01500000000001,0.0,8.4
2021-02-16 18:00:56,17.55333333333333,2.19,12.965000000000002,33.855,47.31,0.0,7.57
2021-02-16 19:00:56,16.106666666666666,3.975,13.46,39.54,58.595,0.0,7.08
2021-02-16 20:00:56,16.786666666666665,3.565,13.549999999999999,32.31,44.645,0.0,7.58
2021-02-16 21:00:56,15.623333333333333,2.41,7.669999999999999,29.825,42.205,0.0,8.17
2021-02-16 22:00:56,13.589999999999998,5.57,6.95,23.99,32.41,0.0,8.46
2021-02-16 23:00:56,16.063333333333333,3.205,6.239999999999999,20.185,27.415000000000003,0.0,7.6
2021-02-17 00:00:56,10.836666666666666,5.2,7.489999999999999,20.035,28.385,0.0,8.46
2021-02-17 01:00:56,12.013333333333334,2.7550000000000003,5.005,16.0,22.55,0.0,8.99
2021-02-17 02:00:56,15.033333333333333,2.005,5.855,15.5,22.02,0.0,8.79
2021-02-17 03:00:56,9.04,1.87,3.33,15.88,22.235,0.0,9.58
2021-02-17 04:00:56,8.016666666666666,1.635,2.415,14.14,20.59,0.0,8.54
2021-02-17 05:00:56,10.253333333333334,0.955,2.17,17.13,23.86,0.0,8.33
2021-02-17 06:00:56,6.49,0.525,1.135,18.0,24.535,0.0,9.47
2021-02-17 07:00:56,8.006666666666666,1.12,1.125,19.044999999999998,26.554999999999996,0.0,8.48
2021-02-17 08:00:56,11.090000000000002,0.0,1.235,35.35,50.589999999999996,0.0,8.05
2021-02-17 09:00:56,16.933333333333334,3.0400000000000005,3.28,39.46,58.975,0.0,7.73
2021-02-17 10:00:56,14.5,1.7,8.69,36.02,51.605,0.0,8.72
2021-02-17 11:00:56,12.41,0.86,9.695,30.950000000000003,45.705000000000005,0.0,7.3
2021-02-17 12:00:56,10.57,0.635,6.905,22.694999999999997,33.615,0.0,9.64
2021-02-17 13:00:56,14.773333333333333,1.27,8.46,22.26,32.225,0.0,9.36
2021-02-17 14:00:56,18.95,1.45,9.485,22.665000000000003,32.06,0.0,8.27
2021-02-17 15:00:56,17.903333333333332,1.945,10.949999999999998,30.815,43.76500000000001,0.0,8.65
2021-02-17 16:00:56,17.243333333333332,4.425,9.835,28.7,41.525,0.0,8.11
2021-02-17 17:00:56,16.586666666666666,0.0,11.375,30.810000000000002,43.56999999999999,0.0,7.54
2021-02-17 18:00:56,22.01,6.09,18.82,33.54,47.754999999999995,0.0,8.76
2021-02-17 19:00:56,20.27,5.165,23.5,54.71,76.325,0.0,6.74
2021-02-17 20:00:56,28.333333333333332,4.025,14.030000000000001,60.68000000000001,93.915,0.0,5.81
2021-02-17 21:00:56,40.32,8.97,8.13,58.14000000000001,81.115,0.0,7.1
2021-02-17 22:00:56,46.79333333333334,20.76,6.824999999999999,54.005,72.785,0.0,5.9
2021-02-17 23:00:56,55.91,23.625,5.905,52.945,70.47500000000001,0.0,6.49
2021-02-18 00:00:56,48.94,29.535,6.32,51.855,65.56,0.0,6.68
2021-02-18 01:00:56,55.59,27.899999999999995,9.79,52.03,66.06,0.0,6.87
2021-02-18 02:00:56,64.31,33.935,9.385,32.925000000000004,39.865,0.0,8.3
2021-02-18 03:00:56,55.620000000000005,22.935,8.16,35.879999999999995,43.605,0.0,8.61
2021-02-18 04:00:56,46.239999999999995,18.095,7.914999999999999,35.235,42.075,0.0,6.93
2021-02-18 05:00:56,42.946666666666665,20.97,7.12,34.0,40.79,0.0,6.81
2021-02-18 06:00:56,38.45333333333333,16.65,6.705000000000001,36.265,43.93,0.0,5.91
2021-02-18 07:00:56,31.366666666666667,15.83,6.2749999999999995,38.985,47.635,0.0,5.31
2021-02-18 08:00:56,35.833333333333336,20.415,6.330000000000001,37.355,46.685,0.0,5.83
2021-02-18 09:00:56,45.79666666666667,17.645,11.969999999999999,55.85,80.91,0.0,4.82
2021-02-18 10:00:56,66.24666666666667,20.615,22.155,56.215,91.65500000000002,0.0,4.72
2021-02-18 11:00:56,90.44333333333334,26.51,22.334999999999997,61.66,100.175,0.0,5.01
2021-02-18 12:00:56,127.98333333333332,34.63,35.835,60.865,89.305,0.0,5.26
2021-02-18 13:00:56,131.5,27.84,34.04,57.625,73.18,0.0,8.42
2021-02-18 14:00:56,122.65333333333334,26.515,16.900000000000002,34.08,43.550000000000004,0.0,10.37
2021-02-18 15:00:56,92.58,22.66,14.829999999999998,40.01,48.715,0.0,9.42
2021-02-18 16:00:56,65.70333333333333,15.635,15.64,36.945,44.63500000000001,0.0,9.65
2021-02-18 17:00:56,51.77,8.815,23.325000000000003,55.52,64.575,0.0,9.47
2021-02-18 18:00:56,45.76,13.235,21.88,38.105,47.19,0.0,9.74
2021-02-18 19:00:56,51.92666666666667,13.46,22.83,75.995,95.99000000000001,0.0,7.04
2021-02-18 20:00:56,59.07333333333333,15.385,21.605,58.449999999999996,67.195,0.0,9.38
2021-02-18 21:00:56,71.22666666666667,15.875,20.724999999999998,81.00999999999999,96.16000000000001,0.0,8.59
2021-02-18 22:00:56,84.70333333333333,17.055,20.625,38.88,45.699999999999996,0.0,10.6
2021-02-18 23:00:56,72.27333333333334,23.320000000000004,21.450000000000003,28.05,34.295,0.0,9.94
2021-02-19 00:00:56,57.02333333333333,16.0,16.45,26.865,33.36,0.0,11.74
2021-02-19 01:00:56,45.86,13.095,14.79,20.78,26.91,0.0,10.5
2021-02-19 02:00:56,37.42,10.82,14.979999999999999,16.01,22.415000000000003,0.0,10.45
2021-02-19 03:00:56,38.736666666666665,8.605,13.87,22.45,28.63,0.0,11.19
2021-02-19 04:00:56,29.146666666666665,7.635000000000001,12.385,19.215,25.375,0.0,12.29
2021-02-19 05:00:56,31.240000000000002,8.2,11.660000000000002,25.63,31.955000000000002,0.0,10.55
2021-02-19 06:00:56,29.32333333333333,6.39,16.845,38.86,45.39000000000001,0.0,10.64
2021-02-19 07:00:56,38.413333333333334,5.435,14.405000000000001,38.22,44.345,0.0,9.42
2021-02-19 08:00:56,41.74666666666667,3.59,18.305,29.97,41.660000000000004,0.0,7.59
2021-02-19 09:00:56,39.11666666666667,9.005,24.025000000000002,54.09,65.885,0.0,7.45
2021-02-19 10:00:56,41.75666666666667,11.67,15.87,52.04,59.655,0.0,7.43
2021-02-19 11:00:56,45.870000000000005,13.19,19.345,34.015,43.595,0.0,8.18
2021-02-19 12:00:56,37.03,14.865,16.12,47.165,54.995000000000005,0.0,9.09
2021-02-19 13:00:56,30.86,14.160000000000002,14.555,47.215,55.01,0.0,9.44
2021-02-19 14:00:56,27.03333333333333,7.925,15.020000000000001,48.28,55.675000000000004,0.0,7.9
2021-02-19 15:00:56,26.54,10.42,15.575000000000001,80.3,87.37,0.0,8.13
2021-02-19 16:00:56,28.503333333333334,14.770000000000001,16.31,42.22,51.044999999999995,0.0,7.61
2021-02-19 17:00:56,29.34,8.12,28.8,39.18,51.145,0.0,6.18
2021-02-19 18:00:56,24.173333333333332,7.235,29.715,36.065,46.205000000000005,0.0,7.93
2021-02-19 19:00:56,26.12,5.98,23.36,62.044999999999995,87.36,0.0,5.68
2021-02-19 20:00:56,34.93,10.68,18.645,77.14,125.08999999999999,0.0,5.98
2021-02-19 21:00:56,48.4,18.395,15.425000000000002,70.14,120.33999999999999,0.0,5.42
2021-02-19 22:00:56,43.32666666666667,13.295,15.835,62.73,84.42500000000001,0.0,6.5
2021-02-19 23:00:56,42.836666666666666,16.065,15.979999999999999,60.25,71.915,0.0,5.8
2021-02-20 00:00:56,56.61333333333333,16.825,14.795000000000002,52.565,66.0,0.0,7.33
2021-02-20 01:00:56,55.24333333333333,30.334999999999997,11.815,39.01,46.375,0.0,7.79
2021-02-20 02:00:56,55.86333333333333,19.65,10.99,32.64,39.1,0.0,8.19
2021-02-20 03:00:56,57.56333333333333,23.320000000000004,9.715,39.865,47.47,0.0,6.84
2021-02-20 04:00:56,46.56,15.665,8.71,35.085,42.005,0.0,7.22
2021-02-20 05:00:56,40.776666666666664,13.775,7.68,34.345,42.305,0.0,8.25
2021-02-20 06:00:56,34.35,7.78,7.345,36.38,43.895,0.0,6.95
2021-02-20 07:00:56,39.86333333333334,10.58,6.605,28.48,36.46,0.0,8.05
2021-02-20 08:00:56,35.04,9.995,6.035,49.005,64.42,0.0,5.76
2021-02-20 09:00:56,45.906666666666666,8.335,10.839999999999998,50.875,79.505,0.0,4.68
2021-02-20 10:00:56,62.79,20.145,10.105,47.275,67.115,0.0,6.58
2021-02-20 11:00:56,83.92666666666666,27.790000000000003,29.265,49.655,71.055,0.0,8.39
2021-02-20 12:00:56,92.93333333333334,32.205,27.584999999999997,46.25,60.1,0.0,8.14
2021-02-20 13:00:56,89.61,28.179999999999996,20.474999999999998,38.105,49.13999999999999,0.0,8.35
2021-02-20 14:00:56,80.39333333333333,26.25,15.969999999999999,26.544999999999998,34.775,0.0,9.48
2021-02-20 15:00:56,61.906666666666666,15.145000000000001,14.585,23.149999999999995,30.485,0.0,10.32
2021-02-20 16:00:56,42.776666666666664,8.67,14.88,15.415,21.975000000000005,0.0,10.35
2021-02-20 17:00:56,28.18,6.75,17.2,23.895,30.645,0.0,9.87
2021-02-20 18:00:56,31.403333333333336,4.34,18.06,23.485,30.36,0.0,9.83
2021-02-20 19:00:56,36.620000000000005,3.3800000000000003,20.47,37.125,46.044999999999995,0.0,9.17
2021-02-20 20:00:56,52.05666666666667,10.265,22.174999999999997,56.955000000000005,72.07,0.0,6.09
2021-02-20 21:00:56,64.61333333333334,18.15,17.935,44.395,54.81,0.0,7.31
2021-02-20 22:00:56,87.32666666666667,24.56,16.345,41.245,49.875,0.0,6.37
2021-02-20 23:00:56,80.74666666666667,32.765,14.68,46.02,56.035000000000004,0.0,5.69
2021-02-21 00:00:56,75.63666666666667,35.415,13.155000000000001,46.96,61.96,0.0,5.75
2021-02-21 01:00:56,89.69,41.705,11.645000000000001,43.54,54.29,0.0,6.0
2021-02-21 02:00:56,84.48,36.78,10.229999999999999,34.22,41.1,0.0,6.24
2021-02-21 03:00:56,71.23333333333333,35.025,9.345,39.53,46.080000000000005,0.0,5.51
2021-02-21 04:00:56,65.77333333333333,25.635,8.475,30.01,37.11,0.0,7.86
2021-02-21 05:00:56,56.98,21.600000000000005,7.689999999999999,28.455000000000002,35.08,0.0,8.13
2021-02-21 06:00:56,47.24333333333333,20.195,6.864999999999999,30.209999999999997,36.83,0.0,6.43
2021-02-21 07:00:56,44.656666666666666,10.735,6.355,31.554999999999996,38.21,0.0,6.3
2021-02-21 08:00:56,41.99666666666667,6.715,5.919999999999999,32.645,39.46,0.0,9.74
2021-02-21 09:00:56,49.6,16.105,10.65,35.77,46.04,0.0,8.77
2021-02-21 10:00:56,52.98,21.535,10.714999999999998,39.035000000000004,52.56,0.0,9.11
2021-02-21 11:00:56,70.18333333333334,20.74,10.465000000000002,35.795,46.52,0.0,10.24
2021-02-21 12:00:56,68.81666666666666,32.475,15.68,33.155,42.27,0.0,11.21
2021-02-21 13:00:56,78.45666666666666,30.584999999999997,14.299999999999999,28.12,35.495000000000005,0.0,9.55
2021-02-21 14:00:56,65.05333333333333,26.820000000000004,14.225,22.715000000000003,29.41,0.0,9.74
2021-02-21 15:00:56,58.263333333333335,20.34,16.29,25.959999999999997,34.48,0.0,9.6
2021-02-21 16:00:56,47.336666666666666,13.47,18.25,18.650000000000002,25.405,0.0,9.35
2021-02-21 17:00:56,40.93,16.345,18.900000000000002,23.150000000000002,30.290000000000003,0.0,8.28
2021-02-21 18:00:56,37.623333333333335,13.63,22.905,33.385,40.695,0.0,8.22
2021-02-21 19:00:56,45.38666666666667,10.57,23.72,42.32,49.42499999999999,0.0,8.81
2021-02-21 20:00:56,61.019999999999996,15.175000000000002,22.095,65.14,73.95,0.0,6.44
2021-02-21 21:00:56,103.79,29.2,25.49,64.295,74.64999999999999,0.0,8.05
2021-02-21 22:00:56,117.24333333333334,38.565,30.76,71.71,102.565,0.0,6.26
2021-02-21 23:00:56,125.68333333333334,50.54999999999999,19.23,57.324999999999996,80.735,0.0,5.26
2021-02-22 00:00:56,120.23666666666668,55.505,16.81,55.855,76.05,0.0,4.79
2021-02-22 01:00:56,114.49333333333334,57.82500000000001,14.780000000000001,53.395,69.255,0.0,4.92
2021-02-22 02:00:56,111.35,56.73,13.479999999999999,42.84,52.455000000000005,0.0,4.99
2021-02-22 03:00:56,92.16333333333333,52.07500000000001,12.21,50.165,61.23,0.0,5.7
2021-02-22 04:00:56,91.14333333333333,43.29,10.765,45.91,55.0,0.0,5.43
2021-02-22 05:00:56,78.76,31.52,10.14,42.29,51.44,0.0,5.55
2021-02-22 06:00:56,70.60666666666667,33.4,9.82,45.695,59.19499999999999,0.0,4.84
2021-02-22 07:00:56,62.120000000000005,23.62,9.03,49.645,69.47500000000001,0.0,6.4
2021-02-22 08:00:56,64.08,27.290000000000003,8.049999999999999,56.335,102.29,0.0,4.21
2021-02-22 09:00:56,87.69333333333334,28.875,10.165000000000001,77.3,140.435,0.0,5.02
2021-02-22 10:00:56,121.5,34.295,13.854999999999999,73.03,115.185,0.0,6.52
2021-02-22 11:00:56,142.16333333333333,38.985,21.02,72.985,106.60000000000001,0.0,7.24
2021-02-22 12:00:56,160.85666666666665,35.975,26.385,66.43,90.115,0.0,9.78
2021-02-22 13:00:56,168.61666666666667,40.01,31.924999999999997,48.615,62.41,0.0,12.12
2021-02-22 14:00:56,140.2,25.635,19.515,34.42,44.475,0.0,11.63
2021-02-22 15:00:56,94.37666666666667,18.905,21.48,41.580000000000005,54.800000000000004,0.0,12.11
2021-02-22 16:00:56,84.34,17.115,24.084999999999997,42.575,53.195,0.0,11.61
2021-02-22 17:00:56,77.36333333333333,15.97,23.275000000000002,47.025,59.565,0.0,10.04
2021-02-22 18:00:56,73.62333333333333,11.28,24.194999999999997,50.419999999999995,64.19,0.0,8.99
2021-02-22 19:00:56,72.94666666666666,14.089999999999998,27.849999999999998,68.7,81.66,0.0,10.11
2021-02-22 20:00:56,68.16,11.135,29.97,79.045,107.005,0.0,8.59
2021-02-22 21:00:56,93.19333333333333,18.475,54.715,98.39,165.47500000000002,0.0,5.57
2021-02-22 22:00:56,138.20999999999998,26.605,49.565,96.89999999999999,198.04,0.0,5.5
2021-02-22 23:00:56,153.14,43.4,30.76,85.82,146.525,0.0,6.88
2021-02-23 00:00:56,146.18666666666667,57.98499999999999,23.425,77.93,130.365,0.0,4.71
2021-02-23 01:00:56,135.09333333333333,60.305,21.62,72.03,127.87,0.0,7.03
2021-02-23 02:00:56,120.88333333333333,53.28,20.485,65.85000000000001,116.92,0.0,6.35
2021-02-23 03:00:56,118.29666666666668,63.615,18.415,62.79,96.67,0.0,6.88
2021-02-23 04:00:56,91.68666666666667,53.84,18.715,62.044999999999995,83.82,0.0,6.41
2021-02-23 05:00:56,84.47999999999999,43.0,17.415,54.725,75.91,0.0,7.48
2021-02-23 06:00:56,64.89666666666668,33.37,14.910000000000002,49.26000000000001,63.43,0.0,7.24
2021-02-23 07:00:56,64.28,35.88,14.829999999999998,55.415,93.25,0.0,5.13
2021-02-23 08:00:56,63.75666666666667,34.37,14.219999999999999,55.22,97.2,0.0,6.29
2021-02-23 09:00:56,69.59,36.41,18.25,59.865,133.875,0.0,7.51
2021-02-23 10:00:56,91.93333333333334,40.475,20.685,72.94,121.08,0.0,8.55
2021-02-23 11:00:56,139.14666666666668,45.645,26.534999999999997,58.185,85.58,0.0,14.89
2021-02-23 12:00:56,135.29,32.76,26.735,36.19,46.96,0.0,15.24
2021-02-23 13:00:56,96.81333333333333,24.795,28.33,38.0,47.665,0.0,15.05
2021-02-23 14:00:56,79.37666666666667,17.755,28.17,39.405,48.870000000000005,0.0,16.38
2021-02-23 15:00:56,71.63000000000001,16.345,25.645,42.275,51.32500000000001,0.0,15.0
2021-02-23 16:00:56,68.27666666666667,19.195,25.819999999999997,40.47,48.654999999999994,0.0,15.26
2021-02-23 17:00:56,69.26333333333334,21.91,30.38,51.085,62.324999999999996,0.0,13.62
2021-02-23 18:00:56,70.93666666666667,17.625,33.58,70.495,100.545,0.0,9.14
2021-02-23 19:00:56,91.92333333333332,15.910000000000002,35.805,124.625,350.1000000000001,0.0,9.14
2021-02-23 20:00:56,212.54,22.965,49.615,117.50999999999999,277.92,0.0,10.37
2021-02-23 21:00:56,220.2266666666667,39.475,37.754999999999995,99.57,227.475,0.0,9.66
2021-02-23 22:00:56,196.15333333333334,46.03,25.659999999999997,84.86500000000001,197.80000000000004,0.0,9.94
2021-02-23 23:00:56,203.82,65.59,24.95,81.295,174.785,0.0,7.56
2021-02-24 00:00:56,178.40666666666667,72.365,23.129999999999995,77.89999999999999,166.965,0.0,8.79
2021-02-24 01:00:56,166.79333333333335,71.51,21.689999999999998,77.98,153.41,0.0,8.29
2021-02-24 02:00:56,147.66,73.16,20.474999999999998,76.2,163.79999999999998,0.0,7.87
2021-02-24 03:00:56,145.92333333333335,66.93,19.235,71.02,112.41000000000001,0.0,8.8
2021-02-24 04:00:56,118.92,52.785,18.765,62.255,100.67,0.0,9.47
2021-02-24 05:00:56,110.57333333333334,53.38,17.745,58.785,86.84499999999998,0.0,9.14
2021-02-24 06:00:56,102.84666666666666,39.595,16.1,59.815,97.985,0.0,9.75
2021-02-24 07:00:56,92.82333333333334,43.69,15.594999999999999,64.68,110.53500000000001,0.0,9.77
2021-02-24 08:00:56,81.62,32.74,15.61,74.25999999999999,179.54999999999998,0.0,8.73
2021-02-24 09:00:56,89.95,35.885,21.939999999999998,79.545,199.29,0.0,10.79
2021-02-24 10:00:56,111.29333333333334,42.06,24.055000000000003,78.705,164.6,0.0,11.92
2021-02-24 11:00:56,134.18666666666667,44.75,29.175,80.54,124.81,0.0,10.12
2021-02-24 12:00:56,139.07,48.20000000000001,34.98,69.44,88.92500000000001,0.0,14.58
2021-02-24 13:00:56,154.94,43.82500000000001,22.235,35.18,43.85,0.0,15.78
2021-02-24 14:00:56,113.72,33.575,22.429999999999996,33.63,41.805,0.0,13.47
2021-02-24 15:00:56,87.50666666666666,24.995,22.915000000000003,42.21,50.955000000000005,0.0,11.81
2021-02-24 16:00:56,76.97333333333334,17.25,23.36,46.17499999999999,55.24,0.0,13.46
2021-02-24 17:00:56,71.6,13.515,24.845,46.98499999999999,57.76500000000001,0.0,13.42
2021-02-24 18:00:56,72.73333333333333,11.535000000000002,26.004999999999995,52.755,67.615,0.0,10.77
2021-02-24 19:00:56,69.8,10.305,25.179999999999996,47.669999999999995,60.824999999999996,0.0,11.37
2021-02-24 20:00:56,57.06666666666666,8.34,26.51,42.34,52.145,0.0,13.33
2021-02-24 21:00:56,43.366666666666674,5.57,24.525000000000002,32.335,40.89,0.0,13.25
2021-02-24 22:00:56,44.666666666666664,6.305,23.340000000000003,22.8,29.805000000000003,0.0,14.85
2021-02-24 23:00:56,38.123333333333335,7.265,23.195000000000004,20.91,27.724999999999998,0.0,15.34
2021-02-25 00:00:56,31.116666666666664,4.335,21.205000000000002,16.645,23.17,0.0,14.07
2021-02-25 01:00:56,25.62,3.44,21.615,19.99,26.69,0.0,14.27
2021-02-25 02:00:56,23.093333333333334,6.0,21.245,19.535,25.785,0.0,14.39
2021-02-25 03:00:56,21.383333333333336,3.7099999999999995,20.36,19.075,25.55,0.0,10.52
2021-02-25 04:00:56,20.846666666666664,2.64,19.705000000000002,18.495,24.705,0.0,13.03
2021-02-25 05:00:56,16.2,2.085,20.16,24.900000000000002,32.84,0.0,9.84
2021-02-25 06:00:56,21.906666666666666,7.37,19.74,23.365,32.105,0.0,9.65
2021-02-25 07:00:56,19.063333333333333,5.405,19.42,19.834999999999997,26.87,0.0,10.4
2021-02-25 08:00:56,18.39333333333333,3.4,18.73,33.27,44.375,0.0,8.72
2021-02-25 09:00:56,16.706666666666667,3.15,19.015,43.25,64.185,0.0,8.43
2021-02-25 10:00:56,19.796666666666667,5.785,20.51,41.27,59.31999999999999,0.0,7.86
2021-02-25 11:00:56,17.84,0.0,19.040000000000003,37.995,56.385,0.0,8.0
2021-02-25 12:00:56,24.586666666666666,9.41,20.59,37.995,51.73,0.0,8.37
2021-02-25 13:00:56,30.25,5.045,21.67,36.83,52.815,0.0,9.51
2021-02-25 14:00:56,40.17666666666667,3.285,21.515,33.15,48.77,0.0,8.44
2021-02-25 15:00:56,42.55666666666667,2.535,20.59,24.27,33.66,0.0,10.6
2021-02-25 16:00:56,39.92,2.1,20.715,25.314999999999998,34.7,0.0,10.22
2021-02-25 17:00:56,40.663333333333334,1.95,21.689999999999998,43.15,63.125,0.0,7.84
2021-02-25 18:00:56,50.776666666666664,1.66,22.929999999999996,43.504999999999995,61.59,0.0,7.53
2021-02-25 19:00:56,65.06,1.76,25.61,55.660000000000004,71.925,0.0,7.02
2021-02-25 20:00:56,79.70333333333333,3.695,27.08,55.595,70.245,0.0,7.67
2021-02-25 21:00:56,72.46333333333334,5.989999999999999,25.549999999999997,42.49,53.935,0.0,8.36
2021-02-25 22:00:56,75.28333333333333,7.59,26.28,51.375,63.975,0.0,7.12
2021-02-25 23:00:56,74.30333333333334,16.565,22.554999999999996,63.54999999999999,92.10000000000001,0.0,6.2
2021-02-26 00:00:56,86.34,13.85,18.99,56.455000000000005,85.98,0.0,5.85
2021-02-26 01:00:56,81.39666666666666,30.395,17.53,56.565,89.665,0.0,5.49
2021-02-26 02:00:56,79.66333333333334,30.59,17.345,57.13,78.57,0.0,5.99
2021-02-26 03:00:56,73.93333333333334,20.415,16.61,43.195,54.925000000000004,0.0,7.48
2021-02-26 04:00:56,58.406666666666666,17.795,16.455000000000002,34.05,43.080000000000005,0.0,6.99
2021-02-26 05:00:56,46.36,12.89,15.329999999999998,42.39,62.47,0.0,5.71
2021-02-26 06:00:56,43.1,15.520000000000001,14.64,41.82,56.94,0.0,5.54
2021-02-26 07:00:56,34.47,17.955,14.385,37.51,60.35,0.0,7.2
2021-02-26 08:00:56,30.71333333333333,15.295,14.11,47.91,91.96999999999998,0.0,6.27
2021-02-26 09:00:56,39.776666666666664,17.21,18.55,54.5,125.55,0.0,5.78
2021-02-26 10:00:56,61.29333333333334,25.88,27.939999999999998,53.81,95.31,0.0,6.17
2021-02-26 11:00:56,82.79,21.48,25.819999999999997,46.0,67.625,0.0,8.06
2021-02-26 12:00:56,91.61,26.265,21.095,30.645,42.66,0.0,9.9
2021-02-26 13:00:56,82.9,20.16,20.215,26.45,35.465,0.0,10.8
2021-02-26 14:00:56,74.21333333333334,11.675000000000002,20.224999999999998,29.825,42.03,0.0,9.65
2021-02-26 15:00:56,62.88333333333333,7.335,20.99,38.605,52.544999999999995,0.0,8.12
2021-02-26 16:00:56,63.60666666666667,6.705000000000001,21.599999999999998,38.95,55.01500000000001,0.0,8.48
2021-02-26 17:00:56,68.92333333333335,5.645,21.845,45.85999999999999,70.91,0.0,7.51
2021-02-26 18:00:56,79.08333333333333,5.56,22.925,52.305,78.96499999999999,0.0,6.75
2021-02-26 19:00:56,87.55666666666667,5.72,26.044999999999998,66.485,91.63,0.0,7.18
2021-02-26 20:00:56,101.48666666666666,8.205,34.51,72.52,95.825,0.0,7.32
2021-02-26 21:00:56,115.58333333333333,5.575,29.525000000000002,63.85,86.88999999999999,0.0,7.06
2021-02-26 22:00:56,110.87666666666667,14.324999999999998,23.995000000000005,66.34,87.235,0.0,6.29
2021-02-26 23:00:56,111.16999999999999,17.885,24.26,57.465,81.065,0.0,6.17
2021-02-27 00:00:56,130.26,24.955,21.525000000000002,50.415,93.25999999999999,0.0,6.3
2021-02-27 01:00:56,108.48666666666666,37.775,19.455000000000002,51.41,88.76499999999999,0.0,5.94
2021-02-27 02:00:56,95.64333333333333,43.645,17.825,50.395,82.63,0.0,5.81
2021-02-27 03:00:56,90.24,42.13,17.255,43.435,70.545,0.0,6.39
2021-02-27 04:00:56,79.12333333333333,35.135,16.925,38.925000000000004,63.75,0.0,6.23
2021-02-27 05:00:56,65.22333333333333,28.790000000000003,16.105,42.169999999999995,59.824999999999996,0.0,5.75
2021-02-27 06:00:56,56.04,22.28,15.82,41.4,52.949999999999996,0.0,5.76
2021-02-27 07:00:56,52.86333333333334,20.455,14.985,39.36,53.655,0.0,6.42
2021-02-27 08:00:56,42.74333333333334,16.625,14.36,47.53,104.86500000000001,0.0,5.92
2021-02-27 09:00:56,48.276666666666664,15.585,17.495,46.34,101.565,0.0,5.98
2021-02-27 10:00:56,59.14,27.485,23.455,55.02,96.96499999999999,0.0,6.53
2021-02-27 11:00:56,80.78666666666666,24.16,33.175,48.025,67.785,0.0,9.68
2021-02-27 12:00:56,90.24,22.755,27.385,30.909999999999997,41.59,0.0,12.74
2021-02-27 13:00:56,87.52333333333333,21.07,20.605,17.715,24.570000000000004,0.0,13.69
2021-02-27 14:00:56,60.79,11.875,24.495000000000005,21.405,28.48,0.0,10.83
2021-02-27 15:00:56,59.18,12.525,24.745,27.215000000000003,33.84,0.0,10.62
2021-02-27 16:00:56,61.76,8.415,25.775000000000002,28.47,35.67,0.0,9.8
2021-02-27 17:00:56,58.75,4.585,25.05,29.49,36.735,0.0,9.66
2021-02-27 18:00:56,69.76,3.99,24.054999999999996,37.78,45.080000000000005,0.0,10.58
2021-02-27 19:00:56,71.42,2.855,26.615,44.23,54.375,0.0,7.32
2021-02-27 20:00:56,75.67333333333333,7.38,29.584999999999997,68.795,103.14999999999999,0.0,8.06
2021-02-27 21:00:56,126.81,9.45,38.599999999999994,84.96,163.845,0.0,9.73
2021-02-27 22:00:56,174.25333333333333,24.915000000000003,32.254999999999995,64.64,131.445,0.0,5.84
2021-02-27 23:00:56,172.94333333333333,37.08,27.245,61.43,126.5,0.0,5.66
2021-02-28 00:00:56,159.87,44.01500000000001,23.74,55.93,117.915,0.0,5.15
2021-02-28 01:00:56,154.24333333333334,50.835,21.21,51.830000000000005,104.26,0.0,5.78
2021-02-28 02:00:56,140.76666666666665,45.37,20.71,54.215,112.13,0.0,5.98
2021-02-28 03:00:56,133.2,51.605,20.27,49.845,103.22000000000001,0.0,6.04
2021-02-28 04:00:56,116.87333333333333,45.580000000000005,19.355,50.32,103.745,0.0,5.82
2021-02-28 05:00:56,107.66333333333333,46.45000000000001,18.97,45.98,88.67,0.0,5.6
2021-02-28 06:00:56,88.86000000000001,39.585,17.715,39.875,72.725,0.0,6.28
2021-02-28 07:00:56,82.76,33.15,16.805,46.10999999999999,81.47500000000001,0.0,6.28
2021-02-28 08:00:56,70.17666666666666,22.820000000000004,17.044999999999998,51.845,118.90500000000002,0.0,5.07
2021-02-28 09:00:56,72.12333333333333,30.135,20.625,51.455000000000005,112.17,0.0,5.75
2021-02-28 10:00:56,85.41333333333333,34.815,27.58,54.205000000000005,87.245,0.0,8.02
2021-02-28 11:00:56,97.17,41.07,27.075000000000003,34.405,45.365,0.0,10.15
2021-02-28 12:00:56,74.45333333333333,33.5,22.054999999999996,22.325,30.13,0.0,11.46
2021-02-28 13:00:56,87.77333333333333,18.7,20.525000000000002,21.015,29.13,0.0,40.91
2021-02-28 14:00:56,56.68666666666667,16.05,22.474999999999998,21.3,28.39,0.0,10.38
2021-02-28 15:00:56,58.00333333333333,9.095,26.850000000000005,23.755000000000006,31.97,0.0,9.55
2021-02-28 16:00:56,60.31333333333333,9.355,24.715000000000003,26.060000000000002,33.885,0.0,9.19
2021-02-28 17:00:56,68.58,8.935,24.224999999999998,23.810000000000002,32.54,0.0,8.56
2021-02-28 18:00:56,46.86,5.495,24.355,29.06,39.36,0.0,8.05
2021-02-28 19:00:56,32.556666666666665,4.965,21.525000000000002,33.199999999999996,44.1,0.0,6.61
2021-02-28 20:00:56,30.08,8.0,19.63,32.535000000000004,41.815,0.0,8.65
2021-02-28 21:00:56,22.2,4.555,18.535,35.26499999999999,44.629999999999995,0.0,8.45
2021-02-28 22:00:56,22.546666666666667,3.2000000000000006,18.145,30.41,39.91,0.0,9.98
2021-02-28 23:00:56,19.44333333333333,2.795,17.83,32.355,40.015,0.0,10.4
2021-03-01 00:00:56,29.936666666666667,4.275,18.185,21.895,28.675,0.0,13.49
2021-03-01 01:00:56,21.65,2.82,18.83,14.57,20.915000000000003,0.0,11.72
2021-03-01 02:00:56,15.776666666666666,1.46,18.785,14.17,20.555,0.0,13.64
2021-03-01 03:00:56,10.986666666666666,1.34,18.09,17.555,24.540000000000003,0.0,14.55
2021-03-01 04:00:56,9.31,2.45,17.825,17.900000000000002,24.67,0.0,12.83
2021-03-01 05:00:56,10.203333333333333,2.56,17.540000000000003,19.650000000000002,27.495,0.0,12.46
2021-03-01 06:00:56,12.453333333333333,0.0,16.425,20.895,27.69,0.0,9.9
2021-03-01 07:00:56,16.796666666666667,2.945,16.185,39.345,54.655,0.0,7.39
2021-03-01 08:00:56,10.536666666666667,3.155,16.145,59.725,85.23,0.0,7.49
2021-03-01 09:00:56,16.15,11.354999999999999,20.965,60.885,117.05,0.0,7.16
2021-03-01 10:00:56,38.026666666666664,15.24,24.189999999999998,67.305,130.975,0.0,5.75
2021-03-01 11:00:56,49.7,18.31,28.810000000000002,62.20000000000001,94.66000000000001,0.0,7.46
2021-03-01 12:00:56,71.03333333333333,18.36,31.700000000000003,50.300000000000004,68.82,0.0,8.55
2021-03-01 13:00:56,84.85666666666667,28.274999999999995,23.49,46.330000000000005,69.755,0.0,7.84
2021-03-01 14:00:56,69.25333333333333,17.065,19.98,42.855,65.595,0.0,7.83
2021-03-01 15:00:56,61.25333333333333,10.315,21.22,41.195,60.79,0.0,7.92
2021-03-01 16:00:56,57.656666666666666,7.16,18.86,30.045,41.22,0.0,9.05
2021-03-01 17:00:56,53.39666666666667,11.035000000000002,20.295,32.73,43.41,0.0,9.53
2021-03-01 18:00:56,58.63666666666667,6.38,20.674999999999997,49.175000000000004,76.41,0.0,7.42
2021-03-01 19:00:56,65.91,6.105,23.379999999999995,55.48499999999999,86.11500000000001,0.0,6.68
2021-03-01 20:00:56,67.58666666666666,4.6,28.819999999999997,68.35000000000001,112.93,0.0,5.72
2021-03-01 21:00:56,82.9,7.63,36.835,63.669999999999995,103.515,0.0,6.0
2021-03-01 22:00:56,101.93,8.12,25.974999999999998,59.080000000000005,84.245,0.0,6.96
2021-03-01 23:00:56,89.83,9.825,20.790000000000003,59.1,79.99000000000001,0.0,6.99
2021-03-02 00:00:56,71.52333333333334,8.615,18.505,46.495000000000005,59.24,0.0,8.14
2021-03-02 01:00:56,54.086666666666666,6.27,17.515,42.955000000000005,53.35,0.0,7.52
2021-03-02 02:00:56,51.34,13.01,17.495,28.875,38.525,0.0,8.28
2021-03-02 03:00:56,39.5,12.67,17.075,26.290000000000003,33.06,0.0,9.06
2021-03-02 04:00:56,31.23,12.49,16.395,30.700000000000003,39.61,0.0,7.35
2021-03-02 05:00:56,30.67,9.43,15.545000000000002,22.195000000000004,28.84,0.0,10.15
2021-03-02 06:00:56,23.290000000000003,8.48,14.979999999999999,25.985,33.02,0.0,8.09
2021-03-02 07:00:56,20.08,10.16,14.93,38.78,53.330000000000005,0.0,7.6
2021-03-02 08:00:56,33.32333333333333,8.97,14.034999999999998,45.65,81.375,0.0,6.72
2021-03-02 09:00:56,36.333333333333336,11.455,16.655,49.705000000000005,87.90500000000002,0.0,7.19
2021-03-02 10:00:56,35.68333333333334,8.495,18.224999999999998,35.625,53.305,0.0,8.46
2021-03-02 11:00:56,45.623333333333335,11.449999999999998,16.474999999999998,24.77,34.535,0.0,9.55
2021-03-02 12:00:56,36.94,5.895,16.635,24.37,34.455,0.0,9.74
2021-03-02 13:00:56,37.513333333333335,4.62,17.200000000000003,27.05,38.074999999999996,0.0,10.19
2021-03-02 14:00:56,38.29333333333334,7.91,17.84,28.38,39.32,0.0,10.79
2021-03-02 15:00:56,31.166666666666668,6.900000000000001,19.095,29.820000000000004,40.865,0.0,10.41
2021-03-02 16:00:56,35.04666666666667,4.35,19.97,28.995,39.305,0.0,9.72
2021-03-02 17:00:56,36.07,6.19,20.93,26.855,35.86,0.0,9.8
2021-03-02 18:00:56,36.35666666666667,3.395,22.03,33.725,44.935,0.0,9.56
2021-03-02 19:00:56,40.056666666666665,2.145,23.804999999999996,40.52,52.85,0.0,9.04
2021-03-02 20:00:56,41.9,2.435,24.584999999999997,42.76,56.415,0.0,8.76
2021-03-02 21:00:56,44.346666666666664,7.535,23.75,29.105,37.515,0.0,9.59
2021-03-02 22:00:56,44.333333333333336,5.349999999999999,23.345,20.349999999999998,27.554999999999996,0.0,10.29
2021-03-02 23:00:56,39.61,6.745,20.075,21.804999999999996,29.045,0.0,9.85
2021-03-03 00:00:56,28.303333333333335,7.22,20.03,26.83,35.24,0.0,8.18
2021-03-03 01:00:56,26.123333333333335,4.36,17.665,36.620000000000005,46.59,0.0,8.16
2021-03-03 02:00:56,28.83666666666667,3.625,17.385,32.17,39.574999999999996,0.0,8.46
2021-03-03 03:00:56,33.29666666666667,5.739999999999999,16.78,33.824999999999996,42.645,0.0,7.93
2021-03-03 04:00:56,30.733333333333334,5.585,15.709999999999999,30.67,38.495,0.0,7.77
2021-03-03 05:00:56,28.65,9.17,14.950000000000001,30.5,40.38,0.0,6.91
2021-03-03 06:00:56,31.05,9.84,14.329999999999998,31.165000000000003,41.13,0.0,6.9
2021-03-03 07:00:56,24.81,8.215,13.420000000000002,40.87,59.39000000000001,0.0,7.06
2021-03-03 08:00:56,30.443333333333335,6.07,12.825000000000001,50.195,93.93,0.0,6.45
2021-03-03 09:00:56,51.64,15.14,18.935,47.79,88.07499999999999,0.0,6.75
2021-03-03 10:00:56,71.55,18.325,23.120000000000005,49.655,88.08999999999999,0.0,7.83
2021-03-03 11:00:56,84.70666666666666,19.97,22.64,38.955,54.35,0.0,9.71
2021-03-03 12:00:56,87.40666666666667,19.775,19.01,35.71,49.15,0.0,9.33
2021-03-03 13:00:56,84.24333333333334,14.375,20.900000000000002,38.215,50.305,0.0,9.48
2021-03-03 14:00:56,75.27333333333333,11.160000000000002,21.845,37.83,48.525000000000006,0.0,9.43
2021-03-03 15:00:56,66.23,11.08,21.145,27.02,36.800000000000004,0.0,10.57
2021-03-03 16:00:56,46.14333333333333,8.9,21.425,20.375,28.540000000000003,0.0,10.09
2021-03-03 17:00:56,42.44,5.23,21.24,29.345,39.044999999999995,0.0,9.42
2021-03-03 18:00:56,39.57,2.6749999999999994,22.314999999999998,35.724999999999994,45.44,0.0,9.28
2021-03-03 19:00:56,55.196666666666665,1.8,24.269999999999996,36.175000000000004,46.98499999999999,0.0,9.25
2021-03-03 20:00:56,47.43000000000001,3.035,20.295,33.635,43.315,0.0,9.25
2021-03-03 21:00:56,43.68333333333334,6.44,19.315,27.930000000000003,36.285,0.0,9.53
2021-03-03 22:00:56,32.96333333333333,3.565,17.46,19.425,26.285,0.0,10.81
2021-03-03 23:00:56,26.21,2.52,16.7,18.86,25.55,0.0,10.39
2021-03-04 00:00:56,64.57666666666667,3.305,15.875,18.595,25.290000000000003,0.0,10.21
2021-03-04 01:00:56,56.44333333333333,6.56,14.979999999999999,14.545,21.0,0.0,10.37
2021-03-04 02:00:56,33.373333333333335,8.115,14.32,13.479999999999999,19.815,0.0,10.35
2021-03-04 03:00:56,22.189999999999998,8.49,14.055,13.565,19.685,0.0,10.23
2021-03-04 04:00:56,13.003333333333332,0.0,13.045000000000002,11.85,17.955,0.0,10.66
2021-03-04 05:00:56,8.399999999999999,3.7550000000000003,12.800000000000002,11.875,18.06,0.0,10.37
2021-03-04 06:00:56,8.780000000000001,4.255,12.725,12.945,19.165000000000003,0.0,10.74
2021-03-04 07:00:56,6.52,3.35,12.39,21.09,28.340000000000003,0.0,9.81
2021-03-04 08:00:56,9.623333333333333,4.68,12.310000000000002,40.765,57.23,0.0,8.27
2021-03-04 09:00:56,19.433333333333334,4.985,15.344999999999999,55.635,92.255,0.0,7.53
2021-03-04 10:00:56,35.29333333333334,2.795,14.925000000000002,39.58,58.885,0.0,7.83
2021-03-04 11:00:56,31.6,2.095,12.314999999999998,28.26,39.62,0.0,9.46
2021-03-04 12:00:56,25.08,1.51,13.660000000000002,23.935000000000002,34.305,0.0,10.02
2021-03-04 13:00:56,21.29,2.955,15.0,26.265,36.47,0.0,10.03
2021-03-04 14:00:56,31.633333333333333,3.7999999999999994,20.425,23.875,31.230000000000004,0.0,9.32
2021-03-04 15:00:56,30.53333333333333,4.565,22.209999999999997,26.935,34.72,0.0,9.19
2021-03-04 16:00:56,39.379999999999995,6.575,23.090000000000003,30.284999999999997,42.43,0.0,8.58
2021-03-04 17:00:56,41.6,8.02,23.209999999999997,24.345,31.86,0.0,9.92
2021-03-04 18:00:56,45.053333333333335,6.72,22.885,27.385,34.805,0.0,9.96
2021-03-04 19:00:56,44.72,3.92,26.59,58.79,82.87,0.0,9.05
2021-03-04 20:00:56,78.27666666666667,7.62,35.620000000000005,73.64999999999999,118.665,0.0,7.27
2021-03-04 21:00:56,100.40333333333334,16.805,31.819999999999997,74.59,138.325,0.0,6.63
2021-03-04 22:00:56,135.41,24.27,27.015,62.324999999999996,129.39,0.0,6.96
2021-03-04 23:00:56,135.20333333333332,39.72,25.694999999999997,64.06,112.53000000000002,0.0,6.51
2021-03-05 00:00:56,139.28333333333333,38.595,24.180000000000003,58.47,114.13,0.0,6.99
2021-03-05 01:00:56,127.44666666666667,45.38,20.685,51.415,81.355,0.0,6.78
2021-03-05 02:00:56,103.64666666666666,42.075,19.57,47.39000000000001,84.185,0.0,6.18
2021-03-05 03:00:56,88.44,31.155,19.085,51.10999999999999,91.81,0.0,6.2
2021-03-05 04:00:56,77.94333333333333,27.399999999999995,17.97,44.63999999999999,72.625,0.0,7.0
2021-03-05 05:00:56,64.47666666666666,26.035,17.37,41.81,69.995,0.0,5.95
2021-03-05 06:00:56,60.86333333333334,20.055,16.84,43.625,73.935,0.0,6.71
2021-03-05 07:00:56,52.78,25.795,16.04,42.830000000000005,86.28000000000002,0.0,7.25
2021-03-05 08:00:56,71.04666666666667,26.8,15.725,56.26,154.57000000000002,0.0,6.0
2021-03-05 09:00:56,87.82000000000001,32.115,19.395,58.465,179.82000000000002,0.0,6.83
2021-03-05 10:00:56,163.72333333333333,40.135,21.78,74.195,189.235,0.0,6.6
2021-03-05 11:00:56,188.15666666666667,43.635,21.965,46.254999999999995,70.545,0.0,10.97
2021-03-05 12:00:56,123.07,31.850000000000005,6.395,29.419999999999998,39.725,0.0,11.03
2021-03-05 13:00:56,74.27666666666667,17.51,13.235,6.239999999999999,0.0,0.0,11.43
2021-03-05 14:00:56,57.513333333333335,9.91,20.849999999999998,25.47,32.23,0.0,13.05
2021-03-05 15:00:56,43.29333333333334,6.48,22.299999999999997,28.560000000000002,35.415,0.0,10.42
2021-03-05 16:00:56,38.49,3.64,22.084999999999997,27.62,34.370000000000005,0.0,9.95
2021-03-05 17:00:56,39.336666666666666,4.475,21.29,28.785,35.185,0.0,10.8
2021-03-05 18:00:56,40.156666666666666,8.33,21.805000000000003,35.385,42.76500000000001,0.0,9.88
2021-03-05 19:00:56,59.80333333333333,4.275,26.275000000000002,71.885,117.95,0.0,7.47
2021-03-05 20:00:56,100.67,5.375,31.189999999999998,97.89999999999999,281.23,0.0,6.18
2021-03-05 21:00:56,158.72666666666666,23.105,33.2,87.455,250.295,0.0,6.44
2021-03-05 22:00:56,207.53,36.205,33.785000000000004,80.11,228.745,0.0,6.65
2021-03-05 23:00:56,221.45,49.49,48.435,75.34500000000001,179.375,0.0,6.08
2021-03-06 00:00:56,180.48666666666668,33.97,33.77,62.625,114.455,0.0,7.18
2021-03-06 01:00:56,132.14,28.255,31.355,67.505,123.46999999999998,0.0,8.15
2021-03-06 02:00:56,133.46,35.165,27.959999999999997,68.175,138.23000000000002,0.0,6.39
2021-03-06 03:00:56,112.69,37.505,23.950000000000003,60.49,105.075,0.0,7.31
2021-03-06 04:00:56,86.16,31.01,21.680000000000003,61.135,99.855,0.0,6.28
2021-03-06 05:00:56,74.89333333333333,22.48,20.475,54.115,93.945,0.0,6.44
2021-03-06 06:00:56,69.74333333333333,25.99,19.83,59.96,113.08999999999999,0.0,6.23
2021-03-06 07:00:56,67.39333333333333,24.49,19.385,61.03,138.435,0.0,7.05
2021-03-06 08:00:56,81.62333333333333,28.975000000000005,20.51,71.67,209.01999999999998,0.0,6.92
2021-03-06 09:00:56,91.01333333333332,33.33,25.705000000000002,79.53,258.245,0.0,7.03
2021-03-06 10:00:56,152.48999999999998,40.445,36.56,104.65500000000002,282.4,0.0,6.72
2021-03-06 11:00:56,194.26333333333332,55.32500000000001,39.605,89.27499999999999,157.045,0.0,9.23
2021-03-06 12:00:56,161.37666666666667,41.265,39.535,57.01500000000001,75.615,0.0,10.94
2021-03-06 13:00:56,118.12666666666667,21.0,30.334999999999997,52.335,68.52,0.0,8.66
2021-03-06 14:00:56,92.9,13.025,26.63,59.225,67.555,0.0,9.53
2021-03-06 15:00:56,80.61333333333333,11.68,26.299999999999997,47.169999999999995,54.02,0.0,11.76
2021-03-06 16:00:56,74.94333333333333,7.145,26.875,50.900000000000006,58.01,0.0,10.97
2021-03-06 17:00:56,60.43,8.955,28.37,42.964999999999996,50.294999999999995,0.0,10.07
2021-03-06 18:00:56,55.663333333333334,10.085,28.149999999999995,56.165,64.465,0.0,8.79
2021-03-06 19:00:56,61.05666666666667,10.435,30.524999999999995,69.135,86.325,0.0,8.47
2021-03-06 20:00:56,70.31333333333333,15.78,46.845,78.69,101.89,0.0,6.77
2021-03-06 21:00:56,97.99666666666667,16.59,34.315,32.12,38.94,0.0,11.55
2021-03-06 22:00:56,69.95666666666666,14.745,32.050000000000004,21.77,28.045,0.0,11.7
2021-03-06 23:00:56,53.7,16.125,34.285,26.75,32.965,0.0,11.03
2021-03-07 00:00:56,53.18,10.38,34.6,31.265,39.255,0.0,9.72
2021-03-07 01:00:56,43.14333333333333,6.06,48.44,33.79,40.96,0.0,11.55
2021-03-07 02:00:56,50.41,3.99,35.775,35.955000000000005,43.669999999999995,0.0,10.3
2021-03-07 03:00:56,57.73333333333333,7.330000000000001,24.0,15.475,21.540000000000003,0.0,10.83
2021-03-07 04:00:56,53.18,13.195,21.625,12.08,18.33,0.0,10.01
2021-03-07 05:00:56,39.82,7.695,20.735,11.245,17.41,0.0,11.21
2021-03-07 06:00:56,27.873333333333335,4.635,19.955,9.854999999999999,16.2,0.0,9.03
2021-03-07 07:00:56,28.27,4.685,19.165,10.75,17.17,0.0,10.81
2021-03-07 08:00:56,17.063333333333333,3.14,18.57,16.45,23.885,0.0,8.96
2021-03-07 09:00:56,16.006666666666664,2.545,18.47,19.38,27.75,0.0,8.88
2021-03-07 10:00:56,19.96333333333333,1.755,20.075,21.355,30.47,0.0,9.97
2021-03-07 11:00:56,14.713333333333333,1.21,20.51,20.075,29.115,0.0,7.73
2021-03-07 12:00:56,17.25,2.685,20.95,22.584999999999997,32.165,0.0,9.41
2021-03-07 13:00:56,19.226666666666667,3.78,20.794999999999998,25.55,36.005,0.0,8.15
2021-03-07 14:00:56,19.63,3.7449999999999997,21.135,23.865,33.725,0.0,7.59
2021-03-07 15:00:56,11.503333333333334,5.625,20.05,31.61,44.74000000000001,0.0,6.95
2021-03-07 16:00:56,16.63,3.7000000000000006,20.775,33.56,49.155,0.0,7.72
2021-03-07 17:00:56,14.823333333333332,3.07,20.07,31.05,42.754999999999995,0.0,6.97
2021-03-07 18:00:56,18.47,4.45,20.22,31.2,41.96,0.0,8.87
2021-03-07 19:00:56,21.22,2.81,20.72,33.745,44.51,0.0,8.49
2021-03-07 20:00:56,23.51,1.67,20.799999999999997,30.955000000000002,39.985,0.0,9.88
2021-03-07 21:00:56,19.08,1.5650000000000002,20.635,27.040000000000003,35.41,0.0,9.99
2021-03-07 22:00:56,20.736666666666668,4.14,20.3,20.705,28.015,0.0,10.33
2021-03-07 23:00:56,15.966666666666669,3.105,20.145,16.97,23.524999999999995,0.0,10.07
2021-03-08 00:00:56,13.94,2.81,19.98,18.015,24.525000000000002,0.0,10.22
2021-03-08 01:00:56,11.413333333333334,4.78,18.86,14.82,21.605,0.0,9.73
2021-03-08 02:00:56,11.623333333333333,3.205,18.685,13.825000000000001,20.05,0.0,10.26
2021-03-08 03:00:56,9.286666666666667,2.425,17.99,14.459999999999999,20.63,0.0,10.57
2021-03-08 04:00:56,7.62,2.555,17.135,14.39,20.805,0.0,10.54
2021-03-08 05:00:56,9.986666666666666,4.085,16.585,17.145,23.625,0.0,8.81
2021-03-08 06:00:56,17.80666666666667,2.4,16.68,16.895,23.095,0.0,9.91
2021-03-08 07:00:56,21.53333333333333,3.43,16.435000000000002,20.279999999999998,29.080000000000002,0.0,9.24
2021-03-08 08:00:56,20.67,2.07,16.195,33.93,47.004999999999995,0.0,8.7
2021-03-08 09:00:56,28.376666666666665,4.765,17.395,42.26,58.33500000000001,0.0,7.27
2021-03-08 10:00:56,37.236666666666665,11.020000000000001,20.0,25.7,37.745,0.0,8.76
2021-03-08 11:00:56,33.736666666666665,9.83,19.669999999999998,21.419999999999998,30.459999999999997,0.0,8.61
2021-03-08 12:00:56,34.95666666666666,8.81,18.925,16.285,24.37,0.0,10.26
2021-03-08 13:00:56,25.403333333333332,7.260000000000001,19.285,19.91,28.315,0.0,8.8
2021-03-08 14:00:56,31.313333333333333,5.785,19.96,20.66,27.61,0.0,8.79
2021-03-08 15:00:56,26.063333333333333,3.68,20.875,21.294999999999998,29.439999999999998,0.0,7.99
2021-03-08 16:00:56,27.186666666666667,3.36,19.58,19.49,26.930000000000003,0.0,8.81
2021-03-08 17:00:56,16.346666666666668,2.11,19.71,22.425,29.765,0.0,8.27
2021-03-08 18:00:56,27.246666666666666,2.44,20.41,23.450000000000003,30.625,0.0,9.05
2021-03-08 19:00:56,22.21666666666667,5.625,21.09,34.915,42.98499999999999,0.0,8.22
2021-03-08 20:00:56,25.87666666666667,6.330000000000001,23.935000000000002,75.54,140.14,0.0,7.13
2021-03-08 21:00:56,52.846666666666664,10.385,22.340000000000003,75.1,161.705,0.0,6.47
2021-03-08 22:00:56,79.4,21.570000000000004,20.14,67.175,126.18,0.0,5.82
2021-03-08 23:00:56,84.13,29.649999999999995,19.72,51.745000000000005,96.25999999999999,0.0,6.4
2021-03-09 00:00:56,93.27,38.93,19.105,48.574999999999996,91.985,0.0,6.02
2021-03-09 01:00:56,91.14,42.92499999999999,17.67,50.51500000000001,82.185,0.0,6.06
2021-03-09 02:00:56,72.18,37.56,17.905,49.379999999999995,75.575,0.0,6.56
2021-03-09 03:00:56,61.35666666666667,32.185,17.465,47.125,72.14,0.0,5.53
2021-03-09 04:00:56,61.81333333333333,32.99,17.125,47.405,70.99000000000001,0.0,5.71
2021-03-09 05:00:56,54.58,26.315,17.06,47.105,70.39,0.0,5.75
2021-03-09 06:00:56,48.63,19.815,16.16,44.85999999999999,70.695,0.0,6.17
2021-03-09 07:00:56,51.75333333333333,20.175,15.245,44.195,75.89,0.0,5.76
2021-03-09 08:00:56,63.49666666666667,20.335,15.814999999999998,52.96,149.81,0.0,6.79
2021-03-09 09:00:56,80.96333333333334,25.595,19.955,62.26,201.25,0.0,6.66
2021-03-09 10:00:56,100.12333333333333,38.985,26.77,76.75999999999999,157.235,0.0,7.84
2021-03-09 11:00:56,127.57,43.635,25.534999999999997,51.004999999999995,69.47,0.0,10.52
2021-03-09 12:00:56,94.86333333333334,30.929999999999996,19.575,26.024999999999995,34.395,0.0,13.91
2021-03-09 13:00:56,60.31333333333333,22.575,20.17,29.015,38.43,0.0,10.93
2021-03-09 14:00:56,42.596666666666664,11.979999999999999,19.445,27.13,34.04,0.0,10.14
2021-03-09 15:00:56,23.736666666666668,6.755,20.185,27.39,34.095,0.0,12.7
2021-03-09 16:00:56,20.086666666666666,3.9599999999999995,21.07,22.814999999999998,29.405,0.0,14.65
2021-03-09 17:00:56,17.246666666666666,2.67,21.595,34.135,45.625,0.0,8.28
2021-03-09 18:00:56,16.303333333333335,2.025,19.865,30.974999999999998,38.300000000000004,0.0,9.5
2021-03-09 19:00:56,26.28333333333333,1.385,26.409999999999997,42.285000000000004,50.395,0.0,8.55
2021-03-09 20:00:56,43.486666666666665,4.18,34.58,76.81,112.42,0.0,6.22
2021-03-09 21:00:56,55.02333333333333,9.09,27.664999999999996,62.72,82.245,0.0,7.2
2021-03-09 22:00:56,63.25,11.82,22.49,52.51,64.56,0.0,7.79
2021-03-09 23:00:56,56.026666666666664,12.464999999999998,24.659999999999997,52.31,73.985,0.0,7.05
2021-03-10 00:00:56,77.19666666666666,17.325,22.790000000000003,59.625,98.63499999999999,0.0,5.76
2021-03-10 01:00:56,63.54,24.45,20.2,49.080000000000005,82.145,0.0,6.37
2021-03-10 02:00:56,74.93666666666667,33.265,20.475,46.78,60.135,0.0,6.83
2021-03-10 03:00:56,67.65,23.429999999999996,18.645,36.875,44.79,0.0,8.06
2021-03-10 04:00:56,63.52333333333333,23.165000000000003,19.24,44.504999999999995,55.70000000000001,0.0,7.08
2021-03-10 05:00:56,56.63666666666666,24.915000000000003,17.095,41.085,57.97,0.0,6.87
2021-03-10 06:00:56,48.89,16.665,16.025,38.245,55.03,0.0,5.63
2021-03-10 07:00:56,37.473333333333336,17.52,15.9,40.045,59.044999999999995,0.0,5.67
2021-03-10 08:00:56,53.23,23.395,15.79,48.544999999999995,111.42999999999999,0.0,6.09
2021-03-10 09:00:56,76.97333333333333,19.15,20.945,63.26500000000001,141.165,0.0,5.73
2021-03-10 10:00:56,115.27,36.0,25.799999999999997,72.18,127.14,0.0,6.52
2021-03-10 11:00:56,117.59333333333333,35.875,24.87,55.71,75.365,0.0,8.62
2021-03-10 12:00:56,98.52666666666667,33.02,36.36,54.9,71.565,0.0,8.67
2021-03-10 13:00:56,90.10666666666667,28.175,23.5,38.255,49.055,0.0,10.1
2021-03-10 14:00:56,72.79,19.995,21.545,30.694999999999997,38.745,0.0,12.99
2021-03-10 15:00:56,45.96,13.245,21.32,28.88,35.800000000000004,0.0,12.18
2021-03-10 16:00:56,31.736666666666668,7.544999999999999,21.819999999999997,35.14,43.245000000000005,0.0,13.43
2021-03-10 17:00:56,38.236666666666665,7.915,24.28,48.54,58.63,0.0,8.22
2021-03-10 18:00:56,43.916666666666664,4.635,25.700000000000003,62.6,76.645,0.0,7.49
2021-03-10 19:00:56,57.14666666666667,7.275000000000001,23.86,76.09,102.645,0.0,7.46
2021-03-10 20:00:56,72.47333333333333,16.175,27.115,85.945,131.52,0.0,5.91
2021-03-10 21:00:56,75.35666666666667,14.11,34.9,90.61,188.005,0.0,8.71
2021-03-10 22:00:56,115.40333333333334,27.215,34.075,80.47500000000001,143.18,0.0,10.15
2021-03-10 23:00:56,125.5,27.290000000000003,40.84,76.485,139.915,0.0,7.34
2021-03-11 00:00:56,121.14666666666668,39.135,43.935,82.585,149.62,0.0,5.46
2021-03-11 01:00:56,110.07666666666667,44.5,33.445,71.91,142.54,0.0,9.0
2021-03-11 02:00:56,106.61,42.315,31.900000000000002,65.41,120.96499999999999,0.0,9.33
2021-03-11 03:00:56,89.87333333333333,32.96,28.784999999999997,55.56,96.77,0.0,5.63
2021-03-11 04:00:56,73.81666666666666,25.195000000000004,24.245,50.415,92.62,0.0,10.75
2021-03-11 05:00:56,64.54,27.09,27.105000000000004,56.75,94.53500000000001,0.0,7.38
2021-03-11 06:00:56,67.07333333333334,24.505,26.42,54.38,81.64999999999999,0.0,7.05
2021-03-11 07:00:56,61.67333333333333,24.465,24.034999999999997,53.315,102.79,0.0,10.01
2021-03-11 08:00:56,67.25,23.185,26.049999999999997,61.21,144.45,0.0,7.64
2021-03-11 09:00:56,87.29666666666667,25.86,31.25,66.31,177.81499999999997,0.0,5.69
2021-03-11 10:00:56,105.64666666666668,32.61,32.37,71.52,155.2,0.0,8.64
2021-03-11 11:00:56,99.76,28.649999999999995,39.825,74.455,119.04500000000002,0.0,6.48
2021-03-11 12:00:56,96.81666666666666,20.22,55.150000000000006,61.370000000000005,90.615,0.0,8.21
2021-03-11 13:00:56,106.16666666666667,22.445000000000004,37.800000000000004,52.535,67.795,0.0,9.73
2021-03-11 14:00:56,85.67,19.175,39.545,67.38,105.305,0.0,7.69
2021-03-11 15:00:56,74.47,16.32,29.26,46.004999999999995,58.775,0.0,10.85
2021-03-11 16:00:56,43.24,18.605,18.075,31.709999999999997,40.565,0.0,11.54
2021-03-11 17:00:56,28.47,9.85,17.675,26.955,35.475,0.0,42.03
2021-03-11 18:00:56,22.94333333333333,7.56,18.295,37.845,52.705000000000005,0.0,9.11
2021-03-11 19:00:56,29.61,6.985,25.189999999999998,46.294999999999995,65.775,0.0,7.29
2021-03-11 20:00:56,19.64,7.05,20.92,45.82,65.905,0.0,7.4
2021-03-11 21:00:56,25.003333333333334,3.89,19.669999999999998,38.75,54.375,0.0,9.49
2021-03-11 22:00:56,27.473333333333333,2.93,23.090000000000003,29.855,40.48,0.0,8.93
2021-03-11 23:00:56,18.313333333333333,6.205000000000001,22.58,16.265,22.724999999999998,0.0,11.13
2021-03-12 00:00:56,21.883333333333333,6.64,22.435000000000002,13.93,20.255,0.0,11.03
2021-03-12 01:00:56,14.936666666666667,3.84,21.459999999999997,12.714999999999998,19.285,0.0,11.58
2021-03-12 02:00:56,10.0,2.0,20.44,11.5,17.775000000000002,0.0,11.94
2021-03-12 03:00:56,11.43,2.08,19.76,9.7,15.729999999999999,0.0,11.04
2021-03-12 04:00:56,10.343333333333334,0.0,19.09,9.854999999999999,15.964999999999998,0.0,11.8
2021-03-12 05:00:56,9.863333333333333,0.0,18.59,9.63,15.685,0.0,17.6
2021-03-12 06:00:56,12.153333333333334,10.5,18.14,9.87,16.82,0.0,10.43
2021-03-12 07:00:56,17.14333333333333,8.530000000000001,17.64,21.75,30.185000000000002,0.0,7.92
2021-03-12 08:00:56,18.68,8.055,18.16,43.04,66.77499999999999,0.0,8.04
2021-03-12 09:00:56,36.74666666666667,12.555,19.385,37.185,53.68000000000001,0.0,32.41
2021-03-12 10:00:56,39.303333333333335,7.59,17.595,26.195000000000004,36.635,0.0,16.58
2021-03-12 11:00:56,36.31666666666666,10.32,16.91,22.680000000000003,32.225,0.0,11.65
2021-03-12 12:00:56,31.676666666666666,9.155,17.645,16.71,23.62,0.0,28.87
2021-03-12 13:00:56,21.38,5.5249999999999995,23.054999999999996,21.995,30.689999999999998,0.0,39.43
2021-03-12 14:00:56,19.263333333333332,3.5050000000000003,22.680000000000003,17.535,24.439999999999998,0.0,35.42
2021-03-12 15:00:56,17.553333333333335,2.82,22.595,19.12,26.425,0.0,34.84
2021-03-12 16:00:56,21.66,6.34,23.715000000000003,21.485,29.215,0.0,39.0
2021-03-12 17:00:56,26.796666666666667,7.094999999999999,22.595,22.22,30.42,0.0,42.68
2021-03-12 18:00:56,29.276666666666667,6.595,21.840000000000003,22.814999999999998,31.215,0.0,37.67
2021-03-12 19:00:56,26.953333333333333,4.405,24.985,39.175000000000004,51.919999999999995,0.0,41.69
2021-03-12 20:00:56,36.31666666666667,8.83,32.865,58.550000000000004,83.75,0.0,37.65
2021-03-12 21:00:56,52.986666666666665,13.409999999999998,28.92,52.6,79.785,0.0,33.57
2021-03-12 22:00:56,57.77,12.62,33.185,61.615,86.07,0.0,37.84
2021-03-12 23:00:56,58.873333333333335,12.36,24.11,59.315,82.705,0.0,37.64
2021-03-13 00:00:56,60.46333333333333,17.985,22.060000000000002,48.39000000000001,87.705,0.0,32.31
2021-03-13 01:00:56,71.20666666666666,30.75,21.99,47.67499999999999,88.38999999999999,0.0,33.59
2021-03-13 02:00:56,79.58333333333334,39.745000000000005,20.795,48.445,82.61500000000001,0.0,31.99
2021-03-13 03:00:56,82.02333333333333,39.245,21.409999999999997,44.76500000000001,68.05,0.0,36.22
2021-03-13 04:00:56,58.41,24.100000000000005,21.575000000000003,45.82,71.325,0.0,32.62
2021-03-13 05:00:56,56.480000000000004,20.694999999999997,20.205,40.845,68.46499999999999,0.0,32.95
2021-03-13 06:00:56,50.983333333333334,17.775000000000002,19.565,36.385,57.885,0.0,35.03
2021-03-13 07:00:56,36.086666666666666,17.819999999999997,19.19,39.235,60.18,0.0,26.38
2021-03-13 08:00:56,43.43666666666667,22.855,20.995,45.495000000000005,90.38499999999999,0.0,26.62
2021-03-13 09:00:56,55.43666666666667,19.045,27.825,51.815,105.38999999999999,0.0,32.96
2021-03-13 10:00:56,63.413333333333334,25.004999999999995,27.424999999999997,57.48,95.455,0.0,36.24
2021-03-13 11:00:56,59.77666666666667,12.200000000000001,22.975000000000005,35.300000000000004,48.01500000000001,0.0,32.27
2021-03-13 12:00:56,52.89333333333333,15.495,21.425,19.790000000000003,27.3,0.0,38.38
2021-03-13 13:00:56,38.82666666666667,13.885,21.710000000000004,20.795,28.02,0.0,34.68
2021-03-13 14:00:56,26.636666666666667,7.82,22.674999999999997,27.275000000000002,34.66,0.0,30.45
2021-03-13 15:00:56,27.556666666666665,4.365,23.179999999999996,20.935,27.445000000000004,0.0,27.11
2021-03-13 16:00:56,20.04,5.489999999999999,23.125,32.044999999999995,40.925,0.0,28.18
2021-03-13 17:00:56,24.866666666666667,8.48,23.174999999999997,29.930000000000003,36.52,0.0,31.14
2021-03-13 18:00:56,27.086666666666666,7.614999999999999,20.615,37.88,45.044999999999995,0.0,31.84
2021-03-13 19:00:56,35.14,4.66,26.235,41.1,49.47,0.0,28.93
2021-03-13 20:00:56,45.86333333333334,4.25,29.845,67.17,109.625,0.0,28.72
2021-03-13 21:00:56,74.97999999999999,16.155,41.1,84.56,170.32,0.0,24.19
2021-03-13 22:00:56,104.42333333333333,30.935,40.14,76.495,145.36,0.0,23.41
2021-03-13 23:00:56,104.49,40.17,43.54,79.46,146.36,0.0,32.83
2021-03-14 00:00:56,116.40333333333334,44.01000000000001,33.475,74.17,135.67499999999998,0.0,27.54
2021-03-14 01:00:56,99.09333333333333,38.78,31.745,69.035,125.555,0.0,29.18
2021-03-14 02:00:56,94.44333333333333,43.48499999999999,30.36,63.125,123.43,0.0,25.5
2021-03-14 03:00:56,92.48,48.59,37.915,49.535,100.35000000000001,0.0,29.6
2021-03-14 04:00:56,96.69,49.19499999999999,33.93,54.77,86.99000000000001,0.0,27.57
2021-03-14 05:00:56,70.05666666666667,42.77,29.519999999999996,47.955000000000005,65.965,0.0,25.71
2021-03-14 06:00:56,58.8,32.395,27.314999999999998,48.21,67.14999999999999,0.0,27.71
2021-03-14 07:00:56,54.61,27.5,27.040000000000003,45.77,64.395,0.0,26.92
2021-03-14 08:00:56,51.526666666666664,24.8,32.665,54.01,96.48,0.0,27.13
2021-03-14 09:00:56,65.70666666666666,24.695000000000004,33.045,53.1,105.46,0.0,22.95
2021-03-14 10:00:56,70.25333333333333,29.53,33.38,45.32,66.745,0.0,28.64
2021-03-14 11:00:56,69.72333333333333,30.3,27.224999999999998,33.98,43.385,0.0,29.28
2021-03-14 12:00:56,47.86666666666667,22.53,25.265,27.615,35.175000000000004,0.0,26.39
2021-03-14 13:00:56,35.333333333333336,14.525,22.64,29.695000000000004,37.785,0.0,27.76
2021-03-14 14:00:56,29.16,8.68,24.705000000000002,31.165000000000003,38.525,0.0,26.4
2021-03-14 15:00:56,25.57,5.925,22.925,35.275,42.895,0.0,30.47
2021-03-14 16:00:56,26.186666666666667,5.915,22.545,40.805,48.38999999999999,0.0,26.8
2021-03-14 17:00:56,28.176666666666666,11.12,22.679999999999996,42.31,48.76,0.0,30.19
2021-03-14 18:00:56,33.43,8.424999999999999,23.78,48.5,55.315,0.0,31.82
2021-03-14 19:00:56,38.39,5.94,29.36,65.14,77.105,0.0,29.37
2021-03-14 20:00:56,53.14666666666667,9.73,42.849999999999994,101.015,194.085,0.0,28.65
2021-03-14 21:00:56,104.02666666666667,21.909999999999997,47.285,87.235,159.42499999999998,0.0,25.94
2021-03-14 22:00:56,131.45666666666668,33.52,46.20000000000001,82.145,130.815,0.0,24.61
2021-03-14 23:00:56,124.70333333333333,25.955,51.05500000000001,74.01499999999999,99.555,0.0,28.86
2021-03-15 00:00:56,97.59,24.13,36.64,63.15,105.585,0.0,22.92
2021-03-15 01:00:56,88.59,17.555,36.56,54.905,76.37,0.0,22.16
2021-03-15 02:00:56,83.47666666666667,15.58,39.11,61.51,78.72500000000001,0.0,29.16
2021-03-15 03:00:56,61.97,15.985,30.570000000000004,23.38,30.44,0.0,28.32
2021-03-15 04:00:56,35.71,14.235,27.49,22.66,29.715,0.0,25.21
2021-03-15 05:00:56,28.23,11.57,26.340000000000003,27.054999999999996,34.01,0.0,28.01
2021-03-15 06:00:56,18.236666666666668,6.59,25.49,37.665,50.57500000000001,0.0,26.57
2021-03-15 07:00:56,17.156666666666666,4.23,24.340000000000003,43.16,65.315,0.0,22.52
2021-03-15 08:00:56,30.240000000000002,4.705,26.564999999999998,57.375,160.31,0.0,34.47
2021-03-15 09:00:56,60.526666666666664,18.2,33.785,66.035,196.17499999999998,0.0,23.48
2021-03-15 10:00:56,102.08,23.26,41.81,60.37,133.77,0.0,29.02
2021-03-15 11:00:56,93.35,23.535,37.885,41.07,54.96,0.0,26.43
2021-03-15 12:00:56,64.96666666666667,21.974999999999998,26.11,25.790000000000003,35.015,0.0,28.93
2021-03-15 13:00:56,40.2,16.35,27.075,25.575,33.54,0.0,31.28
2021-03-15 14:00:56,28.273333333333337,4.26,25.120000000000005,27.724999999999998,35.275,0.0,26.32
2021-03-15 15:00:56,31.976666666666663,3.8949999999999996,27.86,33.580000000000005,41.02,0.0,27.69
2021-03-15 16:00:56,32.06666666666666,10.15,24.385,30.179999999999996,38.370000000000005,0.0,29.97
2021-03-15 17:00:56,28.17,6.32,23.74,43.43000000000001,56.52,0.0,34.07
2021-03-15 18:00:56,28.126666666666665,5.315,24.045,31.925,40.935,0.0,31.76
2021-03-15 19:00:56,36.64666666666667,9.585,22.88,50.84,73.39,0.0,33.47
2021-03-15 20:00:56,42.276666666666664,11.844999999999999,27.615,50.26500000000001,70.75999999999999,0.0,26.76
2021-03-15 21:00:56,46.89,14.735,29.23,53.85,80.11,0.0,26.11
2021-03-15 22:00:56,41.65,14.87,27.83,33.765,43.715,0.0,30.65
2021-03-15 23:00:56,33.39333333333333,9.83,26.23,22.575000000000003,30.540000000000003,0.0,31.1
2021-03-16 00:00:56,27.506666666666668,13.300000000000002,24.01,20.14,26.875,0.0,31.05
2021-03-16 01:00:56,28.523333333333333,15.595,23.015,29.625,39.925,0.0,35.62
2021-03-16 02:00:56,32.95666666666667,8.785,23.039999999999996,34.19,46.074999999999996,0.0,23.67
2021-03-16 03:00:56,35.87,5.905,23.215000000000003,41.18000000000001,54.345,0.0,27.69
2021-03-16 04:00:56,40.1,9.105,22.7,31.565,43.31,0.0,34.17
2021-03-16 05:00:56,36.07666666666667,10.87,23.425,24.49,32.24,0.0,37.79
2021-03-16 06:00:56,31.96,10.735,22.805000000000003,30.52,41.285,0.0,28.05
2021-03-16 07:00:56,33.86,6.425000000000001,23.465000000000003,28.58,37.445,0.0,31.53
2021-03-16 08:00:56,20.59,6.135000000000001,25.834999999999997,20.555,29.11,0.0,31.38
2021-03-16 09:00:56,19.99,8.59,22.67,26.615,36.815,0.0,25.84
2021-03-16 10:00:56,18.473333333333333,7.355,21.385,22.17,30.905,0.0,33.89
2021-03-16 11:00:56,22.64666666666667,8.795,22.27,23.03,30.774999999999995,0.0,31.58
2021-03-16 12:00:56,28.69333333333333,6.2299999999999995,24.939999999999998,20.285,27.680000000000003,0.0,33.32
2021-03-16 13:00:56,20.726666666666667,9.375,24.905,17.705,24.84,0.0,31.79
2021-03-16 14:00:56,17.58,12.200000000000001,25.055000000000003,18.185,25.209999999999997,0.0,38.4
2021-03-16 15:00:56,23.536666666666665,7.12,25.340000000000003,19.76,26.705,0.0,31.99
2021-03-16 16:00:56,23.886666666666667,5.5200000000000005,25.439999999999998,17.02,24.224999999999998,0.0,34.89
2021-03-16 17:00:56,28.03,7.715,23.599999999999998,18.92,25.755,0.0,33.99
2021-03-16 18:00:56,27.003333333333334,7.455000000000001,23.365,28.425,36.5,0.0,34.54
2021-03-16 19:00:56,20.87,7.274999999999999,24.645,47.905,66.14999999999999,0.0,28.11
2021-03-16 20:00:56,33.70666666666666,11.775,27.135,71.935,102.255,0.0,33.77
2021-03-16 21:00:56,64.22,10.335,26.189999999999998,38.2,47.685,0.0,33.93
2021-03-16 22:00:56,46.63333333333333,11.295,25.495,41.155,51.879999999999995,0.0,36.04
2021-03-16 23:00:56,43.68333333333334,9.424999999999999,24.515,21.02,28.334999999999997,0.0,30.51
2021-03-17 00:00:56,32.09,12.565,22.429999999999996,18.535,25.564999999999998,0.0,30.68
2021-03-17 01:00:56,21.57333333333333,9.06,21.5,16.37,23.284999999999997,0.0,31.47
2021-03-17 02:00:56,19.876666666666665,5.625,24.83,14.300000000000002,20.745,0.0,35.02
2021-03-17 03:00:56,24.816666666666663,2.385,32.75,17.305,23.885,0.0,35.9
2021-03-17 04:00:56,20.77,7.739999999999999,23.98,20.62,27.605,0.0,33.42
2021-03-17 05:00:56,21.433333333333334,6.239999999999999,22.804999999999996,31.445000000000004,38.5,0.0,30.88
2021-03-17 06:00:56,17.193333333333335,6.325,22.595,34.195,42.14,0.0,35.37
2021-03-17 07:00:56,16.09,4.585,22.694999999999997,38.24,58.79,0.0,32.94
2021-03-17 08:00:56,28.686666666666667,6.739999999999999,22.900000000000002,57.665,97.68,0.0,31.71
2021-03-17 09:00:56,25.416666666666668,7.77,22.159999999999997,49.71,81.41,0.0,36.26
2021-03-17 10:00:56,20.78,5.665,21.475000000000005,58.169999999999995,96.43,0.0,34.48
2021-03-17 11:00:56,28.14,14.270000000000001,20.965,52.19,72.26,0.0,39.66
2021-03-17 12:00:56,35.01,15.454999999999998,21.245,49.805,70.605,0.0,35.46
2021-03-17 13:00:56,39.03666666666667,12.445,21.78,51.805,76.89,0.0,35.72
2021-03-17 14:00:56,32.41,14.555,27.8,52.06,89.71499999999999,0.0,33.17
2021-03-17 15:00:56,23.536666666666665,15.225,25.83,25.930000000000003,35.555,0.0,35.93
2021-03-17 16:00:56,20.983333333333334,10.33,26.135,23.630000000000006,32.09,0.0,43.55
2021-03-17 17:00:56,16.386666666666667,9.354999999999999,26.295,22.705,30.575000000000003,0.0,36.64
2021-03-17 18:00:56,15.923333333333332,5.165,27.135,28.584999999999997,36.04,0.0,37.02
2021-03-17 19:00:56,19.106666666666666,10.479999999999999,24.36,30.345,38.19,0.0,38.32
2021-03-17 20:00:56,20.336666666666666,15.12,22.23,35.765,49.275,0.0,35.12
2021-03-17 21:00:56,24.316666666666666,10.299999999999999,22.83,77.03,124.555,0.0,37.91
2021-03-17 22:00:56,24.153333333333336,18.34,23.76,55.35999999999999,75.69,0.0,42.22
2021-03-17 23:00:56,23.316666666666666,18.0,24.695000000000004,24.53,31.75,0.0,38.31
2021-03-18 00:00:56,19.973333333333333,16.285,24.655,25.069999999999997,32.31,0.0,39.93
2021-03-18 01:00:56,21.183333333333334,10.135,23.75,17.215,23.83,0.0,41.2
2021-03-18 02:00:56,19.506666666666668,9.385,30.205,16.97,23.38,0.0,36.92
2021-03-18 03:00:56,18.71,8.299999999999999,40.645,18.69,25.245,0.0,28.36
2021-03-18 04:00:56,18.833333333333332,6.04,36.28,14.935,21.515,0.0,29.5
2021-03-18 05:00:56,18.423333333333332,9.495,27.105,11.245,17.2,0.0,37.21
2021-03-18 06:00:56,12.903333333333334,6.82,23.01,10.22,16.18,0.0,37.7
2021-03-18 07:00:56,9.766666666666666,5.68,23.625,14.515,20.855,0.0,30.4
2021-03-18 08:00:56,21.396666666666665,6.19,33.78,29.149999999999995,36.765,0.0,39.08
2021-03-18 09:00:56,23.939999999999998,8.605,47.669999999999995,34.76,44.745000000000005,0.0,31.91
2021-03-18 10:00:56,105.50333333333333,18.3,31.895,21.645,29.39,0.0,37.98
2021-03-18 11:00:56,80.53999999999999,15.515,25.455,16.885,24.165000000000003,0.0,34.8
2021-03-18 12:00:56,50.28,9.875,23.255,17.745,24.595,0.0,38.7
2021-03-18 13:00:56,34.120000000000005,7.445,24.135,19.02,25.74,0.0,32.24
2021-03-18 14:00:56,26.05,4.88,23.290000000000003,19.485,26.385,0.0,33.83
2021-03-18 15:00:56,21.2,7.81,25.810000000000002,22.38,29.235,0.0,31.22
2021-03-18 16:00:56,18.116666666666667,7.510000000000001,25.535,21.49,28.275000000000002,0.0,35.12
2021-03-18 17:00:56,16.993333333333332,9.115,35.175,27.245,34.43,0.0,32.66
2021-03-18 18:00:56,25.47333333333333,5.794999999999999,25.090000000000003,30.675,40.19,0.0,24.85
2021-03-18 19:00:56,29.35666666666667,6.675000000000001,23.645,39.57,53.955000000000005,0.0,25.67
2021-03-18 20:00:56,25.55666666666667,6.555,23.819999999999997,39.4,55.794999999999995,0.0,31.74
2021-03-18 21:00:56,28.290000000000003,9.25,27.105,36.175000000000004,43.32500000000001,0.0,35.54
2021-03-18 22:00:56,28.86,22.22,27.66,29.825000000000003,36.685,0.0,31.55
2021-03-18 23:00:56,29.80333333333333,22.235,34.865,29.054999999999996,35.705,0.0,37.01
2021-03-19 00:00:56,101.94,18.035,30.554999999999996,28.255,35.085,0.0,36.14
2021-03-19 01:00:56,62.24,14.225,32.69,24.855,31.615,0.0,35.12
2021-03-19 02:00:56,61.373333333333335,16.67,37.620000000000005,22.09,28.560000000000002,0.0,35.82
2021-03-19 03:00:56,59.96,12.31,33.77,23.849999999999998,30.535,0.0,31.12
2021-03-19 04:00:56,48.656666666666666,18.725,32.92,19.73,26.040000000000003,0.0,34.6
2021-03-19 05:00:56,47.620000000000005,17.68,35.385,22.105,28.584999999999997,0.0,36.89
2021-03-19 06:00:56,47.233333333333334,15.15,35.1,24.175,31.075,0.0,30.61
2021-03-19 07:00:56,36.02,16.265,38.85,24.24,31.314999999999998,0.0,30.54
2021-03-19 08:00:56,44.49,12.459999999999999,29.569999999999997,36.28,48.945,0.0,32.33
2021-03-19 09:00:56,56.25,23.314999999999998,34.465,36.405,50.125,0.0,33.52
2021-03-19 10:00:56,33.983333333333334,17.405,25.665000000000003,23.665000000000003,32.85,0.0,31.28
2021-03-19 11:00:56,30.019999999999996,10.995,19.07,23.77,32.245000000000005,0.0,23.75
2021-03-19 12:00:56,14.406666666666666,2.8550000000000004,19.37,18.5,25.12,0.0,17.72
2021-03-19 13:00:56,19.786666666666665,1.8849999999999998,21.939999999999998,16.134999999999998,24.36,0.0,11.5
2021-03-19 14:00:56,27.56,1.155,21.86,19.605,27.105,0.0,7.83
2021-03-19 15:00:56,45.196666666666665,0.0,21.929999999999996,18.345,25.409999999999997,0.0,6.13
2021-03-19 16:00:56,40.97,11.535000000000002,5.22,30.5,38.06,0.0,5.85
2021-03-19 17:00:56,45.45,16.295,16.78,35.169999999999995,42.45,0.0,5.93
2021-03-19 18:00:56,51.43666666666667,10.160000000000002,11.74,49.919999999999995,59.51,0.0,5.33
2021-03-19 19:00:56,48.63666666666667,11.635,13.195,70.78,83.32000000000001,0.0,4.03
2021-03-19 20:00:56,32.38333333333333,12.145000000000001,13.950000000000001,78.76,94.40500000000002,0.0,2.38
2021-03-19 21:00:56,31.21666666666667,14.43,14.405000000000001,88.01,109.19,0.0,3.96
2021-03-19 22:00:56,32.28,17.759999999999998,14.719999999999999,87.955,104.375,0.0,23.53
2021-03-19 23:00:56,30.8,20.07,14.354999999999999,85.63499999999999,97.25,0.0,6.68
2021-03-20 00:00:56,27.923333333333332,20.83,14.600000000000001,87.7,103.255,0.0,2.3
2021-03-20 01:00:56,29.54,16.135,14.920000000000002,82.36,96.39,0.0,3.57
2021-03-20 02:00:56,29.950000000000003,11.135,14.450000000000001,82.01499999999999,92.83,0.0,5.62
2021-03-20 03:00:56,29.706666666666667,13.265,14.950000000000001,72.505,83.03,0.0,4.58
2021-03-20 04:00:56,27.173333333333332,14.38,15.505,69.485,79.25500000000001,0.0,4.94
2021-03-20 05:00:56,23.08,13.12,15.19,70.885,80.73500000000001,0.0,4.93
2021-03-20 06:00:56,19.313333333333333,10.42,15.0,72.285,82.395,0.0,5.1
2021-03-20 07:00:56,18.163333333333334,10.71,14.589999999999998,77.14999999999999,88.25,0.0,4.21
2021-03-20 08:00:56,17.056666666666665,12.910000000000002,15.420000000000002,103.205,138.35,0.0,3.63
2021-03-20 09:00:56,29.363333333333333,10.089999999999998,21.035,103.25,145.805,0.0,2.68
2021-03-20 10:00:56,35.29,12.235,21.23,86.14,116.545,0.0,2.87
2021-03-20 11:00:56,33.83,14.225,21.405,81.125,99.65000000000002,0.0,3.99
2021-03-20 12:00:56,35.25333333333333,11.589999999999998,16.57,72.52499999999999,85.05499999999999,0.0,4.85
2021-03-20 13:00:56,29.153333333333332,10.205,15.085,64.33,73.10000000000001,0.0,5.32
2021-03-20 14:00:56,29.35,9.63,14.36,63.26500000000001,72.56,0.0,4.72
2021-03-20 15:00:56,31.166666666666668,8.450000000000001,14.060000000000002,62.125,70.485,0.0,6.87
2021-03-20 16:00:56,28.376666666666665,7.015,13.979999999999999,64.54,73.355,0.0,5.22
2021-03-20 17:00:56,30.65,8.335,13.949999999999998,67.09,76.28500000000001,0.0,6.57
2021-03-20 18:00:56,29.36,8.105,15.174999999999999,68.49,77.615,0.0,5.92
2021-03-20 19:00:56,21.26,5.895,14.909999999999998,74.39,84.05499999999999,0.0,4.72
2021-03-20 20:00:56,21.133333333333333,6.105,15.049999999999999,80.22,90.55,0.0,6.13
2021-03-20 21:00:56,25.24,10.345,16.35,98.87,116.79,0.0,3.93
2021-03-20 22:00:56,28.366666666666667,9.74,15.885,95.22499999999998,116.585,0.0,3.75
2021-03-20 23:00:56,26.626666666666665,9.67,16.25,84.50999999999999,100.33,0.0,4.47
2021-03-21 00:00:56,23.563333333333333,14.13,15.979999999999999,81.31,94.56,0.0,4.26
2021-03-21 01:00:56,20.433333333333334,8.57,15.520000000000001,77.3,89.645,0.0,5.33
2021-03-21 02:00:56,17.033333333333335,4.725,15.189999999999998,73.085,85.225,0.0,3.78
2021-03-21 03:00:56,18.246666666666666,11.094999999999999,15.265,72.75999999999999,83.48,0.0,5.54
2021-03-21 04:00:56,13.57,6.530000000000001,14.979999999999999,70.055,79.92,0.0,7.12
2021-03-21 05:00:56,9.72,5.52,14.71,69.53,78.94000000000001,0.0,6.66
2021-03-21 06:00:56,14.313333333333333,12.93,14.54,66.545,75.86,0.0,6.84
2021-03-21 07:00:56,15.876666666666665,11.700000000000001,14.469999999999999,66.59,76.23,0.0,6.1
2021-03-21 08:00:56,20.07,11.959999999999999,14.38,69.68,81.745,0.0,6.74
2021-03-21 09:00:56,19.206666666666667,12.199999999999998,14.780000000000001,74.51,91.005,0.0,5.55
2021-03-21 10:00:56,17.43,8.285,15.1,80.04,99.04,0.0,5.39
2021-03-21 11:00:56,16.09,6.405,15.339999999999998,82.67,100.955,0.0,4.03
2021-03-21 12:00:56,28.77,9.185,15.68,83.33,102.17999999999999,0.0,4.67
2021-03-21 13:00:56,39.61666666666667,17.99,18.265,85.15,116.00999999999999,0.0,3.94
2021-03-21 14:00:56,45.45666666666667,19.89,19.96,92.045,129.505,0.0,5.91
2021-03-21 15:00:56,44.63333333333333,18.005,21.64,90.99,127.425,0.0,7.7
2021-03-21 16:00:56,43.120000000000005,17.810000000000002,17.294999999999998,84.23,114.46,0.0,5.61
2021-03-21 17:00:56,43.95666666666666,17.955,15.464999999999998,85.63,111.62,0.0,5.9
2021-03-21 18:00:56,49.47666666666667,29.27,16.405,90.755,118.40500000000002,0.0,5.8
2021-03-21 19:00:56,48.81,32.64,15.415,89.02,126.435,0.0,15.68
2021-03-21 20:00:56,54.483333333333334,33.615,15.08,94.395,138.905,0.0,16.98
2021-03-21 21:00:56,58.62,44.115,15.735,103.21,161.10500000000002,0.0,21.2
2021-03-21 22:00:56,70.72666666666666,48.955000000000005,15.435,92.8,158.92999999999998,0.0,22.71
2021-03-21 23:00:56,79.78333333333333,57.165,15.11,82.895,135.69,0.0,24.32
2021-03-22 00:00:56,77.07333333333334,56.279999999999994,15.04,73.39,109.05,0.0,24.96
2021-03-22 01:00:56,62.54333333333334,38.76,14.615,77.455,107.325,0.0,20.73
2021-03-22 02:00:56,55.230000000000004,34.12,14.69,63.745000000000005,86.5,0.0,21.51
2021-03-22 03:00:56,42.61333333333334,31.149999999999995,14.5,63.835,84.56,0.0,19.03
2021-03-22 04:00:56,37.72666666666667,26.495,14.685,66.82000000000001,88.635,0.0,17.34
2021-03-22 05:00:56,37.65,22.065,14.39,67.105,89.88499999999999,0.0,6.06
2021-03-22 06:00:56,35.303333333333335,16.73,14.755,68.84,93.00999999999999,0.0,7.79
2021-03-22 07:00:56,42.75333333333333,16.925,15.11,69.53,96.21999999999998,0.0,7.29
2021-03-22 08:00:56,48.120000000000005,19.685,14.68,71.7,111.205,0.0,7.69
2021-03-22 09:00:56,47.14333333333333,22.855,14.885,76.19000000000001,127.00999999999999,0.0,6.07
2021-03-22 10:00:56,56.42,29.34,15.729999999999999,80.32000000000001,132.375,0.0,4.62
2021-03-22 11:00:56,71.17,35.07,17.015,88.07,149.795,0.0,4.23
2021-03-22 12:00:56,79.99666666666667,39.57,20.06,89.03000000000002,146.08,0.0,5.76
2021-03-22 13:00:56,96.36333333333334,49.57,18.325,97.92999999999999,170.315,0.0,4.52
2021-03-22 14:00:56,110.68333333333334,53.26,17.82,102.79,196.69500000000002,0.0,3.61
2021-03-22 15:00:56,125.43333333333334,62.72,16.895,106.05999999999999,224.82000000000002,0.0,5.28
2021-03-22 16:00:56,118.34333333333333,71.55,19.950000000000003,101.255,204.365,0.0,5.5
2021-03-22 17:00:56,97.72,60.23,18.25,95.87,175.18999999999997,0.0,3.19
2021-03-22 18:00:56,76.47,40.57,16.685000000000002,85.30999999999999,140.675,0.0,5.22
2021-03-22 19:00:56,57.54,32.805,17.560000000000002,107.74,184.76500000000001,0.0,4.15
2021-03-22 20:00:56,57.27666666666667,33.87,17.13,120.63,215.32500000000002,0.0,3.96
2021-03-22 21:00:56,63.27,34.150000000000006,16.635,121.50999999999999,239.15,0.0,4.38
2021-03-22 22:00:56,74.08333333333333,46.27,16.895,121.45499999999998,263.05,0.0,4.57
2021-03-22 23:00:56,89.38,53.21,17.595,116.175,246.41,0.0,3.68
2021-03-23 00:00:56,91.10666666666667,52.044999999999995,17.345,104.27499999999999,197.6,0.0,5.26
2021-03-23 01:00:56,80.77666666666667,48.065,19.52,82.97,137.345,0.0,5.7
2021-03-23 02:00:56,77.02,37.55,20.21,70.53,100.33999999999999,0.0,5.89
2021-03-23 03:00:56,79.73333333333333,29.77,22.900000000000002,68.97500000000001,96.77,0.0,4.82
2021-03-23 04:00:56,80.04333333333334,25.895,19.19,68.47,99.66000000000001,0.0,5.87
2021-03-23 05:00:56,85.69333333333333,25.060000000000002,18.885,72.62,105.96499999999999,0.0,6.52
2021-03-23 06:00:56,86.12666666666667,25.155,18.845,79.59,118.83999999999999,0.0,5.23
2021-03-23 07:00:56,90.29666666666667,28.36,18.400000000000002,80.955,132.20000000000002,0.0,4.86
2021-03-23 08:00:56,98.90333333333334,28.040000000000003,18.37,106.375,216.79,0.0,4.49
2021-03-23 09:00:56,126.70666666666666,33.620000000000005,23.149999999999995,107.96,226.365,0.0,4.95
2021-03-23 10:00:56,151.02333333333334,40.97,19.735,120.38,318.885,0.0,5.02
2021-03-23 11:00:56,170.38,48.29,35.615,119.245,261.35,0.0,4.93
2021-03-23 12:00:56,163.56,49.794999999999995,27.97,113.03500000000001,219.13,0.0,4.26
2021-03-23 13:00:56,146.39666666666668,41.620000000000005,20.535,92.5,166.895,0.0,5.77
2021-03-23 14:00:56,137.40666666666667,39.699999999999996,17.465,95.735,167.255,0.0,4.86
2021-03-23 15:00:56,118.67333333333333,40.945,16.72,89.835,163.045,0.0,5.18
2021-03-23 16:00:56,82.87333333333333,34.56,16.465,88.325,154.985,0.0,5.88
2021-03-23 17:00:56,47.97666666666667,24.915000000000003,17.63,82.00999999999999,130.605,0.0,6.44
2021-03-23 18:00:56,27.67,18.105,17.12,77.48,113.84999999999998,0.0,6.71
2021-03-23 19:00:56,17.27,13.085,16.575,80.195,114.305,0.0,6.24
2021-03-23 20:00:56,14.7,9.625,17.02,87.03000000000002,127.94500000000001,0.0,6.05
2021-03-23 21:00:56,18.706666666666663,8.645,16.645,93.34999999999998,138.52,0.0,5.14
2021-03-23 22:00:56,17.60333333333333,5.585000000000001,15.995,93.30999999999999,138.59,0.0,5.9
2021-03-23 23:00:56,11.353333333333332,5.715,17.799999999999997,85.36000000000001,125.95,0.0,4.99
2021-03-24 00:00:56,10.633333333333333,6.645,18.709999999999997,81.755,117.65500000000002,0.0,5.88
2021-03-24 01:00:56,14.286666666666667,4.835,16.905,78.985,111.29,0.0,6.82
2021-03-24 02:00:56,13.503333333333332,3.9,16.12,76.52,105.395,0.0,6.2
2021-03-24 03:00:56,8.543333333333333,5.41,15.204999999999998,75.67500000000001,102.235,0.0,6.36
2021-03-24 04:00:56,6.15,3.4150000000000005,14.36,75.25999999999999,100.87,0.0,6.58
2021-03-24 05:00:56,8.14,3.955,13.799999999999999,77.015,101.745,0.0,5.5
2021-03-24 06:00:56,8.906666666666666,5.22,13.645000000000001,81.755,108.2,0.0,5.31
2021-03-24 07:00:56,8.08,0.0,13.424999999999999,85.765,115.55499999999999,0.0,6.32
2021-03-24 08:00:56,7.87,4.605,13.420000000000002,93.185,133.79,0.0,4.83
2021-03-24 09:00:56,7.853333333333334,6.114999999999999,13.64,105.455,157.76999999999998,0.0,5.9
2021-03-24 10:00:56,13.219999999999999,6.43,14.575000000000001,97.39,144.22,0.0,3.92
2021-03-24 11:00:56,12.953333333333333,13.780000000000001,16.945,95.81,140.79,0.0,4.2
2021-03-24 12:00:56,13.66,0.0,17.205,92.96499999999999,129.51,0.0,4.41
2021-03-24 13:00:56,8.913333333333332,0.0,15.68,85.54,114.50999999999999,0.0,5.35
2021-03-24 14:00:56,7.8,4.175,15.88,81.45,104.21999999999998,0.0,5.82
2021-03-24 15:00:56,9.56,2.33,15.709999999999999,79.165,98.61,0.0,6.41
2021-03-24 16:00:56,12.530000000000001,1.82,17.005,78.32,96.67,0.0,6.32
2021-03-24 17:00:56,16.13,7.774999999999999,15.87,76.495,92.58,0.0,5.87
2021-03-24 18:00:56,19.483333333333334,5.59,17.055,75.64999999999999,90.38,0.0,5.52
2021-03-24 19:00:56,23.916666666666668,8.435,18.835,76.765,90.53500000000001,0.0,6.4
2021-03-24 20:00:56,19.196666666666665,10.79,19.37,78.405,92.91000000000001,0.0,6.1
2021-03-24 21:00:56,23.06,12.064999999999998,20.37,76.84,91.085,0.0,6.16
2021-03-24 22:00:56,25.19,16.755,17.58,74.96,87.835,0.0,6.55
2021-03-24 23:00:56,24.13,12.365,15.954999999999998,73.53,85.68,0.0,6.65
2021-03-25 00:00:56,18.673333333333332,8.44,14.329999999999998,73.925,86.65500000000002,0.0,6.71
2021-03-25 01:00:56,16.553333333333335,6.845,14.704999999999998,73.82499999999999,87.83,0.0,6.07
2021-03-25 02:00:56,12.256666666666668,4.46,14.01,68.735,95.08999999999999,0.0,5.08
2021-03-25 03:00:56,16.97,6.18,13.350000000000001,63.82500000000001,94.33999999999999,0.0,5.39
2021-03-25 04:00:56,18.27,9.43,12.660000000000002,59.94,91.21499999999999,0.0,5.67
2021-03-25 05:00:56,12.78,7.775000000000001,12.195,57.879999999999995,87.47000000000001,0.0,5.45
2021-03-25 06:00:56,9.233333333333333,5.435,12.055,60.169999999999995,88.17999999999999,0.0,5.57
2021-03-25 07:00:56,12.653333333333332,7.2749999999999995,11.305,74.235,94.205,0.0,5.29
2021-03-25 08:00:56,15.14,10.255,11.395000000000001,86.30499999999999,111.495,0.0,5.26
2021-03-25 09:00:56,16.89,11.17,11.585,92.815,127.0,0.0,3.88
2021-03-25 10:00:56,24.773333333333333,12.36,12.69,88.015,119.685,0.0,4.17
2021-03-25 11:00:56,21.64666666666667,12.43,12.85,85.25999999999999,113.65000000000002,0.0,3.76
2021-03-25 12:00:56,16.85333333333333,13.375,12.545000000000002,84.875,108.7,0.0,4.37
2021-03-25 13:00:56,22.243333333333336,16.255,14.040000000000001,91.91000000000001,122.195,0.0,3.88
2021-03-25 14:00:56,21.840000000000003,12.255,15.479999999999999,88.71,118.79,0.0,4.96
2021-03-25 15:00:56,15.87,0.0,15.39,83.13999999999999,104.47500000000001,0.0,5.77
2021-03-25 16:00:56,16.113333333333333,0.0,14.604999999999999,86.98500000000001,112.0,0.0,5.8
2021-03-25 17:00:56,15.446666666666665,4.66,14.255,90.65000000000002,120.245,0.0,4.59
2021-03-25 18:00:56,20.896666666666665,11.13,14.915,97.55,127.74000000000001,0.0,5.68
2021-03-25 19:00:56,19.78666666666667,11.615,15.93,98.45,136.61,0.0,4.96
2021-03-25 20:00:56,18.303333333333335,11.979999999999999,15.729999999999999,98.99,143.67999999999998,0.0,5.05
2021-03-25 21:00:56,26.363333333333333,11.805,14.385,90.95,122.585,0.0,5.53
2021-03-25 22:00:56,33.486666666666665,15.37,13.590000000000002,89.605,112.17,0.0,5.03
2021-03-25 23:00:56,28.08,18.125,13.32,93.34999999999998,117.34499999999998,0.0,4.29
2021-03-26 00:00:56,19.89333333333333,1.5,13.475,85.89,107.065,0.0,5.56
2021-03-26 01:00:56,18.54,14.195,13.469999999999999,87.865,108.72500000000001,0.0,5.49
2021-03-26 02:00:56,18.086666666666666,9.955,13.719999999999999,87.52999999999999,105.375,0.0,5.58
2021-03-26 03:00:56,22.96666666666667,10.155,13.635,82.465,98.29,0.0,4.72
2021-03-26 04:00:56,22.136666666666667,11.85,13.479999999999999,78.72,95.58999999999999,0.0,5.42
2021-03-26 05:00:56,21.763333333333332,11.69,13.174999999999999,79.96000000000001,97.335,0.0,6.5
2021-03-26 06:00:56,21.833333333333332,11.445,12.975,79.425,96.295,0.0,4.79
2021-03-26 07:00:56,19.766666666666666,11.995,12.79,81.88,100.945,0.0,4.75
2021-03-26 08:00:56,21.836666666666666,11.530000000000001,12.305,83.98,105.165,0.0,5.19
2021-03-26 09:00:56,28.626666666666665,12.39,12.990000000000002,92.485,114.015,0.0,6.0
2021-03-26 10:00:56,28.886666666666667,14.770000000000001,15.125,84.525,102.13,0.0,6.42
2021-03-26 11:00:56,31.68,15.550000000000002,17.465,85.915,104.40500000000002,0.0,6.81
2021-03-26 12:00:56,31.71666666666667,16.06,18.24,80.665,96.45,0.0,6.49
2021-03-26 13:00:56,28.563333333333333,6.145,17.259999999999998,76.815,89.5,0.0,7.18
2021-03-26 14:00:56,27.403333333333332,17.099999999999998,16.695,74.27,86.50999999999999,0.0,7.38
2021-03-26 15:00:56,19.096666666666668,9.58,14.979999999999999,73.905,85.23,0.0,7.29
2021-03-26 16:00:56,12.46,6.275000000000001,14.659999999999998,71.91,82.33500000000001,0.0,7.83
2021-03-26 17:00:56,10.606666666666666,3.1,15.045,73.78999999999999,84.2,0.0,7.68
2021-03-26 18:00:56,8.323333333333332,9.065,10.495,84.11,103.145,0.0,4.12
2021-03-26 19:00:56,17.21666666666667,3.99,15.375,81.96000000000001,98.33999999999999,0.0,6.97
2021-03-26 20:00:56,24.86,10.839999999999998,15.04,79.95,91.94,0.0,6.66
2021-03-26 21:00:56,20.796666666666667,13.06,14.9,75.545,85.78500000000001,0.0,6.93
2021-03-26 22:00:56,21.223333333333333,12.344999999999999,14.825000000000001,74.25,84.315,0.0,6.47
2021-03-26 23:00:56,26.243333333333332,11.775,14.82,71.865,81.03,0.0,6.27
2021-03-27 00:00:56,17.453333333333333,11.839999999999998,14.810000000000002,70.58999999999999,80.19,0.0,7.19
2021-03-27 01:00:56,14.256666666666668,8.32,14.284999999999998,70.44000000000001,79.91000000000001,0.0,6.61
2021-03-27 02:00:56,20.476666666666667,8.71,14.084999999999999,69.575,78.85,0.0,7.21
2021-03-27 03:00:56,15.133333333333335,4.53,13.875,69.325,78.575,0.0,6.11
2021-03-27 04:00:56,22.71666666666667,10.785000000000002,13.649999999999999,70.25999999999999,80.015,0.0,5.12
2021-03-27 05:00:56,20.71333333333333,7.1499999999999995,13.615,70.23,80.565,0.0,6.55
2021-03-27 06:00:56,17.593333333333334,7.73,13.719999999999999,73.10000000000001,84.28,0.0,6.35
2021-03-27 07:00:56,17.083333333333332,13.604999999999999,13.780000000000001,79.995,96.135,0.0,5.24
2021-03-27 08:00:56,23.1,15.1,13.854999999999999,80.91000000000001,98.03000000000002,0.0,5.35
2021-03-27 09:00:56,20.773333333333333,13.87,15.62,93.02,115.605,0.0,5.58
2021-03-27 10:00:56,25.786666666666665,14.81,18.395,90.66000000000001,116.71499999999999,0.0,4.57
2021-03-27 11:00:56,36.49666666666667,16.25,18.145,88.625,116.44,0.0,5.34
2021-03-27 12:00:56,32.07666666666667,18.51,16.025000000000002,83.3,106.34499999999998,0.0,6.64
2021-03-27 13:00:56,22.83,6.265000000000001,16.400000000000002,76.63499999999999,93.04,0.0,5.79
2021-03-27 14:00:56,18.743333333333332,6.135000000000001,15.68,77.39,94.585,0.0,6.58
2021-03-27 15:00:56,12.48,3.6300000000000003,15.005,77.395,91.65500000000002,0.0,6.76
2021-03-27 16:00:56,17.279999999999998,3.3949999999999996,15.844999999999999,79.77,97.99000000000001,0.0,5.59
2021-03-27 17:00:56,26.953333333333333,6.965,18.43,84.28,105.945,0.0,5.38
2021-03-27 18:00:56,29.77,6.97,18.18,88.205,112.87,0.0,5.67
2021-03-27 19:00:56,37.61333333333334,6.31,22.735,101.485,129.765,0.0,5.74
2021-03-27 20:00:56,43.43333333333334,7.31,22.12,107.24000000000001,137.185,0.0,4.98
2021-03-27 21:00:56,57.53666666666667,17.145,18.065,103.735,128.20000000000002,0.0,5.35
2021-03-27 22:00:56,58.3,30.28,17.62,110.92,140.32,0.0,5.35
2021-03-27 23:00:56,67.71666666666667,30.05,16.165,111.57000000000001,142.975,0.0,5.2
2021-03-28 00:00:56,66.76333333333334,28.375,14.495,96.01499999999999,136.13,0.0,5.19
2021-03-28 01:00:56,62.266666666666666,34.41,14.090000000000002,90.58999999999999,128.97,0.0,4.61
2021-03-28 02:00:56,57.52333333333333,39.445,13.665000000000001,88.67,124.32,0.0,4.64
2021-03-28 03:00:56,59.04333333333334,36.71,13.564999999999998,89.69,124.995,0.0,5.25
2021-03-28 04:00:56,59.29,34.49,13.29,83.9,116.96,0.0,4.73
2021-03-28 05:00:56,48.983333333333334,33.28,13.12,82.625,116.93,0.0,4.82
2021-03-28 06:00:56,41.68666666666667,35.405,12.74,80.86999999999999,113.245,0.0,5.7
2021-03-28 07:00:56,43.03333333333333,30.105,12.25,85.175,115.85000000000001,0.0,4.58
2021-03-28 08:00:56,41.806666666666665,27.294999999999998,13.87,84.69,128.84,0.0,4.4
2021-03-28 09:00:56,45.92666666666667,34.655,15.969999999999999,89.63,141.055,0.0,4.83
2021-03-28 10:00:56,62.63666666666666,33.865,17.705,86.39999999999999,125.31,0.0,6.3
2021-03-28 11:00:56,54.346666666666664,33.324999999999996,16.96,75.14999999999999,96.815,0.0,6.75
2021-03-28 12:00:56,35.50333333333333,27.215000000000003,15.32,72.55,86.54,0.0,5.05
2021-03-28 13:00:56,29.69,20.655,16.02,72.87,84.23,0.0,7.11
2021-03-28 14:00:56,27.786666666666665,18.080000000000002,17.075,70.405,80.85000000000001,0.0,7.24
2021-03-28 15:00:56,32.14666666666667,12.85,15.160000000000002,70.63,82.045,0.0,6.35
2021-03-28 16:00:56,30.86,9.23,15.085,74.925,89.81,0.0,5.66
2021-03-28 17:00:56,28.856666666666666,8.04,14.024999999999999,74.61,88.585,0.0,5.94
2021-03-28 18:00:56,20.6,5.405,13.785000000000002,75.285,90.77,0.0,5.84
2021-03-28 19:00:56,24.36,7.864999999999999,14.515,81.045,98.085,0.0,6.05
2021-03-28 20:00:56,31.81,10.22,18.445,115.89,157.54,0.0,5.09
2021-03-28 21:00:56,55.88,15.4,16.195,108.40000000000002,157.445,0.0,5.4
2021-03-28 22:00:56,58.61666666666667,23.05,15.329999999999998,102.57,144.23,0.0,4.9
2021-03-28 23:00:56,55.656666666666666,26.315,14.954999999999998,94.325,129.895,0.0,5.24
2021-03-29 00:00:56,66.84333333333333,32.53,14.844999999999999,90.09499999999998,125.245,0.0,4.68
2021-03-29 01:00:56,65.93666666666667,31.08,14.89,100.515,138.395,0.0,4.73
2021-03-29 02:00:56,55.383333333333326,29.175,14.285000000000002,95.08,132.23,0.0,4.8
2021-03-29 03:00:56,56.86333333333333,29.48,14.21,93.87,136.085,0.0,5.0
2021-03-29 04:00:56,48.19,30.915000000000003,14.005,89.765,129.27,0.0,4.64
2021-03-29 05:00:56,46.17333333333333,28.67,13.735,91.485,129.495,0.0,4.01
2021-03-29 06:00:56,52.663333333333334,24.045,13.315,85.585,127.685,0.0,4.33
2021-03-29 07:00:56,54.553333333333335,20.755,12.905000000000001,89.52,136.51999999999998,0.0,5.15
2021-03-29 08:00:56,61.49666666666667,26.189999999999998,14.969999999999999,90.915,148.66,0.0,4.3
2021-03-29 09:00:56,63.263333333333335,39.345,17.675,96.77500000000002,162.935,0.0,5.42
2021-03-29 10:00:56,87.42333333333333,44.55500000000001,19.97,104.72499999999998,164.12,0.0,5.03
2021-03-29 11:00:56,97.86666666666667,39.87,18.775000000000002,85.36500000000001,117.48000000000002,0.0,6.07
2021-03-29 12:00:56,69.54,28.33,16.745,77.765,96.28000000000002,0.0,6.61
2021-03-29 13:00:56,45.77,16.925,17.365,76.375,89.395,0.0,6.73
2021-03-29 14:00:56,35.2,10.964999999999998,14.005,72.47,82.86,0.0,6.8
2021-03-29 15:00:56,27.596666666666664,7.065,14.24,73.18,84.635,0.0,7.53
2021-03-29 16:00:56,24.68,7.68,15.4,72.95,84.19,0.0,5.98
2021-03-29 17:00:56,29.973333333333333,6.2200000000000015,14.43,72.795,83.96499999999999,0.0,5.38
2021-03-29 18:00:56,23.07333333333333,4.19,13.75,72.785,84.22500000000001,0.0,7.31
2021-03-29 19:00:56,21.846666666666664,4.359999999999999,14.025,80.67999999999999,91.455,0.0,6.61
2021-03-29 20:00:56,32.153333333333336,9.02,19.24,85.265,97.53000000000002,0.0,5.51
2021-03-29 21:00:56,42.74666666666667,9.515,19.55,84.585,96.995,0.0,6.85
2021-03-29 22:00:56,38.68,8.6,18.385,81.325,92.66000000000001,0.0,7.43
2021-03-29 23:00:56,46.42333333333333,18.49,17.88,77.6,87.90000000000002,0.0,5.75
2021-03-30 00:00:56,34.01,23.650000000000002,16.805,75.21,85.445,0.0,6.25
2021-03-30 01:00:56,37.75,14.729999999999999,16.115000000000002,71.32000000000001,81.955,0.0,5.68
2021-03-30 02:00:56,27.543333333333337,12.435,15.670000000000002,67.79,78.235,0.0,6.46
2021-03-30 03:00:56,17.81,9.14,15.704999999999998,66.255,76.91,0.0,5.95
2021-03-30 04:00:56,23.93,6.38,15.200000000000001,65.74000000000001,76.445,0.0,6.2
2021-03-30 05:00:56,20.526666666666667,4.94,14.825000000000001,64.37,74.7,0.0,6.06
2021-03-30 06:00:56,14.203333333333333,3.265,14.665,64.425,74.42,0.0,6.29
2021-03-30 07:00:56,12.45,4.19,14.615,66.13,76.72500000000001,0.0,7.05
2021-03-30 08:00:56,14.966666666666667,8.200000000000001,14.350000000000001,75.875,90.68,0.0,5.85
2021-03-30 09:00:56,10.370000000000001,1.735,15.14,90.605,112.40000000000002,0.0,5.49
2021-03-30 10:00:56,9.176666666666668,6.715,15.840000000000002,85.255,108.51,0.0,6.26
2021-03-30 11:00:56,20.66,9.75,15.785000000000002,82.595,102.835,0.0,5.1
2021-03-30 12:00:56,17.073333333333334,12.0,15.21,82.205,100.88499999999999,0.0,6.6
2021-03-30 13:00:56,18.196666666666665,11.795,16.05,84.1,104.33,0.0,6.97
2021-03-30 14:00:56,29.310000000000002,11.825000000000001,16.12,83.11,102.02,0.0,6.6
2021-03-30 15:00:56,27.38,14.81,17.14,82.48,99.94500000000001,0.0,7.13
2021-03-30 16:00:56,26.92,17.485,15.19,83.995,101.855,0.0,6.92
2021-03-30 17:00:56,30.296666666666667,14.844999999999999,15.469999999999999,84.375,102.66000000000001,0.0,6.39
2021-03-30 18:00:56,33.513333333333335,13.834999999999999,16.425,87.96999999999998,107.105,0.0,6.28
2021-03-30 19:00:56,38.56333333333333,13.885,17.07,84.99,102.72500000000001,0.0,6.11
2021-03-30 20:00:56,46.04333333333334,17.86,19.61,83.105,99.43,0.0,6.3
2021-03-30 21:00:56,32.06666666666667,18.09,20.26,81.55000000000001,98.37,0.0,7.41
2021-03-30 22:00:56,21.723333333333333,12.83,17.87,77.96000000000001,92.49,0.0,5.89
2021-03-30 23:00:56,17.03,3.4249999999999994,17.26,75.21,88.665,0.0,6.01
2021-03-31 00:00:56,21.19333333333333,6.650000000000001,15.969999999999999,73.38,86.53000000000002,0.0,6.41
2021-03-31 01:00:56,14.536666666666667,5.0249999999999995,15.57,46.10999999999999,58.379999999999995,0.0,5.21
2021-03-31 02:00:56,12.676666666666666,3.935,15.865,44.93,57.455000000000005,0.0,6.24
2021-03-31 03:00:56,13.633333333333333,3.98,15.145000000000001,44.04,55.785000000000004,0.0,6.62
2021-03-31 04:00:56,11.693333333333332,4.46,14.810000000000002,43.44499999999999,54.650000000000006,0.0,6.01
2021-03-31 05:00:56,6.983333333333333,3.125,14.409999999999998,43.23,54.80500000000001,0.0,6.19
2021-03-31 06:00:56,8.476666666666667,3.5700000000000003,14.274999999999999,43.895,55.44499999999999,0.0,5.62
2021-03-31 07:00:56,12.44,4.455,14.104999999999999,46.315,59.044999999999995,0.0,5.87
2021-03-31 08:00:56,8.92,1.9649999999999999,14.365,53.82,68.765,0.0,6.1
2021-03-31 09:00:56,23.476666666666663,10.09,14.660000000000002,60.580000000000005,81.995,0.0,6.25
2021-03-31 10:00:56,16.373333333333335,9.41,14.905000000000001,57.41,76.335,0.0,6.42
2021-03-31 11:00:56,12.856666666666666,8.16,15.204999999999998,54.535,71.32,0.0,7.35
2021-03-31 12:00:56,18.46,10.495,15.68,55.48499999999999,71.575,0.0,7.34
2021-03-31 13:00:56,22.113333333333333,10.700000000000001,16.835,56.53,73.285,0.0,6.56
2021-03-31 14:00:56,23.71,8.26,17.41,57.035000000000004,74.625,0.0,5.75
2021-03-31 15:00:56,18.0,7.09,18.185,58.715,80.415,0.0,6.17
2021-03-31 16:00:56,24.416666666666668,6.69,18.295,59.1,84.06,0.0,4.47
2021-03-31 17:00:56,25.956666666666667,6.915,16.11,59.175000000000004,82.11,0.0,6.54
2021-03-31 18:00:56,23.05666666666667,9.215000000000002,16.810000000000002,61.34,85.34499999999998,0.0,7.04
2021-03-31 19:00:56,32.74666666666667,10.06,16.715,60.31,81.375,0.0,6.33
2021-03-31 20:00:56,33.093333333333334,7.595,18.585,63.23500000000001,84.02,0.0,5.37
2021-03-31 21:00:56,26.736666666666668,5.794999999999999,19.025000000000002,59.07500000000001,78.325,0.0,4.32
2021-03-31 22:00:56,25.186666666666667,5.28,18.13,54.51500000000001,71.45,0.0,6.67
2021-03-31 23:00:56,17.98,5.13,17.73,52.455000000000005,66.38499999999999,0.0,6.47
2021-04-01 00:00:56,13.703333333333333,3.645,17.99,48.845,61.02,0.0,5.96
2021-04-01 01:00:56,12.79,0.9899999999999999,15.770000000000001,50.31,63.155,0.0,6.26
2021-04-01 02:00:56,10.696666666666667,1.245,15.145000000000001,46.86000000000001,57.97,0.0,6.99
2021-04-01 03:00:56,12.13,3.945,15.020000000000001,46.76,56.805,0.0,5.46
2021-04-01 04:00:56,17.456666666666667,4.55,14.75,46.32,57.544999999999995,0.0,7.8
2021-04-01 05:00:56,14.84,6.739999999999999,14.25,46.025000000000006,56.98499999999999,0.0,6.11
2021-04-01 06:00:56,12.39,7.760000000000001,14.12,46.71,58.085,0.0,6.25
2021-04-01 07:00:56,9.666666666666666,6.905,14.204999999999998,48.910000000000004,61.29,0.0,6.56
2021-04-01 08:00:56,16.846666666666668,3.4,14.344999999999999,56.379999999999995,72.27499999999999,0.0,6.57
2021-04-01 09:00:56,10.573333333333334,4.545,17.23,71.42,102.695,0.0,5.74
2021-04-01 10:00:56,14.503333333333332,0.0,17.515,64.78,96.54,0.0,5.74
2021-04-01 11:00:56,19.456666666666667,4.97,16.6,62.23499999999999,87.06,0.0,5.58
2021-04-01 12:00:56,22.556666666666665,12.405000000000001,15.214999999999998,62.435,88.08999999999999,0.0,5.39
2021-04-01 13:00:56,35.06333333333333,11.4,16.564999999999998,63.74000000000001,94.68,0.0,6.11
2021-04-01 14:00:56,36.416666666666664,11.049999999999999,15.875,61.794999999999995,89.58999999999999,0.0,5.48
2021-04-01 15:00:56,41.33,12.979999999999999,16.02,57.160000000000004,75.84500000000001,0.0,6.84
2021-04-01 16:00:56,38.04666666666667,17.355,16.805,60.095,78.54,0.0,5.92
2021-04-01 17:00:56,43.803333333333335,16.845,16.015,57.24,74.08999999999999,0.0,6.04
2021-04-01 18:00:56,35.019999999999996,12.365,16.235,57.544999999999995,73.93,0.0,5.43
2021-04-01 19:00:56,39.91,11.005,16.52,67.455,87.57499999999999,0.0,6.08
2021-04-01 20:00:56,45.54666666666667,12.19,16.98,70.275,95.12,0.0,5.02
2021-04-01 21:00:56,52.43666666666667,19.925,16.21,70.69,99.48,0.0,5.32
2021-04-01 22:00:56,57.96333333333333,21.98,16.16,67.69500000000001,104.265,0.0,4.48
2021-04-01 23:00:56,50.03666666666667,20.56,16.209999999999997,64.85,95.96999999999998,0.0,4.95
2021-04-02 00:00:56,42.37,18.935,15.935000000000002,74.18,103.83999999999999,0.0,4.78
2021-04-02 01:00:56,46.09,25.235,15.35,70.47500000000001,99.11500000000001,0.0,4.13
2021-04-02 02:00:56,49.85,27.73,15.175000000000002,49.26500000000001,73.555,0.0,5.87
2021-04-02 03:00:56,39.973333333333336,19.76,15.344999999999999,48.69499999999999,71.105,0.0,5.66
2021-04-02 04:00:56,44.31999999999999,19.26,15.420000000000002,55.080000000000005,79.38,0.0,4.88
2021-04-02 05:00:56,44.446666666666665,18.66,18.155,60.800000000000004,89.06,0.0,4.07
2021-04-02 06:00:56,44.59,22.540000000000003,17.424999999999997,57.669999999999995,85.415,0.0,4.8
2021-04-02 07:00:56,46.06333333333333,25.74,17.005,54.975,83.12,0.0,4.79
2021-04-02 08:00:56,47.82,19.835,17.07,51.25,78.375,0.0,5.54
2021-04-02 09:00:56,46.276666666666664,23.820000000000004,16.165,58.105,91.38,0.0,5.89
2021-04-02 10:00:56,45.666666666666664,26.649999999999995,16.43,63.29,101.265,0.0,5.72
2021-04-02 11:00:56,46.88666666666666,20.77,17.45,60.415,92.605,0.0,5.8
2021-04-02 12:00:56,55.843333333333334,23.625,20.61,54.785000000000004,86.53000000000002,0.0,4.7
2021-04-02 13:00:56,41.66,28.72,19.335,49.824999999999996,79.32499999999999,0.0,5.36
2021-04-02 14:00:56,40.93,20.235,18.165,49.375,73.56,0.0,5.6
2021-04-02 15:00:56,37.93666666666667,12.525,18.775,51.23,69.27,0.0,5.79
2021-04-02 16:00:56,38.276666666666664,15.324999999999998,17.79,50.85999999999999,72.345,0.0,6.25
2021-04-02 17:00:56,33.876666666666665,12.479999999999999,18.04,53.855,74.705,0.0,5.78
2021-04-02 18:00:56,30.21333333333333,10.62,15.235,55.745,73.44,0.0,7.39
2021-04-02 19:00:56,32.693333333333335,12.985,17.23,70.43,95.2,0.0,5.29
2021-04-02 20:00:56,46.58,14.790000000000001,17.555,100.05,166.64499999999998,0.0,4.3
2021-04-02 21:00:56,63.57333333333333,18.62,17.545,83.32,141.815,0.0,4.09
2021-04-02 22:00:56,66.15,24.445000000000004,16.355,82.845,138.24,0.0,5.26
2021-04-02 23:00:56,72.01,28.069999999999997,16.715,85.77499999999999,143.81,0.0,3.47
2021-04-03 00:00:56,87.64333333333333,35.91,17.365,77.47,136.25,0.0,4.01
2021-04-03 01:00:56,84.60333333333332,33.795,22.47,64.82,108.87,0.0,4.44
2021-04-03 02:00:56,64.16333333333333,22.48,23.145,58.75,95.3,0.0,5.34
2021-04-03 03:00:56,56.79,17.89,20.845,58.615,87.06,0.0,5.49
2021-04-03 04:00:56,57.96000000000001,19.905,17.59,56.745000000000005,82.505,0.0,5.93
2021-04-03 05:00:56,50.24666666666667,24.034999999999997,15.75,56.26,80.875,0.0,5.93
2021-04-03 06:00:56,47.88666666666666,17.495,15.454999999999998,57.95000000000001,85.035,0.0,5.42
2021-04-03 07:00:56,50.45333333333333,18.265,16.02,58.17499999999999,87.61000000000001,0.0,5.06
2021-04-03 08:00:56,49.46,20.185,17.795,61.324999999999996,104.65500000000002,0.0,4.72
2021-04-03 09:00:56,60.513333333333335,20.165,21.26,60.92499999999999,103.065,0.0,5.4
2021-04-03 10:00:56,48.803333333333335,23.63,22.58,51.845,74.915,0.0,5.52
2021-04-03 11:00:56,52.17333333333333,18.705,21.015,50.285,66.63,0.0,6.46
2021-04-03 12:00:56,44.66,18.485,18.375,50.67499999999999,66.605,0.0,6.18
2021-04-03 13:00:56,41.03,18.349999999999998,16.87,48.69,62.10999999999999,0.0,5.83
2021-04-03 14:00:56,30.253333333333334,17.09,16.555,45.305,53.725,0.0,7.16
2021-04-03 15:00:56,31.38,17.035,16.275000000000002,43.22,49.964999999999996,0.0,6.04
2021-04-03 16:00:56,31.8,19.1,15.545000000000002,41.865,47.72,0.0,6.33
2021-04-03 17:00:56,30.843333333333334,13.885,15.225000000000001,36.11,40.074999999999996,0.0,7.34
2021-04-03 18:00:56,30.42,10.665,15.714999999999998,34.775,39.365,0.0,6.29
2021-04-03 19:00:56,41.58,16.375,20.405,50.81999999999999,59.565,0.0,6.36
2021-04-03 20:00:56,50.04333333333333,16.72,30.145,79.0,97.605,0.0,5.18
2021-04-03 21:00:56,63.42666666666667,24.105,24.605,88.19,118.135,0.0,3.87
2021-04-03 22:00:56,67.95,31.38,20.01,74.035,105.40499999999999,0.0,4.8
2021-04-03 23:00:56,57.05666666666667,29.985,18.565,68.045,101.875,0.0,5.02
2021-04-04 00:00:56,64.38333333333334,34.77,17.215,57.47,87.085,0.0,5.67
2021-04-04 01:00:56,64.08333333333333,32.415,17.39,61.794999999999995,89.36000000000001,0.0,6.07
2021-04-04 02:00:56,67.15333333333334,28.195000000000004,17.125,56.435,84.575,0.0,4.87
2021-04-04 03:00:56,59.846666666666664,29.675,16.385,55.935,86.835,0.0,4.61
2021-04-04 04:00:56,61.75333333333333,29.385,15.83,58.49,93.21999999999998,0.0,5.9
2021-04-04 05:00:56,57.25,28.155,15.785000000000002,56.51500000000001,91.665,0.0,4.66
2021-04-04 06:00:56,55.32,31.98,16.14,55.580000000000005,91.75999999999999,0.0,4.49
2021-04-04 07:00:56,42.69,36.52,15.825000000000001,55.955000000000005,96.86,0.0,5.02
2021-04-04 08:00:56,45.8,36.735,22.24,59.004999999999995,108.855,0.0,4.89
2021-04-04 09:00:56,59.61666666666667,32.95,22.645,61.044999999999995,113.895,0.0,5.43
2021-04-04 10:00:56,66.31333333333333,31.175,21.225,53.915,91.63,0.0,5.81
2021-04-04 11:00:56,60.150000000000006,27.095,17.28,49.05500000000001,72.88499999999999,0.0,5.6
2021-04-04 12:00:56,39.516666666666666,17.48,17.83,46.93000000000001,59.055,0.0,6.7
2021-04-04 13:00:56,28.186666666666667,13.729999999999999,15.29,44.975,53.35,0.0,5.97
2021-04-04 14:00:56,36.63666666666667,12.194999999999999,15.049999999999999,55.669999999999995,58.66,0.0,8.04
2021-04-04 15:00:56,31.983333333333334,10.85,15.634999999999998,42.025,44.5,0.0,8.71
2021-04-04 16:00:56,29.16,13.425000000000002,15.63,36.035,37.8,0.0,8.2
2021-04-04 17:00:56,28.336666666666666,10.635,16.785,32.975,34.79,0.0,8.62
2021-04-04 18:00:56,27.223333333333333,6.245,15.38,38.51,40.64,0.0,8.69
2021-04-04 19:00:56,29.813333333333333,10.995,17.67,46.855,49.120000000000005,0.0,7.5
2021-04-04 20:00:56,38.17666666666667,16.944999999999997,16.47,62.525000000000006,67.02,0.0,6.55
2021-04-04 21:00:56,33.61333333333334,14.525,17.095,79.26499999999999,91.84999999999998,0.0,5.44
2021-04-04 22:00:56,44.28333333333333,19.805,18.485,87.435,106.515,0.0,5.59
2021-04-04 23:00:56,38.903333333333336,17.82,25.495000000000005,98.805,125.46499999999999,0.0,4.97
2021-04-05 00:00:56,49.97666666666667,14.11,19.035,78.125,96.695,0.0,6.11
2021-04-05 01:00:56,42.24666666666667,14.635,17.55,74.705,88.82499999999999,0.0,7.3
2021-04-05 02:00:56,44.81666666666666,15.415,15.945,69.73,80.96000000000001,0.0,6.54
2021-04-05 03:00:56,32.019999999999996,13.11,16.28,69.765,83.06,0.0,5.67
2021-04-05 04:00:56,32.06666666666666,14.85,16.27,71.28,88.205,0.0,5.09
2021-04-05 05:00:56,34.52,14.88,15.104999999999999,63.01500000000001,74.50999999999999,0.0,5.18
2021-04-05 06:00:56,25.563333333333333,14.785000000000002,14.839999999999998,58.105,63.975,0.0,6.05
2021-04-05 07:00:56,18.153333333333332,4.565,14.795,59.375,66.545,0.0,6.31
2021-04-05 08:00:56,24.060000000000002,13.15,15.62,65.83,74.78,0.0,5.65
2021-04-05 09:00:56,35.71666666666667,9.78,17.955,87.21499999999999,112.755,0.0,5.11
2021-04-05 10:00:56,49.69333333333333,10.46,18.75,98.74000000000001,158.4,0.0,4.23
2021-04-05 11:00:56,49.36000000000001,12.065,22.850000000000005,81.845,122.46499999999999,0.0,5.11
2021-04-05 12:00:56,46.39333333333334,9.515,0.0,61.48500000000001,81.505,0.0,7.04
2021-04-05 13:00:56,43.11,5.48,19.205,7.645,0.0,0.0,9.0
2021-04-05 14:00:56,52.97333333333333,10.18,15.229999999999999,4.1,32.28,0.0,42.94
2021-04-05 15:00:56,56.45666666666667,9.695,15.285000000000002,42.03,45.754999999999995,0.0,7.33
2021-04-05 16:00:56,67.87,6.8999999999999995,16.32,59.385,68.935,0.0,6.56
2021-04-05 17:00:56,61.43333333333334,11.325000000000001,17.595,70.64,85.36000000000001,0.0,6.12
2021-04-05 18:00:56,64.2,15.64,17.245,89.77,115.13499999999999,0.0,5.37
2021-04-05 19:00:56,73.75,20.885,19.145,87.2,115.46499999999999,0.0,6.35
2021-04-05 20:00:56,75.91333333333334,27.62,17.005,81.525,106.835,0.0,5.28
2021-04-05 21:00:56,66.44333333333333,31.39,15.549999999999999,69.21,88.665,0.0,6.85
2021-04-05 22:00:56,47.25666666666666,27.365,16.005,73.10499999999999,96.10000000000001,0.0,5.58
2021-04-05 23:00:56,32.45666666666666,18.14,16.595,75.205,103.72500000000001,0.0,4.82
2021-04-06 00:00:56,22.776666666666667,11.685,16.865,76.01,108.10000000000001,0.0,5.52
2021-04-06 01:00:56,20.026666666666667,14.31,16.51,81.85000000000001,119.96,0.0,3.68
2021-04-06 02:00:56,20.80333333333333,13.49,16.555,90.485,133.98000000000002,0.0,5.23
2021-04-06 03:00:56,19.62666666666667,17.495,16.3,76.165,118.325,0.0,4.68
2021-04-06 04:00:56,19.906666666666666,14.674999999999999,16.035,73.255,111.59499999999998,0.0,5.32
2021-04-06 05:00:56,20.25,11.39,15.68,74.21,112.0,0.0,4.88
2021-04-06 06:00:56,24.566666666666666,14.36,15.834999999999999,67.375,102.47499999999998,0.0,5.7
2021-04-06 07:00:56,22.99666666666667,14.92,16.02,66.905,96.21499999999999,0.0,5.35
2021-04-06 08:00:56,21.043333333333333,4.655,16.705,75.73,109.25999999999999,0.0,5.34
2021-04-06 09:00:56,27.54,11.854999999999999,19.47,79.205,118.325,0.0,5.52
2021-04-06 10:00:56,31.156666666666666,10.455,23.290000000000003,70.605,100.18,0.0,5.48
2021-04-06 11:00:56,38.56666666666666,15.479999999999999,18.415000000000003,66.985,90.57,0.0,6.23
2021-04-06 12:00:56,38.13333333333333,14.160000000000002,22.599999999999998,68.35,92.02,0.0,6.62
2021-04-06 13:00:56,44.19,16.575,19.145,66.31,82.5,0.0,6.03
2021-04-06 14:00:56,43.71,14.61,16.17,60.339999999999996,67.77499999999999,0.0,6.71
2021-04-06 15:00:56,43.52,11.435,23.834999999999997,50.10999999999999,54.415,0.0,8.52
2021-04-06 16:00:56,52.78,6.895,21.285,53.294999999999995,58.88,0.0,7.08
2021-04-06 17:00:56,60.406666666666666,8.22,15.074999999999998,55.27,62.14000000000001,0.0,7.03
2021-04-06 18:00:56,68.33333333333333,8.99,18.41,73.115,89.89,0.0,5.7
2021-04-06 19:00:56,71.40666666666667,13.13,21.950000000000003,114.46,186.83,0.0,4.94
2021-04-06 20:00:56,104.49666666666667,23.64,22.62,121.295,228.145,0.0,4.81
2021-04-06 21:00:56,132.06,30.52,22.255,117.84999999999998,242.795,0.0,4.77
2021-04-06 22:00:56,134.30333333333334,38.23,23.0,111.175,233.165,0.0,3.82
2021-04-06 23:00:56,155.80666666666667,39.300000000000004,19.85,99.445,198.415,0.0,5.06
2021-04-07 00:00:56,127.35,33.65,19.435,90.65000000000002,150.75,0.0,5.01
2021-04-07 01:00:56,113.99,31.185000000000002,27.955,83.725,126.10000000000001,0.0,5.22
2021-04-07 02:00:56,117.69,27.75,29.52,79.75,117.29,0.0,4.27
2021-04-07 03:00:56,111.08666666666666,25.01,20.925,70.27,102.61500000000001,0.0,4.68
2021-04-07 04:00:56,100.01,20.599999999999998,17.6,62.405,78.92999999999999,0.0,5.82
2021-04-07 05:00:56,81.63666666666667,20.745,22.215,65.52,77.385,0.0,7.09
2021-04-07 06:00:56,77.90666666666667,16.5,21.37,68.47,83.035,0.0,5.69
2021-04-07 07:00:56,77.83666666666667,11.005,21.939999999999998,71.575,85.38499999999999,0.0,5.23
2021-04-07 08:00:56,64.2,14.61,16.560000000000002,77.17,92.25999999999999,0.0,5.59
2021-04-07 09:00:56,62.596666666666664,15.235,17.314999999999998,72.28,85.3,0.0,7.09
2021-04-07 10:00:56,70.41333333333333,15.53,18.19,65.97500000000001,74.115,0.0,6.64
2021-04-07 11:00:56,80.81333333333333,14.75,17.555,55.095,60.495000000000005,0.0,8.12
2021-04-07 12:00:56,90.7,27.47,18.31,40.075,44.495000000000005,0.0,9.32
2021-04-07 13:00:56,104.68,37.13,17.974999999999998,4.785,34.475,0.0,44.44
2021-04-07 14:00:56,97.92666666666666,28.790000000000003,17.605,4.23,33.61,0.0,43.3
2021-04-07 15:00:56,88.51333333333334,23.135,17.544999999999998,4.31,32.845,0.0,44.77
2021-04-07 16:00:56,86.82333333333334,23.37,18.385,4.75,35.105,0.0,42.9
2021-04-07 17:00:56,88.83666666666667,19.665,20.185,5.640000000000001,35.235,0.0,44.38
2021-04-07 18:00:56,88.45333333333333,19.375,19.855,6.510000000000001,37.795,0.0,42.96
2021-04-07 19:00:56,78.83666666666667,18.150000000000002,16.85,51.85,57.964999999999996,0.0,6.69
2021-04-07 20:00:56,83.37666666666667,16.82,18.3,106.00999999999999,131.96,0.0,4.71
2021-04-07 21:00:56,94.84666666666666,23.495,21.01,139.065,223.10500000000002,0.0,4.52
2021-04-07 22:00:56,110.57,34.595,21.52,131.515,213.97000000000003,0.0,4.54
2021-04-07 23:00:56,118.19666666666667,35.845,18.845,124.625,203.25,0.0,4.23
2021-04-08 00:00:56,122.21666666666667,42.415,19.36,121.195,222.17,0.0,5.07
2021-04-08 01:00:56,125.76,56.035000000000004,17.35,108.105,204.4,0.0,5.12
2021-04-08 02:00:56,110.17,52.074999999999996,17.57,108.67,198.49,0.0,4.84
2021-04-08 03:00:56,93.01333333333332,35.645,17.8,100.335,163.945,0.0,6.1
2021-04-08 04:00:56,70.18333333333334,21.385,17.425,96.395,144.54999999999998,0.0,6.19
2021-04-08 05:00:56,48.596666666666664,13.81,18.2,87.05,120.665,0.0,5.51
2021-04-08 06:00:56,50.123333333333335,15.225,17.465,89.71,116.695,0.0,5.45
2021-04-08 07:00:56,50.03666666666667,18.955,17.98,87.75,116.135,0.0,5.03
2021-04-08 08:00:56,53.06,18.21,20.715,97.625,158.01,0.0,4.96
2021-04-08 09:00:56,77.58,28.395,22.319999999999997,97.54,180.98,0.0,4.63
2021-04-08 10:00:56,72.28,31.705,18.5,86.06,136.455,0.0,6.35
2021-04-08 11:00:56,56.553333333333335,21.77,17.99,79.68,108.52499999999999,0.0,5.38
2021-04-08 12:00:56,47.43,15.49,18.325,72.44,84.5,0.0,7.23
2021-04-08 13:00:56,43.38333333333333,14.375,16.15,61.169999999999995,68.175,0.0,7.1
2021-04-08 14:00:56,41.78,13.354999999999999,15.354999999999999,41.91,47.53,0.0,8.93
2021-04-08 15:00:56,40.223333333333336,10.844999999999999,15.83,32.84,38.145,0.0,9.8
2021-04-08 16:00:56,37.876666666666665,8.24,15.235,3.295,34.879999999999995,0.0,43.18
2021-04-08 17:00:56,41.75333333333334,5.485,15.12,3.135,29.755,0.0,43.94
2021-04-08 18:00:56,35.669999999999995,3.955,16.205,6.185,39.77,0.0,44.13
2021-04-08 19:00:56,41.99333333333333,4.88,15.865,61.68,70.655,0.0,6.92
2021-04-08 20:00:56,46.54,7.260000000000001,16.045,84.19,97.675,0.0,6.77
2021-04-08 21:00:56,50.07,15.11,20.755,108.65000000000002,137.405,0.0,5.76
2021-04-08 22:00:56,51.73,19.040000000000003,17.3,89.59499999999998,116.73500000000001,0.0,6.21
2021-04-08 23:00:56,49.51,15.62,16.349999999999998,76.49000000000001,99.11,0.0,5.88
2021-04-09 00:00:56,37.12,12.43,15.884999999999998,70.71,91.295,0.0,5.62
2021-04-09 01:00:56,25.483333333333334,10.835,15.600000000000001,68.05499999999999,87.705,0.0,5.91
2021-04-09 02:00:56,22.6,9.84,15.520000000000001,66.78,86.615,0.0,5.81
2021-04-09 03:00:56,18.793333333333333,6.785,15.329999999999998,65.7,86.08999999999999,0.0,6.49
2021-04-09 04:00:56,12.39,4.465,15.094999999999999,64.965,84.625,0.0,6.08
2021-04-09 05:00:56,12.353333333333333,4.04,14.799999999999999,63.830000000000005,82.66000000000001,0.0,5.31
2021-04-09 06:00:56,10.57,4.25,14.704999999999998,63.95000000000001,82.265,0.0,5.42
2021-04-09 07:00:56,10.68,5.435,14.725,66.77,85.11,0.0,6.52
2021-04-09 08:00:56,8.643333333333333,5.5200000000000005,14.625,75.42500000000001,100.325,0.0,4.33
2021-04-09 09:00:56,7.81,4.71,14.660000000000002,83.02,116.90500000000002,0.0,6.44
2021-04-09 10:00:56,13.703333333333333,7.31,15.170000000000002,80.56,113.665,0.0,6.33
2021-04-09 11:00:56,13.336666666666666,5.505,15.579999999999998,82.39500000000001,116.16000000000001,0.0,6.92
2021-04-09 12:00:56,16.956666666666667,5.645,15.26,80.44,112.53000000000002,0.0,5.79
2021-04-09 13:00:56,10.7,7.875,17.28,78.795,110.58,0.0,5.39
2021-04-09 14:00:56,12.89,9.63,17.125,78.395,109.925,0.0,6.25
2021-04-09 15:00:56,16.183333333333334,9.295,16.98,80.91000000000001,113.71,0.0,5.83
2021-04-09 16:00:56,16.113333333333333,9.6,17.775000000000002,85.045,120.23,0.0,6.11
2021-04-09 17:00:56,15.033333333333333,5.59,17.064999999999998,81.72,114.425,0.0,6.81
2021-04-09 18:00:56,13.560000000000002,4.505,16.675,86.96499999999999,120.895,0.0,6.61
2021-04-09 19:00:56,12.406666666666666,5.535,16.795,89.14,123.355,0.0,5.53
2021-04-09 20:00:56,12.57,2.67,17.985,94.40000000000002,131.65,0.0,5.96
2021-04-09 21:00:56,13.353333333333333,1.995,17.805,89.09499999999998,125.47499999999998,0.0,6.63
2021-04-09 22:00:56,12.839999999999998,5.66,18.06,85.26,119.045,0.0,6.7
2021-04-09 23:00:56,15.719999999999999,14.515,17.54,83.885,112.735,0.0,7.06
2021-04-10 00:00:56,17.183333333333334,9.365,17.075000000000003,82.11500000000001,107.69,0.0,6.16
2021-04-10 01:00:56,22.03,11.01,16.25,81.63,106.49,0.0,7.33
2021-04-10 02:00:56,19.516666666666666,9.145000000000001,15.420000000000002,79.80000000000001,103.81,0.0,7.05
2021-04-10 03:00:56,19.773333333333333,7.28,14.979999999999999,78.56,100.77,0.0,6.7
2021-04-10 04:00:56,15.81,5.06,14.589999999999998,76.39999999999999,96.19,0.0,6.5
2021-04-10 05:00:56,18.346666666666668,3.785,14.505,76.69,95.06,0.0,6.41
2021-04-10 06:00:56,14.983333333333333,8.89,14.24,76.98,95.125,0.0,6.93
2021-04-10 07:00:56,14.586666666666666,4.21,14.225000000000001,77.055,95.57,0.0,6.09
2021-04-10 08:00:56,17.169999999999998,8.370000000000001,14.74,79.72,99.15500000000002,0.0,6.04
2021-04-10 09:00:56,18.376666666666665,8.495,14.39,81.875,103.13,0.0,6.44
2021-04-10 10:00:56,21.12666666666667,13.54,14.76,80.08,100.945,0.0,6.4
2021-04-10 11:00:56,18.11,11.125,14.865,78.00999999999999,97.505,0.0,7.37
2021-04-10 12:00:56,21.186666666666667,9.96,17.375,77.24499999999999,95.90499999999999,0.0,7.12
2021-04-10 13:00:56,19.023333333333333,12.495,17.064999999999998,75.495,92.57000000000001,0.0,6.08
2021-04-10 14:00:56,20.266666666666666,8.795,18.925,72.91,88.61500000000001,0.0,6.57
2021-04-10 15:00:56,21.146666666666665,2.46,16.915,70.785,85.59999999999998,0.0,6.48
2021-04-10 16:00:56,24.123333333333335,1.97,16.64,68.63499999999999,82.915,0.0,7.11
2021-04-10 17:00:56,23.323333333333334,11.51,16.825,67.61999999999999,81.76499999999999,0.0,7.85
2021-04-10 18:00:56,17.626666666666665,14.85,18.92,67.71499999999999,80.77,0.0,7.03
2021-04-10 19:00:56,21.013333333333332,11.455,19.07,69.66,83.665,0.0,6.57
2021-04-10 20:00:56,22.46666666666667,10.735,19.84,70.75,84.495,0.0,6.95
2021-04-10 21:00:56,22.95,12.505,20.925,72.77,87.245,0.0,7.46
2021-04-10 22:00:56,18.663333333333334,5.93,19.25,72.94,87.13999999999999,0.0,6.98
2021-04-10 23:00:56,18.536666666666665,14.615,17.705000000000002,71.1,85.205,0.0,6.32
2021-04-11 00:00:56,16.88,12.21,16.700000000000003,71.925,85.86,0.0,6.9
2021-04-11 01:00:56,15.006666666666666,4.51,15.445,72.145,88.055,0.0,6.51
2021-04-11 02:00:56,12.526666666666667,6.02,14.839999999999998,73.0,88.67500000000001,0.0,6.66
2021-04-11 03:00:56,12.453333333333333,3.72,14.835,73.21,88.995,0.0,6.97
2021-04-11 04:00:56,14.04,10.200000000000001,14.965000000000002,73.675,88.52499999999999,0.0,6.99
2021-04-11 05:00:56,14.273333333333333,9.395,15.045000000000002,71.86500000000001,86.46499999999999,0.0,6.38
2021-04-11 06:00:56,10.123333333333333,2.965,14.505,73.23,88.805,0.0,7.38
2021-04-11 07:00:56,15.5,13.745,14.354999999999999,74.17,91.69,0.0,7.25
2021-04-11 08:00:56,15.616666666666665,10.090000000000002,14.245,76.37,94.61,0.0,6.38
2021-04-11 09:00:56,13.976666666666667,8.965,14.615000000000002,79.89,100.55,0.0,6.94
2021-04-11 10:00:56,9.73,9.345,14.64,81.17,102.675,0.0,6.78
2021-04-11 11:00:56,12.026666666666666,7.28,15.424999999999999,80.94,103.57,0.0,6.82
2021-04-11 12:00:56,12.95,2.145,15.590000000000002,78.935,100.705,0.0,7.31
2021-04-11 13:00:56,12.636666666666667,1.64,15.365,77.26499999999999,97.75,0.0,7.04
2021-04-11 14:00:56,12.426666666666666,1.215,16.314999999999998,77.675,99.31,0.0,6.51
2021-04-11 15:00:56,12.623333333333333,1.065,16.595,77.49,99.34500000000001,0.0,7.76
2021-04-11 16:00:56,11.073333333333334,6.56,17.265,76.44500000000001,97.66000000000001,0.0,7.53
2021-04-11 17:00:56,18.57,5.8950000000000005,17.52,74.88,94.59999999999998,0.0,7.56
2021-04-11 18:00:56,18.236666666666668,5.859999999999999,17.835,77.80000000000001,98.835,0.0,6.39
2021-04-11 19:00:56,16.066666666666666,9.95,18.37,53.025000000000006,98.79,0.0,41.06
2021-04-11 20:00:56,14.670000000000002,8.899999999999999,17.169999999999998,53.62,99.45,0.0,42.53
2021-04-11 21:00:56,14.67,7.5,15.74,53.865,101.14,0.0,42.7
2021-04-11 22:00:56,15.896666666666668,7.755,15.899999999999999,53.455000000000005,99.825,0.0,41.82
2021-04-11 23:00:56,18.653333333333332,8.68,15.62,51.645,98.625,0.0,42.18
2021-04-12 00:00:56,20.30666666666667,8.045,15.915,50.85,97.21499999999999,0.0,42.52
2021-04-12 01:00:56,20.48,14.18,15.865,51.31,97.59499999999998,0.0,42.12
2021-04-12 02:00:56,22.663333333333334,11.01,15.935,48.50999999999999,96.40500000000002,0.0,42.22
2021-04-12 03:00:56,18.673333333333336,8.225,15.79,48.0,94.97500000000001,0.0,42.29
2021-04-12 04:00:56,19.27,1.755,15.265,47.815,95.97000000000001,0.0,42.03
2021-04-12 05:00:56,19.836666666666666,8.4,14.799999999999999,50.044999999999995,100.455,0.0,41.24
2021-04-12 06:00:56,21.23,10.2,14.795000000000002,57.115,111.955,0.0,41.62
2021-04-12 07:00:56,31.383333333333333,13.660000000000002,14.63,59.995000000000005,119.71999999999998,0.0,41.37
2021-04-12 08:00:56,37.20333333333333,20.36,17.805,69.215,154.305,0.0,39.21
2021-04-12 09:00:56,37.696666666666665,19.035,19.505,63.48500000000001,139.79,0.0,41.07
2021-04-12 10:00:56,36.163333333333334,18.22,16.84,49.805,105.58,0.0,42.97
2021-04-12 11:00:56,25.406666666666666,14.255,16.485,47.415,97.52,0.0,41.15
2021-04-12 12:00:56,25.290000000000003,9.75,17.53,46.79,90.63,0.0,42.12
2021-04-12 13:00:56,23.96666666666667,11.04,19.099999999999998,46.375,89.49,0.0,42.49
2021-04-12 14:00:56,23.71333333333333,9.67,21.025000000000002,43.105,83.88,0.0,42.33
2021-04-12 15:00:56,22.483333333333334,7.945,17.330000000000002,43.830000000000005,86.68,0.0,42.51
2021-04-12 16:00:56,23.77,11.905,16.89,47.080000000000005,93.825,0.0,42.6
2021-04-12 17:00:56,23.14666666666667,11.26,22.100000000000005,49.94499999999999,94.32,0.0,41.68
2021-04-12 18:00:56,22.07,10.43,18.875,53.355,100.7,0.0,42.35
2021-04-12 19:00:56,22.43,13.93,16.415,59.185,108.515,0.0,42.63
2021-04-12 20:00:56,33.57,12.39,17.425,68.41,119.52,0.0,42.41
2021-04-12 21:00:56,35.68,10.24,17.625,75.32000000000001,134.96,0.0,42.43
2021-04-12 22:00:56,48.13333333333333,20.82,19.195,88.5,166.93500000000003,0.0,41.26
2021-04-12 23:00:56,51.05666666666667,21.345,19.01,73.425,143.06500000000003,0.0,41.33
2021-04-13 00:00:56,48.17666666666667,17.07,18.3,76.375,140.53,0.0,42.64
2021-04-13 01:00:56,41.32,16.435000000000002,18.584999999999997,74.49000000000001,134.42,0.0,42.57
2021-04-13 02:00:56,40.78,18.155,17.04,60.665,118.185,0.0,41.62
2021-04-13 03:00:56,41.38333333333333,19.75,17.135,56.19499999999999,111.925,0.0,41.51
2021-04-13 04:00:56,41.96666666666667,17.57,18.18,56.63999999999999,112.585,0.0,41.78
2021-04-13 05:00:56,40.45333333333333,18.224999999999998,17.03,50.18000000000001,106.255,0.0,42.0
2021-04-13 06:00:56,39.81333333333333,23.310000000000002,16.9,57.655,117.48,0.0,41.42
2021-04-13 07:00:56,34.42,18.715,16.584999999999997,54.629999999999995,117.94,0.0,42.64
2021-04-13 08:00:56,39.25333333333333,15.555,20.645,52.34,126.77499999999999,0.0,40.82
2021-04-13 09:00:56,54.46333333333333,21.575,20.615,48.98499999999999,116.915,0.0,41.53
2021-04-13 10:00:56,45.24666666666667,17.88,18.32,44.199999999999996,101.33,0.0,43.68
2021-04-13 11:00:56,36.96333333333333,12.94,18.83,42.15,91.085,0.0,43.12
2021-04-13 12:00:56,30.606666666666666,10.705,19.075,44.87,90.32000000000001,0.0,43.17
2021-04-13 13:00:56,22.869999999999997,10.265,15.979999999999999,39.915,80.97500000000001,0.0,43.92
2021-04-13 14:00:56,27.056666666666665,6.605,15.46,37.945,78.04,0.0,42.09
2021-04-13 15:00:56,28.810000000000002,10.88,17.115,38.505,78.63,0.0,42.7
2021-04-13 16:00:56,25.18,9.14,15.79,38.324999999999996,79.605,0.0,43.01
2021-04-13 17:00:56,22.203333333333333,6.585,16.400000000000002,39.03,79.22,0.0,42.89
2021-04-13 18:00:56,20.773333333333333,6.875,15.51,41.24,81.96000000000001,0.0,41.97
2021-04-13 19:00:56,22.616666666666667,5.245,17.12,51.27,92.99,0.0,42.01
2021-04-13 20:00:56,31.52,9.365,23.28,60.875,103.83,0.0,41.66
2021-04-13 21:00:56,41.766666666666666,18.19,28.465,73.735,123.06,0.0,42.01
2021-04-13 22:00:56,62.166666666666664,26.314999999999998,21.790000000000003,91.93,155.69,0.0,41.98
2021-04-13 23:00:56,60.166666666666664,32.805,21.22,75.91,132.705,0.0,42.81
2021-04-14 00:00:56,59.81,26.794999999999998,19.43,66.73,119.875,0.0,41.93
2021-04-14 01:00:56,58.17666666666667,16.905,12.835,75.33,136.915,0.0,41.33
2021-04-14 02:00:56,53.84,16.525,14.235,73.585,136.66,0.0,43.24
2021-04-14 03:00:56,46.52333333333334,22.255,13.71,63.044999999999995,118.56,0.0,42.16
2021-04-14 04:00:56,33.93333333333333,26.524999999999995,13.365,68.33999999999999,128.945,0.0,41.02
2021-04-14 05:00:56,47.483333333333334,29.445000000000004,12.985,61.245,127.355,0.0,41.6
2021-04-14 06:00:56,54.75333333333333,28.804999999999996,13.030000000000001,59.405,129.05,0.0,40.91
2021-04-14 07:00:56,46.96,19.375,12.594999999999999,60.754999999999995,129.32500000000002,0.0,41.58
2021-04-14 08:00:56,68.22333333333333,20.145,29.05,67.455,156.225,0.0,41.08
2021-04-14 09:00:56,71.53999999999999,34.515,40.93,74.47,169.585,0.0,38.52
2021-04-14 10:00:56,88.16,41.33,35.515,78.325,170.625,0.0,40.11
2021-04-14 11:00:56,84.06666666666666,40.395,24.019999999999996,60.345,127.58,0.0,41.4
2021-04-14 12:00:56,68.15333333333334,30.155,19.474999999999998,47.95000000000001,100.28000000000002,0.0,43.4
2021-04-14 13:00:56,50.903333333333336,18.6,17.21,43.754999999999995,90.40499999999999,0.0,43.42
2021-04-14 14:00:56,32.666666666666664,14.049999999999999,17.83,40.935,84.67999999999999,0.0,43.73
2021-04-14 15:00:56,26.176666666666666,9.705,17.515,40.19,82.355,0.0,43.51
2021-04-14 16:00:56,24.913333333333338,9.525,18.045,40.059999999999995,82.43,0.0,42.44
2021-04-14 17:00:56,26.99666666666667,12.04,20.56,41.865,84.565,0.0,42.89
2021-04-14 18:00:56,33.60333333333333,11.89,19.525,45.285,89.96999999999998,0.0,43.13
2021-04-14 19:00:56,38.230000000000004,9.94,18.565,60.18,115.25,0.0,42.18
2021-04-14 20:00:56,46.41,12.405000000000001,22.820000000000004,73.71,149.15,0.0,42.11
2021-04-14 21:00:56,54.24333333333333,15.205,24.63,69.52,139.705,0.0,41.78
2021-04-14 22:00:56,60.44,19.87,31.385,81.075,152.86,0.0,41.17
2021-04-14 23:00:56,68.91666666666666,23.045,26.045,80.49,155.54999999999998,0.0,42.11
2021-04-15 00:00:56,69.10333333333334,33.985,23.475000000000005,57.01,125.02,0.0,42.68
2021-04-15 01:00:56,60.84,30.075,17.845,57.305,120.72499999999998,0.0,41.58
2021-04-15 02:00:56,55.13666666666666,26.845,16.87,54.865,118.925,0.0,41.14
2021-04-15 03:00:56,49.75,24.635,17.62,52.025,118.50999999999999,0.0,42.05
2021-04-15 04:00:56,55.31666666666666,29.385,18.93,53.705000000000005,121.81,0.0,41.85
2021-04-15 05:00:56,57.666666666666664,37.38,21.11,50.645,121.86,0.0,40.88
2021-04-15 06:00:56,59.763333333333335,39.815,20.295,55.465,135.315,0.0,41.94
2021-04-15 07:00:56,60.870000000000005,36.755,20.17,58.794999999999995,156.3,0.0,42.71
2021-04-15 08:00:56,70.25,46.415,28.595,64.045,198.365,0.0,42.33
2021-04-15 09:00:56,78.97333333333333,53.165,34.36,68.63499999999999,203.125,0.0,41.41
2021-04-15 10:00:56,81.54666666666667,43.685,28.485,50.129999999999995,137.29999999999998,0.0,42.69
2021-04-15 11:00:56,66.65666666666667,29.61,23.775000000000002,46.72,114.33,0.0,42.89
2021-04-15 12:00:56,59.46666666666667,25.679999999999996,19.96,46.385,107.13999999999999,0.0,43.86
2021-04-15 13:00:56,50.946666666666665,20.395,17.245,41.074999999999996,94.92,0.0,43.71
2021-04-15 14:00:56,43.096666666666664,15.949999999999998,16.419999999999998,35.85,81.17999999999999,0.0,44.58
2021-04-15 15:00:56,41.21,13.29,16.0,32.345,75.42999999999999,0.0,43.78
2021-04-15 16:00:56,41.696666666666665,14.435,16.18,32.06,74.78,0.0,44.17
2021-04-15 17:00:56,39.803333333333335,11.0,16.285,32.645,76.08500000000001,0.0,43.11
2021-04-15 18:00:56,42.946666666666665,8.81,15.995,36.4,80.60000000000001,0.0,42.28
2021-04-15 19:00:56,42.68333333333334,8.54,16.39,50.56,99.71499999999999,0.0,40.73
2021-04-15 20:00:56,50.20666666666666,15.079999999999998,17.915,65.36,121.59499999999998,0.0,42.76
2021-04-15 21:00:56,59.94,17.86,24.785,85.33999999999999,160.415,0.0,41.11
2021-04-15 22:00:56,79.18333333333334,26.005,24.590000000000003,89.915,170.97,0.0,40.54
2021-04-15 23:00:56,86.52666666666667,25.015,21.67,81.33,164.76000000000002,0.0,41.42
2021-04-16 00:00:56,92.75333333333333,33.82,23.959999999999997,70.935,159.045,0.0,42.24
2021-04-16 01:00:56,99.24666666666667,44.775,22.625,69.02,161.04999999999998,0.0,42.48
2021-04-16 02:00:56,97.60333333333332,48.9,24.724999999999998,62.92499999999999,157.30499999999998,0.0,41.69
2021-04-16 03:00:56,93.95666666666666,49.46,28.28,58.27,149.47500000000002,0.0,41.4
2021-04-16 04:00:56,82.48333333333333,47.255,31.97,60.455000000000005,147.37,0.0,42.47
2021-04-16 05:00:56,77.33,36.555,31.365,63.605,142.79,0.0,42.57
2021-04-16 06:00:56,71.68666666666667,34.57,25.245,64.72500000000001,145.635,0.0,41.98
2021-04-16 07:00:56,64.28,32.93,26.400000000000002,62.97,151.045,0.0,41.28
2021-04-16 08:00:56,76.37,36.605,26.465000000000003,62.365,161.545,0.0,41.88
2021-04-16 09:00:56,85.80666666666667,37.38,25.790000000000003,61.25,158.29500000000002,0.0,40.39
2021-04-16 10:00:56,93.78,36.145,36.77,68.13,168.27,0.0,42.76
2021-04-16 11:00:56,114.80333333333333,35.36,31.23,62.815,153.87,0.0,43.06
2021-04-16 12:00:56,95.75999999999999,25.145,18.605,45.76,118.235,0.0,44.25
2021-04-16 13:00:56,72.73666666666666,18.31,18.245,37.28,93.875,0.0,43.75
2021-04-16 14:00:56,61.629999999999995,14.104999999999999,19.51,35.81,85.445,0.0,44.24
2021-04-16 15:00:56,44.346666666666664,14.205,16.689999999999998,32.370000000000005,78.375,0.0,42.63
2021-04-16 16:00:56,42.53666666666667,14.479999999999999,16.44,19.42,61.04,0.0,43.3
2021-04-16 17:00:56,43.68000000000001,11.479999999999999,16.38,13.68,55.57500000000001,0.0,44.06
2021-04-16 18:00:56,42.32666666666667,13.534999999999998,16.490000000000002,32.36,78.95,0.0,42.73
2021-04-16 19:00:56,49.57,17.775000000000002,16.939999999999998,45.475,98.085,0.0,43.15
2021-04-16 20:00:56,49.45333333333333,19.775000000000002,20.365,54.46,111.32,0.0,42.43
2021-04-16 21:00:56,60.75,23.405,23.92,77.355,143.655,0.0,42.28
2021-04-16 22:00:56,71.78333333333333,37.875,21.765,74.125,148.39,0.0,42.39
2021-04-16 23:00:56,110.69333333333333,29.919999999999998,21.845,75.625,157.665,0.0,41.13
2021-04-17 00:00:56,106.07333333333334,31.929999999999996,21.98,71.27499999999999,159.655,0.0,41.95
2021-04-17 01:00:56,98.80000000000001,35.345,20.815,62.99,145.46,0.0,41.7
2021-04-17 02:00:56,83.04,36.085,19.76,65.29,150.31,0.0,41.33
2021-04-17 03:00:56,67.57,27.89,18.585,58.025,135.35,0.0,41.95
2021-04-17 04:00:56,55.27666666666667,20.84,18.38,48.35999999999999,119.735,0.0,43.21
2021-04-17 05:00:56,51.30666666666667,20.28,21.11,45.76500000000001,114.40500000000002,0.0,44.11
2021-04-17 06:00:56,57.10666666666666,22.235,21.92,45.355,113.73,0.0,42.15
2021-04-17 07:00:56,57.17666666666667,20.625,23.25,47.98499999999999,120.945,0.0,41.5
2021-04-17 08:00:56,56.68333333333334,21.035,29.89,46.94,123.925,0.0,41.87
2021-04-17 09:00:56,58.53666666666666,27.400000000000002,52.52,45.120000000000005,123.93,0.0,41.98
2021-04-17 10:00:56,65.65333333333332,31.724999999999998,32.81,41.995000000000005,117.60000000000001,0.0,42.91
2021-04-17 11:00:56,69.23666666666666,28.365,28.055000000000003,43.85,120.77500000000002,0.0,43.18
2021-04-17 12:00:56,61.21333333333333,20.565,25.909999999999997,39.62,108.46,0.0,43.05
2021-04-17 13:00:56,66.58666666666667,29.48,23.340000000000003,35.43,101.075,0.0,43.84
2021-04-17 14:00:56,61.76333333333333,24.63,16.875,31.275000000000002,91.41000000000001,0.0,43.79
2021-04-17 15:00:56,44.63333333333333,20.18,15.920000000000002,32.545,89.91000000000001,0.0,43.82
2021-04-17 16:00:56,43.88,16.26,18.885,28.91,79.47,0.0,43.55
2021-04-17 17:00:56,48.38666666666666,14.115,19.985,28.53,77.07499999999999,0.0,42.45
2021-04-17 18:00:56,47.980000000000004,17.645,21.055,44.21,108.08999999999999,0.0,42.58
2021-04-17 19:00:56,47.053333333333335,22.795,19.18,50.45000000000001,122.35000000000001,0.0,43.12
2021-04-17 20:00:56,63.24,19.095,20.13,60.455000000000005,140.29999999999998,0.0,41.93
2021-04-17 21:00:56,84.97999999999999,21.075,19.474999999999998,47.215,129.11,0.0,41.79
2021-04-17 22:00:56,81.36666666666666,24.265,18.23,45.67499999999999,129.57500000000002,0.0,41.16
2021-04-17 23:00:56,90.28333333333333,33.474999999999994,18.06,46.870000000000005,138.61,0.0,42.38
2021-04-18 00:00:56,99.24,42.88999999999999,20.31,49.754999999999995,148.035,0.0,42.67
2021-04-18 01:00:56,106.68333333333334,56.435,21.67,55.39000000000001,164.91,0.0,42.42
2021-04-18 02:00:56,96.69,47.865,20.78,51.935,158.07,0.0,41.57
2021-04-18 03:00:56,87.09333333333333,36.785,20.58,50.85,160.155,0.0,41.57
2021-04-18 04:00:56,84.1,39.29,22.290000000000003,52.585,168.13,0.0,42.13
2021-04-18 05:00:56,93.6,41.645,22.224999999999998,47.745000000000005,155.835,0.0,41.41
2021-04-18 06:00:56,93.77333333333334,34.805,22.584999999999997,44.885,142.96,0.0,40.21
2021-04-18 07:00:56,90.88333333333333,35.175000000000004,22.370000000000005,43.294999999999995,133.715,0.0,42.64
2021-04-18 08:00:56,89.54,30.790000000000003,28.305000000000003,37.21,119.575,0.0,41.61
2021-04-18 09:00:56,73.67666666666666,22.115,24.590000000000003,24.625,86.21999999999998,0.0,41.68
2021-04-18 10:00:56,65.36666666666666,13.354999999999999,20.26,18.655,72.96999999999998,0.0,41.79
2021-04-18 11:00:56,51.36666666666667,9.700000000000001,21.62,18.74,70.7,0.0,43.28
2021-04-18 12:00:56,41.45666666666666,15.51,20.16,20.185,74.48,0.0,41.79
2021-04-18 13:00:56,41.79666666666667,15.920000000000002,20.69,17.095,71.03,0.0,42.31
2021-04-18 14:00:56,47.07333333333334,16.435,18.555,15.235,68.455,0.0,42.64
2021-04-18 15:00:56,51.76333333333333,14.71,18.335,16.745,72.165,0.0,43.89
2021-04-18 16:00:56,55.89666666666667,16.895,17.07,18.12,75.055,0.0,44.36
2021-04-18 17:00:56,68.31,19.645,16.455,20.81,82.41000000000001,0.0,43.43
2021-04-18 18:00:56,86.02333333333333,21.02,19.68,22.205,81.07000000000001,0.0,43.17
2021-04-18 19:00:56,88.23,27.849999999999998,19.099999999999998,24.76,88.00999999999999,0.0,42.61
2021-04-18 20:00:56,87.39666666666666,26.430000000000003,23.425,24.595,92.14999999999999,0.0,43.08
2021-04-18 21:00:56,81.57666666666667,25.11,24.850000000000005,21.425,84.35000000000001,0.0,43.93
2021-04-18 22:00:56,58.913333333333334,21.455,24.395,21.315,77.19,0.0,44.68
2021-04-18 23:00:56,48.196666666666665,19.29,21.349999999999998,27.31,86.31,0.0,42.52
2021-04-19 00:00:56,35.8,13.295,19.91,32.47,98.71499999999999,0.0,42.81
2021-04-19 01:00:56,36.053333333333335,8.465,21.13,35.419999999999995,113.19500000000001,0.0,42.1
2021-04-19 02:00:56,33.78,7.579999999999999,22.165000000000003,33.735,115.435,0.0,43.27
2021-04-19 03:00:56,28.083333333333332,12.385,18.435,34.19,119.39,0.0,44.22
2021-04-19 04:00:56,25.7,11.905000000000001,20.23,36.27,123.24000000000001,0.0,43.56
2021-04-19 05:00:56,26.176666666666666,12.805,21.349999999999998,31.915000000000003,111.94,0.0,44.19
2021-04-19 06:00:56,19.363333333333333,10.700000000000001,23.225000000000005,35.11,114.665,0.0,43.22
2021-04-19 07:00:56,28.21,10.645000000000001,23.735,47.445,146.79,0.0,41.69
2021-04-19 08:00:56,43.71333333333333,10.92,23.939999999999998,52.11000000000001,171.235,0.0,42.32
2021-04-19 09:00:56,47.906666666666666,14.535000000000002,18.86,42.255,145.18,0.0,44.01
2021-04-19 10:00:56,40.61,12.049999999999999,17.814999999999998,38.73,127.88,0.0,43.27
2021-04-19 11:00:56,29.653333333333336,9.415,15.885,35.050000000000004,114.24000000000001,0.0,43.43
2021-04-19 12:00:56,24.303333333333335,5.390000000000001,17.73,32.24,100.53000000000002,0.0,44.49
2021-04-19 13:00:56,29.35,4.69,15.93,29.125,92.75999999999999,0.0,45.23
2021-04-19 14:00:56,27.68,5.8549999999999995,15.895000000000001,31.330000000000002,98.515,0.0,42.55
2021-04-19 15:00:56,22.413333333333334,9.335,16.69,37.660000000000004,120.5,0.0,42.23
2021-04-19 16:00:56,26.38,17.695,17.715,41.45,129.27,0.0,41.46
2021-04-19 17:00:56,28.71333333333333,12.28,17.905,45.544999999999995,140.1,0.0,42.53
2021-04-19 18:00:56,33.96666666666667,8.280000000000001,19.155,63.949999999999996,164.785,0.0,42.31
2021-04-19 19:00:56,50.71,11.57,18.5,64.72,177.55000000000004,0.0,41.9
2021-04-19 20:00:56,70.42,12.674999999999999,20.540000000000003,68.71499999999999,176.24,0.0,43.37
2021-04-19 21:00:56,78.36666666666666,13.325000000000001,22.875,72.64999999999999,179.32499999999996,0.0,41.54
2021-04-19 22:00:56,88.45666666666666,23.459999999999997,26.075000000000003,67.035,174.33,0.0,40.43
2021-04-19 23:00:56,82.46333333333334,23.855,27.655,64.695,172.11,0.0,42.47
2021-04-20 00:00:56,89.65666666666667,23.22,30.045,64.38,175.875,0.0,41.67
2021-04-20 01:00:56,88.25333333333333,27.474999999999998,25.39,65.285,180.56499999999997,0.0,42.18
2021-04-20 02:00:56,80.68333333333334,25.2,25.459999999999997,57.995,171.275,0.0,42.67
2021-04-20 03:00:56,80.55666666666667,24.605,25.070000000000004,53.26500000000001,163.86,0.0,41.56
2021-04-20 04:00:56,73.45,29.295,28.524999999999995,45.66,149.935,0.0,43.42
2021-04-20 05:00:56,75.66333333333334,31.135,21.41,34.715,126.63,0.0,43.47
2021-04-20 06:00:56,52.46333333333333,26.040000000000003,18.61,31.895,118.325,0.0,42.84
2021-04-20 07:00:56,41.61333333333333,21.325000000000003,18.435,40.57,134.535,0.0,41.99
2021-04-20 08:00:56,40.25,18.515,21.2,42.84,142.42,0.0,43.24
2021-04-20 09:00:56,41.41333333333333,16.97,19.544999999999998,37.265,129.61,0.0,43.92
2021-04-20 10:00:56,41.9,17.349999999999998,16.535,36.47,120.875,0.0,43.63
2021-04-20 11:00:56,42.13,15.265,15.32,30.959999999999997,99.55499999999999,0.0,43.57
2021-04-20 12:00:56,52.44,11.325000000000001,15.170000000000002,25.23,81.24000000000001,0.0,43.91
2021-04-20 13:00:56,50.31666666666666,7.8500000000000005,16.085,19.33,68.49000000000001,0.0,44.68
2021-04-20 14:00:56,46.50666666666667,9.635,17.5,22.64,73.11999999999999,0.0,43.69
2021-04-20 15:00:56,34.31333333333333,8.450000000000001,16.51,29.415000000000003,84.39,0.0,43.38
2021-04-20 16:00:56,40.29,7.87,17.095,35.775,93.46999999999998,0.0,43.92
2021-04-20 17:00:56,43.81333333333333,5.965,17.685000000000002,39.78,99.07,0.0,57.35
2021-04-20 18:00:56,42.35666666666667,4.35,17.895,42.105,101.565,0.0,50.44
2021-04-20 19:00:56,44.72333333333333,6.8999999999999995,18.224999999999998,48.695,111.46999999999998,0.0,43.77
2021-04-20 20:00:56,43.56666666666666,6.224999999999999,18.235,47.26499999999999,110.98,0.0,43.97
2021-04-20 21:00:56,32.763333333333335,10.225,22.38,49.875,115.31,0.0,42.47
2021-04-20 22:00:56,27.766666666666666,10.15,25.99,62.81999999999999,138.87,0.0,42.43
2021-04-20 23:00:56,27.226666666666667,12.865,26.314999999999998,64.375,144.92999999999998,0.0,42.38
2021-04-21 00:00:56,35.96,15.88,17.275,51.379999999999995,127.98,0.0,43.13
2021-04-21 01:00:56,30.643333333333334,18.655,16.57,46.03,119.27,0.0,43.18
2021-04-21 02:00:56,30.903333333333336,15.395000000000001,16.150000000000002,42.754999999999995,114.085,0.0,43.87
2021-04-21 03:00:56,26.81,10.04,16.045,42.385,112.78500000000001,0.0,42.93
2021-04-21 04:00:56,22.89,11.214999999999998,16.09,41.445,111.24,0.0,43.9
2021-04-21 05:00:56,17.52,8.84,16.08,42.14,111.46,0.0,44.81
2021-04-21 06:00:56,20.12,5.535,16.27,46.665,118.07000000000001,0.0,42.9
2021-04-21 07:00:56,26.19333333333333,6.900000000000001,17.665,50.464999999999996,125.235,0.0,43.11
2021-04-21 08:00:56,27.076666666666668,9.305,24.689999999999998,55.725,137.075,0.0,42.26
2021-04-21 09:00:56,37.513333333333335,10.714999999999998,28.575000000000003,56.76500000000001,140.4,0.0,41.02
2021-04-21 10:00:56,44.35666666666667,11.495,20.545,50.96,133.23499999999999,0.0,42.05
2021-04-21 11:00:56,46.03333333333333,14.594999999999999,17.64,44.589999999999996,118.015,0.0,41.64
2021-04-21 12:00:56,36.88666666666667,13.31,16.255,42.895,111.185,0.0,41.98
2021-04-21 13:00:56,28.36,13.985,16.46,43.68000000000001,106.2,0.0,40.75
2021-04-21 14:00:56,21.173333333333332,8.58,17.615,43.975,103.88999999999999,0.0,42.64
2021-04-21 15:00:56,14.13,5.945,13.704999999999998,47.47,108.145,0.0,43.72
2021-04-21 16:00:56,15.433333333333334,6.105,11.61,48.815,112.98500000000001,0.0,42.17
2021-04-21 17:00:56,14.329999999999998,6.7,10.88,49.29,112.895,0.0,43.17
2021-04-21 18:00:56,17.873333333333335,3.985,11.035000000000002,53.76500000000001,115.06,0.0,43.76
2021-04-21 19:00:56,18.68,2.965,11.229999999999999,59.080000000000005,123.825,0.0,42.16
2021-04-21 20:00:56,43.6,3.6500000000000004,15.995,58.64000000000001,126.575,0.0,43.08
2021-04-21 21:00:56,46.96333333333333,13.5,16.185000000000002,52.31,118.91000000000001,0.0,44.44
2021-04-21 22:00:56,45.346666666666664,17.465,16.145,47.129999999999995,112.21,0.0,43.66
2021-04-21 23:00:56,49.11,19.705000000000002,15.920000000000002,44.629999999999995,108.675,0.0,43.49
2021-04-22 00:00:56,34.24333333333333,18.775,15.74,47.26,113.425,0.0,42.21
2021-04-22 01:00:56,27.376666666666665,14.055,16.045,46.135,116.06,0.0,41.79
2021-04-22 02:00:56,28.68,11.325000000000001,16.55,49.56,121.255,0.0,41.95
2021-04-22 03:00:56,23.836666666666666,10.47,16.525,49.43,122.125,0.0,40.53
2021-04-22 04:00:56,23.64,12.104999999999999,17.03,51.800000000000004,122.33,0.0,40.24
2021-04-22 05:00:56,34.00666666666667,14.69,17.189999999999998,50.56,121.82,0.0,41.3
2021-04-22 06:00:56,38.58,19.724999999999998,16.935000000000002,49.94,124.14999999999999,0.0,39.41
2021-04-22 07:00:56,41.473333333333336,18.11,17.095,47.405,126.625,0.0,39.37
2021-04-22 08:00:56,49.096666666666664,16.38,22.534999999999997,55.285000000000004,151.89,0.0,39.43
2021-04-22 09:00:56,59.916666666666664,23.58,30.894999999999996,58.22,149.71,0.0,41.06
2021-04-22 10:00:56,65.94999999999999,26.84,20.83,44.29,120.88499999999999,0.0,41.11
2021-04-22 11:00:56,52.70666666666667,24.209999999999997,18.584999999999997,4.67,50.645,0.0,0.0
2021-04-22 12:00:56,45.1,18.41,17.24,23.11,82.185,0.0,0.0
2021-04-22 13:00:56,39.46666666666667,11.339999999999998,16.37,37.91,100.12,0.0,0.0
2021-04-22 14:00:56,27.78,12.265,16.825,45.065,109.415,0.0,0.0
2021-04-22 15:00:56,24.97,12.975,18.17,48.01500000000001,110.17999999999999,0.0,0.0
2021-04-22 16:00:56,25.3,14.574999999999998,16.25,47.48499999999999,106.96499999999999,0.0,0.0
2021-04-22 17:00:56,27.583333333333332,9.73,15.735,50.01499999999999,111.21,0.0,0.0
2021-04-22 18:00:56,23.493333333333332,6.239999999999999,16.165,52.855,114.75999999999999,0.0,0.0
2021-04-22 19:00:56,34.04333333333333,5.390000000000001,15.799999999999999,61.105,129.415,0.0,0.0
2021-04-22 20:00:56,39.72,8.35,16.895,59.24,127.93,0.0,0.0
2021-04-22 21:00:56,33.879999999999995,11.525,17.255,52.96,119.065,0.0,0.0
2021-04-22 22:00:56,26.036666666666665,7.7250000000000005,16.835,52.824999999999996,118.88999999999999,0.0,0.0
2021-04-22 23:00:56,29.189999999999998,7.09,17.1,52.35999999999999,118.835,0.0,0.0
2021-04-23 00:00:56,26.340000000000003,5.805,16.905,55.34,123.755,0.0,0.0
2021-04-23 01:00:56,25.666666666666668,3.975,17.189999999999998,60.24,131.24,0.0,0.0
2021-04-23 02:00:56,23.53333333333333,8.315,22.27,64.09,138.2,0.0,0.0
2021-04-23 03:00:56,31.35333333333333,12.415,30.269999999999996,60.05500000000001,137.79999999999998,0.0,0.0
2021-04-23 04:00:56,53.31333333333333,26.919999999999998,30.900000000000002,59.504999999999995,142.25,0.0,0.0
2021-04-23 05:00:56,56.06666666666666,38.63,30.86,60.79,146.28,0.0,0.0
2021-04-23 06:00:56,60.13,44.82500000000001,28.095,59.54,145.045,0.0,0.0
2021-04-23 07:00:56,65.68333333333334,34.14,30.115,57.879999999999995,146.415,0.0,0.0
2021-04-23 08:00:56,57.156666666666666,24.13,35.160000000000004,13.475,90.605,0.0,0.0
2021-04-23 09:00:56,46.75666666666666,6.905,28.365,14.36,68.14,0.0,0.0
2021-04-23 10:00:56,56.25333333333333,12.799999999999999,21.820000000000004,32.405,98.93,0.0,0.0
2021-04-23 11:00:56,42.08,11.46,19.49,39.56,104.565,0.0,0.0
2021-04-23 12:00:56,32.89333333333333,8.955,18.055,38.315,97.47500000000001,0.0,0.0
2021-04-23 13:00:56,23.586666666666666,8.76,16.495,37.355,91.73,0.0,0.0
2021-04-23 14:00:56,14.91,5.68,17.01,38.51,92.8,0.0,0.0
2021-04-23 15:00:56,15.346666666666666,5.08,16.54,33.16,84.665,0.0,0.0
2021-04-23 16:00:56,18.19,5.54,17.205000000000002,30.22,82.015,0.0,0.0
2021-04-23 17:00:56,18.613333333333333,3.8249999999999997,16.474999999999998,39.65,96.36500000000001,0.0,0.0
2021-04-23 18:00:56,18.776666666666667,5.914999999999999,16.48,50.419999999999995,111.03000000000002,0.0,0.0
2021-04-23 19:00:56,21.58,9.565,16.14,62.300000000000004,126.48500000000001,0.0,0.0
2021-04-23 20:00:56,23.87,6.995000000000001,22.340000000000003,77.53,143.86,0.0,0.0
2021-04-23 21:00:56,41.93,11.435,22.034999999999997,88.555,167.94000000000003,0.0,0.0
2021-04-23 22:00:56,58.53666666666666,17.92,27.349999999999998,80.64,164.08,0.0,0.0
2021-04-23 23:00:56,66.20333333333333,31.64,42.9,86.36500000000001,176.30999999999997,0.0,0.0
2021-04-24 00:00:56,79.69333333333333,36.0,29.069999999999997,87.255,185.775,0.0,0.0
2021-04-24 01:00:56,76.04333333333334,35.155,24.0,84.445,184.60500000000002,0.0,0.0
2021-04-24 02:00:56,75.07,31.365,34.58,79.19,176.11,0.0,0.0
2021-04-24 03:00:56,69.99,29.75,30.55,77.455,177.865,0.0,0.0
2021-04-24 04:00:56,72.78999999999999,24.084999999999997,24.400000000000002,73.79,169.355,0.0,0.0
2021-04-24 05:00:56,58.84,25.16,24.015,71.375,161.075,0.0,0.0
2021-04-24 06:00:56,58.52666666666667,20.32,27.415000000000003,74.91,162.58,0.0,0.0
2021-04-24 07:00:56,66.35333333333334,25.23,33.4,78.08999999999999,170.81000000000003,0.0,0.0
2021-04-24 08:00:56,76.49,35.64,43.995000000000005,74.575,173.485,0.0,0.0
2021-04-24 09:00:56,77.38,44.645,42.515,66.51,156.92000000000002,0.0,0.0
2021-04-24 10:00:56,69.00666666666666,46.63,20.455,58.535,135.485,0.0,0.0
2021-04-24 11:00:56,44.29,24.135,15.950000000000001,57.995000000000005,128.355,0.0,0.0
2021-04-24 12:00:56,29.753333333333334,15.93,15.729999999999999,57.98,125.73,0.0,0.0
2021-04-24 13:00:56,29.576666666666668,3.4849999999999994,15.505,55.919999999999995,121.575,0.0,0.0
2021-04-24 14:00:56,31.03,10.215,15.655000000000001,56.225,121.80999999999999,0.0,0.0
2021-04-24 15:00:56,23.61,6.095,16.84,56.23,122.945,0.0,0.0
2021-04-24 16:00:56,24.583333333333332,6.28,17.4,51.715,115.27500000000002,0.0,0.0
2021-04-24 17:00:56,30.286666666666665,10.185,16.169999999999998,53.055,115.46499999999999,0.0,0.0
2021-04-24 18:00:56,41.166666666666664,9.035,17.225,54.69,115.96999999999998,0.0,0.0
2021-04-24 19:00:56,47.68666666666667,11.214999999999998,17.46,53.21,112.7,0.0,0.0
2021-04-24 20:00:56,54.02333333333333,16.07,17.915000000000003,49.94,108.3,0.0,0.0
2021-04-24 21:00:56,50.096666666666664,14.520000000000001,17.82,47.975,106.28500000000001,0.0,0.0
2021-04-24 22:00:56,47.42,15.815,17.145,46.35999999999999,104.565,0.0,0.0
2021-04-24 23:00:56,44.126666666666665,13.884999999999998,16.76,45.085,104.18,0.0,0.0
2021-04-25 00:00:56,40.373333333333335,14.775,16.92,45.145,104.44,0.0,0.0
2021-04-25 01:00:56,32.61666666666667,11.765,16.555,46.085,106.82,0.0,0.0
2021-04-25 02:00:56,27.21333333333333,9.205,16.375,46.67499999999999,107.665,0.0,0.0
2021-04-25 03:00:56,23.686666666666667,7.7749999999999995,16.18,48.81,111.38499999999999,0.0,0.0
2021-04-25 04:00:56,22.78,10.66,15.965000000000002,47.615,109.46999999999998,0.0,0.0
2021-04-25 05:00:56,22.196666666666665,8.27,15.94,44.745000000000005,105.48500000000001,0.0,0.0
2021-04-25 06:00:56,24.563333333333333,6.515,15.924999999999999,44.044999999999995,104.33,0.0,0.0
2021-04-25 07:00:56,31.996666666666666,7.885000000000001,15.920000000000002,43.199999999999996,103.93,0.0,0.0
2021-04-25 08:00:56,31.666666666666668,11.719999999999999,16.155,45.285,108.375,0.0,0.0
2021-04-25 09:00:56,30.556666666666665,12.0,16.12,48.035,113.265,0.0,0.0
2021-04-25 10:00:56,30.433333333333334,10.14,16.005,48.255,114.58999999999999,0.0,0.0
2021-04-25 11:00:56,26.23,11.25,15.295000000000002,48.24,114.945,0.0,0.0
2021-04-25 12:00:56,25.266666666666666,15.589999999999998,15.340000000000002,49.72,119.075,0.0,0.0
2021-04-25 13:00:56,25.703333333333333,13.339999999999998,15.104999999999999,47.685,115.62,0.0,0.0
2021-04-25 14:00:56,25.560000000000002,11.14,15.090000000000002,45.21,112.185,0.0,0.0
2021-04-25 15:00:56,27.766666666666666,11.585,15.270000000000001,47.59,116.19,0.0,0.0
2021-04-25 16:00:56,30.326666666666668,14.770000000000001,15.4,52.21,124.15000000000002,0.0,0.0
2021-04-25 17:00:56,29.16,11.464999999999998,15.519999999999998,51.685,125.11500000000001,0.0,0.0
2021-04-25 18:00:56,23.473333333333333,15.35,15.61,51.535,125.02500000000002,0.0,0.0
2021-04-25 19:00:56,22.49,12.915,15.959999999999999,51.900000000000006,127.625,0.0,0.0
2021-04-25 20:00:56,30.146666666666665,16.28,16.45,52.17499999999999,126.21,0.0,0.0
2021-04-25 21:00:56,26.933333333333334,11.46,16.32,50.645,123.27500000000002,0.0,0.0
2021-04-25 22:00:56,27.87,10.87,16.365,55.965,130.815,0.0,0.0
2021-04-25 23:00:56,32.03333333333333,12.775,17.695,62.385,140.73000000000002,0.0,0.0
2021-04-26 00:00:56,40.36333333333334,20.025,24.14,63.03,142.995,0.0,0.0
2021-04-26 01:00:56,44.17,27.23,20.645,54.355,134.92,0.0,0.0
2021-04-26 02:00:56,44.13333333333333,24.02,18.41,47.165,125.08,0.0,0.0
2021-04-26 03:00:56,42.85333333333333,14.339999999999998,25.52,60.60999999999999,140.995,0.0,0.0
2021-04-26 04:00:56,53.31,16.555,24.584999999999997,54.965,135.685,0.0,0.0
2021-04-26 05:00:56,75.67,31.015,21.675,51.19499999999999,135.09,0.0,0.0
2021-04-26 06:00:56,74.63333333333334,31.995,19.055,51.06,137.18,0.0,0.0
2021-04-26 07:00:56,67.75,36.845,18.555,40.445,127.03500000000001,0.0,0.0
2021-04-26 08:00:56,58.89,33.695,20.255,51.214999999999996,148.3,0.0,0.0
2021-04-26 09:00:56,59.69,33.765,25.485,62.98500000000001,172.18999999999997,0.0,0.0
2021-04-26 10:00:56,57.849999999999994,32.54,27.189999999999998,53.400000000000006,161.65,0.0,0.0
2021-04-26 11:00:56,56.32666666666666,34.21,19.18,45.754999999999995,146.115,0.0,0.0
2021-04-26 12:00:56,41.85333333333333,21.985,20.325,48.01,148.86,0.0,0.0
2021-04-26 13:00:56,34.376666666666665,18.27,21.915000000000003,47.464999999999996,148.72,0.0,0.0
2021-04-26 14:00:56,39.36,19.235,18.34,44.91,145.71,0.0,0.0
2021-04-26 15:00:56,43.47333333333333,20.77,17.715,44.035,143.45499999999998,0.0,0.0
2021-04-26 16:00:56,42.55,17.12,16.795,41.425000000000004,138.18,0.0,0.0
2021-04-26 17:00:56,38.129999999999995,11.530000000000001,15.83,40.870000000000005,135.905,0.0,0.0
2021-04-26 18:00:56,35.696666666666665,11.645000000000001,15.64,40.97,133.97,0.0,0.0
2021-04-26 19:00:56,33.096666666666664,15.655000000000001,15.655000000000001,39.335,128.87,0.0,0.0
2021-04-26 20:00:56,26.75,13.89,15.729999999999999,38.095,122.99,0.0,0.0
2021-04-26 21:00:56,21.490000000000002,13.445,16.13,38.88,121.98,0.0,0.0
2021-04-26 22:00:56,20.263333333333332,12.15,16.56,39.445,120.73500000000001,0.0,0.0
2021-04-26 23:00:56,20.923333333333336,10.925000000000002,16.725,41.71,122.985,0.0,0.0
2021-04-27 00:00:56,26.236666666666665,6.580000000000001,16.785,45.650000000000006,128.665,0.0,0.0
2021-04-27 01:00:56,27.78,5.669999999999999,16.625,47.330000000000005,130.455,0.0,0.0
2021-04-27 02:00:56,23.99,8.39,16.22,50.285,135.09,0.0,0.0
2021-04-27 03:00:56,19.366666666666667,8.505,15.695,51.97,138.82000000000002,0.0,0.0
2021-04-27 04:00:56,16.546666666666667,10.825000000000001,14.015,51.685,136.39999999999998,0.0,0.0
2021-04-27 05:00:56,16.03666666666667,8.450000000000001,9.265,53.395,136.715,0.0,0.0
2021-04-27 06:00:56,19.976666666666667,12.07,11.17,60.52,146.02,0.0,0.0
2021-04-27 07:00:56,24.383333333333333,13.549999999999999,22.26,69.32,162.55,0.0,0.0
2021-04-27 08:00:56,47.88,12.975,24.285,64.745,165.525,0.0,0.0
2021-04-27 09:00:56,55.22,27.72,16.795,60.94,157.14,0.0,0.0
2021-04-27 10:00:56,43.53333333333333,25.17,13.93,56.330000000000005,143.305,0.0,0.0
2021-04-27 11:00:56,38.75,20.025,11.38,55.01,137.745,0.0,0.0
2021-04-27 12:00:56,38.42333333333333,11.395000000000001,8.755,51.02,128.985,0.0,0.0
2021-04-27 13:00:56,31.16,8.545,11.75,45.9,117.58999999999999,0.0,0.0
2021-04-27 14:00:56,26.89333333333333,7.8950000000000005,14.465000000000002,40.065,105.33999999999999,0.0,0.0
2021-04-27 15:00:56,29.10333333333333,5.56,11.795,37.839999999999996,100.695,0.0,0.0
2021-04-27 16:00:56,23.303333333333335,5.32,9.195,36.129999999999995,99.59499999999998,0.0,0.0
2021-04-27 17:00:56,24.72,6.205000000000001,8.985,37.46,101.835,0.0,0.0
2021-04-27 18:00:56,25.183333333333334,7.73,8.62,45.495000000000005,116.495,0.0,0.0
2021-04-27 19:00:56,30.55666666666667,7.879999999999999,8.61,55.435,132.75,0.0,0.0
2021-04-27 20:00:56,31.33,6.38,14.14,63.895,140.56,0.0,0.0
2021-04-27 21:00:56,34.586666666666666,10.659999999999998,15.82,77.665,165.78,0.0,0.0
2021-04-27 22:00:56,45.8,14.770000000000001,17.73,91.675,190.69000000000003,0.0,0.0
2021-04-27 23:00:56,58.57333333333334,19.325,18.2,84.32,194.475,0.0,0.0
2021-04-28 00:00:56,63.83,32.235,20.185,87.78500000000001,202.225,0.0,0.0
2021-04-28 01:00:56,73.36666666666667,42.294999999999995,15.469999999999999,78.63,196.59,0.0,0.0
2021-04-28 02:00:56,83.31333333333333,38.695,14.615000000000002,78.635,194.89000000000001,0.0,0.0
2021-04-28 03:00:56,70.99666666666667,32.57,13.649999999999999,74.7,189.60999999999999,0.0,0.0
2021-04-28 04:00:56,69.71666666666667,31.75,26.145,73.67,188.72,0.0,0.0
2021-04-28 05:00:56,72.85,34.620000000000005,24.485,72.10000000000001,183.81000000000003,0.0,0.0
2021-04-28 06:00:56,66.98333333333333,31.955000000000002,20.155,68.805,179.83,0.0,0.0
2021-04-28 07:00:56,66.13,28.23,19.465,66.595,186.635,0.0,0.0
2021-04-28 08:00:56,67.02333333333334,32.6,28.035,72.105,214.17,0.0,0.0
2021-04-28 09:00:56,63.85333333333333,26.89,21.590000000000003,76.85,213.155,0.0,0.0
2021-04-28 10:00:56,65.09666666666666,27.86,16.73,66.64,177.55499999999998,0.0,0.0
2021-04-28 11:00:56,49.900000000000006,18.06,11.285000000000002,58.714999999999996,146.42999999999998,0.0,0.0
2021-04-28 12:00:56,44.946666666666665,13.979999999999999,22.86,52.32,126.96499999999999,0.0,0.0
2021-04-28 13:00:56,44.18333333333334,12.15,11.58,4.56,40.185,0.0,0.0
2021-04-28 14:00:56,41.72333333333333,7.364999999999999,9.535,4.05,40.574999999999996,0.0,0.0
2021-04-28 15:00:56,32.84,5.1499999999999995,9.495,20.720000000000002,82.31,0.0,0.0
2021-04-28 16:00:56,31.37,4.83,9.565,35.395,102.21,0.0,0.0
2021-04-28 17:00:56,35.58,5.09,9.325,47.620000000000005,119.7,0.0,0.0
2021-04-28 18:00:56,46.52333333333333,6.7250000000000005,10.575000000000001,60.835,141.465,0.0,0.0
2021-04-28 19:00:56,50.553333333333335,5.255,17.86,74.73,167.59,0.0,0.0
2021-04-28 20:00:56,57.46000000000001,8.395000000000001,15.685,116.865,247.87,0.0,0.0
2021-04-28 21:00:56,82.71333333333334,21.38,12.095,113.245,248.85500000000002,0.0,0.0
2021-04-28 22:00:56,97.97,29.695000000000004,20.22,110.71999999999998,244.74,0.0,0.0
2021-04-28 23:00:56,104.12,26.0,21.39,100.03500000000001,235.395,0.0,0.0
2021-04-29 00:00:56,103.20333333333333,30.774999999999995,22.700000000000003,93.38,231.07000000000002,0.0,0.0
2021-04-29 01:00:56,106.0,33.475,19.865,89.185,232.40499999999997,0.0,0.0
2021-04-29 02:00:56,94.83333333333333,31.095,19.725,84.95,223.97000000000003,0.0,0.0
2021-04-29 03:00:56,73.11333333333333,25.01,35.89,80.15,206.235,0.0,0.0
2021-04-29 04:00:56,75.66,25.12,32.325,75.54,199.72000000000003,0.0,0.0
2021-04-29 05:00:56,68.05666666666667,24.47,16.995,68.37,181.01,0.0,0.0
2021-04-29 06:00:56,58.38666666666666,24.054999999999996,11.88,42.93,137.405,0.0,0.0
2021-04-29 07:00:56,48.733333333333334,17.86,10.775,33.65,114.49000000000001,0.0,0.0
2021-04-29 08:00:56,38.85333333333333,14.699999999999998,8.65,35.300000000000004,117.71999999999998,0.0,0.0
2021-04-29 09:00:56,31.076666666666668,14.6,17.42,39.02,122.11,0.0,0.0
2021-04-29 10:00:56,27.393333333333334,10.88,4.105,33.1,112.08999999999999,0.0,0.0
2021-04-29 11:00:56,39.67,8.334999999999999,8.17,27.33,102.60000000000001,0.0,0.0
2021-04-29 12:00:56,37.57333333333333,10.055,8.81,21.52,88.915,0.0,0.0
2021-04-29 13:00:56,38.08,6.949999999999999,7.73,8.575000000000001,64.58,0.0,0.0
2021-04-29 14:00:56,45.09666666666667,4.96,7.465,5.905,60.815,0.0,0.0
2021-04-29 15:00:56,43.480000000000004,5.0249999999999995,8.735,9.765,66.78500000000001,0.0,0.0
2021-04-29 16:00:56,90.40666666666667,5.43,10.525,6.595,60.59,0.0,0.0
2021-04-29 17:00:56,124.44,9.084999999999999,11.125,3.44,57.150000000000006,0.0,0.0
2021-04-29 18:00:56,115.00333333333333,10.13,11.205,20.385,85.99000000000001,0.0,0.0
2021-04-29 19:00:56,95.39,17.525,14.464999999999998,40.565000000000005,121.955,0.0,0.0
2021-04-29 20:00:56,86.00666666666666,19.15,17.105,45.48499999999999,129.735,0.0,0.0
2021-04-29 21:00:56,78.18,16.75,9.375,50.76,147.17499999999998,0.0,0.0
2021-04-29 22:00:56,66.64333333333335,20.39,8.635,52.115,152.945,0.0,0.0
2021-04-29 23:00:56,67.19333333333333,16.01,8.965,51.339999999999996,151.365,0.0,0.0
2021-04-30 00:00:56,55.77666666666667,14.755,8.674999999999999,50.10999999999999,148.92499999999998,0.0,0.0
2021-04-30 01:00:56,43.47,16.485,7.974999999999999,45.73499999999999,138.695,0.0,0.0
2021-04-30 02:00:56,46.88333333333333,11.415,16.78,55.419999999999995,147.47500000000002,0.0,0.0
2021-04-30 03:00:56,49.05666666666667,8.735,15.195,57.365,154.675,0.0,0.0
2021-04-30 04:00:56,53.19333333333333,8.505,19.94,57.91,156.43499999999997,0.0,0.0
2021-04-30 05:00:56,51.29,13.39,25.415000000000003,54.074999999999996,155.06000000000003,0.0,0.0
2021-04-30 06:00:56,49.92666666666667,17.455,20.365,50.725,152.03,0.0,0.0
2021-04-30 07:00:56,52.93,22.755,18.76,52.60999999999999,154.87,0.0,0.0
2021-04-30 08:00:56,54.79666666666667,20.175,22.365,52.830000000000005,164.935,0.0,0.0
2021-04-30 09:00:56,69.77333333333334,24.265,31.689999999999998,61.580000000000005,182.09,0.0,0.0
2021-04-30 10:00:56,69.3,22.86,23.77,50.67499999999999,152.42000000000002,0.0,0.0
2021-04-30 11:00:56,68.94333333333334,24.790000000000003,21.23,41.275,129.81,0.0,0.0
2021-04-30 12:00:56,55.156666666666666,17.765,16.97,36.545,117.88999999999999,0.0,0.0
2021-04-30 13:00:56,57.57666666666667,13.775,8.75,30.274999999999995,101.87,0.0,0.0
2021-04-30 14:00:56,60.416666666666664,11.405,8.055,26.24,93.54,0.0,0.0
2021-04-30 15:00:56,55.39666666666667,14.245,8.075000000000001,29.540000000000003,99.01499999999999,0.0,0.0
2021-04-30 16:00:56,56.25,8.17,7.91,34.18,108.96999999999998,0.0,0.0
2021-04-30 17:00:56,57.85666666666666,6.93,8.045,45.6,132.525,0.0,0.0
2021-04-30 18:00:56,57.64,11.185,7.919999999999999,55.720000000000006,150.985,0.0,0.0
2021-04-30 19:00:56,54.233333333333334,19.04,7.75,60.21,161.37,0.0,0.0
2021-04-30 20:00:56,64.66,20.92,7.864999999999999,49.38999999999999,140.855,0.0,0.0
2021-04-30 21:00:56,64.03666666666666,17.255,8.095,42.145,124.83999999999999,0.0,0.0
2021-04-30 22:00:56,51.39,16.845,8.39,38.69,117.31,0.0,0.0
2021-04-30 23:00:56,41.93,15.18,9.71,41.085,120.53500000000001,0.0,0.0
2021-05-01 00:00:56,32.24,20.584999999999997,10.839999999999998,49.205000000000005,134.645,0.0,0.0
2021-05-01 01:00:56,24.373333333333335,22.274999999999995,12.344999999999999,56.51,145.62,0.0,0.0
2021-05-01 02:00:56,33.9,14.92,20.44,61.415,155.445,0.0,0.0
2021-05-01 03:00:56,36.28,12.69,16.939999999999998,57.6,153.24499999999998,0.0,0.0
2021-05-01 04:00:56,42.18333333333333,18.150000000000002,26.534999999999997,57.98500000000001,155.35000000000002,0.0,0.0
2021-05-01 05:00:56,47.336666666666666,20.54,22.55,52.04999999999999,149.51,0.0,0.0
2021-05-01 06:00:56,53.89,23.255,26.474999999999998,51.13,148.875,0.0,0.0
2021-05-01 07:00:56,55.28333333333333,24.355,27.325,48.26500000000001,145.295,0.0,0.0
2021-05-01 08:00:56,71.07,22.849999999999998,50.355,50.455000000000005,152.52,0.0,0.0
2021-05-01 09:00:56,62.70666666666666,32.71,19.515,46.0,141.265,0.0,0.0
2021-05-01 10:00:56,51.54,19.37,12.200000000000001,41.48,125.935,0.0,0.0
2021-05-01 11:00:56,46.263333333333335,14.24,13.655,37.08,112.8,0.0,0.0
2021-05-01 12:00:56,50.48,10.15,18.095,35.165,104.545,0.0,0.0
2021-05-01 13:00:56,45.77333333333333,7.445,13.505,32.375,100.13,0.0,0.0
2021-05-01 14:00:56,37.346666666666664,7.77,9.575000000000001,31.225000000000005,98.86500000000001,0.0,0.0
2021-05-01 15:00:56,39.586666666666666,10.200000000000001,7.79,33.72,106.38499999999999,0.0,0.0
2021-05-01 16:00:56,36.02333333333333,8.61,8.235,37.315000000000005,114.48,0.0,0.0
2021-05-01 17:00:56,32.016666666666666,5.16,9.665,41.755,123.545,0.0,0.0
2021-05-01 18:00:56,45.83,6.72,8.55,48.800000000000004,139.57,0.0,0.0
2021-05-01 19:00:56,47.04666666666667,15.655,8.44,49.93,143.48,0.0,0.0
2021-05-01 20:00:56,46.473333333333336,18.595,9.185,52.57,148.125,0.0,0.0
2021-05-01 21:00:56,49.54333333333333,16.465,13.5,56.419999999999995,153.84,0.0,0.0
2021-05-01 22:00:56,40.78,14.915,24.310000000000002,61.955000000000005,159.235,0.0,0.0
2021-05-01 23:00:56,53.083333333333336,15.875,16.895,47.004999999999995,138.07500000000002,0.0,0.0
2021-05-02 00:00:56,54.92,20.22,20.96,48.865,141.81,0.0,0.0
2021-05-02 01:00:56,66.25666666666666,28.349999999999998,29.054999999999996,52.97,151.44,0.0,0.0
2021-05-02 02:00:56,66.79,24.64,29.310000000000002,56.51500000000001,161.585,0.0,0.0
2021-05-02 03:00:56,74.91333333333333,28.064999999999998,24.799999999999997,51.9,158.495,0.0,0.0
2021-05-02 04:00:56,67.61666666666667,26.834999999999997,19.73,48.66,154.135,0.0,0.0
2021-05-02 05:00:56,59.46,27.795,20.025,46.85,151.715,0.0,0.0
2021-05-02 06:00:56,62.1,27.925,18.085,46.965,152.135,0.0,0.0
2021-05-02 07:00:56,58.79666666666667,27.27,21.584999999999997,44.155,149.82000000000002,0.0,0.0
2021-05-02 08:00:56,54.49333333333334,24.755,37.325,45.835,153.745,0.0,0.0
2021-05-02 09:00:56,62.05666666666667,28.24,28.235,45.10999999999999,146.9,0.0,0.0
2021-05-02 10:00:56,62.63666666666666,20.75,26.33,43.169999999999995,135.89499999999998,0.0,0.0
2021-05-02 11:00:56,50.42333333333333,18.84,28.025000000000002,41.115,127.21999999999998,0.0,0.0
2021-05-02 12:00:56,40.46333333333333,16.835,19.17,35.315,115.16000000000001,0.0,0.0
2021-05-02 13:00:56,42.68,14.245,13.76,33.665,113.135,0.0,0.0
2021-05-02 14:00:56,38.39666666666667,12.0,8.52,32.17,112.02,0.0,0.0
2021-05-02 15:00:56,43.333333333333336,12.89,10.31,32.17,111.565,0.0,0.0
2021-05-02 16:00:56,45.79666666666667,12.735,10.915,29.345,103.825,0.0,0.0
2021-05-02 17:00:56,50.24666666666667,17.025,12.435,26.435000000000002,97.86000000000001,0.0,0.0
2021-05-02 18:00:56,46.27666666666667,18.965,11.945,33.99,115.63999999999999,0.0,0.0
2021-05-02 19:00:56,50.80666666666667,16.939999999999998,10.46,40.38,132.965,0.0,0.0
2021-05-02 20:00:56,50.09,14.535000000000002,11.094999999999999,49.04,146.3,0.0,0.0
2021-05-02 21:00:56,55.28666666666667,13.075000000000001,13.315,51.54,160.115,0.0,0.0
2021-05-02 22:00:56,70.37666666666667,18.615,16.615,50.915,167.655,0.0,0.0
2021-05-02 23:00:56,83.09666666666666,25.28,25.145,53.055,168.57,0.0,0.0
2021-05-03 00:00:56,77.96,34.21,19.8,52.565,166.105,0.0,0.0
2021-05-03 01:00:56,70.77,35.550000000000004,16.59,50.055,164.785,0.0,0.0
2021-05-03 02:00:56,79.16,28.935000000000002,17.195,50.51500000000001,170.76500000000001,0.0,0.0
2021-05-03 03:00:56,84.75,26.045,19.26,48.675000000000004,167.32500000000002,0.0,0.0
2021-05-03 04:00:56,74.52666666666667,27.77,14.75,39.71,153.255,0.0,0.0
2021-05-03 05:00:56,65.11666666666667,24.885,13.219999999999999,38.919999999999995,157.09,0.0,0.0
2021-05-03 06:00:56,62.96,31.159999999999997,11.775,39.620000000000005,157.785,0.0,0.0
2021-05-03 07:00:56,60.51,28.070000000000004,17.545,40.370000000000005,165.065,0.0,0.0
2021-05-03 08:00:56,69.60666666666667,28.899999999999995,44.625,46.29,180.095,0.0,0.0
2021-05-03 09:00:56,80.07333333333334,29.915000000000003,38.92,46.73499999999999,174.42,0.0,0.0
2021-05-03 10:00:56,87.23333333333333,31.61,20.81,38.945,153.01,0.0,0.0
2021-05-03 11:00:56,68.11333333333333,24.179999999999996,12.71,28.564999999999998,128.155,0.0,0.0
2021-05-03 12:00:56,56.11666666666667,13.660000000000002,16.900000000000002,29.8,122.45,0.0,0.0
2021-05-03 13:00:56,55.93,10.595,9.6,23.33,108.40000000000002,0.0,0.0
2021-05-03 14:00:56,54.263333333333335,8.865,11.035000000000002,18.195,95.83999999999999,0.0,0.0
2021-05-03 15:00:56,54.75,9.24,12.015,20.080000000000002,100.915,0.0,0.0
2021-05-03 16:00:56,56.85,10.82,10.335,23.215,110.52499999999999,0.0,0.0
2021-05-03 17:00:56,63.78333333333333,7.06,10.26,31.044999999999998,126.52,0.0,0.0
2021-05-03 18:00:56,71.98666666666666,9.425,9.49,48.65,164.54999999999998,0.0,0.0
2021-05-03 19:00:56,76.93666666666667,17.745,11.074999999999998,56.025,181.32000000000002,0.0,0.0
2021-05-03 20:00:56,75.01333333333334,25.84,11.93,48.815,171.035,0.0,0.0
2021-05-03 21:00:56,77.28666666666666,27.185,13.315,59.1,192.385,0.0,0.0
2021-05-03 22:00:56,70.85,29.12,14.985,55.03,189.52,0.0,0.0
2021-05-03 23:00:56,74.93333333333334,25.650000000000002,14.185000000000002,49.435,188.755,0.0,0.0
2021-05-04 00:00:56,75.63666666666667,23.485,12.910000000000002,52.824999999999996,197.245,0.0,0.0
2021-05-04 01:00:56,84.97666666666667,31.505,17.34,49.93,198.405,0.0,0.0
2021-05-04 02:00:56,79.97666666666666,25.554999999999996,16.495,47.35,195.44999999999996,0.0,0.0
2021-05-04 03:00:56,82.48,29.01,15.149999999999999,47.99,193.255,0.0,0.0
2021-05-04 04:00:56,80.29333333333334,26.415000000000003,15.075000000000001,47.76,188.955,0.0,0.0
2021-05-04 05:00:56,79.33333333333333,20.540000000000003,13.13,40.135,180.035,0.0,0.0
2021-05-04 06:00:56,69.39666666666668,19.565,11.49,39.97,178.515,0.0,0.0
2021-05-04 07:00:56,70.35666666666665,23.45,12.07,37.015,171.485,0.0,0.0
2021-05-04 08:00:56,87.53666666666668,28.13,16.78,56.315,206.26,0.0,0.0
2021-05-04 09:00:56,95.98,30.44,16.76,52.79,200.345,0.0,0.0
2021-05-04 10:00:56,98.72,25.61,16.93,46.415,186.865,0.0,0.0
2021-05-04 11:00:56,82.32333333333332,22.150000000000002,14.5,41.34,173.5,0.0,0.0
2021-05-04 12:00:56,61.583333333333336,26.09,10.04,40.43,171.085,0.0,0.0
2021-05-04 13:00:56,50.75666666666667,24.875,9.549999999999999,41.77,172.785,0.0,0.0
2021-05-04 14:00:56,43.846666666666664,19.765,9.315,40.260000000000005,173.26,0.0,0.0
2021-05-04 15:00:56,41.64333333333333,11.89,8.945,38.11000000000001,169.695,0.0,0.0
2021-05-04 16:00:56,32.35333333333333,11.339999999999998,8.665,36.57,166.65,0.0,0.0
2021-05-04 17:00:56,28.793333333333333,14.200000000000001,8.770000000000001,37.550000000000004,166.78500000000003,0.0,0.0
2021-05-04 18:00:56,28.166666666666668,11.660000000000002,8.79,34.705,156.89000000000001,0.0,0.0
2021-05-04 19:00:56,31.17,2.525,8.735,31.439999999999998,146.955,0.0,0.0
2021-05-04 20:00:56,28.913333333333334,13.65,8.844999999999999,30.76,142.305,0.0,0.0
2021-05-04 21:00:56,23.866666666666667,6.595,8.87,29.84,138.04,0.0,0.0
2021-05-04 22:00:56,20.176666666666666,4.76,8.469999999999999,33.915,142.865,0.0,0.0
2021-05-04 23:00:56,21.866666666666667,3.625,8.46,38.580000000000005,151.07500000000002,0.0,0.0
2021-05-05 00:00:56,21.923333333333332,3.045,8.445,42.949999999999996,159.32999999999998,0.0,0.0
2021-05-05 01:00:56,18.67,20.335,8.245,41.839999999999996,154.94500000000002,0.0,0.0
2021-05-05 02:00:56,17.406666666666666,12.515,8.37,42.97,155.045,0.0,0.0
2021-05-05 03:00:56,17.28333333333333,9.6,9.84,46.23,158.28500000000003,0.0,0.0
2021-05-05 04:00:56,19.096666666666668,9.66,13.51,51.275,160.11499999999998,0.0,0.0
2021-05-05 05:00:56,26.316666666666666,9.32,17.425,56.035000000000004,164.21,0.0,0.0
2021-05-05 06:00:56,33.14666666666667,12.765,21.525000000000002,55.615,161.665,0.0,0.0
2021-05-05 07:00:56,37.803333333333335,11.9,20.8,52.23499999999999,157.33999999999997,0.0,0.0
2021-05-05 08:00:56,40.73666666666667,15.07,19.23,59.98,172.05499999999998,0.0,0.0
2021-05-05 09:00:56,34.78,11.42,15.649999999999999,60.504999999999995,170.67499999999998,0.0,0.0
2021-05-05 10:00:56,37.45333333333333,9.655,15.96,54.949999999999996,158.06,0.0,0.0
2021-05-05 11:00:56,29.67,6.215,8.475000000000001,48.379999999999995,147.34,0.0,0.0
2021-05-05 12:00:56,25.636666666666667,6.905,4.56,46.21,137.68499999999997,0.0,0.0
2021-05-05 13:00:56,23.383333333333333,11.719999999999999,3.465,42.06,0.0,0.0,0.0
2021-05-05 14:00:56,19.28,6.72,8.549999999999999,39.54,122.77500000000002,0.0,0.0
2021-05-05 15:00:56,16.673333333333336,6.665,8.825000000000001,37.06999999999999,116.09499999999998,0.0,0.0
2021-05-05 16:00:56,14.966666666666667,4.12,10.424999999999999,36.68,114.22500000000001,0.0,0.0
2021-05-05 17:00:56,13.963333333333331,2.7699999999999996,10.35,46.26500000000001,131.47,0.0,0.0
2021-05-05 18:00:56,14.806666666666667,4.45,11.725,54.455000000000005,146.165,0.0,0.0
2021-05-05 19:00:56,17.886666666666667,5.935,12.155,61.04,157.20000000000002,0.0,0.0
2021-05-05 20:00:56,22.596666666666664,8.71,10.765,64.405,160.19,0.0,0.0
2021-05-05 21:00:56,32.373333333333335,10.975,10.770000000000001,77.585,181.42500000000004,0.0,0.0
2021-05-05 22:00:56,43.99333333333334,22.675,12.774999999999999,73.585,177.56000000000003,0.0,0.0
2021-05-05 23:00:56,72.16333333333334,18.295,20.195,70.28500000000001,168.35999999999999,0.0,0.0
2021-05-06 00:00:56,71.05333333333334,19.185,28.955,71.905,173.985,0.0,0.0
2021-05-06 01:00:56,64.13000000000001,29.405,18.91,65.715,172.09,0.0,0.0
2021-05-06 02:00:56,67.47666666666666,18.375,25.38,65.715,175.57000000000002,0.0,0.0
2021-05-06 03:00:56,69.17,18.915,26.795,68.19,178.98499999999999,0.0,0.0
2021-05-06 04:00:56,64.08666666666667,22.245,14.475000000000001,60.29,168.77499999999998,0.0,0.0
2021-05-06 05:00:56,57.723333333333336,18.765,12.305,56.129999999999995,161.52,0.0,0.0
2021-05-06 06:00:56,69.80333333333333,18.415000000000003,29.28,62.4,168.69500000000002,0.0,0.0
2021-05-06 07:00:56,65.87,16.0,17.96,55.464999999999996,163.845,0.0,0.0
2021-05-06 08:00:56,67.58333333333333,23.415000000000003,29.755,60.73,178.43499999999997,0.0,0.0
2021-05-06 09:00:56,70.68,29.83,19.74,62.17499999999999,178.35999999999999,0.0,0.0
2021-05-06 10:00:56,64.71333333333334,21.834999999999997,19.16,51.73499999999999,153.64499999999998,0.0,0.0
2021-05-06 11:00:56,49.63,18.165,16.689999999999998,48.475,142.445,0.0,0.0
2021-05-06 12:00:56,51.166666666666664,11.57,13.895000000000001,25.819999999999997,110.38999999999999,0.0,0.0
2021-05-06 13:00:56,39.803333333333335,9.775,12.450000000000001,5.325,37.835,0.0,0.0
2021-05-06 14:00:56,27.473333333333333,11.475,13.06,22.265,102.72500000000001,0.0,0.0
2021-05-06 15:00:56,26.036666666666665,8.985,10.595,46.905,142.33,0.0,0.0
2021-05-06 16:00:56,24.61,11.295,9.49,48.69,147.28,0.0,0.0
2021-05-06 17:00:56,20.58,12.885,4.4,49.26500000000001,146.65,0.0,0.0
2021-05-06 18:00:56,19.573333333333334,8.01,4.065,49.965,146.87,0.0,0.0
2021-05-06 19:00:56,18.826666666666668,6.640000000000001,4.555,50.85,148.205,0.0,0.0
2021-05-06 20:00:56,17.743333333333332,8.795,4.83,52.660000000000004,154.88500000000002,0.0,0.0
2021-05-06 21:00:56,16.046666666666667,9.655,4.75,50.17499999999999,152.54500000000002,0.0,0.0
2021-05-06 22:00:56,13.350000000000001,12.0,4.485,50.080000000000005,149.595,0.0,0.0
2021-05-06 23:00:56,17.586666666666666,11.729999999999999,5.960000000000001,63.26499999999999,163.465,0.0,0.0
2021-05-07 00:00:56,21.09,12.225,6.455000000000001,69.01,174.745,0.0,0.0
2021-05-07 01:00:56,29.003333333333334,16.795,7.005,74.19,185.455,0.0,0.0
2021-05-07 02:00:56,34.98,16.925,10.964999999999998,66.17,176.755,0.0,0.0
2021-05-07 03:00:56,37.32,30.944999999999997,12.020000000000001,64.075,177.105,0.0,0.0
2021-05-07 04:00:56,45.56666666666666,40.085,16.05,64.28,179.38,0.0,0.0
2021-05-07 05:00:56,50.68666666666667,44.565,11.074999999999998,59.66,174.48000000000002,0.0,0.0
2021-05-07 06:00:56,54.89333333333334,39.965,7.805,58.254999999999995,175.92499999999998,0.0,0.0
2021-05-07 07:00:56,51.42333333333333,30.755,11.26,54.41,177.15,0.0,0.0
2021-05-07 08:00:56,46.06666666666666,28.83,23.929999999999996,55.88499999999999,183.16,0.0,0.0
2021-05-07 09:00:56,45.45333333333333,28.834999999999997,20.81,58.205000000000005,182.66,0.0,0.0
2021-05-07 10:00:56,51.333333333333336,29.25,11.24,53.830000000000005,168.575,0.0,0.0
2021-05-07 11:00:56,42.2,25.5,4.785,44.16,145.89999999999998,0.0,0.0
2021-05-07 12:00:56,41.36,17.41,9.51,43.925000000000004,138.32,0.0,0.0
2021-05-07 13:00:56,25.946666666666665,11.5,8.415,43.67499999999999,139.20499999999998,0.0,0.0
2021-05-07 14:00:56,24.196666666666665,7.005,10.28,41.76,133.78,0.0,0.0
2021-05-07 15:00:56,25.759999999999998,3.845,11.375,43.53,134.95000000000002,0.0,0.0
2021-05-07 16:00:56,21.04,3.27,11.325000000000001,40.115,127.58,0.0,0.0
2021-05-07 17:00:56,23.12,5.555,9.635,41.915,131.265,0.0,0.0
2021-05-07 18:00:56,22.41,8.285,9.06,41.12,130.71,0.0,0.0
2021-05-07 19:00:56,17.81,1.79,8.68,41.585,131.885,0.0,0.0
2021-05-07 20:00:56,18.606666666666666,7.010000000000001,10.204999999999998,53.415,145.25,0.0,0.0
2021-05-07 21:00:56,28.976666666666667,9.605,16.195,71.605,182.31500000000003,0.0,0.0
2021-05-07 22:00:56,49.28333333333333,18.175,19.685,72.82,198.67500000000004,0.0,0.0
2021-05-07 23:00:56,61.236666666666665,23.62,21.035,62.16,184.93999999999997,0.0,0.0
2021-05-08 00:00:56,70.70666666666666,21.724999999999998,37.14,68.115,188.5,0.0,0.0
2021-05-08 01:00:56,78.65,31.820000000000004,38.365,71.95,197.635,0.0,0.0
2021-05-08 02:00:56,72.34,22.855,24.385,62.275000000000006,185.085,0.0,0.0
2021-05-08 03:00:56,72.94333333333333,27.615,21.63,66.71,192.755,0.0,0.0
2021-05-08 04:00:56,72.71666666666667,34.855,30.41,69.235,199.26999999999998,0.0,0.0
2021-05-08 05:00:56,75.53666666666666,33.015,19.355,60.715,184.965,0.0,0.0
2021-05-08 06:00:56,62.79,36.305,29.14,61.875,184.75,0.0,0.0
2021-05-08 07:00:56,66.01666666666667,39.955,27.349999999999998,58.55500000000001,182.98499999999999,0.0,0.0
2021-05-08 08:00:56,60.19666666666666,32.785,30.58,57.09,186.67,0.0,0.0
2021-05-08 09:00:56,66.62333333333333,27.265,28.64,64.785,194.755,0.0,0.0
2021-05-08 10:00:56,67.67666666666666,22.83,28.939999999999998,65.045,187.285,0.0,0.0
2021-05-08 11:00:56,66.57666666666667,25.185,18.03,46.169999999999995,149.245,0.0,0.0
2021-05-08 12:00:56,53.833333333333336,19.6,11.26,38.93,131.615,0.0,0.0
2021-05-08 13:00:56,38.4,13.844999999999999,13.14,32.23,115.995,0.0,0.0
2021-05-08 14:00:56,32.196666666666665,8.74,11.575000000000001,15.14,90.77,0.0,0.0
2021-05-08 15:00:56,31.613333333333333,6.504999999999999,11.11,23.11,103.31,0.0,0.0
2021-05-08 16:00:56,35.56333333333333,4.935,8.145000000000001,27.689999999999998,112.26,0.0,0.0
2021-05-08 17:00:56,43.35666666666667,6.489999999999999,13.270000000000001,39.215,133.495,0.0,0.0
2021-05-08 18:00:56,49.54333333333334,8.85,8.21,40.5,140.78,0.0,0.0
2021-05-08 19:00:56,47.06,14.209999999999999,9.415,39.72,140.84,0.0,0.0
2021-05-08 20:00:56,49.24333333333333,15.145000000000001,10.635,38.765,140.715,0.0,0.0
2021-05-08 21:00:56,44.376666666666665,12.020000000000001,10.63,36.845,141.585,0.0,0.0
2021-05-08 22:00:56,40.97333333333333,16.595,13.155000000000001,40.660000000000004,148.02,0.0,0.0
2021-05-08 23:00:56,35.57666666666667,20.955,10.63,36.15,145.99,0.0,0.0
2021-05-09 00:00:56,38.443333333333335,20.69,11.155000000000001,36.585,149.46,0.0,0.0
2021-05-09 01:00:56,55.03,32.574999999999996,12.19,33.945,146.33,0.0,0.0
2021-05-09 02:00:56,63.60666666666666,35.81,12.07,31.535,143.07000000000002,0.0,0.0
2021-05-09 03:00:56,64.50333333333333,22.570000000000004,12.625,29.209999999999997,141.055,0.0,0.0
2021-05-09 04:00:56,63.75333333333333,21.790000000000003,12.174999999999999,18.51,128.15,0.0,0.0
2021-05-09 05:00:56,56.26666666666666,27.795,10.34,19.175,130.525,0.0,0.0
2021-05-09 06:00:56,62.68666666666667,34.97,10.015,19.385,133.345,0.0,0.0
2021-05-09 07:00:56,53.22333333333333,26.64,9.215,12.735,120.38,0.0,0.0
2021-05-09 08:00:56,30.263333333333335,16.11,8.61,12.63,113.605,0.0,0.0
2021-05-09 09:00:56,19.023333333333333,12.49,8.91,21.955000000000002,126.18,0.0,0.0
2021-05-09 10:00:56,14.773333333333333,7.605,9.4,24.415000000000003,128.80499999999998,0.0,0.0
2021-05-09 11:00:56,12.69,7.794999999999999,9.91,24.24,126.05,0.0,0.0
2021-05-09 12:00:56,12.35,5.995,9.09,24.67,123.98,0.0,0.0
2021-05-09 13:00:56,13.946666666666665,3.955,8.585,3.1099999999999994,5.989999999999999,0.0,0.0
2021-05-09 14:00:56,10.983333333333334,5.09,8.27,2.8049999999999997,5.640000000000001,0.0,0.0
2021-05-09 15:00:56,9.306666666666668,4.67,8.285,3.455,6.52,0.0,0.0
2021-05-09 16:00:56,12.776666666666666,3.6400000000000006,8.25,3.955,6.859999999999999,0.0,0.0
2021-05-09 17:00:56,14.113333333333333,2.7900000000000005,8.280000000000001,4.07,6.974999999999999,0.0,0.0
2021-05-09 18:00:56,13.780000000000001,3.25,8.06,3.525,6.375,0.0,0.0
2021-05-09 19:00:56,19.473333333333333,6.415,8.469999999999999,4.81,7.664999999999999,0.0,0.0
2021-05-09 20:00:56,20.13,7.64,8.575,4.97,7.785,0.0,0.0
2021-05-09 21:00:56,23.163333333333334,9.475,8.715000000000002,4.655,7.32,0.0,0.0
2021-05-09 22:00:56,25.093333333333334,9.575000000000001,8.55,4.5,7.210000000000001,0.0,0.0
2021-05-09 23:00:56,20.38,7.8,8.924999999999999,4.835,7.605,0.0,0.0
2021-05-10 00:00:56,16.36,10.89,9.4,4.46,7.155000000000001,0.0,0.0
2021-05-10 01:00:56,15.656666666666666,10.844999999999999,8.81,4.365,7.085000000000001,0.0,0.0
2021-05-10 02:00:56,15.77,6.57,9.065,4.54,7.18,0.0,0.0
2021-05-10 03:00:56,9.63,7.22,9.06,5.765000000000001,8.405,0.0,0.0
2021-05-10 04:00:56,10.66,4.465,9.08,6.150000000000001,8.765,0.0,0.0
2021-05-10 05:00:56,15.55,3.74,8.955,4.61,7.38,0.0,0.0
2021-05-10 06:00:56,17.343333333333334,7.390000000000001,9.020000000000001,3.47,6.175,0.0,0.0
2021-05-10 07:00:56,18.8,6.385000000000001,10.43,6.775000000000001,9.875,0.0,0.0
2021-05-10 08:00:56,25.10666666666667,6.105,10.945,6.94,10.205,0.0,0.0
2021-05-10 09:00:56,20.113333333333333,8.73,8.435,4.175,7.18,0.0,0.0
2021-05-10 10:00:56,12.693333333333333,10.229999999999999,8.475,3.31,6.19,0.0,0.0
2021-05-10 11:00:56,12.08,7.095,8.215,3.06,5.859999999999999,0.0,0.0
2021-05-10 12:00:56,16.293333333333333,8.39,9.0,4.365,7.355,0.0,0.0
2021-05-10 13:00:56,22.326666666666664,6.239999999999999,8.11,4.94,8.155,0.0,0.0
2021-05-10 14:00:56,13.416666666666666,6.609999999999999,7.669999999999999,4.555,7.675,0.0,0.0
2021-05-10 15:00:56,14.306666666666668,5.895,7.925,4.615,7.655000000000001,0.0,0.0
2021-05-10 16:00:56,16.61,6.925000000000001,7.375,3.905,6.724999999999999,0.0,0.0
2021-05-10 17:00:56,16.79,4.965,7.46,4.495,7.45,0.0,0.0
2021-05-10 18:00:56,14.936666666666667,3.01,7.54,5.69,8.725,0.0,0.0
2021-05-10 19:00:56,28.183333333333334,2.455,7.735,7.530000000000001,10.62,0.0,0.0
2021-05-10 20:00:56,20.716666666666665,2.15,7.94,7.175,10.015,0.0,0.0
2021-05-10 21:00:56,24.19333333333333,4.2,8.299999999999999,6.010000000000001,8.73,0.0,0.0
2021-05-10 22:00:56,29.756666666666664,6.56,8.57,7.16,9.945,0.0,0.0
2021-05-10 23:00:56,31.436666666666667,4.055,9.25,7.760000000000001,10.5,0.0,0.0
2021-05-11 00:00:56,23.55,4.505,8.98,8.73,11.435000000000002,0.0,0.0
2021-05-11 01:00:56,23.07,5.585,10.055,9.705,12.385,0.0,0.0
2021-05-11 02:00:56,29.79,6.114999999999999,13.844999999999999,16.99,19.9,0.0,0.0
2021-05-11 03:00:56,27.426666666666666,8.325000000000001,12.979999999999999,17.615,20.52,0.0,0.0
2021-05-11 04:00:56,38.086666666666666,17.095,12.219999999999999,11.829999999999998,14.61,0.0,0.0
2021-05-11 05:00:56,34.45333333333333,21.02,12.1,10.979999999999999,13.785000000000002,0.0,0.0
2021-05-11 06:00:56,45.24,27.98,12.915000000000001,12.15,14.979999999999999,0.0,0.0
2021-05-11 07:00:56,52.8,30.675,18.294999999999998,12.25,16.41,0.0,0.0
2021-05-11 08:00:56,60.07333333333333,31.515,24.465000000000003,12.88,18.29,0.0,0.0
2021-05-11 09:00:56,65.74666666666667,32.31,16.185,10.495,14.775,0.0,0.0
2021-05-11 10:00:56,56.446666666666665,22.3,11.39,6.995,10.395,0.0,0.0
2021-05-11 11:00:56,41.97666666666667,13.969999999999999,9.915,5.599999999999999,8.71,0.0,0.0
2021-05-11 12:00:56,29.64666666666667,13.979999999999999,12.18,5.919999999999999,8.975,0.0,0.0
2021-05-11 13:00:56,25.91,13.405000000000001,11.555,4.995,7.965,0.0,0.0
2021-05-11 14:00:56,22.153333333333336,10.47,10.910000000000002,4.085,6.905000000000001,0.0,0.0
2021-05-11 15:00:56,22.47,7.37,11.049999999999999,16.02,29.665000000000003,0.0,0.0
2021-05-11 16:00:56,19.32,6.739999999999999,11.4,22.11,37.675,0.0,0.0
2021-05-11 17:00:56,17.06,4.675,9.43,29.92,47.76500000000001,0.0,0.0
2021-05-11 18:00:56,17.476666666666667,5.739999999999999,8.965,33.745000000000005,51.51,0.0,0.0
2021-05-11 19:00:56,22.626666666666665,11.045000000000002,8.59,29.005,44.76,0.0,0.0
2021-05-11 20:00:56,29.840000000000003,6.86,9.02,26.385,39.965,0.0,0.0
2021-05-11 21:00:56,30.833333333333332,7.88,9.005,20.12,32.985,0.0,0.0
2021-05-11 22:00:56,29.24,12.13,9.35,18.419999999999998,31.349999999999998,0.0,0.0
2021-05-11 23:00:56,32.45,8.775,10.28,23.17,35.775,0.0,0.0
2021-05-12 00:00:56,30.906666666666666,7.169999999999999,10.39,20.13,33.145,0.0,0.0
2021-05-12 01:00:56,33.72666666666667,9.78,9.135,22.855,38.635,0.0,0.0
2021-05-12 02:00:56,27.38666666666667,6.25,9.6,19.085,31.215,0.0,0.0
2021-05-12 03:00:56,22.89,4.935,10.46,26.84,39.76,0.0,0.0
2021-05-12 04:00:56,25.68,6.55,11.175000000000002,37.155,49.315,0.0,0.0
2021-05-12 05:00:56,24.136666666666667,8.24,14.049999999999999,37.815,50.25,0.0,0.0
2021-05-12 06:00:56,37.71333333333333,10.959999999999999,11.719999999999999,35.4,48.135,0.0,0.0
2021-05-12 07:00:56,43.28333333333333,17.165000000000003,22.865,39.795,58.80500000000001,0.0,0.0
2021-05-12 08:00:56,43.406666666666666,19.805,20.07,40.595,61.23499999999999,0.0,0.0
2021-05-12 09:00:56,43.05666666666667,21.065,11.275,31.350000000000005,47.185,0.0,0.0
2021-05-12 10:00:56,40.763333333333335,15.315,11.4,33.254999999999995,49.26,0.0,0.0
2021-05-12 11:00:56,31.383333333333336,20.63,10.049999999999999,27.285,42.19499999999999,0.0,0.0
2021-05-12 12:00:56,26.523333333333333,14.89,9.255,18.709999999999997,31.939999999999998,0.0,0.0
2021-05-12 13:00:56,15.826666666666668,8.36,7.995,20.66,35.225,0.0,0.0
2021-05-12 14:00:56,10.986666666666666,4.585,8.525,14.87,27.76,0.0,0.0
2021-05-12 15:00:56,11.706666666666665,3.42,8.299999999999999,13.685,26.709999999999997,0.0,0.0
2021-05-12 16:00:56,11.786666666666667,3.1449999999999996,8.15,15.445,28.765,0.0,0.0
2021-05-12 17:00:56,12.176666666666668,3.215,8.115,19.125,32.84,0.0,0.0
2021-05-12 18:00:56,13.966666666666667,6.635000000000001,8.195,37.375,57.945,0.0,0.0
2021-05-12 19:00:56,16.676666666666666,7.23,8.27,39.895,58.23,0.0,0.0
2021-05-12 20:00:56,20.27,10.62,9.79,66.28,84.865,0.0,0.0
2021-05-12 21:00:56,28.240000000000002,11.31,9.615,36.64,49.79,0.0,0.0
2021-05-12 22:00:56,31.343333333333334,8.705,10.325000000000001,35.830000000000005,49.5,0.0,0.0
2021-05-12 23:00:56,44.45,13.225,14.235,45.26,59.544999999999995,0.0,0.0
2021-05-13 00:00:56,58.83666666666666,13.405,18.1,60.78,81.35,0.0,0.0
2021-05-13 01:00:56,57.67666666666666,17.855,19.975,69.975,96.47500000000001,0.0,0.0
2021-05-13 02:00:56,57.06666666666666,19.56,25.37,63.535,85.32,0.0,0.0
2021-05-13 03:00:56,71.55,23.795,18.87,60.095,77.6,0.0,0.0
2021-05-13 04:00:56,73.89,21.61,17.375,55.44499999999999,73.705,0.0,0.0
2021-05-13 05:00:56,61.22,30.370000000000005,16.565,47.400000000000006,60.98499999999999,0.0,0.0
2021-05-13 06:00:56,53.71333333333333,32.94,13.959999999999999,41.1,55.75,0.0,0.0
2021-05-13 07:00:56,56.55,31.075,15.57,32.585,48.21,0.0,0.0
2021-05-13 08:00:56,46.33,27.275000000000002,21.23,29.76,45.93000000000001,0.0,0.0
2021-05-13 09:00:56,43.14,27.8,13.46,20.95,33.835,0.0,0.0
2021-05-13 10:00:56,33.32,22.450000000000003,11.83,19.645,32.855,0.0,0.0
2021-05-13 11:00:56,24.490000000000002,12.479999999999999,10.42,13.22,25.67,0.0,0.0
2021-05-13 12:00:56,23.916666666666668,11.64,8.354999999999999,9.915,22.23,0.0,0.0
2021-05-13 13:00:56,24.80333333333333,14.865,8.605,9.385,21.655,0.0,0.0
2021-05-13 14:00:56,21.80333333333333,8.370000000000001,10.03,10.055,22.175,0.0,0.0
2021-05-13 15:00:56,14.513333333333334,7.125,10.854999999999999,11.655000000000001,24.3,0.0,0.0
2021-05-13 16:00:56,16.69333333333333,4.035,10.975,12.145000000000001,24.915000000000003,0.0,0.0
2021-05-13 17:00:56,20.513333333333332,7.145,10.805,16.145,29.350000000000005,0.0,0.0
2021-05-13 18:00:56,26.736666666666668,9.405,10.695,12.405000000000001,24.649999999999995,0.0,0.0
2021-05-13 19:00:56,23.186666666666667,11.86,11.395000000000001,12.24,24.235,0.0,0.0
2021-05-13 20:00:56,26.453333333333333,8.13,16.675,39.57,60.824999999999996,0.0,0.0
2021-05-13 21:00:56,27.683333333333337,10.424999999999999,12.085,72.75,99.495,0.0,0.0
2021-05-13 22:00:56,58.89666666666667,15.735,15.305,59.620000000000005,74.22500000000001,0.0,0.0
2021-05-13 23:00:56,65.87666666666667,22.34,18.94,40.82,53.419999999999995,0.0,0.0
2021-05-14 00:00:56,59.65,16.895,22.070000000000004,64.32,85.585,0.0,0.0
2021-05-14 01:00:56,76.54666666666667,19.0,22.084999999999997,60.72,80.73,0.0,0.0
2021-05-14 02:00:56,69.28666666666666,24.820000000000004,23.0,54.38999999999999,76.74000000000001,0.0,0.0
2021-05-14 03:00:56,60.586666666666666,29.05,19.995,52.775000000000006,68.48,0.0,0.0
2021-05-14 04:00:56,62.71333333333334,37.27,17.16,41.84,54.365,0.0,0.0
2021-05-14 05:00:56,64.61333333333334,26.755,16.54,40.35,53.300000000000004,0.0,0.0
2021-05-14 06:00:56,51.09,31.955000000000002,14.425000000000002,32.504999999999995,45.54999999999999,0.0,0.0
2021-05-14 07:00:56,50.39666666666667,30.540000000000003,15.205,33.14,49.81999999999999,0.0,0.0
2021-05-14 08:00:56,46.35,20.775000000000002,22.22,31.465,47.995,0.0,0.0
2021-05-14 09:00:56,51.28333333333333,25.64,16.185000000000002,20.68,33.85,0.0,0.0
2021-05-14 10:00:56,40.74,19.544999999999998,12.375,13.44,25.625,0.0,0.0
2021-05-14 11:00:56,28.563333333333333,11.725,13.854999999999999,10.235,22.5,0.0,0.0
2021-05-14 12:00:56,26.79,12.1,14.68,8.780000000000001,20.665,0.0,0.0
2021-05-14 13:00:56,26.906666666666666,5.530000000000001,11.08,9.39,21.355,0.0,0.0
2021-05-14 14:00:56,16.843333333333334,10.56,5.760000000000001,9.75,21.97,0.0,0.0
2021-05-14 15:00:56,13.286666666666669,8.38,5.580000000000001,10.605,23.485,0.0,0.0
2021-05-14 16:00:56,13.013333333333334,9.005,5.455000000000001,10.235,22.745,0.0,0.0
2021-05-14 17:00:56,16.906666666666666,7.63,5.015,9.62,22.135,0.0,0.0
2021-05-14 18:00:56,14.743333333333332,5.23,5.34,10.495,22.805000000000003,0.0,0.0
2021-05-14 19:00:56,15.579999999999998,6.195,4.55,9.82,21.899999999999995,0.0,0.0
2021-05-14 20:00:56,10.916666666666666,4.625,5.390000000000001,18.54,31.290000000000003,0.0,0.0
2021-05-14 21:00:56,15.306666666666668,4.72,5.81,68.35000000000001,96.895,0.0,0.0
2021-05-14 22:00:56,38.913333333333334,5.345,13.405000000000001,69.695,92.585,0.0,0.0
2021-05-14 23:00:56,49.85666666666667,12.695,16.95,49.365,64.25,0.0,0.0
2021-05-15 00:00:56,60.900000000000006,19.715,15.71,57.75,76.065,0.0,0.0
2021-05-15 01:00:56,60.830000000000005,19.91,18.080000000000002,52.60999999999999,68.045,0.0,0.0
2021-05-15 02:00:56,56.74333333333334,23.564999999999998,15.590000000000002,32.93,45.685,0.0,0.0
2021-05-15 03:00:56,49.06666666666666,19.55,12.0,20.584999999999997,32.59,0.0,0.0
2021-05-15 04:00:56,40.64666666666667,16.22,11.99,19.73,31.72,0.0,0.0
2021-05-15 05:00:56,31.866666666666667,9.48,11.9,23.915000000000003,36.51,0.0,0.0
2021-05-15 06:00:56,45.56333333333333,9.285,11.795,23.37,36.21,0.0,0.0
2021-05-15 07:00:56,46.376666666666665,14.844999999999999,13.445,21.900000000000002,35.29,0.0,0.0
2021-05-15 08:00:56,42.10333333333333,12.035000000000002,19.385,21.069999999999997,34.48,0.0,0.0
2021-05-15 09:00:56,40.18,13.479999999999999,14.96,20.05,33.715,0.0,0.0
2021-05-15 10:00:56,40.76,15.58,11.13,16.88,31.925,0.0,0.0
2021-05-15 11:00:56,28.12,13.465000000000002,9.24,17.375,31.985,0.0,0.0
2021-05-15 12:00:56,26.38,10.27,8.995000000000001,18.334999999999997,32.365,0.0,0.0
2021-05-15 13:00:56,23.356666666666666,12.25,8.915000000000001,17.08,31.12,0.0,0.0
2021-05-15 14:00:56,18.67,7.294999999999999,9.19,13.964999999999998,27.649999999999995,0.0,0.0
2021-05-15 15:00:56,16.803333333333335,5.415,9.915,20.75,35.544999999999995,0.0,0.0
2021-05-15 16:00:56,16.073333333333334,3.8000000000000003,10.21,20.62,35.34,0.0,0.0
2021-05-15 17:00:56,14.716666666666667,2.59,10.520000000000001,29.92,46.52,0.0,0.0
2021-05-15 18:00:56,23.936666666666667,4.025,10.365,22.53,36.4,0.0,0.0
2021-05-15 19:00:56,36.78666666666667,7.195,12.305,16.235,29.0,0.0,0.0
2021-05-15 20:00:56,51.016666666666666,6.27,12.96,15.42,27.865,0.0,0.0
2021-05-15 21:00:56,58.78333333333333,6.364999999999999,11.645000000000001,15.645000000000001,27.955,0.0,0.0
2021-05-15 22:00:56,51.36,11.795,11.839999999999998,14.51,27.040000000000003,0.0,0.0
2021-05-15 23:00:56,45.32333333333333,11.58,12.93,17.325,30.76,0.0,0.0
2021-05-16 00:00:56,45.13333333333333,10.435,13.985,26.715000000000003,42.955000000000005,0.0,0.0
2021-05-16 01:00:56,42.60666666666667,7.82,13.71,17.540000000000003,30.75,0.0,0.0
2021-05-16 02:00:56,35.85333333333333,6.0,12.06,13.82,26.084999999999997,0.0,0.0
2021-05-16 03:00:56,30.573333333333334,8.799999999999999,13.420000000000002,19.055,31.065,0.0,0.0
2021-05-16 04:00:56,26.98,7.62,14.185000000000002,20.849999999999998,32.635,0.0,0.0
2021-05-16 05:00:56,34.86666666666667,10.340000000000002,14.395000000000001,21.429999999999996,33.415,0.0,0.0
2021-05-16 06:00:56,44.78,9.37,14.655000000000001,21.035,33.345,0.0,0.0
2021-05-16 07:00:56,49.56666666666666,12.54,15.88,24.125,37.835,0.0,0.0
2021-05-16 08:00:56,51.38333333333333,20.565,18.29,26.525000000000002,42.61,0.0,0.0
2021-05-16 09:00:56,42.47,17.709999999999997,16.74,22.915000000000003,36.339999999999996,0.0,0.0
2021-05-16 10:00:56,39.06333333333333,15.695,13.83,15.83,28.485,0.0,0.0
2021-05-16 11:00:56,35.0,11.625,13.29,12.32,24.724999999999998,0.0,0.0
2021-05-16 12:00:56,32.833333333333336,15.920000000000002,10.565,10.5,22.615,0.0,0.0
2021-05-16 13:00:56,28.113333333333333,13.015,12.020000000000001,11.11,23.290000000000003,0.0,0.0
2021-05-16 14:00:56,57.016666666666666,9.424999999999999,10.035,9.975,22.245,0.0,0.0
2021-05-16 15:00:56,42.31,8.295,9.92,13.56,26.429999999999996,0.0,0.0
2021-05-16 16:00:56,36.803333333333335,5.505,10.79,13.305,25.8,0.0,0.0
2021-05-16 17:00:56,34.17333333333333,5.09,11.655,11.94,24.135,0.0,0.0
2021-05-16 18:00:56,33.50333333333333,3.965,17.78,14.17,26.27,0.0,0.0
2021-05-16 19:00:56,50.88666666666666,5.135,11.165,11.25,23.28,0.0,0.0
2021-05-16 20:00:56,67.57333333333334,9.205,9.215000000000002,11.79,24.125,0.0,0.0
2021-05-16 21:00:56,111.30000000000001,10.450000000000001,9.91,27.63,42.335,0.0,0.0
2021-05-16 22:00:56,66.08,13.425000000000002,11.565,24.930000000000003,38.85,0.0,0.0
2021-05-16 23:00:56,43.32,8.755,10.455,31.349999999999998,44.675000000000004,0.0,0.0
2021-05-17 00:00:56,45.69333333333333,7.155000000000001,13.765,32.52,45.42499999999999,0.0,0.0
2021-05-17 01:00:56,47.3,11.810000000000002,22.495,26.06,38.275,0.0,0.0
2021-05-17 02:00:56,62.63666666666666,13.68,15.729999999999999,18.37,31.26,0.0,0.0
2021-05-17 03:00:56,43.00333333333333,10.0,12.160000000000002,18.05,30.865,0.0,0.0
2021-05-17 04:00:56,35.56,13.594999999999999,10.915,12.585,24.53,0.0,0.0
2021-05-17 05:00:56,32.93,15.049999999999999,11.950000000000001,22.325000000000003,34.835,0.0,0.0
2021-05-17 06:00:56,40.803333333333335,20.52,11.565,23.320000000000004,36.67,0.0,0.0
2021-05-17 07:00:56,39.79,4.405,12.075000000000001,22.28,36.35,0.0,0.0
2021-05-17 08:00:56,42.75333333333333,7.155000000000001,19.545,46.77,78.545,0.0,0.0
2021-05-17 09:00:56,44.21666666666667,17.735,25.049999999999997,34.21,53.550000000000004,0.0,0.0
2021-05-17 10:00:56,43.95333333333333,13.409999999999998,19.615,34.115,53.695,0.0,0.0
2021-05-17 11:00:56,31.813333333333333,14.395000000000001,13.575000000000001,22.675,36.574999999999996,0.0,0.0
2021-05-17 12:00:56,29.61333333333333,12.12,11.545000000000002,22.505,37.23,0.0,0.0
2021-05-17 13:00:56,29.356666666666666,16.44,10.345,19.12,33.03,0.0,0.0
2021-05-17 14:00:56,23.64333333333333,9.415000000000001,10.674999999999999,19.465,33.665,0.0,0.0
2021-05-17 15:00:56,20.69,6.965,10.41,17.415,31.159999999999997,0.0,0.0
2021-05-17 16:00:56,23.653333333333336,7.510000000000001,9.745,19.405,33.035,0.0,0.0
2021-05-17 17:00:56,19.473333333333333,7.765000000000001,10.844999999999999,18.465,31.679999999999996,0.0,0.0
2021-05-17 18:00:56,22.386666666666667,8.75,11.549999999999999,23.185000000000002,36.525,0.0,0.0
2021-05-17 19:00:56,23.03333333333333,7.175000000000001,11.005,22.53,35.79,0.0,0.0
2021-05-17 20:00:56,25.65,5.69,20.06,38.135,51.22,0.0,0.0
2021-05-17 21:00:56,35.94,7.195,17.13,42.76,63.620000000000005,0.0,0.0
2021-05-17 22:00:56,35.64333333333334,6.2250000000000005,12.62,34.385,50.910000000000004,0.0,0.0
2021-05-17 23:00:56,33.79666666666667,9.145000000000001,12.195,34.305,49.245000000000005,0.0,0.0
2021-05-18 00:00:56,33.14666666666667,10.63,12.975,33.055,47.70000000000001,0.0,0.0
2021-05-18 01:00:56,31.726666666666667,12.245,12.435,41.415,56.37,0.0,0.0
2021-05-18 02:00:56,29.686666666666667,16.695,15.56,38.905,51.74,0.0,0.0
2021-05-18 03:00:56,36.43,16.03,19.66,38.58,50.315,0.0,0.0
2021-05-18 04:00:56,50.43666666666667,22.255,30.75,46.44,59.635,0.0,0.0
2021-05-18 05:00:56,53.10666666666667,24.570000000000004,22.995,38.105,51.615,0.0,0.0
2021-05-18 06:00:56,46.91,30.595,32.485,41.26,55.23499999999999,0.0,0.0
2021-05-18 07:00:56,51.22333333333333,30.955000000000002,32.115,44.14000000000001,64.96,0.0,0.0
2021-05-18 08:00:56,59.49666666666667,27.459999999999997,30.98,53.555,89.80499999999999,0.0,0.0
2021-05-18 09:00:56,58.24,29.865,32.125,50.71,78.795,0.0,0.0
2021-05-18 10:00:56,67.23333333333333,25.400000000000002,26.375,52.215,77.98,0.0,0.0
2021-05-18 11:00:56,59.3,19.88,18.235,35.41,53.64000000000001,0.0,0.0
2021-05-18 12:00:56,36.83,14.96,13.14,17.71,31.11,0.0,0.0
2021-05-18 13:00:56,28.796666666666667,14.214999999999998,12.090000000000002,13.69,26.89,0.0,0.0
2021-05-18 14:00:56,28.773333333333333,7.855,11.545,13.785000000000002,27.5,0.0,0.0
2021-05-18 15:00:56,25.876666666666665,6.25,11.805,13.660000000000002,27.495,0.0,0.0
2021-05-18 16:00:56,25.126666666666665,6.835000000000001,12.155000000000001,15.050000000000002,28.51,0.0,0.0
2021-05-18 17:00:56,24.863333333333333,4.579999999999999,14.245,18.06,31.34,0.0,0.0
2021-05-18 18:00:56,22.5,3.025,12.37,16.635,30.179999999999996,0.0,0.0
2021-05-18 19:00:56,22.4,3.905,12.585,25.209999999999997,38.945,0.0,0.0
2021-05-18 20:00:56,21.64,4.825,24.63,51.25,68.0,0.0,0.0
2021-05-18 21:00:56,36.97,5.170000000000001,12.299999999999999,70.805,91.825,0.0,0.0
2021-05-18 22:00:56,41.85333333333333,8.655000000000001,10.62,42.905,58.0,0.0,0.0
2021-05-18 23:00:56,34.62666666666667,13.35,25.86,32.975,46.875,0.0,0.0
2021-05-19 00:00:56,38.00666666666667,11.615,26.285,28.045,40.965,0.0,0.0
2021-05-19 01:00:56,48.583333333333336,15.160000000000002,13.604999999999999,17.0,29.62,0.0,0.0
2021-05-19 02:00:56,38.27333333333333,14.08,12.39,9.37,21.11,0.0,0.0
2021-05-19 03:00:56,34.99333333333333,13.594999999999999,13.065,13.299999999999999,25.135,0.0,0.0
2021-05-19 04:00:56,21.85,11.38,17.224999999999998,12.549999999999999,24.625,0.0,0.0
2021-05-19 05:00:56,26.413333333333334,12.745,17.915,10.54,22.459999999999997,0.0,0.0
2021-05-19 06:00:56,24.08,7.315,14.700000000000001,11.055,23.125,0.0,0.0
2021-05-19 07:00:56,15.956666666666665,6.635000000000001,15.655000000000001,13.72,25.91,0.0,0.0
2021-05-19 08:00:56,19.35,7.575,16.115,13.225,26.135,0.0,0.0
2021-05-19 09:00:56,19.44,7.609999999999999,14.049999999999999,19.18,33.22,0.0,0.0
2021-05-19 10:00:56,15.483333333333334,11.37,11.530000000000001,13.225,26.445000000000004,0.0,0.0
2021-05-19 11:00:56,17.516666666666666,6.87,10.924999999999999,13.765,27.554999999999996,0.0,0.0
2021-05-19 12:00:56,20.506666666666668,7.044999999999999,10.924999999999999,12.99,26.450000000000003,0.0,0.0
2021-05-19 13:00:56,15.909999999999998,12.56,10.745,13.604999999999999,27.149999999999995,0.0,0.0
2021-05-19 14:00:56,13.76,7.510000000000001,10.824999999999998,13.68,27.349999999999998,0.0,0.0
2021-05-19 15:00:56,14.786666666666667,4.825,11.205,15.084999999999999,28.974999999999998,0.0,0.0
2021-05-19 16:00:56,15.903333333333334,4.97,11.034999999999998,17.605,31.88,0.0,0.0
2021-05-19 17:00:56,13.620000000000001,4.535,11.82,32.205000000000005,52.025,0.0,0.0
2021-05-19 18:00:56,13.88,4.984999999999999,12.37,42.03,63.79999999999999,0.0,0.0
2021-05-19 19:00:56,21.14333333333333,8.52,12.344999999999999,29.465,44.025,0.0,0.0
2021-05-19 20:00:56,21.21333333333333,5.905,17.075,43.425000000000004,56.47,0.0,0.0
2021-05-19 21:00:56,25.793333333333333,6.75,13.31,84.575,110.045,0.0,0.0
2021-05-19 22:00:56,48.63,7.294999999999999,12.365,72.14,93.54,0.0,0.0
2021-05-19 23:00:56,54.65,10.43,41.61000000000001,66.235,81.015,0.0,0.0
2021-05-20 00:00:56,70.69,19.29,51.625,74.13,92.165,0.0,0.0
2021-05-20 01:00:56,71.28666666666666,19.705,31.23,64.16,80.295,0.0,0.0
2021-05-20 02:00:56,72.00666666666666,24.39,46.650000000000006,64.875,80.81,0.0,0.0
2021-05-20 03:00:56,65.72,28.570000000000004,32.52,53.24,66.355,0.0,0.0
2021-05-20 04:00:56,66.82333333333334,29.25,55.46,51.26,63.375,0.0,0.0
2021-05-20 05:00:56,66.02,31.685000000000002,28.975000000000005,44.025,56.615,0.0,0.0
2021-05-20 06:00:56,58.05666666666667,24.534999999999997,26.555000000000003,43.824999999999996,59.449999999999996,0.0,0.0
2021-05-20 07:00:56,57.906666666666666,29.095,32.65,44.105,67.77,0.0,0.0
2021-05-20 08:00:56,66.78333333333333,25.715000000000003,29.185000000000002,50.465,77.71,0.0,0.0
2021-05-20 09:00:56,62.78,22.845,23.459999999999997,59.044999999999995,83.64999999999999,0.0,0.0
2021-05-20 10:00:56,63.0,18.53,19.08,55.935,75.63,0.0,0.0
2021-05-20 11:00:56,51.44333333333333,14.26,18.235,38.815,54.63,0.0,0.0
2021-05-20 12:00:56,49.03333333333333,12.270000000000001,14.674999999999999,25.53,39.145,0.0,0.0
2021-05-20 13:00:56,36.52,7.925000000000001,13.76,21.615,35.055,0.0,0.0
2021-05-20 14:00:56,33.78666666666667,4.975,12.31,13.56,26.605,0.0,0.0
2021-05-20 15:00:56,44.47333333333333,4.8,12.725,14.545000000000002,28.01,0.0,0.0
2021-05-20 16:00:56,42.836666666666666,5.315,13.285000000000002,12.020000000000001,25.515,0.0,52.07
2021-05-20 17:00:56,34.20666666666666,4.895,14.585,15.01,28.584999999999997,0.0,50.89
2021-05-20 18:00:56,32.17,5.510000000000001,16.72,15.415,28.37,0.0,50.04
2021-05-20 19:00:56,29.483333333333334,4.685,14.08,21.834999999999997,35.37,0.0,47.65
2021-05-20 20:00:56,27.753333333333334,4.95,19.265,46.94499999999999,74.055,0.0,46.02
2021-05-20 21:00:56,39.42,8.33,13.025,0.0,82.39,0.0,37.74
2021-05-20 22:00:56,66.28666666666666,18.29,16.689999999999998,104.5,168.435,0.0,40.81
2021-05-20 23:00:56,86.92666666666668,18.015,39.46,34.585,41.37,0.0,36.58
2021-05-21 00:00:56,96.85666666666667,14.33,53.169999999999995,88.065,126.37,0.0,36.35
2021-05-21 01:00:56,91.52333333333334,19.945,32.91,81.055,102.53000000000002,0.0,40.24
2021-05-21 02:00:56,89.78666666666666,24.83,50.28999999999999,71.75,99.91000000000001,0.0,36.9
2021-05-21 03:00:56,134.85666666666665,24.645,32.915,53.335,71.335,0.0,39.9
2021-05-21 04:00:56,114.45666666666666,24.569999999999997,35.205,32.745000000000005,44.52,0.0,47.64
2021-05-21 05:00:56,75.55666666666667,21.875,23.61,23.505,36.815,0.0,47.58
2021-05-21 06:00:56,62.63999999999999,25.795,27.429999999999996,22.084999999999997,34.599999999999994,0.0,47.83
2021-05-21 07:00:56,57.303333333333335,27.175,31.650000000000002,30.415000000000003,44.785,0.0,48.08
2021-05-21 08:00:56,48.593333333333334,18.96,28.72,58.77,83.675,0.0,43.95
2021-05-21 09:00:56,58.22,22.325,18.11,46.79999999999999,65.12,0.0,46.04
2021-05-21 10:00:56,50.4,18.625,16.645,29.97,45.965,0.0,48.71
2021-05-21 11:00:56,42.36666666666667,16.295,12.415,19.755,34.185,0.0,47.87
2021-05-21 12:00:56,35.25,9.395000000000001,12.770000000000001,13.725,26.900000000000002,0.0,46.52
2021-05-21 13:00:56,30.213333333333335,5.62,11.755,13.375,27.115,0.0,47.35
2021-05-21 14:00:56,36.233333333333334,4.08,11.950000000000001,13.445,28.090000000000003,0.0,46.96
2021-05-21 15:00:56,46.74666666666667,6.890000000000001,12.225,10.875,24.179999999999996,0.0,46.79
2021-05-21 16:00:56,54.67666666666667,12.5,12.535000000000002,11.799999999999999,25.625,0.0,46.98
2021-05-21 17:00:56,53.18666666666667,8.06,13.75,15.020000000000001,29.345,0.0,44.91
2021-05-21 18:00:56,53.769999999999996,8.405000000000001,12.485,15.775,29.545,0.0,44.77
2021-05-21 19:00:56,77.14333333333333,13.805,11.88,21.09,34.824999999999996,0.0,42.91
2021-05-21 20:00:56,118.36333333333334,10.56,19.91,27.91,41.595,0.0,41.72
2021-05-21 21:00:56,95.42666666666666,8.815,32.4,47.51,63.07,0.0,39.73
2021-05-21 22:00:56,81.50666666666667,11.719999999999999,19.605,22.595,35.225,0.0,43.57
2021-05-21 23:00:56,73.57,14.88,16.525,14.520000000000001,27.56,0.0,48.06
2021-05-22 00:00:56,70.78333333333333,18.41,12.964999999999998,15.645000000000001,28.555000000000003,0.0,49.69
2021-05-22 01:00:56,49.02333333333334,20.605,7.87,12.07,24.935000000000002,0.0,48.99
2021-05-22 02:00:56,41.0,20.23,7.48,10.58,23.825,0.0,48.01
2021-05-22 03:00:56,39.526666666666664,15.520000000000001,12.104999999999999,4.915,16.815,0.0,48.53
2021-05-22 04:00:56,31.29,16.825,12.17,4.83,16.835,0.0,48.91
2021-05-22 05:00:56,26.22,13.085,11.775,5.375,17.665,0.0,48.36
2021-05-22 06:00:56,22.473333333333333,10.14,11.63,6.835000000000001,20.215,0.0,46.94
2021-05-22 07:00:56,19.653333333333332,7.864999999999999,11.699999999999998,6.7700000000000005,19.215,0.0,46.5
2021-05-22 08:00:56,23.206666666666667,4.65,11.805,17.655,33.485,0.0,44.88
2021-05-22 09:00:56,22.586666666666666,5.07,11.65,17.07,32.075,0.0,45.69
2021-05-22 10:00:56,27.78333333333333,9.265,11.49,17.31,32.455,0.0,45.52
2021-05-22 11:00:56,26.526666666666667,6.5,11.715000000000002,14.68,28.415000000000003,0.0,46.1
2021-05-22 12:00:56,28.436666666666667,7.875,11.38,17.165,30.215,0.0,48.02
2021-05-22 13:00:56,25.973333333333333,8.62,12.06,20.72,35.965,0.0,49.62
2021-05-22 14:00:56,21.71,8.5,11.49,15.76,29.7,0.0,49.55
2021-05-22 15:00:56,19.34,6.605,11.945,17.175,31.544999999999998,0.0,48.21
2021-05-22 16:00:56,23.5,6.47,12.245,11.505,24.385,0.0,47.05
2021-05-22 17:00:56,16.003333333333334,5.669999999999999,11.479999999999999,13.635,27.14,0.0,46.22
2021-05-22 18:00:56,17.47,7.914999999999999,11.555,12.270000000000001,25.825000000000003,0.0,45.26
2021-05-22 19:00:56,18.276666666666667,15.965000000000002,11.795,12.325000000000001,26.015,0.0,46.45
2021-05-22 20:00:56,19.803333333333335,9.03,10.94,14.575000000000001,29.314999999999998,0.0,45.56
2021-05-22 21:00:56,22.46666666666667,6.25,11.46,17.885,33.44,0.0,44.59
2021-05-22 22:00:56,17.356666666666666,5.890000000000001,11.020000000000001,9.845,23.245,0.0,46.44
2021-05-22 23:00:56,13.663333333333334,4.67,11.045,9.924999999999999,23.13,0.0,46.1
2021-05-23 00:00:56,11.756666666666666,5.33,12.205,9.865,22.33,0.0,48.27
2021-05-23 01:00:56,9.75,6.9049999999999985,11.505,8.85,21.929999999999996,0.0,46.89
2021-05-23 02:00:56,9.26,4.665,11.165,7.065,20.89,0.0,48.86
2021-05-23 03:00:56,9.9,3.465,11.214999999999998,5.1499999999999995,17.18,0.0,47.58
2021-05-23 04:00:56,10.676666666666668,4.2749999999999995,12.46,6.84,18.48,0.0,47.61
2021-05-23 05:00:56,10.940000000000001,7.8999999999999995,14.395000000000001,10.045000000000002,22.24,0.0,47.36
2021-05-23 06:00:56,12.346666666666666,14.530000000000001,12.839999999999998,9.705,21.600000000000005,0.0,48.1
2021-05-23 07:00:56,13.58,17.459999999999997,13.32,14.160000000000002,26.73,0.0,46.32
2021-05-23 08:00:56,18.14,14.13,14.949999999999998,16.885,29.905,0.0,47.37
2021-05-23 09:00:56,19.72,8.435,19.495,17.845,30.51,0.0,46.7
2021-05-23 10:00:56,20.996666666666666,6.81,17.915,14.265,27.435,0.0,45.8
2021-05-23 11:00:56,19.576666666666664,7.564999999999999,13.43,11.195,24.74,0.0,45.78
2021-05-23 12:00:56,21.69,6.625,12.704999999999998,10.225,23.189999999999998,0.0,44.6
2021-05-23 13:00:56,23.38,6.760000000000001,11.865,15.219999999999999,28.459999999999997,0.0,43.5
2021-05-23 14:00:56,24.526666666666667,7.565,11.714999999999998,25.155,42.975,0.0,42.85
2021-05-23 15:00:56,20.973333333333333,11.54,11.51,24.474999999999998,42.294999999999995,0.0,43.23
2021-05-23 16:00:56,14.883333333333333,13.049999999999999,11.505,24.155,41.235,0.0,43.76
2021-05-23 17:00:56,18.243333333333332,8.53,11.57,23.97,40.285,0.0,43.17
2021-05-23 18:00:56,18.056666666666665,7.195,12.07,29.48,46.199999999999996,0.0,43.27
2021-05-23 19:00:56,26.15,7.825,12.660000000000002,35.77,56.715,0.0,41.81
2021-05-23 20:00:56,30.103333333333335,12.085,12.74,32.215,46.775,0.0,41.89
2021-05-23 21:00:56,36.91,16.315,12.14,29.42,45.29,0.0,42.25
2021-05-23 22:00:56,34.49333333333333,16.905,12.385,27.255,42.68,0.0,41.83
2021-05-23 23:00:56,29.086666666666666,18.349999999999998,11.905000000000001,20.595,33.31,0.0,42.5
2021-05-24 00:00:56,26.09,22.3,11.88,19.225,31.985,0.0,41.54
2021-05-24 01:00:56,19.59,20.95,12.39,16.805,29.459999999999997,0.0,41.81
2021-05-24 02:00:56,23.413333333333334,14.685,12.475,8.36,20.235,0.0,43.24
2021-05-24 03:00:56,21.83666666666667,10.94,12.275,8.39,20.97,0.0,42.82
2021-05-24 04:00:56,19.773333333333333,9.93,12.1,8.89,21.01,0.0,42.64
2021-05-24 05:00:56,24.26,12.735,12.11,8.865,21.05,0.0,42.15
2021-05-24 06:00:56,28.593333333333334,11.589999999999998,12.57,10.185,23.36,0.0,42.25
2021-05-24 07:00:56,34.10666666666667,8.455,14.405000000000001,29.804999999999996,47.595,0.0,40.25
2021-05-24 08:00:56,39.43666666666667,13.37,24.395,44.370000000000005,72.69,0.0,38.12
2021-05-24 09:00:56,57.083333333333336,29.034999999999997,23.925,39.355,57.84,0.0,40.65
2021-05-24 10:00:56,71.85,30.455000000000002,28.125,47.155,80.115,0.0,39.72
2021-05-24 11:00:56,55.94333333333333,23.235,19.47,23.47,39.29,0.0,43.98
2021-05-24 12:00:56,44.45666666666666,25.33,17.64,26.42,44.160000000000004,0.0,43.82
2021-05-24 13:00:56,38.59,42.495000000000005,15.670000000000002,22.635,38.285000000000004,0.0,44.5
2021-05-24 14:00:56,36.193333333333335,24.63,14.979999999999999,19.945,34.24,0.0,46.11
2021-05-24 15:00:56,34.73,14.465000000000002,13.9,31.24,50.88,0.0,44.25
2021-05-24 16:00:56,33.75666666666667,11.040000000000001,13.025,46.095,74.295,0.0,43.49
2021-05-24 17:00:56,29.96666666666667,8.5,12.674999999999999,44.785,73.72500000000001,0.0,47.05
2021-05-24 18:00:56,34.25333333333333,5.53,12.755,29.545,47.73499999999999,0.0,52.96
2021-05-24 19:00:56,33.736666666666665,4.21,12.995,31.17,50.1,0.0,48.2
2021-05-24 20:00:56,35.06,5.11,13.055,28.755,46.505,0.0,45.09
2021-05-24 21:00:56,35.553333333333335,9.885,13.18,29.155,46.625,0.0,44.7
2021-05-24 22:00:56,26.673333333333332,8.21,12.854999999999999,15.87,29.135,0.0,45.52
2021-05-24 23:00:56,21.733333333333334,11.285000000000002,12.895000000000001,13.979999999999999,26.855,0.0,45.05
2021-05-25 00:00:56,21.873333333333335,10.75,12.995,16.290000000000003,30.705,0.0,44.71
2021-05-25 01:00:56,20.536666666666665,10.005,12.725000000000001,17.165,29.77,0.0,43.34
2021-05-25 02:00:56,23.053333333333335,9.165,12.810000000000002,19.57,32.08,0.0,43.15
2021-05-25 03:00:56,26.93,11.225,12.955,29.040000000000003,42.67499999999999,0.0,41.82
2021-05-25 04:00:56,25.673333333333332,12.25,13.37,24.05,37.07,0.0,40.9
2021-05-25 05:00:56,29.423333333333332,12.25,14.700000000000001,29.03,41.919999999999995,0.0,37.96
2021-05-25 06:00:56,38.986666666666665,21.2,17.485,38.915,62.025,0.0,36.94
2021-05-25 07:00:56,54.413333333333334,30.715000000000003,21.995,35.15,62.175000000000004,0.0,36.56
2021-05-25 08:00:56,67.83666666666667,30.88,24.87,47.330000000000005,91.735,0.0,37.44
2021-05-25 09:00:56,67.58,34.935,24.724999999999998,43.81,67.645,0.0,40.17
2021-05-25 10:00:56,68.13333333333334,20.005,23.905,39.36,59.46,0.0,42.36
2021-05-25 11:00:56,57.343333333333334,13.36,17.814999999999998,25.255,40.62,0.0,44.48
2021-05-25 12:00:56,42.68,12.495,16.955,18.45,32.495,0.0,45.15
2021-05-25 13:00:56,37.193333333333335,8.975000000000001,16.085,20.95,36.94,0.0,45.11
2021-05-25 14:00:56,27.17,5.085,14.225,23.695000000000004,40.794999999999995,0.0,43.36
2021-05-25 15:00:56,20.95,4.68,12.545,19.245,34.615,0.0,47.12
2021-05-25 16:00:56,17.613333333333333,7.1000000000000005,13.495,21.86,39.085,0.0,46.45
2021-05-25 17:00:56,15.5,4.375,14.025,25.69,44.565,0.0,48.83
2021-05-25 18:00:56,16.12666666666667,4.295,13.885,34.84,56.01500000000001,0.0,49.84
2021-05-25 19:00:56,29.69,7.669999999999999,13.604999999999999,28.64,45.23499999999999,0.0,49.79
2021-05-25 20:00:56,48.32333333333333,11.229999999999999,13.700000000000001,23.935000000000002,38.56,0.0,54.16
2021-05-25 21:00:56,46.406666666666666,11.049999999999999,13.08,22.165000000000003,36.52,0.0,45.11
2021-05-25 22:00:56,40.86666666666667,12.259999999999998,13.13,16.755,30.195000000000004,0.0,44.33
2021-05-25 23:00:56,34.83,13.94,13.14,16.834999999999997,30.224999999999998,0.0,43.76
2021-05-26 00:00:56,27.276666666666667,14.86,13.415,16.835,30.155,0.0,42.88
2021-05-26 01:00:56,23.06,20.02,14.270000000000001,23.099999999999998,35.68,0.0,41.86
2021-05-26 02:00:56,24.176666666666666,10.88,17.06,32.125,44.31,0.0,40.08
2021-05-26 03:00:56,19.953333333333333,6.3500000000000005,17.405,31.355,43.995000000000005,0.0,40.96
2021-05-26 04:00:56,19.32,5.885000000000001,20.245,29.33,41.37,0.0,40.21
2021-05-26 05:00:56,33.696666666666665,9.695,19.315,31.485,45.919999999999995,0.0,38.32
2021-05-26 06:00:56,45.843333333333334,15.479999999999999,24.084999999999997,29.950000000000003,44.620000000000005,0.0,37.55
2021-05-26 07:00:56,52.27333333333333,16.224999999999998,34.325,43.165,70.30000000000001,0.0,37.6
2021-05-26 08:00:56,56.98,17.95,38.22,48.815,82.41,0.0,38.33
2021-05-26 09:00:56,58.32,21.554999999999996,29.2,48.055,75.55499999999999,0.0,41.18
2021-05-26 10:00:56,48.29,19.495,18.55,39.27,57.129999999999995,0.0,40.85
2021-05-26 11:00:56,50.72666666666667,18.955,16.385,26.255,41.53,0.0,40.39
2021-05-26 12:00:56,36.373333333333335,11.42,15.094999999999999,20.36,34.045,0.0,41.49
2021-05-26 13:00:56,35.34666666666667,9.645,14.19,19.765,32.955,0.0,42.42
2021-05-26 14:00:56,32.096666666666664,6.864999999999999,13.57,34.925000000000004,53.76,0.0,41.02
2021-05-26 15:00:56,22.25,6.165,12.714999999999998,38.64,60.345,0.0,42.34
2021-05-26 16:00:56,19.776666666666667,8.49,12.784999999999998,40.675000000000004,61.76500000000001,0.0,50.14
2021-05-26 17:00:56,21.28,7.739999999999999,13.62,27.245,44.685,0.0,51.07
2021-05-26 18:00:56,28.006666666666668,8.82,13.88,25.185000000000002,41.375,0.0,56.04
2021-05-26 19:00:56,37.93333333333334,18.515,13.935000000000002,23.150000000000002,39.37,0.0,51.56
2021-05-26 20:00:56,39.20666666666666,10.685,13.15,25.015,40.84,0.0,50.08
2021-05-26 21:00:56,36.61,9.635,13.530000000000001,29.51,46.815,0.0,42.2
2021-05-26 22:00:56,34.88666666666666,11.405000000000001,14.015,25.149999999999995,39.125,0.0,42.11
2021-05-26 23:00:56,29.759999999999998,8.94,13.875,29.47,44.05500000000001,0.0,41.14
2021-05-27 00:00:56,27.833333333333332,10.39,13.954999999999998,19.89,32.800000000000004,0.0,39.5
2021-05-27 01:00:56,21.39,13.06,14.39,21.21,33.745,0.0,38.78
2021-05-27 02:00:56,20.3,12.485,28.935000000000002,37.635,50.525,0.0,38.04
2021-05-27 03:00:56,30.376666666666665,12.03,30.01,39.545,53.26,0.0,37.65
2021-05-27 04:00:56,43.60666666666667,18.55,35.47,47.03,60.23499999999999,0.0,35.96
2021-05-27 05:00:56,62.46333333333333,20.51,26.060000000000002,57.905,73.53500000000001,0.0,38.3
2021-05-27 06:00:56,62.516666666666666,29.915000000000003,22.665000000000003,47.035,67.53,0.0,38.28
2021-05-27 07:00:56,61.86333333333334,29.605,46.82,47.73,74.785,0.0,37.66
2021-05-27 08:00:56,78.22333333333333,33.61000000000001,61.165,64.245,106.23500000000001,0.0,38.54
2021-05-27 09:00:56,82.18666666666667,35.455,33.245000000000005,60.49,91.19500000000001,0.0,39.69
2021-05-27 10:00:56,72.22666666666666,31.985,26.254999999999995,46.775,67.935,0.0,41.32
2021-05-27 11:00:56,61.92666666666666,19.635,18.405,23.570000000000004,37.765,0.0,43.02
2021-05-27 12:00:56,45.8,12.780000000000001,14.135,24.525000000000002,40.175000000000004,0.0,42.6
2021-05-27 13:00:56,38.29,11.089999999999998,12.845,33.565,54.065,0.0,41.85
2021-05-27 14:00:56,25.763333333333332,8.91,13.18,29.38,48.35,0.0,42.0
2021-05-27 15:00:56,13.893333333333334,6.205000000000001,13.585,31.48,50.544999999999995,0.0,39.8
2021-05-27 16:00:56,10.67,5.715,14.51,34.055,52.004999999999995,0.0,43.38
2021-05-27 17:00:56,10.03,3.7449999999999997,15.435,50.51500000000001,76.215,0.0,43.47
2021-05-27 18:00:56,10.013333333333334,3.81,15.035000000000002,49.42499999999999,71.22,0.0,45.53
2021-05-27 19:00:56,15.78,5.2299999999999995,15.329999999999998,62.745000000000005,90.065,0.0,50.6
2021-05-27 20:00:56,26.043333333333333,4.66,15.170000000000002,46.01500000000001,66.205,0.0,47.29
2021-05-27 21:00:56,38.83,8.26,16.255,38.225,54.35999999999999,0.0,48.0
2021-05-27 22:00:56,50.2,13.49,17.265,33.254999999999995,47.275,0.0,42.08
2021-05-27 23:00:56,42.303333333333335,9.38,19.150000000000002,42.225,54.875,0.0,40.23
2021-05-28 00:00:56,41.08333333333333,11.44,23.25,53.95000000000001,70.56,0.0,40.91
2021-05-28 01:00:56,39.61333333333334,16.415,29.825,73.095,90.27,0.0,38.32
2021-05-28 02:00:56,41.22333333333333,17.295,26.515,55.525,68.985,0.0,40.11
2021-05-28 03:00:56,45.79333333333334,20.86,30.12,43.89000000000001,56.75,0.0,41.11
2021-05-28 04:00:56,44.56666666666666,19.18,37.87,47.975,62.42499999999999,0.0,39.07
2021-05-28 05:00:56,46.39666666666667,17.3,41.445,41.915,57.425000000000004,0.0,38.43
2021-05-28 06:00:56,61.15,23.795,42.724999999999994,38.175,52.005,0.0,40.72
2021-05-28 07:00:56,61.99,29.545,51.865,44.60999999999999,63.74,0.0,40.37
2021-05-28 08:00:56,66.89333333333333,26.88,100.19,54.715,79.625,0.0,42.62
2021-05-28 09:00:56,78.09,24.895,30.564999999999998,37.964999999999996,57.199999999999996,0.0,42.72
2021-05-28 10:00:56,64.05666666666667,23.304999999999996,22.675,37.14,54.315,0.0,43.03
2021-05-28 11:00:56,54.26,12.665,18.955,32.42,49.52,0.0,44.29
2021-05-28 12:00:56,46.25666666666667,10.699999999999998,16.83,22.09,36.485,0.0,44.37
2021-05-28 13:00:56,44.57333333333333,13.159999999999998,15.035000000000002,14.089999999999998,27.075,0.0,43.25
2021-05-28 14:00:56,35.96333333333333,7.745,15.700000000000001,18.74,33.35,0.0,41.74
2021-05-28 15:00:56,25.906666666666666,5.18,15.865000000000002,23.58,39.735,0.0,43.87
2021-05-28 16:00:56,24.143333333333334,4.085,17.325000000000003,23.685000000000002,39.365,0.0,45.21
2021-05-28 17:00:56,23.453333333333333,2.8349999999999995,17.295,27.76,29.205000000000002,0.0,43.18
2021-05-28 18:00:56,27.993333333333336,3.8250000000000006,18.555,38.815,58.06999999999999,0.0,41.18
2021-05-28 19:00:56,36.51,7.405,17.69,63.475,87.87,0.0,43.61
2021-05-28 20:00:56,40.91,4.25,16.8,34.175,50.49,0.0,50.16
2021-05-28 21:00:56,54.47666666666667,5.489999999999999,17.09,22.25,36.125,0.0,47.67
2021-05-28 22:00:56,59.48,13.214999999999998,16.41,12.315,25.429999999999996,0.0,44.32
2021-05-28 23:00:56,40.95333333333333,16.17,17.68,20.53,33.205000000000005,0.0,43.92
2021-05-29 00:00:56,30.5,16.485,17.400000000000002,15.625,28.570000000000004,0.0,44.2
2021-05-29 01:00:56,26.61,16.095,19.21,18.23,30.595,0.0,44.33
2021-05-29 02:00:56,25.85,14.625,16.965,11.67,24.41,0.0,45.08
2021-05-29 03:00:56,24.38,12.965000000000002,18.105,15.545000000000002,27.965000000000003,0.0,44.24
2021-05-29 04:00:56,25.46,18.605,17.88,11.280000000000001,23.320000000000004,0.0,44.37
2021-05-29 05:00:56,24.55666666666667,10.33,16.54,13.045,25.13,0.0,43.11
2021-05-29 06:00:56,17.473333333333333,7.065,17.23,15.765,28.13,0.0,43.28
2021-05-29 07:00:56,16.063333333333333,8.695,11.26,16.37,30.24,0.0,42.92
2021-05-29 08:00:56,20.913333333333334,9.045,9.81,11.265,23.615,0.0,45.5
2021-05-29 09:00:56,20.61,13.174999999999999,9.78,21.705000000000002,36.36,0.0,44.39
2021-05-29 10:00:56,17.656666666666666,12.0,10.385,27.11,41.895,0.0,43.01
2021-05-29 11:00:56,14.756666666666668,9.765,11.01,23.939999999999998,40.535,0.0,43.46
2021-05-29 12:00:56,13.17,6.510000000000001,10.56,13.784999999999998,26.77,0.0,45.39
2021-05-29 13:00:56,13.55,4.78,14.525,15.225,28.13,0.0,46.0
2021-05-29 14:00:56,24.686666666666667,3.715,18.965,14.275,27.625,0.0,45.51
2021-05-29 15:00:56,27.79,5.13,16.02,13.32,26.439999999999998,0.0,45.32
2021-05-29 16:00:56,21.19,6.449999999999999,16.09,12.525,25.790000000000003,0.0,44.53
2021-05-29 17:00:56,18.23,6.3950000000000005,15.255,11.92,24.955000000000002,0.0,44.86
2021-05-29 18:00:56,22.696666666666665,7.105,15.665,20.875,34.04,0.0,43.45
2021-05-29 19:00:56,23.316666666666666,12.915,16.540000000000003,24.255,38.74,0.0,43.55
2021-05-29 20:00:56,22.513333333333332,9.935,15.885,29.25,45.605,0.0,42.92
2021-05-29 21:00:56,24.96,18.86,17.185000000000002,28.22,42.195,0.0,41.49
2021-05-29 22:00:56,21.723333333333333,21.0,17.314999999999998,22.14,34.87,0.0,42.07
2021-05-29 23:00:56,23.53666666666667,12.450000000000001,18.665,28.755,43.145,0.0,40.31
2021-05-30 00:00:56,28.183333333333334,10.615,20.505,37.245,50.995000000000005,0.0,39.35
2021-05-30 01:00:56,34.87,15.534999999999998,23.905,40.255,54.035,0.0,38.84
2021-05-30 02:00:56,43.42333333333333,22.185000000000002,20.66,27.189999999999998,39.79,0.0,39.52
2021-05-30 03:00:56,32.9,21.1,19.215,12.854999999999999,24.900000000000002,0.0,41.22
2021-05-30 04:00:56,23.443333333333335,15.64,18.675,10.27,22.455000000000002,0.0,41.62
2021-05-30 05:00:56,24.10333333333333,12.36,16.855,8.185,20.04,0.0,41.16
2021-05-30 06:00:56,17.506666666666668,8.735,20.48,13.885,25.98,0.0,40.49
2021-05-30 07:00:56,21.613333333333333,9.44,24.25,17.04,30.849999999999998,0.0,40.38
2021-05-30 08:00:56,21.86,9.165,19.555,15.094999999999999,29.625,0.0,41.03
2021-05-30 09:00:56,18.936666666666667,6.435,16.94,7.3549999999999995,19.82,0.0,41.25
2021-05-30 10:00:56,15.73,8.725,17.105,10.62,23.575,0.0,41.02
2021-05-30 11:00:56,20.013333333333335,6.185,17.73,13.185,27.025000000000002,0.0,41.81
2021-05-30 12:00:56,16.746666666666666,4.8,15.094999999999999,11.255,24.524999999999995,0.0,41.86
2021-05-30 13:00:56,14.05,3.6199999999999997,13.604999999999999,11.065,24.400000000000002,0.0,40.97
2021-05-30 14:00:56,10.84,2.9000000000000004,13.314999999999998,9.97,22.825,0.0,40.84
2021-05-30 15:00:56,12.816666666666666,2.5700000000000003,13.214999999999998,15.15,30.74,0.0,39.73
2021-05-30 16:00:56,12.656666666666666,3.525,13.270000000000001,15.280000000000001,29.400000000000002,0.0,41.23
2021-05-30 17:00:56,12.926666666666666,4.48,13.07,25.895,44.23500000000001,0.0,41.46
2021-05-30 18:00:56,14.55,4.614999999999999,13.325000000000001,20.74,36.074999999999996,0.0,42.78
2021-05-30 19:00:56,14.4,7.105,13.445,18.27,32.4,0.0,43.19
2021-05-30 20:00:56,16.8,4.835,13.865,18.245,31.13,0.0,43.38
2021-05-30 21:00:56,23.013333333333335,5.734999999999999,14.755,18.245,31.19,0.0,42.83
2021-05-30 22:00:56,30.15,11.455,15.295000000000002,15.089999999999998,28.24,0.0,42.54
2021-05-30 23:00:56,30.31,12.145000000000001,16.064999999999998,17.950000000000003,30.899999999999995,0.0,41.99
2021-05-31 00:00:56,33.04333333333333,13.185,15.555,15.81,28.334999999999997,0.0,41.87
2021-05-31 01:00:56,30.64,12.535000000000002,14.905000000000001,15.07,27.31,0.0,39.97
2021-05-31 02:00:56,28.763333333333332,9.265,15.005,17.64,29.845,0.0,40.16
2021-05-31 03:00:56,25.43,8.26,15.555,19.26,32.175000000000004,0.0,40.01
2021-05-31 04:00:56,32.63666666666666,12.645000000000001,16.485,21.245,34.08,0.0,39.06
2021-05-31 05:00:56,31.403333333333332,14.86,16.88,30.19,42.975,0.0,36.52
2021-05-31 06:00:56,44.86666666666667,19.82,21.965000000000003,36.625,52.585,0.0,36.31
2021-05-31 07:00:56,69.31333333333333,30.209999999999997,19.8,24.950000000000003,42.135,0.0,37.86
2021-05-31 08:00:56,54.70333333333334,26.054999999999996,19.545,40.59,68.36,0.0,37.9
2021-05-31 09:00:56,55.626666666666665,24.275000000000002,28.534999999999997,38.165,65.66,0.0,37.44
2021-05-31 10:00:56,66.86,30.064999999999998,20.84,41.745,68.75,0.0,38.67
2021-05-31 11:00:56,62.52666666666667,29.685000000000002,22.189999999999998,34.07,61.26500000000001,0.0,40.36
2021-05-31 12:00:56,40.693333333333335,24.419999999999998,19.805,23.26,40.195,0.0,43.32
2021-05-31 13:00:56,30.67,23.295,15.774999999999999,14.354999999999999,28.090000000000003,0.0,44.96
2021-05-31 14:00:56,22.756666666666668,16.495,14.875,23.655,42.04,0.0,42.82
2021-05-31 15:00:56,22.403333333333336,10.755,15.395000000000001,28.650000000000002,46.855,0.0,42.76
2021-05-31 16:00:56,27.653333333333336,12.67,14.99,33.53,52.76,0.0,42.21
2021-05-31 17:00:56,30.113333333333333,13.270000000000001,16.695,22.685,40.515,0.0,42.54
2021-05-31 18:00:56,28.546666666666667,10.495,16.095,23.304999999999996,37.655,0.0,43.3
2021-05-31 19:00:56,35.49666666666667,10.534999999999998,14.995,37.765,55.855,0.0,43.25
2021-05-31 20:00:56,42.53,11.985,18.005,50.745000000000005,74.69500000000001,0.0,40.91
2021-05-31 21:00:56,38.406666666666666,10.115,18.48,39.435,56.580000000000005,0.0,41.01
2021-05-31 22:00:56,51.27333333333333,15.92,16.18,48.26500000000001,75.22,0.0,38.53
2021-05-31 23:00:56,34.873333333333335,13.28,15.219999999999999,27.195000000000004,41.53,0.0,41.27
2021-06-01 00:00:56,28.44666666666667,13.995,15.0,23.91,38.675,0.0,40.72
2021-06-01 01:00:56,27.67,16.285,15.335,28.195000000000004,41.574999999999996,0.0,40.41
2021-06-01 02:00:56,27.793333333333337,11.39,16.0,32.115,44.895,0.0,38.65
2021-06-01 03:00:56,37.599999999999994,10.88,16.35,25.075000000000003,38.31,0.0,38.93
2021-06-01 04:00:56,40.25333333333333,14.655000000000001,15.824999999999998,32.96,46.1,0.0,36.87
2021-06-01 05:00:56,48.230000000000004,27.87,16.225,25.215,38.175,0.0,39.42
2021-06-01 06:00:56,45.77,27.005,16.525,32.295,47.74,0.0,36.37
2021-06-01 07:00:56,52.52333333333333,28.62,17.715,32.67,58.81,0.0,35.76
2021-06-01 08:00:56,57.06,25.61,21.625,32.71,58.335,0.0,37.62
2021-06-01 09:00:56,56.093333333333334,31.99,21.345,27.83,49.455000000000005,0.0,40.1
2021-06-01 10:00:56,52.24666666666667,24.945000000000004,19.635,27.439999999999998,46.405,0.0,41.27
2021-06-01 11:00:56,38.93333333333334,16.765,20.73,23.935000000000002,41.01,0.0,43.87
2021-06-01 12:00:56,36.61333333333334,14.19,16.28,16.695,30.865,0.0,43.74
2021-06-01 13:00:56,27.80333333333333,17.55,15.985,19.290000000000003,33.935,0.0,43.52
2021-06-01 14:00:56,33.88333333333333,12.65,15.170000000000002,27.72,47.69,0.0,41.02
2021-06-01 15:00:56,35.593333333333334,12.57,15.285000000000002,59.44,97.91000000000001,0.0,38.96
2021-06-01 16:00:56,26.413333333333334,12.515,16.385,45.48,78.19500000000001,0.0,39.99
2021-06-01 17:00:56,23.346666666666664,10.405,17.11,31.474999999999998,53.23,0.0,41.84
2021-06-01 18:00:56,17.176666666666666,6.945,16.465,22.909999999999997,38.26,0.0,43.2
2021-06-01 19:00:56,23.36,6.205000000000001,15.979999999999999,33.620000000000005,51.155,0.0,41.55
2021-06-01 20:00:56,30.556666666666665,10.74,15.985,33.375,47.699999999999996,0.0,41.53
2021-06-01 21:00:56,37.70666666666666,15.56,15.550000000000002,50.25,89.75,0.0,39.91
2021-06-01 22:00:56,31.666666666666668,16.92,15.325000000000001,34.02,59.48499999999999,0.0,40.65
2021-06-01 23:00:56,24.47,16.11,17.065,35.61,61.285,0.0,41.33
2021-06-02 00:00:56,24.976666666666663,10.305,16.29,19.06,42.65,0.0,42.48
2021-06-02 01:00:56,20.846666666666668,9.97,15.365,12.770000000000001,20.08,0.0,12.41
2021-06-02 02:00:56,17.78,9.49,15.245,13.875,21.515,0.0,10.89
2021-06-02 03:00:56,29.393333333333334,9.35,15.535000000000002,10.61,18.0,0.0,10.61
2021-06-02 04:00:56,26.836666666666666,6.39,15.455,15.464999999999998,24.159999999999997,0.0,9.85
2021-06-02 05:00:56,18.306666666666665,8.465,15.62,16.03,25.820000000000004,0.0,9.92
2021-06-02 06:00:56,19.93,11.9,15.865,18.205,26.194999999999997,0.0,8.5
2021-06-02 07:00:56,34.86666666666667,11.635,16.355,34.25,56.495,0.0,5.85
2021-06-02 08:00:56,54.17,20.83,23.855,38.88,67.86,0.0,8.89
2021-06-02 09:00:56,67.57333333333334,34.495000000000005,20.19,33.24,51.44,0.0,9.91
2021-06-02 10:00:56,58.68666666666667,29.105,17.025000000000002,24.209999999999997,34.32,0.0,11.45
2021-06-02 11:00:56,44.26,23.285,20.355,19.115,30.165000000000003,0.0,12.65
2021-06-02 12:00:56,26.44333333333333,14.505,16.96,13.82,22.88,0.0,12.79
2021-06-02 13:00:56,20.383333333333333,12.865,16.345,15.315,24.209999999999997,0.0,12.78
2021-06-02 14:00:56,21.93,9.345,16.91,11.310000000000002,19.65,0.0,12.98
2021-06-02 15:00:56,17.683333333333334,5.885000000000001,16.78,14.38,22.67,0.0,12.53
2021-06-02 16:00:56,20.856666666666666,6.175,15.185,20.645,29.99,0.0,13.28
2021-06-02 17:00:56,28.46,9.275,15.674999999999999,25.685,37.925000000000004,0.0,12.62
2021-06-02 18:00:56,23.133333333333333,6.890000000000001,16.19,18.945,27.850000000000005,0.0,12.77
2021-06-02 19:00:56,17.773333333333333,10.02,15.18,26.99,36.73,0.0,12.52
2021-06-02 20:00:56,16.176666666666666,10.9,15.31,41.045,52.105,0.0,11.35
2021-06-02 21:00:56,17.993333333333336,9.604999999999999,16.669999999999998,55.419999999999995,72.015,0.0,10.7
2021-06-02 22:00:56,23.39333333333333,12.549999999999999,16.474999999999998,42.574999999999996,57.53,0.0,10.56
2021-06-02 23:00:56,25.316666666666666,7.53,15.99,40.98,51.26500000000001,0.0,9.18
2021-06-03 00:00:56,31.176666666666666,9.705,16.685000000000002,42.395,56.0,0.0,9.57
2021-06-03 01:00:56,35.76,15.695,16.91,37.815,49.91,0.0,9.15
2021-06-03 02:00:56,28.80333333333333,14.94,16.705,35.98,45.705000000000005,0.0,9.59
2021-06-03 03:00:56,33.63666666666666,23.645,17.040000000000003,30.67,38.785,0.0,8.33
2021-06-03 04:00:56,42.71666666666667,29.16,17.72,21.11,28.974999999999998,0.0,8.6
2021-06-03 05:00:56,42.53,18.335,17.810000000000002,18.905,26.845,0.0,10.23
2021-06-03 06:00:56,35.25333333333333,13.115,19.27,15.565,24.575,0.0,10.45
2021-06-03 07:00:56,26.676666666666666,15.525,23.790000000000003,17.41,26.275000000000002,0.0,10.57
2021-06-03 08:00:56,28.53333333333333,13.729999999999999,29.064999999999998,26.065,39.800000000000004,0.0,11.17
2021-06-03 09:00:56,31.576666666666668,15.015,20.36,20.22,30.675,0.0,11.49
2021-06-03 10:00:56,24.473333333333333,8.57,16.72,16.915,26.735,0.0,11.39
2021-06-03 11:00:56,20.703333333333333,6.0,16.3,12.875,21.7,0.0,11.48
2021-06-03 12:00:56,16.233333333333334,7.0249999999999995,15.495,14.299999999999999,24.06,0.0,11.19
2021-06-03 13:00:56,13.39,11.86,15.1,14.584999999999999,23.41,0.0,11.73
2021-06-03 14:00:56,16.65,11.049999999999999,15.149999999999999,15.479999999999999,24.435000000000002,0.0,11.66
2021-06-03 15:00:56,15.05,7.025000000000001,15.51,12.955,21.439999999999998,0.0,11.73
2021-06-03 16:00:56,15.156666666666666,5.2749999999999995,14.995,14.424999999999999,22.645,0.0,10.83
2021-06-03 17:00:56,16.893333333333334,4.045,15.049999999999999,15.175000000000002,23.755,0.0,11.54
2021-06-03 18:00:56,14.15,3.065,14.83,16.25,25.255000000000006,0.0,11.3
2021-06-03 19:00:56,12.99,3.8800000000000003,15.255,20.5,30.255,0.0,10.29
2021-06-03 20:00:56,12.14,4.21,16.495,25.175,34.95,0.0,11.24
2021-06-03 21:00:56,8.483333333333333,6.43,16.61,29.19,38.5,0.0,11.56
2021-06-03 22:00:56,10.530000000000001,10.975,16.925,37.06,47.050000000000004,0.0,11.6
2021-06-03 23:00:56,16.73,8.93,16.815,21.105,28.855,0.0,11.46
2021-06-04 00:00:56,21.646666666666665,10.345,16.78,13.545000000000002,21.31,0.0,12.14
2021-06-04 01:00:56,15.873333333333335,8.81,17.09,9.905,16.91,0.0,10.54
2021-06-04 02:00:56,13.476666666666667,5.419999999999999,16.69,12.854999999999999,20.63,0.0,10.53
2021-06-04 03:00:56,12.556666666666667,4.44,16.715,7.7250000000000005,14.695,0.0,10.58
2021-06-04 04:00:56,14.316666666666666,7.25,16.39,6.920000000000001,13.86,0.0,10.12
2021-06-04 05:00:56,10.416666666666668,10.34,18.065,11.82,19.715,0.0,10.18
2021-06-04 06:00:56,12.946666666666665,6.72,18.07,14.604999999999999,22.895,0.0,10.42
2021-06-04 07:00:56,15.89,6.6049999999999995,22.385,24.16,37.65,0.0,10.39
2021-06-04 08:00:56,17.97,8.665,21.400000000000002,27.495000000000005,44.375,0.0,10.25
2021-06-04 09:00:56,20.006666666666668,12.805,18.495,18.695,30.51,0.0,11.89
2021-06-04 10:00:56,18.536666666666665,11.714999999999998,16.655,17.38,27.3,0.0,11.59
2021-06-04 11:00:56,14.383333333333333,9.1,15.469999999999999,13.449999999999998,22.3,0.0,11.45
2021-06-04 12:00:56,13.33,10.53,15.195,11.800000000000002,20.615,0.0,12.37
2021-06-04 13:00:56,12.256666666666668,11.39,14.915,13.33,22.070000000000004,0.0,12.45
2021-06-04 14:00:56,13.953333333333333,10.045,14.564999999999998,14.19,23.615,0.0,11.75
2021-06-04 15:00:56,11.38,9.96,14.375,12.36,21.62,0.0,12.42
2021-06-04 16:00:56,8.953333333333333,13.594999999999999,14.51,12.545,21.855,0.0,12.01
2021-06-04 17:00:56,18.843333333333334,12.315,14.814999999999998,17.974999999999998,29.64,0.0,13.24
2021-06-04 18:00:56,20.716666666666665,11.885,14.96,17.45,27.285,0.0,11.62
2021-06-04 19:00:56,25.84,12.854999999999999,15.469999999999999,19.035,29.52,0.0,11.45
2021-06-04 20:00:56,21.72,8.85,15.420000000000002,18.72,29.345,0.0,12.07
2021-06-04 21:00:56,26.983333333333334,6.88,15.479999999999999,18.94,29.375,0.0,11.81
2021-06-04 22:00:56,24.373333333333335,10.16,15.709999999999999,20.625,31.399999999999995,0.0,11.61
2021-06-04 23:00:56,21.496666666666666,10.555,16.02,17.915,26.505,0.0,11.78
2021-06-05 00:00:56,19.663333333333334,6.87,16.785,20.3,29.745,0.0,11.37
2021-06-05 01:00:56,23.96666666666667,6.474999999999999,17.099999999999998,17.505,26.24,0.0,11.27
2021-06-05 02:00:56,26.146666666666665,7.255,20.875,15.344999999999999,22.695000000000004,0.0,11.77
2021-06-05 03:00:56,27.686666666666667,9.415,24.015,14.445,21.459999999999997,0.0,11.69
2021-06-05 04:00:56,28.35666666666667,13.655,19.445,9.52,16.48,0.0,11.67
2021-06-05 05:00:56,22.546666666666667,9.675,19.165,10.53,18.32,0.0,12.07
2021-06-05 06:00:56,21.32,6.815,22.765,14.965000000000002,25.025000000000002,0.0,11.94
2021-06-05 07:00:56,20.57,8.594999999999999,25.540000000000003,23.849999999999998,35.485,0.0,11.22
2021-06-05 08:00:56,18.443333333333335,9.995,23.745000000000005,41.525,68.51,0.0,10.76
2021-06-05 09:00:56,23.816666666666666,6.305,17.81,24.495,37.535,0.0,10.53
2021-06-05 10:00:56,22.043333333333333,5.3,17.39,19.38,31.209999999999997,0.0,12.63
2021-06-05 11:00:56,21.10333333333333,6.23,18.34,13.065,21.66,0.0,12.19
2021-06-05 12:00:56,21.203333333333333,8.505,5.974999999999999,17.77,27.554999999999996,0.0,12.37
2021-06-05 13:00:56,22.593333333333334,8.095,10.505,13.800000000000002,0.0,0.0,12.57
2021-06-05 14:00:56,18.59,5.484999999999999,15.645000000000001,16.615,26.804999999999996,0.0,11.76
2021-06-05 15:00:56,18.31,6.425000000000001,15.770000000000001,21.825,37.29,0.0,12.38
2021-06-05 16:00:56,19.57333333333333,8.685,15.229999999999999,13.055,22.689999999999998,0.0,13.52
2021-06-05 17:00:56,17.380000000000003,9.26,14.9,12.449999999999998,21.790000000000003,0.0,13.43
2021-06-05 18:00:56,16.810000000000002,8.040000000000001,10.455,16.71,27.695000000000004,0.0,13.48
2021-06-05 19:00:56,15.633333333333333,6.13,11.405000000000001,16.405,26.535,0.0,12.34
2021-06-05 20:00:56,14.36,3.85,11.445,18.51,29.405,0.0,12.65
2021-06-05 21:00:56,13.996666666666666,4.625,10.86,20.385,31.659999999999997,0.0,12.05
2021-06-05 22:00:56,11.1,8.615,11.515,18.085,27.855000000000004,0.0,11.7
2021-06-05 23:00:56,14.54,5.915,11.765,14.81,23.025000000000002,0.0,12.31
2021-06-06 00:00:56,12.383333333333333,6.03,11.895000000000001,22.325,32.36,0.0,11.41
2021-06-06 01:00:56,11.356666666666667,11.964999999999998,12.65,23.11,33.855,0.0,11.36
2021-06-06 02:00:56,8.806666666666667,9.290000000000001,15.410000000000002,26.91,36.015,0.0,10.47
2021-06-06 03:00:56,9.116666666666667,6.9799999999999995,14.594999999999999,20.06,29.974999999999998,0.0,11.37
2021-06-06 04:00:56,12.903333333333334,7.390000000000001,13.905000000000001,11.87,20.96,0.0,11.41
2021-06-06 05:00:56,12.73,5.114999999999999,15.87,12.535000000000002,20.165000000000003,0.0,12.09
2021-06-06 06:00:56,13.266666666666666,8.415000000000001,15.055,15.935,23.755,0.0,11.25
2021-06-06 07:00:56,13.243333333333332,15.329999999999998,20.695,23.2,33.595,0.0,10.86
2021-06-06 08:00:56,20.61,15.79,31.045,20.3,30.53,0.0,12.53
2021-06-06 09:00:56,26.633333333333333,17.07,13.454999999999998,14.6,23.495,0.0,13.44
2021-06-06 10:00:56,23.906666666666666,11.005,11.32,10.975,19.295,0.0,14.31
2021-06-06 11:00:56,22.59,10.715000000000002,10.995,10.27,18.53,0.0,13.96
2021-06-06 12:00:56,21.416666666666668,11.950000000000001,11.564999999999998,9.495,17.62,0.0,14.01
2021-06-06 13:00:56,21.76,9.75,12.585,9.37,17.255,0.0,13.69
2021-06-06 14:00:56,22.863333333333333,7.239999999999999,19.05,10.375,18.43,0.0,13.88
2021-06-06 15:00:56,15.096666666666666,9.745,17.375,8.68,16.325000000000003,0.0,13.25
2021-06-06 16:00:56,13.013333333333334,6.0,16.015,10.015,18.415,0.0,10.59
2021-06-06 17:00:56,10.636666666666667,3.8649999999999998,15.5,8.455,16.165,0.0,9.62
2021-06-06 18:00:56,10.796666666666667,2.39,16.224999999999998,12.040000000000001,21.09,0.0,10.09
2021-06-06 19:00:56,12.053333333333335,2.23,16.435,11.049999999999999,19.05,0.0,9.49
2021-06-06 20:00:56,20.9,5.395,15.5,15.89,24.804999999999996,0.0,9.45
2021-06-06 21:00:56,21.200000000000003,12.395000000000001,16.585,14.245,22.060000000000002,0.0,12.1
2021-06-06 22:00:56,26.933333333333337,13.165,16.925,14.549999999999999,22.595,0.0,13.64
2021-06-06 23:00:56,30.040000000000003,12.450000000000001,16.959999999999997,11.030000000000001,18.575,0.0,14.05
2021-06-07 00:00:56,32.343333333333334,8.209999999999999,17.135,10.045,17.79,0.0,13.11
2021-06-07 01:00:56,28.00333333333333,7.210000000000001,11.670000000000002,9.545,17.175,0.0,12.49
2021-06-07 02:00:56,23.71,5.595,13.195,9.5,16.565,0.0,13.07
2021-06-07 03:00:56,25.056666666666665,9.93,15.485,15.280000000000001,22.415000000000003,0.0,12.68
2021-06-07 04:00:56,29.386666666666667,15.4,15.375,24.459999999999997,31.295,0.0,11.55
2021-06-07 05:00:56,37.68,14.29,17.97,21.89,29.42,0.0,13.15
2021-06-07 06:00:56,45.839999999999996,11.88,11.594999999999999,31.595,45.27,0.0,10.06
2021-06-07 07:00:56,60.923333333333325,16.375,27.515,38.635,59.315,0.0,8.06
2021-06-07 08:00:56,63.13333333333333,32.485,32.32,41.155,59.48,0.0,12.14
2021-06-07 09:00:56,71.19333333333333,26.310000000000002,13.560000000000002,33.695,48.025,0.0,12.48
2021-06-07 10:00:56,58.906666666666666,24.535,8.41,21.115,31.925,0.0,0.0
2021-06-07 11:00:56,46.053333333333335,18.650000000000002,10.665,15.515,24.265,0.0,0.0
2021-06-07 12:00:56,43.36333333333334,14.160000000000002,10.26,20.185,29.63,0.0,0.0
2021-06-07 13:00:56,36.0,10.05,11.445,19.605,29.265,0.0,0.0
2021-06-07 14:00:56,34.190000000000005,13.515,12.19,23.439999999999998,33.53,0.0,0.0
2021-06-07 15:00:56,29.773333333333333,11.770000000000001,11.4,16.625,24.845,0.0,0.0
2021-06-07 16:00:56,31.183333333333334,13.9,9.3,28.12,41.56,0.0,0.0
2021-06-07 17:00:56,24.10333333333333,9.174999999999999,8.575000000000001,21.99,34.165,0.0,0.0
2021-06-07 18:00:56,19.32,5.79,8.855,21.515,31.3,0.0,0.0
2021-06-07 19:00:56,20.37,5.62,9.75,27.810000000000002,40.62,0.0,0.0
2021-06-07 20:00:56,32.10333333333333,8.27,8.815,26.435,38.5,0.0,0.0
2021-06-07 21:00:56,38.77333333333333,7.25,9.415,21.295,30.820000000000004,0.0,0.0
2021-06-07 22:00:56,47.22666666666667,10.035,9.799999999999999,19.895,29.03,0.0,0.0
2021-06-07 23:00:56,47.46333333333333,10.015,9.979999999999999,12.565,20.400000000000002,0.0,0.0
2021-06-08 00:00:56,37.42666666666666,9.450000000000001,10.32,9.92,17.57,0.0,0.0
2021-06-08 01:00:56,29.65,8.64,10.375,9.185,16.810000000000002,0.0,0.0
2021-06-08 02:00:56,29.633333333333333,6.555,11.17,10.88,18.12,0.0,0.0
2021-06-08 03:00:56,27.88,6.095,15.01,14.89,22.054999999999996,0.0,0.0
2021-06-08 04:00:56,30.516666666666666,11.06,17.435000000000002,16.395,23.715000000000003,0.0,0.0
2021-06-08 05:00:56,30.816666666666666,14.19,26.375,33.44,42.46,0.0,0.0
2021-06-08 06:00:56,43.75,18.145,22.795,30.599999999999998,38.615,0.0,0.0
2021-06-08 07:00:56,57.96666666666667,18.83,36.199999999999996,35.965,47.925000000000004,0.0,0.0
2021-06-08 08:00:56,63.92333333333333,24.7,54.63999999999999,54.504999999999995,84.065,0.0,0.0
2021-06-08 09:00:56,69.34333333333333,35.06,38.575,54.78,78.365,0.0,0.0
2021-06-08 10:00:56,67.02,32.045,23.125,41.015,55.61000000000001,0.0,0.0
2021-06-08 11:00:56,62.79333333333333,22.485,15.704999999999998,31.195000000000004,42.665,0.0,0.0
2021-06-08 12:00:56,48.36666666666667,16.375,13.13,15.28,23.485,0.0,0.0
2021-06-08 13:00:56,40.60333333333333,9.39,10.46,18.974999999999998,29.17,0.0,0.0
2021-06-08 14:00:56,37.64333333333333,8.34,11.87,22.195000000000004,32.574999999999996,0.0,0.0
2021-06-08 15:00:56,36.123333333333335,14.64,13.76,26.905,38.07,0.0,0.0
2021-06-08 16:00:56,38.11333333333334,15.37,14.555,22.285,31.8,0.0,0.0
2021-06-08 17:00:56,36.556666666666665,8.655000000000001,12.660000000000002,25.429999999999996,35.135,0.0,0.0
2021-06-08 18:00:56,34.75333333333333,5.925,9.775,20.2,28.570000000000004,0.0,0.0
2021-06-08 19:00:56,30.47,6.484999999999999,12.695,28.804999999999996,37.89,0.0,0.0
2021-06-08 20:00:56,37.43333333333333,12.795,17.615,31.735,42.155,0.0,0.0
2021-06-08 21:00:56,37.43333333333333,18.66,13.31,65.31,94.08999999999999,0.0,0.0
2021-06-08 22:00:56,40.21333333333333,18.08,12.07,29.98,40.53,0.0,0.0
2021-06-08 23:00:56,36.86,18.155,12.12,35.66,45.24,0.0,0.0
2021-06-09 00:00:56,36.99,10.505,13.305,35.52,44.78,0.0,0.0
2021-06-09 01:00:56,37.46,7.2749999999999995,14.835,37.39,45.330000000000005,0.0,0.0
2021-06-09 02:00:56,36.60666666666666,8.299999999999999,15.985,40.36,47.76500000000001,0.0,0.0
2021-06-09 03:00:56,45.053333333333335,14.100000000000001,13.454999999999998,35.155,42.625,0.0,0.0
2021-06-09 04:00:56,44.07666666666666,21.405,13.810000000000002,26.679999999999996,33.895,0.0,0.0
2021-06-09 05:00:56,46.56333333333333,22.439999999999998,14.19,28.925,37.535,0.0,0.0
2021-06-09 06:00:56,55.66333333333333,28.925,16.665,33.235,41.855,0.0,0.0
2021-06-09 07:00:56,80.27666666666667,38.83,17.37,36.67,47.81999999999999,0.0,0.0
2021-06-09 08:00:56,100.74,48.09,20.525000000000002,51.665,85.2,0.0,0.0
2021-06-09 09:00:56,82.86666666666667,40.915,30.595,42.515,59.945,0.0,0.0
2021-06-09 10:00:56,64.02333333333334,31.575,24.175,35.965,49.76,0.0,0.0
2021-06-09 11:00:56,57.13333333333333,25.320000000000004,18.375,29.155,41.525,0.0,0.0
2021-06-09 12:00:56,45.82333333333334,24.985,14.300000000000002,26.830000000000002,39.475,0.0,0.0
2021-06-09 13:00:56,37.526666666666664,22.715,12.36,20.75,29.905,0.0,0.0
2021-06-09 14:00:56,32.98666666666667,17.78,11.81,29.715000000000003,46.31,0.0,0.0
2021-06-09 15:00:56,29.17,15.285000000000002,11.26,25.645,41.275000000000006,0.0,0.0
2021-06-09 16:00:56,30.01,11.255,9.82,17.78,28.909999999999997,0.0,0.0
2021-06-09 17:00:56,31.19333333333333,8.655,9.79,27.875,41.275,0.0,0.0
2021-06-09 18:00:56,31.91,7.835,11.335,44.71,68.32,0.0,0.0
2021-06-09 19:00:56,33.343333333333334,10.22,11.574999999999998,49.275,75.6,0.0,0.0
2021-06-09 20:00:56,28.416666666666668,9.115,10.505,33.355,48.405,0.0,0.0
2021-06-09 21:00:56,36.04333333333334,7.37,10.61,52.72,71.56,0.0,0.0
2021-06-09 22:00:56,42.28333333333333,7.68,11.280000000000001,54.419999999999995,71.52,0.0,0.0
2021-06-09 23:00:56,42.91,9.475,11.285000000000002,27.885,37.48500000000001,0.0,0.0
2021-06-10 00:00:56,35.43333333333333,9.035,12.435,31.28,40.905,0.0,0.0
2021-06-10 01:00:56,36.72666666666667,13.11,13.280000000000001,23.485,31.87,0.0,0.0
2021-06-10 02:00:56,29.439999999999998,10.0,15.170000000000002,21.99,29.095,0.0,0.0
2021-06-10 03:00:56,32.50333333333333,16.095,19.23,28.03,35.525000000000006,0.0,0.0
2021-06-10 04:00:56,40.406666666666666,21.755,18.735,24.035,31.13,0.0,0.0
2021-06-10 05:00:56,46.35666666666666,16.415,19.2,26.815,37.09,0.0,0.0
2021-06-10 06:00:56,50.49,20.24,18.82,34.64,47.065,0.0,0.0
2021-06-10 07:00:56,63.74666666666667,37.464999999999996,31.745,30.685,44.535000000000004,0.0,0.0
2021-06-10 08:00:56,70.59,41.235,34.97,36.050000000000004,52.70000000000001,0.0,0.0
2021-06-10 09:00:56,73.65666666666667,32.03,33.045,40.235,58.74,0.0,0.0
2021-06-10 10:00:56,62.82333333333334,25.8,16.855,21.485,32.63,0.0,0.0
2021-06-10 11:00:56,48.03666666666667,20.755,12.885,29.735000000000003,44.74,0.0,0.0
2021-06-10 12:00:56,28.96666666666667,12.780000000000001,9.84,27.849999999999998,42.81,0.0,0.0
2021-06-10 13:00:56,22.53333333333333,8.100000000000001,9.28,28.615,44.5,0.0,0.0
2021-06-10 14:00:56,18.68,4.66,9.495,30.325,48.81,0.0,0.0
2021-06-10 15:00:56,16.676666666666666,3.2900000000000005,9.5,30.485,48.855,0.0,0.0
2021-06-10 16:00:56,14.156666666666666,3.09,9.415,30.054999999999996,45.19,0.0,0.0
2021-06-10 17:00:56,15.063333333333333,4.625,9.63,31.379999999999995,44.905,0.0,0.0
2021-06-10 18:00:56,16.85,5.11,9.6,35.03,51.875,0.0,0.0
2021-06-10 19:00:56,16.163333333333334,3.115,9.995,36.41,53.995000000000005,0.0,0.0
2021-06-10 20:00:56,26.46333333333333,4.045,10.67,23.689999999999998,34.755,0.0,0.0
2021-06-10 21:00:56,36.343333333333334,7.98,10.875,19.065,29.135,0.0,0.0
2021-06-10 22:00:56,41.766666666666666,13.85,10.69,14.63,23.709999999999997,0.0,0.0
2021-06-10 23:00:56,42.333333333333336,16.35,11.020000000000001,12.67,21.495,0.0,0.0
2021-06-11 00:00:56,27.856666666666666,13.31,11.714999999999998,17.365,25.070000000000004,0.0,0.0
2021-06-11 01:00:56,19.913333333333334,10.725,20.65,26.355,34.61,0.0,0.0
2021-06-11 02:00:56,23.333333333333332,6.795000000000001,30.070000000000004,28.42,35.34,0.0,0.0
2021-06-11 03:00:56,30.253333333333334,8.98,28.83,32.575,40.695,0.0,0.0
2021-06-11 04:00:56,32.763333333333335,13.920000000000002,22.255,34.16,41.815,0.0,0.0
2021-06-11 05:00:56,46.9,19.025000000000002,29.100000000000005,45.125,54.28,0.0,0.0
2021-06-11 06:00:56,62.43,26.304999999999996,25.47,40.935,54.754999999999995,0.0,0.0
2021-06-11 07:00:56,66.54666666666667,29.685000000000002,46.400000000000006,40.535,61.525000000000006,0.0,0.0
2021-06-11 08:00:56,63.94,28.305000000000003,27.209999999999997,37.035,56.81,0.0,0.0
2021-06-11 09:00:56,47.53333333333333,19.665000000000003,20.925,33.385,45.84,0.0,0.0
2021-06-11 10:00:56,32.596666666666664,15.915,16.155,23.165000000000003,33.27,0.0,0.0
2021-06-11 11:00:56,36.223333333333336,20.735,11.515,19.58,28.36,0.0,0.0
2021-06-11 12:00:56,18.85,4.57,9.945,15.62,23.55,0.0,0.0
2021-06-11 13:00:56,13.14,5.7,9.665,3.26,6.2,0.0,0.0
2021-06-11 14:00:56,12.893333333333334,3.1099999999999994,9.445,21.365,29.44,0.0,0.0
2021-06-11 15:00:56,30.71333333333333,22.715000000000003,9.345,22.455,31.225000000000005,0.0,68.25
2021-06-11 16:00:56,21.763333333333335,17.205,5.29,23.08,30.44,0.0,54.69
2021-06-11 17:00:56,16.32,9.375,4.975,25.355,39.075,0.0,51.0
2021-06-11 18:00:56,18.22,5.225,4.81,23.765,31.865,0.0,66.02
2021-06-11 19:00:56,20.63,3.645,5.19,21.2,27.450000000000003,0.0,67.55
2021-06-11 20:00:56,16.04,13.185000000000002,0.0,18.215,23.61,0.0,67.89
2021-06-11 21:00:56,26.77666666666667,25.689999999999998,0.0,15.875,20.695,0.0,65.45
2021-06-11 22:00:56,26.32333333333333,21.885,0.0,13.24,17.535,0.0,72.0
2021-06-11 23:00:56,25.94333333333333,16.455000000000002,0.0,25.084999999999997,31.135,0.0,66.86
2021-06-12 00:00:56,30.87,9.85,0.0,7.37,9.045,0.0,69.44
2021-06-12 01:00:56,21.30666666666667,5.94,0.0,13.540000000000001,21.564999999999998,0.0,72.04
2021-06-12 02:00:56,21.32,5.105,0.0,16.12,24.005,0.0,71.65
2021-06-12 03:00:56,21.593333333333334,10.59,0.0,33.295,40.725,0.0,58.42
2021-06-12 04:00:56,34.74,18.12,0.0,32.475,40.26499999999999,0.0,43.1
2021-06-12 05:00:56,50.34,21.939999999999998,0.0,18.6,26.459999999999997,0.0,60.5
2021-06-12 06:00:56,27.426666666666666,14.93,0.0,19.22,28.814999999999998,0.0,54.83
2021-06-12 07:00:56,20.63,14.955,0.0,24.540000000000003,36.004999999999995,0.0,44.81
2021-06-12 08:00:56,19.02,12.095,0.0,36.505,54.745000000000005,0.0,33.61
2021-06-12 09:00:56,29.64333333333333,9.700000000000001,0.0,26.645,38.32,0.0,52.71
2021-06-12 10:00:56,25.203333333333333,7.07,0.0,17.89,29.625,0.0,62.73
2021-06-12 11:00:56,15.706666666666667,9.895,0.0,12.695,21.895,0.0,69.18
2021-06-12 12:00:56,20.16,9.655,8.01,11.290000000000001,19.695,0.0,68.59
2021-06-12 13:00:56,16.153333333333332,11.270000000000001,8.57,17.535,29.635,0.0,66.17
2021-06-12 14:00:56,17.896666666666665,9.335,8.045,25.709999999999997,40.225,0.0,57.15
2021-06-12 15:00:56,19.24,8.23,7.59,32.84,50.800000000000004,0.0,50.48
2021-06-12 16:00:56,11.496666666666666,5.140000000000001,8.42,26.255,40.67,0.0,60.72
2021-06-12 17:00:56,16.42,3.8249999999999997,8.44,24.92,38.935,0.0,65.44
2021-06-12 18:00:56,15.65,3.105,8.565,30.189999999999998,45.589999999999996,0.0,59.75
2021-06-12 19:00:56,17.643333333333334,4.9750000000000005,9.055,28.445000000000004,40.995000000000005,0.0,59.99
2021-06-12 20:00:56,27.693333333333335,5.4799999999999995,11.775,27.73,39.37,0.0,51.36
2021-06-12 21:00:56,24.33,6.2700000000000005,11.865,34.22,50.51500000000001,0.0,35.35
2021-06-12 22:00:56,33.123333333333335,8.655,13.229999999999999,43.025000000000006,63.88,0.0,24.6
2021-06-12 23:00:56,17.513333333333332,6.78,14.395000000000001,42.9,53.835,0.0,27.99
2021-06-13 00:00:56,16.236666666666668,10.565,16.655,25.385,34.465,0.0,58.02
2021-06-13 01:00:56,15.18,11.11,14.839999999999998,24.615,32.865,0.0,59.2
2021-06-13 02:00:56,48.72,9.05,17.73,33.375,41.685,0.0,28.33
2021-06-13 03:00:56,34.39,11.12,17.975,24.265,31.575000000000003,0.0,39.09
2021-06-13 04:00:56,28.496666666666666,8.695,14.579999999999998,18.735,26.34,0.0,51.1
2021-06-13 05:00:56,26.613333333333333,5.97,13.87,19.515,27.065,0.0,47.28
2021-06-13 06:00:56,23.21,8.735,16.125,18.31,26.084999999999997,0.0,35.17
2021-06-13 07:00:56,32.89666666666667,7.945,17.375,15.4,23.76,0.0,37.57
2021-06-13 08:00:56,44.43000000000001,19.95,13.689999999999998,20.005,30.075,0.0,31.28
2021-06-13 09:00:56,46.77,19.365,9.44,19.49,30.035,0.0,42.36
2021-06-13 10:00:56,33.95,12.585,5.1,10.07,18.505,0.0,64.62
2021-06-13 11:00:56,32.260000000000005,11.075000000000001,4.155,8.01,16.06,0.0,74.92
2021-06-13 12:00:56,22.7,11.85,4.665,9.46,17.945,0.0,79.23
2021-06-13 13:00:56,14.193333333333332,10.29,11.045,9.16,17.25,0.0,86.87
2021-06-13 14:00:56,18.64,7.34,11.42,9.29,17.37,0.0,85.85
2021-06-13 15:00:56,15.793333333333335,4.925,9.08,8.5,16.599999999999998,0.0,84.46
2021-06-13 16:00:56,11.503333333333332,3.9599999999999995,8.76,9.82,18.3,0.0,77.29
2021-06-13 17:00:56,15.176666666666666,3.6649999999999996,8.59,8.83,17.005,0.0,83.08
2021-06-13 18:00:56,13.143333333333333,3.69,8.575000000000001,12.800000000000002,22.040000000000003,0.0,83.34
2021-06-13 19:00:56,12.566666666666668,3.75,9.584999999999999,9.93,18.485,0.0,87.82
2021-06-13 20:00:56,25.55666666666667,2.76,8.765,11.385,19.43,0.0,83.01
2021-06-13 21:00:56,33.35,7.5,9.185,13.049999999999999,21.285,0.0,81.48
2021-06-13 22:00:56,33.86666666666667,15.909999999999998,9.765,17.36,25.545,0.0,74.8
2021-06-13 23:00:56,34.050000000000004,12.85,10.325000000000001,15.72,24.255,0.0,74.76
2021-06-14 00:00:56,33.60666666666667,14.845,14.899999999999999,16.99,26.680000000000003,0.0,71.92
2021-06-14 01:00:56,26.366666666666664,12.43,10.64,7.145,15.050000000000002,0.0,71.93
2021-06-14 02:00:56,25.543333333333333,10.799999999999999,13.064999999999998,12.315,20.09,0.0,57.46
2021-06-14 03:00:56,28.96333333333333,9.0,13.39,9.075,16.795,0.0,55.01
2021-06-14 04:00:56,18.506666666666668,5.855,12.435,7.345,14.895000000000001,0.0,55.25
2021-06-14 05:00:56,23.990000000000002,4.234999999999999,11.535000000000002,9.44,16.89,0.0,50.58
2021-06-14 06:00:56,21.326666666666668,4.91,11.229999999999999,15.94,25.155,0.0,40.55
2021-06-14 07:00:56,28.35,4.74,15.714999999999998,26.840000000000003,37.89,0.0,38.64
2021-06-14 08:00:56,31.236666666666668,10.295,27.845,30.810000000000002,41.785,0.0,35.74
2021-06-14 09:00:56,54.803333333333335,21.13,10.57,26.395,38.985,0.0,44.89
2021-06-14 10:00:56,31.919999999999998,16.224999999999998,11.339999999999998,23.399999999999995,35.395,0.0,50.81
2021-06-14 11:00:56,31.28666666666667,11.825000000000001,11.964999999999998,19.405,30.12,0.0,62.52
2021-06-14 12:00:56,27.916666666666668,6.515,14.979999999999999,22.02,33.455,0.0,68.4
2021-06-14 13:00:56,24.153333333333336,7.275000000000001,10.485,14.950000000000001,24.8,0.0,79.76
2021-06-14 14:00:56,26.513333333333332,6.645,9.22,13.83,22.855,0.0,76.95
2021-06-14 15:00:56,29.58,4.800000000000001,7.78,11.475,20.155,0.0,84.82
2021-06-14 16:00:56,24.293333333333333,3.265,8.649999999999999,16.174999999999997,26.41,0.0,76.52
2021-06-14 17:00:56,25.94,2.7900000000000005,7.98,15.79,26.700000000000003,0.0,63.91
2021-06-14 18:00:56,41.99333333333333,2.635,7.864999999999999,11.43,21.7,0.0,69.64
2021-06-14 19:00:56,66.81,2.06,8.1,15.945,26.595,0.0,66.99
2021-06-14 20:00:56,42.94,3.6,7.73,21.045,33.005,0.0,60.96
2021-06-14 21:00:56,39.24666666666666,11.87,7.760000000000001,35.59,56.925000000000004,0.0,33.67
2021-06-14 22:00:56,43.18666666666667,13.729999999999999,7.56,22.55,32.865,0.0,52.44
2021-06-14 23:00:56,30.37,13.515,7.41,17.03,25.645,0.0,61.58
2021-06-15 00:00:56,21.55,8.950000000000001,7.919999999999999,25.745,33.62,0.0,43.15
2021-06-15 01:00:56,47.83,13.99,7.960000000000001,19.84,28.14,0.0,45.29
2021-06-15 02:00:56,47.94,16.76,7.98,14.145000000000001,21.635,0.0,42.86
2021-06-15 03:00:56,33.766666666666666,16.525000000000002,9.555,17.12,25.045,0.0,40.2
2021-06-15 04:00:56,32.32666666666667,16.185,8.865,13.86,21.66,0.0,37.1
2021-06-15 05:00:56,38.053333333333335,13.155000000000001,9.745,21.275000000000002,29.415000000000003,0.0,26.9
2021-06-15 06:00:56,44.82,18.55,10.049999999999999,15.985,24.165000000000003,0.0,35.28
2021-06-15 07:00:56,41.87,20.34,16.21,20.405,31.63,0.0,35.03
2021-06-15 08:00:56,43.123333333333335,16.805,31.150000000000002,27.429999999999996,42.525,0.0,42.96
2021-06-15 09:00:56,41.50666666666667,12.435000000000002,22.89,22.53,32.54,0.0,54.84
2021-06-15 10:00:56,41.013333333333335,11.24,16.325,14.295,24.115,0.0,70.24
2021-06-15 11:00:56,30.89333333333333,12.71,15.625,11.63,20.455,0.0,78.68
2021-06-15 12:00:56,23.836666666666666,9.405,11.325000000000001,16.41,25.39,0.0,69.6
2021-06-15 13:00:56,21.333333333333332,6.69,11.14,13.064999999999998,21.535,0.0,78.47
2021-06-15 14:00:56,17.363333333333333,5.364999999999999,10.22,10.979999999999999,19.41,0.0,79.24
2021-06-15 15:00:56,17.543333333333333,3.9800000000000004,9.68,11.535000000000002,20.24,0.0,82.01
2021-06-15 16:00:56,19.663333333333334,2.845,9.08,13.075000000000001,21.92,0.0,76.61
2021-06-15 17:00:56,20.62,4.43,8.88,12.815,21.649999999999995,0.0,78.31
2021-06-15 18:00:56,19.443333333333335,4.0249999999999995,8.67,11.824999999999998,20.32,0.0,82.09
2021-06-15 19:00:56,15.129999999999999,5.335,9.799999999999999,19.775,28.569999999999997,0.0,75.58
2021-06-15 20:00:56,23.423333333333332,7.53,15.350000000000001,36.195,44.915,0.0,63.53
2021-06-15 21:00:56,28.613333333333333,9.89,21.235,56.585,70.82,0.0,45.52
2021-06-15 22:00:56,34.306666666666665,14.475,13.275,51.935,68.195,0.0,36.86
2021-06-15 23:00:56,33.27333333333333,13.415,11.475,40.475,54.48499999999999,0.0,32.87
2021-06-16 00:00:56,36.25333333333333,15.049999999999999,10.28,20.415,30.554999999999996,0.0,45.39
2021-06-16 01:00:56,33.99333333333333,12.685,9.32,14.32,22.905,0.0,51.57
2021-06-16 02:00:56,26.653333333333332,18.26,9.74,15.505,23.295,0.0,52.94
2021-06-16 03:00:56,19.426666666666666,22.834999999999997,9.315,14.049999999999999,22.36,0.0,45.64
2021-06-16 04:00:56,18.83,14.595,9.46,7.21,14.924999999999999,0.0,53.11
2021-06-16 05:00:56,17.883333333333333,11.329999999999998,9.685,7.705000000000001,15.885,0.0,53.99
2021-06-16 06:00:56,18.62,8.225000000000001,11.089999999999998,11.15,19.77,0.0,58.92
2021-06-16 07:00:56,13.853333333333333,14.4,11.079999999999998,12.51,22.995,0.0,51.82
2021-06-16 08:00:56,16.133333333333333,14.775,10.24,18.825,32.92,0.0,48.45
2021-06-16 09:00:56,19.42,12.82,10.185,25.935000000000002,43.035000000000004,0.0,44.56
2021-06-16 10:00:56,19.16,7.955000000000001,9.23,23.784999999999997,40.115,0.0,51.1
2021-06-16 11:00:56,20.223333333333333,2.53,8.2,19.16,32.315,0.0,57.93
2021-06-16 12:00:56,19.31,2.28,7.96,18.325,31.345,0.0,63.52
2021-06-16 13:00:56,16.4,2.235,7.734999999999999,24.885,38.845,0.0,64.6
2021-06-16 14:00:56,17.366666666666667,1.665,7.760000000000001,16.815,28.205,0.0,74.67
2021-06-16 15:00:56,22.666666666666668,14.135,7.82,18.275000000000002,28.615,0.0,71.11
2021-06-16 16:00:56,26.45,9.56,8.3,23.290000000000003,34.5,0.0,64.15
2021-06-16 17:00:56,28.416666666666668,7.539999999999999,8.32,34.335,49.595,0.0,56.29
2021-06-16 18:00:56,22.976666666666667,12.905000000000001,9.415,28.41,41.04,0.0,70.55
2021-06-16 19:00:56,24.083333333333332,9.645,9.78,33.535,48.68000000000001,0.0,65.6
2021-06-16 20:00:56,25.263333333333332,6.255,9.78,39.24,53.66,0.0,49.21
2021-06-16 21:00:56,25.246666666666666,4.895,9.19,40.85,53.125,0.0,47.65
2021-06-16 22:00:56,35.18666666666667,4.93,11.530000000000001,31.334999999999997,39.385,0.0,54.31
2021-06-16 23:00:56,49.266666666666666,10.36,12.255,23.74,31.929999999999996,0.0,51.23
2021-06-17 00:00:56,41.13,12.6,13.385,29.785,38.2,0.0,45.44
2021-06-17 01:00:56,30.176666666666666,17.545,11.25,22.070000000000004,32.03,0.0,37.61
2021-06-17 02:00:56,26.176666666666666,17.245,10.39,15.46,23.395,0.0,36.02
2021-06-17 03:00:56,26.863333333333333,16.11,10.635,11.714999999999998,19.325,0.0,41.56
2021-06-17 04:00:56,35.94,11.495,9.965000000000002,10.495,18.185,0.0,41.61
2021-06-17 05:00:56,31.55333333333333,8.49,9.78,13.410000000000002,21.3,0.0,40.73
2021-06-17 06:00:56,30.49,14.5,9.71,15.295,24.75,0.0,36.64
2021-06-17 07:00:56,28.950000000000003,18.58,11.229999999999999,17.98,28.534999999999997,0.0,41.65
2021-06-17 08:00:56,33.45,12.745,15.885,20.515,32.405,0.0,41.12
2021-06-17 09:00:56,34.053333333333335,10.435,12.255,19.735,30.665000000000003,0.0,45.22
2021-06-17 10:00:56,26.156666666666666,14.925000000000002,13.01,15.87,26.03,0.0,48.31
2021-06-17 11:00:56,28.846666666666668,17.16,13.975,13.909999999999998,23.804999999999996,0.0,57.88
2021-06-17 12:00:56,33.82333333333333,14.335,10.405,18.715,27.810000000000002,0.0,56.89
2021-06-17 13:00:56,30.836666666666666,13.479999999999999,9.855,19.64,29.975000000000005,0.0,59.82
2021-06-17 14:00:56,27.883333333333336,10.979999999999999,10.950000000000001,25.16,36.295,0.0,59.48
2021-06-17 15:00:56,38.57666666666667,9.665,10.37,12.445,20.665,0.0,71.43
2021-06-17 16:00:56,30.596666666666668,7.8500000000000005,9.6,15.780000000000001,24.955,0.0,65.48
2021-06-17 17:00:56,23.33,7.445,8.47,17.5,27.765,0.0,64.1
2021-06-17 18:00:56,25.983333333333334,7.755,8.29,20.97,30.03,0.0,65.11
2021-06-17 19:00:56,25.16,14.935,7.830000000000001,28.52,39.199999999999996,0.0,60.09
2021-06-17 20:00:56,21.606666666666666,13.115,9.435,31.554999999999996,40.955000000000005,0.0,55.42
2021-06-17 21:00:56,28.009999999999998,8.235,8.775,67.22,95.71,0.0,32.48
2021-06-17 22:00:56,61.263333333333335,9.105,9.115,54.475,102.125,0.0,1.69
2021-06-17 23:00:56,81.89999999999999,14.395000000000001,8.69,69.64999999999999,93.515,0.0,11.18
2021-06-18 00:00:56,64.33333333333333,15.854999999999999,8.520000000000001,71.53,103.61000000000001,0.0,1.06
2021-06-18 01:00:56,54.57333333333333,17.495,9.545000000000002,54.169999999999995,74.095,0.0,5.09
2021-06-18 02:00:56,50.89333333333333,23.060000000000002,11.99,48.465,79.375,0.0,2.0
2021-06-18 03:00:56,59.586666666666666,31.045,15.64,42.99,57.25,0.0,9.22
2021-06-18 04:00:56,52.16666666666667,30.255,14.655000000000001,34.885,43.76500000000001,0.0,11.26
2021-06-18 05:00:56,69.15,39.82,16.415,40.205,53.23,0.0,3.84
2021-06-18 06:00:56,58.96,40.79,14.69,34.51,51.10999999999999,0.0,4.03
2021-06-18 07:00:56,65.58666666666667,38.005,46.22,39.755,73.355,0.0,5.65
2021-06-18 08:00:56,73.85666666666667,43.465,56.21,48.32,80.77,0.0,15.58
2021-06-18 09:00:56,58.99333333333334,45.73499999999999,18.155,30.444999999999997,45.375,0.0,42.81
2021-06-18 10:00:56,41.09,25.19,11.030000000000001,16.31,26.25,0.0,58.88
2021-06-18 11:00:56,27.183333333333334,13.13,19.005,14.695,23.58,0.0,71.65
2021-06-18 12:00:56,27.856666666666666,13.765,18.115,13.979999999999999,22.66,0.0,78.46
2021-06-18 13:00:56,26.68,13.410000000000002,15.979999999999999,16.05,25.075,0.0,83.55
2021-06-18 14:00:56,19.98333333333333,8.5,11.87,16.175,25.349999999999998,0.0,84.52
2021-06-18 15:00:56,17.483333333333334,5.234999999999999,13.205,13.005,21.595,0.0,93.3
2021-06-18 16:00:56,17.3,3.74,12.6,17.235,26.59,0.0,89.72
2021-06-18 17:00:56,16.759999999999998,2.47,10.425,18.5,27.560000000000002,0.0,90.13
2021-06-18 18:00:56,8.2,1.72,2.7699999999999996,16.24,24.735,0.0,90.9
2021-06-18 19:00:56,9.686666666666666,7.760000000000001,2.8550000000000004,21.55,30.405,0.0,87.06
2021-06-18 20:00:56,11.383333333333333,7.800000000000001,2.685,32.895,42.13,0.0,72.25
2021-06-18 21:00:56,12.456666666666667,5.580000000000001,4.275,44.705000000000005,57.845,0.0,37.14
2021-06-18 22:00:56,36.406666666666666,16.035,5.455000000000001,38.685,51.105,0.0,64.22
2021-06-18 23:00:56,50.026666666666664,20.405,6.289999999999999,26.005,35.75,0.0,74.09
2021-06-19 00:00:56,37.67666666666667,17.395,12.375,30.76,40.375,0.0,63.31
2021-06-19 01:00:56,28.10666666666667,18.485,16.245,24.98,34.86,0.0,76.69
2021-06-19 02:00:56,24.686666666666667,20.445,21.04,23.415000000000003,31.659999999999997,0.0,68.47
2021-06-19 03:00:56,24.763333333333332,20.39,18.08,28.145,36.574999999999996,0.0,50.98
2021-06-19 04:00:56,23.956666666666667,29.73,25.304999999999996,32.61,40.675,0.0,32.19
2021-06-19 05:00:56,32.77333333333333,33.08,21.620000000000005,33.52,42.050000000000004,0.0,36.53
2021-06-19 06:00:56,36.61333333333334,31.659999999999997,21.675,31.86,42.475,0.0,28.54
2021-06-19 07:00:56,44.45333333333334,36.425,45.56999999999999,38.425,54.79,0.0,13.47
2021-06-19 08:00:56,48.23,41.54,46.955000000000005,37.545,51.32,0.0,31.92
2021-06-19 09:00:56,43.870000000000005,40.82,22.26,28.49,38.43,0.0,51.13
2021-06-19 10:00:56,33.35333333333333,25.925,13.975,24.200000000000003,33.62,0.0,69.25
2021-06-19 11:00:56,30.35,17.665,9.71,27.14,37.4,0.0,68.76
2021-06-19 12:00:56,20.566666666666666,16.435,5.145,25.62,36.275,0.0,74.96
2021-06-19 13:00:56,17.970000000000002,21.015,4.975,24.605,36.214999999999996,0.0,77.08
2021-06-19 14:00:56,25.526666666666667,13.719999999999999,8.535,25.95,39.29,0.0,67.39
2021-06-19 15:00:56,18.453333333333333,7.805,8.57,32.205,47.120000000000005,0.0,58.65
2021-06-19 16:00:56,21.78,6.405,8.045,38.855,57.39000000000001,0.0,49.32
2021-06-19 17:00:56,22.759999999999998,5.64,8.344999999999999,31.545,46.335,0.0,63.83
2021-06-19 18:00:56,18.60333333333333,3.89,8.69,30.774999999999995,45.27,0.0,66.71
2021-06-19 19:00:56,20.30666666666667,3.8000000000000003,8.75,28.295,41.415,0.0,71.24
2021-06-19 20:00:56,28.796666666666667,3.3100000000000005,8.79,25.125,36.425000000000004,0.0,69.09
2021-06-19 21:00:56,33.49,10.045,9.245,23.53,33.56,0.0,71.84
2021-06-19 22:00:56,33.78,10.195,8.51,22.95,33.47,0.0,69.21
2021-06-19 23:00:56,33.78333333333333,9.56,9.055,19.345,28.334999999999997,0.0,73.1
2021-06-20 00:00:56,32.59666666666667,16.68,9.615,15.045,23.304999999999996,0.0,74.67
2021-06-20 01:00:56,26.896666666666665,17.125,9.36,17.79,26.459999999999997,0.0,69.07
2021-06-20 02:00:56,23.196666666666665,10.28,12.13,27.27,35.4,0.0,50.03
2021-06-20 03:00:56,25.153333333333336,15.765,17.42,25.285,33.505,0.0,49.02
2021-06-20 04:00:56,34.03666666666666,18.305,23.13,27.03,37.765,0.0,34.03
2021-06-20 05:00:56,34.22333333333333,14.920000000000002,20.84,22.905,30.900000000000002,0.0,28.14
2021-06-20 06:00:56,36.64333333333334,21.62,16.900000000000002,22.89,31.795,0.0,13.19
2021-06-20 07:00:56,39.983333333333334,25.015,31.284999999999997,21.15,30.555000000000003,0.0,31.01
2021-06-20 08:00:56,51.02666666666667,26.755,37.13,25.709999999999997,36.535,0.0,36.01
2021-06-20 09:00:56,47.63333333333333,19.785,18.94,15.195,23.42,0.0,55.62
2021-06-20 10:00:56,30.976666666666667,17.084999999999997,27.415000000000003,14.545,22.86,0.0,66.81
2021-06-20 11:00:56,28.376666666666665,13.92,26.145,15.005,23.7,0.0,73.58
2021-06-20 12:00:56,23.636666666666667,11.174999999999999,9.17,12.285000000000002,20.93,0.0,73.39
2021-06-20 13:00:56,17.85,10.11,8.31,17.715,28.995,0.0,73.97
2021-06-20 14:00:56,19.48,6.695,9.004999999999999,24.399999999999995,36.38,0.0,73.3
2021-06-20 15:00:56,17.973333333333333,5.419999999999999,9.125,25.42,39.105,0.0,65.29
2021-06-20 16:00:56,12.586666666666666,3.8200000000000003,9.42,26.625,39.105,0.0,51.29
2021-06-20 17:00:56,15.73,2.7099999999999995,9.355,19.76,30.695000000000004,0.0,64.31
2021-06-20 18:00:56,15.383333333333333,2.475,9.17,10.790000000000001,19.19,0.0,76.55
2021-06-20 19:00:56,23.426666666666666,2.69,9.765,11.33,19.635,0.0,78.69
2021-06-20 20:00:56,38.04333333333334,4.489999999999999,9.625,9.5,17.650000000000002,0.0,81.54
2021-06-20 21:00:56,36.6,6.03,9.025,9.135,17.245,0.0,83.55
2021-06-20 22:00:56,38.416666666666664,6.205000000000001,8.075000000000001,9.955,17.94,0.0,84.85
2021-06-20 23:00:56,40.64,12.385,9.299999999999999,12.094999999999999,20.68,0.0,80.25
2021-06-21 00:00:56,30.443333333333335,12.735,10.979999999999999,10.200000000000001,18.540000000000003,0.0,87.26
2021-06-21 01:00:56,22.83,10.155,9.085,10.950000000000001,19.495,0.0,83.64
2021-06-21 02:00:56,20.433333333333334,7.814999999999999,9.26,6.36,13.85,0.0,88.13
2021-06-21 03:00:56,16.553333333333335,7.419999999999999,9.4,4.27,11.87,0.0,90.73
2021-06-21 04:00:56,18.72,4.585,9.23,5.505,13.049999999999999,0.0,88.92
2021-06-21 05:00:56,15.516666666666666,2.9499999999999997,8.895,4.984999999999999,12.74,0.0,86.98
2021-06-21 06:00:56,10.176666666666668,2.19,9.395000000000001,6.61,15.520000000000001,0.0,76.88
2021-06-21 07:00:56,19.41,3.64,9.62,8.395000000000001,17.189999999999998,0.0,74.94
2021-06-21 08:00:56,14.426666666666666,7.695,9.345,21.005,34.349999999999994,0.0,66.46
2021-06-21 09:00:56,19.57333333333333,6.420000000000001,8.865,18.045,29.820000000000004,0.0,67.07
2021-06-21 10:00:56,24.043333333333333,4.31,8.335,16.945,28.02,0.0,73.26
2021-06-21 11:00:56,29.546666666666667,4.975,7.62,18.55,30.55,0.0,68.68
2021-06-21 12:00:56,28.10333333333333,9.695,7.175000000000001,17.14,28.36,0.0,67.72
2021-06-21 13:00:56,21.546666666666667,10.895000000000001,7.04,16.45,27.685,0.0,68.41
2021-06-21 14:00:56,25.316666666666663,9.275,7.815,19.044999999999998,30.385,0.0,64.07
2021-06-21 15:00:56,22.89666666666667,6.8999999999999995,10.56,25.814999999999998,41.175000000000004,0.0,64.94
2021-06-21 16:00:56,24.673333333333332,6.39,14.145000000000001,20.22,29.840000000000003,0.0,77.58
2021-06-21 17:00:56,27.47,4.505,14.335,17.515,26.820000000000004,0.0,66.09
2021-06-21 18:00:56,33.93666666666667,3.595,10.835,37.87,56.07,0.0,42.54
2021-06-21 19:00:56,33.416666666666664,4.710000000000001,9.61,29.185000000000002,41.905,0.0,43.29
2021-06-21 20:00:56,50.28333333333333,12.775,8.75,22.83,33.51,0.0,47.12
2021-06-21 21:00:56,50.93666666666667,19.68,9.685,21.28,32.285,0.0,48.74
2021-06-21 22:00:56,46.123333333333335,20.89,8.315,17.54,27.544999999999998,0.0,51.7
2021-06-21 23:00:56,44.55,21.18,7.614999999999999,14.174999999999999,23.849999999999998,0.0,46.71
2021-06-22 00:00:56,47.236666666666665,16.025000000000002,8.07,11.344999999999999,19.52,0.0,42.42
2021-06-22 01:00:56,27.8,12.93,7.56,18.34,28.05,0.0,39.34
2021-06-22 02:00:56,26.07333333333333,12.32,6.890000000000001,7.425,15.565,0.0,43.93
2021-06-22 03:00:56,26.343333333333334,18.785,7.29,4.83,12.405000000000001,0.0,44.02
2021-06-22 04:00:56,22.563333333333333,12.875,7.02,4.405,11.805,0.0,50.64
2021-06-22 05:00:56,18.683333333333334,10.885,7.300000000000001,6.460000000000001,13.755,0.0,51.06
2021-06-22 06:00:56,21.733333333333334,12.215000000000002,7.185,5.445,13.549999999999999,0.0,48.65
2021-06-22 07:00:56,28.55333333333333,8.41,7.355,10.34,19.705,0.0,44.25
2021-06-22 08:00:56,28.266666666666666,13.469999999999999,7.44,19.455,33.27,0.0,41.66
2021-06-22 09:00:56,28.46333333333333,11.94,7.069999999999999,17.845,30.895,0.0,42.54
2021-06-22 10:00:56,23.42,10.780000000000001,6.55,28.669999999999998,46.77,0.0,32.25
2021-06-22 11:00:56,24.583333333333332,10.729999999999999,7.140000000000001,10.835,19.419999999999998,0.0,48.87
2021-06-22 12:00:56,26.25333333333333,8.605,9.26,12.034999999999998,21.584999999999997,0.0,52.51
2021-06-22 13:00:56,29.056666666666665,13.065,11.135,18.765,31.245,0.0,53.09
2021-06-22 14:00:56,27.136666666666667,18.355,8.135,19.475,31.669999999999998,0.0,52.34
2021-06-22 15:00:56,19.803333333333335,14.17,7.6000000000000005,21.195,33.824999999999996,0.0,49.08
2021-06-22 16:00:56,25.2,8.315,8.265,22.86,34.68,0.0,49.89
2021-06-22 17:00:56,27.886666666666667,10.714999999999998,7.965,21.265,32.485,0.0,59.36
2021-06-22 18:00:56,31.656666666666666,9.445,7.145,36.795,53.074999999999996,0.0,38.26
2021-06-22 19:00:56,38.71666666666667,16.855,8.024999999999999,47.824999999999996,73.85,0.0,16.1
2021-06-22 20:00:56,39.723333333333336,13.44,7.875,45.050000000000004,70.925,0.0,20.52
2021-06-22 21:00:56,31.62,9.535,7.974999999999999,34.660000000000004,47.51,0.0,41.79
2021-06-22 22:00:56,36.50333333333334,16.925,7.675,25.7,38.449999999999996,0.0,36.15
2021-06-22 23:00:56,35.306666666666665,22.245,7.72,12.025,20.695,0.0,51.25
2021-06-23 00:00:56,32.75666666666667,20.825,7.805,22.39,33.24,0.0,32.29
2021-06-23 01:00:56,32.406666666666666,16.905,7.68,17.28,27.09,0.0,39.07
2021-06-23 02:00:56,33.32,10.565,8.23,10.6,18.525000000000002,0.0,43.59
2021-06-23 03:00:56,26.39666666666667,7.105,8.1,10.31,17.73,0.0,42.6
2021-06-23 04:00:56,27.71,9.1,8.88,14.945,22.745,0.0,32.32
2021-06-23 05:00:56,34.45333333333333,16.93,9.57,16.38,24.635,0.0,28.0
2021-06-23 06:00:56,34.96666666666666,22.865,10.095,19.06,28.725000000000005,0.0,17.98
2021-06-23 07:00:56,48.51333333333333,33.620000000000005,38.645,29.400000000000002,47.185,0.0,6.05
2021-06-23 08:00:56,115.77333333333334,55.585,6.04,31.165000000000003,50.935,0.0,10.31
2021-06-23 09:00:56,82.29666666666667,62.705000000000005,6.39,35.94,55.315,0.0,14.02
2021-06-23 10:00:56,75.44333333333333,44.285,28.894999999999996,33.495000000000005,50.27,0.0,24.67
2021-06-23 11:00:56,61.63333333333333,31.815,14.24,18.915,30.775000000000002,0.0,41.13
2021-06-23 12:00:56,38.29333333333333,19.7,9.675,19.73,32.045,0.0,44.71
2021-06-23 13:00:56,31.189999999999998,13.729999999999999,8.485,18.39,29.065,0.0,57.12
2021-06-23 14:00:56,26.46333333333333,11.055,8.875,24.31,36.845,0.0,41.24
2021-06-23 15:00:56,25.87,7.29,9.06,20.44,30.850000000000005,0.0,44.29
2021-06-23 16:00:56,24.776666666666667,4.92,9.185,30.685000000000002,46.330000000000005,0.0,28.11
2021-06-23 17:00:56,24.439999999999998,3.945,9.03,24.834999999999997,37.995,0.0,33.32
2021-06-23 18:00:56,42.35333333333333,2.56,8.245,43.945,58.89000000000001,0.0,25.82
2021-06-23 19:00:56,44.43000000000001,21.33,8.185,69.64999999999999,89.75,0.0,17.4
2021-06-23 20:00:56,71.24666666666667,38.175000000000004,9.595,74.82,97.58999999999999,0.0,16.51
2021-06-23 21:00:56,61.36,37.425000000000004,10.32,66.245,88.49,0.0,19.58
2021-06-23 22:00:56,59.54333333333333,33.535,11.964999999999998,56.125,74.08,0.0,13.43
2021-06-23 23:00:56,63.04333333333333,29.87,11.729999999999999,43.47,56.43,0.0,21.9
2021-06-24 00:00:56,43.06,18.885,10.415,30.33,41.125,0.0,36.57
2021-06-24 01:00:56,34.74333333333333,11.67,9.885,26.870000000000005,35.655,0.0,42.63
2021-06-24 02:00:56,32.97666666666667,9.18,9.575000000000001,22.785,30.91,0.0,30.13
2021-06-24 03:00:56,32.03666666666667,15.32,10.07,26.59,34.285,0.0,17.77
2021-06-24 04:00:56,43.96333333333333,26.33,10.035,23.274999999999995,31.435,0.0,12.38
2021-06-24 05:00:56,37.68666666666667,24.724999999999998,11.04,21.575000000000003,30.49,0.0,25.83
2021-06-24 06:00:56,43.66333333333333,26.08,12.800000000000002,23.819999999999997,34.735,0.0,8.8
2021-06-24 07:00:56,59.28,31.925,17.74,28.205,44.995000000000005,0.0,9.43
2021-06-24 08:00:56,53.32666666666666,35.85,26.304999999999996,29.885,50.900000000000006,0.0,9.96
2021-06-24 09:00:56,74.42333333333333,32.98,24.14,28.255000000000006,43.830000000000005,0.0,23.52
2021-06-24 10:00:56,57.980000000000004,23.685000000000002,16.53,17.275000000000002,27.695000000000004,0.0,36.14
2021-06-24 11:00:56,45.99333333333334,22.350000000000005,11.534999999999998,12.975,22.524999999999995,0.0,45.76
2021-06-24 12:00:56,39.37,16.175,10.82,17.195,28.040000000000003,0.0,49.23
2021-06-24 13:00:56,42.58,15.94,9.15,18.53,30.02,0.0,58.0
2021-06-24 14:00:56,31.643333333333334,10.205,8.025,24.42,38.51,0.0,45.29
2021-06-24 15:00:56,29.416666666666668,7.935,7.88,16.86,28.26,0.0,58.56
2021-06-24 16:00:56,36.17666666666667,7.695,8.465,16.155,27.180000000000003,0.0,64.16
2021-06-24 17:00:56,39.41,5.199999999999999,8.525,15.584999999999999,26.845,0.0,61.34
2021-06-24 18:00:56,39.473333333333336,4.0249999999999995,8.62,20.605,33.44,0.0,54.94
2021-06-24 19:00:56,39.666666666666664,7.169999999999999,8.530000000000001,27.180000000000003,41.72,0.0,49.01
2021-06-24 20:00:56,41.75666666666667,18.22,7.675000000000001,19.835,31.12,0.0,53.62
2021-06-24 21:00:56,39.74333333333333,15.83,7.890000000000001,17.325000000000003,26.95,0.0,56.74
2021-06-24 22:00:56,41.943333333333335,10.04,7.98,20.334999999999997,31.26,0.0,48.11
2021-06-24 23:00:56,33.60333333333333,6.800000000000001,7.510000000000001,13.155,22.24,0.0,53.51
2021-06-25 00:00:56,26.23,6.0249999999999995,7.56,8.545,16.515,0.0,55.83
2021-06-25 01:00:56,25.343333333333334,6.525000000000001,8.29,9.195,18.22,0.0,54.69
2021-06-25 02:00:56,30.653333333333332,7.665,8.65,8.81,16.74,0.0,53.95
2021-06-25 03:00:56,19.156666666666666,10.875,8.715,10.5,18.099999999999998,0.0,47.71
2021-06-25 04:00:56,20.973333333333333,11.33,9.315,11.14,18.75,0.0,41.1
2021-06-25 05:00:56,23.916666666666668,10.215,10.205,12.225,19.95,0.0,40.01
2021-06-25 06:00:56,34.733333333333334,20.82,10.2,16.03,23.92,0.0,20.67
2021-06-25 07:00:56,44.803333333333335,25.955,13.62,22.834999999999997,34.095,0.0,18.61
2021-06-25 08:00:56,78.75666666666666,42.02,12.18,24.05,40.43,0.0,19.7
2021-06-25 09:00:56,54.163333333333334,36.28,12.205,31.645,55.06999999999999,0.0,19.55
2021-06-25 10:00:56,51.95666666666667,25.545,14.505,34.66,53.199999999999996,0.0,20.61
2021-06-25 11:00:56,62.57333333333332,24.34,7.419999999999999,16.11,23.679999999999996,0.0,35.24
2021-06-25 12:00:56,50.72333333333333,22.105,17.475,12.44,18.77,0.0,47.7
2021-06-25 13:00:56,43.400000000000006,15.565,14.839999999999998,24.475000000000005,37.2,0.0,45.4
2021-06-25 14:00:56,33.38666666666666,14.74,15.01,18.349999999999998,26.629999999999995,0.0,55.16
2021-06-25 15:00:56,35.86333333333333,11.795,14.589999999999998,29.16,41.605,0.0,43.38
2021-06-25 16:00:56,38.21,9.335,14.275,18.445,26.755,0.0,48.19
2021-06-25 17:00:56,32.166666666666664,8.01,12.56,18.3,27.599999999999998,0.0,50.75
2021-06-25 18:00:56,39.38,7.04,12.61,23.22,34.81,0.0,47.46
2021-06-25 19:00:56,40.379999999999995,10.625,11.31,30.24,42.39,0.0,44.25
2021-06-25 20:00:56,41.42,11.815,10.295,40.21,56.415,0.0,30.08
2021-06-25 21:00:56,47.24333333333333,8.53,10.365,43.715,59.51500000000001,0.0,27.9
2021-06-25 22:00:56,39.88333333333333,10.315,11.219999999999999,46.620000000000005,64.425,0.0,21.7
2021-06-25 23:00:56,41.90333333333333,10.19,11.265,41.435,52.5,0.0,21.89
2021-06-26 00:00:56,42.43333333333333,12.35,11.31,28.415000000000003,35.995000000000005,0.0,22.0
2021-06-26 01:00:56,36.04,11.495,12.074999999999998,36.46,45.404999999999994,0.0,13.86
2021-06-26 02:00:56,43.79333333333333,17.91,18.37,35.16,43.629999999999995,0.0,7.6
2021-06-26 03:00:56,51.29333333333334,36.755,20.995,22.64,28.544999999999998,0.0,16.03
2021-06-26 04:00:56,70.37333333333333,36.29,19.755,18.155,23.8,0.0,20.85
2021-06-26 05:00:56,78.45333333333333,33.535000000000004,16.974999999999998,19.16,25.74,0.0,18.24
2021-06-26 06:00:56,56.94333333333333,36.795,14.85,24.540000000000003,31.975000000000005,0.0,10.85
2021-06-26 07:00:56,63.10666666666667,39.205000000000005,16.665,23.795,39.155,0.0,10.93
2021-06-26 08:00:56,75.62333333333333,41.475,29.680000000000003,33.1,58.43000000000001,0.0,8.97
2021-06-26 09:00:56,59.846666666666664,33.255,32.855,30.845,45.26500000000001,0.0,24.87
2021-06-26 10:00:56,52.61666666666667,22.53,28.689999999999998,33.32,44.629999999999995,0.0,35.66
2021-06-26 11:00:56,58.13,19.765,17.92,19.92,28.12,0.0,57.54
2021-06-26 12:00:56,40.406666666666666,13.975,11.6,10.865,17.64,0.0,69.35
2021-06-26 13:00:56,30.486666666666665,14.54,11.535000000000002,17.12,26.790000000000003,0.0,61.67
2021-06-26 14:00:56,24.79,11.195,12.9,22.87,36.33,0.0,42.23
2021-06-26 15:00:56,26.22,8.165,13.87,21.350000000000005,31.895,0.0,45.09
2021-06-26 16:00:56,32.9,7.199999999999999,13.36,20.895,31.035,0.0,43.67
2021-06-26 17:00:56,51.766666666666666,11.36,12.655,47.405,67.28,0.0,18.98
2021-06-26 18:00:56,42.03666666666667,17.095,13.299999999999999,22.855,31.159999999999997,0.0,40.2
2021-06-26 19:00:56,38.42,12.31,13.82,37.65,50.01499999999999,0.0,29.01
2021-06-26 20:00:56,38.44,12.545,12.78,41.85,59.76,0.0,26.8
2021-06-26 21:00:56,42.14,17.905,12.595,50.66,70.94,0.0,21.18
2021-06-26 22:00:56,53.03,13.714999999999998,12.299999999999999,34.879999999999995,52.67499999999999,0.0,27.27
2021-06-26 23:00:56,45.11666666666667,13.839999999999998,11.9,21.22,30.285,0.0,40.55
2021-06-27 00:00:56,24.543333333333333,15.685,6.605,13.975,21.64,0.0,45.43
2021-06-27 01:00:56,23.85333333333333,13.045,6.580000000000001,20.17,26.925,0.0,38.86
2021-06-27 02:00:56,29.950000000000003,12.045,6.59,21.67,28.435000000000002,0.0,32.97
2021-06-27 03:00:56,29.066666666666666,9.15,6.739999999999999,15.495,22.11,0.0,38.64
2021-06-27 04:00:56,28.046666666666667,19.36,6.95,19.24,25.485,0.0,14.98
2021-06-27 05:00:56,33.64333333333333,26.92,7.775000000000001,15.04,20.805,0.0,19.77
2021-06-27 06:00:56,37.68666666666667,32.370000000000005,7.5,15.71,22.775000000000002,0.0,14.62
2021-06-27 07:00:56,30.33,27.024999999999995,8.91,17.72,28.590000000000003,0.0,11.13
2021-06-27 08:00:56,32.47666666666667,22.535,17.375,18.205000000000002,30.625,0.0,15.52
2021-06-27 09:00:56,39.74666666666667,35.855,20.245,18.099999999999998,28.689999999999998,0.0,26.23
2021-06-27 10:00:56,37.74,38.435,12.195,17.27,25.834999999999997,0.0,36.48
2021-06-27 11:00:56,29.863333333333333,23.540000000000003,9.28,10.545,16.905,0.0,43.0
2021-06-27 12:00:56,36.04333333333334,16.845,17.25,9.74,15.709999999999999,0.0,39.38
2021-06-27 13:00:56,37.656666666666666,17.62,12.979999999999999,7.965,14.0,0.0,42.56
2021-06-27 14:00:56,34.56666666666666,14.020000000000001,12.57,13.36,20.38,0.0,25.77
2021-06-27 15:00:56,32.306666666666665,14.235,13.049999999999999,23.325,33.33,0.0,22.8
2021-06-27 16:00:56,38.75,14.01,11.995,20.790000000000003,30.974999999999998,0.0,24.54
2021-06-27 17:00:56,43.123333333333335,14.335,11.86,22.365,32.86,0.0,20.13
2021-06-27 18:00:56,43.376666666666665,11.11,11.46,23.855,34.465,0.0,18.02
2021-06-27 19:00:56,52.303333333333335,12.585,11.245,10.04,16.265,0.0,21.4
2021-06-27 20:00:56,58.44,26.77,9.655,22.849999999999998,29.785,0.0,16.95
2021-06-27 21:00:56,49.64666666666667,38.24,10.415,46.355,59.68,0.0,5.93
2021-06-27 22:00:56,48.303333333333335,30.175,10.54,43.544999999999995,55.495000000000005,0.0,7.64
2021-06-27 23:00:56,58.18333333333333,31.150000000000002,11.300000000000002,33.04,41.949999999999996,0.0,15.11
2021-06-28 00:00:56,48.39,25.650000000000002,11.205,33.37,43.169999999999995,0.0,11.02
2021-06-28 01:00:56,46.346666666666664,21.72,11.455,34.25,42.074999999999996,0.0,8.03
2021-06-28 02:00:56,55.99666666666667,22.55,11.56,22.995,29.8,0.0,8.68
2021-06-28 03:00:56,54.00666666666667,19.48,11.68,24.575000000000003,30.635,0.0,8.14
2021-06-28 04:00:56,48.233333333333334,23.555000000000003,11.54,21.135,28.8,0.0,5.38
2021-06-28 05:00:56,52.620000000000005,37.625,11.625,19.285,27.645,0.0,6.49
2021-06-28 06:00:56,50.74666666666667,37.64,11.71,21.235,34.900000000000006,0.0,5.4
2021-06-28 07:00:56,63.45666666666667,36.82,17.71,24.955,40.335,0.0,5.68
2021-06-28 08:00:56,73.89666666666668,53.0,22.275000000000002,30.985,48.53,0.0,8.02
2021-06-28 09:00:56,122.72333333333334,76.485,27.58,40.84,61.044999999999995,0.0,7.0
2021-06-28 10:00:56,100.3,56.650000000000006,21.305,34.595,45.49,0.0,13.66
2021-06-28 11:00:56,70.90666666666667,38.415,17.675,26.255,37.13,0.0,22.67
2021-06-28 12:00:56,49.3,24.275000000000002,12.0,19.885,30.435000000000002,0.0,27.53
2021-06-28 13:00:56,44.983333333333334,24.044999999999998,11.035000000000002,21.78,32.81,0.0,37.38
2021-06-28 14:00:56,39.14,15.549999999999999,12.035000000000002,22.905,31.810000000000002,0.0,21.78
2021-06-28 15:00:56,31.283333333333335,13.19,12.96,26.78,37.395,0.0,23.69
2021-06-28 16:00:56,34.46,13.229999999999999,11.845,18.165,28.415000000000003,0.0,24.14
2021-06-28 17:00:56,34.53333333333333,9.83,11.94,21.15,32.28,0.0,24.12
2021-06-28 18:00:56,30.956666666666667,6.364999999999999,11.61,17.365,26.024999999999995,0.0,33.93
2021-06-28 19:00:56,41.03666666666667,5.43,11.235,18.12,26.495,0.0,24.82
2021-06-28 20:00:56,43.013333333333335,8.405000000000001,10.655,14.5,22.040000000000003,0.0,26.75
2021-06-28 21:00:56,42.71333333333333,16.75,10.565,18.185,27.040000000000003,0.0,27.1
2021-06-28 22:00:56,39.17666666666667,12.755,11.165,16.165000000000003,23.724999999999998,0.0,21.72
2021-06-28 23:00:56,33.31,14.32,11.515,12.299999999999999,19.099999999999998,0.0,28.99
2021-06-29 00:00:56,26.833333333333332,11.770000000000001,11.305,8.17,14.285000000000002,0.0,32.11
2021-06-29 01:00:56,19.913333333333334,7.830000000000001,11.26,7.420000000000001,13.665,0.0,44.95
2021-06-29 02:00:56,20.313333333333333,10.12,11.0,7.3999999999999995,12.775,0.0,37.21
2021-06-29 03:00:56,18.496666666666666,1.915,11.979999999999999,15.075000000000001,20.53,0.0,26.5
2021-06-29 04:00:56,23.013333333333332,4.14,13.594999999999999,26.465,33.555,0.0,14.49
2021-06-29 05:00:56,35.50666666666667,20.55,14.335,18.525,24.58,0.0,13.72
2021-06-29 06:00:56,41.22,23.83,15.074999999999998,23.814999999999998,34.54,0.0,7.3
2021-06-29 07:00:56,35.17,26.145,34.195,27.415000000000003,40.975,0.0,6.67
2021-06-29 08:00:56,48.156666666666666,30.705,41.585,31.185000000000002,46.065,0.0,11.88
2021-06-29 09:00:56,48.99666666666667,29.695000000000004,31.655,35.395,49.82,0.0,15.2
2021-06-29 10:00:56,57.50333333333333,27.77,26.295,29.08,39.18,0.0,22.41
2021-06-29 11:00:56,49.233333333333334,19.74,19.98,24.099999999999998,32.435,0.0,22.37
2021-06-29 12:00:56,36.586666666666666,11.574999999999998,15.655000000000001,20.224999999999998,27.485,0.0,27.03
2021-06-29 13:00:56,34.49333333333333,13.375,13.604999999999999,23.875,32.695,0.0,37.59
2021-06-29 14:00:56,27.003333333333334,9.895,12.26,17.58,25.955,0.0,25.58
2021-06-29 15:00:56,18.933333333333334,7.06,12.425000000000002,19.635,29.334999999999997,0.0,21.61
2021-06-29 16:00:56,16.54,5.415,12.205,20.28,30.28,0.0,20.44
2021-06-29 17:00:56,20.64666666666667,4.6450000000000005,12.265,19.695,29.51,0.0,20.57
2021-06-29 18:00:56,23.763333333333332,3.19,11.979999999999999,16.98,25.17,0.0,21.39
2021-06-29 19:00:56,30.590000000000003,6.37,12.085,17.45,25.755,0.0,25.79
2021-06-29 20:00:56,37.013333333333335,7.254999999999999,11.729999999999999,17.785,26.055000000000003,0.0,27.29
2021-06-29 21:00:56,37.79,5.965,11.094999999999999,19.2,27.040000000000003,0.0,24.74
2021-06-29 22:00:56,27.65,11.815,11.62,15.265,22.084999999999997,0.0,26.32
2021-06-29 23:00:56,29.986666666666665,12.85,11.565,12.579999999999998,19.435,0.0,27.23
2021-06-30 00:00:56,20.166666666666668,10.31,11.844999999999999,13.424999999999999,20.099999999999998,0.0,29.48
2021-06-30 01:00:56,18.076666666666664,7.3,11.6,14.955,22.02,0.0,31.67
2021-06-30 02:00:56,24.73,14.93,11.415,14.645000000000001,21.16,0.0,21.06
2021-06-30 03:00:56,24.073333333333334,17.055,13.615,17.99,23.790000000000003,0.0,20.92
2021-06-30 04:00:56,23.106666666666666,12.42,18.53,20.650000000000002,26.564999999999998,0.0,17.21
2021-06-30 05:00:56,25.663333333333334,15.534999999999998,23.804999999999996,23.92,30.189999999999998,0.0,17.83
2021-06-30 06:00:56,33.58,18.29,28.83,32.87,44.129999999999995,0.0,12.34
2021-06-30 07:00:56,60.11666666666667,30.49,45.205000000000005,32.885,45.315,0.0,12.76
2021-06-30 08:00:56,61.61333333333333,35.195,50.28,39.855,55.699999999999996,0.0,10.61
2021-06-30 09:00:56,55.95666666666666,27.72,22.7,41.050000000000004,58.705000000000005,0.0,11.91
2021-06-30 10:00:56,40.60333333333333,19.975,12.315,24.14,34.345,0.0,28.16
2021-06-30 11:00:56,30.573333333333334,19.77,10.835,26.84,38.655,0.0,22.96
2021-06-30 12:00:56,33.04666666666667,15.265,10.435,22.814999999999998,33.52,0.0,25.18
2021-06-30 13:00:56,20.86,10.27,10.41,19.145,28.630000000000006,0.0,39.88
2021-06-30 14:00:56,13.73,9.485,10.755,15.995,25.14,0.0,54.2
2021-06-30 15:00:56,15.426666666666666,6.2,12.12,22.255,32.910000000000004,0.0,67.87
2021-06-30 16:00:56,15.373333333333335,4.22,11.99,16.835,25.47,0.0,59.6
2021-06-30 17:00:56,19.54,3.6999999999999997,12.479999999999999,14.68,22.804999999999996,0.0,28.08
2021-06-30 18:00:56,26.78,4.4799999999999995,12.585,15.204999999999998,23.155,0.0,30.44
2021-06-30 19:00:56,38.49666666666667,10.765,12.685,17.275000000000002,25.459999999999997,0.0,31.16
2021-06-30 20:00:56,41.13333333333333,11.475,11.885,17.82,26.28,0.0,38.05
2021-06-30 21:00:56,45.56,11.225,11.424999999999999,19.05,27.51,0.0,42.02
2021-06-30 22:00:56,33.83,14.685,11.115,15.464999999999998,22.75,0.0,45.19
2021-06-30 23:00:56,28.543333333333333,11.365,11.435,15.299999999999999,22.665000000000003,0.0,45.38
2021-07-01 00:00:56,34.236666666666665,11.315,11.63,18.974999999999998,25.5,0.0,41.39
2021-07-01 01:00:56,34.75333333333333,13.85,11.425000000000002,14.645000000000001,21.575,0.0,50.11
2021-07-01 02:00:56,30.906666666666666,7.965,13.255,26.235,32.295,0.0,32.07
2021-07-01 03:00:56,29.743333333333336,17.54,24.415000000000003,36.835,43.51500000000001,0.0,10.97
2021-07-01 04:00:56,45.21333333333333,25.845,23.625,29.36,35.98,0.0,16.08
2021-07-01 05:00:56,64.10000000000001,40.895,19.925,24.005,31.7,0.0,19.91
2021-07-01 06:00:56,62.75333333333333,34.245000000000005,17.17,27.685000000000002,37.125,0.0,10.82
2021-07-01 07:00:56,78.83666666666667,39.199999999999996,32.31,29.73,49.85,0.0,5.42
2021-07-01 08:00:56,66.11,43.245000000000005,64.245,36.795,63.73,0.0,7.94
2021-07-01 09:00:56,53.653333333333336,45.4,32.175000000000004,28.814999999999998,40.61,0.0,17.01
2021-07-01 10:00:56,53.67333333333334,32.66,19.27,21.32,30.935000000000002,0.0,26.73
2021-07-01 11:00:56,45.2,18.175,14.165,23.355,32.69,0.0,31.59
2021-07-01 12:00:56,39.93333333333334,10.145000000000001,13.13,19.0,25.945000000000004,0.0,43.55
2021-07-01 13:00:56,35.78,9.925,12.854999999999999,20.105,28.175,0.0,48.53
2021-07-01 14:00:56,29.9,9.455,15.93,20.74,28.47,0.0,46.74
2021-07-01 15:00:56,20.473333333333333,7.010000000000001,14.99,19.805,27.679999999999996,0.0,50.39
2021-07-01 16:00:56,20.526666666666667,4.859999999999999,13.344999999999999,28.495,41.595,0.0,42.71
2021-07-01 17:00:56,16.663333333333334,3.72,12.219999999999999,27.365,38.655,0.0,36.7
2021-07-01 18:00:56,10.086666666666668,2.725,11.5,27.575,40.095,0.0,42.01
2021-07-01 19:00:56,13.946666666666667,8.185,11.594999999999999,50.5,72.35000000000001,0.0,23.16
2021-07-01 20:00:56,28.85,7.140000000000001,12.089999999999998,36.69,49.81999999999999,0.0,33.89
2021-07-01 21:00:56,44.696666666666665,10.2,12.33,32.91,44.145,0.0,36.98
2021-07-01 22:00:56,45.1,10.195,13.839999999999998,35.800000000000004,45.455000000000005,0.0,34.53
2021-07-01 23:00:56,46.99666666666667,8.445,17.265,56.419999999999995,72.32000000000001,0.0,26.96
2021-07-02 00:00:56,37.92,11.094999999999999,16.445,36.295,43.754999999999995,0.0,33.82
2021-07-02 01:00:56,39.38666666666666,13.885,31.24,54.39000000000001,66.9,0.0,10.93
2021-07-02 02:00:56,53.66,16.689999999999998,42.715,52.405,66.5,0.0,2.6
2021-07-02 03:00:56,56.88333333333333,24.905,33.055,48.025000000000006,58.065,0.0,2.31
2021-07-02 04:00:56,47.99666666666667,27.78,30.75,37.660000000000004,45.26500000000001,0.0,7.41
2021-07-02 05:00:56,47.43666666666667,30.24,34.93,37.6,44.675000000000004,0.0,7.94
2021-07-02 06:00:56,41.15,20.685,22.439999999999998,30.5,39.415,0.0,9.6
2021-07-02 07:00:56,42.62,13.67,27.245,37.01,57.300000000000004,0.0,7.21
2021-07-02 08:00:56,42.42666666666667,14.39,49.330000000000005,50.855,85.545,0.0,8.12
2021-07-02 09:00:56,43.04666666666667,19.24,34.675000000000004,44.43,58.76499999999999,0.0,19.46
2021-07-02 10:00:56,43.94,18.445,21.39,36.085,46.76,0.0,29.63
2021-07-02 11:00:56,39.75666666666667,13.78,14.61,17.85,24.165000000000003,0.0,45.92
2021-07-02 12:00:56,31.990000000000002,9.965,14.825000000000001,21.72,29.005,0.0,46.95
2021-07-02 13:00:56,28.67,10.26,17.715,16.145,22.61,0.0,53.92
2021-07-02 14:00:56,30.9,9.845,20.72,14.435,20.615,0.0,50.06
2021-07-02 15:00:56,37.29666666666667,9.2,14.785000000000002,16.815,23.584999999999997,0.0,40.24
2021-07-02 16:00:56,45.81666666666666,8.42,12.085,13.315,19.91,0.0,39.38
2021-07-02 17:00:56,69.49666666666667,11.344999999999999,12.424999999999999,17.425,24.495,0.0,43.43
2021-07-02 18:00:56,68.85333333333332,12.800000000000002,16.955000000000002,33.745000000000005,43.215,0.0,34.51
2021-07-02 19:00:56,112.09333333333333,20.29,10.64,26.320000000000004,34.815,0.0,47.98
2021-07-02 20:00:56,85.06333333333333,19.265,11.285000000000002,43.09,55.18000000000001,0.0,38.3
2021-07-02 21:00:56,73.34333333333333,12.005,16.895,56.875,72.715,0.0,28.73
2021-07-02 22:00:56,72.54333333333334,10.6,25.075,45.39000000000001,57.919999999999995,0.0,30.0
2021-07-02 23:00:56,73.78666666666666,11.714999999999998,13.979999999999999,30.36,39.96,0.0,33.53
2021-07-03 00:00:56,64.49000000000001,18.895,10.895000000000001,19.224999999999998,27.485,0.0,55.85
2021-07-03 01:00:56,53.59,17.945,22.87,19.895,25.97,0.0,52.94
2021-07-03 02:00:56,53.20333333333333,12.479999999999999,21.51,20.41,26.355,0.0,46.47
2021-07-03 03:00:56,39.69,9.855,33.18,17.62,23.290000000000003,0.0,43.08
2021-07-03 04:00:56,39.85666666666667,8.075000000000001,32.69,18.105,23.73,0.0,46.93
2021-07-03 05:00:56,36.18,10.66,33.74,26.405,32.32,0.0,36.68
2021-07-03 06:00:56,38.89666666666667,12.395000000000001,18.07,15.255,21.545,0.0,46.38
2021-07-03 07:00:56,31.56666666666667,13.69,31.215000000000003,29.355,38.765,0.0,36.24
2021-07-03 08:00:56,48.67,11.700000000000001,43.625,39.945,53.73499999999999,0.0,30.96
2021-07-03 09:00:56,50.32,19.785,14.39,18.145,26.155,0.0,45.89
2021-07-03 10:00:56,43.946666666666665,16.385,12.700000000000001,23.395,34.34,0.0,43.84
2021-07-03 11:00:56,39.346666666666664,13.339999999999998,11.1,17.89,26.665000000000003,0.0,46.9
2021-07-03 12:00:56,36.65,11.275,11.225,20.705,30.669999999999998,0.0,46.98
2021-07-03 13:00:56,36.22,9.25,11.300000000000002,19.215,28.235,0.0,54.54
2021-07-03 14:00:56,43.89333333333333,13.35,10.915,16.400000000000002,24.51,0.0,47.86
2021-07-03 15:00:56,48.44333333333333,12.28,10.435,16.135,24.700000000000003,0.0,48.83
2021-07-03 16:00:56,47.53666666666667,12.85,10.38,14.565,22.72,0.0,51.45
2021-07-03 17:00:56,52.74,9.385,10.57,15.1,23.3,0.0,47.85
2021-07-03 18:00:56,65.43666666666667,5.3500000000000005,10.895000000000001,21.255,31.284999999999997,0.0,43.62
2021-07-03 19:00:56,62.16,4.795,10.955,21.72,30.655,0.0,40.23
2021-07-03 20:00:56,54.36333333333334,7.460000000000001,11.0,26.62,38.11,0.0,35.26
2021-07-03 21:00:56,45.82,15.034999999999998,11.729999999999999,37.965,51.665,0.0,21.07
2021-07-03 22:00:56,46.016666666666666,21.8,12.215000000000002,18.865,26.415000000000003,0.0,36.81
2021-07-03 23:00:56,26.89666666666667,8.61,10.615,25.735,36.08,0.0,34.7
2021-07-04 00:00:56,29.413333333333334,5.12,10.799999999999999,22.625,29.95,0.0,41.71
2021-07-04 01:00:56,20.09,13.714999999999998,10.755,27.78,39.365,0.0,34.2
2021-07-04 02:00:56,14.446666666666665,5.815,10.674999999999999,19.995,26.625,0.0,31.27
2021-07-04 03:00:56,24.183333333333337,14.479999999999999,11.12,25.23,32.185,0.0,26.28
2021-07-04 04:00:56,25.116666666666667,4.435,11.719999999999999,19.73,26.024999999999995,0.0,28.17
2021-07-04 05:00:56,31.43,21.375,12.415,24.84,32.11,0.0,15.58
2021-07-04 06:00:56,52.89333333333333,42.49,23.01,26.655,33.855,0.0,16.73
2021-07-04 07:00:56,76.91666666666667,61.29,17.900000000000002,20.985,29.084999999999997,0.0,18.09
2021-07-04 08:00:56,67.26666666666667,46.04,32.33,21.825,31.14,0.0,21.82
2021-07-04 09:00:56,65.17666666666668,28.99,23.64,12.625,19.68,0.0,30.77
2021-07-04 10:00:56,51.54333333333333,31.275000000000002,20.51,11.035000000000002,17.6,0.0,37.18
2021-07-04 11:00:56,36.52,25.679999999999996,15.204999999999998,6.805,12.545,0.0,47.72
2021-07-04 12:00:56,21.503333333333334,13.455,13.160000000000002,8.925,15.165000000000001,0.0,48.99
2021-07-04 13:00:56,17.523333333333333,9.825,12.229999999999999,8.655,14.885,0.0,66.81
2021-07-04 14:00:56,14.593333333333334,7.37,12.705,9.755,15.824999999999998,0.0,58.72
2021-07-04 15:00:56,15.25,5.625,11.725,9.205,15.705,0.0,58.71
2021-07-04 16:00:56,15.146666666666668,3.77,11.78,10.27,16.575,0.0,53.69
2021-07-04 17:00:56,15.603333333333332,3.155,12.604999999999999,14.485,21.25,0.0,47.24
2021-07-04 18:00:56,18.65,2.7900000000000005,12.64,20.169999999999998,28.194999999999997,0.0,39.36
2021-07-04 19:00:56,17.94,17.47,7.599999999999999,31.645,40.75,0.0,28.22
2021-07-04 20:00:56,16.44,16.25,7.465,19.905,26.95,0.0,37.42
2021-07-04 21:00:56,16.136666666666667,11.505,7.375,25.33,32.32,0.0,31.76
2021-07-04 22:00:56,15.5,9.075000000000001,9.11,32.485,43.455000000000005,0.0,28.75
2021-07-04 23:00:56,14.36,2.975,8.975,54.06,72.315,0.0,11.21
2021-07-05 00:00:56,15.52,14.915000000000001,7.755,47.800000000000004,60.36000000000001,0.0,13.56
2021-07-05 01:00:56,22.943333333333335,13.844999999999999,9.38,30.205000000000002,37.195,0.0,37.12
2021-07-05 02:00:56,37.03,17.685000000000002,17.37,18.94,24.885,0.0,35.51
2021-07-05 03:00:56,34.27333333333333,17.93,15.324999999999998,20.055,26.28,0.0,20.95
2021-07-05 04:00:56,33.29,12.285000000000002,16.0,9.25,14.604999999999999,0.0,43.51
2021-07-05 05:00:56,20.813333333333333,9.035,13.51,10.145000000000001,15.770000000000001,0.0,44.33
2021-07-05 06:00:56,25.41,12.46,13.324999999999998,14.700000000000001,20.974999999999998,0.0,42.63
2021-07-05 07:00:56,24.509999999999998,12.06,19.62,19.315,27.200000000000003,0.0,43.36
2021-07-05 08:00:56,28.816666666666666,13.445,16.745,18.265,26.53,0.0,48.07
2021-07-05 09:00:56,21.41333333333333,8.995000000000001,16.959999999999997,16.25,24.070000000000004,0.0,55.42
2021-07-05 10:00:56,26.50333333333333,11.584999999999999,13.170000000000002,13.469999999999999,20.88,0.0,65.99
2021-07-05 11:00:56,18.076666666666664,3.135,13.875,13.04,20.349999999999998,0.0,65.73
2021-07-05 12:00:56,14.5,5.145,6.03,12.0,18.795,0.0,68.55
2021-07-05 13:00:56,17.893333333333334,2.33,5.864999999999999,0.0,0.0,0.0,74.61
2021-07-05 14:00:56,14.313333333333333,3.6799999999999997,11.795,11.924999999999999,18.919999999999998,0.0,73.91
2021-07-05 15:00:56,17.936666666666667,6.93,10.345,12.005,18.41,0.0,68.69
2021-07-05 16:00:56,14.0,5.88,9.705,15.969999999999999,23.935000000000002,0.0,63.69
2021-07-05 17:00:56,11.933333333333334,4.155,10.33,15.99,23.709999999999997,0.0,66.31
2021-07-05 18:00:56,12.700000000000001,3.015,10.585,20.69,29.409999999999997,0.0,62.87
2021-07-05 19:00:56,18.153333333333332,3.095,10.195,26.995000000000005,39.645,0.0,57.7
2021-07-05 20:00:56,14.61,3.145,10.605,41.725,59.754999999999995,0.0,43.16
2021-07-05 21:00:56,17.75,3.66,11.065,64.13,82.415,0.0,20.57
2021-07-05 22:00:56,38.47666666666667,10.964999999999998,14.485,43.31,59.615,0.0,47.03
2021-07-05 23:00:56,33.78666666666667,13.165,13.214999999999998,36.615,49.125,0.0,51.39
2021-07-06 00:00:56,33.88,12.729999999999999,14.645000000000001,30.879999999999995,39.43,0.0,58.44
2021-07-06 01:00:56,28.14,11.68,13.280000000000001,29.235,38.58,0.0,41.21
2021-07-06 02:00:56,30.473333333333333,11.01,12.815,24.939999999999998,33.01,0.0,40.8
2021-07-06 03:00:56,35.99,12.700000000000001,12.79,14.65,20.525000000000002,0.0,58.38
2021-07-06 04:00:56,24.863333333333333,8.76,12.615,11.38,17.635,0.0,54.07
2021-07-06 05:00:56,20.56,5.669999999999999,13.475,17.22,23.035,0.0,52.93
2021-07-06 06:00:56,24.746666666666666,10.68,15.854999999999999,21.045,27.58,0.0,50.88
2021-07-06 07:00:56,28.05666666666667,16.26,28.409999999999997,29.09,40.870000000000005,0.0,39.96
2021-07-06 08:00:56,33.22666666666667,17.815,37.075,37.305,55.065,0.0,31.94
2021-07-06 09:00:56,41.63,22.400000000000002,33.86,40.400000000000006,60.49,0.0,31.35
2021-07-06 10:00:56,39.23,17.825,24.189999999999998,28.315,38.055,0.0,44.68
2021-07-06 11:00:56,34.93,11.895000000000001,18.334999999999997,15.115,21.535,0.0,64.61
2021-07-06 12:00:56,33.086666666666666,11.125,18.585,13.590000000000002,19.965,0.0,72.83
2021-07-06 13:00:56,26.9,9.49,14.46,14.13,20.87,0.0,78.21
2021-07-06 14:00:56,26.11,9.61,12.85,15.515,22.865,0.0,67.91
2021-07-06 15:00:56,23.743333333333332,8.15,13.035000000000002,10.505,16.77,0.0,70.18
2021-07-06 16:00:56,17.473333333333333,4.835,12.645000000000001,13.854999999999999,20.415000000000003,0.0,74.95
2021-07-06 17:00:56,19.21666666666667,3.06,11.69,13.82,20.185,0.0,76.48
2021-07-06 18:00:56,19.153333333333332,2.42,12.090000000000002,15.625,22.11,0.0,79.01
2021-07-06 19:00:56,18.693333333333335,4.155,12.055,29.584999999999997,41.105,0.0,59.47
2021-07-06 20:00:56,25.156666666666666,9.799999999999999,11.705,26.015,37.24,0.0,55.35
2021-07-06 21:00:56,31.0,13.035000000000002,11.685,25.025000000000002,34.464999999999996,0.0,61.45
2021-07-06 22:00:56,31.95,10.75,14.13,32.115,41.775,0.0,52.35
2021-07-06 23:00:56,35.70333333333333,9.71,12.455,38.96,48.699999999999996,0.0,38.7
2021-07-07 00:00:56,33.513333333333335,6.135000000000001,12.745,30.399999999999995,37.9,0.0,60.29
2021-07-07 01:00:56,29.48,9.57,17.02,33.895,41.28,0.0,50.84
2021-07-07 02:00:56,26.490000000000002,12.089999999999998,32.83,45.165,55.745000000000005,0.0,14.66
2021-07-07 03:00:56,52.30333333333333,28.599999999999998,48.145,38.23,44.32500000000001,0.0,25.24
2021-07-07 04:00:56,57.3,27.41,26.405,31.814999999999998,38.48,0.0,17.68
2021-07-07 05:00:56,57.29333333333334,20.255,45.83500000000001,37.400000000000006,44.34,0.0,12.42
2021-07-07 06:00:56,50.083333333333336,25.16,41.01,30.75,38.895,0.0,15.85
2021-07-07 07:00:56,57.74666666666667,20.97,54.13999999999999,30.75,40.69,0.0,19.59
2021-07-07 08:00:56,50.876666666666665,28.070000000000004,36.89,33.985,46.585,0.0,24.52
2021-07-07 09:00:56,59.266666666666666,27.98,23.5,31.584999999999997,44.305,0.0,30.66
2021-07-07 10:00:56,52.586666666666666,23.365,30.810000000000002,34.205,46.120000000000005,0.0,33.82
2021-07-07 11:00:56,59.03,17.63,24.849999999999998,27.36,36.525,0.0,49.79
2021-07-07 12:00:56,49.06333333333333,9.36,16.46,17.865,24.560000000000002,0.0,68.38
2021-07-07 13:00:56,38.053333333333335,11.385,14.44,18.025000000000002,24.840000000000003,0.0,65.52
2021-07-07 14:00:56,31.729999999999997,18.775000000000002,12.935,23.24,33.245,0.0,45.76
2021-07-07 15:00:56,27.71,10.285,12.055,26.334999999999997,40.11000000000001,0.0,36.71
2021-07-07 16:00:56,20.656666666666666,6.2250000000000005,11.82,27.755,39.145,0.0,35.77
2021-07-07 17:00:56,16.923333333333336,8.565,11.35,30.33,41.395,0.0,37.75
2021-07-07 18:00:56,17.83,6.12,11.515,36.785,50.085,0.0,41.11
2021-07-07 19:00:56,23.773333333333333,6.93,11.645000000000001,26.685,36.19,0.0,50.66
2021-07-07 20:00:56,40.96,14.385,12.579999999999998,18.5,26.569999999999997,0.0,51.05
2021-07-07 21:00:56,50.32333333333334,16.755,12.515,16.22,23.385,0.0,50.55
2021-07-07 22:00:56,41.47666666666667,15.104999999999999,11.585,13.025,19.74,0.0,51.83
2021-07-07 23:00:56,37.60333333333333,17.24,11.365,17.77,25.319999999999997,0.0,40.54
2021-07-08 00:00:56,35.82666666666667,13.51,11.545,18.83,26.595,0.0,40.59
2021-07-08 01:00:56,25.28,16.01,11.280000000000001,13.57,20.275000000000002,0.0,46.97
2021-07-08 02:00:56,22.063333333333333,11.305,11.195,13.170000000000002,20.57,0.0,43.24
2021-07-08 03:00:56,20.286666666666665,9.785,10.83,7.245000000000001,13.049999999999999,0.0,43.05
2021-07-08 04:00:56,18.05666666666667,7.995,10.46,9.25,15.365,0.0,44.9
2021-07-08 05:00:56,17.286666666666665,6.0,10.915,8.84,14.655000000000001,0.0,46.86
2021-07-08 06:00:56,17.813333333333333,2.065,11.205,10.655,16.48,0.0,51.17
2021-07-08 07:00:56,17.2,9.13,13.695,24.605,34.03,0.0,40.86
2021-07-08 08:00:56,14.753333333333334,5.98,15.415,26.51,38.29,0.0,38.97
2021-07-08 09:00:56,18.153333333333332,4.265,11.07,19.26,29.695000000000004,0.0,42.05
2021-07-08 10:00:56,21.816666666666666,6.19,10.365,13.765,21.849999999999998,0.0,42.0
2021-07-08 11:00:56,18.836666666666666,5.815,10.365,17.575,26.885,0.0,44.25
2021-07-08 12:00:56,16.31,11.13,10.085,16.72,26.345,0.0,48.01
2021-07-08 13:00:56,22.81,9.92,9.855,15.770000000000001,24.325,0.0,50.67
2021-07-08 14:00:56,17.493333333333332,6.510000000000001,10.185,15.270000000000001,23.459999999999997,0.0,39.11
2021-07-08 15:00:56,13.833333333333334,1.4649999999999999,11.475,17.405,26.649999999999995,0.0,46.51
2021-07-08 16:00:56,15.636666666666665,0.775,11.415,16.245,25.355,0.0,57.64
2021-07-08 17:00:56,14.556666666666667,4.97,11.445,17.91,26.795,0.0,54.18
2021-07-08 18:00:56,20.48,3.145,11.65,20.005,29.505,0.0,51.43
2021-07-08 19:00:56,25.816666666666666,3.5549999999999997,12.545,22.09,31.840000000000003,0.0,47.03
2021-07-08 20:00:56,31.076666666666668,6.03,11.145000000000001,23.195000000000004,33.13,0.0,41.96
2021-07-08 21:00:56,31.35333333333333,8.485,10.839999999999998,19.32,27.98,0.0,44.49
2021-07-08 22:00:56,32.61333333333333,6.93,9.935,15.965000000000002,23.815,0.0,48.54
2021-07-08 23:00:56,30.223333333333333,9.325000000000001,10.255,11.625,18.205,0.0,53.65
2021-07-09 00:00:56,31.14,9.535,10.49,12.335,18.53,0.0,52.44
2021-07-09 01:00:56,20.063333333333333,11.995,10.595,9.355,15.905000000000001,0.0,58.71
2021-07-09 02:00:56,22.673333333333332,7.705000000000001,10.505,8.41,14.68,0.0,51.87
2021-07-09 03:00:56,22.266666666666666,10.745,10.325000000000001,5.81,11.6,0.0,52.04
2021-07-09 04:00:56,26.25,11.62,11.700000000000001,11.155000000000001,16.665,0.0,47.6
2021-07-09 05:00:56,21.066666666666666,11.985,15.63,17.845,23.425,0.0,36.64
2021-07-09 06:00:56,24.37333333333333,11.87,15.134999999999998,23.875,31.495,0.0,20.12
2021-07-09 07:00:56,39.84,23.45,42.39,29.45,41.105,0.0,14.19
2021-07-09 08:00:56,41.88666666666667,30.040000000000003,38.51499999999999,28.095,40.5,0.0,21.56
2021-07-09 09:00:56,45.32,31.49,15.729999999999999,33.22,48.85999999999999,0.0,24.26
2021-07-09 10:00:56,29.55666666666667,20.585,12.475,21.09,29.415000000000003,0.0,36.06
2021-07-09 11:00:56,26.26,15.824999999999998,11.604999999999999,17.709999999999997,26.189999999999998,0.0,42.28
2021-07-09 12:00:56,17.726666666666667,9.68,10.655,13.719999999999999,21.145,0.0,42.86
2021-07-09 13:00:56,17.05333333333333,10.245,11.155000000000001,15.265,23.790000000000003,0.0,48.26
2021-07-09 14:00:56,16.166666666666668,7.7749999999999995,12.5,14.935,23.175,0.0,46.91
2021-07-09 15:00:56,17.333333333333332,4.88,12.76,16.265,24.36,0.0,50.95
2021-07-09 16:00:56,14.489999999999998,3.0400000000000005,12.36,17.385,26.0,0.0,53.11
2021-07-09 17:00:56,17.926666666666666,2.49,12.825000000000001,19.18,27.155,0.0,51.44
2021-07-09 18:00:56,21.46,2.0749999999999997,12.300000000000002,24.185000000000002,35.71,0.0,47.38
2021-07-09 19:00:56,26.71666666666667,8.055,12.485,21.679999999999996,31.995,0.0,47.17
2021-07-09 20:00:56,40.3,11.515,12.205,19.725,28.495,0.0,50.75
2021-07-09 21:00:56,45.46333333333333,10.950000000000001,11.74,18.61,26.985,0.0,51.01
2021-07-09 22:00:56,44.446666666666665,10.46,11.24,17.165000000000003,24.89,0.0,53.53
2021-07-09 23:00:56,36.22333333333333,10.44,11.12,15.030000000000001,23.065,0.0,51.58
2021-07-10 00:00:56,44.79666666666667,14.485,11.135,12.854999999999999,19.855,0.0,52.82
2021-07-10 01:00:56,35.56333333333333,13.61,11.505,18.085,26.705,0.0,48.18
2021-07-10 02:00:56,28.74,4.06,11.450000000000001,13.37,19.84,0.0,46.32
2021-07-10 03:00:56,26.126666666666665,14.770000000000001,12.975,19.895,25.76,0.0,38.57
2021-07-10 04:00:56,35.14333333333334,11.655,16.275000000000002,14.549999999999999,20.615,0.0,37.61
2021-07-10 05:00:56,33.336666666666666,7.805,16.135,19.3,25.87,0.0,33.01
2021-07-10 06:00:56,41.79,11.0,17.689999999999998,22.87,30.11,0.0,33.53
2021-07-10 07:00:56,49.13666666666666,13.674999999999999,17.459999999999997,27.89,39.255,0.0,25.68
2021-07-10 08:00:56,39.48,13.719999999999999,20.81,21.819999999999997,31.540000000000003,0.0,33.98
2021-07-10 09:00:56,40.973333333333336,19.525000000000002,22.224999999999998,24.995,34.080000000000005,0.0,38.52
2021-07-10 10:00:56,36.736666666666665,12.545,14.964999999999998,20.56,28.775000000000002,0.0,48.09
2021-07-10 11:00:56,39.07666666666666,3.22,12.08,14.39,21.28,0.0,52.84
2021-07-10 12:00:56,34.21,2.7099999999999995,12.75,13.945,21.155,0.0,54.83
2021-07-10 13:00:56,28.516666666666666,2.92,11.49,12.030000000000001,18.545,0.0,51.8
2021-07-10 14:00:56,25.483333333333334,3.2300000000000004,10.765,14.560000000000002,22.265,0.0,34.36
2021-07-10 15:00:56,21.293333333333333,10.605,11.950000000000001,15.615,23.97,0.0,30.78
2021-07-10 16:00:56,20.473333333333333,6.474999999999999,12.195,14.964999999999998,23.24,0.0,38.45
2021-07-10 17:00:56,20.38,4.31,12.35,15.455,23.16,0.0,55.55
2021-07-10 18:00:56,27.263333333333335,3.485,12.625,15.93,24.55,0.0,54.6
2021-07-10 19:00:56,37.376666666666665,8.105,12.28,24.849999999999998,38.225,0.0,41.15
2021-07-10 20:00:56,44.13333333333333,10.985,12.275,19.195,28.33,0.0,46.91
2021-07-10 21:00:56,52.50333333333333,10.229999999999999,11.49,22.27,31.99,0.0,45.09
2021-07-10 22:00:56,48.92,15.11,10.844999999999999,20.05,29.39,0.0,45.59
2021-07-10 23:00:56,48.11333333333333,13.969999999999999,11.185,17.52,27.2,0.0,44.38
2021-07-11 00:00:56,40.876666666666665,14.174999999999999,10.659999999999998,23.064999999999998,32.985,0.0,36.9
2021-07-11 01:00:56,36.126666666666665,15.700000000000001,11.055,22.825,33.525,0.0,40.37
2021-07-11 02:00:56,36.026666666666664,13.375,13.655000000000001,22.595,30.255,0.0,45.0
2021-07-11 03:00:56,27.483333333333334,15.464999999999998,13.68,17.36,24.320000000000004,0.0,43.87
2021-07-11 04:00:56,35.403333333333336,13.32,17.455,23.11,29.215,0.0,31.98
2021-07-11 05:00:56,61.43333333333334,22.915000000000003,28.284999999999997,31.005,36.99,0.0,25.59
2021-07-11 06:00:56,59.33333333333333,34.335,28.235,28.005,34.949999999999996,0.0,22.25
2021-07-11 07:00:56,50.39,35.14,28.540000000000003,23.255,30.92,0.0,19.2
2021-07-11 08:00:56,60.480000000000004,34.765,35.86,22.13,30.584999999999997,0.0,30.32
2021-07-11 09:00:56,60.21333333333333,33.515,23.865,14.385,21.105,0.0,39.84
2021-07-11 10:00:56,43.11666666666667,23.37,16.845,12.699999999999998,19.07,0.0,47.81
2021-07-11 11:00:56,33.56666666666666,14.530000000000001,13.96,11.235,17.37,0.0,35.77
2021-07-11 12:00:56,29.4,8.67,12.245,11.965000000000002,18.72,0.0,34.35
2021-07-11 13:00:56,21.303333333333335,6.635000000000001,11.949999999999998,13.62,20.95,0.0,44.53
2021-07-11 14:00:56,16.64666666666667,6.21,11.12,17.18,27.02,0.0,31.55
2021-07-11 15:00:56,12.513333333333334,5.4750000000000005,11.63,18.29,27.915000000000003,0.0,30.5
2021-07-11 16:00:56,14.923333333333332,3.655,11.714999999999998,19.96,30.705,0.0,27.32
2021-07-11 17:00:56,18.56,2.86,11.425000000000002,18.415,27.635,0.0,29.65
2021-07-11 18:00:56,24.486666666666665,2.7750000000000004,11.825000000000001,16.865,25.534999999999997,0.0,31.99
2021-07-11 19:00:56,33.77333333333333,5.530000000000001,11.86,17.87,26.425,0.0,31.79
2021-07-11 20:00:56,37.156666666666666,7.96,12.125,16.72,25.065,0.0,35.21
2021-07-11 21:00:56,36.04,9.92,11.37,19.115,27.405,0.0,34.76
2021-07-11 22:00:56,40.86333333333333,11.07,11.08,19.385,27.63,0.0,35.47
2021-07-11 23:00:56,41.196666666666665,9.075000000000001,10.92,18.835,27.084999999999997,0.0,30.66
2021-07-12 00:00:56,36.6,10.115,11.195,21.55,29.205,0.0,29.85
2021-07-12 01:00:56,36.2,14.575000000000001,10.9,16.74,25.41,0.0,41.17
2021-07-12 02:00:56,26.623333333333335,13.75,12.81,16.365,22.52,0.0,38.04
2021-07-12 03:00:56,29.95,23.525000000000002,15.545000000000002,22.13,28.365,0.0,37.34
2021-07-12 04:00:56,31.293333333333333,21.505,23.245,23.765,29.3,0.0,24.44
2021-07-12 05:00:56,37.23666666666667,14.604999999999999,31.650000000000002,25.070000000000004,30.56,0.0,22.95
2021-07-12 06:00:56,53.126666666666665,21.575,35.345,29.015,36.445,0.0,23.17
2021-07-12 07:00:56,35.84,30.53,27.72,35.39,49.13499999999999,0.0,15.08
2021-07-12 08:00:56,38.336666666666666,34.015,56.655,49.815,79.85,0.0,11.65
2021-07-12 09:00:56,40.81,35.48,17.87,39.5,53.39000000000001,0.0,26.88
2021-07-12 10:00:56,30.873333333333335,22.13,20.755,30.8,41.345,0.0,40.48
2021-07-12 11:00:56,53.25333333333333,17.849999999999998,17.400000000000002,19.05,26.125,0.0,54.32
2021-07-12 12:00:56,41.97,16.145,15.075000000000001,18.91,27.474999999999998,0.0,41.21
2021-07-12 13:00:56,38.57333333333333,13.99,14.24,12.71,19.035,0.0,51.87
2021-07-12 14:00:56,31.226666666666667,10.13,15.15,18.355,25.540000000000003,0.0,42.37
2021-07-12 15:00:56,22.296666666666667,6.870000000000001,15.965000000000002,20.13,28.090000000000003,0.0,41.86
2021-07-12 16:00:56,23.953333333333333,4.555,15.62,24.58,33.49,0.0,37.98
2021-07-12 17:00:56,25.356666666666666,3.02,14.5,19.425,26.58,0.0,38.12
2021-07-12 18:00:56,28.60666666666667,4.52,13.410000000000002,24.935000000000002,34.004999999999995,0.0,36.04
2021-07-12 19:00:56,33.29333333333334,5.75,12.01,20.08,28.41,0.0,36.55
2021-07-12 20:00:56,50.81,15.415,12.63,16.58,23.785,0.0,35.2
2021-07-12 21:00:56,53.80666666666667,16.09,12.725,17.98,26.23,0.0,32.96
2021-07-12 22:00:56,54.96666666666667,20.175,11.714999999999998,17.525000000000002,25.040000000000003,0.0,33.55
2021-07-12 23:00:56,45.05666666666667,22.175,11.01,20.955,29.945000000000004,0.0,36.77
2021-07-13 00:00:56,44.27666666666667,17.825,10.969999999999999,23.400000000000002,31.584999999999997,0.0,36.06
2021-07-13 01:00:56,41.46,13.155000000000001,12.945,28.015,34.615,0.0,35.44
2021-07-13 02:00:56,33.25666666666667,7.945,36.395,20.705,26.650000000000002,0.0,44.47
2021-07-13 03:00:56,27.49,8.045,17.035,10.585,16.18,0.0,48.48
2021-07-13 04:00:56,27.796666666666667,17.18,17.89,19.715,25.645,0.0,42.48
2021-07-13 05:00:56,31.533333333333335,16.46,16.535,22.075,27.75,0.0,25.2
2021-07-13 06:00:56,31.52666666666667,14.995,17.93,23.16,29.834999999999997,0.0,30.0
2021-07-13 07:00:56,44.45666666666666,23.349999999999998,36.69,30.060000000000002,38.46,0.0,21.15
2021-07-13 08:00:56,71.94,33.305,56.56999999999999,35.38,47.504999999999995,0.0,21.73
2021-07-13 09:00:56,63.85666666666666,32.025,36.575,35.800000000000004,46.27,0.0,28.01
2021-07-13 10:00:56,58.16,25.48,19.155,23.24,30.995,0.0,34.86
2021-07-13 11:00:56,55.123333333333335,16.29,18.255,22.054999999999996,29.11,0.0,44.7
2021-07-13 12:00:56,44.84,16.85,14.600000000000001,27.575,38.16,0.0,45.76
2021-07-13 13:00:56,33.36,11.660000000000002,12.155000000000001,20.085,28.814999999999998,0.0,43.98
2021-07-13 14:00:56,27.066666666666666,7.239999999999999,12.465000000000002,21.895,30.98,0.0,39.89
2021-07-13 15:00:56,22.613333333333333,5.31,11.79,20.900000000000002,29.765,0.0,40.02
2021-07-13 16:00:56,24.726666666666667,6.91,12.295,27.290000000000003,40.38,0.0,32.57
2021-07-13 17:00:56,31.133333333333333,7.675,11.86,18.265,27.135,0.0,35.96
2021-07-13 18:00:56,37.556666666666665,4.54,12.030000000000001,17.564999999999998,26.24,0.0,44.66
2021-07-13 19:00:56,48.21,10.729999999999999,12.38,16.95,24.695000000000004,0.0,50.22
2021-07-13 20:00:56,54.85333333333333,15.030000000000001,12.865,16.61,24.545,0.0,48.92
2021-07-13 21:00:56,56.41,15.705,11.85,17.505,24.905,0.0,46.99
2021-07-13 22:00:56,59.21666666666667,21.105,11.375,14.924999999999999,21.31,0.0,50.68
2021-07-13 23:00:56,47.95333333333333,20.099999999999998,11.005,14.485,21.325000000000003,0.0,52.23
2021-07-14 00:00:56,50.50333333333333,15.079999999999998,11.424999999999999,15.33,22.105,0.0,57.41
2021-07-14 01:00:56,43.18666666666667,14.615,11.18,20.065,28.49,0.0,59.32
2021-07-14 02:00:56,47.086666666666666,15.084999999999999,11.135,13.034999999999998,18.8,0.0,48.87
2021-07-14 03:00:56,42.42666666666666,23.89,11.35,10.85,16.98,0.0,53.69
2021-07-14 04:00:56,39.85333333333333,18.825,11.645000000000001,8.305,14.125,0.0,57.04
2021-07-14 05:00:56,35.32,17.57,25.299999999999997,19.505,25.310000000000002,0.0,50.4
2021-07-14 06:00:56,40.693333333333335,17.93,34.32,30.215000000000003,37.445,0.0,32.51
2021-07-14 07:00:56,47.98,19.94,34.785,37.61,50.120000000000005,0.0,34.14
2021-07-14 08:00:56,52.84,27.72,40.474999999999994,49.125,69.425,0.0,24.88
2021-07-14 09:00:56,56.01,23.83,34.505,38.275,48.76500000000001,0.0,32.94
2021-07-14 10:00:56,43.35333333333333,23.17,22.64,33.85,43.565,0.0,40.05
2021-07-14 11:00:56,36.03,20.485,15.82,19.325,27.245,0.0,51.11
2021-07-14 12:00:56,51.65,16.93,13.505,24.48,35.54,0.0,46.15
2021-07-14 13:00:56,40.75,10.725,12.835,14.975,22.11,0.0,58.05
2021-07-14 14:00:56,36.986666666666665,7.96,13.574999999999998,14.104999999999999,21.405,0.0,40.04
2021-07-14 15:00:56,33.52333333333333,6.16,12.604999999999999,19.31,28.345,0.0,34.58
2021-07-14 16:00:56,32.193333333333335,10.02,12.055,19.21,29.584999999999997,0.0,35.35
2021-07-14 17:00:56,30.44333333333333,7.88,11.795,20.84,30.51,0.0,32.22
2021-07-14 18:00:56,31.85666666666667,6.650000000000001,11.895000000000001,22.75,33.26499999999999,0.0,33.13
2021-07-14 19:00:56,29.92,10.375,12.155000000000001,24.405,34.46,0.0,32.82
2021-07-14 20:00:56,38.416666666666664,8.274999999999999,12.31,22.570000000000004,31.565,0.0,33.62
2021-07-14 21:00:56,49.913333333333334,10.815,12.094999999999999,25.639999999999997,36.074999999999996,0.0,31.15
2021-07-14 22:00:56,49.42666666666666,12.9,11.44,19.465,27.945000000000004,0.0,36.83
2021-07-14 23:00:56,51.70333333333333,19.17,11.155,15.62,22.675,0.0,42.2
2021-07-15 00:00:56,52.60333333333333,19.145,11.42,17.815,25.679999999999996,0.0,37.71
2021-07-15 01:00:56,41.093333333333334,15.0,13.12,21.145,28.015,0.0,42.95
2021-07-15 02:00:56,42.94333333333333,11.839999999999998,15.135,25.064999999999998,31.28,0.0,32.62
2021-07-15 03:00:56,47.07333333333333,16.049999999999997,17.83,24.724999999999998,30.345,0.0,28.99
2021-07-15 04:00:56,56.75,24.17,20.195,24.405,30.775000000000002,0.0,25.45
2021-07-15 05:00:56,62.776666666666664,22.635,25.865,27.155,33.195,0.0,21.21
2021-07-15 06:00:56,59.12,29.605,30.395,26.645,33.265,0.0,22.69
2021-07-15 07:00:56,71.77333333333334,34.1,46.74000000000001,29.63,39.225,0.0,24.0
2021-07-15 08:00:56,77.96333333333334,37.330000000000005,64.235,33.145,44.82,0.0,23.66
2021-07-15 09:00:56,72.92666666666668,32.67,27.47,32.68,42.910000000000004,0.0,27.21
2021-07-15 10:00:56,68.14333333333333,24.05,28.400000000000002,25.235,33.14,0.0,41.32
2021-07-15 11:00:56,51.13333333333333,21.935000000000002,13.235,12.415,18.595,0.0,46.03
2021-07-15 12:00:56,46.769999999999996,14.020000000000001,12.535000000000002,10.969999999999999,18.055,0.0,47.54
2021-07-15 13:00:56,45.25666666666667,10.345,11.770000000000001,12.63,19.805,0.0,52.64
2021-07-15 14:00:56,46.733333333333334,6.595,12.635,12.13,19.17,0.0,39.92
2021-07-15 15:00:56,50.96333333333333,12.25,12.71,12.5,19.62,0.0,39.38
2021-07-15 16:00:56,54.36333333333334,10.215,13.920000000000002,12.985,20.38,0.0,39.23
2021-07-15 17:00:56,38.85333333333333,7.3,13.020000000000001,15.979999999999999,23.97,0.0,42.46
2021-07-15 18:00:56,43.52333333333333,5.234999999999999,11.975,20.935,31.22,0.0,42.72
2021-07-15 19:00:56,39.53666666666667,4.985,11.12,22.145,31.459999999999997,0.0,44.45
2021-07-15 20:00:56,54.47333333333333,6.789999999999999,11.25,27.725000000000005,38.64,0.0,40.55
2021-07-15 21:00:56,40.33333333333333,13.454999999999998,11.525,28.16,37.64,0.0,39.38
2021-07-15 22:00:56,50.623333333333335,13.325000000000001,11.594999999999999,20.695,29.294999999999998,0.0,40.72
2021-07-15 23:00:56,50.86666666666667,16.555,11.020000000000001,31.054999999999996,42.794999999999995,0.0,34.38
2021-07-16 00:00:56,45.92333333333333,17.445,10.844999999999999,24.685,35.205,0.0,40.03
2021-07-16 01:00:56,43.66333333333333,16.560000000000002,12.045,25.425,34.24,0.0,45.37
2021-07-16 02:00:56,46.74666666666667,14.214999999999998,29.26,34.49,41.544999999999995,0.0,37.62
2021-07-16 03:00:56,53.17,22.075,20.215,23.675,30.205,0.0,44.4
2021-07-16 04:00:56,45.41333333333333,17.49,25.049999999999997,18.675,24.715,0.0,50.81
2021-07-16 05:00:56,43.35666666666667,18.650000000000002,25.24,28.005000000000006,34.27,0.0,27.12
2021-07-16 06:00:56,56.416666666666664,18.61,43.72,28.915000000000003,35.95,0.0,23.21
2021-07-16 07:00:56,77.8,26.59,67.815,42.345,53.645,0.0,18.99
2021-07-16 08:00:56,68.12666666666667,31.255,64.64,47.585,64.33,0.0,15.63
2021-07-16 09:00:56,61.66,28.45,28.705000000000002,45.800000000000004,62.1,0.0,19.22
2021-07-16 10:00:56,50.25,26.02,14.354999999999999,22.92,32.975,0.0,32.15
2021-07-16 11:00:56,44.75,14.935,11.674999999999999,22.51,32.785,0.0,33.61
2021-07-16 12:00:56,32.656666666666666,10.785000000000002,11.075000000000001,21.995,33.72,0.0,35.78
2021-07-16 13:00:56,29.98,14.464999999999998,10.784999999999998,19.955,29.939999999999998,0.0,45.42
2021-07-16 14:00:56,20.906666666666666,13.795,11.735,22.435,33.555,0.0,32.58
2021-07-16 15:00:56,22.95,14.485,11.195,23.36,33.91,0.0,31.87
2021-07-16 16:00:56,24.136666666666667,10.545,10.945,19.145,28.435000000000002,0.0,31.92
2021-07-16 17:00:56,27.75,6.06,11.365,18.54,27.855,0.0,34.88
2021-07-16 18:00:56,32.46,4.255,11.479999999999999,21.865,30.685000000000002,0.0,37.65
2021-07-16 19:00:56,39.943333333333335,5.364999999999999,11.625,23.91,33.315,0.0,43.23
2021-07-16 20:00:56,41.526666666666664,9.950000000000001,11.924999999999999,23.24,32.39,0.0,45.96
2021-07-16 21:00:56,46.43,8.455,12.135,20.51,28.41,0.0,45.49
2021-07-16 22:00:56,48.379999999999995,13.245,11.43,16.025,22.849999999999998,0.0,48.36
2021-07-16 23:00:56,37.84,13.665,11.165,25.795,34.165,0.0,40.56
2021-07-17 00:00:56,35.18333333333333,9.285,12.645000000000001,36.59,48.035,0.0,32.75
2021-07-17 01:00:56,36.15,9.025,17.695,31.209999999999997,38.495,0.0,43.44
2021-07-17 02:00:56,32.57666666666667,13.44,22.015,19.96,26.75,0.0,47.96
2021-07-17 03:00:56,32.913333333333334,16.035,30.14,23.439999999999998,29.659999999999997,0.0,45.8
2021-07-17 04:00:56,34.343333333333334,16.68,27.985,24.97,31.125,0.0,42.42
2021-07-17 05:00:56,29.513333333333335,15.225,26.429999999999996,28.145,33.84,0.0,32.14
2021-07-17 06:00:56,36.54,14.030000000000001,29.545,31.795,39.055,0.0,29.11
2021-07-17 07:00:56,31.84,14.035000000000002,34.39,42.370000000000005,56.65,0.0,18.09
2021-07-17 08:00:56,41.736666666666665,17.17,44.815,37.59,50.120000000000005,0.0,19.68
2021-07-17 09:00:56,60.24333333333333,21.450000000000003,24.474999999999998,30.459999999999997,41.39,0.0,25.52
2021-07-17 10:00:56,50.986666666666665,18.955,16.560000000000002,18.715,25.659999999999997,0.0,33.6
2021-07-17 11:00:56,36.766666666666666,16.735,12.955,13.08,19.63,0.0,42.41
2021-07-17 12:00:56,30.116666666666667,12.18,11.270000000000001,22.49,30.51,0.0,38.99
2021-07-17 13:00:56,24.96,12.37,15.985,26.125,35.135,0.0,42.06
2021-07-17 14:00:56,25.61,9.625,14.049999999999999,34.88,45.78,0.0,38.17
2021-07-17 15:00:56,16.903333333333332,3.6400000000000006,14.634999999999998,35.865,47.355,0.0,44.78
2021-07-17 16:00:56,19.063333333333333,7.739999999999999,16.265,27.8,36.34,0.0,42.78
2021-07-17 17:00:56,23.62,5.315,16.355,29.77,38.04,0.0,48.35
2021-07-17 18:00:56,19.99,5.41,15.755,37.150000000000006,47.98499999999999,0.0,49.96
2021-07-17 19:00:56,22.023333333333333,5.18,16.445,38.23499999999999,46.1,0.0,48.72
2021-07-17 20:00:56,22.613333333333333,6.835,13.36,43.379999999999995,53.905,0.0,38.97
2021-07-17 21:00:56,34.57,7.96,12.57,26.26,28.97,0.0,56.01
2021-07-17 22:00:56,57.21,16.424999999999997,13.564999999999998,24.51,26.745,0.0,46.3
2021-07-17 23:00:56,58.63666666666667,23.290000000000003,14.405000000000001,46.23,52.31,0.0,28.46
2021-07-18 00:00:56,54.75,20.125,13.025,34.475,36.615,0.0,32.03
2021-07-18 01:00:56,47.92,16.29,13.395000000000001,37.355,40.235,0.0,35.24
2021-07-18 02:00:56,40.28333333333333,16.85,11.905000000000001,22.62,26.205,0.0,33.32
2021-07-18 03:00:56,40.013333333333335,11.585,14.735,30.895,33.050000000000004,0.0,26.66
2021-07-18 04:00:56,39.95666666666666,12.049999999999999,31.99,35.25,37.16,0.0,24.62
2021-07-18 05:00:56,47.45666666666667,13.045000000000002,32.18,33.31,36.82,0.0,19.45
2021-07-18 06:00:56,42.97666666666667,17.86,26.959999999999997,30.855,37.855,0.0,18.96
2021-07-18 07:00:56,57.02333333333333,30.429999999999996,52.300000000000004,31.625,39.415,0.0,19.42
2021-07-18 08:00:56,58.25,26.105,50.875,26.900000000000002,29.570000000000004,0.0,30.02
2021-07-18 09:00:56,59.29,25.455,37.96,25.51,28.01,0.0,30.91
2021-07-18 10:00:56,47.486666666666665,18.085,29.595,26.25,29.310000000000002,0.0,32.93
2021-07-18 11:00:56,42.02333333333333,13.895000000000001,19.505,18.709999999999997,20.39,0.0,45.41
2021-07-18 12:00:56,36.653333333333336,10.549999999999999,20.095,15.285000000000002,16.825,0.0,48.11
2021-07-18 13:00:56,28.413333333333334,13.11,13.910000000000002,20.015,22.070000000000004,0.0,50.92
2021-07-18 14:00:56,23.706666666666667,8.88,14.485,35.635,42.745000000000005,0.0,47.8
2021-07-18 15:00:56,17.97,6.3,14.030000000000001,24.25,33.449999999999996,0.0,51.64
2021-07-18 16:00:56,19.266666666666666,6.235,12.435,27.015,38.29,0.0,41.73
2021-07-18 17:00:56,18.256666666666668,5.6000000000000005,12.515,39.015,52.324999999999996,0.0,36.48
2021-07-18 18:00:56,20.046666666666667,5.609999999999999,12.36,27.84,35.82,0.0,40.39
2021-07-18 19:00:56,22.509999999999998,7.864999999999999,12.055,33.41,42.56,0.0,43.51
2021-07-18 20:00:56,44.73,9.64,12.589999999999998,21.01,28.23,0.0,56.28
2021-07-18 21:00:56,59.230000000000004,21.084999999999997,12.87,22.845,30.7,0.0,47.82
2021-07-18 22:00:56,65.23666666666666,23.275000000000002,13.645000000000001,20.725,28.505,0.0,43.67
2021-07-18 23:00:56,63.38333333333333,25.33,13.75,23.575,32.605,0.0,38.8
2021-07-19 00:00:56,55.123333333333335,16.810000000000002,12.63,28.63,35.705,0.0,35.88
2021-07-19 01:00:56,44.53666666666667,12.42,12.235,21.215,27.695000000000004,0.0,46.33
2021-07-19 02:00:56,35.34,10.88,26.53,30.715000000000003,38.445,0.0,35.71
2021-07-19 03:00:56,38.97666666666667,10.09,20.084999999999997,34.88,41.585,0.0,18.13
2021-07-19 04:00:56,49.486666666666665,9.655,21.98,30.01,37.835,0.0,21.51
2021-07-19 05:00:56,45.18333333333334,11.049999999999999,20.26,31.895,41.14,0.0,8.66
2021-07-19 06:00:56,39.56,19.91,24.435000000000002,32.095,40.78,0.0,9.98
2021-07-19 07:00:56,40.71,26.024999999999995,27.285,38.14,49.955000000000005,0.0,14.35
2021-07-19 08:00:56,47.83,24.875,41.66,39.945,50.745000000000005,0.0,19.6
2021-07-19 09:00:56,45.42333333333333,22.755,28.439999999999998,26.325000000000003,34.22,0.0,29.49
2021-07-19 10:00:56,50.49666666666667,20.91,16.805,20.6,27.76,0.0,36.89
2021-07-19 11:00:56,50.276666666666664,18.28,17.37,24.820000000000004,31.78,0.0,41.24
2021-07-19 12:00:56,40.153333333333336,13.299999999999999,11.814999999999998,19.335,25.849999999999998,0.0,46.52
2021-07-19 13:00:56,38.68666666666667,13.645000000000001,7.62,18.99,25.99,0.0,57.85
2021-07-19 14:00:56,35.596666666666664,10.655,6.510000000000001,36.77,49.56,0.0,50.99
2021-07-19 15:00:56,34.333333333333336,9.245,6.614999999999999,58.76500000000001,79.025,0.0,31.23
2021-07-19 16:00:56,33.053333333333335,11.795,6.565,45.76,61.085,0.0,35.37
2021-07-19 17:00:56,30.73,7.864999999999999,6.364999999999999,65.27499999999999,86.675,0.0,22.87
2021-07-19 18:00:56,33.66666666666667,5.555,5.8,64.61500000000001,88.5,0.0,30.91
2021-07-19 19:00:56,36.45,9.86,5.435,69.81,90.92,0.0,24.9
2021-07-19 20:00:56,50.06333333333333,11.65,5.15,27.290000000000003,34.58,0.0,56.97
2021-07-19 21:00:56,65.62666666666667,15.839999999999998,6.34,21.895,28.605,0.0,66.37
2021-07-19 22:00:56,57.8,11.46,7.185,24.075,30.965,0.0,63.19
2021-07-19 23:00:56,53.373333333333335,12.549999999999999,8.3,35.295,42.515,0.0,47.55
2021-07-20 00:00:56,55.26,13.64,8.625,59.949999999999996,71.905,0.0,25.41
2021-07-20 01:00:56,58.02333333333333,20.16,8.025,55.495,63.965,0.0,21.36
2021-07-20 02:00:56,57.45666666666666,16.965,12.54,55.085,66.53,0.0,12.6
2021-07-20 03:00:56,52.769999999999996,21.15,34.845,55.125,64.935,0.0,2.34
2021-07-20 04:00:56,61.71333333333334,20.99,13.24,39.685,46.1,0.0,14.33
2021-07-20 05:00:56,50.11666666666667,23.209999999999997,12.835,40.135,46.905,0.0,10.15
2021-07-20 06:00:56,53.17333333333333,21.939999999999998,12.4,35.29,43.035,0.0,15.65
2021-07-20 07:00:56,55.26,22.23,14.214999999999998,34.28,42.73,0.0,27.81
2021-07-20 08:00:56,56.3,19.19,13.96,38.355,48.84,0.0,37.99
2021-07-20 09:00:56,52.053333333333335,22.26,11.854999999999999,36.685,44.9,0.0,40.0
2021-07-20 10:00:56,58.480000000000004,23.015,8.1,24.53,31.355,0.0,57.07
2021-07-20 11:00:56,40.53666666666667,15.85,11.055,17.86,24.345,0.0,70.37
2021-07-20 12:00:56,40.29,11.865,8.14,10.49,16.915,0.0,68.16
2021-07-20 13:00:56,42.04333333333334,16.435,6.98,20.86,28.965,0.0,61.09
2021-07-20 14:00:56,38.08,13.54,6.219999999999999,14.14,20.84,0.0,63.7
2021-07-20 15:00:56,38.336666666666666,8.41,6.364999999999999,15.75,22.855,0.0,65.34
2021-07-20 16:00:56,31.21,5.614999999999999,5.780000000000001,22.64,30.584999999999997,0.0,57.69
2021-07-20 17:00:56,24.733333333333334,5.065,5.435,21.99,29.875,0.0,57.38
2021-07-20 18:00:56,42.24,4.6000000000000005,5.395,12.075000000000001,18.66,0.0,56.59
2021-07-20 19:00:56,62.45666666666666,16.33,5.14,10.22,16.93,0.0,45.85
2021-07-20 20:00:56,69.75,24.365,5.484999999999999,11.265,17.97,0.0,40.76
2021-07-20 21:00:56,65.53666666666666,22.115,5.965,15.165000000000001,22.345,0.0,42.77
2021-07-20 22:00:56,62.82333333333333,22.515,6.385000000000001,13.705,20.595,0.0,39.49
2021-07-20 23:00:56,49.43,24.12,5.969999999999999,14.065,21.36,0.0,41.43
2021-07-21 00:00:56,42.57,17.9,5.24,8.159999999999998,14.745,0.0,44.29
2021-07-21 01:00:56,28.71,18.655,5.01,6.485,13.215000000000002,0.0,55.49
2021-07-21 02:00:56,32.03,18.105,5.005,6.355,12.765,0.0,47.26
2021-07-21 03:00:56,29.14666666666667,19.04,5.06,4.0200000000000005,10.43,0.0,47.48
2021-07-21 04:00:56,30.19,15.665000000000001,5.225,4.33,10.815,0.0,45.73
2021-07-21 05:00:56,32.083333333333336,17.87,5.16,2.64,9.055,0.0,44.28
2021-07-21 06:00:56,30.043333333333333,12.685,5.745,5.145,11.545,0.0,49.67
2021-07-21 07:00:56,39.18333333333334,9.555,5.8,6.260000000000001,13.01,0.0,44.79
2021-07-21 08:00:56,36.32,13.51,5.43,6.09,12.93,0.0,45.86
2021-07-21 09:00:56,25.953333333333333,14.5,5.21,7.505,14.255,0.0,45.91
2021-07-21 10:00:56,27.72,10.89,5.045,14.924999999999999,22.545,0.0,44.91
2021-07-21 11:00:56,26.64666666666667,10.06,5.235,9.63,16.595,0.0,44.24
2021-07-21 12:00:56,22.71666666666667,7.425000000000001,6.66,10.38,17.035,0.0,36.91
2021-07-21 13:00:56,24.383333333333333,4.44,6.655000000000001,10.35,16.955000000000002,0.0,50.51
2021-07-21 14:00:56,25.21,14.01,7.435,12.969999999999999,19.81,0.0,36.34
2021-07-21 15:00:56,22.686666666666667,8.715,6.710000000000001,21.560000000000002,30.415000000000003,0.0,26.85
2021-07-21 16:00:56,27.483333333333334,6.345,6.280000000000001,27.045,38.49,0.0,24.28
2021-07-21 17:00:56,34.766666666666666,4.185,5.925,22.675,33.13999999999999,0.0,27.74
2021-07-21 18:00:56,44.06666666666666,8.02,5.830000000000001,13.88,21.39,0.0,34.13
2021-07-21 19:00:56,61.836666666666666,16.12,5.905000000000001,11.035000000000002,17.900000000000002,0.0,36.13
2021-07-21 20:00:56,67.52,22.98,5.95,10.58,17.189999999999998,0.0,38.62
2021-07-21 21:00:56,64.02,24.315,6.080000000000001,9.915,16.58,0.0,38.69
2021-07-21 22:00:56,60.766666666666666,18.82,5.73,10.719999999999999,17.209999999999997,0.0,37.98
2021-07-21 23:00:56,54.73666666666667,16.86,5.08,11.229999999999999,17.885,0.0,42.25
2021-07-22 00:00:56,48.5,21.33,5.025,12.58,19.445,0.0,40.87
2021-07-22 01:00:56,39.24666666666667,19.585,5.155,14.159999999999998,22.215,0.0,46.64
2021-07-22 02:00:56,41.843333333333334,14.479999999999999,5.305,9.085,15.56,0.0,37.68
2021-07-22 03:00:56,38.31666666666667,18.24,5.23,6.6499999999999995,13.01,0.0,40.95
2021-07-22 04:00:56,41.2,18.89,5.575,5.68,12.17,0.0,45.43
2021-07-22 05:00:56,33.61333333333334,17.45,6.544999999999999,7.314999999999999,13.88,0.0,35.8
2021-07-22 06:00:56,33.26,14.165,7.445,11.344999999999999,17.849999999999998,0.0,30.41
2021-07-22 07:00:56,28.66333333333333,11.71,7.325,17.689999999999998,24.775000000000002,0.0,30.83
2021-07-22 08:00:56,32.876666666666665,5.21,9.09,15.405000000000001,22.709999999999997,0.0,26.11
2021-07-22 09:00:56,40.89666666666667,17.385,7.065,10.435,16.93,0.0,28.76
2021-07-22 10:00:56,40.64666666666667,12.68,5.945,12.35,19.055,0.0,24.37
2021-07-22 11:00:56,34.64333333333333,7.46,5.34,17.53,25.545,0.0,26.84
2021-07-22 12:00:56,27.256666666666668,9.979999999999999,5.685,10.27,16.814999999999998,0.0,27.55
2021-07-22 13:00:56,25.37,7.91,7.405000000000001,9.88,16.46,0.0,38.07
2021-07-22 14:00:56,22.736666666666665,7.050000000000001,6.3,9.455,16.04,0.0,27.23
2021-07-22 15:00:56,18.59,4.595,6.12,12.725,20.715,0.0,23.55
2021-07-22 16:00:56,23.683333333333334,3.065,6.19,16.084999999999997,24.149999999999995,0.0,22.88
2021-07-22 17:00:56,23.363333333333333,7.595,6.359999999999999,21.09,30.570000000000004,0.0,16.9
2021-07-22 18:00:56,20.35333333333333,7.345,6.330000000000001,20.465,29.11,0.0,18.0
2021-07-22 19:00:56,31.62,12.155000000000001,6.27,24.580000000000002,34.355,0.0,17.32
2021-07-22 20:00:56,34.70333333333333,11.034999999999998,6.57,17.725,26.03,0.0,21.77
2021-07-22 21:00:56,28.703333333333333,8.68,6.245,19.450000000000003,27.790000000000003,0.0,24.5
2021-07-22 22:00:56,22.79,10.37,5.745,16.58,25.39,0.0,28.67
2021-07-22 23:00:56,25.363333333333333,15.520000000000001,5.295,16.82,25.37,0.0,32.93
2021-07-23 00:00:56,22.32,10.755,5.295,11.71,18.635,0.0,48.45
2021-07-23 01:00:56,17.366666666666667,6.595,5.489999999999999,8.875,15.450000000000001,0.0,56.71
2021-07-23 02:00:56,19.043333333333333,8.065,5.56,5.8,12.209999999999999,0.0,59.41
2021-07-23 03:00:56,18.586666666666666,6.98,7.34,7.56,14.205,0.0,57.5
2021-07-23 04:00:56,13.646666666666668,8.09,6.044999999999999,5.794999999999999,12.229999999999999,0.0,59.48
2021-07-23 05:00:56,10.33,4.49,7.905000000000001,6.355,12.714999999999998,0.0,60.41
2021-07-23 06:00:56,7.34,3.105,8.605,7.81,14.229999999999999,0.0,45.17
2021-07-23 07:00:56,17.266666666666666,5.135,7.739999999999999,11.015,18.009999999999998,0.0,39.36
2021-07-23 08:00:56,16.68,6.135000000000001,10.935000000000002,13.285000000000002,20.83,0.0,41.51
2021-07-23 09:00:56,19.97,11.1,11.915,11.055,18.34,0.0,51.6
2021-07-23 10:00:56,19.46,4.93,5.785,10.18,18.445,0.0,56.5
2021-07-23 11:00:56,21.12,4.585,5.165,7.364999999999999,14.01,0.0,43.15
2021-07-23 12:00:56,14.286666666666667,2.9150000000000005,5.015,12.420000000000002,20.51,0.0,33.43
2021-07-23 13:00:56,14.98,2.12,5.025,26.415000000000003,42.445,0.0,30.47
2021-07-23 14:00:56,14.486666666666666,4.37,5.005,23.14,35.080000000000005,0.0,20.59
2021-07-23 15:00:56,18.98333333333333,5.185,5.005,23.91,37.175000000000004,0.0,29.81
2021-07-23 16:00:56,17.766666666666666,3.865,5.025,19.94,29.820000000000004,0.0,36.03
2021-07-23 17:00:56,16.28333333333333,2.81,5.04,22.445000000000004,33.79,0.0,34.14
2021-07-23 18:00:56,23.883333333333333,1.985,5.035,24.495,37.59,0.0,37.62
2021-07-23 19:00:56,25.92,5.96,9.270000000000001,16.905,25.735,0.0,43.53
2021-07-23 20:00:56,29.903333333333336,5.585000000000001,9.16,16.755,24.98,0.0,44.97
2021-07-23 21:00:56,36.96,7.079999999999999,9.235,19.25,28.13,0.0,43.99
2021-07-23 22:00:56,35.230000000000004,11.025,9.604999999999999,16.669999999999998,24.77,0.0,41.19
2021-07-23 23:00:56,43.15333333333333,15.44,9.88,15.545,23.095,0.0,47.4
2021-07-24 00:00:56,28.553333333333335,11.87,9.73,15.65,22.865,0.0,45.75
2021-07-24 01:00:56,20.506666666666668,7.19,10.275,12.92,20.12,0.0,53.41
2021-07-24 02:00:56,21.813333333333333,8.575,10.92,11.07,17.959999999999997,0.0,47.21
2021-07-24 03:00:56,18.486666666666668,10.57,11.555,17.815,24.265,0.0,34.89
2021-07-24 04:00:56,23.64333333333333,9.455,17.665,20.125,26.8,0.0,28.54
2021-07-24 05:00:56,18.740000000000002,7.215,19.03,17.655,24.16,0.0,27.78
2021-07-24 06:00:56,19.28333333333333,11.685,24.545,17.195,24.095,0.0,30.01
2021-07-24 07:00:56,26.3,11.479999999999999,27.01,21.415000000000003,29.235,0.0,27.95
2021-07-24 08:00:56,34.93,2.8699999999999997,33.645,29.36,38.695,0.0,27.57
2021-07-24 09:00:56,46.81333333333333,20.8,23.965,19.745,26.98,0.0,46.93
2021-07-24 10:00:56,39.36666666666667,23.060000000000002,16.27,15.57,22.34,0.0,56.52
2021-07-24 11:00:56,27.05666666666667,15.540000000000001,13.625,24.885,34.885,0.0,46.26
2021-07-24 12:00:56,25.14,11.86,10.165,24.064999999999998,33.69,0.0,41.0
2021-07-24 13:00:56,24.453333333333333,11.535000000000002,9.915,18.195,26.804999999999996,0.0,61.51
2021-07-24 14:00:56,28.0,11.74,10.14,15.530000000000001,23.405,0.0,55.73
2021-07-24 15:00:56,30.62333333333333,8.18,9.97,17.08,25.145,0.0,44.74
2021-07-24 16:00:56,31.97333333333333,5.395,12.135,13.995,21.465000000000003,0.0,50.31
2021-07-24 17:00:56,47.02,5.505,14.775,14.37,22.34,0.0,47.44
2021-07-24 18:00:56,53.1,6.845,14.735,15.094999999999999,23.34,0.0,49.5
2021-07-24 19:00:56,37.50666666666667,8.875,14.965000000000002,14.51,21.485,0.0,54.56
2021-07-24 20:00:56,35.10666666666667,8.175,15.199999999999998,17.0,24.605,0.0,50.96
2021-07-24 21:00:56,29.796666666666667,7.895,15.745,17.375,25.065,0.0,53.87
2021-07-24 22:00:56,31.803333333333335,11.159999999999998,16.02,14.555,21.61,0.0,49.56
2021-07-24 23:00:56,30.726666666666667,10.43,16.450000000000003,10.53,17.38,0.0,49.17
2021-07-25 00:00:56,30.78666666666667,12.964999999999998,16.495,9.01,15.56,0.0,52.78
2021-07-25 01:00:56,28.246666666666666,10.05,16.715,16.650000000000002,27.48,0.0,52.49
2021-07-25 02:00:56,28.62,10.415,11.875,11.674999999999999,18.825,0.0,48.09
2021-07-25 03:00:56,26.86,10.34,11.61,8.955,15.415,0.0,48.35
2021-07-25 04:00:56,21.0,9.07,17.055,19.849999999999998,26.825,0.0,50.18
2021-07-25 05:00:56,17.35,8.27,18.125,15.62,22.645,0.0,49.82
2021-07-25 06:00:56,20.973333333333333,7.295000000000001,16.795,21.19,27.645,0.0,42.54
2021-07-25 07:00:56,40.62,14.12,19.205,24.345,31.135,0.0,33.77
2021-07-25 08:00:56,51.46333333333334,18.505,30.370000000000005,27.569999999999997,35.995,0.0,34.79
2021-07-25 09:00:56,44.0,15.655000000000001,28.095,25.565,33.545,0.0,41.5
2021-07-25 10:00:56,30.293333333333333,17.299999999999997,14.145000000000001,11.07,18.205,0.0,54.64
2021-07-25 11:00:56,30.786666666666665,12.295,12.025,15.795000000000002,24.155,0.0,52.79
2021-07-25 12:00:56,30.613333333333333,12.43,11.085,16.315,24.08,0.0,54.64
2021-07-25 13:00:56,26.56,13.39,10.37,18.53,27.245000000000005,0.0,59.08
2021-07-25 14:00:56,21.44333333333333,10.985,10.12,18.435,27.395,0.0,51.46
2021-07-25 15:00:56,21.236666666666665,8.61,10.515,19.34,28.48,0.0,48.56
2021-07-25 16:00:56,19.236666666666668,5.510000000000001,11.705,17.64,26.08,0.0,47.15
2021-07-25 17:00:56,21.723333333333333,4.255,11.65,13.87,21.275000000000002,0.0,48.95
2021-07-25 18:00:56,29.886666666666667,2.865,11.805,12.775,19.695,0.0,48.21
2021-07-25 19:00:56,31.683333333333337,2.49,11.895000000000001,14.6,21.59,0.0,45.18
2021-07-25 20:00:56,33.38666666666666,9.19,11.094999999999999,14.384999999999998,21.465,0.0,43.95
2021-07-25 21:00:56,37.69,13.170000000000002,10.85,17.465,25.100000000000005,0.0,48.07
2021-07-25 22:00:56,41.65,8.675,10.635,18.8,26.820000000000004,0.0,46.11
2021-07-25 23:00:56,39.07333333333334,8.26,11.235,15.339999999999998,22.275000000000002,0.0,55.7
2021-07-26 00:00:56,32.63,9.13,11.085,20.815,29.400000000000002,0.0,50.89
2021-07-26 01:00:56,29.056666666666665,7.544999999999999,11.104999999999999,14.365,21.31,0.0,54.27
2021-07-26 02:00:56,29.866666666666667,5.580000000000001,11.299999999999999,9.950000000000001,16.37,0.0,49.83
2021-07-26 03:00:56,32.45333333333333,6.79,11.699999999999998,9.325,16.060000000000002,0.0,47.85
2021-07-26 04:00:56,32.196666666666665,16.285,13.37,11.854999999999999,18.334999999999997,0.0,46.16
2021-07-26 05:00:56,32.50333333333333,13.165,15.674999999999999,20.185,27.38,0.0,34.78
2021-07-26 06:00:56,38.019999999999996,10.780000000000001,14.99,22.465,29.61,0.0,36.34
2021-07-26 07:00:56,35.28333333333333,20.680000000000003,19.365,36.725,45.115,0.0,19.07
2021-07-26 08:00:56,56.28666666666667,28.575,26.275000000000002,39.0,52.645,0.0,19.14
2021-07-26 09:00:56,57.82666666666667,27.649999999999995,20.005,24.52,31.700000000000003,0.0,34.96
2021-07-26 10:00:56,45.05666666666667,27.59,16.135,28.465000000000003,38.74,0.0,34.95
2021-07-26 11:00:56,38.43333333333333,21.8,17.42,30.92,39.75,0.0,37.51
2021-07-26 12:00:56,39.07666666666667,15.46,15.25,33.435,45.02,0.0,35.72
2021-07-26 13:00:56,30.52333333333333,11.339999999999998,12.354999999999999,25.724999999999998,35.36,0.0,46.0
2021-07-26 14:00:56,24.686666666666667,9.495,10.995,36.58,50.85,0.0,28.0
2021-07-26 15:00:56,27.89666666666667,9.015,11.160000000000002,30.334999999999997,41.199999999999996,0.0,31.84
2021-07-26 16:00:56,22.196666666666665,6.914999999999999,11.58,24.070000000000004,33.93,0.0,33.95
2021-07-26 17:00:56,19.826666666666664,4.4750000000000005,11.44,33.225,45.120000000000005,0.0,27.24
2021-07-26 18:00:56,22.196666666666665,2.735,11.469999999999999,25.900000000000002,35.589999999999996,0.0,30.11
2021-07-26 19:00:56,64.79333333333334,5.355,12.33,18.87,26.08,0.0,37.21
2021-07-26 20:00:56,58.31333333333333,14.604999999999999,10.665,42.88,52.150000000000006,0.0,36.18
2021-07-26 21:00:56,41.1,22.820000000000004,11.775,53.995000000000005,72.065,0.0,21.72
2021-07-26 22:00:56,36.21666666666667,20.505,13.37,58.169999999999995,73.33,0.0,15.94
2021-07-26 23:00:56,40.70333333333333,17.175,12.085,61.050000000000004,82.37,0.0,14.76
2021-07-27 00:00:56,41.596666666666664,13.225,11.950000000000001,59.285,70.64999999999999,0.0,13.3
2021-07-27 01:00:56,38.47,14.405000000000001,12.825000000000001,56.805,66.815,0.0,19.17
2021-07-27 02:00:56,44.05,18.09,13.915,40.73,48.415,0.0,15.48
2021-07-27 03:00:56,68.65666666666667,32.12,14.4,33.92,41.3,0.0,18.01
2021-07-27 04:00:56,86.98666666666666,46.5,13.885,31.330000000000002,37.92,0.0,16.5
2021-07-27 05:00:56,64.33,50.835,14.915,27.465,34.39,0.0,18.59
2021-07-27 06:00:56,65.51666666666667,33.655,16.42,32.125,38.795,0.0,16.15
2021-07-27 07:00:56,67.80666666666667,42.475,32.2,38.895,52.635,0.0,13.46
2021-07-27 08:00:56,85.34333333333333,53.574999999999996,47.254999999999995,46.905,69.23,0.0,14.03
2021-07-27 09:00:56,95.62666666666667,54.419999999999995,32.465,43.285,58.004999999999995,0.0,19.36
2021-07-27 10:00:56,74.97,38.885,24.875,33.525000000000006,42.300000000000004,0.0,31.07
2021-07-27 11:00:56,49.85333333333333,25.41,24.005,29.034999999999997,38.13,0.0,35.72
2021-07-27 12:00:56,39.629999999999995,14.339999999999998,13.505,10.275,17.060000000000002,0.0,48.9
2021-07-27 13:00:56,25.63,12.094999999999999,11.57,14.1,21.1,0.0,58.71
2021-07-27 14:00:56,26.816666666666666,8.92,11.565,15.5,22.84,0.0,47.35
2021-07-27 15:00:56,20.93,6.085,12.550000000000002,23.73,33.265,0.0,44.44
2021-07-27 16:00:56,31.30333333333333,3.4150000000000005,12.949999999999998,29.825000000000003,42.24,0.0,34.9
2021-07-27 17:00:56,56.57,2.66,12.82,15.6,23.459999999999997,0.0,37.13
2021-07-27 18:00:56,55.760000000000005,5.765000000000001,12.450000000000001,16.835,24.55,0.0,39.0
2021-07-27 19:00:56,50.99,12.29,13.205,16.125,23.334999999999997,0.0,39.79
2021-07-27 20:00:56,46.696666666666665,9.775,13.57,16.865,24.070000000000004,0.0,41.58
2021-07-27 21:00:56,42.013333333333335,12.595,16.15,22.34,29.215,0.0,43.47
2021-07-27 22:00:56,42.836666666666666,12.165,14.195,34.395,45.285,0.0,34.0
2021-07-27 23:00:56,43.556666666666665,10.105,12.229999999999999,34.155,44.79,0.0,32.94
2021-07-28 00:00:56,42.59666666666667,7.325,13.604999999999999,37.455,47.160000000000004,0.0,34.4
2021-07-28 01:00:56,43.71333333333333,4.58,22.655,30.66,39.695,0.0,47.13
2021-07-28 02:00:56,46.343333333333334,9.69,19.005,15.055,21.599999999999998,0.0,51.01
2021-07-28 03:00:56,40.526666666666664,8.62,16.835,19.42,26.0,0.0,41.02
2021-07-28 04:00:56,33.46666666666667,7.335000000000001,13.780000000000001,19.96,26.899999999999995,0.0,34.1
2021-07-28 05:00:56,36.416666666666664,13.75,16.785,29.155,36.415,0.0,27.32
2021-07-28 06:00:56,33.373333333333335,11.410000000000002,16.515,23.73,31.084999999999997,0.0,30.14
2021-07-28 07:00:56,37.03666666666667,17.08,19.58,39.52,54.895,0.0,24.7
2021-07-28 08:00:56,43.166666666666664,23.515,19.265,41.155,54.830000000000005,0.0,27.78
2021-07-28 09:00:56,34.473333333333336,16.855,13.604999999999999,18.605,26.26,0.0,48.75
2021-07-28 10:00:56,33.18,12.424999999999999,12.63,14.81,21.834999999999997,0.0,52.53
2021-07-28 11:00:56,25.496666666666666,9.07,11.37,14.195,24.375,0.0,52.23
2021-07-28 12:00:56,29.040000000000003,5.53,10.615,12.87,20.13,0.0,50.55
2021-07-28 13:00:56,35.68666666666667,7.23,10.595,11.475,18.57,0.0,58.4
2021-07-28 14:00:56,39.21333333333333,11.245,11.25,14.295,21.745,0.0,45.79
2021-07-28 15:00:56,34.806666666666665,11.659999999999998,12.65,14.455,21.99,0.0,46.05
2021-07-28 16:00:56,31.946666666666665,8.54,12.08,17.285,25.59,0.0,47.71
2021-07-28 17:00:56,44.166666666666664,8.105,12.135,17.59,25.425,0.0,50.15
2021-07-28 18:00:56,36.473333333333336,6.095,12.235,17.275000000000002,25.365,0.0,49.94
2021-07-28 19:00:56,26.813333333333333,10.08,12.674999999999999,17.86,26.11,0.0,57.45
2021-07-28 20:00:56,19.21,8.035,12.88,22.665000000000003,32.02,0.0,45.24
2021-07-28 21:00:56,16.60333333333333,10.11,11.979999999999999,26.975000000000005,37.755,0.0,41.43
2021-07-28 22:00:56,29.52,8.88,11.775,28.86,37.650000000000006,0.0,43.52
2021-07-28 23:00:56,32.693333333333335,7.07,12.07,36.955000000000005,47.449999999999996,0.0,41.74
2021-07-29 00:00:56,32.833333333333336,9.450000000000001,12.255,29.340000000000003,38.775,0.0,41.21
2021-07-29 01:00:56,30.006666666666668,13.479999999999999,13.75,47.48,57.535000000000004,0.0,32.82
2021-07-29 02:00:56,41.593333333333334,15.12,21.450000000000003,47.54999999999999,54.905,0.0,28.69
2021-07-29 03:00:56,54.906666666666666,9.305,24.72,40.07,47.31,0.0,30.42
2021-07-29 04:00:56,43.416666666666664,12.965000000000002,25.580000000000002,42.485,50.550000000000004,0.0,23.74
2021-07-29 05:00:56,45.49333333333334,20.205,38.55500000000001,44.01,50.645,0.0,20.61
2021-07-29 06:00:56,54.68,31.444999999999997,39.94,38.285,48.04999999999999,0.0,19.7
2021-07-29 07:00:56,58.01,27.115,31.210000000000004,36.9,49.24,0.0,19.89
2021-07-29 08:00:56,44.733333333333334,29.959999999999997,28.995,44.055,61.580000000000005,0.0,22.96
2021-07-29 09:00:56,39.943333333333335,32.315,22.209999999999997,36.985,47.475,0.0,31.12
2021-07-29 10:00:56,79.27,19.11,27.92,36.1,46.57,0.0,37.45
2021-07-29 11:00:56,60.48,15.954999999999998,14.475,16.97,24.135,0.0,46.89
2021-07-29 12:00:56,37.83,14.344999999999999,11.735,12.159999999999998,18.635,0.0,52.38
2021-07-29 13:00:56,29.51,14.584999999999999,10.685,12.9,19.85,0.0,59.25
2021-07-29 14:00:56,25.03,8.995,10.655,19.635,30.22,0.0,48.24
2021-07-29 15:00:56,19.363333333333333,6.53,12.095,19.395,29.445000000000004,0.0,45.21
2021-07-29 16:00:56,17.566666666666666,5.595,11.565,18.25,26.919999999999998,0.0,47.02
2021-07-29 17:00:56,19.743333333333332,3.8049999999999997,11.295,20.365,30.415000000000003,0.0,45.73
2021-07-29 18:00:56,23.43,3.395,11.26,17.785,25.99,0.0,47.7
2021-07-29 19:00:56,33.46666666666667,2.685,11.285000000000002,19.42,27.980000000000004,0.0,50.19
2021-07-29 20:00:56,30.476666666666667,2.6,11.33,24.825,33.63,0.0,46.91
2021-07-29 21:00:56,26.303333333333335,4.875,10.770000000000001,27.375,36.18,0.0,44.45
2021-07-29 22:00:56,35.626666666666665,8.895000000000001,10.22,31.2,41.995,0.0,43.98
2021-07-29 23:00:56,35.233333333333334,8.165000000000001,10.81,35.465,45.35,0.0,36.87
2021-07-30 00:00:56,32.10333333333333,10.99,14.174999999999999,38.169999999999995,48.65,0.0,41.16
2021-07-30 01:00:56,31.086666666666666,10.735,14.835,36.800000000000004,44.85,0.0,36.91
2021-07-30 02:00:56,39.13,7.945,14.530000000000001,26.705,35.475,0.0,45.42
2021-07-30 03:00:56,27.37,8.16,20.695,26.439999999999998,32.574999999999996,0.0,58.43
2021-07-30 04:00:56,30.813333333333333,9.055,17.825,26.345,32.365,0.0,38.09
2021-07-30 05:00:56,47.67,22.16,37.474999999999994,32.285,38.755,0.0,33.15
2021-07-30 06:00:56,50.51,25.834999999999997,49.565,39.245000000000005,46.99,0.0,27.31
2021-07-30 07:00:56,57.78333333333333,29.865,34.905,42.830000000000005,58.254999999999995,0.0,25.42
2021-07-30 08:00:56,66.93333333333334,34.84,113.185,58.935,86.935,0.0,19.03
2021-07-30 09:00:56,66.54,33.62,61.699999999999996,46.4,59.794999999999995,0.0,31.17
2021-07-30 10:00:56,59.11666666666667,31.355,35.315,29.7,38.300000000000004,0.0,48.12
2021-07-30 11:00:56,46.5,26.400000000000002,23.689999999999998,22.26,29.74,0.0,57.38
2021-07-30 12:00:56,39.120000000000005,18.48,21.425,19.965,26.955,0.0,57.6
2021-07-30 13:00:56,34.28666666666667,15.235,15.775,21.005,31.060000000000002,0.0,52.94
2021-07-30 14:00:56,23.57333333333333,10.12,11.745,18.42,27.435,0.0,37.1
2021-07-30 15:00:56,19.703333333333333,6.035,11.714999999999998,21.69,32.42,0.0,34.38
2021-07-30 16:00:56,18.336666666666666,4.26,11.424999999999999,18.98,28.439999999999998,0.0,34.71
2021-07-30 17:00:56,10.77,4.91,6.43,24.355,35.120000000000005,0.0,32.29
2021-07-30 18:00:56,13.530000000000001,3.375,6.599999999999999,20.22,29.285,0.0,42.48
2021-07-30 19:00:56,25.490000000000002,5.045,12.25,23.155,32.405,0.0,39.52
2021-07-30 20:00:56,31.183333333333334,8.280000000000001,12.85,22.304999999999996,31.045,0.0,37.21
2021-07-30 21:00:56,32.81,11.06,12.979999999999999,23.255,31.505,0.0,37.29
2021-07-30 22:00:56,37.86333333333334,11.525,11.969999999999999,27.319999999999997,36.345,0.0,39.85
2021-07-30 23:00:56,41.6,12.295000000000002,11.625,27.064999999999998,35.83,0.0,46.66
2021-07-31 00:00:56,40.20333333333333,13.745,12.135,27.995,38.555,0.0,39.74
2021-07-31 01:00:56,41.03,11.96,11.795,21.84,29.834999999999997,0.0,53.77
2021-07-31 02:00:56,35.93666666666667,9.425,18.535,28.595,34.800000000000004,0.0,47.88
2021-07-31 03:00:56,38.60666666666667,18.405,50.224999999999994,39.07,45.115,0.0,37.21
2021-07-31 04:00:56,41.79,24.665000000000003,48.98500000000001,40.425000000000004,46.085,0.0,29.91
2021-07-31 05:00:56,56.466666666666676,21.115,32.36,33.199999999999996,38.705,0.0,28.26
2021-07-31 06:00:56,48.04,24.840000000000003,25.790000000000003,38.715,44.98,0.0,27.44
2021-07-31 07:00:56,51.29333333333333,24.015,28.340000000000003,36.81,43.625,0.0,23.26
2021-07-31 08:00:56,53.57333333333333,30.44,145.62,54.335,66.31,0.0,16.36
2021-07-31 09:00:56,69.47,30.675,47.13999999999999,50.464999999999996,59.0,0.0,25.07
2021-07-31 10:00:56,65.48333333333333,28.195000000000004,32.625,41.035000000000004,48.199999999999996,0.0,36.87
2021-07-31 11:00:56,51.446666666666665,20.03,25.804999999999996,30.545,36.330000000000005,0.0,45.85
2021-07-31 12:00:56,48.77333333333333,15.14,21.665000000000003,25.655,31.349999999999998,0.0,48.32
2021-07-31 13:00:56,37.85666666666667,11.385,14.195,27.064999999999998,32.535,0.0,38.61
2021-07-31 14:00:56,31.053333333333335,13.410000000000002,14.954999999999998,30.36,36.39,0.0,37.51
2021-07-31 15:00:56,29.75,17.17,13.61,29.905,35.55,0.0,36.22
2021-07-31 16:00:56,26.633333333333333,12.58,12.950000000000001,29.820000000000004,35.580000000000005,0.0,36.38
2021-07-31 17:00:56,31.986666666666665,8.969999999999999,12.479999999999999,30.349999999999998,36.120000000000005,0.0,36.96
2021-07-31 18:00:56,28.676666666666666,5.300000000000001,12.155,30.495,36.449999999999996,0.0,37.49
2021-07-31 19:00:56,29.78,14.14,11.945,32.875,38.44,0.0,37.5
2021-07-31 20:00:56,43.99333333333334,11.455,12.049999999999999,31.630000000000006,37.46,0.0,38.83
2021-07-31 21:00:56,57.72666666666667,9.25,12.22,30.195000000000004,35.75,0.0,40.22
2021-07-31 22:00:56,58.95666666666666,10.635,12.18,27.685000000000002,33.32,0.0,40.85
2021-07-31 23:00:56,47.47333333333333,9.27,11.64,24.290000000000003,29.814999999999998,0.0,43.05
2021-08-01 00:00:56,29.473333333333333,10.839999999999998,14.530000000000001,26.37,32.19,0.0,42.0
2021-08-01 01:00:56,20.776666666666667,15.655,20.69,33.14,38.925000000000004,0.0,36.5
2021-08-01 02:00:56,25.46,12.175000000000002,24.39,37.945,43.23499999999999,0.0,37.38
2021-08-01 03:00:56,20.376666666666665,11.969999999999999,33.475,36.675000000000004,41.96,0.0,35.55
2021-08-01 04:00:56,30.82,11.284999999999998,42.345,36.53,41.91,0.0,30.68
2021-08-01 05:00:56,40.696666666666665,17.345,30.105,33.995,39.585,0.0,29.47
2021-08-01 06:00:56,58.53666666666666,20.905,45.224999999999994,32.39,38.0,0.0,32.96
2021-08-01 07:00:56,52.16333333333333,26.834999999999997,42.0,35.794999999999995,43.145,0.0,29.05
2021-08-01 08:00:56,43.596666666666664,23.17,48.349999999999994,36.48,44.830000000000005,0.0,28.79
2021-08-01 09:00:56,44.47666666666667,20.385,38.24,30.950000000000003,37.24,0.0,33.26
2021-08-01 10:00:56,49.053333333333335,18.08,18.64,26.34,32.145,0.0,37.15
2021-08-01 11:00:56,44.446666666666665,15.354999999999999,11.469999999999999,23.48,28.925,0.0,42.4
2021-08-01 12:00:56,35.35666666666667,9.51,10.805,25.149999999999995,30.625,0.0,40.92
2021-08-01 13:00:56,24.306666666666665,11.415,10.714999999999998,27.5,32.945,0.0,40.86
2021-08-01 14:00:56,20.60333333333333,8.82,11.485,29.879999999999995,35.615,0.0,34.88
2021-08-01 15:00:56,17.953333333333333,7.34,12.085,31.540000000000003,37.675,0.0,34.84
2021-08-01 16:00:56,17.106666666666666,5.285,11.75,31.925,37.69,0.0,33.83
2021-08-01 17:00:56,22.21666666666667,3.4150000000000005,11.969999999999999,31.294999999999998,36.76,0.0,35.93
2021-08-01 18:00:56,27.44,3.595,11.935,29.22,34.949999999999996,0.0,37.41
2021-08-01 19:00:56,35.656666666666666,7.32,11.985,26.649999999999995,32.405,0.0,39.63
2021-08-01 20:00:56,42.833333333333336,11.345,12.565,24.27,30.01,0.0,39.82
2021-08-01 21:00:56,43.30666666666667,9.355,12.5,24.605,30.31,0.0,37.37
2021-08-01 22:00:56,40.766666666666666,6.745000000000001,12.280000000000001,25.42,30.925,0.0,39.33
2021-08-01 23:00:56,45.56666666666667,13.51,11.905,23.27,28.645,0.0,42.02
2021-08-02 00:00:56,33.70666666666666,9.805,12.15,21.334999999999997,26.815,0.0,42.85
2021-08-02 01:00:56,35.04666666666667,10.23,12.839999999999998,21.055,26.385,0.0,43.13
2021-08-02 02:00:56,29.856666666666666,14.015,12.685,20.13,25.755000000000006,0.0,43.92
2021-08-02 03:00:56,32.836666666666666,14.94,18.105,21.67,27.05,0.0,46.96
2021-08-02 04:00:56,32.41,11.14,23.355,23.895,29.425,0.0,39.92
2021-08-02 05:00:56,50.22666666666667,12.299999999999999,23.635,26.925,32.345,0.0,36.63
2021-08-02 06:00:56,57.74,24.235,28.47,27.804999999999996,33.324999999999996,0.0,33.58
2021-08-02 07:00:56,67.50666666666666,30.735,45.544999999999995,30.58,36.535000000000004,0.0,30.41
2021-08-02 08:00:56,77.61666666666667,36.08,61.51499999999999,35.86,43.12,0.0,24.94
2021-08-02 09:00:56,75.73,39.085,45.125,40.32,47.4,0.0,29.25
2021-08-02 10:00:56,67.85333333333334,29.435,14.81,29.715,35.49,0.0,38.95
2021-08-02 11:00:56,49.989999999999995,20.63,12.625,27.155,33.044999999999995,0.0,40.6
2021-08-02 12:00:56,38.693333333333335,14.385,11.785000000000002,25.895,31.649999999999995,0.0,38.91
2021-08-02 13:00:56,32.4,14.08,12.405000000000001,27.185000000000002,33.15,0.0,36.39
2021-08-02 14:00:56,24.13,9.46,11.844999999999999,28.55,34.675000000000004,0.0,33.27
2021-08-02 15:00:56,23.450000000000003,11.714999999999998,11.625,30.870000000000005,36.825,0.0,27.9
2021-08-02 16:00:56,25.51,8.63,11.655000000000001,31.545,37.775,0.0,30.12
2021-08-02 17:00:56,25.636666666666667,5.18,11.840000000000002,29.895,35.97,0.0,33.37
2021-08-02 18:00:56,30.950000000000003,3.2750000000000004,11.85,30.17,35.995000000000005,0.0,32.77
2021-08-02 19:00:56,36.64666666666667,16.05,12.229999999999999,31.040000000000003,36.965,0.0,33.17
2021-08-02 20:00:56,42.79666666666667,16.415,12.549999999999999,31.165000000000003,36.915,0.0,34.53
2021-08-02 21:00:56,63.88,10.65,13.36,29.64,35.349999999999994,0.0,35.27
2021-08-02 22:00:56,51.33,8.77,12.445,27.0,32.405,0.0,35.42
2021-08-02 23:00:56,40.41333333333333,12.445,11.935,27.544999999999998,33.565,0.0,36.2
2021-08-03 00:00:56,50.13666666666666,12.79,11.69,27.89,33.685,0.0,31.22
2021-08-03 01:00:56,40.96,12.865,12.015,27.245,32.515,0.0,35.29
2021-08-03 02:00:56,44.233333333333334,12.275,12.865,26.69,32.265,0.0,33.67
2021-08-03 03:00:56,49.95666666666667,13.89,29.86,32.589999999999996,38.150000000000006,0.0,36.85
2021-08-03 04:00:56,42.343333333333334,16.515,26.28,26.315,31.765,0.0,31.21
2021-08-03 05:00:56,66.73,23.41,44.605,34.43000000000001,40.0,0.0,26.76
2021-08-03 06:00:56,61.44,26.650000000000002,28.89,32.095,37.985,0.0,30.73
2021-08-03 07:00:56,57.79,31.48,26.095,32.49,39.14,0.0,24.56
2021-08-03 08:00:56,66.01333333333334,31.015,51.305,42.835,51.855,0.0,21.1
2021-08-03 09:00:56,80.38333333333333,32.2,24.435000000000002,40.31,47.27,0.0,24.46
2021-08-03 10:00:56,67.52333333333333,25.525000000000002,19.900000000000002,33.870000000000005,39.785,0.0,34.47
2021-08-03 11:00:56,66.62,16.845,23.61,27.26,33.125,0.0,38.51
2021-08-03 12:00:56,46.333333333333336,17.9,14.915,22.775000000000002,28.645,0.0,42.09
2021-08-03 13:00:56,35.84,14.44,14.564999999999998,24.135,29.635,0.0,36.52
2021-08-03 14:00:56,25.883333333333333,10.975,15.020000000000001,24.875,30.495000000000005,0.0,29.46
2021-08-03 15:00:56,20.673333333333336,7.555,12.68,30.975000000000005,36.9,0.0,24.91
2021-08-03 16:00:56,17.43,4.935,12.565,34.73,40.935,0.0,24.24
2021-08-03 17:00:56,22.013333333333332,4.255,13.065,36.595,42.85,0.0,23.9
2021-08-03 18:00:56,29.939999999999998,4.095,13.415,37.645,43.77,0.0,23.31
2021-08-03 19:00:56,39.486666666666665,11.555,13.035000000000002,37.705000000000005,43.785,0.0,27.5
2021-08-03 20:00:56,54.516666666666666,13.674999999999999,12.770000000000001,36.315,42.105,0.0,30.57
2021-08-03 21:00:56,60.11333333333334,16.555,13.824999999999998,33.265,38.835,0.0,29.79
2021-08-03 22:00:56,58.00666666666667,18.54,14.1,30.850000000000005,36.61,0.0,29.22
2021-08-03 23:00:56,47.46666666666667,20.045,13.520000000000001,29.13,34.715,0.0,28.68
2021-08-04 00:00:56,47.51,19.18,17.01,28.790000000000003,34.6,0.0,26.69
2021-08-04 01:00:56,49.00666666666667,12.604999999999999,14.165,26.715000000000003,32.58,0.0,23.95
2021-08-04 02:00:56,46.153333333333336,16.66,12.585,25.105,30.61,0.0,24.1
2021-08-04 03:00:56,43.55666666666667,20.93,14.255,25.97,31.445000000000004,0.0,30.85
2021-08-04 04:00:56,38.43666666666667,14.924999999999999,21.16,32.29,37.65,0.0,27.75
2021-08-04 05:00:56,40.88333333333333,16.935000000000002,31.650000000000002,32.525,38.205,0.0,26.94
2021-08-04 06:00:56,45.916666666666664,22.47,25.935000000000002,29.525000000000002,35.16,0.0,23.68
2021-08-04 07:00:56,57.486666666666665,31.235,52.865,35.550000000000004,43.01,0.0,19.53
2021-08-04 08:00:56,56.446666666666665,28.334999999999997,47.41,43.26500000000001,55.64000000000001,0.0,17.11
2021-08-04 09:00:56,49.546666666666674,27.179999999999996,40.95,42.75,51.19,0.0,14.73
2021-08-04 10:00:56,71.14,22.425,53.0,38.76,45.685,0.0,22.5
2021-08-04 11:00:56,57.39333333333333,17.825,28.584999999999997,28.83,34.685,0.0,31.84
2021-08-04 12:00:56,48.17666666666667,9.799999999999999,23.78,26.840000000000003,32.325,0.0,37.06
2021-08-04 13:00:56,42.263333333333335,13.199999999999998,18.23,25.885,31.935000000000002,0.0,30.7
2021-08-04 14:00:56,28.176666666666662,9.195,13.964999999999998,29.445000000000004,35.455,0.0,24.92
2021-08-04 15:00:56,22.35,5.21,12.815,31.445000000000004,37.660000000000004,0.0,25.41
2021-08-04 16:00:56,23.306666666666665,3.56,12.479999999999999,35.88,42.13,0.0,23.81
2021-08-04 17:00:56,26.656666666666666,3.4149999999999996,12.145000000000001,35.055,41.1,0.0,25.86
2021-08-04 18:00:56,43.24666666666667,4.2299999999999995,12.530000000000001,31.929999999999996,37.885,0.0,29.43
2021-08-04 19:00:56,61.54,5.1499999999999995,12.49,30.875,36.78,0.0,27.94
2021-08-04 20:00:56,54.18666666666667,6.735,12.815,30.51,36.505,0.0,29.22
2021-08-04 21:00:56,47.22,10.17,13.225,32.165,38.14,0.0,28.52
2021-08-04 22:00:56,49.82333333333333,11.19,13.085,29.810000000000002,35.135,0.0,31.39
2021-08-04 23:00:56,53.81,9.555,13.1,29.785,35.58,0.0,30.35
2021-08-05 00:00:56,54.11333333333334,9.67,12.74,31.265,36.85,0.0,28.7
2021-08-05 01:00:56,43.67333333333333,17.319999999999997,12.375,29.61,35.25,0.0,29.27
2021-08-05 02:00:56,40.11333333333333,15.64,12.395000000000001,23.560000000000002,29.02,0.0,34.48
2021-08-05 03:00:56,35.04,14.145000000000001,16.63,22.49,28.175,0.0,35.51
2021-08-05 04:00:56,41.15,12.770000000000001,26.194999999999997,25.429999999999996,30.74,0.0,33.09
2021-08-05 05:00:56,41.31666666666666,15.985,25.269999999999996,26.429999999999996,32.074999999999996,0.0,29.54
2021-08-05 06:00:56,36.343333333333334,20.445,35.845,31.78,37.36,0.0,24.36
2021-08-05 07:00:56,39.79333333333334,22.445000000000004,35.145,37.22,45.16,0.0,23.77
2021-08-05 08:00:56,48.99666666666667,29.755,51.75,42.28,52.01500000000001,0.0,19.75
2021-08-05 09:00:56,54.080000000000005,22.625,41.735,44.754999999999995,52.89000000000001,0.0,18.51
2021-08-05 10:00:56,64.51333333333334,21.26,26.05,36.92,43.28,0.0,31.15
2021-08-05 11:00:56,57.39333333333333,22.01,22.785,29.47,35.525,0.0,38.19
2021-08-05 12:00:56,47.50333333333333,14.020000000000001,8.935,26.895,32.56,0.0,41.19
2021-08-05 13:00:56,43.71666666666667,11.13,9.805,3.94,0.0,0.0,32.23
2021-08-05 14:00:56,37.516666666666666,9.645,13.185,30.23,36.065,0.0,25.8
2021-08-05 15:00:56,34.266666666666666,8.4,12.625,32.285000000000004,38.29,0.0,27.05
2021-08-05 16:00:56,32.96,5.2749999999999995,12.645000000000001,33.63,39.81,0.0,25.36
2021-08-05 17:00:56,31.173333333333332,5.925,12.87,35.875,41.995000000000005,0.0,26.4
2021-08-05 18:00:56,40.94,4.48,13.045000000000002,36.205000000000005,42.214999999999996,0.0,27.19
2021-08-05 19:00:56,40.77333333333333,7.855,12.729999999999999,37.405,43.68000000000001,0.0,30.27
2021-08-05 20:00:56,55.016666666666666,10.67,12.88,35.18,41.08,0.0,33.56
2021-08-05 21:00:56,56.59666666666667,9.0,13.530000000000001,32.855,38.574999999999996,0.0,31.91
2021-08-05 22:00:56,54.6,8.540000000000001,13.214999999999998,30.16,35.78,0.0,34.56
2021-08-05 23:00:56,47.63,8.755,15.229999999999999,29.015,34.21,0.0,33.22
2021-08-06 00:00:56,50.5,15.935,12.770000000000001,29.515,35.175,0.0,30.59
2021-08-06 01:00:56,41.123333333333335,18.48,12.62,32.645,38.295,0.0,30.62
2021-08-06 02:00:56,43.553333333333335,15.24,18.36,31.63,37.12,0.0,35.35
2021-08-06 03:00:56,40.34,13.964999999999998,42.17,35.21,40.465,0.0,29.17
2021-08-06 04:00:56,40.35666666666667,14.995,45.19,34.085,39.54,0.0,26.43
2021-08-06 05:00:56,44.10333333333334,18.745,67.035,37.56,43.69,0.0,26.09
2021-08-06 06:00:56,50.84,26.005,57.330000000000005,37.73,43.620000000000005,0.0,24.2
2021-08-06 07:00:56,54.46,21.28,36.815,35.085,42.495000000000005,0.0,21.5
2021-08-06 08:00:56,61.17,26.095,65.92,48.69,60.455000000000005,0.0,19.85
2021-08-06 09:00:56,58.49,25.005,31.435000000000002,50.62,59.99,0.0,19.69
2021-08-06 10:00:56,58.14,19.935,17.98,39.46,46.02,0.0,31.25
2021-08-06 11:00:56,51.86666666666667,19.485,14.44,26.345,31.8,0.0,41.91
2021-08-06 12:00:56,38.59,13.770000000000001,12.705,23.86,29.439999999999998,0.0,40.67
2021-08-06 13:00:56,24.416666666666668,7.8549999999999995,13.795000000000002,22.584999999999997,28.290000000000003,0.0,39.02
2021-08-06 14:00:56,23.54,7.455000000000001,15.415,22.580000000000002,28.39,0.0,40.3
2021-08-06 15:00:56,22.853333333333335,7.655,15.050000000000002,25.01,30.615,0.0,37.33
2021-08-06 16:00:56,23.05,6.1000000000000005,16.205,28.959999999999997,34.87,0.0,36.79
2021-08-06 17:00:56,28.116666666666667,4.234999999999999,14.575000000000001,30.77,36.53,0.0,31.86
2021-08-06 18:00:56,30.356666666666666,3.265,12.660000000000002,33.005,38.46,0.0,33.34
2021-08-06 19:00:56,34.93,6.3500000000000005,11.924999999999999,33.335,39.36,0.0,36.59
2021-08-06 20:00:56,32.31666666666667,8.33,14.649999999999999,53.425000000000004,66.58500000000001,0.0,26.4
2021-08-06 21:00:56,52.71333333333333,9.295,14.660000000000002,46.585,58.82,0.0,3.73
2021-08-06 22:00:56,48.61333333333334,31.745,11.079999999999998,90.58,106.31,0.0,5.08
2021-08-06 23:00:56,48.57333333333333,30.474999999999998,12.525,75.785,83.965,0.0,7.3
2021-08-07 00:00:56,53.91,24.61,12.26,76.045,83.795,0.0,11.91
2021-08-07 01:00:56,49.94,19.565,12.57,73.47500000000001,80.48,0.0,16.59
2021-08-07 02:00:56,65.78333333333333,18.995,17.995,65.835,72.535,0.0,12.5
2021-08-07 03:00:56,66.16,21.115,20.69,50.29999999999999,55.76,0.0,26.54
2021-08-07 04:00:56,61.406666666666666,13.159999999999998,25.795,41.82,47.145,0.0,30.87
2021-08-07 05:00:56,57.25666666666667,9.625,30.820000000000004,33.22,38.88,0.0,34.44
2021-08-07 06:00:56,55.343333333333334,8.545,32.99,30.88,36.085,0.0,34.63
2021-08-07 07:00:56,54.36333333333333,6.06,23.235,30.285,35.93,0.0,32.18
2021-08-07 08:00:56,49.72,10.435,31.575,54.03,62.635,0.0,18.75
2021-08-07 09:00:56,62.56,12.410000000000002,49.31,64.00999999999999,74.395,0.0,15.31
2021-08-07 10:00:56,78.07000000000001,18.39,53.68,53.375,61.199999999999996,0.0,19.35
2021-08-07 11:00:56,75.71,19.51,36.885,49.04,55.71000000000001,0.0,25.77
2021-08-07 12:00:56,63.69666666666666,17.71,20.36,37.985,43.635,0.0,33.18
2021-08-07 13:00:56,58.52,16.8,16.33,29.595,35.175000000000004,0.0,41.96
2021-08-07 14:00:56,50.03,13.085,17.295,26.705,32.425000000000004,0.0,42.88
2021-08-07 15:00:56,49.56333333333333,14.92,15.895000000000001,29.485,35.36,0.0,39.79
2021-08-07 16:00:56,41.343333333333334,17.064999999999998,14.005,28.28,33.98,0.0,38.52
2021-08-07 17:00:56,36.20666666666666,14.964999999999998,13.71,31.915000000000003,37.815,0.0,37.5
2021-08-07 18:00:56,30.763333333333332,10.085,13.635,36.445,42.550000000000004,0.0,38.34
2021-08-07 19:00:56,47.46333333333333,11.549999999999999,13.385,34.199999999999996,40.21,0.0,38.67
2021-08-07 20:00:56,49.06666666666666,11.39,13.74,34.855000000000004,40.65,0.0,35.3
2021-08-07 21:00:56,47.33333333333333,15.840000000000002,13.24,31.39,36.655,0.0,36.46
2021-08-07 22:00:56,42.836666666666666,17.814999999999998,12.424999999999999,28.225000000000005,34.085,0.0,37.01
2021-08-07 23:00:56,47.63333333333333,15.29,12.025,23.209999999999997,28.935000000000002,0.0,35.12
2021-08-08 00:00:56,48.16333333333333,22.75,11.784999999999998,29.28,34.85,0.0,26.42
2021-08-08 01:00:56,36.72,18.385,11.245,28.325,34.73,0.0,24.84
2021-08-08 02:00:56,37.02,19.45,11.525,30.709999999999997,36.555,0.0,20.7
2021-08-08 03:00:56,37.15,22.105,11.935,25.77,31.575,0.0,24.82
2021-08-08 04:00:56,32.91666666666667,17.785,12.174999999999999,25.944999999999997,31.554999999999996,0.0,20.96
2021-08-08 05:00:56,42.11333333333333,18.32,12.655000000000001,24.115,29.885,0.0,20.34
2021-08-08 06:00:56,34.309999999999995,22.625,13.125,25.935,31.415000000000003,0.0,20.97
2021-08-08 07:00:56,49.776666666666664,25.49,17.67,25.689999999999998,31.560000000000002,0.0,23.11
2021-08-08 08:00:56,39.25333333333333,19.245,17.585,19.290000000000003,24.745,0.0,26.61
2021-08-08 09:00:56,29.836666666666666,11.365,20.115,20.06,26.48,0.0,33.43
2021-08-08 10:00:56,23.06,8.64,17.91,21.685000000000002,27.49,0.0,30.01
2021-08-08 11:00:56,26.673333333333332,8.54,14.37,23.13,29.03,0.0,28.66
2021-08-08 12:00:56,23.93,8.850000000000001,12.275,23.56,29.290000000000003,0.0,30.48
2021-08-08 13:00:56,22.386666666666667,10.685,12.784999999999998,24.495,30.340000000000003,0.0,28.94
2021-08-08 14:00:56,16.330000000000002,0.0,13.08,26.12,32.09,0.0,25.31
2021-08-08 15:00:56,15.536666666666667,0.0,11.74,29.334999999999997,35.65,0.0,20.93
2021-08-08 16:00:56,11.513333333333334,10.225,11.395000000000001,31.185,37.165,0.0,21.06
2021-08-08 17:00:56,19.663333333333334,5.885000000000001,12.65,30.555000000000003,36.64,0.0,23.66
2021-08-08 18:00:56,20.42,7.5,12.015,32.5,38.465,0.0,19.85
2021-08-08 19:00:56,21.03,13.805,12.020000000000001,35.34,41.875,0.0,23.5
2021-08-08 20:00:56,26.903333333333336,14.104999999999999,11.75,31.425,37.315,0.0,26.49
2021-08-08 21:00:56,30.016666666666666,13.51,11.949999999999998,31.14,36.56,0.0,28.93
2021-08-08 22:00:56,30.506666666666668,13.450000000000001,12.33,33.29,38.86,0.0,28.72
2021-08-08 23:00:56,31.726666666666667,19.91,11.765,29.53,35.215,0.0,29.51
2021-08-09 00:00:56,38.35,19.98,11.595,27.48,33.245000000000005,0.0,30.96
2021-08-09 01:00:56,18.986666666666668,14.229999999999999,11.78,25.45,31.03,0.0,27.23
2021-08-09 02:00:56,18.663333333333334,13.089999999999998,12.58,26.69,32.455000000000005,0.0,26.28
2021-08-09 03:00:56,15.91,9.32,12.645000000000001,27.224999999999998,33.19,0.0,26.69
2021-08-09 04:00:56,14.32,13.865,13.839999999999998,23.025000000000002,28.560000000000002,0.0,26.96
2021-08-09 05:00:56,17.143333333333334,16.525000000000002,13.649999999999999,21.584999999999997,27.025000000000002,0.0,28.15
2021-08-09 06:00:56,19.47,14.975,14.579999999999998,23.905,29.48,0.0,26.84
2021-08-09 07:00:56,21.196666666666665,17.395,15.939999999999998,24.595,30.340000000000003,0.0,23.89
2021-08-09 08:00:56,13.65,15.01,16.935000000000002,25.755,32.12,0.0,27.19
2021-08-09 09:00:56,17.043333333333333,10.38,18.355,29.745,36.39,0.0,22.25
2021-08-09 10:00:56,23.136666666666667,16.064999999999998,22.505,34.0,40.345,0.0,24.37
2021-08-09 11:00:56,22.4,21.87,15.82,25.415000000000003,31.41,0.0,33.27
2021-08-09 12:00:56,18.576666666666664,20.115,12.62,22.905,28.855,0.0,32.43
2021-08-09 13:00:56,18.466666666666665,11.835,12.14,23.26,29.304999999999996,0.0,32.72
2021-08-09 14:00:56,15.306666666666668,12.775,12.17,24.47,30.145,0.0,28.18
2021-08-09 15:00:56,9.623333333333333,18.895,12.14,29.45,35.97,0.0,16.52
2021-08-09 16:00:56,11.92,11.865,11.985,32.34,38.660000000000004,0.0,20.24
2021-08-09 17:00:56,16.72,6.73,11.905000000000001,31.295,37.565,0.0,24.13
2021-08-09 18:00:56,19.586666666666666,3.845,11.895000000000001,31.705,37.73,0.0,24.35
2021-08-09 19:00:56,22.909999999999997,12.905000000000001,20.63,37.65,44.02,0.0,18.12
2021-08-09 20:00:56,23.723333333333333,12.71,13.265,42.63,49.955000000000005,0.0,11.07
2021-08-09 21:00:56,26.093333333333334,19.215,11.935,46.10999999999999,53.845,0.0,11.35
2021-08-09 22:00:56,19.64,17.275000000000002,11.589999999999998,39.315,45.75,0.0,21.67
2021-08-09 23:00:56,12.030000000000001,9.835,11.33,30.635,36.615,0.0,26.89
2021-08-10 00:00:56,18.723333333333333,10.910000000000002,11.49,30.58,36.59,0.0,27.37
2021-08-10 01:00:56,20.72,10.56,12.530000000000001,28.795,35.089999999999996,0.0,27.37
2021-08-10 02:00:56,18.21,16.615,13.99,23.564999999999998,29.325000000000003,0.0,25.0
2021-08-10 03:00:56,14.06,15.835,13.575000000000001,27.215,32.84,0.0,22.89
2021-08-10 04:00:56,19.25,18.86,15.954999999999998,31.505,37.04,0.0,23.25
2021-08-10 05:00:56,24.683333333333334,19.18,21.215,29.355,35.035,0.0,21.44
2021-08-10 06:00:56,42.45333333333333,35.605,19.735,29.314999999999998,35.14,0.0,22.73
2021-08-10 07:00:56,44.58333333333333,38.6,33.03,34.955000000000005,41.33,0.0,25.07
2021-08-10 08:00:56,43.336666666666666,34.685,18.055,31.599999999999998,39.935,0.0,20.82
2021-08-10 09:00:56,27.23,29.49,15.625,34.9,41.89,0.0,13.97
2021-08-10 10:00:56,18.87,18.085,29.459999999999997,33.77,40.385,0.0,19.51
2021-08-10 11:00:56,16.816666666666666,13.365,41.77,34.425000000000004,40.885,0.0,22.42
2021-08-10 12:00:56,25.846666666666664,11.29,33.525,28.62,34.765,0.0,23.91
2021-08-10 13:00:56,24.833333333333332,14.365,23.060000000000002,25.205,31.34,0.0,24.76
2021-08-10 14:00:56,17.676666666666666,12.085,15.115,29.560000000000002,36.495,0.0,19.7
2021-08-10 15:00:56,17.016666666666666,14.875,14.585,36.66,45.26500000000001,0.0,11.92
2021-08-10 16:00:56,12.23,11.975,14.695,34.575,41.565,0.0,17.5
2021-08-10 17:00:56,19.64,10.54,14.335,32.855,39.375,0.0,15.42
2021-08-10 18:00:56,21.810000000000002,7.390000000000001,12.92,43.97,53.60999999999999,0.0,8.25
2021-08-10 19:00:56,23.03,9.56,12.530000000000001,45.97,57.294999999999995,0.0,6.85
2021-08-10 20:00:56,30.439999999999998,9.31,14.01,49.84,59.26,0.0,7.24
2021-08-10 21:00:56,29.926666666666666,9.305,18.335,56.38,66.165,0.0,5.06
2021-08-10 22:00:56,35.57666666666667,17.7,21.135,64.135,79.82,0.0,2.03
2021-08-10 23:00:56,50.11333333333334,22.47,17.43,59.595,75.38,0.0,1.64
2021-08-11 00:00:56,47.346666666666664,32.06,14.100000000000001,52.775000000000006,65.125,0.0,2.21
2021-08-11 01:00:56,40.24666666666666,28.224999999999998,15.545000000000002,42.835,52.26,0.0,6.03
2021-08-11 02:00:56,24.973333333333333,19.475,15.04,31.11,37.44,0.0,14.18
2021-08-11 03:00:56,18.206666666666667,17.18,15.49,27.915000000000003,33.715,0.0,16.23
2021-08-11 04:00:56,33.64333333333333,14.094999999999999,15.5,23.795,29.52,0.0,18.42
2021-08-11 05:00:56,29.876666666666665,17.125,14.770000000000001,19.155,24.774999999999995,0.0,23.75
2021-08-11 06:00:56,29.24666666666667,16.635,13.774999999999999,18.69,24.189999999999998,0.0,23.68
2021-08-11 07:00:56,26.60666666666667,13.78,13.135,19.735,25.385,0.0,24.13
2021-08-11 08:00:56,28.55,16.515,12.530000000000001,25.430000000000003,31.59,0.0,22.07
2021-08-11 09:00:56,33.34,12.575000000000001,12.659999999999998,26.205,32.365,0.0,21.28
2021-08-11 10:00:56,27.983333333333334,21.909999999999997,13.435,25.48,31.745,0.0,19.9
2021-08-11 11:00:56,33.53,19.17,17.290000000000003,26.05,32.61,0.0,22.22
2021-08-11 12:00:56,27.253333333333334,15.280000000000001,17.645,23.41,30.01,0.0,23.21
2021-08-11 13:00:56,27.066666666666663,10.755,16.76,26.775000000000002,33.005,0.0,21.97
2021-08-11 14:00:56,28.826666666666668,8.295,15.924999999999999,25.005000000000006,30.99,0.0,25.58
2021-08-11 15:00:56,24.86,13.815,16.375,25.505,31.950000000000003,0.0,23.04
2021-08-11 16:00:56,29.596666666666664,16.415,17.29,25.165000000000003,31.625,0.0,22.33
2021-08-11 17:00:56,26.006666666666668,16.695,15.549999999999999,25.455000000000002,31.935,0.0,22.87
2021-08-11 18:00:56,31.68333333333333,17.21,13.299999999999999,28.959999999999997,35.88,0.0,21.23
2021-08-11 19:00:56,26.886666666666667,11.25,12.635,33.875,41.074999999999996,0.0,21.51
2021-08-11 20:00:56,24.46333333333333,8.21,12.78,34.525000000000006,41.165,0.0,21.0
2021-08-11 21:00:56,23.10333333333333,9.385,13.655000000000001,29.209999999999997,35.0,0.0,23.79
2021-08-11 22:00:56,17.259999999999998,7.445,12.975,32.925000000000004,39.01,0.0,23.06
2021-08-11 23:00:56,18.453333333333333,5.18,13.39,38.195,44.18,0.0,23.38
2021-08-12 00:00:56,22.843333333333334,8.469999999999999,14.38,40.0,45.93,0.0,20.71
2021-08-12 01:00:56,24.563333333333333,6.66,14.160000000000002,34.14,39.765,0.0,22.15
2021-08-12 02:00:56,24.333333333333332,11.344999999999999,15.405000000000001,28.820000000000004,34.73,0.0,21.91
2021-08-12 03:00:56,23.423333333333336,12.844999999999999,15.81,24.55,30.090000000000003,0.0,21.85
2021-08-12 04:00:56,37.04333333333334,14.49,15.42,29.91,35.595,0.0,20.51
2021-08-12 05:00:56,45.04666666666667,29.8,20.88,28.429999999999996,34.09,0.0,19.4
2021-08-12 06:00:56,46.236666666666665,27.875,17.035,28.09,33.925000000000004,0.0,19.3
2021-08-12 07:00:56,44.156666666666666,29.209999999999997,15.88,29.959999999999997,35.935,0.0,15.35
2021-08-12 08:00:56,55.416666666666664,33.11,20.205,35.375,43.53,0.0,10.96
2021-08-12 09:00:56,51.25666666666667,22.084999999999997,29.165000000000003,39.72,48.47,0.0,15.18
2021-08-12 10:00:56,59.19,15.865,38.195,35.485,43.5,0.0,19.02
2021-08-12 11:00:56,46.29,18.515,26.909999999999997,27.310000000000002,33.8,0.0,24.59
2021-08-12 12:00:56,33.59,12.515,20.11,22.745,28.650000000000002,0.0,29.14
2021-08-12 13:00:56,33.343333333333334,11.14,18.735,21.015,26.899999999999995,0.0,26.57
2021-08-12 14:00:56,31.423333333333336,11.625,16.945,23.070000000000004,29.03,0.0,23.29
2021-08-12 15:00:56,32.68666666666667,12.265,14.82,24.03,30.44,0.0,19.82
2021-08-12 16:00:56,26.55333333333333,8.780000000000001,14.515,24.88,31.290000000000003,0.0,18.84
2021-08-12 17:00:56,26.023333333333333,5.3500000000000005,14.420000000000002,25.53,31.849999999999998,0.0,19.89
2021-08-12 18:00:56,41.92333333333333,5.935,14.700000000000001,27.005,33.305,0.0,21.43
2021-08-12 19:00:56,30.13666666666667,15.534999999999998,14.765,29.395,35.855,0.0,22.85
2021-08-12 20:00:56,31.133333333333333,14.020000000000001,14.270000000000001,31.194999999999997,37.125,0.0,22.01
2021-08-12 21:00:56,28.263333333333332,17.41,15.655000000000001,39.485,45.52,0.0,22.02
2021-08-12 22:00:56,30.456666666666667,20.724999999999998,16.68,44.635,50.945,0.0,19.04
2021-08-12 23:00:56,28.39,15.54,20.915,42.11,48.595,0.0,13.14
2021-08-13 00:00:56,43.78333333333333,23.070000000000004,24.27,54.19,61.76,0.0,12.74
2021-08-13 01:00:56,49.39666666666667,28.66,23.14,57.06,65.77,0.0,12.23
2021-08-13 02:00:56,68.21333333333334,22.73,19.45,48.135,55.115,0.0,12.04
2021-08-13 03:00:56,60.18666666666667,28.290000000000003,17.02,47.68,55.35999999999999,0.0,12.38
2021-08-13 04:00:56,72.74333333333334,25.42,18.61,42.68,48.815,0.0,13.17
2021-08-13 05:00:56,60.46,33.035000000000004,29.11,45.565,52.13999999999999,0.0,11.9
2021-08-13 06:00:56,58.93666666666667,36.11,22.775000000000002,39.47,45.555,0.0,12.91
2021-08-13 07:00:56,61.47,42.14,20.31,34.515,41.54,0.0,12.81
2021-08-13 08:00:56,70.60333333333334,42.975,38.295,40.665,53.38999999999999,0.0,12.63
2021-08-13 09:00:56,72.48666666666666,40.77,44.41499999999999,40.88,51.275,0.0,16.48
2021-08-13 10:00:56,64.29666666666667,28.13,20.555,31.725000000000005,38.765,0.0,27.26
2021-08-13 11:00:56,41.18,17.515,14.075000000000001,24.105,30.294999999999998,0.0,32.04
2021-08-13 12:00:56,27.46666666666667,14.455,13.704999999999998,22.03,28.14,0.0,32.06
2021-08-13 13:00:56,24.723333333333333,9.9,13.57,18.61,24.935,0.0,45.67
2021-08-13 14:00:56,24.586666666666666,3.11,12.450000000000001,11.540000000000001,18.665,0.0,63.96
2021-08-13 15:00:56,21.633333333333333,6.599999999999999,12.64,13.695,21.05,0.0,57.38
2021-08-13 16:00:56,19.223333333333333,6.5,12.68,18.255,27.209999999999997,0.0,53.29
2021-08-13 17:00:56,15.82,6.364999999999999,13.280000000000001,16.45,25.245,0.0,53.94
2021-08-13 18:00:56,19.81,4.585,13.445,18.625,27.5,0.0,53.11
2021-08-13 19:00:56,26.04,3.72,12.56,20.605,30.005,0.0,52.37
2021-08-13 20:00:56,34.71,7.2,12.695,22.705,32.655,0.0,51.25
2021-08-13 21:00:56,39.49,11.435,11.255,21.290000000000003,30.485,0.0,49.25
2021-08-13 22:00:56,39.68333333333334,16.09,10.525,15.495,24.155,0.0,55.37
2021-08-13 23:00:56,42.53,19.459999999999997,10.770000000000001,21.695000000000004,31.060000000000002,0.0,52.47
2021-08-14 00:00:56,42.233333333333334,12.074999999999998,11.14,13.709999999999999,21.04,0.0,57.3
2021-08-14 01:00:56,32.693333333333335,13.780000000000001,10.83,13.58,21.715,0.0,64.69
2021-08-14 02:00:56,26.14333333333333,10.02,11.145000000000001,16.98,23.209999999999997,0.0,58.29
2021-08-14 03:00:56,27.646666666666665,9.86,15.765,25.95,32.18,0.0,52.72
2021-08-14 04:00:56,25.936666666666667,11.61,14.14,27.77,34.145,0.0,27.41
2021-08-14 05:00:56,40.20666666666667,25.08,16.365,21.285,26.99,0.0,35.78
2021-08-14 06:00:56,37.85333333333334,21.32,13.590000000000002,15.315,21.165,0.0,42.74
2021-08-14 07:00:56,29.233333333333334,13.905000000000001,13.065,31.900000000000002,40.945,0.0,26.0
2021-08-14 08:00:56,27.076666666666668,16.5,16.584999999999997,40.26,56.025,0.0,22.07
2021-08-14 09:00:56,31.133333333333333,13.035000000000002,12.104999999999999,38.265,54.845,0.0,34.51
2021-08-14 10:00:56,25.086666666666666,13.905000000000001,11.81,23.52,34.6,0.0,49.15
2021-08-14 11:00:56,19.07,11.985,9.94,19.42,28.685,0.0,60.92
2021-08-14 12:00:56,22.32333333333333,10.705,4.95,18.655,27.965000000000003,0.0,58.92
2021-08-14 13:00:56,22.42,10.065,4.88,19.095,28.985,0.0,64.86
2021-08-14 14:00:56,28.21,11.0,4.795,17.115,26.400000000000002,0.0,59.58
2021-08-14 15:00:56,23.34,8.94,11.075000000000001,17.424999999999997,27.01,0.0,55.77
2021-08-14 16:00:56,19.776666666666667,9.72,11.854999999999999,17.415000000000003,26.784999999999997,0.0,51.99
2021-08-14 17:00:56,24.17,11.024999999999999,11.924999999999999,17.69,27.069999999999997,0.0,54.01
2021-08-14 18:00:56,32.46666666666667,10.995,11.5,20.195,30.099999999999998,0.0,52.46
2021-08-14 19:00:56,31.21666666666667,10.315,11.195,28.505,39.855,0.0,46.87
2021-08-14 20:00:56,38.68666666666667,7.47,10.665,24.745,35.395,0.0,48.83
2021-08-14 21:00:56,39.736666666666665,8.985,10.555,17.49,25.885,0.0,58.05
2021-08-14 22:00:56,43.18333333333334,13.385,10.745,15.445,23.865,0.0,62.51
2021-08-14 23:00:56,65.53333333333333,11.955,10.735,16.275000000000002,24.070000000000004,0.0,62.57
2021-08-15 00:00:56,86.66000000000001,19.315,10.74,14.574999999999998,21.67,0.0,67.51
2021-08-15 01:00:56,61.593333333333334,15.195,10.299999999999999,14.305,21.3,0.0,70.48
2021-08-15 02:00:56,42.72666666666666,11.54,10.49,20.71,31.505,0.0,53.77
2021-08-15 03:00:56,41.31666666666667,12.339999999999998,14.839999999999998,21.575,27.37,0.0,52.05
2021-08-15 04:00:56,42.29333333333333,13.725,15.905000000000001,19.069999999999997,25.405,0.0,50.96
2021-08-15 05:00:56,31.98,14.18,16.2,18.515,24.97,0.0,43.23
2021-08-15 06:00:56,33.21333333333333,17.645,16.88,20.435,26.505,0.0,38.13
2021-08-15 07:00:56,35.27333333333333,16.675,16.53,26.505,37.115,0.0,22.66
2021-08-15 08:00:56,36.083333333333336,21.875,24.235,28.7,42.535,0.0,14.89
2021-08-15 09:00:56,48.10666666666667,22.48,17.535,17.835,25.400000000000002,0.0,43.25
2021-08-15 10:00:56,37.07333333333333,21.04,17.455,24.08,32.805,0.0,53.52
2021-08-15 11:00:56,34.903333333333336,17.459999999999997,12.575000000000001,22.155,31.77,0.0,58.66
2021-08-15 12:00:56,25.74,11.445,10.03,19.465,29.23,0.0,60.03
2021-08-15 13:00:56,21.006666666666668,9.770000000000001,9.915,15.655000000000001,23.540000000000003,0.0,67.36
2021-08-15 14:00:56,19.58,8.46,10.270000000000001,12.085,19.185,0.0,67.62
2021-08-15 15:00:56,21.596666666666664,6.025000000000001,10.53,22.91,33.295,0.0,60.47
2021-08-15 16:00:56,16.34,3.7000000000000006,11.315,19.334999999999997,28.935000000000002,0.0,62.5
2021-08-15 17:00:56,13.046666666666667,2.305,11.515,23.105,33.145,0.0,62.88
2021-08-15 18:00:56,16.73,1.74,11.385,24.45,35.4,0.0,61.31
2021-08-15 19:00:56,25.406666666666666,1.215,11.1,19.515,29.075000000000003,0.0,63.44
2021-08-15 20:00:56,30.426666666666666,18.44,11.125,19.46,27.905,0.0,66.71
2021-08-15 21:00:56,37.80666666666667,11.79,10.035,19.400000000000002,27.175,0.0,62.57
2021-08-15 22:00:56,39.626666666666665,7.594999999999999,9.78,16.795,24.01,0.0,62.67
2021-08-15 23:00:56,37.21,9.040000000000001,10.265,14.229999999999999,20.849999999999998,0.0,64.61
2021-08-16 00:00:56,31.916666666666668,12.655,10.51,15.445,22.51,0.0,64.08
2021-08-16 01:00:56,33.443333333333335,11.410000000000002,10.784999999999998,15.115000000000002,22.0,0.0,66.06
2021-08-16 02:00:56,32.43,14.0,11.285000000000002,14.245,21.415000000000003,0.0,60.06
2021-08-16 03:00:56,28.21333333333333,11.815,11.87,11.19,16.87,0.0,61.64
2021-08-16 04:00:56,31.763333333333335,10.265,12.46,14.395000000000001,20.150000000000002,0.0,61.77
2021-08-16 05:00:56,31.656666666666666,14.49,12.745,14.35,19.995,0.0,58.58
2021-08-16 06:00:56,27.493333333333336,15.695,14.104999999999999,20.505,27.425,0.0,36.34
2021-08-16 07:00:56,38.28666666666667,17.0,14.505,33.080000000000005,49.71,0.0,17.04
2021-08-16 08:00:56,38.46666666666667,25.070000000000004,25.42,37.745,54.855,0.0,17.67
2021-08-16 09:00:56,53.730000000000004,31.919999999999998,27.88,40.895,56.28,0.0,26.54
2021-08-16 10:00:56,67.23333333333333,28.304999999999996,24.185000000000002,28.315,37.025,0.0,50.43
2021-08-16 11:00:56,44.12,22.350000000000005,19.544999999999998,20.94,28.695000000000004,0.0,63.92
2021-08-16 12:00:56,33.22666666666667,15.795000000000002,13.195,19.005,26.419999999999998,0.0,69.29
2021-08-16 13:00:56,24.45,11.645000000000001,10.674999999999999,16.71,23.685000000000002,0.0,78.48
2021-08-16 14:00:56,20.743333333333332,9.18,10.735,15.550000000000002,22.084999999999997,0.0,82.82
2021-08-16 15:00:56,15.603333333333332,7.469999999999999,12.765,18.44,25.950000000000003,0.0,67.44
2021-08-16 16:00:56,13.293333333333333,4.79,13.329999999999998,14.089999999999998,20.67,0.0,69.11
2021-08-16 17:00:56,12.32,3.5100000000000002,12.645000000000001,26.385,37.48,0.0,55.55
2021-08-16 18:00:56,15.623333333333335,3.1300000000000003,11.975,30.48,43.044999999999995,0.0,57.07
2021-08-16 19:00:56,29.506666666666668,4.705,11.104999999999999,34.595,47.145,0.0,54.57
2021-08-16 20:00:56,35.620000000000005,9.705,12.089999999999998,21.724999999999998,30.005,0.0,62.54
2021-08-16 21:00:56,50.233333333333334,9.305,11.67,18.53,26.26,0.0,63.68
2021-08-16 22:00:56,44.69,15.82,10.335,15.92,22.785,0.0,64.68
2021-08-16 23:00:56,36.233333333333334,15.335,10.325000000000001,12.625,19.1,0.0,68.05
2021-08-17 00:00:56,32.57666666666667,16.145,10.435,12.280000000000001,19.099999999999998,0.0,70.55
2021-08-17 01:00:56,34.73,9.905,10.775,16.755,23.605,0.0,68.84
2021-08-17 02:00:56,27.116666666666667,12.32,12.37,18.9,25.304999999999996,0.0,61.31
2021-08-17 03:00:56,30.32333333333333,11.229999999999999,13.405000000000001,18.98,25.3,0.0,54.65
2021-08-17 04:00:56,33.086666666666666,8.695,14.699999999999998,20.245,26.035,0.0,56.34
2021-08-17 05:00:56,31.036666666666665,6.489999999999999,14.435000000000002,19.615,26.084999999999997,0.0,44.3
2021-08-17 06:00:56,32.846666666666664,7.41,15.695,30.689999999999998,37.395,0.0,21.43
2021-08-17 07:00:56,45.75333333333333,17.245,15.49,31.534999999999997,41.199999999999996,0.0,23.5
2021-08-17 08:00:56,44.24,22.245,36.94,36.375,50.02,0.0,30.9
2021-08-17 09:00:56,54.21666666666666,33.415,27.409999999999997,37.89,50.61000000000001,0.0,35.33
2021-08-17 10:00:56,49.43333333333334,22.12,20.815,37.370000000000005,48.595,0.0,43.75
2021-08-17 11:00:56,45.766666666666666,21.115,35.395,28.925,37.315,0.0,61.94
2021-08-17 12:00:56,49.70666666666666,16.32,27.36,20.49,27.285,0.0,75.89
2021-08-17 13:00:56,40.24,16.55,20.700000000000003,18.045,24.45,0.0,86.36
2021-08-17 14:00:56,30.923333333333332,16.57,17.285,21.925,30.23,0.0,75.32
2021-08-17 15:00:56,29.259999999999998,12.655000000000001,15.270000000000001,15.530000000000001,22.14,0.0,76.46
2021-08-17 16:00:56,22.8,10.355,13.935000000000002,18.155,24.745,0.0,73.12
2021-08-17 17:00:56,18.773333333333333,8.584999999999999,12.549999999999999,31.294999999999998,43.044999999999995,0.0,58.56
2021-08-17 18:00:56,23.71666666666667,4.715,11.505,31.015,43.085,0.0,56.67
2021-08-17 19:00:56,30.126666666666665,12.145000000000001,11.24,39.185,52.9,0.0,53.27
2021-08-17 20:00:56,34.60666666666667,9.895,12.335,28.25,37.83,0.0,60.93
2021-08-17 21:00:56,50.69,10.045,13.280000000000001,22.02,29.790000000000003,0.0,61.68
2021-08-17 22:00:56,64.04333333333334,10.18,12.46,17.76,24.709999999999997,0.0,61.46
2021-08-17 23:00:56,75.02666666666666,13.35,11.83,22.17,30.965,0.0,52.12
2021-08-18 00:00:56,56.92,10.86,11.545,34.395,42.66,0.0,39.97
2021-08-18 01:00:56,56.916666666666664,9.635,11.65,43.245000000000005,53.185,0.0,44.04
2021-08-18 02:00:56,44.75333333333333,7.390000000000001,15.604999999999999,32.0,38.81,0.0,46.22
2021-08-18 03:00:56,37.666666666666664,9.58,25.150000000000002,30.8,36.755,0.0,35.88
2021-08-18 04:00:56,37.29666666666667,13.655,20.485,35.29,42.225,0.0,23.79
2021-08-18 05:00:56,40.553333333333335,10.354999999999999,17.535,27.38,33.620000000000005,0.0,23.95
2021-08-18 06:00:56,38.09,20.195,27.0,30.175,36.56,0.0,17.4
2021-08-18 07:00:56,43.03,20.545,25.939999999999998,25.745,33.965,0.0,30.09
2021-08-18 08:00:56,43.62,20.28,37.83,42.39,62.199999999999996,0.0,26.32
2021-08-18 09:00:56,42.66,20.185,29.840000000000003,39.550000000000004,53.68,0.0,30.22
2021-08-18 10:00:56,46.93333333333334,14.775,24.33,35.675,45.81,0.0,47.29
2021-08-18 11:00:56,43.72666666666667,13.705,22.570000000000004,27.209999999999997,35.765,0.0,58.79
2021-08-18 12:00:56,42.083333333333336,13.595,14.285000000000002,19.330000000000002,26.735,0.0,68.67
2021-08-18 13:00:56,28.96,8.725,19.945,23.665000000000003,32.04,0.0,68.29
2021-08-18 14:00:56,22.036666666666665,6.93,16.66,24.53,34.015,0.0,56.65
2021-08-18 15:00:56,16.666666666666668,5.205,13.275,23.974999999999998,35.535000000000004,0.0,62.89
2021-08-18 16:00:56,16.07,3.58,13.395000000000001,24.14,33.52,0.0,60.93
2021-08-18 17:00:56,14.886666666666668,2.4,12.594999999999999,29.015,39.605,0.0,59.32
2021-08-18 18:00:56,13.13,1.53,12.635,25.560000000000002,34.335,0.0,60.02
2021-08-18 19:00:56,20.636666666666667,3.9250000000000003,12.305,29.365,39.795,0.0,64.32
2021-08-18 20:00:56,41.53,12.089999999999998,12.65,22.685000000000002,31.135,0.0,63.56
2021-08-18 21:00:56,52.39666666666667,19.21,13.1,18.5,26.3,0.0,59.49
2021-08-18 22:00:56,52.78666666666667,22.700000000000003,12.200000000000001,17.355,25.275000000000002,0.0,55.91
2021-08-18 23:00:56,43.33,18.974999999999998,11.43,15.835,23.7,0.0,53.1
2021-08-19 00:00:56,36.13,13.94,10.85,19.89,26.909999999999997,0.0,47.38
2021-08-19 01:00:56,29.73,14.354999999999999,10.85,10.575000000000001,16.580000000000002,0.0,60.31
2021-08-19 02:00:56,28.913333333333334,11.365,11.025,10.465,16.985,0.0,57.06
2021-08-19 03:00:56,28.10333333333333,13.905000000000001,11.015,10.695,17.235,0.0,55.88
2021-08-19 04:00:56,20.623333333333335,14.645000000000001,11.125,11.035000000000002,16.69,0.0,52.2
2021-08-19 05:00:56,22.446666666666665,10.585,11.04,12.795,18.205,0.0,47.38
2021-08-19 06:00:56,22.986666666666668,13.030000000000001,13.530000000000001,21.560000000000002,27.885,0.0,43.76
2021-08-19 07:00:56,33.06,17.540000000000003,15.215000000000002,29.78,43.605,0.0,27.42
2021-08-19 08:00:56,28.813333333333333,17.595,20.475,40.294999999999995,65.04,0.0,20.52
2021-08-19 09:00:56,32.67666666666667,14.865,20.105,35.870000000000005,51.875,0.0,28.7
2021-08-19 10:00:56,33.72666666666667,9.94,13.31,25.325,34.85,0.0,41.57
2021-08-19 11:00:56,41.67666666666666,10.485,11.26,20.365,28.625,0.0,52.89
2021-08-19 12:00:56,35.559999999999995,8.455,10.950000000000001,20.335,28.19,0.0,58.16
2021-08-19 13:00:56,25.66333333333333,5.609999999999999,12.270000000000001,19.56,27.3,0.0,63.93
2021-08-19 14:00:56,25.326666666666668,6.48,12.495,16.635,25.564999999999998,0.0,56.4
2021-08-19 15:00:56,20.64,5.045,12.145000000000001,15.725,24.36,0.0,56.39
2021-08-19 16:00:56,27.95,5.97,11.905,18.044999999999998,27.03,0.0,57.31
2021-08-19 17:00:56,28.99666666666667,6.329999999999999,11.685,20.385,30.55,0.0,57.85
2021-08-19 18:00:56,28.986666666666668,3.955,11.520000000000001,19.845,29.365,0.0,58.51
2021-08-19 19:00:56,32.379999999999995,3.365,11.29,20.815,30.179999999999996,0.0,61.43
2021-08-19 20:00:56,37.873333333333335,4.95,11.365,20.075,28.925,0.0,60.25
2021-08-19 21:00:56,31.33666666666667,8.08,7.125,17.98,25.905,0.0,61.51
2021-08-19 22:00:56,30.526666666666667,19.21,5.995,15.185,22.34,0.0,61.83
2021-08-19 23:00:56,30.82,19.955,5.515000000000001,14.76,22.349999999999998,0.0,58.15
2021-08-20 00:00:56,29.159999999999997,13.969999999999999,6.055,10.659999999999998,17.1,0.0,64.66
2021-08-20 01:00:56,24.296666666666667,14.995,6.06,8.57,14.915,0.0,69.51
2021-08-20 02:00:56,30.293333333333337,21.584999999999997,5.890000000000001,6.205000000000001,12.055,0.0,65.84
2021-08-20 03:00:56,24.27,19.94,5.84,6.330000000000001,12.88,0.0,65.44
2021-08-20 04:00:56,23.77,17.435,5.974999999999999,9.08,14.64,0.0,55.4
2021-08-20 05:00:56,23.793333333333333,16.814999999999998,6.88,9.665,15.200000000000001,0.0,59.35
2021-08-20 06:00:56,21.616666666666667,12.63,8.99,14.32,20.255,0.0,56.32
2021-08-20 07:00:56,19.996666666666666,11.229999999999999,10.505,29.304999999999996,41.425,0.0,41.38
2021-08-20 08:00:56,27.516666666666666,19.905,30.409999999999997,39.215,53.964999999999996,0.0,21.15
2021-08-20 09:00:56,39.60333333333333,28.73,27.590000000000003,39.0,53.72,0.0,30.04
2021-08-20 10:00:56,39.056666666666665,26.925,12.829999999999998,30.14,41.005,0.0,41.9
2021-08-20 11:00:56,48.5,20.685,15.064999999999998,26.169999999999998,37.225,0.0,48.83
2021-08-20 12:00:56,42.71666666666667,20.07,12.12,23.11,34.515,0.0,53.14
2021-08-20 13:00:56,32.18,16.495,11.455,15.69,23.74,0.0,71.47
2021-08-20 14:00:56,27.009999999999998,10.225,13.57,12.57,18.76,0.0,74.37
2021-08-20 15:00:56,25.473333333333333,9.66,14.285000000000002,17.0,25.215000000000003,0.0,67.21
2021-08-20 16:00:56,24.96666666666667,9.335,12.035000000000002,21.11,31.27,0.0,58.54
2021-08-20 17:00:56,28.263333333333332,6.935,10.735,26.540000000000003,38.745000000000005,0.0,52.3
2021-08-20 18:00:56,37.09,7.07,10.839999999999998,18.96,27.775000000000002,0.0,53.6
2021-08-20 19:00:56,51.51333333333333,13.225,10.99,18.01,26.765,0.0,53.78
2021-08-20 20:00:56,46.43333333333334,11.14,10.79,20.31,29.74,0.0,52.68
2021-08-20 21:00:56,48.25,17.465,9.89,16.165000000000003,23.965000000000003,0.0,52.85
2021-08-20 22:00:56,41.79666666666667,12.13,9.605,11.395000000000001,18.47,0.0,58.18
2021-08-20 23:00:56,28.136666666666667,10.655,10.045,11.565,18.355,0.0,58.38
2021-08-21 00:00:56,22.916666666666668,12.665,10.215,9.27,16.19,0.0,62.88
2021-08-21 01:00:56,23.10333333333333,12.51,10.21,7.605,13.88,0.0,68.21
2021-08-21 02:00:56,23.996666666666666,8.344999999999999,10.505,10.49,18.03,0.0,59.18
2021-08-21 03:00:56,19.46333333333333,6.609999999999999,10.604999999999999,5.84,11.765,0.0,62.77
2021-08-21 04:00:56,18.403333333333332,8.185,10.515,6.46,12.229999999999999,0.0,61.31
2021-08-21 05:00:56,24.343333333333334,9.775,10.755,4.4,10.045,0.0,63.47
2021-08-21 06:00:56,25.596666666666664,9.615,12.649999999999999,12.225,18.185,0.0,61.2
2021-08-21 07:00:56,31.656666666666666,8.645000000000001,14.055,15.729999999999999,22.715,0.0,61.66
2021-08-21 08:00:56,30.193333333333335,9.32,13.29,21.25,31.600000000000005,0.0,52.45
2021-08-21 09:00:56,24.543333333333333,9.0,11.625,21.855,32.415,0.0,55.9
2021-08-21 10:00:56,21.076666666666668,10.145000000000001,11.04,17.405,26.905,0.0,59.02
2021-08-21 11:00:56,26.78,6.91,10.385,21.215,32.72,0.0,55.81
2021-08-21 12:00:56,24.923333333333336,5.71,9.65,23.429999999999996,35.79,0.0,49.12
2021-08-21 13:00:56,21.816666666666666,7.330000000000001,9.905,25.465000000000003,39.24,0.0,49.89
2021-08-21 14:00:56,24.62,7.835000000000001,11.219999999999999,22.659999999999997,33.875,0.0,48.83
2021-08-21 15:00:56,19.63,5.145,12.225,24.965,36.830000000000005,0.0,48.72
2021-08-21 16:00:56,17.643333333333334,4.11,11.985,28.084999999999997,41.685,0.0,49.74
2021-08-21 17:00:56,18.116666666666667,3.03,11.9,23.830000000000002,34.895,0.0,56.66
2021-08-21 18:00:56,26.12,2.44,11.674999999999999,26.39,38.4,0.0,55.72
2021-08-21 19:00:56,28.79,10.464999999999998,11.549999999999999,22.505,32.585,0.0,60.68
2021-08-21 20:00:56,49.53,11.49,11.94,19.615,27.245,0.0,64.09
2021-08-21 21:00:56,41.45333333333333,14.875,11.155,16.135,23.425,0.0,62.65
2021-08-21 22:00:56,44.81666666666666,9.924999999999999,10.115,13.125,20.0,0.0,67.22
2021-08-21 23:00:56,39.943333333333335,14.075000000000001,11.08,12.435,18.955000000000002,0.0,69.16
2021-08-22 00:00:56,34.083333333333336,14.825000000000001,11.58,11.275,17.93,0.0,67.55
2021-08-22 01:00:56,36.836666666666666,14.955,10.2,10.495,16.825,0.0,70.32
2021-08-22 02:00:56,31.86,15.375,10.215,9.674999999999999,16.43,0.0,70.63
2021-08-22 03:00:56,31.06,13.275,10.915,10.96,16.895,0.0,66.4
2021-08-22 04:00:56,28.076666666666668,8.755,10.565,8.955,15.805,0.0,67.97
2021-08-22 05:00:56,24.013333333333335,7.224999999999999,10.715000000000002,6.265000000000001,12.235,0.0,71.87
2021-08-22 06:00:56,24.136666666666667,16.395,11.174999999999999,10.774999999999999,16.83,0.0,70.21
2021-08-22 07:00:56,24.63,11.375,17.125,22.165000000000003,30.005000000000006,0.0,51.18
2021-08-22 08:00:56,34.25666666666667,20.575,29.980000000000004,37.715,56.525000000000006,0.0,23.07
2021-08-22 09:00:56,31.006666666666664,25.415000000000003,25.319999999999997,29.72,44.04,0.0,46.43
2021-08-22 10:00:56,27.506666666666668,20.61,11.32,12.270000000000001,21.590000000000003,0.0,64.19
2021-08-22 11:00:56,22.316666666666663,14.295000000000002,9.455,13.975,23.909999999999997,0.0,65.39
2021-08-22 12:00:56,15.7,8.455,9.18,14.299999999999999,23.959999999999997,0.0,65.95
2021-08-22 13:00:56,16.61,7.114999999999999,9.29,21.865,35.2,0.0,54.52
2021-08-22 14:00:56,13.496666666666666,2.7900000000000005,10.79,18.55,30.429999999999996,0.0,58.2
2021-08-22 15:00:56,11.866666666666665,3.25,11.69,19.705000000000002,32.065,0.0,57.15
2021-08-22 16:00:56,11.67,2.7900000000000005,11.96,18.73,30.284999999999997,0.0,62.19
2021-08-22 17:00:56,14.256666666666668,2.89,11.33,16.34,25.5,0.0,66.12
2021-08-22 18:00:56,24.263333333333332,2.21,11.56,12.719999999999999,20.74,0.0,68.03
2021-08-22 19:00:56,36.266666666666666,7.52,11.665,14.265,22.41,0.0,65.32
2021-08-22 20:00:56,31.086666666666666,8.135,12.075000000000001,14.92,23.025000000000002,0.0,63.41
2021-08-22 21:00:56,32.24333333333333,13.9,11.464999999999998,16.51,26.225000000000005,0.0,60.92
2021-08-22 22:00:56,29.87,13.385,10.729999999999999,14.534999999999998,22.985,0.0,63.71
2021-08-22 23:00:56,31.703333333333333,19.205,10.975,14.96,23.235,0.0,59.71
2021-08-23 00:00:56,33.97,17.14,11.255,12.635,20.6,0.0,62.14
2021-08-23 01:00:56,25.586666666666666,14.785000000000002,11.07,8.875,15.725,0.0,69.29
2021-08-23 02:00:56,24.203333333333333,8.21,11.450000000000001,8.515,15.025,0.0,65.47
2021-08-23 03:00:56,19.986666666666668,12.705,11.42,7.715,13.674999999999999,0.0,65.71
2021-08-23 04:00:56,18.803333333333335,8.905,14.835,8.584999999999999,14.21,0.0,67.8
2021-08-23 05:00:56,19.2,13.6,15.920000000000002,9.49,15.410000000000002,0.0,65.12
2021-08-23 06:00:56,20.35666666666667,13.295,18.64,18.14,24.150000000000002,0.0,46.81
2021-08-23 07:00:56,36.07333333333333,17.584999999999997,29.965,33.52,43.64000000000001,0.0,24.22
2021-08-23 08:00:56,59.120000000000005,28.005000000000006,51.004999999999995,43.855,61.99,0.0,19.95
2021-08-23 09:00:56,58.78,31.475000000000005,27.195000000000004,40.4,55.01500000000001,0.0,30.76
2021-08-23 10:00:56,54.196666666666665,19.99,19.815,21.810000000000002,32.475,0.0,61.57
2021-08-23 11:00:56,43.28,11.82,15.82,18.79,30.265,0.0,64.16
2021-08-23 12:00:56,29.923333333333336,8.63,10.950000000000001,18.44,29.584999999999997,0.0,65.03
2021-08-23 13:00:56,22.313333333333333,11.475,9.799999999999999,13.635,22.625,0.0,73.79
2021-08-23 14:00:56,26.59,8.6,10.825000000000001,17.540000000000003,28.165000000000003,0.0,67.63
2021-08-23 15:00:56,33.84,6.265,10.979999999999999,21.87,34.39,0.0,59.72
2021-08-23 16:00:56,31.189999999999998,4.54,10.670000000000002,18.555,28.455000000000002,0.0,64.97
2021-08-23 17:00:56,24.973333333333333,5.59,10.839999999999998,20.695,30.899999999999995,0.0,61.48
2021-08-23 18:00:56,34.14666666666667,8.055,11.155,22.63,33.225,0.0,60.91
2021-08-23 19:00:56,45.653333333333336,6.925,11.785000000000002,23.575,34.505,0.0,57.77
2021-08-23 20:00:56,46.29666666666667,8.74,11.645000000000001,20.5,29.455,0.0,58.3
2021-08-23 21:00:56,44.47,11.11,10.03,20.175,30.200000000000003,0.0,54.99
2021-08-23 22:00:56,46.54666666666667,9.43,9.655,14.995,22.785,0.0,63.58
2021-08-23 23:00:56,49.97666666666667,19.24,10.085,17.14,25.92,0.0,60.48
2021-08-24 00:00:56,42.45,19.275000000000002,9.905,14.534999999999998,21.855,0.0,63.71
2021-08-24 01:00:56,31.73,13.18,10.315,13.685,23.105,0.0,70.41
2021-08-24 02:00:56,34.626666666666665,11.719999999999999,19.535,23.429999999999996,29.97,0.0,65.26
2021-08-24 03:00:56,46.406666666666666,14.454999999999998,24.615,25.285,31.23,0.0,61.08
2021-08-24 04:00:56,48.47,18.0,23.005,27.83,33.415,0.0,60.73
2021-08-24 05:00:56,42.52333333333333,22.024999999999995,20.75,29.399999999999995,34.745000000000005,0.0,55.78
2021-08-24 06:00:56,40.28333333333333,26.76,18.99,25.81,32.26,0.0,32.82
2021-08-24 07:00:56,34.29333333333333,26.74,32.58,45.245000000000005,61.455000000000005,0.0,22.27
2021-08-24 08:00:56,45.49333333333333,21.435000000000002,27.709999999999997,48.165,70.675,0.0,25.78
2021-08-24 09:00:56,44.14,18.275,25.715000000000003,49.85,71.25999999999999,0.0,20.76
2021-08-24 10:00:56,52.9,21.575,36.68,42.04,54.61000000000001,0.0,38.56
2021-08-24 11:00:56,54.71,20.06,33.375,35.805,46.655,0.0,52.37
2021-08-24 12:00:56,51.45,18.245,19.485,23.3,33.035000000000004,0.0,71.01
2021-08-24 13:00:56,37.06,16.825000000000003,11.005,25.274999999999995,37.13,0.0,65.65
2021-08-24 14:00:56,30.166666666666668,15.805,10.515,22.689999999999998,33.82,0.0,66.48
2021-08-24 15:00:56,27.543333333333333,9.270000000000001,10.805,24.92,36.18,0.0,63.81
2021-08-24 16:00:56,22.39,5.285,11.685,32.945,47.754999999999995,0.0,55.6
2021-08-24 17:00:56,26.5,4.285,11.469999999999999,23.88,34.605,0.0,66.2
2021-08-24 18:00:56,39.02333333333333,8.435,10.78,24.679999999999996,34.89,0.0,66.43
2021-08-24 19:00:56,31.50333333333333,8.085,11.25,28.679999999999996,38.56,0.0,64.56
2021-08-24 20:00:56,33.57,13.675000000000002,11.655000000000001,24.76,33.895,0.0,63.7
2021-08-24 21:00:56,39.37,13.520000000000001,11.38,19.185,27.474999999999998,0.0,60.84
2021-08-24 22:00:56,37.11666666666667,15.79,10.07,16.655,24.26,0.0,59.22
2021-08-24 23:00:56,36.876666666666665,17.86,9.685,17.045,23.939999999999998,0.0,56.31
2021-08-25 00:00:56,34.74666666666667,16.47,10.19,18.375,26.605,0.0,54.61
2021-08-25 01:00:56,30.816666666666666,15.495,10.165,26.444999999999997,34.705,0.0,44.56
2021-08-25 02:00:56,33.39,11.844999999999999,10.435,34.005,41.155,0.0,33.54
2021-08-25 03:00:56,39.29,17.885,11.160000000000002,30.995,36.95,0.0,30.01
2021-08-25 04:00:56,40.156666666666666,17.965,11.805,28.545,34.805,0.0,33.0
2021-08-25 05:00:56,40.09,14.74,12.64,43.54,50.835,0.0,12.71
2021-08-25 06:00:56,31.01,21.285,17.585,35.22,44.115,0.0,9.62
2021-08-25 07:00:56,50.17,37.620000000000005,24.209999999999997,41.945,66.075,0.0,10.83
2021-08-25 08:00:56,62.0,39.655,25.28,44.51,74.185,0.0,8.96
2021-08-25 09:00:56,68.37666666666667,36.82,35.975,41.91,60.925000000000004,0.0,19.16
2021-08-25 10:00:56,61.55,39.199999999999996,18.695,19.695,28.125,0.0,46.53
2021-08-25 11:00:56,57.11333333333334,31.51,14.549999999999999,14.795,21.525000000000002,0.0,69.35
2021-08-25 12:00:56,28.29,18.705,7.405000000000001,15.43,23.015,0.0,71.56
2021-08-25 13:00:56,19.266666666666666,13.165,10.11,21.334999999999997,30.86,0.0,71.25
2021-08-25 14:00:56,14.87,7.375,11.314999999999998,13.17,19.7,0.0,78.66
2021-08-25 15:00:56,10.16,5.2250000000000005,9.595,25.830000000000002,35.865,0.0,65.71
2021-08-25 16:00:56,7.77,3.625,8.825,24.075,34.925000000000004,0.0,70.19
2021-08-25 17:00:56,21.34,3.67,16.2,24.53,34.875,0.0,77.72
2021-08-25 18:00:56,17.7,3.4149999999999996,18.07,35.49,48.945,0.0,63.41
2021-08-25 19:00:56,25.926666666666666,3.8149999999999995,16.62,35.165,47.145,0.0,62.37
2021-08-25 20:00:56,30.39,5.914999999999999,13.14,79.635,127.14,0.0,36.84
2021-08-25 21:00:56,47.68000000000001,8.525,12.410000000000002,26.33,34.605,0.0,67.52
2021-08-25 22:00:56,57.96333333333333,12.905,12.89,22.78,30.02,0.0,70.05
2021-08-25 23:00:56,46.85666666666667,12.979999999999999,14.01,29.645,38.44,0.0,63.85
2021-08-26 00:00:56,47.21333333333333,17.25,18.785,38.555,46.504999999999995,0.0,56.4
2021-08-26 01:00:56,42.09,18.52,19.54,42.945,52.18,0.0,48.77
2021-08-26 02:00:56,40.233333333333334,12.375,18.145,54.915,66.265,0.0,14.39
2021-08-26 03:00:56,52.83,14.9,29.269999999999996,56.26500000000001,66.655,0.0,13.1
2021-08-26 04:00:56,53.32666666666666,24.38,31.975000000000005,46.1,54.505,0.0,17.91
2021-08-26 05:00:56,54.333333333333336,26.855,23.11,38.87,46.21,0.0,14.04
2021-08-26 06:00:56,48.3,25.155,32.089999999999996,42.915,53.60999999999999,0.0,10.99
2021-08-26 07:00:56,48.553333333333335,24.925,29.895,44.5,75.635,0.0,5.91
2021-08-26 08:00:56,58.776666666666664,29.754999999999995,40.69,51.035,84.0,0.0,8.29
2021-08-26 09:00:56,71.48,32.305,55.185,59.415,88.14,0.0,13.99
2021-08-26 10:00:56,76.17666666666666,37.39,25.615,41.870000000000005,52.31,0.0,47.35
2021-08-26 11:00:56,73.46666666666667,29.855000000000004,20.065,38.645,47.44,0.0,64.25
2021-08-26 12:00:56,51.343333333333334,18.86,17.745,23.545,30.36,0.0,76.69
2021-08-26 13:00:56,46.49333333333333,15.795,15.834999999999999,23.3,31.175,0.0,74.16
2021-08-26 14:00:56,37.27,12.799999999999999,14.675000000000002,11.314999999999998,17.3,0.0,94.91
2021-08-26 15:00:56,35.06333333333333,10.17,15.450000000000001,17.315,24.284999999999997,0.0,85.3
2021-08-26 16:00:56,31.973333333333333,8.285,14.115,25.37,34.63,0.0,74.4
2021-08-26 17:00:56,30.00333333333333,8.195,12.455,18.235,25.040000000000003,0.0,92.28
2021-08-26 18:00:56,35.663333333333334,6.02,12.44,29.155,36.71,0.0,80.0
2021-08-26 19:00:56,32.81333333333333,8.6,13.214999999999998,64.79,82.405,0.0,45.21
2021-08-26 20:00:56,44.25666666666667,10.59,15.11,97.295,141.8,0.0,33.63
2021-08-26 21:00:56,80.0,21.209999999999997,14.464999999999998,52.19499999999999,63.900000000000006,0.0,49.14
2021-08-26 22:00:56,81.62333333333333,22.679999999999996,14.06,32.735,42.46,0.0,55.89
2021-08-26 23:00:56,77.77,19.075,13.219999999999999,20.39,27.560000000000002,0.0,64.83
2021-08-27 00:00:56,54.42666666666666,19.22,11.825000000000001,28.974999999999998,38.75,0.0,46.81
2021-08-27 01:00:56,57.36333333333334,21.44,10.23,16.29,23.695000000000004,0.0,57.07
2021-08-27 02:00:56,52.196666666666665,24.405,10.265,11.12,17.23,0.0,56.23
2021-08-27 03:00:56,43.28333333333333,15.405,10.365,14.32,20.974999999999998,0.0,58.96
2021-08-27 04:00:56,36.56333333333333,21.939999999999998,11.969999999999999,16.34,22.05,0.0,53.47
2021-08-27 05:00:56,43.626666666666665,26.37,14.055,23.005,29.179999999999996,0.0,42.91
2021-08-27 06:00:56,42.723333333333336,27.215,14.604999999999999,26.090000000000003,32.59,0.0,33.21
2021-08-27 07:00:56,44.44,28.27,15.71,33.71,46.31,0.0,19.28
2021-08-27 08:00:56,49.04666666666667,28.554999999999996,26.365,44.995,68.25999999999999,0.0,10.91
2021-08-27 09:00:56,60.343333333333334,30.024999999999995,36.36,37.865,52.900000000000006,0.0,24.13
2021-08-27 10:00:56,62.78,35.705,22.015,32.025,42.515,0.0,42.5
2021-08-27 11:00:56,60.22333333333333,29.155,23.195000000000004,28.615,36.685,0.0,62.02
2021-08-27 12:00:56,58.38666666666666,29.005,35.73,29.645,37.22,0.0,78.2
2021-08-27 13:00:56,46.17666666666667,20.87,27.075,27.06,33.995000000000005,0.0,83.91
2021-08-27 14:00:56,42.99666666666667,11.315,20.895,42.23,54.66,0.0,64.69
2021-08-27 15:00:56,36.98,6.315,18.42,46.99,62.835,0.0,67.49
2021-08-27 16:00:56,37.346666666666664,5.895,17.98,27.645,35.54,0.0,91.21
2021-08-27 17:00:56,40.74333333333333,6.864999999999999,18.04,24.52,31.345,0.0,97.89
2021-08-27 18:00:56,47.76,7.765000000000001,13.37,29.955000000000002,36.419999999999995,0.0,85.3
2021-08-27 19:00:56,47.93333333333334,8.585,11.865,51.41,59.120000000000005,0.0,72.31
2021-08-27 20:00:56,52.373333333333335,13.17,16.03,89.055,116.235,0.0,50.91
2021-08-27 21:00:56,73.70333333333333,20.915000000000003,13.38,27.915000000000003,35.545,0.0,90.05
2021-08-27 22:00:56,71.25333333333333,26.38,13.469999999999999,22.175,28.955000000000002,0.0,97.71
2021-08-27 23:00:56,69.5,19.165,19.105,31.224999999999998,37.83,0.0,77.04
2021-08-28 00:00:56,59.60666666666666,18.655,24.055000000000003,47.605,54.754999999999995,0.0,52.15
2021-08-28 01:00:56,61.986666666666665,24.05,24.689999999999998,56.17499999999999,65.64,0.0,38.37
2021-08-28 02:00:56,55.3,19.900000000000002,22.095,41.895,49.945,0.0,46.06
2021-08-28 03:00:56,52.3,24.015,30.895,42.650000000000006,49.405,0.0,34.35
2021-08-28 04:00:56,55.17333333333333,25.135,46.21,41.655,47.805,0.0,26.69
2021-08-28 05:00:56,65.92333333333333,35.65,57.875,43.82500000000001,50.129999999999995,0.0,23.7
2021-08-28 06:00:56,81.23666666666666,38.13,43.645,42.045,50.55500000000001,0.0,15.1
2021-08-28 07:00:56,76.47,35.41,40.625,50.49,72.435,0.0,11.55
2021-08-28 08:00:56,70.11666666666667,44.845,61.9,66.055,103.59499999999998,0.0,9.41
2021-08-28 09:00:56,97.33,43.76,52.77,60.335,78.13,0.0,33.76
2021-08-28 10:00:56,82.28333333333333,37.825,34.465,37.865,46.74,0.0,56.82
2021-08-28 11:00:56,68.80666666666667,28.31,21.175,25.485,32.19,0.0,82.57
2021-08-28 12:00:56,67.91666666666667,27.265,26.004999999999995,23.215,29.14,0.0,92.64
2021-08-28 13:00:56,42.21,17.775,25.564999999999998,30.33,39.93,0.0,84.86
2021-08-28 14:00:56,54.806666666666665,18.395,13.795000000000002,48.875,67.24000000000001,0.0,53.88
2021-08-28 15:00:56,42.06666666666667,15.1,12.795,45.794999999999995,62.375,0.0,59.6
2021-08-28 16:00:56,37.13333333333333,11.4,12.695,42.66,58.635,0.0,63.61
2021-08-28 17:00:56,42.02,6.905,12.735,33.075,43.504999999999995,0.0,80.75
2021-08-28 18:00:56,45.19,6.155000000000001,12.979999999999999,37.08,48.51500000000001,0.0,82.58
2021-08-28 19:00:56,59.13666666666667,8.25,12.645000000000001,29.825000000000003,38.68,0.0,91.2
2021-08-28 20:00:56,77.02333333333334,12.305,12.565,24.310000000000002,32.335,0.0,90.46
2021-08-28 21:00:56,70.63666666666667,17.6,12.46,19.755,26.700000000000003,0.0,94.67
2021-08-28 22:00:56,65.71333333333332,17.834999999999997,14.645000000000001,16.0,22.465000000000003,0.0,96.71
2021-08-28 23:00:56,68.19333333333333,22.45,24.73,35.555,43.24,0.0,73.03
2021-08-29 00:00:56,57.05666666666667,19.38,16.025000000000002,34.775000000000006,42.02,0.0,69.76
2021-08-29 01:00:56,46.32666666666667,17.41,14.38,48.315,57.26,0.0,78.74
2021-08-29 02:00:56,46.86,13.38,17.915,31.005,38.775,0.0,89.17
2021-08-29 03:00:56,37.38333333333333,17.52,34.345,34.365,41.195,0.0,91.44
2021-08-29 04:00:56,24.483333333333334,11.74,16.705000000000002,18.8,24.87,0.0,87.17
2021-08-29 05:00:56,37.43666666666667,9.549999999999999,38.445,29.570000000000004,35.76499999999999,0.0,65.79
2021-08-29 06:00:56,36.15,18.42,45.195,33.11,40.185,0.0,51.58
2021-08-29 07:00:56,44.42666666666667,21.385,42.745000000000005,39.695,48.71,0.0,32.84
2021-08-29 08:00:56,62.446666666666665,24.37,107.04,57.830000000000005,75.13,0.0,17.73
2021-08-29 09:00:56,75.82666666666667,37.175000000000004,68.73,42.1,52.56,0.0,39.02
2021-08-29 10:00:56,78.98666666666666,29.36,34.15,38.375,47.794999999999995,0.0,44.72
2021-08-29 11:00:56,71.36666666666667,23.01,42.805,33.875,41.125,0.0,60.05
2021-08-29 12:00:56,66.03333333333333,17.06,42.21,30.155,36.85,0.0,77.45
2021-08-29 13:00:56,60.93333333333334,18.515,29.290000000000003,17.695,23.685000000000002,0.0,102.52
2021-08-29 14:00:56,46.85666666666667,10.700000000000001,29.150000000000002,17.0,23.155,0.0,98.36
2021-08-29 15:00:56,40.11666666666667,7.37,22.01,15.51,21.845,0.0,94.17
2021-08-29 16:00:56,37.15,9.700000000000001,14.26,16.82,23.775000000000002,0.0,90.65
2021-08-29 17:00:56,27.49,9.765,12.81,13.86,20.05,0.0,90.48
2021-08-29 18:00:56,38.056666666666665,6.0249999999999995,14.705,29.834999999999997,40.395,0.0,75.12
2021-08-29 19:00:56,46.416666666666664,6.895,13.050000000000002,48.879999999999995,61.315,0.0,54.8
2021-08-29 20:00:56,45.766666666666666,13.615,13.565,39.56,49.044999999999995,0.0,63.44
2021-08-29 21:00:56,60.06666666666666,14.089999999999998,12.589999999999998,27.73,36.46,0.0,68.84
2021-08-29 22:00:56,63.67,16.64,16.22,32.985,40.824999999999996,0.0,63.53
2021-08-29 23:00:56,58.78666666666666,21.21,14.165,52.935,71.50999999999999,0.0,39.44
2021-08-30 00:00:56,57.95,16.655,16.36,61.705000000000005,79.875,0.0,22.64
2021-08-30 01:00:56,58.77,13.780000000000001,34.655,68.905,88.78000000000002,0.0,8.91
2021-08-30 02:00:56,60.65,19.48,38.87,50.02,58.400000000000006,0.0,19.63
2021-08-30 03:00:56,57.553333333333335,23.105,26.825,24.86,31.709999999999997,0.0,49.69
2021-08-30 04:00:56,58.77,26.450000000000003,22.939999999999998,22.189999999999998,29.265,0.0,44.12
2021-08-30 05:00:56,49.346666666666664,23.125,22.77,23.965,30.345,0.0,34.62
2021-08-30 06:00:56,49.70666666666667,25.775000000000002,17.98,26.450000000000003,33.035,0.0,29.95
2021-08-30 07:00:56,48.93,28.97,19.43,28.285,36.4,0.0,28.48
2021-08-30 08:00:56,62.99666666666667,26.265,48.385,41.075,55.745,0.0,26.19
2021-08-30 09:00:56,74.86333333333333,35.745000000000005,71.985,49.475,66.965,0.0,29.21
2021-08-30 10:00:56,79.75666666666667,38.42,55.77,36.145,46.89000000000001,0.0,41.9
2021-08-30 11:00:56,72.52,34.885,28.215,19.345,26.474999999999998,0.0,63.99
2021-08-30 12:00:56,60.67,21.115,17.28,15.445,21.7,0.0,74.84
2021-08-30 13:00:56,44.666666666666664,20.295,16.94,20.915,28.28,0.0,76.67
2021-08-30 14:00:56,46.00666666666667,18.31,15.709999999999999,21.334999999999997,28.810000000000002,0.0,86.01
2021-08-30 15:00:56,46.723333333333336,15.63,15.464999999999998,19.39,26.02,0.0,95.44
2021-08-30 16:00:56,36.82333333333333,14.92,15.229999999999999,27.74,36.765,0.0,84.45
2021-08-30 17:00:56,44.836666666666666,12.07,14.35,26.575,37.449999999999996,0.0,73.27
2021-08-30 18:00:56,49.91,9.585,12.71,23.51,32.72,0.0,74.54
2021-08-30 19:00:56,41.373333333333335,16.295,6.844999999999999,23.275000000000002,32.865,0.0,56.24
2021-08-30 20:00:56,52.21333333333334,18.405,7.505,21.765,31.28,0.0,48.76
2021-08-30 21:00:56,54.196666666666665,25.91,8.035,18.49,27.810000000000002,0.0,49.23
2021-08-30 22:00:56,50.57666666666667,22.540000000000003,7.650000000000001,14.225,22.72,0.0,55.62
2021-08-30 23:00:56,49.92666666666667,23.554999999999996,6.8,13.305,21.04,0.0,58.94
2021-08-31 00:00:56,43.379999999999995,21.52,6.140000000000001,9.49,16.025000000000002,0.0,65.34
2021-08-31 01:00:56,37.973333333333336,20.34,6.335000000000001,6.974999999999999,12.87,0.0,68.23
2021-08-31 02:00:56,34.28333333333333,17.135,6.41,5.68,11.92,0.0,66.5
2021-08-31 03:00:56,31.906666666666666,22.3,6.650000000000001,4.605,10.385,0.0,70.7
2021-08-31 04:00:56,28.799999999999997,16.825,6.780000000000001,4.145,9.854999999999999,0.0,75.33
2021-08-31 05:00:56,25.263333333333332,17.17,6.650000000000001,3.4600000000000004,9.265,0.0,72.28
2021-08-31 06:00:56,26.450000000000003,19.36,6.37,5.785,11.67,0.0,68.66
2021-08-31 07:00:56,26.21333333333333,20.555,12.915,20.495,28.334999999999997,0.0,58.17
2021-08-31 08:00:56,31.013333333333335,20.17,32.64,42.895,60.574999999999996,0.0,44.35
2021-08-31 09:00:56,39.196666666666665,28.209999999999997,40.675,45.905,64.61,0.0,42.65
2021-08-31 10:00:56,38.46,25.120000000000005,12.454999999999998,39.6,58.074999999999996,0.0,36.84
2021-08-31 11:00:56,61.70333333333333,22.724999999999998,11.81,22.505,33.835,0.0,61.33
2021-08-31 12:00:56,45.88333333333333,16.345,11.26,18.815,28.370000000000005,0.0,70.73
2021-08-31 13:00:56,39.64,13.615,11.76,21.385,31.715000000000003,0.0,67.09
2021-08-31 14:00:56,39.49,8.375,12.200000000000001,19.85,29.775000000000002,0.0,69.26
2021-08-31 15:00:56,34.53,5.37,11.755,24.709999999999997,37.435,0.0,67.82
2021-08-31 16:00:56,30.293333333333333,11.229999999999999,11.475,24.820000000000004,36.165,0.0,69.74
2021-08-31 17:00:56,30.24,11.235,11.495,19.635,28.77,0.0,79.73
2021-08-31 18:00:56,43.96,6.895,11.29,18.845,27.205,0.0,78.79
2021-08-31 19:00:56,56.776666666666664,8.695,10.985,21.28,30.24,0.0,70.44
2021-08-31 20:00:56,62.596666666666664,16.145,11.495,19.895,27.735,0.0,69.05
2021-08-31 21:00:56,56.626666666666665,16.43,11.695,16.15,23.540000000000003,0.0,69.47
2021-08-31 22:00:56,55.946666666666665,16.535,10.765,11.714999999999998,18.435,0.0,68.46
2021-08-31 23:00:56,48.49666666666667,13.89,10.035,9.555,16.28,0.0,72.9
2021-09-01 00:00:56,40.78,12.44,10.215,8.36,14.44,0.0,78.24
2021-09-01 01:00:56,39.95333333333333,14.455,10.58,7.1000000000000005,13.4,0.0,85.52
2021-09-01 02:00:56,45.04333333333333,21.14,10.83,5.625,11.525,0.0,81.44
2021-09-01 03:00:56,42.03,22.41,10.94,5.300000000000001,11.475,0.0,79.95
2021-09-01 04:00:56,35.51,19.825,10.805,3.49,8.955,0.0,77.32
2021-09-01 05:00:56,31.543333333333333,16.81,11.295,4.41,10.1,0.0,78.51
2021-09-01 06:00:56,34.81666666666666,15.485,28.395,18.135,23.945000000000004,0.0,76.93
2021-09-01 07:00:56,41.17333333333333,23.09,24.409999999999997,25.284999999999997,34.11,0.0,67.72
2021-09-01 08:00:56,41.9,21.429999999999996,21.625,51.169999999999995,77.395,0.0,38.13
2021-09-01 09:00:56,53.0,17.5,14.240000000000002,26.294999999999998,37.735,0.0,57.19
2021-09-01 10:00:56,46.906666666666666,18.715,13.135,26.985,39.205000000000005,0.0,52.7
2021-09-01 11:00:56,41.986666666666665,16.959999999999997,17.335,21.365,29.959999999999997,0.0,64.26
2021-09-01 12:00:56,46.20333333333333,14.245,12.964999999999998,18.625,28.005,0.0,62.41
2021-09-01 13:00:56,40.54,13.07,10.505,29.950000000000003,43.53,0.0,49.59
2021-09-01 14:00:56,43.443333333333335,16.485,9.709999999999999,24.05,36.355,0.0,52.22
2021-09-01 15:00:56,43.513333333333335,12.15,9.645,21.785,33.71,0.0,54.73
2021-09-01 16:00:56,37.983333333333334,8.67,10.505,19.535,29.63,0.0,57.8
2021-09-01 17:00:56,37.25333333333333,8.37,10.735,18.13,26.99,0.0,61.76
2021-09-01 18:00:56,40.263333333333335,10.38,10.015,32.345,46.574999999999996,0.0,46.44
2021-09-01 19:00:56,37.876666666666665,14.450000000000001,9.365,31.81,44.435,0.0,41.48
2021-09-01 20:00:56,49.84,15.94,10.555,43.465,57.800000000000004,0.0,30.17
2021-09-01 21:00:56,44.346666666666664,11.15,10.54,21.560000000000002,32.405,0.0,51.28
2021-09-01 22:00:56,34.37,21.899999999999995,10.38,15.815,22.834999999999997,0.0,57.76
2021-09-01 23:00:56,32.50666666666667,21.64,10.67,23.86,32.61,0.0,42.24
2021-09-02 00:00:56,29.316666666666666,17.080000000000002,11.885,35.925,47.065,0.0,25.37
2021-09-02 01:00:56,32.94,14.740000000000002,12.365,26.495000000000005,36.1,0.0,30.65
2021-09-02 02:00:56,31.68,12.475,12.195,23.975000000000005,33.125,0.0,27.53
2021-09-02 03:00:56,32.14,17.755,13.464999999999998,17.68,23.340000000000003,0.0,32.55
2021-09-02 04:00:56,57.71666666666667,15.92,13.195,23.77,32.69,0.0,19.9
2021-09-02 05:00:56,48.70666666666666,39.205000000000005,13.0,16.345,21.825,0.0,35.66
2021-09-02 06:00:56,45.99333333333333,27.8,14.225000000000001,12.155,17.915000000000003,0.0,35.1
2021-09-02 07:00:56,44.013333333333335,31.88,14.975000000000001,24.804999999999996,38.36,0.0,30.72
2021-09-02 08:00:56,40.89,25.895,16.51,22.810000000000002,34.405,0.0,38.97
2021-09-02 09:00:56,31.333333333333332,15.135,16.73,25.040000000000003,35.47,0.0,45.18
2021-09-02 10:00:56,22.333333333333332,4.05,15.714999999999998,17.705,26.09,0.0,59.52
2021-09-02 11:00:56,19.883333333333333,4.435,12.395000000000001,16.42,25.179999999999996,0.0,68.24
2021-09-02 12:00:56,19.03,11.085,11.635,13.93,22.09,0.0,65.95
2021-09-02 13:00:56,22.113333333333333,7.165,11.770000000000001,15.585,23.505,0.0,70.13
2021-09-02 14:00:56,20.09,8.605,11.505,13.145000000000001,19.965,0.0,68.62
2021-09-02 15:00:56,24.953333333333333,13.375,10.885,14.595,22.3,0.0,65.85
2021-09-02 16:00:56,30.05,11.195,11.065,16.375,24.92,0.0,60.05
2021-09-02 17:00:56,24.523333333333333,7.195,10.409999999999998,15.405000000000001,23.24,0.0,61.36
2021-09-02 18:00:56,29.953333333333333,6.6499999999999995,10.26,16.815,23.655,0.0,60.97
2021-09-02 19:00:56,24.616666666666667,8.125,10.42,19.325,27.005,0.0,56.98
2021-09-02 20:00:56,25.80333333333333,4.72,10.935,21.400000000000002,30.179999999999996,0.0,50.92
2021-09-02 21:00:56,24.443333333333335,3.0199999999999996,10.915,17.615,24.950000000000003,0.0,53.06
2021-09-02 22:00:56,28.21666666666667,7.82,11.15,19.755,29.97,0.0,50.12
2021-09-02 23:00:56,27.64,5.685,11.200000000000001,15.29,23.895,0.0,52.92
2021-09-03 00:00:56,27.14,3.56,11.32,13.479999999999999,20.43,0.0,55.04
2021-09-03 01:00:56,14.99,3.08,11.835,14.335,20.325,0.0,59.08
2021-09-03 02:00:56,21.11,3.1,11.83,14.61,21.37,0.0,55.45
2021-09-03 03:00:56,18.476666666666667,8.985000000000001,12.435,13.410000000000002,20.54,0.0,54.01
2021-09-03 04:00:56,19.263333333333332,6.645,15.755,13.705,19.82,0.0,56.31
2021-09-03 05:00:56,18.060000000000002,6.234999999999999,19.605,20.99,26.745,0.0,37.97
2021-09-03 06:00:56,23.743333333333332,9.17,25.875,28.62,36.095,0.0,26.65
2021-09-03 07:00:56,24.543333333333333,15.469999999999999,25.325,39.515,55.04,0.0,21.85
2021-09-03 08:00:56,35.833333333333336,20.325000000000003,27.365,40.025,61.794999999999995,0.0,14.89
2021-09-03 09:00:56,52.78333333333333,21.155,25.400000000000002,26.5,41.385,0.0,33.8
2021-09-03 10:00:56,40.63666666666666,16.39,19.16,17.71,26.450000000000003,0.0,52.87
2021-09-03 11:00:56,29.27,11.56,17.33,19.665,29.209999999999997,0.0,52.4
2021-09-03 12:00:56,25.95,9.455,14.270000000000001,13.725,21.659999999999997,0.0,61.88
2021-09-03 13:00:56,20.096666666666668,6.599999999999999,11.36,11.365,19.905,0.0,63.48
2021-09-03 14:00:56,15.35,6.655,11.01,9.790000000000001,17.72,0.0,68.85
2021-09-03 15:00:56,12.946666666666667,6.650000000000001,10.969999999999999,10.709999999999999,18.525000000000002,0.0,67.7
2021-09-03 16:00:56,10.76,7.859999999999999,11.46,12.06,20.169999999999998,0.0,61.11
2021-09-03 17:00:56,20.84,9.11,11.735,12.959999999999999,21.865,0.0,60.05
2021-09-03 18:00:56,20.133333333333333,5.33,11.354999999999999,26.395,44.685,0.0,44.74
2021-09-03 19:00:56,23.05,5.359999999999999,11.21,25.445000000000004,40.9,0.0,50.34
2021-09-03 20:00:56,22.57,3.815,11.865,27.400000000000002,42.535,0.0,42.16
2021-09-03 21:00:56,25.983333333333334,4.195,12.115,18.27,28.145,0.0,49.1
2021-09-03 22:00:56,26.936666666666667,3.5749999999999997,12.415,15.765,23.955,0.0,52.08
2021-09-03 23:00:56,26.476666666666667,4.455,12.68,12.76,20.37,0.0,53.55
2021-09-04 00:00:56,19.75,5.86,12.19,11.565,19.974999999999998,0.0,52.5
2021-09-04 01:00:56,22.686666666666667,4.734999999999999,11.815,10.37,19.38,0.0,54.88
2021-09-04 02:00:56,22.3,5.94,11.714999999999998,6.609999999999999,13.13,0.0,57.74
2021-09-04 03:00:56,19.93,6.635000000000001,11.715000000000002,4.535,10.285,0.0,57.73
2021-09-04 04:00:56,16.113333333333333,7.300000000000001,13.170000000000002,7.355,13.549999999999999,0.0,54.55
2021-09-04 05:00:56,14.753333333333334,6.294999999999999,17.61,15.655000000000001,21.705,0.0,43.81
2021-09-04 06:00:56,16.723333333333333,3.625,19.13,23.285,31.850000000000005,0.0,35.8
2021-09-04 07:00:56,28.86,12.725,21.290000000000003,36.41,54.715,0.0,19.71
2021-09-04 08:00:56,31.986666666666665,17.89,25.555000000000003,33.975,58.35999999999999,0.0,33.69
2021-09-04 09:00:56,29.973333333333333,17.66,26.084999999999997,34.79,59.474999999999994,0.0,42.53
2021-09-04 10:00:56,31.653333333333336,17.335,21.040000000000003,29.355,46.685,0.0,37.39
2021-09-04 11:00:56,30.040000000000003,14.160000000000002,17.96,23.054999999999996,36.225,0.0,44.19
2021-09-04 12:00:56,25.17,12.055,15.555,22.36,35.195,0.0,50.03
2021-09-04 13:00:56,20.58,7.260000000000001,11.14,20.21,34.535000000000004,0.0,58.66
2021-09-04 14:00:56,17.0,4.855,10.69,19.194999999999997,31.34,0.0,62.24
2021-09-04 15:00:56,13.6,3.525,11.219999999999999,14.835,23.375,0.0,69.92
2021-09-04 16:00:56,15.836666666666666,3.9250000000000003,12.56,19.975,29.675,0.0,63.88
2021-09-04 17:00:56,17.44333333333333,3.8900000000000006,11.695,31.88,48.385,0.0,46.98
2021-09-04 18:00:56,18.336666666666666,2.345,10.89,28.064999999999998,41.415,0.0,50.89
2021-09-04 19:00:56,28.42,1.75,10.89,27.675,40.275,0.0,55.46
2021-09-04 20:00:56,36.12,3.1500000000000004,12.104999999999999,26.92,38.305,0.0,57.21
2021-09-04 21:00:56,41.67333333333333,10.415,12.32,18.365,27.885,0.0,64.11
2021-09-04 22:00:56,42.07333333333333,8.365,12.485,12.92,20.335,0.0,64.86
2021-09-04 23:00:56,37.82,6.47,12.270000000000001,11.62,18.61,0.0,63.43
2021-09-05 00:00:56,25.48,4.609999999999999,12.699999999999998,12.08,19.61,0.0,63.15
2021-09-05 01:00:56,26.916666666666668,9.055,11.549999999999999,10.21,17.38,0.0,66.02
2021-09-05 02:00:56,19.63,9.32,12.25,9.56,16.55,0.0,69.67
2021-09-05 03:00:56,15.93,6.585000000000001,14.454999999999998,12.085,18.485,0.0,70.22
2021-09-05 04:00:56,14.81,11.270000000000001,17.68,18.74,26.245,0.0,64.07
2021-09-05 05:00:56,17.066666666666666,13.065,18.62,15.24,20.735,0.0,65.81
2021-09-05 06:00:56,18.38,14.165,20.735,14.925000000000002,20.87,0.0,57.01
2021-09-05 07:00:56,25.326666666666668,12.524999999999999,20.630000000000003,20.93,28.91,0.0,54.1
2021-09-05 08:00:56,25.486666666666668,12.795000000000002,32.305,27.145,41.215,0.0,43.64
2021-09-05 09:00:56,33.50333333333333,14.649999999999999,21.58,14.915,25.825000000000003,0.0,64.34
2021-09-05 10:00:56,28.526666666666667,11.88,12.545000000000002,17.155,29.42,0.0,55.85
2021-09-05 11:00:56,20.633333333333333,10.29,11.56,13.365,23.075000000000003,0.0,67.46
2021-09-05 12:00:56,19.736666666666665,13.089999999999998,4.435,19.195,31.320000000000004,0.0,60.92
2021-09-05 13:00:56,10.8,8.540000000000001,5.7,19.415,0.0,0.0,66.41
2021-09-05 14:00:56,11.496666666666666,5.225,5.44,21.290000000000003,34.315,0.0,65.64
2021-09-05 15:00:56,10.09,3.6950000000000003,5.5,18.73,31.0,0.0,66.53
2021-09-05 16:00:56,9.943333333333333,2.515,5.44,19.06,29.895,0.0,66.53
2021-09-05 17:00:56,7.85,1.62,5.77,16.044999999999998,25.95,0.0,94.35
2021-09-05 18:00:56,18.54,1.3499999999999999,11.325000000000001,14.88,24.16,0.0,93.95
2021-09-05 19:00:56,31.12,5.48,11.51,15.344999999999999,25.28,0.0,70.39
2021-09-05 20:00:56,45.01,10.03,12.315,15.76,25.209999999999997,0.0,62.55
2021-09-05 21:00:56,42.17,9.979999999999999,11.785000000000002,11.68,19.505,0.0,66.61
2021-09-05 22:00:56,33.13333333333333,10.99,11.775,9.51,17.21,0.0,66.82
2021-09-05 23:00:56,28.84,11.33,12.015,8.855,16.235,0.0,65.89
2021-09-06 00:00:56,33.06,7.830000000000001,11.94,7.31,14.049999999999999,0.0,67.44
2021-09-06 01:00:56,20.266666666666666,5.794999999999999,11.214999999999998,6.805,13.46,0.0,70.88
2021-09-06 02:00:56,16.67,3.35,11.385,7.385000000000001,14.685,0.0,66.78
2021-09-06 03:00:56,12.363333333333333,2.62,11.219999999999999,5.385000000000001,11.229999999999999,0.0,69.13
2021-09-06 04:00:56,11.946666666666667,1.8099999999999998,11.94,9.23,16.265,0.0,68.82
2021-09-06 05:00:56,10.043333333333335,2.145,12.464999999999998,7.900000000000001,13.969999999999999,0.0,71.93
2021-09-06 06:00:56,13.506666666666668,1.175,11.969999999999999,8.06,14.63,0.0,66.91
2021-09-06 07:00:56,19.02,2.895,17.645,22.125,31.845,0.0,61.94
2021-09-06 08:00:56,18.166666666666668,5.645,13.43,29.950000000000003,44.23499999999999,0.0,53.08
2021-09-06 09:00:56,19.59,14.46,12.245,31.569999999999997,48.28,0.0,47.0
2021-09-06 10:00:56,24.41,9.58,12.560000000000002,21.265,32.21,0.0,56.46
2021-09-06 11:00:56,22.576666666666668,8.275,11.295,14.24,23.209999999999997,0.0,65.9
2021-09-06 12:00:56,25.563333333333333,5.989999999999999,11.08,15.035000000000002,24.545,0.0,67.94
2021-09-06 13:00:56,29.44666666666667,10.265,10.335,16.169999999999998,26.72,0.0,65.65
2021-09-06 14:00:56,28.48,7.285,9.65,17.61,28.149999999999995,0.0,63.32
2021-09-06 15:00:56,30.786666666666665,6.895,9.290000000000001,13.54,22.285,0.0,69.71
2021-09-06 16:00:56,29.123333333333335,8.674999999999999,9.39,16.655,26.465,0.0,95.4
2021-09-06 17:00:56,26.223333333333333,8.595,9.555,20.305,31.175,0.0,67.81
2021-09-06 18:00:56,27.34,4.75,9.88,19.900000000000002,30.02,0.0,59.43
2021-09-06 19:00:56,27.456666666666667,9.765,9.87,22.755,32.815,0.0,59.82
2021-09-06 20:00:56,31.763333333333332,12.35,9.61,28.774999999999995,42.089999999999996,0.0,74.95
2021-09-06 21:00:56,36.72,12.29,9.91,23.44,34.785,0.0,69.44
2021-09-06 22:00:56,30.24,12.204999999999998,10.19,21.26,31.295,0.0,78.0
2021-09-06 23:00:56,24.16,12.780000000000001,10.09,13.76,20.985,0.0,91.89
2021-09-07 00:00:56,27.11,20.735,10.495,15.775,23.635,0.0,73.49
2021-09-07 01:00:56,29.38,14.6,11.4,13.15,19.7,0.0,63.99
2021-09-07 02:00:56,22.39333333333333,11.090000000000002,11.835,9.49,16.37,0.0,65.0
2021-09-07 03:00:56,18.87333333333333,13.875,12.18,7.23,13.07,0.0,68.12
2021-09-07 04:00:56,23.136666666666667,5.355,12.33,6.364999999999999,12.550000000000002,0.0,72.54
2021-09-07 05:00:56,20.686666666666667,8.325,11.969999999999999,4.51,10.445,0.0,75.21
2021-09-07 06:00:56,17.686666666666667,5.835,11.775,5.265000000000001,11.155000000000001,0.0,74.63
2021-09-07 07:00:56,17.753333333333334,6.095,11.69,8.83,15.935,0.0,74.22
2021-09-07 08:00:56,21.63,9.895,11.799999999999999,19.67,29.805000000000003,0.0,67.45
2021-09-07 09:00:56,19.013333333333332,6.59,12.089999999999998,23.51,34.895,0.0,62.58
2021-09-07 10:00:56,23.253333333333334,5.605,11.915,13.39,21.974999999999998,0.0,75.46
2021-09-07 11:00:56,17.573333333333334,9.585,11.525,14.095,22.900000000000002,0.0,74.96
2021-09-07 12:00:56,20.92,9.604999999999999,10.815,17.365,27.985,0.0,71.17
2021-09-07 13:00:56,17.656666666666666,6.2,11.145000000000001,14.839999999999998,24.495,0.0,73.21
2021-09-07 14:00:56,17.496666666666666,4.5249999999999995,11.075000000000001,14.885,24.189999999999998,0.0,95.12
2021-09-07 15:00:56,21.256666666666668,3.5749999999999997,10.674999999999999,15.834999999999999,25.25,0.0,74.48
2021-09-07 16:00:56,18.456666666666667,3.2449999999999997,10.26,15.219999999999999,24.365,0.0,66.61
2021-09-07 17:00:56,18.3,3.4450000000000003,10.185,15.505,24.11,0.0,64.24
2021-09-07 18:00:56,20.02,2.8049999999999997,10.49,20.959999999999997,30.99,0.0,60.02
2021-09-07 19:00:56,24.186666666666667,6.710000000000001,10.714999999999998,21.24,30.88,0.0,56.03
2021-09-07 20:00:56,32.79333333333334,12.57,10.735,23.515,33.365,0.0,57.49
2021-09-07 21:00:56,32.803333333333335,7.25,11.155,23.67,33.46,0.0,79.65
2021-09-07 22:00:56,30.916666666666668,7.505,11.345,18.045,26.37,0.0,58.18
2021-09-07 23:00:56,28.69,13.555,11.38,15.520000000000001,23.929999999999996,0.0,65.05
2021-09-08 00:00:56,28.733333333333334,7.825,11.6,14.36,21.16,0.0,64.74
2021-09-08 01:00:56,30.01,6.245,11.585,10.795,16.845,0.0,74.96
2021-09-08 02:00:56,27.39,11.020000000000001,11.635,8.795,15.770000000000001,0.0,68.07
2021-09-08 03:00:56,20.87,7.1000000000000005,11.645000000000001,6.065,11.88,0.0,82.54
2021-09-08 04:00:56,23.803333333333335,7.609999999999999,12.104999999999999,5.3500000000000005,10.844999999999999,0.0,101.32
2021-09-08 05:00:56,26.303333333333335,10.93,18.03,12.025,17.74,0.0,87.34
2021-09-08 06:00:56,28.136666666666667,15.574999999999998,29.159999999999997,16.76,22.75,0.0,76.56
2021-09-08 07:00:56,31.0,11.700000000000001,21.045,39.315,56.97,0.0,27.51
2021-09-08 08:00:56,50.97666666666667,17.98,40.175,63.065,115.365,0.0,13.94
2021-09-08 09:00:56,78.9,35.165,63.07,65.155,103.415,0.0,18.64
2021-09-08 10:00:56,57.46,23.855,22.005,35.61,52.07,0.0,48.29
2021-09-08 11:00:56,42.57333333333334,19.165000000000003,11.214999999999998,21.115,31.865,0.0,65.0
2021-09-08 12:00:56,35.056666666666665,16.189999999999998,10.805,19.39,29.845,0.0,70.0
2021-09-08 13:00:56,26.083333333333332,9.424999999999999,10.315,25.955000000000002,40.675000000000004,0.0,92.05
2021-09-08 14:00:56,21.516666666666666,6.48,10.28,24.33,36.85,0.0,65.69
2021-09-08 15:00:56,18.96,4.6499999999999995,10.35,18.3,27.370000000000005,0.0,70.84
2021-09-08 16:00:56,22.24,3.85,10.35,22.625,33.129999999999995,0.0,61.72
2021-09-08 17:00:56,15.766666666666666,1.7400000000000002,10.479999999999999,6.265000000000001,8.075,0.0,0.0
2021-09-08 18:00:56,15.670000000000002,1.8399999999999999,10.615,7.155000000000001,9.01,0.0,0.0
2021-09-08 19:00:56,22.493333333333332,2.965,10.520000000000001,9.73,11.495,0.0,0.0
2021-09-08 20:00:56,29.396666666666665,4.33,11.415,57.99,70.50999999999999,0.0,68.54
2021-09-08 21:00:56,25.55333333333333,4.7,11.534999999999998,7.955000000000001,9.535,0.0,0.0
2021-09-08 22:00:56,17.61,7.544999999999999,11.214999999999998,5.23,6.705000000000001,0.0,0.0
2021-09-08 23:00:56,13.926666666666666,5.91,11.354999999999999,5.015,6.435,0.0,0.0
2021-09-09 00:00:56,15.370000000000001,4.535,11.485,4.19,5.609999999999999,0.0,0.0
2021-09-09 01:00:56,10.713333333333333,4.615,11.415,3.6300000000000003,5.06,0.0,0.0
2021-09-09 02:00:56,12.68,3.6400000000000006,11.56,3.1099999999999994,4.44,0.0,0.0
2021-09-09 03:00:56,14.006666666666668,3.41,11.225,2.405,3.7449999999999997,0.0,0.0
2021-09-09 04:00:56,14.170000000000002,4.68,31.275000000000002,18.535,20.26,0.0,0.0
2021-09-09 05:00:56,20.88,7.575,30.349999999999998,18.43,20.075,0.0,0.0
2021-09-09 06:00:56,22.21666666666667,9.74,21.945000000000004,11.915,13.32,0.0,0.0
2021-09-09 07:00:56,21.78333333333333,12.785000000000002,20.67,13.189999999999998,14.99,0.0,0.0
2021-09-09 08:00:56,18.540000000000003,0.0,60.07500000000001,19.855,24.590000000000003,0.0,0.0
2021-09-09 09:00:56,23.64,0.0,49.59,25.209999999999997,35.39,0.0,0.0
2021-09-09 10:00:56,34.76,0.0,17.945,10.195,13.104999999999999,0.0,0.0
2021-09-09 11:00:56,20.203333333333333,0.0,11.885,3.7000000000000006,5.295,0.0,0.0
2021-09-09 12:00:56,18.046666666666667,15.75,10.74,3.69,5.335000000000001,0.0,0.0
2021-09-09 13:00:56,15.19,8.09,10.43,3.4299999999999997,5.065,0.0,0.0
2021-09-09 14:00:56,11.193333333333332,4.445,10.865,3.67,5.22,0.0,0.0
2021-09-09 15:00:56,10.803333333333333,2.9500000000000006,10.59,3.655,5.355,0.0,0.0
2021-09-09 16:00:56,13.36,3.6799999999999997,10.910000000000002,5.38,7.075,0.0,0.0
2021-09-09 17:00:56,15.27,4.25,11.335,5.849999999999999,7.664999999999999,0.0,0.0
2021-09-09 18:00:56,19.856666666666666,2.375,12.44,7.285,9.115,0.0,0.0
2021-09-09 19:00:56,21.956666666666667,1.7599999999999998,12.69,8.97,10.725,0.0,0.0
2021-09-09 20:00:56,22.443333333333335,0.55,12.54,10.829999999999998,12.485,0.0,0.0
2021-09-09 21:00:56,33.446666666666665,0.0,12.49,10.800000000000002,12.560000000000002,0.0,0.0
2021-09-09 22:00:56,25.756666666666664,12.745,12.035000000000002,7.849999999999999,9.34,0.0,0.0
2021-09-09 23:00:56,19.546666666666667,7.25,11.964999999999998,7.495,8.875,0.0,0.0
2021-09-10 00:00:56,13.333333333333334,4.145,11.945,7.585000000000001,9.03,0.0,0.0
2021-09-10 01:00:56,17.009999999999998,3.6199999999999997,11.785000000000002,5.400000000000001,6.719999999999999,0.0,0.0
2021-09-10 02:00:56,18.44333333333333,2.665,11.9,3.815,5.155,0.0,0.0
2021-09-10 03:00:56,14.076666666666668,6.505,19.055,13.905000000000001,15.395000000000001,0.0,0.0
2021-09-10 04:00:56,15.283333333333333,6.575,26.519999999999996,13.795000000000002,15.199999999999998,0.0,0.0
2021-09-10 05:00:56,19.36,6.294999999999999,17.52,8.96,10.275,0.0,0.0
2021-09-10 06:00:56,15.393333333333333,8.065,15.255,8.29,9.63,0.0,0.0
2021-09-10 07:00:56,18.106666666666666,8.585,15.025,9.68,11.329999999999998,0.0,0.0
2021-09-10 08:00:56,17.54,5.895,33.565,14.6,18.795,0.0,0.0
2021-09-10 09:00:56,29.023333333333333,9.85,42.39,19.255,25.73,0.0,0.0
2021-09-10 10:00:56,31.843333333333334,9.085,17.395,8.6,11.415,0.0,0.0
2021-09-10 11:00:56,23.58,5.3,20.045,7.580000000000001,10.0,0.0,0.0
2021-09-10 12:00:56,20.506666666666668,4.32,14.235,5.989999999999999,7.914999999999999,0.0,0.0
2021-09-10 13:00:56,21.88,4.335,13.655000000000001,6.234999999999999,8.215,0.0,0.0
2021-09-10 14:00:56,15.41,3.3900000000000006,11.335,4.325,5.960000000000001,0.0,0.0
2021-09-10 15:00:56,18.97,2.05,11.895000000000001,5.165,6.91,0.0,0.0
2021-09-10 16:00:56,19.06,1.3999999999999997,12.799999999999999,5.789999999999999,7.455000000000001,0.0,0.0
2021-09-10 17:00:56,14.153333333333332,0.8850000000000001,12.815,6.395,8.225,0.0,0.0
2021-09-10 18:00:56,11.56,0.895,12.76,7.685,9.55,0.0,0.0
2021-09-10 19:00:56,21.49,1.195,13.035000000000002,9.19,11.020000000000001,0.0,0.0
2021-09-10 20:00:56,33.093333333333334,3.9949999999999997,12.385,9.885,11.63,0.0,0.0
2021-09-10 21:00:56,13.953333333333333,6.974999999999999,6.830000000000001,7.355,8.94,0.0,0.0
2021-09-10 22:00:56,14.159999999999998,5.530000000000001,6.82,6.489999999999999,8.0,0.0,0.0
2021-09-10 23:00:56,9.68,3.4500000000000006,6.989999999999999,5.32,6.805,0.0,0.0
2021-09-11 00:00:56,5.1000000000000005,3.7099999999999995,6.900000000000001,4.465,5.844999999999999,0.0,0.0
2021-09-11 01:00:56,5.3933333333333335,4.85,7.135000000000001,3.865,5.25,0.0,0.0
2021-09-11 02:00:56,4.226666666666667,3.4949999999999997,7.080000000000001,2.885,4.235,0.0,0.0
2021-09-11 03:00:56,2.5766666666666667,2.085,7.195,3.0549999999999997,4.35,0.0,0.0
2021-09-11 04:00:56,1.8333333333333333,1.795,7.005,4.3,5.59,0.0,0.0
2021-09-11 05:00:56,1.3633333333333333,0.0,16.885,11.39,12.910000000000002,0.0,0.0
2021-09-11 06:00:56,2.5633333333333335,3.275,13.385,6.885000000000001,8.25,0.0,0.0
2021-09-11 07:00:56,8.44,9.275,13.844999999999999,9.03,10.46,0.0,0.0
2021-09-11 08:00:56,9.32,8.685,15.979999999999999,16.59,19.99,0.0,0.0
2021-09-11 09:00:56,6.766666666666667,4.69,11.29,8.225,10.305,0.0,0.0
2021-09-11 10:00:56,6.579999999999999,4.13,14.865,8.59,11.270000000000001,0.0,0.0
2021-09-11 11:00:56,19.773333333333333,3.85,21.285,5.594999999999999,7.974999999999999,0.0,0.0
2021-09-11 12:00:56,16.506666666666668,5.715,13.35,3.1449999999999996,4.705,0.0,0.0
2021-09-11 13:00:56,14.446666666666665,5.065,11.520000000000001,2.44,3.81,0.0,0.0
2021-09-11 14:00:56,12.683333333333334,3.2999999999999994,11.38,2.285,3.6799999999999997,0.0,0.0
2021-09-11 15:00:56,10.553333333333333,2.415,11.6,3.3949999999999996,4.825,0.0,0.0
2021-09-11 16:00:56,12.6,1.72,13.175000000000002,3.7999999999999994,5.325,0.0,0.0
2021-09-11 17:00:56,16.006666666666668,1.3650000000000002,13.295000000000002,6.364999999999999,8.075,0.0,0.0
2021-09-11 18:00:56,16.72,1.055,13.46,9.34,11.060000000000002,0.0,0.0
2021-09-11 19:00:56,13.579999999999998,3.08,13.085,11.835,13.46,0.0,0.0
2021-09-11 20:00:56,13.166666666666666,3.9500000000000006,11.81,11.689999999999998,13.229999999999999,0.0,0.0
2021-09-11 21:00:56,18.12,5.305,11.674999999999999,8.6,9.99,0.0,0.0
2021-09-11 22:00:56,23.810000000000002,4.335,12.045,6.44,7.900000000000001,0.0,0.0
2021-09-11 23:00:56,19.803333333333335,3.5549999999999997,11.975,6.989999999999999,8.505,0.0,0.0
2021-09-12 00:00:56,14.870000000000001,3.49,12.135,6.355,7.8,0.0,0.0
2021-09-12 01:00:56,18.240000000000002,2.52,11.635,7.109999999999999,8.57,0.0,0.0
2021-09-12 02:00:56,11.67,4.055,13.13,6.995,8.4,0.0,0.0
2021-09-12 03:00:56,15.773333333333333,6.655000000000001,15.209999999999999,10.585,12.085,0.0,0.0
2021-09-12 04:00:56,13.463333333333333,5.664999999999999,14.290000000000001,10.135,11.729999999999999,0.0,0.0
2021-09-12 05:00:56,15.556666666666668,5.43,13.665,5.255,6.614999999999999,0.0,0.0
2021-09-12 06:00:56,13.4,4.25,14.284999999999998,8.06,9.365,0.0,0.0
2021-09-12 07:00:56,18.336666666666666,3.4800000000000004,15.670000000000002,9.13,10.63,0.0,0.0
2021-09-12 08:00:56,14.99,12.425000000000002,23.495,10.93,13.324999999999998,0.0,0.0
2021-09-12 09:00:56,20.983333333333334,13.805,30.875,12.115,15.65,0.0,0.0
2021-09-12 10:00:56,23.65,13.199999999999998,21.095,8.245,10.824999999999998,0.0,0.0
2021-09-12 11:00:56,22.9,8.99,15.469999999999999,4.265,6.12,0.0,0.0
2021-09-12 12:00:56,19.06,8.545,16.275000000000002,3.7349999999999994,5.265,0.0,0.0
2021-09-12 13:00:56,18.483333333333334,6.484999999999999,19.53,4.25,5.830000000000001,0.0,0.0
2021-09-12 14:00:56,18.836666666666666,3.565,14.76,5.025,6.825,0.0,0.0
2021-09-12 15:00:56,17.576666666666668,2.505,12.424999999999999,2.7349999999999994,4.16,0.0,0.0
2021-09-12 16:00:56,16.10333333333333,3.51,12.305,2.7000000000000006,4.185,0.0,0.0
2021-09-12 17:00:56,13.04,3.095,13.450000000000001,4.125,5.55,0.0,0.0
2021-09-12 18:00:56,12.306666666666667,3.2699999999999996,12.47,7.914999999999999,9.57,0.0,0.0
2021-09-12 19:00:56,15.006666666666668,5.11,12.82,6.960000000000001,8.47,0.0,0.0
2021-09-12 20:00:56,23.733333333333334,6.849999999999999,12.339999999999998,8.4,9.87,0.0,0.0
2021-09-12 21:00:56,30.676666666666666,9.075,12.04,8.205,9.685,0.0,0.0
2021-09-12 22:00:56,26.24,9.685,12.045,7.414999999999999,8.82,0.0,0.0
2021-09-12 23:00:56,24.546666666666667,6.995,12.225,8.005,9.34,0.0,0.0
2021-09-13 00:00:56,24.65,5.864999999999999,12.21,6.075,7.48,0.0,0.0
2021-09-13 01:00:56,20.003333333333334,5.37,11.89,5.864999999999999,7.164999999999999,0.0,0.0
2021-09-13 02:00:56,19.336666666666666,7.695,12.31,4.085,5.469999999999999,0.0,0.0
2021-09-13 03:00:56,17.54,7.984999999999999,12.43,4.43,5.789999999999999,0.0,0.0
2021-09-13 04:00:56,18.813333333333336,9.34,13.995,11.1,12.64,0.0,0.0
2021-09-13 05:00:56,16.863333333333333,10.06,16.265,10.66,12.165,0.0,0.0
2021-09-13 06:00:56,20.493333333333332,11.800000000000002,16.355,10.969999999999999,12.385,0.0,0.0
2021-09-13 07:00:56,25.99666666666667,8.845,17.715,16.065,18.705,0.0,0.0
2021-09-13 08:00:56,29.340000000000003,12.875,23.930000000000003,18.17,25.92,0.0,0.0
2021-09-13 09:00:56,29.590000000000003,17.03,28.955,24.26,37.96,0.0,0.0
2021-09-13 10:00:56,38.18,19.47,21.83,16.01,20.67,0.0,0.0
2021-09-13 11:00:56,38.400000000000006,13.945,28.98,12.479999999999999,16.03,0.0,0.0
2021-09-13 12:00:56,35.74666666666666,11.844999999999999,27.345,10.12,12.795000000000002,0.0,0.0
2021-09-13 13:00:56,37.70333333333333,8.355,16.505,4.595,6.140000000000001,0.0,0.0
2021-09-13 14:00:56,29.939999999999998,4.91,12.839999999999998,2.92,4.05,0.0,0.0
2021-09-13 15:00:56,18.84,5.09,13.295000000000002,3.6099999999999994,5.045,0.0,0.0
2021-09-13 16:00:56,15.48,3.795,15.64,4.765,6.344999999999999,0.0,0.0
2021-09-13 17:00:56,20.843333333333334,2.25,16.26,3.9599999999999995,5.544999999999999,0.0,0.0
2021-09-13 18:00:56,19.463333333333335,1.835,15.735,6.195,7.685,0.0,0.0
2021-09-13 19:00:56,17.733333333333334,1.825,13.270000000000001,9.685,11.314999999999998,0.0,0.0
2021-09-13 20:00:56,31.403333333333336,5.945,12.19,8.825,10.645,0.0,0.0
2021-09-13 21:00:56,32.333333333333336,6.675,10.895000000000001,6.755,8.24,0.0,0.0
2021-09-13 22:00:56,19.726666666666663,4.18,13.395000000000001,9.39,10.844999999999999,0.0,0.0
2021-09-13 23:00:56,21.72,4.795,12.635,8.13,9.625,0.0,0.0
2021-09-14 00:00:56,15.956666666666667,6.325,11.854999999999999,4.285,5.760000000000001,0.0,0.0
2021-09-14 01:00:56,14.093333333333334,4.655,11.714999999999998,5.794999999999999,7.245,0.0,0.0
2021-09-14 02:00:56,15.503333333333334,0.0,11.935,5.205,6.605,0.0,0.0
2021-09-14 03:00:56,14.586666666666666,11.365,15.439999999999998,8.4,9.785,0.0,0.0
2021-09-14 04:00:56,14.05,0.0,16.01,6.335000000000001,7.685,0.0,0.0
2021-09-14 05:00:56,15.683333333333334,8.93,15.325000000000001,4.715,6.06,0.0,0.0
2021-09-14 06:00:56,17.306666666666665,6.43,15.46,6.23,7.580000000000001,0.0,0.0
2021-09-14 07:00:56,14.063333333333333,6.960000000000001,18.115,11.85,13.420000000000002,0.0,0.0
2021-09-14 08:00:56,22.27,10.689999999999998,25.174999999999997,15.875,18.65,0.0,0.0
2021-09-14 09:00:56,35.153333333333336,9.72,27.560000000000002,20.075,26.875,0.0,0.0
2021-09-14 10:00:56,33.126666666666665,6.38,14.954999999999998,6.544999999999999,8.635,0.0,0.0
2021-09-14 11:00:56,20.9,7.210000000000001,12.87,4.845,6.62,0.0,0.0
2021-09-14 12:00:56,19.22,7.585000000000001,11.745,4.715,6.580000000000001,0.0,0.0
2021-09-14 13:00:56,17.383333333333333,4.935,11.625,4.735,6.5,0.0,0.0
2021-09-14 14:00:56,14.513333333333334,3.3250000000000006,11.655000000000001,4.47,6.224999999999999,0.0,0.0
2021-09-14 15:00:56,14.596666666666668,2.11,12.214999999999998,4.445,6.18,0.0,0.0
2021-09-14 16:00:56,13.456666666666667,1.515,13.555,5.275,7.035,0.0,0.0
2021-09-14 17:00:56,12.693333333333333,1.3399999999999999,13.165,6.724999999999999,8.78,0.0,0.0
2021-09-14 18:00:56,21.03,3.75,13.214999999999998,7.06,8.895,0.0,0.0
2021-09-14 19:00:56,28.576666666666668,4.555,13.54,7.55,9.215,0.0,0.0
2021-09-14 20:00:56,30.71333333333333,6.760000000000001,12.46,8.44,10.09,0.0,0.0
2021-09-14 21:00:56,24.563333333333333,9.105,12.199999999999998,5.960000000000001,7.52,0.0,0.0
2021-09-14 22:00:56,21.396666666666665,6.474999999999999,12.065,4.55,6.0,0.0,0.0
2021-09-14 23:00:56,20.053333333333335,3.405,12.665,5.215,6.645,0.0,0.0
2021-09-15 00:00:56,14.346666666666666,3.91,12.26,4.575,5.914999999999999,0.0,0.0
2021-09-15 01:00:56,16.006666666666668,4.28,12.049999999999999,2.7000000000000006,4.035,0.0,0.0
2021-09-15 02:00:56,18.28,2.8550000000000004,12.225,2.7449999999999997,4.09,0.0,0.0
2021-09-15 03:00:56,16.063333333333333,1.8500000000000003,12.455,1.8849999999999998,3.22,0.0,0.0
2021-09-15 04:00:56,9.54,6.984999999999999,12.0,1.515,2.81,0.0,0.0
2021-09-15 05:00:56,11.55,6.719999999999999,12.315,2.9,4.28,0.0,0.0
2021-09-15 06:00:56,12.59,4.495,12.465000000000002,3.8699999999999997,5.305,0.0,0.0
2021-09-15 07:00:56,10.72,4.61,13.79,6.635000000000001,8.09,0.0,0.0
2021-09-15 08:00:56,9.96,3.365,13.049999999999999,10.585,12.245,0.0,0.0
2021-09-15 09:00:56,7.056666666666667,4.67,12.895000000000001,12.204999999999998,14.104999999999999,0.0,0.0
2021-09-15 10:00:56,9.073333333333334,0.0,12.975,8.925,10.765,0.0,0.0
2021-09-15 11:00:56,9.32,0.0,12.67,8.095,10.1,0.0,0.0
2021-09-15 12:00:56,11.02,3.1050000000000004,12.42,12.410000000000002,14.36,0.0,0.0
2021-09-15 13:00:56,12.71,3.0199999999999996,12.545,11.185000000000002,13.189999999999998,0.0,0.0
2021-09-15 14:00:56,10.236666666666666,1.8950000000000002,12.530000000000001,9.24,11.135,0.0,0.0
2021-09-15 15:00:56,12.9,1.075,12.33,12.12,14.199999999999998,0.0,0.0
2021-09-15 16:00:56,14.343333333333334,4.87,13.905000000000001,13.055,15.839999999999998,0.0,0.0
2021-09-15 17:00:56,14.95,4.81,13.719999999999999,9.105,11.520000000000001,0.0,0.0
2021-09-15 18:00:56,11.81,3.99,13.155000000000001,11.094999999999999,12.964999999999998,0.0,0.0
2021-09-15 19:00:56,14.49,2.7099999999999995,12.51,11.925000000000002,13.865,0.0,0.0
2021-09-15 20:00:56,12.053333333333333,3.03,12.87,10.06,11.969999999999999,0.0,0.0
2021-09-15 21:00:56,8.64,2.32,12.604999999999999,10.475,12.410000000000002,0.0,0.0
2021-09-15 22:00:56,12.403333333333334,1.45,12.785000000000002,10.265,11.814999999999998,0.0,0.0
2021-09-15 23:00:56,19.616666666666664,4.615,14.020000000000001,12.594999999999999,14.82,0.0,0.0
2021-09-16 00:00:56,16.80666666666667,4.125,14.625,7.5,9.22,0.0,0.0
2021-09-16 01:00:56,11.96,3.1749999999999994,14.11,8.27,9.925,0.0,0.0
2021-09-16 02:00:56,8.933333333333334,2.55,14.315,6.859999999999999,8.28,0.0,0.0
2021-09-16 03:00:56,13.87,3.35,13.659999999999998,8.05,9.43,0.0,0.0
2021-09-16 04:00:56,13.443333333333332,3.0750000000000006,13.199999999999998,4.895,6.245,0.0,0.0
2021-09-16 05:00:56,11.166666666666668,1.8650000000000002,12.86,5.390000000000001,6.919999999999999,0.0,0.0
2021-09-16 06:00:56,11.399999999999999,4.93,12.485,3.75,5.08,0.0,0.0
2021-09-16 07:00:56,16.516666666666666,8.215,12.585,8.35,9.805,0.0,0.0
2021-09-16 08:00:56,11.853333333333333,6.285,12.479999999999999,15.79,18.365,0.0,0.0
2021-09-16 09:00:56,14.793333333333333,3.85,12.6,20.805,25.765,0.0,0.0
2021-09-16 10:00:56,13.089999999999998,4.905,12.83,10.82,13.36,0.0,0.0
2021-09-16 11:00:56,15.61,4.15,12.82,8.125,10.285,0.0,0.0
2021-09-16 12:00:56,9.576666666666666,3.22,13.565,7.355,9.635,0.0,0.0
2021-09-16 13:00:56,2.7933333333333334,3.625,8.085,6.0,8.1,0.0,0.0
2021-09-16 14:00:56,1.7333333333333334,0.0,8.19,7.085000000000001,9.38,0.0,0.0
2021-09-16 15:00:56,8.350000000000001,2.315,8.04,9.04,11.574999999999998,0.0,0.0
2021-09-16 16:00:56,7.9366666666666665,1.8849999999999998,7.849999999999999,9.935,11.810000000000002,0.0,0.0
2021-09-16 17:00:56,17.76666666666667,1.4349999999999998,12.714999999999998,11.214999999999998,13.0,0.0,0.0
2021-09-16 18:00:56,18.733333333333334,4.72,12.44,13.415,15.704999999999998,0.0,0.0
2021-09-16 19:00:56,18.64666666666667,4.62,12.475,13.46,15.300000000000002,0.0,0.0
2021-09-16 20:00:56,18.586666666666666,3.875,12.595,13.405000000000001,15.65,0.0,0.0
2021-09-16 21:00:56,14.883333333333333,2.7550000000000003,12.53,10.155,11.805,0.0,0.0
2021-09-16 22:00:56,18.706666666666667,7.18,12.71,8.25,9.735,0.0,0.0
2021-09-16 23:00:56,16.456666666666667,6.460000000000001,12.705,7.760000000000001,9.21,0.0,0.0
2021-09-17 00:00:56,18.366666666666667,3.49,12.68,7.974999999999999,9.4,0.0,0.0
2021-09-17 01:00:56,15.170000000000002,3.51,12.44,12.699999999999998,14.535000000000002,0.0,0.0
2021-09-17 02:00:56,17.013333333333335,6.06,12.85,9.315,10.800000000000002,0.0,0.0
2021-09-17 03:00:56,18.33,5.225,13.12,11.810000000000002,13.255,0.0,0.0
2021-09-17 04:00:56,17.293333333333333,6.905000000000001,13.86,10.205,11.68,0.0,0.0
2021-09-17 05:00:56,15.746666666666666,9.765,14.829999999999998,12.115,13.545000000000002,0.0,0.0
2021-09-17 06:00:56,20.843333333333334,12.875,16.04,11.485,12.89,0.0,0.0
2021-09-17 07:00:56,19.063333333333333,13.685000000000002,16.255,11.635,13.37,0.0,0.0
2021-09-17 08:00:56,25.14,12.65,23.645,16.055,21.58,0.0,0.0
2021-09-17 09:00:56,31.326666666666668,15.75,27.424999999999997,20.925,33.835,0.0,0.0
2021-09-17 10:00:56,35.52333333333333,14.800000000000002,19.075,12.775,16.64,0.0,0.0
2021-09-17 11:00:56,19.333333333333332,8.99,14.689999999999998,6.37,8.465,0.0,0.0
2021-09-17 12:00:56,23.006666666666668,9.38,16.46,7.48,9.86,0.0,0.0
2021-09-17 13:00:56,17.656666666666666,7.285,18.7,7.280000000000001,9.605,0.0,0.0
2021-09-17 14:00:56,21.66,5.655000000000001,18.68,6.275000000000001,8.04,0.0,0.0
2021-09-17 15:00:56,25.799999999999997,5.155,16.834999999999997,6.359999999999999,8.25,0.0,0.0
2021-09-17 16:00:56,18.906666666666666,3.6799999999999997,15.969999999999999,5.04,6.77,0.0,0.0
2021-09-17 17:00:56,19.133333333333336,2.565,15.82,6.44,8.275,0.0,0.0
2021-09-17 18:00:56,17.58,4.175,14.39,9.025,11.005,0.0,0.0
2021-09-17 19:00:56,21.27,4.96,13.37,12.405000000000001,14.060000000000002,0.0,0.0
2021-09-17 20:00:56,19.483333333333334,3.525,13.574999999999998,14.910000000000002,16.915,0.0,0.0
2021-09-17 21:00:56,22.91333333333333,2.29,13.770000000000001,16.395,18.325,0.0,0.0
2021-09-17 22:00:56,19.163333333333334,3.185,14.265,19.64,23.765,0.0,0.0
2021-09-17 23:00:56,17.236666666666668,8.81,17.055,20.375,23.195000000000004,0.0,0.0
2021-09-18 00:00:56,32.67333333333333,10.655,25.790000000000003,28.040000000000003,37.085,0.0,0.0
2021-09-18 01:00:56,31.87,15.530000000000001,21.105,20.815,25.774999999999995,0.0,0.0
2021-09-18 02:00:56,28.69333333333333,14.324999999999998,20.605,16.475,19.7,0.0,0.0
2021-09-18 03:00:56,35.50666666666667,15.865,19.865,16.265,18.565,0.0,0.0
2021-09-18 04:00:56,25.28,11.96,16.135,13.485,15.550000000000002,0.0,0.0
2021-09-18 05:00:56,21.17,8.945,14.780000000000001,13.61,15.39,0.0,0.0
2021-09-18 06:00:56,21.61,10.805,14.81,15.655000000000001,17.815,0.0,0.0
2021-09-18 07:00:56,22.46333333333333,8.79,14.11,16.63,21.78,0.0,0.0
2021-09-18 08:00:56,22.113333333333333,11.464999999999998,16.12,15.135,30.265,0.0,0.0
2021-09-18 09:00:56,30.693333333333335,14.875,33.410000000000004,19.195,33.46,0.0,0.0
2021-09-18 10:00:56,50.403333333333336,15.9,33.695,24.86,39.46,0.0,0.0
2021-09-18 11:00:56,39.38,16.68,24.959999999999997,19.04,25.334999999999997,0.0,0.0
2021-09-18 12:00:56,29.903333333333336,11.479999999999999,15.585,5.7,7.364999999999999,0.0,0.0
2021-09-18 13:00:56,22.086666666666666,5.914999999999999,16.09,5.25,6.974999999999999,0.0,0.0
2021-09-18 14:00:56,23.316666666666666,3.51,15.11,8.13,10.655,0.0,0.0
2021-09-18 15:00:56,19.093333333333334,2.19,14.44,6.695,9.615,0.0,0.0
2021-09-18 16:00:56,17.743333333333332,1.425,14.035000000000002,4.83,6.669999999999999,0.0,0.0
2021-09-18 17:00:56,17.21666666666667,2.245,13.21,8.04,10.435,0.0,0.0
2021-09-18 18:00:56,15.92,3.0499999999999994,13.11,11.57,14.26,0.0,0.0
2021-09-18 19:00:56,18.986666666666668,5.635000000000001,13.825000000000001,13.01,14.560000000000002,0.0,0.0
2021-09-18 20:00:56,23.35,4.665,16.995,31.48,34.205,0.0,0.0
2021-09-18 21:00:56,29.78333333333333,7.919999999999999,16.095,43.99000000000001,55.185,0.0,0.0
2021-09-18 22:00:56,45.13666666666666,10.06,15.705,46.10999999999999,57.415,0.0,0.0
2021-09-18 23:00:56,44.98,10.719999999999999,15.765,44.16,55.94499999999999,0.0,0.0
2021-09-19 00:00:56,38.49666666666666,9.07,17.14,38.23,43.82500000000001,0.0,0.0
2021-09-19 01:00:56,44.163333333333334,8.99,17.24,35.59,54.16,0.0,0.0
2021-09-19 02:00:56,47.59,10.76,18.065,32.495,46.155,0.0,0.0
2021-09-19 03:00:56,44.41,9.65,18.605,26.409999999999997,32.0,0.0,0.0
2021-09-19 04:00:56,33.596666666666664,11.135,18.47,19.3,21.155,0.0,0.0
2021-09-19 05:00:56,34.52,14.714999999999998,21.145,22.365,24.33,0.0,0.0
2021-09-19 06:00:56,39.31666666666667,12.63,14.485,8.155,9.575,0.0,0.0
2021-09-19 07:00:56,23.3,12.525,13.405000000000001,5.719999999999999,7.150000000000001,0.0,0.0
2021-09-19 08:00:56,24.060000000000002,12.655000000000001,12.525,11.265,13.280000000000001,0.0,0.0
2021-09-19 09:00:56,35.236666666666665,17.015,18.49,16.585,20.945,0.0,0.0
2021-09-19 10:00:56,30.64,15.285000000000002,20.845,11.125,13.75,0.0,0.0
2021-09-19 11:00:56,17.96,9.925,16.11,5.625,7.395,0.0,0.0
2021-09-19 12:00:56,21.153333333333332,7.859999999999999,17.675,4.985,6.645,0.0,0.0
2021-09-19 13:00:56,20.003333333333334,9.87,15.384999999999998,3.81,5.359999999999999,0.0,0.0
2021-09-19 14:00:56,18.07333333333333,7.185,13.29,3.6650000000000005,5.395,0.0,0.0
2021-09-19 15:00:56,19.82333333333333,7.469999999999999,12.06,3.01,4.695,0.0,0.0
2021-09-19 16:00:56,14.926666666666668,5.63,12.445,4.145,6.085000000000001,0.0,0.0
2021-09-19 17:00:56,12.016666666666666,3.385,12.565,4.64,6.66,0.0,0.0
2021-09-19 18:00:56,13.936666666666667,5.355,12.475,4.6,6.355,0.0,0.0
2021-09-19 19:00:56,9.533333333333333,4.585,13.31,11.245,13.175000000000002,0.0,0.0
2021-09-19 20:00:56,14.63,2.8049999999999997,12.56,40.815,46.620000000000005,0.0,0.0
2021-09-19 21:00:56,28.583333333333332,10.18,14.090000000000002,35.19,42.67499999999999,0.0,0.0
2021-09-19 22:00:56,26.39333333333333,13.375,14.895000000000001,25.675,28.48,0.0,0.0
2021-09-19 23:00:56,23.10666666666667,9.34,14.005,33.455,39.165,0.0,0.0
2021-09-20 00:00:56,26.16,9.27,13.725,18.38,19.91,0.0,0.0
2021-09-20 01:00:56,30.72,10.025,13.465000000000002,17.455,18.935,0.0,0.0
2021-09-20 02:00:56,28.596666666666664,8.5,13.38,14.214999999999998,15.665,0.0,0.0
2021-09-20 03:00:56,25.77,9.38,13.259999999999998,16.68,18.445,0.0,0.0
2021-09-20 04:00:56,27.22666666666667,7.135000000000001,13.195,12.085,13.65,0.0,0.0
2021-09-20 05:00:56,24.286666666666665,12.96,15.725,12.995,14.725,0.0,0.0
2021-09-20 06:00:56,23.7,12.415,14.415000000000001,11.115,12.75,0.0,0.0
2021-09-20 07:00:56,29.1,12.155000000000001,15.12,13.375,15.71,0.0,0.0
2021-09-20 08:00:56,26.71333333333333,19.435,25.75,18.895,25.570000000000004,0.0,0.0
2021-09-20 09:00:56,52.81,25.370000000000005,30.084999999999997,22.265,36.435,0.0,0.0
2021-09-20 10:00:56,49.55333333333334,23.475000000000005,27.355,18.415,26.159999999999997,0.0,0.0
2021-09-20 11:00:56,36.21,16.095,21.33,11.015,14.425000000000002,0.0,0.0
2021-09-20 12:00:56,21.843333333333334,10.03,22.545,8.955,11.255,0.0,0.0
2021-09-20 13:00:56,22.98,5.989999999999999,16.555,5.555,7.52,0.0,0.0
2021-09-20 14:00:56,25.186666666666667,3.83,13.61,4.195,6.010000000000001,0.0,0.0
2021-09-20 15:00:56,17.12333333333333,6.789999999999999,13.615,5.414999999999999,7.669999999999999,0.0,0.0
2021-09-20 16:00:56,15.053333333333335,5.705000000000001,15.29,6.465,8.78,0.0,0.0
2021-09-20 17:00:56,17.35333333333333,3.455,15.265,6.125,8.15,0.0,0.0
2021-09-20 18:00:56,14.793333333333335,2.275,15.525,9.775,12.14,0.0,0.0
2021-09-20 19:00:56,16.89,1.875,15.43,36.465,59.120000000000005,0.0,0.0
2021-09-20 20:00:56,39.14333333333333,4.005,15.985,54.67499999999999,108.17,0.0,0.0
2021-09-20 21:00:56,54.56,6.155000000000001,16.51,45.52,73.27,0.0,0.0
2021-09-20 22:00:56,56.80666666666667,12.765,29.304999999999996,32.51,37.7,0.0,0.0
2021-09-20 23:00:56,62.30666666666667,12.420000000000002,38.724999999999994,31.334999999999997,35.585,0.0,0.0
2021-09-21 00:00:56,50.766666666666666,10.005,23.825,28.265,35.375,0.0,0.0
2021-09-21 01:00:56,45.95666666666666,12.32,22.03,27.790000000000003,31.58,0.0,0.0
2021-09-21 02:00:56,37.96333333333333,13.39,23.040000000000003,26.3,31.83,0.0,0.0
2021-09-21 03:00:56,36.60666666666667,14.854999999999999,24.784999999999997,26.245000000000005,31.625,0.0,0.0
2021-09-21 04:00:56,32.03333333333333,11.969999999999999,17.990000000000002,16.165,17.735,0.0,0.0
2021-09-21 05:00:56,28.543333333333333,10.01,17.665000000000003,19.08,21.345,0.0,0.0
2021-09-21 06:00:56,29.95,11.01,17.775000000000002,19.34,22.155,0.0,0.0
2021-09-21 07:00:56,31.623333333333335,13.4,15.615,19.705,31.53,0.0,0.0
2021-09-21 08:00:56,33.163333333333334,17.25,25.14,21.545,38.93,0.0,0.0
2021-09-21 09:00:56,41.31333333333333,24.475000000000005,27.245000000000005,26.905,50.06999999999999,0.0,0.0
2021-09-21 10:00:56,48.07333333333333,22.209999999999997,21.22,21.195,29.024999999999995,0.0,0.0
2021-09-21 11:00:56,45.91333333333333,17.175,17.564999999999998,10.745,13.695,0.0,0.0
2021-09-21 12:00:56,37.54666666666667,10.689999999999998,16.08,6.215,7.900000000000001,0.0,0.0
2021-09-21 13:00:56,30.9,5.585000000000001,18.28,5.66,7.489999999999999,0.0,0.0
2021-09-21 14:00:56,31.023333333333333,8.11,16.11,5.605,7.555,0.0,0.0
2021-09-21 15:00:56,40.63666666666666,6.469999999999999,14.62,6.289999999999999,8.685,0.0,0.0
2021-09-21 16:00:56,36.99333333333333,3.6749999999999994,15.915,7.544999999999999,9.74,0.0,0.0
2021-09-21 17:00:56,37.663333333333334,5.785,14.835,8.865,10.665,0.0,0.0
2021-09-21 18:00:56,32.906666666666666,11.1,14.310000000000002,10.61,12.61,0.0,0.0
2021-09-21 19:00:56,14.88,9.1,8.47,14.199999999999998,16.47,0.0,0.0
2021-09-21 20:00:56,14.146666666666667,6.285,7.650000000000001,22.23,24.540000000000003,0.0,0.0
2021-09-21 21:00:56,31.293333333333333,9.43,13.43,23.03,24.754999999999995,0.0,32.75
2021-09-21 22:00:56,41.42,17.33,13.12,11.854999999999999,13.36,0.0,42.65
2021-09-21 23:00:56,42.126666666666665,22.39,13.045,8.125,10.19,0.0,53.03
2021-09-22 00:00:56,37.336666666666666,21.39,13.050000000000002,5.41,6.815,0.0,82.82
2021-09-22 01:00:56,31.96666666666667,19.48,12.795,4.755,6.205000000000001,0.0,62.58
2021-09-22 02:00:56,28.09,15.685,13.270000000000001,4.52,5.94,0.0,55.61
2021-09-22 03:00:56,23.583333333333332,10.66,13.445,3.185,4.505,0.0,59.05
2021-09-22 04:00:56,20.093333333333334,12.950000000000001,13.135,1.86,3.215,0.0,49.52
2021-09-22 05:00:56,18.526666666666667,9.545,13.219999999999999,1.78,3.2099999999999995,0.0,50.81
2021-09-22 06:00:56,17.513333333333335,7.989999999999999,12.875,58.580000000000005,155.86,0.0,49.01
2021-09-22 07:00:56,14.663333333333334,8.155,13.425000000000002,2.8949999999999996,4.365,0.0,48.81
2021-09-22 08:00:56,8.583333333333334,4.835,13.18,6.05,7.84,0.0,46.38
2021-09-22 09:00:56,13.443333333333332,4.3,13.799999999999999,8.07,10.29,0.0,39.28
2021-09-22 10:00:56,22.07333333333333,3.605,13.765,6.414999999999999,8.53,0.0,41.97
2021-09-22 11:00:56,22.14333333333333,4.22,13.810000000000002,33.055,61.195,0.0,41.64
2021-09-22 12:00:56,14.18,6.015000000000001,13.885,7.044999999999999,9.365,0.0,39.49
2021-09-22 13:00:56,12.636666666666667,4.705,12.93,27.295,66.405,0.0,35.54
2021-09-22 14:00:56,18.716666666666665,3.285,12.54,24.099999999999998,32.51,0.0,30.86
2021-09-22 15:00:56,19.37,4.605,12.56,23.625,33.23,0.0,31.57
2021-09-22 16:00:56,14.863333333333335,7.055,12.719999999999999,16.985,26.224999999999998,0.0,39.23
2021-09-22 17:00:56,16.78333333333333,7.575,12.565,20.945,27.715,0.0,40.33
2021-09-22 18:00:56,22.53666666666667,10.345,12.575000000000001,24.89,36.08,0.0,37.98
2021-09-22 19:00:56,17.643333333333334,8.44,12.910000000000002,26.51,34.815,0.0,37.02
2021-09-22 20:00:56,17.91,5.59,12.964999999999998,21.650000000000002,27.895,0.0,35.84
2021-09-22 21:00:56,17.863333333333333,4.59,13.11,17.53,21.935000000000002,0.0,40.65
2021-09-22 22:00:56,15.463333333333333,4.58,12.75,12.9,15.534999999999998,0.0,45.12
2021-09-22 23:00:56,20.453333333333333,4.84,13.14,12.6,15.025,0.0,46.46
2021-09-23 00:00:56,12.06,3.6,13.125,13.214999999999998,16.33,0.0,45.55
2021-09-23 01:00:56,8.73,2.865,13.715000000000002,2.67,4.06,0.0,50.23
2021-09-23 02:00:56,7.556666666666667,2.36,14.024999999999999,3.06,4.475,0.0,52.64
2021-09-23 03:00:56,7.993333333333334,3.1749999999999994,14.24,2.275,3.6650000000000005,0.0,52.25
2021-09-23 04:00:56,9.616666666666667,3.28,14.085,2.285,3.6199999999999997,0.0,46.55
2021-09-23 05:00:56,9.97,3.3349999999999995,14.439999999999998,2.69,3.9800000000000004,0.0,48.29
2021-09-23 06:00:56,8.233333333333333,3.015,14.245,4.79,6.164999999999999,0.0,48.38
2021-09-23 07:00:56,10.633333333333333,2.545,14.435,23.724999999999998,33.94,0.0,33.93
2021-09-23 08:00:56,11.193333333333333,6.085000000000001,14.205,34.875,50.115,0.0,22.44
2021-09-23 09:00:56,13.946666666666665,9.2,14.520000000000001,53.324999999999996,89.825,0.0,14.66
2021-09-23 10:00:56,19.836666666666666,13.685,14.979999999999999,42.31,62.12,0.0,20.07
2021-09-23 11:00:56,15.45,15.465000000000002,15.329999999999998,29.849999999999998,41.365,0.0,25.85
2021-09-23 12:00:56,16.006666666666668,9.99,16.57,21.73,29.834999999999997,0.0,28.64
2021-09-23 13:00:56,18.64,6.055,14.774999999999999,14.700000000000001,20.0,0.0,39.85
2021-09-23 14:00:56,18.796666666666667,4.640000000000001,13.44,5.7,8.115,0.0,43.94
2021-09-23 15:00:56,16.806666666666665,7.484999999999999,12.945,15.62,20.265,0.0,45.33
2021-09-23 16:00:56,19.55,5.920000000000001,12.424999999999999,16.81,21.73,0.0,46.96
2021-09-23 17:00:56,21.206666666666667,5.63,12.61,23.86,31.945000000000004,0.0,46.65
2021-09-23 18:00:56,23.01,10.424999999999999,13.0,33.045,46.73,0.0,32.92
2021-09-23 19:00:56,21.369999999999997,7.685,12.979999999999999,33.04,45.26500000000001,0.0,33.29
2021-09-23 20:00:56,19.286666666666665,5.195,12.795,48.20000000000001,75.755,0.0,19.87
2021-09-23 21:00:56,22.71666666666667,5.305,12.65,32.715,44.17499999999999,0.0,31.82
2021-09-23 22:00:56,19.843333333333334,7.18,12.854999999999999,24.825000000000003,33.945,0.0,37.03
2021-09-23 23:00:56,13.203333333333333,5.989999999999999,13.185000000000002,22.08,24.459999999999997,0.0,41.32
2021-09-24 00:00:56,13.853333333333333,4.2299999999999995,14.24,37.265,46.845,0.0,31.0
2021-09-24 01:00:56,12.336666666666666,3.395,15.174999999999999,31.415000000000003,41.77,0.0,25.06
2021-09-24 02:00:56,16.0,4.085,15.959999999999999,25.645,29.304999999999996,0.0,34.03
2021-09-24 03:00:56,16.166666666666668,4.1049999999999995,15.86,24.81,28.01,0.0,31.35
2021-09-24 04:00:56,17.97,6.2700000000000005,15.81,9.325,10.795000000000002,0.0,33.33
2021-09-24 05:00:56,23.876666666666665,13.71,15.854999999999999,11.074999999999998,12.555,0.0,26.42
2021-09-24 06:00:56,24.826666666666668,14.775,15.93,36.35,40.945,0.0,11.06
2021-09-24 07:00:56,22.41,11.835,15.795000000000002,37.03,55.66,0.0,10.73
2021-09-24 08:00:56,24.126666666666665,16.625,19.81,45.005,104.98500000000001,0.0,6.35
2021-09-24 09:00:56,37.82333333333333,21.305,43.375,52.835,101.375,0.0,10.57
2021-09-24 10:00:56,42.25666666666667,22.72,22.615,37.4,52.585,0.0,29.83
2021-09-24 11:00:56,26.206666666666663,15.19,17.73,25.705,31.554999999999996,0.0,43.71
2021-09-24 12:00:56,46.71333333333333,6.109999999999999,21.035,6.419999999999999,8.925,0.0,45.6
2021-09-24 13:00:56,23.94,5.745,20.775,18.595,29.595,0.0,44.64
2021-09-24 14:00:56,17.966666666666665,7.109999999999999,17.415,17.795,30.295,0.0,39.41
2021-09-24 15:00:56,14.316666666666666,1.795,5.885000000000001,19.55,33.305,0.0,39.47
2021-09-24 16:00:56,13.926666666666666,1.915,26.129999999999995,31.02,31.945000000000004,0.0,39.72
2021-09-24 17:00:56,20.21666666666667,10.714999999999998,25.145,21.25,36.035,0.0,46.43
2021-09-24 18:00:56,24.46,13.79,24.025000000000002,30.265,44.92499999999999,0.0,39.56
2021-09-24 19:00:56,23.583333333333332,10.075,25.125,58.544999999999995,88.17999999999999,0.0,23.91
2021-09-24 20:00:56,37.16,12.37,26.099999999999998,94.69,219.085,0.0,4.96
2021-09-24 21:00:56,65.18333333333334,19.97,24.765,78.96499999999999,158.135,0.0,3.19
2021-09-24 22:00:56,75.43666666666667,29.8,24.554999999999996,68.565,136.055,0.0,2.87
2021-09-24 23:00:56,77.96666666666667,38.185,28.400000000000002,61.56999999999999,138.26,0.0,2.48
2021-09-25 00:00:56,69.13333333333333,40.25,27.819999999999997,55.6,133.505,0.0,2.51
2021-09-25 01:00:56,67.3,32.265,19.125,54.025,100.34999999999998,0.0,3.41
2021-09-25 02:00:56,47.24666666666667,23.735,10.35,43.04,78.63,0.0,7.16
2021-09-25 03:00:56,48.01,18.65,9.71,40.105,60.345,0.0,9.4
2021-09-25 04:00:56,51.33,10.295,9.41,35.885,54.025,0.0,13.59
2021-09-25 05:00:56,34.223333333333336,8.37,9.55,29.83,42.84,0.0,22.28
2021-09-25 06:00:56,30.32,14.670000000000002,10.675000000000002,33.465,51.544999999999995,0.0,29.79
2021-09-25 07:00:56,36.54,17.47,12.469999999999999,34.68,58.23,0.0,29.59
2021-09-25 08:00:56,39.31,17.115000000000002,15.435000000000002,46.81999999999999,85.125,0.0,21.98
2021-09-25 09:00:56,36.59,15.875,14.450000000000001,47.85999999999999,81.23,0.0,23.94
2021-09-25 10:00:56,36.75333333333334,18.505,12.17,31.405,51.01500000000001,0.0,48.47
2021-09-25 11:00:56,33.89333333333333,18.365,10.854999999999999,23.64,36.17,0.0,57.8
2021-09-25 12:00:56,31.526666666666667,14.089999999999998,9.075000000000001,14.785000000000002,24.865,0.0,77.8
2021-09-25 13:00:56,32.0,10.265,8.885,13.245,22.855,0.0,80.37
2021-09-25 14:00:56,33.446666666666665,7.234999999999999,13.655000000000001,13.635,23.64,0.0,80.83
2021-09-25 15:00:56,25.426666666666666,4.99,13.795,13.464999999999998,22.7,0.0,84.86
2021-09-25 16:00:56,28.023333333333333,4.859999999999999,13.385,18.575,28.37,0.0,74.93
2021-09-25 17:00:56,26.763333333333332,7.324999999999999,14.214999999999998,28.24,39.910000000000004,0.0,64.04
2021-09-25 18:00:56,28.413333333333334,8.79,14.37,32.995000000000005,48.65,0.0,59.64
2021-09-25 19:00:56,30.933333333333334,10.964999999999998,13.085,46.365,67.8,0.0,46.65
2021-09-25 20:00:56,38.35333333333333,11.68,13.565,50.0,69.21,0.0,43.96
2021-09-25 21:00:56,39.62,8.7,22.12,64.78,88.21499999999999,0.0,35.41
2021-09-25 22:00:56,41.24666666666667,12.635,23.51,72.585,106.86,0.0,11.43
2021-09-25 23:00:56,57.80666666666667,18.1,18.955,78.545,158.92499999999998,0.0,4.53
2021-09-26 00:00:56,52.906666666666666,25.045,19.36,66.85000000000001,119.63,0.0,4.16
2021-09-26 01:00:56,57.53666666666666,30.115,20.085,64.50999999999999,117.87,0.0,4.91
2021-09-26 02:00:56,62.766666666666666,26.675,17.63,54.04999999999999,87.96499999999999,0.0,4.76
2021-09-26 03:00:56,68.08666666666667,29.709999999999997,24.504999999999995,54.754999999999995,101.52499999999999,0.0,5.12
2021-09-26 04:00:56,76.47333333333333,38.885,27.89,48.995000000000005,85.28,0.0,4.55
2021-09-26 05:00:56,76.46666666666667,40.35,26.164999999999996,42.885,70.61,0.0,4.91
2021-09-26 06:00:56,61.156666666666666,49.715,29.519999999999996,39.59,58.995000000000005,0.0,5.83
2021-09-26 07:00:56,64.58333333333333,44.97,33.555,41.169999999999995,66.32499999999999,0.0,6.43
2021-09-26 08:00:56,57.46666666666667,38.72,32.18,38.09,73.935,0.0,7.93
2021-09-26 09:00:56,71.91333333333334,42.9,60.935,35.4,59.68000000000001,0.0,20.67
2021-09-26 10:00:56,64.45333333333333,32.64,31.89,26.365,40.69,0.0,37.36
2021-09-26 11:00:56,52.54666666666667,24.459999999999997,26.0,24.439999999999998,37.405,0.0,53.99
2021-09-26 12:00:56,42.13666666666666,18.03,20.46,16.245,26.179999999999996,0.0,70.84
2021-09-26 13:00:56,27.336666666666666,12.405,16.435000000000002,15.590000000000002,26.159999999999997,0.0,74.93
2021-09-26 14:00:56,26.316666666666666,8.86,15.635,17.785,29.22,0.0,77.92
2021-09-26 15:00:56,21.89,6.864999999999999,14.12,18.8,30.355,0.0,77.22
2021-09-26 16:00:56,17.8,4.8500000000000005,14.714999999999998,24.790000000000003,38.875,0.0,75.16
2021-09-26 17:00:56,15.936666666666667,3.4,13.555,22.125,32.94,0.0,80.13
2021-09-26 18:00:56,21.166666666666668,4.87,13.094999999999999,32.34,42.58,0.0,73.23
2021-09-26 19:00:56,28.64666666666667,13.435,14.229999999999999,48.73,69.62,0.0,55.0
2021-09-26 20:00:56,44.55,18.225,11.975,37.464999999999996,53.495000000000005,0.0,58.34
2021-09-26 21:00:56,46.086666666666666,12.299999999999999,12.815,43.74,60.19,0.0,48.83
2021-09-26 22:00:56,46.583333333333336,11.42,13.82,64.215,89.44500000000001,0.0,23.86
2021-09-26 23:00:56,43.38666666666667,16.669999999999998,17.615,74.98,127.315,0.0,6.87
2021-09-27 00:00:56,46.126666666666665,19.725,29.995,70.84,123.58999999999999,0.0,8.49
2021-09-27 01:00:56,48.94,17.849999999999998,35.48,59.385,129.22,0.0,4.89
2021-09-27 02:00:56,79.42666666666666,20.76,32.699999999999996,45.955000000000005,78.065,0.0,5.73
2021-09-27 03:00:56,65.92666666666666,30.475000000000005,34.83,42.59,63.27,0.0,4.51
2021-09-27 04:00:56,55.64666666666667,32.88,26.23,41.025,56.205000000000005,0.0,9.46
2021-09-27 05:00:56,45.596666666666664,28.8,25.78,39.85,57.669999999999995,0.0,6.62
2021-09-27 06:00:56,47.58333333333333,31.655,36.47,39.82,55.955000000000005,0.0,9.28
2021-09-27 07:00:56,54.123333333333335,36.655,24.189999999999998,42.419999999999995,73.58,0.0,9.52
2021-09-27 08:00:56,58.19333333333333,33.865,33.5,53.005,131.39,0.0,5.74
2021-09-27 09:00:56,75.06666666666666,43.85,59.080000000000005,54.405,103.075,0.0,7.38
2021-09-27 10:00:56,90.65333333333334,49.85,32.935,52.87,81.02,0.0,25.1
2021-09-27 11:00:56,74.61666666666667,37.875,27.12,38.96,55.395,0.0,43.6
2021-09-27 12:00:56,68.79333333333334,30.255,21.599999999999998,30.63,43.715,0.0,59.02
2021-09-27 13:00:56,55.93666666666667,19.885,17.945,31.22,46.13999999999999,0.0,59.39
2021-09-27 14:00:56,46.86666666666667,12.155,16.61,26.314999999999998,39.73,0.0,72.08
2021-09-27 15:00:56,40.11666666666667,9.15,15.985,27.59,40.35,0.0,73.47
2021-09-27 16:00:56,39.556666666666665,7.685,15.045000000000002,38.96,57.54,0.0,54.41
2021-09-27 17:00:56,41.63,7.789999999999999,13.745,24.14,37.38,0.0,68.61
2021-09-27 18:00:56,36.64666666666667,7.02,13.135,24.895,38.905,0.0,65.64
2021-09-27 19:00:56,34.52666666666667,7.93,13.455,26.36,40.93,0.0,60.54
2021-09-27 20:00:56,51.00666666666667,13.79,13.800000000000002,22.599999999999998,35.125,0.0,60.44
2021-09-27 21:00:56,45.083333333333336,12.530000000000001,13.924999999999999,16.49,26.600000000000005,0.0,65.85
2021-09-27 22:00:56,39.47666666666667,12.915,14.13,15.735,25.28,0.0,71.89
2021-09-27 23:00:56,29.73333333333333,15.844999999999999,14.030000000000001,13.245,22.53,0.0,77.21
2021-09-28 00:00:56,22.926666666666666,9.74,13.79,9.345,18.215,0.0,78.72
2021-09-28 01:00:56,18.343333333333334,6.09,13.475,8.745,17.564999999999998,0.0,77.01
2021-09-28 02:00:56,21.656666666666666,7.175,13.87,11.35,19.450000000000003,0.0,71.32
2021-09-28 03:00:56,15.8,10.92,20.32,22.425,30.51,0.0,52.14
2021-09-28 04:00:56,25.523333333333333,12.155000000000001,22.455,25.645,33.715,0.0,42.95
2021-09-28 05:00:56,34.910000000000004,18.24,35.325,31.3,42.28,0.0,30.94
2021-09-28 06:00:56,29.366666666666664,20.455,23.965000000000003,27.0,39.870000000000005,0.0,26.47
2021-09-28 07:00:56,32.8,18.224999999999998,25.584999999999997,32.385,47.14000000000001,0.0,12.23
2021-09-28 08:00:56,51.63666666666667,24.86,31.335000000000004,39.04,64.07,0.0,14.47
2021-09-28 09:00:56,54.31333333333333,25.474999999999998,34.51,52.60999999999999,88.97500000000001,0.0,17.33
2021-09-28 10:00:56,49.07666666666667,21.81,32.87,44.10999999999999,67.795,0.0,30.81
2021-09-28 11:00:56,46.093333333333334,19.650000000000002,20.17,23.76,37.33,0.0,54.49
2021-09-28 12:00:56,40.99,20.16,15.334999999999999,18.8,30.419999999999998,0.0,67.45
2021-09-28 13:00:56,28.50333333333333,14.719999999999999,13.89,16.045,27.08,0.0,74.82
2021-09-28 14:00:56,24.496666666666666,10.01,13.21,21.655,37.84,0.0,66.65
2021-09-28 15:00:56,23.133333333333333,8.315,12.615,22.875,39.18,0.0,65.32
2021-09-28 16:00:56,24.86,5.18,12.49,27.814999999999998,44.49,0.0,63.17
2021-09-28 17:00:56,28.28333333333333,3.905,12.795,22.2,35.215,0.0,75.41
2021-09-28 18:00:56,28.693333333333335,7.065,12.824999999999998,26.855,40.595,0.0,74.75
2021-09-28 19:00:56,32.46333333333333,11.270000000000001,13.520000000000001,29.834999999999997,44.475,0.0,65.8
2021-09-28 20:00:56,43.016666666666666,13.725,14.11,21.925,34.155,0.0,59.74
2021-09-28 21:00:56,36.74,15.784999999999998,14.15,17.45,29.0,0.0,63.1
2021-09-28 22:00:56,37.74,12.344999999999999,14.229999999999999,13.839999999999998,24.959999999999997,0.0,65.71
2021-09-28 23:00:56,30.9,9.745,14.219999999999999,13.115,23.425,0.0,64.13
2021-09-29 00:00:56,26.423333333333332,10.295,13.935,12.1,21.52,0.0,61.55
2021-09-29 01:00:56,25.513333333333332,15.235,13.68,13.53,24.209999999999997,0.0,59.55
2021-09-29 02:00:56,22.37,14.229999999999999,13.71,8.530000000000001,16.505,0.0,67.57
2021-09-29 03:00:56,22.913333333333334,9.9,15.38,10.839999999999998,19.44,0.0,66.01
2021-09-29 04:00:56,23.196666666666665,12.85,16.685,11.555,19.150000000000002,0.0,70.53
2021-09-29 05:00:56,29.063333333333333,10.095,18.44,14.530000000000001,22.76,0.0,70.76
2021-09-29 06:00:56,24.89,12.475000000000001,20.88,19.639999999999997,28.840000000000003,0.0,67.21
2021-09-29 07:00:56,26.19,13.399999999999999,21.459999999999997,27.834999999999997,41.949999999999996,0.0,55.92
2021-09-29 08:00:56,29.35666666666667,15.74,22.784999999999997,42.185,74.37,0.0,38.08
2021-09-29 09:00:56,39.556666666666665,17.38,27.62,38.425,65.44999999999999,0.0,48.4
2021-09-29 10:00:56,41.31666666666666,17.44,15.96,20.84,34.845,0.0,58.46
2021-09-29 11:00:56,37.29666666666667,16.175,13.645000000000001,21.61,36.735,0.0,58.55
2021-09-29 12:00:56,27.766666666666666,14.449999999999998,12.725,21.24,38.155,0.0,59.49
2021-09-29 13:00:56,20.786666666666665,11.505,12.214999999999998,24.540000000000003,42.865,0.0,53.42
2021-09-29 14:00:56,19.62666666666667,6.544999999999999,11.885,24.024999999999995,42.635,0.0,56.17
2021-09-29 15:00:56,19.993333333333332,6.31,11.775,24.625,42.895,0.0,56.69
2021-09-29 16:00:56,16.23,7.855,6.395,24.945000000000004,40.300000000000004,0.0,60.15
2021-09-29 17:00:56,23.723333333333333,9.145000000000001,6.580000000000001,24.53,39.25,0.0,62.91
2021-09-29 18:00:56,26.746666666666666,13.865,6.344999999999999,25.695000000000004,41.435,0.0,56.47
2021-09-29 19:00:56,29.27,12.765,7.039999999999999,35.635,60.215,0.0,40.38
2021-09-29 20:00:56,30.45,9.65,7.285,38.09,59.294999999999995,0.0,39.33
2021-09-29 21:00:56,26.923333333333332,11.469999999999999,7.69,29.25,43.525,0.0,44.7
2021-09-29 22:00:56,26.89666666666667,13.280000000000001,7.669999999999999,22.11,35.254999999999995,0.0,52.32
2021-09-29 23:00:56,23.486666666666668,13.635,7.855,22.76,37.160000000000004,0.0,47.62
2021-09-30 00:00:56,18.69,10.87,7.974999999999999,26.53,42.79999999999999,0.0,39.64
2021-09-30 01:00:56,14.376666666666669,12.425000000000002,7.734999999999999,16.875,27.655,0.0,51.2
2021-09-30 02:00:56,13.219999999999999,10.75,7.614999999999999,19.24,29.485,0.0,50.75
2021-09-30 03:00:56,15.52,11.11,7.775000000000001,22.77,32.025,0.0,44.75
2021-09-30 04:00:56,13.716666666666667,10.790000000000001,8.025,18.055,26.575000000000003,0.0,45.49
2021-09-30 05:00:56,14.053333333333335,9.270000000000001,8.16,13.485,21.16,0.0,47.74
2021-09-30 06:00:56,17.073333333333334,10.905000000000001,8.515,22.834999999999997,32.504999999999995,0.0,31.33
2021-09-30 07:00:56,17.556666666666665,14.574999999999998,14.49,36.91,58.105,0.0,13.92
2021-09-30 08:00:56,21.093333333333334,10.945,20.405,48.52,75.945,0.0,10.72
2021-09-30 09:00:56,31.276666666666667,12.68,27.165000000000003,61.39000000000001,125.435,0.0,13.95
2021-09-30 10:00:56,33.35666666666667,16.905,8.915,24.084999999999997,41.714999999999996,0.0,51.52
2021-09-30 11:00:56,31.683333333333337,13.11,13.594999999999999,13.08,23.83,0.0,69.42
2021-09-30 12:00:56,27.306666666666665,9.9,12.87,10.655,20.37,0.0,75.57
2021-09-30 13:00:56,24.856666666666666,5.745,12.495,10.714999999999998,20.94,0.0,74.18
2021-09-30 14:00:56,19.506666666666668,4.895,12.865,12.255,22.78,0.0,73.16
2021-09-30 15:00:56,15.753333333333334,5.1450000000000005,12.725,12.785000000000002,23.375,0.0,71.51
2021-09-30 16:00:56,16.596666666666668,4.995,12.795,11.615,21.294999999999998,0.0,74.14
2021-09-30 17:00:56,15.21,5.63,13.205,14.464999999999998,24.405,0.0,72.0
2021-09-30 18:00:56,19.176666666666666,4.115,13.695,17.09,26.525000000000002,0.0,67.33
2021-09-30 19:00:56,21.326666666666668,3.2099999999999995,14.015,23.295,34.58,0.0,60.85
2021-09-30 20:00:56,23.93,5.71,13.935,29.155,43.824999999999996,0.0,52.71
2021-09-30 21:00:56,18.8,7.685,14.14,26.51,37.235,0.0,54.87
2021-09-30 22:00:56,20.21,7.7,14.314999999999998,29.125,39.435,0.0,50.79
2021-09-30 23:00:56,21.496666666666663,7.12,14.074999999999998,29.33,43.949999999999996,0.0,47.76
2021-10-01 00:00:56,19.443333333333335,7.365000000000001,14.125,29.52,39.23,0.0,42.79
2021-10-01 01:00:56,19.47,7.405000000000001,14.799999999999999,32.32,42.4,0.0,37.51
2021-10-01 02:00:56,22.943333333333335,8.485,16.814999999999998,29.915000000000003,40.005,0.0,34.11
2021-10-01 03:00:56,22.78,7.390000000000001,22.935000000000002,28.48,37.75,0.0,34.51
2021-10-01 04:00:56,19.596666666666668,11.765,24.545,23.850000000000005,33.885,0.0,28.86
2021-10-01 05:00:56,28.61,17.77,24.215,24.8,33.004999999999995,0.0,31.84
2021-10-01 06:00:56,31.326666666666668,15.240000000000002,19.26,19.54,28.08,0.0,37.23
2021-10-01 07:00:56,24.123333333333335,9.215,18.415,33.11,51.445,0.0,18.16
2021-10-01 08:00:56,27.683333333333337,12.714999999999998,39.760000000000005,45.85999999999999,106.39,0.0,5.3
2021-10-01 09:00:56,45.49666666666667,26.26,54.800000000000004,57.60999999999999,128.32,0.0,7.72
2021-10-01 10:00:56,69.81666666666668,37.215,27.59,40.885,65.46,0.0,27.57
2021-10-01 11:00:56,58.43666666666667,33.335,19.959999999999997,26.715,42.5,0.0,42.82
2021-10-01 12:00:56,43.370000000000005,20.37,20.18,28.94,47.26500000000001,0.0,45.56
2021-10-01 13:00:56,34.49666666666667,13.025,14.19,18.02,31.885,0.0,60.63
2021-10-01 14:00:56,24.59,7.915,13.520000000000001,18.365,31.400000000000002,0.0,60.28
2021-10-01 15:00:56,19.37,5.005,13.214999999999998,16.35,28.36,0.0,61.13
2021-10-01 16:00:56,14.386666666666665,3.595,13.055,17.605,30.845,0.0,61.2
2021-10-01 17:00:56,17.506666666666668,2.86,13.12,20.59,34.09,0.0,55.62
2021-10-01 18:00:56,18.873333333333335,3.61,13.335,27.929999999999996,44.455000000000005,0.0,49.9
2021-10-01 19:00:56,19.086666666666666,4.995,13.39,35.13,55.115,0.0,44.31
2021-10-01 20:00:56,28.856666666666666,4.92,14.219999999999999,31.689999999999998,51.03,0.0,39.75
2021-10-01 21:00:56,37.18666666666667,9.084999999999999,15.1,27.145,41.125,0.0,48.98
2021-10-01 22:00:56,39.623333333333335,12.229999999999999,15.045000000000002,22.285,34.515,0.0,51.58
2021-10-01 23:00:56,32.126666666666665,14.08,14.954999999999998,26.790000000000003,39.949999999999996,0.0,40.5
2021-10-02 00:00:56,28.553333333333335,10.035,14.635,21.485,31.77,0.0,47.23
2021-10-02 01:00:56,27.086666666666666,6.43,14.44,14.685,23.605,0.0,54.81
2021-10-02 02:00:56,20.71,4.71,14.344999999999999,11.955,21.665000000000003,0.0,53.93
2021-10-02 03:00:56,23.27,5.195,17.105,24.955,34.395,0.0,47.92
2021-10-02 04:00:56,28.536666666666665,9.445,17.685,19.165,27.235,0.0,43.76
2021-10-02 05:00:56,28.816666666666666,12.365,21.45,20.74,29.105,0.0,33.84
2021-10-02 06:00:56,31.316666666666666,13.040000000000001,29.935000000000002,24.895,33.805,0.0,19.13
2021-10-02 07:00:56,30.12,19.51,26.62,30.935,45.315,0.0,14.92
2021-10-02 08:00:56,44.24666666666667,25.25,33.839999999999996,43.19499999999999,73.71499999999999,0.0,14.33
2021-10-02 09:00:56,57.29333333333333,29.05,28.095,39.75,72.44,0.0,13.03
2021-10-02 10:00:56,62.75666666666666,30.705000000000002,18.685,34.85,56.84,0.0,18.54
2021-10-02 11:00:56,55.60333333333333,23.685000000000002,17.375,28.724999999999998,46.965,0.0,49.23
2021-10-02 12:00:56,36.17,16.365000000000002,13.825000000000001,19.05,34.205000000000005,0.0,62.25
2021-10-02 13:00:56,26.96666666666667,10.799999999999999,13.535000000000002,21.595,37.13,0.0,60.27
2021-10-02 14:00:56,21.773333333333333,7.41,13.814999999999998,21.919999999999998,35.0,0.0,64.7
2021-10-02 15:00:56,20.37333333333333,5.57,13.784999999999998,28.504999999999995,45.919999999999995,0.0,57.98
2021-10-02 16:00:56,21.023333333333333,4.3500000000000005,13.050000000000002,27.600000000000005,45.135,0.0,58.49
2021-10-02 17:00:56,23.486666666666668,5.195,12.469999999999999,25.925,41.93,0.0,66.21
2021-10-02 18:00:56,36.00333333333334,6.845,12.88,29.41,45.48,0.0,62.27
2021-10-02 19:00:56,40.78,13.35,13.14,39.68,61.44499999999999,0.0,40.06
2021-10-02 20:00:56,39.093333333333334,11.53,13.839999999999998,32.76,50.25,0.0,40.63
2021-10-02 21:00:56,33.943333333333335,10.81,14.495,25.3,39.915,0.0,47.88
2021-10-02 22:00:56,34.24666666666667,15.704999999999998,14.445,20.645,33.025,0.0,51.76
2021-10-02 23:00:56,30.406666666666666,15.775,13.954999999999998,17.115,28.075,0.0,57.27
2021-10-03 00:00:56,30.3,11.135,13.74,15.32,26.064999999999998,0.0,59.12
2021-10-03 01:00:56,25.84,10.165,13.635,15.655,29.36,0.0,53.7
2021-10-03 02:00:56,18.296666666666667,12.935,16.795,22.53,32.67,0.0,48.12
2021-10-03 03:00:56,20.653333333333332,18.7,22.950000000000003,30.895,42.415,0.0,32.73
2021-10-03 04:00:56,28.5,16.555,20.74,34.19,50.48,0.0,16.44
2021-10-03 05:00:56,45.096666666666664,15.084999999999999,18.785,30.865,43.31,0.0,10.36
2021-10-03 06:00:56,40.74333333333333,19.415,19.8,27.09,36.825,0.0,11.7
2021-10-03 07:00:56,39.513333333333335,24.304999999999996,17.295,32.32,51.23499999999999,0.0,5.61
2021-10-03 08:00:56,41.586666666666666,24.564999999999998,19.645,40.65,93.35000000000001,0.0,5.1
2021-10-03 09:00:56,50.836666666666666,33.0,30.245,35.589999999999996,63.285,0.0,15.4
2021-10-03 10:00:56,62.25666666666667,34.32,22.675,21.985,37.07,0.0,31.71
2021-10-03 11:00:56,43.56666666666666,24.429999999999996,17.955,18.205,30.3,0.0,48.41
2021-10-03 12:00:56,34.2,16.18,19.6,18.83,30.919999999999998,0.0,57.63
2021-10-03 13:00:56,23.85666666666667,10.92,12.265,29.919999999999998,51.085,0.0,44.29
2021-10-03 14:00:56,16.976666666666667,8.815,12.06,16.37,27.794999999999998,0.0,67.99
2021-10-03 15:00:56,15.053333333333333,9.62,11.785000000000002,24.795,41.89000000000001,0.0,52.27
2021-10-03 16:00:56,14.993333333333332,7.265,11.99,20.7,35.19,0.0,62.98
2021-10-03 17:00:56,19.676666666666666,4.595,12.270000000000001,17.35,29.83,0.0,63.23
2021-10-03 18:00:56,24.596666666666664,3.935,13.015,15.44,25.53,0.0,63.11
2021-10-03 19:00:56,25.79,6.449999999999999,13.625,25.435,40.02,0.0,52.48
2021-10-03 20:00:56,21.64,6.465,14.219999999999999,33.58,50.385,0.0,40.52
2021-10-03 21:00:56,23.606666666666666,4.72,15.700000000000001,31.909999999999997,46.59,0.0,43.62
2021-10-03 22:00:56,26.726666666666667,4.45,14.79,39.785,60.004999999999995,0.0,26.48
2021-10-03 23:00:56,25.423333333333332,5.260000000000001,14.435,43.395,63.815,0.0,22.65
2021-10-04 00:00:56,15.453333333333333,10.295,14.57,33.06,50.76,0.0,34.28
2021-10-04 01:00:56,22.486666666666665,10.055,13.704999999999998,33.794999999999995,47.10999999999999,0.0,27.87
2021-10-04 02:00:56,35.266666666666666,10.355,13.775,27.695000000000004,38.48,0.0,29.05
2021-10-04 03:00:56,16.05,10.065,14.115,25.100000000000005,37.875,0.0,22.79
2021-10-04 04:00:56,24.863333333333333,6.255,15.259999999999998,27.625,40.76,0.0,19.2
2021-10-04 05:00:56,25.026666666666667,8.43,18.315,29.74,42.98,0.0,9.75
2021-10-04 06:00:56,22.22,6.735,21.474999999999998,32.725,48.23,0.0,7.4
2021-10-04 07:00:56,25.42,8.735,23.674999999999997,42.15,70.605,0.0,4.33
2021-10-04 08:00:56,38.35666666666666,20.66,29.865,48.669999999999995,109.955,0.0,5.0
2021-10-04 09:00:56,64.95,30.88,41.21,43.255,84.92,0.0,13.82
2021-10-04 10:00:56,62.52,33.195,25.25,24.125,40.475,0.0,37.51
2021-10-04 11:00:56,48.57333333333333,27.78,20.919999999999998,18.59,30.385,0.0,55.3
2021-10-04 12:00:56,32.04666666666667,15.67,18.395,21.89,35.370000000000005,0.0,59.46
2021-10-04 13:00:56,27.193333333333335,10.785000000000002,14.85,24.110000000000003,37.8,0.0,60.88
2021-10-04 14:00:56,19.78,9.68,13.795,23.685000000000002,39.370000000000005,0.0,59.74
2021-10-04 15:00:56,25.763333333333332,10.075000000000001,12.495,27.27,51.004999999999995,0.0,63.39
2021-10-04 16:00:56,25.153333333333332,7.72,12.255,34.605,54.935,0.0,55.57
2021-10-04 17:00:56,19.523333333333333,6.114999999999999,12.86,27.27,44.915,0.0,65.24
2021-10-04 18:00:56,22.156666666666666,9.81,12.92,43.995000000000005,66.64999999999999,0.0,40.2
2021-10-04 19:00:56,24.58,14.51,13.24,53.51499999999999,84.985,0.0,35.95
2021-10-04 20:00:56,30.9,8.68,13.885,42.395,63.71,0.0,37.68
2021-10-04 21:00:56,36.57,6.875,13.96,22.64,34.699999999999996,0.0,52.51
2021-10-04 22:00:56,34.82,8.35,14.0,19.325000000000003,31.115,0.0,57.59
2021-10-04 23:00:56,21.903333333333332,10.125,13.950000000000001,15.735,27.700000000000003,0.0,63.26
2021-10-05 00:00:56,22.363333333333333,11.225,13.729999999999999,15.469999999999999,29.61,0.0,61.59
2021-10-05 01:00:56,22.296666666666667,6.510000000000001,14.165,14.21,24.275000000000002,0.0,60.34
2021-10-05 02:00:56,22.233333333333334,5.08,14.365,13.030000000000001,23.465,0.0,60.55
2021-10-05 03:00:56,21.36,6.46,13.969999999999999,11.32,23.615,0.0,63.21
2021-10-05 04:00:56,20.37,6.96,13.96,10.83,21.849999999999998,0.0,62.64
2021-10-05 05:00:56,22.96666666666667,12.39,14.395000000000001,11.295,20.625,0.0,57.4
2021-10-05 06:00:56,21.926666666666666,11.905000000000001,14.39,20.24,32.07,0.0,46.67
2021-10-05 07:00:56,20.32333333333333,8.81,14.57,26.295,49.9,0.0,38.12
2021-10-05 08:00:56,21.313333333333333,9.345,14.449999999999998,48.79,97.415,0.0,13.67
2021-10-05 09:00:56,31.15,6.815,17.385,50.405,82.895,0.0,20.79
2021-10-05 10:00:56,34.88333333333333,9.675,20.855,34.695,57.98499999999999,0.0,49.36
2021-10-05 11:00:56,19.54,14.0,12.145000000000001,24.444999999999997,38.85,0.0,65.06
2021-10-05 12:00:56,16.419999999999998,10.525,0.0,21.085,33.8,0.0,66.34
2021-10-05 13:00:56,21.973333333333333,7.96,6.599999999999999,9.14,0.0,0.0,69.59
2021-10-05 14:00:56,24.85,8.86,13.565,18.075,31.86,0.0,65.66
2021-10-05 15:00:56,19.026666666666667,9.115,13.729999999999999,15.29,26.465,0.0,68.45
2021-10-05 16:00:56,17.916666666666664,6.765,13.79,17.43,30.569999999999997,0.0,64.88
2021-10-05 17:00:56,22.89666666666667,5.195,14.15,18.685,36.365,0.0,62.99
2021-10-05 18:00:56,27.273333333333333,5.614999999999999,14.13,20.09,37.14,0.0,63.23
2021-10-05 19:00:56,25.833333333333332,5.364999999999999,14.75,42.68,63.56,0.0,39.93
2021-10-05 20:00:56,19.133333333333333,5.785,15.725000000000001,36.425,49.01,0.0,42.54
2021-10-05 21:00:56,24.876666666666665,6.265000000000001,22.304999999999996,40.54,54.565,0.0,40.35
2021-10-05 22:00:56,25.68,7.885000000000001,28.929999999999996,42.19,57.605,0.0,40.55
2021-10-05 23:00:56,27.073333333333334,12.685,20.825,47.9,72.07,0.0,20.49
2021-10-06 00:00:56,30.053333333333335,11.449999999999998,21.224999999999998,44.98499999999999,56.445,0.0,23.33
2021-10-06 01:00:56,32.12,9.83,18.335,44.27,58.169999999999995,0.0,19.65
2021-10-06 02:00:56,25.493333333333332,10.63,20.485,46.135,65.835,0.0,5.12
2021-10-06 03:00:56,30.673333333333336,10.835,21.679999999999996,37.74,46.89000000000001,0.0,16.71
2021-10-06 04:00:56,41.843333333333334,15.700000000000001,35.855,30.915000000000003,39.085,0.0,36.71
2021-10-06 05:00:56,32.39333333333333,23.685000000000002,36.06,27.320000000000004,36.38,0.0,38.74
2021-10-06 06:00:56,37.56,26.11,28.540000000000003,34.71,45.76500000000001,0.0,22.71
2021-10-06 07:00:56,48.33,21.105,30.91,37.55,56.98,0.0,23.83
2021-10-06 08:00:56,38.416666666666664,16.135,26.929999999999996,40.295,67.78,0.0,20.85
2021-10-06 09:00:56,48.31,14.585,35.615,55.14000000000001,114.7,0.0,10.31
2021-10-06 10:00:56,57.083333333333336,20.53,27.78,46.56,74.355,0.0,21.46
2021-10-06 11:00:56,44.983333333333334,19.78,18.8,28.819999999999997,44.16,0.0,43.39
2021-10-06 12:00:56,33.14666666666667,15.344999999999999,14.165000000000001,21.36,36.24,0.0,48.86
2021-10-06 13:00:56,27.67,10.15,13.305,27.235,46.11000000000001,0.0,38.66
2021-10-06 14:00:56,19.95,9.29,13.775,34.56,61.23,0.0,30.17
2021-10-06 15:00:56,19.343333333333334,10.125,13.74,34.79,61.34,0.0,28.85
2021-10-06 16:00:56,20.273333333333333,6.13,13.635,34.42,60.815,0.0,31.81
2021-10-06 17:00:56,24.25333333333333,4.245,13.645000000000001,37.15,62.77,0.0,27.09
2021-10-06 18:00:56,26.923333333333336,5.079999999999999,13.94,60.88999999999999,121.63499999999999,0.0,11.78
2021-10-06 19:00:56,32.14333333333333,7.685,14.625,75.42,148.745,0.0,9.25
2021-10-06 20:00:56,45.873333333333335,7.835,15.604999999999999,38.89,55.43,0.0,36.64
2021-10-06 21:00:56,39.093333333333334,8.755,15.785000000000002,26.395,37.895,0.0,45.57
2021-10-06 22:00:56,31.97,6.56,15.885,26.439999999999998,39.800000000000004,0.0,43.74
2021-10-06 23:00:56,26.053333333333335,5.13,15.795000000000002,29.765,46.544999999999995,0.0,32.7
2021-10-07 00:00:56,22.376666666666665,4.565,16.115,18.455,30.855,0.0,47.48
2021-10-07 01:00:56,21.493333333333332,5.275,16.540000000000003,18.795,29.535,0.0,54.31
2021-10-07 02:00:56,17.766666666666666,4.61,15.775,17.02,26.399999999999995,0.0,54.95
2021-10-07 03:00:56,16.93,3.3249999999999997,17.535,14.055,21.715,0.0,59.22
2021-10-07 04:00:56,16.573333333333334,3.785,19.675,19.46,27.564999999999998,0.0,47.94
2021-10-07 05:00:56,19.33,3.395,23.78,26.095,38.595,0.0,34.15
2021-10-07 06:00:56,24.24,5.91,26.325000000000003,29.84,48.895,0.0,13.91
2021-10-07 07:00:56,30.94333333333333,13.854999999999999,34.19,38.97,70.935,0.0,5.25
2021-10-07 08:00:56,37.51,15.56,31.924999999999997,42.17,92.66000000000001,0.0,4.24
2021-10-07 09:00:56,53.67,23.950000000000003,43.214999999999996,51.275,118.265,0.0,5.68
2021-10-07 10:00:56,72.89666666666668,34.48,39.550000000000004,48.550000000000004,76.395,0.0,13.79
2021-10-07 11:00:56,71.33,31.959999999999997,22.345,23.14,37.335,0.0,38.65
2021-10-07 12:00:56,45.08,20.82,16.73,15.805,28.02,0.0,53.39
2021-10-07 13:00:56,30.916666666666664,16.34,13.615,15.1,26.325000000000003,0.0,58.38
2021-10-07 14:00:56,26.490000000000002,16.795,14.255,17.209999999999997,29.675,0.0,63.37
2021-10-07 15:00:56,25.49,14.24,13.68,22.900000000000002,38.04,0.0,56.4
2021-10-07 16:00:56,21.64333333333333,7.949999999999999,13.665,22.429999999999996,36.94,0.0,62.61
2021-10-07 17:00:56,22.85,8.334999999999999,13.24,37.905,65.455,0.0,38.43
2021-10-07 18:00:56,28.85,7.789999999999999,13.055,30.685000000000002,47.15,0.0,52.39
2021-10-07 19:00:56,32.42666666666667,4.92,13.13,49.39000000000001,73.29,0.0,38.06
2021-10-07 20:00:56,47.64333333333333,7.125,15.525,39.015,54.56,0.0,53.56
2021-10-07 21:00:56,58.486666666666665,15.43,16.025000000000002,28.3,41.185,0.0,53.85
2021-10-07 22:00:56,47.153333333333336,12.844999999999999,16.035,25.415000000000003,38.19,0.0,52.37
2021-10-07 23:00:56,34.693333333333335,8.14,15.495,23.189999999999998,33.565,0.0,49.01
2021-10-08 00:00:56,36.65,7.555,15.19,21.065,31.33,0.0,52.61
2021-10-08 01:00:56,32.446666666666665,9.35,15.079999999999998,18.450000000000003,27.76,0.0,57.33
2021-10-08 02:00:56,26.090000000000003,11.475,18.49,21.345,31.570000000000004,0.0,55.59
2021-10-08 03:00:56,27.416666666666664,10.719999999999999,24.205,23.415000000000003,31.314999999999998,0.0,50.44
2021-10-08 04:00:56,28.50333333333333,12.56,22.899999999999995,32.675000000000004,42.72,0.0,17.79
2021-10-08 05:00:56,38.61333333333333,14.645000000000001,33.14,40.89,55.625,0.0,4.69
2021-10-08 06:00:56,45.99333333333334,16.37,32.199999999999996,38.294999999999995,53.04,0.0,6.95
2021-10-08 07:00:56,48.406666666666666,24.365,26.709999999999997,38.975,72.50999999999999,0.0,4.08
2021-10-08 08:00:56,55.776666666666664,32.395,37.465,50.555,134.97500000000002,0.0,3.73
2021-10-08 09:00:56,56.67,38.76,40.585,52.69499999999999,118.05,0.0,5.55
2021-10-08 10:00:56,63.873333333333335,41.56,32.5,51.405,89.52,0.0,12.48
2021-10-08 11:00:56,59.266666666666666,40.345,24.12,33.175000000000004,48.565,0.0,42.37
2021-10-08 12:00:56,50.88666666666666,30.235,18.125,19.25,31.115,0.0,53.91
2021-10-08 13:00:56,41.86,17.785,15.39,14.93,25.310000000000002,0.0,64.4
2021-10-08 14:00:56,26.826666666666668,11.299999999999999,15.265,15.225,25.474999999999998,0.0,69.21
2021-10-08 15:00:56,28.196666666666665,6.385000000000001,14.685,15.51,25.73,0.0,72.52
2021-10-08 16:00:56,24.016666666666666,4.23,16.125,24.084999999999997,37.915,0.0,64.85
2021-10-08 17:00:56,17.246666666666666,7.75,14.65,21.830000000000002,34.26,0.0,68.45
2021-10-08 18:00:56,20.866666666666667,7.605,14.04,47.51,74.005,0.0,36.81
2021-10-08 19:00:56,40.32666666666667,6.075,14.46,46.975,66.265,0.0,48.51
2021-10-08 20:00:56,47.03333333333333,8.4,15.82,43.705000000000005,60.835,0.0,50.92
2021-10-08 21:00:56,53.27333333333333,11.950000000000001,17.165,31.790000000000003,43.23499999999999,0.0,55.0
2021-10-08 22:00:56,55.586666666666666,13.18,17.29,53.43,66.14999999999999,0.0,35.98
2021-10-08 23:00:56,45.49333333333333,10.89,18.755,65.485,94.40499999999999,0.0,25.04
2021-10-09 00:00:56,48.44333333333333,13.660000000000002,21.14,72.30499999999999,100.355,0.0,6.31
2021-10-09 01:00:56,47.82333333333333,19.165,29.004999999999995,58.535000000000004,88.915,0.0,4.0
2021-10-09 02:00:56,55.88333333333333,24.040000000000003,33.655,58.80500000000001,94.06,0.0,3.24
2021-10-09 03:00:56,62.45,34.25,27.125,57.935,87.36,0.0,3.68
2021-10-09 04:00:56,53.733333333333334,34.935,24.74,52.580000000000005,82.5,0.0,6.05
2021-10-09 05:00:56,55.303333333333335,30.58,33.5,50.60999999999999,86.745,0.0,4.14
2021-10-09 06:00:56,55.20333333333333,31.959999999999997,29.83,48.055,85.24000000000001,0.0,3.86
2021-10-09 07:00:56,52.989999999999995,37.800000000000004,22.349999999999998,44.855,97.815,0.0,3.49
2021-10-09 08:00:56,57.32666666666666,39.24,24.76,49.73,126.135,0.0,4.17
2021-10-09 09:00:56,75.28333333333333,37.199999999999996,40.375,52.26500000000001,112.255,0.0,4.98
2021-10-09 10:00:56,68.87,32.435,27.830000000000002,52.18,84.465,0.0,10.99
2021-10-09 11:00:56,66.69333333333333,27.255,20.89,48.77,70.005,0.0,32.64
2021-10-09 12:00:56,66.52666666666667,27.070000000000004,20.59,39.715,55.73,0.0,50.11
2021-10-09 13:00:56,60.68666666666667,22.459999999999997,15.274999999999999,24.26,36.765,0.0,63.47
2021-10-09 14:00:56,45.553333333333335,17.045,14.68,20.44,31.659999999999997,0.0,79.17
2021-10-09 15:00:56,33.93333333333334,10.905000000000001,18.925,31.58,47.865,0.0,65.31
2021-10-09 16:00:56,32.79,8.44,22.439999999999998,35.92,53.585,0.0,67.55
2021-10-09 17:00:56,41.3,9.06,21.459999999999997,41.37,55.13499999999999,0.0,60.64
2021-10-09 18:00:56,49.39333333333333,9.615,18.685,90.38,148.685,0.0,17.7
2021-10-09 19:00:56,92.29666666666667,18.17,17.98,149.345,458.19,0.0,4.15
2021-10-09 20:00:56,208.46,33.145,18.87,135.275,337.425,0.0,5.47
2021-10-09 21:00:56,199.76999999999998,37.815,23.314999999999998,88.71999999999998,139.695,0.0,18.29
2021-10-09 22:00:56,138.1,31.724999999999998,21.02,66.435,104.145,0.0,4.43
2021-10-09 23:00:56,129.35333333333332,33.985,29.915000000000003,68.715,137.63,0.0,41.25
2021-10-10 00:00:56,105.69333333333333,37.0,28.894999999999996,66.29,102.315,0.0,34.86
2021-10-10 01:00:56,85.84333333333335,31.86,22.725000000000005,78.84,132.665,0.0,3.84
2021-10-10 02:00:56,85.78,32.24,24.3,63.650000000000006,101.69000000000001,0.0,3.97
2021-10-10 03:00:56,73.54333333333334,27.155,30.145,54.605,79.36,0.0,3.92
2021-10-10 04:00:56,75.61333333333333,29.334999999999997,45.620000000000005,62.205000000000005,89.38,0.0,5.48
2021-10-10 05:00:56,66.16,42.48,32.47,55.27,69.825,0.0,5.47
2021-10-10 06:00:56,73.58333333333333,46.29999999999999,30.200000000000003,52.635,70.02499999999999,0.0,4.84
2021-10-10 07:00:56,73.98333333333333,48.135,34.785,51.830000000000005,74.47,0.0,4.83
2021-10-10 08:00:56,89.52,44.85,28.58,49.300000000000004,86.11000000000001,0.0,10.37
2021-10-10 09:00:56,86.60000000000001,48.03,29.504999999999995,37.775,65.46,0.0,24.5
2021-10-10 10:00:56,68.43,46.085,20.68,25.95,55.6,0.0,47.03
2021-10-10 11:00:56,57.3,34.455,14.32,17.459999999999997,29.5,0.0,58.44
2021-10-10 12:00:56,45.766666666666666,23.724999999999998,13.455,17.15,28.875,0.0,66.0
2021-10-10 13:00:56,39.54666666666667,15.645000000000001,13.63,25.450000000000003,44.94,0.0,59.49
2021-10-10 14:00:56,35.27333333333333,12.450000000000001,13.315,28.945000000000004,46.1,0.0,60.17
2021-10-10 15:00:56,21.619999999999997,10.06,6.260000000000001,32.29,49.839999999999996,0.0,60.31
2021-10-10 16:00:56,25.983333333333334,9.565,6.515000000000001,23.495,44.895,0.0,79.66
2021-10-10 17:00:56,28.013333333333332,11.354999999999999,6.945,26.570000000000004,40.275,0.0,79.6
2021-10-10 18:00:56,32.31,11.115,7.145,23.084999999999997,33.35,0.0,87.56
2021-10-10 19:00:56,36.64333333333334,16.095,7.265000000000001,30.084999999999997,56.32,0.0,76.25
2021-10-10 20:00:56,43.34,15.615000000000002,8.02,37.275,52.215,0.0,56.32
2021-10-10 21:00:56,39.763333333333335,19.74,8.335,21.645,30.135,0.0,65.58
2021-10-10 22:00:56,35.63,19.255,8.795,22.564999999999998,33.705,0.0,59.92
2021-10-10 23:00:56,48.45666666666666,19.555,15.704999999999998,25.08,36.76,0.0,62.73
2021-10-11 00:00:56,46.416666666666664,18.69,16.17,26.724999999999998,39.875,0.0,54.82
2021-10-11 01:00:56,40.60333333333333,21.135,14.550000000000002,29.485,43.0,0.0,46.97
2021-10-11 02:00:56,41.57,19.865,16.02,37.62,46.73,0.0,24.61
2021-10-11 03:00:56,45.086666666666666,17.775,16.995,36.275000000000006,46.74,0.0,15.72
2021-10-11 04:00:56,39.64666666666667,26.049999999999997,18.224999999999998,36.925000000000004,48.19,0.0,11.02
2021-10-11 05:00:56,48.516666666666666,29.090000000000003,21.2,37.16,46.79999999999999,0.0,6.21
2021-10-11 06:00:56,50.66333333333333,43.885,23.89,42.925000000000004,59.879999999999995,0.0,5.02
2021-10-11 07:00:56,62.37,53.34,22.924999999999997,46.065,89.84499999999998,0.0,4.51
2021-10-11 08:00:56,71.5,47.725,26.299999999999997,47.4,118.58,0.0,3.61
2021-10-11 09:00:56,86.56333333333333,53.525,60.225,56.905,133.545,0.0,4.38
2021-10-11 10:00:56,100.14666666666668,56.135,45.20499999999999,43.98,69.77,0.0,19.13
2021-10-11 11:00:56,90.00666666666666,49.565,19.29,28.865,42.955000000000005,0.0,36.36
2021-10-11 12:00:56,75.12,41.61,20.795,26.62,40.135,0.0,48.88
2021-10-11 13:00:56,69.60666666666667,33.24,21.665000000000003,29.645,42.855,0.0,51.95
2021-10-11 14:00:56,67.80333333333334,22.929999999999996,18.0,25.945000000000004,38.085,0.0,65.2
2021-10-11 15:00:56,57.72666666666667,19.59,13.745,18.150000000000002,27.38,0.0,80.03
2021-10-11 16:00:56,53.64,14.704999999999998,16.07,28.265,39.725,0.0,80.93
2021-10-11 17:00:56,50.163333333333334,10.049999999999999,22.205,52.98,73.325,0.0,44.27
2021-10-11 18:00:56,58.92,10.815,17.950000000000003,63.34,82.44,0.0,36.15
2021-10-11 19:00:56,83.83666666666667,20.51,15.655000000000001,116.97499999999998,284.175,0.0,9.16
2021-10-11 20:00:56,137.87,32.475,16.195,109.96,226.46500000000003,0.0,3.48
2021-10-11 21:00:56,139.29,33.035,20.425,96.85000000000001,201.98000000000002,0.0,4.01
2021-10-11 22:00:56,131.76,41.71,43.495000000000005,100.94,260.115,0.0,4.99
2021-10-11 23:00:56,145.96333333333334,48.44,33.805,99.17,227.78,0.0,3.03
2021-10-12 00:00:56,131.95333333333335,40.405,29.715,83.52499999999999,181.56000000000003,0.0,3.83
2021-10-12 01:00:56,120.22,41.97,24.875,80.47500000000001,185.335,0.0,3.49
2021-10-12 02:00:56,115.77333333333334,46.25,23.74,72.07,119.695,0.0,3.44
2021-10-12 03:00:56,93.51666666666668,36.405,26.965,65.36,94.84499999999998,0.0,3.88
2021-10-12 04:00:56,75.98333333333333,32.66,24.409999999999997,54.82,72.38499999999999,0.0,8.82
2021-10-12 05:00:56,66.42333333333333,32.42,24.015,54.055,71.85000000000001,0.0,6.94
2021-10-12 06:00:56,57.91,35.005,23.745,55.330000000000005,82.63499999999999,0.0,4.42
2021-10-12 07:00:56,66.73,35.724999999999994,25.924999999999997,58.76,106.145,0.0,5.13
2021-10-12 08:00:56,41.70666666666667,17.34,31.334999999999997,25.754999999999995,51.99000000000001,0.0,0.0
2021-10-12 09:00:56,50.53333333333333,17.675,27.0,30.55,70.045,0.0,0.0
2021-10-12 10:00:56,60.766666666666666,16.995,27.92,31.584999999999997,58.370000000000005,0.0,0.0
2021-10-12 11:00:56,73.77,15.64,23.015,27.0,38.885,0.0,0.0
2021-10-12 12:00:56,56.526666666666664,16.755,25.435000000000002,21.564999999999998,28.590000000000003,0.0,0.0
2021-10-12 13:00:56,91.87666666666667,36.535,17.785,34.77,46.965,0.0,63.71
2021-10-12 14:00:56,80.84666666666666,22.445000000000004,15.229999999999999,22.689999999999998,33.29,0.0,83.48
2021-10-12 15:00:56,64.89,15.74,14.08,19.91,29.78,0.0,88.34
2021-10-12 16:00:56,48.78,14.215000000000002,13.065,22.645,35.04,0.0,74.31
2021-10-12 17:00:56,43.94333333333333,12.68,13.085,45.48499999999999,74.695,0.0,42.57
2021-10-12 18:00:56,50.24666666666667,11.515,14.454999999999998,100.385,200.4,0.0,14.69
2021-10-12 19:00:56,124.83666666666666,18.885,16.064999999999998,126.995,349.56,0.0,6.6
2021-10-12 20:00:56,142.82999999999998,27.905,14.9,104.365,183.56000000000003,0.0,8.12
2021-10-12 21:00:56,120.00333333333333,28.81,22.515,85.315,139.0,0.0,5.71
2021-10-12 22:00:56,125.90333333333334,32.955,34.47,71.795,111.24,0.0,4.19
2021-10-12 23:00:56,111.56333333333333,36.44,44.04,84.17,183.79999999999998,0.0,7.08
2021-10-13 00:00:56,119.9,42.294999999999995,54.445,88.895,181.09,0.0,6.98
2021-10-13 01:00:56,117.51666666666665,44.43,51.59,76.61,142.01,0.0,6.14
2021-10-13 02:00:56,117.99333333333334,45.68,46.47,59.845,82.24000000000001,0.0,15.61
2021-10-13 03:00:56,101.24666666666667,40.085,23.49,21.73,30.179999999999996,0.0,45.53
2021-10-13 04:00:56,99.34333333333333,23.725000000000005,20.785,12.625,20.415,0.0,55.77
2021-10-13 05:00:56,77.84666666666666,18.955,31.605,25.22,34.425000000000004,0.0,37.46
2021-10-13 06:00:56,63.10666666666666,19.23,19.77,13.74,21.61,0.0,45.93
2021-10-13 07:00:56,61.663333333333334,18.395,25.62,24.47,36.115,0.0,31.82
2021-10-13 08:00:56,68.03333333333333,16.445,23.005,20.03,30.16,0.0,42.87
2021-10-13 09:00:56,58.24333333333333,13.725000000000001,25.455,27.285,40.955000000000005,0.0,34.09
2021-10-13 10:00:56,52.54666666666667,11.589999999999998,20.224999999999998,17.44,28.400000000000002,0.0,50.69
2021-10-13 11:00:56,48.60666666666667,10.735,16.36,11.799999999999999,20.935,0.0,65.31
2021-10-13 12:00:56,50.126666666666665,8.909999999999998,16.490000000000002,10.16,18.895,0.0,75.53
2021-10-13 13:00:56,42.38666666666666,8.625,14.29,8.61,17.27,0.0,79.87
2021-10-13 14:00:56,42.41,9.575,13.969999999999999,10.755,19.97,0.0,78.62
2021-10-13 15:00:56,38.9,10.65,13.14,12.19,21.775000000000002,0.0,80.21
2021-10-13 16:00:56,38.89333333333333,6.585,13.31,13.67,23.245,0.0,80.7
2021-10-13 17:00:56,38.42333333333333,4.245,13.85,19.325,29.524999999999995,0.0,74.18
2021-10-13 18:00:56,36.85,4.28,13.479999999999999,28.03,38.4,0.0,62.49
2021-10-13 19:00:56,38.24666666666666,6.885000000000001,13.255,66.16,95.325,0.0,32.62
2021-10-13 20:00:56,55.14,14.0,14.784999999999998,105.17,200.92499999999998,0.0,8.5
2021-10-13 21:00:56,87.81666666666666,17.655,20.77,89.18,141.98,0.0,7.4
2021-10-13 22:00:56,91.70666666666666,17.53,20.584999999999997,87.695,166.865,0.0,4.05
2021-10-13 23:00:56,89.00999999999999,25.474999999999998,33.685,78.395,162.85999999999999,0.0,3.54
2021-10-14 00:00:56,82.90666666666667,32.845,47.98,75.015,170.17,0.0,4.12
2021-10-14 01:00:56,80.67999999999999,34.125,42.300000000000004,64.455,153.13,0.0,3.54
2021-10-14 02:00:56,72.42666666666666,33.065,44.51499999999999,54.205000000000005,116.745,0.0,3.32
2021-10-14 03:00:56,60.14666666666667,29.09,59.53,56.875,106.145,0.0,3.9
2021-10-14 04:00:56,56.64333333333333,32.96,39.77,50.285,84.265,0.0,3.59
2021-10-14 05:00:56,61.900000000000006,32.895,41.055,53.044999999999995,82.22500000000001,0.0,3.39
2021-10-14 06:00:56,68.74333333333333,34.385,34.38,48.555,63.175000000000004,0.0,7.09
2021-10-14 07:00:56,70.53,32.195,28.235,52.145,90.795,0.0,4.64
2021-10-14 08:00:56,70.06666666666666,39.400000000000006,26.900000000000002,56.68,109.945,0.0,4.95
2021-10-14 09:00:56,87.99333333333334,36.76,32.815,61.949999999999996,137.455,0.0,9.07
2021-10-14 10:00:56,104.02333333333333,34.26,33.5,63.71,119.10000000000001,0.0,14.28
2021-10-14 11:00:56,95.08333333333333,37.27,26.48,50.695,75.185,0.0,25.25
2021-10-14 12:00:56,79.28666666666666,32.03,25.004999999999995,31.340000000000003,48.59,0.0,58.62
2021-10-14 13:00:56,54.16,19.405,15.695,24.53,40.275,0.0,63.75
2021-10-14 14:00:56,42.983333333333334,12.935,13.1,24.745,40.425,0.0,64.85
2021-10-14 15:00:56,37.373333333333335,9.605,12.835,22.265,35.605,0.0,68.36
2021-10-14 16:00:56,36.623333333333335,7.794999999999999,12.75,25.070000000000004,39.23,0.0,66.93
2021-10-14 17:00:56,40.28333333333333,5.8,13.415,30.37,45.745,0.0,59.04
2021-10-14 18:00:56,41.78333333333333,10.96,14.979999999999999,26.06,40.98,0.0,62.06
2021-10-14 19:00:56,48.413333333333334,16.125,15.68,35.515,53.585,0.0,44.72
2021-10-14 20:00:56,47.47666666666667,16.015,15.829999999999998,27.87,42.245000000000005,0.0,48.68
2021-10-14 21:00:56,38.733333333333334,20.375,15.770000000000001,18.485,29.314999999999998,0.0,61.13
2021-10-14 22:00:56,35.843333333333334,18.09,16.05,18.33,28.995,0.0,59.43
2021-10-14 23:00:56,38.28333333333333,17.205,15.104999999999999,19.97,30.709999999999997,0.0,55.89
2021-10-15 00:00:56,32.45666666666666,13.04,14.344999999999999,16.575000000000003,26.820000000000004,0.0,58.01
2021-10-15 01:00:56,20.536666666666665,10.53,15.844999999999999,14.89,23.545,0.0,60.77
2021-10-15 02:00:56,24.613333333333333,10.15,28.545,28.849999999999998,37.6,0.0,54.29
2021-10-15 03:00:56,28.28,13.17,24.2,38.495000000000005,49.815,0.0,18.16
2021-10-15 04:00:56,39.82666666666667,19.97,28.179999999999996,43.495000000000005,55.504999999999995,0.0,6.26
2021-10-15 05:00:56,47.266666666666666,26.13,24.67,37.31,47.455000000000005,0.0,11.05
2021-10-15 06:00:56,59.556666666666665,25.385,28.365,43.185,57.800000000000004,0.0,9.83
2021-10-15 07:00:56,54.49333333333333,30.515,24.209999999999997,42.53,72.625,0.0,6.58
2021-10-15 08:00:56,55.0,32.665,27.365,47.215,88.12,0.0,4.26
2021-10-15 09:00:56,83.14,43.050000000000004,52.145,57.25,134.48,0.0,4.6
2021-10-15 10:00:56,95.24333333333334,51.16,45.620000000000005,59.685,110.95499999999998,0.0,8.45
2021-10-15 11:00:56,88.93666666666667,46.73,26.314999999999998,42.550000000000004,64.245,0.0,24.7
2021-10-15 12:00:56,68.25666666666666,38.32,27.959999999999997,33.655,49.815,0.0,43.04
2021-10-15 13:00:56,39.57333333333333,30.005,38.98,41.669999999999995,60.27,0.0,40.09
2021-10-15 14:00:56,39.61,17.43,20.96,23.535,33.76,0.0,54.22
2021-10-15 15:00:56,35.88666666666667,18.315,16.97,30.100000000000005,42.78,0.0,55.33
2021-10-15 16:00:56,83.19,18.015,23.76,33.19,42.915,0.0,60.18
2021-10-15 17:00:56,81.29666666666667,15.885,20.89,30.405,38.6,0.0,60.69
2021-10-15 18:00:56,71.14,13.844999999999999,14.784999999999998,48.1,61.475,0.0,42.98
2021-10-15 19:00:56,78.93333333333334,12.505,17.95,116.2,302.625,0.0,3.79
2021-10-15 20:00:56,142.0,24.810000000000002,20.0,109.64999999999999,289.15,0.0,4.68
2021-10-15 21:00:56,141.82666666666665,38.650000000000006,25.5,101.52499999999999,268.495,0.0,4.73
2021-10-15 22:00:56,136.3,45.79,24.584999999999997,87.77,235.735,0.0,4.76
2021-10-15 23:00:56,136.08666666666667,51.615,21.495,85.75,306.71999999999997,0.0,4.73
2021-10-16 00:00:56,132.28333333333333,51.025000000000006,20.64,78.66000000000001,201.625,0.0,3.04
2021-10-16 01:00:56,117.67666666666668,44.745,21.115,69.425,206.85999999999999,0.0,4.26
2021-10-16 02:00:56,102.15333333333334,41.315,26.885,67.66,161.315,0.0,3.64
2021-10-16 03:00:56,75.55333333333333,45.435,23.45,61.695,127.03000000000002,0.0,2.71
2021-10-16 04:00:56,66.58333333333333,43.629999999999995,21.58,57.155,138.455,0.0,2.96
2021-10-16 05:00:56,61.97666666666667,38.81,22.070000000000004,55.79,126.29,0.0,2.78
2021-10-16 06:00:56,59.72666666666667,37.805,23.024999999999995,46.53,88.235,0.0,2.26
2021-10-16 07:00:56,51.46,33.46,21.399999999999995,50.415,103.825,0.0,3.0
2021-10-16 08:00:56,49.61333333333334,33.035,24.689999999999998,60.44,180.205,0.0,3.57
2021-10-16 09:00:56,65.48333333333333,39.300000000000004,87.96,68.26,177.495,0.0,3.11
2021-10-16 10:00:56,76.78,40.375,47.465,72.615,124.89,0.0,6.0
2021-10-16 11:00:56,74.86333333333333,40.870000000000005,49.705000000000005,68.00999999999999,103.3,0.0,18.78
2021-10-16 12:00:56,96.27,35.66,36.93,59.855,81.27999999999999,0.0,31.83
2021-10-16 13:00:56,93.07666666666667,27.735,15.365000000000002,22.040000000000003,31.755,0.0,64.91
2021-10-16 14:00:56,94.69666666666667,16.44,13.88,18.125,26.75,0.0,70.8
2021-10-16 15:00:56,117.4,11.094999999999999,12.995,21.045,29.645,0.0,68.83
2021-10-16 16:00:56,132.85666666666665,7.925,13.585,30.235,44.30500000000001,0.0,61.54
2021-10-16 17:00:56,82.25333333333333,5.38,13.475,28.22,41.925000000000004,0.0,62.7
2021-10-16 18:00:56,61.553333333333335,3.525,14.31,85.03,160.825,0.0,22.21
2021-10-16 19:00:56,109.27666666666666,17.205,16.495,130.78,340.655,0.0,3.61
2021-10-16 20:00:56,157.22,32.629999999999995,22.424999999999997,114.51,306.32,0.0,4.98
2021-10-16 21:00:56,147.63,38.63,30.299999999999997,92.325,258.48499999999996,0.0,5.17
2021-10-16 22:00:56,156.7,46.87,43.794999999999995,78.02,163.81,0.0,4.02
2021-10-16 23:00:56,151.87333333333333,47.055,40.11,69.55,115.50999999999999,0.0,5.0
2021-10-17 00:00:56,130.1,45.915,25.665000000000003,54.300000000000004,81.155,0.0,12.78
2021-10-17 01:00:56,104.58333333333333,36.19,16.080000000000002,40.01,52.98499999999999,0.0,29.54
2021-10-17 02:00:56,76.49666666666667,24.849999999999998,14.735,36.695,48.1,0.0,32.32
2021-10-17 03:00:56,52.02333333333333,18.39,14.68,31.53,39.165,0.0,24.64
2021-10-17 04:00:56,47.47666666666667,28.505,17.18,33.715,40.645,0.0,28.67
2021-10-17 05:00:56,47.18,35.254999999999995,17.17,18.45,25.290000000000003,0.0,45.38
2021-10-17 06:00:56,39.64333333333333,22.395,15.82,19.965,26.0,0.0,42.39
2021-10-17 07:00:56,40.93333333333333,17.035,16.525000000000002,31.03,41.31,0.0,29.48
2021-10-17 08:00:56,40.32666666666667,19.650000000000002,16.79,45.565,80.715,0.0,7.66
2021-10-17 09:00:56,41.13666666666667,25.564999999999998,41.78,45.095,79.305,0.0,6.93
2021-10-17 10:00:56,58.54333333333334,35.36,43.19,35.77,53.855,0.0,24.99
2021-10-17 11:00:56,55.98,34.435,33.665,33.355,45.465,0.0,34.7
2021-10-17 12:00:56,52.26,32.555,48.605,39.005,53.82,0.0,35.66
2021-10-17 13:00:56,47.303333333333335,28.685000000000002,24.040000000000003,21.395,30.31,0.0,58.36
2021-10-17 14:00:56,42.02333333333333,18.525000000000002,17.7,14.375,23.74,0.0,67.59
2021-10-17 15:00:56,40.016666666666666,14.505,15.324999999999998,13.645000000000001,21.2,0.0,69.8
2021-10-17 16:00:56,41.11,16.13,14.704999999999998,18.77,27.285,0.0,62.26
2021-10-17 17:00:56,34.81666666666666,14.079999999999998,16.564999999999998,28.235,40.285,0.0,52.38
2021-10-17 18:00:56,34.153333333333336,12.87,17.48,33.065,45.26500000000001,0.0,54.56
2021-10-17 19:00:56,35.556666666666665,15.795000000000002,21.595,40.67,54.824999999999996,0.0,43.79
2021-10-17 20:00:56,40.35333333333333,14.07,17.74,52.56,69.295,0.0,37.6
2021-10-17 21:00:56,35.656666666666666,12.214999999999998,16.78,38.949999999999996,52.29,0.0,47.07
2021-10-17 22:00:56,41.163333333333334,15.464999999999998,20.974999999999998,41.38,52.04,0.0,41.46
2021-10-17 23:00:56,36.406666666666666,17.22,20.36,34.785000000000004,44.92499999999999,0.0,34.69
2021-10-18 00:00:56,32.166666666666664,14.1,15.36,34.19,43.34,0.0,36.74
2021-10-18 01:00:56,29.2,15.155000000000001,15.064999999999998,21.38,29.554999999999996,0.0,46.87
2021-10-18 02:00:56,23.9,13.515,14.905000000000001,10.975,16.79,0.0,57.06
2021-10-18 03:00:56,17.123333333333335,13.065,14.175000000000002,9.76,15.645000000000001,0.0,61.37
2021-10-18 04:00:56,16.53,9.87,14.189999999999998,9.705,16.005,0.0,62.28
2021-10-18 05:00:56,10.206666666666667,7.205000000000001,14.329999999999998,9.77,15.920000000000002,0.0,64.1
2021-10-18 06:00:56,10.746666666666668,5.29,15.245,10.17,16.94,0.0,68.83
2021-10-18 07:00:56,15.920000000000002,6.395,14.245,33.105,52.775000000000006,0.0,30.37
2021-10-18 08:00:56,17.803333333333335,8.585,15.485,43.300000000000004,63.78,0.0,17.79
2021-10-18 09:00:56,33.54333333333333,9.565,19.89,59.565000000000005,112.97000000000001,0.0,9.79
2021-10-18 10:00:56,41.29,12.089999999999998,20.035,45.98499999999999,66.665,0.0,31.79
2021-10-18 11:00:56,39.09,10.995,22.419999999999998,28.784999999999997,40.345,0.0,49.68
2021-10-18 12:00:56,30.926666666666666,10.06,16.17,17.22,26.235,0.0,67.01
2021-10-18 13:00:56,27.426666666666666,8.695,13.635,17.37,27.195000000000004,0.0,69.8
2021-10-18 14:00:56,21.55333333333333,6.609999999999999,13.75,22.94,37.94,0.0,71.74
2021-10-18 15:00:56,20.116666666666667,5.265000000000001,14.854999999999999,33.129999999999995,48.71,0.0,56.51
2021-10-18 16:00:56,20.706666666666667,4.15,15.590000000000002,20.365,30.86,0.0,60.08
2021-10-18 17:00:56,23.396666666666665,5.955000000000001,14.82,27.365,41.085,0.0,54.58
2021-10-18 18:00:56,25.183333333333334,9.71,14.255,43.294999999999995,69.315,0.0,32.7
2021-10-18 19:00:56,28.703333333333333,9.52,13.969999999999999,60.70000000000001,98.755,0.0,19.04
2021-10-18 20:00:56,28.32,10.03,13.69,53.145,84.44999999999999,0.0,23.06
2021-10-18 21:00:56,21.14,10.41,13.735,50.425000000000004,76.725,0.0,23.39
2021-10-18 22:00:56,16.956666666666667,10.839999999999998,14.005,36.32,48.69,0.0,42.11
2021-10-18 23:00:56,12.243333333333334,7.595,14.245,32.415,44.335,0.0,41.53
2021-10-19 00:00:56,14.46,5.055,14.54,17.855,26.330000000000002,0.0,54.07
2021-10-19 01:00:56,21.476666666666667,7.324999999999999,14.229999999999999,15.125,22.959999999999997,0.0,57.81
2021-10-19 02:00:56,19.88,7.935,14.625,22.885,32.655,0.0,50.49
2021-10-19 03:00:56,19.296666666666667,8.795,14.39,19.255,25.66,0.0,55.03
2021-10-19 04:00:56,20.813333333333333,11.299999999999999,14.785000000000002,27.72,33.99,0.0,26.24
2021-10-19 05:00:56,35.89666666666667,17.674999999999997,14.575000000000001,32.785,39.575,0.0,17.7
2021-10-19 06:00:56,37.99666666666667,25.51,15.18,16.915,23.810000000000002,0.0,55.51
2021-10-19 07:00:56,32.71,19.650000000000002,14.65,28.86,45.46,0.0,37.49
2021-10-19 08:00:56,34.3,21.345,14.094999999999999,46.995000000000005,83.015,0.0,18.57
2021-10-19 09:00:56,42.12,23.78,14.955,53.25,95.31,0.0,10.11
2021-10-19 10:00:56,59.45333333333333,20.195,17.97,50.18,80.13,0.0,11.27
2021-10-19 11:00:56,66.66666666666667,28.540000000000003,34.005,41.585,61.435,0.0,30.53
2021-10-19 12:00:56,55.04333333333334,28.03,27.09,26.929999999999996,38.54,0.0,47.41
2021-10-19 13:00:56,41.53333333333333,21.83,19.62,21.345,31.255,0.0,55.83
2021-10-19 14:00:56,33.096666666666664,12.094999999999999,16.26,25.405,41.47,0.0,47.32
2021-10-19 15:00:56,28.026666666666667,9.475,15.324999999999998,14.729999999999999,22.810000000000002,0.0,60.8
2021-10-19 16:00:56,29.656666666666666,7.31,14.61,15.895000000000001,24.155,0.0,61.19
2021-10-19 17:00:56,27.403333333333332,6.855,15.985,26.25,39.765,0.0,43.95
2021-10-19 18:00:56,26.346666666666668,8.865,14.854999999999999,32.115,51.73,0.0,33.51
2021-10-19 19:00:56,36.56666666666666,9.565,14.555,34.4,57.335,0.0,31.65
2021-10-19 20:00:56,30.85333333333333,6.510000000000001,14.88,27.28,42.150000000000006,0.0,39.33
2021-10-19 21:00:56,31.983333333333334,10.085,14.700000000000001,21.63,35.385,0.0,45.62
2021-10-19 22:00:56,34.91,14.0,14.479999999999999,15.979999999999999,25.53,0.0,56.48
2021-10-19 23:00:56,31.5,16.005,14.884999999999998,15.920000000000002,25.0,0.0,59.84
2021-10-20 00:00:56,28.990000000000002,14.755,15.104999999999999,14.954999999999998,23.52,0.0,60.62
2021-10-20 01:00:56,21.560000000000002,13.21,15.325000000000001,10.48,18.87,0.0,65.88
2021-10-20 02:00:56,24.39,10.75,15.51,7.675,14.020000000000001,0.0,71.55
2021-10-20 03:00:56,20.23,7.914999999999999,15.530000000000001,5.805,11.435,0.0,74.79
2021-10-20 04:00:56,19.71333333333333,7.87,15.280000000000001,6.625,12.14,0.0,74.84
2021-10-20 05:00:56,19.953333333333333,9.905,15.420000000000002,5.565,11.365,0.0,76.33
2021-10-20 06:00:56,23.956666666666667,9.03,15.534999999999998,12.14,19.755,0.0,67.03
2021-10-20 07:00:56,24.560000000000002,6.32,15.534999999999998,19.555,30.115,0.0,58.95
2021-10-20 08:00:56,21.78,9.205,15.584999999999999,42.81,69.795,0.0,31.02
2021-10-20 09:00:56,24.95,12.63,16.0,39.965,64.075,0.0,33.41
2021-10-20 10:00:56,34.79666666666667,16.52,16.265,24.575000000000003,39.225,0.0,53.19
2021-10-20 11:00:56,35.693333333333335,14.555,15.424999999999999,21.995,36.865,0.0,57.87
2021-10-20 12:00:56,34.36,15.305,14.61,22.180000000000003,37.665,0.0,58.79
2021-10-20 13:00:56,23.58,11.219999999999999,13.895000000000001,28.78,48.165,0.0,46.27
2021-10-20 14:00:56,22.106666666666666,10.905,13.979999999999999,23.595,38.37,0.0,56.02
2021-10-20 15:00:56,15.39,14.12,14.12,17.900000000000002,28.37,0.0,66.64
2021-10-20 16:00:56,19.14666666666667,8.69,14.145000000000001,20.99,32.835,0.0,62.03
2021-10-20 17:00:56,25.006666666666668,5.445,13.945,27.040000000000003,39.4,0.0,58.8
2021-10-20 18:00:56,29.04,5.52,14.530000000000001,42.675000000000004,62.044999999999995,0.0,44.19
2021-10-20 19:00:56,34.43333333333334,7.905000000000001,16.150000000000002,52.824999999999996,78.185,0.0,33.05
2021-10-20 20:00:56,36.48,13.64,17.57,65.77499999999999,98.42,0.0,18.65
2021-10-20 21:00:56,38.263333333333335,13.885,16.78,53.71,76.23,0.0,26.87
2021-10-20 22:00:56,30.77666666666667,8.4,16.61,46.91,73.385,0.0,22.06
2021-10-20 23:00:56,39.766666666666666,7.015000000000001,20.705,61.23500000000001,82.335,0.0,14.36
2021-10-21 00:00:56,36.97333333333333,9.700000000000001,28.99,54.885,72.645,0.0,14.65
2021-10-21 01:00:56,42.843333333333334,16.064999999999998,29.379999999999995,55.185,83.6,0.0,3.2
2021-10-21 02:00:56,42.75,23.560000000000002,31.025000000000002,46.365,74.85000000000001,0.0,3.43
2021-10-21 03:00:56,41.736666666666665,27.17,45.56999999999999,44.29,62.01,0.0,2.88
2021-10-21 04:00:56,49.39,34.635,30.959999999999997,34.865,47.785000000000004,0.0,6.24
2021-10-21 05:00:56,44.41,38.53,25.17,31.67,39.16,0.0,10.56
2021-10-21 06:00:56,44.36333333333334,30.919999999999998,21.87,35.615,49.845,0.0,5.67
2021-10-21 07:00:56,44.760000000000005,28.175,21.355,38.26,62.544999999999995,0.0,5.21
2021-10-21 08:00:56,49.80666666666667,33.18,35.315,48.375,97.13499999999999,0.0,3.99
2021-10-21 09:00:56,67.36333333333333,34.23,39.35,51.385,110.44500000000001,0.0,6.21
2021-10-21 10:00:56,80.75333333333333,31.834999999999997,33.82,55.465,102.73,0.0,11.39
2021-10-21 11:00:56,91.97666666666667,34.785,34.76,47.51,73.07,0.0,27.6
2021-10-21 12:00:56,76.5,35.705,22.795,39.550000000000004,56.705000000000005,0.0,44.69
2021-10-21 13:00:56,55.09,29.89,15.185000000000002,24.425,36.615,0.0,62.91
2021-10-21 14:00:56,38.92666666666667,28.27,13.69,19.05,28.465,0.0,70.59
2021-10-21 15:00:56,21.14,19.49,12.6,21.885,31.439999999999998,0.0,72.52
2021-10-21 16:00:56,18.04,11.195,11.410000000000002,25.285,34.78,0.0,71.47
2021-10-21 17:00:56,16.193333333333335,10.735,9.425,30.665000000000003,42.36,0.0,58.22
2021-10-21 18:00:56,22.446666666666665,14.270000000000001,9.03,46.870000000000005,69.04,0.0,39.43
2021-10-21 19:00:56,35.43,24.645,9.595,84.095,139.29999999999998,0.0,6.51
2021-10-21 20:00:56,64.14333333333333,29.175,16.905,102.105,241.14,0.0,6.69
2021-10-21 21:00:56,85.91666666666667,36.99,25.23,90.46999999999998,173.73000000000002,0.0,3.51
2021-10-21 22:00:56,88.06666666666666,44.335,19.99,85.34499999999998,196.32000000000002,0.0,4.26
2021-10-21 23:00:56,84.12333333333333,48.355,19.33,83.72500000000001,216.94500000000002,0.0,4.62
2021-10-22 00:00:56,84.53333333333333,60.245,21.67,67.58500000000001,216.17,0.0,5.1
2021-10-22 01:00:56,81.55666666666667,61.115,16.37,62.73499999999999,207.975,0.0,4.63
2021-10-22 02:00:56,75.19666666666666,53.975,17.075,56.615,161.925,0.0,3.74
2021-10-22 03:00:56,70.97,44.17499999999999,18.09,53.53,158.9,0.0,3.95
2021-10-22 04:00:56,70.70333333333333,42.74,18.11,50.35,103.26,0.0,3.07
2021-10-22 05:00:56,59.146666666666675,38.425,16.76,45.16,100.95,0.0,4.15
2021-10-22 06:00:56,50.346666666666664,35.39,16.45,48.995000000000005,79.71,0.0,2.64
2021-10-22 07:00:56,43.71333333333334,35.879999999999995,16.24,46.1,109.745,0.0,2.81
2021-10-22 08:00:56,48.79666666666667,32.875,27.24,65.355,223.40499999999997,0.0,3.63
2021-10-22 09:00:56,69.96333333333332,42.695,62.06,72.95,223.96,0.0,4.21
2021-10-22 10:00:56,79.81,53.48,49.02,78.665,170.26,0.0,4.33
2021-10-22 11:00:56,76.52666666666667,56.52,25.040000000000003,71.6,124.125,0.0,10.61
2021-10-22 12:00:56,114.07333333333334,48.275000000000006,23.724999999999998,44.705000000000005,64.255,0.0,50.22
2021-10-22 13:00:56,76.03,32.02,15.655000000000001,32.15,44.839999999999996,0.0,56.46
2021-10-22 14:00:56,55.93666666666667,21.98,14.950000000000001,21.659999999999997,31.189999999999998,0.0,70.19
2021-10-22 15:00:56,43.60666666666666,12.104999999999999,13.81,23.145,31.51,0.0,69.81
2021-10-22 16:00:56,37.68666666666667,12.13,13.825000000000001,27.84,40.545,0.0,61.75
2021-10-22 17:00:56,37.086666666666666,15.839999999999998,15.375,31.224999999999998,42.02,0.0,61.38
2021-10-22 18:00:56,37.49666666666666,16.145,22.224999999999998,62.26499999999999,79.765,0.0,42.5
2021-10-22 19:00:56,55.803333333333335,20.775000000000002,17.26,138.805,368.965,0.0,7.4
2021-10-22 20:00:56,127.15333333333334,29.095,22.284999999999997,140.875,403.945,0.0,6.67
2021-10-22 21:00:56,150.66666666666669,39.695,23.689999999999998,110.05499999999999,215.835,0.0,4.25
2021-10-22 22:00:56,143.91,47.92499999999999,22.97,103.955,282.41,0.0,5.89
2021-10-22 23:00:56,139.24333333333334,51.754999999999995,30.485,95.61500000000001,233.595,0.0,4.43
2021-10-23 00:00:56,125.56666666666666,46.544999999999995,26.265,97.685,315.045,0.0,5.6
2021-10-23 01:00:56,122.80666666666667,58.605,30.040000000000003,81.94,180.17,0.0,3.84
2021-10-23 02:00:56,107.03,55.96,30.299999999999997,72.37,144.24,0.0,3.63
2021-10-23 03:00:56,80.05333333333333,40.965,24.409999999999997,66.385,140.26,0.0,2.95
2021-10-23 04:00:56,66.80333333333333,35.27,23.555000000000003,62.645,102.38499999999999,0.0,3.06
2021-10-23 05:00:56,65.79333333333334,38.105,25.835000000000004,58.78,100.99,0.0,3.27
2021-10-23 06:00:56,55.81,30.36,25.700000000000003,58.379999999999995,102.075,0.0,3.15
2021-10-23 07:00:56,54.95333333333333,34.17,24.5,78.175,180.86,0.0,3.24
2021-10-23 08:00:56,60.96000000000001,38.725,25.584999999999997,75.5,220.83,0.0,3.54
2021-10-23 09:00:56,79.56,41.85,51.835,77.545,217.81500000000003,0.0,3.61
2021-10-23 10:00:56,107.73,50.19,71.11,82.265,150.865,0.0,6.49
2021-10-23 11:00:56,118.02,57.585,40.555,69.785,104.545,0.0,23.18
2021-10-23 12:00:56,108.55,53.635,30.480000000000004,55.294999999999995,76.055,0.0,44.17
2021-10-23 13:00:56,83.94333333333333,38.625,24.915000000000003,51.345,66.72,0.0,58.0
2021-10-23 14:00:56,140.98666666666668,22.855,19.535,38.845,51.160000000000004,0.0,65.99
2021-10-23 15:00:56,157.9333333333333,12.915,17.285,27.89,37.28,0.0,78.59
2021-10-23 16:00:56,93.16333333333334,10.805,15.57,23.86,31.645,0.0,90.71
2021-10-23 17:00:56,65.74333333333334,15.295000000000002,16.32,33.78,41.99,0.0,79.55
2021-10-23 18:00:56,53.53,14.399999999999999,16.5,81.155,139.885,0.0,39.47
2021-10-23 19:00:56,77.25,21.99,23.26,156.04,427.47499999999997,0.0,4.51
2021-10-23 20:00:56,142.72333333333333,36.605,24.515,131.26999999999998,234.84,0.0,5.21
2021-10-23 21:00:56,134.85333333333335,37.47,26.26,119.16000000000001,308.31,0.0,5.75
2021-10-23 22:00:56,136.85666666666665,50.10999999999999,34.48,118.435,299.63,0.0,5.07
2021-10-23 23:00:56,149.49,59.85,40.775,106.72499999999998,310.655,0.0,7.1
2021-10-24 00:00:56,144.56666666666666,63.585,55.76,103.11,304.125,0.0,6.59
2021-10-24 01:00:56,152.53,71.28500000000001,46.435,100.36500000000001,273.535,0.0,5.16
2021-10-24 02:00:56,139.22,65.455,44.605,81.035,142.335,0.0,3.55
2021-10-24 03:00:56,107.93,53.74,45.365,78.785,186.745,0.0,3.45
2021-10-24 04:00:56,95.47,52.805,41.655,76.21499999999999,139.755,0.0,2.58
2021-10-24 05:00:56,85.49000000000001,50.915,46.88999999999999,70.98,112.935,0.0,3.01
2021-10-24 06:00:56,72.8,38.565,42.375,64.485,89.86500000000001,0.0,2.51
2021-10-24 07:00:56,63.093333333333334,37.074999999999996,32.965,64.87,96.98,0.0,3.95
2021-10-24 08:00:56,65.52,37.185,32.255,66.31,146.805,0.0,3.99
2021-10-24 09:00:56,74.67666666666666,40.26,60.400000000000006,76.17,160.37,0.0,4.37
2021-10-24 10:00:56,90.01666666666667,51.25,71.205,75.17,116.97500000000001,0.0,10.59
2021-10-24 11:00:56,110.09333333333333,52.544999999999995,57.655,59.775,82.165,0.0,26.25
2021-10-24 12:00:56,97.02333333333334,50.665,25.064999999999998,37.97,51.21,0.0,53.28
2021-10-24 13:00:56,74.21666666666667,38.09,17.255,27.965000000000003,38.9,0.0,68.52
2021-10-24 14:00:56,59.38333333333333,24.790000000000003,18.005,29.055000000000003,39.64,0.0,78.19
2021-10-24 15:00:56,49.35666666666667,19.650000000000002,16.955000000000002,21.21,30.409999999999997,0.0,96.1
2021-10-24 16:00:56,44.7,11.35,15.21,21.435000000000002,28.47,0.0,97.58
2021-10-24 17:00:56,44.36333333333334,7.68,14.9,23.225000000000005,30.695000000000004,0.0,95.66
2021-10-24 18:00:56,45.26,11.86,22.345,40.29,49.0,0.0,73.27
2021-10-24 19:00:56,47.88,17.22,18.88,32.565,41.795,0.0,69.49
2021-10-24 20:00:56,53.04666666666667,19.255,18.905,24.595,34.335,0.0,59.3
2021-10-24 21:00:56,49.31333333333333,18.885,17.185000000000002,21.445000000000004,32.17,0.0,53.94
2021-10-24 22:00:56,35.480000000000004,16.405,18.99,17.25,26.375,0.0,60.23
2021-10-24 23:00:56,29.790000000000003,9.21,16.76,14.92,22.175,0.0,58.26
2021-10-25 00:00:56,24.773333333333333,6.265000000000001,15.520000000000001,14.29,20.915000000000003,0.0,56.71
2021-10-25 01:00:56,18.7,6.035,14.935,19.315,29.17,0.0,44.91
2021-10-25 02:00:56,15.236666666666666,8.030000000000001,14.435000000000002,15.775,22.584999999999997,0.0,47.58
2021-10-25 03:00:56,11.77,3.53,14.655000000000001,15.854999999999999,24.175,0.0,47.61
2021-10-25 04:00:56,12.350000000000001,6.53,14.909999999999998,11.995,18.02,0.0,56.09
2021-10-25 05:00:56,14.603333333333333,4.395,14.774999999999999,5.8,11.29,0.0,67.6
2021-10-25 06:00:56,8.786666666666667,5.435,14.635,13.38,22.09,0.0,56.68
2021-10-25 07:00:56,10.78,7.925,15.115000000000002,15.69,23.845,0.0,55.6
2021-10-25 08:00:56,10.76,5.385000000000001,15.199999999999998,38.07,59.4,0.0,36.35
2021-10-25 09:00:56,13.756666666666666,6.050000000000001,15.534999999999998,37.91,58.975,0.0,36.16
2021-10-25 10:00:56,21.41,7.989999999999999,16.54,24.12,36.175000000000004,0.0,54.99
2021-10-25 11:00:56,24.12333333333333,9.62,17.28,38.905,78.285,0.0,28.89
2021-10-25 12:00:56,15.98,13.945,15.699999999999998,29.25,53.18000000000001,0.0,42.46
2021-10-25 13:00:56,21.316666666666666,10.56,15.155000000000001,32.545,56.72,0.0,36.98
2021-10-25 14:00:56,23.443333333333335,6.19,15.589999999999998,26.5,41.42,0.0,51.84
2021-10-25 15:00:56,24.093333333333334,5.56,15.385,31.445000000000004,59.60999999999999,0.0,40.49
2021-10-25 16:00:56,23.746666666666663,6.474999999999999,15.145000000000001,40.79,75.5,0.0,27.47
2021-10-25 17:00:56,29.14666666666667,4.16,15.600000000000001,34.265,59.720000000000006,0.0,40.01
2021-10-25 18:00:56,34.376666666666665,3.4599999999999995,16.915,41.65,66.385,0.0,34.28
2021-10-25 19:00:56,32.36,3.86,18.58,49.25,75.75,0.0,27.68
2021-10-25 20:00:56,30.28666666666667,5.215,18.255,26.564999999999998,38.19,0.0,48.59
2021-10-25 21:00:56,23.933333333333334,6.544999999999999,19.405,18.069999999999997,28.145,0.0,54.1
2021-10-25 22:00:56,20.97,6.879999999999999,18.555,16.064999999999998,23.285,0.0,56.75
2021-10-25 23:00:56,18.796666666666667,8.115,19.075000000000003,19.540000000000003,29.2,0.0,52.07
2021-10-26 00:00:56,17.096666666666668,10.02,17.39,21.66,32.425,0.0,48.67
2021-10-26 01:00:56,18.11,10.780000000000001,16.53,26.115,37.21,0.0,45.19
2021-10-26 02:00:56,19.896666666666665,9.6,17.314999999999998,23.365,33.165,0.0,48.27
2021-10-26 03:00:56,18.04,9.75,18.94,21.285,29.075,0.0,51.43
2021-10-26 04:00:56,16.186666666666667,8.99,19.795,17.46,25.205,0.0,52.16
2021-10-26 05:00:56,17.036666666666665,6.37,19.705,17.675,25.26,0.0,51.57
2021-10-26 06:00:56,13.856666666666667,7.27,18.35,16.055,23.584999999999997,0.0,54.13
2021-10-26 07:00:56,13.983333333333334,9.28,16.755,22.115,32.28,0.0,48.16
2021-10-26 08:00:56,12.07,8.155,16.085,35.25,56.20000000000001,0.0,39.14
2021-10-26 09:00:56,20.553333333333335,7.294999999999999,15.950000000000001,38.665,61.31,0.0,34.98
2021-10-26 10:00:56,22.39333333333333,7.300000000000001,15.995,26.02,40.96,0.0,48.17
2021-10-26 11:00:56,20.22,6.835000000000001,15.479999999999999,28.355,48.185,0.0,42.71
2021-10-26 12:00:56,17.606666666666666,9.94,15.485,28.11,48.705000000000005,0.0,41.49
2021-10-26 13:00:56,15.71,11.214999999999998,14.515,25.48,44.76,0.0,46.4
2021-10-26 14:00:56,15.023333333333333,6.81,14.200000000000001,24.445000000000004,42.165,0.0,48.0
2021-10-26 15:00:56,15.219999999999999,4.745,13.755,20.29,34.1,0.0,56.18
2021-10-26 16:00:56,19.126666666666665,3.2550000000000003,13.915,21.275000000000002,34.58,0.0,56.43
2021-10-26 17:00:56,17.64666666666667,4.075,16.47,23.685000000000002,37.870000000000005,0.0,52.95
2021-10-26 18:00:56,22.123333333333335,10.75,15.25,31.47,49.665,0.0,44.09
2021-10-26 19:00:56,38.22666666666667,14.58,20.365,38.324999999999996,56.38999999999999,0.0,36.27
2021-10-26 20:00:56,27.58,14.005,24.48,33.255,45.35,0.0,44.19
2021-10-26 21:00:56,30.303333333333335,15.854999999999999,22.575000000000003,29.225000000000005,39.095,0.0,51.57
2021-10-26 22:00:56,23.866666666666667,12.445,22.535,29.540000000000003,39.919999999999995,0.0,49.98
2021-10-26 23:00:56,25.46666666666667,13.255,19.46,39.13999999999999,54.23,0.0,35.28
2021-10-27 00:00:56,22.416666666666668,13.665,18.63,59.550000000000004,88.315,0.0,8.71
2021-10-27 01:00:56,30.18,13.335,24.455,47.68,70.005,0.0,8.52
2021-10-27 02:00:56,48.03,21.29,38.45,48.66,70.095,0.0,4.29
2021-10-27 03:00:56,62.68333333333334,29.135,26.26,44.055,65.8,0.0,8.31
2021-10-27 04:00:56,52.19,32.199999999999996,22.345,41.535,65.205,0.0,5.21
2021-10-27 05:00:56,56.406666666666666,42.225,46.099999999999994,44.64000000000001,69.13,0.0,3.78
2021-10-27 06:00:56,58.81666666666666,41.945,27.995,41.02,68.00999999999999,0.0,4.63
2021-10-27 07:00:56,56.61333333333334,36.63,21.785,38.17,77.81,0.0,4.08
2021-10-27 08:00:56,56.790000000000006,43.150000000000006,30.36,53.755,144.015,0.0,3.46
2021-10-27 09:00:56,66.05666666666667,50.01,44.19499999999999,54.835,147.08,0.0,4.62
2021-10-27 10:00:56,104.09666666666666,56.145,48.605,67.215,164.155,0.0,5.95
2021-10-27 11:00:56,112.7,54.805,33.52,55.294999999999995,90.55,0.0,19.27
2021-10-27 12:00:56,98.11,54.275000000000006,30.75,53.475,81.495,0.0,27.65
2021-10-27 13:00:56,61.29333333333333,45.73,18.19,48.02,70.06,0.0,32.8
2021-10-27 14:00:56,47.99333333333333,29.765,14.365,35.58,49.629999999999995,0.0,50.29
2021-10-27 15:00:56,35.59,22.849999999999998,9.985,27.48,40.660000000000004,0.0,52.66
2021-10-27 16:00:56,39.906666666666666,18.765,16.265,40.29,56.745000000000005,0.0,46.72
2021-10-27 17:00:56,40.29,13.58,20.865,56.580000000000005,71.95,0.0,28.78
2021-10-27 18:00:56,52.23666666666667,18.385,22.875,104.47499999999998,309.395,0.0,6.72
2021-10-27 19:00:56,98.25666666666666,34.91,29.01,119.0,353.26,0.0,4.8
2021-10-27 20:00:56,151.31666666666666,58.905,29.92,117.175,427.21,0.0,7.3
2021-10-27 21:00:56,187.52666666666667,76.585,27.409999999999997,102.02,352.835,0.0,7.32
2021-10-27 22:00:56,191.85333333333332,78.605,24.459999999999997,90.305,261.275,0.0,5.02
2021-10-27 23:00:56,125.06666666666668,71.61500000000001,23.61,77.085,189.125,0.0,5.75
2021-10-28 00:00:56,115.76666666666667,60.81999999999999,29.430000000000003,63.03,129.095,0.0,4.38
2021-10-28 01:00:56,125.32666666666667,59.315,26.674999999999997,69.47500000000001,116.57,0.0,4.35
2021-10-28 02:00:56,91.19333333333333,54.28999999999999,26.145,47.68,65.615,0.0,17.37
2021-10-28 03:00:56,66.37,42.27,24.185000000000002,53.60999999999999,72.11500000000001,0.0,6.83
2021-10-28 04:00:56,50.93333333333334,39.47,22.224999999999998,44.76,60.080000000000005,0.0,13.36
2021-10-28 05:00:56,54.21,35.21,22.064999999999998,27.689999999999998,37.605,0.0,47.95
2021-10-28 06:00:56,47.68666666666667,27.685000000000002,17.474999999999998,20.93,28.185000000000002,0.0,51.13
2021-10-28 07:00:56,38.416666666666664,23.01,16.27,31.334999999999997,44.63999999999999,0.0,45.53
2021-10-28 08:00:56,32.54333333333333,21.005,16.93,58.665,123.84999999999998,0.0,7.73
2021-10-28 09:00:56,52.67666666666667,24.695000000000004,39.855,59.79999999999999,133.335,0.0,5.4
2021-10-28 10:00:56,68.3,35.68,37.69,50.92499999999999,81.345,0.0,14.73
2021-10-28 11:00:56,66.40666666666667,40.900000000000006,24.66,43.315,66.265,0.0,33.13
2021-10-28 12:00:56,62.31333333333333,37.945,19.5,24.189999999999998,37.35,0.0,59.82
2021-10-28 13:00:56,48.38666666666667,21.675,12.9,26.115,42.705000000000005,0.0,52.65
2021-10-28 14:00:56,33.52,13.57,12.275,26.515,41.995,0.0,53.62
2021-10-28 15:00:56,23.843333333333334,11.255,12.255,23.040000000000003,35.59,0.0,61.07
2021-10-28 16:00:56,28.273333333333333,7.699999999999999,12.665,20.87,32.53,0.0,67.34
2021-10-28 17:00:56,40.22,7.405,12.780000000000001,22.070000000000004,32.545,0.0,67.34
2021-10-28 18:00:56,43.2,9.695,13.575000000000001,26.959999999999997,39.265,0.0,57.42
2021-10-28 19:00:56,42.29666666666667,11.055,18.145,27.37,39.824999999999996,0.0,58.35
2021-10-28 20:00:56,39.54333333333334,12.665,18.28,22.615,31.975000000000005,0.0,63.59
2021-10-28 21:00:56,36.62,14.089999999999998,17.335,20.065,28.45,0.0,64.09
2021-10-28 22:00:56,29.773333333333333,11.35,16.61,19.27,27.58,0.0,63.02
2021-10-28 23:00:56,29.58,11.659999999999998,16.55,19.985,28.26,0.0,61.24
2021-10-29 00:00:56,21.936666666666667,15.255,15.89,19.49,27.430000000000003,0.0,58.4
2021-10-29 01:00:56,20.64666666666667,13.88,17.125,27.465000000000003,36.435,0.0,54.82
2021-10-29 02:00:56,26.06,10.590000000000002,24.290000000000003,36.68,45.54,0.0,54.89
2021-10-29 03:00:56,28.35,13.420000000000002,40.074999999999996,35.5,43.525,0.0,52.92
2021-10-29 04:00:56,29.653333333333336,18.675,31.245,32.935,40.91,0.0,49.69
2021-10-29 05:00:56,31.47,19.22,29.850000000000005,32.615,39.48500000000001,0.0,48.3
2021-10-29 06:00:56,28.563333333333333,22.285,29.095,34.49,42.449999999999996,0.0,48.86
2021-10-29 07:00:56,28.526666666666667,25.025000000000002,41.965,37.775,47.050000000000004,0.0,52.49
2021-10-29 08:00:56,30.25,20.48,39.415,62.335,100.175,0.0,31.18
2021-10-29 09:00:56,45.99333333333334,25.819999999999997,37.805,55.215,101.145,0.0,42.4
2021-10-29 10:00:56,40.56,28.379999999999995,19.88,40.095,62.995,0.0,43.62
2021-10-29 11:00:56,35.550000000000004,22.145,15.71,22.525000000000002,34.08,0.0,63.68
2021-10-29 12:00:56,24.543333333333333,16.45,13.854999999999999,22.12,35.160000000000004,0.0,61.88
2021-10-29 13:00:56,22.59,14.450000000000001,12.435,21.540000000000003,34.185,0.0,62.09
2021-10-29 14:00:56,23.293333333333333,12.055,12.87,22.095,34.910000000000004,0.0,63.32
2021-10-29 15:00:56,26.496666666666666,11.094999999999999,13.29,21.22,32.83,0.0,67.81
2021-10-29 16:00:56,21.793333333333333,9.08,13.4,21.435000000000002,32.49,0.0,66.29
2021-10-29 17:00:56,22.206666666666667,9.455,14.185,22.584999999999997,33.94,0.0,61.93
2021-10-29 18:00:56,20.923333333333336,6.8999999999999995,14.920000000000002,27.875,39.945,0.0,58.7
2021-10-29 19:00:56,25.203333333333333,5.16,17.175,33.765,47.330000000000005,0.0,50.53
2021-10-29 20:00:56,27.016666666666666,3.565,17.395,30.200000000000003,42.235,0.0,50.95
2021-10-29 21:00:56,26.53,7.94,18.46,19.71,28.52,0.0,64.29
2021-10-29 22:00:56,22.66,9.66,17.88,17.89,25.73,0.0,65.82
2021-10-29 23:00:56,21.99,9.025,17.37,29.525000000000002,41.53,0.0,50.53
2021-10-30 00:00:56,26.613333333333333,10.185,18.705000000000002,35.84,48.72,0.0,52.19
2021-10-30 01:00:56,23.293333333333333,11.585,16.075,22.275000000000002,31.675,0.0,56.67
2021-10-30 02:00:56,21.436666666666667,11.135,18.075,18.97,26.48,0.0,67.19
2021-10-30 03:00:56,22.913333333333334,10.445,30.689999999999998,20.955,28.305000000000003,0.0,68.9
2021-10-30 04:00:56,19.82333333333333,9.715,26.209999999999997,19.465,25.845,0.0,67.65
2021-10-30 05:00:56,17.726666666666667,8.545,23.115,23.149999999999995,29.28,0.0,33.85
2021-10-30 06:00:56,23.256666666666668,12.39,30.51,27.475000000000005,35.19,0.0,29.97
2021-10-30 07:00:56,33.77333333333333,14.985,31.819999999999997,38.28,50.330000000000005,0.0,24.25
2021-10-30 08:00:56,34.89,23.355,28.26,47.99,75.66,0.0,9.03
2021-10-30 09:00:56,50.70333333333333,26.865,44.574999999999996,63.0,113.3,0.0,7.63
2021-10-30 10:00:56,82.26,28.540000000000003,38.72,63.27,104.22500000000001,0.0,13.26
2021-10-30 11:00:56,86.41666666666667,33.34,24.455,49.574999999999996,71.995,0.0,34.12
2021-10-30 12:00:56,65.97333333333333,24.935000000000002,15.255,18.52,26.965,0.0,65.36
2021-10-30 13:00:56,45.82,19.74,14.24,18.405,28.885,0.0,60.83
2021-10-30 14:00:56,34.65,13.950000000000001,13.81,15.62,24.724999999999998,0.0,67.54
2021-10-30 15:00:56,23.336666666666666,8.93,13.915,17.115,27.040000000000003,0.0,67.89
2021-10-30 16:00:56,27.006666666666668,6.669999999999999,14.21,21.855,33.120000000000005,0.0,62.93
2021-10-30 17:00:56,29.896666666666665,8.34,14.395000000000001,35.089999999999996,55.225,0.0,45.53
2021-10-30 18:00:56,30.256666666666664,9.035,16.085,73.33999999999999,116.98,0.0,17.88
2021-10-30 19:00:56,42.876666666666665,10.905000000000001,19.585,90.795,154.64,0.0,8.72
2021-10-30 20:00:56,54.54333333333334,17.49,19.21,85.68,142.935,0.0,8.81
2021-10-30 21:00:56,60.620000000000005,27.425,29.0,77.315,144.89499999999998,0.0,6.03
2021-10-30 22:00:56,73.46666666666667,40.73,38.23,69.91,140.0,0.0,5.42
2021-10-30 23:00:56,105.21666666666665,55.125,37.43,73.835,178.37,0.0,6.61
2021-10-31 00:00:56,115.36,69.87,35.565,76.46499999999999,215.67999999999998,0.0,7.72
2021-10-31 01:00:56,111.21333333333334,70.575,30.814999999999998,72.745,216.55999999999997,0.0,7.36
2021-10-31 02:00:56,99.65,66.355,29.55,64.795,186.91,0.0,6.84
2021-10-31 03:00:56,101.77333333333333,69.42,42.04,60.52,169.65,0.0,5.28
2021-10-31 04:00:56,90.92333333333333,66.985,25.069999999999997,53.370000000000005,127.96499999999999,0.0,4.38
2021-10-31 05:00:56,73.99333333333334,58.52,28.710000000000004,55.99,116.915,0.0,3.81
2021-10-31 06:00:56,68.68666666666667,58.52,24.795,51.074999999999996,93.31,0.0,2.09
2021-10-31 07:00:56,65.53,52.830000000000005,23.285,45.725,90.695,0.0,3.21
2021-10-31 08:00:56,70.78333333333333,54.580000000000005,32.54,55.64000000000001,130.415,0.0,3.23
2021-10-31 09:00:56,74.51333333333334,51.865,29.86,53.85,131.085,0.0,4.1
2021-10-31 10:00:56,83.29333333333334,56.15,72.335,62.35,133.505,0.0,5.46
2021-10-31 11:00:56,105.05,61.01500000000001,43.535,66.08,113.005,0.0,8.74
2021-10-31 12:00:56,93.39333333333333,62.745,31.245,50.025000000000006,74.765,0.0,23.61
2021-10-31 13:00:56,81.32666666666667,52.32500000000001,25.66,49.169999999999995,67.22,0.0,35.96
2021-10-31 14:00:56,58.60333333333333,40.205,21.14,46.99,63.06,0.0,38.95
2021-10-31 15:00:56,53.330000000000005,31.349999999999998,20.755,51.754999999999995,66.875,0.0,37.56
2021-10-31 16:00:56,52.93666666666667,21.865,25.05,51.385,63.4,0.0,40.34
2021-10-31 17:00:56,63.153333333333336,18.865,32.02,60.725,72.95,0.0,38.74
2021-10-31 18:00:56,80.04666666666667,23.26,23.450000000000003,95.645,145.43,0.0,12.5
2021-10-31 19:00:56,104.37666666666667,38.45,25.299999999999997,120.14999999999999,339.745,0.0,7.62
2021-10-31 20:00:56,142.75333333333333,65.91,27.659999999999997,110.825,308.51,0.0,6.85
2021-10-31 21:00:56,165.20666666666668,81.085,27.575000000000003,95.855,241.29,0.0,6.6
2021-10-31 22:00:56,154.52333333333334,78.68,34.660000000000004,90.63499999999999,254.81499999999997,0.0,6.09
2021-10-31 23:00:56,179.67,84.995,42.145,94.32,279.795,0.0,6.5
2021-11-01 00:00:56,170.94,90.955,43.05500000000001,92.875,272.54,0.0,5.88
2021-11-01 01:00:56,164.64333333333335,93.745,32.75,78.755,172.125,0.0,4.48
2021-11-01 02:00:56,133.45,83.625,38.59,70.625,160.07,0.0,4.79
2021-11-01 03:00:56,125.46000000000001,72.685,37.13,62.835,106.555,0.0,3.73
2021-11-01 04:00:56,104.55333333333333,66.545,31.005,61.165,127.375,0.0,3.89
2021-11-01 05:00:56,91.66,59.425000000000004,29.955,61.47,124.94500000000001,0.0,3.07
2021-11-01 06:00:56,90.36666666666667,51.965,34.54,56.785,94.745,0.0,3.23
2021-11-01 07:00:56,78.56666666666666,44.615,28.735,57.315,113.185,0.0,2.91
2021-11-01 08:00:56,85.37333333333333,48.14000000000001,29.08,65.345,185.96,0.0,3.8
2021-11-01 09:00:56,110.06333333333333,57.64000000000001,50.86000000000001,77.25,221.56499999999997,0.0,5.34
2021-11-01 10:00:56,148.47,68.875,56.074999999999996,81.64,197.92999999999998,0.0,5.51
2021-11-01 11:00:56,161.09666666666666,72.14,43.365,53.465,79.38499999999999,0.0,18.41
2021-11-01 12:00:56,119.92,64.855,28.395,63.34,89.605,0.0,22.94
2021-11-01 13:00:56,116.35333333333332,53.645,26.415000000000003,57.84,80.86500000000001,0.0,33.77
2021-11-01 14:00:56,104.66666666666667,43.385,19.77,47.345,68.97500000000001,0.0,28.84
2021-11-01 15:00:56,85.11333333333333,28.25,20.28,35.975,48.23500000000001,0.0,37.65
2021-11-01 16:00:56,74.47333333333333,24.865,16.79,56.385,89.755,0.0,15.84
2021-11-01 17:00:56,67.77333333333334,26.215,16.485,62.044999999999995,99.645,0.0,15.03
2021-11-01 18:00:56,66.18,26.185000000000002,15.020000000000001,60.84,99.49000000000001,0.0,23.79
2021-11-01 19:00:56,45.68666666666667,23.575,10.445,65.31,95.73,0.0,18.96
2021-11-01 20:00:56,37.64666666666667,17.89,8.52,38.97,54.875,0.0,26.38
2021-11-01 21:00:56,32.49666666666667,15.910000000000002,9.005,27.340000000000003,41.949999999999996,0.0,31.52
2021-11-01 22:00:56,24.833333333333332,12.885,8.71,24.709999999999997,32.44,0.0,40.3
2021-11-01 23:00:56,21.153333333333332,12.89,13.865,45.06,58.14000000000001,0.0,27.9
2021-11-02 00:00:56,18.97,16.62,14.699999999999998,67.305,88.495,0.0,16.7
2021-11-02 01:00:56,18.92,15.24,14.995,53.375,68.575,0.0,25.28
2021-11-02 02:00:56,19.093333333333334,17.47,12.170000000000002,43.75,54.41,0.0,17.33
2021-11-02 03:00:56,19.62,18.935,15.835,41.965,53.925000000000004,0.0,10.34
2021-11-02 04:00:56,21.80666666666667,19.535,13.579999999999998,36.78,45.285,0.0,13.12
2021-11-02 05:00:56,24.13666666666667,20.985,12.305,31.819999999999997,40.935,0.0,21.18
2021-11-02 06:00:56,23.456666666666667,17.965,10.74,35.879999999999995,43.685,0.0,25.17
2021-11-02 07:00:56,24.646666666666665,14.505,9.8,48.375,76.83500000000001,0.0,12.96
2021-11-02 08:00:56,21.203333333333333,15.825000000000001,11.365,59.695,126.3,0.0,5.09
2021-11-02 09:00:56,36.93333333333333,31.16,23.045,71.885,232.42,0.0,3.89
2021-11-02 10:00:56,71.84666666666666,59.43000000000001,40.775,74.355,169.39,0.0,4.38
2021-11-02 11:00:56,98.96333333333334,67.10000000000001,35.77,74.655,150.565,0.0,5.06
2021-11-02 12:00:56,90.02,64.83999999999999,34.8,76.79,145.285,0.0,5.48
2021-11-02 13:00:56,82.43333333333334,54.21,29.310000000000002,56.669999999999995,81.32000000000001,0.0,10.11
2021-11-02 14:00:56,73.37,40.355,27.345,62.945,93.505,0.0,8.62
2021-11-02 15:00:56,78.44666666666666,40.21,30.334999999999997,68.375,99.46,0.0,8.27
2021-11-02 16:00:56,85.98333333333333,40.13,42.875,74.11,129.91,0.0,4.96
2021-11-02 17:00:56,101.95333333333333,44.1,46.16499999999999,69.45,109.295,0.0,6.06
2021-11-02 18:00:56,104.99666666666667,46.51500000000001,38.6,73.83,129.745,0.0,4.13
2021-11-02 19:00:56,105.62,45.48,27.620000000000005,86.605,248.33,0.0,4.89
2021-11-02 20:00:56,124.76333333333334,57.004999999999995,24.985,83.93,260.53,0.0,4.37
2021-11-02 21:00:56,133.35333333333332,64.945,22.375,73.515,248.62,0.0,5.42
2021-11-02 22:00:56,122.65,69.755,18.475,68.87,258.26,0.0,5.18
2021-11-02 23:00:56,127.60333333333334,68.44,18.87,54.01,139.78,0.0,3.72
2021-11-03 00:00:56,105.70666666666666,59.21,15.975,52.01500000000001,223.08,0.0,5.82
2021-11-03 01:00:56,108.69,69.42,16.185,48.54999999999999,238.335,0.0,4.45
2021-11-03 02:00:56,113.15666666666667,73.245,16.03,44.574999999999996,167.745,0.0,3.66
2021-11-03 03:00:56,102.64666666666666,69.75,16.7,40.425000000000004,99.685,0.0,3.74
2021-11-03 04:00:56,81.83,52.79,17.26,38.435,158.23000000000002,0.0,3.86
2021-11-03 05:00:56,87.44666666666667,54.504999999999995,19.035,39.83,145.35500000000002,0.0,3.38
2021-11-03 06:00:56,83.3,64.005,18.83,33.245000000000005,120.91000000000001,0.0,2.79
2021-11-03 07:00:56,80.31333333333333,64.47,17.28,33.905,121.08999999999999,0.0,3.73
2021-11-03 08:00:56,97.38,65.03500000000001,18.97,38.615,163.685,0.0,3.22
2021-11-03 09:00:56,125.36,80.6,39.65,58.005,293.145,0.0,3.5
2021-11-03 10:00:56,143.52333333333334,106.755,62.06,73.80499999999999,315.0,0.0,4.61
2021-11-03 11:00:56,194.80333333333334,140.725,47.19499999999999,83.775,335.38,0.0,5.1
2021-11-03 12:00:56,231.36666666666665,155.495,39.21,65.98,159.25,0.0,5.76
2021-11-03 13:00:56,138.27666666666667,113.13,35.88,49.72,88.40500000000002,0.0,15.95
2021-11-03 14:00:56,92.49,77.99000000000001,34.17,39.43,58.785,0.0,20.72
2021-11-03 15:00:56,71.01666666666667,53.935,24.549999999999997,27.755,44.074999999999996,0.0,31.94
2021-11-03 16:00:56,48.66,32.86,20.52,30.61,45.895,0.0,31.84
2021-11-03 17:00:56,48.120000000000005,28.600000000000005,18.68,43.72,60.525000000000006,0.0,26.69
2021-11-03 18:00:56,52.120000000000005,22.959999999999997,16.47,89.635,221.79999999999998,0.0,6.75
2021-11-03 19:00:56,92.90333333333334,30.054999999999996,16.275,104.99000000000001,385.37000000000006,0.0,3.77
2021-11-03 20:00:56,143.69333333333333,49.195,18.885,88.355,275.78,0.0,4.71
2021-11-03 21:00:56,133.41666666666666,57.99,20.195,79.19,206.625,0.0,4.76
2021-11-03 22:00:56,121.3,66.945,17.86,65.78,194.64499999999998,0.0,5.22
2021-11-03 23:00:56,130.32666666666665,71.41000000000001,18.33,65.19,221.295,0.0,4.3
2021-11-04 00:00:56,116.67,73.39,18.675,60.919999999999995,230.045,0.0,4.15
2021-11-04 01:00:56,104.57333333333332,71.00999999999999,18.32,51.495000000000005,179.23000000000002,0.0,3.73
2021-11-04 02:00:56,103.24666666666667,69.33,16.415,44.254999999999995,181.635,0.0,3.72
2021-11-04 03:00:56,88.86666666666667,63.115,16.33,40.775000000000006,120.84499999999998,0.0,3.56
2021-11-04 04:00:56,76.40666666666667,47.06,16.62,35.09,94.46499999999999,0.0,4.02
2021-11-04 05:00:56,69.25999999999999,51.63500000000001,16.605,29.375,52.16,0.0,3.31
2021-11-04 06:00:56,63.61,47.245000000000005,15.285000000000002,22.41,50.975,0.0,6.34
2021-11-04 07:00:56,55.59,33.385,20.095,30.095,70.88,0.0,4.41
2021-11-04 08:00:56,57.03666666666666,30.58,31.095,39.43,119.66000000000001,0.0,1.84
2021-11-04 09:00:56,59.96,35.415,22.705,38.99,115.09999999999998,0.0,2.87
2021-11-04 10:00:56,78.51333333333334,44.629999999999995,19.98,45.51,115.23,0.0,3.8
2021-11-04 11:00:56,82.33666666666667,45.99,18.75,50.875,101.93,0.0,3.81
2021-11-04 12:00:56,76.57000000000001,46.004999999999995,19.91,56.035,97.03500000000001,0.0,6.76
2021-11-04 13:00:56,96.12,52.185,22.39,64.61,109.63,0.0,7.48
2021-11-04 14:00:56,109.57333333333332,69.81,27.924999999999997,63.945,107.52,0.0,13.46
2021-11-04 15:00:56,126.07,80.29,42.195,65.185,110.295,0.0,11.3
2021-11-04 16:00:56,140.45,85.36,42.785,71.735,122.19,0.0,8.04
2021-11-04 17:00:56,154.79999999999998,89.91000000000001,35.025,77.445,134.765,0.0,5.73
2021-11-04 18:00:56,175.38666666666666,96.47000000000001,23.709999999999997,76.855,176.11,0.0,5.12
2021-11-04 19:00:56,207.74,119.21999999999998,19.37,94.36500000000001,346.43,0.0,6.52
2021-11-04 20:00:56,256.56666666666666,154.8,19.63,85.915,383.93,0.0,6.01
2021-11-04 21:00:56,258.66666666666663,182.01,17.255,78.82,364.26500000000004,0.0,8.06
2021-11-04 22:00:56,244.27666666666667,183.57499999999996,17.58,66.19,278.77500000000003,0.0,7.08
2021-11-04 23:00:56,219.61,164.985,19.055,52.74,158.92499999999998,0.0,3.81
2021-11-05 00:00:56,196.55333333333334,146.35500000000002,17.74,45.375,140.88,0.0,3.13
2021-11-05 01:00:56,171.38,113.04,18.415,42.57,115.755,0.0,3.88
2021-11-05 02:00:56,164.58333333333331,90.54,24.790000000000003,41.395,132.28,0.0,2.99
2021-11-05 03:00:56,141.04333333333332,73.57,21.675,36.39,107.145,0.0,3.41
2021-11-05 04:00:56,128.73666666666668,63.27,22.995,40.574999999999996,86.185,0.0,2.7
2021-11-05 05:00:56,112.74666666666667,55.71,20.169999999999998,42.82,71.205,0.0,3.41
2021-11-05 06:00:56,78.91,47.085,17.515,41.465,62.17499999999999,0.0,3.08
2021-11-05 07:00:56,61.28333333333333,37.95,19.465,45.875,73.815,0.0,2.88
2021-11-05 08:00:56,57.04666666666667,32.355,17.34,49.26,92.88,0.0,3.68
2021-11-05 09:00:56,50.276666666666664,29.53,20.745,52.82,127.72000000000001,0.0,3.55
2021-11-05 10:00:56,51.846666666666664,38.275000000000006,24.375,67.5,163.73,0.0,4.15
2021-11-05 11:00:56,71.25,47.98,24.325000000000003,117.175,197.76999999999998,0.0,4.02
2021-11-05 12:00:56,76.57,44.31999999999999,5.375,70.795,139.565,0.0,4.67
2021-11-05 13:00:56,79.75,53.01500000000001,19.02,24.615,0.0,0.0,6.84
2021-11-05 14:00:56,97.02,57.580000000000005,35.315,112.435,222.6,0.0,8.45
2021-11-05 15:00:56,115.73666666666666,66.6,33.025,117.27499999999999,192.76999999999998,0.0,8.57
2021-11-05 16:00:56,120.23666666666668,74.52499999999999,34.37,69.28,116.44,0.0,8.01
2021-11-05 17:00:56,137.99333333333334,82.51,31.834999999999997,70.86,124.515,0.0,5.94
2021-11-05 18:00:56,141.58666666666667,87.245,21.44,68.95,135.22,0.0,4.26
2021-11-05 19:00:56,160.51,92.495,15.705,60.89000000000001,128.68,0.0,4.78
2021-11-05 20:00:56,173.09333333333333,93.79,14.5,60.550000000000004,139.905,0.0,4.79
2021-11-05 21:00:56,186.2266666666667,106.31,14.81,64.45,164.365,0.0,4.39
2021-11-05 22:00:56,171.71666666666667,107.00999999999999,16.61,62.745000000000005,149.58,0.0,3.61
2021-11-05 23:00:56,140.07333333333332,88.44,17.945,63.185,156.53,0.0,3.11
2021-11-06 00:00:56,115.58333333333333,73.92500000000001,24.11,61.48,175.10500000000002,0.0,3.53
2021-11-06 01:00:56,111.49666666666667,67.045,28.72,55.79,155.51,0.0,3.2
2021-11-06 02:00:56,98.21,57.215,28.28,53.455000000000005,123.44,0.0,3.59
2021-11-06 03:00:56,78.88333333333334,47.48,26.340000000000003,49.655,100.325,0.0,3.54
2021-11-06 04:00:56,68.15333333333334,43.32,21.99,49.695,90.585,0.0,3.41
2021-11-06 05:00:56,60.48,39.23,21.5,48.18,88.11000000000001,0.0,2.84
2021-11-06 06:00:56,63.04666666666667,31.905,21.554999999999996,46.074999999999996,94.63,0.0,2.72
2021-11-06 07:00:56,56.50333333333333,30.965,19.615,45.294999999999995,98.895,0.0,3.5
2021-11-06 08:00:56,65.96666666666667,29.97,29.004999999999995,49.91,129.195,0.0,3.34
2021-11-06 09:00:56,66.05,33.43,25.015,48.6,143.39999999999998,0.0,3.74
2021-11-06 10:00:56,55.15,36.13,26.974999999999998,50.395,137.865,0.0,3.18
2021-11-06 11:00:56,65.75,42.46,26.845,55.949999999999996,138.85999999999999,0.0,4.33
2021-11-06 12:00:56,85.74666666666667,54.68,28.424999999999997,60.725,135.97,0.0,5.23
2021-11-06 13:00:56,109.2,66.01,27.89,66.985,135.73000000000002,0.0,7.06
2021-11-06 14:00:56,129.23000000000002,75.605,36.23,78.0,143.46,0.0,10.38
2021-11-06 15:00:56,146.21666666666667,86.005,44.375,79.22500000000001,128.425,0.0,12.81
2021-11-06 16:00:56,135.00666666666666,89.33999999999999,21.63,61.73499999999999,92.5,0.0,14.37
2021-11-06 17:00:56,119.33333333333333,79.415,16.705000000000002,55.405,83.575,0.0,9.5
2021-11-06 18:00:56,101.35,72.935,15.905000000000001,75.875,165.03,0.0,5.06
2021-11-06 19:00:56,119.11666666666667,80.93,16.08,106.77499999999999,479.035,0.0,4.77
2021-11-06 20:00:56,157.86333333333334,95.455,16.555,106.64999999999999,541.005,0.0,6.23
2021-11-06 21:00:56,192.44,124.835,16.705,90.11,467.22499999999997,0.0,5.43
2021-11-06 22:00:56,211.13333333333333,140.825,16.32,71.085,361.60999999999996,0.0,4.7
2021-11-06 23:00:56,190.34,136.94,18.3,59.794999999999995,274.295,0.0,4.18
2021-11-07 00:00:56,180.9766666666667,125.24,17.959999999999997,54.29,262.6,0.0,4.64
2021-11-07 01:00:56,159.57666666666665,110.84499999999998,17.595,45.129999999999995,240.68999999999997,0.0,4.67
2021-11-07 02:00:56,158.66,112.39999999999999,48.224999999999994,43.345,195.905,0.0,5.25
2021-11-07 03:00:56,162.89333333333335,104.835,45.065,39.395,169.62,0.0,3.71
2021-11-07 04:00:56,168.44333333333333,97.17,34.655,39.07,173.14999999999998,0.0,4.39
2021-11-07 05:00:56,151.42333333333335,99.22500000000001,28.72,39.855,156.74,0.0,4.1
2021-11-07 06:00:56,145.72333333333333,85.26,24.45,36.81,145.34,0.0,2.87
2021-11-07 07:00:56,119.57333333333334,67.615,25.409999999999997,32.41,134.995,0.0,3.22
2021-11-07 08:00:56,119.58,64.835,24.74,36.435,156.37,0.0,3.49
2021-11-07 09:00:56,125.99666666666667,61.27,26.840000000000003,41.205000000000005,154.855,0.0,3.09
2021-11-07 10:00:56,132.24333333333334,67.1,37.15,50.75,161.78,0.0,3.25
2021-11-07 11:00:56,152.72,81.245,49.215,66.31,157.51,0.0,4.56
2021-11-07 12:00:56,156.18333333333334,90.46999999999998,46.30500000000001,51.395,94.75,0.0,7.52
2021-11-07 13:00:56,83.33666666666666,77.285,31.865,41.045,61.62,0.0,18.76
2021-11-07 14:00:56,65.45666666666666,60.160000000000004,14.54,28.295,40.295,0.0,35.63
2021-11-07 15:00:56,51.116666666666674,44.675000000000004,11.964999999999998,26.054999999999996,35.605,0.0,39.5
2021-11-07 16:00:56,39.016666666666666,35.095,10.325,39.525,61.464999999999996,0.0,29.33
2021-11-07 17:00:56,52.06666666666667,32.714999999999996,16.415,56.330000000000005,82.77499999999999,0.0,17.06
2021-11-07 18:00:56,63.443333333333335,36.160000000000004,15.995,92.96499999999999,258.45,0.0,6.07
2021-11-07 19:00:56,99.46000000000001,50.875,16.695,100.615,345.035,0.0,5.28
2021-11-07 20:00:56,152.47,69.995,18.675,100.36500000000001,357.925,0.0,5.16
2021-11-07 21:00:56,151.61,98.365,22.825000000000003,96.27499999999999,374.405,0.0,5.75
2021-11-07 22:00:56,164.15,110.59999999999998,23.575,86.11,291.16,0.0,5.64
2021-11-07 23:00:56,157.88,107.485,24.700000000000003,72.21000000000001,204.07000000000002,0.0,4.13
2021-11-08 00:00:56,133.86,95.52499999999999,20.77,66.785,235.55499999999998,0.0,5.47
2021-11-08 01:00:56,129.33666666666667,89.91000000000001,19.61,62.345,216.385,0.0,4.59
2021-11-08 02:00:56,116.11666666666667,85.75999999999999,16.84,52.81999999999999,170.505,0.0,4.97
2021-11-08 03:00:56,109.09,75.075,17.095,47.38999999999999,120.58,0.0,4.2
2021-11-08 04:00:56,102.50999999999999,68.555,16.584999999999997,42.77,130.665,0.0,4.19
2021-11-08 05:00:56,101.03,67.625,16.53,42.975,132.49,0.0,3.95
2021-11-08 06:00:56,105.36333333333333,70.285,18.345,42.175000000000004,120.795,0.0,4.45
2021-11-08 07:00:56,101.95,72.415,17.955,47.165,153.725,0.0,4.37
2021-11-08 08:00:56,96.1,71.445,16.814999999999998,54.81,237.12,0.0,4.49
2021-11-08 09:00:56,113.87666666666667,76.915,23.58,63.165,280.41,0.0,5.66
2021-11-08 10:00:56,137.36333333333334,89.7,39.46,84.185,262.695,0.0,5.21
2021-11-08 11:00:56,172.13333333333333,95.58999999999999,36.99,85.91000000000001,165.215,0.0,5.24
2021-11-08 12:00:56,207.66333333333336,96.995,72.64,89.685,151.09,0.0,7.87
2021-11-08 13:00:56,91.83333333333333,89.985,47.525000000000006,71.815,102.40500000000002,0.0,16.08
2021-11-08 14:00:56,75.16,71.965,39.395,65.48,86.94,0.0,30.22
2021-11-08 15:00:56,67.86333333333333,54.625,26.37,57.995000000000005,74.34,0.0,31.74
2021-11-08 16:00:56,60.41,40.294999999999995,18.91,45.794999999999995,63.07,0.0,29.01
2021-11-08 17:00:56,95.99,27.944999999999997,16.755,65.045,154.565,0.0,13.15
2021-11-08 18:00:56,95.39666666666666,11.735,16.615,109.955,363.47499999999997,0.0,4.59
2021-11-08 19:00:56,124.19666666666667,44.49,20.755,114.66000000000001,436.39000000000004,0.0,4.61
2021-11-08 20:00:56,158.81666666666666,58.335,21.790000000000003,112.71,497.96999999999997,0.0,5.17
2021-11-08 21:00:56,175.56666666666666,76.2,18.685,88.02,326.13,0.0,5.53
2021-11-08 22:00:56,168.11,73.515,20.32,85.0,330.165,0.0,5.71
2021-11-08 23:00:56,152.00666666666666,68.02499999999999,20.83,69.59,209.37,0.0,3.86
2021-11-09 00:00:56,125.44333333333333,69.475,20.205,72.825,273.995,0.0,6.58
2021-11-09 01:00:56,136.71666666666667,77.58,19.265,63.895,189.67999999999998,0.0,4.65
2021-11-09 02:00:56,119.69,74.665,17.674999999999997,50.900000000000006,155.45000000000002,0.0,5.06
2021-11-09 03:00:56,93.28666666666666,71.205,19.08,49.22,115.265,0.0,3.86
2021-11-09 04:00:56,87.42666666666668,55.26500000000001,20.64,44.035,84.72500000000001,0.0,4.08
2021-11-09 05:00:56,73.23333333333333,50.6,18.815,41.23,80.52,0.0,3.88
2021-11-09 06:00:56,61.36666666666667,45.215,18.965,40.855,79.045,0.0,3.33
2021-11-09 07:00:56,55.50666666666667,36.650000000000006,18.77,44.91,123.375,0.0,3.55
2021-11-09 08:00:56,65.73333333333333,47.52,18.400000000000002,61.52,238.76,0.0,4.39
2021-11-09 09:00:56,87.81,53.185,27.37,69.95,310.08500000000004,0.0,4.69
2021-11-09 10:00:56,106.99,58.76,37.95,91.05,279.17,0.0,4.92
2021-11-09 11:00:56,115.55333333333333,72.545,40.300000000000004,79.05499999999999,149.04,0.0,6.13
2021-11-09 12:00:56,128.66,67.985,54.775000000000006,61.365,104.75,0.0,13.08
2021-11-09 13:00:56,114.56666666666666,62.34,24.965000000000003,50.49,76.92500000000001,0.0,24.04
2021-11-09 14:00:56,78.33666666666667,37.165,22.565,41.24,56.5,0.0,30.66
2021-11-09 15:00:56,71.70333333333333,27.27,14.844999999999999,27.055000000000003,37.225,0.0,43.84
2021-11-09 16:00:56,63.22666666666667,15.195,13.905000000000001,28.959999999999997,38.05,0.0,41.48
2021-11-09 17:00:56,58.53,15.725,17.005,51.419999999999995,73.315,0.0,20.62
2021-11-09 18:00:56,57.69,18.13,20.05,88.86000000000001,164.315,0.0,8.96
2021-11-09 19:00:56,77.11333333333333,23.974999999999998,24.689999999999998,119.47000000000001,375.6000000000001,0.0,5.22
2021-11-09 20:00:56,117.85666666666667,40.795,29.319999999999997,101.88499999999999,231.54,0.0,4.91
2021-11-09 21:00:56,120.79666666666668,47.215,25.429999999999996,89.645,188.635,0.0,4.46
2021-11-09 22:00:56,105.42333333333333,48.17499999999999,22.320000000000004,94.13,302.98499999999996,0.0,6.79
2021-11-09 23:00:56,120.72666666666666,73.65,26.195000000000004,95.39999999999999,354.42,0.0,6.66
2021-11-10 00:00:56,139.29666666666668,99.575,31.015,85.71499999999999,241.205,0.0,5.4
2021-11-10 01:00:56,132.01333333333332,77.02,27.885,79.53,257.75,0.0,5.38
2021-11-10 02:00:56,108.85666666666667,70.915,34.99,73.53,214.85999999999999,0.0,4.21
2021-11-10 03:00:56,94.29666666666667,59.74,28.540000000000003,41.449999999999996,80.745,0.0,15.99
2021-11-10 04:00:56,86.88333333333333,49.895,16.66,18.785,27.024999999999995,0.0,19.99
2021-11-10 05:00:56,69.52333333333333,42.870000000000005,13.725,8.715,15.025,0.0,40.89
2021-11-10 06:00:56,40.86666666666667,29.74,13.205,7.755,13.94,0.0,39.71
2021-11-10 07:00:56,24.676666666666666,16.814999999999998,13.305,14.050000000000002,22.155,0.0,31.17
2021-11-10 08:00:56,16.803333333333335,9.924999999999999,13.695,27.89,41.91,0.0,27.39
2021-11-10 09:00:56,12.43,9.58,14.01,31.36,44.23500000000001,0.0,24.44
2021-11-10 10:00:56,10.793333333333335,10.42,14.425000000000002,28.895,44.475,0.0,24.06
2021-11-10 11:00:56,12.566666666666666,8.17,14.524999999999999,17.755,29.415000000000003,0.0,30.81
2021-11-10 12:00:56,12.686666666666667,10.005,14.36,14.69,25.195000000000004,0.0,35.38
2021-11-10 13:00:56,11.903333333333332,10.295,14.405000000000001,13.924999999999999,23.97,0.0,35.54
2021-11-10 14:00:56,11.436666666666667,6.114999999999999,13.37,15.020000000000001,24.875,0.0,38.86
2021-11-10 15:00:56,15.423333333333334,6.05,13.530000000000001,16.275,27.265,0.0,39.07
2021-11-10 16:00:56,14.446666666666667,4.665,16.26,22.820000000000004,39.685,0.0,32.1
2021-11-10 17:00:56,19.44,13.280000000000001,15.13,26.179999999999996,47.785000000000004,0.0,27.2
2021-11-10 18:00:56,21.77,14.43,15.839999999999998,27.084999999999997,40.080000000000005,0.0,33.54
2021-11-10 19:00:56,20.836666666666666,10.700000000000001,17.855,32.495000000000005,51.22,0.0,28.14
2021-11-10 20:00:56,25.69,6.54,20.2,28.435000000000002,45.975,0.0,30.2
2021-11-10 21:00:56,25.119999999999997,10.88,18.915,26.34,38.625,0.0,32.38
2021-11-10 22:00:56,20.65,8.275,19.715,29.899999999999995,43.67499999999999,0.0,29.35
2021-11-10 23:00:56,23.653333333333336,6.96,19.675,37.86,56.105,0.0,22.6
2021-11-11 00:00:56,20.57333333333333,14.575000000000001,16.305,44.75,64.955,0.0,12.14
2021-11-11 01:00:56,24.866666666666667,18.065,20.635,41.385,54.115,0.0,14.68
2021-11-11 02:00:56,30.869999999999997,15.18,18.505,23.535,34.005,0.0,20.82
2021-11-11 03:00:56,23.153333333333336,16.34,16.615,19.225,26.459999999999997,0.0,22.87
2021-11-11 04:00:56,20.003333333333334,10.56,15.735,24.885,33.355,0.0,22.19
2021-11-11 05:00:56,17.46333333333333,7.739999999999999,16.215,33.03,40.6,0.0,23.12
2021-11-11 06:00:56,15.166666666666666,6.87,17.97,30.709999999999997,39.330000000000005,0.0,26.08
2021-11-11 07:00:56,17.34,7.68,18.87,33.935,53.59,0.0,24.75
2021-11-11 08:00:56,19.12,11.465000000000002,19.855,59.925000000000004,114.815,0.0,10.51
2021-11-11 09:00:56,25.263333333333332,11.055,18.79,58.18,110.315,0.0,14.4
2021-11-11 10:00:56,31.643333333333334,12.63,16.105,37.08,58.205000000000005,0.0,25.83
2021-11-11 11:00:56,24.77,13.71,15.835,26.235,42.97,0.0,35.67
2021-11-11 12:00:56,20.17,9.34,15.229999999999999,27.595,47.435,0.0,35.88
2021-11-11 13:00:56,17.2,5.794999999999999,15.420000000000002,31.175,54.30500000000001,0.0,34.78
2021-11-11 14:00:56,16.256666666666668,3.84,15.1,22.565,37.69,0.0,44.28
2021-11-11 15:00:56,13.35,3.65,14.905000000000001,26.86,46.365,0.0,38.26
2021-11-11 16:00:56,17.86,2.8000000000000003,14.49,29.790000000000003,49.32,0.0,39.32
2021-11-11 17:00:56,24.126666666666665,3.115,16.0,31.735,50.065,0.0,37.07
2021-11-11 18:00:56,21.18,2.9599999999999995,17.44,37.505,58.324999999999996,0.0,32.6
2021-11-11 19:00:56,24.71,7.175000000000001,19.115,42.775,65.54,0.0,30.31
2021-11-11 20:00:56,18.593333333333334,8.0,23.674999999999997,44.755,66.24,0.0,26.23
2021-11-11 21:00:56,24.11,8.38,24.379999999999995,43.74,57.71,0.0,25.68
2021-11-11 22:00:56,27.573333333333334,14.62,23.165000000000003,59.405,82.065,0.0,13.17
2021-11-11 23:00:56,28.310000000000002,13.975,21.38,60.19,87.71499999999999,0.0,16.28
2021-11-12 00:00:56,29.206666666666667,19.35,21.34,60.620000000000005,95.105,0.0,10.13
2021-11-12 01:00:56,33.07,24.14,32.199999999999996,58.965,94.5,0.0,5.4
2021-11-12 02:00:56,40.53666666666667,26.005,27.75,54.245000000000005,84.155,0.0,5.08
2021-11-12 03:00:56,53.21333333333334,32.724999999999994,19.55,49.315,65.625,0.0,4.31
2021-11-12 04:00:56,43.82666666666667,34.324999999999996,16.98,46.66,60.665,0.0,5.15
2021-11-12 05:00:56,46.483333333333334,32.52,21.819999999999997,42.66,51.855,0.0,6.6
2021-11-12 06:00:56,56.51,35.03,18.63,43.165,57.85,0.0,6.34
2021-11-12 07:00:56,52.99,32.865,13.18,49.345,88.055,0.0,4.0
2021-11-12 08:00:56,41.233333333333334,29.36,13.825000000000001,49.77,119.125,0.0,3.82
2021-11-12 09:00:56,64.62666666666667,35.3,40.69,63.615,180.035,0.0,4.03
2021-11-12 10:00:56,81.34333333333333,46.055,35.34,63.199999999999996,159.295,0.0,6.43
2021-11-12 11:00:56,113.69,57.18,29.51,45.32,79.38499999999999,0.0,17.93
2021-11-12 12:00:56,95.86,51.18,25.379999999999995,52.285,83.60000000000001,0.0,21.17
2021-11-12 13:00:56,78.95333333333333,49.49,20.099999999999998,41.865,62.065000000000005,0.0,29.87
2021-11-12 14:00:56,67.32666666666667,39.53,19.555,39.315,62.97,0.0,30.63
2021-11-12 15:00:56,54.31333333333333,30.52,16.145,34.074999999999996,51.68000000000001,0.0,30.0
2021-11-12 16:00:56,48.89666666666667,24.895,15.579999999999998,34.115,53.855,0.0,31.96
2021-11-12 17:00:56,40.766666666666666,21.599999999999998,22.314999999999998,47.16,65.555,0.0,25.02
2021-11-12 18:00:56,46.17,21.135,22.754999999999995,88.995,194.38,0.0,9.42
2021-11-12 19:00:56,49.39333333333334,30.899999999999995,21.645,91.27499999999999,212.05000000000004,0.0,5.42
2021-11-12 20:00:56,66.76,49.550000000000004,23.08,93.77,244.06499999999997,0.0,6.42
2021-11-12 21:00:56,92.40666666666667,80.95,27.28,93.21,249.795,0.0,5.91
2021-11-12 22:00:56,110.75333333333333,94.995,17.85,79.56,243.30499999999998,0.0,8.02
2021-11-12 23:00:56,110.67333333333333,103.85000000000001,26.840000000000003,75.115,259.73,0.0,7.65
2021-11-13 00:00:56,126.37333333333333,108.03000000000002,36.54,70.835,236.86,0.0,6.17
2021-11-13 01:00:56,122.04333333333332,100.75,26.675,61.01499999999999,179.22,0.0,5.37
2021-11-13 02:00:56,112.80666666666667,88.085,30.26,58.755,168.125,0.0,4.67
2021-11-13 03:00:56,106.43666666666667,76.23,29.299999999999997,56.395,144.92499999999998,0.0,4.29
2021-11-13 04:00:56,97.76333333333332,70.77499999999999,20.41,50.669999999999995,135.035,0.0,3.95
2021-11-13 05:00:56,85.81666666666666,65.765,22.24,51.824999999999996,125.12,0.0,3.85
2021-11-13 06:00:56,82.38333333333334,59.395,20.335,48.535,106.16000000000001,0.0,3.9
2021-11-13 07:00:56,71.1,52.800000000000004,18.245,55.745,148.21,0.0,3.26
2021-11-13 08:00:56,64.87,50.550000000000004,20.85,63.245,204.82000000000002,0.0,4.06
2021-11-13 09:00:56,78.68666666666667,53.695,36.365,65.88,218.18999999999997,0.0,4.9
2021-11-13 10:00:56,111.83666666666667,71.415,52.48499999999999,85.065,220.775,0.0,4.28
2021-11-13 11:00:56,155.45000000000002,88.315,40.464999999999996,87.205,168.89999999999998,0.0,6.74
2021-11-13 12:00:56,151.39,89.45,35.965,82.22500000000001,133.895,0.0,14.63
2021-11-13 13:00:56,137.17666666666668,83.47500000000001,52.13999999999999,58.294999999999995,92.03000000000002,0.0,23.09
2021-11-13 14:00:56,107.02,64.045,18.79,36.835,54.44,0.0,30.24
2021-11-13 15:00:56,73.47,37.055,14.850000000000001,34.905,48.9,0.0,35.14
2021-11-13 16:00:56,53.803333333333335,24.37,17.135,49.27,69.075,0.0,27.23
2021-11-13 17:00:56,48.41,25.58,20.275000000000002,66.27,102.27,0.0,19.48
2021-11-13 18:00:56,61.45333333333333,24.115,22.865,135.19,441.805,0.0,4.67
2021-11-13 19:00:56,106.85,40.875,31.76,135.015,446.915,0.0,5.4
2021-11-13 20:00:56,140.88333333333333,70.685,32.31,117.96,363.71000000000004,0.0,6.51
2021-11-13 21:00:56,153.20666666666665,85.77999999999999,27.189999999999998,95.055,261.515,0.0,5.33
2021-11-13 22:00:56,158.95999999999998,91.44,25.515,96.77,376.48,0.0,8.47
2021-11-13 23:00:56,189.02,109.625,34.725,95.22499999999998,339.645,0.0,6.99
2021-11-14 00:00:56,179.91333333333333,110.44,28.87,79.265,214.74,0.0,5.86
2021-11-14 01:00:56,149.75333333333333,99.79,23.570000000000004,80.375,269.12,0.0,5.11
2021-11-14 02:00:56,146.74666666666667,105.38499999999999,26.424999999999997,76.63499999999999,245.10500000000002,0.0,4.43
2021-11-14 03:00:56,127.68666666666667,96.02,22.314999999999998,66.165,200.025,0.0,4.54
2021-11-14 04:00:56,116.05666666666667,87.14999999999999,26.560000000000002,67.785,190.64000000000001,0.0,4.38
2021-11-14 05:00:56,113.06,83.16499999999999,30.235,63.175000000000004,163.17499999999998,0.0,5.55
2021-11-14 06:00:56,97.73,75.745,24.080000000000002,53.96,111.59499999999998,0.0,3.18
2021-11-14 07:00:56,96.24666666666667,61.925000000000004,21.19,56.165,114.25,0.0,3.84
2021-11-14 08:00:56,92.56,57.949999999999996,23.959999999999997,61.60999999999999,162.26999999999998,0.0,3.32
2021-11-14 09:00:56,99.01333333333334,69.18,56.129999999999995,72.51,218.495,0.0,4.76
2021-11-14 10:00:56,108.75666666666666,83.28,54.800000000000004,77.015,176.80000000000004,0.0,4.59
2021-11-14 11:00:56,143.63666666666666,90.085,57.699999999999996,68.105,115.505,0.0,8.15
2021-11-14 12:00:56,133.77666666666667,84.94999999999999,42.18,61.125,94.52,0.0,14.0
2021-11-14 13:00:56,116.08,71.845,36.14,66.095,95.07,0.0,22.59
2021-11-14 14:00:56,104.59666666666668,60.185,32.395,47.15,61.67499999999999,0.0,35.19
2021-11-14 15:00:56,89.12666666666667,43.46,22.965,42.5,55.345,0.0,33.71
2021-11-14 16:00:56,68.23333333333333,35.47,23.560000000000002,57.73,77.935,0.0,21.64
2021-11-14 17:00:56,72.84666666666666,32.515,24.784999999999997,68.75999999999999,102.935,0.0,15.46
2021-11-14 18:00:56,74.34666666666666,36.985,22.66,116.2,225.955,0.0,9.32
2021-11-14 19:00:56,86.89666666666668,48.135,45.365,134.99,371.90000000000003,0.0,4.74
2021-11-14 20:00:56,120.71333333333334,66.755,48.1,115.67999999999999,273.67499999999995,0.0,5.62
2021-11-14 21:00:56,133.3,77.455,38.435,105.7,232.46,0.0,5.01
2021-11-14 22:00:56,126.19999999999999,86.7,40.74,103.795,270.68,0.0,4.53
2021-11-14 23:00:56,132.25,88.185,33.86,99.985,294.49,0.0,4.7
2021-11-15 00:00:56,136.58666666666667,96.03000000000002,33.65,101.625,321.035,0.0,5.62
2021-11-15 01:00:56,146.96,97.82,30.040000000000003,84.06,219.66,0.0,4.35
2021-11-15 02:00:56,136.97,95.745,25.340000000000003,82.5,239.88,0.0,5.48
2021-11-15 03:00:56,134.91,91.40000000000002,29.974999999999998,74.43,173.02999999999997,0.0,3.91
2021-11-15 04:00:56,113.99000000000001,77.32,29.960000000000004,67.655,129.63,0.0,4.56
2021-11-15 05:00:56,109.21333333333334,74.95,31.330000000000002,69.14,135.475,0.0,3.32
2021-11-15 06:00:56,105.68666666666667,72.625,26.345,65.44,147.615,0.0,3.95
2021-11-15 07:00:56,93.28333333333335,66.345,22.430000000000003,79.625,221.495,0.0,3.79
2021-11-15 08:00:56,102.39666666666668,72.205,25.730000000000004,90.73,290.55,0.0,4.1
2021-11-15 09:00:56,119.5,81.07,31.694999999999997,106.44,403.34999999999997,0.0,4.32
2021-11-15 10:00:56,150.45666666666665,95.16000000000001,43.330000000000005,109.55,325.31,0.0,4.7
2021-11-15 11:00:56,197.27666666666664,107.84499999999998,48.245000000000005,121.51499999999999,248.17999999999998,0.0,5.21
2021-11-15 12:00:56,188.42666666666668,110.08,36.73,100.34500000000001,152.92499999999998,0.0,8.71
2021-11-15 13:00:56,164.97666666666666,101.92,34.31,93.79,128.03,0.0,17.42
2021-11-15 14:00:56,141.43333333333334,88.435,35.11,82.77499999999999,106.21499999999999,0.0,23.26
2021-11-15 15:00:56,132.32,71.66,27.034999999999997,78.37,103.89999999999999,0.0,20.32
2021-11-15 16:00:56,120.34,57.225,25.965000000000003,73.005,93.305,0.0,23.47
2021-11-15 17:00:56,94.69333333333333,44.71,25.545,48.635,63.044999999999995,0.0,30.89
2021-11-15 18:00:56,72.69666666666667,35.765,20.5,44.81,59.09,0.0,27.49
2021-11-15 19:00:56,65.65333333333334,30.840000000000003,24.97,50.27,68.655,0.0,25.21
2021-11-15 20:00:56,59.58,31.310000000000002,22.650000000000002,36.120000000000005,49.645,0.0,29.99
2021-11-15 21:00:56,54.09,26.525000000000002,21.855,28.155,37.985,0.0,33.26
2021-11-15 22:00:56,45.86333333333333,24.125,19.36,26.175,35.83,0.0,30.45
2021-11-15 23:00:56,35.02,26.31,19.325000000000003,34.76,47.435,0.0,23.17
2021-11-16 00:00:56,37.03333333333333,28.47,28.115,34.949999999999996,43.785,0.0,24.99
2021-11-16 01:00:56,36.56666666666666,32.83,32.135,63.29,86.265,0.0,11.02
2021-11-16 02:00:56,49.593333333333334,39.015,31.485,71.39,95.27499999999999,0.0,5.43
2021-11-16 03:00:56,66.95333333333333,44.615,42.81,51.605,65.45,0.0,19.25
2021-11-16 04:00:56,67.31,47.26,30.45,31.985,42.625,0.0,28.23
2021-11-16 05:00:56,48.35666666666666,41.725,33.285,29.290000000000003,36.29,0.0,26.24
2021-11-16 06:00:56,47.45333333333333,36.27,25.735,24.035,31.36,0.0,25.91
2021-11-16 07:00:56,47.333333333333336,27.875,20.14,33.629999999999995,47.30500000000001,0.0,18.48
2021-11-16 08:00:56,37.07666666666667,25.105000000000004,22.135,56.635,90.955,0.0,14.3
2021-11-16 09:00:56,37.03333333333333,23.51,24.86,62.82,105.73,0.0,13.85
2021-11-16 10:00:56,49.24,23.799999999999997,27.939999999999998,53.1,98.88499999999999,0.0,20.42
2021-11-16 11:00:56,41.20333333333333,21.090000000000003,15.399999999999999,25.48,40.165,0.0,24.65
2021-11-16 12:00:56,34.163333333333334,17.15,15.61,26.66,40.055,0.0,25.06
2021-11-16 13:00:56,27.066666666666666,13.35,16.015,29.66,48.35,0.0,21.44
2021-11-16 14:00:56,29.613333333333333,8.46,12.92,30.725000000000005,53.074999999999996,0.0,19.63
2021-11-16 15:00:56,26.326666666666668,7.095,12.545,33.31,56.45000000000001,0.0,17.04
2021-11-16 16:00:56,20.686666666666667,7.88,13.375,34.435,55.074999999999996,0.0,19.41
2021-11-16 17:00:56,37.35666666666667,11.62,14.094999999999999,38.214999999999996,52.06,0.0,29.37
2021-11-16 18:00:56,47.95333333333333,15.04,18.98,61.495,93.955,0.0,33.9
2021-11-16 19:00:56,36.7,14.924999999999999,18.349999999999998,65.39,94.99000000000001,0.0,34.04
2021-11-16 20:00:56,38.88333333333333,13.990000000000002,20.155,60.995000000000005,86.61,0.0,33.0
2021-11-16 21:00:56,37.153333333333336,17.84,20.57,73.60000000000001,120.49000000000001,0.0,17.48
2021-11-16 22:00:56,41.64,22.209999999999997,20.14,71.02,121.94,0.0,12.04
2021-11-16 23:00:56,60.61333333333333,33.12,20.3,68.485,139.655,0.0,13.68
2021-11-17 00:00:56,73.53333333333333,40.945,28.560000000000002,63.775000000000006,141.475,0.0,6.32
2021-11-17 01:00:56,79.01,53.715,29.095,58.03,111.255,0.0,5.86
2021-11-17 02:00:56,92.23333333333333,58.669999999999995,35.735,57.07500000000001,99.335,0.0,5.56
2021-11-17 03:00:56,79.23,60.199999999999996,20.665,49.54,85.315,0.0,6.16
2021-11-17 04:00:56,68.88333333333334,56.49,32.125,47.98499999999999,73.815,0.0,4.49
2021-11-17 05:00:56,71.1,50.09,34.865,40.72,49.965,0.0,9.2
2021-11-17 06:00:56,68.13666666666666,43.85,25.28,45.285,63.23,0.0,8.17
2021-11-17 07:00:56,63.53666666666667,45.105,17.884999999999998,47.949999999999996,78.59,0.0,5.03
2021-11-17 08:00:56,67.08333333333333,51.76500000000001,26.64,55.455000000000005,115.27,0.0,4.64
2021-11-17 09:00:56,86.27,60.225,66.87,65.84,175.01,0.0,5.12
2021-11-17 10:00:56,105.89,70.91,55.24,72.465,183.64,0.0,6.36
2021-11-17 11:00:56,163.73666666666668,79.305,49.345,73.3,153.635,0.0,7.44
2021-11-17 12:00:56,145.40666666666667,81.47500000000001,50.04,69.545,118.79,0.0,18.42
2021-11-17 13:00:56,126.35666666666667,69.395,24.825000000000003,55.39000000000001,81.525,0.0,25.28
2021-11-17 14:00:56,108.31,58.725,19.86,33.72,48.129999999999995,0.0,35.72
2021-11-17 15:00:56,73.14666666666668,43.26500000000001,22.145,40.29,56.555,0.0,29.96
2021-11-17 16:00:56,62.31666666666666,31.175,17.33,51.065,68.145,0.0,18.66
2021-11-17 17:00:56,67.23333333333333,31.810000000000002,24.855,70.675,97.42999999999999,0.0,13.51
2021-11-17 18:00:56,83.87666666666667,41.14,30.185000000000002,108.755,243.39499999999998,0.0,6.84
2021-11-17 19:00:56,119.46666666666667,54.965,34.395,120.83,372.155,0.0,8.82
2021-11-17 20:00:56,144.33666666666667,68.44999999999999,38.245,105.99000000000001,266.22,0.0,6.76
2021-11-17 21:00:56,147.95999999999998,73.93,36.505,100.335,240.205,0.0,9.37
2021-11-17 22:00:56,146.42333333333335,72.895,23.555000000000003,89.065,236.65,0.0,12.65
2021-11-17 23:00:56,138.93,79.17999999999999,28.47,94.89999999999999,317.39,0.0,19.02
2021-11-18 00:00:56,135.68333333333334,83.29,25.730000000000004,84.565,282.10999999999996,0.0,15.45
2021-11-18 01:00:56,134.61,92.755,29.355,79.835,267.38,0.0,12.43
2021-11-18 02:00:56,126.40333333333332,106.7,23.33,71.47,205.715,0.0,11.92
2021-11-18 03:00:56,110.79333333333334,91.565,18.22,63.395,159.84,0.0,5.13
2021-11-18 04:00:56,100.42,87.85000000000001,23.709999999999997,62.23499999999999,162.26999999999998,0.0,4.8
2021-11-18 05:00:56,100.86666666666667,90.945,30.0,61.98,157.61,0.0,3.93
2021-11-18 06:00:56,105.01333333333334,91.985,30.655,59.6,135.135,0.0,3.7
2021-11-18 07:00:56,100.61333333333333,98.815,29.709999999999997,61.875,171.985,0.0,3.61
2021-11-18 08:00:56,94.10333333333334,94.72000000000001,28.340000000000003,77.27,270.25,0.0,3.7
2021-11-18 09:00:56,100.07333333333334,87.15500000000002,35.12,78.945,277.54,0.0,4.1
2021-11-18 10:00:56,112.92,97.44,54.715,94.455,266.43,0.0,4.22
2021-11-18 11:00:56,152.41666666666666,97.295,39.855,91.12,181.43999999999997,0.0,6.08
2021-11-18 12:00:56,180.78,95.55,40.83,100.505,168.95000000000002,0.0,10.64
2021-11-18 13:00:56,163.41,90.41000000000001,25.0,64.435,88.96,0.0,22.3
2021-11-18 14:00:56,120.93333333333334,68.915,19.97,48.1,65.45,0.0,25.23
2021-11-18 15:00:56,87.39333333333333,47.78,19.455000000000002,60.365,82.265,0.0,19.0
2021-11-18 16:00:56,75.56,38.385,19.2,66.72,89.05,0.0,18.0
2021-11-18 17:00:56,77.69,38.015,17.455,62.910000000000004,79.055,0.0,17.88
2021-11-18 18:00:56,107.43666666666667,48.82,23.195000000000004,132.86,372.825,0.0,5.7
2021-11-18 19:00:56,153.45666666666665,66.82000000000001,28.735,143.075,510.135,0.0,5.16
2021-11-18 20:00:56,198.5333333333333,88.985,41.02,132.25,420.76,0.0,5.28
2021-11-18 21:00:56,227.92666666666668,108.92,49.21000000000001,116.46499999999999,318.725,0.0,5.17
2021-11-18 22:00:56,198.75,117.71499999999999,29.7,107.31,338.215,0.0,6.56
2021-11-18 23:00:56,212.44666666666666,118.795,37.199999999999996,105.995,364.83500000000004,0.0,4.88
2021-11-19 00:00:56,187.29333333333332,119.445,32.8,91.12,254.80000000000004,0.0,4.32
2021-11-19 01:00:56,154.44333333333333,111.755,26.025000000000002,48.95000000000001,142.405,0.0,4.79
2021-11-19 02:00:56,142.86333333333334,102.7,22.525000000000002,42.84,104.22499999999998,0.0,4.14
2021-11-19 03:00:56,129.96,92.02499999999999,20.08,42.98499999999999,99.435,0.0,4.18
2021-11-19 04:00:56,103.35,81.065,18.38,41.565,72.925,0.0,4.2
2021-11-19 05:00:56,95.22333333333333,73.13499999999999,19.66,38.535,49.51,0.0,3.03
2021-11-19 06:00:56,96.51666666666668,64.425,20.405,34.3,43.695,0.0,5.91
2021-11-19 07:00:56,85.76333333333332,58.365,19.98,35.875,55.74,0.0,7.92
2021-11-19 08:00:56,75.89,56.76500000000001,20.95,49.975,132.95,0.0,3.02
2021-11-19 09:00:56,89.66333333333333,60.620000000000005,28.03,50.85999999999999,132.47,0.0,2.46
2021-11-19 10:00:56,146.32999999999998,71.825,71.92,51.330000000000005,113.93,0.0,3.86
2021-11-19 11:00:56,152.81666666666666,88.17,45.30500000000001,44.330000000000005,65.895,0.0,7.57
2021-11-19 12:00:56,133.42000000000002,80.88499999999999,29.995,62.605,87.39,0.0,11.48
2021-11-19 13:00:56,114.43333333333334,68.21499999999999,20.325,43.43000000000001,58.63,0.0,17.71
2021-11-19 14:00:56,100.41666666666667,57.88,17.02,51.065,80.955,0.0,11.97
2021-11-19 15:00:56,75.75333333333333,47.935,17.76,43.09,62.685,0.0,15.23
2021-11-19 16:00:56,63.88,36.545,19.175,42.645,58.615,0.0,17.11
2021-11-19 17:00:56,71.57333333333334,30.179999999999996,20.245,44.855,62.53,0.0,15.38
2021-11-19 18:00:56,69.81333333333333,24.395,22.05,53.21,71.695,0.0,13.26
2021-11-19 19:00:56,61.32333333333334,24.52,24.015,58.995000000000005,78.12,0.0,12.03
2021-11-19 20:00:56,51.20666666666667,28.52,21.2,51.405,71.53,0.0,12.44
2021-11-19 21:00:56,49.156666666666666,27.689999999999998,20.06,46.965,60.16,0.0,12.23
2021-11-19 22:00:56,40.129999999999995,27.175,15.625,50.85999999999999,68.49000000000001,0.0,7.51
2021-11-19 23:00:56,40.99333333333333,23.195000000000004,14.955,47.915,62.44,0.0,8.52
2021-11-20 00:00:56,31.766666666666666,19.724999999999998,15.085,36.495000000000005,48.31999999999999,0.0,9.88
2021-11-20 01:00:56,20.523333333333333,7.28,15.814999999999998,37.345,49.69,0.0,13.28
2021-11-20 02:00:56,18.196666666666665,4.0,14.495,40.815,52.169999999999995,0.0,13.93
2021-11-20 03:00:56,14.676666666666666,2.645,14.88,37.215,45.14000000000001,0.0,10.69
2021-11-20 04:00:56,18.716666666666665,8.09,15.160000000000002,33.405,40.815,0.0,9.07
2021-11-20 05:00:56,17.05,8.16,15.660000000000002,27.025000000000002,33.63,0.0,10.72
2021-11-20 06:00:56,22.26,11.795,18.47,35.965,45.785,0.0,8.35
2021-11-20 07:00:56,32.77666666666667,13.435,19.285,40.96,57.415,0.0,8.54
2021-11-20 08:00:56,37.43333333333334,15.265,19.07,57.655,99.26499999999999,0.0,3.35
2021-11-20 09:00:56,49.13666666666667,24.67,18.675,60.025,117.245,0.0,6.32
2021-11-20 10:00:56,35.22666666666667,30.87,21.14,45.315,72.37,0.0,11.49
2021-11-20 11:00:56,30.340000000000003,28.245,17.065,45.06,82.015,0.0,11.5
2021-11-20 12:00:56,28.406666666666666,27.790000000000003,16.425,41.46,69.81,0.0,10.97
2021-11-20 13:00:56,33.57333333333333,16.77,15.46,40.545,65.38,0.0,12.52
2021-11-20 14:00:56,36.736666666666665,10.185,18.2,40.855,58.87,0.0,13.41
2021-11-20 15:00:56,35.986666666666665,7.435,17.495,37.65,53.669999999999995,0.0,13.74
2021-11-20 16:00:56,31.89,8.25,17.745,44.580000000000005,61.26499999999999,0.0,13.4
2021-11-20 17:00:56,38.510000000000005,13.315,18.0,52.945,79.815,0.0,13.2
2021-11-20 18:00:56,41.66,12.594999999999999,15.530000000000001,60.665,90.13999999999999,0.0,11.8
2021-11-20 19:00:56,40.25333333333334,17.395,13.81,65.105,105.09499999999998,0.0,9.17
2021-11-20 20:00:56,54.32333333333333,28.365,15.604999999999999,77.03,153.385,0.0,4.98
2021-11-20 21:00:56,58.26,35.935,18.22,69.89999999999999,148.275,0.0,5.08
2021-11-20 22:00:56,78.75,45.81999999999999,21.94,74.36,172.09,0.0,5.34
2021-11-20 23:00:56,76.46000000000001,57.830000000000005,26.03,73.84,201.875,0.0,4.7
2021-11-21 00:00:56,100.24,71.37,24.855,73.11,220.295,0.0,5.22
2021-11-21 01:00:56,108.55,76.17,29.540000000000003,70.74,195.17,0.0,4.27
2021-11-21 02:00:56,121.58,74.33,23.564999999999998,59.99,126.75999999999999,0.0,4.76
2021-11-21 03:00:56,85.49666666666667,63.52,25.61,59.919999999999995,134.965,0.0,4.44
2021-11-21 04:00:56,75.04666666666667,49.425000000000004,21.935000000000002,51.98499999999999,97.74000000000001,0.0,4.18
2021-11-21 05:00:56,81.43333333333334,46.830000000000005,22.765,51.919999999999995,93.07,0.0,3.47
2021-11-21 06:00:56,80.16000000000001,50.64000000000001,21.295,48.650000000000006,87.76499999999999,0.0,4.93
2021-11-21 07:00:56,86.63666666666667,47.69499999999999,22.040000000000003,49.625,97.36500000000001,0.0,6.15
2021-11-21 08:00:56,87.18666666666667,48.475,21.12,53.169999999999995,105.66000000000001,0.0,5.49
2021-11-21 09:00:56,92.37666666666667,50.15,29.129999999999995,51.23499999999999,104.795,0.0,5.52
2021-11-21 10:00:56,112.50333333333333,62.785000000000004,34.415,42.285,73.545,0.0,7.91
2021-11-21 11:00:56,109.68333333333334,69.77,29.39,38.115,60.845,0.0,14.01
2021-11-21 12:00:56,85.12,62.845,20.33,29.88,43.175000000000004,0.0,17.25
2021-11-21 13:00:56,55.53,45.98500000000001,18.76,26.659999999999997,39.54,0.0,19.86
2021-11-21 14:00:56,41.32,28.865,17.88,26.36,39.42,0.0,20.77
2021-11-21 15:00:56,32.72666666666667,18.245,19.125,31.985,48.62,0.0,19.7
2021-11-21 16:00:56,31.31,12.415,20.95,38.295,58.94,0.0,17.43
2021-11-21 17:00:56,32.416666666666664,11.549999999999999,20.275000000000002,43.945,62.025000000000006,0.0,17.34
2021-11-21 18:00:56,37.92666666666667,14.495,18.84,90.05,193.98000000000002,0.0,8.9
2021-11-21 19:00:56,73.71000000000001,27.045,22.16,112.25999999999999,322.8,0.0,5.17
2021-11-21 20:00:56,103.41,53.615,21.035,98.79,275.67,0.0,5.7
2021-11-21 21:00:56,126.06,77.41,24.485,87.855,223.495,0.0,5.19
2021-11-21 22:00:56,118.28333333333333,73.265,24.765,78.97,215.98,0.0,4.58
2021-11-21 23:00:56,115.23,69.94,25.210000000000004,83.32,296.455,0.0,5.72
2021-11-22 00:00:56,135.01333333333332,90.03500000000001,22.115,77.09,268.845,0.0,4.79
2021-11-22 01:00:56,127.44999999999999,96.44500000000001,18.974999999999998,71.86500000000001,247.125,0.0,4.31
2021-11-22 02:00:56,130.88333333333333,95.55,17.49,66.895,211.17,0.0,3.74
2021-11-22 03:00:56,118.20333333333332,86.205,16.73,60.86000000000001,180.03999999999996,0.0,3.95
2021-11-22 04:00:56,108.73666666666668,79.11500000000001,17.63,58.330000000000005,152.155,0.0,3.68
2021-11-22 05:00:56,98.94,78.24,21.629999999999995,55.275000000000006,147.21,0.0,3.64
2021-11-22 06:00:56,107.69999999999999,82.07499999999999,33.585,57.38,150.44500000000002,0.0,2.74
2021-11-22 07:00:56,106.11,86.65500000000002,35.86,63.855,180.735,0.0,3.02
2021-11-22 08:00:56,106.95333333333333,85.805,29.51,69.21,219.365,0.0,3.29
2021-11-22 09:00:56,131.50333333333333,95.90499999999999,33.365,95.075,377.14000000000004,0.0,2.94
2021-11-22 10:00:56,162.07666666666665,120.515,41.31,109.765,408.45,0.0,4.48
2021-11-22 11:00:56,229.58,143.33,69.935,122.295,352.89000000000004,0.0,3.0
2021-11-22 12:00:56,273.0233333333333,149.085,47.21,84.59,167.94,0.0,12.64
2021-11-22 13:00:56,179.45,111.605,23.840000000000003,54.27,83.62,0.0,17.27
2021-11-22 14:00:56,107.18,69.63,24.655,58.73500000000001,80.145,0.0,15.61
2021-11-22 15:00:56,82.52666666666667,42.645,26.05,47.455000000000005,62.14000000000001,0.0,15.96
2021-11-22 16:00:56,64.78,34.57,25.439999999999998,41.145,55.19,0.0,16.43
2021-11-22 17:00:56,62.52333333333333,32.11,29.935000000000002,59.595,79.18,0.0,11.41
2021-11-22 18:00:56,69.23333333333333,32.865,25.209999999999997,112.305,290.45000000000005,0.0,4.78
2021-11-22 19:00:56,113.01666666666667,49.165,30.115,126.60000000000001,397.23499999999996,0.0,3.32
2021-11-22 20:00:56,136.20666666666668,76.67500000000001,36.115,119.28000000000002,371.165,0.0,3.58
2021-11-22 21:00:56,150.26,89.04,38.725,98.835,236.86,0.0,2.77
2021-11-22 22:00:56,144.32333333333332,91.78000000000002,29.125,100.105,315.19,0.0,3.65
2021-11-22 23:00:56,131.85,93.10000000000001,24.88,92.015,287.335,0.0,3.24
2021-11-23 00:00:56,131.27333333333334,96.73,31.905,84.685,203.84,0.0,2.69
2021-11-23 01:00:56,130.53,91.795,22.965,77.625,278.525,0.0,2.8
2021-11-23 02:00:56,128.57333333333332,97.49,35.54,79.52,234.9,0.0,2.47
2021-11-23 03:00:56,118.22666666666667,91.805,27.159999999999997,70.21,145.58,0.0,2.45
2021-11-23 04:00:56,108.92666666666666,80.675,23.700000000000003,68.03500000000001,197.67999999999998,0.0,2.84
2021-11-23 05:00:56,123.46333333333334,81.25999999999999,24.37,69.86500000000001,187.80499999999998,0.0,2.28
2021-11-23 06:00:56,102.91333333333333,77.85000000000001,22.629999999999995,64.35000000000001,151.845,0.0,2.16
2021-11-23 07:00:56,102.53333333333335,74.97000000000001,24.34,70.12,190.29,0.0,2.21
2021-11-23 08:00:56,107.62,72.095,23.650000000000002,90.67,298.79,0.0,1.9
2021-11-23 09:00:56,119.41666666666667,79.855,31.64,90.72500000000001,352.54,0.0,2.22
2021-11-23 10:00:56,172.45,96.815,68.395,106.635,347.98,0.0,2.67
2021-11-23 11:00:56,223.48333333333332,130.44,59.495000000000005,124.08999999999999,349.2749999999999,0.0,2.39
2021-11-23 12:00:56,287.79333333333335,157.05499999999998,47.195,134.11,350.24,0.0,2.44
2021-11-23 13:00:56,214.58333333333334,171.97000000000003,51.75,165.815,389.91499999999996,0.0,3.71
2021-11-23 14:00:56,242.95666666666668,197.67,83.3,166.44,386.16,0.0,3.19
2021-11-23 15:00:56,251.2266666666667,203.68999999999997,64.67,155.735,339.89,0.0,2.38
2021-11-23 16:00:56,327.02333333333337,184.57000000000002,59.544999999999995,123.565,218.21,0.0,5.86
2021-11-23 17:00:56,252.72666666666666,141.295,47.150000000000006,109.42,175.18999999999997,0.0,5.55
2021-11-23 18:00:56,208.4633333333333,120.815,42.31,140.24,437.52,0.0,3.22
2021-11-23 19:00:56,266.01,129.9,43.23,148.33999999999997,540.91,0.0,2.88
2021-11-23 20:00:56,265.7966666666667,137.895,42.184999999999995,129.18,439.49,0.0,2.65
2021-11-23 21:00:56,229.3533333333333,131.125,35.31,110.49,328.68,0.0,3.18
2021-11-23 22:00:56,213.73000000000002,118.815,31.155,112.185,378.85999999999996,0.0,4.28
2021-11-23 23:00:56,281.73,147.085,35.69,114.59999999999998,424.37999999999994,0.0,2.98
2021-11-24 00:00:56,266.37,153.01,40.010000000000005,97.5,272.16,0.0,2.5
2021-11-24 01:00:56,188.6033333333333,123.08,30.72,81.185,204.98,0.0,4.42
2021-11-24 02:00:56,160.08666666666667,98.69,32.125,83.345,165.54999999999998,0.0,2.51
2021-11-24 03:00:56,127.30000000000001,75.38499999999999,25.689999999999998,47.68,59.615,0.0,10.37
2021-11-24 04:00:56,83.79666666666667,53.699999999999996,22.75,43.635,53.115,0.0,6.31
2021-11-24 05:00:56,72.00333333333333,47.655,22.040000000000003,53.72,64.175,0.0,4.89
2021-11-24 06:00:56,56.739999999999995,37.915,19.275,50.01,62.919999999999995,0.0,4.95
2021-11-24 07:00:56,50.03,31.765,19.205,60.315,90.83,0.0,3.97
2021-11-24 08:00:56,48.376666666666665,32.555,17.075,61.315,96.86,0.0,2.46
2021-11-24 09:00:56,63.50666666666667,43.385,17.099999999999998,72.39,171.75,0.0,1.91
2021-11-24 10:00:56,85.28999999999999,55.89000000000001,21.595,75.92500000000001,168.55,0.0,1.65
2021-11-24 11:00:56,96.15,68.07000000000001,21.955,76.935,171.985,0.0,3.25
2021-11-24 12:00:56,82.87,62.46,19.735,40.785,58.385,0.0,14.87
2021-11-24 13:00:56,44.60333333333333,43.225,18.895,38.305,53.395,0.0,16.56
2021-11-24 14:00:56,27.450000000000003,13.854999999999999,20.61,35.96,51.400000000000006,0.0,15.54
2021-11-24 15:00:56,23.816666666666666,16.145,18.86,33.905,49.254999999999995,0.0,14.35
2021-11-24 16:00:56,24.3,9.82,18.275,35.165,51.91,0.0,12.52
2021-11-24 17:00:56,17.24,5.305,18.8,31.515,45.02,0.0,14.0
2021-11-24 18:00:56,15.81,5.435,19.365,30.399999999999995,44.72,0.0,13.32
2021-11-24 19:00:56,22.453333333333333,8.63,20.49,28.709999999999997,42.81,0.0,13.36
2021-11-24 20:00:56,20.693333333333335,7.8950000000000005,20.99,26.625,38.49,0.0,14.49
2021-11-24 21:00:56,15.92,5.995,19.12,23.08,32.655,0.0,15.2
2021-11-24 22:00:56,13.51,5.864999999999999,17.91,21.235,31.365,0.0,15.28
2021-11-24 23:00:56,19.006666666666668,8.44,17.585,23.235,33.845,0.0,13.72
2021-11-25 00:00:56,16.196666666666665,8.05,16.66,23.064999999999998,31.584999999999997,0.0,13.2
2021-11-25 01:00:56,12.32,4.555,16.05,18.53,26.209999999999997,0.0,14.18
2021-11-25 02:00:56,10.309999999999999,3.99,15.6,15.18,22.429999999999996,0.0,14.96
2021-11-25 03:00:56,11.403333333333332,2.77,15.225,12.925000000000002,19.055,0.0,16.26
2021-11-25 04:00:56,11.746666666666666,3.965,14.579999999999998,11.200000000000001,17.185000000000002,0.0,15.79
2021-11-25 05:00:56,11.53,3.6799999999999997,14.784999999999998,11.344999999999999,17.16,0.0,15.24
2021-11-25 06:00:56,8.34,4.260000000000001,14.709999999999999,11.365,17.545,0.0,15.05
2021-11-25 07:00:56,7.566666666666666,1.5650000000000002,14.645000000000001,16.675,25.814999999999998,0.0,13.31
2021-11-25 08:00:56,7.596666666666667,1.3549999999999998,14.88,26.495,38.99,0.0,11.94
2021-11-25 09:00:56,16.72,4.5249999999999995,15.520000000000001,34.265,50.20000000000001,0.0,11.23
2021-11-25 10:00:56,16.43,5.255,15.75,34.68,51.345,0.0,10.94
2021-11-25 11:00:56,17.173333333333332,6.685,17.09,31.304999999999996,46.99,0.0,11.61
2021-11-25 12:00:56,20.183333333333334,5.4750000000000005,16.68,29.0,44.81,0.0,11.26
2021-11-25 13:00:56,21.423333333333336,4.72,16.535,35.04,57.02,0.0,10.01
2021-11-25 14:00:56,16.37,7.75,18.055,37.67,63.23,0.0,9.44
2021-11-25 15:00:56,14.88,1.7749999999999997,16.814999999999998,36.580000000000005,59.964999999999996,0.0,9.86
2021-11-25 16:00:56,16.546666666666667,2.09,14.765,42.57,71.155,0.0,8.36
2021-11-25 17:00:56,15.806666666666667,5.295,17.455,44.169999999999995,70.23,0.0,7.62
2021-11-25 18:00:56,23.386666666666667,7.655,16.94,57.71,100.885,0.0,6.49
2021-11-25 19:00:56,24.566666666666666,8.605,15.775,62.29,106.21,0.0,6.26
2021-11-25 20:00:56,52.92,36.835,15.695,55.169999999999995,93.105,0.0,5.87
2021-11-25 21:00:56,53.25666666666666,36.505,17.77,50.635,86.93,0.0,5.19
2021-11-25 22:00:56,36.526666666666664,27.560000000000002,18.15,47.04999999999999,70.005,0.0,7.6
2021-11-25 23:00:56,30.07333333333333,18.085,15.905000000000001,49.18,70.86,0.0,8.05
2021-11-26 00:00:56,28.61,16.294999999999998,15.93,53.505,66.99,0.0,7.59
2021-11-26 01:00:56,36.596666666666664,18.34,15.475,37.91,46.585,0.0,10.43
2021-11-26 02:00:56,38.2,19.575,14.635,26.790000000000003,33.205,0.0,11.87
2021-11-26 03:00:56,26.259999999999998,13.92,16.095,42.550000000000004,55.20000000000001,0.0,10.76
2021-11-26 04:00:56,22.090000000000003,9.145,15.594999999999999,22.375,29.39,0.0,12.61
2021-11-26 05:00:56,17.22,6.88,15.255,15.225,21.105,0.0,14.77
2021-11-26 06:00:56,15.41,6.805,14.825000000000001,13.765,19.525,0.0,14.87
2021-11-26 07:00:56,15.776666666666667,7.27,14.209999999999999,18.75,26.209999999999997,0.0,14.49
2021-11-26 08:00:56,15.200000000000001,9.125,14.284999999999998,29.8,39.1,0.0,11.89
2021-11-26 09:00:56,19.216666666666665,6.095,17.685000000000002,63.475,84.625,0.0,8.15
2021-11-26 10:00:56,40.41,23.575,17.52,61.5,86.35000000000001,0.0,9.22
2021-11-26 11:00:56,45.096666666666664,30.27,17.68,36.585,49.885,0.0,11.89
2021-11-26 12:00:56,32.846666666666664,24.86,16.11,27.36,37.49,0.0,13.14
2021-11-26 13:00:56,27.143333333333334,16.4,16.095,29.135,39.35,0.0,11.78
2021-11-26 14:00:56,24.946666666666665,10.714999999999998,16.505,24.625,34.65,0.0,13.33
2021-11-26 15:00:56,21.5,9.83,18.34,22.524999999999995,32.965,0.0,13.9
2021-11-26 16:00:56,20.85,8.235,15.68,32.629999999999995,45.6,0.0,12.26
2021-11-26 17:00:56,27.04,7.925,15.104999999999999,53.73,79.355,0.0,9.16
2021-11-26 18:00:56,38.05,25.795,15.590000000000002,109.75,231.01,0.0,4.11
2021-11-26 19:00:56,90.04666666666667,55.855,19.755,118.075,333.875,0.0,2.76
2021-11-26 20:00:56,118.57666666666667,67.42,28.224999999999998,107.165,266.99,0.0,2.8
2021-11-26 21:00:56,141.21,78.31,23.215000000000003,111.58999999999999,387.375,0.0,3.14
2021-11-26 22:00:56,100.24000000000001,42.165,23.810000000000002,40.285,129.205,0.0,0.0
2021-11-26 23:00:56,87.08999999999999,43.05500000000001,30.320000000000004,43.165,128.235,0.0,0.0
2021-11-27 00:00:56,75.23666666666668,42.085,29.144999999999996,29.165000000000003,91.49000000000001,0.0,0.0
2021-11-27 01:00:56,61.25,33.855,23.365,27.435000000000002,69.9,0.0,0.0
2021-11-27 02:00:56,69.81333333333333,26.179999999999996,35.699999999999996,35.53,111.88499999999999,0.0,0.0
2021-11-27 03:00:56,51.97,29.429999999999996,27.935000000000002,23.225000000000005,68.405,0.0,0.0
2021-11-27 04:00:56,47.81333333333333,30.595,29.865,24.495000000000005,48.38499999999999,0.0,0.0
2021-11-27 05:00:56,49.91,27.340000000000003,30.75,24.965000000000003,36.845,0.0,0.0
2021-11-27 06:00:56,59.01,28.385,27.274999999999995,25.425,49.129999999999995,0.0,0.0
2021-11-27 07:00:56,42.81,34.385,25.070000000000004,24.504999999999995,48.085,0.0,0.0
2021-11-27 08:00:56,57.60333333333333,37.72,28.709999999999997,31.51,75.595,0.0,0.0
2021-11-27 09:00:56,115.07333333333334,91.23,24.92,72.64,227.095,0.0,2.36
2021-11-27 10:00:56,135.6,95.065,29.405,81.205,303.46000000000004,0.0,2.24
2021-11-27 11:00:56,138.70666666666668,102.925,40.065,90.675,282.135,0.0,2.14
2021-11-27 12:00:56,132.11,105.64,38.73,123.605,366.14000000000004,0.0,3.27
2021-11-27 13:00:56,188.08666666666667,134.60500000000002,40.455,155.17000000000002,423.60999999999996,0.0,3.28
2021-11-27 14:00:56,262.34,178.47500000000002,39.895,170.585,416.595,0.0,3.27
2021-11-27 15:00:56,328.78333333333336,209.625,46.685,173.42499999999998,465.27500000000003,0.0,3.2
2021-11-27 16:00:56,330.68,207.4,50.830000000000005,125.585,308.045,0.0,1.82
2021-11-27 17:00:56,252.54,162.315,25.28,46.919999999999995,68.165,0.0,18.81
2021-11-27 18:00:56,131.80666666666667,99.55,19.645,61.31,89.69999999999999,0.0,9.5
2021-11-27 19:00:56,98.85,58.23499999999999,25.929999999999996,84.675,137.12,0.0,3.66
2021-11-27 20:00:56,80.30333333333334,41.255,29.735,100.46999999999998,208.975,0.0,2.47
2021-11-27 21:00:56,79.03999999999999,39.11,31.135,98.46,207.66,0.0,2.16
2021-11-27 22:00:56,74.94,44.785,59.285,97.755,219.97,0.0,2.95
2021-11-27 23:00:56,64.52000000000001,49.865,35.245000000000005,71.00999999999999,122.95499999999998,0.0,8.7
2021-11-28 00:00:56,54.29666666666667,43.85999999999999,27.405,72.88,121.085,0.0,3.35
2021-11-28 01:00:56,60.63666666666667,45.22,25.12,40.215,52.49,0.0,17.57
2021-11-28 02:00:56,45.51,45.945,22.38,37.365,49.905,0.0,14.43
2021-11-28 03:00:56,44.553333333333335,39.505,19.935,58.72,79.72,0.0,3.61
2021-11-28 04:00:56,51.54666666666667,38.005,21.849999999999998,56.35999999999999,74.94999999999999,0.0,5.47
2021-11-28 05:00:56,40.16,36.725,19.665,56.56999999999999,69.83,0.0,5.39
2021-11-28 06:00:56,29.93,29.52,19.565,58.98499999999999,80.80000000000001,0.0,3.58
2021-11-28 07:00:56,26.326666666666668,20.19,21.07,54.655,71.935,0.0,5.28
2021-11-28 08:00:56,28.34,15.104999999999999,20.42,62.905,98.93,0.0,4.72
2021-11-28 09:00:56,30.316666666666666,17.45,19.385,42.235,54.089999999999996,0.0,9.34
2021-11-28 10:00:56,28.873333333333335,18.625,17.84,69.68,126.25,0.0,4.81
2021-11-28 11:00:56,33.486666666666665,21.09,21.555000000000003,65.22,97.125,0.0,5.94
2021-11-28 12:00:56,52.376666666666665,25.92,23.825,66.57,100.19,0.0,9.13
2021-11-28 13:00:56,51.88333333333333,30.135,33.755,69.185,103.685,0.0,7.54
2021-11-28 14:00:56,45.70666666666666,28.095,36.5,60.77,94.455,0.0,7.29
2021-11-28 15:00:56,35.25,25.505,20.28,29.915000000000003,41.55,0.0,15.04
2021-11-28 16:00:56,29.656666666666666,22.274999999999995,21.044999999999998,44.27,71.415,0.0,10.2
2021-11-28 17:00:56,26.333333333333332,23.64,16.415,37.18,45.995,0.0,13.34
2021-11-28 18:00:56,31.78333333333333,19.925,14.285000000000002,30.02,37.935,0.0,17.41
2021-11-28 19:00:56,18.043333333333333,15.495,22.83,48.715,59.885,0.0,11.1
2021-11-28 20:00:56,23.516666666666666,16.135,48.29,67.075,97.8,0.0,7.37
2021-11-28 21:00:56,65.68666666666667,24.150000000000002,57.26500000000001,94.305,182.635,0.0,2.61
2021-11-28 22:00:56,78.37666666666667,38.005,38.635,83.27499999999999,183.23000000000002,0.0,2.83
2021-11-28 23:00:56,81.03,45.49,31.36,86.29,205.585,0.0,4.17
2021-11-29 00:00:56,85.93333333333334,44.535,28.24,83.755,166.58,0.0,2.81
2021-11-29 01:00:56,81.2,39.0,42.05500000000001,71.175,105.10000000000001,0.0,4.08
2021-11-29 02:00:56,67.24666666666667,35.1,32.035,64.76,85.675,0.0,4.59
2021-11-29 03:00:56,58.54333333333334,26.774999999999995,23.554999999999996,58.9,76.79,0.0,4.59
2021-11-29 04:00:56,53.03666666666667,27.615,22.03,49.525,68.17,0.0,10.09
2021-11-29 05:00:56,56.053333333333335,30.320000000000004,22.400000000000002,53.39000000000001,73.78,0.0,6.59
2021-11-29 06:00:56,54.18,29.03,23.67,59.5,79.35,0.0,3.88
2021-11-29 07:00:56,58.89666666666667,50.155,26.615,69.71,122.65500000000002,0.0,2.9
2021-11-29 08:00:56,66.58666666666666,50.71,26.965,80.19,222.23000000000002,0.0,2.56
2021-11-29 09:00:56,85.94666666666667,58.150000000000006,33.605,110.74000000000001,445.75499999999994,0.0,2.48
2021-11-29 10:00:56,106.06666666666666,70.00999999999999,41.49,113.06,455.18,0.0,2.31
2021-11-29 11:00:56,119.08666666666666,81.415,43.01,115.54,380.72499999999997,0.0,2.9
2021-11-29 12:00:56,155.75,92.295,71.88,119.895,329.18,0.0,2.63
2021-11-29 13:00:56,196.76333333333332,102.08,95.125,111.73,247.39499999999998,0.0,2.76
2021-11-29 14:00:56,187.7266666666667,98.37,52.945,96.21,205.40499999999997,0.0,3.62
2021-11-29 15:00:56,188.16,76.59,19.305,33.63,51.85,0.0,18.94
2021-11-29 16:00:56,105.84666666666666,41.1,16.785,30.12,41.08,0.0,19.3
2021-11-29 17:00:56,68.63333333333333,26.515,15.4,28.28,36.405,0.0,16.59
2021-11-29 18:00:56,61.87,18.215,15.774999999999999,35.315,44.965,0.0,13.99
2021-11-29 19:00:56,63.75333333333333,15.875,15.265,32.41,41.455,0.0,13.2
2021-11-29 20:00:56,55.10333333333333,15.410000000000002,15.395000000000001,27.48,37.255,0.0,14.89
2021-11-29 21:00:56,56.08333333333333,16.825,19.47,27.67,35.665,0.0,14.59
2021-11-29 22:00:56,63.64666666666667,19.27,18.735,26.67,33.535,0.0,13.98
2021-11-29 23:00:56,56.56999999999999,20.675,18.22,22.395,29.070000000000004,0.0,13.97
2021-11-30 00:00:56,55.14666666666667,14.935000000000002,27.13,22.41,28.865,0.0,13.72
2021-11-30 01:00:56,62.916666666666664,20.075,16.91,15.520000000000001,22.26,0.0,13.09
2021-11-30 02:00:56,68.93,21.355,13.550000000000002,9.475,14.99,0.0,14.29
2021-11-30 03:00:56,68.75,14.085,13.089999999999998,8.355,13.785000000000002,0.0,13.36
2021-11-30 04:00:56,67.38333333333333,14.13,13.195,7.609999999999999,13.199999999999998,0.0,13.67
2021-11-30 05:00:56,81.09,14.4,16.12,10.5,15.925000000000002,0.0,13.87
2021-11-30 06:00:56,86.07,17.785,13.295,8.545,14.200000000000001,0.0,17.84
2021-11-30 07:00:56,47.2,14.625,13.450000000000001,7.864999999999999,13.725,0.0,18.89
2021-11-30 08:00:56,29.403333333333332,13.094999999999999,14.765,14.15,20.540000000000003,0.0,21.42
2021-11-30 09:00:56,18.983333333333334,10.495,14.005,25.06,34.074999999999996,0.0,17.99
2021-11-30 10:00:56,18.78333333333333,7.400000000000001,15.945,46.35999999999999,71.34,0.0,14.6
2021-11-30 11:00:56,17.116666666666667,6.6000000000000005,17.505,42.565,61.160000000000004,0.0,14.0
2021-11-30 12:00:56,19.676666666666666,5.065,24.76,51.89000000000001,70.385,0.0,11.58
2021-11-30 13:00:56,32.88,8.030000000000001,37.425000000000004,54.88,76.74,0.0,11.05
2021-11-30 14:00:56,58.620000000000005,17.689999999999998,24.650000000000002,34.04,49.275,0.0,12.16
2021-11-30 15:00:56,57.39333333333333,15.28,16.535,18.05,25.655,0.0,30.85
2021-11-30 16:00:56,102.49666666666666,12.555,17.835,16.405,23.295,0.0,45.44
2021-11-30 17:00:56,149.85,14.280000000000001,17.0,14.32,21.325000000000003,0.0,51.94
2021-11-30 18:00:56,98.82,9.945,13.11,14.595,21.810000000000002,0.0,51.36
2021-11-30 19:00:56,56.9,9.13,13.424999999999999,14.13,20.71,0.0,57.24
2021-11-30 20:00:56,42.67666666666667,10.215,14.82,14.555,20.965,0.0,57.75
2021-11-30 21:00:56,27.806666666666665,8.235,13.995,17.535,24.47,0.0,61.99
2021-11-30 22:00:56,19.863333333333333,6.015,14.945,21.72,28.52,0.0,63.12
2021-11-30 23:00:56,22.443333333333335,10.49,17.325,17.61,24.05,0.0,56.08
2021-12-01 00:00:56,21.723333333333333,12.035000000000002,16.265,13.72,20.07,0.0,60.98
2021-12-01 01:00:56,20.68,7.515000000000001,18.525000000000002,18.05,24.429999999999996,0.0,64.88
2021-12-01 02:00:56,18.696666666666665,8.450000000000001,17.474999999999998,11.68,17.6,0.0,67.51
2021-12-01 03:00:56,12.88,6.98,15.540000000000001,10.5,16.595,0.0,54.02
2021-12-01 04:00:56,13.0,7.22,15.350000000000001,10.520000000000001,16.13,0.0,50.12
2021-12-01 05:00:56,13.879999999999999,9.88,15.964999999999998,9.155,14.955,0.0,59.56
2021-12-01 06:00:56,12.44,8.26,14.479999999999999,9.56,15.455,0.0,56.8
2021-12-01 07:00:56,10.716666666666669,6.53,14.695,25.545,41.285000000000004,0.0,61.81
2021-12-01 08:00:56,18.053333333333335,8.015,18.52,35.165,51.115,0.0,59.64
2021-12-01 09:00:56,27.006666666666668,8.125,22.849999999999998,52.870000000000005,79.34,0.0,63.03
2021-12-01 10:00:56,37.27333333333333,11.655,19.76,43.395,62.330000000000005,0.0,57.28
2021-12-01 11:00:56,41.53333333333333,9.825,15.36,17.650000000000002,27.605,0.0,60.7
2021-12-01 12:00:56,31.336666666666666,11.35,14.805,16.36,26.465,0.0,61.84
2021-12-01 13:00:56,26.396666666666665,11.11,15.065,20.765,31.115,0.0,48.61
2021-12-01 14:00:56,21.56,7.93,14.725,19.705,28.72,0.0,59.82
2021-12-01 15:00:56,20.883333333333333,5.665,14.145000000000001,13.955,22.665000000000003,0.0,47.21
2021-12-01 16:00:56,26.866666666666667,6.54,13.99,17.725,27.28,0.0,67.97
2021-12-01 17:00:56,26.163333333333334,7.875,14.0,23.895,33.625,0.0,55.12
2021-12-01 18:00:56,24.346666666666668,10.185,13.805,36.75,48.01000000000001,0.0,55.15
2021-12-01 19:00:56,34.00666666666667,10.505,17.91,53.32,68.86500000000001,0.0,51.38
2021-12-01 20:00:56,40.04333333333334,15.229999999999999,19.01,39.675,49.785,0.0,62.92
2021-12-01 21:00:56,33.39666666666667,20.455,14.810000000000002,22.150000000000002,31.040000000000003,0.0,64.53
2021-12-01 22:00:56,26.696666666666665,19.185,16.245,22.76,31.209999999999997,0.0,48.52
2021-12-01 23:00:56,30.61,13.699999999999998,14.535000000000002,20.915000000000003,28.97,0.0,55.86
2021-12-02 00:00:56,22.306666666666665,12.594999999999999,17.655,19.724999999999998,27.415000000000003,0.0,60.86
2021-12-02 01:00:56,21.673333333333332,10.68,16.43,17.945,24.88,0.0,58.2
2021-12-02 02:00:56,15.05,7.98,16.105,18.155,26.834999999999997,0.0,57.72
2021-12-02 03:00:56,14.173333333333332,7.8500000000000005,16.74,13.12,19.585,0.0,56.71
2021-12-02 04:00:56,18.193333333333335,6.395,17.37,13.4,19.84,0.0,58.62
2021-12-02 05:00:56,17.79,6.77,15.214999999999998,12.65,18.77,0.0,52.98
2021-12-02 06:00:56,14.126666666666669,6.325,16.135,15.25,21.665000000000003,0.0,63.33
2021-12-02 07:00:56,14.486666666666666,8.595,18.625,26.040000000000003,35.54,0.0,67.12
2021-12-02 08:00:56,18.05,12.565,14.979999999999999,41.855,60.895,0.0,49.73
2021-12-02 09:00:56,23.25,10.385,18.02,52.725,74.545,0.0,37.19
2021-12-02 10:00:56,45.81666666666666,10.924999999999999,26.11,45.285,65.075,0.0,55.45
2021-12-02 11:00:56,42.9,20.205,16.900000000000002,24.560000000000002,37.515,0.0,58.62
2021-12-02 12:00:56,33.35333333333333,21.48,14.704999999999998,18.3,28.55,0.0,59.36
2021-12-02 13:00:56,28.26,16.275000000000002,15.949999999999998,16.28,25.59,0.0,51.87
2021-12-02 14:00:56,27.64333333333333,16.025,14.475000000000001,14.39,22.58,0.0,56.39
2021-12-02 15:00:56,22.703333333333333,13.15,16.805,15.44,24.320000000000004,0.0,58.46
2021-12-02 16:00:56,19.436666666666667,12.75,14.665,19.455,28.58,0.0,56.78
2021-12-02 17:00:56,24.153333333333336,8.16,14.354999999999999,33.09,43.885,0.0,53.65
2021-12-02 18:00:56,26.273333333333333,9.655,18.965,65.535,82.71,0.0,54.85
2021-12-02 19:00:56,44.39,11.445,21.31,81.705,115.565,0.0,51.36
2021-12-02 20:00:56,63.53,25.41,32.525,98.88499999999999,218.94500000000002,0.0,52.41
2021-12-02 21:00:56,82.36666666666667,48.215,35.625,88.88,193.95000000000002,0.0,63.26
2021-12-02 22:00:56,87.77,58.5,41.879999999999995,84.0,155.44,0.0,67.44
2021-12-02 23:00:56,88.20666666666666,52.255,22.23,76.96,170.53,0.0,60.15
2021-12-03 00:00:56,80.27,55.495000000000005,27.26,73.835,150.77,0.0,59.15
2021-12-03 01:00:56,79.82333333333334,50.47,17.47,66.21000000000001,135.07,0.0,55.58
2021-12-03 02:00:56,79.77,47.70000000000001,15.115,60.080000000000005,135.265,0.0,49.93
2021-12-03 03:00:56,83.88666666666667,49.46,15.49,60.195,119.05499999999999,0.0,53.81
2021-12-03 04:00:56,75.58666666666667,45.285,14.305,56.585,111.26499999999999,0.0,72.74
2021-12-03 05:00:56,69.60000000000001,51.04,18.765,53.745,93.36500000000001,0.0,49.08
2021-12-03 06:00:56,66.99333333333334,52.125,35.08,53.18,97.09499999999998,0.0,70.34
2021-12-03 07:00:56,64.13666666666667,54.285,23.105,58.525000000000006,124.88499999999999,0.0,49.72
2021-12-03 08:00:56,69.46,58.26,20.57,78.505,227.68999999999997,0.0,59.66
2021-12-03 09:00:56,89.61666666666667,62.125,32.15,82.335,313.15000000000003,0.0,57.14
2021-12-03 10:00:56,125.73666666666668,79.50999999999999,69.25,89.71499999999999,271.17,0.0,60.42
2021-12-03 11:00:56,160.11,95.925,103.63,92.895,232.92,0.0,53.9
2021-12-03 12:00:56,190.22666666666666,106.46999999999998,42.220000000000006,107.2,218.49,0.0,67.54
2021-12-03 13:00:56,159.72333333333333,94.505,33.105,65.02,99.935,0.0,60.45
2021-12-03 14:00:56,109.43666666666667,66.28500000000001,20.315,34.785,51.14000000000001,0.0,56.67
2021-12-03 15:00:56,69.68333333333334,41.985,21.95,30.005,42.725,0.0,54.22
2021-12-03 16:00:56,51.68000000000001,25.49,32.5,42.08,59.865,0.0,51.02
2021-12-03 17:00:56,55.28333333333334,19.835,27.105,52.26,69.68,0.0,47.79
2021-12-03 18:00:56,61.903333333333336,22.265,35.41,81.485,108.96,0.0,46.36
2021-12-03 19:00:56,70.28,24.429999999999996,34.385,92.28500000000001,167.805,0.0,46.02
2021-12-03 20:00:56,68.4,28.675,41.535,102.5,209.14499999999998,0.0,50.92
2021-12-03 21:00:56,79.69333333333333,38.24,44.405,97.96,221.77,0.0,51.53
2021-12-03 22:00:56,95.15666666666667,52.065,32.94,90.805,202.125,0.0,54.68
2021-12-03 23:00:56,96.96666666666667,56.120000000000005,24.58,78.71000000000001,208.82000000000002,0.0,44.39
2021-12-04 00:00:56,86.44,70.465,23.185000000000002,78.205,213.84,0.0,47.45
2021-12-04 01:00:56,90.06666666666666,68.455,19.395,73.85000000000001,198.94999999999996,0.0,44.61
2021-12-04 02:00:56,83.14666666666668,61.370000000000005,20.515,66.235,179.73000000000002,0.0,52.99
2021-12-04 03:00:56,75.86333333333333,63.185,21.32,67.665,167.785,0.0,53.77
2021-12-04 04:00:56,78.29333333333334,63.105,20.12,58.665,92.73500000000001,0.0,43.17
2021-12-04 05:00:56,64.16666666666667,38.79,15.76,53.294999999999995,86.435,0.0,58.57
2021-12-04 06:00:56,52.626666666666665,27.13,18.955,62.565,129.555,0.0,53.6
2021-12-04 07:00:56,50.126666666666665,38.925,16.88,72.77,158.53,0.0,60.93
2021-12-04 08:00:56,49.92333333333333,42.535,16.76,71.3,210.29999999999998,0.0,59.17
2021-12-04 09:00:56,64.21333333333334,45.32,23.774999999999995,90.7,334.47499999999997,0.0,66.3
2021-12-04 10:00:56,89.95666666666666,61.245,31.77,100.65499999999999,340.72,0.0,57.31
2021-12-04 11:00:56,163.72333333333333,88.08,52.99,103.925,256.24,0.0,52.97
2021-12-04 12:00:56,223.80666666666667,104.955,49.86000000000001,84.79,143.82999999999998,0.0,59.41
2021-12-04 13:00:56,152.32666666666665,83.94,28.165000000000003,55.44,81.02499999999999,0.0,56.01
2021-12-04 14:00:56,98.96000000000001,57.225,27.235,47.199999999999996,65.0,0.0,51.43
2021-12-04 15:00:56,70.11666666666667,42.85,23.314999999999998,46.22,65.915,0.0,50.95
2021-12-04 16:00:56,62.79,26.305000000000003,18.275,49.695,65.0,0.0,41.47
2021-12-04 17:00:56,69.47333333333333,23.665000000000003,23.680000000000003,85.53500000000001,139.285,0.0,51.93
2021-12-04 18:00:56,84.65666666666667,33.24,32.245,122.38999999999999,427.415,0.0,43.17
2021-12-04 19:00:56,148.37666666666667,59.16,36.98,146.13,599.3249999999999,0.0,58.55
2021-12-04 20:00:56,202.53666666666666,82.93,59.76,112.50999999999999,349.705,0.0,51.78
2021-12-04 21:00:56,214.59333333333333,95.62,36.93,82.745,203.74,0.0,52.43
2021-12-04 22:00:56,148.81666666666666,84.94999999999999,24.674999999999997,55.65,100.805,0.0,58.88
2021-12-04 23:00:56,87.52000000000001,54.745,25.209999999999997,70.46,150.495,0.0,53.08
2021-12-05 00:00:56,71.27333333333334,47.095,27.235,81.75999999999999,213.32000000000002,0.0,56.47
2021-12-05 01:00:56,68.18,49.28,23.165000000000003,78.255,219.31499999999997,0.0,52.63
2021-12-05 02:00:56,67.65,48.245000000000005,23.735,73.57,182.585,0.0,57.79
2021-12-05 03:00:56,62.67666666666667,48.1,24.73,63.49,113.69,0.0,68.35
2021-12-05 04:00:56,56.45,49.055,28.11,67.605,124.36000000000001,0.0,42.07
2021-12-05 05:00:56,53.129999999999995,42.72,23.209999999999997,52.07500000000001,100.14999999999999,0.0,47.76
2021-12-05 06:00:56,64.93666666666667,43.775000000000006,28.069999999999997,56.75,114.555,0.0,47.65
2021-12-05 07:00:56,70.71000000000001,48.565,27.0,58.115,119.53500000000001,0.0,37.68
2021-12-05 08:00:56,62.553333333333335,51.935,23.885,58.055,108.33999999999999,0.0,50.06
2021-12-05 09:00:56,76.26666666666667,57.43,23.91,62.24,130.31,0.0,53.28
2021-12-05 10:00:56,84.50999999999999,56.24,22.825000000000003,57.275000000000006,138.16,0.0,37.1
2021-12-05 11:00:56,95.85666666666667,62.02,25.8,63.544999999999995,131.325,0.0,40.0
2021-12-05 12:00:56,102.15333333333334,79.305,6.465,69.47,149.10999999999999,0.0,41.58
2021-12-05 13:00:56,93.46,78.36500000000001,27.575,63.35999999999999,0.0,0.0,46.15
2021-12-05 14:00:56,75.43666666666667,63.080000000000005,30.75,47.06,76.625,0.0,64.85
2021-12-05 15:00:56,59.46333333333334,46.57,27.015,49.535000000000004,75.715,0.0,51.09
2021-12-05 16:00:56,49.84,34.535,29.965000000000003,60.94,102.0,0.0,47.5
2021-12-05 17:00:56,46.68666666666667,33.224999999999994,26.950000000000003,64.105,109.24,0.0,42.95
2021-12-05 18:00:56,62.586666666666666,48.324999999999996,24.560000000000002,77.3,148.85500000000002,0.0,51.86
2021-12-05 19:00:56,92.57,59.525,34.355,80.56,222.49,0.0,52.74
2021-12-05 20:00:56,111.97999999999999,70.165,24.615,80.22500000000001,243.095,0.0,45.78
2021-12-05 21:00:56,106.67333333333332,81.645,33.585,75.69,229.28,0.0,44.73
2021-12-05 22:00:56,108.83,84.895,22.72,67.89,248.66,0.0,42.72
2021-12-05 23:00:56,133.71,97.76499999999999,30.524999999999995,74.38,290.71000000000004,0.0,46.91
2021-12-06 00:00:56,135.14,101.81,21.535,61.629999999999995,238.51999999999998,0.0,50.92
2021-12-06 01:00:56,121.91,89.33,26.75,60.78,174.06000000000003,0.0,51.05
2021-12-06 02:00:56,97.33666666666667,70.55,21.89,47.645,144.72,0.0,35.57
2021-12-06 03:00:56,102.15333333333334,71.73,26.049999999999997,50.800000000000004,147.15,0.0,42.29
2021-12-06 04:00:56,98.99333333333334,74.54,23.700000000000003,46.64000000000001,128.42,0.0,46.92
2021-12-06 05:00:56,85.45333333333333,62.080000000000005,20.03,42.754999999999995,103.385,0.0,45.83
2021-12-06 06:00:56,69.75,49.28,20.18,46.375,105.74000000000001,0.0,53.61
2021-12-06 07:00:56,72.39,56.46,21.24,52.02,162.285,0.0,58.84
2021-12-06 08:00:56,74.47,64.09,20.265,67.69,244.44500000000002,0.0,51.81
2021-12-06 09:00:56,87.07333333333334,59.85999999999999,21.334999999999997,89.61500000000001,428.7,0.0,46.08
2021-12-06 10:00:56,105.69666666666667,77.185,30.87,94.11000000000001,317.33500000000004,0.0,40.32
2021-12-06 11:00:56,184.09666666666666,98.065,52.745000000000005,106.15500000000002,273.27,0.0,52.79
2021-12-06 12:00:56,185.37,104.335,44.76499999999999,94.685,179.37,0.0,46.22
2021-12-06 13:00:56,160.97,98.665,44.865,75.125,117.295,0.0,46.43
2021-12-06 14:00:56,123.85333333333334,75.645,26.215000000000003,36.150000000000006,50.155,0.0,48.45
2021-12-06 15:00:56,87.86333333333334,51.155,23.045,48.19,71.75,0.0,39.32
2021-12-06 16:00:56,73.96333333333334,33.625,48.52,56.865,77.09,0.0,41.59
2021-12-06 17:00:56,88.71333333333334,24.455,33.91,87.39,150.94,0.0,33.75
2021-12-06 18:00:56,107.90333333333334,37.335,22.439999999999998,122.78000000000002,375.885,0.0,37.4
2021-12-06 19:00:56,157.17333333333332,58.245000000000005,27.02,131.315,464.84999999999997,0.0,36.64
2021-12-06 20:00:56,178.63,73.63,47.885,114.605,334.45,0.0,37.81
2021-12-06 21:00:56,172.18666666666667,66.74000000000001,26.814999999999998,92.38499999999999,250.6,0.0,48.1
2021-12-06 22:00:56,160.64,69.975,25.895,88.055,242.725,0.0,37.06
2021-12-06 23:00:56,186.41333333333333,75.29,31.72,86.90500000000002,299.385,0.0,35.87
2021-12-07 00:00:56,178.23000000000002,91.325,31.53,80.93,259.745,0.0,41.32
2021-12-07 01:00:56,158.46666666666667,88.735,37.445,78.095,214.95000000000002,0.0,50.21
2021-12-07 02:00:56,150.77,86.13,38.6,80.505,274.03,0.0,42.02
2021-12-07 03:00:56,147.59,96.23,29.685000000000002,69.78,197.19500000000002,0.0,37.31
2021-12-07 04:00:56,116.12333333333333,83.435,26.285,63.07,164.875,0.0,42.26
2021-12-07 05:00:56,99.79333333333334,75.255,22.24,55.74,84.44,0.0,48.52
2021-12-07 06:00:56,80.90666666666667,53.830000000000005,21.694999999999997,46.51500000000001,77.49000000000001,0.0,55.69
2021-12-07 07:00:56,68.33333333333333,44.94,21.95,63.005,122.045,0.0,45.53
2021-12-07 08:00:56,83.67,47.43000000000001,25.189999999999998,84.56,227.99,0.0,52.57
2021-12-07 09:00:56,93.00333333333333,52.35,32.045,89.11500000000001,326.03,0.0,46.78
2021-12-07 10:00:56,116.64666666666666,70.885,53.585,105.175,311.49,0.0,57.47
2021-12-07 11:00:56,177.36666666666667,91.855,40.82,103.985,204.725,0.0,45.55
2021-12-07 12:00:56,200.00333333333333,91.66000000000001,31.045,70.315,109.60000000000001,0.0,55.18
2021-12-07 13:00:56,123.26333333333334,64.76,20.755,48.37,67.65,0.0,37.67
2021-12-07 14:00:56,89.63333333333333,38.620000000000005,19.48,26.99,37.745000000000005,0.0,53.75
2021-12-07 15:00:56,60.29333333333333,23.105,20.485,27.72,41.525,0.0,51.52
2021-12-07 16:00:56,41.97,14.61,20.565,38.699999999999996,55.544999999999995,0.0,32.6
2021-12-07 17:00:56,46.54333333333334,12.770000000000001,20.665,64.295,104.61,0.0,49.47
2021-12-07 18:00:56,50.736666666666665,18.849999999999998,22.38,84.625,131.84,0.0,47.7
2021-12-07 19:00:56,58.78,23.625,18.16,66.34,96.67999999999999,0.0,52.42
2021-12-07 20:00:56,64.22,24.275000000000002,25.875,86.28500000000001,140.345,0.0,47.53
2021-12-07 21:00:56,65.78666666666666,24.12,25.695000000000004,65.825,91.02499999999999,0.0,51.26
2021-12-07 22:00:56,57.82333333333333,20.53,16.965,51.09,71.41000000000001,0.0,56.31
2021-12-07 23:00:56,56.133333333333326,23.679999999999996,16.33,27.179999999999996,37.800000000000004,0.0,62.95
2021-12-08 00:00:56,53.70333333333333,21.09,16.075,14.14,20.3,0.0,67.53
2021-12-08 01:00:56,53.93666666666667,17.47,28.320000000000004,45.635,57.10999999999999,0.0,55.93
2021-12-08 02:00:56,45.30666666666667,17.37,26.105000000000004,52.31,60.915,0.0,54.13
2021-12-08 03:00:56,46.08333333333333,18.38,24.855,39.31,45.685,0.0,59.61
2021-12-08 04:00:56,48.763333333333335,16.445,19.605,14.964999999999998,21.63,0.0,62.84
2021-12-08 05:00:56,47.61666666666667,17.615,17.74,10.854999999999999,16.745,0.0,61.87
2021-12-08 06:00:56,43.846666666666664,20.265,15.714999999999998,6.87,12.865,0.0,50.25
2021-12-08 07:00:56,42.72,15.155000000000001,16.915,14.385,22.330000000000002,0.0,59.73
2021-12-08 08:00:56,29.89333333333333,10.07,15.865,33.660000000000004,50.655,0.0,59.33
2021-12-08 09:00:56,22.053333333333335,12.469999999999999,15.885,41.725,59.080000000000005,0.0,67.54
2021-12-08 10:00:56,22.49666666666667,11.875,16.405,27.63,36.605,0.0,57.64
2021-12-08 11:00:56,20.926666666666666,8.75,18.05,30.075,40.855,0.0,67.19
2021-12-08 12:00:56,20.313333333333333,5.55,23.564999999999998,38.93,51.84,0.0,67.14
2021-12-08 13:00:56,24.083333333333332,5.035,22.439999999999998,38.325,50.465,0.0,62.09
2021-12-08 14:00:56,29.990000000000002,6.32,21.965,44.665,62.45000000000001,0.0,54.98
2021-12-08 15:00:56,28.866666666666667,7.125,22.14,39.800000000000004,48.830000000000005,0.0,61.61
2021-12-08 16:00:56,28.486666666666665,11.18,16.814999999999998,40.964999999999996,52.675000000000004,0.0,63.71
2021-12-08 17:00:56,33.11333333333333,14.83,18.24,55.419999999999995,65.98,0.0,68.61
2021-12-08 18:00:56,35.00666666666667,15.85,16.55,71.985,88.945,0.0,43.63
2021-12-08 19:00:56,47.626666666666665,18.37,17.795,77.815,99.89,0.0,54.43
2021-12-08 20:00:56,49.846666666666664,16.064999999999998,20.105,86.02500000000002,109.0,0.0,54.85
2021-12-08 21:00:56,44.513333333333335,14.76,19.865,68.005,86.685,0.0,49.67
2021-12-08 22:00:56,48.166666666666664,20.900000000000002,18.74,92.045,143.675,0.0,52.39
2021-12-08 23:00:56,55.083333333333336,29.935,24.474999999999998,91.835,147.295,0.0,49.27
2021-12-09 00:00:56,57.47666666666667,34.545,21.705,74.165,105.605,0.0,50.81
2021-12-09 01:00:56,59.94333333333333,29.825,18.525,70.155,94.85000000000001,0.0,49.58
2021-12-09 02:00:56,62.879999999999995,27.365,17.974999999999998,64.71499999999999,83.385,0.0,55.95
2021-12-09 03:00:56,56.35666666666666,28.310000000000002,20.425,39.915,48.445,0.0,49.31
2021-12-09 04:00:56,37.10666666666667,26.355,18.16,18.2,24.02,0.0,62.97
2021-12-09 05:00:56,26.49666666666667,15.57,16.73,15.31,21.51,0.0,54.7
2021-12-09 06:00:56,22.513333333333332,12.11,16.689999999999998,17.09,23.474999999999998,0.0,51.61
2021-12-09 07:00:56,19.06,7.080000000000001,16.145,21.18,28.69,0.0,54.42
2021-12-09 08:00:56,16.44,8.575000000000001,16.37,71.915,120.255,0.0,43.94
2021-12-09 09:00:56,24.313333333333333,11.615,16.625,84.805,160.77,0.0,45.67
2021-12-09 10:00:56,41.00666666666667,25.615,21.555000000000003,69.28,109.54,0.0,47.18
2021-12-09 11:00:56,54.89333333333334,36.72,30.600000000000005,43.86000000000001,59.31,0.0,44.24
2021-12-09 12:00:56,56.39333333333334,34.74,24.78,32.67,44.60999999999999,0.0,47.07
2021-12-09 13:00:56,41.27666666666667,26.554999999999996,20.8,34.675000000000004,47.52,0.0,40.94
2021-12-09 14:00:56,42.623333333333335,22.435000000000002,14.61,41.550000000000004,57.699999999999996,0.0,36.4
2021-12-09 15:00:56,39.20333333333333,16.515,15.135,35.94,47.79,0.0,33.99
2021-12-09 16:00:56,37.05,17.655,16.415,36.295,48.065,0.0,44.94
2021-12-09 17:00:56,36.95333333333333,21.01,18.8,35.04,43.915,0.0,39.62
2021-12-09 18:00:56,46.00333333333333,21.334999999999997,15.74,40.31,50.135,0.0,41.58
2021-12-09 19:00:56,34.71,22.554999999999996,29.834999999999997,66.89999999999999,82.535,0.0,44.16
2021-12-09 20:00:56,64.23,19.3,19.584999999999997,70.745,88.49000000000001,0.0,35.28
2021-12-09 21:00:56,64.85,22.665000000000003,18.61,55.905,74.38,0.0,42.4
2021-12-09 22:00:56,57.77333333333333,24.105,17.810000000000002,45.21,56.065000000000005,0.0,35.97
2021-12-09 23:00:56,57.153333333333336,22.87,18.145,37.475,45.775,0.0,39.08
2021-12-10 00:00:56,49.34,19.515,19.565,37.465,45.18,0.0,34.14
2021-12-10 01:00:56,37.36333333333333,18.62,16.275,38.865,47.64000000000001,0.0,42.45
2021-12-10 02:00:56,42.43666666666667,14.89,16.535,45.050000000000004,67.265,0.0,37.2
2021-12-10 03:00:56,37.68666666666667,16.935,19.96,57.5,80.7,0.0,33.97
2021-12-10 04:00:56,35.89666666666666,18.055,19.3,47.85999999999999,61.21000000000001,0.0,27.45
2021-12-10 05:00:56,40.71333333333333,16.39,19.535,47.51,70.535,0.0,31.0
2021-12-10 06:00:56,38.32,16.174999999999997,17.005,46.145,65.605,0.0,38.11
2021-12-10 07:00:56,39.54,17.48,16.46,58.02,104.645,0.0,38.9
2021-12-10 08:00:56,44.836666666666666,20.099999999999998,16.939999999999998,84.505,256.63,0.0,29.82
2021-12-10 09:00:56,76.64,32.88,18.76,82.205,288.685,0.0,35.32
2021-12-10 10:00:56,117.35,50.01000000000001,25.495,98.24000000000001,335.57,0.0,32.45
2021-12-10 11:00:56,176.99666666666667,67.685,40.05,90.125,208.18999999999997,0.0,35.73
2021-12-10 12:00:56,186.57999999999998,72.64,37.67,82.835,144.98000000000002,0.0,34.42
2021-12-10 13:00:56,147.11666666666667,64.375,22.75,39.665,60.89000000000001,0.0,26.52
2021-12-10 14:00:56,90.32,39.915,18.705,27.775000000000002,41.79,0.0,19.98
2021-12-10 15:00:56,58.48,27.194999999999997,18.8,38.895,57.28,0.0,27.62
2021-12-10 16:00:56,48.486666666666665,20.765,19.74,52.395,74.14999999999999,0.0,24.34
2021-12-10 17:00:56,48.766666666666666,24.535,24.974999999999998,77.51,111.14,0.0,28.64
2021-12-10 18:00:56,64.39333333333333,30.849999999999998,21.33,128.725,457.625,0.0,27.62
2021-12-10 19:00:56,128.87,42.49,22.25,122.54,418.17,0.0,36.86
2021-12-10 20:00:56,161.23333333333332,66.4,23.225000000000005,101.94,309.23,0.0,28.31
2021-12-10 21:00:56,167.94666666666666,91.17,21.135,93.295,352.28999999999996,0.0,37.41
2021-12-10 22:00:56,184.99333333333334,114.67,31.645,97.13499999999999,356.855,0.0,31.61
2021-12-10 23:00:56,197.95666666666668,113.28000000000002,24.0,78.205,263.265,0.0,36.03
2021-12-11 00:00:56,154.48333333333332,97.52,22.659999999999997,75.595,258.505,0.0,33.61
2021-12-11 01:00:56,161.89666666666668,102.99000000000001,28.01,73.83,237.70000000000002,0.0,34.86
2021-12-11 02:00:56,152.77333333333334,89.28500000000001,24.615,63.815,159.255,0.0,31.28
2021-12-11 03:00:56,119.36666666666667,69.55499999999999,22.129999999999995,57.900000000000006,152.74,0.0,35.62
2021-12-11 04:00:56,105.31333333333333,69.44,24.49,59.76,156.185,0.0,40.93
2021-12-11 05:00:56,87.38,56.18,20.57,54.005,137.7,0.0,49.62
2021-12-11 06:00:56,80.35333333333332,48.175000000000004,21.505,56.48500000000001,141.935,0.0,41.88
2021-12-11 07:00:56,68.62666666666667,47.845,21.83,61.14000000000001,124.665,0.0,43.88
2021-12-11 08:00:56,70.59,48.28,21.150000000000002,68.61,217.265,0.0,44.09
2021-12-11 09:00:56,78.24666666666667,53.145,28.325000000000003,84.86000000000001,336.46000000000004,0.0,33.71
2021-12-11 10:00:56,116.96333333333334,68.83,49.99,76.235,221.46,0.0,40.37
2021-12-11 11:00:56,144.50333333333333,82.835,50.449999999999996,84.315,196.28,0.0,34.88
2021-12-11 12:00:56,148.36333333333334,83.95,44.345,78.065,137.585,0.0,34.91
2021-12-11 13:00:56,149.89666666666668,73.0,35.715,66.42,115.14,0.0,37.9
2021-12-11 14:00:56,102.08333333333333,50.76,30.769999999999996,63.47,100.52499999999999,0.0,44.89
2021-12-11 15:00:56,82.89333333333333,40.294999999999995,35.775,68.87,119.995,0.0,36.17
2021-12-11 16:00:56,78.22333333333333,32.79,36.295,58.835,86.61500000000001,0.0,36.57
2021-12-11 17:00:56,78.63333333333333,36.19,29.645,76.14,135.215,0.0,31.43
2021-12-11 18:00:56,95.13,37.495,28.534999999999997,126.31,487.825,0.0,42.4
2021-12-11 19:00:56,159.62666666666667,60.285,30.3,133.76999999999998,569.02,0.0,46.58
2021-12-11 20:00:56,180.21,86.17,26.179999999999996,99.47000000000001,392.865,0.0,37.34
2021-12-11 21:00:56,194.78666666666663,96.27499999999999,22.810000000000002,89.61500000000001,370.545,0.0,39.12
2021-12-11 22:00:56,205.19,103.48500000000001,32.985,94.50999999999999,409.53000000000003,0.0,40.18
2021-12-11 23:00:56,206.62,112.78500000000001,29.78,84.51,347.69000000000005,0.0,47.04
2021-12-12 00:00:56,190.45666666666668,107.49000000000001,31.185000000000002,79.89,317.755,0.0,41.28
2021-12-12 01:00:56,191.04,106.34999999999998,31.99,68.72,260.035,0.0,44.42
2021-12-12 02:00:56,143.04,89.63499999999999,24.635,64.655,294.08,0.0,28.81
2021-12-12 03:00:56,178.11333333333334,99.00999999999999,31.89,63.79,260.36,0.0,36.65
2021-12-12 04:00:56,149.96666666666667,90.245,26.725000000000005,55.185,178.455,0.0,41.25
2021-12-12 05:00:56,123.28333333333335,76.735,25.095,53.24,142.29999999999998,0.0,46.94
2021-12-12 06:00:56,94.99,69.62,24.25,49.14000000000001,137.125,0.0,36.18
2021-12-12 07:00:56,78.32333333333332,64.2,22.595,52.19,161.305,0.0,50.03
2021-12-12 08:00:56,90.26333333333332,71.75,22.76,60.669999999999995,233.485,0.0,42.89
2021-12-12 09:00:56,92.85,77.315,23.395,69.755,265.8,0.0,46.15
2021-12-12 10:00:56,108.64333333333333,78.41,30.689999999999998,81.36500000000001,269.995,0.0,44.01
2021-12-12 11:00:56,123.47333333333333,87.89999999999999,31.74,94.46999999999998,209.225,0.0,42.27
2021-12-12 12:00:56,159.96333333333334,90.96,30.314999999999998,75.63,125.27499999999999,0.0,42.42
2021-12-12 13:00:56,140.83666666666667,78.36500000000001,28.255,47.495000000000005,77.215,0.0,47.39
2021-12-12 14:00:56,87.90333333333334,55.23500000000001,29.42,42.185,64.535,0.0,39.53
2021-12-12 15:00:56,59.61,37.56,26.810000000000002,49.785,79.685,0.0,36.75
2021-12-12 16:00:56,49.94,29.785,22.629999999999995,50.93,83.25,0.0,35.44
2021-12-12 17:00:56,50.593333333333334,24.895,19.54,81.295,201.85500000000002,0.0,39.61
2021-12-12 18:00:56,68.0,31.075000000000003,28.255,99.72500000000001,291.65,0.0,37.21
2021-12-12 19:00:56,119.80333333333334,38.57,35.43,103.765,324.23,0.0,37.04
2021-12-12 20:00:56,125.69666666666666,61.745,26.99,89.10000000000001,296.605,0.0,36.93
2021-12-12 21:00:56,140.71333333333334,78.13,28.215000000000003,90.935,313.82,0.0,38.15
2021-12-12 22:00:56,147.94666666666666,86.645,27.865,81.36500000000001,247.66,0.0,41.48
2021-12-12 23:00:56,146.41666666666666,82.83,29.879999999999995,84.415,315.915,0.0,46.3
2021-12-13 00:00:56,146.88666666666668,87.28500000000001,25.679999999999996,76.95,261.555,0.0,38.97
2021-12-13 01:00:56,128.05333333333334,75.12,34.07,76.505,267.055,0.0,33.95
2021-12-13 02:00:56,130.07,84.915,39.155,76.72500000000001,268.31,0.0,37.74
2021-12-13 03:00:56,126.02333333333334,84.27499999999999,34.410000000000004,61.73,154.75,0.0,30.84
2021-12-13 04:00:56,105.37333333333333,68.27499999999999,27.400000000000002,58.98,151.42499999999998,0.0,36.5
2021-12-13 05:00:56,98.74333333333334,61.419999999999995,23.465000000000003,54.22,109.92,0.0,35.74
2021-12-13 06:00:56,78.73333333333333,49.915,22.2,56.01,151.685,0.0,50.33
2021-12-13 07:00:56,78.98333333333333,50.165,22.285,62.879999999999995,181.365,0.0,38.17
2021-12-13 08:00:56,84.26666666666667,52.919999999999995,24.28,73.39999999999999,261.655,0.0,36.26
2021-12-13 09:00:56,107.25333333333333,59.56,26.099999999999998,82.41,343.965,0.0,25.41
2021-12-13 10:00:56,144.24333333333334,78.995,58.49000000000001,106.47499999999998,389.3999999999999,0.0,40.23
2021-12-13 11:00:56,197.60666666666665,103.78000000000002,45.550000000000004,121.325,353.43,0.0,44.24
2021-12-13 12:00:56,257.03,122.15499999999999,41.465,124.54,277.71999999999997,0.0,47.32
2021-12-13 13:00:56,239.8,125.96999999999998,40.830000000000005,117.52999999999999,216.995,0.0,45.6
2021-12-13 14:00:56,198.16,109.31,33.62,73.485,118.97499999999998,0.0,44.95
2021-12-13 15:00:56,143.61333333333334,69.335,31.765,77.25999999999999,118.34499999999998,0.0,39.97
2021-12-13 16:00:56,122.77,46.715,29.310000000000002,84.085,122.60000000000001,0.0,45.68
2021-12-13 17:00:56,125.53666666666666,50.39000000000001,33.89,127.295,408.06500000000005,0.0,35.85
2021-12-13 18:00:56,163.7,63.10999999999999,29.319999999999997,134.585,576.4200000000001,0.0,38.42
2021-12-13 19:00:56,201.69,80.69,39.660000000000004,141.95000000000002,670.905,0.0,33.36
2021-12-13 20:00:56,243.27333333333334,95.325,50.775000000000006,130.155,552.28,0.0,43.4
2021-12-13 21:00:56,257.46333333333337,109.84500000000001,39.305,106.97500000000001,450.48499999999996,0.0,35.58
2021-12-13 22:00:56,223.54333333333332,111.95,43.51,97.435,361.97499999999997,0.0,39.84
2021-12-13 23:00:56,212.45,108.38,32.775,90.67,351.155,0.0,37.43
2021-12-14 00:00:56,189.82666666666668,107.175,40.71,97.42,407.83500000000004,0.0,38.04
2021-12-14 01:00:56,219.9766666666667,116.09499999999998,39.074999999999996,75.335,194.705,0.0,32.8
2021-12-14 02:00:56,168.03666666666666,99.795,32.99,72.685,208.99,0.0,44.24
2021-12-14 03:00:56,176.12666666666667,90.28500000000001,33.599999999999994,65.935,191.165,0.0,33.28
2021-12-14 04:00:56,129.90666666666667,75.50999999999999,27.395,63.324999999999996,183.475,0.0,39.32
2021-12-14 05:00:56,109.34666666666666,60.9,33.415,66.395,180.9,0.0,33.88
2021-12-14 06:00:56,104.48666666666668,59.475,28.61,55.275000000000006,97.67,0.0,31.71
2021-12-14 07:00:56,109.97666666666666,58.755,23.224999999999998,57.845,106.92,0.0,33.81
2021-12-14 08:00:56,104.55333333333334,54.475,20.315,60.225,139.56,0.0,32.91
2021-12-14 09:00:56,95.72,49.59,20.155,69.335,218.6,0.0,31.99
2021-12-14 10:00:56,103.69333333333334,58.97,20.580000000000002,73.705,221.57500000000002,0.0,45.01
2021-12-14 11:00:56,128.30666666666667,77.065,21.05,75.85000000000001,234.95000000000002,0.0,33.86
2021-12-14 12:00:56,131.82,79.315,27.075,71.75999999999999,199.515,0.0,28.63
2021-12-14 13:00:56,137.80333333333334,80.165,26.66,69.665,210.22,0.0,34.24
2021-12-14 14:00:56,189.46333333333334,96.77,28.900000000000002,84.925,262.285,0.0,33.02
2021-12-14 15:00:56,163.25333333333333,95.15000000000002,29.804999999999996,86.88,254.915,0.0,32.92
2021-12-14 16:00:56,137.81666666666666,94.645,27.47,80.48,243.11,0.0,36.38
2021-12-14 17:00:56,178.15,115.42,26.595,87.605,314.055,0.0,29.42
2021-12-14 18:00:56,194.31333333333333,139.315,24.985,92.62,372.49499999999995,0.0,38.38
2021-12-14 19:00:56,206.91666666666666,142.115,25.705,75.54,215.51999999999998,0.0,32.68
2021-12-14 20:00:56,196.88666666666666,131.415,27.235,72.945,154.91000000000003,0.0,33.76
2021-12-14 21:00:56,146.57666666666668,100.13,24.689999999999998,72.06,155.04999999999998,0.0,32.67
2021-12-14 22:00:56,121.16,84.005,21.935000000000002,68.815,154.94,0.0,35.74
2021-12-14 23:00:56,75.0,71.455,13.865,66.925,180.68499999999997,0.0,33.59
2021-12-15 00:00:56,74.92,63.120000000000005,14.115,62.965,188.57000000000002,0.0,40.11
2021-12-15 01:00:56,87.24000000000001,70.85,15.185000000000002,67.88499999999999,192.64499999999998,0.0,31.61
2021-12-15 02:00:56,83.17666666666666,73.41,14.089999999999998,65.525,154.98000000000002,0.0,43.52
2021-12-15 03:00:56,81.91333333333334,74.5,12.805,64.38,146.21,0.0,39.24
2021-12-15 04:00:56,77.00666666666666,65.255,12.175000000000002,61.6,90.915,0.0,31.86
2021-12-15 05:00:56,58.14,49.375,11.89,60.41,106.78000000000002,0.0,36.41
2021-12-15 06:00:56,52.34,40.81,12.645000000000001,59.655,113.105,0.0,41.06
2021-12-15 07:00:56,54.38,45.504999999999995,11.43,56.794999999999995,87.89,0.0,39.82
2021-12-15 08:00:56,42.89666666666667,39.75,11.699999999999998,36.895,60.6,0.0,33.87
2021-12-15 09:00:56,30.053333333333335,28.02,12.18,62.17499999999999,105.63499999999999,0.0,44.38
2021-12-15 10:00:56,41.766666666666666,23.74,17.77,79.67500000000001,140.055,0.0,44.31
2021-12-15 11:00:56,56.626666666666665,30.605,21.929999999999996,53.465,86.07,0.0,46.98
2021-12-15 12:00:56,39.54666666666667,24.61,17.555,18.81,27.810000000000002,0.0,45.59
2021-12-15 13:00:56,29.80333333333333,17.445,17.28,19.605,28.855,0.0,51.38
2021-12-15 14:00:56,29.360000000000003,17.21,16.405,16.965,24.915000000000003,0.0,52.65
2021-12-15 15:00:56,25.866666666666667,11.725,16.5,17.535,25.825,0.0,42.55
2021-12-15 16:00:56,20.71,7.5249999999999995,16.605,24.334999999999997,32.64,0.0,37.36
2021-12-15 17:00:56,26.8,9.275,15.275,35.225,47.025,0.0,36.25
2021-12-15 18:00:56,38.18666666666667,9.36,15.325000000000001,49.60999999999999,64.095,0.0,38.0
2021-12-15 19:00:56,42.7,11.36,16.745,50.935,66.005,0.0,36.0
2021-12-15 20:00:56,40.27333333333333,17.825,17.91,62.405,88.675,0.0,32.68
2021-12-15 21:00:56,46.46,26.444999999999997,33.44,85.27499999999999,143.06,0.0,26.03
2021-12-15 22:00:56,59.31666666666667,30.705,32.18,81.23,151.42499999999998,0.0,33.58
2021-12-15 23:00:56,65.3,33.61,22.155,76.72000000000001,121.315,0.0,27.52
2021-12-16 00:00:56,72.70333333333333,29.985,20.915,67.655,99.32000000000001,0.0,33.01
2021-12-16 01:00:56,66.53,30.945000000000004,18.345,66.81,110.53000000000002,0.0,30.63
2021-12-16 02:00:56,60.526666666666664,36.415,17.555,57.22,85.745,0.0,35.3
2021-12-16 03:00:56,39.49666666666667,26.815,17.44,40.145,53.48499999999999,0.0,29.91
2021-12-16 04:00:56,28.776666666666667,18.975,17.155,39.245,49.294999999999995,0.0,40.43
2021-12-16 05:00:56,23.826666666666664,26.285,16.195,39.27,46.585,0.0,32.62
2021-12-16 06:00:56,23.02,17.97,16.345,29.11,36.150000000000006,0.0,28.6
2021-12-16 07:00:56,16.026666666666667,10.625,16.73,25.635,41.155,0.0,36.55
2021-12-16 08:00:56,31.310000000000002,11.015,16.905,51.74,91.67,0.0,35.76
2021-12-16 09:00:56,26.24666666666667,14.475,17.400000000000002,68.73,138.85,0.0,36.63
2021-12-16 10:00:56,33.50666666666667,14.670000000000002,18.34,70.94,139.195,0.0,36.39
2021-12-16 11:00:56,53.733333333333334,30.22,20.0,53.38,87.57,0.0,39.02
2021-12-16 12:00:56,46.093333333333334,28.755,18.005,47.705000000000005,76.29,0.0,33.26
2021-12-16 13:00:56,32.096666666666664,15.805,18.14,41.7,62.315000000000005,0.0,38.78
2021-12-16 14:00:56,25.856666666666666,15.755,16.75,23.97,35.225,0.0,45.63
2021-12-16 15:00:56,19.23,17.044999999999998,16.615,33.585,52.21,0.0,40.21
2021-12-16 16:00:56,19.666666666666668,11.095,15.719999999999999,34.9,50.125,0.0,39.37
2021-12-16 17:00:56,25.47,10.835,16.97,39.265,60.39000000000001,0.0,38.94
2021-12-16 18:00:56,35.71666666666667,15.199999999999998,19.79,41.66,66.67,0.0,28.96
2021-12-16 19:00:56,32.873333333333335,16.87,18.209999999999997,39.63999999999999,69.325,0.0,31.97
2021-12-16 20:00:56,34.01,17.12,15.885,33.445,59.01,0.0,45.55
2021-12-16 21:00:56,33.019999999999996,17.235,18.395,44.35,106.69,0.0,36.28
2021-12-16 22:00:56,47.92333333333333,18.535,24.400000000000002,50.39000000000001,125.14999999999999,0.0,38.05
2021-12-16 23:00:56,43.163333333333334,22.045,22.605000000000004,46.580000000000005,120.57999999999998,0.0,37.85
2021-12-17 00:00:56,46.88333333333333,33.585,23.905,38.24,80.17,0.0,42.92
2021-12-17 01:00:56,42.876666666666665,30.92,20.98,33.82,65.645,0.0,48.45
2021-12-17 02:00:56,32.14333333333333,20.215,23.855,34.685,72.64999999999999,0.0,44.03
2021-12-17 03:00:56,40.733333333333334,20.43,21.99,33.449999999999996,52.18,0.0,41.56
2021-12-17 04:00:56,37.766666666666666,25.320000000000004,21.315,34.129999999999995,55.365,0.0,53.47
2021-12-17 05:00:56,34.65,22.62,20.42,36.715,65.82,0.0,54.34
2021-12-17 06:00:56,26.516666666666666,20.795,20.395,33.754999999999995,52.800000000000004,0.0,37.43
2021-12-17 07:00:56,25.776666666666667,17.37,17.965,32.39,62.4,0.0,41.51
2021-12-17 08:00:56,27.793333333333333,13.35,18.435,37.305,80.17,0.0,41.41
2021-12-17 09:00:56,29.883333333333333,15.32,20.335,42.775,122.16000000000001,0.0,36.99
2021-12-17 10:00:56,63.196666666666665,39.04,32.28,42.43,101.96,0.0,49.94
2021-12-17 11:00:56,77.17666666666666,53.525000000000006,21.09,32.72,55.98499999999999,0.0,53.67
2021-12-17 12:00:56,27.53333333333333,30.445000000000004,13.939999999999998,13.005,22.205,0.0,0.0
2021-12-17 13:00:56,46.406666666666666,19.855,19.395,24.59,50.39000000000001,0.0,5.77
2021-12-17 14:00:56,25.093333333333334,10.93,19.185,32.815,98.78000000000002,0.0,8.31
2021-12-17 15:00:56,10.593333333333334,1.21,6.275000000000001,17.855,39.46,0.0,9.39
2021-12-17 16:00:56,14.193333333333333,16.705,6.075,21.595,43.42499999999999,0.0,52.1
2021-12-17 17:00:56,11.296666666666667,12.44,30.495,35.305,74.245,0.0,15.45
2021-12-17 18:00:56,16.0,8.075,32.230000000000004,39.135,67.005,0.0,34.83
2021-12-17 19:00:56,17.233333333333334,5.38,30.685000000000002,39.185,65.505,0.0,6.89
2021-12-17 20:00:56,30.383333333333333,9.695,30.78,37.185,62.595,0.0,20.33
2021-12-17 21:00:56,23.89,12.805,32.145,29.86,48.52,0.0,11.91
2021-12-17 22:00:56,25.846666666666668,12.335,33.120000000000005,37.150000000000006,59.75,0.0,5.17
2021-12-17 23:00:56,22.566666666666666,8.135,34.08,45.35999999999999,80.61500000000001,0.0,4.36
2021-12-18 00:00:56,31.433333333333334,19.345,33.645,42.005,75.765,0.0,4.9
2021-12-18 01:00:56,34.846666666666664,26.425,33.225,49.585,102.87,0.0,3.43
2021-12-18 02:00:56,33.45666666666666,20.68,37.195,45.285,81.96,0.0,4.57
2021-12-18 03:00:56,36.70333333333333,15.26,35.365,42.13,69.54,0.0,4.62
2021-12-18 04:00:56,30.206666666666667,22.63,34.36,45.785,83.705,0.0,4.13
2021-12-18 05:00:56,30.516666666666666,15.699999999999998,29.930000000000003,47.35999999999999,87.61500000000001,0.0,3.73
2021-12-18 06:00:56,28.756666666666668,10.315,30.47,42.76500000000001,69.545,0.0,5.68
2021-12-18 07:00:56,27.21333333333333,15.255,30.47,41.949999999999996,72.295,0.0,3.83
2021-12-18 08:00:56,28.680000000000003,22.655,29.845,51.879999999999995,123.075,0.0,1.13
2021-12-18 09:00:56,40.82333333333334,25.27,29.724999999999998,49.26500000000001,151.60500000000002,0.0,2.37
2021-12-18 10:00:56,57.39333333333333,27.64,39.965,49.845,156.28,0.0,2.03
2021-12-18 11:00:56,69.88,47.370000000000005,39.665,46.419999999999995,108.47500000000001,0.0,4.3
2021-12-18 12:00:56,89.70666666666666,55.02,40.870000000000005,43.815,88.165,0.0,4.81
2021-12-18 13:00:56,74.31,43.06,37.67,44.75,83.97,0.0,4.7
2021-12-18 14:00:56,62.61666666666667,38.745,47.79,53.294999999999995,101.28500000000001,0.0,4.31
2021-12-18 15:00:56,71.05,35.875,40.160000000000004,53.23499999999999,98.16000000000001,0.0,3.6
2021-12-18 16:00:56,73.70333333333333,41.81,34.03,52.455000000000005,89.945,0.0,4.06
2021-12-18 17:00:56,68.33,39.949999999999996,28.560000000000002,46.475,78.745,0.0,4.46
2021-12-18 18:00:56,51.00666666666667,36.44,28.189999999999998,63.165,112.29,0.0,3.29
2021-12-18 19:00:56,56.47333333333333,38.72,28.895,64.185,125.41000000000001,0.0,3.51
2021-12-18 20:00:56,55.276666666666664,44.504999999999995,29.77,59.949999999999996,116.52499999999999,0.0,3.47
2021-12-18 21:00:56,46.31666666666666,40.87,29.474999999999998,58.035,105.915,0.0,4.31
2021-12-18 22:00:56,35.76,26.650000000000002,29.435000000000002,57.77,97.13999999999999,0.0,5.53
2021-12-18 23:00:56,31.406666666666666,27.945000000000004,29.895,50.14000000000001,76.285,0.0,9.01
2021-12-19 00:00:56,28.61,20.155,30.924999999999997,40.915,59.69499999999999,0.0,9.48
2021-12-19 01:00:56,22.273333333333333,15.520000000000001,34.28,36.915,54.84,0.0,9.4
2021-12-19 02:00:56,18.343333333333334,10.665,33.74,29.314999999999998,43.14000000000001,0.0,9.82
2021-12-19 03:00:56,12.753333333333334,6.484999999999999,29.97,25.304999999999996,39.18,0.0,11.18
2021-12-19 04:00:56,12.933333333333334,4.845,27.385,21.959999999999997,34.11,0.0,10.69
2021-12-19 05:00:56,11.786666666666667,5.815,26.875,20.9,32.315,0.0,12.44
2021-12-19 06:00:56,14.196666666666665,3.975,27.075000000000003,19.43,30.765,0.0,12.49
2021-12-19 07:00:56,11.243333333333334,2.51,26.959999999999997,21.42,32.89,0.0,14.64
2021-12-19 08:00:56,9.74,2.475,26.25,23.86,36.839999999999996,0.0,15.21
2021-12-19 09:00:56,10.356666666666667,2.2750000000000004,26.875,26.100000000000005,40.195,0.0,15.19
2021-12-19 10:00:56,8.976666666666667,6.93,29.275000000000002,28.715000000000003,44.794999999999995,0.0,17.0
2021-12-19 11:00:56,9.806666666666667,4.645,29.22,32.765,50.574999999999996,0.0,13.01
2021-12-19 12:00:56,9.74,9.09,31.820000000000004,32.305,50.9,0.0,11.34
2021-12-19 13:00:56,14.613333333333333,10.655,32.325,36.115,57.99,0.0,12.55
2021-12-19 14:00:56,15.556666666666667,8.450000000000001,31.73,38.925000000000004,63.48,0.0,10.97
2021-12-19 15:00:56,18.613333333333333,8.92,35.405,43.94,72.205,0.0,9.57
2021-12-19 16:00:56,19.78333333333333,11.525,34.595,51.345,86.445,0.0,9.15
2021-12-19 17:00:56,22.383333333333333,6.505,31.849999999999998,44.370000000000005,67.39,0.0,9.86
2021-12-19 18:00:56,25.336666666666666,9.25,34.07,47.625,71.30499999999999,0.0,9.59
2021-12-19 19:00:56,24.343333333333334,8.805,34.64,52.16,80.72500000000001,0.0,7.05
2021-12-19 20:00:56,20.43,12.685000000000002,31.015,60.830000000000005,105.42,0.0,5.5
2021-12-19 21:00:56,32.24,14.11,40.050000000000004,81.98,150.51999999999998,0.0,4.2
2021-12-19 22:00:56,37.50666666666667,31.625,33.095,76.8,144.24,0.0,3.96
2021-12-19 23:00:56,36.49333333333333,24.695000000000004,34.375,76.91,150.15,0.0,2.32
2021-12-20 00:00:56,22.71,38.995000000000005,42.18,81.63499999999999,166.53,0.0,1.83
2021-12-20 01:00:56,102.18666666666667,48.79999999999999,35.605,73.915,149.29,0.0,1.81
2021-12-20 02:00:56,74.11666666666666,40.13,38.63,62.75,108.83,0.0,4.9
2021-12-20 03:00:56,57.653333333333336,28.810000000000002,37.965,59.09,96.63,0.0,3.5
2021-12-20 04:00:56,61.230000000000004,22.45,43.80500000000001,65.01,105.29,0.0,1.75
2021-12-20 05:00:56,61.519999999999996,30.709999999999997,41.045,66.7,103.575,0.0,3.19
2021-12-20 06:00:56,48.656666666666666,31.75,34.93,47.300000000000004,65.41499999999999,0.0,6.75
2021-12-20 07:00:56,34.85666666666667,28.400000000000002,32.42,50.044999999999995,75.17500000000001,0.0,5.61
2021-12-20 08:00:56,25.013333333333335,21.75,29.34,54.254999999999995,78.755,0.0,4.95
2021-12-20 09:00:56,26.333333333333332,15.425000000000002,28.669999999999998,78.565,135.41,0.0,2.8
2021-12-20 10:00:56,35.17,22.23,37.175,58.425000000000004,83.965,0.0,4.71
2021-12-20 11:00:56,41.33,33.72,44.04,46.065,63.845,0.0,6.97
2021-12-20 12:00:56,34.93333333333334,33.91,43.16,45.785,64.79,0.0,6.2
2021-12-20 13:00:56,31.813333333333333,23.485,34.33,34.65,49.065,0.0,7.24
2021-12-20 14:00:56,24.88,16.755,27.935000000000002,30.045,42.465,0.0,7.54
2021-12-20 15:00:56,17.24,3.565,27.674999999999997,32.419999999999995,45.25,0.0,6.5
2021-12-20 16:00:56,15.046666666666667,4.075,27.39,35.815,49.035000000000004,0.0,6.09
2021-12-20 17:00:56,22.99,2.715,26.08,38.555,52.535,0.0,5.06
2021-12-20 18:00:56,18.68,1.7599999999999998,27.3,47.645,65.04,0.0,37.88
2021-12-20 19:00:56,28.6,9.685,27.72,53.355,70.58,0.0,38.51
2021-12-20 20:00:56,32.70333333333333,13.035000000000002,27.025000000000002,50.6,64.8,0.0,38.84
2021-12-20 21:00:56,33.85,15.795000000000002,30.345,45.475,56.800000000000004,0.0,38.41
2021-12-20 22:00:56,41.42333333333333,20.155,22.7,34.615,45.655,0.0,39.04
2021-12-20 23:00:56,30.756666666666668,15.92,34.735,33.33,43.41,0.0,39.47
2021-12-21 00:00:56,33.64333333333333,17.8,33.43,27.625,36.98,0.0,39.33
2021-12-21 01:00:56,26.386666666666667,14.995,32.895,23.895,32.620000000000005,0.0,40.3
2021-12-21 02:00:56,25.196666666666665,18.97,36.92,21.84,30.540000000000003,0.0,40.12
2021-12-21 03:00:56,29.11,15.51,45.15,23.645,32.04,0.0,41.31
2021-12-21 04:00:56,24.206666666666667,17.295,37.12,25.075,34.115,0.0,39.57
2021-12-21 05:00:56,21.436666666666667,13.344999999999999,28.100000000000005,21.13,29.42,0.0,40.44
2021-12-21 06:00:56,22.746666666666666,12.625,31.08,20.61,29.255,0.0,40.25
2021-12-21 07:00:56,22.47,8.415,22.814999999999998,17.73,26.310000000000002,0.0,40.3
2021-12-21 08:00:56,26.19333333333333,8.505,23.850000000000005,24.855,35.11,0.0,39.38
2021-12-21 09:00:56,25.68,12.285000000000002,24.28,35.04,48.645,0.0,39.33
2021-12-21 10:00:56,34.41666666666667,23.945000000000004,26.25,34.66,48.29,0.0,39.44
2021-12-21 11:00:56,43.31,23.304999999999996,38.295,29.150000000000002,42.754999999999995,0.0,39.7
2021-12-21 12:00:56,42.35666666666666,28.14,32.235,26.584999999999997,39.705,0.0,39.89
2021-12-21 13:00:56,38.9,19.29,26.375,23.315,35.815,0.0,40.11
2021-12-21 14:00:56,34.79,10.99,25.845,22.665000000000003,34.305,0.0,40.16
2021-12-21 15:00:56,27.310000000000002,6.574999999999999,27.875,23.875,35.695,0.0,40.35
2021-12-21 16:00:56,29.866666666666664,5.285,27.685000000000002,34.91,49.46,0.0,40.16
2021-12-21 17:00:56,28.650000000000006,8.25,27.09,40.76,58.464999999999996,0.0,39.82
2021-12-21 18:00:56,37.49333333333333,6.95,27.834999999999997,54.05500000000001,73.815,0.0,38.72
2021-12-21 19:00:56,38.36666666666667,8.674999999999999,30.02,54.37,74.61,0.0,38.3
2021-12-21 20:00:56,37.63333333333333,19.69,34.15,55.51,81.46,0.0,38.33
2021-12-21 21:00:56,35.79,17.845,26.664999999999996,39.065,55.32,0.0,39.54
2021-12-21 22:00:56,34.516666666666666,15.18,28.67,36.97,50.254999999999995,0.0,40.18
2021-12-21 23:00:56,30.723333333333333,14.095,34.115,31.925,43.53,0.0,40.63
2021-12-22 00:00:56,30.933333333333334,17.205,34.265,29.845,40.215,0.0,40.52
2021-12-22 01:00:56,24.156666666666666,14.315,28.799999999999997,31.145,42.255,0.0,40.51
2021-12-22 02:00:56,23.53666666666667,12.555,30.875,24.855,33.885,0.0,41.27
2021-12-22 03:00:56,17.78666666666667,13.96,28.2,21.554999999999996,29.820000000000004,0.0,41.18
2021-12-22 04:00:56,15.076666666666666,9.799999999999999,27.725000000000005,20.82,29.149999999999995,0.0,40.49
2021-12-22 05:00:56,20.723333333333333,9.205,27.599999999999998,22.09,30.23,0.0,40.71
2021-12-22 06:00:56,20.346666666666668,8.395,27.3,27.314999999999998,35.800000000000004,0.0,40.55
2021-12-22 07:00:56,24.523333333333333,15.86,25.475000000000005,31.485,41.715,0.0,40.32
2021-12-22 08:00:56,23.856666666666666,17.785,25.909999999999997,39.66,51.199999999999996,0.0,40.31
2021-12-22 09:00:56,35.77,18.345,31.14,64.255,90.915,0.0,38.84
2021-12-22 10:00:56,53.61333333333333,26.195000000000004,30.76,55.26,86.31,0.0,39.78
2021-12-22 11:00:56,51.43666666666667,26.665000000000003,30.650000000000002,40.865,61.5,0.0,41.69
2021-12-22 12:00:56,40.15333333333333,32.705,29.02,37.205000000000005,57.06999999999999,0.0,41.27
2021-12-22 13:00:56,31.916666666666668,25.205,28.439999999999998,31.34,47.044999999999995,0.0,42.16
2021-12-22 14:00:56,25.146666666666665,14.58,27.429999999999996,30.48,44.60999999999999,0.0,41.54
2021-12-22 15:00:56,24.87333333333333,8.845,26.995000000000005,42.435,66.28,0.0,41.02
2021-12-22 16:00:56,23.523333333333333,7.814999999999999,30.495000000000005,58.199999999999996,95.745,0.0,40.41
2021-12-22 17:00:56,26.366666666666667,14.945,27.955,45.51500000000001,62.03,0.0,41.8
2021-12-22 18:00:56,41.17,16.165000000000003,27.805000000000003,59.645,83.545,0.0,40.76
2021-12-22 19:00:56,44.513333333333335,20.349999999999998,31.005,86.40500000000002,138.22,0.0,39.51
2021-12-22 20:00:56,45.876666666666665,21.834999999999997,30.635,69.445,97.745,0.0,40.3
2021-12-22 21:00:56,47.223333333333336,24.12,37.82,61.22,76.97500000000001,0.0,39.97
2021-12-22 22:00:56,51.82,27.97,30.290000000000003,55.45000000000001,72.33,0.0,39.93
2021-12-22 23:00:56,43.11666666666667,24.86,33.81,46.59,59.86000000000001,0.0,40.63
2021-12-23 00:00:56,40.52333333333333,18.035,42.580000000000005,42.145,54.01,0.0,40.3
2021-12-23 01:00:56,45.85,23.365,41.79,43.07,54.535,0.0,39.96
2021-12-23 02:00:56,45.66,24.959999999999997,35.435,38.71,48.24,0.0,40.09
2021-12-23 03:00:56,42.63333333333333,26.76,31.564999999999998,34.06,43.32,0.0,41.19
2021-12-23 04:00:56,34.47666666666667,23.959999999999997,34.625,31.28,40.34,0.0,40.67
2021-12-23 05:00:56,40.653333333333336,20.045,29.064999999999998,26.814999999999998,35.54,0.0,40.44
2021-12-23 06:00:56,37.06333333333333,19.67,27.575,26.625,35.065,0.0,40.58
2021-12-23 07:00:56,27.143333333333334,20.535,25.439999999999998,29.105,38.88,0.0,40.13
2021-12-23 08:00:56,30.073333333333334,18.005,27.900000000000002,41.355,56.4,0.0,39.53
2021-12-23 09:00:56,37.79333333333334,19.965,27.33,53.885,77.305,0.0,39.04
2021-12-23 10:00:56,41.28333333333333,29.145,32.94,53.225,75.41,0.0,39.71
2021-12-23 11:00:56,39.733333333333334,38.795,33.825,53.46,78.63,0.0,39.96
2021-12-23 12:00:56,43.11,40.735,33.050000000000004,44.76500000000001,66.69,0.0,41.22
2021-12-23 13:00:56,51.123333333333335,33.33,31.42,46.57500000000001,68.905,0.0,41.1
2021-12-23 14:00:56,31.126666666666665,23.83,30.314999999999998,47.13499999999999,76.24000000000001,0.0,41.03
2021-12-23 15:00:56,27.433333333333334,18.24,31.87,52.04,82.08999999999999,0.0,40.42
2021-12-23 16:00:56,22.386666666666667,16.275000000000002,28.5,52.96,80.875,0.0,40.27
2021-12-23 17:00:56,23.453333333333333,11.265,26.75,49.650000000000006,67.365,0.0,41.09
2021-12-23 18:00:56,33.93666666666667,13.975,27.42,89.585,143.73000000000002,0.0,39.5
2021-12-23 19:00:56,39.766666666666666,30.03,40.370000000000005,101.145,192.42,0.0,38.75
2021-12-23 20:00:56,41.13333333333333,30.665000000000003,51.68000000000001,92.83,144.745,0.0,38.77
2021-12-23 21:00:56,34.67333333333333,32.465,40.805,92.915,140.615,0.0,39.29
2021-12-23 22:00:56,36.68333333333334,37.42,37.165,86.005,134.70000000000002,0.0,39.57
2021-12-23 23:00:56,47.019999999999996,51.385,29.405,90.21499999999999,144.0,0.0,37.53
2021-12-24 00:00:56,50.21,52.055,50.66,96.00999999999999,146.435,0.0,37.58
2021-12-24 01:00:56,46.34,45.85999999999999,33.52,81.92999999999999,120.64999999999999,0.0,38.47
2021-12-24 02:00:56,50.83,41.36,31.135,73.25,94.72500000000001,0.0,38.44
2021-12-24 03:00:56,48.61,44.464999999999996,31.705,69.98,86.58999999999999,0.0,39.42
2021-12-24 04:00:56,40.83,41.17,28.765,74.83,96.415,0.0,38.36
2021-12-24 05:00:56,39.35333333333333,28.61,26.33,70.785,90.53500000000001,0.0,37.79
2021-12-24 06:00:56,42.556666666666665,26.7,25.689999999999998,65.235,79.73,0.0,39.93
2021-12-24 07:00:56,40.903333333333336,26.89,25.97,62.225,85.89999999999999,0.0,40.53
2021-12-24 08:00:56,35.08,28.834999999999997,25.810000000000002,76.745,124.605,0.0,40.85
2021-12-24 09:00:56,41.483333333333334,35.72,25.935000000000002,87.11500000000001,182.52,0.0,38.43
2021-12-24 10:00:56,46.92666666666667,42.645,28.149999999999995,83.89,169.53,0.0,38.4
2021-12-24 11:00:56,67.11666666666667,61.98,33.735,72.235,126.935,0.0,41.39
2021-12-24 12:00:56,71.03999999999999,57.23499999999999,32.385,46.550000000000004,71.685,0.0,43.44
2021-12-24 13:00:56,51.84,50.685,31.34,36.39,53.77,0.0,43.17
2021-12-24 14:00:56,39.10333333333333,33.76,28.155,31.630000000000006,44.22,0.0,43.22
2021-12-24 15:00:56,30.976666666666667,18.675,27.599999999999998,34.415,48.22,0.0,42.45
2021-12-24 16:00:56,31.87,15.845,27.230000000000004,32.47,44.1,0.0,42.12
2021-12-24 17:00:56,36.07,18.195,26.694999999999997,33.41,44.95000000000001,0.0,42.4
2021-12-24 18:00:56,30.45,18.49,26.865,40.15,51.28,0.0,41.69
2021-12-24 19:00:56,39.16,16.349999999999998,26.674999999999997,45.69,58.92499999999999,0.0,42.35
2021-12-24 20:00:56,43.586666666666666,20.39,26.274999999999995,42.550000000000004,54.14000000000001,0.0,41.63
2021-12-24 21:00:56,41.06666666666666,24.49,26.78,40.255,52.28,0.0,42.37
2021-12-24 22:00:56,42.94333333333333,29.315,27.05,33.145,43.32,0.0,43.53
2021-12-24 23:00:56,42.43666666666667,33.080000000000005,35.835,34.685,45.45000000000001,0.0,43.66
2021-12-25 00:00:56,48.57666666666667,30.395,27.17,32.94,42.495000000000005,0.0,43.06
2021-12-25 01:00:56,38.843333333333334,29.515,41.23,27.935,36.97,0.0,45.36
2021-12-25 02:00:56,45.85666666666667,30.39,40.335,30.180000000000003,38.975,0.0,45.78
2021-12-25 03:00:56,41.836666666666666,33.474999999999994,61.17000000000001,36.465,45.195,0.0,45.05
2021-12-25 04:00:56,44.06,31.575000000000003,37.934999999999995,28.175,36.31,0.0,44.93
2021-12-25 05:00:56,47.11333333333334,31.409999999999997,52.03,35.51,44.105,0.0,45.68
2021-12-25 06:00:56,45.00666666666667,34.005,37.64,40.115,52.135,0.0,44.71
2021-12-25 07:00:56,43.38666666666666,28.965,30.064999999999998,37.53,47.35999999999999,0.0,43.27
2021-12-25 08:00:56,48.83333333333333,32.12,29.894999999999996,77.035,116.89,0.0,41.71
2021-12-25 09:00:56,41.70333333333333,22.695000000000004,29.895,104.25999999999999,198.84500000000003,0.0,40.81
2021-12-25 10:00:56,50.79666666666667,31.485,35.095,80.655,129.23,0.0,42.22
2021-12-25 11:00:56,53.276666666666664,46.794999999999995,32.19,50.0,71.02499999999999,0.0,44.04
2021-12-25 12:00:56,51.336666666666666,41.75,28.55,37.235,51.699999999999996,0.0,45.07
2021-12-25 13:00:56,43.61666666666667,31.709999999999997,26.89,34.385,48.51,0.0,44.73
2021-12-25 14:00:56,38.443333333333335,25.33,28.810000000000002,37.5,53.415,0.0,43.75
2021-12-25 15:00:56,35.84666666666667,19.34,29.985,44.379999999999995,61.76500000000001,0.0,41.41
2021-12-25 16:00:56,43.06333333333333,16.735,27.865,51.84,75.615,0.0,41.35
2021-12-25 17:00:56,37.4,23.235,28.61,64.65,89.90000000000002,0.0,41.09
2021-12-25 18:00:56,41.19,24.2,28.115,94.27,155.97500000000002,0.0,39.67
2021-12-25 19:00:56,65.26666666666667,43.35999999999999,45.595,131.73000000000002,317.565,0.0,39.7
2021-12-25 20:00:56,102.41333333333334,65.77499999999999,64.91,135.995,365.155,0.0,39.21
2021-12-25 21:00:56,117.72333333333334,81.99000000000001,79.795,133.95000000000002,376.85999999999996,0.0,38.28
2021-12-25 22:00:56,127.54,101.2,68.52,122.955,294.87,0.0,37.36
2021-12-25 23:00:56,133.1,88.645,63.18000000000001,119.40499999999999,302.065,0.0,37.94
2021-12-26 00:00:56,109.63666666666666,89.74,63.115,110.66000000000001,221.74,0.0,38.68
2021-12-26 01:00:56,90.48333333333332,71.99,57.57,88.28500000000001,147.995,0.0,43.49
2021-12-26 02:00:56,66.25666666666666,47.95000000000001,40.675,77.19999999999999,159.17,0.0,43.65
2021-12-26 03:00:56,65.58333333333333,35.75,43.004999999999995,91.24000000000001,169.015,0.0,40.45
2021-12-26 04:00:56,54.906666666666666,32.365,42.065,74.24,101.355,0.0,41.74
2021-12-26 05:00:56,51.58666666666667,26.58,34.31,88.66000000000001,141.515,0.0,38.97
2021-12-26 06:00:56,52.73,27.62,36.545,75.02499999999999,97.77,0.0,42.73
2021-12-26 07:00:56,41.68333333333334,24.334999999999997,33.94,85.48,122.21,0.0,39.77
2021-12-26 08:00:56,38.25666666666667,24.814999999999998,31.849999999999998,88.765,163.57000000000002,0.0,39.62
2021-12-26 09:00:56,42.95666666666666,36.41,35.205,100.79,211.5,0.0,39.25
2021-12-26 10:00:56,39.64,35.025,35.66,95.675,189.34,0.0,39.69
2021-12-26 11:00:56,55.39,36.205,37.375,99.795,191.985,0.0,42.12
2021-12-26 12:00:56,72.5,53.905,35.455,64.46,91.43,0.0,42.14
2021-12-26 13:00:56,50.95666666666667,36.84,35.575,63.28,92.045,0.0,40.5
2021-12-26 14:00:56,55.79666666666667,29.200000000000003,34.635,72.13499999999999,118.22500000000001,0.0,36.64
2021-12-26 15:00:56,57.45,24.405,34.58,77.96,132.31,0.0,36.4
2021-12-26 16:00:56,54.733333333333334,25.11,31.47,73.735,124.12,0.0,41.42
2021-12-26 17:00:56,49.63666666666666,21.19,35.95,101.89,181.66,0.0,38.61
2021-12-26 18:00:56,65.05,29.97,30.959999999999997,111.44,227.085,0.0,39.0
2021-12-26 19:00:56,99.89,42.115,30.819999999999997,107.61500000000001,213.79999999999998,0.0,37.31
2021-12-26 20:00:56,107.97999999999999,54.99,37.464999999999996,99.15500000000002,187.265,0.0,38.12
2021-12-26 21:00:56,101.06333333333333,57.255,48.419999999999995,106.77500000000002,226.92500000000004,0.0,39.27
2021-12-26 22:00:56,96.49000000000001,58.21,39.349999999999994,109.45,267.165,0.0,40.47
2021-12-26 23:00:56,101.69,70.505,38.565,110.2,285.44,0.0,40.25
2021-12-27 00:00:56,107.63666666666667,79.015,59.995000000000005,115.575,290.43,0.0,39.61
2021-12-27 01:00:56,94.50999999999999,75.46,56.105,98.455,209.59500000000003,0.0,39.42
2021-12-27 02:00:56,71.06,69.35000000000001,55.425000000000004,89.645,182.31499999999997,0.0,42.42
2021-12-27 03:00:56,59.85333333333333,57.785,42.22,79.035,166.0,0.0,42.81
2021-12-27 04:00:56,54.22666666666667,44.74,37.775,80.595,139.62,0.0,40.32
2021-12-27 05:00:56,33.69333333333333,37.46,27.02,79.5,146.555,0.0,40.52
2021-12-27 06:00:56,35.73,41.135,27.265,80.845,137.43,0.0,40.82
2021-12-27 07:00:56,42.13333333333333,40.26,24.53,75.82,135.205,0.0,40.58
2021-12-27 08:00:56,43.08,42.275,25.715000000000003,92.13999999999999,233.73,0.0,40.98
2021-12-27 09:00:56,43.18,48.4,24.52,102.12,372.90000000000003,0.0,41.29
2021-12-27 10:00:56,56.94333333333333,69.06,36.035,117.17,385.055,0.0,41.39
2021-12-27 11:00:56,107.84,92.16000000000001,49.96,97.33,213.42999999999998,0.0,43.58
2021-12-27 12:00:56,136.19,90.835,48.805,120.495,243.765,0.0,42.87
2021-12-27 13:00:56,135.07333333333332,87.91000000000001,37.095,70.00999999999999,110.395,0.0,50.25
2021-12-27 14:00:56,77.62333333333333,66.215,33.265,50.97,79.025,0.0,47.03
2021-12-27 15:00:56,57.39666666666667,39.99,30.635,40.195,59.025,0.0,46.3
2021-12-27 16:00:56,54.04666666666667,29.820000000000004,38.71,49.06999999999999,66.08,0.0,44.73
2021-12-27 17:00:56,59.08,23.834999999999997,44.21,82.185,119.335,0.0,40.6
2021-12-27 18:00:56,70.84333333333333,25.09,33.53,138.38,493.885,0.0,38.44
2021-12-27 19:00:56,123.35,35.24,27.849999999999998,117.205,327.62,0.0,38.94
2021-12-27 20:00:56,93.8,42.945,27.635,117.575,355.03999999999996,0.0,38.63
2021-12-27 21:00:56,76.01666666666667,55.695,31.935000000000002,105.90499999999999,277.16,0.0,38.17
2021-12-27 22:00:56,74.56333333333333,60.625,27.914999999999996,102.87,335.695,0.0,38.57
2021-12-27 23:00:56,90.27666666666667,76.935,27.474999999999998,103.74000000000001,394.49,0.0,40.34
2021-12-28 00:00:56,95.58666666666667,106.07,27.92,99.315,334.395,0.0,39.48
2021-12-28 01:00:56,85.81666666666666,89.28500000000001,26.825000000000003,91.685,286.455,0.0,39.67
2021-12-28 02:00:56,93.31666666666668,94.53000000000002,25.669999999999998,86.97499999999998,311.87,0.0,40.27
2021-12-28 03:00:56,101.25666666666666,101.92999999999999,27.019999999999996,79.86,252.615,0.0,40.08
2021-12-28 04:00:56,87.17333333333333,94.71499999999999,27.105,73.445,182.81000000000003,0.0,39.67
2021-12-28 05:00:56,72.45666666666666,71.905,26.209999999999997,74.66,194.785,0.0,39.48
2021-12-28 06:00:56,54.843333333333334,61.60999999999999,26.255,72.775,176.25,0.0,40.45
2021-12-28 07:00:56,56.63333333333333,52.35,26.245,76.85000000000001,183.44999999999996,0.0,40.24
2021-12-28 08:00:56,48.77333333333333,56.464999999999996,25.820000000000004,85.005,234.245,0.0,41.07
2021-12-28 09:00:56,61.666666666666664,54.43000000000001,27.090000000000003,113.77999999999999,421.05,0.0,41.09
2021-12-28 10:00:56,62.49333333333333,66.78,27.649999999999995,112.495,420.05,0.0,41.96
2021-12-28 11:00:56,121.97333333333333,101.045,34.06,122.62,345.08,0.0,41.2
2021-12-28 12:00:56,169.45000000000002,114.36,71.0,101.08999999999999,225.585,0.0,45.62
2021-12-28 13:00:56,155.76666666666665,106.71,91.81,118.99,237.015,0.0,44.3
2021-12-28 14:00:56,135.16666666666666,93.92,45.5,82.57499999999999,127.89,0.0,48.42
2021-12-28 15:00:56,91.80333333333334,63.21,39.405,63.96,92.14,0.0,46.02
2021-12-28 16:00:56,73.50333333333333,39.075,30.75,49.69,68.76,0.0,45.8
2021-12-28 17:00:56,56.22,27.78,24.625,57.28,75.61,0.0,43.28
2021-12-28 18:00:56,51.56666666666666,25.825000000000003,26.794999999999998,101.65000000000002,201.55499999999998,0.0,37.97
2021-12-28 19:00:56,66.27333333333333,32.325,31.615,120.07999999999998,320.58,0.0,37.54
2021-12-28 20:00:56,71.13,53.945,31.2,119.375,346.25499999999994,0.0,38.86
2021-12-28 21:00:56,80.72,80.145,29.349999999999998,124.66000000000001,426.18,0.0,39.54
2021-12-28 22:00:56,104.31333333333333,98.935,30.135,106.11,348.23,0.0,38.98
2021-12-28 23:00:56,94.16666666666667,78.75,26.055000000000003,103.06,346.23,0.0,39.5
2021-12-29 00:00:56,100.59666666666666,102.885,28.159999999999997,97.835,357.3,0.0,39.09
2021-12-29 01:00:56,93.95333333333333,109.33999999999999,25.810000000000002,97.91000000000001,378.405,0.0,40.02
2021-12-29 02:00:56,99.61,121.77499999999999,26.985,89.39,299.88,0.0,39.4
2021-12-29 03:00:56,31.55666666666667,19.3,26.225000000000005,31.314999999999998,77.865,0.0,0.0
2021-12-29 04:00:56,28.61,17.585,26.340000000000003,24.76,53.585,0.0,0.0
2021-12-29 05:00:56,25.706666666666663,15.07,26.349999999999998,26.015,61.48,0.0,0.0
2021-12-29 06:00:56,25.813333333333333,11.729999999999999,26.23,26.655,50.69499999999999,0.0,0.0
2021-12-29 07:00:56,26.406666666666666,9.285,26.295,25.03,42.255,0.0,0.0
2021-12-29 08:00:56,28.126666666666665,14.54,26.435000000000002,21.355,51.77,0.0,0.0
2021-12-29 09:00:56,33.17666666666666,17.42,26.319999999999997,24.560000000000002,70.33,0.0,0.0
2021-12-29 10:00:56,46.403333333333336,15.525,28.834999999999997,30.98,74.825,0.0,0.0
2021-12-29 11:00:56,91.18,74.73,37.025,106.89,299.62,0.0,40.14
2021-12-29 12:00:56,98.92,86.625,41.419999999999995,110.445,298.01,0.0,39.09
2021-12-29 13:00:56,96.56666666666666,84.955,38.63,85.37,167.71,0.0,40.43
2021-12-29 14:00:56,81.44,61.1,37.81,69.67999999999999,116.26999999999998,0.0,42.75
2021-12-29 15:00:56,69.62666666666667,45.365,29.5,50.635,69.755,0.0,44.55
2021-12-29 16:00:56,60.52666666666667,36.495,33.225,55.905,80.96000000000001,0.0,44.08
2021-12-29 17:00:56,62.06333333333333,27.13,33.78,73.095,105.835,0.0,43.13
2021-12-29 18:00:56,67.43,33.34,33.14,110.0,310.395,0.0,41.16
2021-12-29 19:00:56,83.86666666666667,52.51,33.35,113.495,367.22499999999997,0.0,41.53
2021-12-29 20:00:56,98.60333333333334,73.105,40.5,113.82,357.27,0.0,41.58
2021-12-29 21:00:56,97.91666666666667,87.16000000000001,32.725,96.105,286.445,0.0,40.75
2021-12-29 22:00:56,95.18333333333332,95.27,29.435000000000002,92.91000000000001,328.01500000000004,0.0,43.39
2021-12-29 23:00:56,112.34,104.66000000000001,30.169999999999998,89.765,294.92,0.0,41.47
2021-12-30 00:00:56,95.60666666666667,91.265,29.879999999999995,79.2,262.75,0.0,41.45
2021-12-30 01:00:56,97.67666666666668,95.55,29.5,76.675,252.365,0.0,42.14
2021-12-30 02:00:56,91.40666666666665,89.14999999999999,30.855000000000004,74.99000000000001,244.85,0.0,39.79
2021-12-30 03:00:56,87.27666666666667,81.64,29.345,69.995,219.58,0.0,40.57
2021-12-30 04:00:56,88.06,85.815,28.75,60.625,163.49,0.0,38.38
2021-12-30 05:00:56,69.45,71.58,29.194999999999997,61.900000000000006,140.125,0.0,39.28
2021-12-30 06:00:56,62.196666666666665,52.98,28.73,65.68,155.28,0.0,40.72
2021-12-30 07:00:56,51.92333333333333,44.02,27.224999999999998,61.669999999999995,146.67,0.0,38.32
2021-12-30 08:00:56,58.16333333333333,47.445,27.58,86.89,313.04,0.0,39.99
2021-12-30 09:00:56,49.406666666666666,54.330000000000005,28.14,108.68,513.875,0.0,38.96
2021-12-30 10:00:56,65.90333333333334,72.585,35.545,90.58999999999999,335.485,0.0,39.54
2021-12-30 11:00:56,76.69666666666666,78.16,35.625,87.46999999999998,214.495,0.0,38.86
2021-12-30 12:00:56,68.02333333333334,58.05500000000001,36.63,71.44500000000001,121.755,0.0,47.46
2021-12-30 13:00:56,71.61,51.505,35.05,62.63999999999999,95.62,0.0,51.32
2021-12-30 14:00:56,62.120000000000005,44.59,36.64,48.22,71.375,0.0,51.51
2021-12-30 15:00:56,48.31666666666666,34.86,29.005,36.835,54.475,0.0,52.54
2021-12-30 16:00:56,45.18666666666667,24.985,27.700000000000003,38.895,56.73,0.0,47.95
2021-12-30 17:00:56,48.06666666666666,20.2,27.689999999999998,62.629999999999995,95.08,0.0,44.81
2021-12-30 18:00:56,58.92333333333333,23.205,29.545,136.01,447.21000000000004,0.0,41.07
2021-12-30 19:00:56,139.17666666666668,40.25,28.350000000000005,117.90000000000002,332.74,0.0,41.23
2021-12-30 20:00:56,137.93333333333334,56.475,24.575000000000003,101.49000000000001,304.34999999999997,0.0,42.43
2021-12-30 21:00:56,123.44,75.03,24.63,104.22500000000001,353.535,0.0,41.06
2021-12-30 22:00:56,107.43,75.32499999999999,24.290000000000003,103.92,339.16,0.0,39.07
2021-12-30 23:00:56,108.64666666666668,81.14999999999999,24.525000000000002,99.05,326.98,0.0,39.61
2021-12-31 00:00:56,98.04333333333334,72.94,30.659999999999997,97.685,313.805,0.0,38.59
2021-12-31 01:00:56,89.48666666666668,74.105,26.159999999999997,91.625,343.22,0.0,40.24
2021-12-31 02:00:56,95.11333333333334,87.09999999999998,26.450000000000003,91.68,303.25,0.0,40.6
2021-12-31 03:00:56,89.79333333333334,77.105,24.709999999999997,77.08,220.09500000000003,0.0,39.92
2021-12-31 04:00:56,85.48,76.39999999999999,26.305000000000003,74.95,191.07499999999996,0.0,40.44
2021-12-31 05:00:56,73.11333333333333,68.62,26.019999999999996,71.30499999999999,177.21,0.0,40.77
2021-12-31 06:00:56,69.03333333333333,66.235,25.975000000000005,74.83,176.96,0.0,37.82
2021-12-31 07:00:56,63.623333333333335,58.345,25.385,75.28999999999999,180.34,0.0,37.33
2021-12-31 08:00:56,51.330000000000005,53.5,25.224999999999998,83.315,223.68999999999997,0.0,38.63
2021-12-31 09:00:56,62.63,56.30500000000001,25.67,108.91000000000001,416.86999999999995,0.0,35.49
2021-12-31 10:00:56,77.5,67.34,32.065,109.305,364.14000000000004,0.0,39.05
2021-12-31 11:00:56,128.89666666666665,93.335,38.095,116.335,315.265,0.0,34.22
2021-12-31 12:00:56,149.32,106.28000000000002,34.379999999999995,104.815,222.91,0.0,35.87
2021-12-31 13:00:56,130.22,96.02,44.855,80.33999999999999,134.07,0.0,41.33
2021-12-31 14:00:56,103.72,78.57,37.6,57.73499999999999,90.805,0.0,45.65
2021-12-31 15:00:56,86.1,62.23499999999999,38.235,61.385,88.39,0.0,48.51
2021-12-31 16:00:56,81.90666666666667,48.53,39.395,68.62,96.13999999999999,0.0,46.66
2021-12-31 17:00:56,78.56333333333333,41.715,45.715,83.08999999999999,115.87,0.0,43.73
2021-12-31 18:00:56,77.28666666666666,40.045,33.535,94.915,151.85000000000002,0.0,46.56
2021-12-31 19:00:56,87.75333333333333,39.6,40.870000000000005,134.03,292.07,0.0,40.57
2021-12-31 20:00:56,124.05666666666667,48.455000000000005,52.365,128.98000000000002,282.66,0.0,40.68
2021-12-31 21:00:56,125.94333333333333,53.105,52.01,123.91000000000001,314.3,0.0,41.31
2021-12-31 22:00:56,141.42666666666668,80.085,40.72,108.50999999999999,239.34,0.0,39.59
2021-12-31 23:00:56,141.56333333333333,80.03,37.79,100.28500000000001,225.505,0.0,39.42
2022-01-01 00:00:56,131.76666666666668,79.13499999999999,32.26,99.96999999999998,273.68,0.0,39.67
2022-01-01 01:00:56,139.50333333333333,76.46,33.14,99.89999999999999,271.515,0.0,5.51
2022-01-01 02:00:56,131.35333333333332,73.895,29.534999999999997,87.37,223.56000000000003,0.0,5.65
2022-01-01 03:00:56,107.78,65.975,31.465000000000003,90.96999999999998,256.71999999999997,0.0,6.4
2022-01-01 04:00:56,104.78666666666666,72.59,31.159999999999997,81.645,165.205,0.0,9.01
2022-01-01 05:00:56,97.64,60.695,29.475000000000005,70.685,110.00999999999999,0.0,8.87
2022-01-01 06:00:56,64.02,51.34,29.77,73.07,111.21,0.0,5.9
2022-01-01 07:00:56,50.93666666666667,45.25,30.325000000000003,75.31,127.61,0.0,5.52
2022-01-01 08:00:56,41.56333333333333,31.245,27.929999999999996,75.91000000000001,155.315,0.0,5.58
2022-01-01 09:00:56,38.98,32.13,29.755,88.02,241.455,0.0,5.38
2022-01-01 10:00:56,57.15,38.910000000000004,32.775,93.87,242.01,0.0,2.74
2022-01-01 11:00:56,71.69333333333333,53.48,38.785,92.205,183.965,0.0,7.92
2022-01-01 12:00:56,89.51666666666667,60.85999999999999,27.950000000000003,34.044999999999995,54.19,0.0,16.5
2022-01-01 13:00:56,62.900000000000006,49.615,26.355000000000004,34.52,50.525,0.0,16.25
2022-01-01 14:00:56,53.763333333333335,35.035,26.695000000000004,37.875,52.495,0.0,15.29
2022-01-01 15:00:56,42.81666666666666,29.035,25.005,40.125,54.27,0.0,13.19
2022-01-01 16:00:56,44.056666666666665,23.745,25.035,49.905,74.065,0.0,11.05
2022-01-01 17:00:56,41.81333333333333,25.13,27.909999999999997,57.48,82.57499999999999,0.0,9.65
2022-01-01 18:00:56,43.35333333333333,28.535,29.429999999999996,73.495,110.86500000000001,0.0,7.32
2022-01-01 19:00:56,46.166666666666664,40.765,30.304999999999996,75.875,112.08,0.0,8.27
2022-01-01 20:00:56,55.620000000000005,36.68,28.325,59.69,81.77,0.0,7.94
2022-01-01 21:00:56,52.336666666666666,36.275,28.084999999999997,69.41000000000001,102.01499999999999,0.0,7.6
2022-01-01 22:00:56,50.269999999999996,34.195,30.735,67.365,100.185,0.0,5.82
2022-01-01 23:00:56,49.166666666666664,38.93,30.334999999999997,72.6,117.61500000000001,0.0,6.15
2022-01-02 00:00:56,57.86666666666667,39.845,27.319999999999997,71.865,134.48000000000002,0.0,4.28
2022-01-02 01:00:56,66.14333333333333,48.1,28.650000000000002,73.485,164.265,0.0,5.43
2022-01-02 02:00:56,67.43666666666667,57.375,20.465,66.645,124.61500000000001,0.0,6.0
2022-01-02 03:00:56,52.7,54.26500000000001,20.57,46.31,73.68,0.0,6.95
2022-01-02 04:00:56,48.196666666666665,44.355,20.48,44.449999999999996,71.295,0.0,8.54
2022-01-02 05:00:56,45.23,33.345,20.44,49.625,71.735,0.0,7.84
2022-01-02 06:00:56,37.07333333333333,30.015,20.535,38.370000000000005,58.055,0.0,5.37
2022-01-02 07:00:56,35.92666666666667,34.52,20.055,36.68,54.145,0.0,9.3
2022-01-02 08:00:56,36.87,31.450000000000003,19.71,31.544999999999998,50.54999999999999,0.0,11.06
2022-01-02 09:00:56,35.126666666666665,20.935,20.33,30.445000000000004,48.919999999999995,0.0,8.93
2022-01-02 10:00:56,28.673333333333332,17.345,19.14,26.600000000000005,43.18000000000001,0.0,6.55
2022-01-02 11:00:56,29.043333333333333,21.625,20.385,25.7,43.975,0.0,4.92
2022-01-02 12:00:56,27.153333333333336,21.42,19.85,29.399999999999995,49.05500000000001,0.0,4.13
2022-01-02 13:00:56,22.176666666666666,24.86,21.425,42.22,75.19,0.0,8.29
2022-01-02 14:00:56,18.89,17.555,17.905,31.99,48.879999999999995,0.0,7.25
2022-01-02 15:00:56,17.509999999999998,13.925000000000002,17.17,36.09,60.52,0.0,7.3
2022-01-02 16:00:56,16.823333333333334,9.47,25.174999999999997,30.304999999999996,46.53,0.0,15.17
2022-01-02 17:00:56,24.266666666666666,8.594999999999999,26.435000000000002,34.175000000000004,49.925000000000004,0.0,11.62
2022-01-02 18:00:56,24.776666666666667,6.945,30.38,48.46,67.465,0.0,1.91
2022-01-02 19:00:56,34.53,14.399999999999999,38.355,68.28,96.95,0.0,0.0
2022-01-02 20:00:56,41.38333333333333,18.385,34.945,67.73,93.08999999999999,0.0,0.0
2022-01-02 21:00:56,47.88,16.75,29.495,73.63,118.495,0.0,0.0
2022-01-02 22:00:56,33.85333333333333,16.47,31.505,73.925,102.61500000000001,0.0,3.12
2022-01-02 23:00:56,30.33,25.150000000000002,24.635,78.03,118.49000000000001,0.0,0.0
2022-01-03 00:00:56,40.22666666666667,18.585,23.005,73.72500000000001,119.875,0.0,0.0
2022-01-03 01:00:56,46.42,27.275000000000002,22.97,64.615,98.895,0.0,1.46
2022-01-03 02:00:56,55.41,37.115,25.075000000000003,60.51,83.03,0.0,5.22
2022-01-03 03:00:56,39.54333333333334,29.8,26.215000000000003,62.565,83.93,0.0,3.65
2022-01-03 04:00:56,34.06666666666666,23.875,25.724999999999998,60.005,83.51,0.0,3.55
2022-01-03 05:00:56,24.6,20.715,24.53,48.355,68.045,0.0,4.55
2022-01-03 06:00:56,27.186666666666667,12.395000000000001,24.275000000000002,53.745000000000005,74.11500000000001,0.0,4.03
2022-01-03 07:00:56,25.73333333333333,7.62,24.185000000000002,57.46,85.97500000000001,0.0,3.54
2022-01-03 08:00:56,29.89333333333333,7.835,24.345,85.955,193.085,0.0,2.94
2022-01-03 09:00:56,58.00666666666667,15.815,24.569999999999997,89.07,233.25,0.0,2.38
2022-01-03 10:00:56,76.31666666666666,34.88,30.655,89.52,239.765,0.0,2.37
2022-01-03 11:00:56,98.51666666666665,36.449999999999996,34.045,50.300000000000004,79.28,0.0,5.3
2022-01-03 12:00:56,62.07666666666667,32.285,32.81,42.875,65.94,0.0,9.35
2022-01-03 13:00:56,47.39,23.235,30.24,37.64,55.105,0.0,7.08
2022-01-03 14:00:56,41.4,19.11,29.084999999999997,43.660000000000004,64.565,0.0,6.07
2022-01-03 15:00:56,37.07666666666667,11.07,32.945,45.10999999999999,65.14,0.0,5.62
2022-01-03 16:00:56,41.03,6.78,31.73,50.21,72.035,0.0,14.8
2022-01-03 17:00:56,44.04333333333333,9.54,25.115,38.075,51.65,0.0,16.96
2022-01-03 18:00:56,45.89333333333334,9.405,26.515,59.555,74.675,0.0,12.57
2022-01-03 19:00:56,61.50333333333333,12.615,33.61,91.81,145.69,0.0,4.92
2022-01-03 20:00:56,77.32000000000001,27.045,30.629999999999995,99.245,184.905,0.0,0.0
2022-01-03 21:00:56,88.9,36.5,39.755,86.49,142.46,0.0,2.92
2022-01-03 22:00:56,89.68666666666667,32.45,53.845,89.375,164.45000000000002,0.0,0.0
2022-01-03 23:00:56,87.05666666666667,31.725000000000005,51.675000000000004,94.295,187.67499999999998,0.0,3.47
2022-01-04 00:00:56,86.53666666666666,35.545,50.93,90.7,156.815,0.0,3.99
2022-01-04 01:00:56,83.21333333333334,42.045,35.45,65.79,98.85000000000001,0.0,1.96
2022-01-04 02:00:56,57.85,26.304999999999996,30.305000000000003,64.58,94.06,0.0,1.93
2022-01-04 03:00:56,45.06333333333333,20.224999999999998,29.825,52.5,68.22,0.0,4.63
2022-01-04 04:00:56,29.86,14.354999999999999,30.25,60.12,81.25999999999999,0.0,1.91
2022-01-04 05:00:56,28.023333333333333,14.745,33.425000000000004,68.735,89.42,0.0,3.31
2022-01-04 06:00:56,23.64,17.049999999999997,29.63,48.465,63.800000000000004,0.0,0.0
2022-01-04 07:00:56,22.666666666666668,21.345,32.324999999999996,58.775000000000006,85.325,0.0,0.0
2022-01-04 08:00:56,27.243333333333332,14.315,28.560000000000002,94.11500000000001,184.07000000000002,0.0,0.0
2022-01-04 09:00:56,54.64666666666667,18.075000000000003,28.560000000000002,101.985,246.85,0.0,0.0
2022-01-04 10:00:56,103.62333333333333,36.445,29.745,99.09499999999998,236.75,0.0,0.0
2022-01-04 11:00:56,113.06,47.93,33.685,100.94,230.93999999999997,0.0,0.0
2022-01-04 12:00:56,109.72,46.04,41.88,69.07499999999999,108.575,0.0,0.0
2022-01-04 13:00:56,80.32333333333334,39.03,36.28,57.98500000000001,91.91000000000001,0.0,0.0
2022-01-04 14:00:56,70.83666666666667,36.074999999999996,29.959999999999997,38.265,58.72,0.0,0.0
2022-01-04 15:00:56,57.43333333333334,22.185000000000002,26.785,34.9,50.425000000000004,0.0,9.03
2022-01-04 16:00:56,43.94,21.275000000000002,24.974999999999998,33.905,45.595,0.0,12.97
2022-01-04 17:00:56,43.95666666666666,14.165,24.174999999999997,27.515,38.24,0.0,13.06
2022-01-04 18:00:56,38.696666666666665,14.89,24.320000000000004,32.135,44.585,0.0,1.21
2022-01-04 19:00:56,42.233333333333334,15.87,25.254999999999995,48.305,68.71,0.0,1.16
2022-01-04 20:00:56,39.88666666666666,16.48,36.900000000000006,92.325,166.03,0.0,0.0
2022-01-04 21:00:56,66.02333333333334,26.775000000000002,44.15,100.28500000000001,206.42999999999998,0.0,0.0
2022-01-04 22:00:56,76.79666666666667,40.915,40.800000000000004,89.875,169.89499999999998,0.0,0.0
2022-01-04 23:00:56,70.27666666666667,45.31,34.26,66.115,114.645,0.0,0.0
2022-01-05 00:00:56,67.28333333333333,29.39,26.295,55.51500000000001,88.93,0.0,0.0
2022-01-05 01:00:56,58.233333333333334,32.54,24.525000000000002,59.27,100.98,0.0,0.0
2022-01-05 02:00:56,51.53333333333333,26.314999999999998,24.439999999999998,43.94,70.73,0.0,0.0
2022-01-05 03:00:56,45.120000000000005,25.090000000000003,23.87,46.535,72.02,0.0,0.0
2022-01-05 04:00:56,37.11333333333333,25.290000000000003,23.405,53.025000000000006,82.175,0.0,0.0
2022-01-05 05:00:56,34.3,18.88,22.560000000000002,55.495,86.19,0.0,0.0
2022-01-05 06:00:56,33.873333333333335,15.575000000000001,21.425,55.78,86.33999999999999,0.0,0.0
2022-01-05 07:00:56,29.03,17.209999999999997,21.405,62.135,118.47000000000001,0.0,0.0
2022-01-05 08:00:56,36.18333333333334,16.005,23.98,87.105,226.975,0.0,0.0
2022-01-05 09:00:56,41.17666666666667,23.14,24.78,108.925,374.85999999999996,0.0,0.0
2022-01-05 10:00:56,56.373333333333335,31.015,30.225000000000005,91.005,266.115,0.0,0.0
2022-01-05 11:00:56,69.81666666666666,41.225,33.07,60.44499999999999,114.75999999999999,0.0,0.0
2022-01-05 12:00:56,62.70666666666666,29.645,6.38,44.565,78.615,0.0,4.6
2022-01-05 13:00:56,48.44333333333333,33.24,19.54,25.245,0.0,0.0,8.89
2022-01-05 14:00:56,37.14666666666667,20.635,29.125,32.61,50.76,0.0,8.24
2022-01-05 15:00:56,38.43333333333334,14.104999999999999,26.5,46.410000000000004,69.035,0.0,13.89
2022-01-05 16:00:56,43.766666666666666,14.954999999999998,25.235,52.620000000000005,76.17500000000001,0.0,15.71
2022-01-05 17:00:56,48.92,17.415000000000003,28.965000000000003,57.865,78.53,0.0,15.59
2022-01-05 18:00:56,53.836666666666666,16.645,32.815,101.335,182.69500000000002,0.0,15.21
2022-01-05 19:00:56,82.36,24.17,30.810000000000002,109.90000000000002,214.885,0.0,12.66
2022-01-05 20:00:56,124.15,36.19,42.16,126.3,430.105,0.0,9.65
2022-01-05 21:00:56,158.96333333333334,70.965,46.885,108.57,311.875,0.0,6.33
2022-01-05 22:00:56,130.67333333333332,66.57,29.88,75.88,192.67999999999998,0.0,6.26
2022-01-05 23:00:56,109.90333333333334,53.044999999999995,28.810000000000002,67.71,141.395,0.0,6.46
2022-01-06 00:00:56,82.78666666666666,39.66,38.095,95.105,214.44500000000002,0.0,6.2
2022-01-06 01:00:56,72.76,43.82,47.47,84.675,161.74,0.0,6.2
2022-01-06 02:00:56,69.82333333333334,37.96,31.935000000000002,70.86500000000001,136.845,0.0,6.2
2022-01-06 03:00:56,57.116666666666674,26.52,30.584999999999997,66.525,111.27,0.0,6.81
2022-01-06 04:00:56,47.11,25.575000000000003,26.655,64.145,105.395,0.0,6.26
2022-01-06 05:00:56,39.693333333333335,24.930000000000003,25.5,61.885,99.89,0.0,6.49
2022-01-06 06:00:56,40.51,24.33,24.629999999999995,63.830000000000005,107.545,0.0,6.26
2022-01-06 07:00:56,41.086666666666666,30.400000000000002,24.405,67.77,140.92,0.0,6.23
2022-01-06 08:00:56,39.28,28.385,26.27,93.16000000000001,289.23,0.0,3.39
2022-01-06 09:00:56,60.230000000000004,33.43,26.775000000000002,109.05,445.95000000000005,0.0,0.0
2022-01-06 10:00:56,72.58,48.18,38.155,115.32999999999998,415.37000000000006,0.0,0.0
2022-01-06 11:00:56,91.64333333333333,61.669999999999995,41.815,104.53500000000001,281.81,0.0,7.45
2022-01-06 12:00:56,101.43666666666667,66.025,34.15,57.73499999999999,128.31,0.0,8.33
2022-01-06 13:00:56,75.98333333333333,44.07,28.01,30.905,52.43,0.0,0.0
2022-01-06 14:00:56,48.63333333333333,31.820000000000004,30.8,37.515,56.355,0.0,0.0
2022-01-06 15:00:56,44.06666666666666,19.205000000000002,29.13,39.895,56.629999999999995,0.0,0.0
2022-01-06 16:00:56,41.516666666666666,16.599999999999998,29.200000000000003,35.99,49.52,0.0,0.0
2022-01-06 17:00:56,38.376666666666665,14.425000000000002,25.189999999999998,45.935,59.669999999999995,0.0,0.0
2022-01-06 18:00:56,46.14333333333333,11.81,31.885,74.60000000000001,110.885,0.0,0.0
2022-01-06 19:00:56,53.03333333333333,12.655000000000001,38.949999999999996,88.46,161.94,0.0,0.0
2022-01-06 20:00:56,65.10666666666667,18.68,42.215,100.03500000000001,222.81499999999997,0.0,0.0
2022-01-06 21:00:56,89.95333333333333,33.15,45.03999999999999,104.605,327.45000000000005,0.0,0.0
2022-01-06 22:00:56,102.33333333333333,62.535000000000004,41.765,103.805,343.95000000000005,0.0,0.0
2022-01-06 23:00:56,121.43666666666667,78.82,45.145,89.25,238.56500000000003,0.0,0.0
2022-01-07 00:00:56,109.44666666666666,62.22,42.97,75.675,158.01999999999998,0.0,0.0
2022-01-07 01:00:56,74.74333333333334,44.705000000000005,37.66,68.67,136.005,0.0,0.0
2022-01-07 02:00:56,63.093333333333334,41.03,36.465,71.63,159.085,0.0,0.0
2022-01-07 03:00:56,58.623333333333335,32.71,37.84,63.98500000000001,140.625,0.0,0.0
2022-01-07 04:00:56,52.27333333333333,27.675,34.665,67.49000000000001,137.885,0.0,0.0
2022-01-07 05:00:56,62.63999999999999,26.209999999999997,33.480000000000004,69.175,125.13,0.0,0.0
2022-01-07 06:00:56,60.42,30.399999999999995,34.645,67.78,125.02500000000002,0.0,0.0
2022-01-07 07:00:56,52.843333333333334,26.245,30.795,64.27499999999999,137.18,0.0,0.0
2022-01-07 08:00:56,48.53666666666667,19.72,28.925,69.735,187.005,0.0,0.0
2022-01-07 09:00:56,65.87333333333333,45.79,30.735,86.16000000000001,298.68,0.0,0.0
2022-01-07 10:00:56,79.7,43.419999999999995,32.34,90.045,327.815,0.0,0.0
2022-01-07 11:00:56,86.12,50.1,34.94,92.69,257.285,0.0,0.0
2022-01-07 12:00:56,117.30333333333333,65.76,40.5,72.805,145.245,0.0,0.0
2022-01-07 13:00:56,90.30333333333334,50.97,43.169999999999995,75.195,134.30499999999998,0.0,0.0
2022-01-07 14:00:56,89.85333333333334,46.25,41.85,79.445,142.94,0.0,0.0
2022-01-07 15:00:56,108.85666666666667,49.92499999999999,46.48,75.64999999999999,141.195,0.0,0.0
2022-01-07 16:00:56,97.98,43.85,38.69,59.105,89.93,0.0,0.0
2022-01-07 17:00:56,83.16,31.91,31.245000000000005,57.49,95.18,0.0,0.0
2022-01-07 18:00:56,65.96333333333334,23.179999999999996,32.03,90.66000000000001,250.0,0.0,0.0
2022-01-07 19:00:56,97.95333333333333,22.849999999999998,31.01,102.425,362.71000000000004,0.0,0.0
2022-01-07 20:00:56,110.79333333333334,45.525,29.049999999999997,89.53500000000001,255.385,0.0,0.0
2022-01-07 21:00:56,122.07333333333334,69.28999999999999,27.919999999999998,84.14,253.72,0.0,0.0
2022-01-07 22:00:56,118.74666666666667,62.78,27.465,72.14,179.705,0.0,0.0
2022-01-07 23:00:56,111.94,65.445,26.560000000000002,63.605,148.23,0.0,0.0
2022-01-08 00:00:56,94.86333333333333,58.76500000000001,26.900000000000002,68.675,221.35,0.0,0.0
2022-01-08 01:00:56,98.12,53.73500000000001,29.150000000000002,67.65,210.5,0.0,0.0
2022-01-08 02:00:56,213.66,44.415,25.715,56.925000000000004,176.535,0.0,0.0
2022-01-08 03:00:56,950.9133333333334,49.910000000000004,25.959999999999997,54.51500000000001,144.275,0.0,0.0
2022-01-08 04:00:56,502.96000000000004,51.49,25.584999999999997,46.379999999999995,117.3,0.0,0.0
2022-01-08 05:00:56,277.0466666666667,34.849999999999994,24.92,46.254999999999995,115.72499999999998,0.0,0.0
2022-01-08 06:00:56,160.23,38.61,25.195000000000004,49.66,122.86000000000001,0.0,0.0
2022-01-08 07:00:56,107.86333333333334,38.99,24.395,47.74,116.185,0.0,0.0
2022-01-08 08:00:56,62.13,37.96,17.92,47.475,147.665,0.0,0.0
2022-01-08 09:00:56,56.92,37.425000000000004,26.929999999999996,62.24,251.57500000000002,0.0,0.0
2022-01-08 10:00:56,56.696666666666665,48.54,32.925,63.57500000000001,236.43500000000003,0.0,0.0
2022-01-08 11:00:56,71.02,66.19,30.39,62.0,221.095,0.0,0.0
2022-01-08 12:00:56,77.16333333333333,83.935,27.61,55.1,126.23,0.0,0.0
2022-01-08 13:00:56,76.73333333333333,70.585,27.845,60.24,127.395,0.0,0.0
2022-01-08 14:00:56,110.59666666666666,70.955,33.17,60.324999999999996,121.60000000000001,0.0,0.0
2022-01-08 15:00:56,106.96666666666665,63.25,39.975,63.315,108.17,0.0,0.0
2022-01-08 16:00:56,98.87666666666667,57.28999999999999,36.935,65.49000000000001,103.73,0.0,0.0
2022-01-08 17:00:56,109.84333333333333,59.85,31.87,67.64999999999999,115.71499999999999,0.0,0.0
2022-01-08 18:00:56,112.88333333333333,62.22,28.885,83.09,177.17999999999998,0.0,0.0
2022-01-08 19:00:56,130.81666666666666,77.69,29.115,109.635,405.96000000000004,0.0,0.0
2022-01-08 20:00:56,169.69666666666666,87.0,28.174999999999997,101.52499999999999,408.195,0.0,0.0
2022-01-08 21:00:56,159.58333333333334,188.765,28.064999999999998,83.855,297.965,0.0,0.0
2022-01-08 22:00:56,147.88,153.765,26.659999999999997,71.98,228.51999999999998,0.0,0.0
2022-01-08 23:00:56,126.55,109.22499999999998,26.865,77.305,329.125,0.0,0.0
2022-01-09 00:00:56,128.89333333333335,118.615,26.685000000000002,75.345,283.07,0.0,0.0
2022-01-09 01:00:56,123.11,104.915,24.439999999999998,67.21,297.835,0.0,0.0
2022-01-09 02:00:56,133.05333333333334,129.96,24.095,70.415,289.965,0.0,0.0
2022-01-09 03:00:56,131.48,123.15499999999999,23.209999999999997,62.23,237.53,0.0,0.0
2022-01-09 04:00:56,112.13,119.68499999999999,24.03,64.41,201.35,0.0,0.0
2022-01-09 05:00:56,99.50333333333333,92.95,24.165000000000003,64.3,175.58,0.0,0.0
2022-01-09 06:00:56,78.65666666666667,75.355,23.444999999999997,58.91,159.22,0.0,0.0
2022-01-09 07:00:56,71.73666666666666,59.605,23.115,60.71,146.45499999999998,0.0,0.0
2022-01-09 08:00:56,79.0,54.31,25.459999999999997,64.425,137.505,0.0,0.0
2022-01-09 09:00:56,61.17666666666666,42.385,25.840000000000003,67.685,156.985,0.0,0.0
2022-01-09 10:00:56,54.10333333333333,39.165,27.235,68.715,161.215,0.0,0.0
2022-01-09 11:00:56,63.25,42.365,33.879999999999995,90.11500000000001,219.44500000000002,0.0,0.0
2022-01-09 12:00:56,83.82333333333334,49.48,37.915,77.095,131.79999999999998,0.0,0.0
2022-01-09 13:00:56,39.78333333333333,9.594999999999999,32.905,54.97,101.22500000000001,0.0,0.0
2022-01-09 14:00:56,37.516666666666666,2.6199999999999997,23.67,28.64,45.79999999999999,0.0,0.0
2022-01-09 15:00:56,28.946666666666665,9.03,25.2,25.09,37.400000000000006,0.0,0.0
2022-01-09 16:00:56,24.99666666666667,8.56,20.995,27.28,39.33,0.0,0.0
2022-01-09 17:00:56,28.456666666666667,7.645,25.274999999999995,26.915000000000003,36.735,0.0,0.0
2022-01-09 18:00:56,29.71333333333333,9.4,29.534999999999997,86.86500000000001,217.455,0.0,0.0
2022-01-09 19:00:56,66.46666666666667,22.98,29.47,112.645,255.46,0.0,0.0
2022-01-09 20:00:56,79.46666666666667,36.49,29.585000000000004,98.83,200.665,0.0,0.0
2022-01-09 21:00:56,85.07333333333332,55.60999999999999,27.47,94.58999999999999,228.9,0.0,0.0
2022-01-09 22:00:56,125.70333333333333,63.074999999999996,36.395,100.175,245.64,0.0,0.0
2022-01-09 23:00:56,113.04666666666667,54.845,28.755,93.955,257.285,0.0,0.0
2022-01-10 00:00:56,96.98,66.445,41.765,94.37,209.015,0.0,0.0
2022-01-10 01:00:56,82.22333333333333,62.855,40.37,91.53000000000002,202.64,0.0,0.0
2022-01-10 02:00:56,83.27,60.425000000000004,27.97,75.225,143.575,0.0,0.0
2022-01-10 03:00:56,86.31,53.76,26.98,60.98499999999999,80.315,0.0,0.0
2022-01-10 04:00:56,60.92,44.245,25.415000000000003,50.625,60.669999999999995,0.0,0.0
2022-01-10 05:00:56,45.06666666666666,35.050000000000004,24.310000000000002,44.375,52.19,0.0,0.0
2022-01-10 06:00:56,37.03666666666667,26.325000000000003,23.67,34.405,41.415,0.0,0.0
2022-01-10 07:00:56,33.019999999999996,17.845,20.715,28.855,40.21,0.0,0.0
2022-01-10 08:00:56,32.66,20.205,20.72,48.305,72.935,0.0,0.0
2022-01-10 09:00:56,24.076666666666668,13.645000000000001,20.72,79.71,119.765,0.0,0.0
2022-01-10 10:00:56,24.38,15.725,21.645,88.915,152.25,0.0,0.0
2022-01-10 11:00:56,24.96333333333333,13.71,26.855,63.43,93.85000000000001,0.0,0.0
2022-01-10 12:00:56,21.763333333333332,18.11,23.935000000000002,43.205000000000005,57.29999999999999,0.0,0.0
2022-01-10 13:00:56,23.446666666666665,15.545000000000002,21.32,34.77,44.22,0.0,0.0
2022-01-10 14:00:56,21.84,20.16,20.35,33.595,41.435,0.0,0.0
2022-01-10 15:00:56,24.09,13.825000000000001,20.43,43.305,56.06,0.0,0.0
2022-01-10 16:00:56,25.793333333333337,7.355,20.435,42.39,54.405,0.0,0.0
2022-01-10 17:00:56,32.29666666666667,11.015,19.25,42.285,48.49,0.0,0.0
2022-01-10 18:00:56,31.633333333333333,16.015,21.99,83.92,113.57,0.0,0.0
2022-01-10 19:00:56,35.093333333333334,13.61,22.985,77.385,117.09499999999998,0.0,0.0
2022-01-10 20:00:56,39.01,21.12,21.429999999999996,91.8,178.54999999999998,0.0,0.0
2022-01-10 21:00:56,46.02,24.125,27.870000000000005,101.64999999999999,234.89,0.0,0.0
2022-01-10 22:00:56,49.39,27.25,27.895,88.14999999999999,179.89,0.0,0.0
2022-01-10 23:00:56,43.343333333333334,42.794999999999995,23.855000000000004,82.0,177.475,0.0,0.0
2022-01-11 00:00:56,44.026666666666664,39.525,21.435,73.935,175.1,0.0,0.0
2022-01-11 01:00:56,57.53666666666667,47.455000000000005,21.349999999999998,71.335,162.085,0.0,0.0
2022-01-11 02:00:56,55.973333333333336,42.79,21.59,62.81999999999999,150.99,0.0,0.0
2022-01-11 03:00:56,70.2,56.0,21.32,64.855,158.905,0.0,0.0
2022-01-11 04:00:56,53.56,48.92499999999999,20.86,61.645,131.445,0.0,0.0
2022-01-11 05:00:56,44.22333333333333,40.10999999999999,21.02,60.615,121.23,0.0,0.0
2022-01-11 06:00:56,38.22,35.735,21.53,59.18000000000001,91.265,0.0,0.0
2022-01-11 07:00:56,29.66,24.92,20.925,59.405,101.995,0.0,0.0
2022-01-11 08:00:56,32.93666666666667,17.55,21.51,73.925,163.45000000000002,0.0,0.0
2022-01-11 09:00:56,34.08,22.995,21.625,71.84,182.17499999999998,0.0,0.0
2022-01-11 10:00:56,50.29,33.645,22.355,78.23,226.135,0.0,0.0
2022-01-11 11:00:56,72.30333333333333,46.16,24.955,86.92,265.54,0.0,0.0
2022-01-11 12:00:56,85.45666666666666,66.375,28.944999999999997,95.19,248.56000000000003,0.0,0.0
2022-01-11 13:00:56,104.72,83.93,29.37,86.92,190.955,0.0,0.0
2022-01-11 14:00:56,84.78,81.34,27.445000000000004,49.635,74.635,0.0,0.0
2022-01-11 15:00:56,44.873333333333335,52.085,23.155,53.5,71.77499999999999,0.0,0.0
2022-01-11 16:00:56,39.04333333333333,29.355,22.450000000000003,57.51499999999999,74.52499999999999,0.0,0.0
2022-01-11 17:00:56,40.57,25.385,20.565,54.385,69.28,0.0,0.0
2022-01-11 18:00:56,32.02666666666667,16.06,21.025000000000002,57.669999999999995,76.185,0.0,0.0
2022-01-11 19:00:56,34.193333333333335,18.15,22.385,74.03,107.96499999999999,0.0,0.0
2022-01-11 20:00:56,34.666666666666664,13.835,23.36,49.64000000000001,67.92,0.0,0.0
2022-01-11 21:00:56,23.35,12.995,24.98,50.45000000000001,69.12,0.0,0.0
2022-01-11 22:00:56,20.07333333333333,13.255,25.175,83.395,134.695,0.0,0.0
2022-01-11 23:00:56,20.73,17.595,20.92,90.83999999999999,170.98000000000002,0.0,0.0
2022-01-12 00:00:56,34.026666666666664,30.070000000000004,20.645,84.39,159.135,0.0,0.0
2022-01-12 01:00:56,45.8,30.245,21.175,61.605,88.2,0.0,0.0
2022-01-12 02:00:56,29.71,22.64,21.55,55.675000000000004,74.95,0.0,0.0
2022-01-12 03:00:56,22.923333333333332,17.68,21.224999999999998,23.429999999999996,32.27,0.0,0.0
2022-01-12 04:00:56,17.27,9.71,20.74,23.895,31.935,0.0,0.0
2022-01-12 05:00:56,13.136666666666665,6.53,20.405,32.505,40.900000000000006,0.0,0.0
2022-01-12 06:00:56,12.183333333333334,6.4750000000000005,20.325,40.59,51.555,0.0,0.0
2022-01-12 07:00:56,14.166666666666666,3.8249999999999997,19.64,46.82,60.050000000000004,0.0,0.0
2022-01-12 08:00:56,21.356666666666666,7.12,19.87,59.794999999999995,92.28000000000002,0.0,0.0
2022-01-12 09:00:56,32.26333333333333,8.71,20.605,84.64999999999999,149.99,0.0,0.0
2022-01-12 10:00:56,35.43333333333333,14.530000000000001,20.51,85.7,159.25,0.0,0.0
2022-01-12 11:00:56,37.89666666666667,33.96,21.01,91.98,179.495,0.0,0.0
2022-01-12 12:00:56,36.97,21.785,21.28,92.98,175.68500000000003,0.0,0.0
2022-01-12 13:00:56,35.67666666666667,24.459999999999997,21.345,89.67,163.735,0.0,0.0
2022-01-12 14:00:56,38.79,21.275000000000002,20.695,72.67,116.795,0.0,0.0
2022-01-12 15:00:56,46.47666666666667,33.83,21.25,46.15,63.585,0.0,0.0
2022-01-12 16:00:56,29.54,21.675,20.535,37.63,51.315,0.0,0.0
2022-01-12 17:00:56,21.686666666666667,15.020000000000001,20.585,42.53,58.64000000000001,0.0,0.0
2022-01-12 18:00:56,17.46,15.585,21.075,61.650000000000006,103.105,0.0,0.0
2022-01-12 19:00:56,18.54,10.025,21.8,71.385,127.42,0.0,0.0
2022-01-12 20:00:56,26.376666666666665,9.87,23.040000000000003,74.525,110.59999999999998,0.0,0.0
2022-01-12 21:00:56,27.24,15.450000000000001,26.03,50.75,71.745,0.0,0.0
2022-01-12 22:00:56,21.846666666666664,13.280000000000001,23.635,33.205000000000005,47.975,0.0,0.0
2022-01-12 23:00:56,16.59,10.195,24.820000000000004,35.69,52.98,0.0,0.0
2022-01-13 00:00:56,18.53333333333333,6.135000000000001,23.564999999999998,30.965,44.129999999999995,0.0,0.0
2022-01-13 01:00:56,17.60666666666667,5.94,21.98,27.205000000000002,38.015,0.0,0.0
2022-01-13 02:00:56,19.536666666666665,7.969999999999999,22.070000000000004,26.554999999999996,37.235,0.0,0.0
2022-01-13 03:00:56,17.173333333333336,11.635,19.575,19.82,28.959999999999997,0.0,0.0
2022-01-13 04:00:56,14.746666666666666,7.405,19.065,19.68,28.669999999999998,0.0,0.0
2022-01-13 05:00:56,14.136666666666665,4.895,18.325,20.365,29.295,0.0,0.0
2022-01-13 06:00:56,16.173333333333336,3.36,20.26,20.53,28.834999999999997,0.0,0.0
2022-01-13 07:00:56,13.29,2.21,20.115,24.12,34.43,0.0,0.0
2022-01-13 08:00:56,12.09,2.35,21.125,37.375,58.150000000000006,0.0,0.0
2022-01-13 09:00:56,13.196666666666667,4.415,24.5,53.115,81.43,0.0,0.0
2022-01-13 10:00:56,14.193333333333332,5.859999999999999,22.424999999999997,46.699999999999996,71.385,0.0,0.0
2022-01-13 11:00:56,20.55,8.87,24.08,36.32,57.275,0.0,0.0
2022-01-13 12:00:56,17.96333333333333,6.27,22.769999999999996,29.965,44.44,0.0,0.0
2022-01-13 13:00:56,17.79,7.9750000000000005,24.86,31.24,44.53,0.0,0.0
2022-01-13 14:00:56,14.57,8.68,23.150000000000002,29.425,40.58,0.0,0.0
2022-01-13 15:00:56,17.97,5.17,23.855,27.939999999999998,37.59,0.0,0.0
2022-01-13 16:00:56,23.68,3.8000000000000003,23.03,29.515,39.015,0.0,0.0
2022-01-13 17:00:56,22.683333333333334,4.075,26.22,31.78,40.695,0.0,0.0
2022-01-13 18:00:56,27.59,4.215,25.325000000000003,36.425000000000004,46.10999999999999,0.0,0.0
2022-01-13 19:00:56,28.96,7.645,28.64,40.115,52.300000000000004,0.0,0.0
2022-01-13 20:00:56,32.29333333333334,6.919999999999999,31.290000000000003,42.705000000000005,55.714999999999996,0.0,0.0
2022-01-13 21:00:56,30.313333333333333,7.755,28.790000000000003,41.515,53.67499999999999,0.0,0.0
2022-01-13 22:00:56,31.43,8.030000000000001,25.47,38.535,49.04,0.0,0.0
2022-01-13 23:00:56,29.64333333333333,6.935,23.555000000000003,33.655,42.324999999999996,0.0,0.0
2022-01-14 00:00:56,23.64333333333333,4.255,23.040000000000003,28.86,35.725,0.0,0.0
2022-01-14 01:00:56,23.303333333333335,4.565,23.255,30.42,38.205,0.0,0.0
2022-01-14 02:00:56,26.333333333333332,14.1,23.724999999999998,30.545,36.39,0.0,0.0
2022-01-14 03:00:56,18.513333333333332,16.939999999999998,23.544999999999998,37.94,43.185,0.0,0.0
2022-01-14 04:00:56,17.066666666666666,11.79,21.5,32.629999999999995,37.805,0.0,0.0
2022-01-14 05:00:56,16.433333333333334,6.795000000000001,20.84,32.22,37.795,0.0,0.0
2022-01-14 06:00:56,20.526666666666667,13.5,22.060000000000002,27.865,32.7,0.0,0.0
2022-01-14 07:00:56,15.683333333333332,6.965,14.12,35.26,43.23,0.0,0.0
2022-01-14 08:00:56,14.86,4.265000000000001,15.604999999999999,50.38,69.76,0.0,0.0
2022-01-14 09:00:56,21.703333333333333,7.695,15.275,69.66,106.64,0.0,0.0
2022-01-14 10:00:56,34.20666666666666,19.035,17.165,64.135,93.425,0.0,0.0
2022-01-14 11:00:56,52.553333333333335,12.775,26.045,49.419999999999995,71.295,0.0,0.0
2022-01-14 12:00:56,46.59666666666667,18.02,28.62,41.465,58.335,0.0,0.0
2022-01-14 13:00:56,40.25,19.505,27.429999999999996,31.27,40.865,0.0,0.0
2022-01-14 14:00:56,41.00666666666667,11.49,21.11,24.149999999999995,31.55,0.0,0.0
2022-01-14 15:00:56,31.19,11.82,22.745000000000005,24.55,30.825000000000003,0.0,0.0
2022-01-14 16:00:56,25.580000000000002,8.545,21.225,25.459999999999997,31.150000000000002,0.0,0.0
2022-01-14 17:00:56,25.023333333333333,10.33,20.16,31.38,39.18,0.0,0.0
2022-01-14 18:00:56,31.07,13.030000000000001,20.755,39.43,48.285,0.0,0.0
2022-01-14 19:00:56,37.19,9.43,21.15,48.754999999999995,56.89000000000001,0.0,0.0
2022-01-14 20:00:56,33.81,11.485,24.655,57.46,67.62,0.0,0.0
2022-01-14 21:00:56,38.21666666666667,16.62,28.01,50.705000000000005,58.63,0.0,0.0
2022-01-14 22:00:56,50.906666666666666,23.52,24.584999999999997,38.585,44.35,0.0,0.0
2022-01-14 23:00:56,41.653333333333336,19.705,23.83,31.540000000000003,36.0,0.0,0.0
2022-01-15 00:00:56,41.20333333333333,15.65,27.724999999999998,33.79,38.05,0.0,0.0
2022-01-15 01:00:56,35.12,19.72,22.584999999999997,26.41,30.540000000000003,0.0,0.0
2022-01-15 02:00:56,33.08,17.21,22.095,27.090000000000003,31.41,0.0,0.0
2022-01-15 03:00:56,27.090000000000003,13.01,23.26,31.47,35.93,0.0,0.0
2022-01-15 04:00:56,28.71,11.975,24.849999999999998,30.47,35.53,0.0,0.0
2022-01-15 05:00:56,22.7,11.89,22.939999999999998,29.570000000000004,34.96,0.0,0.0
2022-01-15 06:00:56,21.063333333333333,10.64,23.150000000000002,34.02,39.885,0.0,0.0
2022-01-15 07:00:56,19.85,10.295,26.159999999999997,38.11,45.145,0.0,0.0
2022-01-15 08:00:56,20.11,13.214999999999998,23.455,47.815,61.669999999999995,0.0,0.0
2022-01-15 09:00:56,34.196666666666665,16.38,22.26,53.48,69.345,0.0,0.0
2022-01-15 10:00:56,43.75333333333333,18.825,23.165000000000003,53.145,77.5,0.0,0.0
2022-01-15 11:00:56,36.39666666666667,24.41,25.77,43.305,61.435,0.0,0.0
2022-01-15 12:00:56,36.89666666666667,23.175,30.804999999999996,52.175000000000004,82.97,0.0,0.0
2022-01-15 13:00:56,38.766666666666666,20.905,33.705,67.09,109.315,0.0,0.0
2022-01-15 14:00:56,38.553333333333335,22.235,35.085,66.985,106.42,0.0,0.0
2022-01-15 15:00:56,37.376666666666665,31.495,26.53,47.525,70.855,0.0,0.0
2022-01-15 16:00:56,38.35666666666667,25.150000000000002,26.005,46.76,66.44,0.0,0.0
2022-01-15 17:00:56,33.36666666666667,19.095,23.304999999999996,45.25,62.625,0.0,0.0
2022-01-15 18:00:56,32.236666666666665,19.03,21.724999999999998,53.79999999999999,68.75999999999999,0.0,0.0
2022-01-15 19:00:56,38.89333333333334,16.439999999999998,20.735,87.02999999999999,116.11000000000001,0.0,0.0
2022-01-15 20:00:56,33.85,23.36,20.83,74.38,99.075,0.0,0.0
2022-01-15 21:00:56,39.49333333333333,20.855,23.784999999999997,81.72500000000001,115.94,0.0,0.0
2022-01-15 22:00:56,32.88,15.065,21.97,64.59,96.2,0.0,0.0
2022-01-15 23:00:56,36.803333333333335,19.325000000000003,31.034999999999997,95.675,146.515,0.0,0.0
2022-01-16 00:00:56,39.00333333333333,36.775,25.86,67.61,98.875,0.0,0.0
2022-01-16 01:00:56,35.00333333333333,25.2,31.8,86.52499999999999,117.515,0.0,0.0
2022-01-16 02:00:56,37.89,24.105,33.67,60.115,86.58999999999999,0.0,0.0
2022-01-16 03:00:56,29.74,18.22,27.455,38.315,49.81,0.0,0.0
2022-01-16 04:00:56,26.673333333333332,13.265,23.095,39.24,51.905,0.0,0.0
2022-01-16 05:00:56,23.616666666666667,12.92,21.73,46.16,58.34,0.0,0.0
2022-01-16 06:00:56,25.43,15.0,22.38,45.435,57.76500000000001,0.0,0.0
2022-01-16 07:00:56,30.36,12.885,21.450000000000003,54.25,69.64999999999999,0.0,0.0
2022-01-16 08:00:56,27.913333333333334,17.515,21.465,58.79999999999999,82.14500000000001,0.0,0.0
2022-01-16 09:00:56,31.99,14.85,21.865,67.41,109.25,0.0,0.0
2022-01-16 10:00:56,38.153333333333336,20.45,24.209999999999997,64.415,112.24,0.0,0.0
2022-01-16 11:00:56,49.18,26.355,29.689999999999998,56.63,90.40500000000002,0.0,0.0
2022-01-16 12:00:56,43.61,33.115,25.485,31.0,45.824999999999996,0.0,0.0
2022-01-16 13:00:56,34.02333333333333,21.790000000000003,33.135,34.415,52.51,0.0,0.0
2022-01-16 14:00:56,30.003333333333334,30.5,25.560000000000002,31.035,45.23499999999999,0.0,0.0
2022-01-16 15:00:56,30.086666666666666,22.23,23.125,28.12,38.51,0.0,0.0
2022-01-16 16:00:56,24.176666666666666,12.35,22.08,30.05,37.52,0.0,0.0
2022-01-16 17:00:56,26.493333333333332,10.26,24.915000000000003,47.18,68.13499999999999,0.0,0.0
2022-01-16 18:00:56,26.62333333333333,13.11,26.430000000000003,49.51500000000001,68.14999999999999,0.0,0.0
2022-01-16 19:00:56,29.13,14.585,23.069999999999997,68.37,117.495,0.0,0.0
2022-01-16 20:00:56,31.613333333333333,18.265,21.474999999999998,54.72,70.585,0.0,0.0
2022-01-16 21:00:56,32.346666666666664,24.495,26.695000000000004,71.305,99.355,0.0,0.0
2022-01-16 22:00:56,38.79666666666667,29.535,39.655,79.245,126.59500000000001,0.0,0.0
2022-01-16 23:00:56,41.54333333333334,27.855000000000004,35.28,63.35999999999999,87.795,0.0,0.0
2022-01-17 00:00:56,37.4,31.155,27.060000000000002,58.865,81.73,0.0,0.0
2022-01-17 01:00:56,34.126666666666665,25.16,24.900000000000002,61.80500000000001,85.78000000000002,0.0,0.0
2022-01-17 02:00:56,34.303333333333335,10.785000000000002,24.370000000000005,33.025,41.965,0.0,0.0
2022-01-17 03:00:56,32.45333333333333,12.39,23.63,28.025000000000002,35.0,0.0,0.0
2022-01-17 04:00:56,35.5,17.900000000000002,22.885,36.195,43.17499999999999,0.0,0.0
2022-01-17 05:00:56,25.03333333333333,11.85,22.179999999999996,48.125,55.75,0.0,0.0
2022-01-17 06:00:56,26.526666666666664,14.835,21.185,43.60999999999999,52.535,0.0,0.0
2022-01-17 07:00:56,34.556666666666665,13.985,22.015,41.145,53.73500000000001,0.0,0.0
2022-01-17 08:00:56,27.383333333333333,15.745,24.38,72.69,107.57000000000001,0.0,0.0
2022-01-17 09:00:56,32.123333333333335,13.425000000000002,26.185000000000002,78.145,140.795,0.0,0.0
2022-01-17 10:00:56,44.843333333333334,14.505,31.439999999999998,57.01,91.65000000000002,0.0,0.0
2022-01-17 11:00:56,37.24666666666667,25.054999999999996,25.145,35.199999999999996,51.955000000000005,0.0,0.0
2022-01-17 12:00:56,35.16,20.655,22.365,28.145,39.23,0.0,0.0
2022-01-17 13:00:56,34.99333333333333,17.025000000000002,20.68,23.755,31.25,0.0,0.0
2022-01-17 14:00:56,30.256666666666668,10.705,20.34,22.060000000000002,27.34,0.0,0.0
2022-01-17 15:00:56,29.91,7.435,20.655,19.685,24.89,0.0,0.0
2022-01-17 16:00:56,25.596666666666664,6.185,19.75,18.62,23.325000000000003,0.0,0.0
2022-01-17 17:00:56,28.00333333333333,3.855,21.625,25.36,30.97,0.0,0.0
2022-01-17 18:00:56,31.79,4.07,21.155,39.49,46.85999999999999,0.0,0.0
2022-01-17 19:00:56,40.67333333333333,11.479999999999999,20.915,40.12,47.585,0.0,0.0
2022-01-17 20:00:56,46.29333333333334,14.99,20.09,30.36,35.79,0.0,0.0
2022-01-17 21:00:56,40.63666666666666,9.025,19.805,26.26,30.445000000000004,0.0,0.0
2022-01-17 22:00:56,32.07666666666667,8.325000000000001,19.765,24.925,28.625,0.0,0.0
2022-01-17 23:00:56,31.906666666666666,8.875,19.49,25.849999999999998,30.13,0.0,0.0
2022-01-18 00:00:56,23.453333333333333,7.03,19.81,23.099999999999998,26.834999999999997,0.0,0.0
2022-01-18 01:00:56,24.81,9.805,19.3,17.92,21.62,0.0,0.0
2022-01-18 02:00:56,24.96,6.969999999999999,19.695,4.855,8.34,0.0,0.0
2022-01-18 03:00:56,23.773333333333333,9.455,19.43,18.0,21.415000000000003,0.0,0.0
2022-01-18 04:00:56,22.403333333333332,2.06,24.785,6.81,10.335,0.0,0.0
2022-01-18 05:00:56,25.056666666666665,6.505,19.575,5.445,8.915,0.0,0.0
2022-01-18 06:00:56,26.366666666666667,1.61,19.400000000000002,19.805,23.405,0.0,0.0
2022-01-18 07:00:56,22.89,1.74,19.400000000000002,24.955,29.825000000000003,0.0,0.0
2022-01-18 08:00:56,25.726666666666667,5.66,20.035,39.065,45.01,0.0,0.0
2022-01-18 09:00:56,35.803333333333335,11.799999999999999,22.209999999999997,65.555,80.0,0.0,0.0
2022-01-18 10:00:56,65.43666666666667,21.405,20.265,36.53,42.065,0.0,0.0
2022-01-18 11:00:56,57.17333333333333,26.849999999999998,20.724999999999998,44.52,55.080000000000005,0.0,0.0
2022-01-18 12:00:56,50.166666666666664,21.08,24.39,41.065,52.830000000000005,0.0,0.0
2022-01-18 13:00:56,47.25666666666666,24.200000000000003,26.63,40.855,54.055,0.0,0.0
2022-01-18 14:00:56,37.483333333333334,22.385,34.975,40.835,51.23,0.0,0.0
2022-01-18 15:00:56,39.92333333333333,25.095,26.950000000000003,47.945,62.225,0.0,0.0
2022-01-18 16:00:56,34.973333333333336,20.265,27.155,46.965,61.35,0.0,0.0
2022-01-18 17:00:56,30.873333333333335,16.64,25.33,46.935,61.555,0.0,0.0
2022-01-18 18:00:56,25.53333333333333,11.655000000000001,29.319999999999997,46.635,57.495,0.0,0.0
2022-01-18 19:00:56,26.4,14.265,29.504999999999995,70.86,101.46499999999999,0.0,0.0
2022-01-18 20:00:56,31.03333333333333,9.735,25.64,44.18,60.81,0.0,0.0
2022-01-18 21:00:56,26.58,9.845,30.175,40.22,54.52,0.0,0.0
2022-01-18 22:00:56,23.633333333333333,10.159999999999998,24.320000000000004,42.745000000000005,56.53,0.0,0.0
2022-01-18 23:00:56,24.133333333333333,6.22,22.3,35.995000000000005,47.785,0.0,0.0
2022-01-19 00:00:56,21.91,4.835,22.09,40.115,51.285,0.0,0.0
2022-01-19 01:00:56,25.04,7.62,22.33,40.155,51.95000000000001,0.0,0.0
2022-01-19 02:00:56,25.583333333333332,6.495,21.59,32.04,42.455,0.0,0.0
2022-01-19 03:00:56,23.94666666666667,8.34,22.599999999999998,36.35,46.055,0.0,0.0
2022-01-19 04:00:56,25.616666666666667,8.69,23.615,42.215,54.695,0.0,0.0
2022-01-19 05:00:56,22.21666666666667,8.885,20.23,39.5,49.47,0.0,0.0
2022-01-19 06:00:56,22.383333333333333,8.33,20.065,28.554999999999996,37.505,0.0,0.0
2022-01-19 07:00:56,18.6,7.37,21.11,47.79,63.055,0.0,0.0
2022-01-19 08:00:56,30.66,9.205,22.445000000000004,92.045,159.82,0.0,0.0
2022-01-19 09:00:56,50.81,11.71,21.74,98.62,214.83,0.0,0.0
2022-01-19 10:00:56,77.66,18.42,23.965000000000003,65.185,119.34500000000001,0.0,0.0
2022-01-19 11:00:56,86.06666666666668,22.48,28.439999999999998,37.975,59.74,0.0,0.0
2022-01-19 12:00:56,55.24666666666667,20.45,29.820000000000004,35.215,51.94,0.0,0.0
2022-01-19 13:00:56,52.093333333333334,18.93,21.99,31.45,45.02,0.0,0.0
2022-01-19 14:00:56,41.38666666666667,12.594999999999999,19.37,27.495000000000005,38.19,0.0,0.0
2022-01-19 15:00:56,38.06,10.35,19.41,29.754999999999995,39.32,0.0,0.0
2022-01-19 16:00:56,35.260000000000005,9.92,19.349999999999998,28.675,37.265,0.0,0.0
2022-01-19 17:00:56,34.70666666666666,9.02,20.855,30.78,39.12,0.0,0.0
2022-01-19 18:00:56,35.75,10.575000000000001,19.69,37.82,44.305,0.0,0.0
2022-01-19 19:00:56,39.11,13.975,21.665000000000003,49.145,62.01,0.0,0.0
2022-01-19 20:00:56,46.443333333333335,15.68,22.885,48.26,61.64000000000001,0.0,0.0
2022-01-19 21:00:56,46.14333333333333,16.44,21.810000000000002,41.169999999999995,49.75999999999999,0.0,0.0
2022-01-19 22:00:56,42.72333333333333,15.685,21.015,37.195,44.02,0.0,0.0
2022-01-19 23:00:56,39.61,14.11,22.515,35.17,41.54,0.0,0.0
2022-01-20 00:00:56,35.11333333333334,13.945,21.224999999999998,32.41,37.26,0.0,0.0
2022-01-20 01:00:56,34.39333333333333,13.5,20.64,27.51,32.025,0.0,0.0
2022-01-20 02:00:56,31.43,12.145000000000001,20.28,20.88,24.49,0.0,0.0
2022-01-20 03:00:56,28.99,3.185,21.88,21.42,24.89,0.0,0.0
2022-01-20 04:00:56,21.94666666666667,2.265,21.405,20.87,24.450000000000003,0.0,0.0
2022-01-20 05:00:56,18.326666666666668,2.36,20.325,21.245,24.855000000000004,0.0,0.0
2022-01-20 06:00:56,20.16,3.795,20.625,23.905,27.44,0.0,0.0
2022-01-20 07:00:56,18.736666666666668,6.544999999999999,21.91,28.61,32.85,0.0,0.0
2022-01-20 08:00:56,21.083333333333332,8.950000000000001,21.0,46.745000000000005,63.96,0.0,0.0
2022-01-20 09:00:56,39.93333333333333,10.949999999999998,20.985,56.655,84.255,0.0,0.0
2022-01-20 10:00:56,56.5,11.06,22.870000000000005,39.505,51.225,0.0,0.0
2022-01-20 11:00:56,58.43333333333334,18.045,22.834999999999997,24.99,30.709999999999997,0.0,0.0
2022-01-20 12:00:56,42.96333333333333,21.325000000000003,29.0,24.285,31.22,0.0,0.0
2022-01-20 13:00:56,42.94,15.034999999999998,21.58,15.670000000000002,28.540000000000003,0.0,0.0
2022-01-20 14:00:56,37.74666666666667,9.1,19.79,23.39,38.395,0.0,0.0
2022-01-20 15:00:56,39.01,6.085,19.205,20.165,33.345,0.0,0.0
2022-01-20 16:00:56,39.14333333333333,4.35,20.06,27.235,40.75,0.0,0.0
2022-01-20 17:00:56,61.19333333333333,6.489999999999999,22.900000000000002,33.585,46.48,0.0,0.0
2022-01-20 18:00:56,52.336666666666666,11.235,20.455,32.82,44.605,0.0,0.0
2022-01-20 19:00:56,65.92999999999999,15.72,18.95,32.61,44.905,0.0,0.0
2022-01-20 20:00:56,65.41,15.64,19.485,34.73,47.27,0.0,0.0
2022-01-20 21:00:56,55.39,14.265,18.54,33.045,44.51500000000001,0.0,0.0
2022-01-20 22:00:56,46.126666666666665,13.530000000000001,18.525,26.61,36.65,0.0,0.0
2022-01-20 23:00:56,45.70666666666666,13.660000000000002,18.23,26.51,35.77,0.0,0.0
2022-01-21 00:00:56,38.71,16.55,20.400000000000002,28.715000000000003,40.015,0.0,0.0
2022-01-21 01:00:56,37.66,21.925,23.189999999999998,34.294999999999995,45.595,0.0,0.0
2022-01-21 02:00:56,42.51,22.605,18.995,30.145,39.775,0.0,0.0
2022-01-21 03:00:56,36.85333333333333,20.91,20.09,31.070000000000004,40.88,0.0,0.0
2022-01-21 04:00:56,32.21,19.98,31.52,34.64,45.504999999999995,0.0,0.0
2022-01-21 05:00:56,39.803333333333335,15.719999999999999,27.22,42.115,54.4,0.0,0.0
2022-01-21 06:00:56,34.126666666666665,10.395,20.94,34.13,47.615,0.0,0.0
2022-01-21 07:00:56,30.516666666666666,10.28,21.195,68.49,102.54,0.0,0.0
2022-01-21 08:00:56,39.376666666666665,13.865,21.25,98.825,196.09,0.0,0.0
2022-01-21 09:00:56,80.51666666666667,23.28,22.885,114.005,277.07500000000005,0.0,0.0
2022-01-21 10:00:56,124.98666666666666,37.675000000000004,35.935,98.855,188.46,0.0,0.0
2022-01-21 11:00:56,128.41,39.705000000000005,26.64,49.975,87.625,0.0,0.0
2022-01-21 12:00:56,89.93,27.73,23.08,35.18,56.699999999999996,0.0,0.0
2022-01-21 13:00:56,65.0,19.88,25.715000000000003,43.095,65.43,0.0,0.0
2022-01-21 14:00:56,67.81333333333333,16.98,20.655,33.525,50.885,0.0,0.0
2022-01-21 15:00:56,62.366666666666674,17.060000000000002,22.035,41.715,62.675000000000004,0.0,0.0
2022-01-21 16:00:56,61.093333333333334,14.589999999999998,23.590000000000003,52.76500000000001,80.985,0.0,0.0
2022-01-21 17:00:56,60.78333333333333,12.910000000000002,26.14,57.69,78.285,0.0,0.0
2022-01-21 18:00:56,73.73666666666666,17.33,25.365,78.06,103.16000000000001,0.0,0.0
2022-01-21 19:00:56,87.24333333333334,23.27,21.900000000000002,70.395,96.79,0.0,0.0
2022-01-21 20:00:56,67.48333333333333,21.165,25.765,81.91000000000001,134.995,0.0,0.0
2022-01-21 21:00:56,70.94,18.165,48.305,92.915,135.42499999999998,0.0,0.0
2022-01-21 22:00:56,73.29333333333334,19.3,47.27,97.815,155.0,0.0,0.0
2022-01-21 23:00:56,84.10000000000001,25.3,37.449999999999996,86.02,131.295,0.0,0.0
2022-01-22 00:00:56,82.65666666666667,29.330000000000002,36.265,104.3,195.92500000000004,0.0,0.0
2022-01-22 01:00:56,80.69333333333333,31.655,47.185,101.28500000000001,162.81,0.0,0.0
2022-01-22 02:00:56,78.52333333333334,37.18,37.355,95.545,161.665,0.0,0.0
2022-01-22 03:00:56,70.15333333333334,37.39,43.63999999999999,99.065,160.81,0.0,0.0
2022-01-22 04:00:56,60.383333333333326,31.855,29.08,77.655,110.3,0.0,0.0
2022-01-22 05:00:56,46.870000000000005,25.974999999999998,26.519999999999996,57.76,77.09,0.0,0.0
2022-01-22 06:00:56,37.336666666666666,21.695000000000004,21.025,47.09,60.74,0.0,0.0
2022-01-22 07:00:56,29.336666666666666,17.825000000000003,21.87,71.105,98.90499999999999,0.0,0.0
2022-01-22 08:00:56,24.973333333333333,12.985,20.349999999999998,77.43,125.21,0.0,0.0
2022-01-22 09:00:56,23.54,10.27,20.040000000000003,77.02,113.64,0.0,0.0
2022-01-22 10:00:56,28.89,12.415000000000001,20.345,80.1,130.525,0.0,0.0
2022-01-22 11:00:56,31.94,15.4,20.36,86.27499999999999,137.82,0.0,0.0
2022-01-22 12:00:56,40.303333333333335,26.814999999999998,22.14,89.19,155.54,0.0,0.0
2022-01-22 13:00:56,57.59,45.18,22.040000000000003,96.145,175.56500000000003,0.0,0.0
2022-01-22 14:00:56,67.34333333333333,52.975,27.314999999999998,105.295,182.09,0.0,0.0
2022-01-22 15:00:56,63.65,52.155,37.18,108.795,204.79,0.0,0.0
2022-01-22 16:00:56,56.63666666666666,53.345,39.254999999999995,100.92,174.655,0.0,0.0
2022-01-22 17:00:56,58.336666666666666,47.43,29.129999999999995,79.815,125.99000000000001,0.0,0.0
2022-01-22 18:00:56,51.14333333333333,36.175,22.415000000000003,59.699999999999996,92.78000000000002,0.0,0.0
2022-01-22 19:00:56,34.373333333333335,23.405,20.65,65.145,111.63,0.0,0.0
2022-01-22 20:00:56,27.50333333333333,15.93,21.75,45.05500000000001,69.64,0.0,0.0
2022-01-22 21:00:56,22.39,13.174999999999999,20.595,48.385,69.06,0.0,0.0
2022-01-22 22:00:56,22.79,15.695,18.995,67.72,99.295,0.0,0.0
2022-01-22 23:00:56,26.34,15.074999999999998,19.025,79.99000000000001,138.99,0.0,0.0
2022-01-23 00:00:56,27.476666666666667,16.265,18.855,67.0,120.19,0.0,0.0
2022-01-23 01:00:56,33.013333333333335,18.69,18.93,51.665,95.46999999999998,0.0,0.0
2022-01-23 02:00:56,27.846666666666668,15.68,19.615,27.315,47.824999999999996,0.0,0.0
2022-01-23 03:00:56,20.87,12.665,18.885,23.165000000000003,42.345,0.0,0.0
2022-01-23 04:00:56,17.13,7.815,18.615,22.820000000000004,41.365,0.0,0.0
2022-01-23 05:00:56,15.213333333333331,4.91,19.015,23.095,41.93,0.0,0.0
2022-01-23 06:00:56,16.483333333333334,3.2550000000000003,20.18,24.625,42.870000000000005,0.0,0.0
2022-01-23 07:00:56,16.10333333333333,2.49,20.505,27.51,46.169999999999995,0.0,0.0
2022-01-23 08:00:56,13.469999999999999,2.015,19.349999999999998,33.12,52.15,0.0,0.0
2022-01-23 09:00:56,12.353333333333333,1.67,18.825,42.405,63.699999999999996,0.0,0.0
2022-01-23 10:00:56,14.06,3.105,22.515,35.195,56.21,0.0,0.0
2022-01-23 11:00:56,20.59,4.865,21.66,29.320000000000004,51.205000000000005,0.0,0.0
2022-01-23 12:00:56,17.18,6.285,23.545,26.865,47.669999999999995,0.0,0.0
2022-01-23 13:00:56,16.083333333333336,6.63,21.615,27.87,49.065,0.0,0.0
2022-01-23 14:00:56,19.03,10.115,21.015,26.78,46.79999999999999,0.0,0.0
2022-01-23 15:00:56,21.203333333333333,12.674999999999999,20.06,31.605,54.285000000000004,0.0,0.0
2022-01-23 16:00:56,16.0,8.424999999999999,18.875,32.61,54.75,0.0,0.0
2022-01-23 17:00:56,14.383333333333333,6.080000000000001,18.515,41.055,62.89000000000001,0.0,0.0
2022-01-23 18:00:56,15.913333333333334,6.025000000000001,18.175,43.080000000000005,65.185,0.0,0.0
2022-01-23 19:00:56,17.383333333333333,6.1499999999999995,18.3,42.150000000000006,63.165,0.0,0.0
2022-01-23 20:00:56,22.1,5.415,18.61,36.199999999999996,55.129999999999995,0.0,0.0
2022-01-23 21:00:56,18.473333333333333,4.98,18.76,32.94,51.02,0.0,0.0
2022-01-23 22:00:56,19.98,4.989999999999999,18.59,34.13,52.055,0.0,0.0
2022-01-23 23:00:56,21.006666666666668,4.81,18.68,32.915,50.035,0.0,0.0
2022-01-24 00:00:56,16.96,4.35,18.67,40.435,62.55500000000001,0.0,0.0
2022-01-24 01:00:56,15.016666666666666,4.390000000000001,18.35,30.02,46.824999999999996,0.0,0.0
2022-01-24 02:00:56,17.606666666666666,5.484999999999999,18.35,29.080000000000002,44.6,0.0,0.0
2022-01-24 03:00:56,16.01,8.959999999999999,18.11,26.905,42.06,0.0,0.0
2022-01-24 04:00:56,14.86,8.485,18.725,23.235,38.045,0.0,0.0
2022-01-24 05:00:56,15.866666666666667,5.19,19.07,24.88,40.225,0.0,0.0
2022-01-24 06:00:56,17.053333333333335,3.85,19.865,29.36,44.580000000000005,0.0,0.0
2022-01-24 07:00:56,16.793333333333333,6.465,19.11,49.89000000000001,72.715,0.0,0.0
2022-01-24 08:00:56,18.4,8.9,18.32,64.22,97.105,0.0,0.0
2022-01-24 09:00:56,16.223333333333333,7.53,12.925000000000002,87.57,146.65,0.0,0.0
2022-01-24 10:00:56,22.53,11.85,14.255,76.495,120.63499999999999,0.0,0.0
2022-01-24 11:00:56,37.483333333333334,22.955000000000002,21.28,63.96,99.40000000000002,0.0,0.0
2022-01-24 12:00:56,61.17999999999999,30.2,26.599999999999998,56.254999999999995,90.605,0.0,0.0
2022-01-24 13:00:56,50.83,37.050000000000004,34.574999999999996,40.855,64.435,0.0,0.0
2022-01-24 14:00:56,42.92333333333333,41.9,25.53,32.125,51.13999999999999,0.0,0.0
2022-01-24 15:00:56,33.47,34.95,22.265,32.815,52.01500000000001,0.0,0.0
2022-01-24 16:00:56,28.48,30.435,39.324999999999996,41.54,61.1,0.0,0.0
2022-01-24 17:00:56,39.336666666666666,25.035,34.68,47.370000000000005,68.65,0.0,0.0
2022-01-24 18:00:56,44.06666666666666,18.41,24.09,54.120000000000005,73.7,0.0,0.0
2022-01-24 19:00:56,45.53333333333333,26.58,21.99,83.365,109.01,0.0,0.0
2022-01-24 20:00:56,54.46666666666667,39.915,27.155,113.085,167.78,0.0,0.0
2022-01-24 21:00:56,61.74,48.64000000000001,22.75,112.355,155.815,0.0,0.0
2022-01-24 22:00:56,59.03333333333333,49.76500000000001,23.405,96.625,136.46,0.0,0.0
2022-01-24 23:00:56,65.89,51.02,22.099999999999998,84.015,124.95,0.0,0.0
2022-01-25 00:00:56,73.55666666666666,55.400000000000006,22.810000000000002,75.79,107.22499999999998,0.0,0.0
2022-01-25 01:00:56,75.92,57.635,24.480000000000004,65.805,84.5,0.0,0.0
2022-01-25 02:00:56,63.75,58.47,22.625,47.385,63.885,0.0,0.0
2022-01-25 03:00:56,53.17,47.745,22.305000000000003,33.105,48.379999999999995,0.0,0.0
2022-01-25 04:00:56,49.04333333333334,33.165,35.265,32.67,47.629999999999995,0.0,0.0
2022-01-25 05:00:56,39.99666666666667,30.37,34.5,29.55,43.48499999999999,0.0,0.0
2022-01-25 06:00:56,38.79,23.66,20.87,30.2,44.29,0.0,0.0
2022-01-25 07:00:56,38.49666666666667,18.025000000000002,20.11,35.705,50.275000000000006,0.0,0.0
2022-01-25 08:00:56,38.85666666666667,18.49,19.955,40.185,58.574999999999996,0.0,0.0
2022-01-25 09:00:56,37.08333333333333,16.915000000000003,20.155,44.965,64.63,0.0,0.0
2022-01-25 10:00:56,35.91666666666667,20.205,20.625,72.255,107.73,0.0,0.0
2022-01-25 11:00:56,58.79666666666667,32.75,22.925,86.915,136.67499999999998,0.0,0.0
2022-01-25 12:00:56,76.40666666666667,49.03,26.605000000000004,78.89999999999999,127.8,0.0,0.0
2022-01-25 13:00:56,73.41333333333333,59.54999999999999,28.655,69.63,105.955,0.0,0.0
2022-01-25 14:00:56,85.18,61.85999999999999,27.0,62.305,89.435,0.0,0.0
2022-01-25 15:00:56,77.19,66.33999999999999,31.870000000000005,73.06,101.86,0.0,0.0
2022-01-25 16:00:56,88.67999999999999,75.205,26.25,75.84,102.56,0.0,0.0
2022-01-25 17:00:56,100.7,82.48,25.545,74.82,98.435,0.0,0.0
2022-01-25 18:00:56,105.08666666666667,80.02,22.334999999999997,94.46,122.73,0.0,0.0
2022-01-25 19:00:56,85.05333333333334,66.965,20.845,91.935,136.535,0.0,0.0
2022-01-25 20:00:56,73.43,61.66,22.915000000000003,106.24000000000001,144.17,0.0,0.0
2022-01-25 21:00:56,93.42,73.07499999999999,22.765,84.64999999999999,113.80499999999999,0.0,0.0
2022-01-25 22:00:56,110.32666666666667,78.78500000000001,22.975000000000005,78.565,101.73,0.0,0.0
2022-01-25 23:00:56,113.70333333333333,77.715,23.680000000000003,67.64,87.305,0.0,0.0
2022-01-26 00:00:56,101.83333333333333,76.71499999999999,24.659999999999997,81.36,101.245,0.0,0.0
2022-01-26 01:00:56,104.24333333333334,77.925,27.945000000000004,79.48,99.09499999999998,0.0,0.0
2022-01-26 02:00:56,114.24,81.42,26.74,88.13,108.04,0.0,0.0
2022-01-26 03:00:56,111.32,74.38,24.995,67.415,83.52499999999999,0.0,0.0
2022-01-26 04:00:56,101.83,70.015,27.349999999999998,62.365,77.19999999999999,0.0,0.0
2022-01-26 05:00:56,99.03333333333333,74.815,29.195000000000004,83.415,101.765,0.0,0.0
2022-01-26 06:00:56,99.93666666666667,73.85000000000001,28.55,83.465,101.445,0.0,0.0
2022-01-26 07:00:56,103.94666666666667,73.36,26.540000000000003,79.05000000000001,97.705,0.0,0.0
2022-01-26 08:00:56,102.7,74.81,25.72,76.67500000000001,99.365,0.0,0.0
2022-01-26 09:00:56,92.50666666666666,69.615,25.26,88.89,137.57000000000002,0.0,0.0
2022-01-26 10:00:56,81.75666666666667,62.714999999999996,28.834999999999997,84.89999999999999,127.16000000000001,0.0,0.0
2022-01-26 11:00:56,77.81666666666666,59.9,38.56,80.54,123.955,0.0,0.0
2022-01-26 12:00:56,77.88,66.0,32.55,76.68,119.125,0.0,0.0
2022-01-26 13:00:56,78.62666666666667,74.71,37.655,80.715,117.625,0.0,0.0
2022-01-26 14:00:56,80.55666666666667,73.515,41.125,65.255,99.065,0.0,0.0
2022-01-26 15:00:56,55.696666666666665,57.905,30.47,37.905,62.105,0.0,0.0
2022-01-26 16:00:56,38.9,36.99,28.64,36.53,59.5,0.0,0.0
2022-01-26 17:00:56,35.14333333333333,28.084999999999997,27.155,35.85,55.715,0.0,0.0
2022-01-26 18:00:56,26.9,22.929999999999996,25.715000000000003,57.080000000000005,85.82,0.0,27.51
2022-01-26 19:00:56,24.526666666666667,15.705,26.76,76.82,110.415,0.0,21.36
2022-01-26 20:00:56,25.843333333333334,14.435,36.055,68.13499999999999,105.265,0.0,19.86
2022-01-26 21:00:56,29.74,20.145,29.045,71.66,105.045,0.0,16.34
2022-01-26 22:00:56,34.083333333333336,24.385,29.385,62.129999999999995,81.805,0.0,24.58
2022-01-26 23:00:56,40.03,25.855,26.175,50.96,69.81,0.0,26.69
2022-01-27 00:00:56,43.53666666666667,27.48,28.535,61.675000000000004,88.24000000000001,0.0,21.82
2022-01-27 01:00:56,46.093333333333334,23.790000000000003,24.78,69.205,88.86,0.0,18.01
2022-01-27 02:00:56,52.95666666666666,23.355,24.28,46.68,61.525,0.0,34.89
2022-01-27 03:00:56,39.526666666666664,21.075000000000003,21.89,39.28,52.435,0.0,32.89
2022-01-27 04:00:56,34.03333333333333,19.0,22.365,40.58,53.44,0.0,27.25
2022-01-27 05:00:56,30.82,20.495,22.87,39.365,51.73,0.0,30.57
2022-01-27 06:00:56,24.816666666666666,14.854999999999999,21.959999999999997,36.89,49.335,0.0,38.99
2022-01-27 07:00:56,22.236666666666668,9.895,22.41,42.655,58.935,0.0,36.74
2022-01-27 08:00:56,26.316666666666663,12.854999999999999,22.26,84.25,154.965,0.0,12.44
2022-01-27 09:00:56,29.82333333333333,19.75,21.650000000000002,106.08,221.42499999999998,0.0,7.8
2022-01-27 10:00:56,36.51,32.865,27.42,77.85000000000001,135.79,0.0,25.51
2022-01-27 11:00:56,52.44333333333333,40.305,26.76,70.83,129.07,0.0,41.54
2022-01-27 12:00:56,57.71333333333333,36.895,28.75,69.065,123.495,0.0,39.53
2022-01-27 13:00:56,64.29,38.535,27.765,45.155,69.03,0.0,54.45
2022-01-27 14:00:56,67.77333333333333,42.06,27.040000000000003,48.54,72.80000000000001,0.0,57.6
2022-01-27 15:00:56,55.74333333333333,45.02,26.62,38.07,55.065,0.0,68.08
2022-01-27 16:00:56,48.0,36.735,25.525000000000002,33.75,48.655,0.0,70.01
2022-01-27 17:00:56,44.53666666666667,22.84,30.849999999999998,40.86,55.315,0.0,63.72
2022-01-27 18:00:56,39.34,18.935,46.165,61.125,75.28,0.0,54.94
2022-01-27 19:00:56,47.63333333333333,25.534999999999997,26.159999999999997,73.46,88.5,0.0,48.37
2022-01-27 20:00:56,49.17666666666667,34.800000000000004,28.915000000000003,105.26,134.10500000000002,0.0,24.52
2022-01-27 21:00:56,63.906666666666666,48.665,29.08,132.09,199.155,0.0,12.66
2022-01-27 22:00:56,79.91333333333334,64.195,23.03,128.665,188.14,0.0,9.67
2022-01-27 23:00:56,79.29,70.405,36.0,118.67,192.89000000000001,0.0,11.37
2022-01-28 00:00:56,92.29333333333334,26.254999999999995,25.090000000000003,120.22500000000001,197.94500000000002,0.0,9.66
2022-01-28 01:00:56,89.96,22.310000000000002,29.814999999999998,110.88,167.11,0.0,12.15
2022-01-28 02:00:56,91.43666666666667,25.754999999999995,33.589999999999996,99.92,136.215,0.0,9.74
2022-01-28 03:00:56,83.98333333333333,28.64,27.909999999999997,97.06,125.58999999999999,0.0,12.51
2022-01-28 04:00:56,70.81333333333333,21.804999999999996,24.24,85.68,104.46999999999998,0.0,13.51
2022-01-28 05:00:56,65.85333333333334,19.48,23.765,86.52500000000002,105.88499999999999,0.0,15.06
2022-01-28 06:00:56,67.32000000000001,20.655,24.385,93.21,113.74,0.0,10.23
2022-01-28 07:00:56,75.06333333333333,57.75,24.534999999999997,93.27500000000002,116.96,0.0,6.43
2022-01-28 08:00:56,70.58,46.385,28.61,85.795,110.37,0.0,9.01
2022-01-28 09:00:56,71.14333333333335,52.77,28.09,93.13,142.015,0.0,10.23
2022-01-28 10:00:56,82.77333333333333,64.49000000000001,30.709999999999997,97.71499999999999,170.70000000000002,0.0,14.84
2022-01-28 11:00:56,109.84666666666666,118.16000000000001,43.715,79.17999999999999,145.03,0.0,51.2
2022-01-28 12:00:56,99.21333333333332,142.81,25.649999999999995,53.245000000000005,77.0,0.0,56.18
2022-01-28 13:00:56,116.78333333333333,98.07499999999999,28.474999999999998,46.07500000000001,66.03,0.0,73.12
2022-01-28 14:00:56,71.19666666666667,70.63,25.51,39.975,57.76,0.0,76.68
2022-01-28 15:00:56,37.35,21.28,25.73,45.095,62.919999999999995,0.0,76.94
2022-01-28 16:00:56,45.50666666666667,49.81999999999999,21.429999999999996,35.14,49.29999999999999,0.0,74.42
2022-01-28 17:00:56,43.620000000000005,40.515,20.48,45.615,60.754999999999995,0.0,68.37
2022-01-28 18:00:56,45.02333333333333,30.275000000000002,22.875,62.085,75.995,0.0,58.77
2022-01-28 19:00:56,56.36333333333333,34.074999999999996,23.659999999999997,81.0,107.09999999999998,0.0,38.73
2022-01-28 20:00:56,61.94,39.125,22.875,80.565,107.46,0.0,35.96
2022-01-28 21:00:56,53.876666666666665,41.775000000000006,26.115,72.14999999999999,88.185,0.0,52.37
2022-01-28 22:00:56,61.59,40.775,34.68,54.225,69.0,0.0,54.08
2022-01-28 23:00:56,56.43,38.669999999999995,22.055000000000003,39.35,51.21,0.0,64.35
2022-01-29 00:00:56,46.970000000000006,39.19,20.53,30.455,41.79,0.0,71.55
2022-01-29 01:00:56,41.733333333333334,25.205,19.805,24.645,34.044999999999995,0.0,77.05
2022-01-29 02:00:56,37.20333333333333,21.599999999999998,19.695,22.11,30.485,0.0,82.22
2022-01-29 03:00:56,34.016666666666666,16.745,19.525000000000002,24.09,32.335,0.0,78.83
2022-01-29 04:00:56,30.996666666666663,23.935000000000002,19.755,20.705,29.930000000000003,0.0,81.26
2022-01-29 05:00:56,32.25333333333333,20.28,19.795,24.675,34.32,0.0,77.62
2022-01-29 06:00:56,27.25333333333333,21.015,21.705,24.62,33.11,0.0,79.32
2022-01-29 07:00:56,37.593333333333334,23.445000000000004,22.215,23.790000000000003,32.805,0.0,76.6
2022-01-29 08:00:56,34.846666666666664,20.97,21.435000000000002,28.825000000000003,38.935,0.0,71.39
2022-01-29 09:00:56,39.72666666666667,25.98,21.97,37.85,50.715,0.0,63.62
2022-01-29 10:00:56,42.85666666666667,37.93,23.850000000000005,39.49,53.98499999999999,0.0,57.55
2022-01-29 11:00:56,44.72333333333333,39.294999999999995,40.33,43.620000000000005,60.51500000000001,0.0,64.01
2022-01-29 12:00:56,54.37,42.13999999999999,28.715000000000003,40.85,57.715,0.0,65.24
2022-01-29 13:00:56,54.21,39.669999999999995,33.26,37.225,52.6,0.0,75.53
2022-01-29 14:00:56,52.513333333333335,40.135,33.355,41.145,57.129999999999995,0.0,77.27
2022-01-29 15:00:56,61.65,33.05,31.980000000000004,39.865,54.12,0.0,85.43
2022-01-29 16:00:56,60.51,37.725,28.09,45.49,60.70000000000001,0.0,77.45
2022-01-29 17:00:56,57.77333333333333,40.805,24.935000000000002,54.669999999999995,69.94,0.0,66.39
2022-01-29 18:00:56,66.06333333333333,37.48,22.595,81.645,104.86500000000001,0.0,36.66
2022-01-29 19:00:56,67.62333333333333,51.169999999999995,22.03,102.04,125.605,0.0,23.53
2022-01-29 20:00:56,71.93333333333334,57.285,21.66,106.95,128.89,0.0,25.91
2022-01-29 21:00:56,74.60000000000001,60.1,21.075,110.64,137.775,0.0,14.12
2022-01-29 22:00:56,77.19333333333333,62.24,20.22,100.045,129.525,0.0,12.66
2022-01-29 23:00:56,80.55666666666667,71.665,20.26,95.90499999999999,127.22500000000001,0.0,11.23
2022-01-30 00:00:56,91.53666666666666,76.82,22.48,86.755,108.375,0.0,21.83
2022-01-30 01:00:56,88.46333333333334,70.95,22.915000000000003,76.455,93.23,0.0,45.98
2022-01-30 02:00:56,79.75666666666666,67.155,23.55,108.045,128.195,0.0,20.8
2022-01-30 03:00:56,57.836666666666666,47.425000000000004,17.245,96.38499999999999,117.335,0.0,18.81
2022-01-30 04:00:56,116.00333333333333,48.935,14.415,82.59,96.03000000000002,0.0,16.12
2022-01-30 05:00:56,82.23333333333333,61.830000000000005,17.8,79.265,92.65500000000002,0.0,19.83
2022-01-30 06:00:56,63.71666666666667,54.25,15.885,68.685,80.7,0.0,33.62
2022-01-30 07:00:56,54.67,54.629999999999995,18.49,66.835,79.21,0.0,32.13
2022-01-30 08:00:56,49.483333333333334,47.385,16.59,74.705,87.8,0.0,18.59
2022-01-30 09:00:56,46.31333333333333,47.544999999999995,17.465,77.21499999999999,96.29,0.0,20.93
2022-01-30 10:00:56,44.836666666666666,47.09,19.16,75.27,102.68,0.0,24.57
2022-01-30 11:00:56,77.20666666666666,51.81,24.875,71.715,99.03000000000002,0.0,32.85
2022-01-30 12:00:56,89.38666666666666,64.515,25.865,71.14,100.26499999999999,0.0,45.9
2022-01-30 13:00:56,99.8,63.455000000000005,28.405,58.77,81.165,0.0,73.49
2022-01-30 14:00:56,84.84,64.85,27.99,56.44,74.34,0.0,79.27
2022-01-30 15:00:56,79.41666666666667,61.305,26.53,64.545,83.585,0.0,71.52
2022-01-30 16:00:56,88.45666666666666,56.525000000000006,25.38,54.49,71.74,0.0,79.53
2022-01-30 17:00:56,68.97,50.31,25.314999999999998,54.650000000000006,69.655,0.0,76.66
2022-01-30 18:00:56,65.77333333333333,47.85999999999999,28.944999999999997,63.169999999999995,79.145,0.0,66.66
2022-01-30 19:00:56,67.79,45.699999999999996,25.849999999999998,73.01,90.65500000000002,0.0,65.77
2022-01-30 20:00:56,71.79333333333334,41.655,29.465000000000003,116.875,136.23499999999999,0.0,22.44
2022-01-30 21:00:56,92.07333333333334,46.195,64.145,128.29999999999998,157.97,0.0,28.81
2022-01-30 22:00:56,88.62333333333333,58.38999999999999,46.695,108.92,130.13,0.0,39.85
2022-01-30 23:00:56,66.72,53.0,42.915,97.365,118.075,0.0,47.41
2022-01-31 00:00:56,69.37333333333333,47.31,28.715000000000003,99.46,125.44,0.0,12.54
2022-01-31 01:00:56,75.13666666666666,57.39000000000001,31.474999999999998,97.995,116.945,0.0,24.79
2022-01-31 02:00:56,90.73666666666668,62.73,42.28,76.375,91.33,0.0,76.09
2022-01-31 03:00:56,82.75333333333333,45.68,24.745,31.165000000000003,41.56,0.0,0.0
2022-01-31 04:00:56,49.126666666666665,36.29,25.125,43.465,54.169999999999995,0.0,0.0
2022-01-31 05:00:56,41.806666666666665,31.415000000000003,26.325000000000003,58.375,70.285,0.0,0.0
2022-01-31 06:00:56,41.67333333333333,27.51,49.34,73.22,84.75999999999999,0.0,0.0
2022-01-31 07:00:56,62.08666666666667,41.285,33.635,83.91,97.41000000000001,0.0,0.0
2022-01-31 08:00:56,74.78666666666666,53.355,32.22,130.57500000000002,190.515,0.0,0.0
2022-01-31 09:00:56,70.96666666666667,49.29,32.135,123.43,178.73499999999999,0.0,0.0
2022-01-31 10:00:56,78.02333333333334,50.11000000000001,36.395,135.51,227.205,0.0,0.0
2022-01-31 11:00:56,94.48,66.91000000000001,45.48499999999999,121.46499999999999,187.59,0.0,0.0
2022-01-31 12:00:56,116.81666666666666,86.44,50.165,115.22499999999998,182.665,0.0,0.0
2022-01-31 13:00:56,106.06333333333333,95.815,39.145,103.62,144.015,0.0,0.0
2022-01-31 14:00:56,117.63333333333333,95.675,33.02,73.29,95.545,0.0,0.0
2022-01-31 15:00:56,95.19666666666667,85.355,26.504999999999995,52.275,69.14,0.0,0.0
2022-01-31 16:00:56,71.76,60.074999999999996,26.64,52.125,69.225,0.0,0.0
2022-01-31 17:00:56,56.79333333333333,49.65,30.899999999999995,77.32,93.765,0.0,0.0
2022-01-31 18:00:56,71.02333333333333,57.89000000000001,31.705,114.86500000000001,153.305,0.0,0.0
2022-01-31 19:00:56,68.70666666666666,52.5,32.13,145.9,208.47000000000003,0.0,0.0
2022-01-31 20:00:56,80.93333333333334,67.39,33.16,176.095,235.26,0.0,0.0
2022-01-31 21:00:56,115.28333333333333,77.44,31.885,159.265,212.26,0.0,0.0
2022-01-31 22:00:56,125.47,94.10000000000001,25.515,135.0,169.56,0.0,0.0
2022-01-31 23:00:56,130.25,100.47000000000001,25.99,98.11500000000001,136.985,0.0,0.0
2022-02-01 00:00:56,112.52000000000001,86.355,24.944999999999997,83.735,100.11500000000001,0.0,0.0
2022-02-01 01:00:56,107.0,77.36,12.915,95.835,111.165,0.0,0.0
2022-02-01 02:00:56,114.53333333333333,78.815,25.515,94.5,110.05,0.0,0.0
2022-02-01 03:00:56,103.68666666666667,82.8,18.535,85.515,99.40500000000002,0.0,0.0
2022-02-01 04:00:56,103.26333333333332,81.13,15.674999999999999,75.82,89.14999999999999,0.0,20.83
2022-02-01 05:00:56,95.15,72.46,13.56,42.555,53.794999999999995,0.0,63.06
2022-02-01 06:00:56,78.32,51.945,10.485,50.07500000000001,62.09,0.0,40.8
2022-02-01 07:00:56,74.71333333333334,47.855,9.715,64.355,82.94,0.0,20.64
2022-02-01 08:00:56,70.61666666666666,53.315,9.79,86.45,114.625,0.0,6.74
2022-02-01 09:00:56,72.17999999999999,35.03,13.625,89.74000000000001,120.745,0.0,11.41
2022-02-01 10:00:56,75.58,62.31,19.245,86.87,120.93,0.0,25.65
2022-02-01 11:00:56,85.54333333333334,66.005,19.935,100.96499999999999,153.06,0.0,30.27
2022-02-01 12:00:56,92.26666666666668,74.26,23.74,104.65000000000002,156.08,0.0,24.28
2022-02-01 13:00:56,106.97666666666666,84.73500000000001,35.815,107.185,147.915,0.0,38.13
2022-02-01 14:00:56,134.54666666666668,89.83999999999999,33.995,93.485,122.175,0.0,56.53
2022-02-01 15:00:56,129.48666666666668,88.64,45.870000000000005,92.33999999999999,118.11000000000001,0.0,63.27
2022-02-01 16:00:56,134.79333333333332,85.86,35.22,126.685,157.295,0.0,39.31
2022-02-01 17:00:56,147.39333333333335,105.23,26.655,140.885,175.29999999999998,0.0,29.64
2022-02-01 18:00:56,146.64,107.95,23.42,150.885,190.42,0.0,28.88
2022-02-01 19:00:56,120.50333333333333,93.98,20.675,170.29,259.05,0.0,16.64
2022-02-01 20:00:56,120.24666666666667,97.55,37.36,180.045,324.91,0.0,8.35
2022-02-01 21:00:56,121.16333333333334,94.88,36.24,154.16000000000003,242.69000000000003,0.0,7.21
2022-02-01 22:00:56,105.89666666666666,79.895,25.545,146.57,222.33,0.0,6.64
2022-02-01 23:00:56,103.59,81.395,37.64,148.295,229.245,0.0,5.62
2022-02-02 00:00:56,99.95,87.11500000000001,36.655,159.095,298.235,0.0,61.2
2022-02-02 01:00:56,136.57666666666665,111.515,40.410000000000004,161.65,316.445,0.0,79.61
2022-02-02 02:00:56,138.17666666666668,137.365,29.409999999999997,150.07,288.99,0.0,0.0
2022-02-02 03:00:56,131.64333333333335,134.79999999999998,23.974999999999998,130.84,209.23,0.0,0.0
2022-02-02 04:00:56,140.73666666666668,132.04999999999998,18.125,110.565,159.79,0.0,0.0
2022-02-02 05:00:56,120.69333333333334,102.36500000000001,19.834999999999997,112.805,154.24,0.0,0.0
2022-02-02 06:00:56,110.51333333333334,94.0,17.545,114.59499999999998,152.075,0.0,0.0
2022-02-02 07:00:56,111.07666666666667,89.5,24.115,130.35,196.04,0.0,0.0
2022-02-02 08:00:56,92.25666666666666,75.375,19.185,129.60500000000002,237.13,0.0,0.0
2022-02-02 09:00:56,93.24000000000001,73.17999999999999,19.415,146.68,309.115,0.0,0.0
2022-02-02 10:00:56,109.87666666666667,90.065,27.235,154.41,337.635,0.0,0.0
2022-02-02 11:00:56,140.17,114.78000000000002,31.39,175.93999999999997,414.87000000000006,0.0,0.0
2022-02-02 12:00:56,137.50333333333333,123.25,25.284999999999997,205.07500000000002,474.22499999999997,0.0,0.0
2022-02-02 13:00:56,208.16,145.32,24.875,160.955,281.935,0.0,0.0
2022-02-02 14:00:56,162.45333333333335,138.51999999999998,20.209999999999997,105.19,160.205,0.0,0.0
2022-02-02 15:00:56,127.21,99.355,17.495,113.22500000000001,176.59,0.0,0.0
2022-02-02 16:00:56,104.76,88.23,29.145,181.09,341.8,0.0,0.0
2022-02-02 17:00:56,110.32666666666667,78.755,24.615,120.14999999999999,209.04,0.0,0.0
2022-02-02 18:00:56,99.32,59.54,18.35,146.455,275.3,0.0,0.0
2022-02-02 19:00:56,97.42333333333333,59.615,18.474999999999998,128.04,207.45000000000002,0.0,0.0
2022-02-02 20:00:56,84.10666666666667,52.93,11.35,50.625,66.61,0.0,0.0
2022-02-02 21:00:56,61.59,37.0,8.5,35.004999999999995,45.785,0.0,0.0
2022-02-02 22:00:56,60.71666666666667,21.275000000000002,8.38,26.535,37.015,0.0,0.0
2022-02-02 23:00:56,48.71333333333333,16.135,7.349999999999999,26.855,35.77,0.0,0.0
2022-02-03 00:00:56,42.21,14.115000000000002,7.760000000000001,26.49,35.725,0.0,0.0
2022-02-03 01:00:56,37.93333333333334,14.195,6.7700000000000005,26.939999999999998,35.855,0.0,0.0
2022-02-03 02:00:56,33.766666666666666,10.005,6.420000000000001,23.070000000000004,32.035,0.0,0.0
2022-02-03 03:00:56,32.77666666666667,8.985,8.075000000000001,50.72,60.605,0.0,0.0
2022-02-03 04:00:56,34.403333333333336,9.62,8.17,57.585,70.315,0.0,41.3
2022-02-03 05:00:56,37.10666666666667,11.155,9.54,49.035,58.44,0.0,77.08
2022-02-03 06:00:56,36.36666666666667,8.37,7.6000000000000005,53.0,63.365,0.0,65.27
2022-02-03 07:00:56,41.23,10.854999999999999,7.044999999999999,84.72,108.795,0.0,36.57
2022-02-03 08:00:56,39.91,13.795,7.125,138.465,293.72,0.0,4.7
2022-02-03 09:00:56,42.89666666666667,19.91,8.81,154.04,371.535,0.0,4.04
2022-02-03 10:00:56,62.473333333333336,33.535,13.875,157.865,375.1499999999999,0.0,8.14
2022-02-03 11:00:56,107.45666666666666,58.27,16.310000000000002,99.3,171.455,0.0,18.79
2022-02-03 12:00:56,126.9,62.405,24.350000000000005,146.37,242.67,0.0,16.1
2022-02-03 13:00:56,118.18666666666667,57.300000000000004,28.075000000000003,100.925,151.39,0.0,50.31
2022-02-03 14:00:56,78.49333333333334,52.330000000000005,16.375,79.225,113.205,0.0,66.88
2022-02-03 15:00:56,74.40333333333334,40.155,10.07,53.46,76.88499999999999,0.0,64.37
2022-02-03 16:00:56,70.54666666666667,36.620000000000005,10.41,84.86,115.37,0.0,57.52
2022-02-03 17:00:56,84.57,31.25,8.625,128.42999999999998,201.92999999999998,0.0,12.98
2022-02-03 18:00:56,80.77333333333334,33.53,6.739999999999999,137.24,218.22,0.0,9.15
2022-02-03 19:00:56,94.17,39.425,6.044999999999999,156.845,374.68499999999995,0.0,9.47
2022-02-03 20:00:56,121.15666666666667,56.21,7.305,158.04,400.34,0.0,9.93
2022-02-03 21:00:56,123.59666666666666,78.885,7.57,164.60000000000002,413.78999999999996,0.0,10.38
2022-02-03 22:00:56,125.02,97.685,7.205000000000001,155.93,420.23499999999996,0.0,11.64
2022-02-03 23:00:56,154.34666666666666,114.04,6.655,146.165,423.09,0.0,9.91
2022-02-04 00:00:56,156.63,115.56500000000001,6.56,142.645,418.675,0.0,11.65
2022-02-04 01:00:56,161.74333333333334,128.565,7.125,154.25,420.87999999999994,0.0,12.33
2022-02-04 02:00:56,158.44,129.42,15.590000000000002,149.245,302.43,0.0,9.35
2022-02-04 03:00:56,133.99,103.02500000000002,17.025,138.30499999999998,272.345,0.0,18.93
2022-02-04 04:00:56,131.83333333333334,88.305,16.795,126.82999999999998,214.54,0.0,24.67
2022-02-04 05:00:56,110.24,77.41,13.125,125.22500000000001,235.265,0.0,60.05
2022-02-04 06:00:56,126.04333333333334,77.655,12.83,122.75,205.71,0.0,88.37
2022-02-04 07:00:56,107.66,67.02,10.005,34.065,50.905,0.0,0.0
2022-02-04 08:00:56,61.67666666666667,47.94499999999999,7.205000000000001,34.94,52.865,0.0,0.0
2022-02-04 09:00:56,44.05,26.75,7.665,35.93,53.715,0.0,0.0
2022-02-04 10:00:56,29.583333333333332,17.150000000000002,8.965,32.785,48.870000000000005,0.0,0.0
2022-02-04 11:00:56,31.43,12.11,10.53,34.07,51.29,0.0,0.0
2022-02-04 12:00:56,24.83,14.12,4.245,31.955,50.705000000000005,0.0,0.0
2022-02-04 13:00:56,22.183333333333334,9.020000000000001,8.135,31.159999999999997,49.650000000000006,0.0,0.0
2022-02-04 14:00:56,23.92,8.865,9.195,29.135,46.315,0.0,0.0
2022-02-04 15:00:56,24.34,8.145,8.965,29.075,45.824999999999996,0.0,0.0
2022-02-04 16:00:56,20.03333333333333,10.745,10.805,29.899999999999995,45.855,0.0,0.0
2022-02-04 17:00:56,20.12333333333333,9.75,11.705,37.865,57.525000000000006,0.0,0.0
2022-02-04 18:00:56,24.586666666666666,7.234999999999999,6.61,48.300000000000004,70.5,0.0,0.0
2022-02-04 19:00:56,26.093333333333334,6.3999999999999995,6.739999999999999,64.74000000000001,96.855,0.0,0.0
2022-02-04 20:00:56,26.576666666666668,7.79,13.270000000000001,49.56,70.75999999999999,0.0,0.0
2022-02-04 21:00:56,34.93666666666667,8.01,12.69,45.580000000000005,62.645,0.0,0.0
2022-02-04 22:00:56,31.173333333333336,8.555,15.63,49.29,70.865,0.0,0.0
2022-02-04 23:00:56,32.223333333333336,9.575000000000001,15.204999999999998,35.0,48.98499999999999,0.0,0.0
2022-02-05 00:00:56,27.84,7.919999999999999,14.205,33.54,48.275,0.0,0.0
2022-02-05 01:00:56,20.723333333333333,6.330000000000001,11.42,27.314999999999998,40.13,0.0,0.0
2022-02-05 02:00:56,28.013333333333332,7.205000000000001,11.04,19.900000000000002,30.995,0.0,0.0
2022-02-05 03:00:56,26.206666666666663,6.695,10.800000000000002,18.145,28.495,0.0,0.0
2022-02-05 04:00:56,30.13,5.705000000000001,10.784999999999998,19.515,29.915000000000003,0.0,72.07
2022-02-05 05:00:56,20.066666666666666,8.14,4.725,21.165,30.745,0.0,70.9
2022-02-05 06:00:56,17.656666666666666,5.555,5.390000000000001,26.459999999999997,36.589999999999996,0.0,65.34
2022-02-05 07:00:56,20.22,5.890000000000001,6.109999999999999,32.99,45.125,0.0,56.87
2022-02-05 08:00:56,27.616666666666667,6.400000000000001,4.305,54.68,87.72500000000001,0.0,27.5
2022-02-05 09:00:56,38.49666666666667,13.995,4.24,72.705,103.02499999999999,0.0,18.29
2022-02-05 10:00:56,62.95666666666667,19.385,7.59,48.04,69.66,0.0,41.81
2022-02-05 11:00:56,64.32000000000001,18.89,8.825,41.824999999999996,63.855,0.0,54.43
2022-02-05 12:00:56,70.63666666666667,26.274999999999995,5.46,32.395,50.025,0.0,64.43
2022-02-05 13:00:56,63.56666666666666,21.099999999999998,8.255,38.87,0.0,0.0,65.08
2022-02-05 14:00:56,51.31333333333333,13.089999999999998,17.33,36.3,53.574999999999996,0.0,65.09
2022-02-05 15:00:56,48.68666666666667,11.82,12.475,26.275000000000002,39.845,0.0,74.04
2022-02-05 16:00:56,39.24333333333333,12.04,11.719999999999999,28.179999999999996,41.11,0.0,75.7
2022-02-05 17:00:56,32.78,13.339999999999998,14.925000000000002,37.055,51.365,0.0,66.29
2022-02-05 18:00:56,35.45666666666667,16.52,14.149999999999999,58.305,73.995,0.0,51.18
2022-02-05 19:00:56,47.763333333333335,23.205,15.560000000000002,81.66000000000001,101.65500000000002,0.0,35.83
2022-02-05 20:00:56,66.85666666666667,20.795,17.915,88.425,112.185,0.0,26.82
2022-02-05 21:00:56,77.37333333333333,24.099999999999998,30.174999999999997,57.96,73.59,0.0,49.12
2022-02-05 22:00:56,76.87333333333333,24.425,30.930000000000003,47.915,61.29,0.0,54.03
2022-02-05 23:00:56,69.93666666666667,23.705,20.17,46.94499999999999,61.53,0.0,58.97
2022-02-06 00:00:56,70.32,20.805,18.88,42.73499999999999,55.49,0.0,62.69
2022-02-06 01:00:56,76.41333333333334,21.540000000000003,23.495,48.97,66.59,0.0,52.34
2022-02-06 02:00:56,79.15333333333334,16.64,19.18,37.855,52.169999999999995,0.0,63.16
2022-02-06 03:00:56,73.64333333333333,15.799999999999999,14.814999999999998,33.58,45.715,0.0,70.0
2022-02-06 04:00:56,67.24,14.090000000000002,13.745,32.045,43.94,0.0,68.4
2022-02-06 05:00:56,52.14333333333333,16.8,12.37,29.195000000000004,39.97,0.0,72.16
2022-02-06 06:00:56,40.776666666666664,21.685,11.950000000000001,29.155,39.25,0.0,73.03
2022-02-06 07:00:56,49.58,24.900000000000002,13.270000000000001,39.295,49.455000000000005,0.0,69.94
2022-02-06 08:00:56,44.03,17.72,13.87,62.745000000000005,78.435,0.0,28.95
2022-02-06 09:00:56,64.85666666666667,23.865,14.43,60.51,78.22,0.0,40.32
2022-02-06 10:00:56,85.11666666666666,27.709999999999997,13.87,32.015,46.155,0.0,75.08
2022-02-06 11:00:56,67.00666666666666,20.575,18.965,48.495000000000005,70.0,0.0,72.71
2022-02-06 12:00:56,74.96666666666667,24.905,31.439999999999998,45.504999999999995,64.805,0.0,73.36
2022-02-06 13:00:56,66.56,27.075,27.164999999999996,38.815,53.975,0.0,78.03
2022-02-06 14:00:56,69.44,28.189999999999998,20.96,32.945,47.01,0.0,80.8
2022-02-06 15:00:56,64.17,21.375,16.54,30.98,43.48,0.0,88.34
2022-02-06 16:00:56,61.19,18.425,18.335,31.570000000000004,42.895,0.0,84.94
2022-02-06 17:00:56,56.85,17.57,26.665000000000003,35.525,46.48,0.0,87.02
2022-02-06 18:00:56,50.60666666666667,21.48,27.735,46.175000000000004,57.975,0.0,77.46
2022-02-06 19:00:56,59.88666666666666,18.465,17.95,61.555,74.82000000000001,0.0,60.25
2022-02-06 20:00:56,69.28333333333333,21.8,13.045,58.85999999999999,72.67,0.0,63.17
2022-02-06 21:00:56,79.17333333333333,29.435000000000002,14.555,63.13999999999999,82.785,0.0,51.16
2022-02-06 22:00:56,83.58,38.69,13.37,109.505,138.125,0.0,23.63
2022-02-06 23:00:56,91.81666666666666,47.03,14.18,94.125,114.89,0.0,12.16
2022-02-07 00:00:56,111.21333333333334,49.68000000000001,15.685,68.38,84.46,0.0,34.54
2022-02-07 01:00:56,100.78333333333333,47.96,13.945,85.13,106.68,0.0,21.72
2022-02-07 02:00:56,105.02666666666667,52.035,12.935,79.285,95.53500000000001,0.0,11.83
2022-02-07 03:00:56,105.25666666666666,55.205000000000005,15.790000000000001,80.55499999999999,99.49,0.0,8.89
2022-02-07 04:00:56,99.15666666666667,49.025000000000006,15.445,55.645,68.875,0.0,55.33
2022-02-07 05:00:56,84.53,46.925000000000004,14.76,63.805,75.805,0.0,35.93
2022-02-07 06:00:56,65.29666666666667,40.225,15.71,37.71,48.43,0.0,77.55
2022-02-07 07:00:56,58.89666666666667,36.305,15.659999999999998,38.92,51.93,0.0,71.31
2022-02-07 08:00:56,62.66,30.474999999999998,14.755,71.03,99.375,0.0,42.25
2022-02-07 09:00:56,94.22,30.515,16.345,90.40499999999999,120.52499999999999,0.0,36.03
2022-02-07 10:00:56,118.04666666666667,33.51,25.399999999999995,65.255,81.82,0.0,55.58
2022-02-07 11:00:56,107.56333333333333,42.495000000000005,29.724999999999998,42.165,55.74,0.0,79.56
2022-02-07 12:00:56,103.57666666666667,33.98,17.375,35.625,48.22,0.0,83.73
2022-02-07 13:00:56,90.97666666666666,37.135,16.115,36.620000000000005,51.215,0.0,82.84
2022-02-07 14:00:56,82.56333333333333,31.645,13.729999999999999,28.645,40.62,0.0,90.97
2022-02-07 15:00:56,64.02666666666667,20.265,19.709999999999997,33.7,45.879999999999995,0.0,95.53
2022-02-07 16:00:56,75.87333333333333,14.990000000000002,19.06,39.675,52.34,0.0,86.03
2022-02-07 17:00:56,70.99,26.2,12.21,53.035000000000004,67.64999999999999,0.0,68.7
2022-02-07 18:00:56,69.91666666666667,24.715,25.355,70.42,85.145,0.0,60.32
2022-02-07 19:00:56,74.11666666666667,30.375,19.11,109.37,131.245,0.0,37.97
2022-02-07 20:00:56,86.14,39.88,24.305000000000003,138.46,205.54,0.0,18.64
2022-02-07 21:00:56,101.87,51.02,19.28,147.885,216.04,0.0,5.63
2022-02-07 22:00:56,117.38,66.595,25.945000000000004,157.495,261.02500000000003,0.0,6.07
2022-02-07 23:00:56,115.86666666666667,69.155,21.330000000000002,130.995,228.18500000000003,0.0,7.5
2022-02-08 00:00:56,127.88,68.505,26.715000000000003,98.425,131.285,0.0,24.13
2022-02-08 01:00:56,119.77666666666667,58.76,48.06,98.685,121.5,0.0,44.18
2022-02-08 02:00:56,103.68,52.685,34.755,82.73,102.63,0.0,28.7
2022-02-08 03:00:56,81.14,42.879999999999995,18.285,103.915,120.745,0.0,12.92
2022-02-08 04:00:56,79.55,42.525,20.32,94.01499999999999,114.81,0.0,5.55
2022-02-08 05:00:56,68.66666666666667,39.025,15.829999999999998,78.36,94.125,0.0,6.92
2022-02-08 06:00:56,69.00333333333333,29.745,14.825000000000001,66.79,80.37,0.0,12.65
2022-02-08 07:00:56,61.35666666666667,29.274999999999995,14.475,81.675,113.455,0.0,5.43
2022-02-08 08:00:56,60.61666666666667,35.665,14.64,114.34499999999998,186.285,0.0,4.63
2022-02-08 09:00:56,51.72,37.77,17.91,137.35500000000002,274.755,0.0,4.35
2022-02-08 10:00:56,59.46333333333333,42.550000000000004,22.83,130.0,250.94999999999996,0.0,11.14
2022-02-08 11:00:56,74.98333333333333,45.85999999999999,27.659999999999997,86.21,140.465,0.0,58.54
2022-02-08 12:00:56,68.11333333333333,42.04,17.725,38.955,54.48499999999999,0.0,74.86
2022-02-08 13:00:56,50.78,28.959999999999997,17.825000000000003,35.08,47.21,0.0,76.48
2022-02-08 14:00:56,36.16,18.405,18.76,33.705,45.05500000000001,0.0,73.99
2022-02-08 15:00:56,31.576666666666668,13.19,13.61,34.475,46.300000000000004,0.0,75.08
2022-02-08 16:00:56,34.236666666666665,17.815,10.69,35.870000000000005,47.665,0.0,75.79
2022-02-08 17:00:56,31.426666666666666,13.32,12.839999999999998,66.67,98.335,0.0,34.2
2022-02-08 18:00:56,34.05,10.085,14.06,85.83999999999999,136.98000000000002,0.0,17.49
2022-02-08 19:00:56,32.983333333333334,11.81,12.905000000000001,69.99,95.935,0.0,44.93
2022-02-08 20:00:56,41.06666666666666,10.26,14.615,56.24,73.62,0.0,55.84
2022-02-08 21:00:56,44.85333333333333,13.165,15.93,99.89999999999999,140.315,0.0,26.14
2022-02-08 22:00:56,48.44666666666666,27.22,15.060000000000002,64.83999999999999,85.54,0.0,52.94
2022-02-08 23:00:56,38.15,24.310000000000002,12.214999999999998,21.23,30.47,0.0,75.75
2022-02-09 00:00:56,29.336666666666666,13.775,10.105,19.035,27.695000000000004,0.0,73.45
2022-02-09 01:00:56,30.016666666666666,9.475,10.16,19.135,27.534999999999997,0.0,74.41
2022-02-09 02:00:56,27.133333333333336,9.165,10.675000000000002,19.135,28.235,0.0,73.26
2022-02-09 03:00:56,30.15,9.315,10.829999999999998,12.594999999999999,20.755,0.0,81.07
2022-02-09 04:00:56,24.483333333333334,6.66,11.375,16.830000000000002,25.11,0.0,74.03
2022-02-09 05:00:56,29.60666666666667,5.105,10.705,48.955000000000005,67.23,0.0,21.21
2022-02-09 06:00:56,31.756666666666664,9.9,10.53,62.23500000000001,76.61,0.0,10.92
2022-02-09 07:00:56,31.64,10.945,9.72,67.07499999999999,100.67,0.0,6.67
2022-02-09 08:00:56,35.696666666666665,9.945,9.565,81.85,164.065,0.0,2.42
2022-02-09 09:00:56,47.42666666666667,21.350000000000005,11.549999999999999,118.325,308.645,0.0,3.31
2022-02-09 10:00:56,52.836666666666666,36.875,12.15,122.675,316.245,0.0,5.87
2022-02-09 11:00:56,71.20333333333333,56.975,11.74,120.21499999999999,300.145,0.0,6.31
2022-02-09 12:00:56,90.49000000000001,74.855,12.585,109.57,246.31499999999997,0.0,6.71
2022-02-09 13:00:56,121.35333333333332,78.355,11.074999999999998,104.07,204.1,0.0,6.05
2022-02-09 14:00:56,96.12666666666667,74.93,11.435,54.21,94.185,0.0,24.19
2022-02-09 15:00:56,52.260000000000005,7.414999999999999,12.385,39.85,59.105,0.0,31.69
2022-02-09 16:00:56,37.223333333333336,35.77,11.695,41.46,63.585,0.0,25.0
2022-02-09 17:00:56,33.873333333333335,21.015,12.24,36.165,54.76499999999999,0.0,33.25
2022-02-09 18:00:56,31.816666666666666,14.955,14.015,45.455000000000005,72.065,0.0,28.26
2022-02-09 19:00:56,30.230000000000004,11.729999999999999,14.534999999999998,68.035,132.43,0.0,9.13
2022-02-09 20:00:56,33.97,11.37,16.695,70.865,118.27500000000002,0.0,8.36
2022-02-09 21:00:56,29.1,19.72,14.555,37.79,57.285,0.0,40.69
2022-02-09 22:00:56,30.55,18.150000000000002,17.095,45.775,67.995,0.0,35.29
2022-02-09 23:00:56,26.75,17.285,12.935,36.775,53.355,0.0,44.22
2022-02-10 00:00:56,26.62333333333333,14.464999999999998,10.705,38.089999999999996,54.66,0.0,38.01
2022-02-10 01:00:56,24.553333333333335,8.655,10.03,30.265,45.85999999999999,0.0,51.74
2022-02-10 02:00:56,25.03333333333333,5.859999999999999,14.185000000000002,39.675000000000004,53.169999999999995,0.0,50.77
2022-02-10 03:00:56,22.0,7.035,14.43,26.49,38.0,0.0,65.43
2022-02-10 04:00:56,19.67,6.705000000000001,13.015,26.345,37.72,0.0,59.79
2022-02-10 05:00:56,19.60333333333333,8.445,12.5,22.48,33.8,0.0,62.95
2022-02-10 06:00:56,19.723333333333333,4.925,11.39,19.72,30.25,0.0,66.88
2022-02-10 07:00:56,18.3,3.595,11.54,26.450000000000003,40.235,0.0,57.31
2022-02-10 08:00:56,20.846666666666668,4.11,12.49,57.23500000000001,93.245,0.0,23.83
2022-02-10 09:00:56,15.55,4.955,13.854999999999999,60.68000000000001,103.055,0.0,22.81
2022-02-10 10:00:56,21.98,4.955,12.339999999999998,50.03,82.955,0.0,27.95
2022-02-10 11:00:56,26.776666666666667,6.1000000000000005,14.86,34.9,54.37,0.0,45.64
2022-02-10 12:00:56,22.943333333333335,8.225,13.115,27.855,44.655,0.0,54.74
2022-02-10 13:00:56,24.8,7.875,12.905000000000001,27.14,44.75,0.0,60.43
2022-02-10 14:00:56,24.25,5.47,13.46,22.98,37.885,0.0,66.72
2022-02-10 15:00:56,20.53666666666667,4.175,14.299999999999999,22.599999999999998,36.68,0.0,67.92
2022-02-10 16:00:56,22.433333333333334,2.715,15.71,24.88,38.655,0.0,65.58
2022-02-10 17:00:56,28.636666666666667,3.02,16.37,38.935,59.21,0.0,49.41
2022-02-10 18:00:56,31.47666666666667,3.99,18.650000000000002,53.28,81.5,0.0,35.96
2022-02-10 19:00:56,47.39,7.84,28.439999999999998,68.82,98.77,0.0,28.12
2022-02-10 20:00:56,43.526666666666664,10.81,28.649999999999995,78.66,117.765,0.0,22.59
2022-02-10 21:00:56,61.29666666666666,18.535,18.76,52.745000000000005,76.085,0.0,39.1
2022-02-10 22:00:56,49.303333333333335,20.385,18.175,43.01,60.135,0.0,49.26
2022-02-10 23:00:56,40.92,15.325000000000001,13.35,53.885,72.58,0.0,30.5
2022-02-11 00:00:56,38.58333333333333,9.64,10.979999999999999,47.945,65.945,0.0,31.39
2022-02-11 01:00:56,38.44333333333333,8.045,14.204999999999998,58.26499999999999,77.37,0.0,21.8
2022-02-11 02:00:56,48.39,15.625,11.780000000000001,51.81,68.275,0.0,20.91
2022-02-11 03:00:56,39.81,12.910000000000002,11.125,43.495000000000005,56.910000000000004,0.0,24.5
2022-02-11 04:00:56,36.92666666666666,14.32,10.38,42.475,55.544999999999995,0.0,31.01
2022-02-11 05:00:56,32.44,12.049999999999999,9.43,38.875,51.06,0.0,24.26
2022-02-11 06:00:56,30.30333333333333,11.049999999999999,9.43,41.435,53.495000000000005,0.0,25.51
2022-02-11 07:00:56,35.68,9.745,9.31,51.650000000000006,68.75999999999999,0.0,13.14
2022-02-11 08:00:56,43.21,12.700000000000001,9.35,62.09,91.625,0.0,11.04
2022-02-11 09:00:56,49.913333333333334,14.780000000000001,10.245,78.11,133.79999999999998,0.0,13.01
2022-02-11 10:00:56,60.6,23.025000000000002,7.914999999999999,90.19,165.28500000000003,0.0,11.44
2022-02-11 11:00:56,82.81,34.29,10.195,69.59,112.745,0.0,25.37
2022-02-11 12:00:56,87.94,43.03,10.34,58.425000000000004,89.25999999999999,0.0,38.48
2022-02-11 13:00:56,84.22333333333333,37.585,11.810000000000002,44.06,65.495,0.0,55.73
2022-02-11 14:00:56,80.75333333333333,34.755,12.4,34.58,51.050000000000004,0.0,65.75
2022-02-11 15:00:56,68.34333333333333,26.930000000000003,5.66,20.92,31.554999999999996,0.0,74.15
2022-02-11 16:00:56,56.873333333333335,23.715,6.695,25.41,37.975,0.0,70.13
2022-02-11 17:00:56,83.76666666666667,18.375,11.46,29.024999999999995,41.57,0.0,68.45
2022-02-11 18:00:56,68.64666666666668,16.790000000000003,10.0,49.964999999999996,66.835,0.0,46.45
2022-02-11 19:00:56,72.72666666666666,16.635,10.295,66.165,87.165,0.0,37.37
2022-02-11 20:00:56,102.23666666666668,22.0,14.300000000000002,117.755,231.82000000000002,0.0,8.14
2022-02-11 21:00:56,167.92666666666668,34.29,12.365,103.305,173.715,0.0,13.75
2022-02-11 22:00:56,205.85333333333332,42.84,13.69,76.945,111.93,0.0,23.76
2022-02-11 23:00:56,140.24666666666667,33.91,11.799999999999999,70.705,102.07,0.0,27.39
2022-02-12 00:00:56,107.18,23.705000000000002,12.065,65.52,87.96499999999999,0.0,31.59
2022-02-12 01:00:56,86.47999999999999,25.3,11.94,56.07,73.585,0.0,41.85
2022-02-12 02:00:56,72.16333333333334,20.09,12.050000000000002,45.345,59.66499999999999,0.0,44.97
2022-02-12 03:00:56,53.276666666666664,14.685000000000002,11.449999999999998,40.085,52.745,0.0,53.46
2022-02-12 04:00:56,26.409999999999997,9.19,10.71,17.355,20.84,0.0,0.0
2022-02-12 05:00:56,26.703333333333333,9.525,11.145000000000001,18.795,22.429999999999996,0.0,0.0
2022-02-12 06:00:56,24.939999999999998,6.56,11.035000000000002,15.285000000000002,18.7,0.0,0.0
2022-02-12 07:00:56,31.63,10.45,11.08,14.785000000000002,18.26,0.0,0.0
2022-02-12 08:00:56,37.89666666666667,7.37,10.94,28.01,37.06,0.0,0.0
2022-02-12 09:00:56,72.24333333333334,29.334999999999997,12.4,88.06,159.21,0.0,17.2
2022-02-12 10:00:56,81.04333333333334,23.265,16.235,62.855,108.335,0.0,44.38
2022-02-12 11:00:56,83.10666666666667,21.055,19.925,45.044999999999995,70.57499999999999,0.0,61.43
2022-02-12 12:00:56,76.43,21.26,18.285,34.305,51.875,0.0,66.0
2022-02-12 13:00:56,80.49333333333334,22.054999999999996,12.065,27.97,43.01,0.0,69.46
2022-02-12 14:00:56,75.24,20.55,11.33,28.22,43.46,0.0,70.63
2022-02-12 15:00:56,72.70333333333333,18.96,13.225,29.700000000000003,44.285000000000004,0.0,72.94
2022-02-12 16:00:56,74.11666666666666,19.48,11.800000000000002,35.04,49.339999999999996,0.0,67.54
2022-02-12 17:00:56,84.75,17.7,12.165,49.29,70.55,0.0,52.91
2022-02-12 18:00:56,94.32666666666668,27.87,9.915,58.32,74.765,0.0,47.72
2022-02-12 19:00:56,96.81333333333333,23.98,9.63,72.915,92.055,0.0,37.67
2022-02-12 20:00:56,125.75666666666666,27.659999999999997,9.695,113.78000000000002,174.255,0.0,8.95
2022-02-12 21:00:56,221.74666666666667,46.46,13.265,115.89999999999999,177.94500000000002,0.0,8.08
2022-02-12 22:00:56,213.48333333333332,63.75,9.545,117.985,220.04999999999998,0.0,7.73
2022-02-12 23:00:56,215.1533333333333,73.66,8.82,106.98,231.59,0.0,10.61
2022-02-13 00:00:56,192.32333333333332,84.225,8.205,93.73,176.725,0.0,8.85
2022-02-13 01:00:56,176.32,76.295,8.875,101.78500000000001,208.30499999999998,0.0,8.28
2022-02-13 02:00:56,164.67,70.15,10.64,100.125,174.07000000000002,0.0,7.98
2022-02-13 03:00:56,141.92,68.655,10.53,96.46,158.42,0.0,6.61
2022-02-13 04:00:56,123.32333333333332,60.199999999999996,9.835,76.725,124.415,0.0,5.14
2022-02-13 05:00:56,100.61666666666667,50.915,10.24,90.185,139.825,0.0,4.36
2022-02-13 06:00:56,86.05333333333334,43.105,9.15,74.91000000000001,104.915,0.0,4.06
2022-02-13 07:00:56,79.87,45.69,9.450000000000001,58.574999999999996,74.35,0.0,11.02
2022-02-13 08:00:56,72.31666666666666,35.51,11.795,66.145,87.99000000000001,0.0,16.1
2022-02-13 09:00:56,61.620000000000005,33.875,11.954999999999998,59.754999999999995,87.555,0.0,32.23
2022-02-13 10:00:56,58.09,29.465000000000003,15.204999999999998,38.365,56.09,0.0,52.11
2022-02-13 11:00:56,49.72666666666667,32.685,13.729999999999999,38.29,60.065,0.0,43.87
2022-02-13 12:00:56,47.03333333333333,30.25,17.74,36.345,53.75,0.0,50.84
2022-02-13 13:00:56,47.17666666666667,20.150000000000002,19.46,39.95,58.605,0.0,54.0
2022-02-13 14:00:56,57.49333333333334,14.635,21.665000000000003,39.725,59.81999999999999,0.0,53.18
2022-02-13 15:00:56,57.71666666666667,14.229999999999999,18.575,35.075,55.715,0.0,53.75
2022-02-13 16:00:56,54.96666666666666,16.125,15.530000000000001,36.675,56.755,0.0,45.07
2022-02-13 17:00:56,48.38,12.795,15.19,38.63,59.410000000000004,0.0,42.8
2022-02-13 18:00:56,55.16333333333333,10.93,16.695,41.615,62.48499999999999,0.0,39.91
2022-02-13 19:00:56,58.239999999999995,15.38,21.255,42.555,63.105,0.0,36.52
2022-02-13 20:00:56,49.30666666666667,15.660000000000002,21.285,41.595,59.98,0.0,37.53
2022-02-13 21:00:56,48.70666666666667,19.84,18.724999999999998,35.09,49.93,0.0,40.98
2022-02-13 22:00:56,41.95666666666666,14.82,23.875,33.085,48.375,0.0,42.05
2022-02-13 23:00:56,33.87,11.695,19.105,31.834999999999997,46.855,0.0,41.96
2022-02-14 00:00:56,32.29,11.714999999999998,18.04,30.11,43.655,0.0,45.31
2022-02-14 01:00:56,25.85333333333333,10.045,17.585,26.05,38.925,0.0,50.07
2022-02-14 02:00:56,26.56,8.969999999999999,16.005,26.349999999999998,38.66,0.0,48.3
2022-02-14 03:00:56,27.60333333333333,12.17,15.045000000000002,22.334999999999997,34.27,0.0,57.19
2022-02-14 04:00:56,29.436666666666667,12.125,12.89,25.06,37.495,0.0,53.2
2022-02-14 05:00:56,26.7,13.149999999999999,12.935,30.775000000000002,43.300000000000004,0.0,46.7
2022-02-14 06:00:56,27.036666666666665,9.915,13.115,35.365,49.49,0.0,39.18
2022-02-14 07:00:56,25.413333333333334,8.605,13.5,41.22,57.835,0.0,36.54
2022-02-14 08:00:56,36.4,12.565,12.87,65.965,105.195,0.0,17.15
2022-02-14 09:00:56,56.95,15.815,15.69,63.70000000000001,92.24,0.0,34.35
2022-02-14 10:00:56,70.92666666666666,14.405000000000001,14.780000000000001,73.03,131.14,0.0,36.67
2022-02-14 11:00:56,75.77333333333334,20.34,15.229999999999999,80.565,130.635,0.0,15.49
2022-02-14 12:00:56,83.05000000000001,24.900000000000002,14.909999999999998,54.805,77.005,0.0,28.52
2022-02-14 13:00:56,75.97666666666666,25.290000000000003,12.525,36.919999999999995,54.75,0.0,46.15
2022-02-14 14:00:56,62.876666666666665,21.78,12.6,35.43,52.78,0.0,47.5
2022-02-14 15:00:56,54.20666666666666,18.11,11.185,32.785,51.38500000000001,0.0,48.1
2022-02-14 16:00:56,50.50333333333333,12.695,5.29,37.56,60.495000000000005,0.0,45.23
2022-02-14 17:00:56,60.406666666666666,11.969999999999999,11.674999999999999,39.585,59.22,0.0,43.5
2022-02-14 18:00:56,75.85666666666667,9.345,10.275,54.37,76.905,0.0,33.6
2022-02-14 19:00:56,83.76666666666667,7.175000000000001,11.39,64.825,97.36,0.0,31.76
2022-02-14 20:00:56,81.91333333333333,9.01,12.04,76.80000000000001,121.915,0.0,21.38
2022-02-14 21:00:56,89.38666666666666,16.115,10.89,66.77499999999999,102.065,0.0,27.09
2022-02-14 22:00:56,91.06333333333333,17.540000000000003,11.055,53.29999999999999,68.67,0.0,32.84
2022-02-14 23:00:56,80.45666666666666,19.05,10.685,39.68,53.16,0.0,44.23
2022-02-15 00:00:56,66.32333333333334,20.985,10.770000000000001,24.375,35.410000000000004,0.0,64.01
2022-02-15 01:00:56,50.120000000000005,17.93,11.765,23.62,34.975,0.0,63.11
2022-02-15 02:00:56,45.336666666666666,13.815,11.185,30.55,43.14000000000001,0.0,51.52
2022-02-15 03:00:56,42.67,7.419999999999999,11.58,25.795,36.99,0.0,57.53
2022-02-15 04:00:56,36.34,5.84,11.385,22.439999999999998,33.525000000000006,0.0,61.88
2022-02-15 05:00:56,33.39666666666667,7.8,11.295000000000002,20.47,30.965000000000003,0.0,65.68
2022-02-15 06:00:56,30.56,15.979999999999999,10.915,18.925,28.905,0.0,62.91
2022-02-15 07:00:56,35.86,12.81,10.895000000000001,26.3,38.98,0.0,56.85
2022-02-15 08:00:56,40.93666666666667,7.385000000000001,11.025,46.63,69.15,0.0,46.21
2022-02-15 09:00:56,68.20666666666666,13.6,19.185,67.02,102.09500000000001,0.0,29.71
2022-02-15 10:00:56,101.75666666666666,17.855,13.64,53.699999999999996,81.36,0.0,34.81
2022-02-15 11:00:56,98.85666666666667,23.42,12.844999999999999,45.07500000000001,74.85000000000001,0.0,40.05
2022-02-15 12:00:56,92.69,19.33,11.62,28.23,44.185,0.0,59.83
2022-02-15 13:00:56,87.35,17.255,11.79,32.87,54.745000000000005,0.0,52.42
2022-02-15 14:00:56,82.86333333333333,21.705,11.645000000000001,42.870000000000005,70.98,0.0,38.83
2022-02-15 15:00:56,87.21000000000001,18.595,10.82,30.24,47.115,0.0,57.69
2022-02-15 16:00:56,79.97666666666666,14.07,14.284999999999998,31.75,47.10999999999999,0.0,59.88
2022-02-15 17:00:56,77.85666666666667,15.315,14.13,32.775000000000006,47.129999999999995,0.0,58.4
2022-02-15 18:00:56,73.31333333333333,14.815,11.375,37.895,52.93000000000001,0.0,55.36
2022-02-15 19:00:56,83.06,17.275,10.11,51.23500000000001,68.24,0.0,47.65
2022-02-15 20:00:56,94.97333333333333,13.69,11.44,50.11000000000001,66.84,0.0,47.64
2022-02-15 21:00:56,88.60333333333334,12.32,12.07,58.39000000000001,75.16000000000001,0.0,47.69
2022-02-15 22:00:56,83.50333333333333,21.425,11.714999999999998,44.449999999999996,57.669999999999995,0.0,52.85
2022-02-15 23:00:56,72.91666666666667,29.905,13.424999999999999,48.24,61.84,0.0,49.02
2022-02-16 00:00:56,77.36333333333333,20.92,12.505,38.69,51.155,0.0,46.71
2022-02-16 01:00:56,72.97333333333333,22.37,13.979999999999999,31.310000000000002,44.464999999999996,0.0,47.58
2022-02-16 02:00:56,60.55,21.18,11.945,22.375,33.635,0.0,59.39
2022-02-16 03:00:56,49.09,19.685,11.735,22.165000000000003,32.435,0.0,63.84
2022-02-16 04:00:56,39.526666666666664,15.125,13.055,22.615,32.89,0.0,63.54
2022-02-16 05:00:56,32.88666666666666,12.365,11.39,25.715,37.605,0.0,58.76
2022-02-16 06:00:56,41.68666666666667,8.92,10.68,30.575,41.49,0.0,47.05
2022-02-16 07:00:56,47.873333333333335,12.165,10.695,40.845,61.65,0.0,18.51
2022-02-16 08:00:56,53.25666666666666,26.445000000000004,10.97,61.830000000000005,86.445,0.0,6.71
2022-02-16 09:00:56,71.97666666666666,28.285,11.035000000000002,83.81,155.275,0.0,6.25
2022-02-16 10:00:56,127.48333333333335,29.705,12.54,70.005,110.58999999999999,0.0,23.01
2022-02-16 11:00:56,156.35,34.5,15.18,57.035,87.39999999999999,0.0,38.4
2022-02-16 12:00:56,126.36666666666667,39.275,21.01,34.94,51.419999999999995,0.0,60.54
2022-02-16 13:00:56,96.19333333333333,34.11,13.21,28.189999999999998,41.92,0.0,68.44
2022-02-16 14:00:56,93.69333333333333,29.185000000000002,14.225,23.125,35.58,0.0,76.9
2022-02-16 15:00:56,101.67666666666666,25.064999999999998,9.065,27.715,40.46,0.0,73.57
2022-02-16 16:00:56,81.64666666666666,31.395,8.16,24.810000000000002,36.235,0.0,81.26
2022-02-16 17:00:56,82.35333333333334,31.34,8.51,26.965,39.245,0.0,76.01
2022-02-16 18:00:56,80.29333333333334,23.900000000000002,9.290000000000001,34.165,45.965,0.0,67.4
2022-02-16 19:00:56,87.27666666666666,25.935000000000002,16.935000000000002,68.23,82.785,0.0,44.49
2022-02-16 20:00:56,105.95333333333333,30.105,14.74,85.38999999999999,116.995,0.0,22.09
2022-02-16 21:00:56,137.29,36.975,13.015,80.795,112.125,0.0,21.86
2022-02-16 22:00:56,127.00666666666666,31.39,11.229999999999999,67.015,86.645,0.0,36.41
2022-02-16 23:00:56,118.15,32.32,9.885,90.79,121.95,0.0,8.72
2022-02-17 00:00:56,123.98666666666666,43.04999999999999,11.045,78.85,104.72499999999998,0.0,19.92
2022-02-17 01:00:56,131.32333333333332,46.449999999999996,13.965000000000002,72.06,93.31,0.0,23.73
2022-02-17 02:00:56,109.00666666666666,35.78,10.03,52.57,69.83,0.0,35.4
2022-02-17 03:00:56,89.01333333333334,31.635,10.275,57.06,72.28,0.0,16.61
2022-02-17 04:00:56,70.24333333333333,34.215,10.6,58.85,72.38,0.0,17.09
2022-02-17 05:00:56,70.3,33.15,10.405,47.025,59.63999999999999,0.0,33.76
2022-02-17 06:00:56,67.41666666666667,35.735,10.065,51.18,64.13,0.0,29.6
2022-02-17 07:00:56,60.57,35.06,9.79,62.855,87.795,0.0,12.04
2022-02-17 08:00:56,75.86333333333333,33.815,10.165,88.14,138.555,0.0,11.15
2022-02-17 09:00:56,94.02333333333334,35.599999999999994,11.285000000000002,83.52499999999999,145.965,0.0,6.71
2022-02-17 10:00:56,143.05333333333334,37.515,14.089999999999998,84.685,147.02,0.0,12.22
2022-02-17 11:00:56,96.61,45.395,12.615,59.169999999999995,86.93,0.0,47.15
2022-02-17 12:00:56,89.78666666666666,47.835,16.59,48.13999999999999,69.475,0.0,55.35
2022-02-17 13:00:56,79.64,40.62,11.12,36.04,52.574999999999996,0.0,65.86
2022-02-17 14:00:56,73.23,29.55,6.224999999999999,25.37,38.074999999999996,0.0,76.83
2022-02-17 15:00:56,63.276666666666664,26.45,8.23,26.02,38.54,0.0,77.43
2022-02-17 16:00:56,54.85666666666666,19.61,3.315,25.48,37.51,0.0,77.35
2022-02-17 17:00:56,89.58666666666666,22.849999999999998,8.555,29.540000000000003,42.465,0.0,70.31
2022-02-17 18:00:56,87.65666666666667,27.349999999999998,9.35,36.669999999999995,50.04999999999999,0.0,66.14
2022-02-17 19:00:56,88.33333333333333,24.315,5.48,78.75,97.635,0.0,36.95
2022-02-17 20:00:56,125.47333333333333,32.085,10.57,98.295,139.11,0.0,17.45
2022-02-17 21:00:56,141.49333333333334,33.785000000000004,10.034999999999998,76.895,108.94500000000001,0.0,18.86
2022-02-17 22:00:56,119.9,33.68,11.340000000000002,59.915,80.145,0.0,37.85
2022-02-17 23:00:56,107.85666666666667,35.949999999999996,10.83,60.635,80.24,0.0,36.14
2022-02-18 00:00:56,99.77333333333333,36.93,10.705,82.23,105.0,0.0,27.85
2022-02-18 01:00:56,89.30333333333334,31.89,13.594999999999999,65.715,84.12,0.0,38.15
2022-02-18 02:00:56,84.31,28.27,12.14,55.805,70.22500000000001,0.0,57.15
2022-02-18 03:00:56,76.97,28.814999999999998,11.094999999999999,47.535,59.294999999999995,0.0,60.13
2022-02-18 04:00:56,69.3,25.774999999999995,12.125,40.650000000000006,51.82,0.0,64.03
2022-02-18 05:00:56,81.44333333333333,26.22,10.88,40.53,51.91,0.0,58.98
2022-02-18 06:00:56,78.50999999999999,28.855,11.04,52.155,65.72,0.0,31.58
2022-02-18 07:00:56,71.56333333333333,38.405,11.62,66.72,91.185,0.0,29.37
2022-02-18 08:00:56,77.41333333333333,50.22,4.99,83.345,134.01,0.0,16.72
2022-02-18 09:00:56,100.19333333333333,49.18,12.915,91.41000000000001,161.6,0.0,6.68
2022-02-18 10:00:56,155.44333333333333,51.59,17.775,77.925,112.24,0.0,30.39
2022-02-18 11:00:56,133.46666666666667,48.53,14.755,37.715,57.57500000000001,0.0,64.01
2022-02-18 12:00:56,103.24666666666667,36.845,15.075000000000001,29.524999999999995,43.544999999999995,0.0,81.05
2022-02-18 13:00:56,91.60333333333334,32.129999999999995,13.055,28.53,41.675000000000004,0.0,81.11
2022-02-18 14:00:56,94.12333333333333,36.745,14.950000000000001,35.175,50.855,0.0,73.05
2022-02-18 15:00:56,94.38333333333333,30.735,10.99,37.35,52.044999999999995,0.0,71.0
2022-02-18 16:00:56,89.26333333333332,26.455,11.604999999999999,27.485,38.555,0.0,85.01
2022-02-18 17:00:56,97.89666666666666,22.425,10.92,32.365,43.580000000000005,0.0,75.31
2022-02-18 18:00:56,100.27333333333333,26.560000000000002,10.35,47.285,60.48,0.0,48.35
2022-02-18 19:00:56,90.85,31.95,15.485,67.135,92.455,0.0,34.02
2022-02-18 20:00:56,85.74000000000001,33.32,14.104999999999999,61.14000000000001,85.375,0.0,35.97
2022-02-18 21:00:56,67.02333333333334,32.945,15.949999999999998,56.29999999999999,77.825,0.0,40.55
2022-02-18 22:00:56,52.39666666666667,33.335,13.235,53.465,74.03999999999999,0.0,42.85
2022-02-18 23:00:56,49.370000000000005,30.73,12.020000000000001,57.25,79.755,0.0,25.11
2022-02-19 00:00:56,44.986666666666665,27.66,10.69,41.055,55.495000000000005,0.0,43.2
2022-02-19 01:00:56,47.38,25.105,9.485,44.544999999999995,58.865,0.0,32.86
2022-02-19 02:00:56,50.46666666666667,25.320000000000004,8.87,39.345,55.685,0.0,34.7
2022-02-19 03:00:56,41.03,28.155,8.485,28.385,40.555,0.0,45.79
2022-02-19 04:00:56,37.18333333333334,26.24,8.120000000000001,26.36,38.02,0.0,51.25
2022-02-19 05:00:56,32.52333333333333,17.06,8.41,27.205000000000002,40.06,0.0,48.9
2022-02-19 06:00:56,18.47,10.475,9.165,8.3,11.615,0.0,0.0
2022-02-19 07:00:56,19.176666666666666,10.36,8.515,18.125,22.27,0.0,0.0
2022-02-19 08:00:56,17.223333333333333,10.395,8.399999999999999,30.189999999999998,34.455,0.0,0.0
2022-02-19 09:00:56,17.143333333333334,6.37,8.895,33.6,45.10999999999999,0.0,0.0
2022-02-19 10:00:56,22.61,13.170000000000002,10.81,29.97,38.935,0.0,0.0
2022-02-19 11:00:56,31.653333333333336,18.525,16.215,21.45,29.225000000000005,0.0,0.0
2022-02-19 12:00:56,24.026666666666667,11.65,14.564999999999998,9.425,14.055,0.0,0.0
2022-02-19 13:00:56,28.82,11.83,11.19,38.62,66.52,0.0,41.76
2022-02-19 14:00:56,43.836666666666666,8.225,10.795,37.15,63.465,0.0,46.02
2022-02-19 15:00:56,51.56666666666666,6.18,9.78,36.84,63.07500000000001,0.0,52.83
2022-02-19 16:00:56,56.983333333333334,7.81,11.485,40.485,70.34,0.0,43.63
2022-02-19 17:00:56,63.91333333333333,8.94,9.04,44.330000000000005,75.795,0.0,38.5
2022-02-19 18:00:56,68.52666666666667,6.38,9.275,50.425000000000004,84.195,0.0,31.96
2022-02-19 19:00:56,75.45666666666666,6.415,9.49,71.595,122.485,0.0,14.89
2022-02-19 20:00:56,86.94,11.780000000000001,12.615,84.55,141.1,0.0,9.11
2022-02-19 21:00:56,106.52666666666667,23.439999999999998,9.88,91.925,142.875,0.0,9.38
2022-02-19 22:00:56,118.56666666666666,31.8,11.255,99.53000000000002,184.30499999999998,0.0,4.5
2022-02-19 23:00:56,124.32666666666667,48.24,9.0,91.445,186.485,0.0,5.23
2022-02-20 00:00:56,129.22333333333333,53.205000000000005,10.729999999999999,86.48,187.745,0.0,5.2
2022-02-20 01:00:56,126.70333333333332,53.294999999999995,10.365,73.725,109.205,0.0,14.95
2022-02-20 02:00:56,107.54,46.745,9.18,68.905,104.07,0.0,3.95
2022-02-20 03:00:56,93.66333333333334,35.5,11.325000000000001,66.945,97.53000000000002,0.0,9.31
2022-02-20 04:00:56,84.94666666666667,29.524999999999995,10.975,49.775000000000006,67.645,0.0,22.14
2022-02-20 05:00:56,59.2,23.045,10.905000000000001,52.335,70.35,0.0,18.31
2022-02-20 06:00:56,55.38333333333333,25.320000000000004,10.11,55.04,75.67,0.0,5.03
2022-02-20 07:00:56,55.593333333333334,25.560000000000002,9.985,52.285,71.165,0.0,8.31
2022-02-20 08:00:56,49.96,47.88499999999999,10.135,63.07,112.75999999999999,0.0,4.09
2022-02-20 09:00:56,56.42,40.485,12.11,63.345,120.0,0.0,4.8
2022-02-20 10:00:56,78.42,40.585,17.745,59.06,108.47500000000001,0.0,27.93
2022-02-20 11:00:56,91.17,40.56,14.14,35.44,56.565,0.0,49.78
2022-02-20 12:00:56,65.04,30.605,12.045,25.540000000000003,41.32,0.0,61.54
2022-02-20 13:00:56,51.08,20.435,11.225,21.13,34.025,0.0,73.33
2022-02-20 14:00:56,44.00333333333333,11.469999999999999,13.14,18.82,30.895,0.0,78.52
2022-02-20 15:00:56,43.54333333333334,11.955,9.005,19.77,31.225000000000005,0.0,75.91
2022-02-20 16:00:56,47.16,8.705,8.11,20.425,31.974999999999998,0.0,68.75
2022-02-20 17:00:56,47.92333333333333,7.04,8.385,23.625,35.72,0.0,65.43
2022-02-20 18:00:56,43.92333333333333,12.4,8.955,33.46,45.96,0.0,56.17
2022-02-20 19:00:56,50.61333333333334,15.29,10.21,65.51,89.21,0.0,35.5
2022-02-20 20:00:56,73.38333333333334,15.53,11.415,86.695,127.995,0.0,19.53
2022-02-20 21:00:56,113.33666666666666,19.81,19.155,108.65500000000002,189.245,0.0,9.14
2022-02-20 22:00:56,150.86333333333334,33.32,18.69,83.21,115.765,0.0,30.72
2022-02-20 23:00:56,126.42999999999999,28.125,15.074999999999998,51.1,68.56,0.0,37.48
2022-02-21 00:00:56,98.55,30.63,20.95,61.73,79.325,0.0,31.14
2022-02-21 01:00:56,83.85666666666667,27.3,13.905000000000001,50.17499999999999,66.365,0.0,32.43
2022-02-21 02:00:56,73.51666666666667,18.790000000000003,11.555,36.945,50.655,0.0,41.9
2022-02-21 03:00:56,56.31,18.185,12.825000000000001,41.06,54.794999999999995,0.0,41.53
2022-02-21 04:00:56,57.80666666666667,17.18,13.705,37.77,50.660000000000004,0.0,39.41
2022-02-21 05:00:56,49.11666666666667,12.645000000000001,15.479999999999999,46.425000000000004,60.44,0.0,31.23
2022-02-21 06:00:56,45.82333333333333,13.805,13.38,50.379999999999995,65.485,0.0,30.94
2022-02-21 07:00:56,46.05333333333333,11.714999999999998,13.995,76.24000000000001,103.23,0.0,24.65
2022-02-21 08:00:56,62.46,15.329999999999998,13.32,102.565,196.34,0.0,5.65
2022-02-21 09:00:56,133.97666666666666,25.569999999999997,16.74,122.31,261.13,0.0,4.43
2022-02-21 10:00:56,191.23666666666668,33.855,18.475,69.94500000000001,109.88,0.0,31.74
2022-02-21 11:00:56,163.40333333333334,38.625,18.535,46.4,67.89999999999999,0.0,45.77
2022-02-21 12:00:56,129.12333333333333,34.055,27.345,58.895,85.89999999999999,0.0,43.09
2022-02-21 13:00:56,113.88666666666666,30.399999999999995,16.22,38.375,55.68,0.0,56.96
2022-02-21 14:00:56,95.65,26.59,10.729999999999999,26.255,40.895,0.0,71.96
2022-02-21 15:00:56,82.59333333333333,26.645,9.74,27.755,43.595,0.0,71.8
2022-02-21 16:00:56,62.126666666666665,19.785,9.38,24.179999999999996,37.15,0.0,77.42
2022-02-21 17:00:56,61.483333333333334,16.585,9.68,27.245,40.53,0.0,78.37
2022-02-21 18:00:56,71.76333333333334,12.145000000000001,10.15,30.705,42.69,0.0,77.56
2022-02-21 19:00:56,78.46666666666667,19.18,11.719999999999999,63.34,86.36500000000001,0.0,43.54
2022-02-21 20:00:56,117.03,21.535,13.839999999999998,106.46499999999999,172.745,0.0,6.84
2022-02-21 21:00:56,164.34666666666666,32.55,17.064999999999998,120.88,245.25,0.0,4.32
2022-02-21 22:00:56,169.75,55.85,10.784999999999998,95.675,213.31499999999997,0.0,6.04
2022-02-21 23:00:56,185.67666666666668,63.145,11.025,87.75,164.05,0.0,4.42
2022-02-22 00:00:56,163.96666666666667,59.25,10.28,88.95,186.39,0.0,5.18
2022-02-22 01:00:56,170.84333333333333,63.275,12.160000000000002,92.76,201.44500000000002,0.0,4.53
2022-02-22 02:00:56,153.90666666666667,68.875,10.08,73.245,152.59,0.0,4.47
2022-02-22 03:00:56,128.41333333333333,59.1,10.425,69.815,134.63,0.0,3.58
2022-02-22 04:00:56,111.53333333333333,46.035,10.700000000000001,72.555,135.195,0.0,3.41
2022-02-22 05:00:56,98.84,43.69,9.495,58.185,113.17,0.0,3.81
2022-02-22 06:00:56,87.15333333333334,45.324999999999996,8.99,56.879999999999995,119.09999999999998,0.0,3.39
2022-02-22 07:00:56,81.55333333333334,47.25,8.585,66.21,133.365,0.0,2.93
2022-02-22 08:00:56,80.71666666666667,41.685,8.24,87.43,224.46,0.0,3.92
2022-02-22 09:00:56,117.75,44.625,9.465,96.65499999999999,277.795,0.0,4.94
2022-02-22 10:00:56,197.35333333333335,50.870000000000005,13.854999999999999,94.205,191.80000000000004,0.0,4.31
2022-02-22 11:00:56,165.99333333333334,52.26,18.33,107.33999999999999,187.80000000000004,0.0,5.6
2022-02-22 12:00:56,168.85666666666665,66.875,14.185,111.73,194.30499999999998,0.0,6.11
2022-02-22 13:00:56,160.57,68.52499999999999,16.665000000000003,90.10000000000001,150.67000000000002,0.0,12.49
2022-02-22 14:00:56,125.30333333333334,58.879999999999995,15.315,44.07,65.73,0.0,42.94
2022-02-22 15:00:56,87.14,43.725,11.38,29.175,45.69,0.0,50.25
2022-02-22 16:00:56,63.42333333333333,27.650000000000002,10.525,24.99,39.615,0.0,58.11
2022-02-22 17:00:56,59.913333333333334,19.165,9.835,23.3,36.39,0.0,61.11
2022-02-22 18:00:56,62.093333333333334,18.695,10.055,35.725,53.28,0.0,45.36
2022-02-22 19:00:56,57.17333333333333,15.15,12.24,67.76,102.97500000000001,0.0,25.61
2022-02-22 20:00:56,89.59,25.22,12.385,79.88,128.41,0.0,9.5
2022-02-22 21:00:56,103.72333333333333,27.200000000000003,10.38,87.17,132.515,0.0,5.97
2022-02-22 22:00:56,83.64,31.67,7.780000000000001,88.60000000000001,175.385,0.0,5.16
2022-02-22 23:00:56,98.38,42.589999999999996,4.495,67.945,147.5,0.0,4.72
2022-02-23 00:00:56,96.04333333333334,38.68,8.53,75.71499999999999,128.95000000000002,0.0,4.37
2022-02-23 01:00:56,80.72,35.585,6.82,59.785,85.265,0.0,13.49
2022-02-23 02:00:56,70.57666666666667,27.945000000000004,5.805,65.255,93.085,0.0,11.33
2022-02-23 03:00:56,65.75,25.334999999999997,5.285,65.47,94.91000000000001,0.0,2.99
2022-02-23 04:00:56,58.96000000000001,28.64,4.175,59.78,92.755,0.0,2.31
2022-02-23 05:00:56,52.08,26.115,3.5499999999999994,51.995000000000005,82.76,0.0,1.97
2022-02-23 06:00:56,46.04,20.084999999999997,3.7550000000000003,54.855,79.025,0.0,3.11
2022-02-23 07:00:56,42.7,19.334999999999997,3.9450000000000003,61.294999999999995,110.8,0.0,2.88
2022-02-23 08:00:56,49.47,18.82,3.715,61.84,145.51999999999998,0.0,2.24
2022-02-23 09:00:56,58.276666666666664,24.0,7.890000000000001,86.11,273.51,0.0,3.28
2022-02-23 10:00:56,77.92,35.445,11.36,76.465,150.205,0.0,7.37
2022-02-23 11:00:56,83.36666666666666,48.385,10.035,63.245,103.57999999999998,0.0,19.93
2022-02-23 12:00:56,73.3,44.93000000000001,8.165,31.665000000000003,51.405,0.0,49.26
2022-02-23 13:00:56,55.64333333333334,28.255,5.390000000000001,21.62,36.79,0.0,67.2
2022-02-23 14:00:56,44.92,15.885,4.035,21.985,36.395,0.0,68.6
2022-02-23 15:00:56,60.15333333333333,11.655000000000001,9.615,18.975,32.545,0.0,74.33
2022-02-23 16:00:56,55.846666666666664,8.19,9.445,20.2,33.54,0.0,72.15
2022-02-23 17:00:56,57.33,10.08,9.005,22.865,36.68,0.0,70.83
2022-02-23 18:00:56,68.51666666666667,10.299999999999999,9.96,35.815,49.99,0.0,60.45
2022-02-23 19:00:56,90.76,10.765,10.35,81.625,149.43,0.0,17.92
2022-02-23 20:00:56,145.91333333333333,22.88,9.954999999999998,101.98500000000001,263.685,0.0,5.31
2022-02-23 21:00:56,176.33333333333334,37.005,8.93,78.625,174.82000000000002,0.0,5.31
2022-02-23 22:00:56,186.56666666666666,42.455000000000005,9.585,75.085,153.17,0.0,4.16
2022-02-23 23:00:56,172.2,44.115,9.67,72.55,167.525,0.0,6.28
2022-02-24 00:00:56,164.54,47.845,10.035,86.28500000000001,201.56000000000003,0.0,4.97
2022-02-24 01:00:56,174.42666666666668,49.98,10.68,80.455,189.835,0.0,5.44
2022-02-24 02:00:56,157.27333333333334,57.865,10.979999999999999,80.56,179.17499999999998,0.0,4.26
2022-02-24 03:00:56,129.36333333333332,48.839999999999996,10.705,76.545,166.73000000000002,0.0,4.02
2022-02-24 04:00:56,114.55,46.875,11.24,69.88499999999999,141.82500000000002,0.0,3.85
2022-02-24 05:00:56,100.37666666666667,47.129999999999995,11.315,71.86500000000001,130.615,0.0,2.5
2022-02-24 06:00:56,88.63666666666666,43.464999999999996,11.385,66.45,126.55,0.0,2.8
2022-02-24 07:00:56,87.44666666666667,33.495,11.64,68.1,115.21499999999999,0.0,3.0
2022-02-24 08:00:56,85.17666666666666,32.65,12.325000000000001,75.41,149.605,0.0,2.48
2022-02-24 09:00:56,78.93333333333334,33.885,13.065,77.28500000000001,204.21,0.0,2.27
2022-02-24 10:00:56,64.26666666666667,36.185,12.6,79.59,224.38,0.0,3.75
2022-02-24 11:00:56,78.12666666666667,45.23499999999999,19.045,76.235,143.305,0.0,8.09
2022-02-24 12:00:56,79.56333333333333,49.699999999999996,20.025000000000002,55.26500000000001,93.71499999999999,0.0,14.65
2022-02-24 13:00:56,60.97,37.93,20.38,34.305,61.57500000000001,0.0,33.0
2022-02-24 14:00:56,60.23,24.39,20.005,26.679999999999996,45.26500000000001,0.0,48.74
2022-02-24 15:00:56,69.24000000000001,19.08,21.235,24.745,41.8,0.0,57.44
2022-02-24 16:00:56,83.29666666666667,14.9,18.87,25.554999999999996,41.330000000000005,0.0,64.14
2022-02-24 17:00:56,74.82,12.5,27.320000000000004,30.820000000000004,45.919999999999995,0.0,61.95
2022-02-24 18:00:56,72.19333333333333,17.315,30.099999999999998,59.595,93.665,0.0,24.68
2022-02-24 19:00:56,64.73666666666666,17.775000000000002,38.645,87.295,128.415,0.0,25.22
2022-02-24 20:00:56,63.019999999999996,24.37,38.27,58.23499999999999,79.735,0.0,41.91
2022-02-24 21:00:56,51.05333333333333,28.295,38.785,54.785,76.955,0.0,37.47
2022-02-24 22:00:56,48.50333333333333,20.875,36.165,47.28,64.295,0.0,49.7
2022-02-24 23:00:56,48.67666666666667,14.65,35.985,54.25,69.895,0.0,38.64
2022-02-25 00:00:56,45.80666666666667,22.564999999999998,33.92,35.805,50.76500000000001,0.0,47.75
2022-02-25 01:00:56,41.43,20.98,31.25,33.585,46.35,0.0,45.92
2022-02-25 02:00:56,35.343333333333334,16.695,31.575000000000003,23.755,36.205,0.0,59.24
2022-02-25 03:00:56,36.95666666666666,16.2,31.304999999999996,22.439999999999998,34.47,0.0,60.1
2022-02-25 04:00:56,33.91,16.355,31.105,22.905,34.815,0.0,54.77
2022-02-25 05:00:56,32.60666666666667,20.115,29.64,25.75,37.76,0.0,42.14
2022-02-25 06:00:56,28.17,17.565,29.430000000000003,19.745,31.915000000000003,0.0,53.04
2022-02-25 07:00:56,31.33666666666667,11.54,27.11,26.064999999999998,41.235,0.0,47.6
2022-02-25 08:00:56,33.86666666666667,11.839999999999998,26.570000000000004,68.22500000000001,107.085,0.0,13.33
2022-02-25 09:00:56,34.57333333333333,13.99,25.51,86.66000000000001,165.405,0.0,4.58
2022-02-25 10:00:56,45.166666666666664,22.834999999999997,25.03,76.425,120.72500000000001,0.0,9.95
2022-02-25 11:00:56,43.879999999999995,28.310000000000002,24.425,52.19,79.55,0.0,22.15
2022-02-25 12:00:56,45.81333333333333,28.76,26.95,40.625,60.695,0.0,30.6
2022-02-25 13:00:56,39.97,28.540000000000003,27.42,43.215,62.345,0.0,30.64
2022-02-25 14:00:56,47.7,27.445000000000004,28.070000000000004,41.68,59.565,0.0,31.2
2022-02-25 15:00:56,41.75666666666667,21.5,31.045,68.89,104.435,0.0,18.16
2022-02-25 16:00:56,35.94,29.554999999999996,31.365,54.305,72.10000000000001,0.0,44.05
2022-02-25 17:00:56,40.35,27.755,28.159999999999997,49.165,67.175,0.0,37.92
2022-02-25 18:00:56,45.13333333333333,18.39,26.64,53.18,71.695,0.0,26.85
2022-02-25 19:00:56,37.71333333333333,17.425,25.395,46.13999999999999,66.18,0.0,27.01
2022-02-25 20:00:56,31.096666666666664,15.79,24.425,42.445,63.91,0.0,17.09
2022-02-25 21:00:56,29.88666666666667,16.62,22.474999999999998,39.525,58.85,0.0,19.65
2022-02-25 22:00:56,25.66,11.280000000000001,21.349999999999998,36.395,57.01500000000001,0.0,24.74
2022-02-25 23:00:56,22.106666666666666,8.235,19.49,40.67,62.225,0.0,21.56
2022-02-26 00:00:56,21.30333333333333,7.55,19.535,35.765,52.935,0.0,23.97
2022-02-26 01:00:56,25.76666666666667,9.535,16.935000000000002,35.225,51.875,0.0,21.18
2022-02-26 02:00:56,27.676666666666666,7.5,16.72,26.115,41.6,0.0,30.33
2022-02-26 03:00:56,27.923333333333332,6.23,15.659999999999998,20.375,34.81,0.0,38.4
2022-02-26 04:00:56,25.223333333333333,6.895,13.985,17.36,30.325,0.0,33.14
2022-02-26 05:00:56,22.623333333333335,5.510000000000001,12.615,15.479999999999999,28.145,0.0,37.52
2022-02-26 06:00:56,21.483333333333334,3.8000000000000003,12.395000000000001,14.615,26.814999999999998,0.0,42.22
2022-02-26 07:00:56,20.81,7.150000000000001,11.62,18.34,30.959999999999997,0.0,40.68
2022-02-26 08:00:56,20.35333333333333,5.825,10.15,34.935,58.824999999999996,0.0,26.13
2022-02-26 09:00:56,20.323333333333334,4.66,10.085,44.10999999999999,74.72,0.0,19.95
2022-02-26 10:00:56,24.256666666666664,11.729999999999999,11.385,46.855,75.82,0.0,20.74
2022-02-26 11:00:56,33.123333333333335,17.76,11.755,34.025,55.47,0.0,26.74
2022-02-26 12:00:56,35.81666666666667,15.025,12.19,32.665,53.82,0.0,29.73
2022-02-26 13:00:56,31.71333333333333,15.064999999999998,13.76,28.985,46.919999999999995,0.0,31.06
2022-02-26 14:00:56,30.406666666666666,13.895000000000001,17.745,30.115,50.879999999999995,0.0,29.67
2022-02-26 15:00:56,28.21,13.315,18.76,25.89,46.21,0.0,40.17
2022-02-26 16:00:56,24.023333333333333,10.49,21.355,26.58,42.69,0.0,42.66
2022-02-26 17:00:56,23.186666666666667,11.36,23.965000000000003,33.645,53.32500000000001,0.0,35.04
2022-02-26 18:00:56,24.823333333333334,13.99,24.799999999999997,39.455000000000005,59.25,0.0,30.72
2022-02-26 19:00:56,28.7,13.964999999999998,24.23,50.72,73.12,0.0,21.74
2022-02-26 20:00:56,32.64,12.339999999999998,24.58,61.74,101.765,0.0,10.68
2022-02-26 21:00:56,33.306666666666665,17.674999999999997,27.400000000000002,59.655,92.395,0.0,15.29
2022-02-26 22:00:56,34.93666666666667,24.05,24.689999999999998,52.26499999999999,78.295,0.0,16.13
2022-02-26 23:00:56,39.42333333333333,19.59,22.909999999999997,60.895,86.99,0.0,8.3
2022-02-27 00:00:56,37.46333333333333,15.005,22.810000000000002,51.01499999999999,70.815,0.0,9.72
2022-02-27 01:00:56,34.43666666666667,17.48,22.290000000000003,57.370000000000005,97.32000000000001,0.0,3.17
2022-02-27 02:00:56,33.45333333333333,23.055000000000003,21.334999999999997,56.095,86.27499999999999,0.0,2.56
2022-02-27 03:00:56,35.75333333333333,20.34,20.305,45.10999999999999,64.92500000000001,0.0,7.93
2022-02-27 04:00:56,33.28,16.81,19.045,47.23500000000001,66.955,0.0,4.06
2022-02-27 05:00:56,33.20333333333333,17.365,17.98,47.245000000000005,66.205,0.0,5.65
2022-02-27 06:00:56,43.10333333333333,24.27,16.905,39.7,57.190000000000005,0.0,5.63
2022-02-27 07:00:56,42.6,20.625,16.985,36.73,57.085,0.0,6.84
2022-02-27 08:00:56,33.916666666666664,12.43,16.535,37.86,69.7,0.0,3.61
2022-02-27 09:00:56,32.019999999999996,15.04,15.995,38.4,62.615,0.0,5.2
2022-02-27 10:00:56,33.71666666666667,20.540000000000003,16.92,33.94,56.925000000000004,0.0,9.69
2022-02-27 11:00:56,35.53666666666667,17.53,19.805,39.160000000000004,73.755,0.0,9.36
2022-02-27 12:00:56,38.60666666666667,20.57,21.735,36.745000000000005,64.685,0.0,15.38
2022-02-27 13:00:56,40.78,21.315,23.36,28.939999999999998,49.875,0.0,23.55
2022-02-27 14:00:56,43.56333333333333,18.58,26.549999999999997,24.83,46.345,0.0,34.34
2022-02-27 15:00:56,42.75333333333333,15.22,28.435000000000002,19.709999999999997,35.57,0.0,44.36
2022-02-27 16:00:56,33.89666666666667,14.104999999999999,34.33,22.064999999999998,36.370000000000005,0.0,48.01
2022-02-27 17:00:56,31.683333333333334,12.005,35.61,26.315,42.48,0.0,42.75
2022-02-27 18:00:56,39.47666666666667,9.795,35.23,53.54,100.73500000000001,0.0,15.03
2022-02-27 19:00:56,54.123333333333335,13.385,35.915,65.605,123.66000000000001,0.0,8.28
2022-02-27 20:00:56,87.27666666666667,17.305,36.155,75.925,154.43,0.0,7.14
2022-02-27 21:00:56,100.18333333333332,23.24,38.24,68.505,111.8,0.0,8.78
2022-02-27 22:00:56,81.97666666666666,27.72,31.75,57.605,101.165,0.0,5.55
2022-02-27 23:00:56,75.68666666666667,27.849999999999998,29.145,49.695,94.675,0.0,3.5
2022-02-28 00:00:56,95.35666666666668,36.765,27.299999999999997,57.415,124.13,0.0,2.68
2022-02-28 01:00:56,87.96666666666667,29.23,24.549999999999997,56.775,112.90500000000002,0.0,2.37
2022-02-28 02:00:56,84.29333333333332,25.62,22.16,45.745000000000005,82.34,0.0,2.39
2022-02-28 03:00:56,78.28666666666666,31.105,21.37,47.01500000000001,90.53000000000002,0.0,2.65
2022-02-28 04:00:56,76.21000000000001,30.515,20.545,44.11000000000001,78.48,0.0,3.03
2022-02-28 05:00:56,67.82,29.680000000000003,18.985,39.895,62.31,0.0,3.67
2022-02-28 06:00:56,52.27,23.7,18.415,30.709999999999997,47.215,0.0,13.33
2022-02-28 07:00:56,44.96333333333333,22.14,17.5,44.365,73.875,0.0,8.72
2022-02-28 08:00:56,41.15,22.485,16.82,55.965,116.10000000000001,0.0,2.75
2022-02-28 09:00:56,41.95333333333333,22.36,16.51,65.065,153.06,0.0,2.46
2022-02-28 10:00:56,50.71333333333333,32.46,17.275000000000002,56.915,112.07000000000001,0.0,16.5
2022-02-28 11:00:56,54.01,34.6,21.345,46.150000000000006,83.57499999999999,0.0,34.5
2022-02-28 12:00:56,48.43333333333334,24.74,21.689999999999998,19.745,34.885,0.0,66.48
2022-02-28 13:00:56,38.56333333333333,18.49,25.825,22.095,36.24,0.0,66.05
2022-02-28 14:00:56,30.83666666666667,19.554999999999996,30.715,20.88,33.72,0.0,71.58
2022-02-28 15:00:56,37.13333333333333,16.43,35.35,30.235,45.98499999999999,0.0,61.61
2022-02-28 16:00:56,42.34,8.925,40.51,24.445000000000004,36.61,0.0,72.74
2022-02-28 17:00:56,37.18333333333334,6.285,45.935,56.98499999999999,129.615,0.0,48.65
2022-02-28 18:00:56,32.74333333333333,7.1000000000000005,43.330000000000005,66.955,142.775,0.0,28.74
2022-02-28 19:00:56,42.24666666666667,6.765000000000001,42.77,78.87,122.49,0.0,16.97
2022-02-28 20:00:56,30.310000000000002,8.4,33.845,94.02,132.025,0.0,12.43
2022-02-28 21:00:56,29.07333333333333,15.344999999999999,30.054999999999996,28.349999999999998,43.699999999999996,0.0,58.98
2022-02-28 22:00:56,24.226666666666667,13.765,25.689999999999998,31.304999999999996,46.18,0.0,61.11
2022-02-28 23:00:56,21.416666666666668,10.995,19.095,39.885,59.79,0.0,49.9
2022-03-01 00:00:56,19.406666666666666,6.665,15.865,26.064999999999998,39.09,0.0,70.33
2022-03-01 01:00:56,18.1,12.475,14.65,27.09,39.615,0.0,65.33
2022-03-01 02:00:56,21.450000000000003,12.525,12.074999999999998,19.715,32.305,0.0,69.08
2022-03-01 03:00:56,21.923333333333332,8.53,9.595,17.335,29.42,0.0,72.25
2022-03-01 04:00:56,19.2,6.145,8.885,18.665,30.725000000000005,0.0,70.97
2022-03-01 05:00:56,16.9,7.140000000000001,7.855,17.88,29.7,0.0,75.52
2022-03-01 06:00:56,20.46,10.305,6.175,16.185000000000002,28.23,0.0,78.76
2022-03-01 07:00:56,21.846666666666664,13.88,5.315,23.61,35.465,0.0,69.68
2022-03-01 08:00:56,19.153333333333332,10.53,5.04,30.505,43.885,0.0,66.46
2022-03-01 09:00:56,19.64,10.69,5.685,39.735,53.885,0.0,58.94
2022-03-01 10:00:56,22.653333333333332,10.04,6.13,38.085,51.5,0.0,58.95
2022-03-01 11:00:56,35.99,9.17,11.14,29.05,41.08,0.0,57.8
2022-03-01 12:00:56,35.65,10.335,11.545,29.405,42.785,0.0,59.12
2022-03-01 13:00:56,35.07,6.815,11.315,27.515,41.835,0.0,55.86
2022-03-01 14:00:56,38.86,3.94,13.295,23.959999999999997,38.53,0.0,67.36
2022-03-01 15:00:56,42.06,4.6,15.780000000000001,22.985,35.515,0.0,67.98
2022-03-01 16:00:56,42.67333333333333,5.489999999999999,17.86,30.294999999999998,43.905,0.0,56.6
2022-03-01 17:00:56,45.236666666666665,6.945,18.47,31.52,45.055,0.0,60.53
2022-03-01 18:00:56,45.07333333333333,6.080000000000001,19.5,33.56,47.665,0.0,60.43
2022-03-01 19:00:56,52.05666666666667,11.21,21.69,70.61,96.13,0.0,27.71
2022-03-01 20:00:56,64.9,14.85,29.895,104.015,163.765,0.0,7.84
2022-03-01 21:00:56,95.56333333333333,23.155,26.26,103.915,200.535,0.0,3.5
2022-03-01 22:00:56,94.73666666666668,26.645,18.505,87.335,142.47,0.0,9.62
2022-03-01 23:00:56,98.18333333333334,38.345,14.745,79.26,126.87,0.0,3.99
2022-03-02 00:00:56,93.0,38.935,16.17,87.705,152.85500000000002,0.0,4.49
2022-03-02 01:00:56,106.71333333333334,35.08,13.01,77.925,132.64,0.0,3.5
2022-03-02 02:00:56,96.65333333333334,26.755,11.395000000000001,64.19,96.015,0.0,3.19
2022-03-02 03:00:56,83.18333333333334,23.205,11.44,61.31999999999999,83.79,0.0,3.25
2022-03-02 04:00:56,70.57333333333334,29.86,10.96,40.17,54.685,0.0,22.16
2022-03-02 05:00:56,47.56333333333333,27.564999999999998,9.68,21.105,33.96,0.0,50.41
2022-03-02 06:00:56,35.17,16.025000000000002,9.355,20.265,33.125,0.0,50.54
2022-03-02 07:00:56,30.14,9.975,3.0150000000000006,24.054999999999996,37.61,0.0,47.81
2022-03-02 08:00:56,25.55666666666667,7.91,9.595,44.835,73.645,0.0,26.72
2022-03-02 09:00:56,22.48,10.29,9.685,66.255,104.365,0.0,18.57
2022-03-02 10:00:56,24.47,12.449999999999998,10.295000000000002,56.089999999999996,92.37,0.0,22.05
2022-03-02 11:00:56,24.16,19.834999999999997,10.335,45.68,68.86500000000001,0.0,28.51
2022-03-02 12:00:56,26.123333333333335,17.22,10.305,39.395,58.475,0.0,34.91
2022-03-02 13:00:56,25.72,10.13,12.339999999999998,49.725,87.21499999999999,0.0,22.86
2022-03-02 14:00:56,23.056666666666665,6.465,12.034999999999998,47.275,85.315,0.0,26.05
2022-03-02 15:00:56,22.903333333333336,10.01,12.43,42.335,75.255,0.0,32.42
2022-03-02 16:00:56,22.4,10.42,13.034999999999998,50.085,92.08999999999999,0.0,22.88
2022-03-02 17:00:56,19.523333333333333,10.65,13.35,52.370000000000005,94.40499999999999,0.0,23.01
2022-03-02 18:00:56,19.516666666666666,6.715,14.815,44.945,70.185,0.0,39.63
2022-03-02 19:00:56,19.58,5.949999999999999,15.674999999999999,47.754999999999995,71.63,0.0,35.92
2022-03-02 20:00:56,19.36,4.21,13.719999999999999,54.435,85.625,0.0,26.48
2022-03-02 21:00:56,18.256666666666668,7.890000000000001,12.854999999999999,49.525000000000006,76.46,0.0,25.59
2022-03-02 22:00:56,18.656666666666666,6.719999999999999,13.295,46.975,74.02,0.0,25.26
2022-03-02 23:00:56,20.21333333333333,7.210000000000001,13.0,32.01,50.48499999999999,0.0,42.63
2022-03-03 00:00:56,19.72,5.07,11.86,29.605,48.095,0.0,36.59
2022-03-03 01:00:56,17.683333333333334,3.6199999999999997,10.625,24.115,40.074999999999996,0.0,42.81
2022-03-03 02:00:56,17.666666666666668,3.59,10.315,20.845,34.725,0.0,49.97
2022-03-03 03:00:56,18.243333333333332,3.84,9.685,15.135,28.635,0.0,57.14
2022-03-03 04:00:56,17.77,3.365,9.07,14.14,26.685000000000002,0.0,57.59
2022-03-03 05:00:56,16.203333333333333,3.265,9.01,13.83,26.215,0.0,57.13
2022-03-03 06:00:56,16.316666666666666,2.9299999999999997,8.415000000000001,18.69,31.385,0.0,47.35
2022-03-03 07:00:56,17.34,3.28,8.6,24.12,40.905,0.0,39.28
2022-03-03 08:00:56,17.066666666666666,3.025,8.785,38.16,61.51000000000001,0.0,29.43
2022-03-03 09:00:56,17.10333333333333,2.23,9.685,46.085,78.265,0.0,29.79
2022-03-03 10:00:56,18.333333333333332,2.14,10.415,43.145,73.08,0.0,31.12
2022-03-03 11:00:56,20.366666666666667,2.85,13.115,32.04,55.27,0.0,41.97
2022-03-03 12:00:56,19.89666666666667,9.1,12.4,32.465,57.074999999999996,0.0,42.63
2022-03-03 13:00:56,19.956666666666667,6.919999999999999,10.485,28.73,51.315,0.0,44.68
2022-03-03 14:00:56,19.05,7.989999999999999,10.979999999999999,25.015,45.775000000000006,0.0,50.94
2022-03-03 15:00:56,19.56,9.37,9.925,23.52,42.73499999999999,0.0,52.32
2022-03-03 16:00:56,18.883333333333333,7.665,11.76,29.175,50.605,0.0,48.07
2022-03-03 17:00:56,18.803333333333335,7.890000000000001,11.185,28.965,48.93000000000001,0.0,49.86
2022-03-03 18:00:56,20.633333333333333,4.99,13.955,35.21,55.44499999999999,0.0,47.73
2022-03-03 19:00:56,19.053333333333335,5.425000000000001,10.845,59.93000000000001,87.39999999999999,0.0,29.01
2022-03-03 20:00:56,29.543333333333337,9.295,12.729999999999999,74.28,128.455,0.0,9.72
2022-03-03 21:00:56,37.623333333333335,17.875,14.74,67.27499999999999,108.7,0.0,15.38
2022-03-03 22:00:56,37.056666666666665,15.86,11.910000000000002,42.195,63.93,0.0,36.19
2022-03-03 23:00:56,34.04,13.81,10.735,42.36,61.215,0.0,32.08
2022-03-04 00:00:56,29.509999999999998,14.214999999999998,13.225,43.879999999999995,60.919999999999995,0.0,30.18
2022-03-04 01:00:56,31.94333333333333,16.65,13.145000000000001,43.330000000000005,60.24,0.0,27.54
2022-03-04 02:00:56,34.31333333333333,23.345,11.525,23.8,38.08,0.0,42.6
2022-03-04 03:00:56,24.616666666666664,16.785,10.905000000000001,17.605,30.505,0.0,53.19
2022-03-04 04:00:56,19.923333333333332,12.085,9.52,16.04,28.05,0.0,56.53
2022-03-04 05:00:56,20.98,7.919999999999999,8.055,19.315,31.425,0.0,55.33
2022-03-04 06:00:56,23.953333333333333,5.37,8.29,24.540000000000003,38.32,0.0,47.7
2022-03-04 07:00:56,26.810000000000002,3.8949999999999996,16.34,40.86,59.20000000000001,0.0,35.27
2022-03-04 08:00:56,25.85333333333333,7.760000000000001,11.945,68.965,110.08,0.0,14.19
2022-03-04 09:00:56,31.16,13.975,12.28,63.095,115.075,0.0,25.98
2022-03-04 10:00:56,32.58,11.62,14.719999999999999,35.165,57.64000000000001,0.0,51.87
2022-03-04 11:00:56,30.686666666666667,16.47,10.285,30.540000000000003,52.53,0.0,53.51
2022-03-04 12:00:56,34.776666666666664,11.085,12.485,25.8,42.73,0.0,69.83
2022-03-04 13:00:56,31.53,15.765,12.53,25.575,40.665,0.0,77.27
2022-03-04 14:00:56,30.52,22.179999999999996,11.660000000000002,21.91,35.875,0.0,83.04
2022-03-04 15:00:56,27.71666666666667,19.365,10.505,18.855,31.194999999999997,0.0,85.57
2022-03-04 16:00:56,25.97333333333333,11.275,9.59,18.5,29.669999999999998,0.0,84.55
2022-03-04 17:00:56,23.996666666666666,11.865,10.255,23.790000000000003,35.745000000000005,0.0,80.64
2022-03-04 18:00:56,25.78333333333333,9.495,12.31,30.784999999999997,44.935,0.0,75.0
2022-03-04 19:00:56,30.81,6.87,13.375,57.44,76.07499999999999,0.0,57.81
2022-03-04 20:00:56,38.82666666666667,7.905,10.26,74.81,111.78500000000001,0.0,27.34
2022-03-04 21:00:56,45.61666666666667,22.274999999999995,12.674999999999999,78.52,119.895,0.0,23.2
2022-03-04 22:00:56,41.91,32.185,15.094999999999999,67.675,89.37,0.0,42.37
2022-03-04 23:00:56,50.31666666666666,33.405,12.68,63.81,80.895,0.0,38.5
2022-03-05 00:00:56,37.98,17.825,17.135,25.865,29.689999999999998,0.0,0.0
2022-03-05 01:00:56,36.94333333333333,13.35,16.625,16.945,20.455,0.0,0.0
2022-03-05 02:00:56,37.78666666666666,11.204999999999998,12.06,17.365,21.540000000000003,0.0,0.0
2022-03-05 03:00:56,28.41333333333333,11.65,14.29,25.0,28.790000000000003,0.0,0.0
2022-03-05 04:00:56,23.88666666666667,7.245,14.829999999999998,14.104999999999999,17.535,0.0,0.0
2022-03-05 05:00:56,22.236666666666665,5.18,10.62,9.22,12.62,0.0,0.0
2022-03-05 06:00:56,18.023333333333333,8.155,9.405,8.58,11.935000000000002,0.0,0.0
2022-03-05 07:00:56,15.446666666666667,5.525000000000001,8.475000000000001,10.395,13.824999999999998,0.0,0.0
2022-03-05 08:00:56,14.393333333333333,8.2,9.205,17.49,21.939999999999998,0.0,0.0
2022-03-05 09:00:56,20.593333333333334,5.59,16.235,21.18,28.905,0.0,0.0
2022-03-05 10:00:56,35.88666666666666,8.29,14.375,14.155000000000001,20.455,0.0,0.0
2022-03-05 11:00:56,35.00666666666667,9.055,9.685,8.475,13.464999999999998,0.0,0.0
2022-03-05 12:00:56,29.616666666666664,7.055,6.095,6.325,10.56,0.0,0.0
2022-03-05 13:00:56,45.553333333333335,14.074999999999998,3.3049999999999997,22.99,25.265,0.0,84.95
2022-03-05 14:00:56,34.79,13.535000000000002,9.565,20.575,31.795,0.0,90.6
2022-03-05 15:00:56,39.03,11.415,11.765,20.875,32.17,0.0,90.82
2022-03-05 16:00:56,37.263333333333335,6.8500000000000005,16.37,26.635,39.415,0.0,83.87
2022-03-05 17:00:56,32.473333333333336,11.29,19.115,30.679999999999996,43.93,0.0,74.99
2022-03-05 18:00:56,37.6,7.98,20.545,34.085,46.75,0.0,71.7
2022-03-05 19:00:56,45.70666666666666,9.705,19.185,46.85,59.935,0.0,58.36
2022-03-05 20:00:56,50.71,17.995,20.215,103.78500000000001,161.995,0.0,26.53
2022-03-05 21:00:56,107.03,26.084999999999997,21.755,105.77499999999999,184.285,0.0,6.15
2022-03-05 22:00:56,114.65,34.69,14.38,87.86500000000001,125.31,0.0,7.52
2022-03-05 23:00:56,105.01666666666668,38.18,11.265,73.28,102.795,0.0,6.42
2022-03-06 00:00:56,123.54666666666667,51.175000000000004,11.01,80.34,142.44,0.0,4.63
2022-03-06 01:00:56,111.09,45.285000000000004,10.37,81.945,143.275,0.0,5.14
2022-03-06 02:00:56,102.98,46.13,12.365,69.335,94.74000000000001,0.0,6.99
2022-03-06 03:00:56,96.35333333333334,42.895,14.270000000000001,70.745,100.22500000000001,0.0,4.04
2022-03-06 04:00:56,87.53333333333333,32.225,13.200000000000001,67.11,93.21,0.0,3.0
2022-03-06 05:00:56,78.81333333333333,32.949999999999996,12.415,65.64,86.375,0.0,5.27
2022-03-06 06:00:56,66.77333333333334,31.26,11.824999999999998,53.879999999999995,70.235,0.0,4.27
2022-03-06 07:00:56,63.57666666666667,29.474999999999998,12.454999999999998,59.26500000000001,74.47500000000001,0.0,5.79
2022-03-06 08:00:56,65.33666666666667,29.209999999999997,13.235,62.475,85.14999999999999,0.0,4.57
2022-03-06 09:00:56,72.06333333333333,38.07,15.655000000000001,57.455000000000005,85.575,0.0,8.3
2022-03-06 10:00:56,73.67,35.07,23.17,44.51500000000001,66.325,0.0,24.71
2022-03-06 11:00:56,66.72666666666667,34.465,16.17,34.365,51.715,0.0,56.35
2022-03-06 12:00:56,51.29666666666667,24.985,13.29,33.385,53.51,0.0,65.2
2022-03-06 13:00:56,46.370000000000005,15.1,6.260000000000001,36.324999999999996,57.78,0.0,62.8
2022-03-06 14:00:56,50.57333333333333,10.854999999999999,16.93,37.125,60.555,0.0,60.58
2022-03-06 15:00:56,45.21666666666667,9.225,22.745,32.85,51.68000000000001,0.0,69.5
2022-03-06 16:00:56,49.27333333333333,6.765000000000001,27.570000000000004,40.98499999999999,65.44500000000001,0.0,57.13
2022-03-06 17:00:56,53.10333333333334,9.185,31.194999999999997,44.669999999999995,69.12,0.0,53.9
2022-03-06 18:00:56,61.93,9.155,32.725,53.69499999999999,84.17,0.0,41.43
2022-03-06 19:00:56,73.07,14.339999999999998,33.815,64.28999999999999,91.53500000000001,0.0,35.37
2022-03-06 20:00:56,74.82666666666667,16.459999999999997,35.35,85.87,120.055,0.0,24.71
2022-03-06 21:00:56,91.08666666666666,15.65,31.465000000000003,68.265,93.67999999999999,0.0,33.19
2022-03-06 22:00:56,84.08333333333334,24.285,26.42,93.27499999999999,131.565,0.0,9.63
2022-03-06 23:00:56,101.28666666666666,39.19,22.439999999999998,103.63,172.835,0.0,4.15
2022-03-07 00:00:56,111.23333333333333,41.765,17.34,76.29,112.11500000000001,0.0,10.73
2022-03-07 01:00:56,93.02,36.48,13.54,65.515,89.315,0.0,9.64
2022-03-07 02:00:56,78.71666666666667,27.855,11.435,68.135,91.53000000000002,0.0,5.09
2022-03-07 03:00:56,70.45666666666666,30.865,10.13,59.385,78.425,0.0,13.76
2022-03-07 04:00:56,63.53666666666666,29.665000000000003,10.45,70.075,90.045,0.0,6.82
2022-03-07 05:00:56,51.986666666666665,27.3,9.71,67.04,88.72499999999998,0.0,3.21
2022-03-07 06:00:56,57.16,26.015,9.295,59.74,81.495,0.0,9.66
2022-03-07 07:00:56,53.47666666666667,27.485,8.395000000000001,58.415,84.28,0.0,5.83
2022-03-07 08:00:56,52.66,30.735,8.2,69.62,147.86,0.0,4.25
2022-03-07 09:00:56,86.09,28.849999999999998,13.76,88.935,198.56000000000003,0.0,4.34
2022-03-07 10:00:56,112.34666666666666,36.465,13.775,99.00999999999999,252.94000000000003,0.0,7.85
2022-03-07 11:00:56,121.06,49.48,14.405,65.95,117.45,0.0,26.71
2022-03-07 12:00:56,112.56666666666666,43.665,16.84,48.115,72.52499999999999,0.0,52.25
2022-03-07 13:00:56,93.59,28.429999999999996,9.91,24.650000000000002,39.395,0.0,72.78
2022-03-07 14:00:56,66.41666666666667,18.515,14.555,19.69,31.89,0.0,80.71
2022-03-07 15:00:56,52.44333333333333,15.270000000000001,22.19,21.540000000000003,33.055,0.0,81.04
2022-03-07 16:00:56,50.49666666666667,10.48,29.865,25.075,35.905,0.0,79.05
2022-03-07 17:00:56,61.15,11.545,32.545,28.465000000000003,40.425000000000004,0.0,67.44
2022-03-07 18:00:56,49.43333333333333,9.635,33.879999999999995,36.485,50.949999999999996,0.0,57.25
2022-03-07 19:00:56,49.883333333333326,9.535,35.165,61.355,78.055,0.0,34.79
2022-03-07 20:00:56,55.95333333333333,10.635,33.62,52.98500000000001,72.605,0.0,34.53
2022-03-07 21:00:56,44.5,10.979999999999999,32.555,61.160000000000004,85.37,0.0,27.94
2022-03-07 22:00:56,40.24,14.534999999999998,31.689999999999998,68.605,102.855,0.0,15.78
2022-03-07 23:00:56,36.946666666666665,28.28,26.26,50.620000000000005,76.345,0.0,21.25
2022-03-08 00:00:56,40.11333333333333,25.755,23.355,25.320000000000004,37.63,0.0,53.92
2022-03-08 01:00:56,32.93666666666667,14.574999999999998,20.79,29.950000000000003,43.615,0.0,55.41
2022-03-08 02:00:56,32.196666666666665,10.24,17.565,29.37,42.98,0.0,45.37
2022-03-08 03:00:56,24.506666666666668,9.88,15.625,24.255,36.294999999999995,0.0,53.41
2022-03-08 04:00:56,22.403333333333336,8.530000000000001,13.85,20.785,32.065,0.0,55.11
2022-03-08 05:00:56,22.49,8.83,12.665,19.04,30.540000000000003,0.0,62.72
2022-03-08 06:00:56,25.39666666666667,6.390000000000001,11.700000000000001,19.405,30.905,0.0,62.42
2022-03-08 07:00:56,21.406666666666666,5.73,10.635,34.585,51.935,0.0,39.57
2022-03-08 08:00:56,20.776666666666667,6.0,10.465,53.23499999999999,70.96,0.0,29.61
2022-03-08 09:00:56,27.80666666666667,12.975,14.594999999999999,51.54999999999999,73.08,0.0,39.14
2022-03-08 10:00:56,28.566666666666666,14.36,10.695,28.569999999999997,44.895,0.0,65.3
2022-03-08 11:00:56,28.056666666666665,12.57,10.54,25.285,39.805,0.0,70.55
2022-03-08 12:00:56,26.42,10.24,12.549999999999999,21.205,34.695,0.0,78.69
2022-03-08 13:00:56,25.453333333333333,7.974999999999999,16.87,21.88,35.555,0.0,81.65
2022-03-08 14:00:56,30.313333333333333,4.91,20.23,17.815,30.015,0.0,87.3
2022-03-08 15:00:56,28.47,5.465,18.605,22.545,36.66,0.0,82.42
2022-03-08 16:00:56,16.983333333333334,5.1,8.14,17.98,29.995,0.0,88.54
2022-03-08 17:00:56,20.17,5.489999999999999,7.329999999999999,27.445000000000004,42.324999999999996,0.0,74.19
2022-03-08 18:00:56,20.56,10.969999999999999,6.94,39.64,57.655,0.0,60.88
2022-03-08 19:00:56,25.426666666666666,13.31,9.78,52.839999999999996,75.74,0.0,50.59
2022-03-08 20:00:56,45.47,10.645,12.29,54.035,77.9,0.0,42.15
2022-03-08 21:00:56,41.019999999999996,7.954999999999999,13.82,39.345,56.52,0.0,55.46
2022-03-08 22:00:56,33.07333333333333,5.12,12.805,34.735,49.199999999999996,0.0,54.74
2022-03-08 23:00:56,30.953333333333333,6.055,11.71,25.775000000000002,38.875,0.0,56.66
2022-03-09 00:00:56,37.696666666666665,6.565,10.65,29.58,45.125,0.0,48.2
2022-03-09 01:00:56,29.796666666666667,5.859999999999999,10.665,27.685,43.215,0.0,49.58
2022-03-09 02:00:56,25.009999999999998,5.155,10.9,19.95,32.0,0.0,58.63
2022-03-09 03:00:56,21.13,5.62,10.735,21.285,33.215,0.0,53.81
2022-03-09 04:00:56,21.153333333333332,5.155,9.215,21.24,32.745,0.0,53.75
2022-03-09 05:00:56,19.08,5.364999999999999,8.965,22.584999999999997,34.24,0.0,49.23
2022-03-09 06:00:56,16.916666666666668,8.425,9.675,25.045,36.595,0.0,45.51
2022-03-09 07:00:56,16.06,5.734999999999999,9.125,29.64,44.585,0.0,40.43
2022-03-09 08:00:56,14.473333333333333,4.359999999999999,8.325,48.31,75.05,0.0,25.59
2022-03-09 09:00:56,13.276666666666667,5.734999999999999,9.23,61.04,97.89,0.0,18.12
2022-03-09 10:00:56,15.18,8.34,9.854999999999999,46.095,74.89,0.0,41.76
2022-03-09 11:00:56,16.77,11.865,10.96,34.785,56.91,0.0,50.7
2022-03-09 12:00:56,13.786666666666667,7.03,9.535,34.29,57.065,0.0,48.0
2022-03-09 13:00:56,12.443333333333332,4.825,9.12,30.820000000000004,52.48,0.0,54.05
2022-03-09 14:00:56,18.32,3.81,9.365,28.429999999999996,47.68,0.0,58.05
2022-03-09 15:00:56,20.0,3.33,9.695,26.175,44.385,0.0,62.26
2022-03-09 16:00:56,19.196666666666665,2.51,10.41,25.23,42.44,0.0,62.83
2022-03-09 17:00:56,19.57333333333333,6.074999999999999,9.085,31.31,51.03,0.0,57.21
2022-03-09 18:00:56,22.28666666666667,7.1049999999999995,9.315,33.98,53.96,0.0,55.13
2022-03-09 19:00:56,26.96,7.355,12.525,33.435,50.54,0.0,59.33
2022-03-09 20:00:56,27.29,8.094999999999999,11.725,38.99,57.96,0.0,52.07
2022-03-09 21:00:56,33.38333333333333,5.699999999999999,11.969999999999999,31.304999999999996,48.105,0.0,58.93
2022-03-09 22:00:56,30.826666666666668,12.92,10.095,24.525000000000002,37.835,0.0,64.8
2022-03-09 23:00:56,25.73,18.735,9.73,26.675,40.135,0.0,63.28
2022-03-10 00:00:56,24.14666666666667,11.025,10.28,22.064999999999998,35.1,0.0,66.81
2022-03-10 01:00:56,19.453333333333333,7.3500000000000005,10.515,18.48,29.735,0.0,69.79
2022-03-10 02:00:56,19.85,3.985,10.255,17.625,28.91,0.0,69.06
2022-03-10 03:00:56,20.55,6.015000000000001,10.23,16.105,27.179999999999996,0.0,70.63
2022-03-10 04:00:56,19.086666666666666,6.68,9.915000000000001,16.225,26.849999999999998,0.0,68.01
2022-03-10 05:00:56,15.286666666666667,6.075,9.76,16.595,27.425,0.0,67.06
2022-03-10 06:00:56,16.33666666666667,5.62,9.035,17.63,28.765,0.0,65.95
2022-03-10 07:00:56,15.2,5.505,8.82,21.459999999999997,34.28,0.0,62.83
2022-03-10 08:00:56,14.036666666666667,3.02,9.265,26.02,40.545,0.0,62.49
2022-03-10 09:00:56,16.91,5.48,9.605,35.99,56.19,0.0,53.97
2022-03-10 10:00:56,37.50666666666667,13.5,11.42,38.005,58.105,0.0,48.52
2022-03-10 11:00:56,31.953333333333333,18.3,11.985,35.555,55.669999999999995,0.0,49.58
2022-03-10 12:00:56,31.36,12.445,13.61,36.165,59.02,0.0,49.15
2022-03-10 13:00:56,31.733333333333334,9.285,10.475,34.275,54.03,0.0,51.38
2022-03-10 14:00:56,29.23,8.11,10.04,30.545,49.705000000000005,0.0,57.84
2022-03-10 15:00:56,26.243333333333332,8.18,11.32,31.584999999999997,47.965,0.0,56.64
2022-03-10 16:00:56,24.813333333333333,7.68,12.155000000000001,36.33,55.74,0.0,74.24
2022-03-10 17:00:56,23.956666666666667,5.555,13.280000000000001,39.355,59.745000000000005,0.0,74.41
2022-03-10 18:00:56,26.083333333333332,8.075,14.875,41.155,61.285,0.0,90.95
2022-03-10 19:00:56,25.343333333333334,12.96,14.705,48.395,73.17,0.0,53.81
2022-03-10 20:00:56,22.623333333333335,9.525,15.85,55.85999999999999,81.41,0.0,99.39
2022-03-10 21:00:56,21.813333333333333,12.895000000000001,12.885,43.675000000000004,63.76499999999999,0.0,0.0
2022-03-10 22:00:56,21.583333333333332,15.13,12.39,35.715,51.025000000000006,0.0,0.0
2022-03-10 23:00:56,21.46333333333333,12.464999999999998,11.924999999999999,36.44,51.785000000000004,0.0,0.0
2022-03-11 00:00:56,17.196666666666665,4.595,13.125,33.81,47.919999999999995,0.0,0.0
2022-03-11 01:00:56,16.71666666666667,13.540000000000001,13.339999999999998,30.304999999999996,44.095,0.0,0.0
2022-03-11 02:00:56,19.553333333333335,8.01,10.700000000000001,24.149999999999995,36.77,0.0,0.0
2022-03-11 03:00:56,20.016666666666666,5.989999999999999,9.965,17.63,29.14,0.0,0.0
2022-03-11 04:00:56,16.756666666666668,5.655,9.185,14.454999999999998,25.67,0.0,76.09
2022-03-11 05:00:56,14.116666666666665,5.31,9.37,14.015,24.62,0.0,77.21
2022-03-11 06:00:56,14.233333333333334,3.4249999999999994,8.99,15.660000000000002,27.01,0.0,74.11
2022-03-11 07:00:56,14.516666666666667,3.1650000000000005,9.195,21.055,34.955,0.0,71.8
2022-03-11 08:00:56,14.350000000000001,5.82,9.455,28.38,42.879999999999995,0.0,64.8
2022-03-11 09:00:56,17.073333333333334,7.544999999999999,11.325000000000001,34.324999999999996,51.48500000000001,0.0,60.74
2022-03-11 10:00:56,25.57333333333333,10.605,10.635,32.44,50.06,0.0,59.0
2022-03-11 11:00:56,25.86,11.155000000000001,11.135,27.885,44.03,0.0,62.92
2022-03-11 12:00:56,22.616666666666667,12.125,12.170000000000002,25.42,41.825,0.0,64.86
2022-03-11 13:00:56,21.436666666666667,9.92,10.33,25.78,41.405,0.0,64.97
2022-03-11 14:00:56,20.746666666666663,8.965,12.719999999999999,21.515,35.49,0.0,70.08
2022-03-11 15:00:56,26.206666666666667,9.375,14.335,22.685000000000002,37.145,0.0,70.72
2022-03-11 16:00:56,25.206666666666667,12.135,12.885,25.51,42.25,0.0,68.32
2022-03-11 17:00:56,30.956666666666667,13.695,13.44,28.755,45.745,0.0,64.45
2022-03-11 18:00:56,29.866666666666667,12.68,14.005,30.355,45.48499999999999,0.0,63.98
2022-03-11 19:00:56,34.906666666666666,13.93,15.745,41.565,64.32,0.0,51.37
2022-03-11 20:00:56,36.120000000000005,13.464999999999998,10.435,49.69499999999999,75.55,0.0,41.73
2022-03-11 21:00:56,33.64666666666667,14.57,9.255,48.085,72.1,0.0,42.87
2022-03-11 22:00:56,30.12,7.245,6.815,36.695,54.279999999999994,0.0,53.47
2022-03-11 23:00:56,27.75,11.450000000000001,7.69,41.895,61.43,0.0,46.49
2022-03-12 00:00:56,26.36333333333333,3.055,0.0,29.065,44.465,0.0,44.57
2022-03-12 01:00:56,27.223333333333333,2.905,6.395,41.89,60.37,0.0,44.49
2022-03-12 02:00:56,25.55666666666667,8.6,3.9,42.015,59.51499999999999,0.0,51.84
2022-03-12 03:00:56,25.973333333333336,9.595,2.865,37.525,51.330000000000005,0.0,46.33
2022-03-12 04:00:56,24.206666666666667,6.260000000000001,2.495,30.38,42.76,0.0,36.15
2022-03-12 05:00:56,28.380000000000003,4.185,2.315,31.485,44.54,0.0,33.57
2022-03-12 06:00:56,23.136666666666667,9.405,2.52,31.88,44.04999999999999,0.0,36.24
2022-03-12 07:00:56,23.703333333333333,8.600000000000001,2.795,33.98,47.56,0.0,32.3
2022-03-12 08:00:56,23.380000000000003,10.969999999999999,3.1799999999999997,38.335,59.76,0.0,37.9
2022-03-12 09:00:56,31.39666666666667,13.815,18.14,37.685,60.09,0.0,44.41
2022-03-12 10:00:56,37.19,15.549999999999999,24.570000000000004,37.51,57.400000000000006,0.0,47.42
2022-03-12 11:00:56,44.27,16.305,21.645,33.205,51.56,0.0,55.04
2022-03-12 12:00:56,43.36333333333334,21.650000000000002,9.205,32.33,50.955000000000005,0.0,58.49
2022-03-12 13:00:56,39.513333333333335,19.445,12.51,29.08,45.555,0.0,65.52
2022-03-12 14:00:56,31.566666666666666,13.6,12.815,26.165000000000003,41.1,0.0,68.86
2022-03-12 15:00:56,32.27333333333333,14.770000000000001,12.550000000000002,27.765,40.97,0.0,70.71
2022-03-12 16:00:56,34.35333333333333,16.06,11.049999999999999,28.255,41.82,0.0,67.32
2022-03-12 17:00:56,36.656666666666666,11.615,9.81,28.88,44.669999999999995,0.0,67.62
2022-03-12 18:00:56,38.51,14.53,19.25,37.975,56.375,0.0,63.05
2022-03-12 19:00:56,33.25666666666667,14.4,16.49,50.475,76.655,0.0,49.3
2022-03-12 20:00:56,37.50666666666667,13.375,14.964999999999998,45.105,64.92,0.0,56.42
2022-03-12 21:00:56,42.980000000000004,11.01,14.715000000000002,33.964999999999996,48.879999999999995,0.0,66.84
2022-03-12 22:00:56,43.00333333333333,15.600000000000001,14.11,27.405,39.699999999999996,0.0,72.53
2022-03-12 23:00:56,44.85666666666666,14.784999999999998,14.795000000000002,29.700000000000003,41.75,0.0,70.89
2022-03-13 00:00:56,36.42333333333333,12.13,12.845,26.705,38.425,0.0,70.53
2022-03-13 01:00:56,28.45,10.46,9.375,26.09,39.065,0.0,66.73
2022-03-13 02:00:56,33.82,10.09,11.585,28.755000000000006,41.235,0.0,57.88
2022-03-13 03:00:56,30.523333333333333,9.75,9.6,23.56,34.949999999999996,0.0,68.0
2022-03-13 04:00:56,24.883333333333333,6.734999999999999,8.094999999999999,22.725000000000005,32.86,0.0,71.41
2022-03-13 05:00:56,18.97,6.13,7.170000000000001,23.135,33.995000000000005,0.0,66.63
2022-03-13 06:00:56,20.71,7.669999999999999,7.195,32.905,46.175000000000004,0.0,62.29
2022-03-13 07:00:56,24.253333333333334,7.75,6.705000000000001,30.005,42.175,0.0,57.5
2022-03-13 08:00:56,23.123333333333335,7.9799999999999995,6.93,34.835,49.169999999999995,0.0,30.33
2022-03-13 09:00:56,24.82333333333333,12.195,8.535,37.19,54.07500000000001,0.0,40.4
2022-03-13 10:00:56,34.16666666666667,17.085,7.8,32.324999999999996,48.285,0.0,50.66
2022-03-13 11:00:56,28.723333333333333,15.854999999999999,7.6499999999999995,23.98,37.375,0.0,65.1
2022-03-13 12:00:56,22.196666666666665,11.549999999999999,8.479999999999999,28.165000000000003,45.26500000000001,0.0,62.89
2022-03-13 13:00:56,23.17,9.75,9.305,32.345,54.995,0.0,58.67
2022-03-13 14:00:56,26.04,7.705000000000001,10.06,33.35,55.41,0.0,55.51
2022-03-13 15:00:56,28.83,6.755,11.67,31.135,49.294999999999995,0.0,58.98
2022-03-13 16:00:56,28.883333333333333,9.35,10.585,31.22,49.72,0.0,59.87
2022-03-13 17:00:56,27.31,11.49,11.54,36.61,57.75,0.0,58.6
2022-03-13 18:00:56,32.07666666666667,11.045,11.065,38.785000000000004,61.175000000000004,0.0,51.41
2022-03-13 19:00:56,33.83,11.520000000000001,11.76,37.045,54.99,0.0,58.59
2022-03-13 20:00:56,30.30666666666667,11.32,14.305,33.78,48.65,0.0,65.05
2022-03-13 21:00:56,31.596666666666668,11.275,15.530000000000001,31.47,44.705000000000005,0.0,68.33
2022-03-13 22:00:56,27.64666666666667,14.445,17.235,28.575000000000003,41.160000000000004,0.0,70.34
2022-03-13 23:00:56,23.363333333333333,11.479999999999999,15.745,29.8,42.46,0.0,69.84
2022-03-14 00:00:56,24.483333333333334,11.025,7.349999999999999,39.975,55.405,0.0,53.83
2022-03-14 01:00:56,23.75,6.685,16.189999999999998,34.67,46.775,0.0,63.91
2022-03-14 02:00:56,25.253333333333334,11.88,9.53,34.93,48.1,0.0,56.66
2022-03-14 03:00:56,22.79,11.06,9.045,34.68,47.185,0.0,52.86
2022-03-14 04:00:56,24.92,11.700000000000001,8.525,35.335,47.415,0.0,59.48
2022-03-14 05:00:56,27.47,11.685,8.21,47.01500000000001,61.135,0.0,37.46
2022-03-14 06:00:56,26.803333333333335,13.604999999999999,8.33,49.875,66.28500000000001,0.0,21.21
2022-03-14 07:00:56,22.55,3.705,7.825,50.35,68.89,0.0,12.58
2022-03-14 08:00:56,31.11,9.885,8.755,65.27499999999999,108.25999999999999,0.0,9.94
2022-03-14 09:00:56,45.6,18.415,11.445,69.455,124.23,0.0,14.84
2022-03-14 10:00:56,51.84,23.24,11.300000000000002,54.419999999999995,86.21999999999998,0.0,42.49
2022-03-14 11:00:56,49.0,18.355,9.965,32.265,49.46,0.0,65.66
2022-03-14 12:00:56,38.78666666666667,12.625,9.955,31.314999999999998,50.26500000000001,0.0,65.48
2022-03-14 13:00:56,33.72333333333333,17.59,10.26,34.135,56.84,0.0,58.7
2022-03-14 14:00:56,30.83,13.045,10.200000000000001,26.554999999999996,43.23,0.0,70.45
2022-03-14 15:00:56,29.993333333333332,7.43,9.924999999999999,23.475000000000005,38.095,0.0,73.98
2022-03-14 16:00:56,30.8,6.395,9.33,21.64,34.75,0.0,77.9
2022-03-14 17:00:56,43.93666666666667,7.07,10.39,27.959999999999997,41.925000000000004,0.0,71.68
2022-03-14 18:00:56,41.38666666666666,9.235,12.025,31.815,46.63,0.0,64.19
2022-03-14 19:00:56,42.79666666666667,9.955,15.920000000000002,46.695,69.47,0.0,49.68
2022-03-14 20:00:56,46.593333333333334,11.32,16.765,65.13,98.375,0.0,35.6
2022-03-14 21:00:56,43.83,11.700000000000001,9.975,58.305,82.83,0.0,40.77
2022-03-14 22:00:56,39.89333333333333,13.020000000000001,12.88,36.585,53.94,0.0,57.28
2022-03-14 23:00:56,36.21666666666667,14.884999999999998,11.714999999999998,32.07,47.07,0.0,63.92
2022-03-15 00:00:56,33.873333333333335,13.74,11.47,33.145,47.74,0.0,61.83
2022-03-15 01:00:56,30.21,13.665,10.19,29.834999999999997,43.15,0.0,61.91
2022-03-15 02:00:56,31.483333333333334,10.700000000000001,8.68,26.42,39.65,0.0,68.66
2022-03-15 03:00:56,27.143333333333334,10.155,7.739999999999999,23.655,34.465,0.0,75.02
2022-03-15 04:00:56,24.71,12.450000000000001,8.21,22.655,33.555,0.0,75.54
2022-03-15 05:00:56,18.656666666666666,12.924999999999999,8.35,22.865,34.055,0.0,73.22
2022-03-15 06:00:56,17.88,11.74,7.835,31.775000000000002,43.055,0.0,58.12
2022-03-15 07:00:56,18.946666666666665,13.385,8.23,43.415,56.355,0.0,46.24
2022-03-15 08:00:56,21.64,17.77,11.285000000000002,79.38,116.885,0.0,30.06
2022-03-15 09:00:56,28.313333333333333,17.22,16.785,82.14999999999999,134.865,0.0,29.43
2022-03-15 10:00:56,39.43333333333333,17.265,11.62,48.96,73.245,0.0,44.62
2022-03-15 11:00:56,35.07,14.084999999999999,8.540000000000001,37.18,55.705000000000005,0.0,59.71
2022-03-15 12:00:56,26.616666666666667,15.479999999999999,8.965,28.87,44.28,0.0,71.46
2022-03-15 13:00:56,26.91,14.655000000000001,9.24,26.135,41.315,0.0,73.73
2022-03-15 14:00:56,28.923333333333336,13.464999999999998,8.555,24.205,38.875,0.0,78.27
2022-03-15 15:00:56,24.75,13.615,9.14,24.040000000000003,37.935,0.0,78.09
2022-03-15 16:00:56,30.71333333333333,16.74,9.815,26.49,40.64,0.0,75.03
2022-03-15 17:00:56,28.923333333333332,12.875,9.34,25.36,38.3,0.0,74.78
2022-03-15 18:00:56,31.936666666666667,8.42,12.12,29.709999999999997,43.48499999999999,0.0,70.51
2022-03-15 19:00:56,33.723333333333336,7.56,10.525,54.550000000000004,77.395,0.0,49.72
2022-03-15 20:00:56,31.563333333333333,10.87,15.26,67.29,89.57,0.0,42.99
2022-03-15 21:00:56,41.95666666666666,11.93,13.71,53.074999999999996,75.865,0.0,46.17
2022-03-15 22:00:56,50.83,12.07,12.295,40.755,58.23,0.0,51.76
2022-03-15 23:00:56,45.00666666666666,17.435,11.520000000000001,46.9,70.84,0.0,39.22
2022-03-16 00:00:56,38.57,14.85,10.36,46.41,62.445,0.0,44.6
2022-03-16 01:00:56,45.013333333333335,14.545,10.11,71.165,92.505,0.0,12.6
2022-03-16 02:00:56,50.016666666666666,20.68,10.424999999999999,63.69499999999999,83.02,0.0,17.98
2022-03-16 03:00:56,43.22666666666667,17.83,8.985,49.24,66.07,0.0,15.87
2022-03-16 04:00:56,40.263333333333335,16.77,8.765,45.115,59.725,0.0,8.6
2022-03-16 05:00:56,39.333333333333336,21.400000000000002,8.77,39.265,51.93000000000001,0.0,25.56
2022-03-16 06:00:56,41.843333333333334,17.665,8.49,34.25,46.715,0.0,38.37
2022-03-16 07:00:56,34.013333333333335,11.87,8.674999999999999,44.1,61.800000000000004,0.0,26.33
2022-03-16 08:00:56,36.666666666666664,16.485,9.04,64.19,108.46999999999998,0.0,7.97
2022-03-16 09:00:56,57.870000000000005,24.01,13.975,63.335,105.125,0.0,30.45
2022-03-16 10:00:56,67.46000000000001,24.51,14.24,39.99,62.24,0.0,52.6
2022-03-16 11:00:56,62.10333333333333,22.525000000000002,12.89,23.709999999999997,37.05,0.0,67.87
2022-03-16 12:00:56,48.75333333333333,18.305,14.200000000000001,27.375,43.475,0.0,66.27
2022-03-16 13:00:56,41.46666666666667,17.455,10.095,19.26,31.145,0.0,77.12
2022-03-16 14:00:56,23.02,15.735,8.735,18.040000000000003,29.23,0.0,76.48
2022-03-16 15:00:56,32.763333333333335,12.26,8.32,17.69,28.44,0.0,80.1
2022-03-16 16:00:56,30.57333333333333,6.915,7.635000000000001,18.540000000000003,29.475000000000005,0.0,81.44
2022-03-16 17:00:56,28.303333333333335,5.09,8.6,20.76,31.405,0.0,81.34
2022-03-16 18:00:56,35.33,8.09,8.435,26.915000000000003,38.535,0.0,72.46
2022-03-16 19:00:56,38.79666666666667,8.005,8.450000000000001,56.20000000000001,74.13,0.0,52.82
2022-03-16 20:00:56,44.98666666666667,8.945,9.755,89.46499999999999,133.115,0.0,10.3
2022-03-16 21:00:56,52.486666666666665,16.099999999999998,15.135,93.005,148.825,0.0,7.21
2022-03-16 22:00:56,77.36333333333333,30.265,14.415,96.835,158.44,0.0,12.45
2022-03-16 23:00:56,85.39999999999999,36.87,14.29,48.935,69.76,0.0,29.34
2022-03-17 00:00:56,60.68333333333334,28.985,9.9,30.709999999999997,45.805,0.0,49.16
2022-03-17 01:00:56,18.083333333333332,6.035,8.625,7.895,11.32,0.0,0.0
2022-03-17 02:00:56,20.27,6.755,8.205,8.58,12.01,0.0,0.0
2022-03-17 03:00:56,21.046666666666667,9.14,7.88,9.15,12.625,0.0,0.0
2022-03-17 04:00:56,14.363333333333335,13.24,9.745,7.065,10.415,0.0,0.0
2022-03-17 05:00:56,13.803333333333335,13.844999999999999,13.415,7.44,10.96,0.0,0.0
2022-03-17 06:00:56,10.953333333333333,9.23,10.38,10.725,14.29,0.0,0.0
2022-03-17 07:00:56,14.09,9.955,10.93,20.155,23.524999999999995,0.0,0.0
2022-03-17 08:00:56,12.136666666666667,5.635000000000001,9.954999999999998,16.855,21.13,0.0,0.0
2022-03-17 09:00:56,15.226666666666667,4.545,8.424999999999999,13.185000000000002,17.885,0.0,0.0
2022-03-17 10:00:56,38.48,8.095,8.56,15.865,21.67,0.0,0.0
2022-03-17 11:00:56,40.50333333333333,20.03,10.86,34.335,52.19,0.0,49.01
2022-03-17 12:00:56,41.99,19.955,9.665,47.26,71.58,0.0,41.3
2022-03-17 13:00:56,36.92666666666667,18.715,11.505,37.845,61.32,0.0,50.41
2022-03-17 14:00:56,29.513333333333335,12.705,10.835,27.724999999999998,41.73,0.0,70.55
2022-03-17 15:00:56,25.84,9.815,10.285,25.320000000000004,39.21,0.0,71.75
2022-03-17 16:00:56,30.493333333333336,6.565,4.135,31.855,47.435,0.0,65.35
2022-03-17 17:00:56,27.456666666666667,6.345,2.845,38.82,61.419999999999995,0.0,53.99
2022-03-17 18:00:56,32.93333333333333,9.155,2.97,39.14,60.31999999999999,0.0,54.42
2022-03-17 19:00:56,37.769999999999996,12.185,10.755,44.715,65.43,0.0,52.83
2022-03-17 20:00:56,39.61333333333333,12.35,14.745,41.69,60.71000000000001,0.0,60.47
2022-03-17 21:00:56,33.53333333333333,12.92,15.270000000000001,33.625,48.115,0.0,79.69
2022-03-17 22:00:56,29.933333333333334,17.115,11.299999999999999,27.51,40.065,0.0,70.42
2022-03-17 23:00:56,29.25333333333333,20.045,11.1,26.22,38.830000000000005,0.0,67.66
2022-03-18 00:00:56,26.950000000000003,14.270000000000001,11.06,24.915000000000003,36.23,0.0,71.49
2022-03-18 01:00:56,28.136666666666667,12.520000000000001,10.979999999999999,24.55,37.395,0.0,69.87
2022-03-18 02:00:56,28.11,10.62,9.755,22.060000000000002,32.765,0.0,72.55
2022-03-18 03:00:56,28.023333333333333,7.710000000000001,9.685,19.935,31.325000000000003,0.0,73.87
2022-03-18 04:00:56,20.623333333333335,7.68,8.145000000000001,19.6,30.645,0.0,74.14
2022-03-18 05:00:56,19.62,2.6749999999999994,8.504999999999999,22.115,33.225,0.0,74.19
2022-03-18 06:00:56,20.346666666666668,5.995,9.975,19.965,30.72,0.0,81.8
2022-03-18 07:00:56,19.703333333333333,5.39,9.995,26.065,38.34,0.0,78.53
2022-03-18 08:00:56,15.853333333333332,3.445,10.39,38.1,54.69,0.0,67.14
2022-03-18 09:00:56,19.923333333333332,4.31,10.505,40.305,59.59,0.0,63.41
2022-03-18 10:00:56,25.75333333333333,7.8500000000000005,10.435,32.585,50.275000000000006,0.0,70.42
2022-03-18 11:00:56,21.32,6.489999999999999,9.595,32.84,51.93000000000001,0.0,69.71
2022-03-18 12:00:56,22.81,9.75,9.49,38.645,58.73,0.0,65.44
2022-03-18 13:00:56,27.060000000000002,11.574999999999998,10.995,41.32,63.339999999999996,0.0,61.74
2022-03-18 14:00:56,22.793333333333333,11.065,12.78,35.660000000000004,55.1,0.0,69.3
2022-03-18 15:00:56,24.606666666666666,11.62,15.170000000000002,33.945,53.699999999999996,0.0,67.58
2022-03-18 16:00:56,23.126666666666665,9.045,13.700000000000001,33.6,49.120000000000005,0.0,71.16
2022-03-18 17:00:56,29.016666666666666,8.975000000000001,16.655,53.419999999999995,82.11500000000001,0.0,47.05
2022-03-18 18:00:56,28.176666666666666,6.005,13.955,33.089999999999996,50.794999999999995,0.0,71.4
2022-03-18 19:00:56,23.48,9.045,15.305,39.61,57.419999999999995,0.0,66.43
2022-03-18 20:00:56,22.53333333333333,9.455,14.065,39.66,56.315,0.0,62.86
2022-03-18 21:00:56,22.88,9.6,13.5,33.66,48.004999999999995,0.0,68.72
2022-03-18 22:00:56,25.07,13.94,13.195,33.495,47.315,0.0,65.31
2022-03-18 23:00:56,25.416666666666664,15.25,18.18,35.065,48.955000000000005,0.0,65.44
2022-03-19 00:00:56,24.263333333333332,12.56,15.87,32.37,44.815,0.0,68.65
2022-03-19 01:00:56,21.96666666666667,8.64,13.185,29.645,40.324999999999996,0.0,67.62
2022-03-19 02:00:56,25.006666666666668,7.3999999999999995,12.22,26.405,39.555,0.0,70.46
2022-03-19 03:00:56,28.15,5.8,10.86,21.810000000000002,31.425,0.0,79.74
2022-03-19 04:00:56,26.78,7.875,10.695,26.035,37.03,0.0,71.09
2022-03-19 05:00:56,23.799999999999997,10.285,11.1,31.285,41.675000000000004,0.0,70.23
2022-03-19 06:00:56,21.26,9.125,10.34,39.29,50.535,0.0,59.84
2022-03-19 07:00:56,21.91,8.155000000000001,11.949999999999998,45.379999999999995,58.645,0.0,57.19
2022-03-19 08:00:56,26.536666666666665,9.735,11.395000000000001,48.48,68.64,0.0,44.36
2022-03-19 09:00:56,35.54666666666667,16.67,12.69,54.95000000000001,79.42,0.0,41.41
2022-03-19 10:00:56,35.593333333333334,15.280000000000001,10.375,32.39,48.995000000000005,0.0,64.57
2022-03-19 11:00:56,30.813333333333333,12.295,11.604999999999999,26.27,39.945,0.0,74.75
2022-03-19 12:00:56,26.46666666666667,9.865,10.17,23.575,37.22,0.0,76.51
2022-03-19 13:00:56,25.79,11.905,10.88,23.724999999999998,38.06,0.0,0.0
2022-03-19 14:00:56,22.783333333333335,12.165000000000001,11.875,23.284999999999997,37.295,0.0,80.61
2022-03-19 15:00:56,27.439999999999998,13.44,11.135,25.695000000000004,40.045,0.0,75.78
2022-03-19 16:00:56,27.846666666666664,15.299999999999999,11.945,24.73,37.34,0.0,80.15
2022-03-19 17:00:56,32.483333333333334,10.355,11.495,31.49,48.26000000000001,0.0,66.95
2022-03-19 18:00:56,36.07333333333334,5.364999999999999,11.205,38.555,55.855,0.0,63.06
2022-03-19 19:00:56,33.95333333333333,6.075,10.27,40.985,55.150000000000006,0.0,55.8
2022-03-19 20:00:56,37.916666666666664,10.39,13.12,54.51,77.425,0.0,43.78
2022-03-19 21:00:56,31.89666666666667,7.805,9.75,47.04,64.835,0.0,44.11
2022-03-19 22:00:56,23.32333333333333,7.93,9.655,46.915,61.95000000000001,0.0,44.91
2022-03-19 23:00:56,26.67,10.115,10.125,53.79999999999999,68.825,0.0,41.37
2022-03-20 00:00:56,30.560000000000002,9.354999999999999,10.15,60.28,78.63,0.0,31.1
2022-03-20 01:00:56,29.943333333333335,11.225,9.805,46.97,63.445,0.0,31.33
2022-03-20 02:00:56,28.85,10.03,8.549999999999999,43.160000000000004,60.504999999999995,0.0,42.58
2022-03-20 03:00:56,22.42,11.719999999999999,8.21,32.49,44.01,0.0,43.4
2022-03-20 04:00:56,21.37333333333333,11.21,8.8,19.075,29.06,0.0,64.46
2022-03-20 05:00:56,19.696666666666665,3.66,9.24,18.294999999999998,28.025000000000002,0.0,63.24
2022-03-20 06:00:56,17.55666666666667,3.905,10.055,18.275000000000002,27.465,0.0,63.68
2022-03-20 07:00:56,16.726666666666667,6.91,8.524999999999999,16.31,25.5,0.0,68.81
2022-03-20 08:00:56,21.933333333333334,5.135,9.435,20.0,29.715,0.0,63.95
2022-03-20 09:00:56,20.04,7.315,10.695,20.165000000000003,30.485,0.0,64.34
2022-03-20 10:00:56,21.866666666666667,9.97,9.21,19.135,29.875,0.0,62.55
2022-03-20 11:00:56,22.840000000000003,9.86,8.865,21.635,33.335,0.0,60.6
2022-03-20 12:00:56,24.896666666666665,7.695,8.395000000000001,25.78,38.25,0.0,56.76
2022-03-20 13:00:56,23.96333333333333,7.150000000000001,9.995,28.179999999999996,42.02,0.0,52.92
2022-03-20 14:00:56,21.486666666666665,11.845,12.245,33.755,52.445,0.0,49.94
2022-03-20 15:00:56,18.153333333333332,8.005,12.65,26.86,43.025,0.0,59.43
2022-03-20 16:00:56,20.803333333333335,7.635000000000001,11.020000000000001,24.400000000000002,38.905,0.0,67.61
2022-03-20 17:00:56,22.64666666666667,6.595,10.995,23.39,37.06,0.0,71.41
2022-03-20 18:00:56,21.516666666666666,7.239999999999999,15.829999999999998,29.74,45.419999999999995,0.0,72.99
2022-03-20 19:00:56,23.773333333333333,10.1,16.24,31.66,46.95000000000001,0.0,68.47
2022-03-20 20:00:56,24.613333333333333,10.415,14.145000000000001,28.459999999999997,41.22,0.0,70.92
2022-03-20 21:00:56,28.540000000000003,10.64,14.840000000000002,33.93,49.835,0.0,63.46
2022-03-20 22:00:56,25.82,4.27,16.635,27.945000000000004,40.845,0.0,73.27
2022-03-20 23:00:56,26.71333333333333,3.155,16.515,28.900000000000002,42.16,0.0,72.22
2022-03-21 00:00:56,24.229999999999997,7.825,10.6,31.349999999999998,45.81,0.0,59.51
2022-03-21 01:00:56,21.163333333333334,6.864999999999999,12.515,22.375,33.72,0.0,74.67
2022-03-21 02:00:56,23.053333333333335,6.145,12.030000000000001,17.650000000000002,27.99,0.0,83.73
2022-03-21 03:00:56,17.35666666666667,1.88,10.565,16.544999999999998,26.899999999999995,0.0,84.48
2022-03-21 04:00:56,14.676666666666668,1.7299999999999998,9.53,20.28,30.709999999999997,0.0,79.85
2022-03-21 05:00:56,14.06,4.96,8.105,21.16,31.58,0.0,75.03
2022-03-21 06:00:56,15.530000000000001,5.54,8.59,19.345,29.36,0.0,81.22
2022-03-21 07:00:56,14.7,6.635000000000001,10.17,34.37,49.185,0.0,61.99
2022-03-21 08:00:56,19.553333333333335,5.075,12.305,65.705,99.61500000000001,0.0,27.33
2022-03-21 09:00:56,29.316666666666666,5.055,12.979999999999999,56.66,80.055,0.0,57.74
2022-03-21 10:00:56,40.84,12.770000000000001,10.775,38.09,55.26,0.0,61.6
2022-03-21 11:00:56,38.18,14.020000000000001,10.025,38.155,57.99,0.0,66.58
2022-03-21 12:00:56,35.303333333333335,7.93,9.575,45.775000000000006,73.955,0.0,51.63
2022-03-21 13:00:56,34.03666666666666,12.255,9.76,46.895,76.04,0.0,46.79
2022-03-21 14:00:56,34.95,16.0,9.635,37.82,56.595,0.0,62.86
2022-03-21 15:00:56,31.939999999999998,10.29,12.275,34.625,52.365,0.0,67.54
2022-03-21 16:00:56,34.50666666666667,8.855,11.854999999999999,39.97,59.169999999999995,0.0,63.76
2022-03-21 17:00:56,39.36,10.81,12.199999999999998,43.14000000000001,64.185,0.0,59.55
2022-03-21 18:00:56,39.19,18.12,18.42,51.815,74.53,0.0,51.84
2022-03-21 19:00:56,47.973333333333336,23.62,17.65,57.925000000000004,84.675,0.0,44.39
2022-03-21 20:00:56,46.11,16.115,15.625,54.71,75.815,0.0,51.75
2022-03-21 21:00:56,39.85666666666667,12.93,17.535,45.345,62.76000000000001,0.0,57.42
2022-03-21 22:00:56,32.43666666666667,15.19,29.180000000000003,56.205000000000005,78.91,0.0,39.64
2022-03-21 23:00:56,27.24,14.31,21.875,45.324999999999996,61.080000000000005,0.0,49.24
2022-03-22 00:00:56,25.406666666666666,13.775,16.98,41.69,57.53,0.0,52.96
2022-03-22 01:00:56,23.083333333333332,12.565,15.160000000000002,33.41,46.089999999999996,0.0,60.14
2022-03-22 02:00:56,23.32333333333333,12.11,13.4,29.599999999999998,41.485,0.0,62.0
2022-03-22 03:00:56,21.563333333333333,7.7700000000000005,13.44,24.495,35.24,0.0,65.73
2022-03-22 04:00:56,20.35,6.645,10.305,22.36,32.475,0.0,67.39
2022-03-22 05:00:56,19.436666666666667,4.32,9.33,22.42,32.57,0.0,66.26
2022-03-22 06:00:56,17.080000000000002,7.31,10.35,29.925,40.52,0.0,64.25
2022-03-22 07:00:56,16.30666666666667,6.25,10.05,33.15,46.080000000000005,0.0,66.05
2022-03-22 08:00:56,16.82,3.24,10.595,57.51500000000001,88.915,0.0,41.74
2022-03-22 09:00:56,23.88,8.17,12.659999999999998,74.87,123.59500000000001,0.0,24.35
2022-03-22 10:00:56,29.426666666666666,15.46,12.44,51.81,70.98,0.0,53.37
2022-03-22 11:00:56,30.259999999999998,17.18,11.299999999999999,32.56,48.419999999999995,0.0,78.8
2022-03-22 12:00:56,31.346666666666664,13.31,10.26,25.655,40.555,0.0,78.85
2022-03-22 13:00:56,31.873333333333335,8.36,11.88,30.34,47.38499999999999,0.0,74.78
2022-03-22 14:00:56,35.57333333333333,8.42,12.020000000000001,28.25,43.199999999999996,0.0,79.59
2022-03-22 15:00:56,29.543333333333333,9.335,13.65,26.584999999999997,40.095,0.0,83.63
2022-03-22 16:00:56,28.21666666666667,7.02,12.81,31.959999999999997,46.665,0.0,77.53
2022-03-22 17:00:56,31.926666666666666,8.719999999999999,12.104999999999999,31.399999999999995,44.895,0.0,81.11
2022-03-22 18:00:56,37.723333333333336,11.594999999999999,12.905,36.405,50.379999999999995,0.0,78.02
2022-03-22 19:00:56,37.34,11.625,13.295000000000002,43.65,59.185,0.0,71.31
2022-03-22 20:00:56,30.886666666666667,11.910000000000002,13.515,43.165,57.475,0.0,73.42
2022-03-22 21:00:56,28.99666666666667,9.790000000000001,16.07,34.675000000000004,46.51,0.0,82.56
2022-03-22 22:00:56,14.553333333333333,8.815,16.5,30.23,41.16,0.0,85.23
2022-03-22 23:00:56,31.373333333333335,10.525,9.43,31.97,42.900000000000006,0.0,81.46
2022-03-23 00:00:56,31.48,13.21,7.794999999999999,28.929999999999996,39.335,0.0,87.7
2022-03-23 01:00:56,25.086666666666666,13.69,7.69,29.36,40.18,0.0,83.45
2022-03-23 02:00:56,23.28,12.875,6.469999999999999,24.73,34.050000000000004,0.0,87.96
2022-03-23 03:00:56,21.46333333333333,12.015,4.855,27.52,37.88,0.0,78.3
2022-03-23 04:00:56,22.98,10.07,4.08,22.334999999999997,32.214999999999996,0.0,83.21
2022-03-23 05:00:56,25.093333333333334,11.62,4.185,20.745,30.290000000000003,0.0,90.62
2022-03-23 06:00:56,22.53,11.325000000000001,4.375,21.205,31.08,0.0,92.69
2022-03-23 07:00:56,20.706666666666667,11.385,4.395,31.05,43.415,0.0,80.5
2022-03-23 08:00:56,21.96666666666667,15.025,6.375,62.315,84.03,0.0,52.99
2022-03-23 09:00:56,29.85,16.86,5.605,60.5,84.405,0.0,54.25
2022-03-23 10:00:56,40.37666666666667,16.655,5.57,62.970000000000006,95.46,0.0,43.38
2022-03-23 11:00:56,41.806666666666665,22.625,13.270000000000001,51.605,76.325,0.0,56.23
2022-03-23 12:00:56,42.2,19.925,13.549999999999999,47.60999999999999,61.595,0.0,65.6
2022-03-23 13:00:56,41.72333333333333,19.38,11.12,47.6,62.405,0.0,61.23
2022-03-23 14:00:56,35.50666666666667,18.325,10.949999999999998,44.275,60.245000000000005,0.0,61.91
2022-03-23 15:00:56,33.126666666666665,19.92,9.78,38.46,52.125,0.0,69.11
2022-03-23 16:00:56,28.586666666666666,16.895,3.2000000000000006,58.620000000000005,81.815,0.0,53.64
2022-03-23 17:00:56,26.766666666666666,12.555,9.745,55.375,76.845,0.0,49.06
2022-03-23 18:00:56,21.413333333333334,14.344999999999999,9.17,57.5,83.325,0.0,55.23
2022-03-23 19:00:56,19.94666666666667,14.925000000000002,10.75,56.475,73.58,0.0,52.99
2022-03-23 20:00:56,22.166666666666664,10.64,9.795,75.33,97.71999999999998,0.0,36.6
2022-03-23 21:00:56,23.63,13.56,8.915000000000001,56.755,78.605,0.0,48.81
2022-03-23 22:00:56,22.706666666666663,15.049999999999999,14.795000000000002,44.400000000000006,61.115,0.0,62.2
2022-03-23 23:00:56,22.30666666666667,14.385,15.155000000000001,43.330000000000005,58.85,0.0,62.71
2022-03-24 00:00:56,22.22666666666667,13.979999999999999,14.82,46.35999999999999,62.52,0.0,58.24
2022-03-24 01:00:56,18.016666666666666,10.32,12.765,41.27,55.53,0.0,58.42
2022-03-24 02:00:56,16.933333333333334,8.93,11.79,30.455,42.23,0.0,71.64
2022-03-24 03:00:56,17.3,5.25,10.065,41.245,53.04,0.0,56.57
2022-03-24 04:00:56,20.86,3.905,10.57,32.88,44.655,0.0,56.25
2022-03-24 05:00:56,25.206666666666663,8.29,10.275,31.465,42.315,0.0,61.4
2022-03-24 06:00:56,24.706666666666667,17.28,9.465,33.145,43.995000000000005,0.0,48.49
2022-03-24 07:00:56,25.613333333333333,18.485,9.235,35.14,47.505,0.0,44.05
2022-03-24 08:00:56,24.596666666666664,14.68,9.19,54.225,74.215,0.0,32.88
2022-03-24 09:00:56,26.05666666666667,19.485,15.935000000000002,65.215,93.255,0.0,30.92
2022-03-24 10:00:56,29.46,24.785,23.48,50.004999999999995,70.73,0.0,50.74
2022-03-24 11:00:56,34.653333333333336,23.584999999999997,16.439999999999998,48.22,68.56,0.0,51.91
2022-03-24 12:00:56,28.906666666666666,22.724999999999998,12.405000000000001,45.155,67.575,0.0,55.24
2022-03-24 13:00:56,25.42,13.604999999999999,10.775,34.64,50.92499999999999,0.0,71.33
2022-03-24 14:00:56,24.613333333333333,11.62,10.395,25.345,39.1,0.0,78.61
2022-03-24 15:00:56,24.86,11.699999999999998,12.06,24.415000000000003,36.919999999999995,0.0,83.18
2022-03-24 16:00:56,26.743333333333336,9.94,11.37,55.23,136.275,0.0,81.04
2022-03-24 17:00:56,18.72,5.33,6.32,27.16,39.445,0.0,69.05
2022-03-24 18:00:56,18.363333333333333,9.595,6.150000000000001,41.02,60.25,0.0,54.37
2022-03-24 19:00:56,33.11666666666667,16.345,54.30500000000001,65.72500000000001,99.02499999999999,0.0,35.25
2022-03-24 20:00:56,33.85,9.94,54.48500000000001,79.71,116.86500000000001,0.0,23.41
2022-03-24 21:00:56,51.846666666666664,17.22,53.81,94.995,121.695,0.0,10.2
2022-03-24 22:00:56,60.15333333333333,20.84,52.68000000000001,93.96499999999999,144.20000000000002,0.0,3.94
2022-03-24 23:00:56,62.61333333333334,26.645,52.595,66.735,100.925,0.0,8.88
2022-03-25 00:00:56,65.40333333333334,28.615,52.965,47.9,63.845,0.0,21.8
2022-03-25 01:00:56,55.086666666666666,28.11,51.50999999999999,44.09,60.339999999999996,0.0,26.02
2022-03-25 02:00:56,50.29333333333334,27.03,51.645,48.085,67.645,0.0,26.36
2022-03-25 03:00:56,39.663333333333334,19.79,50.72,33.185,45.585,0.0,47.13
2022-03-25 04:00:56,25.416666666666664,17.695,50.16,20.49,31.584999999999997,0.0,68.93
2022-03-25 05:00:56,21.873333333333335,16.65,50.815,19.400000000000002,30.28,0.0,79.56
2022-03-25 06:00:56,26.503333333333334,9.05,51.51499999999999,23.7,34.61,0.0,76.15
2022-03-25 07:00:56,20.473333333333333,7.405,53.419999999999995,31.64,43.595,0.0,67.71
2022-03-25 08:00:56,25.17,12.479999999999999,53.42000000000001,40.324999999999996,53.620000000000005,0.0,63.84
2022-03-25 09:00:56,25.173333333333332,13.24,56.59,57.475,81.485,0.0,42.98
2022-03-25 10:00:56,26.616666666666667,17.655,50.18000000000001,36.8,52.339999999999996,0.0,66.94
2022-03-25 11:00:56,31.340000000000003,17.650000000000002,58.23,34.699999999999996,49.76500000000001,0.0,69.39
2022-03-25 12:00:56,24.286666666666665,8.56,57.88999999999999,7.635000000000001,11.814999999999998,0.0,0.0
2022-03-25 13:00:56,13.143333333333333,7.094999999999999,48.400000000000006,5.135,9.275,0.0,69.87
2022-03-25 14:00:56,13.05,4.66,44.94499999999999,3.42,7.155000000000001,0.0,81.01
2022-03-25 15:00:56,16.31,3.76,44.525,3.6,7.465,0.0,81.31
2022-03-25 16:00:56,9.57,0.92,0.0,0.0,0.0,0.0,79.09
2022-03-25 17:00:56,14.5,1.96,0.0,4.5,7.489999999999999,0.0,78.32
2022-03-25 18:00:56,23.03333333333333,5.91,20.115,5.760000000000001,9.41,0.0,77.22
2022-03-25 19:00:56,26.95,14.714999999999998,24.03,16.45,20.98,0.0,47.26
2022-03-25 20:00:56,45.623333333333335,16.875,24.675,21.5,26.89,0.0,49.88
2022-03-25 21:00:56,60.19,13.115000000000002,54.004999999999995,21.095,24.64,0.0,57.39
2022-03-25 22:00:56,51.160000000000004,23.165000000000003,55.195,27.645,31.27,0.0,19.29
2022-03-25 23:00:56,54.10666666666667,29.115,53.71,26.284999999999997,30.27,0.0,4.18
2022-03-26 00:00:56,72.97,43.52,52.905,33.77,41.365,0.0,4.33
2022-03-26 01:00:56,79.67333333333333,52.830000000000005,42.195,40.855,49.965,0.0,18.31
2022-03-26 02:00:56,76.73,48.115,32.04,20.57,24.070000000000004,0.0,47.17
2022-03-26 03:00:56,53.8,32.89,31.8,15.015,18.88,0.0,75.27
2022-03-26 04:00:56,44.97,30.725000000000005,29.769999999999996,8.565,11.88,0.0,76.93
2022-03-26 05:00:56,35.32333333333333,22.705,30.445000000000004,11.324999999999998,14.65,0.0,67.89
2022-03-26 06:00:56,35.5,22.349999999999998,28.929999999999996,13.635,17.04,0.0,60.08
2022-03-26 07:00:56,35.62,23.83,28.03,10.66,14.030000000000001,0.0,30.72
2022-03-26 08:00:56,35.81,23.34,28.92,16.94,21.77,0.0,24.97
2022-03-26 09:00:56,47.32,23.58,31.39,19.82,25.78,0.0,19.49
2022-03-26 10:00:56,67.17333333333333,24.465,32.695,12.365,17.26,0.0,70.66
2022-03-26 11:00:56,47.17,19.849999999999998,29.474999999999998,7.06,11.314999999999998,0.0,91.19
2022-03-26 12:00:56,43.78333333333333,18.5,27.61,3.975,7.474999999999999,0.0,91.05
2022-03-26 13:00:56,39.60666666666667,16.86,26.75,4.04,7.585000000000001,0.0,78.9
2022-03-26 14:00:56,37.57,20.67,26.620000000000005,7.489999999999999,14.36,0.0,86.39
2022-03-26 15:00:56,41.60333333333333,19.665000000000003,26.765,6.755,12.0,0.0,82.52
2022-03-26 16:00:56,42.61,20.285,26.155,9.75,15.5,0.0,88.16
2022-03-26 17:00:56,37.03666666666666,22.775000000000002,26.924999999999997,4.435,8.01,0.0,86.99
2022-03-26 18:00:56,36.68,14.270000000000001,26.980000000000004,7.02,10.824999999999998,0.0,78.23
2022-03-26 19:00:56,31.24,15.645000000000001,26.545,11.12,15.344999999999999,0.0,70.09
2022-03-26 20:00:56,36.446666666666665,17.095,31.86,29.689999999999998,34.35,0.0,39.17
2022-03-26 21:00:56,41.93333333333333,18.28,34.995000000000005,30.689999999999998,34.93,0.0,32.34
2022-03-26 22:00:56,43.75,28.47,27.849999999999998,19.72,23.320000000000004,0.0,23.07
2022-03-26 23:00:56,49.96333333333333,25.425,27.974999999999998,22.725000000000005,26.754999999999995,0.0,24.17
2022-03-27 00:00:56,52.95,22.685,27.98,21.679999999999996,25.695000000000004,0.0,12.28
2022-03-27 01:00:56,56.14333333333333,33.27,27.210000000000004,21.015,25.235,0.0,3.27
2022-03-27 02:00:56,54.52333333333333,38.535,28.099999999999998,14.865,18.335,0.0,12.24
2022-03-27 03:00:56,55.60333333333333,38.115,27.28,14.064999999999998,17.55,0.0,33.5
2022-03-27 04:00:56,50.81333333333333,29.455,26.834999999999997,15.99,19.495,0.0,37.15
2022-03-27 05:00:56,46.78,24.86,28.535,17.225,20.665,0.0,29.55
2022-03-27 06:00:56,38.68666666666667,21.849999999999998,29.040000000000003,14.89,18.34,0.0,39.32
2022-03-27 07:00:56,34.336666666666666,15.604999999999999,28.905,15.375,19.085,0.0,46.13
2022-03-27 08:00:56,31.14,13.665,30.334999999999997,14.99,20.895,0.0,46.05
2022-03-27 09:00:56,34.79666666666667,11.979999999999999,31.929999999999996,13.255,22.39,0.0,60.49
2022-03-27 10:00:56,38.10666666666667,19.08,30.78,8.215,13.445,0.0,65.08
2022-03-27 11:00:56,42.42,15.895000000000001,29.724999999999998,7.685,13.265,0.0,70.8
2022-03-27 12:00:56,43.95666666666667,16.935000000000002,28.185000000000002,3.815,7.484999999999999,0.0,82.53
2022-03-27 13:00:56,45.32666666666667,10.89,29.189999999999998,3.84,7.664999999999999,0.0,81.06
2022-03-27 14:00:56,41.123333333333335,11.19,27.310000000000002,2.7449999999999997,6.234999999999999,0.0,86.86
2022-03-27 15:00:56,34.980000000000004,11.765,27.929999999999996,2.8200000000000003,6.289999999999999,0.0,91.81
2022-03-27 16:00:56,35.876666666666665,6.364999999999999,28.175,3.0549999999999997,6.535,0.0,93.4
2022-03-27 17:00:56,35.39333333333333,4.239999999999999,27.180000000000003,3.7349999999999994,7.289999999999999,0.0,94.28
2022-03-27 18:00:56,31.37,7.830000000000001,26.570000000000004,4.025,7.585000000000001,0.0,93.88
2022-03-27 19:00:56,43.52,18.005,26.680000000000003,6.245,9.795,0.0,87.64
2022-03-27 20:00:56,41.083333333333336,16.55,27.7,9.765,13.604999999999999,0.0,67.5
2022-03-27 21:00:56,45.086666666666666,19.985,29.545,17.25,20.75,0.0,50.44
2022-03-27 22:00:56,50.836666666666666,18.47,30.105,29.905,34.875,0.0,21.18
2022-03-27 23:00:56,54.93,25.540000000000003,31.08,27.385,31.83,0.0,43.61
2022-03-28 00:00:56,66.76333333333334,26.49,28.955000000000002,9.925,13.314999999999998,0.0,76.16
2022-03-28 01:00:56,53.67,27.64,29.049999999999997,9.095,12.39,0.0,83.94
2022-03-28 02:00:56,43.730000000000004,22.66,29.215,7.465,10.835,0.0,89.17
2022-03-28 03:00:56,37.49666666666667,18.99,28.930000000000003,5.905000000000001,9.23,0.0,92.35
2022-03-28 04:00:56,30.326666666666668,13.685,28.584999999999997,4.975,8.265,0.0,94.35
2022-03-28 05:00:56,30.58,11.885,28.395,6.59,9.955,0.0,90.24
2022-03-28 06:00:56,31.87333333333333,17.52,29.349999999999998,4.435,7.715,0.0,79.6
2022-03-28 07:00:56,37.85333333333333,11.135,29.62,5.599999999999999,8.96,0.0,31.1
2022-03-28 08:00:56,50.24,16.805,30.334999999999997,22.100000000000005,27.179999999999996,0.0,13.53
2022-03-28 09:00:56,67.14333333333333,29.415000000000003,31.694999999999997,26.935000000000002,35.035,0.0,52.66
2022-03-28 10:00:56,69.18,28.319999999999997,30.790000000000003,8.335,12.485,0.0,92.25
2022-03-28 11:00:56,66.98,20.09,29.27,8.325,12.579999999999998,0.0,95.87
2022-03-28 12:00:56,54.46333333333333,16.125,27.835000000000004,5.390000000000001,9.305,0.0,104.52
2022-03-28 13:00:56,63.08,14.410000000000002,27.284999999999997,4.82,8.405,0.0,101.17
2022-03-28 14:00:56,50.39,11.885,27.549999999999997,5.38,9.085,0.0,103.29
2022-03-28 15:00:56,47.82666666666667,9.885,27.765,5.08,8.775,0.0,102.23
2022-03-28 16:00:56,44.04333333333333,12.385,27.900000000000002,5.2,8.855,0.0,103.83
2022-03-28 17:00:56,48.6,9.685,28.084999999999997,4.93,8.375,0.0,101.78
2022-03-28 18:00:56,46.870000000000005,9.255,27.865,6.685,10.595,0.0,93.39
2022-03-28 19:00:56,42.86666666666667,11.31,27.629999999999995,9.83,13.51,0.0,70.55
2022-03-28 20:00:56,60.86,14.549999999999999,28.060000000000002,23.75,27.715000000000003,0.0,17.85
2022-03-28 21:00:56,65.18333333333334,23.679999999999996,29.765,24.939999999999998,29.834999999999997,0.0,5.18
2022-03-28 22:00:56,84.18666666666667,33.165,28.879999999999995,24.58,28.965000000000003,0.0,5.57
2022-03-28 23:00:56,89.98,41.345,28.92,20.205,24.0,0.0,6.42
2022-03-29 00:00:56,106.60666666666668,53.02,29.070000000000004,26.99,31.135,0.0,5.45
2022-03-29 01:00:56,103.49666666666667,59.09,29.924999999999997,19.995,23.689999999999998,0.0,4.26
2022-03-29 02:00:56,105.08666666666666,56.24,28.5,19.085,22.645,0.0,5.72
2022-03-29 03:00:56,88.46333333333332,42.23,28.36,16.975,20.465,0.0,3.5
2022-03-29 04:00:56,77.25333333333333,38.8,29.655,21.235,24.875,0.0,1.99
2022-03-29 05:00:56,56.156666666666666,33.635,27.52,11.585,14.964999999999998,0.0,1.99
2022-03-29 06:00:56,47.40333333333333,26.725000000000005,27.78,22.325,26.165000000000003,0.0,1.85
2022-03-29 07:00:56,50.43333333333334,32.949999999999996,27.224999999999998,19.445,24.290000000000003,0.0,3.02
2022-03-29 08:00:56,52.88,36.15,29.265,35.005,55.625,0.0,3.35
2022-03-29 09:00:56,84.72666666666666,37.595,36.505,27.304999999999996,40.235,0.0,6.12
2022-03-29 10:00:56,113.53666666666666,42.6,34.52,38.915,66.33,0.0,16.12
2022-03-29 11:00:56,114.89666666666666,48.195,32.165,22.345,31.77,0.0,42.84
2022-03-29 12:00:56,90.63,38.86,28.459999999999997,8.06,12.199999999999998,0.0,82.93
2022-03-29 13:00:56,56.49666666666667,23.385,27.595,5.775000000000001,9.41,0.0,89.19
2022-03-29 14:00:56,46.79,13.785000000000002,28.285,4.55,8.085,0.0,92.42
2022-03-29 15:00:56,39.583333333333336,14.340000000000002,27.355,6.955000000000001,10.985,0.0,93.01
2022-03-29 16:00:56,38.32,15.865,27.175,6.414999999999999,10.315,0.0,87.75
2022-03-29 17:00:56,44.35,16.605,27.695000000000004,6.105,9.69,0.0,85.38
2022-03-29 18:00:56,46.196666666666665,11.085,28.439999999999998,8.305,12.329999999999998,0.0,72.52
2022-03-29 19:00:56,48.35333333333333,12.020000000000001,28.83,17.705,22.73,0.0,53.35
2022-03-29 20:00:56,55.31,19.715000000000003,28.694999999999997,16.32,20.32,0.0,36.29
2022-03-29 21:00:56,72.59333333333333,17.62,27.834999999999997,6.5,10.015,0.0,62.65
2022-03-29 22:00:56,49.97666666666667,13.885,30.615,8.085,11.43,0.0,49.41
2022-03-29 23:00:56,55.09,10.334999999999999,36.86,7.105,10.49,0.0,76.7
2022-03-30 00:00:56,39.623333333333335,17.95,33.04,6.315,9.595,0.0,73.98
2022-03-30 01:00:56,43.28333333333333,19.445,29.26,8.95,12.270000000000001,0.0,62.34
2022-03-30 02:00:56,28.923333333333332,11.35,27.985,4.21,7.544999999999999,0.0,76.05
2022-03-30 03:00:56,22.723333333333336,8.53,31.314999999999998,7.855,11.195,0.0,58.47
2022-03-30 04:00:56,24.21,10.38,32.09,13.1,16.37,0.0,58.62
2022-03-30 05:00:56,24.3,7.6000000000000005,35.915,7.805,11.160000000000002,0.0,69.8
2022-03-30 06:00:56,25.130000000000003,5.625,28.909999999999997,7.75,11.13,0.0,54.97
2022-03-30 07:00:56,26.84,8.19,28.125,5.469999999999999,8.845,0.0,50.06
2022-03-30 08:00:56,30.80333333333333,13.274999999999999,27.560000000000002,10.910000000000002,15.270000000000001,0.0,35.92
2022-03-30 09:00:56,36.22666666666667,14.35,28.174999999999997,16.91,22.725000000000005,0.0,33.6
2022-03-30 10:00:56,41.32333333333333,15.089999999999998,28.314999999999998,6.955000000000001,11.165,0.0,49.86
2022-03-30 11:00:56,35.97,14.235,28.22,5.7,10.01,0.0,55.47
2022-03-30 12:00:56,30.276666666666667,13.87,30.375,6.09,10.305,0.0,57.12
2022-03-30 13:00:56,35.943333333333335,11.284999999999998,27.515,5.33,9.11,0.0,62.88
2022-03-30 14:00:56,43.63,8.535,27.47,5.07,8.655,0.0,63.85
