Date,PM10 ( µg/m3 ),SO2 ( µg/m3 ),CO ( µg/m3 ),NO2 ( µg/m3 ),NOX ( µg/m3 )
2018-03-29 00:00:56,78.94,10.12,1570.84,22.89,25.77
2018-03-29 01:00:56,48.14,9.9,1574.39,23.21,26.66
2018-03-29 02:00:56,94.16,9.82,1541.42,22.63,25.46
2018-03-29 03:00:56,55.45,9.57,1532.04,23.12,25.78
2018-03-29 04:00:56,61.08,9.77,1421.49,20.63,23.26
2018-03-29 05:00:56,59.19,9.8,1510.32,17.99,20.53
2018-03-29 06:00:56,65.38,8.78,1505.23,16.36,18.86
2018-03-29 07:00:56,40.43,8.94,1514.49,22.33,25.72
2018-03-29 08:00:56,56.65,8.42,1602.68,32.62,39.65
2018-03-29 09:00:56,61.63,8.78,1671.1,43.84,54.71
2018-03-29 10:00:56,68.7,8.39,1522.77,42.12,51.38
2018-03-29 11:00:56,26.49,7.86,1519.97,40.2,51.15
2018-03-29 12:00:56,16.89,7.26,1458.36,37.96,46.21
2018-03-29 13:00:56,22.11,8.22,1518.93,48.08,56.77
2018-03-29 14:00:56,39.28,7.82,1915.45,39.2,48.51
2018-03-29 15:00:56,36.86,7.37,1715.59,41.7,50.87
2018-03-29 16:00:56,17.27,7.6,2216.21,34.2,41.17
2018-03-29 17:00:56,39.61,7.58,2896.18,43.85,52.43
2018-03-29 18:00:56,102.76,7.56,2532.59,48.47,57.67
2018-03-29 19:00:56,45.92,7.37,2418.51,56.37,68.52
2018-03-29 20:00:56,42.03,6.95,2360.35,36.1,41.91
2018-03-29 21:00:56,23.26,6.45,2369.03,30.02,34.78
2018-03-29 22:00:56,59.63,6.21,1534.2,34.74,39.52
2018-03-29 23:00:56,79.57,5.39,1595.61,28.37,32.53
2018-03-30 00:00:56,57.35,4.9,1774.06,23.29,27.17
2018-03-30 01:00:56,46.4,5.26,1806.6,18.65,21.68
2018-03-30 02:00:56,20.62,5.32,1680.43,14.07,16.65
2018-03-30 03:00:56,25.91,5.11,1627.65,21.09,23.87
2018-03-30 04:00:56,17.04,4.8,1507.94,13.3,15.89
2018-03-30 05:00:56,32.28,5.48,1552.55,15.24,17.47
2018-03-30 06:00:56,17.24,4.79,1622.55,19.53,21.94
2018-03-30 07:00:56,30.21,4.61,1642.31,25.73,30.3
2018-03-30 08:00:56,61.23,4.47,1752.59,42.69,50.27
2018-03-30 09:00:56,19.85,4.87,1740.56,50.93,59.55
2018-03-30 10:00:56,21.87,5.11,1604.73,47.79,55.34
2018-03-30 11:00:56,47.43,4.49,1647.09,48.92,57.07
2018-03-30 12:00:56,79.09,5.39,1808.04,46.01,54.37
2018-03-30 13:00:56,54.32,7.55,1812.81,38.41,46.36
2018-03-30 14:00:56,29.43,7.66,1676.18,35.85,42.59
2018-03-30 15:00:56,21.32,8.03,1557.8,39.92,46.57
2018-03-30 16:00:56,41.04,8.51,1447.25,37.81,45.53
2018-03-30 17:00:56,45.1,8.75,1415.0,39.74,47.61
2018-03-30 18:00:56,20.18,9.32,1392.31,38.42,46.41
2018-03-30 19:00:56,40.14,9.3,1432.42,49.27,58.69
2018-03-30 20:00:56,29.15,8.69,1568.98,48.09,57.21
2018-03-30 21:00:56,44.21,9.18,1620.67,36.26,41.29
2018-03-30 22:00:56,75.8,8.39,1638.49,27.47,29.78
2018-03-30 23:00:56,67.92,8.57,1510.44,22.38,24.68
2018-03-31 00:00:56,50.64,8.76,1620.29,28.98,31.57
2018-03-31 01:00:56,63.46,8.57,1440.07,16.69,18.94
2018-03-31 02:00:56,26.8,7.88,1567.59,22.08,24.84
2018-03-31 03:00:56,31.69,6.62,1740.52,26.25,29.21
2018-03-31 04:00:56,41.74,5.47,1631.57,16.79,20.04
2018-03-31 05:00:56,40.39,4.16,1771.82,14.02,16.36
2018-03-31 06:00:56,25.25,3.14,1956.99,46.12,55.44
2018-03-31 07:00:56,30.54,1.35,2166.84,62.18,99.32
2018-03-31 08:00:56,39.13,0.42,2357.96,43.66,73.29
2018-03-31 09:00:56,107.71,2.39,2232.37,49.52,70.08
2018-03-31 10:00:56,81.96,5.14,1544.96,28.45,38.31
2018-03-31 11:00:56,56.32,8.55,1239.67,18.3,24.01
2018-03-31 12:00:56,33.34,10.14,825.06,16.16,21.66
2018-03-31 13:00:56,74.52,11.52,864.7,31.53,43.59
2018-03-31 14:00:56,109.45,19.29,811.34,18.78,24.53
2018-03-31 15:00:56,83.3,10.11,785.63,16.69,22.62
2018-03-31 16:00:56,29.98,7.82,1350.93,14.76,19.71
2018-03-31 17:00:56,46.94,7.04,1343.33,15.63,21.24
2018-03-31 18:00:56,63.24,7.28,1368.94,20.83,27.39
2018-03-31 19:00:56,78.13,6.9,1369.97,31.2,40.32
2018-03-31 20:00:56,106.86,7.88,1571.1,47.54,60.13
2018-03-31 21:00:56,81.33,7.85,1597.2,47.56,55.82
2018-03-31 22:00:56,79.94,8.7,2220.85,57.33,75.46
2018-03-31 23:00:56,69.36,8.64,2599.28,64.26,92.86
2018-04-01 00:00:56,73.13,7.88,2726.12,56.42,80.79
2018-04-01 01:00:56,62.64,6.72,2766.05,45.23,68.99
2018-04-01 02:00:56,66.96,5.39,2863.87,39.91,56.52
2018-04-01 03:00:56,33.54,3.71,2652.33,42.03,65.37
2018-04-01 04:00:56,44.97,2.67,2272.65,49.63,82.52
2018-04-01 05:00:56,55.23,1.89,2239.11,53.42,76.9
2018-04-01 06:00:56,46.84,1.48,2257.78,44.57,54.51
2018-04-01 07:00:56,105.52,1.06,2322.38,68.96,98.02
2018-04-01 08:00:56,151.05,3.8,2379.88,72.68,110.96
2018-04-01 09:00:56,136.9,14.66,2147.75,77.64,123.28
2018-04-01 10:00:56,115.03,17.11,1435.45,37.84,51.26
2018-04-01 11:00:56,23.93,11.46,935.55,17.94,21.82
2018-04-01 12:00:56,18.35,8.97,836.4,15.34,19.39
2018-04-01 13:00:56,27.36,8.98,901.8,15.18,18.56
2018-04-01 14:00:56,34.02,8.07,953.5,13.26,16.71
2018-04-01 15:00:56,23.5,18.65,980.69,23.06,29.59
2018-04-01 16:00:56,41.8,28.26,1498.55,35.1,43.5
2018-04-01 17:00:56,62.17,19.65,1567.32,33.53,40.44
2018-04-01 18:00:56,50.92,15.72,1614.65,44.76,55.98
2018-04-01 19:00:56,118.68,12.69,1693.34,70.17,85.17
2018-04-01 20:00:56,190.08,11.78,1880.83,75.49,92.71
2018-04-01 21:00:56,115.35,12.01,1704.43,40.23,45.86
2018-04-01 22:00:56,75.84,11.91,1910.21,58.17,67.25
2018-04-01 23:00:56,100.11,11.4,2027.11,63.28,73.66
2018-04-02 00:00:56,87.54,11.22,2022.31,68.8,83.42
2018-04-02 01:00:56,72.47,12.32,1709.8,67.6,85.96
2018-04-02 02:00:56,43.5,10.93,1267.36,12.24,15.03
2018-04-02 03:00:56,34.49,9.98,1321.45,8.06,10.66
2018-04-02 04:00:56,25.31,8.35,1303.3,7.51,9.93
2018-04-02 05:00:56,19.02,8.08,1348.73,7.36,9.86
2018-04-02 06:00:56,34.3,8.76,1387.82,8.47,10.77
2018-04-02 07:00:56,28.29,12.58,1376.32,15.61,18.4
2018-04-02 08:00:56,77.87,9.6,1550.31,43.99,52.22
2018-04-02 09:00:56,116.04,9.93,1463.19,49.53,60.83
2018-04-02 10:00:56,170.18,10.98,1646.27,41.79,59.7
2018-04-02 11:00:56,133.08,10.9,1581.49,27.19,34.59
2018-04-02 12:00:56,83.86,9.39,1690.47,27.62,34.24
2018-04-02 13:00:56,100.33,10.65,1536.28,25.09,33.17
2018-04-02 14:00:56,91.74,10.54,1772.52,35.48,46.14
2018-04-02 15:00:56,57.77,11.25,1614.35,37.96,45.77
2018-04-02 16:00:56,47.23,12.26,1591.07,55.79,67.92
2018-04-02 17:00:56,64.78,12.25,1556.87,46.67,52.52
2018-04-02 18:00:56,40.14,12.42,1693.08,48.21,58.1
2018-04-02 19:00:56,39.33,11.42,1714.23,29.12,34.63
2018-04-02 20:00:56,43.57,11.04,1778.42,30.05,37.02
2018-04-02 21:00:56,25.37,11.16,1747.46,55.93,63.55
2018-04-02 22:00:56,13.32,10.92,1726.11,35.03,39.6
2018-04-02 23:00:56,15.94,10.27,1847.33,27.96,31.26
2018-04-03 00:00:56,28.78,10.91,2008.93,31.77,35.91
2018-04-03 01:00:56,57.63,9.88,1896.8,39.34,50.45
2018-04-03 02:00:56,19.71,9.44,1945.74,18.76,21.52
2018-04-03 03:00:56,26.21,8.58,2004.02,12.79,15.27
2018-04-03 04:00:56,39.58,7.28,1612.47,16.36,19.57
2018-04-03 05:00:56,66.38,5.51,1972.78,28.15,31.01
2018-04-03 06:00:56,27.07,4.14,2086.5,34.59,41.12
2018-04-03 07:00:56,42.84,3.23,2282.53,54.92,70.4
2018-04-03 08:00:56,45.95,2.42,2467.7,62.59,94.69
2018-04-03 09:00:56,34.98,5.46,2267.45,78.7,128.92
2018-04-03 10:00:56,29.1,17.42,1557.44,49.5,65.81
2018-04-03 11:00:56,51.18,15.02,1418.66,40.96,54.6
2018-04-03 12:00:56,39.15,13.29,911.74,25.68,34.39
2018-04-03 13:00:56,24.18,45.15,765.31,16.82,22.45
2018-04-03 14:00:56,30.82,24.41,864.18,23.46,29.81
2018-04-03 15:00:56,31.64,18.1,864.0,15.37,19.52
2018-04-03 16:00:56,24.81,12.73,1358.64,21.55,30.39
2018-04-03 17:00:56,16.38,10.87,1340.24,28.59,37.15
2018-04-03 18:00:56,27.31,19.03,1317.95,42.84,52.98
2018-04-03 19:00:56,61.12,14.5,1340.99,44.14,51.62
2018-04-03 20:00:56,77.1,12.16,1523.15,64.1,68.9
2018-04-03 21:00:56,98.43,12.86,1637.0,62.13,65.34
2018-04-03 22:00:56,54.38,11.09,1616.16,35.66,38.02
2018-04-03 23:00:56,41.07,9.12,1871.06,40.12,48.34
2018-04-04 00:00:56,56.4,7.44,2051.19,47.93,57.48
2018-04-04 01:00:56,67.26,6.84,2151.71,74.73,112.89
2018-04-04 02:00:56,60.34,4.98,2370.59,43.44,49.83
2018-04-04 03:00:56,61.79,3.62,2336.81,18.03,20.41
2018-04-04 04:00:56,64.41,2.28,1512.14,26.55,29.53
2018-04-04 05:00:56,51.74,1.24,1601.3,79.3,106.18
2018-04-04 06:00:56,43.2,0.32,1577.56,42.51,48.68
2018-04-04 07:00:56,32.16,0.0,1779.12,58.36,71.36
2018-04-04 08:00:56,40.21,0.0,1890.46,39.66,56.42
2018-04-04 09:00:56,101.18,3.9,1853.85,49.89,73.31
2018-04-04 10:00:56,87.39,18.37,1361.53,25.39,33.31
2018-04-04 11:00:56,54.03,11.44,948.16,15.68,19.73
2018-04-04 12:00:56,56.54,10.39,561.94,15.07,20.92
2018-04-04 13:00:56,40.29,8.35,598.81,19.59,25.31
2018-04-04 14:00:56,43.07,7.45,540.33,15.3,20.32
2018-04-04 15:00:56,63.64,6.93,580.53,15.44,21.21
2018-04-04 16:00:56,81.81,6.09,1478.31,19.23,25.89
2018-04-04 17:00:56,105.67,5.8,1506.72,19.97,26.83
2018-04-04 18:00:56,60.08,6.17,1613.06,31.7,45.68
2018-04-04 19:00:56,137.23,7.49,1631.45,38.99,47.93
2018-04-04 20:00:56,103.68,8.94,1725.2,80.84,91.61
2018-04-04 21:00:56,90.6,9.34,1741.77,92.33,103.15
2018-04-04 22:00:56,46.65,8.97,1592.59,66.17,74.39
2018-04-04 23:00:56,49.83,7.94,1723.91,64.75,70.87
2018-04-05 00:00:56,41.73,7.43,2057.3,86.06,106.1
2018-04-05 01:00:56,65.23,6.37,1978.98,50.2,65.22
2018-04-05 02:00:56,57.14,5.69,2116.14,57.97,69.49
2018-04-05 03:00:56,44.77,4.58,2138.36,21.61,25.38
2018-04-05 04:00:56,27.95,3.58,1581.6,17.71,20.5
2018-04-05 05:00:56,29.08,2.86,1757.81,21.13,24.03
2018-04-05 06:00:56,46.44,2.2,1874.92,25.28,31.37
2018-04-05 07:00:56,78.34,0.85,1879.0,28.27,38.71
2018-04-05 08:00:56,73.02,1.54,2235.86,77.94,154.67
2018-04-05 09:00:56,178.86,5.99,1972.63,62.71,92.49
2018-04-05 10:00:56,99.45,8.64,1586.88,52.15,71.26
2018-04-05 11:00:56,131.07,40.7,1167.9,40.71,54.73
2018-04-05 12:00:56,147.69,29.31,1325.54,53.61,70.62
2018-04-05 13:00:56,129.98,19.24,1192.61,50.36,63.36
2018-04-05 14:00:56,87.65,15.18,1180.48,63.82,79.18
2018-04-05 15:00:56,73.27,13.56,1210.93,60.95,74.95
2018-04-05 16:00:56,71.8,11.16,1461.16,55.9,68.16
2018-04-05 17:00:56,124.56,10.67,1554.13,67.39,81.16
2018-04-05 18:00:56,203.21,10.53,1558.31,58.39,69.8
2018-04-05 19:00:56,144.45,9.38,1585.99,63.05,69.15
2018-04-05 20:00:56,121.9,9.6,1755.88,127.37,148.99
2018-04-05 21:00:56,126.53,9.9,1596.58,50.25,56.84
2018-04-05 22:00:56,75.06,9.74,1768.55,35.3,39.45
2018-04-05 23:00:56,87.95,8.87,1873.01,55.19,63.95
2018-04-06 00:00:56,86.33,8.34,2105.2,40.07,46.97
2018-04-06 01:00:56,104.82,7.43,2119.45,37.83,47.23
2018-04-06 02:00:56,62.07,6.16,2100.67,24.76,27.59
2018-04-06 03:00:56,38.71,5.48,2006.71,18.62,21.12
2018-04-06 04:00:56,29.11,5.08,1561.47,17.32,19.5
2018-04-06 05:00:56,57.09,4.12,1629.47,19.56,21.8
2018-04-06 06:00:56,37.81,3.59,1917.49,15.76,18.92
2018-04-06 07:00:56,39.5,3.16,1797.29,16.83,21.66
2018-04-06 08:00:56,24.42,2.76,2130.61,26.96,45.25
2018-04-06 09:00:56,66.96,2.75,2000.55,30.45,52.1
2018-04-06 10:00:56,81.31,3.92,1649.57,18.25,25.68
2018-04-06 11:00:56,105.03,7.2,1783.88,18.65,24.7
2018-04-06 12:00:56,112.56,9.59,1250.21,29.15,38.55
2018-04-06 13:00:56,153.37,33.77,1530.21,45.51,59.77
2018-04-06 14:00:56,122.41,17.95,1631.7,54.83,68.77
2018-04-06 15:00:56,156.26,14.41,1435.61,62.06,76.9
2018-04-06 16:00:56,156.82,11.53,1749.34,50.39,63.37
2018-04-06 17:00:56,112.4,10.79,1757.67,60.48,75.23
2018-04-06 18:00:56,105.76,11.33,1840.05,77.8,96.99
2018-04-06 19:00:56,76.35,10.64,1727.83,65.18,76.97
2018-04-06 20:00:56,87.46,10.66,1770.57,73.66,82.47
2018-04-06 21:00:56,80.67,11.2,1944.07,130.18,169.21
2018-04-06 22:00:56,105.49,10.83,1976.13,117.44,155.49
2018-04-06 23:00:56,60.3,10.78,1871.57,88.49,98.3
2018-04-07 00:00:56,100.06,10.35,2206.14,95.02,134.25
2018-04-07 01:00:56,87.48,9.23,2307.99,81.9,100.21
2018-04-07 02:00:56,44.05,8.59,2139.85,66.26,73.94
2018-04-07 03:00:56,41.64,7.7,2063.27,40.84,46.01
2018-04-07 04:00:56,62.02,7.01,1804.38,31.88,37.66
2018-04-07 05:00:56,26.8,7.32,1782.1,38.8,41.22
2018-04-07 06:00:56,39.06,6.9,1796.77,48.68,50.82
2018-04-07 07:00:56,221.29,8.36,1929.98,70.95,82.49
2018-04-07 08:00:56,395.66,9.97,2015.21,57.21,78.28
2018-04-07 09:00:56,220.81,10.45,1887.85,40.93,59.48
2018-04-07 10:00:56,104.36,15.13,1637.01,42.88,66.8
2018-04-07 11:00:56,189.06,50.43,1751.73,71.13,118.33
2018-04-07 12:00:56,385.72,29.65,2134.99,99.48,148.4
2018-04-07 13:00:56,339.08,31.11,2173.56,67.05,93.37
2018-04-07 14:00:56,137.25,39.88,1736.53,51.79,63.23
2018-04-07 15:00:56,70.84,49.41,1540.17,33.13,41.04
2018-04-07 16:00:56,75.2,67.98,1469.09,29.0,35.59
2018-04-07 17:00:56,83.6,82.32,1479.11,32.54,40.76
2018-04-07 18:00:56,102.77,60.09,1519.3,48.12,59.23
2018-04-07 19:00:56,115.87,46.46,1732.4,93.5,105.46
2018-04-07 20:00:56,121.16,29.59,1802.01,118.62,137.05
2018-04-07 21:00:56,300.03,20.76,2182.61,113.99,157.83
2018-04-07 22:00:56,324.14,18.13,2299.37,97.57,152.62
2018-04-07 23:00:56,184.47,16.27,2365.44,103.1,138.27
2018-04-08 00:00:56,99.59,14.09,2170.43,70.77,93.36
2018-04-08 01:00:56,129.68,11.09,1927.05,40.19,49.72
2018-04-08 02:00:56,109.5,9.37,1934.1,46.06,52.31
2018-04-08 03:00:56,60.2,8.85,2048.3,52.86,57.26
2018-04-08 04:00:56,35.61,7.61,1653.08,23.47,26.0
2018-04-08 05:00:56,34.82,6.16,1722.71,25.56,29.85
2018-04-08 06:00:56,41.41,4.93,1823.51,31.18,39.04
2018-04-08 07:00:56,58.95,4.24,1973.44,33.04,55.62
2018-04-08 08:00:56,55.2,5.15,1995.98,25.5,40.21
2018-04-08 09:00:56,115.33,8.72,2005.24,72.28,110.44
2018-04-08 10:00:56,87.83,19.12,1433.63,51.07,70.75
2018-04-08 11:00:56,138.55,127.03,1384.59,37.98,49.3
2018-04-08 12:00:56,96.31,37.59,1519.61,37.89,48.6
2018-04-08 13:00:56,127.66,23.24,1368.78,22.92,29.27
2018-04-08 14:00:56,65.01,17.61,1263.78,17.46,22.21
2018-04-08 15:00:56,79.42,16.13,1345.41,26.69,33.56
2018-04-08 16:00:56,111.99,22.51,1583.35,30.28,37.09
2018-04-08 17:00:56,95.3,14.05,1513.1,31.65,37.88
2018-04-08 18:00:56,97.33,13.03,1616.77,46.09,56.42
2018-04-08 19:00:56,151.07,14.57,1603.31,74.43,86.04
2018-04-08 20:00:56,141.6,14.94,1550.05,69.48,77.86
2018-04-08 21:00:56,123.01,15.04,1870.45,75.65,85.89
2018-04-08 22:00:56,123.58,14.85,2064.67,106.59,120.68
2018-04-08 23:00:56,164.42,15.64,2141.83,89.71,108.83
2018-04-09 00:00:56,130.44,13.86,1942.95,89.29,103.98
2018-04-09 01:00:56,103.76,13.93,1980.02,63.91,71.52
2018-04-09 02:00:56,122.14,12.47,1813.15,39.69,42.47
2018-04-09 03:00:56,65.42,11.43,1757.63,28.29,31.2
2018-04-09 04:00:56,81.95,11.21,1625.39,30.3,34.59
2018-04-09 05:00:56,38.88,10.67,1782.02,23.38,26.32
2018-04-09 06:00:56,28.51,10.16,1837.96,62.45,70.15
2018-04-09 07:00:56,53.47,10.48,1963.48,75.83,87.46
2018-04-09 08:00:56,77.83,10.91,1794.62,55.17,71.03
2018-04-09 09:00:56,95.75,12.68,1741.96,47.23,62.3
2018-04-09 10:00:56,119.19,22.82,1520.6,36.2,48.17
2018-04-09 11:00:56,140.46,52.74,1600.61,33.66,45.5
2018-04-09 12:00:56,163.96,30.4,1749.82,40.01,51.81
2018-04-09 13:00:56,151.32,18.49,1759.02,35.95,46.32
2018-04-09 14:00:56,81.5,16.67,1702.25,32.2,40.14
2018-04-09 15:00:56,79.16,15.46,1747.13,35.8,45.99
2018-04-09 16:00:56,110.19,14.96,1759.82,34.34,42.62
2018-04-09 17:00:56,123.47,13.05,1877.9,42.5,53.08
2018-04-09 18:00:56,143.24,13.74,1758.4,44.33,54.5
2018-04-09 19:00:56,248.86,16.75,1577.87,44.74,50.69
2018-04-09 20:00:56,109.2,13.52,1498.35,45.73,50.81
2018-04-09 21:00:56,131.12,12.41,1651.32,61.32,67.46
2018-04-09 22:00:56,104.13,11.36,1628.88,51.87,56.45
2018-04-09 23:00:56,129.68,11.29,1674.97,50.26,53.57
2018-04-10 00:00:56,139.93,11.31,1678.86,41.75,44.3
2018-04-10 01:00:56,125.26,10.98,1623.11,56.96,60.0
2018-04-10 02:00:56,209.85,11.39,1564.51,35.51,38.03
2018-04-10 03:00:56,165.04,11.08,1517.42,24.29,26.74
2018-04-10 04:00:56,83.96,9.2,1558.23,16.45,18.79
2018-04-10 05:00:56,44.52,9.43,1556.9,13.55,15.52
2018-04-10 06:00:56,31.16,9.75,1550.54,24.59,26.81
2018-04-10 07:00:56,42.96,9.87,1580.58,47.94,52.46
2018-04-10 08:00:56,106.55,10.18,1922.09,72.76,86.12
2018-04-10 09:00:56,195.09,11.04,2000.58,70.41,95.21
2018-04-10 10:00:56,140.15,11.0,1897.25,46.46,64.56
2018-04-10 11:00:56,149.6,11.32,1979.33,45.67,66.62
2018-04-10 12:00:56,156.97,0.0,1833.86,33.86,43.73
2018-04-10 13:00:56,110.55,12.33,1825.17,0.0,0.0
2018-04-10 14:00:56,74.74,11.96,0.0,37.41,47.14
2018-04-10 15:00:56,0.0,0.0,0.0,28.94,39.27
2018-04-10 16:00:56,0.0,0.0,1698.48,0.0,0.0
2018-04-10 17:00:56,0.0,0.0,0.0,0.0,0.0
2018-04-10 18:00:56,65.35,0.0,0.0,27.44,124.8
2018-04-10 19:00:56,133.14,18.8,1182.24,37.39,46.29
2018-04-10 20:00:56,140.13,20.34,1303.64,42.65,52.75
2018-04-10 21:00:56,151.85,19.46,1365.0,60.32,67.38
2018-04-10 22:00:56,114.51,19.77,1608.18,67.9,74.05
2018-04-10 23:00:56,225.92,21.22,1693.48,57.1,61.69
2018-04-11 00:00:56,288.91,0.0,1885.4,44.52,153.72
2018-04-11 01:00:56,253.36,15.96,2130.2,0.0,0.0
2018-04-11 02:00:56,124.26,17.58,1422.76,13.52,15.47
2018-04-11 03:00:56,103.28,18.43,1142.97,4.72,6.46
2018-04-11 04:00:56,93.4,18.12,1592.0,2.87,4.34
2018-04-11 05:00:56,35.77,18.03,1449.19,1.67,3.16
2018-04-11 06:00:56,70.96,17.58,1566.4,0.0,0.0
2018-04-11 07:00:56,77.74,16.82,1722.94,0.0,0.0
2018-04-11 08:00:56,121.28,16.9,1561.46,12.37,17.11
2018-04-11 09:00:56,215.46,17.37,2108.15,22.9,34.95
2018-04-11 10:00:56,316.4,24.75,1585.67,20.95,32.23
2018-04-11 11:00:56,256.89,42.46,1615.74,23.01,37.99
2018-04-11 12:00:56,196.61,83.45,2235.54,21.79,37.89
2018-04-11 13:00:56,169.53,63.39,2531.53,12.87,21.41
2018-04-11 14:00:56,60.87,31.6,2174.81,10.09,16.31
2018-04-11 15:00:56,59.58,25.84,2357.32,9.03,13.7
2018-04-11 16:00:56,89.4,17.99,1217.85,14.6,21.14
2018-04-11 17:00:56,90.54,13.04,1278.32,16.95,22.27
2018-04-11 18:00:56,103.84,16.47,1271.62,21.69,29.18
2018-04-11 19:00:56,86.9,15.28,1232.17,30.45,37.38
2018-04-11 20:00:56,79.93,14.11,1160.81,33.41,38.29
2018-04-11 21:00:56,86.93,13.5,1119.51,29.61,33.33
2018-04-11 22:00:56,100.2,13.14,1732.03,49.18,53.03
2018-04-11 23:00:56,120.06,13.11,1782.35,38.95,42.85
2018-04-12 00:00:56,120.29,12.77,1624.3,23.91,26.95
2018-04-12 01:00:56,98.26,12.34,1590.12,20.18,21.89
2018-04-12 02:00:56,109.1,11.83,1630.61,14.14,15.84
2018-04-12 03:00:56,64.5,11.51,1577.63,13.62,15.12
2018-04-12 04:00:56,140.99,12.03,1731.77,12.75,14.17
2018-04-12 05:00:56,137.51,11.39,1770.23,11.26,12.8
2018-04-12 06:00:56,93.98,11.01,1737.3,10.84,13.31
2018-04-12 07:00:56,175.11,10.7,1884.11,17.4,22.71
2018-04-12 08:00:56,175.47,10.6,1985.44,23.5,28.66
2018-04-12 09:00:56,247.41,10.78,2158.28,36.02,55.34
2018-04-12 10:00:56,302.34,10.57,1868.41,29.59,42.21
2018-04-12 11:00:56,132.24,10.98,1811.95,27.63,60.4
2018-04-12 12:00:56,179.36,53.15,1800.24,16.01,24.1
2018-04-12 13:00:56,162.93,54.91,1852.27,14.28,21.51
2018-04-12 14:00:56,131.94,59.77,1913.11,14.87,20.74
2018-04-12 15:00:56,130.6,32.63,1897.07,19.63,26.82
2018-04-12 16:00:56,140.83,90.84,1686.1,26.24,32.18
2018-04-12 17:00:56,177.46,44.49,1633.13,23.48,28.98
2018-04-12 18:00:56,157.67,30.85,1514.51,29.59,37.19
2018-04-12 19:00:56,106.53,22.38,1466.88,24.52,31.42
2018-04-12 20:00:56,83.26,16.08,1517.44,24.58,29.22
2018-04-12 21:00:56,81.61,13.36,1504.99,20.94,25.07
2018-04-12 22:00:56,63.92,11.96,1727.39,36.89,40.56
2018-04-12 23:00:56,47.31,11.21,1570.79,37.37,42.4
2018-04-13 00:00:56,32.22,10.42,1592.69,23.09,27.46
2018-04-13 01:00:56,118.42,11.38,1659.76,14.2,16.72
2018-04-13 02:00:56,107.56,11.23,1667.73,8.89,10.39
2018-04-13 03:00:56,127.38,10.67,1563.73,9.84,11.32
2018-04-13 04:00:56,73.31,10.67,1484.26,8.19,9.74
2018-04-13 05:00:56,86.26,10.99,1508.72,6.91,8.27
2018-04-13 06:00:56,71.73,11.08,1618.02,9.99,11.51
2018-04-13 07:00:56,80.0,10.38,1653.36,17.69,20.45
2018-04-13 08:00:56,102.55,11.64,1733.91,23.58,31.95
2018-04-13 09:00:56,135.69,19.27,1927.68,27.7,34.41
2018-04-13 10:00:56,201.68,36.4,1734.3,35.24,48.57
2018-04-13 11:00:56,103.94,25.17,1595.81,18.04,25.25
2018-04-13 12:00:56,91.54,33.83,1451.99,15.65,21.97
2018-04-13 13:00:56,99.35,41.83,1581.7,15.34,20.97
2018-04-13 14:00:56,69.74,28.02,1544.12,14.47,19.7
2018-04-13 15:00:56,30.06,32.94,1563.68,16.96,23.18
2018-04-13 16:00:56,39.42,28.06,1478.79,12.54,18.18
2018-04-13 17:00:56,45.77,16.55,1524.31,19.01,23.67
2018-04-13 18:00:56,41.54,14.11,1484.99,18.58,24.48
2018-04-13 19:00:56,68.92,12.51,1417.34,14.27,17.49
2018-04-13 20:00:56,39.25,11.77,1485.84,20.59,26.1
2018-04-13 21:00:56,39.75,11.0,1406.37,15.14,18.31
2018-04-13 22:00:56,55.27,10.26,1534.31,17.55,21.37
2018-04-13 23:00:56,44.48,9.93,1635.45,9.25,13.76
2018-04-14 00:00:56,26.55,10.25,1592.85,5.06,8.73
2018-04-14 01:00:56,61.36,9.91,1545.44,0.0,0.0
2018-04-14 02:00:56,25.4,9.14,1577.38,3.7,5.15
2018-04-14 03:00:56,69.6,8.58,1626.5,5.73,7.22
2018-04-14 04:00:56,46.86,8.52,2143.32,5.92,7.4
2018-04-14 05:00:56,113.17,9.02,2134.0,5.66,7.23
2018-04-14 06:00:56,33.18,8.64,2167.3,8.59,12.58
2018-04-14 07:00:56,23.43,9.07,2176.3,7.37,9.91
2018-04-14 08:00:56,57.9,9.02,2284.26,14.58,22.43
2018-04-14 09:00:56,133.0,9.65,2192.05,10.1,13.67
2018-04-14 10:00:56,99.75,11.93,1690.3,8.66,13.29
2018-04-14 11:00:56,104.12,38.85,1736.08,14.61,22.17
2018-04-14 12:00:56,130.44,133.2,1803.09,18.32,29.11
2018-04-14 13:00:56,159.12,37.47,2031.61,12.23,18.41
2018-04-14 14:00:56,130.58,40.76,1866.5,13.58,19.38
2018-04-14 15:00:56,158.37,25.81,1974.53,12.06,17.77
2018-04-14 16:00:56,110.21,14.67,1813.85,12.86,19.41
2018-04-14 17:00:56,114.11,12.23,1842.76,23.17,29.38
2018-04-14 18:00:56,124.99,11.71,1647.44,17.33,21.36
2018-04-14 19:00:56,69.13,10.88,1544.96,33.19,37.92
2018-04-14 20:00:56,79.23,11.14,1566.64,32.28,37.27
2018-04-14 21:00:56,91.55,11.14,1612.25,45.08,49.35
2018-04-14 22:00:56,206.14,11.85,1852.26,50.62,62.59
2018-04-14 23:00:56,231.19,12.16,1888.86,44.87,47.45
2018-04-15 00:00:56,145.34,12.13,1876.87,24.67,29.37
2018-04-15 01:00:56,89.77,10.56,1866.09,17.31,22.62
2018-04-15 02:00:56,78.81,10.51,1860.17,17.57,22.41
2018-04-15 03:00:56,43.35,10.13,1741.99,12.44,15.48
2018-04-15 04:00:56,63.33,9.82,1753.71,15.42,18.92
2018-04-15 05:00:56,56.43,9.13,1746.01,14.19,16.33
2018-04-15 06:00:56,107.15,8.28,1857.75,20.53,24.51
2018-04-15 07:00:56,67.69,8.04,1976.58,22.01,26.74
2018-04-15 08:00:56,90.86,8.22,1963.27,30.03,42.11
2018-04-15 09:00:56,81.17,10.01,1567.66,10.35,14.21
2018-04-15 10:00:56,70.67,9.84,1585.23,9.42,14.25
2018-04-15 11:00:56,49.28,8.86,1543.27,5.79,9.84
2018-04-15 12:00:56,46.98,7.98,1561.04,5.25,8.53
2018-04-15 13:00:56,41.54,6.8,1563.41,4.66,7.95
2018-04-15 14:00:56,50.92,6.79,1516.66,5.37,8.63
2018-04-15 15:00:56,38.46,6.41,1656.62,5.3,8.15
2018-04-15 16:00:56,61.05,6.12,1526.69,7.52,11.55
2018-04-15 17:00:56,16.76,7.91,1490.5,6.78,10.54
2018-04-15 18:00:56,58.6,8.06,1448.68,9.22,13.19
2018-04-15 19:00:56,42.28,9.98,1426.93,13.56,16.95
2018-04-15 20:00:56,49.76,10.94,1520.42,28.39,31.33
2018-04-15 21:00:56,78.38,11.79,1588.85,62.1,69.62
2018-04-15 22:00:56,79.34,12.59,1828.67,54.49,65.18
2018-04-15 23:00:56,136.28,13.35,1899.63,35.11,40.09
2018-04-16 00:00:56,52.22,12.48,1588.44,15.38,17.74
2018-04-16 01:00:56,50.7,11.25,1671.73,34.83,39.61
2018-04-16 02:00:56,31.61,10.45,1722.95,5.07,6.81
2018-04-16 03:00:56,16.73,9.89,1691.45,14.0,15.82
2018-04-16 04:00:56,23.22,12.5,1399.38,37.02,39.97
2018-04-16 05:00:56,17.61,12.25,1347.58,8.81,10.51
2018-04-16 06:00:56,20.05,12.1,1315.1,15.36,20.58
2018-04-16 07:00:56,62.2,12.33,1336.9,23.15,50.06
2018-04-16 08:00:56,84.03,14.44,1540.86,29.5,45.08
2018-04-16 09:00:56,120.38,17.64,1303.81,18.0,27.18
2018-04-16 10:00:56,110.93,15.44,1434.57,7.51,15.51
2018-04-16 11:00:56,30.91,15.68,1468.59,10.1,15.07
2018-04-16 12:00:56,40.52,8.22,1988.73,6.71,11.21
2018-04-16 13:00:56,23.1,7.95,2056.84,10.12,14.55
2018-04-16 14:00:56,28.72,7.79,2091.74,9.78,24.28
2018-04-16 15:00:56,74.97,37.1,2025.82,12.85,18.26
2018-04-16 16:00:56,92.07,18.39,1453.26,26.8,34.13
2018-04-16 17:00:56,88.63,8.34,1447.17,12.76,16.91
2018-04-16 18:00:56,144.97,7.82,1502.51,14.82,19.15
2018-04-16 19:00:56,122.16,8.11,1584.88,20.38,25.41
2018-04-16 20:00:56,92.61,9.86,1701.9,26.17,29.6
2018-04-16 21:00:56,99.85,11.25,1709.57,23.24,25.91
2018-04-16 22:00:56,40.65,11.48,1561.81,15.62,17.29
2018-04-16 23:00:56,34.7,11.89,1607.62,27.63,30.89
2018-04-17 00:00:56,48.48,11.63,1823.01,23.16,27.35
2018-04-17 01:00:56,58.74,10.93,1927.68,17.39,20.75
2018-04-17 02:00:56,75.71,10.61,1966.03,20.35,21.93
2018-04-17 03:00:56,69.72,9.59,1933.74,17.39,19.33
2018-04-17 04:00:56,28.19,8.93,1585.19,5.83,7.24
2018-04-17 05:00:56,38.46,10.05,1181.22,2.42,4.02
2018-04-17 06:00:56,42.89,11.38,849.76,3.62,5.52
2018-04-17 07:00:56,40.53,11.48,901.51,8.54,15.05
2018-04-17 08:00:56,97.04,15.86,1056.04,42.52,78.74
2018-04-17 09:00:56,191.69,20.96,927.82,43.92,77.07
2018-04-17 10:00:56,128.4,17.35,1492.18,30.95,51.66
2018-04-17 11:00:56,110.6,14.08,1629.83,19.39,31.05
2018-04-17 12:00:56,64.49,14.36,2012.51,12.9,18.68
2018-04-17 13:00:56,128.42,46.48,2182.74,23.32,30.91
2018-04-17 14:00:56,127.61,49.9,2541.26,24.41,30.63
2018-04-17 15:00:56,173.69,23.63,2472.75,39.78,49.25
2018-04-17 16:00:56,135.5,23.41,1762.01,35.45,42.71
2018-04-17 17:00:56,107.87,14.48,1685.55,20.94,26.82
2018-04-17 18:00:56,72.38,9.96,1554.67,12.15,17.16
2018-04-17 19:00:56,64.48,11.52,1632.93,15.75,19.12
2018-04-17 20:00:56,86.21,10.92,1826.72,26.28,31.46
2018-04-17 21:00:56,144.1,11.17,1842.3,42.44,49.71
2018-04-17 22:00:56,181.56,11.73,1930.85,50.73,57.94
2018-04-17 23:00:56,84.38,11.48,1989.69,51.22,58.33
2018-04-18 00:00:56,81.44,12.17,1733.72,30.73,36.84
2018-04-18 01:00:56,65.49,12.23,1720.62,31.35,34.34
2018-04-18 02:00:56,108.04,11.1,1714.46,11.25,13.07
2018-04-18 03:00:56,70.02,11.3,1650.81,7.06,8.51
2018-04-18 04:00:56,0.0,11.73,1563.71,6.07,7.5
2018-04-18 05:00:56,0.0,13.07,1771.67,9.1,10.56
2018-04-18 06:00:56,0.0,14.13,1772.41,12.54,14.1
2018-04-18 07:00:56,0.0,14.9,1688.9,13.05,17.61
2018-04-18 08:00:56,0.0,15.43,1898.97,14.98,24.1
2018-04-18 09:00:56,0.0,15.74,1863.66,17.01,32.02
2018-04-18 10:00:56,0.0,21.26,1863.57,10.39,17.25
2018-04-18 11:00:56,52.14,15.17,1787.24,13.06,20.0
2018-04-18 12:00:56,119.82,100.69,1944.88,18.67,26.71
2018-04-18 13:00:56,150.56,27.24,2269.15,18.19,24.57
2018-04-18 14:00:56,92.12,15.91,1939.16,12.71,17.81
2018-04-18 15:00:56,101.33,12.44,2106.96,11.68,16.15
2018-04-18 16:00:56,103.67,10.46,1876.65,12.65,18.19
2018-04-18 17:00:56,75.22,10.49,1634.43,14.76,19.93
2018-04-18 18:00:56,78.06,10.32,1567.84,16.91,22.99
2018-04-18 19:00:56,70.79,10.13,1576.92,22.56,28.73
2018-04-18 20:00:56,86.8,9.71,1575.28,17.09,20.7
2018-04-18 21:00:56,45.17,10.16,1466.79,19.63,22.8
2018-04-18 22:00:56,47.68,10.09,1736.55,26.84,30.36
2018-04-18 23:00:56,39.7,10.29,1764.18,38.37,41.61
2018-04-19 00:00:56,43.06,10.47,1688.71,26.73,29.36
2018-04-19 01:00:56,23.78,10.32,1672.61,18.18,20.25
2018-04-19 02:00:56,34.31,10.45,1612.85,10.81,12.97
2018-04-19 03:00:56,89.41,10.66,1628.25,3.88,5.21
2018-04-19 04:00:56,61.59,11.11,1412.58,3.8,5.55
2018-04-19 05:00:56,35.16,10.43,1342.52,0.0,0.0
2018-04-19 06:00:56,22.1,11.24,1284.33,0.0,0.0
2018-04-19 07:00:56,48.41,11.53,1358.55,24.87,27.69
2018-04-19 08:00:56,52.2,11.68,1485.4,38.25,49.28
2018-04-19 09:00:56,169.63,12.17,1536.29,26.78,41.62
2018-04-19 10:00:56,87.55,20.22,1613.15,11.75,15.41
2018-04-19 11:00:56,42.31,14.42,1672.83,17.07,22.0
2018-04-19 12:00:56,98.24,15.98,1639.49,10.84,14.53
2018-04-19 13:00:56,32.31,10.7,1590.53,7.71,12.03
2018-04-19 14:00:56,42.86,8.91,1745.17,13.07,16.99
2018-04-19 15:00:56,105.52,13.21,1730.02,12.26,16.59
2018-04-19 16:00:56,68.73,10.95,1540.59,16.42,21.69
2018-04-19 17:00:56,110.38,27.18,1480.61,13.26,18.09
2018-04-19 18:00:56,91.06,31.18,1592.47,15.43,19.32
2018-04-19 19:00:56,159.2,18.54,1716.65,21.59,26.39
2018-04-19 20:00:56,138.57,16.96,1699.24,24.54,27.37
2018-04-19 21:00:56,206.87,13.83,1832.27,41.12,44.97
2018-04-19 22:00:56,116.71,14.34,1635.89,27.98,30.43
2018-04-19 23:00:56,73.72,13.83,1533.31,19.64,21.47
2018-04-20 00:00:56,36.95,14.03,1417.72,11.96,13.78
2018-04-20 01:00:56,51.2,14.17,1314.3,3.71,5.29
2018-04-20 02:00:56,33.99,13.16,1300.07,6.71,8.37
2018-04-20 03:00:56,30.38,12.56,1251.96,19.27,20.66
2018-04-20 04:00:56,14.54,12.67,1508.64,8.99,10.5
2018-04-20 05:00:56,13.12,12.27,1492.77,25.91,27.88
2018-04-20 06:00:56,26.01,13.71,1464.78,18.52,20.22
2018-04-20 07:00:56,48.07,11.6,1601.23,22.79,26.23
2018-04-20 08:00:56,80.45,12.22,1784.76,71.26,138.05
2018-04-20 09:00:56,252.06,11.55,1943.94,50.88,75.68
2018-04-20 10:00:56,98.39,11.66,1596.65,37.9,43.28
2018-04-20 11:00:56,80.82,12.13,1576.43,23.75,30.24
2018-04-20 12:00:56,69.44,11.68,1644.03,18.0,22.99
2018-04-20 13:00:56,42.08,11.15,1641.94,17.26,23.05
2018-04-20 14:00:56,25.92,11.45,1638.6,20.24,25.44
2018-04-20 15:00:56,20.66,11.05,1658.92,23.57,27.44
2018-04-20 16:00:56,27.52,11.06,1579.44,28.62,35.19
2018-04-20 17:00:56,59.56,8.28,1882.6,20.09,27.1
2018-04-20 18:00:56,53.39,7.81,1693.03,16.28,21.41
2018-04-20 19:00:56,67.15,7.38,1512.53,21.04,25.91
2018-04-20 20:00:56,19.43,7.26,1539.55,19.06,25.84
2018-04-20 21:00:56,84.04,7.06,1442.34,15.87,20.25
2018-04-20 22:00:56,33.55,6.98,1551.33,34.03,37.4
2018-04-20 23:00:56,80.79,7.34,1528.68,31.87,36.17
2018-04-21 00:00:56,32.2,6.96,1514.54,27.76,30.51
2018-04-21 01:00:56,63.05,6.61,1488.41,16.85,19.36
2018-04-21 02:00:56,79.81,7.6,1376.14,12.12,13.96
2018-04-21 03:00:56,81.62,7.04,1438.63,7.29,9.0
2018-04-21 04:00:56,40.98,7.03,1498.76,4.95,6.55
2018-04-21 05:00:56,60.16,7.57,1484.25,11.52,13.25
2018-04-21 06:00:56,21.34,7.02,1540.2,21.71,25.55
2018-04-21 07:00:56,30.98,6.85,1456.48,12.9,15.09
2018-04-21 08:00:56,41.96,7.34,1506.75,24.42,30.19
2018-04-21 09:00:56,86.33,6.95,1790.96,24.28,29.68
2018-04-21 10:00:56,85.34,6.7,1604.49,27.95,36.1
2018-04-21 11:00:56,52.74,7.06,1517.81,32.16,44.53
2018-04-21 12:00:56,48.17,6.04,1760.67,24.26,33.39
2018-04-21 13:00:56,42.13,5.16,1681.97,10.25,15.33
2018-04-21 14:00:56,45.62,4.78,1738.64,8.95,13.25
2018-04-21 15:00:56,73.0,4.25,1636.66,7.46,11.57
2018-04-21 16:00:56,60.91,4.21,1492.81,7.19,10.72
2018-04-21 17:00:56,38.55,5.87,1536.55,8.11,10.92
2018-04-21 18:00:56,62.17,7.41,1524.87,16.92,21.23
2018-04-21 19:00:56,67.48,7.6,1487.54,26.98,32.73
2018-04-21 20:00:56,107.47,8.23,1523.14,28.34,30.94
2018-04-21 21:00:56,42.0,8.29,1520.56,32.5,36.37
2018-04-21 22:00:56,98.94,9.15,1541.77,25.44,27.38
2018-04-21 23:00:56,46.58,8.64,1576.24,22.06,24.13
2018-04-22 00:00:56,48.73,9.18,1478.54,20.82,25.95
2018-04-22 01:00:56,87.14,8.87,1841.71,23.49,33.49
2018-04-22 02:00:56,51.56,8.54,1860.62,51.91,78.74
2018-04-22 03:00:56,63.2,8.09,1633.58,32.82,39.29
2018-04-22 04:00:56,61.92,6.93,1621.19,28.14,32.38
2018-04-22 05:00:56,25.99,7.32,1440.44,8.96,10.93
2018-04-22 06:00:56,73.44,10.07,1117.28,12.58,15.13
2018-04-22 07:00:56,65.38,10.44,1111.64,18.75,23.88
2018-04-22 08:00:56,19.49,10.84,1056.72,9.37,16.16
2018-04-22 09:00:56,32.32,12.15,901.63,5.21,9.6
2018-04-22 10:00:56,70.11,62.18,1370.15,16.62,25.69
2018-04-22 11:00:56,32.15,26.08,1853.14,7.49,11.78
2018-04-22 12:00:56,62.82,26.07,2107.8,10.93,15.82
2018-04-22 13:00:56,25.17,9.52,1991.87,7.95,12.64
2018-04-22 14:00:56,43.81,11.06,1955.88,5.07,9.02
2018-04-22 15:00:56,15.64,8.47,1895.17,4.98,7.82
2018-04-22 16:00:56,33.02,27.07,1423.34,11.97,16.92
2018-04-22 17:00:56,54.3,124.65,1441.51,15.59,19.14
2018-04-22 18:00:56,63.82,42.44,1393.35,11.18,14.27
2018-04-22 19:00:56,38.53,12.67,1448.62,24.95,30.17
2018-04-22 20:00:56,63.73,12.06,1581.18,53.31,58.35
2018-04-22 21:00:56,90.15,11.4,1626.85,37.27,39.78
2018-04-22 22:00:56,111.38,10.48,1898.65,46.54,54.25
2018-04-22 23:00:56,69.92,10.69,1859.17,32.85,37.7
2018-04-23 00:00:56,63.19,10.58,1944.58,41.38,49.64
2018-04-23 01:00:56,107.72,9.46,2079.68,40.93,46.49
2018-04-23 02:00:56,49.89,9.44,1804.84,13.72,15.31
2018-04-23 03:00:56,51.08,9.06,1777.2,10.74,12.32
2018-04-23 04:00:56,26.47,9.66,1575.58,30.83,34.81
2018-04-23 05:00:56,27.1,9.69,1535.04,28.76,32.41
2018-04-23 06:00:56,48.45,9.59,1392.29,21.49,24.35
2018-04-23 07:00:56,50.74,9.58,1589.57,38.89,47.89
2018-04-23 08:00:56,81.6,10.43,1715.25,27.46,35.94
2018-04-23 09:00:56,43.09,13.4,1637.69,23.48,29.65
2018-04-23 10:00:56,36.0,12.16,1458.76,16.89,21.76
2018-04-23 11:00:56,36.54,8.26,1499.54,16.54,21.89
2018-04-23 12:00:56,82.17,46.95,1393.59,10.43,13.47
2018-04-23 13:00:56,76.48,13.04,1421.5,9.78,13.64
2018-04-23 14:00:56,32.64,12.73,1470.98,10.94,14.55
2018-04-23 15:00:56,50.56,34.38,1404.44,11.53,14.96
2018-04-23 16:00:56,40.63,25.26,1468.56,15.83,19.29
2018-04-23 17:00:56,77.23,10.62,1672.15,19.81,24.97
2018-04-23 18:00:56,55.29,10.61,1667.6,28.67,32.78
2018-04-23 19:00:56,48.7,9.17,1538.77,13.69,15.7
2018-04-23 20:00:56,126.24,9.32,1781.62,19.93,23.07
2018-04-23 21:00:56,88.26,9.45,1583.51,28.31,31.58
2018-04-23 22:00:56,74.26,9.64,1854.33,43.82,50.18
2018-04-23 23:00:56,67.53,10.19,1944.29,40.28,45.05
2018-04-24 00:00:56,88.69,11.1,1875.66,81.9,129.95
2018-04-24 01:00:56,55.29,10.79,1555.71,18.07,21.27
2018-04-24 02:00:56,29.68,11.16,1459.24,22.79,25.5
2018-04-24 03:00:56,50.09,11.64,1529.94,25.27,26.85
2018-04-24 04:00:56,33.4,12.37,1459.26,18.43,19.92
2018-04-24 05:00:56,52.73,11.97,1449.41,6.07,7.66
2018-04-24 06:00:56,68.98,11.56,1488.81,22.31,46.0
2018-04-24 07:00:56,75.2,11.18,1628.96,9.82,14.62
2018-04-24 08:00:56,48.01,11.92,1686.66,19.42,35.18
2018-04-24 09:00:56,135.71,39.43,1698.02,24.05,36.56
2018-04-24 10:00:56,103.2,55.68,1470.36,20.54,28.16
2018-04-24 11:00:56,149.86,22.49,1568.13,19.17,29.96
2018-04-24 12:00:56,79.32,0.0,1546.98,15.89,21.38
2018-04-24 13:00:56,71.12,89.46,1517.04,0.0,0.0
2018-04-24 14:00:56,57.84,46.06,0.0,28.88,36.49
2018-04-24 15:00:56,115.83,27.08,1530.6,15.78,20.17
2018-04-24 16:00:56,47.87,13.37,1451.71,8.31,13.06
2018-04-24 17:00:56,100.82,10.12,1417.32,6.86,10.59
2018-04-24 18:00:56,83.8,8.66,1481.34,6.66,9.9
2018-04-24 19:00:56,57.48,8.7,1466.72,8.83,11.94
2018-04-24 20:00:56,55.55,8.7,1560.3,19.18,23.03
2018-04-24 21:00:56,66.4,9.47,1646.57,20.98,26.99
2018-04-24 22:00:56,90.12,10.35,1485.33,76.57,88.94
2018-04-24 23:00:56,73.61,10.79,1563.76,58.3,69.35
2018-04-25 00:00:56,104.77,10.63,1533.72,46.72,52.59
2018-04-25 01:00:56,51.97,10.71,1457.12,23.57,25.78
2018-04-25 02:00:56,45.48,9.73,1413.1,14.56,19.9
2018-04-25 03:00:56,34.02,9.98,1353.13,11.27,13.14
2018-04-25 04:00:56,34.33,10.11,1532.22,7.21,9.18
2018-04-25 05:00:56,32.46,9.85,1570.58,5.74,7.66
2018-04-25 06:00:56,35.91,9.24,1543.32,7.08,9.14
2018-04-25 07:00:56,46.35,9.38,1560.29,25.94,55.73
2018-04-25 08:00:56,73.13,10.25,1708.56,30.46,55.07
2018-04-25 09:00:56,104.61,13.88,1746.75,46.51,75.15
2018-04-25 10:00:56,100.47,90.37,1666.7,22.57,33.48
2018-04-25 11:00:56,34.65,28.02,1714.7,7.64,11.25
2018-04-25 12:00:56,103.15,18.1,1735.28,27.57,37.02
2018-04-25 13:00:56,106.34,12.95,1778.57,14.94,20.08
2018-04-25 14:00:56,60.81,10.55,1761.78,20.49,26.89
2018-04-25 15:00:56,61.55,9.79,1796.12,24.02,30.35
2018-04-25 16:00:56,86.84,7.57,1747.66,25.78,37.39
2018-04-25 17:00:56,76.98,7.43,1734.23,18.14,23.23
2018-04-25 18:00:56,55.47,8.6,1764.88,30.26,36.91
2018-04-25 19:00:56,72.84,8.42,1749.96,26.36,30.66
2018-04-25 20:00:56,103.95,9.13,1801.99,54.42,61.75
2018-04-25 21:00:56,139.92,10.2,1995.76,89.57,109.08
2018-04-25 22:00:56,106.75,10.58,2058.12,74.92,97.82
2018-04-25 23:00:56,126.27,10.7,2288.41,57.19,79.82
2018-04-26 00:00:56,178.09,10.63,2021.02,37.33,50.85
2018-04-26 01:00:56,76.54,10.39,1652.01,20.89,24.23
2018-04-26 02:00:56,67.38,11.46,1542.11,14.86,17.27
2018-04-26 03:00:56,51.72,11.39,1373.32,45.19,55.71
2018-04-26 04:00:56,63.67,11.69,1432.52,19.71,23.16
2018-04-26 05:00:56,87.12,10.8,1466.43,15.99,18.75
2018-04-26 06:00:56,84.74,10.75,1496.32,6.56,10.54
2018-04-26 07:00:56,39.88,10.91,1551.18,9.66,14.34
2018-04-26 08:00:56,35.21,11.09,1583.21,20.04,32.47
2018-04-26 09:00:56,99.55,13.93,1558.61,24.18,36.11
2018-04-26 10:00:56,83.29,26.89,1690.92,37.12,52.19
2018-04-26 11:00:56,57.32,46.0,1603.81,22.34,30.03
2018-04-26 12:00:56,75.62,27.38,1639.22,17.86,24.45
2018-04-26 13:00:56,148.26,10.8,1635.75,20.18,26.55
2018-04-26 14:00:56,68.96,10.94,1647.33,24.61,31.41
2018-04-26 15:00:56,84.87,10.79,1599.59,21.77,27.42
2018-04-26 16:00:56,81.54,9.36,1602.24,26.78,33.59
2018-04-26 17:00:56,138.4,8.99,1611.41,28.36,35.56
2018-04-26 18:00:56,111.32,10.09,1632.67,44.7,52.47
2018-04-26 19:00:56,171.0,10.46,1713.14,55.49,62.22
2018-04-26 20:00:56,101.65,9.7,1597.07,24.93,27.14
2018-04-26 21:00:56,143.35,10.13,1945.37,43.9,53.82
2018-04-26 22:00:56,188.72,10.81,1934.83,57.23,75.36
2018-04-26 23:00:56,133.36,11.39,1963.42,60.53,70.98
2018-04-27 00:00:56,109.59,11.38,1570.47,37.52,44.2
2018-04-27 01:00:56,51.05,12.09,1407.72,22.34,24.79
2018-04-27 02:00:56,35.64,13.69,1232.99,7.75,9.51
2018-04-27 03:00:56,40.47,13.85,1263.88,25.14,30.53
2018-04-27 04:00:56,36.03,13.67,1595.17,12.56,14.35
2018-04-27 05:00:56,77.37,13.13,1555.3,4.57,6.32
2018-04-27 06:00:56,23.38,12.5,1631.59,4.39,6.1
2018-04-27 07:00:56,38.74,12.28,1843.97,24.05,43.76
2018-04-27 08:00:56,95.87,26.62,1835.93,65.11,127.78
2018-04-27 09:00:56,209.48,31.45,1924.97,70.24,137.77
2018-04-27 10:00:56,170.81,122.48,1693.39,45.49,63.84
2018-04-27 11:00:56,126.67,163.67,1702.04,27.47,35.95
2018-04-27 12:00:56,156.64,64.2,1723.7,26.65,35.36
2018-04-27 13:00:56,89.75,23.93,1681.8,14.3,19.33
2018-04-27 14:00:56,34.1,17.19,1723.12,11.45,15.25
2018-04-27 15:00:56,42.22,15.55,1762.22,20.04,24.52
2018-04-27 16:00:56,93.78,17.41,1441.98,22.49,29.19
2018-04-27 17:00:56,109.35,12.39,1455.15,20.68,26.57
2018-04-27 18:00:56,116.43,11.35,1462.31,30.0,35.97
2018-04-27 19:00:56,110.96,10.13,1614.2,34.93,41.86
2018-04-27 20:00:56,53.46,9.03,1831.05,50.7,57.57
2018-04-27 21:00:56,164.82,9.62,1935.33,61.39,70.19
2018-04-27 22:00:56,218.69,10.49,1731.89,62.22,84.13
2018-04-27 23:00:56,171.52,10.36,1503.35,37.37,53.52
2018-04-28 00:00:56,155.56,10.54,1543.91,48.08,53.02
2018-04-28 01:00:56,97.22,10.66,1381.06,43.15,52.48
2018-04-28 02:00:56,72.4,11.34,1355.83,21.63,24.86
2018-04-28 03:00:56,53.18,11.11,1308.58,10.64,11.94
2018-04-28 04:00:56,60.27,10.44,1607.95,8.22,9.5
2018-04-28 05:00:56,82.31,10.81,1614.82,5.13,6.48
2018-04-28 06:00:56,78.05,10.02,1636.96,8.82,10.4
2018-04-28 07:00:56,55.79,10.07,1646.94,8.46,10.94
2018-04-28 08:00:56,56.37,10.48,1724.17,15.4,20.35
2018-04-28 09:00:56,97.81,13.07,1705.62,25.57,34.51
2018-04-28 10:00:56,89.67,13.34,1560.22,26.89,34.58
2018-04-28 11:00:56,71.99,9.21,1586.4,12.12,16.55
2018-04-28 12:00:56,45.32,7.89,1570.66,9.45,13.31
2018-04-28 13:00:56,33.58,8.01,1573.68,7.3,10.83
2018-04-28 14:00:56,32.24,10.63,1569.35,7.54,11.41
2018-04-28 15:00:56,43.2,9.75,1598.28,9.4,14.12
2018-04-28 16:00:56,47.61,8.53,1396.85,10.33,14.95
2018-04-28 17:00:56,26.4,8.19,1472.51,9.84,13.83
2018-04-28 18:00:56,54.57,8.37,1567.08,9.79,13.16
2018-04-28 19:00:56,21.99,8.02,1594.78,23.32,29.7
2018-04-28 20:00:56,29.54,8.99,1539.44,18.86,25.89
2018-04-28 21:00:56,47.46,9.4,1523.53,19.04,23.95
2018-04-28 22:00:56,37.12,9.44,1417.89,19.5,28.29
2018-04-28 23:00:56,50.18,9.15,1418.42,21.45,23.39
2018-04-29 00:00:56,86.75,8.95,1459.4,20.09,27.31
2018-04-29 01:00:56,79.07,9.29,1400.07,21.15,27.92
2018-04-29 02:00:56,46.68,9.93,1321.88,8.79,10.79
2018-04-29 03:00:56,37.61,9.85,1298.09,6.11,7.71
2018-04-29 04:00:56,51.41,9.84,1463.61,3.02,4.45
2018-04-29 05:00:56,53.48,10.63,1392.8,2.79,4.42
2018-04-29 06:00:56,67.19,10.43,1398.29,0.0,0.0
2018-04-29 07:00:56,69.87,10.16,1403.26,0.0,0.0
2018-04-29 08:00:56,63.18,9.76,1531.53,6.28,10.88
2018-04-29 09:00:56,113.5,31.98,1592.92,13.36,21.39
2018-04-29 10:00:56,208.85,121.22,1587.41,21.37,32.87
2018-04-29 11:00:56,113.68,58.79,1704.33,21.67,31.35
2018-04-29 12:00:56,82.7,26.95,1411.74,17.76,26.65
2018-04-29 13:00:56,66.97,33.09,1474.63,14.75,20.05
2018-04-29 14:00:56,82.55,53.24,1450.19,10.85,14.85
2018-04-29 15:00:56,149.99,98.38,1405.51,13.16,18.36
2018-04-29 16:00:56,153.05,85.14,1330.76,17.24,22.67
2018-04-29 17:00:56,72.78,67.64,1311.03,13.0,17.26
2018-04-29 18:00:56,175.24,46.14,1346.99,13.6,17.4
2018-04-29 19:00:56,146.96,32.94,1402.35,20.71,24.71
2018-04-29 20:00:56,125.79,22.0,1458.86,28.27,31.72
2018-04-29 21:00:56,94.16,17.44,1541.84,45.28,50.62
2018-04-29 22:00:56,103.17,14.97,1710.01,35.04,40.93
2018-04-29 23:00:56,93.07,13.35,1841.39,51.62,67.36
2018-04-30 00:00:56,95.53,13.47,1703.97,70.14,107.82
2018-04-30 01:00:56,63.55,13.32,1598.23,33.36,35.93
2018-04-30 02:00:56,35.12,13.01,1480.67,12.37,14.52
2018-04-30 03:00:56,78.31,13.2,1370.33,9.11,10.74
2018-04-30 04:00:56,48.65,12.88,1528.65,4.66,6.26
2018-04-30 05:00:56,58.4,11.91,1549.46,4.57,5.93
2018-04-30 06:00:56,55.57,11.59,1556.44,5.09,10.25
2018-04-30 07:00:56,27.81,11.47,1558.59,5.08,7.69
2018-04-30 08:00:56,51.7,11.54,1596.69,10.8,19.33
2018-04-30 09:00:56,142.02,11.61,1651.25,24.99,45.39
2018-04-30 10:00:56,226.73,13.48,1611.33,36.92,62.67
2018-04-30 11:00:56,103.17,14.07,1665.47,16.47,25.88
2018-04-30 12:00:56,129.32,97.97,1800.96,17.2,24.26
2018-04-30 13:00:56,121.47,52.72,1774.09,15.7,20.66
2018-04-30 14:00:56,97.08,25.42,1692.85,14.45,19.41
2018-04-30 15:00:56,101.89,18.07,1631.01,25.94,32.73
2018-04-30 16:00:56,92.87,14.92,1530.82,26.47,33.52
2018-04-30 17:00:56,87.95,12.1,1562.51,23.28,28.48
2018-04-30 18:00:56,52.54,10.72,1560.49,25.44,30.87
2018-04-30 19:00:56,53.35,9.84,1604.89,24.25,27.8
2018-04-30 20:00:56,46.72,9.94,1612.09,29.08,32.65
2018-04-30 21:00:56,23.38,10.02,1635.68,36.98,39.87
2018-04-30 22:00:56,42.56,9.8,1476.97,22.92,24.81
2018-04-30 23:00:56,71.35,9.86,1654.72,35.8,42.94
2018-05-01 00:00:56,95.47,10.1,1585.24,22.61,24.95
2018-05-01 01:00:56,78.5,10.36,1560.01,20.32,23.82
2018-05-01 02:00:56,48.09,10.2,1417.6,10.82,12.41
2018-05-01 03:00:56,67.34,10.23,1375.73,8.67,10.79
2018-05-01 04:00:56,49.37,10.6,1349.31,4.69,6.3
2018-05-01 05:00:56,33.21,10.03,1377.11,3.28,4.84
2018-05-01 06:00:56,22.92,10.45,1367.76,22.48,28.45
2018-05-01 07:00:56,42.14,10.3,1369.35,13.89,20.11
2018-05-01 08:00:56,70.23,10.04,1490.47,13.69,20.15
2018-05-01 09:00:56,111.83,23.48,1508.99,15.73,22.82
2018-05-01 10:00:56,65.69,24.58,1473.34,12.15,16.86
2018-05-01 11:00:56,65.8,54.93,1630.52,11.4,16.57
2018-05-01 12:00:56,58.9,25.82,1658.08,12.17,17.55
2018-05-01 13:00:56,78.19,15.1,1664.69,10.92,16.48
2018-05-01 14:00:56,83.08,12.37,1578.98,9.42,13.41
2018-05-01 15:00:56,65.06,10.68,1550.68,10.77,15.28
2018-05-01 16:00:56,50.2,9.2,1417.88,10.92,14.77
2018-05-01 17:00:56,54.54,7.57,1501.92,16.06,19.98
2018-05-01 18:00:56,46.75,8.39,1551.7,24.05,30.0
2018-05-01 19:00:56,35.14,8.94,1489.39,34.9,40.46
2018-05-01 20:00:56,53.29,9.5,1488.69,39.19,45.66
2018-05-01 21:00:56,22.05,9.38,1541.65,33.24,41.5
2018-05-01 22:00:56,21.77,9.55,1580.88,12.79,14.97
2018-05-01 23:00:56,28.54,9.73,1758.93,20.12,22.95
2018-05-02 00:00:56,45.85,9.84,1772.05,39.87,44.89
2018-05-02 01:00:56,52.63,9.09,1713.53,19.6,21.78
2018-05-02 02:00:56,25.2,8.6,1685.23,11.51,13.0
2018-05-02 03:00:56,31.16,7.99,1737.51,17.49,19.18
2018-05-02 04:00:56,32.46,8.02,1590.12,11.16,12.64
2018-05-02 05:00:56,76.59,7.99,1637.74,11.85,13.07
2018-05-02 06:00:56,89.18,7.88,1642.45,10.39,12.84
2018-05-02 07:00:56,111.58,8.24,1665.56,14.13,18.58
2018-05-02 08:00:56,121.97,7.83,1864.45,18.18,29.27
2018-05-02 09:00:56,102.55,7.57,1897.15,19.44,28.47
2018-05-02 10:00:56,124.57,7.81,1436.49,21.43,31.57
2018-05-02 11:00:56,95.43,11.57,1513.01,17.76,26.27
2018-05-02 12:00:56,69.92,37.13,1362.05,15.59,22.23
2018-05-02 13:00:56,54.04,35.21,1331.65,8.76,13.34
2018-05-02 14:00:56,59.04,40.63,1370.55,10.69,15.1
2018-05-02 15:00:56,52.83,31.11,1431.92,17.41,22.07
2018-05-02 16:00:56,51.08,18.18,1183.09,18.52,24.15
2018-05-02 17:00:56,78.42,21.27,1157.66,23.15,29.35
2018-05-02 18:00:56,40.11,16.47,1132.63,18.36,25.12
2018-05-02 19:00:56,79.59,16.96,1176.07,20.51,25.94
2018-05-02 20:00:56,102.58,17.55,1082.21,24.72,28.38
2018-05-02 21:00:56,78.82,13.43,1107.58,19.16,23.4
2018-05-02 22:00:56,61.33,11.26,1304.29,14.27,17.16
2018-05-02 23:00:56,46.35,10.81,1226.24,11.25,13.01
2018-05-03 00:00:56,57.81,10.09,1299.53,18.03,22.52
2018-05-03 01:00:56,77.82,9.2,1235.98,8.55,10.11
2018-05-03 02:00:56,61.54,8.58,1216.81,2.22,3.62
2018-05-03 03:00:56,63.9,8.03,1259.03,1.62,2.83
2018-05-03 04:00:56,52.35,8.01,1425.7,0.0,0.0
2018-05-03 05:00:56,37.45,8.09,1432.36,0.0,0.0
2018-05-03 06:00:56,48.9,7.38,1484.33,0.0,0.0
2018-05-03 07:00:56,31.39,7.45,1460.17,1.63,3.31
2018-05-03 08:00:56,14.41,6.74,1561.02,5.7,12.88
2018-05-03 09:00:56,52.61,7.44,1574.19,21.62,33.39
2018-05-03 10:00:56,108.4,6.94,1643.09,21.63,34.35
2018-05-03 11:00:56,124.86,6.36,1668.82,16.79,26.15
2018-05-03 12:00:56,192.57,6.8,1710.67,19.93,32.65
2018-05-03 13:00:56,124.99,10.17,1726.59,21.78,32.42
2018-05-03 14:00:56,65.41,8.5,1691.97,17.9,25.53
2018-05-03 15:00:56,60.73,7.81,1686.99,11.87,16.62
2018-05-03 16:00:56,50.51,8.04,1428.54,11.6,15.88
2018-05-03 17:00:56,53.54,7.78,1492.27,18.37,22.98
2018-05-03 18:00:56,71.58,7.86,1520.2,22.14,28.7
2018-05-03 19:00:56,60.66,8.48,1498.0,16.04,19.7
2018-05-03 20:00:56,61.84,8.76,1467.9,17.3,21.51
2018-05-03 21:00:56,90.56,8.68,1453.58,17.79,21.04
2018-05-03 22:00:56,73.07,9.09,1583.35,24.0,28.99
2018-05-03 23:00:56,79.19,9.57,1641.42,12.02,15.26
2018-05-04 00:00:56,122.42,10.2,1574.38,8.79,12.94
2018-05-04 01:00:56,82.19,9.88,1515.1,4.87,6.64
2018-05-04 02:00:56,99.21,9.4,1497.09,2.39,3.59
2018-05-04 03:00:56,67.76,9.3,1510.56,0.0,0.0
2018-05-04 04:00:56,78.66,8.7,1448.53,0.0,0.0
2018-05-04 05:00:56,54.54,8.64,1464.55,0.0,0.0
2018-05-04 06:00:56,28.9,8.46,1456.37,0.0,0.0
2018-05-04 07:00:56,28.7,7.9,1498.67,0.0,0.0
2018-05-04 08:00:56,49.05,7.81,1607.32,0.0,0.0
2018-05-04 09:00:56,52.78,7.37,1530.03,12.83,18.4
2018-05-04 10:00:56,58.21,7.27,1543.02,16.64,26.12
2018-05-04 11:00:56,61.53,6.89,1548.3,4.7,10.82
2018-05-04 12:00:56,23.87,6.94,1537.29,8.71,16.82
2018-05-04 13:00:56,45.5,20.44,1506.82,6.95,12.17
2018-05-04 14:00:56,53.37,12.66,1447.98,9.17,13.24
2018-05-04 15:00:56,44.36,9.56,1495.39,9.43,13.59
2018-05-04 16:00:56,116.59,9.02,1456.83,22.25,29.72
2018-05-04 17:00:56,97.08,8.09,1534.08,26.07,34.67
2018-05-04 18:00:56,83.05,8.9,1531.27,31.39,38.51
2018-05-04 19:00:56,119.47,8.81,1479.12,19.8,25.99
2018-05-04 20:00:56,91.16,8.18,1486.93,24.39,32.13
2018-05-04 21:00:56,86.18,8.67,1542.35,33.73,43.83
2018-05-04 22:00:56,92.0,9.52,1607.26,30.9,36.49
2018-05-04 23:00:56,179.48,9.4,1701.51,38.8,43.15
2018-05-05 00:00:56,227.19,9.75,1659.0,36.4,40.15
2018-05-05 01:00:56,265.49,9.46,1636.46,28.69,31.86
2018-05-05 02:00:56,214.51,9.13,1582.72,22.03,25.04
2018-05-05 03:00:56,154.65,8.99,1563.79,21.38,23.6
2018-05-05 04:00:56,82.79,8.79,1490.3,16.28,18.37
2018-05-05 05:00:56,66.42,8.7,1493.13,20.63,22.95
2018-05-05 06:00:56,22.54,8.69,1460.66,6.73,10.18
2018-05-05 07:00:56,20.85,8.75,1492.41,5.77,8.53
2018-05-05 08:00:56,47.99,8.14,1523.99,16.88,23.54
2018-05-05 09:00:56,158.99,8.04,1652.24,29.08,40.25
2018-05-05 10:00:56,99.49,8.15,1679.66,31.53,47.51
2018-05-05 11:00:56,115.18,7.63,1642.35,20.89,32.11
2018-05-05 12:00:56,103.69,7.28,1603.07,14.0,19.75
2018-05-05 13:00:56,76.95,7.14,1622.73,20.2,27.79
2018-05-05 14:00:56,81.62,13.34,1612.34,21.02,30.84
2018-05-05 15:00:56,102.89,58.1,1628.99,20.98,28.57
2018-05-05 16:00:56,95.38,64.04,1267.48,15.38,20.92
2018-05-05 17:00:56,46.17,28.83,1274.54,23.78,31.9
2018-05-05 18:00:56,58.34,17.99,1303.65,21.45,31.12
2018-05-05 19:00:56,78.33,13.31,1234.47,18.01,23.67
2018-05-05 20:00:56,44.27,11.16,1310.54,23.71,27.67
2018-05-05 21:00:56,32.87,11.01,1242.19,34.65,39.26
2018-05-05 22:00:56,67.37,10.59,1311.82,21.19,26.86
2018-05-05 23:00:56,70.77,9.69,1306.82,12.8,17.45
2018-05-06 00:00:56,39.26,9.47,1270.39,9.25,12.79
2018-05-06 01:00:56,13.45,9.6,1308.52,10.02,14.7
2018-05-06 02:00:56,26.16,9.54,1261.08,2.84,5.41
2018-05-06 03:00:56,44.49,9.06,1260.95,8.77,10.75
2018-05-06 04:00:56,40.37,9.39,1474.1,1.63,3.65
2018-05-06 05:00:56,34.61,9.36,1498.25,0.0,0.0
2018-05-06 06:00:56,27.0,9.77,1526.29,0.0,0.0
2018-05-06 07:00:56,26.11,11.01,1342.92,4.51,7.72
2018-05-06 08:00:56,0.0,0.0,0.0,0.0,0.0
2018-05-06 09:00:56,0.0,0.0,1329.27,8.88,12.49
2018-05-06 10:00:56,137.82,14.43,1453.84,21.07,31.5
2018-05-06 11:00:56,153.33,14.17,1497.5,19.45,29.63
2018-05-06 12:00:56,189.64,14.25,1478.28,19.25,29.85
2018-05-06 13:00:56,112.49,14.7,1410.99,14.65,21.0
2018-05-06 14:00:56,56.81,16.38,1405.65,13.39,20.24
2018-05-06 15:00:56,61.33,16.95,1377.58,21.96,26.39
2018-05-06 16:00:56,85.59,15.95,1524.0,21.12,26.24
2018-05-06 17:00:56,29.64,16.23,1579.49,17.71,20.79
2018-05-06 18:00:56,20.85,15.76,1683.71,25.23,30.19
2018-05-06 19:00:56,70.81,15.59,1700.55,26.41,31.64
2018-05-06 20:00:56,54.56,15.77,1714.8,35.47,42.56
2018-05-06 21:00:56,42.3,15.57,1673.05,22.01,26.2
2018-05-06 22:00:56,65.37,15.49,1454.08,23.64,28.65
2018-05-06 23:00:56,49.82,15.63,1458.67,18.47,21.97
2018-05-07 00:00:56,33.25,14.91,1403.06,25.82,33.09
2018-05-07 01:00:56,29.24,8.81,1413.73,14.79,16.9
2018-05-07 02:00:56,24.46,7.43,1508.14,10.71,13.25
2018-05-07 03:00:56,50.75,6.94,1417.9,4.27,6.17
2018-05-07 04:00:56,72.98,6.53,1457.91,2.03,4.01
2018-05-07 05:00:56,68.54,6.92,1501.62,1.84,3.69
2018-05-07 06:00:56,52.12,7.03,1423.53,3.4,5.19
2018-05-07 07:00:56,33.02,7.24,1417.58,7.55,11.78
2018-05-07 08:00:56,35.68,7.18,1531.39,8.6,16.5
2018-05-07 09:00:56,42.92,6.35,1604.33,15.82,29.94
2018-05-07 10:00:56,43.27,5.6,1531.84,23.24,41.22
2018-05-07 11:00:56,86.17,5.34,1568.07,12.05,20.15
2018-05-07 12:00:56,92.87,6.97,1569.88,14.77,21.52
2018-05-07 13:00:56,47.45,6.88,1509.01,10.87,16.7
2018-05-07 14:00:56,46.44,6.59,1497.01,9.0,15.27
2018-05-07 15:00:56,59.65,16.5,1521.98,8.7,13.91
2018-05-07 16:00:56,49.72,15.38,1388.6,15.9,21.84
2018-05-07 17:00:56,59.02,12.86,1402.63,14.1,18.36
2018-05-07 18:00:56,51.0,10.38,1446.63,19.07,24.71
2018-05-07 19:00:56,45.29,9.46,1379.78,17.81,22.26
2018-05-07 20:00:56,35.47,9.09,1395.41,14.67,18.22
2018-05-07 21:00:56,31.61,8.46,1353.53,16.67,20.15
2018-05-07 22:00:56,18.55,8.3,1403.08,11.35,14.83
2018-05-07 23:00:56,22.95,7.88,1399.77,14.72,18.1
2018-05-08 00:00:56,57.13,7.87,1437.64,12.66,15.13
2018-05-08 01:00:56,52.1,6.67,1449.51,9.83,11.77
2018-05-08 02:00:56,38.97,7.21,1431.33,8.19,10.68
2018-05-08 03:00:56,33.57,7.06,1437.45,7.59,9.44
2018-05-08 04:00:56,28.21,7.07,1451.12,8.28,10.1
2018-05-08 05:00:56,16.87,6.87,1439.17,6.77,8.73
2018-05-08 06:00:56,12.13,6.27,1434.83,5.64,7.56
2018-05-08 07:00:56,10.38,5.77,1534.76,16.46,18.79
2018-05-08 08:00:56,11.34,5.75,1611.08,21.86,27.33
2018-05-08 09:00:56,40.45,6.06,1650.59,40.99,50.62
2018-05-08 10:00:56,31.53,6.25,1624.95,37.56,47.66
2018-05-08 11:00:56,21.37,5.89,1700.91,36.1,48.14
2018-05-08 12:00:56,29.67,0.0,1598.74,22.86,29.86
2018-05-08 13:00:56,36.11,0.0,0.0,0.0,0.0
2018-05-08 14:00:56,52.41,7.94,0.0,9.52,15.67
2018-05-08 15:00:56,38.61,1.1,700.28,11.56,18.54
2018-05-08 16:00:56,0.0,7.88,642.75,12.74,18.76
2018-05-08 17:00:56,15.09,8.43,740.08,18.28,25.64
2018-05-08 18:00:56,116.33,6.05,1021.69,24.89,31.34
2018-05-08 19:00:56,68.27,4.81,891.06,24.28,29.57
2018-05-08 20:00:56,25.77,4.06,848.1,16.95,23.35
2018-05-08 21:00:56,43.89,3.79,1006.19,20.01,24.75
2018-05-08 22:00:56,49.46,4.05,1426.36,33.99,38.71
2018-05-08 23:00:56,66.23,4.1,1367.81,31.09,36.78
2018-05-09 00:00:56,53.71,4.08,1264.52,13.83,18.75
2018-05-09 01:00:56,20.92,3.64,83.51,7.57,11.37
2018-05-09 02:00:56,38.7,4.3,183.59,12.85,16.63
2018-05-09 03:00:56,25.41,3.87,109.01,6.34,9.69
2018-05-09 04:00:56,31.49,3.76,85.92,2.7,5.95
2018-05-09 05:00:56,22.81,3.37,13.31,5.33,9.07
2018-05-09 06:00:56,11.46,3.37,70.54,15.59,27.86
2018-05-09 07:00:56,25.57,3.07,135.12,17.2,35.27
2018-05-09 08:00:56,18.72,3.42,136.73,15.64,31.66
2018-05-09 09:00:56,46.25,2.2,171.34,12.84,27.52
2018-05-09 10:00:56,44.98,1.32,170.72,16.27,34.41
2018-05-09 11:00:56,59.84,0.19,194.39,14.43,26.1
2018-05-09 12:00:56,96.12,14.51,195.78,9.36,17.49
2018-05-09 13:00:56,60.4,13.67,266.87,11.49,18.38
2018-05-09 14:00:56,86.98,4.35,373.73,18.04,25.12
2018-05-09 15:00:56,78.53,2.11,335.24,17.37,24.73
2018-05-09 16:00:56,74.2,1.4,359.51,22.34,30.01
2018-05-09 17:00:56,102.63,1.45,396.46,33.54,41.88
2018-05-09 18:00:56,47.44,1.45,350.59,45.19,57.23
2018-05-09 19:00:56,29.81,1.6,354.02,29.07,35.73
2018-05-09 20:00:56,55.91,1.81,406.8,43.82,51.18
2018-05-09 21:00:56,35.94,2.16,553.22,63.58,70.63
2018-05-09 22:00:56,10.87,2.53,500.0,36.27,41.29
2018-05-09 23:00:56,17.51,2.8,407.21,41.53,45.61
2018-05-10 00:00:56,52.78,2.92,481.45,33.46,37.97
2018-05-10 01:00:56,42.02,3.85,304.77,15.77,19.16
2018-05-10 02:00:56,35.31,4.29,310.5,7.99,11.17
2018-05-10 03:00:56,23.57,4.05,225.31,3.36,6.58
2018-05-10 04:00:56,19.85,3.27,235.29,0.0,0.0
2018-05-10 05:00:56,57.29,3.57,256.78,6.04,9.1
2018-05-10 06:00:56,48.81,3.45,273.24,9.44,13.09
2018-05-10 07:00:56,67.0,3.89,303.43,6.89,10.92
2018-05-10 08:00:56,40.58,3.65,420.62,11.79,26.11
2018-05-10 09:00:56,49.2,3.25,406.95,11.68,25.9
2018-05-10 10:00:56,30.4,2.56,567.11,4.38,12.33
2018-05-10 11:00:56,14.94,2.11,355.79,4.89,11.18
2018-05-10 12:00:56,15.14,0.79,379.75,10.42,17.21
2018-05-10 13:00:56,51.63,0.57,251.58,29.14,36.76
2018-05-10 14:00:56,44.9,0.4,277.58,25.19,35.33
2018-05-10 15:00:56,40.54,0.82,197.71,16.76,24.1
2018-05-10 16:00:56,41.21,0.76,314.43,19.89,28.37
2018-05-10 17:00:56,32.18,0.75,294.87,19.62,27.36
2018-05-10 18:00:56,19.55,0.8,316.93,31.12,39.39
2018-05-10 19:00:56,45.45,0.71,300.65,28.27,35.8
2018-05-10 20:00:56,23.32,1.25,261.59,26.33,32.26
2018-05-10 21:00:56,46.34,4.4,208.15,49.86,64.63
2018-05-10 22:00:56,87.5,2.33,477.83,51.5,60.29
2018-05-10 23:00:56,46.9,2.14,529.54,43.8,55.2
2018-05-11 00:00:56,38.25,3.03,380.08,38.11,45.12
2018-05-11 01:00:56,33.58,2.7,307.88,20.24,24.79
2018-05-11 02:00:56,38.64,2.87,213.3,11.59,15.44
2018-05-11 03:00:56,19.99,2.99,201.43,8.57,12.14
2018-05-11 04:00:56,56.92,2.96,184.99,13.73,18.66
2018-05-11 05:00:56,35.41,2.81,179.05,11.3,14.76
2018-05-11 06:00:56,31.6,3.6,124.23,3.25,6.76
2018-05-11 07:00:56,25.1,3.21,249.26,10.55,21.02
2018-05-11 08:00:56,53.0,3.46,345.75,34.17,70.45
2018-05-11 09:00:56,88.01,3.02,295.99,35.17,58.52
2018-05-11 10:00:56,73.03,2.77,231.83,20.33,31.61
2018-05-11 11:00:56,40.34,2.41,237.42,27.21,39.16
2018-05-11 12:00:56,56.08,2.97,245.29,11.86,19.09
2018-05-11 13:00:56,34.1,2.37,297.16,7.34,13.96
2018-05-11 14:00:56,18.68,1.8,283.37,7.0,13.74
2018-05-11 15:00:56,28.42,1.76,272.47,8.2,15.84
2018-05-11 16:00:56,22.66,1.09,265.19,8.79,15.59
2018-05-11 17:00:56,70.35,1.41,274.95,10.96,17.71
2018-05-11 18:00:56,69.71,1.51,325.25,16.41,22.7
2018-05-11 19:00:56,33.43,1.9,333.71,25.75,33.7
2018-05-11 20:00:56,29.63,2.5,377.26,14.46,20.0
2018-05-11 21:00:56,54.07,2.53,308.76,18.08,23.57
2018-05-11 22:00:56,30.96,2.99,302.65,17.71,22.22
2018-05-11 23:00:56,37.71,2.76,312.12,11.28,15.46
2018-05-12 00:00:56,33.77,2.77,313.12,12.67,17.5
2018-05-12 01:00:56,27.75,2.35,244.63,10.59,13.89
2018-05-12 02:00:56,25.12,2.81,175.9,17.68,20.74
2018-05-12 03:00:56,27.29,2.78,228.4,11.74,14.89
2018-05-12 04:00:56,35.99,3.45,249.01,7.6,10.79
2018-05-12 05:00:56,35.7,3.62,188.26,8.98,12.06
2018-05-12 06:00:56,40.09,3.64,216.52,15.45,21.54
2018-05-12 07:00:56,18.82,3.62,207.42,12.03,15.71
2018-05-12 08:00:56,35.77,3.57,228.16,25.23,29.53
2018-05-12 09:00:56,35.37,4.0,254.66,34.5,41.65
2018-05-12 10:00:56,31.34,5.1,38.81,15.03,20.8
2018-05-12 11:00:56,30.72,10.96,49.2,16.89,22.7
2018-05-12 12:00:56,50.76,8.15,54.72,17.02,24.17
2018-05-12 13:00:56,23.62,6.33,153.45,13.11,19.02
2018-05-12 14:00:56,41.85,5.54,50.36,13.53,20.6
2018-05-12 15:00:56,32.39,4.48,88.47,8.02,13.17
2018-05-12 16:00:56,31.6,3.93,102.25,12.98,18.75
2018-05-12 17:00:56,22.01,3.1,100.46,10.9,18.16
2018-05-12 18:00:56,48.66,3.61,98.74,12.54,19.64
2018-05-12 19:00:56,32.08,6.34,114.75,17.14,25.71
2018-05-12 20:00:56,50.89,7.22,121.51,25.18,32.47
2018-05-12 21:00:56,56.32,7.45,279.34,47.78,52.81
2018-05-12 22:00:56,88.64,5.56,542.63,70.25,77.93
2018-05-12 23:00:56,77.73,5.39,461.88,58.42,69.44
2018-05-13 00:00:56,74.57,5.19,744.56,46.98,61.08
2018-05-13 01:00:56,52.92,4.44,371.7,32.92,38.78
2018-05-13 02:00:56,34.37,4.0,457.7,25.34,35.46
2018-05-13 03:00:56,37.47,4.01,252.61,9.31,13.58
2018-05-13 04:00:56,36.24,3.61,164.69,8.83,12.76
2018-05-13 05:00:56,26.97,2.97,152.99,6.39,10.42
2018-05-13 06:00:56,22.91,3.01,254.92,21.95,33.22
2018-05-13 07:00:56,35.99,3.05,277.5,22.82,31.58
2018-05-13 08:00:56,22.01,2.98,276.57,22.09,36.24
2018-05-13 09:00:56,43.3,0.0,190.81,14.58,23.3
2018-05-13 10:00:56,61.8,38.32,216.83,9.0,14.54
2018-05-13 11:00:56,51.58,14.43,273.41,3.25,7.87
2018-05-13 12:00:56,28.86,5.69,309.86,3.13,7.65
2018-05-13 13:00:56,18.44,3.76,38.13,3.77,8.86
2018-05-13 14:00:56,50.3,3.41,32.33,3.9,9.85
2018-05-13 15:00:56,38.08,2.68,33.21,3.79,8.2
2018-05-13 16:00:56,29.83,2.08,33.01,4.02,8.35
2018-05-13 17:00:56,32.6,2.27,131.88,3.63,7.92
2018-05-13 18:00:56,84.45,1.82,58.04,5.12,10.47
2018-05-13 19:00:56,41.34,1.51,153.75,5.37,10.12
2018-05-13 20:00:56,71.46,1.41,260.32,16.83,24.09
2018-05-13 21:00:56,86.06,1.69,186.87,16.97,20.18
2018-05-13 22:00:56,29.31,2.47,387.54,20.57,25.02
2018-05-13 23:00:56,27.72,2.73,212.01,30.31,36.91
2018-05-14 00:00:56,28.98,3.38,279.1,38.15,45.97
2018-05-14 01:00:56,67.29,3.95,132.96,17.82,22.32
2018-05-14 02:00:56,40.32,3.68,132.02,12.06,15.73
2018-05-14 03:00:56,41.85,3.64,53.91,5.48,8.68
2018-05-14 04:00:56,39.9,3.94,15.11,3.95,7.6
2018-05-14 05:00:56,29.3,3.82,33.93,1.87,5.15
2018-05-14 06:00:56,35.38,3.67,59.83,7.2,16.37
2018-05-14 07:00:56,39.88,3.47,116.67,3.69,9.07
2018-05-14 08:00:56,29.74,4.11,172.23,31.52,59.6
2018-05-14 09:00:56,45.45,3.49,270.42,16.92,28.93
2018-05-14 10:00:56,36.38,1.82,274.75,3.17,8.74
2018-05-14 11:00:56,23.52,0.18,289.98,0.0,0.0
2018-05-14 12:00:56,62.31,0.02,289.35,4.62,10.79
2018-05-14 13:00:56,30.77,0.0,192.55,0.0,0.0
2018-05-14 14:00:56,81.75,0.04,156.19,5.06,10.09
2018-05-14 15:00:56,53.48,0.32,209.22,5.01,9.94
2018-05-14 16:00:56,112.58,0.0,163.62,7.97,14.35
2018-05-14 17:00:56,99.52,0.0,132.34,5.67,11.37
2018-05-14 18:00:56,145.42,0.0,286.04,6.8,12.75
2018-05-14 19:00:56,112.91,0.0,230.57,8.26,14.28
2018-05-14 20:00:56,93.8,0.19,231.76,17.56,24.51
2018-05-14 21:00:56,71.42,0.48,278.17,19.71,22.93
2018-05-14 22:00:56,30.27,1.48,396.48,28.35,37.85
2018-05-14 23:00:56,131.97,2.03,540.38,26.21,32.65
2018-05-15 00:00:56,95.32,2.67,346.37,19.7,25.87
2018-05-15 01:00:56,83.33,3.45,323.89,12.05,15.87
2018-05-15 02:00:56,45.94,3.89,329.07,7.64,11.05
2018-05-15 03:00:56,54.32,4.3,267.54,7.9,11.12
2018-05-15 04:00:56,68.66,4.63,206.01,5.24,8.76
2018-05-15 05:00:56,35.06,4.77,229.14,4.96,8.14
2018-05-15 06:00:56,35.07,5.13,201.67,8.24,14.94
2018-05-15 07:00:56,21.54,5.41,269.94,17.68,33.05
2018-05-15 08:00:56,69.66,4.49,446.39,20.49,33.46
2018-05-15 09:00:56,105.69,3.59,443.1,16.92,26.21
2018-05-15 10:00:56,49.65,2.49,581.07,9.96,17.37
2018-05-15 11:00:56,43.87,1.38,562.17,9.96,16.62
2018-05-15 12:00:56,44.71,35.24,526.72,19.61,30.69
2018-05-15 13:00:56,76.89,20.65,161.38,15.88,29.53
2018-05-15 14:00:56,105.89,17.18,108.84,13.34,22.89
2018-05-15 15:00:56,75.33,16.49,163.21,15.19,21.9
2018-05-15 16:00:56,53.94,10.32,179.08,20.06,27.47
2018-05-15 17:00:56,104.97,9.13,134.08,19.1,25.81
2018-05-15 18:00:56,66.67,9.17,125.45,7.36,12.58
2018-05-15 19:00:56,81.48,6.21,116.95,5.94,11.05
2018-05-15 20:00:56,94.19,5.08,128.65,11.13,15.79
2018-05-15 21:00:56,51.13,4.66,213.01,24.02,28.0
2018-05-15 22:00:56,28.25,5.55,163.09,16.79,20.86
2018-05-15 23:00:56,51.01,5.48,115.34,12.89,17.2
2018-05-16 00:00:56,63.11,5.4,181.83,23.23,29.06
2018-05-16 01:00:56,34.58,5.11,182.03,12.22,16.67
2018-05-16 02:00:56,30.56,5.4,147.28,3.7,6.61
2018-05-16 03:00:56,23.31,5.56,94.66,7.43,10.66
2018-05-16 04:00:56,23.77,5.54,100.61,9.61,13.12
2018-05-16 05:00:56,16.92,5.78,59.74,9.11,12.28
2018-05-16 06:00:56,18.68,5.26,4.26,9.64,17.69
2018-05-16 07:00:56,14.76,5.89,17.35,5.67,11.1
2018-05-16 08:00:56,27.32,5.25,112.44,11.27,22.57
2018-05-16 09:00:56,58.63,4.31,368.4,9.24,16.06
2018-05-16 10:00:56,69.72,3.04,484.1,4.3,9.8
2018-05-16 11:00:56,17.99,1.98,335.87,4.11,9.62
2018-05-16 12:00:56,76.61,10.43,297.64,14.59,21.1
2018-05-16 13:00:56,87.94,12.71,256.89,15.84,22.74
2018-05-16 14:00:56,67.96,5.67,249.64,19.15,26.74
2018-05-16 15:00:56,49.51,2.39,271.05,19.55,27.18
2018-05-16 16:00:56,78.25,0.98,336.99,19.74,27.76
2018-05-16 17:00:56,105.87,0.96,325.09,25.72,34.87
2018-05-16 18:00:56,138.68,0.57,414.11,23.82,31.43
2018-05-16 19:00:56,75.11,1.53,377.58,27.25,34.86
2018-05-16 20:00:56,91.38,1.67,469.02,36.59,42.4
2018-05-16 21:00:56,80.63,1.27,485.95,33.01,38.12
2018-05-16 22:00:56,85.49,2.26,459.51,26.6,30.56
2018-05-16 23:00:56,56.25,3.05,358.68,22.06,26.36
2018-05-17 00:00:56,112.81,4.23,380.38,30.17,39.89
2018-05-17 01:00:56,83.86,4.22,358.97,17.74,22.19
2018-05-17 02:00:56,23.61,4.62,224.64,11.87,15.2
2018-05-17 03:00:56,41.81,4.46,195.16,8.62,11.87
2018-05-17 04:00:56,30.85,4.59,109.87,8.35,11.65
2018-05-17 05:00:56,24.37,4.91,125.26,8.61,11.61
2018-05-17 06:00:56,15.06,5.34,105.3,11.01,17.0
2018-05-17 07:00:56,10.12,4.82,113.59,8.32,16.95
2018-05-17 08:00:56,72.84,3.66,237.75,10.02,20.97
2018-05-17 09:00:56,48.43,2.53,316.71,11.73,20.56
2018-05-17 10:00:56,60.63,1.4,373.01,11.81,20.61
2018-05-17 11:00:56,48.13,0.24,262.67,6.19,11.16
2018-05-17 12:00:56,34.37,0.39,299.09,13.93,23.13
2018-05-17 13:00:56,147.29,0.12,589.92,22.35,32.4
2018-05-17 14:00:56,73.42,0.07,634.06,23.89,33.09
2018-05-17 15:00:56,102.39,0.03,527.38,27.72,36.8
2018-05-17 16:00:56,85.4,0.66,566.09,36.08,45.69
2018-05-17 17:00:56,127.68,1.28,608.83,60.51,73.19
2018-05-17 18:00:56,112.89,1.64,525.61,56.91,66.92
2018-05-17 19:00:56,158.88,2.2,574.83,64.8,76.72
2018-05-17 20:00:56,110.23,1.52,561.81,64.27,71.19
2018-05-17 21:00:56,150.48,2.58,626.29,63.84,69.76
2018-05-17 22:00:56,152.08,3.01,747.78,41.87,48.67
2018-05-17 23:00:56,127.26,2.81,667.69,24.54,29.7
2018-05-18 00:00:56,114.32,3.3,753.46,22.6,28.51
2018-05-18 01:00:56,69.32,2.89,328.1,23.94,36.7
2018-05-18 02:00:56,34.13,3.28,254.74,18.31,23.1
2018-05-18 03:00:56,49.71,3.47,263.88,19.18,23.12
2018-05-18 04:00:56,26.82,3.3,212.17,18.19,22.82
2018-05-18 05:00:56,47.8,2.76,166.33,13.1,16.62
2018-05-18 06:00:56,52.48,3.24,95.35,15.5,22.76
2018-05-18 07:00:56,55.81,3.39,174.99,25.3,48.2
2018-05-18 08:00:56,75.94,2.19,352.13,22.28,42.76
2018-05-18 09:00:56,115.32,1.11,320.23,22.21,33.85
2018-05-18 10:00:56,95.15,0.47,291.15,16.68,25.83
2018-05-18 11:00:56,99.98,0.23,326.02,26.31,38.08
2018-05-18 12:00:56,209.73,1.05,328.09,24.91,34.74
2018-05-18 13:00:56,251.41,1.18,428.58,12.47,17.85
2018-05-18 14:00:56,75.18,1.32,369.74,9.06,14.96
2018-05-18 15:00:56,53.37,0.88,359.16,9.65,15.5
2018-05-18 16:00:56,64.28,0.6,373.26,20.35,26.1
2018-05-18 17:00:56,79.41,0.84,429.82,35.56,41.49
2018-05-18 18:00:56,119.42,0.76,453.48,13.62,17.45
2018-05-18 19:00:56,50.35,1.61,418.2,4.16,7.51
2018-05-18 20:00:56,24.66,1.64,410.48,35.79,42.15
2018-05-18 21:00:56,31.28,2.28,528.56,47.22,54.46
2018-05-18 22:00:56,30.42,2.15,502.75,27.76,34.85
2018-05-18 23:00:56,23.59,2.13,553.4,27.74,36.34
2018-05-19 00:00:56,49.94,2.24,469.45,26.18,34.27
2018-05-19 01:00:56,51.29,2.98,554.42,47.2,69.28
2018-05-19 02:00:56,29.31,3.16,317.68,36.6,49.47
2018-05-19 03:00:56,24.37,2.82,178.76,12.14,15.71
2018-05-19 04:00:56,35.08,3.36,219.33,10.87,14.93
2018-05-19 05:00:56,22.71,3.22,167.74,9.96,13.45
2018-05-19 06:00:56,87.55,2.41,159.43,25.96,36.88
2018-05-19 07:00:56,42.79,2.19,356.06,17.17,34.29
2018-05-19 08:00:56,11.75,2.27,394.25,25.2,47.68
2018-05-19 09:00:56,105.34,2.02,464.85,20.71,35.17
2018-05-19 10:00:56,81.67,1.35,490.11,14.26,24.37
2018-05-19 11:00:56,38.13,1.84,308.7,7.05,14.2
2018-05-19 12:00:56,42.56,0.5,275.0,8.52,19.14
2018-05-19 13:00:56,118.81,0.0,197.81,4.31,8.84
2018-05-19 14:00:56,62.51,0.0,233.24,14.45,22.56
2018-05-19 15:00:56,133.28,0.0,318.73,30.57,40.83
2018-05-19 16:00:56,96.42,0.0,268.46,28.11,35.86
2018-05-19 17:00:56,64.9,0.14,305.66,53.62,62.45
2018-05-19 18:00:56,113.43,0.86,215.45,35.78,42.78
2018-05-19 19:00:56,59.19,1.35,332.53,36.57,43.21
2018-05-19 20:00:56,28.61,0.12,510.72,27.72,35.37
2018-05-19 21:00:56,15.07,0.33,437.74,27.51,33.47
2018-05-19 22:00:56,27.01,0.19,517.88,40.18,59.72
2018-05-19 23:00:56,52.32,1.3,582.23,40.94,65.6
2018-05-20 00:00:56,51.74,0.97,463.27,42.05,50.53
2018-05-20 01:00:56,61.87,2.33,306.58,36.95,50.89
2018-05-20 02:00:56,64.0,3.49,363.3,33.46,50.06
2018-05-20 03:00:56,59.75,4.04,195.41,22.72,30.82
2018-05-20 04:00:56,48.62,4.05,157.57,22.37,32.61
2018-05-20 05:00:56,50.0,4.23,98.96,15.9,22.32
2018-05-20 06:00:56,56.45,4.41,104.07,12.6,18.17
2018-05-20 07:00:56,37.52,4.08,100.59,7.71,17.85
2018-05-20 08:00:56,29.58,4.22,154.82,8.59,18.85
2018-05-20 09:00:56,77.94,2.95,175.34,8.67,18.35
2018-05-20 10:00:56,57.55,2.02,143.47,9.53,17.5
2018-05-20 11:00:56,77.44,2.04,217.9,23.8,36.83
2018-05-20 12:00:56,75.68,1.55,257.43,16.99,26.32
2018-05-20 13:00:56,92.26,1.33,371.82,18.92,27.5
2018-05-20 14:00:56,66.8,1.14,439.45,26.84,35.5
2018-05-20 15:00:56,69.74,1.01,408.71,9.92,16.61
2018-05-20 16:00:56,24.59,1.15,208.53,6.55,11.92
2018-05-20 17:00:56,56.0,0.43,260.2,6.95,11.9
2018-05-20 18:00:56,37.06,1.1,317.09,4.6,9.71
2018-05-20 19:00:56,27.66,1.27,282.63,5.36,11.6
2018-05-20 20:00:56,71.88,1.85,406.01,18.34,25.71
2018-05-20 21:00:56,73.24,2.81,283.73,11.13,15.27
2018-05-20 22:00:56,47.11,3.7,302.97,13.27,17.86
2018-05-20 23:00:56,45.92,3.96,434.05,29.83,36.22
2018-05-21 00:00:56,63.04,4.08,342.41,28.44,33.69
2018-05-21 01:00:56,68.79,3.77,225.93,21.01,25.15
2018-05-21 02:00:56,45.37,4.41,174.34,20.74,24.63
2018-05-21 03:00:56,52.14,4.51,153.19,11.06,14.2
2018-05-21 04:00:56,27.02,4.79,82.3,4.99,8.12
2018-05-21 05:00:56,18.12,5.23,43.42,1.37,4.36
2018-05-21 06:00:56,41.91,5.27,57.8,10.39,15.35
2018-05-21 07:00:56,57.73,4.43,97.98,19.88,27.16
2018-05-21 08:00:56,62.48,3.76,165.06,10.86,18.03
2018-05-21 09:00:56,79.68,3.35,156.11,9.59,16.32
2018-05-21 10:00:56,48.82,3.18,157.58,7.75,13.93
2018-05-21 11:00:56,43.64,20.76,93.09,7.62,14.47
2018-05-21 12:00:56,33.43,36.38,24.79,6.24,12.63
2018-05-21 13:00:56,85.07,30.54,198.16,5.64,14.0
2018-05-21 14:00:56,54.74,17.02,238.26,5.52,12.28
2018-05-21 15:00:56,42.38,29.16,233.71,7.49,14.77
2018-05-21 16:00:56,42.81,50.22,221.67,8.0,13.77
2018-05-21 17:00:56,46.65,32.79,231.67,6.13,11.53
2018-05-21 18:00:56,58.15,11.49,270.23,11.14,17.29
2018-05-21 19:00:56,73.71,6.32,292.01,12.19,18.05
2018-05-21 20:00:56,65.37,4.83,329.65,11.94,17.07
2018-05-21 21:00:56,55.73,4.44,395.29,6.23,10.3
2018-05-21 22:00:56,85.94,5.24,631.21,22.43,27.05
2018-05-21 23:00:56,71.36,6.1,420.73,14.8,18.72
2018-05-22 00:00:56,37.16,6.82,354.42,10.47,13.6
2018-05-22 01:00:56,83.13,5.12,175.42,11.61,16.97
2018-05-22 02:00:56,69.12,5.63,135.56,5.39,9.07
2018-05-22 03:00:56,47.43,5.8,218.63,6.01,11.27
2018-05-22 04:00:56,42.15,5.26,168.5,4.22,8.76
2018-05-22 05:00:56,60.92,4.95,123.82,2.59,5.59
2018-05-22 06:00:56,91.48,4.68,81.54,0.0,0.0
2018-05-22 07:00:56,40.06,4.74,112.85,3.52,7.86
2018-05-22 08:00:56,19.37,3.89,174.94,4.88,11.11
2018-05-22 09:00:56,52.27,2.64,242.79,4.31,10.55
2018-05-22 10:00:56,38.99,1.76,242.92,0.0,0.0
2018-05-22 11:00:56,45.87,1.16,237.65,5.0,10.77
2018-05-22 12:00:56,36.55,0.0,246.84,3.44,8.6
2018-05-22 13:00:56,19.02,0.71,170.62,0.0,0.0
2018-05-22 14:00:56,52.98,0.49,0.0,5.07,10.8
2018-05-22 15:00:56,70.74,0.02,274.95,10.13,17.01
2018-05-22 16:00:56,79.91,0.0,277.73,7.85,14.83
2018-05-22 17:00:56,99.48,0.24,308.87,11.24,18.83
2018-05-22 18:00:56,98.97,0.94,339.17,20.41,31.02
2018-05-22 19:00:56,91.29,12.44,198.53,17.98,25.05
2018-05-22 20:00:56,68.14,4.34,219.76,5.38,11.3
2018-05-22 21:00:56,36.67,2.22,342.63,5.07,9.63
2018-05-22 22:00:56,78.28,2.49,493.48,10.38,14.93
2018-05-22 23:00:56,85.28,3.01,477.81,21.14,26.63
2018-05-23 00:00:56,93.99,3.1,568.01,20.98,28.36
2018-05-23 01:00:56,59.2,4.23,355.18,13.61,18.86
2018-05-23 02:00:56,36.17,4.91,287.43,15.5,19.68
2018-05-23 03:00:56,22.12,5.06,296.32,12.47,15.99
2018-05-23 04:00:56,27.26,5.05,229.08,6.48,10.25
2018-05-23 05:00:56,25.26,5.09,200.0,12.47,21.4
2018-05-23 06:00:56,0.0,0.0,0.0,0.0,0.0
2018-05-23 07:00:56,0.0,0.0,0.0,0.0,0.0
2018-05-23 08:00:56,233.06,15.81,73.69,7.75,15.92
2018-05-23 09:00:56,155.71,21.88,3.46,14.23,29.3
2018-05-23 10:00:56,91.15,27.23,4.91,11.9,23.64
2018-05-23 11:00:56,100.71,43.92,3.84,11.84,22.33
2018-05-23 12:00:56,39.44,28.22,0.0,10.63,21.12
2018-05-23 13:00:56,71.49,23.47,243.85,4.0,9.59
2018-05-23 14:00:56,53.66,22.54,158.43,4.43,10.18
2018-05-23 15:00:56,53.97,22.8,192.89,4.81,10.32
2018-05-23 16:00:56,52.2,39.68,300.03,4.71,10.74
2018-05-23 17:00:56,82.53,77.29,282.73,6.85,13.33
2018-05-23 18:00:56,94.41,53.19,277.6,12.01,20.64
2018-05-23 19:00:56,79.06,58.63,277.03,11.45,17.02
2018-05-23 20:00:56,71.75,33.53,341.63,13.68,17.96
2018-05-23 21:00:56,47.63,27.07,420.37,7.53,10.8
2018-05-23 22:00:56,46.19,24.7,599.46,16.92,21.31
2018-05-23 23:00:56,81.59,24.18,586.41,14.73,19.22
2018-05-24 00:00:56,70.17,25.08,543.31,18.23,24.54
2018-05-24 01:00:56,32.78,11.84,320.16,27.92,33.67
2018-05-24 02:00:56,56.84,7.62,216.45,15.64,19.43
2018-05-24 03:00:56,39.79,7.36,215.9,11.69,14.86
2018-05-24 04:00:56,66.14,6.47,193.92,9.21,13.46
2018-05-24 05:00:56,60.56,6.48,194.3,6.98,10.9
2018-05-24 06:00:56,33.32,6.78,125.87,6.73,10.11
2018-05-24 07:00:56,17.44,5.96,100.77,4.2,8.9
2018-05-24 08:00:56,25.88,4.66,190.89,7.8,16.42
2018-05-24 09:00:56,103.99,3.54,306.99,14.66,28.74
2018-05-24 10:00:56,154.48,51.48,302.35,10.95,21.09
2018-05-24 11:00:56,121.65,71.32,288.73,11.29,20.13
2018-05-24 12:00:56,82.13,73.92,186.47,11.43,18.5
2018-05-24 13:00:56,100.97,46.82,161.36,8.52,14.36
2018-05-24 14:00:56,47.19,17.81,200.66,7.67,13.12
2018-05-24 15:00:56,41.62,16.42,180.35,8.64,14.35
2018-05-24 16:00:56,36.01,30.58,144.46,8.73,15.02
2018-05-24 17:00:56,50.83,35.35,161.92,10.53,16.54
2018-05-24 18:00:56,61.73,16.01,126.9,12.3,17.78
2018-05-24 19:00:56,76.06,26.65,189.55,19.72,27.36
2018-05-24 20:00:56,72.35,18.84,209.69,19.97,23.89
2018-05-24 21:00:56,54.01,10.54,276.47,15.84,19.02
2018-05-24 22:00:56,48.6,9.15,388.73,26.61,32.01
2018-05-24 23:00:56,158.97,8.6,443.4,18.82,23.27
2018-05-25 00:00:56,101.28,8.2,406.88,28.01,32.02
2018-05-25 01:00:56,71.28,7.1,335.78,26.63,30.41
2018-05-25 02:00:56,37.95,5.79,251.39,16.14,20.96
2018-05-25 03:00:56,41.06,5.12,255.07,13.12,16.09
2018-05-25 04:00:56,26.8,4.84,262.2,7.56,10.78
2018-05-25 05:00:56,36.97,4.41,229.74,2.47,5.54
2018-05-25 06:00:56,25.4,4.21,243.14,3.62,7.09
2018-05-25 07:00:56,49.87,3.75,228.26,5.32,10.49
2018-05-25 08:00:56,47.11,2.92,327.41,0.0,0.0
2018-05-25 09:00:56,60.57,2.14,317.49,9.2,21.64
2018-05-25 10:00:56,85.32,0.6,287.92,5.91,11.41
2018-05-25 11:00:56,68.11,0.2,225.65,7.11,13.53
2018-05-25 12:00:56,105.54,0.02,226.16,9.34,15.6
2018-05-25 13:00:56,57.92,18.75,244.19,5.96,11.47
2018-05-25 14:00:56,21.8,21.68,271.54,6.84,13.82
2018-05-25 15:00:56,46.11,9.53,290.53,7.96,14.84
2018-05-25 16:00:56,35.48,4.97,272.67,8.63,15.05
2018-05-25 17:00:56,64.54,2.96,282.76,10.53,16.61
2018-05-25 18:00:56,68.88,1.74,379.9,11.76,18.38
2018-05-25 19:00:56,58.56,1.15,308.19,10.19,15.72
2018-05-25 20:00:56,30.89,1.02,373.67,10.99,16.02
2018-05-25 21:00:56,20.54,0.58,401.33,6.21,10.46
2018-05-25 22:00:56,8.99,0.4,481.1,12.57,17.3
2018-05-25 23:00:56,11.56,0.59,481.63,17.63,21.99
2018-05-26 00:00:56,33.82,0.14,487.49,19.36,23.5
2018-05-26 01:00:56,65.46,2.02,294.16,15.46,19.33
2018-05-26 02:00:56,18.21,3.13,337.09,6.8,9.78
2018-05-26 03:00:56,17.82,2.87,330.27,6.39,11.09
2018-05-26 04:00:56,28.85,3.29,274.35,1.96,4.69
2018-05-26 05:00:56,16.56,3.42,305.31,0.0,0.0
2018-05-26 06:00:56,15.25,3.47,321.25,5.33,9.59
2018-05-26 07:00:56,28.71,3.75,324.88,4.8,8.54
2018-05-26 08:00:56,48.93,3.74,327.27,7.35,13.76
2018-05-26 09:00:56,63.29,3.53,274.7,0.0,0.0
2018-05-26 10:00:56,38.27,2.74,343.04,0.0,0.0
2018-05-26 11:00:56,27.2,2.33,277.5,4.52,10.31
2018-05-26 12:00:56,54.21,2.39,216.95,6.92,12.94
2018-05-26 13:00:56,55.66,1.95,208.63,9.68,16.37
2018-05-26 14:00:56,31.65,1.99,242.19,8.19,13.92
2018-05-26 15:00:56,19.03,1.9,274.98,5.63,11.07
2018-05-26 16:00:56,15.89,2.29,292.58,7.5,12.81
2018-05-26 17:00:56,31.99,2.85,270.07,8.86,15.61
2018-05-26 18:00:56,46.09,2.86,347.54,11.15,18.76
2018-05-26 19:00:56,23.6,2.43,409.87,13.49,22.66
2018-05-26 20:00:56,26.67,2.46,354.15,17.83,27.24
2018-05-26 21:00:56,30.24,2.92,457.29,14.59,18.75
2018-05-26 22:00:56,49.68,2.91,430.54,20.44,23.98
2018-05-26 23:00:56,28.62,2.84,429.1,17.4,23.21
2018-05-27 00:00:56,28.51,2.07,464.44,19.43,24.72
2018-05-27 01:00:56,16.56,3.23,744.88,32.24,63.03
2018-05-27 02:00:56,87.64,2.82,484.28,18.86,25.34
2018-05-27 03:00:56,29.08,3.27,393.12,22.06,27.42
2018-05-27 04:00:56,87.46,2.77,397.66,22.21,26.66
2018-05-27 05:00:56,45.51,3.3,385.39,18.15,21.34
2018-05-27 06:00:56,34.83,3.16,338.54,6.61,10.85
2018-05-27 07:00:56,15.34,2.36,328.82,5.32,8.61
2018-05-27 08:00:56,16.98,2.69,338.91,6.24,10.83
2018-05-27 09:00:56,22.74,2.12,308.71,4.48,9.63
2018-05-27 10:00:56,43.9,1.67,323.61,4.22,10.06
2018-05-27 11:00:56,32.32,1.94,296.7,0.0,0.0
2018-05-27 12:00:56,41.9,1.49,271.01,0.0,0.0
2018-05-27 13:00:56,39.42,1.64,258.95,0.0,0.0
2018-05-27 14:00:56,32.89,1.13,284.28,0.0,0.0
2018-05-27 15:00:56,24.29,1.04,278.52,2.67,7.86
2018-05-27 16:00:56,58.16,0.88,377.47,4.07,8.99
2018-05-27 17:00:56,45.2,0.66,406.38,7.48,12.03
2018-05-27 18:00:56,20.64,1.56,479.46,8.26,15.71
2018-05-27 19:00:56,17.34,1.76,489.79,7.31,12.28
2018-05-27 20:00:56,34.86,2.01,624.19,22.11,31.01
2018-05-27 21:00:56,47.63,2.18,503.24,19.52,24.61
2018-05-27 22:00:56,22.09,2.6,512.37,22.83,27.92
2018-05-27 23:00:56,60.26,3.06,488.28,19.28,23.86
2018-05-28 00:00:56,38.1,3.21,462.18,20.61,25.3
2018-05-28 01:00:56,72.47,2.4,432.16,12.95,16.91
2018-05-28 02:00:56,64.48,1.82,427.35,8.35,12.75
2018-05-28 03:00:56,61.54,1.93,397.53,8.2,12.45
2018-05-28 04:00:56,31.19,2.28,369.3,22.88,31.17
2018-05-28 05:00:56,29.22,1.92,447.42,8.15,15.8
2018-05-28 06:00:56,69.27,1.91,247.17,8.35,16.96
2018-05-28 07:00:56,38.77,2.19,287.24,9.34,17.65
2018-05-28 08:00:56,25.37,2.28,437.42,17.97,31.49
2018-05-28 09:00:56,20.03,1.98,379.43,11.65,24.45
2018-05-28 10:00:56,41.3,1.06,321.26,10.94,20.03
2018-05-28 11:00:56,47.22,0.34,261.69,5.4,11.64
2018-05-28 12:00:56,78.7,0.57,290.01,7.13,14.35
2018-05-28 13:00:56,88.16,0.06,275.01,3.58,10.76
2018-05-28 14:00:56,31.5,0.12,305.49,3.57,9.87
2018-05-28 15:00:56,24.79,0.03,280.01,4.11,11.05
2018-05-28 16:00:56,29.12,0.41,299.63,6.02,14.9
2018-05-28 17:00:56,16.47,0.12,325.41,5.52,14.2
2018-05-28 18:00:56,13.99,0.72,298.28,11.55,20.56
2018-05-28 19:00:56,31.93,0.36,318.74,7.85,14.98
2018-05-28 20:00:56,79.09,0.52,359.07,7.18,12.98
2018-05-28 21:00:56,40.48,1.22,388.84,4.31,8.14
2018-05-28 22:00:56,23.98,1.45,378.44,7.28,11.92
2018-05-28 23:00:56,35.39,1.39,344.85,7.26,11.97
2018-05-29 00:00:56,32.16,1.39,346.32,6.54,12.37
2018-05-29 01:00:56,35.65,1.64,236.82,5.76,9.99
2018-05-29 02:00:56,32.18,1.31,286.29,3.53,6.72
2018-05-29 03:00:56,30.83,0.56,300.92,4.08,6.98
2018-05-29 04:00:56,31.99,0.76,307.7,0.0,0.0
2018-05-29 05:00:56,11.72,1.06,304.76,0.0,0.0
2018-05-29 06:00:56,34.61,1.4,286.66,5.42,8.85
2018-05-29 07:00:56,20.78,1.16,303.35,12.52,19.52
2018-05-29 08:00:56,35.91,1.13,329.77,9.36,18.34
2018-05-29 09:00:56,40.45,0.85,315.49,12.72,21.52
2018-05-29 10:00:56,36.39,0.95,271.49,11.34,20.23
2018-05-29 11:00:56,27.57,0.62,272.12,18.83,35.74
2018-05-29 12:00:56,35.37,0.83,303.06,11.25,22.78
2018-05-29 13:00:56,26.31,0.18,356.37,7.18,13.83
2018-05-29 14:00:56,78.09,0.64,378.12,5.75,12.24
2018-05-29 15:00:56,98.97,0.09,559.07,9.98,17.4
2018-05-29 16:00:56,42.33,0.07,487.57,9.71,16.47
2018-05-29 17:00:56,96.89,0.02,424.12,11.63,19.11
2018-05-29 18:00:56,57.19,0.08,371.11,9.98,15.77
2018-05-29 19:00:56,51.43,0.07,376.96,13.61,19.95
2018-05-29 20:00:56,70.41,0.01,400.33,8.35,13.46
2018-05-29 21:00:56,39.49,0.0,361.2,3.21,7.06
2018-05-29 22:00:56,45.46,0.0,440.33,11.05,15.51
2018-05-29 23:00:56,20.6,0.0,421.66,11.63,15.33
2018-05-30 00:00:56,29.99,0.07,394.01,7.91,12.49
2018-05-30 01:00:56,36.33,1.74,334.55,10.85,13.99
2018-05-30 02:00:56,21.88,2.28,335.59,4.49,7.58
2018-05-30 03:00:56,32.0,2.71,327.13,2.68,5.91
2018-05-30 04:00:56,20.88,3.04,372.58,2.6,5.43
2018-05-30 05:00:56,11.24,2.77,311.78,3.95,6.89
2018-05-30 06:00:56,29.86,3.4,323.49,9.09,12.45
2018-05-30 07:00:56,82.59,3.01,352.33,23.04,29.98
2018-05-30 08:00:56,49.9,2.52,365.83,25.42,31.7
2018-05-30 09:00:56,41.8,1.83,385.58,31.14,38.98
2018-05-30 10:00:56,67.38,1.92,373.19,28.57,35.67
2018-05-30 11:00:56,92.49,2.08,572.09,22.3,29.06
2018-05-30 12:00:56,60.42,1.99,443.85,15.62,22.02
2018-05-30 13:00:56,55.66,2.04,362.02,12.43,19.45
2018-05-30 14:00:56,76.8,1.73,410.46,14.85,22.21
2018-05-30 15:00:56,60.86,1.71,400.29,12.97,20.58
2018-05-30 16:00:56,25.95,1.71,411.46,11.75,18.31
2018-05-30 17:00:56,77.03,1.01,380.89,15.41,22.03
2018-05-30 18:00:56,41.91,1.84,329.5,15.05,22.96
2018-05-30 19:00:56,41.92,2.52,313.39,19.53,27.01
2018-05-30 20:00:56,29.42,3.24,274.69,17.09,22.55
2018-05-30 21:00:56,64.02,3.28,340.14,17.11,21.0
2018-05-30 22:00:56,97.1,3.41,361.95,19.66,23.91
2018-05-30 23:00:56,45.35,3.28,363.29,30.98,36.9
2018-05-31 00:00:56,58.33,3.15,384.27,27.01,32.17
2018-05-31 01:00:56,65.25,3.27,283.31,27.32,33.48
2018-05-31 02:00:56,43.9,3.54,186.0,18.0,21.68
2018-05-31 03:00:56,61.28,3.17,187.46,8.55,11.7
2018-05-31 04:00:56,43.51,2.8,240.91,3.35,6.27
2018-05-31 05:00:56,30.52,2.7,190.42,2.56,5.71
2018-05-31 06:00:56,16.32,2.69,277.34,4.64,9.09
2018-05-31 07:00:56,19.87,2.8,168.67,7.46,12.08
2018-05-31 08:00:56,38.08,3.01,291.88,14.79,23.43
2018-05-31 09:00:56,50.64,2.37,332.54,18.68,26.94
2018-05-31 10:00:56,25.59,2.07,314.88,17.29,24.09
2018-05-31 11:00:56,19.63,1.59,205.53,10.11,16.0
2018-05-31 12:00:56,27.82,1.62,204.48,14.26,21.26
2018-05-31 13:00:56,50.85,2.0,192.58,13.88,21.16
2018-05-31 14:00:56,45.34,1.76,201.3,12.35,19.76
2018-05-31 15:00:56,60.24,1.69,224.23,4.78,8.85
2018-05-31 16:00:56,36.18,1.52,243.14,6.39,11.66
2018-05-31 17:00:56,28.81,1.75,204.96,5.67,11.12
2018-05-31 18:00:56,48.3,1.99,385.65,12.41,18.32
2018-05-31 19:00:56,42.82,1.82,268.0,13.61,19.96
2018-05-31 20:00:56,68.94,1.82,252.49,11.51,16.24
2018-05-31 21:00:56,58.65,2.25,221.39,8.1,12.16
2018-05-31 22:00:56,26.8,2.39,316.95,16.14,22.22
2018-05-31 23:00:56,48.82,3.09,328.04,22.63,26.68
2018-06-01 00:00:56,23.56,3.35,302.56,17.97,21.38
2018-06-01 01:00:56,39.38,2.87,210.79,26.58,35.08
2018-06-01 02:00:56,30.52,2.45,202.02,12.71,16.21
2018-06-01 03:00:56,34.97,1.84,152.28,2.26,5.32
2018-06-01 04:00:56,22.31,2.07,172.37,3.13,6.06
2018-06-01 05:00:56,24.53,2.25,195.78,7.87,10.97
2018-06-01 06:00:56,25.71,2.26,197.69,4.03,7.14
2018-06-01 07:00:56,31.13,1.88,256.16,10.62,14.75
2018-06-01 08:00:56,15.68,1.61,300.85,21.95,30.65
2018-06-01 09:00:56,35.74,1.78,264.3,16.99,25.32
2018-06-01 10:00:56,40.82,1.69,178.98,9.63,14.29
2018-06-01 11:00:56,31.72,2.87,103.62,11.96,16.4
2018-06-01 12:00:56,34.75,3.27,75.17,9.07,15.04
2018-06-01 13:00:56,31.98,16.39,171.87,9.5,14.66
2018-06-01 14:00:56,33.93,26.84,89.3,11.27,16.85
2018-06-01 15:00:56,85.36,63.28,63.01,11.0,16.73
2018-06-01 16:00:56,66.75,62.88,80.42,10.37,18.12
2018-06-01 17:00:56,52.01,24.88,60.5,9.56,15.26
2018-06-01 18:00:56,53.61,8.68,131.02,10.55,16.88
2018-06-01 19:00:56,46.41,2.47,197.56,6.17,10.92
2018-06-01 20:00:56,55.22,1.52,282.4,13.9,18.9
2018-06-01 21:00:56,29.66,1.0,407.81,11.21,15.32
2018-06-01 22:00:56,77.39,1.13,463.6,22.94,26.41
2018-06-01 23:00:56,82.52,2.5,415.72,18.06,21.47
2018-06-02 00:00:56,36.14,3.33,431.06,26.15,31.03
2018-06-02 01:00:56,39.24,3.6,317.47,18.43,22.13
2018-06-02 02:00:56,40.16,4.38,346.65,20.17,26.06
2018-06-02 03:00:56,56.43,4.9,284.8,7.56,10.61
2018-06-02 04:00:56,68.86,4.08,235.9,8.03,11.01
2018-06-02 05:00:56,35.83,3.87,278.66,9.65,12.58
2018-06-02 06:00:56,49.53,3.61,261.75,9.41,12.45
2018-06-02 07:00:56,39.25,4.1,233.97,10.19,13.87
2018-06-02 08:00:56,105.9,3.51,314.4,10.59,15.91
2018-06-02 09:00:56,82.26,2.56,355.33,18.84,25.68
2018-06-02 10:00:56,101.56,2.41,330.95,20.36,27.59
2018-06-02 11:00:56,69.05,1.99,319.44,13.61,21.85
2018-06-02 12:00:56,70.77,2.31,280.3,10.07,16.97
2018-06-02 13:00:56,34.03,2.22,116.49,6.26,13.68
2018-06-02 14:00:56,34.86,1.47,99.59,3.42,8.07
2018-06-02 15:00:56,59.15,1.93,78.33,4.31,9.45
2018-06-02 16:00:56,91.44,1.19,48.19,4.19,8.82
2018-06-02 17:00:56,38.77,1.33,116.59,5.11,9.65
2018-06-02 18:00:56,34.78,1.74,31.02,5.66,10.42
2018-06-02 19:00:56,22.17,2.22,23.89,7.67,12.52
2018-06-02 20:00:56,45.78,2.9,96.93,23.25,29.14
2018-06-02 21:00:56,71.73,3.38,202.61,15.81,19.43
2018-06-02 22:00:56,94.86,4.34,149.77,23.51,28.1
2018-06-02 23:00:56,54.71,4.2,176.42,24.43,28.47
2018-06-03 00:00:56,72.01,4.67,215.5,35.71,42.04
2018-06-03 01:00:56,53.12,3.9,226.81,20.39,25.99
2018-06-03 02:00:56,46.24,4.13,253.19,16.4,20.67
2018-06-03 03:00:56,30.38,4.52,152.62,10.05,13.83
2018-06-03 04:00:56,24.7,4.16,107.53,5.13,8.38
2018-06-03 05:00:56,40.95,4.3,56.98,34.04,41.4
2018-06-03 06:00:56,34.16,4.22,39.73,21.0,25.43
2018-06-03 07:00:56,13.18,4.61,6.9,3.91,9.1
2018-06-03 08:00:56,19.99,3.9,142.36,3.63,8.23
2018-06-03 09:00:56,40.73,2.17,131.95,5.47,10.17
2018-06-03 10:00:56,75.84,5.76,201.99,15.96,22.02
2018-06-03 11:00:56,73.5,101.81,175.55,10.08,14.94
2018-06-03 12:00:56,50.37,77.68,114.03,6.98,11.61
2018-06-03 13:00:56,72.2,40.45,172.91,5.7,9.78
2018-06-03 14:00:56,73.07,29.94,182.87,6.63,11.46
2018-06-03 15:00:56,37.27,9.26,146.52,5.66,9.88
2018-06-03 16:00:56,30.17,3.85,104.21,5.94,10.32
2018-06-03 17:00:56,21.63,3.5,155.36,6.05,10.19
2018-06-03 18:00:56,24.11,2.83,173.91,9.72,14.83
2018-06-03 19:00:56,63.54,2.0,216.65,7.72,12.07
2018-06-03 20:00:56,30.0,2.4,311.18,11.25,17.09
2018-06-03 21:00:56,18.37,2.4,386.74,10.43,14.17
2018-06-03 22:00:56,25.09,3.28,429.0,17.76,20.8
2018-06-03 23:00:56,12.49,4.17,367.6,22.29,25.22
2018-06-04 00:00:56,27.95,4.64,462.4,27.87,33.35
2018-06-04 01:00:56,59.16,4.15,1413.82,14.97,18.97
2018-06-04 02:00:56,41.79,5.15,1366.43,12.86,17.49
2018-06-04 03:00:56,27.38,4.87,1380.24,5.11,8.57
2018-06-04 04:00:56,24.84,4.83,1285.64,12.49,15.69
2018-06-04 05:00:56,24.2,4.36,1304.16,12.45,15.6
2018-06-04 06:00:56,40.61,5.15,1323.87,8.13,13.49
2018-06-04 07:00:56,31.75,5.33,1343.9,17.96,25.22
2018-06-04 08:00:56,27.88,4.26,1502.64,23.5,32.85
2018-06-04 09:00:56,81.21,2.1,1630.96,8.98,15.89
2018-06-04 10:00:56,44.45,1.8,1606.73,9.08,16.13
2018-06-04 11:00:56,41.81,2.27,1577.55,10.96,17.56
2018-06-04 12:00:56,50.51,35.87,1434.65,12.54,20.88
2018-06-04 13:00:56,36.42,108.06,85.89,12.32,18.61
2018-06-04 14:00:56,69.86,33.58,108.5,8.13,13.14
2018-06-04 15:00:56,53.05,34.6,160.37,8.31,13.8
2018-06-04 16:00:56,75.22,19.39,171.9,6.58,11.93
2018-06-04 17:00:56,55.92,7.34,196.53,9.22,15.49
2018-06-04 18:00:56,87.35,4.71,239.62,10.6,16.2
2018-06-04 19:00:56,36.84,3.03,249.45,10.76,16.52
2018-06-04 20:00:56,12.94,2.26,261.39,14.27,18.39
2018-06-04 21:00:56,20.49,2.3,369.65,13.44,17.01
2018-06-04 22:00:56,98.29,2.69,475.86,27.26,31.9
2018-06-04 23:00:56,50.36,3.32,444.97,20.55,23.51
2018-06-05 00:00:56,55.78,3.62,504.78,30.83,35.71
2018-06-05 01:00:56,60.64,4.74,217.25,18.85,23.77
2018-06-05 02:00:56,48.86,5.57,249.03,12.68,18.07
2018-06-05 03:00:56,40.39,5.79,135.25,8.79,15.79
2018-06-05 04:00:56,17.75,6.09,90.54,4.33,7.43
2018-06-05 05:00:56,13.72,5.81,118.08,20.95,24.78
2018-06-05 06:00:56,27.57,5.73,81.86,10.42,21.09
2018-06-05 07:00:56,25.11,5.47,64.73,6.14,12.37
2018-06-05 08:00:56,43.1,4.84,178.06,7.82,14.47
2018-06-05 09:00:56,38.83,4.12,338.64,8.6,15.17
2018-06-05 10:00:56,40.54,5.33,274.7,10.8,16.83
2018-06-05 11:00:56,35.58,4.53,239.82,4.26,8.62
2018-06-05 12:00:56,48.63,0.0,240.98,11.52,21.24
2018-06-05 13:00:56,33.47,2.05,312.42,0.0,0.0
2018-06-05 14:00:56,79.59,1.45,0.0,7.87,13.14
2018-06-05 15:00:56,42.25,3.88,354.09,9.2,14.94
2018-06-05 16:00:56,30.65,9.48,318.41,9.39,15.32
2018-06-05 17:00:56,79.89,5.98,324.92,12.51,18.24
2018-06-05 18:00:56,55.58,4.34,331.83,17.0,22.64
2018-06-05 19:00:56,51.11,3.5,372.41,32.1,43.17
2018-06-05 20:00:56,49.88,3.2,403.43,29.23,37.72
2018-06-05 21:00:56,51.33,2.96,436.74,28.8,33.1
2018-06-05 22:00:56,82.3,3.18,719.79,28.02,33.67
2018-06-05 23:00:56,105.5,4.38,608.57,34.23,43.56
2018-06-06 00:00:56,119.22,4.68,692.43,42.12,58.75
2018-06-06 01:00:56,90.19,4.64,221.79,26.34,35.72
2018-06-06 02:00:56,56.93,4.62,182.97,41.19,50.52
2018-06-06 03:00:56,29.03,4.11,164.82,16.82,20.21
2018-06-06 04:00:56,18.19,4.77,115.2,10.29,14.94
2018-06-06 05:00:56,40.23,4.47,42.37,15.97,20.2
2018-06-06 06:00:56,27.68,4.36,40.18,12.91,17.68
2018-06-06 07:00:56,35.65,4.34,53.43,7.28,11.57
2018-06-06 08:00:56,35.86,3.16,132.82,10.84,17.18
2018-06-06 09:00:56,39.81,5.34,210.42,22.2,30.08
2018-06-06 10:00:56,50.91,4.02,90.19,12.13,18.37
2018-06-06 11:00:56,29.69,2.31,2.9,6.52,10.43
2018-06-06 12:00:56,19.26,1.18,58.56,10.37,15.18
2018-06-06 13:00:56,87.35,22.1,265.55,9.47,14.15
2018-06-06 14:00:56,76.96,38.71,292.26,13.0,18.3
2018-06-06 15:00:56,120.22,16.57,372.63,15.5,21.51
2018-06-06 16:00:56,95.72,7.22,377.5,16.66,21.91
2018-06-06 17:00:56,65.79,3.51,414.43,15.65,21.87
2018-06-06 18:00:56,42.8,3.68,501.1,19.28,24.3
2018-06-06 19:00:56,37.64,3.91,450.43,12.48,16.74
2018-06-06 20:00:56,63.16,4.42,432.48,24.3,29.81
2018-06-06 21:00:56,75.66,6.33,519.48,16.86,21.0
2018-06-06 22:00:56,85.25,4.86,845.86,26.01,32.21
2018-06-06 23:00:56,55.91,3.26,1088.64,62.53,69.52
2018-06-07 00:00:56,94.65,3.19,927.05,38.36,45.88
2018-06-07 01:00:56,71.92,3.91,483.77,36.6,43.91
2018-06-07 02:00:56,67.15,4.69,358.54,19.58,23.93
2018-06-07 03:00:56,33.65,4.6,274.88,28.27,32.39
2018-06-07 04:00:56,47.31,4.59,309.21,39.97,43.98
2018-06-07 05:00:56,37.64,4.01,222.8,9.64,12.81
2018-06-07 06:00:56,32.03,4.59,231.55,22.54,29.64
2018-06-07 07:00:56,20.52,4.41,227.11,14.14,19.88
2018-06-07 08:00:56,28.87,3.23,339.01,32.61,42.87
2018-06-07 09:00:56,50.43,2.42,403.4,20.95,29.11
2018-06-07 10:00:56,56.42,2.49,310.49,10.2,20.51
2018-06-07 11:00:56,46.41,3.02,215.2,5.16,10.71
2018-06-07 12:00:56,73.57,1.46,262.78,10.7,16.93
2018-06-07 13:00:56,54.56,1.04,187.91,8.7,13.44
2018-06-07 14:00:56,30.89,0.95,229.25,8.2,13.08
2018-06-07 15:00:56,39.21,0.73,218.15,7.06,11.77
2018-06-07 16:00:56,33.11,0.35,171.88,3.91,7.74
2018-06-07 17:00:56,24.62,0.54,174.85,3.5,7.69
2018-06-07 18:00:56,27.09,0.75,173.52,5.89,10.43
2018-06-07 19:00:56,80.51,1.54,249.97,28.87,34.16
2018-06-07 20:00:56,79.16,2.22,268.94,22.29,25.69
2018-06-07 21:00:56,29.93,3.21,256.44,19.2,23.25
2018-06-07 22:00:56,64.47,2.5,529.57,38.65,43.37
2018-06-07 23:00:56,61.49,1.72,623.57,23.63,29.16
2018-06-08 00:00:56,44.43,2.45,548.04,40.61,51.26
2018-06-08 01:00:56,86.77,2.7,328.25,25.22,30.02
2018-06-08 02:00:56,49.1,3.24,221.78,8.69,11.92
2018-06-08 03:00:56,45.63,4.4,202.37,5.68,9.07
2018-06-08 04:00:56,19.04,5.87,189.19,12.45,16.16
2018-06-08 05:00:56,72.28,6.4,132.2,8.82,11.72
2018-06-08 06:00:56,36.54,6.71,148.4,11.98,17.51
2018-06-08 07:00:56,50.33,6.14,225.79,8.25,12.69
2018-06-08 08:00:56,32.32,4.91,388.94,18.64,28.62
2018-06-08 09:00:56,86.75,10.83,353.11,20.23,32.33
2018-06-08 10:00:56,51.67,0.0,291.67,31.45,51.36
2018-06-08 11:00:56,33.13,67.56,0.0,46.33,59.25
2018-06-08 12:00:56,0.0,0.0,0.0,37.48,56.32
2018-06-08 13:00:56,0.0,0.0,0.0,0.0,0.0
2018-06-08 14:00:56,0.0,0.0,0.0,5.61,12.19
2018-06-08 15:00:56,0.0,6.72,0.0,6.63,12.91
2018-06-08 16:00:56,0.0,0.0,0.0,0.0,0.0
2018-06-08 17:00:56,0.0,0.0,0.0,0.0,0.0
2018-06-08 18:00:56,55.99,0.0,344.57,13.69,21.57
2018-06-08 19:00:56,43.29,2.96,733.45,11.04,19.74
2018-06-08 20:00:56,28.79,3.19,846.02,11.53,17.36
2018-06-08 21:00:56,20.36,3.04,847.59,10.66,16.43
2018-06-08 22:00:56,31.23,3.75,996.14,22.28,28.96
2018-06-08 23:00:56,23.07,3.97,904.04,16.55,22.33
2018-06-09 00:00:56,20.94,3.98,986.02,17.27,24.5
2018-06-09 01:00:56,35.08,3.28,376.47,15.05,19.7
2018-06-09 02:00:56,18.93,2.61,402.06,6.34,12.19
2018-06-09 03:00:56,43.15,2.4,432.22,3.01,6.88
2018-06-09 04:00:56,22.82,2.7,289.77,0.0,0.0
2018-06-09 05:00:56,29.85,3.23,220.53,0.0,0.0
2018-06-09 06:00:56,48.36,3.47,281.12,0.0,0.0
2018-06-09 07:00:56,56.25,3.85,364.86,27.47,36.56
2018-06-09 08:00:56,75.74,3.47,305.89,22.6,31.41
2018-06-09 09:00:56,79.57,3.06,362.92,8.46,16.49
2018-06-09 10:00:56,55.31,1.36,345.5,6.08,13.09
2018-06-09 11:00:56,33.25,0.87,387.01,12.94,23.77
2018-06-09 12:00:56,102.02,0.66,349.53,11.65,22.91
2018-06-09 13:00:56,49.64,1.38,276.91,6.17,13.53
2018-06-09 14:00:56,45.25,4.39,286.54,7.81,16.19
2018-06-09 15:00:56,45.92,8.11,241.43,9.58,17.78
2018-06-09 16:00:56,66.23,5.41,250.52,10.35,19.04
2018-06-09 17:00:56,62.32,4.06,239.27,8.8,16.79
2018-06-09 18:00:56,34.52,3.67,271.44,10.47,17.97
2018-06-09 19:00:56,59.38,3.11,349.48,13.61,22.68
2018-06-09 20:00:56,62.57,2.97,348.02,19.2,25.82
2018-06-09 21:00:56,42.48,3.62,237.34,9.06,14.64
2018-06-09 22:00:56,22.84,4.07,319.04,16.91,23.14
2018-06-09 23:00:56,58.9,3.33,364.26,15.96,21.84
2018-06-10 00:00:56,32.1,3.29,333.28,16.2,21.06
2018-06-10 01:00:56,64.64,2.66,462.33,20.25,24.6
2018-06-10 02:00:56,59.69,2.15,507.77,8.84,13.37
2018-06-10 03:00:56,61.06,1.87,523.7,8.27,13.46
2018-06-10 04:00:56,53.93,2.89,366.41,5.52,9.7
2018-06-10 05:00:56,25.5,2.75,320.45,5.49,9.86
2018-06-10 06:00:56,24.45,2.93,309.27,5.78,9.88
2018-06-10 07:00:56,30.96,2.66,354.55,0.0,0.0
2018-06-10 08:00:56,24.85,2.24,329.48,0.0,0.0
2018-06-10 09:00:56,11.6,1.18,367.56,0.0,0.0
2018-06-10 10:00:56,10.96,0.53,373.98,0.0,0.0
2018-06-10 11:00:56,12.39,0.88,332.29,0.0,0.0
2018-06-10 12:00:56,12.0,2.44,336.72,6.01,13.33
2018-06-10 13:00:56,33.14,1.88,252.3,6.27,14.48
2018-06-10 14:00:56,22.37,2.78,299.8,6.0,13.06
2018-06-10 15:00:56,26.39,2.57,379.71,6.34,13.29
2018-06-10 16:00:56,71.78,2.44,363.02,7.09,13.3
2018-06-10 17:00:56,70.35,2.39,409.37,12.38,19.22
2018-06-10 18:00:56,27.39,2.79,398.46,12.79,20.96
2018-06-10 19:00:56,54.88,2.6,393.9,10.42,17.25
2018-06-10 20:00:56,59.67,3.06,389.79,16.48,24.24
2018-06-10 21:00:56,38.57,3.64,337.22,10.24,14.65
2018-06-10 22:00:56,56.02,3.58,561.69,28.92,35.06
2018-06-10 23:00:56,46.6,3.32,533.96,43.97,52.52
2018-06-11 00:00:56,82.82,2.79,524.38,28.94,35.51
2018-06-11 01:00:56,127.12,2.47,457.31,29.31,35.01
2018-06-11 02:00:56,75.55,1.53,500.54,17.7,22.85
2018-06-11 03:00:56,21.88,1.89,451.07,9.28,13.21
2018-06-11 04:00:56,37.48,1.7,288.86,7.35,11.29
2018-06-11 05:00:56,35.93,1.91,236.93,5.4,8.98
2018-06-11 06:00:56,52.71,1.83,241.86,10.46,16.63
2018-06-11 07:00:56,55.49,1.66,227.51,9.12,13.85
2018-06-11 08:00:56,24.09,1.17,284.09,19.23,26.95
2018-06-11 09:00:56,30.66,0.99,336.77,27.11,35.32
2018-06-11 10:00:56,68.94,0.42,364.73,19.2,30.37
2018-06-11 11:00:56,85.18,0.0,508.04,12.42,23.47
2018-06-11 12:00:56,68.26,0.0,527.51,10.15,19.02
2018-06-11 13:00:56,35.3,1.52,209.7,7.63,15.52
2018-06-11 14:00:56,24.3,1.89,270.17,7.77,18.22
2018-06-11 15:00:56,33.44,1.69,345.56,5.19,12.39
2018-06-11 16:00:56,31.86,1.89,278.04,13.06,22.47
2018-06-11 17:00:56,71.38,2.21,289.21,8.38,15.66
2018-06-11 18:00:56,62.38,1.89,336.43,12.04,20.53
2018-06-11 19:00:56,47.32,1.87,373.03,16.2,23.55
2018-06-11 20:00:56,84.07,2.26,354.06,12.27,18.31
2018-06-11 21:00:56,49.29,2.75,340.56,5.48,9.98
2018-06-11 22:00:56,38.57,3.01,420.01,24.58,29.47
2018-06-11 23:00:56,55.91,3.26,431.21,35.58,39.65
2018-06-12 00:00:56,62.57,4.04,449.59,34.32,39.46
2018-06-12 01:00:56,65.55,4.13,258.97,22.35,26.97
2018-06-12 02:00:56,25.95,4.31,248.85,13.86,17.92
2018-06-12 03:00:56,18.53,4.86,203.67,14.54,18.44
2018-06-12 04:00:56,24.25,4.86,162.39,8.0,11.66
2018-06-12 05:00:56,25.99,5.36,132.88,6.25,9.83
2018-06-12 06:00:56,49.36,5.73,136.73,13.41,18.0
2018-06-12 07:00:56,16.12,5.56,151.38,10.39,15.47
2018-06-12 08:00:56,39.85,5.35,234.62,14.03,20.44
2018-06-12 09:00:56,50.47,4.19,231.51,18.91,27.82
2018-06-12 10:00:56,42.93,3.25,213.53,13.42,21.03
2018-06-12 11:00:56,34.68,2.53,174.28,10.26,17.19
2018-06-12 12:00:56,32.3,3.3,84.64,9.14,17.79
2018-06-12 13:00:56,42.35,1.86,325.35,6.27,13.26
2018-06-12 14:00:56,24.62,0.62,344.99,6.24,13.65
2018-06-12 15:00:56,24.48,0.8,292.03,5.77,13.07
2018-06-12 16:00:56,47.94,0.68,301.95,7.08,15.14
2018-06-12 17:00:56,34.21,0.52,300.61,9.4,17.12
2018-06-12 18:00:56,31.83,1.46,366.25,9.55,17.38
2018-06-12 19:00:56,46.73,1.61,360.79,13.55,20.99
2018-06-12 20:00:56,50.77,2.14,442.82,23.2,30.79
2018-06-12 21:00:56,39.18,2.18,387.1,17.26,22.61
2018-06-12 22:00:56,60.5,2.28,438.6,17.81,22.62
2018-06-12 23:00:56,45.58,2.95,544.77,24.39,28.7
2018-06-13 00:00:56,38.73,3.08,519.33,35.91,42.16
2018-06-13 01:00:56,73.45,3.98,583.16,35.16,44.13
2018-06-13 02:00:56,55.89,4.51,443.34,28.35,42.99
2018-06-13 03:00:56,75.7,4.64,290.58,25.99,31.26
2018-06-13 04:00:56,95.66,4.9,233.49,7.88,12.13
2018-06-13 05:00:56,24.84,5.1,179.62,11.07,15.94
2018-06-13 06:00:56,37.12,5.49,222.6,8.18,12.33
2018-06-13 07:00:56,14.95,5.42,213.3,38.97,51.27
2018-06-13 08:00:56,78.34,4.61,394.61,21.56,32.57
2018-06-13 09:00:56,48.62,3.23,334.24,10.14,21.24
2018-06-13 10:00:56,45.73,2.42,260.84,0.0,0.0
2018-06-13 11:00:56,15.05,3.24,206.18,0.0,0.0
2018-06-13 12:00:56,31.94,2.97,194.29,10.56,18.3
2018-06-13 13:00:56,85.42,2.7,276.21,6.54,14.07
2018-06-13 14:00:56,47.85,2.5,282.97,5.38,12.07
2018-06-13 15:00:56,19.93,2.78,327.56,6.83,13.88
2018-06-13 16:00:56,45.27,2.39,385.92,7.44,14.79
2018-06-13 17:00:56,56.34,2.17,394.69,7.82,15.61
2018-06-13 18:00:56,38.64,2.02,400.08,10.93,18.92
2018-06-13 19:00:56,30.01,2.21,409.3,13.22,21.49
2018-06-13 20:00:56,12.8,1.83,490.99,14.84,24.72
2018-06-13 21:00:56,72.88,2.06,529.51,11.57,16.62
2018-06-13 22:00:56,66.34,2.53,674.35,16.15,22.5
2018-06-13 23:00:56,52.92,3.18,651.23,17.48,23.0
2018-06-14 00:00:56,40.65,3.36,640.72,23.1,29.28
2018-06-14 01:00:56,32.03,3.49,285.6,23.7,29.93
2018-06-14 02:00:56,25.43,4.16,305.98,19.84,29.45
2018-06-14 03:00:56,14.99,4.7,256.27,11.29,21.19
2018-06-14 04:00:56,10.71,4.71,203.06,13.03,17.67
2018-06-14 05:00:56,33.09,4.73,252.76,6.01,11.53
2018-06-14 06:00:56,16.73,4.47,204.84,6.7,11.62
2018-06-14 07:00:56,10.97,4.75,208.35,5.29,10.11
2018-06-14 08:00:56,24.84,3.6,280.66,5.32,11.77
2018-06-14 09:00:56,29.36,1.99,342.2,7.99,17.24
2018-06-14 10:00:56,19.7,1.9,266.77,0.0,0.0
2018-06-14 11:00:56,34.71,1.4,245.28,0.0,0.0
2018-06-14 12:00:56,23.36,0.96,316.55,8.92,16.86
2018-06-14 13:00:56,33.59,2.62,294.3,9.65,18.61
2018-06-14 14:00:56,21.52,4.45,250.22,7.6,15.67
2018-06-14 15:00:56,27.42,4.34,313.25,5.88,13.17
2018-06-14 16:00:56,26.74,4.64,299.44,0.0,0.0
2018-06-14 17:00:56,39.13,4.46,288.48,6.0,13.28
2018-06-14 18:00:56,22.24,4.77,346.64,7.25,13.32
2018-06-14 19:00:56,11.23,5.71,334.61,7.39,14.33
2018-06-14 20:00:56,9.02,6.23,262.69,9.05,16.28
2018-06-14 21:00:56,10.48,6.79,337.23,8.41,14.27
2018-06-14 22:00:56,9.33,7.49,497.02,19.03,26.91
2018-06-14 23:00:56,9.08,7.07,499.08,23.73,29.64
2018-06-15 00:00:56,8.7,6.5,620.47,35.98,41.64
2018-06-15 01:00:56,9.0,6.1,574.8,33.6,41.19
2018-06-15 02:00:56,9.84,5.46,500.44,24.84,32.89
2018-06-15 03:00:56,7.59,5.61,452.63,12.8,16.78
2018-06-15 04:00:56,10.19,5.37,316.65,14.97,19.57
2018-06-15 05:00:56,10.4,5.5,254.3,10.1,14.7
2018-06-15 06:00:56,8.87,6.46,261.24,21.85,29.61
2018-06-15 07:00:56,13.34,6.12,269.75,17.39,24.42
2018-06-15 08:00:56,15.96,6.18,173.38,4.38,9.84
2018-06-15 09:00:56,12.71,4.92,228.98,6.83,13.74
2018-06-15 10:00:56,12.48,4.57,155.86,3.84,9.94
2018-06-15 11:00:56,19.37,4.67,174.64,4.1,10.34
2018-06-15 12:00:56,14.0,4.32,219.61,6.06,12.32
2018-06-15 13:00:56,15.81,2.56,287.26,6.26,19.3
2018-06-15 14:00:56,11.71,1.91,354.36,0.0,0.0
2018-06-15 15:00:56,9.52,1.81,395.86,6.21,12.82
2018-06-15 16:00:56,11.39,1.9,322.43,0.0,0.0
2018-06-15 17:00:56,11.61,1.76,327.24,0.0,0.0
2018-06-15 18:00:56,13.55,1.54,344.58,5.6,11.24
2018-06-15 19:00:56,9.34,2.27,342.14,7.46,13.05
2018-06-15 20:00:56,9.59,2.09,497.41,20.11,25.85
2018-06-15 21:00:56,8.64,2.05,520.99,14.3,18.78
2018-06-15 22:00:56,6.88,2.14,472.02,32.09,39.25
2018-06-15 23:00:56,8.74,2.5,375.99,7.27,11.66
2018-06-16 00:00:56,9.41,3.54,389.46,4.88,8.83
2018-06-16 01:00:56,9.84,3.27,297.41,28.96,33.45
2018-06-16 02:00:56,9.53,3.49,320.12,35.56,40.84
2018-06-16 03:00:56,7.51,3.9,266.06,24.17,28.46
2018-06-16 04:00:56,7.91,3.93,273.76,29.03,33.23
2018-06-16 05:00:56,9.56,4.36,234.42,18.52,22.53
2018-06-16 06:00:56,8.99,4.83,198.31,18.85,23.72
2018-06-16 07:00:56,11.07,4.6,149.17,17.16,23.33
2018-06-16 08:00:56,25.07,4.05,216.4,36.34,50.27
2018-06-16 09:00:56,23.2,2.65,197.75,16.41,21.91
2018-06-16 10:00:56,13.14,2.04,187.92,19.41,25.19
2018-06-16 11:00:56,15.09,1.94,108.39,18.05,24.42
2018-06-16 12:00:56,12.68,1.97,67.94,13.08,18.78
2018-06-16 13:00:56,12.88,73.01,150.44,7.69,12.81
2018-06-16 14:00:56,11.57,49.29,86.73,7.91,13.49
2018-06-16 15:00:56,11.03,64.21,122.35,7.23,11.98
2018-06-16 16:00:56,8.41,37.18,121.48,10.23,16.13
2018-06-16 17:00:56,8.94,21.35,147.18,8.16,13.63
2018-06-16 18:00:56,10.9,12.49,231.11,10.96,16.39
2018-06-16 19:00:56,9.37,7.82,212.63,13.46,18.97
2018-06-16 20:00:56,7.07,6.74,272.49,16.2,22.92
2018-06-16 21:00:56,7.19,7.18,278.27,23.15,29.47
2018-06-16 22:00:56,9.38,6.6,310.66,29.85,36.79
2018-06-16 23:00:56,10.91,7.54,366.89,88.53,95.76
2018-06-17 00:00:56,9.49,7.16,543.99,41.2,45.94
2018-06-17 01:00:56,10.9,6.82,521.54,31.19,36.47
2018-06-17 02:00:56,8.92,6.08,405.35,9.26,14.04
2018-06-17 03:00:56,11.5,6.18,415.88,17.14,21.14
2018-06-17 04:00:56,10.27,5.35,463.38,8.45,12.52
2018-06-17 05:00:56,10.4,4.64,523.04,9.64,13.58
2018-06-17 06:00:56,11.22,4.33,539.49,17.16,21.57
2018-06-17 07:00:56,13.86,4.15,449.53,21.62,32.21
2018-06-17 08:00:56,22.73,4.2,517.09,20.44,29.56
2018-06-17 09:00:56,19.12,2.47,421.55,7.35,13.52
2018-06-17 10:00:56,14.35,2.18,446.64,0.0,0.0
2018-06-17 11:00:56,13.08,1.74,497.39,0.0,0.0
2018-06-17 12:00:56,10.57,1.96,466.84,0.0,0.0
2018-06-17 13:00:56,9.3,1.95,273.49,8.12,14.07
2018-06-17 14:00:56,8.91,2.08,289.76,9.93,15.98
2018-06-17 15:00:56,12.7,1.83,361.43,0.0,0.0
2018-06-17 16:00:56,10.75,1.73,370.64,9.96,15.74
2018-06-17 17:00:56,11.06,2.61,354.43,14.34,21.36
2018-06-17 18:00:56,11.28,2.73,421.32,10.32,16.65
2018-06-17 19:00:56,10.51,2.94,391.88,26.42,33.56
2018-06-17 20:00:56,9.01,3.08,479.48,31.5,37.4
2018-06-17 21:00:56,10.25,2.84,502.06,41.75,46.74
2018-06-17 22:00:56,8.73,2.84,461.34,18.14,23.31
2018-06-17 23:00:56,8.84,3.1,496.38,25.46,30.73
2018-06-18 00:00:56,9.47,2.8,515.94,22.4,28.78
2018-06-18 01:00:56,9.56,2.74,488.68,22.69,34.9
2018-06-18 02:00:56,9.67,4.0,481.1,13.1,17.46
2018-06-18 03:00:56,9.42,3.38,464.03,9.69,13.95
2018-06-18 04:00:56,9.87,2.86,432.33,6.08,10.19
2018-06-18 05:00:56,7.57,3.06,462.62,13.35,17.29
2018-06-18 06:00:56,7.12,3.18,444.4,8.05,12.34
2018-06-18 07:00:56,8.09,3.01,477.84,10.13,15.76
2018-06-18 08:00:56,11.25,3.48,559.32,26.62,36.44
2018-06-18 09:00:56,18.17,2.88,415.46,18.34,26.33
2018-06-18 10:00:56,17.81,2.16,383.25,16.45,27.66
2018-06-18 11:00:56,11.78,2.21,306.32,11.84,19.0
2018-06-18 12:00:56,14.88,2.37,362.8,9.99,17.48
2018-06-18 13:00:56,11.34,2.57,290.41,19.36,26.72
2018-06-18 14:00:56,7.78,1.89,384.81,28.09,35.52
2018-06-18 15:00:56,10.91,1.78,469.47,22.55,33.04
2018-06-18 16:00:56,15.24,2.26,378.84,16.82,24.75
2018-06-18 17:00:56,9.16,2.09,390.05,22.28,28.62
2018-06-18 18:00:56,9.6,2.52,478.7,36.97,46.14
2018-06-18 19:00:56,9.53,3.06,455.85,33.11,40.62
2018-06-18 20:00:56,9.03,2.66,444.55,30.01,36.86
2018-06-18 21:00:56,8.45,2.85,508.27,23.28,27.69
2018-06-18 22:00:56,9.23,2.65,496.43,20.85,25.75
2018-06-18 23:00:56,9.94,3.31,669.62,42.6,60.45
2018-06-19 00:00:56,6.8,3.48,580.93,37.56,47.2
2018-06-19 01:00:56,7.07,3.74,360.61,24.04,31.6
2018-06-19 02:00:56,7.93,4.51,258.8,12.29,16.74
2018-06-19 03:00:56,7.27,5.1,301.0,10.3,14.72
2018-06-19 04:00:56,6.05,5.14,241.89,11.32,15.41
2018-06-19 05:00:56,7.31,5.6,241.6,10.92,15.8
2018-06-19 06:00:56,9.89,5.59,245.35,21.25,34.31
2018-06-19 07:00:56,18.37,4.9,236.47,22.36,34.84
2018-06-19 08:00:56,22.77,4.16,371.21,28.7,49.49
2018-06-19 09:00:56,19.75,2.57,369.19,13.97,31.82
2018-06-19 10:00:56,18.09,2.64,305.53,15.42,25.12
2018-06-19 11:00:56,11.69,26.96,287.73,13.87,22.34
2018-06-19 12:00:56,12.52,0.0,225.85,13.02,22.56
2018-06-19 13:00:56,15.43,10.56,353.09,0.0,0.0
2018-06-19 14:00:56,15.0,9.3,0.0,8.08,15.71
2018-06-19 15:00:56,14.2,7.76,320.52,8.99,17.27
2018-06-19 16:00:56,14.69,7.0,346.76,10.92,20.4
2018-06-19 17:00:56,13.12,6.71,316.82,12.62,22.54
2018-06-19 18:00:56,15.46,8.53,360.83,12.39,21.7
2018-06-19 19:00:56,11.95,7.87,354.51,13.48,21.15
2018-06-19 20:00:56,7.79,6.14,351.05,18.07,25.06
2018-06-19 21:00:56,5.92,4.65,473.0,19.03,24.79
2018-06-19 22:00:56,9.54,4.34,498.07,17.94,22.83
2018-06-19 23:00:56,9.34,4.32,498.58,19.92,24.66
2018-06-20 00:00:56,8.0,3.93,522.78,19.51,25.63
2018-06-20 01:00:56,8.89,4.57,272.76,11.78,15.61
2018-06-20 02:00:56,8.72,4.29,325.08,7.58,11.7
2018-06-20 03:00:56,7.09,4.79,347.26,10.77,16.06
2018-06-20 04:00:56,7.5,5.54,320.64,4.21,8.1
2018-06-20 05:00:56,7.32,5.95,340.68,5.62,10.0
2018-06-20 06:00:56,5.97,6.32,300.82,7.0,11.0
2018-06-20 07:00:56,18.3,5.72,351.86,8.48,14.29
2018-06-20 08:00:56,22.3,5.19,368.33,14.95,23.34
2018-06-20 09:00:56,13.74,4.33,412.78,18.23,29.06
2018-06-20 10:00:56,15.18,3.1,389.37,9.83,19.29
2018-06-20 11:00:56,17.31,2.41,368.56,6.51,14.79
2018-06-20 12:00:56,16.7,3.05,292.07,8.54,20.06
2018-06-20 13:00:56,13.47,1.5,257.02,5.86,15.84
2018-06-20 14:00:56,14.41,1.15,261.44,6.52,15.92
2018-06-20 15:00:56,9.74,1.3,307.82,12.36,28.43
2018-06-20 16:00:56,10.85,1.27,326.97,10.18,18.69
2018-06-20 17:00:56,11.54,2.11,270.57,8.72,18.67
2018-06-20 18:00:56,10.68,2.29,304.54,12.55,23.1
2018-06-20 19:00:56,10.79,2.69,251.33,8.2,19.15
2018-06-20 20:00:56,11.27,2.6,313.03,7.5,14.9
2018-06-20 21:00:56,7.75,1.69,396.1,16.27,20.96
2018-06-20 22:00:56,6.79,1.94,481.15,21.91,25.71
2018-06-20 23:00:56,9.62,2.36,464.95,23.33,28.54
2018-06-21 00:00:56,9.97,2.01,418.04,16.99,22.84
2018-06-21 01:00:56,8.24,2.54,252.24,11.29,15.19
2018-06-21 02:00:56,8.04,3.04,280.44,8.38,12.21
2018-06-21 03:00:56,8.1,3.29,341.36,10.31,15.53
2018-06-21 04:00:56,7.12,3.71,276.48,9.08,14.88
2018-06-21 05:00:56,7.01,4.15,234.64,6.06,10.58
2018-06-21 06:00:56,8.53,3.84,304.27,20.42,31.9
2018-06-21 07:00:56,16.42,3.98,305.99,9.83,16.83
2018-06-21 08:00:56,26.03,3.51,342.54,12.93,24.13
2018-06-21 09:00:56,17.24,2.05,388.32,8.32,15.55
2018-06-21 10:00:56,14.57,1.93,340.03,5.08,11.11
2018-06-21 11:00:56,16.32,1.79,249.28,5.67,13.43
2018-06-21 12:00:56,14.74,1.36,250.27,9.67,17.67
2018-06-21 13:00:56,12.95,1.85,243.55,11.46,21.02
2018-06-21 14:00:56,12.71,3.4,233.6,11.49,20.98
2018-06-21 15:00:56,11.52,3.32,288.69,9.78,17.57
2018-06-21 16:00:56,11.2,3.51,192.24,8.72,16.81
2018-06-21 17:00:56,11.43,3.08,228.64,7.34,15.45
2018-06-21 18:00:56,12.35,3.93,193.09,14.69,23.6
2018-06-21 19:00:56,9.46,4.09,224.17,18.82,27.1
2018-06-21 20:00:56,7.51,4.83,249.43,17.55,25.05
2018-06-21 21:00:56,8.75,5.68,262.21,17.71,23.21
2018-06-21 22:00:56,9.01,6.38,276.23,13.87,17.96
2018-06-21 23:00:56,10.69,6.74,388.89,19.84,25.26
2018-06-22 00:00:56,8.9,6.01,507.32,30.0,40.49
2018-06-22 01:00:56,9.16,5.49,326.3,20.28,25.02
2018-06-22 02:00:56,8.57,4.46,354.88,9.11,13.52
2018-06-22 03:00:56,8.74,4.16,226.63,5.75,9.38
2018-06-22 04:00:56,7.43,4.66,224.41,13.45,17.08
2018-06-22 05:00:56,7.67,5.03,232.59,5.4,8.91
2018-06-22 06:00:56,8.52,5.09,228.46,7.66,14.28
2018-06-22 07:00:56,13.91,5.32,192.25,6.72,15.5
2018-06-22 08:00:56,20.12,4.63,267.5,10.46,19.04
2018-06-22 09:00:56,17.26,4.02,295.2,13.6,24.37
2018-06-22 10:00:56,19.72,3.79,288.25,20.95,36.09
2018-06-22 11:00:56,14.26,3.78,255.33,16.91,32.4
2018-06-22 12:00:56,11.76,4.34,159.76,16.56,25.59
2018-06-22 13:00:56,14.55,25.07,285.9,11.61,18.17
2018-06-22 14:00:56,16.24,21.29,365.19,17.39,25.14
2018-06-22 15:00:56,10.9,7.41,330.66,11.12,17.87
2018-06-22 16:00:56,12.16,3.73,384.6,7.15,13.66
2018-06-22 17:00:56,12.37,2.51,380.04,6.87,13.48
2018-06-22 18:00:56,10.8,2.1,442.88,11.07,17.73
2018-06-22 19:00:56,8.71,2.31,401.93,9.63,16.35
2018-06-22 20:00:56,8.17,2.56,437.24,15.35,21.43
2018-06-22 21:00:56,6.92,1.77,567.48,11.4,16.69
2018-06-22 22:00:56,9.71,2.29,505.06,9.74,14.49
2018-06-22 23:00:56,7.76,2.84,549.57,21.08,27.73
2018-06-23 00:00:56,7.63,3.27,533.93,13.91,19.01
2018-06-23 01:00:56,8.05,2.98,306.57,31.34,40.59
2018-06-23 02:00:56,7.35,3.59,328.15,10.28,14.11
2018-06-23 03:00:56,7.67,3.4,291.77,14.92,18.81
2018-06-23 04:00:56,8.36,3.46,309.54,7.54,11.75
2018-06-23 05:00:56,8.26,2.97,307.98,3.48,7.34
2018-06-23 06:00:56,8.26,3.55,316.26,17.29,23.24
2018-06-23 07:00:56,16.63,3.16,359.57,19.61,28.31
2018-06-23 08:00:56,23.4,2.59,371.18,23.26,42.22
2018-06-23 09:00:56,18.25,1.5,374.97,13.34,24.15
2018-06-23 10:00:56,17.54,0.76,347.21,8.59,15.66
2018-06-23 11:00:56,13.76,0.54,271.78,9.33,16.27
2018-06-23 12:00:56,11.98,0.73,249.67,9.59,16.22
2018-06-23 13:00:56,10.16,2.11,172.31,8.99,15.74
2018-06-23 14:00:56,12.74,2.33,239.4,7.42,14.88
2018-06-23 15:00:56,11.4,1.64,232.19,6.54,13.55
2018-06-23 16:00:56,14.21,2.66,202.47,7.72,17.08
2018-06-23 17:00:56,11.71,3.02,186.23,11.39,17.13
2018-06-23 18:00:56,8.48,4.12,177.97,22.95,30.62
2018-06-23 19:00:56,9.18,4.6,185.94,21.51,29.83
2018-06-23 20:00:56,7.93,4.58,278.7,30.11,37.12
2018-06-23 21:00:56,6.53,4.06,323.82,21.3,26.07
2018-06-23 22:00:56,9.83,3.74,448.43,20.92,26.22
2018-06-23 23:00:56,9.72,3.16,543.11,21.99,26.8
2018-06-24 00:00:56,9.08,2.71,509.47,28.33,33.78
2018-06-24 01:00:56,9.59,2.98,508.83,39.31,53.37
2018-06-24 02:00:56,9.43,3.07,404.34,26.26,32.92
2018-06-24 03:00:56,9.18,4.24,278.43,22.07,28.34
2018-06-24 04:00:56,6.99,4.58,277.63,18.8,23.63
2018-06-24 05:00:56,8.51,4.92,331.73,22.23,27.33
2018-06-24 06:00:56,8.29,5.1,326.82,17.84,22.64
2018-06-24 07:00:56,9.47,4.27,241.66,11.22,15.86
2018-06-24 08:00:56,10.57,3.91,245.13,9.29,15.05
2018-06-24 09:00:56,11.82,3.96,247.71,6.26,13.19
2018-06-24 10:00:56,15.2,3.45,223.3,11.06,28.64
2018-06-24 11:00:56,12.72,2.52,222.73,6.23,12.37
2018-06-24 12:00:56,14.52,2.14,215.49,4.07,10.6
2018-06-24 13:00:56,15.75,2.63,184.37,3.33,9.26
2018-06-24 14:00:56,14.79,3.52,214.74,3.35,10.08
2018-06-24 15:00:56,14.07,3.19,167.45,0.0,0.0
2018-06-24 16:00:56,11.88,2.95,161.98,4.79,11.4
2018-06-24 17:00:56,12.5,2.85,176.84,3.02,9.8
2018-06-24 18:00:56,13.38,2.98,207.42,4.36,11.72
2018-06-24 19:00:56,11.0,3.38,186.08,4.32,11.31
2018-06-24 20:00:56,5.62,3.09,182.24,4.71,10.38
2018-06-24 21:00:56,9.41,3.11,241.37,7.34,15.07
2018-06-24 22:00:56,9.2,3.19,171.05,0.0,0.0
2018-06-24 23:00:56,10.61,3.29,184.58,5.92,11.97
2018-06-25 00:00:56,7.98,4.43,196.35,7.45,13.46
2018-06-25 01:00:56,8.44,4.76,204.77,7.22,12.7
2018-06-25 02:00:56,8.21,4.53,230.93,17.02,21.94
2018-06-25 03:00:56,8.75,4.62,233.36,9.14,13.62
2018-06-25 04:00:56,7.26,4.75,217.8,4.55,9.27
2018-06-25 05:00:56,7.86,4.88,259.63,3.54,8.29
2018-06-25 06:00:56,8.85,4.57,321.0,0.0,0.0
2018-06-25 07:00:56,8.58,4.64,317.98,10.22,16.52
2018-06-25 08:00:56,8.76,4.56,259.78,23.13,30.44
2018-06-25 09:00:56,7.81,4.42,337.4,47.4,58.56
2018-06-25 10:00:56,9.82,4.49,248.91,20.56,30.98
2018-06-25 11:00:56,14.45,3.77,235.51,12.59,21.12
2018-06-25 12:00:56,12.75,3.71,209.07,14.65,23.76
2018-06-25 13:00:56,10.04,2.1,275.32,15.28,25.13
2018-06-25 14:00:56,11.61,1.51,256.76,8.81,16.84
2018-06-25 15:00:56,8.89,1.19,318.29,16.64,26.55
2018-06-25 16:00:56,8.57,1.28,444.93,30.77,41.46
2018-06-25 17:00:56,9.5,2.05,474.56,47.47,58.95
2018-06-25 18:00:56,7.89,2.61,424.78,37.08,47.1
2018-06-25 19:00:56,7.14,2.07,470.47,37.21,44.97
2018-06-25 20:00:56,7.39,1.94,517.24,37.52,45.72
2018-06-25 21:00:56,8.46,2.3,545.99,38.93,44.6
2018-06-25 22:00:56,8.45,1.72,517.4,18.16,24.19
2018-06-25 23:00:56,8.88,2.11,481.78,16.32,21.4
2018-06-26 00:00:56,10.66,2.45,544.75,10.52,15.08
2018-06-26 01:00:56,10.03,2.93,306.82,4.82,9.39
2018-06-26 02:00:56,8.34,2.35,334.96,7.82,11.97
2018-06-26 03:00:56,10.08,2.6,351.71,0.0,0.0
2018-06-26 04:00:56,8.31,2.94,346.81,0.0,0.0
2018-06-26 05:00:56,9.37,2.18,314.11,21.33,25.84
2018-06-26 06:00:56,9.47,2.17,278.73,0.0,0.0
2018-06-26 07:00:56,11.6,2.12,398.38,8.98,15.34
2018-06-26 08:00:56,12.75,1.94,433.41,16.22,28.59
2018-06-26 09:00:56,14.99,2.03,374.42,20.07,39.71
2018-06-26 10:00:56,20.06,1.4,331.41,0.0,0.0
2018-06-26 11:00:56,22.02,0.51,344.56,0.0,0.0
2018-06-26 12:00:56,14.32,0.74,292.56,7.84,14.73
2018-06-26 13:00:56,11.75,1.66,233.02,4.69,10.88
2018-06-26 14:00:56,12.88,2.97,459.9,4.63,11.33
2018-06-26 15:00:56,11.41,2.4,318.7,6.02,14.17
2018-06-26 16:00:56,9.41,1.61,314.29,5.26,12.06
2018-06-26 17:00:56,9.55,2.42,390.83,7.05,13.73
2018-06-26 18:00:56,11.5,2.74,294.52,10.39,17.71
2018-06-26 19:00:56,9.85,2.66,335.17,7.34,14.82
2018-06-26 20:00:56,8.64,3.22,364.14,7.87,13.84
2018-06-26 21:00:56,8.96,3.58,378.36,17.98,23.31
2018-06-26 22:00:56,9.41,3.95,544.02,29.61,34.95
2018-06-26 23:00:56,8.17,4.56,453.78,15.34,20.91
2018-06-27 00:00:56,8.22,4.93,482.24,15.61,23.0
2018-06-27 01:00:56,7.32,5.43,568.69,27.88,41.24
2018-06-27 02:00:56,7.89,5.47,464.05,8.13,13.79
2018-06-27 03:00:56,7.52,5.82,468.11,9.82,15.15
2018-06-27 04:00:56,6.62,5.78,442.66,7.89,13.87
2018-06-27 05:00:56,8.27,5.85,399.64,3.02,6.84
2018-06-27 06:00:56,9.02,5.87,412.4,6.96,17.12
2018-06-27 07:00:56,19.62,5.57,437.95,2.99,8.3
2018-06-27 08:00:56,26.91,4.99,498.83,3.68,11.25
2018-06-27 09:00:56,16.93,3.99,524.04,0.0,0.0
2018-06-27 10:00:56,15.01,3.38,481.9,6.32,14.71
2018-06-27 11:00:56,16.36,2.98,433.73,0.0,0.0
2018-06-27 12:00:56,13.81,2.28,501.66,0.0,0.0
2018-06-27 13:00:56,12.36,2.36,383.85,6.22,13.48
2018-06-27 14:00:56,12.84,2.59,366.44,0.0,0.0
2018-06-27 15:00:56,15.28,2.65,334.86,0.0,0.0
2018-06-27 16:00:56,12.52,2.17,347.71,0.0,0.0
2018-06-27 17:00:56,11.18,2.02,345.31,8.68,17.6
2018-06-27 18:00:56,7.56,2.74,363.59,11.23,19.07
2018-06-27 19:00:56,6.23,3.03,375.91,8.94,16.07
2018-06-27 20:00:56,8.41,3.93,443.63,9.82,16.07
2018-06-27 21:00:56,9.73,3.71,414.98,10.23,16.02
2018-06-27 22:00:56,9.75,4.02,441.05,15.81,20.93
2018-06-27 23:00:56,8.98,4.86,377.48,8.39,14.69
2018-06-28 00:00:56,9.74,5.73,472.14,7.92,12.13
2018-06-28 01:00:56,10.57,5.82,326.04,2.55,6.12
2018-06-28 02:00:56,9.08,5.7,380.26,0.0,0.0
2018-06-28 03:00:56,9.98,5.09,394.42,0.0,0.0
2018-06-28 04:00:56,8.84,4.48,424.78,0.0,0.0
2018-06-28 05:00:56,7.85,4.52,515.3,4.27,7.98
2018-06-28 06:00:56,9.03,3.92,562.46,6.52,11.57
2018-06-28 07:00:56,15.41,4.16,471.86,5.43,14.79
2018-06-28 08:00:56,25.3,4.19,492.78,5.94,15.55
2018-06-28 09:00:56,19.75,2.66,488.59,5.59,14.99
2018-06-28 10:00:56,15.22,2.75,495.73,3.51,9.31
2018-06-28 11:00:56,16.94,2.31,426.43,0.0,0.0
2018-06-28 12:00:56,13.16,1.31,430.28,0.0,0.0
2018-06-28 13:00:56,13.49,2.01,365.71,0.0,0.0
2018-06-28 14:00:56,20.45,4.81,166.4,4.51,11.08
2018-06-28 15:00:56,16.43,4.5,222.46,4.45,13.13
2018-06-28 16:00:56,8.72,0.34,437.97,6.85,15.77
2018-06-28 17:00:56,8.03,1.44,483.31,4.36,11.58
2018-06-28 18:00:56,8.58,2.58,512.11,5.56,14.31
2018-06-28 19:00:56,9.42,3.2,564.91,4.68,12.39
2018-06-28 20:00:56,9.79,3.63,641.54,6.71,15.12
2018-06-28 21:00:56,15.63,2.46,1095.34,9.37,15.81
2018-06-28 22:00:56,42.04,0.9,1060.89,12.98,20.76
2018-06-28 23:00:56,57.56,0.67,1004.7,10.85,18.07
2018-06-29 00:00:56,34.38,0.91,940.74,7.1,13.34
2018-06-29 01:00:56,18.96,1.04,70.82,0.0,0.0
2018-06-29 02:00:56,47.6,1.07,0.1,5.08,8.77
2018-06-29 03:00:56,57.36,0.89,0.0,0.0,0.0
2018-06-29 04:00:56,45.41,1.29,0.0,0.0,0.0
2018-06-29 05:00:56,46.79,1.54,137.52,6.34,9.71
2018-06-29 06:00:56,30.05,1.39,320.08,0.0,0.0
2018-06-29 07:00:56,20.41,1.77,267.38,6.67,10.56
2018-06-29 08:00:56,37.67,1.66,313.56,13.98,21.35
2018-06-29 09:00:56,82.54,2.16,364.58,7.61,14.68
2018-06-29 10:00:56,54.47,1.89,304.22,8.26,29.55
2018-06-29 11:00:56,65.72,1.43,276.25,8.48,18.66
2018-06-29 12:00:56,80.3,1.28,327.93,6.13,13.54
2018-06-29 13:00:56,52.19,1.63,369.08,4.04,8.86
2018-06-29 14:00:56,39.09,1.41,360.86,3.2,7.66
2018-06-29 15:00:56,49.84,1.15,348.04,5.24,11.24
2018-06-29 16:00:56,45.07,1.41,332.28,6.1,12.68
2018-06-29 17:00:56,39.36,1.18,295.61,6.67,12.64
2018-06-29 18:00:56,43.23,1.18,348.72,5.43,10.23
2018-06-29 19:00:56,71.84,1.31,280.74,7.18,11.67
2018-06-29 20:00:56,42.89,1.75,289.93,8.6,12.35
2018-06-29 21:00:56,54.91,1.81,286.24,14.22,18.9
2018-06-29 22:00:56,78.29,1.75,396.79,14.58,18.34
2018-06-29 23:00:56,42.19,2.67,407.2,17.53,20.26
2018-06-30 00:00:56,19.16,2.41,389.65,8.9,11.33
2018-06-30 01:00:56,18.86,2.76,278.22,10.85,13.97
2018-06-30 02:00:56,24.31,3.46,313.81,8.21,11.21
2018-06-30 03:00:56,17.27,3.97,252.66,0.0,0.0
2018-06-30 04:00:56,16.36,3.55,293.97,0.0,0.0
2018-06-30 05:00:56,10.48,3.23,238.29,2.07,4.0
2018-06-30 06:00:56,13.54,2.79,250.79,20.19,30.88
2018-06-30 07:00:56,23.99,3.28,256.22,19.3,23.89
2018-06-30 08:00:56,23.68,3.31,339.36,20.92,30.32
2018-06-30 09:00:56,44.35,1.95,249.13,7.34,14.25
2018-06-30 10:00:56,52.07,1.88,223.45,6.82,11.87
2018-06-30 11:00:56,74.26,1.27,296.1,6.84,14.18
2018-06-30 12:00:56,34.2,1.61,261.7,0.0,0.0
2018-06-30 13:00:56,20.33,1.97,46.23,0.0,0.0
2018-06-30 14:00:56,49.49,2.77,30.97,6.4,10.93
2018-06-30 15:00:56,27.4,3.33,68.25,0.0,0.0
2018-06-30 16:00:56,33.23,3.55,43.13,4.73,9.46
2018-06-30 17:00:56,45.46,2.64,102.02,0.0,0.0
2018-06-30 18:00:56,57.45,3.82,44.15,0.0,0.0
2018-06-30 19:00:56,81.64,4.82,3.27,6.5,11.36
2018-06-30 20:00:56,72.49,4.53,80.5,8.87,13.72
2018-06-30 21:00:56,38.09,4.43,30.3,17.61,21.67
2018-06-30 22:00:56,40.57,4.81,57.31,16.48,21.45
2018-06-30 23:00:56,37.1,5.4,17.78,10.66,13.83
2018-07-01 00:00:56,26.07,5.18,156.5,21.97,27.77
2018-07-01 01:00:56,33.75,5.06,428.15,16.62,20.26
2018-07-01 02:00:56,45.89,5.32,491.87,5.91,8.56
2018-07-01 03:00:56,24.17,4.84,504.74,10.77,14.19
2018-07-01 04:00:56,13.57,4.58,479.38,0.0,0.0
2018-07-01 05:00:56,22.5,4.24,533.78,0.0,0.0
2018-07-01 06:00:56,42.68,3.87,627.0,13.31,17.96
2018-07-01 07:00:56,39.4,3.93,521.26,10.07,15.03
2018-07-01 08:00:56,53.45,3.46,572.54,8.89,16.45
2018-07-01 09:00:56,48.36,2.24,989.08,7.1,11.96
2018-07-01 10:00:56,23.07,1.7,745.46,8.65,13.67
2018-07-01 11:00:56,22.38,1.64,745.57,7.72,12.93
2018-07-01 12:00:56,45.24,1.18,475.62,3.44,8.12
2018-07-01 13:00:56,40.16,1.8,305.25,2.71,7.48
2018-07-01 14:00:56,46.61,3.49,241.44,3.35,7.69
2018-07-01 15:00:56,23.14,3.49,283.39,3.79,8.77
2018-07-01 16:00:56,25.19,3.38,307.26,4.43,8.76
2018-07-01 17:00:56,44.06,3.73,298.37,4.31,8.13
2018-07-01 18:00:56,17.14,2.71,429.04,5.45,9.21
2018-07-01 19:00:56,76.21,2.74,384.46,11.8,16.91
2018-07-01 20:00:56,92.53,2.8,340.24,13.25,18.12
2018-07-01 21:00:56,55.0,2.8,384.97,14.12,19.7
2018-07-01 22:00:56,59.52,2.51,432.63,10.98,14.62
2018-07-01 23:00:56,47.33,2.67,434.37,8.51,13.43
2018-07-02 00:00:56,43.48,3.17,340.21,6.79,10.58
2018-07-02 01:00:56,32.16,3.3,239.57,5.67,8.81
2018-07-02 02:00:56,40.14,3.72,258.91,3.89,6.65
2018-07-02 03:00:56,47.16,4.16,228.4,0.0,0.0
2018-07-02 04:00:56,21.07,3.56,222.41,4.58,7.14
2018-07-02 05:00:56,30.0,3.48,237.09,0.0,0.0
2018-07-02 06:00:56,32.03,3.79,256.02,0.0,0.0
2018-07-02 07:00:56,30.77,4.67,246.62,0.0,0.0
2018-07-02 08:00:56,29.83,4.34,276.14,24.79,32.9
2018-07-02 09:00:56,20.88,4.32,356.11,43.32,55.91
2018-07-02 10:00:56,15.43,3.99,263.99,12.31,18.66
2018-07-02 11:00:56,21.82,3.38,204.18,9.72,16.23
2018-07-02 12:00:56,49.38,3.0,230.31,7.71,15.41
2018-07-02 13:00:56,57.52,2.55,421.39,6.61,12.78
2018-07-02 14:00:56,45.1,1.7,448.02,4.84,10.26
2018-07-02 15:00:56,18.09,1.11,465.24,6.19,11.74
2018-07-02 16:00:56,20.07,0.85,494.0,11.51,19.03
2018-07-02 17:00:56,27.87,1.5,444.86,7.66,13.33
2018-07-02 18:00:56,14.28,1.49,479.58,10.25,16.21
2018-07-02 19:00:56,8.63,0.47,476.08,10.62,17.53
2018-07-02 20:00:56,21.77,0.57,590.12,12.48,18.04
2018-07-02 21:00:56,16.98,1.25,623.81,20.71,26.11
2018-07-02 22:00:56,12.66,1.51,609.93,20.04,24.58
2018-07-02 23:00:56,26.11,1.96,565.22,15.39,20.21
2018-07-03 00:00:56,12.27,2.38,498.35,8.13,12.07
2018-07-03 01:00:56,14.42,2.36,309.06,20.14,24.34
2018-07-03 02:00:56,17.5,2.44,346.63,11.61,14.98
2018-07-03 03:00:56,9.41,2.47,274.58,0.0,0.0
2018-07-03 04:00:56,10.73,2.6,277.11,5.65,8.99
2018-07-03 05:00:56,12.96,2.52,263.03,8.05,11.34
2018-07-03 06:00:56,29.59,2.56,244.1,8.35,11.63
2018-07-03 07:00:56,46.54,2.57,334.82,0.0,0.0
2018-07-03 08:00:56,39.73,2.29,304.58,11.12,16.17
2018-07-03 09:00:56,30.03,2.58,314.67,28.84,37.28
2018-07-03 10:00:56,43.16,2.26,319.6,31.25,45.18
2018-07-03 11:00:56,49.47,1.92,247.66,20.15,27.67
2018-07-03 12:00:56,25.64,0.0,269.53,17.55,24.44
2018-07-03 13:00:56,41.15,0.0,0.0,0.0,0.0
2018-07-03 14:00:56,37.06,0.0,0.0,0.0,0.0
2018-07-03 15:00:56,28.18,4.85,349.87,0.0,0.0
2018-07-03 16:00:56,22.67,3.47,954.06,3.94,11.69
2018-07-03 17:00:56,27.13,3.86,828.58,0.0,0.0
2018-07-03 18:00:56,31.89,4.15,763.02,7.69,16.24
2018-07-03 19:00:56,29.21,4.87,753.87,13.2,21.56
2018-07-03 20:00:56,17.9,5.28,880.72,19.98,27.65
2018-07-03 21:00:56,18.04,5.5,1118.94,20.39,27.0
2018-07-03 22:00:56,29.68,5.97,1018.97,22.77,27.72
2018-07-03 23:00:56,52.03,6.0,993.47,31.09,35.44
2018-07-04 00:00:56,43.83,6.19,1098.4,23.28,27.64
2018-07-04 01:00:56,16.36,5.89,601.09,11.89,16.6
2018-07-04 02:00:56,69.39,6.13,787.95,12.15,17.1
2018-07-04 03:00:56,73.02,6.38,508.49,3.18,6.74
2018-07-04 04:00:56,42.08,6.48,418.62,0.0,0.0
2018-07-04 05:00:56,32.4,7.08,558.36,0.0,0.0
2018-07-04 06:00:56,26.66,7.82,509.12,0.0,0.0
2018-07-04 07:00:56,34.55,7.38,623.28,11.55,15.91
2018-07-04 08:00:56,21.03,7.3,650.37,16.19,22.83
2018-07-04 09:00:56,22.1,6.37,633.89,32.06,42.38
2018-07-04 10:00:56,19.44,5.67,602.57,17.22,25.93
2018-07-04 11:00:56,18.38,5.69,606.5,9.28,16.53
2018-07-04 12:00:56,15.82,6.1,438.31,8.26,15.95
2018-07-04 13:00:56,25.8,2.81,285.48,4.38,10.18
2018-07-04 14:00:56,25.08,1.61,510.6,6.97,15.32
2018-07-04 15:00:56,34.66,1.59,436.47,8.54,16.81
2018-07-04 16:00:56,49.31,1.85,460.72,7.91,15.04
2018-07-04 17:00:56,49.59,1.55,472.89,7.42,13.97
2018-07-04 18:00:56,47.17,1.39,443.34,7.5,13.54
2018-07-04 19:00:56,22.07,1.56,420.89,6.22,11.82
2018-07-04 20:00:56,46.72,1.43,622.69,17.03,24.05
2018-07-04 21:00:56,64.42,2.04,602.46,19.78,27.21
2018-07-04 22:00:56,53.3,3.14,669.11,9.98,14.05
2018-07-04 23:00:56,21.61,3.65,641.01,6.04,10.0
2018-07-05 00:00:56,43.62,3.76,436.55,10.35,16.25
2018-07-05 01:00:56,52.69,3.55,309.95,0.0,0.0
2018-07-05 02:00:56,57.62,4.1,434.75,0.0,0.0
2018-07-05 03:00:56,49.02,4.29,192.48,0.0,0.0
2018-07-05 04:00:56,18.45,4.62,322.25,0.0,0.0
2018-07-05 05:00:56,36.85,4.43,146.3,0.0,0.0
2018-07-05 06:00:56,58.07,4.39,234.12,0.0,0.0
2018-07-05 07:00:56,56.66,4.56,276.42,0.0,0.0
2018-07-05 08:00:56,65.97,3.19,464.36,17.29,23.73
2018-07-05 09:00:56,76.81,2.51,573.95,16.64,23.64
2018-07-05 10:00:56,36.17,1.84,591.76,12.89,19.27
2018-07-05 11:00:56,36.79,1.99,532.25,8.36,15.22
2018-07-05 12:00:56,18.35,1.65,422.12,6.31,12.63
2018-07-05 13:00:56,62.56,2.18,366.99,6.6,13.18
2018-07-05 14:00:56,42.67,2.97,494.41,0.0,0.0
2018-07-05 15:00:56,21.9,2.16,515.33,4.87,10.91
2018-07-05 16:00:56,29.83,1.83,507.83,10.55,16.65
2018-07-05 17:00:56,46.39,2.33,494.52,11.21,18.88
2018-07-05 18:00:56,32.84,2.92,491.5,11.98,18.11
2018-07-05 19:00:56,18.0,3.1,452.76,14.89,21.56
2018-07-05 20:00:56,17.27,3.31,562.82,19.93,26.94
2018-07-05 21:00:56,23.89,3.53,515.45,19.22,24.82
2018-07-05 22:00:56,19.91,3.72,612.07,22.02,25.45
2018-07-05 23:00:56,62.51,3.97,425.99,14.51,18.06
2018-07-06 00:00:56,34.44,4.58,336.41,9.16,12.15
2018-07-06 01:00:56,39.74,5.04,127.77,0.0,0.0
2018-07-06 02:00:56,28.61,5.55,178.4,0.0,0.0
2018-07-06 03:00:56,19.04,4.91,134.83,0.0,0.0
2018-07-06 04:00:56,19.56,5.06,124.53,0.0,0.0
2018-07-06 05:00:56,20.68,4.83,152.83,0.0,0.0
2018-07-06 06:00:56,22.12,5.41,108.34,0.0,0.0
2018-07-06 07:00:56,41.87,4.9,142.32,10.13,13.98
2018-07-06 08:00:56,50.48,4.63,232.54,20.67,27.67
2018-07-06 09:00:56,32.71,4.07,355.07,12.01,18.08
2018-07-06 10:00:56,50.41,3.69,307.12,18.4,26.84
2018-07-06 11:00:56,143.21,3.18,283.76,13.89,21.69
2018-07-06 12:00:56,148.15,3.62,181.16,10.99,20.2
2018-07-06 13:00:56,32.13,2.7,15.49,7.27,13.31
2018-07-06 14:00:56,75.47,2.99,4.82,8.26,15.23
2018-07-06 15:00:56,89.0,2.66,19.54,11.13,18.91
2018-07-06 16:00:56,48.34,5.13,24.01,13.27,22.19
2018-07-06 17:00:56,42.79,8.31,0.0,11.16,18.3
2018-07-06 18:00:56,28.97,6.98,0.0,8.9,14.76
2018-07-06 19:00:56,29.98,6.75,0.0,10.77,16.21
2018-07-06 20:00:56,56.37,6.29,3.87,17.17,22.96
2018-07-06 21:00:56,47.58,5.58,6.95,20.45,26.69
2018-07-06 22:00:56,50.82,4.02,42.89,21.45,25.94
2018-07-06 23:00:56,62.64,2.7,141.23,13.28,17.05
2018-07-07 00:00:56,21.36,2.24,67.41,6.1,9.91
2018-07-07 01:00:56,15.27,3.01,227.05,0.0,0.0
2018-07-07 02:00:56,25.37,3.08,146.81,0.0,0.0
2018-07-07 03:00:56,11.46,2.96,118.43,0.0,0.0
2018-07-07 04:00:56,9.82,3.42,175.48,0.0,0.0
2018-07-07 05:00:56,11.29,3.36,166.99,0.0,0.0
2018-07-07 06:00:56,24.91,3.17,187.09,14.54,21.03
2018-07-07 07:00:56,14.09,3.58,163.4,10.58,15.77
2018-07-07 08:00:56,31.99,2.28,236.54,14.64,22.05
2018-07-07 09:00:56,27.19,1.92,277.34,9.33,15.13
2018-07-07 10:00:56,17.93,1.41,354.75,11.22,18.75
2018-07-07 11:00:56,21.53,1.42,330.85,8.58,22.4
2018-07-07 12:00:56,31.2,1.41,315.16,5.6,11.69
2018-07-07 13:00:56,20.07,2.28,187.34,0.0,0.0
2018-07-07 14:00:56,39.89,3.67,231.79,5.24,10.9
2018-07-07 15:00:56,60.59,3.19,178.5,5.92,12.96
2018-07-07 16:00:56,71.22,3.83,85.64,0.0,0.0
2018-07-07 17:00:56,78.85,5.44,6.41,0.0,0.0
2018-07-07 18:00:56,92.84,4.72,52.48,0.0,0.0
2018-07-07 19:00:56,81.69,3.41,290.21,0.0,0.0
2018-07-07 20:00:56,38.08,3.55,216.41,0.0,0.0
2018-07-07 21:00:56,44.98,4.06,227.45,0.0,0.0
2018-07-07 22:00:56,51.94,4.48,193.92,0.0,0.0
2018-07-07 23:00:56,69.73,4.88,214.91,0.0,0.0
2018-07-08 00:00:56,58.58,5.17,224.89,0.0,0.0
2018-07-08 01:00:56,53.74,5.07,342.39,0.0,0.0
2018-07-08 02:00:56,32.48,6.01,303.27,0.0,0.0
2018-07-08 03:00:56,24.09,6.37,157.95,0.0,0.0
2018-07-08 04:00:56,33.89,6.54,292.42,0.0,0.0
2018-07-08 05:00:56,31.05,6.83,124.96,0.0,0.0
2018-07-08 06:00:56,45.62,6.45,128.87,0.0,0.0
2018-07-08 07:00:56,34.46,6.64,155.01,0.0,0.0
2018-07-08 08:00:56,51.62,5.74,185.85,0.0,0.0
2018-07-08 09:00:56,38.55,4.83,295.25,0.0,0.0
2018-07-08 10:00:56,56.83,3.7,332.42,0.0,0.0
2018-07-08 11:00:56,48.73,3.13,347.76,0.0,0.0
2018-07-08 12:00:56,25.64,3.71,271.63,0.0,0.0
2018-07-08 13:00:56,18.14,3.01,262.74,0.0,0.0
2018-07-08 14:00:56,22.53,4.15,169.01,0.0,0.0
2018-07-08 15:00:56,27.68,6.71,0.0,0.0,0.0
2018-07-08 16:00:56,13.78,6.71,0.0,0.0,0.0
2018-07-08 17:00:56,12.41,6.45,0.91,0.0,0.0
2018-07-08 18:00:56,36.31,5.9,14.5,0.0,0.0
2018-07-08 19:00:56,60.14,6.55,1.78,0.0,0.0
2018-07-08 20:00:56,62.06,6.55,38.39,0.0,0.0
2018-07-08 21:00:56,51.67,6.94,87.23,0.0,0.0
2018-07-08 22:00:56,86.51,5.61,244.24,0.0,0.0
2018-07-08 23:00:56,63.3,4.61,364.7,0.0,0.0
2018-07-09 00:00:56,34.76,5.15,498.31,0.0,0.0
2018-07-09 01:00:56,24.0,5.57,338.91,0.0,0.0
2018-07-09 02:00:56,27.14,5.76,314.33,0.0,0.0
2018-07-09 03:00:56,51.36,5.38,296.25,0.0,0.0
2018-07-09 04:00:56,40.01,5.49,308.86,0.0,0.0
2018-07-09 05:00:56,45.69,5.38,314.15,0.0,0.0
2018-07-09 06:00:56,55.22,5.1,332.74,0.0,0.0
2018-07-09 07:00:56,51.58,4.52,341.45,0.0,0.0
2018-07-09 08:00:56,52.47,4.68,446.73,0.0,0.0
2018-07-09 09:00:56,26.16,4.41,384.09,0.0,0.0
2018-07-09 10:00:56,21.9,4.23,443.64,0.0,0.0
2018-07-09 11:00:56,100.35,3.16,506.3,0.0,0.0
2018-07-09 12:00:56,117.38,3.14,461.32,0.0,0.0
2018-07-09 13:00:56,94.12,2.0,341.01,0.0,0.0
2018-07-09 14:00:56,106.52,1.44,427.95,0.0,0.0
2018-07-09 15:00:56,84.28,1.61,412.34,0.0,0.0
2018-07-09 16:00:56,57.1,1.36,444.24,0.0,0.0
2018-07-09 17:00:56,51.92,1.66,441.97,0.0,0.0
2018-07-09 18:00:56,54.23,1.24,448.09,0.0,0.0
2018-07-09 19:00:56,66.19,3.11,546.43,0.0,0.0
2018-07-09 20:00:56,37.67,5.04,7.62,3.58,10.51
2018-07-09 21:00:56,58.75,6.63,100.41,7.55,15.66
2018-07-09 22:00:56,40.69,6.42,71.19,31.3,42.33
2018-07-09 23:00:56,43.95,7.03,59.73,0.0,0.0
2018-07-10 00:00:56,79.71,6.2,84.37,13.44,19.82
2018-07-10 01:00:56,65.85,4.99,180.15,11.75,17.55
2018-07-10 02:00:56,58.0,5.01,373.61,8.11,13.46
2018-07-10 03:00:56,46.78,5.25,225.69,4.84,10.58
2018-07-10 04:00:56,37.03,5.06,245.21,5.17,10.96
2018-07-10 05:00:56,54.81,5.56,272.5,15.92,21.42
2018-07-10 06:00:56,32.93,5.74,252.75,10.52,16.12
2018-07-10 07:00:56,19.53,5.68,239.89,6.05,11.58
2018-07-10 08:00:56,33.32,5.19,297.77,8.35,14.67
2018-07-10 09:00:56,54.29,4.57,411.4,8.4,15.45
2018-07-10 10:00:56,52.69,3.86,472.76,9.13,16.01
2018-07-10 11:00:56,68.05,3.51,498.39,12.34,20.07
2018-07-10 12:00:56,56.68,3.71,401.67,14.61,22.14
2018-07-10 13:00:56,91.87,6.7,115.08,10.73,16.97
2018-07-10 14:00:56,61.25,7.94,15.5,11.12,18.02
2018-07-10 15:00:56,50.71,5.57,24.99,14.32,20.69
2018-07-10 16:00:56,90.02,5.71,0.15,14.79,21.38
2018-07-10 17:00:56,74.56,5.7,18.24,11.95,18.58
2018-07-10 18:00:56,94.15,5.58,6.73,13.61,20.42
2018-07-10 19:00:56,48.27,5.58,35.27,12.87,18.78
2018-07-10 20:00:56,48.95,6.19,53.32,18.16,24.25
2018-07-10 21:00:56,42.38,5.74,183.75,26.43,31.93
2018-07-10 22:00:56,53.47,5.42,141.99,18.14,23.28
2018-07-10 23:00:56,50.45,4.3,262.15,20.57,25.47
2018-07-11 00:00:56,39.04,3.56,394.07,26.09,31.03
2018-07-11 01:00:56,49.42,3.57,306.63,20.44,25.82
2018-07-11 02:00:56,31.03,3.72,269.11,9.98,14.95
2018-07-11 03:00:56,54.56,4.15,120.12,5.81,11.19
2018-07-11 04:00:56,40.45,4.06,98.89,5.76,11.38
2018-07-11 05:00:56,21.93,3.98,94.53,5.74,11.25
2018-07-11 06:00:56,27.56,3.67,161.44,10.45,16.04
2018-07-11 07:00:56,28.65,3.7,147.35,8.07,13.48
2018-07-11 08:00:56,17.26,3.38,247.69,22.55,28.08
2018-07-11 09:00:56,18.82,2.21,327.27,16.82,22.96
2018-07-11 10:00:56,49.64,2.09,431.57,21.6,28.87
2018-07-11 11:00:56,25.99,2.05,435.64,15.03,21.42
2018-07-11 12:00:56,32.98,3.03,122.43,11.01,17.09
2018-07-11 13:00:56,41.45,1.68,238.76,9.1,15.92
2018-07-11 14:00:56,28.76,0.01,275.25,7.8,14.87
2018-07-11 15:00:56,28.9,0.01,267.52,7.77,14.68
2018-07-11 16:00:56,22.06,0.0,309.76,10.7,17.72
2018-07-11 17:00:56,39.2,0.0,347.33,10.38,17.18
2018-07-11 18:00:56,30.65,0.0,305.66,9.85,17.35
2018-07-11 19:00:56,36.08,0.07,268.48,15.48,22.77
2018-07-11 20:00:56,24.15,0.0,355.79,12.57,19.51
2018-07-11 21:00:56,13.75,2.37,344.81,12.17,19.34
2018-07-11 22:00:56,20.76,2.72,360.86,17.31,23.61
2018-07-11 23:00:56,21.81,2.97,521.69,15.3,21.43
2018-07-12 00:00:56,16.98,2.65,551.56,14.39,20.74
2018-07-12 01:00:56,13.98,2.1,528.71,16.51,22.14
2018-07-12 02:00:56,15.07,1.68,681.94,15.0,21.15
2018-07-12 03:00:56,10.14,1.03,651.94,7.57,13.83
2018-07-12 04:00:56,83.56,0.56,612.54,7.1,13.44
2018-07-12 05:00:56,53.4,0.63,533.22,4.59,11.32
2018-07-12 06:00:56,37.68,0.96,559.06,6.74,13.18
2018-07-12 07:00:56,29.69,1.07,542.92,10.05,16.73
2018-07-12 08:00:56,17.75,1.03,609.02,14.31,21.27
2018-07-12 09:00:56,26.39,0.05,662.72,13.69,20.93
2018-07-12 10:00:56,26.3,0.0,726.75,16.57,23.99
2018-07-12 11:00:56,53.25,0.0,720.74,12.18,20.02
2018-07-12 12:00:56,109.77,0.18,655.96,12.02,18.94
2018-07-12 13:00:56,78.27,3.91,364.09,7.33,14.17
2018-07-12 14:00:56,56.47,5.41,411.32,10.56,17.87
2018-07-12 15:00:56,68.02,5.98,343.69,10.63,17.44
2018-07-12 16:00:56,115.08,6.38,329.86,8.84,15.81
2018-07-12 17:00:56,138.88,5.98,275.05,13.15,20.12
2018-07-12 18:00:56,219.65,5.87,307.41,13.3,20.42
2018-07-12 19:00:56,229.07,5.85,428.59,19.0,25.37
2018-07-12 20:00:56,211.58,6.1,420.82,27.22,33.58
2018-07-12 21:00:56,147.04,6.02,290.29,14.23,20.82
2018-07-12 22:00:56,108.12,5.84,279.1,20.43,27.02
2018-07-12 23:00:56,76.6,6.07,251.17,18.1,24.2
2018-07-13 00:00:56,56.72,6.43,234.57,13.34,19.9
2018-07-13 01:00:56,50.83,6.44,292.37,11.35,17.84
2018-07-13 02:00:56,39.31,6.43,341.53,9.95,16.64
2018-07-13 03:00:56,33.29,6.31,336.23,9.07,15.72
2018-07-13 04:00:56,29.22,6.03,382.98,10.2,16.81
2018-07-13 05:00:56,30.37,6.03,379.87,5.71,12.32
2018-07-13 06:00:56,31.99,5.55,337.95,9.06,15.65
2018-07-13 07:00:56,32.68,5.37,455.42,10.95,17.25
2018-07-13 08:00:56,27.26,5.1,471.57,16.82,23.44
2018-07-13 09:00:56,29.56,5.37,522.24,27.39,33.8
2018-07-13 10:00:56,57.97,5.97,560.43,20.41,26.77
2018-07-13 11:00:56,68.55,6.19,508.81,19.03,25.47
2018-07-13 12:00:56,93.97,6.95,446.26,14.69,21.27
2018-07-13 13:00:56,104.89,6.6,351.33,9.3,15.89
2018-07-13 14:00:56,67.16,6.0,502.66,6.75,14.03
2018-07-13 15:00:56,77.96,5.62,518.54,7.76,14.86
2018-07-13 16:00:56,91.43,5.85,488.51,8.08,15.25
2018-07-13 17:00:56,77.79,5.41,527.65,12.63,20.41
2018-07-13 18:00:56,76.79,5.1,548.86,14.15,21.03
2018-07-13 19:00:56,105.19,6.5,481.82,12.49,19.17
2018-07-13 20:00:56,87.38,6.62,540.22,19.04,26.1
2018-07-13 21:00:56,101.81,7.68,458.68,12.75,19.8
2018-07-13 22:00:56,72.62,6.78,499.53,18.31,25.19
2018-07-13 23:00:56,67.66,6.35,552.64,17.49,23.86
2018-07-14 00:00:56,60.84,5.87,727.16,28.4,34.42
2018-07-14 01:00:56,56.39,5.26,492.05,14.33,20.58
2018-07-14 02:00:56,47.57,4.76,674.27,8.79,15.48
2018-07-14 03:00:56,42.7,3.61,624.66,6.45,13.17
2018-07-14 04:00:56,24.59,3.87,567.13,5.69,12.4
2018-07-14 05:00:56,37.63,3.35,513.15,6.07,12.7
2018-07-14 06:00:56,27.31,3.52,454.56,6.84,13.58
2018-07-14 07:00:56,22.58,3.32,483.63,17.89,24.24
2018-07-14 08:00:56,13.46,3.66,512.92,17.61,24.27
2018-07-14 09:00:56,23.17,3.3,713.57,32.49,41.18
2018-07-14 10:00:56,41.04,2.14,689.96,19.63,27.04
2018-07-14 11:00:56,60.5,1.99,681.97,11.83,19.01
2018-07-14 12:00:56,71.28,3.13,564.67,8.7,15.58
2018-07-14 13:00:56,85.12,4.85,314.55,8.13,15.26
2018-07-14 14:00:56,70.44,4.88,323.4,8.14,15.07
2018-07-14 15:00:56,73.99,4.83,326.2,7.9,15.25
2018-07-14 16:00:56,89.0,5.36,407.2,7.67,14.66
2018-07-14 17:00:56,118.28,4.83,413.93,10.98,17.94
2018-07-14 18:00:56,113.72,6.16,348.08,12.72,20.07
2018-07-14 19:00:56,111.78,5.82,343.04,13.67,20.35
2018-07-14 20:00:56,103.47,6.02,366.67,12.62,19.49
2018-07-14 21:00:56,80.47,5.82,502.78,17.46,24.16
2018-07-14 22:00:56,77.22,5.94,456.16,17.89,24.19
2018-07-14 23:00:56,69.27,5.94,398.36,19.27,25.8
2018-07-15 00:00:56,57.63,5.92,457.96,17.22,23.66
2018-07-15 01:00:56,66.52,6.28,431.67,14.74,20.93
2018-07-15 02:00:56,41.15,6.03,474.29,19.11,25.32
2018-07-15 03:00:56,50.12,5.28,451.8,8.85,15.53
2018-07-15 04:00:56,26.24,5.01,458.0,5.69,12.37
2018-07-15 05:00:56,32.71,5.15,402.11,4.79,11.62
2018-07-15 06:00:56,27.86,4.65,348.81,4.67,11.43
2018-07-15 07:00:56,35.67,4.52,515.3,5.74,12.37
2018-07-15 08:00:56,165.67,4.22,490.37,10.08,16.87
2018-07-15 09:00:56,95.89,3.77,538.63,13.11,19.83
2018-07-15 10:00:56,58.25,3.85,495.86,7.73,14.46
2018-07-15 11:00:56,30.24,3.64,578.52,11.1,17.77
2018-07-15 12:00:56,17.59,3.17,642.14,19.78,26.45
2018-07-15 13:00:56,33.15,3.75,330.26,15.27,22.03
2018-07-15 14:00:56,17.39,3.78,443.64,15.95,22.72
2018-07-15 15:00:56,11.66,3.47,472.25,14.7,21.48
2018-07-15 16:00:56,21.15,2.95,406.18,11.83,18.69
2018-07-15 17:00:56,19.25,2.46,393.79,11.97,19.08
2018-07-15 18:00:56,13.56,2.43,389.34,11.92,18.74
2018-07-15 19:00:56,26.61,2.27,519.43,18.49,25.4
2018-07-15 20:00:56,31.14,2.06,535.53,20.88,27.74
2018-07-15 21:00:56,27.31,2.48,437.34,25.83,32.23
2018-07-15 22:00:56,36.66,2.8,428.78,38.56,44.56
2018-07-15 23:00:56,43.88,2.9,304.57,14.3,20.85
2018-07-16 00:00:56,26.0,3.99,371.47,29.97,36.77
2018-07-16 01:00:56,41.52,6.19,389.6,25.34,31.13
2018-07-16 02:00:56,34.49,6.73,334.13,12.07,18.44
2018-07-16 03:00:56,34.31,6.96,355.08,10.6,17.18
2018-07-16 04:00:56,24.3,6.99,218.55,8.77,15.23
2018-07-16 05:00:56,14.74,7.31,224.82,14.8,21.17
2018-07-16 06:00:56,19.78,7.49,209.49,21.2,27.79
2018-07-16 07:00:56,32.42,8.07,238.06,29.91,35.98
2018-07-16 08:00:56,18.6,6.89,428.24,30.27,36.94
2018-07-16 09:00:56,22.01,6.66,452.27,19.1,25.97
2018-07-16 10:00:56,40.74,14.65,499.38,14.06,21.36
2018-07-16 11:00:56,38.32,12.18,505.81,10.08,17.09
2018-07-16 12:00:56,33.55,6.5,422.18,8.93,15.7
2018-07-16 13:00:56,34.45,7.32,74.08,9.06,16.23
2018-07-16 14:00:56,31.38,14.93,1.48,12.41,19.63
2018-07-16 15:00:56,25.2,20.96,5.46,9.03,16.2
2018-07-16 16:00:56,24.15,13.64,13.1,9.9,16.93
2018-07-16 17:00:56,37.11,20.72,27.22,12.66,19.63
2018-07-16 18:00:56,33.5,14.65,7.31,14.16,21.17
2018-07-16 19:00:56,40.97,11.72,10.39,15.65,22.74
2018-07-16 20:00:56,38.91,9.89,56.29,20.13,27.02
2018-07-16 21:00:56,35.24,8.43,160.62,14.19,20.25
2018-07-16 22:00:56,19.06,7.45,306.68,17.13,23.58
2018-07-16 23:00:56,26.86,6.19,435.89,14.74,21.39
2018-07-17 00:00:56,30.31,6.55,351.99,12.12,18.83
2018-07-17 01:00:56,19.24,7.73,220.98,14.03,20.49
2018-07-17 02:00:56,19.4,7.74,243.48,18.1,24.55
2018-07-17 03:00:56,26.88,7.35,174.7,37.08,43.52
2018-07-17 04:00:56,15.94,7.88,133.57,13.31,19.66
2018-07-17 05:00:56,22.51,7.89,124.79,19.85,25.96
2018-07-17 06:00:56,12.98,7.75,137.23,46.48,55.13
2018-07-17 07:00:56,19.89,8.14,147.9,31.08,36.8
2018-07-17 08:00:56,10.98,9.36,256.04,18.21,24.71
2018-07-17 09:00:56,43.6,18.33,384.44,26.42,33.23
2018-07-17 10:00:56,45.97,28.6,451.37,21.08,27.92
2018-07-17 11:00:56,55.69,0.0,90.56,11.99,24.13
2018-07-17 12:00:56,0.0,0.0,0.0,0.0,0.0
2018-07-17 13:00:56,0.0,0.0,47.47,0.0,0.0
2018-07-17 14:00:56,0.0,13.43,0.0,11.41,18.65
2018-07-17 15:00:56,11.4,20.59,113.54,9.39,16.35
2018-07-17 16:00:56,10.72,11.81,28.9,9.59,16.34
2018-07-17 17:00:56,10.42,9.22,188.7,9.64,16.53
2018-07-17 18:00:56,26.34,8.34,118.28,11.83,18.73
2018-07-17 19:00:56,25.34,7.83,0.97,14.21,20.87
2018-07-17 20:00:56,13.3,7.38,34.97,23.22,30.24
2018-07-17 21:00:56,14.64,7.99,316.66,18.79,25.18
2018-07-17 22:00:56,41.83,7.18,794.13,23.32,29.74
2018-07-17 23:00:56,42.75,5.69,739.87,25.86,31.83
2018-07-18 00:00:56,56.24,4.95,678.77,28.77,35.47
2018-07-18 01:00:56,48.74,4.63,276.77,22.28,29.48
2018-07-18 02:00:56,40.16,4.98,521.19,12.88,20.58
2018-07-18 03:00:56,27.31,5.19,171.59,10.87,17.55
2018-07-18 04:00:56,25.27,5.84,326.91,11.66,18.19
2018-07-18 05:00:56,14.2,5.85,115.1,10.55,17.13
2018-07-18 06:00:56,14.82,6.35,196.6,7.91,15.06
2018-07-18 07:00:56,24.14,6.39,455.34,9.38,16.05
2018-07-18 08:00:56,13.66,5.37,416.5,11.67,18.57
2018-07-18 09:00:56,16.51,3.9,454.33,17.85,24.7
2018-07-18 10:00:56,13.52,3.02,441.63,10.31,16.9
2018-07-18 11:00:56,17.21,2.71,417.98,6.4,13.41
2018-07-18 12:00:56,14.61,2.97,495.3,8.73,15.87
2018-07-18 13:00:56,20.67,8.9,0.0,12.76,19.2
2018-07-18 14:00:56,24.92,10.2,0.0,15.38,22.18
2018-07-18 15:00:56,27.44,10.09,0.0,8.73,15.55
2018-07-18 16:00:56,25.93,12.43,0.0,16.05,23.07
2018-07-18 17:00:56,40.9,12.22,1.16,17.98,24.62
2018-07-18 18:00:56,58.47,10.51,4.32,18.96,25.75
2018-07-18 19:00:56,77.59,10.26,19.71,26.79,32.95
2018-07-18 20:00:56,0.0,0.0,0.0,0.0,0.0
2018-07-18 21:00:56,52.95,10.69,922.64,36.02,42.27
2018-07-18 22:00:56,42.59,9.29,939.86,27.25,33.48
2018-07-18 23:00:56,34.58,8.93,1305.7,25.0,31.36
2018-07-19 00:00:56,36.24,8.46,537.72,13.11,19.8
2018-07-19 01:00:56,25.51,9.13,445.3,7.68,14.35
2018-07-19 02:00:56,15.5,9.35,407.76,18.8,25.44
2018-07-19 03:00:56,22.77,10.03,322.47,14.11,20.84
2018-07-19 04:00:56,27.34,10.14,323.66,9.46,16.43
2018-07-19 05:00:56,15.38,9.81,331.53,13.82,20.31
2018-07-19 06:00:56,14.93,10.45,345.32,13.91,20.21
2018-07-19 07:00:56,17.36,10.18,420.01,14.89,21.95
2018-07-19 08:00:56,28.88,10.13,417.64,26.11,32.55
2018-07-19 09:00:56,28.07,9.96,486.68,16.71,24.18
2018-07-19 10:00:56,39.17,9.41,557.45,19.27,26.06
2018-07-19 11:00:56,28.46,8.02,528.53,19.86,26.72
2018-07-19 12:00:56,32.5,6.31,522.59,10.32,17.74
2018-07-19 13:00:56,23.23,7.26,454.48,12.35,19.2
2018-07-19 14:00:56,18.53,10.97,421.01,10.9,19.9
2018-07-19 15:00:56,13.92,17.14,139.43,12.08,18.87
2018-07-19 16:00:56,45.38,13.77,90.75,15.9,22.61
2018-07-19 17:00:56,47.01,12.59,158.1,24.13,31.07
2018-07-19 18:00:56,71.29,15.48,111.35,21.03,27.49
2018-07-19 19:00:56,55.98,14.46,110.43,15.97,22.84
2018-07-19 20:00:56,53.68,13.11,126.57,15.73,22.61
2018-07-19 21:00:56,45.37,13.68,170.07,15.76,22.83
2018-07-19 22:00:56,48.42,11.95,332.96,15.85,22.41
2018-07-19 23:00:56,48.46,10.42,375.28,16.1,22.59
2018-07-20 00:00:56,39.13,9.99,360.06,15.97,22.62
2018-07-20 01:00:56,34.21,9.15,518.59,13.85,20.33
2018-07-20 02:00:56,37.09,8.0,651.66,15.33,22.7
2018-07-20 03:00:56,27.41,7.69,585.45,14.53,21.05
2018-07-20 04:00:56,31.57,7.89,581.19,14.12,20.56
2018-07-20 05:00:56,29.96,8.57,502.49,9.04,15.49
2018-07-20 06:00:56,26.04,9.07,562.04,7.98,14.42
2018-07-20 07:00:56,28.0,9.04,537.8,21.4,27.74
2018-07-20 08:00:56,29.59,9.33,515.21,25.5,32.12
2018-07-20 09:00:56,17.29,9.16,496.98,19.65,26.28
2018-07-20 10:00:56,31.19,8.67,521.05,13.16,20.26
2018-07-20 11:00:56,33.58,7.61,549.8,13.56,20.52
2018-07-20 12:00:56,20.54,6.38,617.38,14.19,21.49
2018-07-20 13:00:56,76.86,6.34,589.47,9.83,16.95
2018-07-20 14:00:56,56.16,6.39,557.19,7.74,15.14
2018-07-20 15:00:56,38.14,6.56,485.79,10.01,17.61
2018-07-20 16:00:56,25.01,6.49,480.75,10.93,18.15
2018-07-20 17:00:56,37.87,8.53,339.71,16.37,23.49
2018-07-20 18:00:56,36.15,11.77,199.65,12.14,19.35
2018-07-20 19:00:56,49.71,11.4,95.93,15.84,23.56
2018-07-20 20:00:56,53.85,9.77,207.42,18.64,25.53
2018-07-20 21:00:56,45.56,10.07,264.99,25.91,32.43
2018-07-20 22:00:56,52.47,10.22,297.51,19.11,25.45
2018-07-20 23:00:56,41.54,9.24,534.5,23.7,30.08
2018-07-21 00:00:56,47.06,8.53,734.76,28.3,35.72
2018-07-21 01:00:56,50.11,8.47,750.53,20.05,26.43
2018-07-21 02:00:56,38.65,8.69,559.19,10.25,16.95
2018-07-21 03:00:56,20.38,9.08,525.24,9.18,15.82
2018-07-21 04:00:56,27.91,9.98,479.29,8.81,15.51
2018-07-21 05:00:56,21.29,9.98,454.22,8.76,15.65
2018-07-21 06:00:56,21.81,9.26,412.12,14.21,21.23
2018-07-21 07:00:56,32.97,8.79,469.89,12.32,18.78
2018-07-21 08:00:56,18.35,8.68,457.52,13.92,20.87
2018-07-21 09:00:56,42.57,18.53,611.33,17.87,25.0
2018-07-21 10:00:56,64.02,24.81,597.13,12.78,19.35
2018-07-21 11:00:56,53.39,14.69,491.94,12.69,19.65
2018-07-21 12:00:56,56.57,13.98,469.13,9.19,16.4
2018-07-21 13:00:56,57.37,11.51,584.8,8.62,15.86
2018-07-21 14:00:56,44.8,15.51,355.67,9.27,16.34
2018-07-21 15:00:56,37.21,14.78,205.37,8.62,15.79
2018-07-21 16:00:56,31.17,11.82,256.86,9.12,16.38
2018-07-21 17:00:56,33.21,10.6,205.82,9.56,17.0
2018-07-21 18:00:56,19.7,11.01,182.61,9.02,16.09
2018-07-21 19:00:56,35.24,10.58,192.76,12.81,19.74
2018-07-21 20:00:56,29.38,10.47,229.08,13.99,20.92
2018-07-21 21:00:56,23.57,10.18,192.86,19.16,26.01
2018-07-21 22:00:56,45.28,10.56,270.58,17.81,24.25
2018-07-21 23:00:56,40.01,9.85,401.12,14.99,21.81
2018-07-22 00:00:56,38.28,9.2,545.07,19.15,25.57
2018-07-22 01:00:56,36.15,8.52,623.61,8.11,15.06
2018-07-22 02:00:56,34.7,7.73,755.45,10.72,17.56
2018-07-22 03:00:56,23.67,7.53,674.08,10.75,17.42
2018-07-22 04:00:56,30.58,8.71,655.56,9.04,15.97
2018-07-22 05:00:56,17.78,8.77,631.64,8.05,15.58
2018-07-22 06:00:56,18.79,8.7,542.34,10.22,17.36
2018-07-22 07:00:56,28.13,8.73,607.45,7.62,14.36
2018-07-22 08:00:56,37.54,8.23,669.46,6.97,13.68
2018-07-22 09:00:56,34.13,7.44,719.48,10.85,17.76
2018-07-22 10:00:56,37.46,6.15,753.89,9.8,16.76
2018-07-22 11:00:56,24.76,5.3,678.04,7.5,14.78
2018-07-22 12:00:56,42.18,4.89,655.44,6.43,13.6
2018-07-22 13:00:56,30.69,7.38,488.65,6.47,13.89
2018-07-22 14:00:56,21.73,12.2,280.08,7.32,14.54
2018-07-22 15:00:56,26.98,15.49,241.47,8.79,16.1
2018-07-22 16:00:56,32.93,12.59,250.51,8.11,15.32
2018-07-22 17:00:56,24.02,13.7,218.3,9.66,16.71
2018-07-22 18:00:56,31.57,13.07,258.93,8.63,15.84
2018-07-22 19:00:56,32.72,13.15,192.46,10.57,17.33
2018-07-22 20:00:56,38.6,12.37,287.66,15.4,22.88
2018-07-22 21:00:56,30.26,11.83,319.1,19.15,25.73
2018-07-22 22:00:56,36.72,11.79,462.15,17.12,23.66
2018-07-22 23:00:56,43.78,11.39,510.63,27.61,33.93
2018-07-23 00:00:56,62.07,10.34,368.12,12.36,19.1
2018-07-23 01:00:56,59.18,9.46,537.09,12.94,19.53
2018-07-23 02:00:56,41.16,9.39,609.25,14.25,20.73
2018-07-23 03:00:56,30.44,8.97,715.76,6.81,13.65
2018-07-23 04:00:56,35.61,8.82,630.1,5.88,12.71
2018-07-23 05:00:56,31.17,8.83,490.94,5.76,12.56
2018-07-23 06:00:56,30.85,9.21,469.72,7.42,14.01
2018-07-23 07:00:56,19.91,9.37,457.51,10.57,17.22
2018-07-23 08:00:56,20.29,9.52,552.17,19.18,26.17
2018-07-23 09:00:56,37.86,14.78,652.04,14.3,21.89
2018-07-23 10:00:56,39.83,10.51,702.35,13.63,20.63
2018-07-23 11:00:56,41.06,8.41,614.5,11.22,18.6
2018-07-23 12:00:56,43.76,9.11,324.68,10.65,17.85
2018-07-23 13:00:56,42.43,8.79,91.31,12.32,19.44
2018-07-23 14:00:56,28.18,7.39,95.87,9.18,16.05
2018-07-23 15:00:56,48.46,6.39,59.45,10.22,17.26
2018-07-23 16:00:56,45.59,36.97,50.52,11.31,18.36
2018-07-23 17:00:56,51.91,20.27,123.58,12.15,19.44
2018-07-23 18:00:56,51.99,18.96,101.08,11.98,19.26
2018-07-23 19:00:56,54.7,13.37,85.66,16.35,22.75
2018-07-23 20:00:56,43.32,11.48,172.45,19.4,25.99
2018-07-23 21:00:56,61.05,10.34,172.21,13.51,20.64
2018-07-23 22:00:56,56.62,9.4,256.61,13.13,19.56
2018-07-23 23:00:56,77.7,7.86,268.84,11.98,18.71
2018-07-24 00:00:56,52.57,6.55,402.14,11.38,17.99
2018-07-24 01:00:56,49.55,6.08,534.58,11.67,18.43
2018-07-24 02:00:56,48.2,5.33,610.55,14.61,21.05
2018-07-24 03:00:56,47.05,5.12,578.01,13.19,19.88
2018-07-24 04:00:56,26.59,5.72,497.49,8.93,16.18
2018-07-24 05:00:56,25.04,5.9,527.58,8.6,15.34
2018-07-24 06:00:56,33.82,6.12,475.03,8.41,15.47
2018-07-24 07:00:56,26.12,6.44,507.66,11.56,18.11
2018-07-24 08:00:56,20.16,5.88,709.88,28.06,35.51
2018-07-24 09:00:56,60.88,5.91,759.85,17.97,25.0
2018-07-24 10:00:56,66.15,6.24,757.11,9.83,17.55
2018-07-24 11:00:56,51.41,4.97,726.04,7.47,14.69
2018-07-24 12:00:56,46.42,4.34,731.01,8.23,15.08
2018-07-24 13:00:56,33.49,7.85,433.37,8.69,15.65
2018-07-24 14:00:56,18.57,8.74,330.59,8.69,15.93
2018-07-24 15:00:56,27.67,6.18,447.59,7.05,14.03
2018-07-24 16:00:56,36.63,7.14,375.58,7.22,14.12
2018-07-24 17:00:56,34.13,7.57,364.91,12.14,18.96
2018-07-24 18:00:56,58.93,8.73,339.48,11.51,18.84
2018-07-24 19:00:56,60.05,9.32,353.98,15.75,22.71
2018-07-24 20:00:56,59.07,9.8,378.15,11.86,18.59
2018-07-24 21:00:56,54.12,9.41,355.79,18.42,24.88
2018-07-24 22:00:56,58.31,8.89,527.2,19.88,26.03
2018-07-24 23:00:56,54.26,8.0,635.99,15.41,21.66
2018-07-25 00:00:56,29.46,7.19,275.66,15.32,22.34
2018-07-25 01:00:56,20.76,6.39,280.57,13.77,20.09
2018-07-25 02:00:56,12.68,7.04,319.82,17.58,24.08
2018-07-25 03:00:56,16.13,7.02,243.58,22.15,28.83
2018-07-25 04:00:56,17.41,7.51,165.07,17.73,24.13
2018-07-25 05:00:56,22.74,7.56,183.54,17.98,24.52
2018-07-25 06:00:56,16.2,7.78,188.21,18.85,25.84
2018-07-25 07:00:56,27.19,7.69,186.19,18.6,25.07
2018-07-25 08:00:56,27.71,7.41,313.04,16.79,23.52
2018-07-25 09:00:56,35.45,6.79,446.79,22.26,29.23
2018-07-25 10:00:56,45.58,5.88,419.87,17.84,24.78
2018-07-25 11:00:56,65.75,5.49,402.02,17.23,24.52
2018-07-25 12:00:56,54.3,5.52,362.67,9.01,16.0
2018-07-25 13:00:56,50.82,7.79,139.64,8.92,15.75
2018-07-25 14:00:56,32.27,9.87,14.09,6.65,13.19
2018-07-25 15:00:56,20.43,9.0,19.28,8.43,15.1
2018-07-25 16:00:56,38.93,9.27,6.93,9.4,16.44
2018-07-25 17:00:56,32.67,9.55,0.21,10.97,17.56
2018-07-25 18:00:56,29.25,9.4,22.14,11.71,18.34
2018-07-25 19:00:56,34.11,9.78,9.61,13.58,19.96
2018-07-25 20:00:56,37.32,10.37,46.96,14.68,21.34
2018-07-25 21:00:56,32.51,10.79,44.38,15.83,22.09
2018-07-25 22:00:56,37.8,10.31,71.16,14.46,20.87
2018-07-25 23:00:56,27.93,9.72,213.39,17.61,23.91
2018-07-26 00:00:56,37.07,9.04,505.31,19.12,25.1
2018-07-26 01:00:56,36.54,9.42,614.53,17.56,23.41
2018-07-26 02:00:56,28.59,8.77,599.83,20.37,26.42
2018-07-26 03:00:56,34.08,7.99,579.86,11.62,17.92
2018-07-26 04:00:56,37.67,7.86,527.71,10.79,17.1
2018-07-26 05:00:56,25.1,7.26,488.23,6.28,12.99
2018-07-26 06:00:56,15.26,7.22,447.39,4.46,11.26
2018-07-26 07:00:56,17.74,6.62,474.95,4.95,11.51
2018-07-26 08:00:56,11.24,7.38,531.91,20.89,27.45
2018-07-26 09:00:56,24.5,7.02,573.52,21.83,28.41
2018-07-26 10:00:56,32.05,6.51,539.31,15.87,22.5
2018-07-26 11:00:56,17.92,6.48,506.07,13.1,19.89
2018-07-26 12:00:56,47.44,6.35,492.69,9.59,16.56
2018-07-26 13:00:56,53.35,5.84,425.0,8.18,15.87
2018-07-26 14:00:56,28.91,8.12,181.51,8.85,15.89
2018-07-26 15:00:56,34.46,8.35,133.36,10.47,17.36
2018-07-26 16:00:56,42.4,8.25,124.62,10.7,17.79
2018-07-26 17:00:56,50.79,8.87,99.42,9.5,16.83
2018-07-26 18:00:56,50.57,8.23,89.62,10.21,17.1
2018-07-26 19:00:56,41.28,8.17,153.36,9.75,16.65
2018-07-26 20:00:56,30.59,8.03,268.98,15.94,22.8
2018-07-26 21:00:56,38.79,8.56,197.95,15.97,22.77
2018-07-26 22:00:56,24.72,8.64,302.63,20.11,26.21
2018-07-26 23:00:56,32.47,8.4,208.37,15.34,21.28
2018-07-27 00:00:56,27.36,8.96,305.92,14.09,19.87
2018-07-27 01:00:56,37.98,9.01,425.63,21.18,26.63
2018-07-27 02:00:56,35.04,8.4,412.5,8.93,14.87
2018-07-27 03:00:56,27.33,8.32,688.46,6.4,12.58
2018-07-27 04:00:56,18.97,7.57,487.92,7.73,13.93
2018-07-27 05:00:56,28.12,7.85,668.24,6.57,12.82
2018-07-27 06:00:56,25.01,7.42,696.46,6.44,13.02
2018-07-27 07:00:56,27.64,6.84,533.65,7.79,13.85
2018-07-27 08:00:56,27.49,7.0,897.25,24.84,31.02
2018-07-27 09:00:56,34.55,7.65,790.17,14.85,21.86
2018-07-27 10:00:56,44.03,8.33,719.62,9.13,15.29
2018-07-27 11:00:56,23.18,8.58,599.4,8.08,14.55
2018-07-27 12:00:56,28.48,7.8,568.0,7.23,14.66
2018-07-27 13:00:56,23.34,6.68,571.45,8.56,15.67
2018-07-27 14:00:56,16.41,5.96,597.25,9.02,16.74
2018-07-27 15:00:56,27.57,5.68,515.92,11.47,19.31
2018-07-27 16:00:56,30.34,6.44,479.72,9.04,15.7
2018-07-27 17:00:56,35.6,6.32,530.21,10.33,17.55
2018-07-27 18:00:56,27.36,5.67,543.89,14.12,20.88
2018-07-27 19:00:56,37.99,6.17,578.04,11.52,18.23
2018-07-27 20:00:56,36.25,6.47,656.82,15.66,22.52
2018-07-27 21:00:56,29.01,7.12,709.4,22.21,28.59
2018-07-27 22:00:56,38.14,7.02,695.8,18.82,24.88
2018-07-27 23:00:56,40.14,6.84,650.17,14.52,20.5
2018-07-28 00:00:56,34.64,6.65,571.24,17.71,24.07
2018-07-28 01:00:56,46.23,5.66,567.16,9.53,15.58
2018-07-28 02:00:56,24.54,4.85,614.36,9.41,15.84
2018-07-28 03:00:56,15.07,4.54,660.76,8.41,14.89
2018-07-28 04:00:56,28.36,4.71,668.64,5.62,12.17
2018-07-28 05:00:56,19.22,5.09,703.26,11.49,18.15
2018-07-28 06:00:56,14.75,4.98,748.21,9.13,15.59
2018-07-28 07:00:56,15.91,4.7,803.85,17.87,24.14
2018-07-28 08:00:56,20.31,4.31,759.18,24.04,30.41
2018-07-28 09:00:56,30.22,4.73,763.9,25.61,31.91
2018-07-28 10:00:56,30.19,4.0,678.62,10.37,16.62
2018-07-28 11:00:56,28.56,4.01,692.72,8.03,14.57
2018-07-28 12:00:56,19.69,3.86,808.46,12.41,19.71
2018-07-28 13:00:56,26.21,4.57,722.58,10.48,17.95
2018-07-28 14:00:56,18.32,5.15,615.06,6.83,13.6
2018-07-28 15:00:56,28.13,7.59,349.03,7.52,14.5
2018-07-28 16:00:56,37.82,7.56,290.11,6.2,13.16
2018-07-28 17:00:56,30.41,7.32,340.26,10.01,17.17
2018-07-28 18:00:56,34.99,7.69,267.6,10.49,17.51
2018-07-28 19:00:56,34.63,7.7,316.33,12.77,19.64
2018-07-28 20:00:56,23.73,8.29,289.53,12.1,18.95
2018-07-28 21:00:56,31.52,8.32,328.73,16.73,23.46
2018-07-28 22:00:56,28.28,7.98,403.05,19.06,25.27
2018-07-28 23:00:56,35.52,8.36,402.33,14.95,21.36
2018-07-29 00:00:56,44.38,8.22,483.54,14.74,21.48
2018-07-29 01:00:56,37.23,7.12,449.82,14.66,20.56
2018-07-29 02:00:56,32.04,6.74,623.76,16.32,22.47
2018-07-29 03:00:56,33.8,6.44,737.8,11.1,17.31
2018-07-29 04:00:56,38.29,6.06,609.6,7.21,13.49
2018-07-29 05:00:56,24.18,6.55,515.2,9.51,15.9
2018-07-29 06:00:56,18.85,5.67,491.73,15.13,21.48
2018-07-29 07:00:56,20.78,6.26,504.73,12.71,19.05
2018-07-29 08:00:56,21.12,5.92,500.23,8.7,15.48
2018-07-29 09:00:56,12.4,4.77,553.22,10.03,16.97
2018-07-29 10:00:56,19.46,4.78,622.45,13.24,19.99
2018-07-29 11:00:56,19.26,5.12,609.21,9.22,16.37
2018-07-29 12:00:56,28.72,5.06,473.51,7.43,14.59
2018-07-29 13:00:56,29.46,7.24,182.62,6.2,13.19
2018-07-29 14:00:56,16.83,7.02,180.95,6.67,13.65
2018-07-29 15:00:56,9.39,6.1,139.24,7.14,14.07
2018-07-29 16:00:56,8.62,7.1,109.97,10.46,17.9
2018-07-29 17:00:56,18.41,6.15,125.3,10.02,17.39
2018-07-29 18:00:56,28.17,6.29,197.68,11.39,18.72
2018-07-29 19:00:56,21.63,6.98,187.04,15.35,23.12
2018-07-29 20:00:56,21.3,6.98,212.05,19.29,26.35
2018-07-29 21:00:56,30.57,7.04,213.74,19.64,26.46
2018-07-29 22:00:56,22.47,6.5,409.17,30.0,35.97
2018-07-29 23:00:56,44.27,7.14,343.37,12.71,19.28
2018-07-30 00:00:56,30.87,7.15,455.3,9.51,16.33
2018-07-30 01:00:56,36.93,4.19,711.69,11.07,17.65
2018-07-30 02:00:56,33.8,3.81,710.84,10.45,17.14
2018-07-30 03:00:56,23.16,4.22,615.97,8.13,14.81
2018-07-30 04:00:56,14.28,4.11,576.73,7.64,14.22
2018-07-30 05:00:56,24.04,3.95,599.67,6.03,12.71
2018-07-30 06:00:56,24.01,3.46,608.73,13.85,20.79
2018-07-30 07:00:56,30.49,4.05,610.23,13.44,19.94
2018-07-30 08:00:56,37.27,4.53,734.55,15.86,22.69
2018-07-30 09:00:56,29.44,3.93,689.25,17.61,24.6
2018-07-30 10:00:56,32.02,3.73,759.05,11.67,18.69
2018-07-30 11:00:56,41.12,3.08,619.38,8.45,15.52
2018-07-30 12:00:56,42.32,3.78,424.31,7.21,14.54
2018-07-30 13:00:56,27.79,5.97,275.75,7.28,14.22
2018-07-30 14:00:56,15.8,5.38,302.5,7.87,15.12
2018-07-30 15:00:56,27.46,5.16,294.17,8.49,15.78
2018-07-30 16:00:56,35.86,5.69,291.88,11.64,19.16
2018-07-30 17:00:56,30.96,5.24,280.95,10.14,17.47
2018-07-30 18:00:56,45.34,5.84,202.84,11.1,18.31
2018-07-30 19:00:56,44.67,4.74,276.14,14.91,21.91
2018-07-30 20:00:56,51.98,5.83,249.37,12.91,19.97
2018-07-30 21:00:56,44.44,5.74,441.02,14.01,20.5
2018-07-30 22:00:56,59.73,6.18,377.36,23.06,29.15
2018-07-30 23:00:56,44.22,6.68,337.21,16.65,22.85
2018-07-31 00:00:56,45.06,6.42,373.82,9.97,16.47
2018-07-31 01:00:56,36.3,5.94,447.14,10.22,16.51
2018-07-31 02:00:56,19.54,5.55,535.28,6.5,13.11
2018-07-31 03:00:56,21.59,4.9,580.42,3.98,10.58
2018-07-31 04:00:56,21.41,4.56,697.57,6.38,13.13
2018-07-31 05:00:56,18.12,3.74,742.03,6.48,13.24
2018-07-31 06:00:56,26.75,3.96,777.61,11.4,17.85
2018-07-31 07:00:56,29.41,3.93,765.86,7.93,14.32
2018-07-31 08:00:56,32.19,4.0,769.44,11.76,18.66
2018-07-31 09:00:56,35.47,4.78,667.94,17.63,24.77
2018-07-31 10:00:56,47.62,5.83,489.09,11.01,18.14
2018-07-31 11:00:56,43.33,6.12,401.89,10.12,17.5
2018-07-31 12:00:56,34.95,0.0,442.35,6.98,14.0
2018-07-31 13:00:56,38.08,5.6,374.84,0.0,0.0
2018-07-31 14:00:56,40.58,5.02,0.0,7.37,14.96
2018-07-31 15:00:56,33.55,4.35,372.74,10.91,17.67
2018-07-31 16:00:56,41.0,4.72,370.77,12.29,20.13
2018-07-31 17:00:56,43.14,4.85,362.94,12.04,18.92
2018-07-31 18:00:56,26.86,4.92,336.52,10.68,18.76
2018-07-31 19:00:56,30.9,5.13,333.82,11.48,18.65
2018-07-31 20:00:56,38.95,6.41,353.62,14.27,22.25
2018-07-31 21:00:56,32.83,6.02,409.11,14.69,22.47
2018-07-31 22:00:56,29.85,5.37,383.83,12.74,19.27
2018-07-31 23:00:56,36.35,5.73,410.16,15.73,22.16
2018-08-01 00:00:56,33.78,6.02,353.7,12.95,19.35
2018-08-01 01:00:56,33.17,6.58,448.41,8.52,14.78
2018-08-01 02:00:56,20.77,5.77,520.01,9.32,15.68
2018-08-01 03:00:56,30.61,5.09,544.93,8.84,15.47
2018-08-01 04:00:56,31.36,4.96,559.09,9.72,16.09
2018-08-01 05:00:56,26.15,4.74,666.78,4.48,11.31
2018-08-01 06:00:56,35.22,3.96,750.4,10.04,17.04
2018-08-01 07:00:56,25.41,3.64,768.34,13.39,20.31
2018-08-01 08:00:56,33.3,3.53,883.07,13.17,20.54
2018-08-01 09:00:56,29.38,3.18,798.92,11.64,18.95
2018-08-01 10:00:56,33.83,3.12,710.23,12.73,19.88
2018-08-01 11:00:56,60.18,3.32,682.04,14.45,21.28
2018-08-01 12:00:56,62.06,3.56,485.88,18.91,27.62
2018-08-01 13:00:56,82.51,5.32,299.86,10.6,18.44
2018-08-01 14:00:56,53.06,5.38,300.75,11.24,18.81
2018-08-01 15:00:56,67.93,4.62,395.59,8.35,15.53
2018-08-01 16:00:56,76.78,2.65,421.54,8.61,15.71
2018-08-01 17:00:56,105.12,4.05,348.6,11.01,18.33
2018-08-01 18:00:56,128.43,3.62,306.96,11.75,18.94
2018-08-01 19:00:56,120.83,4.32,381.87,13.93,21.29
2018-08-01 20:00:56,114.04,5.19,376.54,10.44,17.39
2018-08-01 21:00:56,111.43,5.15,554.96,13.0,19.96
2018-08-01 22:00:56,94.93,5.14,439.39,14.44,21.37
2018-08-01 23:00:56,73.44,5.76,456.24,18.97,25.64
2018-08-02 00:00:56,67.43,6.03,273.59,18.22,24.94
2018-08-02 01:00:56,58.14,5.92,199.47,10.42,17.33
2018-08-02 02:00:56,55.26,5.8,200.43,7.65,14.64
2018-08-02 03:00:56,44.7,5.82,273.01,6.4,13.43
2018-08-02 04:00:56,42.84,5.43,287.39,9.66,16.52
2018-08-02 05:00:56,37.1,5.1,253.66,10.72,17.48
2018-08-02 06:00:56,50.01,5.09,217.29,9.74,16.55
2018-08-02 07:00:56,47.3,4.99,279.66,15.12,22.13
2018-08-02 08:00:56,51.69,5.0,334.59,22.97,29.71
2018-08-02 09:00:56,46.71,5.31,307.87,20.62,27.37
2018-08-02 10:00:56,57.32,5.71,263.2,14.01,20.88
2018-08-02 11:00:56,79.87,5.28,185.87,10.97,18.01
2018-08-02 12:00:56,76.3,4.77,155.29,9.18,16.25
2018-08-02 13:00:56,78.03,4.0,353.54,9.09,16.33
2018-08-02 14:00:56,59.01,3.71,254.96,9.42,16.51
2018-08-02 15:00:56,66.16,3.73,289.44,6.88,14.0
2018-08-02 16:00:56,100.82,2.82,329.6,7.88,15.2
2018-08-02 17:00:56,109.29,3.72,254.52,9.43,16.6
2018-08-02 18:00:56,94.46,3.24,300.06,9.64,16.91
2018-08-02 19:00:56,99.77,3.85,271.37,9.75,16.82
2018-08-02 20:00:56,87.67,5.07,293.57,12.89,19.78
2018-08-02 21:00:56,80.33,5.23,284.0,13.76,20.56
2018-08-02 22:00:56,70.51,4.87,296.3,13.86,20.68
2018-08-02 23:00:56,56.42,4.79,290.67,16.64,23.34
2018-08-03 00:00:56,60.11,5.76,529.01,13.76,20.37
2018-08-03 01:00:56,46.72,5.63,588.66,8.29,14.71
2018-08-03 02:00:56,40.98,5.18,597.78,10.31,16.96
2018-08-03 03:00:56,28.47,5.55,663.31,9.47,16.15
2018-08-03 04:00:56,29.25,4.59,687.58,5.67,12.1
2018-08-03 05:00:56,36.04,4.19,715.56,9.05,15.72
2018-08-03 06:00:56,40.64,3.8,748.5,11.95,18.64
2018-08-03 07:00:56,36.84,3.56,708.21,14.85,21.5
2018-08-03 08:00:56,26.54,4.19,729.13,18.82,25.94
2018-08-03 09:00:56,43.79,5.09,633.82,21.79,28.55
2018-08-03 10:00:56,54.56,5.85,527.47,16.04,23.02
2018-08-03 11:00:56,86.2,3.59,478.32,12.53,19.51
2018-08-03 12:00:56,79.45,0.0,10.35,17.53,32.73
2018-08-03 13:00:56,64.61,0.75,276.39,8.18,15.08
2018-08-03 14:00:56,62.9,0.0,843.85,6.83,13.88
2018-08-03 15:00:56,55.97,0.0,797.26,7.11,14.16
2018-08-03 16:00:56,74.4,0.0,681.99,9.18,16.16
2018-08-03 17:00:56,77.37,0.0,724.92,8.82,15.78
2018-08-03 18:00:56,82.58,0.0,675.28,10.18,17.45
2018-08-03 19:00:56,0.0,0.0,0.0,13.0,20.13
2018-08-03 20:00:56,74.95,5.16,700.56,16.28,23.11
2018-08-03 21:00:56,83.09,4.7,755.18,16.93,23.5
2018-08-03 22:00:56,75.99,4.31,687.86,17.6,23.81
2018-08-03 23:00:56,58.06,4.78,726.04,21.51,28.32
2018-08-04 00:00:56,36.14,4.79,379.72,18.61,25.79
2018-08-04 01:00:56,43.68,5.28,485.41,18.37,25.13
2018-08-04 02:00:56,37.02,3.73,486.22,10.58,17.9
2018-08-04 03:00:56,22.43,4.03,488.92,8.3,15.3
2018-08-04 04:00:56,27.17,3.0,498.34,7.47,14.42
2018-08-04 05:00:56,22.07,2.7,442.85,9.62,16.77
2018-08-04 06:00:56,17.14,2.95,381.58,17.87,24.99
2018-08-04 07:00:56,26.19,2.69,413.77,20.42,27.59
2018-08-04 08:00:56,26.31,2.12,519.2,23.29,30.62
2018-08-04 09:00:56,28.37,1.41,581.99,19.69,26.78
2018-08-04 10:00:56,41.24,1.72,567.42,10.99,18.08
2018-08-04 11:00:56,50.91,1.76,522.16,11.39,18.69
2018-08-04 12:00:56,65.62,4.12,249.86,14.19,21.24
2018-08-04 13:00:56,115.54,4.81,140.04,8.83,15.97
2018-08-04 14:00:56,84.47,4.51,159.5,8.9,16.15
2018-08-04 15:00:56,82.05,4.28,124.37,9.89,16.89
2018-08-04 16:00:56,73.84,4.87,84.55,11.42,18.71
2018-08-04 17:00:56,58.1,5.27,48.67,10.19,17.25
2018-08-04 18:00:56,65.42,5.4,14.23,10.2,17.37
2018-08-04 19:00:56,43.75,5.09,91.77,11.41,18.85
2018-08-04 20:00:56,30.68,5.24,71.93,16.69,23.91
2018-08-04 21:00:56,32.69,5.14,92.92,18.53,25.84
2018-08-04 22:00:56,41.17,5.8,93.09,20.98,27.57
2018-08-04 23:00:56,31.39,5.95,109.41,12.62,19.27
2018-08-05 00:00:56,29.95,5.34,273.87,10.08,16.86
2018-08-05 01:00:56,29.34,4.76,448.79,6.42,13.12
2018-08-05 02:00:56,16.21,4.16,519.35,3.84,10.7
2018-08-05 03:00:56,24.53,3.17,595.48,2.71,9.7
2018-08-05 04:00:56,18.33,2.87,665.25,2.92,9.89
2018-08-05 05:00:56,21.01,3.21,624.51,4.66,12.11
2018-08-05 06:00:56,22.29,4.11,617.93,7.59,14.54
2018-08-05 07:00:56,22.79,4.38,683.16,17.79,24.26
2018-08-05 08:00:56,18.21,4.16,638.35,9.87,16.65
2018-08-05 09:00:56,17.94,3.53,720.39,10.32,17.7
2018-08-05 10:00:56,12.26,3.11,748.75,10.23,17.97
2018-08-05 11:00:56,32.53,2.7,704.0,12.2,19.51
2018-08-05 12:00:56,39.66,5.11,574.82,8.5,15.8
2018-08-05 13:00:56,42.42,6.04,324.05,7.19,14.47
2018-08-05 14:00:56,29.92,6.52,213.66,6.96,14.04
2018-08-05 15:00:56,28.45,6.09,180.35,6.56,13.58
2018-08-05 16:00:56,37.97,7.03,188.44,7.49,14.69
2018-08-05 17:00:56,24.49,7.93,249.52,6.97,14.21
2018-08-05 18:00:56,32.99,7.21,296.98,8.64,15.97
2018-08-05 19:00:56,42.94,6.78,275.44,11.74,19.03
2018-08-05 20:00:56,48.57,7.47,357.3,18.45,25.58
2018-08-05 21:00:56,45.85,7.74,311.38,18.62,25.6
2018-08-05 22:00:56,32.54,8.15,392.51,19.02,25.53
2018-08-05 23:00:56,44.98,7.71,431.22,17.73,24.4
2018-08-06 00:00:56,48.14,6.24,498.34,18.91,25.66
2018-08-06 01:00:56,51.41,4.83,466.66,20.94,27.79
2018-08-06 02:00:56,50.85,4.23,579.28,11.09,17.86
2018-08-06 03:00:56,30.81,3.48,641.38,8.55,15.36
2018-08-06 04:00:56,42.82,3.71,593.0,7.09,14.25
2018-08-06 05:00:56,24.99,3.9,522.05,5.33,12.39
2018-08-06 06:00:56,25.78,3.7,539.67,10.34,17.3
2018-08-06 07:00:56,43.46,4.36,548.73,8.67,15.62
2018-08-06 08:00:56,38.12,4.02,639.05,15.62,22.81
2018-08-06 09:00:56,28.89,3.22,695.56,21.29,28.19
2018-08-06 10:00:56,36.75,2.55,709.69,13.91,20.9
2018-08-06 11:00:56,40.18,2.57,617.13,10.86,19.12
2018-08-06 12:00:56,34.45,2.96,564.59,8.98,16.11
2018-08-06 13:00:56,44.14,4.01,398.79,6.95,13.85
2018-08-06 14:00:56,29.32,5.49,194.82,10.6,17.91
2018-08-06 15:00:56,26.38,5.41,223.52,8.08,15.76
2018-08-06 16:00:56,23.29,5.14,236.8,7.41,14.78
2018-08-06 17:00:56,36.21,4.93,235.35,8.92,16.36
2018-08-06 18:00:56,26.67,4.21,283.52,8.75,16.04
2018-08-06 19:00:56,44.41,3.82,339.02,10.63,17.97
2018-08-06 20:00:56,37.77,5.01,361.35,15.24,22.81
2018-08-06 21:00:56,48.15,4.84,413.48,16.36,23.37
2018-08-06 22:00:56,43.59,5.32,384.79,12.69,19.45
2018-08-06 23:00:56,44.99,5.35,407.6,15.58,22.45
2018-08-07 00:00:56,47.36,5.09,265.65,17.21,24.02
2018-08-07 01:00:56,39.39,5.03,268.89,13.61,20.55
2018-08-07 02:00:56,42.86,5.13,240.31,12.13,19.2
2018-08-07 03:00:56,37.78,5.07,276.17,7.85,14.96
2018-08-07 04:00:56,32.61,4.9,304.16,5.81,12.77
2018-08-07 05:00:56,32.04,4.17,473.24,5.95,12.84
2018-08-07 06:00:56,29.6,3.0,592.68,6.62,13.16
2018-08-07 07:00:56,22.61,2.64,640.99,24.76,30.82
2018-08-07 08:00:56,20.98,2.57,646.46,17.11,23.55
2018-08-07 09:00:56,18.9,2.34,657.47,27.89,34.31
2018-08-07 10:00:56,27.94,2.04,668.4,16.42,22.91
2018-08-07 11:00:56,39.36,0.85,622.04,10.83,17.46
2018-08-07 12:00:56,29.65,1.18,516.43,8.85,15.94
2018-08-07 13:00:56,44.21,2.27,398.25,7.62,14.58
2018-08-07 14:00:56,28.28,4.29,232.79,8.15,15.05
2018-08-07 15:00:56,45.95,5.21,196.31,8.56,15.58
2018-08-07 16:00:56,27.43,5.2,201.59,8.65,15.69
2018-08-07 17:00:56,25.09,4.5,224.22,8.91,15.52
2018-08-07 18:00:56,38.66,4.83,222.57,9.91,16.9
2018-08-07 19:00:56,41.04,4.39,245.72,15.31,21.69
2018-08-07 20:00:56,35.76,4.55,226.66,10.84,17.33
2018-08-07 21:00:56,36.44,5.02,317.05,14.6,21.39
2018-08-07 22:00:56,44.73,5.07,300.01,26.3,32.59
2018-08-07 23:00:56,54.55,5.02,304.11,24.59,30.78
2018-08-08 00:00:56,34.58,5.1,348.42,15.41,21.38
2018-08-08 01:00:56,38.12,6.23,406.13,7.55,14.15
2018-08-08 02:00:56,28.49,5.43,411.25,9.02,15.57
2018-08-08 03:00:56,25.45,4.85,426.85,7.45,14.11
2018-08-08 04:00:56,29.84,4.99,417.65,7.1,13.85
2018-08-08 05:00:56,22.71,4.82,406.19,6.25,13.13
2018-08-08 06:00:56,30.26,4.23,393.71,7.98,14.83
2018-08-08 07:00:56,36.89,4.22,570.93,17.28,23.68
2018-08-08 08:00:56,29.01,4.31,528.68,24.57,31.21
2018-08-08 09:00:56,30.73,4.66,413.58,26.93,33.73
2018-08-08 10:00:56,44.47,0.0,0.0,19.31,32.44
2018-08-08 11:00:56,53.74,0.0,0.0,37.03,214.51
2018-08-08 12:00:56,64.75,2.65,207.39,21.5,26.69
2018-08-08 13:00:56,66.6,3.07,215.68,16.01,20.88
2018-08-08 14:00:56,62.38,3.69,265.7,11.33,16.33
2018-08-08 15:00:56,104.49,3.56,315.76,12.05,17.26
2018-08-08 16:00:56,68.86,2.0,475.98,16.47,28.83
2018-08-08 17:00:56,45.35,4.2,233.82,31.37,155.92
2018-08-08 18:00:56,24.0,5.7,49.68,27.16,31.77
2018-08-08 19:00:56,13.65,6.42,8.94,26.37,30.95
2018-08-08 20:00:56,8.85,6.36,122.82,25.9,30.75
2018-08-08 21:00:56,14.12,6.29,104.54,10.26,15.29
2018-08-08 22:00:56,9.0,5.92,66.13,13.66,122.44
2018-08-08 23:00:56,8.85,6.28,11.47,0.0,0.0
2018-08-09 00:00:56,17.69,5.87,289.81,20.61,30.64
2018-08-09 01:00:56,24.47,0.14,296.05,7.29,12.97
2018-08-09 02:00:56,32.41,0.26,293.66,5.58,11.09
2018-08-09 03:00:56,18.42,0.06,287.45,4.89,10.76
2018-08-09 04:00:56,22.52,0.04,330.37,4.2,9.85
2018-08-09 05:00:56,28.19,0.0,348.85,3.91,9.5
2018-08-09 06:00:56,21.2,0.0,356.13,3.39,8.88
2018-08-09 07:00:56,28.92,0.0,475.6,3.93,8.85
2018-08-09 08:00:56,23.54,0.0,479.48,4.39,8.91
2018-08-09 09:00:56,19.2,0.0,607.05,5.29,8.51
2018-08-09 10:00:56,42.46,0.0,620.37,6.27,9.14
2018-08-09 11:00:56,49.2,0.0,621.33,6.13,9.77
2018-08-09 12:00:56,44.45,5.76,692.84,0.0,0.0
2018-08-09 13:00:56,72.4,5.7,743.33,7.42,10.01
2018-08-09 14:00:56,69.32,6.73,591.85,6.98,9.66
2018-08-09 15:00:56,71.47,7.86,410.03,8.1,11.78
2018-08-09 16:00:56,80.21,8.05,426.2,8.25,10.64
2018-08-09 17:00:56,63.14,8.71,351.54,8.17,12.56
2018-08-09 18:00:56,51.72,8.88,268.39,7.23,11.56
2018-08-09 19:00:56,35.11,8.79,339.68,7.02,11.4
2018-08-09 20:00:56,45.98,8.73,402.97,7.36,11.54
2018-08-09 21:00:56,42.52,8.12,410.21,8.49,12.91
2018-08-09 22:00:56,34.32,7.92,407.92,8.74,13.6
2018-08-09 23:00:56,45.52,7.54,509.18,8.28,13.03
2018-08-10 00:00:56,42.27,6.33,347.88,8.44,13.18
2018-08-10 01:00:56,38.63,6.04,387.9,7.78,12.98
2018-08-10 02:00:56,28.25,5.27,333.14,6.27,11.88
2018-08-10 03:00:56,39.9,5.48,285.11,5.77,11.24
2018-08-10 04:00:56,28.03,5.87,284.0,4.94,10.8
2018-08-10 05:00:56,22.72,5.92,303.37,4.6,10.26
2018-08-10 06:00:56,26.3,5.69,264.87,4.17,9.84
2018-08-10 07:00:56,23.18,5.9,248.11,4.9,9.41
2018-08-10 08:00:56,12.34,6.34,227.25,6.12,8.82
2018-08-10 09:00:56,37.73,5.42,371.69,7.3,10.29
2018-08-10 10:00:56,48.51,5.54,352.69,7.34,10.9
2018-08-10 11:00:56,58.39,5.15,458.56,6.59,9.68
2018-08-10 12:00:56,74.38,5.52,361.2,6.81,10.6
2018-08-10 13:00:56,55.49,7.62,140.1,6.67,10.58
2018-08-10 14:00:56,58.23,8.06,38.48,5.5,9.92
2018-08-10 15:00:56,48.41,7.9,37.44,5.03,8.92
2018-08-10 16:00:56,41.91,7.93,12.23,5.22,9.33
2018-08-10 17:00:56,45.22,8.98,13.42,5.21,9.19
2018-08-10 18:00:56,57.86,8.49,63.48,5.58,9.7
2018-08-10 19:00:56,63.69,8.43,13.19,5.87,9.92
2018-08-10 20:00:56,68.84,8.72,0.0,5.72,10.43
2018-08-10 21:00:56,64.99,9.49,10.28,6.91,11.42
2018-08-10 22:00:56,69.14,8.44,0.0,7.74,12.93
2018-08-10 23:00:56,52.09,7.6,1.54,7.23,12.61
2018-08-11 00:00:56,47.23,6.85,230.78,7.43,12.79
2018-08-11 01:00:56,40.83,5.64,343.11,6.8,12.44
2018-08-11 02:00:56,31.97,5.25,326.28,6.11,11.89
2018-08-11 03:00:56,28.58,5.97,269.17,5.83,11.7
2018-08-11 04:00:56,19.97,6.06,187.22,5.3,11.14
2018-08-11 05:00:56,20.51,5.98,183.25,4.7,10.58
2018-08-11 06:00:56,34.16,6.44,188.7,4.68,10.63
2018-08-11 07:00:56,17.99,6.54,205.69,4.53,9.9
2018-08-11 08:00:56,11.9,6.35,238.75,3.97,7.7
2018-08-11 09:00:56,26.24,5.25,269.25,5.39,8.19
2018-08-11 10:00:56,0.0,0.0,0.0,0.0,0.0
2018-08-11 11:00:56,101.79,10.75,222.38,6.24,9.58
2018-08-11 12:00:56,85.93,11.85,359.19,7.12,11.2
2018-08-11 13:00:56,92.85,12.74,493.5,13.73,67.26
2018-08-11 14:00:56,94.31,14.26,357.6,17.04,25.66
2018-08-11 15:00:56,103.85,16.52,103.34,18.36,27.29
2018-08-11 16:00:56,91.08,16.77,213.81,24.52,34.7
2018-08-11 17:00:56,107.65,16.6,101.9,22.42,31.31
2018-08-11 18:00:56,113.03,16.55,146.35,16.67,25.51
2018-08-11 19:00:56,95.37,15.74,212.21,13.91,22.7
2018-08-11 20:00:56,58.75,14.91,455.61,12.85,21.68
2018-08-11 21:00:56,47.81,13.78,571.93,28.79,37.37
2018-08-11 22:00:56,54.15,13.13,675.4,23.85,33.03
2018-08-11 23:00:56,41.43,13.74,531.05,23.74,32.44
2018-08-12 00:00:56,36.36,11.42,446.86,17.56,26.15
2018-08-12 01:00:56,35.52,6.27,160.82,15.26,24.03
2018-08-12 02:00:56,23.71,5.88,156.78,14.61,23.51
2018-08-12 03:00:56,22.2,5.93,177.26,18.63,27.44
2018-08-12 04:00:56,30.81,5.6,181.04,12.52,20.77
2018-08-12 05:00:56,21.34,5.39,76.45,15.12,23.33
2018-08-12 06:00:56,18.63,5.8,36.99,14.9,23.44
2018-08-12 07:00:56,22.77,6.0,62.31,13.36,21.86
2018-08-12 08:00:56,22.22,5.65,186.77,17.45,26.49
2018-08-12 09:00:56,20.57,4.33,164.36,15.03,23.63
2018-08-12 10:00:56,14.28,4.17,193.7,11.99,21.52
2018-08-12 11:00:56,20.31,3.53,233.39,9.66,18.68
2018-08-12 12:00:56,27.87,3.18,242.6,8.33,17.07
2018-08-12 13:00:56,33.77,2.87,248.22,8.15,17.59
2018-08-12 14:00:56,31.28,3.87,231.71,10.44,19.27
2018-08-12 15:00:56,31.61,9.03,238.86,13.34,23.36
2018-08-12 16:00:56,33.81,5.24,278.71,12.67,22.51
2018-08-12 17:00:56,36.26,4.73,223.11,12.29,21.49
2018-08-12 18:00:56,34.05,4.71,318.35,17.0,26.03
2018-08-12 19:00:56,56.05,4.63,258.29,17.04,25.81
2018-08-12 20:00:56,52.22,4.93,176.97,12.41,21.28
2018-08-12 21:00:56,53.17,5.48,211.16,35.85,44.13
2018-08-12 22:00:56,41.05,5.66,172.31,51.33,59.05
2018-08-12 23:00:56,32.85,5.75,137.13,59.63,67.08
2018-08-13 00:00:56,29.06,6.0,90.46,48.24,56.2
2018-08-13 01:00:56,29.89,6.45,608.03,19.99,28.24
2018-08-13 02:00:56,19.26,6.49,691.51,10.57,19.45
2018-08-13 03:00:56,21.42,6.59,634.3,0.0,0.0
2018-08-13 04:00:56,14.89,6.26,650.29,0.0,0.0
2018-08-13 05:00:56,20.93,5.86,643.44,3.98,12.85
2018-08-13 06:00:56,12.68,6.48,650.15,16.07,24.94
2018-08-13 07:00:56,15.53,6.34,733.04,25.97,33.96
2018-08-13 08:00:56,19.7,5.96,738.06,34.6,42.86
2018-08-13 09:00:56,22.79,5.22,834.26,35.78,43.44
2018-08-13 10:00:56,28.4,4.5,903.36,19.7,28.61
2018-08-13 11:00:56,28.67,3.71,960.38,17.14,25.89
2018-08-13 12:00:56,42.96,2.81,975.02,16.28,25.5
2018-08-13 13:00:56,46.68,2.85,973.25,12.75,21.28
2018-08-13 14:00:56,36.08,2.95,910.12,9.77,19.01
2018-08-13 15:00:56,20.33,3.23,912.87,13.06,22.75
2018-08-13 16:00:56,36.67,2.86,920.61,12.32,21.34
2018-08-13 17:00:56,23.21,3.27,912.12,11.55,21.19
2018-08-13 18:00:56,28.46,3.03,917.93,18.51,28.71
2018-08-13 19:00:56,26.95,4.05,897.09,26.64,36.62
2018-08-13 20:00:56,22.64,4.2,876.59,35.81,44.37
2018-08-13 21:00:56,28.32,6.39,885.14,58.46,66.22
2018-08-13 22:00:56,45.04,6.31,939.82,43.46,51.17
2018-08-13 23:00:56,53.88,5.42,852.18,29.59,37.7
2018-08-14 00:00:56,33.87,5.9,818.54,30.45,38.53
2018-08-14 01:00:56,28.37,7.04,448.18,26.98,35.08
2018-08-14 02:00:56,24.76,6.25,297.64,17.28,25.21
2018-08-14 03:00:56,35.54,6.27,242.63,14.4,22.52
2018-08-14 04:00:56,27.25,6.42,237.72,11.97,20.15
2018-08-14 05:00:56,25.22,6.7,215.48,11.03,19.82
2018-08-14 06:00:56,21.93,7.34,212.6,23.75,32.93
2018-08-14 07:00:56,18.72,7.48,196.59,18.24,25.95
2018-08-14 08:00:56,21.61,6.92,284.62,23.17,31.21
2018-08-14 09:00:56,29.13,6.45,337.38,31.42,39.2
2018-08-14 10:00:56,27.77,4.98,394.65,14.64,22.86
2018-08-14 11:00:56,23.5,4.17,424.95,16.88,25.21
2018-08-14 12:00:56,30.36,0.0,441.47,14.22,23.3
2018-08-14 13:00:56,37.09,3.86,455.71,0.0,0.0
2018-08-14 14:00:56,27.26,3.43,0.0,9.18,18.11
2018-08-14 15:00:56,54.57,3.95,408.87,9.56,18.45
2018-08-14 16:00:56,66.86,3.92,468.2,12.43,22.03
2018-08-14 17:00:56,51.41,4.1,499.36,14.49,24.32
2018-08-14 18:00:56,49.59,4.27,469.8,13.06,22.27
2018-08-14 19:00:56,45.07,4.57,464.52,19.1,27.94
2018-08-14 20:00:56,36.58,4.69,502.56,21.46,30.62
2018-08-14 21:00:56,25.95,5.29,451.34,23.7,33.26
2018-08-14 22:00:56,41.28,5.35,474.35,32.82,41.28
2018-08-14 23:00:56,35.99,5.58,554.48,27.62,35.72
2018-08-15 00:00:56,39.65,5.36,426.2,13.17,21.42
2018-08-15 01:00:56,35.01,6.52,336.29,21.73,30.0
2018-08-15 02:00:56,19.64,6.73,321.46,15.59,24.16
2018-08-15 03:00:56,23.53,6.71,258.52,13.33,21.77
2018-08-15 04:00:56,19.44,7.55,208.36,3.59,12.31
2018-08-15 05:00:56,29.57,7.59,179.53,5.49,14.26
2018-08-15 06:00:56,17.55,8.13,151.7,15.7,27.89
2018-08-15 07:00:56,19.15,7.6,173.88,16.16,23.94
2018-08-15 08:00:56,11.9,7.53,248.47,18.95,27.24
2018-08-15 09:00:56,14.69,6.73,375.02,9.21,18.4
2018-08-15 10:00:56,24.77,5.83,398.31,17.59,26.67
2018-08-15 11:00:56,19.09,5.59,404.82,17.89,26.89
2018-08-15 12:00:56,24.72,10.22,430.45,21.5,30.75
2018-08-15 13:00:56,55.81,27.11,379.83,12.75,21.94
2018-08-15 14:00:56,47.14,6.81,432.13,11.29,20.3
2018-08-15 15:00:56,41.91,5.54,384.27,12.8,22.14
2018-08-15 16:00:56,45.91,5.17,411.72,13.79,22.97
2018-08-15 17:00:56,42.21,5.22,443.18,18.68,28.12
2018-08-15 18:00:56,39.2,5.33,386.22,11.33,20.13
2018-08-15 19:00:56,36.03,5.31,458.03,14.66,23.42
2018-08-15 20:00:56,30.5,5.13,458.45,18.81,27.89
2018-08-15 21:00:56,38.64,5.42,528.39,31.17,39.21
2018-08-15 22:00:56,36.3,5.68,387.55,19.1,27.29
2018-08-15 23:00:56,40.39,6.06,487.61,35.53,43.78
2018-08-16 00:00:56,41.8,6.65,424.96,27.67,36.2
2018-08-16 01:00:56,42.84,6.41,366.05,21.3,29.69
2018-08-16 02:00:56,42.24,6.79,427.91,16.08,24.87
2018-08-16 03:00:56,36.85,7.23,323.62,14.08,22.71
2018-08-16 04:00:56,33.45,7.56,334.18,16.09,24.63
2018-08-16 05:00:56,25.56,7.69,278.07,6.27,14.61
2018-08-16 06:00:56,19.73,7.37,331.62,15.43,30.57
2018-08-16 07:00:56,16.12,7.85,248.84,16.0,23.68
2018-08-16 08:00:56,14.52,7.77,407.89,35.5,43.79
2018-08-16 09:00:56,29.48,10.17,430.61,30.05,39.17
2018-08-16 10:00:56,53.1,9.14,407.11,5.25,14.25
2018-08-16 11:00:56,31.65,7.03,409.36,14.51,24.09
2018-08-16 12:00:56,26.96,29.47,352.55,25.18,34.01
2018-08-16 13:00:56,49.84,52.22,336.24,12.86,21.81
2018-08-16 14:00:56,55.84,36.86,388.95,16.35,25.65
2018-08-16 15:00:56,29.43,14.13,398.08,15.32,24.56
2018-08-16 16:00:56,61.8,10.27,384.48,12.0,21.62
2018-08-16 17:00:56,51.99,6.86,485.43,13.25,22.22
2018-08-16 18:00:56,54.23,5.29,485.8,12.64,22.54
2018-08-16 19:00:56,47.23,5.46,501.02,20.1,29.2
2018-08-16 20:00:56,46.49,5.23,488.97,22.93,32.85
2018-08-16 21:00:56,40.63,5.87,560.49,42.41,51.39
2018-08-16 22:00:56,36.37,5.8,634.47,57.34,66.71
2018-08-16 23:00:56,45.69,5.76,564.75,35.53,43.42
2018-08-17 00:00:56,39.29,6.01,516.71,34.91,44.3
2018-08-17 01:00:56,42.51,6.73,485.31,29.96,38.63
2018-08-17 02:00:56,35.31,6.43,477.89,21.5,29.99
2018-08-17 03:00:56,29.47,7.15,376.95,15.94,24.51
2018-08-17 04:00:56,35.25,6.86,399.52,16.29,24.55
2018-08-17 05:00:56,29.98,7.07,402.69,15.73,23.85
2018-08-17 06:00:56,25.91,7.32,415.7,15.2,24.0
2018-08-17 07:00:56,24.14,7.65,413.07,30.01,41.13
2018-08-17 08:00:56,28.0,7.68,477.31,21.43,30.14
2018-08-17 09:00:56,32.71,6.4,515.58,12.84,21.2
2018-08-17 10:00:56,37.57,5.47,540.14,11.99,20.48
2018-08-17 11:00:56,24.83,4.69,652.65,19.88,30.14
2018-08-17 12:00:56,31.26,4.07,564.97,15.17,23.79
2018-08-17 13:00:56,41.37,4.56,559.49,14.75,24.26
2018-08-17 14:00:56,43.91,4.86,525.14,9.79,19.21
2018-08-17 15:00:56,39.74,4.56,520.66,12.1,21.83
2018-08-17 16:00:56,51.18,4.48,541.88,14.95,24.43
2018-08-17 17:00:56,33.58,4.28,535.56,14.76,24.84
2018-08-17 18:00:56,34.21,4.64,563.76,20.12,29.25
2018-08-17 19:00:56,59.48,4.78,608.8,11.68,20.36
2018-08-17 20:00:56,42.49,4.5,618.41,21.8,31.59
2018-08-17 21:00:56,56.17,5.08,679.28,31.88,40.37
2018-08-17 22:00:56,67.15,5.87,702.27,32.94,41.07
2018-08-17 23:00:56,56.12,6.01,599.54,23.32,31.62
2018-08-18 00:00:56,49.27,6.16,693.2,37.64,48.02
2018-08-18 01:00:56,46.78,5.47,318.1,33.89,42.56
2018-08-18 02:00:56,42.93,5.61,237.49,28.44,37.54
2018-08-18 03:00:56,23.16,6.09,185.72,21.79,30.69
2018-08-18 04:00:56,30.68,5.92,98.38,13.19,21.49
2018-08-18 05:00:56,27.02,6.33,128.26,15.16,23.27
2018-08-18 06:00:56,33.59,6.72,112.85,11.07,19.35
2018-08-18 07:00:56,31.64,6.76,126.73,15.8,24.44
2018-08-18 08:00:56,23.82,6.31,252.36,29.4,38.32
2018-08-18 09:00:56,32.48,6.01,261.26,30.22,38.2
2018-08-18 10:00:56,35.1,4.73,351.26,31.42,39.56
2018-08-18 11:00:56,45.52,3.53,358.34,21.76,31.39
2018-08-18 12:00:56,55.97,3.38,384.55,14.1,23.07
2018-08-18 13:00:56,62.91,2.63,412.08,17.22,26.55
2018-08-18 14:00:56,60.72,2.97,393.71,12.79,21.68
2018-08-18 15:00:56,52.38,2.91,338.48,12.26,20.94
2018-08-18 16:00:56,113.82,3.79,310.85,15.62,24.05
2018-08-18 17:00:56,107.43,5.66,230.62,15.8,24.2
2018-08-18 18:00:56,97.02,5.78,179.22,16.13,24.33
2018-08-18 19:00:56,91.26,5.71,199.7,13.85,22.41
2018-08-18 20:00:56,57.4,5.69,260.17,19.76,28.04
2018-08-18 21:00:56,48.04,5.15,360.19,37.28,44.91
2018-08-18 22:00:56,46.55,4.85,386.54,37.69,45.15
2018-08-18 23:00:56,47.57,3.69,523.3,40.53,48.6
2018-08-19 00:00:56,38.28,3.32,588.8,54.04,62.11
2018-08-19 01:00:56,37.75,6.87,246.29,47.16,55.33
2018-08-19 02:00:56,41.33,7.05,169.44,26.31,35.1
2018-08-19 03:00:56,36.57,7.19,54.83,22.13,30.67
2018-08-19 04:00:56,39.84,7.43,7.99,11.78,20.32
2018-08-19 05:00:56,46.92,7.64,56.99,6.09,15.01
2018-08-19 06:00:56,34.87,7.79,83.57,10.35,19.46
2018-08-19 07:00:56,46.55,8.22,17.26,15.95,24.29
2018-08-19 08:00:56,46.64,8.5,7.62,13.21,22.14
2018-08-19 09:00:56,35.94,7.37,56.02,20.15,28.87
2018-08-19 10:00:56,54.88,6.16,249.85,20.61,29.52
2018-08-19 11:00:56,101.03,5.97,382.43,23.71,31.76
2018-08-19 12:00:56,123.57,5.33,243.4,13.51,22.15
2018-08-19 13:00:56,125.95,5.86,229.48,8.52,17.06
2018-08-19 14:00:56,94.86,5.88,251.75,8.88,17.28
2018-08-19 15:00:56,104.68,5.93,150.97,10.45,19.7
2018-08-19 16:00:56,105.34,5.55,177.31,10.48,19.5
2018-08-19 17:00:56,100.97,5.93,227.27,13.56,22.51
2018-08-19 18:00:56,103.11,6.52,169.03,12.09,21.23
2018-08-19 19:00:56,71.53,6.9,146.36,16.05,24.55
2018-08-19 20:00:56,67.84,6.9,174.75,16.93,25.71
2018-08-19 21:00:56,69.62,7.58,78.75,28.5,37.43
2018-08-19 22:00:56,60.86,7.54,54.26,39.3,48.89
2018-08-19 23:00:56,50.48,8.04,56.77,30.43,39.02
2018-08-20 00:00:56,40.19,7.73,25.36,29.31,37.84
2018-08-20 01:00:56,59.03,7.58,333.97,21.98,30.41
2018-08-20 02:00:56,41.68,7.21,432.61,17.35,26.1
2018-08-20 03:00:56,38.1,7.25,381.24,10.33,18.86
2018-08-20 04:00:56,33.27,7.14,393.3,9.89,18.8
2018-08-20 05:00:56,46.12,7.19,392.62,8.58,16.86
2018-08-20 06:00:56,34.79,7.15,436.91,10.2,19.03
2018-08-20 07:00:56,39.09,7.48,384.39,34.76,42.9
2018-08-20 08:00:56,38.6,7.97,414.72,19.66,27.96
2018-08-20 09:00:56,31.15,7.27,491.21,19.4,28.38
2018-08-20 10:00:56,31.85,6.56,581.35,28.19,36.85
2018-08-20 11:00:56,66.66,6.52,571.51,13.09,22.33
2018-08-20 12:00:56,63.2,5.92,585.52,9.42,18.43
2018-08-20 13:00:56,60.15,5.87,578.11,6.54,15.43
2018-08-20 14:00:56,31.86,5.64,585.15,7.67,17.17
2018-08-20 15:00:56,39.48,5.83,573.3,8.34,17.45
2018-08-20 16:00:56,57.55,6.02,573.19,10.85,20.42
2018-08-20 17:00:56,55.32,18.2,577.63,13.48,24.07
2018-08-20 18:00:56,50.68,23.27,545.92,12.47,22.3
2018-08-20 19:00:56,41.41,11.81,552.41,11.69,20.22
2018-08-20 20:00:56,32.26,9.02,569.95,24.58,33.16
2018-08-20 21:00:56,39.98,7.84,629.93,25.44,34.45
2018-08-20 22:00:56,48.65,7.6,559.7,22.49,32.04
2018-08-20 23:00:56,43.76,7.98,596.96,34.61,42.73
2018-08-21 00:00:56,40.24,7.76,522.95,25.42,33.65
2018-08-21 01:00:56,41.14,7.69,384.52,22.7,30.88
2018-08-21 02:00:56,41.77,7.89,315.58,16.82,25.48
2018-08-21 03:00:56,33.2,8.05,307.79,10.59,19.1
2018-08-21 04:00:56,35.45,8.26,264.62,11.6,20.01
2018-08-21 05:00:56,43.77,8.32,233.17,10.28,19.03
2018-08-21 06:00:56,33.75,8.25,289.92,14.27,22.65
2018-08-21 07:00:56,31.56,8.19,281.49,24.94,32.98
2018-08-21 08:00:56,32.97,8.43,330.39,29.0,37.13
2018-08-21 09:00:56,36.13,8.79,291.44,18.91,27.09
2018-08-21 10:00:56,34.82,7.67,258.55,12.42,21.28
2018-08-21 11:00:56,42.27,7.57,278.06,8.28,17.48
2018-08-21 12:00:56,32.62,7.73,276.2,5.29,15.01
2018-08-21 13:00:56,34.62,9.27,269.28,5.65,14.92
2018-08-21 14:00:56,42.73,27.48,195.05,6.87,16.2
2018-08-21 15:00:56,37.34,11.59,230.72,6.43,15.48
2018-08-21 16:00:56,31.59,8.39,279.6,6.64,16.03
2018-08-21 17:00:56,23.61,6.9,314.31,7.96,17.12
2018-08-21 18:00:56,25.47,7.02,267.62,10.58,20.08
2018-08-21 19:00:56,34.64,6.94,245.3,16.22,24.97
2018-08-21 20:00:56,29.91,6.89,369.51,19.51,28.38
2018-08-21 21:00:56,31.69,6.71,347.91,17.14,25.88
2018-08-21 22:00:56,27.78,6.81,327.03,21.21,29.71
2018-08-21 23:00:56,38.97,6.97,406.64,24.63,32.85
2018-08-22 00:00:56,29.67,7.27,322.31,20.0,28.17
2018-08-22 01:00:56,36.02,6.67,371.3,21.3,29.64
2018-08-22 02:00:56,38.7,6.76,413.45,22.3,30.41
2018-08-22 03:00:56,28.12,7.17,396.77,18.75,26.8
2018-08-22 04:00:56,25.67,7.09,336.06,14.31,22.77
2018-08-22 05:00:56,28.23,7.3,316.65,13.49,22.14
2018-08-22 06:00:56,32.23,6.79,326.34,17.27,25.75
2018-08-22 07:00:56,28.56,6.85,307.28,21.7,29.53
2018-08-22 08:00:56,28.22,7.28,313.53,15.56,24.38
2018-08-22 09:00:56,34.21,6.96,344.79,14.17,22.54
2018-08-22 10:00:56,25.8,6.4,443.07,15.05,23.41
2018-08-22 11:00:56,33.74,6.5,390.47,7.76,17.01
2018-08-22 12:00:56,38.09,5.82,442.49,7.43,16.17
2018-08-22 13:00:56,31.6,5.97,368.0,6.56,16.17
2018-08-22 14:00:56,28.78,7.69,376.81,9.06,18.38
2018-08-22 15:00:56,32.46,12.51,277.85,10.69,19.78
2018-08-22 16:00:56,26.13,27.81,272.96,10.15,19.32
2018-08-22 17:00:56,33.91,13.26,228.12,9.4,18.6
2018-08-22 18:00:56,30.44,8.7,268.7,11.78,20.48
2018-08-22 19:00:56,31.23,8.14,314.18,19.71,27.83
2018-08-22 20:00:56,32.91,8.37,308.92,23.87,32.7
2018-08-22 21:00:56,41.02,7.93,312.03,26.05,34.74
2018-08-22 22:00:56,45.31,8.23,252.29,14.38,23.11
2018-08-22 23:00:56,34.11,8.7,198.91,9.25,17.9
2018-08-23 00:00:56,44.31,8.07,190.43,8.3,17.23
2018-08-23 01:00:56,34.89,7.05,392.61,5.65,14.24
2018-08-23 02:00:56,32.05,6.83,377.34,3.07,12.14
2018-08-23 03:00:56,31.58,6.61,417.1,0.0,0.0
2018-08-23 04:00:56,23.04,6.54,379.79,0.0,0.0
2018-08-23 05:00:56,34.75,6.11,405.83,8.81,17.26
2018-08-23 06:00:56,18.7,6.63,408.72,7.84,16.61
2018-08-23 07:00:56,26.79,6.94,463.98,9.55,18.37
2018-08-23 08:00:56,28.7,7.13,528.42,14.41,23.37
2018-08-23 09:00:56,36.69,6.18,632.17,10.93,19.66
2018-08-23 10:00:56,36.52,4.96,687.54,11.4,19.94
2018-08-23 11:00:56,39.43,4.86,664.77,7.74,16.57
2018-08-23 12:00:56,39.89,11.96,696.56,13.38,22.44
2018-08-23 13:00:56,55.11,0.0,696.12,17.55,27.55
2018-08-23 14:00:56,53.98,91.62,649.64,15.82,25.22
2018-08-23 15:00:56,59.15,114.4,590.59,16.02,25.28
2018-08-23 16:00:56,64.58,33.2,508.49,14.62,23.45
2018-08-23 17:00:56,68.09,17.11,634.4,8.36,17.4
2018-08-23 18:00:56,61.29,8.69,659.63,11.44,20.95
2018-08-23 19:00:56,58.06,6.44,751.83,20.31,29.17
2018-08-23 20:00:56,35.64,5.92,779.52,24.23,33.42
2018-08-23 21:00:56,61.08,5.69,837.77,36.86,45.38
2018-08-23 22:00:56,62.69,5.7,864.77,46.51,54.86
2018-08-23 23:00:56,67.45,5.92,948.23,53.58,61.65
2018-08-24 00:00:56,73.13,5.7,1057.2,51.79,62.54
2018-08-24 01:00:56,61.27,6.67,1007.17,40.07,48.3
2018-08-24 02:00:56,62.25,6.9,1000.01,25.25,33.81
2018-08-24 03:00:56,54.97,6.8,820.64,31.05,39.62
2018-08-24 04:00:56,50.13,6.59,797.08,7.49,16.15
2018-08-24 05:00:56,47.99,6.7,760.58,5.3,14.19
2018-08-24 06:00:56,48.49,6.86,782.32,61.86,68.78
2018-08-24 07:00:56,43.22,6.73,830.95,57.88,64.99
2018-08-24 08:00:56,32.68,6.6,768.92,13.89,22.55
2018-08-24 09:00:56,30.8,7.89,844.4,28.54,38.09
2018-08-24 10:00:56,126.19,11.95,929.35,16.25,25.85
2018-08-24 11:00:56,152.51,11.95,959.8,15.13,25.37
2018-08-24 12:00:56,128.25,16.15,950.27,20.64,31.73
2018-08-24 13:00:56,128.11,10.59,955.21,17.23,27.63
2018-08-24 14:00:56,107.93,6.33,958.11,12.81,22.6
2018-08-24 15:00:56,119.25,5.16,968.86,16.0,27.01
2018-08-24 16:00:56,116.76,4.68,948.42,15.52,26.24
2018-08-24 17:00:56,116.57,4.27,964.7,15.07,25.32
2018-08-24 18:00:56,99.51,3.83,927.93,18.0,27.32
2018-08-24 19:00:56,92.58,5.41,905.35,30.22,40.1
2018-08-24 20:00:56,104.44,5.29,1080.31,38.81,47.56
2018-08-24 21:00:56,82.19,5.03,1180.89,49.01,57.54
2018-08-24 22:00:56,76.63,5.95,1134.7,39.95,49.28
2018-08-24 23:00:56,71.32,6.42,1347.21,56.51,65.5
2018-08-25 00:00:56,92.83,6.77,1349.28,44.72,53.23
2018-08-25 01:00:56,89.71,8.49,655.3,36.47,46.68
2018-08-25 02:00:56,78.76,8.47,421.86,27.35,36.19
2018-08-25 03:00:56,64.48,8.92,449.19,18.22,26.55
2018-08-25 04:00:56,53.47,8.98,376.42,11.88,20.03
2018-08-25 05:00:56,53.37,9.36,406.19,7.88,16.81
2018-08-25 06:00:56,38.96,9.15,334.66,27.41,35.03
2018-08-25 07:00:56,40.35,9.38,312.72,13.98,22.7
2018-08-25 08:00:56,41.92,9.1,286.4,16.04,24.59
2018-08-25 09:00:56,35.35,13.28,407.76,34.98,44.87
2018-08-25 10:00:56,106.28,24.45,440.36,18.78,29.39
2018-08-25 11:00:56,108.43,13.09,470.63,10.64,19.97
2018-08-25 12:00:56,78.48,8.88,428.51,7.16,16.35
2018-08-25 13:00:56,45.8,6.33,593.91,19.67,29.04
2018-08-25 14:00:56,69.85,6.24,530.32,15.92,24.52
2018-08-25 15:00:56,74.13,6.41,437.76,14.07,22.46
2018-08-25 16:00:56,62.4,8.57,241.27,12.5,21.22
2018-08-25 17:00:56,63.29,9.64,171.31,9.19,18.99
2018-08-25 18:00:56,50.09,9.59,181.13,6.11,15.3
2018-08-25 19:00:56,46.93,10.02,152.24,8.35,17.02
2018-08-25 20:00:56,32.77,9.0,204.7,14.61,22.89
2018-08-25 21:00:56,46.19,9.09,280.97,22.78,30.86
2018-08-25 22:00:56,52.2,8.62,584.71,37.75,48.81
2018-08-25 23:00:56,68.01,7.35,728.15,42.61,50.83
2018-08-26 00:00:56,55.8,5.61,697.36,46.17,54.35
2018-08-26 01:00:56,51.35,7.05,310.29,36.5,45.39
2018-08-26 02:00:56,37.0,7.23,278.78,17.44,26.02
2018-08-26 03:00:56,41.07,7.17,232.98,9.81,18.44
2018-08-26 04:00:56,33.49,7.1,207.18,13.15,21.66
2018-08-26 05:00:56,34.7,7.49,197.02,19.82,28.64
2018-08-26 06:00:56,22.73,7.55,209.57,43.36,51.36
2018-08-26 07:00:56,19.8,7.96,205.4,20.25,28.69
2018-08-26 08:00:56,27.26,7.65,302.86,33.54,41.89
2018-08-26 09:00:56,24.04,6.94,296.65,15.37,24.57
2018-08-26 10:00:56,23.8,5.7,331.63,10.87,19.8
2018-08-26 11:00:56,53.13,5.51,423.29,14.24,23.09
2018-08-26 12:00:56,43.8,5.19,511.28,13.17,22.38
2018-08-26 13:00:56,77.18,4.98,474.08,10.43,20.34
2018-08-26 14:00:56,71.2,6.74,444.31,10.32,20.85
2018-08-26 15:00:56,55.76,9.25,349.57,9.69,19.55
2018-08-26 16:00:56,52.35,9.79,335.12,10.45,20.35
2018-08-26 17:00:56,53.41,8.07,435.12,11.42,20.41
2018-08-26 18:00:56,60.05,6.7,407.98,7.64,16.24
2018-08-26 19:00:56,35.42,6.21,393.2,10.09,18.81
2018-08-26 20:00:56,38.78,6.13,479.36,21.88,31.98
2018-08-26 21:00:56,55.65,7.35,507.56,26.93,34.46
2018-08-26 22:00:56,67.8,7.7,504.11,25.38,32.87
2018-08-26 23:00:56,50.86,7.67,477.11,13.11,20.57
2018-08-27 00:00:56,56.65,7.51,547.87,21.23,28.74
2018-08-27 01:00:56,47.77,6.88,446.82,27.97,35.15
2018-08-27 02:00:56,43.34,6.97,431.62,14.93,22.96
2018-08-27 03:00:56,34.56,6.45,476.28,8.2,15.89
2018-08-27 04:00:56,26.82,6.57,365.23,7.81,15.8
2018-08-27 05:00:56,26.4,6.38,376.69,10.87,19.18
2018-08-27 06:00:56,26.91,6.72,338.08,12.24,20.57
2018-08-27 07:00:56,15.81,7.3,269.85,16.86,26.47
2018-08-27 08:00:56,0.0,0.0,0.0,0.0,0.0
2018-08-27 09:00:56,1.08,0.0,533.19,0.0,0.0
2018-08-27 10:00:56,10.27,26.82,71.75,26.58,37.42
2018-08-27 11:00:56,27.38,25.75,170.41,23.89,34.28
2018-08-27 12:00:56,54.81,24.53,294.41,18.01,27.77
2018-08-27 13:00:56,54.24,25.28,195.14,14.4,23.93
2018-08-27 14:00:56,44.27,26.23,113.69,15.72,25.71
2018-08-27 15:00:56,56.39,28.98,0.08,15.95,24.8
2018-08-27 16:00:56,49.07,29.24,0.0,19.13,28.86
2018-08-27 17:00:56,57.55,29.45,0.5,16.18,25.33
2018-08-27 18:00:56,51.15,28.86,249.13,15.35,24.54
2018-08-27 19:00:56,46.66,28.27,317.61,12.95,21.75
2018-08-27 20:00:56,40.7,28.93,344.07,18.01,26.74
2018-08-27 21:00:56,48.67,28.73,482.4,25.52,33.92
2018-08-27 22:00:56,56.66,27.49,593.21,24.37,33.14
2018-08-27 23:00:56,49.79,27.06,640.5,15.63,24.4
2018-08-28 00:00:56,50.16,21.76,759.87,25.44,34.04
2018-08-28 01:00:56,42.07,7.4,592.17,13.52,22.28
2018-08-28 02:00:56,38.32,7.56,596.24,14.29,22.9
2018-08-28 03:00:56,23.08,7.43,371.32,6.96,16.1
2018-08-28 04:00:56,34.54,7.58,339.88,7.14,15.9
2018-08-28 05:00:56,34.46,8.25,272.77,18.71,27.09
2018-08-28 06:00:56,19.27,8.49,243.91,17.17,25.75
2018-08-28 07:00:56,22.97,8.22,347.52,27.09,35.91
2018-08-28 08:00:56,26.04,8.11,336.37,21.33,29.43
2018-08-28 09:00:56,34.2,7.86,427.2,16.62,26.71
2018-08-28 10:00:56,48.61,6.85,484.03,10.88,20.04
2018-08-28 11:00:56,40.36,9.84,576.55,21.47,31.49
2018-08-28 12:00:56,58.7,0.0,586.84,18.42,28.82
2018-08-28 13:00:56,69.98,53.11,508.9,0.0,0.0
2018-08-28 14:00:56,61.22,21.2,0.0,14.6,23.91
2018-08-28 15:00:56,51.92,23.33,436.44,14.98,24.71
2018-08-28 16:00:56,58.48,22.48,445.09,14.97,24.67
2018-08-28 17:00:56,49.27,19.23,508.22,17.37,27.25
2018-08-28 18:00:56,50.17,11.71,557.46,18.9,28.12
2018-08-28 19:00:56,51.56,8.97,548.68,25.91,34.83
2018-08-28 20:00:56,40.64,8.09,710.83,41.26,50.56
2018-08-28 21:00:56,53.94,7.37,770.11,52.65,61.44
2018-08-28 22:00:56,70.17,7.46,644.15,27.43,35.7
2018-08-28 23:00:56,67.0,7.39,706.87,26.75,35.56
2018-08-29 00:00:56,48.31,7.53,623.37,25.05,34.07
2018-08-29 01:00:56,48.24,7.05,523.4,14.31,22.52
2018-08-29 02:00:56,40.59,6.82,431.18,7.22,16.11
2018-08-29 03:00:56,26.53,7.11,266.13,7.38,16.47
2018-08-29 04:00:56,32.53,6.83,279.49,10.09,19.06
2018-08-29 05:00:56,25.43,6.91,312.84,7.23,15.81
2018-08-29 06:00:56,45.08,6.23,308.3,15.14,24.15
2018-08-29 07:00:56,28.8,6.64,409.95,14.18,22.5
2018-08-29 08:00:56,20.39,6.71,340.13,24.09,33.74
2018-08-29 09:00:56,27.84,6.2,457.91,46.08,55.46
2018-08-29 10:00:56,57.19,5.57,407.27,24.19,33.47
2018-08-29 11:00:56,47.11,4.5,440.07,21.82,30.7
2018-08-29 12:00:56,53.65,4.31,504.77,13.46,22.67
2018-08-29 13:00:56,43.0,3.52,494.85,9.34,18.85
2018-08-29 14:00:56,45.7,3.73,515.06,6.31,15.61
2018-08-29 15:00:56,24.77,3.93,505.86,6.84,16.21
2018-08-29 16:00:56,34.38,4.47,462.08,13.23,22.04
2018-08-29 17:00:56,34.6,3.69,459.73,13.11,21.97
2018-08-29 18:00:56,45.44,3.79,492.61,18.94,27.59
2018-08-29 19:00:56,48.37,4.23,502.17,23.92,33.02
2018-08-29 20:00:56,36.41,4.78,499.95,34.37,43.57
2018-08-29 21:00:56,47.4,5.15,485.89,30.62,38.61
2018-08-29 22:00:56,46.93,5.6,423.36,16.32,24.88
2018-08-29 23:00:56,43.92,5.29,468.63,21.84,30.22
2018-08-30 00:00:56,42.34,5.22,558.94,18.67,26.97
2018-08-30 01:00:56,36.44,6.73,391.07,10.26,18.58
2018-08-30 02:00:56,27.2,6.36,366.71,9.83,18.64
2018-08-30 03:00:56,31.77,6.68,329.27,6.17,14.41
2018-08-30 04:00:56,32.18,6.42,359.92,16.44,24.7
2018-08-30 05:00:56,22.9,6.59,371.52,12.68,21.29
2018-08-30 06:00:56,27.49,6.02,356.59,7.21,16.13
2018-08-30 07:00:56,31.48,5.75,409.76,10.68,19.84
2018-08-30 08:00:56,38.62,5.55,448.99,44.96,53.77
2018-08-30 09:00:56,45.09,5.21,410.94,34.93,45.5
2018-08-30 10:00:56,47.05,4.61,450.2,24.6,33.67
2018-08-30 11:00:56,55.61,4.75,409.54,26.41,36.21
2018-08-30 12:00:56,58.75,4.39,426.09,18.16,27.98
2018-08-30 13:00:56,57.78,4.49,469.72,11.63,20.9
2018-08-30 14:00:56,56.67,4.37,478.64,13.66,24.05
2018-08-30 15:00:56,48.12,4.57,508.82,11.36,21.05
2018-08-30 16:00:56,57.01,5.11,553.28,12.26,21.48
2018-08-30 17:00:56,66.71,4.7,523.47,10.75,20.11
2018-08-30 18:00:56,49.93,4.53,494.98,14.84,24.22
2018-08-30 19:00:56,57.92,4.35,544.9,20.25,28.67
2018-08-30 20:00:56,55.25,4.8,544.96,24.14,32.94
2018-08-30 21:00:56,50.83,5.03,580.44,22.07,29.83
2018-08-30 22:00:56,53.41,5.41,599.21,30.25,38.26
2018-08-30 23:00:56,66.77,5.75,634.62,37.79,45.22
2018-08-31 00:00:56,56.08,5.75,532.21,26.66,34.53
2018-08-31 01:00:56,50.51,6.37,440.18,14.2,22.53
2018-08-31 02:00:56,46.9,6.3,417.79,16.72,26.59
2018-08-31 03:00:56,37.17,7.13,359.94,45.29,54.51
2018-08-31 04:00:56,48.77,7.12,302.12,19.32,28.19
2018-08-31 05:00:56,40.55,7.13,304.72,27.17,35.29
2018-08-31 06:00:56,40.98,7.27,240.82,11.36,20.1
2018-08-31 07:00:56,32.1,7.5,182.35,15.9,25.72
2018-08-31 08:00:56,45.95,7.15,292.28,22.68,31.73
2018-08-31 09:00:56,42.81,7.3,288.1,22.83,31.04
2018-08-31 10:00:56,51.29,5.83,360.28,19.95,29.01
2018-08-31 11:00:56,68.46,5.13,373.05,11.76,21.0
2018-08-31 12:00:56,79.92,4.38,462.0,10.58,19.55
2018-08-31 13:00:56,85.28,4.57,458.56,8.18,17.03
2018-08-31 14:00:56,58.77,4.34,497.99,8.61,18.26
2018-08-31 15:00:56,59.68,4.15,498.45,11.45,20.34
2018-08-31 16:00:56,53.83,3.73,509.09,16.42,25.3
2018-08-31 17:00:56,51.8,4.27,497.52,18.08,27.44
2018-08-31 18:00:56,54.85,4.73,500.75,20.84,29.78
2018-08-31 19:00:56,46.56,4.84,455.88,20.97,29.93
2018-08-31 20:00:56,35.55,5.07,571.93,65.8,74.41
2018-08-31 21:00:56,44.43,5.44,546.48,38.17,45.94
2018-08-31 22:00:56,52.16,6.38,482.24,25.43,33.81
2018-08-31 23:00:56,56.77,6.93,431.02,26.46,35.67
2018-09-01 00:00:56,48.5,6.45,608.71,57.45,67.78
2018-09-01 01:00:56,58.81,7.6,664.54,89.47,100.94
2018-09-01 02:00:56,55.86,7.54,364.44,0.0,0.0
2018-09-01 03:00:56,52.06,7.48,302.78,0.0,0.0
2018-09-01 04:00:56,31.7,7.46,235.04,0.0,0.0
2018-09-01 05:00:56,39.49,8.05,311.72,0.0,0.0
2018-09-01 06:00:56,26.56,8.37,291.21,0.0,0.0
2018-09-01 07:00:56,23.37,8.05,243.34,0.0,0.0
2018-09-01 08:00:56,28.68,7.94,272.45,0.0,0.0
2018-09-01 09:00:56,38.97,7.58,331.31,0.0,0.0
2018-09-01 10:00:56,39.62,7.08,378.68,0.0,0.0
2018-09-01 11:00:56,26.22,6.32,445.85,0.0,0.0
2018-09-01 12:00:56,38.27,7.08,510.5,0.0,0.0
2018-09-01 13:00:56,43.35,31.08,433.54,0.0,0.0
2018-09-01 14:00:56,55.08,14.1,207.22,0.0,0.0
2018-09-01 15:00:56,62.71,11.0,99.72,0.0,0.0
2018-09-01 16:00:56,53.85,10.44,119.85,0.0,0.0
2018-09-01 17:00:56,70.33,10.71,82.52,0.0,0.0
2018-09-01 18:00:56,53.32,10.05,174.58,0.0,0.0
2018-09-01 19:00:56,46.47,9.84,154.43,0.0,0.0
2018-09-01 20:00:56,42.63,9.71,182.77,0.0,0.0
2018-09-01 21:00:56,50.77,9.4,306.57,0.0,0.0
2018-09-01 22:00:56,49.2,8.56,502.17,0.0,0.0
2018-09-01 23:00:56,51.35,7.49,625.43,0.0,0.0
2018-09-02 00:00:56,57.03,6.88,592.3,0.0,0.0
2018-09-02 01:00:56,58.1,6.68,503.26,0.0,0.0
2018-09-02 02:00:56,53.07,7.18,446.76,0.0,0.0
2018-09-02 03:00:56,39.69,7.32,233.68,0.0,0.0
2018-09-02 04:00:56,30.1,7.45,195.35,0.0,0.0
2018-09-02 05:00:56,37.56,7.37,172.79,0.0,0.0
2018-09-02 06:00:56,45.28,7.41,179.25,0.0,0.0
2018-09-02 07:00:56,36.19,7.21,188.2,0.0,0.0
2018-09-02 08:00:56,40.98,6.78,242.04,0.0,0.0
2018-09-02 09:00:56,40.19,8.61,314.03,0.0,0.0
2018-09-02 10:00:56,37.62,7.97,409.2,0.0,0.0
2018-09-02 11:00:56,64.16,9.25,342.73,0.0,0.0
2018-09-02 12:00:56,75.61,9.29,420.48,0.0,0.0
2018-09-02 13:00:56,59.71,5.13,449.52,0.0,0.0
2018-09-02 14:00:56,60.83,5.35,484.23,0.0,0.0
2018-09-02 15:00:56,92.69,5.1,450.28,0.0,0.0
2018-09-02 16:00:56,60.2,4.27,496.88,0.0,0.0
2018-09-02 17:00:56,61.68,4.72,523.72,0.0,0.0
2018-09-02 18:00:56,42.35,3.94,483.19,0.0,0.0
2018-09-02 19:00:56,47.32,4.77,518.06,0.0,0.0
2018-09-02 20:00:56,33.51,5.01,505.26,0.0,0.0
2018-09-02 21:00:56,37.54,5.32,488.24,0.0,0.0
2018-09-02 22:00:56,40.06,4.9,545.93,0.0,0.0
2018-09-02 23:00:56,48.18,4.89,812.79,0.0,0.0
2018-09-03 00:00:56,58.96,4.73,849.87,2.97,11.92
2018-09-03 01:00:56,58.6,6.07,705.72,2.88,12.08
2018-09-03 02:00:56,48.95,6.16,655.3,3.16,12.31
2018-09-03 03:00:56,46.54,6.47,474.53,3.18,12.52
2018-09-03 04:00:56,50.68,7.19,276.84,3.03,12.22
2018-09-03 05:00:56,44.02,7.17,285.82,3.02,12.2
2018-09-03 06:00:56,45.6,7.68,281.57,2.61,12.0
2018-09-03 07:00:56,49.19,7.38,236.36,2.91,12.26
2018-09-03 08:00:56,43.09,7.31,348.39,2.6,11.69
2018-09-03 09:00:56,51.84,6.75,370.91,2.66,11.8
2018-09-03 10:00:56,72.44,6.06,304.15,3.18,12.39
2018-09-03 11:00:56,65.27,5.55,331.98,3.25,12.06
2018-09-03 12:00:56,77.25,5.07,418.61,3.67,12.69
2018-09-03 13:00:56,78.88,4.79,429.34,2.81,11.89
2018-09-03 14:00:56,66.26,5.47,371.51,3.11,12.42
2018-09-03 15:00:56,73.79,5.36,345.39,2.92,12.12
2018-09-03 16:00:56,73.26,5.36,400.63,3.04,12.54
2018-09-03 17:00:56,64.02,4.91,429.78,3.12,12.21
2018-09-03 18:00:56,61.65,5.73,461.41,3.04,12.44
2018-09-03 19:00:56,60.11,5.76,438.13,3.28,12.24
2018-09-03 20:00:56,39.39,5.92,538.75,3.26,12.3
2018-09-03 21:00:56,47.42,6.22,481.6,2.79,11.74
2018-09-03 22:00:56,47.83,5.94,422.2,3.23,12.29
2018-09-03 23:00:56,43.67,6.87,376.62,3.06,12.07
2018-09-04 00:00:56,69.47,7.19,391.05,2.69,12.02
2018-09-04 01:00:56,54.2,5.94,343.95,2.83,12.1
2018-09-04 02:00:56,40.76,5.59,278.32,0.0,0.0
2018-09-04 03:00:56,55.55,5.88,272.48,2.8,11.85
2018-09-04 04:00:56,37.82,6.08,311.47,2.71,12.21
2018-09-04 05:00:56,36.52,5.63,263.45,3.44,12.74
2018-09-04 06:00:56,41.4,6.02,246.92,3.06,12.39
2018-09-04 07:00:56,29.98,6.6,197.21,2.81,11.7
2018-09-04 08:00:56,40.24,6.36,286.1,3.12,12.39
2018-09-04 09:00:56,20.83,5.38,337.32,3.18,11.83
2018-09-04 10:00:56,41.09,4.8,440.0,2.55,11.7
2018-09-04 11:00:56,46.17,3.9,460.22,3.41,12.66
2018-09-04 12:00:56,40.66,2.9,483.71,2.99,12.2
2018-09-04 13:00:56,29.84,2.65,444.65,3.0,12.23
2018-09-04 14:00:56,28.6,4.53,246.62,2.81,11.68
2018-09-04 15:00:56,33.36,5.87,96.33,0.0,0.0
2018-09-04 16:00:56,32.6,5.87,132.62,2.72,11.89
2018-09-04 17:00:56,42.12,5.56,64.15,3.0,12.12
2018-09-04 18:00:56,37.06,5.72,90.74,2.8,12.2
2018-09-04 19:00:56,44.21,5.91,194.89,2.88,11.9
2018-09-04 20:00:56,61.28,6.58,229.99,2.59,11.9
2018-09-04 21:00:56,57.32,6.29,524.94,0.0,0.0
2018-09-04 22:00:56,69.85,4.42,715.78,0.0,0.0
2018-09-04 23:00:56,75.47,4.7,641.89,0.0,0.0
2018-09-05 00:00:56,61.1,4.59,668.94,0.0,0.0
2018-09-05 01:00:56,64.95,3.93,536.75,0.0,0.0
2018-09-05 02:00:56,61.45,4.04,522.44,0.0,0.0
2018-09-05 03:00:56,46.18,3.71,383.74,0.0,0.0
2018-09-05 04:00:56,26.89,3.71,341.83,0.0,0.0
2018-09-05 05:00:56,26.84,3.89,362.46,0.0,0.0
2018-09-05 06:00:56,26.23,3.33,399.32,0.0,0.0
2018-09-05 07:00:56,33.73,4.03,369.07,0.0,0.0
2018-09-05 08:00:56,40.02,4.01,477.87,0.0,0.0
2018-09-05 09:00:56,24.25,3.63,423.21,0.0,0.0
2018-09-05 10:00:56,49.13,2.68,388.55,0.0,0.0
2018-09-05 11:00:56,49.29,0.55,498.19,39.1,58.79
2018-09-05 12:00:56,48.58,0.79,487.55,19.87,31.7
2018-09-05 13:00:56,40.79,1.39,408.4,20.66,34.54
2018-09-05 14:00:56,50.73,2.09,312.13,20.52,34.28
2018-09-05 15:00:56,56.64,2.79,294.05,17.63,29.56
2018-09-05 16:00:56,52.35,2.59,316.04,22.68,36.31
2018-09-05 17:00:56,45.25,2.03,407.07,21.18,33.63
2018-09-05 18:00:56,38.11,2.32,400.35,22.15,34.92
2018-09-05 19:00:56,52.33,2.24,437.79,34.02,47.59
2018-09-05 20:00:56,38.39,2.78,425.02,41.65,54.72
2018-09-05 21:00:56,38.3,3.18,413.24,59.59,72.68
2018-09-05 22:00:56,42.29,3.91,404.4,49.31,59.76
2018-09-05 23:00:56,45.96,4.07,396.95,30.62,41.7
2018-09-06 00:00:56,41.18,4.36,281.01,15.81,25.41
2018-09-06 01:00:56,46.26,6.74,276.86,8.03,16.65
2018-09-06 02:00:56,30.81,6.69,291.62,2.23,10.72
2018-09-06 03:00:56,39.2,6.53,336.77,1.68,10.17
2018-09-06 04:00:56,38.76,6.77,384.81,0.0,0.0
2018-09-06 05:00:56,44.88,6.47,366.54,0.0,0.0
2018-09-06 06:00:56,45.57,6.29,394.42,30.44,38.76
2018-09-06 07:00:56,38.57,6.14,377.31,25.42,35.92
2018-09-06 08:00:56,35.87,6.75,416.17,43.08,58.33
2018-09-06 09:00:56,34.03,6.25,461.88,39.78,57.47
2018-09-06 10:00:56,48.84,5.93,577.85,38.49,56.83
2018-09-06 11:00:56,0.0,5.42,653.14,48.58,65.14
2018-09-06 12:00:56,0.0,5.3,462.03,43.81,57.81
2018-09-06 13:00:56,0.0,5.37,429.66,30.91,43.61
2018-09-06 14:00:56,40.58,5.37,434.69,25.84,39.87
2018-09-06 15:00:56,49.05,4.79,411.93,23.54,38.39
2018-09-06 16:00:56,32.29,5.28,356.29,12.87,25.47
2018-09-06 17:00:56,32.01,4.87,358.85,39.07,55.86
2018-09-06 18:00:56,53.92,5.53,362.61,31.39,45.55
2018-09-06 19:00:56,55.44,6.0,500.54,56.65,72.95
2018-09-06 20:00:56,0.0,0.0,0.0,0.0,0.0
2018-09-06 21:00:56,2.23,9.21,178.35,54.2,65.15
2018-09-06 22:00:56,4.08,10.74,432.13,57.02,69.43
2018-09-06 23:00:56,14.8,11.83,104.37,45.34,60.33
2018-09-07 00:00:56,13.77,9.94,80.75,45.47,59.91
2018-09-07 01:00:56,9.08,7.17,27.53,33.06,43.17
2018-09-07 02:00:56,5.43,6.93,48.37,20.94,39.43
2018-09-07 03:00:56,4.21,7.3,267.06,24.16,33.38
2018-09-07 04:00:56,10.67,7.15,396.39,47.32,58.01
2018-09-07 05:00:56,8.51,7.3,496.35,39.4,49.57
2018-09-07 06:00:56,14.35,7.05,546.77,30.37,41.88
2018-09-07 07:00:56,13.56,6.98,560.19,47.2,64.45
2018-09-07 08:00:56,12.27,7.05,551.78,34.35,51.36
2018-09-07 09:00:56,7.79,6.56,567.13,30.45,49.62
2018-09-07 10:00:56,12.72,5.54,680.66,18.45,32.3
2018-09-07 11:00:56,27.79,4.29,712.63,10.53,22.08
2018-09-07 12:00:56,15.07,8.62,760.47,40.97,58.45
2018-09-07 13:00:56,21.55,8.04,706.09,35.59,51.92
2018-09-07 14:00:56,16.06,4.61,730.49,29.41,43.48
2018-09-07 15:00:56,23.98,3.76,706.03,33.32,49.12
2018-09-07 16:00:56,35.28,3.33,752.16,29.64,44.91
2018-09-07 17:00:56,28.13,3.4,724.1,27.43,40.95
2018-09-07 18:00:56,34.65,3.56,743.62,46.45,60.24
2018-09-07 19:00:56,41.25,3.96,795.63,61.44,77.2
2018-09-07 20:00:56,37.55,4.16,857.55,86.39,97.82
2018-09-07 21:00:56,34.66,4.04,868.87,90.92,108.13
2018-09-07 22:00:56,46.4,4.32,921.65,150.08,194.33
2018-09-07 23:00:56,32.53,4.33,802.2,86.79,100.46
2018-09-08 00:00:56,34.18,4.93,937.3,175.18,244.45
2018-09-08 01:00:56,36.42,6.0,703.35,123.27,144.12
2018-09-08 02:00:56,37.99,5.85,513.56,31.44,41.92
2018-09-08 03:00:56,28.77,6.5,251.3,11.86,20.67
2018-09-08 04:00:56,16.13,6.56,232.19,16.83,25.91
2018-09-08 05:00:56,27.22,6.38,179.53,12.38,21.21
2018-09-08 06:00:56,20.15,6.51,176.01,13.58,22.5
2018-09-08 07:00:56,26.63,5.89,192.76,43.85,59.62
2018-09-08 08:00:56,24.49,6.69,262.52,35.93,50.02
2018-09-08 09:00:56,27.82,5.82,230.22,14.82,25.1
2018-09-08 10:00:56,23.8,5.45,268.64,10.69,20.78
2018-09-08 11:00:56,28.1,4.86,307.1,11.93,22.03
2018-09-08 12:00:56,19.35,4.33,347.29,18.29,30.26
2018-09-08 13:00:56,31.4,7.33,372.79,25.61,39.38
2018-09-08 14:00:56,32.25,5.3,331.35,21.34,34.4
2018-09-08 15:00:56,38.99,6.05,394.63,25.0,39.07
2018-09-08 16:00:56,52.36,5.09,456.26,22.21,34.26
2018-09-08 17:00:56,48.94,4.84,508.23,21.78,34.06
2018-09-08 18:00:56,51.3,4.9,547.66,30.99,44.01
2018-09-08 19:00:56,65.85,5.17,618.94,45.85,60.3
2018-09-08 20:00:56,50.28,5.09,616.24,45.22,57.55
2018-09-08 21:00:56,53.98,5.18,605.97,46.04,57.17
2018-09-08 22:00:56,54.83,5.76,517.78,14.17,23.51
2018-09-08 23:00:56,44.54,6.56,602.16,21.64,34.96
2018-09-09 00:00:56,23.63,6.51,496.01,33.46,47.38
2018-09-09 01:00:56,17.9,6.93,434.82,16.78,29.52
2018-09-09 02:00:56,11.15,6.39,450.08,13.28,24.56
2018-09-09 03:00:56,9.78,6.94,246.09,21.25,31.02
2018-09-09 04:00:56,17.37,6.96,253.86,18.39,27.86
2018-09-09 05:00:56,20.22,7.39,303.16,24.36,33.71
2018-09-09 06:00:56,26.86,7.4,242.48,27.14,38.56
2018-09-09 07:00:56,31.51,7.04,263.97,25.14,36.29
2018-09-09 08:00:56,31.94,7.48,435.03,25.0,38.47
2018-09-09 09:00:56,33.14,7.31,334.89,11.34,22.12
2018-09-09 10:00:56,25.8,6.29,412.25,27.13,41.71
2018-09-09 11:00:56,33.36,7.24,483.55,24.76,39.14
2018-09-09 12:00:56,52.14,8.88,429.38,20.28,35.09
2018-09-09 13:00:56,51.6,8.04,488.87,19.63,33.5
2018-09-09 14:00:56,59.6,7.34,480.79,12.74,23.99
2018-09-09 15:00:56,52.98,6.18,400.09,11.9,23.09
2018-09-09 16:00:56,40.17,5.66,398.16,20.29,33.73
2018-09-09 17:00:56,36.96,10.19,385.83,24.24,36.85
2018-09-09 18:00:56,33.24,18.88,370.72,33.35,46.44
2018-09-09 19:00:56,45.56,27.51,344.81,37.43,51.94
2018-09-09 20:00:56,36.39,18.8,375.68,43.53,57.21
2018-09-09 21:00:56,46.27,12.26,351.33,32.2,43.61
2018-09-09 22:00:56,28.23,8.41,345.49,36.98,47.04
2018-09-09 23:00:56,37.15,8.13,338.22,35.82,45.15
2018-09-10 00:00:56,29.02,7.7,308.36,20.79,30.3
2018-09-10 01:00:56,16.91,7.4,242.19,20.95,30.21
2018-09-10 02:00:56,10.13,7.15,222.14,10.17,19.03
2018-09-10 03:00:56,21.08,6.57,240.24,7.11,15.88
2018-09-10 04:00:56,21.59,6.32,245.73,6.07,14.73
2018-09-10 05:00:56,20.86,6.72,277.96,4.41,13.22
2018-09-10 06:00:56,26.54,7.05,209.69,13.15,24.07
2018-09-10 07:00:56,23.27,6.65,353.3,23.68,34.48
2018-09-10 08:00:56,16.15,6.48,356.41,33.78,47.93
2018-09-10 09:00:56,18.71,6.67,468.49,68.2,99.44
2018-09-10 10:00:56,21.62,8.41,391.1,51.92,73.28
2018-09-10 11:00:56,31.3,9.01,435.12,50.98,86.77
2018-09-10 12:00:56,39.52,11.73,400.6,31.46,47.61
2018-09-10 13:00:56,36.4,6.93,411.33,29.09,43.92
2018-09-10 14:00:56,24.58,5.54,372.89,26.25,42.66
2018-09-10 15:00:56,21.77,4.87,434.95,31.84,49.54
2018-09-10 16:00:56,21.99,4.85,400.36,31.7,48.7
2018-09-10 17:00:56,34.74,4.25,401.26,30.74,43.84
2018-09-10 18:00:56,31.8,4.2,497.26,48.76,59.97
2018-09-10 19:00:56,25.7,4.7,578.62,90.33,103.33
2018-09-10 20:00:56,25.92,5.37,627.68,95.12,109.45
2018-09-10 21:00:56,31.38,5.3,499.54,78.43,93.17
2018-09-10 22:00:56,22.26,5.58,447.47,72.98,87.44
2018-09-10 23:00:56,32.97,5.74,452.13,64.8,77.95
2018-09-11 00:00:56,35.13,5.6,420.66,56.91,71.76
2018-09-11 01:00:56,21.1,6.79,308.78,34.89,44.57
2018-09-11 02:00:56,14.07,6.78,278.32,9.63,18.2
2018-09-11 03:00:56,16.32,7.06,377.19,4.97,13.5
2018-09-11 04:00:56,22.74,7.61,374.1,4.81,13.48
2018-09-11 05:00:56,13.26,8.08,390.41,6.76,15.61
2018-09-11 06:00:56,12.69,7.76,390.49,4.33,12.8
2018-09-11 07:00:56,10.75,8.26,475.41,58.05,81.1
2018-09-11 08:00:56,21.33,7.52,459.37,76.11,93.74
2018-09-11 09:00:56,12.93,7.15,533.54,46.07,59.46
2018-09-11 10:00:56,14.17,7.39,405.03,24.03,35.11
2018-09-11 11:00:56,24.42,8.26,470.08,27.96,40.82
2018-09-11 12:00:56,13.94,0.0,435.92,28.19,45.2
2018-09-11 13:00:56,14.77,10.04,494.98,34.45,0.0
2018-09-11 14:00:56,14.36,6.67,0.0,25.48,41.83
2018-09-11 15:00:56,8.58,6.55,478.71,31.16,46.8
2018-09-11 16:00:56,18.55,7.06,504.48,31.05,45.8
2018-09-11 17:00:56,20.46,6.8,541.62,38.83,52.69
2018-09-11 18:00:56,29.5,6.69,588.28,66.86,80.36
2018-09-11 19:00:56,40.84,6.78,522.86,56.11,67.46
2018-09-11 20:00:56,22.38,38.43,578.14,78.79,90.85
2018-09-11 21:00:56,18.76,55.91,518.8,65.34,79.79
2018-09-11 22:00:56,12.6,6.45,383.1,90.19,117.68
2018-09-11 23:00:56,17.64,5.91,330.37,92.2,116.78
2018-09-12 00:00:56,23.98,5.83,330.26,66.96,85.8
2018-09-12 01:00:56,13.9,6.05,198.89,74.03,101.16
2018-09-12 02:00:56,23.17,6.32,123.26,19.29,29.84
2018-09-12 03:00:56,13.71,6.73,525.44,82.32,102.03
2018-09-12 04:00:56,11.79,6.67,597.38,25.93,35.66
2018-09-12 05:00:56,16.29,6.64,694.73,67.62,84.0
2018-09-12 06:00:56,14.88,6.77,756.6,46.45,62.16
2018-09-12 07:00:56,28.11,6.46,757.86,68.21,99.82
2018-09-12 08:00:56,28.35,6.1,862.56,67.44,92.44
2018-09-12 09:00:56,23.25,6.16,1072.91,59.46,86.93
2018-09-12 10:00:56,25.38,5.3,965.11,50.83,70.45
2018-09-12 11:00:56,33.87,0.0,966.84,42.43,59.11
2018-09-12 12:00:56,25.62,0.0,0.0,0.0,0.0
2018-09-12 13:00:56,26.27,0.0,0.0,0.0,0.0
2018-09-12 14:00:56,0.0,0.0,0.0,0.0,0.0
2018-09-12 15:00:56,3.63,1.82,0.0,0.0,0.0
2018-09-12 16:00:56,6.99,0.0,0.0,0.0,0.0
2018-09-12 17:00:56,15.78,0.57,411.77,0.0,0.0
2018-09-12 18:00:56,36.75,0.16,679.35,0.0,0.0
2018-09-12 19:00:56,27.33,0.0,757.29,0.0,0.0
2018-09-12 20:00:56,38.0,0.0,933.22,0.0,0.0
2018-09-12 21:00:56,43.48,0.0,967.62,0.0,0.0
2018-09-12 22:00:56,37.13,0.0,1095.56,0.0,0.0
2018-09-12 23:00:56,19.66,2.91,1284.42,0.0,0.0
2018-09-13 00:00:56,17.96,5.05,1323.91,70.49,83.07
2018-09-13 01:00:56,28.97,5.06,1308.11,62.84,71.39
2018-09-13 02:00:56,35.55,5.01,1181.5,13.72,19.22
2018-09-13 03:00:56,35.23,4.61,414.25,0.0,0.0
2018-09-13 04:00:56,21.32,4.54,241.08,0.0,0.0
2018-09-13 05:00:56,16.47,5.05,228.51,0.0,0.0
2018-09-13 06:00:56,13.05,5.04,272.53,0.0,0.0
2018-09-13 07:00:56,11.68,5.41,257.14,14.46,22.35
2018-09-13 08:00:56,9.49,4.83,306.34,35.01,41.84
2018-09-13 09:00:56,11.44,4.37,348.47,35.65,44.43
2018-09-13 10:00:56,11.69,3.99,262.26,5.81,13.11
2018-09-13 11:00:56,10.03,4.1,304.85,0.0,0.0
2018-09-13 12:00:56,7.01,3.64,293.68,7.42,15.29
2018-09-13 13:00:56,9.21,3.73,200.61,0.0,0.0
2018-09-13 14:00:56,13.1,3.66,206.12,7.61,15.55
2018-09-13 15:00:56,13.5,4.19,153.16,10.49,18.91
2018-09-13 16:00:56,16.96,6.57,30.67,11.03,19.25
2018-09-13 17:00:56,23.67,7.37,9.5,14.16,21.28
2018-09-13 18:00:56,23.19,7.94,0.0,20.94,29.8
2018-09-13 19:00:56,16.35,7.36,0.0,27.51,35.38
2018-09-13 20:00:56,20.05,6.63,13.63,0.0,0.0
2018-09-13 21:00:56,28.39,0.0,82.58,37.53,43.95
2018-09-13 22:00:56,27.39,6.54,138.84,62.34,69.95
2018-09-13 23:00:56,31.16,6.53,235.06,43.54,52.63
2018-09-14 00:00:56,21.06,8.43,201.98,19.53,26.56
2018-09-14 01:00:56,24.23,4.94,192.37,11.27,16.79
2018-09-14 02:00:56,27.76,3.55,150.71,0.0,0.0
2018-09-14 03:00:56,18.26,3.24,298.22,2.79,7.79
2018-09-14 04:00:56,18.47,2.65,288.62,0.0,0.0
2018-09-14 05:00:56,20.05,2.56,275.97,0.0,0.0
2018-09-14 06:00:56,24.33,2.61,267.42,18.42,24.56
2018-09-14 07:00:56,0.0,0.0,0.0,0.0,0.0
2018-09-14 08:00:56,0.0,0.0,0.0,0.0,0.0
2018-09-14 09:00:56,0.0,0.0,0.0,0.0,0.0
2018-09-14 10:00:56,0.0,0.0,0.0,31.07,43.4
2018-09-14 11:00:56,0.0,0.0,0.0,25.76,35.83
2018-09-14 12:00:56,44.59,0.0,0.0,65.82,99.31
2018-09-14 13:00:56,41.86,0.0,0.0,39.56,56.36
2018-09-14 14:00:56,49.17,0.0,0.0,28.39,41.21
2018-09-14 15:00:56,44.86,0.0,0.0,16.25,25.94
2018-09-14 16:00:56,41.38,0.0,0.0,27.13,38.02
2018-09-14 17:00:56,35.03,0.0,0.0,27.01,36.0
2018-09-14 18:00:56,32.57,0.0,0.0,42.08,51.86
2018-09-14 19:00:56,37.57,0.0,0.0,97.12,108.02
2018-09-14 20:00:56,35.6,0.0,0.0,58.8,68.7
2018-09-14 21:00:56,30.59,0.0,14.34,51.59,67.71
2018-09-14 22:00:56,36.13,0.0,1.77,63.3,75.08
2018-09-14 23:00:56,43.62,0.0,13.34,58.15,75.53
2018-09-15 00:00:56,44.13,0.0,73.36,68.69,89.96
2018-09-15 01:00:56,31.4,6.23,2.83,50.2,66.52
2018-09-15 02:00:56,34.24,6.36,0.0,42.33,60.36
2018-09-15 03:00:56,33.69,5.55,0.0,43.7,58.49
2018-09-15 04:00:56,28.46,6.18,0.0,9.87,15.21
2018-09-15 05:00:56,26.37,5.92,160.0,8.34,13.8
2018-09-15 06:00:56,18.21,6.69,293.33,41.79,71.76
2018-09-15 07:00:56,19.36,6.39,314.06,23.78,36.9
2018-09-15 08:00:56,23.71,6.82,407.49,44.71,76.81
2018-09-15 09:00:56,38.84,50.88,548.23,67.84,108.94
2018-09-15 10:00:56,66.25,146.84,552.45,34.17,52.74
2018-09-15 11:00:56,79.88,52.0,571.28,22.8,34.79
2018-09-15 12:00:56,67.4,105.34,542.09,20.98,33.07
2018-09-15 13:00:56,59.06,98.94,488.63,14.09,22.62
2018-09-15 14:00:56,48.25,42.87,514.83,16.57,26.75
2018-09-15 15:00:56,38.72,31.24,500.71,17.66,26.5
2018-09-15 16:00:56,44.41,19.81,500.57,9.42,17.18
2018-09-15 17:00:56,33.89,12.0,595.69,18.56,26.96
2018-09-15 18:00:56,35.48,8.92,597.52,21.57,30.96
2018-09-15 19:00:56,51.97,7.7,586.04,31.62,40.05
2018-09-15 20:00:56,53.17,7.77,558.85,35.17,42.18
2018-09-15 21:00:56,50.94,8.3,551.34,20.47,27.32
2018-09-15 22:00:56,49.02,9.47,494.93,14.49,21.88
2018-09-15 23:00:56,29.2,8.71,476.82,19.64,28.21
2018-09-16 00:00:56,27.94,7.56,454.71,17.52,24.3
2018-09-16 01:00:56,27.26,5.83,551.82,19.61,29.75
2018-09-16 02:00:56,19.09,5.65,549.8,60.01,77.8
2018-09-16 03:00:56,22.53,5.28,426.71,23.78,31.34
2018-09-16 04:00:56,23.34,5.13,389.9,19.3,27.99
2018-09-16 05:00:56,24.0,5.13,214.32,0.0,0.0
2018-09-16 06:00:56,26.44,5.4,219.73,0.0,0.0
2018-09-16 07:00:56,29.84,4.88,280.04,0.0,0.0
2018-09-16 08:00:56,29.07,4.72,551.03,27.72,37.14
2018-09-16 09:00:56,34.69,7.53,528.5,20.82,29.13
2018-09-16 10:00:56,51.34,12.21,477.18,10.12,17.5
2018-09-16 11:00:56,53.89,7.24,448.06,9.47,17.48
2018-09-16 12:00:56,46.57,12.46,418.15,23.62,33.49
2018-09-16 13:00:56,52.05,17.03,467.05,10.65,19.22
2018-09-16 14:00:56,63.51,40.47,383.71,19.06,27.46
2018-09-16 15:00:56,51.26,10.56,435.76,11.97,19.52
2018-09-16 16:00:56,42.54,5.69,473.27,13.59,20.88
2018-09-16 17:00:56,55.34,3.15,851.45,20.45,28.29
2018-09-16 18:00:56,70.23,3.74,510.77,17.82,25.74
2018-09-16 19:00:56,64.91,3.94,815.67,33.43,42.05
2018-09-16 20:00:56,67.13,4.12,567.51,29.8,37.11
2018-09-16 21:00:56,61.92,4.31,483.95,29.63,36.75
2018-09-16 22:00:56,55.03,4.0,541.94,63.0,70.04
2018-09-16 23:00:56,45.91,4.17,453.7,45.68,51.25
2018-09-17 00:00:56,37.0,4.13,439.12,30.03,35.49
2018-09-17 01:00:56,29.17,5.07,353.64,16.3,21.24
2018-09-17 02:00:56,29.15,5.1,328.1,16.26,21.35
2018-09-17 03:00:56,26.5,5.0,271.53,0.0,0.0
2018-09-17 04:00:56,24.8,4.98,248.92,0.0,0.0
2018-09-17 05:00:56,22.15,5.0,184.93,0.0,0.0
2018-09-17 06:00:56,21.21,5.32,212.52,12.91,18.1
2018-09-17 07:00:56,23.06,4.87,220.63,10.95,17.92
2018-09-17 08:00:56,21.28,4.81,253.45,59.33,71.64
2018-09-17 09:00:56,28.78,5.3,315.14,32.56,42.17
2018-09-17 10:00:56,35.32,5.24,383.93,23.78,31.61
2018-09-17 11:00:56,31.1,6.14,304.57,29.9,39.87
2018-09-17 12:00:56,29.32,6.44,392.56,52.26,66.14
2018-09-17 13:00:56,35.96,4.99,399.31,17.03,25.92
2018-09-17 14:00:56,30.22,4.04,451.58,37.81,51.76
2018-09-17 15:00:56,40.19,3.58,466.75,39.57,51.99
2018-09-17 16:00:56,47.76,3.31,514.85,24.83,37.34
2018-09-17 17:00:56,47.43,3.99,364.61,20.61,29.84
2018-09-17 18:00:56,46.39,3.82,443.31,18.4,26.82
2018-09-17 19:00:56,52.71,3.69,582.69,58.88,70.12
2018-09-17 20:00:56,47.77,4.68,527.41,75.25,85.59
2018-09-17 21:00:56,37.61,5.04,372.11,14.41,20.59
2018-09-17 22:00:56,32.59,5.06,413.49,27.8,33.42
2018-09-17 23:00:56,28.16,4.4,439.57,21.33,27.08
2018-09-18 00:00:56,28.92,4.95,376.09,23.68,29.07
2018-09-18 01:00:56,24.61,6.62,366.4,20.85,26.3
2018-09-18 02:00:56,15.44,20.5,300.29,18.84,25.08
2018-09-18 03:00:56,23.44,49.62,221.35,8.43,13.9
2018-09-18 04:00:56,41.84,61.48,203.77,7.74,13.06
2018-09-18 05:00:56,35.5,24.24,137.91,0.0,0.0
2018-09-18 06:00:56,23.12,11.22,225.99,0.0,0.0
2018-09-18 07:00:56,20.26,9.5,241.25,15.6,27.53
2018-09-18 08:00:56,17.54,8.6,349.8,21.45,28.78
2018-09-18 09:00:56,25.72,8.4,262.07,29.81,39.39
2018-09-18 10:00:56,22.15,7.56,180.6,11.4,19.62
2018-09-18 11:00:56,20.2,6.81,197.8,18.85,29.88
2018-09-18 12:00:56,22.93,20.24,217.87,17.43,29.74
2018-09-18 13:00:56,16.37,20.71,183.9,13.04,24.86
2018-09-18 14:00:56,18.41,29.7,223.26,10.86,21.62
2018-09-18 15:00:56,19.3,23.28,214.0,10.19,19.16
2018-09-18 16:00:56,20.58,25.64,191.09,12.4,22.36
2018-09-18 17:00:56,16.75,38.11,171.4,19.62,34.8
2018-09-18 18:00:56,18.02,18.79,128.46,41.69,57.43
2018-09-18 19:00:56,25.26,12.05,215.99,78.22,94.73
2018-09-18 20:00:56,39.14,9.47,229.98,56.38,64.13
2018-09-18 21:00:56,42.14,9.01,128.67,27.08,32.55
2018-09-18 22:00:56,43.01,7.54,72.19,19.98,25.34
2018-09-18 23:00:56,43.82,8.11,71.77,19.57,28.51
2018-09-19 00:00:56,33.66,7.86,81.83,42.98,62.89
2018-09-19 01:00:56,27.03,5.48,91.36,15.28,21.11
2018-09-19 02:00:56,28.99,5.89,40.83,5.92,11.0
2018-09-19 03:00:56,23.69,5.75,6.54,9.53,14.49
2018-09-19 04:00:56,24.0,4.64,35.41,7.79,13.3
2018-09-19 05:00:56,21.06,4.87,142.4,3.97,9.09
2018-09-19 06:00:56,15.82,5.2,142.0,0.0,0.0
2018-09-19 07:00:56,12.86,5.52,147.63,18.15,42.44
2018-09-19 08:00:56,17.9,6.01,273.68,23.65,41.36
2018-09-19 09:00:56,25.06,5.76,380.48,39.75,57.57
2018-09-19 10:00:56,32.87,5.59,395.98,29.82,45.19
2018-09-19 11:00:56,38.02,5.12,422.98,8.89,16.97
2018-09-19 12:00:56,27.98,5.34,492.61,13.67,22.76
2018-09-19 13:00:56,23.35,4.22,465.6,10.86,19.45
2018-09-19 14:00:56,19.36,18.62,425.99,11.31,19.58
2018-09-19 15:00:56,19.69,49.99,435.97,14.92,25.49
2018-09-19 16:00:56,24.43,40.8,472.14,16.07,26.5
2018-09-19 17:00:56,21.51,31.24,421.93,17.38,26.34
2018-09-19 18:00:56,17.26,8.86,423.84,24.08,33.79
2018-09-19 19:00:56,21.76,6.0,516.29,62.66,76.35
2018-09-19 20:00:56,36.68,5.25,508.18,34.85,40.29
2018-09-19 21:00:56,39.55,5.67,458.53,25.96,31.34
2018-09-19 22:00:56,36.96,5.29,370.01,21.37,29.68
2018-09-19 23:00:56,36.04,5.3,356.54,22.36,28.88
2018-09-20 00:00:56,32.32,5.09,552.3,26.95,38.79
2018-09-20 01:00:56,28.93,5.88,416.53,64.97,92.27
2018-09-20 02:00:56,23.92,5.96,313.88,18.72,24.36
2018-09-20 03:00:56,21.54,6.23,314.76,5.26,10.77
2018-09-20 04:00:56,22.95,6.09,290.69,10.98,16.29
2018-09-20 05:00:56,23.42,5.95,203.67,25.9,33.46
2018-09-20 06:00:56,18.45,5.41,229.24,12.97,17.91
2018-09-20 07:00:56,19.67,5.67,342.09,35.96,62.85
2018-09-20 08:00:56,22.48,5.66,615.56,49.27,84.76
2018-09-20 09:00:56,39.3,5.5,707.1,68.54,112.5
2018-09-20 10:00:56,68.2,4.67,499.61,36.51,47.72
2018-09-20 11:00:56,54.35,11.57,526.95,26.57,36.64
2018-09-20 12:00:56,49.67,51.44,512.95,18.28,26.89
2018-09-20 13:00:56,50.38,107.52,553.84,20.5,32.21
2018-09-20 14:00:56,46.61,65.78,525.32,11.75,21.85
2018-09-20 15:00:56,43.87,36.94,586.48,15.6,26.15
2018-09-20 16:00:56,32.89,12.49,515.87,21.33,33.3
2018-09-20 17:00:56,26.52,23.04,416.78,27.77,37.17
2018-09-20 18:00:56,28.49,30.65,502.59,38.61,51.51
2018-09-20 19:00:56,32.52,12.46,448.81,50.88,60.37
2018-09-20 20:00:56,30.84,7.21,463.08,64.1,70.88
2018-09-20 21:00:56,38.3,6.29,476.19,37.47,45.07
2018-09-20 22:00:56,41.92,5.34,479.34,33.15,38.64
2018-09-20 23:00:56,40.17,5.17,693.34,30.09,37.86
2018-09-21 00:00:56,34.37,5.19,488.3,33.84,41.42
2018-09-21 01:00:56,35.86,6.98,720.27,47.63,57.45
2018-09-21 02:00:56,33.89,6.65,639.25,39.31,44.84
2018-09-21 03:00:56,30.31,6.45,484.38,33.46,39.31
2018-09-21 04:00:56,24.75,6.43,451.14,22.45,28.17
2018-09-21 05:00:56,19.93,6.17,298.54,15.19,21.36
2018-09-21 06:00:56,12.08,6.02,340.11,18.42,26.82
2018-09-21 07:00:56,13.78,5.85,400.38,45.76,68.26
2018-09-21 08:00:56,20.79,6.22,505.77,55.36,87.45
2018-09-21 09:00:56,35.86,7.01,690.1,99.56,155.33
2018-09-21 10:00:56,62.44,6.3,512.41,74.29,94.91
2018-09-21 11:00:56,58.66,7.23,470.83,29.31,41.16
2018-09-21 12:00:56,44.31,19.13,553.12,22.61,32.62
2018-09-21 13:00:56,44.95,50.85,489.8,16.95,27.09
2018-09-21 14:00:56,42.66,19.37,499.09,17.65,27.72
2018-09-21 15:00:56,46.51,11.68,512.36,16.47,26.45
2018-09-21 16:00:56,41.6,6.98,472.85,17.37,28.41
2018-09-21 17:00:56,29.84,5.26,498.23,25.16,35.86
2018-09-21 18:00:56,26.93,4.5,560.72,54.07,71.34
2018-09-21 19:00:56,37.87,4.4,672.97,78.86,97.06
2018-09-21 20:00:56,44.61,4.22,668.24,63.64,71.02
2018-09-21 21:00:56,50.69,5.21,604.19,33.27,40.4
2018-09-21 22:00:56,44.99,5.22,572.28,47.92,58.59
2018-09-21 23:00:56,39.01,5.61,538.02,45.24,58.05
2018-09-22 00:00:56,39.42,6.09,477.28,43.66,64.61
2018-09-22 01:00:56,35.36,5.48,470.83,51.22,78.76
2018-09-22 02:00:56,34.25,4.91,425.47,39.24,48.9
2018-09-22 03:00:56,30.42,5.19,304.42,12.09,20.68
2018-09-22 04:00:56,30.89,5.21,254.94,14.67,21.41
2018-09-22 05:00:56,23.72,5.4,245.72,33.18,42.83
2018-09-22 06:00:56,14.53,5.79,250.13,26.25,36.43
2018-09-22 07:00:56,15.88,5.73,312.06,28.31,49.32
2018-09-22 08:00:56,19.53,5.76,428.4,36.67,69.54
2018-09-22 09:00:56,29.2,52.17,656.36,67.87,125.29
2018-09-22 10:00:56,54.93,41.45,473.73,25.29,40.39
2018-09-22 11:00:56,59.1,15.26,488.18,16.07,26.56
2018-09-22 12:00:56,48.66,11.57,538.96,12.91,22.62
2018-09-22 13:00:56,43.1,8.45,560.3,12.88,23.23
2018-09-22 14:00:56,35.11,3.91,526.03,11.75,21.73
2018-09-22 15:00:56,38.14,3.86,552.99,11.58,20.95
2018-09-22 16:00:56,47.93,3.71,554.92,15.26,24.5
2018-09-22 17:00:56,43.34,4.1,626.16,26.89,37.05
2018-09-22 18:00:56,36.06,13.58,631.41,34.04,44.19
2018-09-22 19:00:56,37.73,10.81,717.12,48.5,61.6
2018-09-22 20:00:56,41.77,7.91,809.42,44.17,54.63
2018-09-22 21:00:56,64.36,7.13,1023.77,45.05,58.94
2018-09-22 22:00:56,76.06,6.17,774.52,50.01,60.65
2018-09-22 23:00:56,62.14,6.24,891.93,37.82,47.73
2018-09-23 00:00:56,65.38,5.91,722.6,42.09,59.8
2018-09-23 01:00:56,70.85,5.71,554.65,32.03,45.43
2018-09-23 02:00:56,60.94,5.33,521.11,25.83,38.86
2018-09-23 03:00:56,44.46,5.04,372.12,19.86,30.33
2018-09-23 04:00:56,38.7,5.34,307.63,10.35,15.78
2018-09-23 05:00:56,28.27,5.16,284.31,25.56,33.35
2018-09-23 06:00:56,19.36,4.8,281.67,12.86,18.61
2018-09-23 07:00:56,24.35,4.88,325.37,20.81,31.11
2018-09-23 08:00:56,33.4,4.84,351.32,39.13,62.84
2018-09-23 09:00:56,35.33,4.9,323.78,21.13,33.4
2018-09-23 10:00:56,37.06,30.78,377.79,26.23,38.37
2018-09-23 11:00:56,43.41,56.91,455.94,12.0,19.47
2018-09-23 12:00:56,42.85,94.88,540.15,12.58,20.95
2018-09-23 13:00:56,52.61,217.57,445.04,14.5,23.17
2018-09-23 14:00:56,64.79,53.67,373.2,15.87,24.45
2018-09-23 15:00:56,61.56,32.58,407.47,12.41,20.16
2018-09-23 16:00:56,65.76,26.09,431.11,10.95,18.69
2018-09-23 17:00:56,62.45,15.05,458.03,12.97,19.35
2018-09-23 18:00:56,59.91,34.3,493.61,30.11,39.54
2018-09-23 19:00:56,70.02,18.53,622.89,50.03,57.19
2018-09-23 20:00:56,68.78,11.73,594.14,39.47,45.02
2018-09-23 21:00:56,68.1,8.54,595.94,44.41,52.26
2018-09-23 22:00:56,67.37,7.37,507.12,39.65,47.67
2018-09-23 23:00:56,74.4,5.7,803.04,46.27,56.83
2018-09-24 00:00:56,72.56,5.64,492.04,37.78,48.03
2018-09-24 01:00:56,60.36,7.48,422.31,31.95,42.86
2018-09-24 02:00:56,54.18,7.97,374.74,17.91,30.43
2018-09-24 03:00:56,54.23,7.65,376.54,60.29,76.97
2018-09-24 04:00:56,49.99,7.96,370.14,58.99,66.23
2018-09-24 05:00:56,40.9,7.87,305.95,28.37,34.83
2018-09-24 06:00:56,33.46,7.24,256.54,7.95,13.44
2018-09-24 07:00:56,41.69,7.46,228.28,19.25,30.83
2018-09-24 08:00:56,40.94,7.83,355.33,34.64,62.48
2018-09-24 09:00:56,59.4,11.07,514.82,90.96,131.35
2018-09-24 10:00:56,79.74,12.05,404.94,60.19,84.26
2018-09-24 11:00:56,62.27,11.1,319.76,27.36,42.48
2018-09-24 12:00:56,51.84,6.54,434.5,7.54,14.68
2018-09-24 13:00:56,47.17,5.2,419.22,10.87,18.92
2018-09-24 14:00:56,42.5,5.13,400.22,9.88,17.31
2018-09-24 15:00:56,44.56,4.84,480.83,8.63,14.92
2018-09-24 16:00:56,52.28,3.84,451.98,12.03,19.39
2018-09-24 17:00:56,57.26,3.47,483.83,13.38,20.36
2018-09-24 18:00:56,66.17,3.78,536.52,19.09,26.03
2018-09-24 19:00:56,72.8,4.25,682.36,57.35,68.24
2018-09-24 20:00:56,86.01,5.28,729.96,76.88,97.54
2018-09-24 21:00:56,93.13,5.96,807.78,79.26,95.71
2018-09-24 22:00:56,100.13,6.33,787.2,87.19,110.17
2018-09-24 23:00:56,91.96,6.27,559.73,53.96,68.52
2018-09-25 00:00:56,67.18,5.89,507.7,55.8,70.87
2018-09-25 01:00:56,58.6,6.43,494.93,73.3,98.2
2018-09-25 02:00:56,59.85,7.77,435.83,55.51,73.59
2018-09-25 03:00:56,58.9,7.87,323.0,21.47,27.93
2018-09-25 04:00:56,47.0,8.3,171.08,11.17,16.58
2018-09-25 05:00:56,34.88,9.05,242.88,11.13,16.2
2018-09-25 06:00:56,35.71,8.77,230.35,11.62,16.87
2018-09-25 07:00:56,32.07,7.61,203.18,28.3,47.7
2018-09-25 08:00:56,33.32,8.4,293.0,66.31,84.17
2018-09-25 09:00:56,55.37,7.73,360.49,56.68,71.62
2018-09-25 10:00:56,76.1,5.08,499.66,20.58,29.95
2018-09-25 11:00:56,100.84,3.52,596.4,15.35,23.88
2018-09-25 12:00:56,124.69,0.0,605.16,14.44,22.52
2018-09-25 13:00:56,161.85,2.41,597.25,0.0,0.0
2018-09-25 14:00:56,135.76,2.99,0.0,14.41,22.76
2018-09-25 15:00:56,117.7,3.44,458.63,12.91,22.14
2018-09-25 16:00:56,109.46,3.67,428.03,14.07,23.05
2018-09-25 17:00:56,103.09,3.93,397.07,20.41,29.17
2018-09-25 18:00:56,84.28,4.06,405.99,23.31,33.3
2018-09-25 19:00:56,72.01,4.27,370.51,25.83,34.65
2018-09-25 20:00:56,61.05,4.88,387.65,26.44,34.79
2018-09-25 21:00:56,43.46,5.59,283.91,16.69,23.43
2018-09-25 22:00:56,34.66,5.57,255.08,17.1,23.82
2018-09-25 23:00:56,23.91,5.48,291.72,22.52,30.52
2018-09-26 00:00:56,20.98,5.28,265.59,14.39,20.7
2018-09-26 01:00:56,16.8,5.28,199.0,8.65,14.52
2018-09-26 02:00:56,11.97,4.94,167.31,14.33,20.32
2018-09-26 03:00:56,13.45,4.95,154.75,11.93,17.7
2018-09-26 04:00:56,16.25,3.84,118.68,0.0,0.0
2018-09-26 05:00:56,10.59,4.07,89.66,0.0,0.0
2018-09-26 06:00:56,6.46,4.85,140.25,7.14,12.48
2018-09-26 07:00:56,4.89,4.29,150.94,12.04,18.18
2018-09-26 08:00:56,9.76,4.25,158.05,30.13,38.59
2018-09-26 09:00:56,16.14,3.57,168.48,49.45,59.73
2018-09-26 10:00:56,13.37,4.02,168.94,44.06,54.74
2018-09-26 11:00:56,19.67,4.21,186.24,36.72,46.65
2018-09-26 12:00:56,19.86,4.55,196.14,52.36,68.39
2018-09-26 13:00:56,14.73,4.84,220.92,49.33,67.46
2018-09-26 14:00:56,14.15,5.04,193.52,50.82,63.89
2018-09-26 15:00:56,13.42,5.29,241.36,53.87,70.14
2018-09-26 16:00:56,16.36,5.1,288.63,53.57,64.16
2018-09-26 17:00:56,12.52,5.09,234.79,51.81,62.21
2018-09-26 18:00:56,8.59,5.21,244.77,57.16,67.3
2018-09-26 19:00:56,11.81,14.18,277.44,56.17,67.31
2018-09-26 20:00:56,18.16,9.89,278.16,44.87,52.47
2018-09-26 21:00:56,13.56,6.64,219.53,22.33,28.58
2018-09-26 22:00:56,9.74,5.74,167.59,20.01,25.93
2018-09-26 23:00:56,9.35,6.33,205.78,19.36,25.25
2018-09-27 00:00:56,7.8,5.66,242.81,16.77,22.4
2018-09-27 01:00:56,7.34,6.22,202.63,13.97,18.95
2018-09-27 02:00:56,8.41,6.01,164.17,0.0,0.0
2018-09-27 03:00:56,10.6,6.05,157.02,0.0,0.0
2018-09-27 04:00:56,6.38,5.46,181.93,20.14,25.17
2018-09-27 05:00:56,4.96,5.52,121.32,21.92,27.27
2018-09-27 06:00:56,4.38,5.43,182.56,30.96,36.55
2018-09-27 07:00:56,3.98,5.38,228.62,24.18,32.11
2018-09-27 08:00:56,4.77,5.4,226.25,18.17,24.86
2018-09-27 09:00:56,7.88,5.55,312.74,46.39,57.72
2018-09-27 10:00:56,10.2,5.61,448.4,76.59,107.72
2018-09-27 11:00:56,10.41,6.86,356.5,40.06,51.65
2018-09-27 12:00:56,8.31,6.42,265.44,22.61,32.88
2018-09-27 13:00:56,6.73,5.28,328.75,20.75,28.27
2018-09-27 14:00:56,11.2,5.16,363.21,48.85,69.11
2018-09-27 15:00:56,21.45,5.4,312.51,35.93,52.3
2018-09-27 16:00:56,20.46,4.34,277.87,21.11,32.5
2018-09-27 17:00:56,18.41,4.08,250.16,27.42,37.84
2018-09-27 18:00:56,18.06,4.84,332.09,43.19,55.39
2018-09-27 19:00:56,20.11,5.28,428.51,49.61,61.26
2018-09-27 20:00:56,32.68,5.09,332.78,38.07,44.02
2018-09-27 21:00:56,31.93,5.45,217.16,24.38,29.73
2018-09-27 22:00:56,20.91,5.61,185.46,17.05,22.29
2018-09-27 23:00:56,18.91,5.09,206.83,8.81,13.71
2018-09-28 00:00:56,18.27,4.84,180.75,14.72,20.35
2018-09-28 01:00:56,18.3,5.14,163.85,10.41,15.65
2018-09-28 02:00:56,13.96,5.0,132.02,0.0,0.0
2018-09-28 03:00:56,14.06,5.3,164.79,0.0,0.0
2018-09-28 04:00:56,13.64,5.49,162.92,0.0,0.0
2018-09-28 05:00:56,12.6,5.02,149.9,0.0,0.0
2018-09-28 06:00:56,7.98,5.26,183.53,0.0,0.0
2018-09-28 07:00:56,6.09,5.27,250.16,19.98,38.46
2018-09-28 08:00:56,11.83,5.25,296.1,31.21,51.97
2018-09-28 09:00:56,24.98,5.19,604.66,87.65,151.55
2018-09-28 10:00:56,36.7,5.17,506.97,74.3,105.37
2018-09-28 11:00:56,39.99,5.39,268.88,11.84,20.04
2018-09-28 12:00:56,25.25,4.97,280.24,6.24,13.35
2018-09-28 13:00:56,19.96,4.79,301.04,0.0,0.0
2018-09-28 14:00:56,17.02,4.1,336.23,8.16,16.56
2018-09-28 15:00:56,18.31,3.54,337.72,7.77,15.64
2018-09-28 16:00:56,26.4,3.09,400.63,27.1,38.19
2018-09-28 17:00:56,31.97,3.76,332.67,42.89,55.46
2018-09-28 18:00:56,29.97,3.63,460.1,43.38,52.28
2018-09-28 19:00:56,29.45,4.63,459.62,35.0,40.78
2018-09-28 20:00:56,33.85,4.75,520.58,54.34,65.0
2018-09-28 21:00:56,37.96,4.65,582.64,35.88,48.67
2018-09-28 22:00:56,36.94,5.27,552.27,68.52,99.08
2018-09-28 23:00:56,41.25,6.08,864.8,68.85,111.39
2018-09-29 00:00:56,49.79,5.34,380.15,29.05,42.53
2018-09-29 01:00:56,48.48,5.7,463.72,25.07,46.51
2018-09-29 02:00:56,46.05,5.45,264.12,19.62,27.96
2018-09-29 03:00:56,30.28,5.38,195.63,13.41,20.52
2018-09-29 04:00:56,20.04,6.19,104.94,3.67,9.25
2018-09-29 05:00:56,20.17,6.2,122.18,7.25,13.36
2018-09-29 06:00:56,22.99,6.24,185.87,3.62,10.2
2018-09-29 07:00:56,18.09,6.66,193.12,14.3,24.64
2018-09-29 08:00:56,15.98,7.32,319.19,32.47,87.36
2018-09-29 09:00:56,21.89,8.86,320.59,24.59,56.28
2018-09-29 10:00:56,29.53,84.97,346.23,18.35,32.83
2018-09-29 11:00:56,40.4,44.73,479.59,9.41,20.59
2018-09-29 12:00:56,34.99,9.57,529.37,0.0,0.0
2018-09-29 13:00:56,25.9,4.31,610.0,0.0,0.0
2018-09-29 14:00:56,24.9,3.74,668.92,4.2,11.23
2018-09-29 15:00:56,23.66,2.27,667.62,7.78,15.44
2018-09-29 16:00:56,29.06,2.07,701.65,12.16,21.69
2018-09-29 17:00:56,37.29,1.59,738.02,8.99,16.63
2018-09-29 18:00:56,39.71,2.18,789.46,12.91,21.71
2018-09-29 19:00:56,50.69,2.15,881.59,41.11,54.3
2018-09-29 20:00:56,57.63,3.02,813.89,45.35,53.02
2018-09-29 21:00:56,45.63,3.06,849.85,51.34,61.5
2018-09-29 22:00:56,51.57,4.19,1257.78,81.86,149.33
2018-09-29 23:00:56,63.25,4.33,1245.73,78.23,187.11
2018-09-30 00:00:56,63.4,4.78,995.33,45.74,84.06
2018-09-30 01:00:56,58.66,4.35,916.81,48.06,75.03
2018-09-30 02:00:56,54.63,4.41,770.9,50.12,83.13
2018-09-30 03:00:56,56.93,3.93,639.97,42.14,54.47
2018-09-30 04:00:56,49.52,3.93,555.51,9.28,15.07
2018-09-30 05:00:56,44.98,2.86,345.29,6.53,11.99
2018-09-30 06:00:56,35.02,2.71,360.2,15.32,20.82
2018-09-30 07:00:56,19.42,2.51,365.63,11.47,17.04
2018-09-30 08:00:56,18.32,2.57,427.91,6.84,12.55
2018-09-30 09:00:56,25.16,2.72,436.9,7.82,13.97
2018-09-30 10:00:56,20.03,2.49,419.22,7.2,12.82
2018-09-30 11:00:56,20.33,2.51,470.67,6.89,13.17
2018-09-30 12:00:56,20.15,2.69,494.1,4.58,12.17
2018-09-30 13:00:56,15.07,2.65,509.57,0.0,0.0
2018-09-30 14:00:56,12.63,2.37,545.72,7.97,17.31
2018-09-30 15:00:56,17.19,2.52,542.11,9.63,18.6
2018-09-30 16:00:56,24.23,2.26,552.04,8.81,17.21
2018-09-30 17:00:56,21.48,2.28,497.08,9.45,18.44
2018-09-30 18:00:56,15.12,2.67,610.06,13.33,22.7
2018-09-30 19:00:56,24.61,1.97,569.2,35.63,49.03
2018-09-30 20:00:56,31.18,2.42,478.75,16.11,23.07
2018-09-30 21:00:56,20.25,2.81,424.82,13.54,18.96
2018-09-30 22:00:56,17.63,2.47,513.55,23.89,30.85
2018-09-30 23:00:56,12.25,2.63,521.28,68.1,81.43
2018-10-01 00:00:56,15.55,2.88,593.53,70.76,80.41
2018-10-01 01:00:56,27.84,5.66,457.41,29.67,38.39
2018-10-01 02:00:56,27.29,4.61,450.77,28.98,35.46
2018-10-01 03:00:56,27.47,5.19,430.0,9.34,14.9
2018-10-01 04:00:56,26.09,5.2,364.86,0.0,0.0
2018-10-01 05:00:56,14.67,4.83,227.03,0.0,0.0
2018-10-01 06:00:56,10.7,5.07,251.18,0.0,0.0
2018-10-01 07:00:56,14.07,5.52,299.58,19.24,25.35
2018-10-01 08:00:56,22.63,5.28,520.02,45.43,74.4
2018-10-01 09:00:56,29.13,5.54,600.93,60.41,114.44
2018-10-01 10:00:56,32.91,5.57,342.47,21.93,38.31
2018-10-01 11:00:56,32.71,5.05,322.47,10.74,25.89
2018-10-01 12:00:56,28.6,4.96,368.89,0.0,0.0
2018-10-01 13:00:56,19.27,4.04,371.29,4.26,13.28
2018-10-01 14:00:56,16.01,2.91,377.82,6.36,15.1
2018-10-01 15:00:56,24.71,2.79,329.02,6.19,13.44
2018-10-01 16:00:56,39.67,2.91,420.61,30.06,43.63
2018-10-01 17:00:56,44.54,2.34,447.49,20.22,28.84
2018-10-01 18:00:56,48.48,2.69,429.04,28.25,37.31
2018-10-01 19:00:56,53.19,3.91,597.96,78.98,103.0
2018-10-01 20:00:56,92.21,4.38,864.97,107.74,176.39
2018-10-01 21:00:56,84.23,4.96,680.29,83.75,128.96
2018-10-01 22:00:56,79.87,5.29,428.32,81.1,134.08
2018-10-01 23:00:56,75.53,5.55,417.14,74.04,112.31
2018-10-02 00:00:56,63.58,5.68,222.19,31.59,41.51
2018-10-02 01:00:56,56.34,5.54,136.82,33.88,46.67
2018-10-02 02:00:56,40.88,5.3,149.05,20.82,29.56
2018-10-02 03:00:56,30.83,5.49,106.58,19.78,26.92
2018-10-02 04:00:56,34.46,5.75,131.84,34.1,46.39
2018-10-02 05:00:56,36.81,6.08,239.42,22.96,29.38
2018-10-02 06:00:56,24.27,5.56,333.97,14.04,19.56
2018-10-02 07:00:56,26.62,6.03,346.79,10.33,15.93
2018-10-02 08:00:56,28.51,6.16,307.8,28.12,48.6
2018-10-02 09:00:56,32.95,6.57,381.79,28.06,48.93
2018-10-02 10:00:56,39.46,7.03,318.84,8.67,18.79
2018-10-02 11:00:56,34.5,5.24,407.47,9.83,21.86
2018-10-02 12:00:56,32.67,3.6,470.07,10.12,19.63
2018-10-02 13:00:56,38.93,17.61,447.59,14.92,24.87
2018-10-02 14:00:56,42.57,26.7,465.23,15.91,29.35
2018-10-02 15:00:56,42.23,25.08,491.05,23.3,36.58
2018-10-02 16:00:56,54.05,30.03,486.56,26.89,38.19
2018-10-02 17:00:56,51.86,20.31,492.56,22.27,31.99
2018-10-02 18:00:56,45.1,10.23,537.47,35.3,47.08
2018-10-02 19:00:56,36.39,6.54,556.73,37.81,46.24
2018-10-02 20:00:56,30.35,6.07,552.78,36.19,44.52
2018-10-02 21:00:56,38.93,6.41,518.88,44.5,50.89
2018-10-02 22:00:56,39.42,5.76,459.08,30.01,35.91
2018-10-02 23:00:56,31.3,6.37,389.17,34.69,40.72
2018-10-03 00:00:56,26.12,6.46,325.02,15.66,20.89
2018-10-03 01:00:56,24.43,5.1,346.71,16.62,22.07
2018-10-03 02:00:56,16.4,5.57,330.69,9.59,15.0
2018-10-03 03:00:56,15.77,5.73,316.64,7.65,13.58
2018-10-03 04:00:56,19.16,5.81,266.37,4.44,9.75
2018-10-03 05:00:56,28.97,5.86,214.01,3.53,8.74
2018-10-03 06:00:56,23.76,6.05,232.06,9.67,18.48
2018-10-03 07:00:56,22.07,5.98,276.62,37.31,56.99
2018-10-03 08:00:56,22.37,5.91,378.21,31.86,63.26
2018-10-03 09:00:56,36.89,6.28,776.57,81.23,182.09
2018-10-03 10:00:56,57.11,7.56,425.25,32.08,47.77
2018-10-03 11:00:56,65.96,62.13,523.13,44.6,66.46
2018-10-03 12:00:56,86.59,20.84,551.53,28.96,43.25
2018-10-03 13:00:56,76.6,12.56,478.15,12.66,22.07
2018-10-03 14:00:56,55.15,8.26,449.1,18.9,30.42
2018-10-03 15:00:56,42.76,6.29,459.12,18.66,31.36
2018-10-03 16:00:56,48.24,4.7,528.51,21.28,31.77
2018-10-03 17:00:56,53.56,4.2,516.41,22.23,33.03
2018-10-03 18:00:56,47.47,4.59,557.16,35.44,46.68
2018-10-03 19:00:56,43.8,4.45,546.7,51.7,63.97
2018-10-03 20:00:56,48.41,4.4,631.87,50.82,58.23
2018-10-03 21:00:56,50.64,5.06,551.83,27.67,33.77
2018-10-03 22:00:56,52.98,5.46,521.78,32.26,38.2
2018-10-03 23:00:56,42.52,5.09,484.36,19.67,25.82
2018-10-04 00:00:56,30.44,4.99,504.22,33.39,44.8
2018-10-04 01:00:56,31.15,6.11,519.65,52.14,67.13
2018-10-04 02:00:56,38.75,5.28,407.6,29.74,47.24
2018-10-04 03:00:56,43.25,5.82,339.23,25.66,33.25
2018-10-04 04:00:56,39.11,5.86,348.26,14.47,21.05
2018-10-04 05:00:56,32.88,5.11,254.92,17.77,23.79
2018-10-04 06:00:56,31.64,4.63,299.63,14.38,20.78
2018-10-04 07:00:56,29.41,4.72,302.19,22.5,35.66
2018-10-04 08:00:56,34.69,4.67,462.32,77.75,107.4
2018-10-04 09:00:56,48.72,4.92,467.66,86.81,107.37
2018-10-04 10:00:56,60.25,4.86,436.29,51.91,63.13
2018-10-04 11:00:56,68.32,4.79,353.47,40.92,52.15
2018-10-04 12:00:56,64.54,4.66,395.39,23.68,35.17
2018-10-04 13:00:56,66.17,3.7,366.14,15.67,24.6
2018-10-04 14:00:56,56.43,3.73,404.72,19.56,28.37
2018-10-04 15:00:56,59.49,3.03,415.39,27.15,36.66
2018-10-04 16:00:56,83.28,4.09,354.41,36.26,45.55
2018-10-04 17:00:56,86.97,5.35,300.83,31.06,40.68
2018-10-04 18:00:56,94.73,6.05,251.13,27.81,37.14
2018-10-04 19:00:56,91.36,5.02,234.9,48.69,58.18
2018-10-04 20:00:56,75.24,4.84,235.5,56.03,65.84
2018-10-04 21:00:56,61.47,4.96,161.6,24.6,30.01
2018-10-04 22:00:56,40.38,5.27,127.43,28.97,35.46
2018-10-04 23:00:56,26.1,5.57,92.11,11.88,17.05
2018-10-05 00:00:56,20.71,4.94,49.58,0.0,0.0
2018-10-05 01:00:56,16.44,5.7,80.71,4.37,9.26
2018-10-05 02:00:56,21.43,5.26,125.75,0.0,0.0
2018-10-05 03:00:56,17.71,5.44,61.8,4.27,9.42
2018-10-05 04:00:56,15.11,5.5,40.55,0.0,0.0
2018-10-05 05:00:56,20.4,5.33,45.7,6.42,11.38
2018-10-05 06:00:56,16.49,5.46,65.75,0.0,0.0
2018-10-05 07:00:56,14.92,6.0,53.75,13.73,19.0
2018-10-05 08:00:56,16.08,6.22,75.9,33.38,39.99
2018-10-05 09:00:56,13.23,5.94,160.13,64.66,82.75
2018-10-05 10:00:56,22.33,5.57,137.42,37.96,48.23
2018-10-05 11:00:56,27.34,5.66,191.22,11.87,21.99
2018-10-05 12:00:56,16.74,7.58,171.86,12.45,20.97
2018-10-05 13:00:56,15.52,7.16,226.46,27.65,36.69
2018-10-05 14:00:56,16.75,5.68,257.59,16.03,23.39
2018-10-05 15:00:56,12.97,0.0,180.94,14.94,36.11
2018-10-05 16:00:56,8.89,11.0,189.85,25.47,35.88
2018-10-05 17:00:56,18.22,42.88,86.05,33.88,45.12
2018-10-05 18:00:56,20.41,69.41,143.15,45.79,63.2
2018-10-05 19:00:56,33.39,34.25,78.42,47.26,58.77
2018-10-05 20:00:56,31.74,42.39,104.95,62.8,75.91
2018-10-05 21:00:56,33.91,66.4,252.08,32.24,41.73
2018-10-05 22:00:56,35.75,13.08,162.17,19.47,26.51
2018-10-05 23:00:56,31.4,8.88,170.97,22.85,32.62
2018-10-06 00:00:56,23.43,6.97,257.27,10.97,16.37
2018-10-06 01:00:56,14.75,7.37,219.75,15.22,24.81
2018-10-06 02:00:56,15.52,6.73,206.35,11.96,18.1
2018-10-06 03:00:56,19.63,5.98,248.77,3.26,8.53
2018-10-06 04:00:56,18.77,6.29,145.58,0.0,0.0
2018-10-06 05:00:56,11.38,6.01,201.65,0.0,0.0
2018-10-06 06:00:56,12.91,5.47,266.11,3.72,9.21
2018-10-06 07:00:56,18.71,6.22,287.44,6.86,12.17
2018-10-06 08:00:56,11.51,6.05,334.1,17.22,23.72
2018-10-06 09:00:56,7.86,6.15,301.15,23.56,31.76
2018-10-06 10:00:56,8.37,5.63,282.43,9.64,21.1
2018-10-06 11:00:56,12.58,4.83,331.41,6.99,17.32
2018-10-06 12:00:56,11.18,5.03,332.94,0.0,0.0
2018-10-06 13:00:56,6.55,5.15,400.88,0.0,0.0
2018-10-06 14:00:56,4.01,4.34,385.62,5.63,13.63
2018-10-06 15:00:56,6.43,3.83,316.09,8.62,17.42
2018-10-06 16:00:56,11.7,3.22,362.64,14.19,23.66
2018-10-06 17:00:56,9.5,4.43,382.84,22.46,31.54
2018-10-06 18:00:56,7.38,4.05,413.4,34.54,44.74
2018-10-06 19:00:56,16.03,4.54,498.59,65.13,83.79
2018-10-06 20:00:56,36.41,4.95,479.99,63.1,78.99
2018-10-06 21:00:56,36.17,5.51,326.18,30.89,38.92
2018-10-06 22:00:56,27.06,6.08,308.21,21.21,29.91
2018-10-06 23:00:56,25.6,5.78,264.05,24.72,32.96
2018-10-07 00:00:56,25.29,5.46,303.91,29.43,40.07
2018-10-07 01:00:56,22.97,6.02,338.75,23.25,30.92
2018-10-07 02:00:56,15.11,6.34,291.07,13.84,19.9
2018-10-07 03:00:56,16.49,6.38,320.71,10.15,17.78
2018-10-07 04:00:56,20.35,5.99,255.27,8.42,15.8
2018-10-07 05:00:56,23.88,5.74,195.87,14.36,25.91
2018-10-07 06:00:56,17.94,5.62,248.49,8.99,14.36
2018-10-07 07:00:56,13.41,5.84,231.61,9.34,15.55
2018-10-07 08:00:56,14.16,5.92,249.33,19.73,34.94
2018-10-07 09:00:56,11.06,5.86,248.05,9.18,17.9
2018-10-07 10:00:56,9.2,6.12,271.04,0.0,0.0
2018-10-07 11:00:56,11.27,5.1,280.17,0.0,0.0
2018-10-07 12:00:56,7.4,4.69,396.35,0.0,0.0
2018-10-07 13:00:56,5.69,4.05,393.56,0.0,0.0
2018-10-07 14:00:56,7.37,3.43,360.1,0.0,0.0
2018-10-07 15:00:56,12.95,3.93,398.24,7.5,15.87
2018-10-07 16:00:56,18.77,3.82,397.14,10.77,19.21
2018-10-07 17:00:56,27.03,4.59,417.75,16.5,25.07
2018-10-07 18:00:56,30.0,5.09,494.0,26.68,36.96
2018-10-07 19:00:56,37.46,5.52,498.32,65.01,82.14
2018-10-07 20:00:56,45.9,5.79,409.57,22.17,27.78
2018-10-07 21:00:56,38.01,6.31,370.01,27.44,35.09
2018-10-07 22:00:56,35.93,6.76,468.17,43.66,59.64
2018-10-07 23:00:56,34.51,6.95,447.19,34.14,49.42
2018-10-08 00:00:56,31.74,6.76,297.82,26.13,35.45
2018-10-08 01:00:56,34.78,5.56,194.6,16.92,26.62
2018-10-08 02:00:56,27.29,5.04,148.59,9.58,16.05
2018-10-08 03:00:56,28.39,5.12,121.9,9.68,15.63
2018-10-08 04:00:56,24.33,5.21,100.36,11.83,18.51
2018-10-08 05:00:56,20.21,5.56,185.9,5.58,11.42
2018-10-08 06:00:56,14.12,6.33,230.44,8.23,17.39
2018-10-08 07:00:56,8.1,5.49,281.05,17.77,42.23
2018-10-08 08:00:56,19.11,6.15,552.44,47.77,116.32
2018-10-08 09:00:56,49.51,6.32,586.93,48.49,89.41
2018-10-08 10:00:56,57.72,24.64,445.15,25.67,43.03
2018-10-08 11:00:56,55.58,106.56,579.09,41.41,66.69
2018-10-08 12:00:56,66.87,32.66,709.1,32.08,47.78
2018-10-08 13:00:56,72.76,30.89,697.85,15.41,25.94
2018-10-08 14:00:56,57.76,19.05,680.38,14.24,24.35
2018-10-08 15:00:56,49.8,13.19,699.58,17.03,28.17
2018-10-08 16:00:56,44.36,6.29,708.22,20.28,31.25
2018-10-08 17:00:56,41.98,4.79,758.76,39.67,53.68
2018-10-08 18:00:56,40.98,3.94,675.97,36.45,47.91
2018-10-08 19:00:56,38.45,3.68,648.1,43.9,54.56
2018-10-08 20:00:56,32.56,3.27,699.78,36.43,47.7
2018-10-08 21:00:56,37.19,3.67,664.5,36.86,43.58
2018-10-08 22:00:56,44.28,3.32,577.38,14.7,20.16
2018-10-08 23:00:56,37.29,3.76,593.64,20.96,26.74
2018-10-09 00:00:56,28.86,4.28,610.75,41.47,47.8
2018-10-09 01:00:56,34.93,6.74,636.91,41.37,48.1
2018-10-09 02:00:56,48.73,7.11,629.15,26.78,32.79
2018-10-09 03:00:56,42.75,6.48,498.92,16.83,22.62
2018-10-09 04:00:56,34.12,6.15,518.56,7.63,13.14
2018-10-09 05:00:56,33.28,6.88,352.13,5.66,11.11
2018-10-09 06:00:56,32.45,6.03,261.15,11.42,22.24
2018-10-09 07:00:56,27.53,6.19,350.59,23.75,30.37
2018-10-09 08:00:56,29.86,5.48,376.87,31.51,39.07
2018-10-09 09:00:56,34.51,5.3,612.7,79.23,91.9
2018-10-09 10:00:56,43.02,5.19,443.24,60.55,71.65
2018-10-09 11:00:56,52.55,4.73,425.16,59.69,38.33
2018-10-09 12:00:56,50.47,4.61,443.25,51.02,64.22
2018-10-09 13:00:56,48.33,4.4,449.02,0.0,0.0
2018-10-09 14:00:56,46.89,4.34,0.0,14.05,22.7
2018-10-09 15:00:56,37.61,0.0,0.0,18.06,33.36
2018-10-09 16:00:56,30.97,0.0,0.0,0.0,0.0
2018-10-09 17:00:56,39.89,0.0,442.88,25.78,36.53
2018-10-09 18:00:56,44.36,1.05,274.34,22.39,25.76
2018-10-09 19:00:56,61.6,2.08,174.29,32.33,36.11
2018-10-09 20:00:56,54.58,1.75,239.93,15.21,18.69
2018-10-09 21:00:56,47.92,1.44,404.03,27.38,30.84
2018-10-09 22:00:56,42.13,1.55,383.68,21.56,25.11
2018-10-09 23:00:56,42.85,1.33,258.7,14.88,20.36
2018-10-10 00:00:56,40.38,1.93,378.19,24.71,28.38
2018-10-10 01:00:56,46.47,4.42,349.92,8.64,12.26
2018-10-10 02:00:56,50.58,3.86,480.74,7.98,11.12
2018-10-10 03:00:56,44.94,3.98,513.06,8.46,11.57
2018-10-10 04:00:56,42.94,3.7,525.62,7.49,10.41
2018-10-10 05:00:56,42.39,3.5,310.7,8.72,11.66
2018-10-10 06:00:56,37.61,4.04,237.18,9.96,12.87
2018-10-10 07:00:56,36.49,3.87,300.81,6.12,9.31
2018-10-10 08:00:56,38.78,3.65,412.12,27.29,32.39
2018-10-10 09:00:56,33.53,3.39,521.83,42.31,52.25
2018-10-10 10:00:56,36.44,3.03,473.61,27.76,34.39
2018-10-10 11:00:56,31.07,3.71,462.92,58.45,70.2
2018-10-10 12:00:56,29.96,3.29,392.92,21.74,27.08
2018-10-10 13:00:56,34.51,2.77,428.65,31.63,38.58
2018-10-10 14:00:56,30.31,2.64,428.21,19.19,26.01
2018-10-10 15:00:56,19.88,3.3,551.55,20.35,26.12
2018-10-10 16:00:56,21.16,2.89,530.2,23.66,32.39
2018-10-10 17:00:56,20.01,2.58,659.59,27.6,34.0
2018-10-10 18:00:56,28.08,2.76,698.35,26.26,32.16
2018-10-10 19:00:56,34.51,2.85,603.71,28.14,33.7
2018-10-10 20:00:56,28.28,3.11,509.84,19.12,23.25
2018-10-10 21:00:56,30.81,2.91,564.41,21.08,27.07
2018-10-10 22:00:56,32.75,2.79,639.38,21.68,29.92
2018-10-10 23:00:56,27.85,3.45,686.14,31.59,22.19
2018-10-11 00:00:56,32.41,3.27,481.62,13.63,18.14
2018-10-11 01:00:56,30.6,4.01,415.87,8.31,11.91
2018-10-11 02:00:56,32.49,3.58,412.32,10.09,13.52
2018-10-11 03:00:56,29.05,3.76,360.56,3.8,6.81
2018-10-11 04:00:56,26.72,3.84,323.46,14.07,17.37
2018-10-11 05:00:56,30.87,3.68,248.83,4.58,7.72
2018-10-11 06:00:56,25.34,3.31,274.03,3.0,6.04
2018-10-11 07:00:56,21.95,3.4,382.94,20.46,36.24
2018-10-11 08:00:56,30.8,3.9,591.72,37.38,54.08
2018-10-11 09:00:56,37.72,3.83,704.01,59.39,103.84
2018-10-11 10:00:56,52.47,4.1,459.8,53.3,73.7
2018-10-11 11:00:56,50.49,3.99,374.83,45.45,56.3
2018-10-11 12:00:56,53.37,3.89,358.83,30.08,37.36
2018-10-11 13:00:56,58.08,3.94,341.85,25.93,36.75
2018-10-11 14:00:56,53.88,2.65,363.13,14.25,22.02
2018-10-11 15:00:56,48.32,2.28,375.39,12.14,19.65
2018-10-11 16:00:56,47.15,1.46,410.28,18.91,25.68
2018-10-11 17:00:56,42.53,1.9,372.21,30.86,38.14
2018-10-11 18:00:56,44.78,2.56,444.6,35.97,44.68
2018-10-11 19:00:56,65.73,2.6,498.51,33.97,39.04
2018-10-11 20:00:56,64.99,1.83,516.16,39.55,48.49
2018-10-11 21:00:56,63.96,2.43,533.67,39.92,47.07
2018-10-11 22:00:56,63.29,2.68,492.8,42.44,47.38
2018-10-11 23:00:56,63.07,2.42,435.29,40.6,47.41
2018-10-12 00:00:56,56.04,3.11,405.43,20.3,23.85
2018-10-12 01:00:56,45.97,4.14,356.85,15.88,19.66
2018-10-12 02:00:56,37.19,3.82,270.6,10.27,13.21
2018-10-12 03:00:56,38.58,3.37,220.95,5.7,8.63
2018-10-12 04:00:56,35.52,3.48,215.9,0.0,0.0
2018-10-12 05:00:56,35.34,3.46,113.51,5.52,8.48
2018-10-12 06:00:56,26.21,3.51,106.66,13.6,17.42
2018-10-12 07:00:56,24.57,3.47,160.6,24.95,29.32
2018-10-12 08:00:56,31.39,3.03,233.56,39.75,44.74
2018-10-12 09:00:56,40.86,4.06,349.11,56.91,66.28
2018-10-12 10:00:56,38.25,3.59,248.54,33.18,38.16
2018-10-12 11:00:56,30.73,3.14,292.0,33.86,39.79
2018-10-12 12:00:56,33.82,2.75,313.46,45.29,54.97
2018-10-12 13:00:56,42.41,2.8,308.21,23.13,30.36
2018-10-12 14:00:56,49.83,2.93,338.19,18.65,25.44
2018-10-12 15:00:56,48.18,2.8,291.16,28.12,36.4
2018-10-12 16:00:56,50.92,3.27,286.23,30.85,39.5
2018-10-12 17:00:56,58.94,3.19,276.36,28.63,35.31
2018-10-12 18:00:56,54.74,3.65,245.46,23.93,28.99
2018-10-12 19:00:56,47.3,4.39,245.56,43.9,50.7
2018-10-12 20:00:56,49.29,3.9,320.31,53.26,59.22
2018-10-12 21:00:56,65.22,3.76,395.54,37.35,43.06
2018-10-12 22:00:56,64.29,3.27,241.16,24.47,28.01
2018-10-12 23:00:56,47.96,3.58,296.2,35.27,38.92
2018-10-13 00:00:56,49.52,3.31,237.34,29.06,32.71
2018-10-13 01:00:56,58.45,3.68,164.69,16.2,19.96
2018-10-13 02:00:56,41.54,4.34,136.05,5.34,8.25
2018-10-13 03:00:56,38.05,3.62,115.04,14.67,17.83
2018-10-13 04:00:56,44.49,3.39,110.22,18.36,21.59
2018-10-13 05:00:56,33.07,3.67,196.07,5.2,8.15
2018-10-13 06:00:56,32.46,3.51,247.41,9.12,11.96
2018-10-13 07:00:56,36.8,3.49,362.89,13.18,17.07
2018-10-13 08:00:56,41.49,3.49,440.65,22.26,33.77
2018-10-13 09:00:56,50.68,3.38,394.2,20.92,26.03
2018-10-13 10:00:56,56.34,2.99,343.87,34.06,42.15
2018-10-13 11:00:56,65.46,2.59,350.01,28.56,43.17
2018-10-13 12:00:56,73.56,2.41,366.75,33.0,40.22
2018-10-13 13:00:56,77.39,2.56,389.43,23.87,29.95
2018-10-13 14:00:56,75.66,2.14,404.45,20.92,27.28
2018-10-13 15:00:56,70.38,2.32,396.31,16.22,22.02
2018-10-13 16:00:56,68.88,2.38,420.84,25.37,29.89
2018-10-13 17:00:56,61.19,3.17,499.85,50.09,61.59
2018-10-13 18:00:56,57.63,3.08,548.9,53.77,60.66
2018-10-13 19:00:56,58.25,2.72,674.78,32.34,37.69
2018-10-13 20:00:56,58.52,2.98,543.82,27.83,31.95
2018-10-13 21:00:56,59.68,2.68,540.99,29.26,39.01
2018-10-13 22:00:56,39.39,3.07,617.21,42.14,48.64
2018-10-13 23:00:56,22.34,3.45,472.93,22.82,27.16
2018-10-14 00:00:56,19.31,3.45,595.17,19.53,25.6
2018-10-14 01:00:56,24.59,4.05,456.34,14.07,18.65
2018-10-14 02:00:56,21.25,3.64,436.56,18.39,24.4
2018-10-14 03:00:56,20.69,4.79,384.23,6.97,10.31
2018-10-14 04:00:56,16.35,5.02,350.5,5.28,8.64
2018-10-14 05:00:56,10.91,4.58,203.86,6.22,10.51
2018-10-14 06:00:56,14.71,4.85,295.21,3.6,7.18
2018-10-14 07:00:56,23.39,4.92,342.42,16.21,23.59
2018-10-14 08:00:56,26.82,4.47,307.58,19.03,23.93
2018-10-14 09:00:56,22.3,3.86,294.8,8.19,13.94
2018-10-14 10:00:56,17.43,3.7,248.65,4.96,9.46
2018-10-14 11:00:56,26.57,2.81,316.36,8.11,14.66
2018-10-14 12:00:56,33.74,2.14,327.95,7.57,14.08
2018-10-14 13:00:56,38.23,6.14,368.04,12.48,21.14
2018-10-14 14:00:56,42.84,26.88,368.23,10.1,14.97
2018-10-14 15:00:56,40.15,15.69,328.36,9.85,15.8
2018-10-14 16:00:56,38.0,10.76,372.8,13.77,19.74
2018-10-14 17:00:56,35.02,10.38,349.22,17.46,23.64
2018-10-14 18:00:56,28.46,7.23,353.98,23.13,28.92
2018-10-14 19:00:56,31.38,5.92,380.1,30.79,37.8
2018-10-14 20:00:56,39.2,5.62,387.61,37.99,47.56
2018-10-14 21:00:56,43.36,5.83,350.18,25.09,29.86
2018-10-14 22:00:56,44.09,5.88,292.69,29.07,34.18
2018-10-14 23:00:56,46.32,4.9,350.7,22.15,25.64
2018-10-15 00:00:56,55.47,4.29,362.46,27.45,31.4
2018-10-15 01:00:56,61.35,6.07,247.55,7.45,10.39
2018-10-15 02:00:56,52.81,5.51,155.57,5.32,8.27
2018-10-15 03:00:56,45.36,5.48,201.47,4.2,7.02
2018-10-15 04:00:56,40.41,5.89,148.81,2.64,5.54
2018-10-15 05:00:56,32.06,5.98,235.87,3.2,6.68
2018-10-15 06:00:56,26.27,5.86,324.04,11.55,15.21
2018-10-15 07:00:56,35.52,6.33,320.69,25.73,32.66
2018-10-15 08:00:56,40.06,6.58,524.97,43.82,65.24
2018-10-15 09:00:56,61.32,7.08,883.11,53.78,127.22
2018-10-15 10:00:56,85.54,6.33,583.49,57.99,106.23
2018-10-15 11:00:56,81.13,4.79,418.55,30.42,39.15
2018-10-15 12:00:56,68.82,4.17,429.62,19.81,26.87
2018-10-15 13:00:56,55.14,6.71,465.7,14.71,21.13
2018-10-15 14:00:56,54.05,10.93,447.19,16.8,23.05
2018-10-15 15:00:56,54.35,10.9,474.09,12.07,17.24
2018-10-15 16:00:56,46.66,6.42,416.19,7.98,12.07
2018-10-15 17:00:56,49.17,4.62,446.66,15.95,23.12
2018-10-15 18:00:56,63.1,4.52,491.98,32.67,39.31
2018-10-15 19:00:56,64.98,4.33,559.49,35.6,40.02
2018-10-15 20:00:56,67.98,4.7,610.1,30.12,35.43
2018-10-15 21:00:56,73.64,4.96,477.34,19.98,23.38
2018-10-15 22:00:56,64.03,4.33,604.01,29.97,36.41
2018-10-15 23:00:56,54.46,4.57,531.03,26.68,35.42
2018-10-16 00:00:56,62.76,3.99,480.91,17.16,22.4
2018-10-16 01:00:56,62.55,3.46,398.97,10.32,13.7
2018-10-16 02:00:56,51.73,3.41,382.33,9.79,13.49
2018-10-16 03:00:56,55.61,3.57,405.31,7.06,10.5
2018-10-16 04:00:56,57.39,3.68,427.24,6.53,9.98
2018-10-16 05:00:56,56.5,3.61,323.52,5.64,9.26
2018-10-16 06:00:56,51.43,3.58,379.11,5.97,9.72
2018-10-16 07:00:56,48.05,3.56,478.41,17.08,27.61
2018-10-16 08:00:56,51.58,3.21,604.24,26.82,46.72
2018-10-16 09:00:56,59.02,3.62,660.06,49.29,90.43
2018-10-16 10:00:56,91.58,4.22,593.56,42.56,63.83
2018-10-16 11:00:56,108.06,7.95,535.17,39.12,56.92
2018-10-16 12:00:56,108.24,7.42,529.41,37.36,56.13
2018-10-16 13:00:56,116.3,5.16,447.66,12.55,19.87
2018-10-16 14:00:56,106.72,4.19,440.32,9.72,15.25
2018-10-16 15:00:56,90.15,6.55,456.31,20.57,27.42
2018-10-16 16:00:56,80.72,3.17,535.74,29.58,37.47
2018-10-16 17:00:56,89.71,2.65,516.75,40.06,51.08
2018-10-16 18:00:56,94.17,2.68,507.28,34.16,43.29
2018-10-16 19:00:56,95.05,3.48,567.57,31.56,40.65
2018-10-16 20:00:56,73.17,3.74,565.33,24.73,30.59
2018-10-16 21:00:56,59.19,3.68,440.14,15.17,20.7
2018-10-16 22:00:56,55.26,3.54,434.06,16.15,22.66
2018-10-16 23:00:56,40.92,3.61,413.03,12.18,15.96
2018-10-17 00:00:56,35.88,3.17,406.23,17.96,26.39
2018-10-17 01:00:56,44.75,3.88,416.2,26.43,32.38
2018-10-17 02:00:56,39.27,3.9,357.89,13.29,17.26
2018-10-17 03:00:56,28.41,3.63,271.99,5.91,9.51
2018-10-17 04:00:56,27.32,3.77,316.72,8.21,12.6
2018-10-17 05:00:56,24.73,3.56,424.76,9.09,14.34
2018-10-17 06:00:56,25.01,4.22,261.96,9.36,13.75
2018-10-17 07:00:56,27.1,4.83,276.69,12.51,18.44
2018-10-17 08:00:56,25.76,4.34,363.36,29.18,52.39
2018-10-17 09:00:56,45.41,4.94,530.78,41.8,73.75
2018-10-17 10:00:56,63.82,5.03,367.11,20.92,32.95
2018-10-17 11:00:56,52.6,4.18,346.66,8.1,12.98
2018-10-17 12:00:56,38.07,3.26,435.38,8.78,15.38
2018-10-17 13:00:56,36.32,1.97,456.1,10.97,18.41
2018-10-17 14:00:56,39.67,1.91,422.46,8.01,13.83
2018-10-17 15:00:56,41.95,1.88,385.09,9.5,15.98
2018-10-17 16:00:56,43.9,2.01,451.75,9.67,15.46
2018-10-17 17:00:56,45.9,1.85,512.13,7.23,12.18
2018-10-17 18:00:56,47.22,2.1,507.87,18.0,28.29
2018-10-17 19:00:56,56.45,2.02,555.04,25.39,35.85
2018-10-17 20:00:56,80.2,1.91,650.51,36.86,52.9
2018-10-17 21:00:56,101.5,2.18,602.42,47.74,72.75
2018-10-17 22:00:56,97.18,2.77,675.0,32.02,43.23
2018-10-17 23:00:56,84.3,2.91,720.46,22.75,34.41
2018-10-18 00:00:56,71.32,3.0,448.75,17.85,25.89
2018-10-18 01:00:56,63.8,3.94,428.5,12.34,20.88
2018-10-18 02:00:56,49.85,3.28,401.84,12.28,17.8
2018-10-18 03:00:56,49.8,3.11,374.01,10.28,15.53
2018-10-18 04:00:56,52.1,3.37,399.39,11.61,18.17
2018-10-18 05:00:56,53.56,3.79,439.27,7.39,11.46
2018-10-18 06:00:56,53.71,3.34,406.06,5.77,9.84
2018-10-18 07:00:56,49.01,3.63,404.67,9.27,18.97
2018-10-18 08:00:56,47.01,3.21,452.0,17.25,29.51
2018-10-18 09:00:56,61.34,3.28,590.34,25.16,45.69
2018-10-18 10:00:56,73.26,3.21,360.8,0.0,0.0
2018-10-18 11:00:56,67.81,2.65,433.78,6.24,13.21
2018-10-18 12:00:56,74.71,2.01,443.35,9.11,15.89
2018-10-18 13:00:56,79.01,5.44,504.97,10.35,18.21
2018-10-18 14:00:56,89.78,5.25,541.33,11.5,18.74
2018-10-18 15:00:56,89.02,3.33,518.7,10.24,16.57
2018-10-18 16:00:56,94.47,10.14,474.85,14.44,21.68
2018-10-18 17:00:56,108.22,0.0,509.31,22.16,30.45
2018-10-18 18:00:56,123.64,56.71,548.72,17.95,23.09
2018-10-18 19:00:56,113.46,23.78,598.51,16.64,23.34
2018-10-18 20:00:56,106.75,14.46,478.25,17.5,23.37
2018-10-18 21:00:56,101.9,10.19,462.38,15.41,19.31
2018-10-18 22:00:56,96.4,8.07,587.56,13.25,19.87
2018-10-18 23:00:56,90.12,6.66,461.97,13.23,17.57
2018-10-19 00:00:56,79.89,5.71,438.15,12.96,18.53
2018-10-19 01:00:56,75.57,6.0,381.88,6.92,10.48
2018-10-19 02:00:56,75.2,5.61,385.76,5.96,9.28
2018-10-19 03:00:56,75.51,5.33,437.64,5.38,9.34
2018-10-19 04:00:56,64.49,4.8,431.15,6.08,9.5
2018-10-19 05:00:56,58.76,4.76,244.71,5.19,9.11
2018-10-19 06:00:56,60.9,4.46,296.25,5.19,8.82
2018-10-19 07:00:56,59.88,4.33,368.51,12.93,24.88
2018-10-19 08:00:56,57.23,5.46,534.72,33.27,62.97
2018-10-19 09:00:56,82.1,5.63,613.65,46.62,99.45
2018-10-19 10:00:56,0.0,0.0,0.0,0.0,0.0
2018-10-19 11:00:56,0.0,0.0,0.0,0.0,0.0
2018-10-19 12:00:56,0.0,0.0,0.0,0.0,0.0
2018-10-19 13:00:56,0.0,0.0,0.0,0.0,0.0
2018-10-19 14:00:56,0.0,0.0,0.0,0.0,0.0
2018-10-19 15:00:56,0.0,0.0,0.0,0.0,0.0
2018-10-19 16:00:56,0.0,0.0,0.0,0.0,0.0
2018-10-19 17:00:56,0.0,0.0,0.0,0.0,0.0
2018-10-19 18:00:56,0.0,22.72,0.0,25.18,32.68
2018-10-19 19:00:56,0.0,32.5,0.0,51.83,77.96
2018-10-19 20:00:56,0.0,33.07,0.0,62.99,88.33
2018-10-19 21:00:56,194.0,33.92,0.0,25.9,31.84
2018-10-19 22:00:56,156.55,34.17,0.0,24.72,31.77
2018-10-19 23:00:56,128.2,34.34,0.0,24.83,31.29
2018-10-20 00:00:56,95.13,28.4,0.0,13.23,17.71
2018-10-20 01:00:56,83.82,3.49,0.0,14.39,22.26
2018-10-20 02:00:56,91.22,3.0,0.0,14.65,24.13
2018-10-20 03:00:56,85.08,2.69,0.0,8.72,14.23
2018-10-20 04:00:56,69.82,3.49,0.0,4.77,8.16
2018-10-20 05:00:56,71.12,2.67,0.0,4.41,7.5
2018-10-20 06:00:56,72.51,3.41,0.0,12.68,16.12
2018-10-20 07:00:56,73.36,3.36,0.0,31.17,54.51
2018-10-20 08:00:56,91.62,4.12,0.0,26.41,39.1
2018-10-20 09:00:56,99.56,3.37,0.0,31.62,55.18
2018-10-20 10:00:56,106.96,3.58,0.0,25.41,36.65
2018-10-20 11:00:56,98.99,3.66,0.0,20.89,29.61
2018-10-20 12:00:56,99.22,3.62,255.19,16.73,24.05
2018-10-20 13:00:56,104.21,8.88,400.77,11.62,21.01
2018-10-20 14:00:56,101.78,10.74,424.4,9.55,15.94
2018-10-20 15:00:56,97.82,10.82,455.59,13.77,20.07
2018-10-20 16:00:56,96.67,6.96,418.59,22.06,29.44
2018-10-20 17:00:56,95.16,4.5,372.87,21.98,28.25
2018-10-20 18:00:56,81.01,4.16,391.47,36.24,42.81
2018-10-20 19:00:56,75.67,2.9,410.72,23.94,28.57
2018-10-20 20:00:56,72.46,2.38,399.25,18.8,22.82
2018-10-20 21:00:56,67.29,2.67,395.64,27.83,33.59
2018-10-20 22:00:56,73.9,3.43,465.04,38.57,52.52
2018-10-20 23:00:56,76.05,3.59,540.59,43.26,62.17
2018-10-21 00:00:56,75.05,3.35,564.32,39.95,55.62
2018-10-21 01:00:56,79.75,5.71,436.24,36.3,44.36
2018-10-21 02:00:56,83.45,5.53,281.83,26.22,34.9
2018-10-21 03:00:56,63.01,5.37,57.53,8.65,12.48
2018-10-21 04:00:56,48.32,5.33,27.45,7.99,10.91
2018-10-21 05:00:56,26.02,5.58,11.09,2.93,5.93
2018-10-21 06:00:56,17.68,5.54,0.0,8.16,11.53
2018-10-21 07:00:56,16.23,5.83,4.76,11.52,14.6
2018-10-21 08:00:56,14.9,6.23,15.89,23.62,33.12
2018-10-21 09:00:56,22.09,6.53,72.42,38.64,53.93
2018-10-21 10:00:56,27.1,7.15,87.13,23.77,33.95
2018-10-21 11:00:56,21.31,9.42,72.55,21.52,33.96
2018-10-21 12:00:56,16.28,6.65,142.08,15.6,23.37
2018-10-21 13:00:56,20.26,4.51,264.19,14.94,21.95
2018-10-21 14:00:56,22.71,10.24,275.35,9.88,14.92
2018-10-21 15:00:56,31.69,5.36,265.28,8.26,12.87
2018-10-21 16:00:56,46.85,4.49,389.27,16.92,22.64
2018-10-21 17:00:56,52.06,4.28,367.69,14.32,19.12
2018-10-21 18:00:56,52.97,4.9,304.35,16.18,21.71
2018-10-21 19:00:56,39.08,5.18,396.73,42.82,51.03
2018-10-21 20:00:56,32.71,4.86,291.12,25.46,30.04
2018-10-21 21:00:56,29.68,4.95,188.09,7.33,10.69
2018-10-21 22:00:56,29.04,4.84,474.04,58.33,71.2
2018-10-21 23:00:56,20.72,4.49,250.99,28.11,31.56
2018-10-22 00:00:56,16.85,4.4,268.52,29.4,34.02
2018-10-22 01:00:56,15.85,4.02,193.48,13.12,25.03
2018-10-22 02:00:56,21.64,3.55,188.52,4.2,7.1
2018-10-22 03:00:56,18.99,3.58,201.37,5.86,8.63
2018-10-22 04:00:56,11.46,4.18,215.72,0.0,0.0
2018-10-22 05:00:56,7.61,4.52,188.12,0.0,0.0
2018-10-22 06:00:56,7.85,4.03,188.26,0.0,0.0
2018-10-22 07:00:56,15.67,3.84,297.77,9.03,14.79
2018-10-22 08:00:56,27.07,3.49,202.17,15.69,21.82
2018-10-22 09:00:56,27.0,3.71,482.93,41.55,65.49
2018-10-22 10:00:56,25.82,3.63,334.1,38.78,56.14
2018-10-22 11:00:56,28.65,16.87,289.1,26.39,34.71
2018-10-22 12:00:56,34.74,27.41,188.77,15.51,22.95
2018-10-22 13:00:56,43.81,13.48,289.44,20.26,27.63
2018-10-22 14:00:56,45.64,4.75,284.24,10.69,17.22
2018-10-22 15:00:56,42.3,3.35,384.73,16.53,23.05
2018-10-22 16:00:56,44.43,2.61,337.16,15.93,22.31
2018-10-22 17:00:56,51.22,2.86,300.03,21.04,26.88
2018-10-22 18:00:56,41.26,3.4,226.47,30.42,37.11
2018-10-22 19:00:56,43.51,3.61,356.04,42.76,47.62
2018-10-22 20:00:56,50.89,3.27,343.21,30.08,33.53
2018-10-22 21:00:56,51.29,3.48,410.9,27.64,31.93
2018-10-22 22:00:56,39.38,3.64,285.57,13.78,17.05
2018-10-22 23:00:56,40.65,3.22,347.03,15.5,20.8
2018-10-23 00:00:56,33.77,3.44,197.67,14.34,18.61
2018-10-23 01:00:56,33.98,6.06,198.51,26.79,34.22
2018-10-23 02:00:56,43.08,5.36,108.7,19.72,25.19
2018-10-23 03:00:56,37.0,5.94,95.02,2.51,5.46
2018-10-23 04:00:56,32.88,6.28,30.93,9.58,24.7
2018-10-23 05:00:56,29.68,6.87,27.98,11.6,16.12
2018-10-23 06:00:56,25.33,6.58,18.11,19.47,25.16
2018-10-23 07:00:56,31.2,6.93,102.96,31.84,46.2
2018-10-23 08:00:56,31.0,7.3,233.65,43.05,100.56
2018-10-23 09:00:56,47.61,7.28,294.59,40.87,80.3
2018-10-23 10:00:56,61.75,44.58,195.06,29.02,44.95
2018-10-23 11:00:56,53.1,60.56,199.14,16.34,28.42
2018-10-23 12:00:56,43.82,0.0,270.31,11.68,19.47
2018-10-23 13:00:56,52.11,11.71,358.47,0.0,0.0
2018-10-23 14:00:56,53.18,13.98,0.0,13.32,20.96
2018-10-23 15:00:56,43.61,8.51,333.85,12.93,18.67
2018-10-23 16:00:56,46.94,5.56,352.55,15.64,20.64
2018-10-23 17:00:56,51.99,4.98,349.42,23.33,29.62
2018-10-23 18:00:56,53.93,8.45,379.64,34.14,41.68
2018-10-23 19:00:56,51.51,7.38,294.8,38.0,44.31
2018-10-23 20:00:56,53.95,6.62,360.76,21.95,26.74
2018-10-23 21:00:56,53.3,6.19,399.66,30.86,35.3
2018-10-23 22:00:56,46.35,6.56,409.23,35.47,39.6
2018-10-23 23:00:56,51.28,6.55,470.4,35.79,39.8
2018-10-24 00:00:56,45.12,5.9,313.36,16.92,20.57
2018-10-24 01:00:56,31.0,4.79,261.11,12.47,15.83
2018-10-24 02:00:56,31.19,4.14,153.95,7.82,11.79
2018-10-24 03:00:56,34.73,4.34,212.28,14.05,21.14
2018-10-24 04:00:56,33.38,4.17,105.02,5.05,8.16
2018-10-24 05:00:56,32.9,4.47,105.76,5.47,12.08
2018-10-24 06:00:56,34.04,4.77,79.14,20.8,29.25
2018-10-24 07:00:56,31.24,5.11,75.06,10.76,17.78
2018-10-24 08:00:56,29.27,5.8,112.37,20.76,40.8
2018-10-24 09:00:56,30.84,5.64,205.61,27.38,58.87
2018-10-24 10:00:56,40.6,5.05,326.28,29.41,75.53
2018-10-24 11:00:56,44.89,4.96,380.45,31.14,63.62
2018-10-24 12:00:56,61.05,4.94,848.39,44.4,116.32
2018-10-24 13:00:56,71.58,4.42,678.32,29.35,55.05
2018-10-24 14:00:56,68.21,4.75,649.57,32.9,57.32
2018-10-24 15:00:56,64.97,28.38,778.32,40.1,70.67
2018-10-24 16:00:56,93.35,26.75,722.93,33.89,53.75
2018-10-24 17:00:56,93.32,11.69,716.92,31.98,48.66
2018-10-24 18:00:56,82.91,10.56,669.82,35.0,45.1
2018-10-24 19:00:56,79.07,9.57,679.51,40.72,50.75
2018-10-24 20:00:56,88.39,7.32,605.98,36.16,42.83
2018-10-24 21:00:56,80.26,6.31,513.68,31.78,37.89
2018-10-24 22:00:56,62.81,5.86,482.64,34.04,39.65
2018-10-24 23:00:56,53.92,5.33,459.37,16.83,20.98
2018-10-25 00:00:56,47.92,5.37,397.39,17.14,22.24
2018-10-25 01:00:56,43.97,4.46,450.97,25.38,32.24
2018-10-25 02:00:56,47.3,4.41,385.84,22.26,26.12
2018-10-25 03:00:56,47.81,4.68,293.32,5.8,8.92
2018-10-25 04:00:56,37.8,4.23,166.81,9.08,12.51
2018-10-25 05:00:56,32.19,4.34,109.71,6.37,9.16
2018-10-25 06:00:56,23.47,4.36,79.4,6.6,9.4
2018-10-25 07:00:56,15.34,4.72,75.03,6.93,9.9
2018-10-25 08:00:56,13.77,4.06,152.41,12.79,19.75
2018-10-25 09:00:56,12.22,3.57,328.68,49.09,70.51
2018-10-25 10:00:56,8.38,3.65,153.52,22.11,27.26
2018-10-25 11:00:56,6.11,3.62,164.9,40.24,53.05
2018-10-25 12:00:56,5.9,3.88,138.81,24.32,31.58
2018-10-25 13:00:56,9.66,3.84,160.47,25.37,32.97
2018-10-25 14:00:56,16.48,5.0,95.91,25.12,31.87
2018-10-25 15:00:56,14.9,5.18,62.72,36.35,46.17
2018-10-25 16:00:56,14.91,5.64,18.86,42.91,53.5
2018-10-25 17:00:56,16.01,5.64,24.55,27.47,34.42
2018-10-25 18:00:56,11.46,6.01,21.05,26.98,32.01
2018-10-25 19:00:56,11.24,5.78,56.93,32.0,38.69
2018-10-25 20:00:56,10.64,6.62,62.58,8.76,12.49
2018-10-25 21:00:56,12.07,6.7,59.47,17.66,21.4
2018-10-25 22:00:56,9.01,6.66,54.35,4.73,8.88
2018-10-25 23:00:56,25.13,6.37,111.06,8.94,12.6
2018-10-26 00:00:56,32.26,5.61,46.9,1.23,4.02
2018-10-26 01:00:56,23.63,3.49,19.42,0.0,0.0
2018-10-26 02:00:56,13.73,2.97,42.73,0.0,0.0
2018-10-26 03:00:56,8.83,3.07,2.26,0.0,0.0
2018-10-26 04:00:56,5.46,3.11,33.93,0.0,0.0
2018-10-26 05:00:56,4.31,3.32,8.54,0.0,0.0
2018-10-26 06:00:56,3.4,4.45,5.55,0.0,0.0
2018-10-26 07:00:56,2.86,4.31,0.0,0.0,0.0
2018-10-26 08:00:56,3.55,3.32,11.28,4.85,8.49
2018-10-26 09:00:56,10.46,2.75,45.2,4.28,7.83
2018-10-26 10:00:56,17.16,2.53,71.14,3.36,7.09
2018-10-26 11:00:56,10.72,2.52,18.75,5.07,10.0
2018-10-26 12:00:56,8.36,1.53,51.99,2.56,6.47
2018-10-26 13:00:56,7.1,0.54,178.0,8.36,13.73
2018-10-26 14:00:56,5.72,6.51,269.74,14.01,22.07
2018-10-26 15:00:56,8.39,21.77,216.01,13.63,20.49
2018-10-26 16:00:56,16.96,11.66,156.52,14.37,20.59
2018-10-26 17:00:56,26.33,6.81,287.55,30.7,41.17
2018-10-26 18:00:56,40.78,3.54,467.27,43.75,53.11
2018-10-26 19:00:56,47.01,2.1,597.85,43.28,56.92
2018-10-26 20:00:56,45.85,4.12,84.23,21.74,26.65
2018-10-26 21:00:56,33.63,4.31,88.31,17.94,22.1
2018-10-26 22:00:56,32.36,4.04,43.7,7.53,10.33
2018-10-26 23:00:56,27.75,3.67,133.06,10.64,13.82
2018-10-27 00:00:56,27.61,2.98,133.68,17.33,20.65
2018-10-27 01:00:56,17.78,4.19,140.62,4.6,6.74
2018-10-27 02:00:56,13.32,4.61,96.49,3.25,5.66
2018-10-27 03:00:56,13.69,3.63,144.63,4.84,7.03
2018-10-27 04:00:56,19.23,3.22,106.67,6.36,9.46
2018-10-27 05:00:56,14.74,3.38,66.99,23.62,26.95
2018-10-27 06:00:56,9.48,4.91,30.91,16.08,19.53
2018-10-27 07:00:56,10.32,4.3,84.18,45.54,62.68
2018-10-27 08:00:56,16.33,4.23,280.37,55.19,106.62
2018-10-27 09:00:56,25.52,4.72,268.03,45.44,79.08
2018-10-27 10:00:56,32.54,7.78,165.17,20.57,34.36
2018-10-27 11:00:56,40.23,85.79,341.45,31.58,47.36
2018-10-27 12:00:56,57.51,70.82,218.62,15.58,24.3
2018-10-27 13:00:56,54.41,5.2,244.48,3.68,7.46
2018-10-27 14:00:56,35.3,2.26,215.45,3.82,6.82
2018-10-27 15:00:56,20.78,2.08,215.01,4.37,7.51
2018-10-27 16:00:56,14.71,1.53,266.12,6.59,10.07
2018-10-27 17:00:56,11.22,2.01,271.95,14.16,17.85
2018-10-27 18:00:56,18.25,3.67,317.31,20.08,27.09
2018-10-27 19:00:56,37.5,2.46,314.86,22.29,25.51
2018-10-27 20:00:56,39.46,2.88,256.76,20.64,24.58
2018-10-27 21:00:56,37.79,3.5,331.55,32.36,40.58
2018-10-27 22:00:56,50.53,4.16,334.24,44.74,75.11
2018-10-27 23:00:56,59.12,3.31,414.4,24.81,32.3
2018-10-28 00:00:56,53.16,3.42,420.7,25.49,35.55
2018-10-28 01:00:56,46.18,4.79,436.44,38.85,62.93
2018-10-28 02:00:56,49.04,3.78,459.98,30.07,42.84
2018-10-28 03:00:56,47.52,3.66,353.45,11.54,15.76
2018-10-28 04:00:56,33.11,3.23,403.06,17.12,21.6
2018-10-28 05:00:56,24.17,5.21,402.26,9.77,12.4
2018-10-28 06:00:56,26.97,5.6,283.73,10.8,14.0
2018-10-28 07:00:56,28.25,4.96,355.12,33.04,41.9
2018-10-28 08:00:56,18.82,5.7,515.74,46.82,69.69
2018-10-28 09:00:56,27.41,15.09,654.01,53.19,107.66
2018-10-28 10:00:56,48.54,49.38,605.11,55.76,119.92
2018-10-28 11:00:56,62.2,145.54,326.86,44.45,67.86
2018-10-28 12:00:56,75.72,137.63,242.22,28.74,40.66
2018-10-28 13:00:56,90.02,160.56,417.4,17.79,24.47
2018-10-28 14:00:56,79.38,113.95,419.96,12.6,18.34
2018-10-28 15:00:56,59.36,15.22,437.37,19.04,25.96
2018-10-28 16:00:56,44.3,9.19,552.21,24.23,31.63
2018-10-28 17:00:56,38.07,6.45,502.19,25.85,31.05
2018-10-28 18:00:56,35.59,4.4,695.9,41.9,49.28
2018-10-28 19:00:56,50.0,4.1,854.77,46.43,61.3
2018-10-28 20:00:56,65.51,5.19,1424.01,68.89,163.39
2018-10-28 21:00:56,89.9,5.29,1449.97,65.19,159.16
2018-10-28 22:00:56,108.3,6.72,1167.26,57.48,114.36
2018-10-28 23:00:56,109.99,5.69,948.38,38.83,64.48
2018-10-29 00:00:56,98.83,5.47,669.55,35.31,62.86
2018-10-29 01:00:56,73.45,4.41,803.14,26.68,39.4
2018-10-29 02:00:56,52.56,3.35,406.63,20.2,26.73
2018-10-29 03:00:56,54.07,3.12,504.56,17.19,21.71
2018-10-29 04:00:56,54.27,2.67,465.03,12.39,16.3
2018-10-29 05:00:56,35.2,2.24,372.5,8.41,12.93
2018-10-29 06:00:56,33.4,1.85,332.66,6.9,10.93
2018-10-29 07:00:56,25.13,1.31,404.26,17.96,43.01
2018-10-29 08:00:56,21.22,0.79,807.62,49.63,104.22
2018-10-29 09:00:56,37.74,1.0,1043.42,39.95,101.69
2018-10-29 10:00:56,47.49,4.45,622.48,29.5,49.44
2018-10-29 11:00:56,31.29,8.34,321.82,17.05,27.88
2018-10-29 12:00:56,19.62,7.76,245.08,10.38,16.61
2018-10-29 13:00:56,16.85,6.91,341.35,13.76,20.11
2018-10-29 14:00:56,27.67,31.87,408.25,15.13,22.83
2018-10-29 15:00:56,0.0,17.39,532.08,20.68,27.66
2018-10-29 16:00:56,0.0,7.07,548.78,31.39,41.01
2018-10-29 17:00:56,0.0,8.86,608.31,49.93,58.35
2018-10-29 18:00:56,0.0,5.15,1223.79,76.82,127.01
2018-10-29 19:00:56,0.0,3.11,1301.46,64.7,121.45
2018-10-29 20:00:56,0.0,3.98,1484.46,73.75,188.67
2018-10-29 21:00:56,0.0,4.23,1677.47,67.87,201.76
2018-10-29 22:00:56,0.0,4.78,1273.33,57.61,122.6
2018-10-29 23:00:56,0.0,4.7,840.43,39.13,66.1
2018-10-30 00:00:56,0.0,4.25,594.94,26.26,42.7
2018-10-30 01:00:56,0.0,4.52,527.34,30.3,47.1
2018-10-30 02:00:56,0.0,4.1,342.51,24.85,32.62
2018-10-30 03:00:56,0.0,3.87,262.73,21.05,34.74
2018-10-30 04:00:56,0.0,4.36,216.84,10.56,14.68
2018-10-30 05:00:56,0.0,2.8,226.46,3.44,6.82
2018-10-30 06:00:56,0.0,2.93,233.65,6.69,17.83
2018-10-30 07:00:56,0.0,3.06,529.86,17.04,35.98
2018-10-30 08:00:56,94.48,2.55,599.64,26.48,74.12
2018-10-30 09:00:56,75.7,2.66,991.44,45.8,144.64
2018-10-30 10:00:56,95.32,169.63,636.38,36.52,75.22
2018-10-30 11:00:56,105.6,91.03,254.88,32.68,50.65
2018-10-30 12:00:56,0.0,31.36,202.17,26.28,37.35
2018-10-30 13:00:56,47.91,188.36,133.0,27.78,39.59
2018-10-30 14:00:56,81.17,44.92,277.58,24.46,34.59
2018-10-30 15:00:56,95.88,16.75,323.43,41.4,54.95
2018-10-30 16:00:56,101.63,10.93,294.99,36.73,45.22
2018-10-30 17:00:56,95.42,7.14,194.99,58.06,67.51
2018-10-30 18:00:56,100.01,6.08,477.24,77.6,116.7
2018-10-30 19:00:56,118.38,4.69,664.62,66.73,116.01
2018-10-30 20:00:56,122.54,5.02,936.2,51.53,91.67
2018-10-30 21:00:56,139.71,4.14,1098.41,57.21,110.47
2018-10-30 22:00:56,130.4,4.3,1188.3,62.24,133.61
2018-10-30 23:00:56,113.43,3.87,574.83,33.98,60.02
2018-10-31 00:00:56,91.74,3.17,551.71,27.22,44.73
2018-10-31 01:00:56,75.06,6.05,385.43,28.19,47.29
2018-10-31 02:00:56,73.23,6.09,328.7,24.17,45.19
2018-10-31 03:00:56,60.54,5.88,109.38,14.54,19.7
2018-10-31 04:00:56,50.22,6.89,99.82,23.5,31.66
2018-10-31 05:00:56,54.59,6.48,3.06,8.23,12.58
2018-10-31 06:00:56,42.46,5.91,12.31,9.73,16.75
2018-10-31 07:00:56,32.06,5.79,150.22,18.55,27.46
2018-10-31 08:00:56,36.24,5.48,340.48,45.67,112.19
2018-10-31 09:00:56,59.77,6.6,809.14,54.48,173.67
2018-10-31 10:00:56,90.91,13.06,262.39,35.26,60.68
2018-10-31 11:00:56,80.63,123.33,148.95,31.76,48.51
2018-10-31 12:00:56,92.42,154.24,381.04,49.33,77.21
2018-10-31 13:00:56,120.69,58.88,530.69,43.48,62.74
2018-10-31 14:00:56,118.33,19.78,462.79,23.35,32.85
2018-10-31 15:00:56,96.51,48.18,413.52,17.74,24.41
2018-10-31 16:00:56,90.22,53.77,414.58,15.24,22.78
2018-10-31 17:00:56,79.25,50.76,504.07,30.51,39.15
2018-10-31 18:00:56,73.7,21.57,758.43,71.0,96.25
2018-10-31 19:00:56,90.47,13.2,1206.95,73.06,135.62
2018-10-31 20:00:56,108.22,10.0,1204.23,67.84,116.12
2018-10-31 21:00:56,115.86,8.35,792.67,55.16,79.48
2018-10-31 22:00:56,84.29,7.15,726.32,36.37,46.24
2018-10-31 23:00:56,74.46,6.46,589.87,44.64,59.59
2018-11-01 00:00:56,63.46,6.31,329.84,37.16,50.58
2018-11-01 01:00:56,63.33,4.54,318.73,26.66,34.48
2018-11-01 02:00:56,59.56,4.24,100.82,16.23,20.22
2018-11-01 03:00:56,41.0,4.08,13.23,10.25,13.43
2018-11-01 04:00:56,36.99,3.7,9.36,7.46,10.74
2018-11-01 05:00:56,39.97,3.36,4.1,5.75,9.09
2018-11-01 06:00:56,32.37,2.78,21.84,9.14,16.97
2018-11-01 07:00:56,23.3,2.17,94.99,13.23,20.17
2018-11-01 08:00:56,25.34,2.38,269.3,33.24,55.88
2018-11-01 09:00:56,45.32,3.32,501.83,44.18,92.16
2018-11-01 10:00:56,49.57,6.32,176.04,31.47,50.94
2018-11-01 11:00:56,50.88,12.18,85.78,15.18,23.58
2018-11-01 12:00:56,50.98,19.1,153.6,16.37,26.8
2018-11-01 13:00:56,54.7,11.99,250.15,10.41,16.64
2018-11-01 14:00:56,34.12,14.39,391.84,20.86,29.08
2018-11-01 15:00:56,72.51,9.56,372.24,22.55,29.39
2018-11-01 16:00:56,62.73,5.86,405.95,22.04,30.25
2018-11-01 17:00:56,64.2,10.55,343.79,26.6,36.91
2018-11-01 18:00:56,53.95,6.61,556.52,66.95,95.33
2018-11-01 19:00:56,80.43,5.55,866.5,70.11,102.28
2018-11-01 20:00:56,94.17,5.76,648.78,67.28,93.02
2018-11-01 21:00:56,82.52,5.95,463.31,32.67,37.77
2018-11-01 22:00:56,78.95,5.43,770.1,46.5,54.17
2018-11-01 23:00:56,80.95,4.87,765.67,44.59,61.57
2018-11-02 00:00:56,74.1,3.9,690.47,45.06,87.19
2018-11-02 01:00:56,76.55,3.7,323.38,19.15,31.43
2018-11-02 02:00:56,57.88,3.52,172.23,13.94,22.04
2018-11-02 03:00:56,43.62,4.64,48.63,38.71,61.11
2018-11-02 04:00:56,38.49,3.58,96.68,33.43,54.65
2018-11-02 05:00:56,40.58,3.82,79.41,23.15,35.02
2018-11-02 06:00:56,33.37,2.75,70.07,31.12,59.88
2018-11-02 07:00:56,39.29,4.44,53.54,34.07,69.29
2018-11-02 08:00:56,34.1,3.5,273.19,39.41,88.73
2018-11-02 09:00:56,47.11,4.51,558.98,53.31,105.75
2018-11-02 10:00:56,75.65,25.26,135.99,18.1,25.01
2018-11-02 11:00:56,46.88,9.3,116.54,17.56,23.9
2018-11-02 12:00:56,53.09,5.53,208.03,9.64,14.83
2018-11-02 13:00:56,32.87,49.06,351.63,20.23,29.86
2018-11-02 14:00:56,48.42,16.15,331.86,10.82,17.27
2018-11-02 15:00:56,44.14,5.77,332.39,19.22,26.26
2018-11-02 16:00:56,32.78,4.42,359.05,19.72,28.24
2018-11-02 17:00:56,53.05,2.82,407.09,38.76,48.43
2018-11-02 18:00:56,63.12,2.7,671.48,64.98,76.35
2018-11-02 19:00:56,67.91,2.89,935.25,68.87,85.74
2018-11-02 20:00:56,88.27,3.47,955.35,61.31,80.44
2018-11-02 21:00:56,95.1,3.55,775.51,44.0,60.07
2018-11-02 22:00:56,79.63,2.65,788.2,34.35,45.87
2018-11-02 23:00:56,62.4,2.79,640.72,34.97,41.03
2018-11-03 00:00:56,68.06,3.82,616.55,41.8,49.27
2018-11-03 01:00:56,58.36,5.53,626.86,32.23,41.52
2018-11-03 02:00:56,55.03,5.5,396.56,22.15,25.69
2018-11-03 03:00:56,42.79,5.88,222.82,14.49,17.62
2018-11-03 04:00:56,34.52,4.73,157.03,4.16,6.98
2018-11-03 05:00:56,27.32,4.19,179.41,12.31,15.19
2018-11-03 06:00:56,16.39,3.85,131.48,5.99,8.77
2018-11-03 07:00:56,15.99,3.68,122.71,20.99,23.97
2018-11-03 08:00:56,21.75,4.71,144.97,17.58,21.0
2018-11-03 09:00:56,18.41,4.96,290.4,43.61,65.0
2018-11-03 10:00:56,37.34,5.51,343.45,51.96,72.93
2018-11-03 11:00:56,48.11,4.96,224.79,44.45,57.17
2018-11-03 12:00:56,57.8,4.83,172.95,21.49,28.93
2018-11-03 13:00:56,59.7,4.77,249.43,15.49,21.65
2018-11-03 14:00:56,39.62,5.43,250.67,19.91,27.86
2018-11-03 15:00:56,45.13,6.29,277.22,11.96,17.01
2018-11-03 16:00:56,37.17,4.97,315.02,21.01,27.25
2018-11-03 17:00:56,41.35,4.3,359.17,25.79,31.06
2018-11-03 18:00:56,59.27,4.35,545.21,50.7,67.29
2018-11-03 19:00:56,65.77,4.92,688.05,51.86,68.85
2018-11-03 20:00:56,104.16,4.55,772.05,42.4,57.24
2018-11-03 21:00:56,86.01,3.84,434.08,17.13,22.07
2018-11-03 22:00:56,73.06,3.81,698.63,26.92,38.39
2018-11-03 23:00:56,60.39,4.91,469.01,35.36,51.54
2018-11-04 00:00:56,57.3,4.93,378.97,36.19,71.26
2018-11-04 01:00:56,58.9,5.6,474.02,49.45,131.75
2018-11-04 02:00:56,61.24,4.95,367.22,44.45,104.27
2018-11-04 03:00:56,45.5,5.47,151.82,17.58,28.26
2018-11-04 04:00:56,42.85,4.85,126.41,12.49,17.16
2018-11-04 05:00:56,36.92,4.8,142.87,11.35,16.11
2018-11-04 06:00:56,33.11,4.6,151.18,5.65,9.16
2018-11-04 07:00:56,20.87,3.85,128.44,5.53,8.97
2018-11-04 08:00:56,14.95,3.59,282.81,17.86,26.08
2018-11-04 09:00:56,31.39,3.87,312.21,24.4,46.99
2018-11-04 10:00:56,45.4,4.27,349.02,33.93,56.0
2018-11-04 11:00:56,49.73,16.37,328.04,24.98,36.63
2018-11-04 12:00:56,62.24,16.2,261.98,16.55,24.55
2018-11-04 13:00:56,53.21,24.38,308.97,13.7,21.0
2018-11-04 14:00:56,61.11,51.4,356.7,10.5,16.74
2018-11-04 15:00:56,50.83,27.91,351.95,9.92,15.0
2018-11-04 16:00:56,45.83,10.55,308.14,15.62,21.77
2018-11-04 17:00:56,32.96,7.57,283.23,21.08,27.53
2018-11-04 18:00:56,37.34,5.84,211.44,23.39,29.53
2018-11-04 19:00:56,30.09,5.28,185.86,21.94,29.8
2018-11-04 20:00:56,27.5,4.38,349.34,39.82,45.43
2018-11-04 21:00:56,30.54,4.58,409.54,50.69,57.72
2018-11-04 22:00:56,38.82,4.33,488.84,49.44,60.34
2018-11-04 23:00:56,35.6,4.01,269.95,16.63,20.13
2018-11-05 00:00:56,26.38,4.15,147.83,8.56,11.51
2018-11-05 01:00:56,22.03,4.95,79.71,14.46,17.65
2018-11-05 02:00:56,24.11,5.15,169.21,30.88,52.1
2018-11-05 03:00:56,22.15,4.8,182.48,12.81,16.36
2018-11-05 04:00:56,13.59,5.96,12.9,5.89,9.02
2018-11-05 05:00:56,18.94,6.44,4.7,17.84,24.43
2018-11-05 06:00:56,18.92,6.03,0.0,33.99,53.75
2018-11-05 07:00:56,12.71,6.19,32.09,35.42,54.72
2018-11-05 08:00:56,12.76,6.11,326.13,46.76,99.92
2018-11-05 09:00:56,62.85,7.16,324.62,61.71,121.92
2018-11-05 10:00:56,57.12,8.18,20.47,33.61,44.94
2018-11-05 11:00:56,53.01,5.56,43.38,22.41,31.8
2018-11-05 12:00:56,53.14,4.33,211.81,16.88,24.57
2018-11-05 13:00:56,45.12,3.35,335.25,10.09,17.04
2018-11-05 14:00:56,43.55,2.92,258.73,12.4,20.36
2018-11-05 15:00:56,69.76,3.22,299.26,9.25,14.52
2018-11-05 16:00:56,70.24,4.13,250.54,14.91,20.75
2018-11-05 17:00:56,73.01,4.75,309.55,24.6,32.53
2018-11-05 18:00:56,86.4,6.01,287.11,34.24,44.19
2018-11-05 19:00:56,78.97,7.7,425.09,59.8,69.97
2018-11-05 20:00:56,86.91,9.18,296.9,50.6,58.36
2018-11-05 21:00:56,74.36,10.22,228.89,40.44,45.77
2018-11-05 22:00:56,64.95,8.98,163.47,26.98,31.11
2018-11-05 23:00:56,64.14,8.31,56.71,16.25,19.68
2018-11-06 00:00:56,38.06,6.54,12.75,14.1,17.73
2018-11-06 01:00:56,20.78,6.46,33.28,21.74,25.31
2018-11-06 02:00:56,26.7,5.47,33.91,22.72,26.66
2018-11-06 03:00:56,23.18,4.62,30.67,11.18,13.99
2018-11-06 04:00:56,24.25,4.85,8.8,8.62,11.53
2018-11-06 05:00:56,16.91,4.83,6.87,2.94,5.87
2018-11-06 06:00:56,24.6,3.9,2.71,1.35,4.13
2018-11-06 07:00:56,32.17,4.22,67.75,9.99,13.56
2018-11-06 08:00:56,20.23,4.08,203.24,33.94,52.98
2018-11-06 09:00:56,42.26,3.74,531.08,61.15,118.7
2018-11-06 10:00:56,79.43,4.49,107.46,27.27,45.67
2018-11-06 11:00:56,63.64,3.4,142.42,10.84,17.66
2018-11-06 12:00:56,51.83,0.0,141.51,15.37,24.57
2018-11-06 13:00:56,35.15,2.52,240.19,14.57,0.0
2018-11-06 14:00:56,38.83,1.9,0.0,11.88,19.46
2018-11-06 15:00:56,52.92,1.97,219.93,16.81,26.74
2018-11-06 16:00:56,59.28,2.45,252.3,20.84,30.55
2018-11-06 17:00:56,70.39,3.13,245.68,23.27,30.82
2018-11-06 18:00:56,66.01,3.06,332.88,52.79,66.01
2018-11-06 19:00:56,80.66,3.9,497.41,56.25,68.98
2018-11-06 20:00:56,78.37,5.09,628.11,47.03,55.89
2018-11-06 21:00:56,72.08,4.88,443.97,27.92,32.44
2018-11-06 22:00:56,68.79,5.26,532.44,30.19,40.08
2018-11-06 23:00:56,54.66,4.83,692.21,48.91,75.69
2018-11-07 00:00:56,54.71,5.33,274.21,26.24,40.02
2018-11-07 01:00:56,37.81,4.1,296.92,33.26,58.15
2018-11-07 02:00:56,42.76,4.56,124.81,23.98,30.13
2018-11-07 03:00:56,45.13,3.83,135.21,15.17,19.3
2018-11-07 04:00:56,31.32,3.89,133.44,11.14,14.78
2018-11-07 05:00:56,19.42,3.86,97.54,8.57,11.98
2018-11-07 06:00:56,25.61,3.25,99.35,6.07,10.52
2018-11-07 07:00:56,17.72,3.28,141.5,18.24,46.66
2018-11-07 08:00:56,19.64,3.28,381.96,31.79,77.55
2018-11-07 09:00:56,54.93,4.19,854.21,50.26,125.16
2018-11-07 10:00:56,87.7,10.43,286.91,32.43,51.76
2018-11-07 11:00:56,78.12,7.57,234.12,16.18,26.76
2018-11-07 12:00:56,61.12,3.75,210.16,16.23,25.95
2018-11-07 13:00:56,47.3,1.65,257.41,10.43,17.55
2018-11-07 14:00:56,34.47,0.39,301.85,12.16,19.97
2018-11-07 15:00:56,37.72,0.39,329.37,18.38,30.48
2018-11-07 16:00:56,41.8,0.79,256.71,22.66,32.86
2018-11-07 17:00:56,46.67,1.34,344.24,40.24,49.99
2018-11-07 18:00:56,62.32,1.23,436.27,41.71,48.53
2018-11-07 19:00:56,60.87,1.62,796.84,67.14,98.19
2018-11-07 20:00:56,75.51,2.63,710.02,50.35,64.49
2018-11-07 21:00:56,75.11,3.58,685.78,46.1,56.13
2018-11-07 22:00:56,75.18,4.07,707.23,38.78,62.0
2018-11-07 23:00:56,66.88,4.01,521.6,51.85,123.95
2018-11-08 00:00:56,62.32,3.35,491.46,37.64,60.56
2018-11-08 01:00:56,52.83,4.33,242.46,33.13,49.22
2018-11-08 02:00:56,37.99,4.4,301.0,13.92,18.01
2018-11-08 03:00:56,42.19,5.75,63.97,11.16,16.12
2018-11-08 04:00:56,34.83,5.41,76.46,29.1,52.53
2018-11-08 05:00:56,31.93,5.0,91.38,14.17,21.69
2018-11-08 06:00:56,26.52,5.29,28.98,5.79,11.96
2018-11-08 07:00:56,19.94,4.64,46.19,9.51,15.91
2018-11-08 08:00:56,22.71,5.47,158.0,25.45,54.59
2018-11-08 09:00:56,39.93,6.42,418.67,59.28,194.99
2018-11-08 10:00:56,99.88,38.27,414.37,63.36,186.42
2018-11-08 11:00:56,128.94,0.0,249.99,32.37,54.83
2018-11-08 12:00:56,113.9,0.0,203.71,13.77,23.21
2018-11-08 13:00:56,78.89,0.0,317.38,12.57,21.19
2018-11-08 14:00:56,81.8,0.0,400.22,19.96,29.23
2018-11-08 15:00:56,80.68,53.82,387.86,23.9,34.34
2018-11-08 16:00:56,68.8,18.04,376.78,25.62,36.59
2018-11-08 17:00:56,53.33,10.23,497.69,34.28,42.51
2018-11-08 18:00:56,61.19,8.17,543.72,64.1,81.32
2018-11-08 19:00:56,74.48,8.22,917.15,65.18,100.09
2018-11-08 20:00:56,97.19,6.88,546.88,40.4,47.18
2018-11-08 21:00:56,80.77,6.56,794.07,45.49,61.88
2018-11-08 22:00:56,74.04,6.27,903.53,53.85,82.87
2018-11-08 23:00:56,68.52,6.01,764.82,50.99,74.85
2018-11-09 00:00:56,59.01,5.32,664.99,50.9,82.16
2018-11-09 01:00:56,56.67,6.52,344.11,40.45,56.47
2018-11-09 02:00:56,40.15,6.51,63.16,15.24,18.82
2018-11-09 03:00:56,39.49,5.68,77.58,18.8,23.87
2018-11-09 04:00:56,29.59,5.2,0.78,4.85,7.79
2018-11-09 05:00:56,25.6,5.22,6.56,4.5,7.7
2018-11-09 06:00:56,31.22,4.96,4.53,12.05,23.74
2018-11-09 07:00:56,21.04,4.63,29.97,21.24,32.43
2018-11-09 08:00:56,26.31,4.58,296.46,31.71,77.88
2018-11-09 09:00:56,64.13,4.88,632.96,47.91,145.5
2018-11-09 10:00:56,105.23,5.66,404.75,36.79,75.77
2018-11-09 11:00:56,83.2,6.54,88.34,14.59,26.39
2018-11-09 12:00:56,64.84,3.49,282.55,6.95,13.37
2018-11-09 13:00:56,53.1,2.65,388.21,6.57,11.57
2018-11-09 14:00:56,40.48,5.68,446.98,14.47,25.17
2018-11-09 15:00:56,43.49,3.74,445.11,17.08,26.37
2018-11-09 16:00:56,41.44,2.61,420.21,25.9,37.03
2018-11-09 17:00:56,50.38,2.54,453.25,44.43,61.61
2018-11-09 18:00:56,60.69,4.13,610.89,54.68,68.69
2018-11-09 19:00:56,67.65,5.7,928.42,80.75,139.8
2018-11-09 20:00:56,105.39,5.92,1257.0,75.03,143.97
2018-11-09 21:00:56,110.85,4.85,1065.07,54.8,76.05
2018-11-09 22:00:56,96.9,4.15,896.72,53.71,71.32
2018-11-09 23:00:56,86.04,5.07,1178.22,59.22,111.12
2018-11-10 00:00:56,80.65,5.13,1091.08,50.1,99.3
2018-11-10 01:00:56,80.91,3.79,614.15,24.0,34.32
2018-11-10 02:00:56,67.58,3.92,476.61,28.5,34.5
2018-11-10 03:00:56,46.61,4.46,385.55,27.16,38.16
2018-11-10 04:00:56,33.88,4.3,429.24,30.85,47.64
2018-11-10 05:00:56,33.39,3.74,356.1,7.24,11.21
2018-11-10 06:00:56,26.46,3.69,287.19,7.26,15.35
2018-11-10 07:00:56,15.83,4.63,292.04,11.73,16.28
2018-11-10 08:00:56,27.54,5.81,520.73,31.11,66.31
2018-11-10 09:00:56,21.67,5.86,585.3,32.38,63.75
2018-11-10 10:00:56,43.4,25.98,388.69,16.88,25.76
2018-11-10 11:00:56,37.95,32.96,389.62,12.26,19.69
2018-11-10 12:00:56,43.47,38.89,296.77,24.18,36.56
2018-11-10 13:00:56,50.87,34.03,354.57,22.98,33.87
2018-11-10 14:00:56,48.94,21.8,362.92,18.39,28.32
2018-11-10 15:00:56,42.31,16.67,344.24,21.99,33.24
2018-11-10 16:00:56,38.49,10.27,359.4,22.95,31.88
2018-11-10 17:00:56,39.97,9.0,371.97,39.66,52.79
2018-11-10 18:00:56,48.9,6.44,470.42,50.37,64.9
2018-11-10 19:00:56,71.57,3.99,592.41,46.52,57.13
2018-11-10 20:00:56,78.2,4.82,706.5,54.07,72.65
2018-11-10 21:00:56,66.85,5.97,1084.13,61.82,118.36
2018-11-10 22:00:56,84.4,5.59,1068.02,58.15,103.36
2018-11-10 23:00:56,89.13,5.02,854.48,51.36,88.27
2018-11-11 00:00:56,74.79,4.68,756.53,49.12,86.65
2018-11-11 01:00:56,56.29,6.05,322.0,25.83,33.79
2018-11-11 02:00:56,46.56,6.27,418.6,40.52,89.88
2018-11-11 03:00:56,45.02,5.87,309.1,25.59,43.84
2018-11-11 04:00:56,34.39,5.12,146.07,3.28,7.52
2018-11-11 05:00:56,28.03,5.33,132.04,11.21,18.27
2018-11-11 06:00:56,20.36,5.2,124.36,24.63,32.79
2018-11-11 07:00:56,16.14,5.94,179.22,18.35,25.26
2018-11-11 08:00:56,23.84,5.94,387.1,27.44,54.17
2018-11-11 09:00:56,46.37,5.64,402.87,29.25,75.87
2018-11-11 10:00:56,59.45,5.91,394.65,33.92,70.46
2018-11-11 11:00:56,64.83,7.69,424.5,26.5,39.85
2018-11-11 12:00:56,63.48,8.03,307.06,19.77,31.87
2018-11-11 13:00:56,52.47,8.84,349.59,15.16,24.8
2018-11-11 14:00:56,54.7,5.93,391.11,10.69,17.88
2018-11-11 15:00:56,35.87,4.83,348.44,7.58,13.86
2018-11-11 16:00:56,32.29,4.54,483.09,18.45,32.24
2018-11-11 17:00:56,56.59,4.44,333.16,16.88,24.82
2018-11-11 18:00:56,56.64,4.13,376.79,28.51,34.67
2018-11-11 19:00:56,54.56,4.2,424.3,17.28,21.76
2018-11-11 20:00:56,46.35,4.27,491.19,20.66,27.88
2018-11-11 21:00:56,48.08,3.89,498.56,32.16,39.74
2018-11-11 22:00:56,43.65,3.56,378.11,21.41,26.8
2018-11-11 23:00:56,35.96,3.64,280.77,13.64,17.66
2018-11-12 00:00:56,29.2,3.87,207.46,7.03,10.62
2018-11-12 01:00:56,17.77,5.8,140.46,4.2,7.67
2018-11-12 02:00:56,17.1,5.05,211.2,2.02,4.62
2018-11-12 03:00:56,16.11,4.85,224.98,2.33,5.16
2018-11-12 04:00:56,18.25,4.65,231.59,2.42,5.19
2018-11-12 05:00:56,13.94,5.18,133.74,0.0,0.0
2018-11-12 06:00:56,11.99,4.3,146.42,29.36,35.04
2018-11-12 07:00:56,12.7,5.32,205.47,19.64,23.41
2018-11-12 08:00:56,13.2,5.97,358.32,37.28,46.9
2018-11-12 09:00:56,18.78,6.48,369.79,63.45,83.8
2018-11-12 10:00:56,27.91,6.15,310.45,40.67,50.37
2018-11-12 11:00:56,26.24,5.76,244.88,45.64,58.05
2018-11-12 12:00:56,27.82,6.24,307.34,40.61,53.43
2018-11-12 13:00:56,19.61,6.75,359.87,32.71,41.69
2018-11-12 14:00:56,25.38,7.42,377.28,35.84,47.31
2018-11-12 15:00:56,22.77,7.04,391.68,41.72,53.59
2018-11-12 16:00:56,28.84,7.23,376.16,37.65,47.92
2018-11-12 17:00:56,33.91,6.56,382.1,43.06,53.64
2018-11-12 18:00:56,32.9,7.31,379.67,42.36,53.73
2018-11-12 19:00:56,28.69,7.66,386.86,42.0,53.27
2018-11-12 20:00:56,24.65,9.25,296.44,29.42,35.72
2018-11-12 21:00:56,32.11,10.8,195.91,23.4,28.72
2018-11-12 22:00:56,27.85,10.27,140.03,18.9,23.16
2018-11-12 23:00:56,24.49,8.73,152.8,17.54,21.53
2018-11-13 00:00:56,35.93,7.11,107.83,13.5,17.27
2018-11-13 01:00:56,26.04,6.5,11.34,8.51,11.88
2018-11-13 02:00:56,22.6,4.81,48.54,8.32,11.44
2018-11-13 03:00:56,23.23,5.91,0.0,5.4,8.2
2018-11-13 04:00:56,19.76,4.54,17.83,4.38,7.5
2018-11-13 05:00:56,17.99,5.13,4.04,4.44,7.34
2018-11-13 06:00:56,30.02,5.45,17.88,8.01,12.44
2018-11-13 07:00:56,29.82,5.05,0.0,8.1,11.41
2018-11-13 08:00:56,29.74,5.14,18.23,25.4,32.22
2018-11-13 09:00:56,38.01,4.91,90.37,37.44,51.09
2018-11-13 10:00:56,25.51,5.51,43.38,30.38,42.45
2018-11-13 11:00:56,36.69,6.28,12.38,27.2,37.87
2018-11-13 12:00:56,32.55,4.89,149.9,25.5,35.03
2018-11-13 13:00:56,26.7,5.47,139.02,19.26,27.51
2018-11-13 14:00:56,28.98,4.46,193.78,21.75,30.56
2018-11-13 15:00:56,26.53,5.7,182.17,31.16,42.67
2018-11-13 16:00:56,30.22,6.34,148.29,32.54,44.25
2018-11-13 17:00:56,33.1,6.77,174.65,34.96,47.64
2018-11-13 18:00:56,31.75,7.22,224.97,36.68,47.56
2018-11-13 19:00:56,29.28,7.0,243.32,33.23,42.25
2018-11-13 20:00:56,31.83,6.74,276.29,25.25,31.76
2018-11-13 21:00:56,19.1,6.01,276.41,17.52,22.9
2018-11-13 22:00:56,18.29,6.21,367.42,27.26,32.85
2018-11-13 23:00:56,20.35,5.91,436.18,31.74,37.46
2018-11-14 00:00:56,13.35,5.3,445.82,26.73,32.31
2018-11-14 01:00:56,8.34,6.44,469.87,17.27,21.03
2018-11-14 02:00:56,6.0,5.07,581.38,17.59,21.08
2018-11-14 03:00:56,4.12,5.2,557.14,10.99,13.97
2018-11-14 04:00:56,3.49,4.82,497.26,7.18,10.27
2018-11-14 05:00:56,3.88,4.13,492.59,5.15,7.94
2018-11-14 06:00:56,4.15,4.26,537.63,13.35,18.05
2018-11-14 07:00:56,4.59,4.25,516.03,11.42,14.67
2018-11-14 08:00:56,6.27,4.56,666.42,28.57,37.45
2018-11-14 09:00:56,6.6,4.92,725.58,39.51,61.24
2018-11-14 10:00:56,13.33,5.27,653.53,27.84,42.79
2018-11-14 11:00:56,31.46,5.73,557.77,11.11,19.1
2018-11-14 12:00:56,29.19,45.04,90.9,10.05,18.62
2018-11-14 13:00:56,18.44,38.03,7.89,6.97,12.76
2018-11-14 14:00:56,11.93,12.41,7.09,10.06,16.34
2018-11-14 15:00:56,17.63,12.94,12.7,14.71,22.43
2018-11-14 16:00:56,17.88,15.6,0.0,15.42,22.7
2018-11-14 17:00:56,21.74,12.24,5.51,13.61,17.82
2018-11-14 18:00:56,14.71,10.75,59.99,17.53,25.9
2018-11-14 19:00:56,23.61,9.11,368.65,31.54,43.75
2018-11-14 20:00:56,28.72,8.69,788.05,41.37,65.16
2018-11-14 21:00:56,36.54,7.44,830.85,37.86,70.58
2018-11-14 22:00:56,30.52,5.45,1086.09,44.93,93.63
2018-11-14 23:00:56,42.93,5.16,1226.04,40.62,67.5
2018-11-15 00:00:56,46.14,4.28,756.27,28.07,38.51
2018-11-15 01:00:56,28.24,6.31,527.48,2.67,5.94
2018-11-15 02:00:56,15.43,5.75,505.85,0.0,0.0
2018-11-15 03:00:56,9.87,5.91,538.67,0.0,0.0
2018-11-15 04:00:56,6.45,5.24,595.99,0.0,0.0
2018-11-15 05:00:56,5.43,4.49,553.77,0.0,0.0
2018-11-15 06:00:56,4.44,4.56,509.97,0.0,0.0
2018-11-15 07:00:56,2.88,5.43,521.17,1.37,4.07
2018-11-15 08:00:56,2.56,5.52,513.3,8.9,12.92
2018-11-15 09:00:56,3.01,5.96,493.93,8.57,13.31
2018-11-15 10:00:56,6.95,6.46,412.99,4.38,8.21
2018-11-15 11:00:56,0.0,0.0,0.0,0.0,0.0
2018-11-15 12:00:56,9.45,0.0,0.0,0.0,0.0
2018-11-15 13:00:56,0.99,10.01,0.0,33.2,47.74
2018-11-15 14:00:56,5.34,12.36,0.0,9.75,14.11
2018-11-15 15:00:56,7.93,33.55,0.0,8.68,12.97
2018-11-15 16:00:56,17.63,18.53,0.0,11.42,16.47
2018-11-15 17:00:56,32.48,16.04,0.0,14.94,21.24
2018-11-15 18:00:56,55.06,17.42,94.51,19.36,31.5
2018-11-15 19:00:56,70.61,16.56,260.58,22.34,41.27
2018-11-15 20:00:56,75.26,15.4,717.93,23.56,49.13
2018-11-15 21:00:56,87.11,14.52,597.96,24.44,58.05
2018-11-15 22:00:56,77.03,13.14,536.84,23.39,58.05
2018-11-15 23:00:56,70.45,12.88,610.49,22.29,58.56
2018-11-16 00:00:56,54.55,11.25,478.05,21.45,58.87
2018-11-16 01:00:56,43.68,4.86,309.58,20.56,56.62
2018-11-16 02:00:56,32.05,4.74,103.4,18.92,52.2
2018-11-16 03:00:56,28.98,5.1,157.35,17.69,50.37
2018-11-16 04:00:56,19.47,5.0,65.19,16.78,48.04
2018-11-16 05:00:56,19.39,4.01,5.4,16.17,47.68
2018-11-16 06:00:56,24.23,4.31,1.06,15.73,46.88
2018-11-16 07:00:56,25.84,4.16,18.47,14.32,45.06
2018-11-16 08:00:56,17.35,4.39,193.83,13.47,42.0
2018-11-16 09:00:56,32.65,6.39,1021.46,17.11,61.76
2018-11-16 10:00:56,84.76,6.49,980.85,21.13,90.23
2018-11-16 11:00:56,102.27,10.97,293.09,21.75,91.69
2018-11-16 12:00:56,81.61,18.25,194.2,21.63,83.26
2018-11-16 13:00:56,57.52,8.01,277.26,24.28,74.31
2018-11-16 14:00:56,40.72,7.46,269.26,26.2,65.69
2018-11-16 15:00:56,29.09,7.06,215.39,27.0,59.12
2018-11-16 16:00:56,31.17,23.43,317.24,27.68,54.85
2018-11-16 17:00:56,46.2,12.17,567.66,28.01,51.8
2018-11-16 18:00:56,51.08,10.05,475.11,27.63,48.25
2018-11-16 19:00:56,59.01,7.33,195.03,27.01,42.38
2018-11-16 20:00:56,40.67,7.31,378.1,25.98,36.67
2018-11-16 21:00:56,31.58,7.18,503.09,25.5,33.38
2018-11-16 22:00:56,23.45,6.51,350.78,24.9,32.35
2018-11-16 23:00:56,15.04,5.82,215.25,21.62,27.03
2018-11-17 00:00:56,13.18,5.39,104.46,17.34,21.23
2018-11-17 01:00:56,10.99,5.82,119.75,13.57,17.11
2018-11-17 02:00:56,8.97,5.41,110.64,10.58,14.23
2018-11-17 03:00:56,12.94,5.2,102.82,8.66,12.21
2018-11-17 04:00:56,21.14,4.78,115.81,7.68,11.09
2018-11-17 05:00:56,12.5,4.88,118.89,7.11,10.55
2018-11-17 06:00:56,9.34,4.85,91.71,6.75,10.16
2018-11-17 07:00:56,14.55,5.2,80.82,6.28,9.58
2018-11-17 08:00:56,18.8,4.95,94.44,5.97,9.33
2018-11-17 09:00:56,15.65,4.7,111.01,6.08,9.64
2018-11-17 10:00:56,12.13,4.93,185.21,6.23,9.71
2018-11-17 11:00:56,10.28,6.35,125.89,6.61,9.92
2018-11-17 12:00:56,11.28,5.28,109.31,6.92,10.24
2018-11-17 13:00:56,9.28,4.62,303.2,7.17,10.87
2018-11-17 14:00:56,9.66,1.72,991.85,7.42,11.86
2018-11-17 15:00:56,21.63,13.95,1039.5,8.07,12.69
2018-11-17 16:00:56,26.51,16.52,1062.79,8.99,13.66
2018-11-17 17:00:56,29.89,8.95,1005.67,10.63,15.59
2018-11-17 18:00:56,30.5,8.2,1094.29,13.95,19.43
2018-11-17 19:00:56,31.16,6.19,1377.86,16.45,22.42
2018-11-17 20:00:56,36.34,6.83,1316.28,18.26,25.15
2018-11-17 21:00:56,35.41,6.03,1460.01,19.26,27.66
2018-11-17 22:00:56,36.09,5.4,1707.84,18.74,28.51
2018-11-17 23:00:56,39.29,5.05,2082.28,18.19,35.11
2018-11-18 00:00:56,54.64,4.65,2495.68,17.92,41.39
2018-11-18 01:00:56,58.8,3.77,1781.2,17.52,44.11
2018-11-18 02:00:56,45.5,2.6,1785.35,16.49,44.49
2018-11-18 03:00:56,38.37,3.35,1159.89,15.22,41.44
2018-11-18 04:00:56,20.58,4.35,812.42,13.13,35.25
2018-11-18 05:00:56,15.38,3.59,689.68,12.21,33.93
2018-11-18 06:00:56,25.37,5.38,704.98,11.12,32.16
2018-11-18 07:00:56,20.67,5.64,613.62,9.87,28.7
2018-11-18 08:00:56,11.86,5.0,817.14,8.93,26.01
2018-11-18 09:00:56,11.34,5.32,885.88,9.65,29.92
2018-11-18 10:00:56,24.14,6.81,1181.81,11.48,36.25
2018-11-18 11:00:56,42.92,15.48,691.17,15.19,46.6
2018-11-18 12:00:56,32.29,14.91,240.57,17.98,45.05
2018-11-18 13:00:56,24.61,9.54,62.92,19.12,40.18
2018-11-18 14:00:56,17.01,3.31,797.8,18.72,34.81
2018-11-18 15:00:56,10.03,2.58,972.23,18.93,29.53
2018-11-18 16:00:56,13.91,3.03,1071.18,18.28,25.2
2018-11-18 17:00:56,39.03,5.33,1103.17,17.16,22.77
2018-11-18 18:00:56,44.85,3.81,1258.9,17.39,22.72
2018-11-18 19:00:56,48.85,5.14,1302.72,19.35,25.28
2018-11-18 20:00:56,46.75,5.52,1414.69,21.45,30.12
2018-11-18 21:00:56,72.44,7.04,2214.99,23.3,36.03
2018-11-18 22:00:56,85.92,5.49,1486.49,23.85,40.15
2018-11-18 23:00:56,72.49,4.12,1907.92,24.48,44.44
2018-11-19 00:00:56,69.56,3.24,1684.15,23.3,45.55
2018-11-19 01:00:56,57.17,5.65,1156.72,22.16,44.65
2018-11-19 02:00:56,46.98,6.8,764.42,18.95,38.57
2018-11-19 03:00:56,27.17,6.87,670.6,16.21,33.39
2018-11-19 04:00:56,26.09,6.97,608.1,14.91,30.31
2018-11-19 05:00:56,34.23,6.58,543.47,12.81,26.39
2018-11-19 06:00:56,22.43,8.23,369.46,12.49,25.17
2018-11-19 07:00:56,30.09,8.42,372.73,11.31,23.0
2018-11-19 08:00:56,30.68,8.24,592.77,11.28,24.03
2018-11-19 09:00:56,30.19,9.04,1029.78,14.07,35.66
2018-11-19 10:00:56,79.71,11.42,1479.28,16.21,45.33
2018-11-19 11:00:56,90.5,20.32,1230.5,18.68,53.94
2018-11-19 12:00:56,110.12,24.95,545.63,21.23,56.02
2018-11-19 13:00:56,92.07,24.89,455.35,22.84,53.06
2018-11-19 14:00:56,68.12,21.78,684.86,23.14,50.17
2018-11-19 15:00:56,64.03,14.27,1308.9,22.86,46.92
2018-11-19 16:00:56,67.7,12.06,1768.37,24.13,46.2
2018-11-19 17:00:56,81.14,10.53,1638.81,25.25,48.66
2018-11-19 18:00:56,100.68,9.25,1740.4,25.56,52.3
2018-11-19 19:00:56,114.62,8.32,1593.1,27.23,55.08
2018-11-19 20:00:56,93.89,10.39,1858.48,28.2,54.9
2018-11-19 21:00:56,90.44,10.49,2015.47,29.65,59.3
2018-11-19 22:00:56,100.59,12.58,2132.88,30.38,65.6
2018-11-19 23:00:56,89.81,11.98,1305.67,29.91,63.72
2018-11-20 00:00:56,68.07,9.6,1161.43,28.2,56.59
2018-11-20 01:00:56,52.03,9.36,929.71,26.91,50.44
2018-11-20 02:00:56,31.97,8.24,959.4,26.41,43.87
2018-11-20 03:00:56,30.84,15.54,959.85,25.41,38.04
2018-11-20 04:00:56,26.69,8.81,1037.42,23.54,32.67
2018-11-20 05:00:56,47.2,5.89,1113.9,21.55,28.72
2018-11-20 06:00:56,38.68,5.14,1135.6,19.42,26.0
2018-11-20 07:00:56,34.23,4.24,1128.65,18.15,24.89
2018-11-20 08:00:56,36.57,4.11,1070.81,17.5,24.44
2018-11-20 09:00:56,31.53,4.59,1265.2,18.95,27.91
2018-11-20 10:00:56,40.79,5.09,1638.25,23.2,43.96
2018-11-20 11:00:56,61.58,9.08,1459.93,26.54,64.19
2018-11-20 12:00:56,70.29,0.0,813.27,26.05,69.69
2018-11-20 13:00:56,61.9,12.81,752.36,25.21,0.0
2018-11-20 14:00:56,54.88,9.97,0.0,27.38,69.6
2018-11-20 15:00:56,37.73,4.91,493.54,26.18,61.06
2018-11-20 16:00:56,35.88,4.23,501.46,23.66,50.94
2018-11-20 17:00:56,25.52,3.07,496.96,24.4,45.12
2018-11-20 18:00:56,15.89,3.11,620.83,24.82,43.01
2018-11-20 19:00:56,19.98,3.75,806.95,25.83,44.17
2018-11-20 20:00:56,32.76,3.41,562.78,25.26,43.03
2018-11-20 21:00:56,17.97,3.35,609.18,24.76,40.79
2018-11-20 22:00:56,17.33,3.21,692.0,24.43,39.38
2018-11-20 23:00:56,19.86,2.88,782.56,23.63,37.37
2018-11-21 00:00:56,25.19,3.03,654.64,21.33,33.58
2018-11-21 01:00:56,14.96,4.17,519.12,19.05,29.32
2018-11-21 02:00:56,12.59,4.0,456.44,17.74,25.73
2018-11-21 03:00:56,8.79,3.44,403.13,15.83,22.66
2018-11-21 04:00:56,13.51,4.33,430.44,13.78,19.94
2018-11-21 05:00:56,11.09,4.16,387.5,12.39,18.34
2018-11-21 06:00:56,12.03,3.92,383.76,11.29,17.28
2018-11-21 07:00:56,10.93,4.35,391.85,10.34,16.24
2018-11-21 08:00:56,14.39,4.55,584.55,11.18,18.08
2018-11-21 09:00:56,15.29,4.76,1031.38,15.25,31.04
2018-11-21 10:00:56,26.87,4.58,926.05,17.57,40.61
2018-11-21 11:00:56,35.79,4.85,542.59,18.32,40.94
2018-11-21 12:00:56,28.35,4.83,431.19,18.73,39.01
2018-11-21 13:00:56,25.49,4.28,454.38,19.39,36.93
2018-11-21 14:00:56,16.02,4.28,508.42,18.42,33.0
2018-11-21 15:00:56,19.37,4.23,475.73,17.73,29.87
2018-11-21 16:00:56,17.34,4.53,518.62,16.9,27.37
2018-11-21 17:00:56,18.72,4.59,627.23,17.26,29.3
2018-11-21 18:00:56,45.77,4.53,696.08,19.81,40.66
2018-11-21 19:00:56,41.24,3.96,664.53,20.82,42.18
2018-11-21 20:00:56,55.75,4.02,873.29,21.21,39.45
2018-11-21 21:00:56,51.59,5.07,1024.88,20.92,37.46
2018-11-21 22:00:56,45.74,5.29,1020.18,20.35,35.28
2018-11-21 23:00:56,43.48,4.73,922.45,19.02,32.81
2018-11-22 00:00:56,45.21,4.57,1028.17,18.78,35.51
2018-11-22 01:00:56,44.38,4.18,714.52,18.64,41.25
2018-11-22 02:00:56,37.07,4.52,943.68,17.79,44.91
2018-11-22 03:00:56,43.31,4.16,873.61,16.84,44.74
2018-11-22 04:00:56,38.33,4.45,674.36,14.79,40.4
2018-11-22 05:00:56,29.42,4.1,477.68,13.62,37.83
2018-11-22 06:00:56,30.62,3.73,479.28,13.11,35.26
2018-11-22 07:00:56,31.13,3.9,416.81,13.22,34.01
2018-11-22 08:00:56,33.71,4.66,267.91,14.08,31.95
2018-11-22 09:00:56,24.32,4.33,239.01,16.59,30.7
2018-11-22 10:00:56,22.03,4.0,239.34,17.73,28.89
2018-11-22 11:00:56,13.46,3.86,219.53,18.93,28.49
2018-11-22 12:00:56,13.07,3.65,337.88,19.44,28.29
2018-11-22 13:00:56,8.79,3.92,384.52,19.3,27.94
2018-11-22 14:00:56,6.24,4.66,375.44,18.39,26.25
2018-11-22 15:00:56,4.2,4.66,458.98,16.96,24.43
2018-11-22 16:00:56,3.87,4.59,481.29,16.94,24.58
2018-11-22 17:00:56,5.98,4.89,564.63,16.81,24.68
2018-11-22 18:00:56,17.97,5.64,561.38,16.9,24.66
2018-11-22 19:00:56,10.63,5.07,558.13,16.48,23.83
2018-11-22 20:00:56,9.37,5.41,628.03,16.33,23.35
2018-11-22 21:00:56,13.49,6.06,321.18,16.48,23.5
2018-11-22 22:00:56,10.27,7.46,260.86,15.01,20.99
2018-11-22 23:00:56,18.29,6.93,230.11,14.12,19.77
2018-11-23 00:00:56,14.94,5.4,356.36,13.66,18.97
2018-11-23 01:00:56,12.39,5.34,310.26,13.07,18.06
2018-11-23 02:00:56,24.66,4.4,334.2,12.46,17.64
2018-11-23 03:00:56,22.78,3.83,319.99,11.74,16.85
2018-11-23 04:00:56,13.73,3.6,354.6,11.0,16.03
2018-11-23 05:00:56,12.69,2.74,373.35,10.34,15.09
2018-11-23 06:00:56,16.53,3.34,378.89,9.99,14.88
2018-11-23 07:00:56,22.42,2.97,373.63,10.42,15.51
2018-11-23 08:00:56,24.38,3.14,514.08,11.21,15.97
2018-11-23 09:00:56,25.98,2.44,536.37,14.66,20.17
2018-11-23 10:00:56,29.69,1.95,591.47,17.84,24.84
2018-11-23 11:00:56,30.86,3.62,467.02,19.25,26.32
2018-11-23 12:00:56,37.82,6.24,111.41,15.83,19.84
2018-11-23 13:00:56,19.25,7.93,0.08,15.37,20.02
2018-11-23 14:00:56,14.85,15.26,9.34,14.25,19.21
2018-11-23 15:00:56,23.44,58.08,8.51,14.49,19.6
2018-11-23 16:00:56,17.37,65.99,19.33,15.73,21.32
2018-11-23 17:00:56,28.02,56.98,0.68,16.96,23.02
2018-11-23 18:00:56,28.8,47.98,14.76,18.14,24.23
2018-11-23 19:00:56,35.96,23.66,464.59,20.36,26.63
2018-11-23 20:00:56,46.69,20.83,591.23,21.99,29.93
2018-11-23 21:00:56,51.87,14.57,606.45,22.67,31.57
2018-11-23 22:00:56,49.1,12.24,336.09,22.49,30.65
2018-11-23 23:00:56,37.33,9.79,645.26,20.94,27.98
2018-11-24 00:00:56,51.91,9.11,999.17,21.07,29.35
2018-11-24 01:00:56,55.64,9.75,632.17,21.5,30.81
2018-11-24 02:00:56,47.72,8.3,202.77,19.57,28.38
2018-11-24 03:00:56,33.3,7.88,128.15,17.17,24.35
2018-11-24 04:00:56,24.09,7.4,115.23,15.22,20.74
2018-11-24 05:00:56,17.24,7.28,60.78,13.33,18.33
2018-11-24 06:00:56,13.63,6.64,134.76,12.99,18.29
2018-11-24 07:00:56,20.95,7.38,236.42,12.28,17.58
2018-11-24 08:00:56,15.62,7.76,187.39,11.98,17.18
2018-11-24 09:00:56,19.65,7.39,233.15,13.49,19.34
2018-11-24 10:00:56,28.78,7.61,328.83,14.9,21.41
2018-11-24 11:00:56,32.15,9.28,136.01,15.46,21.71
2018-11-24 12:00:56,22.5,10.59,329.21,16.64,22.89
2018-11-24 13:00:56,35.52,25.61,396.5,18.32,24.59
2018-11-24 14:00:56,49.6,14.75,285.55,17.8,23.98
2018-11-24 15:00:56,32.71,11.91,189.64,16.81,22.39
2018-11-24 16:00:56,34.73,10.5,212.89,15.0,20.27
2018-11-24 17:00:56,30.01,9.94,289.04,14.81,20.13
2018-11-24 18:00:56,26.53,10.31,528.41,16.59,22.99
2018-11-24 19:00:56,57.64,10.72,857.2,19.28,26.54
2018-11-24 20:00:56,56.13,9.59,1070.56,20.18,27.94
2018-11-24 21:00:56,64.9,8.55,967.87,21.32,32.2
2018-11-24 22:00:56,71.11,9.21,866.28,21.36,32.66
2018-11-24 23:00:56,63.15,8.11,1341.92,24.62,41.94
2018-11-25 00:00:56,62.76,7.0,1075.65,26.92,49.69
2018-11-25 01:00:56,52.76,4.03,993.01,24.19,48.86
2018-11-25 02:00:56,54.28,3.33,839.68,22.08,51.39
2018-11-25 03:00:56,37.7,3.68,726.54,18.9,46.56
2018-11-25 04:00:56,39.83,2.79,637.35,16.1,42.87
2018-11-25 05:00:56,33.07,2.53,585.33,13.48,36.03
2018-11-25 06:00:56,28.08,2.8,520.28,12.76,32.32
2018-11-25 07:00:56,31.86,2.59,423.25,11.56,28.18
2018-11-25 08:00:56,21.26,2.59,588.64,10.79,26.84
2018-11-25 09:00:56,32.72,3.26,699.4,12.35,33.34
2018-11-25 10:00:56,35.91,12.34,806.45,13.47,37.96
2018-11-25 11:00:56,50.87,129.14,532.47,14.94,38.33
2018-11-25 12:00:56,49.99,108.04,271.17,16.76,36.51
2018-11-25 13:00:56,39.21,65.69,123.83,18.36,33.31
2018-11-25 14:00:56,39.02,22.16,156.08,18.76,30.61
2018-11-25 15:00:56,39.88,43.83,852.37,17.62,27.0
2018-11-25 16:00:56,29.46,13.46,1160.11,17.41,24.47
2018-11-25 17:00:56,41.44,6.6,1179.97,18.62,25.71
2018-11-25 18:00:56,56.91,6.45,1517.12,22.21,31.31
2018-11-25 19:00:56,82.3,8.45,1578.95,23.82,34.75
2018-11-25 20:00:56,88.54,7.6,2252.06,25.1,45.06
2018-11-25 21:00:56,94.91,4.98,2303.68,27.28,61.43
2018-11-25 22:00:56,94.1,2.78,2198.4,27.8,71.5
2018-11-25 23:00:56,88.78,5.24,1639.95,26.2,73.03
2018-11-26 00:00:56,85.59,4.63,1418.45,23.71,67.07
2018-11-26 01:00:56,74.84,4.33,1256.15,22.29,66.28
2018-11-26 02:00:56,66.0,3.58,930.74,19.55,59.1
2018-11-26 03:00:56,43.95,2.77,906.69,16.61,49.65
2018-11-26 04:00:56,43.23,2.72,703.91,14.01,41.08
2018-11-26 05:00:56,36.26,2.53,610.12,12.05,34.25
2018-11-26 06:00:56,19.54,2.5,600.97,11.43,29.98
2018-11-26 07:00:56,14.08,3.25,697.19,11.69,30.42
2018-11-26 08:00:56,15.06,3.39,1055.99,12.54,32.22
2018-11-26 09:00:56,49.07,4.44,1867.35,18.24,57.36
2018-11-26 10:00:56,96.65,10.39,1522.11,25.28,93.8
2018-11-26 11:00:56,109.87,100.42,826.22,29.21,108.95
2018-11-26 12:00:56,89.47,47.18,365.66,29.19,100.53
2018-11-26 13:00:56,63.98,20.14,213.02,29.15,90.39
2018-11-26 14:00:56,53.38,9.22,495.91,27.56,80.65
2018-11-26 15:00:56,54.32,2.39,1015.76,26.49,69.21
2018-11-26 16:00:56,53.97,9.66,1436.21,26.44,60.4
2018-11-26 17:00:56,100.8,10.66,1668.22,35.76,78.87
2018-11-26 18:00:56,135.23,6.71,1645.46,57.11,136.37
2018-11-26 19:00:56,132.68,9.21,2056.44,54.01,133.05
2018-11-26 20:00:56,142.52,14.14,2744.85,50.4,130.26
2018-11-26 21:00:56,165.68,14.56,2228.93,47.28,131.22
2018-11-26 22:00:56,144.3,21.67,1826.6,43.3,123.17
2018-11-26 23:00:56,116.04,32.1,1277.11,40.39,113.04
2018-11-27 00:00:56,90.54,10.28,741.3,36.77,95.59
2018-11-27 01:00:56,56.02,11.46,982.76,34.45,79.97
2018-11-27 02:00:56,38.54,14.29,1036.92,32.15,68.59
2018-11-27 03:00:56,44.07,11.89,1003.77,30.32,59.94
2018-11-27 04:00:56,33.29,27.53,954.1,28.56,52.37
2018-11-27 05:00:56,35.82,11.31,760.37,27.02,44.64
2018-11-27 06:00:56,44.06,6.44,789.8,24.26,35.36
2018-11-27 07:00:56,64.36,4.31,833.29,20.13,26.76
2018-11-27 08:00:56,42.98,3.84,887.93,15.57,21.18
2018-11-27 09:00:56,33.07,3.83,930.66,12.51,17.68
2018-11-27 10:00:56,39.61,5.15,1056.23,11.61,17.03
2018-11-27 11:00:56,35.71,3.58,994.42,11.48,17.14
2018-11-27 12:00:56,34.56,2.43,276.13,11.51,17.26
2018-11-27 13:00:56,39.22,2.45,241.17,10.29,15.98
2018-11-27 14:00:56,26.21,2.14,268.64,9.81,15.41
2018-11-27 15:00:56,37.0,5.39,422.54,10.07,15.79
2018-11-27 16:00:56,53.15,33.92,844.29,13.2,22.03
2018-11-27 17:00:56,117.52,32.65,1129.58,18.77,40.78
2018-11-27 18:00:56,173.26,19.81,1187.56,23.02,56.61
2018-11-27 19:00:56,154.03,12.69,503.86,24.77,60.27
2018-11-27 20:00:56,100.73,29.78,435.56,26.55,56.88
2018-11-27 21:00:56,71.15,9.89,641.92,26.62,51.49
2018-11-27 22:00:56,55.15,7.56,539.31,25.56,46.14
2018-11-27 23:00:56,41.96,5.6,382.72,24.41,40.81
2018-11-28 00:00:56,27.81,4.59,191.69,23.3,35.22
2018-11-28 01:00:56,27.13,6.42,203.58,20.66,28.48
2018-11-28 02:00:56,18.57,5.1,240.36,16.41,22.74
2018-11-28 03:00:56,17.9,4.97,197.85,13.08,18.79
2018-11-28 04:00:56,24.33,4.57,237.81,10.39,15.99
2018-11-28 05:00:56,14.71,4.31,197.85,8.27,13.85
2018-11-28 06:00:56,11.63,4.02,185.61,7.22,12.89
2018-11-28 07:00:56,10.93,3.8,229.66,6.76,12.46
2018-11-28 08:00:56,7.62,3.33,244.82,6.52,12.2
2018-11-28 09:00:56,7.89,3.38,259.45,6.64,12.41
2018-11-28 10:00:56,18.64,4.24,248.4,7.08,12.95
2018-11-28 11:00:56,14.3,4.03,284.7,8.16,13.87
2018-11-28 12:00:56,24.07,4.5,193.59,8.34,14.07
2018-11-28 13:00:56,17.91,4.17,261.1,7.81,13.61
2018-11-28 14:00:56,16.46,4.24,386.85,8.24,13.78
2018-11-28 15:00:56,31.88,5.45,633.45,9.53,15.49
2018-11-28 16:00:56,43.64,6.2,903.57,13.83,23.83
2018-11-28 17:00:56,57.83,9.07,851.82,18.53,35.58
2018-11-28 18:00:56,67.83,5.91,436.6,20.93,41.22
2018-11-28 19:00:56,43.19,5.83,723.86,22.04,40.08
2018-11-28 20:00:56,28.59,6.1,684.99,23.43,46.6
2018-11-28 21:00:56,40.03,5.21,869.21,23.26,47.99
2018-11-28 22:00:56,38.99,6.09,1007.81,22.88,49.72
2018-11-28 23:00:56,66.74,7.76,1355.91,22.85,54.19
2018-11-29 00:00:56,67.3,7.31,1215.39,22.34,55.93
2018-11-29 01:00:56,62.93,7.01,1094.13,21.25,55.42
2018-11-29 02:00:56,57.01,6.98,849.91,19.03,51.21
2018-11-29 03:00:56,52.6,6.2,422.81,17.74,45.42
2018-11-29 04:00:56,44.32,5.92,392.75,17.3,39.85
2018-11-29 05:00:56,37.98,5.61,433.55,17.3,35.3
2018-11-29 06:00:56,40.07,4.77,395.87,16.36,31.36
2018-11-29 07:00:56,31.02,4.71,371.75,17.1,29.56
2018-11-29 08:00:56,23.47,3.78,407.63,18.29,28.8
2018-11-29 09:00:56,21.25,3.76,431.51,18.41,28.64
2018-11-29 10:00:56,15.44,3.35,536.69,17.37,28.26
2018-11-29 11:00:56,25.5,3.02,491.67,16.42,28.28
2018-11-29 12:00:56,27.76,3.86,577.6,15.76,28.72
2018-11-29 13:00:56,15.76,3.44,502.65,15.37,28.12
2018-11-29 14:00:56,12.27,3.98,593.26,15.42,26.83
2018-11-29 15:00:56,15.35,4.33,490.21,15.04,26.32
2018-11-29 16:00:56,17.28,4.84,461.96,15.87,26.63
2018-11-29 17:00:56,21.19,4.5,463.46,19.11,25.69
2018-11-29 18:00:56,31.61,6.3,268.36,20.52,27.11
2018-11-29 19:00:56,25.61,6.55,277.73,21.1,30.76
2018-11-29 20:00:56,24.52,6.85,200.31,22.1,32.91
2018-11-29 21:00:56,20.06,6.93,163.29,21.97,31.8
2018-11-29 22:00:56,21.2,6.9,81.13,20.98,29.25
2018-11-29 23:00:56,24.27,7.01,33.69,20.37,27.78
2018-11-30 00:00:56,21.01,6.32,2.83,19.62,26.09
2018-11-30 01:00:56,12.48,4.72,0.0,18.13,23.89
2018-11-30 02:00:56,8.86,5.13,2.01,16.31,21.58
2018-11-30 03:00:56,12.17,4.57,1.39,14.29,19.49
2018-11-30 04:00:56,19.67,3.86,0.0,12.08,17.14
2018-11-30 05:00:56,11.42,3.92,3.4,10.81,15.83
2018-11-30 06:00:56,7.52,3.92,1.33,9.95,14.89
2018-11-30 07:00:56,6.78,4.06,0.0,10.42,15.49
2018-11-30 08:00:56,12.79,5.22,0.0,10.46,15.39
2018-11-30 09:00:56,7.28,4.59,5.02,11.93,17.15
2018-11-30 10:00:56,8.81,4.55,49.64,13.55,19.02
2018-11-30 11:00:56,27.76,5.24,85.58,15.41,22.93
2018-11-30 12:00:56,40.62,11.78,312.13,18.42,27.24
2018-11-30 13:00:56,22.94,21.45,400.17,19.04,27.59
2018-11-30 14:00:56,26.19,14.25,365.39,19.08,26.91
2018-11-30 15:00:56,29.98,10.39,356.88,18.14,25.07
2018-11-30 16:00:56,17.74,9.19,328.21,17.24,23.56
2018-11-30 17:00:56,19.69,8.18,444.97,16.92,23.8
2018-11-30 18:00:56,16.87,7.46,593.15,17.14,24.85
2018-11-30 19:00:56,14.77,7.05,883.36,17.67,27.05
2018-11-30 20:00:56,26.55,7.2,1014.8,18.82,30.69
2018-11-30 21:00:56,31.28,9.01,1662.79,18.84,33.4
2018-11-30 22:00:56,48.36,8.84,1520.12,18.16,35.37
2018-11-30 23:00:56,51.51,9.66,1300.9,17.27,36.57
2018-12-01 00:00:56,49.45,7.45,1349.69,16.08,38.4
2018-12-01 01:00:56,29.35,6.5,893.61,16.51,45.61
2018-12-01 02:00:56,26.68,5.85,678.16,16.44,45.56
2018-12-01 03:00:56,27.79,4.12,537.06,16.69,42.34
2018-12-01 04:00:56,25.47,3.78,464.05,16.89,37.75
2018-12-01 05:00:56,14.33,4.23,419.86,17.23,33.56
2018-12-01 06:00:56,9.76,4.14,372.09,16.89,29.11
2018-12-01 07:00:56,9.32,3.47,383.96,16.84,26.14
2018-12-01 08:00:56,8.02,3.35,417.67,15.94,23.63
2018-12-01 09:00:56,16.18,3.37,396.84,16.26,22.99
2018-12-01 10:00:56,10.91,3.89,433.57,16.76,23.34
2018-12-01 11:00:56,11.62,4.03,407.01,17.55,24.12
2018-12-01 12:00:56,19.48,3.71,276.69,18.28,24.94
2018-12-01 13:00:56,11.98,3.52,359.41,18.78,25.72
2018-12-01 14:00:56,8.23,3.73,296.63,18.56,25.19
2018-12-01 15:00:56,8.74,2.75,412.61,18.74,24.89
2018-12-01 16:00:56,12.95,2.85,398.22,18.22,24.34
2018-12-01 17:00:56,25.08,2.24,342.03,18.69,24.95
2018-12-01 18:00:56,26.0,3.12,542.16,20.55,27.86
2018-12-01 19:00:56,29.86,4.37,518.2,22.15,30.99
2018-12-01 20:00:56,28.06,4.91,567.83,23.36,33.07
2018-12-01 21:00:56,31.43,5.97,638.51,23.48,33.73
2018-12-01 22:00:56,29.67,5.61,572.28,23.26,32.89
2018-12-01 23:00:56,26.96,4.18,629.78,22.09,30.94
2018-12-02 00:00:56,25.82,3.24,490.33,20.48,28.23
2018-12-02 01:00:56,23.41,6.97,476.18,18.53,24.93
2018-12-02 02:00:56,15.15,6.14,454.07,15.88,21.77
2018-12-02 03:00:56,17.24,6.62,525.84,13.63,19.22
2018-12-02 04:00:56,13.56,6.19,362.77,11.61,17.03
2018-12-02 05:00:56,8.36,6.87,311.8,9.93,15.11
2018-12-02 06:00:56,6.5,6.24,316.91,9.05,14.11
2018-12-02 07:00:56,5.36,6.22,347.73,7.45,12.52
2018-12-02 08:00:56,4.68,5.63,457.43,7.27,13.0
2018-12-02 09:00:56,6.4,5.79,506.0,8.77,15.69
2018-12-02 10:00:56,11.24,7.05,485.73,9.15,16.58
2018-12-02 11:00:56,8.22,9.12,432.49,9.6,17.05
2018-12-02 12:00:56,12.85,8.56,290.0,9.99,16.82
2018-12-02 13:00:56,8.46,8.75,166.96,9.77,15.88
2018-12-02 14:00:56,5.38,8.99,58.48,9.36,15.05
2018-12-02 15:00:56,3.88,9.09,28.51,9.36,14.77
2018-12-02 16:00:56,3.63,7.32,396.48,8.77,14.29
2018-12-02 17:00:56,11.25,3.81,1099.47,8.41,14.32
2018-12-02 18:00:56,20.39,6.16,1362.4,10.36,16.5
2018-12-02 19:00:56,29.23,5.95,1219.2,14.11,22.73
2018-12-02 20:00:56,38.68,7.58,1851.61,16.27,30.35
2018-12-02 21:00:56,61.3,6.66,2414.4,18.54,44.58
2018-12-02 22:00:56,70.51,5.76,2223.07,20.41,57.53
2018-12-02 23:00:56,75.24,5.0,2596.95,20.88,69.46
2018-12-03 00:00:56,69.64,4.9,2097.64,21.55,80.83
2018-12-03 01:00:56,62.8,6.97,1271.53,19.64,78.55
2018-12-03 02:00:56,41.16,7.0,861.57,17.14,69.83
2018-12-03 03:00:56,37.98,7.2,598.9,14.88,61.34
2018-12-03 04:00:56,28.04,6.28,531.85,13.45,54.98
2018-12-03 05:00:56,17.61,6.28,630.75,12.41,50.25
2018-12-03 06:00:56,21.19,6.32,324.63,10.74,44.15
2018-12-03 07:00:56,14.29,6.67,369.66,9.38,38.4
2018-12-03 08:00:56,8.21,7.19,758.14,9.46,38.92
2018-12-03 09:00:56,17.53,8.53,1351.66,13.51,61.41
2018-12-03 10:00:56,61.19,7.87,1225.12,15.75,75.28
2018-12-03 11:00:56,72.43,21.27,760.51,17.82,80.31
2018-12-03 12:00:56,55.51,190.5,265.9,18.19,74.53
2018-12-03 13:00:56,45.32,91.98,165.85,18.53,66.65
2018-12-03 14:00:56,43.82,33.57,67.54,18.24,59.58
2018-12-03 15:00:56,31.24,91.42,802.36,17.98,53.85
2018-12-03 16:00:56,50.47,128.39,1005.53,18.44,49.37
2018-12-03 17:00:56,77.26,35.49,1359.66,20.39,48.85
2018-12-03 18:00:56,81.56,23.3,1203.57,22.33,52.47
2018-12-03 19:00:56,84.85,16.68,1362.26,23.52,53.64
2018-12-03 20:00:56,70.72,17.31,2421.96,25.06,63.82
2018-12-03 21:00:56,97.79,14.37,2387.55,26.58,81.0
2018-12-03 22:00:56,100.17,13.31,1947.31,26.9,90.28
2018-12-03 23:00:56,84.9,12.2,1894.22,27.18,101.41
2018-12-04 00:00:56,86.16,9.6,1903.07,27.41,110.21
2018-12-04 01:00:56,66.62,5.79,2098.96,26.49,110.74
2018-12-04 02:00:56,64.23,3.99,1845.28,24.57,109.53
2018-12-04 03:00:56,64.49,2.4,1429.83,21.46,98.1
2018-12-04 04:00:56,38.72,4.87,871.27,18.07,82.84
2018-12-04 05:00:56,33.1,6.36,689.8,16.67,75.99
2018-12-04 06:00:56,25.12,5.52,512.09,16.02,72.87
2018-12-04 07:00:56,20.69,5.58,487.37,15.75,67.19
2018-12-04 08:00:56,19.74,5.46,672.26,14.61,60.21
2018-12-04 09:00:56,24.67,5.8,955.15,15.08,62.8
2018-12-04 10:00:56,38.48,5.85,914.39,16.02,66.33
2018-12-04 11:00:56,52.66,14.73,966.48,15.68,67.36
2018-12-04 12:00:56,57.68,0.0,577.16,17.14,68.91
2018-12-04 13:00:56,59.62,144.52,372.35,0.0,0.0
2018-12-04 14:00:56,61.58,117.84,0.0,18.31,57.84
2018-12-04 15:00:56,57.95,23.64,678.24,17.32,51.28
2018-12-04 16:00:56,44.06,13.78,1241.43,16.99,45.73
2018-12-04 17:00:56,55.0,9.92,1442.28,19.65,44.16
2018-12-04 18:00:56,81.53,9.44,1976.48,23.94,55.68
2018-12-04 19:00:56,104.82,10.32,1880.71,26.69,63.74
2018-12-04 20:00:56,93.86,10.38,2062.22,27.42,67.97
2018-12-04 21:00:56,120.3,10.14,2089.63,27.47,71.8
2018-12-04 22:00:56,105.62,9.3,1992.67,26.04,69.56
2018-12-04 23:00:56,94.86,7.98,2259.85,25.27,68.46
2018-12-05 00:00:56,84.56,6.67,2435.14,24.57,70.3
2018-12-05 01:00:56,80.71,6.15,2307.05,23.32,70.68
2018-12-05 02:00:56,83.82,5.73,1786.05,22.21,66.64
2018-12-05 03:00:56,61.32,9.47,1434.09,20.41,58.46
2018-12-05 04:00:56,59.05,13.32,1393.43,19.78,52.34
2018-12-05 05:00:56,54.34,15.71,1432.15,19.69,48.94
2018-12-05 06:00:56,0.0,0.0,0.0,0.0,0.0
2018-12-05 07:00:56,5.51,0.0,0.0,0.0,0.0
2018-12-05 08:00:56,10.85,45.27,125.79,20.68,56.11
2018-12-05 09:00:56,44.91,45.79,301.55,22.27,62.39
2018-12-05 10:00:56,62.18,53.79,119.53,23.69,68.39
2018-12-05 11:00:56,53.59,73.59,23.26,24.82,71.63
2018-12-05 12:00:56,73.83,101.74,7.64,24.69,69.21
2018-12-05 13:00:56,52.89,53.2,223.15,24.91,65.36
2018-12-05 14:00:56,31.09,46.83,149.42,25.24,59.0
2018-12-05 15:00:56,21.49,44.94,214.35,25.14,53.73
2018-12-05 16:00:56,35.79,40.51,401.82,25.12,49.93
2018-12-05 17:00:56,39.42,34.42,1203.97,22.7,44.53
2018-12-05 18:00:56,25.59,33.69,1276.44,23.75,40.91
2018-12-05 19:00:56,20.02,34.14,1220.33,23.97,37.23
2018-12-05 20:00:56,22.45,33.68,1140.53,23.6,34.56
2018-12-05 21:00:56,26.49,33.92,1179.13,22.26,31.81
2018-12-05 22:00:56,19.09,34.59,1328.04,22.23,30.96
2018-12-05 23:00:56,26.49,34.01,1326.14,21.64,30.31
2018-12-06 00:00:56,22.7,27.29,1113.51,21.02,29.31
2018-12-06 01:00:56,30.87,6.36,1060.94,19.35,26.22
2018-12-06 02:00:56,33.4,6.61,1008.8,17.71,23.32
2018-12-06 03:00:56,20.86,6.46,1011.69,15.2,20.77
2018-12-06 04:00:56,24.33,6.4,980.91,13.65,19.05
2018-12-06 05:00:56,21.87,6.08,939.63,13.01,18.25
2018-12-06 06:00:56,20.72,6.14,953.96,11.95,16.97
2018-12-06 07:00:56,15.5,5.8,863.25,13.0,18.65
2018-12-06 08:00:56,13.1,6.75,723.11,14.63,20.27
2018-12-06 09:00:56,8.83,6.62,769.86,16.42,22.9
2018-12-06 10:00:56,13.58,7.24,767.08,18.07,24.85
2018-12-06 11:00:56,22.36,0.0,0.0,0.0,0.0
2018-12-06 12:00:56,32.81,0.0,0.0,0.0,0.0
2018-12-06 13:00:56,32.56,0.0,0.0,0.0,0.0
2018-12-06 14:00:56,23.88,7.27,0.0,17.05,24.79
2018-12-06 15:00:56,37.2,12.3,84.6,27.25,37.06
2018-12-06 16:00:56,35.05,17.86,0.0,24.73,33.59
2018-12-06 17:00:56,35.54,19.82,0.0,32.57,44.88
2018-12-06 18:00:56,33.24,22.92,0.0,36.53,49.66
2018-12-06 19:00:56,44.17,24.91,0.0,43.22,56.95
2018-12-06 20:00:56,47.01,26.47,0.0,31.39,39.97
2018-12-06 21:00:56,34.16,27.38,0.0,27.76,35.92
2018-12-06 22:00:56,30.63,28.98,0.0,21.53,28.13
2018-12-06 23:00:56,18.91,28.94,0.0,17.3,23.12
2018-12-07 00:00:56,16.79,23.65,0.0,14.62,19.24
2018-12-07 01:00:56,20.02,3.49,0.0,17.0,21.56
2018-12-07 02:00:56,15.56,1.99,0.0,12.49,16.11
2018-12-07 03:00:56,14.4,0.0,0.0,9.73,13.11
2018-12-07 04:00:56,11.46,0.0,0.0,6.06,8.48
2018-12-07 05:00:56,8.05,0.0,0.0,8.17,11.09
2018-12-07 06:00:56,8.17,0.0,0.0,10.63,15.5
2018-12-07 07:00:56,8.08,0.0,0.0,12.24,16.29
2018-12-07 08:00:56,17.02,0.0,0.0,24.17,32.21
2018-12-07 09:00:56,11.19,0.0,0.0,34.08,45.04
2018-12-07 10:00:56,12.64,0.0,0.0,36.59,48.99
2018-12-07 11:00:56,23.18,0.0,0.0,26.64,35.54
2018-12-07 12:00:56,22.64,0.0,0.0,31.65,43.58
2018-12-07 13:00:56,14.38,0.0,202.18,23.2,31.28
2018-12-07 14:00:56,17.31,0.0,241.53,25.12,35.54
2018-12-07 15:00:56,11.53,0.0,152.83,24.73,32.74
2018-12-07 16:00:56,16.87,0.0,248.64,26.8,34.76
2018-12-07 17:00:56,14.27,0.0,39.26,33.89,42.59
2018-12-07 18:00:56,14.23,0.0,67.13,42.21,52.7
2018-12-07 19:00:56,27.16,0.0,93.09,43.75,54.45
2018-12-07 20:00:56,24.25,0.0,164.07,37.02,44.91
2018-12-07 21:00:56,21.97,0.0,302.12,42.99,48.11
2018-12-07 22:00:56,13.67,0.0,356.23,33.97,37.35
2018-12-07 23:00:56,18.32,0.0,524.0,41.64,50.67
2018-12-08 00:00:56,29.76,0.84,703.77,42.45,51.26
2018-12-08 01:00:56,20.07,4.51,478.94,19.34,21.41
2018-12-08 02:00:56,12.48,4.22,474.54,24.19,28.47
2018-12-08 03:00:56,8.15,3.47,450.06,22.47,25.35
2018-12-08 04:00:56,4.81,3.67,499.26,10.44,11.82
2018-12-08 05:00:56,7.51,3.37,471.59,22.41,25.77
2018-12-08 06:00:56,13.42,2.94,363.91,13.01,14.33
2018-12-08 07:00:56,12.46,3.16,442.99,17.53,19.37
2018-12-08 08:00:56,14.18,4.12,617.14,29.44,40.33
2018-12-08 09:00:56,11.77,5.95,856.08,48.89,93.33
2018-12-08 10:00:56,18.43,8.59,862.5,39.35,66.27
2018-12-08 11:00:56,31.86,13.9,442.17,18.52,30.51
2018-12-08 12:00:56,39.54,20.62,117.65,9.0,15.05
2018-12-08 13:00:56,20.27,11.65,234.24,7.45,15.46
2018-12-08 14:00:56,12.25,9.44,194.31,5.32,9.37
2018-12-08 15:00:56,6.7,8.98,229.27,6.98,10.68
2018-12-08 16:00:56,5.06,10.52,333.38,19.7,29.46
2018-12-08 17:00:56,11.4,11.31,406.39,25.25,31.37
2018-12-08 18:00:56,27.35,8.29,735.62,43.11,49.56
2018-12-08 19:00:56,32.98,9.11,1134.28,49.18,72.09
2018-12-08 20:00:56,43.66,10.58,1283.96,46.13,75.24
2018-12-08 21:00:56,59.12,10.89,1427.06,44.58,80.57
2018-12-08 22:00:56,64.07,7.68,1419.18,33.02,45.52
2018-12-08 23:00:56,55.58,4.58,1505.01,43.79,88.76
2018-12-09 00:00:56,65.92,5.06,1545.53,44.93,88.31
2018-12-09 01:00:56,53.22,7.71,1452.12,38.0,65.28
2018-12-09 02:00:56,39.29,5.89,1254.69,28.22,36.36
2018-12-09 03:00:56,34.31,6.21,907.35,22.55,31.4
2018-12-09 04:00:56,40.34,6.36,572.58,21.43,27.06
2018-12-09 05:00:56,28.38,6.76,501.87,11.14,14.06
2018-12-09 06:00:56,15.95,6.4,433.71,27.11,34.56
2018-12-09 07:00:56,11.14,6.39,518.21,39.86,49.67
2018-12-09 08:00:56,11.31,6.22,752.88,43.78,62.27
2018-12-09 09:00:56,13.22,6.97,782.67,51.66,107.48
2018-12-09 10:00:56,28.61,10.78,945.94,58.36,126.79
2018-12-09 11:00:56,43.42,19.89,779.62,40.72,64.23
2018-12-09 12:00:56,57.17,113.96,423.3,33.68,53.33
2018-12-09 13:00:56,62.23,214.28,213.25,18.33,25.92
2018-12-09 14:00:56,90.35,169.73,193.19,24.5,34.8
2018-12-09 15:00:56,109.41,84.33,80.09,28.7,37.29
2018-12-09 16:00:56,96.97,76.43,369.25,44.56,56.67
2018-12-09 17:00:56,107.28,26.23,456.66,34.77,39.01
2018-12-09 18:00:56,80.85,17.63,642.02,33.42,36.82
2018-12-09 19:00:56,74.97,17.28,1478.85,67.82,127.44
2018-12-09 20:00:56,84.48,17.15,1715.53,66.41,122.31
2018-12-09 21:00:56,91.13,19.03,2222.05,68.52,136.47
2018-12-09 22:00:56,107.19,16.95,2034.31,58.75,112.76
2018-12-09 23:00:56,108.09,17.75,2011.37,61.81,117.9
2018-12-10 00:00:56,100.11,15.36,1755.97,48.54,76.14
2018-12-10 01:00:56,90.37,15.42,1526.29,53.1,81.75
2018-12-10 02:00:56,93.33,17.65,1066.52,42.11,59.79
2018-12-10 03:00:56,79.58,11.59,623.75,13.07,15.02
2018-12-10 04:00:56,44.83,8.46,465.15,11.92,13.43
2018-12-10 05:00:56,27.93,6.33,635.94,22.01,23.89
2018-12-10 06:00:56,17.9,5.27,624.72,30.39,33.15
2018-12-10 07:00:56,14.44,7.1,592.97,39.49,48.31
2018-12-10 08:00:56,17.92,7.23,657.48,36.95,47.81
2018-12-10 09:00:56,30.18,4.9,398.77,4.11,5.54
2018-12-10 10:00:56,19.57,4.93,465.64,13.93,15.98
2018-12-10 11:00:56,20.83,4.2,409.07,8.56,10.45
2018-12-10 12:00:56,16.59,3.65,409.63,3.81,5.19
2018-12-10 13:00:56,18.98,4.25,209.88,6.08,8.31
2018-12-10 14:00:56,14.23,4.16,221.28,9.92,12.89
2018-12-10 15:00:56,18.8,4.19,271.25,15.77,19.97
2018-12-10 16:00:56,13.34,1.75,175.57,8.4,10.29
2018-12-10 17:00:56,16.27,0.26,178.31,20.49,22.55
2018-12-10 18:00:56,34.65,1.34,105.56,11.48,13.01
2018-12-10 19:00:56,28.04,3.78,206.36,8.43,9.67
2018-12-10 20:00:56,21.62,5.18,379.68,21.45,24.73
2018-12-10 21:00:56,14.44,4.96,442.09,12.32,14.76
2018-12-10 22:00:56,13.47,6.3,545.87,32.67,36.07
2018-12-10 23:00:56,20.11,6.68,643.22,37.35,43.69
2018-12-11 00:00:56,34.56,4.44,395.1,6.21,7.35
2018-12-11 01:00:56,18.94,5.55,415.74,7.33,8.87
2018-12-11 02:00:56,11.52,5.09,560.3,9.98,11.33
2018-12-11 03:00:56,8.52,4.74,638.58,24.81,26.9
2018-12-11 04:00:56,8.53,5.04,438.47,7.83,8.91
2018-12-11 05:00:56,5.35,5.13,494.62,28.66,34.22
2018-12-11 06:00:56,5.87,6.1,377.03,0.0,0.0
2018-12-11 07:00:56,13.24,6.61,239.24,0.0,0.0
2018-12-11 08:00:56,9.21,4.68,213.82,0.0,0.0
2018-12-11 09:00:56,14.39,5.07,178.61,2.11,3.34
2018-12-11 10:00:56,19.59,4.92,127.83,0.0,0.0
2018-12-11 11:00:56,12.0,5.28,137.74,0.0,0.0
2018-12-11 12:00:56,14.16,5.38,192.06,0.0,0.0
2018-12-11 13:00:56,17.14,2.92,81.48,0.0,0.0
2018-12-11 14:00:56,16.15,2.28,43.66,0.0,0.0
2018-12-11 15:00:56,21.58,8.63,337.44,1.38,2.9
2018-12-11 16:00:56,28.05,6.74,922.96,3.25,5.31
2018-12-11 17:00:56,31.8,5.84,888.08,5.24,7.13
2018-12-11 18:00:56,35.33,5.64,819.94,6.4,8.16
2018-12-11 19:00:56,25.43,6.85,818.0,6.08,7.91
2018-12-11 20:00:56,14.87,8.17,954.29,8.41,9.94
2018-12-11 21:00:56,9.27,7.82,1099.11,5.57,6.99
2018-12-11 22:00:56,6.33,8.14,782.25,11.51,13.14
2018-12-11 23:00:56,10.08,7.18,712.43,30.19,33.86
2018-12-12 00:00:56,22.37,6.19,631.12,15.85,17.59
2018-12-12 01:00:56,17.57,9.65,437.15,18.18,20.1
2018-12-12 02:00:56,30.73,6.07,590.49,22.39,23.84
2018-12-12 03:00:56,22.73,5.16,507.58,28.86,31.09
2018-12-12 04:00:56,22.68,3.99,431.18,21.64,23.15
2018-12-12 05:00:56,18.21,4.06,456.25,16.72,18.05
2018-12-12 06:00:56,13.51,3.92,398.97,8.5,9.36
2018-12-12 07:00:56,15.87,3.63,427.66,7.39,9.24
2018-12-12 08:00:56,9.68,3.53,546.02,10.03,13.54
2018-12-12 09:00:56,11.44,4.08,615.79,23.1,27.67
2018-12-12 10:00:56,14.4,3.99,791.78,33.33,39.58
2018-12-12 11:00:56,11.99,5.1,774.47,22.58,28.14
2018-12-12 12:00:56,20.82,4.85,701.87,19.6,22.57
2018-12-12 13:00:56,30.48,5.73,409.27,29.35,36.05
2018-12-12 14:00:56,33.09,7.07,358.45,27.12,33.51
2018-12-12 15:00:56,17.39,6.48,404.09,24.47,29.78
2018-12-12 16:00:56,11.72,6.8,419.49,29.08,36.2
2018-12-12 17:00:56,17.15,6.91,450.46,29.42,33.7
2018-12-12 18:00:56,18.97,6.79,470.84,21.89,26.39
2018-12-12 19:00:56,14.05,6.27,531.48,44.33,57.9
2018-12-12 20:00:56,13.31,5.19,587.75,26.75,29.2
2018-12-12 21:00:56,25.3,5.88,668.54,21.24,23.4
2018-12-12 22:00:56,23.96,6.3,675.51,17.93,20.57
2018-12-12 23:00:56,19.34,5.44,701.17,27.63,31.14
2018-12-13 00:00:56,23.03,4.09,1101.69,33.53,41.56
2018-12-13 01:00:56,29.08,2.36,728.17,9.63,10.98
2018-12-13 02:00:56,17.9,0.0,597.15,8.85,10.02
2018-12-13 03:00:56,19.36,0.0,711.24,20.38,23.36
2018-12-13 04:00:56,13.91,0.0,800.25,17.75,20.84
2018-12-13 05:00:56,9.7,0.0,663.05,5.64,6.81
2018-12-13 06:00:56,12.61,0.0,672.87,7.6,8.94
2018-12-13 07:00:56,12.48,0.0,659.3,23.23,26.38
2018-12-13 08:00:56,13.57,0.0,834.08,25.27,35.6
2018-12-13 09:00:56,10.03,0.0,940.57,37.13,54.89
2018-12-13 10:00:56,14.18,0.0,663.87,9.28,12.11
2018-12-13 11:00:56,14.51,0.26,623.06,6.79,10.48
2018-12-13 12:00:56,10.43,0.62,568.19,9.48,13.43
2018-12-13 13:00:56,15.25,2.59,321.75,16.08,22.71
2018-12-13 14:00:56,17.19,6.72,108.3,16.8,23.74
2018-12-13 15:00:56,11.11,4.39,123.21,9.84,14.5
2018-12-13 16:00:56,11.97,2.79,91.49,9.73,15.93
2018-12-13 17:00:56,10.98,4.68,276.81,31.34,37.2
2018-12-13 18:00:56,13.39,4.74,188.57,21.04,23.69
2018-12-13 19:00:56,18.51,4.0,170.09,27.63,40.99
2018-12-13 20:00:56,19.18,2.67,358.19,21.4,23.38
2018-12-13 21:00:56,26.21,1.27,563.56,15.25,17.91
2018-12-13 22:00:56,23.95,1.47,549.7,14.87,19.2
2018-12-13 23:00:56,25.36,2.09,576.34,22.23,33.71
2018-12-14 00:00:56,26.16,2.21,478.94,18.06,28.16
2018-12-14 01:00:56,22.76,6.77,369.8,6.88,8.36
2018-12-14 02:00:56,12.63,4.59,413.92,8.0,9.54
2018-12-14 03:00:56,9.9,4.09,326.96,4.23,5.51
2018-12-14 04:00:56,9.51,3.54,398.55,23.74,26.99
2018-12-14 05:00:56,11.56,3.96,395.8,15.63,17.24
2018-12-14 06:00:56,11.58,4.63,249.19,2.47,3.68
2018-12-14 07:00:56,10.92,4.09,287.88,4.56,5.93
2018-12-14 08:00:56,6.87,3.75,464.3,22.93,28.06
2018-12-14 09:00:56,12.36,4.79,520.75,38.3,47.76
2018-12-14 10:00:56,35.87,5.68,360.03,12.23,16.53
2018-12-14 11:00:56,28.24,7.51,280.42,13.12,18.82
2018-12-14 12:00:56,34.74,12.06,206.28,16.74,26.98
2018-12-14 13:00:56,24.53,12.78,158.21,7.47,10.98
2018-12-14 14:00:56,16.66,9.49,207.84,5.31,7.87
2018-12-14 15:00:56,18.63,7.68,188.05,7.76,10.24
2018-12-14 16:00:56,22.32,8.25,286.37,15.74,21.23
2018-12-14 17:00:56,38.62,9.79,627.4,24.0,29.3
2018-12-14 18:00:56,48.94,13.15,801.06,38.55,45.87
2018-12-14 19:00:56,62.69,16.1,1069.74,56.45,73.49
2018-12-14 20:00:56,77.41,18.32,1567.78,68.42,104.21
2018-12-14 21:00:56,88.89,18.67,1133.57,55.46,75.54
2018-12-14 22:00:56,75.95,12.41,998.4,42.49,52.72
2018-12-14 23:00:56,59.27,9.58,1149.33,28.72,38.49
2018-12-15 00:00:56,66.95,8.44,1339.63,48.84,77.04
2018-12-15 01:00:56,59.72,5.51,1260.23,48.05,81.13
2018-12-15 02:00:56,59.08,4.3,985.87,42.79,61.42
2018-12-15 03:00:56,41.41,0.0,975.4,37.43,55.05
2018-12-15 04:00:56,41.54,0.0,1010.03,22.6,27.72
2018-12-15 05:00:56,34.92,0.0,1034.23,16.5,19.41
2018-12-15 06:00:56,33.65,0.0,1059.24,7.11,8.7
2018-12-15 07:00:56,26.16,0.0,1063.14,12.04,16.64
2018-12-15 08:00:56,27.19,0.0,994.99,21.43,34.51
2018-12-15 09:00:56,29.28,0.0,1334.18,46.87,131.9
2018-12-15 10:00:56,44.39,0.0,1421.82,41.87,92.51
2018-12-15 11:00:56,63.5,11.36,982.44,39.26,79.88
2018-12-15 12:00:56,69.25,11.04,713.48,26.24,35.7
2018-12-15 13:00:56,54.16,13.87,532.23,28.25,41.66
2018-12-15 14:00:56,45.43,11.19,341.97,18.69,28.42
2018-12-15 15:00:56,50.37,5.72,108.31,11.26,14.34
2018-12-15 16:00:56,48.21,7.27,16.48,20.05,27.3
2018-12-15 17:00:56,43.98,9.35,84.1,36.35,49.55
2018-12-15 18:00:56,50.86,17.86,794.4,62.57,89.29
2018-12-15 19:00:56,69.02,8.88,514.22,57.32,87.38
2018-12-15 20:00:56,68.85,10.86,799.56,61.54,85.15
2018-12-15 21:00:56,76.06,10.52,404.86,19.19,22.98
2018-12-15 22:00:56,47.35,9.17,549.22,30.13,35.59
2018-12-15 23:00:56,42.62,7.23,774.59,47.21,58.34
2018-12-16 00:00:56,47.49,6.19,1011.59,59.79,78.75
2018-12-16 01:00:56,60.3,8.73,1179.59,58.91,88.18
2018-12-16 02:00:56,65.8,28.08,822.86,48.29,58.54
2018-12-16 03:00:56,53.96,38.98,680.11,44.1,52.43
2018-12-16 04:00:56,62.83,22.41,666.75,32.68,36.67
2018-12-16 05:00:56,54.83,13.75,643.47,20.61,23.2
2018-12-16 06:00:56,42.26,11.5,644.66,27.86,30.75
2018-12-16 07:00:56,37.12,8.89,497.09,19.89,22.06
2018-12-16 08:00:56,24.45,5.91,613.46,22.04,28.12
2018-12-16 09:00:56,35.05,6.18,918.39,55.62,118.42
2018-12-16 10:00:56,47.83,7.51,986.27,39.33,88.62
2018-12-16 11:00:56,65.16,9.36,1149.86,36.48,71.77
2018-12-16 12:00:56,85.55,23.96,1206.05,41.21,66.63
2018-12-16 13:00:56,95.0,33.2,573.56,19.0,27.67
2018-12-16 14:00:56,74.35,0.0,461.32,24.09,34.68
2018-12-16 15:00:56,79.94,95.94,304.11,33.54,49.17
2018-12-16 16:00:56,86.57,48.67,455.61,46.76,74.48
2018-12-16 17:00:56,77.49,28.02,370.43,48.55,67.94
2018-12-16 18:00:56,89.69,24.99,995.91,58.48,85.82
2018-12-16 19:00:56,108.14,46.66,1239.05,47.18,68.18
2018-12-16 20:00:56,107.11,30.16,1720.09,67.89,195.96
2018-12-16 21:00:56,149.79,24.73,2289.83,74.1,224.83
2018-12-16 22:00:56,170.2,18.81,2068.47,56.79,145.7
2018-12-16 23:00:56,154.91,14.56,1773.11,44.09,79.31
2018-12-17 00:00:56,127.96,11.01,1571.26,39.86,65.61
2018-12-17 01:00:56,102.16,11.25,1282.2,45.32,98.4
2018-12-17 02:00:56,102.08,9.68,1271.66,39.86,73.4
2018-12-17 03:00:56,85.49,8.4,1109.68,29.48,37.11
2018-12-17 04:00:56,66.74,8.88,1127.96,29.71,40.12
2018-12-17 05:00:56,49.07,5.25,1140.09,27.43,44.3
2018-12-17 06:00:56,56.64,1.69,1023.28,15.48,19.91
2018-12-17 07:00:56,50.53,3.98,849.74,16.78,21.29
2018-12-17 08:00:56,60.33,15.43,1185.76,57.54,137.62
2018-12-17 09:00:56,93.22,25.76,1816.72,74.77,227.32
2018-12-17 10:00:56,157.76,34.18,1860.91,57.78,159.6
2018-12-17 11:00:56,208.54,114.86,1272.1,49.12,102.62
2018-12-17 12:00:56,212.35,162.87,1166.08,77.92,225.66
2018-12-17 13:00:56,242.83,97.88,981.24,79.47,189.61
2018-12-17 14:00:56,248.38,63.2,1152.08,79.02,152.2
2018-12-17 15:00:56,0.0,52.87,1830.95,106.7,296.0
2018-12-17 16:00:56,0.0,0.0,0.0,0.0,0.0
2018-12-17 17:00:56,0.0,0.0,1872.75,70.52,222.06
2018-12-17 18:00:56,0.0,80.0,1765.16,76.92,236.18
2018-12-17 19:00:56,0.0,65.38,1648.82,89.96,317.03
2018-12-17 20:00:56,0.0,50.56,2068.62,89.87,318.33
2018-12-17 21:00:56,0.0,26.81,288.95,44.97,62.74
2018-12-17 22:00:56,201.97,23.54,194.58,37.61,49.57
2018-12-17 23:00:56,131.92,21.82,286.05,37.38,51.64
2018-12-18 00:00:56,91.04,15.96,352.16,43.8,57.27
2018-12-18 01:00:56,79.4,9.99,614.71,40.76,59.04
2018-12-18 02:00:56,67.83,8.68,654.09,20.87,25.13
2018-12-18 03:00:56,62.16,8.97,637.71,20.67,24.54
2018-12-18 04:00:56,58.79,9.82,570.15,14.2,17.15
2018-12-18 05:00:56,58.35,10.61,510.12,11.54,14.09
2018-12-18 06:00:56,49.19,15.26,442.11,11.72,14.44
2018-12-18 07:00:56,55.64,14.72,556.52,16.42,22.75
2018-12-18 08:00:56,49.12,13.21,593.87,40.12,83.85
2018-12-18 09:00:56,54.34,13.56,1500.36,61.57,180.02
2018-12-18 10:00:56,74.97,15.88,1148.1,39.85,110.35
2018-12-18 11:00:56,87.33,24.08,920.52,33.69,53.22
2018-12-18 12:00:56,82.93,0.0,548.47,22.63,35.77
2018-12-18 13:00:56,84.15,106.58,423.26,0.0,0.0
2018-12-18 14:00:56,80.92,76.63,0.0,17.39,26.78
2018-12-18 15:00:56,69.68,37.53,272.01,16.51,25.78
2018-12-18 16:00:56,68.03,20.06,150.23,31.31,47.42
2018-12-18 17:00:56,82.86,14.57,266.71,44.64,60.99
2018-12-18 18:00:56,86.3,12.95,349.33,45.43,61.34
2018-12-18 19:00:56,85.32,11.64,691.4,43.29,56.5
2018-12-18 20:00:56,72.88,9.78,625.82,30.65,41.79
2018-12-18 21:00:56,56.92,8.46,718.71,24.73,30.89
2018-12-18 22:00:56,69.78,7.39,873.29,31.37,49.92
2018-12-18 23:00:56,57.79,8.39,726.21,19.03,24.06
2018-12-19 00:00:56,53.16,7.14,691.07,23.0,31.31
2018-12-19 01:00:56,59.68,6.28,538.5,15.53,20.22
2018-12-19 02:00:56,59.36,5.9,454.08,8.23,10.05
2018-12-19 03:00:56,48.68,5.75,490.22,8.18,9.89
2018-12-19 04:00:56,39.27,5.56,487.64,6.2,7.72
2018-12-19 05:00:56,31.94,5.15,404.64,5.17,6.74
2018-12-19 06:00:56,33.71,4.68,368.99,7.59,9.12
2018-12-19 07:00:56,28.74,4.67,415.12,13.19,15.52
2018-12-19 08:00:56,26.28,4.37,654.24,36.75,58.68
2018-12-19 09:00:56,33.73,4.13,874.42,45.32,80.32
2018-12-19 10:00:56,42.17,4.37,953.24,42.12,76.52
2018-12-19 11:00:56,61.86,5.3,1099.65,43.82,96.34
2018-12-19 12:00:56,68.41,10.92,956.33,47.8,103.41
2018-12-19 13:00:56,65.35,10.04,611.39,22.43,32.31
2018-12-19 14:00:56,49.51,7.93,620.5,20.77,31.06
2018-12-19 15:00:56,59.87,7.21,633.75,18.59,26.93
2018-12-19 16:00:56,46.7,6.71,773.65,26.88,43.33
2018-12-19 17:00:56,54.37,6.32,912.86,31.09,49.94
2018-12-19 18:00:56,60.86,7.09,1118.51,34.72,49.69
2018-12-19 19:00:56,77.89,7.25,1065.0,34.01,44.13
2018-12-19 20:00:56,73.67,8.74,1022.38,33.07,44.88
2018-12-19 21:00:56,60.55,8.6,1368.93,47.36,94.36
2018-12-19 22:00:56,61.88,7.22,1432.21,45.17,125.09
2018-12-19 23:00:56,59.17,11.76,1174.73,43.99,102.15
2018-12-20 00:00:56,51.53,11.56,539.0,20.25,28.26
2018-12-20 01:00:56,47.79,6.6,357.7,10.98,16.86
2018-12-20 02:00:56,37.0,5.17,409.07,11.77,14.49
2018-12-20 03:00:56,27.92,4.2,389.68,7.42,9.87
2018-12-20 04:00:56,20.31,3.31,342.37,6.9,9.38
2018-12-20 05:00:56,15.05,2.96,297.84,5.78,8.04
2018-12-20 06:00:56,10.1,2.94,349.39,5.75,8.46
2018-12-20 07:00:56,7.02,2.92,302.1,5.97,8.78
2018-12-20 08:00:56,4.92,3.05,363.25,13.19,19.6
2018-12-20 09:00:56,4.68,3.21,443.64,25.3,38.9
2018-12-20 10:00:56,4.55,3.32,491.57,24.03,35.59
2018-12-20 11:00:56,6.19,3.62,393.46,23.01,34.38
2018-12-20 12:00:56,14.52,3.91,466.87,25.14,39.41
2018-12-20 13:00:56,19.71,3.9,489.35,23.59,38.57
2018-12-20 14:00:56,13.25,3.91,498.77,24.53,38.45
2018-12-20 15:00:56,15.54,4.28,686.51,32.8,56.05
2018-12-20 16:00:56,15.68,3.84,574.01,28.44,44.04
2018-12-20 17:00:56,16.62,3.49,441.5,17.32,25.92
2018-12-20 18:00:56,20.74,3.11,476.47,18.8,28.22
2018-12-20 19:00:56,19.54,3.06,516.77,24.1,34.09
2018-12-20 20:00:56,21.88,3.32,514.29,22.28,29.81
2018-12-20 21:00:56,16.05,3.93,490.59,15.86,21.68
2018-12-20 22:00:56,17.17,4.03,423.09,15.29,20.89
2018-12-20 23:00:56,10.63,3.65,419.77,11.57,16.45
2018-12-21 00:00:56,7.45,3.19,442.52,11.07,14.17
2018-12-21 01:00:56,9.23,3.55,543.15,14.45,16.8
2018-12-21 02:00:56,11.03,3.53,508.78,9.09,12.01
2018-12-21 03:00:56,11.06,3.38,403.26,6.29,8.4
2018-12-21 04:00:56,13.95,2.76,410.95,7.33,9.72
2018-12-21 05:00:56,16.86,3.76,382.67,4.78,6.73
2018-12-21 06:00:56,20.49,3.26,437.3,9.26,11.18
2018-12-21 07:00:56,10.46,3.35,523.66,11.59,14.43
2018-12-21 08:00:56,7.35,2.67,544.95,24.2,33.24
2018-12-21 09:00:56,8.98,2.65,549.14,27.01,34.88
2018-12-21 10:00:56,8.21,3.55,693.74,22.3,32.46
2018-12-21 11:00:56,16.72,8.06,550.66,13.23,22.0
2018-12-21 12:00:56,15.0,21.61,534.54,8.21,14.74
2018-12-21 13:00:56,8.68,16.3,290.2,4.38,9.95
2018-12-21 14:00:56,7.66,8.34,309.68,15.07,24.81
2018-12-21 15:00:56,12.28,6.08,278.8,17.29,27.77
2018-12-21 16:00:56,10.1,5.27,341.02,17.69,29.48
2018-12-21 17:00:56,12.9,4.0,368.8,23.49,32.5
2018-12-21 18:00:56,12.94,4.36,469.33,36.76,52.98
2018-12-21 19:00:56,9.4,4.47,550.93,29.89,45.12
2018-12-21 20:00:56,15.31,4.03,518.26,17.71,23.81
2018-12-21 21:00:56,20.66,3.28,694.04,17.43,22.61
2018-12-21 22:00:56,24.82,3.91,799.86,24.42,32.99
2018-12-21 23:00:56,20.39,4.8,755.14,28.54,50.03
2018-12-22 00:00:56,25.3,3.7,694.98,33.62,41.81
2018-12-22 01:00:56,25.93,7.17,721.25,35.68,55.95
2018-12-22 02:00:56,25.62,7.11,664.86,21.4,30.63
2018-12-22 03:00:56,17.02,6.43,631.47,7.59,9.75
2018-12-22 04:00:56,19.47,6.98,513.82,7.49,10.91
2018-12-22 05:00:56,17.37,6.43,566.84,25.07,35.36
2018-12-22 06:00:56,23.25,6.9,508.36,25.33,34.24
2018-12-22 07:00:56,29.42,6.97,487.47,23.85,32.05
2018-12-22 08:00:56,24.37,6.79,515.22,25.4,37.18
2018-12-22 09:00:56,27.49,6.92,721.28,38.89,80.6
2018-12-22 10:00:56,29.37,8.2,664.36,34.15,74.04
2018-12-22 11:00:56,26.26,9.44,423.1,21.85,34.87
2018-12-22 12:00:56,31.73,8.73,288.37,17.33,26.95
2018-12-22 13:00:56,31.57,9.0,301.52,10.5,17.95
2018-12-22 14:00:56,16.66,19.9,307.2,10.13,17.81
2018-12-22 15:00:56,10.67,32.0,353.64,11.4,17.77
2018-12-22 16:00:56,13.29,33.39,364.61,14.11,24.07
2018-12-22 17:00:56,24.77,18.19,397.16,14.81,21.4
2018-12-22 18:00:56,25.59,16.0,860.09,29.22,36.78
2018-12-22 19:00:56,43.27,14.61,1071.58,40.07,57.05
2018-12-22 20:00:56,65.79,11.68,1099.18,34.77,58.37
2018-12-22 21:00:56,64.59,11.54,809.54,23.51,31.45
2018-12-22 22:00:56,60.52,10.27,1283.17,37.25,68.61
2018-12-22 23:00:56,80.87,9.95,894.98,30.15,50.82
2018-12-23 00:00:56,63.81,9.56,1021.72,40.37,80.09
2018-12-23 01:00:56,59.1,2.38,1203.67,29.04,42.72
2018-12-23 02:00:56,47.43,0.0,1366.3,30.97,45.17
2018-12-23 03:00:56,40.98,0.0,1296.26,30.37,56.21
2018-12-23 04:00:56,39.98,0.0,1199.23,29.66,49.84
2018-12-23 05:00:56,40.39,1.89,1003.04,20.8,26.53
2018-12-23 06:00:56,34.48,2.26,876.64,15.95,18.91
2018-12-23 07:00:56,33.5,0.37,831.58,12.09,15.17
2018-12-23 08:00:56,36.77,3.27,723.6,23.94,31.07
2018-12-23 09:00:56,25.4,2.42,929.03,44.9,71.24
2018-12-23 10:00:56,35.48,5.92,888.09,31.81,50.9
2018-12-23 11:00:56,32.13,11.16,406.16,10.79,16.33
2018-12-23 12:00:56,25.99,7.04,354.92,16.81,24.45
2018-12-23 13:00:56,24.56,8.5,336.32,13.12,19.99
2018-12-23 14:00:56,25.06,15.59,481.04,28.41,38.76
2018-12-23 15:00:56,38.11,8.13,401.87,19.41,26.72
2018-12-23 16:00:56,49.29,2.54,510.05,26.57,37.13
2018-12-23 17:00:56,45.38,2.45,647.29,44.66,61.88
2018-12-23 18:00:56,51.25,3.98,986.98,50.68,70.33
2018-12-23 19:00:56,66.08,4.56,1168.81,46.23,75.64
2018-12-23 20:00:56,74.23,3.85,1087.07,46.77,77.5
2018-12-23 21:00:56,64.28,3.61,1115.74,35.57,43.87
2018-12-23 22:00:56,50.29,1.72,811.88,19.81,25.41
2018-12-23 23:00:56,43.08,2.18,922.08,29.25,33.69
2018-12-24 00:00:56,41.93,2.62,703.42,19.83,24.3
2018-12-24 01:00:56,28.38,5.9,672.6,37.34,42.6
2018-12-24 02:00:56,18.16,6.91,631.43,24.06,27.36
2018-12-24 03:00:56,21.87,7.22,490.26,11.86,14.48
2018-12-24 04:00:56,22.49,5.96,466.53,6.23,8.0
2018-12-24 05:00:56,13.02,5.8,432.5,7.17,8.95
2018-12-24 06:00:56,11.8,6.18,419.61,8.55,10.2
2018-12-24 07:00:56,8.11,6.76,433.7,4.84,6.18
2018-12-24 08:00:56,6.09,6.53,583.21,27.08,36.4
2018-12-24 09:00:56,5.64,6.64,1415.66,71.57,127.61
2018-12-24 10:00:56,11.53,6.88,762.89,35.57,48.44
2018-12-24 11:00:56,17.07,9.48,479.78,11.92,19.02
2018-12-24 12:00:56,13.42,10.83,398.27,7.17,12.88
2018-12-24 13:00:56,7.81,9.94,240.32,6.11,13.33
2018-12-24 14:00:56,5.0,7.75,186.59,5.07,9.79
2018-12-24 15:00:56,4.68,4.9,55.78,9.87,13.68
2018-12-24 16:00:56,4.48,3.42,19.41,8.27,11.14
2018-12-24 17:00:56,4.95,3.85,49.08,17.77,21.1
2018-12-24 18:00:56,11.37,7.74,403.97,32.94,39.98
2018-12-24 19:00:56,31.9,7.24,526.72,36.9,42.42
2018-12-24 20:00:56,41.8,8.0,424.75,26.88,34.7
2018-12-24 21:00:56,27.94,9.07,390.84,13.68,17.82
2018-12-24 22:00:56,30.78,8.58,257.87,2.64,4.21
2018-12-24 23:00:56,17.97,8.15,232.73,0.0,0.0
2018-12-25 00:00:56,12.46,7.3,206.43,0.0,0.0
2018-12-25 01:00:56,19.3,4.96,158.13,0.0,0.0
2018-12-25 02:00:56,15.94,4.56,143.95,0.0,0.0
2018-12-25 03:00:56,9.69,3.7,135.1,0.0,0.0
2018-12-25 04:00:56,6.48,3.8,119.36,0.0,0.0
2018-12-25 05:00:56,5.21,7.16,107.38,0.0,0.0
2018-12-25 06:00:56,3.52,4.02,113.34,0.0,0.0
2018-12-25 07:00:56,2.02,3.46,198.28,9.36,11.86
2018-12-25 08:00:56,2.76,3.68,229.1,20.84,24.28
2018-12-25 09:00:56,9.23,3.86,338.67,36.13,45.4
2018-12-25 10:00:56,31.06,24.28,242.35,41.01,53.91
2018-12-25 11:00:56,50.61,3.62,290.44,19.14,28.33
2018-12-25 12:00:56,55.23,2.33,336.71,15.83,24.14
2018-12-25 13:00:56,37.05,1.6,421.45,11.23,17.57
2018-12-25 14:00:56,26.29,1.46,550.91,18.12,25.36
2018-12-25 15:00:56,27.6,1.39,571.35,20.05,28.46
2018-12-25 16:00:56,19.53,1.46,720.0,33.18,44.95
2018-12-25 17:00:56,15.17,2.06,749.68,40.75,56.93
2018-12-25 18:00:56,24.66,3.04,850.43,40.59,56.51
2018-12-25 19:00:56,25.6,3.49,828.95,32.44,42.64
2018-12-25 20:00:56,14.09,3.53,724.77,33.35,44.03
2018-12-25 21:00:56,10.37,2.4,684.22,24.29,29.55
2018-12-25 22:00:56,13.09,1.89,666.82,16.69,19.8
2018-12-25 23:00:56,12.86,1.72,635.99,14.49,17.44
2018-12-26 00:00:56,10.03,2.1,549.74,12.4,15.01
2018-12-26 01:00:56,6.13,4.06,540.34,11.39,13.75
2018-12-26 02:00:56,5.26,4.45,486.42,7.22,9.31
2018-12-26 03:00:56,6.78,4.1,486.83,3.46,5.22
2018-12-26 04:00:56,6.29,3.65,491.77,7.52,9.6
2018-12-26 05:00:56,5.35,3.6,475.53,2.16,3.69
2018-12-26 06:00:56,5.65,3.76,524.29,6.67,9.0
2018-12-26 07:00:56,9.49,4.02,519.27,4.76,7.0
2018-12-26 08:00:56,14.7,4.01,585.28,18.18,25.66
2018-12-26 09:00:56,9.0,4.29,690.21,37.72,54.71
2018-12-26 10:00:56,10.08,5.51,641.57,33.02,43.4
2018-12-26 11:00:56,19.86,8.03,616.39,22.13,30.23
2018-12-26 12:00:56,13.69,7.67,568.25,23.03,33.13
2018-12-26 13:00:56,8.29,9.46,375.73,12.11,17.84
2018-12-26 14:00:56,6.42,10.7,316.09,16.4,24.13
2018-12-26 15:00:56,7.86,8.28,365.27,25.01,35.54
2018-12-26 16:00:56,18.35,6.56,330.42,24.07,34.49
2018-12-26 17:00:56,24.44,6.41,431.39,33.8,43.24
2018-12-26 18:00:56,28.9,8.55,706.2,39.42,45.98
2018-12-26 19:00:56,37.97,5.17,930.66,36.38,42.65
2018-12-26 20:00:56,43.09,5.59,903.83,42.9,67.89
2018-12-26 21:00:56,33.4,7.03,1313.98,63.01,118.63
2018-12-26 22:00:56,35.33,6.81,1485.64,49.62,79.27
2018-12-26 23:00:56,52.12,5.86,1515.65,36.17,44.25
2018-12-27 00:00:56,49.82,5.56,1099.91,31.04,35.55
2018-12-27 01:00:56,33.28,4.75,925.78,17.05,20.47
2018-12-27 02:00:56,25.48,3.38,918.77,43.12,63.49
2018-12-27 03:00:56,21.0,3.48,781.57,26.4,33.73
2018-12-27 04:00:56,23.75,3.79,921.04,27.59,33.17
2018-12-27 05:00:56,22.02,3.83,684.3,13.86,15.67
2018-12-27 06:00:56,24.56,5.64,544.41,5.75,7.41
2018-12-27 07:00:56,14.85,2.41,572.07,9.03,14.59
2018-12-27 08:00:56,15.86,4.84,723.67,32.03,46.35
2018-12-27 09:00:56,14.68,4.23,932.22,48.8,66.49
2018-12-27 10:00:56,26.59,8.49,676.57,19.92,24.22
2018-12-27 11:00:56,16.7,7.09,647.5,14.78,19.42
2018-12-27 12:00:56,18.92,3.56,617.92,8.29,11.41
2018-12-27 13:00:56,21.36,4.15,353.68,7.49,11.08
2018-12-27 14:00:56,13.44,6.6,269.19,10.22,14.65
2018-12-27 15:00:56,14.93,10.62,199.29,7.31,10.1
2018-12-27 16:00:56,20.08,14.94,205.67,19.85,28.25
2018-12-27 17:00:56,18.83,17.37,182.28,25.47,32.07
2018-12-27 18:00:56,30.64,13.86,292.29,40.33,50.99
2018-12-27 19:00:56,35.85,14.31,702.32,46.16,59.87
2018-12-27 20:00:56,39.95,11.09,538.21,52.17,86.69
2018-12-27 21:00:56,50.65,7.28,489.72,32.64,39.74
2018-12-27 22:00:56,41.71,3.03,551.16,37.58,44.69
2018-12-27 23:00:56,37.75,3.34,654.14,40.89,48.3
2018-12-28 00:00:56,34.64,3.01,594.77,18.77,21.89
2018-12-28 01:00:56,32.79,3.85,670.47,21.71,26.05
2018-12-28 02:00:56,24.43,3.44,569.49,8.89,10.38
2018-12-28 03:00:56,22.98,4.42,501.16,5.61,7.34
2018-12-28 04:00:56,14.26,4.32,420.74,2.72,4.12
2018-12-28 05:00:56,9.14,3.45,472.68,10.5,13.21
2018-12-28 06:00:56,4.85,3.5,539.53,9.59,12.21
2018-12-28 07:00:56,5.62,3.28,532.75,10.59,13.1
2018-12-28 08:00:56,11.08,3.53,648.4,38.2,50.32
2018-12-28 09:00:56,9.68,3.53,782.38,48.23,71.5
2018-12-28 10:00:56,18.24,2.98,745.27,19.82,29.57
2018-12-28 11:00:56,18.47,4.33,716.21,29.13,45.97
2018-12-28 12:00:56,20.94,5.66,555.26,14.08,21.03
2018-12-28 13:00:56,12.3,8.88,164.56,12.51,18.39
2018-12-28 14:00:56,11.61,14.58,60.42,9.4,14.42
2018-12-28 15:00:56,9.92,7.63,39.38,14.59,20.25
2018-12-28 16:00:56,16.61,9.98,48.05,30.04,38.75
2018-12-28 17:00:56,21.63,10.46,86.48,31.43,37.55
2018-12-28 18:00:56,31.94,8.21,437.41,63.11,88.14
2018-12-28 19:00:56,51.12,16.67,654.46,54.68,70.47
2018-12-28 20:00:56,61.9,13.83,529.16,39.42,48.08
2018-12-28 21:00:56,52.24,12.94,711.37,38.82,47.49
2018-12-28 22:00:56,51.9,11.4,634.62,43.78,55.69
2018-12-28 23:00:56,53.39,7.79,699.74,41.78,58.9
2018-12-29 00:00:56,46.06,5.62,1115.91,59.64,100.74
2018-12-29 01:00:56,41.69,5.77,841.94,47.91,70.0
2018-12-29 02:00:56,30.88,6.19,436.45,13.17,15.26
2018-12-29 03:00:56,28.57,3.28,310.33,0.0,0.0
2018-12-29 04:00:56,15.79,2.35,297.34,0.0,0.0
2018-12-29 05:00:56,11.25,3.4,298.34,0.0,0.0
2018-12-29 06:00:56,8.51,4.39,242.89,0.0,0.0
2018-12-29 07:00:56,8.39,5.06,319.86,21.51,24.36
2018-12-29 08:00:56,7.16,3.78,614.9,56.11,72.63
2018-12-29 09:00:56,19.33,10.69,823.82,85.67,185.42
2018-12-29 10:00:56,69.18,29.09,811.43,67.34,125.4
2018-12-29 11:00:56,89.18,62.25,392.6,45.06,67.34
2018-12-29 12:00:56,82.91,34.97,177.37,11.23,15.13
2018-12-29 13:00:56,60.79,14.04,377.46,9.67,14.96
2018-12-29 14:00:56,35.89,8.8,320.55,8.73,11.89
2018-12-29 15:00:56,30.6,8.61,376.44,12.98,17.02
2018-12-29 16:00:56,23.99,9.14,381.9,12.25,16.02
2018-12-29 17:00:56,27.08,13.9,507.43,27.07,32.78
2018-12-29 18:00:56,42.86,12.64,721.06,36.83,41.39
2018-12-29 19:00:56,45.94,14.48,1154.96,72.69,120.13
2018-12-29 20:00:56,77.6,13.29,1602.49,69.8,112.68
2018-12-29 21:00:56,100.31,10.72,1900.81,76.94,167.61
2018-12-29 22:00:56,106.07,8.05,2052.08,65.66,109.47
2018-12-29 23:00:56,104.97,7.16,1570.27,55.25,83.39
2018-12-30 00:00:56,90.85,7.52,1059.72,35.63,40.07
2018-12-30 01:00:56,51.97,6.13,1251.69,46.58,62.42
2018-12-30 02:00:56,44.1,4.97,1350.46,48.99,59.44
2018-12-30 03:00:56,38.93,5.77,1103.57,30.74,34.51
2018-12-30 04:00:56,38.89,7.64,970.2,18.45,20.85
2018-12-30 05:00:56,22.32,4.6,829.1,6.97,8.77
2018-12-30 06:00:56,18.11,5.42,722.67,13.42,15.15
2018-12-30 07:00:56,12.32,7.42,683.7,15.26,18.29
2018-12-30 08:00:56,10.51,5.7,829.3,22.0,27.61
2018-12-30 09:00:56,13.64,6.18,827.37,41.96,50.89
2018-12-30 10:00:56,28.27,6.38,800.87,13.18,15.59
2018-12-30 11:00:56,24.23,6.77,870.24,21.73,28.09
2018-12-30 12:00:56,22.67,7.79,841.55,17.05,21.26
2018-12-30 13:00:56,31.61,9.18,308.72,19.6,23.86
2018-12-30 14:00:56,27.07,13.01,171.77,12.17,15.11
2018-12-30 15:00:56,29.6,13.9,211.04,19.36,24.16
2018-12-30 16:00:56,26.36,12.62,125.54,15.96,18.72
2018-12-30 17:00:56,20.76,12.0,357.04,23.68,29.56
2018-12-30 18:00:56,22.39,11.75,603.05,38.97,54.95
2018-12-30 19:00:56,44.73,6.98,1132.39,72.9,131.26
2018-12-30 20:00:56,50.34,4.83,1406.08,66.14,123.47
2018-12-30 21:00:56,46.4,4.51,1227.65,57.97,108.93
2018-12-30 22:00:56,54.65,4.62,1315.39,57.01,104.85
2018-12-30 23:00:56,54.94,7.91,1570.66,65.92,143.81
2018-12-31 00:00:56,59.5,7.86,1877.94,66.78,172.94
2018-12-31 01:00:56,68.98,4.71,1572.55,47.88,79.82
2018-12-31 02:00:56,66.56,3.25,1298.66,27.98,33.57
2018-12-31 03:00:56,57.03,4.14,967.72,35.96,41.43
2018-12-31 04:00:56,43.4,3.8,913.76,27.75,31.22
2018-12-31 05:00:56,38.38,2.66,1102.14,15.94,18.38
2018-12-31 06:00:56,35.89,2.63,862.43,18.75,26.92
2018-12-31 07:00:56,42.57,2.09,964.91,35.31,57.34
2018-12-31 08:00:56,43.73,2.73,1223.51,61.26,154.78
2018-12-31 09:00:56,45.27,5.55,2001.45,136.49,369.03
2018-12-31 10:00:56,77.88,7.16,2150.82,102.18,317.06
2018-12-31 11:00:56,92.2,13.57,1243.51,61.77,110.91
2018-12-31 12:00:56,90.88,10.56,430.79,16.72,24.56
2018-12-31 13:00:56,55.24,11.19,269.56,10.27,15.43
2018-12-31 14:00:56,36.28,5.95,285.33,17.15,24.54
2018-12-31 15:00:56,32.36,20.63,292.6,22.45,30.49
2018-12-31 16:00:56,38.93,8.11,326.04,20.69,30.17
2018-12-31 17:00:56,36.03,6.53,424.18,37.71,49.71
2018-12-31 18:00:56,52.07,6.51,975.47,62.6,86.35
2018-12-31 19:00:56,67.25,7.97,1256.85,71.94,129.23
2018-12-31 20:00:56,75.77,8.17,1143.25,65.84,125.86
2018-12-31 21:00:56,74.86,5.77,1084.38,41.62,59.71
2018-12-31 22:00:56,69.11,6.47,1543.95,60.81,115.53
2018-12-31 23:00:56,78.08,8.98,1835.94,59.52,132.97
2019-01-01 00:00:56,89.67,6.6,1625.89,48.0,71.11
2019-01-01 01:00:56,93.73,4.23,1613.49,43.65,78.66
2019-01-01 02:00:56,75.61,4.43,1397.83,53.0,77.45
2019-01-01 03:00:56,76.06,4.91,1035.13,41.99,47.68
2019-01-01 04:00:56,67.26,2.97,1021.42,31.27,37.48
2019-01-01 05:00:56,60.98,1.96,844.91,23.06,30.07
2019-01-01 06:00:56,54.84,1.36,827.82,27.67,31.91
2019-01-01 07:00:56,45.38,1.38,809.33,40.25,53.48
2019-01-01 08:00:56,33.27,2.19,950.23,60.73,118.37
2019-01-01 09:00:56,43.61,2.73,972.32,68.46,157.48
2019-01-01 10:00:56,54.28,4.47,966.04,71.11,156.77
2019-01-01 11:00:56,65.48,11.64,658.73,37.39,60.33
2019-01-01 12:00:56,57.82,0.0,551.49,9.78,16.34
2019-01-01 13:00:56,39.52,6.76,229.83,9.08,0.0
2019-01-01 14:00:56,27.65,10.12,0.0,7.87,13.82
2019-01-01 15:00:56,30.76,15.72,20.1,14.58,21.47
2019-01-01 16:00:56,32.42,23.87,100.95,14.39,18.95
2019-01-01 17:00:56,32.98,15.14,194.22,31.16,36.32
2019-01-01 18:00:56,49.15,11.43,533.18,50.21,57.07
2019-01-01 19:00:56,66.72,7.61,752.57,47.0,53.39
2019-01-01 20:00:56,59.28,4.76,1080.51,57.16,72.47
2019-01-01 21:00:56,62.6,7.81,1340.9,48.41,64.16
2019-01-01 22:00:56,75.47,4.9,820.46,28.93,38.29
2019-01-01 23:00:56,73.51,4.38,976.44,40.62,53.31
2019-01-02 00:00:56,67.47,4.76,1179.3,44.62,66.99
2019-01-02 01:00:56,63.09,6.07,1497.15,52.16,86.17
2019-01-02 02:00:56,72.88,7.14,1303.43,36.97,58.32
2019-01-02 03:00:56,69.6,7.36,522.13,13.62,16.82
2019-01-02 04:00:56,51.65,6.46,493.47,23.42,29.35
2019-01-02 05:00:56,45.94,8.09,604.25,42.57,58.61
2019-01-02 06:00:56,39.38,6.91,466.94,29.43,39.45
2019-01-02 07:00:56,43.0,6.51,471.25,45.63,60.83
2019-01-02 08:00:56,49.73,7.14,615.63,53.15,77.31
2019-01-02 09:00:56,63.99,6.7,863.36,61.15,116.53
2019-01-02 10:00:56,102.41,18.09,621.08,42.62,64.54
2019-01-02 11:00:56,105.49,55.13,845.88,71.64,124.88
2019-01-02 12:00:56,141.3,56.17,885.43,70.18,123.82
2019-01-02 13:00:56,164.95,66.18,963.97,65.46,97.19
2019-01-02 14:00:56,190.43,90.78,1067.18,68.04,103.55
2019-01-02 15:00:56,175.62,45.77,886.65,53.04,69.54
2019-01-02 16:00:56,145.03,26.16,1341.63,66.28,94.71
2019-01-02 17:00:56,151.48,20.8,1623.92,89.11,174.42
2019-01-02 18:00:56,185.71,17.73,2667.26,100.56,260.9
2019-01-02 19:00:56,229.3,22.17,2582.94,98.2,253.7
2019-01-02 20:00:56,249.15,27.49,2194.91,90.88,213.41
2019-01-02 21:00:56,235.74,28.75,2189.93,84.83,194.24
2019-01-02 22:00:56,220.16,23.28,1612.97,70.79,141.58
2019-01-02 23:00:56,167.22,28.61,1913.58,68.6,126.88
2019-01-03 00:00:56,150.37,29.71,1951.97,56.93,103.05
2019-01-03 01:00:56,134.75,34.24,1714.05,54.26,86.23
2019-01-03 02:00:56,111.04,33.54,1367.66,40.66,52.33
2019-01-03 03:00:56,93.72,38.63,1240.69,57.09,80.4
2019-01-03 04:00:56,84.44,25.04,1163.62,40.45,48.45
2019-01-03 05:00:56,84.67,23.06,922.88,32.84,38.58
2019-01-03 06:00:56,80.46,11.57,411.33,8.99,12.46
2019-01-03 07:00:56,68.42,8.4,435.01,9.78,14.17
2019-01-03 08:00:56,49.49,7.8,451.6,19.86,25.93
2019-01-03 09:00:56,43.23,7.55,596.22,50.16,65.27
2019-01-03 10:00:56,52.05,7.97,627.68,36.7,48.23
2019-01-03 11:00:56,45.22,0.0,983.27,18.53,28.2
2019-01-03 12:00:56,5.18,14.76,238.82,18.76,26.13
2019-01-03 13:00:56,13.14,8.47,340.35,19.95,27.11
2019-01-03 14:00:56,0.0,0.0,0.0,0.0,0.0
2019-01-03 15:00:56,0.0,0.0,0.0,26.38,40.4
2019-01-03 16:00:56,12.01,0.0,0.0,24.13,32.68
2019-01-03 17:00:56,35.06,12.87,629.52,32.87,41.85
2019-01-03 18:00:56,32.46,12.84,593.0,40.78,55.29
2019-01-03 19:00:56,48.03,13.82,781.87,51.39,60.46
2019-01-03 20:00:56,62.1,13.22,551.1,34.35,42.21
2019-01-03 21:00:56,59.02,12.72,523.52,32.26,38.44
2019-01-03 22:00:56,46.57,12.74,715.54,34.21,40.71
2019-01-03 23:00:56,31.03,13.25,920.69,24.79,30.26
2019-01-04 00:00:56,38.64,11.13,911.87,19.92,26.43
2019-01-04 01:00:56,38.2,4.33,948.07,29.09,37.44
2019-01-04 02:00:56,35.11,4.31,783.74,11.36,13.31
2019-01-04 03:00:56,38.77,3.71,760.2,13.0,15.08
2019-01-04 04:00:56,27.96,2.18,766.75,21.38,24.0
2019-01-04 05:00:56,23.38,2.19,745.72,25.39,28.58
2019-01-04 06:00:56,36.84,2.91,770.14,20.54,25.12
2019-01-04 07:00:56,38.85,4.12,912.67,24.67,27.95
2019-01-04 08:00:56,43.08,4.42,1062.26,49.74,78.31
2019-01-04 09:00:56,50.66,5.29,819.89,31.18,44.22
2019-01-04 10:00:56,47.77,5.34,612.24,7.6,10.25
2019-01-04 11:00:56,35.4,7.52,482.99,2.57,4.73
2019-01-04 12:00:56,19.22,7.19,461.04,1.77,3.75
2019-01-04 13:00:56,11.77,4.61,414.15,3.09,5.69
2019-01-04 14:00:56,7.53,3.5,200.27,2.37,5.2
2019-01-04 15:00:56,0.0,0.0,0.0,0.0,0.0
2019-01-04 16:00:56,0.0,0.0,0.0,0.0,0.0
2019-01-04 17:00:56,5.47,0.0,501.27,4.83,7.75
2019-01-04 18:00:56,3.63,24.29,28.09,10.46,13.61
2019-01-04 19:00:56,8.91,24.91,14.16,25.37,33.28
2019-01-04 20:00:56,24.43,21.9,0.0,10.98,15.88
2019-01-04 21:00:56,31.39,21.47,15.45,17.3,21.57
2019-01-04 22:00:56,35.7,20.8,41.65,28.54,34.97
2019-01-04 23:00:56,0.0,20.95,23.42,20.48,24.55
2019-01-05 00:00:56,0.0,16.29,27.16,20.36,24.01
2019-01-05 01:00:56,0.0,1.98,92.04,11.58,14.88
2019-01-05 02:00:56,0.0,1.46,98.47,5.47,7.54
2019-01-05 03:00:56,32.94,0.79,156.95,3.67,5.07
2019-01-05 04:00:56,24.03,0.2,297.41,3.56,5.08
2019-01-05 05:00:56,19.27,0.0,447.9,1.89,3.67
2019-01-05 06:00:56,19.86,0.0,435.53,2.27,3.89
2019-01-05 07:00:56,12.25,0.0,476.31,3.98,5.64
2019-01-05 08:00:56,8.7,0.0,475.62,10.09,12.16
2019-01-05 09:00:56,11.12,0.0,520.29,20.01,24.51
2019-01-05 10:00:56,18.22,0.0,501.61,24.45,32.96
2019-01-05 11:00:56,17.36,0.0,450.68,6.91,10.98
2019-01-05 12:00:56,16.08,0.0,439.6,6.7,12.26
2019-01-05 13:00:56,10.49,0.0,330.81,4.99,9.21
2019-01-05 14:00:56,6.97,0.54,280.42,5.47,9.27
2019-01-05 15:00:56,4.43,4.17,295.09,8.26,11.56
2019-01-05 16:00:56,5.52,8.08,207.94,9.55,12.72
2019-01-05 17:00:56,7.73,9.93,239.63,14.0,18.71
2019-01-05 18:00:56,6.34,8.07,457.44,23.79,29.82
2019-01-05 19:00:56,17.06,5.28,602.03,27.57,33.61
2019-01-05 20:00:56,36.05,2.26,822.2,26.61,31.0
2019-01-05 21:00:56,34.6,0.14,724.93,17.18,21.55
2019-01-05 22:00:56,23.23,0.0,822.48,15.69,21.07
2019-01-05 23:00:56,22.12,0.0,786.23,17.76,22.13
2019-01-06 00:00:56,26.31,0.49,797.96,22.73,26.11
2019-01-06 01:00:56,25.69,3.93,670.44,15.82,18.85
2019-01-06 02:00:56,17.55,3.16,764.07,30.65,34.48
2019-01-06 03:00:56,22.07,5.99,835.81,28.68,31.88
2019-01-06 04:00:56,23.35,9.64,706.75,18.87,21.6
2019-01-06 05:00:56,19.64,8.12,703.23,30.45,35.84
2019-01-06 06:00:56,22.34,7.55,687.1,22.61,25.34
2019-01-06 07:00:56,21.27,7.96,579.63,13.04,15.26
2019-01-06 08:00:56,20.43,6.32,782.17,25.26,32.34
2019-01-06 09:00:56,28.48,9.87,844.34,39.7,50.52
2019-01-06 10:00:56,22.8,7.47,482.8,9.95,13.48
2019-01-06 11:00:56,16.58,3.54,525.61,8.31,11.79
2019-01-06 12:00:56,15.8,3.42,488.18,13.15,18.09
2019-01-06 13:00:56,9.48,2.94,524.33,22.43,31.72
2019-01-06 14:00:56,9.26,3.41,733.46,33.12,42.62
2019-01-06 15:00:56,11.54,2.66,809.57,24.98,31.02
2019-01-06 16:00:56,7.12,2.62,766.41,21.9,29.42
2019-01-06 17:00:56,6.03,4.13,879.98,22.67,28.03
2019-01-06 18:00:56,7.91,4.82,855.68,29.81,35.22
2019-01-06 19:00:56,12.99,7.41,779.32,30.34,36.29
2019-01-06 20:00:56,8.03,6.55,768.41,23.74,29.46
2019-01-06 21:00:56,8.27,6.34,644.29,12.28,17.08
2019-01-06 22:00:56,11.79,5.16,725.46,11.08,14.36
2019-01-06 23:00:56,7.36,6.63,688.96,12.35,15.5
2019-01-07 00:00:56,5.88,6.5,673.38,11.56,13.9
2019-01-07 01:00:56,4.26,8.23,617.28,7.74,9.67
2019-01-07 02:00:56,4.03,5.25,613.66,12.33,14.45
2019-01-07 03:00:56,6.57,2.14,716.82,5.34,7.05
2019-01-07 04:00:56,4.57,1.6,661.98,3.89,5.7
2019-01-07 05:00:56,3.27,2.47,593.57,0.0,0.0
2019-01-07 06:00:56,5.45,3.81,572.6,0.0,0.0
2019-01-07 07:00:56,9.92,3.0,591.17,4.42,6.61
2019-01-07 08:00:56,6.54,5.12,607.03,10.16,13.18
2019-01-07 09:00:56,8.49,2.54,666.39,10.73,14.45
2019-01-07 10:00:56,17.41,3.87,699.76,42.87,62.3
2019-01-07 11:00:56,17.85,3.31,868.29,30.39,43.27
2019-01-07 12:00:56,13.34,2.24,777.09,14.33,21.37
2019-01-07 13:00:56,18.5,3.83,598.88,5.8,9.6
2019-01-07 14:00:56,19.59,10.38,302.69,11.35,18.25
2019-01-07 15:00:56,13.01,10.6,294.07,12.45,20.96
2019-01-07 16:00:56,11.93,8.54,279.74,16.28,24.57
2019-01-07 17:00:56,10.87,6.94,385.0,11.74,14.44
2019-01-07 18:00:56,13.7,8.23,524.02,24.57,27.89
2019-01-07 19:00:56,19.86,7.19,683.57,18.21,20.82
2019-01-07 20:00:56,38.82,9.21,1096.07,53.51,79.43
2019-01-07 21:00:56,38.86,7.28,882.63,29.53,34.77
2019-01-07 22:00:56,42.2,6.38,963.49,56.54,86.21
2019-01-07 23:00:56,46.1,5.09,1145.34,49.51,80.21
2019-01-08 00:00:56,43.99,5.49,1251.88,61.95,123.1
2019-01-08 01:00:56,47.68,7.12,1065.59,51.04,74.61
2019-01-08 02:00:56,51.2,5.9,616.29,21.35,23.98
2019-01-08 03:00:56,32.37,4.38,456.93,12.07,13.81
2019-01-08 04:00:56,22.96,3.62,645.38,18.73,20.78
2019-01-08 05:00:56,27.7,3.99,624.29,37.65,44.9
2019-01-08 06:00:56,22.8,4.52,465.3,20.28,23.86
2019-01-08 07:00:56,15.02,3.93,531.83,9.86,12.57
2019-01-08 08:00:56,12.26,3.81,546.76,25.92,33.69
2019-01-08 09:00:56,11.26,3.43,644.08,47.87,64.53
2019-01-08 10:00:56,18.3,3.38,629.23,43.49,55.77
2019-01-08 11:00:56,21.97,2.84,668.08,50.47,66.69
2019-01-08 12:00:56,20.59,3.46,735.85,43.5,59.0
2019-01-08 13:00:56,24.7,3.92,722.46,42.02,54.71
2019-01-08 14:00:56,21.29,4.35,682.67,36.34,46.84
2019-01-08 15:00:56,23.91,3.74,610.81,39.32,50.2
2019-01-08 16:00:56,17.6,3.22,605.16,41.76,55.11
2019-01-08 17:00:56,19.84,3.81,627.99,42.25,54.17
2019-01-08 18:00:56,25.41,3.77,683.08,41.95,54.22
2019-01-08 19:00:56,23.88,3.83,646.79,38.39,47.55
2019-01-08 20:00:56,15.24,3.61,561.07,29.09,34.49
2019-01-08 21:00:56,11.98,2.97,496.43,17.21,20.8
2019-01-08 22:00:56,6.92,2.82,455.97,14.31,17.87
2019-01-08 23:00:56,4.21,2.84,460.73,13.03,16.81
2019-01-09 00:00:56,3.68,2.72,438.06,9.95,12.71
2019-01-09 01:00:56,4.72,3.21,416.32,7.26,9.7
2019-01-09 02:00:56,8.94,3.4,407.71,4.75,6.67
2019-01-09 03:00:56,13.07,3.5,364.1,2.54,4.52
2019-01-09 04:00:56,11.33,3.78,356.04,2.99,4.81
2019-01-09 05:00:56,14.85,5.04,348.82,4.06,5.83
2019-01-09 06:00:56,9.22,5.1,331.81,6.98,9.04
2019-01-09 07:00:56,8.56,4.2,343.6,11.31,14.18
2019-01-09 08:00:56,11.99,4.7,461.39,15.01,18.4
2019-01-09 09:00:56,9.98,5.12,461.87,18.71,23.34
2019-01-09 10:00:56,9.29,6.35,409.61,8.68,12.53
2019-01-09 11:00:56,12.2,6.42,365.26,6.89,10.37
2019-01-09 12:00:56,15.06,6.13,355.69,4.34,7.51
2019-01-09 13:00:56,22.69,6.62,291.9,5.19,9.05
2019-01-09 14:00:56,12.59,6.84,222.66,9.54,15.61
2019-01-09 15:00:56,7.18,6.72,402.23,9.48,14.35
2019-01-09 16:00:56,4.72,5.12,419.34,12.73,18.75
2019-01-09 17:00:56,4.63,5.34,489.81,11.13,13.81
2019-01-09 18:00:56,14.63,4.31,831.25,26.08,30.05
2019-01-09 19:00:56,33.01,6.06,1159.41,39.68,50.87
2019-01-09 20:00:56,40.41,8.71,1458.83,70.38,102.22
2019-01-09 21:00:56,43.69,9.9,1400.39,60.15,84.95
2019-01-09 22:00:56,49.89,8.33,1027.53,39.94,47.47
2019-01-09 23:00:56,47.55,7.65,1188.59,48.89,57.9
2019-01-10 00:00:56,42.0,7.85,1514.22,64.32,78.69
2019-01-10 01:00:56,38.87,7.27,1164.57,43.56,48.79
2019-01-10 02:00:56,35.21,5.04,1165.68,35.58,38.61
2019-01-10 03:00:56,37.82,3.03,1109.65,50.4,56.27
2019-01-10 04:00:56,41.1,3.22,931.81,31.34,34.04
2019-01-10 05:00:56,36.67,1.91,954.23,31.73,35.94
2019-01-10 06:00:56,20.37,2.73,762.29,19.64,23.49
2019-01-10 07:00:56,14.54,3.99,767.38,35.28,39.25
2019-01-10 08:00:56,18.48,19.14,897.91,56.13,67.17
2019-01-10 09:00:56,27.94,17.16,794.05,34.79,47.93
2019-01-10 10:00:56,55.32,35.56,1144.36,70.08,133.89
2019-01-10 11:00:56,75.03,2.84,813.74,13.66,19.04
2019-01-10 12:00:56,58.38,0.43,744.5,5.04,8.38
2019-01-10 13:00:56,45.54,4.06,657.42,3.95,6.77
2019-01-10 14:00:56,29.04,11.91,474.34,7.2,11.01
2019-01-10 15:00:56,22.34,8.05,186.27,9.78,14.11
2019-01-10 16:00:56,33.4,5.28,235.78,5.61,8.42
2019-01-10 17:00:56,32.73,4.95,307.83,9.59,12.47
2019-01-10 18:00:56,23.11,4.71,330.94,7.0,9.44
2019-01-10 19:00:56,25.73,4.45,370.71,19.57,24.19
2019-01-10 20:00:56,29.85,11.96,385.63,29.49,33.86
2019-01-10 21:00:56,29.79,12.09,384.22,12.55,15.57
2019-01-10 22:00:56,27.88,5.02,322.78,2.84,4.79
2019-01-10 23:00:56,21.58,4.14,374.18,7.28,9.74
2019-01-11 00:00:56,14.49,4.08,371.5,7.07,8.86
2019-01-11 01:00:56,12.76,7.4,376.21,8.84,10.67
2019-01-11 02:00:56,10.68,6.57,365.53,0.0,0.0
2019-01-11 03:00:56,7.94,6.78,433.96,7.01,8.75
2019-01-11 04:00:56,6.41,5.5,427.9,4.83,6.47
2019-01-11 05:00:56,5.54,5.54,395.15,0.0,0.0
2019-01-11 06:00:56,5.18,5.28,385.09,0.0,0.0
2019-01-11 07:00:56,5.81,5.18,386.49,2.25,3.95
2019-01-11 08:00:56,7.26,5.3,496.03,7.12,10.05
2019-01-11 09:00:56,14.23,6.12,606.67,37.29,45.29
2019-01-11 10:00:56,31.59,8.12,607.94,37.9,48.07
2019-01-11 11:00:56,36.2,7.63,586.13,37.25,52.9
2019-01-11 12:00:56,39.29,4.44,430.6,6.24,9.56
2019-01-11 13:00:56,25.62,4.23,342.63,4.43,6.91
2019-01-11 14:00:56,27.59,2.52,259.15,1.46,3.28
2019-01-11 15:00:56,33.03,0.29,147.65,1.69,3.58
2019-01-11 16:00:56,36.12,1.89,60.26,4.16,7.1
2019-01-11 17:00:56,36.9,3.31,197.03,13.63,17.76
2019-01-11 18:00:56,40.13,3.41,307.4,32.53,39.13
2019-01-11 19:00:56,37.67,24.6,638.33,35.86,41.26
2019-01-11 20:00:56,55.68,24.09,1521.61,95.33,139.99
2019-01-11 21:00:56,80.81,20.76,1319.22,61.2,73.97
2019-01-11 22:00:56,71.04,14.83,1271.67,60.43,69.95
2019-01-11 23:00:56,47.83,11.07,1233.66,58.12,68.43
2019-01-12 00:00:56,49.12,9.16,1260.23,43.68,52.2
2019-01-12 01:00:56,57.59,8.2,1026.63,37.77,41.41
2019-01-12 02:00:56,44.55,6.73,899.47,28.74,30.9
2019-01-12 03:00:56,42.48,6.87,874.95,17.46,19.3
2019-01-12 04:00:56,26.9,5.32,993.45,26.74,29.27
2019-01-12 05:00:56,24.06,4.86,865.71,17.8,19.87
2019-01-12 06:00:56,19.86,4.22,788.19,11.71,13.57
2019-01-12 07:00:56,14.76,3.27,896.98,28.25,31.58
2019-01-12 08:00:56,16.31,4.23,1063.78,57.3,76.9
2019-01-12 09:00:56,16.2,4.54,1376.32,52.83,75.73
2019-01-12 10:00:56,21.94,6.83,1149.81,31.15,39.13
2019-01-12 11:00:56,25.63,10.88,1185.94,28.02,35.29
2019-01-12 12:00:56,32.04,9.59,986.69,22.66,31.72
2019-01-12 13:00:56,40.0,6.53,762.31,9.93,14.42
2019-01-12 14:00:56,26.5,7.34,797.54,8.27,12.35
2019-01-12 15:00:56,22.94,7.07,370.42,10.83,15.08
2019-01-12 16:00:56,32.46,5.76,373.92,14.78,20.51
2019-01-12 17:00:56,42.05,4.76,501.21,15.69,20.4
2019-01-12 18:00:56,58.74,4.09,726.51,23.88,31.75
2019-01-12 19:00:56,60.53,4.43,878.97,39.1,49.77
2019-01-12 20:00:56,63.23,4.03,806.84,33.89,38.06
2019-01-12 21:00:56,59.56,5.09,1005.62,49.25,59.13
2019-01-12 22:00:56,58.37,4.89,1271.39,45.69,62.96
2019-01-12 23:00:56,60.47,5.03,1333.59,45.5,62.12
2019-01-13 00:00:56,57.47,4.7,925.79,31.6,37.47
2019-01-13 01:00:56,55.73,12.97,730.02,44.35,50.75
2019-01-13 02:00:56,59.43,7.34,468.37,15.36,17.58
2019-01-13 03:00:56,56.7,5.98,557.28,16.88,19.48
2019-01-13 04:00:56,54.09,3.37,404.07,3.9,5.76
2019-01-13 05:00:56,39.54,2.3,438.19,5.05,7.01
2019-01-13 06:00:56,22.85,2.21,405.51,4.23,6.14
2019-01-13 07:00:56,15.37,2.3,388.36,3.47,5.3
2019-01-13 08:00:56,10.05,2.25,452.5,10.32,12.86
2019-01-13 09:00:56,12.92,1.92,469.64,17.22,20.54
2019-01-13 10:00:56,15.72,2.09,452.3,17.35,21.52
2019-01-13 11:00:56,10.64,2.98,517.1,29.87,37.84
2019-01-13 12:00:56,13.35,3.09,510.01,16.83,22.46
2019-01-13 13:00:56,17.08,2.57,478.52,20.64,27.72
2019-01-13 14:00:56,12.5,2.39,479.89,26.99,34.14
2019-01-13 15:00:56,10.54,2.23,568.66,38.39,45.29
2019-01-13 16:00:56,15.2,1.72,538.6,32.58,42.71
2019-01-13 17:00:56,16.88,2.36,533.67,25.33,31.8
2019-01-13 18:00:56,11.06,2.8,768.23,48.04,56.06
2019-01-13 19:00:56,10.42,3.32,863.76,61.95,78.33
2019-01-13 20:00:56,18.93,4.26,1005.26,33.72,38.91
2019-01-13 21:00:56,40.96,4.19,1237.38,33.69,39.68
2019-01-13 22:00:56,46.01,5.01,1161.49,27.79,32.11
2019-01-13 23:00:56,46.42,2.48,1459.21,30.9,55.91
2019-01-14 00:00:56,37.83,2.36,1323.7,31.21,35.98
2019-01-14 01:00:56,33.23,4.13,1393.28,20.38,23.64
2019-01-14 02:00:56,38.19,3.19,1154.01,12.36,14.62
2019-01-14 03:00:56,30.31,2.39,1122.71,10.14,12.31
2019-01-14 04:00:56,27.7,1.76,1114.85,8.44,10.37
2019-01-14 05:00:56,18.14,1.78,1038.0,10.17,12.36
2019-01-14 06:00:56,22.3,2.13,935.92,10.3,14.43
2019-01-14 07:00:56,29.09,3.37,1019.59,23.13,28.23
2019-01-14 08:00:56,26.58,3.65,1208.96,31.16,50.13
2019-01-14 09:00:56,28.78,3.36,1852.85,58.25,135.75
2019-01-14 10:00:56,42.08,4.38,1381.62,43.61,87.31
2019-01-14 11:00:56,59.32,13.95,1286.49,44.75,93.54
2019-01-14 12:00:56,55.58,16.78,400.43,7.25,10.63
2019-01-14 13:00:56,41.92,11.81,147.89,5.92,9.07
2019-01-14 14:00:56,37.32,9.09,69.0,5.11,7.92
2019-01-14 15:00:56,30.63,11.04,279.93,11.74,14.98
2019-01-14 16:00:56,20.53,11.81,557.29,27.68,37.09
2019-01-14 17:00:56,30.03,11.38,839.31,66.6,104.37
2019-01-14 18:00:56,99.17,13.69,1634.76,90.25,164.93
2019-01-14 19:00:56,143.0,11.94,1159.85,59.65,88.82
2019-01-14 20:00:56,133.05,5.39,601.0,27.92,34.71
2019-01-14 21:00:56,80.01,4.74,718.63,34.49,39.83
2019-01-14 22:00:56,52.43,5.45,1069.24,51.43,65.4
2019-01-14 23:00:56,55.33,5.69,1352.11,49.2,60.57
2019-01-15 00:00:56,50.89,8.49,660.27,10.79,13.5
2019-01-15 01:00:56,39.66,7.31,545.53,9.02,11.47
2019-01-15 02:00:56,27.44,5.7,517.28,5.71,7.67
2019-01-15 03:00:56,20.22,5.59,444.45,10.0,11.83
2019-01-15 04:00:56,19.72,5.65,473.24,4.97,6.77
2019-01-15 05:00:56,12.59,7.82,419.38,2.03,3.8
2019-01-15 06:00:56,12.46,11.97,342.64,1.34,3.06
2019-01-15 07:00:56,17.9,12.61,342.14,2.44,4.09
2019-01-15 08:00:56,20.76,14.29,456.6,22.27,27.76
2019-01-15 09:00:56,25.0,14.24,474.51,35.36,43.65
2019-01-15 10:00:56,33.88,15.52,390.62,10.84,13.94
2019-01-15 11:00:56,30.27,15.62,448.21,15.72,19.31
2019-01-15 12:00:56,29.51,0.0,491.83,20.33,25.18
2019-01-15 13:00:56,31.27,16.0,448.31,0.0,0.0
2019-01-15 14:00:56,32.29,14.41,0.0,9.7,14.22
2019-01-15 15:00:56,39.7,10.76,202.21,16.82,23.66
2019-01-15 16:00:56,24.04,7.47,26.55,8.58,10.93
2019-01-15 17:00:56,19.38,7.21,101.06,10.39,12.6
2019-01-15 18:00:56,17.43,7.25,513.38,49.56,84.24
2019-01-15 19:00:56,22.24,9.04,1151.06,55.73,84.58
2019-01-15 20:00:56,31.72,10.13,471.3,15.56,18.42
2019-01-15 21:00:56,23.96,8.44,423.46,26.79,31.69
2019-01-15 22:00:56,19.94,11.88,476.94,26.36,30.01
2019-01-15 23:00:56,26.26,6.21,224.79,1.42,3.31
2019-01-16 00:00:56,23.36,5.28,213.46,1.36,3.13
2019-01-16 01:00:56,15.16,7.27,243.08,0.0,0.0
2019-01-16 02:00:56,12.9,7.33,282.75,0.0,0.0
2019-01-16 03:00:56,10.72,6.21,291.44,0.0,0.0
2019-01-16 04:00:56,10.62,4.95,360.79,15.03,18.64
2019-01-16 05:00:56,6.82,5.66,379.21,7.33,9.47
2019-01-16 06:00:56,5.86,6.31,387.46,17.05,20.42
2019-01-16 07:00:56,9.33,6.2,388.93,4.03,6.22
2019-01-16 08:00:56,10.74,7.18,409.88,17.62,23.33
2019-01-16 09:00:56,12.6,7.23,513.53,26.03,34.22
2019-01-16 10:00:56,23.67,8.37,487.97,21.37,26.74
2019-01-16 11:00:56,26.37,7.67,513.52,22.71,28.36
2019-01-16 12:00:56,24.63,6.69,496.37,20.45,26.79
2019-01-16 13:00:56,31.6,4.31,447.78,19.41,25.09
2019-01-16 14:00:56,29.57,4.52,609.4,32.39,39.35
2019-01-16 15:00:56,29.19,4.09,477.63,43.0,52.59
2019-01-16 16:00:56,27.69,4.57,607.38,39.04,45.54
2019-01-16 17:00:56,26.97,4.65,597.59,44.24,52.89
2019-01-16 18:00:56,32.23,4.5,860.54,42.02,48.86
2019-01-16 19:00:56,38.17,4.59,590.58,48.54,60.71
2019-01-16 20:00:56,29.61,5.03,572.8,33.21,40.45
2019-01-16 21:00:56,25.07,4.78,686.0,19.68,23.82
2019-01-16 22:00:56,28.91,4.81,460.67,21.46,25.19
2019-01-16 23:00:56,25.56,5.34,472.14,11.07,13.51
2019-01-17 00:00:56,20.73,5.05,556.69,17.02,21.37
2019-01-17 01:00:56,16.95,5.92,426.39,7.31,9.48
2019-01-17 02:00:56,13.14,6.45,282.99,5.26,7.07
2019-01-17 03:00:56,12.03,5.49,200.57,0.0,0.0
2019-01-17 04:00:56,7.86,4.83,194.71,0.0,0.0
2019-01-17 05:00:56,8.38,4.95,186.93,0.0,0.0
2019-01-17 06:00:56,9.13,5.16,199.9,2.49,4.77
2019-01-17 07:00:56,6.15,4.7,159.67,1.52,3.43
2019-01-17 08:00:56,5.47,5.21,237.46,7.33,9.99
2019-01-17 09:00:56,6.07,5.27,224.23,14.08,17.32
2019-01-17 10:00:56,7.45,5.76,218.21,20.9,26.09
2019-01-17 11:00:56,9.41,10.72,235.09,31.35,41.75
2019-01-17 12:00:56,17.86,8.25,471.62,39.85,51.49
2019-01-17 13:00:56,24.6,6.7,216.32,7.48,10.53
2019-01-17 14:00:56,23.06,6.92,243.39,6.58,10.28
2019-01-17 15:00:56,22.52,6.54,288.88,10.91,15.23
2019-01-17 16:00:56,16.36,8.01,380.36,16.66,21.75
2019-01-17 17:00:56,17.97,7.46,486.5,15.88,18.71
2019-01-17 18:00:56,19.88,3.15,822.98,42.34,54.34
2019-01-17 19:00:56,30.36,4.28,1296.86,59.4,74.56
2019-01-17 20:00:56,49.75,4.6,1927.07,79.81,144.69
2019-01-17 21:00:56,75.26,6.81,1682.49,73.33,117.21
2019-01-17 22:00:56,77.37,6.72,1070.83,39.5,52.27
2019-01-17 23:00:56,61.13,5.42,1017.88,33.04,44.87
2019-01-18 00:00:56,47.42,5.45,949.66,59.35,90.55
2019-01-18 01:00:56,40.16,5.03,955.14,55.25,72.45
2019-01-18 02:00:56,29.27,4.79,571.58,36.54,42.2
2019-01-18 03:00:56,27.55,6.07,480.14,20.49,24.69
2019-01-18 04:00:56,15.2,5.63,435.39,14.25,16.71
2019-01-18 05:00:56,10.19,6.05,419.52,8.48,10.44
2019-01-18 06:00:56,7.21,5.23,383.35,6.46,13.16
2019-01-18 07:00:56,4.75,5.26,431.84,11.6,15.31
2019-01-18 08:00:56,7.68,5.59,616.52,38.35,50.89
2019-01-18 09:00:56,24.31,6.57,1013.81,83.61,154.39
2019-01-18 10:00:56,39.65,7.54,560.34,26.54,40.36
2019-01-18 11:00:56,32.54,9.38,494.53,10.75,18.99
2019-01-18 12:00:56,18.89,9.32,508.69,7.97,13.9
2019-01-18 13:00:56,14.68,13.53,141.13,10.12,16.5
2019-01-18 14:00:56,14.25,12.97,119.29,6.72,10.43
2019-01-18 15:00:56,12.17,8.57,193.45,6.69,10.12
2019-01-18 16:00:56,14.56,9.46,255.55,9.12,13.54
2019-01-18 17:00:56,20.64,8.35,329.89,8.76,11.31
2019-01-18 18:00:56,16.46,8.55,460.14,15.12,18.65
2019-01-18 19:00:56,24.12,8.33,381.1,7.9,10.2
2019-01-18 20:00:56,31.45,10.04,419.08,8.39,11.11
2019-01-18 21:00:56,25.61,11.98,707.67,39.52,52.95
2019-01-18 22:00:56,27.5,9.57,1071.12,86.64,124.55
2019-01-18 23:00:56,45.76,8.27,1525.96,91.13,147.56
2019-01-19 00:00:56,59.67,8.7,1742.06,90.41,151.34
2019-01-19 01:00:56,72.34,8.52,1450.03,82.45,113.63
2019-01-19 02:00:56,74.43,7.36,1416.72,70.53,89.35
2019-01-19 03:00:56,63.74,6.47,1078.65,51.19,55.48
2019-01-19 04:00:56,52.94,7.04,854.59,36.7,40.3
2019-01-19 05:00:56,45.45,6.12,601.07,30.56,34.37
2019-01-19 06:00:56,26.14,4.83,523.38,30.13,34.14
2019-01-19 07:00:56,20.18,4.78,642.91,18.01,22.79
2019-01-19 08:00:56,21.64,4.41,597.09,13.8,17.88
2019-01-19 09:00:56,26.94,1.69,827.53,26.44,37.86
2019-01-19 10:00:56,34.81,5.02,929.17,55.8,80.3
2019-01-19 11:00:56,35.09,19.14,811.45,23.47,35.5
2019-01-19 12:00:56,30.1,9.72,560.61,4.17,7.02
2019-01-19 13:00:56,28.22,5.04,353.86,2.91,5.32
2019-01-19 14:00:56,21.51,4.32,366.53,2.46,4.74
2019-01-19 15:00:56,15.79,4.66,188.63,2.55,4.81
2019-01-19 16:00:56,17.03,5.35,230.52,4.21,6.51
2019-01-19 17:00:56,28.73,4.49,334.83,6.48,8.78
2019-01-19 18:00:56,27.15,5.85,376.51,12.64,15.35
2019-01-19 19:00:56,23.3,9.14,493.41,27.64,33.49
2019-01-19 20:00:56,30.74,7.35,675.49,32.17,40.31
2019-01-19 21:00:56,35.39,6.18,483.67,9.75,11.69
2019-01-19 22:00:56,36.53,17.78,546.68,55.55,70.71
2019-01-19 23:00:56,44.47,16.23,804.58,67.09,86.65
2019-01-20 00:00:56,56.44,11.47,768.09,52.86,65.3
2019-01-20 01:00:56,67.89,12.77,858.54,73.04,96.87
2019-01-20 02:00:56,65.78,11.28,931.22,66.17,73.7
2019-01-20 03:00:56,60.56,12.17,962.18,58.24,67.15
2019-01-20 04:00:56,60.62,9.3,1054.14,62.53,82.32
2019-01-20 05:00:56,53.96,9.87,1068.07,58.3,69.79
2019-01-20 06:00:56,55.67,9.3,1223.9,57.1,66.99
2019-01-20 07:00:56,55.16,10.66,1002.56,54.55,64.59
2019-01-20 08:00:56,49.78,8.01,1081.42,63.27,78.56
2019-01-20 09:00:56,51.3,8.04,1131.33,70.79,123.07
2019-01-20 10:00:56,64.81,17.05,988.63,65.79,118.14
2019-01-20 11:00:56,72.96,59.3,957.49,37.18,51.26
2019-01-20 12:00:56,63.22,0.0,580.08,21.68,30.53
2019-01-20 13:00:56,66.38,0.0,475.28,18.25,25.56
2019-01-20 14:00:56,80.46,0.0,387.36,14.63,20.54
2019-01-20 15:00:56,65.48,18.17,274.57,11.56,15.63
2019-01-20 16:00:56,46.31,12.04,218.37,15.86,20.93
2019-01-20 17:00:56,46.31,7.0,236.24,20.75,24.5
2019-01-20 18:00:56,44.43,10.8,660.78,49.48,57.18
2019-01-20 19:00:56,64.43,11.84,1025.78,55.12,65.95
2019-01-20 20:00:56,84.72,10.62,1508.42,77.28,108.55
2019-01-20 21:00:56,93.76,12.14,1555.74,81.96,128.07
2019-01-20 22:00:56,91.05,11.19,886.35,39.05,46.29
2019-01-20 23:00:56,60.19,7.93,605.42,17.96,21.33
2019-01-21 00:00:56,40.8,6.93,580.48,14.58,17.93
2019-01-21 01:00:56,34.2,6.1,561.55,10.1,12.27
2019-01-21 02:00:56,25.58,5.71,520.85,7.07,9.37
2019-01-21 03:00:56,20.78,5.0,507.03,4.47,6.34
2019-01-21 04:00:56,12.27,4.36,502.79,0.0,0.0
2019-01-21 05:00:56,7.98,4.4,499.51,7.69,9.83
2019-01-21 06:00:56,8.69,5.72,462.97,5.31,7.37
2019-01-21 07:00:56,11.27,5.37,498.53,0.0,0.0
2019-01-21 08:00:56,8.41,4.63,522.8,21.04,24.77
2019-01-21 09:00:56,19.65,5.92,654.82,38.51,48.47
2019-01-21 10:00:56,36.43,6.43,521.66,28.24,38.06
2019-01-21 11:00:56,34.25,7.14,491.51,8.11,12.0
2019-01-21 12:00:56,32.66,10.36,455.62,8.24,13.1
2019-01-21 13:00:56,37.96,9.74,356.35,4.44,7.19
2019-01-21 14:00:56,37.22,5.53,216.09,6.13,10.32
2019-01-21 15:00:56,29.18,3.64,270.52,7.15,10.72
2019-01-21 16:00:56,32.82,6.18,299.73,17.59,21.61
2019-01-21 17:00:56,44.06,6.48,481.57,25.71,30.35
2019-01-21 18:00:56,57.44,10.78,892.46,68.41,91.02
2019-01-21 19:00:56,73.54,12.54,990.21,35.04,39.12
2019-01-21 20:00:56,73.01,11.35,1244.43,39.41,47.33
2019-01-21 21:00:56,58.32,11.54,1251.82,58.17,77.09
2019-01-21 22:00:56,59.39,8.51,1062.97,34.73,38.61
2019-01-21 23:00:56,50.05,9.17,1173.88,26.96,30.83
2019-01-22 00:00:56,43.71,6.4,1206.09,33.8,37.85
2019-01-22 01:00:56,39.78,9.58,1149.15,32.65,37.92
2019-01-22 02:00:56,40.95,8.7,1066.02,20.92,23.28
2019-01-22 03:00:56,33.34,7.75,1069.34,16.97,19.27
2019-01-22 04:00:56,31.43,7.47,985.03,15.9,18.03
2019-01-22 05:00:56,26.68,6.82,994.62,12.53,14.69
2019-01-22 06:00:56,22.59,5.17,908.14,11.57,15.86
2019-01-22 07:00:56,21.15,5.26,881.05,15.88,19.05
2019-01-22 08:00:56,25.23,4.4,1130.13,27.39,31.52
2019-01-22 09:00:56,30.17,4.84,1197.22,68.02,102.19
2019-01-22 10:00:56,30.68,4.55,1270.38,63.06,85.4
2019-01-22 11:00:56,0.0,0.0,0.0,0.0,0.0
2019-01-22 12:00:56,0.0,0.0,0.0,0.0,0.0
2019-01-22 13:00:56,0.0,0.0,0.0,0.0,0.0
2019-01-22 14:00:56,0.0,0.0,0.0,0.0,0.0
2019-01-22 15:00:56,0.0,0.0,0.0,0.0,0.0
2019-01-22 16:00:56,0.0,0.0,0.0,0.0,0.0
2019-01-22 17:00:56,0.0,0.0,0.0,0.0,0.0
2019-01-22 18:00:56,0.0,0.0,0.0,0.0,0.0
2019-01-22 19:00:56,0.0,0.0,0.0,0.0,0.0
2019-01-22 20:00:56,0.0,0.0,0.0,0.0,0.0
2019-01-22 21:00:56,0.0,0.0,0.0,0.0,0.0
2019-01-22 22:00:56,0.0,0.0,0.0,0.0,0.0
2019-01-22 23:00:56,0.0,0.0,0.0,0.0,0.0
2019-01-23 00:00:56,0.0,0.0,0.0,0.0,0.0
2019-01-23 01:00:56,0.0,0.0,0.0,0.0,0.0
2019-01-23 02:00:56,0.0,0.0,0.0,0.0,0.0
2019-01-23 03:00:56,0.0,0.0,0.0,0.0,0.0
2019-01-23 04:00:56,0.0,0.0,0.0,0.0,0.0
2019-01-23 05:00:56,0.0,0.0,0.0,0.0,0.0
2019-01-23 06:00:56,0.0,0.0,0.0,0.0,0.0
2019-01-23 07:00:56,0.0,0.0,0.0,0.0,0.0
2019-01-23 08:00:56,0.0,0.0,0.0,0.0,0.0
2019-01-23 09:00:56,0.0,0.0,0.0,0.0,0.0
2019-01-23 10:00:56,57.21,8.73,1365.57,66.51,152.55
2019-01-23 11:00:56,72.42,85.33,1160.34,68.31,141.11
2019-01-23 12:00:56,81.47,57.07,403.81,36.44,54.92
2019-01-23 13:00:56,64.38,37.32,233.78,31.79,47.89
2019-01-23 14:00:56,42.63,30.02,81.67,19.72,28.92
2019-01-23 15:00:56,36.69,7.32,189.39,5.62,8.71
2019-01-23 16:00:56,19.51,9.87,93.44,5.66,8.37
2019-01-23 17:00:56,11.05,10.98,207.6,14.58,18.15
2019-01-23 18:00:56,19.31,15.37,830.97,68.42,93.47
2019-01-23 19:00:56,55.64,16.02,1282.41,73.63,113.35
2019-01-23 20:00:56,83.82,13.43,1012.35,53.5,62.25
2019-01-23 21:00:56,70.65,8.68,789.56,12.75,15.85
2019-01-23 22:00:56,48.18,7.79,730.44,6.74,9.41
2019-01-23 23:00:56,29.51,9.89,721.93,3.14,5.47
2019-01-24 00:00:56,22.01,11.59,693.7,2.27,4.5
2019-01-24 01:00:56,28.49,14.65,677.55,0.0,0.0
2019-01-24 02:00:56,29.34,13.44,668.02,10.48,12.42
2019-01-24 03:00:56,27.07,13.85,663.23,9.31,11.56
2019-01-24 04:00:56,28.33,19.04,699.11,5.48,7.25
2019-01-24 05:00:56,37.05,15.27,666.22,3.3,5.04
2019-01-24 06:00:56,51.51,10.04,692.82,27.44,31.34
2019-01-24 07:00:56,69.13,9.05,680.99,26.57,38.1
2019-01-24 08:00:56,74.4,7.39,707.92,26.94,30.45
2019-01-24 09:00:56,71.63,7.86,760.78,30.53,36.53
2019-01-24 10:00:56,76.94,9.37,770.97,29.8,36.17
2019-01-24 11:00:56,84.99,8.71,777.58,23.18,27.83
2019-01-24 12:00:56,101.32,9.05,794.43,14.73,18.98
2019-01-24 13:00:56,111.83,10.72,606.77,10.64,14.31
2019-01-24 14:00:56,107.24,7.44,548.24,6.62,9.61
2019-01-24 15:00:56,99.25,5.68,178.07,4.12,6.29
2019-01-24 16:00:56,101.53,4.34,98.79,3.61,5.63
2019-01-24 17:00:56,102.47,5.6,126.81,6.77,9.04
2019-01-24 18:00:56,91.48,5.86,129.2,4.64,6.47
2019-01-24 19:00:56,84.12,8.6,178.24,4.72,6.73
2019-01-24 20:00:56,79.59,11.5,288.72,3.13,5.02
2019-01-24 21:00:56,81.13,11.29,313.59,2.62,4.42
2019-01-24 22:00:56,82.82,11.76,322.04,2.0,3.9
2019-01-24 23:00:56,96.43,11.14,344.08,2.1,4.03
2019-01-25 00:00:56,102.51,10.91,355.69,1.78,3.48
2019-01-25 01:00:56,94.44,13.45,381.73,3.37,5.19
2019-01-25 02:00:56,91.94,13.54,433.61,5.75,7.61
2019-01-25 03:00:56,95.62,12.29,439.52,8.57,10.44
2019-01-25 04:00:56,90.95,14.16,448.98,2.93,4.68
2019-01-25 05:00:56,80.2,14.12,449.93,13.76,15.68
2019-01-25 06:00:56,73.39,13.78,457.14,4.83,7.33
2019-01-25 07:00:56,65.55,12.99,501.53,11.37,13.3
2019-01-25 08:00:56,70.15,11.02,780.55,58.49,72.97
2019-01-25 09:00:56,93.95,11.14,1138.1,77.58,112.02
2019-01-25 10:00:56,102.43,12.44,1133.02,72.85,139.59
2019-01-25 11:00:56,111.23,17.18,902.28,66.65,125.51
2019-01-25 12:00:56,127.31,12.4,570.87,34.83,45.18
2019-01-25 13:00:56,112.55,26.04,293.65,23.74,31.76
2019-01-25 14:00:56,99.01,50.74,505.58,21.91,30.58
2019-01-25 15:00:56,77.93,16.22,288.08,10.19,13.6
2019-01-25 16:00:56,67.74,41.91,443.64,38.63,45.28
2019-01-25 17:00:56,82.11,20.07,341.9,36.66,43.51
2019-01-25 18:00:56,79.41,17.37,152.82,83.73,111.1
2019-01-25 19:00:56,86.87,10.81,7.35,32.83,51.16
2019-01-25 20:00:56,76.0,11.09,36.27,37.43,41.23
2019-01-25 21:00:56,59.06,12.29,379.34,71.7,95.59
2019-01-25 22:00:56,58.43,10.37,162.75,41.33,50.02
2019-01-25 23:00:56,55.3,9.39,35.57,22.99,26.79
2019-01-26 00:00:56,41.99,8.39,0.0,13.69,16.38
2019-01-26 01:00:56,32.86,7.48,0.91,21.6,24.14
2019-01-26 02:00:56,26.75,7.81,55.3,14.24,16.46
2019-01-26 03:00:56,25.69,9.46,0.0,3.07,5.05
2019-01-26 04:00:56,20.3,13.37,0.0,2.18,4.05
2019-01-26 05:00:56,12.17,16.61,0.0,0.0,0.0
2019-01-26 06:00:56,10.76,17.14,0.0,0.0,0.0
2019-01-26 07:00:56,17.44,12.3,0.0,0.0,0.0
2019-01-26 08:00:56,22.9,12.38,0.0,3.43,5.35
2019-01-26 09:00:56,26.11,13.67,0.0,6.11,8.06
2019-01-26 10:00:56,33.29,12.14,0.0,8.14,10.31
2019-01-26 11:00:56,39.62,13.33,0.0,53.41,74.56
2019-01-26 12:00:56,58.3,35.49,26.71,48.33,68.38
2019-01-26 13:00:56,89.23,39.68,0.0,47.75,66.25
2019-01-26 14:00:56,101.58,15.8,0.0,14.4,20.72
2019-01-26 15:00:56,79.86,6.84,110.13,2.8,5.08
2019-01-26 16:00:56,61.82,9.5,814.01,4.58,6.95
2019-01-26 17:00:56,48.85,7.04,1288.46,11.13,15.42
2019-01-26 18:00:56,41.66,9.24,1348.37,20.34,23.17
2019-01-26 19:00:56,55.1,14.11,1450.61,37.62,45.75
2019-01-26 20:00:56,73.81,11.6,1733.12,62.09,94.29
2019-01-26 21:00:56,103.45,17.26,2163.49,80.94,132.65
2019-01-26 22:00:56,129.05,17.75,1995.58,67.64,80.75
2019-01-26 23:00:56,112.61,12.7,1592.73,35.08,45.03
2019-01-27 00:00:56,101.0,10.49,2044.91,53.46,66.13
2019-01-27 01:00:56,101.93,8.39,1896.3,42.0,48.55
2019-01-27 02:00:56,89.76,7.3,1154.86,18.52,21.28
2019-01-27 03:00:56,77.13,6.29,951.16,22.19,24.53
2019-01-27 04:00:56,71.65,8.08,797.81,20.04,22.62
2019-01-27 05:00:56,68.27,46.79,846.41,30.59,34.19
2019-01-27 06:00:56,80.38,34.6,718.03,16.51,19.32
2019-01-27 07:00:56,72.7,12.64,572.77,2.5,4.39
2019-01-27 08:00:56,66.15,8.11,503.51,0.0,0.0
2019-01-27 09:00:56,49.04,5.44,503.17,1.83,3.73
2019-01-27 10:00:56,34.4,5.25,573.73,4.09,6.86
2019-01-27 11:00:56,19.28,7.78,808.4,17.56,21.66
2019-01-27 12:00:56,16.43,10.12,680.67,20.59,30.62
2019-01-27 13:00:56,28.05,3.65,471.46,2.4,5.01
2019-01-27 14:00:56,48.89,0.38,266.02,1.52,3.59
2019-01-27 15:00:56,67.28,5.42,401.81,1.73,4.32
2019-01-27 16:00:56,77.4,5.89,728.67,12.74,17.7
2019-01-27 17:00:56,96.28,4.38,737.02,23.35,30.06
2019-01-27 18:00:56,92.92,3.58,552.21,15.33,20.34
2019-01-27 19:00:56,74.07,4.2,764.2,18.02,25.37
2019-01-27 20:00:56,64.01,6.4,1028.24,17.84,25.12
2019-01-27 21:00:56,62.01,4.78,501.65,12.4,17.84
2019-01-27 22:00:56,59.56,4.31,316.48,8.49,11.19
2019-01-27 23:00:56,56.42,3.45,368.55,10.06,13.64
2019-01-28 00:00:56,60.43,3.21,288.01,8.32,12.27
2019-01-28 01:00:56,65.87,5.01,242.06,3.58,5.67
2019-01-28 02:00:56,66.41,4.71,312.23,3.01,5.14
2019-01-28 03:00:56,65.59,4.6,252.56,2.04,3.77
2019-01-28 04:00:56,66.87,4.42,243.43,1.34,3.26
2019-01-28 05:00:56,61.32,4.46,247.52,1.06,2.79
2019-01-28 06:00:56,43.58,5.35,241.75,0.0,0.0
2019-01-28 07:00:56,38.37,4.96,237.63,4.79,7.44
2019-01-28 08:00:56,36.64,5.52,366.78,13.45,18.0
2019-01-28 09:00:56,40.46,5.18,470.56,26.49,41.23
2019-01-28 10:00:56,47.63,7.25,434.25,31.97,63.03
2019-01-28 11:00:56,50.98,8.77,229.49,12.53,20.07
2019-01-28 12:00:56,46.2,8.03,203.76,10.65,18.34
2019-01-28 13:00:56,37.12,8.57,104.46,5.97,11.06
2019-01-28 14:00:56,33.45,5.95,28.91,6.11,11.98
2019-01-28 15:00:56,40.82,13.55,356.18,12.13,19.28
2019-01-28 16:00:56,48.67,13.09,268.44,11.2,17.27
2019-01-28 17:00:56,54.74,6.7,468.93,19.11,26.39
2019-01-28 18:00:56,64.18,6.85,754.76,15.09,21.9
2019-01-28 19:00:56,76.61,5.47,980.02,12.22,17.61
2019-01-28 20:00:56,85.14,5.57,1013.22,11.77,16.16
2019-01-28 21:00:56,84.55,5.53,1080.89,11.92,16.15
2019-01-28 22:00:56,83.9,4.94,960.76,9.15,13.11
2019-01-28 23:00:56,76.23,5.01,981.74,10.79,14.1
2019-01-29 00:00:56,66.91,4.86,973.25,7.75,10.0
2019-01-29 01:00:56,65.7,2.75,935.14,5.34,7.39
2019-01-29 02:00:56,64.32,2.57,939.13,3.47,5.8
2019-01-29 03:00:56,62.04,1.9,918.33,2.93,5.1
2019-01-29 04:00:56,56.21,1.83,852.69,1.5,3.5
2019-01-29 05:00:56,52.43,2.33,878.34,2.3,4.14
2019-01-29 06:00:56,41.5,1.21,894.35,4.52,6.77
2019-01-29 07:00:56,28.38,1.2,1027.16,7.44,12.93
2019-01-29 08:00:56,24.67,1.38,1088.63,16.17,24.41
2019-01-29 09:00:56,28.21,3.71,973.29,25.47,32.63
2019-01-29 10:00:56,38.71,5.37,1066.62,24.45,31.89
2019-01-29 11:00:56,34.9,8.73,785.03,3.85,6.53
2019-01-29 12:00:56,23.48,3.74,632.93,7.57,12.34
2019-01-29 13:00:56,23.04,0.59,438.39,0.0,0.0
2019-01-29 14:00:56,19.97,3.32,0.0,3.58,6.25
2019-01-29 15:00:56,19.12,94.24,504.23,8.98,12.83
2019-01-29 16:00:56,31.97,25.66,779.91,7.87,11.6
2019-01-29 17:00:56,35.97,6.0,779.12,9.84,12.57
2019-01-29 18:00:56,39.55,7.17,851.0,30.76,35.92
2019-01-29 19:00:56,53.78,7.48,776.04,32.41,35.9
2019-01-29 20:00:56,59.8,7.16,494.19,7.82,10.21
2019-01-29 21:00:56,38.86,6.13,548.1,5.72,7.96
2019-01-29 22:00:56,38.53,4.75,592.56,7.7,9.96
2019-01-29 23:00:56,46.99,5.34,831.59,20.23,23.05
2019-01-30 00:00:56,46.82,4.96,846.74,13.71,16.29
2019-01-30 01:00:56,45.6,6.66,779.63,2.89,5.07
2019-01-30 02:00:56,50.05,7.53,804.07,0.0,0.0
2019-01-30 03:00:56,48.57,8.26,767.41,0.0,0.0
2019-01-30 04:00:56,40.24,10.6,716.08,0.0,0.0
2019-01-30 05:00:56,38.58,11.13,739.8,0.0,0.0
2019-01-30 06:00:56,47.11,15.67,183.16,0.0,0.0
2019-01-30 07:00:56,43.45,19.05,12.56,0.0,0.0
2019-01-30 08:00:56,42.39,20.74,10.63,4.83,6.97
2019-01-30 09:00:56,40.35,19.27,10.01,6.82,9.27
2019-01-30 10:00:56,46.15,15.82,9.47,10.39,14.72
2019-01-30 11:00:56,36.97,18.35,36.73,12.92,15.54
2019-01-30 12:00:56,36.03,18.28,130.91,20.36,24.46
2019-01-30 13:00:56,56.29,16.72,266.51,38.24,48.47
2019-01-30 14:00:56,72.59,16.01,228.75,35.07,48.48
2019-01-30 15:00:56,81.97,11.32,214.73,15.77,20.56
2019-01-30 16:00:56,71.03,10.58,343.47,40.58,51.07
2019-01-30 17:00:56,71.74,11.71,673.04,60.7,71.63
2019-01-30 18:00:56,100.51,11.22,1091.45,76.22,104.18
2019-01-30 19:00:56,149.68,14.91,1879.48,83.39,134.11
2019-01-30 20:00:56,195.94,13.16,1990.2,80.31,135.85
2019-01-30 21:00:56,200.79,15.48,1844.91,76.57,117.09
2019-01-30 22:00:56,181.68,14.17,1402.26,72.88,99.67
2019-01-30 23:00:56,156.69,14.26,1758.7,82.33,165.36
2019-01-31 00:00:56,151.39,15.93,1140.23,73.85,119.07
2019-01-31 01:00:56,134.89,13.46,972.79,65.77,84.47
2019-01-31 02:00:56,112.14,11.82,796.16,63.33,93.95
2019-01-31 03:00:56,90.23,101.35,664.73,52.26,59.92
2019-01-31 04:00:56,69.76,39.11,565.47,25.49,28.72
2019-01-31 05:00:56,51.36,17.86,421.29,10.23,12.5
2019-01-31 06:00:56,35.29,13.54,432.49,13.08,15.32
2019-01-31 07:00:56,31.54,12.46,348.74,3.6,5.75
2019-01-31 08:00:56,22.62,10.27,435.47,12.77,15.22
2019-01-31 09:00:56,26.96,9.88,567.9,43.99,51.56
2019-01-31 10:00:56,53.39,7.7,524.38,32.02,41.0
2019-01-31 11:00:56,54.67,4.95,272.07,3.26,5.73
2019-01-31 12:00:56,36.87,3.76,192.92,3.19,5.86
2019-01-31 13:00:56,30.45,4.88,19.07,2.49,4.7
2019-01-31 14:00:56,29.59,6.34,793.83,2.9,5.42
2019-01-31 15:00:56,33.16,5.96,223.84,4.59,7.36
2019-01-31 16:00:56,33.99,5.97,252.64,9.0,11.65
2019-01-31 17:00:56,39.8,7.44,304.07,22.94,27.11
2019-01-31 18:00:56,43.46,5.62,182.3,15.31,17.69
2019-01-31 19:00:56,47.1,10.25,654.27,65.12,88.44
2019-01-31 20:00:56,66.98,11.37,675.97,59.15,69.09
2019-01-31 21:00:56,76.78,10.59,621.01,54.26,81.56
2019-01-31 22:00:56,80.6,10.1,467.34,32.6,36.22
2019-01-31 23:00:56,71.51,10.16,345.59,23.75,26.67
2019-02-01 00:00:56,56.96,7.91,270.26,4.69,6.95
2019-02-01 01:00:56,38.75,6.67,183.79,0.0,0.0
2019-02-01 02:00:56,23.45,5.92,140.14,2.1,4.11
2019-02-01 03:00:56,16.37,5.06,89.82,0.0,0.0
2019-02-01 04:00:56,9.63,4.7,77.25,0.0,0.0
2019-02-01 05:00:56,6.37,5.47,206.13,9.58,11.5
2019-02-01 06:00:56,6.92,5.14,90.74,0.0,0.0
2019-02-01 07:00:56,9.87,4.63,97.99,0.0,0.0
2019-02-01 08:00:56,9.42,4.67,201.56,4.94,7.15
2019-02-01 09:00:56,23.1,4.88,188.37,0.0,0.0
2019-02-01 10:00:56,63.45,9.23,312.87,13.8,19.03
2019-02-01 11:00:56,84.12,24.44,453.74,15.41,23.1
2019-02-01 12:00:56,66.67,14.32,462.25,9.5,14.5
2019-02-01 13:00:56,57.14,10.62,345.82,7.01,12.25
2019-02-01 14:00:56,50.95,7.81,244.93,14.86,24.66
2019-02-01 15:00:56,63.92,8.13,252.08,14.31,19.34
2019-02-01 16:00:56,74.67,8.51,251.19,12.6,20.56
2019-02-01 17:00:56,71.31,5.3,267.32,10.08,14.89
2019-02-01 18:00:56,57.55,5.19,341.93,19.68,27.53
2019-02-01 19:00:56,51.71,6.41,551.14,43.32,52.55
2019-02-01 20:00:56,68.35,10.44,619.19,34.1,41.1
2019-02-01 21:00:56,56.56,7.92,527.63,45.21,53.02
2019-02-01 22:00:56,48.49,6.23,98.52,28.85,33.61
2019-02-01 23:00:56,40.78,4.63,214.03,27.2,31.21
2019-02-02 00:00:56,25.7,4.64,165.55,23.12,26.72
2019-02-02 01:00:56,14.92,5.81,8.88,3.82,6.0
2019-02-02 02:00:56,11.04,4.59,1.57,13.38,15.62
2019-02-02 03:00:56,11.2,4.45,0.0,2.78,4.6
2019-02-02 04:00:56,9.47,3.86,0.0,4.86,6.95
2019-02-02 05:00:56,9.67,3.63,0.0,3.06,5.12
2019-02-02 06:00:56,10.73,3.27,0.0,6.04,8.46
2019-02-02 07:00:56,9.06,3.41,0.0,29.42,33.66
2019-02-02 08:00:56,9.42,3.71,0.0,10.94,13.58
2019-02-02 09:00:56,4.96,3.71,0.0,3.8,5.86
2019-02-02 10:00:56,6.26,4.38,0.0,2.55,4.73
2019-02-02 11:00:56,9.44,4.46,0.0,4.3,6.79
2019-02-02 12:00:56,6.62,4.24,0.0,6.26,8.8
2019-02-02 13:00:56,5.39,5.3,0.0,9.5,13.53
2019-02-02 14:00:56,5.75,4.43,0.0,9.74,15.19
2019-02-02 15:00:56,4.42,10.13,223.51,7.39,11.7
2019-02-02 16:00:56,2.58,8.71,74.58,9.96,15.27
2019-02-02 17:00:56,8.19,0.95,51.59,11.2,15.34
2019-02-02 18:00:56,20.84,5.89,378.95,60.41,92.02
2019-02-02 19:00:56,36.99,4.17,594.25,53.14,78.3
2019-02-02 20:00:56,61.46,5.33,1061.45,84.93,187.57
2019-02-02 21:00:56,77.03,6.72,1625.78,81.8,177.59
2019-02-02 22:00:56,87.41,5.56,1772.24,74.14,160.45
2019-02-02 23:00:56,98.88,5.65,2092.3,76.48,195.61
2019-02-03 00:00:56,109.06,6.25,2444.54,69.47,178.97
2019-02-03 01:00:56,106.33,2.7,2112.69,57.21,120.21
2019-02-03 02:00:56,92.89,0.54,1650.85,44.37,63.05
2019-02-03 03:00:56,77.4,1.21,1559.98,36.39,45.47
2019-02-03 04:00:56,64.31,2.23,1057.05,23.26,33.49
2019-02-03 05:00:56,52.91,2.82,1019.93,45.76,67.39
2019-02-03 06:00:56,65.05,14.29,878.66,35.91,51.02
2019-02-03 07:00:56,70.09,10.66,510.59,4.32,6.74
2019-02-03 08:00:56,38.84,9.15,651.84,33.47,38.28
2019-02-03 09:00:56,35.51,8.48,977.49,48.87,60.51
2019-02-03 10:00:56,42.22,14.66,870.57,34.98,50.75
2019-02-03 11:00:56,39.8,32.31,721.05,35.59,50.53
2019-02-03 12:00:56,39.85,25.58,474.78,27.59,38.07
2019-02-03 13:00:56,41.18,108.51,251.96,22.14,31.1
2019-02-03 14:00:56,38.68,11.98,65.55,6.17,10.41
2019-02-03 15:00:56,28.37,5.89,382.11,5.89,10.42
2019-02-03 16:00:56,23.69,4.48,457.0,5.17,8.91
2019-02-03 17:00:56,15.17,4.98,491.15,6.72,9.29
2019-02-03 18:00:56,13.65,5.26,508.55,10.95,14.06
2019-02-03 19:00:56,25.45,5.4,591.28,16.91,20.19
2019-02-03 20:00:56,45.61,8.33,748.52,24.4,28.1
2019-02-03 21:00:56,49.79,7.41,825.94,23.15,27.33
2019-02-03 22:00:56,44.96,2.99,1212.62,38.34,52.79
2019-02-03 23:00:56,64.88,0.92,1321.02,54.94,81.5
2019-02-04 00:00:56,79.4,1.46,1601.9,57.78,92.61
2019-02-04 01:00:56,79.53,3.98,1793.77,52.5,79.22
2019-02-04 02:00:56,85.98,2.71,1596.21,44.23,61.35
2019-02-04 03:00:56,80.43,2.88,1213.01,28.98,33.77
2019-02-04 04:00:56,76.47,3.38,1091.55,28.78,32.84
2019-02-04 05:00:56,76.72,5.27,951.01,29.64,34.02
2019-02-04 06:00:56,58.42,6.59,675.44,28.36,35.43
2019-02-04 07:00:56,43.43,7.83,408.46,28.32,45.05
2019-02-04 08:00:56,48.72,7.72,840.42,58.2,134.69
2019-02-04 09:00:56,76.06,9.75,1385.42,71.72,196.67
2019-02-04 10:00:56,125.41,53.23,826.71,59.46,115.59
2019-02-04 11:00:56,136.74,217.8,128.95,46.88,69.85
2019-02-04 12:00:56,107.83,46.53,10.82,29.44,41.35
2019-02-04 13:00:56,84.14,284.21,0.55,28.11,40.69
2019-02-04 14:00:56,95.62,78.05,198.21,32.14,43.75
2019-02-04 15:00:56,119.97,63.67,577.81,45.6,59.06
2019-02-04 16:00:56,142.22,31.81,541.0,36.58,47.78
2019-02-04 17:00:56,133.74,8.89,358.56,16.92,22.0
2019-02-04 18:00:56,92.63,11.86,531.67,28.95,35.89
2019-02-04 19:00:56,79.33,10.95,569.41,42.22,55.36
2019-02-04 20:00:56,87.1,10.64,838.87,92.65,189.46
2019-02-04 21:00:56,99.73,10.94,1710.14,75.74,157.08
2019-02-04 22:00:56,115.87,11.19,1995.15,62.27,120.27
2019-02-04 23:00:56,126.36,10.42,1643.98,66.68,165.67
2019-02-05 00:00:56,131.9,8.03,1221.94,41.82,64.25
2019-02-05 01:00:56,109.16,3.44,1162.18,46.39,87.41
2019-02-05 02:00:56,95.07,0.34,1103.02,40.86,71.49
2019-02-05 03:00:56,87.0,0.0,1015.35,30.74,40.68
2019-02-05 04:00:56,77.22,0.01,783.71,19.14,23.39
2019-02-05 05:00:56,66.63,0.0,507.36,23.49,28.01
2019-02-05 06:00:56,56.89,0.0,489.01,41.61,67.93
2019-02-05 07:00:56,53.52,0.0,254.15,32.03,44.56
2019-02-05 08:00:56,51.32,0.57,471.91,47.04,85.68
2019-02-05 09:00:56,70.5,3.26,1075.15,81.98,240.83
2019-02-05 10:00:56,122.02,26.25,1017.27,90.69,249.65
2019-02-05 11:00:56,169.23,129.24,276.53,73.26,143.19
2019-02-05 12:00:56,173.56,196.7,1.65,35.66,52.87
2019-02-05 13:00:56,142.45,72.47,0.0,17.51,23.8
2019-02-05 14:00:56,109.81,32.4,0.0,13.1,18.44
2019-02-05 15:00:56,79.28,23.77,303.07,25.97,35.88
2019-02-05 16:00:56,67.13,60.5,462.85,39.72,55.28
2019-02-05 17:00:56,90.87,17.68,655.16,53.91,69.88
2019-02-05 18:00:56,142.34,6.0,685.19,79.74,104.91
2019-02-05 19:00:56,175.25,2.46,732.74,92.16,188.69
2019-02-05 20:00:56,200.63,3.98,1608.4,97.72,229.21
2019-02-05 21:00:56,229.77,3.73,1948.2,95.52,247.77
2019-02-05 22:00:56,228.39,4.75,2071.81,78.84,215.93
2019-02-05 23:00:56,223.51,5.24,1787.96,56.46,109.0
2019-02-06 00:00:56,197.34,1.16,1988.24,44.4,89.85
2019-02-06 01:00:56,166.19,5.0,1314.23,38.75,58.79
2019-02-06 02:00:56,123.19,6.43,1142.78,52.79,77.04
2019-02-06 03:00:56,93.6,3.79,729.6,25.12,31.0
2019-02-06 04:00:56,72.59,4.16,468.04,31.4,40.98
2019-02-06 05:00:56,50.41,5.42,96.78,20.59,30.12
2019-02-06 06:00:56,34.85,6.43,33.43,39.54,53.84
2019-02-06 07:00:56,30.66,10.88,28.58,39.5,45.66
2019-02-06 08:00:56,33.14,10.12,141.09,45.2,86.34
2019-02-06 09:00:56,69.33,12.26,1008.3,92.82,270.01
2019-02-06 10:00:56,155.42,15.16,848.18,99.24,384.98
2019-02-06 11:00:56,210.5,33.47,1134.84,95.38,293.24
2019-02-06 12:00:56,254.13,72.32,754.58,94.41,194.19
2019-02-06 13:00:56,246.79,89.79,237.78,77.64,132.64
2019-02-06 14:00:56,215.06,157.93,208.97,67.26,102.53
2019-02-06 15:00:56,176.89,20.27,249.23,6.57,10.72
2019-02-06 16:00:56,109.04,14.69,373.49,9.08,13.49
2019-02-06 17:00:56,62.75,10.93,519.43,20.98,26.01
2019-02-06 18:00:56,42.03,11.33,587.62,38.65,49.6
2019-02-06 19:00:56,35.61,8.25,364.39,14.13,17.91
2019-02-06 20:00:56,28.88,19.4,501.04,32.73,38.49
2019-02-06 21:00:56,31.96,24.83,531.07,47.6,57.15
2019-02-06 22:00:56,50.16,10.05,543.6,29.19,33.84
2019-02-06 23:00:56,50.72,3.89,706.96,28.69,33.46
2019-02-07 00:00:56,41.57,3.5,993.4,32.04,38.25
2019-02-07 01:00:56,44.01,5.31,867.12,22.41,25.73
2019-02-07 02:00:56,44.06,5.79,698.12,12.91,15.56
2019-02-07 03:00:56,40.56,4.87,652.61,7.96,10.72
2019-02-07 04:00:56,33.64,3.85,579.34,13.75,16.47
2019-02-07 05:00:56,45.22,4.44,548.77,11.21,13.77
2019-02-07 06:00:56,39.24,3.46,533.89,11.63,15.38
2019-02-07 07:00:56,23.36,4.04,553.9,13.1,15.96
2019-02-07 08:00:56,22.25,5.02,610.04,27.32,34.56
2019-02-07 09:00:56,23.99,3.81,712.94,34.5,47.14
2019-02-07 10:00:56,22.97,3.25,625.48,27.59,37.41
2019-02-07 11:00:56,23.33,3.57,748.5,21.63,29.0
2019-02-07 12:00:56,24.72,4.01,852.64,22.99,31.67
2019-02-07 13:00:56,27.17,4.01,768.38,16.97,23.63
2019-02-07 14:00:56,19.62,3.94,690.87,22.75,33.03
2019-02-07 15:00:56,13.56,4.07,397.24,23.73,33.25
2019-02-07 16:00:56,11.11,4.1,453.84,24.4,37.24
2019-02-07 17:00:56,7.79,4.43,402.76,24.84,35.3
2019-02-07 18:00:56,7.11,4.38,486.09,28.61,41.12
2019-02-07 19:00:56,8.31,3.79,461.2,24.39,36.03
2019-02-07 20:00:56,11.18,3.07,445.46,16.44,23.2
2019-02-07 21:00:56,16.8,3.44,409.42,15.35,20.66
2019-02-07 22:00:56,16.13,3.48,400.7,17.04,23.22
2019-02-07 23:00:56,13.85,3.54,558.58,29.01,34.76
2019-02-08 00:00:56,13.3,3.74,519.4,21.6,27.43
2019-02-08 01:00:56,18.67,4.11,436.14,8.62,11.55
2019-02-08 02:00:56,17.64,4.02,418.68,5.75,8.18
2019-02-08 03:00:56,11.34,4.42,380.64,4.95,7.09
2019-02-08 04:00:56,10.31,3.47,442.88,3.7,5.54
2019-02-08 05:00:56,16.48,3.15,371.13,2.41,4.42
2019-02-08 06:00:56,17.24,3.02,365.74,14.02,17.33
2019-02-08 07:00:56,12.5,2.95,384.76,16.33,19.53
2019-02-08 08:00:56,16.03,3.24,551.16,29.53,39.78
2019-02-08 09:00:56,28.74,3.48,701.31,34.52,58.12
2019-02-08 10:00:56,31.04,4.9,559.2,17.84,28.17
2019-02-08 11:00:56,23.18,6.53,494.45,14.65,22.43
2019-02-08 12:00:56,17.17,7.33,539.12,6.68,12.42
2019-02-08 13:00:56,17.81,7.25,953.7,16.62,26.4
2019-02-08 14:00:56,18.07,7.45,1366.43,20.51,31.8
2019-02-08 15:00:56,25.96,6.18,222.45,19.19,30.78
2019-02-08 16:00:56,32.58,10.4,4.82,23.73,35.74
2019-02-08 17:00:56,33.76,5.19,5.38,24.47,41.0
2019-02-08 18:00:56,32.07,3.69,20.9,21.69,33.1
2019-02-08 19:00:56,21.99,4.64,1.26,27.19,37.35
2019-02-08 20:00:56,22.23,4.37,41.41,27.31,37.54
2019-02-08 21:00:56,19.49,3.73,12.49,25.17,39.95
2019-02-08 22:00:56,17.59,4.16,49.71,24.15,33.74
2019-02-08 23:00:56,22.52,3.46,34.41,21.77,29.75
2019-02-09 00:00:56,29.73,3.11,0.0,30.5,36.41
2019-02-09 01:00:56,27.69,4.5,0.0,15.4,20.36
2019-02-09 02:00:56,26.03,4.4,0.0,12.7,16.36
2019-02-09 03:00:56,29.87,4.84,0.0,13.83,16.42
2019-02-09 04:00:56,26.52,5.18,0.0,5.35,7.49
2019-02-09 05:00:56,14.56,5.92,0.0,5.78,8.0
2019-02-09 06:00:56,11.68,5.75,0.0,13.04,16.32
2019-02-09 07:00:56,12.15,5.08,0.0,14.24,17.8
2019-02-09 08:00:56,10.33,4.72,0.0,25.39,34.87
2019-02-09 09:00:56,13.84,4.61,0.0,35.55,53.39
2019-02-09 10:00:56,20.5,5.48,0.0,40.28,65.54
2019-02-09 11:00:56,20.83,7.34,0.0,28.55,42.48
2019-02-09 12:00:56,18.44,6.6,0.0,30.49,44.78
2019-02-09 13:00:56,22.17,6.99,0.0,14.75,22.06
2019-02-09 14:00:56,17.87,6.4,0.0,16.16,24.25
2019-02-09 15:00:56,18.1,5.96,256.88,17.65,25.32
2019-02-09 16:00:56,10.99,5.32,347.36,18.41,25.56
2019-02-09 17:00:56,6.98,5.35,499.07,27.91,36.17
2019-02-09 18:00:56,10.89,4.83,637.18,37.51,46.55
2019-02-09 19:00:56,19.27,4.45,508.18,36.88,45.72
2019-02-09 20:00:56,16.8,4.06,659.73,43.78,55.88
2019-02-09 21:00:56,22.01,3.96,589.21,24.68,28.36
2019-02-09 22:00:56,29.29,4.93,618.22,33.92,40.33
2019-02-09 23:00:56,22.14,4.24,497.62,17.13,22.79
2019-02-10 00:00:56,19.8,3.77,637.21,34.26,40.68
2019-02-10 01:00:56,19.07,5.17,593.71,31.3,35.32
2019-02-10 02:00:56,18.79,5.57,579.35,13.91,16.51
2019-02-10 03:00:56,19.91,5.82,518.82,10.57,13.12
2019-02-10 04:00:56,15.92,5.98,482.91,10.42,12.9
2019-02-10 05:00:56,15.99,4.79,496.13,10.13,12.38
2019-02-10 06:00:56,20.02,4.8,430.35,5.67,7.79
2019-02-10 07:00:56,11.56,5.94,442.32,8.61,11.08
2019-02-10 08:00:56,10.5,9.14,386.35,7.83,10.6
2019-02-10 09:00:56,15.33,9.1,348.83,18.92,24.68
2019-02-10 10:00:56,18.53,5.16,383.03,36.24,61.51
2019-02-10 11:00:56,16.51,4.85,606.99,28.94,35.69
2019-02-10 12:00:56,12.88,5.06,664.94,27.09,34.75
2019-02-10 13:00:56,12.38,5.85,561.92,21.35,30.17
2019-02-10 14:00:56,9.25,6.85,393.58,23.81,36.91
2019-02-10 15:00:56,7.52,7.44,1110.91,15.0,21.34
2019-02-10 16:00:56,9.72,7.13,1335.64,24.77,36.18
2019-02-10 17:00:56,20.12,7.07,1305.66,23.95,32.31
2019-02-10 18:00:56,21.2,6.49,1321.3,19.69,22.63
2019-02-10 19:00:56,16.71,7.25,1420.74,26.55,32.32
2019-02-10 20:00:56,26.73,7.09,1585.08,32.52,39.38
2019-02-10 21:00:56,34.45,7.75,1808.66,28.73,35.1
2019-02-10 22:00:56,36.35,7.91,1896.44,34.4,48.41
2019-02-10 23:00:56,34.6,8.06,1778.15,28.73,38.43
2019-02-11 00:00:56,26.6,7.01,1526.06,29.8,37.44
2019-02-11 01:00:56,26.59,5.25,1309.31,12.97,15.31
2019-02-11 02:00:56,23.47,4.67,1430.57,8.5,10.84
2019-02-11 03:00:56,18.98,4.28,1290.14,2.2,4.25
2019-02-11 04:00:56,15.74,4.13,1191.71,0.0,0.0
2019-02-11 05:00:56,18.77,4.08,1227.97,7.92,10.32
2019-02-11 06:00:56,25.78,5.08,1303.52,3.64,5.92
2019-02-11 07:00:56,16.77,2.19,1452.98,7.24,10.69
2019-02-11 08:00:56,16.48,0.56,1831.44,24.61,45.23
2019-02-11 09:00:56,19.5,3.87,1907.36,50.07,117.25
2019-02-11 10:00:56,35.32,7.47,1883.88,43.46,94.89
2019-02-11 11:00:56,46.56,12.59,1420.08,16.83,28.9
2019-02-11 12:00:56,33.09,10.45,1206.57,10.82,19.84
2019-02-11 13:00:56,25.84,5.04,926.01,4.79,9.85
2019-02-11 14:00:56,15.47,1.65,620.49,4.3,7.87
2019-02-11 15:00:56,9.92,15.5,803.4,11.34,16.66
2019-02-11 16:00:56,20.98,84.92,1366.79,24.15,35.72
2019-02-11 17:00:56,43.05,42.32,1497.24,36.73,49.33
2019-02-11 18:00:56,61.55,6.15,1577.24,64.85,86.46
2019-02-11 19:00:56,98.77,5.67,1851.71,69.36,112.61
2019-02-11 20:00:56,117.73,6.09,1874.75,30.53,36.51
2019-02-11 21:00:56,104.98,4.42,2059.89,21.24,27.81
2019-02-11 22:00:56,125.9,4.92,1666.7,32.33,39.13
2019-02-11 23:00:56,153.83,5.88,1843.36,32.96,41.73
2019-02-12 00:00:56,118.79,5.16,1780.31,31.52,39.61
2019-02-12 01:00:56,80.11,4.91,1667.26,33.93,55.57
2019-02-12 02:00:56,69.96,4.88,1584.13,41.5,62.39
2019-02-12 03:00:56,61.19,4.92,1220.22,25.81,32.81
2019-02-12 04:00:56,47.08,4.83,1152.8,27.46,31.01
2019-02-12 05:00:56,38.84,4.37,1069.35,18.88,21.32
2019-02-12 06:00:56,28.33,6.7,908.24,10.9,13.17
2019-02-12 07:00:56,24.33,7.29,842.95,4.73,7.02
2019-02-12 08:00:56,30.88,8.91,842.76,18.55,22.66
2019-02-12 09:00:56,33.23,6.67,808.45,15.97,23.04
2019-02-12 10:00:56,35.63,6.84,783.94,14.74,21.32
2019-02-12 11:00:56,22.85,5.09,692.55,4.56,7.68
2019-02-12 12:00:56,15.01,0.0,591.04,5.58,9.46
2019-02-12 13:00:56,13.54,2.38,279.59,0.0,0.0
2019-02-12 14:00:56,10.79,6.89,0.0,2.98,5.77
2019-02-12 15:00:56,18.8,32.12,400.29,13.52,19.84
2019-02-12 16:00:56,43.27,44.74,551.49,27.9,36.86
2019-02-12 17:00:56,57.45,11.77,487.31,24.0,31.55
2019-02-12 18:00:56,74.07,20.86,681.01,64.56,83.14
2019-02-12 19:00:56,126.04,18.49,1559.62,96.43,224.44
2019-02-12 20:00:56,188.89,15.7,1124.87,67.0,124.77
2019-02-12 21:00:56,193.52,16.23,1316.64,71.47,101.2
2019-02-12 22:00:56,155.78,12.87,1253.37,69.81,122.89
2019-02-12 23:00:56,121.07,9.76,968.35,68.83,145.93
2019-02-13 00:00:56,97.63,7.75,250.3,43.11,77.45
2019-02-13 01:00:56,78.75,5.74,2.64,9.27,12.22
2019-02-13 02:00:56,53.17,3.59,9.15,1.11,3.38
2019-02-13 03:00:56,33.02,6.0,0.0,6.09,8.65
2019-02-13 04:00:56,49.33,2.11,0.0,8.08,10.45
2019-02-13 05:00:56,75.65,1.88,0.0,29.14,35.7
2019-02-13 06:00:56,48.45,2.24,0.0,13.34,16.12
2019-02-13 07:00:56,36.3,2.48,10.76,12.49,15.38
2019-02-13 08:00:56,43.28,8.72,81.89,28.6,39.18
2019-02-13 09:00:56,52.32,6.44,448.34,51.19,75.41
2019-02-13 10:00:56,66.25,8.19,168.74,27.27,41.95
2019-02-13 11:00:56,64.62,10.2,18.58,14.55,23.93
2019-02-13 12:00:56,49.64,12.55,0.85,12.76,20.77
2019-02-13 13:00:56,51.24,6.7,6.18,4.8,10.18
2019-02-13 14:00:56,43.79,35.67,4.35,10.0,17.66
2019-02-13 15:00:56,46.46,7.33,223.56,12.12,18.09
2019-02-13 16:00:56,42.34,3.83,357.15,14.88,22.05
2019-02-13 17:00:56,40.07,3.22,515.14,14.24,20.59
2019-02-13 18:00:56,42.13,1.73,587.67,11.46,16.93
2019-02-13 19:00:56,44.43,2.42,650.17,13.57,21.96
2019-02-13 20:00:56,35.38,2.11,621.8,12.4,17.39
2019-02-13 21:00:56,35.07,1.76,610.96,11.63,15.47
2019-02-13 22:00:56,33.53,1.84,747.2,10.58,13.61
2019-02-13 23:00:56,40.87,2.21,762.11,17.47,22.46
2019-02-14 00:00:56,43.27,4.35,586.57,16.47,21.5
2019-02-14 01:00:56,35.35,13.83,546.13,8.69,11.86
2019-02-14 02:00:56,29.87,10.86,524.44,6.88,10.16
2019-02-14 03:00:56,20.52,5.08,603.75,3.61,5.8
2019-02-14 04:00:56,19.86,4.22,561.52,6.87,9.1
2019-02-14 05:00:56,20.35,4.37,546.28,3.98,6.06
2019-02-14 06:00:56,14.83,3.19,532.49,2.64,6.12
2019-02-14 07:00:56,9.18,1.99,525.6,5.89,8.66
2019-02-14 08:00:56,10.03,1.99,609.37,22.72,31.52
2019-02-14 09:00:56,19.31,1.49,670.99,33.99,46.56
2019-02-14 10:00:56,25.46,2.19,721.14,38.71,55.06
2019-02-14 11:00:56,28.59,2.14,835.38,50.01,69.02
2019-02-14 12:00:56,34.76,3.19,669.8,33.17,45.27
2019-02-14 13:00:56,27.86,2.93,600.22,28.92,38.65
2019-02-14 14:00:56,26.91,3.24,495.98,15.45,23.73
2019-02-14 15:00:56,29.48,3.31,406.95,16.21,23.22
2019-02-14 16:00:56,30.01,3.19,513.69,33.33,43.99
2019-02-14 17:00:56,32.25,3.13,689.36,42.51,53.98
2019-02-14 18:00:56,34.2,2.8,614.68,32.99,40.04
2019-02-14 19:00:56,30.2,2.6,684.95,41.91,50.15
2019-02-14 20:00:56,23.09,2.65,688.64,32.16,39.1
2019-02-14 21:00:56,17.95,2.89,632.42,22.16,26.59
2019-02-14 22:00:56,19.61,3.04,625.65,23.81,27.99
2019-02-14 23:00:56,21.81,2.55,600.99,23.26,28.51
2019-02-15 00:00:56,18.02,2.7,528.45,18.81,22.91
2019-02-15 01:00:56,19.92,5.52,496.22,15.92,19.36
2019-02-15 02:00:56,15.02,5.28,528.91,13.27,16.13
2019-02-15 03:00:56,15.28,4.96,454.12,11.52,14.08
2019-02-15 04:00:56,9.07,4.66,410.82,7.14,9.63
2019-02-15 05:00:56,6.55,4.36,395.71,7.4,9.92
2019-02-15 06:00:56,4.6,4.23,383.91,9.44,12.82
2019-02-15 07:00:56,3.59,4.6,473.76,13.18,16.15
2019-02-15 08:00:56,7.13,4.12,471.36,25.39,33.62
2019-02-15 09:00:56,14.63,4.12,714.6,60.22,80.82
2019-02-15 10:00:56,24.17,4.49,626.68,48.06,61.34
2019-02-15 11:00:56,30.61,5.57,578.71,38.26,49.76
2019-02-15 12:00:56,25.56,6.15,714.21,41.92,55.03
2019-02-15 13:00:56,30.04,5.72,681.3,23.79,29.04
2019-02-15 14:00:56,39.56,5.58,748.23,32.43,40.46
2019-02-15 15:00:56,35.52,6.83,609.41,47.1,67.31
2019-02-15 16:00:56,32.26,5.99,469.64,31.95,41.34
2019-02-15 17:00:56,36.31,5.79,547.4,40.55,55.59
2019-02-15 18:00:56,40.46,6.78,543.3,33.62,43.32
2019-02-15 19:00:56,37.87,7.14,556.48,24.54,30.99
2019-02-15 20:00:56,28.53,7.24,446.68,23.47,29.64
2019-02-15 21:00:56,22.27,5.75,439.41,17.54,22.51
2019-02-15 22:00:56,27.57,5.57,576.96,31.97,37.15
2019-02-15 23:00:56,33.84,4.63,526.14,29.47,35.39
2019-02-16 00:00:56,27.48,4.47,547.28,25.72,30.92
2019-02-16 01:00:56,26.08,4.36,424.06,12.5,15.27
2019-02-16 02:00:56,20.16,4.15,620.99,8.99,11.27
2019-02-16 03:00:56,11.24,4.1,455.05,12.36,14.75
2019-02-16 04:00:56,8.67,5.23,348.41,6.76,9.33
2019-02-16 05:00:56,12.91,4.72,304.06,5.83,8.31
2019-02-16 06:00:56,15.96,4.6,327.39,12.07,15.68
2019-02-16 07:00:56,13.57,4.72,310.08,10.28,13.23
2019-02-16 08:00:56,16.04,4.36,361.34,18.12,23.15
2019-02-16 09:00:56,19.62,4.7,420.84,37.56,47.55
2019-02-16 10:00:56,21.84,4.85,494.04,40.89,50.1
2019-02-16 11:00:56,28.97,4.71,440.48,41.76,55.05
2019-02-16 12:00:56,37.41,4.61,401.69,21.37,28.35
2019-02-16 13:00:56,32.29,5.02,348.15,23.08,30.1
2019-02-16 14:00:56,36.45,6.0,298.15,14.19,19.78
2019-02-16 15:00:56,29.18,6.0,247.32,11.81,17.48
2019-02-16 16:00:56,28.18,5.62,220.84,12.49,18.14
2019-02-16 17:00:56,25.64,5.29,269.08,15.79,22.26
2019-02-16 18:00:56,26.93,5.0,247.33,23.1,29.1
2019-02-16 19:00:56,26.59,6.13,540.08,37.23,44.42
2019-02-16 20:00:56,31.43,5.26,314.5,28.34,38.72
2019-02-16 21:00:56,32.55,4.33,510.46,26.43,30.11
2019-02-16 22:00:56,23.71,4.28,615.15,23.58,26.37
2019-02-16 23:00:56,21.24,4.24,668.46,25.75,28.65
2019-02-17 00:00:56,25.71,5.78,599.83,19.13,21.77
2019-02-17 01:00:56,22.73,2.2,756.83,21.24,24.04
2019-02-17 02:00:56,23.68,0.36,764.33,8.31,10.57
2019-02-17 03:00:56,23.05,0.14,724.13,6.06,8.36
2019-02-17 04:00:56,21.82,0.08,654.71,14.46,17.92
2019-02-17 05:00:56,19.62,0.0,715.39,9.93,12.14
2019-02-17 06:00:56,14.12,0.0,903.53,10.6,12.64
2019-02-17 07:00:56,14.98,0.0,818.74,12.77,17.73
2019-02-17 08:00:56,16.56,0.0,843.43,17.88,21.09
2019-02-17 09:00:56,19.54,0.2,958.66,39.67,64.09
2019-02-17 10:00:56,22.99,2.12,812.25,17.36,24.03
2019-02-17 11:00:56,19.44,20.15,613.67,5.45,9.63
2019-02-17 12:00:56,15.26,22.6,293.66,7.13,12.37
2019-02-17 13:00:56,16.08,8.69,199.76,4.04,8.29
2019-02-17 14:00:56,19.74,7.56,169.89,4.88,9.36
2019-02-17 15:00:56,22.68,20.57,189.7,5.73,10.01
2019-02-17 16:00:56,22.66,24.19,257.38,8.58,13.38
2019-02-17 17:00:56,25.84,16.03,298.76,7.7,12.1
2019-02-17 18:00:56,27.23,3.89,399.8,16.84,23.92
2019-02-17 19:00:56,29.2,3.56,643.29,51.2,62.61
2019-02-17 20:00:56,38.59,6.11,1015.48,49.18,55.37
2019-02-17 21:00:56,49.95,5.37,619.34,21.09,24.16
2019-02-17 22:00:56,47.88,4.2,703.71,24.4,27.95
2019-02-17 23:00:56,35.44,2.29,851.02,23.08,26.61
2019-02-18 00:00:56,31.38,0.72,1484.92,27.5,34.19
2019-02-18 01:00:56,40.09,6.75,1214.94,28.89,39.68
2019-02-18 02:00:56,49.08,6.65,928.76,48.03,75.91
2019-02-18 03:00:56,41.19,6.17,852.5,35.97,44.8
2019-02-18 04:00:56,35.06,5.59,727.85,16.56,19.11
2019-02-18 05:00:56,33.0,5.51,578.33,7.9,10.6
2019-02-18 06:00:56,25.04,5.8,626.49,32.82,40.63
2019-02-18 07:00:56,19.05,5.61,661.87,11.87,15.67
2019-02-18 08:00:56,23.99,5.87,1126.16,32.52,63.19
2019-02-18 09:00:56,51.77,7.56,1614.87,61.19,170.91
2019-02-18 10:00:56,95.25,11.96,1258.93,56.03,117.75
2019-02-18 11:00:56,90.47,22.2,880.86,28.89,47.66
2019-02-18 12:00:56,75.47,212.26,573.64,20.92,32.5
2019-02-18 13:00:56,87.6,285.11,306.76,14.07,21.85
2019-02-18 14:00:56,79.74,123.83,53.32,10.92,17.33
2019-02-18 15:00:56,65.74,18.35,288.75,13.03,19.58
2019-02-18 16:00:56,75.36,10.45,345.47,17.59,23.5
2019-02-18 17:00:56,86.25,8.65,715.36,18.37,23.88
2019-02-18 18:00:56,92.19,7.95,981.67,20.06,26.26
2019-02-18 19:00:56,86.11,8.41,1040.13,23.26,28.35
2019-02-18 20:00:56,80.39,7.98,1046.45,11.99,15.7
2019-02-18 21:00:56,72.11,8.1,972.99,12.3,18.94
2019-02-18 22:00:56,64.1,7.7,976.72,7.22,10.37
2019-02-18 23:00:56,57.22,7.65,997.1,10.52,14.76
2019-02-19 00:00:56,47.39,7.33,973.94,10.6,13.28
2019-02-19 01:00:56,40.36,3.95,963.74,8.56,11.26
2019-02-19 02:00:56,36.74,4.45,950.25,8.2,10.67
2019-02-19 03:00:56,41.6,3.86,919.91,6.26,8.78
2019-02-19 04:00:56,33.07,3.39,951.86,7.4,9.55
2019-02-19 05:00:56,22.41,3.75,983.04,13.14,15.43
2019-02-19 06:00:56,21.46,3.43,1041.13,6.82,9.93
2019-02-19 07:00:56,16.81,2.82,945.3,12.74,15.0
2019-02-19 08:00:56,20.47,2.88,1276.57,46.46,57.73
2019-02-19 09:00:56,30.69,3.38,1545.29,62.8,96.78
2019-02-19 10:00:56,40.26,4.48,1368.0,53.64,67.71
2019-02-19 11:00:56,44.51,6.96,1067.77,17.69,23.01
2019-02-19 12:00:56,35.07,8.06,1012.17,20.74,27.61
2019-02-19 13:00:56,25.88,6.56,863.04,13.98,21.19
2019-02-19 14:00:56,25.7,17.39,796.5,11.58,18.83
2019-02-19 15:00:56,26.59,97.96,324.38,11.59,18.32
2019-02-19 16:00:56,31.55,49.12,276.63,16.74,26.24
2019-02-19 17:00:56,44.67,50.78,344.35,15.24,22.62
2019-02-19 18:00:56,52.22,28.27,366.85,27.36,36.96
2019-02-19 19:00:56,54.15,9.06,656.14,51.32,59.87
2019-02-19 20:00:56,62.12,8.49,1312.41,66.86,93.96
2019-02-19 21:00:56,82.13,10.97,1003.13,40.75,45.96
2019-02-19 22:00:56,78.7,8.58,943.18,31.47,37.34
2019-02-19 23:00:56,74.92,7.15,1440.68,55.54,80.23
2019-02-20 00:00:56,69.68,5.96,1379.75,63.77,135.3
2019-02-20 01:00:56,69.88,4.73,1244.93,45.15,77.42
2019-02-20 02:00:56,64.64,3.11,1196.9,20.59,25.13
2019-02-20 03:00:56,53.34,3.57,1057.56,18.43,21.85
2019-02-20 04:00:56,48.51,3.83,946.59,18.08,22.37
2019-02-20 05:00:56,40.24,3.25,759.8,3.86,6.23
2019-02-20 06:00:56,31.68,3.07,708.98,17.13,32.2
2019-02-20 07:00:56,28.19,2.3,732.33,18.4,22.93
2019-02-20 08:00:56,33.11,2.68,1125.92,28.85,62.1
2019-02-20 09:00:56,56.38,3.75,1396.3,52.26,131.85
2019-02-20 10:00:56,101.31,18.43,1338.46,43.08,77.1
2019-02-20 11:00:56,108.62,64.61,714.49,20.0,32.01
2019-02-20 12:00:56,91.41,90.74,549.57,14.87,22.12
2019-02-20 13:00:56,68.66,33.13,310.01,17.93,25.8
2019-02-20 14:00:56,59.46,20.54,164.77,19.39,27.44
2019-02-20 15:00:56,63.77,10.4,380.19,18.95,26.47
2019-02-20 16:00:56,65.66,7.48,415.42,21.05,29.19
2019-02-20 17:00:56,71.57,8.47,586.64,23.52,29.9
2019-02-20 18:00:56,84.25,7.54,921.07,62.97,77.22
2019-02-20 19:00:56,106.21,7.54,1488.48,88.7,122.51
2019-02-20 20:00:56,133.25,8.02,1826.98,66.41,89.27
2019-02-20 21:00:56,138.24,8.63,2076.3,61.7,89.81
2019-02-20 22:00:56,137.0,8.83,2191.53,69.57,143.93
2019-02-20 23:00:56,132.69,7.11,2545.67,64.55,133.6
2019-02-21 00:00:56,132.87,6.28,2606.95,55.98,110.11
2019-02-21 01:00:56,130.27,4.06,2381.64,45.79,66.2
2019-02-21 02:00:56,106.18,4.16,1948.69,46.74,106.41
2019-02-21 03:00:56,92.0,3.9,1838.52,42.16,104.32
2019-02-21 04:00:56,78.79,3.15,1730.7,46.14,62.38
2019-02-21 05:00:56,60.64,3.05,1583.24,40.28,50.41
2019-02-21 06:00:56,47.85,3.25,1530.7,37.05,46.64
2019-02-21 07:00:56,38.65,2.1,1394.52,27.02,39.94
2019-02-21 08:00:56,48.25,3.09,2072.42,62.83,144.85
2019-02-21 09:00:56,100.05,4.4,2189.33,58.53,143.82
2019-02-21 10:00:56,148.37,12.66,1736.12,57.45,121.33
2019-02-21 11:00:56,137.39,17.26,1340.39,47.29,90.29
2019-02-21 12:00:56,126.38,9.08,908.59,17.8,24.95
2019-02-21 13:00:56,98.9,5.34,959.62,16.56,22.49
2019-02-21 14:00:56,80.94,10.19,1033.81,22.32,29.76
2019-02-21 15:00:56,72.9,11.01,495.7,12.97,17.46
2019-02-21 16:00:56,79.88,6.2,451.63,16.01,20.72
2019-02-21 17:00:56,92.09,6.32,534.0,21.28,25.98
2019-02-21 18:00:56,109.26,7.33,587.33,21.06,26.78
2019-02-21 19:00:56,108.7,5.54,984.81,34.89,39.56
2019-02-21 20:00:56,110.09,4.55,1051.22,30.25,35.84
2019-02-21 21:00:56,106.78,4.13,1150.91,38.36,43.48
2019-02-21 22:00:56,99.58,5.02,1417.49,43.89,57.78
2019-02-21 23:00:56,104.61,5.68,1159.7,61.58,72.98
2019-02-22 00:00:56,94.86,5.69,1036.3,71.59,100.34
2019-02-22 01:00:56,95.8,6.21,867.88,53.24,67.95
2019-02-22 02:00:56,92.36,5.48,768.81,29.79,32.44
2019-02-22 03:00:56,86.69,5.04,840.87,21.65,24.29
2019-02-22 04:00:56,82.01,4.15,743.33,17.31,19.91
2019-02-22 05:00:56,65.08,4.7,587.45,12.84,15.25
2019-02-22 06:00:56,49.79,5.71,514.71,20.66,27.12
2019-02-22 07:00:56,28.51,5.82,658.26,47.2,72.01
2019-02-22 08:00:56,32.58,2.07,1367.45,42.6,81.4
2019-02-22 09:00:56,66.37,3.18,1298.73,68.92,155.16
2019-02-22 10:00:56,86.21,9.58,1112.8,63.92,114.78
2019-02-22 11:00:56,79.9,10.26,478.04,12.25,17.76
2019-02-22 12:00:56,52.88,0.0,0.0,6.77,11.71
2019-02-22 13:00:56,35.19,2.34,731.12,5.46,9.98
2019-02-22 14:00:56,35.23,2.48,1319.07,4.19,7.99
2019-02-22 15:00:56,35.07,1.2,493.05,5.91,9.97
2019-02-22 16:00:56,37.91,1.88,327.68,9.9,15.54
2019-02-22 17:00:56,38.99,3.24,360.95,12.38,17.41
2019-02-22 18:00:56,45.74,3.79,264.97,17.92,23.42
2019-02-22 19:00:56,59.75,3.76,332.08,27.4,33.52
2019-02-22 20:00:56,69.14,4.53,590.45,35.78,40.69
2019-02-22 21:00:56,79.44,3.45,1038.64,56.46,76.02
2019-02-22 22:00:56,86.68,1.34,1282.64,61.62,76.37
2019-02-22 23:00:56,97.36,1.12,1146.62,64.36,92.49
2019-02-23 00:00:56,97.9,0.4,949.96,55.8,85.01
2019-02-23 01:00:56,101.86,5.77,527.68,49.51,64.38
2019-02-23 02:00:56,102.92,6.13,458.56,37.73,43.52
2019-02-23 03:00:56,89.99,6.45,396.58,27.41,30.92
2019-02-23 04:00:56,74.66,7.19,117.0,22.98,26.03
2019-02-23 05:00:56,60.62,7.75,37.16,21.59,24.53
2019-02-23 06:00:56,48.9,6.15,14.4,16.09,18.7
2019-02-23 07:00:56,48.42,5.44,20.39,15.84,19.33
2019-02-23 08:00:56,45.83,5.24,49.71,22.41,30.18
2019-02-23 09:00:56,52.14,5.0,269.32,45.23,68.39
2019-02-23 10:00:56,75.94,19.1,164.27,29.99,42.58
2019-02-23 11:00:56,79.08,30.61,27.2,11.98,18.37
2019-02-23 12:00:56,68.76,63.01,33.59,17.96,26.68
2019-02-23 13:00:56,78.89,74.06,1.77,17.4,24.44
2019-02-23 14:00:56,79.57,24.4,0.0,15.11,22.67
2019-02-23 15:00:56,68.69,14.77,263.86,13.63,19.62
2019-02-23 16:00:56,60.0,12.2,288.73,15.52,21.72
2019-02-23 17:00:56,48.55,11.5,346.96,15.65,22.12
2019-02-23 18:00:56,46.51,11.12,578.7,25.38,35.3
2019-02-23 19:00:56,49.92,9.61,733.34,22.67,29.47
2019-02-23 20:00:56,56.22,10.46,866.87,18.15,27.81
2019-02-23 21:00:56,47.2,15.86,800.88,21.57,36.26
2019-02-23 22:00:56,37.06,12.24,811.47,21.35,37.51
2019-02-23 23:00:56,45.25,8.85,822.75,10.23,15.9
2019-02-24 00:00:56,38.08,7.09,825.55,13.07,21.02
2019-02-24 01:00:56,27.97,12.15,757.61,9.55,12.99
2019-02-24 02:00:56,26.46,11.44,722.98,6.37,9.14
2019-02-24 03:00:56,27.12,14.79,719.91,6.48,9.19
2019-02-24 04:00:56,33.75,17.44,696.08,4.15,6.5
2019-02-24 05:00:56,37.18,18.5,700.29,6.03,8.98
2019-02-24 06:00:56,34.19,24.73,696.58,5.27,7.67
2019-02-24 07:00:56,34.97,12.45,705.64,3.32,5.93
2019-02-24 08:00:56,38.41,13.38,747.67,8.58,11.8
2019-02-24 09:00:56,32.87,8.92,774.4,9.02,12.71
2019-02-24 10:00:56,21.69,7.94,752.66,10.14,15.58
2019-02-24 11:00:56,18.43,15.34,767.31,19.57,26.45
2019-02-24 12:00:56,15.25,10.87,766.49,13.06,19.0
2019-02-24 13:00:56,22.88,10.77,737.16,17.94,25.22
2019-02-24 14:00:56,23.53,10.38,722.76,18.21,25.35
2019-02-24 15:00:56,12.95,10.03,333.53,11.76,16.26
2019-02-24 16:00:56,10.79,9.36,651.46,25.87,36.62
2019-02-24 17:00:56,20.69,8.05,442.06,18.25,24.27
2019-02-24 18:00:56,26.1,7.1,496.86,26.44,33.25
2019-02-24 19:00:56,24.51,8.08,558.9,27.53,31.54
2019-02-24 20:00:56,26.53,8.09,491.12,29.03,37.09
2019-02-24 21:00:56,20.55,8.7,413.74,26.69,37.45
2019-02-24 22:00:56,25.1,8.03,575.16,20.01,25.12
2019-02-24 23:00:56,30.42,10.95,467.63,19.55,24.99
2019-02-25 00:00:56,25.65,8.32,395.77,8.32,11.81
2019-02-25 01:00:56,21.14,4.61,385.05,9.69,12.45
2019-02-25 02:00:56,21.92,4.28,494.62,19.34,22.16
2019-02-25 03:00:56,21.38,4.64,408.07,11.42,14.09
2019-02-25 04:00:56,23.16,4.02,392.7,9.0,11.53
2019-02-25 05:00:56,23.68,4.31,398.42,10.48,13.32
2019-02-25 06:00:56,19.08,4.3,365.91,14.07,18.45
2019-02-25 07:00:56,25.15,4.68,408.13,15.29,18.49
2019-02-25 08:00:56,28.7,4.62,575.57,40.96,50.57
2019-02-25 09:00:56,28.63,4.7,684.61,57.39,73.04
2019-02-25 10:00:56,39.64,5.14,565.63,55.67,69.64
2019-02-25 11:00:56,46.67,5.72,549.54,47.8,60.51
2019-02-25 12:00:56,52.23,7.33,415.56,30.06,39.11
2019-02-25 13:00:56,41.64,21.85,339.26,15.19,22.13
2019-02-25 14:00:56,34.14,25.17,304.68,10.46,18.18
2019-02-25 15:00:56,33.54,32.24,325.65,15.26,21.88
2019-02-25 16:00:56,31.64,26.61,391.53,17.19,24.33
2019-02-25 17:00:56,27.67,40.68,393.5,14.58,21.1
2019-02-25 18:00:56,31.91,37.23,472.82,24.16,34.71
2019-02-25 19:00:56,42.37,15.61,579.75,45.17,59.08
2019-02-25 20:00:56,40.07,9.1,914.09,47.93,54.94
2019-02-25 21:00:56,49.13,6.29,1174.89,51.4,63.2
2019-02-25 22:00:56,51.04,6.63,1131.48,44.86,55.11
2019-02-25 23:00:56,52.16,6.94,1161.18,35.65,41.85
2019-02-26 00:00:56,45.49,6.42,1081.69,25.8,34.92
2019-02-26 01:00:56,44.09,9.17,1160.85,38.27,70.41
2019-02-26 02:00:56,56.26,9.39,1243.95,35.41,49.78
2019-02-26 03:00:56,54.24,8.68,885.53,36.85,52.43
2019-02-26 04:00:56,44.59,9.22,719.46,19.91,23.24
2019-02-26 05:00:56,43.62,8.35,757.34,25.84,29.36
2019-02-26 06:00:56,35.86,8.28,713.38,21.77,25.86
2019-02-26 07:00:56,34.4,7.39,658.6,19.09,22.68
2019-02-26 08:00:56,39.36,7.63,820.24,29.48,42.71
2019-02-26 09:00:56,41.03,9.83,1355.34,50.31,116.99
2019-02-26 10:00:56,46.65,40.85,754.32,33.69,51.79
2019-02-26 11:00:56,59.24,27.4,511.42,26.19,36.42
2019-02-26 12:00:56,50.86,0.0,353.06,11.88,20.33
2019-02-26 13:00:56,34.44,33.68,416.36,0.0,0.0
2019-02-26 14:00:56,34.4,19.78,0.0,10.52,17.22
2019-02-26 15:00:56,28.12,29.23,316.53,12.92,19.36
2019-02-26 16:00:56,31.17,20.4,368.05,17.16,25.71
2019-02-26 17:00:56,37.97,15.12,342.74,20.02,27.64
2019-02-26 18:00:56,34.79,12.1,428.23,21.18,29.41
2019-02-26 19:00:56,35.05,8.78,666.88,26.16,31.93
2019-02-26 20:00:56,28.19,12.35,591.22,19.71,23.28
2019-02-26 21:00:56,32.47,11.63,603.09,13.43,17.34
2019-02-26 22:00:56,36.29,10.85,657.26,16.43,21.53
2019-02-26 23:00:56,30.38,9.98,503.02,13.54,16.1
2019-02-27 00:00:56,18.54,9.17,553.11,12.66,15.66
2019-02-27 01:00:56,13.89,4.84,531.61,17.62,21.2
2019-02-27 02:00:56,21.68,1.45,903.14,14.91,18.29
2019-02-27 03:00:56,31.69,0.91,712.5,14.34,17.56
2019-02-27 04:00:56,33.09,1.93,535.1,8.16,10.55
2019-02-27 05:00:56,22.08,3.85,556.43,6.5,8.97
2019-02-27 06:00:56,19.52,2.91,486.98,3.57,5.93
2019-02-27 07:00:56,26.82,2.08,622.2,21.4,26.66
2019-02-27 08:00:56,32.85,2.55,831.84,27.53,40.41
2019-02-27 09:00:56,36.23,2.19,1018.25,67.1,118.2
2019-02-27 10:00:56,35.56,2.85,506.71,30.21,38.55
2019-02-27 11:00:56,28.09,5.65,408.19,25.88,34.96
2019-02-27 12:00:56,27.44,4.35,497.73,31.73,41.57
2019-02-27 13:00:56,31.56,5.48,423.81,22.47,30.02
2019-02-27 14:00:56,22.26,8.33,396.98,14.94,23.02
2019-02-27 15:00:56,20.57,7.68,318.75,13.04,18.18
2019-02-27 16:00:56,20.94,7.16,385.44,18.92,26.48
2019-02-27 17:00:56,16.08,6.26,301.06,14.15,21.36
2019-02-27 18:00:56,18.2,4.97,397.11,14.78,22.85
2019-02-27 19:00:56,21.91,4.83,357.54,15.07,22.02
2019-02-27 20:00:56,27.8,4.97,317.5,18.24,23.97
2019-02-27 21:00:56,28.07,4.7,376.03,15.44,20.39
2019-02-27 22:00:56,20.18,4.3,503.75,16.35,20.9
2019-02-27 23:00:56,19.98,2.96,368.37,10.7,15.89
2019-02-28 00:00:56,14.96,2.13,405.91,8.17,11.03
2019-02-28 01:00:56,14.16,3.64,367.96,20.04,23.21
2019-02-28 02:00:56,13.8,3.49,474.12,16.02,18.75
2019-02-28 03:00:56,9.14,4.19,401.67,8.4,11.1
2019-02-28 04:00:56,6.5,3.11,358.9,10.97,13.94
2019-02-28 05:00:56,6.58,3.04,377.03,12.87,15.49
2019-02-28 06:00:56,6.43,2.38,396.04,8.02,10.62
2019-02-28 07:00:56,11.5,3.1,358.43,19.02,22.07
2019-02-28 08:00:56,16.28,2.76,690.99,43.09,65.88
2019-02-28 09:00:56,17.79,3.95,1127.89,56.3,91.51
2019-02-28 10:00:56,26.16,6.62,561.31,29.63,42.47
2019-02-28 11:00:56,20.83,6.06,396.41,25.41,35.39
2019-02-28 12:00:56,17.53,6.79,329.2,16.62,24.1
2019-02-28 13:00:56,16.14,6.79,248.73,9.03,14.66
2019-02-28 14:00:56,22.77,38.43,169.46,8.09,13.25
2019-02-28 15:00:56,20.27,26.0,212.32,9.02,14.4
2019-02-28 16:00:56,20.72,24.16,253.6,13.02,19.81
2019-02-28 17:00:56,26.27,20.5,311.15,13.77,20.99
2019-02-28 18:00:56,19.04,17.73,331.05,19.22,27.18
2019-02-28 19:00:56,20.57,9.75,536.47,25.03,29.47
2019-02-28 20:00:56,23.77,4.82,697.05,25.83,30.1
2019-02-28 21:00:56,26.66,4.53,682.59,13.8,17.3
2019-02-28 22:00:56,26.2,5.47,808.35,15.33,20.33
2019-02-28 23:00:56,20.75,5.02,1103.9,22.02,27.28
2019-03-01 00:00:56,16.73,3.53,1152.52,21.97,27.45
2019-03-01 01:00:56,23.56,5.66,964.81,42.94,69.71
2019-03-01 02:00:56,27.07,5.06,843.72,20.87,27.92
2019-03-01 03:00:56,24.35,5.14,775.89,10.3,13.33
2019-03-01 04:00:56,19.37,7.64,416.93,0.0,0.0
2019-03-01 05:00:56,19.1,5.34,308.08,0.0,0.0
2019-03-01 06:00:56,11.46,4.35,355.83,0.0,0.0
2019-03-01 07:00:56,7.16,4.0,312.54,0.0,0.0
2019-03-01 08:00:56,7.41,2.36,236.8,2.31,4.86
2019-03-01 09:00:56,13.65,5.58,151.78,2.64,5.56
2019-03-01 10:00:56,16.18,7.1,158.89,3.26,6.36
2019-03-01 11:00:56,10.04,8.93,161.21,3.86,7.59
2019-03-01 12:00:56,7.27,10.72,85.4,4.76,8.86
2019-03-01 13:00:56,12.03,10.2,3.32,3.64,6.65
2019-03-01 14:00:56,19.73,9.89,422.87,3.97,7.03
2019-03-01 15:00:56,21.91,10.04,477.71,6.51,9.89
2019-03-01 16:00:56,31.96,7.82,460.5,7.88,11.21
2019-03-01 17:00:56,43.09,35.74,509.55,24.37,30.64
2019-03-01 18:00:56,61.83,13.59,512.44,29.49,36.62
2019-03-01 19:00:56,77.62,11.16,511.37,24.74,31.72
2019-03-01 20:00:56,87.67,11.38,472.67,23.81,28.99
2019-03-01 21:00:56,64.2,11.35,653.64,30.05,33.84
2019-03-01 22:00:56,61.78,10.49,696.02,38.57,44.66
2019-03-01 23:00:56,68.49,8.7,1086.72,40.51,46.46
2019-03-02 00:00:56,65.28,7.42,1137.25,28.85,32.93
2019-03-02 01:00:56,60.8,10.53,425.18,17.62,20.69
2019-03-02 02:00:56,54.36,9.64,272.38,9.8,12.75
2019-03-02 03:00:56,45.54,8.39,232.33,8.77,11.76
2019-03-02 04:00:56,40.53,8.21,150.96,9.97,12.56
2019-03-02 05:00:56,37.32,4.47,115.82,5.69,8.23
2019-03-02 06:00:56,31.01,4.03,18.38,7.88,11.27
2019-03-02 07:00:56,28.69,3.86,42.82,11.6,15.45
2019-03-02 08:00:56,33.28,5.32,328.69,43.33,67.8
2019-03-02 09:00:56,54.87,10.51,539.07,62.46,111.72
2019-03-02 10:00:56,79.64,13.34,204.68,26.94,40.04
2019-03-02 11:00:56,84.98,20.23,130.26,22.74,32.01
2019-03-02 12:00:56,83.66,22.09,125.09,29.67,42.12
2019-03-02 13:00:56,81.34,17.75,55.13,15.89,21.4
2019-03-02 14:00:56,70.94,14.65,0.0,17.48,22.08
2019-03-02 15:00:56,71.87,14.09,591.37,22.27,28.53
2019-03-02 16:00:56,76.44,8.16,1512.91,17.23,22.55
2019-03-02 17:00:56,74.44,9.62,1499.81,23.49,29.09
2019-03-02 18:00:56,66.46,8.68,1646.04,28.35,32.47
2019-03-02 19:00:56,69.75,9.82,1877.53,36.26,40.85
2019-03-02 20:00:56,75.32,9.67,1992.8,37.41,42.93
2019-03-02 21:00:56,63.39,7.84,1554.51,6.66,10.7
2019-03-02 22:00:56,45.02,5.51,1572.29,5.62,9.35
2019-03-02 23:00:56,34.57,6.51,1043.02,5.03,8.42
2019-03-03 00:00:56,19.74,5.96,891.54,8.2,11.82
2019-03-03 01:00:56,13.42,5.03,829.35,3.75,6.6
2019-03-03 02:00:56,11.9,5.15,815.64,2.16,4.72
2019-03-03 03:00:56,14.17,5.09,793.62,0.0,0.0
2019-03-03 04:00:56,21.63,5.42,784.77,5.22,7.69
2019-03-03 05:00:56,22.84,5.52,776.38,4.1,6.46
2019-03-03 06:00:56,13.05,5.61,720.82,4.2,7.67
2019-03-03 07:00:56,15.21,5.55,752.94,5.86,8.45
2019-03-03 08:00:56,22.16,5.5,800.68,13.08,15.86
2019-03-03 09:00:56,17.79,4.5,846.9,12.53,15.59
2019-03-03 10:00:56,17.66,5.53,866.08,14.94,21.13
2019-03-03 11:00:56,26.66,5.73,732.91,8.34,12.16
2019-03-03 12:00:56,27.54,7.3,597.3,5.39,10.26
2019-03-03 13:00:56,15.72,35.73,571.73,3.95,7.87
2019-03-03 14:00:56,10.02,24.56,605.73,3.99,7.92
2019-03-03 15:00:56,10.96,9.4,421.25,9.58,15.41
2019-03-03 16:00:56,18.96,7.3,281.85,10.22,14.73
2019-03-03 17:00:56,23.27,7.55,442.25,10.07,14.92
2019-03-03 18:00:56,22.67,6.23,440.54,10.43,15.45
2019-03-03 19:00:56,23.41,2.66,445.57,15.05,22.41
2019-03-03 20:00:56,33.78,3.48,581.22,19.53,24.55
2019-03-03 21:00:56,41.28,4.26,729.64,22.55,26.89
2019-03-03 22:00:56,42.7,3.92,534.78,14.65,17.87
2019-03-03 23:00:56,35.48,4.24,922.98,38.74,44.4
2019-03-04 00:00:56,41.17,3.49,874.09,41.81,50.07
2019-03-04 01:00:56,49.14,3.96,974.46,44.66,51.45
2019-03-04 02:00:56,43.49,4.32,641.73,19.55,23.78
2019-03-04 03:00:56,34.07,4.16,718.53,33.05,39.32
2019-03-04 04:00:56,31.81,3.15,680.13,16.13,18.66
2019-03-04 05:00:56,23.78,2.72,636.45,19.47,24.5
2019-03-04 06:00:56,20.38,2.12,569.58,25.34,30.23
2019-03-04 07:00:56,18.39,2.77,638.0,32.34,44.48
2019-03-04 08:00:56,20.39,3.14,808.65,58.83,126.68
2019-03-04 09:00:56,47.67,4.52,1299.22,72.07,167.92
2019-03-04 10:00:56,69.54,9.76,700.21,22.52,37.5
2019-03-04 11:00:56,53.07,6.74,379.67,6.72,12.78
2019-03-04 12:00:56,34.91,8.81,329.62,3.6,8.0
2019-03-04 13:00:56,33.12,7.87,188.65,3.91,8.52
2019-03-04 14:00:56,28.8,14.54,119.09,8.22,13.39
2019-03-04 15:00:56,33.09,64.84,467.83,10.44,16.28
2019-03-04 16:00:56,50.77,131.93,549.08,14.23,21.3
2019-03-04 17:00:56,63.68,33.03,558.72,17.63,23.57
2019-03-04 18:00:56,63.29,17.0,534.97,16.09,21.0
2019-03-04 19:00:56,66.07,10.64,574.69,29.08,34.8
2019-03-04 20:00:56,65.37,8.25,984.23,38.23,47.3
2019-03-04 21:00:56,70.79,5.23,1421.56,57.23,78.69
2019-03-04 22:00:56,77.9,5.85,898.76,50.83,69.17
2019-03-04 23:00:56,87.2,4.92,1030.3,56.31,89.66
2019-03-05 00:00:56,86.58,4.86,847.33,38.28,50.55
2019-03-05 01:00:56,90.5,9.78,637.44,48.63,76.47
2019-03-05 02:00:56,80.28,10.13,786.49,42.66,64.06
2019-03-05 03:00:56,81.84,9.19,583.25,18.28,21.38
2019-03-05 04:00:56,75.17,9.12,606.63,21.74,27.01
2019-03-05 05:00:56,53.72,8.18,529.22,18.14,22.66
2019-03-05 06:00:56,43.87,8.27,478.51,16.51,20.89
2019-03-05 07:00:56,47.9,7.34,431.88,24.5,40.24
2019-03-05 08:00:56,51.38,7.6,577.56,28.12,50.92
2019-03-05 09:00:56,66.18,8.94,702.51,41.29,77.63
2019-03-05 10:00:56,84.46,52.2,204.45,33.77,50.43
2019-03-05 11:00:56,84.99,75.52,74.02,50.18,79.04
2019-03-05 12:00:56,108.23,326.38,0.0,38.43,55.08
2019-03-05 13:00:56,144.83,160.05,290.73,34.03,47.27
2019-03-05 14:00:56,148.27,210.32,779.09,36.64,50.57
2019-03-05 15:00:56,154.32,176.2,421.92,36.4,48.29
2019-03-05 16:00:56,167.18,31.19,521.55,48.26,62.95
2019-03-05 17:00:56,180.37,26.71,553.67,55.03,71.32
2019-03-05 18:00:56,190.97,21.18,715.73,84.0,130.72
2019-03-05 19:00:56,208.75,17.44,1027.99,97.31,212.02
2019-03-05 20:00:56,267.68,20.6,1720.47,88.63,196.99
2019-03-05 21:00:56,307.93,17.87,774.54,80.4,138.71
2019-03-05 22:00:56,243.38,15.37,454.22,60.82,72.65
2019-03-05 23:00:56,178.24,13.73,968.55,66.59,87.87
2019-03-06 00:00:56,143.69,11.67,1574.32,59.15,86.83
2019-03-06 01:00:56,133.36,5.76,973.31,53.54,78.18
2019-03-06 02:00:56,116.83,5.62,188.03,37.63,45.64
2019-03-06 03:00:56,86.92,4.83,9.61,23.54,27.06
2019-03-06 04:00:56,70.48,5.06,0.0,23.37,26.95
2019-03-06 05:00:56,48.81,7.68,4.51,24.19,28.12
2019-03-06 06:00:56,37.25,8.4,0.84,17.8,22.88
2019-03-06 07:00:56,36.02,8.08,37.29,47.77,57.09
2019-03-06 08:00:56,44.26,8.82,131.92,60.68,117.82
2019-03-06 09:00:56,78.26,11.12,585.02,73.57,178.25
2019-03-06 10:00:56,144.54,18.83,742.98,102.01,294.18
2019-03-06 11:00:56,202.45,40.45,375.19,66.39,134.86
2019-03-06 12:00:56,206.54,245.9,1.14,62.53,94.67
2019-03-06 13:00:56,195.72,213.33,6.55,56.21,75.79
2019-03-06 14:00:56,198.06,31.99,268.6,50.52,68.9
2019-03-06 15:00:56,181.89,113.27,328.8,41.92,57.93
2019-03-06 16:00:56,192.09,41.07,370.24,38.16,61.81
2019-03-06 17:00:56,196.45,11.17,281.54,23.57,29.44
2019-03-06 18:00:56,140.87,11.41,199.69,35.36,44.93
2019-03-06 19:00:56,105.03,8.71,135.35,30.63,38.58
2019-03-06 20:00:56,82.43,6.83,191.04,15.27,20.18
2019-03-06 21:00:56,68.4,5.09,218.11,9.09,13.28
2019-03-06 22:00:56,40.75,3.17,525.42,25.56,32.33
2019-03-06 23:00:56,33.5,2.26,134.6,37.16,42.68
2019-03-07 00:00:56,26.23,3.87,3.23,21.34,25.07
2019-03-07 01:00:56,20.49,9.03,0.0,22.02,25.3
2019-03-07 02:00:56,15.69,8.72,0.32,14.74,17.32
2019-03-07 03:00:56,14.58,8.68,0.03,13.54,16.24
2019-03-07 04:00:56,14.52,8.76,0.0,12.97,15.69
2019-03-07 05:00:56,12.06,8.1,0.72,4.32,6.88
2019-03-07 06:00:56,12.45,6.91,0.0,4.98,7.75
2019-03-07 07:00:56,14.85,7.01,17.55,21.8,24.87
2019-03-07 08:00:56,14.36,7.58,32.27,42.5,63.78
2019-03-07 09:00:56,19.59,8.41,0.92,36.96,48.38
2019-03-07 10:00:56,14.99,11.66,0.0,29.58,40.12
2019-03-07 11:00:56,14.56,13.67,0.0,17.42,25.31
2019-03-07 12:00:56,14.92,12.89,3.9,12.22,18.69
2019-03-07 13:00:56,10.12,11.52,0.4,8.0,13.19
2019-03-07 14:00:56,18.98,33.72,0.0,6.97,11.77
2019-03-07 15:00:56,32.76,15.76,930.59,11.23,17.35
2019-03-07 16:00:56,32.34,33.98,1118.22,9.11,14.49
2019-03-07 17:00:56,39.92,13.89,1038.65,16.3,28.66
2019-03-07 18:00:56,39.85,10.66,939.81,18.48,27.8
2019-03-07 19:00:56,52.05,9.19,925.39,27.18,34.01
2019-03-07 20:00:56,61.22,8.91,1296.72,34.53,38.77
2019-03-07 21:00:56,62.93,7.47,1554.91,32.92,37.46
2019-03-07 22:00:56,59.4,6.6,1280.83,42.37,59.34
2019-03-07 23:00:56,66.41,7.25,1256.28,40.87,55.11
2019-03-08 00:00:56,72.73,7.71,1451.52,53.92,73.05
2019-03-08 01:00:56,77.19,4.85,1646.55,42.02,51.78
2019-03-08 02:00:56,73.94,4.01,1045.91,24.62,30.12
2019-03-08 03:00:56,60.2,3.8,1275.65,40.39,48.64
2019-03-08 04:00:56,60.27,3.43,1185.66,18.56,22.27
2019-03-08 05:00:56,53.94,4.32,909.81,33.71,44.77
2019-03-08 06:00:56,46.16,4.61,799.36,17.59,22.07
2019-03-08 07:00:56,40.42,5.35,759.22,36.39,57.84
2019-03-08 08:00:56,54.52,12.99,1114.88,51.27,110.51
2019-03-08 09:00:56,94.7,66.57,1541.02,88.12,256.72
2019-03-08 10:00:56,142.2,140.79,726.76,40.25,85.55
2019-03-08 11:00:56,140.83,16.8,365.38,8.19,13.21
2019-03-08 12:00:56,82.1,11.04,124.33,7.46,12.01
2019-03-08 13:00:56,55.7,5.29,554.74,3.66,7.09
2019-03-08 14:00:56,43.9,2.36,966.54,4.28,8.22
2019-03-08 15:00:56,36.62,1.93,340.78,5.87,10.58
2019-03-08 16:00:56,38.16,4.0,352.6,10.79,16.21
2019-03-08 17:00:56,50.39,4.5,370.76,12.49,17.66
2019-03-08 18:00:56,54.77,5.37,308.01,13.9,18.88
2019-03-08 19:00:56,67.38,10.97,418.89,26.27,31.37
2019-03-08 20:00:56,72.45,17.06,471.64,31.57,39.12
2019-03-08 21:00:56,73.56,16.4,947.31,31.46,38.91
2019-03-08 22:00:56,84.41,13.01,1324.26,57.19,77.36
2019-03-08 23:00:56,96.52,9.12,2035.12,61.95,99.32
2019-03-09 00:00:56,99.27,7.55,1257.17,50.25,79.07
2019-03-09 01:00:56,110.44,8.12,1193.01,59.39,123.89
2019-03-09 02:00:56,117.04,7.76,1354.04,48.95,76.41
2019-03-09 03:00:56,111.27,13.35,1023.29,51.99,66.04
2019-03-09 04:00:56,95.81,22.38,365.26,36.62,40.94
2019-03-09 05:00:56,91.26,17.88,285.82,47.19,53.89
2019-03-09 06:00:56,90.19,22.18,133.17,36.35,39.84
2019-03-09 07:00:56,74.51,30.38,10.17,47.76,54.42
2019-03-09 08:00:56,63.37,22.59,0.0,56.23,70.62
2019-03-09 09:00:56,62.41,43.54,0.0,47.09,63.42
2019-03-09 10:00:56,59.12,31.73,0.83,15.74,21.92
2019-03-09 11:00:56,41.98,10.38,0.0,6.93,11.03
2019-03-09 12:00:56,31.9,7.09,50.39,5.03,8.3
2019-03-09 13:00:56,29.5,3.1,313.98,3.7,6.64
2019-03-09 14:00:56,26.99,2.77,296.47,3.09,5.74
2019-03-09 15:00:56,25.86,119.52,236.07,17.28,22.63
2019-03-09 16:00:56,35.5,87.46,363.37,29.77,38.3
2019-03-09 17:00:56,54.61,6.86,496.86,41.42,49.71
2019-03-09 18:00:56,81.01,7.99,644.92,78.62,99.7
2019-03-09 19:00:56,129.44,13.54,948.54,93.32,140.68
2019-03-09 20:00:56,186.15,14.83,781.72,82.98,102.87
2019-03-09 21:00:56,168.16,12.8,635.82,82.83,96.86
2019-03-09 22:00:56,148.47,14.61,1564.62,88.44,154.99
2019-03-09 23:00:56,141.2,12.71,1454.64,68.48,111.05
2019-03-10 00:00:56,133.7,9.52,1417.88,51.53,84.16
2019-03-10 01:00:56,119.43,9.7,877.13,54.08,92.13
2019-03-10 02:00:56,106.95,19.35,1002.13,65.04,95.1
2019-03-10 03:00:56,99.11,12.85,868.51,32.49,40.19
2019-03-10 04:00:56,89.78,11.9,243.76,36.85,46.11
2019-03-10 05:00:56,69.75,11.12,55.5,36.92,43.87
2019-03-10 06:00:56,50.13,9.5,72.63,36.14,40.82
2019-03-10 07:00:56,43.33,8.04,17.15,16.94,21.11
2019-03-10 08:00:56,39.38,10.18,137.66,54.49,114.39
2019-03-10 09:00:56,47.54,15.3,26.16,48.27,65.22
2019-03-10 10:00:56,50.47,21.58,10.55,34.88,46.65
2019-03-10 11:00:56,35.52,42.44,9.19,17.84,25.05
2019-03-10 12:00:56,28.68,27.31,2.31,9.36,13.62
2019-03-10 13:00:56,27.52,11.95,395.24,7.91,11.92
2019-03-10 14:00:56,34.97,8.57,464.19,8.63,12.59
2019-03-10 15:00:56,40.41,134.19,334.03,20.67,26.3
2019-03-10 16:00:56,68.36,15.7,413.33,19.98,25.33
2019-03-10 17:00:56,90.31,126.66,389.45,18.95,24.06
2019-03-10 18:00:56,80.31,35.47,357.51,18.92,23.06
2019-03-10 19:00:56,70.34,40.08,366.77,21.32,24.76
2019-03-10 20:00:56,74.76,26.25,408.57,26.1,30.11
2019-03-10 21:00:56,72.25,18.44,512.7,29.56,36.0
2019-03-10 22:00:56,76.21,19.52,207.12,16.29,19.64
2019-03-10 23:00:56,64.16,15.59,232.9,34.75,50.5
2019-03-11 00:00:56,54.15,12.25,367.45,74.8,92.06
2019-03-11 01:00:56,62.65,12.01,270.14,33.57,37.84
2019-03-11 02:00:56,64.37,10.16,522.55,31.02,34.41
2019-03-11 03:00:56,62.01,8.01,304.7,10.41,13.44
2019-03-11 04:00:56,47.28,9.38,324.58,5.7,8.49
2019-03-11 05:00:56,40.13,5.64,406.09,4.65,7.54
2019-03-11 06:00:56,34.42,3.27,386.42,14.23,18.07
2019-03-11 07:00:56,30.23,5.22,100.7,55.54,70.89
2019-03-11 08:00:56,38.91,6.37,246.22,57.25,86.42
2019-03-11 09:00:56,66.06,9.29,233.7,60.66,117.85
2019-03-11 10:00:56,112.25,95.53,307.55,85.38,200.31
2019-03-11 11:00:56,137.03,44.04,4.92,29.86,44.94
2019-03-11 12:00:56,110.59,12.92,1.63,7.11,10.86
2019-03-11 13:00:56,84.18,7.21,150.98,4.29,7.65
2019-03-11 14:00:56,72.63,7.3,256.65,3.09,6.16
2019-03-11 15:00:56,68.44,8.13,153.94,4.63,7.73
2019-03-11 16:00:56,57.84,6.72,101.31,9.0,13.41
2019-03-11 17:00:56,69.58,4.66,147.92,22.37,27.84
2019-03-11 18:00:56,89.65,6.5,217.17,34.39,41.13
2019-03-11 19:00:56,112.83,10.02,258.75,26.01,31.68
2019-03-11 20:00:56,110.54,17.38,418.13,42.78,50.34
2019-03-11 21:00:56,113.96,15.81,363.91,32.1,37.14
2019-03-11 22:00:56,92.2,15.32,343.86,22.03,28.28
2019-03-11 23:00:56,76.69,11.0,263.57,19.67,25.22
2019-03-12 00:00:56,72.65,8.86,189.51,16.03,19.82
2019-03-12 01:00:56,60.81,9.31,244.87,33.97,41.47
2019-03-12 02:00:56,53.12,9.07,274.76,25.84,38.39
2019-03-12 03:00:56,49.17,6.82,223.37,8.71,11.66
2019-03-12 04:00:56,41.29,6.42,278.58,10.82,14.15
2019-03-12 05:00:56,39.77,4.81,450.77,8.58,11.49
2019-03-12 06:00:56,34.07,4.28,151.55,6.08,8.84
2019-03-12 07:00:56,32.54,15.13,0.0,26.19,31.16
2019-03-12 08:00:56,31.51,14.76,0.0,5.25,8.49
2019-03-12 09:00:56,30.13,12.58,0.06,14.61,19.7
2019-03-12 10:00:56,33.64,10.79,0.0,9.3,13.05
2019-03-12 11:00:56,36.07,27.6,0.02,29.81,43.39
2019-03-12 12:00:56,51.16,0.0,32.77,38.81,53.79
2019-03-12 13:00:56,88.51,30.76,175.28,0.0,0.0
2019-03-12 14:00:56,75.65,5.66,0.0,12.89,18.12
2019-03-12 15:00:56,83.71,108.03,318.28,42.57,57.24
2019-03-12 16:00:56,107.26,64.1,313.66,30.64,40.82
2019-03-12 17:00:56,99.17,31.48,370.45,7.86,11.27
2019-03-12 18:00:56,74.28,8.08,438.13,29.01,39.74
2019-03-12 19:00:56,63.82,79.14,1127.92,86.0,165.88
2019-03-12 20:00:56,100.78,25.92,509.45,27.89,34.47
2019-03-12 21:00:56,123.38,28.7,345.85,18.9,25.14
2019-03-12 22:00:56,95.87,13.35,331.78,19.01,22.56
2019-03-12 23:00:56,76.33,9.98,292.38,16.35,19.73
2019-03-13 00:00:56,57.09,10.03,264.19,27.75,31.16
2019-03-13 01:00:56,36.93,8.26,368.32,23.59,27.75
2019-03-13 02:00:56,39.0,7.21,330.86,6.21,9.17
2019-03-13 03:00:56,39.35,6.25,301.18,15.28,18.82
2019-03-13 04:00:56,22.71,6.43,385.99,15.46,19.48
2019-03-13 05:00:56,21.06,5.82,232.21,2.81,5.76
2019-03-13 06:00:56,25.07,6.2,275.86,3.34,6.52
2019-03-13 07:00:56,21.99,6.22,312.72,21.6,30.78
2019-03-13 08:00:56,28.41,6.19,331.29,21.42,32.36
2019-03-13 09:00:56,35.46,5.1,282.01,16.75,23.11
2019-03-13 10:00:56,40.58,4.87,493.65,16.67,23.55
2019-03-13 11:00:56,47.25,4.29,544.16,16.11,23.46
2019-03-13 12:00:56,38.8,3.67,624.67,18.86,26.27
2019-03-13 13:00:56,44.55,3.25,619.89,13.38,20.22
2019-03-13 14:00:56,35.24,1.98,522.63,13.63,22.79
2019-03-13 15:00:56,19.77,3.36,143.58,9.61,15.93
2019-03-13 16:00:56,11.48,3.89,132.8,12.56,19.02
2019-03-13 17:00:56,9.83,4.23,40.42,13.14,19.56
2019-03-13 18:00:56,11.77,4.58,25.51,16.89,23.42
2019-03-13 19:00:56,9.77,4.01,16.09,14.24,21.39
2019-03-13 20:00:56,6.34,3.57,58.59,13.69,19.56
2019-03-13 21:00:56,11.83,3.37,21.17,13.38,18.59
2019-03-13 22:00:56,20.02,3.68,13.04,11.44,15.41
2019-03-13 23:00:56,16.82,4.1,63.61,21.15,25.92
2019-03-14 00:00:56,19.8,4.14,194.33,31.68,35.91
2019-03-14 01:00:56,20.33,4.26,168.61,22.86,26.12
2019-03-14 02:00:56,18.43,4.49,49.56,16.52,19.57
2019-03-14 03:00:56,19.41,4.6,38.63,17.82,21.34
2019-03-14 04:00:56,22.48,4.93,36.74,9.19,11.7
2019-03-14 05:00:56,17.18,3.86,16.77,3.87,6.28
2019-03-14 06:00:56,20.05,4.32,0.0,5.91,8.51
2019-03-14 07:00:56,19.29,3.91,12.09,4.99,7.58
2019-03-14 08:00:56,19.44,4.42,39.4,29.11,43.6
2019-03-14 09:00:56,22.6,4.98,196.91,47.46,59.95
2019-03-14 10:00:56,21.4,5.6,117.86,24.69,31.34
2019-03-14 11:00:56,24.41,7.44,31.88,21.14,28.55
2019-03-14 12:00:56,30.34,0.0,0.0,33.77,46.7
2019-03-14 13:00:56,35.28,1.92,271.37,29.58,39.28
2019-03-14 14:00:56,43.93,169.41,0.84,20.43,29.17
2019-03-14 15:00:56,47.39,61.28,279.78,14.63,22.01
2019-03-14 16:00:56,44.68,24.2,227.08,15.22,21.24
2019-03-14 17:00:56,32.75,18.8,230.6,18.57,29.32
2019-03-14 18:00:56,44.34,14.54,333.0,17.97,25.66
2019-03-14 19:00:56,55.82,11.48,397.78,22.33,31.28
2019-03-14 20:00:56,57.2,10.21,501.09,20.07,27.11
2019-03-14 21:00:56,52.56,9.03,815.73,19.75,26.07
2019-03-14 22:00:56,51.19,8.24,1057.97,35.77,46.68
2019-03-14 23:00:56,55.65,6.99,1024.46,38.55,49.15
2019-03-15 00:00:56,57.8,5.36,1375.6,30.68,42.47
2019-03-15 01:00:56,59.06,6.21,1192.9,32.78,41.57
2019-03-15 02:00:56,57.09,5.24,1022.23,20.17,25.91
2019-03-15 03:00:56,48.95,5.74,974.39,17.47,21.66
2019-03-15 04:00:56,38.83,4.91,830.03,10.28,14.21
2019-03-15 05:00:56,41.66,5.61,771.01,28.93,45.86
2019-03-15 06:00:56,48.76,5.57,657.07,23.64,28.31
2019-03-15 07:00:56,37.77,5.85,713.18,26.5,33.43
2019-03-15 08:00:56,37.9,6.84,841.43,39.63,80.51
2019-03-15 09:00:56,49.93,9.48,984.21,45.73,81.9
2019-03-15 10:00:56,68.4,10.55,896.69,41.28,65.27
2019-03-15 11:00:56,69.3,12.1,696.59,23.59,34.14
2019-03-15 12:00:56,54.66,23.34,651.14,26.31,46.0
2019-03-15 13:00:56,46.5,76.59,399.16,10.48,16.74
2019-03-15 14:00:56,38.65,23.67,268.04,7.43,12.55
2019-03-15 15:00:56,37.45,31.85,243.49,13.71,20.65
2019-03-15 16:00:56,32.98,15.79,284.57,21.86,31.28
2019-03-15 17:00:56,31.27,12.23,398.5,24.24,33.23
2019-03-15 18:00:56,27.66,10.86,555.81,22.16,28.46
2019-03-15 19:00:56,33.22,10.26,628.36,34.58,45.22
2019-03-15 20:00:56,38.3,8.38,672.27,20.04,27.38
2019-03-15 21:00:56,32.33,8.01,756.21,25.47,33.16
2019-03-15 22:00:56,31.02,7.63,739.1,25.95,33.02
2019-03-15 23:00:56,33.39,6.82,680.29,20.92,29.02
2019-03-16 00:00:56,27.53,6.02,650.24,23.41,27.65
2019-03-16 01:00:56,21.73,7.43,646.6,25.36,31.06
2019-03-16 02:00:56,25.47,7.25,668.15,22.88,27.07
2019-03-16 03:00:56,27.0,6.6,546.63,4.15,7.01
2019-03-16 04:00:56,16.12,6.15,563.14,3.79,6.66
2019-03-16 05:00:56,11.57,5.74,576.89,6.73,9.61
2019-03-16 06:00:56,11.78,5.92,588.05,9.24,12.22
2019-03-16 07:00:56,15.8,6.31,613.96,13.27,16.99
2019-03-16 08:00:56,17.28,6.8,553.41,22.94,27.86
2019-03-16 09:00:56,16.36,7.57,658.26,39.75,49.58
2019-03-16 10:00:56,16.29,8.2,573.91,30.55,39.14
2019-03-16 11:00:56,21.5,8.48,650.51,28.77,36.38
2019-03-16 12:00:56,20.13,8.4,648.64,27.5,34.95
2019-03-16 13:00:56,26.57,7.38,645.25,22.26,27.81
2019-03-16 14:00:56,25.16,8.72,533.28,19.65,26.81
2019-03-16 15:00:56,19.95,8.54,242.64,16.99,22.74
2019-03-16 16:00:56,15.48,28.72,296.09,13.29,18.37
2019-03-16 17:00:56,21.49,51.9,275.27,18.34,25.57
2019-03-16 18:00:56,20.65,19.07,261.9,15.01,20.09
2019-03-16 19:00:56,15.51,13.21,343.93,25.27,30.48
2019-03-16 20:00:56,19.34,12.83,520.77,27.9,34.93
2019-03-16 21:00:56,24.26,11.3,497.12,22.7,26.02
2019-03-16 22:00:56,28.61,10.95,586.45,22.12,26.17
2019-03-16 23:00:56,29.3,10.54,581.32,24.41,33.28
2019-03-17 00:00:56,29.59,8.16,821.19,39.33,52.87
2019-03-17 01:00:56,29.84,6.8,596.64,35.57,40.58
2019-03-17 02:00:56,34.08,7.16,669.83,17.19,21.11
2019-03-17 03:00:56,31.29,6.12,482.01,8.78,12.02
2019-03-17 04:00:56,29.41,5.7,340.22,7.22,10.03
2019-03-17 05:00:56,15.86,4.07,432.93,16.84,20.3
2019-03-17 06:00:56,14.1,3.46,178.0,6.8,9.76
2019-03-17 07:00:56,21.65,7.32,269.19,17.47,20.7
2019-03-17 08:00:56,24.8,6.69,343.17,16.27,19.81
2019-03-17 09:00:56,20.25,8.66,312.7,14.62,19.68
2019-03-17 10:00:56,15.0,11.36,300.09,10.24,15.45
2019-03-17 11:00:56,18.8,9.22,428.74,13.86,19.47
2019-03-17 12:00:56,18.03,10.04,221.15,10.57,16.26
2019-03-17 13:00:56,12.11,8.98,43.08,6.73,12.11
2019-03-17 14:00:56,11.5,8.04,11.12,4.44,8.43
2019-03-17 15:00:56,18.68,7.73,132.76,6.07,11.02
2019-03-17 16:00:56,29.78,7.69,166.27,4.99,9.7
2019-03-17 17:00:56,28.72,7.94,155.84,3.73,7.95
2019-03-17 18:00:56,31.24,6.91,223.86,7.04,11.94
2019-03-17 19:00:56,38.49,6.01,406.7,19.09,24.23
2019-03-17 20:00:56,39.85,5.75,782.56,25.64,29.41
2019-03-17 21:00:56,41.78,5.02,1027.18,29.64,36.15
2019-03-17 22:00:56,49.1,5.2,1160.57,35.13,41.2
2019-03-17 23:00:56,41.3,4.6,1224.41,34.63,42.97
2019-03-18 00:00:56,39.73,3.37,1185.67,46.8,66.58
2019-03-18 01:00:56,47.92,6.8,1267.37,54.77,92.88
2019-03-18 02:00:56,50.72,6.68,1117.86,46.8,62.58
2019-03-18 03:00:56,49.45,6.74,1183.86,43.2,57.48
2019-03-18 04:00:56,41.0,7.03,1325.72,37.19,45.4
2019-03-18 05:00:56,33.99,6.24,1239.12,23.89,28.15
2019-03-18 06:00:56,29.23,5.67,970.02,16.66,22.08
2019-03-18 07:00:56,20.96,6.18,953.07,27.59,33.67
2019-03-18 08:00:56,29.84,8.17,1390.95,39.1,73.88
2019-03-18 09:00:56,54.42,17.44,1370.34,65.53,127.94
2019-03-18 10:00:56,75.2,85.96,1134.73,48.86,82.04
2019-03-18 11:00:56,74.74,209.5,770.28,26.72,40.71
2019-03-18 12:00:56,68.7,38.68,417.58,7.02,13.33
2019-03-18 13:00:56,46.52,28.12,772.63,9.27,15.78
2019-03-18 14:00:56,38.5,6.87,1388.26,10.26,16.83
2019-03-18 15:00:56,38.99,5.06,272.42,11.27,18.44
2019-03-18 16:00:56,36.8,6.79,195.18,10.49,17.11
2019-03-18 17:00:56,50.35,3.97,164.45,8.96,14.69
2019-03-18 18:00:56,48.86,5.26,154.9,6.85,11.44
2019-03-18 19:00:56,53.45,7.5,105.41,15.92,21.77
2019-03-18 20:00:56,65.39,10.77,306.16,34.88,39.1
2019-03-18 21:00:56,60.93,8.36,565.27,35.42,40.14
2019-03-18 22:00:56,60.48,9.72,611.73,31.85,37.74
2019-03-18 23:00:56,62.6,6.31,852.99,35.92,43.22
2019-03-19 00:00:56,60.78,7.21,283.94,46.04,58.45
2019-03-19 01:00:56,59.48,4.24,278.45,50.66,61.71
2019-03-19 02:00:56,59.91,3.66,121.91,50.75,74.16
2019-03-19 03:00:56,56.94,3.31,29.81,19.99,23.48
2019-03-19 04:00:56,43.67,4.27,0.02,10.15,17.77
2019-03-19 05:00:56,26.0,2.27,12.46,8.16,12.97
2019-03-19 06:00:56,20.5,2.45,0.0,4.03,9.0
2019-03-19 07:00:56,18.71,2.29,1.59,7.66,12.36
2019-03-19 08:00:56,31.31,3.18,110.02,20.68,38.63
2019-03-19 09:00:56,68.56,18.79,288.53,46.48,90.25
2019-03-19 10:00:56,100.7,21.4,7.92,11.05,18.45
2019-03-19 11:00:56,80.47,13.26,0.0,10.2,17.87
2019-03-19 12:00:56,59.93,9.44,0.0,3.99,8.06
2019-03-19 13:00:56,47.8,5.9,29.72,5.39,10.83
2019-03-19 14:00:56,42.65,1.28,307.8,6.21,10.9
2019-03-19 15:00:56,40.33,0.61,317.21,6.02,10.62
2019-03-19 16:00:56,44.74,0.44,366.6,7.14,12.32
2019-03-19 17:00:56,55.74,0.3,384.0,11.5,18.97
2019-03-19 18:00:56,60.8,1.49,365.84,21.1,34.95
2019-03-19 19:00:56,63.48,2.8,344.88,28.77,42.19
2019-03-19 20:00:56,75.23,3.65,418.7,24.65,31.95
2019-03-19 21:00:56,87.82,6.19,550.98,31.93,37.95
2019-03-19 22:00:56,77.96,4.58,890.84,57.65,80.66
2019-03-19 23:00:56,70.83,2.25,1163.46,51.23,63.41
2019-03-20 00:00:56,69.56,3.05,657.89,50.0,65.33
2019-03-20 01:00:56,71.72,3.51,163.66,40.11,47.04
2019-03-20 02:00:56,58.9,2.94,184.96,32.97,38.35
2019-03-20 03:00:56,51.01,3.18,88.06,25.01,28.75
2019-03-20 04:00:56,43.03,3.62,82.69,29.0,36.2
2019-03-20 05:00:56,32.4,3.57,105.11,23.13,26.84
2019-03-20 06:00:56,36.64,2.88,23.02,23.95,33.21
2019-03-20 07:00:56,45.15,3.89,1.41,45.84,64.81
2019-03-20 08:00:56,45.23,5.42,29.82,40.51,60.31
2019-03-20 09:00:56,52.33,5.65,44.74,32.58,44.87
2019-03-20 10:00:56,72.52,6.51,4.47,22.79,30.63
2019-03-20 11:00:56,70.23,7.75,1.5,20.13,29.14
2019-03-20 12:00:56,57.36,6.31,2.58,13.67,20.39
2019-03-20 13:00:56,47.65,7.1,1.31,8.71,14.4
2019-03-20 14:00:56,34.74,7.42,0.0,5.24,10.33
2019-03-20 15:00:56,30.8,5.98,664.38,6.99,13.45
2019-03-20 16:00:56,36.99,1.77,1403.17,10.61,18.38
2019-03-20 17:00:56,46.36,3.18,1432.62,10.21,16.39
2019-03-20 18:00:56,46.67,1.44,1420.87,15.77,23.23
2019-03-20 19:00:56,53.75,1.76,1306.68,26.08,33.24
2019-03-20 20:00:56,59.19,2.31,1423.32,38.49,46.37
2019-03-20 21:00:56,58.09,2.28,1615.44,40.59,46.57
2019-03-20 22:00:56,54.64,2.25,1720.13,25.87,30.53
2019-03-20 23:00:56,39.39,0.88,1615.88,19.6,24.49
2019-03-21 00:00:56,33.64,0.49,1609.26,15.06,18.73
2019-03-21 01:00:56,29.7,4.94,1610.73,9.43,12.36
2019-03-21 02:00:56,23.23,4.26,1655.51,7.4,10.59
2019-03-21 03:00:56,30.02,6.69,1140.5,12.94,15.93
2019-03-21 04:00:56,30.4,8.32,956.11,15.69,18.5
2019-03-21 05:00:56,29.46,8.39,865.39,11.15,14.23
2019-03-21 06:00:56,29.69,8.72,831.91,17.49,21.9
2019-03-21 07:00:56,27.9,9.01,894.57,22.39,25.48
2019-03-21 08:00:56,31.81,8.63,929.29,27.65,32.1
2019-03-21 09:00:56,41.09,8.94,860.82,31.07,37.61
2019-03-21 10:00:56,60.07,10.3,923.62,33.41,41.9
2019-03-21 11:00:56,64.19,9.9,843.02,29.8,37.08
2019-03-21 12:00:56,62.26,10.21,862.36,32.7,64.67
2019-03-21 13:00:56,73.78,9.41,836.7,13.34,19.13
2019-03-21 14:00:56,69.31,9.42,748.78,13.66,19.18
2019-03-21 15:00:56,57.91,12.71,338.66,14.17,19.88
2019-03-21 16:00:56,52.53,25.43,382.63,21.1,27.92
2019-03-21 17:00:56,64.02,11.42,459.68,18.01,25.13
2019-03-21 18:00:56,63.86,10.32,449.1,12.3,17.75
2019-03-21 19:00:56,62.04,9.31,404.82,8.23,13.03
2019-03-21 20:00:56,49.94,8.64,450.95,9.56,14.0
2019-03-21 21:00:56,45.09,9.6,501.51,13.55,18.45
2019-03-21 22:00:56,45.18,10.31,526.07,17.32,22.19
2019-03-21 23:00:56,52.42,10.24,507.53,17.34,21.78
2019-03-22 00:00:56,51.87,8.86,503.62,12.42,16.4
2019-03-22 01:00:56,48.21,5.38,537.39,14.06,17.36
2019-03-22 02:00:56,54.07,5.38,543.53,14.7,17.74
2019-03-22 03:00:56,55.31,5.54,525.98,13.09,16.22
2019-03-22 04:00:56,54.97,5.38,469.26,11.49,14.48
2019-03-22 05:00:56,48.07,4.89,438.3,7.5,10.53
2019-03-22 06:00:56,39.32,4.73,450.22,12.44,16.09
2019-03-22 07:00:56,33.14,4.67,446.19,13.62,17.21
2019-03-22 08:00:56,33.72,4.34,464.27,19.16,25.68
2019-03-22 09:00:56,42.66,4.35,571.91,36.25,45.97
2019-03-22 10:00:56,61.83,7.13,590.32,18.22,23.81
2019-03-22 11:00:56,66.69,23.76,518.47,10.89,16.43
2019-03-22 12:00:56,64.49,30.18,311.17,7.21,11.59
2019-03-22 13:00:56,56.83,30.56,140.96,11.81,17.56
2019-03-22 14:00:56,51.03,40.44,8.0,11.08,16.45
2019-03-22 15:00:56,50.08,24.81,39.91,12.38,19.06
2019-03-22 16:00:56,55.12,12.51,77.56,14.52,20.91
2019-03-22 17:00:56,53.16,10.2,124.3,18.5,25.98
2019-03-22 18:00:56,48.58,9.65,164.54,15.27,21.05
2019-03-22 19:00:56,50.12,8.01,362.56,29.28,36.52
2019-03-22 20:00:56,65.59,8.91,1017.27,59.5,68.38
2019-03-22 21:00:56,77.31,9.64,854.04,51.58,67.37
2019-03-22 22:00:56,88.19,10.23,1453.9,78.4,136.15
2019-03-22 23:00:56,104.19,10.17,1604.88,79.22,143.33
2019-03-23 00:00:56,105.94,6.46,969.7,44.22,55.15
2019-03-23 01:00:56,88.5,7.99,1763.35,46.51,59.6
2019-03-23 02:00:56,77.66,7.29,924.85,29.22,35.31
2019-03-23 03:00:56,65.0,7.96,959.72,49.32,79.17
2019-03-23 04:00:56,62.59,6.62,827.0,18.38,23.28
2019-03-23 05:00:56,47.52,6.68,633.18,26.71,33.11
2019-03-23 06:00:56,34.47,7.62,628.21,21.91,25.35
2019-03-23 07:00:56,30.66,7.37,669.46,37.1,76.59
2019-03-23 08:00:56,38.04,8.11,756.41,39.76,69.21
2019-03-23 09:00:56,65.25,12.19,854.13,60.77,127.78
2019-03-23 10:00:56,80.67,74.53,509.87,24.45,35.79
2019-03-23 11:00:56,81.11,124.0,444.73,39.04,51.98
2019-03-23 12:00:56,81.1,51.29,285.36,26.44,34.68
2019-03-23 13:00:56,83.7,18.62,498.71,31.27,40.26
2019-03-23 14:00:56,77.01,15.84,288.1,27.59,35.34
2019-03-23 15:00:56,66.58,11.91,238.81,22.12,29.74
2019-03-23 16:00:56,88.53,14.0,316.26,17.74,23.47
2019-03-23 17:00:56,85.55,8.63,470.72,11.58,16.17
2019-03-23 18:00:56,49.95,16.45,526.27,15.8,20.94
2019-03-23 19:00:56,40.22,20.9,545.22,15.24,20.42
2019-03-23 20:00:56,29.99,10.19,679.71,20.44,24.33
2019-03-23 21:00:56,24.08,13.31,649.34,10.88,14.2
2019-03-23 22:00:56,25.78,15.03,617.0,13.75,17.46
2019-03-23 23:00:56,27.72,12.27,644.31,20.8,24.91
2019-03-24 00:00:56,25.62,10.23,664.18,24.98,28.17
2019-03-24 01:00:56,20.03,8.75,535.86,11.36,14.0
2019-03-24 02:00:56,20.16,6.26,529.71,4.65,7.41
2019-03-24 03:00:56,16.28,5.54,509.99,4.37,7.04
2019-03-24 04:00:56,16.26,4.81,482.59,3.63,6.11
2019-03-24 05:00:56,21.32,4.11,608.0,3.97,6.44
2019-03-24 06:00:56,16.78,4.14,663.93,13.69,16.36
2019-03-24 07:00:56,10.42,5.14,543.97,5.78,8.43
2019-03-24 08:00:56,7.44,5.97,571.64,9.05,12.25
2019-03-24 09:00:56,9.04,10.39,573.57,9.42,14.36
2019-03-24 10:00:56,11.12,76.25,532.25,7.79,11.96
2019-03-24 11:00:56,12.82,18.01,523.55,9.87,15.07
2019-03-24 12:00:56,17.14,12.79,514.0,7.54,13.0
2019-03-24 13:00:56,11.99,11.92,542.61,9.41,15.4
2019-03-24 14:00:56,13.04,9.04,427.14,11.07,17.73
2019-03-24 15:00:56,15.66,6.91,257.89,15.52,22.34
2019-03-24 16:00:56,19.39,5.77,396.09,13.77,19.52
2019-03-24 17:00:56,24.35,5.87,482.03,16.91,22.94
2019-03-24 18:00:56,22.2,6.41,618.01,27.21,38.56
2019-03-24 19:00:56,18.31,6.33,500.26,18.58,24.39
2019-03-24 20:00:56,19.78,6.23,672.92,37.14,45.26
2019-03-24 21:00:56,18.65,7.03,900.04,35.25,41.92
2019-03-24 22:00:56,30.45,6.6,828.92,23.86,28.05
2019-03-24 23:00:56,40.12,7.08,1242.48,41.48,56.73
2019-03-25 00:00:56,47.73,5.94,1377.81,39.09,48.75
2019-03-25 01:00:56,53.02,5.09,977.4,32.99,45.11
2019-03-25 02:00:56,46.26,4.78,650.06,10.32,13.01
2019-03-25 03:00:56,29.19,4.7,544.45,7.14,9.59
2019-03-25 04:00:56,16.31,4.71,640.22,10.31,12.85
2019-03-25 05:00:56,14.03,5.21,584.44,12.0,14.69
2019-03-25 06:00:56,15.37,4.84,531.64,6.74,9.55
2019-03-25 07:00:56,9.35,4.91,533.35,9.95,13.13
2019-03-25 08:00:56,8.92,4.68,695.66,23.92,31.53
2019-03-25 09:00:56,10.27,8.12,654.24,15.92,21.23
2019-03-25 10:00:56,9.97,10.42,550.07,7.79,12.96
2019-03-25 11:00:56,12.05,8.42,487.08,3.68,7.35
2019-03-25 12:00:56,15.34,26.15,529.86,15.43,21.74
2019-03-25 13:00:56,22.96,32.29,400.56,9.55,15.05
2019-03-25 14:00:56,23.79,11.53,440.94,8.37,13.11
2019-03-25 15:00:56,18.08,8.4,315.06,13.43,20.2
2019-03-25 16:00:56,20.1,6.32,284.85,12.33,18.95
2019-03-25 17:00:56,26.71,6.52,335.0,15.17,24.37
2019-03-25 18:00:56,24.04,6.51,419.44,16.44,23.58
2019-03-25 19:00:56,31.01,6.22,464.15,23.76,29.59
2019-03-25 20:00:56,43.2,7.05,880.41,46.53,54.11
2019-03-25 21:00:56,45.37,5.93,633.78,22.7,26.43
2019-03-25 22:00:56,41.87,5.57,761.78,39.61,53.66
2019-03-25 23:00:56,46.02,6.05,1099.89,44.62,59.91
2019-03-26 00:00:56,54.67,4.58,882.01,27.86,37.8
2019-03-26 01:00:56,49.73,5.41,857.27,37.46,63.24
2019-03-26 02:00:56,46.39,5.67,845.75,45.74,100.18
2019-03-26 03:00:56,45.37,4.33,729.1,28.37,35.98
2019-03-26 04:00:56,38.39,4.3,678.27,6.75,10.27
2019-03-26 05:00:56,23.56,3.89,645.76,5.11,7.72
2019-03-26 06:00:56,13.24,3.3,477.71,4.54,7.12
2019-03-26 07:00:56,8.07,2.79,624.19,16.19,23.51
2019-03-26 08:00:56,12.18,4.71,663.18,15.66,24.39
2019-03-26 09:00:56,27.36,5.45,629.01,16.81,26.7
2019-03-26 10:00:56,35.85,7.38,383.67,5.04,10.12
2019-03-26 11:00:56,27.5,6.6,287.87,3.11,7.33
2019-03-26 12:00:56,15.42,0.0,123.04,3.26,6.96
2019-03-26 13:00:56,13.22,5.02,125.9,3.58,0.0
2019-03-26 14:00:56,18.5,0.8,0.0,6.03,10.93
2019-03-26 15:00:56,26.42,0.0,349.2,4.54,8.87
2019-03-26 16:00:56,34.31,0.0,338.1,6.75,11.62
2019-03-26 17:00:56,26.07,0.0,307.4,6.31,11.54
2019-03-26 18:00:56,27.85,0.24,286.94,10.89,16.69
2019-03-26 19:00:56,45.02,1.93,350.76,14.77,21.0
2019-03-26 20:00:56,48.21,3.88,528.26,26.6,33.35
2019-03-26 21:00:56,53.6,3.03,684.12,26.17,30.3
2019-03-26 22:00:56,59.0,0.56,644.03,16.63,19.67
2019-03-26 23:00:56,49.58,3.29,215.53,20.68,24.27
2019-03-27 00:00:56,42.8,4.46,200.78,35.36,43.81
2019-03-27 01:00:56,39.03,4.72,269.8,40.93,50.02
2019-03-27 02:00:56,38.12,4.8,171.21,25.03,33.17
2019-03-27 03:00:56,40.42,4.53,242.07,21.66,24.96
2019-03-27 04:00:56,33.23,4.17,147.84,12.73,16.23
2019-03-27 05:00:56,29.93,4.52,19.14,25.42,36.65
2019-03-27 06:00:56,30.69,4.78,18.29,38.49,65.64
2019-03-27 07:00:56,29.3,4.56,23.22,26.01,38.96
2019-03-27 08:00:56,34.41,6.54,222.53,30.42,61.96
2019-03-27 09:00:56,59.69,10.05,247.18,37.7,64.04
2019-03-27 10:00:56,88.77,49.25,0.63,16.0,23.84
2019-03-27 11:00:56,72.99,108.22,1.46,18.96,27.72
2019-03-27 12:00:56,71.84,52.6,0.0,10.57,16.56
2019-03-27 13:00:56,56.57,20.02,0.0,7.55,12.57
2019-03-27 14:00:56,36.65,15.53,0.0,12.17,18.38
2019-03-27 15:00:56,32.1,8.73,907.21,9.01,14.84
2019-03-27 16:00:56,38.47,28.72,1731.38,13.22,21.57
2019-03-27 17:00:56,49.19,21.3,1690.03,16.03,22.24
2019-03-27 18:00:56,53.37,15.74,1736.29,13.62,19.26
2019-03-27 19:00:56,54.58,7.67,1643.03,7.78,12.69
2019-03-27 20:00:56,44.19,6.24,1707.18,14.2,19.23
2019-03-27 21:00:56,34.95,5.09,1787.81,15.65,21.09
2019-03-27 22:00:56,37.63,4.6,1840.66,12.4,17.33
2019-03-27 23:00:56,44.85,4.17,1934.97,14.42,18.9
2019-03-28 00:00:56,43.82,3.7,1977.0,11.9,16.08
2019-03-28 01:00:56,41.71,7.96,2092.82,10.67,14.24
2019-03-28 02:00:56,39.88,7.27,1999.43,8.57,11.86
2019-03-28 03:00:56,40.56,7.49,2003.57,13.46,16.88
2019-03-28 04:00:56,38.68,7.42,2008.52,7.51,10.41
2019-03-28 05:00:56,43.46,5.64,2066.18,4.23,7.23
2019-03-28 06:00:56,42.03,4.72,1976.86,7.01,10.34
2019-03-28 07:00:56,29.42,8.29,1304.9,12.18,16.13
2019-03-28 08:00:56,27.48,9.56,1170.4,23.43,29.5
2019-03-28 09:00:56,34.17,9.32,1109.63,32.33,41.31
2019-03-28 10:00:56,25.61,9.1,1167.31,17.09,20.71
2019-03-28 11:00:56,20.17,0.0,0.0,24.13,32.78
2019-03-28 12:00:56,22.67,8.91,1090.54,24.34,32.05
2019-03-28 13:00:56,24.31,10.43,972.06,13.9,18.22
2019-03-28 14:00:56,30.5,11.28,920.59,15.59,21.12
2019-03-28 15:00:56,30.72,20.62,313.75,22.98,31.42
2019-03-28 16:00:56,36.53,23.21,280.7,20.55,28.21
2019-03-28 17:00:56,36.31,31.93,268.0,20.53,27.85
2019-03-28 18:00:56,32.16,15.91,244.26,23.35,30.98
2019-03-28 19:00:56,25.56,13.26,356.14,34.44,42.6
2019-03-28 20:00:56,27.31,18.05,603.17,32.79,38.9
2019-03-28 21:00:56,35.68,47.39,566.82,23.5,27.33
2019-03-28 22:00:56,37.0,17.12,921.01,26.14,30.9
2019-03-28 23:00:56,43.0,15.34,796.87,27.24,32.33
2019-03-29 00:00:56,40.62,12.92,809.19,45.5,55.47
2019-03-29 01:00:56,27.54,8.7,654.57,17.17,21.37
2019-03-29 02:00:56,23.4,7.14,874.4,18.69,23.54
2019-03-29 03:00:56,18.29,7.17,583.71,13.19,16.97
2019-03-29 04:00:56,20.93,7.39,435.93,6.57,9.33
2019-03-29 05:00:56,16.63,7.47,401.83,4.11,6.75
2019-03-29 06:00:56,11.08,5.64,445.78,4.03,7.09
2019-03-29 07:00:56,12.57,5.68,511.0,18.3,26.64
2019-03-29 08:00:56,17.91,7.54,580.82,30.38,40.98
2019-03-29 09:00:56,18.29,9.68,546.8,25.7,33.37
2019-03-29 10:00:56,16.48,9.13,472.07,19.0,26.7
2019-03-29 11:00:56,14.93,7.9,291.49,9.92,15.75
2019-03-29 12:00:56,14.8,7.81,348.03,9.41,15.63
2019-03-29 13:00:56,21.62,7.37,309.35,13.21,19.34
2019-03-29 14:00:56,23.24,7.02,329.94,9.55,15.31
2019-03-29 15:00:56,23.27,7.46,228.22,8.45,14.81
2019-03-29 16:00:56,26.39,4.83,300.4,13.96,19.23
2019-03-29 17:00:56,27.36,6.96,391.46,25.16,31.75
2019-03-29 18:00:56,28.22,6.08,485.32,27.01,32.57
2019-03-29 19:00:56,27.62,5.86,680.18,37.72,47.6
2019-03-29 20:00:56,33.07,6.29,1011.32,48.2,68.18
2019-03-29 21:00:56,43.93,5.73,1005.64,41.97,57.17
2019-03-29 22:00:56,40.42,5.56,1281.9,48.17,75.62
2019-03-29 23:00:56,40.49,5.97,885.83,53.85,76.45
2019-03-30 00:00:56,44.62,6.63,604.52,27.22,31.19
2019-03-30 01:00:56,34.8,7.19,500.63,25.08,28.41
2019-03-30 02:00:56,27.2,7.84,440.19,22.38,26.1
2019-03-30 03:00:56,24.81,6.87,309.76,18.89,22.02
2019-03-30 04:00:56,23.35,6.46,300.84,27.36,31.15
2019-03-30 05:00:56,18.11,5.88,321.0,21.6,24.52
2019-03-30 06:00:56,18.32,5.51,288.91,33.52,42.14
2019-03-30 07:00:56,13.29,5.45,322.0,19.54,23.01
2019-03-30 08:00:56,13.64,6.45,419.23,35.89,49.41
2019-03-30 09:00:56,22.44,7.44,460.7,46.01,61.2
2019-03-30 10:00:56,37.18,8.55,330.17,33.65,48.94
2019-03-30 11:00:56,36.57,8.91,269.47,14.82,22.33
2019-03-30 12:00:56,26.4,8.91,241.77,11.65,17.71
2019-03-30 13:00:56,24.03,13.65,208.86,13.09,20.83
2019-03-30 14:00:56,26.76,52.41,97.51,12.26,19.15
2019-03-30 15:00:56,36.25,15.85,298.19,9.62,16.28
2019-03-30 16:00:56,33.12,9.39,326.73,7.49,14.02
2019-03-30 17:00:56,23.58,8.54,277.68,8.48,13.77
2019-03-30 18:00:56,28.73,8.55,396.62,12.89,18.99
2019-03-30 19:00:56,38.47,7.31,374.82,17.2,22.56
2019-03-30 20:00:56,34.1,6.19,599.09,46.22,57.12
2019-03-30 21:00:56,43.24,6.29,1288.31,81.88,125.82
2019-03-30 22:00:56,65.46,5.61,795.48,40.92,46.19
2019-03-30 23:00:56,75.77,5.86,884.7,45.2,59.7
2019-03-31 00:00:56,74.64,6.38,1684.91,82.93,154.99
2019-03-31 01:00:56,85.3,6.14,1523.7,71.12,95.63
2019-03-31 02:00:56,75.38,5.86,792.52,35.57,40.98
2019-03-31 03:00:56,58.45,5.3,716.85,35.88,40.51
2019-03-31 04:00:56,47.09,4.57,516.17,16.85,19.43
2019-03-31 05:00:56,33.91,4.36,504.21,14.36,17.03
2019-03-31 06:00:56,28.89,3.97,624.17,29.48,33.2
2019-03-31 07:00:56,29.93,4.37,620.97,30.44,37.87
2019-03-31 08:00:56,31.36,6.74,842.49,43.34,55.08
2019-03-31 09:00:56,31.43,57.86,525.43,14.81,20.24
2019-03-31 10:00:56,28.47,37.9,377.43,5.96,10.39
2019-03-31 11:00:56,18.66,15.53,338.1,6.16,10.49
2019-03-31 12:00:56,16.75,24.86,251.84,7.64,13.24
2019-03-31 13:00:56,14.82,10.54,229.08,6.82,11.56
2019-03-31 14:00:56,14.1,14.3,323.42,12.84,19.0
2019-03-31 15:00:56,19.11,33.16,277.0,12.38,18.34
2019-03-31 16:00:56,25.42,43.47,257.4,12.21,17.68
2019-03-31 17:00:56,27.9,56.37,294.13,8.13,11.94
2019-03-31 18:00:56,23.79,30.9,305.47,10.96,15.67
2019-03-31 19:00:56,24.37,14.05,292.49,14.67,17.93
2019-03-31 20:00:56,33.94,9.65,453.99,21.07,26.07
2019-03-31 21:00:56,31.46,8.48,651.19,20.71,25.33
2019-03-31 22:00:56,36.83,7.8,595.77,19.63,27.04
2019-03-31 23:00:56,44.73,7.24,839.87,22.98,29.89
2019-04-01 00:00:56,52.67,5.76,831.49,38.75,49.39
2019-04-01 01:00:56,56.34,5.43,1009.19,34.68,56.62
2019-04-01 02:00:56,53.6,4.65,918.2,23.8,27.59
2019-04-01 03:00:56,50.83,4.52,714.96,38.74,51.28
2019-04-01 04:00:56,0.0,0.0,0.0,0.0,0.0
2019-04-01 05:00:56,0.0,0.0,0.0,0.0,0.0
2019-04-01 06:00:56,0.86,36.18,965.09,26.57,31.8
2019-04-01 07:00:56,9.74,56.33,315.18,36.63,61.43
2019-04-01 08:00:56,29.74,57.87,109.19,28.27,41.81
2019-04-01 09:00:56,45.85,64.41,56.73,41.9,71.13
2019-04-01 10:00:56,49.83,63.76,0.0,17.51,23.59
2019-04-01 11:00:56,42.59,65.25,0.0,15.12,23.13
2019-04-01 12:00:56,38.37,64.69,0.0,9.77,15.37
2019-04-01 13:00:56,52.0,53.84,254.42,9.26,15.35
2019-04-01 14:00:56,59.0,55.42,631.67,13.09,20.31
2019-04-01 15:00:56,48.47,82.64,669.42,11.91,17.63
2019-04-01 16:00:56,46.61,59.4,627.91,13.15,18.19
2019-04-01 17:00:56,47.88,66.82,242.02,16.1,20.56
2019-04-01 18:00:56,42.55,56.25,297.08,14.14,19.29
2019-04-01 19:00:56,52.38,68.98,488.62,28.88,41.31
2019-04-01 20:00:56,55.35,66.27,569.35,25.66,29.44
2019-04-01 21:00:56,54.54,61.15,490.64,23.72,28.51
2019-04-01 22:00:56,58.3,60.02,498.46,39.63,46.79
2019-04-01 23:00:56,56.93,59.62,737.72,29.09,32.9
2019-04-02 00:00:56,51.67,49.49,666.46,28.37,34.21
2019-04-02 01:00:56,60.33,9.32,617.64,26.45,29.93
2019-04-02 02:00:56,56.6,8.52,534.97,15.0,18.48
2019-04-02 03:00:56,39.07,6.27,538.3,9.85,13.08
2019-04-02 04:00:56,37.23,5.34,499.08,5.12,7.91
2019-04-02 05:00:56,42.12,4.37,535.19,8.21,12.69
2019-04-02 06:00:56,39.87,3.69,536.97,8.55,11.43
2019-04-02 07:00:56,40.05,2.46,642.32,14.97,20.63
2019-04-02 08:00:56,30.6,3.33,602.66,21.98,28.69
2019-04-02 09:00:56,26.21,6.26,523.64,39.35,49.12
2019-04-02 10:00:56,25.28,6.78,363.74,17.97,24.8
2019-04-02 11:00:56,29.22,7.2,243.75,16.06,22.52
2019-04-02 12:00:56,44.3,4.89,290.97,15.6,21.54
2019-04-02 13:00:56,65.79,7.94,306.6,14.72,20.59
2019-04-02 14:00:56,63.19,6.52,217.86,10.21,16.09
2019-04-02 15:00:56,54.64,3.73,197.87,8.95,14.03
2019-04-02 16:00:56,50.16,3.91,361.81,18.72,26.81
2019-04-02 17:00:56,55.43,2.96,209.12,13.37,18.85
2019-04-02 18:00:56,55.3,4.13,252.34,14.33,19.2
2019-04-02 19:00:56,52.67,26.24,289.62,15.89,21.82
2019-04-02 20:00:56,64.97,12.8,238.0,15.6,20.42
2019-04-02 21:00:56,65.1,7.8,182.91,8.18,12.01
2019-04-02 22:00:56,49.82,7.11,238.03,15.1,19.83
2019-04-02 23:00:56,49.38,5.73,591.76,29.31,33.98
2019-04-03 00:00:56,58.2,4.68,665.34,28.78,32.76
2019-04-03 01:00:56,61.5,4.61,674.06,22.48,26.42
2019-04-03 02:00:56,56.11,3.78,546.43,17.65,20.97
2019-04-03 03:00:56,45.78,6.68,192.43,15.29,18.91
2019-04-03 04:00:56,38.45,6.84,0.0,15.88,19.43
2019-04-03 05:00:56,43.12,6.39,0.0,12.43,16.37
2019-04-03 06:00:56,41.81,5.78,0.0,15.42,20.53
2019-04-03 07:00:56,34.13,5.99,5.56,20.86,24.81
2019-04-03 08:00:56,36.69,6.82,40.56,39.26,56.97
2019-04-03 09:00:56,46.69,8.4,5.37,20.64,25.15
2019-04-03 10:00:56,55.34,10.38,0.0,24.3,31.73
2019-04-03 11:00:56,60.52,25.78,0.0,25.35,34.07
2019-04-03 12:00:56,61.58,16.64,0.0,15.71,22.5
2019-04-03 13:00:56,52.32,13.71,0.0,8.76,13.77
2019-04-03 14:00:56,51.79,12.96,0.0,9.81,15.48
2019-04-03 15:00:56,51.71,16.91,0.0,12.21,17.62
2019-04-03 16:00:56,53.88,54.22,0.0,16.61,23.34
2019-04-03 17:00:56,50.49,21.3,283.88,17.75,24.29
2019-04-03 18:00:56,44.51,15.74,510.5,18.12,24.14
2019-04-03 19:00:56,47.81,31.5,659.15,22.79,29.45
2019-04-03 20:00:56,51.03,23.13,853.64,15.86,20.13
2019-04-03 21:00:56,43.08,14.67,840.85,11.86,16.82
2019-04-03 22:00:56,29.21,13.2,866.83,14.05,17.73
2019-04-03 23:00:56,34.7,12.1,962.18,20.52,25.88
2019-04-04 00:00:56,33.47,9.64,892.52,9.78,13.73
2019-04-04 01:00:56,28.28,7.25,883.89,4.7,7.53
2019-04-04 02:00:56,28.99,6.35,853.99,2.92,5.66
2019-04-04 03:00:56,25.76,6.9,872.16,5.62,8.46
2019-04-04 04:00:56,27.03,9.41,868.33,3.17,5.85
2019-04-04 05:00:56,25.84,10.58,939.81,4.71,7.42
2019-04-04 06:00:56,29.11,8.52,942.03,6.62,9.46
2019-04-04 07:00:56,27.41,7.88,870.87,6.99,9.73
2019-04-04 08:00:56,19.68,6.91,901.14,9.6,12.44
2019-04-04 09:00:56,24.33,7.93,938.62,16.59,22.25
2019-04-04 10:00:56,34.58,9.37,818.84,8.65,12.6
2019-04-04 11:00:56,43.78,10.6,769.93,5.78,9.72
2019-04-04 12:00:56,43.3,9.74,763.52,4.95,8.35
2019-04-04 13:00:56,39.85,10.47,749.78,6.27,10.51
2019-04-04 14:00:56,35.29,15.1,597.87,16.33,23.24
2019-04-04 15:00:56,48.09,159.52,472.47,20.09,27.45
2019-04-04 16:00:56,71.97,75.71,445.76,26.12,32.24
2019-04-04 17:00:56,84.36,25.22,332.46,17.61,24.95
2019-04-04 18:00:56,82.86,14.51,397.32,18.6,26.42
2019-04-04 19:00:56,71.43,11.75,579.59,22.24,28.06
2019-04-04 20:00:56,72.31,10.46,728.31,12.42,17.32
2019-04-04 21:00:56,67.11,8.9,748.55,10.97,14.79
2019-04-04 22:00:56,61.19,8.15,987.5,13.68,18.22
2019-04-04 23:00:56,63.61,6.86,1008.92,7.08,11.26
2019-04-05 00:00:56,61.94,5.63,1064.11,8.02,11.94
2019-04-05 01:00:56,48.0,6.21,1034.6,4.89,7.61
2019-04-05 02:00:56,41.28,5.48,1085.86,7.05,9.79
2019-04-05 03:00:56,41.13,5.22,1095.32,8.66,11.46
2019-04-05 04:00:56,33.96,5.12,1023.31,2.76,5.8
2019-04-05 05:00:56,18.93,4.4,1081.03,2.73,5.5
2019-04-05 06:00:56,19.51,4.62,1075.43,4.98,8.73
2019-04-05 07:00:56,33.44,4.91,1118.13,5.87,9.18
2019-04-05 08:00:56,38.71,4.61,1155.21,13.29,21.12
2019-04-05 09:00:56,45.86,6.78,1086.44,9.12,14.41
2019-04-05 10:00:56,61.9,21.79,1005.62,18.55,27.47
2019-04-05 11:00:56,68.46,77.21,902.57,23.65,33.31
2019-04-05 12:00:56,81.24,123.44,786.54,20.59,28.59
2019-04-05 13:00:56,87.35,58.21,605.69,14.41,21.56
2019-04-05 14:00:56,83.08,28.27,429.26,11.36,17.76
2019-04-05 15:00:56,77.91,95.86,300.47,16.21,24.23
2019-04-05 16:00:56,72.21,29.4,1019.11,13.01,19.79
2019-04-05 17:00:56,69.57,27.55,356.59,25.58,39.61
2019-04-05 18:00:56,69.44,12.3,293.53,24.59,32.54
2019-04-05 19:00:56,62.59,9.39,348.93,26.6,33.43
2019-04-05 20:00:56,67.21,8.03,367.19,19.2,23.55
2019-04-05 21:00:56,58.14,8.38,238.23,25.08,36.63
2019-04-05 22:00:56,52.25,9.98,268.3,14.85,20.36
2019-04-05 23:00:56,64.72,14.68,368.46,10.39,14.75
2019-04-06 00:00:56,69.64,13.77,278.33,8.38,12.06
2019-04-06 01:00:56,63.15,11.83,283.3,5.62,9.08
2019-04-06 02:00:56,57.01,10.04,259.83,3.27,6.08
2019-04-06 03:00:56,54.45,8.52,222.37,2.39,5.11
2019-04-06 04:00:56,64.42,7.25,285.92,3.07,5.89
2019-04-06 05:00:56,60.52,5.89,293.97,2.6,5.53
2019-04-06 06:00:56,56.18,6.1,317.42,2.92,5.8
2019-04-06 07:00:56,48.42,5.69,354.11,3.79,6.94
2019-04-06 08:00:56,37.62,6.7,384.01,6.9,11.22
2019-04-06 09:00:56,42.81,10.76,386.39,4.77,9.99
2019-04-06 10:00:56,42.3,13.22,305.4,4.49,9.86
2019-04-06 11:00:56,33.63,10.2,300.93,3.92,8.66
2019-04-06 12:00:56,40.82,53.98,332.96,17.28,27.76
2019-04-06 13:00:56,67.19,123.41,457.51,27.8,42.11
2019-04-06 14:00:56,101.49,33.18,606.83,46.59,63.59
2019-04-06 15:00:56,112.98,20.31,568.39,38.7,51.35
2019-04-06 16:00:56,120.62,12.22,498.07,32.93,42.45
2019-04-06 17:00:56,110.88,5.09,249.98,15.52,22.08
2019-04-06 18:00:56,95.24,0.0,293.54,7.86,12.52
2019-04-06 19:00:56,83.07,3.35,495.02,36.33,44.67
2019-04-06 20:00:56,90.99,3.25,651.7,61.4,75.78
2019-04-06 21:00:56,106.61,4.81,727.17,74.93,99.97
2019-04-06 22:00:56,126.33,6.59,0.0,61.18,87.18
2019-04-06 23:00:56,138.82,5.99,1172.27,0.0,0.0
2019-04-07 00:00:56,137.23,0.0,1141.48,35.17,43.8
2019-04-07 01:00:56,116.16,5.46,1059.33,31.06,42.42
2019-04-07 02:00:56,99.23,3.57,889.7,10.37,13.8
2019-04-07 03:00:56,72.94,4.19,469.84,7.34,10.73
2019-04-07 04:00:56,51.42,6.5,63.27,5.63,8.54
2019-04-07 05:00:56,34.85,6.99,37.83,5.18,8.63
2019-04-07 06:00:56,28.19,6.95,0.0,4.25,7.22
2019-04-07 07:00:56,30.24,6.99,0.0,6.41,10.62
2019-04-07 08:00:56,28.1,6.8,34.02,6.02,11.44
2019-04-07 09:00:56,25.66,27.26,20.84,7.56,15.42
2019-04-07 10:00:56,64.6,0.0,26.02,17.45,33.38
2019-04-07 11:00:56,121.22,0.0,6.68,16.32,27.06
2019-04-07 12:00:56,131.65,0.0,74.68,16.41,25.97
2019-04-07 13:00:56,131.51,57.8,746.58,18.41,27.59
2019-04-07 14:00:56,109.73,21.51,527.9,23.46,33.78
2019-04-07 15:00:56,71.38,12.26,495.26,27.5,38.72
2019-04-07 16:00:56,59.04,7.61,435.58,19.0,28.02
2019-04-07 17:00:56,57.35,6.97,401.94,16.56,22.5
2019-04-07 18:00:56,59.26,5.2,668.21,43.21,53.93
2019-04-07 19:00:56,68.42,5.38,509.09,40.94,48.63
2019-04-07 20:00:56,67.78,5.26,509.08,45.03,52.32
2019-04-07 21:00:56,63.92,6.03,402.0,27.78,32.71
2019-04-07 22:00:56,52.03,6.73,447.49,41.83,48.53
2019-04-07 23:00:56,44.92,6.54,376.86,33.25,41.89
2019-04-08 00:00:56,40.96,5.98,316.88,22.86,27.45
2019-04-08 01:00:56,32.36,5.53,357.38,29.56,33.33
2019-04-08 02:00:56,38.59,4.95,515.5,20.59,24.47
2019-04-08 03:00:56,32.84,5.32,327.56,34.7,38.9
2019-04-08 04:00:56,32.41,5.35,427.29,29.01,32.99
2019-04-08 05:00:56,38.43,5.37,521.61,22.8,27.04
2019-04-08 06:00:56,35.1,5.38,586.25,23.15,31.21
2019-04-08 07:00:56,39.05,5.43,785.48,22.0,29.98
2019-04-08 08:00:56,55.95,6.26,771.13,24.05,44.09
2019-04-08 09:00:56,80.64,9.83,712.07,23.63,41.52
2019-04-08 10:00:56,96.81,21.12,677.22,22.96,34.6
2019-04-08 11:00:56,95.14,25.46,736.01,21.72,35.27
2019-04-08 12:00:56,98.76,111.1,798.93,32.74,50.11
2019-04-08 13:00:56,112.29,24.89,605.34,22.35,31.14
2019-04-08 14:00:56,104.6,13.59,568.25,22.53,30.86
2019-04-08 15:00:56,84.12,9.71,505.58,25.84,33.12
2019-04-08 16:00:56,81.41,8.16,482.09,34.2,45.67
2019-04-08 17:00:56,93.08,6.98,474.29,51.34,65.28
2019-04-08 18:00:56,118.24,8.77,581.27,74.63,97.72
2019-04-08 19:00:56,143.34,4.93,497.28,46.32,57.14
2019-04-08 20:00:56,144.78,2.75,423.8,48.74,55.74
2019-04-08 21:00:56,120.33,4.07,372.47,40.29,46.41
2019-04-08 22:00:56,88.82,4.22,223.66,16.34,21.88
2019-04-08 23:00:56,55.55,4.42,284.4,18.94,22.74
2019-04-09 00:00:56,37.87,4.89,269.33,28.02,34.08
2019-04-09 01:00:56,36.77,6.24,218.12,21.77,25.55
2019-04-09 02:00:56,41.76,5.56,393.19,18.34,22.45
2019-04-09 03:00:56,50.1,5.51,545.89,15.54,19.35
2019-04-09 04:00:56,44.21,5.12,593.98,13.26,16.88
2019-04-09 05:00:56,43.12,3.92,479.94,13.85,18.71
2019-04-09 06:00:56,37.43,3.61,476.89,13.23,21.87
2019-04-09 07:00:56,44.23,3.31,624.71,10.68,18.03
2019-04-09 08:00:56,51.77,3.61,674.95,20.13,43.92
2019-04-09 09:00:56,74.0,10.96,944.3,52.16,152.05
2019-04-09 10:00:56,111.53,42.07,544.95,31.52,52.73
2019-04-09 11:00:56,101.61,15.75,164.15,7.72,13.47
2019-04-09 12:00:56,81.43,2.08,54.04,3.09,7.37
2019-04-09 13:00:56,66.48,0.0,13.66,0.0,0.0
2019-04-09 14:00:56,45.5,0.34,51.8,2.82,6.49
2019-04-09 15:00:56,45.54,31.34,10.09,5.45,9.39
2019-04-09 16:00:56,67.36,1.83,0.0,7.61,12.15
2019-04-09 17:00:56,79.0,0.31,153.15,6.72,10.86
2019-04-09 18:00:56,67.78,1.68,182.3,8.51,13.09
2019-04-09 19:00:56,65.58,1.63,240.97,17.29,22.03
2019-04-09 20:00:56,99.17,1.0,406.5,14.4,18.42
2019-04-09 21:00:56,171.72,4.72,590.48,27.35,31.69
2019-04-09 22:00:56,173.96,11.38,429.43,20.29,24.44
2019-04-09 23:00:56,114.19,27.25,513.95,16.96,21.62
2019-04-10 00:00:56,85.22,12.05,396.57,5.74,8.69
2019-04-10 01:00:56,54.0,13.01,398.46,3.48,6.67
2019-04-10 02:00:56,38.34,11.88,419.65,28.9,32.68
2019-04-10 03:00:56,50.56,14.06,428.32,28.43,31.9
2019-04-10 04:00:56,62.19,24.03,393.81,25.5,29.02
2019-04-10 05:00:56,61.25,26.53,352.74,24.64,28.4
2019-04-10 06:00:56,58.48,35.71,344.65,33.8,37.69
2019-04-10 07:00:56,73.25,66.15,454.78,46.97,53.37
2019-04-10 08:00:56,99.72,62.05,690.04,58.47,82.47
2019-04-10 09:00:56,119.64,28.72,454.92,33.86,45.59
2019-04-10 10:00:56,105.56,49.88,318.62,15.02,22.54
2019-04-10 11:00:56,81.39,129.18,335.36,16.5,25.22
2019-04-10 12:00:56,82.14,0.0,0.0,8.43,13.33
2019-04-10 13:00:56,0.0,1.63,77.24,12.47,18.63
2019-04-10 14:00:56,26.88,47.66,70.04,13.6,19.59
2019-04-10 15:00:56,45.74,32.47,20.25,14.51,20.53
2019-04-10 16:00:56,52.64,73.47,127.58,16.08,22.37
2019-04-10 17:00:56,64.68,102.21,143.93,18.36,24.44
2019-04-10 18:00:56,76.95,3.83,205.7,5.14,9.3
2019-04-10 19:00:56,70.43,1.29,330.33,6.31,10.35
2019-04-10 20:00:56,61.07,4.19,562.52,32.82,38.05
2019-04-10 21:00:56,70.57,5.57,546.16,51.68,58.51
2019-04-10 22:00:56,70.92,6.69,660.82,53.04,60.48
2019-04-10 23:00:56,68.36,5.37,765.25,32.79,38.25
2019-04-11 00:00:56,72.79,5.35,917.05,35.79,43.77
2019-04-11 01:00:56,70.2,8.23,895.52,21.17,26.83
2019-04-11 02:00:56,60.08,7.09,713.65,22.65,29.4
2019-04-11 03:00:56,49.63,8.43,614.51,14.8,18.34
2019-04-11 04:00:56,42.94,9.0,685.08,18.49,22.16
2019-04-11 05:00:56,46.13,11.09,590.06,19.25,22.59
2019-04-11 06:00:56,39.67,9.72,485.57,3.84,7.05
2019-04-11 07:00:56,25.11,6.44,464.99,0.0,0.0
2019-04-11 08:00:56,18.25,5.04,533.25,11.98,16.77
2019-04-11 09:00:56,30.04,6.13,614.99,36.62,45.66
2019-04-11 10:00:56,44.34,9.72,560.03,15.15,19.74
2019-04-11 11:00:56,43.42,3.0,558.37,2.67,6.24
2019-04-11 12:00:56,35.67,0.22,446.58,0.0,0.0
2019-04-11 13:00:56,24.84,0.0,462.78,0.0,0.0
2019-04-11 14:00:56,14.86,1.03,484.69,9.68,14.42
2019-04-11 15:00:56,27.88,28.5,559.41,13.07,19.16
2019-04-11 16:00:56,49.56,79.49,610.41,23.74,31.53
2019-04-11 17:00:56,65.99,4.92,276.77,23.51,29.5
2019-04-11 18:00:56,80.62,4.69,288.58,27.03,32.75
2019-04-11 19:00:56,76.92,5.45,355.39,39.16,45.39
2019-04-11 20:00:56,58.64,11.49,309.73,27.35,32.71
2019-04-11 21:00:56,47.13,20.95,331.58,27.11,31.78
2019-04-11 22:00:56,41.47,12.41,372.4,29.88,36.26
2019-04-11 23:00:56,46.36,9.51,379.49,24.35,29.99
2019-04-12 00:00:56,45.48,8.2,483.0,19.46,23.46
2019-04-12 01:00:56,40.95,7.3,552.01,17.57,21.44
2019-04-12 02:00:56,35.26,6.59,500.99,11.74,15.49
2019-04-12 03:00:56,33.73,6.12,546.14,10.42,13.91
2019-04-12 04:00:56,29.03,6.58,395.27,13.68,17.9
2019-04-12 05:00:56,34.27,9.99,275.62,5.54,8.32
2019-04-12 06:00:56,28.08,10.6,200.55,0.0,0.0
2019-04-12 07:00:56,14.95,8.68,201.43,9.48,12.71
2019-04-12 08:00:56,19.12,7.95,340.54,13.63,20.92
2019-04-12 09:00:56,25.87,6.96,312.75,16.25,24.93
2019-04-12 10:00:56,21.79,3.06,284.1,6.95,11.28
2019-04-12 11:00:56,19.63,0.89,492.23,5.24,10.09
2019-04-12 12:00:56,27.12,5.6,264.2,6.93,11.72
2019-04-12 13:00:56,31.28,88.24,258.58,9.9,15.2
2019-04-12 14:00:56,38.28,80.28,261.25,8.27,13.48
2019-04-12 15:00:56,35.23,0.53,311.32,8.5,15.23
2019-04-12 16:00:56,37.72,1.89,326.01,16.3,22.36
2019-04-12 17:00:56,52.26,0.01,248.22,8.34,12.92
2019-04-12 18:00:56,48.66,0.0,253.45,8.96,13.67
2019-04-12 19:00:56,43.54,0.58,325.37,19.22,24.39
2019-04-12 20:00:56,44.62,2.14,512.52,50.06,65.95
2019-04-12 21:00:56,64.84,4.86,744.47,59.88,73.88
2019-04-12 22:00:56,71.0,5.1,330.62,39.52,50.47
2019-04-12 23:00:56,69.38,5.13,321.83,26.64,31.46
2019-04-13 00:00:56,67.84,4.84,278.92,19.6,23.58
2019-04-13 01:00:56,50.04,6.51,302.99,17.13,20.62
2019-04-13 02:00:56,35.65,5.91,284.26,9.34,13.78
2019-04-13 03:00:56,29.74,6.0,378.97,11.53,14.87
2019-04-13 04:00:56,28.67,5.89,292.79,6.88,9.91
2019-04-13 05:00:56,32.53,5.97,294.53,11.26,14.74
2019-04-13 06:00:56,26.03,5.99,334.15,7.93,12.68
2019-04-13 07:00:56,21.3,6.52,359.96,12.87,18.28
2019-04-13 08:00:56,26.83,7.08,366.94,15.73,24.87
2019-04-13 09:00:56,27.8,9.14,360.98,16.25,24.64
2019-04-13 10:00:56,22.88,8.02,268.82,6.93,11.53
2019-04-13 11:00:56,26.86,8.83,308.11,6.77,11.55
2019-04-13 12:00:56,22.87,73.91,276.38,11.85,17.87
2019-04-13 13:00:56,46.2,37.73,286.65,10.96,17.27
2019-04-13 14:00:56,58.37,165.67,232.26,15.83,22.97
2019-04-13 15:00:56,56.59,67.65,282.1,27.86,36.21
2019-04-13 16:00:56,72.08,18.8,340.77,30.11,38.69
2019-04-13 17:00:56,82.78,13.63,672.13,20.64,26.17
2019-04-13 18:00:56,82.41,4.74,803.92,39.92,45.78
2019-04-13 19:00:56,101.18,5.01,737.6,39.28,45.79
2019-04-13 20:00:56,89.62,5.55,794.73,32.84,36.94
2019-04-13 21:00:56,62.08,6.97,770.76,28.77,35.29
2019-04-13 22:00:56,51.61,6.56,725.52,23.29,28.62
2019-04-13 23:00:56,36.46,5.79,701.7,17.2,21.22
2019-04-14 00:00:56,23.11,5.1,733.3,7.64,12.3
2019-04-14 01:00:56,18.23,5.28,618.11,3.84,7.51
2019-04-14 02:00:56,12.96,5.8,654.87,3.73,6.96
2019-04-14 03:00:56,14.74,5.28,655.45,8.4,14.02
2019-04-14 04:00:56,16.01,5.39,652.57,7.63,11.06
2019-04-14 05:00:56,13.71,5.25,580.21,5.98,9.1
2019-04-14 06:00:56,14.65,5.27,611.24,4.51,7.58
2019-04-14 07:00:56,19.99,5.2,625.46,7.5,10.84
2019-04-14 08:00:56,28.35,6.9,693.51,29.8,39.58
2019-04-14 09:00:56,37.0,8.41,682.42,19.4,28.93
2019-04-14 10:00:56,30.16,7.07,573.44,14.42,20.76
2019-04-14 11:00:56,23.64,7.65,626.93,9.3,16.26
2019-04-14 12:00:56,20.87,102.36,649.45,6.5,12.53
2019-04-14 13:00:56,24.38,102.42,547.73,5.67,11.11
2019-04-14 14:00:56,41.33,100.0,619.23,11.9,18.98
2019-04-14 15:00:56,42.18,23.18,635.7,12.73,18.83
2019-04-14 16:00:56,33.75,33.9,566.6,16.08,22.38
2019-04-14 17:00:56,38.05,22.32,289.0,18.76,23.44
2019-04-14 18:00:56,47.81,9.94,284.09,22.73,27.09
2019-04-14 19:00:56,50.49,11.9,325.5,20.14,24.2
2019-04-14 20:00:56,50.23,12.4,291.43,25.42,29.95
2019-04-14 21:00:56,41.27,9.03,321.91,13.72,18.49
2019-04-14 22:00:56,28.91,7.67,368.08,23.19,28.58
2019-04-14 23:00:56,30.1,7.49,420.01,7.84,11.9
2019-04-15 00:00:56,24.09,6.15,326.02,3.64,6.89
2019-04-15 01:00:56,29.3,6.77,309.02,8.0,11.64
2019-04-15 02:00:56,37.14,6.56,375.39,27.11,32.07
2019-04-15 03:00:56,33.02,5.78,392.65,18.4,22.33
2019-04-15 04:00:56,28.99,5.77,402.15,13.3,18.55
2019-04-15 05:00:56,24.9,6.16,295.0,16.94,20.49
2019-04-15 06:00:56,22.8,6.13,302.26,11.83,18.21
2019-04-15 07:00:56,18.04,6.51,441.79,16.06,22.54
2019-04-15 08:00:56,22.32,7.33,540.28,32.99,57.78
2019-04-15 09:00:56,26.68,9.54,349.33,22.12,34.32
2019-04-15 10:00:56,33.62,16.99,269.12,11.69,18.19
2019-04-15 11:00:56,31.94,9.5,232.16,12.11,19.91
2019-04-15 12:00:56,19.49,7.55,239.92,11.88,17.21
2019-04-15 13:00:56,15.37,6.64,196.25,12.71,19.96
2019-04-15 14:00:56,19.01,7.92,244.89,14.38,21.26
2019-04-15 15:00:56,15.22,7.53,299.21,10.44,16.19
2019-04-15 16:00:56,11.36,7.65,309.49,14.79,21.96
2019-04-15 17:00:56,9.04,6.5,238.21,9.83,15.14
2019-04-15 18:00:56,6.22,5.65,398.68,10.56,17.07
2019-04-15 19:00:56,12.95,5.82,312.08,17.91,24.04
2019-04-15 20:00:56,13.34,5.5,257.41,9.44,14.02
2019-04-15 21:00:56,12.05,9.59,300.85,10.11,14.43
2019-04-15 22:00:56,14.54,7.1,337.37,11.1,15.5
2019-04-15 23:00:56,13.22,6.8,375.01,13.72,18.41
2019-04-16 00:00:56,12.33,6.42,386.28,15.68,20.33
2019-04-16 01:00:56,11.84,4.9,364.39,14.57,18.73
2019-04-16 02:00:56,9.2,4.67,297.37,6.87,10.15
2019-04-16 03:00:56,7.22,4.89,279.8,2.72,5.91
2019-04-16 04:00:56,5.39,5.18,242.18,3.58,6.61
2019-04-16 05:00:56,3.44,6.46,192.64,4.71,7.87
2019-04-16 06:00:56,2.39,7.47,183.21,3.93,8.33
2019-04-16 07:00:56,7.89,9.85,204.98,5.12,8.74
2019-04-16 08:00:56,16.21,13.54,171.77,12.8,19.76
2019-04-16 09:00:56,13.91,20.08,207.97,17.96,26.51
2019-04-16 10:00:56,21.41,15.53,204.65,10.95,18.08
2019-04-16 11:00:56,28.15,13.71,211.56,14.04,22.32
2019-04-16 12:00:56,19.96,9.23,229.85,16.2,29.31
2019-04-16 13:00:56,11.97,16.4,206.66,9.18,15.64
2019-04-16 14:00:56,10.45,33.98,157.19,10.46,17.52
2019-04-16 15:00:56,9.19,16.37,208.01,9.24,14.64
2019-04-16 16:00:56,11.47,9.38,174.47,11.63,17.24
2019-04-16 17:00:56,10.18,7.88,207.82,17.38,24.53
2019-04-16 18:00:56,10.5,13.34,211.3,19.59,26.31
2019-04-16 19:00:56,13.91,8.37,212.68,23.33,30.9
2019-04-16 20:00:56,22.92,6.89,221.49,13.64,17.81
2019-04-16 21:00:56,20.99,7.3,163.96,10.05,14.16
2019-04-16 22:00:56,14.4,6.7,195.57,16.86,21.13
2019-04-16 23:00:56,10.77,6.38,459.74,33.43,38.36
2019-04-17 00:00:56,19.59,5.68,309.14,15.4,18.68
2019-04-17 01:00:56,19.0,5.07,207.82,14.6,17.65
2019-04-17 02:00:56,17.56,4.6,207.48,14.79,17.92
2019-04-17 03:00:56,14.45,4.07,238.05,7.65,10.52
2019-04-17 04:00:56,9.42,4.07,163.44,6.88,9.79
2019-04-17 05:00:56,9.64,4.23,116.75,3.83,6.62
2019-04-17 06:00:56,8.37,4.47,141.0,9.09,12.36
2019-04-17 07:00:56,8.62,3.23,198.84,14.93,18.02
2019-04-17 08:00:56,15.08,3.52,317.74,29.91,35.25
2019-04-17 09:00:56,18.9,4.31,405.35,38.5,46.46
2019-04-17 10:00:56,22.36,4.54,340.22,35.65,44.65
2019-04-17 11:00:56,18.5,4.94,225.84,27.03,35.26
2019-04-17 12:00:56,17.07,4.66,188.24,21.33,28.61
2019-04-17 13:00:56,16.49,4.48,192.3,19.98,25.88
2019-04-17 14:00:56,27.45,4.18,331.97,30.61,38.7
2019-04-17 15:00:56,34.53,2.87,284.14,22.93,28.43
2019-04-17 16:00:56,27.98,2.94,363.88,34.49,41.17
2019-04-17 17:00:56,23.87,2.5,219.17,24.2,31.45
2019-04-17 18:00:56,21.63,2.17,328.69,35.03,42.32
2019-04-17 19:00:56,25.3,1.94,494.18,46.08,54.58
2019-04-17 20:00:56,25.44,2.73,546.08,46.82,55.23
2019-04-17 21:00:56,29.45,3.43,457.24,36.65,45.89
2019-04-17 22:00:56,30.61,3.68,378.5,31.18,35.9
2019-04-17 23:00:56,26.97,3.89,422.16,29.18,33.35
2019-04-18 00:00:56,18.77,3.45,353.34,16.54,19.72
2019-04-18 01:00:56,13.77,5.55,325.47,10.07,12.97
2019-04-18 02:00:56,13.36,5.79,363.17,4.18,7.31
2019-04-18 03:00:56,10.92,5.53,464.88,5.1,8.15
2019-04-18 04:00:56,7.66,5.42,362.46,6.72,10.22
2019-04-18 05:00:56,5.99,5.09,334.69,3.84,6.77
2019-04-18 06:00:56,4.36,5.01,362.17,8.64,13.2
2019-04-18 07:00:56,6.06,5.26,332.54,4.91,8.02
2019-04-18 08:00:56,6.47,5.06,380.35,14.75,20.92
2019-04-18 09:00:56,4.31,5.35,354.88,20.15,26.63
2019-04-18 10:00:56,2.93,5.15,282.86,7.51,12.72
2019-04-18 11:00:56,2.45,3.65,313.94,12.47,19.78
2019-04-18 12:00:56,2.7,3.29,390.41,7.96,14.08
2019-04-18 13:00:56,2.66,3.32,450.34,6.85,13.34
2019-04-18 14:00:56,3.81,3.55,381.05,6.68,12.63
2019-04-18 15:00:56,9.92,6.44,349.26,17.16,24.79
2019-04-18 16:00:56,10.57,4.96,350.03,22.22,29.4
2019-04-18 17:00:56,6.41,4.91,255.72,24.19,33.29
2019-04-18 18:00:56,11.14,4.95,293.02,19.05,26.63
2019-04-18 19:00:56,30.85,6.03,247.98,17.0,23.51
2019-04-18 20:00:56,49.29,5.5,210.8,14.06,21.41
2019-04-18 21:00:56,0.0,5.46,252.23,10.36,15.63
2019-04-18 22:00:56,0.0,4.15,414.64,10.4,14.59
2019-04-18 23:00:56,0.0,3.88,492.41,18.2,23.11
2019-04-19 00:00:56,0.0,4.08,543.26,23.71,28.15
2019-04-19 01:00:56,0.0,4.91,530.61,16.15,19.57
2019-04-19 02:00:56,0.0,4.21,487.06,9.64,12.64
2019-04-19 03:00:56,0.0,3.68,539.63,7.19,10.31
2019-04-19 04:00:56,0.0,3.05,601.63,4.4,7.21
2019-04-19 05:00:56,0.0,4.12,547.89,4.45,8.25
2019-04-19 06:00:56,0.0,3.36,535.25,4.53,7.47
2019-04-19 07:00:56,0.0,2.97,617.96,7.79,11.95
2019-04-19 08:00:56,0.0,3.76,743.66,17.78,24.97
2019-04-19 09:00:56,0.0,9.75,618.78,12.85,21.78
2019-04-19 10:00:56,0.0,34.69,415.43,8.74,14.33
2019-04-19 11:00:56,0.0,28.0,225.94,5.7,11.21
2019-04-19 12:00:56,2.31,32.12,168.19,10.41,17.14
2019-04-19 13:00:56,13.74,13.06,32.06,10.73,17.71
2019-04-19 14:00:56,19.82,9.08,100.87,13.81,20.68
2019-04-19 15:00:56,44.28,8.46,128.86,25.38,34.91
2019-04-19 16:00:56,57.91,8.35,85.25,23.1,30.78
2019-04-19 17:00:56,65.93,7.66,227.98,32.77,42.04
2019-04-19 18:00:56,65.37,7.21,208.98,40.47,51.65
2019-04-19 19:00:56,59.55,7.15,226.66,25.9,32.93
2019-04-19 20:00:56,46.42,7.57,263.46,17.36,22.03
2019-04-19 21:00:56,37.32,7.55,327.41,17.46,21.72
2019-04-19 22:00:56,39.31,7.48,355.64,15.53,19.06
2019-04-19 23:00:56,35.75,7.38,438.36,18.54,21.74
2019-04-20 00:00:56,25.13,6.0,441.33,15.67,19.81
2019-04-20 01:00:56,17.82,6.08,478.36,15.37,18.68
2019-04-20 02:00:56,24.78,6.18,532.81,12.34,15.24
2019-04-20 03:00:56,25.45,5.96,569.81,5.99,8.91
2019-04-20 04:00:56,14.07,4.92,518.98,5.24,8.1
2019-04-20 05:00:56,11.05,4.03,601.97,5.57,8.45
2019-04-20 06:00:56,17.05,3.99,595.13,3.37,6.25
2019-04-20 07:00:56,23.04,3.99,617.34,9.32,18.4
2019-04-20 08:00:56,23.83,4.76,674.66,10.57,16.92
2019-04-20 09:00:56,25.54,7.32,546.48,4.51,8.62
2019-04-20 10:00:56,15.02,8.54,367.38,0.0,0.0
2019-04-20 11:00:56,12.13,5.96,359.41,8.64,13.76
2019-04-20 12:00:56,10.39,7.23,346.42,7.58,12.85
2019-04-20 13:00:56,7.7,5.87,328.18,5.47,10.02
2019-04-20 14:00:56,12.22,4.81,335.54,5.87,10.07
2019-04-20 15:00:56,13.38,9.65,359.32,7.98,13.9
2019-04-20 16:00:56,31.14,45.4,290.03,8.11,13.31
2019-04-20 17:00:56,33.11,13.25,173.38,9.76,14.97
2019-04-20 18:00:56,31.63,9.94,197.29,11.04,15.82
2019-04-20 19:00:56,40.36,91.37,190.32,14.62,20.47
2019-04-20 20:00:56,46.06,36.05,169.16,14.77,20.46
2019-04-20 21:00:56,34.01,14.26,283.58,15.22,18.74
2019-04-20 22:00:56,31.93,9.19,0.0,6.84,9.77
2019-04-20 23:00:56,18.36,8.35,281.79,0.0,0.0
2019-04-21 00:00:56,11.27,0.0,550.81,7.78,11.55
2019-04-21 01:00:56,9.2,5.78,655.62,16.16,19.66
2019-04-21 02:00:56,13.81,5.29,701.06,9.79,12.82
2019-04-21 03:00:56,8.22,5.7,543.3,0.0,0.0
2019-04-21 04:00:56,5.97,5.02,451.61,0.0,0.0
2019-04-21 05:00:56,6.45,4.55,447.48,0.0,0.0
2019-04-21 06:00:56,10.56,4.31,525.29,1.98,4.7
2019-04-21 07:00:56,9.45,3.99,570.42,0.0,0.0
2019-04-21 08:00:56,6.76,3.66,646.71,0.0,0.0
2019-04-21 09:00:56,9.32,7.03,113.31,0.0,0.0
2019-04-21 10:00:56,14.32,9.61,0.0,12.87,18.41
2019-04-21 11:00:56,8.35,10.08,1.4,15.65,21.57
2019-04-21 12:00:56,7.84,9.75,6.2,12.05,17.83
2019-04-21 13:00:56,5.76,10.28,0.0,12.92,19.23
2019-04-21 14:00:56,4.11,10.56,0.87,13.81,20.04
2019-04-21 15:00:56,4.94,11.32,2.54,18.27,24.48
2019-04-21 16:00:56,9.08,10.25,0.1,16.26,20.99
2019-04-21 17:00:56,5.18,9.38,414.38,10.7,14.7
2019-04-21 18:00:56,6.42,9.15,614.27,27.79,34.83
2019-04-21 19:00:56,17.76,9.34,557.35,14.91,19.69
2019-04-21 20:00:56,15.7,9.07,648.44,24.1,28.85
2019-04-21 21:00:56,24.37,8.62,718.7,25.83,32.49
2019-04-21 22:00:56,28.86,7.95,889.1,29.43,33.88
2019-04-21 23:00:56,23.16,7.86,883.99,23.03,27.16
2019-04-22 00:00:56,21.48,7.7,759.05,19.45,23.58
2019-04-22 01:00:56,14.29,6.68,690.01,10.72,13.53
2019-04-22 02:00:56,17.48,6.27,726.21,5.85,9.52
2019-04-22 03:00:56,20.9,5.92,683.28,4.12,7.09
2019-04-22 04:00:56,12.29,5.88,635.62,4.05,6.8
2019-04-22 05:00:56,10.84,6.05,610.15,3.41,6.12
2019-04-22 06:00:56,16.88,5.73,623.02,4.74,7.67
2019-04-22 07:00:56,22.49,6.07,622.07,9.43,12.95
2019-04-22 08:00:56,21.79,5.86,696.98,24.08,30.69
2019-04-22 09:00:56,29.16,6.05,749.83,33.18,40.56
2019-04-22 10:00:56,26.66,6.26,761.18,34.32,40.96
2019-04-22 11:00:56,27.93,6.39,747.09,38.13,47.67
2019-04-22 12:00:56,31.29,0.0,0.0,26.74,32.64
2019-04-22 13:00:56,26.93,5.94,855.5,21.75,27.21
2019-04-22 14:00:56,31.85,6.17,727.69,24.1,29.18
2019-04-22 15:00:56,35.23,5.93,754.92,31.52,37.68
2019-04-22 16:00:56,32.53,6.65,697.85,26.45,34.64
2019-04-22 17:00:56,28.73,6.13,298.87,21.06,27.07
2019-04-22 18:00:56,20.64,5.66,348.64,25.51,31.33
2019-04-22 19:00:56,24.69,5.23,459.42,19.44,24.87
2019-04-22 20:00:56,29.53,5.59,530.42,26.32,30.88
2019-04-22 21:00:56,35.07,5.83,592.19,23.07,26.58
2019-04-22 22:00:56,33.93,5.83,826.63,27.57,31.53
2019-04-22 23:00:56,36.27,5.68,1009.91,24.15,28.57
2019-04-23 00:00:56,34.7,4.98,788.67,17.64,21.11
2019-04-23 01:00:56,31.21,5.71,722.69,20.09,23.39
2019-04-23 02:00:56,26.17,5.6,711.72,16.07,19.2
2019-04-23 03:00:56,28.36,4.47,684.85,27.61,32.82
2019-04-23 04:00:56,33.37,4.73,643.03,27.81,31.15
2019-04-23 05:00:56,23.05,4.17,658.96,24.89,28.53
2019-04-23 06:00:56,31.32,3.87,627.07,38.88,46.53
2019-04-23 07:00:56,32.56,4.55,626.02,39.74,54.06
2019-04-23 08:00:56,26.73,6.46,707.3,16.65,24.21
2019-04-23 09:00:56,22.87,8.62,508.55,13.5,20.04
2019-04-23 10:00:56,22.92,8.58,370.28,12.6,19.08
2019-04-23 11:00:56,24.08,66.37,81.36,7.76,12.97
2019-04-23 12:00:56,24.23,155.19,797.69,6.26,10.93
2019-04-23 13:00:56,38.59,97.03,1079.42,5.89,10.78
2019-04-23 14:00:56,38.3,192.3,1068.36,7.01,12.09
2019-04-23 15:00:56,35.77,116.56,1080.98,7.41,12.08
2019-04-23 16:00:56,38.59,3.82,1129.84,7.33,12.68
2019-04-23 17:00:56,34.82,1.13,230.33,8.17,12.99
2019-04-23 18:00:56,33.3,12.09,190.15,10.39,14.99
2019-04-23 19:00:56,31.93,19.3,240.21,17.05,22.43
2019-04-23 20:00:56,42.42,3.33,271.95,31.04,35.6
2019-04-23 21:00:56,35.25,30.47,461.07,28.29,32.5
2019-04-23 22:00:56,60.17,19.11,688.32,37.3,45.88
2019-04-23 23:00:56,64.34,13.11,314.34,18.32,22.29
2019-04-24 00:00:56,38.9,8.13,676.94,35.55,42.28
2019-04-24 01:00:56,36.87,6.9,624.04,16.04,22.25
2019-04-24 02:00:56,35.93,4.9,585.3,16.71,22.42
2019-04-24 03:00:56,31.19,7.96,36.62,4.45,7.66
2019-04-24 04:00:56,23.66,7.43,0.0,2.92,6.51
2019-04-24 05:00:56,21.07,7.33,4.38,6.45,9.52
2019-04-24 06:00:56,15.78,7.44,0.0,7.62,12.57
2019-04-24 07:00:56,18.31,7.41,16.97,6.54,11.78
2019-04-24 08:00:56,23.48,9.36,0.0,15.94,25.86
2019-04-24 09:00:56,26.83,11.88,28.17,26.61,43.09
2019-04-24 10:00:56,71.59,41.49,0.49,18.94,29.8
2019-04-24 11:00:56,72.72,162.03,1.52,25.96,38.06
2019-04-24 12:00:56,83.36,74.88,0.0,13.4,21.39
2019-04-24 13:00:56,59.95,18.63,195.19,6.98,12.02
2019-04-24 14:00:56,48.66,11.06,392.39,15.66,22.58
2019-04-24 15:00:56,55.21,14.56,490.85,33.81,45.53
2019-04-24 16:00:56,83.08,6.94,370.19,24.41,33.25
2019-04-24 17:00:56,83.74,4.56,371.79,25.47,32.75
2019-04-24 18:00:56,94.57,3.8,386.07,24.82,33.34
2019-04-24 19:00:56,94.25,3.15,361.36,22.27,29.39
2019-04-24 20:00:56,78.79,4.17,507.39,29.34,34.29
2019-04-24 21:00:56,62.03,5.55,646.48,32.43,37.98
2019-04-24 22:00:56,65.17,8.57,654.61,23.41,27.87
2019-04-24 23:00:56,61.32,9.03,868.45,29.53,36.17
2019-04-25 00:00:56,72.32,7.56,753.55,26.62,31.32
2019-04-25 01:00:56,63.68,5.82,761.64,16.11,21.62
2019-04-25 02:00:56,53.75,4.67,846.14,18.87,25.19
2019-04-25 03:00:56,49.2,3.51,781.35,25.12,37.18
2019-04-25 04:00:56,43.01,2.29,857.26,15.02,20.0
2019-04-25 05:00:56,40.31,4.88,122.77,4.81,7.7
2019-04-25 06:00:56,29.75,6.56,1.75,22.48,30.7
2019-04-25 07:00:56,29.34,7.04,36.84,12.05,19.61
2019-04-25 08:00:56,37.5,8.91,0.0,8.71,15.58
2019-04-25 09:00:56,35.5,31.88,2.15,23.77,42.53
2019-04-25 10:00:56,68.62,52.8,0.0,16.5,28.64
2019-04-25 11:00:56,87.23,27.91,1.74,10.24,17.12
2019-04-25 12:00:56,66.03,77.25,291.96,17.05,26.31
2019-04-25 13:00:56,83.89,19.15,424.89,15.48,22.86
2019-04-25 14:00:56,74.31,9.92,431.88,21.51,30.25
2019-04-25 15:00:56,69.99,18.75,348.45,33.03,48.61
2019-04-25 16:00:56,73.69,8.33,353.16,30.9,46.04
2019-04-25 17:00:56,73.43,4.61,324.79,31.06,41.49
2019-04-25 18:00:56,85.27,2.14,416.29,28.27,36.86
2019-04-25 19:00:56,86.99,2.42,398.06,36.72,45.28
2019-04-25 20:00:56,97.27,3.45,502.16,57.66,65.68
2019-04-25 21:00:56,118.29,4.11,480.91,38.58,45.37
2019-04-25 22:00:56,85.87,4.96,457.82,42.67,51.67
2019-04-25 23:00:56,86.9,5.94,536.35,44.51,53.19
2019-04-26 00:00:56,89.72,4.81,694.11,42.2,56.2
2019-04-26 01:00:56,80.92,4.53,878.59,24.18,36.07
2019-04-26 02:00:56,64.7,3.82,691.61,16.31,20.04
2019-04-26 03:00:56,55.11,3.04,599.09,7.34,10.56
2019-04-26 04:00:56,34.79,6.23,51.5,6.08,9.26
2019-04-26 05:00:56,25.8,6.79,1.55,5.6,8.44
2019-04-26 06:00:56,25.07,6.63,0.0,13.87,20.52
2019-04-26 07:00:56,23.32,7.05,23.08,4.88,11.21
2019-04-26 08:00:56,33.39,9.42,0.7,12.79,23.6
2019-04-26 09:00:56,33.43,18.18,0.27,9.32,16.32
2019-04-26 10:00:56,39.81,35.96,0.0,10.3,16.61
2019-04-26 11:00:56,45.16,187.84,6.58,17.94,27.92
2019-04-26 12:00:56,59.25,141.91,246.8,20.97,31.48
2019-04-26 13:00:56,79.38,60.49,265.68,15.77,22.72
2019-04-26 14:00:56,79.88,18.84,242.55,11.17,17.27
2019-04-26 15:00:56,57.3,10.27,204.65,27.13,37.52
2019-04-26 16:00:56,73.22,8.08,209.03,22.31,31.05
2019-04-26 17:00:56,53.04,5.02,281.97,16.33,23.26
2019-04-26 18:00:56,67.8,3.15,333.69,15.38,21.48
2019-04-26 19:00:56,63.49,3.12,350.54,21.83,28.43
2019-04-26 20:00:56,53.93,3.25,307.74,25.92,32.39
2019-04-26 21:00:56,57.6,4.97,590.46,47.25,54.27
2019-04-26 22:00:56,57.69,6.19,646.35,54.53,65.45
2019-04-26 23:00:56,56.51,6.76,534.9,42.5,51.25
2019-04-27 00:00:56,75.36,6.21,526.9,32.28,39.35
2019-04-27 01:00:56,73.0,6.03,555.58,37.25,45.88
2019-04-27 02:00:56,65.06,5.62,536.73,36.52,53.81
2019-04-27 03:00:56,51.71,5.36,460.95,8.77,12.31
2019-04-27 04:00:56,35.58,4.67,437.1,5.91,9.34
2019-04-27 05:00:56,26.28,3.93,499.07,15.74,19.76
2019-04-27 06:00:56,33.62,3.51,555.23,12.67,16.18
2019-04-27 07:00:56,30.0,3.71,582.65,15.66,19.9
2019-04-27 08:00:56,68.12,5.08,645.13,16.71,25.28
2019-04-27 09:00:56,0.0,15.71,570.6,24.47,43.2
2019-04-27 10:00:56,0.0,183.89,473.32,27.97,47.06
2019-04-27 11:00:56,0.0,89.4,224.59,22.79,33.28
2019-04-27 12:00:56,0.0,23.33,143.89,11.93,17.96
2019-04-27 13:00:56,161.79,14.03,240.78,12.18,18.57
2019-04-27 14:00:56,102.64,185.45,197.42,12.08,18.37
2019-04-27 15:00:56,103.94,114.55,206.12,7.83,13.43
2019-04-27 16:00:56,70.58,71.63,180.91,12.03,18.87
2019-04-27 17:00:56,64.01,15.77,287.09,15.67,22.65
2019-04-27 18:00:56,61.9,8.34,344.72,15.65,22.19
2019-04-27 19:00:56,61.94,5.35,340.19,17.57,23.51
2019-04-27 20:00:56,52.87,3.38,373.44,24.47,29.44
2019-04-27 21:00:56,50.58,4.84,396.27,23.75,28.3
2019-04-27 22:00:56,49.79,5.51,487.31,35.24,40.99
2019-04-27 23:00:56,53.28,5.46,517.54,38.46,45.23
2019-04-28 00:00:56,52.31,6.14,616.42,32.08,37.83
2019-04-28 01:00:56,43.78,6.05,682.96,25.59,31.79
2019-04-28 02:00:56,66.59,5.58,633.47,19.16,24.73
2019-04-28 03:00:56,59.53,4.9,523.56,14.48,20.64
2019-04-28 04:00:56,68.7,3.92,319.83,7.92,11.65
2019-04-28 05:00:56,45.13,3.35,419.35,15.7,23.43
2019-04-28 06:00:56,44.53,2.98,509.99,16.25,22.41
2019-04-28 07:00:56,30.2,2.91,563.28,7.26,11.22
2019-04-28 08:00:56,36.36,4.99,509.76,8.95,14.69
2019-04-28 09:00:56,34.28,21.9,373.27,15.32,25.3
2019-04-28 10:00:56,41.94,20.06,441.77,20.84,31.19
2019-04-28 11:00:56,60.44,15.63,449.59,21.34,31.76
2019-04-28 12:00:56,61.66,11.58,417.48,20.22,28.53
2019-04-28 13:00:56,53.91,7.44,437.34,17.0,24.57
2019-04-28 14:00:56,58.0,4.92,393.72,23.3,32.18
2019-04-28 15:00:56,59.0,4.77,343.94,15.73,21.94
2019-04-28 16:00:56,62.39,4.88,335.36,16.8,23.42
2019-04-28 17:00:56,72.75,255.65,242.51,17.38,24.5
2019-04-28 18:00:56,89.72,23.39,327.9,16.53,21.53
2019-04-28 19:00:56,82.84,11.57,373.99,25.06,30.11
2019-04-28 20:00:56,76.2,11.25,497.64,35.57,42.88
2019-04-28 21:00:56,74.44,8.43,626.73,63.67,93.09
2019-04-28 22:00:56,78.73,7.59,925.55,63.73,100.07
2019-04-28 23:00:56,97.34,6.95,964.0,53.21,85.24
2019-04-29 00:00:56,99.86,6.71,826.07,47.02,73.54
2019-04-29 01:00:56,93.1,11.39,551.77,46.25,62.02
2019-04-29 02:00:56,73.67,10.38,367.09,28.8,35.85
2019-04-29 03:00:56,63.01,10.34,521.17,32.81,38.2
2019-04-29 04:00:56,54.24,10.65,362.07,34.09,40.13
2019-04-29 05:00:56,64.15,9.95,309.81,21.53,25.79
2019-04-29 06:00:56,53.33,9.46,175.55,17.41,24.18
2019-04-29 07:00:56,51.98,12.0,268.2,22.12,31.27
2019-04-29 08:00:56,58.71,14.25,265.76,22.75,40.79
2019-04-29 09:00:56,54.95,17.49,312.0,45.16,79.09
2019-04-29 10:00:56,71.75,146.35,264.09,19.77,30.42
2019-04-29 11:00:56,87.56,297.36,269.79,20.62,29.82
2019-04-29 12:00:56,107.23,189.19,249.65,18.03,25.21
2019-04-29 13:00:56,96.48,105.41,232.05,16.41,24.24
2019-04-29 14:00:56,79.71,66.01,157.82,15.29,22.43
2019-04-29 15:00:56,81.2,199.93,0.29,17.27,24.8
2019-04-29 16:00:56,89.46,85.88,0.06,16.11,22.69
2019-04-29 17:00:56,74.77,21.33,291.22,17.67,24.9
2019-04-29 18:00:56,80.82,12.7,347.83,39.42,46.39
2019-04-29 19:00:56,90.14,56.17,534.8,70.3,86.61
2019-04-29 20:00:56,122.11,33.39,831.78,65.44,75.22
2019-04-29 21:00:56,135.57,16.79,809.88,64.39,75.27
2019-04-29 22:00:56,138.21,15.43,743.86,57.37,66.78
2019-04-29 23:00:56,140.09,21.75,727.9,38.69,44.16
2019-04-30 00:00:56,114.73,18.24,687.63,29.82,34.27
2019-04-30 01:00:56,87.25,22.76,709.79,21.73,25.43
2019-04-30 02:00:56,76.14,19.87,588.03,16.63,21.04
2019-04-30 03:00:56,79.36,20.53,663.25,30.21,35.54
2019-04-30 04:00:56,103.26,20.81,678.36,34.31,39.84
2019-04-30 05:00:56,89.71,20.12,667.94,23.85,29.18
2019-04-30 06:00:56,83.43,16.88,741.06,23.8,29.65
2019-04-30 07:00:56,63.67,20.07,727.83,35.38,53.61
2019-04-30 08:00:56,76.94,107.42,731.24,42.17,62.08
2019-04-30 09:00:56,87.15,271.94,686.05,28.74,42.45
2019-04-30 10:00:56,91.74,88.0,703.46,16.11,24.0
2019-04-30 11:00:56,85.84,18.33,741.35,13.55,19.46
2019-04-30 12:00:56,60.78,10.77,725.01,15.95,21.96
2019-04-30 13:00:56,51.14,60.99,637.75,17.9,26.22
2019-04-30 14:00:56,71.72,13.16,701.63,28.07,36.28
2019-04-30 15:00:56,114.65,14.81,610.11,37.37,46.4
2019-04-30 16:00:56,133.25,18.45,698.32,41.34,51.54
2019-04-30 17:00:56,135.53,13.91,378.99,43.09,54.27
2019-04-30 18:00:56,164.65,10.82,473.12,45.37,53.74
2019-04-30 19:00:56,174.46,10.05,622.24,44.72,53.23
2019-04-30 20:00:56,121.28,10.83,566.33,35.03,41.83
2019-04-30 21:00:56,104.95,13.34,597.0,26.27,33.15
2019-04-30 22:00:56,76.19,11.67,624.02,58.44,90.31
2019-04-30 23:00:56,83.54,9.77,649.81,48.35,59.88
2019-05-01 00:00:56,75.67,8.43,832.7,50.03,72.31
2019-05-01 01:00:56,79.66,9.17,757.46,34.17,64.09
2019-05-01 02:00:56,70.5,7.52,394.11,7.32,11.49
2019-05-01 03:00:56,68.65,7.91,444.03,32.44,46.16
2019-05-01 04:00:56,53.96,8.47,519.55,34.61,42.34
2019-05-01 05:00:56,70.13,10.9,302.73,24.09,29.6
2019-05-01 06:00:56,61.76,9.69,151.8,0.0,0.0
2019-05-01 07:00:56,71.85,7.99,153.86,0.0,0.0
2019-05-01 08:00:56,68.19,54.94,267.93,10.94,16.42
2019-05-01 09:00:56,65.76,13.46,370.18,17.25,25.16
2019-05-01 10:00:56,65.36,28.83,398.37,17.73,25.76
2019-05-01 11:00:56,71.47,37.61,498.78,15.82,22.25
2019-05-01 12:00:56,89.08,12.13,441.51,17.73,25.0
2019-05-01 13:00:56,89.65,11.43,326.08,8.52,13.64
2019-05-01 14:00:56,75.61,29.08,415.25,12.71,18.85
2019-05-01 15:00:56,82.6,8.37,380.16,19.48,25.94
2019-05-01 16:00:56,90.51,5.8,338.3,14.51,20.19
2019-05-01 17:00:56,69.93,18.88,292.82,17.04,23.27
2019-05-01 18:00:56,74.79,13.64,282.39,17.19,22.5
2019-05-01 19:00:56,58.07,130.82,185.13,17.09,22.53
2019-05-01 20:00:56,63.8,19.41,280.68,30.44,37.02
2019-05-01 21:00:56,74.38,10.21,329.92,41.52,47.23
2019-05-01 22:00:56,81.33,9.82,266.53,22.45,28.03
2019-05-01 23:00:56,72.04,9.51,152.05,11.53,14.58
2019-05-02 00:00:56,62.67,8.22,227.2,26.37,33.16
2019-05-02 01:00:56,56.02,6.79,261.19,28.93,35.71
2019-05-02 02:00:56,53.46,7.22,155.15,9.01,12.7
2019-05-02 03:00:56,46.66,8.06,118.61,5.93,8.93
2019-05-02 04:00:56,43.79,7.06,93.25,3.34,6.41
2019-05-02 05:00:56,40.89,6.88,32.11,17.61,22.47
2019-05-02 06:00:56,25.73,7.92,15.21,9.25,13.42
2019-05-02 07:00:56,24.34,8.02,178.49,28.39,48.35
2019-05-02 08:00:56,32.37,55.54,221.54,39.21,62.42
2019-05-02 09:00:56,65.11,144.63,317.87,39.08,68.27
2019-05-02 10:00:56,99.75,201.1,230.35,24.91,35.34
2019-05-02 11:00:56,110.19,277.36,399.44,37.47,48.89
2019-05-02 12:00:56,164.62,85.18,287.11,33.73,45.12
2019-05-02 13:00:56,153.99,21.16,246.86,20.36,27.36
2019-05-02 14:00:56,109.55,26.83,193.71,12.22,20.23
2019-05-02 15:00:56,76.89,41.74,199.68,12.11,18.08
2019-05-02 16:00:56,74.17,21.46,288.45,15.31,21.47
2019-05-02 17:00:56,65.43,16.02,303.74,13.52,18.0
2019-05-02 18:00:56,58.79,13.99,366.87,15.89,22.87
2019-05-02 19:00:56,55.57,24.53,333.44,17.75,23.58
2019-05-02 20:00:56,46.23,19.91,339.18,27.33,33.72
2019-05-02 21:00:56,49.38,10.1,420.12,17.67,21.51
2019-05-02 22:00:56,42.36,7.88,343.97,11.28,15.65
2019-05-02 23:00:56,40.93,6.52,313.9,19.47,22.54
2019-05-03 00:00:56,27.62,5.74,352.92,8.15,11.88
2019-05-03 01:00:56,18.63,7.03,205.29,12.44,15.8
2019-05-03 02:00:56,21.65,6.72,149.54,3.65,6.87
2019-05-03 03:00:56,13.57,6.3,204.58,3.73,7.12
2019-05-03 04:00:56,8.84,6.88,117.16,0.0,0.0
2019-05-03 05:00:56,13.04,6.87,129.09,6.33,9.46
2019-05-03 06:00:56,18.6,6.82,271.44,31.73,43.97
2019-05-03 07:00:56,18.05,6.41,374.61,8.09,11.55
2019-05-03 08:00:56,13.88,7.05,396.22,34.62,44.63
2019-05-03 09:00:56,23.91,8.33,434.74,26.23,37.65
2019-05-03 10:00:56,36.27,10.15,377.23,16.4,22.81
2019-05-03 11:00:56,32.12,7.1,344.07,10.74,16.34
2019-05-03 12:00:56,22.06,11.16,345.2,9.45,15.3
2019-05-03 13:00:56,21.47,13.73,326.34,8.99,13.75
2019-05-03 14:00:56,31.03,11.15,360.56,8.49,13.67
2019-05-03 15:00:56,32.41,22.25,375.15,10.1,15.86
2019-05-03 16:00:56,28.39,11.42,445.51,11.18,18.83
2019-05-03 17:00:56,41.08,7.71,314.77,7.93,13.46
2019-05-03 18:00:56,31.77,24.48,400.54,19.09,25.36
2019-05-03 19:00:56,41.08,13.27,334.86,22.24,28.46
2019-05-03 20:00:56,55.45,8.35,354.69,26.16,31.42
2019-05-03 21:00:56,53.56,6.57,548.35,25.98,29.76
2019-05-03 22:00:56,50.63,7.43,460.84,24.71,28.42
2019-05-03 23:00:56,46.54,6.88,436.05,22.74,29.08
2019-05-04 00:00:56,38.33,7.09,418.83,29.24,40.72
2019-05-04 01:00:56,37.37,4.81,392.62,29.94,40.1
2019-05-04 02:00:56,44.7,4.47,422.56,12.8,20.55
2019-05-04 03:00:56,35.65,4.28,268.97,5.49,8.93
2019-05-04 04:00:56,26.77,3.78,212.53,16.91,24.12
2019-05-04 05:00:56,27.67,3.48,202.87,9.12,13.05
2019-05-04 06:00:56,16.25,2.53,218.27,24.94,43.66
2019-05-04 07:00:56,14.79,4.61,342.56,30.16,50.2
2019-05-04 08:00:56,29.44,15.61,291.92,19.42,30.5
2019-05-04 09:00:56,55.91,168.48,267.31,18.65,29.99
2019-05-04 10:00:56,64.7,27.9,288.74,9.6,17.1
2019-05-04 11:00:56,47.9,7.87,345.05,3.78,8.08
2019-05-04 12:00:56,29.67,181.69,386.82,11.34,17.91
2019-05-04 13:00:56,33.84,171.69,392.47,14.41,21.38
2019-05-04 14:00:56,45.91,84.69,431.19,11.56,17.47
2019-05-04 15:00:56,54.08,93.23,337.2,11.19,16.79
2019-05-04 16:00:56,58.69,54.66,318.14,7.51,12.7
2019-05-04 17:00:56,42.67,52.06,225.16,17.5,24.96
2019-05-04 18:00:56,49.02,10.16,304.76,22.03,29.04
2019-05-04 19:00:56,56.0,5.53,268.66,23.62,28.98
2019-05-04 20:00:56,54.47,4.64,279.34,37.47,45.11
2019-05-04 21:00:56,65.6,4.36,287.71,29.98,34.88
2019-05-04 22:00:56,60.8,3.31,0.0,23.35,30.03
2019-05-04 23:00:56,61.3,3.24,364.77,0.0,0.0
2019-05-05 00:00:56,43.86,0.0,325.68,22.56,31.58
2019-05-05 01:00:56,49.96,6.46,201.87,23.04,31.15
2019-05-05 02:00:56,55.66,6.12,170.76,18.19,25.32
2019-05-05 03:00:56,42.63,6.27,78.64,9.0,12.56
2019-05-05 04:00:56,39.83,6.64,71.1,5.12,8.32
2019-05-05 05:00:56,31.62,6.75,1.33,4.23,7.68
2019-05-05 06:00:56,20.58,5.74,0.41,4.23,7.61
2019-05-05 07:00:56,25.59,6.52,5.15,3.41,6.97
2019-05-05 08:00:56,25.74,6.99,12.59,3.59,8.29
2019-05-05 09:00:56,21.15,41.96,92.22,8.63,14.79
2019-05-05 10:00:56,41.02,73.38,190.26,16.21,22.98
2019-05-05 11:00:56,76.95,63.94,248.66,19.54,25.87
2019-05-05 12:00:56,76.51,64.08,307.83,25.56,35.54
2019-05-05 13:00:56,86.61,38.83,290.2,22.46,31.15
2019-05-05 14:00:56,76.04,70.21,346.79,25.8,35.25
2019-05-05 15:00:56,81.36,131.8,437.8,27.94,37.14
2019-05-05 16:00:56,107.81,51.58,441.31,22.68,30.23
2019-05-05 17:00:56,96.88,65.29,322.94,15.19,20.57
2019-05-05 18:00:56,78.53,12.31,259.93,13.38,18.41
2019-05-05 19:00:56,55.63,11.22,342.92,39.7,48.53
2019-05-05 20:00:56,77.21,9.87,317.38,56.97,66.66
2019-05-05 21:00:56,87.22,8.77,587.87,64.23,84.87
2019-05-05 22:00:56,100.74,7.96,693.75,63.03,93.43
2019-05-05 23:00:56,102.04,5.78,710.19,41.36,59.67
2019-05-06 00:00:56,109.67,5.9,803.65,38.0,56.33
2019-05-06 01:00:56,112.98,8.55,617.13,41.57,66.24
2019-05-06 02:00:56,94.23,7.97,359.86,29.21,38.9
2019-05-06 03:00:56,78.07,7.73,316.92,34.95,46.99
2019-05-06 04:00:56,69.45,7.68,172.98,22.28,26.0
2019-05-06 05:00:56,60.48,7.05,260.81,18.55,29.35
2019-05-06 06:00:56,58.14,7.94,234.17,13.9,20.82
2019-05-06 07:00:56,45.66,8.26,229.41,10.83,15.74
2019-05-06 08:00:56,41.61,9.22,224.01,8.68,14.75
2019-05-06 09:00:56,31.66,9.94,249.6,8.86,15.17
2019-05-06 10:00:56,39.29,7.53,225.52,7.17,13.11
2019-05-06 11:00:56,38.99,4.6,282.54,3.95,8.96
2019-05-06 12:00:56,42.96,3.13,255.77,6.11,10.92
2019-05-06 13:00:56,33.87,22.49,227.25,9.28,15.36
2019-05-06 14:00:56,57.7,125.61,214.25,13.35,20.32
2019-05-06 15:00:56,59.99,331.76,272.65,18.88,27.57
2019-05-06 16:00:56,88.03,300.88,247.36,17.44,24.87
2019-05-06 17:00:56,88.26,76.28,353.15,21.32,30.34
2019-05-06 18:00:56,93.97,23.96,357.1,23.37,30.7
2019-05-06 19:00:56,88.99,15.54,415.81,30.86,37.26
2019-05-06 20:00:56,77.61,11.87,294.49,23.18,27.44
2019-05-06 21:00:56,64.45,10.67,177.48,12.16,16.14
2019-05-06 22:00:56,55.86,9.77,197.6,13.6,17.14
2019-05-06 23:00:56,46.09,9.18,200.7,24.32,30.06
2019-05-07 00:00:56,39.27,8.91,250.92,14.07,17.55
2019-05-07 01:00:56,37.29,8.78,247.16,13.59,17.36
2019-05-07 02:00:56,37.73,8.32,207.52,14.72,19.14
2019-05-07 03:00:56,41.79,8.13,207.79,9.47,13.0
2019-05-07 04:00:56,52.19,7.89,144.81,11.9,15.77
2019-05-07 05:00:56,48.77,7.99,146.79,9.92,13.44
2019-05-07 06:00:56,39.97,7.49,144.93,10.3,17.91
2019-05-07 07:00:56,34.75,10.59,160.13,18.24,24.82
2019-05-07 08:00:56,39.45,15.18,164.36,32.45,45.95
2019-05-07 09:00:56,48.57,11.56,115.11,9.58,15.83
2019-05-07 10:00:56,48.96,7.63,213.61,1.57,4.88
2019-05-07 11:00:56,67.47,3.92,331.87,9.17,14.58
2019-05-07 12:00:56,148.18,6.52,114.73,9.75,16.47
2019-05-07 13:00:56,108.14,9.28,75.66,10.49,17.0
2019-05-07 14:00:56,83.19,8.98,41.48,7.28,12.71
2019-05-07 15:00:56,64.29,11.81,85.23,6.49,11.54
2019-05-07 16:00:56,69.55,9.06,104.12,10.37,16.17
2019-05-07 17:00:56,74.94,9.37,210.87,8.37,13.21
2019-05-07 18:00:56,64.89,43.82,354.48,12.52,17.45
2019-05-07 19:00:56,65.84,34.2,363.52,9.52,13.43
2019-05-07 20:00:56,66.36,24.25,325.17,12.25,16.28
2019-05-07 21:00:56,56.81,16.79,373.54,8.4,12.2
2019-05-07 22:00:56,55.53,11.44,387.87,10.92,14.24
2019-05-07 23:00:56,50.69,9.31,454.19,11.3,14.7
2019-05-08 00:00:56,44.53,8.05,471.35,9.02,12.28
2019-05-08 01:00:56,25.84,7.44,393.88,9.53,13.39
2019-05-08 02:00:56,24.84,6.95,337.17,6.3,9.62
2019-05-08 03:00:56,29.02,6.19,337.0,5.07,8.07
2019-05-08 04:00:56,29.88,6.39,284.97,4.2,7.15
2019-05-08 05:00:56,32.51,5.5,290.82,9.68,12.78
2019-05-08 06:00:56,30.78,5.3,326.93,5.51,8.8
2019-05-08 07:00:56,31.68,5.41,329.12,7.62,11.2
2019-05-08 08:00:56,36.24,4.66,323.81,13.57,17.41
2019-05-08 09:00:56,29.83,4.96,355.61,32.6,39.13
2019-05-08 10:00:56,20.85,4.92,329.67,15.28,24.73
2019-05-08 11:00:56,31.54,5.34,351.61,18.39,24.13
2019-05-08 12:00:56,20.7,5.25,377.73,16.78,22.43
2019-05-08 13:00:56,22.94,5.27,369.01,12.9,18.36
2019-05-08 14:00:56,13.09,5.05,413.58,15.12,20.23
2019-05-08 15:00:56,11.01,4.99,364.0,17.09,22.27
2019-05-08 16:00:56,22.86,4.59,379.23,22.56,28.77
2019-05-08 17:00:56,23.8,4.81,288.77,17.22,23.16
2019-05-08 18:00:56,19.12,4.75,408.88,23.54,29.05
2019-05-08 19:00:56,33.64,4.72,374.27,17.25,22.46
2019-05-08 20:00:56,21.86,3.86,314.97,16.64,22.63
2019-05-08 21:00:56,19.6,4.55,227.07,6.92,11.44
2019-05-08 22:00:56,12.84,4.58,232.98,8.48,12.52
2019-05-08 23:00:56,13.69,4.66,320.77,11.23,15.06
2019-05-09 00:00:56,14.16,4.45,350.12,7.07,10.71
2019-05-09 01:00:56,10.33,5.64,266.74,11.46,15.0
2019-05-09 02:00:56,12.97,5.62,244.97,8.49,11.47
2019-05-09 03:00:56,16.14,6.4,209.71,3.52,6.21
2019-05-09 04:00:56,13.12,6.93,167.38,1.87,4.76
2019-05-09 05:00:56,8.63,6.89,122.87,0.0,0.0
2019-05-09 06:00:56,5.91,6.51,151.04,0.0,0.0
2019-05-09 07:00:56,5.65,6.55,159.32,1.47,4.3
2019-05-09 08:00:56,6.83,6.2,198.63,3.97,7.38
2019-05-09 09:00:56,8.08,5.93,175.7,2.8,6.76
2019-05-09 10:00:56,6.17,4.29,194.31,0.0,0.0
2019-05-09 11:00:56,4.79,2.47,260.17,2.5,6.5
2019-05-09 12:00:56,4.11,1.54,217.05,2.95,7.53
2019-05-09 13:00:56,2.64,1.08,185.85,0.0,0.0
2019-05-09 14:00:56,4.13,0.54,215.73,7.98,16.19
2019-05-09 15:00:56,15.68,0.5,249.59,7.28,13.37
2019-05-09 16:00:56,19.78,0.61,207.53,3.8,8.27
2019-05-09 17:00:56,30.58,0.3,355.14,3.51,8.09
2019-05-09 18:00:56,16.54,1.06,410.25,3.66,7.76
2019-05-09 19:00:56,14.4,1.4,409.71,7.21,12.16
2019-05-09 20:00:56,27.16,2.14,407.97,12.01,16.84
2019-05-09 21:00:56,25.13,3.05,464.42,20.04,26.9
2019-05-09 22:00:56,29.86,4.82,508.61,17.22,20.79
2019-05-09 23:00:56,35.27,5.16,567.85,18.2,22.23
2019-05-10 00:00:56,34.28,6.09,529.03,24.69,32.58
2019-05-10 01:00:56,34.75,4.57,442.32,12.83,20.04
2019-05-10 02:00:56,28.36,4.94,279.07,7.44,11.56
2019-05-10 03:00:56,17.71,4.34,227.96,5.55,8.25
2019-05-10 04:00:56,21.21,4.59,310.19,8.94,11.66
2019-05-10 05:00:56,27.21,4.76,283.29,5.51,8.53
2019-05-10 06:00:56,31.26,4.48,217.45,2.46,6.46
2019-05-10 07:00:56,20.18,6.27,286.11,2.6,6.91
2019-05-10 08:00:56,21.17,9.61,324.68,2.91,8.08
2019-05-10 09:00:56,17.37,5.14,326.47,3.68,11.01
2019-05-10 10:00:56,24.96,1.98,451.07,0.0,0.0
2019-05-10 11:00:56,21.58,0.06,534.68,2.33,7.18
2019-05-10 12:00:56,13.2,0.0,556.44,2.45,6.41
2019-05-10 13:00:56,9.24,0.0,564.96,5.82,10.3
2019-05-10 14:00:56,11.43,0.0,571.09,6.47,11.02
2019-05-10 15:00:56,29.72,0.0,500.76,3.79,8.66
2019-05-10 16:00:56,26.53,0.0,538.93,20.09,26.36
2019-05-10 17:00:56,61.21,0.0,361.88,32.66,40.73
2019-05-10 18:00:56,58.61,0.2,360.43,25.4,32.3
2019-05-10 19:00:56,49.69,0.95,396.36,31.36,36.8
2019-05-10 20:00:56,43.77,1.38,503.05,20.18,25.43
2019-05-10 21:00:56,37.9,1.95,572.65,28.63,41.99
2019-05-10 22:00:56,32.82,2.29,576.11,25.44,30.87
2019-05-10 23:00:56,30.25,2.28,571.39,19.4,25.09
2019-05-11 00:00:56,23.12,2.14,555.47,15.54,20.13
2019-05-11 01:00:56,17.95,4.7,467.22,12.96,18.33
2019-05-11 02:00:56,26.18,4.55,380.67,14.27,19.32
2019-05-11 03:00:56,23.54,4.39,361.31,14.4,18.02
2019-05-11 04:00:56,25.19,4.9,321.16,8.18,11.28
2019-05-11 05:00:56,21.83,4.62,275.98,2.65,5.53
2019-05-11 06:00:56,28.92,6.25,296.01,27.42,38.21
2019-05-11 07:00:56,20.73,6.7,215.9,13.67,18.98
2019-05-11 08:00:56,21.8,23.93,361.68,28.88,44.64
2019-05-11 09:00:56,41.94,97.61,391.96,28.26,42.44
2019-05-11 10:00:56,71.72,19.71,500.88,22.15,35.37
2019-05-11 11:00:56,64.01,14.58,510.61,24.28,35.46
2019-05-11 12:00:56,56.41,10.25,499.35,14.78,20.73
2019-05-11 13:00:56,44.33,9.64,346.97,12.59,19.02
2019-05-11 14:00:56,39.03,33.75,427.52,12.79,20.1
2019-05-11 15:00:56,46.56,57.18,366.47,10.34,16.16
2019-05-11 16:00:56,55.61,18.88,402.1,12.36,18.39
2019-05-11 17:00:56,44.82,8.03,351.82,18.36,22.8
2019-05-11 18:00:56,47.9,6.93,340.47,17.06,21.71
2019-05-11 19:00:56,45.91,6.33,293.21,18.44,23.45
2019-05-11 20:00:56,35.37,5.81,395.07,23.93,28.2
2019-05-11 21:00:56,25.3,5.82,440.17,25.78,29.67
2019-05-11 22:00:56,30.95,5.34,542.62,25.89,30.16
2019-05-11 23:00:56,29.43,5.31,578.41,31.47,38.59
2019-05-12 00:00:56,36.8,5.47,557.55,27.17,32.82
2019-05-12 01:00:56,36.08,6.79,530.66,19.62,23.8
2019-05-12 02:00:56,27.9,6.0,424.21,19.45,24.06
2019-05-12 03:00:56,24.49,6.2,334.35,12.4,16.62
2019-05-12 04:00:56,19.51,5.98,288.15,5.54,8.57
2019-05-12 05:00:56,31.06,5.26,257.0,6.07,8.95
2019-05-12 06:00:56,23.59,5.75,252.38,7.11,10.09
2019-05-12 07:00:56,25.56,6.31,260.3,6.96,10.02
2019-05-12 08:00:56,21.62,6.41,192.44,10.78,14.32
2019-05-12 09:00:56,25.16,6.34,218.75,12.54,16.02
2019-05-12 10:00:56,20.14,5.53,267.5,11.17,14.89
2019-05-12 11:00:56,23.0,5.82,257.05,15.36,22.17
2019-05-12 12:00:56,11.66,6.36,198.35,8.73,13.05
2019-05-12 13:00:56,6.58,6.83,254.67,6.26,10.87
2019-05-12 14:00:56,4.19,5.78,188.23,4.2,8.45
2019-05-12 15:00:56,5.54,4.4,232.8,6.9,11.01
2019-05-12 16:00:56,12.12,16.39,198.55,9.17,13.24
2019-05-12 17:00:56,21.04,24.02,257.17,4.14,7.87
2019-05-12 18:00:56,14.81,10.74,306.24,6.2,12.19
2019-05-12 19:00:56,9.01,9.78,269.4,5.36,9.2
2019-05-12 20:00:56,10.58,7.38,354.17,18.82,23.09
2019-05-12 21:00:56,28.25,6.89,332.65,11.61,14.69
2019-05-12 22:00:56,32.74,7.38,450.02,15.54,19.21
2019-05-12 23:00:56,37.39,7.59,547.41,24.77,33.68
2019-05-13 00:00:56,38.86,6.93,543.53,32.03,43.62
2019-05-13 01:00:56,51.29,3.99,360.37,33.14,43.75
2019-05-13 02:00:56,36.43,4.0,334.76,20.3,28.69
2019-05-13 03:00:56,35.69,4.43,223.68,10.9,15.21
2019-05-13 04:00:56,29.13,4.65,118.05,5.41,8.99
2019-05-13 05:00:56,25.15,3.98,114.12,3.58,6.41
2019-05-13 06:00:56,27.38,3.93,102.52,3.06,8.76
2019-05-13 07:00:56,22.34,3.9,142.71,5.54,11.27
2019-05-13 08:00:56,17.88,9.99,232.6,23.51,43.87
2019-05-13 09:00:56,42.68,58.93,208.37,12.94,22.81
2019-05-13 10:00:56,75.31,14.97,245.22,4.53,10.73
2019-05-13 11:00:56,40.48,4.26,263.0,2.97,8.42
2019-05-13 12:00:56,31.93,28.26,302.57,5.58,10.72
2019-05-13 13:00:56,28.56,18.48,426.13,14.2,21.67
2019-05-13 14:00:56,31.69,5.11,353.4,2.55,7.15
2019-05-13 15:00:56,37.01,0.08,362.64,2.58,6.99
2019-05-13 16:00:56,37.15,0.0,463.18,4.45,9.5
2019-05-13 17:00:56,35.95,0.0,328.75,3.73,8.37
2019-05-13 18:00:56,38.98,0.0,304.83,4.8,10.16
2019-05-13 19:00:56,37.83,0.0,308.99,9.68,16.05
2019-05-13 20:00:56,34.06,0.0,306.24,16.98,24.28
2019-05-13 21:00:56,49.34,0.01,260.32,12.57,16.75
2019-05-13 22:00:56,53.27,0.72,358.85,33.02,43.59
2019-05-13 23:00:56,58.08,1.92,1156.31,0.0,0.0
2019-05-14 00:00:56,60.84,2.77,1103.46,46.42,86.89
2019-05-14 01:00:56,101.86,4.69,292.4,28.8,36.23
2019-05-14 02:00:56,72.89,4.94,261.21,21.59,26.12
2019-05-14 03:00:56,61.04,5.56,268.36,22.69,28.22
2019-05-14 04:00:56,41.16,5.8,157.81,10.62,13.96
2019-05-14 05:00:56,31.87,5.3,125.08,13.03,16.5
2019-05-14 06:00:56,35.38,5.7,91.85,10.99,14.61
2019-05-14 07:00:56,38.4,5.68,86.67,9.13,16.98
2019-05-14 08:00:56,57.54,6.99,149.95,9.29,16.91
2019-05-14 09:00:56,77.83,6.74,229.31,6.02,12.56
2019-05-14 10:00:56,70.46,4.49,265.8,3.34,8.33
2019-05-14 11:00:56,55.65,1.69,365.09,3.76,8.57
2019-05-14 12:00:56,37.17,0.01,368.37,3.55,8.59
2019-05-14 13:00:56,37.29,35.06,412.8,11.89,18.54
2019-05-14 14:00:56,51.6,21.28,498.72,28.21,39.38
2019-05-14 15:00:56,58.08,7.43,484.31,35.49,47.41
2019-05-14 16:00:56,70.82,2.04,334.0,6.81,11.92
2019-05-14 17:00:56,55.0,0.0,163.43,3.84,8.41
2019-05-14 18:00:56,50.08,0.0,213.71,3.74,7.78
2019-05-14 19:00:56,37.57,0.0,236.89,8.63,13.76
2019-05-14 20:00:56,39.18,0.08,161.24,10.08,14.11
2019-05-14 21:00:56,41.9,1.55,154.17,10.82,16.33
2019-05-14 22:00:56,48.24,3.05,144.06,13.2,16.82
2019-05-14 23:00:56,38.85,3.4,176.75,14.48,21.61
2019-05-15 00:00:56,41.12,3.6,328.88,23.68,32.6
2019-05-15 01:00:56,50.66,5.19,133.74,15.32,20.81
2019-05-15 02:00:56,38.7,4.91,69.03,11.41,15.27
2019-05-15 03:00:56,26.27,5.14,25.26,7.37,11.4
2019-05-15 04:00:56,30.04,5.61,1.35,3.79,7.39
2019-05-15 05:00:56,26.26,6.22,0.0,3.23,6.43
2019-05-15 06:00:56,23.51,6.4,0.01,3.43,9.05
2019-05-15 07:00:56,15.74,7.38,0.0,6.12,11.9
2019-05-15 08:00:56,19.0,9.16,16.2,7.34,16.2
2019-05-15 09:00:56,28.67,7.08,83.36,7.28,16.4
2019-05-15 10:00:56,35.98,7.43,178.32,13.53,25.24
2019-05-15 11:00:56,37.72,2.83,248.65,9.82,16.78
2019-05-15 12:00:56,49.95,133.45,213.53,15.54,24.43
2019-05-15 13:00:56,75.46,66.62,360.51,15.98,24.15
2019-05-15 14:00:56,72.71,16.85,570.64,24.36,34.43
2019-05-15 15:00:56,74.81,7.98,370.47,32.84,46.38
2019-05-15 16:00:56,78.59,3.99,314.3,31.57,43.09
2019-05-15 17:00:56,77.03,1.97,289.59,17.22,24.48
2019-05-15 18:00:56,85.81,0.78,295.11,18.14,25.25
2019-05-15 19:00:56,77.76,0.87,295.26,15.79,21.72
2019-05-15 20:00:56,79.28,0.66,356.01,29.8,37.56
2019-05-15 21:00:56,80.84,2.24,247.88,14.11,20.26
2019-05-15 22:00:56,64.06,3.38,183.53,27.3,33.9
2019-05-15 23:00:56,55.99,3.33,46.16,11.6,15.26
2019-05-16 00:00:56,46.81,4.15,145.57,14.86,19.28
2019-05-16 01:00:56,39.71,5.67,126.15,21.63,30.75
2019-05-16 02:00:56,42.11,5.35,79.64,18.49,26.77
2019-05-16 03:00:56,37.81,5.73,19.93,7.59,11.03
2019-05-16 04:00:56,25.15,5.63,21.82,5.55,9.28
2019-05-16 05:00:56,13.8,6.09,9.59,5.84,9.53
2019-05-16 06:00:56,9.4,6.32,20.13,6.0,10.03
2019-05-16 07:00:56,19.05,6.13,35.47,7.36,14.76
2019-05-16 08:00:56,53.25,5.29,128.79,15.52,32.38
2019-05-16 09:00:56,87.4,5.24,277.99,23.25,54.18
2019-05-16 10:00:56,215.46,7.72,202.69,14.49,31.45
2019-05-16 11:00:56,235.15,12.55,280.01,17.89,36.55
2019-05-16 12:00:56,220.48,87.03,327.57,16.91,33.67
2019-05-16 13:00:56,228.63,28.88,384.67,18.63,31.51
2019-05-16 14:00:56,175.42,11.97,510.35,20.04,29.54
2019-05-16 15:00:56,126.88,6.75,294.39,21.24,30.92
2019-05-16 16:00:56,98.44,4.72,307.51,19.27,26.55
2019-05-16 17:00:56,97.57,2.98,248.08,17.64,23.67
2019-05-16 18:00:56,77.15,3.91,299.33,28.88,34.82
2019-05-16 19:00:56,74.63,5.27,282.52,18.59,23.02
2019-05-16 20:00:56,69.07,6.47,283.88,30.21,36.07
2019-05-16 21:00:56,68.24,8.26,178.05,15.5,19.45
2019-05-16 22:00:56,60.44,11.66,91.9,7.09,10.86
2019-05-16 23:00:56,65.87,7.9,148.77,11.51,15.78
2019-05-17 00:00:56,62.31,6.63,174.66,19.21,23.8
2019-05-17 01:00:56,46.02,8.14,234.44,29.69,34.76
2019-05-17 02:00:56,45.47,6.95,133.23,5.83,9.22
2019-05-17 03:00:56,39.16,7.18,105.81,7.1,10.58
2019-05-17 04:00:56,33.05,7.17,146.92,10.7,14.13
2019-05-17 05:00:56,29.2,7.67,144.59,17.22,20.83
2019-05-17 06:00:56,30.43,7.88,60.32,14.4,17.81
2019-05-17 07:00:56,18.87,15.07,126.2,7.93,11.68
2019-05-17 08:00:56,26.69,23.58,159.83,10.37,16.97
2019-05-17 09:00:56,49.84,87.12,289.04,16.24,25.53
2019-05-17 10:00:56,67.12,44.77,294.45,20.36,29.12
2019-05-17 11:00:56,74.21,19.13,444.91,28.53,39.81
2019-05-17 12:00:56,73.81,14.8,400.33,35.44,47.16
2019-05-17 13:00:56,80.14,73.01,436.08,32.07,43.77
2019-05-17 14:00:56,100.41,100.64,363.69,29.18,39.58
2019-05-17 15:00:56,98.93,23.11,310.08,19.07,27.3
2019-05-17 16:00:56,97.02,14.75,367.16,28.34,38.17
2019-05-17 17:00:56,96.31,9.35,378.93,37.52,49.24
2019-05-17 18:00:56,112.83,7.02,441.86,50.35,57.88
2019-05-17 19:00:56,139.23,6.26,663.0,70.78,88.79
2019-05-17 20:00:56,127.23,8.6,390.38,23.78,28.73
2019-05-17 21:00:56,93.24,9.26,138.25,11.19,15.12
2019-05-17 22:00:56,57.73,8.73,169.23,7.18,10.59
2019-05-17 23:00:56,48.94,7.47,85.43,11.62,15.44
2019-05-18 00:00:56,43.59,6.42,93.97,29.7,37.67
2019-05-18 01:00:56,67.09,7.55,60.96,13.49,17.58
2019-05-18 02:00:56,80.18,7.57,16.72,5.72,8.65
2019-05-18 03:00:56,63.92,8.67,6.03,2.94,5.89
2019-05-18 04:00:56,40.75,8.8,42.0,5.3,8.23
2019-05-18 05:00:56,31.97,8.18,2.64,3.66,7.04
2019-05-18 06:00:56,30.0,8.23,61.42,19.65,25.26
2019-05-18 07:00:56,23.1,8.06,107.83,24.47,38.57
2019-05-18 08:00:56,47.65,26.99,201.9,26.5,42.49
2019-05-18 09:00:56,65.89,58.8,160.53,22.34,34.56
2019-05-18 10:00:56,69.68,17.11,145.78,10.42,16.96
2019-05-18 11:00:56,59.09,13.06,211.09,13.39,20.97
2019-05-18 12:00:56,59.79,39.34,209.61,9.36,15.41
2019-05-18 13:00:56,52.5,62.91,193.07,12.64,18.65
2019-05-18 14:00:56,50.31,54.81,213.98,12.8,19.33
2019-05-18 15:00:56,52.59,33.3,218.49,16.01,23.46
2019-05-18 16:00:56,54.58,28.14,175.62,13.21,19.72
2019-05-18 17:00:56,57.69,23.36,284.98,9.07,14.26
2019-05-18 18:00:56,44.77,13.15,316.39,12.36,18.33
2019-05-18 19:00:56,48.47,9.72,282.62,21.21,26.9
2019-05-18 20:00:56,69.41,9.69,310.96,23.83,28.52
2019-05-18 21:00:56,61.96,11.59,187.28,9.39,13.06
2019-05-18 22:00:56,48.25,11.02,0.0,6.36,9.91
2019-05-18 23:00:56,45.35,10.14,113.91,0.0,0.0
2019-05-19 00:00:56,47.36,0.0,270.93,25.22,30.0
2019-05-19 01:00:56,50.62,8.79,229.93,19.67,24.95
2019-05-19 02:00:56,44.34,7.25,265.31,12.68,16.45
2019-05-19 03:00:56,29.2,7.34,230.2,11.26,15.12
2019-05-19 04:00:56,36.47,7.54,217.98,7.63,12.72
2019-05-19 05:00:56,45.23,6.8,165.21,7.01,10.83
2019-05-19 06:00:56,38.13,6.36,81.91,2.23,5.36
2019-05-19 07:00:56,22.85,6.77,113.72,3.25,9.38
2019-05-19 08:00:56,23.87,6.65,198.37,2.35,6.6
2019-05-19 09:00:56,20.46,5.92,231.88,2.48,6.66
2019-05-19 10:00:56,23.03,2.29,270.53,0.0,0.0
2019-05-19 11:00:56,25.81,0.01,346.95,0.0,0.0
2019-05-19 12:00:56,14.34,0.0,309.32,0.0,0.0
2019-05-19 13:00:56,11.97,0.02,317.27,10.6,14.93
2019-05-19 14:00:56,25.87,0.13,446.68,21.85,27.37
2019-05-19 15:00:56,37.4,3.15,248.41,13.23,18.23
2019-05-19 16:00:56,42.78,15.5,251.41,6.25,10.43
2019-05-19 17:00:56,33.39,13.3,203.32,4.62,8.74
2019-05-19 18:00:56,22.07,8.01,217.65,3.19,6.69
2019-05-19 19:00:56,20.96,5.8,360.71,13.34,17.56
2019-05-19 20:00:56,29.21,5.68,390.7,12.84,17.46
2019-05-19 21:00:56,24.61,5.81,326.01,9.65,13.05
2019-05-19 22:00:56,29.11,5.92,343.42,10.66,14.22
2019-05-19 23:00:56,36.02,5.88,286.45,11.8,16.53
2019-05-20 00:00:56,28.72,5.95,440.43,24.84,33.78
2019-05-20 01:00:56,30.48,6.01,374.9,19.41,26.12
2019-05-20 02:00:56,25.46,5.27,340.23,18.33,24.31
2019-05-20 03:00:56,25.84,5.81,310.2,11.12,15.18
2019-05-20 04:00:56,26.49,5.8,198.15,5.77,8.76
2019-05-20 05:00:56,29.72,5.65,100.3,4.79,8.09
2019-05-20 06:00:56,32.16,5.28,245.96,16.04,20.29
2019-05-20 07:00:56,28.85,4.78,172.44,17.31,25.93
2019-05-20 08:00:56,30.44,4.99,318.63,16.48,28.18
2019-05-20 09:00:56,26.41,7.9,301.44,14.44,27.28
2019-05-20 10:00:56,33.06,9.02,329.29,6.34,11.9
2019-05-20 11:00:56,22.84,1.62,367.64,5.58,10.97
2019-05-20 12:00:56,22.65,0.0,405.55,8.21,13.95
2019-05-20 13:00:56,41.93,2.21,364.37,8.3,14.55
2019-05-20 14:00:56,30.48,14.89,338.62,14.04,21.5
2019-05-20 15:00:56,38.51,17.06,354.61,19.42,26.19
2019-05-20 16:00:56,52.88,23.36,314.11,11.26,17.61
2019-05-20 17:00:56,52.27,8.62,297.12,3.77,8.06
2019-05-20 18:00:56,47.75,5.43,312.09,3.64,7.53
2019-05-20 19:00:56,29.12,3.2,332.25,6.64,11.01
2019-05-20 20:00:56,34.09,3.31,329.67,10.06,15.03
2019-05-20 21:00:56,34.85,4.94,324.84,8.19,11.89
2019-05-20 22:00:56,49.53,5.88,251.69,8.55,12.88
2019-05-20 23:00:56,46.45,5.76,276.4,8.17,11.96
2019-05-21 00:00:56,34.1,5.92,273.24,6.23,9.75
2019-05-21 01:00:56,35.24,6.13,169.68,3.36,6.31
2019-05-21 02:00:56,26.07,5.38,151.76,2.95,5.88
2019-05-21 03:00:56,25.81,5.21,210.71,2.81,5.73
2019-05-21 04:00:56,24.61,4.85,228.51,1.88,4.82
2019-05-21 05:00:56,15.74,4.6,191.03,1.21,4.16
2019-05-21 06:00:56,10.01,4.18,154.71,1.29,4.32
2019-05-21 07:00:56,8.38,4.09,207.68,5.28,12.67
2019-05-21 08:00:56,19.03,17.73,268.67,9.48,22.38
2019-05-21 09:00:56,79.86,76.42,352.39,17.01,37.28
2019-05-21 10:00:56,114.13,203.66,342.7,16.73,32.02
2019-05-21 11:00:56,113.41,127.12,547.69,19.56,34.59
2019-05-21 12:00:56,117.37,40.79,532.45,21.39,33.76
2019-05-21 13:00:56,132.34,65.49,463.2,23.16,32.93
2019-05-21 14:00:56,147.12,25.0,454.87,29.4,41.03
2019-05-21 15:00:56,98.66,13.78,468.87,29.52,40.59
2019-05-21 16:00:56,104.61,10.33,478.08,29.2,39.65
2019-05-21 17:00:56,117.01,10.31,472.51,36.2,49.65
2019-05-21 18:00:56,123.84,12.04,515.51,37.26,47.58
2019-05-21 19:00:56,119.87,10.25,581.52,36.45,45.55
2019-05-21 20:00:56,128.24,9.36,493.82,37.29,43.51
2019-05-21 21:00:56,95.99,8.68,439.97,32.67,37.16
2019-05-21 22:00:56,78.81,7.87,378.81,36.64,43.02
2019-05-21 23:00:56,74.3,7.49,357.24,44.42,64.06
2019-05-22 00:00:56,78.55,6.81,376.51,33.28,41.34
2019-05-22 01:00:56,80.5,8.76,277.62,21.66,26.21
2019-05-22 02:00:56,83.26,8.08,169.22,12.22,16.16
2019-05-22 03:00:56,70.53,7.25,233.54,11.51,15.38
2019-05-22 04:00:56,62.7,6.98,195.11,14.2,18.91
2019-05-22 05:00:56,56.14,6.24,213.53,13.53,17.27
2019-05-22 06:00:56,54.3,5.97,155.71,8.17,11.54
2019-05-22 07:00:56,48.77,6.16,121.4,12.77,19.17
2019-05-22 08:00:56,48.1,6.59,209.33,14.94,24.42
2019-05-22 09:00:56,51.49,8.92,213.97,20.86,31.09
2019-05-22 10:00:56,56.83,6.4,218.71,17.27,23.98
2019-05-22 11:00:56,39.76,2.81,213.67,5.22,9.3
2019-05-22 12:00:56,29.14,1.41,160.04,2.84,6.63
2019-05-22 13:00:56,18.76,4.29,47.2,0.0,0.0
2019-05-22 14:00:56,21.93,2.31,8.75,3.63,7.49
2019-05-22 15:00:56,30.68,1.41,61.67,11.8,16.18
2019-05-22 16:00:56,71.43,4.25,85.07,4.47,9.36
2019-05-22 17:00:56,45.02,30.02,213.23,14.52,19.93
2019-05-22 18:00:56,57.61,26.76,374.65,18.7,24.12
2019-05-22 19:00:56,55.09,15.72,451.03,20.0,26.06
2019-05-22 20:00:56,61.35,19.51,594.66,18.9,23.7
2019-05-22 21:00:56,60.9,13.38,538.13,15.71,19.35
2019-05-22 22:00:56,49.91,9.61,546.24,28.2,32.61
2019-05-22 23:00:56,53.11,7.79,497.83,15.77,20.12
2019-05-23 00:00:56,55.67,7.16,590.64,22.46,29.81
2019-05-23 01:00:56,49.28,7.8,591.63,31.77,39.18
2019-05-23 02:00:56,63.6,6.57,509.04,15.45,19.61
2019-05-23 03:00:56,50.91,6.67,502.91,19.59,23.06
2019-05-23 04:00:56,43.86,6.7,461.62,13.91,17.19
2019-05-23 05:00:56,34.31,6.3,383.08,13.47,16.89
2019-05-23 06:00:56,31.36,5.7,395.86,6.39,9.44
2019-05-23 07:00:56,21.5,6.09,417.79,5.83,9.84
2019-05-23 08:00:56,22.35,5.51,400.99,6.63,11.01
2019-05-23 09:00:56,25.66,5.42,442.95,9.94,16.48
2019-05-23 10:00:56,24.41,5.53,439.68,11.37,18.56
2019-05-23 11:00:56,17.89,4.97,442.41,5.43,10.21
2019-05-23 12:00:56,17.41,2.37,409.91,1.74,4.95
2019-05-23 13:00:56,11.09,0.53,398.51,0.0,0.0
2019-05-23 14:00:56,9.37,0.0,403.98,3.63,6.98
2019-05-23 15:00:56,17.77,0.0,506.8,26.19,33.96
2019-05-23 16:00:56,0.0,0.0,0.0,0.0,0.0
2019-05-23 17:00:56,0.0,0.0,0.0,0.0,0.0
2019-05-23 18:00:56,0.0,0.0,0.0,0.0,0.0
2019-05-23 19:00:56,0.0,0.0,0.0,0.0,0.0
2019-05-23 20:00:56,0.0,0.0,0.0,0.0,0.0
2019-05-23 21:00:56,0.0,0.0,0.0,0.0,0.0
2019-05-23 22:00:56,0.0,0.0,0.0,0.0,0.0
2019-05-23 23:00:56,0.0,0.0,0.0,0.0,0.0
2019-05-24 00:00:56,0.0,0.0,0.0,0.0,0.0
2019-05-24 01:00:56,0.0,0.0,0.0,0.0,0.0
2019-05-24 02:00:56,0.0,0.0,0.0,0.0,0.0
2019-05-24 03:00:56,0.0,0.0,0.0,0.0,0.0
2019-05-24 04:00:56,0.0,0.0,0.0,0.0,0.0
2019-05-24 05:00:56,0.0,0.0,0.0,0.0,0.0
2019-05-24 06:00:56,0.0,0.0,0.0,0.0,0.0
2019-05-24 07:00:56,0.0,0.0,0.0,0.0,0.0
2019-05-24 08:00:56,0.0,0.0,0.0,0.0,0.0
2019-05-24 09:00:56,42.74,4.62,550.03,22.27,45.12
2019-05-24 10:00:56,58.86,4.57,438.43,9.36,18.58
2019-05-24 11:00:56,60.59,6.87,385.97,2.21,7.03
2019-05-24 12:00:56,33.21,2.48,474.48,0.0,0.0
2019-05-24 13:00:56,25.6,0.0,588.8,3.06,9.04
2019-05-24 14:00:56,31.21,0.0,497.4,3.89,8.72
2019-05-24 15:00:56,38.85,0.0,486.13,13.24,20.05
2019-05-24 16:00:56,47.21,0.64,368.65,5.04,9.63
2019-05-24 17:00:56,39.1,0.07,304.13,6.79,11.59
2019-05-24 18:00:56,50.31,2.12,300.09,16.85,22.22
2019-05-24 19:00:56,55.6,5.21,185.39,13.34,18.18
2019-05-24 20:00:56,58.43,3.77,331.59,15.93,20.04
2019-05-24 21:00:56,49.76,3.48,260.71,9.18,13.78
2019-05-24 22:00:56,46.9,4.87,325.31,26.63,33.43
2019-05-24 23:00:56,34.24,4.6,295.77,19.8,25.27
2019-05-25 00:00:56,36.1,4.87,462.14,32.34,45.46
2019-05-25 01:00:56,33.07,5.29,271.39,25.74,33.0
2019-05-25 02:00:56,39.94,4.48,198.08,16.23,19.92
2019-05-25 03:00:56,26.39,3.71,183.2,18.51,22.81
2019-05-25 04:00:56,40.75,3.41,141.46,4.95,7.96
2019-05-25 05:00:56,35.3,3.71,60.16,3.73,6.58
2019-05-25 06:00:56,26.61,3.33,58.07,2.26,5.08
2019-05-25 07:00:56,20.55,3.79,140.95,10.12,13.98
2019-05-25 08:00:56,25.25,3.58,189.38,8.53,13.5
2019-05-25 09:00:56,29.42,2.78,200.53,15.39,21.32
2019-05-25 10:00:56,36.64,2.61,148.65,0.0,0.0
2019-05-25 11:00:56,19.33,0.23,209.46,0.0,0.0
2019-05-25 12:00:56,12.62,0.0,248.71,7.85,12.54
2019-05-25 13:00:56,17.43,0.0,217.69,5.99,10.43
2019-05-25 14:00:56,26.51,0.0,182.4,5.18,9.44
2019-05-25 15:00:56,30.83,0.0,261.53,8.43,13.51
2019-05-25 16:00:56,32.25,0.0,315.3,14.67,19.91
2019-05-25 17:00:56,44.49,2.85,175.28,9.72,13.57
2019-05-25 18:00:56,44.0,5.31,252.33,15.12,21.64
2019-05-25 19:00:56,35.05,24.81,252.01,7.77,11.16
2019-05-25 20:00:56,35.33,15.72,227.66,7.89,10.93
2019-05-25 21:00:56,35.92,9.12,145.22,3.38,6.38
2019-05-25 22:00:56,29.89,6.12,173.33,5.57,9.11
2019-05-25 23:00:56,29.45,5.59,252.97,12.27,17.29
2019-05-26 00:00:56,29.82,5.32,321.6,13.04,19.17
2019-05-26 01:00:56,29.56,6.37,159.78,10.81,17.19
2019-05-26 02:00:56,31.29,6.27,64.02,10.57,15.81
2019-05-26 03:00:56,30.59,7.19,176.12,18.82,27.37
2019-05-26 04:00:56,28.95,7.07,73.64,23.16,26.58
2019-05-26 05:00:56,27.89,7.52,23.51,16.11,19.39
2019-05-26 06:00:56,25.16,7.78,85.79,13.07,16.86
2019-05-26 07:00:56,26.33,9.77,97.52,19.51,33.55
2019-05-26 08:00:56,31.22,30.47,73.74,4.44,8.52
2019-05-26 09:00:56,30.39,20.62,176.58,5.47,10.0
2019-05-26 10:00:56,18.89,26.62,306.42,5.26,9.85
2019-05-26 11:00:56,23.98,57.16,313.31,7.16,11.98
2019-05-26 12:00:56,30.71,12.17,166.37,3.08,7.29
2019-05-26 13:00:56,28.08,6.15,32.2,2.69,6.73
2019-05-26 14:00:56,21.28,4.64,59.29,3.28,7.1
2019-05-26 15:00:56,31.04,4.49,30.5,3.48,7.46
2019-05-26 16:00:56,22.99,4.51,16.34,6.95,12.17
2019-05-26 17:00:56,24.9,17.14,215.46,7.93,11.92
2019-05-26 18:00:56,35.12,53.05,231.18,10.51,15.33
2019-05-26 19:00:56,32.3,42.25,220.99,14.5,19.75
2019-05-26 20:00:56,37.9,36.27,291.79,25.33,30.52
2019-05-26 21:00:56,49.04,10.36,386.67,18.01,21.42
2019-05-26 22:00:56,54.24,9.89,389.4,11.93,14.73
2019-05-26 23:00:56,49.81,14.55,362.41,13.8,16.6
2019-05-27 00:00:56,45.16,12.71,389.84,21.99,26.52
2019-05-27 01:00:56,34.33,9.44,471.89,45.28,58.49
2019-05-27 02:00:56,56.32,8.24,385.29,52.46,60.8
2019-05-27 03:00:56,45.22,7.81,369.95,40.35,46.01
2019-05-27 04:00:56,33.09,7.76,333.12,17.27,20.56
2019-05-27 05:00:56,38.91,7.27,246.3,7.01,10.1
2019-05-27 06:00:56,28.09,7.15,309.84,8.36,15.31
2019-05-27 07:00:56,16.31,7.29,265.96,11.32,18.98
2019-05-27 08:00:56,24.26,124.05,369.46,21.22,31.14
2019-05-27 09:00:56,54.6,81.29,466.31,10.87,17.26
2019-05-27 10:00:56,54.29,24.89,499.38,6.46,11.48
2019-05-27 11:00:56,44.07,10.76,560.87,8.0,14.05
2019-05-27 12:00:56,47.46,190.52,561.59,15.03,22.5
2019-05-27 13:00:56,65.08,47.19,355.06,16.2,23.3
2019-05-27 14:00:56,53.02,15.62,429.96,18.57,25.5
2019-05-27 15:00:56,59.72,53.42,382.2,17.63,24.2
2019-05-27 16:00:56,67.7,35.05,385.31,24.67,32.18
2019-05-27 17:00:56,64.75,12.21,256.89,5.19,9.19
2019-05-27 18:00:56,56.42,6.57,199.88,5.66,11.02
2019-05-27 19:00:56,42.65,5.6,252.41,4.88,9.07
2019-05-27 20:00:56,27.58,6.36,162.46,8.57,12.89
2019-05-27 21:00:56,38.66,5.33,217.22,9.02,11.89
2019-05-27 22:00:56,36.23,3.63,522.48,18.81,24.32
2019-05-27 23:00:56,51.28,4.84,457.38,29.61,37.92
2019-05-28 00:00:56,62.76,4.74,380.95,30.38,36.14
2019-05-28 01:00:56,57.4,8.8,338.65,18.88,24.47
2019-05-28 02:00:56,44.0,8.4,257.62,9.03,12.51
2019-05-28 03:00:56,42.32,7.99,185.88,10.05,14.44
2019-05-28 04:00:56,33.97,8.0,206.56,7.83,13.54
2019-05-28 05:00:56,35.28,8.49,127.88,10.69,14.41
2019-05-28 06:00:56,35.54,8.46,122.4,12.46,23.32
2019-05-28 07:00:56,34.32,9.12,188.19,13.0,21.99
2019-05-28 08:00:56,29.21,10.02,267.08,6.43,12.84
2019-05-28 09:00:56,40.67,13.04,446.84,10.93,19.17
2019-05-28 10:00:56,43.64,8.58,446.07,4.66,9.44
2019-05-28 11:00:56,27.09,2.76,481.18,2.47,6.61
2019-05-28 12:00:56,21.09,0.16,460.8,2.19,5.68
2019-05-28 13:00:56,20.95,0.34,420.04,3.89,7.93
2019-05-28 14:00:56,0.0,0.0,0.0,0.0,0.0
2019-05-28 15:00:56,0.0,0.0,1236.5,5.04,9.03
2019-05-28 16:00:56,0.07,5.03,1383.22,3.69,7.59
2019-05-28 17:00:56,4.9,3.14,181.96,3.5,7.61
2019-05-28 18:00:56,11.25,4.65,305.51,0.0,0.0
2019-05-28 19:00:56,6.05,1.48,1188.38,10.36,16.1
2019-05-28 20:00:56,27.55,3.65,1276.61,14.86,20.49
2019-05-28 21:00:56,44.94,4.89,1358.05,12.05,16.39
2019-05-28 22:00:56,50.75,4.15,1581.46,17.19,22.37
2019-05-28 23:00:56,53.68,2.52,1725.32,17.64,23.23
2019-05-29 00:00:56,44.59,4.17,1485.02,23.81,31.15
2019-05-29 01:00:56,35.27,5.07,1378.48,23.33,29.69
2019-05-29 02:00:56,28.9,5.52,1324.59,18.71,23.95
2019-05-29 03:00:56,34.7,5.16,1345.33,15.14,21.72
2019-05-29 04:00:56,36.38,6.08,1342.43,10.44,15.11
2019-05-29 05:00:56,36.35,6.13,1354.96,8.96,13.12
2019-05-29 06:00:56,29.53,6.0,1345.57,8.88,14.42
2019-05-29 07:00:56,31.8,6.48,1373.98,8.7,18.4
2019-05-29 08:00:56,28.98,5.08,1494.15,10.39,18.7
2019-05-29 09:00:56,20.72,1.98,1679.56,11.47,20.06
2019-05-29 10:00:56,27.79,0.36,1810.87,9.56,16.82
2019-05-29 11:00:56,40.16,47.46,1883.66,29.26,59.81
2019-05-29 12:00:56,83.09,158.67,1817.61,45.85,63.66
2019-05-29 13:00:56,129.24,33.97,1752.01,38.84,50.77
2019-05-29 14:00:56,137.61,14.47,1668.28,50.17,67.6
2019-05-29 15:00:56,112.05,13.98,1516.96,26.03,36.93
2019-05-29 16:00:56,96.65,11.75,1487.06,21.13,29.71
2019-05-29 17:00:56,86.77,9.54,1326.06,29.46,39.81
2019-05-29 18:00:56,104.81,9.17,1349.4,33.35,42.5
2019-05-29 19:00:56,123.65,10.29,1274.55,35.97,45.19
2019-05-29 20:00:56,94.39,11.28,1495.11,61.35,70.83
2019-05-29 21:00:56,94.19,10.05,1676.56,63.44,73.48
2019-05-29 22:00:56,107.19,7.37,1837.88,61.79,72.78
2019-05-29 23:00:56,96.61,6.12,1779.12,58.02,66.65
2019-05-30 00:00:56,95.8,7.22,1560.57,51.61,61.12
2019-05-30 01:00:56,87.28,8.5,1441.02,47.61,57.89
2019-05-30 02:00:56,71.58,8.3,1447.81,53.34,66.75
2019-05-30 03:00:56,69.63,8.48,1303.51,24.67,29.44
2019-05-30 04:00:56,58.26,8.31,1296.84,20.5,25.02
2019-05-30 05:00:56,43.15,8.42,1247.99,14.13,18.6
2019-05-30 06:00:56,31.89,7.87,1265.87,20.2,25.47
2019-05-30 07:00:56,29.67,7.73,1283.43,24.25,32.53
2019-05-30 08:00:56,24.83,6.04,1350.09,18.17,27.93
2019-05-30 09:00:56,42.82,4.28,1549.53,21.47,33.09
2019-05-30 10:00:56,65.37,2.29,1589.4,21.11,34.76
2019-05-30 11:00:56,93.44,35.66,1636.47,27.05,39.82
2019-05-30 12:00:56,109.8,12.78,1665.71,25.98,38.74
2019-05-30 13:00:56,88.65,12.28,1425.96,16.25,25.04
2019-05-30 14:00:56,57.89,71.1,1195.37,21.66,30.89
2019-05-30 15:00:56,65.72,91.07,1096.31,19.09,28.28
2019-05-30 16:00:56,64.5,34.3,988.25,14.82,24.03
2019-05-30 17:00:56,54.42,19.59,1075.89,21.75,29.73
2019-05-30 18:00:56,64.0,22.83,1145.26,30.37,39.79
2019-05-30 19:00:56,67.17,21.38,1187.33,44.6,56.8
2019-05-30 20:00:56,76.91,17.89,1365.22,43.07,52.94
2019-05-30 21:00:56,92.26,13.47,1528.01,42.82,49.78
2019-05-30 22:00:56,109.78,9.0,1801.67,36.17,46.4
2019-05-30 23:00:56,94.64,7.76,1594.02,30.37,37.69
2019-05-31 00:00:56,93.94,8.91,1432.71,32.21,43.22
2019-05-31 01:00:56,88.64,9.15,1231.01,31.98,39.79
2019-05-31 02:00:56,77.77,9.28,1130.85,27.0,35.53
2019-05-31 03:00:56,64.81,8.77,1155.88,35.31,46.28
2019-05-31 04:00:56,62.04,8.82,1110.65,51.74,61.72
2019-05-31 05:00:56,49.01,9.57,1082.45,61.53,84.18
2019-05-31 06:00:56,54.05,9.12,1053.06,46.23,68.6
2019-05-31 07:00:56,47.71,9.43,1099.18,17.47,24.26
2019-05-31 08:00:56,45.38,75.41,1199.93,12.75,21.6
2019-05-31 09:00:56,47.88,109.5,1404.19,15.82,26.44
2019-05-31 10:00:56,57.06,54.97,1473.24,12.99,20.97
2019-05-31 11:00:56,52.35,15.5,1565.68,17.34,26.23
2019-05-31 12:00:56,64.09,7.83,1613.3,25.44,37.7
2019-05-31 13:00:56,77.13,5.2,1567.93,13.56,21.21
2019-05-31 14:00:56,73.01,5.37,1649.03,19.38,29.36
2019-05-31 15:00:56,80.0,8.36,1678.58,35.37,48.61
2019-05-31 16:00:56,102.58,9.71,1693.31,33.74,48.4
2019-05-31 17:00:56,115.69,8.49,1256.29,19.61,28.97
2019-05-31 18:00:56,120.39,8.33,1376.08,32.16,41.46
2019-05-31 19:00:56,113.95,10.89,1300.99,32.17,41.57
2019-05-31 20:00:56,110.29,32.54,1334.24,49.83,60.33
2019-05-31 21:00:56,111.16,41.46,1277.38,42.25,51.2
2019-05-31 22:00:56,111.23,28.9,1178.66,34.39,47.32
2019-05-31 23:00:56,95.97,23.81,1235.48,64.89,92.57
2019-06-01 00:00:56,92.12,21.07,1116.69,33.72,47.19
2019-06-01 01:00:56,77.62,19.55,1105.38,47.47,55.45
2019-06-01 02:00:56,78.33,17.63,1020.08,25.75,32.18
2019-06-01 03:00:56,74.28,16.67,888.79,14.69,20.8
2019-06-01 04:00:56,55.56,15.83,802.9,9.31,14.1
2019-06-01 05:00:56,45.18,14.92,808.35,6.9,11.27
2019-06-01 06:00:56,45.94,14.69,789.46,10.69,15.55
2019-06-01 07:00:56,41.85,14.96,763.1,9.08,15.41
2019-06-01 08:00:56,41.71,63.92,954.04,26.1,37.66
2019-06-01 09:00:56,59.6,155.73,1202.31,31.05,44.66
2019-06-01 10:00:56,112.85,99.36,1220.6,31.62,45.72
2019-06-01 11:00:56,108.02,50.85,1233.1,22.27,32.58
2019-06-01 12:00:56,97.09,23.3,1214.01,16.83,24.68
2019-06-01 13:00:56,90.68,21.41,1237.0,19.22,27.15
2019-06-01 14:00:56,82.22,51.71,1121.72,20.53,29.05
2019-06-01 15:00:56,77.43,33.29,853.32,14.18,21.9
2019-06-01 16:00:56,74.23,22.83,824.81,18.31,27.09
2019-06-01 17:00:56,79.55,19.06,1179.22,17.89,27.64
2019-06-01 18:00:56,81.29,18.35,1247.24,20.32,28.64
2019-06-01 19:00:56,84.0,18.5,1239.73,17.7,24.51
2019-06-01 20:00:56,72.6,17.48,1354.43,22.18,30.28
2019-06-01 21:00:56,57.76,14.04,1581.61,31.39,36.32
2019-06-01 22:00:56,62.35,10.83,0.0,24.85,29.68
2019-06-01 23:00:56,54.82,11.49,1482.18,0.0,0.0
2019-06-02 00:00:56,46.06,0.0,1390.53,28.71,35.2
2019-06-02 01:00:56,55.25,12.43,1437.8,37.29,45.18
2019-06-02 02:00:56,55.41,12.31,1292.45,22.5,28.76
2019-06-02 03:00:56,50.64,12.58,1237.6,14.15,18.7
2019-06-02 04:00:56,42.93,11.84,1283.93,33.26,37.79
2019-06-02 05:00:56,42.11,11.45,1281.9,35.03,41.02
2019-06-02 06:00:56,46.17,12.29,1292.55,27.37,33.8
2019-06-02 07:00:56,35.26,14.92,1207.58,17.59,23.83
2019-06-02 08:00:56,26.1,16.61,1332.56,18.46,26.13
2019-06-02 09:00:56,36.84,20.05,1405.15,23.45,33.97
2019-06-02 10:00:56,43.74,100.3,1502.5,24.81,35.84
2019-06-02 11:00:56,58.65,36.17,1605.9,23.46,33.13
2019-06-02 12:00:56,69.14,89.14,1570.34,19.56,28.12
2019-06-02 13:00:56,88.23,83.29,1580.32,13.62,22.24
2019-06-02 14:00:56,85.45,37.59,1618.6,15.71,24.23
2019-06-02 15:00:56,76.38,36.06,1372.76,15.29,22.78
2019-06-02 16:00:56,74.37,33.97,1281.17,16.28,24.89
2019-06-02 17:00:56,76.87,29.02,1217.65,11.32,17.73
2019-06-02 18:00:56,81.74,21.33,1396.69,12.28,19.62
2019-06-02 19:00:56,61.54,19.57,1266.16,15.01,21.96
2019-06-02 20:00:56,50.36,16.21,1337.29,14.74,21.34
2019-06-02 21:00:56,61.5,15.18,1436.69,12.89,18.17
2019-06-02 22:00:56,56.46,12.14,1629.27,23.95,30.33
2019-06-02 23:00:56,48.32,10.16,1888.55,36.6,42.98
2019-06-03 00:00:56,48.07,8.72,1900.66,42.05,49.59
2019-06-03 01:00:56,49.5,9.24,1565.2,18.09,23.04
2019-06-03 02:00:56,41.36,9.56,1418.84,21.83,29.85
2019-06-03 03:00:56,32.66,8.94,1370.24,19.17,24.26
2019-06-03 04:00:56,33.66,9.24,1318.45,13.29,17.19
2019-06-03 05:00:56,31.14,8.72,1273.66,8.57,13.34
2019-06-03 06:00:56,32.33,8.93,1230.24,10.99,15.38
2019-06-03 07:00:56,31.71,8.8,1193.97,10.6,16.72
2019-06-03 08:00:56,20.69,26.98,1299.91,16.43,23.49
2019-06-03 09:00:56,39.4,90.1,1516.95,18.36,27.06
2019-06-03 10:00:56,79.74,46.26,1548.04,16.32,24.78
2019-06-03 11:00:56,80.03,15.19,1548.46,12.02,19.61
2019-06-03 12:00:56,77.02,9.15,1555.39,12.58,20.87
2019-06-03 13:00:56,62.43,12.22,1424.8,11.27,18.93
2019-06-03 14:00:56,58.24,10.97,1304.34,8.98,16.75
2019-06-03 15:00:56,58.88,25.77,1246.62,7.51,14.36
2019-06-03 16:00:56,63.06,53.64,1226.18,6.86,13.09
2019-06-03 17:00:56,58.52,114.2,1149.09,8.6,15.25
2019-06-03 18:00:56,71.79,43.94,1172.49,7.14,13.65
2019-06-03 19:00:56,68.22,50.96,1190.01,8.75,15.25
2019-06-03 20:00:56,68.48,31.44,1209.43,11.06,17.58
2019-06-03 21:00:56,69.92,20.49,1299.25,4.13,8.78
2019-06-03 22:00:56,58.06,13.06,1491.9,9.29,15.59
2019-06-03 23:00:56,50.26,9.32,1639.49,11.18,17.12
2019-06-04 00:00:56,47.88,6.35,1704.22,6.19,12.04
2019-06-04 01:00:56,40.67,4.02,1783.86,8.67,13.55
2019-06-04 02:00:56,32.96,5.0,1583.8,10.08,14.84
2019-06-04 03:00:56,33.11,3.9,1513.52,6.37,10.42
2019-06-04 04:00:56,33.76,5.09,1447.97,4.91,9.32
2019-06-04 05:00:56,35.54,4.86,1423.89,5.93,11.21
2019-06-04 06:00:56,34.18,5.92,1397.85,11.52,18.24
2019-06-04 07:00:56,29.7,7.09,1411.45,10.31,16.35
2019-06-04 08:00:56,30.21,6.53,1383.53,17.19,25.7
2019-06-04 09:00:56,33.93,4.22,1459.03,4.33,10.06
2019-06-04 10:00:56,35.61,1.9,1551.9,1.84,6.93
2019-06-04 11:00:56,29.41,0.17,1642.16,3.25,9.07
2019-06-04 12:00:56,38.11,0.0,1582.86,5.52,12.43
2019-06-04 13:00:56,53.8,3.59,1484.66,3.01,8.84
2019-06-04 14:00:56,41.5,15.41,1296.44,5.98,12.77
2019-06-04 15:00:56,34.67,80.46,1207.87,7.61,14.09
2019-06-04 16:00:56,29.24,50.35,1280.25,8.82,14.87
2019-06-04 17:00:56,33.98,57.93,1191.31,5.48,11.41
2019-06-04 18:00:56,39.33,30.66,1224.18,4.48,10.2
2019-06-04 19:00:56,33.88,17.15,1193.7,8.04,15.09
2019-06-04 20:00:56,34.88,12.67,1246.33,10.22,15.63
2019-06-04 21:00:56,45.36,11.27,1310.45,16.24,23.06
2019-06-04 22:00:56,32.99,10.4,1525.74,29.07,39.26
2019-06-04 23:00:56,29.74,8.65,1541.26,40.66,51.66
2019-06-05 00:00:56,38.84,6.14,1806.59,23.78,31.74
2019-06-05 01:00:56,48.39,3.16,1885.26,20.92,26.3
2019-06-05 02:00:56,40.92,3.52,1611.25,14.84,20.36
2019-06-05 03:00:56,38.82,3.19,1486.05,14.53,19.38
2019-06-05 04:00:56,35.77,3.87,1456.22,7.8,11.88
2019-06-05 05:00:56,36.61,3.51,1469.7,3.25,7.09
2019-06-05 06:00:56,33.24,3.66,1391.75,2.24,6.48
2019-06-05 07:00:56,17.86,3.84,1397.76,5.61,10.27
2019-06-05 08:00:56,16.59,2.58,1456.23,7.5,12.7
2019-06-05 09:00:56,25.92,2.31,1493.99,5.39,11.34
2019-06-05 10:00:56,31.0,1.3,1568.85,8.27,18.76
2019-06-05 11:00:56,43.49,0.0,1638.01,3.18,10.01
2019-06-05 12:00:56,40.66,0.0,1643.28,0.0,0.0
2019-06-05 13:00:56,33.99,0.31,1522.59,0.0,0.0
2019-06-05 14:00:56,24.73,3.69,1417.54,4.57,12.46
2019-06-05 15:00:56,36.4,8.92,1304.94,4.77,11.78
2019-06-05 16:00:56,38.0,7.11,1244.66,3.51,10.55
2019-06-05 17:00:56,35.72,3.56,1122.2,3.74,10.22
2019-06-05 18:00:56,40.77,3.68,1223.2,4.38,11.07
2019-06-05 19:00:56,44.63,5.23,1157.1,7.11,13.43
2019-06-05 20:00:56,45.36,5.36,1235.7,13.7,20.55
2019-06-05 21:00:56,35.7,2.27,1447.99,17.13,23.77
2019-06-05 22:00:56,42.29,0.17,1473.48,18.36,25.78
2019-06-05 23:00:56,40.95,0.17,1444.85,20.58,29.62
2019-06-06 00:00:56,34.34,0.95,1475.21,11.33,18.18
2019-06-06 01:00:56,27.3,1.45,1475.92,7.41,13.79
2019-06-06 02:00:56,19.53,1.24,1371.59,6.66,12.66
2019-06-06 03:00:56,18.2,1.47,1324.83,0.0,0.0
2019-06-06 04:00:56,29.79,2.1,1355.28,3.53,8.17
2019-06-06 05:00:56,24.04,2.0,1336.77,8.57,12.73
2019-06-06 06:00:56,23.51,2.2,1305.02,7.81,12.23
2019-06-06 07:00:56,30.71,2.2,1323.63,6.15,11.34
2019-06-06 08:00:56,35.47,1.96,1348.36,4.12,9.2
2019-06-06 09:00:56,34.84,1.45,1397.12,5.65,11.36
2019-06-06 10:00:56,31.98,0.82,1399.84,7.1,12.68
2019-06-06 11:00:56,32.18,0.33,1406.33,11.24,19.26
2019-06-06 12:00:56,30.89,0.44,1349.28,8.13,13.33
2019-06-06 13:00:56,36.8,0.19,1377.27,6.8,11.92
2019-06-06 14:00:56,37.29,1.55,1424.66,6.28,12.86
2019-06-06 15:00:56,30.4,4.41,1416.14,4.89,11.76
2019-06-06 16:00:56,28.49,5.73,1447.36,3.39,9.67
2019-06-06 17:00:56,29.74,2.21,1243.19,4.88,11.78
2019-06-06 18:00:56,37.78,1.18,1268.52,5.54,11.21
2019-06-06 19:00:56,27.3,1.44,1338.68,12.93,19.09
2019-06-06 20:00:56,35.71,1.84,1335.53,12.86,19.21
2019-06-06 21:00:56,34.31,2.65,1295.0,11.81,18.86
2019-06-06 22:00:56,33.7,3.55,1300.74,13.06,20.45
2019-06-06 23:00:56,32.86,3.59,1243.44,10.64,16.41
2019-06-07 00:00:56,32.18,3.97,1202.65,10.3,15.61
2019-06-07 01:00:56,28.58,4.22,1210.53,6.91,13.04
2019-06-07 02:00:56,20.09,4.69,1151.81,10.43,14.93
2019-06-07 03:00:56,25.42,5.8,1084.07,7.42,12.71
2019-06-07 04:00:56,23.98,6.42,1016.54,5.47,10.79
2019-06-07 05:00:56,29.19,7.34,976.71,3.49,7.98
2019-06-07 06:00:56,31.87,7.96,983.9,11.48,17.04
2019-06-07 07:00:56,27.69,8.13,1088.52,5.49,10.34
2019-06-07 08:00:56,29.69,6.67,1151.27,8.99,16.49
2019-06-07 09:00:56,34.11,4.85,1196.63,14.69,22.01
2019-06-07 10:00:56,27.57,4.05,1187.59,12.36,18.93
2019-06-07 11:00:56,36.95,3.37,1247.21,9.86,17.61
2019-06-07 12:00:56,38.67,3.13,1268.88,7.08,14.15
2019-06-07 13:00:56,31.03,2.7,1249.19,9.71,16.32
2019-06-07 14:00:56,25.78,3.8,1259.43,8.12,14.68
2019-06-07 15:00:56,41.27,3.89,1255.93,6.51,13.31
2019-06-07 16:00:56,44.79,3.53,1277.07,4.86,11.45
2019-06-07 17:00:56,40.6,3.38,1096.71,7.12,14.26
2019-06-07 18:00:56,51.31,2.86,1165.4,10.95,17.69
2019-06-07 19:00:56,60.75,2.92,1239.35,15.64,22.94
2019-06-07 20:00:56,56.28,2.84,1213.96,16.88,23.92
2019-06-07 21:00:56,43.22,3.94,1184.8,20.48,28.89
2019-06-07 22:00:56,49.98,5.2,1165.28,16.14,21.31
2019-06-07 23:00:56,42.77,5.58,1110.07,10.24,14.01
2019-06-08 00:00:56,33.47,5.63,1137.18,18.21,23.0
2019-06-08 01:00:56,28.33,6.15,1035.49,11.7,16.65
2019-06-08 02:00:56,20.51,6.92,967.73,8.72,12.97
2019-06-08 03:00:56,25.33,7.84,847.0,2.92,7.03
2019-06-08 04:00:56,24.18,9.43,746.42,6.81,11.44
2019-06-08 05:00:56,16.49,9.92,762.92,5.58,10.03
2019-06-08 06:00:56,19.09,9.62,805.75,8.0,12.83
2019-06-08 07:00:56,14.16,8.9,793.01,16.18,21.17
2019-06-08 08:00:56,16.1,8.27,904.74,23.66,29.22
2019-06-08 09:00:56,21.24,7.68,931.81,14.16,20.3
2019-06-08 10:00:56,18.28,6.66,952.21,16.09,23.39
2019-06-08 11:00:56,26.49,5.49,981.4,13.66,20.25
2019-06-08 12:00:56,30.98,17.64,947.09,8.76,14.74
2019-06-08 13:00:56,32.41,24.06,922.24,8.71,16.07
2019-06-08 14:00:56,34.2,36.53,702.73,12.89,19.84
2019-06-08 15:00:56,30.97,50.23,568.63,16.03,24.27
2019-06-08 16:00:56,28.74,41.34,569.25,15.49,22.42
2019-06-08 17:00:56,31.95,60.29,1150.93,15.2,22.36
2019-06-08 18:00:56,43.67,40.0,1137.74,16.37,23.13
2019-06-08 19:00:56,32.31,32.78,1114.53,9.81,15.05
2019-06-08 20:00:56,21.93,19.07,1240.51,23.7,30.4
2019-06-08 21:00:56,29.08,17.44,1304.1,28.27,33.69
2019-06-08 22:00:56,39.65,13.67,1456.88,38.63,44.96
2019-06-08 23:00:56,39.93,9.46,1585.82,24.99,30.49
2019-06-09 00:00:56,33.62,6.69,1762.76,17.24,22.21
2019-06-09 01:00:56,34.46,4.63,1922.8,17.99,23.4
2019-06-09 02:00:56,30.6,5.13,1541.96,10.52,15.87
2019-06-09 03:00:56,24.37,5.23,1405.04,5.23,9.57
2019-06-09 04:00:56,23.27,5.81,1319.67,10.15,14.56
2019-06-09 05:00:56,19.69,6.63,1303.41,0.0,0.0
2019-06-09 06:00:56,16.17,5.83,1355.25,16.59,20.96
2019-06-09 07:00:56,15.75,5.5,1350.83,3.57,7.94
2019-06-09 08:00:56,19.19,4.27,1399.16,4.67,9.23
2019-06-09 09:00:56,21.52,8.53,1458.68,12.46,17.51
2019-06-09 10:00:56,31.35,9.12,1492.89,9.35,15.09
2019-06-09 11:00:56,28.5,4.24,1554.44,17.59,24.56
2019-06-09 12:00:56,31.71,2.17,1568.7,12.26,19.39
2019-06-09 13:00:56,36.75,0.67,1557.98,3.48,8.34
2019-06-09 14:00:56,22.51,8.79,1549.09,6.31,11.95
2019-06-09 15:00:56,22.11,21.28,1563.98,5.21,10.36
2019-06-09 16:00:56,27.04,18.86,1596.04,9.56,15.34
2019-06-09 17:00:56,31.24,6.98,1231.11,8.19,13.66
2019-06-09 18:00:56,34.85,5.35,1229.81,8.02,12.3
2019-06-09 19:00:56,30.31,5.63,1244.82,18.09,22.97
2019-06-09 20:00:56,25.34,6.43,1261.95,18.95,23.66
2019-06-09 21:00:56,23.7,5.93,1193.79,13.89,19.12
2019-06-09 22:00:56,16.21,6.57,1247.66,22.29,28.65
2019-06-09 23:00:56,20.24,6.75,1190.67,11.37,15.4
2019-06-10 00:00:56,25.55,6.44,1268.95,22.99,28.15
2019-06-10 01:00:56,28.85,6.73,1162.18,15.44,20.81
2019-06-10 02:00:56,25.07,7.16,1190.33,13.69,19.27
2019-06-10 03:00:56,25.89,7.27,1174.03,20.8,28.23
2019-06-10 04:00:56,32.68,7.69,1152.77,7.73,12.54
2019-06-10 05:00:56,30.26,7.19,1098.75,3.75,7.96
2019-06-10 06:00:56,26.61,7.1,1078.21,3.25,7.61
2019-06-10 07:00:56,31.79,7.59,1192.6,8.78,14.33
2019-06-10 08:00:56,26.41,5.92,1285.2,13.77,22.05
2019-06-10 09:00:56,29.8,5.18,1246.41,16.05,25.91
2019-06-10 10:00:56,38.2,4.8,1283.76,15.28,25.89
2019-06-10 11:00:56,38.5,3.54,1248.53,7.15,15.48
2019-06-10 12:00:56,38.56,1.86,1272.26,7.1,15.17
2019-06-10 13:00:56,38.94,1.91,1258.65,6.19,14.05
2019-06-10 14:00:56,32.75,2.31,1257.41,4.29,12.87
2019-06-10 15:00:56,31.01,4.07,1236.18,5.24,13.76
2019-06-10 16:00:56,29.62,9.01,1033.48,8.76,18.99
2019-06-10 17:00:56,43.69,8.26,1228.73,8.66,16.89
2019-06-10 18:00:56,55.13,9.13,1379.09,8.71,16.72
2019-06-10 19:00:56,89.17,11.05,1470.14,10.26,18.54
2019-06-10 20:00:56,133.25,10.99,1302.22,12.71,20.88
2019-06-10 21:00:56,82.36,12.16,1315.37,12.21,19.13
2019-06-10 22:00:56,55.6,12.04,1409.54,18.2,24.57
2019-06-10 23:00:56,50.74,11.79,1503.84,14.64,20.78
2019-06-11 00:00:56,46.8,10.41,1597.75,15.31,21.84
2019-06-11 01:00:56,39.72,10.15,1546.48,8.06,13.34
2019-06-11 02:00:56,29.77,9.59,1602.01,6.6,11.43
2019-06-11 03:00:56,23.73,8.53,1613.26,5.37,10.11
2019-06-11 04:00:56,24.71,7.29,1713.58,0.0,0.0
2019-06-11 05:00:56,24.54,7.45,1641.6,15.15,22.68
2019-06-11 06:00:56,21.7,9.08,1433.06,9.97,17.99
2019-06-11 07:00:56,19.44,9.59,1344.87,0.0,0.0
2019-06-11 08:00:56,13.62,7.16,1452.82,2.89,10.11
2019-06-11 09:00:56,18.12,5.31,1523.0,5.49,15.05
2019-06-11 10:00:56,31.37,4.4,1525.61,8.16,17.36
2019-06-11 11:00:56,46.94,4.32,1506.33,5.41,14.57
2019-06-11 12:00:56,45.81,5.47,1243.1,3.37,11.92
2019-06-11 13:00:56,35.76,7.92,1113.59,3.16,11.75
2019-06-11 14:00:56,32.34,4.27,1074.11,3.61,11.44
2019-06-11 15:00:56,31.94,4.0,1046.92,5.52,12.89
2019-06-11 16:00:56,33.65,4.55,1171.74,25.43,36.87
2019-06-11 17:00:56,55.14,3.54,1408.48,20.01,32.25
2019-06-11 18:00:56,58.84,5.93,1450.53,12.83,19.86
2019-06-11 19:00:56,42.91,6.93,1500.09,23.7,32.66
2019-06-11 20:00:56,32.97,7.68,1498.63,11.69,18.07
2019-06-11 21:00:56,30.52,6.87,1578.45,21.67,28.38
2019-06-11 22:00:56,29.01,6.56,1724.09,20.07,26.08
2019-06-11 23:00:56,21.46,6.18,1752.03,13.29,18.8
2019-06-12 00:00:56,24.78,5.72,1734.97,13.86,22.92
2019-06-12 01:00:56,22.39,4.49,1784.41,5.27,9.66
2019-06-12 02:00:56,16.98,4.08,1785.6,6.02,11.45
2019-06-12 03:00:56,26.61,3.59,1783.64,13.23,19.93
2019-06-12 04:00:56,35.32,2.76,1891.53,3.79,8.22
2019-06-12 05:00:56,28.08,1.93,1934.69,6.95,11.65
2019-06-12 06:00:56,35.42,1.41,1975.43,4.46,10.54
2019-06-12 07:00:56,25.1,1.8,1889.96,4.61,11.57
2019-06-12 08:00:56,24.24,1.06,1782.28,7.48,19.56
2019-06-12 09:00:56,34.14,0.64,1739.31,5.89,17.33
2019-06-12 10:00:56,24.31,0.0,1706.13,0.0,0.0
2019-06-12 11:00:56,21.86,0.0,1793.1,4.61,13.15
2019-06-12 12:00:56,24.42,2.13,1574.08,8.08,16.02
2019-06-12 13:00:56,25.71,2.31,1454.34,65.49,81.05
2019-06-12 14:00:56,20.87,3.08,1456.9,29.96,36.63
2019-06-12 15:00:56,33.36,4.54,1541.53,33.08,42.25
2019-06-12 16:00:56,38.16,4.86,1400.66,14.49,22.93
2019-06-12 17:00:56,31.55,3.53,1210.23,93.27,103.01
2019-06-12 18:00:56,34.86,4.24,1226.53,43.31,50.8
2019-06-12 19:00:56,38.06,6.23,1261.56,41.11,53.97
2019-06-12 20:00:56,28.35,7.04,1261.89,33.03,40.63
2019-06-12 21:00:56,37.58,6.94,1362.08,23.76,28.0
2019-06-12 22:00:56,43.27,7.33,1387.7,21.38,25.87
2019-06-12 23:00:56,37.24,7.64,1424.43,19.29,25.98
2019-06-13 00:00:56,44.39,7.28,1553.0,20.91,34.02
2019-06-13 01:00:56,48.62,6.1,1645.42,30.77,57.9
2019-06-13 02:00:56,48.61,5.32,1675.58,21.72,34.53
2019-06-13 03:00:56,41.99,4.42,1658.52,7.31,12.0
2019-06-13 04:00:56,38.18,4.43,1530.63,9.22,13.85
2019-06-13 05:00:56,30.0,3.09,1465.37,9.39,14.89
2019-06-13 06:00:56,23.98,2.33,1449.11,8.14,13.06
2019-06-13 07:00:56,23.71,2.89,1485.65,9.1,17.34
2019-06-13 08:00:56,23.64,2.46,1502.88,10.8,22.27
2019-06-13 09:00:56,28.07,1.81,1546.28,10.41,19.78
2019-06-13 10:00:56,42.53,0.56,1501.64,3.64,8.93
2019-06-13 11:00:56,43.57,0.02,1524.21,3.3,8.87
2019-06-13 12:00:56,30.37,0.0,1479.11,4.3,10.21
2019-06-13 13:00:56,17.64,3.72,1309.32,10.64,17.29
2019-06-13 14:00:56,21.56,2.28,1192.12,16.0,21.82
2019-06-13 15:00:56,33.82,3.46,1194.54,8.97,14.51
2019-06-13 16:00:56,28.19,4.3,1195.6,4.34,10.21
2019-06-13 17:00:56,29.19,3.49,1255.83,8.24,14.39
2019-06-13 18:00:56,34.08,3.11,1290.3,13.47,19.4
2019-06-13 19:00:56,46.01,3.97,1358.13,21.78,28.89
2019-06-13 20:00:56,55.39,4.76,1385.11,26.92,32.13
2019-06-13 21:00:56,54.69,6.81,1446.72,23.52,28.48
2019-06-13 22:00:56,47.85,7.5,1422.1,12.57,16.89
2019-06-13 23:00:56,53.71,7.45,1363.62,16.08,20.28
2019-06-14 00:00:56,46.32,7.96,1389.84,21.08,26.19
2019-06-14 01:00:56,48.02,6.56,1513.22,18.67,23.53
2019-06-14 02:00:56,51.48,5.47,1493.54,9.04,13.22
2019-06-14 03:00:56,45.01,4.92,1521.63,0.0,0.0
2019-06-14 04:00:56,38.26,3.73,1548.68,3.4,7.61
2019-06-14 05:00:56,39.54,3.16,1602.58,14.65,19.04
2019-06-14 06:00:56,40.44,2.5,1621.81,7.48,12.07
2019-06-14 07:00:56,56.68,1.94,1559.27,6.95,12.39
2019-06-14 08:00:56,83.75,1.94,1594.24,22.16,32.8
2019-06-14 09:00:56,58.53,1.66,1540.64,23.83,34.99
2019-06-14 10:00:56,43.79,0.72,1606.02,12.22,19.79
2019-06-14 11:00:56,45.08,0.0,1692.66,19.53,29.48
2019-06-14 12:00:56,41.16,0.0,1585.51,18.53,26.16
2019-06-14 13:00:56,44.46,2.92,1350.17,46.5,53.78
2019-06-14 14:00:56,28.7,2.6,1319.05,19.57,25.94
2019-06-14 15:00:56,31.96,3.28,1262.75,13.9,20.59
2019-06-14 16:00:56,32.9,4.0,1219.69,11.69,17.93
2019-06-14 17:00:56,34.8,2.74,1405.58,13.16,20.07
2019-06-14 18:00:56,40.6,4.86,1402.16,11.99,19.19
2019-06-14 19:00:56,37.6,5.45,1425.57,15.18,23.17
2019-06-14 20:00:56,32.49,4.93,1432.65,14.33,20.91
2019-06-14 21:00:56,38.4,6.37,1424.12,16.68,23.48
2019-06-14 22:00:56,43.93,7.46,1501.71,16.02,20.79
2019-06-14 23:00:56,40.88,8.0,1493.88,19.98,25.15
2019-06-15 00:00:56,53.6,7.71,1501.69,20.47,25.79
2019-06-15 01:00:56,44.78,7.64,1500.02,13.69,17.93
2019-06-15 02:00:56,38.72,7.62,1489.35,10.18,14.02
2019-06-15 03:00:56,34.5,7.2,1502.08,10.11,13.98
2019-06-15 04:00:56,33.34,6.7,1618.92,8.76,12.29
2019-06-15 05:00:56,26.96,5.98,1664.84,10.42,14.03
2019-06-15 06:00:56,39.01,5.46,1622.72,12.18,16.23
2019-06-15 07:00:56,45.0,5.31,1699.55,15.91,21.23
2019-06-15 08:00:56,40.88,5.37,1699.22,22.1,27.4
2019-06-15 09:00:56,42.47,5.51,1677.95,27.9,35.67
2019-06-15 10:00:56,42.6,5.69,1630.4,17.46,24.27
2019-06-15 11:00:56,41.47,6.54,1479.63,12.07,18.44
2019-06-15 12:00:56,37.51,6.04,1405.38,8.25,14.53
2019-06-15 13:00:56,38.11,5.43,1377.77,10.11,16.57
2019-06-15 14:00:56,28.15,3.48,1445.24,10.6,17.35
2019-06-15 15:00:56,35.36,4.86,1374.15,12.33,18.89
2019-06-15 16:00:56,29.94,4.62,1341.57,9.8,16.13
2019-06-15 17:00:56,32.36,4.03,1272.21,16.23,22.16
2019-06-15 18:00:56,34.03,3.58,1408.87,15.93,21.8
2019-06-15 19:00:56,39.98,7.04,1416.75,18.27,24.3
2019-06-15 20:00:56,32.4,7.98,1506.15,33.2,41.42
2019-06-15 21:00:56,35.7,9.46,1460.5,33.22,38.5
2019-06-15 22:00:56,45.97,10.39,0.0,27.21,31.9
2019-06-15 23:00:56,44.66,10.01,1475.1,0.0,0.0
2019-06-16 00:00:56,40.98,0.0,1588.08,37.98,42.39
2019-06-16 01:00:56,49.42,8.21,1559.03,29.35,36.81
2019-06-16 02:00:56,39.37,8.11,1644.65,30.37,41.46
2019-06-16 03:00:56,39.45,6.68,1543.37,13.95,17.74
2019-06-16 04:00:56,33.52,5.57,1611.74,8.19,11.98
2019-06-16 05:00:56,30.61,5.31,1658.95,7.48,11.67
2019-06-16 06:00:56,24.28,4.51,1628.3,7.81,11.93
2019-06-16 07:00:56,22.21,4.0,1692.71,6.2,10.67
2019-06-16 08:00:56,23.88,4.44,1625.52,6.83,11.7
2019-06-16 09:00:56,30.98,6.8,1446.19,11.85,18.13
2019-06-16 10:00:56,32.58,7.25,1342.65,7.95,13.29
2019-06-16 11:00:56,24.37,7.5,1310.73,6.17,11.47
2019-06-16 12:00:56,37.93,13.49,1267.99,6.14,13.32
2019-06-16 13:00:56,43.56,23.79,1239.93,3.96,9.67
2019-06-16 14:00:56,41.75,12.85,1218.2,4.04,9.68
2019-06-16 15:00:56,34.45,15.79,1187.51,4.11,9.62
2019-06-16 16:00:56,33.46,17.37,1202.6,4.31,11.45
2019-06-16 17:00:56,40.25,25.03,1181.98,4.69,11.84
2019-06-16 18:00:56,46.06,16.87,1232.43,5.41,11.28
2019-06-16 19:00:56,37.61,14.23,1242.21,8.74,15.02
2019-06-16 20:00:56,27.46,9.0,1237.32,10.25,16.24
2019-06-16 21:00:56,37.82,4.78,1357.59,14.56,20.17
2019-06-16 22:00:56,41.45,5.64,1353.06,16.98,22.61
2019-06-16 23:00:56,41.64,4.72,1430.87,15.51,20.83
2019-06-17 00:00:56,38.91,5.34,1437.72,17.88,22.85
2019-06-17 01:00:56,35.49,5.77,1424.07,13.07,18.29
2019-06-17 02:00:56,38.47,6.75,1370.04,6.58,11.25
2019-06-17 03:00:56,35.15,6.98,1440.98,5.71,10.1
2019-06-17 04:00:56,30.41,6.26,1492.01,6.35,10.35
2019-06-17 05:00:56,29.32,4.13,1579.22,5.19,9.05
2019-06-17 06:00:56,26.67,3.25,1627.93,6.82,11.11
2019-06-17 07:00:56,37.15,1.92,1818.76,11.28,16.65
2019-06-17 08:00:56,33.41,2.72,1597.22,12.86,19.4
2019-06-17 09:00:56,31.08,3.67,1430.53,9.45,15.79
2019-06-17 10:00:56,34.55,1.53,1359.38,10.99,18.38
2019-06-17 11:00:56,57.89,5.42,1343.56,14.07,23.5
2019-06-17 12:00:56,103.88,5.09,1321.82,18.12,30.72
2019-06-17 13:00:56,95.78,1.66,1287.86,9.89,17.71
2019-06-17 14:00:56,74.49,2.38,1246.34,12.08,19.44
2019-06-17 15:00:56,66.87,3.76,1270.11,14.66,23.67
2019-06-17 16:00:56,63.24,4.37,1269.06,13.44,21.38
2019-06-17 17:00:56,60.81,4.35,1278.04,13.59,21.07
2019-06-17 18:00:56,71.93,4.57,1381.62,16.32,23.58
2019-06-17 19:00:56,72.22,5.99,1291.25,16.47,22.55
2019-06-17 20:00:56,67.84,10.72,1366.11,18.78,24.6
2019-06-17 21:00:56,59.59,12.26,1439.09,20.37,25.4
2019-06-17 22:00:56,60.47,13.51,1428.84,25.81,31.01
2019-06-17 23:00:56,61.17,13.15,1559.52,24.3,29.38
2019-06-18 00:00:56,50.16,13.82,1568.86,26.79,34.41
2019-06-18 01:00:56,44.0,11.73,1512.1,10.43,15.46
2019-06-18 02:00:56,35.51,10.23,1525.67,6.46,10.41
2019-06-18 03:00:56,37.27,8.94,1528.54,6.8,10.6
2019-06-18 04:00:56,35.5,8.14,1567.72,10.21,14.25
2019-06-18 05:00:56,36.53,6.99,1601.69,20.23,24.48
2019-06-18 06:00:56,44.94,6.88,1608.84,8.49,12.72
2019-06-18 07:00:56,24.8,6.58,1670.05,6.23,10.64
2019-06-18 08:00:56,26.34,6.96,1621.79,22.41,30.64
2019-06-18 09:00:56,43.7,7.11,1523.55,18.43,26.59
2019-06-18 10:00:56,47.62,7.32,1446.19,15.41,22.61
2019-06-18 11:00:56,49.09,4.42,1405.79,8.67,13.67
2019-06-18 12:00:56,49.11,6.11,1324.12,8.88,15.45
2019-06-18 13:00:56,40.1,7.02,1267.11,6.54,11.82
2019-06-18 14:00:56,30.01,3.78,1366.04,10.91,17.05
2019-06-18 15:00:56,39.51,2.77,1296.32,8.3,13.94
2019-06-18 16:00:56,51.13,2.84,1322.67,8.37,14.09
2019-06-18 17:00:56,56.81,2.35,1254.51,10.27,17.39
2019-06-18 18:00:56,67.6,3.29,1276.92,11.09,16.74
2019-06-18 19:00:56,69.66,3.56,1280.82,7.29,12.57
2019-06-18 20:00:56,57.8,3.3,1254.41,10.9,15.76
2019-06-18 21:00:56,58.71,3.65,1331.42,13.88,19.12
2019-06-18 22:00:56,56.76,4.84,1353.59,14.59,18.81
2019-06-18 23:00:56,47.24,3.82,1394.8,11.84,15.98
2019-06-19 00:00:56,46.47,5.0,1337.74,7.09,11.13
2019-06-19 01:00:56,27.68,7.22,1191.54,3.27,7.25
2019-06-19 02:00:56,0.0,0.0,0.0,0.0,0.0
2019-06-19 03:00:56,0.0,0.0,0.0,0.0,0.0
2019-06-19 04:00:56,0.0,0.0,0.0,0.0,0.0
2019-06-19 05:00:56,0.0,0.0,0.0,0.0,0.0
2019-06-19 06:00:56,13.87,0.0,965.9,13.43,17.19
2019-06-19 07:00:56,0.0,0.0,0.0,0.0,0.0
2019-06-19 08:00:56,4.1,0.0,1014.08,37.79,44.87
2019-06-19 09:00:56,12.05,0.0,997.11,19.22,27.06
2019-06-19 10:00:56,0.0,0.0,0.0,0.0,0.0
2019-06-19 11:00:56,0.0,0.0,0.0,0.0,0.0
2019-06-19 12:00:56,4.56,0.0,966.59,51.16,59.08
2019-06-19 13:00:56,13.34,0.0,910.2,20.33,26.45
2019-06-19 14:00:56,15.65,0.0,761.99,16.81,23.48
2019-06-19 15:00:56,27.96,0.0,825.22,14.36,20.75
2019-06-19 16:00:56,40.03,0.0,791.94,16.81,23.92
2019-06-19 17:00:56,0.0,0.0,0.0,0.0,0.0
2019-06-19 18:00:56,41.6,0.0,727.73,20.12,27.26
2019-06-19 19:00:56,43.35,0.0,980.03,19.42,25.45
2019-06-19 20:00:56,43.71,0.0,1153.21,21.65,29.26
2019-06-19 21:00:56,49.06,0.0,1346.16,24.29,29.8
2019-06-19 22:00:56,55.87,0.0,1512.64,13.25,17.26
2019-06-19 23:00:56,44.17,0.0,1628.87,14.21,18.6
2019-06-20 00:00:56,40.49,0.0,1569.61,16.92,22.06
2019-06-20 01:00:56,43.36,0.0,1523.43,10.7,15.18
2019-06-20 02:00:56,37.72,0.0,1644.06,10.33,15.3
2019-06-20 03:00:56,37.66,0.0,1687.49,24.87,30.16
2019-06-20 04:00:56,43.86,0.0,1733.85,5.08,8.99
2019-06-20 05:00:56,38.5,0.0,1734.07,4.0,7.75
2019-06-20 06:00:56,28.92,0.0,1753.67,7.18,11.12
2019-06-20 07:00:56,35.47,0.0,1779.51,9.73,14.5
2019-06-20 08:00:56,28.88,0.0,1654.95,24.98,29.43
2019-06-20 09:00:56,18.4,0.0,1647.61,38.12,42.87
2019-06-20 10:00:56,20.24,0.0,1686.38,44.4,51.43
2019-06-20 11:00:56,22.48,0.0,1598.62,35.45,42.93
2019-06-20 12:00:56,18.92,0.0,1637.22,27.18,34.01
2019-06-20 13:00:56,24.32,0.0,1594.53,13.95,19.39
2019-06-20 14:00:56,18.57,0.0,1651.3,18.7,26.39
2019-06-20 15:00:56,21.41,0.0,1585.58,11.96,18.62
2019-06-20 16:00:56,17.36,0.0,1631.06,8.48,15.41
2019-06-20 17:00:56,20.81,0.0,1636.96,8.26,14.02
2019-06-20 18:00:56,14.29,0.0,1593.37,9.36,15.16
2019-06-20 19:00:56,12.16,0.0,1615.57,10.17,16.21
2019-06-20 20:00:56,18.2,0.0,1700.58,16.91,21.3
2019-06-20 21:00:56,31.76,0.0,1397.66,15.83,20.38
2019-06-20 22:00:56,39.89,0.0,1474.34,25.17,29.69
2019-06-20 23:00:56,37.33,0.0,1405.3,10.49,14.21
2019-06-21 00:00:56,36.31,0.0,1451.4,31.09,35.49
2019-06-21 01:00:56,35.68,0.0,1406.56,39.04,43.5
2019-06-21 02:00:56,34.45,0.0,1364.14,25.15,29.05
2019-06-21 03:00:56,38.63,0.0,1362.13,11.01,15.16
2019-06-21 04:00:56,30.29,0.0,1413.83,7.53,11.68
2019-06-21 05:00:56,33.93,0.0,1350.69,5.72,9.94
2019-06-21 06:00:56,0.0,0.0,0.0,0.0,0.0
2019-06-21 07:00:56,0.0,0.0,0.0,0.0,0.0
2019-06-21 08:00:56,0.0,0.0,0.0,0.0,0.0
2019-06-21 09:00:56,0.0,0.0,1258.42,14.3,21.45
2019-06-21 10:00:56,0.75,0.0,830.61,6.71,12.4
2019-06-21 11:00:56,8.01,0.0,744.18,10.04,17.8
2019-06-21 12:00:56,22.65,0.0,452.65,11.53,22.11
2019-06-21 13:00:56,31.39,0.0,214.34,7.77,13.61
2019-06-21 14:00:56,34.55,0.0,128.41,6.38,12.24
2019-06-21 15:00:56,32.65,0.0,134.1,7.94,14.14
2019-06-21 16:00:56,42.47,0.0,189.39,7.58,14.1
2019-06-21 17:00:56,47.83,0.0,262.31,10.52,18.49
2019-06-21 18:00:56,51.72,0.0,365.99,12.28,19.81
2019-06-21 19:00:56,66.63,0.0,315.68,17.38,25.1
2019-06-21 20:00:56,63.76,0.0,299.77,11.63,16.37
2019-06-21 21:00:56,63.31,0.0,269.54,20.45,25.04
2019-06-21 22:00:56,58.49,0.0,248.23,16.53,20.75
2019-06-21 23:00:56,56.14,0.0,1156.81,12.25,16.43
2019-06-22 00:00:56,54.97,0.0,1252.98,15.99,20.3
2019-06-22 01:00:56,46.62,0.0,1286.34,15.18,19.09
2019-06-22 02:00:56,39.59,0.0,1317.38,12.31,16.38
2019-06-22 03:00:56,37.79,0.0,1294.79,8.29,12.0
2019-06-22 04:00:56,40.48,0.0,1362.33,4.52,8.33
2019-06-22 05:00:56,40.88,0.0,1421.11,9.68,13.44
2019-06-22 06:00:56,41.61,0.0,1481.17,13.58,17.33
2019-06-22 07:00:56,43.15,0.0,1516.58,16.16,22.09
2019-06-22 08:00:56,43.88,0.0,1550.29,16.17,21.13
2019-06-22 09:00:56,39.55,0.0,1585.43,18.56,25.16
2019-06-22 10:00:56,39.38,0.0,1425.67,12.62,19.25
2019-06-22 11:00:56,38.68,0.0,1238.68,9.68,16.35
2019-06-22 12:00:56,45.58,0.0,1172.71,10.55,18.59
2019-06-22 13:00:56,45.79,0.0,1219.89,5.26,10.31
2019-06-22 14:00:56,45.36,0.0,1271.23,11.91,19.7
2019-06-22 15:00:56,42.1,0.0,1251.46,11.83,17.0
2019-06-22 16:00:56,49.64,0.0,1237.66,10.24,15.63
2019-06-22 17:00:56,53.7,0.0,1250.3,11.86,18.11
2019-06-22 18:00:56,52.69,0.0,1317.16,16.36,22.27
2019-06-22 19:00:56,46.39,0.0,1259.4,14.65,19.86
2019-06-22 20:00:56,44.67,0.0,1339.26,18.25,23.21
2019-06-22 21:00:56,37.78,0.0,1500.66,22.91,28.25
2019-06-22 22:00:56,44.48,0.0,1587.75,25.32,30.18
2019-06-22 23:00:56,46.77,0.0,1408.33,20.17,25.0
2019-06-23 00:00:56,55.45,0.0,1506.46,12.92,18.55
2019-06-23 01:00:56,41.44,0.0,1570.61,9.98,14.13
2019-06-23 02:00:56,38.36,0.0,1498.78,10.78,15.78
2019-06-23 03:00:56,35.42,0.0,1449.02,6.64,10.73
2019-06-23 04:00:56,38.88,0.0,1376.66,5.41,9.94
2019-06-23 05:00:56,27.85,0.0,1393.23,8.83,12.96
2019-06-23 06:00:56,36.72,0.0,1357.27,4.81,9.4
2019-06-23 07:00:56,37.92,0.0,1416.17,5.71,10.4
2019-06-23 08:00:56,30.51,0.0,1470.88,6.35,11.49
2019-06-23 09:00:56,23.28,0.0,1523.42,8.19,14.0
2019-06-23 10:00:56,25.91,0.0,1499.97,9.71,15.4
2019-06-23 11:00:56,27.7,0.0,1205.77,12.27,18.67
2019-06-23 12:00:56,32.75,0.0,1114.62,20.13,27.16
2019-06-23 13:00:56,36.63,0.0,1085.47,18.08,25.18
2019-06-23 14:00:56,32.7,0.0,1063.15,10.67,16.7
2019-06-23 15:00:56,34.11,0.0,1129.39,11.75,17.97
2019-06-23 16:00:56,32.25,0.0,1192.89,12.73,18.99
2019-06-23 17:00:56,36.16,0.0,1215.57,11.31,17.29
2019-06-23 18:00:56,31.98,0.0,1197.94,24.72,60.92
2019-06-23 19:00:56,31.94,0.0,1063.93,17.88,23.64
2019-06-23 20:00:56,31.67,0.0,1056.17,29.3,36.17
2019-06-23 21:00:56,35.37,0.0,1067.6,23.56,28.96
2019-06-23 22:00:56,41.58,0.0,1041.05,27.6,34.06
2019-06-23 23:00:56,43.11,0.0,1305.51,30.37,38.58
2019-06-24 00:00:56,43.14,0.0,1351.37,22.42,27.74
2019-06-24 01:00:56,34.01,0.0,1520.34,16.28,23.05
2019-06-24 02:00:56,25.25,0.0,1518.19,10.08,14.66
2019-06-24 03:00:56,28.67,0.0,1403.87,4.26,8.17
2019-06-24 04:00:56,24.15,0.0,1410.4,5.26,9.57
2019-06-24 05:00:56,22.08,0.0,1368.65,8.63,13.11
2019-06-24 06:00:56,33.0,0.0,1395.2,16.51,22.2
2019-06-24 07:00:56,25.31,0.0,1469.84,11.08,18.81
2019-06-24 08:00:56,20.27,0.0,1509.73,9.32,15.06
2019-06-24 09:00:56,25.15,0.0,1554.03,8.37,14.38
2019-06-24 10:00:56,23.06,0.0,1487.37,9.96,17.11
2019-06-24 11:00:56,25.59,0.0,1141.38,9.19,14.75
2019-06-24 12:00:56,29.95,0.0,1152.68,11.3,17.69
2019-06-24 13:00:56,41.28,0.0,1132.82,10.68,18.36
2019-06-24 14:00:56,29.07,0.0,1113.64,8.21,14.39
2019-06-24 15:00:56,33.06,0.0,0.0,11.89,18.1
2019-06-24 16:00:56,38.12,0.0,0.0,0.0,0.0
2019-06-24 17:00:56,0.0,0.0,0.0,0.0,0.0
2019-06-24 18:00:56,0.0,0.0,0.0,0.0,0.0
2019-06-24 19:00:56,0.0,0.0,0.0,0.0,0.0
2019-06-24 20:00:56,4.2,0.0,0.0,0.0,0.0
2019-06-24 21:00:56,6.71,0.0,18.66,22.52,28.12
2019-06-24 22:00:56,19.42,0.0,0.0,21.75,25.71
2019-06-24 23:00:56,36.53,0.0,0.0,23.72,27.75
2019-06-25 00:00:56,35.79,0.0,0.0,13.64,18.27
2019-06-25 01:00:56,48.84,0.0,4.13,28.45,39.24
2019-06-25 02:00:56,48.81,0.0,144.3,6.62,10.91
2019-06-25 03:00:56,40.11,0.0,177.03,3.19,6.95
2019-06-25 04:00:56,25.88,0.0,306.08,2.86,6.87
2019-06-25 05:00:56,30.87,0.0,328.42,9.88,14.08
2019-06-25 06:00:56,31.74,0.0,426.49,6.65,10.89
2019-06-25 07:00:56,24.42,0.0,436.4,4.44,10.28
2019-06-25 08:00:56,16.86,0.0,538.94,5.09,11.99
2019-06-25 09:00:56,24.43,0.0,463.15,16.65,28.74
2019-06-25 10:00:56,36.74,0.0,174.35,17.15,67.15
2019-06-25 11:00:56,40.73,0.0,181.27,13.04,23.77
2019-06-25 12:00:56,49.74,0.0,58.78,8.79,16.57
2019-06-25 13:00:56,49.11,0.0,67.92,5.84,15.26
2019-06-25 14:00:56,52.64,0.0,107.31,9.14,18.48
2019-06-25 15:00:56,60.15,0.0,16.34,10.12,17.25
2019-06-25 16:00:56,62.4,0.0,26.93,8.33,15.56
2019-06-25 17:00:56,63.23,0.0,107.46,7.49,14.52
2019-06-25 18:00:56,64.0,0.0,228.5,11.52,19.24
2019-06-25 19:00:56,58.81,0.0,340.15,15.41,23.13
2019-06-25 20:00:56,51.88,0.0,421.92,16.99,23.45
2019-06-25 21:00:56,48.63,0.0,424.95,15.91,21.21
2019-06-25 22:00:56,48.12,0.0,412.0,8.02,13.74
2019-06-25 23:00:56,50.1,0.0,327.62,6.29,10.2
2019-06-26 00:00:56,38.38,0.0,351.02,6.58,10.43
2019-06-26 01:00:56,25.79,0.0,390.53,4.52,8.36
2019-06-26 02:00:56,18.65,0.0,293.28,3.4,7.31
2019-06-26 03:00:56,26.37,0.0,268.57,2.49,6.16
2019-06-26 04:00:56,33.68,0.0,312.85,0.0,0.0
2019-06-26 05:00:56,36.85,0.0,342.5,3.45,7.59
2019-06-26 06:00:56,34.43,0.0,446.81,3.34,7.39
2019-06-26 07:00:56,26.91,0.0,558.86,7.47,13.86
2019-06-26 08:00:56,22.27,0.0,500.27,11.86,18.23
2019-06-26 09:00:56,29.26,0.0,329.41,10.28,18.67
2019-06-26 10:00:56,36.13,0.0,320.17,11.6,20.33
2019-06-26 11:00:56,45.4,0.0,260.98,7.66,15.92
2019-06-26 12:00:56,53.82,0.0,199.9,6.48,13.92
2019-06-26 13:00:56,49.57,0.0,86.38,6.06,13.27
2019-06-26 14:00:56,43.84,0.0,63.66,4.55,11.74
2019-06-26 15:00:56,40.77,0.0,74.42,5.86,14.27
2019-06-26 16:00:56,30.16,0.0,117.46,4.25,10.71
2019-06-26 17:00:56,42.55,0.0,190.89,7.36,14.68
2019-06-26 18:00:56,43.84,0.0,137.43,6.71,13.67
2019-06-26 19:00:56,34.9,0.0,193.51,8.29,15.48
2019-06-26 20:00:56,31.23,0.0,263.04,7.89,13.68
2019-06-26 21:00:56,33.35,0.0,267.09,13.89,20.57
2019-06-26 22:00:56,48.06,0.0,211.04,12.61,17.55
2019-06-26 23:00:56,46.93,0.0,243.42,11.54,16.11
2019-06-27 00:00:56,48.34,0.0,288.81,29.55,35.29
2019-06-27 01:00:56,55.3,0.0,146.73,17.5,21.34
2019-06-27 02:00:56,42.93,0.0,235.65,13.0,16.79
2019-06-27 03:00:56,39.55,0.0,321.44,10.88,14.44
2019-06-27 04:00:56,39.06,0.0,287.7,8.14,12.0
2019-06-27 05:00:56,40.47,0.0,294.77,0.0,0.0
2019-06-27 06:00:56,38.95,0.0,332.12,0.0,0.0
2019-06-27 07:00:56,37.85,0.0,321.06,4.97,9.75
2019-06-27 08:00:56,29.95,0.0,318.58,5.93,10.77
2019-06-27 09:00:56,37.6,0.0,388.2,21.92,30.08
2019-06-27 10:00:56,43.39,0.0,398.53,20.37,28.33
2019-06-27 11:00:56,67.44,0.0,287.6,11.11,18.42
2019-06-27 12:00:56,77.38,0.0,267.34,8.14,13.85
2019-06-27 13:00:56,69.79,0.0,314.45,6.38,12.16
2019-06-27 14:00:56,59.83,0.0,212.22,5.38,11.57
2019-06-27 15:00:56,51.92,0.0,200.46,4.87,10.72
2019-06-27 16:00:56,57.29,0.0,88.24,4.12,9.88
2019-06-27 17:00:56,58.02,0.0,211.38,12.82,18.73
2019-06-27 18:00:56,52.63,7.74,95.82,15.57,21.9
2019-06-27 19:00:56,53.56,4.34,225.99,14.68,21.25
2019-06-27 20:00:56,53.28,3.03,453.03,15.46,21.06
2019-06-27 21:00:56,54.74,2.29,614.51,18.42,24.42
2019-06-27 22:00:56,59.78,1.75,819.66,24.42,28.71
2019-06-27 23:00:56,69.17,1.4,883.0,18.65,22.65
2019-06-28 00:00:56,62.53,1.41,746.3,16.39,21.58
2019-06-28 01:00:56,57.05,7.76,743.97,23.43,31.78
2019-06-28 02:00:56,54.12,8.27,905.3,15.94,20.91
2019-06-28 03:00:56,42.47,8.06,825.02,12.7,17.72
2019-06-28 04:00:56,35.14,7.94,862.28,17.7,23.39
2019-06-28 05:00:56,33.63,7.62,966.52,15.07,20.19
2019-06-28 06:00:56,31.48,8.49,825.5,23.37,28.64
2019-06-28 07:00:56,24.74,10.66,785.13,5.6,9.64
2019-06-28 08:00:56,18.34,12.03,911.47,9.5,14.61
2019-06-28 09:00:56,24.62,10.86,758.64,10.39,16.9
2019-06-28 10:00:56,32.49,11.1,690.95,7.46,12.94
2019-06-28 11:00:56,36.91,22.11,582.64,8.73,14.49
2019-06-28 12:00:56,40.58,16.99,296.99,7.5,14.01
2019-06-28 13:00:56,39.75,11.02,237.99,5.23,11.14
2019-06-28 14:00:56,28.48,10.29,221.47,3.95,9.68
2019-06-28 15:00:56,24.76,23.8,235.94,7.44,13.92
2019-06-28 16:00:56,37.91,40.13,233.93,8.29,14.0
2019-06-28 17:00:56,40.98,15.17,295.46,8.36,14.13
2019-06-28 18:00:56,44.33,22.99,342.76,6.39,12.11
2019-06-28 19:00:56,41.16,11.92,461.38,12.41,19.46
2019-06-28 20:00:56,34.14,10.39,600.51,11.76,17.01
2019-06-28 21:00:56,47.99,12.98,655.51,16.79,20.54
2019-06-28 22:00:56,56.26,10.15,679.38,16.64,20.41
2019-06-28 23:00:56,62.51,9.2,902.6,30.23,37.16
2019-06-29 00:00:56,59.02,8.69,614.69,23.62,27.95
2019-06-29 01:00:56,51.57,9.38,582.84,13.61,17.61
2019-06-29 02:00:56,47.06,9.2,825.77,9.71,13.97
2019-06-29 03:00:56,47.54,8.99,836.65,5.66,9.42
2019-06-29 04:00:56,46.79,8.79,783.96,5.15,8.89
2019-06-29 05:00:56,38.01,8.97,681.54,6.25,9.7
2019-06-29 06:00:56,38.63,8.75,722.08,7.19,10.85
2019-06-29 07:00:56,31.52,8.97,750.42,5.49,9.27
2019-06-29 08:00:56,19.17,8.77,744.23,10.09,15.85
2019-06-29 09:00:56,18.41,9.05,836.17,18.04,24.56
2019-06-29 10:00:56,22.98,9.21,711.27,15.68,21.56
2019-06-29 11:00:56,45.09,9.68,664.85,15.62,23.03
2019-06-29 12:00:56,95.84,11.29,676.59,10.36,17.19
2019-06-29 13:00:56,166.78,10.35,653.19,6.17,12.19
2019-06-29 14:00:56,267.82,10.41,672.37,7.95,14.29
2019-06-29 15:00:56,240.63,19.27,541.75,8.28,14.97
2019-06-29 16:00:56,164.44,47.89,580.76,9.21,16.29
2019-06-29 17:00:56,105.93,17.36,682.09,10.93,16.38
2019-06-29 18:00:56,78.17,12.04,761.7,16.12,22.04
2019-06-29 19:00:56,64.55,9.99,713.44,15.05,19.73
2019-06-29 20:00:56,48.76,9.58,718.88,18.86,23.63
2019-06-29 21:00:56,46.25,9.31,682.03,14.46,18.67
2019-06-29 22:00:56,37.72,9.27,688.87,7.22,11.1
2019-06-29 23:00:56,26.86,8.98,794.43,11.8,15.8
2019-06-30 00:00:56,24.51,8.62,865.63,4.02,7.65
2019-06-30 01:00:56,20.45,9.54,875.55,0.0,0.0
2019-06-30 02:00:56,11.96,9.66,596.56,0.0,0.0
2019-06-30 03:00:56,7.86,9.76,498.38,0.0,0.0
2019-06-30 04:00:56,7.05,9.6,425.31,0.0,0.0
2019-06-30 05:00:56,6.52,9.74,418.16,0.0,0.0
2019-06-30 06:00:56,13.66,9.72,521.28,0.0,0.0
2019-06-30 07:00:56,18.67,9.83,437.4,0.0,0.0
2019-06-30 08:00:56,10.61,9.74,468.05,5.06,9.38
2019-06-30 09:00:56,7.62,9.73,600.1,4.03,8.71
2019-06-30 10:00:56,25.17,11.87,419.01,6.62,12.22
2019-06-30 11:00:56,52.22,11.48,600.77,6.76,12.9
2019-06-30 12:00:56,33.96,10.17,986.32,5.12,10.72
2019-06-30 13:00:56,29.21,10.29,1071.99,0.0,0.0
2019-06-30 14:00:56,33.76,10.23,1104.78,3.31,8.44
2019-06-30 15:00:56,35.09,29.53,1126.93,5.92,10.87
2019-06-30 16:00:56,33.16,15.09,1191.29,4.95,10.71
2019-06-30 17:00:56,29.44,11.05,1199.5,10.15,16.61
2019-06-30 18:00:56,21.24,10.4,1179.01,8.52,13.21
2019-06-30 19:00:56,23.43,10.43,1216.56,10.15,15.98
2019-06-30 20:00:56,13.38,10.51,1315.48,19.01,25.19
2019-06-30 21:00:56,14.81,10.06,1329.26,9.66,13.51
2019-06-30 22:00:56,23.91,9.83,1415.35,11.24,16.41
2019-06-30 23:00:56,19.44,9.54,1587.95,10.25,14.25
2019-07-01 00:00:56,23.49,9.38,1665.28,5.38,9.09
2019-07-01 01:00:56,13.65,9.45,1560.03,0.0,0.0
2019-07-01 02:00:56,14.8,9.43,901.92,10.6,15.04
2019-07-01 03:00:56,23.44,9.54,894.02,18.16,23.06
2019-07-01 04:00:56,20.55,9.78,890.65,6.5,9.94
2019-07-01 05:00:56,20.84,9.94,895.6,0.0,0.0
2019-07-01 06:00:56,18.54,9.64,904.39,6.18,9.94
2019-07-01 07:00:56,9.91,10.02,896.34,15.98,21.34
2019-07-01 08:00:56,8.63,9.82,974.87,16.23,23.83
2019-07-01 09:00:56,16.43,10.05,946.87,7.54,13.96
2019-07-01 10:00:56,25.11,10.47,862.04,7.2,13.57
2019-07-01 11:00:56,21.86,17.92,858.27,5.38,11.93
2019-07-01 12:00:56,21.97,18.13,812.98,5.76,13.22
2019-07-01 13:00:56,15.94,35.64,763.88,5.79,13.21
2019-07-01 14:00:56,16.48,29.6,754.28,5.33,11.88
2019-07-01 15:00:56,17.07,15.02,680.97,3.3,8.7
2019-07-01 16:00:56,22.97,10.88,656.59,4.61,10.62
2019-07-01 17:00:56,21.02,16.82,752.87,4.97,11.57
2019-07-01 18:00:56,21.39,11.28,697.64,6.16,12.29
2019-07-01 19:00:56,18.54,10.1,730.23,7.13,13.05
2019-07-01 20:00:56,20.75,9.84,814.97,13.1,18.97
2019-07-01 21:00:56,29.22,9.8,755.35,20.02,25.33
2019-07-01 22:00:56,41.5,9.81,803.95,19.9,23.48
2019-07-01 23:00:56,37.65,9.76,940.72,18.53,22.54
2019-07-02 00:00:56,34.29,9.31,1048.3,10.53,14.42
2019-07-02 01:00:56,21.99,8.74,987.84,7.58,11.67
2019-07-02 02:00:56,18.22,8.93,974.4,0.0,0.0
2019-07-02 03:00:56,21.05,8.93,1010.41,4.98,8.99
2019-07-02 04:00:56,14.07,8.71,994.98,4.74,8.75
2019-07-02 05:00:56,15.75,8.93,990.54,0.0,0.0
2019-07-02 06:00:56,14.84,9.05,969.92,5.75,10.4
2019-07-02 07:00:56,9.05,9.06,1030.41,5.3,11.31
2019-07-02 08:00:56,6.51,9.09,1082.68,3.81,9.19
2019-07-02 09:00:56,8.04,9.14,1053.12,0.0,0.0
2019-07-02 10:00:56,12.25,9.43,929.66,0.0,0.0
2019-07-02 11:00:56,19.03,9.34,939.55,3.1,7.95
2019-07-02 12:00:56,22.74,9.41,817.72,5.79,12.59
2019-07-02 13:00:56,31.87,9.23,789.25,0.0,0.0
2019-07-02 14:00:56,31.51,9.31,746.8,0.0,0.0
2019-07-02 15:00:56,27.02,9.26,671.82,0.0,0.0
2019-07-02 16:00:56,25.29,9.09,694.92,4.82,10.51
2019-07-02 17:00:56,28.62,9.1,715.58,5.57,12.16
2019-07-02 18:00:56,42.45,8.7,752.84,6.63,13.66
2019-07-02 19:00:56,52.44,9.0,848.9,7.52,13.15
2019-07-02 20:00:56,42.87,9.15,851.46,7.68,13.67
2019-07-02 21:00:56,40.13,8.99,1013.35,40.62,50.62
2019-07-02 22:00:56,57.67,9.23,987.42,22.3,26.01
2019-07-02 23:00:56,50.7,8.81,1085.78,20.32,24.05
2019-07-03 00:00:56,42.8,8.75,1210.63,24.65,28.9
2019-07-03 01:00:56,35.72,9.56,1151.23,8.15,12.65
2019-07-03 02:00:56,29.14,9.71,1030.29,0.0,0.0
2019-07-03 03:00:56,19.61,9.62,1077.18,0.0,0.0
2019-07-03 04:00:56,18.96,9.94,1025.78,0.0,0.0
2019-07-03 05:00:56,21.15,9.79,1042.87,0.0,0.0
2019-07-03 06:00:56,13.29,9.76,1119.87,0.0,0.0
2019-07-03 07:00:56,10.13,10.65,1123.63,22.35,34.01
2019-07-03 08:00:56,13.77,34.76,1068.61,12.36,21.27
2019-07-03 09:00:56,29.08,39.44,938.93,11.86,20.0
2019-07-03 10:00:56,36.01,60.35,852.53,10.67,18.26
2019-07-03 11:00:56,37.95,54.59,713.67,6.35,13.57
2019-07-03 12:00:56,34.47,21.97,635.02,5.51,12.01
2019-07-03 13:00:56,26.87,23.12,627.71,0.0,0.0
2019-07-03 14:00:56,21.74,44.52,657.55,5.04,11.73
2019-07-03 15:00:56,17.69,79.53,488.31,9.33,17.19
2019-07-03 16:00:56,31.78,17.6,493.78,5.31,11.99
2019-07-03 17:00:56,45.54,36.06,549.68,7.3,14.18
2019-07-03 18:00:56,37.25,50.5,693.41,8.95,15.92
2019-07-03 19:00:56,27.5,28.28,745.03,9.18,15.61
2019-07-03 20:00:56,28.34,21.97,820.63,14.6,21.56
2019-07-03 21:00:56,32.66,13.44,798.57,18.99,23.66
2019-07-03 22:00:56,35.58,11.83,887.33,11.75,15.39
2019-07-03 23:00:56,41.49,11.63,921.04,11.45,15.77
2019-07-04 00:00:56,34.7,11.5,1026.96,14.81,21.29
2019-07-04 01:00:56,19.22,10.05,1112.05,7.62,11.94
2019-07-04 02:00:56,16.46,10.09,1090.39,5.4,9.06
2019-07-04 03:00:56,25.21,10.03,952.93,4.84,8.67
2019-07-04 04:00:56,25.04,9.99,889.04,2.48,6.28
2019-07-04 05:00:56,22.9,9.49,893.76,4.09,8.47
2019-07-04 06:00:56,30.4,9.1,938.63,6.01,12.7
2019-07-04 07:00:56,21.71,10.85,932.95,27.0,42.87
2019-07-04 08:00:56,31.6,37.78,1060.48,20.07,28.5
2019-07-04 09:00:56,44.88,96.36,928.64,14.41,22.68
2019-07-04 10:00:56,48.14,46.0,877.35,7.09,14.35
2019-07-04 11:00:56,49.51,23.23,820.54,5.21,10.33
2019-07-04 12:00:56,35.43,12.64,716.32,3.5,8.21
2019-07-04 13:00:56,32.08,22.37,678.49,6.04,12.29
2019-07-04 14:00:56,36.87,101.97,406.94,8.19,18.75
2019-07-04 15:00:56,36.52,65.28,0.55,0.0,0.0
2019-07-04 16:00:56,34.89,67.72,39.75,0.0,0.0
2019-07-04 17:00:56,45.26,92.21,123.2,0.0,0.0
2019-07-04 18:00:56,55.71,48.17,281.3,0.0,0.0
2019-07-04 19:00:56,49.12,59.67,409.16,0.0,0.0
2019-07-04 20:00:56,35.07,18.0,642.96,0.0,0.0
2019-07-04 21:00:56,45.37,11.01,812.39,0.0,0.0
2019-07-04 22:00:56,61.31,10.02,966.26,0.0,0.0
2019-07-04 23:00:56,62.02,9.78,1020.62,0.0,0.0
2019-07-05 00:00:56,48.82,9.47,1080.72,0.0,0.0
2019-07-05 01:00:56,35.98,8.72,1200.99,0.0,0.0
2019-07-05 02:00:56,26.63,8.5,1079.58,0.0,0.0
2019-07-05 03:00:56,31.65,8.54,1011.72,0.0,0.0
2019-07-05 04:00:56,32.36,8.44,1084.37,0.0,0.0
2019-07-05 05:00:56,31.63,8.38,943.82,0.0,0.0
2019-07-05 06:00:56,18.22,8.24,938.67,0.0,0.0
2019-07-05 07:00:56,15.33,8.03,1080.13,0.0,0.0
2019-07-05 08:00:56,15.98,8.55,1123.28,0.0,0.0
2019-07-05 09:00:56,19.48,9.44,952.17,0.0,0.0
2019-07-05 10:00:56,25.5,9.25,884.64,0.0,0.0
2019-07-05 11:00:56,36.47,8.75,864.61,0.0,0.0
2019-07-05 12:00:56,46.41,8.45,860.87,0.0,0.0
2019-07-05 13:00:56,35.68,8.09,829.53,0.0,0.0
2019-07-05 14:00:56,21.55,8.4,768.75,0.0,0.0
2019-07-05 15:00:56,21.48,9.01,665.23,0.0,0.0
2019-07-05 16:00:56,25.62,9.05,630.15,0.0,0.0
2019-07-05 17:00:56,24.57,9.27,628.79,0.0,0.0
2019-07-05 18:00:56,31.67,9.57,684.43,0.0,0.0
2019-07-05 19:00:56,46.82,8.47,905.64,0.0,0.0
2019-07-05 20:00:56,48.85,13.2,855.27,0.0,0.0
2019-07-05 21:00:56,50.35,11.76,1035.81,0.0,0.0
2019-07-05 22:00:56,65.12,10.34,861.14,0.0,0.0
2019-07-05 23:00:56,66.08,10.99,819.64,0.0,0.0
2019-07-06 00:00:56,52.27,9.26,887.09,0.0,0.0
2019-07-06 01:00:56,33.03,7.44,977.59,0.0,0.0
2019-07-06 02:00:56,24.35,7.15,1156.23,0.0,0.0
2019-07-06 03:00:56,30.6,7.14,1195.56,0.0,0.0
2019-07-06 04:00:56,34.52,7.0,1260.14,0.0,0.0
2019-07-06 05:00:56,35.64,7.11,1253.96,0.0,0.0
2019-07-06 06:00:56,0.0,0.0,0.0,0.0,0.0
2019-07-06 07:00:56,1.95,0.0,0.0,0.0,0.0
2019-07-06 08:00:56,0.78,9.65,181.1,0.0,0.0
2019-07-06 09:00:56,9.36,9.22,167.95,0.0,0.0
2019-07-06 10:00:56,31.19,8.76,105.73,0.0,0.0
2019-07-06 11:00:56,37.43,9.34,29.18,0.0,0.0
2019-07-06 12:00:56,37.96,22.85,42.86,0.0,0.0
2019-07-06 13:00:56,52.05,33.84,0.97,0.0,0.0
2019-07-06 14:00:56,48.3,39.44,3.4,0.0,0.0
2019-07-06 15:00:56,48.78,25.64,0.0,0.0,0.0
2019-07-06 16:00:56,48.63,13.17,5.93,0.0,0.0
2019-07-06 17:00:56,40.9,11.34,0.0,0.0,0.0
2019-07-06 18:00:56,36.4,11.08,2.3,0.0,0.0
2019-07-06 19:00:56,42.45,10.69,9.57,0.0,0.0
2019-07-06 20:00:56,39.94,11.18,0.12,0.0,0.0
2019-07-06 21:00:56,42.41,10.93,8.09,0.0,0.0
2019-07-06 22:00:56,43.76,10.14,7.15,0.0,0.0
2019-07-06 23:00:56,41.62,9.64,52.84,0.0,0.0
2019-07-07 00:00:56,38.38,9.17,174.69,0.0,0.0
2019-07-07 01:00:56,33.51,8.98,118.28,0.0,0.0
2019-07-07 02:00:56,34.9,8.77,61.95,0.0,0.0
2019-07-07 03:00:56,32.99,9.07,1004.54,0.0,0.0
2019-07-07 04:00:56,20.76,8.87,1034.31,0.0,0.0
2019-07-07 05:00:56,21.48,9.12,1042.57,0.0,0.0
2019-07-07 06:00:56,28.33,8.91,1115.24,0.0,0.0
2019-07-07 07:00:56,26.98,9.12,1148.88,0.0,0.0
2019-07-07 08:00:56,14.85,9.39,1147.5,0.0,0.0
2019-07-07 09:00:56,16.21,10.59,1150.96,0.0,0.0
2019-07-07 10:00:56,26.21,10.3,1088.16,0.0,0.0
2019-07-07 11:00:56,22.59,16.26,923.39,0.0,0.0
2019-07-07 12:00:56,31.65,29.08,899.07,0.0,0.0
2019-07-07 13:00:56,42.17,55.19,886.8,0.0,0.0
2019-07-07 14:00:56,40.43,20.17,903.2,0.0,0.0
2019-07-07 15:00:56,42.72,12.64,896.11,0.0,0.0
2019-07-07 16:00:56,28.36,10.89,917.36,0.0,0.0
2019-07-07 17:00:56,29.22,10.03,890.04,0.0,0.0
2019-07-07 18:00:56,35.5,10.34,866.22,0.0,0.0
2019-07-07 19:00:56,38.97,9.64,861.64,0.0,0.0
2019-07-07 20:00:56,39.86,9.58,923.75,0.0,0.0
2019-07-07 21:00:56,47.67,9.6,883.32,0.0,0.0
2019-07-07 22:00:56,45.09,9.35,929.18,0.0,0.0
2019-07-07 23:00:56,46.47,9.25,1108.98,0.0,0.0
2019-07-08 00:00:56,51.44,8.84,1255.97,0.0,0.0
2019-07-08 01:00:56,53.74,8.31,1124.98,0.0,0.0
2019-07-08 02:00:56,42.5,8.51,1130.34,0.0,0.0
2019-07-08 03:00:56,37.17,8.49,1059.21,0.0,0.0
2019-07-08 04:00:56,28.23,8.87,1084.45,0.0,0.0
2019-07-08 05:00:56,21.6,8.65,1035.26,0.0,0.0
2019-07-08 06:00:56,22.54,9.12,1044.49,0.0,0.0
2019-07-08 07:00:56,28.8,9.21,1167.03,0.0,0.0
2019-07-08 08:00:56,26.6,14.74,1125.88,0.0,0.0
2019-07-08 09:00:56,26.94,16.04,1134.15,0.0,0.0
2019-07-08 10:00:56,21.63,13.42,1097.07,0.0,0.0
2019-07-08 11:00:56,33.43,11.4,864.04,0.0,0.0
2019-07-08 12:00:56,33.6,8.97,885.41,0.0,0.0
2019-07-08 13:00:56,21.3,8.92,840.77,0.0,0.0
2019-07-08 14:00:56,17.27,8.37,800.28,0.0,0.0
2019-07-08 15:00:56,22.2,8.23,810.61,0.0,0.0
2019-07-08 16:00:56,34.26,8.16,837.45,0.0,0.0
2019-07-08 17:00:56,43.01,27.91,815.01,0.0,0.0
2019-07-08 18:00:56,49.52,16.42,903.51,0.0,0.0
2019-07-08 19:00:56,39.73,14.78,896.42,0.0,0.0
2019-07-08 20:00:56,29.83,11.19,916.33,0.0,0.0
2019-07-08 21:00:56,35.27,9.49,1068.12,0.0,0.0
2019-07-08 22:00:56,52.43,9.58,906.83,0.0,0.0
2019-07-08 23:00:56,48.29,9.51,982.72,0.0,0.0
2019-07-09 00:00:56,48.08,8.94,985.81,0.0,0.0
2019-07-09 01:00:56,37.32,10.14,1091.7,0.0,0.0
2019-07-09 02:00:56,27.32,10.36,964.7,0.0,0.0
2019-07-09 03:00:56,24.18,10.22,992.45,0.0,0.0
2019-07-09 04:00:56,17.06,10.27,997.94,0.0,0.0
2019-07-09 05:00:56,20.58,10.39,1070.47,0.0,0.0
2019-07-09 06:00:56,27.51,9.95,1073.95,0.0,0.0
2019-07-09 07:00:56,16.49,10.02,1184.01,0.0,0.0
2019-07-09 08:00:56,17.61,10.26,1234.76,0.0,0.0
2019-07-09 09:00:56,26.48,10.11,1223.85,0.0,0.0
2019-07-09 10:00:56,40.05,10.62,1065.83,0.0,0.0
2019-07-09 11:00:56,52.63,10.39,968.88,0.0,0.0
2019-07-09 12:00:56,40.12,9.9,971.72,0.0,0.0
2019-07-09 13:00:56,33.82,10.4,987.42,0.0,0.0
2019-07-09 14:00:56,26.37,10.41,918.98,0.0,0.0
2019-07-09 15:00:56,27.65,29.68,964.16,0.0,0.0
2019-07-09 16:00:56,25.57,20.39,1015.01,0.0,0.0
2019-07-09 17:00:56,22.8,12.63,1007.78,0.0,0.0
2019-07-09 18:00:56,30.42,28.22,1018.34,0.0,0.0
2019-07-09 19:00:56,33.81,33.1,963.22,0.0,0.0
2019-07-09 20:00:56,33.03,12.96,967.58,0.0,0.0
2019-07-09 21:00:56,39.34,11.97,972.1,0.0,0.0
2019-07-09 22:00:56,45.77,11.27,954.52,0.0,0.0
2019-07-09 23:00:56,34.13,10.96,1084.08,0.0,0.0
2019-07-10 00:00:56,36.86,10.56,1149.97,0.0,0.0
2019-07-10 01:00:56,32.34,9.77,1307.24,0.0,0.0
2019-07-10 02:00:56,25.38,9.7,1165.78,0.0,0.0
2019-07-10 03:00:56,30.3,9.92,1009.56,0.0,0.0
2019-07-10 04:00:56,30.36,10.02,1045.87,0.0,0.0
2019-07-10 05:00:56,23.1,9.86,983.12,0.0,0.0
2019-07-10 06:00:56,16.08,10.38,995.88,0.0,0.0
2019-07-10 07:00:56,15.39,11.07,1025.87,0.0,0.0
2019-07-10 08:00:56,13.14,13.27,1061.34,0.0,0.0
2019-07-10 09:00:56,10.77,13.49,1066.35,0.0,0.0
2019-07-10 10:00:56,11.95,11.41,944.22,0.0,0.0
2019-07-10 11:00:56,20.88,11.16,859.11,0.0,0.0
2019-07-10 12:00:56,29.91,48.47,600.62,0.0,0.0
2019-07-10 13:00:56,25.96,13.82,661.32,0.0,0.0
2019-07-10 14:00:56,20.15,11.79,787.66,0.0,0.0
2019-07-10 15:00:56,26.55,39.96,866.39,0.0,0.0
2019-07-10 16:00:56,27.81,50.29,1011.57,0.0,0.0
2019-07-10 17:00:56,32.23,30.06,987.26,0.0,0.0
2019-07-10 18:00:56,30.55,22.44,1018.82,0.0,0.0
2019-07-10 19:00:56,34.95,28.84,1002.56,0.0,0.0
2019-07-10 20:00:56,37.34,15.97,1046.81,0.0,0.0
2019-07-10 21:00:56,39.36,12.74,1046.44,0.0,0.0
2019-07-10 22:00:56,35.58,11.89,1017.41,0.0,0.0
2019-07-10 23:00:56,45.69,11.83,915.43,0.0,0.0
2019-07-11 00:00:56,42.45,10.94,972.67,0.0,0.0
2019-07-11 01:00:56,35.08,8.88,1163.68,0.0,0.0
2019-07-11 02:00:56,24.37,8.66,1174.03,0.0,0.0
2019-07-11 03:00:56,15.65,8.53,975.1,0.0,0.0
2019-07-11 04:00:56,15.36,8.66,996.1,0.0,0.0
2019-07-11 05:00:56,11.31,8.7,980.23,0.0,0.0
2019-07-11 06:00:56,10.87,10.54,997.32,0.0,0.0
2019-07-11 07:00:56,13.91,14.75,1000.12,0.0,0.0
2019-07-11 08:00:56,9.34,19.69,1079.61,0.0,0.0
2019-07-11 09:00:56,14.05,19.06,1057.98,0.0,0.0
2019-07-11 10:00:56,18.77,13.05,1007.37,0.0,0.0
2019-07-11 11:00:56,16.07,24.04,859.09,0.0,0.0
2019-07-11 12:00:56,19.65,18.34,816.99,0.0,0.0
2019-07-11 13:00:56,15.36,34.41,748.53,0.0,0.0
2019-07-11 14:00:56,9.54,41.17,720.89,0.0,0.0
2019-07-11 15:00:56,10.46,62.09,578.75,0.0,0.0
2019-07-11 16:00:56,14.96,27.48,633.09,0.0,0.0
2019-07-11 17:00:56,12.19,13.64,625.52,0.0,0.0
2019-07-11 18:00:56,18.95,14.0,647.44,0.0,0.0
2019-07-11 19:00:56,19.75,12.93,633.78,0.0,0.0
2019-07-11 20:00:56,20.58,10.56,779.09,0.0,0.0
2019-07-11 21:00:56,22.67,8.91,997.23,0.0,0.0
2019-07-11 22:00:56,19.07,8.64,1055.19,0.0,0.0
2019-07-11 23:00:56,11.26,9.02,1033.63,0.0,0.0
2019-07-12 00:00:56,7.9,8.9,1005.3,0.0,0.0
2019-07-12 01:00:56,6.1,9.07,1028.01,0.0,0.0
2019-07-12 02:00:56,4.59,9.17,1004.37,0.0,0.0
2019-07-12 03:00:56,7.57,9.25,1168.67,0.0,0.0
2019-07-12 04:00:56,11.1,9.17,1148.47,0.0,0.0
2019-07-12 05:00:56,6.65,9.27,1149.72,0.0,0.0
2019-07-12 06:00:56,5.99,9.26,1114.18,0.0,0.0
2019-07-12 07:00:56,6.28,9.39,1157.29,0.0,0.0
2019-07-12 08:00:56,4.34,9.22,1157.37,0.0,0.0
2019-07-12 09:00:56,3.15,9.23,1213.63,0.0,0.0
2019-07-12 10:00:56,4.71,9.51,1212.43,0.0,0.0
2019-07-12 11:00:56,12.23,9.5,1217.55,0.0,0.0
2019-07-12 12:00:56,18.44,10.98,1222.24,0.0,0.0
2019-07-12 13:00:56,12.6,9.06,1280.88,0.0,0.0
2019-07-12 14:00:56,7.49,9.14,1202.8,0.0,0.0
2019-07-12 15:00:56,5.69,12.73,1176.85,0.0,0.0
2019-07-12 16:00:56,7.85,25.17,1064.24,0.0,0.0
2019-07-12 17:00:56,12.9,11.36,944.64,0.0,0.0
2019-07-12 18:00:56,24.18,9.75,960.02,0.0,0.0
2019-07-12 19:00:56,44.64,9.71,1019.18,0.0,0.0
2019-07-12 20:00:56,35.74,9.72,1095.16,0.0,0.0
2019-07-12 21:00:56,30.46,9.55,1217.22,0.0,0.0
2019-07-12 22:00:56,33.17,9.5,1173.23,0.0,0.0
2019-07-12 23:00:56,27.22,9.73,1098.16,0.0,0.0
2019-07-13 00:00:56,21.29,9.71,1053.67,0.0,0.0
2019-07-13 01:00:56,16.16,9.34,1069.38,0.0,0.0
2019-07-13 02:00:56,9.57,9.13,1057.85,0.0,0.0
2019-07-13 03:00:56,5.9,9.26,931.49,0.0,0.0
2019-07-13 04:00:56,4.32,8.88,1007.94,0.0,0.0
2019-07-13 05:00:56,3.94,9.15,1000.96,0.0,0.0
2019-07-13 06:00:56,3.48,9.09,1013.45,0.0,0.0
2019-07-13 07:00:56,3.9,9.21,1097.72,0.0,0.0
2019-07-13 08:00:56,8.59,9.45,1094.84,0.0,0.0
2019-07-13 09:00:56,10.63,9.67,1097.59,0.0,0.0
2019-07-13 10:00:56,6.16,9.53,1107.91,0.0,0.0
2019-07-13 11:00:56,4.01,15.53,964.96,0.0,0.0
2019-07-13 12:00:56,2.91,18.99,815.26,0.0,0.0
2019-07-13 13:00:56,3.35,30.97,796.17,0.0,0.0
2019-07-13 14:00:56,4.78,33.19,781.66,0.0,0.0
2019-07-13 15:00:56,3.62,43.89,795.38,0.0,0.0
2019-07-13 16:00:56,2.95,15.44,772.8,0.0,0.0
2019-07-13 17:00:56,2.56,21.91,846.38,0.0,0.0
2019-07-13 18:00:56,2.43,15.46,811.66,0.0,0.0
2019-07-13 19:00:56,2.44,12.9,899.92,0.0,0.0
2019-07-13 20:00:56,2.54,10.52,900.32,0.0,0.0
2019-07-13 21:00:56,2.0,9.42,1039.85,0.0,0.0
2019-07-13 22:00:56,1.01,8.83,1138.48,0.0,0.0
2019-07-13 23:00:56,0.51,8.78,1130.86,0.0,0.0
2019-07-14 00:00:56,0.68,8.96,1071.85,0.0,0.0
2019-07-14 01:00:56,2.04,8.69,1000.8,0.0,0.0
2019-07-14 02:00:56,2.92,8.56,1054.04,0.0,0.0
2019-07-14 03:00:56,2.05,8.34,939.96,0.0,0.0
2019-07-14 04:00:56,1.81,8.45,959.9,0.0,0.0
2019-07-14 05:00:56,1.8,8.33,949.26,0.0,0.0
2019-07-14 06:00:56,1.64,8.45,918.34,0.0,0.0
2019-07-14 07:00:56,3.94,8.57,950.71,0.0,0.0
2019-07-14 08:00:56,7.99,8.42,1025.58,0.0,0.0
2019-07-14 09:00:56,8.03,8.25,1062.24,0.0,0.0
2019-07-14 10:00:56,7.53,8.07,1095.94,0.0,0.0
2019-07-14 11:00:56,6.15,7.91,1071.86,0.0,0.0
2019-07-14 12:00:56,4.07,8.31,931.81,0.0,0.0
2019-07-14 13:00:56,5.18,8.19,838.22,0.0,0.0
2019-07-14 14:00:56,7.59,8.16,819.92,0.0,0.0
2019-07-14 15:00:56,4.72,8.05,825.56,0.0,0.0
2019-07-14 16:00:56,3.23,7.84,834.0,0.0,0.0
2019-07-14 17:00:56,2.37,7.93,777.9,0.0,0.0
2019-07-14 18:00:56,1.8,8.23,775.68,0.0,0.0
2019-07-14 19:00:56,2.18,8.2,801.9,0.0,0.0
2019-07-14 20:00:56,2.79,8.42,854.49,0.0,0.0
2019-07-14 21:00:56,1.91,8.38,943.56,0.0,0.0
2019-07-14 22:00:56,1.14,8.33,1330.05,0.0,0.0
2019-07-14 23:00:56,0.59,8.01,1392.95,0.0,0.0
2019-07-15 00:00:56,0.6,8.05,1224.14,0.0,0.0
2019-07-15 01:00:56,2.04,7.95,1173.24,0.0,0.0
2019-07-15 02:00:56,3.69,7.74,1130.66,0.0,0.0
2019-07-15 03:00:56,2.84,7.78,1087.72,0.0,0.0
2019-07-15 04:00:56,2.61,7.6,1105.54,0.0,0.0
2019-07-15 05:00:56,2.4,7.4,1126.63,0.0,0.0
2019-07-15 06:00:56,2.29,7.53,1156.46,0.0,0.0
2019-07-15 07:00:56,3.07,7.54,1181.19,0.0,0.0
2019-07-15 08:00:56,4.55,7.84,1209.76,0.0,0.0
2019-07-15 09:00:56,3.72,8.29,1190.66,0.0,0.0
2019-07-15 10:00:56,3.39,8.64,1172.84,0.0,0.0
2019-07-15 11:00:56,3.98,9.86,1150.49,0.0,0.0
2019-07-15 12:00:56,3.5,18.77,1208.76,0.0,0.0
2019-07-15 13:00:56,3.78,9.93,1179.54,0.0,0.0
2019-07-15 14:00:56,4.24,9.57,1104.43,0.0,0.0
2019-07-15 15:00:56,3.65,10.2,1040.6,0.0,0.0
2019-07-15 16:00:56,2.61,10.33,1075.66,0.0,0.0
2019-07-15 17:00:56,1.3,8.79,1273.77,0.0,0.0
2019-07-15 18:00:56,1.01,8.46,1285.44,0.0,0.0
2019-07-15 19:00:56,2.74,9.7,1249.46,0.0,0.0
2019-07-15 20:00:56,4.75,9.08,1248.65,0.0,0.0
2019-07-15 21:00:56,3.6,8.65,1261.32,0.0,0.0
2019-07-15 22:00:56,2.99,8.77,1236.67,0.0,0.0
2019-07-15 23:00:56,2.39,8.71,1246.87,0.0,0.0
2019-07-16 00:00:56,1.85,8.38,1237.11,0.0,0.0
2019-07-16 01:00:56,2.34,8.74,1228.62,0.0,0.0
2019-07-16 02:00:56,3.07,8.7,1107.23,0.0,0.0
2019-07-16 03:00:56,2.49,8.58,1053.72,0.0,0.0
2019-07-16 04:00:56,2.3,8.76,1030.21,0.0,0.0
2019-07-16 05:00:56,2.03,8.87,1035.8,0.0,0.0
2019-07-16 06:00:56,2.27,8.71,1098.0,0.0,0.0
2019-07-16 07:00:56,4.98,8.7,1099.82,0.0,0.0
2019-07-16 08:00:56,10.6,9.03,1177.81,0.0,0.0
2019-07-16 09:00:56,9.72,8.73,1116.88,0.0,0.0
2019-07-16 10:00:56,6.04,11.48,1105.25,0.0,0.0
2019-07-16 11:00:56,4.44,14.44,935.35,0.0,0.0
2019-07-16 12:00:56,3.48,0.0,795.71,0.0,0.0
2019-07-16 13:00:56,4.44,70.06,798.66,0.0,0.0
2019-07-16 14:00:56,6.3,27.39,0.0,0.0,0.0
2019-07-16 15:00:56,4.12,55.43,761.34,0.0,0.0
2019-07-16 16:00:56,2.83,32.22,803.48,0.0,0.0
2019-07-16 17:00:56,2.03,13.32,842.1,0.0,0.0
2019-07-16 18:00:56,1.55,11.06,872.24,0.0,0.0
2019-07-16 19:00:56,1.93,9.78,829.29,0.0,0.0
2019-07-16 20:00:56,3.05,9.12,889.15,0.0,0.0
2019-07-16 21:00:56,1.94,9.22,893.42,0.0,0.0
2019-07-16 22:00:56,1.29,8.81,944.09,0.0,0.0
2019-07-16 23:00:56,0.68,8.36,1156.34,0.0,0.0
2019-07-17 00:00:56,0.69,8.43,1220.92,0.0,0.0
2019-07-17 01:00:56,1.92,8.96,1130.24,0.0,0.0
2019-07-17 02:00:56,3.27,9.21,1095.15,0.0,0.0
2019-07-17 03:00:56,2.7,9.24,1056.26,0.0,0.0
2019-07-17 04:00:56,2.51,9.31,1092.76,0.0,0.0
2019-07-17 05:00:56,2.21,9.19,1091.44,0.0,0.0
2019-07-17 06:00:56,1.8,9.28,1064.8,0.0,0.0
2019-07-17 07:00:56,4.58,9.5,1087.67,0.0,0.0
2019-07-17 08:00:56,10.26,9.15,1182.77,0.0,0.0
2019-07-17 09:00:56,9.22,10.1,1191.26,0.0,0.0
2019-07-17 10:00:56,5.73,9.46,1151.63,0.0,0.0
2019-07-17 11:00:56,4.75,9.55,1010.67,0.0,0.0
2019-07-17 12:00:56,4.34,10.04,933.19,0.0,0.0
2019-07-17 13:00:56,3.69,9.25,956.69,0.0,0.0
2019-07-17 14:00:56,4.28,9.03,924.97,0.0,0.0
2019-07-17 15:00:56,3.07,8.94,926.82,0.0,0.0
2019-07-17 16:00:56,2.52,9.08,907.37,0.0,0.0
2019-07-17 17:00:56,2.48,9.15,889.61,0.0,0.0
2019-07-17 18:00:56,2.08,9.42,867.42,0.0,0.0
2019-07-17 19:00:56,1.93,9.31,876.99,0.0,0.0
2019-07-17 20:00:56,2.16,9.23,942.05,0.0,0.0
2019-07-17 21:00:56,1.89,9.2,1027.85,0.0,0.0
2019-07-17 22:00:56,1.83,8.88,1130.29,0.0,0.0
2019-07-17 23:00:56,1.25,8.85,1214.61,0.0,0.0
2019-07-18 00:00:56,1.52,8.79,1278.18,0.0,0.0
2019-07-18 01:00:56,2.33,8.98,1192.35,0.0,0.0
2019-07-18 02:00:56,3.22,9.4,1163.35,0.0,0.0
2019-07-18 03:00:56,2.76,9.43,995.44,0.0,0.0
2019-07-18 04:00:56,2.36,9.63,1015.05,0.0,0.0
2019-07-18 05:00:56,2.01,9.43,1017.1,0.0,0.0
2019-07-18 06:00:56,1.78,9.53,1046.38,0.0,0.0
2019-07-18 07:00:56,2.89,11.75,1046.72,0.0,0.0
2019-07-18 08:00:56,5.01,22.14,1056.63,0.0,0.0
2019-07-18 09:00:56,3.58,12.05,1117.28,0.0,0.0
2019-07-18 10:00:56,2.4,11.23,1121.75,0.0,0.0
2019-07-18 11:00:56,1.76,11.63,1077.52,0.0,0.0
2019-07-18 12:00:56,1.64,11.52,1001.58,0.0,0.0
2019-07-18 13:00:56,3.67,10.87,1004.96,0.0,0.0
2019-07-18 14:00:56,6.27,10.61,1022.57,0.0,0.0
2019-07-18 15:00:56,4.05,10.05,1032.61,0.0,0.0
2019-07-18 16:00:56,3.14,10.06,1007.53,0.0,0.0
2019-07-18 17:00:56,2.43,10.01,985.64,0.0,0.0
2019-07-18 18:00:56,2.07,9.84,1103.27,0.0,0.0
2019-07-18 19:00:56,2.44,10.0,1077.36,0.0,0.0
2019-07-18 20:00:56,3.15,9.73,1100.78,0.0,0.0
2019-07-18 21:00:56,1.85,9.65,1131.88,0.0,0.0
2019-07-18 22:00:56,1.7,9.79,1393.84,0.0,0.0
2019-07-18 23:00:56,1.66,9.91,1071.59,0.0,0.0
2019-07-19 00:00:56,1.89,10.06,1109.52,0.0,0.0
2019-07-19 01:00:56,3.07,8.68,1066.74,0.0,0.0
2019-07-19 02:00:56,4.28,8.77,967.74,0.0,0.0
2019-07-19 03:00:56,2.84,8.88,956.76,0.0,0.0
2019-07-19 04:00:56,2.22,8.76,1011.2,0.0,0.0
2019-07-19 05:00:56,1.75,8.73,1043.27,0.0,0.0
2019-07-19 06:00:56,1.81,9.08,1028.47,0.0,0.0
2019-07-19 07:00:56,3.15,9.22,1051.36,0.0,0.0
2019-07-19 08:00:56,4.74,9.04,1051.91,0.0,0.0
2019-07-19 09:00:56,3.01,9.02,1060.53,0.0,0.0
2019-07-19 10:00:56,1.84,8.58,1112.83,0.0,0.0
2019-07-19 11:00:56,1.29,8.57,1120.74,0.0,0.0
2019-07-19 12:00:56,2.38,8.66,1110.65,0.0,0.0
2019-07-19 13:00:56,5.47,8.93,1141.55,0.0,0.0
2019-07-19 14:00:56,7.63,9.56,957.81,0.0,0.0
2019-07-19 15:00:56,5.55,8.98,930.51,0.0,0.0
2019-07-19 16:00:56,4.54,8.54,964.71,0.0,0.0
2019-07-19 17:00:56,3.06,9.2,945.97,0.0,0.0
2019-07-19 18:00:56,2.47,12.09,971.98,0.0,0.0
2019-07-19 19:00:56,2.13,11.01,974.59,0.0,0.0
2019-07-19 20:00:56,2.5,10.48,989.36,0.0,0.0
2019-07-19 21:00:56,2.43,9.67,1074.44,0.0,0.0
2019-07-19 22:00:56,2.5,9.13,1141.09,0.0,0.0
2019-07-19 23:00:56,2.1,8.81,1190.38,0.0,0.0
2019-07-20 00:00:56,1.44,8.61,1282.49,0.0,0.0
2019-07-20 01:00:56,2.36,7.76,1322.31,0.0,0.0
2019-07-20 02:00:56,3.28,7.75,1476.47,0.0,0.0
2019-07-20 03:00:56,2.89,7.88,998.8,0.0,0.0
2019-07-20 04:00:56,2.81,8.06,1012.4,0.0,0.0
2019-07-20 05:00:56,2.74,8.12,1023.75,0.0,0.0
2019-07-20 06:00:56,2.64,8.13,976.04,0.0,0.0
2019-07-20 07:00:56,4.45,8.3,1057.23,0.0,0.0
2019-07-20 08:00:56,8.5,8.17,1078.43,0.0,0.0
2019-07-20 09:00:56,7.81,7.69,1140.15,0.0,0.0
2019-07-20 10:00:56,5.1,7.71,1108.01,0.0,0.0
2019-07-20 11:00:56,3.66,7.85,1052.62,0.0,0.0
2019-07-20 12:00:56,2.9,8.3,871.11,0.0,0.0
2019-07-20 13:00:56,4.71,7.86,842.65,0.0,0.0
2019-07-20 14:00:56,6.51,9.56,857.1,0.0,0.0
2019-07-20 15:00:56,4.18,9.17,843.96,0.0,0.0
2019-07-20 16:00:56,2.97,9.21,788.93,0.0,0.0
2019-07-20 17:00:56,2.53,9.05,787.49,0.0,0.0
2019-07-20 18:00:56,2.37,9.05,811.21,0.0,0.0
2019-07-20 19:00:56,2.26,9.47,764.7,0.0,0.0
2019-07-20 20:00:56,2.07,9.87,766.44,0.0,0.0
2019-07-20 21:00:56,1.41,10.03,801.71,0.0,0.0
2019-07-20 22:00:56,0.86,9.94,898.46,0.0,0.0
2019-07-20 23:00:56,0.95,9.31,955.47,0.0,0.0
2019-07-21 00:00:56,1.18,8.96,1027.1,0.0,0.0
2019-07-21 01:00:56,1.94,8.66,1028.43,0.0,0.0
2019-07-21 02:00:56,2.79,8.71,1091.77,0.0,0.0
2019-07-21 03:00:56,2.22,8.91,983.48,0.0,0.0
2019-07-21 04:00:56,1.74,9.11,968.8,0.0,0.0
2019-07-21 05:00:56,0.87,9.54,990.99,0.0,0.0
2019-07-21 06:00:56,0.82,9.71,904.15,0.0,0.0
2019-07-21 07:00:56,3.05,9.78,889.76,0.0,0.0
2019-07-21 08:00:56,5.63,9.94,926.62,0.0,0.0
2019-07-21 09:00:56,4.94,9.96,887.63,0.0,0.0
2019-07-21 10:00:56,0.0,0.0,0.0,0.0,0.0
2019-07-21 11:00:56,0.0,0.0,0.0,0.0,0.0
2019-07-21 12:00:56,0.0,0.0,0.0,0.0,0.0
2019-07-21 13:00:56,0.0,0.0,0.0,0.0,0.0
2019-07-21 14:00:56,11.18,3.31,32.58,0.0,0.0
2019-07-21 15:00:56,27.0,0.64,0.0,0.0,0.0
2019-07-21 16:00:56,14.71,0.0,0.0,0.0,0.0
2019-07-21 17:00:56,8.22,0.18,2.43,0.0,0.0
2019-07-21 18:00:56,4.47,1.62,5.87,0.0,0.0
2019-07-21 19:00:56,3.5,0.01,0.0,0.0,0.0
2019-07-21 20:00:56,3.33,0.0,0.0,0.0,0.0
2019-07-21 21:00:56,2.52,0.0,0.0,0.0,0.0
2019-07-21 22:00:56,1.84,0.0,0.0,0.0,0.0
2019-07-21 23:00:56,1.62,0.0,0.18,0.0,0.0
2019-07-22 00:00:56,1.58,0.01,0.5,0.0,0.0
2019-07-22 01:00:56,2.66,8.54,0.0,0.0,0.0
2019-07-22 02:00:56,4.03,9.05,0.0,0.0,0.0
2019-07-22 03:00:56,2.97,8.63,0.24,0.0,0.0
2019-07-22 04:00:56,2.57,8.52,0.0,0.0,0.0
2019-07-22 05:00:56,2.38,8.28,0.0,0.0,0.0
2019-07-22 06:00:56,2.0,8.04,1093.51,0.0,0.0
2019-07-22 07:00:56,1.76,7.56,1204.52,0.0,0.0
2019-07-22 08:00:56,2.61,7.15,1324.98,0.0,0.0
2019-07-22 09:00:56,2.27,6.77,1365.25,0.0,0.0
2019-07-22 10:00:56,2.62,6.99,1317.28,0.0,0.0
2019-07-22 11:00:56,3.84,6.97,1284.25,0.0,0.0
2019-07-22 12:00:56,4.95,7.03,1215.76,0.0,0.0
2019-07-22 13:00:56,6.27,8.14,1262.75,0.0,0.0
2019-07-22 14:00:56,7.52,8.51,1136.73,0.0,0.0
2019-07-22 15:00:56,4.96,7.44,1079.58,0.0,0.0
2019-07-22 16:00:56,3.52,7.29,1095.46,0.0,0.0
2019-07-22 17:00:56,2.57,7.09,1126.2,0.0,0.0
2019-07-22 18:00:56,2.07,6.72,1183.49,0.0,0.0
2019-07-22 19:00:56,2.07,6.94,1116.05,0.0,0.0
2019-07-22 20:00:56,3.07,7.1,1134.72,0.0,0.0
2019-07-22 21:00:56,1.93,7.44,1099.06,0.0,0.0
2019-07-22 22:00:56,1.69,7.83,1130.75,0.0,0.0
2019-07-22 23:00:56,1.88,7.87,1214.58,0.0,0.0
2019-07-23 00:00:56,1.81,7.73,1252.24,0.0,0.0
2019-07-23 01:00:56,2.3,8.21,1368.19,0.0,0.0
2019-07-23 02:00:56,3.29,8.25,1400.6,0.0,0.0
2019-07-23 03:00:56,2.75,8.23,1384.31,0.0,0.0
2019-07-23 04:00:56,2.46,8.54,1340.0,0.0,0.0
2019-07-23 05:00:56,2.04,8.35,1272.1,0.0,0.0
2019-07-23 06:00:56,2.08,8.45,1156.12,0.0,0.0
2019-07-23 07:00:56,3.65,8.74,1188.38,0.0,0.0
2019-07-23 08:00:56,6.91,8.71,1206.23,0.0,0.0
2019-07-23 09:00:56,6.73,8.56,1239.31,0.0,0.0
2019-07-23 10:00:56,4.85,9.38,1086.24,0.0,0.0
2019-07-23 11:00:56,4.41,10.4,984.73,0.0,0.0
2019-07-23 12:00:56,3.52,10.07,956.22,0.0,0.0
2019-07-23 13:00:56,4.0,9.21,1022.56,0.0,0.0
2019-07-23 14:00:56,5.71,8.18,1047.25,0.0,0.0
2019-07-23 15:00:56,3.58,8.24,1018.2,0.0,0.0
2019-07-23 16:00:56,2.58,8.06,1014.63,0.0,0.0
2019-07-23 17:00:56,2.02,7.42,1088.48,0.0,0.0
2019-07-23 18:00:56,2.06,7.62,1042.25,0.0,0.0
2019-07-23 19:00:56,2.85,7.54,1050.19,0.0,0.0
2019-07-23 20:00:56,3.57,7.65,1020.36,0.0,0.0
2019-07-23 21:00:56,1.78,8.03,1034.44,0.0,0.0
2019-07-23 22:00:56,1.07,8.18,1049.56,0.0,0.0
2019-07-23 23:00:56,1.09,8.09,1164.59,0.0,0.0
2019-07-24 00:00:56,1.31,8.62,1173.97,0.0,0.0
2019-07-24 01:00:56,2.07,9.09,1239.34,0.0,0.0
2019-07-24 02:00:56,2.83,9.19,1355.87,0.0,0.0
2019-07-24 03:00:56,2.1,9.1,1283.47,0.0,0.0
2019-07-24 04:00:56,1.07,9.35,1158.47,0.0,0.0
2019-07-24 05:00:56,0.92,9.46,1162.03,0.0,0.0
2019-07-24 06:00:56,1.36,9.28,1171.55,0.0,0.0
2019-07-24 07:00:56,2.73,9.38,1183.95,0.0,0.0
2019-07-24 08:00:56,5.47,9.56,1239.28,0.0,0.0
2019-07-24 09:00:56,7.06,10.38,1179.42,0.0,0.0
2019-07-24 10:00:56,7.89,10.87,1126.59,0.0,0.0
2019-07-24 11:00:56,4.86,10.31,991.44,0.0,0.0
2019-07-24 12:00:56,3.29,10.81,992.5,0.0,0.0
2019-07-24 13:00:56,4.55,16.23,1019.9,0.0,0.0
2019-07-24 14:00:56,6.79,11.13,1029.63,0.0,0.0
2019-07-24 15:00:56,3.84,9.17,1071.32,0.0,0.0
2019-07-24 16:00:56,2.54,8.99,1101.65,0.0,0.0
2019-07-24 17:00:56,2.04,9.29,1016.91,0.0,0.0
2019-07-24 18:00:56,0.0,0.0,0.0,0.0,0.0
2019-07-24 19:00:56,0.0,0.0,0.0,0.0,0.0
2019-07-24 20:00:56,0.0,8.93,659.54,0.0,0.0
2019-07-24 21:00:56,0.47,7.94,499.84,0.0,0.0
2019-07-24 22:00:56,1.55,7.51,436.2,0.0,0.0
2019-07-24 23:00:56,2.02,7.16,499.66,0.0,0.0
2019-07-25 00:00:56,2.16,6.99,486.35,0.0,0.0
2019-07-25 01:00:56,2.64,7.59,496.58,0.0,0.0
2019-07-25 02:00:56,3.33,7.42,537.65,0.0,0.0
2019-07-25 03:00:56,2.56,7.7,516.1,0.0,0.0
2019-07-25 04:00:56,2.44,7.97,622.44,0.0,0.0
2019-07-25 05:00:56,2.11,8.12,571.31,0.0,0.0
2019-07-25 06:00:56,1.82,8.64,603.96,0.0,0.0
2019-07-25 07:00:56,3.2,8.43,1214.74,0.0,0.0
2019-07-25 08:00:56,5.56,8.65,1268.2,0.0,0.0
2019-07-25 09:00:56,4.83,8.24,1313.12,0.0,0.0
2019-07-25 10:00:56,4.07,8.86,1328.54,0.0,0.0
2019-07-25 11:00:56,2.82,9.69,1181.94,0.0,0.0
2019-07-25 12:00:56,3.22,8.7,1050.8,0.0,0.0
2019-07-25 13:00:56,4.06,8.66,1025.06,0.0,0.0
2019-07-25 14:00:56,3.2,8.2,1022.88,0.0,0.0
2019-07-25 15:00:56,2.37,9.45,1008.17,0.0,0.0
2019-07-25 16:00:56,2.44,11.39,1055.96,0.0,0.0
2019-07-25 17:00:56,2.14,9.73,1045.12,0.0,0.0
2019-07-25 18:00:56,1.86,12.72,975.88,0.0,0.0
2019-07-25 19:00:56,2.11,12.08,1038.12,0.0,0.0
2019-07-25 20:00:56,2.01,10.14,999.17,0.0,0.0
2019-07-25 21:00:56,1.63,8.97,1076.7,0.0,0.0
2019-07-25 22:00:56,1.65,8.47,1159.64,0.0,0.0
2019-07-25 23:00:56,1.74,8.22,1210.6,0.0,0.0
2019-07-26 00:00:56,0.0,0.0,0.0,0.0,0.0
2019-07-26 01:00:56,2.64,8.75,1225.23,0.0,0.0
2019-07-26 02:00:56,3.7,8.85,1322.2,0.0,0.0
2019-07-26 03:00:56,2.94,8.88,1164.18,0.0,0.0
2019-07-26 04:00:56,2.48,8.87,1168.01,0.0,0.0
2019-07-26 05:00:56,2.3,8.86,1149.3,0.0,0.0
2019-07-26 06:00:56,1.98,8.79,1124.56,0.0,0.0
2019-07-26 07:00:56,4.11,8.89,1063.84,0.0,0.0
2019-07-26 08:00:56,9.46,8.87,1164.08,0.0,0.0
2019-07-26 09:00:56,10.06,9.18,1226.03,0.0,0.0
2019-07-26 10:00:56,5.83,8.95,1232.6,0.0,0.0
2019-07-26 11:00:56,3.62,9.3,1103.17,0.0,0.0
2019-07-26 12:00:56,2.55,23.91,969.7,0.0,0.0
2019-07-26 13:00:56,4.02,32.42,926.25,0.0,0.0
2019-07-26 14:00:56,6.2,33.0,945.62,0.0,0.0
2019-07-26 15:00:56,4.33,18.22,957.5,0.0,0.0
2019-07-26 16:00:56,3.09,18.93,950.14,0.0,0.0
2019-07-26 17:00:56,2.41,21.23,923.66,0.0,0.0
2019-07-26 18:00:56,2.04,22.77,962.93,0.0,0.0
2019-07-26 19:00:56,2.1,12.96,992.74,0.0,0.0
2019-07-26 20:00:56,3.01,11.72,1001.08,0.0,0.0
2019-07-26 21:00:56,1.8,12.73,1212.38,0.0,0.0
2019-07-26 22:00:56,1.85,10.09,1083.52,0.0,0.0
2019-07-26 23:00:56,1.76,8.99,1150.3,0.0,0.0
2019-07-27 00:00:56,1.3,8.84,1242.86,0.0,0.0
2019-07-27 01:00:56,1.82,8.89,1254.48,0.0,0.0
2019-07-27 02:00:56,2.45,8.93,1209.59,0.0,0.0
2019-07-27 03:00:56,1.89,9.12,1157.36,0.0,0.0
2019-07-27 04:00:56,1.69,9.12,1183.2,0.0,0.0
2019-07-27 05:00:56,1.95,9.34,1096.84,0.0,0.0
2019-07-27 06:00:56,1.95,9.34,1060.56,0.0,0.0
2019-07-27 07:00:56,4.26,9.53,1043.93,0.0,0.0
2019-07-27 08:00:56,8.88,12.07,1182.64,0.0,0.0
2019-07-27 09:00:56,8.84,9.94,1227.44,0.0,0.0
2019-07-27 10:00:56,6.54,9.07,1266.95,0.0,0.0
2019-07-27 11:00:56,5.67,10.03,1065.88,0.0,0.0
2019-07-27 12:00:56,5.56,10.17,1063.7,0.0,0.0
2019-07-27 13:00:56,4.55,9.57,996.58,0.0,0.0
2019-07-27 14:00:56,5.87,9.87,981.87,0.0,0.0
2019-07-27 15:00:56,4.01,10.29,1019.92,0.0,0.0
2019-07-27 16:00:56,2.99,9.28,1027.18,0.0,0.0
2019-07-27 17:00:56,1.84,9.88,943.83,0.0,0.0
2019-07-27 18:00:56,0.92,10.53,916.81,0.0,0.0
2019-07-27 19:00:56,1.58,9.5,930.9,0.0,0.0
2019-07-27 20:00:56,2.84,9.52,980.19,0.0,0.0
2019-07-27 21:00:56,1.78,9.31,1041.05,0.0,0.0
2019-07-27 22:00:56,1.85,9.28,1031.92,0.0,0.0
2019-07-27 23:00:56,1.45,9.03,1234.38,0.0,0.0
2019-07-28 00:00:56,0.91,8.94,1280.02,0.0,0.0
2019-07-28 01:00:56,1.73,9.33,1206.33,0.0,0.0
2019-07-28 02:00:56,2.81,9.4,1129.56,0.0,0.0
2019-07-28 03:00:56,2.02,9.53,1087.31,0.0,0.0
2019-07-28 04:00:56,1.65,9.82,1126.08,0.0,0.0
2019-07-28 05:00:56,1.69,9.82,1043.1,0.0,0.0
2019-07-28 06:00:56,1.86,9.95,1063.14,0.0,0.0
2019-07-28 07:00:56,4.73,9.84,1129.44,0.0,0.0
2019-07-28 08:00:56,9.51,9.73,1269.52,0.0,0.0
2019-07-28 09:00:56,8.78,9.35,1213.4,0.0,0.0
2019-07-28 10:00:56,7.02,9.3,1259.85,0.0,0.0
2019-07-28 11:00:56,6.02,9.76,1037.5,0.0,0.0
2019-07-28 12:00:56,5.53,10.26,1043.76,0.0,0.0
2019-07-28 13:00:56,5.35,10.5,999.65,0.0,0.0
2019-07-28 14:00:56,6.7,10.33,998.37,0.0,0.0
2019-07-28 15:00:56,4.41,13.65,979.17,0.0,0.0
2019-07-28 16:00:56,2.85,12.86,1005.26,0.0,0.0
2019-07-28 17:00:56,2.3,11.22,995.84,0.0,0.0
2019-07-28 18:00:56,2.14,10.28,975.57,0.0,0.0
2019-07-28 19:00:56,2.55,10.04,1017.88,0.0,0.0
2019-07-28 20:00:56,2.79,9.73,1071.64,0.0,0.0
2019-07-28 21:00:56,1.71,9.75,1072.85,0.0,0.0
2019-07-28 22:00:56,1.71,9.64,1260.8,0.0,0.0
2019-07-28 23:00:56,1.35,9.3,1264.21,0.0,0.0
2019-07-29 00:00:56,0.67,9.47,1433.01,0.0,0.0
2019-07-29 01:00:56,0.83,9.1,1273.37,0.0,0.0
2019-07-29 02:00:56,1.69,9.04,1266.51,0.0,0.0
2019-07-29 03:00:56,1.75,9.04,1142.63,0.0,0.0
2019-07-29 04:00:56,1.24,9.38,1098.17,0.0,0.0
2019-07-29 05:00:56,0.62,9.32,1092.29,0.0,0.0
2019-07-29 06:00:56,0.34,9.53,1038.19,0.0,0.0
2019-07-29 07:00:56,2.76,9.56,1060.25,0.0,0.0
2019-07-29 08:00:56,7.86,16.3,1151.85,0.0,0.0
2019-07-29 09:00:56,8.55,17.28,1246.9,0.0,0.0
2019-07-29 10:00:56,7.24,15.4,1266.4,0.0,0.0
2019-07-29 11:00:56,5.78,9.98,1217.72,0.0,0.0
2019-07-29 12:00:56,5.08,9.6,1008.98,0.0,0.0
2019-07-29 13:00:56,6.59,9.36,1020.4,0.0,0.0
2019-07-29 14:00:56,7.83,8.73,1064.19,0.0,0.0
2019-07-29 15:00:56,5.1,8.7,1073.0,0.0,0.0
2019-07-29 16:00:56,3.84,8.65,1060.26,0.0,0.0
2019-07-29 17:00:56,2.97,8.5,1075.21,0.0,0.0
2019-07-29 18:00:56,1.94,8.52,1027.44,0.0,0.0
2019-07-29 19:00:56,2.61,8.68,1096.91,0.0,0.0
2019-07-29 20:00:56,3.91,8.87,1123.07,0.0,0.0
2019-07-29 21:00:56,1.96,8.79,1073.13,0.0,0.0
2019-07-29 22:00:56,1.21,8.64,1108.5,0.0,0.0
2019-07-29 23:00:56,1.04,8.82,1197.26,0.0,0.0
2019-07-30 00:00:56,0.52,8.64,1319.97,0.0,0.0
2019-07-30 01:00:56,1.07,7.64,1416.02,0.0,0.0
2019-07-30 02:00:56,2.5,7.36,1392.05,0.0,0.0
2019-07-30 03:00:56,2.57,7.38,1258.42,0.0,0.0
2019-07-30 04:00:56,2.37,7.73,1270.27,0.0,0.0
2019-07-30 05:00:56,1.99,7.75,1263.48,0.0,0.0
2019-07-30 06:00:56,1.74,7.92,1253.18,0.0,0.0
2019-07-30 07:00:56,3.38,7.77,1254.55,0.0,0.0
2019-07-30 08:00:56,5.96,7.62,1331.9,0.0,0.0
2019-07-30 09:00:56,4.54,7.59,1385.95,0.0,0.0
2019-07-30 10:00:56,3.89,7.38,1385.33,0.0,0.0
2019-07-30 11:00:56,4.8,7.53,1160.32,0.0,0.0
2019-07-30 12:00:56,4.6,0.0,1185.4,0.0,0.0
2019-07-30 13:00:56,4.7,7.49,1181.14,0.0,0.0
2019-07-30 14:00:56,5.98,7.28,0.0,0.0,0.0
2019-07-30 15:00:56,4.52,7.13,1113.21,0.0,0.0
2019-07-30 16:00:56,3.26,7.35,1151.16,0.0,0.0
2019-07-30 17:00:56,2.52,7.3,1029.68,0.0,0.0
2019-07-30 18:00:56,2.0,7.46,1124.31,0.0,0.0
2019-07-30 19:00:56,1.95,7.59,1098.51,0.0,0.0
2019-07-30 20:00:56,2.21,7.61,1198.06,0.0,0.0
2019-07-30 21:00:56,1.7,7.74,1181.3,0.0,0.0
2019-07-30 22:00:56,0.85,7.79,1218.99,0.0,0.0
2019-07-30 23:00:56,0.78,8.27,1278.06,0.0,0.0
2019-07-31 00:00:56,1.39,7.92,1374.0,0.0,0.0
2019-07-31 01:00:56,1.95,8.03,1440.05,0.0,0.0
2019-07-31 02:00:56,2.44,8.06,1363.51,0.0,0.0
2019-07-31 03:00:56,2.14,7.94,1357.62,0.0,0.0
2019-07-31 04:00:56,1.87,8.1,1344.56,0.0,0.0
2019-07-31 05:00:56,2.16,8.08,1379.54,0.0,0.0
2019-07-31 06:00:56,2.2,8.22,1380.61,0.0,0.0
2019-07-31 07:00:56,4.32,8.55,911.87,0.0,0.0
2019-07-31 08:00:56,8.07,8.7,1154.07,0.0,0.0
2019-07-31 09:00:56,7.6,8.26,1215.25,0.0,0.0
2019-07-31 10:00:56,7.24,8.81,1120.39,0.0,0.0
2019-07-31 11:00:56,0.0,0.0,0.0,0.0,0.0
2019-07-31 12:00:56,0.0,0.0,0.0,0.0,0.0
2019-07-31 13:00:56,0.0,0.0,0.0,0.0,0.0
2019-07-31 14:00:56,0.0,15.32,1314.83,0.0,0.0
2019-07-31 15:00:56,7.7,5.51,1682.64,0.0,0.0
2019-07-31 16:00:56,15.37,4.98,1646.52,0.0,0.0
2019-07-31 17:00:56,20.39,4.43,1553.47,0.0,0.0
2019-07-31 18:00:56,30.07,4.16,1499.61,0.0,0.0
2019-07-31 19:00:56,40.24,5.62,1563.9,0.0,0.0
2019-07-31 20:00:56,50.34,4.85,1496.11,0.0,0.0
2019-07-31 21:00:56,47.7,4.62,1619.5,0.0,0.0
2019-07-31 22:00:56,54.08,5.45,1868.86,0.0,0.0
2019-07-31 23:00:56,73.56,4.82,1897.02,0.0,0.0
2019-08-01 00:00:56,71.13,4.07,1920.79,0.0,0.0
2019-08-01 01:00:56,64.27,2.53,1931.14,0.0,0.0
2019-08-01 02:00:56,52.12,2.5,1878.67,0.0,0.0
2019-08-01 03:00:56,30.88,2.75,1760.54,0.0,0.0
2019-08-01 04:00:56,24.56,2.81,1742.93,0.0,0.0
2019-08-01 05:00:56,29.42,2.6,1734.25,0.0,0.0
2019-08-01 06:00:56,31.38,2.65,1691.38,0.0,0.0
2019-08-01 07:00:56,31.59,2.8,1742.89,0.0,0.0
2019-08-01 08:00:56,27.11,17.29,1207.49,0.0,0.0
2019-08-01 09:00:56,35.76,15.78,1305.49,0.0,0.0
2019-08-01 10:00:56,46.13,24.14,1323.27,0.0,0.0
2019-08-01 11:00:56,44.94,114.91,956.11,0.0,0.0
2019-08-01 12:00:56,47.43,61.06,1037.76,0.0,0.0
2019-08-01 13:00:56,50.51,48.56,930.47,0.0,0.0
2019-08-01 14:00:56,50.48,58.39,1022.6,0.0,0.0
2019-08-01 15:00:56,49.2,44.78,977.51,0.0,0.0
2019-08-01 16:00:56,50.87,23.45,1049.29,0.0,0.0
2019-08-01 17:00:56,56.76,17.09,1011.25,0.0,0.0
2019-08-01 18:00:56,62.84,5.73,1018.13,0.0,0.0
2019-08-01 19:00:56,65.32,6.09,984.04,0.0,0.0
2019-08-01 20:00:56,61.7,7.26,954.25,0.0,0.0
2019-08-01 21:00:56,64.64,7.13,1098.1,0.0,0.0
2019-08-01 22:00:56,73.45,5.77,1068.56,0.0,0.0
2019-08-01 23:00:56,70.11,4.69,1170.92,0.0,0.0
2019-08-02 00:00:56,63.35,3.95,1280.32,0.0,0.0
2019-08-02 01:00:56,59.63,3.84,1353.05,0.0,0.0
2019-08-02 02:00:56,46.74,3.68,1224.43,0.0,0.0
2019-08-02 03:00:56,32.06,3.33,1270.38,0.0,0.0
2019-08-02 04:00:56,33.73,3.26,1182.49,0.0,0.0
2019-08-02 05:00:56,39.04,3.3,1220.97,0.0,0.0
2019-08-02 06:00:56,34.61,3.19,1209.38,0.0,0.0
2019-08-02 07:00:56,35.41,2.95,1229.22,0.0,0.0
2019-08-02 08:00:56,36.51,2.75,1323.06,0.0,0.0
2019-08-02 09:00:56,37.57,2.37,1413.84,0.0,0.0
2019-08-02 10:00:56,45.16,2.13,1342.08,0.0,0.0
2019-08-02 11:00:56,52.13,2.23,1205.25,0.0,0.0
2019-08-02 12:00:56,50.66,2.43,1093.95,0.0,0.0
2019-08-02 13:00:56,39.83,2.07,1125.78,0.0,0.0
2019-08-02 14:00:56,26.34,1.76,1184.37,0.0,0.0
2019-08-02 15:00:56,19.31,2.11,1098.43,0.0,0.0
2019-08-02 16:00:56,18.57,2.17,1049.77,0.0,0.0
2019-08-02 17:00:56,23.03,2.08,1044.07,0.0,0.0
2019-08-02 18:00:56,32.74,2.29,1020.61,0.0,0.0
2019-08-02 19:00:56,36.7,3.23,922.44,0.0,0.0
2019-08-02 20:00:56,40.1,5.47,1024.22,0.0,0.0
2019-08-02 21:00:56,52.33,5.34,961.68,0.0,0.0
2019-08-02 22:00:56,58.97,4.82,1079.19,0.0,0.0
2019-08-02 23:00:56,57.07,4.07,1322.42,0.0,0.0
2019-08-03 00:00:56,55.32,4.07,1380.88,0.0,0.0
2019-08-03 01:00:56,49.36,3.18,1373.8,0.0,0.0
2019-08-03 02:00:56,40.46,2.69,1327.13,0.0,0.0
2019-08-03 03:00:56,27.59,2.69,1318.99,0.0,0.0
2019-08-03 04:00:56,19.64,2.92,1293.42,0.0,0.0
2019-08-03 05:00:56,21.11,3.05,1284.69,0.0,0.0
2019-08-03 06:00:56,25.4,3.0,1271.27,0.0,0.0
2019-08-03 07:00:56,25.46,3.02,1289.16,0.0,0.0
2019-08-03 08:00:56,26.6,2.75,1269.11,0.0,0.0
2019-08-03 09:00:56,25.87,2.11,1347.27,0.0,0.0
2019-08-03 10:00:56,29.87,2.17,1331.46,0.0,0.0
2019-08-03 11:00:56,34.33,3.44,1101.15,0.0,0.0
2019-08-03 12:00:56,30.8,3.47,888.86,0.0,0.0
2019-08-03 13:00:56,30.61,3.33,922.44,0.0,0.0
2019-08-03 14:00:56,26.67,3.3,886.61,0.0,0.0
2019-08-03 15:00:56,37.04,3.4,855.32,0.0,0.0
2019-08-03 16:00:56,38.17,3.19,908.44,0.0,0.0
2019-08-03 17:00:56,38.84,3.3,904.31,0.0,0.0
2019-08-03 18:00:56,50.44,3.31,885.1,0.0,0.0
2019-08-03 19:00:56,44.58,3.0,906.63,0.0,0.0
2019-08-03 20:00:56,46.43,3.17,869.05,0.0,0.0
2019-08-03 21:00:56,61.08,3.27,995.35,0.0,0.0
2019-08-03 22:00:56,64.57,3.21,1039.95,0.0,0.0
2019-08-03 23:00:56,63.1,3.18,1158.03,0.0,0.0
2019-08-04 00:00:56,61.46,2.9,1292.9,0.0,0.0
2019-08-04 01:00:56,57.28,2.16,1497.68,0.0,0.0
2019-08-04 02:00:56,40.37,2.12,1430.02,0.0,0.0
2019-08-04 03:00:56,35.7,2.23,1301.51,0.0,0.0
2019-08-04 04:00:56,43.68,2.69,1242.91,0.0,0.0
2019-08-04 05:00:56,40.87,2.43,1272.06,0.0,0.0
2019-08-04 06:00:56,37.75,2.75,1320.16,0.0,0.0
2019-08-04 07:00:56,34.29,2.87,1280.5,0.0,0.0
2019-08-04 08:00:56,27.33,2.84,1260.64,0.0,0.0
2019-08-04 09:00:56,21.79,1.94,1280.66,0.0,0.0
2019-08-04 10:00:56,20.09,2.45,1156.15,0.0,0.0
2019-08-04 11:00:56,24.29,2.95,960.52,0.0,0.0
2019-08-04 12:00:56,30.4,20.18,963.2,0.0,0.0
2019-08-04 13:00:56,43.73,5.44,976.56,0.0,0.0
2019-08-04 14:00:56,44.92,2.56,977.42,0.0,0.0
2019-08-04 15:00:56,44.39,2.23,941.48,0.0,0.0
2019-08-04 16:00:56,56.34,2.38,971.67,0.0,0.0
2019-08-04 17:00:56,60.19,2.27,1102.64,0.0,0.0
2019-08-04 18:00:56,49.25,2.38,1145.61,0.0,0.0
2019-08-04 19:00:56,38.6,2.2,1247.03,0.0,0.0
2019-08-04 20:00:56,36.45,2.52,1310.17,0.0,0.0
2019-08-04 21:00:56,27.76,2.34,1349.47,0.0,0.0
2019-08-04 22:00:56,26.51,2.64,1341.16,0.0,0.0
2019-08-04 23:00:56,27.48,2.61,1230.04,0.0,0.0
2019-08-05 00:00:56,22.51,2.7,1193.6,0.0,0.0
2019-08-05 01:00:56,17.32,3.54,1170.6,0.0,0.0
2019-08-05 02:00:56,19.52,3.41,1099.53,0.0,0.0
2019-08-05 03:00:56,18.28,3.34,1101.82,0.0,0.0
2019-08-05 04:00:56,10.46,3.5,1102.09,0.0,0.0
2019-08-05 05:00:56,11.25,3.68,1074.84,0.0,0.0
2019-08-05 06:00:56,20.43,3.75,1071.41,0.0,0.0
2019-08-05 07:00:56,20.76,3.9,1152.51,0.0,0.0
2019-08-05 08:00:56,17.91,3.62,1156.81,0.0,0.0
2019-08-05 09:00:56,14.2,3.61,1153.32,0.0,0.0
2019-08-05 10:00:56,9.66,15.74,1201.3,0.0,0.0
2019-08-05 11:00:56,24.9,16.7,1192.75,0.0,0.0
2019-08-05 12:00:56,30.47,5.07,1118.22,0.0,0.0
2019-08-05 13:00:56,27.32,9.96,1163.25,0.0,0.0
2019-08-05 14:00:56,22.75,7.13,1155.33,0.0,0.0
2019-08-05 15:00:56,14.02,4.26,1116.97,0.0,0.0
2019-08-05 16:00:56,9.91,3.64,1187.24,0.0,0.0
2019-08-05 17:00:56,19.99,3.33,1141.96,0.0,0.0
2019-08-05 18:00:56,21.62,3.22,1171.17,0.0,0.0
2019-08-05 19:00:56,13.62,3.11,1215.47,0.0,0.0
2019-08-05 20:00:56,18.15,2.92,1275.32,0.0,0.0
2019-08-05 21:00:56,26.93,3.14,1259.06,0.0,0.0
2019-08-05 22:00:56,28.68,3.37,1200.48,0.0,0.0
2019-08-05 23:00:56,20.76,3.58,1190.64,0.0,0.0
2019-08-06 00:00:56,22.4,3.76,1149.17,0.0,0.0
2019-08-06 01:00:56,23.22,3.0,1243.83,0.0,0.0
2019-08-06 02:00:56,17.7,2.98,1082.81,0.0,0.0
2019-08-06 03:00:56,18.58,2.96,1117.45,0.0,0.0
2019-08-06 04:00:56,17.81,3.09,1039.97,0.0,0.0
2019-08-06 05:00:56,12.41,2.88,1090.61,0.0,0.0
2019-08-06 06:00:56,11.85,3.03,1133.29,0.0,0.0
2019-08-06 07:00:56,13.45,3.11,1205.81,0.0,0.0
2019-08-06 08:00:56,9.92,4.92,1320.13,0.0,0.0
2019-08-06 09:00:56,9.66,9.93,1526.48,0.0,0.0
2019-08-06 10:00:56,26.53,37.44,1330.76,0.0,0.0
2019-08-06 11:00:56,31.81,29.1,1259.15,0.0,0.0
2019-08-06 12:00:56,23.89,41.2,1115.71,0.0,0.0
2019-08-06 13:00:56,28.77,26.47,910.51,0.0,0.0
2019-08-06 14:00:56,26.18,22.61,774.38,0.0,0.0
2019-08-06 15:00:56,23.54,35.11,801.34,0.0,0.0
2019-08-06 16:00:56,23.65,7.45,786.48,0.0,0.0
2019-08-06 17:00:56,30.21,4.89,734.04,0.0,0.0
2019-08-06 18:00:56,37.45,4.07,711.39,0.0,0.0
2019-08-06 19:00:56,31.44,3.63,772.93,0.0,0.0
2019-08-06 20:00:56,20.53,3.55,858.81,0.0,0.0
2019-08-06 21:00:56,25.86,3.47,1027.72,0.0,0.0
2019-08-06 22:00:56,35.89,3.09,1197.45,0.0,0.0
2019-08-06 23:00:56,33.84,2.67,1214.84,0.0,0.0
2019-08-07 00:00:56,25.67,2.74,1190.24,0.0,0.0
2019-08-07 01:00:56,28.25,2.18,1168.39,0.0,0.0
2019-08-07 02:00:56,26.91,2.49,1140.83,0.0,0.0
2019-08-07 03:00:56,23.03,2.66,1129.2,0.0,0.0
2019-08-07 04:00:56,18.92,2.43,1135.36,0.0,0.0
2019-08-07 05:00:56,12.39,2.42,1171.74,0.0,0.0
2019-08-07 06:00:56,15.77,2.64,1209.24,0.0,0.0
2019-08-07 07:00:56,26.72,2.58,1201.79,0.0,0.0
2019-08-07 08:00:56,24.6,2.65,1078.88,0.0,0.0
2019-08-07 09:00:56,25.25,4.54,1212.83,0.0,0.0
2019-08-07 10:00:56,26.4,3.51,1126.13,0.0,0.0
2019-08-07 11:00:56,28.33,2.85,1047.85,0.0,0.0
2019-08-07 12:00:56,28.61,2.68,945.26,0.0,0.0
2019-08-07 13:00:56,27.26,3.31,778.02,0.0,0.0
2019-08-07 14:00:56,24.88,4.87,705.11,0.0,0.0
2019-08-07 15:00:56,18.51,28.66,679.15,0.0,0.0
2019-08-07 16:00:56,25.99,9.54,636.74,0.0,0.0
2019-08-07 17:00:56,27.03,5.02,677.8,0.0,0.0
2019-08-07 18:00:56,22.54,3.86,631.82,0.0,0.0
2019-08-07 19:00:56,23.62,3.15,662.7,0.0,0.0
2019-08-07 20:00:56,26.21,3.27,757.67,0.0,0.0
2019-08-07 21:00:56,25.57,3.13,867.66,0.0,0.0
2019-08-07 22:00:56,26.28,2.7,1056.39,0.0,0.0
2019-08-07 23:00:56,33.67,2.42,1062.39,0.0,0.0
2019-08-08 00:00:56,27.82,2.3,1028.42,0.0,0.0
2019-08-08 01:00:56,19.67,2.92,1017.16,0.0,0.0
2019-08-08 02:00:56,17.9,3.0,1028.37,0.0,0.0
2019-08-08 03:00:56,14.34,2.89,1022.22,0.0,0.0
2019-08-08 04:00:56,19.61,3.04,980.16,0.0,0.0
2019-08-08 05:00:56,25.6,2.82,1005.17,0.0,0.0
2019-08-08 06:00:56,20.84,2.98,1102.19,0.0,0.0
2019-08-08 07:00:56,22.95,2.98,1098.69,0.0,0.0
2019-08-08 08:00:56,20.5,6.9,1169.59,0.0,0.0
2019-08-08 09:00:56,21.78,145.95,1245.49,0.0,0.0
2019-08-08 10:00:56,23.95,8.93,1149.63,0.0,0.0
2019-08-08 11:00:56,24.48,4.68,1111.92,0.0,0.0
2019-08-08 12:00:56,26.02,5.11,864.39,0.0,0.0
2019-08-08 13:00:56,26.84,4.96,728.31,0.0,0.0
2019-08-08 14:00:56,21.28,5.01,735.25,0.0,0.0
2019-08-08 15:00:56,21.75,4.11,710.88,0.0,0.0
2019-08-08 16:00:56,24.9,3.57,760.41,0.0,0.0
2019-08-08 17:00:56,27.2,3.65,742.55,0.0,0.0
2019-08-08 18:00:56,26.07,3.45,762.97,0.0,0.0
2019-08-08 19:00:56,23.55,3.34,808.81,0.0,0.0
2019-08-08 20:00:56,28.67,3.43,846.07,0.0,0.0
2019-08-08 21:00:56,41.01,3.92,829.97,0.0,0.0
2019-08-08 22:00:56,39.33,3.12,961.36,0.0,0.0
2019-08-08 23:00:56,32.11,2.59,1276.4,0.0,0.0
2019-08-09 00:00:56,35.98,2.33,1287.01,0.0,0.0
2019-08-09 01:00:56,37.43,2.96,1154.47,0.0,0.0
2019-08-09 02:00:56,28.99,3.02,1169.07,0.0,0.0
2019-08-09 03:00:56,26.18,3.03,1122.12,0.0,0.0
2019-08-09 04:00:56,22.69,2.88,1151.59,0.0,0.0
2019-08-09 05:00:56,17.79,3.06,1176.79,0.0,0.0
2019-08-09 06:00:56,19.71,2.98,1213.97,0.0,0.0
2019-08-09 07:00:56,17.22,3.23,1298.37,0.0,0.0
2019-08-09 08:00:56,11.0,3.09,1501.85,0.0,0.0
2019-08-09 09:00:56,15.7,2.8,1536.44,0.0,0.0
2019-08-09 10:00:56,17.12,4.06,1515.1,0.0,0.0
2019-08-09 11:00:56,22.5,6.49,1397.65,0.0,0.0
2019-08-09 12:00:56,24.08,12.6,1136.28,0.0,0.0
2019-08-09 13:00:56,32.3,5.56,1109.45,0.0,0.0
2019-08-09 14:00:56,32.1,4.09,1065.35,0.0,0.0
2019-08-09 15:00:56,27.57,38.97,1080.12,0.0,0.0
2019-08-09 16:00:56,29.67,0.0,1096.26,0.0,0.0
2019-08-09 17:00:56,26.52,0.0,1101.44,0.0,0.0
2019-08-09 18:00:56,24.22,11.99,1182.88,0.0,0.0
2019-08-09 19:00:56,24.33,8.0,1158.27,0.0,0.0
2019-08-09 20:00:56,30.66,6.27,1219.36,0.0,0.0
2019-08-09 21:00:56,36.09,5.22,1271.69,0.0,0.0
2019-08-09 22:00:56,43.83,4.69,1480.67,0.0,0.0
2019-08-09 23:00:56,41.8,4.22,1810.13,0.0,0.0
2019-08-10 00:00:56,36.84,3.99,1820.61,0.0,0.0
2019-08-10 01:00:56,46.54,3.7,1580.2,0.0,0.0
2019-08-10 02:00:56,48.83,3.68,1488.7,0.0,0.0
2019-08-10 03:00:56,36.69,3.56,1463.04,0.0,0.0
2019-08-10 04:00:56,32.7,3.55,1478.07,0.0,0.0
2019-08-10 05:00:56,33.78,3.47,1462.44,0.0,0.0
2019-08-10 06:00:56,24.78,3.27,1465.78,0.0,0.0
2019-08-10 07:00:56,24.47,3.16,1527.88,0.0,0.0
2019-08-10 08:00:56,27.47,3.27,1154.01,0.0,0.0
2019-08-10 09:00:56,27.75,3.05,1210.35,0.0,0.0
2019-08-10 10:00:56,25.61,3.25,1177.82,0.0,0.0
2019-08-10 11:00:56,27.37,4.53,908.88,0.0,0.0
2019-08-10 12:00:56,31.79,13.64,819.39,0.0,0.0
2019-08-10 13:00:56,32.27,80.8,770.01,0.0,0.0
2019-08-10 14:00:56,31.4,72.48,817.26,0.0,0.0
2019-08-10 15:00:56,29.36,68.45,727.31,0.0,0.0
2019-08-10 16:00:56,27.5,105.31,732.84,0.0,0.0
2019-08-10 17:00:56,28.04,22.07,846.04,0.0,0.0
2019-08-10 18:00:56,31.87,6.86,864.19,0.0,0.0
2019-08-10 19:00:56,28.97,4.6,841.43,0.0,0.0
2019-08-10 20:00:56,29.93,6.42,886.95,0.0,0.0
2019-08-10 21:00:56,29.18,5.72,943.81,0.0,0.0
2019-08-10 22:00:56,27.23,4.5,1008.09,0.0,0.0
2019-08-10 23:00:56,27.04,3.37,1096.5,0.0,0.0
2019-08-11 00:00:56,27.31,3.13,1171.43,0.0,0.0
2019-08-11 01:00:56,29.12,3.08,1216.44,0.0,0.0
2019-08-11 02:00:56,22.39,3.2,1239.88,0.0,0.0
2019-08-11 03:00:56,15.47,3.31,1237.28,0.0,0.0
2019-08-11 04:00:56,11.46,3.34,1179.7,0.0,0.0
2019-08-11 05:00:56,15.59,3.08,1143.01,0.0,0.0
2019-08-11 06:00:56,23.22,3.09,1202.44,0.0,0.0
2019-08-11 07:00:56,24.49,3.28,1196.12,0.0,0.0
2019-08-11 08:00:56,19.13,2.91,1255.4,0.0,0.0
2019-08-11 09:00:56,18.06,2.65,1301.14,0.0,0.0
2019-08-11 10:00:56,14.88,2.58,1265.3,0.0,0.0
2019-08-11 11:00:56,13.4,2.74,1164.77,0.0,0.0
2019-08-11 12:00:56,12.26,3.13,956.75,0.0,0.0
2019-08-11 13:00:56,14.12,2.62,941.14,0.0,0.0
2019-08-11 14:00:56,13.56,2.93,910.0,0.0,0.0
2019-08-11 15:00:56,10.5,5.82,960.34,0.0,0.0
2019-08-11 16:00:56,17.35,26.15,917.45,0.0,0.0
2019-08-11 17:00:56,29.99,57.11,897.18,0.0,0.0
2019-08-11 18:00:56,33.23,14.34,828.68,0.0,0.0
2019-08-11 19:00:56,34.77,7.16,874.23,0.0,0.0
2019-08-11 20:00:56,37.0,6.64,922.21,0.0,0.0
2019-08-11 21:00:56,39.97,5.37,1059.86,0.0,0.0
2019-08-11 22:00:56,50.95,4.69,1064.25,0.0,0.0
2019-08-11 23:00:56,42.92,4.33,1235.42,0.0,0.0
2019-08-12 00:00:56,32.07,3.66,1314.22,0.0,0.0
2019-08-12 01:00:56,31.42,2.84,1251.05,0.0,0.0
2019-08-12 02:00:56,23.32,3.04,1332.52,0.0,0.0
2019-08-12 03:00:56,15.36,3.06,1244.78,0.0,0.0
2019-08-12 04:00:56,21.18,3.54,1202.02,0.0,0.0
2019-08-12 05:00:56,23.47,3.9,1191.04,0.0,0.0
2019-08-12 06:00:56,19.31,3.8,1244.87,0.0,0.0
2019-08-12 07:00:56,29.02,3.53,1233.93,0.0,0.0
2019-08-12 08:00:56,33.04,3.65,1149.89,0.0,0.0
2019-08-12 09:00:56,31.39,3.05,1170.01,0.0,0.0
2019-08-12 10:00:56,30.04,2.71,1152.26,0.0,0.0
2019-08-12 11:00:56,21.1,3.05,1053.41,0.0,0.0
2019-08-12 12:00:56,15.73,3.54,864.35,0.0,0.0
2019-08-12 13:00:56,15.65,3.63,826.38,0.0,0.0
2019-08-12 14:00:56,14.42,5.47,801.83,0.0,0.0
2019-08-12 15:00:56,18.49,9.0,787.98,0.0,0.0
2019-08-12 16:00:56,17.13,41.05,758.08,0.0,0.0
2019-08-12 17:00:56,12.42,50.08,722.58,0.0,0.0
2019-08-12 18:00:56,23.46,42.9,744.86,0.0,0.0
2019-08-12 19:00:56,34.35,17.89,707.33,0.0,0.0
2019-08-12 20:00:56,26.4,15.88,258.36,0.0,0.0
2019-08-12 21:00:56,23.9,36.04,0.0,0.0,0.0
2019-08-12 22:00:56,31.08,19.31,0.0,0.0,0.0
2019-08-12 23:00:56,29.99,16.0,0.0,0.0,0.0
2019-08-13 00:00:56,25.13,16.47,0.0,0.0,0.0
2019-08-13 01:00:56,21.55,6.13,0.0,0.0,0.0
2019-08-13 02:00:56,18.89,5.16,0.0,0.0,0.0
2019-08-13 03:00:56,17.27,5.2,0.0,0.0,0.0
2019-08-13 04:00:56,15.65,5.11,0.0,0.0,0.0
2019-08-13 05:00:56,15.51,5.09,0.0,0.0,0.0
2019-08-13 06:00:56,15.56,5.1,0.0,0.0,0.0
2019-08-13 07:00:56,15.16,5.03,0.0,0.0,0.0
2019-08-13 08:00:56,13.71,5.63,1197.42,0.0,0.0
2019-08-13 09:00:56,16.25,7.67,1031.23,0.0,0.0
2019-08-13 10:00:56,19.29,11.58,595.64,0.0,0.0
2019-08-13 11:00:56,16.74,22.78,280.64,0.0,0.0
2019-08-13 12:00:56,11.2,0.0,304.25,0.0,0.0
2019-08-13 13:00:56,12.04,0.0,134.81,0.0,0.0
2019-08-13 14:00:56,11.98,0.0,0.0,0.0,0.0
2019-08-13 15:00:56,8.13,0.0,12.13,0.0,0.0
2019-08-13 16:00:56,17.77,0.0,0.0,0.0,0.0
2019-08-13 17:00:56,19.46,0.0,0.35,0.0,0.0
2019-08-13 18:00:56,16.52,0.0,9.97,0.0,0.0
2019-08-13 19:00:56,20.83,0.0,0.0,0.0,0.0
2019-08-13 20:00:56,26.05,0.0,0.0,0.0,0.0
2019-08-13 21:00:56,41.3,0.0,0.0,0.0,0.0
2019-08-13 22:00:56,44.02,0.0,0.0,0.0,0.0
2019-08-13 23:00:56,34.16,0.0,0.0,0.0,0.0
2019-08-14 00:00:56,37.93,0.0,55.34,0.0,0.0
2019-08-14 01:00:56,32.68,0.0,12.05,0.0,0.0
2019-08-14 02:00:56,23.47,0.0,0.0,0.0,0.0
2019-08-14 03:00:56,18.88,0.0,0.0,0.0,0.0
2019-08-14 04:00:56,19.3,0.0,0.0,0.0,0.0
2019-08-14 05:00:56,21.24,0.0,1.11,0.0,0.0
2019-08-14 06:00:56,19.04,0.0,3.63,0.0,0.0
2019-08-14 07:00:56,23.94,0.0,202.48,0.0,0.0
2019-08-14 08:00:56,22.61,24.12,1061.87,0.0,0.0
2019-08-14 09:00:56,21.83,11.98,951.54,0.0,0.0
2019-08-14 10:00:56,19.61,0.0,546.31,0.0,0.0
2019-08-14 11:00:56,12.7,0.0,244.36,0.0,0.0
2019-08-14 12:00:56,15.91,0.0,251.43,0.0,0.0
2019-08-14 13:00:56,18.96,0.0,156.32,0.0,0.0
2019-08-14 14:00:56,13.49,0.0,62.13,0.0,0.0
2019-08-14 15:00:56,0.0,0.0,0.0,0.0,0.0
2019-08-14 16:00:56,0.0,0.0,0.0,0.0,0.0
2019-08-14 17:00:56,0.0,0.0,0.0,0.0,0.0
2019-08-14 18:00:56,0.0,0.0,0.0,0.0,0.0
2019-08-14 19:00:56,0.0,0.0,0.0,0.0,0.0
2019-08-14 20:00:56,0.0,0.0,0.0,0.0,0.0
2019-08-14 21:00:56,0.0,0.0,0.0,0.0,0.0
2019-08-14 22:00:56,0.0,0.0,0.0,0.0,0.0
2019-08-14 23:00:56,0.0,0.0,0.0,0.0,0.0
2019-08-15 00:00:56,0.0,15.47,0.0,0.0,0.0
2019-08-15 01:00:56,0.0,4.81,0.0,0.0,0.0
2019-08-15 02:00:56,0.0,1.79,0.0,0.0,0.0
2019-08-15 03:00:56,0.0,0.35,0.0,0.0,0.0
2019-08-15 04:00:56,0.0,0.0,0.0,0.0,0.0
2019-08-15 05:00:56,0.0,0.0,0.0,0.0,0.0
2019-08-15 06:00:56,0.0,0.0,0.0,0.0,0.0
2019-08-15 07:00:56,0.0,0.0,0.0,0.0,0.0
2019-08-15 08:00:56,70.46,21.47,1533.22,0.0,0.0
2019-08-15 09:00:56,56.07,30.63,1321.82,0.0,0.0
2019-08-15 10:00:56,55.26,25.55,1029.71,0.0,0.0
2019-08-15 11:00:56,46.15,22.69,942.26,0.0,0.0
2019-08-15 12:00:56,39.02,49.06,904.15,0.0,0.0
2019-08-15 13:00:56,36.52,0.0,837.79,0.0,0.0
2019-08-15 14:00:56,33.02,0.0,748.31,0.0,0.0
2019-08-15 15:00:56,32.65,0.0,739.28,0.0,0.0
2019-08-15 16:00:56,29.63,0.0,1270.14,0.0,0.0
2019-08-15 17:00:56,30.09,0.0,1118.41,0.0,0.0
2019-08-15 18:00:56,28.56,0.0,1021.55,0.0,0.0
2019-08-15 19:00:56,35.63,0.0,1036.77,0.0,0.0
2019-08-15 20:00:56,43.61,35.0,960.75,0.0,0.0
2019-08-15 21:00:56,42.35,32.13,951.12,0.0,0.0
2019-08-15 22:00:56,43.32,29.08,871.66,0.0,0.0
2019-08-15 23:00:56,37.05,26.53,918.56,0.0,0.0
2019-08-16 00:00:56,33.73,23.64,900.29,0.0,0.0
2019-08-16 01:00:56,40.73,12.21,844.81,0.0,0.0
2019-08-16 02:00:56,40.7,8.47,802.48,0.0,0.0
2019-08-16 03:00:56,35.89,6.72,793.33,0.0,0.0
2019-08-16 04:00:56,28.87,4.78,903.68,0.0,0.0
2019-08-16 05:00:56,27.42,2.81,942.1,0.0,0.0
2019-08-16 06:00:56,23.97,1.18,1153.27,0.0,0.0
2019-08-16 07:00:56,30.44,0.09,1334.59,0.0,0.0
2019-08-16 08:00:56,39.94,0.01,1445.19,0.0,0.0
2019-08-16 09:00:56,38.88,0.66,1282.79,0.0,0.0
2019-08-16 10:00:56,40.98,4.17,1056.91,0.0,0.0
2019-08-16 11:00:56,38.9,6.65,1210.03,0.0,0.0
2019-08-16 12:00:56,42.5,0.0,1335.3,0.0,0.0
2019-08-16 13:00:56,51.49,0.41,2419.72,0.0,0.0
2019-08-16 14:00:56,55.34,4.94,3944.45,0.0,0.0
2019-08-16 15:00:56,56.75,11.0,4554.89,0.0,0.0
2019-08-16 16:00:56,63.87,9.8,1651.22,0.0,0.0
2019-08-16 17:00:56,78.1,9.95,1657.35,0.0,0.0
2019-08-16 18:00:56,100.93,10.99,1527.53,0.0,0.0
2019-08-16 19:00:56,101.61,11.68,1508.76,0.0,0.0
2019-08-16 20:00:56,83.55,12.51,1432.84,0.0,0.0
2019-08-16 21:00:56,66.83,11.91,1495.49,0.0,0.0
2019-08-16 22:00:56,64.24,11.51,1524.13,0.0,0.0
2019-08-16 23:00:56,67.82,11.26,1619.32,0.0,0.0
2019-08-17 00:00:56,57.65,11.14,1695.08,0.0,0.0
2019-08-17 01:00:56,47.58,11.54,1723.89,0.0,0.0
2019-08-17 02:00:56,44.29,11.39,1770.98,0.0,0.0
2019-08-17 03:00:56,41.0,11.37,1825.37,0.0,0.0
2019-08-17 04:00:56,34.91,11.44,1862.91,0.0,0.0
2019-08-17 05:00:56,39.3,11.21,1823.25,0.0,0.0
2019-08-17 06:00:56,41.08,11.6,1740.26,0.0,0.0
2019-08-17 07:00:56,31.99,11.76,1730.89,0.0,0.0
2019-08-17 08:00:56,27.6,11.92,1753.52,0.0,0.0
2019-08-17 09:00:56,25.31,11.41,1834.81,0.0,0.0
2019-08-17 10:00:56,31.21,11.2,1876.02,0.0,0.0
2019-08-17 11:00:56,36.29,10.91,1930.57,0.0,0.0
2019-08-17 12:00:56,35.49,16.78,1666.81,0.0,0.0
2019-08-17 13:00:56,41.61,51.5,1429.61,0.0,0.0
2019-08-17 14:00:56,46.27,50.84,1379.09,0.0,0.0
2019-08-17 15:00:56,38.0,25.25,1407.35,0.0,0.0
2019-08-17 16:00:56,34.3,29.72,1567.76,0.0,0.0
2019-08-17 17:00:56,42.11,32.32,1647.82,0.0,0.0
2019-08-17 18:00:56,43.93,19.28,1569.18,0.0,0.0
2019-08-17 19:00:56,39.02,19.44,1610.62,0.0,0.0
2019-08-17 20:00:56,32.65,16.38,1667.5,0.0,0.0
2019-08-17 21:00:56,29.69,14.72,1742.03,0.0,0.0
2019-08-17 22:00:56,32.75,14.3,1838.03,0.0,0.0
2019-08-17 23:00:56,38.27,13.23,1955.51,0.0,0.0
2019-08-18 00:00:56,45.81,12.96,2002.26,0.0,0.0
2019-08-18 01:00:56,46.77,12.12,1956.49,0.0,0.0
2019-08-18 02:00:56,39.19,11.88,1913.99,0.0,0.0
2019-08-18 03:00:56,33.11,11.82,1855.15,0.0,0.0
2019-08-18 04:00:56,26.1,11.85,1826.19,0.0,0.0
2019-08-18 05:00:56,27.1,11.79,1797.86,0.0,0.0
2019-08-18 06:00:56,25.22,11.83,1774.54,0.0,0.0
2019-08-18 07:00:56,21.09,11.75,1806.06,0.0,0.0
2019-08-18 08:00:56,19.58,11.72,1835.4,0.0,0.0
2019-08-18 09:00:56,17.66,11.63,1807.72,0.0,0.0
2019-08-18 10:00:56,19.36,11.3,1825.31,0.0,0.0
2019-08-18 11:00:56,28.64,11.4,1807.64,0.0,0.0
2019-08-18 12:00:56,28.28,11.63,1804.3,0.0,0.0
2019-08-18 13:00:56,18.11,11.8,1779.36,0.0,0.0
2019-08-18 14:00:56,10.99,11.9,1805.12,0.0,0.0
2019-08-18 15:00:56,10.52,11.83,1793.47,0.0,0.0
2019-08-18 16:00:56,9.16,11.85,1530.16,0.0,0.0
2019-08-18 17:00:56,5.87,11.44,1603.01,0.0,0.0
2019-08-18 18:00:56,6.5,11.48,1603.66,0.0,0.0
2019-08-18 19:00:56,12.77,11.55,1604.15,0.0,0.0
2019-08-18 20:00:56,13.31,11.86,1580.62,0.0,0.0
2019-08-18 21:00:56,9.11,12.11,1551.87,0.0,0.0
2019-08-18 22:00:56,10.97,12.09,1448.91,0.0,0.0
2019-08-18 23:00:56,13.9,12.11,1438.52,0.0,0.0
2019-08-19 00:00:56,15.83,12.15,1401.68,0.0,0.0
2019-08-19 01:00:56,12.51,11.73,1333.2,0.0,0.0
2019-08-19 02:00:56,7.01,11.72,1327.95,0.0,0.0
2019-08-19 03:00:56,12.23,11.63,1337.0,0.0,0.0
2019-08-19 04:00:56,13.01,11.53,1280.14,0.0,0.0
2019-08-19 05:00:56,7.72,11.92,1279.94,0.0,0.0
2019-08-19 06:00:56,9.71,12.09,1268.05,0.0,0.0
2019-08-19 07:00:56,10.09,12.15,1313.72,0.0,0.0
2019-08-19 08:00:56,8.35,11.86,1326.73,0.0,0.0
2019-08-19 09:00:56,9.29,11.68,1371.96,0.0,0.0
2019-08-19 10:00:56,7.97,11.8,1386.06,0.0,0.0
2019-08-19 11:00:56,16.12,11.69,1464.11,0.0,0.0
2019-08-19 12:00:56,18.2,11.88,1507.21,0.0,0.0
2019-08-19 13:00:56,17.98,11.64,1531.51,0.0,0.0
2019-08-19 14:00:56,16.46,11.51,1466.24,0.0,0.0
2019-08-19 15:00:56,12.99,11.54,1561.27,0.0,0.0
2019-08-19 16:00:56,9.71,11.53,1559.65,0.0,0.0
2019-08-19 17:00:56,11.42,11.29,1689.09,0.0,0.0
2019-08-19 18:00:56,19.22,11.5,1713.7,0.0,0.0
2019-08-19 19:00:56,26.94,11.43,1657.27,0.0,0.0
2019-08-19 20:00:56,25.42,11.59,1615.1,0.0,0.0
2019-08-19 21:00:56,16.38,11.72,1593.22,0.0,0.0
2019-08-19 22:00:56,15.83,11.64,1565.07,0.0,0.0
2019-08-19 23:00:56,19.8,11.65,1550.63,0.0,0.0
2019-08-20 00:00:56,24.01,11.57,1520.27,0.0,0.0
2019-08-20 01:00:56,31.16,12.49,1472.29,0.0,0.0
2019-08-20 02:00:56,28.76,12.22,1426.03,0.0,0.0
2019-08-20 03:00:56,24.65,12.43,1439.79,0.0,0.0
2019-08-20 04:00:56,20.17,12.49,1442.22,0.0,0.0
2019-08-20 05:00:56,15.43,12.64,1417.67,0.0,0.0
2019-08-20 06:00:56,13.8,12.84,1380.81,0.0,0.0
2019-08-20 07:00:56,19.07,12.96,1434.3,0.0,0.0
2019-08-20 08:00:56,22.94,13.07,1490.96,0.0,0.0
2019-08-20 09:00:56,28.11,13.09,1501.25,0.0,0.0
2019-08-20 10:00:56,27.17,13.13,1504.87,0.0,0.0
2019-08-20 11:00:56,21.94,12.97,1633.84,0.0,0.0
2019-08-20 12:00:56,29.65,12.64,1735.58,0.0,0.0
2019-08-20 13:00:56,47.71,12.41,1705.41,0.0,0.0
2019-08-20 14:00:56,50.32,12.44,1745.24,0.0,0.0
2019-08-20 15:00:56,45.87,12.73,1729.74,0.0,0.0
2019-08-20 16:00:56,54.62,12.77,1602.74,0.0,0.0
2019-08-20 17:00:56,57.51,12.42,1667.49,0.0,0.0
2019-08-20 18:00:56,49.52,12.76,1747.04,0.0,0.0
2019-08-20 19:00:56,55.04,12.8,1659.69,0.0,0.0
2019-08-20 20:00:56,54.69,12.5,1782.85,0.0,0.0
2019-08-20 21:00:56,45.87,12.57,1832.28,0.0,0.0
2019-08-20 22:00:56,49.24,12.57,1732.71,0.0,0.0
2019-08-20 23:00:56,48.84,12.97,1634.26,0.0,0.0
2019-08-21 00:00:56,49.03,13.14,1574.61,0.0,0.0
2019-08-21 01:00:56,44.4,11.37,1592.53,0.0,0.0
2019-08-21 02:00:56,31.67,11.29,1465.73,0.0,0.0
2019-08-21 03:00:56,30.61,11.26,1405.89,0.0,0.0
2019-08-21 04:00:56,28.83,11.57,1368.8,0.0,0.0
2019-08-21 05:00:56,29.82,11.66,1394.91,0.0,0.0
2019-08-21 06:00:56,31.85,11.76,1366.72,0.0,0.0
2019-08-21 07:00:56,24.63,11.93,1366.57,0.0,0.0
2019-08-21 08:00:56,23.79,12.07,1462.64,0.0,0.0
2019-08-21 09:00:56,27.83,12.03,1517.68,0.0,0.0
2019-08-21 10:00:56,29.5,11.94,1495.29,0.0,0.0
2019-08-21 11:00:56,30.84,11.55,1577.95,0.0,0.0
2019-08-21 12:00:56,39.64,11.52,1606.31,0.0,0.0
2019-08-21 13:00:56,47.84,11.27,1610.07,0.0,0.0
2019-08-21 14:00:56,36.79,10.73,1655.09,0.0,0.0
2019-08-21 15:00:56,34.41,10.53,1698.97,0.0,0.0
2019-08-21 16:00:56,48.97,10.55,1647.53,0.0,0.0
2019-08-21 17:00:56,55.38,10.53,1625.16,0.0,0.0
2019-08-21 18:00:56,52.7,10.57,1635.82,0.0,0.0
2019-08-21 19:00:56,43.29,10.93,1681.9,0.0,0.0
2019-08-21 20:00:56,41.78,10.85,1729.45,0.0,0.0
2019-08-21 21:00:56,43.74,10.86,1688.13,0.0,0.0
2019-08-21 22:00:56,40.57,11.01,1559.11,0.0,0.0
2019-08-21 23:00:56,42.22,11.26,1350.04,0.0,0.0
2019-08-22 00:00:56,35.34,11.2,1375.78,0.0,0.0
2019-08-22 01:00:56,30.74,10.68,1247.13,0.0,0.0
2019-08-22 02:00:56,26.26,10.66,1224.18,0.0,0.0
2019-08-22 03:00:56,27.11,10.89,1251.94,0.0,0.0
2019-08-22 04:00:56,36.61,10.99,1191.82,0.0,0.0
2019-08-22 05:00:56,33.66,10.92,1178.14,0.0,0.0
2019-08-22 06:00:56,32.5,11.15,1250.46,0.0,0.0
2019-08-22 07:00:56,29.27,11.15,1450.07,0.0,0.0
2019-08-22 08:00:56,20.15,11.25,1419.98,0.0,0.0
2019-08-22 09:00:56,31.22,11.18,1496.86,0.0,0.0
2019-08-22 10:00:56,52.83,11.16,1439.49,0.0,0.0
2019-08-22 11:00:56,57.11,11.08,1505.99,0.0,0.0
2019-08-22 12:00:56,59.28,10.7,1496.75,0.0,0.0
2019-08-22 13:00:56,60.26,10.54,1573.15,0.0,0.0
2019-08-22 14:00:56,53.76,10.52,1611.28,0.0,0.0
2019-08-22 15:00:56,46.35,10.74,1319.73,0.0,0.0
2019-08-22 16:00:56,40.97,11.3,1510.13,0.0,0.0
2019-08-22 17:00:56,49.36,18.23,1557.2,0.0,0.0
2019-08-22 18:00:56,55.64,13.55,1623.65,0.0,0.0
2019-08-22 19:00:56,59.28,14.08,1534.35,0.0,0.0
2019-08-22 20:00:56,62.1,13.83,1708.34,0.0,0.0
2019-08-22 21:00:56,65.32,12.27,1860.58,0.0,0.0
2019-08-22 22:00:56,71.49,11.83,1899.68,0.0,0.0
2019-08-22 23:00:56,61.33,11.4,1976.61,0.0,0.0
2019-08-23 00:00:56,57.09,11.54,1931.06,0.0,0.0
2019-08-23 01:00:56,55.74,11.7,1796.46,0.0,0.0
2019-08-23 02:00:56,40.91,11.47,1766.74,0.0,0.0
2019-08-23 03:00:56,34.99,11.46,1834.22,0.0,0.0
2019-08-23 04:00:56,32.52,11.91,1952.35,0.0,0.0
2019-08-23 05:00:56,38.74,12.13,1941.53,0.0,0.0
2019-08-23 06:00:56,45.1,12.02,2081.25,0.0,0.0
2019-08-23 07:00:56,44.95,12.43,1945.0,0.0,0.0
2019-08-23 08:00:56,54.29,13.14,1974.45,0.0,0.0
2019-08-23 09:00:56,60.34,12.97,1988.1,0.0,0.0
2019-08-23 10:00:56,59.95,12.92,1985.93,0.0,0.0
2019-08-23 11:00:56,64.44,13.27,1991.15,0.0,0.0
2019-08-23 12:00:56,80.01,12.57,1992.66,0.0,0.0
2019-08-23 13:00:56,87.86,11.82,2000.55,0.0,0.0
2019-08-23 14:00:56,76.5,11.35,1998.13,0.0,0.0
2019-08-23 15:00:56,65.04,11.21,1942.88,0.0,0.0
2019-08-23 16:00:56,51.02,11.71,1567.65,0.0,0.0
2019-08-23 17:00:56,52.33,14.1,1658.28,0.0,0.0
2019-08-23 18:00:56,52.07,13.14,1681.58,0.0,0.0
2019-08-23 19:00:56,62.66,11.84,1619.69,0.0,0.0
2019-08-23 20:00:56,69.85,11.51,1597.39,0.0,0.0
2019-08-23 21:00:56,67.29,11.49,1688.07,0.0,0.0
2019-08-23 22:00:56,65.43,11.57,1700.78,0.0,0.0
2019-08-23 23:00:56,58.54,11.6,1630.01,0.0,0.0
2019-08-24 00:00:56,54.2,11.66,1616.96,0.0,0.0
2019-08-24 01:00:56,50.98,10.9,1618.36,0.0,0.0
2019-08-24 02:00:56,42.82,10.83,1587.37,0.0,0.0
2019-08-24 03:00:56,36.44,11.02,1533.47,0.0,0.0
2019-08-24 04:00:56,32.72,10.99,1545.59,0.0,0.0
2019-08-24 05:00:56,33.42,11.02,1534.55,0.0,0.0
2019-08-24 06:00:56,31.31,11.3,1576.56,0.0,0.0
2019-08-24 07:00:56,29.68,11.58,1808.11,0.0,0.0
2019-08-24 08:00:56,30.49,11.45,1548.91,0.0,0.0
2019-08-24 09:00:56,23.6,11.45,1614.84,0.0,0.0
2019-08-24 10:00:56,30.42,19.22,1679.77,0.0,0.0
2019-08-24 11:00:56,50.28,33.69,1550.33,0.0,0.0
2019-08-24 12:00:56,58.13,49.27,1300.55,0.0,0.0
2019-08-24 13:00:56,56.2,17.13,1249.45,0.0,0.0
2019-08-24 14:00:56,50.17,13.55,1289.04,0.0,0.0
2019-08-24 15:00:56,52.93,39.68,1339.25,0.0,0.0
2019-08-24 16:00:56,58.74,23.42,1626.86,0.0,0.0
2019-08-24 17:00:56,61.44,13.25,1559.38,0.0,0.0
2019-08-24 18:00:56,70.06,12.07,1640.1,0.0,0.0
2019-08-24 19:00:56,74.42,11.89,1682.17,0.0,0.0
2019-08-24 20:00:56,70.19,11.83,1721.52,0.0,0.0
2019-08-24 21:00:56,67.33,11.95,1704.51,0.0,0.0
2019-08-24 22:00:56,70.37,11.54,1770.94,0.0,0.0
2019-08-24 23:00:56,75.95,11.7,1903.56,0.0,0.0
2019-08-25 00:00:56,68.43,11.6,1962.6,0.0,0.0
2019-08-25 01:00:56,66.04,10.69,1942.6,0.0,0.0
2019-08-25 02:00:56,61.59,10.48,1957.44,0.0,0.0
2019-08-25 03:00:56,52.4,10.58,1892.92,0.0,0.0
2019-08-25 04:00:56,42.49,10.61,1850.45,0.0,0.0
2019-08-25 05:00:56,43.9,10.85,1812.63,0.0,0.0
2019-08-25 06:00:56,48.08,10.82,1829.61,0.0,0.0
2019-08-25 07:00:56,47.35,11.06,1818.27,0.0,0.0
2019-08-25 08:00:56,37.27,10.96,1900.05,0.0,0.0
2019-08-25 09:00:56,34.66,10.8,1864.14,0.0,0.0
2019-08-25 10:00:56,43.59,10.49,2018.8,0.0,0.0
2019-08-25 11:00:56,47.65,10.33,2004.15,0.0,0.0
2019-08-25 12:00:56,46.36,10.58,1760.16,0.0,0.0
2019-08-25 13:00:56,56.8,87.76,1604.8,0.0,0.0
2019-08-25 14:00:56,65.59,55.54,1623.14,0.0,0.0
2019-08-25 15:00:56,64.68,66.98,1628.94,0.0,0.0
2019-08-25 16:00:56,53.58,17.46,1619.45,0.0,0.0
2019-08-25 17:00:56,51.5,12.67,1665.56,0.0,0.0
2019-08-25 18:00:56,55.65,11.62,1634.58,0.0,0.0
2019-08-25 19:00:56,44.9,11.56,1627.71,0.0,0.0
2019-08-25 20:00:56,38.18,11.34,1732.68,0.0,0.0
2019-08-25 21:00:56,42.68,11.17,1775.11,0.0,0.0
2019-08-25 22:00:56,45.1,11.06,1983.93,0.0,0.0
2019-08-25 23:00:56,47.66,10.77,2099.89,0.0,0.0
2019-08-26 00:00:56,53.3,10.69,2090.7,0.0,0.0
2019-08-26 01:00:56,49.18,11.49,2041.65,0.0,0.0
2019-08-26 02:00:56,44.05,11.36,1904.89,0.0,0.0
2019-08-26 03:00:56,41.08,11.4,1892.88,0.0,0.0
2019-08-26 04:00:56,34.43,11.54,1845.49,0.0,0.0
2019-08-26 05:00:56,29.91,11.69,1871.38,0.0,0.0
2019-08-26 06:00:56,25.31,11.87,1933.16,0.0,0.0
2019-08-26 07:00:56,29.06,11.55,1928.45,0.0,0.0
2019-08-26 08:00:56,28.58,11.73,1943.01,0.0,0.0
2019-08-26 09:00:56,38.62,11.45,1919.65,0.0,0.0
2019-08-26 10:00:56,48.68,11.37,1966.14,0.0,0.0
2019-08-26 11:00:56,46.44,11.16,1985.31,0.0,0.0
2019-08-26 12:00:56,47.41,11.51,1665.14,0.0,0.0
2019-08-26 13:00:56,42.34,11.45,1637.03,0.0,0.0
2019-08-26 14:00:56,37.1,11.35,1611.11,0.0,0.0
2019-08-26 15:00:56,41.93,11.2,1663.46,0.0,0.0
2019-08-26 16:00:56,44.97,11.37,1731.58,0.0,0.0
2019-08-26 17:00:56,47.83,11.56,1742.75,0.0,0.0
2019-08-26 18:00:56,50.21,11.7,1726.28,0.0,0.0
2019-08-26 19:00:56,54.89,11.97,1694.84,0.0,0.0
2019-08-26 20:00:56,55.5,11.77,1679.19,0.0,0.0
2019-08-26 21:00:56,52.21,11.84,1756.34,0.0,0.0
2019-08-26 22:00:56,47.5,11.7,1797.34,0.0,0.0
2019-08-26 23:00:56,47.57,11.74,2023.93,0.0,0.0
2019-08-27 00:00:56,47.18,11.69,2015.45,0.0,0.0
2019-08-27 01:00:56,44.71,11.03,2022.44,0.0,0.0
2019-08-27 02:00:56,44.08,10.87,1999.92,0.0,0.0
2019-08-27 03:00:56,37.39,11.17,1957.63,0.0,0.0
2019-08-27 04:00:56,25.01,11.21,1796.66,0.0,0.0
2019-08-27 05:00:56,26.86,11.42,1823.69,0.0,0.0
2019-08-27 06:00:56,29.75,11.48,1810.81,0.0,0.0
2019-08-27 07:00:56,23.94,11.9,1787.27,0.0,0.0
2019-08-27 08:00:56,15.31,12.18,1825.63,0.0,0.0
2019-08-27 09:00:56,7.9,11.99,1850.63,0.0,0.0
2019-08-27 10:00:56,19.77,13.09,1783.14,0.0,0.0
2019-08-27 11:00:56,36.71,16.2,1830.45,0.0,0.0
2019-08-27 12:00:56,46.52,0.0,1519.6,0.0,0.0
2019-08-27 13:00:56,52.1,12.05,1506.18,0.0,0.0
2019-08-27 14:00:56,50.8,11.18,0.0,0.0,0.0
2019-08-27 15:00:56,49.45,10.89,1503.59,0.0,0.0
2019-08-27 16:00:56,62.22,10.95,1594.34,0.0,0.0
2019-08-27 17:00:56,92.2,11.03,1666.8,0.0,0.0
2019-08-27 18:00:56,92.33,10.97,1637.33,0.0,0.0
2019-08-27 19:00:56,78.93,11.04,1674.13,0.0,0.0
2019-08-27 20:00:56,69.65,11.22,1585.25,0.0,0.0
2019-08-27 21:00:56,52.46,11.33,1646.18,0.0,0.0
2019-08-27 22:00:56,43.29,11.13,1714.49,0.0,0.0
2019-08-27 23:00:56,44.86,11.25,1750.84,0.0,0.0
2019-08-28 00:00:56,41.18,11.53,1815.49,0.0,0.0
2019-08-28 01:00:56,38.79,12.88,1869.07,0.0,0.0
2019-08-28 02:00:56,30.84,13.4,1787.06,0.0,0.0
2019-08-28 03:00:56,25.54,13.33,1763.79,0.0,0.0
2019-08-28 04:00:56,24.09,13.53,1667.92,0.0,0.0
2019-08-28 05:00:56,24.49,13.5,1730.12,0.0,0.0
2019-08-28 06:00:56,31.68,13.37,1755.86,0.0,0.0
2019-08-28 07:00:56,32.73,13.4,1772.21,0.0,0.0
2019-08-28 08:00:56,23.66,13.53,1736.22,0.0,0.0
2019-08-28 09:00:56,28.59,13.5,1761.2,0.0,0.0
2019-08-28 10:00:56,37.7,13.09,1781.43,0.0,0.0
2019-08-28 11:00:56,38.46,12.14,1908.01,0.0,0.0
2019-08-28 12:00:56,38.38,0.0,1565.83,0.0,0.0
2019-08-28 13:00:56,37.46,0.0,0.0,0.0,0.0
2019-08-28 14:00:56,0.0,11.3,1893.63,0.0,0.0
2019-08-28 15:00:56,0.0,0.0,0.0,0.0,0.0
2019-08-28 16:00:56,0.61,12.92,1392.15,0.0,0.0
2019-08-28 17:00:56,8.03,12.64,1729.08,0.0,0.0
2019-08-28 18:00:56,29.18,12.74,1981.33,0.0,0.0
2019-08-28 19:00:56,49.79,0.0,0.0,0.0,0.0
2019-08-28 20:00:56,53.48,9.08,2196.16,0.0,0.0
2019-08-28 21:00:56,58.97,9.65,2175.21,0.0,0.0
2019-08-28 22:00:56,59.17,9.6,2225.49,0.0,0.0
2019-08-28 23:00:56,38.23,9.45,2234.35,0.0,0.0
2019-08-29 00:00:56,42.94,9.11,2349.24,0.0,0.0
2019-08-29 01:00:56,31.95,11.26,2276.89,0.0,0.0
2019-08-29 02:00:56,34.84,11.51,2226.73,0.0,0.0
2019-08-29 03:00:56,39.67,11.49,2229.68,0.0,0.0
2019-08-29 04:00:56,41.22,11.49,2174.47,0.0,0.0
2019-08-29 05:00:56,24.37,11.55,2127.0,0.0,0.0
2019-08-29 06:00:56,38.33,11.35,2229.14,0.0,0.0
2019-08-29 07:00:56,31.28,11.48,2237.42,0.0,0.0
2019-08-29 08:00:56,34.11,11.61,2229.85,0.0,0.0
2019-08-29 09:00:56,31.49,11.85,2197.81,0.0,0.0
2019-08-29 10:00:56,39.63,11.55,2303.86,0.0,0.0
2019-08-29 11:00:56,38.99,11.03,2413.09,0.0,0.0
2019-08-29 12:00:56,34.02,11.53,2161.39,0.0,0.0
2019-08-29 13:00:56,24.88,13.16,1314.25,0.0,0.0
2019-08-29 14:00:56,36.14,39.63,1194.79,0.0,0.0
2019-08-29 15:00:56,45.79,31.83,1166.7,0.0,0.0
2019-08-29 16:00:56,30.12,21.55,1590.19,0.0,0.0
2019-08-29 17:00:56,23.5,19.92,1547.72,0.0,0.0
2019-08-29 18:00:56,34.89,15.04,1557.9,0.0,0.0
2019-08-29 19:00:56,44.37,13.86,1574.27,0.0,0.0
2019-08-29 20:00:56,33.18,13.19,1680.93,0.0,0.0
2019-08-29 21:00:56,45.17,12.41,1782.04,0.0,0.0
2019-08-29 22:00:56,48.72,12.15,1967.54,0.0,0.0
2019-08-29 23:00:56,46.65,15.21,2094.63,0.0,0.0
2019-08-30 00:00:56,43.94,13.65,0.0,0.0,0.0
2019-08-30 01:00:56,49.03,12.58,1557.2,0.0,0.0
2019-08-30 02:00:56,45.98,11.71,1704.81,0.0,0.0
2019-08-30 03:00:56,44.7,12.25,1626.24,0.0,0.0
2019-08-30 04:00:56,44.89,13.11,1579.73,0.0,0.0
2019-08-30 05:00:56,44.87,13.24,1643.02,0.0,0.0
2019-08-30 06:00:56,24.64,12.66,1528.32,0.0,0.0
2019-08-30 07:00:56,22.81,12.55,1545.54,0.0,0.0
2019-08-30 08:00:56,30.14,12.36,1601.47,0.0,0.0
2019-08-30 09:00:56,30.33,12.45,1710.51,0.0,0.0
2019-08-30 10:00:56,43.27,11.84,1824.95,0.0,0.0
2019-08-30 11:00:56,42.61,11.1,1864.17,0.0,0.0
2019-08-30 12:00:56,53.41,10.68,1901.99,0.0,0.0
2019-08-30 13:00:56,53.21,10.46,1803.57,0.0,0.0
2019-08-30 14:00:56,41.43,11.41,1577.8,0.0,0.0
2019-08-30 15:00:56,43.24,11.53,1449.86,0.0,0.0
2019-08-30 16:00:56,46.78,12.06,1475.01,0.0,0.0
2019-08-30 17:00:56,35.45,12.59,1460.57,0.0,0.0
2019-08-30 18:00:56,43.33,12.64,1434.15,0.0,0.0
2019-08-30 19:00:56,48.78,12.71,1517.53,0.0,0.0
2019-08-30 20:00:56,52.96,13.03,1552.5,0.0,0.0
2019-08-30 21:00:56,55.53,12.75,1627.81,0.0,0.0
2019-08-30 22:00:56,44.84,12.37,1783.66,0.0,0.0
2019-08-30 23:00:56,45.91,12.15,1905.01,0.0,0.0
2019-08-31 00:00:56,50.65,12.28,1645.01,0.0,0.0
2019-08-31 01:00:56,39.55,12.04,1610.65,0.0,0.0
2019-08-31 02:00:56,43.17,12.0,1501.9,0.0,0.0
2019-08-31 03:00:56,33.8,12.12,1436.04,0.0,0.0
2019-08-31 04:00:56,37.97,12.21,1379.44,0.0,0.0
2019-08-31 05:00:56,22.28,13.33,1363.05,0.0,0.0
2019-08-31 06:00:56,28.12,13.99,1393.57,0.0,0.0
2019-08-31 07:00:56,25.52,13.3,1470.25,0.0,0.0
2019-08-31 08:00:56,42.46,12.94,1408.17,0.0,0.0
2019-08-31 09:00:56,37.93,13.13,1429.05,0.0,0.0
2019-08-31 10:00:56,31.6,12.66,1529.31,0.0,0.0
2019-08-31 11:00:56,30.63,13.07,1635.83,0.0,0.0
2019-08-31 12:00:56,48.23,80.58,1692.5,0.0,0.0
2019-08-31 13:00:56,49.88,79.78,1613.24,0.0,0.0
2019-08-31 14:00:56,46.97,35.03,1299.51,0.0,0.0
2019-08-31 15:00:56,41.92,83.94,1245.82,0.0,0.0
2019-08-31 16:00:56,50.69,86.44,1694.14,0.0,0.0
2019-08-31 17:00:56,39.83,39.63,1840.86,0.0,0.0
2019-08-31 18:00:56,52.85,23.77,1794.31,0.0,0.0
2019-08-31 19:00:56,47.7,16.68,1783.32,0.0,0.0
2019-08-31 20:00:56,46.96,13.67,1947.14,0.0,0.0
2019-08-31 21:00:56,54.34,12.44,2091.02,0.0,0.0
2019-08-31 22:00:56,47.13,11.67,2328.92,0.0,0.0
2019-08-31 23:00:56,44.97,12.02,2442.76,0.0,0.0
2019-09-01 00:00:56,57.29,11.81,2368.24,0.0,0.0
2019-09-01 01:00:56,56.84,11.81,2345.96,0.0,0.0
2019-09-01 02:00:56,65.33,11.73,2254.58,0.0,0.0
2019-09-01 03:00:56,52.03,11.95,2126.07,0.0,0.0
2019-09-01 04:00:56,47.4,11.8,2172.1,0.0,0.0
2019-09-01 05:00:56,31.53,12.01,2038.15,0.0,0.0
2019-09-01 06:00:56,27.28,12.0,2103.08,0.0,0.0
2019-09-01 07:00:56,42.05,11.83,2057.41,0.0,0.0
2019-09-01 08:00:56,32.59,12.26,2008.98,0.0,0.0
2019-09-01 09:00:56,33.6,26.27,2060.68,0.0,0.0
2019-09-01 10:00:56,28.57,30.71,2121.66,0.0,0.0
2019-09-01 11:00:56,21.14,146.67,2094.89,0.0,0.0
2019-09-01 12:00:56,47.9,76.57,2042.43,0.0,0.0
2019-09-01 13:00:56,52.88,41.51,1702.87,0.0,0.0
2019-09-01 14:00:56,57.86,68.23,1683.16,0.0,0.0
2019-09-01 15:00:56,56.32,78.17,1693.98,0.0,0.0
2019-09-01 16:00:56,60.07,67.9,1560.25,0.0,0.0
2019-09-01 17:00:56,47.91,22.62,1605.6,0.0,0.0
2019-09-01 18:00:56,45.11,17.65,1531.2,0.0,0.0
2019-09-01 19:00:56,45.59,14.94,1676.97,0.0,0.0
2019-09-01 20:00:56,46.76,13.31,1786.13,0.0,0.0
2019-09-01 21:00:56,54.5,12.49,1976.0,0.0,0.0
2019-09-01 22:00:56,51.87,12.89,2163.87,0.0,0.0
2019-09-01 23:00:56,52.17,13.9,2561.99,0.0,0.0
2019-09-02 00:00:56,56.87,14.5,2246.53,0.0,0.0
2019-09-02 01:00:56,73.05,13.32,2121.51,0.0,0.0
2019-09-02 02:00:56,48.46,12.56,2154.79,0.0,0.0
2019-09-02 03:00:56,53.81,11.97,1927.68,0.0,0.0
2019-09-02 04:00:56,55.1,11.75,1767.31,0.0,0.0
2019-09-02 05:00:56,47.78,11.99,1698.68,0.0,0.0
2019-09-02 06:00:56,37.5,11.87,1683.87,0.0,0.0
2019-09-02 07:00:56,32.7,11.56,1808.05,0.0,0.0
2019-09-02 08:00:56,34.71,11.5,1888.62,0.0,0.0
2019-09-02 09:00:56,37.23,11.02,1842.11,0.0,0.0
2019-09-02 10:00:56,45.65,10.87,1985.43,0.0,0.0
2019-09-02 11:00:56,32.46,17.43,2021.65,0.0,0.0
2019-09-02 12:00:56,41.88,64.62,1942.94,0.0,0.0
2019-09-02 13:00:56,45.9,62.62,1625.31,0.0,0.0
2019-09-02 14:00:56,44.99,24.71,1672.37,0.0,0.0
2019-09-02 15:00:56,49.46,17.11,1659.0,0.0,0.0
2019-09-02 16:00:56,42.52,15.19,1469.01,0.0,0.0
2019-09-02 17:00:56,35.08,13.93,1476.8,0.0,0.0
2019-09-02 18:00:56,36.66,13.11,1497.54,0.0,0.0
2019-09-02 19:00:56,44.56,12.23,1616.59,0.0,0.0
2019-09-02 20:00:56,44.51,11.66,1600.23,0.0,0.0
2019-09-02 21:00:56,47.05,11.16,1815.16,0.0,0.0
2019-09-02 22:00:56,47.84,11.05,1954.76,0.0,0.0
2019-09-02 23:00:56,43.37,11.47,1898.3,0.0,0.0
2019-09-03 00:00:56,46.77,11.73,1919.79,0.0,0.0
2019-09-03 01:00:56,51.91,12.52,1748.12,0.0,0.0
2019-09-03 02:00:56,41.13,12.82,1674.51,0.0,0.0
2019-09-03 03:00:56,40.61,12.59,1583.66,0.0,0.0
2019-09-03 04:00:56,39.88,12.48,1509.55,0.0,0.0
2019-09-03 05:00:56,22.7,12.9,1568.55,0.0,0.0
2019-09-03 06:00:56,23.09,12.89,1525.29,0.0,0.0
2019-09-03 07:00:56,36.53,12.83,1508.62,0.0,0.0
2019-09-03 08:00:56,40.49,13.11,1476.14,0.0,0.0
2019-09-03 09:00:56,47.95,12.71,1582.29,0.0,0.0
2019-09-03 10:00:56,49.38,49.23,1679.11,0.0,0.0
2019-09-03 11:00:56,34.84,113.34,1799.68,0.0,0.0
2019-09-03 12:00:56,62.07,174.45,1807.31,0.0,0.0
2019-09-03 13:00:56,77.62,128.97,1508.16,0.0,0.0
2019-09-03 14:00:56,62.05,118.33,1488.13,0.0,0.0
2019-09-03 15:00:56,73.19,76.6,1532.46,0.0,0.0
2019-09-03 16:00:56,75.99,101.81,1546.04,0.0,0.0
2019-09-03 17:00:56,65.49,28.94,1569.66,0.0,0.0
2019-09-03 18:00:56,74.73,34.91,1596.5,0.0,0.0
2019-09-03 19:00:56,75.75,32.17,1624.7,0.0,0.0
2019-09-03 20:00:56,76.81,16.58,1694.31,0.0,0.0
2019-09-03 21:00:56,59.23,14.52,1857.52,0.0,0.0
2019-09-03 22:00:56,51.26,13.85,2094.88,0.0,0.0
2019-09-03 23:00:56,51.93,20.03,2039.17,0.0,0.0
2019-09-04 00:00:56,62.31,22.29,1971.79,0.0,0.0
2019-09-04 01:00:56,63.53,18.8,1971.63,0.0,0.0
2019-09-04 02:00:56,51.24,15.68,1909.0,0.0,0.0
2019-09-04 03:00:56,53.14,14.17,1657.75,0.0,0.0
2019-09-04 04:00:56,33.22,13.98,1683.75,0.0,0.0
2019-09-04 05:00:56,22.07,14.15,1746.83,0.0,0.0
2019-09-04 06:00:56,27.29,13.61,1723.41,0.0,0.0
2019-09-04 07:00:56,24.49,12.86,1844.62,0.0,0.0
2019-09-04 08:00:56,35.09,12.72,1851.6,0.0,0.0
2019-09-04 09:00:56,47.96,12.32,1938.03,0.0,0.0
2019-09-04 10:00:56,51.96,13.42,1972.24,0.0,0.0
2019-09-04 11:00:56,49.27,12.3,2069.3,0.0,0.0
2019-09-04 12:00:56,47.63,43.13,2046.78,0.0,0.0
2019-09-04 13:00:56,59.98,97.64,1898.01,0.0,0.0
2019-09-04 14:00:56,61.25,146.64,1642.83,0.0,0.0
2019-09-04 15:00:56,64.97,92.23,1666.96,0.0,0.0
2019-09-04 16:00:56,70.04,21.22,1566.61,0.0,0.0
2019-09-04 17:00:56,39.3,13.71,1721.66,0.0,0.0
2019-09-04 18:00:56,42.75,13.4,1554.03,0.0,0.0
2019-09-04 19:00:56,47.01,13.34,1530.6,0.0,0.0
2019-09-04 20:00:56,51.56,12.69,1684.85,0.0,0.0
2019-09-04 21:00:56,57.78,11.92,1920.92,0.0,0.0
2019-09-04 22:00:56,45.9,12.63,1905.82,0.0,0.0
2019-09-04 23:00:56,45.49,12.86,1814.04,0.0,0.0
2019-09-05 00:00:56,57.55,12.63,1826.59,0.0,0.0
2019-09-05 01:00:56,58.77,12.35,1557.73,0.0,0.0
2019-09-05 02:00:56,36.15,12.0,1704.26,0.0,0.0
2019-09-05 03:00:56,44.83,11.97,1575.79,0.0,0.0
2019-09-05 04:00:56,44.44,12.24,1491.35,0.0,0.0
2019-09-05 05:00:56,25.88,12.22,1449.01,0.0,0.0
2019-09-05 06:00:56,30.75,12.04,1519.48,0.0,0.0
2019-09-05 07:00:56,39.6,12.27,1527.57,0.0,0.0
2019-09-05 08:00:56,32.87,12.3,1567.16,0.0,0.0
2019-09-05 09:00:56,50.15,12.33,1475.29,0.0,0.0
2019-09-05 10:00:56,40.82,12.54,1527.49,0.0,0.0
2019-09-05 11:00:56,37.51,13.39,1638.47,0.0,0.0
2019-09-05 12:00:56,47.18,19.01,1619.63,0.0,0.0
2019-09-05 13:00:56,44.51,98.6,1281.12,0.0,0.0
2019-09-05 14:00:56,58.52,76.72,1198.57,0.0,0.0
2019-09-05 15:00:56,62.6,94.59,1295.67,0.0,0.0
2019-09-05 16:00:56,48.75,62.59,1549.52,0.0,0.0
2019-09-05 17:00:56,50.36,31.49,1783.84,0.0,0.0
2019-09-05 18:00:56,54.55,21.86,1851.85,0.0,0.0
2019-09-05 19:00:56,57.31,15.98,1877.88,0.0,0.0
2019-09-05 20:00:56,60.49,13.14,2039.06,0.0,0.0
2019-09-05 21:00:56,55.24,11.96,2136.19,0.0,0.0
2019-09-05 22:00:56,64.5,11.1,2235.47,0.0,0.0
2019-09-05 23:00:56,49.74,11.37,2281.67,0.0,0.0
2019-09-06 00:00:56,54.27,11.56,2214.76,0.0,0.0
2019-09-06 01:00:56,43.45,12.7,2212.32,0.0,0.0
2019-09-06 02:00:56,47.87,12.72,2066.33,0.0,0.0
2019-09-06 03:00:56,47.81,12.85,2025.32,0.0,0.0
2019-09-06 04:00:56,50.56,12.91,1925.94,0.0,0.0
2019-09-06 05:00:56,43.65,12.76,1935.14,0.0,0.0
2019-09-06 06:00:56,46.24,12.69,1918.81,0.0,0.0
2019-09-06 07:00:56,36.38,12.85,1896.34,0.0,0.0
2019-09-06 08:00:56,43.36,12.42,2015.51,0.0,0.0
2019-09-06 09:00:56,53.89,12.34,2177.81,0.0,0.0
2019-09-06 10:00:56,61.85,12.06,2137.61,0.0,0.0
2019-09-06 11:00:56,47.1,11.86,2313.35,0.0,0.0
2019-09-06 12:00:56,49.73,57.0,2270.47,0.0,0.0
2019-09-06 13:00:56,52.81,118.72,1965.46,0.0,0.0
2019-09-06 14:00:56,54.08,91.07,1912.19,0.0,0.0
2019-09-06 15:00:56,62.12,23.68,1936.45,0.0,0.0
2019-09-06 16:00:56,68.86,16.13,1490.55,0.0,0.0
2019-09-06 17:00:56,39.87,14.17,1536.97,0.0,0.0
2019-09-06 18:00:56,47.59,13.91,1559.74,0.0,0.0
2019-09-06 19:00:56,57.0,13.66,1609.52,0.0,0.0
2019-09-06 20:00:56,55.27,13.39,1684.16,0.0,0.0
2019-09-06 21:00:56,53.96,13.24,1721.2,0.0,0.0
2019-09-06 22:00:56,45.07,12.86,1813.16,0.0,0.0
2019-09-06 23:00:56,24.71,12.71,1809.66,0.0,0.0
2019-09-07 00:00:56,23.67,12.54,1749.4,0.0,0.0
2019-09-07 01:00:56,18.16,12.49,1724.0,0.0,0.0
2019-09-07 02:00:56,20.96,12.15,1669.76,0.0,0.0
2019-09-07 03:00:56,18.76,12.3,1639.99,0.0,0.0
2019-09-07 04:00:56,10.88,12.05,1625.2,0.0,0.0
2019-09-07 05:00:56,8.84,12.15,1661.49,0.0,0.0
2019-09-07 06:00:56,19.63,12.36,1596.39,0.0,0.0
2019-09-07 07:00:56,13.17,12.34,1724.62,0.0,0.0
2019-09-07 08:00:56,24.56,12.23,1694.76,0.0,0.0
2019-09-07 09:00:56,17.05,12.23,1643.54,0.0,0.0
2019-09-07 10:00:56,15.72,17.99,1732.02,0.0,0.0
2019-09-07 11:00:56,11.72,13.04,1815.59,0.0,0.0
2019-09-07 12:00:56,21.08,11.89,1820.45,0.0,0.0
2019-09-07 13:00:56,28.23,12.14,1508.62,0.0,0.0
2019-09-07 14:00:56,39.84,12.11,1430.99,0.0,0.0
2019-09-07 15:00:56,41.01,12.41,1462.68,0.0,0.0
2019-09-07 16:00:56,46.8,12.67,1436.82,0.0,0.0
2019-09-07 17:00:56,34.89,12.26,1464.36,0.0,0.0
2019-09-07 18:00:56,34.99,12.69,1455.57,0.0,0.0
2019-09-07 19:00:56,38.97,12.75,1522.8,0.0,0.0
2019-09-07 20:00:56,42.36,12.38,1739.8,0.0,0.0
2019-09-07 21:00:56,41.91,12.1,1856.15,0.0,0.0
2019-09-07 22:00:56,44.12,12.89,1897.41,0.0,0.0
2019-09-07 23:00:56,39.98,12.43,1812.81,0.0,0.0
2019-09-08 00:00:56,23.85,12.4,1762.3,0.0,0.0
2019-09-08 01:00:56,30.54,11.55,1734.08,0.0,0.0
2019-09-08 02:00:56,23.8,11.6,1676.63,0.0,0.0
2019-09-08 03:00:56,25.99,11.59,1647.53,0.0,0.0
2019-09-08 04:00:56,17.22,11.43,1645.31,0.0,0.0
2019-09-08 05:00:56,10.47,11.56,1673.61,0.0,0.0
2019-09-08 06:00:56,13.27,11.44,1657.82,0.0,0.0
2019-09-08 07:00:56,18.94,11.69,1666.06,0.0,0.0
2019-09-08 08:00:56,16.72,11.91,1665.51,0.0,0.0
2019-09-08 09:00:56,21.11,11.95,1729.67,0.0,0.0
2019-09-08 10:00:56,34.07,11.41,1766.73,0.0,0.0
2019-09-08 11:00:56,27.18,11.35,1880.81,0.0,0.0
2019-09-08 12:00:56,43.59,11.8,1953.92,0.0,0.0
2019-09-08 13:00:56,91.7,13.1,1960.71,0.0,0.0
2019-09-08 14:00:56,104.88,12.23,1542.18,0.0,0.0
2019-09-08 15:00:56,126.83,12.16,1506.85,0.0,0.0
2019-09-08 16:00:56,116.04,15.83,1588.31,0.0,0.0
2019-09-08 17:00:56,138.87,14.06,1529.37,0.0,0.0
2019-09-08 18:00:56,126.1,12.53,1458.25,0.0,0.0
2019-09-08 19:00:56,89.97,11.8,1498.61,0.0,0.0
2019-09-08 20:00:56,79.26,11.38,1660.31,0.0,0.0
2019-09-08 21:00:56,60.73,11.19,1822.08,0.0,0.0
2019-09-08 22:00:56,48.34,11.46,1991.32,0.0,0.0
2019-09-08 23:00:56,42.29,11.47,1871.66,0.0,0.0
2019-09-09 00:00:56,42.55,11.48,1842.24,0.0,0.0
2019-09-09 01:00:56,36.47,12.52,1747.66,0.0,0.0
2019-09-09 02:00:56,24.51,12.65,1781.82,0.0,0.0
2019-09-09 03:00:56,29.98,12.44,1666.18,0.0,0.0
2019-09-09 04:00:56,24.18,12.68,1764.21,0.0,0.0
2019-09-09 05:00:56,14.58,12.34,1673.2,0.0,0.0
2019-09-09 06:00:56,18.23,12.4,1705.22,0.0,0.0
2019-09-09 07:00:56,20.09,12.56,1713.26,0.0,0.0
2019-09-09 08:00:56,15.13,12.48,1714.21,0.0,0.0
2019-09-09 09:00:56,28.65,12.43,1863.07,0.0,0.0
2019-09-09 10:00:56,20.41,12.41,1855.77,0.0,0.0
2019-09-09 11:00:56,36.98,12.79,1866.04,0.0,0.0
2019-09-09 12:00:56,53.25,13.03,1971.59,0.0,0.0
2019-09-09 13:00:56,70.83,11.65,2035.21,0.0,0.0
2019-09-09 14:00:56,60.78,11.28,2059.9,0.0,0.0
2019-09-09 15:00:56,61.87,11.89,1797.4,0.0,0.0
2019-09-09 16:00:56,52.79,13.38,1519.01,0.0,0.0
2019-09-09 17:00:56,39.61,13.11,1535.62,0.0,0.0
2019-09-09 18:00:56,33.86,12.72,1479.44,0.0,0.0
2019-09-09 19:00:56,35.04,12.25,1595.79,0.0,0.0
2019-09-09 20:00:56,34.69,12.28,1748.69,0.0,0.0
2019-09-09 21:00:56,37.13,11.92,1787.83,0.0,0.0
2019-09-09 22:00:56,23.63,11.75,1848.12,0.0,0.0
2019-09-09 23:00:56,18.87,12.23,1778.75,0.0,0.0
2019-09-10 00:00:56,13.28,11.93,1778.52,0.0,0.0
2019-09-10 01:00:56,13.23,11.68,1828.29,0.0,0.0
2019-09-10 02:00:56,28.82,11.63,1682.41,0.0,0.0
2019-09-10 03:00:56,23.34,11.6,1656.45,0.0,0.0
2019-09-10 04:00:56,26.65,11.64,1662.74,0.0,0.0
2019-09-10 05:00:56,22.04,11.69,1593.07,0.0,0.0
2019-09-10 06:00:56,16.59,11.5,1751.8,0.0,0.0
2019-09-10 07:00:56,16.04,11.58,1725.46,0.0,0.0
2019-09-10 08:00:56,25.71,11.28,1714.63,0.0,0.0
2019-09-10 09:00:56,23.42,11.28,1769.28,0.0,0.0
2019-09-10 10:00:56,20.83,11.15,1862.05,0.0,0.0
2019-09-10 11:00:56,23.99,10.34,2061.33,0.0,0.0
2019-09-10 12:00:56,27.87,0.0,1969.18,0.0,0.0
2019-09-10 13:00:56,33.6,11.46,1625.78,0.0,0.0
2019-09-10 14:00:56,39.1,11.0,0.0,0.0,0.0
2019-09-10 15:00:56,35.26,11.96,1553.67,0.0,0.0
2019-09-10 16:00:56,33.92,12.96,1693.77,0.0,0.0
2019-09-10 17:00:56,25.91,12.19,1725.91,0.0,0.0
2019-09-10 18:00:56,24.46,11.53,1521.89,0.0,0.0
2019-09-10 19:00:56,24.23,11.38,1449.59,0.0,0.0
2019-09-10 20:00:56,41.87,16.47,1463.6,0.0,0.0
2019-09-10 21:00:56,39.72,14.64,1602.1,0.0,0.0
2019-09-10 22:00:56,34.81,11.93,1656.95,0.0,0.0
2019-09-10 23:00:56,30.75,11.38,1720.39,0.0,0.0
2019-09-11 00:00:56,52.1,11.21,1765.88,0.0,0.0
2019-09-11 01:00:56,29.73,11.45,1779.73,0.0,0.0
2019-09-11 02:00:56,25.47,11.36,1726.2,0.0,0.0
2019-09-11 03:00:56,18.09,11.4,1681.62,0.0,0.0
2019-09-11 04:00:56,32.12,11.48,1749.53,0.0,0.0
2019-09-11 05:00:56,19.68,11.25,1680.07,0.0,0.0
2019-09-11 06:00:56,14.09,11.39,1720.07,0.0,0.0
2019-09-11 07:00:56,27.27,11.62,1707.76,0.0,0.0
2019-09-11 08:00:56,22.98,11.45,1833.59,0.0,0.0
2019-09-11 09:00:56,24.81,11.57,1830.53,0.0,0.0
2019-09-11 10:00:56,14.3,11.47,1868.86,0.0,0.0
2019-09-11 11:00:56,11.94,11.17,1860.18,0.0,0.0
2019-09-11 12:00:56,23.3,11.58,1950.24,0.0,0.0
2019-09-11 13:00:56,18.4,11.42,1846.91,0.0,0.0
2019-09-11 14:00:56,20.54,14.76,1828.78,0.0,0.0
2019-09-11 15:00:56,20.18,13.18,1895.8,0.0,0.0
2019-09-11 16:00:56,33.08,11.92,1493.07,0.0,0.0
2019-09-11 17:00:56,23.52,12.09,1529.19,0.0,0.0
2019-09-11 18:00:56,15.12,11.76,1460.11,0.0,0.0
2019-09-11 19:00:56,20.28,11.58,1546.31,0.0,0.0
2019-09-11 20:00:56,25.53,12.55,1516.45,0.0,0.0
2019-09-11 21:00:56,36.61,15.11,1540.07,0.0,0.0
2019-09-11 22:00:56,38.61,13.44,1512.5,0.0,0.0
2019-09-11 23:00:56,22.01,13.25,1469.94,0.0,0.0
2019-09-12 00:00:56,25.44,14.21,1484.63,0.0,0.0
2019-09-12 01:00:56,32.99,13.31,1417.54,0.0,0.0
2019-09-12 02:00:56,25.01,12.6,1418.0,0.0,0.0
2019-09-12 03:00:56,22.18,12.11,1357.19,0.0,0.0
2019-09-12 04:00:56,18.47,12.34,1312.85,0.0,0.0
2019-09-12 05:00:56,12.59,12.72,1407.19,0.0,0.0
2019-09-12 06:00:56,17.75,12.3,1375.85,0.0,0.0
2019-09-12 07:00:56,13.08,12.14,1376.81,0.0,0.0
2019-09-12 08:00:56,23.99,11.84,1375.3,0.0,0.0
2019-09-12 09:00:56,19.19,12.15,1402.51,0.0,0.0
2019-09-12 10:00:56,28.48,11.78,1446.15,0.0,0.0
2019-09-12 11:00:56,16.23,12.32,1421.24,0.0,0.0
2019-09-12 12:00:56,16.31,36.92,1452.74,0.0,0.0
2019-09-12 13:00:56,16.29,32.68,1451.85,0.0,0.0
2019-09-12 14:00:56,20.11,21.76,1495.94,0.0,0.0
2019-09-12 15:00:56,24.39,14.11,1488.27,0.0,0.0
2019-09-12 16:00:56,26.49,12.37,1539.09,0.0,0.0
2019-09-12 17:00:56,32.19,15.04,1525.68,0.0,0.0
2019-09-12 18:00:56,27.06,17.2,1479.92,0.0,0.0
2019-09-12 19:00:56,25.62,16.21,1593.49,0.0,0.0
2019-09-12 20:00:56,40.27,20.36,1509.14,0.0,0.0
2019-09-12 21:00:56,48.9,15.33,1533.53,0.0,0.0
2019-09-12 22:00:56,26.18,13.9,1487.36,0.0,0.0
2019-09-12 23:00:56,18.11,13.03,1343.37,0.0,0.0
2019-09-13 00:00:56,19.23,12.81,1487.32,0.0,0.0
2019-09-13 01:00:56,21.1,11.85,1356.82,0.0,0.0
2019-09-13 02:00:56,22.65,11.68,1345.33,0.0,0.0
2019-09-13 03:00:56,21.47,11.46,1358.95,0.0,0.0
2019-09-13 04:00:56,22.61,11.45,1255.54,0.0,0.0
2019-09-13 05:00:56,12.44,11.49,1171.82,0.0,0.0
2019-09-13 06:00:56,10.84,11.6,1180.8,0.0,0.0
2019-09-13 07:00:56,15.61,11.39,1284.0,0.0,0.0
2019-09-13 08:00:56,20.08,11.44,1288.52,0.0,0.0
2019-09-13 09:00:56,13.88,11.15,1315.95,0.0,0.0
2019-09-13 10:00:56,22.56,11.2,1470.19,0.0,0.0
2019-09-13 11:00:56,25.7,10.79,1474.49,0.0,0.0
2019-09-13 12:00:56,30.19,16.76,1489.73,0.0,0.0
2019-09-13 13:00:56,18.17,25.29,1547.68,0.0,0.0
2019-09-13 14:00:56,24.18,70.83,1358.48,0.0,0.0
2019-09-13 15:00:56,25.73,42.99,1087.92,0.0,0.0
2019-09-13 16:00:56,22.61,19.2,1449.79,0.0,0.0
2019-09-13 17:00:56,34.19,32.01,1429.48,0.0,0.0
2019-09-13 18:00:56,25.32,22.13,1457.85,0.0,0.0
2019-09-13 19:00:56,31.49,21.19,1626.15,0.0,0.0
2019-09-13 20:00:56,30.84,28.85,1695.56,0.0,0.0
2019-09-13 21:00:56,42.37,18.02,1821.48,0.0,0.0
2019-09-13 22:00:56,32.58,13.74,1997.24,0.0,0.0
2019-09-13 23:00:56,28.18,12.65,1825.14,0.0,0.0
2019-09-14 00:00:56,30.61,12.25,1775.56,0.0,0.0
2019-09-14 01:00:56,32.54,13.76,1712.63,0.0,0.0
2019-09-14 02:00:56,36.05,13.94,1675.98,0.0,0.0
2019-09-14 03:00:56,29.62,13.53,1627.53,0.0,0.0
2019-09-14 04:00:56,30.79,13.82,1587.19,0.0,0.0
2019-09-14 05:00:56,31.55,13.38,1563.53,0.0,0.0
2019-09-14 06:00:56,28.84,13.4,1547.86,0.0,0.0
2019-09-14 07:00:56,24.5,13.32,1578.91,0.0,0.0
2019-09-14 08:00:56,22.73,13.31,1611.5,0.0,0.0
2019-09-14 09:00:56,31.31,13.21,1619.57,0.0,0.0
2019-09-14 10:00:56,32.21,13.01,1665.43,0.0,0.0
2019-09-14 11:00:56,24.52,13.61,1762.24,0.0,0.0
2019-09-14 12:00:56,40.28,13.61,1773.86,0.0,0.0
2019-09-14 13:00:56,33.2,12.83,1751.03,0.0,0.0
2019-09-14 14:00:56,27.26,12.72,1750.56,0.0,0.0
2019-09-14 15:00:56,38.11,17.32,1739.73,0.0,0.0
2019-09-14 16:00:56,33.38,67.58,1600.62,0.0,0.0
2019-09-14 17:00:56,28.94,20.2,1626.84,0.0,0.0
2019-09-14 18:00:56,33.6,14.78,1638.72,0.0,0.0
2019-09-14 19:00:56,40.9,13.98,1736.74,0.0,0.0
2019-09-14 20:00:56,43.77,14.0,1651.78,0.0,0.0
2019-09-14 21:00:56,42.09,14.08,1658.52,0.0,0.0
2019-09-14 22:00:56,49.97,13.68,1635.68,0.0,0.0
2019-09-14 23:00:56,54.05,13.92,1648.33,0.0,0.0
2019-09-15 00:00:56,48.71,13.89,1463.58,0.0,0.0
2019-09-15 01:00:56,35.93,13.24,1398.81,0.0,0.0
2019-09-15 02:00:56,33.13,13.24,1299.89,0.0,0.0
2019-09-15 03:00:56,19.49,12.88,1322.35,0.0,0.0
2019-09-15 04:00:56,13.87,12.93,1287.85,0.0,0.0
2019-09-15 05:00:56,10.54,12.75,1324.55,0.0,0.0
2019-09-15 06:00:56,18.14,13.07,1293.04,0.0,0.0
2019-09-15 07:00:56,22.98,12.89,1320.57,0.0,0.0
2019-09-15 08:00:56,14.67,12.87,1379.41,0.0,0.0
2019-09-15 09:00:56,16.68,12.71,1415.9,0.0,0.0
2019-09-15 10:00:56,23.94,12.44,1479.38,0.0,0.0
2019-09-15 11:00:56,31.2,12.59,1571.99,0.0,0.0
2019-09-15 12:00:56,31.34,13.24,1639.74,0.0,0.0
2019-09-15 13:00:56,25.94,12.49,1639.12,0.0,0.0
2019-09-15 14:00:56,29.66,12.21,1636.49,0.0,0.0
2019-09-15 15:00:56,32.64,12.13,1666.82,0.0,0.0
2019-09-15 16:00:56,41.36,20.32,1427.87,0.0,0.0
2019-09-15 17:00:56,37.5,21.02,1448.84,0.0,0.0
2019-09-15 18:00:56,42.56,14.82,1489.66,0.0,0.0
2019-09-15 19:00:56,34.81,13.39,1460.04,0.0,0.0
2019-09-15 20:00:56,37.25,62.88,1409.62,0.0,0.0
2019-09-15 21:00:56,41.02,20.63,1377.2,0.0,0.0
2019-09-15 22:00:56,41.68,14.95,1360.52,0.0,0.0
2019-09-15 23:00:56,31.7,16.95,1388.67,0.0,0.0
2019-09-16 00:00:56,37.58,39.7,1419.42,0.0,0.0
2019-09-16 01:00:56,28.72,19.67,1412.21,0.0,0.0
2019-09-16 02:00:56,37.0,18.92,1396.15,0.0,0.0
2019-09-16 03:00:56,40.71,19.56,1433.89,0.0,0.0
2019-09-16 04:00:56,31.03,14.39,1442.55,0.0,0.0
2019-09-16 05:00:56,41.04,33.51,1378.97,0.0,0.0
2019-09-16 06:00:56,41.61,22.33,1379.33,0.0,0.0
2019-09-16 07:00:56,33.78,14.59,1480.1,0.0,0.0
2019-09-16 08:00:56,31.43,14.46,1464.26,0.0,0.0
2019-09-16 09:00:56,41.34,15.79,1423.51,0.0,0.0
2019-09-16 10:00:56,39.72,15.13,1474.39,0.0,0.0
2019-09-16 11:00:56,46.92,14.89,1485.47,0.0,0.0
2019-09-16 12:00:56,55.0,17.71,1441.2,0.0,0.0
2019-09-16 13:00:56,57.4,19.01,1412.41,0.0,0.0
2019-09-16 14:00:56,45.19,15.07,1440.03,0.0,0.0
2019-09-16 15:00:56,45.45,14.02,1413.58,0.0,0.0
2019-09-16 16:00:56,39.32,13.77,1511.34,0.0,0.0
2019-09-16 17:00:56,34.46,14.06,1567.42,0.0,0.0
2019-09-16 18:00:56,32.13,12.95,1514.52,0.0,0.0
2019-09-16 19:00:56,31.02,12.38,1564.75,0.0,0.0
2019-09-16 20:00:56,35.33,12.1,1488.31,0.0,0.0
2019-09-16 21:00:56,23.79,12.09,1516.91,0.0,0.0
2019-09-16 22:00:56,21.89,11.97,1497.82,0.0,0.0
2019-09-16 23:00:56,12.69,11.95,1464.13,0.0,0.0
2019-09-17 00:00:56,11.82,12.0,1409.65,0.0,0.0
2019-09-17 01:00:56,19.51,12.33,1396.27,0.0,0.0
2019-09-17 02:00:56,26.5,12.45,1383.23,0.0,0.0
2019-09-17 03:00:56,32.82,12.31,1391.88,0.0,0.0
2019-09-17 04:00:56,36.28,12.4,1375.64,0.0,0.0
2019-09-17 05:00:56,20.09,12.14,1429.26,0.0,0.0
2019-09-17 06:00:56,17.61,12.21,1420.65,0.0,0.0
2019-09-17 07:00:56,23.62,12.05,1394.73,0.0,0.0
2019-09-17 08:00:56,24.46,12.51,1540.63,0.0,0.0
2019-09-17 09:00:56,32.51,12.52,1682.1,0.0,0.0
2019-09-17 10:00:56,36.4,20.75,1501.17,0.0,0.0
2019-09-17 11:00:56,25.89,54.35,1496.91,0.0,0.0
2019-09-17 12:00:56,18.45,25.49,1587.08,0.0,0.0
2019-09-17 13:00:56,31.27,39.8,1615.1,0.0,0.0
2019-09-17 14:00:56,28.39,21.88,1629.02,0.0,0.0
2019-09-17 15:00:56,46.3,16.34,1579.04,0.0,0.0
2019-09-17 16:00:56,27.96,36.57,1472.71,0.0,0.0
2019-09-17 17:00:56,24.61,24.49,1574.48,0.0,0.0
2019-09-17 18:00:56,19.06,63.31,1600.28,0.0,0.0
2019-09-17 19:00:56,31.05,24.02,1675.6,0.0,0.0
2019-09-17 20:00:56,36.64,16.84,1632.57,0.0,0.0
2019-09-17 21:00:56,49.13,15.13,1512.82,0.0,0.0
2019-09-17 22:00:56,40.05,14.13,1537.67,0.0,0.0
2019-09-17 23:00:56,31.71,13.65,1448.92,0.0,0.0
2019-09-18 00:00:56,35.25,13.17,1595.54,0.0,0.0
2019-09-18 01:00:56,32.89,12.92,1344.43,0.0,0.0
2019-09-18 02:00:56,27.87,12.78,1280.84,0.0,0.0
2019-09-18 03:00:56,23.69,12.71,1237.58,0.0,0.0
2019-09-18 04:00:56,30.91,12.42,1230.62,0.0,0.0
2019-09-18 05:00:56,24.49,12.1,1174.79,0.0,0.0
2019-09-18 06:00:56,20.61,12.17,1186.55,0.0,0.0
2019-09-18 07:00:56,18.68,12.0,1249.9,0.0,0.0
2019-09-18 08:00:56,28.62,12.56,1296.06,0.0,0.0
2019-09-18 09:00:56,29.21,20.93,1419.17,0.0,0.0
2019-09-18 10:00:56,30.39,24.09,1353.3,0.0,0.0
2019-09-18 11:00:56,25.34,14.45,1517.4,0.0,0.0
2019-09-18 12:00:56,0.0,0.0,0.0,0.0,0.0
2019-09-18 13:00:56,3.41,17.36,1602.44,0.0,0.0
2019-09-18 14:00:56,33.5,18.15,1024.78,0.0,0.0
2019-09-18 15:00:56,43.2,19.03,1146.46,0.0,0.0
2019-09-18 16:00:56,80.3,26.9,1552.12,0.0,0.0
2019-09-18 17:00:56,92.13,21.58,1570.63,0.0,0.0
2019-09-18 18:00:56,89.68,19.79,1623.4,0.0,0.0
2019-09-18 19:00:56,86.54,18.17,1596.85,0.0,0.0
2019-09-18 20:00:56,96.27,16.65,1839.25,0.0,0.0
2019-09-18 21:00:56,94.55,15.83,2354.46,0.0,0.0
2019-09-18 22:00:56,88.63,15.1,2345.15,0.0,0.0
2019-09-18 23:00:56,77.53,15.08,2244.46,0.0,0.0
2019-09-19 00:00:56,75.66,15.35,2158.06,0.0,0.0
2019-09-19 01:00:56,63.13,12.04,2097.92,0.0,0.0
2019-09-19 02:00:56,69.96,12.15,1906.23,0.0,0.0
2019-09-19 03:00:56,58.05,12.06,1806.83,0.0,0.0
2019-09-19 04:00:56,51.17,12.1,1771.68,0.0,0.0
2019-09-19 05:00:56,37.09,11.98,1773.27,0.0,0.0
2019-09-19 06:00:56,39.15,12.09,1780.74,0.0,0.0
2019-09-19 07:00:56,37.64,11.85,1921.18,0.0,0.0
2019-09-19 08:00:56,45.68,11.88,1981.16,0.0,0.0
2019-09-19 09:00:56,49.34,11.87,2017.63,0.0,0.0
2019-09-19 10:00:56,59.58,11.87,2002.97,0.0,0.0
2019-09-19 11:00:56,52.14,18.51,2002.14,0.0,0.0
2019-09-19 12:00:56,45.83,18.78,1966.44,0.0,0.0
2019-09-19 13:00:56,45.44,13.58,2067.46,0.0,0.0
2019-09-19 14:00:56,48.29,12.37,1984.21,0.0,0.0
2019-09-19 15:00:56,46.5,12.19,1946.19,0.0,0.0
2019-09-19 16:00:56,51.96,12.03,1544.22,0.0,0.0
2019-09-19 17:00:56,53.22,12.04,1579.24,0.0,0.0
2019-09-19 18:00:56,51.91,11.96,1698.1,0.0,0.0
2019-09-19 19:00:56,47.13,11.86,1668.68,0.0,0.0
2019-09-19 20:00:56,52.36,11.89,1645.64,0.0,0.0
2019-09-19 21:00:56,42.59,12.13,1534.51,0.0,0.0
2019-09-19 22:00:56,36.88,12.12,1479.91,0.0,0.0
2019-09-19 23:00:56,29.76,12.02,1511.03,0.0,0.0
2019-09-20 00:00:56,22.82,12.06,1510.53,0.0,0.0
2019-09-20 01:00:56,29.99,12.25,1512.99,0.0,0.0
2019-09-20 02:00:56,17.24,12.24,1447.47,0.0,0.0
2019-09-20 03:00:56,20.38,12.63,1394.98,0.0,0.0
2019-09-20 04:00:56,27.21,12.01,1371.41,0.0,0.0
2019-09-20 05:00:56,16.74,12.0,1361.52,0.0,0.0
2019-09-20 06:00:56,14.33,12.64,1394.62,0.0,0.0
2019-09-20 07:00:56,10.38,13.02,1440.37,0.0,0.0
2019-09-20 08:00:56,13.84,12.43,1522.35,0.0,0.0
2019-09-20 09:00:56,21.93,12.26,1514.14,0.0,0.0
2019-09-20 10:00:56,13.81,12.14,1489.32,0.0,0.0
2019-09-20 11:00:56,16.54,19.28,1521.82,0.0,0.0
2019-09-20 12:00:56,30.75,17.85,1497.37,0.0,0.0
2019-09-20 13:00:56,39.17,13.12,1489.99,0.0,0.0
2019-09-20 14:00:56,38.22,12.08,1487.3,0.0,0.0
2019-09-20 15:00:56,32.87,11.91,1496.9,0.0,0.0
2019-09-20 16:00:56,42.1,13.73,1490.69,0.0,0.0
2019-09-20 17:00:56,29.84,14.82,1471.72,0.0,0.0
2019-09-20 18:00:56,39.39,13.97,1517.29,0.0,0.0
2019-09-20 19:00:56,32.51,13.61,1563.46,0.0,0.0
2019-09-20 20:00:56,24.53,13.12,1484.69,0.0,0.0
2019-09-20 21:00:56,26.7,21.13,1437.47,0.0,0.0
2019-09-20 22:00:56,27.0,15.3,1403.81,0.0,0.0
2019-09-20 23:00:56,20.76,13.18,1450.5,0.0,0.0
2019-09-21 00:00:56,13.64,12.46,1414.99,0.0,0.0
2019-09-21 01:00:56,18.66,12.31,1399.15,0.0,0.0
2019-09-21 02:00:56,12.65,12.55,1374.09,0.0,0.0
2019-09-21 03:00:56,15.43,12.38,1265.45,0.0,0.0
2019-09-21 04:00:56,7.93,12.16,1363.62,0.0,0.0
2019-09-21 05:00:56,5.68,12.35,1268.01,0.0,0.0
2019-09-21 06:00:56,5.99,11.99,1339.16,0.0,0.0
2019-09-21 07:00:56,8.91,12.08,1278.17,0.0,0.0
2019-09-21 08:00:56,5.51,12.08,1386.81,0.0,0.0
2019-09-21 09:00:56,5.1,12.06,1410.39,0.0,0.0
2019-09-21 10:00:56,4.99,11.99,1381.17,0.0,0.0
2019-09-21 11:00:56,5.15,12.72,1436.83,0.0,0.0
2019-09-21 12:00:56,5.34,12.31,1414.62,0.0,0.0
2019-09-21 13:00:56,16.3,13.17,1407.65,0.0,0.0
2019-09-21 14:00:56,34.99,12.63,1404.05,0.0,0.0
2019-09-21 15:00:56,57.53,12.64,1356.72,0.0,0.0
2019-09-21 16:00:56,39.49,12.53,1309.43,0.0,0.0
2019-09-21 17:00:56,32.88,12.51,1379.03,0.0,0.0
2019-09-21 18:00:56,35.68,11.9,1360.04,0.0,0.0
2019-09-21 19:00:56,43.27,12.3,1349.87,0.0,0.0
2019-09-21 20:00:56,35.26,12.03,1348.4,0.0,0.0
2019-09-21 21:00:56,39.19,12.15,1333.56,0.0,0.0
2019-09-21 22:00:56,29.18,12.09,1298.93,0.0,0.0
2019-09-21 23:00:56,16.78,11.92,1180.54,0.0,0.0
2019-09-22 00:00:56,16.15,11.83,1250.13,0.0,0.0
2019-09-22 01:00:56,16.23,12.9,1192.78,0.0,0.0
2019-09-22 02:00:56,9.76,12.97,1106.64,0.0,0.0
2019-09-22 03:00:56,5.45,13.09,1151.84,0.0,0.0
2019-09-22 04:00:56,3.46,13.13,1202.39,0.0,0.0
2019-09-22 05:00:56,2.54,13.18,1259.58,0.0,0.0
2019-09-22 06:00:56,2.69,12.84,1317.89,0.0,0.0
2019-09-22 07:00:56,3.52,12.58,1414.12,0.0,0.0
2019-09-22 08:00:56,7.05,12.71,1432.26,0.0,0.0
2019-09-22 09:00:56,9.4,13.61,1405.71,0.0,0.0
2019-09-22 10:00:56,6.0,17.51,1264.06,0.0,0.0
2019-09-22 11:00:56,3.81,20.53,1364.06,0.0,0.0
2019-09-22 12:00:56,4.35,58.18,1370.3,0.0,0.0
2019-09-22 13:00:56,5.77,47.77,1356.28,0.0,0.0
2019-09-22 14:00:56,15.78,37.25,1377.85,0.0,0.0
2019-09-22 15:00:56,16.44,16.13,1362.6,0.0,0.0
2019-09-22 16:00:56,16.9,13.08,1452.33,0.0,0.0
2019-09-22 17:00:56,16.55,12.65,1501.13,0.0,0.0
2019-09-22 18:00:56,18.14,12.71,1521.93,0.0,0.0
2019-09-22 19:00:56,21.13,12.57,1654.06,0.0,0.0
2019-09-22 20:00:56,27.52,12.79,1526.86,0.0,0.0
2019-09-22 21:00:56,20.62,12.74,1595.64,0.0,0.0
2019-09-22 22:00:56,22.04,12.56,1614.62,0.0,0.0
2019-09-22 23:00:56,19.01,12.75,1541.25,0.0,0.0
2019-09-23 00:00:56,16.02,12.89,1461.49,0.0,0.0
2019-09-23 01:00:56,25.75,12.33,1466.62,0.0,0.0
2019-09-23 02:00:56,20.05,12.73,1537.18,0.0,0.0
2019-09-23 03:00:56,23.55,12.25,1539.27,0.0,0.0
2019-09-23 04:00:56,20.5,12.18,1572.74,0.0,0.0
2019-09-23 05:00:56,27.79,12.24,1701.47,0.0,0.0
2019-09-23 06:00:56,18.73,12.19,1719.45,0.0,0.0
2019-09-23 07:00:56,12.97,11.92,1875.79,0.0,0.0
2019-09-23 08:00:56,14.3,11.98,2033.17,0.0,0.0
2019-09-23 09:00:56,13.4,11.91,2058.66,0.0,0.0
2019-09-23 10:00:56,19.24,12.66,1795.94,0.0,0.0
2019-09-23 11:00:56,16.72,12.17,1540.79,0.0,0.0
2019-09-23 12:00:56,10.87,11.81,1515.75,0.0,0.0
2019-09-23 13:00:56,8.43,11.67,1569.58,0.0,0.0
2019-09-23 14:00:56,16.21,11.21,1500.12,0.0,0.0
2019-09-23 15:00:56,12.24,11.19,1543.93,0.0,0.0
2019-09-23 16:00:56,17.33,11.06,1472.28,0.0,0.0
2019-09-23 17:00:56,35.07,11.62,1550.81,0.0,0.0
2019-09-23 18:00:56,35.01,11.69,1530.56,0.0,0.0
2019-09-23 19:00:56,25.15,11.55,1607.01,0.0,0.0
2019-09-23 20:00:56,30.4,11.75,1637.42,0.0,0.0
2019-09-23 21:00:56,24.44,11.91,1649.14,0.0,0.0
2019-09-23 22:00:56,36.38,12.02,1769.58,0.0,0.0
2019-09-23 23:00:56,27.38,12.15,1534.8,0.0,0.0
2019-09-24 00:00:56,29.15,11.97,1621.27,0.0,0.0
2019-09-24 01:00:56,29.87,12.32,1440.98,0.0,0.0
2019-09-24 02:00:56,23.63,12.76,1427.27,0.0,0.0
2019-09-24 03:00:56,17.65,12.85,1251.36,0.0,0.0
2019-09-24 04:00:56,15.87,12.83,1310.97,0.0,0.0
2019-09-24 05:00:56,10.86,12.72,1363.07,0.0,0.0
2019-09-24 06:00:56,13.11,12.69,1451.3,0.0,0.0
2019-09-24 07:00:56,18.7,12.72,1544.24,0.0,0.0
2019-09-24 08:00:56,21.96,12.37,1571.81,0.0,0.0
2019-09-24 09:00:56,25.54,14.27,1674.76,0.0,0.0
2019-09-24 10:00:56,19.25,47.2,1531.73,0.0,0.0
2019-09-24 11:00:56,24.26,40.85,1508.11,0.0,0.0
2019-09-24 12:00:56,15.91,0.0,1549.52,0.0,0.0
2019-09-24 13:00:56,20.47,13.15,1630.79,0.0,0.0
2019-09-24 14:00:56,22.1,12.62,0.0,0.0,0.0
2019-09-24 15:00:56,31.33,12.2,1616.68,0.0,0.0
2019-09-24 16:00:56,43.17,12.13,1618.82,0.0,0.0
2019-09-24 17:00:56,46.04,11.94,1648.72,0.0,0.0
2019-09-24 18:00:56,42.82,12.15,1801.9,0.0,0.0
2019-09-24 19:00:56,41.26,12.15,1899.01,0.0,0.0
2019-09-24 20:00:56,55.84,12.17,1941.38,0.0,0.0
2019-09-24 21:00:56,58.03,12.26,1961.59,0.0,0.0
2019-09-24 22:00:56,51.62,12.4,1746.49,0.0,0.0
2019-09-24 23:00:56,37.08,14.53,1837.63,0.0,0.0
2019-09-25 00:00:56,42.35,15.86,1741.69,0.0,0.0
2019-09-25 01:00:56,25.41,13.46,1790.75,0.0,0.0
2019-09-25 02:00:56,28.47,12.73,1878.08,0.0,0.0
2019-09-25 03:00:56,23.26,12.5,1834.55,0.0,0.0
2019-09-25 04:00:56,25.96,12.24,1656.65,0.0,0.0
2019-09-25 05:00:56,14.74,12.09,1673.65,0.0,0.0
2019-09-25 06:00:56,12.37,11.95,1740.72,0.0,0.0
2019-09-25 07:00:56,24.63,12.33,1753.54,0.0,0.0
2019-09-25 08:00:56,22.82,11.91,1746.2,0.0,0.0
2019-09-25 09:00:56,19.59,12.28,1956.33,0.0,0.0
2019-09-25 10:00:56,39.52,12.43,1761.37,0.0,0.0
2019-09-25 11:00:56,28.83,20.74,1859.08,0.0,0.0
2019-09-25 12:00:56,36.56,20.28,1776.73,0.0,0.0
2019-09-25 13:00:56,31.84,31.22,1683.14,0.0,0.0
2019-09-25 14:00:56,31.78,19.1,1747.98,0.0,0.0
2019-09-25 15:00:56,35.59,13.7,1893.68,0.0,0.0
2019-09-25 16:00:56,38.5,12.53,1772.71,0.0,0.0
2019-09-25 17:00:56,40.63,12.36,1779.68,0.0,0.0
2019-09-25 18:00:56,35.82,12.21,1897.31,0.0,0.0
2019-09-25 19:00:56,46.35,11.8,1925.05,0.0,0.0
2019-09-25 20:00:56,37.67,12.09,1876.59,0.0,0.0
2019-09-25 21:00:56,41.56,12.11,1971.46,0.0,0.0
2019-09-25 22:00:56,40.5,12.0,1920.77,0.0,0.0
2019-09-25 23:00:56,36.34,11.99,1933.84,0.0,0.0
2019-09-26 00:00:56,34.27,12.1,1897.13,0.0,0.0
2019-09-26 01:00:56,36.43,11.32,1786.24,0.0,0.0
2019-09-26 02:00:56,44.6,11.26,1714.83,0.0,0.0
2019-09-26 03:00:56,40.84,11.19,1615.46,0.0,0.0
2019-09-26 04:00:56,28.51,11.16,1564.88,0.0,0.0
2019-09-26 05:00:56,17.95,11.11,1587.55,0.0,0.0
2019-09-26 06:00:56,19.83,11.11,1603.91,0.0,0.0
2019-09-26 07:00:56,22.02,11.13,1690.79,0.0,0.0
2019-09-26 08:00:56,23.86,11.39,1860.65,0.0,0.0
2019-09-26 09:00:56,27.1,11.19,1967.46,0.0,0.0
2019-09-26 10:00:56,31.66,11.53,1652.65,0.0,0.0
2019-09-26 11:00:56,31.17,11.83,1673.45,0.0,0.0
2019-09-26 12:00:56,29.2,54.08,1635.36,0.0,0.0
2019-09-26 13:00:56,45.57,33.41,1566.24,0.0,0.0
2019-09-26 14:00:56,33.11,17.14,1504.29,0.0,0.0
2019-09-26 15:00:56,32.98,14.55,1554.64,0.0,0.0
2019-09-26 16:00:56,23.91,14.4,1560.09,0.0,0.0
2019-09-26 17:00:56,20.58,14.09,1625.88,0.0,0.0
2019-09-26 18:00:56,18.79,13.0,1678.29,0.0,0.0
2019-09-26 19:00:56,17.77,12.29,1743.62,0.0,0.0
2019-09-26 20:00:56,23.58,11.89,1721.7,0.0,0.0
2019-09-26 21:00:56,23.69,11.88,1651.88,0.0,0.0
2019-09-26 22:00:56,24.23,11.93,1608.93,0.0,0.0
2019-09-26 23:00:56,21.07,11.74,1552.65,0.0,0.0
2019-09-27 00:00:56,19.6,11.74,1736.48,0.0,0.0
2019-09-27 01:00:56,16.66,11.97,1660.0,0.0,0.0
2019-09-27 02:00:56,26.55,11.88,1644.04,0.0,0.0
2019-09-27 03:00:56,30.64,12.16,1514.91,0.0,0.0
2019-09-27 04:00:56,27.75,12.48,1462.32,0.0,0.0
2019-09-27 05:00:56,16.87,12.67,1391.11,0.0,0.0
2019-09-27 06:00:56,19.81,12.72,1327.79,0.0,0.0
2019-09-27 07:00:56,33.04,12.55,1459.69,0.0,0.0
2019-09-27 08:00:56,18.61,12.62,1464.36,0.0,0.0
2019-09-27 09:00:56,0.0,0.0,0.0,0.0,0.0
2019-09-27 10:00:56,0.0,0.0,0.0,0.0,0.0
2019-09-27 11:00:56,0.0,98.26,1649.05,0.0,0.0
2019-09-27 12:00:56,0.0,45.19,0.0,0.0,0.0
2019-09-27 13:00:56,0.0,18.46,1700.97,0.0,0.0
2019-09-27 14:00:56,0.41,44.66,1749.69,0.0,0.0
2019-09-27 15:00:56,14.18,86.72,1713.04,0.0,0.0
2019-09-27 16:00:56,84.81,20.17,1553.64,0.0,0.0
2019-09-27 17:00:56,86.04,13.24,1551.98,0.0,0.0
2019-09-27 18:00:56,118.32,11.62,1611.01,0.0,0.0
2019-09-27 19:00:56,86.44,15.29,0.0,0.0,0.0
2019-09-27 20:00:56,59.05,12.23,1342.82,0.0,0.0
2019-09-27 21:00:56,61.12,12.35,1304.62,0.0,0.0
2019-09-27 22:00:56,105.33,12.86,1274.05,0.0,0.0
2019-09-27 23:00:56,79.45,12.58,1370.83,0.0,0.0
2019-09-28 00:00:56,50.62,12.14,1304.14,0.0,0.0
2019-09-28 01:00:56,30.62,11.4,1294.56,0.0,0.0
2019-09-28 02:00:56,32.75,10.99,1267.38,0.0,0.0
2019-09-28 03:00:56,31.37,11.05,1297.12,0.0,0.0
2019-09-28 04:00:56,23.45,10.99,1428.69,0.0,0.0
2019-09-28 05:00:56,24.7,10.87,1394.56,0.0,0.0
2019-09-28 06:00:56,18.02,11.08,1382.14,0.0,0.0
2019-09-28 07:00:56,13.25,10.98,1298.71,0.0,0.0
2019-09-28 08:00:56,21.28,11.07,1461.65,0.0,0.0
2019-09-28 09:00:56,20.5,11.03,1397.9,0.0,0.0
2019-09-28 10:00:56,14.72,12.22,1427.51,0.0,0.0
2019-09-28 11:00:56,10.68,11.58,1299.49,0.0,0.0
2019-09-28 12:00:56,22.48,10.88,1292.21,0.0,0.0
2019-09-28 13:00:56,15.64,10.17,1376.24,0.0,0.0
2019-09-28 14:00:56,27.5,10.43,1321.89,0.0,0.0
2019-09-28 15:00:56,38.24,11.54,1403.29,0.0,0.0
2019-09-28 16:00:56,77.16,11.05,1478.41,0.0,0.0
2019-09-28 17:00:56,78.07,10.42,1535.13,0.0,0.0
2019-09-28 18:00:56,45.17,11.92,1567.21,0.0,0.0
2019-09-28 19:00:56,37.54,12.21,1659.74,0.0,0.0
2019-09-28 20:00:56,36.71,11.45,1673.01,0.0,0.0
2019-09-28 21:00:56,29.3,10.99,1718.73,0.0,0.0
2019-09-28 22:00:56,19.0,10.64,1660.76,0.0,0.0
2019-09-28 23:00:56,29.09,10.54,1737.87,0.0,0.0
2019-09-29 00:00:56,22.58,10.46,1726.91,0.0,0.0
2019-09-29 01:00:56,16.53,11.8,1645.27,0.0,0.0
2019-09-29 02:00:56,26.31,12.08,1621.4,0.0,0.0
2019-09-29 03:00:56,28.11,12.17,1549.12,0.0,0.0
2019-09-29 04:00:56,22.19,11.9,1544.75,0.0,0.0
2019-09-29 05:00:56,17.29,12.25,1562.68,0.0,0.0
2019-09-29 06:00:56,14.15,12.24,1529.18,0.0,0.0
2019-09-29 07:00:56,20.64,12.24,1652.47,0.0,0.0
2019-09-29 08:00:56,17.23,12.31,1520.37,0.0,0.0
2019-09-29 09:00:56,12.39,12.12,1633.0,0.0,0.0
2019-09-29 10:00:56,15.28,14.88,1571.44,0.0,0.0
2019-09-29 11:00:56,8.76,13.72,1614.17,0.0,0.0
2019-09-29 12:00:56,7.04,12.06,1562.55,0.0,0.0
2019-09-29 13:00:56,6.64,11.64,1585.26,0.0,0.0
2019-09-29 14:00:56,6.25,12.89,1612.62,0.0,0.0
2019-09-29 15:00:56,8.92,19.06,1565.67,0.0,0.0
2019-09-29 16:00:56,27.46,16.85,1545.86,0.0,0.0
2019-09-29 17:00:56,53.96,13.59,1539.04,0.0,0.0
2019-09-29 18:00:56,51.97,17.99,1508.08,0.0,0.0
2019-09-29 19:00:56,33.09,13.82,1540.93,0.0,0.0
2019-09-29 20:00:56,42.59,12.84,1690.06,0.0,0.0
2019-09-29 21:00:56,43.49,12.83,1668.46,0.0,0.0
2019-09-29 22:00:56,49.68,12.66,1742.98,0.0,0.0
2019-09-29 23:00:56,62.8,12.68,1776.9,0.0,0.0
2019-09-30 00:00:56,48.45,12.52,1635.38,0.0,0.0
2019-09-30 01:00:56,47.43,12.69,1552.51,0.0,0.0
2019-09-30 02:00:56,40.51,12.99,1457.78,0.0,0.0
2019-09-30 03:00:56,37.1,12.79,1417.31,0.0,0.0
2019-09-30 04:00:56,38.61,12.76,1304.48,0.0,0.0
2019-09-30 05:00:56,35.26,13.24,1314.69,0.0,0.0
2019-09-30 06:00:56,23.54,13.08,1304.71,0.0,0.0
2019-09-30 07:00:56,35.31,13.21,1275.5,0.0,0.0
2019-09-30 08:00:56,31.33,13.19,1364.63,0.0,0.0
2019-09-30 09:00:56,21.77,23.52,1503.44,0.0,0.0
2019-09-30 10:00:56,35.55,39.82,1446.88,0.0,0.0
2019-09-30 11:00:56,36.7,43.81,1544.34,0.0,0.0
2019-09-30 12:00:56,40.23,14.88,1462.75,0.0,0.0
2019-09-30 13:00:56,23.34,12.94,1522.38,0.0,0.0
2019-09-30 14:00:56,13.27,12.66,1529.88,0.0,0.0
2019-09-30 15:00:56,11.81,12.46,1508.87,0.0,0.0
2019-09-30 16:00:56,31.5,12.46,1528.77,0.0,0.0
2019-09-30 17:00:56,52.12,12.38,1560.67,0.0,0.0
2019-09-30 18:00:56,52.46,12.46,1605.23,0.0,0.0
2019-09-30 19:00:56,56.66,12.52,1725.81,0.0,0.0
2019-09-30 20:00:56,67.74,12.64,1790.54,0.0,0.0
2019-09-30 21:00:56,69.02,12.56,1762.46,0.0,0.0
2019-09-30 22:00:56,71.33,12.63,1689.39,0.0,0.0
2019-09-30 23:00:56,66.65,12.41,1709.44,0.0,0.0
2019-10-01 00:00:56,55.08,12.66,1742.56,0.0,0.0
2019-10-01 01:00:56,42.08,11.99,1728.03,0.0,0.0
2019-10-01 02:00:56,47.48,11.94,1734.83,0.0,0.0
2019-10-01 03:00:56,65.28,12.63,1700.76,0.0,0.0
2019-10-01 04:00:56,61.27,12.61,1521.67,0.0,0.0
2019-10-01 05:00:56,56.44,12.18,1547.93,0.0,0.0
2019-10-01 06:00:56,31.4,12.18,1525.88,0.0,0.0
2019-10-01 07:00:56,29.38,12.1,1616.64,0.0,0.0
2019-10-01 08:00:56,38.04,12.28,1810.29,0.0,0.0
2019-10-01 09:00:56,57.34,13.3,1788.62,0.0,0.0
2019-10-01 10:00:56,62.7,13.23,1790.88,0.0,0.0
2019-10-01 11:00:56,70.85,89.53,1795.23,0.0,0.0
2019-10-01 12:00:56,82.56,163.59,1764.65,0.0,0.0
2019-10-01 13:00:56,104.84,274.83,1822.68,0.0,0.0
2019-10-01 14:00:56,141.08,34.21,1872.01,0.0,0.0
2019-10-01 15:00:56,115.96,21.24,1828.33,0.0,0.0
2019-10-01 16:00:56,114.98,23.59,1593.28,0.0,0.0
2019-10-01 17:00:56,108.42,107.97,1465.6,0.0,0.0
2019-10-01 18:00:56,89.88,69.2,1396.14,0.0,0.0
2019-10-01 19:00:56,58.75,40.21,1524.29,0.0,0.0
2019-10-01 20:00:56,78.87,24.35,1859.69,0.0,0.0
2019-10-01 21:00:56,96.34,19.68,1498.61,0.0,0.0
2019-10-01 22:00:56,82.02,19.22,1434.35,0.0,0.0
2019-10-01 23:00:56,69.72,17.08,1501.19,0.0,0.0
2019-10-02 00:00:56,74.04,15.46,1501.17,0.0,0.0
2019-10-02 01:00:56,71.84,14.87,1448.77,0.0,0.0
2019-10-02 02:00:56,47.32,14.23,1430.91,0.0,0.0
2019-10-02 03:00:56,51.41,13.6,1361.71,0.0,0.0
2019-10-02 04:00:56,61.19,13.47,1330.66,0.0,0.0
2019-10-02 05:00:56,49.8,13.25,1316.97,0.0,0.0
2019-10-02 06:00:56,33.38,13.14,1370.19,0.0,0.0
2019-10-02 07:00:56,29.92,12.9,1340.06,0.0,0.0
2019-10-02 08:00:56,33.87,13.26,1423.73,0.0,0.0
2019-10-02 09:00:56,52.99,14.63,1730.18,0.0,0.0
2019-10-02 10:00:56,62.01,15.01,1477.43,0.0,0.0
2019-10-02 11:00:56,73.05,13.96,1534.49,0.0,0.0
2019-10-02 12:00:56,49.01,12.87,1514.57,0.0,0.0
2019-10-02 13:00:56,32.51,12.56,1523.57,0.0,0.0
2019-10-02 14:00:56,56.54,12.33,1549.52,0.0,0.0
2019-10-02 15:00:56,37.46,12.45,1530.08,0.0,0.0
2019-10-02 16:00:56,65.26,12.82,1605.83,0.0,0.0
2019-10-02 17:00:56,74.91,12.76,0.0,3.62,16.99
2019-10-02 18:00:56,76.51,13.31,1484.79,0.0,0.0
2019-10-02 19:00:56,114.25,12.35,1450.71,2.07,24.64
2019-10-02 20:00:56,112.46,12.03,1606.7,3.29,28.06
2019-10-02 21:00:56,101.96,12.26,1495.94,3.03,23.56
2019-10-02 22:00:56,81.11,12.49,1387.88,4.0,40.06
2019-10-02 23:00:56,82.26,12.23,1338.45,4.18,40.74
2019-10-03 00:00:56,97.9,12.38,1422.34,3.51,37.29
2019-10-03 01:00:56,76.89,11.54,1328.43,1.95,25.08
2019-10-03 02:00:56,84.22,11.59,1275.41,0.0,0.0
2019-10-03 03:00:56,68.43,11.83,1316.66,4.21,34.57
2019-10-03 04:00:56,66.69,11.68,1320.52,3.5,48.78
2019-10-03 05:00:56,83.53,13.91,1288.72,0.0,0.0
2019-10-03 06:00:56,97.37,17.94,1269.83,0.0,0.0
2019-10-03 07:00:56,103.44,21.08,1383.22,6.68,34.96
2019-10-03 08:00:56,106.63,22.55,1333.86,3.91,26.42
2019-10-03 09:00:56,108.06,23.92,1437.75,5.97,39.19
2019-10-03 10:00:56,128.14,38.51,1554.92,14.21,73.09
2019-10-03 11:00:56,140.92,21.92,1551.76,8.71,46.95
2019-10-03 12:00:56,138.07,14.94,1551.56,3.06,22.29
2019-10-03 13:00:56,111.56,13.55,1556.67,2.74,16.8
2019-10-03 14:00:56,96.42,15.18,1524.62,2.84,16.27
2019-10-03 15:00:56,92.59,13.91,1519.06,3.61,19.01
2019-10-03 16:00:56,88.08,41.45,1650.76,4.44,26.05
2019-10-03 17:00:56,127.84,19.46,1692.9,4.11,20.53
2019-10-03 18:00:56,133.55,17.01,1679.66,10.12,33.66
2019-10-03 19:00:56,129.48,14.71,1854.73,18.34,45.22
2019-10-03 20:00:56,129.85,15.05,1902.03,21.08,57.32
2019-10-03 21:00:56,126.35,14.29,1760.27,18.43,42.74
2019-10-03 22:00:56,130.86,14.99,1547.13,10.96,24.66
2019-10-03 23:00:56,105.22,14.3,1554.13,23.37,45.72
2019-10-04 00:00:56,102.01,13.55,1586.0,22.79,45.28
2019-10-04 01:00:56,76.11,13.23,1598.63,21.3,42.85
2019-10-04 02:00:56,93.06,13.05,1350.99,4.63,12.81
2019-10-04 03:00:56,89.56,12.79,1354.4,5.39,14.5
2019-10-04 04:00:56,81.0,12.96,1360.7,2.56,10.36
2019-10-04 05:00:56,74.41,12.73,1347.13,0.0,0.0
2019-10-04 06:00:56,60.1,12.69,1284.89,3.79,12.3
2019-10-04 07:00:56,40.52,12.61,1503.44,8.51,27.07
2019-10-04 08:00:56,51.07,12.96,1428.97,15.19,40.79
2019-10-04 09:00:56,62.81,36.98,1611.65,31.4,74.12
2019-10-04 10:00:56,91.85,83.43,1371.42,34.6,61.08
2019-10-04 11:00:56,116.21,131.81,1477.81,24.06,46.46
2019-10-04 12:00:56,127.69,74.93,1524.28,16.92,30.91
2019-10-04 13:00:56,105.53,30.1,1462.42,12.21,23.54
2019-10-04 14:00:56,86.42,17.76,1323.56,9.3,21.78
2019-10-04 15:00:56,107.38,18.21,1415.53,12.34,30.94
2019-10-04 16:00:56,144.72,16.75,1751.37,20.75,43.08
2019-10-04 17:00:56,183.05,24.41,1738.8,20.71,38.28
2019-10-04 18:00:56,182.61,15.85,1681.69,27.04,41.54
2019-10-04 19:00:56,146.79,14.84,1836.88,60.44,89.87
2019-10-04 20:00:56,151.44,14.26,2148.15,64.14,100.71
2019-10-04 21:00:56,176.76,13.55,2197.49,40.89,61.81
2019-10-04 22:00:56,164.55,13.61,1965.6,27.75,46.47
2019-10-04 23:00:56,153.72,13.77,2006.43,21.88,37.47
2019-10-05 00:00:56,112.26,13.58,1896.82,46.04,68.89
2019-10-05 01:00:56,115.57,12.01,1824.97,42.78,64.43
2019-10-05 02:00:56,88.62,11.79,1663.35,21.06,31.59
2019-10-05 03:00:56,89.52,11.48,1488.02,9.7,17.23
2019-10-05 04:00:56,70.85,11.35,1543.76,9.11,19.17
2019-10-05 05:00:56,62.03,11.2,1452.69,8.93,16.62
2019-10-05 06:00:56,53.43,11.17,1447.08,11.89,25.47
2019-10-05 07:00:56,45.28,11.27,1503.59,15.7,30.16
2019-10-05 08:00:56,59.02,11.86,1782.05,32.9,69.99
2019-10-05 09:00:56,73.98,86.22,1762.71,35.07,73.15
2019-10-05 10:00:56,100.3,90.38,1616.31,28.33,59.23
2019-10-05 11:00:56,109.95,14.49,1453.03,5.01,11.82
2019-10-05 12:00:56,151.41,15.26,1520.76,6.87,15.0
2019-10-05 13:00:56,0.0,15.01,1527.95,4.9,16.37
2019-10-05 14:00:56,0.0,12.71,1488.65,4.42,14.55
2019-10-05 15:00:56,0.0,43.69,1460.74,8.15,19.68
2019-10-05 16:00:56,143.16,35.55,1508.0,7.59,18.29
2019-10-05 17:00:56,110.38,41.73,1585.42,13.24,26.62
2019-10-05 18:00:56,95.03,17.4,1734.41,13.75,27.69
2019-10-05 19:00:56,76.85,14.42,1896.12,21.0,41.1
2019-10-05 20:00:56,85.31,11.89,2023.55,20.48,35.41
2019-10-05 21:00:56,82.61,11.8,1889.93,18.05,31.94
2019-10-05 22:00:56,83.52,13.23,1977.69,18.1,32.79
2019-10-05 23:00:56,70.06,13.62,1981.49,35.0,55.49
2019-10-06 00:00:56,90.76,13.65,2019.35,37.15,59.41
2019-10-06 01:00:56,89.33,13.41,1884.97,22.79,33.73
2019-10-06 02:00:56,80.32,12.7,1803.36,14.05,23.07
2019-10-06 03:00:56,73.1,12.3,1709.55,7.85,15.57
2019-10-06 04:00:56,65.09,11.94,1714.48,5.28,12.15
2019-10-06 05:00:56,56.37,11.92,1706.43,4.74,11.15
2019-10-06 06:00:56,30.59,11.76,1619.59,3.98,10.34
2019-10-06 07:00:56,22.91,11.51,1646.24,3.56,9.68
2019-10-06 08:00:56,13.63,11.47,1754.95,4.64,11.6
2019-10-06 09:00:56,17.28,11.61,1738.14,9.43,18.73
2019-10-06 10:00:56,24.37,11.54,1713.0,7.77,16.56
2019-10-06 11:00:56,30.6,11.28,1692.62,4.04,12.48
2019-10-06 12:00:56,49.02,11.53,1666.46,7.26,15.55
2019-10-06 13:00:56,36.81,11.3,1697.41,13.37,22.75
2019-10-06 14:00:56,42.2,11.72,1604.5,21.79,31.78
2019-10-06 15:00:56,41.9,13.22,0.0,11.77,19.63
2019-10-06 16:00:56,29.66,12.34,0.0,7.24,14.22
2019-10-06 17:00:56,34.13,12.08,1483.06,9.62,17.5
2019-10-06 18:00:56,23.2,11.85,1504.17,20.55,29.2
2019-10-06 19:00:56,12.97,12.04,1523.22,22.46,29.94
2019-10-06 20:00:56,9.23,12.0,1639.32,29.45,37.35
2019-10-06 21:00:56,11.79,11.94,1759.02,18.93,25.13
2019-10-06 22:00:56,19.04,11.63,1705.7,15.78,25.34
2019-10-06 23:00:56,21.06,11.67,1613.09,21.75,28.96
2019-10-07 00:00:56,14.95,11.77,1586.71,11.31,18.1
2019-10-07 01:00:56,9.35,12.91,1569.97,17.93,31.63
2019-10-07 02:00:56,14.0,12.99,1569.86,15.33,26.09
2019-10-07 03:00:56,14.61,13.15,1499.8,4.17,9.46
2019-10-07 04:00:56,12.19,12.98,1471.75,0.0,0.0
2019-10-07 05:00:56,24.75,13.23,1476.67,17.69,26.39
2019-10-07 06:00:56,16.23,13.21,1478.52,13.16,22.05
2019-10-07 07:00:56,23.56,12.93,1559.63,12.37,22.69
2019-10-07 08:00:56,15.98,13.36,1714.55,22.15,70.88
2019-10-07 09:00:56,24.58,16.67,1657.3,24.37,60.69
2019-10-07 10:00:56,14.77,15.93,1565.65,15.32,34.44
2019-10-07 11:00:56,14.28,13.85,1500.9,6.17,16.92
2019-10-07 12:00:56,15.73,13.07,1531.73,0.0,0.0
2019-10-07 13:00:56,9.81,12.43,0.0,0.0,0.0
2019-10-07 14:00:56,7.72,12.08,1662.87,3.48,9.95
2019-10-07 15:00:56,5.56,12.69,1623.52,3.54,10.93
2019-10-07 16:00:56,21.24,12.34,0.0,5.35,14.08
2019-10-07 17:00:56,27.66,12.43,1503.22,6.56,15.6
2019-10-07 18:00:56,37.07,12.51,1511.72,13.37,21.91
2019-10-07 19:00:56,22.47,12.62,1868.09,44.56,61.3
2019-10-07 20:00:56,29.07,12.75,1787.77,42.32,59.16
2019-10-07 21:00:56,38.99,12.63,1636.9,31.57,44.58
2019-10-07 22:00:56,51.11,12.97,1712.64,37.57,57.44
2019-10-07 23:00:56,40.75,12.88,1744.62,32.14,47.66
2019-10-08 00:00:56,39.81,12.96,2033.47,25.21,43.73
2019-10-08 01:00:56,23.67,11.87,1633.1,14.21,21.61
2019-10-08 02:00:56,30.87,11.43,1640.46,9.75,17.21
2019-10-08 03:00:56,18.55,11.54,1619.96,5.8,12.6
2019-10-08 04:00:56,32.83,11.49,1549.88,5.02,10.44
2019-10-08 05:00:56,17.74,11.38,1617.69,3.59,9.07
2019-10-08 06:00:56,16.41,11.47,1577.43,2.95,7.8
2019-10-08 07:00:56,11.05,11.38,1636.88,11.63,20.65
2019-10-08 08:00:56,24.64,11.77,1879.03,25.83,57.95
2019-10-08 09:00:56,23.91,12.23,2468.53,36.28,112.62
2019-10-08 10:00:56,69.54,12.29,1799.45,30.42,53.16
2019-10-08 11:00:56,57.22,17.01,1671.87,12.7,24.15
2019-10-08 12:00:56,54.37,16.74,1706.6,8.65,19.2
2019-10-08 13:00:56,40.22,12.16,1792.99,6.58,16.67
2019-10-08 14:00:56,25.86,11.26,1713.72,9.21,20.12
2019-10-08 15:00:56,43.75,22.02,1666.87,12.74,22.13
2019-10-08 16:00:56,36.85,17.3,0.0,9.24,16.19
2019-10-08 17:00:56,29.44,17.34,1636.16,31.81,43.62
2019-10-08 18:00:56,52.91,14.63,1639.02,30.47,40.5
2019-10-08 19:00:56,52.38,13.66,1710.98,57.24,78.23
2019-10-08 20:00:56,72.51,12.83,1661.01,42.24,57.74
2019-10-08 21:00:56,70.02,12.05,1516.36,12.71,19.82
2019-10-08 22:00:56,61.0,12.12,1493.32,6.33,15.21
2019-10-08 23:00:56,49.61,11.99,1409.46,6.65,12.05
2019-10-09 00:00:56,27.38,12.12,1359.39,12.94,18.07
2019-10-09 01:00:56,20.56,11.94,1372.25,6.02,10.42
2019-10-09 02:00:56,11.45,11.67,1361.99,6.57,11.0
2019-10-09 03:00:56,8.39,11.85,1390.88,5.53,10.09
2019-10-09 04:00:56,32.56,11.8,1356.86,0.0,0.0
2019-10-09 05:00:56,17.02,11.7,1388.94,0.0,0.0
2019-10-09 06:00:56,10.07,11.79,1380.26,0.0,0.0
2019-10-09 07:00:56,8.05,11.83,1402.32,0.0,0.0
2019-10-09 08:00:56,4.97,11.69,1445.74,8.55,13.92
2019-10-09 09:00:56,5.47,11.96,1622.77,12.02,18.84
2019-10-09 10:00:56,4.53,12.13,1492.67,9.71,16.07
2019-10-09 11:00:56,4.39,11.88,1438.15,0.0,0.0
2019-10-09 12:00:56,8.27,11.81,1389.24,0.0,0.0
2019-10-09 13:00:56,4.76,11.72,1426.07,0.0,0.0
2019-10-09 14:00:56,4.59,11.66,1461.89,5.01,10.65
2019-10-09 15:00:56,6.05,11.6,1434.74,5.62,13.1
2019-10-09 16:00:56,25.62,11.54,0.0,7.46,16.12
2019-10-09 17:00:56,16.26,11.56,1454.21,9.22,16.37
2019-10-09 18:00:56,14.96,11.71,1462.37,10.61,15.28
2019-10-09 19:00:56,15.07,11.7,1508.99,17.2,22.51
2019-10-09 20:00:56,20.96,11.71,0.0,39.79,69.91
2019-10-09 21:00:56,41.98,12.0,1862.02,43.01,84.78
2019-10-09 22:00:56,53.09,11.58,1680.87,24.87,42.49
2019-10-09 23:00:56,45.11,11.72,1635.88,24.7,43.64
2019-10-10 00:00:56,39.36,11.7,1532.37,20.7,32.68
2019-10-10 01:00:56,26.38,12.54,1429.05,14.37,26.01
2019-10-10 02:00:56,29.48,12.79,1413.63,8.62,14.67
2019-10-10 03:00:56,35.34,12.94,1354.11,4.11,9.03
2019-10-10 04:00:56,19.55,13.1,1388.97,5.53,14.39
2019-10-10 05:00:56,13.37,13.03,1405.06,3.91,9.47
2019-10-10 06:00:56,18.15,13.06,1351.05,5.2,10.14
2019-10-10 07:00:56,10.58,13.39,1539.12,13.31,56.66
2019-10-10 08:00:56,10.15,13.12,1480.41,11.63,50.05
2019-10-10 09:00:56,19.43,12.9,1514.07,9.59,36.79
2019-10-10 10:00:56,24.41,13.43,1466.36,3.21,12.85
2019-10-10 11:00:56,14.75,13.0,1545.03,0.0,0.0
2019-10-10 12:00:56,9.98,0.0,1599.45,0.0,0.0
2019-10-10 13:00:56,11.26,11.58,1794.65,0.0,0.0
2019-10-10 14:00:56,10.21,11.56,0.0,4.44,14.88
2019-10-10 15:00:56,7.98,11.53,1717.8,0.0,0.0
2019-10-10 16:00:56,45.58,14.98,0.0,18.93,33.97
2019-10-10 17:00:56,74.06,14.26,1624.51,18.5,30.05
2019-10-10 18:00:56,83.42,12.57,1550.02,19.85,32.91
2019-10-10 19:00:56,68.09,12.71,1610.62,30.62,44.82
2019-10-10 20:00:56,65.23,13.03,1558.14,50.99,69.74
2019-10-10 21:00:56,80.53,12.96,1451.16,26.92,35.96
2019-10-10 22:00:56,60.12,13.1,1431.51,14.2,20.83
2019-10-10 23:00:56,42.84,12.71,1469.04,21.44,27.86
2019-10-11 00:00:56,30.33,13.06,1599.46,23.06,34.72
2019-10-11 01:00:56,18.14,12.55,1388.84,12.67,18.56
2019-10-11 02:00:56,20.57,12.56,1350.39,12.39,17.56
2019-10-11 03:00:56,24.85,12.89,1290.51,19.01,30.49
2019-10-11 04:00:56,27.22,12.57,1438.65,18.69,25.59
2019-10-11 05:00:56,29.71,12.35,1363.24,4.46,9.22
2019-10-11 06:00:56,24.39,12.72,1320.29,0.0,0.0
2019-10-11 07:00:56,19.41,13.13,1388.43,14.35,30.09
2019-10-11 08:00:56,14.11,13.53,1442.41,42.18,82.89
2019-10-11 09:00:56,42.38,14.98,1690.72,43.98,88.05
2019-10-11 10:00:56,60.46,79.85,1368.93,14.63,26.1
2019-10-11 11:00:56,69.19,28.5,1288.64,18.14,30.9
2019-10-11 12:00:56,37.15,18.48,1380.94,0.0,0.0
2019-10-11 13:00:56,29.32,15.46,1415.33,0.0,0.0
2019-10-11 14:00:56,32.38,15.83,1426.45,8.87,17.33
2019-10-11 15:00:56,42.22,56.17,1445.6,16.67,26.29
2019-10-11 16:00:56,61.68,42.62,0.0,24.16,37.29
2019-10-11 17:00:56,69.66,50.59,1539.29,31.33,43.21
2019-10-11 18:00:56,78.58,26.94,1661.1,43.37,53.41
2019-10-11 19:00:56,86.52,18.07,1650.07,34.93,45.28
2019-10-11 20:00:56,99.13,16.23,1936.86,57.26,88.27
2019-10-11 21:00:56,96.18,15.32,1692.41,58.06,77.94
2019-10-11 22:00:56,93.68,15.55,1538.78,22.62,27.69
2019-10-11 23:00:56,73.41,14.65,1684.79,38.75,52.75
2019-10-12 00:00:56,56.75,14.72,1443.75,31.81,38.47
2019-10-12 01:00:56,52.04,12.5,1474.01,10.45,15.43
2019-10-12 02:00:56,76.3,11.57,1416.21,5.16,10.21
2019-10-12 03:00:56,58.31,11.8,1347.36,3.57,8.03
2019-10-12 04:00:56,51.3,11.99,1305.52,2.32,6.5
2019-10-12 05:00:56,53.81,12.03,1296.02,5.52,9.68
2019-10-12 06:00:56,47.83,11.57,1316.72,6.73,11.18
2019-10-12 07:00:56,55.91,13.64,1322.7,14.35,20.65
2019-10-12 08:00:56,31.55,13.01,1453.4,27.07,35.94
2019-10-12 09:00:56,48.47,45.41,1358.17,25.98,34.97
2019-10-12 10:00:56,33.96,55.8,1321.58,27.11,38.1
2019-10-12 11:00:56,26.03,22.48,1373.42,18.17,27.65
2019-10-12 12:00:56,30.8,16.97,1382.74,14.07,23.25
2019-10-12 13:00:56,25.26,20.2,1258.63,0.0,0.0
2019-10-12 14:00:56,16.16,54.48,1368.7,9.94,18.4
2019-10-12 15:00:56,16.56,34.22,1359.41,7.33,15.06
2019-10-12 16:00:56,11.97,18.35,0.0,9.09,15.86
2019-10-12 17:00:56,30.78,14.6,1551.87,16.15,24.26
2019-10-12 18:00:56,36.61,13.21,1641.9,31.01,45.6
2019-10-12 19:00:56,40.48,12.75,1673.27,33.97,45.46
2019-10-12 20:00:56,48.8,12.32,1623.66,28.8,38.02
2019-10-12 21:00:56,49.37,12.08,1552.91,18.34,24.34
2019-10-12 22:00:56,39.77,11.7,1529.19,15.74,22.44
2019-10-12 23:00:56,43.09,11.73,2012.3,27.62,44.3
2019-10-13 00:00:56,55.6,11.67,1884.41,31.64,58.83
2019-10-13 01:00:56,52.43,11.75,1514.81,13.32,19.22
2019-10-13 02:00:56,46.01,12.1,1492.42,5.64,13.73
2019-10-13 03:00:56,25.22,11.99,1398.18,16.95,27.8
2019-10-13 04:00:56,19.83,11.98,1338.19,12.94,19.75
2019-10-13 05:00:56,18.28,12.25,1283.31,0.0,0.0
2019-10-13 06:00:56,27.44,11.93,1397.99,0.0,0.0
2019-10-13 07:00:56,17.01,11.91,1526.07,5.45,14.1
2019-10-13 08:00:56,24.03,11.92,1368.54,15.51,33.84
2019-10-13 09:00:56,16.52,24.14,1468.38,10.67,23.19
2019-10-13 10:00:56,37.13,189.79,1447.16,15.66,32.38
2019-10-13 11:00:56,42.51,62.34,1419.58,4.66,12.46
2019-10-13 12:00:56,39.05,17.9,1584.44,0.0,0.0
2019-10-13 13:00:56,20.95,13.3,1721.77,0.0,0.0
2019-10-13 14:00:56,19.9,12.97,1635.61,0.0,0.0
2019-10-13 15:00:56,18.18,13.27,1660.23,0.0,0.0
2019-10-13 16:00:56,25.59,12.73,0.0,5.55,12.84
2019-10-13 17:00:56,49.44,12.76,1460.77,5.37,11.83
2019-10-13 18:00:56,28.92,12.54,1469.97,9.3,15.06
2019-10-13 19:00:56,45.2,12.21,1471.06,22.36,33.68
2019-10-13 20:00:56,44.03,12.1,1632.93,38.51,52.15
2019-10-13 21:00:56,47.72,12.25,1474.55,25.53,34.97
2019-10-13 22:00:56,54.05,11.95,1507.14,26.08,33.84
2019-10-13 23:00:56,39.34,11.88,1439.47,18.17,25.23
2019-10-14 00:00:56,45.05,12.1,1515.72,35.36,55.95
2019-10-14 01:00:56,43.04,12.82,1494.42,40.24,60.52
2019-10-14 02:00:56,49.56,13.26,1489.76,25.4,37.41
2019-10-14 03:00:56,36.07,13.06,1299.3,4.85,9.69
2019-10-14 04:00:56,33.1,13.02,1333.73,7.21,12.25
2019-10-14 05:00:56,32.87,13.19,1294.29,6.64,10.89
2019-10-14 06:00:56,19.99,13.32,1199.84,3.57,8.01
2019-10-14 07:00:56,21.36,13.19,1358.45,25.3,55.22
2019-10-14 08:00:56,29.05,13.37,1442.35,20.59,44.77
2019-10-14 09:00:56,38.49,13.76,1541.82,29.42,63.98
2019-10-14 10:00:56,37.79,13.84,1414.61,24.77,53.78
2019-10-14 11:00:56,32.24,13.36,1385.45,8.62,20.08
2019-10-14 12:00:56,18.79,12.58,1442.98,3.1,9.69
2019-10-14 13:00:56,22.32,12.37,1515.83,0.0,0.0
2019-10-14 14:00:56,40.73,13.25,1599.13,6.79,15.0
2019-10-14 15:00:56,33.17,16.99,1587.36,9.45,17.72
2019-10-14 16:00:56,51.31,16.36,0.0,7.4,14.44
2019-10-14 17:00:56,48.48,13.4,1613.16,9.79,17.89
2019-10-14 18:00:56,50.0,12.87,1554.27,13.62,21.12
2019-10-14 19:00:56,54.99,12.96,1623.82,34.13,48.64
2019-10-14 20:00:56,81.85,12.71,1628.1,37.88,48.57
2019-10-14 21:00:56,66.5,12.72,1587.05,22.12,27.58
2019-10-14 22:00:56,64.79,12.83,1434.34,22.03,26.96
2019-10-14 23:00:56,52.7,12.89,1487.09,16.29,25.69
2019-10-15 00:00:56,56.24,12.88,1423.54,11.02,19.34
2019-10-15 01:00:56,30.91,12.59,1291.88,7.27,15.11
2019-10-15 02:00:56,21.11,12.6,1273.91,4.32,9.32
2019-10-15 03:00:56,31.0,12.73,1293.56,0.0,0.0
2019-10-15 04:00:56,47.36,12.8,1268.31,0.0,0.0
2019-10-15 05:00:56,25.14,12.92,1241.89,0.0,0.0
2019-10-15 06:00:56,16.46,13.08,1281.84,0.0,0.0
2019-10-15 07:00:56,11.0,13.22,1290.49,6.31,18.32
2019-10-15 08:00:56,30.33,13.19,1304.47,8.5,20.03
2019-10-15 09:00:56,42.36,13.91,1388.06,24.26,54.15
2019-10-15 10:00:56,59.15,139.41,1276.33,15.18,32.2
2019-10-15 11:00:56,138.66,45.68,1271.13,14.15,29.8
2019-10-15 12:00:56,130.22,70.8,1347.02,12.28,24.36
2019-10-15 13:00:56,100.87,117.27,1424.15,9.37,18.14
2019-10-15 14:00:56,96.7,121.72,1480.57,10.63,21.24
2019-10-15 15:00:56,89.69,58.29,1469.77,9.69,19.58
2019-10-15 16:00:56,97.85,53.99,0.0,11.5,21.4
2019-10-15 17:00:56,108.76,29.94,1601.75,14.99,25.46
2019-10-15 18:00:56,79.34,21.52,1748.68,30.39,42.51
2019-10-15 19:00:56,59.47,17.99,1713.39,45.41,62.91
2019-10-15 20:00:56,82.61,16.85,1673.32,36.37,49.81
2019-10-15 21:00:56,81.22,15.86,1657.57,29.64,39.18
2019-10-15 22:00:56,95.01,15.37,1540.28,13.18,17.97
2019-10-15 23:00:56,98.18,15.09,1516.55,10.65,17.06
2019-10-16 00:00:56,113.63,14.78,1474.17,6.68,11.59
2019-10-16 01:00:56,117.48,13.53,1515.42,3.46,7.92
2019-10-16 02:00:56,101.01,12.89,1646.69,0.0,0.0
2019-10-16 03:00:56,96.25,12.63,1577.21,0.0,0.0
2019-10-16 04:00:56,80.27,12.32,1505.3,0.0,0.0
2019-10-16 05:00:56,77.39,12.32,1499.39,0.0,0.0
2019-10-16 06:00:56,66.84,12.24,1473.04,0.0,0.0
2019-10-16 07:00:56,44.72,12.3,1514.99,0.0,0.0
2019-10-16 08:00:56,50.91,12.37,1509.22,11.59,17.9
2019-10-16 09:00:56,55.43,12.64,1546.1,17.02,27.13
2019-10-16 10:00:56,63.17,13.11,1400.78,7.13,18.65
2019-10-16 11:00:56,49.58,12.6,1435.22,0.0,0.0
2019-10-16 12:00:56,35.61,12.11,1601.97,4.69,12.5
2019-10-16 13:00:56,43.72,15.21,1660.89,8.43,17.77
2019-10-16 14:00:56,63.38,29.8,1648.76,9.43,18.54
2019-10-16 15:00:56,77.44,33.42,1673.77,9.08,17.53
2019-10-16 16:00:56,87.52,19.79,0.0,14.65,25.64
2019-10-16 17:00:56,88.6,17.06,1639.81,20.34,28.33
2019-10-16 18:00:56,101.67,15.2,1626.13,20.7,27.0
2019-10-16 19:00:56,65.94,14.44,1771.11,37.52,49.98
2019-10-16 20:00:56,91.25,13.78,1763.79,19.14,27.19
2019-10-16 21:00:56,94.09,13.41,1635.16,17.63,24.46
2019-10-16 22:00:56,93.22,12.97,1494.36,11.63,17.71
2019-10-16 23:00:56,77.37,12.86,1516.78,8.45,13.64
2019-10-17 00:00:56,75.43,12.72,1472.51,4.62,8.89
2019-10-17 01:00:56,71.62,13.1,1423.72,5.02,8.99
2019-10-17 02:00:56,75.55,13.53,1493.22,2.12,6.19
2019-10-17 03:00:56,76.59,13.66,1570.88,0.0,0.0
2019-10-17 04:00:56,85.86,13.52,1548.87,0.0,0.0
2019-10-17 05:00:56,51.88,13.22,1614.49,0.0,0.0
2019-10-17 06:00:56,56.62,13.06,1615.34,0.0,0.0
2019-10-17 07:00:56,33.85,13.06,1523.42,0.0,0.0
2019-10-17 08:00:56,31.53,12.87,1463.23,11.34,16.22
2019-10-17 09:00:56,53.2,12.85,1516.52,17.1,25.58
2019-10-17 10:00:56,72.83,12.82,1391.35,5.71,12.83
2019-10-17 11:00:56,61.34,12.51,1491.18,5.22,12.83
2019-10-17 12:00:56,55.49,12.47,1570.19,5.65,12.83
2019-10-17 13:00:56,45.88,81.5,1615.45,10.23,19.12
2019-10-17 14:00:56,64.39,77.6,1617.95,11.27,21.28
2019-10-17 15:00:56,90.93,27.35,1629.06,11.33,20.51
2019-10-17 16:00:56,83.74,38.2,0.0,13.96,23.08
2019-10-17 17:00:56,99.62,31.08,1591.15,16.36,25.74
2019-10-17 18:00:56,93.59,22.99,1704.88,20.82,31.9
2019-10-17 19:00:56,94.21,21.87,1703.4,20.53,31.37
2019-10-17 20:00:56,75.78,19.48,1711.33,13.93,19.88
2019-10-17 21:00:56,55.12,18.07,1763.05,30.52,38.92
2019-10-17 22:00:56,98.34,16.77,1728.55,29.13,36.22
2019-10-17 23:00:56,97.97,15.84,1604.79,28.84,36.45
2019-10-18 00:00:56,91.38,15.11,1659.38,20.8,26.82
2019-10-18 01:00:56,71.42,13.69,1542.52,12.43,17.88
2019-10-18 02:00:56,59.39,12.89,1505.27,7.77,13.08
2019-10-18 03:00:56,73.14,12.81,1509.86,7.36,12.42
2019-10-18 04:00:56,66.34,12.42,1493.0,6.26,11.42
2019-10-18 05:00:56,82.89,12.57,1526.69,4.52,9.33
2019-10-18 06:00:56,69.64,12.47,1626.99,6.45,11.84
2019-10-18 07:00:56,69.64,12.35,1562.68,20.58,28.31
2019-10-18 08:00:56,60.0,12.17,1648.35,16.65,23.03
2019-10-18 09:00:56,65.58,13.18,1757.94,34.92,56.08
2019-10-18 10:00:56,79.76,12.97,1546.47,19.17,29.79
2019-10-18 11:00:56,89.32,19.14,1529.52,20.2,32.15
2019-10-18 12:00:56,63.17,17.59,1522.1,14.96,25.03
2019-10-18 13:00:56,75.17,15.16,1528.88,15.55,25.56
2019-10-18 14:00:56,46.99,18.69,1595.3,14.0,24.19
2019-10-18 15:00:56,54.0,17.75,1515.57,12.19,20.55
2019-10-18 16:00:56,45.51,14.64,0.0,15.24,24.37
2019-10-18 17:00:56,52.11,13.31,1566.11,26.01,38.07
2019-10-18 18:00:56,67.85,13.76,1604.18,32.08,41.11
2019-10-18 19:00:56,41.68,14.27,1618.17,28.7,35.88
2019-10-18 20:00:56,57.99,13.6,1637.11,28.7,34.94
2019-10-18 21:00:56,76.6,13.14,1690.5,24.95,33.75
2019-10-18 22:00:56,83.14,12.71,1659.74,18.23,26.13
2019-10-18 23:00:56,74.0,12.52,1583.02,29.7,39.53
2019-10-19 00:00:56,75.36,12.47,1546.48,16.31,24.52
2019-10-19 01:00:56,66.56,12.25,1522.04,17.03,27.9
2019-10-19 02:00:56,65.82,12.25,1478.54,23.89,29.27
2019-10-19 03:00:56,68.74,12.25,1464.81,10.25,14.66
2019-10-19 04:00:56,60.57,14.28,1483.88,8.26,12.76
2019-10-19 05:00:56,60.83,14.56,1502.81,6.23,10.4
2019-10-19 06:00:56,70.48,15.82,1503.26,6.59,10.9
2019-10-19 07:00:56,75.85,15.31,1707.04,11.44,17.99
2019-10-19 08:00:56,72.25,14.8,1702.09,13.19,27.21
2019-10-19 09:00:56,92.24,14.59,1614.4,22.45,51.29
2019-10-19 10:00:56,101.0,19.61,1522.75,22.35,37.47
2019-10-19 11:00:56,90.84,39.11,1530.08,18.52,32.31
2019-10-19 12:00:56,85.67,90.95,1556.54,18.18,30.71
2019-10-19 13:00:56,91.29,48.61,1691.69,11.18,21.58
2019-10-19 14:00:56,87.89,20.6,1819.53,6.85,15.64
2019-10-19 15:00:56,70.24,17.02,1794.16,14.14,24.1
2019-10-19 16:00:56,79.42,15.26,0.0,12.0,19.26
2019-10-19 17:00:56,81.14,14.51,1681.22,10.41,17.33
2019-10-19 18:00:56,68.31,13.73,1749.82,17.48,29.19
2019-10-19 19:00:56,83.6,13.55,1927.24,31.23,45.7
2019-10-19 20:00:56,97.25,13.12,1987.64,38.79,58.78
2019-10-19 21:00:56,110.42,13.03,1884.03,55.91,72.44
2019-10-19 22:00:56,97.52,12.81,1708.06,30.18,35.65
2019-10-19 23:00:56,94.8,12.72,1616.26,15.33,19.85
2019-10-20 00:00:56,65.45,12.59,1575.13,10.91,16.18
2019-10-20 01:00:56,50.14,12.28,1554.36,10.54,16.36
2019-10-20 02:00:56,46.73,12.13,1699.45,10.37,15.47
2019-10-20 03:00:56,45.75,12.05,1834.04,5.37,10.32
2019-10-20 04:00:56,36.33,11.94,1634.27,3.25,8.07
2019-10-20 05:00:56,55.98,11.99,1701.56,5.1,10.58
2019-10-20 06:00:56,51.12,11.98,1536.36,3.9,9.41
2019-10-20 07:00:56,28.94,11.63,1692.51,6.82,14.3
2019-10-20 08:00:56,41.61,11.79,1869.63,7.1,14.73
2019-10-20 09:00:56,54.21,11.87,1619.24,11.53,20.41
2019-10-20 10:00:56,60.4,11.97,1543.38,7.53,14.54
2019-10-20 11:00:56,35.51,11.96,1606.68,3.55,9.48
2019-10-20 12:00:56,52.69,11.95,1616.53,0.0,0.0
2019-10-20 13:00:56,32.45,11.89,1581.16,0.0,0.0
2019-10-20 14:00:56,29.1,11.71,1661.04,6.29,13.21
2019-10-20 15:00:56,53.92,12.1,1685.59,5.06,11.28
2019-10-20 16:00:56,56.53,11.82,1605.78,11.07,18.88
2019-10-20 17:00:56,72.15,11.92,1762.33,12.39,19.25
2019-10-20 18:00:56,65.52,12.11,1614.04,27.27,38.15
2019-10-20 19:00:56,62.44,12.03,1593.61,25.58,32.73
2019-10-20 20:00:56,81.01,11.99,1662.68,22.43,29.25
2019-10-20 21:00:56,71.47,12.1,1655.52,32.32,41.11
2019-10-20 22:00:56,70.79,11.97,1679.14,25.63,32.17
2019-10-20 23:00:56,66.66,11.81,1600.19,21.1,31.08
2019-10-21 00:00:56,54.85,11.89,1533.99,17.71,23.07
2019-10-21 01:00:56,44.13,11.32,1461.57,13.71,19.45
2019-10-21 02:00:56,42.68,11.44,1433.89,2.63,6.75
2019-10-21 03:00:56,41.27,11.36,1446.09,14.94,19.88
2019-10-21 04:00:56,53.99,11.42,1479.1,20.87,26.19
2019-10-21 05:00:56,43.25,11.33,1330.42,7.78,12.0
2019-10-21 06:00:56,53.56,11.63,1280.55,9.8,13.69
2019-10-21 07:00:56,34.93,11.46,1287.24,22.97,31.03
2019-10-21 08:00:56,64.56,11.49,1314.19,37.58,45.02
2019-10-21 09:00:56,44.81,11.64,1402.44,66.32,83.02
2019-10-21 10:00:56,50.65,11.6,1437.8,54.3,68.46
2019-10-21 11:00:56,54.15,11.63,1376.87,38.91,50.53
2019-10-21 12:00:56,46.74,12.03,1437.83,53.9,70.9
2019-10-21 13:00:56,50.87,11.9,1576.73,54.11,71.98
2019-10-21 14:00:56,55.19,11.7,1525.83,22.11,30.94
2019-10-21 15:00:56,53.32,11.94,1471.26,12.81,20.51
2019-10-21 16:00:56,39.13,11.86,0.0,14.83,23.53
2019-10-21 17:00:56,62.22,11.83,1628.47,21.8,31.29
2019-10-21 18:00:56,77.19,12.09,1701.33,39.31,49.71
2019-10-21 19:00:56,103.01,11.96,1696.57,65.53,77.86
2019-10-21 20:00:56,83.96,12.1,1584.45,36.85,42.16
2019-10-21 21:00:56,69.13,11.91,1586.99,25.51,30.04
2019-10-21 22:00:56,75.74,12.16,1596.89,30.02,35.08
2019-10-21 23:00:56,71.85,12.17,1532.92,21.07,25.69
2019-10-22 00:00:56,72.01,11.73,1445.05,8.33,12.27
2019-10-22 01:00:56,60.82,11.37,1423.09,9.98,14.05
2019-10-22 02:00:56,35.92,11.48,1468.33,11.22,15.37
2019-10-22 03:00:56,44.99,11.58,1468.1,8.71,12.58
2019-10-22 04:00:56,44.45,11.73,1415.03,8.35,12.39
2019-10-22 05:00:56,35.79,11.92,1419.5,7.8,11.68
2019-10-22 06:00:56,50.05,11.96,1412.63,12.71,16.49
2019-10-22 07:00:56,36.92,11.84,1518.36,12.93,17.62
2019-10-22 08:00:56,55.84,11.71,1524.8,33.7,40.0
2019-10-22 09:00:56,0.0,0.0,0.0,46.57,55.91
2019-10-22 10:00:56,0.0,0.0,1623.18,35.67,70.3
2019-10-22 11:00:56,0.0,11.05,0.0,0.0,0.0
2019-10-22 12:00:56,0.0,10.83,1463.85,0.0,0.0
2019-10-22 13:00:56,0.0,10.91,1551.4,0.0,0.0
2019-10-22 14:00:56,0.0,10.95,1622.07,0.0,0.0
2019-10-22 15:00:56,0.0,11.18,1501.28,0.0,0.0
2019-10-22 16:00:56,0.0,11.47,1498.65,0.0,0.0
2019-10-22 17:00:56,0.0,12.37,0.0,0.0,0.0
2019-10-22 18:00:56,0.0,12.16,1542.88,21.67,31.75
2019-10-22 19:00:56,0.0,12.16,1533.85,19.13,29.89
2019-10-22 20:00:56,0.0,12.46,1593.44,29.04,37.73
2019-10-22 21:00:56,0.0,12.28,1646.94,46.48,54.65
2019-10-22 22:00:56,0.0,12.34,1505.39,41.76,48.01
2019-10-22 23:00:56,0.0,12.23,1470.55,52.18,59.9
2019-10-23 00:00:56,0.0,12.08,1419.72,32.52,38.69
2019-10-23 01:00:56,0.0,12.08,1413.13,21.25,26.8
2019-10-23 02:00:56,0.0,12.13,1395.93,20.67,26.75
2019-10-23 03:00:56,0.0,12.07,1391.56,7.44,12.78
2019-10-23 04:00:56,0.0,12.35,1333.8,10.5,16.93
2019-10-23 05:00:56,0.0,12.45,1352.65,8.59,13.55
2019-10-23 06:00:56,0.0,12.39,1373.19,25.49,31.8
2019-10-23 07:00:56,0.0,12.49,1438.33,43.39,56.4
2019-10-23 08:00:56,0.0,12.44,1795.6,35.44,60.47
2019-10-23 09:00:56,0.0,12.86,1831.14,79.25,143.14
2019-10-23 10:00:56,0.0,13.05,1627.59,71.04,104.33
2019-10-23 11:00:56,0.0,13.12,1502.23,28.4,44.02
2019-10-23 12:00:56,0.0,28.54,1593.8,22.33,34.53
2019-10-23 13:00:56,0.0,38.01,1625.51,11.83,21.08
2019-10-23 14:00:56,0.0,38.16,1620.63,11.42,24.67
2019-10-23 15:00:56,0.0,33.11,1634.23,19.5,32.48
2019-10-23 16:00:56,0.0,38.83,1574.59,28.04,39.91
2019-10-23 17:00:56,0.0,44.29,1456.69,20.2,30.74
2019-10-23 18:00:56,0.0,22.49,1530.5,48.51,61.4
2019-10-23 19:00:56,0.0,15.8,1660.93,48.93,56.31
2019-10-23 20:00:56,0.0,14.52,1588.83,36.25,45.63
2019-10-23 21:00:56,0.0,13.74,1717.08,43.52,51.02
2019-10-23 22:00:56,0.0,13.47,1588.16,37.86,49.43
2019-10-23 23:00:56,0.0,13.45,1566.68,21.31,27.25
2019-10-24 00:00:56,0.0,13.19,1637.15,36.65,52.03
2019-10-24 01:00:56,0.0,12.84,1611.13,41.75,50.85
2019-10-24 02:00:56,0.0,12.83,1448.93,16.85,23.83
2019-10-24 03:00:56,0.0,12.67,1536.52,12.98,18.67
2019-10-24 04:00:56,0.0,12.63,1502.45,24.43,30.52
2019-10-24 05:00:56,0.0,12.65,1478.61,10.19,15.48
2019-10-24 06:00:56,0.0,12.59,1487.27,12.43,18.2
2019-10-24 07:00:56,0.0,12.4,1754.43,25.67,39.15
2019-10-24 08:00:56,0.0,12.82,1924.88,43.56,89.84
2019-10-24 09:00:56,0.0,12.93,1951.83,66.37,132.27
2019-10-24 10:00:56,0.0,13.35,1776.64,92.29,164.18
2019-10-24 11:00:56,0.0,13.3,1658.57,52.95,68.81
2019-10-24 12:00:56,0.0,13.33,1623.18,47.99,61.19
2019-10-24 13:00:56,0.0,13.27,1601.53,53.06,69.62
2019-10-24 14:00:56,0.0,13.58,1638.05,36.7,50.17
2019-10-24 15:00:56,0.0,14.41,1633.57,28.21,40.81
2019-10-24 16:00:56,0.0,18.47,1644.06,29.8,44.58
2019-10-24 17:00:56,1.71,14.87,0.0,43.3,56.32
2019-10-24 18:00:56,7.65,13.62,1623.46,40.86,49.13
2019-10-24 19:00:56,21.49,13.0,1747.84,59.33,75.55
2019-10-24 20:00:56,38.5,12.56,1579.88,61.69,73.68
2019-10-24 21:00:56,44.6,12.32,1697.25,57.83,66.1
2019-10-24 22:00:56,53.81,12.46,1656.41,44.15,53.15
2019-10-24 23:00:56,53.96,12.3,1703.6,51.81,60.94
2019-10-25 00:00:56,51.7,12.26,1635.52,37.02,44.24
2019-10-25 01:00:56,51.89,11.51,1566.13,25.13,35.62
2019-10-25 02:00:56,40.74,11.55,1487.35,13.93,19.74
2019-10-25 03:00:56,42.36,11.35,1372.07,7.32,13.15
2019-10-25 04:00:56,39.94,11.39,1380.42,8.16,14.47
2019-10-25 05:00:56,32.35,11.15,1367.02,0.0,0.0
2019-10-25 06:00:56,22.53,11.13,1409.47,0.0,0.0
2019-10-25 07:00:56,26.64,11.32,1391.4,24.47,36.61
2019-10-25 08:00:56,37.42,11.26,1464.88,22.37,30.47
2019-10-25 09:00:56,37.46,11.5,1536.94,35.24,45.98
2019-10-25 10:00:56,31.58,11.76,1521.41,25.24,35.94
2019-10-25 11:00:56,30.8,14.22,1456.35,35.97,51.63
2019-10-25 12:00:56,42.46,15.82,1532.75,46.35,66.56
2019-10-25 13:00:56,48.44,14.14,1501.72,31.43,47.92
2019-10-25 14:00:56,46.19,12.82,1494.36,30.55,45.9
2019-10-25 15:00:56,45.73,12.13,1518.94,31.3,41.26
2019-10-25 16:00:56,48.33,11.93,1544.35,45.58,57.83
2019-10-25 17:00:56,45.03,11.91,0.0,41.84,56.3
2019-10-25 18:00:56,42.97,11.89,1564.32,43.43,57.4
2019-10-25 19:00:56,34.02,15.85,1619.08,50.2,64.43
2019-10-25 20:00:56,35.16,21.72,1532.82,21.95,32.08
2019-10-25 21:00:56,38.83,14.32,1521.01,18.67,25.65
2019-10-25 22:00:56,34.08,21.87,1495.96,11.58,18.88
2019-10-25 23:00:56,31.0,22.51,1516.82,10.82,17.64
2019-10-26 00:00:56,24.37,26.31,1453.65,16.46,24.14
2019-10-26 01:00:56,34.19,15.73,1520.36,16.42,22.36
2019-10-26 02:00:56,35.02,13.76,1521.34,9.11,14.61
2019-10-26 03:00:56,32.15,13.03,1542.97,4.69,9.78
2019-10-26 04:00:56,24.98,12.78,1473.3,0.0,0.0
2019-10-26 05:00:56,24.59,12.65,1478.32,0.0,0.0
2019-10-26 06:00:56,38.36,12.39,1463.18,8.97,14.73
2019-10-26 07:00:56,49.03,12.27,1537.22,8.86,14.52
2019-10-26 08:00:56,46.02,12.07,1561.59,21.73,29.15
2019-10-26 09:00:56,38.61,12.25,1727.38,62.87,74.74
2019-10-26 10:00:56,32.26,12.15,1779.7,56.14,70.87
2019-10-26 11:00:56,39.9,12.23,1625.87,23.31,29.94
2019-10-26 12:00:56,38.8,12.25,1751.09,20.02,26.61
2019-10-26 13:00:56,38.79,12.25,1682.38,14.19,22.15
2019-10-26 14:00:56,36.05,12.75,1630.5,28.37,41.92
2019-10-26 15:00:56,42.2,15.77,1589.65,32.96,45.83
2019-10-26 16:00:56,44.97,17.22,1579.15,33.83,49.1
2019-10-26 17:00:56,43.24,14.14,0.0,37.84,51.02
2019-10-26 18:00:56,42.63,13.07,1768.76,48.44,59.03
2019-10-26 19:00:56,44.8,12.7,1849.79,46.01,75.32
2019-10-26 20:00:56,50.64,12.76,1935.16,59.55,87.24
2019-10-26 21:00:56,59.07,12.75,1735.44,29.43,39.64
2019-10-26 22:00:56,50.4,12.83,1875.43,35.49,68.56
2019-10-26 23:00:56,51.16,12.73,1673.14,26.84,38.08
2019-10-27 00:00:56,40.34,12.57,1831.24,34.3,50.21
2019-10-27 01:00:56,34.35,12.58,1620.45,22.93,38.13
2019-10-27 02:00:56,37.18,12.62,1498.49,0.0,0.0
2019-10-27 03:00:56,44.86,12.63,1568.44,0.0,0.0
2019-10-27 04:00:56,32.87,12.66,1484.75,46.87,64.35
2019-10-27 05:00:56,35.28,12.58,1477.98,31.81,42.89
2019-10-27 06:00:56,31.66,12.62,1414.05,15.77,25.43
2019-10-27 07:00:56,34.87,12.59,1485.3,9.07,19.11
2019-10-27 08:00:56,35.24,12.47,1508.91,22.45,46.95
2019-10-27 09:00:56,29.23,12.34,1633.65,19.58,39.58
2019-10-27 10:00:56,35.65,13.1,1667.08,32.59,72.81
2019-10-27 11:00:56,28.55,13.17,1666.99,18.41,32.8
2019-10-27 12:00:56,23.26,12.74,1610.94,10.07,20.2
2019-10-27 13:00:56,30.81,12.52,1661.2,9.95,20.07
2019-10-27 14:00:56,37.45,12.73,1612.12,6.51,15.1
2019-10-27 15:00:56,36.35,12.44,1507.25,0.0,0.0
2019-10-27 16:00:56,30.59,12.29,1564.82,0.0,0.0
2019-10-27 17:00:56,38.34,11.98,0.0,10.46,17.21
2019-10-27 18:00:56,38.11,12.26,1845.15,36.0,59.35
2019-10-27 19:00:56,44.54,12.33,1876.15,41.92,53.1
2019-10-27 20:00:56,48.43,12.22,2020.08,42.64,61.49
2019-10-27 21:00:56,49.2,12.14,1774.49,29.25,41.77
2019-10-27 22:00:56,49.12,12.34,2014.87,43.68,60.3
2019-10-27 23:00:56,47.87,12.2,1906.97,39.4,53.24
2019-10-28 00:00:56,41.54,12.1,1933.54,31.31,53.75
2019-10-28 01:00:56,47.09,12.31,2133.2,43.86,109.41
2019-10-28 02:00:56,57.38,12.09,1904.23,19.24,37.41
2019-10-28 03:00:56,53.93,11.93,1907.24,7.97,14.05
2019-10-28 04:00:56,36.59,11.97,1653.11,5.04,10.51
2019-10-28 05:00:56,26.41,11.92,1648.15,0.0,0.0
2019-10-28 06:00:56,19.19,12.0,1736.98,0.0,0.0
2019-10-28 07:00:56,24.47,11.91,1693.7,11.84,32.2
2019-10-28 08:00:56,32.34,11.89,1745.15,20.45,44.77
2019-10-28 09:00:56,35.54,12.14,1832.7,31.79,88.39
2019-10-28 10:00:56,49.2,12.13,1718.47,21.59,39.93
2019-10-28 11:00:56,50.52,12.41,1562.58,7.79,19.76
2019-10-28 12:00:56,34.22,12.95,1582.04,10.97,22.11
2019-10-28 13:00:56,36.01,32.64,1624.69,16.65,30.9
2019-10-28 14:00:56,31.39,17.72,1596.9,10.95,20.68
2019-10-28 15:00:56,32.48,13.35,1611.84,11.24,21.82
2019-10-28 16:00:56,37.26,12.42,1611.65,22.23,36.87
2019-10-28 17:00:56,29.09,12.28,0.0,26.85,36.25
2019-10-28 18:00:56,31.86,12.53,1597.94,33.47,44.72
2019-10-28 19:00:56,39.48,12.42,1699.91,37.17,52.22
2019-10-28 20:00:56,49.27,12.35,1682.73,28.88,34.6
2019-10-28 21:00:56,55.13,12.62,1778.79,41.68,55.63
2019-10-28 22:00:56,57.55,12.82,1879.55,54.04,75.93
2019-10-28 23:00:56,50.81,12.62,1700.85,26.29,34.15
2019-10-29 00:00:56,40.36,12.51,1715.51,15.76,22.72
2019-10-29 01:00:56,34.57,12.4,1652.6,26.19,33.61
2019-10-29 02:00:56,45.03,12.68,1659.56,35.15,54.05
2019-10-29 03:00:56,50.4,12.56,1644.94,28.72,38.46
2019-10-29 04:00:56,47.52,12.22,1615.93,8.89,15.32
2019-10-29 05:00:56,38.15,12.24,1628.32,3.28,9.18
2019-10-29 06:00:56,26.14,12.19,1524.83,0.0,0.0
2019-10-29 07:00:56,30.68,12.28,1548.81,6.54,14.04
2019-10-29 08:00:56,37.57,12.21,1618.84,33.8,58.5
2019-10-29 09:00:56,45.61,12.35,1926.27,41.32,94.66
2019-10-29 10:00:56,59.41,13.14,1653.49,51.92,78.38
2019-10-29 11:00:56,50.64,13.06,1682.76,57.18,71.94
2019-10-29 12:00:56,48.67,12.73,1774.88,63.42,80.47
2019-10-29 13:00:56,61.38,12.65,1653.28,26.67,35.66
2019-10-29 14:00:56,52.0,14.59,1703.95,52.2,69.59
2019-10-29 15:00:56,52.04,16.0,1602.77,46.38,60.92
2019-10-29 16:00:56,44.62,14.12,1632.7,38.14,51.34
2019-10-29 17:00:56,31.67,13.22,0.0,31.96,42.51
2019-10-29 18:00:56,25.83,13.29,1609.64,30.27,37.91
2019-10-29 19:00:56,29.03,13.13,1850.76,42.21,53.31
2019-10-29 20:00:56,34.8,13.16,1927.81,47.1,59.98
2019-10-29 21:00:56,38.13,13.07,1979.74,50.94,82.41
2019-10-29 22:00:56,44.05,13.03,1861.83,51.6,72.35
2019-10-29 23:00:56,39.63,13.09,2047.15,48.79,74.9
2019-10-30 00:00:56,36.28,12.95,1763.16,39.49,51.62
2019-10-30 01:00:56,42.61,12.32,1705.93,14.98,24.46
2019-10-30 02:00:56,39.47,12.43,1565.6,33.07,54.45
2019-10-30 03:00:56,30.08,12.18,1560.95,32.41,49.97
2019-10-30 04:00:56,28.53,12.09,1515.89,25.78,36.87
2019-10-30 05:00:56,26.73,12.25,1508.82,23.98,39.2
2019-10-30 06:00:56,26.94,11.97,1490.87,9.97,17.04
2019-10-30 07:00:56,24.91,12.07,1669.36,12.73,36.42
2019-10-30 08:00:56,27.56,12.33,1820.72,22.01,58.53
2019-10-30 09:00:56,29.18,12.67,2042.32,57.72,168.55
2019-10-30 10:00:56,33.5,35.96,1828.98,43.98,79.65
2019-10-30 11:00:56,43.73,55.11,1633.81,38.64,63.56
2019-10-30 12:00:56,60.45,30.99,1625.62,31.99,52.73
2019-10-30 13:00:56,61.19,17.51,1561.0,13.82,26.18
2019-10-30 14:00:56,51.64,15.05,1598.43,15.28,26.84
2019-10-30 15:00:56,51.02,20.31,1560.85,14.52,26.0
2019-10-30 16:00:56,58.46,60.26,1603.32,20.46,35.84
2019-10-30 17:00:56,68.87,55.0,0.0,28.21,40.23
2019-10-30 18:00:56,71.45,22.71,1741.66,73.37,100.43
2019-10-30 19:00:56,70.47,16.43,1726.3,70.25,89.81
2019-10-30 20:00:56,77.61,14.91,1614.3,58.74,76.89
2019-10-30 21:00:56,65.89,15.99,1703.41,62.3,115.93
2019-10-30 22:00:56,63.98,15.12,1742.72,52.89,77.81
2019-10-30 23:00:56,65.95,14.66,1835.26,52.16,92.24
2019-10-31 00:00:56,62.9,13.87,1593.41,46.79,57.52
2019-10-31 01:00:56,61.96,12.47,1640.07,38.74,49.31
2019-10-31 02:00:56,59.89,12.52,1489.62,22.24,28.54
2019-10-31 03:00:56,44.17,12.08,1391.83,13.04,18.21
2019-10-31 04:00:56,28.58,12.22,1345.65,5.84,11.05
2019-10-31 05:00:56,15.96,11.98,1334.65,5.31,10.15
2019-10-31 06:00:56,9.4,12.03,1409.58,0.0,0.0
2019-10-31 07:00:56,6.51,11.78,1383.59,5.27,11.23
2019-10-31 08:00:56,10.25,11.84,1485.14,19.66,30.12
2019-10-31 09:00:56,20.01,11.84,1456.79,40.8,63.54
2019-10-31 10:00:56,22.62,11.71,1417.77,21.12,30.29
2019-10-31 11:00:56,20.65,11.79,1427.61,22.6,35.71
2019-10-31 12:00:56,16.1,11.86,1422.33,20.56,29.83
2019-10-31 13:00:56,11.0,11.8,1442.22,21.97,33.21
2019-10-31 14:00:56,12.26,11.78,1371.1,12.16,20.36
2019-10-31 15:00:56,16.88,12.19,1385.58,8.38,17.26
2019-10-31 16:00:56,21.16,11.8,1377.95,10.81,18.85
2019-10-31 17:00:56,27.54,11.61,0.0,15.16,23.07
2019-10-31 18:00:56,20.97,11.87,1708.7,22.19,32.03
2019-10-31 19:00:56,13.45,11.62,1672.01,37.57,53.76
2019-10-31 20:00:56,14.68,12.38,1667.36,43.13,53.27
2019-10-31 21:00:56,20.64,13.31,1575.71,24.03,30.06
2019-10-31 22:00:56,25.38,12.46,1467.35,11.62,18.77
2019-10-31 23:00:56,18.46,12.16,1522.09,7.37,13.25
2019-11-01 00:00:56,13.21,12.05,1427.29,7.9,14.05
2019-11-01 01:00:56,11.84,12.53,1498.01,0.0,0.0
2019-11-01 02:00:56,6.86,12.65,1419.47,0.0,0.0
2019-11-01 03:00:56,4.48,12.54,1442.3,0.0,0.0
2019-11-01 04:00:56,3.63,12.4,1404.04,0.0,0.0
2019-11-01 05:00:56,2.84,12.59,1359.86,0.0,0.0
2019-11-01 06:00:56,2.87,12.54,1326.9,0.0,0.0
2019-11-01 07:00:56,3.2,12.34,1408.47,0.0,0.0
2019-11-01 08:00:56,3.85,12.42,1436.75,11.73,20.99
2019-11-01 09:00:56,5.23,12.7,1409.55,27.52,42.23
2019-11-01 10:00:56,8.97,12.6,1419.42,15.99,23.89
2019-11-01 11:00:56,17.51,14.18,1446.29,25.7,35.85
2019-11-01 12:00:56,17.52,34.61,1358.41,24.16,35.92
2019-11-01 13:00:56,13.65,22.24,1292.72,9.37,19.5
2019-11-01 14:00:56,16.13,18.58,1444.47,45.42,60.67
2019-11-01 15:00:56,15.59,15.36,1498.32,48.18,66.72
2019-11-01 16:00:56,17.89,15.92,1313.39,10.29,20.46
2019-11-01 17:00:56,23.22,17.09,0.0,11.36,21.45
2019-11-01 18:00:56,24.49,14.48,1568.47,40.97,55.1
2019-11-01 19:00:56,22.23,13.56,1730.17,52.85,69.87
2019-11-01 20:00:56,20.36,13.44,1688.16,34.13,42.98
2019-11-01 21:00:56,16.42,13.29,0.0,22.35,29.97
2019-11-01 22:00:56,17.97,13.08,1714.63,21.82,28.41
2019-11-01 23:00:56,16.58,13.28,1187.31,18.31,24.42
2019-11-02 00:00:56,10.78,13.28,976.23,20.14,26.12
2019-11-02 01:00:56,9.72,13.12,941.11,9.36,15.2
2019-11-02 02:00:56,9.62,13.16,930.22,0.0,0.0
2019-11-02 03:00:56,7.67,13.41,868.3,0.0,0.0
2019-11-02 04:00:56,10.21,13.23,800.18,0.0,0.0
2019-11-02 05:00:56,14.98,13.14,857.93,0.0,0.0
2019-11-02 06:00:56,10.33,13.09,791.05,0.0,0.0
2019-11-02 07:00:56,8.16,12.76,850.86,16.94,27.49
2019-11-02 08:00:56,5.38,12.73,873.16,12.29,19.72
2019-11-02 09:00:56,9.64,12.89,1008.42,24.69,43.68
2019-11-02 10:00:56,15.73,13.94,970.32,15.46,26.69
2019-11-02 11:00:56,9.25,13.84,910.23,9.14,21.23
2019-11-02 12:00:56,6.3,13.91,876.01,5.95,14.57
2019-11-02 13:00:56,6.08,29.25,827.37,6.96,15.82
2019-11-02 14:00:56,7.63,77.13,646.37,12.62,22.33
2019-11-02 15:00:56,14.92,43.53,598.06,12.14,24.1
2019-11-02 16:00:56,20.34,19.25,424.42,7.9,16.86
2019-11-02 17:00:56,18.48,14.94,0.0,24.8,38.31
2019-11-02 18:00:56,18.0,13.35,1687.08,43.96,52.9
2019-11-02 19:00:56,26.85,12.91,1875.06,34.63,42.0
2019-11-02 20:00:56,30.68,12.88,2057.69,32.46,40.54
2019-11-02 21:00:56,30.75,12.62,2446.65,59.2,87.99
2019-11-02 22:00:56,36.03,12.79,2654.4,52.82,92.11
2019-11-02 23:00:56,36.4,12.52,2603.05,36.14,69.29
2019-11-03 00:00:56,28.13,12.43,2312.08,37.21,70.36
2019-11-03 01:00:56,29.26,12.68,2231.03,25.02,40.34
2019-11-03 02:00:56,33.77,12.81,2350.24,7.85,16.06
2019-11-03 03:00:56,28.37,12.6,2250.28,7.43,14.04
2019-11-03 04:00:56,20.82,12.68,2183.93,5.88,11.38
2019-11-03 05:00:56,17.45,12.55,2146.06,0.0,0.0
2019-11-03 06:00:56,16.9,12.4,2081.07,13.08,23.07
2019-11-03 07:00:56,18.71,12.28,2097.24,19.46,30.38
2019-11-03 08:00:56,13.97,12.41,2261.04,23.29,55.03
2019-11-03 09:00:56,17.81,12.59,2338.29,20.01,40.29
2019-11-03 10:00:56,18.72,17.34,2285.65,19.14,34.29
2019-11-03 11:00:56,11.15,16.96,2222.32,8.25,18.2
2019-11-03 12:00:56,7.55,14.4,2038.94,6.71,15.43
2019-11-03 13:00:56,4.43,21.24,2167.03,8.92,19.26
2019-11-03 14:00:56,3.7,15.45,2735.93,11.44,22.55
2019-11-03 15:00:56,5.82,15.65,2797.18,8.34,17.14
2019-11-03 16:00:56,11.74,12.13,2757.89,4.02,9.96
2019-11-03 17:00:56,17.1,15.05,1545.13,42.58,53.44
2019-11-03 18:00:56,25.52,14.93,1943.32,67.54,86.81
2019-11-03 19:00:56,46.89,13.26,2120.76,66.65,101.9
2019-11-03 20:00:56,56.97,13.95,2322.97,77.22,145.08
2019-11-03 21:00:56,66.6,13.75,2297.29,77.11,139.32
2019-11-03 22:00:56,66.13,13.16,2329.19,66.08,114.61
2019-11-03 23:00:56,66.38,12.81,2444.08,58.84,91.93
2019-11-04 00:00:56,68.35,12.3,2620.04,40.24,71.44
2019-11-04 01:00:56,67.14,12.95,2324.29,40.43,65.83
2019-11-04 02:00:56,51.7,13.71,1655.02,27.64,39.46
2019-11-04 03:00:56,39.83,15.15,1231.39,24.31,30.75
2019-11-04 04:00:56,36.87,18.64,880.12,22.45,29.37
2019-11-04 05:00:56,24.11,19.47,690.65,2.44,7.5
2019-11-04 06:00:56,17.05,16.86,850.4,6.62,11.72
2019-11-04 07:00:56,16.51,15.95,822.84,8.54,15.55
2019-11-04 08:00:56,11.15,15.6,927.28,47.86,60.88
2019-11-04 09:00:56,16.18,15.83,804.85,21.31,36.76
2019-11-04 10:00:56,21.18,15.6,753.64,8.69,17.49
2019-11-04 11:00:56,12.3,15.43,533.85,16.44,27.31
2019-11-04 12:00:56,7.96,27.56,922.57,19.08,33.4
2019-11-04 13:00:56,8.9,16.41,1414.27,6.68,14.86
2019-11-04 14:00:56,11.18,15.32,1281.28,7.85,14.5
2019-11-04 15:00:56,11.27,15.14,1239.12,7.44,13.83
2019-11-04 16:00:56,19.36,14.94,1300.68,25.5,34.11
2019-11-04 17:00:56,31.03,14.47,0.0,43.24,55.0
2019-11-04 18:00:56,0.0,0.0,0.0,83.54,134.45
2019-11-04 19:00:56,0.0,0.0,0.0,77.17,101.52
2019-11-04 20:00:56,0.0,0.0,0.0,72.67,97.71
2019-11-04 21:00:56,0.0,0.0,0.0,66.19,90.37
2019-11-04 22:00:56,0.0,0.0,0.0,79.34,122.77
2019-11-04 23:00:56,0.0,0.0,0.0,41.49,55.97
2019-11-05 00:00:56,0.0,0.0,0.0,8.13,13.19
2019-11-05 01:00:56,0.0,0.0,0.0,21.2,27.41
2019-11-05 02:00:56,0.0,0.0,0.0,0.0,0.0
2019-11-05 03:00:56,0.0,0.0,0.0,18.71,24.06
2019-11-05 04:00:56,0.0,0.0,0.0,0.0,0.0
2019-11-05 05:00:56,0.0,0.0,0.0,0.0,0.0
2019-11-05 06:00:56,0.0,0.0,0.0,0.0,0.0
2019-11-05 07:00:56,0.0,0.0,0.0,0.0,0.0
2019-11-05 08:00:56,0.0,0.0,0.0,14.53,21.29
2019-11-05 09:00:56,0.0,0.0,0.0,22.08,33.54
2019-11-05 10:00:56,36.4,15.08,0.0,4.62,10.62
2019-11-05 11:00:56,26.14,14.88,1465.28,7.68,14.63
2019-11-05 12:00:56,22.7,30.94,943.27,13.84,21.57
2019-11-05 13:00:56,25.31,14.66,568.86,15.13,24.76
2019-11-05 14:00:56,21.26,14.56,669.04,20.36,27.6
2019-11-05 15:00:56,31.6,14.51,767.75,27.19,35.35
2019-11-05 16:00:56,45.9,14.22,920.32,72.01,101.04
2019-11-05 17:00:56,51.24,13.97,0.0,83.54,120.51
2019-11-05 18:00:56,59.16,14.6,1406.83,111.88,239.28
2019-11-05 19:00:56,95.28,17.38,1346.15,109.29,229.51
2019-11-05 20:00:56,132.46,17.71,1297.44,106.24,212.91
2019-11-05 21:00:56,142.89,17.22,901.58,64.12,77.63
2019-11-05 22:00:56,105.61,15.17,1246.58,72.5,109.03
2019-11-05 23:00:56,79.71,14.03,1169.99,70.26,117.18
2019-11-06 00:00:56,66.17,14.05,1257.4,79.95,144.5
2019-11-06 01:00:56,60.6,13.16,1068.66,52.12,84.78
2019-11-06 02:00:56,63.15,13.13,720.99,54.79,88.12
2019-11-06 03:00:56,50.39,13.33,701.22,43.64,69.1
2019-11-06 04:00:56,34.06,13.08,709.11,45.29,62.12
2019-11-06 05:00:56,30.67,13.2,612.26,30.65,43.87
2019-11-06 06:00:56,32.14,13.07,558.88,19.58,25.39
2019-11-06 07:00:56,25.17,13.25,786.81,30.07,70.29
2019-11-06 08:00:56,26.08,13.5,825.95,43.43,105.68
2019-11-06 09:00:56,45.77,13.88,1103.36,52.82,137.12
2019-11-06 10:00:56,61.49,16.17,733.82,45.32,78.18
2019-11-06 11:00:56,47.51,25.22,668.65,60.63,106.56
2019-11-06 12:00:56,51.57,29.15,725.84,57.39,121.39
2019-11-06 13:00:56,59.51,16.43,662.09,12.27,20.66
2019-11-06 14:00:56,42.47,15.0,562.09,9.88,18.1
2019-11-06 15:00:56,38.9,14.99,636.73,11.04,19.22
2019-11-06 16:00:56,44.71,14.82,836.6,25.61,37.88
2019-11-06 17:00:56,56.19,13.85,0.0,55.3,72.85
2019-11-06 18:00:56,65.12,13.86,1108.86,54.89,70.84
2019-11-06 19:00:56,74.01,14.19,1266.28,80.6,119.37
2019-11-06 20:00:56,86.32,14.85,2064.39,101.31,269.45
2019-11-06 21:00:56,111.08,14.83,2071.85,93.87,235.21
2019-11-06 22:00:56,126.53,14.75,1782.26,72.16,171.06
2019-11-06 23:00:56,120.9,14.6,1508.6,43.73,76.32
2019-11-07 00:00:56,99.75,14.1,1043.78,47.91,70.75
2019-11-07 01:00:56,69.89,20.32,1374.76,58.83,96.3
2019-11-07 02:00:56,67.22,32.87,1259.64,52.23,82.76
2019-11-07 03:00:56,76.66,36.03,1006.47,45.08,58.5
2019-11-07 04:00:56,75.06,51.65,962.57,52.17,64.17
2019-11-07 05:00:56,74.01,67.01,773.95,44.17,69.06
2019-11-07 06:00:56,74.27,46.36,703.64,53.37,62.8
2019-11-07 07:00:56,71.07,49.52,830.6,71.08,107.1
2019-11-07 08:00:56,73.14,95.67,1075.56,71.95,116.24
2019-11-07 09:00:56,85.67,88.71,1116.87,79.15,156.56
2019-11-07 10:00:56,100.71,103.85,1209.92,91.01,253.56
2019-11-07 11:00:56,113.44,50.62,841.01,69.5,139.64
2019-11-07 12:00:56,94.72,48.57,789.97,55.02,80.88
2019-11-07 13:00:56,77.47,0.0,802.39,35.44,51.95
2019-11-07 14:00:56,89.5,0.0,701.7,17.48,28.09
2019-11-07 15:00:56,70.6,0.0,769.84,27.68,42.04
2019-11-07 16:00:56,86.56,0.0,779.71,90.81,118.92
2019-11-07 17:00:56,142.8,0.0,0.0,124.36,158.58
2019-11-07 18:00:56,162.69,0.0,0.0,106.02,169.26
2019-11-07 19:00:56,153.7,0.0,0.0,96.7,164.12
2019-11-07 20:00:56,151.61,0.0,0.0,107.56,338.5
2019-11-07 21:00:56,167.73,4.25,0.0,98.38,317.75
2019-11-07 22:00:56,157.82,2.67,0.0,68.74,154.44
2019-11-07 23:00:56,138.0,2.01,0.0,61.91,114.86
2019-11-08 00:00:56,111.27,2.25,0.0,61.39,158.68
2019-11-08 01:00:56,91.05,4.34,0.0,71.4,162.16
2019-11-08 02:00:56,88.93,18.05,0.0,61.01,83.0
2019-11-08 03:00:56,77.85,22.97,0.0,48.7,60.12
2019-11-08 04:00:56,66.6,12.2,0.0,30.24,36.51
2019-11-08 05:00:56,56.27,8.49,0.0,7.4,12.79
2019-11-08 06:00:56,40.09,6.38,0.0,13.13,18.79
2019-11-08 07:00:56,33.49,3.08,0.0,27.0,34.35
2019-11-08 08:00:56,37.61,0.0,0.0,41.42,96.85
2019-11-08 09:00:56,56.94,1.95,0.0,64.52,186.37
2019-11-08 10:00:56,78.3,35.4,0.0,62.96,149.73
2019-11-08 11:00:56,71.43,48.28,0.0,53.84,88.7
2019-11-08 12:00:56,59.58,59.55,0.0,39.98,60.28
2019-11-08 13:00:56,71.55,271.69,0.0,48.53,69.38
2019-11-08 14:00:56,93.33,257.72,0.0,40.78,56.01
2019-11-08 15:00:56,99.89,18.65,0.0,49.0,68.25
2019-11-08 16:00:56,96.27,10.86,0.0,65.92,81.65
2019-11-08 17:00:56,93.63,7.7,0.0,108.42,146.19
2019-11-08 18:00:56,97.29,4.88,0.0,128.99,241.7
2019-11-08 19:00:56,131.88,3.33,0.0,126.49,279.84
2019-11-08 20:00:56,151.79,2.41,0.0,111.61,221.5
2019-11-08 21:00:56,143.16,3.23,0.0,88.66,133.57
2019-11-08 22:00:56,123.99,2.58,0.0,94.43,218.48
2019-11-08 23:00:56,126.38,0.0,0.0,59.9,114.23
2019-11-09 00:00:56,124.87,0.0,0.0,44.9,71.65
2019-11-09 01:00:56,99.68,0.0,0.0,45.77,65.52
2019-11-09 02:00:56,90.44,0.0,0.0,34.42,45.85
2019-11-09 03:00:56,84.2,0.0,0.0,13.56,19.62
2019-11-09 04:00:56,68.13,0.0,0.0,13.49,20.15
2019-11-09 05:00:56,54.76,0.0,0.0,9.85,15.81
2019-11-09 06:00:56,43.95,0.0,0.0,7.73,13.07
2019-11-09 07:00:56,36.35,0.0,0.0,19.3,33.31
2019-11-09 08:00:56,34.57,0.0,0.0,40.22,84.99
2019-11-09 09:00:56,44.66,2.71,0.0,49.12,153.47
2019-11-09 10:00:56,55.24,20.08,0.0,60.68,167.0
2019-11-09 11:00:56,76.44,33.35,0.0,101.78,271.41
2019-11-09 12:00:56,99.85,156.5,0.0,72.25,108.46
2019-11-09 13:00:56,113.58,213.48,0.0,50.61,75.34
2019-11-09 14:00:56,115.8,36.37,0.0,36.14,52.01
2019-11-09 15:00:56,92.93,14.14,0.0,43.38,59.31
2019-11-09 16:00:56,84.76,12.68,0.0,51.49,69.33
2019-11-09 17:00:56,70.52,9.02,0.0,91.02,125.88
2019-11-09 18:00:56,70.35,3.64,0.0,111.33,182.2
2019-11-09 19:00:56,102.38,0.97,0.0,120.51,214.91
2019-11-09 20:00:56,124.2,0.0,0.0,107.31,187.43
2019-11-09 21:00:56,128.58,0.0,0.0,87.49,119.85
2019-11-09 22:00:56,112.87,4.62,0.0,79.95,106.28
2019-11-09 23:00:56,95.14,0.0,0.0,62.04,79.11
2019-11-10 00:00:56,76.45,0.0,0.0,49.44,68.4
2019-11-10 01:00:56,72.79,0.0,0.0,38.28,57.96
2019-11-10 02:00:56,74.8,0.0,0.0,21.32,28.72
2019-11-10 03:00:56,67.03,0.0,0.0,16.56,22.73
2019-11-10 04:00:56,52.5,0.0,0.0,14.74,21.31
2019-11-10 05:00:56,51.4,0.0,0.0,9.14,14.72
2019-11-10 06:00:56,45.67,0.0,0.0,8.92,17.02
2019-11-10 07:00:56,42.25,0.0,0.0,7.19,16.29
2019-11-10 08:00:56,55.89,0.0,0.0,11.46,36.13
2019-11-10 09:00:56,59.7,0.0,0.0,19.97,76.64
2019-11-10 10:00:56,67.73,0.0,0.0,40.9,107.22
2019-11-10 11:00:56,74.32,9.17,0.0,34.66,50.09
2019-11-10 12:00:56,69.32,9.52,0.0,22.14,35.08
2019-11-10 13:00:56,58.07,5.58,0.0,0.0,0.0
2019-11-10 14:00:56,52.57,2.43,0.0,13.94,22.23
2019-11-10 15:00:56,58.44,9.7,0.0,52.93,74.45
2019-11-10 16:00:56,90.47,2.55,0.0,62.92,80.52
2019-11-10 17:00:56,110.59,0.0,0.0,63.46,77.44
2019-11-10 18:00:56,105.23,0.0,0.0,109.81,191.49
2019-11-10 19:00:56,112.31,0.0,0.0,96.32,185.37
2019-11-10 20:00:56,137.04,0.0,0.0,86.22,210.76
2019-11-10 21:00:56,143.83,0.0,0.0,72.45,173.84
2019-11-10 22:00:56,137.26,0.0,0.0,80.87,231.54
2019-11-10 23:00:56,134.37,0.0,0.0,68.78,175.04
2019-11-11 00:00:56,123.98,0.0,0.0,74.95,110.51
2019-11-11 01:00:56,106.11,0.0,0.0,73.98,166.62
2019-11-11 02:00:56,96.59,17.11,0.0,68.66,113.71
2019-11-11 03:00:56,100.35,29.92,0.0,48.61,60.51
2019-11-11 04:00:56,89.64,13.49,0.0,42.31,50.82
2019-11-11 05:00:56,68.47,4.68,0.0,40.42,47.08
2019-11-11 06:00:56,55.06,0.0,0.0,0.0,0.0
2019-11-11 07:00:56,41.97,0.0,0.0,20.44,27.19
2019-11-11 08:00:56,40.35,13.49,0.0,69.0,84.76
2019-11-11 09:00:56,68.58,12.87,0.0,99.81,157.95
2019-11-11 10:00:56,99.81,6.69,0.0,84.8,154.97
2019-11-11 11:00:56,113.77,4.7,0.0,76.89,171.83
2019-11-11 12:00:56,125.56,7.87,0.0,39.17,59.84
2019-11-11 13:00:56,87.38,17.09,0.0,30.74,42.84
2019-11-11 14:00:56,81.17,30.6,0.0,30.13,42.28
2019-11-11 15:00:56,94.36,126.05,0.0,52.71,72.08
2019-11-11 16:00:56,132.05,17.87,0.0,93.38,120.8
2019-11-11 17:00:56,154.44,3.65,0.0,117.65,158.29
2019-11-11 18:00:56,170.52,1.38,0.0,132.72,261.89
2019-11-11 19:00:56,190.69,0.0,0.0,132.17,268.7
2019-11-11 20:00:56,176.28,0.0,0.0,126.99,291.18
2019-11-11 21:00:56,151.52,0.0,0.0,115.36,207.68
2019-11-11 22:00:56,146.88,0.0,0.0,101.89,259.35
2019-11-11 23:00:56,135.73,0.0,0.0,69.1,96.96
2019-11-12 00:00:56,120.85,0.0,0.0,34.69,53.25
2019-11-12 01:00:56,115.43,0.0,0.0,45.73,82.73
2019-11-12 02:00:56,88.94,0.0,0.0,28.48,37.11
2019-11-12 03:00:56,77.24,0.0,0.0,21.16,30.52
2019-11-12 04:00:56,65.6,0.0,0.0,19.81,26.28
2019-11-12 05:00:56,54.02,0.0,0.0,26.8,46.61
2019-11-12 06:00:56,49.49,0.0,0.0,26.36,40.48
2019-11-12 07:00:56,51.08,0.0,0.0,39.59,54.35
2019-11-12 08:00:56,47.84,0.0,0.0,39.46,104.45
2019-11-12 09:00:56,80.78,0.0,0.0,54.25,210.43
2019-11-12 10:00:56,124.29,0.0,0.0,46.75,96.85
2019-11-12 11:00:56,106.06,37.47,0.0,28.44,44.95
2019-11-12 12:00:56,84.42,44.4,0.0,26.67,40.49
2019-11-12 13:00:56,73.49,43.06,0.0,45.81,59.55
2019-11-12 14:00:56,66.03,9.04,0.0,34.41,47.58
2019-11-12 15:00:56,76.02,94.72,0.0,38.25,51.03
2019-11-12 16:00:56,87.64,23.58,0.0,62.68,77.51
2019-11-12 17:00:56,114.75,4.92,0.0,116.67,153.41
2019-11-12 18:00:56,125.44,0.0,0.0,110.19,149.98
2019-11-12 19:00:56,139.11,0.0,0.0,96.78,170.98
2019-11-12 20:00:56,152.25,0.0,0.0,90.89,139.07
2019-11-12 21:00:56,136.17,0.0,0.0,91.13,144.97
2019-11-12 22:00:56,124.18,0.0,0.0,84.04,182.86
2019-11-12 23:00:56,118.27,0.0,0.0,70.31,127.96
2019-11-13 00:00:56,109.99,0.0,0.0,51.92,74.15
2019-11-13 01:00:56,95.71,0.0,0.0,39.7,58.72
2019-11-13 02:00:56,86.33,0.0,0.0,25.36,34.73
2019-11-13 03:00:56,78.22,0.0,0.0,12.82,19.51
2019-11-13 04:00:56,65.86,0.0,0.0,12.34,18.42
2019-11-13 05:00:56,58.45,0.0,0.0,7.46,12.82
2019-11-13 06:00:56,52.26,0.0,0.0,11.08,18.42
2019-11-13 07:00:56,43.86,0.0,0.0,16.05,33.93
2019-11-13 08:00:56,37.42,0.0,0.0,37.04,107.67
2019-11-13 09:00:56,63.93,0.0,0.0,62.84,252.69
2019-11-13 10:00:56,107.32,0.0,872.29,42.18,71.27
2019-11-13 11:00:56,103.87,12.62,0.0,30.32,46.35
2019-11-13 12:00:56,96.04,12.06,0.0,17.5,27.99
2019-11-13 13:00:56,84.38,5.45,0.0,25.09,35.65
2019-11-13 14:00:56,71.45,3.09,0.0,24.97,35.71
2019-11-13 15:00:56,79.85,87.11,0.0,43.51,59.9
2019-11-13 16:00:56,99.78,18.73,0.0,69.22,82.88
2019-11-13 17:00:56,123.52,4.68,0.0,114.72,144.57
2019-11-13 18:00:56,135.92,0.0,0.0,74.91,94.0
2019-11-13 19:00:56,133.45,0.0,0.0,73.26,98.36
2019-11-13 20:00:56,114.64,0.0,0.0,44.84,60.34
2019-11-13 21:00:56,99.0,0.0,0.0,87.81,155.24
2019-11-13 22:00:56,112.13,0.0,0.0,87.89,188.11
2019-11-13 23:00:56,112.05,0.0,0.0,60.59,101.07
2019-11-14 00:00:56,98.65,0.0,0.0,50.37,81.35
2019-11-14 01:00:56,95.98,0.0,0.0,34.51,49.69
2019-11-14 02:00:56,83.63,0.0,0.0,24.12,35.5
2019-11-14 03:00:56,70.08,0.0,0.0,14.93,21.88
2019-11-14 04:00:56,63.23,0.0,0.0,7.25,12.55
2019-11-14 05:00:56,48.46,0.0,0.0,7.89,13.96
2019-11-14 06:00:56,40.45,0.0,0.0,6.9,12.44
2019-11-14 07:00:56,36.93,0.0,0.0,16.69,30.05
2019-11-14 08:00:56,45.76,0.0,0.0,29.04,70.57
2019-11-14 09:00:56,68.35,0.0,0.0,53.6,202.82
2019-11-14 10:00:56,98.75,0.0,0.0,52.03,112.99
2019-11-14 11:00:56,116.04,19.34,0.0,56.71,97.74
2019-11-14 12:00:56,103.55,99.23,0.0,36.26,53.25
2019-11-14 13:00:56,94.34,53.37,0.0,21.73,33.62
2019-11-14 14:00:56,94.26,4.83,0.0,16.72,24.32
2019-11-14 15:00:56,82.2,0.0,0.0,17.48,25.47
2019-11-14 16:00:56,87.76,0.0,0.0,26.34,34.89
2019-11-14 17:00:56,92.28,0.0,0.0,51.48,62.98
2019-11-14 18:00:56,114.97,0.0,0.0,76.05,102.15
2019-11-14 19:00:56,145.99,0.0,0.0,107.38,232.67
2019-11-14 20:00:56,161.51,0.0,0.0,121.53,373.7
2019-11-14 21:00:56,180.13,0.0,0.0,109.8,388.38
2019-11-14 22:00:56,195.63,0.0,0.0,83.33,237.19
2019-11-14 23:00:56,187.63,0.0,0.0,64.02,117.45
2019-11-15 00:00:56,158.51,0.0,0.0,60.16,129.73
2019-11-15 01:00:56,135.11,0.0,0.0,57.24,92.41
2019-11-15 02:00:56,110.37,0.0,0.0,44.74,64.29
2019-11-15 03:00:56,89.07,0.0,0.0,26.77,34.07
2019-11-15 04:00:56,67.32,0.0,0.0,21.49,29.62
2019-11-15 05:00:56,59.92,0.0,0.0,25.0,30.76
2019-11-15 06:00:56,61.48,0.0,0.0,34.15,40.36
2019-11-15 07:00:56,57.31,25.11,0.0,53.31,82.89
2019-11-15 08:00:56,57.38,30.57,0.0,72.35,128.63
2019-11-15 09:00:56,77.92,62.98,0.0,97.7,292.57
2019-11-15 10:00:56,113.09,42.73,0.0,73.26,160.13
2019-11-15 11:00:56,124.82,12.69,0.0,37.67,53.61
2019-11-15 12:00:56,107.47,9.11,0.0,38.88,55.88
2019-11-15 13:00:56,109.94,6.82,0.0,27.01,46.25
2019-11-15 14:00:56,106.55,4.72,0.0,35.04,46.8
2019-11-15 15:00:56,102.66,4.14,0.0,48.01,61.01
2019-11-15 16:00:56,106.14,3.77,0.0,63.62,81.01
2019-11-15 17:00:56,105.83,18.98,0.0,83.7,101.98
2019-11-15 18:00:56,119.27,5.94,0.0,90.94,107.87
2019-11-15 19:00:56,132.92,0.0,0.0,67.1,84.77
2019-11-15 20:00:56,130.46,0.0,0.0,60.48,76.15
2019-11-15 21:00:56,114.48,0.0,0.0,50.11,57.91
2019-11-15 22:00:56,101.66,0.0,0.0,76.47,94.31
2019-11-15 23:00:56,104.93,0.0,0.0,62.73,74.63
2019-11-16 00:00:56,92.27,0.0,0.0,80.11,126.62
2019-11-16 01:00:56,83.24,0.0,0.0,82.36,168.48
2019-11-16 02:00:56,82.57,0.0,0.0,59.37,80.73
2019-11-16 03:00:56,74.21,0.0,0.0,19.22,26.19
2019-11-16 04:00:56,66.48,0.0,0.0,41.73,65.47
2019-11-16 05:00:56,53.99,0.0,0.0,35.05,43.82
2019-11-16 06:00:56,44.77,0.0,0.0,33.44,40.88
2019-11-16 07:00:56,52.1,0.0,0.0,41.4,54.81
2019-11-16 08:00:56,54.23,0.0,0.0,40.38,75.88
2019-11-16 09:00:56,53.93,0.0,0.0,65.1,192.6
2019-11-16 10:00:56,66.65,0.0,0.0,94.29,266.55
2019-11-16 11:00:56,83.51,22.16,0.0,66.65,112.6
2019-11-16 12:00:56,94.85,104.0,0.0,31.84,45.22
2019-11-16 13:00:56,85.95,6.13,0.0,17.62,27.41
2019-11-16 14:00:56,75.36,0.0,0.0,20.91,33.3
2019-11-16 15:00:56,65.09,19.15,0.0,28.52,43.65
2019-11-16 16:00:56,62.27,8.02,0.0,29.14,38.83
2019-11-16 17:00:56,67.86,0.0,0.0,37.7,47.86
2019-11-16 18:00:56,63.17,0.0,0.0,29.75,41.39
2019-11-16 19:00:56,58.05,0.0,0.0,60.51,77.16
2019-11-16 20:00:56,62.29,0.0,0.0,52.05,61.58
2019-11-16 21:00:56,57.91,0.0,0.0,34.81,42.23
2019-11-16 22:00:56,59.9,0.0,0.0,27.45,33.46
2019-11-16 23:00:56,58.81,0.0,0.0,21.99,29.19
2019-11-17 00:00:56,57.13,0.0,0.0,42.0,58.85
2019-11-17 01:00:56,65.92,0.0,0.0,32.04,46.88
2019-11-17 02:00:56,74.43,0.0,0.0,59.02,114.62
2019-11-17 03:00:56,77.78,0.0,0.0,37.21,55.37
2019-11-17 04:00:56,63.58,0.0,0.0,18.29,26.6
2019-11-17 05:00:56,61.12,0.0,0.0,8.04,13.19
2019-11-17 06:00:56,64.26,0.0,0.0,9.99,15.93
2019-11-17 07:00:56,60.08,0.0,0.0,7.44,15.27
2019-11-17 08:00:56,49.21,0.0,0.0,17.82,36.36
2019-11-17 09:00:56,51.58,0.0,0.0,17.49,37.01
2019-11-17 10:00:56,57.4,0.0,0.0,19.81,32.15
2019-11-17 11:00:56,47.1,0.0,0.0,13.0,22.47
2019-11-17 12:00:56,45.06,0.0,0.0,6.87,15.16
2019-11-17 13:00:56,50.12,0.0,0.0,12.87,23.68
2019-11-17 14:00:56,56.46,171.69,0.0,15.6,24.67
2019-11-17 15:00:56,72.63,22.03,0.0,12.4,21.49
2019-11-17 16:00:56,78.69,9.06,0.0,14.42,24.97
2019-11-17 17:00:56,76.33,0.0,0.0,36.79,47.73
2019-11-17 18:00:56,77.02,0.0,0.0,69.05,80.16
2019-11-17 19:00:56,87.83,0.0,0.0,70.79,81.7
2019-11-17 20:00:56,91.34,0.0,0.0,43.68,51.9
2019-11-17 21:00:56,92.57,0.0,0.0,33.85,40.74
2019-11-17 22:00:56,93.14,0.0,0.0,30.76,37.63
2019-11-17 23:00:56,93.16,0.0,0.0,18.61,23.38
2019-11-18 00:00:56,92.4,0.0,0.0,8.51,13.05
2019-11-18 01:00:56,85.68,0.0,0.0,5.72,10.92
2019-11-18 02:00:56,64.47,0.0,0.0,4.16,8.99
2019-11-18 03:00:56,57.51,0.0,0.0,2.79,7.06
2019-11-18 04:00:56,59.29,0.0,0.0,0.0,0.0
2019-11-18 05:00:56,50.31,0.0,0.0,3.42,8.48
2019-11-18 06:00:56,41.46,0.0,0.0,4.55,9.26
2019-11-18 07:00:56,39.85,0.0,0.0,16.57,36.3
2019-11-18 08:00:56,47.35,0.0,0.0,26.0,73.0
2019-11-18 09:00:56,53.3,0.0,0.0,36.57,128.73
2019-11-18 10:00:56,73.97,0.0,0.0,55.42,111.82
2019-11-18 11:00:56,80.78,5.0,0.0,63.99,101.32
2019-11-18 12:00:56,84.86,75.92,0.0,53.21,78.7
2019-11-18 13:00:56,116.96,181.33,0.0,46.27,68.29
2019-11-18 14:00:56,123.05,43.79,0.0,43.65,60.35
2019-11-18 15:00:56,120.25,9.67,0.0,40.07,52.85
2019-11-18 16:00:56,121.93,0.0,0.0,47.46,61.55
2019-11-18 17:00:56,111.36,0.0,0.0,64.03,76.8
2019-11-18 18:00:56,95.98,0.0,0.0,86.97,99.45
2019-11-18 19:00:56,99.84,0.0,0.0,102.31,151.86
2019-11-18 20:00:56,110.53,0.0,0.0,96.64,143.25
2019-11-18 21:00:56,103.56,0.0,0.0,70.89,91.83
2019-11-18 22:00:56,98.15,0.0,0.0,73.17,94.81
2019-11-18 23:00:56,85.84,0.0,0.0,56.57,109.12
2019-11-19 00:00:56,83.42,0.0,0.0,35.69,47.71
2019-11-19 01:00:56,86.13,0.0,0.0,24.63,34.53
2019-11-19 02:00:56,79.06,0.0,0.0,52.83,113.21
2019-11-19 03:00:56,71.27,0.0,0.0,40.32,53.67
2019-11-19 04:00:56,69.83,0.0,0.0,24.25,34.62
2019-11-19 05:00:56,83.08,0.0,0.0,24.45,33.42
2019-11-19 06:00:56,85.81,0.0,0.0,5.55,10.16
2019-11-19 07:00:56,79.29,0.0,0.0,22.57,35.01
2019-11-19 08:00:56,80.26,0.0,0.0,61.19,152.74
2019-11-19 09:00:56,74.98,0.0,0.0,72.64,207.77
2019-11-19 10:00:56,84.09,0.0,0.0,48.15,85.35
2019-11-19 11:00:56,83.64,0.0,0.0,19.63,29.14
2019-11-19 12:00:56,76.89,35.6,0.0,23.91,35.37
2019-11-19 13:00:56,78.17,0.0,0.0,23.09,35.64
2019-11-19 14:00:56,77.94,0.0,0.0,13.49,23.56
2019-11-19 15:00:56,65.79,0.0,0.0,22.1,33.76
2019-11-19 16:00:56,66.78,0.0,0.0,31.0,44.91
2019-11-19 17:00:56,85.58,0.0,0.0,52.1,61.88
2019-11-19 18:00:56,85.19,0.0,0.0,70.78,79.89
2019-11-19 19:00:56,82.97,0.0,0.0,71.76,78.82
2019-11-19 20:00:56,79.31,0.0,0.0,76.82,94.44
2019-11-19 21:00:56,79.49,0.0,0.0,68.58,83.44
2019-11-19 22:00:56,70.38,0.0,0.0,73.32,112.7
2019-11-19 23:00:56,57.47,0.0,0.0,61.52,87.36
2019-11-20 00:00:56,59.96,0.0,0.0,71.97,149.06
2019-11-20 01:00:56,65.41,0.0,0.0,70.89,174.05
2019-11-20 02:00:56,59.2,0.0,0.0,28.78,37.49
2019-11-20 03:00:56,54.3,0.0,0.0,8.17,13.46
2019-11-20 04:00:56,46.76,0.0,0.0,5.73,11.28
2019-11-20 05:00:56,39.26,0.0,0.0,39.72,72.71
2019-11-20 06:00:56,35.74,0.0,0.0,8.66,14.32
2019-11-20 07:00:56,33.5,0.0,0.0,21.84,39.08
2019-11-20 08:00:56,36.74,0.0,0.0,28.89,75.66
2019-11-20 09:00:56,51.85,0.0,0.0,48.96,160.34
2019-11-20 10:00:56,67.03,0.0,0.0,45.04,90.76
2019-11-20 11:00:56,0.0,22.03,0.0,25.03,40.11
2019-11-20 12:00:56,0.0,19.6,0.0,0.0,0.0
2019-11-20 13:00:56,0.0,0.0,0.0,0.0,0.0
2019-11-20 14:00:56,61.97,13.63,0.0,0.0,0.0
2019-11-20 15:00:56,81.14,0.0,0.0,43.16,45.85
2019-11-20 16:00:56,62.12,0.0,0.0,40.99,44.57
2019-11-20 17:00:56,69.56,0.0,0.0,50.22,54.0
2019-11-20 18:00:56,96.79,0.0,0.0,73.75,79.67
2019-11-20 19:00:56,108.71,0.0,0.0,82.61,87.53
2019-11-20 20:00:56,87.96,0.0,0.0,73.62,77.73
2019-11-20 21:00:56,72.38,0.0,0.0,64.12,68.02
2019-11-20 22:00:56,83.51,0.0,0.0,66.79,71.97
2019-11-20 23:00:56,87.26,0.0,0.0,75.93,81.18
2019-11-21 00:00:56,89.82,0.0,0.0,76.28,81.12
2019-11-21 01:00:56,90.53,0.0,0.0,71.21,76.14
2019-11-21 02:00:56,78.69,0.0,0.0,60.69,65.09
2019-11-21 03:00:56,76.42,0.0,0.0,49.98,54.26
2019-11-21 04:00:56,80.88,0.0,0.0,43.77,47.81
2019-11-21 05:00:56,69.93,0.0,0.0,43.12,47.35
2019-11-21 06:00:56,67.27,0.0,0.0,38.75,42.91
2019-11-21 07:00:56,66.99,0.0,0.0,47.01,53.09
2019-11-21 08:00:56,57.17,0.0,0.0,69.11,78.31
2019-11-21 09:00:56,77.6,0.0,0.0,91.67,110.78
2019-11-21 10:00:56,99.53,0.0,0.0,105.67,128.03
2019-11-21 11:00:56,87.63,0.0,0.0,103.38,115.47
2019-11-21 12:00:56,64.75,0.0,0.0,87.65,93.29
2019-11-21 13:00:56,49.61,0.0,0.0,71.74,76.19
2019-11-21 14:00:56,39.9,0.0,0.0,60.3,64.79
2019-11-21 15:00:56,39.13,0.0,0.0,54.43,58.52
2019-11-21 16:00:56,45.63,0.0,0.0,50.99,54.95
2019-11-21 17:00:56,52.82,0.0,0.0,51.21,55.48
2019-11-21 18:00:56,64.04,0.0,0.0,57.83,61.98
2019-11-21 19:00:56,62.42,0.0,0.0,61.68,66.3
2019-11-21 20:00:56,51.48,0.0,0.0,63.66,68.41
2019-11-21 21:00:56,57.97,0.0,0.0,76.34,84.11
2019-11-21 22:00:56,76.33,0.0,0.0,96.21,111.19
2019-11-21 23:00:56,101.99,0.0,0.0,119.58,153.68
2019-11-22 00:00:56,103.17,0.0,0.0,128.22,164.5
2019-11-22 01:00:56,85.09,0.0,0.0,130.39,166.92
2019-11-22 02:00:56,75.47,0.0,0.0,128.02,161.14
2019-11-22 03:00:56,60.57,0.0,0.0,118.41,139.24
2019-11-22 04:00:56,44.97,0.0,0.0,99.39,108.25
2019-11-22 05:00:56,30.83,0.0,0.0,75.51,80.94
2019-11-22 06:00:56,28.35,0.0,0.0,60.96,65.94
2019-11-22 07:00:56,29.36,0.0,0.0,50.36,55.29
2019-11-22 08:00:56,29.7,0.0,0.0,52.73,59.23
2019-11-22 09:00:56,43.58,0.0,0.0,67.68,79.62
2019-11-22 10:00:56,61.15,0.0,0.0,83.88,101.71
2019-11-22 11:00:56,79.52,113.97,0.0,89.0,103.76
2019-11-22 12:00:56,73.39,35.51,0.0,86.51,95.13
2019-11-22 13:00:56,67.85,28.97,0.0,75.14,80.53
2019-11-22 14:00:56,63.98,3.41,0.0,61.8,66.54
2019-11-22 15:00:56,53.86,0.0,0.0,53.04,57.6
2019-11-22 16:00:56,51.64,0.0,0.0,51.4,55.89
2019-11-22 17:00:56,58.08,0.0,0.0,52.47,56.81
2019-11-22 18:00:56,71.48,0.0,0.0,62.26,67.07
2019-11-22 19:00:56,90.09,0.0,0.0,73.75,79.18
2019-11-22 20:00:56,102.64,0.0,0.0,94.01,104.03
2019-11-22 21:00:56,107.69,0.0,0.0,106.51,116.37
2019-11-22 22:00:56,92.37,0.0,0.0,98.81,104.91
2019-11-22 23:00:56,72.86,0.0,0.0,87.75,93.55
2019-11-23 00:00:56,64.03,0.0,0.0,86.55,93.27
2019-11-23 01:00:56,60.16,0.0,0.0,78.98,84.41
2019-11-23 02:00:56,54.98,0.0,0.0,75.16,81.67
2019-11-23 03:00:56,48.89,0.0,0.0,65.81,71.34
2019-11-23 04:00:56,44.25,0.0,0.0,52.44,57.96
2019-11-23 05:00:56,41.32,0.0,0.0,46.75,51.44
2019-11-23 06:00:56,41.7,0.0,0.0,43.11,48.76
2019-11-23 07:00:56,36.28,0.0,0.0,52.36,59.98
2019-11-23 08:00:56,24.06,0.0,0.0,67.35,79.03
2019-11-23 09:00:56,34.52,0.0,0.0,82.92,99.5
2019-11-23 10:00:56,54.13,0.0,0.0,91.78,108.75
2019-11-23 11:00:56,71.06,2.79,0.0,93.14,103.93
2019-11-23 12:00:56,64.84,3.97,0.0,79.57,85.33
2019-11-23 13:00:56,67.47,92.41,0.0,68.61,73.79
2019-11-23 14:00:56,87.46,202.48,0.0,61.21,66.37
2019-11-23 15:00:56,94.86,72.77,0.0,54.73,60.12
2019-11-23 16:00:56,95.17,6.2,0.0,55.69,60.48
2019-11-23 17:00:56,89.11,0.0,0.0,58.79,63.77
2019-11-23 18:00:56,79.22,0.0,0.0,71.33,77.46
2019-11-23 19:00:56,92.46,0.0,0.0,86.18,92.57
2019-11-23 20:00:56,87.34,0.0,0.0,81.56,86.48
2019-11-23 21:00:56,74.22,0.0,0.0,78.07,84.31
2019-11-23 22:00:56,69.01,0.0,0.0,91.39,100.78
2019-11-23 23:00:56,72.46,0.0,0.0,102.96,117.0
2019-11-24 00:00:56,74.65,0.0,0.0,117.26,140.41
2019-11-24 01:00:56,67.04,0.0,0.0,122.78,145.81
2019-11-24 02:00:56,64.59,0.0,0.0,124.13,149.41
2019-11-24 03:00:56,53.31,0.0,0.0,110.15,123.96
2019-11-24 04:00:56,56.14,0.0,0.0,90.18,96.77
2019-11-24 05:00:56,49.87,0.0,0.0,70.14,75.93
2019-11-24 06:00:56,34.71,0.0,0.0,59.8,64.86
2019-11-24 07:00:56,23.98,0.0,0.0,52.1,57.02
2019-11-24 08:00:56,22.36,0.0,0.0,54.4,60.83
2019-11-24 09:00:56,24.97,0.0,0.0,70.24,80.71
2019-11-24 10:00:56,36.47,0.0,0.0,77.45,86.91
2019-11-24 11:00:56,45.76,0.0,0.0,71.82,77.92
2019-11-24 12:00:56,49.77,0.0,0.0,65.92,71.3
2019-11-24 13:00:56,51.65,0.0,0.0,59.44,64.65
2019-11-24 14:00:56,56.0,0.0,0.0,52.36,57.0
2019-11-24 15:00:56,58.2,0.0,0.0,49.17,53.81
2019-11-24 16:00:56,68.64,0.0,0.0,52.84,58.2
2019-11-24 17:00:56,81.03,0.0,0.0,63.92,69.31
2019-11-24 18:00:56,88.13,0.0,0.0,67.38,71.94
2019-11-24 19:00:56,88.55,0.0,0.0,70.76,75.67
2019-11-24 20:00:56,89.68,0.0,0.0,71.06,75.96
2019-11-24 21:00:56,89.49,0.0,0.0,74.83,80.62
2019-11-24 22:00:56,102.4,0.0,0.0,90.89,99.25
2019-11-24 23:00:56,115.02,0.0,0.0,99.81,108.46
2019-11-25 00:00:56,110.14,0.0,0.0,93.38,100.0
2019-11-25 01:00:56,100.34,0.0,0.0,77.77,83.32
2019-11-25 02:00:56,92.86,0.0,0.0,71.04,76.53
2019-11-25 03:00:56,76.65,0.0,0.0,73.76,79.68
2019-11-25 04:00:56,73.33,0.0,0.0,68.5,74.18
2019-11-25 05:00:56,60.67,0.0,0.0,63.63,69.18
2019-11-25 06:00:56,52.94,0.0,0.0,59.47,64.44
2019-11-25 07:00:56,50.97,0.0,0.0,52.36,57.48
2019-11-25 08:00:56,52.11,0.0,0.0,61.39,69.18
2019-11-25 09:00:56,63.0,0.0,0.0,79.2,90.01
2019-11-25 10:00:56,79.39,0.0,1318.92,91.21,103.07
2019-11-25 11:00:56,87.95,0.0,982.42,92.55,101.29
2019-11-25 12:00:56,89.97,45.59,843.04,84.84,91.9
2019-11-25 13:00:56,86.31,101.69,755.42,74.48,79.59
2019-11-25 14:00:56,80.91,37.92,612.69,66.39,71.62
2019-11-25 15:00:56,74.36,13.38,726.36,55.44,59.71
2019-11-25 16:00:56,80.66,10.06,0.0,55.86,60.84
2019-11-25 17:00:56,128.5,0.0,932.08,62.02,67.46
2019-11-25 18:00:56,136.43,0.0,1249.78,72.94,78.35
2019-11-25 19:00:56,123.63,0.0,1888.93,87.36,95.7
2019-11-25 20:00:56,130.49,0.0,2293.68,119.77,140.58
2019-11-25 21:00:56,159.12,0.0,3456.95,143.63,180.58
2019-11-25 22:00:56,167.91,0.0,1847.29,152.98,199.66
2019-11-25 23:00:56,150.47,0.0,1877.76,146.53,187.04
2019-11-26 00:00:56,138.63,0.0,2072.0,136.82,170.4
2019-11-26 01:00:56,125.98,0.0,1537.52,126.66,151.56
2019-11-26 02:00:56,97.18,0.0,1305.59,112.63,126.35
2019-11-26 03:00:56,84.6,0.0,1244.99,93.98,101.09
2019-11-26 04:00:56,77.66,0.0,1035.93,79.08,84.9
2019-11-26 05:00:56,66.64,0.0,831.55,68.12,73.91
2019-11-26 06:00:56,64.49,0.0,1019.03,58.27,63.44
2019-11-26 07:00:56,63.61,4.94,1341.22,55.53,60.99
2019-11-26 08:00:56,65.48,6.53,1556.45,60.99,67.29
2019-11-26 09:00:56,92.78,11.38,2004.48,87.12,107.12
2019-11-26 10:00:56,132.11,20.49,1469.73,115.65,160.86
2019-11-26 11:00:56,164.24,28.0,1599.16,135.88,200.23
2019-11-26 12:00:56,206.13,22.26,1243.72,153.85,233.49
2019-11-26 13:00:56,200.14,14.1,1450.88,161.4,235.43
2019-11-26 14:00:56,173.31,11.88,819.92,165.83,235.77
2019-11-26 15:00:56,169.48,17.62,1248.53,165.28,222.21
2019-11-26 16:00:56,167.14,11.22,0.0,167.54,214.28
2019-11-26 17:00:56,164.57,8.08,1514.22,172.88,223.05
2019-11-26 18:00:56,175.54,9.62,877.36,176.83,230.25
2019-11-26 19:00:56,163.18,4.73,1960.84,172.15,215.74
2019-11-26 20:00:56,148.71,1.99,744.16,178.14,233.48
2019-11-26 21:00:56,128.97,0.0,668.53,170.29,211.71
2019-11-26 22:00:56,96.89,0.0,483.59,150.99,169.95
2019-11-26 23:00:56,61.77,0.0,990.79,129.86,138.25
2019-11-27 00:00:56,61.51,0.0,946.54,122.52,132.96
2019-11-27 01:00:56,58.73,0.0,668.32,110.06,117.83
2019-11-27 02:00:56,49.72,0.0,445.63,98.34,104.18
2019-11-27 03:00:56,42.14,0.0,439.18,82.33,87.87
2019-11-27 04:00:56,40.53,0.0,367.51,68.01,72.77
2019-11-27 05:00:56,40.02,0.0,371.68,58.65,63.95
2019-11-27 06:00:56,39.36,0.0,409.4,48.98,54.29
2019-11-27 07:00:56,50.21,0.0,703.2,48.89,54.65
2019-11-27 08:00:56,59.94,0.0,1589.48,62.85,68.46
2019-11-27 09:00:56,69.77,0.0,1837.96,91.96,106.29
2019-11-27 10:00:56,84.68,0.0,1105.06,123.2,154.3
2019-11-27 11:00:56,93.88,0.0,1012.15,135.79,167.71
2019-11-27 12:00:56,109.1,0.0,1124.92,137.05,162.4
2019-11-27 13:00:56,124.59,0.0,1519.65,142.71,166.91
2019-11-27 14:00:56,130.94,0.0,1270.38,154.87,185.32
2019-11-27 15:00:56,140.33,5.93,749.33,151.27,168.6
2019-11-27 16:00:56,133.11,3.19,0.0,135.99,143.65
2019-11-27 17:00:56,110.02,0.0,839.32,117.68,123.34
2019-11-27 18:00:56,86.49,0.0,1035.87,102.69,108.6
2019-11-27 19:00:56,69.61,0.0,848.37,87.74,92.95
2019-11-27 20:00:56,61.63,0.0,901.08,74.53,79.39
2019-11-27 21:00:56,47.74,0.0,960.27,64.96,70.29
2019-11-27 22:00:56,38.29,0.0,1122.81,60.62,65.2
2019-11-27 23:00:56,37.03,0.0,1081.22,58.34,63.4
2019-11-28 00:00:56,29.08,0.0,1163.33,56.44,61.59
2019-11-28 01:00:56,37.04,0.0,1213.62,53.92,58.98
2019-11-28 02:00:56,33.48,0.0,913.14,51.87,56.75
2019-11-28 03:00:56,26.68,0.0,1034.59,46.66,51.59
2019-11-28 04:00:56,22.82,0.0,928.88,44.31,48.63
2019-11-28 05:00:56,24.39,0.0,1054.35,39.72,45.02
2019-11-28 06:00:56,28.25,0.0,888.31,39.93,44.89
2019-11-28 07:00:56,30.49,0.0,1191.08,41.57,46.9
2019-11-28 08:00:56,26.82,0.0,1551.91,54.34,60.33
2019-11-28 09:00:56,24.23,0.0,2064.99,80.24,91.56
2019-11-28 10:00:56,34.59,0.0,1206.9,107.95,122.53
2019-11-28 11:00:56,50.03,0.0,1135.39,105.44,113.19
2019-11-28 12:00:56,47.23,0.0,817.28,87.79,93.49
2019-11-28 13:00:56,30.54,0.0,652.07,70.67,75.29
2019-11-28 14:00:56,17.58,0.0,505.09,60.31,65.11
2019-11-28 15:00:56,13.15,0.0,639.43,47.01,51.92
2019-11-28 16:00:56,15.7,0.0,0.0,59.35,67.97
2019-11-28 17:00:56,26.12,1.69,978.16,67.98,72.1
2019-11-28 18:00:56,43.95,1.64,1028.6,69.83,74.92
2019-11-28 19:00:56,60.08,1.41,792.88,87.99,95.45
2019-11-28 20:00:56,60.91,0.95,1742.91,97.75,104.8
2019-11-28 21:00:56,61.72,0.8,1804.74,99.15,106.56
2019-11-28 22:00:56,63.81,1.08,1434.19,96.28,103.02
2019-11-28 23:00:56,58.25,0.9,1477.79,91.66,100.04
2019-11-29 00:00:56,58.74,0.34,1296.03,87.03,94.1
2019-11-29 01:00:56,54.39,0.66,1370.53,84.49,92.87
2019-11-29 02:00:56,54.92,0.0,1106.36,97.18,109.67
2019-11-29 03:00:56,60.07,0.0,908.04,94.1,103.11
2019-11-29 04:00:56,48.78,0.32,562.49,78.62,84.17
2019-11-29 05:00:56,35.25,0.0,489.99,64.55,69.43
2019-11-29 06:00:56,29.85,2.18,459.1,53.23,57.88
2019-11-29 07:00:56,20.41,2.44,804.24,42.34,47.11
2019-11-29 08:00:56,11.41,1.63,1134.14,41.61,46.38
2019-11-29 09:00:56,20.43,2.01,758.79,56.12,62.47
2019-11-29 10:00:56,30.9,2.48,714.17,56.2,61.83
2019-11-29 11:00:56,26.07,40.13,509.58,54.85,61.4
2019-11-29 12:00:56,22.59,2.77,374.89,36.66,40.59
2019-11-29 13:00:56,26.05,2.01,397.84,28.75,33.15
2019-11-29 14:00:56,20.92,2.27,404.05,24.54,28.61
2019-11-29 15:00:56,20.2,2.38,317.1,22.52,26.47
2019-11-29 16:00:56,39.42,2.16,0.0,21.35,25.41
2019-11-29 17:00:56,35.26,1.79,413.91,21.38,25.36
2019-11-29 18:00:56,20.78,3.48,574.94,26.91,31.51
2019-11-29 19:00:56,29.79,5.59,749.21,34.95,39.86
2019-11-29 20:00:56,27.55,5.04,652.13,40.62,45.28
2019-11-29 21:00:56,30.59,3.34,776.93,41.38,46.18
2019-11-29 22:00:56,27.93,3.28,503.11,45.47,50.59
2019-11-29 23:00:56,18.55,1.85,807.03,38.28,43.32
2019-11-30 00:00:56,12.13,1.84,441.99,34.34,38.51
2019-11-30 01:00:56,14.53,1.46,541.59,30.02,34.31
2019-11-30 02:00:56,23.0,9.13,578.44,27.92,32.4
2019-11-30 03:00:56,18.88,1.01,670.02,31.0,35.74
2019-11-30 04:00:56,13.09,0.88,751.51,31.55,36.38
2019-11-30 05:00:56,12.01,1.14,627.11,29.22,33.56
2019-11-30 06:00:56,10.6,0.94,652.87,26.91,31.35
2019-11-30 07:00:56,16.16,0.97,695.87,32.11,36.63
2019-11-30 08:00:56,17.68,0.95,944.23,36.71,41.68
2019-11-30 09:00:56,18.78,0.98,983.61,47.93,53.31
2019-11-30 10:00:56,24.62,1.97,1856.36,65.86,75.38
2019-11-30 11:00:56,79.6,13.36,952.87,89.77,105.29
2019-11-30 12:00:56,89.2,11.45,682.85,87.75,96.37
2019-11-30 13:00:56,56.16,1.37,755.49,66.53,71.76
2019-11-30 14:00:56,30.99,0.91,693.22,53.02,57.73
2019-11-30 15:00:56,16.53,1.32,773.91,42.02,46.88
2019-11-30 16:00:56,16.04,1.02,0.0,39.28,43.78
2019-11-30 17:00:56,16.93,3.63,983.76,44.87,50.13
2019-11-30 18:00:56,41.92,4.56,1325.97,67.07,75.93
2019-11-30 19:00:56,72.64,3.65,646.19,91.48,101.61
2019-11-30 20:00:56,67.5,2.32,995.83,85.78,92.16
2019-11-30 21:00:56,51.98,2.29,1607.14,90.09,100.52
2019-11-30 22:00:56,57.46,2.77,1333.82,106.56,123.7
2019-11-30 23:00:56,71.9,2.49,1702.4,111.47,130.92
2019-12-01 00:00:56,70.17,2.88,1013.24,108.17,123.19
2019-12-01 01:00:56,58.25,4.95,688.17,97.39,105.46
2019-12-01 02:00:56,51.54,14.74,630.51,84.65,90.31
2019-12-01 03:00:56,49.49,27.26,718.2,75.95,81.53
2019-12-01 04:00:56,60.12,52.33,586.28,69.84,75.16
2019-12-01 05:00:56,64.21,41.08,474.39,58.14,62.88
2019-12-01 06:00:56,47.8,16.62,457.4,47.48,52.56
2019-12-01 07:00:56,41.52,51.02,530.63,41.75,46.86
2019-12-01 08:00:56,29.54,19.39,525.69,38.43,43.21
2019-12-01 09:00:56,18.08,8.08,448.3,37.03,42.33
2019-12-01 10:00:56,17.32,6.66,627.85,39.59,44.97
2019-12-01 11:00:56,20.1,4.99,548.56,40.48,45.39
2019-12-01 12:00:56,19.18,3.42,475.54,37.57,42.42
2019-12-01 13:00:56,12.75,2.17,403.93,39.7,44.97
2019-12-01 14:00:56,12.84,1.26,419.12,44.6,49.59
2019-12-01 15:00:56,19.73,0.75,464.46,48.52,53.4
2019-12-01 16:00:56,24.01,0.95,0.0,45.45,50.43
2019-12-01 17:00:56,18.16,1.32,678.6,48.42,53.57
2019-12-01 18:00:56,18.56,0.87,708.01,46.01,50.96
2019-12-01 19:00:56,23.98,0.0,815.88,45.04,49.6
2019-12-01 20:00:56,26.54,0.0,678.03,45.27,50.04
2019-12-01 21:00:56,23.91,0.0,673.43,42.62,47.21
2019-12-01 22:00:56,20.69,0.0,573.55,39.96,44.37
2019-12-01 23:00:56,14.99,0.0,449.31,38.83,43.39
2019-12-02 00:00:56,14.24,0.0,443.58,35.93,40.6
2019-12-02 01:00:56,19.1,0.0,437.5,32.1,36.52
2019-12-02 02:00:56,17.78,0.0,607.14,28.14,32.75
2019-12-02 03:00:56,15.33,0.0,675.12,26.96,30.89
2019-12-02 04:00:56,10.91,0.0,627.37,23.98,28.02
2019-12-02 05:00:56,6.87,0.0,840.58,24.09,28.08
2019-12-02 06:00:56,7.35,0.0,856.83,22.51,26.78
2019-12-02 07:00:56,9.59,0.0,850.54,22.31,25.99
2019-12-02 08:00:56,10.17,0.0,1329.65,25.13,29.47
2019-12-02 09:00:56,13.11,0.0,463.39,37.75,42.33
2019-12-02 10:00:56,13.02,0.0,224.0,49.74,55.43
2019-12-02 11:00:56,9.23,0.0,104.71,46.46,51.96
2019-12-02 12:00:56,6.86,0.52,0.0,41.61,46.84
2019-12-02 13:00:56,5.48,0.0,0.0,41.73,47.61
2019-12-02 14:00:56,0.0,0.0,0.0,40.46,46.1
2019-12-02 15:00:56,5.82,3.49,251.38,41.07,46.84
2019-12-02 16:00:56,8.1,6.16,0.0,42.94,49.17
2019-12-02 17:00:56,14.28,0.64,832.37,44.48,51.42
2019-12-02 18:00:56,17.95,0.55,1160.02,49.48,56.42
2019-12-02 19:00:56,27.41,1.0,1563.17,51.49,59.26
2019-12-02 20:00:56,29.91,0.64,1039.16,53.49,61.25
2019-12-02 21:00:56,33.69,0.33,1109.74,50.14,56.4
2019-12-02 22:00:56,25.66,0.0,1441.86,46.46,52.97
2019-12-02 23:00:56,25.29,0.0,1427.89,50.4,59.39
2019-12-03 00:00:56,29.39,0.0,1106.89,50.31,59.47
2019-12-03 01:00:56,29.61,0.0,1075.83,45.47,53.68
2019-12-03 02:00:56,21.14,0.0,951.31,39.94,47.08
2019-12-03 03:00:56,11.82,0.0,947.35,34.97,41.52
2019-12-03 04:00:56,7.55,0.0,932.97,32.36,38.49
2019-12-03 05:00:56,18.21,0.0,90.73,34.49,41.97
2019-12-03 06:00:56,17.46,0.58,1000.98,38.89,47.14
2019-12-03 07:00:56,17.81,0.53,1506.52,46.32,59.28
2019-12-03 08:00:56,21.05,1.16,1624.76,53.42,69.98
2019-12-03 09:00:56,31.66,2.24,2057.06,63.32,85.76
2019-12-03 10:00:56,41.51,2.59,1015.54,68.54,94.08
2019-12-03 11:00:56,37.44,1.76,799.2,66.08,87.96
2019-12-03 12:00:56,23.68,32.86,592.74,62.33,79.11
2019-12-03 13:00:56,17.87,9.8,1216.48,57.53,70.6
2019-12-03 14:00:56,12.93,2.05,1921.65,51.23,60.09
2019-12-03 15:00:56,8.33,1.24,1915.99,50.17,56.03
2019-12-03 16:00:56,12.89,0.92,0.0,45.85,50.89
2019-12-03 17:00:56,20.08,1.66,525.44,45.93,51.17
2019-12-03 18:00:56,26.78,4.94,677.25,45.35,50.79
2019-12-03 19:00:56,39.46,11.01,663.37,62.27,70.63
2019-12-03 20:00:56,57.86,8.35,1111.76,79.07,91.6
2019-12-03 21:00:56,65.14,4.75,420.84,87.77,101.8
2019-12-03 22:00:56,65.65,0.81,534.79,79.83,87.49
2019-12-03 23:00:56,54.36,0.72,348.93,63.82,68.67
2019-12-04 00:00:56,49.68,0.0,422.59,51.29,56.2
2019-12-04 01:00:56,35.09,0.0,318.7,46.31,51.23
2019-12-04 02:00:56,25.61,0.0,294.62,39.7,44.23
2019-12-04 03:00:56,17.78,0.0,316.24,35.54,40.0
2019-12-04 04:00:56,16.09,0.0,788.52,32.49,36.95
2019-12-04 05:00:56,18.15,0.0,522.2,30.04,34.16
2019-12-04 06:00:56,12.96,0.0,370.92,29.94,34.7
2019-12-04 07:00:56,7.76,0.0,475.23,29.07,33.48
2019-12-04 08:00:56,4.88,0.0,571.35,28.36,32.84
2019-12-04 09:00:56,5.02,0.0,796.83,39.88,44.64
2019-12-04 10:00:56,13.64,0.0,780.01,51.19,56.2
2019-12-04 11:00:56,23.45,0.0,661.97,56.45,61.17
2019-12-04 12:00:56,28.55,0.0,806.1,59.86,65.59
2019-12-04 13:00:56,29.48,0.0,0.0,65.19,71.11
2019-12-04 14:00:56,22.3,0.0,758.01,60.39,65.37
2019-12-04 15:00:56,13.84,0.0,797.66,56.07,61.3
2019-12-04 16:00:56,9.94,0.0,0.0,54.32,58.8
2019-12-04 17:00:56,21.89,0.0,853.34,54.81,59.89
2019-12-04 18:00:56,26.14,0.0,676.67,51.96,56.71
2019-12-04 19:00:56,18.13,0.0,768.55,47.49,51.89
2019-12-04 20:00:56,10.81,0.0,1090.55,42.32,46.73
2019-12-04 21:00:56,13.45,0.0,824.73,49.77,55.05
2019-12-04 22:00:56,17.62,0.0,965.82,45.84,50.56
2019-12-04 23:00:56,17.78,0.0,835.71,38.97,43.25
2019-12-05 00:00:56,18.19,0.0,698.12,32.15,36.42
2019-12-05 01:00:56,13.33,0.0,845.93,28.02,32.38
2019-12-05 02:00:56,7.54,0.0,797.28,28.27,32.43
2019-12-05 03:00:56,8.61,0.0,730.77,25.87,30.0
2019-12-05 04:00:56,13.95,0.0,478.64,25.29,29.41
2019-12-05 05:00:56,12.19,0.0,512.56,27.78,31.59
2019-12-05 06:00:56,12.59,0.0,546.5,26.19,30.38
2019-12-05 07:00:56,12.58,0.0,551.21,28.8,33.23
2019-12-05 08:00:56,8.56,0.0,975.87,31.92,36.55
2019-12-05 09:00:56,18.43,0.44,721.82,55.35,66.7
2019-12-05 10:00:56,29.44,1.99,875.72,69.8,79.6
2019-12-05 11:00:56,31.62,3.2,408.77,68.78,75.77
2019-12-05 12:00:56,25.86,1.82,406.01,57.6,62.25
2019-12-05 13:00:56,21.71,2.68,238.33,46.35,50.33
2019-12-05 14:00:56,15.74,0.0,174.16,41.07,45.84
2019-12-05 15:00:56,12.55,0.0,36.06,40.54,45.56
2019-12-05 16:00:56,14.56,0.0,0.0,41.61,46.91
2019-12-05 17:00:56,12.05,0.0,618.49,45.55,51.43
2019-12-05 18:00:56,22.48,0.0,1210.63,53.93,60.21
2019-12-05 19:00:56,30.1,0.0,1860.59,58.68,64.68
2019-12-05 20:00:56,29.38,0.0,796.65,53.09,58.71
2019-12-05 21:00:56,25.48,0.0,650.82,53.53,60.09
2019-12-05 22:00:56,31.76,0.81,466.21,58.6,68.27
2019-12-05 23:00:56,34.6,2.12,77.02,61.64,74.57
2019-12-06 00:00:56,33.72,1.01,222.88,60.64,73.36
2019-12-06 01:00:56,32.72,1.33,192.16,58.35,69.46
2019-12-06 02:00:56,27.41,8.74,178.5,53.16,62.57
2019-12-06 03:00:56,29.02,1.66,117.83,46.85,54.18
2019-12-06 04:00:56,32.94,1.22,129.52,41.44,48.15
2019-12-06 05:00:56,23.75,1.18,342.53,39.92,48.18
2019-12-06 06:00:56,14.2,0.85,239.89,48.55,63.98
2019-12-06 07:00:56,19.85,0.64,229.01,55.88,76.16
2019-12-06 08:00:56,26.26,0.81,793.9,60.03,83.5
2019-12-06 09:00:56,31.94,3.32,265.13,71.14,106.72
2019-12-06 10:00:56,36.37,9.78,150.05,74.05,104.51
2019-12-06 11:00:56,27.4,18.67,684.73,71.25,93.03
2019-12-06 12:00:56,23.23,27.46,0.0,67.65,81.29
2019-12-06 13:00:56,19.5,19.6,8.94,60.49,69.69
2019-12-06 14:00:56,13.51,8.53,376.69,52.95,59.38
2019-12-06 15:00:56,12.09,5.71,220.56,44.9,50.78
2019-12-06 16:00:56,13.24,3.15,0.0,40.86,46.81
2019-12-06 17:00:56,17.12,1.97,1362.93,40.42,47.31
2019-12-06 18:00:56,18.77,0.99,1922.4,43.92,51.39
2019-12-06 19:00:56,45.6,0.69,1653.28,51.86,62.4
2019-12-06 20:00:56,55.81,0.41,2253.04,58.02,72.54
2019-12-06 21:00:56,45.32,0.61,2437.98,62.95,81.93
2019-12-06 22:00:56,55.43,0.83,2427.86,62.44,84.19
2019-12-06 23:00:56,60.09,0.0,2128.23,72.7,117.86
2019-12-07 00:00:56,63.3,0.0,2025.64,77.93,142.46
2019-12-07 01:00:56,49.99,0.0,2132.04,70.57,126.3
2019-12-07 02:00:56,38.55,0.0,1730.07,61.54,108.92
2019-12-07 03:00:56,40.86,0.0,1655.29,57.36,95.74
2019-12-07 04:00:56,29.87,0.0,1759.57,54.36,88.26
2019-12-07 05:00:56,34.37,0.0,1702.84,52.72,88.21
2019-12-07 06:00:56,29.28,0.0,1757.44,46.69,76.4
2019-12-07 07:00:56,19.22,0.0,1649.28,44.06,68.0
2019-12-07 08:00:56,17.65,0.0,2247.21,43.9,70.01
2019-12-07 09:00:56,25.24,0.0,2607.11,52.71,94.88
2019-12-07 10:00:56,56.67,4.69,1963.63,72.35,150.42
2019-12-07 11:00:56,62.12,16.84,1555.8,75.47,156.6
2019-12-07 12:00:56,50.41,16.2,1368.91,72.88,143.24
2019-12-07 13:00:56,42.15,165.89,1043.59,69.25,127.59
2019-12-07 14:00:56,46.79,112.27,804.61,68.22,116.35
2019-12-07 15:00:56,48.96,9.33,2161.36,62.95,96.44
2019-12-07 16:00:56,33.01,4.94,0.0,63.16,78.51
2019-12-07 17:00:56,28.5,5.4,1339.83,59.29,65.59
2019-12-07 18:00:56,41.59,7.28,1550.28,56.85,63.37
2019-12-07 19:00:56,55.75,6.49,1592.12,64.95,77.03
2019-12-07 20:00:56,68.35,5.73,1792.73,75.0,99.17
2019-12-07 21:00:56,76.4,8.59,2538.01,84.25,122.25
2019-12-07 22:00:56,70.47,20.75,1793.2,91.42,141.55
2019-12-07 23:00:56,54.63,18.13,603.39,98.72,168.64
2019-12-08 00:00:56,52.97,13.8,398.38,98.23,179.68
2019-12-08 01:00:56,47.83,10.81,307.03,90.7,163.27
2019-12-08 02:00:56,44.48,14.76,74.2,82.52,147.23
2019-12-08 03:00:56,38.03,15.34,294.12,75.98,130.89
2019-12-08 04:00:56,32.74,12.74,43.42,69.86,114.06
2019-12-08 05:00:56,24.63,7.82,125.17,64.13,99.91
2019-12-08 06:00:56,28.21,5.38,349.8,60.45,90.92
2019-12-08 07:00:56,36.03,12.99,450.34,56.52,82.7
2019-12-08 08:00:56,31.69,9.6,221.35,53.41,74.8
2019-12-08 09:00:56,29.08,8.66,339.16,50.27,65.82
2019-12-08 10:00:56,25.89,6.88,292.57,47.08,59.62
2019-12-08 11:00:56,23.93,30.92,355.12,44.89,55.1
2019-12-08 12:00:56,25.97,29.5,30.13,42.91,52.54
2019-12-08 13:00:56,26.33,4.0,0.0,37.52,44.06
2019-12-08 14:00:56,26.95,3.58,901.11,30.81,36.0
2019-12-08 15:00:56,26.27,3.58,1137.44,26.3,31.64
2019-12-08 16:00:56,27.88,2.2,0.0,27.5,32.68
2019-12-08 17:00:56,30.43,4.58,3515.57,29.42,33.23
2019-12-08 18:00:56,35.72,4.43,3333.29,32.01,37.52
2019-12-08 19:00:56,40.03,4.57,3314.43,44.71,53.72
2019-12-08 20:00:56,40.32,6.24,3265.43,49.73,60.26
2019-12-08 21:00:56,37.56,4.67,3423.2,45.08,52.21
2019-12-08 22:00:56,29.32,4.91,3545.2,47.52,56.1
2019-12-08 23:00:56,35.47,4.7,3784.39,53.5,66.5
2019-12-09 00:00:56,40.12,2.98,3328.91,53.91,65.47
2019-12-09 01:00:56,29.72,2.34,3393.9,45.52,53.11
2019-12-09 02:00:56,25.99,6.88,3385.93,37.07,42.69
2019-12-09 03:00:56,18.98,1.63,3094.38,30.98,36.38
2019-12-09 04:00:56,11.08,1.54,3428.2,27.86,33.09
2019-12-09 05:00:56,12.71,0.58,3476.63,24.65,29.25
2019-12-09 06:00:56,18.71,0.47,3730.91,21.4,26.59
2019-12-09 07:00:56,20.02,0.0,3518.35,23.33,29.02
2019-12-09 08:00:56,14.19,0.0,3711.92,34.27,44.06
2019-12-09 09:00:56,19.97,0.74,3984.31,56.19,89.58
2019-12-09 10:00:56,29.05,0.91,4376.24,80.08,152.41
2019-12-09 11:00:56,32.27,1.79,3830.33,91.51,184.28
2019-12-09 12:00:56,23.23,4.14,4638.64,102.73,211.72
2019-12-09 13:00:56,27.08,8.81,3566.78,109.0,219.82
2019-12-09 14:00:56,24.2,38.13,3873.46,103.98,191.48
2019-12-09 15:00:56,21.47,47.06,3698.52,100.87,163.7
2019-12-09 16:00:56,31.33,17.47,0.0,100.98,144.13
2019-12-09 17:00:56,38.95,4.57,4939.87,104.33,135.15
2019-12-09 18:00:56,43.84,2.2,5631.6,103.48,127.56
2019-12-09 19:00:56,62.38,1.97,5467.01,109.87,146.21
2019-12-09 20:00:56,73.22,3.1,4803.61,108.74,149.97
2019-12-09 21:00:56,62.76,2.07,4950.18,100.79,132.07
2019-12-09 22:00:56,54.37,0.66,4910.54,93.14,122.05
2019-12-09 23:00:56,47.06,0.0,5280.77,85.68,111.33
2019-12-10 00:00:56,43.34,0.0,5115.51,86.55,120.06
2019-12-10 01:00:56,47.69,0.0,5095.91,89.51,131.8
2019-12-10 02:00:56,37.92,0.0,5237.05,88.65,134.51
2019-12-10 03:00:56,44.74,0.0,4599.07,84.46,131.28
2019-12-10 04:00:56,41.72,0.0,4151.81,71.93,109.87
2019-12-10 05:00:56,34.52,0.0,4232.98,61.84,92.76
2019-12-10 06:00:56,33.75,0.0,4375.97,58.38,90.18
2019-12-10 07:00:56,36.94,0.0,4557.63,57.92,92.54
2019-12-10 08:00:56,37.73,0.0,4690.26,56.74,94.91
2019-12-10 09:00:56,42.76,0.0,4647.48,63.77,121.88
2019-12-10 10:00:56,64.34,1.39,5489.48,72.56,149.64
2019-12-10 11:00:56,77.15,12.35,4197.99,84.11,185.19
2019-12-10 12:00:56,64.29,16.09,3951.11,81.34,168.51
2019-12-10 13:00:56,54.13,13.54,3575.99,0.0,0.0
2019-12-10 14:00:56,41.89,7.07,3915.49,73.73,130.83
2019-12-10 15:00:56,34.91,5.02,5120.16,71.77,114.36
2019-12-10 16:00:56,26.13,18.54,0.0,78.5,105.03
2019-12-10 17:00:56,58.33,19.73,4812.72,93.76,117.93
2019-12-10 18:00:56,113.38,7.7,3882.27,107.51,141.07
2019-12-10 19:00:56,117.42,4.42,4669.36,108.05,139.22
2019-12-10 20:00:56,105.73,2.93,5871.46,110.32,151.77
2019-12-10 21:00:56,117.79,2.92,5921.6,116.84,182.69
2019-12-10 22:00:56,126.03,2.78,5539.92,123.56,213.32
2019-12-10 23:00:56,130.55,3.41,5628.13,131.05,241.5
2019-12-11 00:00:56,117.9,4.84,4267.99,129.89,239.02
2019-12-11 01:00:56,90.55,3.76,3408.22,120.02,208.44
2019-12-11 02:00:56,71.57,11.82,3313.19,106.97,175.23
2019-12-11 03:00:56,59.31,2.51,3168.39,96.33,154.52
2019-12-11 04:00:56,47.88,1.89,3052.1,86.84,135.91
2019-12-11 05:00:56,46.18,2.14,3141.74,77.43,115.99
2019-12-11 06:00:56,51.52,2.76,3182.7,68.06,99.3
2019-12-11 07:00:56,53.91,2.39,3307.82,63.53,92.47
2019-12-11 08:00:56,45.82,1.89,4063.16,63.17,97.93
2019-12-11 09:00:56,59.79,3.16,4792.6,84.32,164.97
2019-12-11 10:00:56,79.1,12.6,3914.2,105.8,236.23
2019-12-11 11:00:56,94.25,38.02,3562.28,109.09,250.77
2019-12-11 12:00:56,95.15,104.86,3019.81,107.2,237.71
2019-12-11 13:00:56,79.7,24.54,2416.72,100.23,212.24
2019-12-11 14:00:56,58.12,15.8,3603.84,94.09,186.96
2019-12-11 15:00:56,52.32,268.01,3798.13,96.71,167.28
2019-12-11 16:00:56,89.3,297.88,0.0,107.49,161.49
2019-12-11 17:00:56,107.78,63.22,5064.15,117.09,164.6
2019-12-11 18:00:56,155.44,26.06,5271.29,136.86,201.47
2019-12-11 19:00:56,182.18,14.9,4485.83,144.61,218.02
2019-12-11 20:00:56,158.02,9.99,5174.92,143.51,224.77
2019-12-11 21:00:56,155.98,8.68,5173.26,148.39,254.97
2019-12-11 22:00:56,146.86,6.73,4964.04,146.68,259.87
2019-12-11 23:00:56,131.15,2.85,5075.29,137.06,243.17
2019-12-12 00:00:56,103.62,1.38,4936.13,126.07,219.13
2019-12-12 01:00:56,88.95,0.91,4034.9,111.96,187.55
2019-12-12 02:00:56,81.56,8.5,3651.66,96.56,161.88
2019-12-12 03:00:56,67.3,1.15,3376.72,86.22,144.9
2019-12-12 04:00:56,62.3,0.86,3221.32,75.84,126.42
2019-12-12 05:00:56,49.05,0.0,3026.33,64.24,105.73
2019-12-12 06:00:56,36.24,0.0,2855.99,56.94,90.09
2019-12-12 07:00:56,34.55,0.0,2971.35,50.75,79.76
2019-12-12 08:00:56,36.07,0.0,3726.63,52.38,85.36
2019-12-12 09:00:56,51.54,1.47,3843.19,72.82,152.73
2019-12-12 10:00:56,90.69,3.8,4207.02,87.83,204.38
2019-12-12 11:00:56,109.94,50.25,3994.93,91.63,210.67
2019-12-12 12:00:56,114.85,98.46,2880.76,100.28,221.74
2019-12-12 13:00:56,139.06,101.21,2573.03,104.07,221.67
2019-12-12 14:00:56,122.0,68.15,2320.08,103.4,213.96
2019-12-12 15:00:56,93.98,57.14,3436.05,97.54,197.48
2019-12-12 16:00:56,93.31,42.53,0.0,101.09,195.94
2019-12-12 17:00:56,97.39,22.62,4169.94,113.79,205.36
2019-12-12 18:00:56,114.95,15.16,4834.37,122.25,204.92
2019-12-12 19:00:56,125.58,13.07,4992.57,131.61,215.32
2019-12-12 20:00:56,148.97,11.08,6164.75,145.52,255.74
2019-12-12 21:00:56,161.06,11.96,4549.31,154.91,287.62
2019-12-12 22:00:56,168.78,11.56,5721.91,157.71,305.95
2019-12-12 23:00:56,158.26,11.28,5891.14,158.77,317.44
2019-12-13 00:00:56,150.34,8.8,5589.19,154.21,315.56
2019-12-13 01:00:56,144.98,7.28,5321.53,143.95,294.69
2019-12-13 02:00:56,133.24,15.53,4821.47,136.68,281.01
2019-12-13 03:00:56,121.03,11.73,4177.53,126.22,255.47
2019-12-13 04:00:56,100.35,24.33,3830.4,120.49,231.72
2019-12-13 05:00:56,87.04,34.3,3667.27,112.17,204.85
2019-12-13 06:00:56,69.59,38.2,3708.7,106.43,183.68
2019-12-13 07:00:56,71.92,42.73,3917.11,103.69,168.4
2019-12-13 08:00:56,89.26,37.15,4289.73,103.51,162.0
2019-12-13 09:00:56,85.17,26.56,3266.94,105.94,160.66
2019-12-13 10:00:56,63.35,20.37,3382.59,100.55,139.46
2019-12-13 11:00:56,41.28,19.0,3391.5,96.7,122.66
2019-12-13 12:00:56,24.67,16.78,3385.34,91.46,107.62
2019-12-13 13:00:56,20.3,7.68,3316.37,79.17,87.5
2019-12-13 14:00:56,15.71,42.12,3500.13,66.43,71.53
2019-12-13 15:00:56,20.51,20.37,3419.66,62.06,68.18
2019-12-13 16:00:56,29.37,15.87,0.0,65.76,72.02
2019-12-13 17:00:56,33.2,16.3,3795.46,74.83,82.51
2019-12-13 18:00:56,48.14,27.49,4764.49,87.26,95.31
2019-12-13 19:00:56,79.55,19.01,4310.74,107.09,120.0
2019-12-13 20:00:56,75.53,15.8,3647.84,109.07,118.16
2019-12-13 21:00:56,68.23,13.33,4336.06,107.97,121.22
2019-12-13 22:00:56,76.94,10.52,3956.84,123.63,157.14
2019-12-13 23:00:56,73.64,7.55,4332.01,124.94,157.84
2019-12-14 00:00:56,64.45,5.77,4253.38,118.72,143.96
2019-12-14 01:00:56,50.3,4.06,4021.7,107.75,123.7
2019-12-14 02:00:56,33.08,15.15,3648.04,95.66,104.78
2019-12-14 03:00:56,25.26,11.57,3488.64,77.18,83.51
2019-12-14 04:00:56,18.4,10.81,3519.09,61.72,67.29
2019-12-14 05:00:56,12.84,8.61,3521.03,50.88,56.5
2019-12-14 06:00:56,13.47,8.24,3767.74,44.6,49.68
2019-12-14 07:00:56,17.58,8.85,3514.16,41.6,47.26
2019-12-14 08:00:56,13.82,12.61,3592.91,41.08,46.6
2019-12-14 09:00:56,14.9,15.44,3539.93,47.43,53.43
2019-12-14 10:00:56,17.28,20.0,4132.37,52.22,58.38
2019-12-14 11:00:56,32.1,23.94,3712.43,61.04,67.65
2019-12-14 12:00:56,34.05,34.18,3669.29,58.57,64.17
2019-12-14 13:00:56,26.4,36.8,3542.53,51.2,56.69
2019-12-14 14:00:56,17.71,34.19,3699.55,46.86,52.16
2019-12-14 15:00:56,23.07,27.53,3645.53,46.68,51.53
2019-12-14 16:00:56,33.93,24.99,0.0,50.86,57.08
2019-12-14 17:00:56,44.57,23.4,3926.25,79.15,89.8
2019-12-14 18:00:56,69.36,21.49,5139.77,106.58,124.32
2019-12-14 19:00:56,100.6,28.9,3954.03,130.15,156.75
2019-12-14 20:00:56,82.78,28.45,3725.66,127.09,140.73
2019-12-14 21:00:56,48.87,28.54,3628.0,108.32,114.52
2019-12-14 22:00:56,30.36,26.03,4001.03,88.15,94.11
2019-12-14 23:00:56,32.75,23.2,4626.53,90.71,98.4
2019-12-15 00:00:56,45.3,16.31,3960.55,101.64,112.54
2019-12-15 01:00:56,53.19,18.89,3543.66,98.12,105.96
2019-12-15 02:00:56,39.94,30.07,3515.18,79.17,85.05
2019-12-15 03:00:56,26.73,18.02,3544.8,62.75,68.01
2019-12-15 04:00:56,23.17,17.67,3486.29,52.84,57.88
2019-12-15 05:00:56,16.84,12.45,3644.59,45.2,49.98
2019-12-15 06:00:56,10.25,7.2,3626.88,44.08,48.82
2019-12-15 07:00:56,12.17,8.32,3696.49,41.57,46.77
2019-12-15 08:00:56,10.65,9.33,3765.71,42.25,47.9
2019-12-15 09:00:56,9.35,7.34,3884.65,53.73,62.42
2019-12-15 10:00:56,22.85,13.41,3636.46,71.59,86.96
2019-12-15 11:00:56,30.24,16.93,3524.77,78.0,90.18
2019-12-15 12:00:56,21.55,9.19,3417.88,72.01,78.51
2019-12-15 13:00:56,11.91,3.62,3709.44,61.31,66.62
2019-12-15 14:00:56,10.68,1.08,3536.81,48.38,52.87
2019-12-15 15:00:56,10.29,0.85,3509.27,41.0,45.42
2019-12-15 16:00:56,15.71,0.67,0.0,36.84,41.03
2019-12-15 17:00:56,20.2,3.0,3606.63,37.44,42.21
2019-12-15 18:00:56,28.74,6.01,3620.57,48.65,53.95
2019-12-15 19:00:56,82.4,4.8,3704.73,53.47,58.84
2019-12-15 20:00:56,87.33,3.6,3708.65,55.95,60.72
2019-12-15 21:00:56,69.95,2.61,3534.98,58.72,63.82
2019-12-15 22:00:56,49.8,1.82,3540.26,54.1,59.09
2019-12-15 23:00:56,36.95,0.41,3552.2,50.65,55.78
2019-12-16 00:00:56,33.7,0.0,3507.44,47.18,51.85
2019-12-16 01:00:56,22.66,0.0,3563.98,44.16,49.15
2019-12-16 02:00:56,16.77,0.0,3567.93,41.22,46.26
2019-12-16 03:00:56,16.09,0.0,3573.14,37.74,42.68
2019-12-16 04:00:56,17.14,0.0,3554.34,36.17,41.11
2019-12-16 05:00:56,14.75,0.0,3535.58,36.89,41.67
2019-12-16 06:00:56,23.48,0.0,3513.44,36.97,41.6
2019-12-16 07:00:56,22.26,0.0,3511.42,36.73,41.28
2019-12-16 08:00:56,14.08,0.0,4448.14,42.24,47.86
2019-12-16 09:00:56,22.72,0.0,4052.89,78.28,89.1
2019-12-16 10:00:56,24.32,0.0,3539.7,102.35,113.56
2019-12-16 11:00:56,23.76,3.5,3435.39,96.54,103.45
2019-12-16 12:00:56,18.3,3.12,3494.6,79.48,85.08
2019-12-16 13:00:56,16.29,18.94,3374.11,71.78,77.04
2019-12-16 14:00:56,19.72,11.91,3391.51,63.39,68.01
2019-12-16 15:00:56,19.8,1.8,3442.86,56.91,61.52
2019-12-16 16:00:56,14.41,2.24,0.0,53.82,58.48
2019-12-16 17:00:56,13.69,2.47,4205.67,63.01,68.18
2019-12-16 18:00:56,39.01,1.74,3764.71,78.78,84.9
2019-12-16 19:00:56,50.2,0.95,3736.36,75.31,80.36
2019-12-16 20:00:56,52.28,0.0,3774.87,71.2,75.94
2019-12-16 21:00:56,42.25,0.0,4092.95,65.42,71.08
2019-12-16 22:00:56,44.02,0.0,4348.89,77.31,85.19
2019-12-16 23:00:56,55.34,0.0,4263.94,99.45,116.0
2019-12-17 00:00:56,61.65,0.0,4159.31,101.76,115.85
2019-12-17 01:00:56,54.75,0.0,4035.18,93.13,100.69
2019-12-17 02:00:56,47.49,0.0,4147.78,79.79,86.28
2019-12-17 03:00:56,45.55,0.0,3550.8,75.95,83.17
2019-12-17 04:00:56,34.85,0.0,3383.17,71.27,78.76
2019-12-17 05:00:56,30.58,0.0,3319.38,62.76,69.81
2019-12-17 06:00:56,34.89,0.0,3236.74,54.75,62.33
2019-12-17 07:00:56,38.97,0.0,3400.5,61.85,77.69
2019-12-17 08:00:56,38.75,0.0,3969.5,74.88,108.91
2019-12-17 09:00:56,36.09,0.0,4115.85,90.2,155.51
2019-12-17 10:00:56,56.66,0.0,3862.36,107.38,206.04
2019-12-17 11:00:56,99.04,68.07,2885.49,127.15,257.81
2019-12-17 12:00:56,96.4,30.77,2876.95,124.21,236.49
2019-12-17 13:00:56,62.13,56.66,2729.06,118.87,210.47
2019-12-17 14:00:56,52.19,61.15,3747.67,114.01,184.93
2019-12-17 15:00:56,49.19,26.01,3923.09,123.07,166.36
2019-12-17 16:00:56,59.4,6.01,0.0,132.29,151.85
2019-12-17 17:00:56,77.32,5.83,4338.51,139.34,150.42
2019-12-17 18:00:56,105.01,3.13,4969.99,154.61,172.55
2019-12-17 19:00:56,116.38,2.91,5909.15,173.72,216.22
2019-12-17 20:00:56,111.18,2.66,4798.34,185.15,254.55
2019-12-17 21:00:56,118.48,1.57,4858.89,174.94,242.67
2019-12-17 22:00:56,125.57,2.59,4726.8,172.34,249.24
2019-12-17 23:00:56,104.69,1.78,5014.94,166.24,241.55
2019-12-18 00:00:56,90.67,0.76,5156.31,157.89,228.88
2019-12-18 01:00:56,76.71,1.1,5128.76,150.4,211.04
2019-12-18 02:00:56,72.52,12.16,4550.68,147.09,197.47
2019-12-18 03:00:56,69.21,4.72,3650.63,137.49,173.27
2019-12-18 04:00:56,54.24,5.73,3237.25,120.46,142.89
2019-12-18 05:00:56,45.02,7.78,3282.93,100.15,114.55
2019-12-18 06:00:56,36.05,5.54,3231.69,84.12,94.32
2019-12-18 07:00:56,28.53,4.44,3388.75,73.95,84.26
2019-12-18 08:00:56,24.98,4.76,3945.59,75.24,92.5
2019-12-18 09:00:56,38.52,11.82,4733.32,99.22,160.56
2019-12-18 10:00:56,76.17,14.4,4894.9,129.55,254.19
2019-12-18 11:00:56,97.25,40.35,3079.54,146.39,306.98
2019-12-18 12:00:56,82.31,17.6,3581.46,141.44,285.45
2019-12-18 13:00:56,57.73,7.2,3314.69,131.7,253.3
2019-12-18 14:00:56,40.28,10.22,3803.37,130.01,229.51
2019-12-18 15:00:56,36.03,21.58,3979.77,139.21,207.46
2019-12-18 16:00:56,59.52,15.89,0.0,153.11,194.07
2019-12-18 17:00:56,86.84,10.58,4510.2,164.4,188.68
2019-12-18 18:00:56,123.5,8.68,4640.94,181.57,212.63
2019-12-18 19:00:56,139.77,6.12,5723.9,195.57,241.98
2019-12-18 20:00:56,167.32,6.01,5445.71,206.1,277.54
2019-12-18 21:00:56,167.57,5.59,5154.29,203.44,289.14
2019-12-18 22:00:56,145.76,4.71,4630.11,192.22,282.23
2019-12-18 23:00:56,125.36,4.45,4984.16,177.49,260.47
2019-12-19 00:00:56,110.16,3.87,5436.92,166.57,245.93
2019-12-19 01:00:56,100.4,8.07,4440.35,162.45,242.01
2019-12-19 02:00:56,83.72,14.3,4103.66,156.08,222.55
2019-12-19 03:00:56,67.81,7.07,3421.71,140.14,185.57
2019-12-19 04:00:56,48.0,3.96,3129.67,119.51,148.52
2019-12-19 05:00:56,41.89,4.48,3038.41,104.01,127.21
2019-12-19 06:00:56,41.5,4.88,2861.37,95.87,119.25
2019-12-19 07:00:56,41.35,5.22,2951.24,92.03,118.43
2019-12-19 08:00:56,46.53,12.04,3961.49,97.76,143.03
2019-12-19 09:00:56,60.17,24.4,4496.75,123.05,222.36
2019-12-19 10:00:56,0.0,29.36,4376.64,0.0,0.0
2019-12-19 11:00:56,1.57,30.74,2985.86,0.0,0.0
2019-12-19 12:00:56,23.9,17.63,2387.83,91.11,112.86
2019-12-19 13:00:56,23.05,12.45,2601.45,77.12,95.19
2019-12-19 14:00:56,26.27,38.42,3258.99,69.14,84.82
2019-12-19 15:00:56,22.52,13.22,3489.47,70.02,82.21
2019-12-19 16:00:56,42.82,22.54,0.0,71.27,82.28
2019-12-19 17:00:56,83.94,11.17,4149.91,76.22,87.11
2019-12-19 18:00:56,82.87,25.98,4056.67,78.87,89.5
2019-12-19 19:00:56,97.29,24.42,4503.39,86.43,101.57
2019-12-19 20:00:56,120.39,17.69,4880.67,100.7,120.93
2019-12-19 21:00:56,131.06,11.01,4565.98,105.35,130.93
2019-12-19 22:00:56,116.25,8.42,5238.88,104.8,135.42
2019-12-19 23:00:56,106.55,8.26,5188.6,111.21,167.54
2019-12-20 00:00:56,123.29,7.47,4914.67,117.13,202.22
2019-12-20 01:00:56,106.38,5.24,4654.25,118.01,201.54
2019-12-20 02:00:56,96.87,9.78,4415.26,112.45,176.76
2019-12-20 03:00:56,78.68,1.25,3729.48,104.16,144.68
2019-12-20 04:00:56,57.36,0.6,3498.74,90.88,116.91
2019-12-20 05:00:56,42.21,0.0,3335.66,73.74,92.11
2019-12-20 06:00:56,35.58,0.0,3095.93,59.63,74.32
2019-12-20 07:00:56,37.95,0.0,3400.93,51.58,64.84
2019-12-20 08:00:56,36.98,0.0,3390.65,49.15,67.76
2019-12-20 09:00:56,50.29,0.0,3781.31,54.91,96.23
2019-12-20 10:00:56,54.77,3.4,4067.41,62.03,122.54
2019-12-20 11:00:56,74.99,33.47,3106.34,68.04,139.66
2019-12-20 12:00:56,58.69,127.41,2879.78,72.24,144.27
2019-12-20 13:00:56,73.79,71.88,2719.9,71.26,129.55
2019-12-20 14:00:56,59.55,17.11,3780.02,70.08,112.77
2019-12-20 15:00:56,36.86,12.88,3783.38,80.08,100.58
2019-12-20 16:00:56,43.46,12.08,0.0,76.64,87.13
2019-12-20 17:00:56,59.41,10.04,4377.49,69.36,79.55
2019-12-20 18:00:56,62.23,5.4,4655.53,80.43,93.32
2019-12-20 19:00:56,92.07,3.31,3993.41,94.4,108.03
2019-12-20 20:00:56,107.1,1.82,4700.92,89.05,100.47
2019-12-20 21:00:56,98.88,1.43,5431.74,90.11,106.88
2019-12-20 22:00:56,97.92,1.12,4787.05,97.61,127.05
2019-12-20 23:00:56,101.64,0.81,4866.63,97.62,132.17
2019-12-21 00:00:56,90.85,0.0,5694.93,95.0,127.55
2019-12-21 01:00:56,91.21,0.62,4814.97,98.64,148.42
2019-12-21 02:00:56,113.05,8.61,4495.74,105.43,159.98
2019-12-21 03:00:56,86.66,1.58,4259.07,107.18,142.61
2019-12-21 04:00:56,75.89,6.35,4324.97,104.92,125.99
2019-12-21 05:00:56,78.54,2.95,3453.1,92.85,105.12
2019-12-21 06:00:56,78.76,0.93,3065.22,71.0,81.83
2019-12-21 07:00:56,43.11,0.67,3257.21,58.85,71.2
2019-12-21 08:00:56,51.4,0.0,3403.57,56.78,72.31
2019-12-21 09:00:56,47.98,0.0,3419.34,60.91,91.12
2019-12-21 10:00:56,54.94,0.76,3685.71,70.72,129.34
2019-12-21 11:00:56,70.13,15.61,3510.5,79.63,164.82
2019-12-21 12:00:56,77.7,16.01,2686.89,81.54,151.29
2019-12-21 13:00:56,44.92,9.87,2500.15,84.09,136.7
2019-12-21 14:00:56,52.94,14.11,3731.0,80.39,126.81
2019-12-21 15:00:56,71.79,33.65,3754.21,91.47,120.35
2019-12-21 16:00:56,64.47,22.02,0.0,102.56,118.14
2019-12-21 17:00:56,76.09,19.01,4437.56,99.43,111.12
2019-12-21 18:00:56,100.4,8.89,4833.97,105.84,121.45
2019-12-21 19:00:56,135.36,4.91,5982.92,125.38,154.65
2019-12-21 20:00:56,153.46,3.07,5698.86,139.44,190.93
2019-12-21 21:00:56,165.17,2.56,4949.38,139.11,199.29
2019-12-21 22:00:56,148.87,1.88,5059.86,133.54,185.0
2019-12-21 23:00:56,112.06,1.66,5067.65,126.97,170.94
2019-12-22 00:00:56,126.59,1.83,5275.73,121.47,164.97
2019-12-22 01:00:56,115.26,5.61,3749.95,121.84,164.27
2019-12-22 02:00:56,84.69,17.11,3666.32,116.55,135.79
2019-12-22 03:00:56,42.67,7.81,3280.2,99.83,110.56
2019-12-22 04:00:56,26.25,4.16,3406.89,75.49,85.14
2019-12-22 05:00:56,18.37,3.78,3507.85,62.52,72.55
2019-12-22 06:00:56,15.89,2.93,3506.11,56.42,66.69
2019-12-22 07:00:56,16.45,2.58,2793.33,50.7,60.88
2019-12-22 08:00:56,16.78,2.78,3979.93,51.54,63.68
2019-12-22 09:00:56,29.37,2.87,3933.32,65.07,87.84
2019-12-22 10:00:56,41.62,5.58,3864.57,75.91,107.4
2019-12-22 11:00:56,52.39,10.32,3689.89,81.42,112.47
2019-12-22 12:00:56,49.06,10.41,5054.8,86.22,118.52
2019-12-22 13:00:56,79.36,33.54,4026.03,97.4,133.46
2019-12-22 14:00:56,103.81,53.74,4102.25,109.01,139.57
2019-12-22 15:00:56,91.78,49.41,5215.63,116.97,139.5
2019-12-22 16:00:56,103.12,18.32,0.0,122.66,144.57
2019-12-22 17:00:56,84.7,9.05,3879.51,125.37,144.74
2019-12-22 18:00:56,81.46,17.19,3863.85,127.33,146.37
2019-12-22 19:00:56,73.01,18.65,4456.16,120.72,134.06
2019-12-22 20:00:56,56.0,11.09,3580.5,117.98,133.66
2019-12-22 21:00:56,66.23,6.76,3760.86,106.66,118.5
2019-12-22 22:00:56,46.1,6.15,4255.94,100.39,112.4
2019-12-22 23:00:56,48.98,5.1,4226.9,90.46,102.1
2019-12-23 00:00:56,46.44,5.66,3807.08,86.59,99.72
2019-12-23 01:00:56,48.31,6.22,3547.12,79.33,91.19
2019-12-23 02:00:56,54.91,9.15,3144.54,67.41,77.44
2019-12-23 03:00:56,47.24,1.3,3125.26,48.02,57.28
2019-12-23 04:00:56,38.21,1.11,3359.13,35.32,44.18
2019-12-23 05:00:56,31.3,0.0,3457.47,25.58,33.61
2019-12-23 06:00:56,65.47,0.0,3373.45,16.08,24.75
2019-12-23 07:00:56,75.94,0.0,3457.33,12.78,20.52
2019-12-23 08:00:56,70.82,0.93,3429.94,12.07,20.35
2019-12-23 09:00:56,61.85,7.4,3489.42,15.54,24.39
2019-12-23 10:00:56,45.49,16.3,3588.26,22.18,30.39
2019-12-23 11:00:56,40.48,20.83,3394.69,23.47,32.31
2019-12-23 12:00:56,23.25,0.0,3485.87,35.47,45.37
2019-12-23 13:00:56,32.01,23.9,3263.53,45.47,52.81
2019-12-23 14:00:56,29.67,19.57,3443.29,36.41,45.0
2019-12-23 15:00:56,36.3,22.59,3352.86,32.86,41.34
2019-12-23 16:00:56,34.49,22.61,0.0,28.52,37.07
2019-12-23 17:00:56,32.78,21.91,3548.17,30.82,39.62
2019-12-23 18:00:56,39.81,21.4,3530.79,31.58,40.23
2019-12-23 19:00:56,39.53,15.96,3426.82,31.16,39.06
2019-12-23 20:00:56,43.29,13.93,3399.44,24.36,32.49
2019-12-23 21:00:56,51.79,12.09,3386.31,21.32,29.74
2019-12-23 22:00:56,43.15,15.43,3426.56,19.02,27.22
2019-12-23 23:00:56,36.83,18.03,3480.99,17.48,26.08
2019-12-24 00:00:56,26.25,17.26,3411.05,17.3,26.36
2019-12-24 01:00:56,34.48,15.78,3354.3,17.94,26.68
2019-12-24 02:00:56,25.0,30.26,3479.24,14.77,22.9
2019-12-24 03:00:56,32.05,16.21,3357.89,12.41,20.84
2019-12-24 04:00:56,40.83,19.56,3357.85,11.2,19.74
2019-12-24 05:00:56,32.36,9.95,3251.31,11.67,20.26
2019-12-24 06:00:56,20.38,7.52,3539.03,13.73,21.98
2019-12-24 07:00:56,25.05,7.17,3788.21,16.69,25.11
2019-12-24 08:00:56,27.96,3.82,3534.52,19.36,28.27
2019-12-24 09:00:56,26.91,3.63,3421.63,17.27,26.1
2019-12-24 10:00:56,25.31,4.18,3798.14,27.01,36.44
2019-12-24 11:00:56,40.78,5.68,3505.13,43.64,54.72
2019-12-24 12:00:56,42.29,5.31,3442.73,37.93,47.25
2019-12-24 13:00:56,36.34,5.8,3528.7,30.12,38.25
2019-12-24 14:00:56,34.45,6.09,3543.27,23.23,31.86
2019-12-24 15:00:56,38.32,7.18,3395.63,19.55,27.8
2019-12-24 16:00:56,32.87,6.12,0.0,18.31,26.52
2019-12-24 17:00:56,27.68,5.01,3548.96,17.62,25.66
2019-12-24 18:00:56,21.18,5.38,3588.33,16.18,24.58
2019-12-24 19:00:56,35.49,6.09,3588.95,16.34,25.43
2019-12-24 20:00:56,28.76,6.44,3713.02,17.97,26.14
2019-12-24 21:00:56,33.07,8.07,3616.84,15.94,24.11
2019-12-24 22:00:56,32.65,8.37,3602.2,17.36,25.93
2019-12-24 23:00:56,33.53,9.16,3657.18,19.04,27.64
2019-12-25 00:00:56,31.08,9.15,3568.67,21.03,29.23
2019-12-25 01:00:56,23.39,5.42,3557.64,19.81,28.34
2019-12-25 02:00:56,20.39,10.95,3521.99,17.57,26.2
2019-12-25 03:00:56,19.64,3.23,3552.13,16.39,24.67
2019-12-25 04:00:56,12.64,3.85,3589.66,14.8,22.96
2019-12-25 05:00:56,7.12,4.29,3596.31,12.92,21.52
2019-12-25 06:00:56,6.06,3.96,3620.67,11.86,20.78
2019-12-25 07:00:56,5.34,4.59,3573.91,11.58,20.01
2019-12-25 08:00:56,13.35,5.16,3711.98,13.49,21.85
2019-12-25 09:00:56,14.87,6.1,3871.34,22.95,31.72
2019-12-25 10:00:56,26.23,6.67,3976.63,35.37,45.51
2019-12-25 11:00:56,48.46,12.05,3985.89,56.95,68.87
2019-12-25 12:00:56,64.48,10.67,3661.89,63.55,73.67
2019-12-25 13:00:56,53.89,5.25,3935.45,55.93,65.47
2019-12-25 14:00:56,40.73,6.86,3981.64,60.37,70.26
2019-12-25 15:00:56,52.57,8.15,3902.52,61.14,70.4
2019-12-25 16:00:56,58.62,10.24,0.0,58.31,66.99
2019-12-25 17:00:56,54.39,10.67,3880.82,55.32,64.53
2019-12-25 18:00:56,50.32,14.02,4004.78,75.06,90.99
2019-12-25 19:00:56,72.48,14.59,3971.46,94.38,109.83
2019-12-25 20:00:56,90.44,12.27,4208.9,99.36,112.44
2019-12-25 21:00:56,86.64,6.89,4184.33,91.43,103.84
2019-12-25 22:00:56,71.74,4.34,4139.01,96.54,109.5
2019-12-25 23:00:56,77.62,3.05,3871.82,88.26,98.33
2019-12-26 00:00:56,55.27,4.67,4155.77,72.21,81.27
2019-12-26 01:00:56,49.06,4.68,3783.31,61.4,70.75
2019-12-26 02:00:56,42.24,12.7,3670.88,53.29,61.95
2019-12-26 03:00:56,36.59,2.87,3685.62,46.81,55.87
2019-12-26 04:00:56,34.92,2.11,3476.67,42.45,52.27
2019-12-26 05:00:56,35.24,1.61,3428.55,40.34,49.92
2019-12-26 06:00:56,38.84,2.69,3461.55,38.26,47.22
2019-12-26 07:00:56,26.45,2.69,3751.09,36.4,46.06
2019-12-26 08:00:56,26.87,3.13,4203.14,39.36,50.0
2019-12-26 09:00:56,34.28,3.4,4377.65,56.94,75.16
2019-12-26 10:00:56,40.03,4.58,3826.28,81.06,115.15
2019-12-26 11:00:56,46.6,5.9,3633.93,96.71,128.02
2019-12-26 12:00:56,36.49,6.39,4174.83,104.64,124.12
2019-12-26 13:00:56,52.71,5.44,3707.45,103.81,116.41
2019-12-26 14:00:56,33.07,4.84,4527.73,97.42,108.61
2019-12-26 15:00:56,51.84,5.16,3860.51,93.13,103.67
2019-12-26 16:00:56,44.45,4.12,0.0,89.27,99.78
2019-12-26 17:00:56,47.02,4.37,3895.44,88.55,99.33
2019-12-26 18:00:56,34.63,4.19,4041.97,82.9,93.28
2019-12-26 19:00:56,35.25,3.63,3802.55,80.07,90.28
2019-12-26 20:00:56,31.5,2.84,3636.83,75.64,85.04
2019-12-26 21:00:56,22.31,2.96,3619.03,65.29,74.96
2019-12-26 22:00:56,23.24,2.24,3369.44,55.51,64.34
2019-12-26 23:00:56,16.49,1.86,3533.09,48.38,57.41
2019-12-27 00:00:56,10.57,1.72,3582.03,42.82,51.94
2019-12-27 01:00:56,6.81,1.74,3492.49,39.19,48.05
2019-12-27 02:00:56,6.41,9.82,3351.28,34.88,43.64
2019-12-27 03:00:56,9.7,1.41,3132.77,31.8,40.91
2019-12-27 04:00:56,7.57,1.73,3326.09,29.76,39.28
2019-12-27 05:00:56,9.62,1.66,3448.88,28.27,37.49
2019-12-27 06:00:56,7.32,1.88,3355.91,28.22,37.04
2019-12-27 07:00:56,8.66,1.7,2594.78,28.37,37.62
2019-12-27 08:00:56,7.3,1.88,3387.9,29.31,38.33
2019-12-27 09:00:56,16.31,2.31,3401.41,33.77,43.3
2019-12-27 10:00:56,19.12,1.74,3359.42,36.59,46.24
2019-12-27 11:00:56,15.3,1.33,3322.9,40.42,50.02
2019-12-27 12:00:56,13.75,2.09,3443.07,44.52,53.97
2019-12-27 13:00:56,13.51,2.19,3532.82,44.12,53.16
2019-12-27 14:00:56,8.36,3.75,3516.95,41.31,50.15
2019-12-27 15:00:56,11.33,2.79,3225.72,39.8,48.97
2019-12-27 16:00:56,15.91,2.1,0.0,39.74,48.96
2019-12-27 17:00:56,23.31,1.76,3691.62,39.94,49.31
2019-12-27 18:00:56,20.43,1.27,3915.91,43.43,52.81
2019-12-27 19:00:56,17.39,3.74,3399.34,47.52,57.27
2019-12-27 20:00:56,32.1,5.43,3895.38,51.16,60.66
2019-12-27 21:00:56,22.69,3.99,4080.42,48.57,57.55
2019-12-27 22:00:56,27.4,2.59,3843.51,46.52,55.41
2019-12-27 23:00:56,14.54,2.44,3923.48,42.27,51.16
2019-12-28 00:00:56,8.64,2.48,3981.55,39.95,48.92
2019-12-28 01:00:56,15.71,1.35,3730.77,37.4,47.06
2019-12-28 02:00:56,13.77,8.91,3528.39,36.11,45.41
2019-12-28 03:00:56,14.23,0.97,3634.18,29.28,38.58
2019-12-28 04:00:56,7.76,1.02,3651.91,26.15,35.26
2019-12-28 05:00:56,13.95,0.0,3641.16,30.1,39.21
2019-12-28 06:00:56,28.33,0.7,3888.11,34.47,44.22
2019-12-28 07:00:56,19.85,0.76,3854.44,39.31,49.14
2019-12-28 08:00:56,11.33,0.0,4196.27,38.96,48.87
2019-12-28 09:00:56,15.54,0.44,3986.66,49.57,62.94
2019-12-28 10:00:56,24.43,0.83,4324.2,62.76,79.78
2019-12-28 11:00:56,27.45,2.21,3710.76,69.39,83.65
2019-12-28 12:00:56,27.14,3.58,3596.11,63.7,73.91
2019-12-28 13:00:56,20.95,3.41,3595.41,54.77,64.64
2019-12-28 14:00:56,14.51,2.67,3744.22,46.93,55.87
2019-12-28 15:00:56,9.49,1.17,3608.8,42.3,51.4
2019-12-28 16:00:56,23.57,1.19,0.0,45.58,54.78
2019-12-28 17:00:56,14.91,1.21,3780.45,54.4,64.1
2019-12-28 18:00:56,29.94,1.07,4156.9,59.02,69.07
2019-12-28 19:00:56,30.58,1.57,3953.07,65.02,74.71
2019-12-28 20:00:56,31.61,2.15,4069.93,65.49,75.53
2019-12-28 21:00:56,35.64,2.55,3957.74,60.81,70.15
2019-12-28 22:00:56,24.97,2.93,3948.53,53.87,63.44
2019-12-28 23:00:56,17.92,2.51,3796.79,47.52,56.8
2019-12-29 00:00:56,11.36,2.29,4013.55,44.05,52.8
2019-12-29 01:00:56,17.41,2.2,3864.05,41.54,50.47
2019-12-29 02:00:56,9.31,9.12,3802.75,37.65,46.36
2019-12-29 03:00:56,6.31,1.04,3837.49,33.14,42.06
2019-12-29 04:00:56,5.34,0.0,3912.07,28.77,37.27
2019-12-29 05:00:56,8.63,0.0,3827.79,25.5,34.3
2019-12-29 06:00:56,6.27,0.0,3864.16,22.38,31.18
2019-12-29 07:00:56,6.39,0.0,3869.86,22.54,31.31
2019-12-29 08:00:56,4.33,0.0,3894.83,26.34,35.19
2019-12-29 09:00:56,9.53,0.0,4033.09,28.11,37.27
2019-12-29 10:00:56,12.16,2.24,3944.99,40.94,51.28
2019-12-29 11:00:56,10.39,6.72,3931.62,45.31,55.52
2019-12-29 12:00:56,11.23,14.37,3796.01,41.02,49.97
2019-12-29 13:00:56,13.31,30.16,3909.08,36.01,45.27
2019-12-29 14:00:56,18.91,23.04,3819.56,35.91,44.57
2019-12-29 15:00:56,13.08,11.85,3762.68,33.44,42.16
2019-12-29 16:00:56,29.34,5.54,0.0,35.64,44.19
2019-12-29 17:00:56,18.09,4.58,4033.64,36.74,45.19
2019-12-29 18:00:56,25.14,4.49,3692.56,42.91,51.85
2019-12-29 19:00:56,19.81,3.45,3873.33,49.32,58.29
2019-12-29 20:00:56,24.03,3.17,4096.78,52.51,61.88
2019-12-29 21:00:56,34.21,2.41,4122.97,53.63,62.98
2019-12-29 22:00:56,27.91,1.83,4315.28,56.96,67.36
2019-12-29 23:00:56,43.44,1.47,4049.5,59.92,70.34
2019-12-30 00:00:56,53.59,1.18,3789.93,55.0,64.4
2019-12-30 01:00:56,36.68,1.49,3963.17,45.61,55.09
2019-12-30 02:00:56,35.2,8.74,3827.73,47.22,56.97
2019-12-30 03:00:56,21.99,1.22,3766.36,43.0,52.34
2019-12-30 04:00:56,20.27,2.18,3566.85,36.41,45.06
2019-12-30 05:00:56,17.27,2.0,3536.46,31.94,40.69
2019-12-30 06:00:56,10.04,1.72,3553.81,28.56,37.43
2019-12-30 07:00:56,8.89,1.58,3619.17,28.56,37.67
2019-12-30 08:00:56,12.38,1.13,3740.73,31.54,40.61
2019-12-30 09:00:56,13.68,1.23,3735.46,37.74,46.93
2019-12-30 10:00:56,16.79,0.0,3720.69,42.07,51.41
2019-12-30 11:00:56,18.95,0.0,3869.94,44.98,54.3
2019-12-30 12:00:56,11.55,0.0,3830.85,54.13,63.85
2019-12-30 13:00:56,23.28,0.0,3894.07,58.47,68.54
2019-12-30 14:00:56,26.66,0.33,4062.97,62.61,73.32
2019-12-30 15:00:56,29.63,0.86,3946.73,68.24,78.7
2019-12-30 16:00:56,26.36,0.0,0.0,74.86,85.41
2019-12-30 17:00:56,24.98,1.26,3948.26,81.83,93.04
2019-12-30 18:00:56,26.8,1.09,3909.48,82.24,92.5
2019-12-30 19:00:56,35.54,1.74,3918.73,86.0,98.19
2019-12-30 20:00:56,32.36,0.95,4080.97,87.94,98.24
2019-12-30 21:00:56,32.52,0.64,4085.24,78.74,88.83
2019-12-30 22:00:56,24.13,0.76,4450.28,70.42,79.58
2019-12-30 23:00:56,31.77,0.61,3926.76,60.8,69.93
2019-12-31 00:00:56,30.57,0.6,4221.5,55.68,64.47
2019-12-31 01:00:56,27.89,0.71,4321.82,55.27,65.95
2019-12-31 02:00:56,23.87,8.16,4476.88,61.34,71.31
2019-12-31 03:00:56,39.0,0.71,4048.72,58.34,68.42
2019-12-31 04:00:56,38.65,0.0,4002.57,57.64,66.63
2019-12-31 05:00:56,20.18,0.0,3974.74,48.57,57.48
2019-12-31 06:00:56,13.46,0.0,3835.75,40.74,49.4
2019-12-31 07:00:56,8.88,0.0,3801.89,35.8,44.25
2019-12-31 08:00:56,14.08,0.0,4186.85,38.22,47.71
2019-12-31 09:00:56,11.95,0.45,4907.18,66.03,82.23
2019-12-31 10:00:56,28.85,0.49,3938.05,97.19,118.1
2019-12-31 11:00:56,31.23,0.96,3658.9,102.44,113.73
2019-12-31 12:00:56,20.48,0.65,3743.88,90.5,100.16
2019-12-31 13:00:56,12.91,0.35,3729.23,78.26,88.12
2019-12-31 14:00:56,17.5,0.55,3537.96,67.5,76.07
2019-12-31 15:00:56,21.39,1.08,3861.25,61.37,70.77
2019-12-31 16:00:56,21.56,1.27,0.0,66.44,75.93
2019-12-31 17:00:56,30.98,1.34,4140.39,71.92,82.3
2019-12-31 18:00:56,27.31,0.82,4060.66,78.31,88.47
2019-12-31 19:00:56,37.05,1.74,4370.45,72.65,82.46
2019-12-31 20:00:56,36.31,1.6,3733.34,64.65,74.17
2019-12-31 21:00:56,40.62,1.51,4174.75,55.89,64.99
2019-12-31 22:00:56,31.09,1.14,4055.52,50.47,59.1
2019-12-31 23:00:56,43.95,0.65,3970.8,45.23,54.02
2020-01-01 00:00:56,33.83,0.84,3751.15,41.06,50.26
2020-01-01 01:00:56,24.9,0.67,3797.37,38.26,47.53
2020-01-01 02:00:56,32.23,7.9,3963.97,38.92,47.51
2020-01-01 03:00:56,28.48,0.0,3581.56,36.34,45.49
2020-01-01 04:00:56,17.67,0.25,3564.96,32.04,40.79
2020-01-01 05:00:56,17.2,0.0,3535.62,32.87,41.49
2020-01-01 06:00:56,15.05,0.0,3440.23,33.49,41.68
2020-01-01 07:00:56,11.71,0.0,4038.61,31.12,39.91
2020-01-01 08:00:56,8.22,0.0,3550.79,30.5,39.19
2020-01-01 09:00:56,20.85,0.0,3967.3,36.83,45.9
2020-01-01 10:00:56,12.84,0.39,3842.71,44.37,53.85
2020-01-01 11:00:56,18.31,7.3,3363.15,47.85,56.42
2020-01-01 12:00:56,14.06,24.76,3492.24,42.1,51.28
2020-01-01 13:00:56,15.73,9.38,3504.67,41.11,49.99
2020-01-01 14:00:56,24.26,6.92,3779.53,42.79,51.38
2020-01-01 15:00:56,14.64,5.23,3397.67,43.15,52.21
2020-01-01 16:00:56,14.75,3.0,0.0,42.64,50.87
2020-01-01 17:00:56,23.93,1.5,3621.71,38.22,46.9
2020-01-01 18:00:56,30.42,1.2,3483.66,37.58,45.87
2020-01-01 19:00:56,22.7,1.25,3619.97,35.56,44.37
2020-01-01 20:00:56,24.87,1.37,3700.28,34.17,42.49
2020-01-01 21:00:56,25.34,1.92,3658.18,32.47,40.82
2020-01-01 22:00:56,14.32,1.87,3939.22,32.73,41.32
2020-01-01 23:00:56,8.42,1.17,3821.72,33.48,41.83
2020-01-02 00:00:56,12.13,1.32,3926.16,31.97,40.16
2020-01-02 01:00:56,11.22,0.52,4099.15,29.34,37.38
2020-01-02 02:00:56,7.82,0.0,4068.82,26.48,34.75
2020-01-02 03:00:56,5.73,0.0,4054.43,29.68,38.08
2020-01-02 04:00:56,11.71,0.0,3953.4,28.49,37.33
2020-01-02 05:00:56,18.15,0.34,3910.26,25.38,33.91
2020-01-02 06:00:56,11.52,0.52,3929.02,23.22,31.62
2020-01-02 07:00:56,7.65,0.62,3992.62,21.78,30.22
2020-01-02 08:00:56,7.11,0.0,4322.54,23.39,31.82
2020-01-02 09:00:56,12.91,0.42,4050.46,31.57,39.96
2020-01-02 10:00:56,7.45,0.4,3955.52,37.86,45.82
2020-01-02 11:00:56,10.37,0.0,3841.49,34.94,43.39
2020-01-02 12:00:56,17.5,0.0,3778.55,34.16,42.56
2020-01-02 13:00:56,20.43,0.0,3954.24,33.82,42.53
2020-01-02 14:00:56,16.11,0.44,3952.14,38.1,46.85
2020-01-02 15:00:56,14.85,0.45,3990.34,42.9,51.64
2020-01-02 16:00:56,15.0,0.0,0.0,46.0,54.79
2020-01-02 17:00:56,10.43,0.0,3817.52,45.15,53.43
2020-01-02 18:00:56,14.96,0.0,3953.93,42.87,51.34
2020-01-02 19:00:56,11.66,0.43,4345.76,49.46,58.24
2020-01-02 20:00:56,37.53,0.0,3746.35,57.86,67.11
2020-01-02 21:00:56,39.93,0.43,3799.49,54.28,62.07
2020-01-02 22:00:56,25.63,0.0,3893.01,46.18,54.4
2020-01-02 23:00:56,20.8,0.0,4077.96,50.01,58.33
2020-01-03 00:00:56,20.95,0.39,4501.45,48.49,57.49
2020-01-03 01:00:56,23.01,0.0,3969.58,42.37,50.75
2020-01-03 02:00:56,27.75,0.0,4166.11,38.06,46.58
2020-01-03 03:00:56,22.91,0.0,4203.02,49.91,58.89
2020-01-03 04:00:56,19.96,0.0,3995.26,50.8,59.51
2020-01-03 05:00:56,18.36,0.0,3795.74,46.94,55.09
2020-01-03 06:00:56,12.49,0.0,3939.48,38.99,47.27
2020-01-03 07:00:56,21.81,0.0,3852.51,33.77,41.95
2020-01-03 08:00:56,13.24,0.0,3972.19,32.19,40.16
2020-01-03 09:00:56,22.32,0.76,4348.85,46.17,54.94
2020-01-03 10:00:56,20.01,2.63,3811.74,71.11,82.88
2020-01-03 11:00:56,29.23,2.95,3697.84,82.11,92.24
2020-01-03 12:00:56,25.08,4.46,3480.61,61.62,70.16
2020-01-03 13:00:56,13.84,3.87,3360.44,47.15,55.45
2020-01-03 14:00:56,7.72,2.03,3409.71,37.9,46.7
2020-01-03 15:00:56,4.89,1.49,3480.74,37.35,45.73
2020-01-03 16:00:56,3.94,0.98,0.0,37.11,45.8
2020-01-03 17:00:56,0.0,0.0,3630.87,37.1,45.55
2020-01-03 18:00:56,0.0,0.0,4064.29,40.13,48.52
2020-01-03 19:00:56,22.67,0.0,4863.24,56.86,69.16
2020-01-03 20:00:56,26.02,0.0,4614.33,81.5,97.73
2020-01-03 21:00:56,46.57,0.3,3788.9,91.42,105.32
2020-01-03 22:00:56,39.76,0.47,4632.84,83.6,92.72
2020-01-03 23:00:56,28.04,0.74,3987.28,78.44,87.4
2020-01-04 00:00:56,28.17,1.44,4267.81,76.78,87.46
2020-01-04 01:00:56,26.04,1.45,2804.16,90.53,104.9
2020-01-04 02:00:56,35.62,9.54,3060.09,86.99,98.92
2020-01-04 03:00:56,23.18,0.0,2735.07,78.66,90.52
2020-01-04 04:00:56,30.15,0.0,2524.73,65.69,76.03
2020-01-04 05:00:56,16.53,0.82,2523.68,56.84,67.78
2020-01-04 06:00:56,17.46,0.5,2442.54,50.73,60.37
2020-01-04 07:00:56,17.49,0.0,2297.28,47.34,58.12
2020-01-04 08:00:56,11.03,0.53,2556.42,51.59,61.94
2020-01-04 09:00:56,13.46,1.17,2750.06,59.1,73.24
2020-01-04 10:00:56,29.57,2.85,2877.47,74.47,102.4
2020-01-04 11:00:56,38.04,4.63,2500.95,82.31,108.57
2020-01-04 12:00:56,39.28,8.99,2596.4,82.47,100.48
2020-01-04 13:00:56,27.41,6.18,2086.47,77.11,87.96
2020-01-04 14:00:56,29.11,4.9,1977.87,69.13,80.1
2020-01-04 15:00:56,22.57,3.04,1933.54,64.45,75.16
2020-01-04 16:00:56,24.01,1.35,0.0,58.7,68.69
2020-01-04 17:00:56,15.45,1.37,3049.54,57.54,67.73
2020-01-04 18:00:56,11.42,1.31,3492.94,56.01,66.01
2020-01-04 19:00:56,26.57,0.0,3823.27,58.15,68.57
2020-01-04 20:00:56,30.21,0.0,3696.55,59.14,70.18
2020-01-04 21:00:56,30.54,1.68,3909.14,63.7,77.91
2020-01-04 22:00:56,39.69,1.18,3912.76,70.83,88.11
2020-01-04 23:00:56,47.22,0.81,5253.95,77.48,105.04
2020-01-05 00:00:56,46.57,0.75,3687.11,84.6,129.44
2020-01-05 01:00:56,51.68,0.0,3848.86,83.26,123.49
2020-01-05 02:00:56,44.76,8.76,4042.1,80.14,116.03
2020-01-05 03:00:56,38.52,0.0,3991.28,76.38,112.07
2020-01-05 04:00:56,42.78,0.0,3353.48,72.93,104.28
2020-01-05 05:00:56,25.86,0.0,3220.57,67.91,94.63
2020-01-05 06:00:56,28.83,0.67,3167.0,64.27,87.17
2020-01-05 07:00:56,30.94,0.0,3182.47,60.94,80.01
2020-01-05 08:00:56,43.95,0.0,3339.73,59.66,78.4
2020-01-05 09:00:56,24.24,0.65,3220.38,60.12,83.06
2020-01-05 10:00:56,23.33,4.84,3155.88,61.78,89.17
2020-01-05 11:00:56,30.01,7.23,3053.16,58.96,79.52
2020-01-05 12:00:56,18.53,3.52,2980.48,54.73,67.81
2020-01-05 13:00:56,10.76,3.51,2580.61,45.72,56.08
2020-01-05 14:00:56,7.08,1.76,2489.55,36.18,45.95
2020-01-05 15:00:56,4.92,2.73,3850.02,30.77,41.18
2020-01-05 16:00:56,12.44,2.66,0.0,30.49,40.12
2020-01-05 17:00:56,17.17,3.96,2974.25,29.75,38.97
2020-01-05 18:00:56,16.73,2.86,2908.73,30.25,38.52
2020-01-05 19:00:56,21.68,2.35,3347.11,30.95,39.73
2020-01-05 20:00:56,28.0,3.7,3188.16,43.63,55.73
2020-01-05 21:00:56,42.47,3.38,3952.38,59.74,82.21
2020-01-05 22:00:56,48.78,3.11,4135.79,73.02,106.52
2020-01-05 23:00:56,63.78,3.19,4476.35,79.71,116.25
2020-01-06 00:00:56,66.02,3.92,3251.7,83.9,125.63
2020-01-06 01:00:56,79.22,6.36,3241.51,80.96,122.18
2020-01-06 02:00:56,77.12,15.71,2194.32,75.4,117.27
2020-01-06 03:00:56,55.82,4.81,2599.24,68.27,100.65
2020-01-06 04:00:56,38.67,3.02,2493.22,63.79,85.6
2020-01-06 05:00:56,26.23,1.41,2554.11,59.77,75.24
2020-01-06 06:00:56,23.3,1.16,2520.82,57.37,71.93
2020-01-06 07:00:56,35.65,0.5,2703.7,57.37,73.96
2020-01-06 08:00:56,30.67,0.87,3200.75,58.52,92.78
2020-01-06 09:00:56,37.4,2.6,3817.55,67.21,143.55
2020-01-06 10:00:56,86.43,3.49,2712.33,70.25,184.74
2020-01-06 11:00:56,102.82,15.51,2476.8,65.25,169.97
2020-01-06 12:00:56,83.91,25.4,2152.93,62.94,156.25
2020-01-06 13:00:56,57.86,18.51,2073.95,65.0,143.18
2020-01-06 14:00:56,38.6,11.88,1970.14,66.32,129.78
2020-01-06 15:00:56,49.55,6.77,1856.09,65.09,116.13
2020-01-06 16:00:56,34.22,5.67,0.0,61.96,105.13
2020-01-06 17:00:56,53.29,3.81,3724.8,60.19,102.51
2020-01-06 18:00:56,53.88,2.25,4354.2,62.46,120.3
2020-01-06 19:00:56,86.06,2.28,4103.76,66.95,141.73
2020-01-06 20:00:56,77.74,2.68,4526.91,70.36,167.46
2020-01-06 21:00:56,85.38,3.64,4172.65,72.39,185.47
2020-01-06 22:00:56,88.26,3.27,4870.11,75.78,191.69
2020-01-06 23:00:56,70.05,2.31,4888.26,75.26,192.39
2020-01-07 00:00:56,74.77,2.11,4571.76,70.81,178.23
2020-01-07 01:00:56,72.54,1.3,3546.86,68.87,162.55
2020-01-07 02:00:56,46.48,9.69,3891.5,69.05,149.9
2020-01-07 03:00:56,59.83,1.84,3651.79,71.41,147.07
2020-01-07 04:00:56,57.34,1.45,3564.35,71.09,129.78
2020-01-07 05:00:56,35.8,1.9,3829.96,69.41,110.26
2020-01-07 06:00:56,43.91,1.11,3576.64,67.62,94.74
2020-01-07 07:00:56,29.09,0.0,3650.39,65.11,83.02
2020-01-07 08:00:56,21.69,0.0,4269.49,64.89,78.48
2020-01-07 09:00:56,24.49,1.54,4515.63,76.03,109.24
2020-01-07 10:00:56,49.7,2.49,3809.81,84.46,127.92
2020-01-07 11:00:56,40.02,4.0,5242.68,86.57,123.14
2020-01-07 12:00:56,43.04,6.61,3514.53,88.94,126.73
2020-01-07 13:00:56,33.3,6.73,3527.62,87.97,113.75
2020-01-07 14:00:56,38.42,5.6,3392.23,83.73,100.77
2020-01-07 15:00:56,40.16,4.69,2989.86,78.88,93.53
2020-01-07 16:00:56,74.77,5.4,0.0,75.58,90.63
2020-01-07 17:00:56,0.0,5.38,3045.76,74.49,92.14
2020-01-07 18:00:56,89.06,2.52,4962.44,79.45,102.8
2020-01-07 19:00:56,84.75,4.81,4718.05,95.33,118.82
2020-01-07 20:00:56,115.62,6.22,5195.19,106.3,127.67
2020-01-07 21:00:56,124.81,5.61,5979.68,114.18,145.69
2020-01-07 22:00:56,127.74,6.48,5506.63,118.24,159.72
2020-01-07 23:00:56,121.85,7.07,5632.06,118.27,153.24
2020-01-08 00:00:56,109.79,5.12,5458.6,114.52,139.63
2020-01-08 01:00:56,110.75,4.63,4102.36,112.02,137.8
2020-01-08 02:00:56,91.42,12.31,4123.14,111.81,129.96
2020-01-08 03:00:56,56.84,2.57,4351.69,94.75,105.92
2020-01-08 04:00:56,42.69,1.76,4236.95,75.25,85.0
2020-01-08 05:00:56,34.96,1.54,3975.23,61.59,71.55
2020-01-08 06:00:56,33.85,1.03,3922.99,55.35,64.78
2020-01-08 07:00:56,19.2,0.9,3844.89,48.1,57.89
2020-01-08 08:00:56,23.81,0.78,3922.41,52.38,62.29
2020-01-08 09:00:56,31.95,0.56,3801.91,53.67,63.0
2020-01-08 10:00:56,18.79,1.41,3670.69,45.71,55.29
2020-01-08 11:00:56,18.17,0.55,3676.11,39.74,49.58
2020-01-08 12:00:56,10.78,0.53,3612.31,38.58,48.54
2020-01-08 13:00:56,13.32,1.06,3774.0,35.73,44.72
2020-01-08 14:00:56,22.92,0.78,3627.34,34.5,44.04
2020-01-08 15:00:56,18.31,0.65,3625.48,35.47,44.6
2020-01-08 16:00:56,24.1,0.94,0.0,35.83,44.65
2020-01-08 17:00:56,23.09,0.0,2390.16,38.65,47.87
2020-01-08 18:00:56,34.62,0.0,2539.4,41.15,50.2
2020-01-08 19:00:56,33.42,0.73,2390.4,38.99,48.38
2020-01-08 20:00:56,32.48,0.55,2446.05,40.33,49.41
2020-01-08 21:00:56,27.53,0.65,2631.27,40.16,49.35
2020-01-08 22:00:56,27.98,0.81,2494.91,37.12,45.94
2020-01-08 23:00:56,20.47,1.58,2411.22,34.6,42.49
2020-01-09 00:00:56,22.37,2.32,1376.23,31.09,39.33
2020-01-09 01:00:56,15.33,1.92,1326.21,27.35,36.52
2020-01-09 02:00:56,8.98,8.86,1388.1,25.62,34.25
2020-01-09 03:00:56,10.59,0.75,1380.54,24.76,33.71
2020-01-09 04:00:56,20.78,0.8,1406.14,23.49,32.47
2020-01-09 05:00:56,12.56,0.98,1323.6,22.62,31.71
2020-01-09 06:00:56,9.4,0.42,1331.45,20.82,29.7
2020-01-09 07:00:56,7.12,0.0,1344.54,21.74,30.78
2020-01-09 08:00:56,14.92,0.0,1624.85,24.93,33.99
2020-01-09 09:00:56,11.83,0.0,1562.46,31.86,41.95
2020-01-09 10:00:56,12.11,0.0,1677.8,40.16,49.86
2020-01-09 11:00:56,24.44,0.35,1792.56,40.22,50.08
2020-01-09 12:00:56,26.34,0.0,1603.22,39.57,49.81
2020-01-09 13:00:56,15.15,0.8,1661.53,42.06,51.98
2020-01-09 14:00:56,25.37,1.44,1800.93,42.83,52.88
2020-01-09 15:00:56,17.48,2.08,1187.52,45.26,55.78
2020-01-09 16:00:56,12.58,2.42,0.0,46.36,55.89
2020-01-09 17:00:56,27.38,3.09,2343.64,44.36,54.08
2020-01-09 18:00:56,24.36,1.26,2080.72,43.98,53.46
2020-01-09 19:00:56,26.82,1.02,2064.44,45.29,54.68
2020-01-09 20:00:56,19.83,0.88,2249.99,47.1,56.79
2020-01-09 21:00:56,20.82,0.0,2632.64,48.45,57.87
2020-01-09 22:00:56,31.63,0.0,2834.77,46.33,56.72
2020-01-09 23:00:56,25.83,0.0,2382.37,45.35,55.4
2020-01-10 00:00:56,29.12,0.0,2033.64,44.74,55.38
2020-01-10 01:00:56,25.37,0.0,1943.03,42.3,52.05
2020-01-10 02:00:56,20.71,0.0,2083.65,35.07,44.47
2020-01-10 03:00:56,12.23,0.0,2112.54,27.96,37.3
2020-01-10 04:00:56,10.09,0.0,1994.66,25.56,34.21
2020-01-10 05:00:56,7.3,0.0,2122.59,23.72,32.79
2020-01-10 06:00:56,4.63,0.0,2160.39,25.15,35.1
2020-01-10 07:00:56,5.06,0.0,1939.08,30.25,40.83
2020-01-10 08:00:56,4.48,0.0,2411.39,36.24,47.77
2020-01-10 09:00:56,5.21,0.41,2469.64,52.42,77.35
2020-01-10 10:00:56,17.3,0.91,2354.1,64.72,101.18
2020-01-10 11:00:56,19.32,2.65,1949.58,71.3,108.66
2020-01-10 12:00:56,22.79,2.29,1950.94,71.95,94.61
2020-01-10 13:00:56,13.86,1.89,1620.14,68.7,0.0
2020-01-10 14:00:56,8.59,2.3,1547.45,60.49,70.67
2020-01-10 15:00:56,7.37,8.03,1708.72,52.01,62.32
2020-01-10 16:00:56,29.07,23.49,0.0,48.81,59.91
2020-01-10 17:00:56,20.17,5.1,2185.04,47.04,59.3
2020-01-10 18:00:56,15.22,2.61,2784.05,53.34,68.82
2020-01-10 19:00:56,34.91,1.98,2801.99,57.8,73.93
2020-01-10 20:00:56,45.23,1.22,3365.51,57.48,73.95
2020-01-10 21:00:56,48.73,0.75,3546.87,59.72,78.26
2020-01-10 22:00:56,48.48,1.05,3932.43,61.89,94.03
2020-01-10 23:00:56,62.61,0.74,3632.33,66.35,117.51
2020-01-11 00:00:56,64.03,0.0,3625.39,63.85,115.37
2020-01-11 01:00:56,59.02,0.0,4206.09,57.96,101.73
2020-01-11 02:00:56,62.07,0.0,4276.04,55.18,98.23
2020-01-11 03:00:56,61.86,0.0,3583.02,51.27,89.75
2020-01-11 04:00:56,48.8,0.0,3361.62,47.23,78.94
2020-01-11 05:00:56,37.65,0.0,3258.32,43.7,71.23
2020-01-11 06:00:56,27.25,0.0,3274.59,39.62,62.23
2020-01-11 07:00:56,19.27,0.0,3158.58,41.08,64.46
2020-01-11 08:00:56,12.79,0.71,3677.17,43.45,71.66
2020-01-11 09:00:56,29.17,1.33,3656.22,47.11,91.9
2020-01-11 10:00:56,37.03,4.43,3885.23,53.52,121.33
2020-01-11 11:00:56,60.41,14.55,3063.22,61.74,159.98
2020-01-11 12:00:56,61.85,18.67,2954.79,61.59,149.28
2020-01-11 13:00:56,58.06,5.72,2378.84,63.12,136.04
2020-01-11 14:00:56,31.93,16.18,2513.86,63.66,121.85
2020-01-11 15:00:56,27.79,55.97,3207.54,61.08,107.45
2020-01-11 16:00:56,18.38,43.46,0.0,62.13,97.37
2020-01-11 17:00:56,33.92,25.6,2322.52,71.22,96.91
2020-01-11 18:00:56,36.52,9.78,3415.76,79.91,107.03
2020-01-11 19:00:56,74.06,13.93,3238.04,89.18,133.45
2020-01-11 20:00:56,101.04,11.3,3353.57,92.21,147.36
2020-01-11 21:00:56,98.6,12.11,2866.18,91.23,148.03
2020-01-11 22:00:56,93.33,8.22,3118.77,90.04,152.87
2020-01-11 23:00:56,88.85,9.42,2893.77,91.78,168.09
2020-01-12 00:00:56,70.5,6.89,2625.98,90.96,172.16
2020-01-12 01:00:56,85.15,6.99,2126.41,92.03,170.94
2020-01-12 02:00:56,63.26,12.76,2037.74,87.03,148.35
2020-01-12 03:00:56,54.83,3.98,2067.79,83.08,128.55
2020-01-12 04:00:56,43.7,3.02,2185.04,79.42,111.46
2020-01-12 05:00:56,35.14,1.86,2307.78,76.46,101.01
2020-01-12 06:00:56,56.76,2.16,2404.1,77.24,104.31
2020-01-12 07:00:56,64.98,4.3,2115.77,75.75,98.02
2020-01-12 08:00:56,67.31,4.33,2267.77,73.81,91.04
2020-01-12 09:00:56,36.78,4.45,2151.61,69.62,82.39
2020-01-12 10:00:56,41.75,4.59,2053.93,66.35,78.58
2020-01-12 11:00:56,42.48,1.33,2029.08,57.71,67.99
2020-01-12 12:00:56,32.25,0.78,1988.5,50.77,61.21
2020-01-12 13:00:56,29.24,1.25,2139.88,41.96,51.71
2020-01-12 14:00:56,15.57,0.82,2031.99,42.49,53.7
2020-01-12 15:00:56,9.73,1.52,1987.85,44.53,54.95
2020-01-12 16:00:56,20.23,0.85,0.0,43.49,54.23
2020-01-12 17:00:56,25.86,0.0,2223.12,52.63,63.92
2020-01-12 18:00:56,33.18,0.32,2258.07,49.78,59.53
2020-01-12 19:00:56,29.79,0.49,2402.96,45.34,54.56
2020-01-12 20:00:56,17.28,0.0,2582.34,41.05,50.07
2020-01-12 21:00:56,17.6,0.0,2546.25,37.99,47.18
2020-01-12 22:00:56,29.94,0.0,2478.24,35.7,44.53
2020-01-12 23:00:56,16.75,0.0,2508.01,35.76,44.95
2020-01-13 00:00:56,10.56,0.0,2655.55,34.5,43.54
2020-01-13 01:00:56,7.08,0.0,2500.93,31.69,40.62
2020-01-13 02:00:56,10.87,0.0,2636.46,28.17,37.13
2020-01-13 03:00:56,8.84,0.0,1628.65,25.51,33.91
2020-01-13 04:00:56,8.64,0.0,1706.97,22.31,31.37
2020-01-13 05:00:56,5.78,0.0,1607.68,23.19,31.81
2020-01-13 06:00:56,5.08,0.0,1569.09,21.98,30.95
2020-01-13 07:00:56,4.47,0.0,1747.7,25.32,34.78
2020-01-13 08:00:56,4.16,0.0,2727.24,35.74,48.13
2020-01-13 09:00:56,13.02,0.0,1889.32,49.94,67.19
2020-01-13 10:00:56,8.31,0.78,1883.99,54.72,67.54
2020-01-13 11:00:56,17.72,1.7,2029.2,52.56,63.17
2020-01-13 12:00:56,28.08,2.08,1781.74,50.78,61.48
2020-01-13 13:00:56,15.71,3.84,1495.72,47.22,56.79
2020-01-13 14:00:56,12.5,24.48,1280.52,42.57,52.67
2020-01-13 15:00:56,12.13,4.34,1210.63,38.53,49.06
2020-01-13 16:00:56,21.2,3.08,0.0,38.85,49.32
2020-01-13 17:00:56,19.24,1.6,2309.19,39.02,49.38
2020-01-13 18:00:56,23.3,0.0,2584.6,40.25,50.38
2020-01-13 19:00:56,19.56,0.0,2745.27,44.05,55.25
2020-01-13 20:00:56,27.41,0.83,2830.69,50.41,62.38
2020-01-13 21:00:56,34.92,0.0,3223.23,51.7,63.71
2020-01-13 22:00:56,42.94,0.45,2959.98,51.63,63.51
2020-01-13 23:00:56,26.97,0.0,3069.98,48.06,59.67
2020-01-14 00:00:56,25.32,0.0,3055.46,47.67,63.63
2020-01-14 01:00:56,34.35,0.0,2866.08,52.8,79.77
2020-01-14 02:00:56,41.67,0.0,2926.9,50.59,74.33
2020-01-14 03:00:56,29.11,0.0,2964.53,45.23,63.32
2020-01-14 04:00:56,24.54,0.0,3019.91,39.09,52.77
2020-01-14 05:00:56,16.59,0.0,2797.77,33.75,45.94
2020-01-14 06:00:56,10.81,0.0,2918.77,29.66,42.66
2020-01-14 07:00:56,14.24,0.0,3044.37,31.37,50.43
2020-01-14 08:00:56,26.31,0.0,3477.13,33.7,59.01
2020-01-14 09:00:56,33.7,0.0,4673.7,39.74,91.72
2020-01-14 10:00:56,61.74,1.5,4187.43,53.87,160.98
2020-01-14 11:00:56,68.74,19.96,3119.44,66.14,217.0
2020-01-14 12:00:56,85.49,22.96,3017.71,68.89,220.22
2020-01-14 13:00:56,83.76,60.39,2740.51,71.63,216.33
2020-01-14 14:00:56,98.75,151.97,2324.69,71.28,198.56
2020-01-14 15:00:56,81.81,22.76,2336.07,70.57,177.53
2020-01-14 16:00:56,67.15,9.7,0.0,68.99,160.32
2020-01-14 17:00:56,46.28,6.38,2781.3,68.65,146.73
2020-01-14 18:00:56,43.44,3.41,3481.9,69.44,147.9
2020-01-14 19:00:56,83.8,4.41,3100.21,71.79,159.77
2020-01-14 20:00:56,99.91,5.71,3237.35,73.82,157.22
2020-01-14 21:00:56,78.75,7.46,4042.74,75.82,151.37
2020-01-14 22:00:56,80.44,6.57,3876.97,78.75,158.36
2020-01-14 23:00:56,89.44,6.71,3080.06,80.46,159.48
2020-01-15 00:00:56,60.09,4.52,3638.82,80.42,151.98
2020-01-15 01:00:56,52.27,2.68,3609.42,78.98,140.01
2020-01-15 02:00:56,40.15,8.56,3241.94,73.64,125.15
2020-01-15 03:00:56,47.89,1.05,2935.9,67.33,105.82
2020-01-15 04:00:56,29.57,0.82,2912.26,63.5,90.25
2020-01-15 05:00:56,29.34,1.45,2867.88,62.36,85.57
2020-01-15 06:00:56,35.71,0.77,2920.53,63.27,86.69
2020-01-15 07:00:56,30.05,0.0,3063.88,62.38,82.57
2020-01-15 08:00:56,33.08,0.0,3335.6,60.5,82.21
2020-01-15 09:00:56,35.51,1.5,3725.13,68.0,121.48
2020-01-15 10:00:56,74.54,2.74,3821.69,77.69,169.55
2020-01-15 11:00:56,77.23,5.93,3488.75,78.93,175.59
2020-01-15 12:00:56,93.2,17.74,2588.55,84.79,180.41
2020-01-15 13:00:56,75.64,8.93,2278.13,87.34,160.55
2020-01-15 14:00:56,58.29,5.49,2964.53,82.96,135.77
2020-01-15 15:00:56,40.62,3.01,3455.81,84.0,117.99
2020-01-15 16:00:56,36.86,1.47,0.0,88.99,105.21
2020-01-15 17:00:56,53.18,1.02,2692.61,82.57,92.92
2020-01-15 18:00:56,53.69,0.65,2596.18,77.78,88.06
2020-01-15 19:00:56,36.54,0.6,2247.73,74.14,84.59
2020-01-15 20:00:56,44.53,0.62,3420.69,69.95,80.94
2020-01-15 21:00:56,34.33,1.49,2443.38,76.93,91.37
2020-01-15 22:00:56,54.68,1.96,2266.56,76.24,87.51
2020-01-15 23:00:56,39.73,1.5,2777.67,71.59,82.72
2020-01-16 00:00:56,43.77,0.94,2791.26,75.73,91.83
2020-01-16 01:00:56,41.68,1.47,2211.22,79.1,93.68
2020-01-16 02:00:56,44.22,8.32,2207.97,74.4,86.22
2020-01-16 03:00:56,30.92,0.84,2499.07,66.07,75.56
2020-01-16 04:00:56,31.2,0.57,2340.57,63.13,74.56
2020-01-16 05:00:56,31.78,0.9,2162.82,56.94,66.9
2020-01-16 06:00:56,31.14,0.0,2316.34,48.99,58.52
2020-01-16 07:00:56,28.11,0.0,2457.03,50.17,60.4
2020-01-16 08:00:56,15.86,0.0,2821.64,53.28,64.58
2020-01-16 09:00:56,14.92,0.0,3183.15,67.72,87.48
2020-01-16 10:00:56,51.36,1.32,3265.61,81.18,110.58
2020-01-16 11:00:56,63.93,3.68,2177.88,93.19,126.42
2020-01-16 12:00:56,53.49,7.18,1781.27,95.63,112.32
2020-01-16 13:00:56,30.34,2.97,1926.73,85.71,96.54
2020-01-16 14:00:56,25.74,3.09,1991.13,68.74,78.61
2020-01-16 15:00:56,20.22,2.77,2013.99,57.21,66.5
2020-01-16 16:00:56,12.89,2.48,0.0,49.38,58.57
2020-01-16 17:00:56,26.45,1.56,2285.85,45.3,54.97
2020-01-16 18:00:56,26.68,0.66,2356.13,49.73,59.53
2020-01-16 19:00:56,34.41,0.0,2259.61,53.47,62.9
2020-01-16 20:00:56,32.02,0.42,2300.07,47.21,55.92
2020-01-16 21:00:56,19.64,0.77,2491.26,42.77,52.57
2020-01-16 22:00:56,32.13,0.64,2290.39,40.92,49.82
2020-01-16 23:00:56,23.43,0.0,2692.58,37.46,46.38
2020-01-17 00:00:56,14.26,0.0,2353.33,44.95,55.2
2020-01-17 01:00:56,21.31,0.0,2707.43,49.87,59.55
2020-01-17 02:00:56,37.65,0.0,2649.83,44.1,53.6
2020-01-17 03:00:56,24.43,0.0,2611.97,38.35,47.61
2020-01-17 04:00:56,22.48,0.0,2503.13,35.33,44.02
2020-01-17 05:00:56,12.61,0.0,2573.13,31.94,40.12
2020-01-17 06:00:56,8.98,0.0,1794.74,28.4,37.63
2020-01-17 07:00:56,9.34,0.0,1756.02,30.56,41.38
2020-01-17 08:00:56,22.52,0.0,2171.86,39.91,57.55
2020-01-17 09:00:56,33.18,0.0,2491.32,55.64,96.93
2020-01-17 10:00:56,67.55,0.49,2141.43,63.97,120.28
2020-01-17 11:00:56,88.61,3.32,1972.16,68.44,119.76
2020-01-17 12:00:56,83.11,22.43,1562.93,76.33,118.17
2020-01-17 13:00:56,64.21,7.16,1303.55,82.83,113.67
2020-01-17 14:00:56,62.7,4.33,1168.33,81.01,101.18
2020-01-17 15:00:56,42.19,3.98,1026.46,76.36,92.05
2020-01-17 16:00:56,39.2,2.36,0.0,70.78,83.01
2020-01-17 17:00:56,39.48,1.1,2223.08,62.99,74.39
2020-01-17 18:00:56,44.17,0.97,2590.68,59.32,71.08
2020-01-17 19:00:56,37.19,1.66,2902.71,62.16,74.55
2020-01-17 20:00:56,47.39,0.0,2856.51,58.8,69.47
2020-01-17 21:00:56,28.93,2.95,2969.15,51.21,61.23
2020-01-17 22:00:56,28.48,9.14,3020.38,44.35,53.58
2020-01-17 23:00:56,25.74,20.38,2958.78,39.05,48.38
2020-01-18 00:00:56,26.13,21.76,3111.87,34.52,43.71
2020-01-18 01:00:56,18.69,12.65,2985.95,30.67,39.84
2020-01-18 02:00:56,12.13,18.37,2977.25,26.32,35.69
2020-01-18 03:00:56,14.47,11.28,3024.72,24.49,33.53
2020-01-18 04:00:56,17.06,27.2,2916.74,22.32,31.93
2020-01-18 05:00:56,21.4,8.83,2946.68,21.62,30.52
2020-01-18 06:00:56,12.37,3.62,2959.84,20.74,29.8
2020-01-18 07:00:56,18.4,4.27,2965.21,21.28,30.39
2020-01-18 08:00:56,14.81,3.9,2862.78,24.12,33.44
2020-01-18 09:00:56,21.7,3.6,2856.99,28.8,38.12
2020-01-18 10:00:56,22.82,4.44,2833.34,33.69,43.08
2020-01-18 11:00:56,18.05,4.54,2813.59,34.98,44.84
2020-01-18 12:00:56,15.53,4.13,2760.81,36.86,46.6
2020-01-18 13:00:56,24.83,2.13,2858.68,38.48,48.72
2020-01-18 14:00:56,32.74,2.04,2793.57,40.73,50.18
2020-01-18 15:00:56,27.48,2.46,2786.73,42.26,52.62
2020-01-18 16:00:56,21.88,1.5,0.0,44.55,54.92
2020-01-18 17:00:56,33.04,1.06,2403.51,48.03,58.16
2020-01-18 18:00:56,32.81,1.5,2478.99,48.24,58.86
2020-01-18 19:00:56,26.55,1.6,2391.55,48.88,59.08
2020-01-18 20:00:56,24.82,1.54,2321.3,45.73,55.07
2020-01-18 21:00:56,26.22,1.25,2098.49,41.65,51.16
2020-01-18 22:00:56,15.36,1.94,2216.38,38.04,47.66
2020-01-18 23:00:56,11.59,1.85,2271.16,33.73,43.14
2020-01-19 00:00:56,6.46,1.1,2352.46,35.54,45.75
2020-01-19 01:00:56,4.03,1.06,2301.05,35.66,45.43
2020-01-19 02:00:56,2.78,0.0,2226.92,33.6,43.22
2020-01-19 03:00:56,2.08,0.0,2358.1,30.49,39.87
2020-01-19 04:00:56,2.12,0.0,2309.27,28.39,38.19
2020-01-19 05:00:56,1.74,0.0,2204.04,25.01,34.35
2020-01-19 06:00:56,2.02,0.0,2156.55,21.38,30.98
2020-01-19 07:00:56,1.8,0.0,2182.49,20.88,31.33
2020-01-19 08:00:56,0.99,0.0,2336.0,22.32,33.53
2020-01-19 09:00:56,1.58,0.0,2423.12,29.97,47.61
2020-01-19 10:00:56,1.88,0.89,2647.31,34.95,58.49
2020-01-19 11:00:56,2.0,3.98,2668.62,44.06,86.04
2020-01-19 12:00:56,5.79,5.54,2094.89,48.91,87.68
2020-01-19 13:00:56,5.66,2.5,1799.82,50.4,77.29
2020-01-19 14:00:56,5.57,14.5,1624.32,50.69,67.78
2020-01-19 15:00:56,4.23,9.1,1625.57,48.42,62.27
2020-01-19 16:00:56,2.6,3.21,0.0,42.81,55.35
2020-01-19 17:00:56,1.35,1.3,2529.96,40.32,51.77
2020-01-19 18:00:56,1.2,3.06,2534.16,39.7,51.75
2020-01-19 19:00:56,1.22,2.8,3072.74,43.39,55.28
2020-01-19 20:00:56,1.63,3.82,2965.57,45.33,57.55
2020-01-19 21:00:56,1.65,3.28,3213.12,47.25,59.17
2020-01-19 22:00:56,1.48,3.06,3203.87,46.21,56.48
2020-01-19 23:00:56,1.26,2.6,3213.06,43.65,54.19
2020-01-20 00:00:56,1.22,1.61,3135.84,43.66,54.11
2020-01-20 01:00:56,1.25,0.0,3100.66,38.32,48.57
2020-01-20 02:00:56,1.48,0.0,3021.09,31.39,41.45
2020-01-20 03:00:56,1.98,0.4,3206.51,28.69,38.07
2020-01-20 04:00:56,1.91,0.0,3252.48,27.44,36.51
2020-01-20 05:00:56,2.29,0.0,3060.11,23.15,32.69
2020-01-20 06:00:56,2.44,0.0,2984.55,22.53,32.01
2020-01-20 07:00:56,2.0,0.0,3080.78,28.29,38.96
2020-01-20 08:00:56,1.71,0.0,3087.72,33.95,44.48
2020-01-20 09:00:56,1.87,0.0,2982.74,39.37,50.07
2020-01-20 10:00:56,2.23,0.0,3237.84,42.4,53.54
2020-01-20 11:00:56,2.12,0.0,3175.04,50.99,62.64
2020-01-20 12:00:56,2.22,0.0,3024.06,57.98,69.41
2020-01-20 13:00:56,1.19,0.0,2887.39,54.55,64.95
2020-01-20 14:00:56,1.48,23.01,3079.1,45.78,55.71
2020-01-20 15:00:56,1.3,10.1,2911.57,40.36,49.78
2020-01-20 16:00:56,1.35,6.1,0.0,33.41,42.94
2020-01-20 17:00:56,1.42,2.91,2059.0,32.04,41.38
2020-01-20 18:00:56,1.74,2.49,1529.57,30.56,39.94
2020-01-20 19:00:56,1.68,3.11,2110.19,31.2,41.1
2020-01-20 20:00:56,1.55,2.97,2117.42,33.13,41.95
2020-01-20 21:00:56,1.32,2.68,2181.3,30.93,40.06
2020-01-20 22:00:56,1.51,2.5,2063.84,31.26,40.15
2020-01-20 23:00:56,1.51,2.22,2061.5,28.96,38.32
2020-01-21 00:00:56,2.0,1.6,1955.28,27.42,37.02
2020-01-21 01:00:56,2.23,0.61,1962.11,26.02,35.03
2020-01-21 02:00:56,2.01,0.0,1946.19,23.11,32.17
2020-01-21 03:00:56,2.2,0.0,1855.65,19.85,28.93
2020-01-21 04:00:56,1.7,0.0,1980.67,17.87,26.32
2020-01-21 05:00:56,1.63,0.0,2031.32,16.68,25.81
2020-01-21 06:00:56,1.78,0.0,1970.29,16.14,25.27
2020-01-21 07:00:56,1.59,0.0,1950.22,17.65,27.02
2020-01-21 08:00:56,1.7,0.0,2159.2,19.24,29.32
2020-01-21 09:00:56,1.84,0.0,2127.03,29.57,39.85
2020-01-21 10:00:56,1.97,0.0,2262.77,37.57,48.25
2020-01-21 11:00:56,1.98,1.2,2299.69,42.46,53.67
2020-01-21 12:00:56,3.05,3.21,2079.88,44.24,55.45
2020-01-21 13:00:56,3.29,1.97,1953.83,43.31,53.27
2020-01-21 14:00:56,2.52,0.0,2115.63,40.05,49.98
2020-01-21 15:00:56,2.22,2.56,2081.63,39.28,49.78
2020-01-21 16:00:56,1.57,1.22,0.0,40.1,49.62
2020-01-21 17:00:56,0.88,0.0,2337.7,42.49,52.9
2020-01-21 18:00:56,1.48,0.0,2202.66,43.91,54.73
2020-01-21 19:00:56,1.68,0.0,2266.79,43.88,53.88
2020-01-21 20:00:56,1.93,0.0,2213.8,42.03,52.47
2020-01-21 21:00:56,1.82,0.0,2277.48,42.43,52.03
2020-01-21 22:00:56,1.47,0.0,2218.16,39.04,48.31
2020-01-21 23:00:56,0.81,0.3,2405.53,36.45,45.93
2020-01-22 00:00:56,1.23,0.46,2411.35,35.98,45.77
2020-01-22 01:00:56,1.42,0.0,2655.01,38.51,48.04
2020-01-22 02:00:56,1.76,0.0,2456.66,37.59,47.02
2020-01-22 03:00:56,1.52,0.0,2459.85,30.45,39.94
2020-01-22 04:00:56,1.44,0.0,2351.11,28.3,38.31
2020-01-22 05:00:56,1.31,0.0,2282.34,25.38,35.23
2020-01-22 06:00:56,1.79,0.0,2151.47,23.88,33.42
2020-01-22 07:00:56,1.66,0.0,2257.51,27.05,37.03
2020-01-22 08:00:56,2.1,0.0,2172.48,31.01,41.04
2020-01-22 09:00:56,1.88,0.0,2100.46,28.75,38.18
2020-01-22 10:00:56,2.01,0.61,2065.12,22.56,31.63
2020-01-22 11:00:56,2.0,0.84,2121.54,19.45,28.28
2020-01-22 12:00:56,5.1,0.59,2027.27,18.24,26.48
2020-01-22 13:00:56,3.38,0.74,1965.82,15.56,24.15
2020-01-22 14:00:56,2.91,0.0,1969.34,13.25,22.17
2020-01-22 15:00:56,2.67,0.0,1849.31,12.45,21.49
2020-01-22 16:00:56,2.61,0.0,0.0,11.12,20.22
2020-01-22 17:00:56,2.17,1.29,2105.4,11.76,20.8
2020-01-22 18:00:56,2.01,0.62,2263.39,15.73,24.97
2020-01-22 19:00:56,1.05,2.58,2313.52,19.13,28.75
2020-01-22 20:00:56,1.1,1.18,2273.93,19.71,29.38
2020-01-22 21:00:56,1.86,11.75,2565.17,19.93,30.15
2020-01-22 22:00:56,2.18,2.7,2709.57,27.91,39.15
2020-01-22 23:00:56,2.09,4.48,2624.6,31.41,42.52
2020-01-23 00:00:56,2.66,1.27,2545.19,28.97,38.75
2020-01-23 01:00:56,2.28,0.92,2388.45,23.74,33.71
2020-01-23 02:00:56,2.12,8.59,2264.79,20.21,28.96
2020-01-23 03:00:56,1.1,0.65,2324.69,17.09,25.9
2020-01-23 04:00:56,1.01,1.25,2276.74,14.39,23.31
2020-01-23 05:00:56,1.39,0.73,2268.61,13.24,21.8
2020-01-23 06:00:56,1.89,0.85,2275.84,12.11,21.02
2020-01-23 07:00:56,1.66,0.0,2388.04,11.64,20.61
2020-01-23 08:00:56,1.74,1.03,2529.68,13.0,21.97
2020-01-23 09:00:56,2.08,2.11,2465.99,23.5,36.59
2020-01-23 10:00:56,1.9,4.23,2294.03,34.48,52.21
2020-01-23 11:00:56,2.49,4.02,2249.71,37.28,52.24
2020-01-23 12:00:56,6.47,2.97,2016.77,36.78,47.74
2020-01-23 13:00:56,3.99,3.58,1875.34,32.43,41.63
2020-01-23 14:00:56,2.92,4.1,2164.44,26.92,36.25
2020-01-23 15:00:56,1.46,0.0,2187.85,29.3,40.07
2020-01-23 16:00:56,0.74,0.0,0.0,30.52,41.75
2020-01-23 17:00:56,0.42,0.0,2255.29,32.61,42.92
2020-01-23 18:00:56,0.84,0.0,1963.52,33.69,43.99
2020-01-23 19:00:56,1.44,0.0,2422.68,37.71,48.0
2020-01-23 20:00:56,1.42,0.0,2299.19,35.73,45.52
2020-01-23 21:00:56,0.71,0.0,2470.9,31.09,40.2
2020-01-23 22:00:56,0.35,0.0,2347.57,28.74,38.15
2020-01-23 23:00:56,0.25,0.0,2222.68,25.79,34.45
2020-01-24 00:00:56,1.0,0.0,2529.89,20.63,29.81
2020-01-24 01:00:56,1.07,0.0,2437.94,16.74,25.9
2020-01-24 02:00:56,1.31,0.0,2264.08,13.31,22.26
2020-01-24 03:00:56,1.85,0.0,2269.15,10.63,19.57
2020-01-24 04:00:56,1.72,0.0,2178.78,9.95,18.48
2020-01-24 05:00:56,2.14,0.0,2219.67,8.25,16.76
2020-01-24 06:00:56,2.36,0.0,2416.37,8.84,17.79
2020-01-24 07:00:56,2.41,0.0,2310.39,14.33,23.9
2020-01-24 08:00:56,2.4,0.0,2606.02,17.33,26.98
2020-01-24 09:00:56,1.83,0.0,0.0,29.55,40.61
2020-01-24 10:00:56,0.0,0.0,3355.18,0.0,0.0
2020-01-24 11:00:56,0.0,0.0,2545.34,49.61,62.7
2020-01-24 12:00:56,4.79,1.37,2015.11,39.38,47.54
2020-01-24 13:00:56,10.0,4.49,1697.64,29.62,38.51
2020-01-24 14:00:56,7.11,12.33,1593.11,26.0,35.22
2020-01-24 15:00:56,7.63,6.41,1560.08,27.79,37.77
2020-01-24 16:00:56,12.84,3.09,0.0,30.45,40.68
2020-01-24 17:00:56,21.08,3.72,1755.3,31.85,41.75
2020-01-24 18:00:56,29.12,2.67,1776.89,32.04,42.22
2020-01-24 19:00:56,32.21,3.18,2389.51,36.03,46.19
2020-01-24 20:00:56,43.92,1.33,2367.49,39.38,51.79
2020-01-24 21:00:56,57.14,0.93,2434.19,41.54,56.43
2020-01-24 22:00:56,58.34,1.02,2578.66,43.07,61.33
2020-01-24 23:00:56,64.77,1.84,2790.16,47.55,80.08
2020-01-25 00:00:56,62.1,2.56,2331.74,50.71,88.39
2020-01-25 01:00:56,52.84,2.69,2097.92,48.6,80.29
2020-01-25 02:00:56,45.11,9.56,1781.88,45.23,67.66
2020-01-25 03:00:56,31.2,1.49,1601.78,41.78,56.35
2020-01-25 04:00:56,17.41,1.66,1576.88,35.07,45.9
2020-01-25 05:00:56,9.91,1.39,1531.57,24.33,33.79
2020-01-25 06:00:56,6.53,1.1,1537.25,16.74,25.7
2020-01-25 07:00:56,5.31,0.0,1746.12,17.16,27.18
2020-01-25 08:00:56,10.28,0.0,1997.13,29.36,46.34
2020-01-25 09:00:56,19.04,4.11,2161.27,39.44,70.01
2020-01-25 10:00:56,28.55,37.01,1618.39,44.22,81.04
2020-01-25 11:00:56,33.29,18.91,1539.11,41.31,69.42
2020-01-25 12:00:56,21.74,7.51,1281.45,39.04,61.66
2020-01-25 13:00:56,15.74,19.17,1288.7,36.75,55.04
2020-01-25 14:00:56,14.84,64.96,851.17,35.81,50.94
2020-01-25 15:00:56,16.05,2.91,2225.49,31.94,43.28
2020-01-25 16:00:56,10.55,82.68,0.0,28.95,38.52
2020-01-25 17:00:56,13.67,30.94,1626.22,29.04,37.97
2020-01-25 18:00:56,15.87,5.57,1808.62,28.1,37.72
2020-01-25 19:00:56,21.67,12.72,2473.86,34.87,45.86
2020-01-25 20:00:56,42.46,10.79,2384.6,46.37,61.98
2020-01-25 21:00:56,60.04,10.15,1648.16,53.07,76.33
2020-01-25 22:00:56,57.48,4.81,1600.6,51.34,68.54
2020-01-25 23:00:56,32.21,8.29,1785.42,50.41,64.01
2020-01-26 00:00:56,24.2,8.38,1507.38,47.8,58.85
2020-01-26 01:00:56,24.62,6.13,2081.91,45.01,55.37
2020-01-26 02:00:56,29.82,15.93,1132.73,45.72,57.26
2020-01-26 03:00:56,28.28,3.27,1175.33,36.93,47.09
2020-01-26 04:00:56,16.93,2.02,927.72,32.95,43.8
2020-01-26 05:00:56,17.59,4.67,1034.45,29.49,40.68
2020-01-26 06:00:56,17.9,3.32,1003.15,28.13,39.34
2020-01-26 07:00:56,15.12,0.63,1031.59,24.6,36.31
2020-01-26 08:00:56,18.41,0.94,1133.49,26.7,40.34
2020-01-26 09:00:56,27.79,4.5,1371.43,33.05,62.67
2020-01-26 10:00:56,39.06,20.23,1780.42,39.37,83.55
2020-01-26 11:00:56,42.94,38.13,1179.33,40.38,88.48
2020-01-26 12:00:56,46.84,19.73,801.46,41.05,86.94
2020-01-26 13:00:56,33.32,47.77,464.35,41.09,80.14
2020-01-26 14:00:56,23.47,122.56,1687.85,43.07,76.67
2020-01-26 15:00:56,24.84,134.31,1740.34,45.7,69.7
2020-01-26 16:00:56,21.8,6.71,0.0,49.69,64.51
2020-01-26 17:00:56,23.68,34.4,1727.51,51.76,63.78
2020-01-26 18:00:56,45.4,19.33,1739.75,55.5,67.73
2020-01-26 19:00:56,63.75,14.55,1631.34,60.54,77.82
2020-01-26 20:00:56,66.22,18.44,2170.98,61.92,81.01
2020-01-26 21:00:56,65.67,7.34,2729.91,59.18,80.88
2020-01-26 22:00:56,78.34,6.25,2792.7,61.42,98.56
2020-01-26 23:00:56,95.21,3.49,2165.16,63.37,112.43
2020-01-27 00:00:56,92.43,3.53,1788.95,60.47,111.89
2020-01-27 01:00:56,92.86,1.91,2181.02,54.34,106.59
2020-01-27 02:00:56,90.85,8.95,2045.74,49.57,104.2
2020-01-27 03:00:56,91.28,0.7,1501.55,45.21,99.0
2020-01-27 04:00:56,84.96,0.6,1790.35,41.75,90.76
2020-01-27 05:00:56,67.92,1.14,1684.91,42.43,97.95
2020-01-27 06:00:56,58.54,0.0,1407.54,40.46,97.48
2020-01-27 07:00:56,52.6,0.0,1747.0,37.69,100.15
2020-01-27 08:00:56,44.15,0.0,3179.3,37.79,106.45
2020-01-27 09:00:56,59.09,1.82,2091.82,42.59,145.48
2020-01-27 10:00:56,102.82,18.38,1811.77,52.42,207.01
2020-01-27 11:00:56,140.95,190.67,1099.35,60.06,256.25
2020-01-27 12:00:56,131.77,69.9,626.41,59.54,246.86
2020-01-27 13:00:56,87.53,325.53,223.99,58.36,221.74
2020-01-27 14:00:56,77.3,166.02,1236.04,57.49,198.07
2020-01-27 15:00:56,75.03,68.93,1530.56,61.34,176.43
2020-01-27 16:00:56,63.29,42.36,0.0,68.55,157.53
2020-01-27 17:00:56,55.11,24.83,1710.61,76.22,142.29
2020-01-27 18:00:56,61.02,19.29,2640.4,82.88,135.33
2020-01-27 19:00:56,84.28,17.88,2235.97,89.51,151.82
2020-01-27 20:00:56,136.07,15.98,2804.84,94.25,179.39
2020-01-27 21:00:56,164.41,12.18,2920.19,94.09,186.18
2020-01-27 22:00:56,142.48,9.24,2885.69,85.98,175.04
2020-01-27 23:00:56,137.91,8.38,2599.79,83.22,183.03
2020-01-28 00:00:56,134.45,7.58,2794.82,79.9,179.98
2020-01-28 01:00:56,130.22,6.86,2628.08,77.58,178.05
2020-01-28 02:00:56,126.99,18.44,2528.8,73.75,165.57
2020-01-28 03:00:56,114.46,4.37,2254.48,70.62,149.36
2020-01-28 04:00:56,95.79,2.95,2059.83,66.85,132.13
2020-01-28 05:00:56,72.64,4.26,2035.79,64.71,118.22
2020-01-28 06:00:56,67.85,4.1,1940.06,66.1,113.94
2020-01-28 07:00:56,67.14,5.31,1835.65,70.9,121.78
2020-01-28 08:00:56,62.86,4.23,2075.79,71.41,120.19
2020-01-28 09:00:56,76.47,6.11,1807.61,72.9,124.05
2020-01-28 10:00:56,87.04,9.95,2365.53,76.19,127.63
2020-01-28 11:00:56,98.19,15.7,2496.95,78.89,148.53
2020-01-28 12:00:56,124.2,16.8,1433.05,83.27,176.77
2020-01-28 13:00:56,124.94,9.4,2067.5,83.68,152.82
2020-01-28 14:00:56,96.53,10.47,1552.03,85.93,136.36
2020-01-28 15:00:56,89.32,11.75,2347.29,86.14,122.18
2020-01-28 16:00:56,128.52,17.84,0.0,95.53,150.89
2020-01-28 17:00:56,222.07,15.27,1547.11,106.35,196.01
2020-01-28 18:00:56,237.69,10.55,2162.66,105.15,175.8
2020-01-28 19:00:56,169.55,14.32,2980.34,105.56,164.13
2020-01-28 20:00:56,153.58,18.69,3070.87,107.37,172.65
2020-01-28 21:00:56,151.24,18.5,2403.43,111.27,188.21
2020-01-28 22:00:56,137.19,14.22,2353.64,107.29,175.83
2020-01-28 23:00:56,112.05,23.87,2169.17,102.06,158.97
2020-01-29 00:00:56,108.9,55.06,1745.21,97.9,144.25
2020-01-29 01:00:56,103.56,14.39,1726.22,92.1,123.38
2020-01-29 02:00:56,70.32,16.27,1889.82,85.64,103.91
2020-01-29 03:00:56,59.89,6.35,1756.87,77.5,89.77
2020-01-29 04:00:56,63.37,5.18,1958.72,68.39,79.22
2020-01-29 05:00:56,60.03,3.19,1929.54,57.64,67.78
2020-01-29 06:00:56,52.47,2.97,1756.32,49.03,59.32
2020-01-29 07:00:56,47.68,2.31,1739.11,42.93,52.59
2020-01-29 08:00:56,50.31,1.87,1625.53,38.81,48.43
2020-01-29 09:00:56,51.51,2.25,1720.64,37.62,48.44
2020-01-29 10:00:56,44.99,3.95,1956.93,41.49,52.44
2020-01-29 11:00:56,53.01,8.61,1704.27,40.33,50.49
2020-01-29 12:00:56,43.53,11.98,1477.69,39.25,48.93
2020-01-29 13:00:56,25.57,6.48,1596.3,32.77,42.62
2020-01-29 14:00:56,16.11,3.57,2007.93,26.56,35.75
2020-01-29 15:00:56,8.67,2.46,1670.69,23.38,32.43
2020-01-29 16:00:56,11.46,1.85,0.0,22.08,30.84
2020-01-29 17:00:56,15.25,1.15,1449.08,23.78,32.66
2020-01-29 18:00:56,12.25,5.31,2060.42,26.74,35.41
2020-01-29 19:00:56,29.48,11.25,1787.88,36.14,44.9
2020-01-29 20:00:56,53.96,7.33,1694.89,46.98,56.25
2020-01-29 21:00:56,61.38,6.35,2058.38,52.7,62.65
2020-01-29 22:00:56,67.02,6.19,2233.32,57.44,68.08
2020-01-29 23:00:56,60.86,7.0,1356.74,57.53,67.65
2020-01-30 00:00:56,45.12,4.47,1527.04,45.86,54.93
2020-01-30 01:00:56,32.17,4.4,1619.79,40.24,49.04
2020-01-30 02:00:56,23.28,12.15,1645.77,35.42,44.47
2020-01-30 03:00:56,33.3,1.96,1477.95,24.05,32.84
2020-01-30 04:00:56,51.55,1.05,1431.16,21.4,30.79
2020-01-30 05:00:56,40.41,0.81,1366.58,19.59,28.54
2020-01-30 06:00:56,25.33,0.0,1362.68,20.64,29.13
2020-01-30 07:00:56,24.48,0.0,1329.68,19.86,28.94
2020-01-30 08:00:56,21.89,0.67,1804.87,23.29,32.53
2020-01-30 09:00:56,14.22,0.0,1870.39,35.68,45.5
2020-01-30 10:00:56,16.28,0.0,1582.27,42.98,52.67
2020-01-30 11:00:56,20.81,2.78,1438.03,42.15,51.68
2020-01-30 12:00:56,23.07,3.03,1486.04,36.78,45.47
2020-01-30 13:00:56,20.6,3.2,1691.57,33.67,42.67
2020-01-30 14:00:56,13.42,5.6,1472.12,33.37,42.33
2020-01-30 15:00:56,10.01,5.07,1422.44,27.12,36.02
2020-01-30 16:00:56,6.56,3.7,0.0,24.62,33.52
2020-01-30 17:00:56,27.11,1.29,1835.54,29.89,38.11
2020-01-30 18:00:56,46.65,0.54,1387.71,34.05,42.82
2020-01-30 19:00:56,32.59,0.0,1539.92,33.68,42.72
2020-01-30 20:00:56,24.72,0.0,1820.1,35.95,45.25
2020-01-30 21:00:56,14.96,0.0,1925.22,38.53,47.38
2020-01-30 22:00:56,12.42,0.0,1728.91,39.05,48.38
2020-01-30 23:00:56,18.12,0.78,1792.72,38.11,46.9
2020-01-31 00:00:56,20.57,0.0,1768.66,36.27,45.16
2020-01-31 01:00:56,12.33,0.0,1906.56,32.47,40.62
2020-01-31 02:00:56,8.17,0.0,1864.51,26.83,35.35
2020-01-31 03:00:56,6.06,0.0,1905.36,23.39,31.2
2020-01-31 04:00:56,6.35,0.0,1532.89,19.66,28.2
2020-01-31 05:00:56,6.28,0.0,1036.78,18.5,26.88
2020-01-31 06:00:56,6.9,0.0,958.57,16.35,25.58
2020-01-31 07:00:56,8.85,0.0,1033.58,16.75,25.56
2020-01-31 08:00:56,7.02,0.0,1145.36,18.76,27.68
2020-01-31 09:00:56,8.66,0.0,1100.94,28.88,37.63
2020-01-31 10:00:56,13.67,0.0,1125.07,34.89,44.27
2020-01-31 11:00:56,16.94,0.0,1040.7,43.27,52.75
2020-01-31 12:00:56,18.57,0.0,1233.83,42.53,52.17
2020-01-31 13:00:56,13.46,0.0,857.14,39.93,49.71
2020-01-31 14:00:56,8.55,0.6,891.72,37.54,46.94
2020-01-31 15:00:56,9.51,1.11,956.67,38.29,48.43
2020-01-31 16:00:56,14.2,2.13,0.0,39.83,49.19
2020-01-31 17:00:56,18.64,2.8,1616.69,39.9,49.65
2020-01-31 18:00:56,20.64,1.79,1807.91,42.96,53.02
2020-01-31 19:00:56,23.11,1.11,1719.75,46.84,56.43
2020-01-31 20:00:56,31.04,1.04,2825.25,45.07,55.14
2020-01-31 21:00:56,44.95,0.0,2533.26,52.16,66.89
2020-01-31 22:00:56,51.93,0.65,2333.47,58.85,80.98
2020-01-31 23:00:56,47.22,0.94,2403.02,71.23,124.51
2020-02-01 00:00:56,45.28,0.89,1799.83,72.67,125.69
2020-02-01 01:00:56,31.77,0.89,1615.24,71.87,114.85
2020-02-01 02:00:56,25.8,8.69,1690.82,68.94,101.67
2020-02-01 03:00:56,18.78,0.59,1780.72,64.69,87.3
2020-02-01 04:00:56,17.32,0.63,1735.5,58.54,74.58
2020-02-01 05:00:56,18.49,0.42,1619.38,51.81,63.15
2020-02-01 06:00:56,18.12,0.59,1596.08,40.65,50.63
2020-02-01 07:00:56,11.15,1.38,1656.33,30.27,39.28
2020-02-01 08:00:56,6.29,1.49,1617.95,20.42,29.22
2020-02-01 09:00:56,9.43,1.53,1668.58,17.35,26.38
2020-02-01 10:00:56,16.44,2.0,1601.07,18.14,27.11
2020-02-01 11:00:56,14.61,1.62,1580.19,14.26,22.79
2020-02-01 12:00:56,10.63,2.63,1547.99,12.28,20.72
2020-02-01 13:00:56,7.41,1.4,1610.0,12.7,21.75
2020-02-01 14:00:56,6.36,2.27,1604.75,12.73,20.94
2020-02-01 15:00:56,6.65,2.36,1616.85,12.62,20.93
2020-02-01 16:00:56,8.45,2.68,0.0,12.77,21.09
2020-02-01 17:00:56,11.33,2.65,1576.39,13.8,22.59
2020-02-01 18:00:56,13.82,3.21,1887.78,20.68,30.73
2020-02-01 19:00:56,20.21,4.31,2139.85,29.38,40.07
2020-02-01 20:00:56,36.44,6.08,2123.09,35.41,47.77
2020-02-01 21:00:56,48.97,5.46,2848.6,43.65,60.46
2020-02-01 22:00:56,56.59,5.44,1786.98,47.65,66.18
2020-02-01 23:00:56,52.63,5.19,1763.94,47.67,62.48
2020-02-02 00:00:56,39.03,4.98,1933.25,45.7,57.38
2020-02-02 01:00:56,38.0,4.2,1745.94,46.87,58.92
2020-02-02 02:00:56,34.2,10.47,1768.17,42.76,52.7
2020-02-02 03:00:56,22.81,2.86,1601.85,34.4,43.91
2020-02-02 04:00:56,13.46,2.51,1603.89,26.71,36.41
2020-02-02 05:00:56,8.39,2.8,1763.21,23.79,33.05
2020-02-02 06:00:56,8.05,3.27,1704.45,20.22,29.7
2020-02-02 07:00:56,13.5,9.64,1794.07,19.9,28.96
2020-02-02 08:00:56,14.6,5.03,1622.63,18.76,27.6
2020-02-02 09:00:56,11.86,3.91,1592.67,17.26,26.95
2020-02-02 10:00:56,12.03,3.9,1526.9,16.48,25.21
2020-02-02 11:00:56,8.05,3.53,1544.35,14.84,24.32
2020-02-02 12:00:56,6.5,3.3,1295.27,16.22,26.33
2020-02-02 13:00:56,5.08,2.37,2453.68,15.71,25.35
2020-02-02 14:00:56,6.21,2.29,2560.26,16.03,25.22
2020-02-02 15:00:56,11.83,2.43,2769.82,18.34,26.4
2020-02-02 16:00:56,18.96,2.09,0.0,13.44,22.23
2020-02-02 17:00:56,16.78,2.75,1414.95,14.33,22.6
2020-02-02 18:00:56,10.53,3.5,1605.68,15.82,24.21
2020-02-02 19:00:56,12.94,3.74,1697.47,19.37,27.34
2020-02-02 20:00:56,14.78,1.93,1291.91,18.65,27.16
2020-02-02 21:00:56,15.02,2.06,1616.41,17.39,25.92
2020-02-02 22:00:56,17.96,1.85,1333.12,18.65,27.62
2020-02-02 23:00:56,14.76,1.57,1383.38,21.22,30.61
2020-02-03 00:00:56,11.89,1.18,1378.72,18.46,26.38
2020-02-03 01:00:56,10.38,0.66,1199.33,11.16,20.37
2020-02-03 02:00:56,10.27,0.0,1303.07,9.37,17.37
2020-02-03 03:00:56,12.48,0.43,1262.71,7.97,15.61
2020-02-03 04:00:56,14.68,0.65,1314.26,5.77,14.01
2020-02-03 05:00:56,8.49,0.53,1360.22,5.02,12.49
2020-02-03 06:00:56,5.56,0.0,1502.31,3.62,11.42
2020-02-03 07:00:56,6.73,0.62,1331.11,5.03,12.95
2020-02-03 08:00:56,7.8,0.53,1282.03,5.31,13.41
2020-02-03 09:00:56,6.4,0.99,1249.29,7.83,15.67
2020-02-03 10:00:56,5.53,0.47,1349.07,8.31,16.37
2020-02-03 11:00:56,10.68,1.04,1309.33,9.95,17.52
2020-02-03 12:00:56,17.87,2.28,1202.37,15.32,23.23
2020-02-03 13:00:56,14.99,1.5,1262.15,19.78,27.97
2020-02-03 14:00:56,11.92,1.79,1236.39,17.71,25.53
2020-02-03 15:00:56,9.79,1.79,1268.19,14.85,22.8
2020-02-03 16:00:56,6.96,1.78,0.0,13.52,21.52
2020-02-03 17:00:56,15.06,2.32,1558.13,12.43,20.15
2020-02-03 18:00:56,21.71,2.21,1479.19,11.34,18.86
2020-02-03 19:00:56,53.77,1.59,1773.56,10.95,18.23
2020-02-03 20:00:56,0.0,0.85,1994.42,9.1,16.9
2020-02-03 21:00:56,0.0,0.36,1511.06,8.61,16.02
2020-02-03 22:00:56,0.0,0.55,1713.72,7.98,15.79
2020-02-03 23:00:56,0.0,0.54,1486.27,7.41,14.89
2020-02-04 00:00:56,0.0,0.32,1492.74,8.04,15.99
2020-02-04 01:00:56,0.0,0.6,1460.63,6.66,14.93
2020-02-04 02:00:56,0.0,9.01,1416.67,7.41,15.44
2020-02-04 03:00:56,0.0,0.8,1550.85,6.03,14.16
2020-02-04 04:00:56,0.0,0.89,1395.19,6.79,14.37
2020-02-04 05:00:56,0.0,0.87,1576.67,7.77,14.95
2020-02-04 06:00:56,0.0,0.0,1573.39,8.31,16.35
2020-02-04 07:00:56,0.0,0.0,1462.76,10.51,18.26
2020-02-04 08:00:56,0.0,0.0,1571.53,12.42,20.11
2020-02-04 09:00:56,0.0,0.0,2038.32,23.53,31.43
2020-02-04 10:00:56,0.0,0.0,1984.53,31.97,41.26
2020-02-04 11:00:56,0.0,9.55,1184.11,51.85,62.06
2020-02-04 12:00:56,0.0,6.52,1146.77,43.64,52.21
2020-02-04 13:00:56,0.0,8.94,713.04,37.61,46.14
2020-02-04 14:00:56,0.0,4.16,676.22,32.83,40.89
2020-02-04 15:00:56,0.0,21.04,675.19,29.69,37.93
2020-02-04 16:00:56,0.0,3.98,0.0,29.04,37.79
2020-02-04 17:00:56,3.09,1.21,2617.1,29.46,37.62
2020-02-04 18:00:56,3.65,0.62,2735.46,29.21,37.46
2020-02-04 19:00:56,14.08,0.72,2847.05,27.24,35.42
2020-02-04 20:00:56,16.39,0.84,2800.32,27.31,35.28
2020-02-04 21:00:56,15.84,0.45,3032.98,26.04,33.83
2020-02-04 22:00:56,22.47,0.41,3297.18,0.0,0.0
2020-02-04 23:00:56,24.6,0.91,0.0,0.0,0.0
2020-02-05 00:00:56,27.65,0.0,0.0,0.0,0.0
2020-02-05 01:00:56,31.28,0.0,0.0,0.0,0.0
2020-02-05 02:00:56,32.79,8.81,0.0,0.0,0.0
2020-02-05 03:00:56,33.47,0.61,0.0,0.0,0.0
2020-02-05 04:00:56,27.29,0.77,0.0,0.0,0.0
2020-02-05 05:00:56,16.09,2.55,0.0,0.0,0.0
2020-02-05 06:00:56,9.56,3.2,0.0,0.0,0.0
2020-02-05 07:00:56,7.21,4.41,0.0,0.0,0.0
2020-02-05 08:00:56,5.71,2.99,0.0,0.0,0.0
2020-02-05 09:00:56,5.26,2.62,0.0,0.0,0.0
2020-02-05 10:00:56,12.86,1.79,0.0,0.0,0.0
2020-02-05 11:00:56,10.32,0.0,0.0,0.0,0.0
2020-02-05 12:00:56,6.37,0.7,0.0,0.0,0.0
2020-02-05 13:00:56,6.67,0.97,0.0,0.0,0.0
2020-02-05 14:00:56,5.6,0.0,0.0,0.0,0.0
2020-02-05 15:00:56,10.09,1.47,0.0,0.0,0.0
2020-02-05 16:00:56,13.54,0.99,0.0,0.0,0.0
2020-02-05 17:00:56,9.45,0.56,0.0,0.0,0.0
2020-02-05 18:00:56,6.65,3.0,0.0,0.0,0.0
2020-02-05 19:00:56,16.51,5.45,0.0,0.0,0.0
2020-02-05 20:00:56,19.86,4.26,0.0,0.0,0.0
2020-02-05 21:00:56,16.13,2.89,0.0,0.0,0.0
2020-02-05 22:00:56,16.25,2.56,0.0,0.0,0.0
2020-02-05 23:00:56,11.23,1.76,0.0,0.0,0.0
2020-02-06 00:00:56,11.27,1.96,0.0,0.0,0.0
2020-02-06 01:00:56,8.15,2.11,0.0,0.0,0.0
2020-02-06 02:00:56,8.9,9.88,0.0,0.0,0.0
2020-02-06 03:00:56,6.69,0.0,0.0,0.0,0.0
2020-02-06 04:00:56,9.69,0.0,0.0,0.0,0.0
2020-02-06 05:00:56,9.8,0.76,0.0,0.0,0.0
2020-02-06 06:00:56,13.82,0.41,0.0,0.0,0.0
2020-02-06 07:00:56,16.39,0.78,0.0,0.0,0.0
2020-02-06 08:00:56,21.97,0.0,0.0,0.0,0.0
2020-02-06 09:00:56,19.49,4.42,0.0,0.0,0.0
2020-02-06 10:00:56,38.38,25.71,0.0,0.0,0.0
2020-02-06 11:00:56,39.72,7.69,0.0,0.0,0.0
2020-02-06 12:00:56,45.68,5.6,0.0,0.0,0.0
2020-02-06 13:00:56,33.21,2.25,0.0,0.0,0.0
2020-02-06 14:00:56,29.45,0.97,0.0,0.0,0.0
2020-02-06 15:00:56,37.93,1.05,279.57,0.0,0.0
2020-02-06 16:00:56,26.55,0.89,0.0,20.74,29.13
2020-02-06 17:00:56,15.15,0.0,0.0,13.09,18.41
2020-02-06 18:00:56,13.62,0.0,0.0,5.52,10.08
2020-02-06 19:00:56,10.16,3.54,0.0,17.89,24.64
2020-02-06 20:00:56,6.04,1.55,0.0,23.83,30.9
2020-02-06 21:00:56,8.89,1.11,0.0,27.22,35.59
2020-02-06 22:00:56,9.81,0.69,1925.48,21.45,27.64
2020-02-06 23:00:56,9.67,0.0,1944.61,20.93,27.7
2020-02-07 00:00:56,16.13,0.68,1969.53,18.47,24.05
2020-02-07 01:00:56,18.9,0.0,1857.12,21.48,28.57
2020-02-07 02:00:56,17.13,0.0,1714.7,10.47,14.66
2020-02-07 03:00:56,18.07,0.0,1678.36,5.18,9.6
2020-02-07 04:00:56,12.5,0.0,1619.94,6.27,10.75
2020-02-07 05:00:56,10.63,0.0,1662.12,0.0,0.0
2020-02-07 06:00:56,9.84,0.0,1826.45,3.49,8.07
2020-02-07 07:00:56,11.39,0.0,1759.68,10.03,18.95
2020-02-07 08:00:56,9.09,0.0,0.0,17.99,26.94
2020-02-07 09:00:56,8.04,0.0,1945.22,49.95,73.59
2020-02-07 10:00:56,17.15,0.36,2158.36,41.96,55.86
2020-02-07 11:00:56,26.67,0.88,602.71,32.62,47.47
2020-02-07 12:00:56,28.06,0.36,757.09,27.32,39.39
2020-02-07 13:00:56,24.25,0.86,518.99,16.03,26.09
2020-02-07 14:00:56,14.12,0.85,210.21,14.93,24.6
2020-02-07 15:00:56,12.06,0.0,663.91,28.61,40.1
2020-02-07 16:00:56,20.6,0.0,372.79,49.36,64.89
2020-02-07 17:00:56,16.07,0.92,842.77,54.75,69.02
2020-02-07 18:00:56,23.35,2.09,763.78,37.47,45.24
2020-02-07 19:00:56,25.93,1.18,571.63,29.63,34.61
2020-02-07 20:00:56,20.33,0.93,815.42,21.1,25.39
2020-02-07 21:00:56,17.26,0.97,954.83,21.79,30.06
2020-02-07 22:00:56,22.84,0.3,1035.27,24.67,31.13
2020-02-07 23:00:56,17.67,0.0,732.25,13.24,19.01
2020-02-08 00:00:56,24.15,0.0,731.02,13.35,19.62
2020-02-08 01:00:56,20.52,0.0,764.56,0.0,0.0
2020-02-08 02:00:56,12.87,0.0,689.78,0.0,0.0
2020-02-08 03:00:56,7.87,0.0,663.52,0.0,0.0
2020-02-08 04:00:56,17.33,0.0,748.68,0.0,0.0
2020-02-08 05:00:56,14.24,0.0,818.08,0.0,0.0
2020-02-08 06:00:56,8.23,0.0,723.88,0.0,0.0
2020-02-08 07:00:56,9.02,0.0,689.89,6.2,11.59
2020-02-08 08:00:56,12.98,0.0,0.0,21.65,28.28
2020-02-08 09:00:56,10.21,0.0,608.4,29.87,40.45
2020-02-08 10:00:56,21.27,0.83,554.52,24.07,37.36
2020-02-08 11:00:56,29.2,0.74,559.88,8.42,17.19
2020-02-08 12:00:56,26.11,0.0,640.94,11.34,20.6
2020-02-08 13:00:56,24.04,1.03,510.11,10.16,20.02
2020-02-08 14:00:56,24.93,0.74,378.71,17.16,29.44
2020-02-08 15:00:56,29.97,0.0,508.24,15.24,25.99
2020-02-08 16:00:56,31.06,0.0,432.25,15.61,26.58
2020-02-08 17:00:56,28.81,0.0,462.36,16.3,30.76
2020-02-08 18:00:56,25.42,0.0,538.56,16.63,25.65
2020-02-08 19:00:56,23.13,0.0,648.89,10.15,17.96
2020-02-08 20:00:56,19.13,0.0,692.5,14.11,22.42
2020-02-08 21:00:56,30.41,0.0,738.98,12.29,18.57
2020-02-08 22:00:56,21.86,0.0,746.02,13.06,18.72
2020-02-08 23:00:56,41.03,0.0,807.81,10.35,16.16
2020-02-09 00:00:56,71.88,0.0,664.78,6.43,11.78
2020-02-09 01:00:56,68.36,0.0,665.06,0.0,0.0
2020-02-09 02:00:56,51.45,0.0,429.21,0.0,0.0
2020-02-09 03:00:56,45.07,0.0,668.65,0.0,0.0
2020-02-09 04:00:56,41.39,0.0,610.59,0.0,0.0
2020-02-09 05:00:56,35.2,0.0,620.2,0.0,0.0
2020-02-09 06:00:56,31.81,0.0,639.5,0.0,0.0
2020-02-09 07:00:56,33.66,0.0,732.31,0.0,0.0
2020-02-09 08:00:56,30.17,0.0,0.0,0.0,0.0
2020-02-09 09:00:56,36.36,0.0,507.19,0.0,0.0
2020-02-09 10:00:56,24.49,0.0,542.75,0.0,0.0
2020-02-09 11:00:56,17.76,0.76,502.54,0.0,0.0
2020-02-09 12:00:56,13.37,0.89,429.45,0.0,0.0
2020-02-09 13:00:56,25.4,0.0,571.4,6.63,13.17
2020-02-09 14:00:56,32.34,2.1,454.36,4.89,11.83
2020-02-09 15:00:56,27.39,1.14,391.87,5.53,11.28
2020-02-09 16:00:56,26.2,0.0,262.83,10.94,17.21
2020-02-09 17:00:56,29.06,0.0,373.39,18.1,24.98
2020-02-09 18:00:56,25.47,0.82,386.38,5.8,10.38
2020-02-09 19:00:56,28.04,0.39,240.13,3.49,7.89
2020-02-09 20:00:56,25.91,1.07,574.07,9.75,13.2
2020-02-09 21:00:56,17.34,1.55,419.09,6.7,9.16
2020-02-09 22:00:56,9.9,1.85,241.9,0.0,0.0
2020-02-09 23:00:56,28.69,9.59,332.84,0.0,0.0
2020-02-10 00:00:56,31.41,4.67,266.11,0.0,0.0
2020-02-10 01:00:56,34.31,0.0,332.73,3.65,5.32
2020-02-10 02:00:56,23.12,0.0,373.35,0.0,0.0
2020-02-10 03:00:56,13.95,2.82,435.75,0.0,0.0
2020-02-10 04:00:56,34.1,6.18,331.87,0.0,0.0
2020-02-10 05:00:56,25.0,0.77,442.85,0.0,0.0
2020-02-10 06:00:56,14.24,0.0,659.07,0.0,0.0
2020-02-10 07:00:56,9.24,0.0,486.04,5.43,8.08
2020-02-10 08:00:56,6.5,0.0,0.0,13.03,15.86
2020-02-10 09:00:56,13.07,0.0,764.23,50.84,92.22
2020-02-10 10:00:56,15.52,5.37,1137.4,34.44,58.59
2020-02-10 11:00:56,10.94,6.94,398.4,17.84,29.07
2020-02-10 12:00:56,19.48,1.84,323.7,0.0,0.0
2020-02-10 13:00:56,15.48,0.0,273.29,0.0,0.0
2020-02-10 14:00:56,8.95,1.08,144.64,4.3,7.31
2020-02-10 15:00:56,5.76,1.06,363.73,0.0,0.0
2020-02-10 16:00:56,8.72,0.0,502.56,0.0,0.0
2020-02-10 17:00:56,8.65,3.65,516.57,0.0,0.0
2020-02-10 18:00:56,16.88,3.56,1219.47,51.95,59.63
2020-02-10 19:00:56,37.15,1.85,897.8,57.75,66.79
2020-02-10 20:00:56,43.15,1.76,838.73,0.0,0.0
2020-02-10 21:00:56,42.69,1.08,693.36,0.0,0.0
2020-02-10 22:00:56,41.2,1.22,849.22,0.0,0.0
2020-02-10 23:00:56,29.17,2.83,621.28,0.0,0.0
2020-02-11 00:00:56,16.67,1.55,477.57,0.0,0.0
2020-02-11 01:00:56,10.55,1.02,508.38,0.0,0.0
2020-02-11 02:00:56,9.18,7.59,415.07,0.0,0.0
2020-02-11 03:00:56,7.64,0.67,392.86,0.0,0.0
2020-02-11 04:00:56,6.08,0.0,350.25,0.0,0.0
2020-02-11 05:00:56,4.33,0.46,411.63,0.0,0.0
2020-02-11 06:00:56,2.9,0.0,407.58,0.0,0.0
2020-02-11 07:00:56,2.81,0.54,392.36,0.0,0.0
2020-02-11 08:00:56,3.21,0.38,0.0,0.0,0.0
2020-02-11 09:00:56,2.85,0.59,553.55,0.0,0.0
2020-02-11 10:00:56,2.1,1.0,395.1,0.0,0.0
2020-02-11 11:00:56,3.53,0.53,636.74,0.0,0.0
2020-02-11 12:00:56,4.74,0.0,503.44,0.0,0.0
2020-02-11 13:00:56,3.51,0.0,491.74,0.0,0.0
2020-02-11 14:00:56,9.77,1.08,871.01,0.0,0.0
2020-02-11 15:00:56,17.36,2.07,917.61,0.0,0.0
2020-02-11 16:00:56,15.38,3.27,620.49,0.0,0.0
2020-02-11 17:00:56,19.79,1.77,679.6,24.13,29.17
2020-02-11 18:00:56,15.17,2.81,686.24,24.55,32.08
2020-02-11 19:00:56,9.29,4.17,735.55,24.08,31.38
2020-02-11 20:00:56,11.9,3.77,754.29,18.37,26.53
2020-02-11 21:00:56,18.99,2.32,639.2,13.17,19.32
2020-02-11 22:00:56,13.58,2.68,691.68,10.34,16.73
2020-02-11 23:00:56,7.79,1.29,652.48,9.11,15.79
2020-02-12 00:00:56,6.32,0.57,613.42,8.44,15.77
2020-02-12 01:00:56,5.47,1.03,566.3,8.2,15.65
2020-02-12 02:00:56,7.13,8.28,612.12,7.21,15.32
2020-02-12 03:00:56,6.28,0.89,637.97,7.7,16.36
2020-02-12 04:00:56,12.38,0.56,605.07,7.23,16.55
2020-02-12 05:00:56,9.17,1.28,656.09,7.91,17.79
2020-02-12 06:00:56,6.27,2.33,748.02,14.31,25.06
2020-02-12 07:00:56,13.9,3.6,443.31,11.34,22.0
2020-02-12 08:00:56,11.41,2.84,0.0,14.11,25.13
2020-02-12 09:00:56,14.38,2.94,686.16,14.06,25.57
2020-02-12 10:00:56,10.12,4.66,710.74,28.95,43.22
2020-02-12 11:00:56,10.68,3.66,675.14,52.59,76.33
2020-02-12 12:00:56,14.31,3.49,561.5,45.62,70.09
2020-02-12 13:00:56,13.4,2.41,501.73,40.67,63.73
2020-02-12 14:00:56,18.39,2.97,560.99,35.54,52.54
2020-02-12 15:00:56,25.69,7.92,321.3,25.43,40.71
2020-02-12 16:00:56,18.9,0.0,1595.04,25.58,43.19
2020-02-12 17:00:56,11.82,7.07,1023.06,28.69,46.41
2020-02-12 18:00:56,17.83,7.45,1154.11,73.95,116.87
2020-02-12 19:00:56,25.84,8.26,1327.33,78.21,114.65
2020-02-12 20:00:56,36.52,7.7,741.83,77.8,98.65
2020-02-12 21:00:56,34.76,8.16,1275.37,46.53,58.96
2020-02-12 22:00:56,38.37,8.45,1568.6,71.96,105.67
2020-02-12 23:00:56,29.72,9.14,2230.16,82.09,173.72
2020-02-13 00:00:56,41.91,9.19,2165.4,77.74,151.56
2020-02-13 01:00:56,49.61,9.24,1898.32,77.11,149.55
2020-02-13 02:00:56,59.82,16.36,1208.46,74.77,138.5
2020-02-13 03:00:56,51.28,10.9,1860.08,44.52,58.23
2020-02-13 04:00:56,40.5,9.82,1279.53,30.63,42.63
2020-02-13 05:00:56,24.89,9.22,1330.84,19.17,30.76
2020-02-13 06:00:56,18.11,9.27,1407.98,40.82,53.22
2020-02-13 07:00:56,11.38,8.86,1563.1,55.12,76.24
2020-02-13 08:00:56,16.23,9.08,0.0,77.26,168.25
2020-02-13 09:00:56,28.93,10.89,1693.95,98.53,239.98
2020-02-13 10:00:56,44.54,12.62,1939.21,73.54,162.01
2020-02-13 11:00:56,50.56,15.7,1720.64,81.34,194.57
2020-02-13 12:00:56,78.75,16.66,1078.07,42.85,81.6
2020-02-13 13:00:56,52.04,12.21,768.22,15.63,29.2
2020-02-13 14:00:56,28.32,11.11,601.06,23.08,38.38
2020-02-13 15:00:56,24.43,10.13,553.25,27.8,43.94
2020-02-13 16:00:56,25.96,8.52,616.78,33.95,51.44
2020-02-13 17:00:56,40.06,9.06,636.2,37.55,54.69
2020-02-13 18:00:56,26.91,8.64,765.11,36.06,48.9
2020-02-13 19:00:56,16.73,9.18,1305.15,47.2,63.49
2020-02-13 20:00:56,25.08,8.59,1053.91,48.25,68.02
2020-02-13 21:00:56,25.97,8.92,1100.04,56.01,74.8
2020-02-13 22:00:56,26.51,8.82,806.31,31.88,46.51
2020-02-13 23:00:56,25.52,8.58,1241.0,62.84,84.86
2020-02-14 00:00:56,33.92,8.57,1249.22,60.84,83.36
2020-02-14 01:00:56,22.59,8.36,981.09,59.93,80.78
2020-02-14 02:00:56,19.61,15.04,492.28,58.7,75.46
2020-02-14 03:00:56,14.17,8.06,1081.95,31.72,43.51
2020-02-14 04:00:56,15.47,7.74,990.67,33.9,46.76
2020-02-14 05:00:56,12.62,8.33,882.86,22.02,33.37
2020-02-14 06:00:56,26.97,8.09,1025.08,38.68,51.02
2020-02-14 07:00:56,109.57,8.64,770.37,54.56,69.53
2020-02-14 08:00:56,75.17,8.38,0.0,77.36,148.52
2020-02-14 09:00:56,51.84,9.99,1608.92,96.89,215.55
2020-02-14 10:00:56,35.72,14.18,879.58,67.08,136.99
2020-02-14 11:00:56,20.05,12.44,710.35,27.5,49.02
2020-02-14 12:00:56,11.35,9.84,306.45,13.52,27.26
2020-02-14 13:00:56,8.45,9.52,0.0,11.71,24.24
2020-02-14 14:00:56,5.82,8.7,899.77,12.22,24.42
2020-02-14 15:00:56,4.04,8.65,1154.52,12.67,24.13
2020-02-14 16:00:56,2.78,8.6,1023.23,17.8,30.04
2020-02-14 17:00:56,14.27,9.08,1210.71,18.08,30.75
2020-02-14 18:00:56,15.57,10.63,1386.1,30.03,44.47
2020-02-14 19:00:56,26.75,11.93,1345.07,44.56,64.14
2020-02-14 20:00:56,40.38,11.6,1574.5,40.91,57.78
2020-02-14 21:00:56,33.17,11.26,1843.24,42.19,58.66
2020-02-14 22:00:56,36.16,11.04,1884.16,37.37,50.97
2020-02-14 23:00:56,38.26,10.76,2097.44,38.6,51.7
2020-02-15 00:00:56,22.69,11.51,1324.44,40.14,54.05
2020-02-15 01:00:56,91.06,12.61,1217.78,47.52,62.02
2020-02-15 02:00:56,254.46,23.65,1060.78,80.34,101.13
2020-02-15 03:00:56,0.0,12.22,1035.33,67.81,85.65
2020-02-15 04:00:56,0.0,10.81,0.0,46.4,58.96
2020-02-15 05:00:56,0.0,10.26,715.93,30.62,42.38
2020-02-15 06:00:56,0.0,10.41,669.39,70.66,86.68
2020-02-15 07:00:56,0.0,12.28,537.41,83.43,126.0
2020-02-15 08:00:56,0.0,12.39,0.0,74.49,108.15
2020-02-15 09:00:56,0.0,11.37,640.69,62.88,95.8
2020-02-15 10:00:56,0.0,9.87,637.92,17.14,29.16
2020-02-15 11:00:56,10.59,11.16,504.88,19.58,33.77
2020-02-15 12:00:56,7.93,25.33,227.4,31.23,50.52
2020-02-15 13:00:56,25.53,103.22,1207.89,32.47,50.8
2020-02-15 14:00:56,84.31,37.4,1337.97,28.14,44.57
2020-02-15 15:00:56,0.0,19.59,1437.15,35.26,54.4
2020-02-15 16:00:56,0.0,29.6,1494.6,40.02,57.62
2020-02-15 17:00:56,0.0,16.73,1824.97,56.06,75.04
2020-02-15 18:00:56,0.0,13.68,2152.37,88.97,118.58
2020-02-15 19:00:56,0.0,17.29,2175.41,122.48,231.34
2020-02-15 20:00:56,0.0,19.57,2711.28,86.33,133.49
2020-02-15 21:00:56,0.0,17.8,2413.76,95.41,173.65
2020-02-15 22:00:56,0.0,16.14,2317.54,91.92,198.62
2020-02-15 23:00:56,0.0,13.39,2299.21,66.55,92.05
2020-02-16 00:00:56,0.0,13.45,2617.55,81.54,149.84
2020-02-16 01:00:56,71.61,12.67,1953.47,76.25,144.3
2020-02-16 02:00:56,55.27,17.88,1791.76,30.53,43.0
2020-02-16 03:00:56,64.01,10.32,1594.41,19.62,31.37
2020-02-16 04:00:56,64.58,10.38,1670.27,17.99,29.64
2020-02-16 05:00:56,71.33,10.07,1676.04,13.39,24.41
2020-02-16 06:00:56,48.95,8.98,1201.91,12.12,23.22
2020-02-16 07:00:56,33.92,8.62,1665.01,16.09,27.57
2020-02-16 08:00:56,50.06,8.57,0.0,20.95,32.69
2020-02-16 09:00:56,76.12,8.81,723.49,24.64,37.25
2020-02-16 10:00:56,28.77,9.55,628.84,20.61,33.09
2020-02-16 11:00:56,44.29,10.04,547.05,14.85,27.85
2020-02-16 12:00:56,55.84,11.02,535.34,17.37,31.65
2020-02-16 13:00:56,24.58,11.73,590.1,17.09,31.4
2020-02-16 14:00:56,75.25,11.73,513.22,16.01,30.12
2020-02-16 15:00:56,37.37,10.24,339.54,17.61,32.78
2020-02-16 16:00:56,40.06,11.68,320.32,23.06,38.94
2020-02-16 17:00:56,41.54,10.14,326.62,26.35,42.09
2020-02-16 18:00:56,51.91,9.1,316.43,33.93,51.67
2020-02-16 19:00:56,48.75,8.77,275.74,52.23,72.33
2020-02-16 20:00:56,58.87,7.95,293.0,25.26,39.91
2020-02-16 21:00:56,50.99,8.3,339.03,35.17,49.97
2020-02-16 22:00:56,48.25,7.94,647.79,38.1,51.58
2020-02-16 23:00:56,27.36,8.49,729.78,41.66,54.68
2020-02-17 00:00:56,45.52,8.14,582.21,46.27,60.13
2020-02-17 01:00:56,68.71,8.3,135.02,36.53,47.85
2020-02-17 02:00:56,11.73,14.69,0.0,32.38,44.01
2020-02-17 03:00:56,36.37,8.91,0.0,21.55,32.87
2020-02-17 04:00:56,31.1,8.46,0.0,16.75,27.77
2020-02-17 05:00:56,52.3,8.36,0.0,25.65,36.66
2020-02-17 06:00:56,40.43,8.15,0.0,30.57,43.92
2020-02-17 07:00:56,24.34,8.24,0.0,25.37,37.95
2020-02-17 08:00:56,24.28,8.42,0.0,62.29,81.61
2020-02-17 09:00:56,58.39,8.47,806.13,50.39,68.12
2020-02-17 10:00:56,47.74,9.94,728.12,24.88,40.24
2020-02-17 11:00:56,42.93,10.89,653.47,25.27,44.32
2020-02-17 12:00:56,52.63,42.91,474.8,23.06,41.03
2020-02-17 13:00:56,56.36,38.5,212.43,17.83,34.8
2020-02-17 14:00:56,24.06,19.61,984.44,17.74,32.79
2020-02-17 15:00:56,41.51,17.62,1245.79,21.45,37.06
2020-02-17 16:00:56,57.75,13.82,1244.61,23.66,39.83
2020-02-17 17:00:56,43.93,11.16,1119.86,31.31,50.59
2020-02-17 18:00:56,59.96,8.47,1310.37,37.51,55.45
2020-02-17 19:00:56,53.18,7.07,1591.12,62.33,77.42
2020-02-17 20:00:56,56.14,9.13,1746.33,75.85,93.64
2020-02-17 21:00:56,51.71,8.42,1840.69,69.13,84.94
2020-02-17 22:00:56,63.45,8.27,1705.37,45.36,57.79
2020-02-17 23:00:56,38.9,8.37,1207.92,36.71,48.33
2020-02-18 00:00:56,17.88,8.52,1171.38,49.38,68.63
2020-02-18 01:00:56,52.93,8.22,1374.26,62.78,147.84
2020-02-18 02:00:56,44.18,14.83,1229.72,60.75,131.09
2020-02-18 03:00:56,26.38,7.97,922.13,24.64,36.79
2020-02-18 04:00:56,39.43,8.2,927.83,13.79,24.88
2020-02-18 05:00:56,56.44,7.42,928.62,39.47,59.41
2020-02-18 06:00:56,67.57,7.52,936.4,18.4,29.68
2020-02-18 07:00:56,63.82,7.89,1047.7,20.65,33.32
2020-02-18 08:00:56,47.34,7.81,0.0,58.21,99.01
2020-02-18 09:00:56,57.89,8.22,1180.94,56.33,108.93
2020-02-18 10:00:56,50.45,11.86,884.18,36.35,60.97
2020-02-18 11:00:56,50.67,18.45,767.67,26.4,45.9
2020-02-18 12:00:56,66.26,10.89,638.66,16.22,30.74
2020-02-18 13:00:56,67.05,9.92,409.78,17.29,31.3
2020-02-18 14:00:56,83.47,9.42,1388.42,15.98,29.55
2020-02-18 15:00:56,68.31,10.51,1492.95,18.02,31.83
2020-02-18 16:00:56,62.04,13.12,1432.19,21.06,35.08
2020-02-18 17:00:56,47.78,12.25,1461.12,23.14,37.12
2020-02-18 18:00:56,38.35,12.43,1571.16,34.88,50.18
2020-02-18 19:00:56,41.5,10.83,1567.46,38.09,51.7
2020-02-18 20:00:56,41.33,9.81,1780.88,48.86,68.7
2020-02-18 21:00:56,56.97,9.55,2085.18,61.76,88.2
2020-02-18 22:00:56,29.8,10.11,2524.47,76.56,118.43
2020-02-18 23:00:56,64.99,10.13,2337.8,70.68,112.62
2020-02-19 00:00:56,15.68,10.24,2824.53,74.98,144.64
2020-02-19 01:00:56,56.52,12.4,2267.49,84.26,139.47
2020-02-19 02:00:56,44.18,19.04,1826.49,71.26,122.05
2020-02-19 03:00:56,68.52,11.46,1281.52,76.99,118.28
2020-02-19 04:00:56,47.11,12.68,1117.31,73.63,104.08
2020-02-19 05:00:56,52.25,11.38,936.71,41.08,56.53
2020-02-19 06:00:56,71.14,12.41,1056.84,67.02,88.77
2020-02-19 07:00:56,51.72,12.06,1159.19,51.97,69.21
2020-02-19 08:00:56,49.99,10.68,0.0,61.52,116.71
2020-02-19 09:00:56,54.9,12.99,1581.94,83.02,230.53
2020-02-19 10:00:56,73.08,24.49,1001.2,42.05,71.47
2020-02-19 11:00:56,47.13,49.3,801.62,31.63,52.41
2020-02-19 12:00:56,23.65,22.32,704.32,26.21,45.12
2020-02-19 13:00:56,0.0,18.48,414.13,23.99,41.81
2020-02-19 14:00:56,50.5,15.51,1261.29,24.27,40.6
2020-02-19 15:00:56,43.53,12.05,0.0,26.23,43.17
2020-02-19 16:00:56,36.76,13.28,1537.78,40.81,70.32
2020-02-19 17:00:56,39.35,12.21,1324.24,35.63,55.28
2020-02-19 18:00:56,39.49,10.8,1404.48,45.12,64.33
2020-02-19 19:00:56,45.81,9.08,1721.38,92.91,127.99
2020-02-19 20:00:56,61.38,9.58,2338.16,92.17,124.63
2020-02-19 21:00:56,88.57,9.71,2128.57,90.16,134.85
2020-02-19 22:00:56,101.32,9.07,1852.45,78.46,114.56
2020-02-19 23:00:56,80.94,9.1,2271.08,56.74,88.96
2020-02-20 00:00:56,77.98,8.81,2068.52,69.54,98.05
2020-02-20 01:00:56,62.83,9.31,2270.24,65.18,117.63
2020-02-20 02:00:56,57.27,16.23,1960.0,58.46,88.65
2020-02-20 03:00:56,46.51,9.29,1806.38,50.6,64.52
2020-02-20 04:00:56,50.65,8.99,1384.02,40.24,53.2
2020-02-20 05:00:56,45.03,9.06,1140.96,43.04,58.89
2020-02-20 06:00:56,44.02,8.67,1022.98,31.52,46.88
2020-02-20 07:00:56,47.35,8.09,1185.96,36.1,49.97
2020-02-20 08:00:56,68.4,8.7,0.0,58.54,134.52
2020-02-20 09:00:56,74.28,10.55,2106.9,79.35,269.29
2020-02-20 10:00:56,150.99,23.26,1299.21,60.81,125.59
2020-02-20 11:00:56,134.52,55.9,1047.53,59.6,97.13
2020-02-20 12:00:56,149.32,85.93,735.17,50.19,80.02
2020-02-20 13:00:56,137.16,144.03,1064.44,45.88,72.55
2020-02-20 14:00:56,135.85,72.34,1488.72,25.58,42.42
2020-02-20 15:00:56,89.74,79.46,1456.17,32.68,49.96
2020-02-20 16:00:56,102.01,66.67,1596.12,41.83,57.94
2020-02-20 17:00:56,118.01,22.51,1714.06,59.6,75.01
2020-02-20 18:00:56,99.24,18.38,1661.09,57.72,73.24
2020-02-20 19:00:56,92.35,14.49,1723.22,67.49,89.84
2020-02-20 20:00:56,92.27,12.71,1570.69,66.83,85.18
2020-02-20 21:00:56,64.48,11.57,1448.94,36.62,53.42
2020-02-20 22:00:56,43.27,10.82,1496.87,30.65,43.53
2020-02-20 23:00:56,31.41,10.44,1609.58,26.73,40.13
2020-02-21 00:00:56,43.45,10.26,1726.75,25.88,38.92
2020-02-21 01:00:56,35.09,10.29,1814.93,29.26,41.01
2020-02-21 02:00:56,32.34,16.76,1725.71,21.75,32.56
2020-02-21 03:00:56,37.8,9.1,1613.89,20.47,32.14
2020-02-21 04:00:56,39.35,9.21,1464.73,22.71,34.89
2020-02-21 05:00:56,45.66,9.17,1387.63,29.68,42.38
2020-02-21 06:00:56,39.02,9.74,1336.11,52.0,78.58
2020-02-21 07:00:56,47.06,9.83,1516.74,47.49,67.12
2020-02-21 08:00:56,134.78,8.9,0.0,43.48,64.13
2020-02-21 09:00:56,147.15,8.73,1528.16,59.67,99.7
2020-02-21 10:00:56,99.81,10.25,1391.75,51.74,76.45
2020-02-21 11:00:56,86.64,10.96,1445.07,37.29,54.41
2020-02-21 12:00:56,54.9,11.72,1216.49,24.94,42.57
2020-02-21 13:00:56,44.29,14.19,1375.98,35.4,53.96
2020-02-21 14:00:56,42.52,14.28,1267.29,32.72,48.91
2020-02-21 15:00:56,27.43,13.51,0.0,34.5,52.59
2020-02-21 16:00:56,26.52,12.75,1257.85,33.27,51.6
2020-02-21 17:00:56,18.23,10.85,1352.47,58.31,82.44
2020-02-21 18:00:56,33.48,11.01,1093.43,65.18,87.71
2020-02-21 19:00:56,27.67,10.98,1348.47,65.69,87.68
2020-02-21 20:00:56,17.53,10.29,1313.93,70.32,86.28
2020-02-21 21:00:56,15.96,10.02,1274.07,40.9,52.67
2020-02-21 22:00:56,28.28,10.37,1288.28,59.99,72.04
2020-02-21 23:00:56,17.8,10.14,1298.49,64.86,79.29
2020-02-22 00:00:56,19.13,9.6,1130.65,65.6,87.88
2020-02-22 01:00:56,16.06,9.46,1153.04,32.67,44.54
2020-02-22 02:00:56,16.86,16.41,973.79,22.17,33.37
2020-02-22 03:00:56,11.21,9.08,963.26,16.72,27.49
2020-02-22 04:00:56,13.89,8.76,1032.99,23.09,33.94
2020-02-22 05:00:56,18.3,8.54,1023.29,23.23,33.69
2020-02-22 06:00:56,11.84,8.56,1111.83,24.93,35.88
2020-02-22 07:00:56,9.23,8.44,1116.13,49.97,61.15
2020-02-22 08:00:56,5.91,8.82,0.0,47.43,64.35
2020-02-22 09:00:56,10.77,8.63,1167.79,63.55,85.51
2020-02-22 10:00:56,7.96,9.17,1155.56,63.08,84.65
2020-02-22 11:00:56,26.52,9.25,1138.94,41.54,60.42
2020-02-22 12:00:56,22.31,11.06,1040.09,29.29,47.64
2020-02-22 13:00:56,13.22,10.8,995.98,22.2,38.88
2020-02-22 14:00:56,9.28,9.76,977.4,27.73,44.74
2020-02-22 15:00:56,14.73,8.95,916.81,29.72,46.37
2020-02-22 16:00:56,19.21,9.13,905.31,33.19,50.28
2020-02-22 17:00:56,15.05,9.13,956.13,35.16,51.32
2020-02-22 18:00:56,26.18,9.12,1040.2,36.87,54.0
2020-02-22 19:00:56,17.33,8.9,1330.2,73.39,102.71
2020-02-22 20:00:56,40.27,9.45,1368.14,69.89,90.39
2020-02-22 21:00:56,32.46,8.66,1255.24,53.28,68.02
2020-02-22 22:00:56,20.8,8.37,1537.02,43.5,56.69
2020-02-22 23:00:56,26.25,9.19,1273.7,61.53,76.86
2020-02-23 00:00:56,21.73,9.4,1210.43,58.43,74.06
2020-02-23 01:00:56,30.18,9.18,1258.29,60.11,73.3
2020-02-23 02:00:56,16.48,16.64,1271.01,32.84,43.5
2020-02-23 03:00:56,15.28,9.6,1080.33,30.3,41.07
2020-02-23 04:00:56,18.32,9.61,1075.36,19.95,30.58
2020-02-23 05:00:56,16.92,9.91,1076.68,21.38,32.14
2020-02-23 06:00:56,28.96,8.93,1216.69,19.49,35.79
2020-02-23 07:00:56,15.78,8.67,1213.98,19.29,30.24
2020-02-23 08:00:56,10.52,7.54,0.0,27.67,39.67
2020-02-23 09:00:56,15.78,8.73,1109.65,65.43,103.9
2020-02-23 10:00:56,30.89,9.72,1025.63,38.97,55.87
2020-02-23 11:00:56,19.31,11.21,1023.55,31.62,45.24
2020-02-23 12:00:56,17.8,13.17,951.74,31.03,46.16
2020-02-23 13:00:56,12.09,12.82,840.82,30.48,47.93
2020-02-23 14:00:56,8.24,12.43,1146.03,31.35,50.39
2020-02-23 15:00:56,24.9,17.76,935.87,24.36,42.8
2020-02-23 16:00:56,13.74,27.58,1188.3,21.97,38.91
2020-02-23 17:00:56,21.01,12.87,1034.84,21.2,36.03
2020-02-23 18:00:56,21.47,11.41,1268.61,25.71,42.72
2020-02-23 19:00:56,15.09,10.37,1177.99,31.82,46.16
2020-02-23 20:00:56,17.45,10.1,1113.31,34.19,49.67
2020-02-23 21:00:56,33.18,9.45,1282.86,38.65,53.33
2020-02-23 22:00:56,31.53,9.87,1337.92,41.03,57.1
2020-02-23 23:00:56,48.6,8.96,1660.82,42.34,63.89
2020-02-24 00:00:56,31.49,8.88,1546.06,41.56,58.89
2020-02-24 01:00:56,39.46,8.98,1365.75,38.21,53.79
2020-02-24 02:00:56,49.88,15.73,1813.8,36.48,49.87
2020-02-24 03:00:56,32.27,8.52,1192.96,28.37,40.01
2020-02-24 04:00:56,39.41,8.18,703.44,18.54,29.56
2020-02-24 05:00:56,124.86,8.83,717.37,24.21,36.32
2020-02-24 06:00:56,356.63,8.55,798.53,50.29,69.91
2020-02-24 07:00:56,203.57,7.85,819.14,42.33,62.01
2020-02-24 08:00:56,114.32,8.87,0.0,48.41,110.76
2020-02-24 09:00:56,72.77,10.6,1998.21,87.33,231.63
2020-02-24 10:00:56,69.72,30.75,1158.01,50.37,86.04
2020-02-24 11:00:56,38.32,73.13,1011.73,46.93,74.55
2020-02-24 12:00:56,26.0,34.37,691.01,36.75,60.03
2020-02-24 13:00:56,15.71,51.05,1186.7,30.03,47.59
2020-02-24 14:00:56,9.23,18.24,1494.17,26.5,43.07
2020-02-24 15:00:56,43.78,12.54,1478.37,20.14,33.66
2020-02-24 16:00:56,28.64,14.49,1498.47,36.16,51.52
2020-02-24 17:00:56,25.8,11.59,1393.56,18.99,30.69
2020-02-24 18:00:56,19.14,11.09,1542.76,15.5,26.5
2020-02-24 19:00:56,16.92,12.38,1451.48,16.43,27.38
2020-02-24 20:00:56,23.38,11.79,1621.73,18.71,30.32
2020-02-24 21:00:56,14.65,12.91,1941.71,29.63,40.94
2020-02-24 22:00:56,35.06,10.67,1908.67,25.2,37.03
2020-02-24 23:00:56,56.91,10.04,1274.95,19.81,31.22
2020-02-25 00:00:56,32.7,10.2,1455.23,16.28,27.53
2020-02-25 01:00:56,18.69,9.48,1386.44,21.8,32.71
2020-02-25 02:00:56,16.28,17.73,1344.75,11.27,22.62
2020-02-25 03:00:56,38.79,10.54,1270.41,14.07,24.95
2020-02-25 04:00:56,63.32,10.03,1389.64,12.72,23.43
2020-02-25 05:00:56,70.57,9.75,1421.36,15.58,25.8
2020-02-25 06:00:56,56.45,9.55,1570.28,17.9,28.4
2020-02-25 07:00:56,43.09,9.28,1552.51,23.92,34.99
2020-02-25 08:00:56,48.57,10.2,0.0,37.34,52.17
2020-02-25 09:00:56,55.46,10.79,1137.03,62.55,92.71
2020-02-25 10:00:56,30.94,12.4,930.82,27.81,45.11
2020-02-25 11:00:56,31.11,12.4,924.72,25.09,42.13
2020-02-25 12:00:56,19.72,9.58,932.67,11.92,24.19
2020-02-25 13:00:56,25.29,20.4,966.69,18.62,34.01
2020-02-25 14:00:56,19.43,21.06,964.0,19.51,36.95
2020-02-25 15:00:56,22.18,45.2,931.71,16.8,32.12
2020-02-25 16:00:56,38.7,28.75,943.97,18.96,34.64
2020-02-25 17:00:56,33.42,16.94,938.38,26.19,43.75
2020-02-25 18:00:56,41.48,11.75,888.67,36.56,55.66
2020-02-25 19:00:56,27.1,10.61,884.7,41.44,59.71
2020-02-25 20:00:56,24.37,10.58,1125.02,36.04,51.25
2020-02-25 21:00:56,13.69,9.92,1195.01,33.4,48.6
2020-02-25 22:00:56,26.27,9.14,1013.39,34.27,48.6
2020-02-25 23:00:56,25.92,9.28,1400.74,33.27,46.9
2020-02-26 00:00:56,27.11,8.73,1474.03,46.89,70.03
2020-02-26 01:00:56,47.18,8.84,1731.62,38.87,53.33
2020-02-26 02:00:56,41.5,15.93,1855.27,27.17,40.48
2020-02-26 03:00:56,23.75,8.54,993.38,41.9,59.54
2020-02-26 04:00:56,21.75,8.68,704.74,37.67,50.77
2020-02-26 05:00:56,13.58,10.04,607.74,31.41,42.69
2020-02-26 06:00:56,46.12,18.72,730.29,41.82,56.94
2020-02-26 07:00:56,67.91,53.61,487.2,48.06,61.71
2020-02-26 08:00:56,85.34,72.78,0.0,66.47,101.23
2020-02-26 09:00:56,66.54,60.88,1512.66,91.09,236.55
2020-02-26 10:00:56,80.49,64.94,1260.65,87.41,186.94
2020-02-26 11:00:56,51.79,37.64,882.36,54.72,94.38
2020-02-26 12:00:56,23.23,15.21,677.36,25.13,42.85
2020-02-26 13:00:56,17.44,12.17,1400.57,16.77,30.79
2020-02-26 14:00:56,61.0,9.89,1376.42,11.81,23.53
2020-02-26 15:00:56,179.53,9.69,1310.44,12.12,23.86
2020-02-26 16:00:56,0.0,9.66,1239.02,13.32,24.67
2020-02-26 17:00:56,0.0,9.85,1343.63,14.66,26.01
2020-02-26 18:00:56,0.0,10.48,1643.52,20.26,32.14
2020-02-26 19:00:56,0.0,14.01,1935.37,60.02,83.77
2020-02-26 20:00:56,0.0,26.47,1865.49,99.79,170.02
2020-02-26 21:00:56,0.0,16.67,1805.63,69.82,97.22
2020-02-26 22:00:56,0.0,11.64,1555.86,28.77,41.63
2020-02-26 23:00:56,0.0,11.3,1488.43,33.18,48.67
2020-02-27 00:00:56,0.0,10.54,1557.47,22.29,33.6
2020-02-27 01:00:56,0.0,12.76,1768.83,40.26,53.72
2020-02-27 02:00:56,0.0,20.38,1538.13,28.35,39.91
2020-02-27 03:00:56,0.0,13.26,1262.47,27.85,39.31
2020-02-27 04:00:56,0.0,10.5,1363.64,7.87,18.41
2020-02-27 05:00:56,0.0,10.78,1409.47,7.6,18.02
2020-02-27 06:00:56,0.0,11.08,1401.14,8.08,18.57
2020-02-27 07:00:56,0.0,10.55,1319.19,8.38,19.16
2020-02-27 08:00:56,0.0,10.6,0.0,10.61,21.1
2020-02-27 09:00:56,0.0,10.63,786.66,12.0,23.46
2020-02-27 10:00:56,0.0,11.24,836.42,11.09,22.07
2020-02-27 11:00:56,0.0,11.3,762.93,11.56,23.0
2020-02-27 12:00:56,0.0,11.42,806.7,11.42,21.98
2020-02-27 13:00:56,1.87,11.29,846.27,12.23,23.14
2020-02-27 14:00:56,3.81,10.82,833.94,13.36,24.42
2020-02-27 15:00:56,1.91,10.92,898.05,15.98,27.21
2020-02-27 16:00:56,0.95,10.97,896.73,18.22,31.05
2020-02-27 17:00:56,0.8,11.91,1103.48,18.02,29.09
2020-02-27 18:00:56,4.73,15.6,876.4,28.77,40.02
2020-02-27 19:00:56,11.95,17.55,869.75,26.07,37.32
2020-02-27 20:00:56,20.23,17.02,1475.4,39.51,52.43
2020-02-27 21:00:56,33.73,17.65,979.27,38.93,51.1
2020-02-27 22:00:56,40.27,19.78,1172.45,67.63,89.74
2020-02-27 23:00:56,41.32,12.2,870.37,21.78,32.72
2020-02-28 00:00:56,41.86,9.87,883.09,8.72,18.99
2020-02-28 01:00:56,33.16,10.33,847.73,8.79,19.19
2020-02-28 02:00:56,24.74,18.41,843.08,7.61,17.76
2020-02-28 03:00:56,18.75,10.7,849.07,7.3,17.53
2020-02-28 04:00:56,15.98,60.35,905.19,21.4,31.77
2020-02-28 05:00:56,26.66,25.4,1070.35,18.69,28.58
2020-02-28 06:00:56,48.4,15.31,977.75,28.16,38.2
2020-02-28 07:00:56,51.68,13.81,1008.22,22.77,33.96
2020-02-28 08:00:56,43.83,14.68,0.0,29.08,42.19
2020-02-28 09:00:56,40.67,12.45,1107.63,26.01,37.97
2020-02-28 10:00:56,28.04,11.61,1042.18,23.14,37.19
2020-02-28 11:00:56,24.65,16.71,988.08,43.47,63.45
2020-02-28 12:00:56,28.53,33.95,1007.97,34.02,52.18
2020-02-28 13:00:56,26.02,24.8,1017.46,25.8,47.44
2020-02-28 14:00:56,20.02,19.99,1028.65,18.48,31.87
2020-02-28 15:00:56,14.29,15.89,1058.65,25.22,39.98
2020-02-28 16:00:56,15.55,12.64,1057.45,36.17,52.62
2020-02-28 17:00:56,14.65,13.04,1058.8,21.55,33.95
2020-02-28 18:00:56,14.28,12.36,1020.47,23.05,36.22
2020-02-28 19:00:56,20.63,11.1,1069.54,19.92,31.57
2020-02-28 20:00:56,20.52,11.03,1058.09,23.28,35.3
2020-02-28 21:00:56,14.81,11.94,0.0,27.27,44.01
2020-02-28 22:00:56,12.73,11.78,1023.68,36.92,49.56
2020-02-28 23:00:56,13.4,11.48,1041.16,37.6,50.53
2020-02-29 00:00:56,13.47,12.04,1234.54,36.72,54.76
2020-02-29 01:00:56,22.43,10.68,998.6,34.72,45.63
2020-02-29 02:00:56,27.56,18.73,1123.4,37.01,48.04
2020-02-29 03:00:56,28.22,11.19,985.71,26.73,36.86
2020-02-29 04:00:56,23.11,10.69,1003.68,37.95,48.94
2020-02-29 05:00:56,22.69,10.38,1040.13,27.09,37.17
2020-02-29 06:00:56,28.1,10.23,1109.83,29.34,39.43
2020-02-29 07:00:56,33.39,9.81,1068.32,36.15,53.52
2020-02-29 08:00:56,33.59,9.75,0.0,61.54,84.1
2020-02-29 09:00:56,32.51,10.86,1224.15,70.62,102.63
2020-02-29 10:00:56,32.32,11.75,1069.75,40.91,56.19
2020-02-29 11:00:56,26.32,11.56,1071.86,40.43,55.36
2020-02-29 12:00:56,20.19,10.9,990.32,30.19,43.91
2020-02-29 13:00:56,20.74,10.6,1034.02,27.46,41.78
2020-02-29 14:00:56,13.55,10.12,1034.82,30.07,43.88
2020-02-29 15:00:56,13.43,10.35,1078.82,37.28,52.16
2020-02-29 16:00:56,21.5,10.15,1015.06,43.29,58.19
2020-02-29 17:00:56,23.8,9.42,951.12,39.73,53.77
2020-02-29 18:00:56,21.01,9.84,1071.49,35.86,49.96
2020-02-29 19:00:56,15.49,9.7,1026.4,45.02,59.48
2020-02-29 20:00:56,16.17,9.53,1352.76,50.4,64.9
2020-02-29 21:00:56,21.17,9.32,980.12,24.45,37.79
2020-02-29 22:00:56,23.99,9.02,937.84,20.88,32.38
2020-02-29 23:00:56,20.13,9.14,1113.12,37.41,49.6
2020-03-01 00:00:56,14.55,9.62,1016.38,32.77,44.8
2020-03-01 01:00:56,13.31,9.88,859.45,23.26,34.99
2020-03-01 02:00:56,9.39,17.06,932.44,18.89,29.8
2020-03-01 03:00:56,6.33,9.33,929.01,17.81,28.72
2020-03-01 04:00:56,8.19,9.18,898.23,16.2,26.55
2020-03-01 05:00:56,13.12,9.19,986.14,15.88,26.37
2020-03-01 06:00:56,11.97,9.36,930.51,16.32,26.67
2020-03-01 07:00:56,13.2,9.58,998.26,20.24,30.97
2020-03-01 08:00:56,19.04,8.5,0.0,25.47,37.02
2020-03-01 09:00:56,19.65,9.72,978.22,31.41,44.17
2020-03-01 10:00:56,13.42,11.14,871.73,23.34,36.69
2020-03-01 11:00:56,13.98,12.48,905.57,21.16,36.18
2020-03-01 12:00:56,15.55,10.3,1739.74,17.8,32.15
2020-03-01 13:00:56,11.04,15.88,1012.78,15.49,29.86
2020-03-01 14:00:56,9.92,45.04,1075.84,17.65,33.48
2020-03-01 15:00:56,21.05,17.13,1048.99,21.6,38.62
2020-03-01 16:00:56,26.54,12.18,921.89,16.63,29.56
2020-03-01 17:00:56,20.31,11.35,1199.61,35.71,60.1
2020-03-01 18:00:56,23.42,9.38,2341.38,41.12,57.69
2020-03-01 19:00:56,28.5,9.77,1110.96,64.81,92.39
2020-03-01 20:00:56,34.19,9.08,1374.13,46.38,57.7
2020-03-01 21:00:56,36.6,8.63,1229.36,47.98,61.36
2020-03-01 22:00:56,42.95,8.64,1279.5,37.1,50.84
2020-03-01 23:00:56,35.96,9.03,1503.86,41.95,60.8
2020-03-02 00:00:56,27.52,8.68,1415.52,31.9,45.73
2020-03-02 01:00:56,27.52,8.89,1066.45,47.6,90.19
2020-03-02 02:00:56,34.77,15.66,994.58,20.34,33.82
2020-03-02 03:00:56,36.15,8.35,915.61,18.9,30.12
2020-03-02 04:00:56,26.34,8.23,834.89,18.0,29.27
2020-03-02 05:00:56,26.98,8.38,709.97,14.38,25.1
2020-03-02 06:00:56,20.08,8.02,650.42,15.8,26.55
2020-03-02 07:00:56,12.05,8.36,676.88,29.2,54.82
2020-03-02 08:00:56,15.92,8.25,0.0,46.56,97.97
2020-03-02 09:00:56,36.23,9.33,1559.47,65.52,160.15
2020-03-02 10:00:56,65.6,26.14,1728.58,92.8,233.95
2020-03-02 11:00:56,110.78,95.64,1103.37,80.09,153.15
2020-03-02 12:00:56,129.67,56.43,512.8,27.29,46.16
2020-03-02 13:00:56,88.16,10.64,1587.48,15.05,29.61
2020-03-02 14:00:56,46.11,12.04,1511.78,17.81,31.39
2020-03-02 15:00:56,28.67,81.87,1797.43,29.49,47.45
2020-03-02 16:00:56,28.28,17.47,1514.7,29.16,47.87
2020-03-02 17:00:56,35.97,15.15,1599.95,30.38,46.84
2020-03-02 18:00:56,40.34,14.23,1600.44,28.62,42.03
2020-03-02 19:00:56,37.14,13.2,1794.92,34.7,48.06
2020-03-02 20:00:56,47.18,12.38,1995.39,62.65,81.2
2020-03-02 21:00:56,55.09,12.28,2520.52,86.09,124.4
2020-03-02 22:00:56,75.92,11.75,3017.49,79.7,158.78
2020-03-02 23:00:56,89.76,10.92,3202.46,66.84,96.2
2020-03-03 00:00:56,89.15,10.62,2605.61,61.27,89.92
2020-03-03 01:00:56,56.54,11.14,2490.68,69.84,109.23
2020-03-03 02:00:56,35.43,22.77,1807.25,44.64,57.81
2020-03-03 03:00:56,136.71,20.28,1801.72,27.38,38.29
2020-03-03 04:00:56,0.0,22.32,1562.06,24.77,35.75
2020-03-03 05:00:56,0.0,21.15,1630.22,24.94,35.44
2020-03-03 06:00:56,0.0,15.13,1733.67,29.52,39.81
2020-03-03 07:00:56,0.0,12.46,1993.89,63.07,103.4
2020-03-03 08:00:56,0.0,14.44,0.0,80.41,120.64
2020-03-03 09:00:56,0.0,19.34,1584.71,90.71,184.37
2020-03-03 10:00:56,0.0,76.82,1019.43,77.13,143.65
2020-03-03 11:00:56,0.0,194.91,1007.07,39.29,59.47
2020-03-03 12:00:56,20.17,614.21,961.84,41.4,66.93
2020-03-03 13:00:56,60.55,23.3,987.23,25.64,51.95
2020-03-03 14:00:56,53.37,83.58,1002.81,28.97,47.72
2020-03-03 15:00:56,44.69,40.71,1124.94,45.79,65.19
2020-03-03 16:00:56,52.94,48.9,1117.21,37.21,52.27
2020-03-03 17:00:56,76.91,41.38,1179.3,59.01,84.39
2020-03-03 18:00:56,87.04,16.91,997.89,31.04,43.49
2020-03-03 19:00:56,60.28,13.2,1178.55,33.65,47.39
2020-03-03 20:00:56,61.07,17.42,1418.29,73.19,100.0
2020-03-03 21:00:56,77.99,15.31,1465.02,65.45,87.87
2020-03-03 22:00:56,96.66,13.95,1132.21,45.9,62.84
2020-03-03 23:00:56,97.47,14.26,1488.08,55.87,91.62
2020-03-04 00:00:56,81.67,14.59,2085.67,86.34,127.85
2020-03-04 01:00:56,89.42,14.53,1378.46,92.11,189.46
2020-03-04 02:00:56,93.31,20.42,1172.54,70.27,89.92
2020-03-04 03:00:56,65.82,13.41,871.18,56.02,68.96
2020-03-04 04:00:56,48.13,13.4,853.64,47.5,59.74
2020-03-04 05:00:56,38.19,13.14,751.58,53.08,64.12
2020-03-04 06:00:56,26.64,13.69,774.88,25.93,37.42
2020-03-04 07:00:56,17.01,13.27,703.31,28.81,40.01
2020-03-04 08:00:56,15.08,15.43,0.0,51.66,74.65
2020-03-04 09:00:56,30.62,13.36,1068.43,44.07,70.18
2020-03-04 10:00:56,45.38,27.17,1937.12,48.31,72.05
2020-03-04 11:00:56,56.09,47.56,1605.17,79.83,124.83
2020-03-04 12:00:56,101.79,29.66,1134.15,76.15,111.64
2020-03-04 13:00:56,132.25,48.25,1058.96,44.69,65.95
2020-03-04 14:00:56,111.74,21.31,822.06,13.56,24.94
2020-03-04 15:00:56,74.98,11.92,770.11,11.04,21.79
2020-03-04 16:00:56,48.54,13.86,965.76,18.27,31.3
2020-03-04 17:00:56,44.56,10.14,849.74,20.02,31.73
2020-03-04 18:00:56,38.6,10.04,994.92,19.45,31.66
2020-03-04 19:00:56,41.65,10.89,1174.24,32.28,45.41
2020-03-04 20:00:56,59.5,12.37,1823.59,56.23,73.62
2020-03-04 21:00:56,84.04,17.41,2042.08,108.06,179.69
2020-03-04 22:00:56,104.42,15.09,1826.81,91.06,149.9
2020-03-04 23:00:56,124.75,12.52,1352.85,83.67,140.52
2020-03-05 00:00:56,124.17,16.6,1692.47,99.42,211.66
2020-03-05 01:00:56,117.31,19.62,863.45,61.6,103.73
2020-03-05 02:00:56,90.83,20.95,774.96,26.56,38.49
2020-03-05 03:00:56,56.66,12.67,803.27,13.33,24.63
2020-03-05 04:00:56,41.67,11.0,746.02,15.01,25.85
2020-03-05 05:00:56,28.68,10.84,805.38,8.02,18.83
2020-03-05 06:00:56,22.86,10.96,730.94,7.98,18.55
2020-03-05 07:00:56,27.25,11.0,817.28,10.5,21.18
2020-03-05 08:00:56,18.86,11.41,0.0,22.28,33.46
2020-03-05 09:00:56,29.53,12.14,823.57,59.15,109.0
2020-03-05 10:00:56,42.91,11.07,905.22,14.59,25.63
2020-03-05 11:00:56,33.45,11.18,891.57,12.44,23.31
2020-03-05 12:00:56,22.68,11.13,909.46,12.04,22.95
2020-03-05 13:00:56,16.94,10.96,876.9,12.63,23.01
2020-03-05 14:00:56,21.79,10.76,948.05,14.46,25.32
2020-03-05 15:00:56,29.31,10.76,2482.07,19.54,31.48
2020-03-05 16:00:56,26.32,11.43,1006.73,39.12,58.16
2020-03-05 17:00:56,35.77,10.77,992.27,34.88,49.72
2020-03-05 18:00:56,35.46,10.86,1080.52,35.79,47.08
2020-03-05 19:00:56,52.33,13.75,1424.83,94.32,118.57
2020-03-05 20:00:56,80.76,16.04,1459.7,70.48,88.21
2020-03-05 21:00:56,100.52,15.81,1225.95,49.33,61.85
2020-03-05 22:00:56,85.02,14.23,1139.41,46.38,60.13
2020-03-05 23:00:56,73.62,14.36,1041.8,32.6,45.61
2020-03-06 00:00:56,54.36,13.36,1077.4,40.09,51.5
2020-03-06 01:00:56,44.16,12.53,1233.84,44.6,57.18
2020-03-06 02:00:56,38.92,21.76,982.27,62.8,75.51
2020-03-06 03:00:56,46.5,29.76,894.88,39.25,49.79
2020-03-06 04:00:56,52.66,12.26,968.02,19.74,29.62
2020-03-06 05:00:56,33.15,12.09,1066.13,15.42,25.45
2020-03-06 06:00:56,28.68,11.65,903.98,19.53,29.84
2020-03-06 07:00:56,33.06,10.9,956.89,10.38,19.65
2020-03-06 08:00:56,52.98,11.9,0.0,58.76,79.93
2020-03-06 09:00:56,51.06,16.54,1040.51,60.8,85.29
2020-03-06 10:00:56,62.38,16.07,1055.62,28.05,45.15
2020-03-06 11:00:56,49.14,12.4,1064.33,18.1,30.49
2020-03-06 12:00:56,41.06,14.74,1147.66,22.78,36.11
2020-03-06 13:00:56,39.9,33.29,1286.08,39.29,59.88
2020-03-06 14:00:56,67.65,27.28,1332.95,50.05,65.98
2020-03-06 15:00:56,82.5,17.61,1216.9,70.54,89.3
2020-03-06 16:00:56,107.08,21.98,1378.51,67.68,89.81
2020-03-06 17:00:56,122.45,14.58,1142.12,34.55,49.52
2020-03-06 18:00:56,128.12,12.19,1094.36,29.7,42.27
2020-03-06 19:00:56,101.55,10.4,1161.99,29.94,44.15
2020-03-06 20:00:56,77.11,9.63,1136.33,27.03,41.51
2020-03-06 21:00:56,61.05,9.9,1367.68,41.11,53.43
2020-03-06 22:00:56,49.46,9.4,1235.11,31.35,43.85
2020-03-06 23:00:56,55.86,8.73,1131.88,32.0,43.65
2020-03-07 00:00:56,50.79,8.73,1161.73,23.93,35.25
2020-03-07 01:00:56,43.65,5.9,1194.01,33.65,51.02
2020-03-07 02:00:56,39.75,16.01,989.97,18.82,29.39
2020-03-07 03:00:56,45.3,9.34,988.37,16.89,27.88
2020-03-07 04:00:56,33.65,9.29,1029.09,41.63,59.94
2020-03-07 05:00:56,37.83,8.82,1100.96,29.22,39.73
2020-03-07 06:00:56,28.87,8.88,1040.99,19.01,29.36
2020-03-07 07:00:56,24.31,8.83,1533.79,57.68,121.11
2020-03-07 08:00:56,38.72,9.28,0.0,53.07,119.59
2020-03-07 09:00:56,56.25,10.44,1349.84,85.98,223.27
2020-03-07 10:00:56,68.4,21.86,1224.15,56.21,98.25
2020-03-07 11:00:56,63.77,15.22,1121.86,19.41,33.84
2020-03-07 12:00:56,49.93,12.34,1185.23,15.38,28.7
2020-03-07 13:00:56,33.68,12.13,1178.63,15.05,27.46
2020-03-07 14:00:56,28.57,14.96,1317.89,21.84,35.61
2020-03-07 15:00:56,48.62,19.88,1419.23,58.9,83.74
2020-03-07 16:00:56,85.77,16.35,1350.16,56.22,79.56
2020-03-07 17:00:56,102.81,42.12,1482.37,38.6,53.01
2020-03-07 18:00:56,91.15,15.46,1304.84,46.73,62.38
2020-03-07 19:00:56,80.36,10.15,1295.47,43.85,57.36
2020-03-07 20:00:56,73.74,9.7,1340.69,40.14,54.71
2020-03-07 21:00:56,59.12,9.94,1227.18,33.81,47.35
2020-03-07 22:00:56,49.66,9.44,1280.43,58.38,72.58
2020-03-07 23:00:56,49.69,9.08,1683.96,60.24,82.23
2020-03-08 00:00:56,51.06,9.42,1226.85,35.21,48.32
2020-03-08 01:00:56,62.19,8.81,1238.89,32.73,44.95
2020-03-08 02:00:56,63.01,15.94,1241.17,27.64,39.81
2020-03-08 03:00:56,44.26,8.55,1111.14,20.8,31.52
2020-03-08 04:00:56,41.95,8.35,1039.84,20.65,31.29
2020-03-08 05:00:56,33.68,8.76,1090.07,14.0,24.44
2020-03-08 06:00:56,27.49,8.57,1098.83,11.72,22.17
2020-03-08 07:00:56,24.22,8.52,1112.93,12.54,23.94
2020-03-08 08:00:56,16.37,8.03,0.0,13.96,27.58
2020-03-08 09:00:56,14.0,8.06,1191.75,14.79,32.02
2020-03-08 10:00:56,14.87,11.59,1356.39,19.32,36.2
2020-03-08 11:00:56,25.33,25.26,1160.83,28.74,48.58
2020-03-08 12:00:56,46.14,23.46,1208.81,28.68,44.62
2020-03-08 13:00:56,46.69,60.67,3063.25,38.49,59.04
2020-03-08 14:00:56,69.06,59.72,1582.25,47.05,69.29
2020-03-08 15:00:56,96.47,24.18,1394.96,44.01,64.54
2020-03-08 16:00:56,91.52,17.17,1368.05,41.13,58.8
2020-03-08 17:00:56,82.76,12.86,1259.13,40.38,54.86
2020-03-08 18:00:56,78.45,13.06,1284.51,81.5,104.5
2020-03-08 19:00:56,90.18,12.43,1459.05,110.35,145.89
2020-03-08 20:00:56,97.42,12.0,1786.24,115.51,161.88
2020-03-08 21:00:56,107.23,12.6,1981.13,118.8,173.63
2020-03-08 22:00:56,128.61,11.8,2707.22,110.72,203.93
2020-03-08 23:00:56,146.34,11.5,2121.89,84.8,162.86
2020-03-09 00:00:56,171.19,10.58,1540.5,62.6,110.87
2020-03-09 01:00:56,144.56,9.9,1582.13,51.92,74.44
2020-03-09 02:00:56,114.34,16.76,1542.32,55.67,109.55
2020-03-09 03:00:56,104.89,9.69,1290.33,42.48,66.49
2020-03-09 04:00:56,97.53,9.21,1193.6,33.81,47.43
2020-03-09 05:00:56,84.94,8.27,1393.69,29.37,41.64
2020-03-09 06:00:56,73.56,8.23,1114.72,26.61,39.01
2020-03-09 07:00:56,64.7,8.76,1202.89,29.68,48.51
2020-03-09 08:00:56,76.41,9.34,0.0,38.79,76.99
2020-03-09 09:00:56,82.35,10.28,2536.69,69.05,166.6
2020-03-09 10:00:56,87.92,21.76,2234.2,49.84,79.05
2020-03-09 11:00:56,83.6,190.91,2231.11,74.43,114.46
2020-03-09 12:00:56,92.97,244.16,2460.19,71.1,101.84
2020-03-09 13:00:56,135.51,53.3,2545.82,71.42,101.81
2020-03-09 14:00:56,174.1,58.76,2543.1,72.02,98.48
2020-03-09 15:00:56,175.73,32.49,2416.48,78.55,105.88
2020-03-09 16:00:56,169.19,20.02,2108.04,52.81,75.08
2020-03-09 17:00:56,155.22,11.23,2109.55,30.51,45.46
2020-03-09 18:00:56,121.75,11.84,2346.38,48.39,62.35
2020-03-09 19:00:56,139.29,17.34,2691.14,140.7,255.32
2020-03-09 20:00:56,218.51,13.9,3085.42,137.46,205.16
2020-03-09 21:00:56,239.79,15.03,3135.87,143.72,255.6
2020-03-09 22:00:56,233.91,13.35,3176.59,109.37,194.41
2020-03-09 23:00:56,214.78,12.7,2865.41,86.41,145.62
2020-03-10 00:00:56,190.42,12.57,2715.93,82.46,143.72
2020-03-10 01:00:56,158.66,13.45,2322.64,59.8,78.33
2020-03-10 02:00:56,118.75,19.65,2166.23,25.1,37.07
2020-03-10 03:00:56,91.51,10.89,1940.11,12.49,23.99
2020-03-10 04:00:56,111.65,11.34,1911.05,10.56,20.89
2020-03-10 05:00:56,115.27,11.29,1971.63,8.43,18.47
2020-03-10 06:00:56,81.54,10.93,1945.88,8.35,18.38
2020-03-10 07:00:56,64.83,10.74,1895.06,9.84,19.26
2020-03-10 08:00:56,60.12,11.66,0.0,10.39,20.26
2020-03-10 09:00:56,65.5,11.88,914.08,11.09,20.6
2020-03-10 10:00:56,84.06,12.48,1039.04,11.91,21.92
2020-03-10 11:00:56,77.63,13.48,1127.73,11.42,21.13
2020-03-10 12:00:56,62.24,14.33,999.55,13.4,23.79
2020-03-10 13:00:56,65.32,12.95,1027.26,0.0,0.0
2020-03-10 14:00:56,61.96,11.25,956.16,16.19,26.38
2020-03-10 15:00:56,67.25,10.5,966.27,13.12,23.12
2020-03-10 16:00:56,79.33,9.94,921.87,13.4,24.12
2020-03-10 17:00:56,70.08,9.66,949.87,18.05,31.04
2020-03-10 18:00:56,51.72,9.77,907.65,13.81,25.04
2020-03-10 19:00:56,36.67,9.63,1034.13,31.48,42.76
2020-03-10 20:00:56,56.42,12.51,1251.84,32.91,43.63
2020-03-10 21:00:56,73.66,11.9,1212.36,33.74,46.56
2020-03-10 22:00:56,67.66,10.78,1403.09,33.67,43.87
2020-03-10 23:00:56,59.72,9.99,1318.3,35.13,45.79
2020-03-11 00:00:56,52.95,9.79,1196.08,28.64,38.81
2020-03-11 01:00:56,37.89,9.3,1058.98,18.05,28.65
2020-03-11 02:00:56,34.7,16.7,1093.48,15.56,25.4
2020-03-11 03:00:56,33.08,8.68,1105.11,14.91,24.29
2020-03-11 04:00:56,32.28,8.85,1078.34,19.55,29.6
2020-03-11 05:00:56,22.64,9.0,1057.1,21.8,31.45
2020-03-11 06:00:56,25.28,9.02,1201.92,12.89,22.54
2020-03-11 07:00:56,19.08,9.12,1066.61,15.42,25.22
2020-03-11 08:00:56,19.59,9.39,0.0,59.91,94.81
2020-03-11 09:00:56,31.55,9.85,1150.95,34.05,54.31
2020-03-11 10:00:56,38.1,12.19,1240.27,15.04,27.05
2020-03-11 11:00:56,21.3,11.49,1150.09,16.91,28.53
2020-03-11 12:00:56,19.47,11.43,1175.0,19.26,32.87
2020-03-11 13:00:56,29.43,12.2,1262.96,22.59,36.61
2020-03-11 14:00:56,43.9,11.88,1288.77,19.58,32.57
2020-03-11 15:00:56,49.43,11.72,1196.09,19.1,31.33
2020-03-11 16:00:56,45.33,11.34,1266.49,21.6,35.23
2020-03-11 17:00:56,47.6,10.72,1208.63,32.12,46.12
2020-03-11 18:00:56,47.99,11.01,1257.29,46.25,63.28
2020-03-11 19:00:56,65.7,10.75,1259.84,58.23,73.94
2020-03-11 20:00:56,67.26,10.45,1424.28,35.96,48.7
2020-03-11 21:00:56,54.39,10.1,1314.78,36.75,50.06
2020-03-11 22:00:56,49.08,9.72,2059.96,35.89,48.28
2020-03-11 23:00:56,43.48,9.04,1551.17,44.85,58.08
2020-03-12 00:00:56,44.51,9.64,1302.01,73.26,103.21
2020-03-12 01:00:56,49.59,9.21,1390.13,72.12,104.58
2020-03-12 02:00:56,52.46,16.42,1158.72,42.43,55.01
2020-03-12 03:00:56,48.38,8.98,825.95,28.4,38.59
2020-03-12 04:00:56,44.13,8.74,1108.62,43.57,59.31
2020-03-12 05:00:56,40.41,9.05,1054.25,58.07,87.65
2020-03-12 06:00:56,34.57,8.91,966.99,21.23,34.7
2020-03-12 07:00:56,33.47,9.1,1051.45,27.34,44.39
2020-03-12 08:00:56,34.99,8.7,0.0,43.23,77.57
2020-03-12 09:00:56,44.07,10.11,1575.61,54.22,101.16
2020-03-12 10:00:56,59.06,31.43,1565.5,29.88,47.77
2020-03-12 11:00:56,66.74,189.24,1418.95,31.4,48.28
2020-03-12 12:00:56,73.58,330.98,1530.93,32.78,48.93
2020-03-12 13:00:56,90.17,59.8,1508.25,28.22,44.49
2020-03-12 14:00:56,64.8,77.58,1550.51,23.32,37.59
2020-03-12 15:00:56,55.49,82.57,1529.14,24.89,38.99
2020-03-12 16:00:56,52.89,147.14,1506.31,28.48,42.88
2020-03-12 17:00:56,54.74,23.91,1442.9,34.42,51.69
2020-03-12 18:00:56,55.89,15.87,1692.97,43.79,58.84
2020-03-12 19:00:56,61.66,12.76,1670.68,78.12,98.9
2020-03-12 20:00:56,73.96,11.51,1891.28,84.43,110.4
2020-03-12 21:00:56,84.34,10.49,2135.81,51.71,65.96
2020-03-12 22:00:56,84.94,10.74,1906.29,64.88,96.38
2020-03-12 23:00:56,85.35,10.3,2143.15,64.61,85.85
2020-03-13 00:00:56,86.96,9.82,1447.04,62.11,94.61
2020-03-13 01:00:56,82.93,9.63,1662.06,59.74,79.11
2020-03-13 02:00:56,65.88,16.93,1402.42,34.69,44.76
2020-03-13 03:00:56,60.23,9.39,1454.26,32.2,41.98
2020-03-13 04:00:56,53.34,9.58,1359.63,26.15,36.12
2020-03-13 05:00:56,48.64,9.38,1365.49,37.31,47.32
2020-03-13 06:00:56,54.25,9.8,1380.97,22.28,32.4
2020-03-13 07:00:56,69.26,10.16,1371.21,25.08,35.78
2020-03-13 08:00:56,78.53,10.86,0.0,33.35,48.69
2020-03-13 09:00:56,74.45,11.68,1189.11,42.47,63.78
2020-03-13 10:00:56,89.08,13.82,1193.63,26.77,40.75
2020-03-13 11:00:56,83.64,21.34,1256.41,21.03,35.59
2020-03-13 12:00:56,84.88,22.95,1409.58,18.75,31.32
2020-03-13 13:00:56,99.67,19.08,1379.83,19.62,31.56
2020-03-13 14:00:56,97.44,16.97,1514.36,37.41,53.7
2020-03-13 15:00:56,96.44,16.53,1350.36,48.16,65.02
2020-03-13 16:00:56,93.02,13.78,1401.9,36.57,56.53
2020-03-13 17:00:56,83.98,16.34,1358.88,46.9,64.06
2020-03-13 18:00:56,99.28,15.4,1503.69,51.39,65.77
2020-03-13 19:00:56,97.71,12.75,1405.15,27.34,40.07
2020-03-13 20:00:56,75.27,11.82,1437.86,31.3,44.32
2020-03-13 21:00:56,75.85,10.88,1353.84,32.99,48.11
2020-03-13 22:00:56,65.44,10.36,1545.26,27.39,38.51
2020-03-13 23:00:56,60.52,10.23,1464.2,23.59,35.26
2020-03-14 00:00:56,59.2,10.34,1303.84,17.87,29.23
2020-03-14 01:00:56,60.16,10.25,1380.92,20.14,31.17
2020-03-14 02:00:56,61.97,17.58,1801.02,25.23,35.53
2020-03-14 03:00:56,64.15,9.97,1250.14,15.48,25.14
2020-03-14 04:00:56,56.54,10.05,1277.54,14.44,24.06
2020-03-14 05:00:56,41.73,9.89,1287.03,14.03,24.02
2020-03-14 06:00:56,45.81,9.78,1208.16,29.26,40.41
2020-03-14 07:00:56,59.55,9.65,1250.28,23.2,34.28
2020-03-14 08:00:56,49.34,9.66,0.0,22.95,35.62
2020-03-14 09:00:56,49.9,9.44,977.69,31.48,44.87
2020-03-14 10:00:56,40.6,9.96,1111.9,29.03,41.43
2020-03-14 11:00:56,45.95,9.56,979.51,33.09,46.14
2020-03-14 12:00:56,54.92,9.93,1019.18,39.54,53.16
2020-03-14 13:00:56,50.33,10.14,1168.83,39.58,52.65
2020-03-14 14:00:56,43.68,10.78,1033.62,39.81,56.17
2020-03-14 15:00:56,43.2,10.62,1100.89,44.44,60.76
2020-03-14 16:00:56,59.13,10.49,1087.69,34.53,49.78
2020-03-14 17:00:56,51.93,10.62,1048.02,32.85,46.17
2020-03-14 18:00:56,41.1,10.04,967.88,32.28,45.21
2020-03-14 19:00:56,38.91,10.1,1157.33,30.51,43.72
2020-03-14 20:00:56,48.37,11.92,909.66,37.77,51.88
2020-03-14 21:00:56,68.33,10.17,852.59,33.49,45.59
2020-03-14 22:00:56,51.8,9.92,984.08,33.44,47.13
2020-03-14 23:00:56,49.7,9.96,992.32,34.19,46.33
2020-03-15 00:00:56,45.59,9.94,752.3,34.25,46.95
2020-03-15 01:00:56,51.62,10.06,810.34,23.17,33.96
2020-03-15 02:00:56,48.62,17.24,805.1,13.9,23.83
2020-03-15 03:00:56,33.43,9.78,678.86,26.01,37.32
2020-03-15 04:00:56,24.1,9.37,1001.65,12.36,21.68
2020-03-15 05:00:56,26.2,9.46,892.44,12.68,22.51
2020-03-15 06:00:56,33.56,9.13,0.0,10.39,20.02
2020-03-15 07:00:56,32.34,9.31,902.2,10.44,20.23
2020-03-15 08:00:56,29.31,9.16,0.0,13.46,23.08
2020-03-15 09:00:56,28.49,9.13,696.82,14.75,25.18
2020-03-15 10:00:56,28.07,9.25,801.72,14.35,24.22
2020-03-15 11:00:56,25.72,9.85,828.08,20.42,31.88
2020-03-15 12:00:56,33.96,12.46,798.51,26.2,39.2
2020-03-15 13:00:56,38.98,12.87,806.51,22.52,34.93
2020-03-15 14:00:56,31.6,11.52,849.44,26.6,39.98
2020-03-15 15:00:56,24.45,11.53,861.16,24.91,36.88
2020-03-15 16:00:56,36.5,10.88,752.46,34.25,46.53
2020-03-15 17:00:56,40.66,11.38,1067.46,22.95,35.69
2020-03-15 18:00:56,24.23,9.94,742.24,23.82,36.53
2020-03-15 19:00:56,22.78,9.71,925.92,28.95,43.03
2020-03-15 20:00:56,24.76,9.51,798.89,23.97,35.38
2020-03-15 21:00:56,18.11,9.25,945.53,22.51,33.06
2020-03-15 22:00:56,13.94,9.46,848.22,25.51,37.54
2020-03-15 23:00:56,14.84,14.84,788.72,25.79,38.16
2020-03-16 00:00:56,19.09,11.14,873.23,26.42,38.51
2020-03-16 01:00:56,18.78,9.98,826.26,22.69,33.26
2020-03-16 02:00:56,12.76,17.09,942.02,13.91,24.21
2020-03-16 03:00:56,12.78,11.02,1101.71,11.49,21.49
2020-03-16 04:00:56,13.76,20.0,1021.06,9.19,19.47
2020-03-16 05:00:56,14.42,17.75,1124.26,12.25,21.99
2020-03-16 06:00:56,15.22,17.4,1196.38,11.21,21.16
2020-03-16 07:00:56,11.87,11.65,1205.46,10.48,20.2
2020-03-16 08:00:56,13.12,10.67,0.0,22.23,32.93
2020-03-16 09:00:56,13.56,9.97,678.08,21.23,33.75
2020-03-16 10:00:56,11.98,9.74,641.45,26.02,39.2
2020-03-16 11:00:56,16.62,10.08,631.22,27.49,39.94
2020-03-16 12:00:56,18.11,10.52,579.47,29.53,41.48
2020-03-16 13:00:56,21.8,13.26,524.35,24.59,39.38
2020-03-16 14:00:56,12.21,11.8,447.89,22.5,39.29
2020-03-16 15:00:56,10.17,17.39,653.02,24.01,41.76
2020-03-16 16:00:56,13.38,17.59,414.62,22.96,39.12
2020-03-16 17:00:56,13.19,15.85,529.31,29.08,46.4
2020-03-16 18:00:56,13.92,11.57,401.84,32.07,48.51
2020-03-16 19:00:56,12.03,8.74,508.18,25.51,36.16
2020-03-16 20:00:56,14.35,8.82,925.37,32.01,43.62
2020-03-16 21:00:56,19.63,9.22,496.24,20.5,30.78
2020-03-16 22:00:56,15.32,8.71,449.74,16.39,28.36
2020-03-16 23:00:56,13.25,8.57,457.39,15.95,25.86
2020-03-17 00:00:56,19.52,9.05,433.57,17.2,27.07
2020-03-17 01:00:56,15.03,8.93,437.6,13.32,23.73
2020-03-17 02:00:56,10.9,16.09,483.39,14.08,23.89
2020-03-17 03:00:56,10.2,8.59,688.07,10.41,19.79
2020-03-17 04:00:56,6.09,8.61,649.73,9.29,19.38
2020-03-17 05:00:56,4.24,8.87,582.23,15.17,25.26
2020-03-17 06:00:56,3.42,9.42,558.84,15.75,25.89
2020-03-17 07:00:56,7.05,9.44,639.5,23.16,33.77
2020-03-17 08:00:56,12.95,32.85,0.0,18.23,31.48
2020-03-17 09:00:56,12.09,13.85,1001.66,24.05,37.14
2020-03-17 10:00:56,15.7,11.91,816.05,26.07,38.31
2020-03-17 11:00:56,15.18,19.15,915.16,30.72,48.9
2020-03-17 12:00:56,14.57,18.02,809.4,27.43,45.33
2020-03-17 13:00:56,10.13,15.43,699.8,16.65,31.94
2020-03-17 14:00:56,9.98,13.55,710.5,17.33,32.71
2020-03-17 15:00:56,7.73,13.58,817.15,21.29,37.31
2020-03-17 16:00:56,9.43,12.16,679.86,24.76,39.43
2020-03-17 17:00:56,16.32,11.37,698.82,18.21,33.18
2020-03-17 18:00:56,20.07,11.1,632.74,26.28,41.82
2020-03-17 19:00:56,16.7,11.02,847.0,38.9,53.69
2020-03-17 20:00:56,24.37,16.43,783.31,40.87,56.93
2020-03-17 21:00:56,29.54,18.82,811.01,30.68,43.53
2020-03-17 22:00:56,33.43,14.95,823.05,33.47,44.59
2020-03-17 23:00:56,27.11,14.0,735.25,24.06,35.41
2020-03-18 00:00:56,18.74,12.82,598.97,24.91,36.2
2020-03-18 01:00:56,17.56,13.01,678.3,22.93,33.87
2020-03-18 02:00:56,21.93,18.64,750.09,20.94,31.25
2020-03-18 03:00:56,18.93,11.42,800.72,18.31,28.37
2020-03-18 04:00:56,14.95,11.67,843.49,19.14,29.48
2020-03-18 05:00:56,21.27,11.47,815.68,21.11,31.32
2020-03-18 06:00:56,23.82,10.96,796.02,18.64,28.63
2020-03-18 07:00:56,20.11,10.24,798.97,21.83,32.03
2020-03-18 08:00:56,16.52,9.55,0.0,36.9,50.3
2020-03-18 09:00:56,20.13,9.67,997.45,47.55,63.66
2020-03-18 10:00:56,16.36,9.7,1030.92,42.97,58.19
2020-03-18 11:00:56,20.86,9.48,988.81,47.07,65.28
2020-03-18 12:00:56,19.38,9.98,944.26,55.0,77.51
2020-03-18 13:00:56,14.46,10.79,661.27,30.2,46.23
2020-03-18 14:00:56,13.26,11.03,727.52,43.58,60.48
2020-03-18 15:00:56,22.22,10.71,670.17,40.34,58.96
2020-03-18 16:00:56,25.37,10.02,637.23,22.05,36.95
2020-03-18 17:00:56,17.73,10.33,692.5,24.42,40.06
2020-03-18 18:00:56,15.09,10.46,617.8,28.62,43.73
2020-03-18 19:00:56,11.22,10.01,772.47,30.72,45.26
2020-03-18 20:00:56,18.39,9.35,733.7,43.18,57.56
2020-03-18 21:00:56,26.35,9.63,831.03,35.22,48.46
2020-03-18 22:00:56,18.09,9.26,978.9,30.15,42.8
2020-03-18 23:00:56,11.11,9.24,891.97,23.91,35.78
2020-03-19 00:00:56,9.07,8.47,841.31,23.85,35.54
2020-03-19 01:00:56,6.74,9.4,873.45,19.51,30.3
2020-03-19 02:00:56,7.68,16.31,893.23,12.7,23.0
2020-03-19 03:00:56,5.09,9.22,782.15,11.23,21.29
2020-03-19 04:00:56,3.6,10.07,1256.06,11.14,21.05
2020-03-19 05:00:56,3.08,9.73,830.25,13.84,24.88
2020-03-19 06:00:56,5.19,9.94,823.55,20.86,32.01
2020-03-19 07:00:56,8.7,9.84,823.72,23.65,35.27
2020-03-19 08:00:56,8.65,10.12,0.0,47.94,67.47
2020-03-19 09:00:56,11.14,10.93,978.06,42.57,57.92
2020-03-19 10:00:56,8.26,10.48,971.77,42.55,59.97
2020-03-19 11:00:56,12.79,10.21,883.95,43.01,63.43
2020-03-19 12:00:56,16.15,10.17,983.02,39.62,58.84
2020-03-19 13:00:56,13.89,10.31,990.53,39.7,59.64
2020-03-19 14:00:56,17.03,10.17,1082.98,45.66,64.71
2020-03-19 15:00:56,13.06,10.79,965.03,36.35,55.98
2020-03-19 16:00:56,15.04,9.76,1111.73,38.29,55.7
2020-03-19 17:00:56,17.83,10.36,1095.52,55.68,77.93
2020-03-19 18:00:56,21.16,10.94,1127.74,54.23,75.51
2020-03-19 19:00:56,21.46,11.53,1096.18,57.53,83.73
2020-03-19 20:00:56,26.5,11.76,1073.72,40.35,56.22
2020-03-19 21:00:56,26.73,11.83,867.47,28.05,41.26
2020-03-19 22:00:56,17.87,10.99,1056.25,31.09,44.61
2020-03-19 23:00:56,17.86,10.84,1025.92,33.54,45.8
2020-03-20 00:00:56,14.49,9.52,1128.44,30.99,42.14
2020-03-20 01:00:56,13.22,9.59,1065.45,34.07,46.84
2020-03-20 02:00:56,14.05,16.74,1011.52,26.2,36.79
2020-03-20 03:00:56,12.94,9.8,840.33,21.39,31.73
2020-03-20 04:00:56,8.23,10.1,744.34,17.33,27.91
2020-03-20 05:00:56,7.15,9.56,792.9,14.57,24.78
2020-03-20 06:00:56,9.69,10.59,832.16,12.26,22.7
2020-03-20 07:00:56,12.57,10.14,775.12,21.73,32.82
2020-03-20 08:00:56,9.36,9.91,0.0,35.41,50.85
2020-03-20 09:00:56,14.34,9.93,1215.62,49.17,68.68
2020-03-20 10:00:56,0.0,9.99,0.0,0.0,0.0
2020-03-20 11:00:56,0.08,0.0,1328.43,60.79,86.22
2020-03-20 12:00:56,58.68,9.94,923.93,54.99,76.42
2020-03-20 13:00:56,35.48,10.26,736.68,32.35,47.39
2020-03-20 14:00:56,18.53,10.06,725.96,48.56,69.27
2020-03-20 15:00:56,26.63,10.39,726.5,57.38,79.71
2020-03-20 16:00:56,29.65,11.0,646.6,61.15,84.7
2020-03-20 17:00:56,32.48,11.68,925.32,58.1,78.3
2020-03-20 18:00:56,21.71,11.13,594.24,57.27,75.87
2020-03-20 19:00:56,36.01,10.29,900.98,79.23,99.4
2020-03-20 20:00:56,34.71,10.12,759.84,69.09,87.63
2020-03-20 21:00:56,28.44,9.78,786.02,31.61,43.47
2020-03-20 22:00:56,24.78,9.7,1019.65,53.05,66.36
2020-03-20 23:00:56,33.33,10.06,913.97,63.48,76.15
2020-03-21 00:00:56,25.09,9.91,1059.54,42.36,53.64
2020-03-21 01:00:56,16.29,9.34,1171.12,37.15,48.95
2020-03-21 02:00:56,31.73,16.35,857.34,27.86,38.05
2020-03-21 03:00:56,19.09,8.85,601.66,38.02,48.22
2020-03-21 04:00:56,34.26,8.24,578.4,24.37,34.41
2020-03-21 05:00:56,18.15,8.32,630.69,21.44,31.46
2020-03-21 06:00:56,22.44,9.19,677.99,24.75,37.13
2020-03-21 07:00:56,14.06,8.9,728.47,46.35,57.93
2020-03-21 08:00:56,15.95,8.65,0.0,38.85,54.83
2020-03-21 09:00:56,25.89,9.92,525.86,45.48,61.37
2020-03-21 10:00:56,31.28,14.26,366.54,22.31,36.82
2020-03-21 11:00:56,17.01,23.12,355.38,28.55,44.54
2020-03-21 12:00:56,14.54,64.41,2434.48,25.18,40.39
2020-03-21 13:00:56,38.7,83.31,793.81,25.41,40.76
2020-03-21 14:00:56,32.79,130.22,1046.28,24.3,38.03
2020-03-21 15:00:56,49.25,127.12,1003.76,27.03,40.44
2020-03-21 16:00:56,47.63,53.3,1142.5,24.37,39.99
2020-03-21 17:00:56,41.41,25.27,1179.56,25.48,39.55
2020-03-21 18:00:56,29.47,19.82,1085.6,24.3,38.19
2020-03-21 19:00:56,27.11,14.66,1469.01,40.93,53.77
2020-03-21 20:00:56,30.04,13.0,1415.2,54.61,68.95
2020-03-21 21:00:56,42.3,11.9,1321.59,42.07,54.62
2020-03-21 22:00:56,46.48,10.46,1381.67,37.38,53.08
2020-03-21 23:00:56,36.48,10.35,1518.2,74.78,112.34
2020-03-22 00:00:56,53.95,10.16,1528.81,52.28,72.11
2020-03-22 01:00:56,43.6,8.12,1421.32,46.31,69.11
2020-03-22 02:00:56,41.49,16.89,1626.29,39.16,53.97
2020-03-22 03:00:56,49.26,9.34,979.73,36.84,50.81
2020-03-22 04:00:56,44.28,9.29,795.13,23.27,34.58
2020-03-22 05:00:56,29.98,8.65,563.78,13.54,24.09
2020-03-22 06:00:56,31.73,9.19,592.81,21.74,33.17
2020-03-22 07:00:56,27.43,9.43,725.28,28.07,42.67
2020-03-22 08:00:56,25.81,9.71,0.0,22.32,39.69
2020-03-22 09:00:56,22.89,11.98,398.87,17.93,31.71
2020-03-22 10:00:56,23.09,19.77,293.71,21.41,36.46
2020-03-22 11:00:56,12.73,15.33,0.0,24.76,41.13
2020-03-22 12:00:56,12.76,11.19,741.25,16.52,28.49
2020-03-22 13:00:56,7.3,12.65,917.34,19.86,32.28
2020-03-22 14:00:56,13.06,21.51,861.93,25.16,39.99
2020-03-22 15:00:56,27.91,26.91,909.91,29.17,42.56
2020-03-22 16:00:56,35.32,26.89,912.64,39.75,55.4
2020-03-22 17:00:56,43.34,17.37,900.82,42.48,57.71
2020-03-22 18:00:56,43.66,13.65,925.38,40.69,54.32
2020-03-22 19:00:56,44.37,12.21,1351.04,88.96,112.13
2020-03-22 20:00:56,66.02,12.1,1624.13,103.58,143.32
2020-03-22 21:00:56,105.81,12.74,1080.16,93.95,122.09
2020-03-22 22:00:56,99.05,11.81,1380.58,103.17,143.1
2020-03-22 23:00:56,103.85,11.25,1424.24,113.3,175.81
2020-03-23 00:00:56,102.73,11.12,1400.67,107.49,144.48
2020-03-23 01:00:56,79.54,10.71,1275.7,96.33,136.46
2020-03-23 02:00:56,95.0,17.92,1143.19,100.11,160.34
2020-03-23 03:00:56,75.47,10.54,1053.87,81.33,113.48
2020-03-23 04:00:56,80.3,9.98,907.49,76.47,116.02
2020-03-23 05:00:56,72.87,9.48,1109.17,53.44,67.46
2020-03-23 06:00:56,45.07,10.15,904.24,39.39,52.89
2020-03-23 07:00:56,47.19,10.2,1003.83,72.16,101.94
2020-03-23 08:00:56,54.36,12.72,0.0,75.28,96.82
2020-03-23 09:00:56,57.13,14.98,358.21,52.51,73.54
2020-03-23 10:00:56,59.45,15.99,437.13,43.2,60.64
2020-03-23 11:00:56,45.55,14.88,498.79,50.41,70.93
2020-03-23 12:00:56,54.07,15.72,625.32,62.96,87.2
2020-03-23 13:00:56,64.52,16.7,605.98,38.06,56.44
2020-03-23 14:00:56,62.3,181.57,511.15,24.61,39.72
2020-03-23 15:00:56,44.71,58.52,518.23,21.38,35.23
2020-03-23 16:00:56,49.16,17.68,496.91,24.15,37.63
2020-03-23 17:00:56,27.37,13.04,520.18,29.86,43.51
2020-03-23 18:00:56,15.26,11.68,519.29,37.15,54.51
2020-03-23 19:00:56,31.15,11.33,486.92,36.16,50.61
2020-03-23 20:00:56,28.42,11.57,388.44,30.8,43.62
2020-03-23 21:00:56,16.24,11.44,405.32,33.69,46.52
2020-03-23 22:00:56,34.35,10.72,415.22,33.3,44.92
2020-03-23 23:00:56,31.95,10.59,289.17,39.07,49.64
2020-03-24 00:00:56,23.14,10.2,478.58,29.94,41.72
2020-03-24 01:00:56,26.88,10.57,297.11,30.49,41.54
2020-03-24 02:00:56,15.05,17.72,628.61,25.34,35.15
2020-03-24 03:00:56,13.19,10.13,415.98,17.09,27.13
2020-03-24 04:00:56,20.74,10.13,397.28,13.72,23.9
2020-03-24 05:00:56,27.8,10.3,343.96,14.46,24.68
2020-03-24 06:00:56,22.84,10.27,330.58,17.0,27.78
2020-03-24 07:00:56,23.74,11.19,337.22,17.96,28.46
2020-03-24 08:00:56,33.69,17.37,0.0,28.12,41.19
2020-03-24 09:00:56,37.05,14.76,430.9,40.99,57.28
2020-03-24 10:00:56,46.19,13.99,409.71,33.89,52.34
2020-03-24 11:00:56,44.27,13.82,344.31,29.3,45.65
2020-03-24 12:00:56,36.87,13.34,183.54,24.84,41.39
2020-03-24 13:00:56,40.12,13.26,205.38,20.4,34.59
2020-03-24 14:00:56,37.84,11.86,109.01,23.67,37.78
2020-03-24 15:00:56,26.28,12.29,232.99,26.29,40.16
2020-03-24 16:00:56,44.8,11.09,313.46,31.02,46.0
2020-03-24 17:00:56,41.37,11.04,624.03,29.83,44.4
2020-03-24 18:00:56,40.86,10.85,182.74,32.4,46.83
2020-03-24 19:00:56,40.91,10.18,565.39,39.36,54.53
2020-03-24 20:00:56,30.54,10.02,296.89,37.82,51.41
2020-03-24 21:00:56,33.27,9.56,332.5,39.36,50.83
2020-03-24 22:00:56,32.57,9.33,165.45,43.6,56.69
2020-03-24 23:00:56,35.76,9.61,466.54,20.04,31.17
2020-03-25 00:00:56,24.88,9.5,388.29,17.0,28.04
2020-03-25 01:00:56,28.56,9.12,349.41,19.82,30.74
2020-03-25 02:00:56,26.35,17.03,369.44,15.64,25.96
2020-03-25 03:00:56,20.62,10.12,334.84,13.43,23.53
2020-03-25 04:00:56,22.79,9.22,407.9,15.4,25.39
2020-03-25 05:00:56,13.55,9.75,176.76,15.86,25.8
2020-03-25 06:00:56,9.91,9.92,244.23,18.09,28.3
2020-03-25 07:00:56,15.16,9.62,368.51,19.59,29.92
2020-03-25 08:00:56,16.49,10.07,0.0,42.19,58.13
2020-03-25 09:00:56,10.72,10.62,509.14,31.79,46.87
2020-03-25 10:00:56,30.49,10.49,573.06,29.58,51.89
2020-03-25 11:00:56,22.09,12.65,592.91,28.08,43.24
2020-03-25 12:00:56,24.75,11.64,654.66,31.05,50.16
2020-03-25 13:00:56,26.03,10.88,809.8,23.19,38.73
2020-03-25 14:00:56,20.73,10.43,729.66,19.16,35.28
2020-03-25 15:00:56,23.65,9.53,746.17,22.72,38.41
2020-03-25 16:00:56,23.42,9.81,840.89,26.65,43.6
2020-03-25 17:00:56,26.98,9.76,626.89,44.1,69.4
2020-03-25 18:00:56,33.08,9.49,588.95,45.86,61.67
2020-03-25 19:00:56,43.34,9.87,591.61,29.35,43.47
2020-03-25 20:00:56,34.11,9.7,612.56,31.33,44.2
2020-03-25 21:00:56,30.12,9.64,660.41,28.24,41.39
2020-03-25 22:00:56,35.58,9.33,793.31,29.04,40.27
2020-03-25 23:00:56,27.69,9.66,735.05,42.04,53.6
2020-03-26 00:00:56,32.04,9.65,1233.11,35.23,46.74
2020-03-26 01:00:56,37.7,10.0,946.35,31.35,41.59
2020-03-26 02:00:56,52.64,17.22,798.42,24.6,34.3
2020-03-26 03:00:56,33.98,9.52,818.99,21.72,31.36
2020-03-26 04:00:56,37.72,9.06,874.67,20.88,30.04
2020-03-26 05:00:56,31.7,9.09,754.42,16.43,26.22
2020-03-26 06:00:56,25.61,8.96,818.0,17.55,27.8
2020-03-26 07:00:56,39.6,8.86,722.29,21.36,33.02
2020-03-26 08:00:56,29.72,9.1,0.0,27.09,45.35
2020-03-26 09:00:56,21.12,9.08,172.01,26.21,44.68
2020-03-26 10:00:56,27.87,10.06,353.94,22.16,37.67
2020-03-26 11:00:56,27.07,15.24,64.99,18.04,31.61
2020-03-26 12:00:56,14.65,20.01,328.51,21.25,36.11
2020-03-26 13:00:56,20.41,14.68,203.45,23.32,41.56
2020-03-26 14:00:56,24.9,11.42,0.0,33.83,58.75
2020-03-26 15:00:56,32.62,9.93,130.33,30.85,45.27
2020-03-26 16:00:56,27.2,12.9,118.35,50.22,70.37
2020-03-26 17:00:56,41.01,12.49,151.75,54.14,74.63
2020-03-26 18:00:56,48.03,12.41,84.05,51.93,65.86
2020-03-26 19:00:56,43.1,11.96,89.94,41.46,56.2
2020-03-26 20:00:56,34.96,11.13,87.5,25.02,38.03
2020-03-26 21:00:56,30.88,10.67,55.92,25.65,36.02
2020-03-26 22:00:56,17.92,11.09,196.47,33.97,48.41
2020-03-26 23:00:56,22.8,10.78,242.9,32.7,44.68
2020-03-27 00:00:56,39.72,10.11,240.78,34.62,48.26
2020-03-27 01:00:56,33.43,9.93,255.73,26.85,37.83
2020-03-27 02:00:56,31.43,17.31,0.0,52.78,68.97
2020-03-27 03:00:56,34.25,9.59,404.22,47.89,64.09
2020-03-27 04:00:56,36.88,9.68,91.09,42.66,55.73
2020-03-27 05:00:56,35.55,9.52,125.65,25.56,36.29
2020-03-27 06:00:56,19.31,9.65,153.91,18.96,28.81
2020-03-27 07:00:56,27.63,8.91,150.17,24.31,39.04
2020-03-27 08:00:56,26.7,9.04,0.0,27.46,46.53
2020-03-27 09:00:56,30.28,12.53,544.67,21.75,35.89
2020-03-27 10:00:56,25.7,13.86,670.14,12.07,23.98
2020-03-27 11:00:56,14.81,12.8,573.49,13.33,26.67
2020-03-27 12:00:56,16.93,12.96,497.89,17.54,30.36
2020-03-27 13:00:56,36.87,23.32,587.27,21.25,36.09
2020-03-27 14:00:56,37.9,35.96,482.15,23.57,37.83
2020-03-27 15:00:56,43.35,51.06,397.29,21.28,35.1
2020-03-27 16:00:56,45.45,18.42,612.22,25.92,40.88
2020-03-27 17:00:56,38.19,21.33,470.47,30.53,46.4
2020-03-27 18:00:56,39.52,19.42,588.86,48.86,64.03
2020-03-27 19:00:56,61.59,13.07,0.0,46.87,60.03
2020-03-27 20:00:56,43.89,11.96,586.11,41.54,52.47
2020-03-27 21:00:56,34.13,11.53,533.07,39.1,50.29
2020-03-27 22:00:56,33.76,10.19,871.41,29.67,41.3
2020-03-27 23:00:56,34.27,9.99,389.2,24.4,36.33
2020-03-28 00:00:56,28.25,10.77,459.93,22.49,33.75
2020-03-28 01:00:56,15.98,10.47,503.94,21.38,31.01
2020-03-28 02:00:56,31.45,18.02,520.63,16.32,26.0
2020-03-28 03:00:56,23.96,10.38,482.57,15.42,25.38
2020-03-28 04:00:56,27.79,10.48,476.09,15.17,24.87
2020-03-28 05:00:56,24.64,10.1,586.45,17.28,27.08
2020-03-28 06:00:56,27.46,10.19,384.56,21.48,31.38
2020-03-28 07:00:56,46.73,10.69,429.35,29.41,40.72
2020-03-28 08:00:56,95.61,13.1,0.0,28.56,40.37
2020-03-28 09:00:56,136.84,12.62,336.09,36.05,50.44
2020-03-28 10:00:56,111.58,12.1,387.77,31.65,44.85
2020-03-28 11:00:56,71.63,12.52,693.77,25.51,37.93
2020-03-28 12:00:56,62.48,13.36,351.64,27.77,42.58
2020-03-28 13:00:56,39.11,12.93,321.6,26.38,39.59
2020-03-28 14:00:56,42.8,12.69,400.09,28.52,44.8
2020-03-28 15:00:56,33.33,12.54,258.41,26.13,39.41
2020-03-28 16:00:56,38.64,11.67,333.69,28.01,41.91
2020-03-28 17:00:56,24.37,11.15,310.8,26.57,38.4
2020-03-28 18:00:56,16.44,10.31,218.85,45.88,60.73
2020-03-28 19:00:56,17.17,10.47,251.94,41.08,60.17
2020-03-28 20:00:56,18.14,10.08,305.14,40.74,53.31
2020-03-28 21:00:56,22.63,9.5,290.02,29.58,41.51
2020-03-28 22:00:56,12.52,9.85,270.54,41.77,54.09
2020-03-28 23:00:56,17.36,10.19,351.33,26.25,37.32
2020-03-29 00:00:56,10.73,10.15,404.34,25.45,35.55
2020-03-29 01:00:56,27.4,9.93,227.44,29.42,39.73
2020-03-29 02:00:56,15.4,17.49,319.4,15.95,25.67
2020-03-29 03:00:56,11.01,9.93,165.23,17.42,27.59
2020-03-29 04:00:56,13.28,9.57,248.01,14.33,24.24
2020-03-29 05:00:56,8.08,9.86,266.76,14.36,23.93
2020-03-29 06:00:56,5.79,9.44,260.49,12.69,22.31
2020-03-29 07:00:56,5.56,9.96,237.35,12.07,21.65
2020-03-29 08:00:56,3.92,8.88,0.0,12.55,22.53
2020-03-29 09:00:56,20.42,8.65,437.03,13.61,24.22
2020-03-29 10:00:56,20.81,10.13,408.61,11.73,21.84
2020-03-29 11:00:56,11.81,10.24,424.83,17.61,28.79
2020-03-29 12:00:56,26.65,10.45,983.18,22.8,36.72
2020-03-29 13:00:56,15.84,10.9,445.92,24.04,35.16
2020-03-29 14:00:56,32.11,14.35,458.78,19.68,32.11
2020-03-29 15:00:56,38.31,13.09,460.72,16.16,28.6
2020-03-29 16:00:56,20.17,12.43,407.7,20.38,31.65
2020-03-29 17:00:56,17.69,10.87,358.07,23.5,39.4
2020-03-29 18:00:56,21.99,9.92,384.62,24.92,39.2
2020-03-29 19:00:56,35.29,9.32,466.27,24.83,37.37
2020-03-29 20:00:56,37.27,9.93,987.95,29.92,42.62
2020-03-29 21:00:56,48.9,10.25,658.23,27.08,38.77
2020-03-29 22:00:56,57.4,9.95,561.24,27.74,41.1
2020-03-29 23:00:56,47.31,10.14,579.4,21.84,32.39
2020-03-30 00:00:56,47.86,9.07,348.69,18.07,27.91
2020-03-30 01:00:56,42.52,9.32,576.43,15.95,25.54
2020-03-30 02:00:56,44.25,17.48,328.93,12.78,22.46
2020-03-30 03:00:56,38.86,10.14,387.11,13.07,22.79
2020-03-30 04:00:56,37.97,9.61,364.26,12.2,21.73
2020-03-30 05:00:56,23.9,10.19,391.06,10.39,20.23
2020-03-30 06:00:56,20.5,9.71,431.27,12.31,22.18
2020-03-30 07:00:56,31.68,9.0,387.34,20.96,31.38
2020-03-30 08:00:56,31.47,9.58,0.0,63.27,88.25
2020-03-30 09:00:56,26.97,10.63,683.69,41.79,59.89
2020-03-30 10:00:56,25.95,11.99,470.58,21.16,33.91
2020-03-30 11:00:56,31.33,12.13,972.86,18.12,31.29
2020-03-30 12:00:56,18.39,17.89,501.28,26.45,42.25
2020-03-30 13:00:56,16.47,23.85,740.0,27.94,43.01
2020-03-30 14:00:56,30.05,13.99,619.25,30.73,45.02
2020-03-30 15:00:56,22.18,16.53,659.61,32.51,48.11
2020-03-30 16:00:56,35.78,14.93,473.14,33.42,47.23
2020-03-30 17:00:56,32.59,15.5,728.34,45.74,69.37
2020-03-30 18:00:56,45.86,15.78,821.3,76.79,110.47
2020-03-30 19:00:56,64.52,13.83,707.06,89.74,139.21
2020-03-30 20:00:56,80.85,11.56,699.59,47.21,59.85
2020-03-30 21:00:56,68.66,10.9,928.23,56.27,68.45
2020-03-30 22:00:56,51.27,10.52,1051.59,69.32,87.56
2020-03-30 23:00:56,54.38,10.6,916.02,53.32,73.21
2020-03-31 00:00:56,49.72,10.43,1087.17,51.48,70.81
2020-03-31 01:00:56,53.01,10.24,1200.76,55.04,76.67
2020-03-31 02:00:56,57.85,17.44,1007.46,63.91,103.45
2020-03-31 03:00:56,60.64,9.43,915.17,42.9,65.09
2020-03-31 04:00:56,62.73,9.76,1047.71,32.96,46.42
2020-03-31 05:00:56,57.27,9.92,934.47,34.82,49.0
2020-03-31 06:00:56,66.27,9.92,647.92,18.53,29.27
2020-03-31 07:00:56,51.6,10.15,865.08,19.22,31.17
2020-03-31 08:00:56,32.78,11.02,0.0,81.11,193.35
2020-03-31 09:00:56,62.44,27.45,600.09,96.11,186.32
2020-03-31 10:00:56,90.85,36.69,555.37,41.73,62.18
2020-03-31 11:00:56,78.18,103.34,506.82,34.52,51.57
2020-03-31 12:00:56,82.6,95.76,495.91,23.88,38.26
2020-03-31 13:00:56,65.28,120.71,625.3,33.05,49.55
2020-03-31 14:00:56,64.89,24.95,535.53,34.83,50.11
2020-03-31 15:00:56,68.24,21.3,457.72,30.02,43.1
2020-03-31 16:00:56,62.82,21.73,431.09,30.14,42.33
2020-03-31 17:00:56,90.34,16.11,391.73,38.62,52.11
2020-03-31 18:00:56,94.89,15.8,396.63,50.28,63.47
2020-03-31 19:00:56,90.67,12.68,318.02,42.55,55.96
2020-03-31 20:00:56,93.71,14.39,755.43,52.33,64.31
2020-03-31 21:00:56,114.62,13.7,1006.24,123.08,168.2
2020-03-31 22:00:56,144.37,13.17,414.57,79.18,95.09
2020-03-31 23:00:56,127.29,12.65,723.03,105.53,122.24
2020-04-01 00:00:56,120.76,14.89,701.32,85.0,100.28
2020-04-01 01:00:56,121.06,15.44,453.36,81.54,96.52
2020-04-01 02:00:56,130.65,22.4,519.86,52.97,63.47
2020-04-01 03:00:56,104.84,13.28,486.13,22.0,31.73
2020-04-01 04:00:56,97.89,11.8,415.22,16.31,25.7
2020-04-01 05:00:56,73.54,10.55,444.84,15.19,24.48
2020-04-01 06:00:56,70.2,10.12,367.8,16.55,26.06
2020-04-01 07:00:56,66.03,10.36,548.25,14.51,24.3
2020-04-01 08:00:56,69.89,9.77,0.0,24.25,35.63
2020-04-01 09:00:56,64.67,9.68,692.2,77.31,94.24
2020-04-01 10:00:56,60.11,10.4,631.26,56.08,70.46
2020-04-01 11:00:56,66.04,10.0,925.11,64.86,80.35
2020-04-01 12:00:56,55.37,10.23,663.29,61.86,75.67
2020-04-01 13:00:56,58.29,10.04,508.46,36.22,48.49
2020-04-01 14:00:56,60.8,9.84,493.69,23.29,35.84
2020-04-01 15:00:56,49.01,9.64,615.23,24.95,40.18
2020-04-01 16:00:56,34.96,9.66,487.51,29.79,45.24
2020-04-01 17:00:56,40.02,9.78,425.13,33.37,48.4
2020-04-01 18:00:56,28.8,9.82,291.76,31.28,44.96
2020-04-01 19:00:56,34.69,9.63,416.87,32.58,45.65
2020-04-01 20:00:56,38.56,9.84,318.12,28.75,41.7
2020-04-01 21:00:56,36.08,9.75,353.48,38.85,51.52
2020-04-01 22:00:56,33.51,9.82,394.02,33.25,46.05
2020-04-01 23:00:56,38.13,10.72,376.94,35.83,46.91
2020-04-02 00:00:56,35.37,10.07,502.8,29.53,40.68
2020-04-02 01:00:56,36.99,10.73,485.95,30.11,40.1
2020-04-02 02:00:56,41.81,17.82,430.84,24.56,34.4
2020-04-02 03:00:56,44.3,10.54,439.58,23.66,33.36
2020-04-02 04:00:56,34.67,10.05,407.98,18.06,27.65
2020-04-02 05:00:56,41.23,9.99,355.17,15.04,25.09
2020-04-02 06:00:56,34.04,9.67,408.66,16.62,27.95
2020-04-02 07:00:56,36.58,9.98,472.98,21.22,31.87
2020-04-02 08:00:56,45.54,9.14,0.0,18.94,29.81
2020-04-02 09:00:56,24.98,10.03,385.61,19.51,33.0
2020-04-02 10:00:56,40.29,11.76,416.12,17.78,29.63
2020-04-02 11:00:56,42.27,14.18,418.32,13.77,25.11
2020-04-02 12:00:56,30.88,13.32,459.78,23.37,39.89
2020-04-02 13:00:56,36.23,13.56,464.6,18.27,32.95
2020-04-02 14:00:56,40.73,13.29,436.36,16.22,28.88
2020-04-02 15:00:56,32.66,20.54,517.52,21.95,35.7
2020-04-02 16:00:56,36.31,50.97,772.25,26.35,38.77
2020-04-02 17:00:56,65.08,20.92,617.16,27.51,39.09
2020-04-02 18:00:56,61.43,13.81,627.25,20.47,32.37
2020-04-02 19:00:56,52.61,11.74,549.08,30.51,43.5
2020-04-02 20:00:56,41.96,11.09,609.84,36.08,48.08
2020-04-02 21:00:56,53.81,10.55,559.04,33.38,47.21
2020-04-02 22:00:56,56.32,10.27,599.87,78.14,100.46
2020-04-02 23:00:56,66.39,10.47,661.52,52.44,68.25
2020-04-03 00:00:56,51.97,10.26,578.05,44.09,58.17
2020-04-03 01:00:56,65.99,11.4,500.82,31.64,41.89
2020-04-03 02:00:56,68.5,19.55,521.5,32.52,42.52
2020-04-03 03:00:56,89.29,11.98,551.3,20.71,32.18
2020-04-03 04:00:56,78.78,11.62,468.51,31.13,40.9
2020-04-03 05:00:56,69.64,11.55,469.35,27.81,37.51
2020-04-03 06:00:56,84.53,11.98,457.1,16.2,27.89
2020-04-03 07:00:56,95.84,11.22,488.84,17.4,27.76
2020-04-03 08:00:56,92.44,15.21,0.0,30.31,47.59
2020-04-03 09:00:56,95.56,19.75,468.4,23.14,38.32
2020-04-03 10:00:56,64.15,25.46,453.16,24.0,37.5
2020-04-03 11:00:56,83.34,35.82,512.4,34.45,52.76
2020-04-03 12:00:56,107.72,27.68,531.38,32.36,48.49
2020-04-03 13:00:56,99.5,14.11,490.31,32.27,46.06
2020-04-03 14:00:56,76.79,12.46,451.89,35.82,51.39
2020-04-03 15:00:56,51.31,12.2,545.8,40.55,54.14
2020-04-03 16:00:56,28.75,11.23,452.5,48.66,64.15
2020-04-03 17:00:56,31.11,11.23,438.7,33.21,47.25
2020-04-03 18:00:56,19.67,11.66,599.59,36.55,50.4
2020-04-03 19:00:56,14.86,11.17,882.97,41.21,53.51
2020-04-03 20:00:56,38.59,11.46,538.89,25.67,37.29
2020-04-03 21:00:56,23.79,11.44,424.76,39.15,50.66
2020-04-03 22:00:56,21.38,11.11,499.93,43.77,55.25
2020-04-03 23:00:56,26.82,10.83,523.53,37.48,48.86
2020-04-04 00:00:56,33.06,11.29,536.6,28.4,39.33
2020-04-04 01:00:56,27.47,10.69,621.56,47.03,64.67
2020-04-04 02:00:56,37.13,16.7,623.4,36.13,46.38
2020-04-04 03:00:56,20.76,10.87,429.41,24.18,33.7
2020-04-04 04:00:56,11.36,10.56,716.83,18.28,27.95
2020-04-04 05:00:56,26.96,10.9,632.2,14.52,23.93
2020-04-04 06:00:56,14.88,10.23,522.61,11.61,21.24
2020-04-04 07:00:56,21.97,10.85,662.5,16.39,27.0
2020-04-04 08:00:56,14.12,13.93,0.0,18.52,29.96
2020-04-04 09:00:56,8.2,17.21,396.14,11.8,22.9
2020-04-04 10:00:56,5.72,13.95,404.93,10.36,20.57
2020-04-04 11:00:56,13.31,12.93,432.83,11.64,22.32
2020-04-04 12:00:56,7.63,12.01,462.5,11.02,21.84
2020-04-04 13:00:56,5.56,68.06,546.76,17.5,30.65
2020-04-04 14:00:56,19.14,30.8,554.64,15.84,27.61
2020-04-04 15:00:56,18.92,13.71,465.87,14.93,26.24
2020-04-04 16:00:56,16.24,11.48,512.27,12.99,23.78
2020-04-04 17:00:56,9.66,11.99,601.25,18.09,30.17
2020-04-04 18:00:56,22.04,11.77,433.84,16.29,27.26
2020-04-04 19:00:56,28.42,10.9,491.81,36.95,50.11
2020-04-04 20:00:56,27.2,10.39,671.52,37.83,50.59
2020-04-04 21:00:56,48.09,10.26,752.67,62.64,81.39
2020-04-04 22:00:56,59.78,10.33,693.42,58.16,76.4
2020-04-04 23:00:56,59.08,10.44,739.74,47.76,59.85
2020-04-05 00:00:56,48.23,10.07,555.79,47.8,64.75
2020-04-05 01:00:56,58.46,9.93,836.0,55.56,77.35
2020-04-05 02:00:56,55.87,17.25,567.61,39.35,55.43
2020-04-05 03:00:56,54.95,9.87,559.91,39.32,53.79
2020-04-05 04:00:56,40.1,9.8,514.96,34.6,47.65
2020-04-05 05:00:56,40.61,9.78,0.0,40.54,51.75
2020-04-05 06:00:56,35.74,8.83,458.23,21.13,30.83
2020-04-05 07:00:56,28.31,9.33,420.63,18.54,28.68
2020-04-05 08:00:56,40.23,9.25,0.0,19.53,30.32
2020-04-05 09:00:56,35.34,9.89,377.83,20.34,30.86
2020-04-05 10:00:56,31.77,10.4,385.17,19.8,30.66
2020-04-05 11:00:56,34.58,10.33,413.18,15.63,26.73
2020-04-05 12:00:56,23.67,10.13,319.44,19.62,30.61
2020-04-05 13:00:56,30.42,9.55,404.49,18.14,29.32
2020-04-05 14:00:56,23.9,9.97,338.74,18.88,30.02
2020-04-05 15:00:56,27.2,10.17,393.42,23.95,37.16
2020-04-05 16:00:56,31.48,11.33,289.44,30.52,42.35
2020-04-05 17:00:56,38.12,10.17,248.25,39.98,53.18
2020-04-05 18:00:56,21.49,9.85,395.11,25.69,36.11
2020-04-05 19:00:56,20.67,10.01,322.42,44.66,57.05
2020-04-05 20:00:56,12.24,10.29,395.28,23.46,34.71
2020-04-05 21:00:56,29.35,9.49,325.1,24.24,34.77
2020-04-05 22:00:56,16.82,9.51,376.16,18.34,28.87
2020-04-05 23:00:56,18.25,9.55,257.42,16.05,26.42
2020-04-06 00:00:56,15.27,9.4,323.86,15.42,25.71
2020-04-06 01:00:56,24.53,9.58,296.54,16.78,26.8
2020-04-06 02:00:56,22.25,17.2,436.3,14.16,24.1
2020-04-06 03:00:56,15.1,9.63,317.62,18.76,28.32
2020-04-06 04:00:56,16.03,8.87,274.5,11.89,21.41
2020-04-06 05:00:56,12.72,9.46,153.03,13.8,23.58
2020-04-06 06:00:56,14.3,9.68,283.08,13.9,23.61
2020-04-06 07:00:56,31.71,9.92,412.16,14.11,24.04
2020-04-06 08:00:56,35.02,9.57,0.0,40.54,52.39
2020-04-06 09:00:56,36.22,8.98,354.94,60.7,77.36
2020-04-06 10:00:56,39.8,9.7,260.3,51.28,67.54
2020-04-06 11:00:56,42.21,10.21,323.23,30.8,44.52
2020-04-06 12:00:56,27.95,10.18,354.77,26.5,39.14
2020-04-06 13:00:56,43.35,10.18,295.74,30.77,46.85
2020-04-06 14:00:56,40.04,11.3,294.48,24.54,37.2
2020-04-06 15:00:56,43.85,10.5,973.47,20.93,33.68
2020-04-06 16:00:56,57.87,13.61,254.6,30.13,43.78
2020-04-06 17:00:56,38.08,11.17,236.71,32.01,46.43
2020-04-06 18:00:56,57.5,10.33,227.74,25.31,38.13
2020-04-06 19:00:56,43.35,10.18,467.06,28.02,40.8
2020-04-06 20:00:56,46.3,9.86,285.66,26.96,38.15
2020-04-06 21:00:56,52.43,10.52,417.92,62.14,74.26
2020-04-06 22:00:56,68.23,10.95,206.78,43.63,55.39
2020-04-06 23:00:56,46.95,10.38,93.93,35.29,46.64
2020-04-07 00:00:56,33.78,10.75,74.17,22.96,33.71
2020-04-07 01:00:56,39.96,10.28,4.1,27.29,37.98
2020-04-07 02:00:56,47.13,16.51,113.22,15.15,25.04
2020-04-07 03:00:56,34.49,9.15,170.31,12.65,22.42
2020-04-07 04:00:56,32.56,6.69,241.21,13.31,22.89
2020-04-07 05:00:56,37.85,9.1,86.96,11.41,21.16
2020-04-07 06:00:56,29.46,9.84,263.71,12.39,22.07
2020-04-07 07:00:56,35.1,9.48,401.61,12.59,22.42
2020-04-07 08:00:56,22.6,9.72,0.0,23.06,35.63
2020-04-07 09:00:56,26.27,11.07,282.6,27.5,43.7
2020-04-07 10:00:56,41.49,10.43,206.96,28.88,44.52
2020-04-07 11:00:56,62.67,10.35,0.0,19.11,31.95
2020-04-07 12:00:56,70.37,9.84,315.3,23.81,38.08
2020-04-07 13:00:56,74.9,9.97,431.79,20.15,33.39
2020-04-07 14:00:56,75.24,9.3,387.13,22.47,39.41
2020-04-07 15:00:56,70.76,9.66,265.0,20.77,33.38
2020-04-07 16:00:56,63.42,9.64,394.08,23.33,36.19
2020-04-07 17:00:56,69.32,9.57,423.52,24.54,37.08
2020-04-07 18:00:56,59.94,9.85,407.86,29.18,42.07
2020-04-07 19:00:56,62.04,9.62,334.69,33.04,46.86
2020-04-07 20:00:56,59.92,9.26,366.09,28.82,40.58
2020-04-07 21:00:56,48.47,9.33,170.29,27.95,39.25
2020-04-07 22:00:56,48.75,9.54,267.18,18.98,29.4
2020-04-07 23:00:56,38.73,9.7,299.42,21.95,32.5
2020-04-08 00:00:56,24.58,9.42,266.25,19.19,29.45
2020-04-08 01:00:56,32.23,9.31,284.94,19.92,30.35
2020-04-08 02:00:56,31.7,16.08,110.27,19.61,29.56
2020-04-08 03:00:56,42.83,9.1,205.12,16.5,26.45
2020-04-08 04:00:56,23.64,9.36,211.4,15.89,25.86
2020-04-08 05:00:56,26.9,9.19,200.2,15.75,25.45
2020-04-08 06:00:56,21.83,8.55,193.9,25.38,36.16
2020-04-08 07:00:56,39.37,7.87,500.46,27.68,38.38
2020-04-08 08:00:56,37.64,10.13,0.0,30.7,44.11
2020-04-08 09:00:56,46.47,10.09,326.45,24.16,38.22
2020-04-08 10:00:56,38.69,9.43,177.77,21.4,35.05
2020-04-08 11:00:56,42.54,19.11,449.9,17.58,31.33
2020-04-08 12:00:56,33.06,48.88,335.35,15.68,28.34
2020-04-08 13:00:56,43.74,52.42,478.55,16.03,29.08
2020-04-08 14:00:56,53.16,14.35,405.81,14.66,27.57
2020-04-08 15:00:56,42.75,28.57,450.02,14.88,27.28
2020-04-08 16:00:56,47.77,29.12,359.49,16.7,29.54
2020-04-08 17:00:56,32.6,41.04,382.3,20.93,34.17
2020-04-08 18:00:56,29.51,39.35,552.21,23.19,36.96
2020-04-08 19:00:56,34.99,11.88,474.39,34.98,49.46
2020-04-08 20:00:56,43.32,9.89,519.26,37.71,49.82
2020-04-08 21:00:56,51.86,9.83,584.34,49.36,64.1
2020-04-08 22:00:56,62.21,10.27,402.6,52.81,65.84
2020-04-08 23:00:56,55.56,10.34,492.13,48.91,60.33
2020-04-09 00:00:56,59.76,10.12,311.31,53.26,65.05
2020-04-09 01:00:56,53.37,9.97,145.65,32.01,42.55
2020-04-09 02:00:56,52.49,21.75,151.45,19.06,28.88
2020-04-09 03:00:56,39.05,9.8,136.02,17.23,26.75
2020-04-09 04:00:56,37.59,9.6,241.33,14.77,24.71
2020-04-09 05:00:56,30.18,9.08,216.41,13.85,23.61
2020-04-09 06:00:56,30.44,8.69,176.22,17.07,26.87
2020-04-09 07:00:56,19.81,9.18,244.21,21.41,31.83
2020-04-09 08:00:56,36.24,9.88,0.0,27.0,40.64
2020-04-09 09:00:56,31.99,9.64,381.37,29.23,42.33
2020-04-09 10:00:56,43.08,9.98,381.72,31.75,46.06
2020-04-09 11:00:56,31.81,9.77,429.33,24.25,38.59
2020-04-09 12:00:56,22.65,14.07,398.3,21.84,35.68
2020-04-09 13:00:56,28.11,31.37,479.09,20.61,34.19
2020-04-09 14:00:56,20.5,70.51,443.56,19.03,31.3
2020-04-09 15:00:56,32.69,32.22,557.23,21.14,34.77
2020-04-09 16:00:56,34.79,18.82,480.31,21.97,35.36
2020-04-09 17:00:56,18.82,16.33,405.14,22.31,35.71
2020-04-09 18:00:56,19.96,13.73,734.05,27.05,40.33
2020-04-09 19:00:56,15.72,11.35,473.29,34.38,47.9
2020-04-09 20:00:56,43.08,10.89,847.15,62.12,75.23
2020-04-09 21:00:56,41.76,10.06,862.18,56.34,67.62
2020-04-09 22:00:56,61.02,9.79,999.93,56.94,78.57
2020-04-09 23:00:56,75.1,10.11,603.16,71.25,98.7
2020-04-10 00:00:56,89.35,10.26,824.98,59.28,72.57
2020-04-10 01:00:56,77.47,10.73,681.08,41.46,53.45
2020-04-10 02:00:56,78.51,17.64,772.77,25.08,36.88
2020-04-10 03:00:56,50.63,9.52,528.68,25.39,35.86
2020-04-10 04:00:56,35.81,9.69,565.61,13.61,23.45
2020-04-10 05:00:56,20.8,9.27,619.32,19.28,29.28
2020-04-10 06:00:56,22.56,9.4,251.45,42.89,59.29
2020-04-10 07:00:56,18.08,10.41,144.66,31.18,46.42
2020-04-10 08:00:56,23.01,13.5,0.0,32.95,55.18
2020-04-10 09:00:56,34.13,22.9,238.53,24.32,38.73
2020-04-10 10:00:56,34.27,18.15,195.59,29.43,45.46
2020-04-10 11:00:56,30.61,14.73,280.02,25.26,41.8
2020-04-10 12:00:56,27.48,9.82,719.47,20.04,32.45
2020-04-10 13:00:56,38.4,118.41,706.12,0.0,0.0
2020-04-10 14:00:56,30.32,13.22,707.0,16.36,29.74
2020-04-10 15:00:56,33.58,10.32,732.8,19.01,32.11
2020-04-10 16:00:56,36.66,10.92,897.98,15.76,28.14
2020-04-10 17:00:56,42.28,10.9,685.85,21.01,34.42
2020-04-10 18:00:56,37.07,11.44,684.53,21.38,33.36
2020-04-10 19:00:56,32.44,10.88,1104.59,34.07,47.65
2020-04-10 20:00:56,32.73,13.61,818.65,47.58,61.02
2020-04-10 21:00:56,42.94,13.23,992.86,74.83,88.64
2020-04-10 22:00:56,66.24,11.01,990.22,69.56,82.78
2020-04-10 23:00:56,70.35,10.44,1033.62,77.78,104.13
2020-04-11 00:00:56,74.37,10.48,1028.2,78.22,114.19
2020-04-11 01:00:56,87.55,10.58,1061.35,92.77,165.7
2020-04-11 02:00:56,103.46,17.11,1028.76,59.55,86.65
2020-04-11 03:00:56,80.15,9.46,1045.63,67.57,91.59
2020-04-11 04:00:56,63.2,9.7,1008.35,26.94,37.51
2020-04-11 05:00:56,56.66,10.68,615.14,38.38,49.21
2020-04-11 06:00:56,35.73,9.52,419.14,35.44,46.6
2020-04-11 07:00:56,24.22,9.57,414.64,22.98,34.4
2020-04-11 08:00:56,19.65,23.35,0.0,51.29,77.64
2020-04-11 09:00:56,32.26,45.12,190.46,32.85,48.33
2020-04-11 10:00:56,33.33,15.96,0.0,20.49,32.83
2020-04-11 11:00:56,28.69,77.85,485.05,11.22,22.29
2020-04-11 12:00:56,16.66,114.09,607.31,11.34,23.25
2020-04-11 13:00:56,18.38,140.75,667.56,11.55,21.65
2020-04-11 14:00:56,48.59,11.99,616.54,11.04,20.98
2020-04-11 15:00:56,25.48,30.79,684.05,12.38,22.14
2020-04-11 16:00:56,33.36,16.75,737.92,13.31,22.97
2020-04-11 17:00:56,51.1,12.86,800.36,12.49,21.38
2020-04-11 18:00:56,39.08,12.07,724.62,13.08,22.47
2020-04-11 19:00:56,43.35,70.83,647.73,20.32,30.58
2020-04-11 20:00:56,60.73,21.55,658.43,17.22,27.12
2020-04-11 21:00:56,48.31,14.05,834.14,18.8,28.76
2020-04-11 22:00:56,51.6,13.1,713.85,20.9,30.36
2020-04-11 23:00:56,36.58,12.57,815.1,21.94,31.56
2020-04-12 00:00:56,37.63,12.61,678.96,26.21,35.77
2020-04-12 01:00:56,35.93,12.33,735.04,20.84,30.55
2020-04-12 02:00:56,47.15,22.81,618.46,19.32,29.49
2020-04-12 03:00:56,35.52,10.17,817.19,21.54,31.69
2020-04-12 04:00:56,27.43,10.0,659.19,18.07,27.82
2020-04-12 05:00:56,41.25,9.33,706.33,14.02,23.99
2020-04-12 06:00:56,34.9,9.53,676.92,15.91,25.65
2020-04-12 07:00:56,25.74,9.99,696.58,15.56,25.94
2020-04-12 08:00:56,27.12,11.24,0.0,12.36,22.53
2020-04-12 09:00:56,27.42,18.05,262.84,11.21,21.33
2020-04-12 10:00:56,31.76,31.17,297.25,11.33,21.9
2020-04-12 11:00:56,27.43,58.94,430.89,10.23,20.84
2020-04-12 12:00:56,35.05,64.61,335.66,9.88,20.28
2020-04-12 13:00:56,29.62,15.13,353.38,9.95,20.6
2020-04-12 14:00:56,23.53,20.24,429.03,10.84,21.81
2020-04-12 15:00:56,23.33,17.61,348.53,9.69,19.6
2020-04-12 16:00:56,33.65,148.63,238.03,13.38,24.26
2020-04-12 17:00:56,34.97,235.37,368.09,13.25,23.85
2020-04-12 18:00:56,33.8,31.07,365.03,10.99,20.29
2020-04-12 19:00:56,34.14,16.38,393.59,11.83,20.98
2020-04-12 20:00:56,31.65,12.31,494.22,24.78,34.47
2020-04-12 21:00:56,46.73,12.99,324.06,31.77,41.8
2020-04-12 22:00:56,48.29,13.07,188.98,24.37,35.47
2020-04-12 23:00:56,51.57,12.31,204.2,21.67,32.29
2020-04-13 00:00:56,51.06,10.92,232.73,35.38,47.64
2020-04-13 01:00:56,44.43,10.73,355.44,40.59,64.43
2020-04-13 02:00:56,51.98,17.25,375.44,31.14,43.66
2020-04-13 03:00:56,59.85,9.4,369.54,21.51,31.46
2020-04-13 04:00:56,49.3,9.32,402.63,19.44,30.5
2020-04-13 05:00:56,31.24,8.99,528.56,19.04,41.23
2020-04-13 06:00:56,29.14,9.48,0.0,17.8,30.07
2020-04-13 07:00:56,19.42,9.57,87.71,23.24,38.1
2020-04-13 08:00:56,31.9,11.8,0.0,27.94,51.09
2020-04-13 09:00:56,33.97,14.67,338.21,20.8,37.96
2020-04-13 10:00:56,35.32,11.38,85.15,13.54,25.29
2020-04-13 11:00:56,18.64,9.24,586.15,12.81,25.46
2020-04-13 12:00:56,14.74,9.08,832.75,14.94,30.17
2020-04-13 13:00:56,18.11,10.18,889.14,14.8,28.1
2020-04-13 14:00:56,30.7,10.14,936.14,16.58,27.89
2020-04-13 15:00:56,30.88,10.25,857.63,15.37,26.68
2020-04-13 16:00:56,27.98,10.64,901.95,15.45,27.03
2020-04-13 17:00:56,36.75,10.47,986.15,19.25,32.87
2020-04-13 18:00:56,38.39,9.97,825.7,19.57,31.45
2020-04-13 19:00:56,38.34,12.09,914.2,27.8,40.69
2020-04-13 20:00:56,43.92,11.97,1079.23,40.68,54.27
2020-04-13 21:00:56,60.99,12.14,1005.51,48.9,62.86
2020-04-13 22:00:56,58.59,10.65,1057.85,64.88,83.39
2020-04-13 23:00:56,56.07,11.29,1215.82,71.56,97.35
2020-04-14 00:00:56,77.66,10.68,945.27,50.56,65.07
2020-04-14 01:00:56,78.96,10.27,1031.91,41.76,60.19
2020-04-14 02:00:56,71.58,17.21,1048.42,34.31,47.13
2020-04-14 03:00:56,59.78,9.89,1034.11,25.15,36.95
2020-04-14 04:00:56,40.58,10.26,1024.24,47.75,65.03
2020-04-14 05:00:56,42.39,9.86,999.91,19.22,29.12
2020-04-14 06:00:56,41.48,9.56,1083.68,16.34,26.64
2020-04-14 07:00:56,35.51,12.05,1295.04,54.22,77.12
2020-04-14 08:00:56,50.42,20.5,0.0,63.62,92.44
2020-04-14 09:00:56,60.94,116.76,380.17,39.54,58.0
2020-04-14 10:00:56,42.72,111.46,571.9,36.0,54.13
2020-04-14 11:00:56,67.11,56.47,398.11,31.44,48.64
2020-04-14 12:00:56,47.81,110.91,398.96,31.69,48.03
2020-04-14 13:00:56,68.49,35.4,327.97,32.47,48.89
2020-04-14 14:00:56,59.71,240.73,356.33,24.55,36.73
2020-04-14 15:00:56,48.15,48.98,173.56,21.27,33.4
2020-04-14 16:00:56,53.91,250.34,423.65,40.39,55.16
2020-04-14 17:00:56,77.76,280.81,348.37,39.38,53.5
2020-04-14 18:00:56,68.34,136.48,536.18,64.14,79.76
2020-04-14 19:00:56,94.37,27.06,626.44,71.91,87.01
2020-04-14 20:00:56,100.74,19.09,702.76,99.42,114.03
2020-04-14 21:00:56,128.54,16.38,1081.86,123.44,153.72
2020-04-14 22:00:56,157.62,15.74,1134.27,123.58,178.59
2020-04-14 23:00:56,159.57,14.42,1169.77,118.08,179.61
2020-04-15 00:00:56,152.21,14.7,999.68,111.57,170.05
2020-04-15 01:00:56,138.34,13.59,891.66,84.08,113.76
2020-04-15 02:00:56,119.7,19.85,882.33,57.85,72.43
2020-04-15 03:00:56,106.89,14.37,443.4,69.72,91.37
2020-04-15 04:00:56,79.35,18.04,453.26,46.16,57.39
2020-04-15 05:00:56,66.22,16.36,377.5,19.95,31.05
2020-04-15 06:00:56,41.61,17.34,343.55,32.57,43.06
2020-04-15 07:00:56,36.37,25.05,211.87,45.78,57.52
2020-04-15 08:00:56,51.23,48.89,0.0,33.66,46.03
2020-04-15 09:00:56,251.65,22.82,0.0,49.81,63.7
2020-04-15 10:00:56,171.54,18.92,617.35,39.12,51.64
2020-04-15 11:00:56,109.47,27.43,674.22,28.98,39.81
2020-04-15 12:00:56,69.04,21.64,733.95,18.64,28.87
2020-04-15 13:00:56,52.31,28.8,694.21,30.58,42.74
2020-04-15 14:00:56,60.09,14.45,827.84,39.15,50.83
2020-04-15 15:00:56,48.06,13.55,687.33,32.64,45.85
2020-04-15 16:00:56,42.62,11.8,779.47,33.4,46.98
2020-04-15 17:00:56,40.25,11.24,729.42,31.18,44.83
2020-04-15 18:00:56,34.76,8.96,691.84,33.13,47.2
2020-04-15 19:00:56,24.26,8.92,663.42,30.57,44.47
2020-04-15 20:00:56,29.81,9.95,536.25,31.14,44.05
2020-04-15 21:00:56,17.02,10.01,614.52,29.25,41.81
2020-04-15 22:00:56,18.32,9.61,647.69,41.31,54.48
2020-04-15 23:00:56,20.67,8.82,562.67,30.77,41.8
2020-04-16 00:00:56,20.4,9.59,645.14,23.15,34.55
2020-04-16 01:00:56,12.07,9.29,633.36,22.27,32.77
2020-04-16 02:00:56,15.78,16.8,568.12,11.39,21.66
2020-04-16 03:00:56,10.06,9.3,590.07,12.9,22.91
2020-04-16 04:00:56,5.78,9.09,564.98,14.47,24.31
2020-04-16 05:00:56,5.04,8.94,534.49,12.53,22.61
2020-04-16 06:00:56,5.01,8.82,429.02,14.58,24.74
2020-04-16 07:00:56,3.02,8.97,943.52,17.33,28.13
2020-04-16 08:00:56,27.31,9.36,0.0,28.57,40.85
2020-04-16 09:00:56,15.16,9.37,307.39,47.42,63.65
2020-04-16 10:00:56,9.05,10.36,373.89,38.93,53.13
2020-04-16 11:00:56,17.6,15.33,316.76,37.49,52.87
2020-04-16 12:00:56,21.55,17.26,289.8,30.12,47.21
2020-04-16 13:00:56,13.57,14.97,411.85,34.42,50.04
2020-04-16 14:00:56,21.15,15.51,400.81,33.65,47.73
2020-04-16 15:00:56,17.71,14.06,564.4,42.06,57.62
2020-04-16 16:00:56,21.65,36.81,391.22,25.6,39.93
2020-04-16 17:00:56,15.91,36.71,396.79,15.98,28.32
2020-04-16 18:00:56,9.28,34.4,402.41,20.64,32.35
2020-04-16 19:00:56,25.36,23.0,487.08,35.74,50.93
2020-04-16 20:00:56,32.85,13.17,735.75,59.66,77.26
2020-04-16 21:00:56,48.25,12.55,732.76,50.75,63.03
2020-04-16 22:00:56,55.98,11.26,1044.91,62.11,94.42
2020-04-16 23:00:56,58.91,10.28,793.13,55.94,89.42
2020-04-17 00:00:56,41.17,10.1,928.65,62.53,118.64
2020-04-17 01:00:56,49.76,10.29,816.5,64.32,120.8
2020-04-17 02:00:56,57.05,16.41,765.8,33.63,49.89
2020-04-17 03:00:56,47.99,9.13,659.54,33.08,48.09
2020-04-17 04:00:56,36.13,10.1,175.39,13.06,23.66
2020-04-17 05:00:56,19.68,9.63,83.8,15.79,26.6
2020-04-17 06:00:56,38.8,9.35,34.24,33.68,53.53
2020-04-17 07:00:56,26.43,10.0,177.46,33.15,65.8
2020-04-17 08:00:56,22.82,17.81,0.0,43.55,89.66
2020-04-17 09:00:56,30.15,256.25,365.81,28.75,46.26
2020-04-17 10:00:56,62.05,126.66,65.72,20.84,34.77
2020-04-17 11:00:56,73.49,29.46,642.31,20.48,34.68
2020-04-17 12:00:56,38.83,146.93,728.82,24.17,38.61
2020-04-17 13:00:56,41.01,114.2,870.87,26.43,41.49
2020-04-17 14:00:56,40.38,54.82,939.55,37.96,54.2
2020-04-17 15:00:56,61.8,90.8,940.26,39.4,56.56
2020-04-17 16:00:56,77.04,27.2,948.42,38.66,53.97
2020-04-17 17:00:56,69.74,51.45,909.23,43.74,61.74
2020-04-17 18:00:56,55.9,69.25,854.24,46.9,63.7
2020-04-17 19:00:56,60.29,35.12,814.01,68.07,86.96
2020-04-17 20:00:56,66.61,14.71,1297.78,93.29,120.42
2020-04-17 21:00:56,79.65,13.23,1267.23,110.11,159.83
2020-04-17 22:00:56,93.55,11.74,1178.22,93.44,127.36
2020-04-17 23:00:56,93.42,11.89,1130.04,64.52,84.76
2020-04-18 00:00:56,83.19,11.64,966.02,61.85,92.72
2020-04-18 01:00:56,75.44,11.16,944.83,74.4,115.53
2020-04-18 02:00:56,79.52,18.05,1060.6,57.32,77.24
2020-04-18 03:00:56,68.62,10.47,612.19,48.39,63.34
2020-04-18 04:00:56,49.54,11.0,662.47,39.38,50.41
2020-04-18 05:00:56,44.92,10.16,820.61,35.78,46.56
2020-04-18 06:00:56,35.29,10.66,590.4,23.82,34.07
2020-04-18 07:00:56,29.75,11.83,703.45,25.58,37.49
2020-04-18 08:00:56,34.34,27.42,0.0,31.76,50.27
2020-04-18 09:00:56,38.13,42.99,481.14,25.09,40.87
2020-04-18 10:00:56,40.24,35.29,566.21,32.99,50.39
2020-04-18 11:00:56,31.19,26.09,620.16,27.54,44.18
2020-04-18 12:00:56,40.45,19.57,831.92,31.02,47.36
2020-04-18 13:00:56,28.31,0.0,587.64,36.28,51.39
2020-04-18 14:00:56,37.21,0.0,541.59,27.85,41.45
2020-04-18 15:00:56,67.12,0.0,528.45,27.38,40.52
2020-04-18 16:00:56,107.39,40.53,470.22,20.28,32.01
2020-04-18 17:00:56,74.96,24.33,506.46,22.34,33.87
2020-04-18 18:00:56,39.33,62.09,523.4,31.51,43.97
2020-04-18 19:00:56,46.12,22.01,430.91,29.74,40.74
2020-04-18 20:00:56,32.65,13.82,571.86,29.4,39.39
2020-04-18 21:00:56,36.43,12.75,794.85,34.46,44.6
2020-04-18 22:00:56,38.61,12.22,491.54,32.83,45.3
2020-04-18 23:00:56,40.19,11.77,820.72,36.64,47.27
2020-04-19 00:00:56,42.01,11.04,770.77,32.89,43.74
2020-04-19 01:00:56,42.78,10.82,861.88,39.43,56.6
2020-04-19 02:00:56,47.96,18.51,799.25,21.98,31.92
2020-04-19 03:00:56,45.49,9.84,882.46,22.62,32.96
2020-04-19 04:00:56,45.76,10.38,703.51,22.9,33.75
2020-04-19 05:00:56,40.52,10.03,736.31,23.94,34.9
2020-04-19 06:00:56,51.79,10.56,788.21,34.19,52.01
2020-04-19 07:00:56,44.09,10.95,532.14,22.27,36.94
2020-04-19 08:00:56,36.24,44.1,0.0,27.62,43.1
2020-04-19 09:00:56,49.47,169.71,388.25,29.73,45.16
2020-04-19 10:00:56,77.94,203.96,279.46,26.74,39.58
2020-04-19 11:00:56,73.48,40.58,651.55,28.22,41.76
2020-04-19 12:00:56,57.86,45.98,430.68,25.08,37.76
2020-04-19 13:00:56,55.17,31.95,511.48,21.27,32.45
2020-04-19 14:00:56,43.48,22.89,559.15,24.25,35.45
2020-04-19 15:00:56,30.84,16.41,479.45,16.27,26.42
2020-04-19 16:00:56,27.23,14.91,430.9,18.15,28.62
2020-04-19 17:00:56,20.89,17.25,488.25,21.65,32.68
2020-04-19 18:00:56,30.66,15.87,333.05,13.66,23.27
2020-04-19 19:00:56,16.72,13.97,434.68,17.1,26.61
2020-04-19 20:00:56,33.68,12.34,547.71,36.34,46.8
2020-04-19 21:00:56,34.56,11.88,643.65,59.77,70.88
2020-04-19 22:00:56,38.53,12.0,859.33,60.78,71.14
2020-04-19 23:00:56,63.75,11.57,782.36,42.33,52.57
2020-04-20 00:00:56,69.43,10.79,829.63,38.32,50.82
2020-04-20 01:00:56,67.33,10.8,778.02,56.72,85.86
2020-04-20 02:00:56,81.32,18.48,673.48,44.23,63.36
2020-04-20 03:00:56,84.0,10.6,562.42,33.39,44.96
2020-04-20 04:00:56,64.77,10.73,447.9,28.52,39.4
2020-04-20 05:00:56,46.92,10.23,422.09,22.36,32.32
2020-04-20 06:00:56,44.12,10.41,390.59,26.67,37.76
2020-04-20 07:00:56,39.58,10.6,280.27,20.54,33.1
2020-04-20 08:00:56,32.8,15.26,0.0,32.3,53.46
2020-04-20 09:00:56,38.89,28.16,424.77,95.78,158.53
2020-04-20 10:00:56,56.12,57.25,356.16,51.07,69.75
2020-04-20 11:00:56,52.77,22.04,506.56,36.1,50.41
2020-04-20 12:00:56,40.1,37.52,577.42,50.09,66.4
2020-04-20 13:00:56,58.98,40.6,285.96,55.08,72.1
2020-04-20 14:00:56,69.58,19.21,294.98,33.74,46.9
2020-04-20 15:00:56,79.76,5.86,443.44,39.99,50.13
2020-04-20 16:00:56,66.69,6.18,198.42,37.64,47.65
2020-04-20 17:00:56,82.13,4.3,222.13,33.68,44.01
2020-04-20 18:00:56,69.3,2.79,310.85,31.5,41.88
2020-04-20 19:00:56,68.27,2.39,434.99,30.68,41.03
2020-04-20 20:00:56,70.31,1.86,434.03,30.14,41.06
2020-04-20 21:00:56,52.51,1.13,333.89,28.08,38.72
2020-04-20 22:00:56,44.21,0.0,426.64,26.76,37.57
2020-04-20 23:00:56,32.23,0.51,592.71,25.37,35.89
2020-04-21 00:00:56,19.69,0.0,219.64,24.24,34.67
2020-04-21 01:00:56,17.29,0.58,336.16,22.96,33.63
2020-04-21 02:00:56,17.82,0.0,358.57,22.71,32.97
2020-04-21 03:00:56,20.97,0.0,339.56,22.32,32.86
2020-04-21 04:00:56,11.9,0.0,331.79,21.63,32.14
2020-04-21 05:00:56,7.07,0.47,480.24,21.7,32.35
2020-04-21 06:00:56,5.45,0.95,403.44,21.55,32.2
2020-04-21 07:00:56,4.95,10.43,414.83,20.76,31.66
2020-04-21 08:00:56,21.65,4.88,0.0,22.36,33.11
2020-04-21 09:00:56,35.13,4.04,371.83,23.36,34.1
2020-04-21 10:00:56,19.25,5.33,491.49,22.73,33.55
2020-04-21 11:00:56,15.04,6.51,401.59,22.77,33.56
2020-04-21 12:00:56,22.18,8.14,479.39,23.83,34.28
2020-04-21 13:00:56,18.12,4.36,437.34,22.42,33.34
2020-04-21 14:00:56,28.13,3.65,415.08,23.44,34.19
2020-04-21 15:00:56,16.78,2.25,463.17,23.58,34.49
2020-04-21 16:00:56,29.0,5.86,452.52,24.74,35.57
2020-04-21 17:00:56,34.87,5.09,528.84,26.36,37.65
2020-04-21 18:00:56,40.74,3.32,415.3,27.79,39.12
2020-04-21 19:00:56,38.42,2.98,376.62,28.3,39.94
2020-04-21 20:00:56,57.63,1.79,507.95,28.04,39.81
2020-04-21 21:00:56,52.06,1.19,820.22,28.98,40.74
2020-04-21 22:00:56,41.72,1.03,445.86,28.09,39.45
2020-04-21 23:00:56,40.66,1.35,395.59,27.44,38.79
2020-04-22 00:00:56,42.47,0.92,436.83,26.57,37.56
2020-04-22 01:00:56,38.04,0.0,459.0,24.73,35.46
2020-04-22 02:00:56,39.35,0.0,498.57,22.63,33.11
2020-04-22 03:00:56,38.96,0.0,547.57,21.42,32.02
2020-04-22 04:00:56,30.65,0.61,327.65,20.53,30.81
2020-04-22 05:00:56,26.8,0.46,294.37,20.12,30.6
2020-04-22 06:00:56,24.55,0.42,364.88,20.88,31.38
2020-04-22 07:00:56,39.53,0.4,335.55,20.72,31.49
2020-04-22 08:00:56,37.83,0.99,0.0,23.05,34.22
2020-04-22 09:00:56,46.68,0.77,521.69,26.52,38.09
2020-04-22 10:00:56,39.94,0.92,395.52,27.61,39.2
2020-04-22 11:00:56,34.33,1.43,468.63,27.94,39.12
2020-04-22 12:00:56,30.25,0.83,593.59,28.67,39.7
2020-04-22 13:00:56,50.56,2.05,397.72,29.52,40.61
2020-04-22 14:00:56,44.52,3.03,378.02,28.66,39.66
2020-04-22 15:00:56,40.87,0.0,384.31,28.69,39.95
2020-04-22 16:00:56,36.18,4.06,468.57,28.88,40.12
2020-04-22 17:00:56,42.31,1.41,405.68,29.5,40.41
2020-04-22 18:00:56,34.0,1.21,459.07,29.11,40.21
2020-04-22 19:00:56,33.73,0.0,481.07,27.89,38.57
2020-04-22 20:00:56,34.19,0.46,443.1,26.4,36.91
2020-04-22 21:00:56,44.55,0.56,522.42,25.56,35.98
2020-04-22 22:00:56,37.25,0.48,428.98,24.8,35.27
2020-04-22 23:00:56,23.64,0.56,456.25,23.29,33.94
2020-04-23 00:00:56,17.02,0.52,467.34,22.64,33.77
2020-04-23 01:00:56,14.87,0.0,260.05,22.66,33.82
2020-04-23 02:00:56,24.77,0.0,232.57,21.83,32.76
2020-04-23 03:00:56,16.8,0.0,302.93,21.2,32.34
2020-04-23 04:00:56,15.26,0.0,288.4,21.43,32.59
2020-04-23 05:00:56,23.54,0.0,267.35,21.09,32.69
2020-04-23 06:00:56,19.51,0.0,269.69,20.66,31.78
2020-04-23 07:00:56,11.65,0.0,299.27,19.97,31.94
2020-04-23 08:00:56,24.89,0.96,0.0,23.14,35.73
2020-04-23 09:00:56,19.59,3.15,417.04,23.72,35.71
2020-04-23 10:00:56,11.6,2.8,0.0,23.64,34.74
2020-04-23 11:00:56,18.0,2.14,573.77,21.05,31.59
2020-04-23 12:00:56,16.82,10.93,492.53,21.22,31.59
2020-04-23 13:00:56,15.59,24.88,389.26,20.1,30.29
2020-04-23 14:00:56,17.83,42.24,415.02,18.68,29.04
2020-04-23 15:00:56,11.49,52.27,516.22,18.3,28.85
2020-04-23 16:00:56,10.22,25.64,660.19,17.69,28.17
2020-04-23 17:00:56,19.02,84.26,567.37,17.44,28.17
2020-04-23 18:00:56,11.29,39.87,556.02,18.15,28.61
2020-04-23 19:00:56,9.21,22.26,491.95,19.03,29.2
2020-04-23 20:00:56,27.11,3.95,729.21,19.3,29.7
2020-04-23 21:00:56,32.58,1.07,303.09,20.16,30.36
2020-04-23 22:00:56,35.27,1.42,385.6,19.87,30.58
2020-04-23 23:00:56,32.64,0.81,442.56,19.08,29.81
2020-04-24 00:00:56,27.92,0.0,471.06,18.77,29.53
2020-04-24 01:00:56,16.13,0.0,637.07,18.54,29.41
2020-04-24 02:00:56,14.0,0.0,700.55,18.17,29.1
2020-04-24 03:00:56,37.63,0.0,759.35,17.58,28.56
2020-04-24 04:00:56,20.23,0.0,936.42,16.33,28.16
2020-04-24 05:00:56,26.55,0.0,295.47,18.09,30.19
2020-04-24 06:00:56,20.94,0.0,93.48,17.62,30.05
2020-04-24 07:00:56,26.32,0.0,163.0,17.09,29.18
2020-04-24 08:00:56,18.69,2.17,0.0,16.02,28.27
2020-04-24 09:00:56,14.85,2.76,239.71,16.78,28.39
2020-04-24 10:00:56,9.88,1.34,0.0,17.63,28.76
2020-04-24 11:00:56,11.06,0.0,569.59,16.76,27.59
2020-04-24 12:00:56,6.65,0.0,789.89,15.53,26.07
2020-04-24 13:00:56,9.3,0.0,796.57,16.06,26.19
2020-04-24 14:00:56,14.76,0.77,835.1,15.99,26.09
2020-04-24 15:00:56,9.77,1.69,1033.83,16.45,26.34
2020-04-24 16:00:56,19.63,1.63,788.38,16.46,26.34
2020-04-24 17:00:56,26.01,1.25,854.63,16.35,26.45
2020-04-24 18:00:56,23.02,0.56,808.74,16.92,27.02
2020-04-24 19:00:56,24.7,1.09,759.61,15.95,26.75
2020-04-24 20:00:56,22.79,0.55,846.55,17.06,27.24
2020-04-24 21:00:56,23.61,0.0,687.49,18.38,28.82
2020-04-24 22:00:56,28.69,0.62,1024.27,18.47,29.04
2020-04-24 23:00:56,15.37,0.37,892.2,18.89,29.56
2020-04-25 00:00:56,23.04,0.63,942.75,19.75,31.02
2020-04-25 01:00:56,17.67,0.62,849.08,20.35,31.63
2020-04-25 02:00:56,28.9,8.28,914.07,20.17,31.29
2020-04-25 03:00:56,31.63,0.0,859.16,19.62,31.15
2020-04-25 04:00:56,29.55,0.0,853.28,19.15,31.05
2020-04-25 05:00:56,35.47,0.0,845.74,18.19,30.75
2020-04-25 06:00:56,30.73,0.0,873.38,17.86,29.94
2020-04-25 07:00:56,21.68,0.0,847.95,17.86,30.78
2020-04-25 08:00:56,28.59,1.98,0.0,18.13,30.65
2020-04-25 09:00:56,19.45,13.26,416.06,18.52,30.62
2020-04-25 10:00:56,12.15,7.0,493.93,18.46,29.71
2020-04-25 11:00:56,8.47,4.81,450.72,16.84,27.5
2020-04-25 12:00:56,11.54,6.74,482.55,17.69,27.89
2020-04-25 13:00:56,27.25,50.6,570.95,17.1,27.13
2020-04-25 14:00:56,32.46,127.94,432.06,16.68,26.62
2020-04-25 15:00:56,24.46,113.49,471.8,15.84,26.02
2020-04-25 16:00:56,27.64,138.83,476.32,16.64,26.84
2020-04-25 17:00:56,30.09,130.11,494.69,16.75,27.38
2020-04-25 18:00:56,23.47,146.09,444.03,17.51,27.85
2020-04-25 19:00:56,35.46,38.02,363.96,18.06,28.52
2020-04-25 20:00:56,29.98,6.75,502.25,18.71,29.07
2020-04-25 21:00:56,25.16,3.99,678.03,19.11,29.75
2020-04-25 22:00:56,26.27,2.88,468.62,19.81,30.48
2020-04-25 23:00:56,34.47,2.6,610.0,18.76,29.92
2020-04-26 00:00:56,24.11,1.73,567.63,19.03,29.79
2020-04-26 01:00:56,29.9,1.25,555.46,18.15,29.26
2020-04-26 02:00:56,28.82,8.58,461.79,19.04,30.21
2020-04-26 03:00:56,28.66,0.79,586.18,19.5,30.62
2020-04-26 04:00:56,23.42,0.67,613.08,18.17,29.87
2020-04-26 05:00:56,27.92,0.0,700.48,17.26,29.0
2020-04-26 06:00:56,17.82,0.99,817.62,17.45,29.5
2020-04-26 07:00:56,18.15,1.25,749.39,16.89,28.63
2020-04-26 08:00:56,17.95,5.46,0.0,15.66,27.29
2020-04-26 09:00:56,17.75,74.81,206.53,16.43,27.43
2020-04-26 10:00:56,28.57,101.75,686.05,16.29,27.15
2020-04-26 11:00:56,53.99,15.16,305.18,17.72,28.07
2020-04-26 12:00:56,37.2,31.66,834.34,20.01,30.02
2020-04-26 13:00:56,37.16,148.08,289.75,18.9,29.44
2020-04-26 14:00:56,24.6,9.33,432.69,18.05,28.18
2020-04-26 15:00:56,21.53,1.79,223.79,16.64,26.7
2020-04-26 16:00:56,13.98,0.0,210.08,16.08,26.26
2020-04-26 17:00:56,9.48,1.08,155.15,16.21,26.13
2020-04-26 18:00:56,7.75,60.73,43.7,16.84,26.98
2020-04-26 19:00:56,20.6,2.08,426.78,18.6,28.59
2020-04-26 20:00:56,28.53,12.63,487.54,20.75,31.06
2020-04-26 21:00:56,49.72,15.53,461.7,22.42,33.24
2020-04-26 22:00:56,50.63,10.21,316.47,24.35,35.21
2020-04-26 23:00:56,51.84,7.35,360.13,24.84,35.93
2020-04-27 00:00:56,55.58,18.43,0.0,26.34,37.83
2020-04-27 01:00:56,62.35,10.02,337.01,26.1,38.4
2020-04-27 02:00:56,61.15,15.66,365.05,26.2,38.54
2020-04-27 03:00:56,59.44,4.22,226.35,23.57,35.85
2020-04-27 04:00:56,47.28,3.53,230.87,23.37,34.97
2020-04-27 05:00:56,38.61,2.45,201.51,22.88,34.16
2020-04-27 06:00:56,30.62,1.96,200.57,21.27,32.35
2020-04-27 07:00:56,42.21,1.89,195.87,20.58,31.82
2020-04-27 08:00:56,29.2,7.66,0.0,22.31,35.6
2020-04-27 09:00:56,36.06,136.52,346.11,26.37,40.55
2020-04-27 10:00:56,65.59,46.93,650.81,27.47,40.5
2020-04-27 11:00:56,73.55,102.69,415.53,27.43,38.59
2020-04-27 12:00:56,62.25,11.92,415.42,25.5,36.04
2020-04-27 13:00:56,47.02,10.3,467.87,24.69,35.13
2020-04-27 14:00:56,29.67,2.6,419.51,23.44,33.82
2020-04-27 15:00:56,39.41,1.7,9.52,23.1,33.62
2020-04-27 16:00:56,22.66,1.76,412.18,21.95,32.15
2020-04-27 17:00:56,35.84,4.71,692.0,22.63,32.83
2020-04-27 18:00:56,38.77,5.07,421.77,22.89,33.06
2020-04-27 19:00:56,43.78,6.75,545.83,22.82,32.9
2020-04-27 20:00:56,48.48,5.05,518.62,22.91,33.59
2020-04-27 21:00:56,47.96,2.92,552.43,23.55,34.24
2020-04-27 22:00:56,46.08,2.34,658.59,26.13,37.28
2020-04-27 23:00:56,50.37,2.44,599.55,28.28,39.72
2020-04-28 00:00:56,57.39,1.29,629.12,28.84,40.8
2020-04-28 01:00:56,47.81,1.17,951.17,28.4,40.59
2020-04-28 02:00:56,49.41,8.65,925.42,28.07,40.77
2020-04-28 03:00:56,44.23,0.85,543.55,27.65,40.74
2020-04-28 04:00:56,49.83,0.98,420.48,27.13,39.0
2020-04-28 05:00:56,44.75,0.85,458.57,25.41,36.5
2020-04-28 06:00:56,38.63,0.5,381.66,22.48,33.47
2020-04-28 07:00:56,39.72,1.2,511.73,20.53,31.52
2020-04-28 08:00:56,29.87,2.94,0.0,20.36,31.45
2020-04-28 09:00:56,36.64,10.16,287.8,20.07,31.12
2020-04-28 10:00:56,28.6,4.22,377.97,19.91,30.19
2020-04-28 11:00:56,23.99,20.32,407.37,20.05,30.64
2020-04-28 12:00:56,42.08,16.35,379.92,21.11,31.4
2020-04-28 13:00:56,36.61,118.02,385.8,20.55,31.22
2020-04-28 14:00:56,43.25,43.27,0.0,20.92,31.1
2020-04-28 15:00:56,37.46,10.45,432.36,20.74,31.13
2020-04-28 16:00:56,39.09,5.98,331.95,21.49,32.16
2020-04-28 17:00:56,37.99,4.03,337.1,21.75,32.34
2020-04-28 18:00:56,26.31,2.94,461.85,21.89,32.29
2020-04-28 19:00:56,19.74,2.32,523.34,21.77,32.72
2020-04-28 20:00:56,26.15,1.52,495.73,22.41,32.91
2020-04-28 21:00:56,32.91,0.97,235.13,21.7,31.97
2020-04-28 22:00:56,45.17,0.49,431.97,22.36,32.97
2020-04-28 23:00:56,37.53,0.0,599.96,22.04,32.93
2020-04-29 00:00:56,35.15,0.42,489.93,23.21,34.77
2020-04-29 01:00:56,38.95,0.8,364.39,24.4,36.68
2020-04-29 02:00:56,30.61,0.0,304.31,23.51,35.72
2020-04-29 03:00:56,23.03,0.0,226.93,21.85,33.26
2020-04-29 04:00:56,25.59,0.0,388.91,20.07,31.83
2020-04-29 05:00:56,27.41,0.0,162.25,19.22,31.54
2020-04-29 06:00:56,44.49,0.0,349.15,18.12,30.81
2020-04-29 07:00:56,31.56,0.0,164.91,17.84,30.51
2020-04-29 08:00:56,31.15,1.67,0.0,17.85,30.71
2020-04-29 09:00:56,23.64,3.14,439.33,18.8,30.88
2020-04-29 10:00:56,28.0,2.15,442.88,18.86,29.95
2020-04-29 11:00:56,16.65,14.73,486.49,18.95,29.27
2020-04-29 12:00:56,23.54,13.91,587.01,18.99,29.68
2020-04-29 13:00:56,36.45,34.14,508.49,20.88,31.72
2020-04-29 14:00:56,49.58,90.73,544.38,21.47,32.32
2020-04-29 15:00:56,60.89,19.18,572.57,22.4,33.1
2020-04-29 16:00:56,56.89,7.28,528.35,23.58,33.93
2020-04-29 17:00:56,51.77,4.06,0.0,23.58,34.57
2020-04-29 18:00:56,37.59,2.2,467.57,24.47,35.43
2020-04-29 19:00:56,36.41,1.75,486.24,26.28,36.95
2020-04-29 20:00:56,35.11,1.27,517.31,25.39,36.12
2020-04-29 21:00:56,35.69,0.0,588.88,26.02,37.06
2020-04-29 22:00:56,36.84,0.44,771.61,27.16,39.12
2020-04-29 23:00:56,36.55,0.67,565.78,27.03,39.39
2020-04-30 00:00:56,25.73,0.0,540.54,26.44,39.33
2020-04-30 01:00:56,34.24,0.0,424.84,25.17,39.19
2020-04-30 02:00:56,35.89,0.0,589.96,24.85,38.79
2020-04-30 03:00:56,32.51,0.0,433.8,22.57,37.47
2020-04-30 04:00:56,42.72,0.6,350.62,22.09,36.74
2020-04-30 05:00:56,24.12,0.0,358.49,21.06,35.78
2020-04-30 06:00:56,31.06,0.36,306.67,19.61,34.68
2020-04-30 07:00:56,35.09,0.44,204.55,21.18,37.29
2020-04-30 08:00:56,37.26,8.42,0.0,23.1,40.97
2020-04-30 09:00:56,29.63,46.42,541.22,25.12,44.35
2020-04-30 10:00:56,55.04,68.39,485.73,27.03,46.93
2020-04-30 11:00:56,70.27,22.4,644.26,27.95,45.82
2020-04-30 12:00:56,52.86,50.88,747.83,28.14,42.99
2020-04-30 13:00:56,58.67,15.91,775.62,28.42,42.38
2020-04-30 14:00:56,67.55,8.08,593.41,28.57,41.08
2020-04-30 15:00:56,60.07,4.7,571.79,29.17,40.95
2020-04-30 16:00:56,49.83,3.0,608.97,31.65,43.67
2020-04-30 17:00:56,74.33,4.09,915.52,34.71,48.18
2020-04-30 18:00:56,53.84,6.35,660.32,32.16,46.04
2020-04-30 19:00:56,40.55,6.09,696.32,30.29,43.62
2020-04-30 20:00:56,44.73,3.99,829.68,30.53,44.63
2020-04-30 21:00:56,52.07,2.28,828.8,29.99,44.01
2020-04-30 22:00:56,55.72,2.17,1010.45,31.96,50.43
2020-04-30 23:00:56,62.63,1.14,2213.51,33.16,54.59
2020-05-01 00:00:56,66.73,1.61,760.36,34.1,60.16
2020-05-01 01:00:56,59.53,1.5,357.93,33.67,60.22
2020-05-01 02:00:56,69.1,8.64,670.07,33.06,57.31
2020-05-01 03:00:56,56.48,2.34,647.17,30.81,53.65
2020-05-01 04:00:56,87.0,4.36,628.86,29.15,50.42
2020-05-01 05:00:56,82.3,3.52,660.42,27.71,48.87
2020-05-01 06:00:56,80.94,3.59,723.72,25.68,46.61
2020-05-01 07:00:56,79.53,3.29,723.4,24.19,44.87
2020-05-01 08:00:56,59.85,3.73,0.0,23.04,44.72
2020-05-01 09:00:56,56.61,5.88,488.93,24.26,49.05
2020-05-01 10:00:56,60.61,6.56,483.45,25.42,49.18
2020-05-01 11:00:56,45.43,11.66,413.36,26.07,47.89
2020-05-01 12:00:56,24.58,25.26,413.64,25.32,45.38
2020-05-01 13:00:56,36.85,19.39,346.55,26.7,45.15
2020-05-01 14:00:56,37.02,10.88,321.61,29.03,44.5
2020-05-01 15:00:56,36.39,8.53,121.94,28.82,41.33
2020-05-01 16:00:56,29.89,6.32,359.16,28.3,39.44
2020-05-01 17:00:56,34.24,5.92,431.44,26.38,37.18
2020-05-01 18:00:56,39.75,11.71,472.29,25.17,36.21
2020-05-01 19:00:56,49.87,10.24,602.56,24.37,35.85
2020-05-01 20:00:56,41.76,6.1,651.0,23.28,35.16
2020-05-01 21:00:56,52.62,3.87,799.05,23.46,36.02
2020-05-01 22:00:56,58.33,2.92,288.49,24.21,37.4
2020-05-01 23:00:56,52.86,3.1,511.11,26.26,38.97
2020-05-02 00:00:56,38.24,1.98,491.92,26.12,38.63
2020-05-02 01:00:56,33.76,2.0,594.02,25.53,38.52
2020-05-02 02:00:56,34.15,9.19,439.98,25.45,38.46
2020-05-02 03:00:56,49.98,1.04,367.64,25.71,38.65
2020-05-02 04:00:56,28.91,1.45,312.89,24.7,37.89
2020-05-02 05:00:56,31.18,1.17,373.17,23.74,36.69
2020-05-02 06:00:56,35.51,1.29,417.47,24.28,37.48
2020-05-02 07:00:56,35.25,1.06,463.6,22.72,36.57
2020-05-02 08:00:56,30.29,4.86,0.0,21.85,36.62
2020-05-02 09:00:56,36.47,57.07,313.85,21.57,36.48
2020-05-02 10:00:56,31.5,116.42,393.21,22.04,36.27
2020-05-02 11:00:56,46.35,53.03,506.7,22.21,35.32
2020-05-02 12:00:56,49.14,224.56,394.57,23.53,35.01
2020-05-02 13:00:56,78.65,302.5,381.99,22.1,33.47
2020-05-02 14:00:56,75.76,230.76,358.38,21.57,32.3
2020-05-02 15:00:56,66.16,241.47,600.71,20.47,31.14
2020-05-02 16:00:56,69.04,114.96,354.37,19.98,30.71
2020-05-02 17:00:56,47.5,25.06,317.57,20.37,30.94
2020-05-02 18:00:56,35.72,11.03,205.25,20.2,30.85
2020-05-02 19:00:56,50.06,8.13,265.13,21.39,31.58
2020-05-02 20:00:56,34.53,11.12,387.89,21.84,32.72
2020-05-02 21:00:56,54.22,7.39,430.65,22.26,33.6
2020-05-02 22:00:56,58.8,5.2,554.0,22.28,34.7
2020-05-02 23:00:56,49.46,4.07,425.96,22.74,35.32
2020-05-03 00:00:56,46.22,2.98,502.77,22.93,36.82
2020-05-03 01:00:56,60.36,2.2,349.91,22.5,37.65
2020-05-03 02:00:56,44.99,9.87,474.17,23.45,38.29
2020-05-03 03:00:56,36.11,1.82,312.12,22.99,38.9
2020-05-03 04:00:56,58.29,1.49,274.26,21.18,38.1
2020-05-03 05:00:56,40.41,0.0,213.04,20.0,37.14
2020-05-03 06:00:56,31.79,1.29,154.4,19.52,36.56
2020-05-03 07:00:56,36.7,1.12,202.66,18.91,36.25
2020-05-03 08:00:56,31.62,2.76,0.0,18.27,35.76
2020-05-03 09:00:56,33.45,18.54,338.66,19.22,36.43
2020-05-03 10:00:56,26.11,20.15,392.26,19.92,35.93
2020-05-03 11:00:56,23.09,103.55,474.26,19.92,35.22
2020-05-03 12:00:56,37.56,61.46,476.43,21.22,35.1
2020-05-03 13:00:56,55.55,13.76,398.42,22.75,35.42
2020-05-03 14:00:56,44.04,9.43,328.44,22.76,34.42
2020-05-03 15:00:56,52.17,9.99,339.45,23.38,34.93
2020-05-03 16:00:56,43.86,17.81,363.14,24.59,36.13
2020-05-03 17:00:56,63.19,12.35,353.49,24.65,35.86
2020-05-03 18:00:56,65.24,19.68,373.22,23.48,34.84
2020-05-03 19:00:56,46.28,7.3,446.29,23.06,34.36
2020-05-03 20:00:56,41.61,4.66,502.06,22.41,34.11
2020-05-03 21:00:56,22.94,3.84,345.69,21.4,33.18
2020-05-03 22:00:56,21.1,3.57,403.92,21.15,32.95
2020-05-03 23:00:56,12.09,3.59,308.44,20.4,32.51
2020-05-04 00:00:56,7.5,4.38,273.65,20.97,32.6
2020-05-04 01:00:56,5.32,4.23,309.53,20.48,31.97
2020-05-04 02:00:56,7.06,10.55,273.37,20.61,31.86
2020-05-04 03:00:56,6.62,2.8,325.7,20.87,32.44
2020-05-04 04:00:56,9.52,2.29,273.75,21.19,33.68
2020-05-04 05:00:56,6.28,2.27,344.52,21.62,35.27
2020-05-04 06:00:56,6.15,1.72,329.88,23.32,37.87
2020-05-04 07:00:56,27.4,1.83,420.23,24.21,39.15
2020-05-04 08:00:56,18.08,4.43,0.0,24.7,39.39
2020-05-04 09:00:56,19.78,68.29,490.88,24.7,40.33
2020-05-04 10:00:56,13.57,31.1,467.09,25.46,40.92
2020-05-04 11:00:56,27.61,27.13,458.26,25.49,40.45
2020-05-04 12:00:56,26.52,135.41,456.96,25.3,40.99
2020-05-04 13:00:56,50.67,42.7,769.5,26.88,43.24
2020-05-04 14:00:56,61.54,92.4,464.36,27.83,43.52
2020-05-04 15:00:56,62.75,16.37,451.37,26.48,41.36
2020-05-04 16:00:56,40.96,8.16,235.85,25.36,39.5
2020-05-04 17:00:56,34.38,7.88,526.41,24.54,37.64
2020-05-04 18:00:56,40.85,6.72,521.57,26.87,39.26
2020-05-04 19:00:56,50.13,4.64,472.86,27.91,40.01
2020-05-04 20:00:56,36.17,3.14,310.97,29.01,40.5
2020-05-04 21:00:56,42.1,2.78,431.98,26.8,38.87
2020-05-04 22:00:56,25.95,0.0,351.8,26.41,38.98
2020-05-04 23:00:56,31.55,0.0,496.1,25.31,38.26
2020-05-05 00:00:56,41.27,2.23,429.97,24.92,37.37
2020-05-05 01:00:56,70.98,1.52,446.51,23.4,36.95
2020-05-05 02:00:56,71.23,9.01,418.46,20.98,35.53
2020-05-05 03:00:56,68.17,1.33,294.53,20.46,35.65
2020-05-05 04:00:56,47.63,0.67,432.0,20.61,36.14
2020-05-05 05:00:56,38.11,1.14,415.05,20.38,36.35
2020-05-05 06:00:56,31.39,1.09,423.92,20.43,35.85
2020-05-05 07:00:56,23.34,1.19,407.68,20.1,35.57
2020-05-05 08:00:56,35.7,1.5,0.0,20.6,36.12
2020-05-05 09:00:56,26.43,9.15,337.76,21.69,36.29
2020-05-05 10:00:56,52.44,16.44,273.07,22.94,36.87
2020-05-05 11:00:56,58.86,14.44,362.93,24.02,37.88
2020-05-05 12:00:56,33.23,116.5,350.34,23.97,37.15
2020-05-05 13:00:56,56.71,29.66,426.02,23.97,36.01
2020-05-05 14:00:56,30.89,9.15,646.08,23.77,35.42
2020-05-05 15:00:56,36.79,5.05,263.02,23.92,35.26
2020-05-05 16:00:56,42.1,3.15,252.8,24.83,36.23
2020-05-05 17:00:56,31.37,2.61,232.12,25.28,37.14
2020-05-05 18:00:56,25.17,2.3,314.09,25.38,37.39
2020-05-05 19:00:56,23.33,4.35,388.74,25.07,37.83
2020-05-05 20:00:56,30.07,3.39,273.13,24.68,37.31
2020-05-05 21:00:56,24.0,2.59,322.71,24.41,37.06
2020-05-05 22:00:56,21.29,2.39,296.35,24.31,37.4
2020-05-05 23:00:56,26.57,1.59,370.69,25.26,38.3
2020-05-06 00:00:56,19.2,1.78,263.27,25.14,38.59
2020-05-06 01:00:56,23.28,0.86,351.36,24.64,37.81
2020-05-06 02:00:56,17.94,10.33,275.01,23.19,36.01
2020-05-06 03:00:56,34.5,2.74,183.67,22.8,35.59
2020-05-06 04:00:56,39.12,3.25,242.36,22.14,34.73
2020-05-06 05:00:56,29.56,2.29,259.66,21.85,34.67
2020-05-06 06:00:56,24.99,1.94,208.73,21.07,34.1
2020-05-06 07:00:56,27.08,1.59,236.67,22.63,35.41
2020-05-06 08:00:56,28.79,1.43,0.0,23.43,36.34
2020-05-06 09:00:56,25.1,1.73,277.23,24.39,38.66
2020-05-06 10:00:56,18.41,3.08,379.82,24.96,39.72
2020-05-06 11:00:56,22.41,7.3,467.75,24.51,38.65
2020-05-06 12:00:56,38.88,22.15,311.69,23.7,37.8
2020-05-06 13:00:56,36.71,295.85,295.65,23.49,36.89
2020-05-06 14:00:56,34.09,174.87,309.89,22.52,35.73
2020-05-06 15:00:56,32.98,20.63,363.42,21.52,34.27
2020-05-06 16:00:56,20.96,9.31,278.62,22.14,34.24
2020-05-06 17:00:56,23.57,73.25,255.38,22.44,34.55
2020-05-06 18:00:56,18.25,62.3,225.51,23.19,35.33
2020-05-06 19:00:56,36.31,35.33,272.07,23.77,35.55
2020-05-06 20:00:56,26.43,42.89,380.9,24.51,35.74
2020-05-06 21:00:56,43.35,8.55,357.81,24.48,36.54
2020-05-06 22:00:56,43.96,5.19,624.67,24.66,38.88
2020-05-06 23:00:56,51.04,3.2,467.94,24.63,40.83
2020-05-07 00:00:56,49.89,3.07,826.48,24.49,44.13
2020-05-07 01:00:56,51.71,2.15,559.79,24.17,46.11
2020-05-07 02:00:56,46.51,14.49,347.91,23.52,46.51
2020-05-07 03:00:56,49.96,0.78,272.11,24.07,49.39
2020-05-07 04:00:56,44.69,1.17,317.23,23.14,48.83
2020-05-07 05:00:56,39.27,1.49,129.71,22.1,47.08
2020-05-07 06:00:56,22.48,1.4,97.36,21.29,45.72
2020-05-07 07:00:56,31.17,3.51,238.37,21.92,47.45
2020-05-07 08:00:56,41.46,7.47,0.0,25.29,49.63
2020-05-07 09:00:56,38.61,6.15,442.7,27.83,48.41
2020-05-07 10:00:56,51.38,6.4,466.63,30.64,47.51
2020-05-07 11:00:56,32.78,6.11,441.16,30.8,45.23
2020-05-07 12:00:56,35.8,4.68,438.44,28.64,41.17
2020-05-07 13:00:56,36.63,4.5,447.44,26.83,38.96
2020-05-07 14:00:56,44.47,3.11,381.61,26.4,37.55
2020-05-07 15:00:56,47.66,1.88,354.31,26.25,37.3
2020-05-07 16:00:56,38.04,1.43,365.66,26.89,38.11
2020-05-07 17:00:56,24.78,1.29,371.33,27.81,39.24
2020-05-07 18:00:56,32.97,0.61,346.03,26.77,38.64
2020-05-07 19:00:56,19.14,0.7,545.38,27.28,38.87
2020-05-07 20:00:56,10.29,0.68,451.12,25.19,36.85
2020-05-07 21:00:56,11.78,0.54,426.39,24.89,35.89
2020-05-07 22:00:56,17.8,0.52,351.45,23.88,34.61
2020-05-07 23:00:56,18.13,0.0,402.17,23.87,34.78
2020-05-08 00:00:56,11.43,0.62,437.6,23.33,34.6
2020-05-08 01:00:56,7.12,0.43,347.2,22.57,34.25
2020-05-08 02:00:56,4.52,0.0,401.45,21.34,32.89
2020-05-08 03:00:56,4.79,0.0,335.0,20.58,32.77
2020-05-08 04:00:56,8.96,0.52,270.79,20.76,32.92
2020-05-08 05:00:56,5.59,0.61,293.98,20.73,31.75
2020-05-08 06:00:56,3.75,0.51,368.94,20.72,32.33
2020-05-08 07:00:56,2.82,0.0,407.84,22.31,34.22
2020-05-08 08:00:56,7.2,0.0,0.0,22.21,34.73
2020-05-08 09:00:56,5.84,9.89,585.49,22.85,37.09
2020-05-08 10:00:56,9.79,62.3,322.0,24.19,38.07
2020-05-08 11:00:56,9.49,108.84,396.9,23.83,36.9
2020-05-08 12:00:56,14.86,13.76,407.57,23.45,35.43
2020-05-08 13:00:56,21.67,30.39,621.29,23.61,34.44
2020-05-08 14:00:56,11.96,7.75,380.24,21.89,33.02
2020-05-08 15:00:56,7.64,4.4,413.73,22.07,32.7
2020-05-08 16:00:56,23.03,43.3,442.94,22.56,33.24
2020-05-08 17:00:56,23.22,10.62,549.75,23.12,34.17
2020-05-08 18:00:56,27.2,4.66,412.45,23.7,35.0
2020-05-08 19:00:56,19.2,2.92,403.16,24.49,35.82
2020-05-08 20:00:56,22.24,2.4,398.31,25.98,37.8
2020-05-08 21:00:56,28.33,3.12,473.86,25.54,37.31
2020-05-08 22:00:56,17.0,1.8,0.0,25.71,37.65
2020-05-08 23:00:56,38.57,1.66,561.65,24.79,36.75
2020-05-09 00:00:56,33.92,1.59,500.99,25.59,39.25
2020-05-09 01:00:56,27.86,1.41,714.91,24.98,38.28
2020-05-09 02:00:56,26.59,0.0,576.57,24.71,38.12
2020-05-09 03:00:56,15.45,0.7,413.57,24.97,39.26
2020-05-09 04:00:56,26.41,0.93,447.85,23.2,37.05
2020-05-09 05:00:56,18.58,0.85,451.32,22.19,35.73
2020-05-09 06:00:56,24.93,1.02,515.61,21.09,34.87
2020-05-09 07:00:56,25.29,3.13,379.57,21.25,34.82
2020-05-09 08:00:56,17.02,5.22,0.0,21.49,34.72
2020-05-09 09:00:56,16.48,3.31,202.11,21.78,33.69
2020-05-09 10:00:56,19.81,2.6,323.26,21.75,33.0
2020-05-09 11:00:56,15.83,1.82,386.43,20.75,31.48
2020-05-09 12:00:56,10.01,1.36,271.74,20.52,31.22
2020-05-09 13:00:56,6.4,25.28,293.25,19.92,30.23
2020-05-09 14:00:56,5.57,35.63,301.19,18.19,28.66
2020-05-09 15:00:56,12.51,37.52,596.71,18.48,28.58
2020-05-09 16:00:56,19.23,40.61,240.94,18.53,28.87
2020-05-09 17:00:56,25.72,7.18,296.29,18.64,29.06
2020-05-09 18:00:56,24.5,4.23,271.85,18.55,28.89
2020-05-09 19:00:56,21.88,3.49,317.16,19.13,29.45
2020-05-09 20:00:56,24.55,1.9,374.8,19.06,29.52
2020-05-09 21:00:56,25.02,1.16,351.35,19.69,30.68
2020-05-09 22:00:56,27.54,0.8,593.89,18.23,29.68
2020-05-09 23:00:56,28.17,0.76,292.31,18.97,29.75
2020-05-10 00:00:56,24.84,0.88,177.24,18.47,29.43
2020-05-10 01:00:56,12.41,0.77,214.86,18.62,29.52
2020-05-10 02:00:56,6.74,0.0,278.06,18.57,29.48
2020-05-10 03:00:56,17.53,0.0,148.46,18.06,29.45
2020-05-10 04:00:56,14.84,0.0,160.24,18.89,30.69
2020-05-10 05:00:56,17.2,0.0,184.3,18.9,30.9
2020-05-10 06:00:56,14.69,0.0,170.44,19.7,33.69
2020-05-10 07:00:56,20.13,1.36,156.52,19.36,32.58
2020-05-10 08:00:56,11.32,21.9,0.0,18.5,31.65
2020-05-10 09:00:56,11.57,28.56,381.87,18.62,30.9
2020-05-10 10:00:56,8.47,124.36,352.21,19.25,30.6
2020-05-10 11:00:56,24.56,136.07,389.71,18.32,29.05
2020-05-10 12:00:56,15.35,156.55,544.86,18.11,28.39
2020-05-10 13:00:56,28.54,215.37,487.38,0.0,0.0
2020-05-10 14:00:56,28.49,420.26,335.04,18.11,28.15
2020-05-10 15:00:56,44.73,79.61,438.11,18.11,27.96
2020-05-10 16:00:56,34.86,51.36,375.57,17.2,27.38
2020-05-10 17:00:56,18.88,110.48,417.18,17.34,27.21
2020-05-10 18:00:56,17.64,19.71,267.71,17.14,27.14
2020-05-10 19:00:56,22.62,3.43,356.33,17.38,27.13
2020-05-10 20:00:56,26.53,2.47,482.4,17.52,27.73
2020-05-10 21:00:56,36.45,4.06,700.51,18.45,28.65
2020-05-10 22:00:56,37.59,2.34,504.62,19.89,30.54
2020-05-10 23:00:56,44.79,1.35,556.5,20.74,32.01
2020-05-11 00:00:56,36.43,1.18,558.11,20.51,32.08
2020-05-11 01:00:56,34.37,0.77,498.22,20.13,32.47
2020-05-11 02:00:56,51.03,13.94,647.4,21.4,34.75
2020-05-11 03:00:56,51.9,1.22,459.33,21.24,35.43
2020-05-11 04:00:56,45.97,1.6,100.43,20.43,34.52
2020-05-11 05:00:56,45.76,0.91,323.57,20.23,33.7
2020-05-11 06:00:56,37.42,0.92,161.54,19.43,33.44
2020-05-11 07:00:56,29.7,3.61,444.78,19.11,34.43
2020-05-11 08:00:56,26.72,38.24,0.0,20.43,36.61
2020-05-11 09:00:56,53.85,220.36,349.17,23.23,39.11
2020-05-11 10:00:56,67.88,101.11,399.02,23.48,37.85
2020-05-11 11:00:56,53.08,231.81,376.76,23.07,35.63
2020-05-11 12:00:56,46.36,26.07,402.75,23.14,34.89
2020-05-11 13:00:56,36.4,4.51,394.15,22.57,33.3
2020-05-11 14:00:56,19.93,2.22,253.18,21.67,32.7
2020-05-11 15:00:56,12.37,1.1,223.79,21.07,31.98
2020-05-11 16:00:56,22.28,0.54,416.6,20.7,31.55
2020-05-11 17:00:56,21.39,0.43,365.31,19.17,30.05
2020-05-11 18:00:56,19.15,0.0,338.61,20.29,30.87
2020-05-11 19:00:56,24.66,0.0,341.35,20.85,31.28
2020-05-11 20:00:56,21.52,3.46,357.25,21.68,32.51
2020-05-11 21:00:56,35.29,4.2,540.55,22.76,34.16
2020-05-11 22:00:56,63.94,3.03,570.58,24.97,37.64
2020-05-11 23:00:56,57.71,2.17,559.75,26.91,42.07
2020-05-12 00:00:56,53.38,1.92,487.3,27.43,44.74
2020-05-12 01:00:56,51.58,1.16,456.15,26.7,44.96
2020-05-12 02:00:56,52.03,8.92,394.79,25.3,43.9
2020-05-12 03:00:56,60.94,0.0,268.94,23.23,41.75
2020-05-12 04:00:56,40.96,0.0,315.88,21.87,40.21
2020-05-12 05:00:56,34.03,0.0,273.03,20.95,39.3
2020-05-12 06:00:56,19.43,0.75,243.74,19.9,37.25
2020-05-12 07:00:56,19.44,1.58,319.3,18.82,36.21
2020-05-12 08:00:56,16.57,21.9,0.0,19.72,36.73
2020-05-12 09:00:56,26.59,67.18,387.81,23.16,38.99
2020-05-12 10:00:56,31.78,13.0,490.88,23.83,38.69
2020-05-12 11:00:56,31.95,6.69,473.95,24.14,37.87
2020-05-12 12:00:56,32.2,5.15,364.1,24.23,37.54
2020-05-12 13:00:56,29.13,3.33,18.85,24.28,36.38
2020-05-12 14:00:56,32.31,15.17,2.36,25.11,36.61
2020-05-12 15:00:56,59.2,9.55,0.0,27.46,39.69
2020-05-12 16:00:56,79.82,3.95,70.43,28.05,40.02
2020-05-12 17:00:56,89.07,5.19,148.17,29.25,41.58
2020-05-12 18:00:56,101.59,7.63,565.12,30.48,43.45
2020-05-12 19:00:56,123.35,10.36,756.91,32.63,47.02
2020-05-12 20:00:56,148.45,7.84,851.7,33.83,49.36
2020-05-12 21:00:56,153.99,8.64,489.09,35.6,51.98
2020-05-12 22:00:56,129.01,5.11,510.73,35.33,50.94
2020-05-12 23:00:56,130.2,4.85,607.66,34.07,49.19
2020-05-13 00:00:56,125.1,3.7,534.5,31.99,45.57
2020-05-13 01:00:56,101.83,4.3,476.06,28.93,42.1
2020-05-13 02:00:56,78.87,13.77,401.04,26.48,39.17
2020-05-13 03:00:56,61.38,4.66,436.04,24.08,37.43
2020-05-13 04:00:56,68.54,3.54,431.94,23.39,37.37
2020-05-13 05:00:56,55.81,3.45,392.39,22.43,37.16
2020-05-13 06:00:56,43.47,4.5,330.9,23.91,39.8
2020-05-13 07:00:56,46.53,5.75,706.53,24.95,40.42
2020-05-13 08:00:56,48.04,6.94,0.0,26.19,44.39
2020-05-13 09:00:56,53.27,219.16,806.55,28.31,48.17
2020-05-13 10:00:56,91.57,159.03,494.3,30.77,49.04
2020-05-13 11:00:56,102.12,12.79,424.82,31.04,46.19
2020-05-13 12:00:56,98.35,9.27,386.58,30.27,43.52
2020-05-13 13:00:56,90.85,7.28,282.46,27.93,39.68
2020-05-13 14:00:56,69.1,21.26,251.45,25.26,36.52
2020-05-13 15:00:56,57.34,35.14,278.88,23.35,34.43
2020-05-13 16:00:56,53.92,8.2,259.44,22.56,33.21
2020-05-13 17:00:56,50.64,5.0,351.63,22.08,32.57
2020-05-13 18:00:56,39.37,3.58,303.68,22.46,33.25
2020-05-13 19:00:56,60.3,2.45,320.37,23.19,33.82
2020-05-13 20:00:56,57.35,1.38,471.99,22.71,33.48
2020-05-13 21:00:56,52.81,2.28,381.12,22.28,33.47
2020-05-13 22:00:56,56.94,2.87,316.14,22.36,33.66
2020-05-13 23:00:56,51.57,2.42,322.3,21.75,33.22
2020-05-14 00:00:56,53.99,1.42,326.01,22.09,33.96
2020-05-14 01:00:56,48.3,1.01,352.42,21.95,33.76
2020-05-14 02:00:56,37.27,8.69,369.67,21.13,33.1
2020-05-14 03:00:56,42.38,0.99,284.99,19.96,31.62
2020-05-14 04:00:56,40.63,0.0,316.92,19.86,31.57
2020-05-14 05:00:56,36.02,0.86,309.95,19.3,31.89
2020-05-14 06:00:56,48.68,0.0,137.99,19.39,31.69
2020-05-14 07:00:56,26.36,0.41,315.83,19.48,31.96
2020-05-14 08:00:56,38.08,1.03,0.0,18.5,31.44
2020-05-14 09:00:56,33.39,1.57,424.2,19.26,31.93
2020-05-14 10:00:56,31.88,1.84,397.7,19.01,31.42
2020-05-14 11:00:56,41.05,1.3,480.9,19.13,31.44
2020-05-14 12:00:56,32.08,2.09,491.74,19.06,31.26
2020-05-14 13:00:56,39.81,1.43,387.63,19.51,31.51
2020-05-14 14:00:56,36.76,2.01,2502.52,20.0,31.66
2020-05-14 15:00:56,46.05,3.05,287.44,20.12,31.27
2020-05-14 16:00:56,48.11,1.01,295.9,19.94,30.97
2020-05-14 17:00:56,38.86,0.86,394.66,19.85,31.5
2020-05-14 18:00:56,38.52,1.16,397.78,19.07,29.8
2020-05-14 19:00:56,48.78,0.0,460.81,18.75,29.33
2020-05-14 20:00:56,62.19,0.0,617.26,20.22,30.53
2020-05-14 21:00:56,60.37,1.39,413.69,20.61,31.29
2020-05-14 22:00:56,56.66,0.85,522.55,20.33,31.53
2020-05-14 23:00:56,71.83,1.4,617.24,21.78,32.78
2020-05-15 00:00:56,56.97,0.93,0.0,22.41,35.07
2020-05-15 01:00:56,58.62,1.01,456.47,23.5,37.4
2020-05-15 02:00:56,76.14,8.8,358.91,23.38,38.7
2020-05-15 03:00:56,54.46,1.13,522.76,21.75,37.5
2020-05-15 04:00:56,48.61,1.13,327.51,21.55,38.79
2020-05-15 05:00:56,58.1,2.21,488.18,21.51,40.47
2020-05-15 06:00:56,64.04,3.76,455.39,23.44,44.63
2020-05-15 07:00:56,93.17,8.28,353.8,23.75,45.39
2020-05-15 08:00:56,75.01,71.21,0.0,22.59,44.81
2020-05-15 09:00:56,78.3,65.75,494.36,22.75,44.05
2020-05-15 10:00:56,71.03,47.2,376.63,23.66,43.73
2020-05-15 11:00:56,54.81,74.18,346.59,25.85,43.99
2020-05-15 12:00:56,45.47,15.37,0.0,26.16,41.45
2020-05-15 13:00:56,35.58,6.0,0.0,25.91,39.83
2020-05-15 14:00:56,45.23,5.24,0.0,26.26,38.91
2020-05-15 15:00:56,43.38,161.17,0.0,25.64,38.18
2020-05-15 16:00:56,78.25,257.5,0.0,25.42,37.43
2020-05-15 17:00:56,107.36,33.42,0.0,27.72,39.93
2020-05-15 18:00:56,78.97,4.61,0.0,25.63,37.07
2020-05-15 19:00:56,74.44,4.03,0.0,24.46,36.19
2020-05-15 20:00:56,74.98,5.51,139.34,24.46,36.3
2020-05-15 21:00:56,97.04,6.46,391.15,23.82,35.62
2020-05-15 22:00:56,94.52,4.89,721.33,25.08,38.47
2020-05-15 23:00:56,118.58,8.41,748.17,28.13,46.18
2020-05-16 00:00:56,109.09,10.0,668.13,30.7,54.19
2020-05-16 01:00:56,136.03,8.44,378.28,31.8,61.89
2020-05-16 02:00:56,135.4,14.22,302.69,30.17,62.15
2020-05-16 03:00:56,97.6,4.52,351.15,28.19,59.34
2020-05-16 04:00:56,76.22,2.89,450.71,26.3,56.21
2020-05-16 05:00:56,76.75,3.26,492.23,25.8,55.11
2020-05-16 06:00:56,62.33,3.52,217.58,25.57,53.86
2020-05-16 07:00:56,57.76,4.0,332.16,25.85,53.6
2020-05-16 08:00:56,80.33,14.55,0.0,25.41,53.04
2020-05-16 09:00:56,54.29,42.92,465.87,25.59,51.13
2020-05-16 10:00:56,66.62,14.71,380.61,27.02,50.3
2020-05-16 11:00:56,72.4,52.92,62.84,26.73,47.21
2020-05-16 12:00:56,66.31,58.44,0.0,27.66,45.04
2020-05-16 13:00:56,129.77,16.9,0.0,29.04,43.44
2020-05-16 14:00:56,141.37,13.21,0.0,28.84,40.61
2020-05-16 15:00:56,148.9,10.42,298.22,27.4,38.52
2020-05-16 16:00:56,164.94,7.95,180.33,25.32,36.45
2020-05-16 17:00:56,166.57,56.22,254.76,22.19,32.6
2020-05-16 18:00:56,124.72,33.0,406.2,20.33,30.8
2020-05-16 19:00:56,106.95,56.57,441.94,18.69,29.33
2020-05-16 20:00:56,105.95,61.51,233.07,18.78,29.55
2020-05-16 21:00:56,95.7,9.57,374.12,18.47,29.32
2020-05-16 22:00:56,61.74,6.13,149.0,18.09,28.98
2020-05-16 23:00:56,52.73,4.48,396.28,18.5,29.45
2020-05-17 00:00:56,44.56,2.33,497.56,18.58,29.31
2020-05-17 01:00:56,35.08,1.23,277.44,18.12,29.24
2020-05-17 02:00:56,44.42,9.3,259.36,18.49,30.2
2020-05-17 03:00:56,27.99,0.88,245.61,17.24,29.57
2020-05-17 04:00:56,34.67,0.0,278.68,17.64,30.77
2020-05-17 05:00:56,34.88,0.36,289.46,16.83,30.43
2020-05-17 06:00:56,30.7,0.54,323.6,17.51,31.42
2020-05-17 07:00:56,37.75,2.77,362.58,17.85,31.9
2020-05-17 08:00:56,33.82,5.95,0.0,18.24,31.46
2020-05-17 09:00:56,35.09,94.69,329.3,19.94,32.09
2020-05-17 10:00:56,43.19,94.38,386.09,20.38,31.51
2020-05-17 11:00:56,31.73,17.07,326.56,18.86,29.87
2020-05-17 12:00:56,18.6,36.78,325.8,18.8,29.8
2020-05-17 13:00:56,34.27,198.76,345.75,18.52,29.43
2020-05-17 14:00:56,55.75,57.62,187.83,16.55,27.79
2020-05-17 15:00:56,47.53,14.19,473.0,17.57,28.79
2020-05-17 16:00:56,65.79,8.49,338.86,18.7,29.21
2020-05-17 17:00:56,68.38,6.21,346.24,19.89,30.1
2020-05-17 18:00:56,66.4,6.39,343.22,19.93,30.42
2020-05-17 19:00:56,66.46,17.4,321.93,20.63,31.16
2020-05-17 20:00:56,80.43,7.52,188.41,20.25,30.97
2020-05-17 21:00:56,70.4,3.16,234.54,19.54,30.72
2020-05-17 22:00:56,58.43,1.64,359.11,19.39,30.59
2020-05-17 23:00:56,56.44,0.69,335.12,18.23,29.7
2020-05-18 00:00:56,58.72,0.0,349.44,18.1,29.82
2020-05-18 01:00:56,44.76,1.43,267.13,17.47,29.52
2020-05-18 02:00:56,50.11,9.11,238.27,18.22,30.56
2020-05-18 03:00:56,47.6,0.54,223.67,17.53,30.49
2020-05-18 04:00:56,38.54,0.64,228.11,17.99,31.12
2020-05-18 05:00:56,37.0,0.97,351.46,17.83,32.14
2020-05-18 06:00:56,41.02,2.37,327.53,18.9,34.0
2020-05-18 07:00:56,52.08,30.57,295.04,18.43,34.89
2020-05-18 08:00:56,67.23,135.52,0.0,18.69,36.31
2020-05-18 09:00:56,85.72,107.26,472.42,19.56,37.97
2020-05-18 10:00:56,68.35,35.35,568.1,21.69,38.11
2020-05-18 11:00:56,85.03,11.48,362.69,24.68,39.07
2020-05-18 12:00:56,74.95,8.65,365.17,25.6,38.35
2020-05-18 13:00:56,85.01,38.0,295.34,24.58,36.06
2020-05-18 14:00:56,74.14,424.24,275.39,22.45,33.53
2020-05-18 15:00:56,65.67,261.01,315.83,20.24,31.41
2020-05-18 16:00:56,71.25,23.16,456.49,19.09,29.67
2020-05-18 17:00:56,66.02,12.98,371.91,18.81,29.39
2020-05-18 18:00:56,62.97,11.83,340.87,19.33,29.79
2020-05-18 19:00:56,73.95,38.94,451.65,18.77,29.37
2020-05-18 20:00:56,60.54,15.72,330.34,18.98,30.41
2020-05-18 21:00:56,69.07,10.59,504.89,18.95,30.36
2020-05-18 22:00:56,55.06,8.41,402.24,18.82,30.41
2020-05-18 23:00:56,50.57,5.67,475.02,19.52,31.07
2020-05-19 00:00:56,48.68,4.37,512.07,20.05,32.12
2020-05-19 01:00:56,60.08,3.74,368.32,20.43,33.77
2020-05-19 02:00:56,46.79,10.81,479.39,20.22,33.7
2020-05-19 03:00:56,44.68,2.97,305.09,19.95,33.31
2020-05-19 04:00:56,42.36,2.28,298.25,19.86,33.86
2020-05-19 05:00:56,41.0,2.8,312.94,19.27,32.84
2020-05-19 06:00:56,25.3,2.91,272.86,19.86,32.87
2020-05-19 07:00:56,38.15,12.55,308.27,19.55,31.64
2020-05-19 08:00:56,34.63,27.67,0.0,19.04,31.7
2020-05-19 09:00:56,34.23,19.98,387.57,18.35,30.48
2020-05-19 10:00:56,39.02,17.6,412.58,17.16,29.09
2020-05-19 11:00:56,24.15,8.88,407.23,16.83,28.63
2020-05-19 12:00:56,24.56,4.89,360.87,17.07,27.86
2020-05-19 13:00:56,33.34,7.09,274.55,17.23,27.67
2020-05-19 14:00:56,39.0,149.93,268.99,17.08,27.95
2020-05-19 15:00:56,34.26,56.39,213.76,17.25,27.94
2020-05-19 16:00:56,33.44,4.8,201.32,17.13,27.66
2020-05-19 17:00:56,27.54,3.19,255.33,17.34,27.55
2020-05-19 18:00:56,30.73,4.2,285.31,17.27,28.03
2020-05-19 19:00:56,27.6,4.56,321.75,18.2,28.29
2020-05-19 20:00:56,38.14,3.81,287.6,18.53,29.19
2020-05-19 21:00:56,37.79,6.77,348.07,19.36,29.77
2020-05-19 22:00:56,46.59,2.94,290.22,18.65,29.51
2020-05-19 23:00:56,41.92,2.29,285.11,18.47,29.89
2020-05-20 00:00:56,42.27,1.75,566.72,19.77,31.15
2020-05-20 01:00:56,48.39,1.64,497.77,20.05,33.64
2020-05-20 02:00:56,63.0,8.91,260.11,22.14,40.71
2020-05-20 03:00:56,64.29,1.17,328.15,21.38,40.7
2020-05-20 04:00:56,54.73,0.85,217.89,21.14,40.32
2020-05-20 05:00:56,56.49,1.07,277.74,20.2,38.42
2020-05-20 06:00:56,35.69,1.0,178.17,20.22,37.86
2020-05-20 07:00:56,33.96,1.76,159.21,20.46,38.33
2020-05-20 08:00:56,35.55,2.54,0.0,21.03,39.98
2020-05-20 09:00:56,32.84,3.15,432.67,21.45,39.46
2020-05-20 10:00:56,36.19,3.66,607.91,22.07,39.36
2020-05-20 11:00:56,30.41,2.55,538.45,22.39,37.9
2020-05-20 12:00:56,38.02,3.08,416.29,22.51,37.04
2020-05-20 13:00:56,43.38,90.57,445.02,23.66,36.57
2020-05-20 14:00:56,49.25,140.47,376.91,24.91,37.02
2020-05-20 15:00:56,98.66,71.6,436.94,28.0,40.64
2020-05-20 16:00:56,155.18,30.05,193.79,29.81,43.99
2020-05-20 17:00:56,152.6,4.91,230.7,27.71,40.52
2020-05-20 18:00:56,88.49,3.53,282.45,26.25,38.0
2020-05-20 19:00:56,91.93,3.39,640.97,24.71,36.54
2020-05-20 20:00:56,116.39,121.41,454.16,26.04,37.86
2020-05-20 21:00:56,198.19,15.52,411.67,25.35,36.77
2020-05-20 22:00:56,119.45,14.45,291.18,24.19,35.64
2020-05-20 23:00:56,112.86,10.12,520.19,24.33,36.29
2020-05-21 00:00:56,100.08,25.62,501.63,25.52,38.42
2020-05-21 01:00:56,109.56,16.72,427.77,27.48,42.15
2020-05-21 02:00:56,89.97,15.24,359.5,27.03,42.78
2020-05-21 03:00:56,106.74,4.44,392.56,24.5,39.69
2020-05-21 04:00:56,87.09,14.07,702.03,24.12,37.63
2020-05-21 05:00:56,73.64,17.93,708.36,22.28,35.46
2020-05-21 06:00:56,53.09,13.07,716.88,20.44,33.82
2020-05-21 07:00:56,48.95,26.17,696.99,20.44,33.93
2020-05-21 08:00:56,55.19,21.52,0.0,19.56,34.28
2020-05-21 09:00:56,52.0,7.87,221.04,21.04,34.61
2020-05-21 10:00:56,71.5,3.23,133.74,21.66,33.61
2020-05-21 11:00:56,75.96,15.52,522.62,21.82,33.93
2020-05-21 12:00:56,111.53,111.95,88.12,25.56,39.15
2020-05-21 13:00:56,131.04,42.83,0.0,25.37,38.2
2020-05-21 14:00:56,98.63,10.44,0.0,25.08,36.95
2020-05-21 15:00:56,0.0,9.85,0.0,24.26,35.92
2020-05-21 16:00:56,191.01,8.56,257.79,22.8,34.4
2020-05-21 17:00:56,124.68,45.87,408.69,22.0,33.31
2020-05-21 18:00:56,95.34,9.25,497.03,22.94,34.11
2020-05-21 19:00:56,84.62,8.75,356.97,23.87,35.65
2020-05-21 20:00:56,64.92,5.23,379.5,24.15,36.48
2020-05-21 21:00:56,67.58,5.18,507.14,23.87,35.64
2020-05-21 22:00:56,59.66,8.65,826.9,22.3,34.47
2020-05-21 23:00:56,58.26,7.26,502.4,24.46,36.53
2020-05-22 00:00:56,70.34,4.58,513.35,25.18,36.68
2020-05-22 01:00:56,67.63,5.22,394.51,24.09,35.6
2020-05-22 02:00:56,46.01,13.78,361.75,23.73,35.21
2020-05-22 03:00:56,44.22,6.98,462.11,21.44,32.74
2020-05-22 04:00:56,41.6,5.3,309.8,21.83,32.41
2020-05-22 05:00:56,37.65,3.52,460.06,21.32,32.19
2020-05-22 06:00:56,34.5,3.7,476.1,20.4,31.48
2020-05-22 07:00:56,33.81,3.67,467.66,21.6,32.1
2020-05-22 08:00:56,39.41,4.94,0.0,22.48,33.72
2020-05-22 09:00:56,35.41,4.51,486.95,23.26,34.07
2020-05-22 10:00:56,30.38,4.07,534.32,23.05,33.81
2020-05-22 11:00:56,46.89,5.28,330.43,23.29,34.44
2020-05-22 12:00:56,56.89,6.39,322.06,23.06,34.18
2020-05-22 13:00:56,44.85,4.83,363.0,22.62,33.35
2020-05-22 14:00:56,37.74,3.48,356.04,21.52,31.98
2020-05-22 15:00:56,37.26,2.02,414.08,20.18,30.84
2020-05-22 16:00:56,41.11,2.68,345.63,20.51,30.94
2020-05-22 17:00:56,51.27,2.12,356.52,21.64,32.41
2020-05-22 18:00:56,56.92,1.48,423.97,22.86,33.61
2020-05-22 19:00:56,49.01,1.48,353.81,22.69,33.98
2020-05-22 20:00:56,38.27,1.06,351.36,23.61,34.62
2020-05-22 21:00:56,25.5,1.23,526.32,22.37,33.51
2020-05-22 22:00:56,25.07,1.29,352.69,21.98,33.11
2020-05-22 23:00:56,34.55,0.61,339.26,23.04,34.06
2020-05-23 00:00:56,25.16,0.9,342.55,22.85,34.07
2020-05-23 01:00:56,25.12,0.45,312.54,21.7,33.26
2020-05-23 02:00:56,14.64,0.0,281.42,20.13,31.14
2020-05-23 03:00:56,7.33,0.0,266.15,19.18,30.18
2020-05-23 04:00:56,3.71,0.0,279.67,18.67,29.05
2020-05-23 05:00:56,3.77,0.79,191.23,18.22,28.56
2020-05-23 06:00:56,2.53,0.43,231.65,17.22,27.92
2020-05-23 07:00:56,2.82,0.0,267.07,16.94,27.42
2020-05-23 08:00:56,3.55,0.0,0.0,16.0,26.31
2020-05-23 09:00:56,3.87,0.59,312.23,16.09,26.64
2020-05-23 10:00:56,3.74,0.0,362.63,16.29,26.44
2020-05-23 11:00:56,7.85,0.0,428.94,16.31,26.67
2020-05-23 12:00:56,9.66,1.9,346.01,17.63,28.05
2020-05-23 13:00:56,10.24,8.95,487.5,17.55,27.49
2020-05-23 14:00:56,15.06,41.12,354.81,17.48,27.8
2020-05-23 15:00:56,21.59,18.32,195.68,16.77,27.49
2020-05-23 16:00:56,11.8,6.1,339.08,17.48,27.95
2020-05-23 17:00:56,13.74,2.64,405.16,17.1,27.53
2020-05-23 18:00:56,8.55,1.73,362.35,16.75,26.78
2020-05-23 19:00:56,13.18,4.24,370.39,18.12,28.02
2020-05-23 20:00:56,11.05,7.92,422.85,18.36,28.95
2020-05-23 21:00:56,22.64,2.59,426.46,18.74,29.18
2020-05-23 22:00:56,20.61,1.79,427.85,18.54,29.01
2020-05-23 23:00:56,38.4,1.13,415.69,19.67,30.15
2020-05-24 00:00:56,30.03,0.73,360.56,18.94,29.3
2020-05-24 01:00:56,32.66,0.87,397.89,18.38,28.43
2020-05-24 02:00:56,21.15,0.0,376.17,17.5,27.89
2020-05-24 03:00:56,11.16,0.0,314.77,16.65,27.03
2020-05-24 04:00:56,7.75,0.75,289.18,15.89,26.41
2020-05-24 05:00:56,16.87,0.76,314.88,16.22,26.47
2020-05-24 06:00:56,26.04,0.45,302.45,15.72,25.92
2020-05-24 07:00:56,14.45,0.47,382.96,15.39,25.74
2020-05-24 08:00:56,8.58,0.56,0.0,15.87,25.88
2020-05-24 09:00:56,10.21,0.0,348.03,15.84,26.06
2020-05-24 10:00:56,9.9,1.44,541.93,15.44,25.62
2020-05-24 11:00:56,16.22,0.0,454.04,14.72,24.91
2020-05-24 12:00:56,15.81,1.11,400.13,14.88,24.87
2020-05-24 13:00:56,10.22,0.62,522.78,13.94,24.3
2020-05-24 14:00:56,8.86,0.53,464.47,14.39,24.47
2020-05-24 15:00:56,7.55,1.01,462.83,14.38,24.45
2020-05-24 16:00:56,11.31,0.73,396.66,14.98,24.78
2020-05-24 17:00:56,18.53,1.11,0.0,14.79,24.71
2020-05-24 18:00:56,11.78,1.36,445.96,14.87,24.93
2020-05-24 19:00:56,13.51,3.0,415.31,15.4,25.01
2020-05-24 20:00:56,16.63,0.0,458.73,15.73,25.37
2020-05-24 21:00:56,18.16,0.0,417.94,15.4,25.63
2020-05-24 22:00:56,13.55,1.11,385.41,15.78,25.59
2020-05-24 23:00:56,13.62,0.97,416.08,15.38,25.38
2020-05-25 00:00:56,12.19,0.86,451.65,16.28,26.19
2020-05-25 01:00:56,24.4,0.42,479.05,15.97,26.46
2020-05-25 02:00:56,13.96,8.77,398.58,16.48,26.57
2020-05-25 03:00:56,9.46,0.58,285.62,15.66,25.48
2020-05-25 04:00:56,11.61,0.5,458.89,15.06,25.49
2020-05-25 05:00:56,9.45,0.0,392.68,14.47,24.66
2020-05-25 06:00:56,15.77,0.0,436.8,15.63,25.85
2020-05-25 07:00:56,9.23,0.0,55.77,15.15,25.6
2020-05-25 08:00:56,5.25,0.58,0.0,14.97,25.47
2020-05-25 09:00:56,4.16,0.53,260.56,15.89,25.79
2020-05-25 10:00:56,3.25,0.81,255.78,15.33,25.53
2020-05-25 11:00:56,11.21,1.67,294.85,15.41,25.36
2020-05-25 12:00:56,6.98,2.4,237.62,15.74,26.01
2020-05-25 13:00:56,9.82,3.45,307.24,15.21,25.79
2020-05-25 14:00:56,15.51,4.47,315.5,14.95,25.27
2020-05-25 15:00:56,10.14,1.91,432.27,15.41,25.41
2020-05-25 16:00:56,15.49,0.59,250.82,15.5,25.58
2020-05-25 17:00:56,9.65,34.04,248.08,14.88,25.12
2020-05-25 18:00:56,12.8,71.08,249.61,15.73,25.99
2020-05-25 19:00:56,16.52,8.07,435.54,16.09,26.09
2020-05-25 20:00:56,24.1,1.92,329.84,17.28,27.02
2020-05-25 21:00:56,21.43,1.0,275.03,17.93,28.28
2020-05-25 22:00:56,29.79,0.63,382.14,16.52,27.02
2020-05-25 23:00:56,21.77,0.87,262.56,17.19,27.44
2020-05-26 00:00:56,34.58,0.96,366.96,17.27,28.11
2020-05-26 01:00:56,20.16,1.31,252.38,18.63,30.06
2020-05-26 02:00:56,30.37,0.0,208.26,19.05,30.74
2020-05-26 03:00:56,27.0,0.0,197.26,18.09,30.0
2020-05-26 04:00:56,15.01,0.0,223.93,17.19,29.15
2020-05-26 05:00:56,15.14,0.0,190.4,16.6,28.48
2020-05-26 06:00:56,13.16,0.0,153.77,15.96,27.68
2020-05-26 07:00:56,15.31,0.84,282.92,15.12,27.51
2020-05-26 08:00:56,11.96,33.06,0.0,15.57,27.46
2020-05-26 09:00:56,7.84,37.51,344.89,16.59,27.71
2020-05-26 10:00:56,5.68,3.34,414.04,16.48,26.77
2020-05-26 11:00:56,10.86,1.42,442.0,15.31,25.44
2020-05-26 12:00:56,14.91,0.66,444.46,14.96,25.34
2020-05-26 13:00:56,8.41,1.3,441.37,15.49,25.61
2020-05-26 14:00:56,9.8,6.09,422.73,15.45,25.56
2020-05-26 15:00:56,25.94,15.76,829.08,15.5,25.82
2020-05-26 16:00:56,31.29,4.1,397.8,14.95,25.35
2020-05-26 17:00:56,21.49,4.37,386.06,15.67,25.82
2020-05-26 18:00:56,19.56,13.74,381.48,15.29,25.88
2020-05-26 19:00:56,19.92,2.94,404.32,16.25,26.55
2020-05-26 20:00:56,27.47,11.2,526.19,16.64,27.14
2020-05-26 21:00:56,26.3,3.64,541.2,16.12,26.78
2020-05-26 22:00:56,35.52,2.31,679.08,16.98,26.9
2020-05-26 23:00:56,19.6,3.66,346.11,16.72,26.93
2020-05-27 00:00:56,12.25,3.45,441.38,16.47,27.3
2020-05-27 01:00:56,7.85,2.58,446.75,17.51,28.36
2020-05-27 02:00:56,21.92,9.82,383.35,18.44,29.08
2020-05-27 03:00:56,16.89,1.69,285.25,18.42,28.56
2020-05-27 04:00:56,15.83,2.02,330.12,17.51,27.62
2020-05-27 05:00:56,13.7,1.02,322.18,17.69,27.88
2020-05-27 06:00:56,7.78,0.97,590.04,16.32,26.8
2020-05-27 07:00:56,5.78,1.4,353.8,15.53,26.26
2020-05-27 08:00:56,5.05,1.32,0.0,16.16,27.02
2020-05-27 09:00:56,7.52,0.95,388.22,16.47,27.37
2020-05-27 10:00:56,4.83,0.79,316.96,17.34,27.88
2020-05-27 11:00:56,6.46,1.05,422.12,17.85,28.56
2020-05-27 12:00:56,4.71,2.17,442.25,17.45,27.88
2020-05-27 13:00:56,12.84,2.7,297.29,18.94,28.67
2020-05-27 14:00:56,33.95,39.66,253.29,18.57,28.84
2020-05-27 15:00:56,34.16,35.09,256.1,18.79,29.57
2020-05-27 16:00:56,21.57,210.75,422.97,19.38,29.85
2020-05-27 17:00:56,27.36,43.71,454.44,18.86,29.66
2020-05-27 18:00:56,15.14,35.37,428.94,19.19,29.57
2020-05-27 19:00:56,29.22,7.38,520.96,19.77,30.45
2020-05-27 20:00:56,32.99,3.23,384.49,20.76,31.58
2020-05-27 21:00:56,32.76,2.4,418.03,20.72,31.29
2020-05-27 22:00:56,25.75,4.84,357.21,20.19,30.14
2020-05-27 23:00:56,29.42,3.2,289.07,19.75,30.44
2020-05-28 00:00:56,20.58,2.15,399.23,19.91,30.47
2020-05-28 01:00:56,19.02,1.92,277.23,19.7,30.08
2020-05-28 02:00:56,26.6,9.43,276.6,18.28,28.77
2020-05-28 03:00:56,28.78,1.79,259.68,18.39,28.51
2020-05-28 04:00:56,16.16,1.23,293.66,18.07,28.52
2020-05-28 05:00:56,13.29,1.0,317.93,18.43,28.51
2020-05-28 06:00:56,20.07,6.04,297.18,17.34,27.91
2020-05-28 07:00:56,10.64,6.08,308.58,16.96,27.37
2020-05-28 08:00:56,7.68,5.71,0.0,17.65,28.89
2020-05-28 09:00:56,6.79,5.52,403.88,18.33,29.49
2020-05-28 10:00:56,9.88,50.57,406.76,19.35,30.63
2020-05-28 11:00:56,22.3,19.74,297.06,19.57,30.4
2020-05-28 12:00:56,12.9,51.88,511.66,19.89,30.36
2020-05-28 13:00:56,22.09,12.59,507.88,18.99,29.48
2020-05-28 14:00:56,23.89,6.73,599.6,19.1,29.89
2020-05-28 15:00:56,13.68,4.38,506.78,19.63,30.23
2020-05-28 16:00:56,18.74,3.03,476.2,20.05,30.83
2020-05-28 17:00:56,14.88,2.59,551.61,21.13,31.48
2020-05-28 18:00:56,23.62,2.63,400.08,20.44,30.94
2020-05-28 19:00:56,19.68,1.8,367.07,20.73,31.11
2020-05-28 20:00:56,17.95,1.66,250.05,20.89,31.46
2020-05-28 21:00:56,10.47,1.99,338.49,20.54,30.66
2020-05-28 22:00:56,25.51,1.58,304.07,19.77,29.8
2020-05-28 23:00:56,22.38,1.5,301.46,19.46,29.86
2020-05-29 00:00:56,12.0,1.7,333.12,19.83,30.11
2020-05-29 01:00:56,11.46,1.63,348.65,19.83,30.31
2020-05-29 02:00:56,13.66,9.07,346.24,20.12,30.6
2020-05-29 03:00:56,25.18,1.01,284.01,19.19,29.62
2020-05-29 04:00:56,19.71,0.93,375.89,19.04,29.56
2020-05-29 05:00:56,11.63,1.16,280.01,19.34,29.92
2020-05-29 06:00:56,23.27,0.0,108.96,18.92,29.8
2020-05-29 07:00:56,16.64,0.0,280.77,19.43,30.06
2020-05-29 08:00:56,19.12,1.35,0.0,19.92,30.21
2020-05-29 09:00:56,11.67,1.53,342.0,21.86,32.55
2020-05-29 10:00:56,21.31,1.66,380.57,21.28,32.72
2020-05-29 11:00:56,13.18,2.16,420.1,22.81,33.82
2020-05-29 12:00:56,26.68,1.74,367.49,23.04,33.34
2020-05-29 13:00:56,23.16,1.82,360.31,22.35,32.82
2020-05-29 14:00:56,18.58,1.15,372.21,22.13,32.46
2020-05-29 15:00:56,29.61,1.35,396.68,22.63,32.84
2020-05-29 16:00:56,22.11,0.98,667.98,22.23,32.57
2020-05-29 17:00:56,29.05,4.67,374.7,22.52,32.82
2020-05-29 18:00:56,16.4,10.92,350.75,22.8,33.48
2020-05-29 19:00:56,15.56,9.2,442.53,23.57,34.78
2020-05-29 20:00:56,19.45,4.58,507.81,23.16,34.47
2020-05-29 21:00:56,29.95,5.38,412.19,24.04,35.39
2020-05-29 22:00:56,21.13,3.07,503.21,23.91,35.22
2020-05-29 23:00:56,19.4,1.94,437.16,23.68,35.25
2020-05-30 00:00:56,20.81,1.33,515.85,22.73,34.16
2020-05-30 01:00:56,12.06,1.01,441.45,22.62,34.4
2020-05-30 02:00:56,12.75,8.03,453.91,21.37,32.79
2020-05-30 03:00:56,7.9,0.88,378.09,19.76,32.26
2020-05-30 04:00:56,6.91,0.76,383.36,19.22,31.19
2020-05-30 05:00:56,5.32,0.65,343.41,18.86,31.16
2020-05-30 06:00:56,13.23,0.45,324.11,18.49,31.57
2020-05-30 07:00:56,9.68,1.23,402.17,18.8,31.43
2020-05-30 08:00:56,7.04,2.42,0.0,18.26,31.92
2020-05-30 09:00:56,4.38,1.79,309.52,19.89,32.84
2020-05-30 10:00:56,3.93,29.98,321.09,19.76,32.64
2020-05-30 11:00:56,16.96,11.68,325.53,18.9,31.47
2020-05-30 12:00:56,10.31,7.27,449.66,19.92,31.25
2020-05-30 13:00:56,10.73,166.54,183.86,20.02,30.59
2020-05-30 14:00:56,32.71,177.32,308.05,20.32,30.97
2020-05-30 15:00:56,35.46,83.08,289.08,19.46,29.89
2020-05-30 16:00:56,33.32,63.75,235.59,18.56,29.06
2020-05-30 17:00:56,24.7,17.24,398.82,18.34,28.7
2020-05-30 18:00:56,28.36,5.18,233.93,18.86,29.28
2020-05-30 19:00:56,40.27,3.45,289.13,19.9,30.37
2020-05-30 20:00:56,41.42,2.47,526.54,19.84,30.42
2020-05-30 21:00:56,21.97,0.92,370.93,19.52,29.69
2020-05-30 22:00:56,24.06,1.49,389.95,19.82,30.85
2020-05-30 23:00:56,40.26,1.6,233.12,22.28,34.37
2020-05-31 00:00:56,35.52,1.18,175.76,21.55,34.3
2020-05-31 01:00:56,18.19,1.25,239.46,20.62,32.61
2020-05-31 02:00:56,21.29,9.2,168.35,20.32,32.31
2020-05-31 03:00:56,16.94,0.97,142.82,19.94,31.84
2020-05-31 04:00:56,17.64,1.38,193.72,19.42,31.25
2020-05-31 05:00:56,10.12,0.6,144.89,18.89,30.94
2020-05-31 06:00:56,13.21,0.8,189.94,18.78,30.98
2020-05-31 07:00:56,7.19,2.15,318.18,17.4,30.21
2020-05-31 08:00:56,6.79,5.25,0.0,17.09,29.73
2020-05-31 09:00:56,13.26,37.24,313.98,17.72,30.22
2020-05-31 10:00:56,12.42,28.74,380.16,18.54,30.58
2020-05-31 11:00:56,16.43,3.2,388.48,17.37,28.75
2020-05-31 12:00:56,14.32,112.99,231.89,19.18,30.09
2020-05-31 13:00:56,29.82,8.78,401.29,20.25,31.38
2020-05-31 14:00:56,34.05,23.65,224.6,21.26,32.45
2020-05-31 15:00:56,34.79,5.05,213.73,19.51,30.67
2020-05-31 16:00:56,39.68,4.1,182.58,19.2,29.45
2020-05-31 17:00:56,37.61,29.35,223.78,19.01,29.35
2020-05-31 18:00:56,20.73,5.03,271.0,18.77,28.83
2020-05-31 19:00:56,28.32,3.76,574.19,19.46,29.61
2020-05-31 20:00:56,31.35,2.5,278.56,18.53,29.07
2020-05-31 21:00:56,36.19,1.48,483.34,19.28,29.32
2020-05-31 22:00:56,19.95,0.0,419.02,19.15,30.03
2020-05-31 23:00:56,28.67,1.63,367.68,18.44,29.36
2020-06-01 00:00:56,20.37,1.23,397.79,19.52,30.78
2020-06-01 01:00:56,30.7,1.57,349.77,21.15,32.77
2020-06-01 02:00:56,21.87,13.68,404.3,21.67,33.59
2020-06-01 03:00:56,31.8,0.96,377.71,21.62,33.87
2020-06-01 04:00:56,21.7,1.12,356.7,21.26,33.23
2020-06-01 05:00:56,22.34,1.11,359.56,20.35,31.78
2020-06-01 06:00:56,17.5,0.97,280.16,19.97,31.07
2020-06-01 07:00:56,18.71,1.31,321.5,19.65,31.73
2020-06-01 08:00:56,13.52,9.16,0.0,20.43,32.11
2020-06-01 09:00:56,29.17,18.33,472.3,21.85,33.58
2020-06-01 10:00:56,26.39,43.55,459.52,21.5,33.16
2020-06-01 11:00:56,15.95,28.78,409.51,21.85,33.67
2020-06-01 12:00:56,30.2,28.06,482.72,22.62,34.37
2020-06-01 13:00:56,39.04,12.34,344.09,22.41,33.97
2020-06-01 14:00:56,36.05,8.6,248.58,22.24,32.99
2020-06-01 15:00:56,25.8,4.42,251.74,21.84,32.92
2020-06-01 16:00:56,32.05,3.35,257.6,20.85,31.77
2020-06-01 17:00:56,40.04,2.95,427.07,21.33,32.13
2020-06-01 18:00:56,31.91,2.68,365.51,21.82,32.63
2020-06-01 19:00:56,43.89,1.56,463.25,21.78,32.17
2020-06-01 20:00:56,24.21,2.22,727.49,22.0,32.5
2020-06-01 21:00:56,24.5,2.31,398.2,23.11,33.88
2020-06-01 22:00:56,38.17,1.74,366.09,22.72,33.81
2020-06-01 23:00:56,20.02,1.18,319.2,22.18,34.04
2020-06-02 00:00:56,17.84,0.97,190.18,21.88,34.4
2020-06-02 01:00:56,13.55,1.04,482.46,21.5,34.6
2020-06-02 02:00:56,22.46,8.95,377.41,21.76,35.22
2020-06-02 03:00:56,18.81,0.0,294.52,20.71,34.35
2020-06-02 04:00:56,33.62,0.0,300.14,20.38,33.21
2020-06-02 05:00:56,19.07,0.72,367.34,19.03,31.66
2020-06-02 06:00:56,11.62,0.85,366.28,19.17,31.55
2020-06-02 07:00:56,8.7,0.6,462.32,19.29,31.22
2020-06-02 08:00:56,9.04,1.31,0.0,19.57,31.01
2020-06-02 09:00:56,5.99,2.4,374.71,19.86,31.96
2020-06-02 10:00:56,19.96,19.21,349.82,20.88,32.41
2020-06-02 11:00:56,16.33,17.29,402.25,21.28,32.38
2020-06-02 12:00:56,18.27,111.36,382.92,20.6,31.4
2020-06-02 13:00:56,25.13,55.11,408.03,20.1,31.03
2020-06-02 14:00:56,25.93,38.69,423.41,20.28,30.79
2020-06-02 15:00:56,29.85,9.64,393.99,20.24,30.72
2020-06-02 16:00:56,21.8,4.21,376.56,20.83,31.43
2020-06-02 17:00:56,27.65,3.38,359.82,21.51,32.35
2020-06-02 18:00:56,24.6,2.75,415.58,21.37,32.51
2020-06-02 19:00:56,21.28,1.82,481.56,21.32,32.82
2020-06-02 20:00:56,17.5,1.77,425.35,22.76,34.27
2020-06-02 21:00:56,23.84,1.82,333.87,23.08,35.08
2020-06-02 22:00:56,24.13,1.65,508.64,23.83,35.16
2020-06-02 23:00:56,15.27,1.49,373.05,24.3,35.78
2020-06-03 00:00:56,15.71,1.68,427.85,24.03,35.67
2020-06-03 01:00:56,18.67,1.35,306.32,23.48,35.37
2020-06-03 02:00:56,11.62,9.65,360.35,22.37,34.03
2020-06-03 03:00:56,7.14,1.17,284.15,20.53,32.07
2020-06-03 04:00:56,8.43,1.11,275.01,18.96,31.21
2020-06-03 05:00:56,9.32,0.91,312.32,18.83,30.54
2020-06-03 06:00:56,16.04,1.27,303.79,19.02,31.27
2020-06-03 07:00:56,22.69,1.26,449.45,17.52,30.55
2020-06-03 08:00:56,16.38,2.27,0.0,18.83,31.75
2020-06-03 09:00:56,23.37,15.56,532.27,19.01,31.79
2020-06-03 10:00:56,31.8,115.73,571.1,20.69,32.95
2020-06-03 11:00:56,35.64,132.17,580.92,20.66,33.13
2020-06-03 12:00:56,30.79,96.8,635.25,20.21,32.31
2020-06-03 13:00:56,31.1,327.39,639.62,21.07,32.73
2020-06-03 14:00:56,35.87,63.35,1115.04,21.34,31.91
2020-06-03 15:00:56,38.38,14.51,625.25,20.51,30.99
2020-06-03 16:00:56,21.64,15.88,596.53,20.85,30.97
2020-06-03 17:00:56,15.71,16.43,523.45,20.7,31.05
2020-06-03 18:00:56,10.27,37.09,491.94,21.11,31.69
2020-06-03 19:00:56,20.98,11.48,592.29,21.73,32.11
2020-06-03 20:00:56,32.1,11.48,673.38,21.07,31.62
2020-06-03 21:00:56,20.27,6.64,750.68,20.98,31.81
2020-06-03 22:00:56,26.47,4.86,689.32,21.94,33.39
2020-06-03 23:00:56,24.89,3.98,653.77,22.51,34.1
2020-06-04 00:00:56,24.7,3.92,663.47,21.7,34.06
2020-06-04 01:00:56,32.05,2.78,561.17,22.28,35.66
2020-06-04 02:00:56,39.68,10.38,605.83,23.18,37.59
2020-06-04 03:00:56,26.29,3.17,555.42,23.4,38.53
2020-06-04 04:00:56,38.89,2.37,512.42,23.67,38.5
2020-06-04 05:00:56,22.2,3.11,505.3,22.91,37.51
2020-06-04 06:00:56,23.01,2.25,402.26,21.66,36.25
2020-06-04 07:00:56,13.12,1.83,530.68,21.35,35.83
2020-06-04 08:00:56,28.43,1.76,0.0,21.5,36.29
2020-06-04 09:00:56,24.15,3.41,388.49,21.53,36.98
2020-06-04 10:00:56,18.28,6.05,425.75,21.87,36.0
2020-06-04 11:00:56,16.67,4.57,651.22,21.75,34.79
2020-06-04 12:00:56,10.49,3.07,477.03,20.3,33.2
2020-06-04 13:00:56,18.82,4.11,524.13,20.01,32.27
2020-06-04 14:00:56,12.24,6.5,392.62,19.59,31.21
2020-06-04 15:00:56,18.83,10.52,414.33,21.03,32.06
2020-06-04 16:00:56,21.95,24.36,602.09,21.49,31.6
2020-06-04 17:00:56,31.8,4.8,370.59,21.68,32.59
2020-06-04 18:00:56,40.29,2.67,662.4,21.73,32.4
2020-06-04 19:00:56,33.66,1.92,679.63,21.16,31.76
2020-06-04 20:00:56,29.55,2.24,935.92,21.12,32.18
2020-06-04 21:00:56,30.01,1.6,551.14,21.2,32.23
2020-06-04 22:00:56,23.01,0.92,486.92,20.18,31.73
2020-06-04 23:00:56,24.16,1.41,429.62,22.0,33.5
2020-06-05 00:00:56,27.04,1.2,435.83,22.09,34.52
2020-06-05 01:00:56,18.41,1.26,397.96,22.09,35.96
2020-06-05 02:00:56,19.89,8.7,331.64,22.79,37.85
2020-06-05 03:00:56,19.46,0.61,362.52,21.59,35.92
2020-06-05 04:00:56,15.04,0.86,307.44,20.34,34.84
2020-06-05 05:00:56,32.48,0.94,377.61,19.77,34.22
2020-06-05 06:00:56,30.67,0.85,466.46,18.41,33.23
2020-06-05 07:00:56,16.75,1.19,399.89,18.0,33.14
2020-06-05 08:00:56,9.84,108.45,0.0,18.74,34.21
2020-06-05 09:00:56,20.38,137.76,344.72,19.95,36.54
2020-06-05 10:00:56,36.82,84.15,404.22,21.65,37.98
2020-06-05 11:00:56,32.96,24.59,381.61,22.55,38.69
2020-06-05 12:00:56,18.1,10.83,344.28,23.66,39.07
2020-06-05 13:00:56,18.2,4.07,287.13,23.5,37.38
2020-06-05 14:00:56,27.06,2.93,312.88,23.6,36.16
2020-06-05 15:00:56,24.19,2.64,97.0,22.22,33.91
2020-06-05 16:00:56,19.65,0.0,128.75,21.05,31.96
2020-06-05 17:00:56,14.67,1.46,973.68,20.41,31.13
2020-06-05 18:00:56,15.41,1.69,131.73,19.58,30.44
2020-06-05 19:00:56,18.29,1.64,386.12,19.76,29.88
2020-06-05 20:00:56,22.51,2.87,172.82,19.58,30.42
2020-06-05 21:00:56,29.44,3.84,315.0,20.42,30.98
2020-06-05 22:00:56,39.84,1.5,542.68,19.98,31.45
2020-06-05 23:00:56,41.83,1.1,551.45,19.87,32.58
2020-06-06 00:00:56,43.31,1.8,413.06,21.64,35.27
2020-06-06 01:00:56,52.51,1.93,456.1,23.83,39.99
2020-06-06 02:00:56,51.49,8.77,378.1,24.15,41.83
2020-06-06 03:00:56,47.78,1.42,327.02,23.18,41.12
2020-06-06 04:00:56,39.05,0.98,0.0,22.32,40.63
2020-06-06 05:00:56,28.42,1.09,321.43,20.8,39.7
2020-06-06 06:00:56,17.69,1.02,305.36,20.06,38.8
2020-06-06 07:00:56,20.04,2.62,351.13,20.23,38.97
2020-06-06 08:00:56,12.42,16.07,0.0,20.52,38.99
2020-06-06 09:00:56,11.73,272.51,331.66,21.69,39.52
2020-06-06 10:00:56,38.99,170.39,476.84,22.87,39.52
2020-06-06 11:00:56,44.34,44.79,284.11,23.91,39.62
2020-06-06 12:00:56,37.15,57.51,214.01,23.77,37.8
2020-06-06 13:00:56,29.6,43.35,137.96,25.1,38.5
2020-06-06 14:00:56,62.67,14.34,0.0,25.19,36.88
2020-06-06 15:00:56,39.93,4.21,0.0,23.65,34.74
2020-06-06 16:00:56,39.9,3.08,0.0,22.48,33.83
2020-06-06 17:00:56,31.48,1.84,0.0,21.5,32.39
2020-06-06 18:00:56,32.01,1.43,0.0,20.16,30.79
2020-06-06 19:00:56,28.17,1.39,0.0,19.66,30.48
2020-06-06 20:00:56,29.92,7.59,92.26,20.87,31.89
2020-06-06 21:00:56,46.67,4.0,327.22,20.29,31.21
2020-06-06 22:00:56,57.93,4.22,360.18,21.91,33.13
2020-06-06 23:00:56,48.22,1.19,478.34,22.9,35.26
2020-06-07 00:00:56,29.28,1.79,535.61,22.05,35.06
2020-06-07 01:00:56,46.48,2.3,337.51,21.88,36.4
2020-06-07 02:00:56,55.9,14.65,295.34,21.19,36.61
2020-06-07 03:00:56,43.87,1.71,297.52,21.19,36.82
2020-06-07 04:00:56,41.37,2.11,335.9,20.53,37.4
2020-06-07 05:00:56,39.4,2.23,325.36,21.25,39.63
2020-06-07 06:00:56,21.88,1.95,316.05,21.05,40.77
2020-06-07 07:00:56,24.22,18.11,323.83,20.82,40.71
2020-06-07 08:00:56,42.29,20.81,0.0,21.89,41.92
2020-06-07 09:00:56,43.49,67.46,467.62,22.66,42.56
2020-06-07 10:00:56,46.02,305.89,551.53,23.64,42.66
2020-06-07 11:00:56,61.68,444.08,405.92,24.71,42.09
2020-06-07 12:00:56,77.28,595.01,285.36,25.08,40.86
2020-06-07 13:00:56,120.28,345.85,274.43,24.98,39.82
2020-06-07 14:00:56,108.64,297.28,238.27,24.25,37.7
2020-06-07 15:00:56,100.74,40.76,259.23,24.08,36.31
2020-06-07 16:00:56,71.36,20.3,232.48,22.7,34.23
2020-06-07 17:00:56,47.96,13.9,316.45,21.63,32.58
2020-06-07 18:00:56,34.94,14.22,386.33,20.05,31.55
2020-06-07 19:00:56,29.99,12.65,698.94,20.5,32.05
2020-06-07 20:00:56,31.74,8.42,732.75,19.83,31.12
2020-06-07 21:00:56,49.8,7.55,723.75,22.82,34.21
2020-06-07 22:00:56,64.66,5.46,717.94,25.88,40.48
2020-06-07 23:00:56,57.86,4.22,615.65,27.46,46.01
2020-06-08 00:00:56,62.58,3.62,449.38,28.59,50.37
2020-06-08 01:00:56,73.02,2.93,665.68,27.3,47.51
2020-06-08 02:00:56,47.55,11.22,587.08,26.09,45.1
2020-06-08 03:00:56,31.79,2.99,554.05,24.49,43.24
2020-06-08 04:00:56,42.72,2.32,314.42,22.67,40.12
2020-06-08 05:00:56,38.38,1.84,363.25,21.34,38.38
2020-06-08 06:00:56,23.05,2.17,231.66,20.62,36.8
2020-06-08 07:00:56,28.39,2.92,349.21,20.45,36.87
2020-06-08 08:00:56,20.77,3.49,0.0,21.56,37.84
2020-06-08 09:00:56,31.64,4.42,64.08,48.16,96.25
2020-06-08 10:00:56,37.09,5.98,164.06,34.03,43.67
2020-06-08 11:00:56,46.9,6.42,99.43,27.49,38.26
2020-06-08 12:00:56,38.81,10.17,301.08,23.94,34.59
2020-06-08 13:00:56,42.09,254.29,77.79,21.69,32.22
2020-06-08 14:00:56,49.2,218.48,0.0,21.33,31.74
2020-06-08 15:00:56,65.24,228.33,599.99,20.19,30.91
2020-06-08 16:00:56,61.03,31.45,572.06,20.38,31.06
2020-06-08 17:00:56,59.81,16.69,802.82,19.92,30.31
2020-06-08 18:00:56,47.44,111.63,949.41,19.92,30.69
2020-06-08 19:00:56,59.92,69.73,1242.58,20.59,31.11
2020-06-08 20:00:56,63.42,30.55,1131.84,22.92,33.74
2020-06-08 21:00:56,83.0,10.92,1325.77,24.55,35.26
2020-06-08 22:00:56,81.61,8.07,1124.02,24.15,34.99
2020-06-08 23:00:56,74.53,6.85,991.2,24.05,35.84
2020-06-09 00:00:56,77.28,4.74,919.29,25.92,39.6
2020-06-09 01:00:56,82.36,5.37,1036.28,25.38,39.19
2020-06-09 02:00:56,62.85,12.31,1251.56,23.31,35.98
2020-06-09 03:00:56,68.52,4.75,994.18,21.24,34.03
2020-06-09 04:00:56,59.96,3.8,980.96,21.16,33.49
2020-06-09 05:00:56,43.63,2.88,1023.68,20.55,32.72
2020-06-09 06:00:56,34.03,4.19,1015.06,19.09,31.59
2020-06-09 07:00:56,39.06,22.29,1176.24,21.51,36.03
2020-06-09 08:00:56,57.67,79.1,0.0,22.18,37.18
2020-06-09 09:00:56,50.56,137.09,1330.51,24.67,38.28
2020-06-09 10:00:56,81.69,13.77,1177.83,25.67,38.88
2020-06-09 11:00:56,0.0,0.0,0.0,0.0,0.0
2020-06-09 12:00:56,0.0,0.0,0.0,0.0,0.0
2020-06-09 13:00:56,41.6,0.0,0.0,23.56,35.18
2020-06-09 14:00:56,42.45,5.01,0.0,22.35,33.58
2020-06-09 15:00:56,54.99,34.34,0.0,22.63,33.48
2020-06-09 16:00:56,56.87,43.09,0.0,22.51,32.88
2020-06-09 17:00:56,61.05,9.02,0.0,21.09,31.62
2020-06-09 18:00:56,57.48,6.53,0.0,20.3,31.08
2020-06-09 19:00:56,44.49,4.8,0.0,19.97,30.56
2020-06-09 20:00:56,55.5,5.67,0.0,20.94,31.39
2020-06-09 21:00:56,62.04,7.18,0.0,22.22,33.26
2020-06-09 22:00:56,91.42,6.07,0.0,23.49,34.57
2020-06-09 23:00:56,102.52,4.16,0.0,23.89,35.21
2020-06-10 00:00:56,88.42,3.42,0.0,23.19,34.83
2020-06-10 01:00:56,74.55,2.09,0.0,22.63,34.72
2020-06-10 02:00:56,65.99,9.19,0.0,21.52,32.61
2020-06-10 03:00:56,54.86,2.61,0.0,20.17,31.35
2020-06-10 04:00:56,45.83,2.82,0.0,19.46,30.84
2020-06-10 05:00:56,50.51,1.74,0.0,19.1,30.5
2020-06-10 06:00:56,48.21,1.95,0.0,18.42,30.11
2020-06-10 07:00:56,44.7,5.66,0.0,19.97,32.66
2020-06-10 08:00:56,47.76,31.24,0.0,22.97,36.16
2020-06-10 09:00:56,61.34,140.23,0.0,23.8,37.34
2020-06-10 10:00:56,62.18,200.75,1165.8,24.48,37.65
2020-06-10 11:00:56,64.84,158.19,1163.47,23.78,36.64
2020-06-10 12:00:56,96.09,85.74,1015.03,24.75,36.25
2020-06-10 13:00:56,72.45,13.2,912.65,0.0,0.0
2020-06-10 14:00:56,46.81,10.05,748.92,22.06,32.71
2020-06-10 15:00:56,63.8,6.41,803.57,21.33,31.99
2020-06-10 16:00:56,56.57,11.07,984.89,20.85,31.83
2020-06-10 17:00:56,41.63,7.38,1101.35,21.35,32.25
2020-06-10 18:00:56,51.83,5.22,1160.08,21.96,32.66
2020-06-10 19:00:56,67.25,5.3,1289.23,23.24,34.67
2020-06-10 20:00:56,63.97,5.92,1351.36,24.63,35.99
2020-06-10 21:00:56,67.86,5.79,1124.63,24.67,36.31
2020-06-10 22:00:56,62.8,4.7,1157.36,24.48,36.08
2020-06-10 23:00:56,54.75,3.47,1302.17,23.55,35.61
2020-06-11 00:00:56,45.5,4.79,1303.24,22.28,34.3
2020-06-11 01:00:56,38.66,7.74,1352.08,22.25,34.44
2020-06-11 02:00:56,46.64,14.71,1376.64,22.69,34.83
2020-06-11 03:00:56,41.09,5.23,1559.52,21.6,33.76
2020-06-11 04:00:56,47.32,3.91,1263.45,20.79,32.95
2020-06-11 05:00:56,49.14,3.23,1230.21,19.93,31.57
2020-06-11 06:00:56,53.84,3.7,1264.55,19.21,30.96
2020-06-11 07:00:56,36.96,3.35,1373.88,19.69,30.92
2020-06-11 08:00:56,32.44,3.47,1288.81,19.41,30.47
2020-06-11 09:00:56,28.49,4.27,0.0,19.09,30.4
2020-06-11 10:00:56,39.12,5.39,1149.85,19.6,30.64
2020-06-11 11:00:56,35.3,3.68,1087.06,19.09,30.73
2020-06-11 12:00:56,24.24,48.46,947.29,20.22,31.51
2020-06-11 13:00:56,37.2,9.89,702.21,21.07,32.1
2020-06-11 14:00:56,42.0,7.1,631.83,20.55,31.54
2020-06-11 15:00:56,43.56,4.53,603.3,19.89,30.61
2020-06-11 16:00:56,48.54,26.37,946.13,18.85,29.97
2020-06-11 17:00:56,39.88,10.37,935.54,17.58,28.52
2020-06-11 18:00:56,42.62,11.26,1259.48,17.84,28.61
2020-06-11 19:00:56,42.92,7.25,1299.39,18.42,29.33
2020-06-11 20:00:56,44.47,4.67,1200.59,19.57,29.97
2020-06-11 21:00:56,43.31,3.72,1183.25,20.66,31.1
2020-06-11 22:00:56,49.9,3.39,1254.68,21.06,32.24
2020-06-11 23:00:56,59.31,2.76,1172.75,21.28,32.7
2020-06-12 00:00:56,50.45,3.08,1159.28,20.34,32.74
2020-06-12 01:00:56,54.72,2.81,1098.97,19.75,31.81
2020-06-12 02:00:56,37.77,10.42,1095.69,19.45,31.23
2020-06-12 03:00:56,35.66,2.19,1069.86,19.92,30.6
2020-06-12 04:00:56,19.83,2.55,1067.4,19.76,30.65
2020-06-12 05:00:56,13.35,5.46,1157.22,18.95,30.02
2020-06-12 06:00:56,9.31,3.41,1135.25,18.37,29.44
2020-06-12 07:00:56,19.2,2.99,1163.95,18.06,28.88
2020-06-12 08:00:56,20.44,2.42,1065.35,18.1,28.93
2020-06-12 09:00:56,11.65,3.34,0.0,19.14,30.12
2020-06-12 10:00:56,27.23,5.45,1111.29,20.45,31.86
2020-06-12 11:00:56,21.1,7.69,1180.66,21.0,32.01
2020-06-12 12:00:56,17.96,3.03,1036.57,20.56,31.34
2020-06-12 13:00:56,23.98,2.78,956.93,19.84,30.6
2020-06-12 14:00:56,39.41,10.2,987.15,19.58,30.29
2020-06-12 15:00:56,30.85,28.17,1150.8,19.45,30.12
2020-06-12 16:00:56,29.55,8.79,1156.17,19.2,29.74
2020-06-12 17:00:56,39.11,9.47,1324.03,18.59,28.98
2020-06-12 18:00:56,23.79,3.82,1324.78,18.39,28.4
2020-06-12 19:00:56,43.97,2.67,1305.15,17.98,28.04
2020-06-12 20:00:56,45.83,19.32,1257.88,19.4,29.31
2020-06-12 21:00:56,32.17,21.78,1398.35,20.3,31.06
2020-06-12 22:00:56,38.69,16.74,1734.82,20.4,31.31
2020-06-12 23:00:56,34.9,9.58,1811.7,19.87,30.8
2020-06-13 00:00:56,18.99,7.29,1582.67,19.07,30.15
2020-06-13 01:00:56,26.66,4.4,1462.39,18.62,29.23
2020-06-13 02:00:56,20.52,11.55,1498.1,18.49,29.1
2020-06-13 03:00:56,26.7,2.98,1416.19,17.53,28.37
2020-06-13 04:00:56,27.7,2.46,1673.67,16.73,28.22
2020-06-13 05:00:56,22.43,2.21,1294.06,17.14,28.68
2020-06-13 06:00:56,25.01,2.35,1423.29,17.75,29.16
2020-06-13 07:00:56,27.09,1.88,1306.06,18.16,29.99
2020-06-13 08:00:56,13.6,2.72,1462.55,20.04,32.2
2020-06-13 09:00:56,8.58,29.62,0.0,20.01,32.68
2020-06-13 10:00:56,15.67,306.76,0.0,21.33,33.76
2020-06-13 11:00:56,11.68,47.94,0.0,21.85,33.87
2020-06-13 12:00:56,24.37,24.59,0.0,22.57,33.72
2020-06-13 13:00:56,18.78,11.19,0.0,21.68,32.37
2020-06-13 14:00:56,34.82,6.94,0.0,20.0,30.82
2020-06-13 15:00:56,35.39,4.85,0.0,20.48,30.92
2020-06-13 16:00:56,20.13,3.52,0.0,19.9,30.61
2020-06-13 17:00:56,24.26,3.04,0.0,20.54,31.55
2020-06-13 18:00:56,14.64,3.24,0.0,21.38,32.67
2020-06-13 19:00:56,10.12,1.75,0.0,21.79,32.71
2020-06-13 20:00:56,14.19,2.09,0.0,20.59,31.43
2020-06-13 21:00:56,19.29,2.0,0.0,20.52,31.47
2020-06-13 22:00:56,24.26,2.08,0.0,21.2,33.07
2020-06-13 23:00:56,20.07,1.81,0.0,23.27,36.59
2020-06-14 00:00:56,11.15,1.44,0.0,23.81,37.26
2020-06-14 01:00:56,7.26,1.34,0.0,22.94,35.7
2020-06-14 02:00:56,5.74,10.02,0.0,20.61,33.58
2020-06-14 03:00:56,12.73,1.63,0.0,19.77,32.25
2020-06-14 04:00:56,10.28,1.84,0.0,19.51,31.71
2020-06-14 05:00:56,13.73,1.69,0.0,18.4,30.64
2020-06-14 06:00:56,12.14,1.49,0.0,19.44,32.1
2020-06-14 07:00:56,23.56,1.63,0.0,18.71,31.48
2020-06-14 08:00:56,25.55,2.05,0.0,19.79,32.99
2020-06-14 09:00:56,13.95,94.64,0.0,20.3,32.82
2020-06-14 10:00:56,10.36,74.89,1305.88,20.6,32.5
2020-06-14 11:00:56,13.66,23.52,1339.24,19.1,31.2
2020-06-14 12:00:56,8.16,17.24,1325.29,19.05,30.05
2020-06-14 13:00:56,23.4,60.49,1241.68,19.69,31.05
2020-06-14 14:00:56,23.74,13.21,1187.92,20.73,31.47
2020-06-14 15:00:56,27.82,70.66,1230.64,20.48,31.55
2020-06-14 16:00:56,23.95,18.88,1307.56,20.33,31.11
2020-06-14 17:00:56,25.22,6.25,1565.21,20.15,30.66
2020-06-14 18:00:56,16.38,6.23,1724.17,19.66,30.54
2020-06-14 19:00:56,14.96,5.38,1894.55,18.92,30.01
2020-06-14 20:00:56,16.53,4.22,1585.32,18.68,30.21
2020-06-14 21:00:56,18.61,3.15,1958.54,19.66,30.9
2020-06-14 22:00:56,26.91,2.65,1715.67,22.35,34.89
2020-06-14 23:00:56,37.15,2.62,1457.09,24.64,39.2
2020-06-15 00:00:56,37.43,2.5,1469.93,24.92,40.26
2020-06-15 01:00:56,27.09,2.13,1389.87,23.99,39.57
2020-06-15 02:00:56,25.83,14.45,1333.18,23.22,39.31
2020-06-15 03:00:56,39.49,2.17,1255.03,23.89,40.02
2020-06-15 04:00:56,29.84,2.14,1310.86,21.85,37.47
2020-06-15 05:00:56,28.97,1.84,1374.49,20.68,36.25
2020-06-15 06:00:56,16.31,2.69,1259.82,20.27,35.49
2020-06-15 07:00:56,16.29,5.65,1306.56,20.0,35.35
2020-06-15 08:00:56,20.99,11.38,1355.13,21.24,36.24
2020-06-15 09:00:56,12.59,17.48,0.0,21.72,35.1
2020-06-15 10:00:56,13.23,36.15,1318.44,21.91,34.66
2020-06-15 11:00:56,25.19,75.77,1156.51,23.27,35.51
2020-06-15 12:00:56,15.51,7.48,1181.38,21.8,34.23
2020-06-15 13:00:56,24.59,4.94,1055.4,20.94,32.17
2020-06-15 14:00:56,21.44,5.98,1051.12,20.69,31.61
2020-06-15 15:00:56,28.95,6.08,1020.89,21.16,31.89
2020-06-15 16:00:56,45.44,4.63,1101.12,21.44,32.33
2020-06-15 17:00:56,47.48,3.12,1357.62,22.07,33.06
2020-06-15 18:00:56,49.6,2.5,1248.45,21.93,32.84
2020-06-15 19:00:56,67.25,3.55,1239.12,22.29,33.22
2020-06-15 20:00:56,49.36,2.82,1399.34,20.97,31.95
2020-06-15 21:00:56,35.42,1.78,1453.14,19.8,30.94
2020-06-15 22:00:56,22.15,2.09,1237.18,20.05,31.14
2020-06-15 23:00:56,19.01,2.29,1372.71,20.57,32.21
2020-06-16 00:00:56,24.57,2.09,1442.3,21.52,34.53
2020-06-16 01:00:56,23.62,2.19,1221.95,21.53,34.78
2020-06-16 02:00:56,15.57,9.99,1181.61,21.83,34.73
2020-06-16 03:00:56,26.67,2.1,1239.99,20.31,33.68
2020-06-16 04:00:56,21.82,1.98,1168.79,20.24,33.47
2020-06-16 05:00:56,30.56,2.83,1132.69,20.44,33.78
2020-06-16 06:00:56,32.35,2.42,1263.07,19.47,32.82
2020-06-16 07:00:56,33.32,9.89,1186.96,19.11,32.57
2020-06-16 08:00:56,19.22,19.16,1344.68,19.8,32.63
2020-06-16 09:00:56,22.34,46.86,0.0,20.34,33.1
2020-06-16 10:00:56,26.89,19.63,964.42,22.04,34.57
2020-06-16 11:00:56,20.83,4.33,1120.47,23.13,33.6
2020-06-16 12:00:56,12.68,2.06,1156.23,22.69,32.88
2020-06-16 13:00:56,27.73,11.9,1084.23,21.7,31.86
2020-06-16 14:00:56,27.95,3.98,1072.13,22.8,33.34
2020-06-16 15:00:56,37.07,2.47,958.22,23.26,33.66
2020-06-16 16:00:56,40.54,16.52,1036.9,22.71,33.14
2020-06-16 17:00:56,37.08,5.15,1154.27,22.68,32.64
2020-06-16 18:00:56,24.47,1.7,1177.79,22.64,32.44
2020-06-16 19:00:56,37.96,0.0,1325.01,22.39,32.15
2020-06-16 20:00:56,36.89,0.0,1446.42,22.58,32.47
2020-06-16 21:00:56,42.32,0.0,1968.35,25.01,34.84
2020-06-16 22:00:56,47.87,0.0,1155.68,26.21,36.39
2020-06-16 23:00:56,48.69,0.0,1452.32,26.87,37.55
2020-06-17 00:00:56,30.71,0.0,1358.91,27.02,37.35
2020-06-17 01:00:56,37.1,0.0,1357.44,24.92,35.59
2020-06-17 02:00:56,46.95,0.0,1353.93,23.88,34.37
2020-06-17 03:00:56,38.75,0.0,1451.5,22.42,32.54
2020-06-17 04:00:56,30.43,0.0,1106.48,21.41,31.65
2020-06-17 05:00:56,22.02,0.0,1183.26,19.94,30.19
2020-06-17 06:00:56,12.7,0.0,1068.77,19.08,29.66
2020-06-17 07:00:56,12.4,0.0,1050.14,18.89,29.56
2020-06-17 08:00:56,20.08,0.0,1238.79,18.27,29.3
2020-06-17 09:00:56,18.35,11.44,0.0,18.9,29.68
2020-06-17 10:00:56,22.21,14.13,1121.76,20.31,30.65
2020-06-17 11:00:56,40.21,3.6,1010.93,21.27,32.14
2020-06-17 12:00:56,43.01,0.0,983.86,21.72,32.51
2020-06-17 13:00:56,23.44,0.0,873.49,21.6,31.51
2020-06-17 14:00:56,24.13,0.82,716.04,22.04,31.88
2020-06-17 15:00:56,23.16,0.0,871.39,20.9,31.17
2020-06-17 16:00:56,29.87,0.0,590.1,20.24,30.63
2020-06-17 17:00:56,32.11,0.0,1113.87,19.31,30.28
2020-06-17 18:00:56,59.3,0.0,1091.89,20.0,30.41
2020-06-17 19:00:56,53.06,0.0,1204.74,19.47,29.61
2020-06-17 20:00:56,38.07,1.82,1187.03,20.32,30.14
2020-06-17 21:00:56,42.2,2.17,1113.28,20.76,30.45
2020-06-17 22:00:56,29.93,0.0,994.36,20.25,30.34
2020-06-17 23:00:56,35.69,1.05,911.52,21.33,31.0
2020-06-18 00:00:56,40.33,0.0,902.06,21.71,32.12
2020-06-18 01:00:56,45.45,0.0,1059.31,24.65,35.21
2020-06-18 02:00:56,53.97,0.0,1131.96,24.24,35.03
2020-06-18 03:00:56,51.2,0.0,1117.06,22.51,33.07
2020-06-18 04:00:56,33.03,0.0,1227.45,21.55,31.63
2020-06-18 05:00:56,33.35,0.0,899.51,20.72,31.05
2020-06-18 06:00:56,34.72,13.85,779.32,21.62,31.89
2020-06-18 07:00:56,27.76,44.77,897.92,21.02,31.47
2020-06-18 08:00:56,29.06,21.22,974.38,20.97,31.83
2020-06-18 09:00:56,16.4,31.63,0.0,21.27,31.86
2020-06-18 10:00:56,29.55,121.74,1169.39,21.88,32.68
2020-06-18 11:00:56,36.65,53.49,1151.71,22.53,33.36
2020-06-18 12:00:56,46.23,5.85,1181.35,22.94,33.75
2020-06-18 13:00:56,49.76,3.31,1314.59,21.84,32.15
2020-06-18 14:00:56,40.0,2.87,1209.41,21.52,31.46
2020-06-18 15:00:56,41.32,3.52,1130.8,20.47,30.44
2020-06-18 16:00:56,32.25,105.72,1224.46,20.09,30.14
2020-06-18 17:00:56,44.53,138.0,1170.87,20.43,30.49
2020-06-18 18:00:56,49.21,49.92,1332.97,20.15,29.88
2020-06-18 19:00:56,46.38,10.44,1707.67,19.49,29.4
2020-06-18 20:00:56,52.59,4.88,1844.18,19.93,29.34
2020-06-18 21:00:56,47.6,2.79,1536.13,19.13,28.82
2020-06-18 22:00:56,44.05,0.59,1636.46,19.53,29.35
2020-06-18 23:00:56,37.16,0.96,1636.92,20.65,30.23
2020-06-19 00:00:56,24.62,0.0,1467.36,20.47,30.35
2020-06-19 01:00:56,31.17,0.0,1518.64,19.76,30.01
2020-06-19 02:00:56,29.65,0.0,1557.29,19.25,29.19
2020-06-19 03:00:56,26.87,0.0,1565.71,17.88,27.91
2020-06-19 04:00:56,18.53,0.0,1631.6,17.33,27.77
2020-06-19 05:00:56,20.4,0.0,1675.54,16.45,26.14
2020-06-19 06:00:56,23.78,0.0,1760.74,18.07,28.19
2020-06-19 07:00:56,26.87,0.0,1583.84,17.17,27.13
2020-06-19 08:00:56,19.53,4.98,1551.09,17.7,27.66
2020-06-19 09:00:56,16.65,11.35,0.0,17.95,28.43
2020-06-19 10:00:56,30.13,2.29,1136.14,20.21,30.18
2020-06-19 11:00:56,32.54,12.91,1280.08,20.69,30.93
2020-06-19 12:00:56,29.06,4.03,1185.15,18.73,29.35
2020-06-19 13:00:56,32.45,1.85,1012.34,19.16,29.77
2020-06-19 14:00:56,25.87,90.2,871.76,18.13,29.0
2020-06-19 15:00:56,34.51,80.81,829.94,19.0,29.45
2020-06-19 16:00:56,36.05,114.48,1008.84,19.8,30.11
2020-06-19 17:00:56,50.68,14.3,1387.23,20.91,30.98
2020-06-19 18:00:56,32.08,0.0,1148.43,21.49,34.19
2020-06-19 19:00:56,26.81,4.68,1556.64,18.91,31.45
2020-06-19 20:00:56,34.75,3.1,1781.88,26.02,39.48
2020-06-19 21:00:56,34.16,2.65,1644.56,28.77,42.08
2020-06-19 22:00:56,38.15,2.05,1783.83,26.15,38.51
2020-06-19 23:00:56,40.85,1.51,1630.55,27.29,38.96
2020-06-20 00:00:56,36.01,0.93,1727.02,19.5,29.77
2020-06-20 01:00:56,34.28,0.84,1866.37,32.74,43.33
2020-06-20 02:00:56,32.57,8.95,1822.22,17.3,27.16
2020-06-20 03:00:56,17.51,0.63,1932.61,13.39,23.71
2020-06-20 04:00:56,19.57,0.48,1892.13,13.81,23.97
2020-06-20 05:00:56,18.81,0.45,1998.01,16.98,26.6
2020-06-20 06:00:56,11.96,0.68,2111.07,14.6,24.2
2020-06-20 07:00:56,20.41,0.97,1752.59,46.58,63.8
2020-06-20 08:00:56,33.47,1.02,1880.05,21.93,33.36
2020-06-20 09:00:56,22.17,0.88,0.0,19.83,32.18
2020-06-20 10:00:56,15.24,13.45,1209.74,13.75,25.05
2020-06-20 11:00:56,14.85,9.89,1181.24,16.06,28.83
2020-06-20 12:00:56,19.72,19.12,1037.4,16.71,27.95
2020-06-20 13:00:56,23.88,5.56,1103.85,13.64,24.8
2020-06-20 14:00:56,22.15,43.03,1203.69,15.26,27.11
2020-06-20 15:00:56,31.73,8.07,831.54,15.75,27.62
2020-06-20 16:00:56,25.91,2.98,895.24,20.34,33.5
2020-06-20 17:00:56,34.91,2.09,1042.47,20.01,31.89
2020-06-20 18:00:56,36.54,1.92,1209.73,21.69,33.57
2020-06-20 19:00:56,41.09,1.69,1262.72,25.11,36.84
2020-06-20 20:00:56,46.82,1.22,1303.94,22.07,32.66
2020-06-20 21:00:56,30.9,2.23,1325.98,39.01,51.35
2020-06-20 22:00:56,55.81,3.14,1212.46,20.67,30.59
2020-06-20 23:00:56,31.96,2.13,1826.53,19.91,30.51
2020-06-21 00:00:56,22.15,0.79,1426.36,22.68,33.63
2020-06-21 01:00:56,33.58,0.6,1306.95,23.71,35.17
2020-06-21 02:00:56,34.49,8.62,1449.85,33.69,43.96
2020-06-21 03:00:56,31.48,0.94,1379.18,20.22,30.5
2020-06-21 04:00:56,31.67,0.77,1495.09,15.83,25.26
2020-06-21 05:00:56,27.53,0.65,1265.1,20.4,30.31
2020-06-21 06:00:56,21.38,0.74,1594.59,16.89,27.19
2020-06-21 07:00:56,18.83,9.14,1250.61,22.52,34.83
2020-06-21 08:00:56,30.91,17.7,1309.57,23.32,35.95
2020-06-21 09:00:56,18.7,81.43,0.0,17.31,28.61
2020-06-21 10:00:56,30.4,170.06,1304.44,20.22,32.21
2020-06-21 11:00:56,58.72,74.59,0.0,20.25,33.73
2020-06-21 12:00:56,41.8,87.57,0.0,17.68,30.51
2020-06-21 13:00:56,46.21,20.03,0.0,15.34,26.95
2020-06-21 14:00:56,42.1,74.87,0.0,15.31,27.08
2020-06-21 15:00:56,38.22,5.99,0.0,14.52,25.46
2020-06-21 16:00:56,19.62,3.15,0.0,14.31,24.38
2020-06-21 17:00:56,21.77,3.33,0.0,16.38,28.43
2020-06-21 18:00:56,25.23,2.5,1034.93,16.29,26.98
2020-06-21 19:00:56,17.59,2.11,1202.61,16.69,28.09
2020-06-21 20:00:56,30.7,1.72,1291.86,26.59,40.63
2020-06-21 21:00:56,24.9,1.97,1299.96,28.62,39.67
2020-06-21 22:00:56,45.3,2.0,1270.02,27.57,37.46
2020-06-21 23:00:56,36.53,0.71,1194.75,28.29,39.01
2020-06-22 00:00:56,22.64,0.84,1278.17,26.0,36.23
2020-06-22 01:00:56,25.74,0.52,1356.3,40.78,52.4
2020-06-22 02:00:56,33.23,8.87,1379.29,28.63,38.83
2020-06-22 03:00:56,30.77,0.56,989.38,16.43,26.39
2020-06-22 04:00:56,31.26,0.51,1055.55,27.26,37.68
2020-06-22 05:00:56,22.09,0.35,1218.87,20.83,30.26
2020-06-22 06:00:56,19.32,0.92,972.7,20.55,30.45
2020-06-22 07:00:56,17.06,3.07,1069.77,18.21,28.32
2020-06-22 08:00:56,10.89,4.05,1170.77,24.23,39.43
2020-06-22 09:00:56,17.98,3.85,0.0,32.01,54.17
2020-06-22 10:00:56,34.97,96.28,1520.09,25.24,41.62
2020-06-22 11:00:56,47.7,252.98,1337.09,28.67,44.26
2020-06-22 12:00:56,65.43,101.36,1317.34,24.89,40.25
2020-06-22 13:00:56,46.33,103.12,807.55,18.31,31.84
2020-06-22 14:00:56,42.24,21.04,940.01,18.96,32.5
2020-06-22 15:00:56,25.87,23.53,882.7,21.09,34.18
2020-06-22 16:00:56,37.42,9.48,1070.9,19.35,31.59
2020-06-22 17:00:56,44.77,3.6,923.59,16.84,30.02
2020-06-22 18:00:56,24.34,2.24,1143.45,14.21,27.2
2020-06-22 19:00:56,32.84,2.01,1173.47,18.64,31.84
2020-06-22 20:00:56,28.34,2.0,1296.65,24.83,38.29
2020-06-22 21:00:56,39.63,1.29,1465.93,25.14,39.21
2020-06-22 22:00:56,44.72,1.6,1600.63,17.69,29.94
2020-06-22 23:00:56,40.91,0.76,0.0,19.49,33.53
2020-06-23 00:00:56,42.37,0.88,1375.77,20.02,33.92
2020-06-23 01:00:56,29.58,0.69,1348.72,23.25,34.17
2020-06-23 02:00:56,33.33,12.94,1349.06,16.95,27.62
2020-06-23 03:00:56,19.94,0.46,1472.4,15.75,25.41
2020-06-23 04:00:56,32.98,0.74,0.0,14.39,25.02
2020-06-23 05:00:56,22.2,0.54,1495.38,15.6,25.35
2020-06-23 06:00:56,38.6,0.33,1630.15,13.73,23.61
2020-06-23 07:00:56,24.85,4.6,1497.54,13.97,24.35
2020-06-23 08:00:56,20.48,68.94,1481.15,14.37,26.89
2020-06-23 09:00:56,39.28,14.21,0.0,17.47,31.78
2020-06-23 10:00:56,29.87,10.01,1561.94,18.44,32.18
2020-06-23 11:00:56,32.29,48.93,1600.59,16.78,29.97
2020-06-23 12:00:56,31.38,116.21,1550.59,20.58,34.49
2020-06-23 13:00:56,40.0,52.05,1425.88,15.74,28.88
2020-06-23 14:00:56,37.39,8.28,1470.74,14.69,28.51
2020-06-23 15:00:56,38.32,4.95,1345.73,15.94,29.81
2020-06-23 16:00:56,37.44,3.62,1421.38,16.88,30.01
2020-06-23 17:00:56,33.42,2.9,1257.98,18.43,32.0
2020-06-23 18:00:56,41.95,2.03,1288.41,18.54,32.1
2020-06-23 19:00:56,34.24,1.11,1508.05,24.27,38.3
2020-06-23 20:00:56,37.38,1.0,1646.62,23.64,36.13
2020-06-23 21:00:56,30.23,1.03,1556.46,20.84,35.61
2020-06-23 22:00:56,40.87,1.32,1693.55,24.63,40.46
2020-06-23 23:00:56,37.4,0.33,1726.26,18.53,30.21
2020-06-24 00:00:56,43.09,1.2,1548.65,23.15,33.93
2020-06-24 01:00:56,29.42,0.8,1373.74,17.11,27.18
2020-06-24 02:00:56,25.27,8.49,1515.71,15.37,25.47
2020-06-24 03:00:56,15.28,0.68,2096.35,12.3,21.59
2020-06-24 04:00:56,19.06,0.57,1584.42,21.8,32.99
2020-06-24 05:00:56,21.17,0.35,1642.25,18.88,28.62
2020-06-24 06:00:56,23.05,0.49,1829.26,15.53,25.79
2020-06-24 07:00:56,21.9,0.89,1781.35,17.79,29.61
2020-06-24 08:00:56,59.32,24.67,1660.1,22.71,39.72
2020-06-24 09:00:56,30.73,7.54,0.0,27.87,44.36
2020-06-24 10:00:56,20.72,76.06,1224.77,29.48,52.78
2020-06-24 11:00:56,27.23,8.18,1153.72,23.96,38.17
2020-06-24 12:00:56,15.16,106.58,998.07,23.84,37.6
2020-06-24 13:00:56,24.33,44.0,1047.95,20.04,33.56
2020-06-24 14:00:56,33.04,5.25,1008.16,17.87,29.93
2020-06-24 15:00:56,34.13,1.87,0.0,22.25,35.37
2020-06-24 16:00:56,28.35,1.22,0.0,20.75,33.84
2020-06-24 17:00:56,38.67,1.01,0.0,21.27,33.66
2020-06-24 18:00:56,33.94,0.92,0.0,24.58,36.71
2020-06-24 19:00:56,43.94,20.92,0.0,22.62,34.41
2020-06-24 20:00:56,29.48,24.44,0.0,20.92,31.53
2020-06-24 21:00:56,26.27,5.74,0.0,35.59,47.14
2020-06-24 22:00:56,31.99,4.21,0.0,35.8,45.33
2020-06-24 23:00:56,36.24,1.99,0.0,35.23,44.99
2020-06-25 00:00:56,27.49,1.21,0.0,33.54,43.41
2020-06-25 01:00:56,40.8,0.49,0.0,24.78,34.31
2020-06-25 02:00:56,26.97,8.33,0.0,24.1,33.32
2020-06-25 03:00:56,31.02,0.49,0.0,18.62,28.38
2020-06-25 04:00:56,34.02,0.46,0.0,15.02,24.34
2020-06-25 05:00:56,19.53,0.62,0.0,14.21,24.12
2020-06-25 06:00:56,16.9,0.32,0.0,13.78,22.97
2020-06-25 07:00:56,14.8,1.46,0.0,17.2,27.02
2020-06-25 08:00:56,13.75,5.53,0.0,20.94,33.48
2020-06-25 09:00:56,15.61,1.86,0.0,23.77,37.4
2020-06-25 10:00:56,16.36,10.18,1034.9,25.9,40.08
2020-06-25 11:00:56,25.25,38.88,972.22,22.87,36.87
2020-06-25 12:00:56,17.01,56.13,927.67,19.39,33.38
2020-06-25 13:00:56,26.03,30.03,818.84,17.18,29.3
2020-06-25 14:00:56,21.42,30.49,711.27,18.18,31.72
2020-06-25 15:00:56,15.9,7.4,860.16,16.5,29.08
2020-06-25 16:00:56,23.67,5.37,680.01,18.38,31.84
2020-06-25 17:00:56,23.44,2.83,921.63,17.92,30.01
2020-06-25 18:00:56,18.42,1.9,1079.38,19.13,32.46
2020-06-25 19:00:56,15.71,1.4,1268.31,20.74,33.31
2020-06-25 20:00:56,22.18,1.27,1327.8,23.47,34.83
2020-06-25 21:00:56,49.05,0.85,1431.0,23.6,35.34
2020-06-25 22:00:56,30.75,0.91,1723.27,27.16,37.84
2020-06-25 23:00:56,36.91,1.01,1370.95,18.24,28.4
2020-06-26 00:00:56,22.08,0.72,1477.18,19.64,28.45
2020-06-26 01:00:56,25.28,0.45,1433.8,21.85,31.57
2020-06-26 02:00:56,15.35,6.93,1420.61,19.16,28.66
2020-06-26 03:00:56,15.59,0.8,1553.05,16.21,26.12
2020-06-26 04:00:56,14.49,0.57,1409.46,14.36,23.15
2020-06-26 05:00:56,22.15,0.47,1412.45,14.03,22.91
2020-06-26 06:00:56,15.1,0.65,1460.52,36.43,48.34
2020-06-26 07:00:56,13.05,0.68,1273.57,35.26,46.05
2020-06-26 08:00:56,27.59,0.7,1489.83,26.66,39.59
2020-06-26 09:00:56,23.81,0.8,0.0,25.06,37.44
2020-06-26 10:00:56,22.67,0.9,1319.27,19.32,31.95
2020-06-26 11:00:56,18.99,0.86,1284.15,18.12,29.9
2020-06-26 12:00:56,20.79,1.8,1063.53,15.48,27.63
2020-06-26 13:00:56,18.97,4.64,930.6,14.28,26.13
2020-06-26 14:00:56,20.4,3.83,973.23,16.86,30.56
2020-06-26 15:00:56,20.76,2.71,981.69,14.37,26.22
2020-06-26 16:00:56,24.53,2.19,1124.14,13.72,26.47
2020-06-26 17:00:56,22.5,2.67,1093.84,15.42,26.89
2020-06-26 18:00:56,19.33,1.38,1682.59,20.12,32.45
2020-06-26 19:00:56,21.75,0.91,1663.06,21.39,33.28
2020-06-26 20:00:56,27.98,0.72,1533.43,25.0,36.44
2020-06-26 21:00:56,44.61,1.21,1548.41,23.73,34.18
2020-06-26 22:00:56,41.6,1.17,1657.52,21.72,31.67
2020-06-26 23:00:56,49.88,1.18,1665.41,20.71,29.95
2020-06-27 00:00:56,53.91,1.19,1585.24,31.88,41.21
2020-06-27 01:00:56,38.03,0.0,1487.32,18.14,27.01
2020-06-27 02:00:56,23.18,0.0,1559.3,13.75,23.03
2020-06-27 03:00:56,34.95,0.71,1538.42,13.78,22.2
2020-06-27 04:00:56,30.31,0.93,1458.04,15.12,23.89
2020-06-27 05:00:56,27.59,0.61,1421.88,16.39,25.39
2020-06-27 06:00:56,18.91,0.7,1382.41,18.78,27.86
2020-06-27 07:00:56,26.56,0.76,1426.81,21.23,31.08
2020-06-27 08:00:56,33.8,0.59,1275.07,18.19,27.97
2020-06-27 09:00:56,27.88,1.17,0.0,22.27,33.84
2020-06-27 10:00:56,22.08,1.29,1018.43,15.14,25.92
2020-06-27 11:00:56,40.89,1.32,1053.42,15.79,26.98
2020-06-27 12:00:56,49.64,1.82,666.58,14.58,25.46
2020-06-27 13:00:56,37.54,1.78,561.99,14.39,24.87
2020-06-27 14:00:56,32.14,0.82,421.37,15.45,26.5
2020-06-27 15:00:56,33.52,0.89,457.78,17.32,28.88
2020-06-27 16:00:56,52.19,0.96,553.66,19.75,32.89
2020-06-27 17:00:56,61.49,0.72,515.96,18.51,30.86
2020-06-27 18:00:56,61.93,0.96,701.38,18.9,30.92
2020-06-27 19:00:56,63.43,0.97,724.21,19.62,31.97
2020-06-27 20:00:56,65.53,2.12,741.49,23.47,34.46
2020-06-27 21:00:56,66.03,1.16,1455.97,25.52,35.17
2020-06-27 22:00:56,63.99,1.13,1042.81,25.65,36.51
2020-06-27 23:00:56,64.85,0.84,853.0,38.02,47.87
2020-06-28 00:00:56,55.47,0.96,1011.5,30.72,40.17
2020-06-28 01:00:56,45.06,0.45,1157.2,29.95,41.81
2020-06-28 02:00:56,41.63,8.47,0.0,17.13,26.05
2020-06-28 03:00:56,31.67,0.41,1097.21,15.23,24.67
2020-06-28 04:00:56,30.28,0.54,1164.38,15.06,23.86
2020-06-28 05:00:56,31.83,0.59,1211.96,16.19,25.12
2020-06-28 06:00:56,24.68,0.75,946.89,16.78,25.39
2020-06-28 07:00:56,25.82,0.51,1004.96,15.78,24.81
2020-06-28 08:00:56,25.75,0.94,973.81,17.99,27.45
2020-06-28 09:00:56,20.1,5.06,0.0,25.19,35.51
2020-06-28 10:00:56,37.09,2.01,1061.47,16.92,26.48
2020-06-28 11:00:56,42.59,1.24,1086.97,16.21,25.78
2020-06-28 12:00:56,31.99,27.92,836.59,13.26,23.78
2020-06-28 13:00:56,30.34,9.55,733.89,11.65,21.45
2020-06-28 14:00:56,29.89,192.46,643.5,14.33,24.79
2020-06-28 15:00:56,32.04,187.32,630.63,14.24,24.85
2020-06-28 16:00:56,43.13,31.29,681.66,13.82,24.8
2020-06-28 17:00:56,28.64,7.19,801.92,11.26,21.61
2020-06-28 18:00:56,17.45,3.47,1237.05,13.87,24.4
2020-06-28 19:00:56,34.06,2.35,1027.73,17.92,29.7
2020-06-28 20:00:56,41.06,1.72,1149.87,20.4,30.81
2020-06-28 21:00:56,38.84,1.09,1407.1,30.99,43.8
2020-06-28 22:00:56,50.64,1.16,1361.76,32.27,43.17
2020-06-28 23:00:56,50.22,1.16,1349.11,34.95,48.02
2020-06-29 00:00:56,50.52,0.69,1389.53,34.24,46.84
2020-06-29 01:00:56,44.12,1.02,1219.07,17.63,26.32
2020-06-29 02:00:56,29.39,8.82,1334.36,17.69,26.62
2020-06-29 03:00:56,28.48,0.73,1249.49,22.75,31.67
2020-06-29 04:00:56,35.6,1.43,1341.13,16.05,25.1
2020-06-29 05:00:56,35.62,2.44,1564.74,20.0,29.52
2020-06-29 06:00:56,36.25,2.53,1389.65,21.45,30.72
2020-06-29 07:00:56,27.36,4.0,1300.35,17.89,27.97
2020-06-29 08:00:56,24.85,7.39,1283.71,17.75,30.34
2020-06-29 09:00:56,24.97,84.15,0.0,20.24,31.6
2020-06-29 10:00:56,41.88,212.84,990.58,23.44,35.76
2020-06-29 11:00:56,57.04,215.99,1183.78,26.78,40.02
2020-06-29 12:00:56,57.22,162.49,896.62,21.99,35.22
2020-06-29 13:00:56,48.23,115.4,826.56,18.54,29.82
2020-06-29 14:00:56,46.82,86.27,743.78,20.67,33.4
2020-06-29 15:00:56,50.88,156.66,715.11,24.23,37.72
2020-06-29 16:00:56,55.32,156.11,413.21,31.1,47.53
2020-06-29 17:00:56,48.23,50.58,444.76,25.96,39.5
2020-06-29 18:00:56,49.02,9.76,425.67,20.44,32.18
2020-06-29 19:00:56,41.62,15.02,724.12,24.59,36.77
2020-06-29 20:00:56,52.55,52.71,0.0,33.86,46.0
2020-06-29 21:00:56,59.83,13.58,815.11,48.51,58.28
2020-06-29 22:00:56,90.26,4.09,920.74,42.65,50.98
2020-06-29 23:00:56,79.04,1.94,938.51,48.66,58.58
2020-06-30 00:00:56,56.56,1.72,1004.49,43.79,56.29
2020-06-30 01:00:56,47.09,1.68,1161.43,36.24,46.86
2020-06-30 02:00:56,52.83,13.95,1253.4,40.12,53.08
2020-06-30 03:00:56,49.66,1.64,1513.76,20.0,28.49
2020-06-30 04:00:56,39.57,1.52,976.83,16.82,25.53
2020-06-30 05:00:56,24.57,1.3,963.7,24.11,33.51
2020-06-30 06:00:56,26.49,1.39,1003.76,18.14,27.6
2020-06-30 07:00:56,14.96,2.75,1158.62,21.95,32.8
2020-06-30 08:00:56,15.47,7.79,888.97,21.93,34.23
2020-06-30 09:00:56,29.14,47.17,0.0,29.98,44.29
2020-06-30 10:00:56,35.68,39.76,1018.5,28.12,39.65
2020-06-30 11:00:56,48.94,44.56,770.03,24.12,34.62
2020-06-30 12:00:56,40.06,23.8,857.21,24.18,35.69
2020-06-30 13:00:56,39.08,44.61,482.45,20.81,31.47
2020-06-30 14:00:56,31.84,22.65,471.84,18.54,29.41
2020-06-30 15:00:56,28.48,8.66,505.19,18.62,29.36
2020-06-30 16:00:56,30.52,60.78,729.78,21.81,34.72
2020-06-30 17:00:56,17.22,5.44,728.41,26.91,40.9
2020-06-30 18:00:56,19.43,4.9,807.1,24.98,37.57
2020-06-30 19:00:56,37.35,15.73,867.79,24.82,36.73
2020-06-30 20:00:56,27.42,5.48,1103.37,27.11,37.22
2020-06-30 21:00:56,44.97,13.9,1258.06,42.9,54.39
2020-06-30 22:00:56,68.64,3.64,1428.42,26.49,36.19
2020-06-30 23:00:56,72.48,2.41,1534.86,30.2,39.75
2020-07-01 00:00:56,52.71,1.15,1335.75,33.91,44.83
2020-07-01 01:00:56,53.28,1.38,1546.68,46.36,61.07
2020-07-01 02:00:56,40.72,9.29,1410.05,39.85,49.7
2020-07-01 03:00:56,36.16,1.09,1444.37,21.73,31.66
2020-07-01 04:00:56,34.76,0.95,1448.53,12.1,20.79
2020-07-01 05:00:56,23.43,0.89,1542.66,15.39,24.04
2020-07-01 06:00:56,14.31,0.75,1527.1,18.38,27.38
2020-07-01 07:00:56,19.5,1.88,1768.75,21.31,31.58
2020-07-01 08:00:56,26.54,18.22,1526.61,30.63,44.7
2020-07-01 09:00:56,28.35,191.93,0.0,35.14,50.21
2020-07-01 10:00:56,40.34,114.29,898.67,24.3,35.45
2020-07-01 11:00:56,48.26,9.11,843.39,25.37,37.2
2020-07-01 12:00:56,36.19,4.3,633.1,22.48,33.42
2020-07-01 13:00:56,28.73,3.57,497.87,19.92,30.75
2020-07-01 14:00:56,29.48,11.06,408.85,19.49,30.35
2020-07-01 15:00:56,24.45,79.36,293.21,19.7,30.91
2020-07-01 16:00:56,28.02,67.28,429.89,19.85,31.06
2020-07-01 17:00:56,26.15,10.45,380.73,22.5,35.73
2020-07-01 18:00:56,30.9,11.39,539.37,22.53,35.17
2020-07-01 19:00:56,32.93,7.66,643.8,25.0,36.97
2020-07-01 20:00:56,34.67,60.05,755.47,33.73,45.99
2020-07-01 21:00:56,39.35,74.78,999.7,31.83,40.86
2020-07-01 22:00:56,54.86,11.63,1095.13,28.57,37.39
2020-07-01 23:00:56,58.26,8.79,1223.68,41.82,52.49
2020-07-02 00:00:56,58.5,15.56,1160.9,29.49,38.41
2020-07-02 01:00:56,58.51,11.38,1075.9,25.5,34.69
2020-07-02 02:00:56,46.9,15.25,1112.71,19.9,28.62
2020-07-02 03:00:56,36.2,9.01,1152.18,14.28,23.1
2020-07-02 04:00:56,22.16,5.68,1250.83,13.26,22.14
2020-07-02 05:00:56,23.34,4.69,1573.8,21.98,31.9
2020-07-02 06:00:56,25.75,3.49,1285.82,18.71,27.72
2020-07-02 07:00:56,23.43,5.97,1432.4,19.02,29.89
2020-07-02 08:00:56,17.77,16.15,1468.61,20.15,32.91
2020-07-02 09:00:56,29.92,12.65,0.0,20.23,33.12
2020-07-02 10:00:56,33.57,79.68,1220.28,19.56,32.37
2020-07-02 11:00:56,42.76,432.27,980.93,24.48,38.28
2020-07-02 12:00:56,46.52,128.56,1031.05,27.1,41.18
2020-07-02 13:00:56,56.46,182.19,945.61,19.09,31.68
2020-07-02 14:00:56,53.42,30.65,893.7,18.33,30.69
2020-07-02 15:00:56,43.55,173.83,705.75,23.85,37.96
2020-07-02 16:00:56,36.16,234.31,719.42,20.11,32.81
2020-07-02 17:00:56,35.62,153.14,859.23,21.0,33.97
2020-07-02 18:00:56,32.05,66.88,780.01,25.23,41.47
2020-07-02 19:00:56,51.21,53.67,871.13,23.37,37.29
2020-07-02 20:00:56,39.36,18.38,1286.97,27.61,41.72
2020-07-02 21:00:56,45.87,8.09,1151.51,21.12,32.59
2020-07-02 22:00:56,49.14,3.18,1163.52,17.93,27.45
2020-07-02 23:00:56,50.13,2.76,1249.5,18.97,28.28
2020-07-03 00:00:56,45.36,2.93,1335.88,24.92,35.37
2020-07-03 01:00:56,34.65,2.6,1344.66,16.12,25.66
2020-07-03 02:00:56,27.59,10.02,1259.82,15.21,24.8
2020-07-03 03:00:56,35.11,2.13,1194.31,13.78,23.85
2020-07-03 04:00:56,32.05,2.21,1236.22,13.28,23.68
2020-07-03 05:00:56,33.99,1.48,1274.47,14.62,25.34
2020-07-03 06:00:56,19.24,1.56,1196.21,17.64,28.73
2020-07-03 07:00:56,18.36,3.79,1278.97,21.72,35.69
2020-07-03 08:00:56,22.77,159.82,1321.8,24.28,41.59
2020-07-03 09:00:56,41.17,199.45,0.0,16.83,30.1
2020-07-03 10:00:56,49.1,29.88,978.72,13.61,25.85
2020-07-03 11:00:56,27.76,16.51,824.71,22.42,38.8
2020-07-03 12:00:56,41.25,10.64,623.91,21.33,37.8
2020-07-03 13:00:56,48.46,4.71,608.38,15.53,29.35
2020-07-03 14:00:56,44.05,3.67,517.73,14.79,28.48
2020-07-03 15:00:56,43.81,4.65,476.76,21.44,36.82
2020-07-03 16:00:56,49.99,6.0,637.94,22.52,39.5
2020-07-03 17:00:56,37.4,3.27,831.49,24.41,40.62
2020-07-03 18:00:56,40.53,2.13,882.3,21.0,35.71
2020-07-03 19:00:56,36.55,1.42,998.79,17.69,31.74
2020-07-03 20:00:56,35.08,1.47,1269.53,26.97,43.03
2020-07-03 21:00:56,38.87,0.84,1019.73,18.83,31.59
2020-07-03 22:00:56,42.68,0.61,1244.01,20.3,35.59
2020-07-03 23:00:56,48.35,0.68,1259.41,21.07,34.38
2020-07-04 00:00:56,40.44,0.83,1349.9,23.78,38.81
2020-07-04 01:00:56,48.84,0.67,1339.1,16.4,27.95
2020-07-04 02:00:56,32.13,8.05,1548.47,18.89,30.87
2020-07-04 03:00:56,26.53,0.75,1352.09,14.48,25.31
2020-07-04 04:00:56,35.5,0.76,1311.64,15.93,26.83
2020-07-04 05:00:56,31.2,0.74,1296.2,17.85,30.03
2020-07-04 06:00:56,18.31,1.12,1322.84,16.41,28.36
2020-07-04 07:00:56,28.76,1.93,1324.77,17.1,32.76
2020-07-04 08:00:56,25.5,12.91,1292.98,13.55,28.18
2020-07-04 09:00:56,34.03,4.74,0.0,11.4,24.48
2020-07-04 10:00:56,23.6,7.38,1217.23,16.42,31.22
2020-07-04 11:00:56,43.99,178.78,1116.47,19.43,35.31
2020-07-04 12:00:56,40.03,334.18,974.88,15.65,31.5
2020-07-04 13:00:56,51.46,62.37,889.67,144.89,158.61
2020-07-04 14:00:56,39.87,194.72,670.04,104.87,121.13
2020-07-04 15:00:56,46.69,214.04,483.49,30.98,47.06
2020-07-04 16:00:56,40.34,98.88,415.5,25.84,42.52
2020-07-04 17:00:56,31.36,90.03,567.34,22.78,38.99
2020-07-04 18:00:56,21.7,115.97,627.76,21.07,35.18
2020-07-04 19:00:56,25.5,16.79,867.04,22.42,37.54
2020-07-04 20:00:56,37.05,4.96,953.32,25.02,41.09
2020-07-04 21:00:56,41.56,1.86,1041.66,29.48,46.7
2020-07-04 22:00:56,40.44,1.2,1144.57,21.24,33.45
2020-07-04 23:00:56,44.36,1.03,1252.05,22.15,33.58
2020-07-05 00:00:56,35.27,1.09,1313.39,32.96,44.42
2020-07-05 01:00:56,31.89,0.87,1327.35,146.94,164.37
2020-07-05 02:00:56,35.82,7.77,1332.57,72.2,84.55
2020-07-05 03:00:56,32.73,1.17,1308.72,38.04,50.0
2020-07-05 04:00:56,31.3,0.93,1215.58,26.33,38.15
2020-07-05 05:00:56,29.3,1.12,1256.99,23.23,34.37
2020-07-05 06:00:56,16.27,1.07,1260.2,21.86,34.31
2020-07-05 07:00:56,18.77,1.84,1227.97,28.78,45.93
2020-07-05 08:00:56,14.05,4.3,1185.34,20.44,35.96
2020-07-05 09:00:56,19.23,18.65,0.0,17.53,31.43
2020-07-05 10:00:56,31.05,49.05,1130.08,33.75,46.57
2020-07-05 11:00:56,39.43,23.7,1038.45,21.3,34.46
2020-07-05 12:00:56,28.8,21.85,945.99,19.35,33.1
2020-07-05 13:00:56,34.34,175.89,712.34,18.28,31.6
2020-07-05 14:00:56,35.69,127.46,495.12,18.6,32.41
2020-07-05 15:00:56,27.29,15.68,301.78,14.99,28.58
2020-07-05 16:00:56,34.93,14.49,389.06,15.1,28.0
2020-07-05 17:00:56,18.64,7.31,568.9,14.96,27.53
2020-07-05 18:00:56,20.34,4.63,643.97,41.5,55.19
2020-07-05 19:00:56,31.48,4.02,824.84,51.28,68.96
2020-07-05 20:00:56,36.37,7.48,793.21,32.58,46.98
2020-07-05 21:00:56,36.24,7.29,999.54,35.46,49.07
2020-07-05 22:00:56,51.63,4.29,1424.12,28.91,41.67
2020-07-05 23:00:56,62.56,2.39,1966.73,34.34,50.66
2020-07-06 00:00:56,68.65,1.99,1380.47,49.74,69.62
2020-07-06 01:00:56,62.15,1.26,1328.86,85.28,100.48
2020-07-06 02:00:56,45.1,9.8,1254.38,35.96,47.43
2020-07-06 03:00:56,37.37,1.48,1273.6,23.96,35.53
2020-07-06 04:00:56,34.63,1.41,1280.55,21.21,32.62
2020-07-06 05:00:56,34.03,1.84,1183.43,20.57,32.03
2020-07-06 06:00:56,19.27,1.76,1369.82,23.19,35.19
2020-07-06 07:00:56,24.65,2.15,1310.13,37.14,57.04
2020-07-06 08:00:56,20.64,39.17,1232.38,35.22,55.59
2020-07-06 09:00:56,35.98,90.52,0.0,21.93,37.67
2020-07-06 10:00:56,44.1,40.16,1228.08,17.01,30.08
2020-07-06 11:00:56,40.91,21.98,1104.65,22.23,38.28
2020-07-06 12:00:56,40.17,15.24,865.07,21.37,36.37
2020-07-06 13:00:56,50.56,11.45,922.89,75.31,91.09
2020-07-06 14:00:56,45.08,34.51,421.26,43.99,59.18
2020-07-06 15:00:56,0.0,0.0,0.0,0.0,0.0
2020-07-06 16:00:56,5.19,9.51,1284.65,0.0,0.0
2020-07-06 17:00:56,23.44,3.36,1966.06,53.68,68.72
2020-07-06 18:00:56,39.62,3.57,2619.34,33.55,51.2
2020-07-06 19:00:56,51.15,2.29,3015.86,28.49,48.66
2020-07-06 20:00:56,52.69,1.72,3241.04,28.21,44.05
2020-07-06 21:00:56,49.26,1.29,3336.34,23.39,37.98
2020-07-06 22:00:56,52.24,1.26,3416.31,24.08,37.29
2020-07-06 23:00:56,46.43,1.48,3591.29,24.02,36.61
2020-07-07 00:00:56,52.25,0.97,3492.55,19.92,31.29
2020-07-07 01:00:56,61.66,1.36,3598.89,19.33,32.56
2020-07-07 02:00:56,47.25,9.2,3789.3,16.63,28.49
2020-07-07 03:00:56,41.88,1.45,3878.93,14.4,25.32
2020-07-07 04:00:56,27.93,1.56,3561.35,15.46,27.49
2020-07-07 05:00:56,19.75,1.31,3631.57,14.18,25.96
2020-07-07 06:00:56,19.6,0.71,3584.26,14.02,26.73
2020-07-07 07:00:56,16.34,1.33,3627.91,23.92,43.81
2020-07-07 08:00:56,21.71,1.37,3629.43,15.33,31.61
2020-07-07 09:00:56,20.96,1.04,0.0,14.21,27.75
2020-07-07 10:00:56,24.1,1.39,1134.09,15.41,30.49
2020-07-07 11:00:56,25.65,1.49,846.62,18.47,34.54
2020-07-07 12:00:56,39.15,1.72,670.43,17.95,34.12
2020-07-07 13:00:56,41.32,1.15,443.65,17.71,33.12
2020-07-07 14:00:56,47.66,1.25,338.83,19.15,35.3
2020-07-07 15:00:56,44.86,1.54,303.92,17.81,33.1
2020-07-07 16:00:56,45.25,1.36,259.02,18.83,33.92
2020-07-07 17:00:56,29.79,1.61,0.0,19.72,35.13
2020-07-07 18:00:56,33.79,1.53,429.81,17.89,30.86
2020-07-07 19:00:56,43.08,1.38,852.88,15.18,27.98
2020-07-07 20:00:56,39.86,1.75,783.51,25.95,40.58
2020-07-07 21:00:56,51.35,1.86,877.06,30.27,44.84
2020-07-07 22:00:56,65.22,1.31,1167.48,21.77,33.86
2020-07-07 23:00:56,78.29,1.36,1353.03,20.69,33.36
2020-07-08 00:00:56,67.9,1.34,1391.87,32.2,44.6
2020-07-08 01:00:56,69.19,1.11,1568.0,32.25,46.84
2020-07-08 02:00:56,64.62,9.6,758.18,24.88,36.1
2020-07-08 03:00:56,53.99,1.41,701.19,17.4,28.39
2020-07-08 04:00:56,43.92,1.46,844.6,14.89,25.78
2020-07-08 05:00:56,33.72,1.68,1099.78,17.73,28.86
2020-07-08 06:00:56,30.65,1.22,1010.57,14.85,26.02
2020-07-08 07:00:56,29.6,0.98,1190.11,19.13,32.18
2020-07-08 08:00:56,19.07,1.27,970.59,20.4,34.86
2020-07-08 09:00:56,17.23,1.35,0.0,21.66,35.5
2020-07-08 10:00:56,26.98,1.15,342.13,21.01,35.65
2020-07-08 11:00:56,33.97,1.7,59.17,16.83,30.51
2020-07-08 12:00:56,38.24,4.61,596.77,17.22,29.89
2020-07-08 13:00:56,53.6,3.86,259.02,15.75,27.25
2020-07-08 14:00:56,67.87,1.78,308.98,18.45,31.04
2020-07-08 15:00:56,72.04,1.27,406.27,21.21,34.17
2020-07-08 16:00:56,67.78,1.1,533.45,19.07,32.36
2020-07-08 17:00:56,78.34,1.44,750.05,18.71,32.37
2020-07-08 18:00:56,83.92,1.4,645.76,21.08,35.07
2020-07-08 19:00:56,82.65,1.09,941.47,20.07,33.58
2020-07-08 20:00:56,85.39,1.12,811.4,15.97,28.87
2020-07-08 21:00:56,76.39,0.73,934.16,17.12,29.93
2020-07-08 22:00:56,74.41,0.42,984.65,18.12,30.3
2020-07-08 23:00:56,71.12,0.86,1002.93,15.83,27.28
2020-07-09 00:00:56,57.33,0.79,1176.12,17.28,28.4
2020-07-09 01:00:56,51.4,0.98,1315.6,14.52,24.84
2020-07-09 02:00:56,40.86,9.45,1054.19,13.72,23.38
2020-07-09 03:00:56,24.4,1.24,1116.26,12.89,23.08
2020-07-09 04:00:56,16.71,1.19,1229.53,10.96,20.57
2020-07-09 05:00:56,13.32,1.1,1117.38,10.85,20.75
2020-07-09 06:00:56,18.59,0.77,1088.36,11.7,21.68
2020-07-09 07:00:56,20.51,0.84,1043.8,15.69,26.4
2020-07-09 08:00:56,23.86,0.97,1098.82,16.96,28.61
2020-07-09 09:00:56,25.9,1.0,0.0,21.21,32.98
2020-07-09 10:00:56,32.49,1.07,1452.01,21.77,34.08
2020-07-09 11:00:56,39.8,1.02,1388.58,17.43,29.95
2020-07-09 12:00:56,34.4,0.8,1359.76,19.58,32.77
2020-07-09 13:00:56,32.97,1.03,1376.4,21.85,35.62
2020-07-09 14:00:56,35.28,0.86,1376.41,20.96,33.98
2020-07-09 15:00:56,36.09,0.79,1386.05,19.56,33.35
2020-07-09 16:00:56,36.47,1.31,1390.83,26.0,44.52
2020-07-09 17:00:56,33.89,1.33,1207.03,18.61,31.97
2020-07-09 18:00:56,26.75,1.24,1254.06,23.36,36.58
2020-07-09 19:00:56,27.31,73.39,1294.95,26.48,38.85
2020-07-09 20:00:56,32.74,14.66,1227.03,26.9,39.17
2020-07-09 21:00:56,35.35,4.26,1248.42,23.53,34.69
2020-07-09 22:00:56,33.12,2.94,1511.52,23.81,34.77
2020-07-09 23:00:56,30.52,2.01,1408.95,18.97,30.27
2020-07-10 00:00:56,23.11,1.12,1391.39,16.41,25.79
2020-07-10 01:00:56,21.13,0.7,764.82,20.25,30.87
2020-07-10 02:00:56,23.2,8.91,1548.96,14.55,24.54
2020-07-10 03:00:56,20.01,15.16,1317.07,10.55,19.8
2020-07-10 04:00:56,20.68,49.04,1430.53,10.25,19.61
2020-07-10 05:00:56,14.23,27.83,1368.41,12.87,22.4
2020-07-10 06:00:56,17.91,6.53,1260.06,9.76,19.06
2020-07-10 07:00:56,19.65,3.69,1359.67,21.19,32.3
2020-07-10 08:00:56,23.47,3.12,1588.19,30.09,42.53
2020-07-10 09:00:56,22.52,2.26,0.0,28.2,41.47
2020-07-10 10:00:56,26.21,2.51,1535.4,34.9,48.24
2020-07-10 11:00:56,32.48,2.03,964.8,35.1,49.96
2020-07-10 12:00:56,33.59,1.82,921.9,18.76,31.25
2020-07-10 13:00:56,23.68,1.77,959.47,0.0,0.0
2020-07-10 14:00:56,21.97,2.57,900.4,14.82,27.52
2020-07-10 15:00:56,23.8,1.91,769.92,14.14,26.06
2020-07-10 16:00:56,34.15,1.72,835.57,16.49,30.39
2020-07-10 17:00:56,34.03,1.41,946.28,19.41,33.65
2020-07-10 18:00:56,34.99,1.2,773.85,20.05,33.77
2020-07-10 19:00:56,34.44,1.37,870.75,22.9,36.15
2020-07-10 20:00:56,37.21,1.28,846.94,22.97,34.87
2020-07-10 21:00:56,45.14,1.5,977.92,25.72,36.75
2020-07-10 22:00:56,37.09,1.68,1102.03,28.08,38.73
2020-07-10 23:00:56,36.42,1.48,1041.17,29.69,40.17
2020-07-11 00:00:56,44.82,1.18,1032.15,30.44,40.45
2020-07-11 01:00:56,40.81,1.51,1086.17,23.67,33.26
2020-07-11 02:00:56,33.17,9.08,1001.52,20.18,29.9
2020-07-11 03:00:56,33.08,1.13,1108.02,13.58,23.38
2020-07-11 04:00:56,29.6,1.35,905.27,9.96,19.55
2020-07-11 05:00:56,24.62,1.5,1038.31,15.43,25.27
2020-07-11 06:00:56,0.0,0.0,0.0,0.0,0.0
2020-07-11 07:00:56,0.0,0.0,0.0,0.0,0.0
2020-07-11 08:00:56,0.0,0.0,0.0,0.0,0.0
2020-07-11 09:00:56,7.05,0.0,980.38,21.39,34.61
2020-07-11 10:00:56,26.27,0.0,733.09,21.97,34.94
2020-07-11 11:00:56,29.26,0.0,0.0,21.71,34.97
2020-07-11 12:00:56,29.73,0.0,987.66,19.08,32.08
2020-07-11 13:00:56,30.53,25.52,797.94,13.3,24.62
2020-07-11 14:00:56,37.97,53.65,649.2,18.0,31.36
2020-07-11 15:00:56,41.63,65.21,791.51,18.41,31.57
2020-07-11 16:00:56,40.8,20.11,575.97,13.41,25.26
2020-07-11 17:00:56,43.14,4.37,630.89,15.59,27.42
2020-07-11 18:00:56,47.67,2.19,697.49,16.99,29.12
2020-07-11 19:00:56,42.67,1.25,809.02,18.81,31.21
2020-07-11 20:00:56,39.73,0.0,1024.75,23.49,35.79
2020-07-11 21:00:56,35.7,0.24,1052.59,22.04,33.31
2020-07-11 22:00:56,29.17,0.25,1230.73,23.46,34.53
2020-07-11 23:00:56,21.91,0.45,1290.68,17.4,28.38
2020-07-12 00:00:56,27.29,0.67,1269.63,18.28,29.2
2020-07-12 01:00:56,25.7,0.51,1609.82,15.44,24.72
2020-07-12 02:00:56,27.16,8.64,1426.03,13.16,22.59
2020-07-12 03:00:56,24.44,0.65,1868.04,12.0,21.4
2020-07-12 04:00:56,18.34,0.9,1415.75,12.25,21.5
2020-07-12 05:00:56,11.24,1.03,1420.33,9.31,18.84
2020-07-12 06:00:56,10.11,0.71,1366.89,13.46,22.77
2020-07-12 07:00:56,18.96,0.8,1415.51,11.73,21.43
2020-07-12 08:00:56,27.27,1.16,1425.01,12.71,22.9
2020-07-12 09:00:56,23.34,2.06,1473.39,14.52,25.84
2020-07-12 10:00:56,22.43,32.35,1336.87,16.12,27.48
2020-07-12 11:00:56,23.83,89.99,0.0,13.9,24.66
2020-07-12 12:00:56,27.97,141.03,896.05,13.5,23.89
2020-07-12 13:00:56,27.12,105.14,835.96,11.86,21.76
2020-07-12 14:00:56,29.47,8.61,711.34,13.47,24.94
2020-07-12 15:00:56,29.86,4.63,853.38,16.02,26.48
2020-07-12 16:00:56,25.93,3.42,849.72,16.41,26.83
2020-07-12 17:00:56,16.11,3.44,800.14,17.19,27.24
2020-07-12 18:00:56,19.8,2.18,960.18,20.23,30.94
2020-07-12 19:00:56,41.01,1.51,963.41,19.63,30.35
2020-07-12 20:00:56,46.9,0.71,1390.93,19.75,29.44
2020-07-12 21:00:56,48.49,1.17,1311.57,22.05,32.21
2020-07-12 22:00:56,48.23,0.62,1402.24,19.73,28.86
2020-07-12 23:00:56,46.32,1.26,1625.4,18.06,27.66
2020-07-13 00:00:56,45.35,1.11,1659.76,29.4,39.38
2020-07-13 01:00:56,44.4,1.46,1732.97,30.21,39.62
2020-07-13 02:00:56,41.79,9.62,1841.46,20.04,29.79
2020-07-13 03:00:56,42.58,1.63,1743.43,21.92,30.52
2020-07-13 04:00:56,32.2,0.92,1651.14,17.89,27.14
2020-07-13 05:00:56,28.04,0.98,1759.0,18.95,27.64
2020-07-13 06:00:56,22.67,1.23,1751.72,26.11,37.3
2020-07-13 07:00:56,28.43,1.16,1706.08,25.35,35.48
2020-07-13 08:00:56,32.04,1.47,1786.24,37.38,49.47
2020-07-13 09:00:56,28.86,2.54,1511.45,37.42,50.53
2020-07-13 10:00:56,39.02,2.52,1487.79,29.55,40.67
2020-07-13 11:00:56,50.88,2.36,0.0,27.29,38.73
2020-07-13 12:00:56,57.26,2.92,1003.09,31.14,42.01
2020-07-13 13:00:56,67.75,1.86,917.06,23.01,31.92
2020-07-13 14:00:56,83.64,1.75,1050.66,21.82,30.85
2020-07-13 15:00:56,84.39,0.87,1051.64,20.54,30.41
2020-07-13 16:00:56,78.31,0.78,1022.91,18.22,28.23
2020-07-13 17:00:56,71.02,1.04,1002.46,21.31,31.75
2020-07-13 18:00:56,69.53,1.4,1062.18,21.75,32.44
2020-07-13 19:00:56,72.92,1.42,1067.76,32.35,42.71
2020-07-13 20:00:56,82.46,1.74,1146.6,29.59,38.99
2020-07-13 21:00:56,104.53,1.28,1529.04,26.1,34.89
2020-07-13 22:00:56,96.34,2.16,1386.83,28.49,37.21
2020-07-13 23:00:56,89.63,1.4,1512.38,22.8,30.49
2020-07-14 00:00:56,77.88,0.68,1827.39,26.78,34.63
2020-07-14 01:00:56,62.28,0.76,1807.83,21.32,30.08
2020-07-14 02:00:56,48.94,8.83,1933.32,20.71,28.09
2020-07-14 03:00:56,42.91,0.52,2023.8,20.06,27.2
2020-07-14 04:00:56,31.7,1.02,1883.83,22.07,29.42
2020-07-14 05:00:56,34.28,0.89,1796.31,17.58,24.4
2020-07-14 06:00:56,31.58,0.71,1701.35,15.84,21.48
2020-07-14 07:00:56,30.71,1.0,2022.1,16.08,22.18
2020-07-14 08:00:56,29.69,0.65,1933.69,18.16,25.63
2020-07-14 09:00:56,30.52,1.12,1753.14,15.84,23.97
2020-07-14 10:00:56,23.86,1.15,1821.98,17.55,25.37
2020-07-14 11:00:56,22.92,1.23,0.0,21.08,28.1
2020-07-14 12:00:56,23.32,31.12,1240.48,21.38,29.13
2020-07-14 13:00:56,29.72,76.37,1240.63,18.33,26.03
2020-07-14 14:00:56,31.61,62.58,1411.41,19.26,27.3
2020-07-14 15:00:56,37.78,47.78,1458.09,23.64,31.66
2020-07-14 16:00:56,38.5,34.07,1325.54,16.88,23.16
2020-07-14 17:00:56,24.58,3.74,1467.64,16.27,21.32
2020-07-14 18:00:56,15.05,1.56,1404.9,17.64,22.37
2020-07-14 19:00:56,15.64,1.06,1491.78,18.87,23.39
2020-07-14 20:00:56,23.71,0.93,1460.66,16.41,20.15
2020-07-14 21:00:56,25.13,0.66,1422.48,17.53,22.11
2020-07-14 22:00:56,21.86,0.69,1582.69,18.25,23.89
2020-07-14 23:00:56,18.49,0.53,1422.78,16.11,20.05
2020-07-15 00:00:56,13.3,0.0,1464.2,11.14,14.47
2020-07-15 01:00:56,12.79,0.62,1458.35,13.98,17.8
2020-07-15 02:00:56,12.03,8.88,1454.2,17.49,21.99
2020-07-15 03:00:56,21.72,0.68,1383.89,14.64,18.39
2020-07-15 04:00:56,21.86,0.66,1351.28,6.35,16.17
2020-07-15 05:00:56,15.49,0.64,1610.15,3.14,15.53
2020-07-15 06:00:56,12.38,0.63,1467.74,2.95,14.8
2020-07-15 07:00:56,13.54,0.89,1406.35,3.05,14.97
2020-07-15 08:00:56,12.86,0.72,1508.3,3.55,15.37
2020-07-15 09:00:56,16.94,0.8,1390.49,3.33,15.25
2020-07-15 10:00:56,23.75,1.47,1410.25,3.47,15.36
2020-07-15 11:00:56,13.08,1.45,0.0,3.27,15.06
2020-07-15 12:00:56,13.5,1.24,1084.16,3.69,15.44
2020-07-15 13:00:56,22.82,1.35,1163.28,3.6,15.75
2020-07-15 14:00:56,15.35,1.15,1150.01,3.62,15.56
2020-07-15 15:00:56,14.2,1.06,1104.18,2.9,15.11
2020-07-15 16:00:56,9.67,1.39,1157.12,3.13,15.0
2020-07-15 17:00:56,8.13,1.11,1260.25,3.15,15.07
2020-07-15 18:00:56,12.84,1.11,1044.73,3.35,15.23
2020-07-15 19:00:56,21.76,1.47,1256.09,3.31,15.23
2020-07-15 20:00:56,25.58,1.14,824.41,4.01,15.52
2020-07-15 21:00:56,28.12,1.27,1246.02,3.65,15.67
2020-07-15 22:00:56,31.79,1.06,1388.43,3.22,15.3
2020-07-15 23:00:56,28.03,1.43,1343.74,3.34,15.17
2020-07-16 00:00:56,32.35,1.37,1159.44,3.51,15.86
2020-07-16 01:00:56,32.99,1.07,1126.51,3.42,15.34
2020-07-16 02:00:56,24.23,8.0,1104.77,3.02,15.29
2020-07-16 03:00:56,28.51,0.84,1357.18,3.4,15.36
2020-07-16 04:00:56,15.8,1.13,1146.79,3.86,15.63
2020-07-16 05:00:56,9.97,1.06,1096.07,3.8,15.62
2020-07-16 06:00:56,9.17,1.22,1185.09,4.13,16.15
2020-07-16 07:00:56,12.96,1.11,1112.67,3.61,15.54
2020-07-16 08:00:56,15.76,1.17,1069.4,3.61,15.63
2020-07-16 09:00:56,10.11,0.97,919.46,3.65,15.55
2020-07-16 10:00:56,10.82,1.19,862.38,2.8,14.87
2020-07-16 11:00:56,12.74,1.1,0.0,3.43,15.5
2020-07-16 12:00:56,14.57,4.54,1167.8,3.61,15.15
2020-07-16 13:00:56,25.51,1.83,947.75,3.93,15.71
2020-07-16 14:00:56,18.17,1.47,802.5,3.76,15.55
2020-07-16 15:00:56,22.32,1.64,698.14,3.53,15.44
2020-07-16 16:00:56,20.03,1.6,727.16,3.35,15.5
2020-07-16 17:00:56,20.75,1.74,948.18,2.67,14.85
2020-07-16 18:00:56,23.16,1.99,929.21,3.43,15.4
2020-07-16 19:00:56,21.82,1.44,1046.03,3.41,15.29
2020-07-16 20:00:56,23.41,1.61,1533.37,3.5,15.12
2020-07-16 21:00:56,27.05,1.18,1519.45,3.79,15.66
2020-07-16 22:00:56,29.57,1.43,1200.0,3.67,15.39
2020-07-16 23:00:56,24.49,1.16,1108.06,4.42,15.93
2020-07-17 00:00:56,29.83,1.06,1056.65,5.09,16.18
2020-07-17 01:00:56,22.67,1.43,1134.32,4.15,15.91
2020-07-17 02:00:56,27.84,9.64,1250.9,3.89,15.76
2020-07-17 03:00:56,22.35,1.54,1176.83,3.09,15.23
2020-07-17 04:00:56,17.39,1.19,1236.75,3.85,15.29
2020-07-17 05:00:56,9.93,0.96,1234.92,3.09,15.01
2020-07-17 06:00:56,9.47,0.99,0.0,3.57,15.28
2020-07-17 07:00:56,17.46,1.28,1384.2,3.95,15.48
2020-07-17 08:00:56,22.08,1.22,1411.55,3.44,15.48
2020-07-17 09:00:56,11.78,1.32,1407.24,3.6,15.71
2020-07-17 10:00:56,9.49,1.55,1514.13,4.0,16.11
2020-07-17 11:00:56,13.36,1.52,0.0,3.33,15.49
2020-07-17 12:00:56,22.9,1.57,1340.08,3.29,15.22
2020-07-17 13:00:56,28.06,1.97,1473.5,3.25,14.97
2020-07-17 14:00:56,28.82,2.1,1215.59,3.24,14.99
2020-07-17 15:00:56,33.24,9.47,1091.01,3.29,14.99
2020-07-17 16:00:56,19.29,21.95,1067.04,3.32,15.41
2020-07-17 17:00:56,19.18,45.42,1004.73,4.17,15.94
2020-07-17 18:00:56,21.94,29.22,825.65,3.89,16.0
2020-07-17 19:00:56,29.47,48.69,834.69,3.21,15.24
2020-07-17 20:00:56,30.07,14.85,933.35,3.1,14.89
2020-07-17 21:00:56,30.47,8.9,1110.26,3.85,15.43
2020-07-17 22:00:56,51.78,5.83,1509.27,2.5,14.92
2020-07-17 23:00:56,72.0,3.14,1453.66,3.0,15.19
2020-07-18 00:00:56,57.89,1.79,1516.68,2.89,14.92
2020-07-18 01:00:56,45.04,3.11,1478.11,3.48,15.18
2020-07-18 02:00:56,29.84,11.66,1566.39,3.81,15.17
2020-07-18 03:00:56,29.56,2.43,1788.82,3.81,15.54
2020-07-18 04:00:56,23.93,2.48,1737.8,3.6,15.51
2020-07-18 05:00:56,15.48,1.97,1631.71,2.75,15.07
2020-07-18 06:00:56,16.17,1.97,1657.85,3.7,15.1
2020-07-18 07:00:56,23.22,1.95,1621.33,2.86,14.64
2020-07-18 08:00:56,25.49,2.25,1662.78,3.35,15.39
2020-07-18 09:00:56,18.29,2.56,1477.7,3.07,14.99
2020-07-18 10:00:56,23.1,2.71,1354.19,3.67,15.62
2020-07-18 11:00:56,22.33,49.73,0.0,3.77,15.36
2020-07-18 12:00:56,24.84,141.65,1016.72,3.4,15.16
2020-07-18 13:00:56,32.53,121.87,1000.05,3.73,15.8
2020-07-18 14:00:56,31.72,69.39,957.0,3.28,15.42
2020-07-18 15:00:56,29.42,45.15,999.9,3.52,15.3
2020-07-18 16:00:56,33.88,45.57,1050.27,3.65,15.43
2020-07-18 17:00:56,29.58,28.31,1069.05,3.83,15.55
2020-07-18 18:00:56,25.94,14.05,1230.65,3.89,15.46
2020-07-18 19:00:56,38.72,14.47,1263.47,3.62,15.25
2020-07-18 20:00:56,44.04,4.93,1434.02,3.54,15.52
2020-07-18 21:00:56,50.55,2.47,1678.3,3.6,15.88
2020-07-18 22:00:56,50.87,2.06,1754.65,2.94,15.0
2020-07-18 23:00:56,51.08,1.7,1909.36,3.33,15.2
2020-07-19 00:00:56,49.4,1.47,1980.01,3.15,14.6
2020-07-19 01:00:56,43.84,1.41,2026.12,3.73,15.35
2020-07-19 02:00:56,42.43,13.73,2087.93,3.35,15.46
2020-07-19 03:00:56,39.44,1.25,2192.77,3.85,15.57
2020-07-19 04:00:56,33.31,1.46,2156.3,3.93,15.76
2020-07-19 05:00:56,33.37,1.53,2151.14,3.97,15.93
2020-07-19 06:00:56,23.96,1.56,2120.37,3.78,15.64
2020-07-19 07:00:56,19.79,1.33,2034.02,3.52,15.7
2020-07-19 08:00:56,29.87,1.06,1979.64,3.25,15.24
2020-07-19 09:00:56,25.12,1.51,1676.16,2.81,15.08
2020-07-19 10:00:56,16.49,1.32,1524.81,3.65,15.41
2020-07-19 11:00:56,9.91,1.19,0.0,3.82,15.24
2020-07-19 12:00:56,11.15,0.89,1346.79,3.63,15.46
2020-07-19 13:00:56,25.95,0.94,1310.77,3.62,15.48
2020-07-19 14:00:56,32.46,1.28,1112.88,3.92,15.73
2020-07-19 15:00:56,33.1,1.16,985.52,4.21,15.71
2020-07-19 16:00:56,28.92,1.35,899.0,3.21,15.17
2020-07-19 17:00:56,21.76,1.96,825.34,3.6,15.34
2020-07-19 18:00:56,32.12,1.68,863.52,2.91,14.88
2020-07-19 19:00:56,30.07,1.66,984.42,3.47,15.21
2020-07-19 20:00:56,22.35,1.86,1375.72,3.78,15.5
2020-07-19 21:00:56,33.48,1.52,1374.32,3.36,15.18
2020-07-19 22:00:56,49.29,1.77,1675.54,3.34,15.29
2020-07-19 23:00:56,50.82,1.49,1751.98,3.63,15.3
2020-07-20 00:00:56,36.15,1.59,1906.02,3.78,15.75
2020-07-20 01:00:56,35.37,0.0,2238.97,3.45,15.57
2020-07-20 02:00:56,40.03,9.43,2088.71,3.61,15.5
2020-07-20 03:00:56,35.56,1.45,2122.08,2.76,14.63
2020-07-20 04:00:56,32.82,1.65,2230.09,3.54,14.96
2020-07-20 05:00:56,32.31,1.39,2228.34,3.5,15.14
2020-07-20 06:00:56,27.14,1.34,2352.02,3.77,15.62
2020-07-20 07:00:56,25.58,1.79,2285.86,3.49,15.64
2020-07-20 08:00:56,28.08,2.29,2375.41,3.47,15.42
2020-07-20 09:00:56,31.71,10.59,2374.1,3.08,15.16
2020-07-20 10:00:56,64.7,2.03,2129.87,3.67,15.61
2020-07-20 11:00:56,67.71,1.79,0.0,3.82,15.34
2020-07-20 12:00:56,54.61,1.56,1450.48,2.81,14.91
2020-07-20 13:00:56,50.97,1.56,1104.25,4.08,15.78
2020-07-20 14:00:56,34.16,1.3,909.78,4.01,15.42
2020-07-20 15:00:56,29.53,8.56,856.41,3.03,15.03
2020-07-20 16:00:56,30.25,2.47,953.69,4.05,15.99
2020-07-20 17:00:56,24.81,1.49,799.82,3.34,15.12
2020-07-20 18:00:56,30.1,1.34,1323.28,3.38,15.6
2020-07-20 19:00:56,36.0,1.33,985.44,3.6,15.24
2020-07-20 20:00:56,48.6,1.35,1191.1,3.13,15.06
2020-07-20 21:00:56,63.85,1.25,1442.73,3.42,14.94
2020-07-20 22:00:56,65.44,0.95,1277.77,3.26,15.01
2020-07-20 23:00:56,57.22,1.2,1348.52,3.38,15.43
2020-07-21 00:00:56,52.6,1.15,1612.11,3.82,15.36
2020-07-21 01:00:56,51.46,1.29,1403.51,3.5,15.38
2020-07-21 02:00:56,49.99,9.06,1450.73,3.39,15.47
2020-07-21 03:00:56,48.07,1.1,1612.87,3.34,15.37
2020-07-21 04:00:56,36.47,1.15,1502.08,3.37,15.53
2020-07-21 05:00:56,29.57,1.19,1462.95,3.11,14.72
2020-07-21 06:00:56,33.28,1.11,1544.53,3.07,15.11
2020-07-21 07:00:56,32.35,0.64,1765.25,3.17,15.17
2020-07-21 08:00:56,30.56,1.24,1576.91,3.76,15.44
2020-07-21 09:00:56,32.17,1.32,1546.75,3.47,15.7
2020-07-21 10:00:56,31.87,1.39,1345.89,3.63,15.42
2020-07-21 11:00:56,41.52,1.4,0.0,2.98,15.01
2020-07-21 12:00:56,61.55,1.25,1120.4,3.45,15.2
2020-07-21 13:00:56,55.12,1.19,1107.73,3.03,14.65
2020-07-21 14:00:56,46.57,2.8,891.7,3.01,14.98
2020-07-21 15:00:56,37.97,6.45,1137.62,3.69,15.46
2020-07-21 16:00:56,31.57,4.49,874.0,3.0,14.88
2020-07-21 17:00:56,29.53,6.83,946.02,3.8,15.08
2020-07-21 18:00:56,36.09,4.79,1034.89,3.21,14.97
2020-07-21 19:00:56,28.2,3.96,1035.6,3.79,15.76
2020-07-21 20:00:56,31.29,2.22,1245.57,3.78,15.5
2020-07-21 21:00:56,38.52,2.13,1355.45,2.84,14.61
2020-07-21 22:00:56,34.2,1.84,1624.51,3.58,15.6
2020-07-21 23:00:56,31.59,1.81,1728.8,2.98,14.87
2020-07-22 00:00:56,24.65,1.75,1822.42,3.16,15.35
2020-07-22 01:00:56,29.48,1.27,1822.34,3.52,15.47
2020-07-22 02:00:56,28.25,9.29,1835.69,3.8,15.55
2020-07-22 03:00:56,18.19,1.59,1941.24,3.81,16.11
2020-07-22 04:00:56,18.79,1.55,1939.92,3.15,15.56
2020-07-22 05:00:56,23.5,1.24,1978.13,3.05,15.06
2020-07-22 06:00:56,21.37,1.36,2035.34,3.07,15.01
2020-07-22 07:00:56,17.56,1.02,2015.31,2.88,14.99
2020-07-22 08:00:56,21.69,1.3,2137.15,3.79,15.55
2020-07-22 09:00:56,19.39,1.35,2105.98,3.74,15.47
2020-07-22 10:00:56,20.51,0.0,2059.59,3.72,15.59
2020-07-22 11:00:56,15.8,0.0,0.0,4.39,15.97
2020-07-22 12:00:56,23.24,1.13,1139.04,3.96,15.48
2020-07-22 13:00:56,23.96,1.2,885.34,3.89,15.68
2020-07-22 14:00:56,23.17,1.25,660.18,3.81,15.8
2020-07-22 15:00:56,18.05,1.33,514.36,3.44,15.17
2020-07-22 16:00:56,27.33,1.19,408.5,3.54,15.83
2020-07-22 17:00:56,26.21,1.4,408.32,2.99,15.08
2020-07-22 18:00:56,22.19,1.58,464.77,3.3,15.27
2020-07-22 19:00:56,20.95,2.81,680.59,3.94,15.61
2020-07-22 20:00:56,22.68,3.02,738.7,4.12,15.81
2020-07-22 21:00:56,29.58,1.31,933.82,4.08,15.61
2020-07-22 22:00:56,35.69,1.05,1046.89,3.3,15.34
2020-07-22 23:00:56,28.53,1.19,1082.99,3.56,15.85
2020-07-23 00:00:56,36.4,1.38,1207.85,3.36,15.26
2020-07-23 01:00:56,26.26,1.18,1201.16,2.33,14.66
2020-07-23 02:00:56,24.59,9.22,1264.2,3.54,15.47
2020-07-23 03:00:56,20.66,1.29,1342.67,3.27,15.38
2020-07-23 04:00:56,12.25,1.17,1429.47,4.19,15.7
2020-07-23 05:00:56,11.47,1.06,1475.64,3.7,15.91
2020-07-23 06:00:56,14.16,1.21,1440.6,3.57,15.52
2020-07-23 07:00:56,18.15,1.18,1445.22,3.57,15.42
2020-07-23 08:00:56,22.13,0.97,1339.4,3.42,15.48
2020-07-23 09:00:56,15.97,2.21,1122.13,3.52,15.54
2020-07-23 10:00:56,19.96,3.36,935.39,2.38,14.45
2020-07-23 11:00:56,24.58,2.57,0.0,4.26,15.59
2020-07-23 12:00:56,30.35,2.69,1205.47,3.82,15.36
2020-07-23 13:00:56,33.03,2.43,1036.23,3.41,15.39
2020-07-23 14:00:56,36.05,2.15,953.97,3.48,15.18
2020-07-23 15:00:56,36.3,2.11,1005.07,3.5,15.23
2020-07-23 16:00:56,29.84,2.24,912.06,2.77,14.68
2020-07-23 17:00:56,26.6,2.11,779.91,3.13,15.06
2020-07-23 18:00:56,31.73,1.96,949.83,3.56,15.28
2020-07-23 19:00:56,36.29,1.9,1005.98,2.65,14.89
2020-07-23 20:00:56,43.78,1.8,1130.63,3.63,15.49
2020-07-23 21:00:56,43.11,1.65,1277.35,3.9,15.69
2020-07-23 22:00:56,43.14,7.38,1384.69,4.17,15.87
2020-07-23 23:00:56,48.67,18.15,1445.42,3.7,15.46
2020-07-24 00:00:56,50.12,6.31,1440.0,3.24,15.1
2020-07-24 01:00:56,34.66,3.89,1646.03,3.85,15.54
2020-07-24 02:00:56,39.97,10.6,1785.67,3.58,15.5
2020-07-24 03:00:56,28.69,2.19,1803.43,3.7,15.35
2020-07-24 04:00:56,20.08,1.79,1914.56,3.53,15.18
2020-07-24 05:00:56,19.61,1.94,1957.41,3.45,15.31
2020-07-24 06:00:56,24.06,2.13,2033.37,3.61,15.55
2020-07-24 07:00:56,23.88,2.55,1978.74,3.48,15.33
2020-07-24 08:00:56,21.56,3.48,1748.27,3.73,15.51
2020-07-24 09:00:56,25.39,3.43,1541.28,3.16,15.0
2020-07-24 10:00:56,30.53,3.06,1498.66,3.09,15.03
2020-07-24 11:00:56,28.86,2.86,0.0,3.37,15.55
2020-07-24 12:00:56,29.47,3.04,1013.15,3.55,15.33
2020-07-24 13:00:56,26.64,4.13,835.03,3.42,14.93
2020-07-24 14:00:56,21.03,3.76,807.81,3.86,15.49
2020-07-24 15:00:56,25.81,7.99,774.77,3.7,15.86
2020-07-24 16:00:56,34.79,3.71,656.87,3.33,15.06
2020-07-24 17:00:56,39.62,2.7,810.62,4.06,15.61
2020-07-24 18:00:56,37.14,2.7,970.77,3.17,15.12
2020-07-24 19:00:56,39.65,2.75,1141.67,3.37,14.92
2020-07-24 20:00:56,38.61,2.4,1298.5,3.52,15.52
2020-07-24 21:00:56,45.45,2.43,1590.01,3.58,15.35
2020-07-24 22:00:56,42.03,2.44,1532.79,3.32,14.94
2020-07-24 23:00:56,38.69,2.03,1594.29,3.31,15.04
2020-07-25 00:00:56,39.22,1.96,1682.63,3.34,15.42
2020-07-25 01:00:56,42.13,2.09,1754.3,3.84,15.75
2020-07-25 02:00:56,37.82,9.9,1904.58,3.42,15.55
2020-07-25 03:00:56,24.58,1.98,1929.06,2.88,15.13
2020-07-25 04:00:56,26.75,1.62,1981.98,3.7,15.58
2020-07-25 05:00:56,24.51,1.86,1905.79,3.54,15.45
2020-07-25 06:00:56,23.41,1.7,2187.64,3.69,15.72
2020-07-25 07:00:56,26.25,2.0,2067.83,3.84,15.69
2020-07-25 08:00:56,35.73,2.22,2052.12,3.86,15.63
2020-07-25 09:00:56,31.3,4.19,1757.45,3.65,15.82
2020-07-25 10:00:56,32.83,19.29,1608.26,3.89,15.81
2020-07-25 11:00:56,45.24,96.39,0.0,3.79,15.2
2020-07-25 12:00:56,51.55,64.93,1065.92,3.55,15.17
2020-07-25 13:00:56,45.57,38.7,872.22,4.39,15.9
2020-07-25 14:00:56,45.25,119.33,723.02,3.75,15.43
2020-07-25 15:00:56,44.52,97.75,769.03,3.24,14.76
2020-07-25 16:00:56,51.41,34.66,1149.45,3.33,15.18
2020-07-25 17:00:56,58.26,112.6,1165.39,3.49,15.27
2020-07-25 18:00:56,66.03,96.84,998.2,3.94,15.27
2020-07-25 19:00:56,66.25,11.04,925.76,3.24,15.29
2020-07-25 20:00:56,54.07,5.9,960.49,4.03,15.63
2020-07-25 21:00:56,59.31,3.97,1378.25,3.63,15.33
2020-07-25 22:00:56,57.02,3.03,1610.72,3.9,15.3
2020-07-25 23:00:56,52.57,2.62,1750.07,3.02,15.09
2020-07-26 00:00:56,51.97,2.54,1752.22,3.55,15.43
2020-07-26 01:00:56,49.61,2.18,1825.48,3.21,15.36
2020-07-26 02:00:56,42.2,10.25,1882.69,3.37,15.44
2020-07-26 03:00:56,41.64,2.55,2187.96,3.97,15.94
2020-07-26 04:00:56,36.67,3.1,2310.43,3.9,15.44
2020-07-26 05:00:56,21.31,2.24,2296.9,3.04,14.91
2020-07-26 06:00:56,22.25,2.87,2156.04,3.65,15.96
2020-07-26 07:00:56,28.33,3.43,2139.39,2.59,14.86
2020-07-26 08:00:56,19.08,3.86,2023.36,3.37,15.08
2020-07-26 09:00:56,18.77,3.98,1794.64,3.73,15.62
2020-07-26 10:00:56,27.21,3.48,1549.85,3.77,15.51
2020-07-26 11:00:56,17.57,3.12,0.0,4.18,15.55
2020-07-26 12:00:56,25.35,21.85,1041.64,3.84,15.62
2020-07-26 13:00:56,57.47,74.85,786.08,3.72,15.12
2020-07-26 14:00:56,62.3,18.05,630.86,3.81,15.41
2020-07-26 15:00:56,54.9,6.95,667.76,3.97,15.4
2020-07-26 16:00:56,48.21,3.6,535.48,4.02,15.54
2020-07-26 17:00:56,35.34,4.47,573.26,3.72,15.31
2020-07-26 18:00:56,36.52,6.34,890.87,3.24,14.9
2020-07-26 19:00:56,37.65,2.62,818.8,3.7,15.21
2020-07-26 20:00:56,43.3,2.16,1112.61,4.46,15.86
2020-07-26 21:00:56,36.91,1.77,1446.42,3.62,15.42
2020-07-26 22:00:56,47.96,1.71,1691.85,4.0,15.62
2020-07-26 23:00:56,50.9,1.03,1893.64,3.27,15.39
2020-07-27 00:00:56,46.62,2.08,1978.37,4.08,15.63
2020-07-27 01:00:56,47.38,4.1,2101.37,3.7,15.34
2020-07-27 02:00:56,47.09,12.33,2116.38,2.71,14.66
2020-07-27 03:00:56,40.51,3.46,2269.53,3.91,15.57
2020-07-27 04:00:56,45.16,1.96,2314.99,4.11,15.46
2020-07-27 05:00:56,38.88,1.78,2352.01,3.6,15.72
2020-07-27 06:00:56,34.76,1.68,2626.26,3.93,15.81
2020-07-27 07:00:56,29.63,1.79,2318.27,3.34,15.51
2020-07-27 08:00:56,32.98,1.72,2323.2,3.76,15.48
2020-07-27 09:00:56,31.93,1.53,1973.13,2.99,15.16
2020-07-27 10:00:56,33.21,3.04,1733.19,2.78,14.88
2020-07-27 11:00:56,32.4,10.19,0.0,4.0,15.5
2020-07-27 12:00:56,27.48,35.89,1089.68,2.72,14.65
2020-07-27 13:00:56,41.62,84.86,981.39,4.08,15.39
2020-07-27 14:00:56,41.4,3.92,786.19,3.43,15.07
2020-07-27 15:00:56,30.04,2.89,759.76,3.99,15.74
2020-07-27 16:00:56,26.41,2.74,720.74,3.46,15.18
2020-07-27 17:00:56,19.93,2.47,859.03,3.06,14.66
2020-07-27 18:00:56,23.95,6.26,929.47,3.55,15.44
2020-07-27 19:00:56,35.86,4.01,1232.89,3.66,15.4
2020-07-27 20:00:56,42.58,3.86,1274.63,3.46,15.34
2020-07-27 21:00:56,43.26,5.16,1803.69,3.86,15.22
2020-07-27 22:00:56,46.73,3.39,1931.26,3.45,15.03
2020-07-27 23:00:56,50.63,3.19,2231.75,4.1,15.79
2020-07-28 00:00:56,64.93,2.48,2313.91,3.31,15.09
2020-07-28 01:00:56,62.09,2.12,2302.57,4.11,15.96
2020-07-28 02:00:56,50.58,9.98,2450.62,2.97,15.18
2020-07-28 03:00:56,40.73,2.11,2455.14,2.97,15.26
2020-07-28 04:00:56,33.43,1.88,2502.87,3.29,15.39
2020-07-28 05:00:56,29.43,1.71,2468.09,3.7,15.48
2020-07-28 06:00:56,26.32,1.76,2474.21,4.25,15.93
2020-07-28 07:00:56,35.95,1.35,2504.04,3.94,15.51
2020-07-28 08:00:56,33.87,0.99,2551.49,4.05,15.76
2020-07-28 09:00:56,38.24,1.42,2372.72,3.74,15.91
2020-07-28 10:00:56,41.82,5.58,2197.69,3.74,15.55
2020-07-28 11:00:56,34.66,22.19,0.0,3.7,15.6
2020-07-28 12:00:56,27.26,8.53,988.88,3.18,15.04
2020-07-28 13:00:56,24.57,12.2,727.43,3.88,15.6
2020-07-28 14:00:56,56.77,3.2,609.56,3.72,15.39
2020-07-28 15:00:56,91.08,2.89,698.0,3.83,15.62
2020-07-28 16:00:56,64.42,2.45,675.18,4.09,15.63
2020-07-28 17:00:56,55.6,74.4,578.36,3.81,15.13
2020-07-28 18:00:56,49.12,55.31,675.91,3.65,15.51
2020-07-28 19:00:56,32.4,43.52,1110.82,2.81,14.98
2020-07-28 20:00:56,38.67,18.63,1135.04,3.18,15.06
2020-07-28 21:00:56,48.11,8.79,1268.8,3.27,15.14
2020-07-28 22:00:56,37.98,5.42,1488.64,3.33,15.24
2020-07-28 23:00:56,35.75,3.44,1613.09,3.52,15.31
2020-07-29 00:00:56,32.02,1.9,1797.84,3.0,14.98
2020-07-29 01:00:56,36.57,1.64,1919.87,3.54,15.19
2020-07-29 02:00:56,37.08,9.62,2020.0,3.82,15.85
2020-07-29 03:00:56,26.07,2.0,2041.32,3.78,15.94
2020-07-29 04:00:56,29.03,1.9,2036.38,3.55,15.37
2020-07-29 05:00:56,24.91,1.62,2225.52,3.28,15.11
2020-07-29 06:00:56,27.46,1.91,2261.59,3.26,15.25
2020-07-29 07:00:56,29.12,2.68,2231.94,3.01,15.28
2020-07-29 08:00:56,25.79,3.22,2309.05,3.57,15.36
2020-07-29 09:00:56,29.41,4.63,1960.49,3.6,15.78
2020-07-29 10:00:56,46.79,185.53,1629.17,4.8,16.21
2020-07-29 11:00:56,55.41,76.67,0.0,4.02,15.62
2020-07-29 12:00:56,59.36,41.85,873.01,3.6,15.46
2020-07-29 13:00:56,57.75,9.05,636.93,3.07,14.82
2020-07-29 14:00:56,44.88,69.62,568.25,3.41,15.29
2020-07-29 15:00:56,44.88,143.5,598.47,3.31,15.2
2020-07-29 16:00:56,46.26,31.55,633.72,3.34,14.89
2020-07-29 17:00:56,48.76,9.93,756.72,2.75,14.86
2020-07-29 18:00:56,52.43,11.03,647.8,3.6,15.38
2020-07-29 19:00:56,51.49,6.66,780.39,3.68,15.24
2020-07-29 20:00:56,47.99,2.58,1668.16,3.97,15.79
2020-07-29 21:00:56,39.88,1.91,1347.22,3.9,15.6
2020-07-29 22:00:56,41.31,4.39,1500.69,3.55,15.22
2020-07-29 23:00:56,44.77,3.04,1793.78,3.22,15.1
2020-07-30 00:00:56,43.14,2.51,1886.58,3.68,15.34
2020-07-30 01:00:56,40.95,1.79,2052.0,3.73,15.74
2020-07-30 02:00:56,33.84,14.02,2197.36,3.42,15.11
2020-07-30 03:00:56,34.39,0.0,2163.64,4.02,16.35
2020-07-30 04:00:56,30.0,0.0,2255.22,3.78,15.5
2020-07-30 05:00:56,26.47,1.39,2290.47,3.87,15.73
2020-07-30 06:00:56,21.77,1.49,2395.4,3.42,15.21
2020-07-30 07:00:56,26.53,1.73,2432.72,3.41,15.23
2020-07-30 08:00:56,31.68,1.59,2459.58,3.19,15.15
2020-07-30 09:00:56,37.95,1.61,2320.65,3.54,14.98
2020-07-30 10:00:56,26.63,1.98,2170.32,2.91,14.66
2020-07-30 11:00:56,20.41,4.87,0.0,3.9,15.5
2020-07-30 12:00:56,16.43,3.04,1047.0,4.03,15.87
2020-07-30 13:00:56,21.1,1.98,832.6,3.22,15.28
2020-07-30 14:00:56,17.24,1.62,737.42,3.1,14.98
2020-07-30 15:00:56,21.59,5.63,770.74,3.99,15.66
2020-07-30 16:00:56,24.66,21.11,953.83,3.43,14.89
2020-07-30 17:00:56,32.29,7.22,933.92,3.72,15.42
2020-07-30 18:00:56,22.89,5.68,1299.82,3.55,15.33
2020-07-30 19:00:56,27.92,2.44,1204.45,3.8,15.43
2020-07-30 20:00:56,23.86,1.71,1313.16,3.5,14.99
2020-07-30 21:00:56,24.67,1.68,1565.13,3.95,15.51
2020-07-30 22:00:56,28.02,1.74,1706.92,3.53,15.72
2020-07-30 23:00:56,30.41,1.66,1849.74,3.73,15.69
2020-07-31 00:00:56,31.49,1.05,1754.03,3.57,14.88
2020-07-31 01:00:56,27.64,0.97,1836.96,4.12,15.81
2020-07-31 02:00:56,27.47,9.32,1864.14,3.62,15.45
2020-07-31 03:00:56,16.9,1.26,1948.46,3.37,15.56
2020-07-31 04:00:56,13.83,1.22,2008.86,3.6,15.36
2020-07-31 05:00:56,12.95,1.26,2019.74,3.65,15.4
2020-07-31 06:00:56,15.33,1.36,2748.97,3.46,15.62
2020-07-31 07:00:56,21.74,1.19,2212.73,3.61,15.36
2020-07-31 08:00:56,21.9,1.25,1972.0,3.92,15.8
2020-07-31 09:00:56,13.9,2.59,1689.14,3.7,15.38
2020-07-31 10:00:56,8.53,33.54,1470.64,2.54,14.55
2020-07-31 11:00:56,10.51,98.51,0.0,3.3,15.43
2020-07-31 12:00:56,17.44,19.45,1416.06,3.47,15.49
2020-07-31 13:00:56,10.74,145.96,791.72,3.29,15.35
2020-07-31 14:00:56,8.92,73.16,733.56,3.17,15.11
2020-07-31 15:00:56,9.16,16.77,637.07,3.46,15.17
2020-07-31 16:00:56,7.89,45.17,0.0,4.18,15.58
2020-07-31 17:00:56,4.9,44.07,683.61,3.78,15.65
2020-07-31 18:00:56,7.36,39.42,887.07,3.38,15.4
2020-07-31 19:00:56,17.39,59.2,959.53,3.72,15.69
2020-07-31 20:00:56,25.4,10.83,1112.4,3.03,14.52
2020-07-31 21:00:56,30.12,6.76,1482.22,2.92,14.79
2020-07-31 22:00:56,35.68,4.94,1685.17,3.3,14.76
2020-07-31 23:00:56,33.49,3.83,1857.69,3.64,15.44
2020-08-01 00:00:56,37.55,3.3,1914.28,3.85,15.63
2020-08-01 01:00:56,36.49,2.46,2238.1,3.19,15.3
2020-08-01 02:00:56,26.98,10.49,2084.14,3.74,15.39
2020-08-01 03:00:56,25.99,2.58,2249.4,3.35,15.38
2020-08-01 04:00:56,16.91,2.74,2387.72,3.45,15.6
2020-08-01 05:00:56,17.48,2.39,2326.92,3.65,15.41
2020-08-01 06:00:56,21.47,2.89,2440.86,3.77,15.85
2020-08-01 07:00:56,23.52,6.67,2269.49,3.83,15.14
2020-08-01 08:00:56,17.27,5.33,2157.9,3.72,15.51
2020-08-01 09:00:56,21.8,2.86,1984.88,3.92,15.93
2020-08-01 10:00:56,23.96,3.38,1710.67,3.47,15.09
2020-08-01 11:00:56,24.09,54.92,0.0,3.78,15.51
2020-08-01 12:00:56,35.1,92.04,1504.25,3.14,15.18
2020-08-01 13:00:56,36.02,86.75,1240.3,3.43,15.19
2020-08-01 14:00:56,37.96,115.69,1026.73,3.28,14.91
2020-08-01 15:00:56,38.52,37.31,1271.76,2.85,14.91
2020-08-01 16:00:56,36.04,4.63,976.53,3.79,15.16
2020-08-01 17:00:56,26.7,3.79,1052.29,4.29,15.65
2020-08-01 18:00:56,32.17,7.2,1166.37,4.47,15.9
2020-08-01 19:00:56,30.29,4.42,1409.19,3.33,15.11
2020-08-01 20:00:56,27.77,22.78,1643.86,3.6,15.74
2020-08-01 21:00:56,32.85,6.88,1756.24,3.26,15.05
2020-08-01 22:00:56,36.71,3.42,2057.26,3.09,15.22
2020-08-01 23:00:56,32.94,2.81,2162.46,3.54,15.22
2020-08-02 00:00:56,34.1,2.91,2213.83,3.44,15.1
2020-08-02 01:00:56,29.92,3.3,2260.15,4.06,15.85
2020-08-02 02:00:56,34.4,10.23,2236.49,3.54,15.72
2020-08-02 03:00:56,25.95,2.22,2158.54,3.53,15.6
2020-08-02 04:00:56,23.69,1.96,2246.38,3.2,15.52
2020-08-02 05:00:56,24.91,2.41,2306.51,2.54,14.87
2020-08-02 06:00:56,22.52,2.23,2383.77,3.25,15.35
2020-08-02 07:00:56,17.69,2.41,2535.89,3.5,15.23
2020-08-02 08:00:56,25.86,2.04,2466.77,3.06,15.02
2020-08-02 09:00:56,20.81,1.93,2526.94,3.86,15.29
2020-08-02 10:00:56,13.69,1.6,2613.41,3.82,15.77
2020-08-02 11:00:56,12.59,1.61,0.0,3.05,15.11
2020-08-02 12:00:56,14.78,1.93,1139.95,3.89,16.01
2020-08-02 13:00:56,14.18,2.22,1041.27,3.11,15.14
2020-08-02 14:00:56,24.72,2.0,1095.99,3.21,15.1
2020-08-02 15:00:56,24.34,2.84,1147.57,3.93,15.8
2020-08-02 16:00:56,20.39,2.08,1293.83,3.5,15.34
2020-08-02 17:00:56,17.97,1.68,1534.2,3.32,15.07
2020-08-02 18:00:56,16.62,1.04,1609.11,3.39,15.45
2020-08-02 19:00:56,23.63,1.47,1690.54,3.68,15.31
2020-08-02 20:00:56,13.83,1.66,1746.71,4.32,15.88
2020-08-02 21:00:56,15.49,1.38,1850.47,4.09,15.72
2020-08-02 22:00:56,27.92,1.55,2047.26,3.74,15.31
2020-08-02 23:00:56,37.3,1.49,2017.49,3.6,15.45
2020-08-03 00:00:56,39.95,1.66,1653.59,3.75,15.03
2020-08-03 01:00:56,33.54,1.62,1722.2,3.65,15.65
2020-08-03 02:00:56,28.49,8.83,1665.0,3.67,15.47
2020-08-03 03:00:56,22.82,1.54,1671.85,3.32,15.44
2020-08-03 04:00:56,34.42,1.63,1658.11,4.02,15.8
2020-08-03 05:00:56,28.99,1.54,1518.25,3.67,15.54
2020-08-03 06:00:56,20.15,1.53,1508.0,3.73,15.9
2020-08-03 07:00:56,13.27,1.75,1488.96,3.89,15.49
2020-08-03 08:00:56,8.46,1.85,1428.61,3.17,15.13
2020-08-03 09:00:56,9.36,1.58,1280.98,2.85,15.12
2020-08-03 10:00:56,11.94,2.33,1177.23,3.28,15.42
2020-08-03 11:00:56,7.09,2.3,0.0,3.18,15.17
2020-08-03 12:00:56,4.02,2.56,993.47,3.28,15.29
2020-08-03 13:00:56,4.18,10.37,681.33,3.82,15.49
2020-08-03 14:00:56,7.32,38.96,646.32,4.08,15.92
2020-08-03 15:00:56,12.07,7.82,519.71,3.35,15.37
2020-08-03 16:00:56,10.92,2.62,484.66,4.07,15.79
2020-08-03 17:00:56,7.33,2.1,469.18,3.21,15.08
2020-08-03 18:00:56,9.42,2.46,550.15,3.36,15.23
2020-08-03 19:00:56,19.58,1.51,566.95,2.71,14.56
2020-08-03 20:00:56,22.33,1.9,973.1,2.51,14.34
2020-08-03 21:00:56,33.11,1.59,1269.05,3.99,15.51
2020-08-03 22:00:56,52.23,0.92,1384.46,3.03,15.09
2020-08-03 23:00:56,44.31,1.91,1479.21,3.96,15.29
2020-08-04 00:00:56,31.2,1.4,1657.38,3.42,15.55
2020-08-04 01:00:56,27.78,1.6,1723.01,3.84,15.74
2020-08-04 02:00:56,25.48,9.52,2078.84,3.3,15.45
2020-08-04 03:00:56,20.87,2.89,1919.83,4.23,16.11
2020-08-04 04:00:56,15.9,6.1,1952.48,3.05,15.13
2020-08-04 05:00:56,12.16,4.94,2009.93,3.39,15.48
2020-08-04 06:00:56,12.08,3.49,1900.78,3.72,15.62
2020-08-04 07:00:56,13.0,3.32,2000.17,3.93,15.79
2020-08-04 08:00:56,18.7,2.61,2111.46,3.94,16.16
2020-08-04 09:00:56,13.18,3.2,1883.23,3.44,15.24
2020-08-04 10:00:56,16.49,4.93,1603.71,3.53,15.34
2020-08-04 11:00:56,16.97,17.67,0.0,3.19,15.3
2020-08-04 12:00:56,24.05,40.88,900.56,4.01,15.34
2020-08-04 13:00:56,23.62,107.6,531.12,3.06,14.82
2020-08-04 14:00:56,19.59,52.17,502.08,3.02,14.7
2020-08-04 15:00:56,27.32,16.28,446.57,3.09,15.09
2020-08-04 16:00:56,25.9,10.42,489.1,3.35,15.11
2020-08-04 17:00:56,28.16,13.45,561.53,3.71,15.77
2020-08-04 18:00:56,32.9,3.34,645.39,3.18,15.12
2020-08-04 19:00:56,29.94,2.5,773.39,3.94,15.58
2020-08-04 20:00:56,19.27,2.16,974.03,3.56,15.42
2020-08-04 21:00:56,22.08,2.21,1265.8,3.57,15.77
2020-08-04 22:00:56,29.76,1.17,1452.29,3.89,15.53
2020-08-04 23:00:56,27.69,1.91,1652.09,3.75,15.61
2020-08-05 00:00:56,32.62,2.19,1765.87,3.37,15.42
2020-08-05 01:00:56,34.64,2.12,2023.74,3.38,15.12
2020-08-05 02:00:56,31.83,9.89,1988.05,3.18,15.2
2020-08-05 03:00:56,34.6,2.12,2065.01,3.31,15.37
2020-08-05 04:00:56,24.96,1.87,1965.93,3.51,15.65
2020-08-05 05:00:56,22.46,1.95,2048.45,3.41,15.47
2020-08-05 06:00:56,18.28,2.17,1904.29,3.13,15.09
2020-08-05 07:00:56,11.05,2.48,2004.81,3.63,15.65
2020-08-05 08:00:56,9.03,2.29,1986.03,3.63,15.6
2020-08-05 09:00:56,9.41,2.38,1790.78,3.29,15.52
2020-08-05 10:00:56,13.68,22.14,1520.92,3.45,15.29
2020-08-05 11:00:56,23.46,15.56,0.0,3.81,15.78
2020-08-05 12:00:56,28.61,10.5,808.37,3.28,15.14
2020-08-05 13:00:56,25.58,130.41,419.63,2.8,14.85
2020-08-05 14:00:56,20.2,190.23,0.0,3.63,15.3
2020-08-05 15:00:56,27.33,163.43,23.91,3.01,14.78
2020-08-05 16:00:56,19.89,123.64,94.13,2.8,14.6
2020-08-05 17:00:56,15.52,53.44,254.5,3.75,15.08
2020-08-05 18:00:56,14.28,7.9,383.38,3.77,15.91
2020-08-05 19:00:56,20.34,18.69,467.87,3.64,15.73
2020-08-05 20:00:56,30.57,13.2,732.47,3.71,15.63
2020-08-05 21:00:56,34.58,3.91,1233.63,4.04,15.8
2020-08-05 22:00:56,34.74,2.8,1660.36,3.52,15.27
2020-08-05 23:00:56,37.11,2.65,1470.97,3.19,14.81
2020-08-06 00:00:56,27.79,2.25,1726.27,2.4,14.46
2020-08-06 01:00:56,37.29,1.86,1827.31,3.51,15.18
2020-08-06 02:00:56,37.46,9.52,2049.04,3.54,15.53
2020-08-06 03:00:56,26.07,2.12,2037.19,4.08,15.66
2020-08-06 04:00:56,33.17,2.23,2116.17,3.87,15.69
2020-08-06 05:00:56,28.55,2.42,2002.27,3.57,15.57
2020-08-06 06:00:56,19.98,2.0,2007.0,3.44,15.65
2020-08-06 07:00:56,16.34,2.35,2039.44,3.07,15.12
2020-08-06 08:00:56,17.53,2.23,2157.56,3.36,15.23
2020-08-06 09:00:56,24.36,23.93,1760.97,3.75,15.38
2020-08-06 10:00:56,23.6,62.79,1453.75,3.1,15.18
2020-08-06 11:00:56,29.02,49.1,0.0,3.2,15.16
2020-08-06 12:00:56,39.81,56.3,775.95,3.78,15.31
2020-08-06 13:00:56,30.1,189.86,596.2,3.4,15.15
2020-08-06 14:00:56,39.77,126.13,543.99,3.43,15.47
2020-08-06 15:00:56,33.44,148.6,698.15,3.44,15.61
2020-08-06 16:00:56,33.09,69.96,810.46,3.4,15.26
2020-08-06 17:00:56,36.18,45.29,819.97,3.35,15.03
2020-08-06 18:00:56,37.94,38.52,975.94,3.0,15.05
2020-08-06 19:00:56,39.47,6.01,1311.62,3.36,15.05
2020-08-06 20:00:56,40.49,9.04,1290.84,3.67,15.2
2020-08-06 21:00:56,36.92,4.06,1597.97,3.31,15.08
2020-08-06 22:00:56,29.32,2.19,1835.44,3.62,15.55
2020-08-06 23:00:56,31.99,0.39,1944.56,4.19,15.78
2020-08-07 00:00:56,34.69,2.19,2035.16,3.55,15.5
2020-08-07 01:00:56,32.52,1.99,2056.83,3.1,15.15
2020-08-07 02:00:56,30.74,9.93,2140.5,3.11,14.88
2020-08-07 03:00:56,27.43,1.74,2271.8,3.45,15.03
2020-08-07 04:00:56,26.12,1.6,1633.85,3.15,15.05
2020-08-07 05:00:56,25.39,1.68,2486.38,4.13,15.57
2020-08-07 06:00:56,27.17,1.78,2345.07,3.74,15.95
2020-08-07 07:00:56,18.65,1.79,2448.97,4.36,15.6
2020-08-07 08:00:56,17.46,4.0,2518.61,3.34,15.52
2020-08-07 09:00:56,16.73,5.64,1998.91,2.8,15.29
2020-08-07 10:00:56,21.95,5.26,1801.07,3.74,15.47
2020-08-07 11:00:56,16.75,3.99,0.0,3.03,14.85
2020-08-07 12:00:56,10.13,3.46,962.27,3.28,14.96
2020-08-07 13:00:56,13.18,4.71,775.01,3.45,15.13
2020-08-07 14:00:56,32.47,2.65,562.35,3.62,15.22
2020-08-07 15:00:56,41.64,2.46,439.76,3.76,15.4
2020-08-07 16:00:56,40.23,2.09,584.47,3.58,15.44
2020-08-07 17:00:56,38.59,16.18,295.49,3.03,14.82
2020-08-07 18:00:56,40.57,3.38,332.05,3.37,15.05
2020-08-07 19:00:56,35.77,2.3,508.88,3.38,15.16
2020-08-07 20:00:56,33.63,2.02,1678.57,2.92,14.96
2020-08-07 21:00:56,42.22,1.96,1417.14,3.02,15.11
2020-08-07 22:00:56,48.73,1.93,1223.83,3.66,15.41
2020-08-07 23:00:56,49.73,1.92,1545.68,3.55,15.52
2020-08-08 00:00:56,42.56,1.99,1789.79,4.29,15.99
2020-08-08 01:00:56,41.12,1.72,1938.22,3.33,15.3
2020-08-08 02:00:56,30.03,9.73,1977.93,3.85,15.51
2020-08-08 03:00:56,22.99,1.86,2064.34,2.63,14.84
2020-08-08 04:00:56,24.2,2.13,1980.06,3.48,15.61
2020-08-08 05:00:56,24.69,2.47,2154.5,2.86,14.86
2020-08-08 06:00:56,20.59,2.56,2236.52,2.95,14.92
2020-08-08 07:00:56,25.85,3.12,2342.8,4.27,15.66
2020-08-08 08:00:56,22.97,10.25,2200.45,3.51,15.33
2020-08-08 09:00:56,30.93,5.02,1945.33,3.22,15.34
2020-08-08 10:00:56,25.83,2.65,1643.61,3.79,15.51
2020-08-08 11:00:56,14.37,3.05,0.0,3.71,15.59
2020-08-08 12:00:56,12.71,12.15,1055.2,3.78,15.45
2020-08-08 13:00:56,19.61,41.3,911.49,2.55,14.56
2020-08-08 14:00:56,27.08,4.44,596.33,3.43,14.93
2020-08-08 15:00:56,38.74,3.39,454.23,3.14,14.56
2020-08-08 16:00:56,38.37,2.65,389.59,3.4,15.31
2020-08-08 17:00:56,35.89,2.37,645.53,3.76,15.43
2020-08-08 18:00:56,37.5,2.0,594.83,3.5,15.39
2020-08-08 19:00:56,37.03,2.6,813.96,3.21,15.18
2020-08-08 20:00:56,30.08,2.33,1358.69,3.73,15.79
2020-08-08 21:00:56,35.23,2.12,1207.52,3.38,15.58
2020-08-08 22:00:56,41.62,1.91,1366.49,3.31,15.26
2020-08-08 23:00:56,42.04,1.71,1413.75,3.47,15.16
2020-08-09 00:00:56,47.82,1.65,1482.27,3.26,15.41
2020-08-09 01:00:56,34.67,2.31,1515.65,3.89,15.65
2020-08-09 02:00:56,30.57,9.46,1570.06,4.23,15.62
2020-08-09 03:00:56,31.62,2.34,1677.97,4.15,16.02
2020-08-09 04:00:56,22.05,4.73,1811.02,2.98,14.8
2020-08-09 05:00:56,17.0,5.32,1897.0,3.39,15.27
2020-08-09 06:00:56,23.13,3.2,2174.1,3.83,15.32
2020-08-09 07:00:56,21.17,3.36,2205.98,2.92,14.87
2020-08-09 08:00:56,21.09,17.06,2115.56,3.05,15.04
2020-08-09 09:00:56,25.33,80.35,1991.41,3.25,15.15
2020-08-09 10:00:56,50.39,10.81,1912.02,4.03,15.35
2020-08-09 11:00:56,52.92,7.51,0.0,3.55,15.26
2020-08-09 12:00:56,55.54,4.32,1119.48,3.79,15.66
2020-08-09 13:00:56,53.99,3.42,785.97,4.22,16.09
2020-08-09 14:00:56,55.71,3.27,38.92,3.44,15.2
2020-08-09 15:00:56,58.15,3.2,299.23,3.7,15.48
2020-08-09 16:00:56,71.75,2.68,336.03,3.53,14.98
2020-08-09 17:00:56,71.13,2.98,238.68,3.29,14.93
2020-08-09 18:00:56,61.12,3.11,369.62,3.61,14.9
2020-08-09 19:00:56,89.15,5.62,292.5,4.13,15.62
2020-08-09 20:00:56,118.07,3.51,671.87,3.31,15.35
2020-08-09 21:00:56,93.49,3.18,1002.65,3.75,15.67
2020-08-09 22:00:56,74.4,2.46,1252.61,3.33,15.49
2020-08-09 23:00:56,64.16,2.49,1500.55,3.09,15.06
2020-08-10 00:00:56,49.24,2.76,1351.44,3.1,14.86
2020-08-10 01:00:56,50.96,2.5,1556.95,3.52,15.31
2020-08-10 02:00:56,46.67,9.97,1634.58,3.49,15.35
2020-08-10 03:00:56,41.44,2.2,1965.46,3.47,15.22
2020-08-10 04:00:56,40.76,1.58,1995.5,3.93,15.52
2020-08-10 05:00:56,36.82,2.37,2003.45,3.94,15.95
2020-08-10 06:00:56,33.34,2.3,2066.87,3.8,15.8
2020-08-10 07:00:56,31.17,2.11,1990.42,3.55,15.64
2020-08-10 08:00:56,31.89,3.44,1977.0,3.04,14.83
2020-08-10 09:00:56,37.29,13.68,1820.82,3.25,15.05
2020-08-10 10:00:56,30.41,27.5,1540.32,3.66,15.38
2020-08-10 11:00:56,36.18,4.55,0.0,3.06,14.7
2020-08-10 12:00:56,74.41,3.52,1093.42,3.93,15.67
2020-08-10 13:00:56,97.84,2.86,613.77,0.0,0.0
2020-08-10 14:00:56,78.29,3.39,716.82,3.86,15.49
2020-08-10 15:00:56,77.78,3.14,732.54,3.85,15.75
2020-08-10 16:00:56,110.44,2.95,641.5,3.54,15.38
2020-08-10 17:00:56,118.65,2.79,660.17,2.57,14.71
2020-08-10 18:00:56,117.94,2.83,664.32,3.79,15.57
2020-08-10 19:00:56,122.23,2.27,736.11,3.99,15.78
2020-08-10 20:00:56,99.6,2.3,950.53,4.06,15.7
2020-08-10 21:00:56,80.58,2.28,1293.95,4.0,15.33
2020-08-10 22:00:56,72.49,2.46,1383.96,3.93,15.43
2020-08-10 23:00:56,63.91,2.54,1459.9,3.65,15.44
2020-08-11 00:00:56,46.81,1.94,1622.67,4.09,15.54
2020-08-11 01:00:56,42.58,2.34,1591.38,3.06,15.23
2020-08-11 02:00:56,36.51,9.59,1737.73,3.0,15.1
2020-08-11 03:00:56,33.07,2.06,1957.89,3.45,15.49
2020-08-11 04:00:56,31.19,2.01,2130.68,2.57,14.73
2020-08-11 05:00:56,28.38,1.97,2267.62,3.11,14.94
2020-08-11 06:00:56,29.38,2.08,2163.34,3.29,15.45
2020-08-11 07:00:56,21.33,2.15,2421.21,3.46,15.47
2020-08-11 08:00:56,18.86,2.78,1997.88,3.58,15.59
2020-08-11 09:00:56,26.7,3.14,1861.61,3.87,15.93
2020-08-11 10:00:56,41.52,4.4,1679.85,3.56,15.04
2020-08-11 11:00:56,52.68,8.74,0.0,3.39,15.68
2020-08-11 12:00:56,63.42,6.53,944.5,3.18,15.17
2020-08-11 13:00:56,72.97,6.76,764.75,3.18,15.31
2020-08-11 14:00:56,79.18,5.68,651.47,3.72,15.35
2020-08-11 15:00:56,96.05,8.15,524.06,3.7,15.53
2020-08-11 16:00:56,93.15,3.49,367.67,3.69,15.14
2020-08-11 17:00:56,79.58,3.53,454.29,3.1,15.29
2020-08-11 18:00:56,80.02,2.81,311.59,3.49,15.2
2020-08-11 19:00:56,67.86,2.49,381.24,3.68,15.51
2020-08-11 20:00:56,55.96,2.43,601.06,3.01,15.3
2020-08-11 21:00:56,52.25,2.82,976.94,3.5,15.3
2020-08-11 22:00:56,52.39,2.22,1255.61,3.71,15.77
2020-08-11 23:00:56,43.54,2.69,1428.47,3.24,15.09
2020-08-12 00:00:56,39.83,2.22,1663.04,3.62,15.25
2020-08-12 01:00:56,44.26,2.06,1775.31,3.74,15.47
2020-08-12 02:00:56,41.02,9.62,1942.5,4.05,15.65
2020-08-12 03:00:56,33.33,2.36,2084.26,3.97,15.52
2020-08-12 04:00:56,29.56,2.02,2263.05,2.88,15.06
2020-08-12 05:00:56,25.03,1.98,2229.85,3.81,15.57
2020-08-12 06:00:56,25.12,2.23,2410.08,3.58,15.32
2020-08-12 07:00:56,22.21,2.26,2360.29,3.5,15.69
2020-08-12 08:00:56,16.86,5.02,2245.88,3.63,15.53
2020-08-12 09:00:56,18.74,12.86,2046.12,3.05,15.29
2020-08-12 10:00:56,32.19,13.06,1652.57,4.2,15.97
2020-08-12 11:00:56,37.39,154.76,0.0,3.59,15.77
2020-08-12 12:00:56,36.4,115.06,798.11,3.96,15.81
2020-08-12 13:00:56,31.11,123.46,430.47,3.6,15.28
2020-08-12 14:00:56,24.41,41.98,355.65,3.98,15.64
2020-08-12 15:00:56,28.71,17.74,340.85,3.94,15.31
2020-08-12 16:00:56,23.53,5.37,385.57,3.44,15.17
2020-08-12 17:00:56,22.65,4.6,306.33,3.58,15.4
2020-08-12 18:00:56,28.87,3.34,453.98,2.99,14.79
2020-08-12 19:00:56,39.46,3.13,659.1,3.29,15.44
2020-08-12 20:00:56,37.12,6.08,1008.98,3.39,15.14
2020-08-12 21:00:56,42.46,2.77,1453.18,4.06,15.7
2020-08-12 22:00:56,55.34,2.71,1685.57,3.26,15.08
2020-08-12 23:00:56,57.48,2.69,1642.74,3.01,15.21
2020-08-13 00:00:56,53.41,2.43,1890.31,3.22,15.19
2020-08-13 01:00:56,69.87,2.38,2081.13,3.52,15.25
2020-08-13 02:00:56,78.64,13.86,2167.53,3.58,15.4
2020-08-13 03:00:56,61.62,2.33,2167.09,2.8,15.02
2020-08-13 04:00:56,37.53,2.4,2218.42,3.48,15.83
2020-08-13 05:00:56,21.17,2.04,2283.79,3.78,15.5
2020-08-13 06:00:56,17.37,2.27,2337.24,2.15,14.74
2020-08-13 07:00:56,19.52,2.22,2329.64,3.41,15.39
2020-08-13 08:00:56,22.16,2.44,2200.55,3.56,15.49
2020-08-13 09:00:56,26.16,2.58,2051.71,3.85,15.54
2020-08-13 10:00:56,0.0,0.0,1294.23,0.0,0.0
2020-08-13 11:00:56,46.87,51.23,0.0,3.56,15.12
2020-08-13 12:00:56,36.0,47.47,1044.97,3.19,15.13
2020-08-13 13:00:56,30.62,52.89,865.13,2.87,14.65
2020-08-13 14:00:56,23.2,57.87,819.94,3.67,15.23
2020-08-13 15:00:56,30.44,69.82,892.22,3.39,15.3
2020-08-13 16:00:56,22.11,30.57,936.68,3.44,15.38
2020-08-13 17:00:56,21.3,7.86,1041.21,3.94,15.25
2020-08-13 18:00:56,38.75,3.36,1173.22,4.46,16.2
2020-08-13 19:00:56,47.13,2.91,1288.09,3.44,15.32
2020-08-13 20:00:56,40.08,2.38,1402.57,3.11,14.73
2020-08-13 21:00:56,36.38,2.04,1667.09,3.27,15.11
2020-08-13 22:00:56,25.89,1.57,1835.57,3.61,15.47
2020-08-13 23:00:56,21.78,1.59,2122.51,3.27,15.13
2020-08-14 00:00:56,24.24,1.69,2356.48,3.97,15.46
2020-08-14 01:00:56,27.42,1.78,2270.99,3.42,15.29
2020-08-14 02:00:56,32.93,9.23,2259.04,4.43,15.67
2020-08-14 03:00:56,26.72,1.64,2421.34,3.65,15.45
2020-08-14 04:00:56,26.18,1.81,2453.53,3.09,15.08
2020-08-14 05:00:56,26.96,1.66,2476.94,3.3,15.48
2020-08-14 06:00:56,20.32,1.81,2587.92,2.82,15.34
2020-08-14 07:00:56,25.28,1.76,2680.74,3.15,15.23
2020-08-14 08:00:56,18.04,2.47,2662.78,3.6,15.71
2020-08-14 09:00:56,19.29,1.68,2252.35,3.09,15.12
2020-08-14 10:00:56,18.83,2.6,2122.88,3.92,15.39
2020-08-14 11:00:56,31.34,3.82,0.0,3.71,15.38
2020-08-14 12:00:56,29.0,2.82,856.01,4.02,15.82
2020-08-14 13:00:56,22.09,2.54,653.52,3.48,15.26
2020-08-14 14:00:56,17.81,2.37,421.63,2.6,15.12
2020-08-14 15:00:56,15.03,21.22,444.62,3.71,15.48
2020-08-14 16:00:56,22.41,26.03,661.67,3.19,14.94
2020-08-14 17:00:56,24.49,6.53,639.26,3.51,15.16
2020-08-14 18:00:56,21.76,15.1,969.71,3.38,15.06
2020-08-14 19:00:56,27.01,23.59,1256.09,3.24,14.81
2020-08-14 20:00:56,36.98,12.54,1419.51,3.69,15.14
2020-08-14 21:00:56,34.38,21.98,1588.72,3.57,15.77
2020-08-14 22:00:56,32.23,25.72,1754.72,3.53,15.42
2020-08-14 23:00:56,31.27,6.62,1839.67,3.16,14.96
2020-08-15 00:00:56,34.14,3.72,1863.85,3.26,15.12
2020-08-15 01:00:56,28.96,2.92,1942.94,3.52,15.37
2020-08-15 02:00:56,32.32,10.09,1970.73,4.03,15.86
2020-08-15 03:00:56,22.6,2.27,2243.76,3.78,15.66
2020-08-15 04:00:56,17.74,2.13,2481.26,3.77,15.77
2020-08-15 05:00:56,16.37,2.11,2193.72,3.37,15.21
2020-08-15 06:00:56,18.51,2.04,2194.76,3.58,15.71
2020-08-15 07:00:56,12.9,2.45,2363.27,3.37,15.25
2020-08-15 08:00:56,10.68,2.01,2063.91,3.32,15.38
2020-08-15 09:00:56,15.45,4.23,2021.62,3.04,15.23
2020-08-15 10:00:56,13.64,2.73,1753.17,3.74,15.26
2020-08-15 11:00:56,9.75,2.78,0.0,3.41,15.15
2020-08-15 12:00:56,10.51,2.66,596.27,3.65,15.44
2020-08-15 13:00:56,16.35,17.91,739.28,3.55,15.51
2020-08-15 14:00:56,18.88,32.35,525.25,3.53,15.64
2020-08-15 15:00:56,15.0,3.61,337.65,3.82,15.45
2020-08-15 16:00:56,21.57,2.27,263.57,3.68,15.31
2020-08-15 17:00:56,30.29,1.69,384.73,3.51,15.25
2020-08-15 18:00:56,33.05,3.07,700.6,3.36,14.96
2020-08-15 19:00:56,34.83,3.56,935.62,3.18,14.53
2020-08-15 20:00:56,39.99,2.7,1255.06,3.78,15.65
2020-08-15 21:00:56,43.35,2.32,1405.68,3.58,15.24
2020-08-15 22:00:56,38.78,2.29,1474.63,3.74,15.61
2020-08-15 23:00:56,29.8,2.11,1714.27,3.8,15.52
2020-08-16 00:00:56,29.74,1.93,1708.12,3.68,15.43
2020-08-16 01:00:56,28.22,2.12,1794.94,3.11,15.13
2020-08-16 02:00:56,26.47,9.87,1884.81,2.99,14.81
2020-08-16 03:00:56,18.41,2.27,1936.03,3.39,15.26
2020-08-16 04:00:56,20.45,2.48,1223.41,3.45,15.26
2020-08-16 05:00:56,17.38,2.01,1828.88,3.45,15.3
2020-08-16 06:00:56,15.74,2.18,1854.46,3.26,14.75
2020-08-16 07:00:56,15.06,3.07,1957.92,3.49,15.45
2020-08-16 08:00:56,15.31,3.61,1750.21,2.65,15.28
2020-08-16 09:00:56,11.97,2.53,1759.57,2.97,15.49
2020-08-16 10:00:56,14.29,2.79,1534.77,3.25,15.53
2020-08-16 11:00:56,8.38,2.64,0.0,3.89,15.26
2020-08-16 12:00:56,5.07,22.42,1010.43,3.69,15.61
2020-08-16 13:00:56,9.92,43.04,808.06,3.48,14.97
2020-08-16 14:00:56,20.73,64.14,595.85,4.49,15.82
2020-08-16 15:00:56,12.3,31.81,615.93,4.39,15.54
2020-08-16 16:00:56,9.43,14.55,532.59,4.08,15.95
2020-08-16 17:00:56,9.71,11.33,1128.37,3.82,15.83
2020-08-16 18:00:56,12.58,15.78,700.76,3.44,15.19
2020-08-16 19:00:56,21.37,4.5,903.01,3.31,15.57
2020-08-16 20:00:56,27.74,2.89,1135.29,3.19,14.99
2020-08-16 21:00:56,33.35,2.62,1373.09,3.74,15.44
2020-08-16 22:00:56,38.73,2.3,1431.28,3.42,15.31
2020-08-16 23:00:56,32.84,2.09,1537.31,3.05,15.09
2020-08-17 00:00:56,27.12,2.34,1585.06,3.56,15.38
2020-08-17 01:00:56,31.45,1.94,1560.98,3.44,15.32
2020-08-17 02:00:56,38.14,9.79,1759.66,2.56,14.93
2020-08-17 03:00:56,30.61,2.3,1889.46,3.23,15.16
2020-08-17 04:00:56,25.21,2.24,1910.13,3.97,15.98
2020-08-17 05:00:56,21.68,2.3,1905.04,4.22,15.79
2020-08-17 06:00:56,20.86,2.39,1924.2,3.49,15.68
2020-08-17 07:00:56,27.93,2.54,1989.09,2.75,14.79
2020-08-17 08:00:56,30.6,3.03,1950.33,3.97,15.65
2020-08-17 09:00:56,28.67,2.6,1913.71,3.13,15.32
2020-08-17 10:00:56,28.39,3.39,1546.52,3.72,15.56
2020-08-17 11:00:56,32.66,6.39,0.0,3.7,15.6
2020-08-17 12:00:56,48.06,3.42,893.38,3.67,15.36
2020-08-17 13:00:56,50.23,2.88,695.15,3.74,15.74
2020-08-17 14:00:56,32.46,3.32,467.44,2.96,14.82
2020-08-17 15:00:56,23.66,32.03,452.82,3.42,15.24
2020-08-17 16:00:56,27.04,45.47,442.92,3.86,15.45
2020-08-17 17:00:56,25.53,13.86,562.66,3.45,15.35
2020-08-17 18:00:56,26.3,3.82,567.68,4.25,15.97
2020-08-17 19:00:56,28.89,2.84,756.87,3.64,15.24
2020-08-17 20:00:56,29.28,2.32,1063.24,2.94,15.05
2020-08-17 21:00:56,40.85,1.86,1310.14,3.53,15.28
2020-08-17 22:00:56,36.94,2.04,1419.96,3.28,15.49
2020-08-17 23:00:56,32.87,1.92,1528.87,3.2,15.0
2020-08-18 00:00:56,29.33,1.89,1741.04,3.48,15.39
2020-08-18 01:00:56,30.92,1.89,1890.48,3.96,15.71
2020-08-18 02:00:56,27.25,9.62,1988.74,3.69,15.59
2020-08-18 03:00:56,21.87,2.0,1971.61,3.87,15.96
2020-08-18 04:00:56,26.25,2.07,1924.8,3.68,15.76
2020-08-18 05:00:56,24.55,2.17,2120.08,4.05,15.82
2020-08-18 06:00:56,19.73,2.12,2005.35,3.75,15.4
2020-08-18 07:00:56,23.61,1.93,2165.3,3.57,15.48
2020-08-18 08:00:56,18.36,1.98,2051.81,3.42,15.05
2020-08-18 09:00:56,26.26,13.11,1869.5,2.31,14.65
2020-08-18 10:00:56,22.67,10.42,1549.42,3.49,15.29
2020-08-18 11:00:56,22.06,44.94,0.0,3.61,14.91
2020-08-18 12:00:56,23.89,92.15,870.44,3.94,15.86
2020-08-18 13:00:56,27.4,53.77,459.03,4.13,15.92
2020-08-18 14:00:56,26.87,6.26,466.12,3.59,15.38
2020-08-18 15:00:56,22.48,6.38,548.58,3.28,15.3
2020-08-18 16:00:56,21.16,3.16,489.55,2.85,15.03
2020-08-18 17:00:56,23.07,3.16,557.87,3.16,15.34
2020-08-18 18:00:56,22.42,10.4,650.13,3.34,15.14
2020-08-18 19:00:56,28.31,7.33,830.77,3.41,15.37
2020-08-18 20:00:56,35.38,3.17,1142.8,3.74,15.26
2020-08-18 21:00:56,39.49,2.55,1454.19,4.01,15.85
2020-08-18 22:00:56,39.62,2.54,1704.54,3.88,16.24
2020-08-18 23:00:56,37.2,2.44,1627.71,3.76,15.23
2020-08-19 00:00:56,32.99,2.82,1875.39,3.19,15.29
2020-08-19 01:00:56,32.92,3.53,1882.29,3.5,15.18
2020-08-19 02:00:56,30.23,11.26,1996.13,3.61,15.69
2020-08-19 03:00:56,24.91,3.25,1883.89,3.5,15.09
2020-08-19 04:00:56,23.57,3.17,1988.68,4.68,16.3
2020-08-19 05:00:56,18.7,2.82,1878.95,4.12,15.68
2020-08-19 06:00:56,17.24,2.7,1838.43,3.65,15.82
2020-08-19 07:00:56,10.58,3.28,1884.24,4.16,15.89
2020-08-19 08:00:56,7.41,4.55,1762.17,4.02,15.9
2020-08-19 09:00:56,12.21,5.6,1753.54,3.26,15.31
2020-08-19 10:00:56,26.06,12.32,1542.85,2.93,14.9
2020-08-19 11:00:56,25.72,48.4,0.0,9.55,74.84
2020-08-19 12:00:56,37.25,35.42,731.78,3.26,14.88
2020-08-19 13:00:56,44.38,50.08,474.08,3.22,14.99
2020-08-19 14:00:56,44.13,13.25,556.17,3.23,14.88
2020-08-19 15:00:56,44.75,88.12,450.37,3.52,15.31
2020-08-19 16:00:56,41.09,113.03,0.0,3.23,15.0
2020-08-19 17:00:56,0.0,0.0,0.0,0.0,0.0
2020-08-19 18:00:56,0.0,0.0,0.0,0.0,0.0
2020-08-19 19:00:56,0.0,0.0,0.0,0.0,0.0
2020-08-19 20:00:56,0.0,0.0,0.0,0.0,0.0
2020-08-19 21:00:56,0.0,0.0,0.0,0.0,0.0
2020-08-19 22:00:56,0.0,0.0,0.0,0.0,0.0
2020-08-19 23:00:56,0.0,0.0,0.0,0.0,0.0
2020-08-20 00:00:56,0.0,0.0,0.0,0.0,0.0
2020-08-20 01:00:56,0.0,0.0,0.0,0.0,0.0
2020-08-20 02:00:56,0.0,0.0,0.0,0.0,0.0
2020-08-20 03:00:56,0.0,0.0,0.0,0.0,0.0
2020-08-20 04:00:56,0.0,0.0,0.0,0.0,0.0
2020-08-20 05:00:56,0.0,0.0,0.0,0.0,0.0
2020-08-20 06:00:56,0.0,0.0,0.0,0.0,0.0
2020-08-20 07:00:56,0.0,0.0,0.0,0.0,0.0
2020-08-20 08:00:56,0.0,0.0,0.0,0.0,0.0
2020-08-20 09:00:56,0.0,0.0,0.0,0.0,0.0
2020-08-20 10:00:56,0.0,0.0,0.0,0.0,0.0
2020-08-20 11:00:56,0.0,0.0,0.0,0.0,0.0
2020-08-20 12:00:56,0.0,0.0,0.0,0.0,0.0
2020-08-20 13:00:56,0.0,0.0,0.0,0.0,0.0
2020-08-20 14:00:56,0.0,0.0,0.0,0.0,0.0
2020-08-20 15:00:56,0.0,0.0,0.0,0.0,0.0
2020-08-20 16:00:56,0.0,0.0,0.0,0.0,0.0
2020-08-20 17:00:56,0.0,0.0,0.0,0.0,0.0
2020-08-20 18:00:56,0.0,0.0,0.0,0.0,0.0
2020-08-20 19:00:56,0.0,0.0,0.0,0.0,0.0
2020-08-20 20:00:56,0.0,0.0,0.0,0.0,0.0
2020-08-20 21:00:56,0.0,0.0,0.0,0.0,0.0
2020-08-20 22:00:56,0.0,0.0,0.0,0.0,0.0
2020-08-20 23:00:56,0.0,0.0,0.0,0.0,0.0
2020-08-21 00:00:56,0.0,0.0,0.0,0.0,0.0
2020-08-21 01:00:56,0.0,0.0,0.0,0.0,0.0
2020-08-21 02:00:56,0.0,0.0,0.0,0.0,0.0
2020-08-21 03:00:56,0.0,0.0,0.0,0.0,0.0
2020-08-21 04:00:56,0.0,0.0,0.0,0.0,0.0
2020-08-21 05:00:56,0.0,0.0,0.0,0.0,0.0
2020-08-21 06:00:56,0.0,0.0,0.0,0.0,0.0
2020-08-21 07:00:56,0.0,0.0,0.0,0.0,0.0
2020-08-21 08:00:56,0.0,0.0,0.0,0.0,0.0
2020-08-21 09:00:56,0.0,0.0,0.0,0.0,0.0
2020-08-21 10:00:56,0.0,0.0,0.0,0.0,0.0
2020-08-21 11:00:56,0.0,0.0,0.0,0.0,0.0
2020-08-21 12:00:56,0.0,0.0,0.0,0.0,0.0
2020-08-21 13:00:56,0.0,0.0,0.0,0.0,0.0
2020-08-21 14:00:56,0.0,0.0,0.0,0.0,0.0
2020-08-21 15:00:56,0.0,0.0,0.0,0.0,0.0
2020-08-21 16:00:56,0.0,0.0,0.0,0.0,0.0
2020-08-21 17:00:56,0.0,0.0,0.0,0.0,0.0
2020-08-21 18:00:56,0.0,0.0,0.0,0.0,0.0
2020-08-21 19:00:56,0.0,0.0,0.0,0.0,0.0
2020-08-21 20:00:56,0.0,0.0,0.0,0.0,0.0
2020-08-21 21:00:56,0.0,0.0,0.0,0.0,0.0
2020-08-21 22:00:56,0.0,0.0,0.0,0.0,0.0
2020-08-21 23:00:56,0.0,0.0,0.0,0.0,0.0
2020-08-22 00:00:56,0.0,0.0,0.0,0.0,0.0
2020-08-22 01:00:56,0.0,0.0,0.0,0.0,0.0
2020-08-22 02:00:56,0.0,0.0,0.0,0.0,0.0
2020-08-22 03:00:56,0.0,0.0,0.0,0.0,0.0
2020-08-22 04:00:56,0.0,0.0,0.0,0.0,0.0
2020-08-22 05:00:56,0.0,0.0,0.0,0.0,0.0
2020-08-22 06:00:56,0.0,0.0,0.0,0.0,0.0
2020-08-22 07:00:56,0.0,0.0,0.0,0.0,0.0
2020-08-22 08:00:56,0.0,0.0,0.0,0.0,0.0
2020-08-22 09:00:56,0.0,0.0,0.0,0.0,0.0
2020-08-22 10:00:56,0.0,0.0,0.0,0.0,0.0
2020-08-22 11:00:56,0.0,0.0,0.0,0.0,0.0
2020-08-22 12:00:56,0.0,0.0,0.0,0.0,0.0
2020-08-22 13:00:56,0.0,0.0,0.0,0.0,0.0
2020-08-22 14:00:56,0.0,0.0,0.0,0.0,0.0
2020-08-22 15:00:56,0.0,0.0,0.0,0.0,0.0
2020-08-22 16:00:56,0.0,0.0,0.0,0.0,0.0
2020-08-22 17:00:56,0.0,0.0,0.0,0.0,0.0
2020-08-22 18:00:56,0.0,0.0,0.0,0.0,0.0
2020-08-22 19:00:56,0.0,0.0,0.0,0.0,0.0
2020-08-22 20:00:56,0.0,0.0,0.0,0.0,0.0
2020-08-22 21:00:56,0.0,0.0,0.0,0.0,0.0
2020-08-22 22:00:56,0.0,0.0,0.0,0.0,0.0
2020-08-22 23:00:56,0.0,0.0,0.0,0.0,0.0
2020-08-23 00:00:56,0.0,0.0,0.0,0.0,0.0
2020-08-23 01:00:56,0.0,0.0,0.0,0.0,0.0
2020-08-23 02:00:56,0.0,0.0,0.0,0.0,0.0
2020-08-23 03:00:56,0.0,0.0,0.0,0.0,0.0
2020-08-23 04:00:56,0.0,0.0,0.0,0.0,0.0
2020-08-23 05:00:56,0.0,0.0,0.0,0.0,0.0
2020-08-23 06:00:56,0.0,0.0,0.0,0.0,0.0
2020-08-23 07:00:56,0.0,0.0,0.0,0.0,0.0
2020-08-23 08:00:56,0.0,0.0,0.0,0.0,0.0
2020-08-23 09:00:56,0.0,0.0,0.0,0.0,0.0
2020-08-23 10:00:56,0.0,0.0,0.0,0.0,0.0
2020-08-23 11:00:56,0.0,0.0,0.0,0.0,0.0
2020-08-23 12:00:56,0.0,0.0,0.0,0.0,0.0
2020-08-23 13:00:56,0.0,0.0,0.0,0.0,0.0
2020-08-23 14:00:56,0.0,0.0,0.0,0.0,0.0
2020-08-23 15:00:56,0.0,0.0,0.0,0.0,0.0
2020-08-23 16:00:56,0.0,0.0,0.0,0.0,0.0
2020-08-23 17:00:56,0.0,0.0,0.0,0.0,0.0
2020-08-23 18:00:56,0.0,0.0,0.0,0.0,0.0
2020-08-23 19:00:56,0.0,0.0,0.0,0.0,0.0
2020-08-23 20:00:56,0.0,0.0,0.0,0.0,0.0
2020-08-23 21:00:56,0.0,0.0,0.0,0.0,0.0
2020-08-23 22:00:56,0.0,0.0,0.0,0.0,0.0
2020-08-23 23:00:56,0.0,0.0,0.0,0.0,0.0
2020-08-24 00:00:56,0.0,0.0,0.0,0.0,0.0
2020-08-24 01:00:56,0.0,0.0,0.0,0.0,0.0
2020-08-24 02:00:56,0.0,0.0,0.0,0.0,0.0
2020-08-24 03:00:56,0.0,0.0,0.0,0.0,0.0
2020-08-24 04:00:56,0.0,0.0,0.0,0.0,0.0
2020-08-24 05:00:56,0.0,0.0,0.0,0.0,0.0
2020-08-24 06:00:56,0.0,0.0,0.0,0.0,0.0
2020-08-24 07:00:56,0.0,0.0,0.0,0.0,0.0
2020-08-24 08:00:56,0.0,0.0,0.0,0.0,0.0
2020-08-24 09:00:56,0.0,0.0,0.0,0.0,0.0
2020-08-24 10:00:56,0.0,0.0,0.0,0.0,0.0
2020-08-24 11:00:56,0.0,0.0,0.0,0.0,0.0
2020-08-24 12:00:56,0.0,0.0,0.0,0.0,0.0
2020-08-24 13:00:56,0.0,0.0,0.0,0.0,0.0
2020-08-24 14:00:56,0.0,0.0,0.0,0.0,0.0
2020-08-24 15:00:56,0.0,0.0,0.0,0.0,0.0
2020-08-24 16:00:56,0.0,0.0,0.0,0.0,0.0
2020-08-24 17:00:56,0.0,0.0,0.0,0.0,0.0
2020-08-24 18:00:56,0.0,0.0,0.0,0.0,0.0
2020-08-24 19:00:56,0.0,0.0,0.0,0.0,0.0
2020-08-24 20:00:56,0.0,0.0,0.0,0.0,0.0
2020-08-24 21:00:56,0.0,0.0,0.0,0.0,0.0
2020-08-24 22:00:56,0.0,0.0,0.0,0.0,0.0
2020-08-24 23:00:56,0.0,0.0,0.0,0.0,0.0
2020-08-25 00:00:56,0.0,0.0,0.0,0.0,0.0
2020-08-25 01:00:56,0.0,0.0,0.0,0.0,0.0
2020-08-25 02:00:56,0.0,0.0,0.0,0.0,0.0
2020-08-25 03:00:56,0.0,0.0,0.0,0.0,0.0
2020-08-25 04:00:56,0.0,0.0,0.0,0.0,0.0
2020-08-25 05:00:56,0.0,0.0,0.0,0.0,0.0
2020-08-25 06:00:56,0.0,0.0,0.0,0.0,0.0
2020-08-25 07:00:56,0.0,0.0,0.0,0.0,0.0
2020-08-25 08:00:56,0.0,0.0,0.0,0.0,0.0
2020-08-25 09:00:56,0.0,0.0,0.0,0.0,0.0
2020-08-25 10:00:56,0.0,0.0,0.0,0.0,0.0
2020-08-25 11:00:56,0.0,0.0,0.0,0.0,0.0
2020-08-25 12:00:56,0.0,0.0,0.0,0.0,0.0
2020-08-25 13:00:56,0.0,0.0,0.0,0.0,0.0
2020-08-25 14:00:56,0.0,0.0,0.0,0.0,0.0
2020-08-25 15:00:56,0.0,0.0,0.0,0.0,0.0
2020-08-25 16:00:56,0.0,0.0,0.0,0.0,0.0
2020-08-25 17:00:56,0.0,0.0,0.0,0.0,0.0
2020-08-25 18:00:56,0.0,0.0,0.0,0.0,0.0
2020-08-25 19:00:56,0.0,0.0,0.0,0.0,0.0
2020-08-25 20:00:56,0.0,0.0,0.0,0.0,0.0
2020-08-25 21:00:56,0.0,0.0,0.0,0.0,0.0
2020-08-25 22:00:56,0.0,18.92,0.0,3.28,15.24
2020-08-25 23:00:56,0.0,12.67,0.0,4.03,15.46
2020-08-26 00:00:56,0.0,11.59,0.0,3.56,15.11
2020-08-26 01:00:56,0.0,9.57,0.0,3.72,15.2
2020-08-26 02:00:56,0.0,23.81,0.0,3.19,15.03
2020-08-26 03:00:56,0.0,8.65,0.0,4.01,15.78
2020-08-26 04:00:56,0.0,9.98,0.0,3.62,15.12
2020-08-26 05:00:56,86.72,8.77,0.0,3.64,14.82
2020-08-26 06:00:56,47.22,7.92,0.0,3.38,14.75
2020-08-26 07:00:56,32.16,7.89,0.0,3.59,15.08
2020-08-26 08:00:56,22.77,8.74,0.0,3.96,15.29
2020-08-26 09:00:56,15.53,9.47,0.0,3.93,15.09
2020-08-26 10:00:56,16.15,9.58,0.0,3.79,15.41
2020-08-26 11:00:56,20.86,95.32,0.0,3.88,15.26
2020-08-26 12:00:56,33.43,297.3,2858.96,3.16,14.69
2020-08-26 13:00:56,67.27,75.93,3207.45,3.35,14.86
2020-08-26 14:00:56,54.85,16.33,3427.29,3.49,15.09
2020-08-26 15:00:56,44.66,5.7,0.0,4.06,15.35
2020-08-26 16:00:56,43.46,4.67,171.86,3.45,15.17
2020-08-26 17:00:56,34.9,4.48,539.7,3.79,15.63
2020-08-26 18:00:56,31.61,4.0,514.13,3.69,15.29
2020-08-26 19:00:56,27.85,4.04,82.2,3.33,15.43
2020-08-26 20:00:56,27.89,6.46,0.0,4.04,15.59
2020-08-26 21:00:56,15.94,7.04,0.0,3.76,15.37
2020-08-26 22:00:56,12.0,9.25,0.0,3.0,14.61
2020-08-26 23:00:56,15.11,7.49,0.0,3.44,14.7
2020-08-27 00:00:56,15.73,6.8,0.0,3.45,14.91
2020-08-27 01:00:56,18.53,6.69,0.0,3.74,14.93
2020-08-27 02:00:56,14.09,12.83,0.0,3.79,15.1
2020-08-27 03:00:56,21.1,6.08,0.0,3.67,15.16
2020-08-27 04:00:56,30.83,2.43,413.31,4.0,15.49
2020-08-27 05:00:56,39.46,2.62,739.39,3.39,14.94
2020-08-27 06:00:56,45.33,3.57,680.12,3.71,15.1
2020-08-27 07:00:56,44.97,3.76,660.57,3.42,15.09
2020-08-27 08:00:56,35.73,3.9,647.92,3.45,15.28
2020-08-27 09:00:56,33.55,3.59,583.77,3.73,15.39
2020-08-27 10:00:56,30.01,3.44,572.91,4.3,15.64
2020-08-27 11:00:56,21.04,3.46,255.47,3.64,15.44
2020-08-27 12:00:56,17.25,5.08,0.0,4.19,15.31
2020-08-27 13:00:56,13.94,34.87,0.0,4.08,15.31
2020-08-27 14:00:56,0.0,0.0,0.0,0.0,0.0
2020-08-27 15:00:56,6.86,34.64,0.0,3.16,14.8
2020-08-27 16:00:56,10.44,22.25,0.0,3.27,14.8
2020-08-27 17:00:56,17.29,41.57,2436.9,3.39,15.07
2020-08-27 18:00:56,14.5,20.71,2299.62,3.78,15.21
2020-08-27 19:00:56,25.13,11.23,2691.96,3.82,15.52
2020-08-27 20:00:56,35.84,3.71,6151.18,3.62,15.14
2020-08-27 21:00:56,37.68,3.27,6893.96,3.87,15.42
2020-08-27 22:00:56,57.02,3.6,6674.55,3.91,15.55
2020-08-27 23:00:56,45.73,3.66,6363.34,3.79,15.53
2020-08-28 00:00:56,31.34,4.25,6621.35,3.23,14.98
2020-08-28 01:00:56,31.47,4.46,6292.09,3.88,15.63
2020-08-28 02:00:56,32.78,12.04,6356.1,3.7,15.29
2020-08-28 03:00:56,24.15,4.51,5823.78,3.85,15.35
2020-08-28 04:00:56,13.75,4.56,4263.32,4.01,15.42
2020-08-28 05:00:56,9.84,4.07,3398.67,3.1,14.8
2020-08-28 06:00:56,11.09,3.94,2897.54,4.21,15.75
2020-08-28 07:00:56,6.56,3.66,2517.69,3.32,14.65
2020-08-28 08:00:56,5.07,6.11,2592.66,3.35,14.92
2020-08-28 09:00:56,10.13,18.49,1692.0,3.37,15.05
2020-08-28 10:00:56,19.57,16.48,461.5,3.62,14.7
2020-08-28 11:00:56,13.69,11.28,1247.71,3.84,15.07
2020-08-28 12:00:56,23.81,4.37,5065.07,3.67,15.19
2020-08-28 13:00:56,45.18,34.12,6099.22,3.29,15.38
2020-08-28 14:00:56,46.74,5.92,6473.41,3.8,15.53
2020-08-28 15:00:56,45.85,57.22,6348.18,3.98,15.3
2020-08-28 16:00:56,44.05,18.4,6453.82,3.84,15.52
2020-08-28 17:00:56,40.16,4.31,6552.64,3.22,15.16
2020-08-28 18:00:56,42.52,3.96,7473.15,3.46,15.14
2020-08-28 19:00:56,35.76,3.45,6368.12,3.63,15.53
2020-08-28 20:00:56,41.2,4.54,3806.2,3.47,15.18
2020-08-28 21:00:56,38.38,4.62,2444.32,4.0,15.15
2020-08-28 22:00:56,22.56,3.93,1642.24,3.24,14.88
2020-08-28 23:00:56,20.51,4.16,989.52,3.77,15.21
2020-08-29 00:00:56,22.19,4.27,1726.33,3.3,15.12
2020-08-29 01:00:56,28.34,4.5,0.0,3.63,15.49
2020-08-29 02:00:56,30.32,11.23,127.66,3.9,15.0
2020-08-29 03:00:56,19.02,4.14,2113.79,3.59,14.86
2020-08-29 04:00:56,22.72,1.7,6516.85,3.49,15.3
2020-08-29 05:00:56,41.03,3.17,6592.04,3.54,15.36
2020-08-29 06:00:56,38.39,3.79,6617.77,3.73,15.24
2020-08-29 07:00:56,27.7,3.59,6467.27,3.95,15.47
2020-08-29 08:00:56,34.67,3.88,6629.94,3.27,15.38
2020-08-29 09:00:56,32.61,3.48,6442.82,3.32,15.22
2020-08-29 10:00:56,44.35,3.25,6281.77,3.71,15.73
2020-08-29 11:00:56,85.46,3.13,5766.78,3.47,15.22
2020-08-29 12:00:56,127.47,5.9,3004.28,3.27,14.93
2020-08-29 13:00:56,107.34,294.4,842.43,4.11,15.34
2020-08-29 14:00:56,53.67,26.2,1213.08,3.51,14.83
2020-08-29 15:00:56,26.86,6.56,2329.17,3.78,15.29
2020-08-29 16:00:56,20.79,6.72,2732.34,3.69,15.41
2020-08-29 17:00:56,39.17,4.17,2037.67,4.01,15.59
2020-08-29 18:00:56,84.0,5.22,321.92,3.79,15.06
2020-08-29 19:00:56,133.59,4.53,1863.56,3.44,14.85
2020-08-29 20:00:56,72.73,1.89,6126.48,3.35,14.76
2020-08-29 21:00:56,92.9,3.05,6723.99,3.71,15.39
2020-08-29 22:00:56,0.0,3.47,6721.2,3.87,15.73
2020-08-29 23:00:56,0.0,3.48,6649.09,4.14,15.75
2020-08-30 00:00:56,0.0,2.86,6361.12,4.06,15.86
2020-08-30 01:00:56,0.0,3.07,6873.6,3.78,15.54
2020-08-30 02:00:56,0.0,11.22,6459.56,3.71,15.59
2020-08-30 03:00:56,0.0,3.37,6011.75,3.51,15.32
2020-08-30 04:00:56,0.0,3.71,4689.03,3.72,15.11
2020-08-30 05:00:56,0.0,3.47,3901.09,3.45,14.99
2020-08-30 06:00:56,0.0,3.14,4109.87,3.59,15.11
2020-08-30 07:00:56,0.0,3.61,3192.63,3.23,14.57
2020-08-30 08:00:56,0.0,11.85,2931.89,3.48,15.26
2020-08-30 09:00:56,0.0,61.39,2371.26,3.5,15.19
2020-08-30 10:00:56,0.0,39.11,1322.54,3.46,15.24
2020-08-30 11:00:56,0.0,16.43,2274.32,3.48,15.29
2020-08-30 12:00:56,0.0,40.67,0.0,3.4,15.18
2020-08-30 13:00:56,0.0,84.15,0.0,3.45,15.34
2020-08-30 14:00:56,0.0,8.78,0.0,3.33,14.92
2020-08-30 15:00:56,0.0,7.85,0.0,3.35,15.42
2020-08-30 16:00:56,0.0,4.07,0.0,3.74,15.41
2020-08-30 17:00:56,0.0,3.5,0.0,3.65,16.04
2020-08-30 18:00:56,0.0,3.21,0.0,3.56,15.35
2020-08-30 19:00:56,17.92,2.99,0.0,2.79,15.01
2020-08-30 20:00:56,57.61,3.66,0.0,3.08,15.04
2020-08-30 21:00:56,43.03,3.94,0.0,3.39,15.15
2020-08-30 22:00:56,0.0,3.7,0.0,3.71,15.69
2020-08-30 23:00:56,0.0,3.66,0.0,3.55,15.42
2020-08-31 00:00:56,0.0,4.07,0.0,3.51,14.91
2020-08-31 01:00:56,0.0,3.93,0.0,2.85,14.74
2020-08-31 02:00:56,0.0,10.99,0.0,4.11,15.83
2020-08-31 03:00:56,0.0,3.92,0.0,3.88,15.22
2020-08-31 04:00:56,0.0,2.25,0.0,3.51,15.5
2020-08-31 05:00:56,0.0,3.74,0.0,4.14,15.91
2020-08-31 06:00:56,0.0,4.31,0.0,3.47,15.47
2020-08-31 07:00:56,0.0,4.47,0.0,3.99,16.02
2020-08-31 08:00:56,0.0,7.67,0.0,3.69,15.58
2020-08-31 09:00:56,0.0,10.33,0.0,3.14,15.41
2020-08-31 10:00:56,0.0,6.67,0.0,4.03,15.74
2020-08-31 11:00:56,0.0,11.09,0.0,3.6,15.67
2020-08-31 12:00:56,0.0,152.07,0.0,4.31,15.64
2020-08-31 13:00:56,0.0,335.46,0.0,0.0,0.0
2020-08-31 14:00:56,0.0,251.43,0.0,0.0,0.0
2020-08-31 15:00:56,0.0,31.59,0.0,0.0,0.0
2020-08-31 16:00:56,0.0,5.78,0.0,0.0,0.0
2020-08-31 17:00:56,0.0,6.98,0.0,0.0,0.0
2020-08-31 18:00:56,0.0,4.18,0.0,0.0,0.0
2020-08-31 19:00:56,16.67,3.83,0.0,0.0,0.0
2020-08-31 20:00:56,8.33,3.8,0.0,0.0,0.0
2020-08-31 21:00:56,4.16,3.3,0.0,0.0,0.0
2020-08-31 22:00:56,8.46,3.71,0.0,0.0,0.0
2020-08-31 23:00:56,12.51,3.71,0.0,0.0,0.0
2020-09-01 00:00:56,14.22,3.85,0.0,0.0,0.0
2020-09-01 01:00:56,24.05,3.6,7039.14,0.0,0.0
2020-09-01 02:00:56,32.91,11.46,7033.53,0.0,0.0
2020-09-01 03:00:56,33.98,3.72,6715.17,0.0,0.0
2020-09-01 04:00:56,32.24,3.6,6012.36,0.0,0.0
2020-09-01 05:00:56,32.15,3.7,6581.85,0.0,0.0
2020-09-01 06:00:56,22.17,3.79,6537.33,0.0,0.0
2020-09-01 07:00:56,22.66,3.73,6801.84,0.0,0.0
2020-09-01 08:00:56,25.5,3.93,6528.13,0.0,0.0
2020-09-01 09:00:56,25.01,3.72,6779.88,0.0,0.0
2020-09-01 10:00:56,30.36,3.74,6849.51,0.0,0.0
2020-09-01 11:00:56,27.55,3.67,6915.22,0.0,0.0
2020-09-01 12:00:56,18.81,3.42,6645.74,0.0,0.0
2020-09-01 13:00:56,25.72,3.88,6373.92,0.0,0.0
2020-09-01 14:00:56,37.91,3.68,6344.55,0.0,0.0
2020-09-01 15:00:56,46.06,3.64,6512.85,0.0,0.0
2020-09-01 16:00:56,56.12,4.14,6467.05,0.0,0.0
2020-09-01 17:00:56,61.86,3.82,6565.58,0.0,0.0
2020-09-01 18:00:56,52.31,3.52,6679.72,0.0,0.0
2020-09-01 19:00:56,44.59,3.52,6683.2,0.0,0.0
2020-09-01 20:00:56,50.09,3.78,6566.31,0.0,0.0
2020-09-01 21:00:56,56.62,3.78,6832.33,0.0,0.0
2020-09-01 22:00:56,58.35,3.71,6490.16,0.0,0.0
2020-09-01 23:00:56,48.63,3.56,6247.07,0.0,0.0
2020-09-02 00:00:56,41.07,3.51,6829.39,0.0,0.0
2020-09-02 01:00:56,43.14,3.74,6680.53,0.0,0.0
2020-09-02 02:00:56,45.38,11.57,6717.53,0.0,0.0
2020-09-02 03:00:56,42.9,3.59,6868.6,0.0,0.0
2020-09-02 04:00:56,33.92,3.86,7733.38,0.0,0.0
2020-09-02 05:00:56,26.87,3.87,6815.0,0.0,0.0
2020-09-02 06:00:56,27.89,3.95,6834.38,0.0,0.0
2020-09-02 07:00:56,30.85,3.76,6768.88,0.0,0.0
2020-09-02 08:00:56,31.93,3.93,6924.81,0.0,0.0
2020-09-02 09:00:56,45.2,3.91,6904.05,0.0,0.0
2020-09-02 10:00:56,52.14,3.79,6774.78,0.0,0.0
2020-09-02 11:00:56,56.95,5.31,6865.76,0.0,0.0
2020-09-02 12:00:56,59.04,7.51,6708.85,0.0,0.0
2020-09-02 13:00:56,0.0,0.0,0.0,0.0,0.0
2020-09-02 14:00:56,0.0,0.0,2753.09,0.0,0.0
2020-09-02 15:00:56,28.94,3.31,2750.68,0.0,0.0
2020-09-02 16:00:56,30.11,3.34,2810.35,0.0,0.0
2020-09-02 17:00:56,29.7,3.26,2876.72,0.0,0.0
2020-09-02 18:00:56,31.47,4.74,2858.07,0.0,0.0
2020-09-02 19:00:56,40.11,6.57,2941.23,0.0,0.0
2020-09-02 20:00:56,54.47,5.29,3540.91,0.0,0.0
2020-09-02 21:00:56,62.1,4.62,2949.9,0.0,0.0
2020-09-02 22:00:56,53.36,4.49,3090.86,0.0,0.0
2020-09-02 23:00:56,43.11,4.23,3073.32,0.0,0.0
2020-09-03 00:00:56,41.71,3.94,3180.78,0.0,0.0
2020-09-03 01:00:56,48.12,4.5,2968.49,0.0,0.0
2020-09-03 02:00:56,40.89,12.27,2908.67,0.0,0.0
2020-09-03 03:00:56,28.7,4.36,2955.73,0.0,0.0
2020-09-03 04:00:56,30.7,4.05,2975.86,0.0,0.0
2020-09-03 05:00:56,24.31,3.98,2923.44,0.0,0.0
2020-09-03 06:00:56,23.56,4.05,2860.02,0.0,0.0
2020-09-03 07:00:56,33.91,3.78,3051.79,0.0,0.0
2020-09-03 08:00:56,31.93,4.01,3157.69,0.0,0.0
2020-09-03 09:00:56,32.68,3.53,3003.74,0.0,0.0
2020-09-03 10:00:56,36.83,3.89,3159.12,0.0,0.0
2020-09-03 11:00:56,26.79,3.53,3106.35,0.0,0.0
2020-09-03 12:00:56,25.2,3.82,2899.76,0.0,0.0
2020-09-03 13:00:56,32.45,3.71,2892.75,0.0,0.0
2020-09-03 14:00:56,31.01,3.46,2873.88,0.0,0.0
2020-09-03 15:00:56,39.34,3.41,2883.88,0.0,0.0
2020-09-03 16:00:56,57.88,3.39,2977.36,0.0,0.0
2020-09-03 17:00:56,53.14,3.49,2849.84,0.0,0.0
2020-09-03 18:00:56,45.06,3.46,2857.38,0.0,0.0
2020-09-03 19:00:56,54.57,3.42,3048.32,0.0,0.0
2020-09-03 20:00:56,65.25,3.4,3181.23,0.0,0.0
2020-09-03 21:00:56,66.15,6.34,2856.93,0.0,0.0
2020-09-03 22:00:56,59.81,3.86,2932.84,0.0,0.0
2020-09-03 23:00:56,49.81,3.73,2937.05,0.0,0.0
2020-09-04 00:00:56,40.97,3.82,2971.13,0.0,0.0
2020-09-04 01:00:56,39.7,4.06,2839.92,0.0,0.0
2020-09-04 02:00:56,43.24,12.26,3214.51,0.0,0.0
2020-09-04 03:00:56,38.75,3.9,2853.22,0.0,0.0
2020-09-04 04:00:56,34.43,4.26,2926.1,0.0,0.0
2020-09-04 05:00:56,36.45,4.71,2966.19,0.0,0.0
2020-09-04 06:00:56,34.86,4.5,2963.9,0.0,0.0
2020-09-04 07:00:56,32.8,4.51,3041.99,0.0,0.0
2020-09-04 08:00:56,30.9,5.08,3045.11,0.0,0.0
2020-09-04 09:00:56,35.45,4.81,2872.01,0.0,0.0
2020-09-04 10:00:56,36.79,4.27,2878.46,0.0,0.0
2020-09-04 11:00:56,32.51,5.31,2771.35,0.0,0.0
2020-09-04 12:00:56,41.1,12.67,2935.94,0.0,0.0
2020-09-04 13:00:56,57.39,10.62,2538.1,0.0,0.0
2020-09-04 14:00:56,66.57,103.83,2423.73,0.0,0.0
2020-09-04 15:00:56,63.33,21.91,2591.38,23.19,50.53
2020-09-04 16:00:56,53.96,10.43,2599.31,30.3,52.87
2020-09-04 17:00:56,50.96,7.51,2530.07,36.59,59.65
2020-09-04 18:00:56,40.99,6.01,2560.38,31.13,52.15
2020-09-04 19:00:56,40.8,5.6,2539.47,34.23,54.71
2020-09-04 20:00:56,49.83,5.3,2555.13,29.17,53.73
2020-09-04 21:00:56,52.87,5.08,2498.89,27.44,52.81
2020-09-04 22:00:56,53.54,4.73,2545.42,28.93,52.92
2020-09-04 23:00:56,48.99,4.33,2475.62,27.41,50.42
2020-09-05 00:00:56,40.17,4.57,2548.43,23.66,47.8
2020-09-05 01:00:56,30.29,4.58,2645.78,31.3,56.73
2020-09-05 02:00:56,34.97,13.55,2712.84,35.0,58.93
2020-09-05 03:00:56,42.58,4.74,2685.32,28.08,50.86
2020-09-05 04:00:56,36.37,3.92,2613.75,17.57,40.43
2020-09-05 05:00:56,27.05,4.08,2689.62,24.48,47.47
2020-09-05 06:00:56,27.71,4.26,2572.88,26.88,50.15
2020-09-05 07:00:56,36.09,4.07,2586.39,31.56,55.74
2020-09-05 08:00:56,35.1,3.23,2527.24,44.2,83.96
2020-09-05 09:00:56,38.64,3.38,2465.93,46.17,76.13
2020-09-05 10:00:56,40.74,3.94,2470.95,46.45,78.29
2020-09-05 11:00:56,36.26,3.87,2433.81,30.36,58.04
2020-09-05 12:00:56,35.43,3.9,2398.43,24.64,53.43
2020-09-05 13:00:56,28.0,3.7,2374.68,21.28,48.28
2020-09-05 14:00:56,29.38,18.4,2434.35,25.84,53.77
2020-09-05 15:00:56,30.42,10.67,2367.98,30.86,59.44
2020-09-05 16:00:56,33.44,7.42,2603.31,35.19,67.08
2020-09-05 17:00:56,33.98,7.17,2333.93,35.03,64.23
2020-09-05 18:00:56,28.5,37.55,2356.63,41.94,70.79
2020-09-05 19:00:56,22.44,22.03,2450.87,52.5,84.49
2020-09-05 20:00:56,29.61,239.84,2370.07,61.9,94.07
2020-09-05 21:00:56,33.01,144.97,2438.72,61.36,94.09
2020-09-05 22:00:56,33.17,45.45,2538.91,47.14,71.53
2020-09-05 23:00:56,33.03,30.73,2539.71,34.65,58.76
2020-09-06 00:00:56,30.05,32.51,2555.26,33.02,59.62
2020-09-06 01:00:56,26.58,13.6,2588.8,19.83,42.66
2020-09-06 02:00:56,24.1,36.81,2723.84,15.78,38.65
2020-09-06 03:00:56,23.97,33.08,2569.81,18.75,43.76
2020-09-06 04:00:56,19.01,16.67,2499.0,13.37,36.52
2020-09-06 05:00:56,13.76,10.64,2501.05,19.07,41.77
2020-09-06 06:00:56,11.36,7.59,2455.7,17.84,40.92
2020-09-06 07:00:56,14.39,6.49,2482.98,33.59,63.89
2020-09-06 08:00:56,13.12,26.06,2485.32,35.27,66.74
2020-09-06 09:00:56,15.1,60.63,2561.72,37.86,72.87
2020-09-06 10:00:56,24.08,55.84,2759.32,35.63,67.77
2020-09-06 11:00:56,23.59,69.91,2777.52,22.03,48.49
2020-09-06 12:00:56,25.75,11.38,2734.77,24.31,51.97
2020-09-06 13:00:56,28.84,6.64,2733.33,21.82,47.03
2020-09-06 14:00:56,23.37,60.42,1655.77,25.72,52.07
2020-09-06 15:00:56,25.37,52.09,2353.48,23.37,49.72
2020-09-06 16:00:56,30.08,28.13,2867.94,20.22,47.14
2020-09-06 17:00:56,29.36,11.75,2342.45,19.58,46.46
2020-09-06 18:00:56,28.2,7.7,2432.61,30.27,57.29
2020-09-06 19:00:56,33.23,6.76,2350.04,45.25,72.06
2020-09-06 20:00:56,35.29,5.88,2330.02,49.43,75.0
2020-09-06 21:00:56,35.84,5.72,2398.13,47.3,73.41
2020-09-06 22:00:56,44.17,5.38,2469.87,28.47,51.66
2020-09-06 23:00:56,47.06,4.8,2441.96,30.53,54.33
2020-09-07 00:00:56,40.25,5.06,2471.38,25.09,49.11
2020-09-07 01:00:56,37.3,4.57,2534.82,12.75,35.6
2020-09-07 02:00:56,36.45,13.43,2536.16,11.04,33.89
2020-09-07 03:00:56,34.48,4.98,2558.25,13.65,36.38
2020-09-07 04:00:56,31.08,4.32,2613.28,26.2,49.09
2020-09-07 05:00:56,20.69,4.08,2511.44,12.52,35.19
2020-09-07 06:00:56,19.53,4.03,2572.0,26.08,49.9
2020-09-07 07:00:56,27.15,4.15,2510.41,42.18,67.53
2020-09-07 08:00:56,33.13,4.71,2730.89,42.22,73.63
2020-09-07 09:00:56,32.51,21.66,2538.46,40.29,69.89
2020-09-07 10:00:56,39.75,60.64,2628.38,36.01,65.8
2020-09-07 11:00:56,40.77,80.11,2720.47,30.48,59.92
2020-09-07 12:00:56,38.34,122.24,2636.6,29.17,57.87
2020-09-07 13:00:56,41.24,127.11,2553.81,26.76,55.93
2020-09-07 14:00:56,42.83,15.48,2376.41,24.46,52.49
2020-09-07 15:00:56,44.75,9.77,2418.91,29.85,58.85
2020-09-07 16:00:56,46.19,45.06,2448.6,33.22,60.56
2020-09-07 17:00:56,44.26,83.57,2604.25,39.49,71.09
2020-09-07 18:00:56,47.06,48.32,2760.11,42.62,69.23
2020-09-07 19:00:56,50.3,18.35,2933.48,44.91,74.15
2020-09-07 20:00:56,46.18,9.16,2612.47,52.57,79.71
2020-09-07 21:00:56,43.61,6.53,2616.48,45.7,71.71
2020-09-07 22:00:56,45.44,5.24,2635.83,30.69,53.89
2020-09-07 23:00:56,45.42,4.82,2706.63,42.63,66.73
2020-09-08 00:00:56,46.37,4.55,2749.92,32.73,57.09
2020-09-08 01:00:56,45.69,4.43,2668.92,24.71,47.97
2020-09-08 02:00:56,44.14,13.25,2790.56,30.41,53.54
2020-09-08 03:00:56,36.16,4.54,2684.88,17.22,40.28
2020-09-08 04:00:56,29.2,4.55,2546.91,13.86,36.4
2020-09-08 05:00:56,26.05,4.08,2546.44,16.62,39.52
2020-09-08 06:00:56,21.91,4.12,2476.3,15.16,38.01
2020-09-08 07:00:56,24.98,3.86,2663.69,36.01,68.37
2020-09-08 08:00:56,35.74,4.27,3111.08,77.55,133.8
2020-09-08 09:00:56,39.81,34.6,2683.14,53.72,88.9
2020-09-08 10:00:56,48.19,9.29,2720.76,42.44,75.15
2020-09-08 11:00:56,50.42,4.47,2712.43,32.01,62.17
2020-09-08 12:00:56,47.73,18.55,2786.13,32.29,63.4
2020-09-08 13:00:56,54.28,92.74,2690.82,26.06,55.57
2020-09-08 14:00:56,48.03,37.08,2620.17,25.88,55.23
2020-09-08 15:00:56,43.55,28.61,2692.99,26.49,55.59
2020-09-08 16:00:56,44.72,7.42,2868.01,24.15,52.58
2020-09-08 17:00:56,40.2,4.54,2678.46,29.63,60.42
2020-09-08 18:00:56,33.74,4.4,2807.64,30.52,57.35
2020-09-08 19:00:56,34.05,3.38,2791.06,46.97,75.11
2020-09-08 20:00:56,30.66,3.66,2746.41,42.8,67.79
2020-09-08 21:00:56,24.3,3.44,2733.63,42.86,67.19
2020-09-08 22:00:56,24.55,3.4,2724.66,32.7,58.37
2020-09-08 23:00:56,22.23,3.42,2734.55,42.17,66.27
2020-09-09 00:00:56,15.88,3.65,2811.14,41.5,64.82
2020-09-09 01:00:56,16.0,3.17,2663.15,16.06,38.95
2020-09-09 02:00:56,14.7,11.87,2582.31,17.9,43.21
2020-09-09 03:00:56,14.96,3.38,2591.08,21.43,44.96
2020-09-09 04:00:56,22.63,3.7,2563.1,16.68,39.53
2020-09-09 05:00:56,20.92,3.42,2604.48,27.84,51.44
2020-09-09 06:00:56,16.51,3.16,2785.18,29.64,53.15
2020-09-09 07:00:56,17.85,3.48,2447.56,51.29,75.79
2020-09-09 08:00:56,17.08,3.26,2606.62,66.2,99.58
2020-09-09 09:00:56,23.55,3.26,2660.19,65.17,98.98
2020-09-09 10:00:56,31.35,3.86,2649.71,36.01,64.34
2020-09-09 11:00:56,39.54,3.64,2979.34,31.44,60.27
2020-09-09 12:00:56,46.75,3.48,2766.47,34.04,61.6
2020-09-09 13:00:56,47.89,3.36,2699.36,34.13,62.99
2020-09-09 14:00:56,46.84,3.47,2865.63,18.54,45.13
2020-09-09 15:00:56,44.12,3.3,2705.15,16.1,41.42
2020-09-09 16:00:56,50.96,2.91,2931.51,26.35,59.44
2020-09-09 17:00:56,46.02,3.07,2982.79,22.9,51.16
2020-09-09 18:00:56,44.62,3.47,3240.97,34.55,63.2
2020-09-09 19:00:56,50.42,3.59,2894.17,33.21,60.78
2020-09-09 20:00:56,54.57,3.34,2870.66,27.22,52.71
2020-09-09 21:00:56,60.77,3.31,2839.83,46.86,73.44
2020-09-09 22:00:56,63.48,3.38,431.69,43.75,68.63
2020-09-09 23:00:56,61.7,3.23,2879.48,35.34,58.35
2020-09-10 00:00:56,61.09,3.11,2804.53,39.43,63.8
2020-09-10 01:00:56,64.45,2.96,2727.23,21.11,44.91
2020-09-10 02:00:56,56.8,11.87,2722.79,16.66,40.32
2020-09-10 03:00:56,45.62,3.36,2651.68,13.46,36.47
2020-09-10 04:00:56,31.47,3.36,2684.86,14.23,37.5
2020-09-10 05:00:56,23.42,2.93,2779.78,12.69,35.56
2020-09-10 06:00:56,17.14,3.32,2667.19,16.25,39.07
2020-09-10 07:00:56,15.42,3.48,2593.59,29.63,55.35
2020-09-10 08:00:56,19.14,3.19,2624.64,34.16,63.88
2020-09-10 09:00:56,20.67,3.28,2647.63,26.7,55.62
2020-09-10 10:00:56,13.55,3.29,2451.8,22.64,49.85
2020-09-10 11:00:56,10.86,3.26,2698.19,21.7,49.21
2020-09-10 12:00:56,9.12,3.39,2725.92,19.21,45.93
2020-09-10 13:00:56,12.55,3.73,2580.36,0.0,0.0
2020-09-10 14:00:56,18.09,3.7,2692.68,24.6,51.01
2020-09-10 15:00:56,18.47,5.4,2718.66,38.68,69.64
2020-09-10 16:00:56,20.48,12.72,2787.66,39.92,72.95
2020-09-10 17:00:56,22.09,11.2,2679.08,39.4,70.68
2020-09-10 18:00:56,17.23,12.6,2659.37,46.73,75.62
2020-09-10 19:00:56,22.45,8.5,2691.19,58.37,86.54
2020-09-10 20:00:56,29.07,6.94,2653.46,36.87,60.39
2020-09-10 21:00:56,30.07,6.0,2666.59,31.02,54.68
2020-09-10 22:00:56,28.06,5.72,2735.33,34.54,59.23
2020-09-10 23:00:56,29.07,5.61,3099.37,78.28,105.56
2020-09-11 00:00:56,32.3,5.28,2663.22,44.06,68.77
2020-09-11 01:00:56,29.41,4.99,2637.99,42.71,68.52
2020-09-11 02:00:56,29.87,14.47,2625.8,20.82,43.71
2020-09-11 03:00:56,25.73,5.86,2628.53,24.62,48.66
2020-09-11 04:00:56,16.46,5.82,2670.86,40.8,64.16
2020-09-11 05:00:56,15.75,5.84,2666.62,19.56,42.5
2020-09-11 06:00:56,18.44,5.48,2834.44,16.74,39.81
2020-09-11 07:00:56,23.45,5.92,2656.72,44.91,70.49
2020-09-11 08:00:56,24.62,6.01,2833.49,62.1,95.52
2020-09-11 09:00:56,30.24,5.13,2716.74,54.48,87.37
2020-09-11 10:00:56,42.0,9.22,2772.68,39.7,68.07
2020-09-11 11:00:56,41.41,31.8,2750.28,44.03,76.98
2020-09-11 12:00:56,38.05,6.32,2740.98,38.4,69.35
2020-09-11 13:00:56,31.67,4.28,2741.42,30.69,61.11
2020-09-11 14:00:56,29.13,4.28,2770.79,27.25,56.62
2020-09-11 15:00:56,38.86,7.27,2961.48,32.19,62.69
2020-09-11 16:00:56,41.81,9.73,2925.25,42.88,79.2
2020-09-11 17:00:56,36.28,10.94,2895.48,34.44,64.88
2020-09-11 18:00:56,35.23,5.51,2897.05,46.12,75.55
2020-09-11 19:00:56,47.84,6.11,2814.86,66.1,95.03
2020-09-11 20:00:56,61.21,6.14,3124.69,111.37,159.22
2020-09-11 21:00:56,76.83,5.63,2919.44,77.4,104.63
2020-09-11 22:00:56,80.04,5.24,2666.12,72.98,100.52
2020-09-11 23:00:56,63.52,5.08,2709.57,55.64,83.74
2020-09-12 00:00:56,52.94,5.12,2756.57,64.06,96.36
2020-09-12 01:00:56,47.36,4.62,2826.78,48.48,73.49
2020-09-12 02:00:56,39.89,18.28,2847.09,39.02,64.49
2020-09-12 03:00:56,39.22,6.47,2706.4,61.58,107.77
2020-09-12 04:00:56,44.34,6.7,2602.91,53.61,82.9
2020-09-12 05:00:56,34.76,8.17,2571.72,27.31,52.05
2020-09-12 06:00:56,33.39,8.94,2659.79,27.67,51.54
2020-09-12 07:00:56,35.92,7.49,2580.55,44.7,75.32
2020-09-12 08:00:56,34.52,13.52,2774.02,50.12,83.28
2020-09-12 09:00:56,39.24,17.49,2596.73,34.94,67.95
2020-09-12 10:00:56,45.26,11.3,2847.74,16.22,41.39
2020-09-12 11:00:56,44.1,6.44,2733.97,19.08,44.15
2020-09-12 12:00:56,44.05,5.08,2743.36,33.81,61.5
2020-09-12 13:00:56,49.55,4.38,2738.7,29.8,58.07
2020-09-12 14:00:56,54.52,4.3,2767.1,30.69,59.19
2020-09-12 15:00:56,46.86,4.24,2787.21,35.28,63.19
2020-09-12 16:00:56,45.0,4.66,2770.23,31.93,61.41
2020-09-12 17:00:56,43.98,4.32,2707.33,30.18,56.55
2020-09-12 18:00:56,31.27,4.61,2691.89,47.6,76.11
2020-09-12 19:00:56,32.89,4.79,2991.61,43.51,69.88
2020-09-12 20:00:56,49.67,4.39,3113.54,58.17,91.83
2020-09-12 21:00:56,63.67,3.97,3091.71,88.31,143.15
2020-09-12 22:00:56,71.4,4.44,3003.51,51.06,75.54
2020-09-12 23:00:56,63.22,4.2,3142.52,46.51,71.58
2020-09-13 00:00:56,52.82,4.49,3005.19,91.68,141.92
2020-09-13 01:00:56,52.04,4.32,2947.27,56.54,97.44
2020-09-13 02:00:56,44.77,13.57,2882.52,30.41,55.35
2020-09-13 03:00:56,30.31,5.79,2848.55,67.27,94.5
2020-09-13 04:00:56,35.63,5.54,2919.71,36.54,59.33
2020-09-13 05:00:56,39.95,5.54,2871.11,29.85,52.99
2020-09-13 06:00:56,34.22,5.47,2857.11,27.6,51.65
2020-09-13 07:00:56,34.44,5.38,2749.44,33.19,63.5
2020-09-13 08:00:56,33.74,7.69,2855.11,56.14,97.16
2020-09-13 09:00:56,38.08,15.09,2627.58,56.71,94.13
2020-09-13 10:00:56,52.43,16.18,2777.51,29.87,56.16
2020-09-13 11:00:56,59.57,16.55,2826.88,31.91,59.04
2020-09-13 12:00:56,65.76,34.7,2829.14,38.97,69.82
2020-09-13 13:00:56,61.12,18.59,2793.87,28.38,59.06
2020-09-13 14:00:56,49.16,5.35,2759.82,19.0,45.38
2020-09-13 15:00:56,42.45,3.88,2804.52,20.9,48.9
2020-09-13 16:00:56,35.41,3.98,2901.43,26.33,53.91
2020-09-13 17:00:56,32.27,3.67,2830.57,35.19,63.84
2020-09-13 18:00:56,33.87,3.72,2888.86,47.26,81.62
2020-09-13 19:00:56,42.24,3.66,2977.47,56.71,85.18
2020-09-13 20:00:56,50.53,3.6,2947.03,39.3,64.64
2020-09-13 21:00:56,48.31,3.53,2776.12,31.64,56.78
2020-09-13 22:00:56,38.16,3.11,2842.31,62.83,91.23
2020-09-13 23:00:56,32.62,3.43,2831.41,57.05,81.4
2020-09-14 00:00:56,29.86,3.36,2844.28,50.4,76.25
2020-09-14 01:00:56,24.68,3.39,2741.01,82.34,108.68
2020-09-14 02:00:56,36.24,12.2,2745.02,43.96,68.25
2020-09-14 03:00:56,47.93,3.6,2778.38,39.9,62.95
2020-09-14 04:00:56,42.95,3.56,2739.46,29.31,52.25
2020-09-14 05:00:56,32.79,3.35,2815.3,18.08,41.05
2020-09-14 06:00:56,33.29,3.57,2895.44,18.66,41.5
2020-09-14 07:00:56,37.14,3.36,2803.76,35.23,58.08
2020-09-14 08:00:56,40.53,3.22,2837.22,60.6,89.89
2020-09-14 09:00:56,47.42,3.28,2825.92,44.7,73.43
2020-09-14 10:00:56,61.6,3.28,2868.88,29.86,57.32
2020-09-14 11:00:56,67.51,3.38,2813.62,29.88,58.23
2020-09-14 12:00:56,60.85,3.2,2863.46,25.29,53.22
2020-09-14 13:00:56,59.36,3.16,2788.27,21.82,48.74
2020-09-14 14:00:56,58.02,3.45,2719.91,22.47,50.33
2020-09-14 15:00:56,56.87,3.64,2595.53,23.74,51.73
2020-09-14 16:00:56,58.84,3.25,2602.35,28.11,61.01
2020-09-14 17:00:56,59.41,3.29,2635.75,28.35,57.31
2020-09-14 18:00:56,54.52,3.24,2670.91,34.82,63.07
2020-09-14 19:00:56,58.63,3.37,2626.24,46.15,74.09
2020-09-14 20:00:56,62.83,3.07,2698.43,27.5,51.87
2020-09-14 21:00:56,60.94,2.96,2713.59,32.5,57.05
2020-09-14 22:00:56,59.2,3.3,2720.36,33.18,57.28
2020-09-14 23:00:56,50.81,3.37,2768.58,31.43,55.85
2020-09-15 00:00:56,46.73,3.38,2749.82,38.58,61.46
2020-09-15 01:00:56,44.25,2.94,2803.84,36.89,60.39
2020-09-15 02:00:56,42.18,12.29,2826.32,17.12,39.86
2020-09-15 03:00:56,43.06,3.47,2629.19,18.83,41.51
2020-09-15 04:00:56,39.42,3.4,2573.62,22.97,45.91
2020-09-15 05:00:56,30.2,3.64,2530.2,18.94,41.91
2020-09-15 06:00:56,27.87,3.47,2617.19,28.23,50.76
2020-09-15 07:00:56,33.96,3.41,2773.83,42.71,65.7
2020-09-15 08:00:56,44.79,3.46,2612.88,69.07,94.86
2020-09-15 09:00:56,45.84,3.55,2689.62,46.32,75.83
2020-09-15 10:00:56,45.76,3.4,2684.2,39.11,67.58
2020-09-15 11:00:56,48.25,4.03,2764.21,32.22,60.06
2020-09-15 12:00:56,49.78,3.65,2846.38,32.05,60.81
2020-09-15 13:00:56,53.72,3.66,2850.87,24.69,52.72
2020-09-15 14:00:56,44.47,3.68,2708.66,27.31,57.63
2020-09-15 15:00:56,45.28,4.26,2628.86,28.67,56.25
2020-09-15 16:00:56,52.78,8.08,2900.02,27.11,56.99
2020-09-15 17:00:56,50.51,6.14,2662.35,24.49,52.33
2020-09-15 18:00:56,45.36,5.03,2581.05,39.11,67.13
2020-09-15 19:00:56,51.72,4.61,2544.6,48.47,74.51
2020-09-15 20:00:56,54.8,4.4,2591.31,52.4,82.98
2020-09-15 21:00:56,55.3,3.9,2754.17,37.13,61.68
2020-09-15 22:00:56,54.56,3.78,2690.25,52.5,76.82
2020-09-15 23:00:56,44.48,4.08,2752.66,30.81,53.78
2020-09-16 00:00:56,40.05,4.14,2694.43,33.91,56.89
2020-09-16 01:00:56,47.19,4.27,2772.71,13.64,35.99
2020-09-16 02:00:56,46.69,13.5,2622.68,25.67,48.01
2020-09-16 03:00:56,43.02,4.2,2610.11,20.43,43.04
2020-09-16 04:00:56,40.34,3.84,2643.24,18.47,41.27
2020-09-16 05:00:56,35.63,3.77,2543.81,26.37,49.04
2020-09-16 06:00:56,36.11,3.93,2563.35,27.95,50.49
2020-09-16 07:00:56,31.45,3.91,2598.61,14.59,37.33
2020-09-16 08:00:56,28.98,4.09,2647.49,42.47,67.89
2020-09-16 09:00:56,34.75,4.62,2680.52,39.56,66.63
2020-09-16 10:00:56,38.49,5.93,2666.85,35.05,64.61
2020-09-16 11:00:56,32.29,4.76,2788.35,31.63,61.21
2020-09-16 12:00:56,32.0,7.75,2734.54,21.22,47.81
2020-09-16 13:00:56,39.14,27.45,2903.07,26.27,54.97
2020-09-16 14:00:56,40.92,45.01,2918.25,24.62,52.59
2020-09-16 15:00:56,42.98,45.42,2827.3,24.47,51.8
2020-09-16 16:00:56,40.42,26.24,2790.11,31.17,64.85
2020-09-16 17:00:56,43.07,8.07,2737.73,27.4,54.34
2020-09-16 18:00:56,45.29,5.67,2785.03,34.5,62.6
2020-09-16 19:00:56,41.36,4.55,2786.48,59.54,87.41
2020-09-16 20:00:56,43.38,4.73,2749.1,39.66,63.42
2020-09-16 21:00:56,54.02,4.54,2794.99,33.32,58.26
2020-09-16 22:00:56,51.02,4.62,3384.92,46.52,75.53
2020-09-16 23:00:56,43.86,2.63,2682.36,38.79,64.6
2020-09-17 00:00:56,37.21,3.33,2618.06,24.43,48.26
2020-09-17 01:00:56,26.22,3.95,2629.29,21.69,44.8
2020-09-17 02:00:56,29.07,13.41,2830.33,20.03,43.12
2020-09-17 03:00:56,31.5,3.63,2547.18,24.44,47.99
2020-09-17 04:00:56,29.05,3.83,2598.85,30.93,55.74
2020-09-17 05:00:56,24.27,3.62,2440.52,64.94,89.3
2020-09-17 06:00:56,17.92,3.76,2621.85,34.31,60.86
2020-09-17 07:00:56,22.99,4.22,2556.91,78.39,111.24
2020-09-17 08:00:56,29.38,4.21,2578.17,36.49,64.78
2020-09-17 09:00:56,31.8,4.66,2545.0,25.94,53.71
2020-09-17 10:00:56,35.31,5.42,2638.25,18.4,43.81
2020-09-17 11:00:56,30.78,5.14,2713.36,17.49,41.8
2020-09-17 12:00:56,26.97,6.22,2773.98,23.87,50.59
2020-09-17 13:00:56,41.75,5.68,2728.47,26.85,54.15
2020-09-17 14:00:56,52.93,4.97,2513.17,23.99,50.4
2020-09-17 15:00:56,50.53,4.68,2516.84,20.68,45.57
2020-09-17 16:00:56,47.83,4.76,2711.81,17.93,42.79
2020-09-17 17:00:56,51.19,4.46,2559.7,22.03,47.54
2020-09-17 18:00:56,53.07,4.03,2533.97,21.34,47.26
2020-09-17 19:00:56,56.01,4.19,3458.95,44.7,72.61
2020-09-17 20:00:56,69.16,4.12,2565.11,57.06,84.62
2020-09-17 21:00:56,79.61,3.98,2922.79,44.72,71.01
2020-09-17 22:00:56,73.44,3.82,3064.85,61.48,94.57
2020-09-17 23:00:56,77.94,3.8,3203.98,82.02,135.13
2020-09-18 00:00:56,86.48,4.16,3462.14,73.5,105.19
2020-09-18 01:00:56,76.11,3.96,2857.03,55.7,86.18
2020-09-18 02:00:56,70.27,12.89,2808.57,52.54,79.21
2020-09-18 03:00:56,60.1,4.5,2767.39,35.51,58.95
2020-09-18 04:00:56,47.54,4.21,2752.21,21.59,44.52
2020-09-18 05:00:56,44.4,4.1,3208.41,23.72,47.84
2020-09-18 06:00:56,38.66,4.27,2741.71,17.94,40.9
2020-09-18 07:00:56,35.5,4.0,2785.26,32.38,58.88
2020-09-18 08:00:56,37.22,3.97,2946.2,38.38,68.08
2020-09-18 09:00:56,43.46,4.31,2800.4,26.53,54.12
2020-09-18 10:00:56,40.69,15.14,2855.79,24.05,50.75
2020-09-18 11:00:56,40.23,169.19,3145.16,29.38,57.89
2020-09-18 12:00:56,46.8,120.42,2497.59,26.33,70.76
2020-09-18 13:00:56,41.55,55.72,2427.81,25.12,52.5
2020-09-18 14:00:56,40.09,113.95,2373.22,22.51,48.77
2020-09-18 15:00:56,39.6,135.04,2426.5,25.36,54.4
2020-09-18 16:00:56,40.86,103.58,2510.81,35.26,66.44
2020-09-18 17:00:56,47.05,18.37,2514.51,38.85,72.82
2020-09-18 18:00:56,40.9,9.17,2551.3,36.79,64.35
2020-09-18 19:00:56,38.18,6.51,2518.72,48.49,78.71
2020-09-18 20:00:56,38.74,5.61,2559.93,43.66,71.06
2020-09-18 21:00:56,36.08,5.04,2640.66,32.02,57.22
2020-09-18 22:00:56,39.99,4.65,2559.41,32.29,59.15
2020-09-18 23:00:56,52.06,4.16,2618.83,40.69,65.54
2020-09-19 00:00:56,53.55,4.58,2593.23,34.41,57.78
2020-09-19 01:00:56,43.03,3.88,2642.57,15.97,38.5
2020-09-19 02:00:56,32.4,17.01,2697.7,23.4,46.09
2020-09-19 03:00:56,26.88,4.52,2790.46,39.61,64.15
2020-09-19 04:00:56,32.32,4.68,2682.99,25.24,48.05
2020-09-19 05:00:56,38.09,4.4,2671.24,18.57,41.68
2020-09-19 06:00:56,23.89,4.18,2654.81,27.29,50.05
2020-09-19 07:00:56,25.45,3.75,2536.22,39.66,63.53
2020-09-19 08:00:56,30.69,3.98,2565.68,45.87,72.02
2020-09-19 09:00:56,31.07,4.0,2577.22,55.94,86.16
2020-09-19 10:00:56,44.29,4.18,2619.78,36.95,63.92
2020-09-19 11:00:56,60.23,4.15,2807.02,43.71,70.89
2020-09-19 12:00:56,58.32,3.4,2584.86,44.01,70.08
2020-09-19 13:00:56,46.2,3.86,2603.47,32.81,58.62
2020-09-19 14:00:56,39.44,4.56,2588.53,37.82,67.85
2020-09-19 15:00:56,39.42,10.48,2623.59,28.65,57.86
2020-09-19 16:00:56,38.48,8.78,2603.01,37.22,65.95
2020-09-19 17:00:56,33.16,4.69,2533.57,36.2,63.3
2020-09-19 18:00:56,18.44,3.95,2630.37,33.68,57.33
2020-09-19 19:00:56,12.31,3.74,2668.88,41.2,66.04
2020-09-19 20:00:56,17.43,3.57,2648.49,38.4,62.39
2020-09-19 21:00:56,22.62,3.29,2651.12,30.96,54.3
2020-09-19 22:00:56,19.28,3.28,2605.98,22.31,45.32
2020-09-19 23:00:56,20.5,3.29,2553.91,20.28,43.36
2020-09-20 00:00:56,22.91,3.49,2507.34,17.05,39.81
2020-09-20 01:00:56,17.68,3.17,2479.12,17.34,40.65
2020-09-20 02:00:56,10.67,12.22,2475.1,14.8,37.69
2020-09-20 03:00:56,13.22,3.51,2546.94,12.8,35.39
2020-09-20 04:00:56,14.82,3.49,2536.09,12.65,35.71
2020-09-20 05:00:56,10.05,3.4,2559.76,13.21,35.58
2020-09-20 06:00:56,10.48,3.38,2527.25,11.78,34.56
2020-09-20 07:00:56,14.77,3.11,2479.51,18.93,43.22
2020-09-20 08:00:56,16.05,3.1,2625.44,23.43,48.55
2020-09-20 09:00:56,13.12,3.23,2530.75,25.15,50.27
2020-09-20 10:00:56,10.46,3.12,2601.09,15.06,39.63
2020-09-20 11:00:56,16.16,3.01,2670.73,20.85,47.22
2020-09-20 12:00:56,18.24,3.55,2730.82,23.57,49.31
2020-09-20 13:00:56,12.78,3.4,2502.55,16.7,40.48
2020-09-20 14:00:56,10.71,3.47,2535.17,25.92,51.42
2020-09-20 15:00:56,15.37,3.42,2682.98,21.39,45.45
2020-09-20 16:00:56,18.3,3.53,2719.94,26.29,51.69
2020-09-20 17:00:56,11.88,3.17,2772.16,38.57,65.85
2020-09-20 18:00:56,10.73,3.29,2760.31,39.85,68.86
2020-09-20 19:00:56,10.66,3.59,2714.95,59.59,89.68
2020-09-20 20:00:56,18.84,3.45,2627.7,65.25,91.29
2020-09-20 21:00:56,25.44,3.16,2676.05,55.94,79.14
2020-09-20 22:00:56,28.35,3.68,2595.68,34.02,56.8
2020-09-20 23:00:56,29.12,3.47,2625.88,29.93,53.12
2020-09-21 00:00:56,25.51,3.48,2529.68,25.65,48.29
2020-09-21 01:00:56,23.47,3.12,2481.9,20.2,42.97
2020-09-21 02:00:56,13.01,12.32,2002.7,15.14,37.7
2020-09-21 03:00:56,13.79,3.53,2559.63,15.3,37.84
2020-09-21 04:00:56,14.29,3.57,2541.2,14.36,36.56
2020-09-21 05:00:56,7.56,3.38,2596.09,17.6,40.38
2020-09-21 06:00:56,5.39,3.26,2612.36,21.81,44.53
2020-09-21 07:00:56,13.91,3.44,2514.03,33.57,57.01
2020-09-21 08:00:56,22.21,3.44,2571.02,62.9,91.51
2020-09-21 09:00:56,15.68,3.65,2483.63,69.24,105.18
2020-09-21 10:00:56,0.0,0.0,0.0,0.0,0.0
2020-09-21 11:00:56,0.0,0.0,0.0,0.0,0.0
2020-09-21 12:00:56,0.0,0.0,0.0,0.0,0.0
2020-09-21 13:00:56,0.0,0.0,0.0,0.0,0.0
2020-09-21 14:00:56,0.0,0.0,0.0,0.0,0.0
2020-09-21 15:00:56,0.0,0.0,0.0,41.9,70.57
2020-09-21 16:00:56,0.0,5.67,0.0,45.1,77.5
2020-09-21 17:00:56,0.0,7.42,0.0,44.82,73.45
2020-09-21 18:00:56,0.0,10.77,0.0,61.92,91.04
2020-09-21 19:00:56,0.0,6.53,240.93,37.44,62.73
2020-09-21 20:00:56,0.0,4.76,220.71,38.23,64.63
2020-09-21 21:00:56,0.0,5.28,449.98,62.14,86.74
2020-09-21 22:00:56,0.0,5.24,154.78,59.96,83.61
2020-09-21 23:00:56,39.87,4.54,467.08,49.96,72.74
2020-09-22 00:00:56,29.3,4.24,475.25,46.59,69.97
2020-09-22 01:00:56,36.46,4.19,518.06,45.99,69.28
2020-09-22 02:00:56,25.27,16.92,563.95,35.5,58.45
2020-09-22 03:00:56,26.21,4.21,558.59,29.07,51.62
2020-09-22 04:00:56,27.45,3.94,610.99,24.87,47.6
2020-09-22 05:00:56,31.35,3.77,422.23,21.6,44.12
2020-09-22 06:00:56,24.55,3.53,466.73,28.67,51.39
2020-09-22 07:00:56,22.91,3.59,444.07,21.95,45.0
2020-09-22 08:00:56,30.22,3.68,560.18,65.2,96.38
2020-09-22 09:00:56,28.73,4.09,501.37,60.33,91.75
2020-09-22 10:00:56,27.73,4.14,550.67,53.91,87.52
2020-09-22 11:00:56,30.37,5.43,506.53,37.4,68.32
2020-09-22 12:00:56,24.54,4.45,513.28,34.78,62.12
2020-09-22 13:00:56,21.67,9.37,536.04,25.46,51.84
2020-09-22 14:00:56,19.41,33.26,513.27,24.86,50.85
2020-09-22 15:00:56,24.32,87.37,555.19,31.52,58.94
2020-09-22 16:00:56,39.39,81.44,514.45,35.2,65.8
2020-09-22 17:00:56,48.87,19.81,562.19,34.24,60.07
2020-09-22 18:00:56,54.5,8.39,558.67,52.39,81.05
2020-09-22 19:00:56,51.3,5.61,760.67,80.37,109.85
2020-09-22 20:00:56,53.31,5.23,630.24,62.28,85.37
2020-09-22 21:00:56,52.38,4.33,587.77,58.88,81.68
2020-09-22 22:00:56,50.69,3.89,512.5,38.6,61.41
2020-09-22 23:00:56,41.93,3.54,678.26,47.42,71.79
2020-09-23 00:00:56,35.9,3.56,513.02,51.4,77.27
2020-09-23 01:00:56,39.39,3.39,513.25,49.74,80.65
2020-09-23 02:00:56,35.41,12.62,477.36,70.99,114.88
2020-09-23 03:00:56,24.55,3.53,467.71,35.85,59.81
2020-09-23 04:00:56,25.43,3.21,383.64,25.58,49.08
2020-09-23 05:00:56,24.72,3.51,414.85,26.45,50.14
2020-09-23 06:00:56,21.22,3.69,479.69,44.87,72.92
2020-09-23 07:00:56,18.52,3.74,474.21,31.98,59.91
2020-09-23 08:00:56,22.92,4.23,422.23,60.59,126.8
2020-09-23 09:00:56,33.08,5.82,699.7,79.29,157.79
2020-09-23 10:00:56,45.11,9.35,498.78,42.27,73.45
2020-09-23 11:00:56,50.25,0.0,447.0,20.91,46.61
2020-09-23 12:00:56,36.57,0.0,419.48,27.17,54.03
2020-09-23 13:00:56,28.85,6.88,453.48,30.23,58.91
2020-09-23 14:00:56,36.76,9.0,361.68,28.99,56.5
2020-09-23 15:00:56,42.2,6.8,378.58,30.28,59.28
2020-09-23 16:00:56,43.3,5.7,562.98,43.44,78.13
2020-09-23 17:00:56,42.84,4.48,458.08,41.85,70.09
2020-09-23 18:00:56,44.99,4.42,438.99,52.22,81.73
2020-09-23 19:00:56,51.46,4.05,541.29,100.42,140.14
2020-09-23 20:00:56,55.85,3.92,671.79,96.24,132.97
2020-09-23 21:00:56,73.79,4.38,577.46,69.3,99.96
2020-09-23 22:00:56,78.63,3.72,577.62,53.95,77.63
2020-09-23 23:00:56,57.37,3.79,742.88,50.95,78.11
2020-09-24 00:00:56,38.57,3.96,828.9,75.99,128.13
2020-09-24 01:00:56,42.76,3.81,721.38,68.77,117.94
2020-09-24 02:00:56,46.12,0.0,787.85,31.09,55.31
2020-09-24 03:00:56,41.38,4.32,674.99,38.62,64.05
2020-09-24 04:00:56,30.04,3.85,567.5,21.89,45.24
2020-09-24 05:00:56,27.27,3.66,661.03,45.89,74.07
2020-09-24 06:00:56,22.14,2.98,675.38,31.45,55.19
2020-09-24 07:00:56,12.6,3.49,588.09,29.29,56.37
2020-09-24 08:00:56,13.65,4.0,732.56,47.63,91.42
2020-09-24 09:00:56,23.7,5.99,593.49,42.32,76.04
2020-09-24 10:00:56,29.2,7.6,648.3,24.93,53.06
2020-09-24 11:00:56,35.41,9.43,647.52,26.85,55.26
2020-09-24 12:00:56,33.01,6.92,528.68,25.3,52.89
2020-09-24 13:00:56,28.68,6.64,474.38,28.91,56.41
2020-09-24 14:00:56,27.92,4.82,420.39,27.22,56.48
2020-09-24 15:00:56,30.36,4.4,457.86,29.26,57.88
2020-09-24 16:00:56,36.74,4.18,549.06,37.6,66.42
2020-09-24 17:00:56,38.8,4.08,433.08,37.55,64.62
2020-09-24 18:00:56,41.92,4.26,445.02,39.88,65.55
2020-09-24 19:00:56,36.86,4.14,433.55,42.87,68.65
2020-09-24 20:00:56,42.67,4.01,448.63,55.87,83.5
2020-09-24 21:00:56,51.26,4.04,498.27,55.63,78.3
2020-09-24 22:00:56,47.39,3.91,548.15,68.18,101.07
2020-09-24 23:00:56,50.69,3.7,627.17,67.04,97.26
2020-09-25 00:00:56,48.33,3.94,668.27,56.62,87.14
2020-09-25 01:00:56,43.2,3.85,744.78,37.87,64.05
2020-09-25 02:00:56,40.42,0.0,573.51,27.66,51.13
2020-09-25 03:00:56,33.67,2.98,677.33,58.06,106.66
2020-09-25 04:00:56,33.02,3.27,613.83,36.25,62.63
2020-09-25 05:00:56,25.54,4.06,671.07,24.22,48.31
2020-09-25 06:00:56,24.53,4.24,618.41,38.47,70.77
2020-09-25 07:00:56,22.09,4.43,694.86,49.57,92.34
2020-09-25 08:00:56,22.06,5.58,726.98,50.47,103.53
2020-09-25 09:00:56,34.47,6.87,633.79,49.27,97.76
2020-09-25 10:00:56,46.84,5.86,708.84,32.29,62.41
2020-09-25 11:00:56,43.84,5.55,652.29,24.96,52.63
2020-09-25 12:00:56,37.22,57.8,748.84,40.56,72.95
2020-09-25 13:00:56,35.46,12.77,721.4,32.1,65.74
2020-09-25 14:00:56,38.63,6.56,665.84,31.73,60.5
2020-09-25 15:00:56,40.63,4.59,719.88,37.89,68.42
2020-09-25 16:00:56,42.86,4.24,778.92,45.39,78.9
2020-09-25 17:00:56,41.25,4.01,763.6,47.24,79.95
2020-09-25 18:00:56,28.68,4.05,805.78,60.6,91.8
2020-09-25 19:00:56,38.99,3.91,823.18,77.5,111.11
2020-09-25 20:00:56,51.24,3.8,834.97,60.24,87.99
2020-09-25 21:00:56,62.12,3.98,867.48,66.6,99.89
2020-09-25 22:00:56,64.41,4.02,906.9,51.21,75.32
2020-09-25 23:00:56,59.72,4.18,753.04,44.24,71.6
2020-09-26 00:00:56,45.79,4.2,821.61,35.52,62.98
2020-09-26 01:00:56,40.86,3.45,760.92,42.78,70.11
2020-09-26 02:00:56,47.3,0.0,671.65,27.3,52.03
2020-09-26 03:00:56,41.39,4.1,769.7,24.3,47.47
2020-09-26 04:00:56,46.53,4.18,694.12,20.15,42.63
2020-09-26 05:00:56,48.07,4.2,646.06,24.77,50.34
2020-09-26 06:00:56,31.83,4.31,635.49,38.35,79.88
2020-09-26 07:00:56,30.71,4.22,680.64,38.64,86.71
2020-09-26 08:00:56,34.23,4.29,829.66,37.37,82.8
2020-09-26 09:00:56,38.87,11.65,705.54,39.67,79.21
2020-09-26 10:00:56,37.42,8.5,825.12,28.58,55.43
2020-09-26 11:00:56,29.97,5.7,802.21,24.27,48.52
2020-09-26 12:00:56,19.33,6.12,648.76,37.53,63.53
2020-09-26 13:00:56,10.34,5.48,506.53,36.88,63.28
2020-09-26 14:00:56,22.19,7.19,487.75,41.64,70.23
2020-09-26 15:00:56,41.58,5.44,472.7,35.58,63.2
2020-09-26 16:00:56,53.91,5.42,495.78,38.43,65.52
2020-09-26 17:00:56,62.12,5.04,432.63,28.55,55.29
2020-09-26 18:00:56,57.96,4.61,388.47,32.19,58.48
2020-09-26 19:00:56,48.34,4.69,757.54,90.91,127.34
2020-09-26 20:00:56,61.23,4.55,723.25,87.53,118.23
2020-09-26 21:00:56,71.09,4.31,674.47,131.32,200.2
2020-09-26 22:00:56,80.52,4.65,670.73,113.23,170.88
2020-09-26 23:00:56,76.72,4.57,690.56,81.18,120.76
2020-09-27 00:00:56,64.67,4.6,758.31,74.83,111.34
2020-09-27 01:00:56,69.12,4.53,865.57,60.41,93.65
2020-09-27 02:00:56,69.35,0.0,795.92,64.89,108.11
2020-09-27 03:00:56,57.39,4.27,790.54,55.85,82.55
2020-09-27 04:00:56,47.74,4.34,661.8,35.87,59.95
2020-09-27 05:00:56,32.23,5.32,692.73,26.55,49.18
2020-09-27 06:00:56,24.92,6.81,675.09,24.97,47.81
2020-09-27 07:00:56,23.19,6.69,727.03,40.75,65.66
2020-09-27 08:00:56,25.67,5.92,707.92,57.75,86.61
2020-09-27 09:00:56,30.7,5.79,908.42,97.66,153.7
2020-09-27 10:00:56,35.66,5.05,705.93,46.91,76.33
2020-09-27 11:00:56,36.32,18.95,357.68,46.64,73.1
2020-09-27 12:00:56,33.22,12.91,324.28,43.45,71.44
2020-09-27 13:00:56,85.81,9.42,704.39,31.59,58.63
2020-09-27 14:00:56,128.57,11.13,382.36,35.69,63.76
2020-09-27 15:00:56,123.26,6.8,427.96,31.28,58.26
2020-09-27 16:00:56,109.01,6.45,393.73,28.95,54.73
2020-09-27 17:00:56,97.87,5.47,422.31,31.67,57.69
2020-09-27 18:00:56,87.88,5.33,574.12,37.6,64.23
2020-09-27 19:00:56,76.92,5.36,689.9,57.55,83.33
2020-09-27 20:00:56,70.81,4.49,502.96,61.83,86.62
2020-09-27 21:00:56,60.66,3.94,624.06,61.19,85.93
2020-09-27 22:00:56,49.97,4.29,608.88,63.65,89.08
2020-09-27 23:00:56,49.88,3.75,747.98,43.79,69.3
2020-09-28 00:00:56,42.62,3.8,558.92,27.48,51.04
2020-09-28 01:00:56,36.8,3.84,599.74,24.18,47.28
2020-09-28 02:00:56,42.83,5.15,692.66,23.87,46.63
2020-09-28 03:00:56,40.84,3.88,717.21,23.36,47.09
2020-09-28 04:00:56,40.91,3.93,696.08,29.83,52.74
2020-09-28 05:00:56,34.83,3.99,608.74,41.32,64.76
2020-09-28 06:00:56,28.64,3.49,627.59,60.56,90.83
2020-09-28 07:00:56,23.12,3.43,581.97,57.75,92.21
2020-09-28 08:00:56,27.64,3.86,690.56,49.16,88.54
2020-09-28 09:00:56,38.14,7.41,750.03,68.99,127.59
2020-09-28 10:00:56,57.83,0.0,638.32,51.79,94.89
2020-09-28 11:00:56,85.89,98.39,725.43,35.72,71.46
2020-09-28 12:00:56,68.45,14.76,487.61,29.3,57.88
2020-09-28 13:00:56,47.67,8.75,448.97,26.52,56.0
2020-09-28 14:00:56,38.91,6.47,422.63,29.33,58.3
2020-09-28 15:00:56,34.7,5.47,463.81,30.1,57.94
2020-09-28 16:00:56,41.95,5.07,829.56,25.91,54.04
2020-09-28 17:00:56,44.82,4.63,495.93,20.87,47.01
2020-09-28 18:00:56,35.9,4.46,476.19,28.11,56.47
2020-09-28 19:00:56,38.59,4.34,608.21,48.08,78.08
2020-09-28 20:00:56,55.69,4.26,556.78,72.16,103.07
2020-09-28 21:00:56,74.93,4.2,539.52,63.95,94.57
2020-09-28 22:00:56,76.58,3.93,698.97,74.33,114.37
2020-09-28 23:00:56,65.12,3.88,827.99,82.57,113.97
2020-09-29 00:00:56,58.31,3.72,801.82,63.27,93.28
2020-09-29 01:00:56,48.79,4.39,749.27,42.61,67.88
2020-09-29 02:00:56,38.93,0.0,655.83,29.73,53.71
2020-09-29 03:00:56,40.99,4.82,662.97,24.07,47.13
2020-09-29 04:00:56,37.49,4.7,590.62,22.25,44.91
2020-09-29 05:00:56,36.97,6.78,572.46,22.43,45.39
2020-09-29 06:00:56,38.96,6.76,686.7,22.31,45.03
2020-09-29 07:00:56,34.52,5.43,629.35,29.98,57.32
2020-09-29 08:00:56,36.99,6.59,906.78,36.94,72.08
2020-09-29 09:00:56,38.01,9.66,627.9,40.71,77.51
2020-09-29 10:00:56,44.27,70.56,632.8,26.89,55.33
2020-09-29 11:00:56,43.8,10.76,636.72,28.44,55.63
2020-09-29 12:00:56,38.14,6.24,466.04,23.91,49.07
2020-09-29 13:00:56,43.39,5.81,510.75,25.66,50.14
2020-09-29 14:00:56,50.04,8.22,538.02,59.58,90.61
2020-09-29 15:00:56,78.12,40.77,530.56,57.25,87.01
2020-09-29 16:00:56,105.42,18.94,827.35,73.39,109.63
2020-09-29 17:00:56,113.47,8.52,534.86,35.76,61.46
2020-09-29 18:00:56,100.83,8.53,637.36,62.73,91.35
2020-09-29 19:00:56,110.78,7.45,760.38,132.21,186.29
2020-09-29 20:00:56,138.86,6.93,692.72,107.86,150.69
2020-09-29 21:00:56,147.99,6.5,756.27,94.79,138.84
2020-09-29 22:00:56,151.53,5.63,526.79,58.17,94.22
2020-09-29 23:00:56,182.53,5.22,477.82,43.68,68.43
2020-09-30 00:00:56,152.21,5.03,429.53,31.43,54.6
2020-09-30 01:00:56,107.83,6.35,534.3,15.78,38.81
2020-09-30 02:00:56,82.75,0.0,533.6,14.54,37.52
2020-09-30 03:00:56,71.68,4.89,605.66,19.02,41.66
2020-09-30 04:00:56,57.36,4.87,633.6,47.37,72.24
2020-09-30 05:00:56,64.16,7.53,664.25,33.13,55.98
2020-09-30 06:00:56,61.84,7.53,672.8,31.95,54.66
2020-09-30 07:00:56,49.02,5.49,803.81,34.8,59.59
2020-09-30 08:00:56,49.94,4.76,693.47,44.63,84.75
2020-09-30 09:00:56,43.93,7.06,617.01,34.62,64.92
2020-09-30 10:00:56,46.52,27.61,579.66,47.22,92.27
2020-09-30 11:00:56,50.2,7.72,753.45,35.3,67.05
2020-09-30 12:00:56,50.97,8.03,463.35,30.49,59.28
2020-09-30 13:00:56,67.01,6.6,395.61,32.94,59.88
2020-09-30 14:00:56,61.23,10.51,376.1,26.78,53.65
2020-09-30 15:00:56,37.27,67.04,370.49,28.98,55.65
2020-09-30 16:00:56,29.53,73.19,514.11,39.88,70.69
2020-09-30 17:00:56,24.74,48.24,443.43,37.27,63.94
2020-09-30 18:00:56,26.34,28.58,428.97,45.3,72.07
2020-09-30 19:00:56,25.27,22.44,467.16,40.57,66.09
2020-09-30 20:00:56,19.75,12.41,310.14,51.02,77.06
2020-09-30 21:00:56,21.21,41.75,356.69,47.63,74.46
2020-09-30 22:00:56,28.46,22.57,437.58,47.61,72.43
2020-09-30 23:00:56,25.35,11.23,451.44,44.11,67.98
2020-10-01 00:00:56,15.83,7.92,460.07,43.66,71.3
2020-10-01 01:00:56,12.95,7.21,495.42,15.36,38.33
2020-10-01 02:00:56,12.84,0.0,557.84,15.31,37.6
2020-10-01 03:00:56,18.27,6.25,562.06,22.13,44.76
2020-10-01 04:00:56,16.12,5.75,583.88,20.38,42.96
2020-10-01 05:00:56,19.48,5.3,689.16,26.51,49.15
2020-10-01 06:00:56,22.36,5.19,653.67,18.2,40.55
2020-10-01 07:00:56,18.34,4.9,763.75,15.65,38.91
2020-10-01 08:00:56,12.21,5.34,706.01,71.82,116.37
2020-10-01 09:00:56,23.6,8.34,755.96,76.85,114.56
2020-10-01 10:00:56,31.54,35.4,609.44,50.51,84.46
2020-10-01 11:00:56,37.58,12.75,648.17,39.66,67.65
2020-10-01 12:00:56,44.14,8.85,656.97,34.31,64.4
2020-10-01 13:00:56,34.32,6.52,548.77,34.94,65.55
2020-10-01 14:00:56,29.46,5.94,743.81,32.35,59.74
2020-10-01 15:00:56,29.98,5.63,668.84,35.83,64.12
2020-10-01 16:00:56,23.85,9.71,775.44,35.85,63.85
2020-10-01 17:00:56,21.44,10.15,770.17,40.75,68.48
2020-10-01 18:00:56,16.83,6.94,696.73,60.51,90.76
2020-10-01 19:00:56,15.53,5.87,563.07,55.92,84.11
2020-10-01 20:00:56,21.84,5.45,624.1,50.34,76.81
2020-10-01 21:00:56,27.11,5.04,775.35,56.34,80.43
2020-10-01 22:00:56,24.81,4.93,641.46,55.53,80.34
2020-10-01 23:00:56,21.63,4.87,661.96,52.3,79.06
2020-10-02 00:00:56,27.28,4.53,634.35,55.59,79.48
2020-10-02 01:00:56,23.16,4.62,703.41,47.23,71.55
2020-10-02 02:00:56,17.49,0.0,659.33,36.92,59.9
2020-10-02 03:00:56,17.12,4.58,770.43,24.08,46.93
2020-10-02 04:00:56,15.55,4.76,651.5,18.31,40.96
2020-10-02 05:00:56,10.53,4.31,620.34,19.55,42.17
2020-10-02 06:00:56,6.25,4.41,562.81,22.6,45.17
2020-10-02 07:00:56,3.9,3.96,588.23,30.45,55.41
2020-10-02 08:00:56,7.23,3.99,648.2,47.96,72.01
2020-10-02 09:00:56,8.96,4.4,631.13,49.15,79.18
2020-10-02 10:00:56,6.87,4.58,634.24,35.58,64.42
2020-10-02 11:00:56,4.48,14.07,659.15,36.35,67.81
2020-10-02 12:00:56,8.29,14.4,599.64,37.27,67.76
2020-10-02 13:00:56,9.16,7.07,647.91,28.23,53.79
2020-10-02 14:00:56,10.04,7.2,606.08,31.03,60.28
2020-10-02 15:00:56,16.85,8.11,542.12,30.87,58.86
2020-10-02 16:00:56,27.14,5.23,738.6,36.77,64.03
2020-10-02 17:00:56,23.37,5.87,632.7,48.33,79.75
2020-10-02 18:00:56,19.5,5.6,696.14,54.13,83.16
2020-10-02 19:00:56,22.48,4.43,891.55,77.26,110.12
2020-10-02 20:00:56,24.94,2.26,668.9,51.21,74.18
2020-10-02 21:00:56,23.08,4.23,817.02,58.1,81.93
2020-10-02 22:00:56,26.66,3.99,828.28,84.93,120.47
2020-10-02 23:00:56,32.83,3.81,725.36,81.37,112.88
2020-10-03 00:00:56,33.83,3.63,562.34,61.13,98.37
2020-10-03 01:00:56,27.19,3.89,659.11,34.18,58.76
2020-10-03 02:00:56,17.15,0.0,580.02,23.7,47.16
2020-10-03 03:00:56,10.55,3.74,626.55,32.99,57.64
2020-10-03 04:00:56,14.28,3.64,597.39,23.9,46.79
2020-10-03 05:00:56,14.7,3.51,566.87,69.11,118.2
2020-10-03 06:00:56,9.69,3.6,588.14,70.43,111.55
2020-10-03 07:00:56,14.09,3.6,624.21,56.64,95.74
2020-10-03 08:00:56,13.8,3.66,673.33,58.53,104.88
2020-10-03 09:00:56,16.0,5.27,643.58,39.33,70.57
2020-10-03 10:00:56,0.0,0.0,0.0,0.0,0.0
2020-10-03 11:00:56,0.0,0.0,0.0,0.0,0.0
2020-10-03 12:00:56,0.0,0.0,0.0,0.0,0.0
2020-10-03 13:00:56,0.0,0.0,0.0,0.0,0.0
2020-10-03 14:00:56,0.0,0.0,0.0,0.0,0.0
2020-10-03 15:00:56,0.0,0.0,0.0,0.0,0.0
2020-10-03 16:00:56,0.0,0.0,0.0,0.0,0.0
2020-10-03 17:00:56,0.0,0.0,0.0,0.0,0.0
2020-10-03 18:00:56,6.21,0.0,0.0,30.26,78.39
2020-10-03 19:00:56,5.9,0.0,0.0,58.39,88.48
2020-10-03 20:00:56,9.84,0.0,0.0,60.65,84.33
2020-10-03 21:00:56,17.73,1.86,0.0,59.42,84.25
2020-10-03 22:00:56,28.2,2.43,0.0,89.14,128.39
2020-10-03 23:00:56,33.13,2.84,0.0,87.83,126.27
2020-10-04 00:00:56,0.0,3.21,0.0,67.31,103.26
2020-10-04 01:00:56,0.0,3.36,0.0,62.47,108.66
2020-10-04 02:00:56,0.0,0.0,0.0,41.48,67.18
2020-10-04 03:00:56,0.0,3.4,0.0,60.23,98.03
2020-10-04 04:00:56,0.0,3.53,0.0,47.21,76.11
2020-10-04 05:00:56,29.83,3.36,0.0,32.63,58.75
2020-10-04 06:00:56,23.96,3.09,0.0,25.73,50.09
2020-10-04 07:00:56,15.96,3.11,0.0,38.71,72.64
2020-10-04 08:00:56,9.04,3.23,0.0,46.74,84.44
2020-10-04 09:00:56,8.86,4.51,0.0,29.14,57.27
2020-10-04 10:00:56,11.04,4.69,0.0,18.66,43.72
2020-10-04 11:00:56,9.35,4.16,0.0,14.69,38.24
2020-10-04 12:00:56,6.5,4.15,0.0,14.54,38.48
2020-10-04 13:00:56,9.69,10.67,0.0,18.78,43.48
2020-10-04 14:00:56,16.93,62.28,0.0,25.53,50.43
2020-10-04 15:00:56,17.94,13.96,0.0,23.63,48.98
2020-10-04 16:00:56,20.23,6.18,0.0,19.87,44.45
2020-10-04 17:00:56,26.42,5.07,0.0,26.91,52.13
2020-10-04 18:00:56,24.15,4.34,0.0,42.01,68.48
2020-10-04 19:00:56,32.85,3.78,0.0,63.63,90.63
2020-10-04 20:00:56,42.35,5.14,0.0,46.87,70.52
2020-10-04 21:00:56,42.96,3.74,1179.18,48.93,73.86
2020-10-04 22:00:56,45.65,3.55,1465.08,56.29,90.4
2020-10-04 23:00:56,51.87,3.57,1218.31,44.85,75.35
2020-10-05 00:00:56,39.17,3.51,1154.68,46.44,72.97
2020-10-05 01:00:56,27.96,3.61,1097.7,48.7,73.59
2020-10-05 02:00:56,22.37,0.0,1159.06,58.27,88.4
2020-10-05 03:00:56,23.64,3.7,1037.98,107.7,170.32
2020-10-05 04:00:56,27.46,3.53,1103.29,96.11,143.66
2020-10-05 05:00:56,24.3,3.53,1072.09,88.74,127.67
2020-10-05 06:00:56,16.35,3.35,1123.52,54.92,81.54
2020-10-05 07:00:56,15.07,2.95,1234.32,61.73,97.22
2020-10-05 08:00:56,20.36,3.75,1117.03,59.54,106.53
2020-10-05 09:00:56,27.1,13.37,1018.06,63.23,102.04
2020-10-05 10:00:56,34.4,19.56,953.37,42.02,71.58
2020-10-05 11:00:56,26.41,10.26,979.2,34.59,64.96
2020-10-05 12:00:56,21.51,8.36,1045.97,35.66,65.91
2020-10-05 13:00:56,28.96,19.37,987.08,29.41,56.5
2020-10-05 14:00:56,29.75,5.86,748.03,29.18,57.28
2020-10-05 15:00:56,26.16,5.14,786.13,34.85,65.03
2020-10-05 16:00:56,36.74,4.56,836.15,36.43,65.22
2020-10-05 17:00:56,39.71,4.26,861.54,40.48,68.41
2020-10-05 18:00:56,34.33,3.89,974.14,66.14,96.26
2020-10-05 19:00:56,47.84,4.05,906.37,72.7,97.52
2020-10-05 20:00:56,50.64,4.0,980.82,57.7,82.16
2020-10-05 21:00:56,47.52,3.63,1154.4,46.01,71.27
2020-10-05 22:00:56,48.8,3.36,1165.12,58.39,90.94
2020-10-05 23:00:56,41.5,3.6,1069.07,48.67,74.17
2020-10-06 00:00:56,30.24,3.78,1033.05,63.59,99.55
2020-10-06 01:00:56,24.18,3.7,1031.57,40.31,69.29
2020-10-06 02:00:56,31.49,0.0,1012.81,28.7,51.77
2020-10-06 03:00:56,31.73,3.59,1043.31,21.62,44.76
2020-10-06 04:00:56,26.73,3.75,988.66,17.49,39.99
2020-10-06 05:00:56,21.69,2.78,1010.37,18.18,41.38
2020-10-06 06:00:56,17.05,3.2,937.19,24.26,48.63
2020-10-06 07:00:56,13.1,3.69,987.7,31.27,57.12
2020-10-06 08:00:56,13.46,3.55,900.12,64.23,120.71
2020-10-06 09:00:56,22.29,5.44,894.82,53.37,89.75
2020-10-06 10:00:56,26.73,145.88,890.57,70.16,109.43
2020-10-06 11:00:56,37.79,39.09,915.03,30.39,56.42
2020-10-06 12:00:56,31.84,5.8,896.83,24.12,49.12
2020-10-06 13:00:56,16.8,5.31,712.05,26.79,51.67
2020-10-06 14:00:56,9.81,4.48,630.65,24.25,49.27
2020-10-06 15:00:56,12.4,4.33,685.53,21.09,46.16
2020-10-06 16:00:56,24.97,5.77,726.77,23.13,48.87
2020-10-06 17:00:56,31.63,5.02,846.7,19.14,43.9
2020-10-06 18:00:56,22.7,4.71,915.18,33.42,60.57
2020-10-06 19:00:56,22.36,4.13,1018.98,69.18,94.49
2020-10-06 20:00:56,39.35,4.0,1096.42,53.82,76.65
2020-10-06 21:00:56,46.08,4.1,1154.93,49.92,73.03
2020-10-06 22:00:56,41.18,3.92,1045.78,38.34,61.59
2020-10-06 23:00:56,32.62,4.05,1197.61,101.42,161.83
2020-10-07 00:00:56,27.26,3.77,1123.12,58.73,90.55
2020-10-07 01:00:56,19.44,3.82,1068.86,39.19,64.49
2020-10-07 02:00:56,17.74,0.0,1057.06,26.22,50.53
2020-10-07 03:00:56,19.76,3.64,1022.08,19.31,42.17
2020-10-07 04:00:56,14.84,3.88,792.46,17.96,43.42
2020-10-07 05:00:56,18.33,3.77,1141.32,15.4,38.52
2020-10-07 06:00:56,16.16,3.85,831.81,41.1,72.73
2020-10-07 07:00:56,13.82,3.5,858.53,35.16,61.02
2020-10-07 08:00:56,21.05,3.88,936.5,77.84,127.01
2020-10-07 09:00:56,32.16,4.71,753.36,62.04,102.67
2020-10-07 10:00:56,33.7,110.74,876.12,37.83,66.86
2020-10-07 11:00:56,39.68,32.95,947.56,30.51,56.79
2020-10-07 12:00:56,35.37,5.9,855.64,21.12,44.83
2020-10-07 13:00:56,25.16,5.17,724.03,21.79,45.53
2020-10-07 14:00:56,17.06,5.01,657.94,21.8,46.5
2020-10-07 15:00:56,16.52,5.0,0.0,25.89,50.38
2020-10-07 16:00:56,28.0,5.2,736.38,20.25,44.57
2020-10-07 17:00:56,37.44,4.69,831.54,23.69,48.3
2020-10-07 18:00:56,42.63,4.76,905.77,42.63,70.72
2020-10-07 19:00:56,47.41,4.37,978.59,68.68,96.43
2020-10-07 20:00:56,54.36,3.84,1022.91,94.87,130.07
2020-10-07 21:00:56,65.95,4.26,1081.6,114.29,158.47
2020-10-07 22:00:56,63.88,4.42,1176.37,116.47,154.73
2020-10-07 23:00:56,53.83,4.18,928.65,76.68,109.86
2020-10-08 00:00:56,49.26,4.65,1081.15,100.11,146.91
2020-10-08 01:00:56,44.63,4.51,872.65,65.81,95.48
2020-10-08 02:00:56,35.91,0.0,900.08,40.73,65.92
2020-10-08 03:00:56,28.7,4.06,953.21,28.26,51.55
2020-10-08 04:00:56,26.7,3.85,795.06,20.06,42.87
2020-10-08 05:00:56,22.01,3.78,878.47,24.79,48.33
2020-10-08 06:00:56,22.28,3.85,783.41,30.32,55.25
2020-10-08 07:00:56,17.65,3.77,774.82,29.84,53.94
2020-10-08 08:00:56,17.05,4.48,975.48,72.54,121.26
2020-10-08 09:00:56,25.93,7.52,985.64,71.31,117.7
2020-10-08 10:00:56,32.63,0.0,957.33,46.06,76.57
2020-10-08 11:00:56,0.0,0.0,1008.5,0.0,0.0
2020-10-08 12:00:56,0.0,0.0,0.0,35.33,58.47
2020-10-08 13:00:56,0.0,5.97,1391.45,29.47,50.82
2020-10-08 14:00:56,32.68,6.09,1369.48,38.0,59.68
2020-10-08 15:00:56,44.12,6.86,1422.99,37.56,58.68
2020-10-08 16:00:56,42.71,5.76,1290.17,33.8,54.62
2020-10-08 17:00:56,31.66,5.73,1304.7,36.11,57.53
2020-10-08 18:00:56,47.38,6.96,1609.77,65.39,89.03
2020-10-08 19:00:56,71.81,6.76,1769.51,123.98,156.18
2020-10-08 20:00:56,83.34,6.31,2417.89,177.44,228.8
2020-10-08 21:00:56,100.46,5.65,2300.46,180.55,243.81
2020-10-08 22:00:56,99.78,5.13,2329.69,152.64,203.76
2020-10-08 23:00:56,87.76,5.2,2268.08,123.89,162.92
2020-10-09 00:00:56,96.95,4.92,1908.16,115.9,153.94
2020-10-09 01:00:56,84.6,4.77,1742.33,95.55,132.2
2020-10-09 02:00:56,77.36,0.0,1825.95,54.45,75.86
2020-10-09 03:00:56,58.92,4.62,1685.36,33.02,52.8
2020-10-09 04:00:56,44.44,4.77,1726.65,40.78,60.98
2020-10-09 05:00:56,34.27,4.21,1649.75,32.71,53.01
2020-10-09 06:00:56,38.97,4.63,1716.74,39.84,61.87
2020-10-09 07:00:56,37.67,4.51,1499.94,65.72,94.22
2020-10-09 08:00:56,30.26,5.14,1974.87,85.4,124.37
2020-10-09 09:00:56,35.1,6.8,2233.87,163.47,242.65
2020-10-09 10:00:56,60.96,11.46,1892.94,115.8,165.94
2020-10-09 11:00:56,83.16,62.82,1902.19,108.35,145.15
2020-10-09 12:00:56,100.25,15.05,1998.32,83.39,116.23
2020-10-09 13:00:56,98.02,6.27,2035.17,46.99,72.39
2020-10-09 14:00:56,90.09,4.71,2052.91,36.8,62.1
2020-10-09 15:00:56,74.13,4.58,2005.36,35.46,61.6
2020-10-09 16:00:56,63.75,4.49,2124.39,37.81,64.15
2020-10-09 17:00:56,57.56,4.19,2079.71,37.28,60.89
2020-10-09 18:00:56,43.84,5.27,2183.31,58.42,88.05
2020-10-09 19:00:56,61.89,8.94,2229.56,80.55,114.71
2020-10-09 20:00:56,70.42,5.45,2260.15,65.79,91.39
2020-10-09 21:00:56,69.88,4.44,2228.72,85.87,120.7
2020-10-09 22:00:56,71.6,5.01,2340.04,77.41,107.22
2020-10-09 23:00:56,67.56,4.76,2519.39,77.92,119.23
2020-10-10 00:00:56,51.51,5.02,2227.6,93.24,162.98
2020-10-10 01:00:56,49.59,6.56,2005.44,65.02,97.8
2020-10-10 02:00:56,34.28,0.0,1900.67,71.0,101.49
2020-10-10 03:00:56,38.59,6.57,1794.4,59.79,84.82
2020-10-10 04:00:56,35.48,5.42,1928.04,86.78,124.93
2020-10-10 05:00:56,37.18,5.39,2132.85,112.31,174.32
2020-10-10 06:00:56,33.7,5.52,1832.94,104.79,158.47
2020-10-10 07:00:56,39.11,5.42,1859.56,119.12,193.08
2020-10-10 08:00:56,34.09,5.14,2010.15,90.75,146.28
2020-10-10 09:00:56,33.5,7.96,1987.9,182.46,325.88
2020-10-10 10:00:56,65.8,14.62,1923.04,93.42,137.54
2020-10-10 11:00:56,71.68,17.99,1970.81,50.22,77.56
2020-10-10 12:00:56,67.31,7.62,1875.44,34.07,59.61
2020-10-10 13:00:56,49.32,28.24,2046.52,0.0,0.0
2020-10-10 14:00:56,48.86,29.26,1934.41,0.0,0.0
2020-10-10 15:00:56,37.35,12.99,1992.73,29.72,51.83
2020-10-10 16:00:56,43.43,8.0,1972.43,33.68,55.85
2020-10-10 17:00:56,32.72,5.43,1971.26,42.3,66.16
2020-10-10 18:00:56,26.61,4.75,2152.36,48.19,73.18
2020-10-10 19:00:56,44.71,3.78,2137.95,52.78,77.94
2020-10-10 20:00:56,37.59,4.16,2030.23,44.57,67.2
2020-10-10 21:00:56,34.58,3.19,2150.62,38.67,60.45
2020-10-10 22:00:56,38.08,3.68,2049.89,45.67,67.14
2020-10-10 23:00:56,23.79,5.02,2026.12,72.73,95.77
2020-10-11 00:00:56,40.56,5.2,1984.74,65.68,86.68
2020-10-11 01:00:56,28.47,5.42,2001.97,50.9,73.04
2020-10-11 02:00:56,16.88,0.0,1915.34,42.55,62.6
2020-10-11 03:00:56,20.32,5.41,1838.77,43.5,63.28
2020-10-11 04:00:56,24.87,4.96,1927.31,32.32,52.1
2020-10-11 05:00:56,23.03,4.5,1663.04,25.68,46.64
2020-10-11 06:00:56,18.62,4.71,1965.35,25.51,45.57
2020-10-11 07:00:56,21.14,4.74,2014.57,31.12,54.37
2020-10-11 08:00:56,19.92,4.66,2089.89,49.24,80.4
2020-10-11 09:00:56,28.69,4.92,2005.57,33.09,56.83
2020-10-11 10:00:56,27.89,5.46,2004.34,20.07,41.1
2020-10-11 11:00:56,20.8,5.13,1961.36,18.06,38.97
2020-10-11 12:00:56,21.15,5.26,2028.44,20.98,42.06
2020-10-11 13:00:56,13.4,5.64,2123.7,25.2,48.29
2020-10-11 14:00:56,10.1,5.32,1935.15,28.26,51.35
2020-10-11 15:00:56,11.54,4.95,2099.56,31.5,55.82
2020-10-11 16:00:56,20.96,4.74,2034.31,32.76,56.04
2020-10-11 17:00:56,31.99,4.66,2025.64,34.92,57.59
2020-10-11 18:00:56,19.66,4.46,2044.23,39.53,61.61
2020-10-11 19:00:56,31.95,4.41,2079.68,49.97,73.83
2020-10-11 20:00:56,32.8,4.18,2647.63,63.03,91.83
2020-10-11 21:00:56,37.06,4.57,2081.29,70.29,95.02
2020-10-11 22:00:56,31.46,4.73,2337.25,107.4,161.03
2020-10-11 23:00:56,29.83,4.56,2270.75,102.78,141.95
2020-10-12 00:00:56,48.53,4.58,2278.42,53.82,79.79
2020-10-12 01:00:56,39.95,4.74,2255.82,38.03,59.54
2020-10-12 02:00:56,31.52,0.0,2202.2,41.57,64.71
2020-10-12 03:00:56,23.48,4.8,1998.4,35.24,55.83
2020-10-12 04:00:56,20.28,4.42,2138.78,37.25,58.74
2020-10-12 05:00:56,25.4,3.78,1946.54,28.76,49.25
2020-10-12 06:00:56,24.22,4.36,1976.66,38.5,67.27
2020-10-12 07:00:56,29.1,4.31,1946.34,38.95,63.52
2020-10-12 08:00:56,29.82,4.42,1734.37,70.82,127.72
2020-10-12 09:00:56,26.18,5.63,1950.02,105.15,178.85
2020-10-12 10:00:56,37.76,133.95,1960.56,58.33,91.73
2020-10-12 11:00:56,74.26,20.25,2019.05,49.1,76.45
2020-10-12 12:00:56,65.63,9.56,2051.22,33.99,57.89
2020-10-12 13:00:56,49.81,7.01,2119.67,35.32,60.32
2020-10-12 14:00:56,50.5,5.91,2144.52,47.01,75.71
2020-10-12 15:00:56,51.29,5.11,2131.75,32.81,58.19
2020-10-12 16:00:56,59.01,5.23,2176.66,25.42,49.12
2020-10-12 17:00:56,48.88,3.96,2114.16,30.9,55.23
2020-10-12 18:00:56,56.19,4.8,2118.21,33.59,56.52
2020-10-12 19:00:56,53.26,4.98,2180.2,56.96,82.37
2020-10-12 20:00:56,65.79,4.89,2161.29,90.07,123.88
2020-10-12 21:00:56,73.43,4.95,2194.58,75.73,104.28
2020-10-12 22:00:56,60.1,4.64,2168.78,79.64,109.24
2020-10-12 23:00:56,59.43,4.78,2266.41,80.37,112.84
2020-10-13 00:00:56,59.21,4.33,2585.41,71.15,109.06
2020-10-13 01:00:56,55.39,4.44,2071.37,52.46,80.23
2020-10-13 02:00:56,46.09,0.0,1986.05,31.37,51.8
2020-10-13 03:00:56,48.94,6.03,1994.19,26.61,46.82
2020-10-13 04:00:56,58.82,5.65,1947.18,24.53,44.29
2020-10-13 05:00:56,53.69,5.02,1982.04,26.54,46.67
2020-10-13 06:00:56,45.16,5.21,1971.49,26.82,46.84
2020-10-13 07:00:56,55.7,4.65,1883.75,31.63,57.91
2020-10-13 08:00:56,40.56,4.23,2049.82,50.25,88.58
2020-10-13 09:00:56,47.87,5.09,1958.58,74.6,131.59
2020-10-13 10:00:56,63.26,7.36,1882.41,57.07,100.75
2020-10-13 11:00:56,60.13,11.4,2055.07,29.61,52.79
2020-10-13 12:00:56,57.48,8.38,2303.14,31.39,54.35
2020-10-13 13:00:56,52.09,7.54,2152.3,39.01,62.48
2020-10-13 14:00:56,42.28,10.23,2205.78,62.08,88.59
2020-10-13 15:00:56,100.74,5.59,2211.84,80.51,107.87
2020-10-13 16:00:56,106.85,5.2,2352.99,67.47,94.76
2020-10-13 17:00:56,109.48,5.15,2274.17,96.09,123.24
2020-10-13 18:00:56,118.27,5.15,2636.89,132.82,162.19
2020-10-13 19:00:56,140.52,5.35,2747.32,164.82,210.1
2020-10-13 20:00:56,174.88,5.3,2425.66,174.5,258.95
2020-10-13 21:00:56,167.8,5.62,2877.91,162.4,243.0
2020-10-13 22:00:56,160.57,6.41,2387.04,141.66,222.57
2020-10-13 23:00:56,139.88,6.76,2422.18,108.65,146.84
2020-10-14 00:00:56,123.37,5.83,2701.87,106.34,139.83
2020-10-14 01:00:56,123.05,6.4,2159.69,80.4,104.58
2020-10-14 02:00:56,89.54,0.0,1973.15,102.2,142.41
2020-10-14 03:00:56,89.7,11.92,1955.16,108.93,141.38
2020-10-14 04:00:56,106.87,28.05,1887.57,92.14,116.9
2020-10-14 05:00:56,96.59,30.11,1829.47,55.8,77.04
2020-10-14 06:00:56,91.33,24.91,1786.04,37.58,57.59
2020-10-14 07:00:56,76.7,20.33,1798.38,41.39,63.68
2020-10-14 08:00:56,57.95,19.48,1850.45,69.26,102.65
2020-10-14 09:00:56,75.61,23.41,1750.86,79.0,115.83
2020-10-14 10:00:56,68.48,42.07,1842.87,43.19,66.72
2020-10-14 11:00:56,56.41,29.29,1961.02,45.33,69.73
2020-10-14 12:00:56,58.77,9.65,1982.59,32.37,56.62
2020-10-14 13:00:56,56.63,6.83,2049.73,30.34,53.61
2020-10-14 14:00:56,46.55,10.84,1976.6,31.96,56.83
2020-10-14 15:00:56,54.22,5.29,2078.1,35.85,59.51
2020-10-14 16:00:56,56.64,4.67,2001.41,40.06,65.66
2020-10-14 17:00:56,50.38,3.81,2021.27,48.84,79.55
2020-10-14 18:00:56,57.02,4.25,2116.55,39.76,64.22
2020-10-14 19:00:56,43.67,4.18,2083.11,47.27,71.19
2020-10-14 20:00:56,46.38,4.29,1980.61,51.57,75.88
2020-10-14 21:00:56,46.33,4.47,1983.88,52.94,74.24
2020-10-14 22:00:56,44.34,4.26,2006.33,29.22,48.77
2020-10-14 23:00:56,30.56,4.02,2027.14,38.35,63.74
2020-10-15 00:00:56,38.29,4.12,2030.61,51.55,74.33
2020-10-15 01:00:56,36.13,4.69,1954.72,39.41,59.59
2020-10-15 02:00:56,36.07,0.0,1940.88,28.98,48.75
2020-10-15 03:00:56,20.91,4.47,1930.16,31.32,54.67
2020-10-15 04:00:56,20.84,4.52,1864.04,70.32,95.21
2020-10-15 05:00:56,23.36,4.2,1752.95,52.93,75.38
2020-10-15 06:00:56,30.06,4.34,1728.39,55.51,81.57
2020-10-15 07:00:56,23.71,4.39,1816.24,118.64,169.28
2020-10-15 08:00:56,22.01,4.8,1836.95,110.54,165.24
2020-10-15 09:00:56,38.03,7.15,1833.59,95.81,141.23
2020-10-15 10:00:56,40.87,171.06,1860.63,67.4,100.83
2020-10-15 11:00:56,52.65,45.14,926.45,37.51,61.2
2020-10-15 12:00:56,38.59,103.18,1804.32,36.42,61.41
2020-10-15 13:00:56,31.34,211.48,1978.29,34.39,57.83
2020-10-15 14:00:56,16.9,284.22,1759.61,37.41,61.95
2020-10-15 15:00:56,31.42,164.75,1822.3,34.34,58.79
2020-10-15 16:00:56,44.69,39.37,1744.42,48.33,79.28
2020-10-15 17:00:56,38.38,15.18,1763.42,44.14,68.07
2020-10-15 18:00:56,33.78,9.56,1885.01,64.92,90.65
2020-10-15 19:00:56,40.1,8.4,763.71,77.74,100.62
2020-10-15 20:00:56,46.21,7.95,2022.75,92.46,120.59
2020-10-15 21:00:56,52.6,7.22,2241.14,110.02,144.09
2020-10-15 22:00:56,77.8,6.54,2004.71,85.82,118.04
2020-10-15 23:00:56,67.43,6.38,1940.88,90.51,140.08
2020-10-16 00:00:56,53.86,5.7,2148.67,73.96,107.25
2020-10-16 01:00:56,50.45,5.51,1893.74,51.15,75.23
2020-10-16 02:00:56,44.99,0.0,1883.4,58.79,88.79
2020-10-16 03:00:56,42.65,5.2,1809.01,88.02,133.8
2020-10-16 04:00:56,45.43,4.74,1787.58,81.54,121.14
2020-10-16 05:00:56,27.96,4.87,1760.48,61.76,96.15
2020-10-16 06:00:56,31.02,4.72,1788.75,30.87,51.04
2020-10-16 07:00:56,17.11,5.08,1948.21,80.25,133.12
2020-10-16 08:00:56,27.19,4.81,1349.54,63.34,104.43
2020-10-16 09:00:56,35.85,6.1,1880.53,76.16,125.3
2020-10-16 10:00:56,45.55,20.77,1842.72,55.19,99.87
2020-10-16 11:00:56,29.36,13.17,1884.55,33.63,63.6
2020-10-16 12:00:56,39.28,7.29,2022.03,27.19,49.94
2020-10-16 13:00:56,31.85,6.06,2007.02,25.62,48.46
2020-10-16 14:00:56,21.02,73.39,2077.09,38.69,62.37
2020-10-16 15:00:56,52.03,34.39,2083.15,56.56,82.65
2020-10-16 16:00:56,56.09,9.29,2132.71,57.56,82.45
2020-10-16 17:00:56,81.53,5.98,2246.75,67.47,91.5
2020-10-16 18:00:56,82.14,5.57,2341.02,67.96,91.86
2020-10-16 19:00:56,83.82,5.14,2238.35,63.16,87.44
2020-10-16 20:00:56,72.42,5.26,2499.71,77.66,109.5
2020-10-16 21:00:56,96.69,5.56,2500.03,127.83,217.88
2020-10-16 22:00:56,94.22,5.85,2356.11,113.73,195.97
2020-10-16 23:00:56,92.94,5.75,2117.21,90.45,136.5
2020-10-17 00:00:56,88.92,5.47,2085.46,78.95,115.37
2020-10-17 01:00:56,85.48,5.24,2028.6,76.96,123.43
2020-10-17 02:00:56,79.79,0.0,1963.63,54.95,84.75
2020-10-17 03:00:56,65.71,5.33,1768.12,41.64,63.4
2020-10-17 04:00:56,66.24,5.06,1788.21,65.34,95.43
2020-10-17 05:00:56,53.85,4.76,1824.32,32.96,55.06
2020-10-17 06:00:56,48.73,4.25,1749.67,38.24,62.03
2020-10-17 07:00:56,49.77,4.34,2545.95,38.37,63.05
2020-10-17 08:00:56,45.36,4.35,1943.55,52.22,88.15
2020-10-17 09:00:56,47.17,5.36,1877.98,66.77,109.36
2020-10-17 10:00:56,57.13,13.14,1892.34,57.48,91.92
2020-10-17 11:00:56,66.1,19.92,2193.32,34.46,58.33
2020-10-17 12:00:56,54.84,12.51,2165.88,37.77,58.89
2020-10-17 13:00:56,63.59,38.56,2021.64,44.85,67.19
2020-10-17 14:00:56,59.11,8.37,1850.52,32.17,53.23
2020-10-17 15:00:56,63.93,6.88,1807.17,38.71,60.01
2020-10-17 16:00:56,60.78,6.72,1494.51,42.93,65.52
2020-10-17 17:00:56,64.18,6.06,1737.48,43.92,66.01
2020-10-17 18:00:56,70.53,6.13,1743.87,82.16,106.15
2020-10-17 19:00:56,104.9,5.78,2031.35,133.46,174.5
2020-10-17 20:00:56,114.61,5.83,2890.37,186.06,269.35
2020-10-17 21:00:56,138.79,5.57,2186.18,165.59,242.53
2020-10-17 22:00:56,137.72,5.05,2235.12,118.64,158.02
2020-10-17 23:00:56,130.52,5.97,2168.62,150.91,209.49
2020-10-18 00:00:56,116.82,10.9,2270.87,144.53,188.12
2020-10-18 01:00:56,118.18,15.58,1827.22,122.34,160.7
2020-10-18 02:00:56,103.96,0.0,1853.43,84.0,112.5
2020-10-18 03:00:56,91.76,11.13,1679.02,52.49,73.45
2020-10-18 04:00:56,65.13,10.01,1572.22,45.78,66.6
2020-10-18 05:00:56,64.96,10.2,1591.76,34.54,54.57
2020-10-18 06:00:56,51.92,7.37,1562.04,21.96,41.9
2020-10-18 07:00:56,41.66,5.72,1917.39,37.97,61.2
2020-10-18 08:00:56,41.87,6.66,1604.24,42.97,65.23
2020-10-18 09:00:56,30.52,7.55,1749.75,66.26,91.59
2020-10-18 10:00:56,39.66,8.51,1705.03,34.45,56.77
2020-10-18 11:00:56,22.51,77.41,1852.43,26.5,48.14
2020-10-18 12:00:56,21.82,68.42,2056.48,35.57,59.33
2020-10-18 13:00:56,32.84,11.83,1905.43,31.17,53.6
2020-10-18 14:00:56,39.41,8.59,1751.63,29.03,51.77
2020-10-18 15:00:56,26.19,8.49,1818.98,30.07,52.95
2020-10-18 16:00:56,44.75,7.28,1797.39,33.24,55.86
2020-10-18 17:00:56,48.14,6.59,2359.49,41.94,64.91
2020-10-18 18:00:56,56.69,15.07,2003.2,54.62,77.89
2020-10-18 19:00:56,49.11,7.28,2035.67,59.84,81.55
2020-10-18 20:00:56,47.33,6.25,2042.2,43.28,63.86
2020-10-18 21:00:56,49.34,6.88,1902.28,52.89,74.25
2020-10-18 22:00:56,51.12,6.76,1985.2,47.36,68.23
2020-10-18 23:00:56,44.93,5.78,2127.54,60.33,82.89
2020-10-19 00:00:56,51.43,5.91,2154.22,81.37,111.49
2020-10-19 01:00:56,45.82,5.63,1952.64,55.03,75.59
2020-10-19 02:00:56,37.42,0.0,1985.44,50.19,70.49
2020-10-19 03:00:56,33.03,5.85,1948.28,23.65,43.66
2020-10-19 04:00:56,25.38,5.56,1895.92,25.49,44.68
2020-10-19 05:00:56,35.16,5.22,1982.13,22.55,42.29
2020-10-19 06:00:56,26.19,5.16,1845.35,37.55,58.94
2020-10-19 07:00:56,23.82,4.78,1945.73,44.69,69.62
2020-10-19 08:00:56,14.23,5.06,2231.58,73.33,126.03
2020-10-19 09:00:56,26.09,5.5,2770.7,125.05,235.08
2020-10-19 10:00:56,64.99,10.58,1919.64,138.38,251.94
2020-10-19 11:00:56,94.24,9.62,1924.83,49.1,76.7
2020-10-19 12:00:56,219.12,8.37,1933.06,37.56,61.86
2020-10-19 13:00:56,173.28,7.39,1927.17,32.71,56.95
2020-10-19 14:00:56,104.86,6.18,1851.54,36.68,60.46
2020-10-19 15:00:56,94.39,5.93,1810.47,45.22,69.16
2020-10-19 16:00:56,81.01,6.43,1843.06,55.23,81.47
2020-10-19 17:00:56,65.63,6.51,1888.11,57.53,83.62
2020-10-19 18:00:56,49.87,5.89,1834.31,58.09,81.92
2020-10-19 19:00:56,58.4,5.1,1930.63,91.67,114.53
2020-10-19 20:00:56,49.85,4.38,1874.97,81.89,104.07
2020-10-19 21:00:56,32.11,4.55,1818.41,48.51,69.63
2020-10-19 22:00:56,46.08,4.18,2101.36,42.84,64.24
2020-10-19 23:00:56,27.59,4.09,1800.5,31.13,51.62
2020-10-20 00:00:56,24.24,4.16,1824.43,43.58,64.31
2020-10-20 01:00:56,24.72,4.21,1877.94,30.57,50.16
2020-10-20 02:00:56,13.69,0.0,1821.51,29.8,49.71
2020-10-20 03:00:56,13.13,4.11,1814.23,36.7,56.62
2020-10-20 04:00:56,6.92,3.69,1867.24,18.96,38.55
2020-10-20 05:00:56,13.98,3.77,1589.24,15.83,35.08
2020-10-20 06:00:56,14.12,4.02,1860.6,21.61,40.73
2020-10-20 07:00:56,9.31,4.11,2439.87,37.25,59.84
2020-10-20 08:00:56,6.64,4.31,1982.57,70.78,110.63
2020-10-20 09:00:56,16.12,3.87,1962.9,116.08,172.07
2020-10-20 10:00:56,14.81,4.08,1988.38,93.37,131.19
2020-10-20 11:00:56,42.41,4.1,1843.02,89.5,118.83
2020-10-20 12:00:56,24.17,3.85,1805.05,92.09,122.99
2020-10-20 13:00:56,14.08,4.01,1894.27,89.66,117.84
2020-10-20 14:00:56,7.77,4.12,1878.87,95.91,122.49
2020-10-20 15:00:56,11.44,3.03,1835.94,70.57,95.72
2020-10-20 16:00:56,9.49,3.48,1849.95,58.41,82.2
2020-10-20 17:00:56,12.51,4.16,1880.45,40.54,62.49
2020-10-20 18:00:56,16.87,3.93,1861.5,44.07,65.89
2020-10-20 19:00:56,14.05,4.17,1931.71,40.56,60.53
2020-10-20 20:00:56,18.31,5.79,1948.37,46.5,66.97
2020-10-20 21:00:56,11.03,4.95,1973.55,30.68,50.75
2020-10-20 22:00:56,10.15,4.83,2208.51,74.74,98.61
2020-10-20 23:00:56,15.52,4.32,1789.32,62.83,85.75
2020-10-21 00:00:56,15.34,4.33,1809.16,53.07,74.45
2020-10-21 01:00:56,11.34,4.41,1702.55,44.03,64.54
2020-10-21 02:00:56,6.38,0.0,1698.92,30.97,52.03
2020-10-21 03:00:56,9.61,6.17,1787.78,24.89,44.62
2020-10-21 04:00:56,9.46,4.78,1687.12,17.49,37.01
2020-10-21 05:00:56,15.26,4.39,1670.61,31.0,50.54
2020-10-21 06:00:56,9.65,4.11,1741.41,22.64,42.61
2020-10-21 07:00:56,5.79,4.31,1841.88,46.51,68.44
2020-10-21 08:00:56,12.57,4.24,1793.03,66.02,92.85
2020-10-21 09:00:56,20.0,4.2,1840.93,76.49,117.26
2020-10-21 10:00:56,17.17,4.62,1901.5,78.44,116.06
2020-10-21 11:00:56,10.07,5.63,1777.28,58.85,85.75
2020-10-21 12:00:56,7.22,4.04,1804.85,43.37,68.31
2020-10-21 13:00:56,10.1,4.0,1801.22,32.15,54.87
2020-10-21 14:00:56,8.13,3.97,1826.84,32.04,54.09
2020-10-21 15:00:56,4.79,4.02,1836.85,32.3,53.52
2020-10-21 16:00:56,4.47,4.36,1819.02,31.68,54.34
2020-10-21 17:00:56,6.71,4.16,1873.12,45.0,71.73
2020-10-21 18:00:56,6.23,4.33,1908.0,73.18,103.32
2020-10-21 19:00:56,21.18,4.29,1921.17,67.76,88.8
2020-10-21 20:00:56,15.97,4.25,1936.82,57.02,78.68
2020-10-21 21:00:56,29.75,4.08,1939.88,68.18,91.98
2020-10-21 22:00:56,28.61,4.24,1961.82,88.25,126.08
2020-10-21 23:00:56,37.81,4.37,1698.39,90.52,121.36
2020-10-22 00:00:56,26.0,4.24,1846.25,70.16,101.59
2020-10-22 01:00:56,21.71,3.94,1734.73,48.43,72.44
2020-10-22 02:00:56,23.61,0.0,1699.88,43.31,65.6
2020-10-22 03:00:56,14.84,4.31,1843.05,56.48,90.66
2020-10-22 04:00:56,16.09,4.21,1750.43,85.69,132.06
2020-10-22 05:00:56,14.28,4.33,1650.99,65.7,102.43
2020-10-22 06:00:56,18.97,3.95,1525.51,33.28,54.92
2020-10-22 07:00:56,12.61,4.25,1695.45,77.38,127.68
2020-10-22 08:00:56,13.56,4.34,1737.06,136.37,221.13
2020-10-22 09:00:56,21.38,4.09,1757.83,79.07,130.82
2020-10-22 10:00:56,23.64,113.98,3124.9,60.45,97.33
2020-10-22 11:00:56,27.21,180.89,1829.52,51.18,83.41
2020-10-22 12:00:56,38.24,23.51,1830.37,38.68,62.74
2020-10-22 13:00:56,29.82,10.5,1924.53,28.5,49.98
2020-10-22 14:00:56,17.68,36.54,1939.19,44.46,72.07
2020-10-22 15:00:56,23.23,66.43,1993.71,47.76,74.44
2020-10-22 16:00:56,29.54,17.6,1911.49,43.75,66.44
2020-10-22 17:00:56,27.88,11.65,1993.48,37.58,61.4
2020-10-22 18:00:56,40.72,7.44,2013.45,45.71,68.35
2020-10-22 19:00:56,36.71,6.01,2081.38,64.79,87.49
2020-10-22 20:00:56,31.14,5.86,2619.22,112.6,158.9
2020-10-22 21:00:56,49.46,4.82,2268.55,107.99,156.0
2020-10-22 22:00:56,49.76,4.83,1904.63,99.12,140.43
2020-10-22 23:00:56,55.22,4.78,1761.9,95.38,134.31
2020-10-23 00:00:56,41.21,4.88,2607.08,110.68,165.25
2020-10-23 01:00:56,35.71,4.63,1453.86,87.5,123.69
2020-10-23 02:00:56,36.18,0.0,1432.19,58.23,86.39
2020-10-23 03:00:56,35.29,4.29,1282.83,60.3,88.86
2020-10-23 04:00:56,31.92,3.67,1412.83,50.85,75.9
2020-10-23 05:00:56,18.09,4.47,1391.52,65.53,99.89
2020-10-23 06:00:56,24.59,4.51,1359.46,81.0,118.89
2020-10-23 07:00:56,23.13,4.55,1513.97,147.55,233.82
2020-10-23 08:00:56,25.21,4.54,1597.07,128.37,202.09
2020-10-23 09:00:56,23.41,4.41,1725.53,95.4,154.62
2020-10-23 10:00:56,32.37,8.88,1573.52,54.72,96.33
2020-10-23 11:00:56,24.97,14.97,1627.4,35.36,60.74
2020-10-23 12:00:56,26.75,9.47,1893.16,50.74,94.65
2020-10-23 13:00:56,28.07,6.24,1622.96,26.69,49.47
2020-10-23 14:00:56,15.89,5.75,1693.41,33.58,57.35
2020-10-23 15:00:56,26.35,5.3,1575.49,30.23,52.24
2020-10-23 16:00:56,18.28,7.72,1957.01,68.27,95.94
2020-10-23 17:00:56,43.03,6.54,1673.32,47.2,71.75
2020-10-23 18:00:56,56.76,5.6,1682.26,53.19,80.72
2020-10-23 19:00:56,57.84,4.75,1801.38,77.8,104.86
2020-10-23 20:00:56,63.08,4.53,1731.22,62.71,83.69
2020-10-23 21:00:56,43.71,4.35,1937.83,88.97,122.73
2020-10-23 22:00:56,53.4,4.43,2025.19,102.44,157.46
2020-10-23 23:00:56,53.12,4.77,2391.0,122.23,192.07
2020-10-24 00:00:56,66.87,4.64,1813.14,90.47,132.77
2020-10-24 01:00:56,40.93,4.58,1594.54,61.35,87.03
2020-10-24 02:00:56,41.91,0.0,1413.96,49.63,70.85
2020-10-24 03:00:56,30.28,4.99,1371.3,35.87,57.67
2020-10-24 04:00:56,27.42,4.77,1308.01,34.16,54.47
2020-10-24 05:00:56,22.77,4.08,1343.37,42.46,65.07
2020-10-24 06:00:56,17.57,4.31,1315.39,35.54,56.71
2020-10-24 07:00:56,29.02,4.61,1416.17,80.0,117.29
2020-10-24 08:00:56,17.24,4.68,1595.69,71.21,108.86
2020-10-24 09:00:56,23.5,4.33,1425.48,75.06,119.31
2020-10-24 10:00:56,32.86,8.16,1448.15,69.81,108.2
2020-10-24 11:00:56,31.14,14.56,1564.19,64.48,95.65
2020-10-24 12:00:56,42.82,91.7,1619.6,81.65,116.33
2020-10-24 13:00:56,60.05,219.0,1750.88,82.76,117.8
2020-10-24 14:00:56,61.37,346.17,1596.39,67.66,94.38
2020-10-24 15:00:56,82.59,220.76,1693.04,87.41,118.36
2020-10-24 16:00:56,100.33,70.21,1758.14,134.56,180.01
2020-10-24 17:00:56,137.91,28.36,1789.73,126.0,157.03
2020-10-24 18:00:56,129.16,13.3,1922.85,141.08,187.98
2020-10-24 19:00:56,131.15,8.92,2559.13,110.95,154.17
2020-10-24 20:00:56,112.21,7.78,2131.43,170.28,279.46
2020-10-24 21:00:56,120.45,6.96,2851.79,177.89,295.9
2020-10-24 22:00:56,118.29,6.2,1875.58,142.08,223.85
2020-10-24 23:00:56,117.37,5.58,2068.35,132.76,189.9
2020-10-25 00:00:56,91.9,5.67,1736.59,167.01,247.15
2020-10-25 01:00:56,91.08,5.5,1706.12,101.25,143.36
2020-10-25 02:00:56,73.33,0.0,1426.14,71.82,101.24
2020-10-25 03:00:56,56.8,5.08,1383.41,48.77,69.88
2020-10-25 04:00:56,40.7,5.24,1224.3,50.9,73.4
2020-10-25 05:00:56,44.23,4.96,1434.75,38.83,59.52
2020-10-25 06:00:56,39.5,4.77,1293.25,38.98,59.71
2020-10-25 07:00:56,41.75,5.05,1421.44,55.77,83.03
2020-10-25 08:00:56,30.95,5.11,1546.37,79.86,118.35
2020-10-25 09:00:56,43.35,6.18,1508.31,75.41,112.84
2020-10-25 10:00:56,39.56,53.77,1511.26,74.68,112.66
2020-10-25 11:00:56,50.26,56.15,1501.56,46.45,72.59
2020-10-25 12:00:56,50.61,17.78,1567.04,38.45,63.05
2020-10-25 13:00:56,39.98,10.72,1626.69,37.64,61.02
2020-10-25 14:00:56,36.0,7.75,1574.08,40.58,66.52
2020-10-25 15:00:56,36.95,13.86,1670.77,43.86,68.0
2020-10-25 16:00:56,48.08,143.22,1610.39,49.97,76.98
2020-10-25 17:00:56,125.32,221.15,1745.15,72.77,105.02
2020-10-25 18:00:56,149.68,26.85,2385.11,116.75,169.33
2020-10-25 19:00:56,132.07,15.4,2683.77,167.37,291.09
2020-10-25 20:00:56,147.0,11.86,2470.2,153.92,236.25
2020-10-25 21:00:56,154.79,9.93,1890.54,159.03,255.95
2020-10-25 22:00:56,123.49,8.5,2188.82,105.96,146.44
2020-10-25 23:00:56,102.35,7.47,1684.73,90.89,127.45
2020-10-26 00:00:56,76.79,6.88,1654.4,112.71,164.97
2020-10-26 01:00:56,82.83,5.93,1490.77,77.08,105.9
2020-10-26 02:00:56,67.93,0.0,1488.6,79.73,106.65
2020-10-26 03:00:56,46.6,6.11,1520.54,52.94,74.08
2020-10-26 04:00:56,49.65,5.67,1297.58,42.31,63.0
2020-10-26 05:00:56,39.1,5.46,1359.48,40.66,61.99
2020-10-26 06:00:56,39.56,5.34,1298.53,36.8,57.77
2020-10-26 07:00:56,30.59,4.99,1807.33,53.23,80.36
2020-10-26 08:00:56,40.38,4.94,1566.49,118.16,184.01
2020-10-26 09:00:56,53.07,6.58,1669.86,164.85,268.52
2020-10-26 10:00:56,66.65,45.84,1934.58,124.83,200.42
2020-10-26 11:00:56,74.24,43.68,1596.71,139.5,187.7
2020-10-26 12:00:56,89.98,45.34,1531.85,81.62,109.11
2020-10-26 13:00:56,85.1,214.1,1545.13,120.35,159.05
2020-10-26 14:00:56,85.29,98.63,1758.2,83.14,109.53
2020-10-26 15:00:56,78.4,18.59,1437.99,86.02,112.3
2020-10-26 16:00:56,84.87,49.42,1588.07,142.65,171.91
2020-10-26 17:00:56,140.38,12.96,1536.94,86.86,111.8
2020-10-26 18:00:56,114.21,10.65,1714.32,124.59,155.15
2020-10-26 19:00:56,101.94,9.51,2010.39,199.64,271.11
2020-10-26 20:00:56,116.05,8.79,2807.36,292.58,0.0
2020-10-26 21:00:56,162.33,8.08,2558.42,332.6,0.0
2020-10-26 22:00:56,185.53,7.2,1791.13,222.52,324.51
2020-10-26 23:00:56,155.19,6.45,1922.5,164.87,213.27
2020-10-27 00:00:56,119.63,6.64,1687.71,110.76,140.2
2020-10-27 01:00:56,98.25,6.38,1440.79,59.69,80.75
2020-10-27 02:00:56,66.23,0.0,1376.86,42.99,63.58
2020-10-27 03:00:56,58.98,6.59,1510.98,72.98,94.1
2020-10-27 04:00:56,64.26,6.68,1638.37,30.64,50.57
2020-10-27 05:00:56,56.22,6.0,1587.59,27.86,47.32
2020-10-27 06:00:56,67.75,6.05,1700.3,31.67,51.81
2020-10-27 07:00:56,54.54,5.89,2081.46,71.94,103.05
2020-10-27 08:00:56,41.94,5.41,2232.37,100.13,144.14
2020-10-27 09:00:56,100.0,5.53,1884.42,146.53,216.13
2020-10-27 10:00:56,92.26,7.52,1632.14,60.79,88.97
2020-10-27 11:00:56,68.42,11.53,1781.94,43.38,68.29
2020-10-27 12:00:56,45.02,282.42,1808.31,42.04,67.27
2020-10-27 13:00:56,62.07,260.97,1636.84,34.8,57.76
2020-10-27 14:00:56,68.72,217.57,1628.14,44.17,68.08
2020-10-27 15:00:56,65.84,33.14,1663.82,46.44,70.34
2020-10-27 16:00:56,73.5,16.26,1740.08,81.85,116.91
2020-10-27 17:00:56,66.14,13.3,1674.2,62.68,88.76
2020-10-27 18:00:56,66.29,13.32,1853.55,111.83,143.05
2020-10-27 19:00:56,64.96,10.2,2049.2,124.87,150.1
2020-10-27 20:00:56,81.52,9.09,1757.1,104.27,136.47
2020-10-27 21:00:56,93.09,9.82,1600.6,66.08,86.86
2020-10-27 22:00:56,91.5,13.31,1738.94,73.95,103.84
2020-10-27 23:00:56,91.02,11.35,1664.72,90.89,126.65
2020-10-28 00:00:56,84.91,8.65,2216.73,75.49,104.78
2020-10-28 01:00:56,76.41,7.45,1651.13,75.03,110.04
2020-10-28 02:00:56,67.16,0.0,1523.19,56.74,82.17
2020-10-28 03:00:56,58.25,6.05,1485.97,39.95,60.85
2020-10-28 04:00:56,64.79,5.68,1412.81,31.73,51.89
2020-10-28 05:00:56,49.2,5.62,1420.87,30.86,54.11
2020-10-28 06:00:56,40.37,5.42,1405.11,29.26,50.42
2020-10-28 07:00:56,46.79,4.97,1331.48,38.17,61.18
2020-10-28 08:00:56,27.61,5.14,1772.52,121.66,194.62
2020-10-28 09:00:56,64.57,5.85,1550.01,171.24,286.87
2020-10-28 10:00:56,63.47,7.94,1633.45,61.41,96.52
2020-10-28 11:00:56,72.17,8.92,1625.07,40.35,68.14
2020-10-28 12:00:56,56.64,7.79,1646.27,34.24,58.47
2020-10-28 13:00:56,56.37,8.28,1704.45,33.77,57.4
2020-10-28 14:00:56,32.29,8.32,1876.41,55.04,81.67
2020-10-28 15:00:56,71.55,7.97,1731.96,60.25,86.34
2020-10-28 16:00:56,101.44,11.73,1756.92,63.63,90.09
2020-10-28 17:00:56,105.67,7.9,1968.58,66.64,90.25
2020-10-28 18:00:56,106.92,6.51,1912.11,89.24,113.45
2020-10-28 19:00:56,112.67,6.02,1725.39,53.12,76.31
2020-10-28 20:00:56,90.97,6.14,1965.88,51.27,73.17
2020-10-28 21:00:56,101.59,5.88,1729.1,37.18,58.4
2020-10-28 22:00:56,84.04,5.67,1892.3,47.92,68.72
2020-10-28 23:00:56,88.67,4.87,1905.74,57.63,78.11
2020-10-29 00:00:56,78.12,5.37,1820.93,51.99,75.98
2020-10-29 01:00:56,74.44,5.75,1725.05,47.22,67.66
2020-10-29 02:00:56,69.91,0.0,1857.21,32.57,52.07
2020-10-29 03:00:56,67.46,6.55,1708.03,31.07,50.88
2020-10-29 04:00:56,80.08,6.13,1557.47,57.85,78.78
2020-10-29 05:00:56,79.32,5.29,1661.66,58.47,78.87
2020-10-29 06:00:56,61.79,5.09,1643.03,40.03,60.35
2020-10-29 07:00:56,74.93,5.23,1655.72,73.0,128.0
2020-10-29 08:00:56,72.63,4.62,1899.97,74.79,124.29
2020-10-29 09:00:56,74.48,5.47,1616.41,92.98,159.1
2020-10-29 10:00:56,77.17,8.15,1649.63,54.79,88.88
2020-10-29 11:00:56,60.8,7.03,1584.81,30.0,52.56
2020-10-29 12:00:56,43.78,6.17,1894.54,26.35,48.59
2020-10-29 13:00:56,45.99,6.55,1668.87,25.44,46.51
2020-10-29 14:00:56,39.27,6.75,1818.17,32.94,54.93
2020-10-29 15:00:56,59.57,6.36,1811.94,38.07,60.33
2020-10-29 16:00:56,65.17,6.32,1876.39,72.51,99.68
2020-10-29 17:00:56,97.38,6.69,1917.29,80.31,103.47
2020-10-29 18:00:56,124.74,6.58,1956.81,96.0,126.49
2020-10-29 19:00:56,133.69,6.34,2181.63,116.13,146.17
2020-10-29 20:00:56,112.26,6.02,1905.51,131.35,186.54
2020-10-29 21:00:56,131.25,5.81,2023.8,119.32,162.26
2020-10-29 22:00:56,116.3,5.45,2018.27,89.92,118.82
2020-10-29 23:00:56,97.86,2.22,1872.89,66.03,87.65
2020-10-30 00:00:56,101.3,4.15,1751.27,53.97,74.66
2020-10-30 01:00:56,104.18,5.17,1709.24,51.9,71.9
2020-10-30 02:00:56,93.57,0.0,1696.53,35.26,54.99
2020-10-30 03:00:56,72.24,5.01,1829.48,22.62,42.04
2020-10-30 04:00:56,68.83,4.84,1588.86,22.56,42.11
2020-10-30 05:00:56,65.52,4.79,1563.42,21.53,41.44
2020-10-30 06:00:56,52.83,4.77,1566.5,22.57,43.38
2020-10-30 07:00:56,37.37,4.82,1487.24,27.17,47.74
2020-10-30 08:00:56,32.09,4.77,1871.79,96.98,170.85
2020-10-30 09:00:56,49.03,5.21,1613.58,131.53,226.61
2020-10-30 10:00:56,57.16,6.61,1738.68,113.5,200.76
2020-10-30 11:00:56,83.78,58.57,1611.79,65.69,107.83
2020-10-30 12:00:56,74.66,152.1,1669.5,49.93,79.43
2020-10-30 13:00:56,91.88,35.37,1698.31,59.69,90.39
2020-10-30 14:00:56,73.54,16.28,1570.26,79.45,107.4
2020-10-30 15:00:56,85.69,11.56,1521.71,54.34,79.71
2020-10-30 16:00:56,96.08,8.59,1459.93,51.44,79.91
2020-10-30 17:00:56,57.81,7.18,1427.47,43.97,68.07
2020-10-30 18:00:56,56.37,10.44,1426.48,82.14,111.94
2020-10-30 19:00:56,45.14,12.34,1513.54,92.27,122.84
2020-10-30 20:00:56,39.25,9.82,1412.96,83.15,106.75
2020-10-30 21:00:56,36.36,8.02,1661.02,86.9,112.0
2020-10-30 22:00:56,42.33,7.28,1446.59,73.06,98.09
2020-10-30 23:00:56,35.51,6.95,1460.86,54.05,74.41
2020-10-31 00:00:56,52.12,6.32,1509.27,44.29,64.33
2020-10-31 01:00:56,30.01,6.16,1418.62,64.15,85.18
2020-10-31 02:00:56,26.29,0.0,1388.16,32.88,52.57
2020-10-31 03:00:56,30.57,5.58,1365.56,21.99,41.53
2020-10-31 04:00:56,25.98,5.03,1271.88,31.6,51.36
2020-10-31 05:00:56,19.39,5.3,1326.5,42.87,62.64
2020-10-31 06:00:56,30.47,5.47,1311.03,38.97,59.37
2020-10-31 07:00:56,30.37,5.6,1488.8,55.99,87.35
2020-10-31 08:00:56,29.35,6.27,1674.05,87.05,131.55
2020-10-31 09:00:56,22.56,8.61,1347.47,80.79,124.22
2020-10-31 10:00:56,16.44,10.12,1234.08,51.28,75.98
2020-10-31 11:00:56,31.94,14.74,1381.41,52.05,79.09
2020-10-31 12:00:56,31.09,11.5,1386.66,45.03,73.58
2020-10-31 13:00:56,31.11,16.54,1417.85,38.1,63.57
2020-10-31 14:00:56,17.37,8.85,1387.74,57.39,82.82
2020-10-31 15:00:56,13.81,6.78,1400.24,43.37,65.96
2020-10-31 16:00:56,30.23,6.44,1402.15,42.21,64.23
2020-10-31 17:00:56,25.06,6.23,1617.01,45.14,67.03
2020-10-31 18:00:56,30.21,5.74,1670.27,92.3,129.77
2020-10-31 19:00:56,40.58,5.42,1603.74,115.74,168.76
2020-10-31 20:00:56,60.92,4.94,1362.78,99.76,130.24
2020-10-31 21:00:56,47.61,4.78,1334.72,62.91,85.94
2020-10-31 22:00:56,40.54,5.51,1583.23,106.11,142.17
2020-10-31 23:00:56,47.2,5.34,1442.3,87.68,117.04
2020-11-01 00:00:56,27.02,5.03,1452.49,100.07,138.12
2020-11-01 01:00:56,35.53,5.04,1361.24,93.75,133.04
2020-11-01 02:00:56,32.24,0.0,1369.85,56.77,81.72
2020-11-01 03:00:56,30.34,4.89,1117.11,42.1,63.94
2020-11-01 04:00:56,16.5,4.75,1253.83,31.88,53.65
2020-11-01 05:00:56,20.62,4.6,1185.94,44.62,67.29
2020-11-01 06:00:56,17.27,4.52,1222.62,43.9,74.43
2020-11-01 07:00:56,20.8,5.16,1348.04,110.06,171.11
2020-11-01 08:00:56,24.04,4.86,1206.27,60.34,90.41
2020-11-01 09:00:56,20.14,5.05,1129.6,49.61,75.15
2020-11-01 10:00:56,21.02,5.47,1208.79,59.72,86.89
2020-11-01 11:00:56,22.35,8.88,1101.22,43.17,66.41
2020-11-01 12:00:56,20.22,6.02,1135.61,24.67,45.31
2020-11-01 13:00:56,10.51,6.44,1174.47,34.01,56.07
2020-11-01 14:00:56,19.18,6.61,1307.85,29.64,52.15
2020-11-01 15:00:56,33.13,5.32,1268.03,36.54,60.88
2020-11-01 16:00:56,34.51,5.16,1292.82,43.26,67.66
2020-11-01 17:00:56,37.6,5.26,1188.49,43.42,66.09
2020-11-01 18:00:56,34.06,5.31,1350.02,47.04,73.1
2020-11-01 19:00:56,36.8,5.3,1238.55,80.46,110.15
2020-11-01 20:00:56,26.68,5.94,1325.97,55.21,75.17
2020-11-01 21:00:56,25.11,6.27,1249.35,33.1,52.8
2020-11-01 22:00:56,15.06,5.38,1167.34,30.9,50.59
2020-11-01 23:00:56,35.06,4.98,1401.97,47.38,68.97
2020-11-02 00:00:56,20.27,4.54,1311.65,65.56,91.23
2020-11-02 01:00:56,30.1,4.34,1369.98,62.5,85.64
2020-11-02 02:00:56,23.22,0.0,1408.33,67.35,93.42
2020-11-02 03:00:56,21.06,4.42,1135.65,61.96,84.88
2020-11-02 04:00:56,22.21,4.82,444.52,26.14,46.07
2020-11-02 05:00:56,13.67,4.73,1198.89,29.12,49.56
2020-11-02 06:00:56,16.04,4.41,1132.7,26.29,46.63
2020-11-02 07:00:56,10.05,4.2,888.59,72.03,106.15
2020-11-02 08:00:56,22.13,4.39,1832.81,156.94,236.84
2020-11-02 09:00:56,31.47,4.46,1180.94,259.57,0.0
2020-11-02 10:00:56,41.6,14.96,1244.78,105.36,147.17
2020-11-02 11:00:56,32.08,46.32,1294.48,57.77,85.61
2020-11-02 12:00:56,32.73,43.65,1370.65,51.64,78.35
2020-11-02 13:00:56,37.94,60.9,1407.36,41.86,67.39
2020-11-02 14:00:56,29.78,64.51,1286.74,46.19,71.56
2020-11-02 15:00:56,47.78,60.24,1317.62,44.29,69.02
2020-11-02 16:00:56,31.11,7.04,1343.88,59.7,88.5
2020-11-02 17:00:56,29.74,6.06,1356.03,64.34,88.71
2020-11-02 18:00:56,35.41,6.06,1531.11,116.14,144.84
2020-11-02 19:00:56,43.3,5.23,1650.38,165.94,208.8
2020-11-02 20:00:56,60.63,4.56,1539.17,116.87,144.47
2020-11-02 21:00:56,60.46,4.66,1689.98,76.16,100.21
2020-11-02 22:00:56,36.61,4.55,1520.69,78.16,104.41
2020-11-02 23:00:56,45.66,4.01,1536.16,91.75,123.39
2020-11-03 00:00:56,31.54,4.67,1445.86,179.27,254.08
2020-11-03 01:00:56,41.36,4.64,1487.85,110.39,147.04
2020-11-03 02:00:56,25.33,0.0,1225.84,69.61,96.1
2020-11-03 03:00:56,17.72,4.4,1301.1,37.37,58.47
2020-11-03 04:00:56,17.14,4.47,1356.7,26.42,46.87
2020-11-03 05:00:56,10.66,3.99,1292.08,76.1,110.34
2020-11-03 06:00:56,23.3,4.24,1337.13,45.76,67.77
2020-11-03 07:00:56,14.47,3.79,1530.83,96.2,142.66
2020-11-03 08:00:56,14.85,4.77,1664.1,119.14,177.33
2020-11-03 09:00:56,23.41,4.39,1505.25,87.56,123.94
2020-11-03 10:00:56,24.65,7.75,1441.37,68.74,106.25
2020-11-03 11:00:56,15.62,10.15,1509.18,29.13,51.59
2020-11-03 12:00:56,8.43,7.85,214.6,29.79,52.36
2020-11-03 13:00:56,5.6,8.35,0.0,31.21,54.39
2020-11-03 14:00:56,5.33,6.96,0.0,38.82,63.58
2020-11-03 15:00:56,8.74,7.33,0.0,41.92,68.1
2020-11-03 16:00:56,30.16,5.91,0.0,42.14,67.54
2020-11-03 17:00:56,28.04,5.6,0.0,54.41,77.98
2020-11-03 18:00:56,26.44,5.16,0.0,76.99,104.63
2020-11-03 19:00:56,33.37,4.84,0.0,84.76,108.71
2020-11-03 20:00:56,33.04,4.68,0.0,89.49,114.58
2020-11-03 21:00:56,37.65,4.69,0.0,115.83,158.83
2020-11-03 22:00:56,42.71,4.73,0.0,117.57,170.14
2020-11-03 23:00:56,58.65,4.79,0.0,110.98,177.98
2020-11-04 00:00:56,55.82,4.73,0.0,74.51,110.94
2020-11-04 01:00:56,36.27,4.33,39.44,66.85,93.9
2020-11-04 02:00:56,33.51,0.0,55.99,91.49,120.87
2020-11-04 03:00:56,53.54,4.72,85.46,46.89,67.49
2020-11-04 04:00:56,41.69,4.4,67.49,25.85,46.4
2020-11-04 05:00:56,31.69,4.51,0.0,33.45,53.76
2020-11-04 06:00:56,24.76,4.78,58.48,25.71,46.01
2020-11-04 07:00:56,20.19,4.45,31.6,59.43,82.17
2020-11-04 08:00:56,11.08,4.81,340.8,82.0,107.06
2020-11-04 09:00:56,17.04,5.41,0.0,97.37,127.88
2020-11-04 10:00:56,39.41,4.78,0.0,78.23,104.79
2020-11-04 11:00:56,43.78,4.57,0.0,110.0,147.98
2020-11-04 12:00:56,37.36,4.82,1194.68,101.52,133.36
2020-11-04 13:00:56,31.6,4.81,1399.03,87.85,117.59
2020-11-04 14:00:56,28.43,4.59,1278.57,84.45,114.38
2020-11-04 15:00:56,17.59,5.06,1308.22,82.6,109.83
2020-11-04 16:00:56,17.5,5.04,1211.51,114.05,156.37
2020-11-04 17:00:56,30.75,5.2,1117.07,134.04,171.67
2020-11-04 18:00:56,19.35,5.24,1126.12,129.02,162.15
2020-11-04 19:00:56,39.22,4.96,1160.04,107.53,134.02
2020-11-04 20:00:56,28.12,5.22,1168.36,106.07,131.6
2020-11-04 21:00:56,27.62,5.28,1050.95,88.2,112.38
2020-11-04 22:00:56,29.05,4.59,876.63,61.48,83.24
2020-11-04 23:00:56,22.99,4.88,835.57,55.96,77.86
2020-11-05 00:00:56,29.31,4.96,766.45,40.14,61.22
2020-11-05 01:00:56,26.73,4.8,829.79,37.37,58.39
2020-11-05 02:00:56,19.98,0.0,810.43,28.0,48.56
2020-11-05 03:00:56,17.96,4.76,783.0,26.55,47.01
2020-11-05 04:00:56,17.75,4.73,745.17,28.34,49.2
2020-11-05 05:00:56,11.34,4.77,709.0,26.13,46.72
2020-11-05 06:00:56,24.45,5.12,645.9,24.42,44.84
2020-11-05 07:00:56,16.98,4.79,681.16,31.85,52.57
2020-11-05 08:00:56,19.94,4.9,629.27,46.57,70.12
2020-11-05 09:00:56,16.89,5.2,744.46,67.63,95.28
2020-11-05 10:00:56,29.75,5.34,640.66,74.13,104.33
2020-11-05 11:00:56,37.55,4.93,571.19,44.26,69.38
2020-11-05 12:00:56,41.09,5.2,428.93,43.7,70.71
2020-11-05 13:00:56,32.49,5.51,434.51,37.83,63.89
2020-11-05 14:00:56,51.33,5.55,134.32,40.53,66.81
2020-11-05 15:00:56,69.86,6.23,0.0,41.33,63.66
2020-11-05 16:00:56,77.51,5.59,101.03,55.57,76.33
2020-11-05 17:00:56,75.49,5.31,248.5,65.54,83.94
2020-11-05 18:00:56,63.28,5.17,377.07,63.91,82.71
2020-11-05 19:00:56,63.07,4.69,375.58,54.83,76.7
2020-11-05 20:00:56,52.27,4.93,419.43,48.95,70.1
2020-11-05 21:00:56,56.58,5.06,317.0,54.32,74.66
2020-11-05 22:00:56,50.91,5.31,393.08,46.21,65.12
2020-11-05 23:00:56,50.77,5.2,440.48,33.75,51.9
2020-11-06 00:00:56,61.02,4.89,480.3,29.36,46.99
2020-11-06 01:00:56,59.91,5.13,555.77,32.44,51.75
2020-11-06 02:00:56,58.29,0.0,508.2,26.95,46.53
2020-11-06 03:00:56,68.11,5.21,713.36,24.45,44.23
2020-11-06 04:00:56,77.51,5.26,705.31,24.17,44.38
2020-11-06 05:00:56,64.09,5.08,701.78,23.5,43.82
2020-11-06 06:00:56,68.44,5.1,736.57,24.51,44.53
2020-11-06 07:00:56,67.39,5.98,864.01,32.03,52.88
2020-11-06 08:00:56,76.16,6.52,847.62,54.65,80.63
2020-11-06 09:00:56,65.82,6.98,894.52,83.29,118.6
2020-11-06 10:00:56,75.81,7.56,1093.48,68.39,99.57
2020-11-06 11:00:56,79.42,7.79,1108.7,47.76,74.36
2020-11-06 12:00:56,78.98,8.29,1008.57,45.17,69.57
2020-11-06 13:00:56,86.14,7.69,914.69,34.46,56.44
2020-11-06 14:00:56,67.74,6.32,874.64,56.44,81.13
2020-11-06 15:00:56,71.11,5.62,917.49,73.66,103.84
2020-11-06 16:00:56,55.99,5.46,899.75,81.38,109.72
2020-11-06 17:00:56,64.52,5.71,941.64,62.66,87.38
2020-11-06 18:00:56,50.57,5.67,1082.72,84.24,108.1
2020-11-06 19:00:56,58.28,4.51,2299.16,81.52,109.5
2020-11-06 20:00:56,48.4,4.83,1194.75,95.84,127.94
2020-11-06 21:00:56,53.79,4.54,1128.3,50.54,72.18
2020-11-06 22:00:56,45.15,3.95,1345.27,59.16,82.27
2020-11-06 23:00:56,42.65,4.08,1400.87,74.41,100.19
2020-11-07 00:00:56,38.28,4.47,1295.55,59.04,81.3
2020-11-07 01:00:56,34.66,4.21,1350.44,36.13,57.34
2020-11-07 02:00:56,34.2,0.0,1454.51,78.49,103.7
2020-11-07 03:00:56,34.76,4.28,1463.42,33.65,54.5
2020-11-07 04:00:56,27.91,4.26,1432.57,27.81,48.18
2020-11-07 05:00:56,17.14,4.29,1433.83,28.44,49.42
2020-11-07 06:00:56,22.98,4.24,1360.42,30.09,51.14
2020-11-07 07:00:56,19.81,4.13,1461.36,38.43,59.7
2020-11-07 08:00:56,19.48,3.71,1532.04,56.58,80.31
2020-11-07 09:00:56,14.83,4.29,1493.75,80.98,111.28
2020-11-07 10:00:56,35.86,4.37,1055.61,65.92,95.02
2020-11-07 11:00:56,19.69,4.48,985.35,39.35,64.94
2020-11-07 12:00:56,11.02,5.09,662.38,39.82,64.84
2020-11-07 13:00:56,24.14,4.59,311.93,30.9,50.95
2020-11-07 14:00:56,19.12,4.47,86.95,28.52,36.99
2020-11-07 15:00:56,11.49,4.54,66.42,0.0,0.0
2020-11-07 16:00:56,13.96,4.01,0.0,0.0,0.0
2020-11-07 17:00:56,28.64,4.52,294.77,0.0,0.0
2020-11-07 18:00:56,26.32,4.72,557.65,0.0,0.0
2020-11-07 19:00:56,31.12,4.7,748.25,50.54,53.64
2020-11-07 20:00:56,31.63,4.29,869.21,65.2,82.27
2020-11-07 21:00:56,31.22,4.24,998.59,71.1,91.05
2020-11-07 22:00:56,29.73,4.22,1038.16,45.8,66.55
2020-11-07 23:00:56,28.93,0.0,1300.22,80.8,205.68
2020-11-08 00:00:56,18.44,3.36,658.2,28.21,48.55
2020-11-08 01:00:56,10.72,3.31,624.68,37.51,58.44
2020-11-08 02:00:56,14.69,0.0,544.17,23.15,43.38
2020-11-08 03:00:56,9.56,3.58,533.99,24.6,44.65
2020-11-08 04:00:56,6.98,3.78,524.98,29.84,49.97
2020-11-08 05:00:56,5.95,3.69,580.77,21.68,41.99
2020-11-08 06:00:56,4.14,3.65,554.03,26.85,48.21
2020-11-08 07:00:56,7.21,3.63,765.02,31.37,52.12
2020-11-08 08:00:56,16.83,3.66,708.09,36.94,59.81
2020-11-08 09:00:56,10.49,3.79,1051.28,63.99,91.51
2020-11-08 10:00:56,6.96,4.03,865.7,47.96,72.77
2020-11-08 11:00:56,4.83,4.21,598.84,43.04,67.11
2020-11-08 12:00:56,3.16,4.23,504.44,39.82,64.28
2020-11-08 13:00:56,12.51,3.93,328.4,38.19,62.07
2020-11-08 14:00:56,16.84,3.71,527.51,41.69,65.68
2020-11-08 15:00:56,11.54,3.85,266.89,58.62,84.93
2020-11-08 16:00:56,16.75,7.01,125.27,50.8,74.27
2020-11-08 17:00:56,12.5,7.81,84.66,42.84,65.03
2020-11-08 18:00:56,8.88,6.09,1014.04,83.86,118.32
2020-11-08 19:00:56,12.43,5.31,515.9,106.22,145.62
2020-11-08 20:00:56,31.08,4.91,758.71,102.48,158.08
2020-11-08 21:00:56,33.28,4.78,633.15,96.98,150.7
2020-11-08 22:00:56,38.85,4.66,702.17,96.33,142.4
2020-11-08 23:00:56,25.38,4.34,706.23,80.21,113.82
2020-11-09 00:00:56,26.31,4.22,947.09,93.28,154.77
2020-11-09 01:00:56,23.87,4.07,583.55,60.43,90.57
2020-11-09 02:00:56,15.42,0.0,668.89,25.17,45.62
2020-11-09 03:00:56,11.2,3.8,756.99,34.43,58.14
2020-11-09 04:00:56,9.78,4.03,930.28,34.16,56.04
2020-11-09 05:00:56,13.73,3.96,1117.26,56.62,83.84
2020-11-09 06:00:56,15.47,3.96,1104.16,25.96,48.06
2020-11-09 07:00:56,11.88,4.11,856.65,32.33,58.02
2020-11-09 08:00:56,14.36,3.52,1493.33,110.17,221.65
2020-11-09 09:00:56,21.54,4.38,992.23,126.24,242.4
2020-11-09 10:00:56,31.78,51.15,922.34,114.62,192.11
2020-11-09 11:00:56,32.0,134.03,595.66,80.72,130.69
2020-11-09 12:00:56,50.0,23.11,121.89,43.96,74.45
2020-11-09 13:00:56,29.17,9.75,0.0,31.04,57.24
2020-11-09 14:00:56,15.41,8.22,0.0,28.58,52.77
2020-11-09 15:00:56,9.98,7.37,0.0,28.27,52.13
2020-11-09 16:00:56,11.18,6.19,514.86,30.53,51.93
2020-11-09 17:00:56,11.41,6.03,650.7,32.5,49.38
2020-11-09 18:00:56,17.21,5.31,1073.46,71.5,91.03
2020-11-09 19:00:56,43.69,4.7,1116.96,81.37,101.86
2020-11-09 20:00:56,45.56,4.34,1237.16,71.95,92.6
2020-11-09 21:00:56,36.94,4.53,1899.69,83.0,113.71
2020-11-09 22:00:56,28.68,4.63,2274.26,108.12,159.64
2020-11-09 23:00:56,36.38,4.48,2530.22,108.84,170.92
2020-11-10 00:00:56,32.1,4.49,2598.8,123.05,211.77
2020-11-10 01:00:56,32.56,4.65,2703.49,134.61,249.94
2020-11-10 02:00:56,28.39,0.0,2683.4,98.17,162.03
2020-11-10 03:00:56,34.31,4.83,2452.51,57.01,92.23
2020-11-10 04:00:56,27.14,4.67,2594.68,28.39,49.66
2020-11-10 05:00:56,27.51,4.23,2379.23,28.29,50.74
2020-11-10 06:00:56,15.49,4.43,2318.19,32.56,53.84
2020-11-10 07:00:56,16.8,4.4,2567.87,39.1,62.14
2020-11-10 08:00:56,22.54,4.63,2528.64,82.72,144.38
2020-11-10 09:00:56,17.09,5.08,2953.9,162.15,292.93
2020-11-10 10:00:56,45.23,5.52,2710.41,151.62,276.58
2020-11-10 11:00:56,61.43,5.85,2162.05,81.32,123.58
2020-11-10 12:00:56,55.38,5.46,1948.93,118.78,170.44
2020-11-10 13:00:56,44.61,5.19,1981.55,0.0,0.0
2020-11-10 14:00:56,41.84,5.79,1710.23,0.0,0.0
2020-11-10 15:00:56,34.91,5.9,1717.33,52.44,80.45
2020-11-10 16:00:56,29.88,5.39,1637.42,46.41,74.02
2020-11-10 17:00:56,38.11,5.14,1675.35,58.58,87.72
2020-11-10 18:00:56,20.21,4.82,1588.97,61.06,92.35
2020-11-10 19:00:56,19.87,3.53,1729.12,59.87,84.16
2020-11-10 20:00:56,24.41,3.74,1938.58,55.48,77.07
2020-11-10 21:00:56,21.98,4.18,2123.86,76.46,100.21
2020-11-10 22:00:56,18.5,4.23,2170.04,79.5,117.9
2020-11-10 23:00:56,23.63,4.29,2338.62,70.79,93.43
2020-11-11 00:00:56,18.68,4.14,2183.78,61.03,84.96
2020-11-11 01:00:56,30.7,4.33,2189.86,39.15,61.81
2020-11-11 02:00:56,22.44,0.0,2121.94,31.46,51.8
2020-11-11 03:00:56,19.23,4.48,2120.09,28.32,49.91
2020-11-11 04:00:56,13.61,4.6,2227.09,20.17,40.67
2020-11-11 05:00:56,23.01,4.35,2219.78,19.37,39.51
2020-11-11 06:00:56,18.33,4.19,2356.17,18.23,38.33
2020-11-11 07:00:56,22.33,4.1,2483.68,32.9,53.83
2020-11-11 08:00:56,27.26,4.0,2464.59,37.27,58.18
2020-11-11 09:00:56,22.05,4.51,2647.57,73.62,109.51
2020-11-11 10:00:56,15.65,4.36,2569.03,66.51,97.68
2020-11-11 11:00:56,25.51,4.39,2699.01,73.79,106.76
2020-11-11 12:00:56,30.36,4.85,2490.88,51.04,75.16
2020-11-11 13:00:56,27.73,6.93,2406.53,42.48,67.68
2020-11-11 14:00:56,25.76,11.29,2889.34,50.64,78.0
2020-11-11 15:00:56,34.96,16.31,2100.77,47.49,73.48
2020-11-11 16:00:56,40.47,14.29,2057.4,69.11,104.05
2020-11-11 17:00:56,38.66,8.1,1949.27,69.82,101.31
2020-11-11 18:00:56,32.91,9.21,1967.31,68.82,96.56
2020-11-11 19:00:56,29.15,8.13,2575.11,69.89,95.58
2020-11-11 20:00:56,29.85,6.28,2400.46,50.24,71.95
2020-11-11 21:00:56,34.04,5.69,2368.32,49.66,72.42
2020-11-11 22:00:56,23.63,5.48,2434.7,40.03,61.9
2020-11-11 23:00:56,30.31,5.26,2470.39,46.84,69.96
2020-11-12 00:00:56,18.94,4.61,2298.09,46.7,69.48
2020-11-12 01:00:56,23.34,4.71,2339.93,47.47,70.96
2020-11-12 02:00:56,31.33,0.0,2136.63,32.14,52.27
2020-11-12 03:00:56,31.45,4.86,2073.21,22.4,42.68
2020-11-12 04:00:56,16.46,4.63,2138.59,58.26,83.14
2020-11-12 05:00:56,11.95,4.31,1796.38,48.53,70.0
2020-11-12 06:00:56,35.56,4.22,2165.71,69.65,101.25
2020-11-12 07:00:56,24.61,4.45,2085.07,54.04,75.21
2020-11-12 08:00:56,13.76,4.79,2697.7,90.07,130.78
2020-11-12 09:00:56,30.19,4.78,2388.74,110.19,176.87
2020-11-12 10:00:56,39.85,6.03,2429.18,98.88,150.48
2020-11-12 11:00:56,44.04,20.23,2083.08,54.56,84.02
2020-11-12 12:00:56,47.72,39.99,1774.07,42.95,69.19
2020-11-12 13:00:56,33.05,16.88,1352.97,46.91,74.82
2020-11-12 14:00:56,28.33,29.57,1250.81,38.62,65.38
2020-11-12 15:00:56,21.08,34.11,1018.85,52.71,83.62
2020-11-12 16:00:56,27.64,24.36,1403.2,65.32,98.07
2020-11-12 17:00:56,36.74,9.8,1411.64,56.47,84.46
2020-11-12 18:00:56,43.98,7.16,2305.33,96.94,138.1
2020-11-12 19:00:56,48.31,6.08,1973.95,89.56,118.51
2020-11-12 20:00:56,51.61,5.51,2124.15,95.46,132.24
2020-11-12 21:00:56,59.26,5.39,2187.13,70.96,94.46
2020-11-12 22:00:56,51.15,4.67,2323.58,88.08,135.41
2020-11-12 23:00:56,60.7,4.74,2472.81,84.97,128.15
2020-11-13 00:00:56,42.4,4.6,2606.18,84.84,136.17
2020-11-13 01:00:56,50.53,3.86,2759.99,52.2,79.99
2020-11-13 02:00:56,49.15,0.0,2658.49,40.45,65.04
2020-11-13 03:00:56,30.21,4.19,2839.73,67.38,109.52
2020-11-13 04:00:56,40.35,4.12,2730.23,37.02,63.43
2020-11-13 05:00:56,31.56,3.79,2645.16,22.15,43.09
2020-11-13 06:00:56,29.07,4.05,2697.4,40.08,68.91
2020-11-13 07:00:56,24.03,3.87,2698.51,35.9,63.84
2020-11-13 08:00:56,33.87,4.19,3341.43,66.43,135.94
2020-11-13 09:00:56,33.21,4.3,3119.06,122.67,241.59
2020-11-13 10:00:56,63.55,5.76,2711.11,88.43,138.25
2020-11-13 11:00:56,51.0,9.66,2385.22,51.87,83.43
2020-11-13 12:00:56,32.58,11.19,2089.09,45.47,74.96
2020-11-13 13:00:56,22.71,11.2,1708.42,46.23,81.71
2020-11-13 14:00:56,14.05,7.11,1286.5,37.41,64.28
2020-11-13 15:00:56,25.76,14.06,1024.56,57.82,92.74
2020-11-13 16:00:56,38.38,29.18,1044.12,60.65,88.64
2020-11-13 17:00:56,25.12,9.69,1193.12,51.11,75.86
2020-11-13 18:00:56,45.13,5.61,1476.1,69.85,89.84
2020-11-13 19:00:56,52.53,4.68,1848.55,75.99,97.79
2020-11-13 20:00:56,54.54,4.29,2094.39,76.04,99.91
2020-11-13 21:00:56,44.66,4.29,3112.15,133.14,216.23
2020-11-13 22:00:56,56.83,4.5,2971.2,126.92,213.38
2020-11-13 23:00:56,68.53,4.41,3102.85,127.24,219.85
2020-11-14 00:00:56,55.0,4.46,2861.0,84.11,137.25
2020-11-14 01:00:56,70.91,4.5,2949.51,47.28,76.75
2020-11-14 02:00:56,58.12,0.0,2855.31,33.8,57.03
2020-11-14 03:00:56,38.21,3.69,2899.43,28.84,50.99
2020-11-14 04:00:56,36.43,4.11,2656.04,24.54,46.44
2020-11-14 05:00:56,30.13,3.95,2649.25,23.56,44.6
2020-11-14 06:00:56,28.17,4.06,3093.69,26.33,49.38
2020-11-14 07:00:56,27.14,4.38,2814.48,47.85,78.51
2020-11-14 08:00:56,29.54,4.15,3236.33,54.91,100.2
2020-11-14 09:00:56,34.5,4.49,2906.16,77.58,152.22
2020-11-14 10:00:56,37.49,4.91,2892.03,72.47,122.11
2020-11-14 11:00:56,38.32,32.4,2752.68,52.44,81.43
2020-11-14 12:00:56,33.92,183.13,2259.34,56.96,87.33
2020-11-14 13:00:56,78.03,110.81,1764.76,49.01,76.62
2020-11-14 14:00:56,77.31,135.03,1451.67,53.14,83.43
2020-11-14 15:00:56,81.98,94.5,1289.52,71.07,106.57
2020-11-14 16:00:56,88.08,36.2,1043.15,75.47,106.04
2020-11-14 17:00:56,72.65,28.55,1611.56,100.35,131.61
2020-11-14 18:00:56,62.11,14.12,2011.91,134.66,187.68
2020-11-14 19:00:56,84.62,8.8,2519.78,135.92,198.68
2020-11-14 20:00:56,86.36,7.03,3067.16,130.61,202.78
2020-11-14 21:00:56,82.44,6.36,2907.3,125.65,201.46
2020-11-14 22:00:56,74.42,5.86,4493.0,102.88,147.49
2020-11-14 23:00:56,51.13,5.65,3221.97,168.09,301.46
2020-11-15 00:00:56,60.45,5.31,3604.9,139.49,245.0
2020-11-15 01:00:56,55.24,5.35,2989.38,126.54,233.15
2020-11-15 02:00:56,58.4,0.0,2998.79,43.16,70.08
2020-11-15 03:00:56,53.23,4.92,2761.8,68.68,111.11
2020-11-15 04:00:56,33.91,4.69,2827.36,65.93,97.38
2020-11-15 05:00:56,28.09,4.74,2780.95,61.87,94.85
2020-11-15 06:00:56,41.36,4.69,2795.0,39.21,62.32
2020-11-15 07:00:56,24.27,4.63,2499.12,37.43,60.11
2020-11-15 08:00:56,13.21,4.52,2690.92,50.33,80.5
2020-11-15 09:00:56,8.69,4.62,3052.51,105.18,180.43
2020-11-15 10:00:56,30.81,7.78,2821.11,90.43,142.63
2020-11-15 11:00:56,33.05,11.21,2859.45,83.25,123.14
2020-11-15 12:00:56,46.91,27.01,1930.18,72.85,108.74
2020-11-15 13:00:56,33.23,23.91,2240.89,55.09,84.12
2020-11-15 14:00:56,27.33,14.07,1863.58,40.85,66.92
2020-11-15 15:00:56,15.51,9.79,1562.5,59.34,88.68
2020-11-15 16:00:56,24.15,8.37,1635.15,94.48,130.9
2020-11-15 17:00:56,43.76,7.65,1980.38,129.11,174.2
2020-11-15 18:00:56,43.96,7.71,2458.8,138.12,187.28
2020-11-15 19:00:56,60.12,6.1,2827.08,126.13,175.95
2020-11-15 20:00:56,79.18,5.26,2449.02,115.57,171.7
2020-11-15 21:00:56,63.52,5.55,2517.69,109.31,164.06
2020-11-15 22:00:56,58.53,5.51,3035.44,164.65,300.1
2020-11-15 23:00:56,76.36,5.75,2616.49,118.01,181.99
2020-11-16 00:00:56,61.73,5.25,2822.96,75.02,99.59
2020-11-16 01:00:56,51.12,4.8,3164.32,51.32,73.97
2020-11-16 02:00:56,37.7,0.0,2719.76,29.69,50.82
2020-11-16 03:00:56,29.25,4.98,2733.45,70.78,99.37
2020-11-16 04:00:56,23.97,5.15,2691.94,51.09,72.01
2020-11-16 05:00:56,21.96,5.23,2827.76,37.61,58.75
2020-11-16 06:00:56,12.94,4.6,2641.73,75.75,108.19
2020-11-16 07:00:56,16.4,4.71,2646.08,60.48,85.96
2020-11-16 08:00:56,10.23,4.75,3105.31,84.3,121.52
2020-11-16 09:00:56,18.42,5.49,3461.41,192.92,320.2
2020-11-16 10:00:56,34.91,6.49,2555.21,162.72,265.75
2020-11-16 11:00:56,47.21,6.32,2379.28,59.58,88.68
2020-11-16 12:00:56,43.68,6.3,1962.82,57.15,86.81
2020-11-16 13:00:56,31.08,5.79,1807.71,48.6,77.88
2020-11-16 14:00:56,26.17,5.95,1736.55,52.76,81.97
2020-11-16 15:00:56,16.7,7.33,1522.83,65.25,95.86
2020-11-16 16:00:56,27.06,7.9,1643.85,80.38,110.8
2020-11-16 17:00:56,29.73,7.85,1798.75,112.49,150.54
2020-11-16 18:00:56,23.93,7.59,2229.05,132.87,190.93
2020-11-16 19:00:56,46.99,7.64,2040.62,117.24,161.9
2020-11-16 20:00:56,53.54,6.56,2145.24,84.88,112.58
2020-11-16 21:00:56,46.41,6.09,2200.22,103.28,141.64
2020-11-16 22:00:56,30.7,5.92,2732.74,124.31,209.95
2020-11-16 23:00:56,46.49,5.38,2954.79,113.13,177.33
2020-11-17 00:00:56,54.66,5.52,2394.1,208.05,316.84
2020-11-17 01:00:56,57.29,4.81,2271.66,63.7,95.48
2020-11-17 02:00:56,31.0,0.0,2329.76,36.65,60.38
2020-11-17 03:00:56,35.19,4.42,2578.67,28.6,50.23
2020-11-17 04:00:56,26.35,3.76,2612.35,26.64,47.21
2020-11-17 05:00:56,27.94,4.42,2403.0,47.89,73.73
2020-11-17 06:00:56,25.61,4.5,2699.1,58.79,84.6
2020-11-17 07:00:56,16.87,4.24,2836.64,39.85,66.47
2020-11-17 08:00:56,19.4,4.16,3231.04,75.48,132.36
2020-11-17 09:00:56,24.69,4.58,3113.63,123.43,212.11
2020-11-17 10:00:56,51.4,5.36,2546.13,84.53,129.21
2020-11-17 11:00:56,47.86,6.47,2408.23,55.05,82.22
2020-11-17 12:00:56,33.89,7.84,2288.86,62.24,102.4
2020-11-17 13:00:56,28.27,9.95,2074.7,52.75,84.04
2020-11-17 14:00:56,15.6,10.72,1824.19,45.04,74.49
2020-11-17 15:00:56,29.54,14.84,1672.15,38.49,65.17
2020-11-17 16:00:56,31.01,10.76,1615.97,40.94,68.39
2020-11-17 17:00:56,34.67,4.37,1587.54,55.86,83.72
2020-11-17 18:00:56,29.8,3.84,1811.87,52.3,74.79
2020-11-17 19:00:56,33.36,4.31,1912.79,77.97,111.28
2020-11-17 20:00:56,19.32,4.27,2017.11,113.05,151.01
2020-11-17 21:00:56,25.51,4.45,1991.15,77.28,104.29
2020-11-17 22:00:56,32.92,3.94,2283.01,57.38,79.19
2020-11-17 23:00:56,24.13,4.1,2418.01,64.52,85.58
2020-11-18 00:00:56,18.22,4.1,2390.06,62.0,85.76
2020-11-18 01:00:56,10.77,4.08,128.13,42.05,62.49
2020-11-18 02:00:56,8.55,0.0,2302.51,27.39,47.37
2020-11-18 03:00:56,19.02,4.07,1964.83,26.36,46.26
2020-11-18 04:00:56,11.52,3.95,2425.42,39.83,67.71
2020-11-18 05:00:56,7.24,4.0,2332.65,29.7,50.36
2020-11-18 06:00:56,13.16,3.99,2334.13,26.7,46.89
2020-11-18 07:00:56,7.94,4.12,2476.19,37.61,60.15
2020-11-18 08:00:56,10.82,3.73,2286.51,92.7,125.83
2020-11-18 09:00:56,16.77,3.55,2525.49,56.74,79.38
2020-11-18 10:00:56,14.62,3.69,3048.13,81.59,111.36
2020-11-18 11:00:56,17.99,3.28,3380.73,83.71,115.25
2020-11-18 12:00:56,28.15,4.48,2956.09,42.24,64.1
2020-11-18 13:00:56,23.15,4.11,2811.84,30.61,51.73
2020-11-18 14:00:56,19.01,4.34,2676.98,35.21,56.95
2020-11-18 15:00:56,20.21,4.67,2575.86,51.27,76.63
2020-11-18 16:00:56,18.35,4.28,2651.12,52.95,75.19
2020-11-18 17:00:56,23.35,3.56,2697.95,48.84,72.12
2020-11-18 18:00:56,29.91,4.04,3151.36,55.32,77.53
2020-11-18 19:00:56,17.21,4.18,2873.7,70.02,94.54
2020-11-18 20:00:56,25.79,3.87,2756.92,45.54,66.32
2020-11-18 21:00:56,19.7,3.76,2751.85,40.2,60.84
2020-11-18 22:00:56,21.66,3.23,2822.83,31.43,52.71
2020-11-18 23:00:56,17.61,3.65,2789.89,32.17,52.57
2020-11-19 00:00:56,23.19,4.1,2755.65,42.21,64.09
2020-11-19 01:00:56,20.47,3.31,2627.97,37.14,58.02
2020-11-19 02:00:56,12.9,0.0,2676.0,31.85,52.35
2020-11-19 03:00:56,17.44,3.84,2653.38,23.9,44.31
2020-11-19 04:00:56,11.23,3.77,2632.35,21.49,41.55
2020-11-19 05:00:56,6.61,3.59,2601.5,19.6,39.71
2020-11-19 06:00:56,4.59,3.81,2566.88,18.31,38.5
2020-11-19 07:00:56,4.05,3.98,2437.12,33.37,53.78
2020-11-19 08:00:56,4.37,3.9,2620.52,47.49,72.68
2020-11-19 09:00:56,5.5,4.04,2523.72,72.54,103.63
2020-11-19 10:00:56,3.82,4.75,2683.2,46.99,72.37
2020-11-19 11:00:56,4.48,4.39,2567.99,101.32,144.69
2020-11-19 12:00:56,22.02,4.62,2722.91,88.37,120.41
2020-11-19 13:00:56,20.41,4.52,2547.97,58.71,83.78
2020-11-19 14:00:56,12.69,4.15,2758.02,53.11,77.24
2020-11-19 15:00:56,8.45,4.07,2605.05,45.96,69.14
2020-11-19 16:00:56,13.09,4.23,2592.93,46.58,71.83
2020-11-19 17:00:56,12.22,4.06,2649.22,48.49,70.68
2020-11-19 18:00:56,20.57,4.07,2741.8,80.71,107.69
2020-11-19 19:00:56,27.69,4.27,2538.94,72.28,95.99
2020-11-19 20:00:56,25.2,4.13,2688.28,54.26,75.22
2020-11-19 21:00:56,15.1,4.06,2819.33,66.17,88.81
2020-11-19 22:00:56,9.94,3.81,2466.89,41.94,62.89
2020-11-19 23:00:56,17.69,4.21,2752.94,43.45,64.41
2020-11-20 00:00:56,11.05,4.62,2638.41,56.05,79.29
2020-11-20 01:00:56,9.87,4.34,2778.66,69.75,97.75
2020-11-20 02:00:56,24.41,4.48,2871.79,104.19,147.16
2020-11-20 03:00:56,14.26,4.01,2726.57,83.67,115.17
2020-11-20 04:00:56,11.27,3.83,2667.54,37.78,58.31
2020-11-20 05:00:56,7.66,4.24,2713.56,32.59,55.37
2020-11-20 06:00:56,7.27,4.33,2666.22,97.64,156.56
2020-11-20 07:00:56,15.21,4.23,2802.06,66.56,100.01
2020-11-20 08:00:56,10.36,4.67,3583.97,158.19,273.13
2020-11-20 09:00:56,17.09,4.92,3433.16,228.38,0.0
2020-11-20 10:00:56,22.18,5.39,3224.92,201.59,340.84
2020-11-20 11:00:56,22.97,5.82,2526.67,98.77,139.65
2020-11-20 12:00:56,19.54,6.44,0.0,67.36,98.37
2020-11-20 13:00:56,26.15,5.56,2394.46,68.99,101.13
2020-11-20 14:00:56,17.8,5.44,2394.92,78.34,112.13
2020-11-20 15:00:56,9.64,6.23,2337.1,75.42,99.97
2020-11-20 16:00:56,27.8,5.83,2471.14,80.08,104.84
2020-11-20 17:00:56,39.34,5.56,2538.14,103.42,135.04
2020-11-20 18:00:56,28.56,5.4,3092.46,105.46,137.61
2020-11-20 19:00:56,43.83,5.4,2701.22,144.92,227.18
2020-11-20 20:00:56,50.19,5.46,2656.91,67.07,90.68
2020-11-20 21:00:56,35.95,5.16,2482.56,51.35,72.79
2020-11-20 22:00:56,31.69,5.2,2658.85,90.68,118.94
2020-11-20 23:00:56,38.74,4.64,2316.71,59.38,80.84
2020-11-21 00:00:56,22.42,4.68,2693.35,60.44,82.17
2020-11-21 01:00:56,20.08,4.9,2563.8,76.35,102.26
2020-11-21 02:00:56,15.93,4.53,3050.8,82.25,113.76
2020-11-21 03:00:56,33.11,4.24,2821.8,34.7,55.85
2020-11-21 04:00:56,19.21,4.28,2774.16,46.18,69.19
2020-11-21 05:00:56,23.15,4.06,2845.59,56.32,77.35
2020-11-21 06:00:56,14.19,4.14,2817.55,29.7,51.31
2020-11-21 07:00:56,10.7,4.19,2832.08,86.65,117.31
2020-11-21 08:00:56,10.4,4.25,2777.05,60.41,86.95
2020-11-21 09:00:56,6.48,3.5,2806.08,67.56,93.37
2020-11-21 10:00:56,9.98,4.67,2618.16,62.53,91.48
2020-11-21 11:00:56,6.25,4.53,2741.62,63.96,91.23
2020-11-21 12:00:56,19.2,4.75,2910.13,58.75,85.39
2020-11-21 13:00:56,19.28,4.91,2823.79,53.84,80.48
2020-11-21 14:00:56,34.08,8.5,2459.96,40.71,66.85
2020-11-21 15:00:56,19.99,6.65,2344.05,36.49,61.3
2020-11-21 16:00:56,13.0,6.19,2347.02,56.19,85.6
2020-11-21 17:00:56,12.19,5.9,2572.04,74.6,101.78
2020-11-21 18:00:56,31.29,5.84,2551.45,107.52,141.66
2020-11-21 19:00:56,44.78,6.18,2987.98,132.34,200.77
2020-11-21 20:00:56,54.83,6.0,3131.45,102.53,146.82
2020-11-21 21:00:56,58.25,5.81,3062.82,79.46,108.83
2020-11-21 22:00:56,49.62,5.12,2816.34,44.45,67.32
2020-11-21 23:00:56,44.2,4.7,3048.09,58.95,87.68
2020-11-22 00:00:56,32.25,4.41,3304.93,59.25,88.34
2020-11-22 01:00:56,33.71,4.13,3094.01,49.94,71.32
2020-11-22 02:00:56,26.95,4.23,2934.73,26.14,46.64
2020-11-22 03:00:56,29.53,4.06,3004.36,34.17,55.09
2020-11-22 04:00:56,17.28,3.71,2916.58,49.7,70.71
2020-11-22 05:00:56,24.28,3.97,2879.81,53.26,79.63
2020-11-22 06:00:56,13.7,3.75,2923.82,68.0,97.48
2020-11-22 07:00:56,23.23,3.93,2925.03,45.65,68.05
2020-11-22 08:00:56,17.08,3.98,3029.29,43.86,67.72
2020-11-22 09:00:56,16.53,4.2,3017.47,82.03,115.45
2020-11-22 10:00:56,23.71,4.75,2824.17,68.77,95.81
2020-11-22 11:00:56,15.28,5.77,2776.03,61.34,88.6
2020-11-22 12:00:56,11.43,6.4,2552.8,39.09,63.75
2020-11-22 13:00:56,12.06,6.83,2537.9,47.33,73.58
2020-11-22 14:00:56,6.93,5.5,2355.09,36.1,61.21
2020-11-22 15:00:56,30.52,4.57,2282.6,26.09,49.31
2020-11-22 16:00:56,32.76,4.42,2533.72,55.14,85.63
2020-11-22 17:00:56,35.74,4.27,2528.65,39.93,64.54
2020-11-22 18:00:56,38.76,3.89,2829.13,51.66,76.18
2020-11-22 19:00:56,33.52,4.11,2784.19,63.93,89.38
2020-11-22 20:00:56,18.44,4.38,2858.82,60.05,83.55
2020-11-22 21:00:56,22.52,4.29,2752.18,37.55,58.55
2020-11-22 22:00:56,12.84,3.55,2865.9,37.07,58.15
2020-11-22 23:00:56,21.51,4.17,2974.79,35.26,56.34
2020-11-23 00:00:56,18.35,4.05,2796.6,30.92,51.47
2020-11-23 01:00:56,10.71,3.25,2850.23,44.37,64.77
2020-11-23 02:00:56,12.71,0.0,2747.65,35.93,56.61
2020-11-23 03:00:56,11.46,3.42,3122.34,61.0,83.73
2020-11-23 04:00:56,20.49,3.63,2861.59,73.54,114.02
2020-11-23 05:00:56,14.88,3.59,2954.57,90.83,145.09
2020-11-23 06:00:56,10.82,3.77,2669.51,90.29,146.49
2020-11-23 07:00:56,19.84,3.69,2807.38,82.01,125.93
2020-11-23 08:00:56,11.55,3.66,3079.32,107.02,187.86
2020-11-23 09:00:56,18.35,4.0,3314.39,137.81,264.24
2020-11-23 10:00:56,36.25,6.01,2983.48,98.3,169.59
2020-11-23 11:00:56,32.06,6.89,2563.69,41.19,70.66
2020-11-23 12:00:56,24.38,5.07,2249.59,25.65,51.27
2020-11-23 13:00:56,14.71,5.02,1983.9,23.44,48.71
2020-11-23 14:00:56,8.86,4.48,2298.7,26.24,52.25
2020-11-23 15:00:56,10.01,3.25,2837.29,30.9,59.04
2020-11-23 16:00:56,23.99,4.88,3517.16,35.65,60.13
2020-11-23 17:00:56,26.6,4.57,3148.34,52.12,78.34
2020-11-23 18:00:56,31.02,4.3,3301.31,93.03,119.89
2020-11-23 19:00:56,38.26,3.84,3415.53,110.38,140.05
2020-11-23 20:00:56,37.15,3.46,3967.88,123.23,162.64
2020-11-23 21:00:56,38.85,2.69,4066.95,173.97,271.2
2020-11-23 22:00:56,59.26,4.06,4165.5,159.67,248.22
2020-11-23 23:00:56,65.93,4.99,3280.05,98.97,150.92
2020-11-24 00:00:56,62.3,4.13,2933.38,58.36,85.89
2020-11-24 01:00:56,47.92,3.95,3091.49,63.04,96.48
2020-11-24 02:00:56,49.49,0.0,2976.86,44.13,68.97
2020-11-24 03:00:56,46.44,4.05,3076.04,36.71,59.82
2020-11-24 04:00:56,36.81,4.23,2929.22,37.53,59.61
2020-11-24 05:00:56,27.8,4.13,2835.85,49.67,82.69
2020-11-24 06:00:56,28.9,3.85,2748.96,44.18,68.2
2020-11-24 07:00:56,25.07,4.09,2981.01,39.32,64.71
2020-11-24 08:00:56,13.65,4.35,3246.25,107.36,200.44
2020-11-24 09:00:56,31.23,5.41,3499.74,267.98,0.0
2020-11-24 10:00:56,76.73,69.93,2868.87,201.3,398.91
2020-11-24 11:00:56,103.69,252.22,2780.85,83.2,128.88
2020-11-24 12:00:56,77.15,92.05,2727.83,71.6,108.32
2020-11-24 13:00:56,58.07,61.47,1998.5,68.98,107.84
2020-11-24 14:00:56,48.62,121.18,2854.6,43.65,70.88
2020-11-24 15:00:56,35.21,38.83,3013.26,52.17,81.32
2020-11-24 16:00:56,52.3,14.45,3075.43,64.02,94.15
2020-11-24 17:00:56,61.43,10.13,3144.26,77.88,107.6
2020-11-24 18:00:56,60.83,6.88,3276.79,111.74,140.92
2020-11-24 19:00:56,62.65,6.49,3236.04,122.91,154.19
2020-11-24 20:00:56,60.2,6.47,3244.93,114.99,143.29
2020-11-24 21:00:56,51.67,5.76,3492.6,130.28,165.4
2020-11-24 22:00:56,40.94,5.85,2960.61,80.59,104.91
2020-11-24 23:00:56,31.85,5.1,3265.85,50.94,72.22
2020-11-25 00:00:56,43.05,4.48,3064.62,31.51,52.21
2020-11-25 01:00:56,22.61,4.44,3012.13,39.77,61.71
2020-11-25 02:00:56,15.15,3.98,2980.38,22.26,42.6
2020-11-25 03:00:56,31.7,4.2,2929.85,34.79,55.21
2020-11-25 04:00:56,17.74,4.45,2858.6,36.21,56.4
2020-11-25 05:00:56,11.21,4.21,2908.8,37.39,57.95
2020-11-25 06:00:56,7.99,4.06,2862.31,37.34,57.92
2020-11-25 07:00:56,5.61,4.13,3149.68,22.03,43.09
2020-11-25 08:00:56,4.79,23.58,2958.91,35.96,60.2
2020-11-25 09:00:56,10.97,43.28,2859.3,34.49,57.71
2020-11-25 10:00:56,18.95,18.73,2919.66,34.28,58.04
2020-11-25 11:00:56,12.16,13.31,3097.28,99.04,135.16
2020-11-25 12:00:56,12.73,13.18,2820.89,74.04,108.77
2020-11-25 13:00:56,25.55,23.6,3002.4,58.83,86.87
2020-11-25 14:00:56,24.74,10.42,2893.99,84.19,116.92
2020-11-25 15:00:56,32.77,10.0,2877.9,61.88,90.55
2020-11-25 16:00:56,25.51,8.55,2911.66,76.74,109.32
2020-11-25 17:00:56,32.49,7.87,3161.28,77.32,109.39
2020-11-25 18:00:56,27.92,6.6,3435.07,61.29,84.31
2020-11-25 19:00:56,26.47,5.99,3406.92,63.03,86.01
2020-11-25 20:00:56,28.85,5.79,3925.04,51.78,73.18
2020-11-25 21:00:56,31.02,5.38,3389.45,75.91,108.18
2020-11-25 22:00:56,33.31,5.16,3392.1,61.68,85.7
2020-11-25 23:00:56,23.84,5.39,3717.97,62.06,92.52
2020-11-26 00:00:56,15.7,4.61,3368.47,50.33,76.81
2020-11-26 01:00:56,29.74,4.53,3423.73,37.23,57.92
2020-11-26 02:00:56,19.9,0.0,3752.07,80.97,112.3
2020-11-26 03:00:56,26.04,4.14,3496.57,40.39,61.84
2020-11-26 04:00:56,19.02,4.36,3596.12,36.12,57.4
2020-11-26 05:00:56,12.86,5.0,3004.48,29.36,49.71
2020-11-26 06:00:56,16.86,3.85,2692.22,29.87,50.58
2020-11-26 07:00:56,19.2,3.72,2745.62,58.02,80.92
2020-11-26 08:00:56,23.98,4.14,3621.99,85.23,141.68
2020-11-26 09:00:56,23.92,4.63,3389.94,124.31,213.79
2020-11-26 10:00:56,35.67,5.97,3500.06,160.02,277.56
2020-11-26 11:00:56,40.45,11.58,2818.72,137.83,224.02
2020-11-26 12:00:56,34.31,11.97,2525.06,59.96,90.19
2020-11-26 13:00:56,29.57,6.97,2131.82,51.78,85.16
2020-11-26 14:00:56,27.32,7.06,2277.23,54.52,87.68
2020-11-26 15:00:56,31.34,9.59,2084.76,61.36,91.18
2020-11-26 16:00:56,34.49,9.33,1944.94,69.18,100.25
2020-11-26 17:00:56,23.88,5.42,2585.03,88.8,115.05
2020-11-26 18:00:56,37.56,4.63,2831.39,123.76,164.59
2020-11-26 19:00:56,31.83,2.99,3432.72,115.9,158.01
2020-11-26 20:00:56,42.12,4.68,3899.29,130.5,201.58
2020-11-26 21:00:56,59.38,4.22,2966.86,105.25,152.46
2020-11-26 22:00:56,61.37,5.08,3129.15,115.71,159.76
2020-11-26 23:00:56,42.02,4.96,3694.88,127.66,198.97
2020-11-27 00:00:56,46.68,4.84,3489.76,117.6,175.17
2020-11-27 01:00:56,38.02,4.92,3181.89,124.57,190.52
2020-11-27 02:00:56,36.76,0.0,2880.2,48.02,70.63
2020-11-27 03:00:56,42.36,4.25,2802.71,27.46,47.73
2020-11-27 04:00:56,23.48,3.9,2753.74,39.67,60.12
2020-11-27 05:00:56,13.97,4.2,3734.16,22.87,43.41
2020-11-27 06:00:56,9.19,4.29,2869.72,66.13,104.36
2020-11-27 07:00:56,12.07,4.01,1506.22,98.27,152.86
2020-11-27 08:00:56,8.26,4.05,3712.77,100.11,157.33
2020-11-27 09:00:56,6.03,4.33,3088.17,148.45,251.28
2020-11-27 10:00:56,16.32,5.23,2946.92,89.66,136.44
2020-11-27 11:00:56,15.72,9.38,2595.24,52.45,83.55
2020-11-27 12:00:56,9.03,22.8,2312.1,41.33,68.27
2020-11-27 13:00:56,14.72,9.17,2151.74,30.9,55.32
2020-11-27 14:00:56,8.24,4.68,2973.98,27.29,52.53
2020-11-27 15:00:56,14.78,5.06,3205.15,26.17,49.29
2020-11-27 16:00:56,10.29,6.0,3137.88,34.45,58.81
2020-11-27 17:00:56,17.46,5.35,3341.72,50.12,75.59
2020-11-27 18:00:56,42.32,4.75,3247.98,80.2,102.32
2020-11-27 19:00:56,37.32,4.6,3131.19,72.39,94.91
2020-11-27 20:00:56,28.11,4.43,3585.77,96.04,128.02
2020-11-27 21:00:56,36.11,4.23,3728.13,117.56,159.38
2020-11-27 22:00:56,50.67,4.31,4082.82,80.61,114.47
2020-11-27 23:00:56,41.34,4.04,3982.07,65.25,95.16
2020-11-28 00:00:56,42.59,4.3,3618.9,57.34,86.99
2020-11-28 01:00:56,47.69,4.72,4000.14,48.25,73.52
2020-11-28 02:00:56,54.57,0.0,3276.9,37.75,60.39
2020-11-28 03:00:56,46.89,3.63,3149.89,33.82,55.79
2020-11-28 04:00:56,26.19,3.51,3219.4,31.02,52.88
2020-11-28 05:00:56,26.47,3.83,3081.25,27.72,49.87
2020-11-28 06:00:56,34.23,3.99,3100.5,38.28,61.25
2020-11-28 07:00:56,21.19,3.6,3028.79,34.0,59.43
2020-11-28 08:00:56,24.38,3.92,3383.29,109.33,204.7
2020-11-28 09:00:56,28.44,4.7,3554.52,159.69,306.28
2020-11-28 10:00:56,66.88,6.87,3084.34,109.42,184.35
2020-11-28 11:00:56,38.92,126.17,2975.18,120.71,190.69
2020-11-28 12:00:56,76.98,112.57,2696.93,149.06,228.59
2020-11-28 13:00:56,99.18,0.0,2089.89,81.99,119.9
2020-11-28 14:00:56,100.99,0.0,2763.05,75.2,110.49
2020-11-28 15:00:56,99.08,0.0,2877.86,71.76,102.35
2020-11-28 16:00:56,87.99,0.0,3359.37,105.16,152.26
2020-11-28 17:00:56,88.16,40.3,3454.43,169.19,241.31
2020-11-28 18:00:56,115.29,43.69,3492.42,168.39,235.83
2020-11-28 19:00:56,113.91,22.09,3540.55,188.02,271.33
2020-11-28 20:00:56,109.57,15.75,3990.74,213.05,328.68
2020-11-28 21:00:56,101.85,10.71,3881.44,169.58,247.86
2020-11-28 22:00:56,92.37,7.96,3696.16,113.02,149.65
2020-11-28 23:00:56,69.61,7.51,3494.33,89.21,117.21
2020-11-29 00:00:56,58.07,6.98,3665.3,96.38,128.73
2020-11-29 01:00:56,50.61,7.5,3330.99,93.8,131.95
2020-11-29 02:00:56,34.61,0.0,3313.84,74.89,101.0
2020-11-29 03:00:56,47.09,5.3,3261.2,47.33,75.19
2020-11-29 04:00:56,34.6,4.81,3197.84,44.48,66.9
2020-11-29 05:00:56,38.66,4.93,2940.37,54.19,78.02
2020-11-29 06:00:56,30.81,5.07,3285.79,43.98,66.21
2020-11-29 07:00:56,41.03,5.25,3096.63,66.93,104.91
2020-11-29 08:00:56,46.49,5.09,3396.98,61.9,94.77
2020-11-29 09:00:56,58.81,7.33,3200.67,138.02,245.4
2020-11-29 10:00:56,64.79,46.66,2938.79,109.73,168.21
2020-11-29 11:00:56,52.06,137.55,2804.17,81.49,119.3
2020-11-29 12:00:56,51.1,56.34,2553.94,80.03,118.68
2020-11-29 13:00:56,57.56,45.13,2522.97,108.03,156.65
2020-11-29 14:00:56,67.72,107.95,2969.13,58.61,85.82
2020-11-29 15:00:56,62.37,36.94,3111.3,62.11,90.57
2020-11-29 16:00:56,64.59,22.64,3185.1,61.46,86.89
2020-11-29 17:00:56,60.29,15.74,3272.17,95.06,119.55
2020-11-29 18:00:56,62.19,11.14,3795.58,182.2,244.82
2020-11-29 19:00:56,89.68,9.91,4557.85,260.6,397.36
2020-11-29 20:00:56,125.33,8.19,4490.75,239.1,372.86
2020-11-29 21:00:56,130.91,6.89,4962.77,190.26,294.13
2020-11-29 22:00:56,139.9,5.85,4422.96,106.15,147.5
2020-11-29 23:00:56,111.7,5.82,4459.6,103.97,145.28
2020-11-30 00:00:56,113.03,5.59,4245.52,112.85,158.79
2020-11-30 01:00:56,106.4,5.94,3360.82,54.52,78.13
2020-11-30 02:00:56,82.84,0.0,3416.56,37.05,58.51
2020-11-30 03:00:56,75.33,4.42,3444.33,52.57,75.92
2020-11-30 04:00:56,62.58,4.7,3387.02,56.58,82.15
2020-11-30 05:00:56,58.23,4.41,2966.32,28.5,49.2
2020-11-30 06:00:56,45.24,4.66,3167.13,39.34,62.14
2020-11-30 07:00:56,42.98,4.73,3244.09,56.83,88.56
2020-11-30 08:00:56,46.18,4.7,4463.72,97.51,182.79
2020-11-30 09:00:56,48.93,5.44,3747.88,172.55,355.61
2020-11-30 10:00:56,87.09,9.3,3748.33,197.7,376.71
2020-11-30 11:00:56,89.45,28.73,2855.31,147.75,235.2
2020-11-30 12:00:56,81.61,78.41,2612.38,72.22,106.34
2020-11-30 13:00:56,67.74,223.66,2322.74,81.87,114.71
2020-11-30 14:00:56,72.57,72.45,3057.88,78.59,111.03
2020-11-30 15:00:56,66.53,28.05,3492.47,74.26,103.16
2020-11-30 16:00:56,68.85,19.42,3722.83,125.8,173.25
2020-11-30 17:00:56,72.18,16.91,4835.01,224.41,337.47
2020-11-30 18:00:56,131.78,10.39,3763.3,199.19,285.96
2020-11-30 19:00:56,133.71,8.63,3871.67,167.69,239.85
2020-11-30 20:00:56,136.19,7.66,4716.39,208.88,314.19
2020-11-30 21:00:56,123.28,7.28,4682.85,236.33,372.35
2020-11-30 22:00:56,145.66,7.01,4820.85,213.15,332.13
2020-11-30 23:00:56,139.82,6.23,4932.15,157.94,243.23
2020-12-01 00:00:56,124.98,5.77,4561.42,104.34,151.07
2020-12-01 01:00:56,113.94,6.26,3748.75,76.05,103.18
2020-12-01 02:00:56,90.2,0.0,3417.75,74.31,108.39
2020-12-01 03:00:56,79.72,13.22,2633.49,88.28,126.48
2020-12-01 04:00:56,75.73,21.06,2691.95,60.54,84.18
2020-12-01 05:00:56,63.89,15.04,2659.76,41.19,62.61
2020-12-01 06:00:56,56.95,8.89,2599.43,65.76,98.55
2020-12-01 07:00:56,49.22,7.21,2872.25,98.79,151.56
2020-12-01 08:00:56,49.78,7.82,3560.32,110.08,174.21
2020-12-01 09:00:56,56.93,8.71,3534.6,171.21,321.27
2020-12-01 10:00:56,80.56,15.77,3076.76,132.88,233.04
2020-12-01 11:00:56,87.9,30.98,2915.51,123.2,192.77
2020-12-01 12:00:56,84.39,23.56,2498.7,93.13,137.55
2020-12-01 13:00:56,68.51,19.55,2141.11,56.17,84.23
2020-12-01 14:00:56,58.35,51.38,2988.91,55.98,83.59
2020-12-01 15:00:56,46.23,24.8,3091.7,56.08,82.83
2020-12-01 16:00:56,56.96,15.52,3174.85,68.73,95.68
2020-12-01 17:00:56,54.05,12.93,3777.27,161.23,214.23
2020-12-01 18:00:56,79.01,11.6,3556.38,187.93,254.56
2020-12-01 19:00:56,104.54,10.65,3399.68,138.6,177.14
2020-12-01 20:00:56,88.78,9.51,3937.94,160.0,215.44
2020-12-01 21:00:56,79.86,8.51,3837.4,165.98,227.05
2020-12-01 22:00:56,88.78,8.01,4786.56,126.38,159.12
2020-12-01 23:00:56,91.04,6.71,3648.07,99.34,125.82
2020-12-02 00:00:56,83.91,6.14,3350.96,91.99,116.85
2020-12-02 01:00:56,70.94,5.7,3422.32,83.34,109.44
2020-12-02 02:00:56,59.37,0.0,3272.6,124.76,179.03
2020-12-02 03:00:56,58.26,5.7,3095.51,63.25,87.45
2020-12-02 04:00:56,49.58,5.51,3165.69,51.03,71.41
2020-12-02 05:00:56,41.69,5.06,3274.42,48.39,73.23
2020-12-02 06:00:56,51.6,4.92,3024.5,30.66,50.65
2020-12-02 07:00:56,33.51,5.11,3154.97,88.29,125.26
2020-12-02 08:00:56,27.19,4.95,3762.06,100.76,144.27
2020-12-02 09:00:56,33.41,5.14,3733.76,139.65,211.63
2020-12-02 10:00:56,54.0,5.65,3802.58,197.25,298.59
2020-12-02 11:00:56,52.31,7.41,3458.34,146.52,210.17
2020-12-02 12:00:56,72.76,16.61,3374.43,86.56,116.58
2020-12-02 13:00:56,67.47,47.92,3315.31,92.4,121.53
2020-12-02 14:00:56,65.79,66.14,3273.83,83.46,112.31
2020-12-02 15:00:56,69.45,24.55,3340.07,105.32,136.58
2020-12-02 16:00:56,66.6,11.34,3558.58,129.55,166.63
2020-12-02 17:00:56,55.39,9.46,3659.32,138.94,180.08
2020-12-02 18:00:56,57.79,7.7,4969.38,165.91,221.06
2020-12-02 19:00:56,75.93,7.33,3542.64,157.98,216.27
2020-12-02 20:00:56,80.37,6.74,3296.97,138.35,188.33
2020-12-02 21:00:56,77.31,6.41,3879.67,148.71,207.28
2020-12-02 22:00:56,80.39,6.27,3976.74,126.43,174.35
2020-12-02 23:00:56,81.25,5.43,3511.26,88.7,116.68
2020-12-03 00:00:56,73.4,5.4,3323.28,67.44,92.85
2020-12-03 01:00:56,62.6,4.94,3035.37,63.34,84.74
2020-12-03 02:00:56,50.66,0.0,3385.98,85.14,121.69
2020-12-03 03:00:56,39.48,5.05,3411.03,107.64,156.89
2020-12-03 04:00:56,51.79,4.63,3663.57,90.44,128.18
2020-12-03 05:00:56,50.31,4.65,3520.41,46.03,69.44
2020-12-03 06:00:56,43.98,4.52,3496.48,31.85,53.66
2020-12-03 07:00:56,41.15,4.69,3482.3,46.3,71.52
2020-12-03 08:00:56,38.27,4.46,3739.65,92.05,139.99
2020-12-03 09:00:56,47.32,4.87,5070.31,209.52,328.45
2020-12-03 10:00:56,69.38,5.47,4439.29,193.09,295.61
2020-12-03 11:00:56,85.33,6.29,3461.59,131.42,194.36
2020-12-03 12:00:56,112.34,13.79,3150.6,61.24,87.28
2020-12-03 13:00:56,81.35,15.05,2929.13,39.28,62.78
2020-12-03 14:00:56,43.83,10.86,2930.51,38.0,62.09
2020-12-03 15:00:56,39.09,9.18,3038.22,34.82,56.8
2020-12-03 16:00:56,47.71,9.05,3198.64,61.9,88.24
2020-12-03 17:00:56,61.56,7.56,3191.45,81.57,103.77
2020-12-03 18:00:56,56.11,5.95,3490.64,100.12,131.75
2020-12-03 19:00:56,62.87,5.86,3590.66,132.33,177.54
2020-12-03 20:00:56,79.15,5.69,4041.17,166.51,227.64
2020-12-03 21:00:56,74.29,4.92,3986.48,127.24,172.52
2020-12-03 22:00:56,66.23,3.83,3420.21,135.56,187.05
2020-12-03 23:00:56,62.14,4.56,3284.74,76.13,99.96
2020-12-04 00:00:56,60.86,4.31,3568.78,53.04,76.59
2020-12-04 01:00:56,66.73,3.96,3268.12,49.33,75.6
2020-12-04 02:00:56,65.41,0.0,3525.24,41.62,64.75
2020-12-04 03:00:56,67.47,4.26,3351.97,29.73,51.07
2020-12-04 04:00:56,55.79,4.21,3060.71,26.22,46.66
2020-12-04 05:00:56,41.76,4.51,2784.65,57.61,96.41
2020-12-04 06:00:56,50.51,4.25,3146.52,30.68,53.39
2020-12-04 07:00:56,39.53,4.17,2614.76,37.81,65.73
2020-12-04 08:00:56,35.35,4.25,2835.33,92.75,166.34
2020-12-04 09:00:56,36.63,4.73,3349.27,161.56,312.58
2020-12-04 10:00:56,55.22,4.81,3387.69,153.07,281.06
2020-12-04 11:00:56,69.01,5.73,3038.49,112.2,173.31
2020-12-04 12:00:56,67.95,45.92,2580.25,61.39,91.3
2020-12-04 13:00:56,99.17,60.2,2194.01,48.59,75.08
2020-12-04 14:00:56,65.06,30.5,2531.74,53.79,82.74
2020-12-04 15:00:56,58.71,19.65,2982.58,45.55,69.62
2020-12-04 16:00:56,52.71,19.53,5046.47,96.11,129.37
2020-12-04 17:00:56,71.86,13.46,3848.41,215.42,299.2
2020-12-04 18:00:56,124.88,8.47,3571.02,128.65,164.9
2020-12-04 19:00:56,121.85,7.04,4756.15,183.38,258.74
2020-12-04 20:00:56,131.83,6.45,4550.47,251.77,375.93
2020-12-04 21:00:56,139.15,6.38,5303.52,308.55,0.0
2020-12-04 22:00:56,147.2,5.74,4320.89,225.33,344.54
2020-12-04 23:00:56,141.9,5.33,3736.14,125.86,174.95
2020-12-05 00:00:56,123.35,5.04,4137.24,73.88,105.23
2020-12-05 01:00:56,102.98,4.57,4224.87,58.81,85.99
2020-12-05 02:00:56,102.85,0.0,3533.09,57.85,84.84
2020-12-05 03:00:56,72.37,4.67,3064.89,46.78,69.74
2020-12-05 04:00:56,66.06,4.47,2737.56,34.01,55.33
2020-12-05 05:00:56,54.34,4.34,2699.25,42.13,63.43
2020-12-05 06:00:56,53.45,4.3,2919.34,44.29,66.82
2020-12-05 07:00:56,40.8,4.08,2765.3,36.9,60.31
2020-12-05 08:00:56,35.84,4.42,3088.63,66.07,114.17
2020-12-05 09:00:56,37.85,4.79,3018.05,114.74,205.93
2020-12-05 10:00:56,53.56,6.69,3012.43,153.66,264.24
2020-12-05 11:00:56,70.68,46.68,2553.18,128.78,204.87
2020-12-05 12:00:56,75.64,83.44,2218.25,77.61,111.59
2020-12-05 13:00:56,76.19,84.32,1972.4,47.22,72.35
2020-12-05 14:00:56,56.67,18.86,2662.74,40.97,64.25
2020-12-05 15:00:56,49.41,15.38,2691.12,51.83,75.02
2020-12-05 16:00:56,65.91,11.27,2715.53,63.09,86.72
2020-12-05 17:00:56,60.81,7.63,2846.91,74.91,98.2
2020-12-05 18:00:56,55.78,6.37,3538.13,97.27,120.77
2020-12-05 19:00:56,95.68,5.93,2934.35,124.55,155.75
2020-12-05 20:00:56,83.91,5.87,2986.68,111.66,144.66
2020-12-05 21:00:56,73.36,5.64,3172.77,163.98,217.76
2020-12-05 22:00:56,71.74,5.7,3424.93,134.84,176.62
2020-12-05 23:00:56,69.98,5.74,2834.61,90.51,117.6
2020-12-06 00:00:56,52.45,5.73,2845.05,47.62,68.11
2020-12-06 01:00:56,48.49,6.01,2788.01,46.36,66.55
2020-12-06 02:00:56,32.36,0.0,2651.24,58.91,81.83
2020-12-06 03:00:56,35.61,5.03,3023.17,83.86,105.13
2020-12-06 04:00:56,35.21,5.06,2816.13,61.75,81.65
2020-12-06 05:00:56,33.63,5.63,2681.56,33.0,52.99
2020-12-06 06:00:56,40.12,5.69,2638.28,28.89,48.6
2020-12-06 07:00:56,34.52,6.17,2584.74,39.06,58.94
2020-12-06 08:00:56,25.55,5.65,2755.6,63.87,85.98
2020-12-06 09:00:56,39.14,5.74,2924.28,88.71,114.14
2020-12-06 10:00:56,40.88,6.45,2751.14,49.35,71.66
2020-12-06 11:00:56,37.83,9.66,2694.73,67.86,95.7
2020-12-06 12:00:56,38.41,10.87,2540.99,34.16,56.21
2020-12-06 13:00:56,37.84,11.71,2487.74,34.01,56.74
2020-12-06 14:00:56,31.84,7.88,2618.28,25.64,46.72
2020-12-06 15:00:56,30.46,6.75,2636.58,31.4,52.68
2020-12-06 16:00:56,36.4,6.06,2509.91,44.37,66.67
2020-12-06 17:00:56,34.1,5.35,2516.53,35.33,56.18
2020-12-06 18:00:56,41.4,5.39,2748.45,54.6,76.66
2020-12-06 19:00:56,33.11,5.13,2512.86,28.74,48.88
2020-12-06 20:00:56,18.36,4.31,2576.03,24.52,45.13
2020-12-06 21:00:56,21.52,4.31,2915.59,80.17,103.65
2020-12-06 22:00:56,16.84,4.35,2593.13,45.34,65.81
2020-12-06 23:00:56,29.79,4.25,2967.68,54.39,75.12
2020-12-07 00:00:56,26.89,3.92,2798.63,52.09,73.38
2020-12-07 01:00:56,29.6,3.98,3011.63,40.05,60.98
2020-12-07 02:00:56,34.46,0.0,3032.34,55.6,77.46
2020-12-07 03:00:56,20.72,4.13,3037.2,40.36,62.08
2020-12-07 04:00:56,18.45,4.09,3138.32,41.12,63.08
2020-12-07 05:00:56,10.39,4.2,3202.95,91.54,127.72
2020-12-07 06:00:56,11.59,4.59,3271.9,99.49,140.49
2020-12-07 07:00:56,19.21,4.44,3452.28,113.86,163.77
2020-12-07 08:00:56,11.91,4.42,3664.28,154.71,220.7
2020-12-07 09:00:56,11.91,4.89,3637.36,264.49,384.68
2020-12-07 10:00:56,47.3,4.86,3416.9,138.69,197.25
2020-12-07 11:00:56,29.37,5.22,2940.08,100.01,137.85
2020-12-07 12:00:56,35.97,6.88,2563.37,46.37,71.94
2020-12-07 13:00:56,18.68,6.52,2563.41,38.45,63.16
2020-12-07 14:00:56,21.49,6.2,2844.38,43.08,67.98
2020-12-07 15:00:56,25.41,7.1,2708.64,43.89,68.4
2020-12-07 16:00:56,20.93,6.23,2871.83,80.03,113.57
2020-12-07 17:00:56,35.04,5.82,3079.11,100.15,132.2
2020-12-07 18:00:56,49.79,5.41,3829.91,147.51,194.31
2020-12-07 19:00:56,77.01,5.48,4265.88,190.3,259.21
2020-12-07 20:00:56,91.01,5.36,3846.8,203.29,286.3
2020-12-07 21:00:56,90.13,5.28,4118.09,176.65,247.48
2020-12-07 22:00:56,98.76,4.86,3329.84,158.04,224.25
2020-12-07 23:00:56,80.72,4.84,3378.2,163.95,241.34
2020-12-08 00:00:56,81.01,4.59,3097.24,66.38,95.21
2020-12-08 01:00:56,69.76,4.78,3019.78,69.39,97.14
2020-12-08 02:00:56,50.1,0.0,3096.95,53.41,80.03
2020-12-08 03:00:56,48.76,4.37,3179.7,31.14,52.01
2020-12-08 04:00:56,50.48,4.36,3393.3,48.53,72.49
2020-12-08 05:00:56,32.99,4.4,3207.79,31.63,53.44
2020-12-08 06:00:56,42.91,4.61,2957.42,32.06,52.96
2020-12-08 07:00:56,47.39,4.45,2988.68,35.91,58.35
2020-12-08 08:00:56,36.91,4.74,3447.43,100.14,146.06
2020-12-08 09:00:56,41.47,4.93,3527.05,194.76,290.66
2020-12-08 10:00:56,61.87,5.84,4099.64,357.4,0.0
2020-12-08 11:00:56,113.8,6.67,4058.3,285.64,0.0
2020-12-08 12:00:56,143.37,7.62,3327.25,163.66,231.37
2020-12-08 13:00:56,121.48,9.89,2537.15,82.19,111.45
2020-12-08 14:00:56,89.57,11.63,2588.06,56.07,79.57
2020-12-08 15:00:56,57.93,7.75,3132.53,83.83,113.02
2020-12-08 16:00:56,48.41,6.67,3438.04,129.63,168.96
2020-12-08 17:00:56,45.7,6.35,3344.38,158.69,210.18
2020-12-08 18:00:56,66.04,6.26,3390.82,189.74,262.58
2020-12-08 19:00:56,77.47,6.51,3765.47,256.6,367.9
2020-12-08 20:00:56,91.7,6.36,4155.06,239.96,340.87
2020-12-08 21:00:56,91.31,5.49,3521.98,132.26,178.45
2020-12-08 22:00:56,69.51,5.26,3243.46,89.09,115.28
2020-12-08 23:00:56,54.52,4.73,3056.84,52.88,74.4
2020-12-09 00:00:56,40.59,4.53,2786.72,42.44,62.93
2020-12-09 01:00:56,31.44,4.92,2984.22,42.9,63.55
2020-12-09 02:00:56,16.61,0.0,2958.72,41.36,64.33
2020-12-09 03:00:56,34.19,4.75,2912.06,27.94,48.0
2020-12-09 04:00:56,19.87,4.94,2979.2,33.5,53.91
2020-12-09 05:00:56,17.65,4.66,3143.77,64.05,85.71
2020-12-09 06:00:56,26.38,4.4,3011.71,59.63,80.58
2020-12-09 07:00:56,24.96,4.85,2932.3,109.01,149.92
2020-12-09 08:00:56,23.95,4.94,3156.65,183.21,260.61
2020-12-09 09:00:56,27.3,4.5,2948.98,206.04,288.05
2020-12-09 10:00:56,31.82,5.39,2945.76,150.82,207.38
2020-12-09 11:00:56,29.73,7.42,2671.63,40.8,63.97
2020-12-09 12:00:56,17.06,5.9,2648.5,27.96,50.01
2020-12-09 13:00:56,10.06,5.48,2670.42,28.5,49.86
2020-12-09 14:00:56,22.26,4.95,2658.17,27.98,49.76
2020-12-09 15:00:56,16.45,21.4,2656.04,53.23,79.03
2020-12-09 16:00:56,20.48,8.65,2674.7,76.02,103.88
2020-12-09 17:00:56,30.33,7.74,2957.21,98.01,128.36
2020-12-09 18:00:56,59.45,6.34,3796.25,174.34,226.94
2020-12-09 19:00:56,87.49,6.13,3714.16,219.42,302.08
2020-12-09 20:00:56,124.6,5.76,3741.13,178.74,245.05
2020-12-09 21:00:56,97.17,5.46,3381.89,201.16,286.54
2020-12-09 22:00:56,96.84,5.22,3807.43,101.57,135.74
2020-12-09 23:00:56,79.73,4.82,3561.89,91.94,128.05
2020-12-10 00:00:56,72.03,5.04,3981.78,126.72,180.06
2020-12-10 01:00:56,71.44,5.11,3734.44,133.08,184.19
2020-12-10 02:00:56,61.18,0.0,2990.4,64.71,87.4
2020-12-10 03:00:56,48.42,5.31,2841.07,60.61,82.2
2020-12-10 04:00:56,56.7,5.11,2751.12,37.08,58.39
2020-12-10 05:00:56,51.41,5.63,2597.64,34.94,55.84
2020-12-10 06:00:56,41.34,5.46,2547.7,47.74,71.69
2020-12-10 07:00:56,32.79,5.72,2587.14,85.57,125.31
2020-12-10 08:00:56,27.86,6.36,3121.42,198.3,335.08
2020-12-10 09:00:56,41.53,6.73,2983.84,219.03,373.87
2020-12-10 10:00:56,69.03,17.47,3361.92,228.3,388.0
2020-12-10 11:00:56,85.21,123.51,2338.35,229.47,367.15
2020-12-10 12:00:56,96.42,274.12,2150.35,91.65,131.15
2020-12-10 13:00:56,83.22,328.26,1732.7,101.55,0.0
2020-12-10 14:00:56,95.94,129.96,2372.27,84.26,0.0
2020-12-10 15:00:56,74.09,81.52,2640.79,121.47,164.12
2020-12-10 16:00:56,86.93,15.5,2566.83,62.76,88.36
2020-12-10 17:00:56,59.32,13.43,2719.94,78.11,109.33
2020-12-10 18:00:56,74.11,13.72,3106.85,94.73,121.61
2020-12-10 19:00:56,74.28,10.83,3432.07,141.0,183.74
2020-12-10 20:00:56,88.78,9.52,3169.98,131.34,172.56
2020-12-10 21:00:56,90.27,8.59,3447.66,197.85,302.4
2020-12-10 22:00:56,89.44,7.36,3814.27,134.54,191.35
2020-12-10 23:00:56,95.06,6.29,3916.26,83.65,111.85
2020-12-11 00:00:56,79.14,5.51,3729.49,76.22,102.69
2020-12-11 01:00:56,81.24,6.46,3319.82,101.03,132.8
2020-12-11 02:00:56,51.85,0.0,2789.25,52.54,74.25
2020-12-11 03:00:56,43.8,5.49,2628.29,80.92,115.14
2020-12-11 04:00:56,45.42,6.37,2581.34,77.84,102.45
2020-12-11 05:00:56,46.09,7.52,2516.74,77.72,102.32
2020-12-11 06:00:56,47.24,9.74,2141.96,88.6,117.99
2020-12-11 07:00:56,46.01,27.8,2116.06,71.8,95.18
2020-12-11 08:00:56,45.9,39.69,2040.98,95.75,136.43
2020-12-11 09:00:56,53.48,33.95,2207.19,108.33,155.05
2020-12-11 10:00:56,44.09,22.99,2125.72,112.79,176.03
2020-12-11 11:00:56,50.95,14.98,1978.55,32.22,55.3
2020-12-11 12:00:56,26.8,12.34,1649.59,38.65,67.23
2020-12-11 13:00:56,15.42,10.86,2087.34,36.1,59.82
2020-12-11 14:00:56,28.41,11.78,2345.64,38.47,60.81
2020-12-11 15:00:56,24.33,12.66,2363.45,48.27,71.42
2020-12-11 16:00:56,38.29,13.32,2412.87,112.08,154.04
2020-12-11 17:00:56,53.08,12.8,2642.94,63.57,87.9
2020-12-11 18:00:56,52.43,14.72,2576.35,115.56,166.81
2020-12-11 19:00:56,43.97,15.2,2321.29,83.34,108.97
2020-12-11 20:00:56,46.18,13.11,2393.47,36.82,57.89
2020-12-11 21:00:56,30.68,12.82,2526.48,44.77,66.54
2020-12-11 22:00:56,22.42,10.77,2598.51,74.76,98.46
2020-12-11 23:00:56,35.17,9.59,2553.26,78.18,99.29
2020-12-12 00:00:56,37.29,9.09,2645.24,72.08,93.58
2020-12-12 01:00:56,47.42,8.47,2774.8,44.93,66.42
2020-12-12 02:00:56,39.59,0.0,2670.26,40.93,61.24
2020-12-12 03:00:56,31.45,8.15,2628.81,50.34,70.86
2020-12-12 04:00:56,22.03,12.21,2677.45,38.17,59.72
2020-12-12 05:00:56,23.05,12.09,2529.86,21.93,42.25
2020-12-12 06:00:56,13.83,12.12,2471.9,19.09,39.13
2020-12-12 07:00:56,18.6,12.03,2436.04,24.32,44.96
2020-12-12 08:00:56,23.13,8.44,2866.11,73.87,102.42
2020-12-12 09:00:56,31.19,8.6,2585.96,96.37,136.79
2020-12-12 10:00:56,30.36,9.48,2761.19,146.84,221.97
2020-12-12 11:00:56,53.65,11.38,3027.86,114.28,159.92
2020-12-12 12:00:56,72.65,14.49,2848.83,112.84,152.34
2020-12-12 13:00:56,81.94,15.12,3165.43,139.39,184.52
2020-12-12 14:00:56,86.24,14.46,3496.11,199.65,275.06
2020-12-12 15:00:56,135.1,15.18,3372.91,164.94,220.41
2020-12-12 16:00:56,136.75,14.91,3260.1,163.58,220.74
2020-12-12 17:00:56,129.79,12.66,3591.71,132.49,165.22
2020-12-12 18:00:56,142.67,11.85,3765.87,176.89,229.87
2020-12-12 19:00:56,169.81,11.09,4287.82,168.16,221.65
2020-12-12 20:00:56,189.67,10.81,4245.1,167.39,227.21
2020-12-12 21:00:56,191.6,10.13,3760.41,139.07,182.02
2020-12-12 22:00:56,176.46,9.59,3361.14,113.84,147.39
2020-12-12 23:00:56,137.89,10.34,3347.62,191.15,281.93
2020-12-13 00:00:56,125.59,13.66,2346.23,70.54,97.11
2020-12-13 01:00:56,77.68,16.9,2500.95,21.14,41.62
2020-12-13 02:00:56,40.93,0.0,2334.4,19.55,40.06
2020-12-13 03:00:56,37.75,17.82,2222.26,18.52,38.52
2020-12-13 04:00:56,34.73,18.16,2224.86,18.16,38.29
2020-12-13 05:00:56,29.15,17.97,2192.01,18.84,38.85
2020-12-13 06:00:56,30.9,16.26,2287.24,18.14,38.48
2020-12-13 07:00:56,44.08,13.39,2389.51,39.97,60.49
2020-12-13 08:00:56,34.15,11.38,2524.09,102.2,133.26
2020-12-13 09:00:56,49.73,11.01,2837.45,124.26,168.49
2020-12-13 10:00:56,50.7,12.31,2966.51,104.54,142.05
2020-12-13 11:00:56,71.54,15.06,2999.31,82.19,109.59
2020-12-13 12:00:56,79.46,13.09,2412.16,63.04,89.74
2020-12-13 13:00:56,73.35,10.76,2224.15,23.11,43.35
2020-12-13 14:00:56,43.59,10.37,2381.51,28.33,49.24
2020-12-13 15:00:56,35.7,12.98,2804.58,131.19,182.83
2020-12-13 16:00:56,79.86,13.93,3382.57,168.06,224.23
2020-12-13 17:00:56,122.9,13.23,3712.53,193.05,265.79
2020-12-13 18:00:56,152.62,12.91,3754.48,135.9,172.94
2020-12-13 19:00:56,153.54,11.74,3619.75,149.62,197.91
2020-12-13 20:00:56,160.73,11.96,3575.04,143.24,190.0
2020-12-13 21:00:56,138.72,11.25,3459.18,141.58,194.97
2020-12-13 22:00:56,145.0,10.73,3659.39,136.72,189.06
2020-12-13 23:00:56,134.41,10.31,3357.2,110.34,148.3
2020-12-14 00:00:56,106.34,7.66,2895.92,98.74,129.01
2020-12-14 01:00:56,84.28,9.64,2657.86,48.08,69.8
2020-12-14 02:00:56,44.07,0.0,2502.48,41.21,61.74
2020-12-14 03:00:56,47.09,9.67,2515.49,46.84,66.95
2020-12-14 04:00:56,38.16,10.02,2477.44,44.74,65.46
2020-12-14 05:00:56,45.99,9.68,2240.65,34.43,54.6
2020-12-14 06:00:56,29.67,13.86,2208.61,22.03,42.13
2020-12-14 07:00:56,29.77,13.45,2261.19,41.48,62.79
2020-12-14 08:00:56,18.82,8.26,2918.92,118.37,170.23
2020-12-14 09:00:56,31.28,9.36,2930.98,207.27,314.37
2020-12-14 10:00:56,80.18,12.28,2788.48,135.52,198.66
2020-12-14 11:00:56,80.5,19.68,3196.79,155.47,222.48
2020-12-14 12:00:56,90.26,19.43,3723.55,307.6,0.0
2020-12-14 13:00:56,158.86,18.97,2924.14,223.26,309.84
2020-12-14 14:00:56,135.73,14.34,3155.16,195.25,265.35
2020-12-14 15:00:56,126.19,11.88,2496.28,76.27,102.14
2020-12-14 16:00:56,105.84,9.91,2756.48,101.33,132.02
2020-12-14 17:00:56,109.07,10.04,3977.7,229.98,313.59
2020-12-14 18:00:56,140.47,9.98,4394.13,378.78,0.0
2020-12-14 19:00:56,199.93,9.48,4048.35,369.35,0.0
2020-12-14 20:00:56,238.04,10.71,4064.7,399.2,0.0
2020-12-14 21:00:56,220.49,10.36,3328.16,227.17,324.81
2020-12-14 22:00:56,172.24,9.5,3183.88,133.29,173.88
2020-12-14 23:00:56,113.09,8.1,3493.1,143.47,202.06
2020-12-15 00:00:56,83.05,7.42,3315.26,59.58,81.98
2020-12-15 01:00:56,74.33,6.95,3028.87,50.22,73.51
2020-12-15 02:00:56,48.85,0.0,3100.18,89.08,123.63
2020-12-15 03:00:56,40.53,6.75,2987.1,83.42,112.09
2020-12-15 04:00:56,47.96,6.16,2811.27,76.94,107.05
2020-12-15 05:00:56,31.8,6.15,2958.2,69.6,94.65
2020-12-15 06:00:56,36.7,6.44,2800.73,55.05,77.4
2020-12-15 07:00:56,41.15,6.41,2840.34,80.61,117.67
2020-12-15 08:00:56,31.63,6.37,3492.02,149.57,225.08
2020-12-15 09:00:56,39.82,7.14,3114.18,266.35,0.0
2020-12-15 10:00:56,55.51,7.13,3648.66,149.89,216.96
2020-12-15 11:00:56,65.22,8.84,4074.05,178.39,255.7
2020-12-15 12:00:56,72.57,13.07,4077.59,123.37,173.27
2020-12-15 13:00:56,60.41,11.49,2830.13,127.41,175.13
2020-12-15 14:00:56,82.2,12.79,3166.4,178.71,243.87
2020-12-15 15:00:56,70.96,11.13,3189.34,176.69,240.01
2020-12-15 16:00:56,74.14,9.33,3024.87,136.36,183.19
2020-12-15 17:00:56,83.77,9.08,3513.8,124.35,161.79
2020-12-15 18:00:56,87.89,9.19,4010.64,167.05,227.72
2020-12-15 19:00:56,89.73,8.85,3418.47,181.15,255.84
2020-12-15 20:00:56,108.13,7.84,3733.48,164.22,230.22
2020-12-15 21:00:56,80.19,7.26,3337.76,97.31,131.68
2020-12-15 22:00:56,74.0,6.82,3285.4,85.49,117.01
2020-12-15 23:00:56,73.04,6.28,2852.47,45.21,66.65
2020-12-16 00:00:56,48.9,6.03,2944.25,45.42,68.06
2020-12-16 01:00:56,42.03,5.38,2788.67,71.76,100.2
2020-12-16 02:00:56,50.86,0.0,2715.48,52.54,73.4
2020-12-16 03:00:56,26.78,6.03,2570.0,42.55,63.73
2020-12-16 04:00:56,33.97,5.93,2531.24,26.85,47.02
2020-12-16 05:00:56,36.78,5.7,2659.78,27.7,48.14
2020-12-16 06:00:56,31.29,2.28,2555.82,28.82,49.89
2020-12-16 07:00:56,22.77,5.31,2451.76,27.87,48.68
2020-12-16 08:00:56,15.09,4.65,2510.09,41.81,65.45
2020-12-16 09:00:56,15.68,5.06,2742.28,49.94,74.56
2020-12-16 10:00:56,36.81,4.75,2570.86,79.22,107.76
2020-12-16 11:00:56,36.35,4.73,2589.9,71.67,99.8
2020-12-16 12:00:56,34.09,5.01,2573.14,77.0,105.87
2020-12-16 13:00:56,39.94,5.15,2577.47,89.29,121.44
2020-12-16 14:00:56,51.96,5.52,2560.11,83.3,114.04
2020-12-16 15:00:56,50.48,5.6,2644.32,80.66,111.59
2020-12-16 16:00:56,41.61,5.44,2568.34,84.67,115.18
2020-12-16 17:00:56,49.03,5.14,2667.48,104.74,139.37
2020-12-16 18:00:56,51.74,5.31,2735.8,117.32,152.99
2020-12-16 19:00:56,58.32,6.44,2744.22,118.16,154.76
2020-12-16 20:00:56,50.52,6.27,2710.97,137.59,186.68
2020-12-16 21:00:56,37.4,6.25,2708.25,109.51,144.7
2020-12-16 22:00:56,52.42,6.79,934.04,83.3,111.9
2020-12-16 23:00:56,43.11,6.57,2503.54,50.64,72.72
2020-12-17 00:00:56,27.0,5.07,2365.91,44.07,65.44
2020-12-17 01:00:56,37.69,4.8,2408.34,51.81,72.01
2020-12-17 02:00:56,20.49,0.0,2381.61,40.08,60.0
2020-12-17 03:00:56,15.07,4.5,2372.11,27.2,47.08
2020-12-17 04:00:56,19.42,4.5,2392.78,21.67,41.34
2020-12-17 05:00:56,10.6,4.27,2466.62,26.97,46.82
2020-12-17 06:00:56,12.73,4.21,2500.67,31.54,54.38
2020-12-17 07:00:56,19.08,4.06,2513.89,35.62,55.8
2020-12-17 08:00:56,15.53,4.17,2621.42,76.47,106.42
2020-12-17 09:00:56,21.92,4.42,2441.42,111.11,157.12
2020-12-17 10:00:56,19.61,5.0,2660.61,63.34,90.46
2020-12-17 11:00:56,20.74,7.91,2160.02,36.1,60.04
2020-12-17 12:00:56,14.5,9.82,2223.63,34.68,57.89
2020-12-17 13:00:56,26.99,18.45,2255.89,62.63,90.69
2020-12-17 14:00:56,67.47,9.23,2290.3,53.2,79.95
2020-12-17 15:00:56,43.96,8.71,2243.2,54.52,81.56
2020-12-17 16:00:56,34.49,6.5,2744.57,64.73,92.79
2020-12-17 17:00:56,35.24,5.38,2253.89,56.83,80.54
2020-12-17 18:00:56,31.16,4.95,2479.77,73.05,99.83
2020-12-17 19:00:56,28.5,3.98,2568.76,68.66,94.17
2020-12-17 20:00:56,17.84,3.7,2517.0,52.44,73.05
2020-12-17 21:00:56,37.18,5.12,2500.35,36.55,56.56
2020-12-17 22:00:56,19.93,5.06,3012.05,47.95,69.5
2020-12-17 23:00:56,25.18,4.89,2676.79,37.4,57.85
2020-12-18 00:00:56,31.3,4.46,2599.49,31.26,51.89
2020-12-18 01:00:56,23.17,4.38,2474.03,26.07,46.22
2020-12-18 02:00:56,19.82,4.49,2353.4,23.12,42.94
2020-12-18 03:00:56,13.97,4.22,2261.86,19.74,39.55
2020-12-18 04:00:56,13.33,3.68,2181.18,21.58,41.01
2020-12-18 05:00:56,16.84,4.31,2252.74,27.57,47.33
2020-12-18 06:00:56,16.79,3.89,2240.1,21.39,41.45
2020-12-18 07:00:56,12.39,3.84,2211.7,35.56,56.81
2020-12-18 08:00:56,11.51,4.25,2713.67,63.23,95.05
2020-12-18 09:00:56,15.83,4.52,2758.32,125.55,185.95
2020-12-18 10:00:56,34.86,4.36,3044.57,91.98,131.54
2020-12-18 11:00:56,44.45,5.78,2434.19,60.54,88.99
2020-12-18 12:00:56,33.67,7.27,2495.69,42.07,69.15
2020-12-18 13:00:56,27.07,6.57,2217.83,30.6,53.43
2020-12-18 14:00:56,15.66,5.91,2257.75,54.97,84.13
2020-12-18 15:00:56,32.18,6.17,2165.21,70.89,101.5
2020-12-18 16:00:56,25.39,5.43,2466.06,54.12,79.08
2020-12-18 17:00:56,39.36,4.84,2425.07,70.45,98.43
2020-12-18 18:00:56,40.21,4.62,2507.47,74.02,99.36
2020-12-18 19:00:56,44.57,4.98,2692.54,112.62,147.68
2020-12-18 20:00:56,46.3,4.66,2551.6,78.45,103.82
2020-12-18 21:00:56,45.0,4.58,3022.97,107.52,144.77
2020-12-18 22:00:56,35.23,4.33,2552.33,66.58,89.77
2020-12-18 23:00:56,45.66,4.42,2594.6,43.68,65.14
2020-12-19 00:00:56,39.87,4.24,3426.26,71.59,97.76
2020-12-19 01:00:56,28.06,4.4,2899.46,108.87,150.0
2020-12-19 02:00:56,32.06,0.0,2715.96,69.59,98.29
2020-12-19 03:00:56,34.93,4.34,2422.91,63.79,87.85
2020-12-19 04:00:56,23.26,4.22,2575.76,67.42,90.74
2020-12-19 05:00:56,43.76,4.04,2392.37,48.27,69.45
2020-12-19 06:00:56,23.5,3.74,2434.59,44.7,65.3
2020-12-19 07:00:56,22.76,4.5,2429.51,33.89,54.2
2020-12-19 08:00:56,16.54,4.33,2599.76,61.58,88.36
2020-12-19 09:00:56,25.13,4.24,2550.9,84.12,116.37
2020-12-19 10:00:56,30.78,5.16,2332.76,153.16,225.98
2020-12-19 11:00:56,63.74,4.72,2371.19,64.11,89.1
2020-12-19 12:00:56,42.96,4.83,2473.18,71.09,96.11
2020-12-19 13:00:56,39.71,4.85,2498.26,53.12,76.08
2020-12-19 14:00:56,30.38,4.8,2366.18,56.69,80.01
2020-12-19 15:00:56,26.93,4.51,2373.19,49.39,73.26
2020-12-19 16:00:56,34.57,4.7,2347.9,72.86,102.49
2020-12-19 17:00:56,21.6,4.62,2559.2,72.3,94.88
2020-12-19 18:00:56,26.52,4.18,2770.55,56.52,76.59
2020-12-19 19:00:56,33.71,4.12,2650.43,62.12,82.98
2020-12-19 20:00:56,22.4,4.24,2846.82,44.0,65.17
2020-12-19 21:00:56,30.28,4.16,2872.61,49.99,72.9
2020-12-19 22:00:56,35.9,4.35,2602.51,65.47,90.32
2020-12-19 23:00:56,46.04,4.08,2608.17,52.23,75.31
2020-12-20 00:00:56,32.48,3.37,3025.03,98.89,148.25
2020-12-20 01:00:56,39.48,2.97,2968.47,85.39,121.65
2020-12-20 02:00:56,28.63,0.0,2776.85,56.26,77.04
2020-12-20 03:00:56,35.43,3.89,2773.46,31.14,51.61
2020-12-20 04:00:56,21.09,3.9,2630.67,25.67,46.0
2020-12-20 05:00:56,26.38,4.06,2761.43,32.78,53.97
2020-12-20 06:00:56,14.21,4.79,2318.24,86.54,126.17
2020-12-20 07:00:56,10.88,4.13,2666.27,98.37,155.55
2020-12-20 08:00:56,16.71,3.86,2223.21,98.79,157.81
2020-12-20 09:00:56,18.54,4.16,2250.18,125.08,225.49
2020-12-20 10:00:56,20.29,3.61,2398.55,100.64,175.36
2020-12-20 11:00:56,37.76,16.58,2136.18,59.16,89.62
2020-12-20 12:00:56,20.31,60.96,1909.26,50.94,83.2
2020-12-20 13:00:56,28.42,233.72,1899.5,29.33,52.12
2020-12-20 14:00:56,37.4,96.63,1390.26,36.86,61.4
2020-12-20 15:00:56,61.06,17.31,1729.82,34.84,58.45
2020-12-20 16:00:56,41.86,9.17,2226.82,37.83,60.79
2020-12-20 17:00:56,32.69,8.73,2556.34,43.97,65.5
2020-12-20 18:00:56,49.23,6.86,2643.13,41.84,61.93
2020-12-20 19:00:56,35.86,6.83,2858.61,60.79,81.3
2020-12-20 20:00:56,41.35,6.82,2592.76,46.84,67.53
2020-12-20 21:00:56,29.95,7.12,2530.53,44.27,64.9
2020-12-20 22:00:56,34.1,6.58,2414.04,36.82,57.13
2020-12-20 23:00:56,22.23,5.18,2395.05,33.88,53.7
2020-12-21 00:00:56,18.65,5.58,2515.46,64.45,89.01
2020-12-21 01:00:56,25.53,5.43,2291.43,33.52,54.53
2020-12-21 02:00:56,19.78,0.0,2346.88,21.59,41.83
2020-12-21 03:00:56,12.52,4.36,2394.74,19.19,39.21
2020-12-21 04:00:56,13.41,4.44,2436.48,22.42,42.6
2020-12-21 05:00:56,10.51,4.66,2434.03,26.01,45.91
2020-12-21 06:00:56,12.07,4.86,2443.84,49.99,72.33
2020-12-21 07:00:56,7.2,4.96,2535.16,52.51,74.39
2020-12-21 08:00:56,10.07,4.83,2778.18,111.21,164.07
2020-12-21 09:00:56,28.07,5.3,2470.2,113.93,160.43
2020-12-21 10:00:56,38.5,5.44,2748.05,122.32,169.12
2020-12-21 11:00:56,52.42,5.42,2751.55,94.2,128.23
2020-12-21 12:00:56,58.15,12.42,2295.66,89.16,126.62
2020-12-21 13:00:56,42.17,6.7,2468.26,56.25,82.03
2020-12-21 14:00:56,27.04,5.37,2574.0,45.19,68.73
2020-12-21 15:00:56,20.13,4.8,2555.41,62.97,90.49
2020-12-21 16:00:56,12.37,4.46,2668.18,100.4,142.19
2020-12-21 17:00:56,22.1,4.81,2760.23,106.77,141.08
2020-12-21 18:00:56,14.52,4.59,2651.54,78.07,102.13
2020-12-21 19:00:56,29.66,4.72,2946.02,100.03,129.51
2020-12-21 20:00:56,37.03,4.23,2833.69,70.39,93.55
2020-12-21 21:00:56,21.02,4.5,2694.51,46.61,67.82
2020-12-21 22:00:56,22.59,3.91,2568.57,28.74,48.61
2020-12-21 23:00:56,16.45,4.38,2526.5,22.57,42.08
2020-12-22 00:00:56,11.58,4.59,2766.4,25.86,45.55
2020-12-22 01:00:56,34.28,4.3,2605.86,49.13,72.23
2020-12-22 02:00:56,31.05,0.0,2607.27,72.28,95.87
2020-12-22 03:00:56,26.63,4.15,2577.69,30.55,50.21
2020-12-22 04:00:56,23.17,4.03,2629.72,34.52,54.73
2020-12-22 05:00:56,14.06,4.3,2611.78,34.8,55.27
2020-12-22 06:00:56,17.23,4.12,2261.88,32.71,53.44
2020-12-22 07:00:56,10.69,4.72,2030.9,33.72,55.72
2020-12-22 08:00:56,8.11,4.55,1973.33,60.3,87.38
2020-12-22 09:00:56,4.11,4.15,2033.24,97.09,135.5
2020-12-22 10:00:56,3.21,4.56,1982.77,117.99,165.99
2020-12-22 11:00:56,14.85,5.15,1917.46,118.67,168.04
2020-12-22 12:00:56,29.94,4.92,1959.36,58.83,85.35
2020-12-22 13:00:56,16.53,4.57,2116.92,47.96,72.59
2020-12-22 14:00:56,9.2,5.94,2522.73,44.22,71.14
2020-12-22 15:00:56,18.66,6.03,2090.46,66.55,99.34
2020-12-22 16:00:56,21.08,5.43,2209.71,99.85,137.95
2020-12-22 17:00:56,23.01,5.96,2315.13,74.95,102.54
2020-12-22 18:00:56,32.05,6.46,2109.68,84.81,117.16
2020-12-22 19:00:56,37.89,5.86,2279.34,77.53,108.45
2020-12-22 20:00:56,33.73,5.65,1971.32,76.47,105.9
2020-12-22 21:00:56,19.58,5.17,2053.06,73.6,102.3
2020-12-22 22:00:56,22.51,5.35,2120.0,58.53,83.45
2020-12-22 23:00:56,17.35,4.76,2373.71,55.54,79.97
2020-12-23 00:00:56,21.83,4.53,2532.98,53.51,82.35
2020-12-23 01:00:56,19.44,4.64,2261.21,54.95,81.62
2020-12-23 02:00:56,17.76,0.0,2175.26,37.33,57.98
2020-12-23 03:00:56,10.12,4.25,1946.42,37.51,60.73
2020-12-23 04:00:56,16.1,5.69,1908.73,17.22,37.75
2020-12-23 05:00:56,8.27,5.63,1923.84,15.35,35.6
2020-12-23 06:00:56,5.15,5.07,1833.19,21.14,41.89
2020-12-23 07:00:56,3.11,5.46,1902.01,55.49,87.53
2020-12-23 08:00:56,8.49,5.3,1975.17,41.5,65.45
2020-12-23 09:00:56,5.32,4.51,2208.07,116.21,174.28
2020-12-23 10:00:56,24.97,6.12,2318.58,122.76,183.35
2020-12-23 11:00:56,47.35,7.0,1989.59,72.06,110.99
2020-12-23 12:00:56,40.29,7.82,1976.84,63.13,100.62
2020-12-23 13:00:56,35.94,6.89,2059.71,64.51,104.04
2020-12-23 14:00:56,28.46,6.6,1928.58,50.97,82.38
2020-12-23 15:00:56,32.33,5.66,1917.65,52.91,83.12
2020-12-23 16:00:56,34.84,6.12,2102.64,73.39,107.25
2020-12-23 17:00:56,39.81,5.87,2145.08,77.34,109.33
2020-12-23 18:00:56,36.11,5.7,2067.78,71.19,99.34
2020-12-23 19:00:56,33.71,5.63,2133.13,79.23,109.5
2020-12-23 20:00:56,32.46,5.57,2235.38,73.84,99.72
2020-12-23 21:00:56,18.34,5.67,2030.26,66.5,92.68
2020-12-23 22:00:56,21.61,5.64,2022.74,74.29,106.83
2020-12-23 23:00:56,20.33,5.61,1798.32,48.87,71.05
2020-12-24 00:00:56,21.0,5.4,2066.37,50.23,74.59
2020-12-24 01:00:56,12.26,5.28,2036.68,56.98,81.7
2020-12-24 02:00:56,13.59,0.0,1940.95,33.81,54.67
2020-12-24 03:00:56,8.73,5.38,1899.91,26.77,47.37
2020-12-24 04:00:56,9.5,5.22,1988.08,30.26,50.56
2020-12-24 05:00:56,6.95,4.91,2054.05,44.12,65.81
2020-12-24 06:00:56,4.21,4.77,1991.74,60.46,85.04
2020-12-24 07:00:56,19.12,4.8,1923.69,73.56,109.47
2020-12-24 08:00:56,28.6,4.96,2426.04,110.22,190.77
2020-12-24 09:00:56,22.85,5.05,2307.1,143.3,242.39
2020-12-24 10:00:56,36.04,9.21,2466.81,119.91,191.01
2020-12-24 11:00:56,55.21,15.65,1930.52,63.67,104.77
2020-12-24 12:00:56,37.63,6.27,1942.34,32.99,61.28
2020-12-24 13:00:56,29.16,5.66,1725.2,26.94,52.64
2020-12-24 14:00:56,16.6,5.39,1438.58,36.06,62.91
2020-12-24 15:00:56,9.93,5.5,1254.45,26.75,47.83
2020-12-24 16:00:56,7.58,5.22,1176.98,31.67,51.44
2020-12-24 17:00:56,19.03,7.53,2229.63,104.86,157.72
2020-12-24 18:00:56,49.39,6.93,2310.16,180.41,332.69
2020-12-24 19:00:56,119.85,5.69,2356.08,103.2,147.1
2020-12-24 20:00:56,102.32,7.47,2610.24,181.37,350.85
2020-12-24 21:00:56,100.42,6.84,3140.07,180.95,330.73
2020-12-24 22:00:56,107.02,6.69,2725.36,167.17,328.41
2020-12-24 23:00:56,106.27,7.43,2814.18,136.93,229.57
2020-12-25 00:00:56,100.6,10.91,2389.47,76.1,104.17
2020-12-25 01:00:56,67.77,9.69,2385.5,94.26,130.47
2020-12-25 02:00:56,70.67,0.0,2233.62,79.52,104.88
2020-12-25 03:00:56,54.45,16.07,2173.38,75.26,98.31
2020-12-25 04:00:56,40.4,43.98,2001.87,59.73,82.89
2020-12-25 05:00:56,47.42,29.13,2104.16,61.87,83.76
2020-12-25 06:00:56,41.46,20.76,1935.36,27.05,47.68
2020-12-25 07:00:56,21.04,16.28,1943.88,32.59,54.83
2020-12-25 08:00:56,11.68,13.83,2040.88,67.22,97.03
2020-12-25 09:00:56,26.8,14.31,1766.47,37.17,62.26
2020-12-25 10:00:56,22.53,14.19,1942.97,42.26,71.04
2020-12-25 11:00:56,23.7,12.43,2030.92,27.97,52.03
2020-12-25 12:00:56,16.81,11.61,1909.5,43.52,74.03
2020-12-25 13:00:56,13.1,33.29,1707.46,54.43,86.72
2020-12-25 14:00:56,19.44,13.99,1670.3,35.41,59.06
2020-12-25 15:00:56,22.68,9.93,1508.14,37.38,60.13
2020-12-25 16:00:56,20.48,8.7,2069.79,40.81,72.1
2020-12-25 17:00:56,20.8,7.06,2376.09,43.7,70.65
2020-12-25 18:00:56,25.6,7.71,2506.05,53.18,80.89
2020-12-25 19:00:56,36.4,9.49,2917.37,124.36,173.36
2020-12-25 20:00:56,54.31,10.45,3906.36,219.18,354.9
2020-12-25 21:00:56,92.16,10.08,3265.39,193.53,305.82
2020-12-25 22:00:56,86.55,9.73,2819.34,126.76,188.36
2020-12-25 23:00:56,74.0,9.15,3157.41,84.53,108.09
2020-12-26 00:00:56,62.39,8.37,3110.68,135.61,193.63
2020-12-26 01:00:56,58.16,9.09,2703.92,65.02,88.51
2020-12-26 02:00:56,42.94,0.0,2574.83,62.33,85.04
2020-12-26 03:00:56,32.89,8.1,2560.32,47.92,68.87
2020-12-26 04:00:56,30.54,8.25,2494.76,27.63,48.19
2020-12-26 05:00:56,16.11,7.69,2376.51,22.35,42.68
2020-12-26 06:00:56,9.75,7.87,2454.48,20.3,40.48
2020-12-26 07:00:56,17.48,7.79,2426.42,32.1,53.59
2020-12-26 08:00:56,17.1,7.99,2454.38,41.19,63.31
2020-12-26 09:00:56,18.17,7.78,2401.0,57.85,82.02
2020-12-26 10:00:56,18.43,8.13,2700.63,89.56,126.38
2020-12-26 11:00:56,40.36,20.22,2637.19,119.88,178.03
2020-12-26 12:00:56,53.86,26.86,2343.33,72.74,110.27
2020-12-26 13:00:56,44.65,11.34,2193.04,28.07,49.58
2020-12-26 14:00:56,26.11,8.61,2358.87,23.03,43.99
2020-12-26 15:00:56,19.03,7.96,2316.91,24.23,45.16
2020-12-26 16:00:56,25.57,7.57,2508.55,41.39,65.38
2020-12-26 17:00:56,32.32,8.97,2756.87,59.88,82.92
2020-12-26 18:00:56,32.84,11.23,3543.42,110.69,145.21
2020-12-26 19:00:56,72.95,11.53,3317.22,144.77,188.83
2020-12-26 20:00:56,94.11,12.79,2445.64,84.96,111.34
2020-12-26 21:00:56,83.4,10.47,2337.95,36.26,58.45
2020-12-26 22:00:56,56.02,9.59,2425.91,25.42,46.2
2020-12-26 23:00:56,29.36,9.41,2673.02,42.88,63.06
2020-12-27 00:00:56,31.87,8.19,2816.64,74.48,96.71
2020-12-27 01:00:56,33.6,9.55,2321.21,55.3,76.63
2020-12-27 02:00:56,34.42,0.0,2554.27,57.57,82.15
2020-12-27 03:00:56,26.25,8.41,2280.13,30.36,50.68
2020-12-27 04:00:56,14.82,7.87,2332.54,19.16,39.22
2020-12-27 05:00:56,17.96,7.15,2257.4,21.46,41.46
2020-12-27 06:00:56,18.25,6.86,2291.02,20.1,39.89
2020-12-27 07:00:56,22.12,6.05,2220.96,17.66,37.6
2020-12-27 08:00:56,13.11,5.81,2418.11,30.1,51.28
2020-12-27 09:00:56,8.5,7.18,2340.58,47.21,71.57
2020-12-27 10:00:56,20.71,8.04,2257.02,65.25,97.33
2020-12-27 11:00:56,32.96,7.11,2330.74,28.36,50.04
2020-12-27 12:00:56,18.75,7.23,2380.9,23.8,44.54
2020-12-27 13:00:56,19.7,8.27,2410.03,24.71,46.1
2020-12-27 14:00:56,11.11,22.51,2397.39,21.2,41.88
2020-12-27 15:00:56,11.97,18.68,2273.17,36.4,61.04
2020-12-27 16:00:56,18.7,6.61,2328.09,39.65,61.69
2020-12-27 17:00:56,30.32,8.7,3561.21,99.08,124.89
2020-12-27 18:00:56,60.1,10.16,2796.92,103.79,128.94
2020-12-27 19:00:56,70.26,9.25,3169.64,82.19,108.68
2020-12-27 20:00:56,86.16,8.52,3198.29,143.19,194.18
2020-12-27 21:00:56,100.25,7.8,3354.92,142.72,191.35
2020-12-27 22:00:56,100.01,7.69,3309.45,85.8,110.75
2020-12-27 23:00:56,81.47,7.02,3383.11,68.95,92.67
2020-12-28 00:00:56,81.06,6.18,3350.02,94.99,124.01
2020-12-28 01:00:56,74.82,6.52,3096.19,71.73,95.83
2020-12-28 02:00:56,69.58,0.0,2961.43,62.98,89.33
2020-12-28 03:00:56,54.45,6.33,3047.52,87.61,129.35
2020-12-28 04:00:56,51.73,5.98,3150.86,80.35,113.05
2020-12-28 05:00:56,35.14,8.22,2430.32,65.11,87.12
2020-12-28 06:00:56,35.91,9.04,2335.12,82.33,121.47
2020-12-28 07:00:56,38.59,8.15,2466.27,120.88,184.09
2020-12-28 08:00:56,50.51,8.66,2777.49,140.34,218.72
2020-12-28 09:00:56,57.55,19.07,2707.57,220.07,385.79
2020-12-28 10:00:56,109.47,64.82,2123.55,190.38,321.14
2020-12-28 11:00:56,124.38,81.95,2968.51,236.6,0.0
2020-12-28 12:00:56,184.01,27.34,1703.48,68.7,107.22
2020-12-28 13:00:56,103.98,52.57,1571.13,54.55,88.85
2020-12-28 14:00:56,60.2,59.77,2716.2,151.56,252.51
2020-12-28 15:00:56,114.14,37.07,3165.94,198.51,308.17
2020-12-28 16:00:56,150.73,29.18,2516.25,196.32,302.13
2020-12-28 17:00:56,156.25,17.02,2408.72,60.42,83.41
2020-12-28 18:00:56,106.03,20.32,2762.53,92.5,121.27
2020-12-28 19:00:56,84.3,20.08,3140.76,143.26,210.31
2020-12-28 20:00:56,97.0,22.34,4141.38,193.71,317.8
2020-12-28 21:00:56,117.97,30.89,2976.76,192.01,318.15
2020-12-28 22:00:56,105.36,40.64,2621.58,155.03,254.96
2020-12-28 23:00:56,127.86,26.91,2136.82,45.19,68.41
2020-12-29 00:00:56,67.28,26.18,2203.07,33.65,55.59
2020-12-29 01:00:56,36.51,25.24,2260.1,64.04,86.57
2020-12-29 02:00:56,34.66,28.17,2053.08,49.12,70.36
2020-12-29 03:00:56,23.79,31.69,2075.62,41.18,62.31
2020-12-29 04:00:56,26.07,29.43,2237.37,40.22,61.65
2020-12-29 05:00:56,30.56,29.91,2342.71,64.44,86.18
2020-12-29 06:00:56,42.46,37.31,2292.43,65.8,88.19
2020-12-29 07:00:56,32.98,35.16,2312.93,72.03,95.36
2020-12-29 08:00:56,40.26,30.41,2854.25,104.1,159.34
2020-12-29 09:00:56,48.9,23.68,2319.96,131.31,205.22
2020-12-29 10:00:56,63.31,23.81,2371.84,69.28,98.71
2020-12-29 11:00:56,56.42,26.96,2308.37,92.92,140.4
2020-12-29 12:00:56,43.91,16.17,2510.75,45.59,72.47
2020-12-29 13:00:56,42.26,13.73,2287.21,33.85,58.07
2020-12-29 14:00:56,26.74,25.46,2247.89,34.57,56.89
2020-12-29 15:00:56,31.06,218.83,2561.45,70.75,99.6
2020-12-29 16:00:56,43.4,82.99,2668.91,111.58,145.25
2020-12-29 17:00:56,79.8,8.3,2347.73,39.91,61.04
2020-12-29 18:00:56,60.97,12.84,2712.19,105.7,134.92
2020-12-29 19:00:56,85.74,14.42,3438.81,191.18,262.71
2020-12-29 20:00:56,100.88,13.66,2930.36,166.75,233.17
2020-12-29 21:00:56,90.68,12.17,2976.08,89.99,122.32
2020-12-29 22:00:56,84.19,10.93,2951.05,98.4,124.56
2020-12-29 23:00:56,67.53,9.32,3065.81,105.06,131.93
2020-12-30 00:00:56,60.55,7.98,3223.38,116.73,154.59
2020-12-30 01:00:56,55.47,7.34,2914.16,109.47,151.47
2020-12-30 02:00:56,61.28,0.0,2920.7,55.17,77.77
2020-12-30 03:00:56,49.89,6.09,2994.02,69.85,93.83
2020-12-30 04:00:56,43.82,6.27,3023.29,89.27,116.12
2020-12-30 05:00:56,29.02,6.8,2502.57,53.37,74.56
2020-12-30 06:00:56,35.29,6.3,2233.81,76.07,105.72
2020-12-30 07:00:56,32.12,6.26,2314.59,86.86,120.65
2020-12-30 08:00:56,30.11,6.75,2748.74,178.89,299.05
2020-12-30 09:00:56,47.31,7.42,3773.78,288.48,0.0
2020-12-30 10:00:56,105.73,11.2,3293.2,294.28,0.0
2020-12-30 11:00:56,130.19,70.6,2993.91,356.64,0.0
2020-12-30 12:00:56,212.41,82.38,2082.55,276.98,0.0
2020-12-30 13:00:56,241.28,93.9,2108.17,138.39,189.93
2020-12-30 14:00:56,189.96,117.07,2444.24,98.2,137.17
2020-12-30 15:00:56,147.06,126.87,2527.15,91.41,126.41
2020-12-30 16:00:56,108.11,71.94,2477.06,139.15,187.66
2020-12-30 17:00:56,111.62,28.39,3196.56,172.52,230.54
2020-12-30 18:00:56,119.17,23.33,2537.43,118.52,150.58
2020-12-30 19:00:56,108.7,16.34,3291.03,131.45,174.05
2020-12-30 20:00:56,126.25,11.37,3935.69,173.15,253.2
2020-12-30 21:00:56,140.48,10.35,3451.22,287.33,0.0
2020-12-30 22:00:56,143.5,9.26,3881.15,261.36,0.0
2020-12-30 23:00:56,159.72,9.06,3196.98,132.67,187.68
2020-12-31 00:00:56,133.3,8.75,3445.61,124.26,179.4
2020-12-31 01:00:56,115.39,8.42,3682.17,138.26,200.52
2020-12-31 02:00:56,120.9,0.0,2780.45,137.73,197.39
2020-12-31 03:00:56,102.92,7.87,2672.73,89.74,126.38
2020-12-31 04:00:56,94.14,8.67,2372.18,97.92,130.21
2020-12-31 05:00:56,68.59,13.66,2122.65,90.57,116.47
2020-12-31 06:00:56,74.79,25.16,2177.78,99.24,134.78
2020-12-31 07:00:56,71.98,79.12,2107.22,96.21,125.59
2020-12-31 08:00:56,72.29,152.13,2484.93,142.63,212.55
2020-12-31 09:00:56,85.86,74.32,2802.48,208.93,361.2
2020-12-31 10:00:56,99.74,55.29,2266.35,224.71,397.24
2020-12-31 11:00:56,101.56,68.16,2005.04,116.51,172.9
2020-12-31 12:00:56,75.76,55.67,2285.35,101.79,149.28
2020-12-31 13:00:56,59.95,488.2,2179.82,83.54,122.21
2020-12-31 14:00:56,68.92,275.93,2521.56,108.72,149.27
2020-12-31 15:00:56,102.83,219.13,2444.57,100.27,134.16
2020-12-31 16:00:56,110.48,222.96,3134.67,158.65,218.69
2020-12-31 17:00:56,147.39,102.33,0.0,281.15,0.0
2020-12-31 18:00:56,198.03,37.76,2638.47,169.2,226.15
2020-12-31 19:00:56,160.22,23.89,4223.52,279.74,0.0
2020-12-31 20:00:56,178.47,20.79,4305.19,379.84,0.0
2020-12-31 21:00:56,211.46,16.94,4292.02,262.78,0.0
2020-12-31 22:00:56,197.37,14.74,3830.5,224.44,356.0
2020-12-31 23:00:56,180.95,11.11,3520.94,146.81,217.38
2021-01-01 00:00:56,150.11,10.38,3749.82,105.21,139.58
2021-01-01 01:00:56,119.99,10.15,3649.85,132.44,186.41
2021-01-01 02:00:56,107.52,0.0,3344.39,124.09,170.07
2021-01-01 03:00:56,96.47,30.46,2832.32,114.95,156.62
2021-01-01 04:00:56,86.62,33.68,2554.66,97.61,134.38
2021-01-01 05:00:56,72.37,42.54,2385.54,84.1,109.37
2021-01-01 06:00:56,67.51,50.21,2095.82,66.65,92.81
2021-01-01 07:00:56,49.56,42.35,1925.4,22.11,43.29
2021-01-01 08:00:56,27.11,26.33,1860.41,22.97,43.8
2021-01-01 09:00:56,31.19,17.53,1839.79,22.92,43.66
2021-01-01 10:00:56,24.49,15.33,1776.92,24.29,45.41
2021-01-01 11:00:56,22.51,12.81,1641.74,23.55,44.99
2021-01-01 12:00:56,13.79,12.29,1709.99,22.82,43.49
2021-01-01 13:00:56,9.94,8.04,2103.62,18.62,38.79
2021-01-01 14:00:56,5.79,8.46,2171.87,18.4,38.5
2021-01-01 15:00:56,10.97,7.73,2198.29,18.89,39.12
2021-01-01 16:00:56,22.35,7.96,2269.92,20.39,40.26
2021-01-01 17:00:56,16.67,8.34,2302.57,32.44,52.57
2021-01-01 18:00:56,30.89,11.98,2730.96,75.44,98.24
2021-01-01 19:00:56,56.7,16.58,2786.64,84.67,108.83
2021-01-01 20:00:56,74.22,18.31,3137.41,142.63,183.27
2021-01-01 21:00:56,92.74,18.12,2337.37,90.9,118.34
2021-01-01 22:00:56,81.29,18.4,2094.04,31.64,52.14
2021-01-01 23:00:56,61.52,15.57,2402.27,60.0,80.66
2021-01-02 00:00:56,44.73,11.55,2520.72,43.86,64.2
2021-01-02 01:00:56,42.96,9.08,2466.42,39.9,61.82
2021-01-02 02:00:56,39.33,0.0,2436.57,46.59,66.79
2021-01-02 03:00:56,33.41,6.8,2551.05,47.69,67.77
2021-01-02 04:00:56,18.96,6.55,2680.87,57.33,78.35
2021-01-02 05:00:56,29.17,5.93,2635.28,69.32,93.89
2021-01-02 06:00:56,31.07,5.75,2743.92,93.87,132.22
2021-01-02 07:00:56,42.37,5.41,2798.06,54.17,76.69
2021-01-02 08:00:56,23.73,5.82,2363.07,104.78,153.97
2021-01-02 09:00:56,22.61,5.18,2420.65,124.25,194.57
2021-01-02 10:00:56,50.24,6.8,2381.17,160.75,257.38
2021-01-02 11:00:56,51.04,23.59,2097.26,141.73,207.28
2021-01-02 12:00:56,53.88,65.69,1827.87,71.86,100.85
2021-01-02 13:00:56,48.62,19.2,1811.52,33.09,56.53
2021-01-02 14:00:56,38.72,19.07,2377.25,29.67,52.22
2021-01-02 15:00:56,42.46,29.71,2341.4,32.54,54.98
2021-01-02 16:00:56,52.12,12.86,2362.25,38.8,60.77
2021-01-02 17:00:56,56.61,10.47,2743.19,66.77,89.34
2021-01-02 18:00:56,49.22,7.53,3071.81,76.24,98.2
2021-01-02 19:00:56,63.83,6.68,2666.04,69.94,92.47
2021-01-02 20:00:56,56.68,5.67,2877.69,80.42,106.72
2021-01-02 21:00:56,57.36,5.25,3196.7,119.97,167.82
2021-01-02 22:00:56,86.57,5.05,3330.53,167.14,244.94
2021-01-02 23:00:56,88.3,4.0,3085.29,66.63,89.84
2021-01-03 00:00:56,71.13,4.33,3175.99,76.36,104.79
2021-01-03 01:00:56,56.24,4.32,3184.68,69.67,99.65
2021-01-03 02:00:56,61.21,0.0,2975.49,64.29,94.58
2021-01-03 03:00:56,66.85,3.98,2286.66,31.86,52.8
2021-01-03 04:00:56,51.51,3.99,2248.78,24.41,44.56
2021-01-03 05:00:56,42.18,3.75,2081.82,26.19,47.3
2021-01-03 06:00:56,36.45,3.76,2190.4,24.3,45.04
2021-01-03 07:00:56,29.86,3.66,2032.03,24.86,46.33
2021-01-03 08:00:56,27.36,3.54,2204.99,36.35,63.18
2021-01-03 09:00:56,32.38,3.95,2187.46,55.51,101.97
2021-01-03 10:00:56,44.74,4.06,2251.78,55.22,96.19
2021-01-03 11:00:56,61.14,8.41,2117.45,77.53,114.79
2021-01-03 12:00:56,54.07,47.31,2039.46,59.77,87.47
2021-01-03 13:00:56,106.01,115.77,1691.69,46.7,71.09
2021-01-03 14:00:56,100.57,32.27,1543.91,35.57,57.63
2021-01-03 15:00:56,72.49,74.18,2195.8,40.56,63.36
2021-01-03 16:00:56,93.99,57.36,2500.74,43.31,64.41
2021-01-03 17:00:56,83.36,23.31,2579.27,48.57,69.19
2021-01-03 18:00:56,86.58,10.28,2882.14,59.14,79.83
2021-01-03 19:00:56,93.42,8.12,2925.15,86.05,111.59
2021-01-03 20:00:56,99.29,7.7,2631.41,62.67,85.58
2021-01-03 21:00:56,94.44,7.24,2739.26,60.87,83.48
2021-01-03 22:00:56,81.26,7.09,2531.02,42.58,63.15
2021-01-03 23:00:56,66.17,6.89,2615.19,30.81,50.64
2021-01-04 00:00:56,63.04,6.72,2617.66,29.61,49.48
2021-01-04 01:00:56,54.31,6.17,2456.59,29.76,49.39
2021-01-04 02:00:56,53.99,0.0,2705.79,30.42,50.18
2021-01-04 03:00:56,59.08,5.16,2415.93,31.5,51.43
2021-01-04 04:00:56,51.71,5.87,2296.79,28.34,47.9
2021-01-04 05:00:56,50.0,5.18,2228.86,24.99,44.95
2021-01-04 06:00:56,57.86,4.63,2317.25,29.65,49.96
2021-01-04 07:00:56,68.78,4.37,2622.41,40.4,61.93
2021-01-04 08:00:56,66.33,4.29,2960.06,81.15,125.25
2021-01-04 09:00:56,73.19,4.61,2934.88,142.21,220.2
2021-01-04 10:00:56,94.25,6.05,2602.97,206.58,334.09
2021-01-04 11:00:56,118.25,8.74,2089.43,131.06,199.99
2021-01-04 12:00:56,108.71,16.72,1904.44,79.4,115.54
2021-01-04 13:00:56,88.61,131.54,1783.13,61.22,89.88
2021-01-04 14:00:56,87.97,126.57,1495.75,63.35,91.97
2021-01-04 15:00:56,101.95,64.24,2431.88,70.91,98.94
2021-01-04 16:00:56,103.22,60.75,2814.01,131.42,169.74
2021-01-04 17:00:56,133.73,26.26,3079.69,168.99,215.29
2021-01-04 18:00:56,145.77,11.91,3595.9,123.68,156.2
2021-01-04 19:00:56,153.39,9.05,3493.55,180.47,239.13
2021-01-04 20:00:56,169.02,7.48,3821.95,200.43,284.41
2021-01-04 21:00:56,196.73,7.55,3682.41,194.86,283.28
2021-01-04 22:00:56,181.67,6.54,4076.92,118.28,159.88
2021-01-04 23:00:56,157.38,6.42,3828.62,156.64,224.96
2021-01-05 00:00:56,162.84,6.3,3324.4,71.72,98.22
2021-01-05 01:00:56,107.89,8.07,2348.65,70.41,94.9
2021-01-05 02:00:56,81.17,0.0,2074.99,64.43,87.11
2021-01-05 03:00:56,48.47,11.67,1893.11,47.75,68.81
2021-01-05 04:00:56,34.74,9.85,1726.48,25.04,45.59
2021-01-05 05:00:56,19.54,10.01,1674.58,18.12,38.41
2021-01-05 06:00:56,14.1,9.55,1663.6,19.61,39.99
2021-01-05 07:00:56,11.05,9.79,1695.01,20.31,40.31
2021-01-05 08:00:56,10.52,11.2,1696.31,46.37,70.57
2021-01-05 09:00:56,23.16,11.58,1708.11,49.03,74.27
2021-01-05 10:00:56,37.47,14.27,2211.32,87.69,136.07
2021-01-05 11:00:56,42.28,16.53,1618.12,87.19,130.53
2021-01-05 12:00:56,61.78,14.86,1344.52,32.02,54.91
2021-01-05 13:00:56,33.65,13.0,1825.55,25.35,46.59
2021-01-05 14:00:56,42.44,13.59,1932.98,25.71,46.8
2021-01-05 15:00:56,28.31,13.54,1945.18,23.74,44.08
2021-01-05 16:00:56,34.85,13.51,1973.64,28.12,48.56
2021-01-05 17:00:56,36.89,13.53,2379.2,54.15,78.0
2021-01-05 18:00:56,45.9,15.73,2942.22,128.86,181.7
2021-01-05 19:00:56,76.16,18.62,3486.16,239.09,375.83
2021-01-05 20:00:56,117.42,18.88,2065.51,229.08,366.32
2021-01-05 21:00:56,145.83,13.01,2063.09,34.91,55.31
2021-01-05 22:00:56,89.02,10.96,2117.8,32.14,53.41
2021-01-05 23:00:56,69.04,9.09,2459.91,52.62,73.69
2021-01-06 00:00:56,53.72,9.01,2352.12,59.5,81.32
2021-01-06 01:00:56,38.33,9.4,2237.29,60.84,82.95
2021-01-06 02:00:56,27.96,0.0,2127.37,19.63,39.52
2021-01-06 03:00:56,32.55,8.95,2223.22,20.89,40.63
2021-01-06 04:00:56,17.19,8.27,2127.87,33.45,53.73
2021-01-06 05:00:56,13.6,9.5,2189.42,29.01,48.96
2021-01-06 06:00:56,12.87,7.52,2308.39,30.51,50.09
2021-01-06 07:00:56,13.34,7.81,2095.01,40.83,61.36
2021-01-06 08:00:56,7.72,7.36,2207.68,40.89,63.44
2021-01-06 09:00:56,11.43,6.67,2296.24,122.82,165.73
2021-01-06 10:00:56,22.3,6.91,2472.49,141.92,190.62
2021-01-06 11:00:56,44.81,14.69,2211.26,72.96,101.09
2021-01-06 12:00:56,34.61,9.0,2034.42,38.09,61.85
2021-01-06 13:00:56,24.02,39.51,2042.69,38.68,61.89
2021-01-06 14:00:56,14.7,8.48,2029.49,55.11,81.01
2021-01-06 15:00:56,20.99,7.92,2094.14,60.15,86.45
2021-01-06 16:00:56,27.91,9.13,2202.86,55.8,79.01
2021-01-06 17:00:56,36.22,8.92,2451.23,145.42,184.94
2021-01-06 18:00:56,88.09,6.52,2616.58,119.48,149.5
2021-01-06 19:00:56,88.61,6.52,2767.77,120.34,153.18
2021-01-06 20:00:56,76.89,5.85,3299.61,203.06,274.3
2021-01-06 21:00:56,102.66,5.97,3489.0,196.72,270.22
2021-01-06 22:00:56,109.52,5.17,3347.75,162.48,223.28
2021-01-06 23:00:56,99.71,5.05,3188.65,165.02,231.83
2021-01-07 00:00:56,109.93,5.0,3080.79,121.44,167.96
2021-01-07 01:00:56,96.34,4.52,2661.62,58.38,83.36
2021-01-07 02:00:56,71.14,0.0,2686.57,128.48,178.41
2021-01-07 03:00:56,78.97,4.6,2680.22,69.69,95.22
2021-01-07 04:00:56,53.65,4.99,2264.44,33.68,54.05
2021-01-07 05:00:56,57.39,5.21,1897.88,33.42,53.49
2021-01-07 06:00:56,31.34,4.87,1884.51,64.65,86.8
2021-01-07 07:00:56,46.52,4.91,2134.58,75.43,107.71
2021-01-07 08:00:56,68.29,4.94,3106.63,166.12,261.49
2021-01-07 09:00:56,70.73,5.83,2549.02,190.15,304.82
2021-01-07 10:00:56,91.24,11.66,2394.08,226.66,360.65
2021-01-07 11:00:56,106.26,52.83,1933.46,152.89,224.46
2021-01-07 12:00:56,117.83,108.86,1295.71,152.17,213.63
2021-01-07 13:00:56,128.71,164.65,1241.09,133.12,179.46
2021-01-07 14:00:56,144.26,114.27,1967.1,96.37,133.67
2021-01-07 15:00:56,125.5,84.96,2991.96,155.93,206.4
2021-01-07 16:00:56,140.77,59.68,2482.98,230.47,311.26
2021-01-07 17:00:56,172.55,38.7,2602.91,205.57,272.76
2021-01-07 18:00:56,205.98,18.15,3215.26,314.27,432.93
2021-01-07 19:00:56,228.14,14.8,3129.26,208.53,280.28
2021-01-07 20:00:56,197.46,15.29,3170.26,189.28,256.84
2021-01-07 21:00:56,152.25,14.23,2850.72,215.19,308.58
2021-01-07 22:00:56,129.04,12.49,2476.58,141.09,191.39
2021-01-07 23:00:56,103.71,10.25,2607.24,138.59,189.32
2021-01-08 00:00:56,98.0,9.15,2340.91,94.87,126.0
2021-01-08 01:00:56,70.12,9.14,2268.95,67.02,89.34
2021-01-08 02:00:56,63.63,0.0,1997.75,48.33,69.67
2021-01-08 03:00:56,50.75,7.65,1997.1,68.65,96.49
2021-01-08 04:00:56,46.96,7.4,2043.69,78.04,104.04
2021-01-08 05:00:56,69.24,9.24,2155.26,75.6,103.88
2021-01-08 06:00:56,91.77,8.6,2108.7,40.96,61.69
2021-01-08 07:00:56,77.89,8.45,2165.77,48.85,71.69
2021-01-08 08:00:56,62.94,8.7,9701.0,140.82,219.18
2021-01-08 09:00:56,83.04,10.28,2527.07,213.24,344.21
2021-01-08 10:00:56,79.25,15.29,2905.67,302.7,497.25
2021-01-08 11:00:56,0.0,110.8,1753.14,274.23,483.22
2021-01-08 12:00:56,188.81,26.14,1163.29,255.09,409.23
2021-01-08 13:00:56,284.74,18.94,484.51,188.75,295.7
2021-01-08 14:00:56,257.94,15.73,0.0,113.28,176.63
2021-01-08 15:00:56,188.51,8.83,0.0,25.08,37.96
2021-01-08 16:00:56,127.62,9.35,202.94,27.62,42.61
2021-01-08 17:00:56,89.87,9.0,508.49,52.47,72.87
2021-01-08 18:00:56,68.68,8.6,212.24,52.13,66.94
2021-01-08 19:00:56,65.86,7.96,416.16,43.75,58.95
2021-01-08 20:00:56,60.56,7.47,179.56,48.53,62.28
2021-01-08 21:00:56,54.83,7.03,340.13,51.16,70.29
2021-01-08 22:00:56,50.14,6.74,87.77,26.53,37.72
2021-01-08 23:00:56,42.72,6.04,139.96,35.16,48.5
2021-01-09 00:00:56,34.18,5.76,236.45,18.14,28.73
2021-01-09 01:00:56,34.75,5.91,100.11,17.29,27.56
2021-01-09 02:00:56,36.95,0.0,145.44,19.93,30.46
2021-01-09 03:00:56,38.88,5.07,180.59,25.52,36.21
2021-01-09 04:00:56,36.93,5.34,214.48,26.64,36.85
2021-01-09 05:00:56,28.11,5.38,66.24,12.46,22.79
2021-01-09 06:00:56,20.51,5.03,74.86,17.5,28.48
2021-01-09 07:00:56,33.58,4.95,0.0,11.81,22.06
2021-01-09 08:00:56,48.91,4.72,138.6,11.15,21.76
2021-01-09 09:00:56,64.19,4.27,102.93,16.4,27.13
2021-01-09 10:00:56,65.1,4.12,68.65,24.8,36.44
2021-01-09 11:00:56,52.21,4.21,148.88,27.94,45.98
2021-01-09 12:00:56,37.12,4.29,110.99,16.31,27.73
2021-01-09 13:00:56,28.32,4.09,245.33,12.57,23.06
2021-01-09 14:00:56,34.88,3.89,45.3,13.77,24.58
2021-01-09 15:00:56,40.39,3.8,82.84,15.85,26.94
2021-01-09 16:00:56,42.07,3.49,113.36,22.0,33.97
2021-01-09 17:00:56,44.13,3.77,406.43,44.05,59.3
2021-01-09 18:00:56,63.69,3.85,590.77,73.4,88.17
2021-01-09 19:00:56,73.51,4.01,692.72,89.92,113.01
2021-01-09 20:00:56,86.31,4.58,637.89,98.11,122.36
2021-01-09 21:00:56,92.33,3.82,233.31,59.21,79.26
2021-01-09 22:00:56,93.39,4.21,307.44,25.17,35.9
2021-01-09 23:00:56,74.76,3.89,338.67,32.65,44.26
2021-01-10 00:00:56,59.07,3.45,353.03,31.24,42.36
2021-01-10 01:00:56,58.0,3.91,367.33,24.04,34.77
2021-01-10 02:00:56,49.5,0.0,338.95,20.16,30.63
2021-01-10 03:00:56,37.26,3.22,461.72,23.44,34.5
2021-01-10 04:00:56,37.55,3.34,384.47,24.73,35.4
2021-01-10 05:00:56,39.91,3.26,426.69,15.8,26.35
2021-01-10 06:00:56,39.09,2.98,355.23,25.65,36.57
2021-01-10 07:00:56,45.85,3.15,313.23,18.73,29.2
2021-01-10 08:00:56,55.89,3.1,547.13,22.77,36.37
2021-01-10 09:00:56,84.89,3.25,411.22,26.35,39.46
2021-01-10 10:00:56,113.74,3.23,534.1,31.57,49.38
2021-01-10 11:00:56,139.75,2.57,316.25,21.6,36.02
2021-01-10 12:00:56,133.0,2.88,228.42,24.6,40.34
2021-01-10 13:00:56,110.7,3.12,139.62,29.62,0.0
2021-01-10 14:00:56,97.17,3.14,173.64,25.29,0.0
2021-01-10 15:00:56,82.28,2.9,174.24,19.61,32.56
2021-01-10 16:00:56,59.38,2.97,180.47,20.06,34.2
2021-01-10 17:00:56,48.19,2.31,124.53,23.06,37.2
2021-01-10 18:00:56,39.45,2.47,154.35,17.23,30.27
2021-01-10 19:00:56,27.24,2.2,91.87,22.79,36.62
2021-01-10 20:00:56,22.15,2.1,219.28,22.92,36.27
2021-01-10 21:00:56,17.53,2.44,281.68,13.72,25.33
2021-01-10 22:00:56,13.45,2.39,368.83,13.61,24.71
2021-01-10 23:00:56,9.77,2.26,290.45,12.64,23.59
2021-01-11 00:00:56,6.83,2.1,228.79,12.91,23.26
2021-01-11 01:00:56,5.44,2.47,254.83,9.92,20.58
2021-01-11 02:00:56,5.84,0.0,320.83,10.18,20.61
2021-01-11 03:00:56,7.05,2.27,338.03,9.99,20.87
2021-01-11 04:00:56,5.59,2.37,270.45,9.96,20.68
2021-01-11 05:00:56,3.74,2.43,215.95,8.78,19.55
2021-01-11 06:00:56,3.88,2.36,223.75,11.06,21.92
2021-01-11 07:00:56,3.48,2.43,312.43,19.73,34.21
2021-01-11 08:00:56,2.73,2.28,597.74,53.48,77.87
2021-01-11 09:00:56,5.57,2.21,519.05,57.3,93.48
2021-01-11 10:00:56,7.38,1.93,500.99,76.55,138.74
2021-01-11 11:00:56,17.44,2.38,370.75,45.72,64.03
2021-01-11 12:00:56,35.39,2.26,605.82,26.95,40.41
2021-01-11 13:00:56,36.66,2.61,367.62,20.49,33.28
2021-01-11 14:00:56,24.77,2.65,415.86,27.76,46.69
2021-01-11 15:00:56,22.1,2.82,630.55,25.95,44.14
2021-01-11 16:00:56,21.31,2.54,1172.33,32.1,56.85
2021-01-11 17:00:56,23.62,2.22,755.23,38.64,60.58
2021-01-11 18:00:56,34.43,2.29,1191.31,53.83,92.41
2021-01-11 19:00:56,54.24,2.58,478.12,51.28,82.5
2021-01-11 20:00:56,54.41,2.28,548.42,52.42,70.49
2021-01-11 21:00:56,46.62,2.35,698.55,32.25,48.63
2021-01-11 22:00:56,43.48,2.33,641.6,28.66,40.75
2021-01-11 23:00:56,38.92,2.36,768.08,38.03,54.6
2021-01-12 00:00:56,44.29,2.37,1153.24,46.37,73.91
2021-01-12 01:00:56,47.78,2.62,883.9,43.69,73.49
2021-01-12 02:00:56,56.28,0.0,695.08,48.18,67.79
2021-01-12 03:00:56,58.56,2.29,711.64,34.26,46.8
2021-01-12 04:00:56,53.66,2.5,643.13,27.28,39.13
2021-01-12 05:00:56,58.92,2.36,738.46,25.04,40.78
2021-01-12 06:00:56,56.99,2.45,0.0,26.88,40.97
2021-01-12 07:00:56,49.02,2.56,850.39,32.17,53.79
2021-01-12 08:00:56,53.31,2.26,912.5,60.04,99.26
2021-01-12 09:00:56,55.15,2.24,530.93,42.62,66.67
2021-01-12 10:00:56,48.99,2.64,360.86,35.01,53.06
2021-01-12 11:00:56,47.25,2.65,456.26,32.05,50.45
2021-01-12 12:00:56,44.58,2.59,463.92,27.25,44.19
2021-01-12 13:00:56,36.29,2.94,308.61,27.33,46.13
2021-01-12 14:00:56,32.41,2.7,319.66,13.49,29.0
2021-01-12 15:00:56,39.05,2.76,378.47,4.23,15.43
2021-01-12 16:00:56,40.78,3.23,1057.97,3.92,15.23
2021-01-12 17:00:56,91.46,3.56,1509.77,3.89,15.27
2021-01-12 18:00:56,146.92,3.79,1621.01,4.25,15.43
2021-01-12 19:00:56,181.66,3.77,4546.98,4.12,14.98
2021-01-12 20:00:56,209.26,4.26,2776.23,4.1,15.25
2021-01-12 21:00:56,258.71,4.03,2416.56,4.5,15.44
2021-01-12 22:00:56,254.93,4.52,892.8,4.33,15.37
2021-01-12 23:00:56,182.02,4.51,125.89,3.8,15.25
2021-01-13 00:00:56,106.61,4.59,350.22,4.05,15.54
2021-01-13 01:00:56,62.47,4.5,78.21,10.95,20.39
2021-01-13 02:00:56,46.57,0.0,33.85,19.04,30.11
2021-01-13 03:00:56,34.98,3.98,91.67,27.3,39.28
2021-01-13 04:00:56,31.94,3.8,136.29,34.33,47.02
2021-01-13 05:00:56,51.66,3.48,90.67,6.3,17.85
2021-01-13 06:00:56,52.54,3.52,102.45,3.74,15.23
2021-01-13 07:00:56,50.01,3.69,31.72,5.5,16.92
2021-01-13 08:00:56,50.4,3.55,682.45,15.19,33.66
2021-01-13 09:00:56,41.0,3.66,576.09,43.81,75.63
2021-01-13 10:00:56,51.51,3.44,552.59,32.37,53.42
2021-01-13 11:00:56,56.99,3.48,833.83,61.33,99.12
2021-01-13 12:00:56,79.96,3.78,395.72,74.79,117.74
2021-01-13 13:00:56,85.08,3.71,19.88,7.33,18.9
2021-01-13 14:00:56,57.59,3.51,25.19,6.61,18.53
2021-01-13 15:00:56,39.79,3.4,49.66,8.1,20.53
2021-01-13 16:00:56,35.74,3.95,45.93,4.38,15.38
2021-01-13 17:00:56,30.6,3.59,250.61,3.95,15.17
2021-01-13 18:00:56,24.78,3.47,353.91,4.27,15.45
2021-01-13 19:00:56,23.88,2.7,161.24,3.54,14.87
2021-01-13 20:00:56,22.55,3.39,297.97,4.19,15.27
2021-01-13 21:00:56,27.85,3.21,744.82,4.4,15.47
2021-01-13 22:00:56,23.49,3.03,446.28,3.79,15.1
2021-01-13 23:00:56,20.96,3.38,143.15,4.16,15.45
2021-01-14 00:00:56,27.84,3.29,230.36,4.39,15.53
2021-01-14 01:00:56,21.62,3.3,251.14,4.11,15.27
2021-01-14 02:00:56,13.82,3.09,253.71,4.22,15.4
2021-01-14 03:00:56,11.52,3.1,231.79,4.37,15.47
2021-01-14 04:00:56,10.26,3.02,309.22,4.81,15.63
2021-01-14 05:00:56,9.15,3.33,255.86,5.79,17.65
2021-01-14 06:00:56,7.79,3.44,323.48,5.35,17.61
2021-01-14 07:00:56,7.04,3.11,381.5,4.67,16.17
2021-01-14 08:00:56,5.15,3.53,532.06,4.31,15.39
2021-01-14 09:00:56,11.24,3.69,597.85,4.5,15.44
2021-01-14 10:00:56,16.77,3.25,659.51,3.94,14.91
2021-01-14 11:00:56,12.71,3.36,372.34,4.24,15.42
2021-01-14 12:00:56,8.31,3.8,217.56,4.34,15.44
2021-01-14 13:00:56,6.26,3.75,31.13,4.16,15.48
2021-01-14 14:00:56,4.76,3.21,140.72,4.15,15.07
2021-01-14 15:00:56,4.22,3.23,86.76,4.06,15.26
2021-01-14 16:00:56,11.04,3.83,76.3,4.31,15.38
2021-01-14 17:00:56,18.57,0.0,43.82,4.06,15.21
2021-01-14 18:00:56,15.67,6.26,388.6,4.26,15.26
2021-01-14 19:00:56,14.74,5.83,100.26,4.13,15.46
2021-01-14 20:00:56,24.29,5.37,0.0,4.36,15.6
2021-01-14 21:00:56,30.94,5.12,202.91,3.95,15.2
2021-01-14 22:00:56,25.77,4.95,321.63,4.05,15.42
2021-01-14 23:00:56,23.42,5.33,590.01,3.7,14.79
2021-01-15 00:00:56,17.83,5.66,0.0,3.92,15.16
2021-01-15 01:00:56,12.97,5.13,0.0,4.11,15.11
2021-01-15 02:00:56,8.67,0.0,0.0,4.26,15.48
2021-01-15 03:00:56,6.25,4.58,0.0,4.66,15.63
2021-01-15 04:00:56,5.66,4.57,0.0,4.19,15.39
2021-01-15 05:00:56,5.08,4.79,0.0,4.47,15.8
2021-01-15 06:00:56,3.8,4.68,0.0,3.97,15.45
2021-01-15 07:00:56,0.0,0.0,0.0,0.0,0.0
2021-01-15 08:00:56,0.0,0.0,2652.6,0.0,0.0
2021-01-15 09:00:56,13.25,33.59,1001.51,4.6,15.48
2021-01-15 10:00:56,26.8,0.0,975.41,3.74,14.9
2021-01-15 11:00:56,22.04,0.0,576.14,4.15,15.43
2021-01-15 12:00:56,22.72,3.31,602.34,4.16,15.25
2021-01-15 13:00:56,21.67,4.53,639.48,3.72,14.95
2021-01-15 14:00:56,21.24,7.65,377.74,4.31,15.44
2021-01-15 15:00:56,21.55,0.0,2041.0,3.8,15.32
2021-01-15 16:00:56,29.64,7.16,1994.91,4.02,15.08
2021-01-15 17:00:56,33.94,6.78,1851.49,4.2,15.39
2021-01-15 18:00:56,43.15,5.46,2106.35,3.83,15.13
2021-01-15 19:00:56,56.35,5.82,2546.57,4.06,15.23
2021-01-15 20:00:56,62.1,5.54,1666.89,4.37,15.25
2021-01-15 21:00:56,60.18,4.2,1991.06,3.67,14.92
2021-01-15 22:00:56,41.42,3.88,1981.19,4.57,15.6
2021-01-15 23:00:56,33.9,3.87,2136.47,3.83,15.32
2021-01-16 00:00:56,34.48,4.28,2027.71,4.2,15.55
2021-01-16 01:00:56,28.25,3.88,2351.46,3.99,15.37
2021-01-16 02:00:56,27.32,3.97,2405.77,4.1,15.23
2021-01-16 03:00:56,26.6,3.89,2448.96,4.24,15.47
2021-01-16 04:00:56,25.43,3.95,2395.78,4.44,15.8
2021-01-16 05:00:56,18.55,4.33,2583.85,4.32,15.54
2021-01-16 06:00:56,12.33,4.4,2498.7,4.67,15.91
2021-01-16 07:00:56,10.51,4.26,2587.72,3.96,15.6
2021-01-16 08:00:56,8.53,4.75,2705.84,4.28,15.61
2021-01-16 09:00:56,12.85,5.06,2823.09,4.03,15.52
2021-01-16 10:00:56,18.29,5.35,2819.89,4.12,15.31
2021-01-16 11:00:56,33.36,6.78,2795.93,3.81,15.16
2021-01-16 12:00:56,29.82,8.15,2460.55,3.95,15.13
2021-01-16 13:00:56,17.48,7.44,2091.08,4.33,15.33
2021-01-16 14:00:56,14.18,7.14,1980.91,4.41,15.44
2021-01-16 15:00:56,16.51,6.39,1740.13,4.08,15.41
2021-01-16 16:00:56,16.82,6.08,1578.51,3.97,15.37
2021-01-16 17:00:56,12.62,5.87,1633.37,4.66,15.75
2021-01-16 18:00:56,19.92,5.06,1733.3,4.12,15.37
2021-01-16 19:00:56,27.43,5.4,1701.18,4.5,15.48
2021-01-16 20:00:56,34.41,5.59,1823.32,3.77,14.99
2021-01-16 21:00:56,35.22,5.7,1879.21,3.5,15.01
2021-01-16 22:00:56,36.85,5.42,2019.58,3.89,14.99
2021-01-16 23:00:56,34.01,5.17,1964.05,3.96,15.21
2021-01-17 00:00:56,27.04,5.39,2147.14,4.58,15.55
2021-01-17 01:00:56,32.22,5.41,2142.35,4.49,15.57
2021-01-17 02:00:56,42.23,0.0,2207.81,3.74,14.93
2021-01-17 03:00:56,45.02,5.05,2324.63,4.28,15.32
2021-01-17 04:00:56,36.14,5.34,1977.26,3.94,15.32
2021-01-17 05:00:56,30.66,5.63,1882.6,4.26,15.27
2021-01-17 06:00:56,28.36,5.53,1760.21,4.31,15.39
2021-01-17 07:00:56,25.7,5.6,1861.46,4.01,15.19
2021-01-17 08:00:56,19.69,5.38,1848.29,4.25,15.2
2021-01-17 09:00:56,11.86,5.15,1811.27,4.28,15.31
2021-01-17 10:00:56,16.18,5.19,1914.28,3.83,15.19
2021-01-17 11:00:56,15.62,5.12,2182.24,4.2,15.36
2021-01-17 12:00:56,23.18,5.53,2155.83,4.35,15.35
2021-01-17 13:00:56,22.1,6.85,1794.8,4.07,14.99
2021-01-17 14:00:56,13.77,7.67,1753.07,4.6,15.49
2021-01-17 15:00:56,8.18,7.17,1682.86,4.22,15.29
2021-01-17 16:00:56,18.69,6.45,1659.11,4.46,15.5
2021-01-17 17:00:56,18.11,5.8,1673.56,3.88,15.2
2021-01-17 18:00:56,16.11,5.01,1812.95,3.88,15.21
2021-01-17 19:00:56,12.69,4.65,1839.35,4.21,15.41
2021-01-17 20:00:56,13.49,4.14,2076.86,4.04,15.24
2021-01-17 21:00:56,11.36,4.26,2078.96,4.3,15.56
2021-01-17 22:00:56,17.02,4.56,2115.97,4.05,15.2
2021-01-17 23:00:56,14.8,5.0,2299.45,3.95,15.14
2021-01-18 00:00:56,15.72,4.67,2454.84,4.42,15.54
2021-01-18 01:00:56,13.22,4.54,2515.53,3.92,15.27
2021-01-18 02:00:56,9.9,0.0,2295.69,4.23,15.6
2021-01-18 03:00:56,10.69,5.44,2497.42,4.4,15.6
2021-01-18 04:00:56,15.45,5.19,2479.28,3.66,15.31
2021-01-18 05:00:56,15.49,4.74,2348.02,4.16,15.39
2021-01-18 06:00:56,10.18,4.51,2437.99,4.15,15.47
2021-01-18 07:00:56,7.04,4.4,2498.24,3.99,15.31
2021-01-18 08:00:56,14.39,4.58,2608.26,3.9,15.15
2021-01-18 09:00:56,12.77,4.41,2710.0,4.38,15.35
2021-01-18 10:00:56,13.45,4.06,2618.19,3.91,15.48
2021-01-18 11:00:56,14.64,4.06,2697.42,4.44,15.72
2021-01-18 12:00:56,19.42,4.63,2666.28,4.36,15.5
2021-01-18 13:00:56,15.62,5.04,2787.17,4.08,15.58
2021-01-18 14:00:56,14.61,4.85,2683.72,4.7,15.82
2021-01-18 15:00:56,18.37,4.4,2777.37,4.14,15.63
2021-01-18 16:00:56,24.71,4.36,3346.17,4.14,15.3
2021-01-18 17:00:56,33.94,4.89,3229.84,3.8,14.9
2021-01-18 18:00:56,41.1,4.45,2924.03,4.02,15.36
2021-01-18 19:00:56,37.74,5.26,2766.1,4.66,15.89
2021-01-18 20:00:56,29.72,5.18,2895.89,4.03,15.73
2021-01-18 21:00:56,21.49,4.85,3414.63,3.84,15.53
2021-01-18 22:00:56,22.76,4.83,3071.87,3.81,15.4
2021-01-18 23:00:56,23.19,4.77,3450.57,4.29,15.9
2021-01-19 00:00:56,25.77,4.72,3051.45,3.79,15.41
2021-01-19 01:00:56,20.19,5.26,2902.52,4.59,15.7
2021-01-19 02:00:56,14.1,0.0,2963.94,3.98,15.29
2021-01-19 03:00:56,17.63,5.25,2977.28,4.0,15.42
2021-01-19 04:00:56,17.09,5.53,3049.15,3.96,15.49
2021-01-19 05:00:56,14.52,5.39,2936.57,4.62,16.11
2021-01-19 06:00:56,12.01,4.84,2958.18,4.13,15.64
2021-01-19 07:00:56,10.57,4.03,2941.76,4.25,15.75
2021-01-19 08:00:56,13.79,4.96,3034.39,4.53,15.98
2021-01-19 09:00:56,12.15,5.34,2971.79,3.82,15.27
2021-01-19 10:00:56,9.38,5.07,2922.9,3.66,15.28
2021-01-19 11:00:56,6.63,5.42,2894.84,3.64,15.48
2021-01-19 12:00:56,4.87,5.6,2684.72,4.08,15.47
2021-01-19 13:00:56,4.33,6.1,2543.75,3.98,15.37
2021-01-19 14:00:56,8.98,5.65,2200.15,4.15,15.36
2021-01-19 15:00:56,9.22,5.43,1985.7,3.9,15.21
2021-01-19 16:00:56,6.01,5.67,2039.02,3.84,15.38
2021-01-19 17:00:56,4.27,4.93,1802.53,4.12,15.42
2021-01-19 18:00:56,11.93,6.08,2535.11,4.18,15.56
2021-01-19 19:00:56,39.5,6.16,3090.43,4.19,15.44
2021-01-19 20:00:56,86.19,7.5,2427.41,3.75,15.41
2021-01-19 21:00:56,93.06,7.22,2590.11,3.86,15.56
2021-01-19 22:00:56,62.11,6.92,2833.76,3.69,15.39
2021-01-19 23:00:56,52.73,8.28,3446.89,3.67,15.22
2021-01-20 00:00:56,67.64,7.9,3414.55,4.58,16.27
2021-01-20 01:00:56,68.9,7.95,3364.59,4.32,15.72
2021-01-20 02:00:56,62.03,0.0,3176.9,3.74,15.46
2021-01-20 03:00:56,47.7,6.41,3168.33,4.41,15.6
2021-01-20 04:00:56,35.28,5.65,3185.53,4.45,15.92
2021-01-20 05:00:56,31.94,5.68,2945.15,3.62,15.24
2021-01-20 06:00:56,24.06,6.2,2943.17,4.47,16.08
2021-01-20 07:00:56,23.33,5.91,2981.85,4.21,15.98
2021-01-20 08:00:56,23.78,6.39,3011.91,4.1,15.29
2021-01-20 09:00:56,28.86,7.08,2946.76,4.08,16.12
2021-01-20 10:00:56,22.39,8.0,2892.18,4.35,16.02
2021-01-20 11:00:56,15.52,7.86,2940.96,3.69,15.33
2021-01-20 12:00:56,15.86,8.31,2650.89,4.67,16.17
2021-01-20 13:00:56,12.34,7.78,2352.08,4.21,15.68
2021-01-20 14:00:56,8.26,7.84,2061.26,3.94,15.4
2021-01-20 15:00:56,6.13,6.66,2056.99,4.06,15.72
2021-01-20 16:00:56,11.91,5.67,1660.2,4.05,15.41
2021-01-20 17:00:56,13.83,6.94,1682.47,3.96,15.12
2021-01-20 18:00:56,27.84,6.74,1584.54,4.02,15.47
2021-01-20 19:00:56,32.86,4.22,1712.05,4.16,15.36
2021-01-20 20:00:56,29.24,5.22,1997.59,3.94,15.34
2021-01-20 21:00:56,31.15,5.24,1968.43,4.21,15.43
2021-01-20 22:00:56,31.03,7.49,2248.76,4.56,15.88
2021-01-20 23:00:56,24.22,5.96,2199.67,4.83,16.1
2021-01-21 00:00:56,18.08,5.16,2158.96,4.16,15.57
2021-01-21 01:00:56,19.19,4.69,2351.28,4.08,15.27
2021-01-21 02:00:56,14.81,0.0,2029.15,4.03,15.47
2021-01-21 03:00:56,14.7,4.48,2302.11,3.71,15.04
2021-01-21 04:00:56,12.04,5.12,2358.58,4.55,15.48
2021-01-21 05:00:56,9.74,4.54,2237.53,3.75,15.34
2021-01-21 06:00:56,13.4,5.14,2191.57,3.86,14.87
2021-01-21 07:00:56,19.23,5.46,2242.71,4.05,15.47
2021-01-21 08:00:56,20.02,4.92,2198.19,3.94,15.56
2021-01-21 09:00:56,16.56,5.28,2207.75,3.92,15.44
2021-01-21 10:00:56,13.7,5.2,2181.82,4.26,15.66
2021-01-21 11:00:56,14.68,5.76,2176.24,4.08,15.67
2021-01-21 12:00:56,9.36,5.79,2061.91,6.52,0.0
2021-01-21 13:00:56,2.96,6.47,1902.64,29.44,46.09
2021-01-21 14:00:56,16.22,5.92,1547.24,30.17,46.78
2021-01-21 15:00:56,16.8,5.11,1411.32,30.21,46.62
2021-01-21 16:00:56,11.3,4.95,1554.1,30.76,47.04
2021-01-21 17:00:56,20.02,8.43,1694.65,30.17,46.83
2021-01-21 18:00:56,32.61,8.64,1503.15,30.18,46.89
2021-01-21 19:00:56,36.52,7.74,1487.69,30.09,46.72
2021-01-21 20:00:56,39.82,6.6,1517.96,30.09,46.74
2021-01-21 21:00:56,37.08,6.51,1639.25,29.92,46.69
2021-01-21 22:00:56,28.13,7.1,1800.88,29.56,46.24
2021-01-21 23:00:56,22.27,7.91,1998.48,30.13,47.0
2021-01-22 00:00:56,20.03,8.36,2302.19,30.53,47.1
2021-01-22 01:00:56,33.21,6.09,2046.42,30.39,46.81
2021-01-22 02:00:56,38.72,0.0,2160.33,30.04,46.92
2021-01-22 03:00:56,37.79,6.49,2356.16,30.13,46.92
2021-01-22 04:00:56,35.67,5.59,2290.15,29.59,46.9
2021-01-22 05:00:56,38.42,7.92,1827.35,29.96,46.71
2021-01-22 06:00:56,31.53,9.24,2383.98,29.5,46.52
2021-01-22 07:00:56,21.96,7.54,2512.05,30.01,46.55
2021-01-22 08:00:56,17.98,9.23,2857.18,30.11,46.74
2021-01-22 09:00:56,29.82,10.71,2753.35,30.04,46.84
2021-01-22 10:00:56,43.42,8.63,2595.32,30.69,47.34
2021-01-22 11:00:56,33.39,7.06,2384.11,30.28,47.02
2021-01-22 12:00:56,23.07,5.76,2023.89,30.35,46.88
2021-01-22 13:00:56,20.11,5.22,1670.72,30.52,46.96
2021-01-22 14:00:56,18.22,4.72,1613.11,29.59,46.4
2021-01-22 15:00:56,10.28,5.16,1617.18,30.18,47.03
2021-01-22 16:00:56,9.27,5.16,1655.31,29.52,46.65
2021-01-22 17:00:56,16.06,5.64,1606.93,29.88,46.6
2021-01-22 18:00:56,20.56,5.82,1725.74,30.46,47.02
2021-01-22 19:00:56,34.54,6.99,1666.19,30.4,46.97
2021-01-22 20:00:56,34.53,4.91,1523.26,30.06,46.78
2021-01-22 21:00:56,27.98,5.22,1503.54,30.0,46.87
2021-01-22 22:00:56,16.68,5.38,1327.59,30.01,46.76
2021-01-22 23:00:56,15.7,14.96,1492.5,30.29,46.78
2021-01-23 00:00:56,15.83,11.66,1702.71,29.66,46.6
2021-01-23 01:00:56,11.97,6.61,1386.0,30.08,46.59
2021-01-23 02:00:56,9.17,0.0,1739.11,30.51,47.15
2021-01-23 03:00:56,13.26,5.51,1618.44,29.77,46.68
2021-01-23 04:00:56,10.74,5.95,1500.76,30.34,46.77
2021-01-23 05:00:56,14.34,6.4,1647.07,29.85,46.36
2021-01-23 06:00:56,8.85,7.06,1660.72,29.4,46.64
2021-01-23 07:00:56,6.58,6.86,1626.49,29.9,46.76
2021-01-23 08:00:56,13.12,6.44,1635.92,29.97,46.59
2021-01-23 09:00:56,18.07,11.87,1626.02,30.18,46.85
2021-01-23 10:00:56,11.24,7.52,1618.6,30.27,46.76
2021-01-23 11:00:56,9.18,8.14,1500.37,29.89,46.71
2021-01-23 12:00:56,6.58,8.17,1583.47,30.15,46.79
2021-01-23 13:00:56,4.03,8.32,1619.46,29.92,46.86
2021-01-23 14:00:56,2.99,9.17,1700.78,29.91,46.61
2021-01-23 15:00:56,2.26,8.5,1633.82,29.93,46.64
2021-01-23 16:00:56,4.79,8.25,1665.81,30.02,46.33
2021-01-23 17:00:56,16.5,8.68,1767.05,29.42,46.07
2021-01-23 18:00:56,14.54,9.74,1648.32,29.8,46.77
2021-01-23 19:00:56,34.81,12.17,1766.24,29.66,46.19
2021-01-23 20:00:56,33.11,11.63,1788.6,29.99,46.5
2021-01-23 21:00:56,32.05,12.61,1999.08,30.5,47.05
2021-01-23 22:00:56,45.98,15.21,2164.3,29.77,46.65
2021-01-23 23:00:56,99.88,26.22,2401.0,30.06,46.77
2021-01-24 00:00:56,86.35,38.83,2235.5,30.08,46.63
2021-01-24 01:00:56,74.76,87.61,1972.51,30.29,46.73
2021-01-24 02:00:56,64.26,0.0,1866.17,29.7,46.42
2021-01-24 03:00:56,43.19,93.23,1817.71,30.06,46.4
2021-01-24 04:00:56,43.28,150.16,2044.34,29.08,45.58
2021-01-24 05:00:56,41.04,96.57,1991.96,30.65,47.24
2021-01-24 06:00:56,36.39,58.18,1980.28,30.45,47.15
2021-01-24 07:00:56,25.61,74.21,2049.51,30.23,46.71
2021-01-24 08:00:56,38.83,83.93,1870.75,29.9,46.66
2021-01-24 09:00:56,26.63,24.0,1853.07,29.66,46.61
2021-01-24 10:00:56,17.31,22.57,1714.93,29.33,46.26
2021-01-24 11:00:56,19.28,20.94,1585.36,29.97,46.56
2021-01-24 12:00:56,10.3,21.96,1527.17,29.76,46.38
2021-01-24 13:00:56,9.16,20.66,1570.89,30.39,46.63
2021-01-24 14:00:56,17.43,20.69,1483.75,30.46,47.08
2021-01-24 15:00:56,10.99,17.61,1393.68,30.29,46.97
2021-01-24 16:00:56,13.15,15.37,1503.33,30.08,46.74
2021-01-24 17:00:56,16.0,57.2,1508.47,30.01,46.76
2021-01-24 18:00:56,39.45,15.74,1564.77,29.55,46.25
2021-01-24 19:00:56,35.1,18.95,1701.91,29.44,46.1
2021-01-24 20:00:56,38.07,22.11,1530.92,29.92,46.5
2021-01-24 21:00:56,32.95,21.52,1468.48,29.86,46.83
2021-01-24 22:00:56,27.55,22.21,1457.05,30.22,46.84
2021-01-24 23:00:56,33.55,17.48,1498.79,29.83,46.32
2021-01-25 00:00:56,27.92,16.89,1485.34,30.05,46.76
2021-01-25 01:00:56,21.36,16.27,1539.62,29.9,46.62
2021-01-25 02:00:56,21.17,0.0,1481.54,29.84,46.67
2021-01-25 03:00:56,14.46,68.3,1472.2,29.77,46.43
2021-01-25 04:00:56,13.47,16.13,1376.29,30.02,46.49
2021-01-25 05:00:56,11.43,14.65,1440.49,29.16,45.68
2021-01-25 06:00:56,17.43,16.24,1480.14,30.61,46.8
2021-01-25 07:00:56,19.99,15.91,1586.75,30.51,46.99
2021-01-25 08:00:56,16.0,14.97,1995.31,30.29,47.03
2021-01-25 09:00:56,25.28,17.61,1685.54,30.17,46.5
2021-01-25 10:00:56,51.2,15.73,1417.12,29.82,46.58
2021-01-25 11:00:56,36.57,15.91,1445.55,29.8,46.12
2021-01-25 12:00:56,29.45,13.91,1546.53,29.7,46.28
2021-01-25 13:00:56,21.87,12.85,1574.65,30.42,46.95
2021-01-25 14:00:56,23.39,12.85,1576.07,29.58,46.48
2021-01-25 15:00:56,16.36,13.43,1541.11,29.67,46.43
2021-01-25 16:00:56,23.39,14.01,1724.2,31.05,47.37
2021-01-25 17:00:56,30.93,17.06,1638.24,29.83,46.59
2021-01-25 18:00:56,41.0,20.58,1718.51,29.8,46.38
2021-01-25 19:00:56,41.88,19.34,1993.15,29.91,46.7
2021-01-25 20:00:56,46.73,20.65,2002.73,29.51,46.37
2021-01-25 21:00:56,58.62,21.72,1504.73,30.46,47.1
2021-01-25 22:00:56,48.3,14.46,1468.27,29.77,46.34
2021-01-25 23:00:56,59.34,8.69,1540.45,30.11,47.09
2021-01-26 00:00:56,83.56,7.06,1507.6,31.02,47.28
2021-01-26 01:00:56,46.61,9.43,1466.92,29.96,46.47
2021-01-26 02:00:56,35.04,0.0,2043.21,0.0,0.0
2021-01-26 03:00:56,21.33,12.2,1548.37,0.0,0.0
2021-01-26 04:00:56,25.71,10.76,1525.4,0.0,0.0
2021-01-26 05:00:56,18.04,9.42,1583.43,0.0,0.0
2021-01-26 06:00:56,24.29,9.36,1549.27,0.0,0.0
2021-01-26 07:00:56,14.27,8.91,1600.99,0.0,0.0
2021-01-26 08:00:56,11.12,10.03,1787.13,0.0,0.0
2021-01-26 09:00:56,24.7,11.57,1749.05,0.0,0.0
2021-01-26 10:00:56,38.51,12.17,2196.9,0.0,0.0
2021-01-26 11:00:56,51.23,13.82,1682.65,0.0,0.0
2021-01-26 12:00:56,63.94,16.22,2001.76,0.0,0.0
2021-01-26 13:00:56,57.61,17.25,1950.98,0.0,0.0
2021-01-26 14:00:56,40.65,16.46,1725.31,0.0,0.0
2021-01-26 15:00:56,36.54,17.17,1664.37,0.0,0.0
2021-01-26 16:00:56,40.56,17.57,501.31,0.0,0.0
2021-01-26 17:00:56,29.9,15.2,1619.52,0.0,0.0
2021-01-26 18:00:56,28.08,13.3,1654.47,0.0,0.0
2021-01-26 19:00:56,23.55,14.2,1710.63,0.0,0.0
2021-01-26 20:00:56,21.66,14.67,1634.02,0.0,0.0
2021-01-26 21:00:56,26.45,9.89,1613.76,0.0,0.0
2021-01-26 22:00:56,31.87,10.69,1872.21,0.0,0.0
2021-01-26 23:00:56,21.68,10.11,1630.09,0.0,0.0
2021-01-27 00:00:56,23.58,8.99,1618.88,0.0,0.0
2021-01-27 01:00:56,18.46,6.29,1494.81,0.0,0.0
2021-01-27 02:00:56,10.66,14.5,1516.1,0.0,0.0
2021-01-27 03:00:56,10.27,16.42,1678.49,0.0,0.0
2021-01-27 04:00:56,22.61,18.8,1298.98,0.0,0.0
2021-01-27 05:00:56,16.08,19.03,1366.22,0.0,0.0
2021-01-27 06:00:56,29.19,21.63,1477.72,0.0,0.0
2021-01-27 07:00:56,31.34,19.53,1461.85,0.0,0.0
2021-01-27 08:00:56,28.66,13.55,1427.9,0.0,0.0
2021-01-27 09:00:56,29.7,12.4,1369.85,0.0,0.0
2021-01-27 10:00:56,35.41,12.37,1547.58,0.0,0.0
2021-01-27 11:00:56,49.65,12.38,1636.71,0.0,0.0
2021-01-27 12:00:56,35.59,14.94,1438.82,0.0,0.0
2021-01-27 13:00:56,29.83,22.22,1480.02,0.0,0.0
2021-01-27 14:00:56,21.13,24.64,1436.45,0.0,0.0
2021-01-27 15:00:56,31.94,19.62,1449.86,0.0,0.0
2021-01-27 16:00:56,40.77,14.34,1420.36,0.0,0.0
2021-01-27 17:00:56,49.77,12.04,1457.21,0.0,0.0
2021-01-27 18:00:56,52.87,12.63,1560.42,0.0,0.0
2021-01-27 19:00:56,53.09,12.38,1475.5,0.0,0.0
2021-01-27 20:00:56,51.1,10.7,1467.93,0.0,0.0
2021-01-27 21:00:56,55.55,10.03,1430.87,0.0,0.0
2021-01-27 22:00:56,62.67,10.19,1387.04,0.0,0.0
2021-01-27 23:00:56,61.39,9.85,1375.77,0.0,0.0
2021-01-28 00:00:56,63.43,9.3,1430.17,0.0,0.0
2021-01-28 01:00:56,76.77,11.37,1436.96,0.0,0.0
2021-01-28 02:00:56,129.67,0.0,1326.23,0.0,0.0
2021-01-28 03:00:56,141.15,13.52,1387.61,0.0,0.0
2021-01-28 04:00:56,140.08,17.78,1394.72,0.0,0.0
2021-01-28 05:00:56,108.38,20.01,1441.78,0.0,0.0
2021-01-28 06:00:56,97.96,7.53,1419.05,0.0,0.0
2021-01-28 07:00:56,85.67,6.88,1482.08,0.0,0.0
2021-01-28 08:00:56,46.13,6.55,1454.59,0.0,0.0
2021-01-28 09:00:56,33.05,5.78,1549.73,0.0,0.0
2021-01-28 10:00:56,34.47,6.19,1579.05,0.0,0.0
2021-01-28 11:00:56,23.62,7.12,1474.86,0.0,0.0
2021-01-28 12:00:56,23.25,5.69,1589.71,0.0,0.0
2021-01-28 13:00:56,28.59,5.85,1546.96,0.0,0.0
2021-01-28 14:00:56,29.59,5.38,1621.27,0.0,0.0
2021-01-28 15:00:56,26.71,5.1,1527.48,0.0,0.0
2021-01-28 16:00:56,26.18,4.96,1591.1,0.0,0.0
2021-01-28 17:00:56,37.38,5.02,1589.11,0.0,0.0
2021-01-28 18:00:56,24.8,4.26,1729.17,0.0,0.0
2021-01-28 19:00:56,20.17,4.13,1732.46,0.0,0.0
2021-01-28 20:00:56,13.77,4.29,2053.86,0.0,0.0
2021-01-28 21:00:56,16.03,4.21,2094.33,0.0,0.0
2021-01-28 22:00:56,24.18,4.22,1872.92,0.0,0.0
2021-01-28 23:00:56,24.6,3.98,2058.06,0.0,0.0
2021-01-29 00:00:56,19.53,4.35,1865.54,0.0,0.0
2021-01-29 01:00:56,13.12,4.05,1835.62,0.0,0.0
2021-01-29 02:00:56,16.0,0.0,1835.53,0.0,0.0
2021-01-29 03:00:56,9.9,3.88,1898.81,0.0,0.0
2021-01-29 04:00:56,8.03,3.91,1941.81,0.0,0.0
2021-01-29 05:00:56,11.47,4.07,1967.87,0.0,0.0
2021-01-29 06:00:56,7.53,4.22,1943.67,0.0,0.0
2021-01-29 07:00:56,11.83,3.61,2186.57,0.0,0.0
2021-01-29 08:00:56,9.42,3.94,2549.97,0.0,0.0
2021-01-29 09:00:56,13.27,4.7,2936.63,0.0,0.0
2021-01-29 10:00:56,21.76,4.71,2755.17,0.0,0.0
2021-01-29 11:00:56,30.78,5.47,2392.33,0.0,0.0
2021-01-29 12:00:56,25.14,8.45,2110.82,0.0,0.0
2021-01-29 13:00:56,15.9,132.89,1797.67,0.0,0.0
2021-01-29 14:00:56,9.66,179.68,1492.26,0.0,0.0
2021-01-29 15:00:56,11.52,42.23,1575.22,0.0,0.0
2021-01-29 16:00:56,27.46,23.14,1752.31,0.0,0.0
2021-01-29 17:00:56,27.99,14.39,1463.86,0.0,0.0
2021-01-29 18:00:56,29.7,10.51,1848.78,0.0,0.0
2021-01-29 19:00:56,37.48,9.09,1966.94,0.0,0.0
2021-01-29 20:00:56,52.41,7.1,2317.51,0.0,0.0
2021-01-29 21:00:56,60.31,6.21,2157.61,0.0,0.0
2021-01-29 22:00:56,72.66,6.41,2496.27,0.0,0.0
2021-01-29 23:00:56,59.11,6.02,2730.75,0.0,0.0
2021-01-30 00:00:56,48.17,6.39,2309.84,0.0,0.0
2021-01-30 01:00:56,47.45,7.8,2257.34,0.0,0.0
2021-01-30 02:00:56,34.98,0.0,2466.86,0.0,0.0
2021-01-30 03:00:56,18.92,7.71,2427.42,0.0,0.0
2021-01-30 04:00:56,11.51,7.59,2468.97,0.0,0.0
2021-01-30 05:00:56,12.35,7.2,2491.34,0.0,0.0
2021-01-30 06:00:56,19.96,7.44,2444.46,0.0,0.0
2021-01-30 07:00:56,0.0,0.0,0.0,0.0,0.0
2021-01-30 08:00:56,17.84,10.11,2127.04,0.0,0.0
2021-01-30 09:00:56,4.46,7.16,1783.4,0.0,0.0
2021-01-30 10:00:56,5.87,7.6,1679.28,0.0,0.0
2021-01-30 11:00:56,8.3,6.92,1501.43,0.0,0.0
2021-01-30 12:00:56,6.84,7.27,1713.22,0.0,0.0
2021-01-30 13:00:56,13.15,7.02,1115.56,0.0,0.0
2021-01-30 14:00:56,16.21,6.32,993.47,0.0,0.0
2021-01-30 15:00:56,9.75,4.94,1265.43,0.0,0.0
2021-01-30 16:00:56,6.57,5.96,1253.77,0.0,0.0
2021-01-30 17:00:56,6.75,5.59,1235.1,0.0,0.0
2021-01-30 18:00:56,13.86,7.45,1382.2,0.0,0.0
2021-01-30 19:00:56,24.18,9.59,1363.17,0.0,0.0
2021-01-30 20:00:56,17.59,16.62,1219.16,0.0,0.0
2021-01-30 21:00:56,20.26,23.76,1230.91,0.0,0.0
2021-01-30 22:00:56,19.4,23.98,1253.77,0.0,0.0
2021-01-30 23:00:56,11.24,20.86,1136.78,0.0,0.0
2021-01-31 00:00:56,9.89,17.42,1174.21,0.0,0.0
2021-01-31 01:00:56,19.04,15.9,1308.41,0.0,0.0
2021-01-31 02:00:56,13.35,0.0,1330.72,0.0,0.0
2021-01-31 03:00:56,11.81,12.08,1373.69,0.0,0.0
2021-01-31 04:00:56,20.24,10.01,1362.09,0.0,0.0
2021-01-31 05:00:56,11.71,12.02,1327.99,0.0,0.0
2021-01-31 06:00:56,5.85,13.22,1206.5,0.0,0.0
2021-01-31 07:00:56,3.27,12.88,1403.28,0.0,0.0
2021-01-31 08:00:56,5.71,13.37,1286.48,0.0,0.0
2021-01-31 09:00:56,14.06,12.9,1434.01,0.0,0.0
2021-01-31 10:00:56,8.54,19.66,1435.38,0.0,0.0
2021-01-31 11:00:56,13.26,32.66,1507.79,0.0,0.0
2021-01-31 12:00:56,27.67,27.01,1570.0,0.0,0.0
2021-01-31 13:00:56,19.45,33.8,1684.38,0.0,0.0
2021-01-31 14:00:56,14.94,16.18,1606.3,0.0,0.0
2021-01-31 15:00:56,18.79,26.7,1668.82,0.0,0.0
2021-01-31 16:00:56,29.67,61.96,1668.42,0.0,0.0
2021-01-31 17:00:56,41.77,21.64,1856.01,0.0,0.0
2021-01-31 18:00:56,39.5,14.15,1587.36,0.0,0.0
2021-01-31 19:00:56,37.54,9.94,1941.53,0.0,0.0
2021-01-31 20:00:56,32.52,7.36,2046.11,0.0,0.0
2021-01-31 21:00:56,39.29,7.41,2074.79,0.0,0.0
2021-01-31 22:00:56,39.48,6.56,1954.11,0.0,0.0
2021-01-31 23:00:56,37.3,7.72,2136.51,0.0,0.0
2021-02-01 00:00:56,34.56,8.66,1623.85,0.0,0.0
2021-02-01 01:00:56,26.98,11.51,1453.47,29.72,46.17
2021-02-01 02:00:56,16.16,0.0,1381.03,29.81,46.59
2021-02-01 03:00:56,11.87,7.34,1442.44,29.74,46.59
2021-02-01 04:00:56,12.15,7.76,1390.39,30.18,47.2
2021-02-01 05:00:56,7.55,6.87,1376.28,30.03,46.72
2021-02-01 06:00:56,5.64,7.83,1414.26,30.09,46.59
2021-02-01 07:00:56,8.51,11.92,1444.81,29.01,45.93
2021-02-01 08:00:56,6.55,12.5,1273.49,30.1,46.29
2021-02-01 09:00:56,10.42,8.73,1480.75,30.24,46.58
2021-02-01 10:00:56,13.23,11.3,1338.83,30.27,46.61
2021-02-01 11:00:56,12.88,8.45,1447.68,30.25,46.91
2021-02-01 12:00:56,15.36,6.74,1474.23,29.58,45.79
2021-02-01 13:00:56,16.56,6.45,1452.36,30.6,45.21
2021-02-01 14:00:56,11.91,5.4,1366.11,31.22,47.17
2021-02-01 15:00:56,17.73,5.64,1424.35,34.3,50.25
2021-02-01 16:00:56,27.98,5.43,1402.83,30.19,46.01
2021-02-01 17:00:56,29.96,6.15,1541.21,31.84,44.83
2021-02-01 18:00:56,27.57,5.93,1918.03,33.48,46.61
2021-02-01 19:00:56,23.13,9.08,1642.6,35.53,53.76
2021-02-01 20:00:56,23.53,14.7,1297.43,30.19,46.41
2021-02-01 21:00:56,24.52,12.47,1354.21,33.89,49.43
2021-02-01 22:00:56,26.33,12.22,1397.31,34.92,52.87
2021-02-01 23:00:56,37.83,18.3,1296.58,31.84,47.78
2021-02-02 00:00:56,33.37,19.53,1343.99,28.14,46.36
2021-02-02 01:00:56,37.8,17.03,1318.51,28.96,45.18
2021-02-02 02:00:56,23.33,0.0,1231.89,35.74,55.57
2021-02-02 03:00:56,14.63,17.19,1319.97,30.81,48.63
2021-02-02 04:00:56,18.42,14.7,1359.72,28.96,47.59
2021-02-02 05:00:56,17.01,12.27,1307.41,31.63,48.25
2021-02-02 06:00:56,19.19,13.12,1120.12,30.4,47.82
2021-02-02 07:00:56,38.4,12.3,1167.48,29.58,47.8
2021-02-02 08:00:56,35.63,11.57,1205.71,23.83,44.19
2021-02-02 09:00:56,26.76,14.55,1165.98,22.39,43.16
2021-02-02 10:00:56,23.54,19.21,1157.77,27.11,45.34
2021-02-02 11:00:56,26.32,12.33,1269.71,26.91,45.67
2021-02-02 12:00:56,20.5,13.36,1218.24,28.35,47.37
2021-02-02 13:00:56,15.47,11.12,1285.34,28.55,45.57
2021-02-02 14:00:56,8.86,10.8,1203.24,27.73,45.15
2021-02-02 15:00:56,6.15,10.37,1261.61,28.35,45.5
2021-02-02 16:00:56,5.73,10.58,1318.29,30.4,47.82
2021-02-02 17:00:56,11.27,10.09,1344.66,25.68,44.84
2021-02-02 18:00:56,25.99,9.64,1637.37,29.99,47.01
2021-02-02 19:00:56,43.05,15.05,2002.68,28.35,45.77
2021-02-02 20:00:56,77.4,14.97,1880.68,27.73,45.68
2021-02-02 21:00:56,77.99,15.0,2248.42,27.93,44.28
2021-02-02 22:00:56,86.39,15.29,1607.72,29.78,47.6
2021-02-02 23:00:56,78.84,11.26,1800.09,26.29,46.12
2021-02-03 00:00:56,57.54,8.45,1370.29,28.96,45.18
2021-02-03 01:00:56,35.58,7.82,1286.49,28.55,44.76
2021-02-03 02:00:56,19.97,0.0,1467.57,27.93,44.55
2021-02-03 03:00:56,12.33,8.15,1409.33,24.44,43.07
2021-02-03 04:00:56,19.76,9.66,1340.89,28.55,44.9
2021-02-03 05:00:56,27.21,9.55,1428.83,30.81,45.82
2021-02-03 06:00:56,27.65,9.34,1292.46,31.43,46.57
2021-02-03 07:00:56,37.89,13.05,1325.12,31.84,46.84
2021-02-03 08:00:56,42.79,14.7,1468.34,30.81,44.61
2021-02-03 09:00:56,29.31,22.67,1350.49,31.63,45.84
2021-02-03 10:00:56,43.18,44.16,1474.49,32.45,49.47
2021-02-03 11:00:56,31.3,21.94,1423.05,29.58,44.32
2021-02-03 12:00:56,43.97,71.67,1525.49,31.84,46.98
2021-02-03 13:00:56,33.36,41.55,1453.1,32.04,49.06
2021-02-03 14:00:56,23.41,46.41,1345.16,33.27,49.22
2021-02-03 15:00:56,26.16,18.04,340.85,32.25,46.99
2021-02-03 16:00:56,33.86,210.41,0.0,29.78,44.26
2021-02-03 17:00:56,52.82,20.31,0.0,30.4,46.48
2021-02-03 18:00:56,92.37,14.51,1335.53,31.22,45.96
2021-02-03 19:00:56,112.24,12.11,1231.84,32.04,46.92
2021-02-03 20:00:56,125.65,14.34,891.53,30.81,46.89
2021-02-03 21:00:56,123.06,8.08,1215.93,31.43,47.77
2021-02-03 22:00:56,86.68,6.1,1618.53,29.58,44.05
2021-02-03 23:00:56,69.82,5.49,2026.81,32.04,47.18
2021-02-04 00:00:56,44.85,5.17,2640.14,32.45,47.46
2021-02-04 01:00:56,44.26,5.04,2671.52,27.52,44.54
2021-02-04 02:00:56,40.45,0.0,2677.69,34.92,50.86
2021-02-04 03:00:56,46.08,5.05,2860.07,30.81,46.62
2021-02-04 04:00:56,51.0,5.65,2943.31,31.63,46.64
2021-02-04 05:00:56,47.97,6.73,3180.55,32.66,49.68
2021-02-04 06:00:56,42.36,6.52,3320.93,32.04,47.05
2021-02-04 07:00:56,37.4,6.57,3416.95,34.1,49.51
2021-02-04 08:00:56,44.3,9.17,4077.4,31.63,47.58
2021-02-04 09:00:56,66.51,10.38,3525.46,30.81,46.62
2021-02-04 10:00:56,67.68,24.98,4022.42,31.43,48.85
2021-02-04 11:00:56,87.86,178.4,3096.36,30.19,46.54
2021-02-04 12:00:56,145.94,601.32,2295.81,31.43,46.57
2021-02-04 13:00:56,116.08,104.39,1583.7,31.63,46.1
2021-02-04 14:00:56,76.12,31.43,1113.57,31.63,47.18
2021-02-04 15:00:56,55.97,80.1,760.97,30.19,49.09
2021-02-04 16:00:56,73.42,35.14,807.75,30.6,46.28
2021-02-04 17:00:56,95.95,21.14,747.57,27.73,44.48
2021-02-04 18:00:56,104.59,11.59,1231.75,29.37,45.85
2021-02-04 19:00:56,107.31,8.64,2323.75,29.37,44.51
2021-02-04 20:00:56,138.13,9.09,1721.91,30.81,47.16
2021-02-04 21:00:56,158.97,8.78,1941.48,32.66,45.79
2021-02-04 22:00:56,114.94,8.63,2531.82,24.44,44.94
2021-02-04 23:00:56,95.27,10.5,2316.16,33.07,50.22
2021-02-05 00:00:56,83.03,13.17,2556.09,31.43,46.7
2021-02-05 01:00:56,60.38,9.29,2738.58,30.4,45.54
2021-02-05 02:00:56,72.42,0.0,2679.16,30.81,48.5
2021-02-05 03:00:56,65.63,10.44,2433.97,31.22,47.3
2021-02-05 04:00:56,52.73,10.8,2588.7,30.4,45.94
2021-02-05 05:00:56,56.17,9.82,2493.18,34.3,49.31
2021-02-05 06:00:56,44.33,6.75,2360.61,30.19,48.15
2021-02-05 07:00:56,37.83,6.0,2564.11,26.5,45.66
2021-02-05 08:00:56,28.16,5.79,2879.13,30.6,48.02
2021-02-05 09:00:56,25.84,6.62,2553.32,30.19,46.41
2021-02-05 10:00:56,46.12,6.97,2572.64,27.11,47.35
2021-02-05 11:00:56,50.02,9.92,2479.68,31.02,47.77
2021-02-05 12:00:56,31.4,10.75,2332.4,29.78,45.73
2021-02-05 13:00:56,37.96,10.67,2407.57,31.63,50.26
2021-02-05 14:00:56,34.51,9.17,1937.74,28.76,46.18
2021-02-05 15:00:56,41.84,8.5,1903.46,29.78,47.6
2021-02-05 16:00:56,67.34,8.37,1876.89,30.19,46.81
2021-02-05 17:00:56,60.31,7.89,2526.74,29.17,47.93
2021-02-05 18:00:56,60.33,7.18,2035.47,30.19,45.74
2021-02-05 19:00:56,43.95,6.36,2140.84,30.19,48.55
2021-02-05 20:00:56,35.57,6.35,2656.78,31.22,47.43
2021-02-05 21:00:56,32.38,8.43,2506.19,30.81,49.03
2021-02-05 22:00:56,40.89,7.03,2418.37,30.4,47.95
2021-02-05 23:00:56,26.79,5.97,2551.69,29.58,46.33
2021-02-06 00:00:56,32.42,5.96,2609.39,30.19,48.15
2021-02-06 01:00:56,33.22,4.97,2735.08,31.02,47.36
2021-02-06 02:00:56,40.46,0.0,2652.78,30.4,47.55
2021-02-06 03:00:56,27.56,4.16,2948.2,28.76,46.71
2021-02-06 04:00:56,27.43,4.34,3008.53,27.32,46.88
2021-02-06 05:00:56,31.62,4.72,2882.94,33.89,49.03
2021-02-06 06:00:56,17.23,4.59,2849.71,30.6,49.36
2021-02-06 07:00:56,11.61,4.94,2863.66,31.63,47.98
2021-02-06 08:00:56,14.78,4.67,2977.8,29.58,47.8
2021-02-06 09:00:56,16.26,4.96,3064.59,27.52,46.55
2021-02-06 10:00:56,20.55,24.66,2782.84,30.4,47.55
2021-02-06 11:00:56,33.14,55.92,2890.52,31.84,46.98
2021-02-06 12:00:56,21.04,18.42,2417.23,31.63,48.78
2021-02-06 13:00:56,27.82,11.68,1788.55,27.11,45.2
2021-02-06 14:00:56,15.47,35.99,1028.04,28.96,46.52
2021-02-06 15:00:56,12.87,119.6,690.23,29.17,45.92
2021-02-06 16:00:56,36.5,52.13,608.36,29.58,47.27
2021-02-06 17:00:56,83.4,84.62,542.07,30.19,44.67
2021-02-06 18:00:56,99.5,19.42,590.86,31.22,47.57
2021-02-06 19:00:56,93.25,10.26,1352.78,31.02,48.17
2021-02-06 20:00:56,90.97,9.4,1529.86,26.91,44.19
2021-02-06 21:00:56,91.51,7.66,1733.35,28.76,44.43
2021-02-06 22:00:56,75.12,7.5,2086.6,27.93,44.82
2021-02-06 23:00:56,66.48,6.86,2248.23,28.96,46.11
2021-02-07 00:00:56,69.8,5.74,2600.52,31.02,48.03
2021-02-07 01:00:56,55.68,5.17,2592.1,32.25,46.99
2021-02-07 02:00:56,50.63,0.0,2853.89,29.17,44.98
2021-02-07 03:00:56,35.05,4.46,2956.69,28.14,44.09
2021-02-07 04:00:56,34.19,4.98,3111.89,29.17,46.99
2021-02-07 05:00:56,46.14,5.34,3076.05,27.73,45.95
2021-02-07 06:00:56,43.04,5.78,2894.74,27.73,44.88
2021-02-07 07:00:56,40.0,5.69,3010.41,27.32,44.87
2021-02-07 08:00:56,37.71,5.43,2946.55,26.09,41.9
2021-02-07 09:00:56,39.79,5.2,2849.11,28.96,45.58
2021-02-07 10:00:56,41.16,7.52,3124.89,26.5,45.12
2021-02-07 11:00:56,49.38,13.49,2692.93,25.68,42.83
2021-02-07 12:00:56,59.36,105.96,2164.83,27.93,44.68
2021-02-07 13:00:56,47.17,65.4,1832.02,27.32,44.34
2021-02-07 14:00:56,43.24,25.38,1596.51,29.17,45.38
2021-02-07 15:00:56,58.6,22.74,1513.32,25.88,44.64
2021-02-07 16:00:56,53.07,11.96,1619.38,28.55,45.7
2021-02-07 17:00:56,58.8,8.77,1578.03,25.06,42.61
2021-02-07 18:00:56,44.91,7.46,1714.58,27.93,44.55
2021-02-07 19:00:56,55.96,6.74,685.32,30.19,46.54
2021-02-07 20:00:56,72.27,6.49,1879.66,26.09,42.03
2021-02-07 21:00:56,73.19,5.03,2004.49,31.22,47.17
2021-02-07 22:00:56,63.21,4.4,2154.95,27.93,44.95
2021-02-07 23:00:56,62.28,4.31,2387.52,28.96,46.52
2021-02-08 00:00:56,58.61,4.54,2426.09,28.96,45.98
2021-02-08 01:00:56,55.32,4.27,2641.04,28.35,45.77
2021-02-08 02:00:56,51.5,0.0,2466.08,29.78,45.73
2021-02-08 03:00:56,58.45,4.65,2445.18,28.14,46.1
2021-02-08 04:00:56,54.72,4.04,2529.71,27.11,45.34
2021-02-08 05:00:56,51.71,2.17,2548.8,28.55,44.5
2021-02-08 06:00:56,53.03,2.91,2608.44,27.93,44.95
2021-02-08 07:00:56,45.43,3.68,2949.78,31.22,47.17
2021-02-08 08:00:56,53.05,4.89,3146.09,28.76,44.3
2021-02-08 09:00:56,55.28,5.74,3200.57,29.37,44.51
2021-02-08 10:00:56,80.12,6.08,3277.87,31.63,48.25
2021-02-08 11:00:56,89.12,23.93,3441.82,31.84,49.66
2021-02-08 12:00:56,99.45,101.01,2940.0,28.96,45.44
2021-02-08 13:00:56,148.34,76.85,2102.76,32.45,48.13
2021-02-08 14:00:56,159.95,269.04,1700.19,31.43,46.97
2021-02-08 15:00:56,165.39,129.33,1130.25,28.35,44.29
2021-02-08 16:00:56,161.26,35.91,1091.81,20.13,39.83
2021-02-08 17:00:56,129.03,27.93,1009.98,27.93,43.61
2021-02-08 18:00:56,116.87,19.29,1601.03,28.96,44.91
2021-02-08 19:00:56,124.61,16.73,1280.23,32.04,47.59
2021-02-08 20:00:56,144.93,15.21,1236.02,29.37,44.65
2021-02-08 21:00:56,113.58,16.29,1332.63,28.55,46.1
2021-02-08 22:00:56,97.54,15.47,1266.4,28.76,45.51
2021-02-08 23:00:56,77.19,12.39,1331.1,26.7,44.66
2021-02-09 00:00:56,60.53,10.97,859.33,32.04,47.72
2021-02-09 01:00:56,47.43,9.96,1210.81,28.96,46.65
2021-02-09 02:00:56,32.93,0.0,934.44,33.69,47.22
2021-02-09 03:00:56,33.63,9.07,1092.65,28.96,44.51
2021-02-09 04:00:56,34.77,58.67,1075.68,29.78,46.53
2021-02-09 05:00:56,41.29,5.86,1097.34,33.89,48.63
2021-02-09 06:00:56,32.98,5.48,629.05,30.81,46.49
2021-02-09 07:00:56,43.97,5.83,391.89,32.25,51.14
2021-02-09 08:00:56,48.14,5.46,258.98,27.52,42.8
2021-02-09 09:00:56,66.24,6.53,284.56,28.76,45.64
2021-02-09 10:00:56,80.53,5.91,224.15,25.68,45.37
2021-02-09 11:00:56,74.51,5.42,0.0,27.93,45.22
2021-02-09 12:00:56,62.4,5.78,531.66,28.35,44.02
2021-02-09 13:00:56,56.26,6.14,0.0,29.99,45.53
2021-02-09 14:00:56,37.32,6.2,0.0,31.22,46.9
2021-02-09 15:00:56,35.71,6.04,0.0,30.81,47.43
2021-02-09 16:00:56,38.35,11.6,0.0,28.96,44.24
2021-02-09 17:00:56,41.14,39.1,672.22,26.7,42.78
2021-02-09 18:00:56,59.24,26.01,394.99,31.43,45.09
2021-02-09 19:00:56,61.43,10.99,1243.98,29.37,44.92
2021-02-09 20:00:56,52.12,9.39,2066.31,29.37,42.1
2021-02-09 21:00:56,53.31,8.17,2327.69,29.17,45.92
2021-02-09 22:00:56,49.39,7.77,2870.58,29.78,46.13
2021-02-09 23:00:56,38.73,6.32,3592.73,31.22,45.16
2021-02-10 00:00:56,50.09,4.74,3798.17,28.76,44.43
2021-02-10 01:00:56,50.45,3.87,3930.72,28.14,45.02
2021-02-10 02:00:56,40.45,0.0,4448.02,21.77,40.13
2021-02-10 03:00:56,33.39,4.7,4530.37,28.35,43.89
2021-02-10 04:00:56,42.54,4.83,4468.5,25.88,43.17
2021-02-10 05:00:56,37.47,4.87,4819.39,29.37,46.52
2021-02-10 06:00:56,40.77,7.89,4799.76,29.78,46.13
2021-02-10 07:00:56,50.45,31.17,5135.09,27.52,44.01
2021-02-10 08:00:56,62.13,39.83,5051.69,29.78,45.46
2021-02-10 09:00:56,48.5,15.58,4715.64,29.37,45.05
2021-02-10 10:00:56,42.61,10.3,4265.32,28.55,47.44
2021-02-10 11:00:56,29.04,9.08,3516.12,31.02,46.56
2021-02-10 12:00:56,25.99,18.94,3229.13,32.86,46.8
2021-02-10 13:00:56,23.66,4.3,4759.31,31.22,47.97
2021-02-10 14:00:56,24.13,5.35,4942.73,30.6,45.34
2021-02-10 15:00:56,44.54,12.14,5521.48,31.22,47.97
2021-02-10 16:00:56,67.95,21.45,5392.28,35.95,49.48
2021-02-10 17:00:56,73.01,18.7,5064.01,27.93,44.15
2021-02-10 18:00:56,72.5,39.89,5444.56,28.55,45.7
2021-02-10 19:00:56,75.93,15.04,5455.88,31.43,44.96
2021-02-10 20:00:56,59.09,11.31,5817.9,27.32,45.14
2021-02-10 21:00:56,70.81,10.61,5315.23,32.04,47.05
2021-02-10 22:00:56,65.05,10.12,4909.95,31.02,45.35
2021-02-10 23:00:56,48.84,8.62,5169.89,31.22,44.75
2021-02-11 00:00:56,43.66,6.86,5202.77,29.37,44.11
2021-02-11 01:00:56,34.11,6.09,5342.18,32.86,49.48
2021-02-11 02:00:56,35.81,0.0,5423.39,29.37,44.92
2021-02-11 03:00:56,32.04,4.68,5837.81,31.84,46.98
2021-02-11 04:00:56,36.23,4.79,6109.08,28.96,45.58
2021-02-11 05:00:56,33.62,4.59,6220.55,26.29,45.86
2021-02-11 06:00:56,35.06,7.25,6359.43,29.78,48.14
2021-02-11 07:00:56,49.25,19.42,6192.72,32.66,47.67
2021-02-11 08:00:56,59.32,22.75,6715.72,33.48,46.88
2021-02-11 09:00:56,40.87,21.79,7047.72,30.81,45.82
2021-02-11 10:00:56,42.31,29.37,6481.44,27.11,45.74
2021-02-11 11:00:56,55.61,15.28,5431.49,30.81,46.76
2021-02-11 12:00:56,46.25,7.8,4947.7,29.58,46.73
2021-02-11 13:00:56,29.41,5.28,4950.96,32.86,47.2
2021-02-11 14:00:56,23.59,4.61,4887.47,30.19,46.54
2021-02-11 15:00:56,19.34,26.65,4908.64,33.07,50.76
2021-02-11 16:00:56,34.56,52.77,5147.99,27.52,45.88
2021-02-11 17:00:56,53.09,12.66,5540.23,29.78,45.33
2021-02-11 18:00:56,64.11,31.71,5891.03,28.14,44.09
2021-02-11 19:00:56,124.77,37.74,6643.81,27.73,46.09
2021-02-11 20:00:56,172.04,25.74,6246.2,33.89,47.96
2021-02-11 21:00:56,166.42,17.47,6271.98,29.37,46.66
2021-02-11 22:00:56,141.22,14.37,6169.67,29.58,47.13
2021-02-11 23:00:56,134.98,11.84,5253.87,30.6,45.75
2021-02-12 00:00:56,99.79,10.43,5384.41,27.93,45.09
2021-02-12 01:00:56,84.0,10.51,5416.93,30.4,45.94
2021-02-12 02:00:56,58.19,0.0,4408.95,31.02,47.1
2021-02-12 03:00:56,59.58,19.97,4475.71,29.99,45.93
2021-02-12 04:00:56,40.31,16.48,4420.02,30.81,47.56
2021-02-12 05:00:56,32.06,18.15,4533.74,28.76,47.11
2021-02-12 06:00:56,19.58,19.5,4591.45,32.04,47.59
2021-02-12 07:00:56,21.46,15.71,4555.94,28.35,45.9
2021-02-12 08:00:56,17.37,12.63,5267.82,31.22,48.1
2021-02-12 09:00:56,28.27,7.2,4434.01,29.99,47.94
2021-02-12 10:00:56,30.78,5.59,4455.08,31.02,48.3
2021-02-12 11:00:56,33.59,5.27,4519.09,31.02,48.57
2021-02-12 12:00:56,36.36,5.2,4661.67,29.78,47.47
2021-02-12 13:00:56,53.58,5.05,4651.73,32.04,47.72
2021-02-12 14:00:56,55.19,8.5,5129.05,29.99,46.74
2021-02-12 15:00:56,82.62,9.82,5267.19,29.78,46.13
2021-02-12 16:00:56,121.45,7.2,5211.79,30.4,48.49
2021-02-12 17:00:56,103.21,6.52,5023.36,29.58,46.19
2021-02-12 18:00:56,83.84,5.11,5545.91,26.5,44.45
2021-02-12 19:00:56,67.45,4.2,5934.56,31.22,49.04
2021-02-12 20:00:56,59.54,4.05,6218.48,29.78,48.01
2021-02-12 21:00:56,46.26,3.89,6545.6,29.17,44.71
2021-02-12 22:00:56,32.06,4.08,6539.15,28.35,45.77
2021-02-12 23:00:56,28.98,3.83,6755.15,28.96,47.86
2021-02-13 00:00:56,25.78,4.07,6819.87,29.58,48.47
2021-02-13 01:00:56,20.07,3.89,6772.01,28.55,44.9
2021-02-13 02:00:56,21.08,0.0,6773.96,28.14,45.43
2021-02-13 03:00:56,21.52,3.76,6934.22,27.52,43.74
2021-02-13 04:00:56,16.37,3.81,6825.4,27.73,44.75
2021-02-13 05:00:56,10.19,4.17,6837.75,27.73,44.21
2021-02-13 06:00:56,9.97,3.44,6804.95,31.02,50.04
2021-02-13 07:00:56,7.0,3.74,6874.65,27.52,45.75
2021-02-13 08:00:56,6.51,3.64,7101.18,29.78,46.4
2021-02-13 09:00:56,10.71,4.1,7010.64,27.93,45.76
2021-02-13 10:00:56,13.03,4.46,6673.56,26.29,43.31
2021-02-13 11:00:56,9.24,6.66,6566.31,30.19,47.21
2021-02-13 12:00:56,9.56,9.63,6045.09,29.17,44.31
2021-02-13 13:00:56,6.28,11.07,5554.41,29.37,46.39
2021-02-13 14:00:56,10.73,6.8,5255.18,30.19,47.61
2021-02-13 15:00:56,23.97,5.98,5189.89,27.73,47.16
2021-02-13 16:00:56,32.11,3.6,5461.68,26.91,43.79
2021-02-13 17:00:56,33.44,3.49,5742.93,27.93,44.42
2021-02-13 18:00:56,31.89,3.55,6061.83,29.58,45.66
2021-02-13 19:00:56,26.43,3.44,6125.53,32.04,47.72
2021-02-13 20:00:56,30.3,3.05,3146.33,28.35,44.43
2021-02-13 21:00:56,28.01,2.72,6324.04,30.6,46.42
2021-02-13 22:00:56,22.81,3.57,6466.2,29.99,47.81
2021-02-13 23:00:56,23.95,3.31,6551.56,32.04,45.84
2021-02-14 00:00:56,15.39,3.38,6585.26,32.86,50.15
2021-02-14 01:00:56,20.27,3.48,6530.16,28.96,45.04
2021-02-14 02:00:56,12.47,0.0,6646.73,31.84,46.44
2021-02-14 03:00:56,10.93,3.78,6453.7,29.37,45.45
2021-02-14 04:00:56,10.54,3.65,6692.71,31.02,46.69
2021-02-14 05:00:56,9.39,3.45,6617.07,25.47,43.56
2021-02-14 06:00:56,12.7,3.7,6611.83,28.55,46.77
2021-02-14 07:00:56,10.0,3.36,6652.29,30.19,44.8
2021-02-14 08:00:56,8.14,3.71,6842.65,31.02,47.23
2021-02-14 09:00:56,15.15,3.4,6751.23,32.04,47.85
2021-02-14 10:00:56,10.76,2.78,6694.7,30.19,47.08
2021-02-14 11:00:56,9.29,3.41,2645.84,29.99,40.98
2021-02-14 12:00:56,13.3,3.86,6863.74,33.27,48.15
2021-02-14 13:00:56,11.32,3.88,6756.51,27.52,45.61
2021-02-14 14:00:56,0.0,0.0,0.0,0.0,0.0
2021-02-14 15:00:56,0.0,0.0,530.46,31.02,46.83
2021-02-14 16:00:56,29.14,4.24,555.52,33.27,47.08
2021-02-14 17:00:56,20.99,3.81,470.31,28.96,44.91
2021-02-14 18:00:56,15.51,4.07,394.24,31.84,46.98
2021-02-14 19:00:56,10.54,4.07,523.81,31.43,46.17
2021-02-14 20:00:56,11.48,4.65,907.01,34.1,49.1
2021-02-14 21:00:56,13.68,4.47,711.81,31.84,46.84
2021-02-14 22:00:56,38.04,4.54,630.79,31.02,47.36
2021-02-14 23:00:56,47.36,4.56,546.63,33.07,49.69
2021-02-15 00:00:56,34.52,4.61,742.56,34.71,51.46
2021-02-15 01:00:56,28.15,4.21,618.36,27.73,44.88
2021-02-15 02:00:56,30.06,0.0,418.77,28.76,46.58
2021-02-15 03:00:56,22.49,12.3,506.04,33.69,49.5
2021-02-15 04:00:56,18.95,5.75,541.54,33.69,49.9
2021-02-15 05:00:56,13.21,4.29,606.77,29.99,48.48
2021-02-15 06:00:56,21.52,5.45,794.48,34.3,50.25
2021-02-15 07:00:56,19.39,10.56,890.0,30.6,46.42
2021-02-15 08:00:56,13.49,7.62,1099.8,32.66,48.2
2021-02-15 09:00:56,19.3,5.46,954.86,31.02,47.9
2021-02-15 10:00:56,13.24,4.65,1277.93,32.04,46.65
2021-02-15 11:00:56,11.94,4.61,1328.57,28.76,46.04
2021-02-15 12:00:56,13.01,4.47,1538.16,29.99,46.47
2021-02-15 13:00:56,13.96,4.12,1482.13,34.1,50.18
2021-02-15 14:00:56,10.31,4.39,1193.23,31.43,48.31
2021-02-15 15:00:56,18.32,5.16,1189.47,31.63,49.45
2021-02-15 16:00:56,17.79,4.61,1347.34,30.81,47.43
2021-02-15 17:00:56,16.02,4.2,1245.74,31.43,47.51
2021-02-15 18:00:56,19.82,5.07,1215.01,28.55,45.97
2021-02-15 19:00:56,16.88,12.29,1215.3,32.86,49.88
2021-02-15 20:00:56,13.11,9.41,1438.85,29.17,46.45
2021-02-15 21:00:56,19.11,6.23,1238.33,32.04,48.52
2021-02-15 22:00:56,30.07,6.25,1486.33,29.78,46.0
2021-02-15 23:00:56,16.88,7.55,1424.83,33.07,49.28
2021-02-16 00:00:56,10.27,6.97,494.48,31.84,48.32
2021-02-16 01:00:56,6.97,6.66,429.01,30.6,46.68
2021-02-16 02:00:56,5.5,0.0,493.3,34.51,50.99
2021-02-16 03:00:56,6.36,6.21,0.0,33.69,49.1
2021-02-16 04:00:56,4.38,6.09,382.52,30.6,48.83
2021-02-16 05:00:56,4.47,5.84,388.26,32.66,48.74
2021-02-16 06:00:56,3.12,5.26,575.02,31.84,48.45
2021-02-16 07:00:56,2.84,6.72,475.56,32.45,47.19
2021-02-16 08:00:56,3.84,15.72,493.99,29.99,46.2
2021-02-16 09:00:56,3.04,10.78,437.64,31.84,47.25
2021-02-16 10:00:56,3.67,15.7,334.48,29.99,46.47
2021-02-16 11:00:56,2.92,21.85,309.3,33.69,47.62
2021-02-16 12:00:56,6.99,378.59,184.59,37.18,55.67
2021-02-16 13:00:56,26.06,131.17,109.8,37.59,54.07
2021-02-16 14:00:56,27.69,78.03,508.86,25.06,44.76
2021-02-16 15:00:56,33.86,14.23,690.65,30.81,48.23
2021-02-16 16:00:56,33.73,11.47,224.41,31.63,47.44
2021-02-16 17:00:56,23.82,12.84,1002.89,31.63,47.44
2021-02-16 18:00:56,26.19,16.31,251.95,31.22,46.9
2021-02-16 19:00:56,33.89,12.46,414.83,32.04,48.12
2021-02-16 20:00:56,29.69,18.32,163.34,31.84,47.25
2021-02-16 21:00:56,32.87,45.57,948.81,32.45,51.75
2021-02-16 22:00:56,35.8,25.99,76.14,31.22,48.24
2021-02-16 23:00:56,36.68,67.05,56.06,36.15,51.96
2021-02-17 00:00:56,33.66,37.09,224.9,32.25,47.26
2021-02-17 01:00:56,34.0,21.69,151.55,32.04,48.12
2021-02-17 02:00:56,27.71,0.0,385.39,30.4,46.88
2021-02-17 03:00:56,24.6,56.97,83.38,33.48,48.62
2021-02-17 04:00:56,25.25,69.15,36.19,32.25,47.26
2021-02-17 05:00:56,24.51,72.36,153.47,30.81,47.43
2021-02-17 06:00:56,23.02,43.36,0.0,34.3,51.99
2021-02-17 07:00:56,22.09,50.5,0.0,32.25,47.39
2021-02-17 08:00:56,23.62,26.29,0.0,26.7,43.32
2021-02-17 09:00:56,27.08,17.28,470.33,31.84,49.12
2021-02-17 10:00:56,42.87,13.29,646.6,35.33,51.41
2021-02-17 11:00:56,40.19,12.51,581.75,30.4,49.03
2021-02-17 12:00:56,39.68,12.86,480.24,31.22,44.62
2021-02-17 13:00:56,38.68,14.79,442.44,31.02,47.5
2021-02-17 14:00:56,36.18,16.91,508.81,34.71,50.52
2021-02-17 15:00:56,27.05,13.05,278.91,31.43,48.85
2021-02-17 16:00:56,37.76,7.34,425.1,33.48,49.69
2021-02-17 17:00:56,55.24,10.97,0.0,32.04,48.26
2021-02-17 18:00:56,41.93,9.6,0.0,34.71,48.51
2021-02-17 19:00:56,30.44,7.99,0.0,30.19,50.43
2021-02-17 20:00:56,36.73,8.39,0.0,34.51,51.12
2021-02-17 21:00:56,25.62,8.36,0.0,33.07,48.75
2021-02-17 22:00:56,20.98,7.82,0.0,33.69,49.36
2021-02-17 23:00:56,23.31,7.64,0.0,32.25,47.52
2021-02-18 00:00:56,12.96,7.61,0.0,34.3,47.7
2021-02-18 01:00:56,10.19,7.68,0.0,35.95,48.67
2021-02-18 02:00:56,16.43,0.0,0.0,35.12,50.53
2021-02-18 03:00:56,20.7,7.03,0.0,34.51,48.31
2021-02-18 04:00:56,13.9,6.88,0.0,30.19,45.6
2021-02-18 05:00:56,10.09,6.58,0.0,36.77,52.44
2021-02-18 06:00:56,8.74,5.81,0.0,34.3,47.57
2021-02-18 07:00:56,13.22,6.74,0.0,30.4,47.28
2021-02-18 08:00:56,9.58,7.44,0.0,30.6,46.28
2021-02-18 09:00:56,9.38,6.78,0.0,31.63,48.92
2021-02-18 10:00:56,13.09,6.76,0.0,35.74,51.82
2021-02-18 11:00:56,7.39,7.4,0.0,29.17,46.45
2021-02-18 12:00:56,5.32,7.3,0.0,30.4,47.42
2021-02-18 13:00:56,4.32,8.09,0.0,31.02,47.1
2021-02-18 14:00:56,4.83,8.5,0.0,34.3,50.11
2021-02-18 15:00:56,5.19,8.05,0.0,31.63,49.45
2021-02-18 16:00:56,9.89,7.16,0.0,37.59,49.51
2021-02-18 17:00:56,10.8,10.33,0.0,32.45,48.94
2021-02-18 18:00:56,27.23,10.34,0.0,32.66,47.0
2021-02-18 19:00:56,33.6,10.99,0.0,29.58,44.72
2021-02-18 20:00:56,35.45,7.93,0.0,29.17,44.58
2021-02-18 21:00:56,58.75,7.52,0.0,34.3,49.71
2021-02-18 22:00:56,54.7,7.45,0.0,35.53,48.26
2021-02-18 23:00:56,48.81,9.14,0.0,34.1,50.31
2021-02-19 00:00:56,26.77,10.01,0.0,31.63,47.04
2021-02-19 01:00:56,18.92,9.69,0.0,32.45,47.6
2021-02-19 02:00:56,22.75,0.0,0.0,33.27,48.42
2021-02-19 03:00:56,17.3,8.94,0.0,32.45,47.6
2021-02-19 04:00:56,16.06,6.36,0.0,32.66,48.6
2021-02-19 05:00:56,10.0,8.03,0.0,31.02,46.83
2021-02-19 06:00:56,14.03,8.32,0.0,31.63,47.04
2021-02-19 07:00:56,24.21,7.47,0.0,31.63,47.04
2021-02-19 08:00:56,23.61,8.01,0.0,32.66,50.75
2021-02-19 09:00:56,22.24,6.94,0.0,33.27,48.95
2021-02-19 10:00:56,24.84,6.3,0.0,32.04,48.26
2021-02-19 11:00:56,27.93,8.62,0.0,29.17,46.05
2021-02-19 12:00:56,32.29,9.7,0.0,32.25,49.13
2021-02-19 13:00:56,35.74,7.48,0.0,32.86,47.87
2021-02-19 14:00:56,33.47,7.53,0.0,33.27,50.16
2021-02-19 15:00:56,31.91,10.68,0.0,34.1,47.9
2021-02-19 16:00:56,28.49,13.98,0.0,34.1,50.31
2021-02-19 17:00:56,19.51,10.7,0.0,34.3,48.77
2021-02-19 18:00:56,29.0,7.4,0.0,27.11,46.27
2021-02-19 19:00:56,36.15,6.79,0.0,34.51,50.32
2021-02-19 20:00:56,34.05,6.4,0.0,32.04,51.74
2021-02-19 21:00:56,33.92,6.44,0.0,34.1,49.1
2021-02-19 22:00:56,25.12,6.56,0.0,30.81,47.69
2021-02-19 23:00:56,22.9,5.75,0.0,24.85,43.35
2021-02-20 00:00:56,28.85,5.65,0.0,31.02,44.68
2021-02-20 01:00:56,34.52,5.63,0.0,29.58,47.67
2021-02-20 02:00:56,39.77,0.0,0.0,29.58,48.87
2021-02-20 03:00:56,35.6,7.0,0.0,32.66,49.81
2021-02-20 04:00:56,19.81,6.71,0.0,32.04,47.72
2021-02-20 05:00:56,13.32,6.64,0.0,23.62,44.12
2021-02-20 06:00:56,12.45,5.93,0.0,27.73,48.5
2021-02-20 07:00:56,7.66,5.76,0.0,30.4,48.49
2021-02-20 08:00:56,8.04,6.14,0.0,28.55,47.71
2021-02-20 09:00:56,17.01,6.6,0.0,33.07,53.57
2021-02-20 10:00:56,11.49,7.35,0.0,31.84,49.93
2021-02-20 11:00:56,12.4,7.0,0.0,28.14,46.9
2021-02-20 12:00:56,7.51,6.89,0.0,26.7,46.27
2021-02-20 13:00:56,5.95,6.59,0.0,30.4,49.16
2021-02-20 14:00:56,3.89,59.56,0.0,23.21,43.71
2021-02-20 15:00:56,3.71,33.22,0.0,23.21,43.58
2021-02-20 16:00:56,4.11,6.84,0.0,30.6,47.89
2021-02-20 17:00:56,11.38,6.91,0.0,31.84,46.84
2021-02-20 18:00:56,22.21,6.56,0.0,31.43,49.52
2021-02-20 19:00:56,25.62,5.1,0.0,29.17,46.85
2021-02-20 20:00:56,39.17,4.14,0.0,27.73,47.29
2021-02-20 21:00:56,39.49,4.47,0.0,26.29,45.05
2021-02-20 22:00:56,35.72,4.53,0.0,28.96,46.25
2021-02-20 23:00:56,37.37,3.96,0.0,32.86,51.76
2021-02-21 00:00:56,36.7,4.77,0.0,20.33,42.58
2021-02-21 01:00:56,26.35,5.36,0.0,27.11,46.41
2021-02-21 02:00:56,33.74,0.0,0.0,26.29,45.05
2021-02-21 03:00:56,39.09,4.84,0.0,32.86,46.53
2021-02-21 04:00:56,51.71,4.75,0.0,34.3,48.77
2021-02-21 05:00:56,39.58,4.64,0.0,27.93,45.89
2021-02-21 06:00:56,27.95,4.82,0.0,27.11,45.47
2021-02-21 07:00:56,27.76,4.42,0.0,28.35,45.63
2021-02-21 08:00:56,34.45,5.07,0.0,26.7,48.14
2021-02-21 09:00:56,35.86,9.32,0.0,27.11,45.87
2021-02-21 10:00:56,40.99,53.2,0.0,26.91,42.45
2021-02-21 11:00:56,49.14,108.43,0.0,27.93,45.89
2021-02-21 12:00:56,31.88,60.38,0.0,25.68,42.56
2021-02-21 13:00:56,24.94,66.27,0.0,25.88,42.09
2021-02-21 14:00:56,16.66,233.71,0.0,26.91,45.4
2021-02-21 15:00:56,28.0,200.63,0.0,32.04,48.12
2021-02-21 16:00:56,40.61,20.05,0.0,27.73,46.76
2021-02-21 17:00:56,29.26,12.75,0.0,24.85,43.48
2021-02-21 18:00:56,28.6,13.14,0.0,30.81,48.1
2021-02-21 19:00:56,27.08,10.09,0.0,28.14,45.83
2021-02-21 20:00:56,43.34,7.48,0.0,28.55,43.56
2021-02-21 21:00:56,40.81,5.96,0.0,22.18,42.95
2021-02-21 22:00:56,45.03,5.53,0.0,27.11,42.39
2021-02-21 23:00:56,51.64,5.49,0.0,28.76,44.57
2021-02-22 00:00:56,60.94,5.36,0.0,19.1,40.27
2021-02-22 01:00:56,51.25,5.68,0.0,29.58,45.26
2021-02-22 02:00:56,53.59,0.0,0.0,30.81,47.56
2021-02-22 03:00:56,49.12,5.5,0.0,30.19,46.68
2021-02-22 04:00:56,44.58,6.42,0.0,28.76,44.57
2021-02-22 05:00:56,39.32,5.98,0.0,28.76,45.51
2021-02-22 06:00:56,39.84,6.34,0.0,32.45,47.73
2021-02-22 07:00:56,38.05,7.16,0.0,29.37,45.45
2021-02-22 08:00:56,34.55,11.38,0.0,29.17,43.64
2021-02-22 09:00:56,43.14,16.0,0.0,31.22,47.3
2021-02-22 10:00:56,84.45,35.66,0.0,29.17,43.77
2021-02-22 11:00:56,97.98,60.8,0.0,30.6,44.81
2021-02-22 12:00:56,76.34,57.35,0.0,30.4,44.47
2021-02-22 13:00:56,45.23,134.91,0.0,25.68,42.96
2021-02-22 14:00:56,31.3,73.83,0.0,31.43,45.63
2021-02-22 15:00:56,35.48,112.04,0.0,32.66,48.34
2021-02-22 16:00:56,45.7,16.65,0.0,30.19,45.87
2021-02-22 17:00:56,45.0,14.36,0.0,31.02,46.69
2021-02-22 18:00:56,47.93,55.37,0.0,31.22,47.03
2021-02-22 19:00:56,54.04,19.6,0.0,32.86,47.87
2021-02-22 20:00:56,65.42,12.0,0.0,31.43,46.03
2021-02-22 21:00:56,89.84,8.45,0.0,35.74,47.13
2021-02-22 22:00:56,70.95,8.54,0.0,32.66,47.53
2021-02-22 23:00:56,60.99,7.49,0.0,31.43,47.64
2021-02-23 00:00:56,59.42,6.11,0.0,35.12,48.39
2021-02-23 01:00:56,50.64,5.87,0.0,32.45,48.13
2021-02-23 02:00:56,49.13,0.0,0.0,29.99,45.8
2021-02-23 03:00:56,50.0,6.0,0.0,30.4,46.48
2021-02-23 04:00:56,55.95,5.13,0.0,33.48,47.68
2021-02-23 05:00:56,36.32,5.66,0.0,29.17,48.33
2021-02-23 06:00:56,36.14,7.25,0.0,32.66,47.26
2021-02-23 07:00:56,32.63,8.57,0.0,31.02,47.1
2021-02-23 08:00:56,29.5,28.32,0.0,32.45,48.27
2021-02-23 09:00:56,55.0,132.94,0.0,34.51,50.19
2021-02-23 10:00:56,79.24,288.67,0.0,32.04,48.26
2021-02-23 11:00:56,82.29,265.09,0.0,31.43,49.52
2021-02-23 12:00:56,80.46,69.46,0.0,32.25,49.27
2021-02-23 13:00:56,73.04,38.22,0.0,31.63,47.31
2021-02-23 14:00:56,42.89,21.87,0.0,29.17,46.59
2021-02-23 15:00:56,46.99,21.7,0.0,29.99,45.67
2021-02-23 16:00:56,43.02,20.01,0.0,30.19,47.21
2021-02-23 17:00:56,54.15,16.67,0.0,26.09,45.38
2021-02-23 18:00:56,53.83,13.61,0.0,30.6,48.29
2021-02-23 19:00:56,53.12,11.78,0.0,31.43,48.04
2021-02-23 20:00:56,57.84,9.65,0.0,30.81,48.5
2021-02-23 21:00:56,67.5,8.21,0.0,29.58,47.4
2021-02-23 22:00:56,57.68,7.31,0.0,29.78,47.2
2021-02-23 23:00:56,56.49,7.31,0.0,31.02,48.84
2021-02-24 00:00:56,57.69,7.03,0.0,29.37,47.46
2021-02-24 01:00:56,47.85,7.56,0.0,26.5,46.19
2021-02-24 02:00:56,47.85,0.0,0.0,31.43,49.52
2021-02-24 03:00:56,39.05,7.77,0.0,32.25,52.35
2021-02-24 04:00:56,31.81,8.53,0.0,28.96,46.65
2021-02-24 05:00:56,30.56,7.64,0.0,28.76,46.04
2021-02-24 06:00:56,24.08,7.54,0.0,28.96,47.45
2021-02-24 07:00:56,22.41,7.25,0.0,31.84,49.12
2021-02-24 08:00:56,29.11,6.79,0.0,27.32,45.54
2021-02-24 09:00:56,42.1,7.34,0.0,25.06,44.76
2021-02-24 10:00:56,51.6,8.5,0.0,27.32,45.94
2021-02-24 11:00:56,69.85,8.51,0.0,27.32,46.35
2021-02-24 12:00:56,67.3,9.49,0.0,31.43,47.91
2021-02-24 13:00:56,65.14,8.11,0.0,27.11,46.14
2021-02-24 14:00:56,62.21,6.92,0.0,29.37,45.18
2021-02-24 15:00:56,51.34,6.49,0.0,28.14,45.43
2021-02-24 16:00:56,46.98,5.93,0.0,28.35,44.43
2021-02-24 17:00:56,60.68,5.63,0.0,30.19,47.08
2021-02-24 18:00:56,57.38,4.12,0.0,28.35,46.44
2021-02-24 19:00:56,61.46,4.72,0.0,26.91,44.33
2021-02-24 20:00:56,57.26,3.99,0.0,30.4,46.88
2021-02-24 21:00:56,51.3,4.29,0.0,27.93,44.01
2021-02-24 22:00:56,36.69,4.38,0.0,28.14,45.43
2021-02-24 23:00:56,27.3,4.43,0.0,27.11,42.12
2021-02-25 00:00:56,25.29,4.44,0.0,27.11,43.59
2021-02-25 01:00:56,28.94,4.38,0.0,26.29,42.91
2021-02-25 02:00:56,27.33,0.0,0.0,30.19,47.08
2021-02-25 03:00:56,29.58,4.32,0.0,28.55,44.36
2021-02-25 04:00:56,21.09,4.65,0.0,28.76,45.24
2021-02-25 05:00:56,20.01,4.3,0.0,28.14,45.83
2021-02-25 06:00:56,22.65,3.8,0.0,27.32,43.0
2021-02-25 07:00:56,20.26,4.18,0.0,28.14,44.62
2021-02-25 08:00:56,17.7,3.87,0.0,27.32,40.72
2021-02-25 09:00:56,22.26,4.86,0.0,27.11,44.67
2021-02-25 10:00:56,31.8,6.4,0.0,29.17,45.51
2021-02-25 11:00:56,28.59,8.95,0.0,34.92,46.44
2021-02-25 12:00:56,19.55,7.9,0.0,32.04,45.31
2021-02-25 13:00:56,20.51,7.16,0.0,29.58,44.45
2021-02-25 14:00:56,24.39,6.42,0.0,25.26,43.89
2021-02-25 15:00:56,21.96,6.26,0.0,31.84,46.44
2021-02-25 16:00:56,25.22,7.24,0.0,30.6,46.68
2021-02-25 17:00:56,0.0,0.0,0.0,0.0,0.0
2021-02-25 18:00:56,35.45,6.88,0.0,27.32,43.0
2021-02-25 19:00:56,29.08,5.68,0.0,28.76,44.84
2021-02-25 20:00:56,26.8,4.73,0.0,30.6,46.01
2021-02-25 21:00:56,27.91,4.78,0.0,31.84,45.91
2021-02-25 22:00:56,31.36,5.04,0.0,33.69,50.97
2021-02-25 23:00:56,23.27,4.89,0.0,29.78,46.26
2021-02-26 00:00:56,29.23,5.0,0.0,35.33,48.33
2021-02-26 01:00:56,24.76,4.78,0.0,30.6,46.42
2021-02-26 02:00:56,27.79,0.0,0.0,32.66,47.53
2021-02-26 03:00:56,24.25,3.82,0.0,31.02,46.69
2021-02-26 04:00:56,23.57,3.09,0.0,30.19,45.2
2021-02-26 05:00:56,37.97,1.21,0.0,35.12,46.25
2021-02-26 06:00:56,32.67,3.64,0.0,33.69,48.96
2021-02-26 07:00:56,25.79,3.68,0.0,34.1,49.1
2021-02-26 08:00:56,40.37,3.71,0.0,33.69,48.69
2021-02-26 09:00:56,46.17,5.07,0.0,31.84,48.32
2021-02-26 10:00:56,45.7,10.43,0.0,26.09,43.37
2021-02-26 11:00:56,28.59,8.5,0.0,32.04,47.72
2021-02-26 12:00:56,23.63,110.95,0.0,33.69,48.69
2021-02-26 13:00:56,39.41,236.35,0.0,27.11,44.13
2021-02-26 14:00:56,63.24,320.64,0.0,34.3,51.59
2021-02-26 15:00:56,50.94,233.41,0.0,31.63,47.18
2021-02-26 16:00:56,55.68,110.29,0.0,31.63,48.25
2021-02-26 17:00:56,53.48,129.62,0.0,30.6,49.23
2021-02-26 18:00:56,51.48,64.12,0.0,28.96,47.19
2021-02-26 19:00:56,51.02,15.86,0.0,25.88,46.38
2021-02-26 20:00:56,67.77,8.31,0.0,30.4,46.61
2021-02-26 21:00:56,62.31,6.4,0.0,31.84,49.26
2021-02-26 22:00:56,63.66,5.41,0.0,30.19,48.02
2021-02-26 23:00:56,71.39,5.49,0.0,30.81,48.23
2021-02-27 00:00:56,68.08,5.25,0.0,28.35,45.36
2021-02-27 01:00:56,80.75,5.13,0.0,34.3,52.12
2021-02-27 02:00:56,81.08,0.0,0.0,31.43,48.04
2021-02-27 03:00:56,78.34,4.06,0.0,29.78,49.21
2021-02-27 04:00:56,72.0,4.53,0.0,25.06,44.76
2021-02-27 05:00:56,53.39,4.26,0.0,30.19,48.02
2021-02-27 06:00:56,43.56,4.13,0.0,29.37,48.0
2021-02-27 07:00:56,34.38,4.94,0.0,23.62,45.2
2021-02-27 08:00:56,41.82,5.28,0.0,31.22,50.65
2021-02-27 09:00:56,56.38,6.24,0.0,28.35,47.64
2021-02-27 10:00:56,61.77,29.37,0.0,30.4,47.02
2021-02-27 11:00:56,62.56,44.11,0.0,31.02,48.03
2021-02-27 12:00:56,67.48,13.43,0.0,25.88,44.91
2021-02-27 13:00:56,34.87,8.62,0.0,29.17,46.99
2021-02-27 14:00:56,19.8,7.38,0.0,28.35,47.78
2021-02-27 15:00:56,15.24,7.65,0.0,27.93,46.69
2021-02-27 16:00:56,27.89,8.75,0.0,23.42,41.37
2021-02-27 17:00:56,30.29,14.74,0.0,29.37,47.19
2021-02-27 18:00:56,48.15,9.69,0.0,22.8,41.83
2021-02-27 19:00:56,49.64,11.08,0.0,30.19,48.02
2021-02-27 20:00:56,50.25,8.85,0.0,28.35,46.17
2021-02-27 21:00:56,69.29,6.75,0.0,29.99,46.34
2021-02-27 22:00:56,79.03,6.82,0.0,29.78,45.73
2021-02-27 23:00:56,92.78,6.16,0.0,28.76,46.31
2021-02-28 00:00:56,90.42,5.16,0.0,31.22,47.84
2021-02-28 01:00:56,77.15,3.92,0.0,31.43,50.45
2021-02-28 02:00:56,68.2,5.31,0.0,25.88,44.24
2021-02-28 03:00:56,53.44,4.51,0.0,29.37,44.51
2021-02-28 04:00:56,52.44,5.18,0.0,27.11,45.34
2021-02-28 05:00:56,46.27,5.28,0.0,30.19,45.74
2021-02-28 06:00:56,41.32,5.68,0.0,26.91,45.8
2021-02-28 07:00:56,37.89,6.89,0.0,30.6,46.55
2021-02-28 08:00:56,47.1,6.19,0.0,28.96,44.77
2021-02-28 09:00:56,36.47,6.79,0.0,29.78,44.92
2021-02-28 10:00:56,31.77,7.56,0.0,26.5,43.92
2021-02-28 11:00:56,41.66,9.91,0.0,30.81,43.94
2021-02-28 12:00:56,45.41,8.31,0.0,24.24,43.53
2021-02-28 13:00:56,38.78,6.19,0.0,28.14,43.28
2021-02-28 14:00:56,24.58,5.39,0.0,38.0,51.13
2021-02-28 15:00:56,29.34,5.26,0.0,29.37,45.72
2021-02-28 16:00:56,17.74,4.61,0.0,30.19,43.73
2021-02-28 17:00:56,19.35,4.71,0.0,27.52,43.47
2021-02-28 18:00:56,13.21,4.88,0.0,26.91,42.72
2021-02-28 19:00:56,17.82,4.27,0.0,29.58,45.79
2021-02-28 20:00:56,16.79,4.46,0.0,27.32,43.8
2021-02-28 21:00:56,14.47,4.29,0.0,29.99,46.87
2021-02-28 22:00:56,18.39,4.84,0.0,29.58,44.85
2021-02-28 23:00:56,11.79,5.06,0.0,29.37,45.59
2021-03-01 00:00:56,12.81,4.78,0.0,31.84,46.17
2021-03-01 01:00:56,12.81,4.65,0.0,32.66,46.06
2021-03-01 02:00:56,11.22,0.0,0.0,28.55,44.36
2021-03-01 03:00:56,16.92,4.7,0.0,28.35,45.36
2021-03-01 04:00:56,16.18,4.72,0.0,29.37,43.84
2021-03-01 05:00:56,10.38,4.43,0.0,29.78,46.26
2021-03-01 06:00:56,10.74,4.67,0.0,34.92,51.94
2021-03-01 07:00:56,11.62,4.57,0.0,34.1,47.5
2021-03-01 08:00:56,10.36,4.58,0.0,27.52,43.34
2021-03-01 09:00:56,22.84,5.17,0.0,32.04,46.25
2021-03-01 10:00:56,30.03,6.48,0.0,34.3,49.58
2021-03-01 11:00:56,30.05,14.41,0.0,32.66,48.07
2021-03-01 12:00:56,17.43,37.16,0.0,28.96,45.85
2021-03-01 13:00:56,12.78,60.74,0.0,32.66,44.58
2021-03-01 14:00:56,14.41,141.99,0.0,33.48,47.68
2021-03-01 15:00:56,21.75,39.99,0.0,29.78,46.8
2021-03-01 16:00:56,20.26,14.46,0.0,25.47,43.56
2021-03-01 17:00:56,21.13,9.92,0.0,29.99,47.01
2021-03-01 18:00:56,17.95,7.64,0.0,32.04,48.26
2021-03-01 19:00:56,31.28,7.16,0.0,32.25,46.99
2021-03-01 20:00:56,26.64,6.37,0.0,32.45,47.19
2021-03-01 21:00:56,27.09,5.93,0.0,28.35,44.83
2021-03-01 22:00:56,24.29,5.47,0.0,29.58,47.8
2021-03-01 23:00:56,21.79,5.16,0.0,31.43,45.63
2021-03-02 00:00:56,30.74,4.94,0.0,36.15,50.22
2021-03-02 01:00:56,51.84,4.81,0.0,32.45,47.33
2021-03-02 02:00:56,54.11,0.0,0.0,31.22,46.23
2021-03-02 03:00:56,45.56,5.21,0.0,32.25,49.53
2021-03-02 04:00:56,34.07,4.88,0.0,30.19,49.22
2021-03-02 05:00:56,26.39,4.45,0.0,32.86,50.15
2021-03-02 06:00:56,17.39,3.15,0.0,30.6,48.83
2021-03-02 07:00:56,15.4,3.54,0.0,29.17,48.86
2021-03-02 08:00:56,17.31,4.02,0.0,38.0,55.02
2021-03-02 09:00:56,34.36,5.07,0.0,27.73,46.35
2021-03-02 10:00:56,38.54,11.07,0.0,30.81,49.7
2021-03-02 11:00:56,36.67,38.91,0.0,29.58,48.07
2021-03-02 12:00:56,24.05,318.87,0.0,31.43,48.44
2021-03-02 13:00:56,32.57,179.91,0.0,31.43,48.44
2021-03-02 14:00:56,28.76,47.05,0.0,31.43,47.64
2021-03-02 15:00:56,23.18,30.46,0.0,32.25,50.34
2021-03-02 16:00:56,31.93,38.36,0.0,29.17,47.26
2021-03-02 17:00:56,20.25,137.75,0.0,31.22,47.03
2021-03-02 18:00:56,31.02,59.3,0.0,29.17,48.6
2021-03-02 19:00:56,37.11,21.56,0.0,32.66,52.76
2021-03-02 20:00:56,38.45,12.07,0.0,29.37,48.4
2021-03-02 21:00:56,40.26,8.73,0.0,30.4,46.88
2021-03-02 22:00:56,37.01,6.98,0.0,28.35,47.24
2021-03-02 23:00:56,29.53,5.09,0.0,32.25,52.08
2021-03-03 00:00:56,30.25,4.55,0.0,35.53,50.01
2021-03-03 01:00:56,40.65,4.7,0.0,30.81,48.23
2021-03-03 02:00:56,37.52,0.0,0.0,29.99,46.47
2021-03-03 03:00:56,47.22,4.6,0.0,29.37,47.6
2021-03-03 04:00:56,43.13,4.62,0.0,28.96,45.58
2021-03-03 05:00:56,43.72,4.85,0.0,31.84,50.73
2021-03-03 06:00:56,37.77,5.07,0.0,33.89,50.51
2021-03-03 07:00:56,32.26,5.1,0.0,30.81,47.83
2021-03-03 08:00:56,45.47,5.16,0.0,30.4,48.89
2021-03-03 09:00:56,45.79,7.38,0.0,29.99,48.48
2021-03-03 10:00:56,52.56,18.1,0.0,31.63,48.92
2021-03-03 11:00:56,29.09,17.15,0.0,28.55,48.78
2021-03-03 12:00:56,20.09,13.82,0.0,31.43,47.91
2021-03-03 13:00:56,20.4,10.45,0.0,23.0,42.43
2021-03-03 14:00:56,28.56,11.87,0.0,30.4,47.02
2021-03-03 15:00:56,99.04,10.59,0.0,26.29,44.92
2021-03-03 16:00:56,160.76,8.02,0.0,29.58,45.12
2021-03-03 17:00:56,129.78,7.19,0.0,25.47,42.89
2021-03-03 18:00:56,93.86,7.26,0.0,30.81,46.35
2021-03-03 19:00:56,67.81,5.24,0.0,27.93,44.42
2021-03-03 20:00:56,56.16,5.57,0.0,26.29,42.77
2021-03-03 21:00:56,50.45,5.75,0.0,25.47,43.96
2021-03-03 22:00:56,36.6,5.36,0.0,27.73,44.61
2021-03-03 23:00:56,41.4,5.32,0.0,28.14,45.02
2021-03-04 00:00:56,30.7,5.64,0.0,30.4,46.61
2021-03-04 01:00:56,29.18,5.52,0.0,27.73,44.21
2021-03-04 02:00:56,19.06,0.0,0.0,24.65,41.67
2021-03-04 03:00:56,23.37,8.52,0.0,28.96,45.44
2021-03-04 04:00:56,21.92,6.11,0.0,31.22,46.5
2021-03-04 05:00:56,16.73,5.78,0.0,29.37,45.99
2021-03-04 06:00:56,10.98,4.49,0.0,30.4,46.61
2021-03-04 07:00:56,12.57,3.34,0.0,31.02,46.83
2021-03-04 08:00:56,10.71,3.72,0.0,27.32,43.8
2021-03-04 09:00:56,20.22,4.93,0.0,30.19,45.2
2021-03-04 10:00:56,29.33,38.94,0.0,29.37,45.85
2021-03-04 11:00:56,27.42,47.18,0.0,29.58,45.39
2021-03-04 12:00:56,27.34,28.86,0.0,32.04,50.53
2021-03-04 13:00:56,17.77,16.71,0.0,32.04,47.99
2021-03-04 14:00:56,13.28,14.12,0.0,32.25,46.05
2021-03-04 15:00:56,20.05,12.25,0.0,31.22,46.76
2021-03-04 16:00:56,17.56,9.5,0.0,29.17,45.51
2021-03-04 17:00:56,28.97,8.83,0.0,30.6,47.62
2021-03-04 18:00:56,25.55,7.23,0.0,32.25,47.79
2021-03-04 19:00:56,25.33,6.21,0.0,29.78,44.79
2021-03-04 20:00:56,33.73,5.48,0.0,30.81,45.42
2021-03-04 21:00:56,45.68,4.56,0.0,28.96,43.3
2021-03-04 22:00:56,51.36,4.22,0.0,33.48,48.22
2021-03-04 23:00:56,64.38,4.55,0.0,26.91,45.0
2021-03-05 00:00:56,75.08,4.93,0.0,34.51,49.11
2021-03-05 01:00:56,73.83,4.29,0.0,29.17,44.31
2021-03-05 02:00:56,68.57,0.0,0.0,30.4,46.61
2021-03-05 03:00:56,63.75,4.54,0.0,31.63,47.04
2021-03-05 04:00:56,40.23,4.92,0.0,28.14,45.83
2021-03-05 05:00:56,28.71,4.8,0.0,32.66,48.2
2021-03-05 06:00:56,35.04,4.41,0.0,31.43,46.17
2021-03-05 07:00:56,27.44,4.89,0.0,33.89,46.89
2021-03-05 08:00:56,37.52,5.64,0.0,35.53,52.02
2021-03-05 09:00:56,57.06,11.6,0.0,30.4,46.88
2021-03-05 10:00:56,81.06,51.83,0.0,33.27,48.28
2021-03-05 11:00:56,78.16,156.83,0.0,34.3,50.65
2021-03-05 12:00:56,77.06,22.83,0.0,29.99,44.33
2021-03-05 13:00:56,49.59,11.71,0.0,26.5,44.45
2021-03-05 14:00:56,27.73,16.62,0.0,30.4,45.54
2021-03-05 15:00:56,30.65,29.8,0.0,30.81,46.62
2021-03-05 16:00:56,74.04,18.26,0.0,30.6,44.94
2021-03-05 17:00:56,79.71,17.1,0.0,32.25,46.18
2021-03-05 18:00:56,83.58,19.87,0.0,31.02,45.76
2021-03-05 19:00:56,84.56,17.94,0.0,27.93,46.96
2021-03-05 20:00:56,114.68,16.74,0.0,32.04,47.59
2021-03-05 21:00:56,116.15,12.86,0.0,33.27,49.49
2021-03-05 22:00:56,138.01,9.81,0.0,29.99,47.01
2021-03-05 23:00:56,157.07,9.47,0.0,30.6,47.22
2021-03-06 00:00:56,146.25,9.12,0.0,30.4,47.15
2021-03-06 01:00:56,122.17,7.64,0.0,30.81,46.76
2021-03-06 02:00:56,110.07,0.0,0.0,35.33,54.49
2021-03-06 03:00:56,79.53,9.95,0.0,29.99,47.14
2021-03-06 04:00:56,75.5,11.15,0.0,26.5,46.73
2021-03-06 05:00:56,65.52,17.54,0.0,30.19,47.75
2021-03-06 06:00:56,71.03,38.39,0.0,31.43,50.86
2021-03-06 07:00:56,56.44,73.87,0.0,32.25,48.46
2021-03-06 08:00:56,51.2,42.78,0.0,31.02,47.36
2021-03-06 09:00:56,70.74,35.23,0.0,28.76,48.19
2021-03-06 10:00:56,78.24,46.93,0.0,31.63,47.85
2021-03-06 11:00:56,73.56,52.6,0.0,26.09,46.05
2021-03-06 12:00:56,85.08,36.95,0.0,25.88,45.04
2021-03-06 13:00:56,55.53,179.1,0.0,29.58,47.94
2021-03-06 14:00:56,51.64,95.38,0.0,22.59,41.62
2021-03-06 15:00:56,64.0,13.27,0.0,32.66,49.01
2021-03-06 16:00:56,72.71,21.25,0.0,26.09,44.71
2021-03-06 17:00:56,91.01,19.76,0.0,29.78,47.74
2021-03-06 18:00:56,88.18,16.81,0.0,26.7,44.93
2021-03-06 19:00:56,81.88,10.8,0.0,30.6,46.95
2021-03-06 20:00:56,83.02,8.25,0.0,32.45,49.87
2021-03-06 21:00:56,80.45,5.92,0.0,32.25,46.18
2021-03-06 22:00:56,99.78,5.99,0.0,28.14,46.36
2021-03-06 23:00:56,102.82,5.74,0.0,28.35,45.77
2021-03-07 00:00:56,88.66,5.72,0.0,28.76,48.05
2021-03-07 01:00:56,66.04,4.78,0.0,27.52,45.48
2021-03-07 02:00:56,51.48,0.0,0.0,32.86,45.19
2021-03-07 03:00:56,40.44,3.92,0.0,28.35,45.63
2021-03-07 04:00:56,35.66,4.0,0.0,27.32,43.67
2021-03-07 05:00:56,20.92,3.9,0.0,31.02,47.9
2021-03-07 06:00:56,20.23,4.44,0.0,29.37,46.39
2021-03-07 07:00:56,26.63,4.07,0.0,28.55,46.77
2021-03-07 08:00:56,21.47,4.29,0.0,27.93,46.16
2021-03-07 09:00:56,21.36,4.17,0.0,28.76,45.24
2021-03-07 10:00:56,16.27,3.94,0.0,28.14,47.17
2021-03-07 11:00:56,20.11,4.53,0.0,28.35,44.16
2021-03-07 12:00:56,11.25,5.72,0.0,29.37,44.25
2021-03-07 13:00:56,8.87,5.53,0.0,30.19,45.87
2021-03-07 14:00:56,6.66,5.96,0.0,28.14,45.16
2021-03-07 15:00:56,7.12,4.98,0.0,30.6,45.88
2021-03-07 16:00:56,12.99,5.13,0.0,29.99,45.67
2021-03-07 17:00:56,10.85,3.79,0.0,27.52,44.94
2021-03-07 18:00:56,15.02,2.73,0.0,27.73,45.01
2021-03-07 19:00:56,19.47,3.99,0.0,29.17,44.98
2021-03-07 20:00:56,21.4,3.39,0.0,27.52,45.61
2021-03-07 21:00:56,19.08,3.57,0.0,23.83,44.46
2021-03-07 22:00:56,12.91,2.61,0.0,32.45,51.88
2021-03-07 23:00:56,15.02,3.97,0.0,31.22,46.09
2021-03-08 00:00:56,14.11,3.89,0.0,29.78,46.4
2021-03-08 01:00:56,13.72,4.07,0.0,29.78,44.79
2021-03-08 02:00:56,8.01,0.0,0.0,29.99,45.67
2021-03-08 03:00:56,6.33,4.01,0.0,29.37,45.59
2021-03-08 04:00:56,6.87,3.9,0.0,31.02,47.1
2021-03-08 05:00:56,7.99,4.37,0.0,25.88,42.5
2021-03-08 06:00:56,10.42,4.11,0.0,32.04,46.25
2021-03-08 07:00:56,7.56,4.17,0.0,30.19,45.34
2021-03-08 08:00:56,11.77,3.84,0.0,29.58,47.8
2021-03-08 09:00:56,17.94,5.4,0.0,30.81,45.55
2021-03-08 10:00:56,32.04,22.54,0.0,28.96,42.5
2021-03-08 11:00:56,26.41,33.29,0.0,32.04,46.25
2021-03-08 12:00:56,13.4,19.09,0.0,28.96,43.17
2021-03-08 13:00:56,8.03,12.35,0.0,32.45,44.78
2021-03-08 14:00:56,6.48,14.23,0.0,31.43,46.03
2021-03-08 15:00:56,8.1,38.3,0.0,30.19,46.41
2021-03-08 16:00:56,19.38,73.85,0.0,29.58,46.19
2021-03-08 17:00:56,14.75,18.07,0.0,28.55,44.9
2021-03-08 18:00:56,22.32,13.52,0.0,33.89,47.42
2021-03-08 19:00:56,31.51,9.14,0.0,30.81,46.76
2021-03-08 20:00:56,39.72,8.3,0.0,33.27,49.09
2021-03-08 21:00:56,34.42,6.91,0.0,35.74,51.95
2021-03-08 22:00:56,27.62,6.03,0.0,30.4,45.54
2021-03-08 23:00:56,44.15,5.35,0.0,23.83,42.05
2021-03-09 00:00:56,55.25,4.61,0.0,33.48,46.48
2021-03-09 01:00:56,56.23,4.8,0.0,31.22,46.76
2021-03-09 02:00:56,53.54,0.0,0.0,30.19,48.15
2021-03-09 03:00:56,43.38,4.64,0.0,32.04,46.25
2021-03-09 04:00:56,32.41,4.34,0.0,33.89,47.29
2021-03-09 05:00:56,37.26,4.19,0.0,33.48,47.82
2021-03-09 06:00:56,30.04,4.88,0.0,27.73,45.55
2021-03-09 07:00:56,32.38,4.07,0.0,32.04,48.66
2021-03-09 08:00:56,33.22,5.22,0.0,32.25,48.06
2021-03-09 09:00:56,42.17,6.19,0.0,32.86,48.27
2021-03-09 10:00:56,59.55,19.21,0.0,32.86,48.54
2021-03-09 11:00:56,37.45,13.69,0.0,33.27,49.49
2021-03-09 12:00:56,32.27,175.42,0.0,25.47,41.01
2021-03-09 13:00:56,38.66,51.07,0.0,32.66,46.19
2021-03-09 14:00:56,41.33,329.22,0.0,29.58,46.19
2021-03-09 15:00:56,30.8,195.9,0.0,30.19,46.41
2021-03-09 16:00:56,38.13,32.81,0.0,30.81,48.77
2021-03-09 17:00:56,29.15,73.86,0.0,25.06,42.21
2021-03-09 18:00:56,28.45,28.25,0.0,29.58,46.6
2021-03-09 19:00:56,32.76,10.95,0.0,37.59,54.74
2021-03-09 20:00:56,38.07,7.81,0.0,31.84,46.98
2021-03-09 21:00:56,52.61,7.92,0.0,30.81,46.22
2021-03-09 22:00:56,47.52,6.8,0.0,29.58,48.47
2021-03-09 23:00:56,41.32,6.62,0.0,26.29,45.99
2021-03-10 00:00:56,45.72,5.67,0.0,29.78,47.6
2021-03-10 01:00:56,52.2,5.24,0.0,29.58,47.8
2021-03-10 02:00:56,69.42,0.0,0.0,30.6,48.69
2021-03-10 03:00:56,70.19,4.97,0.0,32.04,50.27
2021-03-10 04:00:56,62.75,4.86,0.0,29.58,48.47
2021-03-10 05:00:56,46.13,5.76,0.0,26.7,46.53
2021-03-10 06:00:56,47.66,6.06,0.0,26.29,48.13
2021-03-10 07:00:56,44.22,5.69,0.0,33.69,46.82
2021-03-10 08:00:56,41.61,6.12,0.0,28.96,47.45
2021-03-10 09:00:56,60.53,15.65,0.0,26.29,45.19
2021-03-10 10:00:56,70.36,175.24,0.0,30.6,48.29
2021-03-10 11:00:56,85.38,250.78,0.0,26.5,47.13
2021-03-10 12:00:56,79.4,37.2,0.0,30.19,48.82
2021-03-10 13:00:56,42.56,18.44,0.0,26.7,41.84
2021-03-10 14:00:56,26.14,16.12,0.0,30.19,46.94
2021-03-10 15:00:56,27.78,16.7,0.0,28.35,46.3
2021-03-10 16:00:56,30.39,18.14,0.0,32.45,50.28
2021-03-10 17:00:56,48.76,24.03,0.0,31.84,50.6
2021-03-10 18:00:56,52.72,17.02,0.0,30.6,47.09
2021-03-10 19:00:56,44.78,12.22,0.0,31.63,50.66
2021-03-10 20:00:56,41.84,11.96,0.0,29.58,49.01
2021-03-10 21:00:56,49.57,10.83,0.0,29.78,46.13
2021-03-10 22:00:56,54.56,9.81,0.0,26.29,43.71
2021-03-10 23:00:56,60.14,10.25,0.0,27.32,46.75
2021-03-11 00:00:56,57.67,10.55,0.0,31.43,51.39
2021-03-11 01:00:56,57.31,10.31,0.0,31.43,49.52
2021-03-11 02:00:56,61.75,0.0,0.0,27.52,45.88
2021-03-11 03:00:56,56.12,9.1,0.0,27.73,45.28
2021-03-11 04:00:56,46.18,9.82,0.0,26.91,44.46
2021-03-11 05:00:56,41.41,9.47,0.0,27.52,44.01
2021-03-11 06:00:56,30.08,9.38,0.0,25.47,44.23
2021-03-11 07:00:56,40.71,8.89,0.0,31.63,48.52
2021-03-11 08:00:56,40.18,8.83,0.0,27.32,45.41
2021-03-11 09:00:56,43.36,8.75,0.0,26.91,43.66
2021-03-11 10:00:56,53.8,7.51,0.0,26.7,44.26
2021-03-11 11:00:56,0.0,0.0,0.0,28.76,46.18
2021-03-11 12:00:56,0.75,4.46,420.21,0.0,0.0
2021-03-11 13:00:56,6.61,7.87,0.0,26.29,46.12
2021-03-11 14:00:56,14.32,7.42,0.0,27.32,45.27
2021-03-11 15:00:56,21.78,6.0,99.76,29.78,48.14
2021-03-11 16:00:56,23.23,5.2,273.98,32.25,48.06
2021-03-11 17:00:56,22.43,4.9,366.38,27.52,46.15
2021-03-11 18:00:56,20.65,4.99,467.71,32.04,51.47
2021-03-11 19:00:56,15.62,4.95,595.37,29.78,47.74
2021-03-11 20:00:56,22.87,4.58,573.76,32.45,52.69
2021-03-11 21:00:56,15.23,4.77,516.19,33.07,49.82
2021-03-11 22:00:56,18.5,4.47,188.75,31.63,50.79
2021-03-11 23:00:56,23.44,4.69,402.36,29.17,47.93
2021-03-12 00:00:56,23.09,4.67,0.0,31.02,48.44
2021-03-12 01:00:56,17.9,4.33,0.0,29.78,48.01
2021-03-12 02:00:56,24.18,0.0,0.0,29.17,46.72
2021-03-12 03:00:56,21.44,4.87,0.0,30.19,46.41
2021-03-12 04:00:56,24.2,5.26,0.0,29.37,47.86
2021-03-12 05:00:56,25.78,4.58,0.0,37.59,57.69
2021-03-12 06:00:56,29.46,4.56,0.0,31.22,49.31
2021-03-12 07:00:56,23.05,3.84,0.0,29.37,48.4
2021-03-12 08:00:56,22.12,3.92,0.0,28.76,46.44
2021-03-12 09:00:56,16.85,5.33,0.0,29.58,45.79
2021-03-12 10:00:56,35.97,5.11,0.0,27.11,44.4
2021-03-12 11:00:56,31.7,4.93,0.0,29.58,47.27
2021-03-12 12:00:56,24.69,4.75,0.0,27.32,46.35
2021-03-12 13:00:56,16.42,5.34,0.0,31.22,49.44
2021-03-12 14:00:56,21.9,6.52,0.0,28.14,45.96
2021-03-12 15:00:56,26.44,4.58,0.0,29.99,46.6
2021-03-12 16:00:56,25.91,19.72,0.0,29.58,47.67
2021-03-12 17:00:56,33.81,18.72,0.0,30.6,48.29
2021-03-12 18:00:56,32.96,25.57,0.0,29.17,46.59
2021-03-12 19:00:56,34.94,26.88,0.0,30.4,48.89
2021-03-12 20:00:56,27.3,11.7,0.0,30.81,47.69
2021-03-12 21:00:56,54.5,10.69,355.35,26.09,45.11
2021-03-12 22:00:56,50.62,8.66,2102.72,32.45,47.06
2021-03-12 23:00:56,48.1,9.09,1367.92,30.4,47.69
2021-03-13 00:00:56,63.03,7.89,1015.06,27.32,44.34
2021-03-13 01:00:56,48.48,6.29,1224.28,28.76,45.77
2021-03-13 02:00:56,39.05,0.0,0.0,25.68,44.7
2021-03-13 03:00:56,31.37,5.95,0.0,29.37,45.99
2021-03-13 04:00:56,31.69,6.2,0.0,26.5,44.59
2021-03-13 05:00:56,30.95,5.8,0.0,27.73,46.62
2021-03-13 06:00:56,26.53,5.27,0.0,26.09,44.18
2021-03-13 07:00:56,16.39,5.46,0.0,27.11,44.0
2021-03-13 08:00:56,17.44,6.0,0.0,28.55,43.83
2021-03-13 09:00:56,32.72,10.12,0.0,28.35,42.68
2021-03-13 10:00:56,43.33,67.43,0.0,28.35,44.83
2021-03-13 11:00:56,38.74,67.0,0.0,26.5,42.71
2021-03-13 12:00:56,41.38,28.88,0.0,27.93,45.09
2021-03-13 13:00:56,25.62,9.63,0.0,31.22,49.58
2021-03-13 14:00:56,26.71,6.49,0.0,29.99,46.6
2021-03-13 15:00:56,39.92,6.06,0.0,26.5,45.52
2021-03-13 16:00:56,33.69,5.51,0.0,29.17,47.39
2021-03-13 17:00:56,21.55,5.32,0.0,29.17,45.38
2021-03-13 18:00:56,32.89,8.87,0.0,27.52,45.88
2021-03-13 19:00:56,32.42,19.65,0.0,29.99,45.4
2021-03-13 20:00:56,47.11,24.15,0.0,24.24,43.67
2021-03-13 21:00:56,92.66,13.05,0.0,21.98,42.21
2021-03-13 22:00:56,103.37,12.53,0.0,33.07,50.22
2021-03-13 23:00:56,100.27,9.72,0.0,28.35,45.77
2021-03-14 00:00:56,106.12,8.56,0.0,28.14,44.49
2021-03-14 01:00:56,99.08,9.08,0.0,33.27,47.48
2021-03-14 02:00:56,100.03,0.0,0.0,31.63,46.24
2021-03-14 03:00:56,79.61,8.37,0.0,31.22,47.17
2021-03-14 04:00:56,56.41,6.84,0.0,32.86,50.69
2021-03-14 05:00:56,62.04,6.14,0.0,31.63,48.78
2021-03-14 06:00:56,39.07,5.67,0.0,32.25,47.79
2021-03-14 07:00:56,30.63,4.94,0.0,35.33,53.28
2021-03-14 08:00:56,39.31,5.18,0.0,35.53,48.13
2021-03-14 09:00:56,38.02,19.1,0.0,31.84,46.58
2021-03-14 10:00:56,63.34,275.14,0.0,33.69,48.29
2021-03-14 11:00:56,70.71,611.86,0.0,30.81,46.35
2021-03-14 12:00:56,93.79,249.11,0.0,27.32,44.34
2021-03-14 13:00:56,70.74,1075.02,0.0,35.12,54.15
2021-03-14 14:00:56,63.78,258.95,0.0,29.37,44.38
2021-03-14 15:00:56,62.96,34.81,0.0,29.99,46.74
2021-03-14 16:00:56,61.92,26.78,0.0,27.93,43.08
2021-03-14 17:00:56,65.55,14.33,0.0,31.22,47.84
2021-03-14 18:00:56,62.3,11.94,0.0,31.63,45.97
2021-03-14 19:00:56,72.77,17.09,0.0,32.04,46.92
2021-03-14 20:00:56,78.61,11.92,0.0,26.5,43.25
2021-03-14 21:00:56,96.77,11.0,0.0,28.35,46.03
2021-03-14 22:00:56,112.52,10.1,0.0,30.19,46.68
2021-03-14 23:00:56,115.82,8.45,0.0,33.48,47.55
2021-03-15 00:00:56,108.68,7.13,0.0,32.66,47.53
2021-03-15 01:00:56,109.71,6.37,0.0,32.25,48.33
2021-03-15 02:00:56,106.87,0.0,0.0,35.95,52.02
2021-03-15 03:00:56,93.31,6.45,0.0,30.6,47.89
2021-03-15 04:00:56,81.97,6.72,0.0,31.02,47.9
2021-03-15 05:00:56,72.43,6.39,0.0,31.02,50.18
2021-03-15 06:00:56,82.49,9.32,0.0,33.27,47.75
2021-03-15 07:00:56,61.72,15.11,0.0,33.89,47.42
2021-03-15 08:00:56,32.11,13.49,0.0,30.19,49.09
2021-03-15 09:00:56,19.1,15.98,0.0,29.17,46.32
2021-03-15 10:00:56,28.06,29.21,0.0,28.14,45.02
2021-03-15 11:00:56,31.69,502.48,0.0,29.58,48.34
2021-03-15 12:00:56,62.61,432.85,0.0,31.63,49.72
2021-03-15 13:00:56,84.84,992.33,0.0,28.76,47.11
2021-03-15 14:00:56,89.67,290.16,0.0,34.92,49.39
2021-03-15 15:00:56,99.46,39.34,784.07,31.63,47.31
2021-03-15 16:00:56,111.32,28.64,769.58,35.95,54.84
2021-03-15 17:00:56,112.92,24.61,576.49,30.19,49.76
2021-03-15 18:00:56,112.94,19.89,514.1,33.07,48.61
2021-03-15 19:00:56,116.14,53.39,1145.39,29.78,47.87
2021-03-15 20:00:56,111.63,130.44,351.12,25.06,43.82
2021-03-15 21:00:56,104.97,39.57,97.73,29.58,49.28
2021-03-15 22:00:56,70.0,27.56,76.42,29.78,48.68
2021-03-15 23:00:56,46.79,25.09,193.33,22.8,44.78
2021-03-16 00:00:56,34.05,24.18,304.72,20.54,42.78
2021-03-16 01:00:56,25.43,22.43,144.42,30.4,49.03
2021-03-16 02:00:56,15.92,0.0,0.0,26.29,46.93
2021-03-16 03:00:56,16.0,19.93,0.0,31.02,48.84
2021-03-16 04:00:56,21.26,16.78,0.0,28.55,46.64
2021-03-16 05:00:56,13.99,17.8,0.0,27.93,45.35
2021-03-16 06:00:56,14.92,22.38,0.0,29.99,46.07
2021-03-16 07:00:56,10.03,22.93,0.0,26.7,47.61
2021-03-16 08:00:56,11.53,24.76,0.0,32.45,46.79
2021-03-16 09:00:56,14.51,30.32,0.0,29.17,47.79
2021-03-16 10:00:56,14.98,24.39,0.0,29.78,46.53
2021-03-16 11:00:56,14.04,18.74,0.0,29.58,47.53
2021-03-16 12:00:56,27.5,16.28,0.0,28.96,46.65
2021-03-16 13:00:56,17.59,11.24,0.0,31.43,49.52
2021-03-16 14:00:56,21.41,12.72,0.0,27.93,46.02
2021-03-16 15:00:56,13.13,10.85,0.0,30.4,47.28
2021-03-16 16:00:56,10.82,7.5,0.0,30.4,46.88
2021-03-16 17:00:56,29.28,10.18,0.0,29.78,45.73
2021-03-16 18:00:56,41.12,8.82,0.0,29.58,47.13
2021-03-16 19:00:56,37.94,7.05,0.0,30.19,47.75
2021-03-16 20:00:56,38.38,9.28,0.0,25.47,44.23
2021-03-16 21:00:56,45.7,9.1,0.0,29.37,44.65
2021-03-16 22:00:56,54.37,8.92,0.0,25.68,46.04
2021-03-16 23:00:56,47.38,8.52,0.0,27.73,45.82
2021-03-17 00:00:56,34.47,5.95,0.0,28.55,45.7
2021-03-17 01:00:56,31.03,6.59,0.0,29.37,45.32
2021-03-17 02:00:56,34.19,0.0,0.0,27.73,45.28
2021-03-17 03:00:56,23.8,13.04,0.0,30.81,49.7
2021-03-17 04:00:56,12.54,12.48,0.0,29.99,45.53
2021-03-17 05:00:56,6.98,10.08,0.0,33.69,48.43
2021-03-17 06:00:56,4.22,8.04,0.0,31.22,50.11
2021-03-17 07:00:56,3.74,8.74,0.0,29.17,47.93
2021-03-17 08:00:56,3.1,9.1,0.0,27.73,45.68
2021-03-17 09:00:56,8.93,9.17,0.0,26.29,41.43
2021-03-17 10:00:56,30.57,10.47,0.0,28.55,45.43
2021-03-17 11:00:56,46.73,14.89,0.0,29.58,45.12
2021-03-17 12:00:56,66.55,39.16,0.0,32.04,47.32
2021-03-17 13:00:56,129.05,25.79,0.0,28.14,44.89
2021-03-17 14:00:56,129.35,61.79,0.0,28.76,43.09
2021-03-17 15:00:56,88.64,11.54,0.0,29.17,44.44
2021-03-17 16:00:56,65.44,12.75,0.0,27.52,44.41
2021-03-17 17:00:56,59.49,74.0,0.0,27.73,45.68
2021-03-17 18:00:56,59.73,16.18,0.0,28.35,46.03
2021-03-17 19:00:56,61.29,14.78,0.0,28.35,44.43
2021-03-17 20:00:56,58.04,17.15,0.0,26.91,44.6
2021-03-17 21:00:56,74.35,15.99,0.0,32.04,46.11
2021-03-17 22:00:56,94.51,13.21,0.0,32.25,45.38
2021-03-17 23:00:56,78.84,10.78,0.0,30.81,47.16
2021-03-18 00:00:56,41.25,10.19,0.0,28.14,44.22
2021-03-18 01:00:56,24.48,8.98,0.0,29.78,44.26
2021-03-18 02:00:56,16.33,0.0,0.0,26.91,44.19
2021-03-18 03:00:56,21.31,8.3,0.0,28.35,45.63
2021-03-18 04:00:56,23.3,7.81,0.0,28.35,43.49
2021-03-18 05:00:56,19.93,8.24,0.0,27.11,43.86
2021-03-18 06:00:56,21.55,6.72,0.0,25.88,43.17
2021-03-18 07:00:56,28.89,6.88,0.0,29.58,43.92
2021-03-18 08:00:56,20.67,7.79,0.0,28.14,43.82
2021-03-18 09:00:56,34.9,15.08,0.0,26.7,42.78
2021-03-18 10:00:56,22.4,10.65,0.0,32.04,46.78
2021-03-18 11:00:56,16.79,8.23,0.0,28.14,44.22
2021-03-18 12:00:56,19.37,6.83,0.0,32.25,46.72
2021-03-18 13:00:56,13.34,5.51,0.0,33.48,47.01
2021-03-18 14:00:56,16.99,6.04,0.0,27.93,44.68
2021-03-18 15:00:56,16.98,6.24,0.0,30.6,45.48
2021-03-18 16:00:56,28.37,9.27,0.0,27.93,43.21
2021-03-18 17:00:56,34.97,16.07,0.0,33.27,47.75
2021-03-18 18:00:56,36.76,10.58,0.0,30.19,46.27
2021-03-18 19:00:56,28.74,9.31,0.0,28.96,44.24
2021-03-18 20:00:56,36.51,9.02,0.0,29.99,45.53
2021-03-18 21:00:56,27.87,6.93,0.0,33.69,48.16
2021-03-18 22:00:56,20.04,7.27,0.0,33.07,46.6
2021-03-18 23:00:56,24.26,7.3,0.0,29.78,44.92
2021-03-19 00:00:56,25.8,6.65,0.0,33.07,45.67
2021-03-19 01:00:56,29.05,5.73,0.0,30.81,47.02
2021-03-19 02:00:56,16.67,0.0,0.0,33.48,48.49
2021-03-19 03:00:56,12.08,5.33,0.0,30.6,44.94
2021-03-19 04:00:56,11.93,6.15,0.0,30.6,44.54
2021-03-19 05:00:56,9.02,5.34,0.0,33.48,46.48
2021-03-19 06:00:56,11.87,4.89,0.0,30.81,47.02
2021-03-19 07:00:56,13.05,4.91,0.0,33.48,48.89
2021-03-19 08:00:56,23.07,13.37,0.0,30.4,44.74
2021-03-19 09:00:56,16.1,23.66,0.0,34.51,49.52
2021-03-19 10:00:56,26.26,116.04,0.0,31.84,52.07
2021-03-19 11:00:56,22.94,204.1,0.0,31.63,45.57
2021-03-19 12:00:56,28.78,87.25,0.0,31.02,46.56
2021-03-19 13:00:56,33.4,25.65,0.0,32.04,49.19
2021-03-19 14:00:56,18.73,28.77,0.0,31.63,48.38
2021-03-19 15:00:56,17.81,152.94,0.0,31.84,47.78
2021-03-19 16:00:56,29.44,147.31,0.0,31.63,48.25
2021-03-19 17:00:56,41.04,53.74,0.0,29.58,46.33
2021-03-19 18:00:56,38.7,21.48,0.0,30.6,48.02
2021-03-19 19:00:56,37.55,18.02,0.0,30.19,45.74
2021-03-19 20:00:56,56.87,17.16,0.0,30.6,47.62
2021-03-19 21:00:56,56.6,12.86,0.0,27.73,45.28
2021-03-19 22:00:56,41.17,10.44,0.0,31.22,48.24
2021-03-19 23:00:56,43.61,7.61,0.0,36.77,54.19
2021-03-20 00:00:56,35.34,6.84,0.0,30.19,49.22
2021-03-20 01:00:56,30.6,6.36,0.0,31.43,49.65
2021-03-20 02:00:56,21.47,0.0,0.0,30.4,48.36
2021-03-20 03:00:56,34.09,5.49,0.0,26.7,44.93
2021-03-20 04:00:56,33.01,5.4,0.0,29.99,46.74
2021-03-20 05:00:56,23.83,5.4,0.0,25.47,43.29
2021-03-20 06:00:56,22.37,6.42,0.0,29.58,46.19
2021-03-20 07:00:56,27.3,6.8,0.0,32.04,49.19
2021-03-20 08:00:56,39.35,7.3,0.0,29.99,48.61
2021-03-20 09:00:56,44.63,11.22,0.0,30.4,47.42
2021-03-20 10:00:56,35.63,14.24,0.0,26.7,46.94
2021-03-20 11:00:56,36.18,11.83,0.0,29.78,47.2
2021-03-20 12:00:56,38.05,10.52,0.0,30.6,49.77
2021-03-20 13:00:56,24.64,9.59,0.0,31.02,47.36
2021-03-20 14:00:56,27.99,18.1,0.0,26.29,45.86
2021-03-20 15:00:56,19.68,76.43,0.0,26.29,45.72
2021-03-20 16:00:56,27.96,29.79,0.0,27.11,44.53
2021-03-20 17:00:56,34.33,20.63,0.0,31.84,50.19
2021-03-20 18:00:56,18.89,16.17,0.0,24.03,42.39
2021-03-20 19:00:56,12.09,10.43,0.0,28.14,46.5
2021-03-20 20:00:56,15.09,8.25,0.0,31.84,50.06
2021-03-20 21:00:56,23.9,8.6,0.0,28.55,46.91
2021-03-20 22:00:56,29.88,7.97,0.0,29.58,45.93
2021-03-20 23:00:56,40.88,6.57,0.0,31.22,47.84
2021-03-21 00:00:56,43.11,6.52,0.0,32.45,49.47
2021-03-21 01:00:56,46.1,5.73,0.0,33.27,52.3
2021-03-21 02:00:56,35.96,5.3,0.0,28.55,45.57
2021-03-21 03:00:56,28.39,4.7,0.0,29.37,46.12
2021-03-21 04:00:56,25.0,4.88,0.0,24.85,43.21
2021-03-21 05:00:56,13.65,4.09,0.0,25.47,43.83
2021-03-21 06:00:56,10.39,3.81,0.0,29.58,45.52
2021-03-21 07:00:56,6.55,3.75,0.0,30.4,47.42
2021-03-21 08:00:56,6.46,3.99,0.0,25.88,42.9
2021-03-21 09:00:56,13.79,4.04,0.0,27.73,45.55
2021-03-21 10:00:56,8.68,4.5,0.0,29.78,47.6
2021-03-21 11:00:56,5.85,5.59,0.0,28.14,46.1
2021-03-21 12:00:56,5.49,7.16,0.0,27.93,44.95
2021-03-21 13:00:56,4.75,6.12,0.0,26.91,45.53
2021-03-21 14:00:56,4.46,5.61,0.0,29.37,42.5
2021-03-21 15:00:56,4.23,1.3,0.0,26.91,43.66
2021-03-21 16:00:56,10.2,5.17,0.0,27.73,43.54
2021-03-21 17:00:56,14.57,4.86,0.0,27.52,44.14
2021-03-21 18:00:56,10.68,4.5,0.0,25.26,43.09
2021-03-21 19:00:56,16.1,4.22,0.0,25.26,40.41
2021-03-21 20:00:56,10.07,4.14,0.0,24.65,42.6
2021-03-21 21:00:56,13.36,4.27,0.0,27.32,43.93
2021-03-21 22:00:56,11.81,3.98,0.0,26.09,43.64
2021-03-21 23:00:56,19.23,4.02,0.0,30.19,46.54
2021-03-22 00:00:56,10.74,4.15,0.0,28.55,45.17
2021-03-22 01:00:56,8.18,4.24,0.0,28.96,45.98
2021-03-22 02:00:56,8.66,0.0,0.0,28.76,44.57
2021-03-22 03:00:56,7.41,4.48,0.0,28.55,44.76
2021-03-22 04:00:56,9.64,4.2,0.0,27.11,44.93
2021-03-22 05:00:56,13.22,4.05,0.0,27.52,43.34
2021-03-22 06:00:56,15.09,4.28,0.0,31.84,45.77
2021-03-22 07:00:56,19.69,4.55,0.0,31.43,51.12
2021-03-22 08:00:56,22.09,4.81,0.0,28.55,44.9
2021-03-22 09:00:56,12.9,5.53,0.0,30.19,46.27
2021-03-22 10:00:56,8.13,7.42,0.0,27.32,42.86
2021-03-22 11:00:56,5.23,8.21,0.0,32.25,45.11
2021-03-22 12:00:56,3.72,8.2,0.0,28.96,46.92
2021-03-22 13:00:56,2.7,8.75,0.0,29.17,45.65
2021-03-22 14:00:56,2.84,7.56,0.0,30.19,44.93
2021-03-22 15:00:56,2.25,8.74,0.0,29.78,46.13
2021-03-22 16:00:56,7.2,17.13,0.0,28.55,45.84
2021-03-22 17:00:56,38.53,20.16,0.0,26.5,44.18
2021-03-22 18:00:56,42.23,25.16,0.0,30.19,45.07
2021-03-22 19:00:56,43.71,13.64,0.0,29.17,39.75
2021-03-22 20:00:56,8.64,15.89,0.0,27.52,38.24
2021-03-22 21:00:56,61.65,21.68,0.0,27.73,37.64
2021-03-22 22:00:56,53.13,18.52,0.0,27.11,37.43
2021-03-22 23:00:56,46.38,16.61,0.0,25.88,37.27
2021-03-23 00:00:56,52.06,12.1,0.0,26.29,37.01
2021-03-23 01:00:56,48.67,18.96,0.0,26.09,37.88
2021-03-23 02:00:56,41.97,0.0,0.0,28.35,39.74
2021-03-23 03:00:56,27.12,8.5,0.0,27.93,39.32
2021-03-23 04:00:56,38.75,8.04,0.0,28.76,38.94
2021-03-23 05:00:56,30.23,6.86,0.0,27.32,39.11
2021-03-23 06:00:56,34.72,8.59,0.0,27.11,39.31
2021-03-23 07:00:56,40.47,44.84,0.0,21.77,33.7
2021-03-23 08:00:56,50.23,70.3,0.0,26.29,37.15
2021-03-23 09:00:56,55.92,53.33,0.0,24.44,36.23
2021-03-23 10:00:56,62.68,15.21,0.0,24.85,37.45
2021-03-23 11:00:56,48.34,11.09,0.0,24.24,37.24
2021-03-23 12:00:56,26.55,10.52,0.0,25.26,37.46
2021-03-23 13:00:56,19.13,8.27,0.0,27.93,38.52
2021-03-23 14:00:56,34.11,7.3,0.0,25.68,36.26
2021-03-23 15:00:56,30.18,7.82,0.0,25.47,36.86
2021-03-23 16:00:56,19.98,11.89,0.0,27.11,38.9
2021-03-23 17:00:56,25.69,30.15,0.0,27.32,38.31
2021-03-23 18:00:56,39.3,18.9,0.0,27.52,39.45
2021-03-23 19:00:56,22.95,10.38,0.0,22.39,35.52
2021-03-23 20:00:56,19.25,8.16,0.0,29.37,43.04
2021-03-23 21:00:56,13.66,7.38,0.0,24.65,35.9
2021-03-23 22:00:56,9.85,7.16,0.0,24.03,37.03
2021-03-23 23:00:56,14.41,7.11,0.0,25.26,37.06
2021-03-24 00:00:56,9.88,6.55,0.0,25.88,37.94
2021-03-24 01:00:56,8.47,6.49,0.0,28.96,41.96
2021-03-24 02:00:56,5.76,0.0,0.0,24.85,36.11
2021-03-24 03:00:56,5.95,6.17,0.0,24.44,36.1
2021-03-24 04:00:56,5.14,5.76,0.0,23.21,34.87
2021-03-24 05:00:56,10.23,5.35,0.0,24.24,34.69
2021-03-24 06:00:56,6.75,5.78,0.0,29.99,40.04
2021-03-24 07:00:56,9.32,5.61,0.0,24.24,36.03
2021-03-24 08:00:56,7.25,5.41,0.0,27.11,38.5
2021-03-24 09:00:56,6.35,5.4,0.0,27.11,38.37
2021-03-24 10:00:56,20.21,5.72,0.0,24.44,35.43
2021-03-24 11:00:56,32.45,6.88,0.0,27.11,37.7
2021-03-24 12:00:56,18.25,11.86,0.0,26.29,37.95
2021-03-24 13:00:56,11.34,8.77,0.0,26.09,35.06
2021-03-24 14:00:56,9.79,9.52,0.0,21.57,34.16
2021-03-24 15:00:56,22.65,8.94,0.0,20.75,33.74
2021-03-24 16:00:56,17.36,7.05,0.0,26.5,38.15
2021-03-24 17:00:56,23.59,11.69,0.0,25.68,38.54
2021-03-24 18:00:56,29.06,22.46,0.0,26.5,37.89
2021-03-24 19:00:56,27.66,24.83,0.0,26.29,36.34
2021-03-24 20:00:56,28.74,18.24,0.0,19.92,32.52
2021-03-24 21:00:56,32.97,21.7,0.0,29.58,42.84
2021-03-24 22:00:56,42.67,22.75,0.0,26.91,38.03
2021-03-24 23:00:56,39.69,14.66,0.0,29.17,39.62
2021-03-25 00:00:56,33.41,10.71,0.0,26.29,37.82
2021-03-25 01:00:56,30.22,8.11,0.0,27.11,38.1
2021-03-25 02:00:56,25.86,0.0,0.0,27.32,37.37
2021-03-25 03:00:56,16.5,6.81,0.0,31.22,39.8
2021-03-25 04:00:56,18.6,6.22,0.0,26.5,36.95
2021-03-25 05:00:56,11.93,5.4,0.0,29.99,43.79
2021-03-25 06:00:56,13.39,5.91,0.0,25.68,35.46
2021-03-25 07:00:56,9.15,6.29,0.0,30.6,39.72
2021-03-25 08:00:56,7.71,6.5,0.0,29.17,40.42
2021-03-25 09:00:56,15.79,6.65,0.0,27.93,39.99
2021-03-25 10:00:56,30.05,6.21,0.0,28.76,39.61
2021-03-25 11:00:56,26.5,5.87,0.0,29.78,39.83
2021-03-25 12:00:56,16.41,6.12,0.0,27.93,37.05
2021-03-25 13:00:56,16.24,6.36,0.0,29.99,39.5
2021-03-25 14:00:56,9.29,6.5,0.0,24.65,38.99
2021-03-25 15:00:56,8.22,6.34,0.0,29.99,39.9
2021-03-25 16:00:56,13.33,5.73,0.0,28.14,38.73
2021-03-25 17:00:56,10.5,26.0,0.0,29.78,39.83
2021-03-25 18:00:56,28.48,38.75,0.0,26.5,38.15
2021-03-25 19:00:56,41.78,10.61,0.0,26.91,38.03
2021-03-25 20:00:56,25.77,9.78,0.0,27.52,37.84
2021-03-25 21:00:56,29.64,7.83,0.0,29.78,40.23
2021-03-25 22:00:56,25.73,7.31,0.0,28.55,39.67
2021-03-25 23:00:56,26.27,5.84,0.0,27.73,38.18
2021-03-26 00:00:56,48.89,4.53,0.0,28.55,39.0
2021-03-26 01:00:56,37.48,4.62,0.0,33.48,41.39
2021-03-26 02:00:56,30.63,0.0,0.0,31.63,42.75
2021-03-26 03:00:56,45.98,5.14,0.0,26.7,36.35
2021-03-26 04:00:56,44.48,5.23,0.0,24.65,36.31
2021-03-26 05:00:56,33.64,5.73,0.0,29.17,39.22
2021-03-26 06:00:56,25.81,5.78,0.0,30.6,39.31
2021-03-26 07:00:56,25.23,5.23,0.0,27.73,41.26
2021-03-26 08:00:56,24.75,9.03,0.0,28.76,41.08
2021-03-26 09:00:56,25.22,12.42,0.0,26.29,37.55
2021-03-26 10:00:56,36.11,11.36,0.0,35.53,45.18
2021-03-26 11:00:56,23.2,11.86,0.0,24.85,36.11
2021-03-26 12:00:56,24.16,53.45,0.0,31.22,42.07
2021-03-26 13:00:56,26.0,8.0,0.0,28.76,41.35
2021-03-26 14:00:56,14.42,17.89,0.0,29.37,39.42
2021-03-26 15:00:56,10.06,55.3,0.0,30.4,40.45
2021-03-26 16:00:56,20.76,31.28,0.0,28.35,41.21
2021-03-26 17:00:56,29.88,12.91,0.0,26.5,37.89
2021-03-26 18:00:56,40.57,10.87,0.0,29.99,37.76
2021-03-26 19:00:56,43.73,8.02,0.0,26.29,37.95
2021-03-26 20:00:56,40.06,9.92,0.0,31.43,41.88
2021-03-26 21:00:56,38.23,6.72,0.0,25.26,34.91
2021-03-26 22:00:56,41.17,5.31,0.0,26.91,38.83
2021-03-26 23:00:56,29.08,6.1,0.0,28.96,42.9
2021-03-27 00:00:56,21.18,4.99,0.0,23.0,37.07
2021-03-27 01:00:56,22.41,5.08,0.0,24.03,38.1
2021-03-27 02:00:56,15.93,0.0,0.0,30.19,43.73
2021-03-27 03:00:56,17.64,5.38,0.0,27.52,41.06
2021-03-27 04:00:56,20.2,6.13,0.0,28.35,42.42
2021-03-27 05:00:56,16.23,5.07,0.0,29.17,42.03
2021-03-27 06:00:56,18.75,4.47,0.0,29.17,42.03
2021-03-27 07:00:56,10.25,4.32,0.0,26.09,40.16
2021-03-27 08:00:56,9.27,4.08,0.0,25.88,39.55
2021-03-27 09:00:56,20.12,5.73,0.0,25.06,39.8
2021-03-27 10:00:56,12.91,5.37,0.0,25.68,39.08
2021-03-27 11:00:56,16.6,5.59,0.0,25.68,38.81
2021-03-27 12:00:56,19.94,6.08,0.0,25.26,39.2
2021-03-27 13:00:56,13.3,6.14,0.0,32.45,44.25
2021-03-27 14:00:56,14.06,5.31,0.0,18.08,33.08
2021-03-27 15:00:56,9.59,8.01,0.0,31.43,40.27
2021-03-27 16:00:56,15.49,6.9,0.0,29.58,44.32
2021-03-27 17:00:56,15.2,8.1,0.0,25.06,40.07
2021-03-27 18:00:56,24.44,5.65,0.0,24.24,37.77
2021-03-27 19:00:56,22.06,4.59,0.0,24.85,38.25
2021-03-27 20:00:56,34.01,4.83,0.0,27.73,36.44
2021-03-27 21:00:56,26.7,4.52,0.0,24.44,36.37
2021-03-27 22:00:56,24.68,4.23,0.0,24.44,36.77
2021-03-27 23:00:56,55.39,3.94,0.0,29.17,40.56
2021-03-28 00:00:56,66.39,3.75,0.0,28.35,43.35
2021-03-28 01:00:56,59.71,3.88,0.0,25.06,36.05
2021-03-28 02:00:56,82.82,0.0,0.0,25.68,34.25
2021-03-28 03:00:56,76.66,4.1,0.0,25.88,37.81
2021-03-28 04:00:56,67.87,6.86,0.0,24.44,36.23
2021-03-28 05:00:56,69.52,8.91,0.0,26.5,36.01
2021-03-28 06:00:56,67.58,8.53,0.0,26.7,37.29
2021-03-28 07:00:56,64.44,6.37,0.0,24.65,40.06
2021-03-28 08:00:56,57.17,18.15,0.0,25.47,39.54
2021-03-28 09:00:56,43.57,30.3,0.0,19.72,33.92
2021-03-28 10:00:56,33.9,20.04,0.0,24.65,35.37
2021-03-28 11:00:56,29.24,532.86,0.0,23.21,35.94
2021-03-28 12:00:56,49.12,135.84,0.0,25.47,36.19
2021-03-28 13:00:56,41.5,13.92,0.0,24.65,36.71
2021-03-28 14:00:56,25.19,10.1,0.0,18.9,31.09
2021-03-28 15:00:56,28.54,129.69,0.0,27.32,38.44
2021-03-28 16:00:56,37.44,50.28,0.0,27.93,37.98
2021-03-28 17:00:56,32.26,32.26,0.0,25.47,35.65
2021-03-28 18:00:56,30.59,145.19,0.0,27.32,38.04
2021-03-28 19:00:56,32.2,15.06,0.0,25.68,37.73
2021-03-28 20:00:56,53.83,11.59,0.0,28.35,40.0
2021-03-28 21:00:56,63.71,13.87,0.0,27.93,37.98
2021-03-28 22:00:56,60.42,12.8,0.0,26.09,37.88
2021-03-28 23:00:56,61.82,9.89,0.0,26.5,36.95
2021-03-29 00:00:56,89.88,11.58,0.0,30.19,35.42
2021-03-29 01:00:56,73.73,9.85,0.0,27.93,38.65
2021-03-29 02:00:56,77.17,0.0,0.0,26.5,38.29
2021-03-29 03:00:56,66.46,8.09,0.0,26.7,38.49
2021-03-29 04:00:56,62.86,7.52,0.0,27.11,36.89
2021-03-29 05:00:56,46.2,6.85,0.0,27.11,38.64
2021-03-29 06:00:56,43.84,6.25,0.0,27.73,39.52
2021-03-29 07:00:56,44.35,6.56,0.0,30.81,39.39
2021-03-29 08:00:56,33.36,7.12,0.0,29.17,39.08
2021-03-29 09:00:56,41.36,102.48,0.0,28.35,39.47
2021-03-29 10:00:56,66.79,245.86,0.0,24.44,37.17
2021-03-29 11:00:56,77.09,416.44,0.0,29.58,40.03
2021-03-29 12:00:56,84.34,155.49,0.0,25.88,36.73
2021-03-29 13:00:56,88.86,119.98,0.0,28.96,40.49
2021-03-29 14:00:56,80.1,184.94,0.0,27.93,36.78
2021-03-29 15:00:56,66.41,361.85,0.0,27.32,38.98
2021-03-29 16:00:56,81.15,21.14,0.0,26.7,38.36
2021-03-29 17:00:56,66.29,19.68,0.0,33.69,40.79
2021-03-29 18:00:56,70.98,13.74,0.0,30.19,37.83
2021-03-29 19:00:56,85.59,8.77,0.0,27.32,38.44
2021-03-29 20:00:56,79.29,5.89,0.0,28.76,38.27
2021-03-29 21:00:56,80.99,5.48,0.0,24.85,37.58
2021-03-29 22:00:56,69.54,5.12,0.0,29.37,38.22
2021-03-29 23:00:56,47.51,4.48,0.0,24.03,36.09
2021-03-30 00:00:56,33.03,4.47,0.0,30.19,39.71
2021-03-30 01:00:56,32.94,4.36,0.0,29.99,38.43
2021-03-30 02:00:56,26.55,4.13,0.0,27.52,37.98
2021-03-30 03:00:56,22.65,4.78,0.0,30.6,39.05
2021-03-30 04:00:56,12.29,5.15,0.0,28.96,40.08
2021-03-30 05:00:56,8.99,5.12,0.0,28.35,39.87
2021-03-30 06:00:56,11.61,3.79,0.0,28.96,39.82
2021-03-30 07:00:56,8.79,4.13,0.0,26.91,38.16
2021-03-30 08:00:56,14.83,5.66,0.0,29.37,40.23
2021-03-30 09:00:56,14.87,8.65,0.0,30.19,40.11
2021-03-30 10:00:56,21.7,9.07,0.0,26.29,40.23
2021-03-30 11:00:56,18.83,7.86,0.0,26.7,38.36
2021-03-30 12:00:56,39.94,10.77,0.0,27.32,39.24
2021-03-30 13:00:56,23.0,10.48,0.0,21.77,36.65
2021-03-30 14:00:56,21.45,7.15,0.0,29.99,43.25
2021-03-30 15:00:56,14.89,6.85,0.0,29.58,42.44
2021-03-30 16:00:56,24.98,6.32,0.0,27.52,40.79
2021-03-30 17:00:56,28.89,5.0,0.0,25.06,39.4
2021-03-30 18:00:56,27.91,4.53,0.0,30.4,41.52
2021-03-30 19:00:56,19.81,3.98,0.0,26.09,40.16
2021-03-30 20:00:56,26.15,4.41,0.0,22.39,37.26
2021-03-30 21:00:56,28.24,3.93,0.0,26.29,39.42
2021-03-30 22:00:56,36.73,4.27,0.0,25.06,37.79
2021-03-30 23:00:56,30.63,4.4,0.0,25.88,39.01
2021-03-31 00:00:56,26.06,3.89,0.0,26.5,38.96
2021-03-31 01:00:56,27.81,3.91,0.0,29.17,42.03
2021-03-31 02:00:56,19.49,0.0,0.0,26.91,40.44
2021-03-31 03:00:56,18.91,4.15,0.0,27.11,41.99
2021-03-31 04:00:56,12.53,2.25,0.0,22.8,36.07
2021-03-31 05:00:56,23.14,3.66,0.0,28.76,40.82
2021-03-31 06:00:56,23.05,3.56,0.0,26.91,42.59
2021-03-31 07:00:56,13.38,3.77,0.0,23.42,38.96
2021-03-31 08:00:56,9.11,4.0,0.0,27.32,40.45
2021-03-31 09:00:56,7.59,4.14,0.0,24.03,38.5
2021-03-31 10:00:56,18.28,4.61,0.0,26.09,40.56
2021-03-31 11:00:56,32.5,5.1,0.0,22.59,38.94
2021-03-31 12:00:56,22.05,6.78,0.0,28.14,40.2
2021-03-31 13:00:56,22.57,7.85,0.0,25.47,38.33
2021-03-31 14:00:56,20.93,6.7,0.0,23.0,35.06
2021-03-31 15:00:56,34.49,6.4,0.0,26.91,37.63
2021-03-31 16:00:56,23.19,15.95,0.0,27.52,41.06
2021-03-31 17:00:56,23.04,19.45,0.0,25.88,39.82
2021-03-31 18:00:56,16.93,12.79,0.0,25.47,38.6
2021-03-31 19:00:56,25.14,8.26,0.0,25.06,37.39
2021-03-31 20:00:56,53.34,6.55,0.0,26.29,40.63
2021-03-31 21:00:56,42.53,5.88,0.0,18.08,34.42
2021-03-31 22:00:56,25.1,5.83,0.0,22.8,36.33
2021-03-31 23:00:56,28.25,5.77,0.0,24.24,38.17
2021-04-01 00:00:56,20.03,5.4,0.0,29.17,41.9
2021-04-01 01:00:56,23.08,5.87,0.0,24.85,36.51
2021-04-01 02:00:56,23.38,0.0,0.0,26.29,38.62
2021-04-01 03:00:56,29.69,4.75,0.0,27.32,39.24
2021-04-01 04:00:56,18.45,5.77,0.0,24.24,36.57
2021-04-01 05:00:56,17.89,5.24,0.0,25.26,37.32
2021-04-01 06:00:56,15.09,6.18,0.0,24.65,36.98
2021-04-01 07:00:56,10.0,5.54,0.0,24.03,36.49
2021-04-01 08:00:56,18.4,6.28,0.0,25.26,36.92
2021-04-01 09:00:56,20.38,6.41,0.0,25.47,36.46
2021-04-01 10:00:56,27.62,12.67,0.0,28.55,36.99
2021-04-01 11:00:56,35.07,6.44,0.0,24.44,35.83
2021-04-01 12:00:56,24.73,5.67,0.0,23.42,34.67
2021-04-01 13:00:56,23.54,6.57,0.0,24.44,35.03
2021-04-01 14:00:56,26.57,6.52,0.0,27.93,35.57
2021-04-01 15:00:56,36.74,5.95,0.0,22.8,36.2
2021-04-01 16:00:56,33.28,5.58,0.0,25.47,36.06
2021-04-01 17:00:56,30.94,6.05,0.0,23.42,36.68
2021-04-01 18:00:56,21.41,5.79,0.0,22.8,38.21
2021-04-01 19:00:56,41.67,5.41,0.0,23.21,35.4
2021-04-01 20:00:56,38.43,5.67,0.0,25.88,37.14
2021-04-01 21:00:56,30.82,5.36,0.0,25.68,36.26
2021-04-01 22:00:56,36.12,5.37,0.0,21.77,35.57
2021-04-01 23:00:56,37.09,5.39,0.0,26.5,39.76
2021-04-02 00:00:56,32.9,4.88,0.0,28.35,40.14
2021-04-02 01:00:56,34.49,5.44,0.0,22.39,34.85
2021-04-02 02:00:56,29.72,0.0,0.0,22.59,35.46
2021-04-02 03:00:56,43.02,4.71,0.0,23.83,35.48
2021-04-02 04:00:56,50.61,5.75,0.0,24.85,35.84
2021-04-02 05:00:56,46.16,5.74,0.0,23.21,37.01
2021-04-02 06:00:56,56.54,5.4,0.0,27.93,40.4
2021-04-02 07:00:56,42.18,5.27,0.0,26.91,38.7
2021-04-02 08:00:56,40.25,5.17,0.0,26.7,34.88
2021-04-02 09:00:56,38.13,5.7,0.0,24.85,36.11
2021-04-02 10:00:56,37.01,5.67,0.0,25.06,37.65
2021-04-02 11:00:56,42.86,5.3,0.0,26.29,37.95
2021-04-02 12:00:56,35.86,7.42,0.0,22.39,33.64
2021-04-02 13:00:56,21.25,8.81,0.0,24.44,37.31
2021-04-02 14:00:56,21.94,10.63,0.0,24.03,36.49
2021-04-02 15:00:56,17.13,7.57,0.0,18.08,31.48
2021-04-02 16:00:56,23.92,6.59,0.0,23.42,34.27
2021-04-02 17:00:56,26.14,7.44,0.0,28.14,38.99
2021-04-02 18:00:56,30.5,9.4,0.0,30.81,38.98
2021-04-02 19:00:56,30.27,9.28,0.0,25.06,36.45
2021-04-02 20:00:56,27.21,6.04,0.0,25.68,37.87
2021-04-02 21:00:56,28.93,5.36,0.0,27.73,38.58
2021-04-02 22:00:56,27.61,5.39,0.0,30.19,39.44
2021-04-02 23:00:56,28.13,4.95,0.0,31.43,44.02
2021-04-03 00:00:56,16.69,4.9,0.0,27.32,39.11
2021-04-03 01:00:56,16.24,4.8,0.0,27.32,39.38
2021-04-03 02:00:56,28.3,0.0,0.0,24.65,37.11
2021-04-03 03:00:56,32.75,4.29,0.0,26.91,36.69
2021-04-03 04:00:56,20.68,4.53,0.0,25.26,39.07
2021-04-03 05:00:56,23.02,3.06,0.0,24.03,36.49
2021-04-03 06:00:56,28.25,3.42,0.0,25.47,36.86
2021-04-03 07:00:56,23.64,3.29,0.0,20.13,30.72
2021-04-03 08:00:56,30.0,4.03,0.0,28.76,42.02
2021-04-03 09:00:56,30.41,8.79,0.0,28.76,41.62
2021-04-03 10:00:56,25.9,250.76,0.0,28.35,39.2
2021-04-03 11:00:56,35.36,311.21,0.0,26.09,37.48
2021-04-03 12:00:56,40.2,258.36,0.0,23.42,35.21
2021-04-03 13:00:56,38.28,59.85,0.0,29.37,41.83
2021-04-03 14:00:56,62.47,132.98,0.0,26.29,36.74
2021-04-03 15:00:56,66.0,15.42,0.0,25.26,35.72
2021-04-03 16:00:56,42.03,72.55,0.0,25.06,37.65
2021-04-03 17:00:56,51.55,36.02,0.0,26.91,38.7
2021-04-03 18:00:56,72.53,19.77,0.0,24.24,34.69
2021-04-03 19:00:56,55.29,48.99,0.0,25.68,36.53
2021-04-03 20:00:56,63.13,19.15,0.0,25.88,37.14
2021-04-03 21:00:56,64.1,13.99,0.0,28.76,38.81
2021-04-03 22:00:56,73.88,11.11,0.0,29.17,40.15
2021-04-03 23:00:56,66.07,8.44,0.0,28.35,36.12
2021-04-04 00:00:56,56.51,7.06,0.0,27.52,36.37
2021-04-04 01:00:56,49.24,6.44,0.0,27.93,39.59
2021-04-04 02:00:56,60.52,0.0,0.0,29.58,42.04
2021-04-04 03:00:56,56.5,6.08,0.0,28.14,39.4
2021-04-04 04:00:56,52.76,5.6,0.0,27.73,41.4
2021-04-04 05:00:56,51.91,5.14,0.0,23.42,34.81
2021-04-04 06:00:56,45.91,5.32,0.0,27.73,38.98
2021-04-04 07:00:56,35.81,5.48,0.0,25.47,38.74
2021-04-04 08:00:56,39.23,6.52,0.0,25.47,37.26
2021-04-04 09:00:56,25.97,10.06,0.0,26.29,39.16
2021-04-04 10:00:56,30.64,24.13,0.0,28.14,38.73
2021-04-04 11:00:56,44.02,68.69,0.0,28.14,36.72
2021-04-04 12:00:56,34.68,20.69,0.0,26.09,37.07
2021-04-04 13:00:56,34.95,42.34,0.0,24.24,36.03
2021-04-04 14:00:56,41.03,19.78,0.0,31.84,43.49
2021-04-04 15:00:56,71.99,53.08,0.0,19.51,31.57
2021-04-04 16:00:56,82.7,21.86,0.0,29.58,38.42
2021-04-04 17:00:56,61.61,17.91,0.0,27.73,38.72
2021-04-04 18:00:56,62.3,13.83,0.0,26.29,36.88
2021-04-04 19:00:56,79.96,10.49,0.0,23.0,35.6
2021-04-04 20:00:56,65.82,9.37,0.0,25.26,33.3
2021-04-04 21:00:56,60.87,7.93,0.0,25.47,36.46
2021-04-04 22:00:56,45.87,7.3,0.0,20.95,34.35
2021-04-04 23:00:56,50.95,6.19,0.0,25.06,36.72
2021-04-05 00:00:56,62.74,5.57,0.0,25.68,36.26
2021-04-05 01:00:56,53.44,5.29,0.0,24.44,36.1
2021-04-05 02:00:56,50.36,0.0,0.0,25.68,37.06
2021-04-05 03:00:56,49.15,5.54,0.0,26.09,35.87
2021-04-05 04:00:56,32.65,28.79,0.0,29.37,40.23
2021-04-05 05:00:56,34.38,15.86,0.0,25.68,35.05
2021-04-05 06:00:56,23.6,9.66,0.0,25.26,37.86
2021-04-05 07:00:56,28.92,7.87,0.0,25.68,36.8
2021-04-05 08:00:56,47.9,8.4,0.0,24.03,35.02
2021-04-05 09:00:56,36.51,9.15,0.0,23.0,34.66
2021-04-05 10:00:56,34.98,9.33,0.0,28.76,40.01
2021-04-05 11:00:56,37.85,62.64,0.0,25.88,38.21
2021-04-05 12:00:56,57.71,79.99,0.0,23.21,35.81
2021-04-05 13:00:56,81.55,20.05,0.0,20.33,32.93
2021-04-05 14:00:56,81.92,12.75,0.0,24.44,35.43
2021-04-05 15:00:56,71.99,9.48,0.0,25.68,36.53
2021-04-05 16:00:56,55.11,18.78,0.0,27.11,40.78
2021-04-05 17:00:56,51.24,9.57,0.0,24.03,35.02
2021-04-05 18:00:56,39.3,5.94,0.0,25.88,37.14
2021-04-05 19:00:56,27.31,5.47,0.0,25.88,37.14
2021-04-05 20:00:56,26.07,4.95,0.0,24.24,35.63
2021-04-05 21:00:56,32.07,4.54,0.0,24.85,35.71
2021-04-05 22:00:56,31.07,4.71,0.0,24.65,36.57
2021-04-05 23:00:56,23.03,5.61,0.0,27.32,39.38
2021-04-06 00:00:56,31.5,5.95,0.0,23.21,37.15
2021-04-06 01:00:56,17.04,6.18,0.0,25.68,38.0
2021-04-06 02:00:56,16.39,0.0,0.0,24.03,36.49
2021-04-06 03:00:56,10.8,4.91,0.0,24.24,35.49
2021-04-06 04:00:56,8.62,5.47,0.0,22.8,35.8
2021-04-06 05:00:56,6.06,5.43,0.0,25.68,37.47
2021-04-06 06:00:56,5.46,4.41,0.0,25.88,38.07
2021-04-06 07:00:56,9.45,5.16,0.0,19.92,33.99
2021-04-06 08:00:56,6.7,6.16,0.0,25.88,36.87
2021-04-06 09:00:56,5.09,6.76,0.0,28.76,39.74
2021-04-06 10:00:56,3.41,9.59,0.0,20.95,33.95
2021-04-06 11:00:56,2.54,8.09,0.0,24.03,35.42
2021-04-06 12:00:56,3.28,11.53,0.0,27.52,36.37
2021-04-06 13:00:56,2.71,12.33,0.0,25.68,38.54
2021-04-06 14:00:56,3.75,14.02,0.0,25.47,37.26
2021-04-06 15:00:56,4.06,13.67,0.0,23.83,36.02
2021-04-06 16:00:56,6.66,12.63,0.0,26.09,39.08
2021-04-06 17:00:56,39.94,14.51,0.0,23.83,36.29
2021-04-06 18:00:56,85.1,11.77,0.0,29.17,39.35
2021-04-06 19:00:56,103.93,10.4,0.0,23.83,35.89
2021-04-06 20:00:56,126.29,16.27,0.0,20.95,34.35
2021-04-06 21:00:56,113.26,17.95,0.0,23.83,38.16
2021-04-06 22:00:56,106.5,14.93,0.0,27.11,38.77
2021-04-06 23:00:56,97.75,12.57,0.0,23.21,35.94
2021-04-07 00:00:56,92.05,12.82,0.0,20.75,34.55
2021-04-07 01:00:56,89.96,11.95,0.0,22.18,34.38
2021-04-07 02:00:56,116.52,11.26,0.0,27.11,36.89
2021-04-07 03:00:56,106.86,23.73,0.0,23.62,37.42
2021-04-07 04:00:56,99.62,18.4,0.0,25.88,34.32
2021-04-07 05:00:56,102.12,5.83,0.0,23.83,36.15
2021-04-07 06:00:56,93.12,6.47,0.0,27.11,39.44
2021-04-07 07:00:56,88.69,7.54,0.0,24.65,37.78
2021-04-07 08:00:56,83.57,9.12,0.0,25.47,39.81
2021-04-07 09:00:56,97.92,15.41,0.0,22.18,36.92
2021-04-07 10:00:56,166.82,7.56,0.0,23.0,35.47
2021-04-07 11:00:56,151.41,12.57,0.0,28.35,38.93
2021-04-07 12:00:56,119.37,29.29,0.0,25.47,37.53
2021-04-07 13:00:56,87.77,19.84,0.0,27.11,38.37
2021-04-07 14:00:56,89.69,7.81,0.0,23.21,38.22
2021-04-07 15:00:56,74.06,8.78,0.0,25.26,40.14
2021-04-07 16:00:56,69.92,8.68,0.0,26.5,37.08
2021-04-07 17:00:56,70.12,9.65,0.0,23.42,37.75
2021-04-07 18:00:56,63.56,10.44,0.0,26.91,37.63
2021-04-07 19:00:56,82.32,10.31,0.0,29.37,39.02
2021-04-07 20:00:56,101.33,11.29,0.0,23.83,36.02
2021-04-07 21:00:56,109.89,9.57,0.0,26.5,38.69
2021-04-07 22:00:56,130.19,9.82,0.0,25.47,35.65
2021-04-07 23:00:56,117.41,8.2,0.0,28.96,39.55
2021-04-08 00:00:56,104.39,7.83,0.0,26.09,37.88
2021-04-08 01:00:56,72.74,7.38,0.0,27.73,38.85
2021-04-08 02:00:56,60.7,0.0,0.0,23.83,35.75
2021-04-08 03:00:56,43.02,6.94,468.67,26.29,37.82
2021-04-08 04:00:56,45.6,8.99,409.35,25.26,36.65
2021-04-08 05:00:56,56.84,9.95,260.54,25.88,38.88
2021-04-08 06:00:56,48.54,8.2,278.95,27.93,39.06
2021-04-08 07:00:56,57.04,7.97,377.52,27.73,39.92
2021-04-08 08:00:56,68.76,12.33,453.75,25.06,36.85
2021-04-08 09:00:56,67.98,50.31,255.3,25.47,38.07
2021-04-08 10:00:56,86.13,11.3,269.13,26.5,38.69
2021-04-08 11:00:56,97.84,9.78,209.91,29.37,40.9
2021-04-08 12:00:56,91.35,7.78,46.92,28.96,37.4
2021-04-08 13:00:56,71.54,6.62,88.07,26.91,39.64
2021-04-08 14:00:56,69.79,7.27,58.19,28.76,39.88
2021-04-08 15:00:56,54.17,6.87,55.61,25.88,38.07
2021-04-08 16:00:56,53.86,6.04,0.0,27.93,40.26
2021-04-08 17:00:56,51.12,5.36,721.6,0.0,0.0
2021-04-08 18:00:56,75.97,7.74,615.5,0.0,0.0
2021-04-08 19:00:56,69.67,5.35,563.77,0.0,0.0
2021-04-08 20:00:56,42.97,5.17,682.78,0.0,0.0
2021-04-08 21:00:56,32.45,4.75,450.74,0.0,0.0
2021-04-08 22:00:56,21.4,4.74,498.62,0.0,0.0
2021-04-08 23:00:56,19.95,4.88,518.24,0.0,0.0
2021-04-09 00:00:56,12.83,5.01,505.51,0.0,0.0
2021-04-09 01:00:56,21.62,5.03,567.03,0.0,0.0
2021-04-09 02:00:56,24.12,0.0,727.59,0.0,0.0
2021-04-09 03:00:56,17.55,4.81,305.6,0.0,0.0
2021-04-09 04:00:56,16.13,4.29,328.53,0.0,0.0
2021-04-09 05:00:56,16.28,5.05,349.99,0.0,0.0
2021-04-09 06:00:56,29.83,4.66,302.09,0.0,0.0
2021-04-09 07:00:56,17.11,5.01,312.92,0.0,0.0
2021-04-09 08:00:56,17.93,5.14,467.26,0.0,0.0
2021-04-09 09:00:56,25.45,5.65,387.01,0.0,0.0
2021-04-09 10:00:56,17.18,5.91,375.62,0.0,0.0
2021-04-09 11:00:56,25.08,5.67,519.52,0.0,0.0
2021-04-09 12:00:56,26.3,5.75,667.51,0.0,0.0
2021-04-09 13:00:56,30.91,2.85,322.15,0.0,0.0
2021-04-09 14:00:56,19.0,6.03,387.59,0.0,0.0
2021-04-09 15:00:56,12.23,6.01,419.51,0.0,0.0
2021-04-09 16:00:56,14.04,6.39,365.76,0.0,0.0
2021-04-09 17:00:56,30.86,5.3,359.96,0.0,0.0
2021-04-09 18:00:56,22.23,5.14,372.54,0.0,0.0
2021-04-09 19:00:56,30.63,4.48,373.85,0.0,0.0
2021-04-09 20:00:56,27.73,4.7,396.36,0.0,0.0
2021-04-09 21:00:56,23.09,4.33,371.02,0.0,0.0
2021-04-09 22:00:56,27.04,4.24,327.36,0.0,0.0
2021-04-09 23:00:56,34.25,4.44,308.06,0.0,0.0
2021-04-10 00:00:56,25.34,4.03,315.83,0.0,0.0
2021-04-10 01:00:56,18.23,4.36,285.82,0.0,0.0
2021-04-10 02:00:56,11.92,0.0,267.81,0.0,0.0
2021-04-10 03:00:56,13.18,4.01,288.9,0.0,0.0
2021-04-10 04:00:56,10.35,3.51,302.77,0.0,0.0
2021-04-10 05:00:56,16.71,2.76,295.55,0.0,0.0
2021-04-10 06:00:56,14.51,4.27,268.06,0.0,0.0
2021-04-10 07:00:56,15.85,2.94,330.89,0.0,0.0
2021-04-10 08:00:56,20.86,3.52,340.79,0.0,0.0
2021-04-10 09:00:56,28.97,4.81,288.56,0.0,0.0
2021-04-10 10:00:56,20.51,4.17,371.37,0.0,0.0
2021-04-10 11:00:56,16.36,4.62,272.97,0.0,0.0
2021-04-10 12:00:56,21.42,5.34,206.59,0.0,0.0
2021-04-10 13:00:56,17.58,5.44,226.84,0.0,0.0
2021-04-10 14:00:56,14.9,4.64,138.18,0.0,0.0
2021-04-10 15:00:56,10.46,4.13,392.2,0.0,0.0
2021-04-10 16:00:56,17.48,4.72,435.92,0.0,0.0
2021-04-10 17:00:56,21.63,4.48,398.95,0.0,0.0
2021-04-10 18:00:56,15.81,4.38,372.79,0.0,0.0
2021-04-10 19:00:56,25.44,5.44,360.3,0.0,0.0
2021-04-10 20:00:56,29.88,5.12,394.65,0.0,0.0
2021-04-10 21:00:56,21.72,4.74,368.21,0.0,0.0
2021-04-10 22:00:56,25.25,3.93,375.86,0.0,0.0
2021-04-10 23:00:56,35.62,4.22,385.13,0.0,0.0
2021-04-11 00:00:56,21.09,4.59,415.72,0.0,0.0
2021-04-11 01:00:56,18.67,4.22,395.42,0.0,0.0
2021-04-11 02:00:56,14.67,0.0,422.5,0.0,0.0
2021-04-11 03:00:56,16.64,4.49,284.23,0.0,0.0
2021-04-11 04:00:56,10.52,4.33,251.81,0.0,0.0
2021-04-11 05:00:56,7.58,4.43,242.81,0.0,0.0
2021-04-11 06:00:56,7.37,4.76,293.21,0.0,0.0
2021-04-11 07:00:56,9.85,4.66,218.28,0.0,0.0
2021-04-11 08:00:56,11.03,4.93,624.57,0.0,0.0
2021-04-11 09:00:56,7.7,4.78,338.34,0.0,0.0
2021-04-11 10:00:56,5.46,5.31,303.67,0.0,0.0
2021-04-11 11:00:56,10.46,5.03,288.67,0.0,0.0
2021-04-11 12:00:56,11.97,4.8,302.5,0.0,0.0
2021-04-11 13:00:56,15.46,5.15,308.92,0.0,0.0
2021-04-11 14:00:56,15.93,5.58,235.14,0.0,0.0
2021-04-11 15:00:56,8.75,4.52,379.52,0.0,0.0
2021-04-11 16:00:56,6.8,5.49,379.95,0.0,0.0
2021-04-11 17:00:56,5.36,10.23,350.55,0.0,0.0
2021-04-11 18:00:56,5.97,7.12,368.24,0.0,0.0
2021-04-11 19:00:56,12.86,5.63,450.56,0.0,0.0
2021-04-11 20:00:56,18.49,4.21,635.56,0.0,0.0
2021-04-11 21:00:56,30.71,4.6,1133.84,0.0,0.0
2021-04-11 22:00:56,46.14,4.28,974.67,0.0,0.0
2021-04-11 23:00:56,59.22,4.26,739.28,0.0,0.0
2021-04-12 00:00:56,39.97,4.51,737.08,0.0,0.0
2021-04-12 01:00:56,28.34,4.08,828.5,0.0,0.0
2021-04-12 02:00:56,39.02,0.0,740.74,0.0,0.0
2021-04-12 03:00:56,50.39,3.91,542.62,0.0,0.0
2021-04-12 04:00:56,33.69,3.83,679.92,0.0,0.0
2021-04-12 05:00:56,19.53,4.24,739.63,0.0,0.0
2021-04-12 06:00:56,18.32,4.53,676.37,0.0,0.0
2021-04-12 07:00:56,23.21,4.02,790.67,0.0,0.0
2021-04-12 08:00:56,22.83,4.91,1140.89,0.0,0.0
2021-04-12 09:00:56,33.59,24.68,368.43,0.0,0.0
2021-04-12 10:00:56,38.33,140.82,238.47,0.0,0.0
2021-04-12 11:00:56,38.88,63.65,54.48,0.0,0.0
2021-04-12 12:00:56,34.69,61.08,0.0,0.0,0.0
2021-04-12 13:00:56,38.59,22.5,0.0,0.0,0.0
2021-04-12 14:00:56,30.82,14.32,0.0,0.0,0.0
2021-04-12 15:00:56,29.49,11.36,440.64,0.0,0.0
2021-04-12 16:00:56,38.02,10.87,342.03,0.0,0.0
2021-04-12 17:00:56,41.82,8.92,359.27,0.0,0.0
2021-04-12 18:00:56,33.69,6.84,491.94,0.0,0.0
2021-04-12 19:00:56,37.03,5.51,450.55,0.0,0.0
2021-04-12 20:00:56,45.58,4.49,690.68,0.0,0.0
2021-04-12 21:00:56,40.24,4.59,572.38,0.0,0.0
2021-04-12 22:00:56,37.56,4.16,506.19,0.0,0.0
2021-04-12 23:00:56,27.94,3.77,631.54,0.0,0.0
2021-04-13 00:00:56,18.56,3.91,626.58,0.0,0.0
2021-04-13 01:00:56,21.86,4.55,690.56,0.0,0.0
2021-04-13 02:00:56,16.14,0.0,713.54,0.0,0.0
2021-04-13 03:00:56,11.29,3.97,351.36,0.0,0.0
2021-04-13 04:00:56,21.38,4.46,371.15,0.0,0.0
2021-04-13 05:00:56,16.34,4.25,379.82,0.0,0.0
2021-04-13 06:00:56,18.14,4.26,425.84,0.0,0.0
2021-04-13 07:00:56,12.08,4.25,399.34,0.0,0.0
2021-04-13 08:00:56,16.27,4.36,472.24,0.0,0.0
2021-04-13 09:00:56,10.39,4.75,469.35,0.0,0.0
2021-04-13 10:00:56,12.86,5.82,388.56,0.0,0.0
2021-04-13 11:00:56,15.22,6.98,301.73,0.0,0.0
2021-04-13 12:00:56,19.43,7.94,166.8,0.0,0.0
2021-04-13 13:00:56,15.54,6.56,100.33,0.0,0.0
2021-04-13 14:00:56,15.86,5.8,88.63,0.0,0.0
2021-04-13 15:00:56,23.54,5.79,340.38,0.0,0.0
2021-04-13 16:00:56,15.22,5.27,342.39,0.0,0.0
2021-04-13 17:00:56,24.15,5.03,325.67,0.0,0.0
2021-04-13 18:00:56,15.91,5.3,337.65,0.0,0.0
2021-04-13 19:00:56,21.73,4.76,401.18,0.0,0.0
2021-04-13 20:00:56,21.4,4.71,562.51,0.0,0.0
2021-04-13 21:00:56,39.6,4.37,745.18,0.0,0.0
2021-04-13 22:00:56,39.65,3.8,880.79,0.0,0.0
2021-04-13 23:00:56,43.06,3.13,893.28,0.0,0.0
2021-04-14 00:00:56,43.08,3.85,919.12,0.0,0.0
2021-04-14 01:00:56,28.9,4.02,1091.64,0.0,0.0
2021-04-14 02:00:56,33.67,0.0,1167.71,0.0,0.0
2021-04-14 03:00:56,31.27,4.22,596.04,0.0,0.0
2021-04-14 04:00:56,33.83,3.93,788.3,0.0,0.0
2021-04-14 05:00:56,26.96,4.39,823.81,0.0,0.0
2021-04-14 06:00:56,34.71,3.43,778.14,0.0,0.0
2021-04-14 07:00:56,41.24,4.74,921.31,0.0,0.0
2021-04-14 08:00:56,34.67,11.45,888.88,0.0,0.0
2021-04-14 09:00:56,35.7,21.22,305.46,0.0,0.0
2021-04-14 10:00:56,38.81,12.07,0.3,0.0,0.0
2021-04-14 11:00:56,25.16,7.46,0.0,0.0,0.0
2021-04-14 12:00:56,22.67,5.32,0.0,0.0,0.0
2021-04-14 13:00:56,20.19,4.55,0.0,0.0,0.0
2021-04-14 14:00:56,12.28,4.6,0.0,0.0,0.0
2021-04-14 15:00:56,8.24,4.82,295.27,0.0,0.0
2021-04-14 16:00:56,5.29,24.92,346.78,0.0,0.0
2021-04-14 17:00:56,11.5,11.01,388.67,0.0,0.0
2021-04-14 18:00:56,61.55,42.01,471.65,0.0,0.0
2021-04-14 19:00:56,100.66,44.2,674.74,0.0,0.0
2021-04-14 20:00:56,124.46,13.27,805.71,0.0,0.0
2021-04-14 21:00:56,116.93,11.45,778.95,0.0,0.0
2021-04-14 22:00:56,97.68,10.11,947.87,0.0,0.0
2021-04-14 23:00:56,88.13,8.5,1581.9,0.0,0.0
2021-04-15 00:00:56,85.25,6.98,1069.7,0.0,0.0
2021-04-15 01:00:56,80.9,6.24,906.06,0.0,0.0
2021-04-15 02:00:56,73.21,0.0,576.15,0.0,0.0
2021-04-15 03:00:56,78.46,8.13,407.83,0.0,0.0
2021-04-15 04:00:56,60.93,7.05,400.56,0.0,0.0
2021-04-15 05:00:56,50.51,6.63,463.84,0.0,0.0
2021-04-15 06:00:56,35.99,6.44,447.69,0.0,0.0
2021-04-15 07:00:56,33.17,7.01,481.41,0.0,0.0
2021-04-15 08:00:56,36.23,9.23,712.86,0.0,0.0
2021-04-15 09:00:56,44.37,44.79,544.68,0.0,0.0
2021-04-15 10:00:56,69.89,24.17,462.16,0.0,0.0
2021-04-15 11:00:56,66.81,16.61,432.0,0.0,0.0
2021-04-15 12:00:56,64.82,14.12,458.39,0.0,0.0
2021-04-15 13:00:56,67.89,13.13,409.87,0.0,0.0
2021-04-15 14:00:56,58.06,11.05,366.25,0.0,0.0
2021-04-15 15:00:56,51.16,8.36,361.94,0.0,0.0
2021-04-15 16:00:56,42.28,8.58,488.56,0.0,0.0
2021-04-15 17:00:56,60.11,124.84,478.02,0.0,0.0
2021-04-15 18:00:56,73.56,73.95,397.5,0.0,0.0
2021-04-15 19:00:56,61.45,70.14,870.8,0.0,0.0
2021-04-15 20:00:56,56.68,17.62,2267.03,0.0,0.0
2021-04-15 21:00:56,43.0,13.13,581.46,0.0,0.0
2021-04-15 22:00:56,54.43,7.71,780.69,0.0,0.0
2021-04-15 23:00:56,57.71,6.76,689.49,0.0,0.0
2021-04-16 00:00:56,50.2,6.92,1073.8,0.0,0.0
2021-04-16 01:00:56,64.54,5.7,1083.04,0.0,0.0
2021-04-16 02:00:56,59.27,0.0,906.51,0.0,0.0
2021-04-16 03:00:56,45.82,5.13,522.28,0.0,0.0
2021-04-16 04:00:56,67.85,4.08,653.34,0.0,0.0
2021-04-16 05:00:56,43.27,4.75,656.35,0.0,0.0
2021-04-16 06:00:56,41.05,4.28,664.69,0.0,0.0
2021-04-16 07:00:56,48.75,5.32,776.17,0.0,0.0
2021-04-16 08:00:56,57.06,6.49,803.5,0.0,0.0
2021-04-16 09:00:56,66.52,11.41,578.18,0.0,0.0
2021-04-16 10:00:56,71.33,13.94,371.98,0.0,0.0
2021-04-16 11:00:56,63.47,17.23,235.45,0.0,0.0
2021-04-16 12:00:56,44.95,15.25,210.99,0.0,0.0
2021-04-16 13:00:56,46.84,12.14,176.39,0.0,0.0
2021-04-16 14:00:56,42.57,9.08,239.5,0.0,0.0
2021-04-16 15:00:56,55.3,8.21,323.7,0.0,0.0
2021-04-16 16:00:56,47.55,7.69,361.04,0.0,0.0
2021-04-16 17:00:56,50.88,6.49,437.02,0.0,0.0
2021-04-16 18:00:56,46.31,6.41,255.2,0.0,0.0
2021-04-16 19:00:56,45.87,5.82,272.16,0.0,0.0
2021-04-16 20:00:56,35.61,5.2,628.9,0.0,0.0
2021-04-16 21:00:56,42.08,4.68,399.56,0.0,0.0
2021-04-16 22:00:56,26.41,4.01,425.37,0.0,0.0
2021-04-16 23:00:56,39.67,5.05,428.89,0.0,0.0
2021-04-17 00:00:56,40.34,4.66,461.08,0.0,0.0
2021-04-17 01:00:56,37.68,4.1,446.27,0.0,0.0
2021-04-17 02:00:56,38.57,0.0,481.23,0.0,0.0
2021-04-17 03:00:56,37.49,4.54,338.72,0.0,0.0
2021-04-17 04:00:56,26.81,4.66,366.37,0.0,0.0
2021-04-17 05:00:56,23.52,4.8,385.71,0.0,0.0
2021-04-17 06:00:56,21.62,4.27,358.46,0.0,0.0
2021-04-17 07:00:56,19.16,4.46,322.89,0.0,0.0
2021-04-17 08:00:56,16.06,5.48,304.7,0.0,0.0
2021-04-17 09:00:56,12.43,5.98,298.23,0.0,0.0
2021-04-17 10:00:56,9.69,5.96,303.82,0.0,0.0
2021-04-17 11:00:56,17.89,5.48,295.35,0.0,0.0
2021-04-17 12:00:56,27.53,35.72,288.79,0.0,0.0
2021-04-17 13:00:56,30.44,27.46,269.43,0.0,0.0
2021-04-17 14:00:56,33.0,14.56,338.49,0.0,0.0
2021-04-17 15:00:56,25.08,11.44,451.02,0.0,0.0
2021-04-17 16:00:56,19.2,11.81,466.99,0.0,0.0
2021-04-17 17:00:56,30.17,9.74,497.17,0.0,0.0
2021-04-17 18:00:56,27.25,7.23,455.78,0.0,0.0
2021-04-17 19:00:56,33.5,5.3,577.27,0.0,0.0
2021-04-17 20:00:56,43.48,4.64,584.25,0.0,0.0
2021-04-17 21:00:56,41.41,4.73,542.66,0.0,0.0
2021-04-17 22:00:56,40.2,4.12,656.41,0.0,0.0
2021-04-17 23:00:56,27.69,4.49,595.09,0.0,0.0
2021-04-18 00:00:56,27.56,4.48,724.42,0.0,0.0
2021-04-18 01:00:56,23.11,4.62,881.84,0.0,0.0
2021-04-18 02:00:56,25.31,0.0,911.1,0.0,0.0
2021-04-18 03:00:56,32.42,4.49,591.37,0.0,0.0
2021-04-18 04:00:56,25.39,4.8,747.51,0.0,0.0
2021-04-18 05:00:56,32.74,4.6,743.84,0.0,0.0
2021-04-18 06:00:56,43.27,5.22,825.24,0.0,0.0
2021-04-18 07:00:56,74.16,5.53,911.46,0.0,0.0
2021-04-18 08:00:56,82.67,5.04,845.89,0.0,0.0
2021-04-18 09:00:56,82.11,5.72,721.19,0.0,0.0
2021-04-18 10:00:56,80.45,7.22,765.81,0.0,0.0
2021-04-18 11:00:56,82.19,11.63,701.95,0.0,0.0
2021-04-18 12:00:56,74.6,16.32,540.82,0.0,0.0
2021-04-18 13:00:56,79.89,14.28,416.34,0.0,0.0
2021-04-18 14:00:56,66.44,28.87,481.95,0.0,0.0
2021-04-18 15:00:56,71.24,72.8,685.62,0.0,0.0
2021-04-18 16:00:56,71.52,40.33,879.27,0.0,0.0
2021-04-18 17:00:56,51.22,30.09,509.85,0.0,0.0
2021-04-18 18:00:56,80.38,19.61,683.69,0.0,0.0
2021-04-18 19:00:56,82.29,17.69,1151.02,0.0,0.0
2021-04-18 20:00:56,102.66,18.01,1095.96,0.0,0.0
2021-04-18 21:00:56,126.35,33.18,738.15,0.0,0.0
2021-04-18 22:00:56,106.41,29.92,1035.66,0.0,0.0
2021-04-18 23:00:56,94.78,31.22,328.18,0.0,0.0
2021-04-19 00:00:56,96.89,18.09,249.12,0.0,0.0
2021-04-19 01:00:56,55.92,13.87,292.83,0.0,0.0
2021-04-19 02:00:56,43.23,0.0,431.01,0.0,0.0
2021-04-19 03:00:56,40.42,21.73,475.31,0.0,0.0
2021-04-19 04:00:56,34.68,15.61,471.84,0.0,0.0
2021-04-19 05:00:56,45.26,8.94,480.3,0.0,0.0
2021-04-19 06:00:56,52.91,7.2,431.8,0.0,0.0
2021-04-19 07:00:56,62.46,7.84,494.26,0.0,0.0
2021-04-19 08:00:56,51.44,10.52,474.14,0.0,0.0
2021-04-19 09:00:56,47.04,17.76,613.97,0.0,0.0
2021-04-19 10:00:56,57.81,26.36,629.08,0.0,0.0
2021-04-19 11:00:56,65.8,21.46,530.48,0.0,0.0
2021-04-19 12:00:56,76.03,22.98,583.76,0.0,0.0
2021-04-19 13:00:56,71.97,294.19,497.85,0.0,0.0
2021-04-19 14:00:56,104.04,249.75,465.99,0.0,0.0
2021-04-19 15:00:56,135.23,244.07,517.6,0.0,0.0
2021-04-19 16:00:56,129.59,65.49,1112.75,0.0,0.0
2021-04-19 17:00:56,94.42,14.71,354.98,0.0,0.0
2021-04-19 18:00:56,80.77,13.86,442.97,0.0,0.0
2021-04-19 19:00:56,74.88,22.5,464.11,0.0,0.0
2021-04-19 20:00:56,87.84,16.36,591.01,0.0,0.0
2021-04-19 21:00:56,95.55,15.55,478.73,0.0,0.0
2021-04-19 22:00:56,82.6,10.73,592.49,0.0,0.0
2021-04-19 23:00:56,70.6,9.98,565.92,0.0,0.0
2021-04-20 00:00:56,49.61,9.44,538.18,0.0,0.0
2021-04-20 01:00:56,37.99,7.81,441.54,0.0,0.0
2021-04-20 02:00:56,49.04,0.0,428.96,0.0,0.0
2021-04-20 03:00:56,38.85,5.89,484.7,0.0,0.0
2021-04-20 04:00:56,36.61,6.26,491.3,0.0,0.0
2021-04-20 05:00:56,41.51,6.52,455.05,0.0,0.0
2021-04-20 06:00:56,29.17,6.06,481.59,0.0,0.0
2021-04-20 07:00:56,38.54,6.65,502.66,0.0,0.0
2021-04-20 08:00:56,33.05,6.37,679.17,0.0,0.0
2021-04-20 09:00:56,31.77,12.57,490.86,0.0,0.0
2021-04-20 10:00:56,38.69,21.8,488.73,0.0,0.0
2021-04-20 11:00:56,30.13,0.0,533.71,0.0,0.0
2021-04-20 12:00:56,37.26,0.0,383.73,0.0,0.0
2021-04-20 13:00:56,52.06,0.0,514.05,0.0,0.0
2021-04-20 14:00:56,40.15,0.0,396.75,0.0,0.0
2021-04-20 15:00:56,44.16,0.0,298.82,0.0,0.0
2021-04-20 16:00:56,39.89,0.0,504.42,0.0,0.0
2021-04-20 17:00:56,45.76,0.0,662.47,0.0,0.0
2021-04-20 18:00:56,56.12,61.89,336.06,0.0,0.0
2021-04-20 19:00:56,40.25,22.26,339.14,0.0,0.0
2021-04-20 20:00:56,40.75,0.0,327.97,0.0,0.0
2021-04-20 21:00:56,37.67,0.0,349.14,0.0,0.0
2021-04-20 22:00:56,35.23,0.0,498.39,0.0,0.0
2021-04-20 23:00:56,34.72,0.0,320.33,0.0,0.0
2021-04-21 00:00:56,27.22,7.91,174.83,0.0,0.0
2021-04-21 01:00:56,38.55,12.71,243.12,0.0,0.0
2021-04-21 02:00:56,37.02,0.0,220.16,0.0,0.0
2021-04-21 03:00:56,27.3,6.49,452.29,0.0,0.0
2021-04-21 04:00:56,28.01,4.75,456.55,0.0,0.0
2021-04-21 05:00:56,18.16,3.94,428.16,0.0,0.0
2021-04-21 06:00:56,26.09,2.95,437.44,0.0,0.0
2021-04-21 07:00:56,23.71,4.26,529.22,0.0,0.0
2021-04-21 08:00:56,13.19,8.4,522.35,0.0,0.0
2021-04-21 09:00:56,9.75,11.85,368.34,0.0,0.0
2021-04-21 10:00:56,24.78,202.59,415.72,0.0,0.0
2021-04-21 11:00:56,71.32,279.51,448.07,0.0,0.0
2021-04-21 12:00:56,85.0,44.19,739.72,0.0,0.0
2021-04-21 13:00:56,56.7,38.82,798.08,0.0,0.0
2021-04-21 14:00:56,45.17,137.5,822.47,0.0,0.0
2021-04-21 15:00:56,53.95,130.67,476.52,0.0,0.0
2021-04-21 16:00:56,55.58,29.35,469.2,0.0,0.0
2021-04-21 17:00:56,60.03,11.97,351.55,0.0,0.0
2021-04-21 18:00:56,45.9,9.84,355.02,0.0,0.0
2021-04-21 19:00:56,41.8,8.24,323.32,0.0,0.0
2021-04-21 20:00:56,36.62,6.54,282.51,0.0,0.0
2021-04-21 21:00:56,30.35,5.03,446.44,0.0,0.0
2021-04-21 22:00:56,37.84,4.59,438.44,0.0,0.0
2021-04-21 23:00:56,33.01,4.11,371.14,0.0,0.0
2021-04-22 00:00:56,32.61,7.55,381.64,0.0,0.0
2021-04-22 01:00:56,21.07,10.15,331.91,0.0,0.0
2021-04-22 02:00:56,38.53,0.0,384.27,0.0,0.0
2021-04-22 03:00:56,40.78,6.65,397.7,0.0,0.0
2021-04-22 04:00:56,34.16,6.13,410.48,0.0,0.0
2021-04-22 05:00:56,34.0,8.2,412.57,0.0,0.0
2021-04-22 06:00:56,30.22,5.95,613.72,0.0,0.0
2021-04-22 07:00:56,22.52,6.51,466.39,0.0,0.0
2021-04-22 08:00:56,24.33,8.86,488.38,0.0,0.0
2021-04-22 09:00:56,39.22,50.62,374.16,0.0,0.0
2021-04-22 10:00:56,74.64,132.36,444.09,0.0,0.0
2021-04-22 11:00:56,124.39,109.68,383.41,0.0,0.0
2021-04-22 12:00:56,110.86,16.78,343.72,0.0,0.0
2021-04-22 13:00:56,68.31,14.33,343.19,0.0,0.0
2021-04-22 14:00:56,62.39,310.21,371.91,0.0,0.0
2021-04-22 15:00:56,72.14,89.51,353.47,0.0,0.0
2021-04-22 16:00:56,79.14,29.62,0.0,0.0,0.0
2021-04-22 17:00:56,87.36,80.02,0.0,0.0,0.0
2021-04-22 18:00:56,72.99,21.37,0.0,0.0,0.0
2021-04-22 19:00:56,74.94,16.84,0.0,0.0,0.0
2021-04-22 20:00:56,71.25,9.76,0.0,0.0,0.0
2021-04-22 21:00:56,61.94,6.3,0.0,0.0,0.0
2021-04-22 22:00:56,58.26,5.58,0.0,0.0,0.0
2021-04-22 23:00:56,45.59,5.58,0.0,0.0,0.0
2021-04-23 00:00:56,35.86,4.55,0.0,0.0,0.0
2021-04-23 01:00:56,30.54,3.53,0.0,0.0,0.0
2021-04-23 02:00:56,34.41,0.0,0.0,0.0,0.0
2021-04-23 03:00:56,46.56,4.04,0.0,0.0,0.0
2021-04-23 04:00:56,43.48,3.8,0.0,0.0,0.0
2021-04-23 05:00:56,35.74,3.6,0.0,0.0,0.0
2021-04-23 06:00:56,32.49,3.59,0.0,0.0,0.0
2021-04-23 07:00:56,30.57,4.43,0.0,0.0,0.0
2021-04-23 08:00:56,22.7,7.68,0.0,0.0,0.0
2021-04-23 09:00:56,14.34,13.67,0.0,0.0,0.0
2021-04-23 10:00:56,10.13,9.7,0.0,0.0,0.0
2021-04-23 11:00:56,14.98,7.0,0.0,0.0,0.0
2021-04-23 12:00:56,17.12,6.37,0.0,0.0,0.0
2021-04-23 13:00:56,25.55,6.09,0.0,0.0,0.0
2021-04-23 14:00:56,33.73,5.84,0.0,0.0,0.0
2021-04-23 15:00:56,43.36,4.75,0.0,0.0,0.0
2021-04-23 16:00:56,41.05,4.67,0.0,0.0,0.0
2021-04-23 17:00:56,33.17,4.36,0.0,0.0,0.0
2021-04-23 18:00:56,30.23,4.58,0.0,0.0,0.0
2021-04-23 19:00:56,37.15,4.8,0.0,0.0,0.0
2021-04-23 20:00:56,63.24,6.57,0.0,0.0,0.0
2021-04-23 21:00:56,75.07,6.3,0.0,0.0,0.0
2021-04-23 22:00:56,61.12,5.56,0.0,0.0,0.0
2021-04-23 23:00:56,69.15,4.96,0.0,0.0,0.0
2021-04-24 00:00:56,62.59,4.55,0.0,0.0,0.0
2021-04-24 01:00:56,59.8,3.63,0.0,0.0,0.0
2021-04-24 02:00:56,46.27,0.0,0.0,0.0,0.0
2021-04-24 03:00:56,44.03,4.74,0.0,0.0,0.0
2021-04-24 04:00:56,40.98,4.27,0.0,0.0,0.0
2021-04-24 05:00:56,41.98,4.95,0.0,0.0,0.0
2021-04-24 06:00:56,45.35,5.97,0.0,0.0,0.0
2021-04-24 07:00:56,35.58,6.76,0.0,0.0,0.0
2021-04-24 08:00:56,34.92,7.11,0.0,0.0,0.0
2021-04-24 09:00:56,34.01,52.46,0.0,0.0,0.0
2021-04-24 10:00:56,49.61,117.96,0.0,0.0,0.0
2021-04-24 11:00:56,54.46,237.41,0.0,0.0,0.0
2021-04-24 12:00:56,60.8,175.25,0.0,0.0,0.0
2021-04-24 13:00:56,65.3,411.45,0.0,0.0,0.0
2021-04-24 14:00:56,62.79,280.12,0.0,0.0,0.0
2021-04-24 15:00:56,50.59,57.19,0.0,0.0,0.0
2021-04-24 16:00:56,40.56,23.59,0.0,0.0,0.0
2021-04-24 17:00:56,58.51,13.15,0.0,0.0,0.0
2021-04-24 18:00:56,56.98,7.89,0.0,0.0,0.0
2021-04-24 19:00:56,56.08,5.52,0.0,0.0,0.0
2021-04-24 20:00:56,40.98,4.98,0.0,0.0,0.0
2021-04-24 21:00:56,45.41,5.01,0.0,0.0,0.0
2021-04-24 22:00:56,37.35,4.41,0.0,0.0,0.0
2021-04-24 23:00:56,28.38,4.27,0.0,0.0,0.0
2021-04-25 00:00:56,25.25,4.12,0.0,0.0,0.0
2021-04-25 01:00:56,28.33,4.71,0.0,0.0,0.0
2021-04-25 02:00:56,25.67,0.0,0.0,0.0,0.0
2021-04-25 03:00:56,27.49,4.21,0.0,0.0,0.0
2021-04-25 04:00:56,24.31,4.19,0.0,0.0,0.0
2021-04-25 05:00:56,16.22,4.44,0.0,0.0,0.0
2021-04-25 06:00:56,21.41,3.85,0.0,0.0,0.0
2021-04-25 07:00:56,20.13,6.37,0.0,0.0,0.0
2021-04-25 08:00:56,18.32,5.56,0.0,0.0,0.0
2021-04-25 09:00:56,27.95,5.27,0.0,0.0,0.0
2021-04-25 10:00:56,18.48,8.04,0.0,0.0,0.0
2021-04-25 11:00:56,23.44,21.35,0.0,0.0,0.0
2021-04-25 12:00:56,24.12,16.64,0.0,0.0,0.0
2021-04-25 13:00:56,23.39,13.46,0.0,0.0,0.0
2021-04-25 14:00:56,21.16,10.99,0.0,0.0,0.0
2021-04-25 15:00:56,24.39,21.28,0.0,0.0,0.0
2021-04-25 16:00:56,26.2,18.91,0.0,0.0,0.0
2021-04-25 17:00:56,30.02,11.44,0.0,0.0,0.0
2021-04-25 18:00:56,26.31,9.62,0.0,0.0,0.0
2021-04-25 19:00:56,30.52,7.75,0.0,0.0,0.0
2021-04-25 20:00:56,33.59,6.98,0.0,0.0,0.0
2021-04-25 21:00:56,38.49,7.1,0.0,0.0,0.0
2021-04-25 22:00:56,41.02,6.04,0.0,0.0,0.0
2021-04-25 23:00:56,40.75,5.4,0.0,0.0,0.0
2021-04-26 00:00:56,28.96,4.9,0.0,0.0,0.0
2021-04-26 01:00:56,19.13,4.36,0.0,0.0,0.0
2021-04-26 02:00:56,28.78,0.0,0.0,0.0,0.0
2021-04-26 03:00:56,16.02,3.72,0.0,0.0,0.0
2021-04-26 04:00:56,16.54,3.81,0.0,0.0,0.0
2021-04-26 05:00:56,23.55,4.39,0.0,0.0,0.0
2021-04-26 06:00:56,16.38,3.88,0.0,0.0,0.0
2021-04-26 07:00:56,27.65,4.38,0.0,0.0,0.0
2021-04-26 08:00:56,17.23,4.74,0.0,0.0,0.0
2021-04-26 09:00:56,16.99,4.96,0.0,0.0,0.0
2021-04-26 10:00:56,22.93,5.18,0.0,0.0,0.0
2021-04-26 11:00:56,25.92,5.48,0.0,0.0,0.0
2021-04-26 12:00:56,18.77,5.61,0.0,0.0,0.0
2021-04-26 13:00:56,38.73,5.84,0.0,0.0,0.0
2021-04-26 14:00:56,28.62,5.21,0.0,0.0,0.0
2021-04-26 15:00:56,45.79,5.34,0.0,0.0,0.0
2021-04-26 16:00:56,52.41,4.72,0.0,0.0,0.0
2021-04-26 17:00:56,54.35,5.08,0.0,0.0,0.0
2021-04-26 18:00:56,64.53,4.51,0.0,0.0,0.0
2021-04-26 19:00:56,51.44,5.07,0.0,0.0,0.0
2021-04-26 20:00:56,54.18,5.33,0.0,0.0,0.0
2021-04-26 21:00:56,49.19,4.96,0.0,0.0,0.0
2021-04-26 22:00:56,35.27,4.37,0.0,0.0,0.0
2021-04-26 23:00:56,38.43,5.14,0.0,0.0,0.0
2021-04-27 00:00:56,39.33,4.4,0.0,0.0,0.0
2021-04-27 01:00:56,39.32,4.43,0.0,0.0,0.0
2021-04-27 02:00:56,27.78,4.2,0.0,0.0,0.0
2021-04-27 03:00:56,23.44,3.46,0.0,0.0,0.0
2021-04-27 04:00:56,14.53,3.87,0.0,0.0,0.0
2021-04-27 05:00:56,18.32,3.67,0.0,0.0,0.0
2021-04-27 06:00:56,26.61,3.58,0.0,0.0,0.0
2021-04-27 07:00:56,24.06,4.17,0.0,0.0,0.0
2021-04-27 08:00:56,30.84,6.1,0.0,0.0,0.0
2021-04-27 09:00:56,19.4,8.65,0.0,0.0,0.0
2021-04-27 10:00:56,26.73,7.61,0.0,0.0,0.0
2021-04-27 11:00:56,24.9,6.12,0.0,0.0,0.0
2021-04-27 12:00:56,20.4,5.16,0.0,0.0,0.0
2021-04-27 13:00:56,15.46,7.55,0.0,0.0,0.0
2021-04-27 14:00:56,28.21,5.15,0.0,0.0,0.0
2021-04-27 15:00:56,18.38,5.33,0.0,0.0,0.0
2021-04-27 16:00:56,23.36,5.03,0.0,0.0,0.0
2021-04-27 17:00:56,28.21,5.46,0.0,0.0,0.0
2021-04-27 18:00:56,32.66,5.48,0.0,0.0,0.0
2021-04-27 19:00:56,35.52,5.81,0.0,0.0,0.0
2021-04-27 20:00:56,42.06,4.52,0.0,0.0,0.0
2021-04-27 21:00:56,50.66,5.17,0.0,0.0,0.0
2021-04-27 22:00:56,43.4,4.86,0.0,0.0,0.0
2021-04-27 23:00:56,48.28,4.65,0.0,0.0,0.0
2021-04-28 00:00:56,52.31,4.59,0.0,0.0,0.0
2021-04-28 01:00:56,49.14,4.18,0.0,0.0,0.0
2021-04-28 02:00:56,44.0,0.0,0.0,0.0,0.0
2021-04-28 03:00:56,47.17,4.24,0.0,0.0,0.0
2021-04-28 04:00:56,38.88,4.15,0.0,0.0,0.0
2021-04-28 05:00:56,48.84,4.11,0.0,0.0,0.0
2021-04-28 06:00:56,37.64,4.13,0.0,0.0,0.0
2021-04-28 07:00:56,37.06,5.07,0.0,0.0,0.0
2021-04-28 08:00:56,42.88,10.78,0.0,0.0,0.0
2021-04-28 09:00:56,59.08,10.95,0.0,0.0,0.0
2021-04-28 10:00:56,70.03,13.55,0.0,0.0,0.0
2021-04-28 11:00:56,78.33,15.57,0.0,0.0,0.0
2021-04-28 12:00:56,94.61,10.39,0.0,0.0,0.0
2021-04-28 13:00:56,82.11,9.99,0.0,0.0,0.0
2021-04-28 14:00:56,90.18,7.85,0.0,0.0,0.0
2021-04-28 15:00:56,84.59,8.01,0.0,0.0,0.0
2021-04-28 16:00:56,104.75,7.9,0.0,0.0,0.0
2021-04-28 17:00:56,108.64,5.4,0.0,0.0,0.0
2021-04-28 18:00:56,106.73,5.05,0.0,0.0,0.0
2021-04-28 19:00:56,90.15,4.97,0.0,0.0,0.0
2021-04-28 20:00:56,84.46,4.44,0.0,0.0,0.0
2021-04-28 21:00:56,88.29,6.57,0.0,0.0,0.0
2021-04-28 22:00:56,108.64,6.37,0.0,0.0,0.0
2021-04-28 23:00:56,122.32,6.63,0.0,0.0,0.0
2021-04-29 00:00:56,121.31,0.0,0.0,0.0,0.0
2021-04-29 01:00:56,97.7,0.0,0.0,0.0,0.0
2021-04-29 02:00:56,88.39,6.08,0.0,0.0,0.0
2021-04-29 03:00:56,84.3,5.54,0.0,0.0,0.0
2021-04-29 04:00:56,75.06,5.21,0.0,0.0,0.0
2021-04-29 05:00:56,67.99,4.92,0.0,0.0,0.0
2021-04-29 06:00:56,51.1,4.81,0.0,0.0,0.0
2021-04-29 07:00:56,45.6,4.68,0.0,0.0,0.0
2021-04-29 08:00:56,39.01,4.93,0.0,0.0,0.0
2021-04-29 09:00:56,44.94,5.87,0.0,0.0,0.0
2021-04-29 10:00:56,84.54,58.97,0.0,0.0,0.0
2021-04-29 11:00:56,178.52,347.59,0.0,0.0,0.0
2021-04-29 12:00:56,265.64,66.35,0.0,0.0,0.0
2021-04-29 13:00:56,166.08,60.44,0.0,0.0,0.0
2021-04-29 14:00:56,101.3,47.43,0.0,0.0,0.0
2021-04-29 15:00:56,69.0,24.8,0.0,0.0,0.0
2021-04-29 16:00:56,105.02,18.35,0.0,0.0,0.0
2021-04-29 17:00:56,95.84,13.34,0.0,0.0,0.0
2021-04-29 18:00:56,78.53,12.5,0.0,0.0,0.0
2021-04-29 19:00:56,84.99,8.48,0.0,0.0,0.0
2021-04-29 20:00:56,71.48,6.9,0.0,0.0,0.0
2021-04-29 21:00:56,74.44,6.36,0.0,0.0,0.0
2021-04-29 22:00:56,66.69,5.83,0.0,0.0,0.0
2021-04-29 23:00:56,70.95,5.79,0.0,0.0,0.0
2021-04-30 00:00:56,62.04,3.97,0.0,0.0,0.0
2021-04-30 01:00:56,62.01,4.59,0.0,0.0,0.0
2021-04-30 02:00:56,122.63,0.0,0.0,0.0,0.0
2021-04-30 03:00:56,185.31,12.21,0.0,0.0,0.0
2021-04-30 04:00:56,203.89,14.76,0.0,0.0,0.0
2021-04-30 05:00:56,161.16,13.6,0.0,0.0,0.0
2021-04-30 06:00:56,123.59,12.26,0.0,0.0,0.0
2021-04-30 07:00:56,109.52,17.7,0.0,0.0,0.0
2021-04-30 08:00:56,125.65,17.75,0.0,0.0,0.0
2021-04-30 09:00:56,127.78,21.76,0.0,0.0,0.0
2021-04-30 10:00:56,150.93,58.1,0.0,0.0,0.0
2021-04-30 11:00:56,141.92,146.67,0.0,0.0,0.0
2021-04-30 12:00:56,128.97,243.46,0.0,0.0,0.0
2021-04-30 13:00:56,186.94,146.47,0.0,0.0,0.0
2021-04-30 14:00:56,210.24,74.48,0.0,0.0,0.0
2021-04-30 15:00:56,194.29,180.52,0.0,0.0,0.0
2021-04-30 16:00:56,188.88,300.5,0.0,0.0,0.0
2021-04-30 17:00:56,213.08,44.45,0.0,0.0,0.0
2021-04-30 18:00:56,161.57,18.65,0.0,0.0,0.0
2021-04-30 19:00:56,114.13,13.61,0.0,0.0,0.0
2021-04-30 20:00:56,102.2,19.31,0.0,0.0,0.0
2021-04-30 21:00:56,85.55,19.54,0.0,0.0,0.0
2021-04-30 22:00:56,84.15,13.06,0.0,0.0,0.0
2021-04-30 23:00:56,73.93,8.6,0.0,0.0,0.0
2021-05-01 00:00:56,56.11,7.81,0.0,0.0,0.0
2021-05-01 01:00:56,64.77,6.23,0.0,0.0,0.0
2021-05-01 02:00:56,75.83,0.0,0.0,0.0,0.0
2021-05-01 03:00:56,76.09,5.75,0.0,0.0,0.0
2021-05-01 04:00:56,76.02,5.4,0.0,0.0,0.0
2021-05-01 05:00:56,65.86,5.19,0.0,0.0,0.0
2021-05-01 06:00:56,46.34,4.92,0.0,0.0,0.0
2021-05-01 07:00:56,42.14,5.6,0.0,0.0,0.0
2021-05-01 08:00:56,31.93,10.43,0.0,0.0,0.0
2021-05-01 09:00:56,33.36,39.76,0.0,0.0,0.0
2021-05-01 10:00:56,75.7,72.0,0.0,0.0,0.0
2021-05-01 11:00:56,130.2,565.09,0.0,0.0,0.0
2021-05-01 12:00:56,132.67,369.41,0.0,0.0,0.0
2021-05-01 13:00:56,104.39,310.76,0.0,0.0,0.0
2021-05-01 14:00:56,104.34,104.23,0.0,0.0,0.0
2021-05-01 15:00:56,69.36,363.51,0.0,0.0,0.0
2021-05-01 16:00:56,78.65,212.95,0.0,0.0,0.0
2021-05-01 17:00:56,91.49,34.16,0.0,0.0,0.0
2021-05-01 18:00:56,96.89,24.0,0.0,0.0,0.0
2021-05-01 19:00:56,135.54,17.72,0.0,0.0,0.0
2021-05-01 20:00:56,121.32,11.9,0.0,0.0,0.0
2021-05-01 21:00:56,112.79,12.89,0.0,0.0,0.0
2021-05-01 22:00:56,125.62,24.17,0.0,0.0,0.0
2021-05-01 23:00:56,143.24,39.4,0.0,0.0,0.0
2021-05-02 00:00:56,140.35,30.77,0.0,0.0,0.0
2021-05-02 01:00:56,118.82,17.46,0.0,0.0,0.0
2021-05-02 02:00:56,103.25,0.0,0.0,0.0,0.0
2021-05-02 03:00:56,83.52,9.13,0.0,0.0,0.0
2021-05-02 04:00:56,65.58,7.81,0.0,0.0,0.0
2021-05-02 05:00:56,42.19,5.86,0.0,0.0,0.0
2021-05-02 06:00:56,44.78,5.97,0.0,0.0,0.0
2021-05-02 07:00:56,49.77,9.73,0.0,0.0,0.0
2021-05-02 08:00:56,34.96,42.62,0.0,0.0,0.0
2021-05-02 09:00:56,42.71,156.94,0.0,0.0,0.0
2021-05-02 10:00:56,43.88,151.57,0.0,0.0,0.0
2021-05-02 11:00:56,58.25,39.25,0.0,0.0,0.0
2021-05-02 12:00:56,40.18,13.73,0.0,0.0,0.0
2021-05-02 13:00:56,35.69,11.6,0.0,0.0,0.0
2021-05-02 14:00:56,36.64,17.05,0.0,0.0,0.0
2021-05-02 15:00:56,44.26,39.75,0.0,0.0,0.0
2021-05-02 16:00:56,74.6,24.02,0.0,0.0,0.0
2021-05-02 17:00:56,90.51,35.91,0.0,0.0,0.0
2021-05-02 18:00:56,118.73,101.25,0.0,0.0,0.0
2021-05-02 19:00:56,121.24,18.76,0.0,0.0,0.0
2021-05-02 20:00:56,119.01,17.82,0.0,0.0,0.0
2021-05-02 21:00:56,138.6,14.28,0.0,0.0,0.0
2021-05-02 22:00:56,120.51,12.45,0.0,0.0,0.0
2021-05-02 23:00:56,101.5,10.76,0.0,0.0,0.0
2021-05-03 00:00:56,95.86,10.12,0.0,0.0,0.0
2021-05-03 01:00:56,83.43,9.52,0.0,0.0,0.0
2021-05-03 02:00:56,74.3,0.0,0.0,0.0,0.0
2021-05-03 03:00:56,62.92,8.08,0.0,0.0,0.0
2021-05-03 04:00:56,60.6,7.98,0.0,0.0,0.0
2021-05-03 05:00:56,60.34,8.22,0.0,0.0,0.0
2021-05-03 06:00:56,69.8,7.86,0.0,0.0,0.0
2021-05-03 07:00:56,69.84,11.19,0.0,0.0,0.0
2021-05-03 08:00:56,84.92,92.03,0.0,0.0,0.0
2021-05-03 09:00:56,92.58,86.73,0.0,0.0,0.0
2021-05-03 10:00:56,96.74,45.23,0.0,0.0,0.0
2021-05-03 11:00:56,95.3,26.95,0.0,0.0,0.0
2021-05-03 12:00:56,84.16,206.02,0.0,0.0,0.0
2021-05-03 13:00:56,92.32,287.89,0.0,0.0,0.0
2021-05-03 14:00:56,106.26,154.45,0.0,0.0,0.0
2021-05-03 15:00:56,85.68,36.85,0.0,0.0,0.0
2021-05-03 16:00:56,77.88,440.01,0.0,0.0,0.0
2021-05-03 17:00:56,112.87,306.38,0.0,0.0,0.0
2021-05-03 18:00:56,126.48,22.37,0.0,0.0,0.0
2021-05-03 19:00:56,137.76,15.73,0.0,0.0,0.0
2021-05-03 20:00:56,154.29,15.0,0.0,0.0,0.0
2021-05-03 21:00:56,118.95,33.76,0.0,0.0,0.0
2021-05-03 22:00:56,118.57,28.87,0.0,0.0,0.0
2021-05-03 23:00:56,101.55,23.84,0.0,0.0,0.0
2021-05-04 00:00:56,97.44,24.03,0.0,0.0,0.0
2021-05-04 01:00:56,103.22,17.66,0.0,0.0,0.0
2021-05-04 02:00:56,119.01,0.0,0.0,0.0,0.0
2021-05-04 03:00:56,94.6,10.09,0.0,0.0,0.0
2021-05-04 04:00:56,86.63,7.63,0.0,0.0,0.0
2021-05-04 05:00:56,66.23,6.58,0.0,0.0,0.0
2021-05-04 06:00:56,68.76,6.4,0.0,0.0,0.0
2021-05-04 07:00:56,67.68,7.2,0.0,0.0,0.0
2021-05-04 08:00:56,60.94,9.4,0.0,0.0,0.0
2021-05-04 09:00:56,72.45,8.41,0.0,0.0,0.0
2021-05-04 10:00:56,60.81,7.36,0.0,0.0,0.0
2021-05-04 11:00:56,69.73,7.01,0.0,0.0,0.0
2021-05-04 12:00:56,59.2,6.11,0.0,0.0,0.0
2021-05-04 13:00:56,44.61,5.53,0.0,0.0,0.0
2021-05-04 14:00:56,43.62,5.44,0.0,0.0,0.0
2021-05-04 15:00:56,37.94,6.64,0.0,0.0,0.0
2021-05-04 16:00:56,27.9,6.27,0.0,0.0,0.0
2021-05-04 17:00:56,25.1,9.91,0.0,0.0,0.0
2021-05-04 18:00:56,34.66,27.22,0.0,0.0,0.0
2021-05-04 19:00:56,36.0,19.51,0.0,0.0,0.0
2021-05-04 20:00:56,41.28,14.3,0.0,0.0,0.0
2021-05-04 21:00:56,30.8,8.71,0.0,0.0,0.0
2021-05-04 22:00:56,34.34,7.76,0.0,0.0,0.0
2021-05-04 23:00:56,50.05,7.14,0.0,0.0,0.0
2021-05-05 00:00:56,49.24,6.59,0.0,0.0,0.0
2021-05-05 01:00:56,40.82,5.99,0.0,0.0,0.0
2021-05-05 02:00:56,27.05,0.0,0.0,0.0,0.0
2021-05-05 03:00:56,17.9,4.86,0.0,0.0,0.0
2021-05-05 04:00:56,18.43,5.12,0.0,0.0,0.0
2021-05-05 05:00:56,23.94,4.61,0.0,0.0,0.0
2021-05-05 06:00:56,23.19,4.28,0.0,0.0,0.0
2021-05-05 07:00:56,13.68,7.38,0.0,0.0,0.0
2021-05-05 08:00:56,11.19,10.91,0.0,0.0,0.0
2021-05-05 09:00:56,13.64,15.15,0.0,0.0,0.0
2021-05-05 10:00:56,21.34,30.45,0.0,0.0,0.0
2021-05-05 11:00:56,27.55,12.99,0.0,0.0,0.0
2021-05-05 12:00:56,21.91,9.89,0.0,0.0,0.0
2021-05-05 13:00:56,31.8,8.22,0.0,0.0,0.0
2021-05-05 14:00:56,41.19,12.21,0.0,0.0,0.0
2021-05-05 15:00:56,33.34,6.22,0.0,0.0,0.0
2021-05-05 16:00:56,36.08,5.39,0.0,0.0,0.0
2021-05-05 17:00:56,26.93,5.13,0.0,0.0,0.0
2021-05-05 18:00:56,21.05,3.71,0.0,0.0,0.0
2021-05-05 19:00:56,17.53,4.78,0.0,0.0,0.0
2021-05-05 20:00:56,24.74,5.51,0.0,0.0,0.0
2021-05-05 21:00:56,33.79,5.99,0.0,0.0,0.0
2021-05-05 22:00:56,28.82,5.6,0.0,0.0,0.0
2021-05-05 23:00:56,26.11,5.56,0.0,0.0,0.0
2021-05-06 00:00:56,29.97,5.19,0.0,0.0,0.0
2021-05-06 01:00:56,29.37,4.75,0.0,0.0,0.0
2021-05-06 02:00:56,26.35,0.0,0.0,0.0,0.0
2021-05-06 03:00:56,22.94,4.46,0.0,0.0,0.0
2021-05-06 04:00:56,17.33,4.96,0.0,0.0,0.0
2021-05-06 05:00:56,19.98,4.65,0.0,0.0,0.0
2021-05-06 06:00:56,18.29,5.06,0.0,0.0,0.0
2021-05-06 07:00:56,20.13,6.18,0.0,0.0,0.0
2021-05-06 08:00:56,28.49,27.71,0.0,0.0,0.0
2021-05-06 09:00:56,62.71,40.83,0.0,0.0,0.0
2021-05-06 10:00:56,103.68,19.46,0.0,0.0,0.0
2021-05-06 11:00:56,108.23,15.32,0.0,0.0,0.0
2021-05-06 12:00:56,102.33,12.47,0.0,0.0,0.0
2021-05-06 13:00:56,88.7,9.61,0.0,0.0,0.0
2021-05-06 14:00:56,93.85,9.29,0.0,0.0,0.0
2021-05-06 15:00:56,89.65,18.84,0.0,0.0,0.0
2021-05-06 16:00:56,105.75,150.63,0.0,0.0,0.0
2021-05-06 17:00:56,118.42,81.59,0.0,0.0,0.0
2021-05-06 18:00:56,92.98,45.05,0.0,0.0,0.0
2021-05-06 19:00:56,54.34,27.64,0.0,0.0,0.0
2021-05-06 20:00:56,44.54,16.21,0.0,0.0,0.0
2021-05-06 21:00:56,51.97,12.36,0.0,0.0,0.0
2021-05-06 22:00:56,54.65,9.64,0.0,0.0,0.0
2021-05-06 23:00:56,69.3,8.1,0.0,0.0,0.0
2021-05-07 00:00:56,80.23,6.59,0.0,0.0,0.0
2021-05-07 01:00:56,68.89,6.58,0.0,0.0,0.0
2021-05-07 02:00:56,62.09,0.0,0.0,0.0,0.0
2021-05-07 03:00:56,42.67,5.48,0.0,0.0,0.0
2021-05-07 04:00:56,37.51,4.8,0.0,0.0,0.0
2021-05-07 05:00:56,33.38,4.9,0.0,0.0,0.0
2021-05-07 06:00:56,35.01,4.96,0.0,0.0,0.0
2021-05-07 07:00:56,36.29,5.24,0.0,0.0,0.0
2021-05-07 08:00:56,38.7,10.81,0.0,0.0,0.0
2021-05-07 09:00:56,33.53,121.07,0.0,0.0,0.0
2021-05-07 10:00:56,53.54,247.35,0.0,0.0,0.0
2021-05-07 11:00:56,64.58,137.25,0.0,0.0,0.0
2021-05-07 12:00:56,52.11,25.84,0.0,0.0,0.0
2021-05-07 13:00:56,49.13,15.35,0.0,0.0,0.0
2021-05-07 14:00:56,42.47,12.72,0.0,0.0,0.0
2021-05-07 15:00:56,36.34,139.15,0.0,0.0,0.0
2021-05-07 16:00:56,65.89,130.54,0.0,0.0,0.0
2021-05-07 17:00:56,82.25,18.6,0.0,0.0,0.0
2021-05-07 18:00:56,89.27,14.93,0.0,0.0,0.0
2021-05-07 19:00:56,83.51,12.15,0.0,0.0,0.0
2021-05-07 20:00:56,77.1,9.11,0.0,0.0,0.0
2021-05-07 21:00:56,73.98,7.7,0.0,0.0,0.0
2021-05-07 22:00:56,72.63,7.76,0.0,0.0,0.0
2021-05-07 23:00:56,69.76,6.54,0.0,0.0,0.0
2021-05-08 00:00:56,67.92,6.49,0.0,0.0,0.0
2021-05-08 01:00:56,62.37,6.06,0.0,0.0,0.0
2021-05-08 02:00:56,51.11,0.0,0.0,0.0,0.0
2021-05-08 03:00:56,37.17,5.24,0.0,0.0,0.0
2021-05-08 04:00:56,47.08,5.13,0.0,0.0,0.0
2021-05-08 05:00:56,38.01,5.32,0.0,0.0,0.0
2021-05-08 06:00:56,30.35,5.25,0.0,0.0,0.0
2021-05-08 07:00:56,33.51,6.32,0.0,0.0,0.0
2021-05-08 08:00:56,25.24,56.96,0.0,0.0,0.0
2021-05-08 09:00:56,38.25,177.79,0.0,0.0,0.0
2021-05-08 10:00:56,43.86,68.72,0.0,0.0,0.0
2021-05-08 11:00:56,65.1,51.48,0.0,0.0,0.0
2021-05-08 12:00:56,77.83,34.4,0.0,0.0,0.0
2021-05-08 13:00:56,68.51,60.9,0.0,0.0,0.0
2021-05-08 14:00:56,67.0,264.86,0.0,0.0,0.0
2021-05-08 15:00:56,86.49,112.18,0.0,0.0,0.0
2021-05-08 16:00:56,130.97,227.97,0.0,0.0,0.0
2021-05-08 17:00:56,139.16,17.66,0.0,0.0,0.0
2021-05-08 18:00:56,111.83,53.59,0.0,0.0,0.0
2021-05-08 19:00:56,84.09,57.22,0.0,0.0,0.0
2021-05-08 20:00:56,86.3,42.72,0.0,0.0,0.0
2021-05-08 21:00:56,76.89,16.94,0.0,0.0,0.0
2021-05-08 22:00:56,57.48,9.77,0.0,0.0,0.0
2021-05-08 23:00:56,51.79,8.17,0.0,0.0,0.0
2021-05-09 00:00:56,38.51,7.61,0.0,0.0,0.0
2021-05-09 01:00:56,26.7,7.04,0.0,0.0,0.0
2021-05-09 02:00:56,29.86,1.56,0.0,0.0,0.0
2021-05-09 03:00:56,34.26,5.47,0.0,0.0,0.0
2021-05-09 04:00:56,21.53,5.7,0.0,0.0,0.0
2021-05-09 05:00:56,37.04,5.18,0.0,0.0,0.0
2021-05-09 06:00:56,29.28,4.87,0.0,0.0,0.0
2021-05-09 07:00:56,18.85,4.8,0.0,0.0,0.0
2021-05-09 08:00:56,15.81,4.49,0.0,0.0,0.0
2021-05-09 09:00:56,28.42,3.92,0.0,0.0,0.0
2021-05-09 10:00:56,16.16,3.67,0.0,0.0,0.0
2021-05-09 11:00:56,11.27,4.1,0.0,0.0,0.0
2021-05-09 12:00:56,18.14,5.01,0.0,0.0,0.0
2021-05-09 13:00:56,11.96,7.98,0.0,0.0,0.0
2021-05-09 14:00:56,14.25,6.27,0.0,0.0,0.0
2021-05-09 15:00:56,25.9,7.43,0.0,0.0,0.0
2021-05-09 16:00:56,51.62,6.93,0.0,0.0,0.0
2021-05-09 17:00:56,57.54,5.17,0.0,0.0,0.0
2021-05-09 18:00:56,45.45,17.46,0.0,0.0,0.0
2021-05-09 19:00:56,25.37,7.49,0.0,0.0,0.0
2021-05-09 20:00:56,23.24,5.0,0.0,0.0,0.0
2021-05-09 21:00:56,23.78,4.91,0.0,0.0,0.0
2021-05-09 22:00:56,18.88,5.0,0.0,0.0,0.0
2021-05-09 23:00:56,24.55,4.89,0.0,0.0,0.0
2021-05-10 00:00:56,17.85,4.14,0.0,0.0,0.0
2021-05-10 01:00:56,19.1,4.26,0.0,0.0,0.0
2021-05-10 02:00:56,10.83,0.0,0.0,0.0,0.0
2021-05-10 03:00:56,7.23,3.39,0.0,0.0,0.0
2021-05-10 04:00:56,5.59,3.3,0.0,0.0,0.0
2021-05-10 05:00:56,14.59,3.52,0.0,0.0,0.0
2021-05-10 06:00:56,12.91,3.86,0.0,0.0,0.0
2021-05-10 07:00:56,8.26,5.14,0.0,0.0,0.0
2021-05-10 08:00:56,6.0,4.61,0.0,0.0,0.0
2021-05-10 09:00:56,5.53,4.9,0.0,0.0,0.0
2021-05-10 10:00:56,10.89,5.77,0.0,0.0,0.0
2021-05-10 11:00:56,17.38,11.03,0.0,0.0,0.0
2021-05-10 12:00:56,17.47,143.99,0.0,0.0,0.0
2021-05-10 13:00:56,19.46,185.61,0.0,0.0,0.0
2021-05-10 14:00:56,14.37,60.17,0.0,0.0,0.0
2021-05-10 15:00:56,11.87,9.98,0.0,0.0,0.0
2021-05-10 16:00:56,10.69,5.6,0.0,0.0,0.0
2021-05-10 17:00:56,14.15,10.22,0.0,0.0,0.0
2021-05-10 18:00:56,15.62,5.69,0.0,0.0,0.0
2021-05-10 19:00:56,24.17,4.66,0.0,0.0,0.0
2021-05-10 20:00:56,26.89,5.25,0.0,0.0,0.0
2021-05-10 21:00:56,25.21,4.81,0.0,0.0,0.0
2021-05-10 22:00:56,26.88,4.52,0.0,0.0,0.0
2021-05-10 23:00:56,16.2,3.85,0.0,0.0,0.0
2021-05-11 00:00:56,19.7,4.35,0.0,0.0,0.0
2021-05-11 01:00:56,15.98,4.09,0.0,0.0,0.0
2021-05-11 02:00:56,13.81,0.0,0.0,0.0,0.0
2021-05-11 03:00:56,10.37,3.71,0.0,0.0,0.0
2021-05-11 04:00:56,21.2,3.72,0.0,0.0,0.0
2021-05-11 05:00:56,26.68,3.7,0.0,0.0,0.0
2021-05-11 06:00:56,16.56,3.47,0.0,0.0,0.0
2021-05-11 07:00:56,23.48,4.92,0.0,0.0,0.0
2021-05-11 08:00:56,14.96,34.32,0.0,0.0,0.0
2021-05-11 09:00:56,15.74,37.21,0.0,0.0,0.0
2021-05-11 10:00:56,11.49,16.28,0.0,0.0,0.0
2021-05-11 11:00:56,12.21,16.59,0.0,0.0,0.0
2021-05-11 12:00:56,29.06,22.87,0.0,0.0,0.0
2021-05-11 13:00:56,29.66,13.38,0.0,0.0,0.0
2021-05-11 14:00:56,28.92,121.02,0.0,0.0,0.0
2021-05-11 15:00:56,20.37,152.07,0.0,0.0,0.0
2021-05-11 16:00:56,17.64,97.13,0.0,0.0,0.0
2021-05-11 17:00:56,24.63,55.49,0.0,0.0,0.0
2021-05-11 18:00:56,21.91,23.23,0.0,0.0,0.0
2021-05-11 19:00:56,32.07,87.39,0.0,0.0,0.0
2021-05-11 20:00:56,25.39,32.59,0.0,0.0,0.0
2021-05-11 21:00:56,34.92,9.71,0.0,0.0,0.0
2021-05-11 22:00:56,35.65,7.89,0.0,0.0,0.0
2021-05-11 23:00:56,28.24,6.06,0.0,0.0,0.0
2021-05-12 00:00:56,38.54,5.44,0.0,0.0,0.0
2021-05-12 01:00:56,40.57,4.76,0.0,0.0,0.0
2021-05-12 02:00:56,40.04,0.0,0.0,0.0,0.0
2021-05-12 03:00:56,32.37,6.61,0.0,0.0,0.0
2021-05-12 04:00:56,26.28,7.17,0.0,0.0,0.0
2021-05-12 05:00:56,30.2,5.93,0.0,0.0,0.0
2021-05-12 06:00:56,23.38,8.48,0.0,0.0,0.0
2021-05-12 07:00:56,15.7,9.21,0.0,0.0,0.0
2021-05-12 08:00:56,9.54,13.57,0.0,0.0,0.0
2021-05-12 09:00:56,12.03,53.6,0.0,0.0,0.0
2021-05-12 10:00:56,24.31,18.25,0.0,0.0,0.0
2021-05-12 11:00:56,27.42,8.7,0.0,0.0,0.0
2021-05-12 12:00:56,24.13,6.91,0.0,0.0,0.0
2021-05-12 13:00:56,16.52,7.69,0.0,0.0,0.0
2021-05-12 14:00:56,16.14,8.01,0.0,0.0,0.0
2021-05-12 15:00:56,12.44,7.74,0.0,0.0,0.0
2021-05-12 16:00:56,17.61,7.67,0.0,0.0,0.0
2021-05-12 17:00:56,11.03,7.42,0.0,0.0,0.0
2021-05-12 18:00:56,14.95,7.82,0.0,0.0,0.0
2021-05-12 19:00:56,25.53,28.07,0.0,0.0,0.0
2021-05-12 20:00:56,42.06,10.52,0.0,0.0,0.0
2021-05-12 21:00:56,32.38,9.34,0.0,0.0,0.0
2021-05-12 22:00:56,37.82,8.83,0.0,0.0,0.0
2021-05-12 23:00:56,24.98,6.66,0.0,0.0,0.0
2021-05-13 00:00:56,35.42,5.67,0.0,0.0,0.0
2021-05-13 01:00:56,31.74,5.64,0.0,0.0,0.0
2021-05-13 02:00:56,27.73,0.0,0.0,0.0,0.0
2021-05-13 03:00:56,29.36,5.35,0.0,0.0,0.0
2021-05-13 04:00:56,24.72,5.96,0.0,0.0,0.0
2021-05-13 05:00:56,32.53,11.5,0.0,0.0,0.0
2021-05-13 06:00:56,48.25,17.52,0.0,0.0,0.0
2021-05-13 07:00:56,74.41,21.41,0.0,0.0,0.0
2021-05-13 08:00:56,67.27,27.45,0.0,0.0,0.0
2021-05-13 09:00:56,65.68,64.77,0.0,0.0,0.0
2021-05-13 10:00:56,62.93,123.83,0.0,0.0,0.0
2021-05-13 11:00:56,71.14,49.22,0.0,0.0,0.0
2021-05-13 12:00:56,41.89,161.89,0.0,0.0,0.0
2021-05-13 13:00:56,58.17,97.93,0.0,0.0,0.0
2021-05-13 14:00:56,80.27,43.79,0.0,0.0,0.0
2021-05-13 15:00:56,53.44,32.58,0.0,0.0,0.0
2021-05-13 16:00:56,52.53,27.93,0.0,0.0,0.0
2021-05-13 17:00:56,57.33,29.15,0.0,0.0,0.0
2021-05-13 18:00:56,50.44,20.27,0.0,0.0,0.0
2021-05-13 19:00:56,51.12,14.44,0.0,0.0,0.0
2021-05-13 20:00:56,48.62,9.52,0.0,0.0,0.0
2021-05-13 21:00:56,32.11,7.71,0.0,0.0,0.0
2021-05-13 22:00:56,23.81,6.92,0.0,0.0,0.0
2021-05-13 23:00:56,34.69,6.26,0.0,0.0,0.0
2021-05-14 00:00:56,42.95,5.91,0.0,0.0,0.0
2021-05-14 01:00:56,39.28,5.36,0.0,0.0,0.0
2021-05-14 02:00:56,44.59,0.0,0.0,0.0,0.0
2021-05-14 03:00:56,36.92,5.37,0.0,0.0,0.0
2021-05-14 04:00:56,30.45,5.14,0.0,0.0,0.0
2021-05-14 05:00:56,42.45,5.1,0.0,0.0,0.0
2021-05-14 06:00:56,31.83,5.25,0.0,0.0,0.0
2021-05-14 07:00:56,46.93,5.23,0.0,0.0,0.0
2021-05-14 08:00:56,49.11,6.07,0.0,0.0,0.0
2021-05-14 09:00:56,51.64,10.23,0.0,0.0,0.0
2021-05-14 10:00:56,57.84,38.26,0.0,0.0,0.0
2021-05-14 11:00:56,63.83,41.0,0.0,0.0,0.0
2021-05-14 12:00:56,75.19,18.28,0.0,0.0,0.0
2021-05-14 13:00:56,60.04,12.52,0.0,0.0,0.0
2021-05-14 14:00:56,54.82,8.18,0.0,0.0,0.0
2021-05-14 15:00:56,38.66,14.82,0.0,0.0,0.0
2021-05-14 16:00:56,36.82,186.66,0.0,0.0,0.0
2021-05-14 17:00:56,38.39,238.88,0.0,0.0,0.0
2021-05-14 18:00:56,60.5,26.77,0.0,0.0,0.0
2021-05-14 19:00:56,53.38,7.46,0.0,0.0,0.0
2021-05-14 20:00:56,36.6,9.46,0.0,0.0,0.0
2021-05-14 21:00:56,29.99,7.58,0.0,0.0,0.0
2021-05-14 22:00:56,50.94,5.52,0.0,0.0,0.0
2021-05-14 23:00:56,62.16,7.04,0.0,0.0,0.0
2021-05-15 00:00:56,53.58,6.3,0.0,0.0,0.0
2021-05-15 01:00:56,63.7,5.59,0.0,0.0,0.0
2021-05-15 02:00:56,52.99,0.0,0.0,0.0,0.0
2021-05-15 03:00:56,47.18,5.01,0.0,0.0,0.0
2021-05-15 04:00:56,28.21,4.63,0.0,0.0,0.0
2021-05-15 05:00:56,29.12,4.74,0.0,0.0,0.0
2021-05-15 06:00:56,27.65,4.44,0.0,0.0,0.0
2021-05-15 07:00:56,26.68,5.17,0.0,0.0,0.0
2021-05-15 08:00:56,20.13,131.9,0.0,0.0,0.0
2021-05-15 09:00:56,53.86,1018.05,0.0,0.0,0.0
2021-05-15 10:00:56,157.99,411.77,0.0,0.0,0.0
2021-05-15 11:00:56,137.69,802.72,0.0,0.0,0.0
2021-05-15 12:00:56,127.04,1074.13,0.0,0.0,0.0
2021-05-15 13:00:56,130.66,298.07,0.0,0.0,0.0
2021-05-15 14:00:56,93.92,40.3,0.0,0.0,0.0
2021-05-15 15:00:56,66.88,334.01,0.0,0.0,0.0
2021-05-15 16:00:56,59.27,768.2,0.0,0.0,0.0
2021-05-15 17:00:56,81.23,948.89,0.0,0.0,0.0
2021-05-15 18:00:56,79.74,344.61,0.0,0.0,0.0
2021-05-15 19:00:56,77.42,28.51,0.0,0.0,0.0
2021-05-15 20:00:56,58.91,16.54,0.0,0.0,0.0
2021-05-15 21:00:56,43.38,11.64,0.0,0.0,0.0
2021-05-15 22:00:56,55.51,10.14,0.0,0.0,0.0
2021-05-15 23:00:56,43.4,8.84,0.0,0.0,0.0
2021-05-16 00:00:56,47.42,8.26,0.0,0.0,0.0
2021-05-16 01:00:56,40.33,7.52,0.0,0.0,0.0
2021-05-16 02:00:56,37.86,0.0,0.0,0.0,0.0
2021-05-16 03:00:56,27.73,6.42,0.0,0.0,0.0
2021-05-16 04:00:56,30.39,10.34,0.0,0.0,0.0
2021-05-16 05:00:56,40.65,9.13,0.0,0.0,0.0
2021-05-16 06:00:56,29.63,8.61,0.0,0.0,0.0
2021-05-16 07:00:56,27.27,15.29,0.0,0.0,0.0
2021-05-16 08:00:56,16.25,67.48,0.0,0.0,0.0
2021-05-16 09:00:56,15.52,148.41,0.0,0.0,0.0
2021-05-16 10:00:56,31.85,592.57,0.0,0.0,0.0
2021-05-16 11:00:56,50.78,61.15,0.0,0.0,0.0
2021-05-16 12:00:56,44.06,27.12,0.0,0.0,0.0
2021-05-16 13:00:56,38.82,19.31,0.0,0.0,0.0
2021-05-16 14:00:56,47.42,13.37,0.0,0.0,0.0
2021-05-16 15:00:56,34.62,11.16,0.0,0.0,0.0
2021-05-16 16:00:56,37.59,12.54,0.0,0.0,0.0
2021-05-16 17:00:56,48.58,24.74,0.0,0.0,0.0
2021-05-16 18:00:56,42.35,14.64,0.0,0.0,0.0
2021-05-16 19:00:56,44.93,10.21,0.0,0.0,0.0
2021-05-16 20:00:56,46.79,18.96,0.0,0.0,0.0
2021-05-16 21:00:56,40.21,27.78,0.0,0.0,0.0
2021-05-16 22:00:56,48.99,18.79,0.0,0.0,0.0
2021-05-16 23:00:56,52.05,17.48,0.0,0.0,0.0
2021-05-17 00:00:56,50.17,16.91,0.0,0.0,0.0
2021-05-17 01:00:56,43.33,13.56,0.0,0.0,0.0
2021-05-17 02:00:56,35.07,0.0,0.0,0.0,0.0
2021-05-17 03:00:56,27.12,10.11,0.0,0.0,0.0
2021-05-17 04:00:56,33.31,8.92,0.0,0.0,0.0
2021-05-17 05:00:56,32.08,7.65,0.0,0.0,0.0
2021-05-17 06:00:56,33.33,6.29,0.0,0.0,0.0
2021-05-17 07:00:56,24.33,6.53,0.0,0.0,0.0
2021-05-17 08:00:56,24.22,6.62,0.0,0.0,0.0
2021-05-17 09:00:56,23.89,6.82,0.0,0.0,0.0
2021-05-17 10:00:56,14.32,6.61,0.0,0.0,0.0
2021-05-17 11:00:56,13.68,6.2,0.0,0.0,0.0
2021-05-17 12:00:56,33.06,6.11,0.0,0.0,0.0
2021-05-17 13:00:56,37.46,6.67,0.0,0.0,0.0
2021-05-17 14:00:56,31.31,7.97,0.0,0.0,0.0
2021-05-17 15:00:56,22.25,8.36,0.0,0.0,0.0
2021-05-17 16:00:56,35.99,8.18,0.0,0.0,0.0
2021-05-17 17:00:56,32.57,6.84,0.0,0.0,0.0
2021-05-17 18:00:56,45.7,6.52,0.0,0.0,0.0
2021-05-17 19:00:56,41.1,6.3,0.0,0.0,0.0
2021-05-17 20:00:56,31.53,6.12,0.0,0.0,0.0
2021-05-17 21:00:56,23.37,5.68,0.0,0.0,0.0
2021-05-17 22:00:56,34.4,4.87,0.0,0.0,0.0
2021-05-17 23:00:56,32.1,5.43,0.0,0.0,0.0
2021-05-18 00:00:56,31.99,5.06,0.0,0.0,0.0
2021-05-18 01:00:56,18.28,5.2,0.0,0.0,0.0
2021-05-18 02:00:56,13.29,0.0,0.0,0.0,0.0
2021-05-18 03:00:56,12.98,4.72,0.0,0.0,0.0
2021-05-18 04:00:56,19.88,5.14,0.0,0.0,0.0
2021-05-18 05:00:56,17.46,4.83,0.0,0.0,0.0
2021-05-18 06:00:56,18.49,4.81,0.0,0.0,0.0
2021-05-18 07:00:56,25.54,5.04,0.0,0.0,0.0
2021-05-18 08:00:56,22.14,19.69,0.0,0.0,0.0
2021-05-18 09:00:56,24.68,30.69,0.0,0.0,0.0
2021-05-18 10:00:56,35.12,27.98,0.0,0.0,0.0
2021-05-18 11:00:56,29.86,17.11,0.0,0.0,0.0
2021-05-18 12:00:56,35.65,12.48,0.0,0.0,0.0
2021-05-18 13:00:56,48.54,8.61,0.0,0.0,0.0
2021-05-18 14:00:56,41.71,13.53,0.0,0.0,0.0
2021-05-18 15:00:56,78.48,38.2,0.0,0.0,0.0
2021-05-18 16:00:56,98.22,27.39,0.0,0.0,0.0
2021-05-18 17:00:56,99.43,12.15,0.0,0.0,0.0
2021-05-18 18:00:56,93.2,11.45,0.0,0.0,0.0
2021-05-18 19:00:56,98.75,10.47,0.0,0.0,0.0
2021-05-18 20:00:56,92.2,8.73,0.0,0.0,0.0
2021-05-18 21:00:56,68.5,7.98,0.0,0.0,0.0
2021-05-18 22:00:56,67.45,7.11,0.0,0.0,0.0
2021-05-18 23:00:56,40.43,7.3,0.0,0.0,0.0
2021-05-19 00:00:56,40.27,6.91,0.0,0.0,0.0
2021-05-19 01:00:56,51.73,6.44,0.0,0.0,0.0
2021-05-19 02:00:56,38.76,0.0,0.0,0.0,0.0
2021-05-19 03:00:56,25.07,5.71,0.0,0.0,0.0
2021-05-19 04:00:56,18.04,5.63,0.0,0.0,0.0
2021-05-19 05:00:56,15.44,5.82,0.0,0.0,0.0
2021-05-19 06:00:56,16.73,5.7,0.0,0.0,0.0
2021-05-19 07:00:56,17.65,5.95,0.0,0.0,0.0
2021-05-19 08:00:56,14.11,6.48,0.0,0.0,0.0
2021-05-19 09:00:56,14.25,7.46,0.0,0.0,0.0
2021-05-19 10:00:56,19.92,7.02,0.0,0.0,0.0
2021-05-19 11:00:56,10.33,5.53,0.0,0.0,0.0
2021-05-19 12:00:56,7.43,5.34,0.0,0.0,0.0
2021-05-19 13:00:56,9.59,5.43,0.0,0.0,0.0
2021-05-19 14:00:56,32.3,5.46,0.0,0.0,0.0
2021-05-19 15:00:56,45.22,8.53,0.0,0.0,0.0
2021-05-19 16:00:56,48.59,7.12,0.0,0.0,0.0
2021-05-19 17:00:56,46.59,4.8,0.0,0.0,0.0
2021-05-19 18:00:56,37.72,4.71,0.0,0.0,0.0
2021-05-19 19:00:56,33.76,4.2,0.0,0.0,0.0
2021-05-19 20:00:56,29.6,4.82,0.0,0.0,0.0
2021-05-19 21:00:56,29.64,5.32,0.0,0.0,0.0
2021-05-19 22:00:56,34.13,5.19,0.0,0.0,0.0
2021-05-19 23:00:56,48.11,4.31,0.0,0.0,0.0
2021-05-20 00:00:56,43.74,5.52,0.0,0.0,0.0
2021-05-20 01:00:56,33.3,4.52,0.0,0.0,0.0
2021-05-20 02:00:56,28.89,0.0,0.0,0.0,0.0
2021-05-20 03:00:56,20.25,4.75,0.0,0.0,0.0
2021-05-20 04:00:56,18.48,5.43,0.0,0.0,0.0
2021-05-20 05:00:56,15.59,4.77,0.0,0.0,0.0
2021-05-20 06:00:56,16.7,4.84,0.0,0.0,0.0
2021-05-20 07:00:56,17.92,6.02,0.0,0.0,0.0
2021-05-20 08:00:56,16.76,16.99,0.0,0.0,0.0
2021-05-20 09:00:56,14.23,22.14,0.0,0.0,0.0
2021-05-20 10:00:56,14.98,10.71,0.0,0.0,0.0
2021-05-20 11:00:56,19.27,279.76,0.0,0.0,0.0
2021-05-20 12:00:56,36.81,73.96,0.0,0.0,0.0
2021-05-20 13:00:56,45.16,9.81,0.0,0.0,0.0
2021-05-20 14:00:56,37.65,8.6,0.0,0.0,0.0
2021-05-20 15:00:56,37.23,7.93,0.0,0.0,0.0
2021-05-20 16:00:56,36.41,6.79,0.0,0.0,0.0
2021-05-20 17:00:56,37.28,5.93,0.0,0.0,0.0
2021-05-20 18:00:56,33.52,6.45,0.0,0.0,0.0
2021-05-20 19:00:56,76.03,8.7,0.0,0.0,0.0
2021-05-20 20:00:56,79.16,8.27,0.0,0.0,0.0
2021-05-20 21:00:56,92.96,8.15,0.0,0.0,0.0
2021-05-20 22:00:56,88.43,8.27,0.0,0.0,0.0
2021-05-20 23:00:56,89.64,8.8,0.0,0.0,0.0
2021-05-21 00:00:56,81.69,9.2,0.0,0.0,0.0
2021-05-21 01:00:56,68.98,7.61,0.0,0.0,0.0
2021-05-21 02:00:56,49.96,0.0,0.0,0.0,0.0
2021-05-21 03:00:56,38.78,6.48,0.0,0.0,0.0
2021-05-21 04:00:56,28.23,7.02,0.0,0.0,0.0
2021-05-21 05:00:56,26.2,6.81,0.0,0.0,0.0
2021-05-21 06:00:56,36.66,6.15,0.0,0.0,0.0
2021-05-21 07:00:56,40.95,10.3,0.0,0.0,0.0
2021-05-21 08:00:56,35.97,9.68,0.0,0.0,0.0
2021-05-21 09:00:56,32.37,9.27,0.0,0.0,0.0
2021-05-21 10:00:56,34.87,12.02,0.0,0.0,0.0
2021-05-21 11:00:56,42.89,8.42,0.0,0.0,0.0
2021-05-21 12:00:56,55.97,6.98,0.0,0.0,0.0
2021-05-21 13:00:56,53.43,7.37,0.0,0.0,0.0
2021-05-21 14:00:56,38.98,10.01,0.0,0.0,0.0
2021-05-21 15:00:56,35.13,8.57,0.0,0.0,0.0
2021-05-21 16:00:56,40.87,9.12,0.0,0.0,0.0
2021-05-21 17:00:56,70.59,8.09,0.0,0.0,0.0
2021-05-21 18:00:56,65.34,7.8,0.0,0.0,0.0
2021-05-21 19:00:56,49.22,7.17,0.0,0.0,0.0
2021-05-21 20:00:56,58.56,6.81,0.0,0.0,0.0
2021-05-21 21:00:56,51.35,5.98,0.0,0.0,0.0
2021-05-21 22:00:56,46.5,5.93,0.0,0.0,0.0
2021-05-21 23:00:56,41.44,5.37,0.0,0.0,0.0
2021-05-22 00:00:56,55.83,5.68,0.0,0.0,0.0
2021-05-22 01:00:56,45.85,5.51,0.0,0.0,0.0
2021-05-22 02:00:56,25.87,0.0,0.0,0.0,0.0
2021-05-22 03:00:56,15.62,7.97,0.0,0.0,0.0
2021-05-22 04:00:56,18.82,6.9,0.0,0.0,0.0
2021-05-22 05:00:56,13.41,6.18,0.0,0.0,0.0
2021-05-22 06:00:56,21.89,5.64,0.0,0.0,0.0
2021-05-22 07:00:56,16.63,6.12,0.0,0.0,0.0
2021-05-22 08:00:56,15.95,7.06,0.0,0.0,0.0
2021-05-22 09:00:56,12.48,6.15,0.0,0.0,0.0
2021-05-22 10:00:56,22.46,27.86,0.0,0.0,0.0
2021-05-22 11:00:56,21.52,18.67,0.0,0.0,0.0
2021-05-22 12:00:56,30.19,9.04,0.0,0.0,0.0
2021-05-22 13:00:56,58.9,8.75,0.0,0.0,0.0
2021-05-22 14:00:56,61.59,6.96,0.0,0.0,0.0
2021-05-22 15:00:56,67.12,6.45,0.0,0.0,0.0
2021-05-22 16:00:56,109.54,5.95,0.0,0.0,0.0
2021-05-22 17:00:56,103.82,5.67,0.0,0.0,0.0
2021-05-22 18:00:56,79.27,5.89,0.0,0.0,0.0
2021-05-22 19:00:56,65.85,4.98,0.0,0.0,0.0
2021-05-22 20:00:56,56.88,5.37,0.0,0.0,0.0
2021-05-22 21:00:56,31.9,5.35,0.0,0.0,0.0
2021-05-22 22:00:56,31.14,5.1,0.0,0.0,0.0
2021-05-22 23:00:56,38.59,5.12,0.0,0.0,0.0
2021-05-23 00:00:56,24.57,5.17,0.0,0.0,0.0
2021-05-23 01:00:56,18.19,5.43,0.0,0.0,0.0
2021-05-23 02:00:56,29.06,0.0,0.0,0.0,0.0
2021-05-23 03:00:56,18.12,5.17,0.0,0.0,0.0
2021-05-23 04:00:56,17.25,4.87,0.0,0.0,0.0
2021-05-23 05:00:56,21.39,4.82,0.0,0.0,0.0
2021-05-23 06:00:56,25.48,4.66,0.0,0.0,0.0
2021-05-23 07:00:56,15.57,4.67,0.0,0.0,0.0
2021-05-23 08:00:56,14.44,4.37,0.0,0.0,0.0
2021-05-23 09:00:56,29.42,4.59,0.0,0.0,0.0
2021-05-23 10:00:56,24.08,4.72,0.0,0.0,0.0
2021-05-23 11:00:56,13.28,5.15,0.0,0.0,0.0
2021-05-23 12:00:56,11.54,5.13,0.0,0.0,0.0
2021-05-23 13:00:56,22.35,5.37,0.0,0.0,0.0
2021-05-23 14:00:56,12.26,3.28,0.0,0.0,0.0
2021-05-23 15:00:56,9.32,5.13,0.0,0.0,0.0
2021-05-23 16:00:56,16.43,5.09,0.0,0.0,0.0
2021-05-23 17:00:56,11.85,5.37,0.0,0.0,0.0
2021-05-23 18:00:56,8.72,4.61,0.0,0.0,0.0
2021-05-23 19:00:56,11.98,4.6,0.0,0.0,0.0
2021-05-23 20:00:56,10.82,4.83,0.0,0.0,0.0
2021-05-23 21:00:56,12.8,4.43,0.0,0.0,0.0
2021-05-23 22:00:56,8.02,4.46,0.0,0.0,0.0
2021-05-23 23:00:56,8.42,4.01,0.0,0.0,0.0
2021-05-24 00:00:56,7.62,4.23,0.0,0.0,0.0
2021-05-24 01:00:56,14.29,3.95,0.0,0.0,0.0
2021-05-24 02:00:56,9.16,0.0,0.0,0.0,0.0
2021-05-24 03:00:56,7.73,3.8,0.0,0.0,0.0
2021-05-24 04:00:56,9.3,4.08,0.0,0.0,0.0
2021-05-24 05:00:56,8.08,4.32,0.0,0.0,0.0
2021-05-24 06:00:56,14.8,4.36,0.0,0.0,0.0
2021-05-24 07:00:56,11.81,2.73,0.0,0.0,0.0
2021-05-24 08:00:56,21.33,3.73,0.0,0.0,0.0
2021-05-24 09:00:56,23.07,4.92,0.0,0.0,0.0
2021-05-24 10:00:56,27.35,30.1,0.0,0.0,0.0
2021-05-24 11:00:56,36.16,59.0,0.0,0.0,0.0
2021-05-24 12:00:56,38.67,30.45,0.0,0.0,0.0
2021-05-24 13:00:56,24.52,39.09,0.0,0.0,0.0
2021-05-24 14:00:56,33.67,23.38,0.0,0.0,0.0
2021-05-24 15:00:56,24.08,48.43,0.0,0.0,0.0
2021-05-24 16:00:56,41.57,35.05,0.0,0.0,0.0
2021-05-24 17:00:56,36.16,9.06,0.0,0.0,0.0
2021-05-24 18:00:56,41.23,24.15,0.0,0.0,0.0
2021-05-24 19:00:56,41.25,65.86,0.0,0.0,0.0
2021-05-24 20:00:56,46.54,28.62,0.0,0.0,0.0
2021-05-24 21:00:56,55.99,13.27,0.0,0.0,0.0
2021-05-24 22:00:56,75.79,9.08,0.0,0.0,0.0
2021-05-24 23:00:56,67.82,7.25,0.0,0.0,0.0
2021-05-25 00:00:56,57.41,6.33,0.0,0.0,0.0
2021-05-25 01:00:56,43.0,5.54,0.0,0.0,0.0
2021-05-25 02:00:56,37.43,0.0,0.0,0.0,0.0
2021-05-25 03:00:56,23.94,5.2,0.0,0.0,0.0
2021-05-25 04:00:56,33.32,4.62,0.0,0.0,0.0
2021-05-25 05:00:56,32.35,4.66,0.0,0.0,0.0
2021-05-25 06:00:56,22.39,4.26,0.0,0.0,0.0
2021-05-25 07:00:56,37.8,6.01,0.0,0.0,0.0
2021-05-25 08:00:56,26.48,22.61,0.0,0.0,0.0
2021-05-25 09:00:56,26.29,142.49,0.0,0.0,0.0
2021-05-25 10:00:56,39.55,115.4,0.0,0.0,0.0
2021-05-25 11:00:56,41.77,194.49,0.0,0.0,0.0
2021-05-25 12:00:56,36.98,77.96,0.0,0.0,0.0
2021-05-25 13:00:56,29.89,50.06,0.0,0.0,0.0
2021-05-25 14:00:56,37.16,11.66,0.0,0.0,0.0
2021-05-25 15:00:56,24.54,8.67,0.0,0.0,0.0
2021-05-25 16:00:56,35.68,7.55,0.0,0.0,0.0
2021-05-25 17:00:56,37.71,6.57,0.0,0.0,0.0
2021-05-25 18:00:56,38.2,6.4,0.0,0.0,0.0
2021-05-25 19:00:56,32.06,6.06,0.0,0.0,0.0
2021-05-25 20:00:56,26.76,5.69,0.0,0.0,0.0
2021-05-25 21:00:56,31.24,5.85,0.0,0.0,0.0
2021-05-25 22:00:56,29.67,5.88,0.0,0.0,0.0
2021-05-25 23:00:56,31.56,5.52,0.0,0.0,0.0
2021-05-26 00:00:56,34.15,4.97,0.0,0.0,0.0
2021-05-26 01:00:56,21.7,5.26,0.0,0.0,0.0
2021-05-26 02:00:56,26.95,0.0,0.0,0.0,0.0
2021-05-26 03:00:56,22.9,4.23,0.0,0.0,0.0
2021-05-26 04:00:56,13.85,5.15,0.0,0.0,0.0
2021-05-26 05:00:56,13.6,5.16,0.0,0.0,0.0
2021-05-26 06:00:56,25.32,5.13,0.0,0.0,0.0
2021-05-26 07:00:56,25.42,5.15,0.0,0.0,0.0
2021-05-26 08:00:56,14.56,5.85,0.0,0.0,0.0
2021-05-26 09:00:56,14.55,9.88,0.0,0.0,0.0
2021-05-26 10:00:56,24.63,36.53,0.0,0.0,0.0
2021-05-26 11:00:56,37.22,24.54,0.0,0.0,0.0
2021-05-26 12:00:56,38.0,165.3,0.0,0.0,0.0
2021-05-26 13:00:56,43.85,230.69,0.0,0.0,0.0
2021-05-26 14:00:56,52.1,124.57,0.0,0.0,0.0
2021-05-26 15:00:56,47.55,149.61,0.0,0.0,0.0
2021-05-26 16:00:56,36.3,136.92,0.0,0.0,0.0
2021-05-26 17:00:56,28.41,76.67,0.0,0.0,0.0
2021-05-26 18:00:56,26.94,76.85,0.0,0.0,0.0
2021-05-26 19:00:56,36.18,71.21,0.0,0.0,0.0
2021-05-26 20:00:56,42.62,31.96,0.0,0.0,0.0
2021-05-26 21:00:56,35.77,17.18,0.0,0.0,0.0
2021-05-26 22:00:56,23.56,11.69,0.0,0.0,0.0
2021-05-26 23:00:56,31.43,8.79,0.0,0.0,0.0
2021-05-27 00:00:56,26.86,7.16,0.0,0.0,0.0
2021-05-27 01:00:56,26.64,6.17,0.0,0.0,0.0
2021-05-27 02:00:56,25.16,0.0,0.0,0.0,0.0
2021-05-27 03:00:56,26.52,5.79,0.0,0.0,0.0
2021-05-27 04:00:56,24.57,5.92,0.0,0.0,0.0
2021-05-27 05:00:56,20.8,5.88,0.0,0.0,0.0
2021-05-27 06:00:56,24.23,5.4,0.0,0.0,0.0
2021-05-27 07:00:56,30.47,6.79,0.0,0.0,0.0
2021-05-27 08:00:56,18.99,8.01,0.0,0.0,0.0
2021-05-27 09:00:56,13.65,9.7,0.0,0.0,0.0
2021-05-27 10:00:56,16.85,8.43,0.0,0.0,0.0
2021-05-27 11:00:56,16.51,7.41,0.0,0.0,0.0
2021-05-27 12:00:56,36.61,7.17,0.0,0.0,0.0
2021-05-27 13:00:56,40.14,7.37,0.0,0.0,0.0
2021-05-27 14:00:56,36.64,12.23,0.0,0.0,0.0
2021-05-27 15:00:56,27.33,73.33,0.0,0.0,0.0
2021-05-27 16:00:56,37.53,15.62,0.0,0.0,0.0
2021-05-27 17:00:56,44.69,10.36,0.0,0.0,0.0
2021-05-27 18:00:56,54.65,8.26,0.0,0.0,0.0
2021-05-27 19:00:56,30.51,7.41,0.0,0.0,0.0
2021-05-27 20:00:56,26.52,7.01,0.0,0.0,0.0
2021-05-27 21:00:56,26.68,5.71,0.0,0.0,0.0
2021-05-27 22:00:56,29.31,6.01,0.0,0.0,0.0
2021-05-27 23:00:56,33.37,5.78,0.0,0.0,0.0
2021-05-28 00:00:56,25.6,5.67,0.0,0.0,0.0
2021-05-28 01:00:56,24.43,5.54,0.0,0.0,0.0
2021-05-28 02:00:56,27.69,0.0,0.0,0.0,0.0
2021-05-28 03:00:56,28.04,6.45,0.0,0.0,0.0
2021-05-28 04:00:56,32.07,6.69,0.0,0.0,0.0
2021-05-28 05:00:56,20.7,6.85,0.0,0.0,0.0
2021-05-28 06:00:56,22.47,8.15,0.0,0.0,0.0
2021-05-28 07:00:56,53.43,14.27,0.0,0.0,0.0
2021-05-28 08:00:56,101.58,11.97,0.0,0.0,0.0
2021-05-28 09:00:56,128.58,11.93,0.0,0.0,0.0
2021-05-28 10:00:56,248.76,15.54,0.0,0.0,0.0
2021-05-28 11:00:56,237.86,28.95,0.0,0.0,0.0
2021-05-28 12:00:56,143.8,172.5,0.0,0.0,0.0
2021-05-28 13:00:56,113.59,93.3,0.0,0.0,0.0
2021-05-28 14:00:56,90.55,71.63,0.0,0.0,0.0
2021-05-28 15:00:56,63.75,44.88,0.0,0.0,0.0
2021-05-28 16:00:56,52.81,16.42,0.0,0.0,0.0
2021-05-28 17:00:56,49.7,12.33,0.0,0.0,0.0
2021-05-28 18:00:56,64.56,11.4,0.0,0.0,0.0
2021-05-28 19:00:56,64.74,9.4,0.0,0.0,0.0
2021-05-28 20:00:56,63.68,8.2,0.0,0.0,0.0
2021-05-28 21:00:56,45.12,7.32,0.0,0.0,0.0
2021-05-28 22:00:56,43.62,7.02,0.0,0.0,0.0
2021-05-28 23:00:56,37.12,7.03,0.0,0.0,0.0
2021-05-29 00:00:56,35.9,6.75,0.0,0.0,0.0
2021-05-29 01:00:56,31.18,6.84,0.0,0.0,0.0
2021-05-29 02:00:56,31.87,0.0,0.0,0.0,0.0
2021-05-29 03:00:56,19.1,6.22,0.0,0.0,0.0
2021-05-29 04:00:56,21.91,5.95,0.0,0.0,0.0
2021-05-29 05:00:56,32.39,6.35,0.0,0.0,0.0
2021-05-29 06:00:56,28.18,6.03,0.0,0.0,0.0
2021-05-29 07:00:56,35.05,5.95,0.0,0.0,0.0
2021-05-29 08:00:56,27.73,5.74,0.0,0.0,0.0
2021-05-29 09:00:56,17.57,5.74,0.0,0.0,0.0
2021-05-29 10:00:56,19.25,5.9,0.0,0.0,0.0
2021-05-29 11:00:56,25.78,4.55,0.0,0.0,0.0
2021-05-29 12:00:56,31.39,5.32,0.0,0.0,0.0
2021-05-29 13:00:56,24.71,5.98,0.0,0.0,0.0
2021-05-29 14:00:56,26.08,6.3,0.0,0.0,0.0
2021-05-29 15:00:56,26.39,7.16,0.0,0.0,0.0
2021-05-29 16:00:56,24.8,14.59,0.0,0.0,0.0
2021-05-29 17:00:56,25.38,13.42,0.0,0.0,0.0
2021-05-29 18:00:56,24.93,10.95,0.0,0.0,0.0
2021-05-29 19:00:56,16.5,11.59,0.0,0.0,0.0
2021-05-29 20:00:56,22.55,15.45,0.0,0.0,0.0
2021-05-29 21:00:56,24.34,9.94,0.0,0.0,0.0
2021-05-29 22:00:56,34.37,7.7,0.0,0.0,0.0
2021-05-29 23:00:56,39.43,6.43,0.0,0.0,0.0
2021-05-30 00:00:56,36.35,5.87,0.0,0.0,0.0
2021-05-30 01:00:56,30.5,5.23,0.0,0.0,0.0
2021-05-30 02:00:56,23.56,0.0,0.0,0.0,0.0
2021-05-30 03:00:56,22.35,5.67,0.0,0.0,0.0
2021-05-30 04:00:56,21.17,5.6,0.0,0.0,0.0
2021-05-30 05:00:56,23.95,5.5,0.0,0.0,0.0
2021-05-30 06:00:56,26.4,5.26,0.0,0.0,0.0
2021-05-30 07:00:56,30.24,5.6,0.0,0.0,0.0
2021-05-30 08:00:56,31.92,7.88,0.0,0.0,0.0
2021-05-30 09:00:56,18.67,12.56,0.0,0.0,0.0
2021-05-30 10:00:56,20.16,97.81,0.0,0.0,0.0
2021-05-30 11:00:56,30.24,142.63,0.0,0.0,0.0
2021-05-30 12:00:56,28.46,39.69,0.0,0.0,0.0
2021-05-30 13:00:56,23.02,169.5,0.0,0.0,0.0
2021-05-30 14:00:56,26.5,152.81,0.0,0.0,0.0
2021-05-30 15:00:56,21.38,159.84,0.0,0.0,0.0
2021-05-30 16:00:56,34.63,167.16,0.0,0.0,0.0
2021-05-30 17:00:56,30.25,65.16,0.0,0.0,0.0
2021-05-30 18:00:56,32.81,180.4,0.0,0.0,0.0
2021-05-30 19:00:56,43.58,39.93,0.0,0.0,0.0
2021-05-30 20:00:56,40.8,19.54,0.0,0.0,0.0
2021-05-30 21:00:56,35.81,14.31,0.0,0.0,0.0
2021-05-30 22:00:56,45.15,15.13,0.0,0.0,0.0
2021-05-30 23:00:56,48.24,12.17,0.0,0.0,0.0
2021-05-31 00:00:56,38.36,9.89,0.0,0.0,0.0
2021-05-31 01:00:56,38.01,8.76,0.0,0.0,0.0
2021-05-31 02:00:56,28.2,0.0,0.0,0.0,0.0
2021-05-31 03:00:56,25.65,7.1,0.0,0.0,0.0
2021-05-31 04:00:56,26.83,6.81,0.0,0.0,0.0
2021-05-31 05:00:56,20.55,6.52,0.0,0.0,0.0
2021-05-31 06:00:56,18.86,6.75,0.0,0.0,0.0
2021-05-31 07:00:56,16.92,8.71,0.0,0.0,0.0
2021-05-31 08:00:56,15.21,78.38,0.0,0.0,0.0
2021-05-31 09:00:56,41.56,111.63,0.0,0.0,0.0
2021-05-31 10:00:56,69.78,88.85,0.0,0.0,0.0
2021-05-31 11:00:56,54.69,50.21,0.0,0.0,0.0
2021-05-31 12:00:56,44.5,25.12,0.0,0.0,0.0
2021-05-31 13:00:56,45.05,18.42,0.0,0.0,0.0
2021-05-31 14:00:56,40.64,13.71,0.0,0.0,0.0
2021-05-31 15:00:56,22.83,8.82,0.0,0.0,0.0
2021-05-31 16:00:56,19.24,7.59,0.0,0.0,0.0
2021-05-31 17:00:56,28.29,8.67,0.0,0.0,0.0
2021-05-31 18:00:56,26.95,8.27,0.0,0.0,0.0
2021-05-31 19:00:56,34.51,7.59,0.0,0.0,0.0
2021-05-31 20:00:56,32.09,7.66,0.0,0.0,0.0
2021-05-31 21:00:56,21.31,6.8,0.0,0.0,0.0
2021-05-31 22:00:56,28.07,6.83,0.0,0.0,0.0
2021-05-31 23:00:56,22.86,6.4,0.0,0.0,0.0
2021-06-01 00:00:56,26.32,6.36,0.0,0.0,0.0
2021-06-01 01:00:56,17.23,5.53,0.0,0.0,0.0
2021-06-01 02:00:56,14.74,0.0,0.0,0.0,0.0
2021-06-01 03:00:56,10.03,5.72,0.0,0.0,0.0
2021-06-01 04:00:56,13.21,5.96,0.0,0.0,0.0
2021-06-01 05:00:56,9.75,6.04,0.0,0.0,0.0
2021-06-01 06:00:56,15.98,5.84,0.0,0.0,0.0
2021-06-01 07:00:56,9.99,5.56,0.0,0.0,0.0
2021-06-01 08:00:56,6.24,5.6,0.0,0.0,0.0
2021-06-01 09:00:56,4.02,5.84,0.0,0.0,0.0
2021-06-01 10:00:56,4.0,5.86,0.0,0.0,0.0
2021-06-01 11:00:56,4.28,6.0,0.0,0.0,0.0
2021-06-01 12:00:56,4.07,6.0,0.0,0.0,0.0
2021-06-01 13:00:56,5.09,8.37,0.0,0.0,0.0
2021-06-01 14:00:56,16.53,12.06,0.0,0.0,0.0
2021-06-01 15:00:56,16.7,8.79,0.0,0.0,0.0
2021-06-01 16:00:56,22.65,7.75,0.0,0.0,0.0
2021-06-01 17:00:56,20.84,7.1,0.0,0.0,0.0
2021-06-01 18:00:56,24.21,6.06,0.0,0.0,0.0
2021-06-01 19:00:56,13.79,6.69,0.0,0.0,0.0
2021-06-01 20:00:56,10.23,6.97,0.0,0.0,0.0
2021-06-01 21:00:56,14.94,7.08,0.0,0.0,0.0
2021-06-01 22:00:56,11.19,6.37,0.0,0.0,0.0
2021-06-01 23:00:56,17.31,5.95,0.0,0.0,0.0
2021-06-02 00:00:56,15.92,5.89,0.0,0.0,0.0
2021-06-02 01:00:56,17.21,6.05,0.0,0.0,0.0
2021-06-02 02:00:56,18.74,0.0,0.0,0.0,0.0
2021-06-02 03:00:56,19.37,5.79,0.0,0.0,0.0
2021-06-02 04:00:56,16.42,5.67,0.0,0.0,0.0
2021-06-02 05:00:56,10.83,5.17,0.0,0.0,0.0
2021-06-02 06:00:56,7.75,5.36,0.0,0.0,0.0
2021-06-02 07:00:56,10.77,4.97,0.0,0.0,0.0
2021-06-02 08:00:56,7.3,4.98,0.0,0.0,0.0
2021-06-02 09:00:56,4.47,5.06,0.0,0.0,0.0
2021-06-02 10:00:56,4.0,5.02,0.0,0.0,0.0
2021-06-02 11:00:56,4.26,5.84,0.0,0.0,0.0
2021-06-02 12:00:56,12.33,5.65,0.0,0.0,0.0
2021-06-02 13:00:56,16.11,5.14,0.0,0.0,0.0
2021-06-02 14:00:56,20.68,8.21,0.0,0.0,0.0
2021-06-02 15:00:56,14.79,9.32,0.0,0.0,0.0
2021-06-02 16:00:56,9.93,13.4,0.0,0.0,0.0
2021-06-02 17:00:56,7.35,10.17,0.0,0.0,0.0
2021-06-02 18:00:56,9.38,8.2,0.0,0.0,0.0
2021-06-02 19:00:56,20.12,8.3,0.0,0.0,0.0
2021-06-02 20:00:56,17.88,9.35,0.0,0.0,0.0
2021-06-02 21:00:56,17.9,7.57,0.0,0.0,0.0
2021-06-02 22:00:56,17.95,6.6,0.0,0.0,0.0
2021-06-02 23:00:56,16.95,5.72,0.0,0.0,0.0
2021-06-03 00:00:56,17.87,5.46,0.0,0.0,0.0
2021-06-03 01:00:56,25.21,4.95,0.0,0.0,0.0
2021-06-03 02:00:56,19.16,5.56,0.0,0.0,0.0
2021-06-03 03:00:56,10.46,5.05,0.0,0.0,0.0
2021-06-03 04:00:56,9.88,3.89,0.0,0.0,0.0
2021-06-03 05:00:56,25.46,4.91,0.0,0.0,0.0
2021-06-03 06:00:56,15.16,5.27,0.0,0.0,0.0
2021-06-03 07:00:56,12.41,5.04,0.0,0.0,0.0
2021-06-03 08:00:56,12.72,5.17,0.0,0.0,0.0
2021-06-03 09:00:56,8.54,5.33,0.0,0.0,0.0
2021-06-03 10:00:56,10.13,5.55,0.0,0.0,0.0
2021-06-03 11:00:56,13.17,7.73,0.0,0.0,0.0
2021-06-03 12:00:56,10.56,7.91,0.0,0.0,0.0
2021-06-03 13:00:56,22.48,7.61,0.0,0.0,0.0
2021-06-03 14:00:56,28.18,8.44,0.0,0.0,0.0
2021-06-03 15:00:56,16.41,6.74,0.0,0.0,0.0
2021-06-03 16:00:56,10.25,6.44,0.0,0.0,0.0
2021-06-03 17:00:56,14.4,6.21,0.0,0.0,0.0
2021-06-03 18:00:56,18.71,6.17,0.0,0.0,0.0
2021-06-03 19:00:56,17.24,6.01,0.0,0.0,0.0
2021-06-03 20:00:56,32.01,5.68,0.0,0.0,0.0
2021-06-03 21:00:56,23.47,5.37,0.0,0.0,0.0
2021-06-03 22:00:56,34.84,5.45,0.0,0.0,0.0
2021-06-03 23:00:56,42.65,5.04,0.0,0.0,0.0
2021-06-04 00:00:56,32.15,5.34,0.0,0.0,0.0
2021-06-04 01:00:56,30.61,5.59,0.0,0.0,0.0
2021-06-04 02:00:56,36.61,4.7,0.0,0.0,0.0
2021-06-04 03:00:56,30.56,4.78,0.0,0.0,0.0
2021-06-04 04:00:56,20.69,4.97,0.0,0.0,0.0
2021-06-04 05:00:56,20.3,5.16,0.0,0.0,0.0
2021-06-04 06:00:56,14.41,5.14,0.0,0.0,0.0
2021-06-04 07:00:56,15.07,5.13,0.0,0.0,0.0
2021-06-04 08:00:56,16.65,5.28,0.0,0.0,0.0
2021-06-04 09:00:56,19.38,5.59,0.0,0.0,0.0
2021-06-04 10:00:56,11.18,5.84,0.0,0.0,0.0
2021-06-04 11:00:56,10.26,13.24,0.0,0.0,0.0
2021-06-04 12:00:56,30.64,10.58,0.0,0.0,0.0
2021-06-04 13:00:56,54.97,6.25,0.0,0.0,0.0
2021-06-04 14:00:56,44.92,5.73,0.0,0.0,0.0
2021-06-04 15:00:56,35.86,6.64,0.0,0.0,0.0
2021-06-04 16:00:56,37.84,10.59,0.0,0.0,0.0
2021-06-04 17:00:56,32.17,6.74,0.0,0.0,0.0
2021-06-04 18:00:56,45.22,5.73,0.0,0.0,0.0
2021-06-04 19:00:56,44.11,5.88,0.0,0.0,0.0
2021-06-04 20:00:56,33.8,7.11,0.0,0.0,0.0
2021-06-04 21:00:56,23.63,7.94,0.0,0.0,0.0
2021-06-04 22:00:56,26.4,6.4,0.0,0.0,0.0
2021-06-04 23:00:56,29.96,5.35,0.0,0.0,0.0
2021-06-05 00:00:56,25.16,5.57,0.0,0.0,0.0
2021-06-05 01:00:56,19.48,4.84,0.0,0.0,0.0
2021-06-05 02:00:56,11.69,0.0,0.0,0.0,0.0
2021-06-05 03:00:56,9.71,4.79,0.0,0.0,0.0
2021-06-05 04:00:56,12.52,4.66,0.0,0.0,0.0
2021-06-05 05:00:56,18.2,4.91,0.0,0.0,0.0
2021-06-05 06:00:56,11.45,4.79,0.0,0.0,0.0
2021-06-05 07:00:56,12.48,4.36,0.0,0.0,0.0
2021-06-05 08:00:56,12.68,3.37,0.0,0.0,0.0
2021-06-05 09:00:56,10.39,5.25,0.0,0.0,0.0
2021-06-05 10:00:56,6.97,5.48,0.0,0.0,0.0
2021-06-05 11:00:56,8.64,5.03,0.0,0.0,0.0
2021-06-05 12:00:56,5.53,5.19,0.0,0.0,0.0
2021-06-05 13:00:56,6.83,4.81,0.0,0.0,0.0
2021-06-05 14:00:56,14.38,6.34,0.0,0.0,0.0
2021-06-05 15:00:56,31.52,41.29,0.0,0.0,0.0
2021-06-05 16:00:56,42.36,20.36,0.0,0.0,0.0
2021-06-05 17:00:56,34.21,10.09,0.0,0.0,0.0
2021-06-05 18:00:56,36.1,8.48,0.0,0.0,0.0
2021-06-05 19:00:56,36.89,7.51,0.0,0.0,0.0
2021-06-05 20:00:56,46.63,6.17,0.0,0.0,0.0
2021-06-05 21:00:56,75.39,6.02,0.0,0.0,0.0
2021-06-05 22:00:56,53.62,5.39,0.0,0.0,0.0
2021-06-05 23:00:56,37.01,5.08,0.0,0.0,0.0
2021-06-06 00:00:56,32.27,5.19,0.0,0.0,0.0
2021-06-06 01:00:56,27.78,5.07,0.0,0.0,0.0
2021-06-06 02:00:56,17.23,0.0,0.0,0.0,0.0
2021-06-06 03:00:56,13.96,4.34,0.0,0.0,0.0
2021-06-06 04:00:56,22.21,4.72,0.0,0.0,0.0
2021-06-06 05:00:56,13.59,4.6,0.0,0.0,0.0
2021-06-06 06:00:56,18.11,5.04,0.0,0.0,0.0
2021-06-06 07:00:56,30.0,4.51,0.0,0.0,0.0
2021-06-06 08:00:56,23.88,5.83,0.0,0.0,0.0
2021-06-06 09:00:56,17.52,23.46,0.0,0.0,0.0
2021-06-06 10:00:56,26.74,10.28,0.0,0.0,0.0
2021-06-06 11:00:56,28.03,111.08,0.0,0.0,0.0
2021-06-06 12:00:56,34.69,97.96,0.0,0.0,0.0
2021-06-06 13:00:56,28.66,21.57,0.0,0.0,0.0
2021-06-06 14:00:56,24.06,12.21,0.0,0.0,0.0
2021-06-06 15:00:56,28.25,7.11,0.0,0.0,0.0
2021-06-06 16:00:56,37.27,9.07,0.0,0.0,0.0
2021-06-06 17:00:56,30.95,8.22,0.0,0.0,0.0
2021-06-06 18:00:56,31.57,57.61,0.0,0.0,0.0
2021-06-06 19:00:56,33.86,20.31,0.0,0.0,0.0
2021-06-06 20:00:56,40.1,11.92,0.0,0.0,0.0
2021-06-06 21:00:56,42.23,9.57,0.0,0.0,0.0
2021-06-06 22:00:56,47.99,8.06,0.0,0.0,0.0
2021-06-06 23:00:56,47.96,10.59,0.0,0.0,0.0
2021-06-07 00:00:56,44.44,11.95,0.0,0.0,0.0
2021-06-07 01:00:56,38.84,9.24,0.0,0.0,0.0
2021-06-07 02:00:56,40.31,0.0,0.0,0.0,0.0
2021-06-07 03:00:56,32.79,6.51,0.0,0.0,0.0
2021-06-07 04:00:56,18.54,6.06,0.0,0.0,0.0
2021-06-07 05:00:56,20.36,5.44,0.0,0.0,0.0
2021-06-07 06:00:56,35.4,6.11,0.0,0.0,0.0
2021-06-07 07:00:56,19.92,7.57,0.0,0.0,0.0
2021-06-07 08:00:56,16.45,102.0,0.0,0.0,0.0
2021-06-07 09:00:56,24.8,28.88,0.0,0.0,0.0
2021-06-07 10:00:56,34.14,13.39,0.0,0.0,0.0
2021-06-07 11:00:56,21.7,8.34,0.0,0.0,0.0
2021-06-07 12:00:56,29.91,7.72,0.0,0.0,0.0
2021-06-07 13:00:56,35.47,7.98,0.0,0.0,0.0
2021-06-07 14:00:56,35.59,51.01,0.0,0.0,0.0
2021-06-07 15:00:56,51.42,9.31,0.0,0.0,0.0
2021-06-07 16:00:56,41.34,6.87,0.0,0.0,0.0
2021-06-07 17:00:56,31.34,5.68,0.0,0.0,0.0
2021-06-07 18:00:56,36.25,6.6,0.0,0.0,0.0
2021-06-07 19:00:56,43.45,6.18,0.0,0.0,0.0
2021-06-07 20:00:56,46.08,5.83,0.0,0.0,0.0
2021-06-07 21:00:56,45.87,6.17,0.0,0.0,0.0
2021-06-07 22:00:56,31.54,6.4,0.0,0.0,0.0
2021-06-07 23:00:56,42.1,6.04,0.0,0.0,0.0
2021-06-08 00:00:56,44.9,5.73,0.0,0.0,0.0
2021-06-08 01:00:56,51.88,5.78,0.0,0.0,0.0
2021-06-08 02:00:56,30.9,5.27,0.0,0.0,0.0
2021-06-08 03:00:56,28.34,4.96,0.0,0.0,0.0
2021-06-08 04:00:56,18.37,5.38,0.0,0.0,0.0
2021-06-08 05:00:56,19.23,5.52,0.0,0.0,0.0
2021-06-08 06:00:56,21.69,5.35,0.0,0.0,0.0
2021-06-08 07:00:56,18.83,14.15,0.0,0.0,0.0
2021-06-08 08:00:56,19.12,298.2,0.0,0.0,0.0
2021-06-08 09:00:56,60.65,311.97,0.0,0.0,0.0
2021-06-08 10:00:56,95.55,54.23,0.0,0.0,0.0
2021-06-08 11:00:56,74.44,18.69,0.0,0.0,0.0
2021-06-08 12:00:56,80.54,17.33,0.0,0.0,0.0
2021-06-08 13:00:56,82.62,19.72,0.0,0.0,0.0
2021-06-08 14:00:56,77.08,12.16,0.0,0.0,0.0
2021-06-08 15:00:56,65.56,8.93,0.0,0.0,0.0
2021-06-08 16:00:56,60.31,8.65,0.0,0.0,0.0
2021-06-08 17:00:56,81.02,9.17,0.0,0.0,0.0
2021-06-08 18:00:56,77.89,8.34,0.0,0.0,0.0
2021-06-08 19:00:56,88.31,8.0,0.0,0.0,0.0
2021-06-08 20:00:56,71.78,7.02,0.0,0.0,0.0
2021-06-08 21:00:56,43.35,6.27,0.0,0.0,0.0
2021-06-08 22:00:56,45.75,6.23,0.0,0.0,0.0
2021-06-08 23:00:56,39.67,6.24,0.0,0.0,0.0
2021-06-09 00:00:56,33.37,5.8,0.0,0.0,0.0
2021-06-09 01:00:56,29.78,6.06,0.0,0.0,0.0
2021-06-09 02:00:56,35.44,0.0,0.0,0.0,0.0
2021-06-09 03:00:56,34.06,4.36,0.0,0.0,0.0
2021-06-09 04:00:56,27.79,5.92,0.0,0.0,0.0
2021-06-09 05:00:56,23.21,5.63,0.0,0.0,0.0
2021-06-09 06:00:56,22.01,5.49,0.0,0.0,0.0
2021-06-09 07:00:56,28.14,5.2,0.0,0.0,0.0
2021-06-09 08:00:56,21.3,5.21,0.0,0.0,0.0
2021-06-09 09:00:56,27.39,5.53,0.0,0.0,0.0
2021-06-09 10:00:56,0.0,5.98,0.0,0.0,0.0
2021-06-09 11:00:56,0.0,6.01,0.0,0.0,0.0
2021-06-09 12:00:56,0.0,5.28,0.0,0.0,0.0
2021-06-09 13:00:56,0.0,5.29,0.0,0.0,0.0
2021-06-09 14:00:56,0.0,5.47,0.0,0.0,0.0
2021-06-09 15:00:56,0.4,5.5,0.0,0.0,0.0
2021-06-09 16:00:56,1.97,5.78,0.0,0.0,0.0
2021-06-09 17:00:56,2.86,5.76,0.0,0.0,0.0
2021-06-09 18:00:56,13.76,5.76,0.0,0.0,0.0
2021-06-09 19:00:56,28.15,6.18,0.0,0.0,0.0
2021-06-09 20:00:56,33.65,5.88,0.0,0.0,0.0
2021-06-09 21:00:56,37.47,5.63,0.0,0.0,0.0
2021-06-09 22:00:56,0.0,0.0,0.0,0.0,0.0
2021-06-09 23:00:56,0.0,0.0,0.0,0.0,0.0
2021-06-10 00:00:56,0.0,0.0,0.0,0.0,0.0
2021-06-10 01:00:56,0.0,0.0,0.0,0.0,0.0
2021-06-10 02:00:56,0.0,0.0,0.0,0.0,0.0
2021-06-10 03:00:56,0.0,0.0,0.0,0.0,0.0
2021-06-10 04:00:56,0.0,0.0,0.0,0.0,0.0
2021-06-10 05:00:56,0.0,0.0,0.0,0.0,0.0
2021-06-10 06:00:56,0.0,0.0,0.0,0.0,0.0
2021-06-10 07:00:56,0.0,0.0,0.0,0.0,0.0
2021-06-10 08:00:56,0.0,0.0,0.0,0.0,0.0
2021-06-10 09:00:56,0.0,0.0,0.0,0.0,0.0
2021-06-10 10:00:56,0.0,0.0,0.0,0.0,0.0
2021-06-10 11:00:56,2.4,186.17,0.0,0.0,0.0
2021-06-10 12:00:56,0.0,110.96,0.0,0.0,0.0
2021-06-10 13:00:56,1.31,30.76,0.0,0.0,0.0
2021-06-10 14:00:56,7.56,15.59,0.0,0.0,0.0
2021-06-10 15:00:56,11.55,9.61,0.0,0.0,0.0
2021-06-10 16:00:56,0.0,0.0,0.0,0.0,0.0
2021-06-10 17:00:56,0.0,0.0,0.0,0.0,0.0
2021-06-10 18:00:56,44.45,58.7,0.0,0.0,0.0
2021-06-10 19:00:56,22.22,0.0,0.0,0.0,0.0
2021-06-10 20:00:56,11.1,0.0,0.0,0.0,0.0
2021-06-10 21:00:56,0.0,0.0,0.0,0.0,0.0
2021-06-10 22:00:56,0.0,0.0,0.0,0.0,0.0
2021-06-10 23:00:56,0.0,0.0,0.0,0.0,0.0
2021-06-11 00:00:56,0.0,0.0,0.0,0.0,0.0
2021-06-11 01:00:56,0.0,0.0,0.0,0.0,0.0
2021-06-11 02:00:56,0.0,0.0,0.0,0.0,0.0
2021-06-11 03:00:56,0.0,0.0,0.0,0.0,0.0
2021-06-11 04:00:56,0.0,0.0,0.0,0.0,0.0
2021-06-11 05:00:56,0.0,0.0,0.0,0.0,0.0
2021-06-11 06:00:56,0.0,0.0,0.0,0.0,0.0
2021-06-11 07:00:56,0.0,0.0,0.0,0.0,0.0
2021-06-11 08:00:56,0.0,0.0,0.0,0.0,0.0
2021-06-11 09:00:56,0.0,0.0,0.0,0.0,0.0
2021-06-11 10:00:56,0.0,0.0,0.0,0.0,0.0
2021-06-11 11:00:56,0.0,0.0,0.0,0.0,0.0
2021-06-11 12:00:56,0.0,0.0,0.0,0.0,0.0
2021-06-11 13:00:56,0.0,0.0,0.0,0.0,0.0
2021-06-11 14:00:56,0.0,0.0,0.0,0.0,0.0
2021-06-11 15:00:56,0.0,0.0,0.0,0.0,0.0
2021-06-11 16:00:56,0.64,43.67,0.0,0.0,0.0
2021-06-11 17:00:56,2.47,19.89,0.0,0.0,0.0
2021-06-11 18:00:56,6.45,16.4,0.0,0.0,0.0
2021-06-11 19:00:56,22.72,11.17,0.0,0.0,0.0
2021-06-11 20:00:56,31.42,8.98,0.0,0.0,0.0
2021-06-11 21:00:56,37.65,7.4,0.0,0.0,0.0
2021-06-11 22:00:56,46.07,7.79,0.0,0.0,0.0
2021-06-11 23:00:56,30.95,8.04,0.0,0.0,0.0
2021-06-12 00:00:56,35.02,7.8,0.0,0.0,0.0
2021-06-12 01:00:56,42.23,7.8,0.0,0.0,0.0
2021-06-12 02:00:56,31.94,0.0,0.0,0.0,0.0
2021-06-12 03:00:56,20.9,6.26,0.0,0.0,0.0
2021-06-12 04:00:56,22.61,6.56,0.0,0.0,0.0
2021-06-12 05:00:56,18.95,6.54,0.0,0.0,0.0
2021-06-12 06:00:56,17.76,6.5,0.0,0.0,0.0
2021-06-12 07:00:56,21.17,7.76,0.0,0.0,0.0
2021-06-12 08:00:56,16.47,8.7,0.0,0.0,0.0
2021-06-12 09:00:56,16.81,10.36,0.0,0.0,0.0
2021-06-12 10:00:56,16.32,12.1,0.0,0.0,0.0
2021-06-12 11:00:56,33.76,106.25,0.0,0.0,0.0
2021-06-12 12:00:56,51.4,51.57,0.0,0.0,0.0
2021-06-12 13:00:56,50.23,149.74,0.0,0.0,0.0
2021-06-12 14:00:56,69.1,86.36,0.0,0.0,0.0
2021-06-12 15:00:56,48.55,144.32,0.0,0.0,0.0
2021-06-12 16:00:56,40.71,132.77,0.0,0.0,0.0
2021-06-12 17:00:56,0.0,67.05,0.0,0.0,0.0
2021-06-12 18:00:56,0.0,22.03,0.0,0.0,0.0
2021-06-12 19:00:56,0.0,12.4,0.0,0.0,0.0
2021-06-12 20:00:56,0.0,10.01,0.0,0.0,0.0
2021-06-12 21:00:56,0.0,8.45,0.0,0.0,0.0
2021-06-12 22:00:56,0.0,7.44,0.0,0.0,0.0
2021-06-12 23:00:56,0.0,6.81,0.0,0.0,0.0
2021-06-13 00:00:56,0.0,6.16,0.0,0.0,0.0
2021-06-13 01:00:56,0.0,5.75,0.0,0.0,0.0
2021-06-13 02:00:56,0.0,0.0,0.0,0.0,0.0
2021-06-13 03:00:56,0.0,5.26,0.0,0.0,0.0
2021-06-13 04:00:56,0.0,5.71,0.0,0.0,0.0
2021-06-13 05:00:56,0.0,5.86,0.0,0.0,0.0
2021-06-13 06:00:56,0.0,5.55,0.0,0.0,0.0
2021-06-13 07:00:56,0.0,15.82,0.0,0.0,0.0
2021-06-13 08:00:56,0.0,199.83,0.0,0.0,0.0
2021-06-13 09:00:56,0.0,327.65,0.0,0.0,0.0
2021-06-13 10:00:56,0.0,47.8,0.0,0.0,0.0
2021-06-13 11:00:56,0.0,18.81,0.0,0.0,0.0
2021-06-13 12:00:56,0.0,31.41,0.0,0.0,0.0
2021-06-13 13:00:56,0.0,58.37,0.0,0.0,0.0
2021-06-13 14:00:56,0.0,19.42,0.0,0.0,0.0
2021-06-13 15:00:56,0.0,31.48,0.0,0.0,0.0
2021-06-13 16:00:56,0.0,34.59,0.0,0.0,0.0
2021-06-13 17:00:56,0.0,11.75,0.0,0.0,0.0
2021-06-13 18:00:56,0.0,7.78,0.0,0.0,0.0
2021-06-13 19:00:56,0.0,7.47,0.0,0.0,0.0
2021-06-13 20:00:56,0.0,9.11,0.0,0.0,0.0
2021-06-13 21:00:56,0.0,8.69,0.0,0.0,0.0
2021-06-13 22:00:56,0.0,6.88,0.0,0.0,0.0
2021-06-13 23:00:56,0.0,7.27,0.0,0.0,0.0
2021-06-14 00:00:56,0.0,6.97,0.0,0.0,0.0
2021-06-14 01:00:56,0.0,6.56,0.0,0.0,0.0
2021-06-14 02:00:56,0.0,0.0,0.0,0.0,0.0
2021-06-14 03:00:56,0.0,5.16,0.0,0.0,0.0
2021-06-14 04:00:56,0.0,6.25,0.0,0.0,0.0
2021-06-14 05:00:56,0.0,5.96,0.0,0.0,0.0
2021-06-14 06:00:56,0.0,6.24,0.0,0.0,0.0
2021-06-14 07:00:56,0.0,6.87,0.0,0.0,0.0
2021-06-14 08:00:56,0.0,9.89,0.0,0.0,0.0
2021-06-14 09:00:56,0.0,26.95,0.0,0.0,0.0
2021-06-14 10:00:56,0.0,49.65,0.0,0.0,0.0
2021-06-14 11:00:56,0.0,34.08,0.0,0.0,0.0
2021-06-14 12:00:56,0.0,18.1,0.0,0.0,0.0
2021-06-14 13:00:56,0.0,27.33,0.0,0.0,0.0
2021-06-14 14:00:56,0.0,16.68,0.0,0.0,0.0
2021-06-14 15:00:56,23.34,16.14,0.0,0.0,0.0
2021-06-14 16:00:56,11.13,10.28,0.0,0.0,0.0
2021-06-14 17:00:56,26.43,8.68,0.0,0.0,0.0
2021-06-14 18:00:56,34.18,7.68,0.0,0.0,0.0
2021-06-14 19:00:56,40.08,7.09,0.0,0.0,0.0
2021-06-14 20:00:56,27.62,6.48,0.0,0.0,0.0
2021-06-14 21:00:56,0.0,6.19,0.0,0.0,0.0
2021-06-14 22:00:56,0.0,5.74,0.0,0.0,0.0
2021-06-14 23:00:56,0.0,5.81,0.0,0.0,0.0
2021-06-15 00:00:56,0.0,5.83,0.0,0.0,0.0
2021-06-15 01:00:56,0.0,6.58,0.0,0.0,0.0
2021-06-15 02:00:56,0.0,0.0,0.0,0.0,0.0
2021-06-15 03:00:56,0.0,6.46,0.0,0.0,0.0
2021-06-15 04:00:56,0.0,5.61,0.0,0.0,0.0
2021-06-15 05:00:56,0.0,5.81,0.0,0.0,0.0
2021-06-15 06:00:56,0.0,6.27,0.0,0.0,0.0
2021-06-15 07:00:56,0.0,6.42,0.0,0.0,0.0
2021-06-15 08:00:56,0.0,6.99,0.0,0.0,0.0
2021-06-15 09:00:56,0.0,7.9,0.0,0.0,0.0
2021-06-15 10:00:56,0.0,30.82,0.0,0.0,0.0
2021-06-15 11:00:56,0.0,132.18,0.0,0.0,0.0
2021-06-15 12:00:56,0.0,18.58,0.0,0.0,0.0
2021-06-15 13:00:56,0.0,11.6,0.0,0.0,0.0
2021-06-15 14:00:56,0.0,10.44,0.0,0.0,0.0
2021-06-15 15:00:56,0.0,9.23,0.0,0.0,0.0
2021-06-15 16:00:56,0.0,40.75,0.0,0.0,0.0
2021-06-15 17:00:56,19.89,22.36,0.0,0.0,0.0
2021-06-15 18:00:56,6.41,16.89,0.0,0.0,0.0
2021-06-15 19:00:56,39.74,12.2,0.0,0.0,0.0
2021-06-15 20:00:56,31.36,10.24,0.0,0.0,0.0
2021-06-15 21:00:56,0.0,8.46,0.0,0.0,0.0
2021-06-15 22:00:56,0.0,7.3,0.0,0.0,0.0
2021-06-15 23:00:56,0.0,6.93,0.0,0.0,0.0
2021-06-16 00:00:56,0.0,6.54,0.0,0.0,0.0
2021-06-16 01:00:56,0.0,6.83,0.0,0.0,0.0
2021-06-16 02:00:56,0.0,0.0,0.0,0.0,0.0
2021-06-16 03:00:56,0.0,6.69,0.0,0.0,0.0
2021-06-16 04:00:56,0.0,5.79,0.0,0.0,0.0
2021-06-16 05:00:56,0.0,5.78,0.0,0.0,0.0
2021-06-16 06:00:56,0.0,6.37,0.0,0.0,0.0
2021-06-16 07:00:56,0.0,6.45,0.0,0.0,0.0
2021-06-16 08:00:56,0.0,6.02,0.0,0.0,0.0
2021-06-16 09:00:56,0.0,6.66,0.0,0.0,0.0
2021-06-16 10:00:56,0.0,5.98,0.0,0.0,0.0
2021-06-16 11:00:56,0.0,5.98,0.0,0.0,0.0
2021-06-16 12:00:56,0.0,6.53,0.0,0.0,0.0
2021-06-16 13:00:56,0.0,7.39,0.0,0.0,0.0
2021-06-16 14:00:56,0.0,13.54,0.0,0.0,0.0
2021-06-16 15:00:56,0.0,21.13,0.0,0.0,0.0
2021-06-16 16:00:56,0.0,45.36,0.0,0.0,0.0
2021-06-16 17:00:56,0.0,23.77,0.0,0.0,0.0
2021-06-16 18:00:56,0.0,13.22,0.0,0.0,0.0
2021-06-16 19:00:56,0.0,9.66,0.0,0.0,0.0
2021-06-16 20:00:56,0.0,8.13,0.0,0.0,0.0
2021-06-16 21:00:56,0.0,7.05,0.0,0.0,0.0
2021-06-16 22:00:56,0.0,6.55,0.0,0.0,0.0
2021-06-16 23:00:56,0.0,5.57,0.0,0.0,0.0
2021-06-17 00:00:56,0.0,5.64,0.0,0.0,0.0
2021-06-17 01:00:56,0.0,6.57,0.0,0.0,0.0
2021-06-17 02:00:56,0.0,0.0,0.0,0.0,0.0
2021-06-17 03:00:56,0.0,6.1,0.0,0.0,0.0
2021-06-17 04:00:56,0.0,6.05,0.0,0.0,0.0
2021-06-17 05:00:56,0.0,6.01,0.0,0.0,0.0
2021-06-17 06:00:56,0.0,5.91,0.0,0.0,0.0
2021-06-17 07:00:56,0.0,5.9,0.0,0.0,0.0
2021-06-17 08:00:56,0.0,5.82,0.0,0.0,0.0
2021-06-17 09:00:56,0.0,8.29,0.0,0.0,0.0
2021-06-17 10:00:56,0.0,8.97,0.0,0.0,0.0
2021-06-17 11:00:56,0.0,6.23,0.0,0.0,0.0
2021-06-17 12:00:56,0.0,6.74,0.0,0.0,0.0
2021-06-17 13:00:56,0.0,7.34,0.0,0.0,0.0
2021-06-17 14:00:56,0.0,8.24,0.0,0.0,0.0
2021-06-17 15:00:56,0.0,20.43,0.0,0.0,0.0
2021-06-17 16:00:56,0.0,27.94,0.0,0.0,0.0
2021-06-17 17:00:56,0.0,21.83,0.0,0.0,0.0
2021-06-17 18:00:56,0.0,14.08,0.0,0.0,0.0
2021-06-17 19:00:56,0.0,10.03,0.0,0.0,0.0
2021-06-17 20:00:56,0.0,8.86,0.0,0.0,0.0
2021-06-17 21:00:56,0.0,7.5,0.0,0.0,0.0
2021-06-17 22:00:56,0.0,6.86,0.0,0.0,0.0
2021-06-17 23:00:56,0.0,6.38,0.0,0.0,0.0
2021-06-18 00:00:56,0.0,6.14,0.0,0.0,0.0
2021-06-18 01:00:56,0.0,6.4,0.0,0.0,0.0
2021-06-18 02:00:56,0.0,0.0,0.0,0.0,0.0
2021-06-18 03:00:56,0.0,6.09,0.0,0.0,0.0
2021-06-18 04:00:56,0.0,5.97,0.0,0.0,0.0
2021-06-18 05:00:56,0.0,5.58,0.0,0.0,0.0
2021-06-18 06:00:56,0.0,5.65,0.0,0.0,0.0
2021-06-18 07:00:56,0.0,6.68,0.0,0.0,0.0
2021-06-18 08:00:56,0.0,30.46,0.0,0.0,0.0
2021-06-18 09:00:56,0.0,17.44,0.0,0.0,0.0
2021-06-18 10:00:56,0.0,19.67,0.0,0.0,0.0
2021-06-18 11:00:56,0.0,14.28,0.0,0.0,0.0
2021-06-18 12:00:56,0.0,103.22,0.0,0.0,0.0
2021-06-18 13:00:56,0.0,30.13,0.0,0.0,0.0
2021-06-18 14:00:56,0.0,34.4,0.0,0.0,0.0
2021-06-18 15:00:56,0.0,109.38,0.0,0.0,0.0
2021-06-18 16:00:56,0.0,32.37,0.0,0.0,0.0
2021-06-18 17:00:56,0.0,15.03,0.0,0.0,0.0
2021-06-18 18:00:56,0.0,10.76,0.0,0.0,0.0
2021-06-18 19:00:56,0.0,9.79,0.0,0.0,0.0
2021-06-18 20:00:56,0.0,8.29,0.0,0.0,0.0
2021-06-18 21:00:56,0.0,7.01,0.0,0.0,0.0
2021-06-18 22:00:56,0.0,6.53,0.0,0.0,0.0
2021-06-18 23:00:56,0.0,5.95,0.0,0.0,0.0
2021-06-19 00:00:56,0.0,6.17,0.0,0.0,0.0
2021-06-19 01:00:56,0.0,6.11,0.0,0.0,0.0
2021-06-19 02:00:56,0.0,0.0,0.0,0.0,0.0
2021-06-19 03:00:56,0.0,5.82,0.0,0.0,0.0
2021-06-19 04:00:56,0.0,6.01,0.0,0.0,0.0
2021-06-19 05:00:56,0.0,5.71,0.0,0.0,0.0
2021-06-19 06:00:56,0.0,6.29,0.0,0.0,0.0
2021-06-19 07:00:56,0.0,7.28,0.0,0.0,0.0
2021-06-19 08:00:56,0.0,15.74,0.0,0.0,0.0
2021-06-19 09:00:56,0.0,86.28,0.0,0.0,0.0
2021-06-19 10:00:56,0.0,116.33,0.0,0.0,0.0
2021-06-19 11:00:56,0.0,42.17,0.0,0.0,0.0
2021-06-19 12:00:56,0.0,21.76,0.0,0.0,0.0
2021-06-19 13:00:56,0.0,447.86,0.0,0.0,0.0
2021-06-19 14:00:56,0.0,226.94,0.0,0.0,0.0
2021-06-19 15:00:56,0.0,42.69,0.0,0.0,0.0
2021-06-19 16:00:56,0.0,177.1,0.0,0.0,0.0
2021-06-19 17:00:56,0.0,69.88,0.0,0.0,0.0
2021-06-19 18:00:56,0.0,66.52,0.0,0.0,0.0
2021-06-19 19:00:56,0.0,71.15,0.0,0.0,0.0
2021-06-19 20:00:56,0.0,21.93,0.0,0.0,0.0
2021-06-19 21:00:56,0.0,12.3,0.0,0.0,0.0
2021-06-19 22:00:56,0.0,9.58,0.0,0.0,0.0
2021-06-19 23:00:56,0.0,8.62,0.0,0.0,0.0
2021-06-20 00:00:56,0.0,8.1,0.0,0.0,0.0
2021-06-20 01:00:56,0.0,7.89,0.0,0.0,0.0
2021-06-20 02:00:56,0.0,0.0,0.0,0.0,0.0
2021-06-20 03:00:56,0.0,7.16,0.0,0.0,0.0
2021-06-20 04:00:56,0.0,7.31,0.0,0.0,0.0
2021-06-20 05:00:56,0.0,7.77,0.0,0.0,0.0
2021-06-20 06:00:56,0.0,7.98,0.0,0.0,0.0
2021-06-20 07:00:56,0.0,12.88,0.0,0.0,0.0
2021-06-20 08:00:56,0.0,73.62,0.0,0.0,0.0
2021-06-20 09:00:56,0.0,52.19,0.0,0.0,0.0
2021-06-20 10:00:56,0.0,32.26,0.0,0.0,0.0
2021-06-20 11:00:56,0.0,21.51,0.0,0.0,0.0
2021-06-20 12:00:56,0.0,18.94,0.0,0.0,0.0
2021-06-20 13:00:56,0.0,30.28,0.0,0.0,0.0
2021-06-20 14:00:56,0.0,296.55,0.0,0.0,0.0
2021-06-20 15:00:56,0.0,30.46,0.0,0.0,0.0
2021-06-20 16:00:56,0.0,376.73,0.0,0.0,0.0
2021-06-20 17:00:56,0.0,47.81,0.0,0.0,0.0
2021-06-20 18:00:56,0.0,22.11,0.0,0.0,0.0
2021-06-20 19:00:56,0.0,12.43,0.0,0.0,0.0
2021-06-20 20:00:56,0.0,10.7,0.0,0.0,0.0
2021-06-20 21:00:56,0.0,8.55,0.0,0.0,0.0
2021-06-20 22:00:56,0.0,7.35,0.0,0.0,0.0
2021-06-20 23:00:56,0.0,7.48,0.0,0.0,0.0
2021-06-21 00:00:56,0.0,7.44,0.0,0.0,0.0
2021-06-21 01:00:56,0.0,5.02,0.0,0.0,0.0
2021-06-21 02:00:56,0.0,0.0,0.0,0.0,0.0
2021-06-21 03:00:56,0.0,7.38,0.0,0.0,0.0
2021-06-21 04:00:56,0.0,10.75,0.0,0.0,0.0
2021-06-21 05:00:56,0.0,12.98,0.0,0.0,0.0
2021-06-21 06:00:56,0.0,13.95,0.0,0.0,0.0
2021-06-21 07:00:56,0.0,14.4,0.0,0.0,0.0
2021-06-21 08:00:56,0.0,16.13,0.0,0.0,0.0
2021-06-21 09:00:56,0.0,12.4,0.0,0.0,0.0
2021-06-21 10:00:56,0.0,10.42,0.0,0.0,0.0
2021-06-21 11:00:56,0.0,9.25,0.0,0.0,0.0
2021-06-21 12:00:56,0.0,9.02,0.0,0.0,0.0
2021-06-21 13:00:56,0.0,9.43,0.0,0.0,0.0
2021-06-21 14:00:56,0.0,9.16,0.0,0.0,0.0
2021-06-21 15:00:56,0.0,27.12,0.0,0.0,0.0
2021-06-21 16:00:56,0.0,80.39,0.0,0.0,0.0
2021-06-21 17:00:56,0.0,120.13,0.0,0.0,0.0
2021-06-21 18:00:56,0.0,25.22,0.0,0.0,0.0
2021-06-21 19:00:56,0.0,18.18,0.0,0.0,0.0
2021-06-21 20:00:56,0.0,16.4,0.0,0.0,0.0
2021-06-21 21:00:56,0.0,12.52,0.0,0.0,0.0
2021-06-21 22:00:56,0.0,10.56,0.0,0.0,0.0
2021-06-21 23:00:56,0.0,9.3,0.0,0.0,0.0
2021-06-22 00:00:56,0.0,8.36,0.0,0.0,0.0
2021-06-22 01:00:56,0.0,12.22,0.0,0.0,0.0
2021-06-22 02:00:56,0.0,0.0,0.0,0.0,0.0
2021-06-22 03:00:56,0.0,8.92,0.0,0.0,0.0
2021-06-22 04:00:56,0.0,8.11,0.0,0.0,0.0
2021-06-22 05:00:56,0.0,8.56,0.0,0.0,0.0
2021-06-22 06:00:56,0.0,8.24,0.0,0.0,0.0
2021-06-22 07:00:56,0.0,7.91,0.0,0.0,0.0
2021-06-22 08:00:56,0.0,7.63,0.0,0.0,0.0
2021-06-22 09:00:56,0.0,7.15,0.0,0.0,0.0
2021-06-22 10:00:56,0.0,6.52,0.0,0.0,0.0
2021-06-22 11:00:56,0.0,7.97,0.0,0.0,0.0
2021-06-22 12:00:56,0.0,18.67,0.0,0.0,0.0
2021-06-22 13:00:56,0.0,31.92,0.0,0.0,0.0
2021-06-22 14:00:56,0.0,15.48,0.0,0.0,0.0
2021-06-22 15:00:56,0.0,18.66,0.0,0.0,0.0
2021-06-22 16:00:56,0.0,21.96,0.0,0.0,0.0
2021-06-22 17:00:56,0.0,52.72,0.0,0.0,0.0
2021-06-22 18:00:56,0.0,39.38,0.0,0.0,0.0
2021-06-22 19:00:56,0.0,25.63,0.0,0.0,0.0
2021-06-22 20:00:56,0.0,15.76,0.0,0.0,0.0
2021-06-22 21:00:56,0.0,11.5,0.0,0.0,0.0
2021-06-22 22:00:56,0.0,9.86,0.0,0.0,0.0
2021-06-22 23:00:56,0.0,8.79,0.0,0.0,0.0
2021-06-23 00:00:56,0.0,8.32,0.0,0.0,0.0
2021-06-23 01:00:56,0.0,8.17,0.0,0.0,0.0
2021-06-23 02:00:56,0.0,0.0,0.0,0.0,0.0
2021-06-23 03:00:56,0.0,7.35,0.0,0.0,0.0
2021-06-23 04:00:56,0.0,7.45,0.0,0.0,0.0
2021-06-23 05:00:56,0.0,7.8,0.0,0.0,0.0
2021-06-23 06:00:56,0.0,7.74,0.0,0.0,0.0
2021-06-23 07:00:56,0.0,8.09,0.0,0.0,0.0
2021-06-23 08:00:56,0.0,8.82,0.0,0.0,0.0
2021-06-23 09:00:56,0.0,24.56,0.0,0.0,0.0
2021-06-23 10:00:56,0.0,27.16,0.0,0.0,0.0
2021-06-23 11:00:56,0.0,78.83,0.0,0.0,0.0
2021-06-23 12:00:56,0.0,69.44,0.0,0.0,0.0
2021-06-23 13:00:56,0.0,267.1,0.0,0.0,0.0
2021-06-23 14:00:56,0.0,270.73,0.0,0.0,0.0
2021-06-23 15:00:56,0.0,167.51,0.0,0.0,0.0
2021-06-23 16:00:56,0.0,30.4,0.0,0.0,0.0
2021-06-23 17:00:56,0.0,15.27,0.0,0.0,0.0
2021-06-23 18:00:56,0.0,21.33,0.0,0.0,0.0
2021-06-23 19:00:56,0.0,18.34,0.0,0.0,0.0
2021-06-23 20:00:56,0.0,12.78,0.0,0.0,0.0
2021-06-23 21:00:56,0.0,23.04,0.0,0.0,0.0
2021-06-23 22:00:56,0.0,15.2,0.0,0.0,0.0
2021-06-23 23:00:56,0.0,10.83,0.0,0.0,0.0
2021-06-24 00:00:56,0.0,9.62,0.0,0.0,0.0
2021-06-24 01:00:56,0.0,8.53,0.0,0.0,0.0
2021-06-24 02:00:56,0.0,0.0,0.0,0.0,0.0
2021-06-24 03:00:56,0.0,7.92,0.0,0.0,0.0
2021-06-24 04:00:56,0.0,7.29,0.0,0.0,0.0
2021-06-24 05:00:56,0.0,6.65,0.0,0.0,0.0
2021-06-24 06:00:56,0.0,7.34,0.0,0.0,0.0
2021-06-24 07:00:56,0.0,10.14,0.0,0.0,0.0
2021-06-24 08:00:56,0.0,15.6,0.0,0.0,0.0
2021-06-24 09:00:56,0.0,226.4,0.0,0.0,0.0
2021-06-24 10:00:56,0.0,77.61,0.0,0.0,0.0
2021-06-24 11:00:56,0.0,16.88,0.0,0.0,0.0
2021-06-24 12:00:56,0.0,9.94,0.0,0.0,0.0
2021-06-24 13:00:56,0.0,7.79,0.0,0.0,0.0
2021-06-24 14:00:56,0.0,42.36,0.0,0.0,0.0
2021-06-24 15:00:56,0.0,109.72,0.0,0.0,0.0
2021-06-24 16:00:56,0.0,49.16,0.0,0.0,0.0
2021-06-24 17:00:56,0.0,84.52,0.0,0.0,0.0
2021-06-24 18:00:56,0.0,27.9,0.0,0.0,0.0
2021-06-24 19:00:56,0.0,22.14,0.0,0.0,0.0
2021-06-24 20:00:56,0.0,14.75,0.0,0.0,0.0
2021-06-24 21:00:56,0.0,10.77,0.0,0.0,0.0
2021-06-24 22:00:56,0.0,9.55,0.0,0.0,0.0
2021-06-24 23:00:56,0.0,8.43,0.0,0.0,0.0
2021-06-25 00:00:56,0.0,8.03,0.0,0.0,0.0
2021-06-25 01:00:56,0.0,7.99,0.0,0.0,0.0
2021-06-25 02:00:56,0.0,0.0,0.0,0.0,0.0
2021-06-25 03:00:56,0.0,6.96,0.0,0.0,0.0
2021-06-25 04:00:56,0.0,7.04,0.0,0.0,0.0
2021-06-25 05:00:56,0.0,6.84,0.0,0.0,0.0
2021-06-25 06:00:56,0.0,6.95,0.0,0.0,0.0
2021-06-25 07:00:56,0.0,6.7,0.0,0.0,0.0
2021-06-25 08:00:56,0.0,6.56,0.0,0.0,0.0
2021-06-25 09:00:56,0.0,9.05,0.0,0.0,0.0
2021-06-25 10:00:56,0.0,12.78,0.0,0.0,0.0
2021-06-25 11:00:56,0.0,81.98,0.0,0.0,0.0
2021-06-25 12:00:56,0.0,242.41,0.0,0.0,0.0
2021-06-25 13:00:56,0.0,78.64,0.0,0.0,0.0
2021-06-25 14:00:56,0.0,153.07,0.0,0.0,0.0
2021-06-25 15:00:56,0.0,110.06,0.0,0.0,0.0
2021-06-25 16:00:56,0.0,29.56,0.0,0.0,0.0
2021-06-25 17:00:56,0.0,39.13,0.0,0.0,0.0
2021-06-25 18:00:56,0.0,22.08,0.0,0.0,0.0
2021-06-25 19:00:56,0.0,13.35,0.0,0.0,0.0
2021-06-25 20:00:56,0.0,18.28,0.0,0.0,0.0
2021-06-25 21:00:56,0.0,16.43,0.0,0.0,0.0
2021-06-25 22:00:56,0.0,13.2,0.0,0.0,0.0
2021-06-25 23:00:56,0.0,11.05,0.0,0.0,0.0
2021-06-26 00:00:56,0.0,9.53,0.0,0.0,0.0
2021-06-26 01:00:56,0.0,8.59,0.0,0.0,0.0
2021-06-26 02:00:56,0.0,0.0,0.0,0.0,0.0
2021-06-26 03:00:56,0.0,7.69,0.0,0.0,0.0
2021-06-26 04:00:56,0.0,7.27,0.0,0.0,0.0
2021-06-26 05:00:56,0.0,6.86,0.0,0.0,0.0
2021-06-26 06:00:56,0.0,7.38,0.0,0.0,0.0
2021-06-26 07:00:56,0.0,10.94,0.0,0.0,0.0
2021-06-26 08:00:56,0.0,62.28,0.0,0.0,0.0
2021-06-26 09:00:56,0.0,415.86,0.0,0.0,0.0
2021-06-26 10:00:56,0.0,324.29,0.0,0.0,0.0
2021-06-26 11:00:56,0.0,181.24,0.0,0.0,0.0
2021-06-26 12:00:56,0.0,235.49,0.0,0.0,0.0
2021-06-26 13:00:56,0.0,138.49,0.0,0.0,0.0
2021-06-26 14:00:56,0.0,124.05,0.0,0.0,0.0
2021-06-26 15:00:56,0.0,38.42,0.0,0.0,0.0
2021-06-26 16:00:56,0.0,16.51,0.0,0.0,0.0
2021-06-26 17:00:56,0.0,17.59,0.0,0.0,0.0
2021-06-26 18:00:56,0.0,26.79,0.0,0.0,0.0
2021-06-26 19:00:56,0.0,16.31,0.0,0.0,0.0
2021-06-26 20:00:56,0.0,10.59,0.0,0.0,0.0
2021-06-26 21:00:56,0.0,8.38,0.0,0.0,0.0
2021-06-26 22:00:56,0.0,7.89,0.0,0.0,0.0
2021-06-26 23:00:56,0.0,7.33,0.0,0.0,0.0
2021-06-27 00:00:56,0.0,6.6,0.0,0.0,0.0
2021-06-27 01:00:56,0.0,6.94,0.0,0.0,0.0
2021-06-27 02:00:56,0.0,0.0,0.0,0.0,0.0
2021-06-27 03:00:56,0.0,6.71,0.0,0.0,0.0
2021-06-27 04:00:56,0.0,6.69,0.0,0.0,0.0
2021-06-27 05:00:56,0.0,6.7,0.0,0.0,0.0
2021-06-27 06:00:56,0.0,6.66,0.0,0.0,0.0
2021-06-27 07:00:56,0.0,7.15,0.0,0.0,0.0
2021-06-27 08:00:56,0.0,8.42,0.0,0.0,0.0
2021-06-27 09:00:56,0.0,11.13,0.0,0.0,0.0
2021-06-27 10:00:56,0.0,15.93,0.0,0.0,0.0
2021-06-27 11:00:56,0.0,42.08,0.0,0.0,0.0
2021-06-27 12:00:56,0.0,19.95,0.0,0.0,0.0
2021-06-27 13:00:56,0.0,21.93,0.0,0.0,0.0
2021-06-27 14:00:56,0.0,35.31,0.0,0.0,0.0
2021-06-27 15:00:56,0.0,41.74,0.0,0.0,0.0
2021-06-27 16:00:56,0.0,18.25,0.0,0.0,0.0
2021-06-27 17:00:56,0.0,18.75,0.0,0.0,0.0
2021-06-27 18:00:56,0.0,35.55,0.0,0.0,0.0
2021-06-27 19:00:56,0.0,21.0,0.0,0.0,0.0
2021-06-27 20:00:56,0.0,12.76,0.0,0.0,0.0
2021-06-27 21:00:56,0.0,9.92,0.0,0.0,0.0
2021-06-27 22:00:56,0.0,8.04,0.0,0.0,0.0
2021-06-27 23:00:56,0.0,7.56,0.0,0.0,0.0
2021-06-28 00:00:56,0.0,7.57,0.0,0.0,0.0
2021-06-28 01:00:56,0.0,6.81,0.0,0.0,0.0
2021-06-28 02:00:56,0.0,0.0,0.0,0.0,0.0
2021-06-28 03:00:56,0.0,6.4,0.0,0.0,0.0
2021-06-28 04:00:56,0.0,6.41,0.0,0.0,0.0
2021-06-28 05:00:56,0.0,6.34,0.0,0.0,0.0
2021-06-28 06:00:56,0.0,6.54,0.0,0.0,0.0
2021-06-28 07:00:56,0.0,6.24,0.0,0.0,0.0
2021-06-28 08:00:56,0.0,6.23,0.0,0.0,0.0
2021-06-28 09:00:56,0.0,5.93,0.0,0.0,0.0
2021-06-28 10:00:56,0.0,5.86,0.0,0.0,0.0
2021-06-28 11:00:56,0.0,5.84,0.0,0.0,0.0
2021-06-28 12:00:56,0.0,5.76,0.0,0.0,0.0
2021-06-28 13:00:56,0.0,6.52,0.0,0.0,0.0
2021-06-28 14:00:56,0.0,6.76,0.0,0.0,0.0
2021-06-28 15:00:56,0.0,24.57,0.0,0.0,0.0
2021-06-28 16:00:56,0.0,31.66,0.0,0.0,0.0
2021-06-28 17:00:56,0.0,12.81,0.0,0.0,0.0
2021-06-28 18:00:56,0.0,17.22,0.0,0.0,0.0
2021-06-28 19:00:56,0.0,25.3,0.0,0.0,0.0
2021-06-28 20:00:56,0.0,28.88,0.0,0.0,0.0
2021-06-28 21:00:56,0.0,14.59,0.0,0.0,0.0
2021-06-28 22:00:56,0.0,10.09,0.0,0.0,0.0
2021-06-28 23:00:56,0.0,9.0,0.0,0.0,0.0
2021-06-29 00:00:56,0.0,7.84,0.0,0.0,0.0
2021-06-29 01:00:56,0.0,8.51,0.0,0.0,0.0
2021-06-29 02:00:56,0.0,0.0,0.0,0.0,0.0
2021-06-29 03:00:56,0.0,8.74,0.0,0.0,0.0
2021-06-29 04:00:56,0.0,7.31,0.0,0.0,0.0
2021-06-29 05:00:56,0.0,7.49,0.0,0.0,0.0
2021-06-29 06:00:56,0.0,7.53,0.0,0.0,0.0
2021-06-29 07:00:56,0.0,7.56,0.0,0.0,0.0
2021-06-29 08:00:56,0.0,8.23,0.0,0.0,0.0
2021-06-29 09:00:56,0.0,7.53,0.0,0.0,0.0
2021-06-29 10:00:56,0.0,6.95,0.0,0.0,0.0
2021-06-29 11:00:56,0.0,6.55,0.0,0.0,0.0
2021-06-29 12:00:56,0.0,14.77,0.0,0.0,0.0
2021-06-29 13:00:56,0.0,14.22,0.0,0.0,0.0
2021-06-29 14:00:56,0.0,11.93,0.0,0.0,0.0
2021-06-29 15:00:56,0.0,7.3,0.0,0.0,0.0
2021-06-29 16:00:56,0.0,5.98,0.0,0.0,0.0
2021-06-29 17:00:56,0.0,6.22,0.0,0.0,0.0
2021-06-29 18:00:56,0.0,6.31,0.0,0.0,0.0
2021-06-29 19:00:56,0.0,5.72,0.0,0.0,0.0
2021-06-29 20:00:56,0.0,6.12,0.0,0.0,0.0
2021-06-29 21:00:56,0.0,5.97,0.0,0.0,0.0
2021-06-29 22:00:56,0.0,5.86,0.0,0.0,0.0
2021-06-29 23:00:56,0.0,6.0,0.0,0.0,0.0
2021-06-30 00:00:56,0.0,5.68,0.0,0.0,0.0
2021-06-30 01:00:56,0.0,5.57,0.0,0.0,0.0
2021-06-30 02:00:56,0.0,0.0,0.0,0.0,0.0
2021-06-30 03:00:56,0.0,5.92,0.0,0.0,0.0
2021-06-30 04:00:56,0.0,6.37,0.0,0.0,0.0
2021-06-30 05:00:56,0.0,6.13,0.0,0.0,0.0
2021-06-30 06:00:56,0.0,6.42,0.0,0.0,0.0
2021-06-30 07:00:56,0.0,6.35,0.0,0.0,0.0
2021-06-30 08:00:56,0.0,7.36,0.0,0.0,0.0
2021-06-30 09:00:56,0.0,13.06,0.0,0.0,0.0
2021-06-30 10:00:56,0.0,40.61,0.0,0.0,0.0
2021-06-30 11:00:56,0.0,47.74,0.0,0.0,0.0
2021-06-30 12:00:56,0.0,236.11,0.0,0.0,0.0
2021-06-30 13:00:56,0.0,373.0,0.0,0.0,0.0
2021-06-30 14:00:56,0.0,84.09,0.0,0.0,0.0
2021-06-30 15:00:56,0.0,111.6,0.0,0.0,0.0
2021-06-30 16:00:56,0.0,108.29,0.0,0.0,0.0
2021-06-30 17:00:56,0.0,101.12,0.0,0.0,0.0
2021-06-30 18:00:56,0.0,65.72,0.0,0.0,0.0
2021-06-30 19:00:56,0.0,30.54,0.0,0.0,0.0
2021-06-30 20:00:56,0.0,10.66,0.0,0.0,0.0
2021-06-30 21:00:56,0.0,7.69,0.0,0.0,0.0
2021-06-30 22:00:56,0.0,6.93,0.0,0.0,0.0
2021-06-30 23:00:56,0.0,6.8,0.0,0.0,0.0
2021-07-01 00:00:56,0.0,6.8,0.0,0.0,0.0
2021-07-01 01:00:56,0.0,6.64,0.0,0.0,0.0
2021-07-01 02:00:56,0.0,0.0,0.0,0.0,0.0
2021-07-01 03:00:56,0.0,6.33,0.0,0.0,0.0
2021-07-01 04:00:56,0.0,6.58,0.0,0.0,0.0
2021-07-01 05:00:56,0.0,6.6,0.0,0.0,0.0
2021-07-01 06:00:56,0.0,6.39,0.0,0.0,0.0
2021-07-01 07:00:56,0.0,6.46,0.0,0.0,0.0
2021-07-01 08:00:56,0.0,6.63,0.0,0.0,0.0
2021-07-01 09:00:56,0.0,6.67,0.0,0.0,0.0
2021-07-01 10:00:56,0.0,5.61,0.0,0.0,0.0
2021-07-01 11:00:56,0.0,6.07,0.0,0.0,0.0
2021-07-01 12:00:56,0.0,6.51,0.0,0.0,0.0
2021-07-01 13:00:56,0.0,7.28,0.0,0.0,0.0
2021-07-01 14:00:56,0.0,6.61,0.0,0.0,0.0
2021-07-01 15:00:56,0.0,6.67,0.0,0.0,0.0
2021-07-01 16:00:56,0.0,5.98,0.0,0.0,0.0
2021-07-01 17:00:56,0.0,6.03,0.0,0.0,0.0
2021-07-01 18:00:56,0.0,6.11,0.0,0.0,0.0
2021-07-01 19:00:56,0.0,6.34,0.0,0.0,0.0
2021-07-01 20:00:56,0.0,6.49,0.0,0.0,0.0
2021-07-01 21:00:56,0.0,6.08,0.0,0.0,0.0
2021-07-01 22:00:56,0.0,5.95,0.0,0.0,0.0
2021-07-01 23:00:56,0.0,6.48,0.0,0.0,0.0
2021-07-02 00:00:56,0.0,6.51,0.0,0.0,0.0
2021-07-02 01:00:56,0.0,6.13,0.0,0.0,0.0
2021-07-02 02:00:56,0.0,0.0,0.0,0.0,0.0
2021-07-02 03:00:56,0.0,6.94,0.0,0.0,0.0
2021-07-02 04:00:56,0.0,6.81,0.0,0.0,0.0
2021-07-02 05:00:56,0.0,6.97,0.0,0.0,0.0
2021-07-02 06:00:56,0.0,6.92,0.0,0.0,0.0
2021-07-02 07:00:56,0.0,14.7,0.0,0.0,0.0
2021-07-02 08:00:56,0.0,28.95,0.0,0.0,0.0
2021-07-02 09:00:56,0.0,19.45,0.0,0.0,0.0
2021-07-02 10:00:56,0.0,15.38,0.0,0.0,0.0
2021-07-02 11:00:56,0.0,9.79,0.0,0.0,0.0
2021-07-02 12:00:56,0.0,7.95,0.0,0.0,0.0
2021-07-02 13:00:56,0.0,6.64,0.0,0.0,0.0
2021-07-02 14:00:56,0.0,6.57,0.0,0.0,0.0
2021-07-02 15:00:56,0.0,6.57,0.0,0.0,0.0
2021-07-02 16:00:56,0.0,7.25,0.0,0.0,0.0
2021-07-02 17:00:56,0.0,8.19,0.0,0.0,0.0
2021-07-02 18:00:56,0.0,8.12,0.0,0.0,0.0
2021-07-02 19:00:56,0.0,7.44,0.0,0.0,0.0
2021-07-02 20:00:56,0.0,7.04,0.0,0.0,0.0
2021-07-02 21:00:56,0.0,6.5,0.0,0.0,0.0
2021-07-02 22:00:56,0.0,6.84,0.0,0.0,0.0
2021-07-02 23:00:56,0.0,7.58,0.0,0.0,0.0
2021-07-03 00:00:56,0.0,15.49,0.0,0.0,0.0
2021-07-03 01:00:56,0.0,13.28,0.0,0.0,0.0
2021-07-03 02:00:56,0.0,0.0,0.0,0.0,0.0
2021-07-03 03:00:56,0.0,9.14,0.0,0.0,0.0
2021-07-03 04:00:56,0.0,8.13,0.0,0.0,0.0
2021-07-03 05:00:56,0.0,7.67,0.0,0.0,0.0
2021-07-03 06:00:56,0.0,7.32,0.0,0.0,0.0
2021-07-03 07:00:56,0.0,7.28,0.0,0.0,0.0
2021-07-03 08:00:56,0.0,7.51,0.0,0.0,0.0
2021-07-03 09:00:56,0.0,7.46,0.0,0.0,0.0
2021-07-03 10:00:56,0.0,7.53,0.0,0.0,0.0
2021-07-03 11:00:56,0.0,6.6,0.0,0.0,0.0
2021-07-03 12:00:56,0.0,6.83,0.0,0.0,0.0
2021-07-03 13:00:56,0.0,6.98,0.0,0.0,0.0
2021-07-03 14:00:56,0.0,6.74,0.0,0.0,0.0
2021-07-03 15:00:56,0.0,6.83,0.0,0.0,0.0
2021-07-03 16:00:56,0.0,6.7,0.0,0.0,0.0
2021-07-03 17:00:56,0.0,6.48,0.0,0.0,0.0
2021-07-03 18:00:56,0.0,6.56,0.0,0.0,0.0
2021-07-03 19:00:56,0.0,6.53,0.0,0.0,0.0
2021-07-03 20:00:56,0.0,6.89,0.0,0.0,0.0
2021-07-03 21:00:56,0.0,6.97,0.0,0.0,0.0
2021-07-03 22:00:56,0.0,6.45,0.0,0.0,0.0
2021-07-03 23:00:56,0.0,5.94,0.0,0.0,0.0
2021-07-04 00:00:56,0.0,6.15,0.0,0.0,0.0
2021-07-04 01:00:56,0.0,6.37,0.0,0.0,0.0
2021-07-04 02:00:56,0.0,0.0,0.0,0.0,0.0
2021-07-04 03:00:56,0.0,6.58,0.0,0.0,0.0
2021-07-04 04:00:56,0.0,6.15,0.0,0.0,0.0
2021-07-04 05:00:56,0.0,6.81,0.0,0.0,0.0
2021-07-04 06:00:56,0.0,6.81,0.0,0.0,0.0
2021-07-04 07:00:56,0.0,6.35,0.0,0.0,0.0
2021-07-04 08:00:56,0.0,5.83,0.0,0.0,0.0
2021-07-04 09:00:56,0.0,6.7,0.0,0.0,0.0
2021-07-04 10:00:56,0.0,6.93,0.0,0.0,0.0
2021-07-04 11:00:56,0.0,7.01,0.0,0.0,0.0
2021-07-04 12:00:56,0.0,6.56,0.0,0.0,0.0
2021-07-04 13:00:56,0.0,6.35,0.0,0.0,0.0
2021-07-04 14:00:56,0.0,6.95,0.0,0.0,0.0
2021-07-04 15:00:56,0.0,7.54,0.0,0.0,0.0
2021-07-04 16:00:56,0.0,14.97,0.0,0.0,0.0
2021-07-04 17:00:56,0.0,20.65,0.0,0.0,0.0
2021-07-04 18:00:56,0.0,20.93,0.0,0.0,0.0
2021-07-04 19:00:56,0.0,12.98,0.0,0.0,0.0
2021-07-04 20:00:56,0.0,10.11,0.0,0.0,0.0
2021-07-04 21:00:56,0.0,9.02,0.0,0.0,0.0
2021-07-04 22:00:56,0.0,8.21,0.0,0.0,0.0
2021-07-04 23:00:56,0.0,8.04,0.0,0.0,0.0
2021-07-05 00:00:56,0.0,7.93,0.0,0.0,0.0
2021-07-05 01:00:56,0.0,7.5,0.0,0.0,0.0
2021-07-05 02:00:56,0.0,0.0,0.0,0.0,0.0
2021-07-05 03:00:56,0.0,7.25,0.0,0.0,0.0
2021-07-05 04:00:56,0.0,7.09,0.0,0.0,0.0
2021-07-05 05:00:56,0.0,6.79,0.0,0.0,0.0
2021-07-05 06:00:56,0.0,7.01,0.0,0.0,0.0
2021-07-05 07:00:56,0.0,7.11,0.0,0.0,0.0
2021-07-05 08:00:56,0.0,6.82,0.0,0.0,0.0
2021-07-05 09:00:56,0.0,6.48,0.0,0.0,0.0
2021-07-05 10:00:56,0.0,6.8,0.0,0.0,0.0
2021-07-05 11:00:56,0.0,7.0,0.0,0.0,0.0
2021-07-05 12:00:56,0.0,6.99,0.0,0.0,0.0
2021-07-05 13:00:56,0.0,10.0,0.0,0.0,0.0
2021-07-05 14:00:56,0.0,7.41,0.0,0.0,0.0
2021-07-05 15:00:56,0.0,7.09,0.0,0.0,0.0
2021-07-05 16:00:56,0.0,11.51,0.0,0.0,0.0
2021-07-05 17:00:56,0.0,107.35,0.0,0.0,0.0
2021-07-05 18:00:56,0.0,57.8,0.0,0.0,0.0
2021-07-05 19:00:56,0.0,11.52,0.0,0.0,0.0
2021-07-05 20:00:56,0.0,8.58,0.0,0.0,0.0
2021-07-05 21:00:56,0.0,7.54,0.0,0.0,0.0
2021-07-05 22:00:56,0.0,6.75,0.0,0.0,0.0
2021-07-05 23:00:56,0.0,7.4,0.0,0.0,0.0
2021-07-06 00:00:56,0.0,6.94,0.0,0.0,0.0
2021-07-06 01:00:56,0.0,6.95,0.0,0.0,0.0
2021-07-06 02:00:56,0.0,0.0,0.0,0.0,0.0
2021-07-06 03:00:56,0.0,6.66,0.0,0.0,0.0
2021-07-06 04:00:56,0.0,6.7,0.0,0.0,0.0
2021-07-06 05:00:56,0.0,6.74,0.0,0.0,0.0
2021-07-06 06:00:56,0.0,6.58,0.0,0.0,0.0
2021-07-06 07:00:56,0.0,8.01,0.0,0.0,0.0
2021-07-06 08:00:56,0.0,42.38,0.0,0.0,0.0
2021-07-06 09:00:56,0.0,66.88,0.0,0.0,0.0
2021-07-06 10:00:56,0.0,30.0,0.0,0.0,0.0
2021-07-06 11:00:56,0.0,251.55,0.0,0.0,0.0
2021-07-06 12:00:56,0.0,201.47,0.0,0.0,0.0
2021-07-06 13:00:56,0.0,41.78,0.0,0.0,0.0
2021-07-06 14:00:56,0.0,30.26,0.0,0.0,0.0
2021-07-06 15:00:56,0.0,13.64,0.0,0.0,0.0
2021-07-06 16:00:56,0.0,9.22,0.0,0.0,0.0
2021-07-06 17:00:56,0.0,8.32,0.0,0.0,0.0
2021-07-06 18:00:56,0.0,7.93,0.0,0.0,0.0
2021-07-06 19:00:56,0.0,7.82,0.0,0.0,0.0
2021-07-06 20:00:56,0.0,7.26,0.0,0.0,0.0
2021-07-06 21:00:56,0.0,7.1,0.0,0.0,0.0
2021-07-06 22:00:56,0.0,6.72,0.0,0.0,0.0
2021-07-06 23:00:56,0.0,7.06,0.0,0.0,0.0
2021-07-07 00:00:56,0.0,6.83,0.0,0.0,0.0
2021-07-07 01:00:56,0.0,6.98,0.0,0.0,0.0
2021-07-07 02:00:56,0.0,0.0,0.0,0.0,0.0
2021-07-07 03:00:56,0.0,11.42,0.0,0.0,0.0
2021-07-07 04:00:56,0.0,9.15,0.0,0.0,0.0
2021-07-07 05:00:56,0.0,7.55,0.0,0.0,0.0
2021-07-07 06:00:56,0.0,7.5,0.0,0.0,0.0
2021-07-07 07:00:56,0.0,9.79,0.0,0.0,0.0
2021-07-07 08:00:56,0.0,12.14,0.0,0.0,0.0
2021-07-07 09:00:56,0.0,22.05,0.0,0.0,0.0
2021-07-07 10:00:56,0.0,11.94,0.0,0.0,0.0
2021-07-07 11:00:56,0.0,14.42,0.0,0.0,0.0
2021-07-07 12:00:56,0.0,12.01,0.0,0.0,0.0
2021-07-07 13:00:56,0.0,8.29,0.0,0.0,0.0
2021-07-07 14:00:56,0.0,6.62,0.0,0.0,0.0
2021-07-07 15:00:56,0.0,6.86,0.0,0.0,0.0
2021-07-07 16:00:56,0.0,7.26,0.0,0.0,0.0
2021-07-07 17:00:56,0.0,7.16,0.0,0.0,0.0
2021-07-07 18:00:56,0.0,7.57,0.0,0.0,0.0
2021-07-07 19:00:56,0.0,7.18,0.0,0.0,0.0
2021-07-07 20:00:56,0.0,6.58,0.0,0.0,0.0
2021-07-07 21:00:56,0.0,6.21,0.0,0.0,0.0
2021-07-07 22:00:56,0.0,6.37,0.0,0.0,0.0
2021-07-07 23:00:56,0.0,6.52,0.0,0.0,0.0
2021-07-08 00:00:56,0.0,6.41,0.0,0.0,0.0
2021-07-08 01:00:56,0.0,6.42,0.0,0.0,0.0
2021-07-08 02:00:56,0.0,0.0,0.0,0.0,0.0
2021-07-08 03:00:56,0.0,6.63,0.0,0.0,0.0
2021-07-08 04:00:56,0.0,6.68,0.0,0.0,0.0
2021-07-08 05:00:56,0.0,6.32,0.0,0.0,0.0
2021-07-08 06:00:56,0.0,6.56,0.0,0.0,0.0
2021-07-08 07:00:56,0.0,6.64,0.0,0.0,0.0
2021-07-08 08:00:56,0.0,6.53,0.0,0.0,0.0
2021-07-08 09:00:56,0.0,7.28,0.0,0.0,0.0
2021-07-08 10:00:56,0.0,16.33,0.0,0.0,0.0
2021-07-08 11:00:56,0.0,35.52,0.0,0.0,0.0
2021-07-08 12:00:56,0.0,45.44,0.0,0.0,0.0
2021-07-08 13:00:56,0.0,17.98,0.0,0.0,0.0
2021-07-08 14:00:56,0.0,10.26,0.0,0.0,0.0
2021-07-08 15:00:56,0.0,8.72,0.0,0.0,0.0
2021-07-08 16:00:56,0.0,7.94,0.0,0.0,0.0
2021-07-08 17:00:56,0.0,9.39,0.0,0.0,0.0
2021-07-08 18:00:56,0.0,35.12,0.0,0.0,0.0
2021-07-08 19:00:56,0.0,53.71,0.0,0.0,0.0
2021-07-08 20:00:56,0.0,47.59,0.0,0.0,0.0
2021-07-08 21:00:56,0.0,24.1,0.0,0.0,0.0
2021-07-08 22:00:56,0.0,9.03,0.0,0.0,0.0
2021-07-08 23:00:56,0.0,7.34,0.0,0.0,0.0
2021-07-09 00:00:56,0.0,6.88,0.0,0.0,0.0
2021-07-09 01:00:56,0.0,6.68,0.0,0.0,0.0
2021-07-09 02:00:56,0.0,0.0,0.0,0.0,0.0
2021-07-09 03:00:56,0.0,6.46,0.0,0.0,0.0
2021-07-09 04:00:56,0.0,6.18,0.0,0.0,0.0
2021-07-09 05:00:56,0.0,6.47,0.0,0.0,0.0
2021-07-09 06:00:56,0.0,7.46,0.0,0.0,0.0
2021-07-09 07:00:56,0.0,7.71,0.0,0.0,0.0
2021-07-09 08:00:56,0.0,7.63,0.0,0.0,0.0
2021-07-09 09:00:56,0.0,11.66,0.0,0.0,0.0
2021-07-09 10:00:56,0.0,37.14,0.0,0.0,0.0
2021-07-09 11:00:56,0.0,9.23,0.0,0.0,0.0
2021-07-09 12:00:56,0.0,7.25,0.0,0.0,0.0
2021-07-09 13:00:56,0.0,7.69,0.0,0.0,0.0
2021-07-09 14:00:56,0.0,6.25,0.0,0.0,0.0
2021-07-09 15:00:56,0.0,6.55,0.0,0.0,0.0
2021-07-09 16:00:56,0.0,6.36,0.0,0.0,0.0
2021-07-09 17:00:56,0.0,6.38,0.0,0.0,0.0
2021-07-09 18:00:56,0.0,6.14,0.0,0.0,0.0
2021-07-09 19:00:56,0.0,6.76,0.0,0.0,0.0
2021-07-09 20:00:56,0.0,5.96,0.0,0.0,0.0
2021-07-09 21:00:56,0.0,5.86,0.0,0.0,0.0
2021-07-09 22:00:56,0.0,6.14,0.0,0.0,0.0
2021-07-09 23:00:56,0.0,6.08,0.0,0.0,0.0
2021-07-10 00:00:56,0.0,5.71,0.0,0.0,0.0
2021-07-10 01:00:56,0.0,5.88,0.0,0.0,0.0
2021-07-10 02:00:56,0.0,0.0,0.0,0.0,0.0
2021-07-10 03:00:56,0.0,6.64,0.0,0.0,0.0
2021-07-10 04:00:56,0.0,6.79,0.0,0.0,0.0
2021-07-10 05:00:56,0.0,6.62,0.0,0.0,0.0
2021-07-10 06:00:56,0.0,6.79,0.0,0.0,0.0
2021-07-10 07:00:56,0.0,6.78,0.0,0.0,0.0
2021-07-10 08:00:56,0.0,7.56,0.0,0.0,0.0
2021-07-10 09:00:56,0.0,18.51,0.0,0.0,0.0
2021-07-10 10:00:56,0.0,42.85,0.0,0.0,0.0
2021-07-10 11:00:56,0.0,10.61,0.0,0.0,0.0
2021-07-10 12:00:56,0.0,7.72,0.0,0.0,0.0
2021-07-10 13:00:56,0.0,8.07,0.0,0.0,0.0
2021-07-10 14:00:56,0.0,7.14,0.0,0.0,0.0
2021-07-10 15:00:56,0.0,7.0,0.0,0.0,0.0
2021-07-10 16:00:56,0.0,7.26,0.0,0.0,0.0
2021-07-10 17:00:56,0.0,6.97,0.0,0.0,0.0
2021-07-10 18:00:56,0.0,6.9,0.0,0.0,0.0
2021-07-10 19:00:56,0.0,7.91,0.0,0.0,0.0
2021-07-10 20:00:56,0.0,7.05,0.0,0.0,0.0
2021-07-10 21:00:56,0.0,6.4,0.0,0.0,0.0
2021-07-10 22:00:56,0.0,6.43,0.0,0.0,0.0
2021-07-10 23:00:56,0.0,6.24,0.0,0.0,0.0
2021-07-11 00:00:56,0.0,6.11,0.0,0.0,0.0
2021-07-11 01:00:56,0.0,6.66,0.0,0.0,0.0
2021-07-11 02:00:56,0.0,0.0,0.0,0.0,0.0
2021-07-11 03:00:56,0.0,6.53,0.0,0.0,0.0
2021-07-11 04:00:56,0.0,6.73,0.0,0.0,0.0
2021-07-11 05:00:56,0.0,6.39,0.0,0.0,0.0
2021-07-11 06:00:56,0.0,6.36,0.0,0.0,0.0
2021-07-11 07:00:56,0.0,6.62,0.0,0.0,0.0
2021-07-11 08:00:56,0.0,6.66,0.0,0.0,0.0
2021-07-11 09:00:56,0.0,6.71,0.0,0.0,0.0
2021-07-11 10:00:56,0.0,15.17,0.0,0.0,0.0
2021-07-11 11:00:56,0.0,92.85,0.0,0.0,0.0
2021-07-11 12:00:56,0.0,27.77,0.0,0.0,0.0
2021-07-11 13:00:56,0.0,24.36,0.0,0.0,0.0
2021-07-11 14:00:56,0.0,9.7,0.0,0.0,0.0
2021-07-11 15:00:56,0.0,8.7,0.0,0.0,0.0
2021-07-11 16:00:56,0.0,9.66,0.0,0.0,0.0
2021-07-11 17:00:56,0.0,8.74,0.0,0.0,0.0
2021-07-11 18:00:56,0.0,8.86,0.0,0.0,0.0
2021-07-11 19:00:56,0.0,8.31,0.0,0.0,0.0
2021-07-11 20:00:56,0.0,8.35,0.0,0.0,0.0
2021-07-11 21:00:56,0.0,7.64,0.0,0.0,0.0
2021-07-11 22:00:56,0.0,6.54,0.0,0.0,0.0
2021-07-11 23:00:56,0.0,6.73,0.0,0.0,0.0
2021-07-12 00:00:56,0.0,6.67,0.0,0.0,0.0
2021-07-12 01:00:56,0.0,6.75,0.0,0.0,0.0
2021-07-12 02:00:56,0.0,0.0,0.0,0.0,0.0
2021-07-12 03:00:56,0.0,7.09,0.0,0.0,0.0
2021-07-12 04:00:56,0.0,7.05,0.0,0.0,0.0
2021-07-12 05:00:56,0.0,6.68,0.0,0.0,0.0
2021-07-12 06:00:56,0.0,6.69,0.0,0.0,0.0
2021-07-12 07:00:56,0.0,7.14,0.0,0.0,0.0
2021-07-12 08:00:56,0.0,365.91,0.0,0.0,0.0
2021-07-12 09:00:56,0.0,807.24,0.0,0.0,0.0
2021-07-12 10:00:56,0.0,208.12,0.0,0.0,0.0
2021-07-12 11:00:56,0.0,54.55,0.0,0.0,0.0
2021-07-12 12:00:56,0.0,44.61,0.0,0.0,0.0
2021-07-12 13:00:56,0.0,179.24,0.0,0.0,0.0
2021-07-12 14:00:56,0.0,126.15,0.0,0.0,0.0
2021-07-12 15:00:56,0.0,129.5,0.0,0.0,0.0
2021-07-12 16:00:56,0.0,32.03,0.0,0.0,0.0
2021-07-12 17:00:56,0.0,25.64,0.0,0.0,0.0
2021-07-12 18:00:56,0.0,17.52,0.0,0.0,0.0
2021-07-12 19:00:56,0.0,11.05,0.0,0.0,0.0
2021-07-12 20:00:56,0.0,11.13,0.0,0.0,0.0
2021-07-12 21:00:56,0.0,8.27,0.0,0.0,0.0
2021-07-12 22:00:56,0.0,7.63,0.0,0.0,0.0
2021-07-12 23:00:56,0.0,7.37,0.0,0.0,0.0
2021-07-13 00:00:56,0.0,6.61,0.0,0.0,0.0
2021-07-13 01:00:56,0.0,6.94,0.0,0.0,0.0
2021-07-13 02:00:56,0.0,0.0,0.0,0.0,0.0
2021-07-13 03:00:56,0.0,6.81,0.0,0.0,0.0
2021-07-13 04:00:56,0.0,6.86,0.0,0.0,0.0
2021-07-13 05:00:56,0.0,6.71,0.0,0.0,0.0
2021-07-13 06:00:56,0.0,7.03,0.0,0.0,0.0
2021-07-13 07:00:56,0.0,7.01,0.0,0.0,0.0
2021-07-13 08:00:56,0.0,20.82,0.0,0.0,0.0
2021-07-13 09:00:56,0.0,60.31,0.0,0.0,0.0
2021-07-13 10:00:56,0.0,17.72,0.0,0.0,0.0
2021-07-13 11:00:56,0.0,32.74,0.0,0.0,0.0
2021-07-13 12:00:56,0.0,38.35,0.0,0.0,0.0
2021-07-13 13:00:56,0.0,54.49,0.0,0.0,0.0
2021-07-13 14:00:56,0.0,40.5,0.0,0.0,0.0
2021-07-13 15:00:56,0.0,66.68,0.0,0.0,0.0
2021-07-13 16:00:56,0.0,59.41,0.0,0.0,0.0
2021-07-13 17:00:56,0.0,61.6,0.0,0.0,0.0
2021-07-13 18:00:56,0.0,25.31,0.0,0.0,0.0
2021-07-13 19:00:56,0.0,18.31,0.0,0.0,0.0
2021-07-13 20:00:56,0.0,30.07,0.0,0.0,0.0
2021-07-13 21:00:56,0.0,17.67,0.0,0.0,0.0
2021-07-13 22:00:56,0.0,11.22,0.0,0.0,0.0
2021-07-13 23:00:56,0.0,8.96,0.0,0.0,0.0
2021-07-14 00:00:56,0.0,8.71,0.0,0.0,0.0
2021-07-14 01:00:56,0.0,10.4,0.0,0.0,0.0
2021-07-14 02:00:56,0.0,0.0,0.0,0.0,0.0
2021-07-14 03:00:56,0.0,8.82,0.0,0.0,0.0
2021-07-14 04:00:56,0.0,9.35,0.0,0.0,0.0
2021-07-14 05:00:56,0.0,8.83,0.0,0.0,0.0
2021-07-14 06:00:56,0.0,8.64,0.0,0.0,0.0
2021-07-14 07:00:56,0.0,8.3,0.0,0.0,0.0
2021-07-14 08:00:56,0.0,6.83,0.0,0.0,0.0
2021-07-14 09:00:56,0.0,6.64,0.0,0.0,0.0
2021-07-14 10:00:56,0.0,7.45,0.0,0.0,0.0
2021-07-14 11:00:56,0.0,7.24,0.0,0.0,0.0
2021-07-14 12:00:56,0.0,7.88,0.0,0.0,0.0
2021-07-14 13:00:56,0.0,7.33,0.0,0.0,0.0
2021-07-14 14:00:56,0.0,7.56,0.0,0.0,0.0
2021-07-14 15:00:56,0.0,6.46,0.0,0.0,0.0
2021-07-14 16:00:56,0.0,6.31,0.0,0.0,0.0
2021-07-14 17:00:56,0.0,10.21,0.0,0.0,0.0
2021-07-14 18:00:56,0.0,17.43,0.0,0.0,0.0
2021-07-14 19:00:56,0.0,10.91,0.0,0.0,0.0
2021-07-14 20:00:56,0.0,7.4,0.0,0.0,0.0
2021-07-14 21:00:56,0.0,6.65,0.0,0.0,0.0
2021-07-14 22:00:56,0.0,6.27,0.0,0.0,0.0
2021-07-14 23:00:56,0.0,6.15,0.0,0.0,0.0
2021-07-15 00:00:56,0.0,6.23,0.0,0.0,0.0
2021-07-15 01:00:56,0.0,6.37,0.0,0.0,0.0
2021-07-15 02:00:56,0.0,0.0,0.0,0.0,0.0
2021-07-15 03:00:56,0.0,6.69,0.0,0.0,0.0
2021-07-15 04:00:56,0.0,6.56,0.0,0.0,0.0
2021-07-15 05:00:56,0.0,6.15,0.0,0.0,0.0
2021-07-15 06:00:56,0.0,6.75,0.0,0.0,0.0
2021-07-15 07:00:56,0.0,6.63,0.0,0.0,0.0
2021-07-15 08:00:56,0.0,7.21,0.0,0.0,0.0
2021-07-15 09:00:56,0.0,8.36,0.0,0.0,0.0
2021-07-15 10:00:56,0.0,8.64,0.0,0.0,0.0
2021-07-15 11:00:56,0.0,7.35,0.0,0.0,0.0
2021-07-15 12:00:56,0.0,7.66,0.0,0.0,0.0
2021-07-15 13:00:56,0.0,6.7,0.0,0.0,0.0
2021-07-15 14:00:56,0.0,6.53,0.0,0.0,0.0
2021-07-15 15:00:56,0.0,6.7,0.0,0.0,0.0
2021-07-15 16:00:56,0.0,6.67,0.0,0.0,0.0
2021-07-15 17:00:56,0.0,6.66,0.0,0.0,0.0
2021-07-15 18:00:56,0.0,6.23,0.0,0.0,0.0
2021-07-15 19:00:56,0.0,6.68,0.0,0.0,0.0
2021-07-15 20:00:56,0.0,6.8,0.0,0.0,0.0
2021-07-15 21:00:56,0.0,6.59,0.0,0.0,0.0
2021-07-15 22:00:56,0.0,6.0,0.0,0.0,0.0
2021-07-15 23:00:56,0.0,5.9,0.0,0.0,0.0
2021-07-16 00:00:56,0.0,6.33,0.0,0.0,0.0
2021-07-16 01:00:56,0.0,6.25,0.0,0.0,0.0
2021-07-16 02:00:56,0.0,0.0,0.0,0.0,0.0
2021-07-16 03:00:56,0.0,9.78,0.0,0.0,0.0
2021-07-16 04:00:56,0.0,7.9,0.0,0.0,0.0
2021-07-16 05:00:56,0.0,7.05,0.0,0.0,0.0
2021-07-16 06:00:56,0.0,6.9,0.0,0.0,0.0
2021-07-16 07:00:56,0.0,7.62,0.0,0.0,0.0
2021-07-16 08:00:56,0.0,7.47,0.0,0.0,0.0
2021-07-16 09:00:56,0.0,7.25,0.0,0.0,0.0
2021-07-16 10:00:56,0.0,7.53,0.0,0.0,0.0
2021-07-16 11:00:56,0.0,7.43,0.0,0.0,0.0
2021-07-16 12:00:56,0.0,69.9,0.0,0.0,0.0
2021-07-16 13:00:56,0.0,16.48,0.0,0.0,0.0
2021-07-16 14:00:56,0.0,27.54,0.0,0.0,0.0
2021-07-16 15:00:56,0.0,28.55,0.0,0.0,0.0
2021-07-16 16:00:56,0.0,9.38,0.0,0.0,0.0
2021-07-16 17:00:56,0.0,8.65,0.0,0.0,0.0
2021-07-16 18:00:56,0.0,8.41,0.0,0.0,0.0
2021-07-16 19:00:56,0.0,7.72,0.0,0.0,0.0
2021-07-16 20:00:56,0.0,7.52,0.0,0.0,0.0
2021-07-16 21:00:56,0.0,7.05,0.0,0.0,0.0
2021-07-16 22:00:56,0.0,6.77,0.0,0.0,0.0
2021-07-16 23:00:56,0.0,6.94,0.0,0.0,0.0
2021-07-17 00:00:56,0.0,6.86,0.0,0.0,0.0
2021-07-17 01:00:56,0.0,7.15,0.0,0.0,0.0
2021-07-17 02:00:56,0.0,0.0,0.0,0.0,0.0
2021-07-17 03:00:56,0.0,7.59,0.0,0.0,0.0
2021-07-17 04:00:56,0.0,7.32,0.0,0.0,0.0
2021-07-17 05:00:56,0.0,7.31,0.0,0.0,0.0
2021-07-17 06:00:56,0.0,6.74,0.0,0.0,0.0
2021-07-17 07:00:56,0.0,6.89,0.0,0.0,0.0
2021-07-17 08:00:56,0.0,6.69,0.0,0.0,0.0
2021-07-17 09:00:56,0.0,7.24,0.0,0.0,0.0
2021-07-17 10:00:56,0.0,7.07,0.0,0.0,0.0
2021-07-17 11:00:56,0.0,7.31,0.0,0.0,0.0
2021-07-17 12:00:56,0.0,7.77,0.0,0.0,0.0
2021-07-17 13:00:56,0.0,6.85,0.0,0.0,0.0
2021-07-17 14:00:56,0.0,7.24,0.0,0.0,0.0
2021-07-17 15:00:56,0.0,7.31,0.0,0.0,0.0
2021-07-17 16:00:56,0.0,7.29,0.0,0.0,0.0
2021-07-17 17:00:56,0.0,7.6,0.0,0.0,0.0
2021-07-17 18:00:56,0.0,7.25,0.0,0.0,0.0
2021-07-17 19:00:56,0.0,7.26,0.0,0.0,0.0
2021-07-17 20:00:56,0.0,7.18,0.0,0.0,0.0
2021-07-17 21:00:56,0.0,7.12,0.0,0.0,0.0
2021-07-17 22:00:56,0.0,6.65,0.0,0.0,0.0
2021-07-17 23:00:56,0.0,5.98,0.0,0.0,0.0
2021-07-18 00:00:56,0.0,6.82,0.0,0.0,0.0
2021-07-18 01:00:56,0.0,7.35,0.0,0.0,0.0
2021-07-18 02:00:56,0.0,0.0,0.0,0.0,0.0
2021-07-18 03:00:56,0.0,6.88,0.0,0.0,0.0
2021-07-18 04:00:56,0.0,7.39,0.0,0.0,0.0
2021-07-18 05:00:56,0.0,7.5,0.0,0.0,0.0
2021-07-18 06:00:56,0.0,6.95,0.0,0.0,0.0
2021-07-18 07:00:56,0.0,6.57,0.0,0.0,0.0
2021-07-18 08:00:56,0.0,7.32,0.0,0.0,0.0
2021-07-18 09:00:56,0.0,6.44,0.0,0.0,0.0
2021-07-18 10:00:56,0.0,6.67,0.0,0.0,0.0
2021-07-18 11:00:56,0.0,7.06,0.0,0.0,0.0
2021-07-18 12:00:56,0.0,7.26,0.0,0.0,0.0
2021-07-18 13:00:56,0.0,6.7,0.0,0.0,0.0
2021-07-18 14:00:56,0.0,7.05,0.0,0.0,0.0
2021-07-18 15:00:56,0.0,7.09,0.0,0.0,0.0
2021-07-18 16:00:56,0.0,8.02,0.0,0.0,0.0
2021-07-18 17:00:56,0.0,7.66,0.0,0.0,0.0
2021-07-18 18:00:56,0.0,6.68,0.0,0.0,0.0
2021-07-18 19:00:56,0.0,7.22,0.0,0.0,0.0
2021-07-18 20:00:56,0.0,7.15,0.0,0.0,0.0
2021-07-18 21:00:56,0.0,6.77,0.0,0.0,0.0
2021-07-18 22:00:56,0.0,7.04,0.0,0.0,0.0
2021-07-18 23:00:56,0.0,13.02,0.0,0.0,0.0
2021-07-19 00:00:56,0.0,11.77,0.0,0.0,0.0
2021-07-19 01:00:56,0.0,11.9,0.0,0.0,0.0
2021-07-19 02:00:56,0.0,0.0,0.0,0.0,0.0
2021-07-19 03:00:56,0.0,13.51,0.0,0.0,0.0
2021-07-19 04:00:56,0.0,12.34,0.0,0.0,0.0
2021-07-19 05:00:56,0.0,11.76,0.0,0.0,0.0
2021-07-19 06:00:56,0.0,12.3,0.0,0.0,0.0
2021-07-19 07:00:56,0.0,12.0,0.0,0.0,0.0
2021-07-19 08:00:56,0.0,11.42,0.0,0.0,0.0
2021-07-19 09:00:56,0.0,11.25,0.0,0.0,0.0
2021-07-19 10:00:56,0.0,11.07,0.0,0.0,0.0
2021-07-19 11:00:56,0.0,11.58,0.0,0.0,0.0
2021-07-19 12:00:56,0.0,12.73,0.0,0.0,0.0
2021-07-19 13:00:56,0.0,12.32,0.0,0.0,0.0
2021-07-19 14:00:56,0.0,18.46,0.0,0.0,0.0
2021-07-19 15:00:56,0.0,42.26,0.0,0.0,0.0
2021-07-19 16:00:56,0.0,22.91,0.0,0.0,0.0
2021-07-19 17:00:56,0.0,15.12,0.0,0.0,0.0
2021-07-19 18:00:56,0.0,12.97,0.0,0.0,0.0
2021-07-19 19:00:56,0.0,13.83,0.0,0.0,0.0
2021-07-19 20:00:56,0.0,15.11,0.0,0.0,0.0
2021-07-19 21:00:56,0.0,12.95,0.0,0.0,0.0
2021-07-19 22:00:56,0.0,14.83,0.0,0.0,0.0
2021-07-19 23:00:56,0.0,15.86,0.0,0.0,0.0
2021-07-20 00:00:56,0.0,14.74,0.0,0.0,0.0
2021-07-20 01:00:56,0.0,12.03,0.0,0.0,0.0
2021-07-20 02:00:56,0.0,0.0,0.0,0.0,0.0
2021-07-20 03:00:56,0.0,13.96,0.0,0.0,0.0
2021-07-20 04:00:56,0.0,13.49,0.0,0.0,0.0
2021-07-20 05:00:56,0.0,12.44,0.0,0.0,0.0
2021-07-20 06:00:56,0.0,11.62,0.0,0.0,0.0
2021-07-20 07:00:56,0.0,12.24,0.0,0.0,0.0
2021-07-20 08:00:56,0.0,12.82,0.0,0.0,0.0
2021-07-20 09:00:56,0.0,11.73,0.0,0.0,0.0
2021-07-20 10:00:56,0.0,11.79,0.0,0.0,0.0
2021-07-20 11:00:56,0.0,13.13,0.0,0.0,0.0
2021-07-20 12:00:56,0.0,24.09,0.0,0.0,0.0
2021-07-20 13:00:56,0.0,13.03,0.0,0.0,0.0
2021-07-20 14:00:56,0.0,16.21,0.0,0.0,0.0
2021-07-20 15:00:56,0.0,14.34,0.0,0.0,0.0
2021-07-20 16:00:56,0.0,13.22,0.0,0.0,0.0
2021-07-20 17:00:56,0.0,12.22,0.0,0.0,0.0
2021-07-20 18:00:56,0.0,11.92,0.0,0.0,0.0
2021-07-20 19:00:56,0.0,12.04,0.0,0.0,0.0
2021-07-20 20:00:56,0.0,16.28,0.0,0.0,0.0
2021-07-20 21:00:56,0.0,19.75,0.0,0.0,0.0
2021-07-20 22:00:56,0.0,19.34,0.0,0.0,0.0
2021-07-20 23:00:56,0.0,18.52,0.0,0.0,0.0
2021-07-21 00:00:56,0.0,18.22,0.0,0.0,0.0
2021-07-21 01:00:56,0.0,18.72,0.0,0.0,0.0
2021-07-21 02:00:56,0.0,0.0,0.0,0.0,0.0
2021-07-21 03:00:56,0.0,18.83,0.0,0.0,0.0
2021-07-21 04:00:56,0.0,17.84,0.0,0.0,0.0
2021-07-21 05:00:56,0.0,16.87,0.0,0.0,0.0
2021-07-21 06:00:56,0.0,11.53,0.0,0.0,0.0
2021-07-21 07:00:56,0.0,17.75,0.0,0.0,0.0
2021-07-21 08:00:56,0.0,17.52,0.0,0.0,0.0
2021-07-21 09:00:56,0.0,17.23,0.0,0.0,0.0
2021-07-21 10:00:56,0.0,17.97,0.0,0.0,0.0
2021-07-21 11:00:56,0.0,18.1,0.0,0.0,0.0
2021-07-21 12:00:56,0.0,17.33,0.0,0.0,0.0
2021-07-21 13:00:56,0.0,17.62,0.0,0.0,0.0
2021-07-21 14:00:56,0.0,17.93,0.0,0.0,0.0
2021-07-21 15:00:56,0.0,17.08,0.0,0.0,0.0
2021-07-21 16:00:56,0.0,17.24,0.0,0.0,0.0
2021-07-21 17:00:56,0.0,17.63,0.0,0.0,0.0
2021-07-21 18:00:56,0.0,17.31,0.0,0.0,0.0
2021-07-21 19:00:56,0.0,17.33,0.0,0.0,0.0
2021-07-21 20:00:56,0.0,17.17,0.0,0.0,0.0
2021-07-21 21:00:56,0.0,16.58,0.0,0.0,0.0
2021-07-21 22:00:56,0.0,16.35,0.0,0.0,0.0
2021-07-21 23:00:56,0.0,16.38,0.0,0.0,0.0
2021-07-22 00:00:56,0.0,16.71,0.0,0.0,0.0
2021-07-22 01:00:56,0.0,16.65,0.0,0.0,0.0
2021-07-22 02:00:56,0.0,0.0,0.0,0.0,0.0
2021-07-22 03:00:56,0.0,16.75,0.0,0.0,0.0
2021-07-22 04:00:56,0.0,17.06,0.0,0.0,0.0
2021-07-22 05:00:56,0.0,16.86,0.0,0.0,0.0
2021-07-22 06:00:56,0.0,16.33,0.0,0.0,0.0
2021-07-22 07:00:56,0.0,15.61,0.0,0.0,0.0
2021-07-22 08:00:56,0.0,16.25,0.0,0.0,0.0
2021-07-22 09:00:56,0.0,16.94,0.0,0.0,0.0
2021-07-22 10:00:56,0.0,16.91,0.0,0.0,0.0
2021-07-22 11:00:56,0.0,16.19,0.0,0.0,0.0
2021-07-22 12:00:56,0.0,15.73,0.0,0.0,0.0
2021-07-22 13:00:56,0.0,16.95,0.0,0.0,0.0
2021-07-22 14:00:56,0.0,16.37,0.0,0.0,0.0
2021-07-22 15:00:56,0.0,16.43,0.0,0.0,0.0
2021-07-22 16:00:56,0.0,16.97,0.0,0.0,0.0
2021-07-22 17:00:56,0.0,16.67,0.0,0.0,0.0
2021-07-22 18:00:56,0.0,16.48,0.0,0.0,0.0
2021-07-22 19:00:56,0.0,16.74,0.0,0.0,0.0
2021-07-22 20:00:56,0.0,16.71,0.0,0.0,0.0
2021-07-22 21:00:56,0.0,16.44,0.0,0.0,0.0
2021-07-22 22:00:56,0.0,16.34,0.0,0.0,0.0
2021-07-22 23:00:56,0.0,16.7,0.0,0.0,0.0
2021-07-23 00:00:56,0.0,16.16,0.0,0.0,0.0
2021-07-23 01:00:56,0.0,16.21,0.0,0.0,0.0
2021-07-23 02:00:56,0.0,0.0,0.0,0.0,0.0
2021-07-23 03:00:56,0.0,17.15,0.0,0.0,0.0
2021-07-23 04:00:56,0.0,16.44,0.0,0.0,0.0
2021-07-23 05:00:56,0.0,16.83,0.0,0.0,0.0
2021-07-23 06:00:56,0.0,16.82,0.0,0.0,0.0
2021-07-23 07:00:56,0.0,16.71,0.0,0.0,0.0
2021-07-23 08:00:56,0.0,16.33,0.0,0.0,0.0
2021-07-23 09:00:56,0.0,16.4,0.0,0.0,0.0
2021-07-23 10:00:56,0.0,16.42,0.0,0.0,0.0
2021-07-23 11:00:56,0.0,16.54,0.0,0.0,0.0
2021-07-23 12:00:56,0.0,16.04,0.0,0.0,0.0
2021-07-23 13:00:56,0.0,17.22,0.0,0.0,0.0
2021-07-23 14:00:56,0.0,16.53,0.0,0.0,0.0
2021-07-23 15:00:56,0.0,16.62,0.0,0.0,0.0
2021-07-23 16:00:56,0.0,17.03,0.0,0.0,0.0
2021-07-23 17:00:56,0.0,17.49,0.0,0.0,0.0
2021-07-23 18:00:56,0.0,16.71,0.0,0.0,0.0
2021-07-23 19:00:56,0.0,16.72,0.0,0.0,0.0
2021-07-23 20:00:56,0.0,16.63,0.0,0.0,0.0
2021-07-23 21:00:56,0.0,16.88,0.0,0.0,0.0
2021-07-23 22:00:56,0.0,16.58,0.0,0.0,0.0
2021-07-23 23:00:56,0.0,16.6,0.0,0.0,0.0
2021-07-24 00:00:56,0.0,16.5,0.0,0.0,0.0
2021-07-24 01:00:56,0.0,16.54,0.0,0.0,0.0
2021-07-24 02:00:56,0.0,0.0,0.0,0.0,0.0
2021-07-24 03:00:56,0.0,15.94,0.0,0.0,0.0
2021-07-24 04:00:56,0.0,15.96,0.0,0.0,0.0
2021-07-24 05:00:56,0.0,16.45,0.0,0.0,0.0
2021-07-24 06:00:56,0.0,16.09,0.0,0.0,0.0
2021-07-24 07:00:56,0.0,16.56,0.0,0.0,0.0
2021-07-24 08:00:56,0.0,16.72,0.0,0.0,0.0
2021-07-24 09:00:56,0.0,17.26,0.0,0.0,0.0
2021-07-24 10:00:56,0.0,17.73,0.0,0.0,0.0
2021-07-24 11:00:56,0.0,17.87,0.0,0.0,0.0
2021-07-24 12:00:56,0.0,17.29,0.0,0.0,0.0
2021-07-24 13:00:56,0.0,17.29,0.0,0.0,0.0
2021-07-24 14:00:56,0.0,17.63,0.0,0.0,0.0
2021-07-24 15:00:56,0.0,17.06,0.0,0.0,0.0
2021-07-24 16:00:56,0.0,15.73,0.0,0.0,0.0
2021-07-24 17:00:56,0.0,15.89,0.0,0.0,0.0
2021-07-24 18:00:56,0.0,16.48,0.0,0.0,0.0
2021-07-24 19:00:56,0.0,16.3,0.0,0.0,0.0
2021-07-24 20:00:56,0.0,16.51,0.0,0.0,0.0
2021-07-24 21:00:56,0.0,16.98,0.0,0.0,0.0
2021-07-24 22:00:56,0.0,16.63,0.0,0.0,0.0
2021-07-24 23:00:56,0.0,16.89,0.0,0.0,0.0
2021-07-25 00:00:56,0.0,16.58,0.0,0.0,0.0
2021-07-25 01:00:56,0.0,16.65,0.0,0.0,0.0
2021-07-25 02:00:56,0.0,0.0,0.0,0.0,0.0
2021-07-25 03:00:56,0.0,16.73,0.0,0.0,0.0
2021-07-25 04:00:56,0.0,16.43,0.0,0.0,0.0
2021-07-25 05:00:56,0.0,16.33,0.0,0.0,0.0
2021-07-25 06:00:56,0.0,15.97,0.0,0.0,0.0
2021-07-25 07:00:56,0.0,16.13,0.0,0.0,0.0
2021-07-25 08:00:56,0.0,16.93,0.0,0.0,0.0
2021-07-25 09:00:56,0.0,16.93,0.0,0.0,0.0
2021-07-25 10:00:56,0.0,17.31,0.0,0.0,0.0
2021-07-25 11:00:56,0.0,17.27,0.0,0.0,0.0
2021-07-25 12:00:56,0.0,17.05,0.0,0.0,0.0
2021-07-25 13:00:56,0.0,16.94,0.0,0.0,0.0
2021-07-25 14:00:56,0.0,16.37,0.0,0.0,0.0
2021-07-25 15:00:56,0.0,18.02,0.0,0.0,0.0
2021-07-25 16:00:56,0.0,16.48,0.0,0.0,0.0
2021-07-25 17:00:56,0.0,16.66,0.0,0.0,0.0
2021-07-25 18:00:56,0.0,16.31,0.0,0.0,0.0
2021-07-25 19:00:56,0.0,16.88,0.0,0.0,0.0
2021-07-25 20:00:56,0.0,16.2,0.0,0.0,0.0
2021-07-25 21:00:56,0.0,16.23,0.0,0.0,0.0
2021-07-25 22:00:56,0.0,15.85,0.0,0.0,0.0
2021-07-25 23:00:56,0.0,15.92,0.0,0.0,0.0
2021-07-26 00:00:56,0.0,15.97,0.0,0.0,0.0
2021-07-26 01:00:56,0.0,16.1,0.0,0.0,0.0
2021-07-26 02:00:56,0.0,0.0,0.0,0.0,0.0
2021-07-26 03:00:56,0.0,0.0,0.0,0.0,0.0
2021-07-26 04:00:56,0.0,0.0,0.0,0.0,0.0
2021-07-26 05:00:56,0.0,0.0,0.0,0.0,0.0
2021-07-26 06:00:56,0.0,0.0,0.0,0.0,0.0
2021-07-26 07:00:56,0.0,0.0,0.0,0.0,0.0
2021-07-26 08:00:56,0.0,0.0,0.0,0.0,0.0
2021-07-26 09:00:56,0.0,0.0,0.0,0.0,0.0
2021-07-26 10:00:56,0.0,0.0,0.0,0.0,0.0
2021-07-26 11:00:56,0.0,0.0,0.0,0.0,0.0
2021-07-26 12:00:56,0.0,0.0,0.0,0.0,0.0
2021-07-26 13:00:56,0.0,0.0,0.0,0.0,0.0
2021-07-26 14:00:56,0.0,0.0,0.0,0.0,0.0
2021-07-26 15:00:56,0.0,0.0,0.0,0.0,0.0
2021-07-26 16:00:56,0.0,0.0,0.0,0.0,0.0
2021-07-26 17:00:56,0.0,0.0,0.0,0.0,0.0
2021-07-26 18:00:56,0.0,0.0,0.0,0.0,0.0
2021-07-26 19:00:56,0.0,0.0,0.0,0.0,0.0
2021-07-26 20:00:56,0.0,0.0,0.0,0.0,0.0
2021-07-26 21:00:56,0.0,0.0,0.0,0.0,0.0
2021-07-26 22:00:56,0.0,0.0,0.0,0.0,0.0
2021-07-26 23:00:56,0.0,0.0,0.0,0.0,0.0
2021-07-27 00:00:56,0.0,0.0,0.0,0.0,0.0
2021-07-27 01:00:56,0.0,16.44,0.0,0.0,0.0
2021-07-27 02:00:56,0.0,0.0,0.0,0.0,0.0
2021-07-27 03:00:56,0.0,17.35,0.0,0.0,0.0
2021-07-27 04:00:56,0.0,16.78,0.0,0.0,0.0
2021-07-27 05:00:56,0.0,16.62,0.0,0.0,0.0
2021-07-27 06:00:56,0.0,16.26,0.0,0.0,0.0
2021-07-27 07:00:56,0.0,16.7,0.0,0.0,0.0
2021-07-27 08:00:56,0.0,16.91,0.0,0.0,0.0
2021-07-27 09:00:56,0.0,18.28,0.0,0.0,0.0
2021-07-27 10:00:56,0.0,17.45,0.0,0.0,0.0
2021-07-27 11:00:56,0.0,16.86,0.0,0.0,0.0
2021-07-27 12:00:56,0.0,0.0,0.0,0.0,0.0
2021-07-27 13:00:56,0.0,18.98,0.0,0.0,0.0
2021-07-27 14:00:56,0.0,16.34,0.0,0.0,0.0
2021-07-27 15:00:56,0.0,17.05,0.0,0.0,0.0
2021-07-27 16:00:56,0.0,16.75,0.0,0.0,0.0
2021-07-27 17:00:56,0.0,16.73,0.0,0.0,0.0
2021-07-27 18:00:56,0.0,16.71,0.0,0.0,0.0
2021-07-27 19:00:56,0.0,16.63,0.0,0.0,0.0
2021-07-27 20:00:56,0.0,15.9,0.0,0.0,0.0
2021-07-27 21:00:56,0.0,15.47,0.0,0.0,0.0
2021-07-27 22:00:56,0.0,15.11,0.0,0.0,0.0
2021-07-27 23:00:56,0.0,16.44,0.0,0.0,0.0
2021-07-28 00:00:56,0.0,15.96,0.0,0.0,0.0
2021-07-28 01:00:56,0.0,15.85,0.0,0.0,0.0
2021-07-28 02:00:56,0.0,0.0,0.0,0.0,0.0
2021-07-28 03:00:56,0.0,16.48,0.0,0.0,0.0
2021-07-28 04:00:56,0.0,15.95,0.0,0.0,0.0
2021-07-28 05:00:56,0.0,15.54,0.0,0.0,0.0
2021-07-28 06:00:56,0.0,15.95,0.0,0.0,0.0
2021-07-28 07:00:56,0.0,15.05,0.0,0.0,0.0
2021-07-28 08:00:56,0.0,15.38,0.0,0.0,0.0
2021-07-28 09:00:56,0.0,15.78,0.0,0.0,0.0
2021-07-28 10:00:56,0.0,15.92,0.0,0.0,0.0
2021-07-28 11:00:56,0.0,15.63,0.0,0.0,0.0
2021-07-28 12:00:56,0.0,16.0,0.0,0.0,0.0
2021-07-28 13:00:56,0.0,16.05,0.0,0.0,0.0
2021-07-28 14:00:56,0.0,16.21,0.0,0.0,0.0
2021-07-28 15:00:56,0.0,16.71,0.0,0.0,0.0
2021-07-28 16:00:56,0.0,16.26,0.0,0.0,0.0
2021-07-28 17:00:56,0.0,16.77,0.0,0.0,0.0
2021-07-28 18:00:56,0.0,18.36,0.0,0.0,0.0
2021-07-28 19:00:56,0.0,17.17,0.0,0.0,0.0
2021-07-28 20:00:56,0.0,16.96,0.0,0.0,0.0
2021-07-28 21:00:56,0.0,16.22,0.0,0.0,0.0
2021-07-28 22:00:56,0.0,16.19,0.0,0.0,0.0
2021-07-28 23:00:56,0.0,16.09,0.0,0.0,0.0
2021-07-29 00:00:56,0.0,15.99,0.0,0.0,0.0
2021-07-29 01:00:56,0.0,16.02,0.0,0.0,0.0
2021-07-29 02:00:56,0.0,0.0,0.0,0.0,0.0
2021-07-29 03:00:56,0.0,15.4,0.0,0.0,0.0
2021-07-29 04:00:56,0.0,16.57,0.0,0.0,0.0
2021-07-29 05:00:56,0.0,15.83,0.0,0.0,0.0
2021-07-29 06:00:56,0.0,14.17,0.0,0.0,0.0
2021-07-29 07:00:56,0.0,16.79,0.0,0.0,0.0
2021-07-29 08:00:56,0.0,15.51,0.0,0.0,0.0
2021-07-29 09:00:56,0.0,16.19,0.0,0.0,0.0
2021-07-29 10:00:56,0.0,17.33,0.0,0.0,0.0
2021-07-29 11:00:56,0.0,17.45,0.0,0.0,0.0
2021-07-29 12:00:56,0.0,17.07,0.0,0.0,0.0
2021-07-29 13:00:56,0.0,18.23,0.0,0.0,0.0
2021-07-29 14:00:56,0.0,16.96,0.0,0.0,0.0
2021-07-29 15:00:56,0.0,16.45,0.0,0.0,0.0
2021-07-29 16:00:56,0.0,16.58,0.0,0.0,0.0
2021-07-29 17:00:56,0.0,16.06,0.0,0.0,0.0
2021-07-29 18:00:56,0.0,16.57,0.0,0.0,0.0
2021-07-29 19:00:56,0.0,16.53,0.0,0.0,0.0
2021-07-29 20:00:56,0.0,16.49,0.0,0.0,0.0
2021-07-29 21:00:56,0.0,16.2,0.0,0.0,0.0
2021-07-29 22:00:56,0.0,15.95,0.0,0.0,0.0
2021-07-29 23:00:56,0.0,15.95,0.0,0.0,0.0
2021-07-30 00:00:56,0.0,16.09,0.0,0.0,0.0
2021-07-30 01:00:56,0.0,15.79,0.0,0.0,0.0
2021-07-30 02:00:56,0.0,0.0,0.0,0.0,0.0
2021-07-30 03:00:56,0.0,16.62,0.0,0.0,0.0
2021-07-30 04:00:56,0.0,16.08,0.0,0.0,0.0
2021-07-30 05:00:56,0.0,16.26,0.0,0.0,0.0
2021-07-30 06:00:56,0.0,15.98,0.0,0.0,0.0
2021-07-30 07:00:56,0.0,14.72,0.0,0.0,0.0
2021-07-30 08:00:56,0.0,16.24,0.0,0.0,0.0
2021-07-30 09:00:56,0.0,16.89,0.0,0.0,0.0
2021-07-30 10:00:56,0.0,16.23,0.0,0.0,0.0
2021-07-30 11:00:56,0.0,16.47,0.0,0.0,0.0
2021-07-30 12:00:56,0.0,17.6,0.0,0.0,0.0
2021-07-30 13:00:56,0.0,19.06,0.0,0.0,0.0
2021-07-30 14:00:56,0.0,27.92,0.0,0.0,0.0
2021-07-30 15:00:56,0.0,41.34,0.0,0.0,0.0
2021-07-30 16:00:56,0.0,54.58,0.0,0.0,0.0
2021-07-30 17:00:56,0.0,56.9,0.0,0.0,0.0
2021-07-30 18:00:56,0.0,22.02,0.0,0.0,0.0
2021-07-30 19:00:56,0.0,18.45,0.0,0.0,0.0
2021-07-30 20:00:56,0.0,17.56,0.0,0.0,0.0
2021-07-30 21:00:56,0.0,17.14,0.0,0.0,0.0
2021-07-30 22:00:56,0.0,17.09,0.0,0.0,0.0
2021-07-30 23:00:56,0.0,16.82,0.0,0.0,0.0
2021-07-31 00:00:56,0.0,16.66,0.0,0.0,0.0
2021-07-31 01:00:56,0.0,16.42,0.0,0.0,0.0
2021-07-31 02:00:56,0.0,0.0,0.0,0.0,0.0
2021-07-31 03:00:56,0.0,16.88,0.0,0.0,0.0
2021-07-31 04:00:56,0.0,16.65,0.0,0.0,0.0
2021-07-31 05:00:56,0.0,16.73,0.0,0.0,0.0
2021-07-31 06:00:56,0.0,16.54,0.0,0.0,0.0
2021-07-31 07:00:56,0.0,16.94,0.0,0.0,0.0
2021-07-31 08:00:56,0.0,17.32,0.0,0.0,0.0
2021-07-31 09:00:56,0.0,30.84,0.0,0.0,0.0
2021-07-31 10:00:56,0.0,126.3,0.0,0.0,0.0
2021-07-31 11:00:56,0.0,24.57,0.0,0.0,0.0
2021-07-31 12:00:56,0.0,23.66,0.0,0.0,0.0
2021-07-31 13:00:56,0.0,32.05,0.0,0.0,0.0
2021-07-31 14:00:56,0.0,25.07,0.0,0.0,0.0
2021-07-31 15:00:56,0.0,23.0,0.0,0.0,0.0
2021-07-31 16:00:56,0.0,29.56,0.0,0.0,0.0
2021-07-31 17:00:56,0.0,24.0,0.0,0.0,0.0
2021-07-31 18:00:56,0.0,22.38,0.0,0.0,0.0
2021-07-31 19:00:56,0.0,19.79,0.0,0.0,0.0
2021-07-31 20:00:56,0.0,18.52,0.0,0.0,0.0
2021-07-31 21:00:56,0.0,17.24,0.0,0.0,0.0
2021-07-31 22:00:56,0.0,17.28,0.0,0.0,0.0
2021-07-31 23:00:56,0.0,17.0,0.0,0.0,0.0
2021-08-01 00:00:56,0.0,16.47,0.0,0.0,0.0
2021-08-01 01:00:56,0.0,16.88,0.0,0.0,0.0
2021-08-01 02:00:56,0.0,20.11,0.0,0.0,0.0
2021-08-01 03:00:56,0.0,17.33,0.0,0.0,0.0
2021-08-01 04:00:56,0.0,17.02,0.0,0.0,0.0
2021-08-01 05:00:56,0.0,18.28,0.0,0.0,0.0
2021-08-01 06:00:56,0.0,21.04,0.0,0.0,0.0
2021-08-01 07:00:56,0.0,23.66,0.0,0.0,0.0
2021-08-01 08:00:56,0.0,30.3,0.0,0.0,0.0
2021-08-01 09:00:56,0.0,19.07,0.0,0.0,0.0
2021-08-01 10:00:56,0.0,96.48,0.0,0.0,0.0
2021-08-01 11:00:56,0.0,27.85,0.0,0.0,0.0
2021-08-01 12:00:56,0.0,19.81,0.0,0.0,0.0
2021-08-01 13:00:56,0.0,80.05,0.0,0.0,0.0
2021-08-01 14:00:56,0.0,133.15,0.0,0.0,0.0
2021-08-01 15:00:56,0.0,178.84,0.0,0.0,0.0
2021-08-01 16:00:56,0.0,176.16,0.0,0.0,0.0
2021-08-01 17:00:56,0.0,60.39,0.0,0.0,0.0
2021-08-01 18:00:56,0.0,31.62,0.0,0.0,0.0
2021-08-01 19:00:56,0.0,20.67,0.0,0.0,0.0
2021-08-01 20:00:56,0.0,18.56,0.0,0.0,0.0
2021-08-01 21:00:56,0.0,17.82,0.0,0.0,0.0
2021-08-01 22:00:56,0.0,17.33,0.0,0.0,0.0
2021-08-01 23:00:56,0.0,17.06,0.0,0.0,0.0
2021-08-02 00:00:56,0.0,17.07,0.0,0.0,0.0
2021-08-02 01:00:56,0.0,16.47,0.0,0.0,0.0
2021-08-02 02:00:56,0.0,0.0,0.0,0.0,0.0
2021-08-02 03:00:56,0.0,17.31,0.0,0.0,0.0
2021-08-02 04:00:56,0.0,16.71,0.0,0.0,0.0
2021-08-02 05:00:56,0.0,16.91,0.0,0.0,0.0
2021-08-02 06:00:56,0.0,16.64,0.0,0.0,0.0
2021-08-02 07:00:56,0.0,16.75,0.0,0.0,0.0
2021-08-02 08:00:56,0.0,16.67,0.0,0.0,0.0
2021-08-02 09:00:56,0.0,16.42,0.0,0.0,0.0
2021-08-02 10:00:56,0.0,16.4,0.0,0.0,0.0
2021-08-02 11:00:56,0.0,16.26,0.0,0.0,0.0
2021-08-02 12:00:56,0.0,16.18,0.0,0.0,0.0
2021-08-02 13:00:56,0.0,0.0,0.0,0.0,0.0
2021-08-02 14:00:56,0.0,16.42,0.0,0.0,0.0
2021-08-02 15:00:56,0.0,15.73,0.0,0.0,0.0
2021-08-02 16:00:56,0.0,16.03,0.0,0.0,0.0
2021-08-02 17:00:56,0.0,16.24,0.0,0.0,0.0
2021-08-02 18:00:56,0.0,16.81,0.0,0.0,0.0
2021-08-02 19:00:56,0.0,16.82,0.0,0.0,0.0
2021-08-02 20:00:56,0.0,16.54,0.0,0.0,0.0
2021-08-02 21:00:56,0.0,16.39,0.0,0.0,0.0
2021-08-02 22:00:56,0.0,15.61,0.0,0.0,0.0
2021-08-02 23:00:56,0.0,13.63,0.0,0.0,0.0
2021-08-03 00:00:56,0.0,15.04,0.0,0.0,0.0
2021-08-03 01:00:56,0.0,16.67,0.0,0.0,0.0
2021-08-03 02:00:56,0.0,0.0,0.0,0.0,0.0
2021-08-03 03:00:56,0.0,16.79,0.0,0.0,0.0
2021-08-03 04:00:56,0.0,15.86,0.0,0.0,0.0
2021-08-03 05:00:56,0.0,17.25,0.0,0.0,0.0
2021-08-03 06:00:56,0.0,17.32,0.0,0.0,0.0
2021-08-03 07:00:56,0.0,18.26,0.0,0.0,0.0
2021-08-03 08:00:56,0.0,18.56,0.0,0.0,0.0
2021-08-03 09:00:56,0.0,64.26,0.0,0.0,0.0
2021-08-03 10:00:56,0.0,115.16,0.0,0.0,0.0
2021-08-03 11:00:56,0.0,136.89,0.0,0.0,0.0
2021-08-03 12:00:56,0.0,138.9,0.0,0.0,0.0
2021-08-03 13:00:56,0.0,21.55,0.0,0.0,0.0
2021-08-03 14:00:56,0.0,299.98,0.0,0.0,0.0
2021-08-03 15:00:56,0.0,66.45,0.0,0.0,0.0
2021-08-03 16:00:56,0.0,404.55,0.0,0.0,0.0
2021-08-03 17:00:56,0.0,399.92,0.0,0.0,0.0
2021-08-03 18:00:56,0.0,512.84,0.0,0.0,0.0
2021-08-03 19:00:56,0.0,136.31,0.0,0.0,0.0
2021-08-03 20:00:56,0.0,25.13,0.0,0.0,0.0
2021-08-03 21:00:56,0.0,20.95,0.0,0.0,0.0
2021-08-03 22:00:56,0.0,18.47,0.0,0.0,0.0
2021-08-03 23:00:56,0.0,17.63,0.0,0.0,0.0
2021-08-04 00:00:56,0.0,17.01,0.0,0.0,0.0
2021-08-04 01:00:56,0.0,16.96,0.0,0.0,0.0
2021-08-04 02:00:56,0.0,0.0,0.0,0.0,0.0
2021-08-04 03:00:56,0.0,17.49,0.0,0.0,0.0
2021-08-04 04:00:56,0.0,17.25,0.0,0.0,0.0
2021-08-04 05:00:56,0.0,16.94,0.0,0.0,0.0
2021-08-04 06:00:56,0.0,17.08,0.0,0.0,0.0
2021-08-04 07:00:56,0.0,16.74,0.0,0.0,0.0
2021-08-04 08:00:56,0.0,16.53,0.0,0.0,0.0
2021-08-04 09:00:56,0.0,16.43,0.0,0.0,0.0
2021-08-04 10:00:56,0.0,16.61,0.0,0.0,0.0
2021-08-04 11:00:56,0.0,16.72,0.0,0.0,0.0
2021-08-04 12:00:56,0.0,17.52,0.0,0.0,0.0
2021-08-04 13:00:56,0.0,16.04,0.0,0.0,0.0
2021-08-04 14:00:56,0.0,15.96,0.0,0.0,0.0
2021-08-04 15:00:56,0.0,15.92,0.0,0.0,0.0
2021-08-04 16:00:56,0.0,16.3,0.0,0.0,0.0
2021-08-04 17:00:56,0.0,16.19,0.0,0.0,0.0
2021-08-04 18:00:56,0.0,115.07,0.0,0.0,0.0
2021-08-04 19:00:56,0.0,40.43,0.0,0.0,0.0
2021-08-04 20:00:56,0.0,19.83,0.0,0.0,0.0
2021-08-04 21:00:56,0.0,17.36,0.0,0.0,0.0
2021-08-04 22:00:56,0.0,16.76,0.0,0.0,0.0
2021-08-04 23:00:56,0.0,16.53,0.0,0.0,0.0
2021-08-05 00:00:56,0.0,16.82,0.0,0.0,0.0
2021-08-05 01:00:56,0.0,16.8,0.0,0.0,0.0
2021-08-05 02:00:56,0.0,19.62,0.0,0.0,0.0
2021-08-05 03:00:56,0.0,16.89,0.0,0.0,0.0
2021-08-05 04:00:56,0.0,16.88,0.0,0.0,0.0
2021-08-05 05:00:56,0.0,16.85,0.0,0.0,0.0
2021-08-05 06:00:56,0.0,16.69,0.0,0.0,0.0
2021-08-05 07:00:56,0.0,16.51,0.0,0.0,0.0
2021-08-05 08:00:56,0.0,16.04,0.0,0.0,0.0
2021-08-05 09:00:56,0.0,15.97,0.0,0.0,0.0
2021-08-05 10:00:56,0.0,16.25,0.0,0.0,0.0
2021-08-05 11:00:56,0.0,16.32,0.0,0.0,0.0
2021-08-05 12:00:56,0.0,43.03,0.0,0.0,0.0
2021-08-05 13:00:56,0.0,214.91,0.0,0.0,0.0
2021-08-05 14:00:56,0.0,389.9,0.0,0.0,0.0
2021-08-05 15:00:56,0.0,68.09,0.0,0.0,0.0
2021-08-05 16:00:56,0.0,49.95,0.0,0.0,0.0
2021-08-05 17:00:56,0.0,196.23,0.0,0.0,0.0
2021-08-05 18:00:56,0.0,108.63,0.0,0.0,0.0
2021-08-05 19:00:56,0.0,30.92,0.0,0.0,0.0
2021-08-05 20:00:56,0.0,44.07,0.0,0.0,0.0
2021-08-05 21:00:56,0.0,19.75,0.0,0.0,0.0
2021-08-05 22:00:56,0.0,17.82,0.0,0.0,0.0
2021-08-05 23:00:56,0.0,16.93,0.0,0.0,0.0
2021-08-06 00:00:56,0.0,17.28,0.0,0.0,0.0
2021-08-06 01:00:56,0.0,17.83,0.0,0.0,0.0
2021-08-06 02:00:56,0.0,0.0,0.0,0.0,0.0
2021-08-06 03:00:56,0.0,18.03,0.0,0.0,0.0
2021-08-06 04:00:56,0.0,17.73,0.0,0.0,0.0
2021-08-06 05:00:56,0.0,17.35,0.0,0.0,0.0
2021-08-06 06:00:56,0.0,17.49,0.0,0.0,0.0
2021-08-06 07:00:56,0.0,17.09,0.0,0.0,0.0
2021-08-06 08:00:56,0.0,16.89,0.0,0.0,0.0
2021-08-06 09:00:56,0.0,16.26,0.0,0.0,0.0
2021-08-06 10:00:56,0.0,17.19,0.0,0.0,0.0
2021-08-06 11:00:56,0.0,17.16,0.0,0.0,0.0
2021-08-06 12:00:56,0.0,17.46,0.0,0.0,0.0
2021-08-06 13:00:56,0.0,16.88,0.0,0.0,0.0
2021-08-06 14:00:56,0.0,16.76,0.0,0.0,0.0
2021-08-06 15:00:56,0.0,16.35,0.0,0.0,0.0
2021-08-06 16:00:56,0.0,17.22,0.0,0.0,0.0
2021-08-06 17:00:56,0.0,17.26,0.0,0.0,0.0
2021-08-06 18:00:56,0.0,16.77,0.0,0.0,0.0
2021-08-06 19:00:56,0.0,17.23,0.0,0.0,0.0
2021-08-06 20:00:56,0.0,17.2,0.0,0.0,0.0
2021-08-06 21:00:56,0.0,17.61,0.0,0.0,0.0
2021-08-06 22:00:56,0.0,17.38,0.0,0.0,0.0
2021-08-06 23:00:56,0.0,17.26,0.0,0.0,0.0
2021-08-07 00:00:56,0.0,17.71,0.0,0.0,0.0
2021-08-07 01:00:56,0.0,17.57,0.0,0.0,0.0
2021-08-07 02:00:56,0.0,0.0,0.0,0.0,0.0
2021-08-07 03:00:56,0.0,18.48,0.0,0.0,0.0
2021-08-07 04:00:56,0.0,17.55,0.0,0.0,0.0
2021-08-07 05:00:56,0.0,17.62,0.0,0.0,0.0
2021-08-07 06:00:56,0.0,17.59,0.0,0.0,0.0
2021-08-07 07:00:56,0.0,18.03,0.0,0.0,0.0
2021-08-07 08:00:56,0.0,17.78,0.0,0.0,0.0
2021-08-07 09:00:56,0.0,19.08,0.0,0.0,0.0
2021-08-07 10:00:56,0.0,19.11,0.0,0.0,0.0
2021-08-07 11:00:56,0.0,18.61,0.0,0.0,0.0
2021-08-07 12:00:56,0.0,18.17,0.0,0.0,0.0
2021-08-07 13:00:56,0.0,18.27,0.0,0.0,0.0
2021-08-07 14:00:56,0.0,19.17,0.0,0.0,0.0
2021-08-07 15:00:56,0.0,19.63,0.0,0.0,0.0
2021-08-07 16:00:56,0.0,19.16,0.0,0.0,0.0
2021-08-07 17:00:56,0.0,19.26,0.0,0.0,0.0
2021-08-07 18:00:56,0.0,18.55,0.0,0.0,0.0
2021-08-07 19:00:56,0.0,17.74,0.0,0.0,0.0
2021-08-07 20:00:56,0.0,17.76,0.0,0.0,0.0
2021-08-07 21:00:56,0.0,18.38,0.0,0.0,0.0
2021-08-07 22:00:56,0.0,17.31,0.0,0.0,0.0
2021-08-07 23:00:56,0.0,17.6,0.0,0.0,0.0
2021-08-08 00:00:56,0.0,17.86,0.0,0.0,0.0
2021-08-08 01:00:56,0.0,17.64,0.0,0.0,0.0
2021-08-08 02:00:56,0.0,0.0,0.0,0.0,0.0
2021-08-08 03:00:56,0.0,17.76,0.0,0.0,0.0
2021-08-08 04:00:56,0.0,17.4,0.0,0.0,0.0
2021-08-08 05:00:56,0.0,16.25,0.0,0.0,0.0
2021-08-08 06:00:56,0.0,16.93,0.0,0.0,0.0
2021-08-08 07:00:56,0.0,17.11,0.0,0.0,0.0
2021-08-08 08:00:56,0.0,16.84,0.0,0.0,0.0
2021-08-08 09:00:56,0.0,16.63,0.0,0.0,0.0
2021-08-08 10:00:56,0.0,17.08,0.0,0.0,0.0
2021-08-08 11:00:56,0.0,16.6,0.0,0.0,0.0
2021-08-08 12:00:56,0.0,16.75,0.0,0.0,0.0
2021-08-08 13:00:56,0.0,16.77,0.0,0.0,0.0
2021-08-08 14:00:56,0.0,16.91,0.0,0.0,0.0
2021-08-08 15:00:56,0.0,16.73,0.0,0.0,0.0
2021-08-08 16:00:56,0.0,16.43,0.0,0.0,0.0
2021-08-08 17:00:56,0.0,78.96,0.0,0.0,0.0
2021-08-08 18:00:56,0.0,43.38,0.0,0.0,0.0
2021-08-08 19:00:56,0.0,18.68,0.0,0.0,0.0
2021-08-08 20:00:56,0.0,17.38,0.0,0.0,0.0
2021-08-08 21:00:56,0.0,17.2,0.0,0.0,0.0
2021-08-08 22:00:56,0.0,16.64,0.0,0.0,0.0
2021-08-08 23:00:56,0.0,16.78,0.0,0.0,0.0
2021-08-09 00:00:56,0.0,16.72,0.0,0.0,0.0
2021-08-09 01:00:56,0.0,16.54,0.0,0.0,0.0
2021-08-09 02:00:56,0.0,0.0,0.0,0.0,0.0
2021-08-09 03:00:56,0.0,17.02,0.0,0.0,0.0
2021-08-09 04:00:56,0.0,16.66,0.0,0.0,0.0
2021-08-09 05:00:56,0.0,16.59,0.0,0.0,0.0
2021-08-09 06:00:56,0.0,16.63,0.0,0.0,0.0
2021-08-09 07:00:56,0.0,16.85,0.0,0.0,0.0
2021-08-09 08:00:56,0.0,16.93,0.0,0.0,0.0
2021-08-09 09:00:56,0.0,16.35,0.0,0.0,0.0
2021-08-09 10:00:56,0.0,16.05,0.0,0.0,0.0
2021-08-09 11:00:56,0.0,16.79,0.0,0.0,0.0
2021-08-09 12:00:56,0.0,16.7,0.0,0.0,0.0
2021-08-09 13:00:56,0.0,16.94,0.0,0.0,0.0
2021-08-09 14:00:56,0.0,16.52,0.0,0.0,0.0
2021-08-09 15:00:56,0.0,16.46,0.0,0.0,0.0
2021-08-09 16:00:56,0.0,16.3,0.0,0.0,0.0
2021-08-09 17:00:56,0.0,15.97,0.0,0.0,0.0
2021-08-09 18:00:56,0.0,16.34,0.0,0.0,0.0
2021-08-09 19:00:56,0.0,16.24,0.0,0.0,0.0
2021-08-09 20:00:56,0.0,16.68,0.0,0.0,0.0
2021-08-09 21:00:56,0.0,16.5,0.0,0.0,0.0
2021-08-09 22:00:56,0.0,16.48,0.0,0.0,0.0
2021-08-09 23:00:56,0.0,16.44,0.0,0.0,0.0
2021-08-10 00:00:56,0.0,16.57,0.0,0.0,0.0
2021-08-10 01:00:56,0.0,16.5,0.0,0.0,0.0
2021-08-10 02:00:56,0.0,0.0,0.0,0.0,0.0
2021-08-10 03:00:56,0.0,17.06,0.0,0.0,0.0
2021-08-10 04:00:56,0.0,16.65,0.0,0.0,0.0
2021-08-10 05:00:56,0.0,17.06,0.0,0.0,0.0
2021-08-10 06:00:56,0.0,16.92,0.0,0.0,0.0
2021-08-10 07:00:56,0.0,16.42,0.0,0.0,0.0
2021-08-10 08:00:56,0.0,16.54,0.0,0.0,0.0
2021-08-10 09:00:56,0.0,18.42,0.0,0.0,0.0
2021-08-10 10:00:56,0.0,17.63,0.0,0.0,0.0
2021-08-10 11:00:56,0.0,18.39,0.0,0.0,0.0
2021-08-10 12:00:56,0.0,16.98,0.0,0.0,0.0
2021-08-10 13:00:56,0.0,17.01,0.0,0.0,0.0
2021-08-10 14:00:56,0.0,17.02,0.0,0.0,0.0
2021-08-10 15:00:56,0.0,16.79,0.0,0.0,0.0
2021-08-10 16:00:56,0.0,16.31,0.0,0.0,0.0
2021-08-10 17:00:56,0.0,16.62,0.0,0.0,0.0
2021-08-10 18:00:56,0.0,16.78,0.0,0.0,0.0
2021-08-10 19:00:56,0.0,16.54,0.0,0.0,0.0
2021-08-10 20:00:56,0.0,16.76,0.0,0.0,0.0
2021-08-10 21:00:56,0.0,17.08,0.0,0.0,0.0
2021-08-10 22:00:56,0.0,17.14,0.0,0.0,0.0
2021-08-10 23:00:56,0.0,16.62,0.0,0.0,0.0
2021-08-11 00:00:56,0.0,16.46,0.0,0.0,0.0
2021-08-11 01:00:56,0.0,16.72,0.0,0.0,0.0
2021-08-11 02:00:56,0.0,0.0,0.0,0.0,0.0
2021-08-11 03:00:56,0.0,17.56,0.0,0.0,0.0
2021-08-11 04:00:56,0.0,17.18,0.0,0.0,0.0
2021-08-11 05:00:56,0.0,16.98,0.0,0.0,0.0
2021-08-11 06:00:56,0.0,16.56,0.0,0.0,0.0
2021-08-11 07:00:56,0.0,17.27,0.0,0.0,0.0
2021-08-11 08:00:56,0.0,16.93,0.0,0.0,0.0
2021-08-11 09:00:56,0.0,16.6,0.0,0.0,0.0
2021-08-11 10:00:56,0.0,17.22,0.0,0.0,0.0
2021-08-11 11:00:56,0.0,17.22,0.0,0.0,0.0
2021-08-11 12:00:56,0.0,17.02,0.0,0.0,0.0
2021-08-11 13:00:56,0.0,16.95,0.0,0.0,0.0
2021-08-11 14:00:56,0.0,16.29,0.0,0.0,0.0
2021-08-11 15:00:56,0.0,16.9,0.0,0.0,0.0
2021-08-11 16:00:56,0.0,16.18,0.0,0.0,0.0
2021-08-11 17:00:56,0.0,16.59,0.0,0.0,0.0
2021-08-11 18:00:56,0.0,16.94,0.0,0.0,0.0
2021-08-11 19:00:56,0.0,16.93,0.0,0.0,0.0
2021-08-11 20:00:56,0.0,16.65,0.0,0.0,0.0
2021-08-11 21:00:56,0.0,16.76,0.0,0.0,0.0
2021-08-11 22:00:56,0.0,16.66,0.0,0.0,0.0
2021-08-11 23:00:56,0.0,16.57,0.0,0.0,0.0
2021-08-12 00:00:56,0.0,16.42,0.0,0.0,0.0
2021-08-12 01:00:56,0.0,16.8,0.0,0.0,0.0
2021-08-12 02:00:56,0.0,0.0,0.0,0.0,0.0
2021-08-12 03:00:56,0.0,16.67,0.0,0.0,0.0
2021-08-12 04:00:56,0.0,16.52,0.0,0.0,0.0
2021-08-12 05:00:56,0.0,17.22,0.0,0.0,0.0
2021-08-12 06:00:56,0.0,16.79,0.0,0.0,0.0
2021-08-12 07:00:56,0.0,16.39,0.0,0.0,0.0
2021-08-12 08:00:56,0.0,16.46,0.0,0.0,0.0
2021-08-12 09:00:56,0.0,16.41,0.0,0.0,0.0
2021-08-12 10:00:56,0.0,16.72,0.0,0.0,0.0
2021-08-12 11:00:56,0.0,16.68,0.0,0.0,0.0
2021-08-12 12:00:56,0.0,16.43,0.0,0.0,0.0
2021-08-12 13:00:56,0.0,17.47,0.0,0.0,0.0
2021-08-12 14:00:56,0.0,17.13,0.0,0.0,0.0
2021-08-12 15:00:56,0.0,50.34,0.0,0.0,0.0
2021-08-12 16:00:56,0.0,26.71,0.0,0.0,0.0
2021-08-12 17:00:56,0.0,17.27,0.0,0.0,0.0
2021-08-12 18:00:56,0.0,17.16,0.0,0.0,0.0
2021-08-12 19:00:56,0.0,16.75,0.0,0.0,0.0
2021-08-12 20:00:56,0.0,16.67,0.0,0.0,0.0
2021-08-12 21:00:56,0.0,16.2,0.0,0.0,0.0
2021-08-12 22:00:56,0.0,15.84,0.0,0.0,0.0
2021-08-12 23:00:56,0.0,16.42,0.0,0.0,0.0
2021-08-13 00:00:56,0.0,16.43,0.0,0.0,0.0
2021-08-13 01:00:56,0.0,16.58,0.0,0.0,0.0
2021-08-13 02:00:56,0.0,19.22,0.0,0.0,0.0
2021-08-13 03:00:56,0.0,16.39,0.0,0.0,0.0
2021-08-13 04:00:56,0.0,16.54,0.0,0.0,0.0
2021-08-13 05:00:56,0.0,16.56,0.0,0.0,0.0
2021-08-13 06:00:56,0.0,19.88,0.0,0.0,0.0
2021-08-13 07:00:56,0.0,17.65,0.0,0.0,0.0
2021-08-13 08:00:56,0.0,18.64,0.0,0.0,0.0
2021-08-13 09:00:56,0.0,60.71,0.0,0.0,0.0
2021-08-13 10:00:56,0.0,42.65,0.0,0.0,0.0
2021-08-13 11:00:56,0.0,29.9,0.0,0.0,0.0
2021-08-13 12:00:56,0.0,18.63,0.0,0.0,0.0
2021-08-13 13:00:56,0.0,18.25,0.0,0.0,0.0
2021-08-13 14:00:56,0.0,17.27,0.0,0.0,0.0
2021-08-13 15:00:56,0.0,17.36,0.0,0.0,0.0
2021-08-13 16:00:56,0.0,17.06,0.0,0.0,0.0
2021-08-13 17:00:56,0.0,16.42,0.0,0.0,0.0
2021-08-13 18:00:56,0.0,17.06,0.0,0.0,0.0
2021-08-13 19:00:56,0.0,17.21,0.0,0.0,0.0
2021-08-13 20:00:56,0.0,16.58,0.0,0.0,0.0
2021-08-13 21:00:56,0.0,16.64,0.0,0.0,0.0
2021-08-13 22:00:56,0.0,15.86,0.0,0.0,0.0
2021-08-13 23:00:56,0.0,16.29,0.0,0.0,0.0
2021-08-14 00:00:56,0.0,15.67,0.0,0.0,0.0
2021-08-14 01:00:56,0.0,16.7,0.0,0.0,0.0
2021-08-14 02:00:56,0.0,0.0,0.0,0.0,0.0
2021-08-14 03:00:56,0.0,16.77,0.0,0.0,0.0
2021-08-14 04:00:56,0.0,15.89,0.0,0.0,0.0
2021-08-14 05:00:56,0.0,16.22,0.0,0.0,0.0
2021-08-14 06:00:56,0.0,16.21,0.0,0.0,0.0
2021-08-14 07:00:56,0.0,16.48,0.0,0.0,0.0
2021-08-14 08:00:56,0.0,16.44,0.0,0.0,0.0
2021-08-14 09:00:56,0.0,16.64,0.0,0.0,0.0
2021-08-14 10:00:56,0.0,15.97,0.0,0.0,0.0
2021-08-14 11:00:56,0.0,16.3,0.0,0.0,0.0
2021-08-14 12:00:56,0.0,16.17,0.0,0.0,0.0
2021-08-14 13:00:56,0.0,16.44,0.0,0.0,0.0
2021-08-14 14:00:56,0.0,17.06,0.0,0.0,0.0
2021-08-14 15:00:56,0.0,16.85,0.0,0.0,0.0
2021-08-14 16:00:56,0.0,16.38,0.0,0.0,0.0
2021-08-14 17:00:56,0.0,17.66,0.0,0.0,0.0
2021-08-14 18:00:56,0.0,25.68,0.0,0.0,0.0
2021-08-14 19:00:56,0.0,18.91,0.0,0.0,0.0
2021-08-14 20:00:56,0.0,17.48,0.0,0.0,0.0
2021-08-14 21:00:56,0.0,16.95,0.0,0.0,0.0
2021-08-14 22:00:56,0.0,16.64,0.0,0.0,0.0
2021-08-14 23:00:56,0.0,16.22,0.0,0.0,0.0
2021-08-15 00:00:56,0.0,15.9,0.0,0.0,0.0
2021-08-15 01:00:56,0.0,16.08,0.0,0.0,0.0
2021-08-15 02:00:56,0.0,0.0,0.0,0.0,0.0
2021-08-15 03:00:56,0.0,15.49,0.0,0.0,0.0
2021-08-15 04:00:56,0.0,16.48,0.0,0.0,0.0
2021-08-15 05:00:56,0.0,16.12,0.0,0.0,0.0
2021-08-15 06:00:56,0.0,16.08,0.0,0.0,0.0
2021-08-15 07:00:56,0.0,16.05,0.0,0.0,0.0
2021-08-15 08:00:56,0.0,16.03,0.0,0.0,0.0
2021-08-15 09:00:56,0.0,16.37,0.0,0.0,0.0
2021-08-15 10:00:56,0.0,16.08,0.0,0.0,0.0
2021-08-15 11:00:56,0.0,16.83,0.0,0.0,0.0
2021-08-15 12:00:56,0.0,16.74,0.0,0.0,0.0
2021-08-15 13:00:56,0.0,16.54,0.0,0.0,0.0
2021-08-15 14:00:56,0.0,61.03,0.0,0.0,0.0
2021-08-15 15:00:56,0.0,42.67,0.0,0.0,0.0
2021-08-15 16:00:56,0.0,39.77,0.0,0.0,0.0
2021-08-15 17:00:56,0.0,34.35,0.0,0.0,0.0
2021-08-15 18:00:56,0.0,17.99,0.0,0.0,0.0
2021-08-15 19:00:56,0.0,16.73,0.0,0.0,0.0
2021-08-15 20:00:56,0.0,16.07,0.0,0.0,0.0
2021-08-15 21:00:56,0.0,16.33,0.0,0.0,0.0
2021-08-15 22:00:56,0.0,16.88,0.0,0.0,0.0
2021-08-15 23:00:56,0.0,16.13,0.0,0.0,0.0
2021-08-16 00:00:56,0.0,16.25,0.0,0.0,0.0
2021-08-16 01:00:56,0.0,15.85,0.0,0.0,0.0
2021-08-16 02:00:56,0.0,18.82,0.0,0.0,0.0
2021-08-16 03:00:56,0.0,16.73,0.0,0.0,0.0
2021-08-16 04:00:56,0.0,16.29,0.0,0.0,0.0
2021-08-16 05:00:56,0.0,16.93,0.0,0.0,0.0
2021-08-16 06:00:56,0.0,16.28,0.0,0.0,0.0
2021-08-16 07:00:56,0.0,16.46,0.0,0.0,0.0
2021-08-16 08:00:56,0.0,17.3,0.0,0.0,0.0
2021-08-16 09:00:56,0.0,17.2,0.0,0.0,0.0
2021-08-16 10:00:56,0.0,16.71,0.0,0.0,0.0
2021-08-16 11:00:56,0.0,18.93,0.0,0.0,0.0
2021-08-16 12:00:56,0.0,262.46,0.0,0.0,0.0
2021-08-16 13:00:56,0.0,36.52,0.0,0.0,0.0
2021-08-16 14:00:56,0.0,45.85,0.0,0.0,0.0
2021-08-16 15:00:56,0.0,27.75,0.0,0.0,0.0
2021-08-16 16:00:56,0.0,18.9,0.0,0.0,0.0
2021-08-16 17:00:56,0.0,20.97,0.0,0.0,0.0
2021-08-16 18:00:56,0.0,27.3,0.0,0.0,0.0
2021-08-16 19:00:56,0.0,26.87,0.0,0.0,0.0
2021-08-16 20:00:56,0.0,34.22,0.0,0.0,0.0
2021-08-16 21:00:56,0.0,20.35,0.0,0.0,0.0
2021-08-16 22:00:56,0.0,19.0,0.0,0.0,0.0
2021-08-16 23:00:56,0.0,18.88,0.0,0.0,0.0
2021-08-17 00:00:56,0.0,17.74,0.0,0.0,0.0
2021-08-17 01:00:56,0.0,17.07,0.0,0.0,0.0
2021-08-17 02:00:56,0.0,0.0,0.0,0.0,0.0
2021-08-17 03:00:56,0.0,17.54,0.0,0.0,0.0
2021-08-17 04:00:56,0.0,16.95,0.0,0.0,0.0
2021-08-17 05:00:56,0.0,16.49,0.0,0.0,0.0
2021-08-17 06:00:56,0.0,16.76,0.0,0.0,0.0
2021-08-17 07:00:56,0.0,16.96,0.0,0.0,0.0
2021-08-17 08:00:56,0.0,143.34,0.0,0.0,0.0
2021-08-17 09:00:56,0.0,253.75,0.0,0.0,0.0
2021-08-17 10:00:56,0.0,47.17,0.0,0.0,0.0
2021-08-17 11:00:56,0.0,22.47,0.0,0.0,0.0
2021-08-17 12:00:56,0.0,19.68,0.0,0.0,0.0
2021-08-17 13:00:56,0.0,20.61,0.0,0.0,0.0
2021-08-17 14:00:56,0.0,20.2,0.0,0.0,0.0
2021-08-17 15:00:56,0.0,18.02,0.0,0.0,0.0
2021-08-17 16:00:56,0.0,18.07,0.0,0.0,0.0
2021-08-17 17:00:56,0.0,17.91,0.0,0.0,0.0
2021-08-17 18:00:56,0.0,17.5,0.0,0.0,0.0
2021-08-17 19:00:56,0.0,17.96,0.0,0.0,0.0
2021-08-17 20:00:56,0.0,17.02,0.0,0.0,0.0
2021-08-17 21:00:56,0.0,16.88,0.0,0.0,0.0
2021-08-17 22:00:56,0.0,16.67,0.0,0.0,0.0
2021-08-17 23:00:56,0.0,17.34,0.0,0.0,0.0
2021-08-18 00:00:56,0.0,17.31,0.0,0.0,0.0
2021-08-18 01:00:56,0.0,16.81,0.0,0.0,0.0
2021-08-18 02:00:56,0.0,0.0,0.0,0.0,0.0
2021-08-18 03:00:56,0.0,17.73,0.0,0.0,0.0
2021-08-18 04:00:56,0.0,17.29,0.0,0.0,0.0
2021-08-18 05:00:56,0.0,17.25,0.0,0.0,0.0
2021-08-18 06:00:56,0.0,17.48,0.0,0.0,0.0
2021-08-18 07:00:56,0.0,17.16,0.0,0.0,0.0
2021-08-18 08:00:56,0.0,24.22,0.0,0.0,0.0
2021-08-18 09:00:56,0.0,46.76,0.0,0.0,0.0
2021-08-18 10:00:56,0.0,29.14,0.0,0.0,0.0
2021-08-18 11:00:56,0.0,18.1,0.0,0.0,0.0
2021-08-18 12:00:56,0.0,16.82,0.0,0.0,0.0
2021-08-18 13:00:56,0.0,17.27,0.0,0.0,0.0
2021-08-18 14:00:56,0.0,17.13,0.0,0.0,0.0
2021-08-18 15:00:56,0.0,31.7,0.0,0.0,0.0
2021-08-18 16:00:56,0.0,24.31,0.0,0.0,0.0
2021-08-18 17:00:56,0.0,65.87,0.0,0.0,0.0
2021-08-18 18:00:56,0.0,125.34,0.0,0.0,0.0
2021-08-18 19:00:56,0.0,29.59,0.0,0.0,0.0
2021-08-18 20:00:56,0.0,18.58,0.0,0.0,0.0
2021-08-18 21:00:56,0.0,17.91,0.0,0.0,0.0
2021-08-18 22:00:56,0.0,17.33,0.0,0.0,0.0
2021-08-18 23:00:56,0.0,17.2,0.0,0.0,0.0
2021-08-19 00:00:56,0.0,17.19,0.0,0.0,0.0
2021-08-19 01:00:56,0.0,16.6,0.0,0.0,0.0
2021-08-19 02:00:56,0.0,18.96,0.0,0.0,0.0
2021-08-19 03:00:56,0.0,17.21,0.0,0.0,0.0
2021-08-19 04:00:56,0.0,17.18,0.0,0.0,0.0
2021-08-19 05:00:56,0.0,17.17,0.0,0.0,0.0
2021-08-19 06:00:56,0.0,17.24,0.0,0.0,0.0
2021-08-19 07:00:56,0.0,17.22,0.0,0.0,0.0
2021-08-19 08:00:56,0.0,20.16,0.0,0.0,0.0
2021-08-19 09:00:56,0.0,18.2,0.0,0.0,0.0
2021-08-19 10:00:56,0.0,18.68,0.0,0.0,0.0
2021-08-19 11:00:56,0.0,46.59,0.0,0.0,0.0
2021-08-19 12:00:56,0.0,18.96,0.0,0.0,0.0
2021-08-19 13:00:56,0.0,18.64,0.0,0.0,0.0
2021-08-19 14:00:56,0.0,61.99,0.0,0.0,0.0
2021-08-19 15:00:56,0.0,63.93,0.0,0.0,0.0
2021-08-19 16:00:56,0.0,42.02,0.0,0.0,0.0
2021-08-19 17:00:56,0.0,42.63,0.0,0.0,0.0
2021-08-19 18:00:56,0.0,20.56,0.0,0.0,0.0
2021-08-19 19:00:56,0.0,17.14,0.0,0.0,0.0
2021-08-19 20:00:56,0.0,16.89,0.0,0.0,0.0
2021-08-19 21:00:56,0.0,16.87,0.0,0.0,0.0
2021-08-19 22:00:56,0.0,16.81,0.0,0.0,0.0
2021-08-19 23:00:56,0.0,17.1,0.0,0.0,0.0
2021-08-20 00:00:56,0.0,17.09,0.0,0.0,0.0
2021-08-20 01:00:56,0.0,17.35,0.0,0.0,0.0
2021-08-20 02:00:56,0.0,20.18,0.0,0.0,0.0
2021-08-20 03:00:56,0.0,18.16,0.0,0.0,0.0
2021-08-20 04:00:56,0.0,17.33,0.0,0.0,0.0
2021-08-20 05:00:56,0.0,17.01,0.0,0.0,0.0
2021-08-20 06:00:56,0.0,17.42,0.0,0.0,0.0
2021-08-20 07:00:56,0.0,17.4,0.0,0.0,0.0
2021-08-20 08:00:56,0.0,17.29,0.0,0.0,0.0
2021-08-20 09:00:56,0.0,17.25,0.0,0.0,0.0
2021-08-20 10:00:56,0.0,17.01,0.0,0.0,0.0
2021-08-20 11:00:56,0.0,16.67,0.0,0.0,0.0
2021-08-20 12:00:56,0.0,17.48,0.0,0.0,0.0
2021-08-20 13:00:56,0.0,17.23,0.0,0.0,0.0
2021-08-20 14:00:56,0.0,17.13,0.0,0.0,0.0
2021-08-20 15:00:56,0.0,19.11,0.0,0.0,0.0
2021-08-20 16:00:56,0.0,17.34,0.0,0.0,0.0
2021-08-20 17:00:56,0.0,16.82,0.0,0.0,0.0
2021-08-20 18:00:56,0.0,17.25,0.0,0.0,0.0
2021-08-20 19:00:56,0.0,17.46,0.0,0.0,0.0
2021-08-20 20:00:56,0.0,17.57,0.0,0.0,0.0
2021-08-20 21:00:56,0.0,17.55,0.0,0.0,0.0
2021-08-20 22:00:56,0.0,17.53,0.0,0.0,0.0
2021-08-20 23:00:56,0.0,16.99,0.0,0.0,0.0
2021-08-21 00:00:56,0.0,16.86,0.0,0.0,0.0
2021-08-21 01:00:56,0.0,17.14,0.0,0.0,0.0
2021-08-21 02:00:56,0.0,0.0,0.0,0.0,0.0
2021-08-21 03:00:56,0.0,16.85,0.0,0.0,0.0
2021-08-21 04:00:56,0.0,16.16,0.0,0.0,0.0
2021-08-21 05:00:56,0.0,16.95,0.0,0.0,0.0
2021-08-21 06:00:56,0.0,17.06,0.0,0.0,0.0
2021-08-21 07:00:56,0.0,16.64,0.0,0.0,0.0
2021-08-21 08:00:56,0.0,16.54,0.0,0.0,0.0
2021-08-21 09:00:56,0.0,16.54,0.0,0.0,0.0
2021-08-21 10:00:56,0.0,16.58,0.0,0.0,0.0
2021-08-21 11:00:56,0.0,18.98,0.0,0.0,0.0
2021-08-21 12:00:56,0.0,16.69,0.0,0.0,0.0
2021-08-21 13:00:56,0.0,44.35,0.0,0.0,0.0
2021-08-21 14:00:56,0.0,23.63,0.0,0.0,0.0
2021-08-21 15:00:56,0.0,18.56,0.0,0.0,0.0
2021-08-21 16:00:56,0.0,17.9,0.0,0.0,0.0
2021-08-21 17:00:56,0.0,17.33,0.0,0.0,0.0
2021-08-21 18:00:56,0.0,16.98,0.0,0.0,0.0
2021-08-21 19:00:56,0.0,16.97,0.0,0.0,0.0
2021-08-21 20:00:56,0.0,16.87,0.0,0.0,0.0
2021-08-21 21:00:56,0.0,16.88,0.0,0.0,0.0
2021-08-21 22:00:56,0.0,15.69,0.0,0.0,0.0
2021-08-21 23:00:56,0.0,16.28,0.0,0.0,0.0
2021-08-22 00:00:56,0.0,16.05,0.0,0.0,0.0
2021-08-22 01:00:56,0.0,16.08,0.0,0.0,0.0
2021-08-22 02:00:56,0.0,0.0,0.0,0.0,0.0
2021-08-22 03:00:56,0.0,17.15,0.0,0.0,0.0
2021-08-22 04:00:56,0.0,16.91,0.0,0.0,0.0
2021-08-22 05:00:56,0.0,16.87,0.0,0.0,0.0
2021-08-22 06:00:56,0.0,16.82,0.0,0.0,0.0
2021-08-22 07:00:56,0.0,16.82,0.0,0.0,0.0
2021-08-22 08:00:56,0.0,16.91,0.0,0.0,0.0
2021-08-22 09:00:56,0.0,36.51,0.0,0.0,0.0
2021-08-22 10:00:56,0.0,109.88,0.0,0.0,0.0
2021-08-22 11:00:56,0.0,101.36,0.0,0.0,0.0
2021-08-22 12:00:56,0.0,24.43,0.0,0.0,0.0
2021-08-22 13:00:56,0.0,45.08,0.0,0.0,0.0
2021-08-22 14:00:56,0.0,88.26,0.0,0.0,0.0
2021-08-22 15:00:56,0.0,105.24,0.0,0.0,0.0
2021-08-22 16:00:56,0.0,67.4,0.0,0.0,0.0
2021-08-22 17:00:56,0.0,84.13,0.0,0.0,0.0
2021-08-22 18:00:56,0.0,40.3,0.0,0.0,0.0
2021-08-22 19:00:56,0.0,39.01,0.0,0.0,0.0
2021-08-22 20:00:56,0.0,29.83,0.0,0.0,0.0
2021-08-22 21:00:56,0.0,20.87,0.0,0.0,0.0
2021-08-22 22:00:56,0.0,18.74,0.0,0.0,0.0
2021-08-22 23:00:56,0.0,17.63,0.0,0.0,0.0
2021-08-23 00:00:56,0.0,17.5,0.0,0.0,0.0
2021-08-23 01:00:56,0.0,17.28,0.0,0.0,0.0
2021-08-23 02:00:56,0.0,0.0,0.0,0.0,0.0
2021-08-23 03:00:56,0.0,17.59,0.0,0.0,0.0
2021-08-23 04:00:56,0.0,17.11,0.0,0.0,0.0
2021-08-23 05:00:56,0.0,16.99,0.0,0.0,0.0
2021-08-23 06:00:56,0.0,16.73,0.0,0.0,0.0
2021-08-23 07:00:56,0.0,16.88,0.0,0.0,0.0
2021-08-23 08:00:56,0.0,16.91,0.0,0.0,0.0
2021-08-23 09:00:56,0.0,17.46,0.0,0.0,0.0
2021-08-23 10:00:56,0.0,17.58,0.0,0.0,0.0
2021-08-23 11:00:56,0.0,17.52,0.0,0.0,0.0
2021-08-23 12:00:56,0.0,17.23,0.0,0.0,0.0
2021-08-23 13:00:56,0.0,17.47,0.0,0.0,0.0
2021-08-23 14:00:56,0.0,17.23,0.0,0.0,0.0
2021-08-23 15:00:56,0.0,17.22,0.0,0.0,0.0
2021-08-23 16:00:56,0.0,17.46,0.0,0.0,0.0
2021-08-23 17:00:56,0.0,17.29,0.0,0.0,0.0
2021-08-23 18:00:56,0.0,17.55,0.0,0.0,0.0
2021-08-23 19:00:56,0.0,17.47,0.0,0.0,0.0
2021-08-23 20:00:56,0.0,17.02,0.0,0.0,0.0
2021-08-23 21:00:56,0.0,17.76,0.0,0.0,0.0
2021-08-23 22:00:56,0.0,17.25,0.0,0.0,0.0
2021-08-23 23:00:56,0.0,16.81,0.0,0.0,0.0
2021-08-24 00:00:56,0.0,16.61,0.0,0.0,0.0
2021-08-24 01:00:56,0.0,16.68,0.0,0.0,0.0
2021-08-24 02:00:56,0.0,18.81,0.0,0.0,0.0
2021-08-24 03:00:56,0.0,17.26,0.0,0.0,0.0
2021-08-24 04:00:56,0.0,17.06,0.0,0.0,0.0
2021-08-24 05:00:56,0.0,16.46,0.0,0.0,0.0
2021-08-24 06:00:56,0.0,16.78,0.0,0.0,0.0
2021-08-24 07:00:56,0.0,16.25,0.0,0.0,0.0
2021-08-24 08:00:56,0.0,17.1,0.0,0.0,0.0
2021-08-24 09:00:56,0.0,16.57,0.0,0.0,0.0
2021-08-24 10:00:56,0.0,16.74,0.0,0.0,0.0
2021-08-24 11:00:56,0.0,16.9,0.0,0.0,0.0
2021-08-24 12:00:56,0.0,16.97,0.0,0.0,0.0
2021-08-24 13:00:56,0.0,16.85,0.0,0.0,0.0
2021-08-24 14:00:56,0.0,17.12,0.0,0.0,0.0
2021-08-24 15:00:56,0.0,17.16,0.0,0.0,0.0
2021-08-24 16:00:56,0.0,18.55,0.0,0.0,0.0
2021-08-24 17:00:56,0.0,17.99,0.0,0.0,0.0
2021-08-24 18:00:56,0.0,17.76,0.0,0.0,0.0
2021-08-24 19:00:56,0.0,17.86,0.0,0.0,0.0
2021-08-24 20:00:56,0.0,16.75,0.0,0.0,0.0
2021-08-24 21:00:56,0.0,16.76,0.0,0.0,0.0
2021-08-24 22:00:56,0.0,16.17,0.0,0.0,0.0
2021-08-24 23:00:56,0.0,16.65,0.0,0.0,0.0
2021-08-25 00:00:56,0.0,16.6,0.0,0.0,0.0
2021-08-25 01:00:56,0.0,15.99,0.0,0.0,0.0
2021-08-25 02:00:56,0.0,0.0,0.0,0.0,0.0
2021-08-25 03:00:56,0.0,16.91,0.0,0.0,0.0
2021-08-25 04:00:56,0.0,16.78,0.0,0.0,0.0
2021-08-25 05:00:56,0.0,17.43,0.0,0.0,0.0
2021-08-25 06:00:56,0.0,17.11,0.0,0.0,0.0
2021-08-25 07:00:56,0.0,16.81,0.0,0.0,0.0
2021-08-25 08:00:56,0.0,17.69,0.0,0.0,0.0
2021-08-25 09:00:56,0.0,17.68,0.0,0.0,0.0
2021-08-25 10:00:56,0.0,18.23,0.0,0.0,0.0
2021-08-25 11:00:56,0.0,17.2,0.0,0.0,0.0
2021-08-25 12:00:56,0.0,16.78,0.0,0.0,0.0
2021-08-25 13:00:56,0.0,17.19,0.0,0.0,0.0
2021-08-25 14:00:56,0.0,16.53,0.0,0.0,0.0
2021-08-25 15:00:56,0.0,111.34,0.0,0.0,0.0
2021-08-25 16:00:56,0.0,23.03,0.0,0.0,0.0
2021-08-25 17:00:56,0.0,18.27,0.0,0.0,0.0
2021-08-25 18:00:56,0.0,17.44,0.0,0.0,0.0
2021-08-25 19:00:56,0.0,17.36,0.0,0.0,0.0
2021-08-25 20:00:56,0.0,16.77,0.0,0.0,0.0
2021-08-25 21:00:56,0.0,16.11,0.0,0.0,0.0
2021-08-25 22:00:56,0.0,16.23,0.0,0.0,0.0
2021-08-25 23:00:56,0.0,16.0,0.0,0.0,0.0
2021-08-26 00:00:56,0.0,16.7,0.0,0.0,0.0
2021-08-26 01:00:56,0.0,17.47,0.0,0.0,0.0
2021-08-26 02:00:56,0.0,0.0,0.0,0.0,0.0
2021-08-26 03:00:56,0.0,17.62,0.0,0.0,0.0
2021-08-26 04:00:56,0.0,17.2,0.0,0.0,0.0
2021-08-26 05:00:56,0.0,17.34,0.0,0.0,0.0
2021-08-26 06:00:56,0.0,17.28,0.0,0.0,0.0
2021-08-26 07:00:56,0.0,18.0,0.0,0.0,0.0
2021-08-26 08:00:56,0.0,20.37,0.0,0.0,0.0
2021-08-26 09:00:56,0.0,92.61,0.0,0.0,0.0
2021-08-26 10:00:56,0.0,221.09,0.0,0.0,0.0
2021-08-26 11:00:56,0.0,353.23,0.0,0.0,0.0
2021-08-26 12:00:56,0.0,265.7,0.0,0.0,0.0
2021-08-26 13:00:56,0.0,24.45,0.0,0.0,0.0
2021-08-26 14:00:56,0.0,57.63,0.0,0.0,0.0
2021-08-26 15:00:56,0.0,37.69,0.0,0.0,0.0
2021-08-26 16:00:56,0.0,18.72,0.0,0.0,0.0
2021-08-26 17:00:56,0.0,17.95,0.0,0.0,0.0
2021-08-26 18:00:56,0.0,17.84,0.0,0.0,0.0
2021-08-26 19:00:56,0.0,17.16,0.0,0.0,0.0
2021-08-26 20:00:56,0.0,17.08,0.0,0.0,0.0
2021-08-26 21:00:56,0.0,16.53,0.0,0.0,0.0
2021-08-26 22:00:56,0.0,16.69,0.0,0.0,0.0
2021-08-26 23:00:56,0.0,16.94,0.0,0.0,0.0
2021-08-27 00:00:56,0.0,16.62,0.0,0.0,0.0
2021-08-27 01:00:56,0.0,17.09,0.0,0.0,0.0
2021-08-27 02:00:56,0.0,0.0,0.0,0.0,0.0
2021-08-27 03:00:56,0.0,17.25,0.0,0.0,0.0
2021-08-27 04:00:56,0.0,17.15,0.0,0.0,0.0
2021-08-27 05:00:56,0.0,17.19,0.0,0.0,0.0
2021-08-27 06:00:56,0.0,16.86,0.0,0.0,0.0
2021-08-27 07:00:56,0.0,16.86,0.0,0.0,0.0
2021-08-27 08:00:56,0.0,16.94,0.0,0.0,0.0
2021-08-27 09:00:56,0.0,16.85,0.0,0.0,0.0
2021-08-27 10:00:56,0.0,17.24,0.0,0.0,0.0
2021-08-27 11:00:56,0.0,17.07,0.0,0.0,0.0
2021-08-27 12:00:56,0.0,17.85,0.0,0.0,0.0
2021-08-27 13:00:56,0.0,18.04,0.0,0.0,0.0
2021-08-27 14:00:56,0.0,17.09,0.0,0.0,0.0
2021-08-27 15:00:56,0.0,34.88,0.0,0.0,0.0
2021-08-27 16:00:56,0.0,95.18,0.0,0.0,0.0
2021-08-27 17:00:56,0.0,29.08,0.0,0.0,0.0
2021-08-27 18:00:56,0.0,20.16,0.0,0.0,0.0
2021-08-27 19:00:56,0.0,19.07,0.0,0.0,0.0
2021-08-27 20:00:56,0.0,18.96,0.0,0.0,0.0
2021-08-27 21:00:56,0.0,17.91,0.0,0.0,0.0
2021-08-27 22:00:56,0.0,17.34,0.0,0.0,0.0
2021-08-27 23:00:56,0.0,17.58,0.0,0.0,0.0
2021-08-28 00:00:56,0.0,18.03,0.0,0.0,0.0
2021-08-28 01:00:56,0.0,17.49,0.0,0.0,0.0
2021-08-28 02:00:56,0.0,0.0,0.0,0.0,0.0
2021-08-28 03:00:56,0.0,16.91,0.0,0.0,0.0
2021-08-28 04:00:56,0.0,18.68,0.0,0.0,0.0
2021-08-28 05:00:56,0.0,18.66,0.0,0.0,0.0
2021-08-28 06:00:56,0.0,18.69,0.0,0.0,0.0
2021-08-28 07:00:56,0.0,18.18,0.0,0.0,0.0
2021-08-28 08:00:56,0.0,18.44,0.0,0.0,0.0
2021-08-28 09:00:56,0.0,18.37,0.0,0.0,0.0
2021-08-28 10:00:56,0.0,17.7,0.0,0.0,0.0
2021-08-28 11:00:56,0.0,17.8,0.0,0.0,0.0
2021-08-28 12:00:56,0.0,17.75,0.0,0.0,0.0
2021-08-28 13:00:56,0.0,18.25,0.0,0.0,0.0
2021-08-28 14:00:56,0.0,18.38,0.0,0.0,0.0
2021-08-28 15:00:56,0.0,17.67,0.0,0.0,0.0
2021-08-28 16:00:56,0.0,18.2,0.0,0.0,0.0
2021-08-28 17:00:56,0.0,18.48,0.0,0.0,0.0
2021-08-28 18:00:56,0.0,18.19,0.0,0.0,0.0
2021-08-28 19:00:56,0.0,18.26,0.0,0.0,0.0
2021-08-28 20:00:56,0.0,17.89,0.0,0.0,0.0
2021-08-28 21:00:56,0.0,17.69,0.0,0.0,0.0
2021-08-28 22:00:56,0.0,17.78,0.0,0.0,0.0
2021-08-28 23:00:56,0.0,17.7,0.0,0.0,0.0
2021-08-29 00:00:56,0.0,17.91,0.0,0.0,0.0
2021-08-29 01:00:56,0.0,17.71,0.0,0.0,0.0
2021-08-29 02:00:56,0.0,0.0,0.0,0.0,0.0
2021-08-29 03:00:56,0.0,18.06,0.0,0.0,0.0
2021-08-29 04:00:56,0.0,18.05,0.0,0.0,0.0
2021-08-29 05:00:56,0.0,17.9,0.0,0.0,0.0
2021-08-29 06:00:56,0.0,17.98,0.0,0.0,0.0
2021-08-29 07:00:56,0.0,17.77,0.0,0.0,0.0
2021-08-29 08:00:56,0.0,17.6,0.0,0.0,0.0
2021-08-29 09:00:56,0.0,17.76,0.0,0.0,0.0
2021-08-29 10:00:56,0.0,17.57,0.0,0.0,0.0
2021-08-29 11:00:56,0.0,17.34,0.0,0.0,0.0
2021-08-29 12:00:56,0.0,17.0,0.0,0.0,0.0
2021-08-29 13:00:56,0.0,17.85,0.0,0.0,0.0
2021-08-29 14:00:56,0.0,17.4,0.0,0.0,0.0
2021-08-29 15:00:56,0.0,17.26,0.0,0.0,0.0
2021-08-29 16:00:56,0.0,17.23,0.0,0.0,0.0
2021-08-29 17:00:56,0.0,17.36,0.0,0.0,0.0
2021-08-29 18:00:56,0.0,17.26,0.0,0.0,0.0
2021-08-29 19:00:56,0.0,18.52,0.0,0.0,0.0
2021-08-29 20:00:56,0.0,21.8,0.0,0.0,0.0
2021-08-29 21:00:56,0.0,25.19,0.0,0.0,0.0
2021-08-29 22:00:56,0.0,23.55,0.0,0.0,0.0
2021-08-29 23:00:56,0.0,19.63,0.0,0.0,0.0
2021-08-30 00:00:56,0.0,18.19,0.0,0.0,0.0
2021-08-30 01:00:56,0.0,17.49,0.0,0.0,0.0
2021-08-30 02:00:56,0.0,20.68,0.0,0.0,0.0
2021-08-30 03:00:56,0.0,18.72,0.0,0.0,0.0
2021-08-30 04:00:56,0.0,18.76,0.0,0.0,0.0
2021-08-30 05:00:56,0.0,18.29,0.0,0.0,0.0
2021-08-30 06:00:56,0.0,18.69,0.0,0.0,0.0
2021-08-30 07:00:56,0.0,19.84,0.0,0.0,0.0
2021-08-30 08:00:56,0.0,19.16,0.0,0.0,0.0
2021-08-30 09:00:56,0.0,19.19,0.0,0.0,0.0
2021-08-30 10:00:56,0.0,18.44,0.0,0.0,0.0
2021-08-30 11:00:56,0.0,18.62,0.0,0.0,0.0
2021-08-30 12:00:56,0.0,18.34,0.0,0.0,0.0
2021-08-30 13:00:56,0.0,19.15,0.0,0.0,0.0
2021-08-30 14:00:56,0.0,18.12,0.0,0.0,0.0
2021-08-30 15:00:56,0.0,18.11,0.0,0.0,0.0
2021-08-30 16:00:56,0.0,18.19,0.0,0.0,0.0
2021-08-30 17:00:56,0.0,18.21,0.0,0.0,0.0
2021-08-30 18:00:56,0.0,18.34,0.0,0.0,0.0
2021-08-30 19:00:56,0.0,18.03,0.0,0.0,0.0
2021-08-30 20:00:56,0.0,17.98,0.0,0.0,0.0
2021-08-30 21:00:56,0.0,17.66,0.0,0.0,0.0
2021-08-30 22:00:56,0.0,17.29,0.0,0.0,0.0
2021-08-30 23:00:56,0.0,17.63,0.0,0.0,0.0
2021-08-31 00:00:56,0.0,17.37,0.0,0.0,0.0
2021-08-31 01:00:56,0.0,17.4,0.0,0.0,0.0
2021-08-31 02:00:56,0.0,0.0,0.0,0.0,0.0
2021-08-31 03:00:56,0.0,18.67,0.0,0.0,0.0
2021-08-31 04:00:56,0.0,17.92,0.0,0.0,0.0
2021-08-31 05:00:56,0.0,17.83,0.0,0.0,0.0
2021-08-31 06:00:56,0.0,18.11,0.0,0.0,0.0
2021-08-31 07:00:56,0.0,17.35,0.0,0.0,0.0
2021-08-31 08:00:56,0.0,17.25,0.0,0.0,0.0
2021-08-31 09:00:56,0.0,17.19,0.0,0.0,0.0
2021-08-31 10:00:56,0.0,17.3,0.0,0.0,0.0
2021-08-31 11:00:56,0.0,17.48,0.0,0.0,0.0
2021-08-31 12:00:56,0.0,17.29,0.0,0.0,0.0
2021-08-31 13:00:56,0.0,17.78,0.0,0.0,0.0
2021-08-31 14:00:56,0.0,17.16,0.0,0.0,0.0
2021-08-31 15:00:56,0.0,17.34,0.0,0.0,0.0
2021-08-31 16:00:56,0.0,17.72,0.0,0.0,0.0
2021-08-31 17:00:56,0.0,18.54,0.0,0.0,0.0
2021-08-31 18:00:56,0.0,18.49,0.0,0.0,0.0
2021-08-31 19:00:56,0.0,17.17,0.0,0.0,0.0
2021-08-31 20:00:56,0.0,16.92,0.0,0.0,0.0
2021-08-31 21:00:56,0.0,16.76,0.0,0.0,0.0
2021-08-31 22:00:56,0.0,16.9,0.0,0.0,0.0
2021-08-31 23:00:56,0.0,17.03,0.0,0.0,0.0
2021-09-01 00:00:56,0.0,16.56,0.0,0.0,0.0
2021-09-01 01:00:56,0.0,16.66,0.0,0.0,0.0
2021-09-01 02:00:56,0.0,0.0,0.0,0.0,0.0
2021-09-01 03:00:56,0.0,17.55,0.0,0.0,0.0
2021-09-01 04:00:56,0.0,17.15,0.0,0.0,0.0
2021-09-01 05:00:56,0.0,17.37,0.0,0.0,0.0
2021-09-01 06:00:56,0.0,16.88,0.0,0.0,0.0
2021-09-01 07:00:56,0.0,17.05,0.0,0.0,0.0
2021-09-01 08:00:56,0.0,17.06,0.0,0.0,0.0
2021-09-01 09:00:56,0.0,16.91,0.0,0.0,0.0
2021-09-01 10:00:56,0.0,16.36,0.0,0.0,0.0
2021-09-01 11:00:56,0.0,14.31,0.0,0.0,0.0
2021-09-01 12:00:56,0.0,17.07,0.0,0.0,0.0
2021-09-01 13:00:56,0.0,17.22,0.0,0.0,0.0
2021-09-01 14:00:56,0.0,17.08,0.0,0.0,0.0
2021-09-01 15:00:56,0.0,16.48,0.0,0.0,0.0
2021-09-01 16:00:56,0.0,16.97,0.0,0.0,0.0
2021-09-01 17:00:56,0.0,16.9,0.0,0.0,0.0
2021-09-01 18:00:56,0.0,17.06,0.0,0.0,0.0
2021-09-01 19:00:56,0.0,17.33,0.0,0.0,0.0
2021-09-01 20:00:56,0.0,17.0,0.0,0.0,0.0
2021-09-01 21:00:56,0.0,16.81,0.0,0.0,0.0
2021-09-01 22:00:56,0.0,17.24,0.0,0.0,0.0
2021-09-01 23:00:56,0.0,17.34,0.0,0.0,0.0
2021-09-02 00:00:56,0.0,17.2,0.0,0.0,0.0
2021-09-02 01:00:56,0.0,16.67,0.0,0.0,0.0
2021-09-02 02:00:56,0.0,0.0,0.0,0.0,0.0
2021-09-02 03:00:56,0.0,17.56,0.0,0.0,0.0
2021-09-02 04:00:56,0.0,17.19,0.0,0.0,0.0
2021-09-02 05:00:56,0.0,17.22,0.0,0.0,0.0
2021-09-02 06:00:56,0.0,17.43,0.0,0.0,0.0
2021-09-02 07:00:56,0.0,17.55,0.0,0.0,0.0
2021-09-02 08:00:56,0.0,17.18,0.0,0.0,0.0
2021-09-02 09:00:56,0.0,17.56,0.0,0.0,0.0
2021-09-02 10:00:56,0.0,16.74,0.0,0.0,0.0
2021-09-02 11:00:56,0.0,16.99,0.0,0.0,0.0
2021-09-02 12:00:56,0.0,17.54,0.0,0.0,0.0
2021-09-02 13:00:56,0.0,17.46,0.0,0.0,0.0
2021-09-02 14:00:56,0.0,17.53,0.0,0.0,0.0
2021-09-02 15:00:56,0.0,17.55,0.0,0.0,0.0
2021-09-02 16:00:56,0.0,17.59,0.0,0.0,0.0
2021-09-02 17:00:56,0.0,17.3,0.0,0.0,0.0
2021-09-02 18:00:56,0.0,17.27,0.0,0.0,0.0
2021-09-02 19:00:56,0.0,17.26,0.0,0.0,0.0
2021-09-02 20:00:56,0.0,16.77,0.0,0.0,0.0
2021-09-02 21:00:56,0.0,16.86,0.0,0.0,0.0
2021-09-02 22:00:56,0.0,17.11,0.0,0.0,0.0
2021-09-02 23:00:56,0.0,16.89,0.0,0.0,0.0
2021-09-03 00:00:56,0.0,16.77,0.0,0.0,0.0
2021-09-03 01:00:56,0.0,16.83,0.0,0.0,0.0
2021-09-03 02:00:56,0.0,19.33,0.0,0.0,0.0
2021-09-03 03:00:56,0.0,17.36,0.0,0.0,0.0
2021-09-03 04:00:56,0.0,16.61,0.0,0.0,0.0
2021-09-03 05:00:56,0.0,16.57,0.0,0.0,0.0
2021-09-03 06:00:56,0.0,16.86,0.0,0.0,0.0
2021-09-03 07:00:56,0.0,17.04,0.0,0.0,0.0
2021-09-03 08:00:56,0.0,16.64,0.0,0.0,0.0
2021-09-03 09:00:56,0.0,16.64,0.0,0.0,0.0
2021-09-03 10:00:56,0.0,16.48,0.0,0.0,0.0
2021-09-03 11:00:56,0.0,16.79,0.0,0.0,0.0
2021-09-03 12:00:56,0.0,17.03,0.0,0.0,0.0
2021-09-03 13:00:56,0.0,18.0,0.0,0.0,0.0
2021-09-03 14:00:56,0.0,17.47,0.0,0.0,0.0
2021-09-03 15:00:56,0.0,16.76,0.0,0.0,0.0
2021-09-03 16:00:56,0.0,16.83,0.0,0.0,0.0
2021-09-03 17:00:56,0.0,17.16,0.0,0.0,0.0
2021-09-03 18:00:56,0.0,16.5,0.0,0.0,0.0
2021-09-03 19:00:56,0.0,20.1,0.0,0.0,0.0
2021-09-03 20:00:56,0.0,18.83,0.0,0.0,0.0
2021-09-03 21:00:56,0.0,16.72,0.0,0.0,0.0
2021-09-03 22:00:56,0.0,16.62,0.0,0.0,0.0
2021-09-03 23:00:56,0.0,16.16,0.0,0.0,0.0
2021-09-04 00:00:56,0.0,16.73,0.0,0.0,0.0
2021-09-04 01:00:56,0.0,16.63,0.0,0.0,0.0
2021-09-04 02:00:56,0.0,0.0,0.0,0.0,0.0
2021-09-04 03:00:56,0.0,17.04,0.0,0.0,0.0
2021-09-04 04:00:56,0.0,16.87,0.0,0.0,0.0
2021-09-04 05:00:56,0.0,17.18,0.0,0.0,0.0
2021-09-04 06:00:56,0.0,16.15,0.0,0.0,0.0
2021-09-04 07:00:56,0.0,16.6,0.0,0.0,0.0
2021-09-04 08:00:56,0.0,16.77,0.0,0.0,0.0
2021-09-04 09:00:56,0.0,17.26,0.0,0.0,0.0
2021-09-04 10:00:56,0.0,34.43,0.0,0.0,0.0
2021-09-04 11:00:56,0.0,21.27,0.0,0.0,0.0
2021-09-04 12:00:56,0.0,18.2,0.0,0.0,0.0
2021-09-04 13:00:56,0.0,17.16,0.0,0.0,0.0
2021-09-04 14:00:56,0.0,29.43,0.0,0.0,0.0
2021-09-04 15:00:56,0.0,47.5,0.0,0.0,0.0
2021-09-04 16:00:56,0.0,18.59,0.0,0.0,0.0
2021-09-04 17:00:56,0.0,17.81,0.0,0.0,0.0
2021-09-04 18:00:56,0.0,17.19,0.0,0.0,0.0
2021-09-04 19:00:56,0.0,17.23,0.0,0.0,0.0
2021-09-04 20:00:56,0.0,16.91,0.0,0.0,0.0
2021-09-04 21:00:56,0.0,16.52,0.0,0.0,0.0
2021-09-04 22:00:56,0.0,17.19,0.0,0.0,0.0
2021-09-04 23:00:56,0.0,16.05,0.0,0.0,0.0
2021-09-05 00:00:56,0.0,16.54,0.0,0.0,0.0
2021-09-05 01:00:56,0.0,16.96,0.0,0.0,0.0
2021-09-05 02:00:56,0.0,0.0,0.0,0.0,0.0
2021-09-05 03:00:56,0.0,17.59,0.0,0.0,0.0
2021-09-05 04:00:56,0.0,17.18,0.0,0.0,0.0
2021-09-05 05:00:56,0.0,16.72,0.0,0.0,0.0
2021-09-05 06:00:56,0.0,16.95,0.0,0.0,0.0
2021-09-05 07:00:56,0.0,16.95,0.0,0.0,0.0
2021-09-05 08:00:56,0.0,17.35,0.0,0.0,0.0
2021-09-05 09:00:56,0.0,18.58,0.0,0.0,0.0
2021-09-05 10:00:56,0.0,17.25,0.0,0.0,0.0
2021-09-05 11:00:56,0.0,17.1,0.0,0.0,0.0
2021-09-05 12:00:56,0.0,17.64,0.0,0.0,0.0
2021-09-05 13:00:56,0.0,17.73,0.0,0.0,0.0
2021-09-05 14:00:56,0.0,17.75,0.0,0.0,0.0
2021-09-05 15:00:56,0.0,17.64,0.0,0.0,0.0
2021-09-05 16:00:56,0.0,16.9,0.0,0.0,0.0
2021-09-05 17:00:56,0.0,17.52,0.0,0.0,0.0
2021-09-05 18:00:56,0.0,17.23,0.0,0.0,0.0
2021-09-05 19:00:56,0.0,17.55,0.0,0.0,0.0
2021-09-05 20:00:56,0.0,16.87,0.0,0.0,0.0
2021-09-05 21:00:56,0.0,16.76,0.0,0.0,0.0
2021-09-05 22:00:56,0.0,16.74,0.0,0.0,0.0
2021-09-05 23:00:56,0.0,16.43,0.0,0.0,0.0
2021-09-06 00:00:56,0.0,16.81,0.0,0.0,0.0
2021-09-06 01:00:56,0.0,17.54,0.0,0.0,0.0
2021-09-06 02:00:56,0.0,19.13,0.0,0.0,0.0
2021-09-06 03:00:56,0.0,16.35,0.0,0.0,0.0
2021-09-06 04:00:56,0.0,17.45,0.0,0.0,0.0
2021-09-06 05:00:56,0.0,17.27,0.0,0.0,0.0
2021-09-06 06:00:56,0.0,16.95,0.0,0.0,0.0
2021-09-06 07:00:56,0.0,16.89,0.0,0.0,0.0
2021-09-06 08:00:56,0.0,30.35,0.0,0.0,0.0
2021-09-06 09:00:56,0.0,25.68,0.0,0.0,0.0
2021-09-06 10:00:56,0.0,21.51,0.0,0.0,0.0
2021-09-06 11:00:56,0.0,18.97,0.0,0.0,0.0
2021-09-06 12:00:56,0.0,18.64,0.0,0.0,0.0
2021-09-06 13:00:56,0.0,18.18,0.0,0.0,0.0
2021-09-06 14:00:56,0.0,17.83,0.0,0.0,0.0
2021-09-06 15:00:56,0.0,17.85,0.0,0.0,0.0
2021-09-06 16:00:56,0.0,17.54,0.0,0.0,0.0
2021-09-06 17:00:56,0.0,17.74,0.0,0.0,0.0
2021-09-06 18:00:56,0.0,17.64,0.0,0.0,0.0
2021-09-06 19:00:56,0.0,16.89,0.0,0.0,0.0
2021-09-06 20:00:56,0.0,17.25,0.0,0.0,0.0
2021-09-06 21:00:56,0.0,16.68,0.0,0.0,0.0
2021-09-06 22:00:56,0.0,17.23,0.0,0.0,0.0
2021-09-06 23:00:56,0.0,17.02,0.0,0.0,0.0
2021-09-07 00:00:56,0.0,16.83,0.0,0.0,0.0
2021-09-07 01:00:56,0.0,16.48,0.0,0.0,0.0
2021-09-07 02:00:56,0.0,0.0,0.0,0.0,0.0
2021-09-07 03:00:56,0.0,16.21,0.0,0.0,0.0
2021-09-07 04:00:56,0.0,16.78,0.0,0.0,0.0
2021-09-07 05:00:56,0.0,16.4,0.0,0.0,0.0
2021-09-07 06:00:56,0.0,16.59,0.0,0.0,0.0
2021-09-07 07:00:56,0.0,16.6,0.0,0.0,0.0
2021-09-07 08:00:56,0.0,16.4,0.0,0.0,0.0
2021-09-07 09:00:56,0.0,16.31,0.0,0.0,0.0
2021-09-07 10:00:56,0.0,19.97,0.0,0.0,0.0
2021-09-07 11:00:56,0.0,20.41,0.0,0.0,0.0
2021-09-07 12:00:56,0.0,17.75,0.0,0.0,0.0
2021-09-07 13:00:56,0.0,17.97,0.0,0.0,0.0
2021-09-07 14:00:56,0.0,16.46,0.0,0.0,0.0
2021-09-07 15:00:56,0.0,16.7,0.0,0.0,0.0
2021-09-07 16:00:56,0.0,17.73,0.0,0.0,0.0
2021-09-07 17:00:56,0.0,22.78,0.0,0.0,0.0
2021-09-07 18:00:56,0.0,18.11,0.0,0.0,0.0
2021-09-07 19:00:56,0.0,17.75,0.0,0.0,0.0
2021-09-07 20:00:56,0.0,17.58,0.0,0.0,0.0
2021-09-07 21:00:56,0.0,16.97,0.0,0.0,0.0
2021-09-07 22:00:56,0.0,17.04,0.0,0.0,0.0
2021-09-07 23:00:56,0.0,16.79,0.0,0.0,0.0
2021-09-08 00:00:56,0.0,16.05,0.0,0.0,0.0
2021-09-08 01:00:56,0.0,15.06,0.0,0.0,0.0
2021-09-08 02:00:56,0.0,0.0,0.0,0.0,0.0
2021-09-08 03:00:56,0.0,16.75,0.0,0.0,0.0
2021-09-08 04:00:56,0.0,16.18,0.0,0.0,0.0
2021-09-08 05:00:56,0.0,16.47,0.0,0.0,0.0
2021-09-08 06:00:56,0.0,16.44,0.0,0.0,0.0
2021-09-08 07:00:56,0.0,16.63,0.0,0.0,0.0
2021-09-08 08:00:56,0.0,16.86,0.0,0.0,0.0
2021-09-08 09:00:56,0.0,16.81,0.0,0.0,0.0
2021-09-08 10:00:56,0.0,16.38,0.0,0.0,0.0
2021-09-08 11:00:56,0.0,16.44,0.0,0.0,0.0
2021-09-08 12:00:56,0.0,19.06,0.0,0.0,0.0
2021-09-08 13:00:56,0.0,23.43,0.0,0.0,0.0
2021-09-08 14:00:56,0.0,26.47,0.0,0.0,0.0
2021-09-08 15:00:56,0.0,39.56,0.0,0.0,0.0
2021-09-08 16:00:56,0.0,58.37,0.0,0.0,0.0
2021-09-08 17:00:56,0.0,55.2,0.0,0.0,0.0
2021-09-08 18:00:56,0.0,72.96,0.0,0.0,0.0
2021-09-08 19:00:56,0.0,35.13,0.0,0.0,0.0
2021-09-08 20:00:56,0.0,21.75,0.0,0.0,0.0
2021-09-08 21:00:56,0.0,18.56,0.0,0.0,0.0
2021-09-08 22:00:56,0.0,18.18,0.0,0.0,0.0
2021-09-08 23:00:56,0.0,17.28,0.0,0.0,0.0
2021-09-09 00:00:56,0.0,16.62,0.0,0.0,0.0
2021-09-09 01:00:56,0.0,16.91,0.0,0.0,0.0
2021-09-09 02:00:56,0.0,0.0,0.0,0.0,0.0
2021-09-09 03:00:56,0.0,16.92,0.0,0.0,0.0
2021-09-09 04:00:56,0.0,16.76,0.0,0.0,0.0
2021-09-09 05:00:56,0.0,16.31,0.0,0.0,0.0
2021-09-09 06:00:56,0.0,16.22,0.0,0.0,0.0
2021-09-09 07:00:56,0.0,17.18,0.0,0.0,0.0
2021-09-09 08:00:56,0.0,17.72,0.0,0.0,0.0
2021-09-09 09:00:56,0.0,18.4,0.0,0.0,0.0
2021-09-09 10:00:56,0.0,18.62,0.0,0.0,0.0
2021-09-09 11:00:56,0.0,54.27,0.0,0.0,0.0
2021-09-09 12:00:56,0.0,68.36,0.0,0.0,0.0
2021-09-09 13:00:56,0.0,43.2,0.0,0.0,0.0
2021-09-09 14:00:56,0.0,24.15,0.0,0.0,0.0
2021-09-09 15:00:56,0.0,25.03,0.0,0.0,0.0
2021-09-09 16:00:56,0.0,24.03,0.0,0.0,0.0
2021-09-09 17:00:56,0.0,24.05,0.0,0.0,0.0
2021-09-09 18:00:56,0.0,21.42,0.0,0.0,0.0
2021-09-09 19:00:56,0.0,19.52,0.0,0.0,0.0
2021-09-09 20:00:56,0.0,18.57,0.0,0.0,0.0
2021-09-09 21:00:56,0.0,18.14,0.0,0.0,0.0
2021-09-09 22:00:56,0.0,17.96,0.0,0.0,0.0
2021-09-09 23:00:56,0.0,17.49,0.0,0.0,0.0
2021-09-10 00:00:56,0.0,17.17,0.0,0.0,0.0
2021-09-10 01:00:56,0.0,17.35,0.0,0.0,0.0
2021-09-10 02:00:56,0.0,0.0,0.0,0.0,0.0
2021-09-10 03:00:56,0.0,17.47,0.0,0.0,0.0
2021-09-10 04:00:56,0.0,17.31,0.0,0.0,0.0
2021-09-10 05:00:56,0.0,16.65,0.0,0.0,0.0
2021-09-10 06:00:56,0.0,17.18,0.0,0.0,0.0
2021-09-10 07:00:56,0.0,16.98,0.0,0.0,0.0
2021-09-10 08:00:56,0.0,18.02,0.0,0.0,0.0
2021-09-10 09:00:56,0.0,19.04,0.0,0.0,0.0
2021-09-10 10:00:56,0.0,18.97,0.0,0.0,0.0
2021-09-10 11:00:56,0.0,17.79,0.0,0.0,0.0
2021-09-10 12:00:56,0.0,17.53,0.0,0.0,0.0
2021-09-10 13:00:56,0.0,17.44,0.0,0.0,0.0
2021-09-10 14:00:56,0.0,17.55,0.0,0.0,0.0
2021-09-10 15:00:56,0.0,17.71,0.0,0.0,0.0
2021-09-10 16:00:56,0.0,18.16,0.0,0.0,0.0
2021-09-10 17:00:56,0.0,18.57,0.0,0.0,0.0
2021-09-10 18:00:56,0.0,18.83,0.0,0.0,0.0
2021-09-10 19:00:56,0.0,18.74,0.0,0.0,0.0
2021-09-10 20:00:56,0.0,17.72,0.0,0.0,0.0
2021-09-10 21:00:56,0.0,17.42,0.0,0.0,0.0
2021-09-10 22:00:56,0.0,17.59,0.0,0.0,0.0
2021-09-10 23:00:56,0.0,17.21,0.0,0.0,0.0
2021-09-11 00:00:56,0.0,16.92,0.0,0.0,0.0
2021-09-11 01:00:56,0.0,17.11,0.0,0.0,0.0
2021-09-11 02:00:56,0.0,19.05,0.0,0.0,0.0
2021-09-11 03:00:56,0.0,17.42,0.0,0.0,0.0
2021-09-11 04:00:56,0.0,17.4,0.0,0.0,0.0
2021-09-11 05:00:56,0.0,17.72,0.0,0.0,0.0
2021-09-11 06:00:56,0.0,17.61,0.0,0.0,0.0
2021-09-11 07:00:56,0.0,17.72,0.0,0.0,0.0
2021-09-11 08:00:56,0.0,17.84,0.0,0.0,0.0
2021-09-11 09:00:56,0.0,17.82,0.0,0.0,0.0
2021-09-11 10:00:56,0.0,17.53,0.0,0.0,0.0
2021-09-11 11:00:56,0.0,17.38,0.0,0.0,0.0
2021-09-11 12:00:56,0.0,17.95,0.0,0.0,0.0
2021-09-11 13:00:56,0.0,17.98,0.0,0.0,0.0
2021-09-11 14:00:56,0.0,17.92,0.0,0.0,0.0
2021-09-11 15:00:56,0.0,19.21,0.0,0.0,0.0
2021-09-11 16:00:56,0.0,19.52,0.0,0.0,0.0
2021-09-11 17:00:56,0.0,20.09,0.0,0.0,0.0
2021-09-11 18:00:56,0.0,21.66,0.0,0.0,0.0
2021-09-11 19:00:56,0.0,19.1,0.0,0.0,0.0
2021-09-11 20:00:56,0.0,18.23,0.0,0.0,0.0
2021-09-11 21:00:56,0.0,18.24,0.0,0.0,0.0
2021-09-11 22:00:56,0.0,17.97,0.0,0.0,0.0
2021-09-11 23:00:56,0.0,17.32,0.0,0.0,0.0
2021-09-12 00:00:56,0.0,17.91,0.0,0.0,0.0
2021-09-12 01:00:56,0.0,18.35,0.0,0.0,0.0
2021-09-12 02:00:56,0.0,0.0,0.0,0.0,0.0
2021-09-12 03:00:56,0.0,18.81,0.0,0.0,0.0
2021-09-12 04:00:56,0.0,18.28,0.0,0.0,0.0
2021-09-12 05:00:56,0.0,18.35,0.0,0.0,0.0
2021-09-12 06:00:56,0.0,17.48,0.0,0.0,0.0
2021-09-12 07:00:56,0.0,18.38,0.0,0.0,0.0
2021-09-12 08:00:56,0.0,17.87,0.0,0.0,0.0
2021-09-12 09:00:56,0.0,16.89,0.0,0.0,0.0
2021-09-12 10:00:56,0.0,17.54,0.0,0.0,0.0
2021-09-12 11:00:56,0.0,17.64,0.0,0.0,0.0
2021-09-12 12:00:56,0.0,17.96,0.0,0.0,0.0
2021-09-12 13:00:56,0.0,25.9,0.0,0.0,0.0
2021-09-12 14:00:56,0.0,25.01,0.0,0.0,0.0
2021-09-12 15:00:56,0.0,26.57,0.0,0.0,0.0
2021-09-12 16:00:56,0.0,21.55,0.0,0.0,0.0
2021-09-12 17:00:56,0.0,20.32,0.0,0.0,0.0
2021-09-12 18:00:56,0.0,19.63,0.0,0.0,0.0
2021-09-12 19:00:56,0.0,19.0,0.0,0.0,0.0
2021-09-12 20:00:56,0.0,18.63,0.0,0.0,0.0
2021-09-12 21:00:56,0.0,17.98,0.0,0.0,0.0
2021-09-12 22:00:56,0.0,17.78,0.0,0.0,0.0
2021-09-12 23:00:56,0.0,18.2,0.0,0.0,0.0
2021-09-13 00:00:56,0.0,17.66,0.0,0.0,0.0
2021-09-13 01:00:56,0.0,17.31,0.0,0.0,0.0
2021-09-13 02:00:56,0.0,0.0,0.0,0.0,0.0
2021-09-13 03:00:56,0.0,18.2,0.0,0.0,0.0
2021-09-13 04:00:56,0.0,17.78,0.0,0.0,0.0
2021-09-13 05:00:56,0.0,18.13,0.0,0.0,0.0
2021-09-13 06:00:56,0.0,17.29,0.0,0.0,0.0
2021-09-13 07:00:56,0.0,18.99,0.0,0.0,0.0
2021-09-13 08:00:56,0.0,20.09,0.0,0.0,0.0
2021-09-13 09:00:56,0.0,28.87,0.0,0.0,0.0
2021-09-13 10:00:56,0.0,68.71,0.0,0.0,0.0
2021-09-13 11:00:56,0.0,49.61,0.0,0.0,0.0
2021-09-13 12:00:56,0.0,60.98,0.0,0.0,0.0
2021-09-13 13:00:56,0.0,29.37,0.0,0.0,0.0
2021-09-13 14:00:56,0.0,22.63,0.0,0.0,0.0
2021-09-13 15:00:56,0.0,21.41,0.0,0.0,0.0
2021-09-13 16:00:56,0.0,20.53,0.0,0.0,0.0
2021-09-13 17:00:56,0.0,19.98,0.0,0.0,0.0
2021-09-13 18:00:56,0.0,19.5,0.0,0.0,0.0
2021-09-13 19:00:56,0.0,19.41,0.0,0.0,0.0
2021-09-13 20:00:56,0.0,18.84,0.0,0.0,0.0
2021-09-13 21:00:56,0.0,19.25,0.0,0.0,0.0
2021-09-13 22:00:56,0.0,18.51,0.0,0.0,0.0
2021-09-13 23:00:56,0.0,18.72,0.0,0.0,0.0
2021-09-14 00:00:56,0.0,18.7,0.0,0.0,0.0
2021-09-14 01:00:56,0.0,18.56,0.0,0.0,0.0
2021-09-14 02:00:56,0.0,19.98,0.0,0.0,0.0
2021-09-14 03:00:56,0.0,18.52,0.0,0.0,0.0
2021-09-14 04:00:56,0.0,18.41,0.0,0.0,0.0
2021-09-14 05:00:56,0.0,18.11,0.0,0.0,0.0
2021-09-14 06:00:56,0.0,18.06,0.0,0.0,0.0
2021-09-14 07:00:56,0.0,17.83,0.0,0.0,0.0
2021-09-14 08:00:56,0.0,18.0,0.0,0.0,0.0
2021-09-14 09:00:56,0.0,17.83,0.0,0.0,0.0
2021-09-14 10:00:56,0.0,18.02,0.0,0.0,0.0
2021-09-14 11:00:56,0.0,17.61,0.0,0.0,0.0
2021-09-14 12:00:56,0.0,18.48,0.0,0.0,0.0
2021-09-14 13:00:56,0.0,19.33,0.0,0.0,0.0
2021-09-14 14:00:56,0.0,24.31,0.0,0.0,0.0
2021-09-14 15:00:56,0.0,19.88,0.0,0.0,0.0
2021-09-14 16:00:56,0.0,0.0,0.0,0.0,0.0
2021-09-14 17:00:56,0.0,22.7,0.0,0.0,0.0
2021-09-14 18:00:56,0.0,14.15,0.0,0.0,0.0
2021-09-14 19:00:56,0.0,18.08,0.0,0.0,0.0
2021-09-14 20:00:56,0.0,18.53,0.0,0.0,0.0
2021-09-14 21:00:56,0.0,18.03,0.0,0.0,0.0
2021-09-14 22:00:56,0.0,18.24,0.0,0.0,0.0
2021-09-14 23:00:56,0.0,18.62,0.0,0.0,0.0
2021-09-15 00:00:56,0.0,18.34,0.0,0.0,0.0
2021-09-15 01:00:56,0.0,18.46,0.0,0.0,0.0
2021-09-15 02:00:56,0.0,0.0,0.0,0.0,0.0
2021-09-15 03:00:56,0.0,19.16,0.0,0.0,0.0
2021-09-15 04:00:56,0.0,18.35,0.0,0.0,0.0
2021-09-15 05:00:56,0.0,17.9,0.0,0.0,0.0
2021-09-15 06:00:56,0.0,18.58,0.0,0.0,0.0
2021-09-15 07:00:56,0.0,17.41,0.0,0.0,0.0
2021-09-15 08:00:56,0.0,18.18,0.0,0.0,0.0
2021-09-15 09:00:56,0.0,18.6,0.0,0.0,0.0
2021-09-15 10:00:56,0.0,18.62,0.0,0.0,0.0
2021-09-15 11:00:56,0.0,18.54,0.0,0.0,0.0
2021-09-15 12:00:56,0.0,18.2,0.0,0.0,0.0
2021-09-15 13:00:56,0.0,18.7,0.0,0.0,0.0
2021-09-15 14:00:56,0.0,18.74,0.0,0.0,0.0
2021-09-15 15:00:56,0.0,17.85,0.0,0.0,0.0
2021-09-15 16:00:56,0.0,16.91,0.0,0.0,0.0
2021-09-15 17:00:56,0.0,18.75,0.0,0.0,0.0
2021-09-15 18:00:56,0.0,19.39,0.0,0.0,0.0
2021-09-15 19:00:56,0.0,18.64,0.0,0.0,0.0
2021-09-15 20:00:56,0.0,19.03,0.0,0.0,0.0
2021-09-15 21:00:56,0.0,18.75,0.0,0.0,0.0
2021-09-15 22:00:56,0.0,18.84,0.0,0.0,0.0
2021-09-15 23:00:56,0.0,19.0,0.0,0.0,0.0
2021-09-16 00:00:56,0.0,18.2,0.0,0.0,0.0
2021-09-16 01:00:56,0.0,18.86,0.0,0.0,0.0
2021-09-16 02:00:56,0.0,21.69,0.0,0.0,0.0
2021-09-16 03:00:56,0.0,18.87,0.0,0.0,0.0
2021-09-16 04:00:56,0.0,18.68,0.0,0.0,0.0
2021-09-16 05:00:56,0.0,18.7,0.0,0.0,0.0
2021-09-16 06:00:56,0.0,18.71,0.0,0.0,0.0
2021-09-16 07:00:56,0.0,18.11,0.0,0.0,0.0
2021-09-16 08:00:56,0.0,19.0,0.0,0.0,0.0
2021-09-16 09:00:56,0.0,18.87,0.0,0.0,0.0
2021-09-16 10:00:56,0.0,19.24,0.0,0.0,0.0
2021-09-16 11:00:56,0.0,18.77,0.0,0.0,0.0
2021-09-16 12:00:56,0.0,18.58,0.0,0.0,0.0
2021-09-16 13:00:56,0.0,18.85,0.0,0.0,0.0
2021-09-16 14:00:56,0.0,18.58,0.0,0.0,0.0
2021-09-16 15:00:56,0.0,18.77,0.0,0.0,0.0
2021-09-16 16:00:56,0.0,18.61,0.0,0.0,0.0
2021-09-16 17:00:56,0.0,18.11,0.0,0.0,0.0
2021-09-16 18:00:56,0.0,18.72,0.0,0.0,0.0
2021-09-16 19:00:56,0.0,18.21,0.0,0.0,0.0
2021-09-16 20:00:56,0.0,18.48,0.0,0.0,0.0
2021-09-16 21:00:56,0.0,18.31,0.0,0.0,0.0
2021-09-16 22:00:56,0.0,18.98,0.0,0.0,0.0
2021-09-16 23:00:56,0.0,18.66,0.0,0.0,0.0
2021-09-17 00:00:56,0.0,18.85,0.0,0.0,0.0
2021-09-17 01:00:56,0.0,18.21,0.0,0.0,0.0
2021-09-17 02:00:56,0.0,0.0,0.0,0.0,0.0
2021-09-17 03:00:56,0.0,18.87,0.0,0.0,0.0
2021-09-17 04:00:56,0.0,18.98,0.0,0.0,0.0
2021-09-17 05:00:56,0.0,18.71,0.0,0.0,0.0
2021-09-17 06:00:56,0.0,18.66,0.0,0.0,0.0
2021-09-17 07:00:56,0.0,18.58,0.0,0.0,0.0
2021-09-17 08:00:56,0.0,18.7,0.0,0.0,0.0
2021-09-17 09:00:56,0.0,18.64,0.0,0.0,0.0
2021-09-17 10:00:56,0.0,19.0,0.0,0.0,0.0
2021-09-17 11:00:56,0.0,18.51,0.0,0.0,0.0
2021-09-17 12:00:56,0.0,18.77,0.0,0.0,0.0
2021-09-17 13:00:56,0.0,18.58,0.0,0.0,0.0
2021-09-17 14:00:56,0.0,19.04,0.0,0.0,0.0
2021-09-17 15:00:56,0.0,18.91,0.0,0.0,0.0
2021-09-17 16:00:56,0.0,19.97,0.0,0.0,0.0
2021-09-17 17:00:56,0.0,19.39,0.0,0.0,0.0
2021-09-17 18:00:56,0.0,19.82,0.0,0.0,0.0
2021-09-17 19:00:56,0.0,17.53,0.0,0.0,0.0
2021-09-17 20:00:56,0.0,18.5,0.0,0.0,0.0
2021-09-17 21:00:56,0.0,19.39,0.0,0.0,0.0
2021-09-17 22:00:56,0.0,19.19,0.0,0.0,0.0
2021-09-17 23:00:56,0.0,19.67,0.0,0.0,0.0
2021-09-18 00:00:56,0.0,19.45,0.0,0.0,0.0
2021-09-18 01:00:56,0.0,19.83,0.0,0.0,0.0
2021-09-18 02:00:56,0.0,0.0,0.0,0.0,0.0
2021-09-18 03:00:56,0.0,19.6,0.0,0.0,0.0
2021-09-18 04:00:56,0.0,18.84,0.0,0.0,0.0
2021-09-18 05:00:56,0.0,18.88,0.0,0.0,0.0
2021-09-18 06:00:56,0.0,19.22,0.0,0.0,0.0
2021-09-18 07:00:56,0.0,19.35,0.0,0.0,0.0
2021-09-18 08:00:56,0.0,20.16,0.0,0.0,0.0
2021-09-18 09:00:56,0.0,21.87,0.0,0.0,0.0
2021-09-18 10:00:56,0.0,20.56,0.0,0.0,0.0
2021-09-18 11:00:56,0.0,19.6,0.0,0.0,0.0
2021-09-18 12:00:56,0.0,19.48,0.0,0.0,0.0
2021-09-18 13:00:56,0.0,19.97,0.0,0.0,0.0
2021-09-18 14:00:56,0.0,19.3,0.0,0.0,0.0
2021-09-18 15:00:56,0.0,19.55,0.0,0.0,0.0
2021-09-18 16:00:56,0.0,64.13,0.0,0.0,0.0
2021-09-18 17:00:56,0.0,35.28,0.0,0.0,0.0
2021-09-18 18:00:56,0.0,22.62,0.0,0.0,0.0
2021-09-18 19:00:56,0.0,21.03,0.0,0.0,0.0
2021-09-18 20:00:56,0.0,20.78,0.0,0.0,0.0
2021-09-18 21:00:56,0.0,20.54,0.0,0.0,0.0
2021-09-18 22:00:56,0.0,21.38,0.0,0.0,0.0
2021-09-18 23:00:56,0.0,20.75,0.0,0.0,0.0
2021-09-19 00:00:56,0.0,20.74,0.0,0.0,0.0
2021-09-19 01:00:56,0.0,20.41,0.0,0.0,0.0
2021-09-19 02:00:56,0.0,0.0,0.0,0.0,0.0
2021-09-19 03:00:56,0.0,21.32,0.0,0.0,0.0
2021-09-19 04:00:56,0.0,20.96,0.0,0.0,0.0
2021-09-19 05:00:56,0.0,20.67,0.0,0.0,0.0
2021-09-19 06:00:56,0.0,19.54,0.0,0.0,0.0
2021-09-19 07:00:56,0.0,19.6,0.0,0.0,0.0
2021-09-19 08:00:56,0.0,20.14,0.0,0.0,0.0
2021-09-19 09:00:56,0.0,19.24,0.0,0.0,0.0
2021-09-19 10:00:56,0.0,20.38,0.0,0.0,0.0
2021-09-19 11:00:56,0.0,20.78,0.0,0.0,0.0
2021-09-19 12:00:56,0.0,30.53,0.0,0.0,0.0
2021-09-19 13:00:56,0.0,22.3,0.0,0.0,0.0
2021-09-19 14:00:56,0.0,20.88,0.0,0.0,0.0
2021-09-19 15:00:56,0.0,20.62,0.0,0.0,0.0
2021-09-19 16:00:56,0.0,20.08,0.0,0.0,0.0
2021-09-19 17:00:56,0.0,19.6,0.0,0.0,0.0
2021-09-19 18:00:56,0.0,19.71,0.0,0.0,0.0
2021-09-19 19:00:56,0.0,19.47,0.0,0.0,0.0
2021-09-19 20:00:56,0.0,19.59,0.0,0.0,0.0
2021-09-19 21:00:56,0.0,20.04,0.0,0.0,0.0
2021-09-19 22:00:56,0.0,19.51,0.0,0.0,0.0
2021-09-19 23:00:56,0.0,20.18,0.0,0.0,0.0
2021-09-20 00:00:56,0.0,19.84,0.0,0.0,0.0
2021-09-20 01:00:56,0.0,19.88,0.0,0.0,0.0
2021-09-20 02:00:56,0.0,0.0,0.0,0.0,0.0
2021-09-20 03:00:56,0.0,19.89,0.0,0.0,0.0
2021-09-20 04:00:56,0.0,21.15,0.0,0.0,0.0
2021-09-20 05:00:56,0.0,20.35,0.0,0.0,0.0
2021-09-20 06:00:56,0.0,19.97,0.0,0.0,0.0
2021-09-20 07:00:56,0.0,20.12,0.0,0.0,0.0
2021-09-20 08:00:56,0.0,20.12,0.0,0.0,0.0
2021-09-20 09:00:56,0.0,20.11,0.0,0.0,0.0
2021-09-20 10:00:56,0.0,20.69,0.0,0.0,0.0
2021-09-20 11:00:56,0.0,30.75,0.0,0.0,0.0
2021-09-20 12:00:56,0.0,25.46,0.0,0.0,0.0
2021-09-20 13:00:56,0.0,23.84,0.0,0.0,0.0
2021-09-20 14:00:56,0.0,26.28,0.0,0.0,0.0
2021-09-20 15:00:56,0.0,40.97,0.0,0.0,0.0
2021-09-20 16:00:56,0.0,48.11,0.0,0.0,0.0
2021-09-20 17:00:56,0.0,25.04,0.0,0.0,0.0
2021-09-20 18:00:56,0.0,22.62,0.0,0.0,0.0
2021-09-20 19:00:56,0.0,21.58,0.0,0.0,0.0
2021-09-20 20:00:56,0.0,20.99,0.0,0.0,0.0
2021-09-20 21:00:56,0.0,21.69,0.0,0.0,0.0
2021-09-20 22:00:56,0.0,20.8,0.0,0.0,0.0
2021-09-20 23:00:56,0.0,19.85,0.0,0.0,0.0
2021-09-21 00:00:56,0.0,21.2,0.0,0.0,0.0
2021-09-21 01:00:56,0.0,21.25,0.0,0.0,0.0
2021-09-21 02:00:56,0.0,0.0,0.0,0.0,0.0
2021-09-21 03:00:56,0.0,21.14,0.0,0.0,0.0
2021-09-21 04:00:56,0.0,21.81,0.0,0.0,0.0
2021-09-21 05:00:56,0.0,22.04,0.0,0.0,0.0
2021-09-21 06:00:56,0.0,20.89,0.0,0.0,0.0
2021-09-21 07:00:56,0.0,22.0,0.0,0.0,0.0
2021-09-21 08:00:56,0.0,23.39,0.0,0.0,0.0
2021-09-21 09:00:56,0.0,22.35,0.0,0.0,0.0
2021-09-21 10:00:56,0.0,21.1,0.0,0.0,0.0
2021-09-21 11:00:56,0.0,20.41,0.0,0.0,0.0
2021-09-21 12:00:56,0.0,29.03,0.0,0.0,0.0
2021-09-21 13:00:56,0.0,25.5,0.0,0.0,0.0
2021-09-21 14:00:56,0.0,23.08,0.0,0.0,0.0
2021-09-21 15:00:56,0.0,21.8,0.0,0.0,0.0
2021-09-21 16:00:56,0.0,21.09,0.0,0.0,0.0
2021-09-21 17:00:56,0.0,20.86,0.0,0.0,0.0
2021-09-21 18:00:56,0.0,20.77,0.0,0.0,0.0
2021-09-21 19:00:56,0.0,20.53,0.0,0.0,0.0
2021-09-21 20:00:56,0.0,20.19,0.0,0.0,0.0
2021-09-21 21:00:56,0.0,20.38,0.0,0.0,0.0
2021-09-21 22:00:56,0.0,20.01,0.0,0.0,0.0
2021-09-21 23:00:56,0.0,19.74,0.0,0.0,0.0
2021-09-22 00:00:56,0.0,20.22,0.0,0.0,0.0
2021-09-22 01:00:56,0.0,19.87,0.0,0.0,0.0
2021-09-22 02:00:56,0.0,0.0,0.0,0.0,0.0
2021-09-22 03:00:56,0.0,19.45,0.0,0.0,0.0
2021-09-22 04:00:56,0.0,19.94,0.0,0.0,0.0
2021-09-22 05:00:56,0.0,20.31,0.0,0.0,0.0
2021-09-22 06:00:56,0.0,19.0,0.0,0.0,0.0
2021-09-22 07:00:56,0.0,20.08,0.0,0.0,0.0
2021-09-22 08:00:56,0.0,19.91,0.0,0.0,0.0
2021-09-22 09:00:56,0.0,19.02,0.0,0.0,0.0
2021-09-22 10:00:56,0.0,19.81,0.0,0.0,0.0
2021-09-22 11:00:56,0.0,19.11,0.0,0.0,0.0
2021-09-22 12:00:56,0.0,19.49,0.0,0.0,0.0
2021-09-22 13:00:56,0.0,20.36,0.0,0.0,0.0
2021-09-22 14:00:56,0.0,19.94,0.0,0.0,0.0
2021-09-22 15:00:56,0.0,19.94,0.0,0.0,0.0
2021-09-22 16:00:56,0.0,18.86,0.0,0.0,0.0
2021-09-22 17:00:56,0.0,19.37,0.0,0.0,0.0
2021-09-22 18:00:56,0.0,19.52,0.0,0.0,0.0
2021-09-22 19:00:56,0.0,19.51,0.0,0.0,0.0
2021-09-22 20:00:56,0.0,19.46,0.0,0.0,0.0
2021-09-22 21:00:56,0.0,19.99,0.0,0.0,0.0
2021-09-22 22:00:56,0.0,21.72,0.0,0.0,0.0
2021-09-22 23:00:56,0.0,19.43,0.0,0.0,0.0
2021-09-23 00:00:56,0.0,20.89,0.0,0.0,0.0
2021-09-23 01:00:56,0.0,23.09,0.0,0.0,0.0
2021-09-23 02:00:56,0.0,24.44,0.0,0.0,0.0
2021-09-23 03:00:56,0.0,21.42,0.0,0.0,0.0
2021-09-23 04:00:56,0.0,20.81,0.0,0.0,0.0
2021-09-23 05:00:56,0.0,19.86,0.0,0.0,0.0
2021-09-23 06:00:56,0.0,21.17,0.0,0.0,0.0
2021-09-23 07:00:56,0.0,20.74,0.0,0.0,0.0
2021-09-23 08:00:56,0.0,19.04,0.0,0.0,0.0
2021-09-23 09:00:56,0.0,20.53,0.0,0.0,0.0
2021-09-23 10:00:56,0.0,20.6,0.0,0.0,0.0
2021-09-23 11:00:56,0.0,20.54,0.0,0.0,0.0
2021-09-23 12:00:56,0.0,20.9,0.0,0.0,0.0
2021-09-23 13:00:56,0.0,20.75,0.0,0.0,0.0
2021-09-23 14:00:56,0.0,19.88,0.0,0.0,0.0
2021-09-23 15:00:56,0.0,19.77,0.0,0.0,0.0
2021-09-23 16:00:56,0.0,20.68,0.0,0.0,0.0
2021-09-23 17:00:56,0.0,19.96,0.0,0.0,0.0
2021-09-23 18:00:56,0.0,19.96,0.0,0.0,0.0
2021-09-23 19:00:56,0.0,19.71,0.0,0.0,0.0
2021-09-23 20:00:56,0.0,20.59,0.0,0.0,0.0
2021-09-23 21:00:56,0.0,19.58,0.0,0.0,0.0
2021-09-23 22:00:56,0.0,18.15,0.0,0.0,0.0
2021-09-23 23:00:56,0.0,19.59,0.0,0.0,0.0
2021-09-24 00:00:56,0.0,19.8,0.0,0.0,0.0
2021-09-24 01:00:56,0.0,19.29,0.0,0.0,0.0
2021-09-24 02:00:56,0.0,0.0,0.0,0.0,0.0
2021-09-24 03:00:56,0.0,19.79,0.0,0.0,0.0
2021-09-24 04:00:56,0.0,18.48,0.0,0.0,0.0
2021-09-24 05:00:56,0.0,18.97,0.0,0.0,0.0
2021-09-24 06:00:56,0.0,19.4,0.0,0.0,0.0
2021-09-24 07:00:56,0.0,19.22,0.0,0.0,0.0
2021-09-24 08:00:56,0.0,18.96,0.0,0.0,0.0
2021-09-24 09:00:56,0.0,19.59,0.0,0.0,0.0
2021-09-24 10:00:56,0.0,20.0,0.0,0.0,0.0
2021-09-24 11:00:56,0.0,20.17,0.0,0.0,0.0
2021-09-24 12:00:56,0.0,34.06,0.0,0.0,0.0
2021-09-24 13:00:56,0.0,23.1,0.0,0.0,0.0
2021-09-24 14:00:56,0.0,30.72,0.0,0.0,0.0
2021-09-24 15:00:56,0.0,22.81,0.0,0.0,0.0
2021-09-24 16:00:56,0.0,26.89,0.0,0.0,0.0
2021-09-24 17:00:56,0.0,23.03,0.0,0.0,0.0
2021-09-24 18:00:56,0.0,22.07,0.0,0.0,0.0
2021-09-24 19:00:56,0.0,21.6,0.0,0.0,0.0
2021-09-24 20:00:56,0.0,21.7,0.0,0.0,0.0
2021-09-24 21:00:56,0.0,20.63,0.0,0.0,0.0
2021-09-24 22:00:56,0.0,21.97,0.0,0.0,0.0
2021-09-24 23:00:56,0.0,20.8,0.0,0.0,0.0
2021-09-25 00:00:56,0.0,20.26,0.0,0.0,0.0
2021-09-25 01:00:56,0.0,20.17,0.0,0.0,0.0
2021-09-25 02:00:56,0.0,0.0,0.0,0.0,0.0
2021-09-25 03:00:56,0.0,20.79,0.0,0.0,0.0
2021-09-25 04:00:56,0.0,20.41,0.0,0.0,0.0
2021-09-25 05:00:56,0.0,20.95,0.0,0.0,0.0
2021-09-25 06:00:56,0.0,20.85,0.0,0.0,0.0
2021-09-25 07:00:56,0.0,20.91,0.0,0.0,0.0
2021-09-25 08:00:56,0.0,21.02,0.0,0.0,0.0
2021-09-25 09:00:56,0.0,20.47,0.0,0.0,0.0
2021-09-25 10:00:56,0.0,20.5,0.0,0.0,0.0
2021-09-25 11:00:56,0.0,19.92,0.0,0.0,0.0
2021-09-25 12:00:56,0.0,19.43,0.0,0.0,0.0
2021-09-25 13:00:56,0.0,19.48,0.0,0.0,0.0
2021-09-25 14:00:56,0.0,20.15,0.0,0.0,0.0
2021-09-25 15:00:56,0.0,20.51,0.0,0.0,0.0
2021-09-25 16:00:56,0.0,20.13,0.0,0.0,0.0
2021-09-25 17:00:56,0.0,19.51,0.0,0.0,0.0
2021-09-25 18:00:56,0.0,19.27,0.0,0.0,0.0
2021-09-25 19:00:56,0.0,19.52,0.0,0.0,0.0
2021-09-25 20:00:56,0.0,19.84,0.0,0.0,0.0
2021-09-25 21:00:56,0.0,20.06,0.0,0.0,0.0
2021-09-25 22:00:56,0.0,19.89,0.0,0.0,0.0
2021-09-25 23:00:56,0.0,19.3,0.0,0.0,0.0
2021-09-26 00:00:56,0.0,20.32,0.0,0.0,0.0
2021-09-26 01:00:56,0.0,20.95,0.0,0.0,0.0
2021-09-26 02:00:56,0.0,0.0,0.0,0.0,0.0
2021-09-26 03:00:56,0.0,19.88,0.0,0.0,0.0
2021-09-26 04:00:56,0.0,12.56,0.0,0.0,0.0
2021-09-26 05:00:56,0.0,19.63,0.0,0.0,0.0
2021-09-26 06:00:56,0.0,19.36,0.0,0.0,0.0
2021-09-26 07:00:56,0.0,19.44,0.0,0.0,0.0
2021-09-26 08:00:56,0.0,19.24,0.0,0.0,0.0
2021-09-26 09:00:56,0.0,19.76,0.0,0.0,0.0
2021-09-26 10:00:56,0.0,41.58,0.0,0.0,0.0
2021-09-26 11:00:56,0.0,30.99,0.0,0.0,0.0
2021-09-26 12:00:56,0.0,22.76,0.0,0.0,0.0
2021-09-26 13:00:56,0.0,30.52,0.0,0.0,0.0
2021-09-26 14:00:56,0.0,34.38,0.0,0.0,0.0
2021-09-26 15:00:56,0.0,51.68,0.0,0.0,0.0
2021-09-26 16:00:56,0.0,25.43,0.0,0.0,0.0
2021-09-26 17:00:56,0.0,26.83,0.0,0.0,0.0
2021-09-26 18:00:56,0.0,24.91,0.0,0.0,0.0
2021-09-26 19:00:56,0.0,23.67,0.0,0.0,0.0
2021-09-26 20:00:56,0.0,23.05,0.0,0.0,0.0
2021-09-26 21:00:56,0.0,22.95,0.0,0.0,0.0
2021-09-26 22:00:56,0.0,23.1,0.0,0.0,0.0
2021-09-26 23:00:56,0.0,23.74,0.0,0.0,0.0
2021-09-27 00:00:56,0.0,22.72,0.0,0.0,0.0
2021-09-27 01:00:56,0.0,22.23,0.0,0.0,0.0
2021-09-27 02:00:56,0.0,23.43,0.0,0.0,0.0
2021-09-27 03:00:56,0.0,21.04,0.0,0.0,0.0
2021-09-27 04:00:56,0.0,21.6,0.0,0.0,0.0
2021-09-27 05:00:56,0.0,21.33,0.0,0.0,0.0
2021-09-27 06:00:56,0.0,21.29,0.0,0.0,0.0
2021-09-27 07:00:56,0.0,21.2,0.0,0.0,0.0
2021-09-27 08:00:56,0.0,20.12,0.0,0.0,0.0
2021-09-27 09:00:56,0.0,19.53,0.0,0.0,0.0
2021-09-27 10:00:56,0.0,21.72,0.0,0.0,0.0
2021-09-27 11:00:56,0.0,22.17,0.0,0.0,0.0
2021-09-27 12:00:56,0.0,22.06,0.0,0.0,0.0
2021-09-27 13:00:56,0.0,21.97,0.0,0.0,0.0
2021-09-27 14:00:56,0.0,27.37,0.0,0.0,0.0
2021-09-27 15:00:56,0.0,38.7,0.0,0.0,0.0
2021-09-27 16:00:56,0.0,42.6,0.0,0.0,0.0
2021-09-27 17:00:56,0.0,26.37,0.0,0.0,0.0
2021-09-27 18:00:56,0.0,22.95,0.0,0.0,0.0
2021-09-27 19:00:56,0.0,24.2,0.0,0.0,0.0
2021-09-27 20:00:56,0.0,24.06,0.0,0.0,0.0
2021-09-27 21:00:56,0.0,23.42,0.0,0.0,0.0
2021-09-27 22:00:56,0.0,24.2,0.0,0.0,0.0
2021-09-27 23:00:56,0.0,23.57,0.0,26.91,38.97
2021-09-28 00:00:56,0.0,24.43,0.0,30.4,39.91
2021-09-28 01:00:56,0.0,24.0,0.0,28.14,39.4
2021-09-28 02:00:56,0.0,0.0,0.0,25.88,37.54
2021-09-28 03:00:56,0.0,23.7,0.0,25.47,36.73
2021-09-28 04:00:56,0.0,23.26,0.0,26.29,38.08
2021-09-28 05:00:56,0.0,21.66,0.0,24.65,36.71
2021-09-28 06:00:56,0.0,22.1,0.0,24.03,36.09
2021-09-28 07:00:56,0.0,21.94,0.0,28.35,40.81
2021-09-28 08:00:56,0.0,22.03,0.0,25.68,38.14
2021-09-28 09:00:56,0.0,22.56,0.0,28.35,39.87
2021-09-28 10:00:56,0.0,21.06,0.0,25.47,37.8
2021-09-28 11:00:56,0.0,25.01,0.0,29.78,42.65
2021-09-28 12:00:56,0.0,22.61,0.0,27.73,38.18
2021-09-28 13:00:56,0.0,22.03,0.0,26.29,37.15
2021-09-28 14:00:56,0.0,21.12,0.0,26.09,36.81
2021-09-28 15:00:56,0.0,20.95,0.0,27.11,37.43
2021-09-28 16:00:56,0.0,21.62,0.0,27.73,40.06
2021-09-28 17:00:56,0.0,21.65,0.0,28.96,41.83
2021-09-28 18:00:56,0.0,21.69,0.0,24.03,36.49
2021-09-28 19:00:56,0.0,21.45,0.0,27.52,38.78
2021-09-28 20:00:56,0.0,21.07,0.0,26.5,36.55
2021-09-28 21:00:56,0.0,21.12,0.0,27.52,39.05
2021-09-28 22:00:56,0.0,21.15,0.0,26.91,37.36
2021-09-28 23:00:56,0.0,21.42,0.0,26.5,37.75
2021-09-29 00:00:56,0.0,21.22,0.0,26.7,36.22
2021-09-29 01:00:56,0.0,21.43,0.0,25.68,38.41
2021-09-29 02:00:56,0.0,0.0,0.0,24.85,36.11
2021-09-29 03:00:56,0.0,21.68,0.0,24.44,37.57
2021-09-29 04:00:56,0.0,21.3,0.0,28.35,40.67
2021-09-29 05:00:56,0.0,21.03,0.0,27.32,39.78
2021-09-29 06:00:56,0.0,21.49,0.0,26.7,38.76
2021-09-29 07:00:56,0.0,21.0,0.0,27.73,39.79
2021-09-29 08:00:56,0.0,20.77,0.0,30.19,41.05
2021-09-29 09:00:56,0.0,20.96,0.0,25.06,36.31
2021-09-29 10:00:56,0.0,20.66,0.0,26.7,38.76
2021-09-29 11:00:56,0.0,21.34,0.0,28.14,38.46
2021-09-29 12:00:56,0.0,21.16,0.0,27.52,39.99
2021-09-29 13:00:56,0.0,21.18,0.0,26.09,38.82
2021-09-29 14:00:56,0.0,20.51,0.0,27.73,38.18
2021-09-29 15:00:56,0.0,21.04,0.0,31.22,40.87
2021-09-29 16:00:56,0.0,21.41,0.0,29.99,39.64
2021-09-29 17:00:56,0.0,20.98,0.0,27.52,38.24
2021-09-29 18:00:56,0.0,21.0,0.0,29.78,39.43
2021-09-29 19:00:56,0.0,21.16,0.0,25.47,38.33
2021-09-29 20:00:56,0.0,21.28,0.0,30.81,43.54
2021-09-29 21:00:56,0.0,21.03,0.0,28.76,41.08
2021-09-29 22:00:56,0.0,21.21,0.0,28.35,39.87
2021-09-29 23:00:56,0.0,21.12,0.0,28.14,40.47
2021-09-30 00:00:56,0.0,20.42,0.0,25.06,37.52
2021-09-30 01:00:56,0.0,20.98,0.0,28.96,40.22
2021-09-30 02:00:56,0.0,23.31,0.0,27.11,39.44
2021-09-30 03:00:56,0.0,22.11,0.0,28.35,35.58
2021-09-30 04:00:56,0.0,20.44,0.0,27.52,38.38
2021-09-30 05:00:56,0.0,21.33,0.0,24.24,36.16
2021-09-30 06:00:56,0.0,20.85,0.0,26.29,38.35
2021-09-30 07:00:56,0.0,20.28,0.0,25.88,37.54
2021-09-30 08:00:56,0.0,21.02,0.0,25.68,38.0
2021-09-30 09:00:56,0.0,20.65,0.0,27.32,39.38
2021-09-30 10:00:56,0.0,20.22,0.0,27.52,40.39
2021-09-30 11:00:56,0.0,20.02,0.0,27.11,39.57
2021-09-30 12:00:56,0.0,21.11,0.0,25.47,38.33
2021-09-30 13:00:56,0.0,19.09,0.0,27.93,39.19
2021-09-30 14:00:56,0.0,19.95,0.0,26.29,38.22
2021-09-30 15:00:56,0.0,21.24,0.0,29.58,40.43
2021-09-30 16:00:56,0.0,21.2,0.0,25.68,37.2
2021-09-30 17:00:56,0.0,20.78,0.0,28.76,39.48
2021-09-30 18:00:56,0.0,20.13,0.0,29.17,41.63
2021-09-30 19:00:56,0.0,20.44,0.0,29.17,41.09
2021-09-30 20:00:56,0.0,20.55,0.0,23.42,36.55
2021-09-30 21:00:56,0.0,20.87,0.0,28.76,40.41
2021-09-30 22:00:56,0.0,20.47,0.0,26.91,38.83
2021-09-30 23:00:56,0.0,21.62,0.0,25.68,38.0
2021-10-01 00:00:56,0.0,21.06,0.0,28.35,38.8
2021-10-01 01:00:56,0.0,21.07,0.0,28.96,42.09
2021-10-01 02:00:56,0.0,21.51,0.0,26.5,38.02
2021-10-01 03:00:56,0.0,20.55,0.0,27.93,39.06
2021-10-01 04:00:56,0.0,20.79,0.0,31.02,40.26
2021-10-01 05:00:56,0.0,20.39,0.0,25.88,37.0
2021-10-01 06:00:56,0.0,20.22,0.0,23.42,36.15
2021-10-01 07:00:56,0.0,20.8,0.0,27.73,40.19
2021-10-01 08:00:56,0.0,20.19,0.0,27.11,39.98
2021-10-01 09:00:56,0.0,19.92,0.0,27.52,39.05
2021-10-01 10:00:56,0.0,20.39,0.0,25.26,39.47
2021-10-01 11:00:56,0.0,20.48,0.0,27.93,39.46
2021-10-01 12:00:56,0.0,20.68,0.0,28.35,40.27
2021-10-01 13:00:56,0.0,19.67,0.0,29.99,40.84
2021-10-01 14:00:56,0.0,20.51,0.0,25.88,37.4
2021-10-01 15:00:56,0.0,19.93,0.0,29.78,39.83
2021-10-01 16:00:56,0.0,20.99,0.0,27.52,37.84
2021-10-01 17:00:56,0.0,21.31,0.0,25.88,37.4
2021-10-01 18:00:56,0.0,20.88,0.0,27.52,38.24
2021-10-01 19:00:56,0.0,20.79,0.0,28.55,39.0
2021-10-01 20:00:56,0.0,20.39,0.0,27.11,39.17
2021-10-01 21:00:56,0.0,20.22,0.0,25.88,37.54
2021-10-01 22:00:56,0.0,20.04,0.0,24.65,37.78
2021-10-01 23:00:56,0.0,20.16,0.0,26.29,38.35
2021-10-02 00:00:56,0.0,20.13,0.0,26.91,39.77
2021-10-02 01:00:56,0.0,19.66,0.0,25.88,37.4
2021-10-02 02:00:56,0.0,0.0,0.0,25.26,37.32
2021-10-02 03:00:56,0.0,20.88,0.0,28.76,38.27
2021-10-02 04:00:56,0.0,20.77,0.0,28.76,39.21
2021-10-02 05:00:56,0.0,19.73,0.0,26.5,37.75
2021-10-02 06:00:56,0.0,20.64,0.0,26.91,40.04
2021-10-02 07:00:56,0.0,20.74,0.0,27.93,38.79
2021-10-02 08:00:56,0.0,20.62,0.0,26.09,38.82
2021-10-02 09:00:56,0.0,20.04,0.0,24.65,36.98
2021-10-02 10:00:56,0.0,20.48,0.0,25.47,37.8
2021-10-02 11:00:56,0.0,36.69,0.0,23.42,36.55
2021-10-02 12:00:56,0.0,27.97,0.0,27.32,38.57
2021-10-02 13:00:56,0.0,22.47,0.0,26.5,38.96
2021-10-02 14:00:56,0.0,64.57,0.0,27.32,38.57
2021-10-02 15:00:56,0.0,49.34,0.0,28.14,38.59
2021-10-02 16:00:56,0.0,38.82,0.0,29.17,39.48
2021-10-02 17:00:56,0.0,26.79,0.0,27.32,37.37
2021-10-02 18:00:56,0.0,24.65,0.0,27.73,39.79
2021-10-02 19:00:56,0.0,23.21,0.0,25.26,36.39
2021-10-02 20:00:56,0.0,22.98,0.0,27.11,38.64
2021-10-02 21:00:56,0.0,22.72,0.0,22.59,36.93
2021-10-02 22:00:56,0.0,22.78,0.0,25.06,37.52
2021-10-02 23:00:56,0.0,22.25,0.0,27.32,39.24
2021-10-03 00:00:56,0.0,21.56,0.0,28.55,40.07
2021-10-03 01:00:56,0.0,22.1,0.0,30.4,39.65
2021-10-03 02:00:56,0.0,0.0,0.0,26.7,39.03
2021-10-03 03:00:56,0.0,23.1,0.0,26.09,38.95
2021-10-03 04:00:56,0.0,21.98,0.0,29.37,39.29
2021-10-03 05:00:56,0.0,21.81,0.0,28.14,38.99
2021-10-03 06:00:56,0.0,21.46,0.0,26.29,38.22
2021-10-03 07:00:56,0.0,21.04,0.0,26.5,37.75
2021-10-03 08:00:56,0.0,22.09,0.0,25.68,37.2
2021-10-03 09:00:56,0.0,21.17,0.0,24.85,36.51
2021-10-03 10:00:56,0.0,21.35,0.0,24.44,36.9
2021-10-03 11:00:56,0.0,21.79,0.0,23.83,35.08
2021-10-03 12:00:56,0.0,20.79,0.0,24.24,37.91
2021-10-03 13:00:56,0.0,20.66,0.0,27.73,41.4
2021-10-03 14:00:56,0.0,26.41,0.0,27.11,39.98
2021-10-03 15:00:56,0.0,23.48,0.0,27.32,38.57
2021-10-03 16:00:56,0.0,21.1,0.0,26.91,38.57
2021-10-03 17:00:56,0.0,22.51,0.0,22.59,37.07
2021-10-03 18:00:56,0.0,22.14,0.0,29.37,36.61
2021-10-03 19:00:56,0.0,20.95,0.0,26.5,37.35
2021-10-03 20:00:56,0.0,21.38,0.0,26.91,38.16
2021-10-03 21:00:56,0.0,21.27,0.0,22.8,35.66
2021-10-03 22:00:56,0.0,21.04,0.0,26.09,38.15
2021-10-03 23:00:56,0.0,20.87,0.0,24.65,38.18
2021-10-04 00:00:56,0.0,20.72,0.0,26.29,37.95
2021-10-04 01:00:56,0.0,20.57,0.0,27.32,40.99
2021-10-04 02:00:56,0.0,23.45,0.0,28.96,38.48
2021-10-04 03:00:56,0.0,20.59,0.0,27.11,39.44
2021-10-04 04:00:56,0.0,21.33,0.0,26.5,37.75
2021-10-04 05:00:56,0.0,20.16,0.0,26.91,38.43
2021-10-04 06:00:56,0.0,20.31,0.0,28.96,38.88
2021-10-04 07:00:56,0.0,21.3,0.0,27.93,38.39
2021-10-04 08:00:56,0.0,20.25,0.0,27.73,35.23
2021-10-04 09:00:56,0.0,21.0,0.0,26.5,37.75
2021-10-04 10:00:56,0.0,20.5,0.0,25.88,36.33
2021-10-04 11:00:56,0.0,19.84,0.0,25.68,37.6
2021-10-04 12:00:56,0.0,20.08,0.0,28.14,38.99
2021-10-04 13:00:56,0.0,20.4,0.0,27.52,38.38
2021-10-04 14:00:56,0.0,20.52,0.0,24.85,37.99
2021-10-04 15:00:56,0.0,20.38,0.0,26.29,39.96
2021-10-04 16:00:56,0.0,20.83,0.0,28.14,40.6
2021-10-04 17:00:56,0.0,20.85,0.0,27.73,38.05
2021-10-04 18:00:56,0.0,20.84,0.0,29.17,39.48
2021-10-04 19:00:56,0.0,20.34,0.0,28.35,39.87
2021-10-04 20:00:56,0.0,20.48,0.0,27.52,38.78
2021-10-04 21:00:56,0.0,21.02,0.0,26.91,37.63
2021-10-04 22:00:56,0.0,20.99,0.0,26.09,36.0
2021-10-04 23:00:56,0.0,20.36,0.0,28.55,38.87
2021-10-05 00:00:56,0.0,20.94,0.0,25.06,37.79
2021-10-05 01:00:56,0.0,20.39,0.0,25.06,36.72
2021-10-05 02:00:56,0.0,22.16,0.0,24.24,37.77
2021-10-05 03:00:56,0.0,20.48,0.0,25.47,37.93
2021-10-05 04:00:56,0.0,21.15,0.0,28.55,41.82
2021-10-05 05:00:56,0.0,20.32,0.0,26.91,37.76
2021-10-05 06:00:56,0.0,21.03,0.0,26.09,38.41
2021-10-05 07:00:56,0.0,20.18,0.0,27.52,37.98
2021-10-05 08:00:56,0.0,21.45,0.0,26.91,37.76
2021-10-05 09:00:56,0.0,20.95,0.0,26.29,37.82
2021-10-05 10:00:56,0.0,21.32,0.0,25.88,37.4
2021-10-05 11:00:56,0.0,20.57,0.0,26.7,37.02
2021-10-05 12:00:56,0.0,20.69,0.0,25.68,36.13
2021-10-05 13:00:56,0.0,21.42,0.0,26.7,38.36
2021-10-05 14:00:56,0.0,21.03,0.0,29.78,37.42
2021-10-05 15:00:56,0.0,21.77,0.0,25.47,38.2
2021-10-05 16:00:56,0.0,21.36,0.0,27.93,39.99
2021-10-05 17:00:56,0.0,21.39,0.0,25.06,38.32
2021-10-05 18:00:56,0.0,21.54,0.0,28.35,40.0
2021-10-05 19:00:56,0.0,20.39,0.0,26.91,38.03
2021-10-05 20:00:56,0.0,20.9,0.0,25.68,39.74
2021-10-05 21:00:56,0.0,21.06,0.0,28.14,39.4
2021-10-05 22:00:56,0.0,21.18,0.0,29.37,39.69
2021-10-05 23:00:56,0.0,20.05,0.0,29.58,38.02
2021-10-06 00:00:56,0.0,21.3,0.0,27.52,38.24
2021-10-06 01:00:56,0.0,20.41,0.0,25.68,37.6
2021-10-06 02:00:56,0.0,0.0,0.0,27.73,40.19
2021-10-06 03:00:56,0.0,20.69,0.0,26.09,36.54
2021-10-06 04:00:56,0.0,20.92,0.0,25.06,35.91
2021-10-06 05:00:56,0.0,20.58,0.0,28.55,39.27
2021-10-06 06:00:56,0.0,20.49,0.0,25.47,38.33
2021-10-06 07:00:56,0.0,21.02,0.0,26.09,39.22
2021-10-06 08:00:56,0.0,20.17,0.0,26.29,39.83
2021-10-06 09:00:56,0.0,20.5,0.0,26.7,38.63
2021-10-06 10:00:56,0.0,19.83,0.0,25.88,34.99
2021-10-06 11:00:56,0.0,20.11,0.0,29.58,40.3
2021-10-06 12:00:56,0.0,20.02,0.0,30.81,41.53
2021-10-06 13:00:56,0.0,20.34,0.0,27.93,38.39
2021-10-06 14:00:56,0.0,20.37,0.0,28.14,38.86
2021-10-06 15:00:56,0.0,20.3,0.0,26.91,38.16
2021-10-06 16:00:56,0.0,21.04,0.0,25.47,37.8
2021-10-06 17:00:56,0.0,20.09,0.0,27.32,40.85
2021-10-06 18:00:56,0.0,19.95,0.0,24.03,35.96
2021-10-06 19:00:56,0.0,20.38,0.0,26.5,39.76
2021-10-06 20:00:56,0.0,19.94,0.0,24.85,37.72
2021-10-06 21:00:56,0.0,20.57,0.0,26.29,38.35
2021-10-06 22:00:56,0.0,20.17,0.0,26.91,38.83
2021-10-06 23:00:56,0.0,19.74,0.0,26.7,39.16
2021-10-07 00:00:56,0.0,20.77,0.0,27.93,40.93
2021-10-07 01:00:56,0.0,19.44,0.0,28.14,39.26
2021-10-07 02:00:56,0.0,0.0,0.0,26.29,37.55
2021-10-07 03:00:56,0.0,21.07,0.0,25.68,35.72
2021-10-07 04:00:56,0.0,20.09,0.0,28.14,38.06
2021-10-07 05:00:56,0.0,21.06,0.0,25.26,37.59
2021-10-07 06:00:56,0.0,21.15,0.0,30.19,38.64
2021-10-07 07:00:56,0.0,20.7,0.0,24.85,37.72
2021-10-07 08:00:56,0.0,21.01,0.0,26.7,36.35
2021-10-07 09:00:56,0.0,20.99,0.0,26.7,38.36
2021-10-07 10:00:56,0.0,20.0,0.0,25.47,38.2
2021-10-07 11:00:56,0.0,22.82,0.0,27.93,38.65
2021-10-07 12:00:56,0.0,21.15,0.0,25.47,38.74
2021-10-07 13:00:56,0.0,21.31,0.0,27.11,39.17
2021-10-07 14:00:56,0.0,36.21,0.0,28.14,38.59
2021-10-07 15:00:56,0.0,30.75,0.0,30.4,40.72
2021-10-07 16:00:56,0.0,25.05,0.0,28.76,39.07
2021-10-07 17:00:56,0.0,23.57,0.0,27.32,38.04
2021-10-07 18:00:56,0.0,22.15,0.0,27.11,36.76
2021-10-07 19:00:56,0.0,22.42,0.0,28.14,38.86
2021-10-07 20:00:56,0.0,21.87,0.0,29.99,40.84
2021-10-07 21:00:56,0.0,22.26,0.0,23.83,34.95
2021-10-07 22:00:56,0.0,21.84,0.0,25.88,37.4
2021-10-07 23:00:56,0.0,22.65,0.0,23.83,36.56
2021-10-08 00:00:56,0.0,22.36,0.0,26.91,38.43
2021-10-08 01:00:56,0.0,21.77,0.0,25.06,37.92
2021-10-08 02:00:56,0.0,0.0,0.0,29.37,43.04
2021-10-08 03:00:56,0.0,22.01,0.0,25.47,37.93
2021-10-08 04:00:56,0.0,21.31,0.0,22.18,36.12
2021-10-08 05:00:56,0.0,21.25,0.0,29.37,38.62
2021-10-08 06:00:56,0.0,21.13,0.0,28.76,38.81
2021-10-08 07:00:56,0.0,21.36,0.0,27.11,37.03
2021-10-08 08:00:56,0.0,21.57,0.0,28.14,40.2
2021-10-08 09:00:56,0.0,24.55,0.0,27.11,37.43
2021-10-08 10:00:56,0.0,24.53,0.0,27.52,38.38
2021-10-08 11:00:56,0.0,22.39,0.0,25.88,37.14
2021-10-08 12:00:56,0.0,29.94,0.0,23.83,36.69
2021-10-08 13:00:56,0.0,35.68,0.0,25.68,37.73
2021-10-08 14:00:56,0.0,25.52,0.0,27.73,40.06
2021-10-08 15:00:56,0.0,23.46,0.0,25.88,39.82
2021-10-08 16:00:56,0.0,22.74,0.0,26.91,38.43
2021-10-08 17:00:56,0.0,22.39,0.0,26.7,38.36
2021-10-08 18:00:56,0.0,22.65,0.0,26.91,38.16
2021-10-08 19:00:56,0.0,22.32,0.0,27.32,38.98
2021-10-08 20:00:56,0.0,22.69,0.0,27.32,38.57
2021-10-08 21:00:56,0.0,22.17,0.0,28.35,39.87
2021-10-08 22:00:56,0.0,22.57,0.0,26.09,39.22
2021-10-08 23:00:56,0.0,22.4,0.0,26.09,38.55
2021-10-09 00:00:56,0.0,21.89,0.0,25.26,36.12
2021-10-09 01:00:56,0.0,22.11,0.0,25.88,37.81
2021-10-09 02:00:56,0.0,24.55,0.0,21.57,35.64
2021-10-09 03:00:56,0.0,22.99,0.0,25.88,39.95
2021-10-09 04:00:56,0.0,23.04,0.0,23.0,37.48
2021-10-09 05:00:56,0.0,22.59,0.0,27.93,39.19
2021-10-09 06:00:56,0.0,21.99,0.0,26.5,38.15
2021-10-09 07:00:56,0.0,21.92,0.0,26.5,38.02
2021-10-09 08:00:56,0.0,22.13,0.0,26.91,38.03
2021-10-09 09:00:56,0.0,22.1,0.0,29.99,38.83
2021-10-09 10:00:56,0.0,22.02,0.0,28.55,39.67
2021-10-09 11:00:56,0.0,21.08,0.0,26.7,36.35
2021-10-09 12:00:56,0.0,20.8,0.0,26.5,37.62
2021-10-09 13:00:56,0.0,20.87,0.0,24.24,35.9
2021-10-09 14:00:56,0.0,21.29,0.0,24.85,37.99
2021-10-09 15:00:56,0.0,21.36,0.0,27.73,40.19
2021-10-09 16:00:56,0.0,20.64,0.0,28.35,41.08
2021-10-09 17:00:56,0.0,21.69,0.0,26.91,38.43
2021-10-09 18:00:56,0.0,21.83,0.0,28.55,40.07
2021-10-09 19:00:56,0.0,21.94,0.0,22.8,36.47
2021-10-09 20:00:56,0.0,21.56,0.0,27.11,39.84
2021-10-09 21:00:56,0.0,21.37,0.0,26.91,37.76
2021-10-09 22:00:56,0.0,21.43,0.0,25.47,37.93
2021-10-09 23:00:56,0.0,21.96,0.0,28.35,39.47
2021-10-10 00:00:56,0.0,22.0,0.0,28.76,39.07
2021-10-10 01:00:56,0.0,21.76,0.0,27.52,37.84
2021-10-10 02:00:56,0.0,24.3,0.0,26.7,38.36
2021-10-10 03:00:56,0.0,22.21,0.0,26.09,38.15
2021-10-10 04:00:56,0.0,21.48,0.0,26.91,38.43
2021-10-10 05:00:56,0.0,21.59,0.0,27.73,39.65
2021-10-10 06:00:56,0.0,22.39,0.0,28.35,38.4
2021-10-10 07:00:56,0.0,22.07,0.0,27.73,38.85
2021-10-10 08:00:56,0.0,22.03,0.0,25.47,38.6
2021-10-10 09:00:56,0.0,22.08,0.0,29.99,41.24
2021-10-10 10:00:56,0.0,22.43,0.0,26.29,37.55
2021-10-10 11:00:56,0.0,21.37,0.0,28.14,38.46
2021-10-10 12:00:56,0.0,28.56,0.0,28.76,41.49
2021-10-10 13:00:56,0.0,28.68,0.0,25.68,36.8
2021-10-10 14:00:56,0.0,28.04,0.0,21.77,34.9
2021-10-10 15:00:56,0.0,24.01,0.0,25.26,37.32
2021-10-10 16:00:56,0.0,23.32,0.0,26.29,37.15
2021-10-10 17:00:56,0.0,22.4,0.0,26.7,38.23
2021-10-10 18:00:56,0.0,22.5,0.0,26.09,38.82
2021-10-10 19:00:56,0.0,21.25,0.0,25.88,38.88
2021-10-10 20:00:56,0.0,22.53,0.0,26.09,39.35
2021-10-10 21:00:56,0.0,22.89,0.0,29.99,41.51
2021-10-10 22:00:56,0.0,22.01,0.0,29.78,40.64
2021-10-10 23:00:56,0.0,22.57,0.0,28.76,39.07
2021-10-11 00:00:56,0.0,22.72,0.0,27.73,39.65
2021-10-11 01:00:56,0.0,22.36,0.0,25.47,36.73
2021-10-11 02:00:56,0.0,24.74,0.0,25.68,37.73
2021-10-11 03:00:56,0.0,23.04,0.0,25.88,39.82
2021-10-11 04:00:56,0.0,22.46,0.0,26.91,38.16
2021-10-11 05:00:56,0.0,22.79,0.0,28.76,40.41
2021-10-11 06:00:56,0.0,21.97,0.0,27.52,40.66
2021-10-11 07:00:56,0.0,22.24,0.0,25.47,36.99
2021-10-11 08:00:56,0.0,22.99,0.0,24.65,36.17
2021-10-11 09:00:56,0.0,22.37,0.0,27.52,38.65
2021-10-11 10:00:56,0.0,23.18,0.0,26.09,38.55
2021-10-11 11:00:56,0.0,24.22,0.0,27.93,38.79
2021-10-11 12:00:56,0.0,25.38,0.0,29.37,41.03
2021-10-11 13:00:56,0.0,23.18,0.0,22.18,33.31
2021-10-11 14:00:56,0.0,22.87,0.0,24.03,36.76
2021-10-11 15:00:56,0.0,22.92,0.0,26.5,37.35
2021-10-11 16:00:56,0.0,23.89,0.0,23.0,35.87
2021-10-11 17:00:56,0.0,22.61,0.0,25.68,36.4
2021-10-11 18:00:56,0.0,23.0,0.0,25.47,40.88
2021-10-11 19:00:56,0.0,22.68,0.0,26.7,38.76
2021-10-11 20:00:56,0.0,23.01,0.0,27.32,39.65
2021-10-11 21:00:56,0.0,22.72,0.0,27.93,39.59
2021-10-11 22:00:56,0.0,22.91,0.0,25.88,37.14
2021-10-11 23:00:56,0.0,22.96,0.0,30.4,38.71
2021-10-12 00:00:56,0.0,22.79,0.0,26.91,38.57
2021-10-12 01:00:56,0.0,22.38,0.0,27.32,39.38
2021-10-12 02:00:56,0.0,25.56,0.0,24.44,35.03
2021-10-12 03:00:56,0.0,23.13,0.0,25.26,37.32
2021-10-12 04:00:56,0.0,23.39,0.0,27.52,39.32
2021-10-12 05:00:56,0.0,22.52,0.0,31.02,41.6
2021-10-12 06:00:56,0.0,22.69,0.0,27.73,38.58
2021-10-12 07:00:56,0.0,23.34,0.0,26.09,37.48
2021-10-12 08:00:56,0.0,23.32,0.0,28.55,38.6
2021-10-12 09:00:56,0.0,23.77,0.0,28.76,38.94
2021-10-12 10:00:56,0.0,22.37,0.0,28.14,39.26
2021-10-12 11:00:56,0.0,22.76,0.0,26.7,36.89
2021-10-12 12:00:56,0.0,22.52,0.0,26.29,38.35
2021-10-12 13:00:56,0.0,23.44,0.0,25.47,36.86
2021-10-12 14:00:56,0.0,32.55,0.0,26.29,38.08
2021-10-12 15:00:56,0.0,29.46,0.0,27.73,40.59
2021-10-12 16:00:56,0.0,25.8,0.0,25.88,37.94
2021-10-12 17:00:56,0.0,25.18,0.0,26.7,36.75
2021-10-12 18:00:56,0.0,24.4,0.0,26.09,37.48
2021-10-12 19:00:56,0.0,23.9,0.0,28.96,39.41
2021-10-12 20:00:56,0.0,24.35,0.0,27.32,38.17
2021-10-12 21:00:56,0.0,24.62,0.0,29.37,38.62
2021-10-12 22:00:56,0.0,24.28,0.0,27.93,38.52
2021-10-12 23:00:56,0.0,23.96,0.0,28.76,40.55
2021-10-13 00:00:56,0.0,24.14,0.0,27.32,37.37
2021-10-13 01:00:56,0.0,24.45,0.0,27.52,37.31
2021-10-13 02:00:56,0.0,0.0,0.0,28.55,38.73
2021-10-13 03:00:56,0.0,24.46,0.0,22.39,35.79
2021-10-13 04:00:56,0.0,25.8,0.0,26.91,39.91
2021-10-13 05:00:56,0.0,26.52,0.0,29.78,41.44
2021-10-13 06:00:56,0.0,26.2,0.0,26.09,38.15
2021-10-13 07:00:56,0.0,25.16,0.0,27.11,38.5
2021-10-13 08:00:56,0.0,24.43,0.0,25.26,37.06
2021-10-13 09:00:56,0.0,24.21,0.0,26.29,36.74
2021-10-13 10:00:56,0.0,24.28,0.0,27.73,40.32
2021-10-13 11:00:56,0.0,23.49,0.0,27.73,38.58
2021-10-13 12:00:56,0.0,26.53,0.0,26.7,37.15
2021-10-13 13:00:56,0.0,24.57,0.0,26.7,37.15
2021-10-13 14:00:56,0.0,24.46,0.0,27.52,38.78
2021-10-13 15:00:56,0.0,24.16,0.0,27.52,39.72
2021-10-13 16:00:56,0.0,24.01,0.0,27.73,39.92
2021-10-13 17:00:56,0.0,23.83,0.0,27.32,37.77
2021-10-13 18:00:56,0.0,23.25,0.0,27.73,37.91
2021-10-13 19:00:56,0.0,23.32,0.0,28.76,39.74
2021-10-13 20:00:56,0.0,24.26,0.0,27.93,37.45
2021-10-13 21:00:56,0.0,23.77,0.0,28.35,37.86
2021-10-13 22:00:56,0.0,22.81,0.0,26.91,38.43
2021-10-13 23:00:56,0.0,22.98,0.0,23.21,35.14
2021-10-14 00:00:56,0.0,23.54,0.0,25.68,38.0
2021-10-14 01:00:56,0.0,23.04,0.0,25.26,36.79
2021-10-14 02:00:56,0.0,0.0,0.0,26.09,38.15
2021-10-14 03:00:56,0.0,23.05,0.0,24.65,38.58
2021-10-14 04:00:56,0.0,23.06,0.0,26.7,36.75
2021-10-14 05:00:56,0.0,22.18,0.0,28.76,39.21
2021-10-14 06:00:56,0.0,22.66,0.0,29.37,38.62
2021-10-14 07:00:56,0.0,21.47,0.0,29.37,39.69
2021-10-14 08:00:56,0.0,22.6,0.0,27.52,37.98
2021-10-14 09:00:56,0.0,22.95,0.0,27.52,37.57
2021-10-14 10:00:56,0.0,22.67,0.0,27.93,39.19
2021-10-14 11:00:56,0.0,22.25,0.0,21.57,33.09
2021-10-14 12:00:56,0.0,22.19,0.0,26.5,37.22
2021-10-14 13:00:56,0.0,22.23,0.0,29.37,41.43
2021-10-14 14:00:56,0.0,20.97,0.0,25.68,37.33
2021-10-14 15:00:56,0.0,22.75,0.0,24.85,38.12
2021-10-14 16:00:56,0.0,22.8,0.0,27.73,39.39
2021-10-14 17:00:56,0.0,22.09,0.0,29.37,38.89
2021-10-14 18:00:56,0.0,22.86,0.0,27.73,37.78
2021-10-14 19:00:56,0.0,22.46,0.0,27.52,37.98
2021-10-14 20:00:56,0.0,22.78,0.0,26.7,38.23
2021-10-14 21:00:56,0.0,22.33,0.0,25.26,37.19
2021-10-14 22:00:56,0.0,22.82,0.0,24.65,34.56
2021-10-14 23:00:56,0.0,22.69,0.0,27.32,38.44
2021-10-15 00:00:56,0.0,22.5,0.0,27.32,38.57
2021-10-15 01:00:56,0.0,22.34,0.0,27.32,38.57
2021-10-15 02:00:56,0.0,0.0,0.0,25.88,36.73
2021-10-15 03:00:56,0.0,23.15,0.0,27.93,38.79
2021-10-15 04:00:56,0.0,22.7,0.0,28.14,38.86
2021-10-15 05:00:56,0.0,23.26,0.0,28.35,40.27
2021-10-15 06:00:56,0.0,22.47,0.0,30.6,40.12
2021-10-15 07:00:56,0.0,22.72,0.0,25.26,36.79
2021-10-15 08:00:56,0.0,22.36,0.0,25.06,37.39
2021-10-15 09:00:56,0.0,23.24,0.0,27.32,41.66
2021-10-15 10:00:56,0.0,22.85,0.0,26.7,38.23
2021-10-15 11:00:56,0.0,23.09,0.0,26.7,39.16
2021-10-15 12:00:56,0.0,26.02,0.0,28.55,39.81
2021-10-15 13:00:56,0.0,26.97,0.0,28.55,39.0
2021-10-15 14:00:56,0.0,25.41,0.0,27.73,37.78
2021-10-15 15:00:56,0.0,25.02,0.0,22.8,36.07
2021-10-15 16:00:56,0.0,25.01,0.0,27.93,39.06
2021-10-15 17:00:56,0.0,29.84,0.0,26.09,36.4
2021-10-15 18:00:56,0.0,26.43,0.0,27.32,37.23
2021-10-15 19:00:56,0.0,25.57,0.0,28.76,38.27
2021-10-15 20:00:56,0.0,25.05,0.0,27.93,38.65
2021-10-15 21:00:56,0.0,24.51,0.0,24.65,36.44
2021-10-15 22:00:56,0.0,24.52,0.0,28.14,38.46
2021-10-15 23:00:56,0.0,24.15,0.0,25.88,39.15
2021-10-16 00:00:56,0.0,24.43,0.0,28.76,38.81
2021-10-16 01:00:56,0.0,24.54,0.0,26.09,36.4
2021-10-16 02:00:56,0.0,27.0,0.0,27.52,39.58
2021-10-16 03:00:56,0.0,24.72,0.0,28.35,38.13
2021-10-16 04:00:56,0.0,24.37,0.0,26.7,36.89
2021-10-16 05:00:56,0.0,24.02,0.0,23.42,35.07
2021-10-16 06:00:56,0.0,23.84,0.0,29.37,41.43
2021-10-16 07:00:56,0.0,23.54,0.0,24.03,37.3
2021-10-16 08:00:56,0.0,24.41,0.0,26.29,39.29
2021-10-16 09:00:56,0.0,23.86,0.0,25.88,37.14
2021-10-16 10:00:56,0.0,24.34,0.0,25.88,37.54
2021-10-16 11:00:56,0.0,23.59,0.0,27.32,39.78
2021-10-16 12:00:56,0.0,24.0,0.0,30.6,42.26
2021-10-16 13:00:56,0.0,27.27,0.0,25.88,37.4
2021-10-16 14:00:56,0.0,30.43,0.0,29.78,38.22
2021-10-16 15:00:56,0.0,27.96,0.0,27.11,38.5
2021-10-16 16:00:56,0.0,24.99,0.0,25.68,37.47
2021-10-16 17:00:56,0.0,23.74,0.0,26.7,36.89
2021-10-16 18:00:56,0.0,24.68,0.0,25.06,37.65
2021-10-16 19:00:56,0.0,24.86,0.0,26.09,36.67
2021-10-16 20:00:56,0.0,24.05,0.0,26.09,38.68
2021-10-16 21:00:56,0.0,24.61,0.0,27.73,40.19
2021-10-16 22:00:56,0.0,24.41,0.0,24.24,35.9
2021-10-16 23:00:56,0.0,24.55,0.0,27.32,37.9
2021-10-17 00:00:56,0.0,24.58,0.0,28.76,38.81
2021-10-17 01:00:56,0.0,25.72,0.0,28.76,37.6
2021-10-17 02:00:56,0.0,0.0,0.0,27.11,36.36
2021-10-17 03:00:56,0.0,24.9,0.0,25.88,35.53
2021-10-17 04:00:56,0.0,24.95,0.0,26.09,37.34
2021-10-17 05:00:56,0.0,24.07,0.0,24.44,37.44
2021-10-17 06:00:56,0.0,23.62,0.0,27.73,40.59
2021-10-17 07:00:56,0.0,23.61,0.0,26.29,38.75
2021-10-17 08:00:56,0.0,23.79,0.0,27.93,39.59
2021-10-17 09:00:56,0.0,23.91,0.0,27.32,37.1
2021-10-17 10:00:56,0.0,23.73,0.0,23.42,36.28
2021-10-17 11:00:56,0.0,23.7,0.0,28.14,38.73
2021-10-17 12:00:56,0.0,33.3,0.0,31.63,41.41
2021-10-17 13:00:56,0.0,31.52,0.0,26.5,37.75
2021-10-17 14:00:56,0.0,29.95,0.0,26.7,37.56
2021-10-17 15:00:56,0.0,26.49,0.0,27.32,38.98
2021-10-17 16:00:56,0.0,25.47,0.0,24.85,36.51
2021-10-17 17:00:56,0.0,24.71,0.0,26.09,38.55
2021-10-17 18:00:56,0.0,24.24,0.0,26.7,38.76
2021-10-17 19:00:56,0.0,23.73,0.0,28.55,39.94
2021-10-17 20:00:56,0.0,23.69,0.0,26.09,36.94
2021-10-17 21:00:56,0.0,22.86,0.0,28.96,39.01
2021-10-17 22:00:56,0.0,23.25,0.0,26.5,36.95
2021-10-17 23:00:56,0.0,23.1,0.0,26.7,36.89
2021-10-18 00:00:56,0.0,23.09,0.0,27.73,38.58
2021-10-18 01:00:56,0.0,23.79,0.0,24.24,36.03
2021-10-18 02:00:56,0.0,0.0,0.0,25.68,36.26
2021-10-18 03:00:56,0.0,23.3,0.0,24.85,37.72
2021-10-18 04:00:56,0.0,23.19,0.0,23.21,36.74
2021-10-18 05:00:56,0.0,23.22,0.0,25.68,38.14
2021-10-18 06:00:56,0.0,23.07,0.0,28.14,39.26
2021-10-18 07:00:56,0.0,23.13,0.0,29.17,39.22
2021-10-18 08:00:56,0.0,22.96,0.0,26.5,39.23
2021-10-18 09:00:56,0.0,23.22,0.0,25.47,36.19
2021-10-18 10:00:56,0.0,22.25,0.0,23.42,34.27
2021-10-18 11:00:56,0.0,22.73,0.0,24.65,36.17
2021-10-18 12:00:56,0.0,23.31,0.0,25.47,35.79
2021-10-18 13:00:56,0.0,22.82,0.0,27.32,39.65
2021-10-18 14:00:56,0.0,23.28,0.0,25.26,39.2
2021-10-18 15:00:56,0.0,23.38,0.0,25.88,37.4
2021-10-18 16:00:56,0.0,22.67,0.0,25.26,37.32
2021-10-18 17:00:56,62.72,22.86,0.0,27.52,38.24
2021-10-18 18:00:56,81.59,22.44,0.0,24.65,36.31
2021-10-18 19:00:56,64.69,22.58,0.0,26.91,37.63
2021-10-18 20:00:56,60.73,22.29,0.0,27.32,36.97
2021-10-18 21:00:56,56.56,22.28,0.0,27.73,40.59
2021-10-18 22:00:56,54.92,22.73,0.0,26.09,36.81
2021-10-18 23:00:56,48.83,22.77,0.0,22.18,35.32
2021-10-19 00:00:56,45.44,22.36,0.0,28.96,40.49
2021-10-19 01:00:56,39.81,22.18,0.0,27.32,38.84
2021-10-19 02:00:56,46.49,24.69,0.0,28.14,37.79
2021-10-19 03:00:56,50.13,22.4,0.0,26.09,38.01
2021-10-19 04:00:56,48.29,22.44,0.0,28.96,40.89
2021-10-19 05:00:56,45.84,22.27,0.0,27.52,38.65
2021-10-19 06:00:56,42.36,22.05,0.0,27.11,37.16
2021-10-19 07:00:56,39.73,21.91,0.0,28.35,37.99
2021-10-19 08:00:56,37.66,22.25,0.0,25.26,36.12
2021-10-19 09:00:56,40.36,21.37,0.0,25.47,37.93
2021-10-19 10:00:56,52.29,21.18,0.0,28.55,39.0
2021-10-19 11:00:56,52.2,21.78,0.0,25.68,37.33
2021-10-19 12:00:56,60.49,22.13,0.0,27.32,38.98
2021-10-19 13:00:56,71.22,21.65,0.0,27.73,38.98
2021-10-19 14:00:56,74.33,22.24,0.0,28.35,39.47
2021-10-19 15:00:56,79.95,21.72,0.0,27.32,38.44
2021-10-19 16:00:56,83.18,21.87,0.0,30.81,41.93
2021-10-19 17:00:56,79.93,21.07,0.0,27.93,37.05
2021-10-19 18:00:56,65.23,22.18,0.0,24.24,34.69
2021-10-19 19:00:56,58.57,21.68,0.0,23.0,35.33
2021-10-19 20:00:56,63.1,21.52,0.0,22.18,35.05
2021-10-19 21:00:56,62.34,21.7,0.0,26.91,37.36
2021-10-19 22:00:56,54.42,21.69,0.0,25.47,39.67
2021-10-19 23:00:56,52.24,21.04,0.0,24.65,35.77
2021-10-20 00:00:56,47.04,21.46,0.0,25.26,39.07
2021-10-20 01:00:56,36.68,20.81,0.0,29.78,41.71
2021-10-20 02:00:56,27.52,0.0,0.0,28.55,39.0
2021-10-20 03:00:56,29.56,21.68,0.0,27.52,37.84
2021-10-20 04:00:56,28.82,21.19,0.0,26.91,37.23
2021-10-20 05:00:56,22.55,20.83,0.0,26.5,37.22
2021-10-20 06:00:56,17.6,21.54,0.0,28.14,40.47
2021-10-20 07:00:56,12.6,21.88,0.0,27.32,38.57
2021-10-20 08:00:56,21.08,21.42,0.0,23.0,34.66
2021-10-20 09:00:56,49.83,21.4,0.0,24.85,37.18
2021-10-20 10:00:56,55.45,20.97,0.0,25.88,39.01
2021-10-20 11:00:56,38.88,20.34,0.0,26.7,38.49
2021-10-20 12:00:56,35.45,21.1,0.0,24.24,37.37
2021-10-20 13:00:56,34.2,20.22,0.0,25.88,38.21
2021-10-20 14:00:56,31.87,20.26,0.0,27.73,38.85
2021-10-20 15:00:56,37.26,20.55,0.0,29.99,40.57
2021-10-20 16:00:56,43.72,20.61,0.0,25.06,36.98
2021-10-20 17:00:56,50.5,21.23,0.0,26.09,37.48
2021-10-20 18:00:56,50.84,21.08,0.0,27.73,39.25
2021-10-20 19:00:56,50.77,21.38,0.0,24.44,36.23
2021-10-20 20:00:56,49.65,21.61,0.0,26.91,38.03
2021-10-20 21:00:56,46.74,21.2,0.0,26.91,37.63
2021-10-20 22:00:56,36.83,21.92,0.0,23.0,34.53
2021-10-20 23:00:56,25.1,21.65,0.0,20.75,33.61
2021-10-21 00:00:56,31.72,21.98,0.0,22.8,35.53
2021-10-21 01:00:56,29.05,22.32,0.0,27.11,39.04
2021-10-21 02:00:56,28.89,0.0,0.0,26.09,38.55
2021-10-21 03:00:56,30.24,22.23,0.0,27.73,39.25
2021-10-21 04:00:56,24.85,22.03,0.0,25.88,38.61
2021-10-21 05:00:56,24.95,22.04,0.0,29.78,41.31
2021-10-21 06:00:56,24.03,21.46,0.0,27.93,38.65
2021-10-21 07:00:56,18.83,21.44,0.0,26.91,37.76
2021-10-21 08:00:56,24.16,21.56,0.0,28.76,38.81
2021-10-21 09:00:56,40.85,22.19,0.0,25.88,38.34
2021-10-21 10:00:56,54.01,23.25,0.0,28.96,38.07
2021-10-21 11:00:56,43.9,21.18,0.0,28.96,39.82
2021-10-21 12:00:56,27.72,21.01,0.0,28.76,35.86
2021-10-21 13:00:56,19.58,21.39,0.0,28.14,38.46
2021-10-21 14:00:56,19.92,21.35,0.0,25.68,37.6
2021-10-21 15:00:56,25.72,21.4,0.0,29.78,39.43
2021-10-21 16:00:56,31.52,21.39,0.0,25.68,36.93
2021-10-21 17:00:56,33.05,21.68,0.0,28.14,40.07
2021-10-21 18:00:56,28.21,22.36,0.0,24.85,36.11
2021-10-21 19:00:56,35.95,22.25,0.0,27.32,38.57
2021-10-21 20:00:56,48.82,22.22,0.0,25.06,37.79
2021-10-21 21:00:56,51.24,22.14,0.0,26.29,38.62
2021-10-21 22:00:56,62.67,23.81,0.0,23.83,36.29
2021-10-21 23:00:56,72.77,21.76,0.0,32.04,43.3
2021-10-22 00:00:56,59.79,22.97,0.0,26.5,37.35
2021-10-22 01:00:56,57.07,22.66,0.0,27.73,38.18
2021-10-22 02:00:56,51.09,0.0,0.0,29.78,39.83
2021-10-22 03:00:56,38.04,23.58,0.0,29.17,39.22
2021-10-22 04:00:56,34.53,27.54,0.0,27.73,38.05
2021-10-22 05:00:56,51.07,36.32,0.0,30.4,39.91
2021-10-22 06:00:56,49.8,35.9,0.0,27.11,37.43
2021-10-22 07:00:56,41.59,30.43,0.0,29.58,38.69
2021-10-22 08:00:56,49.8,37.41,0.0,26.29,37.55
2021-10-22 09:00:56,63.47,33.91,0.0,28.76,39.07
2021-10-22 10:00:56,75.19,26.34,0.0,25.06,37.79
2021-10-22 11:00:56,61.55,23.4,0.0,25.88,37.14
2021-10-22 12:00:56,46.62,22.65,0.0,27.93,38.79
2021-10-22 13:00:56,39.09,23.38,0.0,26.7,38.63
2021-10-22 14:00:56,34.46,24.26,0.0,25.47,37.93
2021-10-22 15:00:56,39.01,25.82,0.0,29.78,42.24
2021-10-22 16:00:56,59.73,25.32,0.0,26.29,38.35
2021-10-22 17:00:56,77.62,32.41,0.0,27.93,39.19
2021-10-22 18:00:56,97.13,31.64,0.0,33.89,43.81
2021-10-22 19:00:56,95.63,26.65,0.0,29.17,40.82
2021-10-22 20:00:56,105.41,27.05,0.0,26.29,38.22
2021-10-22 21:00:56,112.37,26.56,0.0,26.7,38.36
2021-10-22 22:00:56,121.6,25.99,0.0,32.04,43.7
2021-10-22 23:00:56,120.98,25.57,0.0,27.11,37.83
2021-10-23 00:00:56,96.54,24.55,0.0,25.26,36.39
2021-10-23 01:00:56,68.73,24.69,0.0,28.55,37.39
2021-10-23 02:00:56,63.33,0.0,0.0,25.26,36.39
2021-10-23 03:00:56,65.05,25.05,0.0,24.03,36.49
2021-10-23 04:00:56,57.43,24.68,0.0,25.26,36.52
2021-10-23 05:00:56,39.63,23.6,0.0,24.03,36.09
2021-10-23 06:00:56,23.94,22.7,0.0,28.55,39.0
2021-10-23 07:00:56,15.64,23.64,0.0,26.09,39.35
2021-10-23 08:00:56,14.89,23.75,0.0,28.35,37.86
2021-10-23 09:00:56,17.1,24.15,0.0,27.52,41.06
2021-10-23 10:00:56,27.59,23.71,0.0,26.29,37.95
2021-10-23 11:00:56,25.98,24.36,0.0,28.14,41.0
2021-10-23 12:00:56,15.26,23.54,0.0,28.55,40.88
2021-10-23 13:00:56,9.62,43.84,0.0,29.99,39.5
2021-10-23 14:00:56,11.23,40.72,0.0,23.21,35.14
2021-10-23 15:00:56,11.48,26.65,0.0,25.47,38.33
2021-10-23 16:00:56,12.5,25.19,0.0,27.52,38.65
2021-10-23 17:00:56,18.31,24.23,0.0,28.14,38.86
2021-10-23 18:00:56,15.48,23.51,0.0,26.29,36.21
2021-10-23 19:00:56,16.96,23.76,0.0,24.85,37.99
2021-10-23 20:00:56,14.92,23.28,0.0,26.09,38.15
2021-10-23 21:00:56,8.33,23.9,0.0,24.03,33.95
2021-10-23 22:00:56,11.93,22.91,0.0,25.47,35.92
2021-10-23 23:00:56,11.55,24.03,0.0,27.93,38.65
2021-10-24 00:00:56,7.28,24.15,0.0,29.17,39.89
2021-10-24 01:00:56,4.88,24.09,0.0,25.47,37.93
2021-10-24 02:00:56,3.89,0.0,0.0,28.14,38.06
2021-10-24 03:00:56,3.28,24.28,0.0,28.76,40.68
2021-10-24 04:00:56,2.36,23.64,0.0,29.78,40.1
2021-10-24 05:00:56,1.91,24.16,0.0,27.11,39.44
2021-10-24 06:00:56,1.71,23.63,0.0,25.88,36.73
2021-10-24 07:00:56,1.74,23.05,0.0,28.96,37.81
2021-10-24 08:00:56,1.72,22.6,0.0,31.02,40.93
2021-10-24 09:00:56,1.18,25.49,0.0,24.65,36.31
2021-10-24 10:00:56,0.59,26.6,0.0,26.7,37.96
2021-10-24 11:00:56,5.72,29.83,0.0,28.35,37.19
2021-10-24 12:00:56,8.11,25.06,0.0,24.44,37.17
2021-10-24 13:00:56,5.02,29.34,0.0,25.26,34.78
2021-10-24 14:00:56,2.52,25.61,0.0,25.68,36.93
2021-10-24 15:00:56,1.26,25.47,0.0,23.62,35.28
2021-10-24 16:00:56,0.64,25.07,0.0,26.7,38.76
2021-10-24 17:00:56,1.05,24.41,0.0,27.32,39.38
2021-10-24 18:00:56,1.34,24.51,0.0,28.14,41.0
2021-10-24 19:00:56,1.52,23.78,0.0,27.52,37.57
2021-10-24 20:00:56,1.23,22.82,0.0,24.65,35.9
2021-10-24 21:00:56,1.36,22.95,0.0,25.88,38.61
2021-10-24 22:00:56,1.66,22.9,0.0,29.58,40.7
2021-10-24 23:00:56,1.83,22.52,0.0,29.17,39.89
2021-10-25 00:00:56,2.08,22.16,0.0,31.02,40.53
2021-10-25 01:00:56,2.06,22.1,0.0,28.55,38.87
2021-10-25 02:00:56,1.94,0.0,0.0,27.32,38.04
2021-10-25 03:00:56,2.0,21.5,0.0,28.96,39.28
2021-10-25 04:00:56,2.1,23.1,0.0,29.17,39.08
2021-10-25 05:00:56,2.63,21.57,0.0,27.52,37.98
2021-10-25 06:00:56,2.53,22.24,0.0,21.36,35.57
2021-10-25 07:00:56,2.23,20.56,0.0,25.26,36.39
2021-10-25 08:00:56,2.38,22.3,0.0,27.32,39.65
2021-10-25 09:00:56,2.5,21.06,0.0,24.03,36.23
2021-10-25 10:00:56,2.12,22.07,0.0,25.26,36.25
2021-10-25 11:00:56,2.79,43.4,0.0,25.68,38.81
2021-10-25 12:00:56,3.33,31.89,0.0,26.5,39.09
2021-10-25 13:00:56,3.77,22.57,0.0,27.52,40.52
2021-10-25 14:00:56,3.77,22.5,0.0,26.91,39.24
2021-10-25 15:00:56,2.46,20.72,0.0,28.35,39.07
2021-10-25 16:00:56,1.26,22.61,0.0,27.93,39.86
2021-10-25 17:00:56,1.47,22.07,0.0,29.37,40.63
2021-10-25 18:00:56,1.71,21.91,0.0,31.02,39.86
2021-10-25 19:00:56,1.88,22.49,0.0,28.96,39.68
2021-10-25 20:00:56,1.87,21.3,0.0,27.73,37.38
2021-10-25 21:00:56,1.89,21.43,0.0,27.93,38.79
2021-10-25 22:00:56,1.79,22.42,0.0,29.58,39.09
2021-10-25 23:00:56,2.08,25.68,0.0,26.5,38.69
2021-10-26 00:00:56,2.28,23.84,0.0,27.32,38.71
2021-10-26 01:00:56,1.93,22.73,0.0,27.52,37.98
2021-10-26 02:00:56,1.69,26.42,0.0,25.06,36.45
2021-10-26 03:00:56,1.64,27.42,0.0,23.42,36.01
2021-10-26 04:00:56,1.8,24.07,0.0,28.96,39.68
2021-10-26 05:00:56,2.04,23.2,0.0,26.7,38.36
2021-10-26 06:00:56,1.51,22.46,0.0,27.32,38.44
2021-10-26 07:00:56,1.09,22.64,0.0,23.83,36.56
2021-10-26 08:00:56,1.34,22.58,0.0,25.88,38.21
2021-10-26 09:00:56,1.65,22.95,0.0,26.91,40.31
2021-10-26 10:00:56,4.15,21.84,0.0,27.32,40.58
2021-10-26 11:00:56,5.54,22.45,0.0,28.14,40.2
2021-10-26 12:00:56,0.0,21.58,0.0,26.7,38.49
2021-10-26 13:00:56,0.0,20.9,0.0,26.09,37.61
2021-10-26 14:00:56,0.0,20.97,0.0,31.02,42.14
2021-10-26 15:00:56,0.0,22.13,0.0,30.4,38.84
2021-10-26 16:00:56,0.0,22.93,0.0,26.91,37.9
2021-10-26 17:00:56,0.0,22.39,0.0,27.52,39.58
2021-10-26 18:00:56,0.0,21.79,0.0,28.55,39.67
2021-10-26 19:00:56,0.0,23.29,0.0,26.7,35.95
2021-10-26 20:00:56,0.0,22.39,0.0,24.65,36.17
2021-10-26 21:00:56,0.0,22.22,0.0,24.65,33.89
2021-10-26 22:00:56,0.0,19.72,0.0,25.26,36.25
2021-10-26 23:00:56,0.0,20.77,0.0,27.32,38.04
2021-10-27 00:00:56,0.0,22.49,0.0,27.73,38.98
2021-10-27 01:00:56,0.0,22.02,0.0,24.44,36.9
2021-10-27 02:00:56,0.0,24.13,0.0,26.29,37.15
2021-10-27 03:00:56,0.0,22.21,0.0,23.42,35.07
2021-10-27 04:00:56,0.0,21.93,0.0,29.99,38.3
2021-10-27 05:00:56,0.0,22.15,0.0,27.32,38.44
2021-10-27 06:00:56,0.0,21.86,0.0,26.7,39.03
2021-10-27 07:00:56,0.0,21.62,0.0,26.29,37.82
2021-10-27 08:00:56,0.0,21.85,0.0,25.88,38.74
2021-10-27 09:00:56,0.0,21.58,0.0,27.93,38.39
2021-10-27 10:00:56,0.0,29.02,0.0,22.39,36.86
2021-10-27 11:00:56,0.0,25.4,0.0,27.32,38.84
2021-10-27 12:00:56,0.0,22.67,0.0,24.03,35.69
2021-10-27 13:00:56,8.57,20.85,0.0,28.55,39.0
2021-10-27 14:00:56,11.0,21.84,0.0,27.73,37.38
2021-10-27 15:00:56,22.39,22.29,0.0,27.52,38.65
2021-10-27 16:00:56,24.82,22.36,0.0,28.55,38.47
2021-10-27 17:00:56,39.62,21.87,0.0,32.04,42.76
2021-10-27 18:00:56,40.33,21.91,0.0,29.78,40.1
2021-10-27 19:00:56,45.91,22.76,0.0,27.32,38.57
2021-10-27 20:00:56,44.53,22.64,0.0,25.68,38.41
2021-10-27 21:00:56,38.63,22.88,0.0,27.52,38.65
2021-10-27 22:00:56,68.17,23.39,0.0,23.62,35.95
2021-10-27 23:00:56,65.15,23.05,0.0,25.47,35.92
2021-10-28 00:00:56,60.43,24.0,0.0,25.47,36.59
2021-10-28 01:00:56,51.23,23.4,0.0,27.93,38.79
2021-10-28 02:00:56,35.36,0.0,0.0,26.09,37.74
2021-10-28 03:00:56,41.99,24.12,0.0,26.09,36.54
2021-10-28 04:00:56,36.56,22.97,0.0,23.83,37.09
2021-10-28 05:00:56,22.86,22.5,0.0,23.21,36.34
2021-10-28 06:00:56,28.85,23.08,0.0,26.09,38.15
2021-10-28 07:00:56,23.28,23.28,0.0,27.73,39.39
2021-10-28 08:00:56,50.42,22.94,0.0,25.68,37.6
2021-10-28 09:00:56,101.56,23.34,0.0,27.52,38.65
2021-10-28 10:00:56,104.09,22.98,0.0,25.26,36.79
2021-10-28 11:00:56,80.45,24.05,0.0,26.91,38.16
2021-10-28 12:00:56,48.97,23.21,0.0,27.32,38.57
2021-10-28 13:00:56,41.04,26.73,0.0,27.32,38.44
2021-10-28 14:00:56,34.84,25.29,0.0,27.32,38.44
2021-10-28 15:00:56,37.36,23.98,0.0,30.4,41.39
2021-10-28 16:00:56,39.92,25.06,0.0,29.78,39.83
2021-10-28 17:00:56,36.58,23.05,0.0,28.35,39.6
2021-10-28 18:00:56,79.39,22.74,0.0,25.68,36.8
2021-10-28 19:00:56,88.26,23.23,0.0,27.11,37.83
2021-10-28 20:00:56,60.42,23.25,0.0,25.68,36.93
2021-10-28 21:00:56,56.71,23.28,0.0,27.93,38.65
2021-10-28 22:00:56,51.88,23.42,0.0,23.42,35.74
2021-10-28 23:00:56,38.72,23.28,0.0,25.88,37.4
2021-10-29 00:00:56,51.58,23.19,0.0,23.83,38.43
2021-10-29 01:00:56,40.52,22.94,0.0,25.26,37.19
2021-10-29 02:00:56,42.71,0.0,0.0,28.76,40.82
2021-10-29 03:00:56,41.03,24.67,0.0,27.73,40.19
2021-10-29 04:00:56,22.39,23.87,0.0,28.55,42.08
2021-10-29 05:00:56,27.5,24.75,0.0,28.14,40.87
2021-10-29 06:00:56,20.05,23.18,0.0,25.06,37.92
2021-10-29 07:00:56,31.58,25.55,0.0,26.5,37.75
2021-10-29 08:00:56,15.79,26.08,0.0,27.93,38.52
2021-10-29 09:00:56,26.23,24.06,0.0,28.96,39.28
2021-10-29 10:00:56,23.75,23.27,0.0,28.96,38.48
2021-10-29 11:00:56,25.86,23.48,0.0,27.52,37.84
2021-10-29 12:00:56,32.64,23.4,0.0,28.76,40.28
2021-10-29 13:00:56,21.37,22.22,0.0,24.24,35.49
2021-10-29 14:00:56,22.57,22.88,0.0,25.26,33.71
2021-10-29 15:00:56,24.35,25.21,0.0,26.29,37.01
2021-10-29 16:00:56,49.57,22.91,0.0,26.7,38.09
2021-10-29 17:00:56,36.69,22.82,0.0,27.32,38.57
2021-10-29 18:00:56,29.51,22.86,0.0,24.03,35.56
2021-10-29 19:00:56,41.41,21.82,0.0,27.32,38.98
2021-10-29 20:00:56,49.21,22.09,0.0,25.06,37.12
2021-10-29 21:00:56,32.54,22.84,0.0,25.06,37.79
2021-10-29 22:00:56,35.07,23.22,0.0,25.26,36.39
2021-10-29 23:00:56,40.78,22.24,0.0,24.65,36.98
2021-10-30 00:00:56,46.96,23.71,0.0,27.11,39.04
2021-10-30 01:00:56,82.22,23.58,0.0,26.7,39.16
2021-10-30 02:00:56,68.63,0.0,0.0,26.29,37.55
2021-10-30 03:00:56,40.84,22.7,0.0,27.11,39.17
2021-10-30 04:00:56,37.48,23.49,0.0,27.52,38.78
2021-10-30 05:00:56,35.1,23.15,0.0,25.26,36.79
2021-10-30 06:00:56,35.27,22.95,0.0,28.14,38.19
2021-10-30 07:00:56,47.45,23.12,0.0,28.76,39.07
2021-10-30 08:00:56,70.49,23.11,0.0,28.55,39.4
2021-10-30 09:00:56,58.5,23.28,0.0,29.17,39.08
2021-10-30 10:00:56,79.13,23.28,0.0,29.37,41.3
2021-10-30 11:00:56,42.26,21.89,0.0,26.91,38.03
2021-10-30 12:00:56,30.52,21.77,0.0,25.06,37.79
2021-10-30 13:00:56,21.62,22.07,0.0,25.47,35.52
2021-10-30 14:00:56,29.35,22.36,0.0,31.84,40.95
2021-10-30 15:00:56,57.28,29.28,0.0,26.5,36.81
2021-10-30 16:00:56,47.55,25.68,0.0,25.47,37.93
2021-10-30 17:00:56,47.52,23.78,0.0,24.03,35.82
2021-10-30 18:00:56,55.3,22.85,0.0,25.26,37.19
2021-10-30 19:00:56,58.53,23.12,0.0,26.29,38.22
2021-10-30 20:00:56,82.39,23.05,0.0,25.47,38.07
2021-10-30 21:00:56,67.55,22.77,0.0,31.63,40.88
2021-10-30 22:00:56,67.11,22.99,0.0,26.29,37.82
2021-10-30 23:00:56,59.2,22.67,0.0,27.73,39.39
2021-10-31 00:00:56,43.47,23.0,0.0,24.24,37.37
2021-10-31 01:00:56,37.31,22.92,0.0,27.11,39.44
2021-10-31 02:00:56,41.74,0.0,0.0,30.4,37.9
2021-10-31 03:00:56,31.47,24.19,0.0,26.29,38.22
2021-10-31 04:00:56,40.01,23.19,0.0,29.17,39.89
2021-10-31 05:00:56,28.36,23.42,0.0,29.17,40.29
2021-10-31 06:00:56,34.33,23.1,0.0,26.09,36.0
2021-10-31 07:00:56,28.62,23.9,0.0,28.35,37.46
2021-10-31 08:00:56,36.54,23.96,0.0,28.35,37.99
2021-10-31 09:00:56,44.44,23.41,0.0,26.91,38.43
2021-10-31 10:00:56,47.9,22.96,0.0,28.35,39.87
2021-10-31 11:00:56,37.03,22.45,0.0,24.24,36.57
2021-10-31 12:00:56,38.9,22.54,0.0,26.5,37.22
2021-10-31 13:00:56,41.67,22.19,0.0,25.26,36.39
2021-10-31 14:00:56,33.12,22.73,0.0,26.29,36.21
2021-10-31 15:00:56,39.5,22.64,0.0,26.5,39.63
2021-10-31 16:00:56,49.74,22.88,0.0,24.65,36.31
2021-10-31 17:00:56,62.14,23.0,0.0,26.29,38.62
2021-10-31 18:00:56,77.18,22.97,0.0,25.68,38.41
2021-10-31 19:00:56,98.86,23.71,0.0,25.68,38.54
2021-10-31 20:00:56,101.2,23.06,0.0,25.26,39.2
2021-10-31 21:00:56,93.0,22.93,0.0,26.7,39.03
2021-10-31 22:00:56,83.51,23.37,0.0,26.5,37.75
2021-10-31 23:00:56,60.18,23.16,0.0,26.5,38.15
2021-11-01 00:00:56,47.26,23.89,0.0,26.91,37.76
2021-11-01 01:00:56,38.91,23.52,0.0,28.96,38.61
2021-11-01 02:00:56,41.55,0.0,0.0,26.5,37.35
2021-11-01 03:00:56,58.58,24.04,0.0,27.52,38.91
2021-11-01 04:00:56,36.56,23.66,0.0,27.11,39.84
2021-11-01 05:00:56,50.76,23.39,0.0,26.09,36.94
2021-11-01 06:00:56,45.24,23.5,0.0,25.68,36.53
2021-11-01 07:00:56,43.9,23.61,0.0,26.91,38.97
2021-11-01 08:00:56,38.79,23.79,0.0,26.29,37.68
2021-11-01 09:00:56,60.9,24.79,0.0,26.7,37.15
2021-11-01 10:00:56,69.11,24.34,0.0,26.5,38.15
2021-11-01 11:00:56,109.78,26.11,0.0,26.29,37.95
2021-11-01 12:00:56,113.9,26.23,0.0,28.14,38.19
2021-11-01 13:00:56,105.78,24.79,0.0,25.26,36.92
2021-11-01 14:00:56,174.31,26.55,0.0,27.73,40.19
2021-11-01 15:00:56,197.63,26.09,0.0,25.47,39.14
2021-11-01 16:00:56,237.73,25.44,0.0,26.7,37.56
2021-11-01 17:00:56,268.79,25.36,0.0,25.47,36.86
2021-11-01 18:00:56,179.13,25.55,0.0,28.14,38.99
2021-11-01 19:00:56,134.85,25.06,0.0,27.52,38.91
2021-11-01 20:00:56,120.66,25.35,0.0,26.5,37.48
2021-11-01 21:00:56,115.9,25.17,0.0,29.37,39.42
2021-11-01 22:00:56,100.99,24.4,0.0,28.76,39.21
2021-11-01 23:00:56,79.92,24.74,0.0,27.52,40.52
2021-11-02 00:00:56,89.46,24.92,0.0,28.35,39.2
2021-11-02 01:00:56,63.97,24.87,0.0,27.32,37.37
2021-11-02 02:00:56,54.31,0.0,0.0,24.03,35.02
2021-11-02 03:00:56,49.26,25.45,0.0,23.83,37.63
2021-11-02 04:00:56,46.35,24.95,0.0,26.29,38.08
2021-11-02 05:00:56,47.42,25.2,0.0,26.29,38.08
2021-11-02 06:00:56,52.67,24.15,0.0,25.26,39.47
2021-11-02 07:00:56,53.25,24.98,0.0,25.88,39.01
2021-11-02 08:00:56,34.61,24.28,0.0,26.09,36.54
2021-11-02 09:00:56,62.5,25.03,0.0,25.68,37.73
2021-11-02 10:00:56,61.04,24.46,0.0,25.68,36.26
2021-11-02 11:00:56,46.23,24.86,0.0,28.55,37.53
2021-11-02 12:00:56,43.04,24.36,0.0,30.6,39.72
2021-11-02 13:00:56,47.53,23.86,0.0,27.11,37.97
2021-11-02 14:00:56,38.47,24.51,0.0,24.65,35.1
2021-11-02 15:00:56,30.86,24.13,0.0,28.96,38.21
2021-11-02 16:00:56,32.53,24.22,0.0,26.91,38.7
2021-11-02 17:00:56,25.56,24.24,0.0,25.47,36.86
2021-11-02 18:00:56,38.8,23.84,0.0,26.29,37.55
2021-11-02 19:00:56,47.03,23.93,0.0,25.88,38.07
2021-11-02 20:00:56,40.14,24.16,0.0,30.81,39.79
2021-11-02 21:00:56,27.61,24.75,0.0,24.65,37.51
2021-11-02 22:00:56,44.84,24.28,0.0,27.93,39.46
2021-11-02 23:00:56,52.41,24.6,0.0,25.68,36.53
2021-11-03 00:00:56,46.36,25.24,0.0,30.19,39.17
2021-11-03 01:00:56,43.56,24.65,0.0,28.55,40.21
2021-11-03 02:00:56,48.59,0.0,0.0,30.6,39.98
2021-11-03 03:00:56,38.27,25.33,0.0,28.76,38.0
2021-11-03 04:00:56,24.04,25.16,0.0,27.52,38.91
2021-11-03 05:00:56,36.17,24.46,0.0,27.52,37.31
2021-11-03 06:00:56,43.62,24.73,0.0,28.96,38.34
2021-11-03 07:00:56,48.29,24.71,0.0,29.17,40.56
2021-11-03 08:00:56,47.17,26.57,0.0,27.11,38.77
2021-11-03 09:00:56,29.31,26.01,0.0,23.0,36.14
2021-11-03 10:00:56,38.77,24.1,0.0,26.91,38.97
2021-11-03 11:00:56,57.74,24.0,0.0,27.32,40.85
2021-11-03 12:00:56,65.08,23.82,0.0,25.06,38.19
2021-11-03 13:00:56,68.43,24.06,0.0,24.85,37.72
2021-11-03 14:00:56,57.22,24.79,0.0,27.52,38.65
2021-11-03 15:00:56,49.6,24.76,0.0,28.55,39.27
2021-11-03 16:00:56,42.78,23.96,0.0,28.55,40.07
2021-11-03 17:00:56,41.71,23.79,0.0,29.37,37.81
2021-11-03 18:00:56,70.14,23.56,0.0,30.19,40.24
2021-11-03 19:00:56,68.38,23.84,0.0,29.58,38.29
2021-11-03 20:00:56,59.56,23.76,0.0,25.88,34.59
2021-11-03 21:00:56,64.18,24.0,0.0,25.47,37.53
2021-11-03 22:00:56,51.49,23.71,0.0,25.68,37.2
2021-11-03 23:00:56,49.88,24.33,0.0,25.47,36.19
2021-11-04 00:00:56,41.4,24.17,0.0,25.06,37.79
2021-11-04 01:00:56,51.13,24.25,0.0,26.09,38.41
2021-11-04 02:00:56,46.78,0.0,0.0,25.47,38.74
2021-11-04 03:00:56,37.02,24.37,0.0,28.96,38.48
2021-11-04 04:00:56,29.14,24.27,0.0,25.06,38.19
2021-11-04 05:00:56,28.5,23.89,0.0,26.5,36.95
2021-11-04 06:00:56,28.74,24.69,0.0,22.8,35.66
2021-11-04 07:00:56,22.89,23.35,0.0,31.22,41.27
2021-11-04 08:00:56,29.52,23.99,0.0,24.65,36.17
2021-11-04 09:00:56,42.82,24.44,0.0,26.91,37.63
2021-11-04 10:00:56,55.42,24.11,0.0,26.29,37.55
2021-11-04 11:00:56,38.77,24.0,0.0,29.17,41.63
2021-11-04 12:00:56,46.06,23.19,0.0,24.24,35.49
2021-11-04 13:00:56,26.14,22.93,0.0,25.47,36.32
2021-11-04 14:00:56,49.61,25.02,0.0,26.91,38.03
2021-11-04 15:00:56,55.65,24.02,0.0,23.62,36.89
2021-11-04 16:00:56,101.85,24.54,0.0,26.5,39.36
2021-11-04 17:00:56,121.22,23.8,0.0,30.81,42.33
2021-11-04 18:00:56,167.33,23.43,0.0,25.68,37.2
2021-11-04 19:00:56,179.63,24.14,0.0,26.91,38.43
2021-11-04 20:00:56,169.6,24.38,0.0,24.44,35.16
2021-11-04 21:00:56,161.16,24.5,0.0,25.26,37.19
2021-11-04 22:00:56,137.19,24.89,0.0,28.55,38.87
2021-11-04 23:00:56,101.96,24.49,0.0,28.35,39.07
2021-11-05 00:00:56,96.21,24.24,0.0,29.58,40.3
2021-11-05 01:00:56,74.08,24.21,0.0,26.29,37.55
2021-11-05 02:00:56,56.68,0.0,0.0,28.55,39.67
2021-11-05 03:00:56,54.45,25.92,0.0,25.68,35.59
2021-11-05 04:00:56,42.83,23.73,0.0,27.52,39.05
2021-11-05 05:00:56,37.83,18.61,0.0,26.5,39.76
2021-11-05 06:00:56,41.88,24.15,0.0,25.26,36.12
2021-11-05 07:00:56,44.13,24.48,0.0,29.17,39.62
2021-11-05 08:00:56,39.65,23.95,0.0,31.84,41.89
2021-11-05 09:00:56,90.76,25.49,0.0,27.11,40.24
2021-11-05 10:00:56,139.47,27.36,0.0,24.03,36.9
2021-11-05 11:00:56,195.14,29.66,0.0,30.19,39.84
2021-11-05 12:00:56,141.39,26.73,0.0,28.55,39.0
2021-11-05 13:00:56,138.32,27.77,0.0,26.5,36.81
2021-11-05 14:00:56,155.74,28.72,0.0,28.96,39.68
2021-11-05 15:00:56,182.52,28.61,0.0,23.83,37.36
2021-11-05 16:00:56,183.68,27.0,0.0,28.55,37.26
2021-11-05 17:00:56,124.39,25.85,0.0,25.47,35.52
2021-11-05 18:00:56,113.04,24.68,0.0,27.93,38.79
2021-11-05 19:00:56,115.85,24.31,0.0,24.65,33.36
2021-11-05 20:00:56,101.48,25.08,0.0,26.29,37.82
2021-11-05 21:00:56,117.33,25.51,0.0,26.29,38.22
2021-11-05 22:00:56,104.17,25.67,0.0,25.88,41.42
2021-11-05 23:00:56,78.49,25.14,0.0,27.32,41.25
2021-11-06 00:00:56,60.5,25.95,0.0,21.77,37.32
2021-11-06 01:00:56,40.08,25.16,0.0,23.42,36.95
2021-11-06 02:00:56,46.85,25.88,0.0,27.32,38.57
2021-11-06 03:00:56,47.22,23.47,0.0,28.55,39.0
2021-11-06 04:00:56,48.45,24.74,0.0,26.7,38.36
2021-11-06 05:00:56,32.26,24.58,0.0,27.52,38.65
2021-11-06 06:00:56,48.0,24.71,0.0,27.73,37.78
2021-11-06 07:00:56,72.81,25.17,0.0,24.24,36.3
2021-11-06 08:00:56,81.05,27.16,0.0,23.83,34.68
2021-11-06 09:00:56,89.66,26.29,0.0,25.26,36.52
2021-11-06 10:00:56,86.96,38.55,0.0,26.7,35.95
2021-11-06 11:00:56,89.06,32.9,0.0,25.88,36.6
2021-11-06 12:00:56,88.13,26.92,0.0,25.47,37.93
2021-11-06 13:00:56,71.93,25.87,0.0,27.32,38.44
2021-11-06 14:00:56,116.65,36.95,0.0,26.29,39.83
2021-11-06 15:00:56,92.8,28.38,0.0,29.37,43.71
2021-11-06 16:00:56,105.39,29.47,0.0,28.76,39.48
2021-11-06 17:00:56,96.95,28.21,0.0,27.73,39.79
2021-11-06 18:00:56,116.83,27.15,0.0,28.96,38.21
2021-11-06 19:00:56,138.74,27.54,0.0,30.4,41.52
2021-11-06 20:00:56,148.11,26.47,0.0,28.76,38.67
2021-11-06 21:00:56,150.51,27.53,0.0,28.76,38.67
2021-11-06 22:00:56,176.85,27.61,0.0,25.26,36.52
2021-11-06 23:00:56,154.29,28.74,0.0,24.65,36.57
2021-11-07 00:00:56,146.47,28.94,0.0,25.06,36.72
2021-11-07 01:00:56,147.78,31.25,0.0,26.09,36.0
2021-11-07 02:00:56,133.63,30.14,0.0,23.42,36.68
2021-11-07 03:00:56,112.74,27.44,0.0,26.7,38.23
2021-11-07 04:00:56,73.93,26.95,0.0,32.04,41.56
2021-11-07 05:00:56,60.6,26.22,0.0,25.47,37.93
2021-11-07 06:00:56,54.35,26.28,0.0,28.35,39.07
2021-11-07 07:00:56,48.2,25.3,0.0,27.52,39.85
2021-11-07 08:00:56,55.59,25.85,0.0,27.93,39.46
2021-11-07 09:00:56,57.78,25.37,0.0,25.88,39.41
2021-11-07 10:00:56,65.79,25.25,0.0,32.45,44.51
2021-11-07 11:00:56,54.55,24.71,0.0,26.91,37.63
2021-11-07 12:00:56,51.87,25.25,0.0,28.35,39.47
2021-11-07 13:00:56,57.11,26.98,0.0,29.78,40.1
2021-11-07 14:00:56,51.34,25.97,0.0,31.43,40.14
2021-11-07 15:00:56,60.21,29.88,0.0,23.0,35.33
2021-11-07 16:00:56,36.81,25.98,0.0,27.32,36.97
2021-11-07 17:00:56,46.81,25.45,0.0,25.47,37.53
2021-11-07 18:00:56,42.85,25.59,0.0,26.91,38.16
2021-11-07 19:00:56,48.01,25.29,0.0,27.11,39.98
2021-11-07 20:00:56,68.28,25.02,0.0,25.26,37.99
2021-11-07 21:00:56,65.24,24.33,0.0,28.35,40.27
2021-11-07 22:00:56,69.42,25.16,0.0,28.55,41.68
2021-11-07 23:00:56,52.18,24.96,0.0,26.29,38.22
2021-11-08 00:00:56,60.48,25.15,0.0,26.7,39.57
2021-11-08 01:00:56,46.58,25.13,0.0,28.14,38.59
2021-11-08 02:00:56,53.41,0.0,0.0,29.78,43.05
2021-11-08 03:00:56,42.01,25.4,0.0,27.52,38.38
2021-11-08 04:00:56,42.53,25.05,0.0,28.35,39.87
2021-11-08 05:00:56,45.18,25.12,0.0,28.35,38.26
2021-11-08 06:00:56,40.61,24.97,0.0,25.68,37.6
2021-11-08 07:00:56,32.55,24.64,0.0,26.7,38.76
2021-11-08 08:00:56,74.22,24.89,0.0,25.26,37.19
2021-11-08 09:00:56,124.73,25.86,0.0,26.29,35.4
2021-11-08 10:00:56,115.55,25.81,0.0,23.62,35.15
2021-11-08 11:00:56,100.44,24.65,0.0,25.26,37.59
2021-11-08 12:00:56,93.27,25.07,0.0,29.78,40.23
2021-11-08 13:00:56,82.47,25.35,0.0,26.29,40.23
2021-11-08 14:00:56,98.69,0.0,0.0,26.29,38.35
2021-11-08 15:00:56,231.54,22.11,0.0,26.09,38.82
2021-11-08 16:00:56,294.0,0.0,0.0,27.73,39.65
2021-11-08 17:00:56,263.32,7.55,0.0,26.09,36.94
2021-11-08 18:00:56,243.79,5.2,0.0,26.7,35.95
2021-11-08 19:00:56,205.36,4.55,0.0,31.22,41.67
2021-11-08 20:00:56,209.26,4.54,0.0,28.14,38.86
2021-11-08 21:00:56,183.59,4.76,0.0,28.14,38.86
2021-11-08 22:00:56,180.06,4.01,0.0,25.88,36.6
2021-11-08 23:00:56,153.35,3.99,0.0,27.32,37.64
2021-11-09 00:00:56,110.22,4.24,0.0,26.09,34.39
2021-11-09 01:00:56,114.24,4.14,0.0,24.03,36.9
2021-11-09 02:00:56,76.84,5.59,0.0,24.65,39.52
2021-11-09 03:00:56,79.28,3.82,0.0,25.06,37.25
2021-11-09 04:00:56,72.55,4.43,0.0,23.62,36.08
2021-11-09 05:00:56,69.84,14.43,0.0,27.73,38.72
2021-11-09 06:00:56,95.6,46.9,0.0,28.35,40.14
2021-11-09 07:00:56,95.59,47.61,0.0,28.14,39.66
2021-11-09 08:00:56,79.07,14.93,0.0,28.55,39.27
2021-11-09 09:00:56,122.1,11.35,0.0,27.73,38.18
2021-11-09 10:00:56,124.56,0.0,0.0,26.29,38.22
2021-11-09 11:00:56,99.28,8.51,0.0,32.04,39.14
2021-11-09 12:00:56,63.2,5.22,0.0,27.73,34.96
2021-11-09 13:00:56,87.25,24.0,0.0,24.65,35.9
2021-11-09 14:00:56,82.89,6.33,0.0,26.5,37.22
2021-11-09 15:00:56,91.39,4.99,0.0,26.09,36.0
2021-11-09 16:00:56,103.86,4.33,0.0,21.16,36.43
2021-11-09 17:00:56,117.0,3.73,0.0,24.44,37.31
2021-11-09 18:00:56,112.32,3.65,0.0,29.78,42.11
2021-11-09 19:00:56,131.45,3.74,0.0,26.91,40.04
2021-11-09 20:00:56,114.25,3.33,0.0,26.7,38.63
2021-11-09 21:00:56,96.99,3.32,0.0,27.32,38.98
2021-11-09 22:00:56,81.98,3.6,0.0,27.32,38.17
2021-11-09 23:00:56,65.06,3.09,0.0,28.76,39.07
2021-11-10 00:00:56,57.48,2.78,0.0,28.55,39.67
2021-11-10 01:00:56,57.87,3.07,0.0,28.14,38.59
2021-11-10 02:00:56,29.62,0.0,0.0,26.7,36.75
2021-11-10 03:00:56,34.1,2.82,0.0,22.8,34.06
2021-11-10 04:00:56,40.81,17.23,0.0,27.52,37.57
2021-11-10 05:00:56,32.78,17.53,0.0,26.91,37.76
2021-11-10 06:00:56,32.34,3.87,0.0,27.32,36.97
2021-11-10 07:00:56,28.79,4.51,0.0,26.91,39.64
2021-11-10 08:00:56,28.55,4.42,0.0,24.65,36.71
2021-11-10 09:00:56,21.09,43.74,0.0,28.35,40.0
2021-11-10 10:00:56,39.88,137.27,0.0,27.73,38.85
2021-11-10 11:00:56,34.71,79.81,0.0,28.76,39.74
2021-11-10 12:00:56,29.45,37.75,0.0,30.19,40.51
2021-11-10 13:00:56,39.69,13.23,0.0,28.55,38.2
2021-11-10 14:00:56,20.82,6.33,0.0,24.44,36.37
2021-11-10 15:00:56,45.49,5.84,0.0,28.14,39.66
2021-11-10 16:00:56,25.84,4.28,0.0,24.44,36.37
2021-11-10 17:00:56,33.88,3.21,0.0,26.7,35.14
2021-11-10 18:00:56,18.38,2.89,0.0,24.65,38.58
2021-11-10 19:00:56,11.72,3.54,0.0,26.09,37.07
2021-11-10 20:00:56,6.87,2.99,0.0,28.35,39.87
2021-11-10 21:00:56,9.31,1.59,0.0,25.26,38.26
2021-11-10 22:00:56,7.54,1.36,0.0,27.11,39.31
2021-11-10 23:00:56,11.47,1.36,0.0,28.35,39.74
2021-11-11 00:00:56,8.51,0.91,0.0,26.5,38.82
2021-11-11 01:00:56,8.99,0.67,0.0,25.47,37.8
2021-11-11 02:00:56,7.99,0.0,0.0,26.09,38.28
2021-11-11 03:00:56,5.27,0.6,0.0,28.14,39.93
2021-11-11 04:00:56,7.51,0.0,0.0,27.11,39.31
2021-11-11 05:00:56,6.37,0.39,0.0,27.32,38.31
2021-11-11 06:00:56,6.17,0.0,0.0,28.96,39.68
2021-11-11 07:00:56,7.2,0.0,0.0,27.73,38.31
2021-11-11 08:00:56,16.86,0.7,0.0,29.17,38.95
2021-11-11 09:00:56,12.53,0.37,0.0,27.52,37.31
2021-11-11 10:00:56,19.68,0.41,0.0,24.65,35.37
2021-11-11 11:00:56,19.14,0.0,0.0,28.55,35.65
2021-11-11 12:00:56,32.2,6.37,0.0,26.09,39.62
2021-11-11 13:00:56,17.83,7.93,0.0,25.88,38.61
2021-11-11 14:00:56,25.75,8.56,0.0,25.88,38.61
2021-11-11 15:00:56,15.32,8.41,0.0,22.59,36.13
2021-11-11 16:00:56,10.81,7.85,0.0,24.85,37.18
2021-11-11 17:00:56,12.42,8.82,0.0,25.68,37.6
2021-11-11 18:00:56,13.94,7.71,0.0,26.91,40.44
2021-11-11 19:00:56,33.19,8.53,0.0,24.85,37.85
2021-11-11 20:00:56,32.17,8.56,0.0,24.44,37.04
2021-11-11 21:00:56,31.08,7.9,0.0,30.19,42.52
2021-11-11 22:00:56,25.99,9.28,0.0,27.73,38.85
2021-11-11 23:00:56,37.19,9.16,0.0,28.35,39.07
2021-11-12 00:00:56,24.21,8.99,0.0,26.09,38.15
2021-11-12 01:00:56,27.79,8.26,0.0,29.99,38.83
2021-11-12 02:00:56,15.85,9.41,0.0,27.73,37.38
2021-11-12 03:00:56,16.63,7.88,0.0,28.35,37.46
2021-11-12 04:00:56,14.69,7.96,0.0,29.37,40.63
2021-11-12 05:00:56,11.77,7.47,0.0,25.26,38.66
2021-11-12 06:00:56,20.04,7.14,0.0,27.11,39.44
2021-11-12 07:00:56,29.63,7.37,0.0,29.58,39.23
2021-11-12 08:00:56,24.31,7.67,0.0,27.52,38.24
2021-11-12 09:00:56,33.11,7.3,0.0,26.09,38.01
2021-11-12 10:00:56,55.28,12.23,0.0,24.85,37.85
2021-11-12 11:00:56,82.04,31.47,0.0,28.35,39.87
2021-11-12 12:00:56,49.7,30.2,0.0,25.47,37.93
2021-11-12 13:00:56,30.35,10.47,0.0,26.09,38.82
2021-11-12 14:00:56,15.81,9.31,0.0,26.5,38.42
2021-11-12 15:00:56,21.6,9.07,0.0,25.88,37.54
2021-11-12 16:00:56,29.42,9.11,0.0,27.52,37.98
2021-11-12 17:00:56,24.49,8.9,0.0,26.5,38.56
2021-11-12 18:00:56,51.83,9.81,0.0,27.93,39.19
2021-11-12 19:00:56,45.83,10.14,0.0,25.68,38.0
2021-11-12 20:00:56,39.39,9.46,0.0,26.7,38.23
2021-11-12 21:00:56,46.2,8.13,0.0,27.93,38.79
2021-11-12 22:00:56,79.89,9.98,0.0,27.11,37.83
2021-11-12 23:00:56,81.32,9.41,0.0,27.11,39.04
2021-11-13 00:00:56,65.8,8.98,0.0,27.73,39.39
2021-11-13 01:00:56,58.99,8.01,0.0,28.55,39.0
2021-11-13 02:00:56,63.19,0.0,0.0,27.32,38.84
2021-11-13 03:00:56,51.08,8.22,0.0,29.78,44.12
2021-11-13 04:00:56,36.67,8.07,0.0,26.91,38.03
2021-11-13 05:00:56,36.31,8.0,0.0,30.19,42.12
2021-11-13 06:00:56,35.49,7.6,0.0,29.58,40.7
2021-11-13 07:00:56,40.74,7.43,0.0,27.93,38.65
2021-11-13 08:00:56,34.58,7.24,0.0,31.22,42.88
2021-11-13 09:00:56,69.51,8.09,0.0,27.73,37.38
2021-11-13 10:00:56,64.82,10.79,0.0,28.76,38.81
2021-11-13 11:00:56,56.13,22.41,0.0,26.7,38.23
2021-11-13 12:00:56,44.72,35.31,0.0,27.73,38.85
2021-11-13 13:00:56,41.7,15.3,0.0,29.99,38.3
2021-11-13 14:00:56,28.05,12.18,0.0,24.85,35.98
2021-11-13 15:00:56,34.84,9.54,0.0,24.85,36.38
2021-11-13 16:00:56,48.33,9.44,0.0,26.29,35.81
2021-11-13 17:00:56,42.74,9.81,0.0,27.11,39.44
2021-11-13 18:00:56,54.31,10.39,0.0,24.03,37.97
2021-11-13 19:00:56,47.36,10.86,0.0,25.06,37.79
2021-11-13 20:00:56,54.82,10.8,0.0,26.5,41.24
2021-11-13 21:00:56,79.22,11.02,0.0,25.68,38.0
2021-11-13 22:00:56,88.6,10.46,0.0,27.32,39.38
2021-11-13 23:00:56,76.42,10.33,0.0,26.91,38.43
2021-11-14 00:00:56,90.38,10.21,0.0,26.91,40.58
2021-11-14 01:00:56,79.4,10.14,0.0,28.76,40.41
2021-11-14 02:00:56,84.17,0.0,0.0,29.37,40.9
2021-11-14 03:00:56,54.69,9.34,0.0,30.19,38.9
2021-11-14 04:00:56,67.15,9.24,0.0,28.76,39.07
2021-11-14 05:00:56,49.13,9.25,0.0,27.93,39.59
2021-11-14 06:00:56,46.38,8.96,0.0,23.0,37.07
2021-11-14 07:00:56,33.31,8.74,0.0,29.58,40.03
2021-11-14 08:00:56,48.59,9.51,0.0,30.19,38.64
2021-11-14 09:00:56,69.14,9.46,0.0,28.35,37.99
2021-11-14 10:00:56,69.13,10.45,0.0,26.91,37.36
2021-11-14 11:00:56,91.57,139.44,0.0,29.58,38.42
2021-11-14 12:00:56,139.0,147.13,0.0,27.11,36.36
2021-11-14 13:00:56,102.19,30.64,0.0,25.68,38.0
2021-11-14 14:00:56,79.5,20.18,0.0,26.5,36.81
2021-11-14 15:00:56,62.9,15.39,0.0,23.0,33.05
2021-11-14 16:00:56,72.42,16.1,0.0,24.03,35.56
2021-11-14 17:00:56,82.07,15.54,0.0,26.91,38.03
2021-11-14 18:00:56,89.82,19.71,0.0,29.78,42.51
2021-11-14 19:00:56,98.32,19.91,0.0,23.0,37.48
2021-11-14 20:00:56,118.4,16.19,0.0,24.03,36.49
2021-11-14 21:00:56,106.77,14.71,0.0,26.7,39.03
2021-11-14 22:00:56,114.71,14.65,0.0,25.47,36.32
2021-11-14 23:00:56,80.69,12.85,0.0,26.91,40.04
2021-11-15 00:00:56,83.5,13.5,0.0,22.8,36.47
2021-11-15 01:00:56,79.99,12.06,0.0,25.06,38.19
2021-11-15 02:00:56,77.43,0.0,0.0,26.29,38.22
2021-11-15 03:00:56,54.3,12.3,0.0,27.73,38.18
2021-11-15 04:00:56,59.97,12.39,0.0,28.96,39.82
2021-11-15 05:00:56,75.24,13.54,0.0,29.99,39.9
2021-11-15 06:00:56,82.0,13.39,0.0,29.78,39.7
2021-11-15 07:00:56,83.71,11.66,0.0,23.42,36.68
2021-11-15 08:00:56,84.49,10.95,0.0,25.88,37.54
2021-11-15 09:00:56,113.43,11.44,0.0,29.99,39.5
2021-11-15 10:00:56,106.94,11.56,0.0,27.52,38.65
2021-11-15 11:00:56,81.09,12.82,0.0,27.52,38.24
2021-11-15 12:00:56,106.9,47.06,0.0,27.32,36.56
2021-11-15 13:00:56,61.87,21.8,0.0,27.11,37.97
2021-11-15 14:00:56,81.94,25.38,0.0,27.52,37.44
2021-11-15 15:00:56,63.88,17.82,0.0,27.52,40.39
2021-11-15 16:00:56,72.52,18.74,0.0,28.55,39.0
2021-11-15 17:00:56,45.77,12.94,0.0,25.26,34.51
2021-11-15 18:00:56,71.92,14.51,0.0,25.47,37.4
2021-11-15 19:00:56,49.82,14.62,0.0,20.95,35.15
2021-11-15 20:00:56,55.04,11.86,0.0,26.7,38.76
2021-11-15 21:00:56,54.14,10.86,0.0,27.32,38.84
2021-11-15 22:00:56,60.01,11.34,0.0,21.36,38.11
2021-11-15 23:00:56,43.26,11.14,0.0,28.76,40.68
2021-11-16 00:00:56,55.38,10.11,0.0,24.85,37.72
2021-11-16 01:00:56,37.74,9.92,0.0,27.73,37.64
2021-11-16 02:00:56,37.91,0.0,0.0,26.09,38.01
2021-11-16 03:00:56,31.17,9.53,0.0,26.7,38.36
2021-11-16 04:00:56,19.5,8.78,0.0,27.93,38.39
2021-11-16 05:00:56,19.88,8.61,0.0,27.11,37.83
2021-11-16 06:00:56,27.16,11.33,0.0,26.91,37.23
2021-11-16 07:00:56,27.78,35.43,0.0,29.58,40.43
2021-11-16 08:00:56,41.94,61.49,0.0,30.19,42.12
2021-11-16 09:00:56,43.67,28.26,0.0,29.99,41.11
2021-11-16 10:00:56,49.2,20.57,0.0,30.81,40.46
2021-11-16 11:00:56,42.48,19.05,0.0,28.14,38.46
2021-11-16 12:00:56,36.01,14.4,0.0,30.19,39.84
2021-11-16 13:00:56,32.72,11.94,0.0,28.96,37.81
2021-11-16 14:00:56,28.65,14.32,0.0,26.7,37.42
2021-11-16 15:00:56,47.23,8.82,0.0,27.73,38.72
2021-11-16 16:00:56,42.41,9.94,0.0,30.81,39.92
2021-11-16 17:00:56,66.18,9.6,0.0,26.91,37.23
2021-11-16 18:00:56,69.26,9.24,0.0,26.5,37.62
2021-11-16 19:00:56,65.07,9.71,0.0,19.1,34.65
2021-11-16 20:00:56,48.94,10.43,0.0,25.06,36.72
2021-11-16 21:00:56,63.58,11.19,0.0,23.42,35.88
2021-11-16 22:00:56,50.17,10.46,0.0,24.85,35.31
2021-11-16 23:00:56,43.25,9.6,0.0,24.24,37.77
2021-11-17 00:00:56,36.45,9.65,0.0,24.85,37.72
2021-11-17 01:00:56,26.0,9.65,0.0,27.52,39.99
2021-11-17 02:00:56,19.89,0.0,0.0,29.17,40.29
2021-11-17 03:00:56,28.94,9.64,0.0,27.11,39.57
2021-11-17 04:00:56,18.52,8.97,0.0,26.09,38.15
2021-11-17 05:00:56,18.04,8.74,0.0,28.96,38.21
2021-11-17 06:00:56,36.49,8.41,0.0,27.52,38.38
2021-11-17 07:00:56,30.45,8.15,0.0,28.14,40.07
2021-11-17 08:00:56,57.8,8.27,0.0,30.4,40.45
2021-11-17 09:00:56,73.02,8.37,0.0,28.76,38.81
2021-11-17 10:00:56,82.86,39.21,0.0,32.04,43.16
2021-11-17 11:00:56,115.51,88.94,0.0,26.09,36.4
2021-11-17 12:00:56,78.93,43.2,0.0,29.17,39.89
2021-11-17 13:00:56,40.25,14.19,0.0,29.17,38.81
2021-11-17 14:00:56,25.21,10.89,0.0,27.73,40.59
2021-11-17 15:00:56,32.4,10.36,0.0,26.09,38.15
2021-11-17 16:00:56,43.73,10.93,0.0,26.91,37.36
2021-11-17 17:00:56,79.02,22.94,0.0,30.6,41.86
2021-11-17 18:00:56,84.26,16.41,0.0,25.26,37.19
2021-11-17 19:00:56,81.81,12.29,0.0,26.91,36.42
2021-11-17 20:00:56,142.79,13.13,0.0,28.35,38.26
2021-11-17 21:00:56,133.35,14.01,0.0,25.26,34.51
2021-11-17 22:00:56,125.11,13.32,0.0,24.24,35.9
2021-11-17 23:00:56,96.92,13.49,0.0,24.65,35.9
2021-11-18 00:00:56,75.87,13.13,0.0,25.06,35.38
2021-11-18 01:00:56,68.69,12.88,0.0,24.24,35.9
2021-11-18 02:00:56,65.9,0.0,0.0,22.18,33.84
2021-11-18 03:00:56,62.41,12.38,0.0,22.8,36.33
2021-11-18 04:00:56,38.01,12.3,0.0,27.11,39.44
2021-11-18 05:00:56,39.66,11.59,0.0,27.73,39.79
2021-11-18 06:00:56,37.45,11.49,0.0,28.55,39.67
2021-11-18 07:00:56,45.96,12.57,0.0,26.91,40.17
2021-11-18 08:00:56,52.42,12.72,0.0,24.85,37.58
2021-11-18 09:00:56,77.71,11.69,0.0,23.42,36.55
2021-11-18 10:00:56,75.72,14.29,0.0,25.06,37.79
2021-11-18 11:00:56,68.03,28.46,0.0,28.35,39.87
2021-11-18 12:00:56,70.94,31.99,0.0,27.32,38.84
2021-11-18 13:00:56,66.68,18.72,0.0,22.59,33.85
2021-11-18 14:00:56,44.51,16.41,0.0,27.11,37.43
2021-11-18 15:00:56,49.31,16.02,0.0,28.14,36.18
2021-11-18 16:00:56,54.36,13.64,0.0,27.93,36.64
2021-11-18 17:00:56,81.6,13.48,0.0,26.91,38.83
2021-11-18 18:00:56,89.86,12.11,0.0,28.55,39.0
2021-11-18 19:00:56,82.02,11.04,0.0,27.52,35.43
2021-11-18 20:00:56,66.6,12.21,0.0,26.7,36.75
2021-11-18 21:00:56,65.37,10.91,0.0,25.06,35.51
2021-11-18 22:00:56,59.0,10.41,0.0,26.09,36.54
2021-11-18 23:00:56,51.87,9.73,0.0,26.7,35.95
2021-11-19 00:00:56,60.07,9.71,0.0,25.68,37.2
2021-11-19 01:00:56,49.11,9.15,0.0,25.26,37.32
2021-11-19 02:00:56,47.88,0.0,0.0,26.91,38.16
2021-11-19 03:00:56,29.93,10.05,0.0,23.83,36.56
2021-11-19 04:00:56,33.83,9.89,0.0,27.52,38.65
2021-11-19 05:00:56,42.97,9.34,0.0,26.7,37.42
2021-11-19 06:00:56,46.56,9.92,0.0,23.21,38.89
2021-11-19 07:00:56,31.7,9.71,0.0,26.09,40.42
2021-11-19 08:00:56,59.83,9.31,0.0,27.52,38.38
2021-11-19 09:00:56,85.43,9.66,0.0,25.47,39.14
2021-11-19 10:00:56,125.47,14.97,0.0,27.52,40.25
2021-11-19 11:00:56,81.5,10.04,0.0,27.52,37.84
2021-11-19 12:00:56,69.18,9.64,0.0,24.44,37.71
2021-11-19 13:00:56,55.07,9.26,0.0,28.96,41.02
2021-11-19 14:00:56,48.04,9.3,0.0,29.99,40.71
2021-11-19 15:00:56,51.38,9.11,0.0,25.88,39.82
2021-11-19 16:00:56,45.4,8.74,0.0,26.7,38.76
2021-11-19 17:00:56,46.29,10.31,0.0,30.4,40.05
2021-11-19 18:00:56,37.39,11.87,0.0,26.7,38.63
2021-11-19 19:00:56,20.9,10.88,0.0,28.35,40.81
2021-11-19 20:00:56,23.02,10.92,0.0,30.19,38.23
2021-11-19 21:00:56,31.06,10.08,0.0,26.29,38.22
2021-11-19 22:00:56,28.91,8.65,0.0,24.65,36.31
2021-11-19 23:00:56,15.86,9.11,0.0,28.14,36.98
2021-11-20 00:00:56,16.07,9.2,0.0,30.81,39.65
2021-11-20 01:00:56,12.69,9.43,0.0,26.29,37.95
2021-11-20 02:00:56,25.08,0.0,0.0,26.09,37.21
2021-11-20 03:00:56,13.73,9.53,0.0,23.21,35.0
2021-11-20 04:00:56,9.8,8.74,0.0,25.26,35.18
2021-11-20 05:00:56,7.27,9.08,0.0,23.42,34.67
2021-11-20 06:00:56,7.52,8.73,0.0,26.09,36.67
2021-11-20 07:00:56,20.82,8.15,0.0,27.32,36.83
2021-11-20 08:00:56,12.68,8.02,0.0,25.47,38.33
2021-11-20 09:00:56,8.82,9.32,0.0,24.85,38.12
2021-11-20 10:00:56,26.57,8.48,0.0,27.52,40.39
2021-11-20 11:00:56,16.66,8.37,0.0,27.52,38.65
2021-11-20 12:00:56,13.8,8.48,0.0,24.85,37.99
2021-11-20 13:00:56,12.69,9.03,0.0,27.52,41.06
2021-11-20 14:00:56,13.46,9.16,0.0,27.73,40.99
2021-11-20 15:00:56,23.68,9.11,0.0,29.78,40.23
2021-11-20 16:00:56,29.52,9.01,0.0,28.35,39.87
2021-11-20 17:00:56,25.19,9.3,0.0,26.29,38.75
2021-11-20 18:00:56,38.04,9.13,0.0,29.99,39.23
2021-11-20 19:00:56,59.33,8.48,0.0,28.55,39.81
2021-11-20 20:00:56,53.98,9.48,0.0,27.52,38.38
2021-11-20 21:00:56,46.29,8.86,0.0,26.7,36.75
2021-11-20 22:00:56,56.53,8.66,0.0,28.76,39.07
2021-11-20 23:00:56,48.43,8.88,0.0,29.17,40.02
2021-11-21 00:00:56,30.07,8.64,0.0,26.5,37.75
2021-11-21 01:00:56,54.38,8.66,0.0,29.58,38.29
2021-11-21 02:00:56,57.62,0.0,0.0,27.93,37.45
2021-11-21 03:00:56,46.25,8.73,0.0,24.85,35.98
2021-11-21 04:00:56,25.51,9.03,0.0,28.55,39.67
2021-11-21 05:00:56,17.56,8.76,0.0,26.91,38.03
2021-11-21 06:00:56,19.06,9.28,0.0,27.73,38.05
2021-11-21 07:00:56,18.4,8.98,0.0,25.47,36.99
2021-11-21 08:00:56,19.53,8.4,0.0,28.35,40.27
2021-11-21 09:00:56,27.37,9.3,0.0,24.85,35.71
2021-11-21 10:00:56,24.99,8.64,0.0,27.11,38.23
2021-11-21 11:00:56,18.06,9.37,0.0,25.68,37.33
2021-11-21 12:00:56,18.14,8.29,0.0,28.96,38.61
2021-11-21 13:00:56,23.27,8.8,0.0,25.88,38.74
2021-11-21 14:00:56,12.27,9.19,0.0,21.98,36.05
2021-11-21 15:00:56,25.75,9.33,0.0,26.5,37.35
2021-11-21 16:00:56,16.52,8.95,0.0,28.96,40.49
2021-11-21 17:00:56,29.17,8.52,0.0,24.44,40.39
2021-11-21 18:00:56,42.56,8.66,0.0,26.7,39.03
2021-11-21 19:00:56,40.43,8.6,0.0,24.24,36.7
2021-11-21 20:00:56,51.19,8.53,0.0,29.37,39.29
2021-11-21 21:00:56,63.46,9.1,0.0,28.96,41.29
2021-11-21 22:00:56,69.96,9.23,0.0,26.29,37.82
2021-11-21 23:00:56,60.54,8.95,0.0,31.22,40.73
2021-11-22 00:00:56,60.68,8.92,0.0,24.24,36.3
2021-11-22 01:00:56,55.9,9.07,0.0,29.17,39.62
2021-11-22 02:00:56,45.63,0.0,0.0,28.76,39.07
2021-11-22 03:00:56,50.04,8.73,0.0,27.32,37.37
2021-11-22 04:00:56,27.54,8.41,0.0,29.58,39.23
2021-11-22 05:00:56,25.44,8.64,0.0,29.37,39.42
2021-11-22 06:00:56,21.59,8.28,0.0,28.96,38.88
2021-11-22 07:00:56,17.23,8.54,0.0,29.58,39.23
2021-11-22 08:00:56,33.33,8.74,0.0,28.76,39.07
2021-11-22 09:00:56,89.05,8.38,0.0,29.78,40.5
2021-11-22 10:00:56,104.59,11.77,0.0,29.78,37.82
2021-11-22 11:00:56,87.61,78.21,0.0,26.7,36.62
2021-11-22 12:00:56,51.68,53.13,0.0,27.73,38.31
2021-11-22 13:00:56,49.56,29.17,0.0,27.52,38.24
2021-11-22 14:00:56,44.95,19.89,0.0,28.76,39.07
2021-11-22 15:00:56,63.2,48.13,0.0,29.58,40.43
2021-11-22 16:00:56,77.68,129.31,0.0,26.5,37.22
2021-11-22 17:00:56,128.55,65.98,0.0,28.76,38.81
2021-11-22 18:00:56,111.61,34.37,0.0,24.65,34.97
2021-11-22 19:00:56,131.18,17.72,0.0,24.24,34.15
2021-11-22 20:00:56,131.15,14.16,0.0,22.59,36.93
2021-11-22 21:00:56,119.8,12.36,0.0,25.06,37.79
2021-11-22 22:00:56,133.99,11.84,0.0,23.0,35.87
2021-11-22 23:00:56,143.5,11.47,0.0,26.91,38.43
2021-11-23 00:00:56,111.16,11.51,0.0,25.26,39.33
2021-11-23 01:00:56,94.1,11.24,0.0,19.72,32.98
2021-11-23 02:00:56,81.31,0.0,0.0,24.03,39.31
2021-11-23 03:00:56,67.21,11.12,0.0,28.96,39.01
2021-11-23 04:00:56,58.0,11.15,0.0,27.52,40.39
2021-11-23 05:00:56,42.86,11.24,0.0,28.55,41.68
2021-11-23 06:00:56,39.49,11.48,0.0,26.09,41.36
2021-11-23 07:00:56,31.43,10.79,0.0,25.88,37.4
2021-11-23 08:00:56,57.33,18.56,0.0,22.8,36.07
2021-11-23 09:00:56,83.25,13.46,0.0,27.11,39.44
2021-11-23 10:00:56,66.49,15.26,0.0,26.91,39.24
2021-11-23 11:00:56,64.42,14.7,0.0,25.88,37.14
2021-11-23 12:00:56,59.23,12.64,0.0,26.29,38.22
2021-11-23 13:00:56,45.69,10.9,0.0,29.78,41.71
2021-11-23 14:00:56,77.76,70.77,0.0,26.91,38.83
2021-11-23 15:00:56,105.38,76.54,0.0,31.43,40.0
2021-11-23 16:00:56,138.9,58.41,0.0,26.7,38.63
2021-11-23 17:00:56,184.72,49.52,0.0,27.93,39.46
2021-11-23 18:00:56,203.3,31.55,0.0,27.52,38.91
2021-11-23 19:00:56,213.65,21.58,0.0,28.35,40.14
2021-11-23 20:00:56,212.01,17.48,0.0,24.65,34.7
2021-11-23 21:00:56,196.83,14.74,0.0,30.81,38.98
2021-11-23 22:00:56,163.55,14.49,0.0,27.32,37.37
2021-11-23 23:00:56,125.87,14.08,0.0,26.91,38.97
2021-11-24 00:00:56,96.77,12.49,0.0,26.91,35.89
2021-11-24 01:00:56,87.55,11.49,0.0,27.11,38.37
2021-11-24 02:00:56,44.67,0.0,0.0,24.03,36.76
2021-11-24 03:00:56,47.31,10.48,0.0,25.26,35.05
2021-11-24 04:00:56,32.04,10.28,0.0,25.47,35.79
2021-11-24 05:00:56,20.65,9.37,0.0,24.44,35.56
2021-11-24 06:00:56,17.18,10.24,0.0,28.14,38.19
2021-11-24 07:00:56,12.22,9.86,0.0,25.47,37.93
2021-11-24 08:00:56,17.14,9.97,0.0,25.88,37.0
2021-11-24 09:00:56,22.33,9.96,0.0,25.06,37.79
2021-11-24 10:00:56,22.04,9.47,0.0,25.88,39.41
2021-11-24 11:00:56,13.68,10.13,0.0,27.52,40.66
2021-11-24 12:00:56,23.44,9.21,0.0,23.62,37.69
2021-11-24 13:00:56,12.6,10.06,0.0,27.32,38.57
2021-11-24 14:00:56,19.04,9.73,0.0,28.55,39.4
2021-11-24 15:00:56,17.81,9.93,0.0,29.78,39.43
2021-11-24 16:00:56,27.07,9.31,0.0,27.11,37.83
2021-11-24 17:00:56,14.29,9.0,0.0,27.11,39.98
2021-11-24 18:00:56,11.49,8.66,0.0,27.52,38.24
2021-11-24 19:00:56,16.28,8.7,0.0,27.11,39.84
2021-11-24 20:00:56,19.3,8.94,0.0,28.14,38.59
2021-11-24 21:00:56,19.67,9.3,0.0,27.93,38.65
2021-11-24 22:00:56,22.03,9.09,0.0,30.4,39.65
2021-11-24 23:00:56,20.37,8.35,0.0,27.52,38.65
2021-11-25 00:00:56,25.12,8.46,0.0,29.17,41.23
2021-11-25 01:00:56,25.13,8.95,0.0,27.11,37.43
2021-11-25 02:00:56,18.01,0.0,0.0,27.52,38.78
2021-11-25 03:00:56,22.08,8.72,0.0,29.99,41.91
2021-11-25 04:00:56,12.35,8.39,0.0,27.73,37.38
2021-11-25 05:00:56,7.79,8.98,0.0,26.5,36.55
2021-11-25 06:00:56,12.54,8.34,0.0,23.21,33.93
2021-11-25 07:00:56,15.1,8.24,0.0,26.5,35.34
2021-11-25 08:00:56,11.78,8.8,0.0,25.88,37.0
2021-11-25 09:00:56,25.81,8.85,0.0,24.65,35.77
2021-11-25 10:00:56,28.96,9.79,0.0,25.68,37.2
2021-11-25 11:00:56,29.63,13.48,0.0,25.68,36.93
2021-11-25 12:00:56,15.68,13.96,0.0,23.62,35.95
2021-11-25 13:00:56,34.97,12.23,0.0,25.68,38.0
2021-11-25 14:00:56,18.78,11.37,0.0,24.65,36.57
2021-11-25 15:00:56,25.23,10.44,0.0,26.09,38.55
2021-11-25 16:00:56,19.01,9.95,0.0,25.06,37.92
2021-11-25 17:00:56,20.71,9.64,0.0,24.85,37.58
2021-11-25 18:00:56,17.36,9.61,0.0,25.06,37.79
2021-11-25 19:00:56,38.42,9.12,0.0,26.09,38.15
2021-11-25 20:00:56,27.79,9.6,0.0,27.52,38.24
2021-11-25 21:00:56,32.78,9.07,0.0,26.29,38.22
2021-11-25 22:00:56,45.29,8.8,0.0,26.5,37.62
2021-11-25 23:00:56,40.59,8.9,0.0,28.55,39.4
2021-11-26 00:00:56,43.79,8.3,0.0,24.65,36.57
2021-11-26 01:00:56,44.35,8.47,0.0,28.96,39.82
2021-11-26 02:00:56,31.92,0.0,0.0,27.52,38.65
2021-11-26 03:00:56,25.07,8.21,0.0,26.7,39.16
2021-11-26 04:00:56,32.67,8.18,0.0,26.09,36.81
2021-11-26 05:00:56,17.03,7.74,0.0,27.93,36.38
2021-11-26 06:00:56,14.12,7.82,0.0,30.81,40.32
2021-11-26 07:00:56,37.01,7.53,0.0,29.78,39.43
2021-11-26 08:00:56,20.53,7.31,0.0,29.37,39.02
2021-11-26 09:00:56,49.12,7.63,0.0,28.35,36.79
2021-11-26 10:00:56,31.84,8.04,0.0,27.32,38.44
2021-11-26 11:00:56,18.51,9.56,0.0,27.52,38.65
2021-11-26 12:00:56,12.41,10.13,0.0,24.44,35.16
2021-11-26 13:00:56,0.0,0.0,0.0,0.0,0.0
2021-11-26 14:00:56,0.0,0.0,0.0,0.0,0.0
2021-11-26 15:00:56,0.0,0.0,0.0,0.0,0.0
2021-11-26 16:00:56,0.0,0.0,0.0,0.0,0.0
2021-11-26 17:00:56,0.0,0.0,0.0,0.0,0.0
2021-11-26 18:00:56,0.0,0.0,0.0,0.0,0.0
2021-11-26 19:00:56,0.0,0.0,0.0,0.0,0.0
2021-11-26 20:00:56,0.0,0.0,0.0,0.0,0.0
2021-11-26 21:00:56,0.0,0.0,0.0,0.0,0.0
2021-11-26 22:00:56,0.0,0.0,0.0,0.0,0.0
2021-11-26 23:00:56,0.0,0.0,0.0,0.0,0.0
2021-11-27 00:00:56,0.0,0.0,0.0,0.0,0.0
2021-11-27 01:00:56,0.0,0.0,0.0,0.0,0.0
2021-11-27 02:00:56,0.0,0.0,0.0,0.0,0.0
2021-11-27 03:00:56,0.0,0.0,0.0,0.0,0.0
2021-11-27 04:00:56,0.0,0.0,0.0,0.0,0.0
2021-11-27 05:00:56,0.0,0.0,0.0,0.0,0.0
2021-11-27 06:00:56,0.0,0.0,0.0,0.0,0.0
2021-11-27 07:00:56,0.0,0.0,0.0,0.0,0.0
2021-11-27 08:00:56,0.0,0.0,0.0,0.0,0.0
2021-11-27 09:00:56,0.0,0.0,0.0,0.0,0.0
2021-11-27 10:00:56,0.0,0.0,0.0,0.0,0.0
2021-11-27 11:00:56,0.0,0.0,0.0,0.0,0.0
2021-11-27 12:00:56,0.0,0.0,0.0,0.0,0.0
2021-11-27 13:00:56,0.0,0.0,0.0,0.0,0.0
2021-11-27 14:00:56,0.0,0.0,0.0,0.0,0.0
2021-11-27 15:00:56,178.36,0.0,0.0,25.88,37.54
2021-11-27 16:00:56,156.18,46.82,0.0,27.73,38.72
2021-11-27 17:00:56,126.53,20.52,0.0,28.55,38.2
2021-11-27 18:00:56,155.07,20.03,0.0,29.17,37.74
2021-11-27 19:00:56,115.63,14.25,0.0,29.37,39.42
2021-11-27 20:00:56,99.69,14.89,0.0,30.81,42.47
2021-11-27 21:00:56,92.99,14.21,0.0,30.81,41.26
2021-11-27 22:00:56,71.5,13.61,0.0,28.55,37.93
2021-11-27 23:00:56,50.56,27.63,0.0,29.58,39.36
2021-11-28 00:00:56,45.69,47.51,0.0,25.88,37.67
2021-11-28 01:00:56,52.11,15.43,0.0,25.68,37.73
2021-11-28 02:00:56,35.93,0.0,0.0,27.52,38.38
2021-11-28 03:00:56,20.28,14.77,0.0,25.68,36.66
2021-11-28 04:00:56,27.66,14.49,0.0,28.14,37.79
2021-11-28 05:00:56,20.1,14.34,0.0,19.72,32.98
2021-11-28 06:00:56,39.15,18.18,0.0,23.0,33.05
2021-11-28 07:00:56,32.21,15.62,0.0,26.5,38.15
2021-11-28 08:00:56,18.79,14.0,0.0,26.09,37.07
2021-11-28 09:00:56,19.2,10.21,0.0,26.91,38.3
2021-11-28 10:00:56,12.82,10.35,0.0,24.65,36.84
2021-11-28 11:00:56,26.12,12.61,0.0,27.11,38.37
2021-11-28 12:00:56,27.89,16.64,0.0,26.09,37.88
2021-11-28 13:00:56,25.96,14.05,0.0,26.29,39.29
2021-11-28 14:00:56,47.22,13.33,0.0,26.91,38.7
2021-11-28 15:00:56,24.43,12.58,0.0,26.5,38.56
2021-11-28 16:00:56,24.8,11.25,0.0,30.4,40.99
2021-11-28 17:00:56,15.71,10.7,0.0,23.42,36.68
2021-11-28 18:00:56,39.58,11.01,0.0,27.52,39.58
2021-11-28 19:00:56,38.36,10.77,0.0,27.73,38.58
2021-11-28 20:00:56,24.02,11.17,0.0,26.5,37.75
2021-11-28 21:00:56,48.79,19.71,0.0,24.24,36.03
2021-11-28 22:00:56,52.38,16.29,0.0,26.91,38.16
2021-11-28 23:00:56,54.67,13.03,0.0,30.4,40.85
2021-11-29 00:00:56,51.04,11.57,0.0,29.37,39.82
2021-11-29 01:00:56,37.38,10.79,0.0,26.7,36.75
2021-11-29 02:00:56,23.99,0.0,0.0,27.73,37.91
2021-11-29 03:00:56,22.31,10.56,0.0,26.7,37.56
2021-11-29 04:00:56,19.08,9.46,0.0,26.91,36.69
2021-11-29 05:00:56,23.07,10.18,0.0,26.29,36.74
2021-11-29 06:00:56,26.6,10.11,0.0,23.62,34.07
2021-11-29 07:00:56,45.09,10.04,0.0,24.85,36.51
2021-11-29 08:00:56,41.23,9.65,0.0,25.47,36.32
2021-11-29 09:00:56,57.7,11.67,0.0,23.62,35.41
2021-11-29 10:00:56,54.89,11.01,0.0,26.29,38.35
2021-11-29 11:00:56,49.11,10.51,0.0,27.93,39.73
2021-11-29 12:00:56,64.36,9.54,0.0,28.35,36.92
2021-11-29 13:00:56,63.34,9.43,0.0,27.73,39.12
2021-11-29 14:00:56,64.47,10.36,0.0,26.7,39.57
2021-11-29 15:00:56,62.52,10.78,0.0,23.0,36.27
2021-11-29 16:00:56,54.66,11.03,0.0,25.88,38.48
2021-11-29 17:00:56,43.5,11.1,0.0,27.93,40.4
2021-11-29 18:00:56,69.83,11.62,0.0,26.7,37.29
2021-11-29 19:00:56,68.71,12.25,0.0,27.32,38.17
2021-11-29 20:00:56,57.76,9.82,0.0,28.96,39.15
2021-11-29 21:00:56,57.1,9.93,0.0,28.14,37.52
2021-11-29 22:00:56,52.17,10.27,0.0,28.55,40.21
2021-11-29 23:00:56,112.06,10.06,0.0,30.81,39.79
2021-11-30 00:00:56,116.71,10.09,0.0,24.44,35.3
2021-11-30 01:00:56,99.12,10.27,0.0,28.35,38.8
2021-11-30 02:00:56,87.43,0.0,0.0,24.03,35.42
2021-11-30 03:00:56,65.79,10.89,0.0,29.58,37.22
2021-11-30 04:00:56,61.14,10.4,0.0,26.5,37.48
2021-11-30 05:00:56,60.55,10.32,0.0,26.09,37.74
2021-11-30 06:00:56,53.26,9.38,0.0,25.06,35.64
2021-11-30 07:00:56,47.03,9.39,0.0,24.65,37.11
2021-11-30 08:00:56,42.04,9.42,0.0,26.91,38.3
2021-11-30 09:00:56,35.44,9.79,0.0,26.5,39.9
2021-11-30 10:00:56,26.98,9.49,0.0,25.47,37.66
2021-11-30 11:00:56,21.08,10.03,0.0,28.96,38.74
2021-11-30 12:00:56,12.59,9.91,0.0,26.91,40.04
2021-11-30 13:00:56,12.72,10.0,0.0,26.29,38.89
2021-11-30 14:00:56,15.57,9.89,0.0,27.93,41.07
2021-11-30 15:00:56,19.23,10.1,0.0,26.5,36.41
2021-11-30 16:00:56,27.12,5.85,0.0,28.14,40.74
2021-11-30 17:00:56,27.12,0.0,0.0,23.62,31.79
2021-11-30 18:00:56,66.84,18.55,0.0,24.85,37.45
2021-11-30 19:00:56,42.08,6.64,0.0,29.99,38.83
2021-11-30 20:00:56,59.32,8.06,0.0,28.14,40.47
2021-11-30 21:00:56,34.6,9.35,0.0,26.09,38.01
2021-11-30 22:00:56,19.62,9.84,0.0,27.52,38.11
2021-11-30 23:00:56,11.77,9.35,0.0,29.78,40.91
2021-12-01 00:00:56,7.0,8.59,0.0,27.73,41.53
2021-12-01 01:00:56,4.43,8.18,0.0,29.17,40.42
2021-12-01 02:00:56,5.12,10.23,0.0,23.62,34.88
2021-12-01 03:00:56,31.97,9.86,0.0,28.14,37.79
2021-12-01 04:00:56,42.07,9.22,0.0,28.14,39.4
2021-12-01 05:00:56,29.76,9.54,0.0,31.02,39.46
2021-12-01 06:00:56,15.84,9.11,0.0,28.35,39.33
2021-12-01 07:00:56,15.04,9.24,0.0,28.55,40.34
2021-12-01 08:00:56,32.15,8.71,0.0,28.35,39.2
2021-12-01 09:00:56,26.97,8.83,0.0,27.32,37.5
2021-12-01 10:00:56,17.13,9.16,0.0,27.73,37.91
2021-12-01 11:00:56,15.44,8.18,0.0,28.35,39.2
2021-12-01 12:00:56,10.94,9.48,0.0,24.65,37.51
2021-12-01 13:00:56,11.9,9.21,0.0,27.32,37.37
2021-12-01 14:00:56,26.31,9.5,0.0,25.88,37.14
2021-12-01 15:00:56,23.43,9.08,0.0,26.09,36.67
2021-12-01 16:00:56,16.08,8.97,0.0,24.24,35.9
2021-12-01 17:00:56,20.21,8.9,0.0,27.73,40.73
2021-12-01 18:00:56,22.05,9.29,0.0,24.44,35.83
2021-12-01 19:00:56,28.82,9.67,0.0,24.24,36.43
2021-12-01 20:00:56,46.74,9.12,0.0,27.32,39.51
2021-12-01 21:00:56,51.6,9.03,0.0,26.7,37.29
2021-12-01 22:00:56,38.79,8.82,0.0,26.5,37.75
2021-12-01 23:00:56,27.57,9.15,0.0,25.88,37.94
2021-12-02 00:00:56,16.28,8.83,0.0,26.91,38.16
2021-12-02 01:00:56,23.88,8.46,0.0,25.47,39.27
2021-12-02 02:00:56,14.07,9.73,0.0,26.7,39.7
2021-12-02 03:00:56,10.63,8.62,0.0,26.29,38.75
2021-12-02 04:00:56,8.09,8.68,0.0,26.7,39.57
2021-12-02 05:00:56,15.4,8.12,0.0,27.52,39.05
2021-12-02 06:00:56,9.05,7.85,0.0,29.17,39.22
2021-12-02 07:00:56,20.79,6.89,0.0,26.7,38.63
2021-12-02 08:00:56,12.64,7.43,0.0,29.37,38.62
2021-12-02 09:00:56,12.91,7.51,0.0,30.19,37.7
2021-12-02 10:00:56,30.21,8.2,0.0,23.0,35.73
2021-12-02 11:00:56,25.34,8.7,0.0,26.7,38.36
2021-12-02 12:00:56,17.47,9.32,0.0,27.32,36.97
2021-12-02 13:00:56,12.91,9.14,0.0,27.32,36.97
2021-12-02 14:00:56,12.44,8.36,0.0,26.91,35.75
2021-12-02 15:00:56,7.79,8.27,0.0,25.26,36.92
2021-12-02 16:00:56,12.93,8.58,0.0,25.88,37.14
2021-12-02 17:00:56,29.55,9.66,0.0,24.24,36.3
2021-12-02 18:00:56,57.28,9.77,0.0,27.11,37.56
2021-12-02 19:00:56,68.19,9.69,0.0,23.21,34.73
2021-12-02 20:00:56,58.98,9.18,0.0,21.77,35.71
2021-12-02 21:00:56,70.08,8.89,0.0,24.65,37.38
2021-12-02 22:00:56,69.18,8.64,0.0,25.88,37.0
2021-12-02 23:00:56,89.28,9.19,0.0,25.06,37.52
2021-12-03 00:00:56,62.05,8.63,0.0,27.32,39.65
2021-12-03 01:00:56,61.15,8.57,0.0,26.7,36.75
2021-12-03 02:00:56,103.72,0.0,0.0,26.09,38.41
2021-12-03 03:00:56,54.01,8.83,0.0,26.5,39.36
2021-12-03 04:00:56,36.29,8.72,0.0,25.26,37.59
2021-12-03 05:00:56,25.13,9.04,0.0,25.68,40.15
2021-12-03 06:00:56,29.99,14.68,0.0,23.83,37.76
2021-12-03 07:00:56,24.81,28.83,0.0,26.29,40.63
2021-12-03 08:00:56,44.56,21.22,0.0,24.44,37.57
2021-12-03 09:00:56,70.64,14.45,0.0,31.02,39.73
2021-12-03 10:00:56,49.24,11.25,0.0,25.88,39.55
2021-12-03 11:00:56,30.38,12.81,0.0,26.29,38.22
2021-12-03 12:00:56,31.82,11.08,0.0,28.76,39.21
2021-12-03 13:00:56,17.4,10.24,0.0,28.35,40.67
2021-12-03 14:00:56,11.99,10.75,0.0,30.6,42.26
2021-12-03 15:00:56,10.18,12.1,0.0,30.19,39.57
2021-12-03 16:00:56,26.12,9.89,0.0,29.58,40.7
2021-12-03 17:00:56,15.83,9.36,0.0,32.25,43.91
2021-12-03 18:00:56,38.3,11.68,0.0,28.55,39.0
2021-12-03 19:00:56,65.81,11.69,0.0,28.55,40.34
2021-12-03 20:00:56,68.0,11.19,0.0,25.88,39.15
2021-12-03 21:00:56,50.39,11.48,0.0,33.89,44.34
2021-12-03 22:00:56,45.64,11.5,0.0,29.78,38.63
2021-12-03 23:00:56,57.41,11.29,0.0,29.17,39.48
2021-12-04 00:00:56,76.35,10.87,0.0,28.14,38.19
2021-12-04 01:00:56,59.56,13.1,0.0,29.99,41.91
2021-12-04 02:00:56,42.9,0.0,0.0,28.96,38.34
2021-12-04 03:00:56,44.06,11.49,0.0,27.11,37.16
2021-12-04 04:00:56,26.61,10.98,0.0,28.35,38.13
2021-12-04 05:00:56,14.14,9.62,0.0,27.32,36.7
2021-12-04 06:00:56,8.78,9.71,0.0,26.91,36.69
2021-12-04 07:00:56,6.66,9.64,0.0,27.11,38.37
2021-12-04 08:00:56,5.66,9.91,0.0,27.73,37.78
2021-12-04 09:00:56,11.3,10.97,0.0,24.44,34.89
2021-12-04 10:00:56,31.14,13.19,0.0,28.14,38.59
2021-12-04 11:00:56,24.35,11.19,0.0,24.44,37.44
2021-12-04 12:00:56,19.33,9.99,0.0,26.7,36.89
2021-12-04 13:00:56,16.19,11.13,0.0,24.85,36.24
2021-12-04 14:00:56,18.63,11.76,0.0,26.29,36.48
2021-12-04 15:00:56,23.11,12.77,0.0,25.26,36.92
2021-12-04 16:00:56,31.79,12.27,0.0,24.44,35.83
2021-12-04 17:00:56,34.07,12.19,0.0,25.47,36.86
2021-12-04 18:00:56,25.78,13.78,0.0,24.85,36.91
2021-12-04 19:00:56,84.99,13.23,0.0,26.7,37.15
2021-12-04 20:00:56,99.78,13.35,0.0,25.47,36.86
2021-12-04 21:00:56,87.65,15.14,0.0,25.68,36.53
2021-12-04 22:00:56,86.56,13.77,0.0,25.88,35.13
2021-12-04 23:00:56,64.93,10.59,0.0,25.47,35.25
2021-12-05 00:00:56,42.69,10.43,0.0,22.8,34.99
2021-12-05 01:00:56,23.39,10.11,0.0,27.52,37.17
2021-12-05 02:00:56,18.97,0.0,0.0,28.76,38.94
2021-12-05 03:00:56,28.78,10.96,0.0,28.14,39.4
2021-12-05 04:00:56,17.13,10.09,0.0,25.06,37.65
2021-12-05 05:00:56,13.86,24.1,0.0,25.26,37.06
2021-12-05 06:00:56,23.89,36.18,0.0,27.52,39.32
2021-12-05 07:00:56,29.6,15.72,0.0,27.93,39.19
2021-12-05 08:00:56,44.05,11.64,0.0,27.93,42.0
2021-12-05 09:00:56,26.85,10.98,0.0,28.14,39.13
2021-12-05 10:00:56,16.38,10.05,0.0,25.06,37.92
2021-12-05 11:00:56,21.64,10.36,0.0,26.29,38.35
2021-12-05 12:00:56,18.91,20.27,0.0,28.96,43.43
2021-12-05 13:00:56,20.01,15.21,0.0,27.93,39.99
2021-12-05 14:00:56,17.8,11.84,0.0,29.58,42.04
2021-12-05 15:00:56,13.28,11.83,0.0,26.7,37.69
2021-12-05 16:00:56,15.35,10.57,0.0,27.73,40.32
2021-12-05 17:00:56,42.97,10.25,0.0,27.11,37.97
2021-12-05 18:00:56,27.57,8.6,0.0,27.11,40.78
2021-12-05 19:00:56,70.16,9.88,0.0,28.76,37.2
2021-12-05 20:00:56,61.42,9.69,0.0,29.37,41.43
2021-12-05 21:00:56,77.5,10.04,0.0,25.68,38.14
2021-12-05 22:00:56,69.68,10.0,0.0,28.76,41.35
2021-12-05 23:00:56,74.92,10.48,0.0,28.76,38.94
2021-12-06 00:00:56,80.87,11.0,0.0,29.99,39.37
2021-12-06 01:00:56,59.33,10.17,0.0,28.55,40.61
2021-12-06 02:00:56,55.0,11.72,0.0,28.76,38.94
2021-12-06 03:00:56,41.84,10.48,0.0,24.24,35.63
2021-12-06 04:00:56,26.27,10.22,0.0,30.19,39.57
2021-12-06 05:00:56,38.02,10.57,0.0,29.58,39.36
2021-12-06 06:00:56,24.56,10.32,0.0,27.52,38.38
2021-12-06 07:00:56,30.79,9.92,0.0,28.14,38.73
2021-12-06 08:00:56,47.85,10.47,0.0,26.29,38.49
2021-12-06 09:00:56,76.79,13.64,0.0,23.42,34.27
2021-12-06 10:00:56,93.05,17.07,0.0,28.96,38.21
2021-12-06 11:00:56,135.82,41.7,0.0,30.19,38.37
2021-12-06 12:00:56,135.72,14.1,0.0,27.32,39.51
2021-12-06 13:00:56,84.24,10.91,0.0,28.14,38.73
2021-12-06 14:00:56,57.53,10.8,0.0,25.06,35.24
2021-12-06 15:00:56,49.33,11.31,0.0,25.26,34.91
2021-12-06 16:00:56,57.49,10.68,0.0,27.32,37.1
2021-12-06 17:00:56,29.67,10.58,0.0,25.26,37.46
2021-12-06 18:00:56,67.96,10.98,0.0,24.85,36.11
2021-12-06 19:00:56,70.46,10.93,0.0,26.09,37.07
2021-12-06 20:00:56,50.01,10.71,0.0,24.85,36.38
2021-12-06 21:00:56,45.01,10.75,0.0,27.73,37.78
2021-12-06 22:00:56,47.23,10.15,0.0,26.7,37.69
2021-12-06 23:00:56,44.48,10.35,0.0,22.59,34.79
2021-12-07 00:00:56,42.24,10.84,0.0,26.91,38.57
2021-12-07 01:00:56,52.56,9.89,0.0,25.88,37.94
2021-12-07 02:00:56,40.13,0.0,0.0,22.39,35.39
2021-12-07 03:00:56,51.0,11.35,0.0,26.91,40.98
2021-12-07 04:00:56,41.03,13.92,0.0,26.91,38.97
2021-12-07 05:00:56,32.88,15.21,0.0,26.29,39.29
2021-12-07 06:00:56,32.57,14.88,0.0,26.5,37.75
2021-12-07 07:00:56,36.24,14.6,0.0,26.5,38.15
2021-12-07 08:00:56,34.47,13.9,0.0,27.32,37.77
2021-12-07 09:00:56,37.45,16.28,0.0,27.11,38.37
2021-12-07 10:00:56,39.64,15.64,0.0,26.91,39.1
2021-12-07 11:00:56,30.03,13.02,0.0,30.4,40.58
2021-12-07 12:00:56,15.84,10.09,0.0,28.14,39.93
2021-12-07 13:00:56,24.94,10.15,0.0,27.11,38.77
2021-12-07 14:00:56,30.77,9.52,0.0,27.73,38.58
2021-12-07 15:00:56,18.74,10.83,0.0,28.14,39.4
2021-12-07 16:00:56,28.43,10.49,0.0,26.5,38.15
2021-12-07 17:00:56,45.62,10.52,0.0,29.78,41.04
2021-12-07 18:00:56,69.43,10.5,0.0,26.09,37.34
2021-12-07 19:00:56,88.08,12.88,0.0,28.76,40.55
2021-12-07 20:00:56,88.93,14.26,0.0,28.35,39.47
2021-12-07 21:00:56,72.25,12.92,0.0,31.02,39.59
2021-12-07 22:00:56,60.15,11.03,0.0,31.02,42.0
2021-12-07 23:00:56,56.98,11.5,0.0,27.52,38.11
2021-12-08 00:00:56,48.23,12.17,0.0,32.66,43.11
2021-12-08 01:00:56,50.21,10.27,0.0,27.73,38.45
2021-12-08 02:00:56,48.81,0.0,0.0,29.78,39.56
2021-12-08 03:00:56,57.62,10.09,0.0,27.93,38.52
2021-12-08 04:00:56,39.1,10.53,0.0,31.63,40.48
2021-12-08 05:00:56,41.05,10.25,0.0,31.43,40.67
2021-12-08 06:00:56,49.04,9.95,0.0,28.96,35.13
2021-12-08 07:00:56,46.23,9.91,0.0,28.35,35.18
2021-12-08 08:00:56,62.36,10.97,0.0,27.11,38.37
2021-12-08 09:00:56,57.85,11.26,0.0,29.99,38.83
2021-12-08 10:00:56,79.28,14.31,0.0,28.55,38.73
2021-12-08 11:00:56,64.93,14.59,0.0,27.11,38.23
2021-12-08 12:00:56,62.99,12.75,0.0,26.5,36.28
2021-12-08 13:00:56,42.9,13.91,0.0,27.73,38.85
2021-12-08 14:00:56,41.75,14.03,0.0,27.93,38.39
2021-12-08 15:00:56,43.09,10.99,0.0,26.5,38.15
2021-12-08 16:00:56,57.02,21.75,0.0,26.09,35.73
2021-12-08 17:00:56,76.52,19.28,0.0,27.52,37.57
2021-12-08 18:00:56,88.23,11.88,0.0,26.09,37.74
2021-12-08 19:00:56,73.08,12.04,0.0,29.17,38.41
2021-12-08 20:00:56,56.08,10.34,0.0,24.03,37.3
2021-12-08 21:00:56,71.08,10.1,0.0,29.17,40.82
2021-12-08 22:00:56,60.92,9.55,0.0,26.5,38.15
2021-12-08 23:00:56,50.4,9.81,0.0,24.44,36.23
2021-12-09 00:00:56,28.39,9.34,0.0,24.03,34.62
2021-12-09 01:00:56,33.1,9.34,0.0,25.68,36.66
2021-12-09 02:00:56,19.51,0.0,0.0,26.7,36.89
2021-12-09 03:00:56,19.2,9.37,0.0,26.09,37.48
2021-12-09 04:00:56,13.81,9.25,0.0,27.32,37.37
2021-12-09 05:00:56,15.97,8.86,0.0,24.03,36.23
2021-12-09 06:00:56,21.05,8.65,0.0,25.68,35.72
2021-12-09 07:00:56,22.49,8.25,0.0,28.14,38.73
2021-12-09 08:00:56,18.53,9.27,0.0,28.14,41.0
2021-12-09 09:00:56,17.92,8.89,0.0,27.73,42.07
2021-12-09 10:00:56,21.82,7.97,0.0,29.37,39.42
2021-12-09 11:00:56,25.72,9.09,0.0,26.09,38.15
2021-12-09 12:00:56,20.19,8.88,0.0,26.29,38.62
2021-12-09 13:00:56,25.61,9.61,0.0,27.32,37.64
2021-12-09 14:00:56,31.42,16.02,0.0,25.47,38.74
2021-12-09 15:00:56,28.59,15.85,0.0,25.06,38.32
2021-12-09 16:00:56,29.38,13.36,0.0,30.4,42.06
2021-12-09 17:00:56,23.02,10.28,0.0,28.35,42.01
2021-12-09 18:00:56,27.28,9.87,0.0,28.14,40.6
2021-12-09 19:00:56,26.06,8.93,0.0,27.93,39.59
2021-12-09 20:00:56,20.51,8.78,0.0,23.21,36.34
2021-12-09 21:00:56,34.33,9.06,0.0,29.58,40.43
2021-12-09 22:00:56,25.18,9.0,0.0,28.76,38.67
2021-12-09 23:00:56,28.2,9.03,0.0,26.91,38.43
2021-12-10 00:00:56,37.09,8.94,0.0,28.14,39.26
2021-12-10 01:00:56,40.44,8.77,0.0,29.17,39.08
2021-12-10 02:00:56,40.45,9.42,0.0,29.17,39.22
2021-12-10 03:00:56,48.42,8.58,0.0,27.52,38.65
2021-12-10 04:00:56,27.43,8.63,0.0,28.96,38.61
2021-12-10 05:00:56,16.16,8.74,0.0,29.99,41.24
2021-12-10 06:00:56,15.94,8.56,0.0,30.6,39.05
2021-12-10 07:00:56,21.7,8.2,0.0,28.96,37.81
2021-12-10 08:00:56,14.33,8.48,0.0,28.55,39.27
2021-12-10 09:00:56,27.69,8.95,0.0,26.91,38.57
2021-12-10 10:00:56,75.95,10.19,0.0,28.55,39.4
2021-12-10 11:00:56,80.26,21.64,0.0,23.62,35.28
2021-12-10 12:00:56,104.29,43.95,0.0,26.91,36.56
2021-12-10 13:00:56,125.8,41.89,0.0,28.55,37.8
2021-12-10 14:00:56,73.75,19.93,0.0,29.37,39.29
2021-12-10 15:00:56,54.62,24.12,0.0,27.32,37.23
2021-12-10 16:00:56,50.63,11.01,0.0,26.5,36.95
2021-12-10 17:00:56,45.63,11.18,0.0,26.5,37.35
2021-12-10 18:00:56,87.2,10.54,0.0,26.09,36.27
2021-12-10 19:00:56,99.35,11.09,0.0,27.32,39.38
2021-12-10 20:00:56,90.17,11.1,0.0,25.68,35.46
2021-12-10 21:00:56,77.93,11.87,0.0,26.29,37.95
2021-12-10 22:00:56,72.65,12.21,0.0,26.29,38.49
2021-12-10 23:00:56,38.39,13.55,0.0,24.03,34.89
2021-12-11 00:00:56,46.55,12.67,0.0,24.44,35.83
2021-12-11 01:00:56,25.8,11.74,0.0,26.7,37.29
2021-12-11 02:00:56,25.68,0.0,0.0,26.5,37.89
2021-12-11 03:00:56,22.92,11.32,0.0,26.7,37.29
2021-12-11 04:00:56,12.63,12.25,0.0,24.03,36.49
2021-12-11 05:00:56,8.32,12.55,0.0,23.62,36.48
2021-12-11 06:00:56,18.15,12.07,0.0,26.7,39.3
2021-12-11 07:00:56,20.83,12.02,0.0,25.06,37.39
2021-12-11 08:00:56,14.49,10.67,0.0,22.8,36.74
2021-12-11 09:00:56,39.96,9.43,0.0,25.47,37.93
2021-12-11 10:00:56,39.43,9.31,0.0,24.24,37.77
2021-12-11 11:00:56,43.19,18.59,0.0,27.11,38.23
2021-12-11 12:00:56,48.77,20.42,0.0,25.47,38.2
2021-12-11 13:00:56,36.6,15.11,0.0,28.55,39.4
2021-12-11 14:00:56,22.54,11.56,0.0,28.14,36.85
2021-12-11 15:00:56,33.63,10.86,0.0,25.26,38.93
2021-12-11 16:00:56,45.63,10.95,0.0,26.29,39.56
2021-12-11 17:00:56,41.63,9.77,0.0,25.68,38.14
2021-12-11 18:00:56,43.63,9.94,0.0,28.76,38.81
2021-12-11 19:00:56,74.09,9.39,0.0,30.81,40.86
2021-12-11 20:00:56,94.31,9.4,0.0,27.93,39.86
2021-12-11 21:00:56,103.06,10.55,0.0,29.58,40.43
2021-12-11 22:00:56,113.56,9.68,0.0,28.14,38.46
2021-12-11 23:00:56,87.28,10.67,0.0,27.52,39.05
2021-12-12 00:00:56,89.82,10.15,0.0,23.62,35.55
2021-12-12 01:00:56,89.45,10.55,0.0,28.76,38.4
2021-12-12 02:00:56,63.95,0.0,0.0,28.35,38.66
2021-12-12 03:00:56,50.38,10.41,0.0,28.96,38.61
2021-12-12 04:00:56,51.74,9.97,0.0,26.5,37.22
2021-12-12 05:00:56,31.4,10.07,0.0,27.52,36.77
2021-12-12 06:00:56,32.62,9.59,0.0,28.55,37.8
2021-12-12 07:00:56,27.64,10.08,0.0,28.76,38.67
2021-12-12 08:00:56,43.28,13.66,0.0,31.02,40.93
2021-12-12 09:00:56,22.23,12.17,0.0,27.52,35.97
2021-12-12 10:00:56,23.99,11.88,0.0,26.7,37.56
2021-12-12 11:00:56,17.78,11.49,0.0,26.29,37.95
2021-12-12 12:00:56,25.33,12.23,0.0,25.26,37.32
2021-12-12 13:00:56,24.69,11.02,0.0,28.76,40.82
2021-12-12 14:00:56,20.53,12.43,0.0,26.29,36.48
2021-12-12 15:00:56,13.73,12.32,0.0,24.44,37.44
2021-12-12 16:00:56,16.8,11.59,0.0,25.06,35.91
2021-12-12 17:00:56,44.55,11.37,0.0,27.52,38.38
2021-12-12 18:00:56,90.04,13.26,0.0,27.73,39.92
2021-12-12 19:00:56,117.46,13.42,0.0,27.73,40.19
2021-12-12 20:00:56,145.55,12.95,0.0,26.5,37.48
2021-12-12 21:00:56,126.91,11.83,0.0,23.62,35.95
2021-12-12 22:00:56,121.46,11.78,0.0,24.65,34.7
2021-12-12 23:00:56,125.46,12.3,0.0,26.5,37.89
2021-12-13 00:00:56,128.21,11.95,0.0,23.42,36.15
2021-12-13 01:00:56,106.24,13.27,0.0,23.42,36.01
2021-12-13 02:00:56,86.71,0.0,0.0,24.44,36.9
2021-12-13 03:00:56,66.32,11.44,0.0,26.29,38.22
2021-12-13 04:00:56,49.3,11.43,0.0,24.44,34.89
2021-12-13 05:00:56,27.54,13.07,0.0,27.32,38.84
2021-12-13 06:00:56,54.18,33.75,0.0,28.96,40.49
2021-12-13 07:00:56,73.6,81.25,0.0,23.21,35.14
2021-12-13 08:00:56,89.51,31.81,0.0,21.98,36.72
2021-12-13 09:00:56,92.32,40.58,0.0,24.65,37.51
2021-12-13 10:00:56,131.49,51.83,0.0,26.29,38.49
2021-12-13 11:00:56,127.64,18.37,0.0,24.03,36.9
2021-12-13 12:00:56,77.65,21.47,0.0,27.11,39.44
2021-12-13 13:00:56,103.69,399.96,0.0,26.91,39.37
2021-12-13 14:00:56,104.87,222.74,0.0,29.99,41.65
2021-12-13 15:00:56,118.67,107.13,0.0,29.99,40.44
2021-12-13 16:00:56,109.89,39.01,0.0,24.65,37.51
2021-12-13 17:00:56,130.59,39.67,0.0,27.93,38.12
2021-12-13 18:00:56,165.83,25.89,0.0,28.14,41.54
2021-12-13 19:00:56,199.39,17.98,0.0,20.54,35.01
2021-12-13 20:00:56,202.94,15.83,0.0,28.76,37.33
2021-12-13 21:00:56,198.64,15.16,0.0,28.76,41.62
2021-12-13 22:00:56,155.01,13.94,0.0,26.5,39.9
2021-12-13 23:00:56,89.44,12.64,0.0,29.58,40.57
2021-12-14 00:00:56,62.61,13.09,0.0,25.26,36.65
2021-12-14 01:00:56,48.72,11.76,0.0,27.52,38.11
2021-12-14 02:00:56,37.82,0.0,0.0,23.0,36.27
2021-12-14 03:00:56,36.75,11.44,0.0,29.37,39.56
2021-12-14 04:00:56,44.83,11.38,0.0,25.26,37.06
2021-12-14 05:00:56,40.2,10.37,0.0,28.14,40.74
2021-12-14 06:00:56,39.91,11.0,0.0,28.76,40.01
2021-12-14 07:00:56,42.24,11.13,0.0,28.96,38.61
2021-12-14 08:00:56,41.51,10.96,0.0,28.14,38.73
2021-12-14 09:00:56,47.26,11.29,0.0,28.14,39.4
2021-12-14 10:00:56,53.51,10.69,0.0,26.5,35.88
2021-12-14 11:00:56,49.07,11.42,0.0,27.32,39.38
2021-12-14 12:00:56,59.83,12.62,0.0,31.63,40.48
2021-12-14 13:00:56,55.99,14.88,0.0,23.0,35.47
2021-12-14 14:00:56,42.58,15.09,0.0,29.99,40.44
2021-12-14 15:00:56,31.96,14.79,0.0,27.52,38.51
2021-12-14 16:00:56,38.05,12.12,0.0,26.91,36.29
2021-12-14 17:00:56,32.35,11.4,0.0,25.68,35.46
2021-12-14 18:00:56,35.36,10.75,0.0,28.76,38.94
2021-12-14 19:00:56,25.99,11.1,0.0,26.91,36.96
2021-12-14 20:00:56,29.45,10.83,0.0,25.06,36.45
2021-12-14 21:00:56,27.16,10.76,0.0,26.29,36.07
2021-12-14 22:00:56,21.43,10.54,0.0,28.96,36.33
2021-12-14 23:00:56,33.93,10.33,0.0,27.32,37.1
2021-12-15 00:00:56,19.83,11.08,0.0,26.29,36.07
2021-12-15 01:00:56,28.48,10.28,0.0,28.14,39.4
2021-12-15 02:00:56,31.63,0.0,0.0,25.88,37.67
2021-12-15 03:00:56,33.44,11.15,0.0,25.47,36.73
2021-12-15 04:00:56,34.45,10.4,0.0,24.24,35.9
2021-12-15 05:00:56,26.33,9.74,0.0,23.83,37.63
2021-12-15 06:00:56,29.88,10.48,0.0,25.26,39.74
2021-12-15 07:00:56,19.9,10.82,0.0,23.21,36.88
2021-12-15 08:00:56,22.53,10.09,0.0,27.52,39.99
2021-12-15 09:00:56,33.74,10.28,0.0,24.65,37.91
2021-12-15 10:00:56,65.34,10.84,0.0,29.99,42.45
2021-12-15 11:00:56,0.0,0.0,0.0,27.93,40.53
2021-12-15 12:00:56,37.15,13.39,0.0,27.93,37.72
2021-12-15 13:00:56,22.84,9.91,0.0,26.7,37.29
2021-12-15 14:00:56,31.77,10.74,0.0,28.96,39.82
2021-12-15 15:00:56,29.77,11.22,0.0,27.11,38.5
2021-12-15 16:00:56,83.72,39.59,0.0,29.58,39.36
2021-12-15 17:00:56,100.94,29.83,0.0,29.17,38.81
2021-12-15 18:00:56,123.49,19.67,0.0,0.0,0.0
2021-12-15 19:00:56,120.2,16.2,0.0,0.0,0.0
2021-12-15 20:00:56,128.05,16.1,0.0,24.03,37.83
2021-12-15 21:00:56,125.78,17.25,0.0,25.26,36.39
2021-12-15 22:00:56,140.42,18.47,0.0,27.73,37.24
2021-12-15 23:00:56,112.36,17.87,0.0,28.14,38.06
2021-12-16 00:00:56,93.74,14.09,0.0,26.5,38.02
2021-12-16 01:00:56,54.31,13.38,0.0,26.91,37.63
2021-12-16 02:00:56,51.41,0.0,0.0,26.09,37.21
2021-12-16 03:00:56,29.73,13.41,0.0,26.09,38.01
2021-12-16 04:00:56,23.43,12.5,0.0,27.32,38.04
2021-12-16 05:00:56,21.67,12.36,0.0,27.93,38.52
2021-12-16 06:00:56,31.87,12.52,0.0,27.52,37.57
2021-12-16 07:00:56,16.9,11.78,0.0,24.44,35.97
2021-12-16 08:00:56,9.86,12.01,0.0,25.88,36.47
2021-12-16 09:00:56,7.61,11.63,0.0,26.29,36.88
2021-12-16 10:00:56,10.65,11.44,0.0,27.93,38.92
2021-12-16 11:00:56,19.36,12.4,0.0,26.5,36.68
2021-12-16 12:00:56,23.93,11.84,0.0,26.91,36.96
2021-12-16 13:00:56,19.15,11.31,0.0,30.4,41.52
2021-12-16 14:00:56,10.09,11.7,0.0,29.58,40.03
2021-12-16 15:00:56,31.09,11.22,0.0,26.09,38.01
2021-12-16 16:00:56,26.0,11.21,0.0,28.76,39.61
2021-12-16 17:00:56,13.0,10.31,0.0,26.91,36.96
2021-12-16 18:00:56,16.02,11.93,0.0,28.35,38.8
2021-12-16 19:00:56,23.87,11.62,0.0,30.19,40.24
2021-12-16 20:00:56,33.28,11.2,0.0,28.55,39.0
2021-12-16 21:00:56,20.19,10.97,0.0,26.7,37.82
2021-12-16 22:00:56,11.27,11.31,0.0,26.5,36.55
2021-12-16 23:00:56,25.53,11.17,0.0,26.7,37.56
2021-12-17 00:00:56,25.83,11.38,0.0,29.58,40.16
2021-12-17 01:00:56,15.35,11.11,0.0,27.73,37.51
2021-12-17 02:00:56,8.61,0.0,0.0,27.32,37.9
2021-12-17 03:00:56,15.33,10.77,0.0,25.68,36.66
2021-12-17 04:00:56,9.63,10.74,0.0,26.7,38.09
2021-12-17 05:00:56,7.31,11.1,0.0,27.11,38.5
2021-12-17 06:00:56,6.37,10.94,0.0,24.85,35.17
2021-12-17 07:00:56,4.9,10.99,0.0,25.26,34.24
2021-12-17 08:00:56,10.33,11.06,0.0,25.47,36.99
2021-12-17 09:00:56,13.72,11.1,0.0,29.78,39.3
2021-12-17 10:00:56,25.88,11.55,0.0,26.7,38.23
2021-12-17 11:00:56,17.41,12.04,0.0,27.52,37.84
2021-12-17 12:00:56,10.61,11.94,0.0,27.93,38.52
2021-12-17 13:00:56,31.33,11.66,0.0,27.32,38.44
2021-12-17 14:00:56,22.5,11.88,0.0,24.65,38.18
2021-12-17 15:00:56,36.54,12.16,0.0,24.85,37.45
2021-12-17 16:00:56,47.84,12.16,0.0,25.88,36.6
2021-12-17 17:00:56,43.03,11.8,0.0,27.93,38.65
2021-12-17 18:00:56,44.12,11.89,0.0,27.52,38.65
2021-12-17 19:00:56,37.65,12.22,0.0,25.06,37.65
2021-12-17 20:00:56,52.4,12.21,0.0,27.32,38.84
2021-12-17 21:00:56,46.67,11.94,0.0,28.76,38.67
2021-12-17 22:00:56,27.85,11.97,0.0,27.32,38.71
2021-12-17 23:00:56,42.65,12.37,0.0,26.5,37.22
2021-12-18 00:00:56,30.15,12.19,0.0,29.99,41.78
2021-12-18 01:00:56,18.11,11.68,0.0,29.37,38.75
2021-12-18 02:00:56,20.99,12.29,0.0,27.52,40.66
2021-12-18 03:00:56,22.06,11.84,0.0,26.29,38.08
2021-12-18 04:00:56,23.68,11.84,0.0,27.93,39.06
2021-12-18 05:00:56,13.09,11.8,0.0,27.32,36.43
2021-12-18 06:00:56,8.02,11.92,0.0,28.96,38.34
2021-12-18 07:00:56,7.11,11.52,0.0,28.14,37.92
2021-12-18 08:00:56,26.67,11.29,0.0,25.88,36.87
2021-12-18 09:00:56,27.97,11.55,0.0,28.96,40.49
2021-12-18 10:00:56,44.4,11.37,0.0,27.32,38.44
2021-12-18 11:00:56,37.31,11.37,0.0,26.91,35.62
2021-12-18 12:00:56,22.65,11.05,0.0,29.17,37.61
2021-12-18 13:00:56,30.51,11.19,0.0,27.93,38.52
2021-12-18 14:00:56,25.46,10.76,0.0,30.4,39.38
2021-12-18 15:00:56,49.29,10.87,0.0,26.09,35.6
2021-12-18 16:00:56,45.6,11.66,0.0,29.37,38.22
2021-12-18 17:00:56,47.86,11.06,0.0,28.35,36.79
2021-12-18 18:00:56,37.53,11.17,0.0,27.11,39.31
2021-12-18 19:00:56,30.79,11.07,0.0,27.11,37.3
2021-12-18 20:00:56,29.09,11.24,0.0,26.7,37.42
2021-12-18 21:00:56,16.52,11.01,0.0,27.32,38.04
2021-12-18 22:00:56,14.74,10.61,0.0,26.29,35.14
2021-12-18 23:00:56,15.58,10.55,0.0,26.29,36.74
2021-12-19 00:00:56,12.99,10.38,0.0,24.65,35.37
2021-12-19 01:00:56,18.45,10.36,0.0,26.7,37.29
2021-12-19 02:00:56,12.72,11.45,0.0,26.5,35.74
2021-12-19 03:00:56,6.86,10.84,0.0,29.17,39.35
2021-12-19 04:00:56,5.33,10.65,0.0,28.14,37.79
2021-12-19 05:00:56,4.13,10.56,0.0,27.32,38.31
2021-12-19 06:00:56,4.67,10.39,0.0,26.29,36.88
2021-12-19 07:00:56,9.52,9.98,0.0,25.47,35.39
2021-12-19 08:00:56,5.36,9.97,0.0,24.44,36.23
2021-12-19 09:00:56,3.25,10.77,0.0,24.24,36.57
2021-12-19 10:00:56,11.83,10.27,0.0,25.47,37.4
2021-12-19 11:00:56,8.38,10.27,0.0,27.52,38.24
2021-12-19 12:00:56,17.71,10.25,0.0,29.37,38.08
2021-12-19 13:00:56,11.61,10.69,0.0,30.81,39.12
2021-12-19 14:00:56,10.11,10.63,0.0,26.09,37.61
2021-12-19 15:00:56,21.88,10.36,0.0,27.93,39.32
2021-12-19 16:00:56,20.65,10.37,0.0,26.7,37.82
2021-12-19 17:00:56,14.97,11.29,0.0,23.83,36.42
2021-12-19 18:00:56,23.8,11.05,0.0,25.26,36.25
2021-12-19 19:00:56,32.7,11.21,0.0,28.55,37.53
2021-12-19 20:00:56,22.93,10.97,0.0,27.11,37.43
2021-12-19 21:00:56,36.81,11.22,0.0,31.02,41.2
2021-12-19 22:00:56,28.76,11.55,0.0,26.7,38.09
2021-12-19 23:00:56,32.97,11.42,0.0,25.06,36.58
2021-12-20 00:00:56,21.02,10.52,0.0,24.85,35.98
2021-12-20 01:00:56,26.69,10.92,0.0,29.58,38.29
2021-12-20 02:00:56,23.59,0.0,0.0,26.29,37.28
2021-12-20 03:00:56,24.74,11.54,0.0,26.5,37.62
2021-12-20 04:00:56,18.07,11.8,0.0,25.26,37.19
2021-12-20 05:00:56,12.14,11.75,0.0,26.29,38.08
2021-12-20 06:00:56,25.0,12.23,0.0,27.52,38.65
2021-12-20 07:00:56,15.01,11.71,0.0,24.65,36.71
2021-12-20 08:00:56,23.92,11.48,0.0,30.19,40.51
2021-12-20 09:00:56,30.56,11.85,0.0,27.73,39.52
2021-12-20 10:00:56,50.35,11.83,0.0,27.32,38.71
2021-12-20 11:00:56,56.08,11.09,0.0,26.7,39.03
2021-12-20 12:00:56,50.12,11.11,0.0,27.73,38.31
2021-12-20 13:00:56,46.9,12.63,0.0,27.32,38.71
2021-12-20 14:00:56,41.19,12.47,0.0,25.06,37.79
2021-12-20 15:00:56,26.31,12.3,0.0,27.32,38.84
2021-12-20 16:00:56,42.32,12.13,0.0,25.47,36.59
2021-12-20 17:00:56,30.34,12.06,0.0,27.52,38.24
2021-12-20 18:00:56,56.93,11.86,0.0,27.11,38.1
2021-12-20 19:00:56,60.31,12.44,0.0,27.93,37.72
2021-12-20 20:00:56,72.67,11.68,0.0,26.29,37.68
2021-12-20 21:00:56,39.8,11.76,0.0,28.76,37.06
2021-12-20 22:00:56,21.42,11.69,0.0,30.6,40.52
2021-12-20 23:00:56,15.91,11.78,0.0,29.78,39.97
2021-12-21 00:00:56,14.93,11.65,0.0,27.73,37.51
2021-12-21 01:00:56,8.2,11.89,0.0,31.43,42.41
2021-12-21 02:00:56,6.05,0.0,0.0,28.76,38.67
2021-12-21 03:00:56,16.31,11.88,0.0,26.7,36.89
2021-12-21 04:00:56,27.26,11.76,0.0,29.99,39.5
2021-12-21 05:00:56,16.8,11.41,0.0,29.37,39.56
2021-12-21 06:00:56,26.7,10.6,0.0,25.68,37.47
2021-12-21 07:00:56,15.91,10.86,0.0,30.81,40.32
2021-12-21 08:00:56,30.65,11.1,0.0,28.76,38.67
2021-12-21 09:00:56,33.08,11.41,0.0,27.93,38.92
2021-12-21 10:00:56,29.75,11.48,0.0,27.73,37.11
2021-12-21 11:00:56,36.57,11.56,0.0,27.32,38.71
2021-12-21 12:00:56,27.03,11.0,0.0,28.55,36.99
2021-12-21 13:00:56,17.47,10.88,0.0,28.76,37.73
2021-12-21 14:00:56,12.92,10.67,0.0,26.7,36.48
2021-12-21 15:00:56,15.43,10.77,0.0,27.32,38.31
2021-12-21 16:00:56,11.47,10.66,0.0,28.76,38.54
2021-12-21 17:00:56,21.08,10.84,0.0,23.62,36.35
2021-12-21 18:00:56,24.98,11.48,0.0,26.5,36.81
2021-12-21 19:00:56,24.75,11.83,0.0,27.73,38.85
2021-12-21 20:00:56,30.52,12.29,0.0,30.19,37.43
2021-12-21 21:00:56,26.2,11.12,0.0,30.6,40.39
2021-12-21 22:00:56,36.03,11.26,0.0,27.73,37.38
2021-12-21 23:00:56,29.68,11.54,0.0,28.76,37.6
2021-12-22 00:00:56,52.92,11.67,0.0,27.11,36.89
2021-12-22 01:00:56,29.03,11.5,0.0,26.91,37.49
2021-12-22 02:00:56,23.16,0.0,0.0,30.19,40.38
2021-12-22 03:00:56,34.0,11.23,0.0,25.88,36.33
2021-12-22 04:00:56,19.51,10.89,0.0,27.73,38.58
2021-12-22 05:00:56,14.3,10.52,0.0,28.55,38.73
2021-12-22 06:00:56,16.33,10.14,0.0,28.55,37.93
2021-12-22 07:00:56,17.06,10.05,0.0,28.55,38.2
2021-12-22 08:00:56,29.0,9.99,0.0,27.52,37.57
2021-12-22 09:00:56,17.68,10.67,0.0,29.58,38.96
2021-12-22 10:00:56,32.28,10.83,0.0,27.93,37.31
2021-12-22 11:00:56,18.66,10.14,0.0,26.91,36.69
2021-12-22 12:00:56,38.76,9.96,0.0,27.32,37.9
2021-12-22 13:00:56,27.59,9.08,0.0,28.14,37.12
2021-12-22 14:00:56,28.09,9.46,0.0,31.43,39.87
2021-12-22 15:00:56,14.85,10.47,0.0,30.19,39.98
2021-12-22 16:00:56,24.63,10.75,0.0,29.58,39.63
2021-12-22 17:00:56,21.3,11.04,0.0,27.11,38.9
2021-12-22 18:00:56,40.79,14.2,0.0,28.76,39.21
2021-12-22 19:00:56,26.88,14.43,0.0,28.55,40.74
2021-12-22 20:00:56,38.84,12.27,0.0,23.62,35.68
2021-12-22 21:00:56,35.21,12.18,0.0,27.93,37.72
2021-12-22 22:00:56,34.17,12.76,0.0,29.99,40.04
2021-12-22 23:00:56,34.76,11.8,0.0,29.37,39.15
2021-12-23 00:00:56,49.78,11.5,0.0,28.96,39.15
2021-12-23 01:00:56,32.1,11.5,0.0,27.32,37.77
2021-12-23 02:00:56,27.59,0.0,0.0,26.29,35.94
2021-12-23 03:00:56,37.35,11.45,0.0,27.32,37.77
2021-12-23 04:00:56,29.17,10.45,0.0,23.83,33.88
2021-12-23 05:00:56,17.19,10.41,0.0,27.93,37.58
2021-12-23 06:00:56,9.58,10.48,0.0,30.6,38.24
2021-12-23 07:00:56,12.93,10.48,0.0,28.14,36.98
2021-12-23 08:00:56,17.56,10.17,0.0,28.96,39.01
2021-12-23 09:00:56,25.28,10.9,0.0,27.73,39.12
2021-12-23 10:00:56,42.13,11.27,0.0,30.19,39.44
2021-12-23 11:00:56,46.27,11.76,0.0,28.55,39.81
2021-12-23 12:00:56,32.42,10.57,0.0,0.0,0.0
2021-12-23 13:00:56,22.33,6.99,0.0,28.14,38.86
2021-12-23 14:00:56,11.77,11.15,0.0,26.7,36.22
2021-12-23 15:00:56,17.84,10.14,0.0,29.17,39.48
2021-12-23 16:00:56,25.49,10.86,0.0,27.52,37.57
2021-12-23 17:00:56,30.26,10.88,0.0,29.37,39.29
2021-12-23 18:00:56,16.75,11.6,0.0,27.93,38.25
2021-12-23 19:00:56,14.52,11.57,0.0,27.52,38.65
2021-12-23 20:00:56,23.55,11.25,0.0,26.7,36.75
2021-12-23 21:00:56,37.06,11.31,0.0,26.91,38.03
2021-12-23 22:00:56,57.84,11.6,0.0,28.14,38.86
2021-12-23 23:00:56,49.98,11.65,0.0,28.55,39.0
2021-12-24 00:00:56,45.61,11.19,0.0,25.88,36.2
2021-12-24 01:00:56,31.37,10.83,0.0,27.73,38.05
2021-12-24 02:00:56,22.51,0.0,0.0,29.99,39.5
2021-12-24 03:00:56,14.51,10.79,0.0,29.78,38.9
2021-12-24 04:00:56,27.51,13.9,0.0,27.32,38.57
2021-12-24 05:00:56,20.89,13.04,0.0,29.37,38.89
2021-12-24 06:00:56,20.16,10.8,0.0,29.17,37.61
2021-12-24 07:00:56,35.87,10.83,0.0,27.93,38.65
2021-12-24 08:00:56,39.47,10.45,0.0,25.26,36.12
2021-12-24 09:00:56,39.87,11.47,0.0,29.58,40.03
2021-12-24 10:00:56,51.51,12.26,0.0,26.5,35.34
2021-12-24 11:00:56,38.68,10.54,0.0,28.14,38.86
2021-12-24 12:00:56,0.0,0.0,0.0,0.0,0.0
2021-12-24 13:00:56,17.29,9.73,0.0,26.7,36.75
2021-12-24 14:00:56,12.88,10.43,0.0,25.88,37.4
2021-12-24 15:00:56,16.81,10.55,0.0,26.09,36.81
2021-12-24 16:00:56,15.89,10.25,0.0,26.09,36.94
2021-12-24 17:00:56,26.15,10.46,0.0,28.35,38.4
2021-12-24 18:00:56,29.43,11.18,0.0,27.32,36.97
2021-12-24 19:00:56,36.77,10.92,0.0,27.73,38.05
2021-12-24 20:00:56,34.39,10.86,0.0,26.29,37.41
2021-12-24 21:00:56,24.35,10.83,0.0,26.91,36.15
2021-12-24 22:00:56,32.44,10.61,0.0,27.93,37.58
2021-12-24 23:00:56,18.24,10.64,0.0,29.99,41.24
2021-12-25 00:00:56,14.93,10.83,0.0,28.14,39.4
2021-12-25 01:00:56,13.81,10.61,0.0,27.73,37.38
2021-12-25 02:00:56,20.48,10.27,0.0,24.44,35.7
2021-12-25 03:00:56,16.13,10.12,0.0,29.17,40.42
2021-12-25 04:00:56,9.77,10.24,0.0,29.58,38.82
2021-12-25 05:00:56,20.32,10.42,0.0,25.26,36.52
2021-12-25 06:00:56,15.35,9.98,0.0,27.93,40.13
2021-12-25 07:00:56,8.55,9.89,0.0,26.09,37.21
2021-12-25 08:00:56,12.23,12.69,0.0,28.14,38.59
2021-12-25 09:00:56,21.81,10.02,0.0,25.68,36.4
2021-12-25 10:00:56,27.55,10.28,0.0,28.35,37.99
2021-12-25 11:00:56,30.4,8.7,0.0,28.96,38.21
2021-12-25 12:00:56,23.63,9.98,0.0,30.19,39.44
2021-12-25 13:00:56,25.31,10.4,0.0,28.76,38.67
2021-12-25 14:00:56,23.18,9.68,0.0,28.14,38.73
2021-12-25 15:00:56,25.68,9.67,0.0,29.99,39.37
2021-12-25 16:00:56,29.38,10.72,0.0,28.55,37.93
2021-12-25 17:00:56,60.92,11.1,0.0,29.37,40.09
2021-12-25 18:00:56,125.63,10.75,0.0,28.76,39.07
2021-12-25 19:00:56,130.6,10.89,0.0,29.37,38.62
2021-12-25 20:00:56,96.74,11.44,0.0,25.88,37.94
2021-12-25 21:00:56,115.63,10.35,0.0,28.96,39.01
2021-12-25 22:00:56,115.28,10.48,0.0,28.76,39.07
2021-12-25 23:00:56,85.78,10.68,0.0,28.55,39.67
2021-12-26 00:00:56,60.46,10.64,0.0,27.52,38.24
2021-12-26 01:00:56,59.55,10.29,0.0,27.11,37.97
2021-12-26 02:00:56,45.91,0.0,0.0,26.7,37.15
2021-12-26 03:00:56,27.58,11.0,0.0,28.14,39.4
2021-12-26 04:00:56,27.78,10.15,0.0,30.81,39.25
2021-12-26 05:00:56,14.75,10.63,0.0,29.17,38.01
2021-12-26 06:00:56,8.04,10.31,0.0,28.35,38.93
2021-12-26 07:00:56,8.49,8.48,0.0,27.73,39.65
2021-12-26 08:00:56,9.48,9.43,0.0,27.52,38.38
2021-12-26 09:00:56,21.55,9.28,0.0,30.81,41.53
2021-12-26 10:00:56,18.79,10.06,0.0,28.14,39.4
2021-12-26 11:00:56,16.31,10.19,0.0,26.91,38.83
2021-12-26 12:00:56,21.81,10.64,0.0,26.7,36.89
2021-12-26 13:00:56,25.68,11.7,0.0,26.7,37.29
2021-12-26 14:00:56,16.13,10.3,0.0,26.09,36.94
2021-12-26 15:00:56,22.45,8.39,0.0,27.11,38.37
2021-12-26 16:00:56,15.53,9.37,0.0,28.55,39.27
2021-12-26 17:00:56,24.34,9.72,0.0,26.29,38.22
2021-12-26 18:00:56,16.17,9.48,0.0,29.17,39.48
2021-12-26 19:00:56,9.97,10.02,0.0,26.5,39.63
2021-12-26 20:00:56,38.18,9.5,0.0,26.91,38.97
2021-12-26 21:00:56,24.06,9.51,0.0,26.09,38.41
2021-12-26 22:00:56,23.21,9.28,0.0,31.43,41.34
2021-12-26 23:00:56,23.01,8.82,0.0,28.14,39.4
2021-12-27 00:00:56,22.05,9.37,0.0,26.7,38.76
2021-12-27 01:00:56,11.73,9.53,0.0,27.11,37.97
2021-12-27 02:00:56,18.22,0.0,0.0,27.11,37.56
2021-12-27 03:00:56,21.85,9.24,0.0,27.52,38.38
2021-12-27 04:00:56,14.24,8.6,0.0,24.85,34.1
2021-12-27 05:00:56,10.54,8.13,0.0,26.09,37.21
2021-12-27 06:00:56,8.57,8.1,0.0,28.35,38.4
2021-12-27 07:00:56,7.82,9.19,0.0,28.55,39.81
2021-12-27 08:00:56,22.6,9.84,0.0,26.7,36.62
2021-12-27 09:00:56,47.3,9.02,0.0,29.58,40.43
2021-12-27 10:00:56,39.34,8.96,0.0,29.58,38.82
2021-12-27 11:00:56,40.44,8.38,0.0,30.4,39.65
2021-12-27 12:00:56,32.24,8.38,0.0,30.19,40.91
2021-12-27 13:00:56,30.98,8.74,0.0,21.98,36.45
2021-12-27 14:00:56,46.92,11.98,0.0,28.35,38.4
2021-12-27 15:00:56,48.56,10.63,0.0,26.5,37.62
2021-12-27 16:00:56,48.73,10.76,0.0,27.11,37.56
2021-12-27 17:00:56,137.93,19.49,0.0,26.91,38.57
2021-12-27 18:00:56,200.33,10.96,0.0,28.96,38.48
2021-12-27 19:00:56,174.4,10.33,0.0,28.35,37.59
2021-12-27 20:00:56,130.08,11.48,0.0,27.73,37.24
2021-12-27 21:00:56,87.57,11.72,0.0,28.14,38.86
2021-12-27 22:00:56,55.73,11.25,0.0,26.91,38.03
2021-12-27 23:00:56,42.85,10.61,0.0,28.76,38.81
2021-12-28 00:00:56,24.2,10.47,0.0,28.14,38.46
2021-12-28 01:00:56,19.2,9.97,0.0,28.76,39.07
2021-12-28 02:00:56,23.55,0.0,0.0,28.76,39.07
2021-12-28 03:00:56,14.39,9.68,0.0,28.96,38.07
2021-12-28 04:00:56,11.8,9.31,0.0,26.91,38.16
2021-12-28 05:00:56,8.38,8.83,0.0,27.32,37.77
2021-12-28 06:00:56,14.09,9.14,0.0,28.55,39.81
2021-12-28 07:00:56,21.21,9.35,0.0,31.63,41.68
2021-12-28 08:00:56,11.35,6.73,0.0,29.58,41.24
2021-12-28 09:00:56,23.71,8.25,0.0,25.47,36.46
2021-12-28 10:00:56,15.32,9.69,0.0,27.11,37.3
2021-12-28 11:00:56,15.0,9.56,0.0,28.35,38.8
2021-12-28 12:00:56,19.91,10.36,0.0,28.55,37.53
2021-12-28 13:00:56,26.15,13.09,0.0,26.7,37.15
2021-12-28 14:00:56,15.96,9.3,0.0,29.99,40.57
2021-12-28 15:00:56,27.45,9.51,0.0,28.35,39.2
2021-12-28 16:00:56,31.24,9.27,0.0,27.73,38.58
2021-12-28 17:00:56,32.83,9.33,0.0,27.32,39.11
2021-12-28 18:00:56,27.42,8.87,0.0,27.32,38.98
2021-12-28 19:00:56,22.24,9.6,0.0,27.52,38.51
2021-12-28 20:00:56,22.58,9.0,0.0,25.47,37.26
2021-12-28 21:00:56,14.27,9.02,0.0,29.78,40.37
2021-12-28 22:00:56,23.67,9.55,0.0,28.35,38.4
2021-12-28 23:00:56,14.91,9.34,0.0,27.73,38.31
2021-12-29 00:00:56,8.36,9.9,0.0,27.52,39.18
2021-12-29 01:00:56,11.07,9.84,0.0,27.11,38.1
2021-12-29 02:00:56,11.87,0.0,0.0,26.5,36.14
2021-12-29 03:00:56,11.1,9.66,0.0,27.73,38.58
2021-12-29 04:00:56,7.63,9.33,0.0,27.93,37.72
2021-12-29 05:00:56,16.67,9.69,0.0,27.73,38.31
2021-12-29 06:00:56,9.21,9.53,0.0,26.5,37.89
2021-12-29 07:00:56,11.63,9.34,0.0,26.91,38.97
2021-12-29 08:00:56,7.34,9.71,0.0,28.14,39.53
2021-12-29 09:00:56,40.89,10.02,0.0,28.35,38.13
2021-12-29 10:00:56,31.05,9.92,0.0,25.47,36.86
2021-12-29 11:00:56,27.56,11.18,0.0,25.06,37.65
2021-12-29 12:00:56,19.2,8.92,0.0,26.29,38.08
2021-12-29 13:00:56,32.2,17.48,0.0,27.73,37.91
2021-12-29 14:00:56,33.18,10.48,0.0,26.09,37.07
2021-12-29 15:00:56,24.68,10.16,0.0,28.14,39.13
2021-12-29 16:00:56,28.26,9.76,0.0,27.11,37.97
2021-12-29 17:00:56,25.48,10.52,0.0,27.11,38.5
2021-12-29 18:00:56,64.04,11.06,0.0,27.52,39.58
2021-12-29 19:00:56,96.38,10.48,0.0,26.7,38.9
2021-12-29 20:00:56,113.86,10.87,0.0,27.52,39.32
2021-12-29 21:00:56,128.1,10.69,0.0,26.09,36.27
2021-12-29 22:00:56,84.76,10.34,0.0,24.03,36.63
2021-12-29 23:00:56,70.15,10.18,0.0,26.09,36.67
2021-12-30 00:00:56,61.6,10.04,0.0,27.52,38.38
2021-12-30 01:00:56,43.95,11.7,0.0,27.73,38.98
2021-12-30 02:00:56,28.17,0.0,0.0,26.29,38.89
2021-12-30 03:00:56,24.24,12.29,0.0,25.68,37.73
2021-12-30 04:00:56,14.2,12.76,0.0,26.91,38.3
2021-12-30 05:00:56,30.74,12.24,0.0,28.14,38.73
2021-12-30 06:00:56,28.16,12.05,0.0,23.21,35.0
2021-12-30 07:00:56,16.94,11.5,0.0,27.11,38.37
2021-12-30 08:00:56,43.46,9.87,0.0,28.14,37.52
2021-12-30 09:00:56,88.47,12.11,0.0,29.78,38.76
2021-12-30 10:00:56,66.42,14.6,0.0,28.35,38.93
2021-12-30 11:00:56,41.65,11.34,0.0,28.35,38.93
2021-12-30 12:00:56,32.59,11.74,0.0,26.7,37.15
2021-12-30 13:00:56,28.15,13.77,0.0,26.09,37.07
2021-12-30 14:00:56,32.51,12.25,0.0,25.68,36.13
2021-12-30 15:00:56,29.59,15.1,0.0,28.35,37.73
2021-12-30 16:00:56,44.85,15.46,0.0,27.73,38.31
2021-12-30 17:00:56,41.24,16.91,0.0,28.76,39.21
2021-12-30 18:00:56,86.87,15.31,0.0,27.93,37.98
2021-12-30 19:00:56,97.06,14.2,0.0,28.96,38.61
2021-12-30 20:00:56,103.35,14.48,0.0,27.32,37.37
2021-12-30 21:00:56,74.38,16.55,0.0,29.78,39.83
2021-12-30 22:00:56,103.91,13.88,0.0,28.14,37.12
2021-12-30 23:00:56,103.1,12.45,0.0,28.14,39.13
2021-12-31 00:00:56,94.51,12.0,0.0,29.17,38.41
2021-12-31 01:00:56,81.57,11.94,0.0,29.58,40.43
2021-12-31 02:00:56,67.33,0.0,0.0,27.73,38.18
2021-12-31 03:00:56,62.03,12.58,0.0,29.17,38.81
2021-12-31 04:00:56,34.41,12.2,0.0,27.93,39.73
2021-12-31 05:00:56,39.16,11.22,0.0,26.91,38.57
2021-12-31 06:00:56,41.19,10.28,0.0,26.91,38.7
2021-12-31 07:00:56,44.03,10.32,0.0,27.32,37.77
2021-12-31 08:00:56,45.09,10.02,0.0,29.37,37.81
2021-12-31 09:00:56,90.47,10.21,0.0,28.55,38.06
2021-12-31 10:00:56,174.85,10.29,0.0,29.37,38.89
2021-12-31 11:00:56,136.13,10.76,0.0,28.35,37.99
2021-12-31 12:00:56,99.51,10.27,0.0,27.73,38.58
2021-12-31 13:00:56,69.1,10.79,0.0,25.47,36.59
2021-12-31 14:00:56,61.12,10.88,0.0,28.14,39.13
2021-12-31 15:00:56,55.69,11.66,0.0,26.09,36.54
2021-12-31 16:00:56,40.56,10.99,0.0,27.73,37.38
2021-12-31 17:00:56,53.87,10.34,0.0,25.06,35.91
2021-12-31 18:00:56,59.54,10.78,0.0,27.52,37.04
2021-12-31 19:00:56,56.66,10.56,0.0,28.35,38.26
2021-12-31 20:00:56,62.73,10.3,0.0,28.76,39.48
2021-12-31 21:00:56,48.3,10.48,0.0,28.14,38.86
2021-12-31 22:00:56,48.47,10.28,0.0,29.99,39.9
2021-12-31 23:00:56,31.57,9.96,0.0,29.78,39.43
2022-01-01 00:00:56,23.35,10.24,0.0,26.91,38.57
2022-01-01 01:00:56,56.85,9.99,0.0,26.09,38.55
2022-01-01 02:00:56,41.94,0.0,0.0,27.11,37.43
2022-01-01 03:00:56,31.54,10.58,0.0,25.47,36.32
2022-01-01 04:00:56,27.89,9.8,0.0,27.11,37.56
2022-01-01 05:00:56,14.61,10.29,0.0,26.7,38.63
2022-01-01 06:00:56,21.74,10.31,0.0,28.35,37.99
2022-01-01 07:00:56,13.7,10.33,0.0,27.93,37.98
2022-01-01 08:00:56,8.79,9.89,0.0,28.35,38.66
2022-01-01 09:00:56,5.63,10.07,0.0,26.09,36.54
2022-01-01 10:00:56,4.12,9.83,0.0,27.11,37.7
2022-01-01 11:00:56,18.64,9.88,0.0,28.14,38.46
2022-01-01 12:00:56,32.48,10.12,0.0,28.35,38.53
2022-01-01 13:00:56,18.32,10.15,0.0,26.29,38.08
2022-01-01 14:00:56,10.39,10.47,0.0,25.88,36.87
2022-01-01 15:00:56,14.47,10.58,0.0,25.68,36.13
2022-01-01 16:00:56,27.4,10.59,0.0,29.58,41.37
2022-01-01 17:00:56,34.46,10.69,0.0,28.76,39.61
2022-01-01 18:00:56,39.61,10.54,0.0,26.09,38.95
2022-01-01 19:00:56,61.95,11.0,0.0,28.14,39.13
2022-01-01 20:00:56,42.64,10.6,0.0,27.52,38.51
2022-01-01 21:00:56,51.41,10.82,0.0,27.93,39.19
2022-01-01 22:00:56,40.22,11.31,0.0,26.5,38.56
2022-01-01 23:00:56,40.47,11.11,0.0,28.35,37.73
2022-01-02 00:00:56,54.6,10.55,0.0,27.52,38.78
2022-01-02 01:00:56,53.34,11.16,0.0,31.43,41.61
2022-01-02 02:00:56,44.57,0.0,0.0,28.96,38.61
2022-01-02 03:00:56,46.66,10.87,0.0,28.14,38.73
2022-01-02 04:00:56,41.79,11.34,0.0,26.09,36.94
2022-01-02 05:00:56,34.74,11.24,0.0,26.5,38.29
2022-01-02 06:00:56,22.93,11.36,0.0,27.93,39.32
2022-01-02 07:00:56,31.23,11.31,0.0,26.09,37.07
2022-01-02 08:00:56,26.42,11.27,0.0,29.17,40.42
2022-01-02 09:00:56,41.24,11.97,0.0,26.7,36.48
2022-01-02 10:00:56,29.89,11.29,0.0,28.35,38.8
2022-01-02 11:00:56,16.97,11.02,0.0,27.32,37.5
2022-01-02 12:00:56,9.13,11.28,0.0,26.7,38.9
2022-01-02 13:00:56,18.83,10.57,0.0,26.5,37.35
2022-01-02 14:00:56,9.95,10.5,0.0,27.32,36.56
2022-01-02 15:00:56,18.14,10.31,0.0,26.09,36.0
2022-01-02 16:00:56,11.21,10.63,0.0,28.76,38.4
2022-01-02 17:00:56,9.79,10.77,0.0,28.14,39.4
2022-01-02 18:00:56,6.39,10.05,0.0,28.96,40.89
2022-01-02 19:00:56,10.21,9.86,0.0,28.76,38.27
2022-01-02 20:00:56,32.27,8.58,0.0,28.76,39.48
2022-01-02 21:00:56,17.95,10.35,0.0,30.4,40.72
2022-01-02 22:00:56,9.55,9.75,0.0,28.14,38.86
2022-01-02 23:00:56,4.77,10.14,0.0,29.37,38.89
2022-01-03 00:00:56,7.65,9.65,0.0,27.32,38.44
2022-01-03 01:00:56,19.97,9.64,0.0,26.91,37.76
2022-01-03 02:00:56,12.31,9.89,0.0,29.37,41.83
2022-01-03 03:00:56,8.16,9.9,0.0,25.26,38.93
2022-01-03 04:00:56,5.07,9.79,0.0,28.55,39.27
2022-01-03 05:00:56,4.6,10.32,0.0,26.5,39.23
2022-01-03 06:00:56,11.1,10.6,0.0,27.11,39.17
2022-01-03 07:00:56,10.15,10.79,0.0,30.19,40.91
2022-01-03 08:00:56,10.95,11.02,0.0,27.93,39.59
2022-01-03 09:00:56,33.23,11.01,0.0,27.32,39.38
2022-01-03 10:00:56,41.82,10.35,0.0,27.52,40.39
2022-01-03 11:00:56,38.93,9.99,0.0,25.06,37.12
2022-01-03 12:00:56,20.58,10.26,0.0,26.91,37.9
2022-01-03 13:00:56,11.22,10.49,0.0,27.11,37.3
2022-01-03 14:00:56,23.64,10.84,0.0,26.5,37.89
2022-01-03 15:00:56,14.67,11.62,0.0,29.58,38.96
2022-01-03 16:00:56,24.1,12.04,0.0,27.32,37.77
2022-01-03 17:00:56,60.96,11.8,0.0,28.76,39.21
2022-01-03 18:00:56,91.05,11.05,0.0,30.19,39.44
2022-01-03 19:00:56,97.05,10.61,0.0,26.5,38.15
2022-01-03 20:00:56,81.18,10.84,0.0,28.14,37.79
2022-01-03 21:00:56,81.55,11.15,0.0,28.35,39.33
2022-01-03 22:00:56,68.53,11.6,0.0,27.73,38.31
2022-01-03 23:00:56,42.6,11.88,0.0,28.35,38.53
2022-01-04 00:00:56,23.2,11.59,0.0,26.5,38.15
2022-01-04 01:00:56,26.99,11.61,0.0,28.14,37.79
2022-01-04 02:00:56,15.46,0.0,0.0,28.76,39.21
2022-01-04 03:00:56,11.37,11.26,0.0,25.26,37.06
2022-01-04 04:00:56,7.99,11.55,0.0,24.65,37.24
2022-01-04 05:00:56,19.18,10.4,0.0,26.29,37.15
2022-01-04 06:00:56,22.46,10.6,0.0,27.93,38.52
2022-01-04 07:00:56,13.73,10.58,0.0,27.32,37.9
2022-01-04 08:00:56,8.43,10.47,0.0,24.24,37.1
2022-01-04 09:00:56,12.66,10.84,0.0,28.35,38.93
2022-01-04 10:00:56,10.31,10.56,0.0,25.47,36.73
2022-01-04 11:00:56,9.85,10.39,0.0,27.52,38.51
2022-01-04 12:00:56,7.65,11.28,0.0,26.29,38.89
2022-01-04 13:00:56,27.11,11.7,0.0,26.09,38.95
2022-01-04 14:00:56,31.78,11.92,0.0,29.37,39.15
2022-01-04 15:00:56,39.66,11.19,0.0,25.88,37.67
2022-01-04 16:00:56,48.69,12.45,0.0,26.91,39.1
2022-01-04 17:00:56,66.39,12.49,0.0,26.09,37.34
2022-01-04 18:00:56,62.58,11.8,0.0,25.26,37.46
2022-01-04 19:00:56,85.07,11.17,0.0,25.88,38.07
2022-01-04 20:00:56,65.18,10.83,0.0,27.32,39.91
2022-01-04 21:00:56,54.85,11.42,0.0,25.26,36.65
2022-01-04 22:00:56,58.26,11.18,0.0,28.55,40.61
2022-01-04 23:00:56,60.0,11.33,0.0,23.62,36.22
2022-01-05 00:00:56,58.7,11.14,0.0,27.93,38.92
2022-01-05 01:00:56,54.46,10.96,0.0,27.73,37.91
2022-01-05 02:00:56,45.06,0.0,0.0,25.26,37.86
2022-01-05 03:00:56,40.35,11.36,0.0,25.88,36.73
2022-01-05 04:00:56,39.65,10.86,0.0,26.29,38.08
2022-01-05 05:00:56,66.39,11.23,0.0,26.5,38.15
2022-01-05 06:00:56,63.13,11.36,0.0,24.85,36.65
2022-01-05 07:00:56,43.04,11.11,0.0,28.55,37.93
2022-01-05 08:00:56,52.05,11.21,0.0,26.91,37.9
2022-01-05 09:00:56,45.89,11.25,0.0,25.88,35.66
2022-01-05 10:00:56,62.65,11.52,0.0,27.32,36.97
2022-01-05 11:00:56,108.15,13.36,0.0,27.32,39.51
2022-01-05 12:00:56,154.41,57.59,0.0,25.88,38.07
2022-01-05 13:00:56,104.97,37.93,0.0,25.88,37.54
2022-01-05 14:00:56,59.43,15.89,0.0,27.11,38.5
2022-01-05 15:00:56,45.76,11.31,0.0,25.68,36.13
2022-01-05 16:00:56,40.06,11.86,0.0,26.7,36.89
2022-01-05 17:00:56,66.69,13.03,0.0,23.83,34.81
2022-01-05 18:00:56,92.44,12.84,0.0,24.85,36.65
2022-01-05 19:00:56,66.75,12.06,0.0,28.55,38.33
2022-01-05 20:00:56,68.24,12.61,0.0,26.09,36.27
2022-01-05 21:00:56,76.01,11.41,0.0,23.83,35.62
2022-01-05 22:00:56,76.55,11.57,0.0,25.26,36.65
2022-01-05 23:00:56,76.22,10.34,0.0,24.44,35.7
2022-01-06 00:00:56,64.4,10.57,0.0,27.11,37.97
2022-01-06 01:00:56,46.44,12.98,0.0,24.65,36.44
2022-01-06 02:00:56,33.44,0.0,0.0,25.47,37.26
2022-01-06 03:00:56,30.11,12.91,0.0,26.09,37.34
2022-01-06 04:00:56,19.56,12.79,0.0,28.35,38.8
2022-01-06 05:00:56,15.34,12.38,0.0,24.44,35.7
2022-01-06 06:00:56,18.23,12.05,0.0,26.91,36.56
2022-01-06 07:00:56,12.3,12.4,0.0,26.91,36.56
2022-01-06 08:00:56,37.91,11.39,0.0,27.11,38.37
2022-01-06 09:00:56,72.05,12.0,0.0,27.32,38.17
2022-01-06 10:00:56,45.28,13.41,0.0,26.91,38.3
2022-01-06 11:00:56,41.75,13.27,0.0,27.52,39.32
2022-01-06 12:00:56,24.77,13.18,0.0,29.37,37.95
2022-01-06 13:00:56,14.62,11.75,0.0,26.29,38.08
2022-01-06 14:00:56,23.12,11.1,0.0,25.06,37.65
2022-01-06 15:00:56,30.6,11.33,0.0,29.37,39.56
2022-01-06 16:00:56,28.49,10.25,0.0,26.91,38.3
2022-01-06 17:00:56,21.51,10.01,0.0,26.09,36.27
2022-01-06 18:00:56,34.4,10.99,0.0,29.78,40.77
2022-01-06 19:00:56,69.77,11.76,0.0,29.17,38.55
2022-01-06 20:00:56,82.22,11.34,0.0,26.7,38.76
2022-01-06 21:00:56,70.38,12.19,0.0,24.65,35.23
2022-01-06 22:00:56,55.92,11.66,0.0,28.76,39.61
2022-01-06 23:00:56,64.31,11.7,0.0,28.55,39.54
2022-01-07 00:00:56,59.81,11.82,0.0,27.93,39.19
2022-01-07 01:00:56,44.82,11.78,0.0,28.76,38.54
2022-01-07 02:00:56,54.13,0.0,0.0,29.17,40.82
2022-01-07 03:00:56,28.11,11.48,0.0,29.58,38.42
2022-01-07 04:00:56,24.17,11.32,0.0,28.14,38.32
2022-01-07 05:00:56,19.48,11.27,0.0,26.91,38.3
2022-01-07 06:00:56,22.14,10.41,0.0,29.99,39.9
2022-01-07 07:00:56,19.72,10.64,0.0,27.73,38.05
2022-01-07 08:00:56,24.85,10.87,0.0,28.55,39.81
2022-01-07 09:00:56,64.0,11.67,0.0,29.37,38.62
2022-01-07 10:00:56,70.66,12.93,0.0,28.55,40.21
2022-01-07 11:00:56,97.38,13.6,0.0,25.26,37.73
2022-01-07 12:00:56,148.56,13.35,0.0,27.52,38.65
2022-01-07 13:00:56,170.02,16.21,0.0,29.78,39.83
2022-01-07 14:00:56,126.88,12.96,0.0,28.14,39.13
2022-01-07 15:00:56,113.27,13.38,0.0,29.78,40.23
2022-01-07 16:00:56,117.9,23.08,0.0,26.91,38.83
2022-01-07 17:00:56,132.31,69.37,0.0,24.44,36.77
2022-01-07 18:00:56,104.23,15.52,0.0,28.96,40.49
2022-01-07 19:00:56,93.03,11.81,0.0,27.11,37.03
2022-01-07 20:00:56,82.34,11.65,0.0,28.55,39.4
2022-01-07 21:00:56,47.9,11.58,0.0,27.52,37.84
2022-01-07 22:00:56,52.74,10.32,0.0,26.29,37.41
2022-01-07 23:00:56,42.79,10.72,0.0,27.73,37.64
2022-01-08 00:00:56,56.15,11.23,0.0,26.91,38.43
2022-01-08 01:00:56,37.12,10.59,0.0,30.6,41.46
2022-01-08 02:00:56,27.31,0.0,0.0,26.29,37.55
2022-01-08 03:00:56,22.07,10.1,0.0,29.17,39.48
2022-01-08 04:00:56,29.38,10.36,0.0,26.5,36.55
2022-01-08 05:00:56,16.23,10.12,0.0,27.73,39.39
2022-01-08 06:00:56,22.48,9.69,0.0,29.17,39.08
2022-01-08 07:00:56,18.77,9.96,0.0,27.93,38.79
2022-01-08 08:00:56,25.95,9.88,0.0,27.93,38.65
2022-01-08 09:00:56,32.22,9.45,0.0,26.29,38.22
2022-01-08 10:00:56,44.58,10.08,0.0,28.96,38.48
2022-01-08 11:00:56,50.72,9.66,0.0,28.14,38.86
2022-01-08 12:00:56,43.27,10.18,0.0,27.32,38.84
2022-01-08 13:00:56,25.95,10.46,0.0,28.35,39.87
2022-01-08 14:00:56,31.03,10.37,0.0,26.5,38.02
2022-01-08 15:00:56,24.22,10.14,0.0,27.73,38.05
2022-01-08 16:00:56,27.08,10.7,0.0,26.29,37.82
2022-01-08 17:00:56,41.47,9.87,0.0,26.7,38.76
2022-01-08 18:00:56,50.95,10.41,0.0,28.35,37.99
2022-01-08 19:00:56,57.38,10.55,0.0,28.76,39.21
2022-01-08 20:00:56,37.67,10.46,0.0,27.32,37.77
2022-01-08 21:00:56,50.31,10.54,0.0,27.93,37.72
2022-01-08 22:00:56,53.99,10.01,0.0,24.44,37.31
2022-01-08 23:00:56,36.38,9.34,0.0,29.17,39.75
2022-01-09 00:00:56,47.67,10.36,0.0,26.09,38.95
2022-01-09 01:00:56,54.09,10.05,0.0,28.14,38.99
2022-01-09 02:00:56,51.61,0.0,0.0,28.76,38.94
2022-01-09 03:00:56,49.57,10.97,0.0,30.19,41.45
2022-01-09 04:00:56,46.8,11.36,0.0,27.32,38.31
2022-01-09 05:00:56,42.72,11.59,0.0,30.4,40.85
2022-01-09 06:00:56,66.04,11.74,0.0,28.96,39.41
2022-01-09 07:00:56,56.73,11.51,0.0,23.83,36.02
2022-01-09 08:00:56,70.47,11.53,0.0,25.26,35.05
2022-01-09 09:00:56,58.3,11.91,0.0,27.93,38.39
2022-01-09 10:00:56,70.24,15.43,0.0,27.52,39.18
2022-01-09 11:00:56,67.67,20.92,0.0,26.91,38.3
2022-01-09 12:00:56,35.53,17.85,0.0,26.09,37.88
2022-01-09 13:00:56,29.31,17.18,0.0,26.09,37.88
2022-01-09 14:00:56,38.07,15.92,0.0,25.47,36.46
2022-01-09 15:00:56,23.17,15.09,0.0,26.5,37.75
2022-01-09 16:00:56,38.97,14.11,0.0,27.73,38.58
2022-01-09 17:00:56,22.09,13.67,0.0,27.52,36.9
2022-01-09 18:00:56,38.02,13.86,0.0,27.93,38.79
2022-01-09 19:00:56,57.18,12.85,0.0,26.91,37.09
2022-01-09 20:00:56,45.77,12.34,0.0,26.09,35.73
2022-01-09 21:00:56,34.97,13.54,0.0,26.91,37.36
2022-01-09 22:00:56,35.92,13.47,0.0,27.52,36.9
2022-01-09 23:00:56,40.63,12.65,0.0,26.5,38.29
2022-01-10 00:00:56,38.96,12.35,0.0,27.93,38.52
2022-01-10 01:00:56,44.94,12.58,0.0,25.88,36.47
2022-01-10 02:00:56,39.03,0.0,0.0,27.32,37.9
2022-01-10 03:00:56,39.56,17.81,0.0,25.06,36.72
2022-01-10 04:00:56,47.95,17.58,0.0,26.09,37.48
2022-01-10 05:00:56,39.26,18.83,0.0,26.91,36.56
2022-01-10 06:00:56,41.27,18.83,0.0,27.93,37.98
2022-01-10 07:00:56,36.56,20.13,0.0,26.91,35.08
2022-01-10 08:00:56,43.65,16.17,0.0,28.35,37.59
2022-01-10 09:00:56,28.53,14.61,0.0,28.35,38.8
2022-01-10 10:00:56,38.75,14.21,0.0,25.68,36.93
2022-01-10 11:00:56,43.11,15.0,0.0,27.32,37.9
2022-01-10 12:00:56,54.37,15.31,0.0,27.11,38.1
2022-01-10 13:00:56,71.71,15.62,0.0,25.68,34.65
2022-01-10 14:00:56,37.65,14.83,0.0,27.93,38.12
2022-01-10 15:00:56,20.28,13.9,0.0,26.7,37.69
2022-01-10 16:00:56,40.73,14.68,0.0,27.32,38.31
2022-01-10 17:00:56,45.21,15.33,0.0,27.11,38.1
2022-01-10 18:00:56,71.96,15.47,0.0,26.91,37.09
2022-01-10 19:00:56,144.5,17.06,0.0,26.7,37.56
2022-01-10 20:00:56,133.07,18.03,0.0,26.09,36.94
2022-01-10 21:00:56,105.26,15.69,0.0,27.32,37.37
2022-01-10 22:00:56,113.77,14.52,0.0,26.5,38.15
2022-01-10 23:00:56,95.29,13.64,0.0,25.88,38.48
2022-01-11 00:00:56,79.8,16.04,0.0,23.21,35.67
2022-01-11 01:00:56,79.31,21.07,0.0,27.93,38.52
2022-01-11 02:00:56,52.01,0.0,0.0,27.93,37.72
2022-01-11 03:00:56,44.94,14.32,0.0,26.29,36.88
2022-01-11 04:00:56,45.06,14.14,0.0,29.17,37.61
2022-01-11 05:00:56,44.27,15.16,0.0,31.02,41.47
2022-01-11 06:00:56,41.33,17.27,0.0,26.7,37.29
2022-01-11 07:00:56,30.59,17.51,0.0,28.35,38.8
2022-01-11 08:00:56,47.98,17.89,0.0,27.73,38.58
2022-01-11 09:00:56,84.33,16.6,0.0,25.47,37.66
2022-01-11 10:00:56,147.65,19.14,0.0,29.17,40.15
2022-01-11 11:00:56,265.83,19.63,0.0,25.68,37.87
2022-01-11 12:00:56,289.76,24.39,0.0,27.93,39.32
2022-01-11 13:00:56,157.66,25.67,0.0,27.93,37.58
2022-01-11 14:00:56,111.43,24.73,0.0,27.11,36.36
2022-01-11 15:00:56,75.87,32.06,0.0,27.73,39.12
2022-01-11 16:00:56,97.63,40.92,0.0,28.14,39.13
2022-01-11 17:00:56,95.97,45.37,0.0,27.11,38.5
2022-01-11 18:00:56,151.55,46.27,0.0,26.91,38.7
2022-01-11 19:00:56,168.08,47.18,0.0,24.44,36.1
2022-01-11 20:00:56,183.64,45.54,0.0,28.55,38.73
2022-01-11 21:00:56,173.4,43.59,0.0,26.5,37.89
2022-01-11 22:00:56,131.11,43.61,0.0,25.47,37.26
2022-01-11 23:00:56,89.16,52.08,0.0,28.76,37.6
2022-01-12 00:00:56,50.3,51.82,0.0,27.52,38.51
2022-01-12 01:00:56,38.19,46.47,0.0,26.29,38.35
2022-01-12 02:00:56,46.4,37.74,0.0,28.14,38.59
2022-01-12 03:00:56,44.03,33.11,0.0,26.29,38.08
2022-01-12 04:00:56,35.66,30.3,0.0,26.91,36.96
2022-01-12 05:00:56,37.39,29.29,0.0,31.02,40.4
2022-01-12 06:00:56,28.07,28.26,0.0,26.91,38.16
2022-01-12 07:00:56,41.37,26.31,0.0,26.91,36.56
2022-01-12 08:00:56,42.97,25.97,0.0,28.76,38.94
2022-01-12 09:00:56,47.99,26.37,0.0,28.14,39.53
2022-01-12 10:00:56,26.47,27.85,0.0,27.11,38.37
2022-01-12 11:00:56,25.44,27.97,0.0,28.76,39.61
2022-01-12 12:00:56,26.66,26.45,0.0,29.78,39.03
2022-01-12 13:00:56,30.34,29.37,0.0,28.96,38.74
2022-01-12 14:00:56,22.9,32.2,0.0,25.68,37.73
2022-01-12 15:00:56,34.3,34.03,0.0,25.68,36.53
2022-01-12 16:00:56,19.83,33.24,0.0,27.11,37.7
2022-01-12 17:00:56,42.03,34.63,0.0,27.73,38.31
2022-01-12 18:00:56,22.72,29.77,0.0,27.73,37.51
2022-01-12 19:00:56,22.35,27.69,0.0,25.88,37.14
2022-01-12 20:00:56,25.42,26.07,0.0,27.52,37.98
2022-01-12 21:00:56,31.56,24.44,0.0,28.35,39.87
2022-01-12 22:00:56,29.57,21.58,0.0,26.7,36.75
2022-01-12 23:00:56,17.22,20.06,0.0,26.7,38.63
2022-01-13 00:00:56,9.77,19.7,0.0,27.32,38.57
2022-01-13 01:00:56,12.12,20.87,0.0,28.14,39.26
2022-01-13 02:00:56,7.55,0.0,0.0,26.7,37.02
2022-01-13 03:00:56,6.04,20.11,0.0,28.76,38.27
2022-01-13 04:00:56,4.44,20.94,0.0,24.65,34.16
2022-01-13 05:00:56,4.05,20.84,0.0,25.26,36.92
2022-01-13 06:00:56,11.09,19.84,0.0,25.26,36.92
2022-01-13 07:00:56,11.65,18.74,0.0,27.11,37.56
2022-01-13 08:00:56,10.33,17.23,0.0,28.14,38.06
2022-01-13 09:00:56,23.26,16.38,0.0,29.37,39.02
2022-01-13 10:00:56,27.59,16.34,0.0,26.91,38.03
2022-01-13 11:00:56,37.28,15.42,0.0,27.52,37.98
2022-01-13 12:00:56,39.28,15.54,0.0,26.09,36.4
2022-01-13 13:00:56,27.59,14.91,0.0,27.32,38.98
2022-01-13 14:00:56,32.36,14.51,0.0,26.5,37.35
2022-01-13 15:00:56,39.77,14.24,0.0,28.14,37.79
2022-01-13 16:00:56,36.17,14.51,0.0,29.58,38.69
2022-01-13 17:00:56,46.62,14.25,0.0,27.93,39.06
2022-01-13 18:00:56,39.87,14.15,0.0,29.99,39.5
2022-01-13 19:00:56,32.88,13.58,0.0,25.68,36.93
2022-01-13 20:00:56,23.05,13.87,0.0,26.29,36.74
2022-01-13 21:00:56,27.59,13.56,0.0,26.5,36.41
2022-01-13 22:00:56,25.22,13.19,0.0,26.5,37.22
2022-01-13 23:00:56,22.83,12.74,0.0,26.91,36.96
2022-01-14 00:00:56,26.72,12.89,0.0,28.76,39.07
2022-01-14 01:00:56,15.45,12.7,0.0,28.14,38.86
2022-01-14 02:00:56,21.83,0.0,0.0,28.35,39.07
2022-01-14 03:00:56,12.74,12.62,0.0,27.93,38.39
2022-01-14 04:00:56,8.08,13.27,0.0,29.78,39.7
2022-01-14 05:00:56,6.06,13.32,0.0,29.78,39.43
2022-01-14 06:00:56,3.72,13.65,0.0,29.99,41.11
2022-01-14 07:00:56,3.93,14.12,0.0,27.11,37.16
2022-01-14 08:00:56,8.94,14.49,0.0,25.06,37.79
2022-01-14 09:00:56,6.69,14.89,0.0,27.32,38.17
2022-01-14 10:00:56,20.35,14.91,0.0,29.78,39.3
2022-01-14 11:00:56,11.99,15.12,0.0,32.25,40.69
2022-01-14 12:00:56,8.74,14.69,0.0,29.58,40.43
2022-01-14 13:00:56,11.52,13.54,0.0,26.91,38.03
2022-01-14 14:00:56,9.99,13.08,0.0,27.73,37.64
2022-01-14 15:00:56,14.97,12.76,0.0,28.55,39.0
2022-01-14 16:00:56,9.72,12.94,0.0,25.88,37.14
2022-01-14 17:00:56,7.66,13.89,0.0,28.76,39.48
2022-01-14 18:00:56,8.74,14.73,0.0,29.17,38.41
2022-01-14 19:00:56,62.11,14.8,0.0,29.58,40.83
2022-01-14 20:00:56,62.34,15.05,0.0,27.52,38.51
2022-01-14 21:00:56,78.88,15.57,0.0,27.32,39.38
2022-01-14 22:00:56,98.35,15.94,0.0,27.93,39.73
2022-01-14 23:00:56,76.78,15.97,0.0,26.09,38.95
2022-01-15 00:00:56,61.86,15.42,0.0,26.91,38.3
2022-01-15 01:00:56,59.18,15.96,0.0,25.88,38.34
2022-01-15 02:00:56,55.76,0.0,0.0,29.37,39.96
2022-01-15 03:00:56,41.18,16.09,0.0,25.26,38.13
2022-01-15 04:00:56,27.87,16.28,0.0,26.7,38.09
2022-01-15 05:00:56,18.91,15.94,0.0,25.68,38.54
2022-01-15 06:00:56,14.07,15.89,0.0,26.09,37.34
2022-01-15 07:00:56,18.5,14.89,0.0,24.65,38.18
2022-01-15 08:00:56,17.58,13.97,0.0,26.5,38.15
2022-01-15 09:00:56,13.18,13.21,0.0,26.5,36.55
2022-01-15 10:00:56,11.9,13.28,0.0,23.21,35.4
2022-01-15 11:00:56,30.3,13.3,0.0,28.14,38.99
2022-01-15 12:00:56,25.52,12.38,0.0,26.91,38.57
2022-01-15 13:00:56,20.9,12.49,0.0,25.06,36.85
2022-01-15 14:00:56,26.8,12.4,0.0,26.7,39.57
2022-01-15 15:00:56,15.03,12.62,0.0,26.7,39.16
2022-01-15 16:00:56,13.0,12.33,0.0,26.09,37.07
2022-01-15 17:00:56,10.84,11.87,0.0,27.52,38.11
2022-01-15 18:00:56,10.18,11.55,0.0,26.5,37.48
2022-01-15 19:00:56,7.82,11.95,0.0,28.76,40.01
2022-01-15 20:00:56,7.8,12.48,0.0,25.68,36.26
2022-01-15 21:00:56,12.22,12.27,0.0,27.32,37.37
2022-01-15 22:00:56,16.98,11.69,0.0,27.11,37.56
2022-01-15 23:00:56,10.19,11.89,0.0,26.5,37.75
2022-01-16 00:00:56,14.31,11.57,0.0,26.7,37.15
2022-01-16 01:00:56,9.96,11.19,0.0,25.47,37.13
2022-01-16 02:00:56,7.57,0.0,0.0,26.7,36.75
2022-01-16 03:00:56,10.85,11.33,0.0,25.06,35.64
2022-01-16 04:00:56,7.18,10.56,0.0,27.11,37.43
2022-01-16 05:00:56,5.98,10.95,0.0,26.7,38.63
2022-01-16 06:00:56,14.04,15.21,0.0,26.29,38.22
2022-01-16 07:00:56,9.92,13.05,0.0,26.5,39.63
2022-01-16 08:00:56,7.28,15.06,0.0,31.22,40.6
2022-01-16 09:00:56,9.81,11.35,0.0,28.35,38.8
2022-01-16 10:00:56,14.01,10.67,0.0,26.91,36.56
2022-01-16 11:00:56,9.67,11.08,0.0,27.93,37.58
2022-01-16 12:00:56,9.7,11.1,0.0,29.37,38.48
2022-01-16 13:00:56,7.63,11.49,0.0,29.17,38.01
2022-01-16 14:00:56,4.93,11.19,0.0,28.55,39.0
2022-01-16 15:00:56,4.21,11.4,0.0,26.29,37.41
2022-01-16 16:00:56,19.55,10.78,0.0,28.76,39.07
2022-01-16 17:00:56,10.78,10.51,0.0,26.91,38.83
2022-01-16 18:00:56,27.06,10.93,0.0,29.99,39.9
2022-01-16 19:00:56,18.03,10.71,0.0,29.78,41.44
2022-01-16 20:00:56,11.6,10.38,0.0,27.32,38.44
2022-01-16 21:00:56,7.86,10.37,0.0,28.55,38.87
2022-01-16 22:00:56,8.68,10.71,0.0,27.11,37.83
2022-01-16 23:00:56,27.04,11.73,0.0,29.37,40.63
2022-01-17 00:00:56,18.89,11.68,0.0,27.52,38.78
2022-01-17 01:00:56,14.21,11.01,0.0,27.52,40.25
2022-01-17 02:00:56,19.36,0.0,0.0,26.91,38.16
2022-01-17 03:00:56,15.31,13.17,0.0,27.52,40.39
2022-01-17 04:00:56,21.41,12.89,0.0,27.73,40.19
2022-01-17 05:00:56,18.91,11.45,0.0,28.35,40.0
2022-01-17 06:00:56,11.3,11.11,0.0,29.37,39.02
2022-01-17 07:00:56,6.32,11.42,0.0,28.14,38.86
2022-01-17 08:00:56,8.27,10.81,0.0,28.55,39.4
2022-01-17 09:00:56,13.84,11.03,0.0,25.47,37.93
2022-01-17 10:00:56,24.08,11.6,0.0,26.09,38.41
2022-01-17 11:00:56,13.56,11.21,0.0,23.83,37.09
2022-01-17 12:00:56,18.69,11.5,0.0,26.29,37.55
2022-01-17 13:00:56,10.57,10.84,0.0,25.26,37.32
2022-01-17 14:00:56,7.49,10.35,0.0,25.68,38.14
2022-01-17 15:00:56,3.74,10.93,0.0,24.65,36.57
2022-01-17 16:00:56,9.88,10.73,0.0,28.14,38.99
2022-01-17 17:00:56,8.77,11.79,0.0,24.44,35.7
2022-01-17 18:00:56,18.02,11.8,0.0,25.06,37.52
2022-01-17 19:00:56,21.38,12.39,0.0,25.68,37.73
2022-01-17 20:00:56,23.59,12.56,0.0,23.0,35.87
2022-01-17 21:00:56,27.42,12.11,0.0,25.88,36.87
2022-01-17 22:00:56,16.25,12.43,0.0,26.09,36.27
2022-01-17 23:00:56,8.97,12.73,0.0,26.29,36.88
2022-01-18 00:00:56,7.05,12.47,0.0,27.93,39.99
2022-01-18 01:00:56,5.65,12.27,0.0,25.47,37.13
2022-01-18 02:00:56,11.36,11.0,0.0,25.06,36.31
2022-01-18 03:00:56,6.89,12.2,0.0,24.03,37.3
2022-01-18 04:00:56,6.27,12.38,0.0,25.47,36.73
2022-01-18 05:00:56,3.13,11.93,0.0,26.7,37.29
2022-01-18 06:00:56,11.49,11.69,0.0,29.37,39.82
2022-01-18 07:00:56,8.46,12.15,0.0,28.14,39.8
2022-01-18 08:00:56,9.18,12.8,0.0,25.47,36.73
2022-01-18 09:00:56,26.06,12.89,0.0,25.47,36.46
2022-01-18 10:00:56,43.9,13.24,0.0,27.52,39.32
2022-01-18 11:00:56,47.88,13.18,0.0,26.91,36.29
2022-01-18 12:00:56,26.16,13.94,0.0,27.52,37.17
2022-01-18 13:00:56,31.13,14.28,0.0,25.06,38.46
2022-01-18 14:00:56,30.2,12.62,0.0,28.35,38.8
2022-01-18 15:00:56,62.25,12.24,0.0,27.93,37.98
2022-01-18 16:00:56,45.85,11.99,0.0,26.5,37.48
2022-01-18 17:00:56,28.32,12.27,0.0,28.35,38.13
2022-01-18 18:00:56,18.86,12.62,0.0,27.73,38.18
2022-01-18 19:00:56,17.51,11.09,0.0,26.5,38.15
2022-01-18 20:00:56,21.27,11.12,0.0,27.52,38.65
2022-01-18 21:00:56,12.33,11.05,0.0,28.14,39.53
2022-01-18 22:00:56,15.64,11.61,0.0,26.7,38.36
2022-01-18 23:00:56,33.01,10.48,0.0,26.29,38.22
2022-01-19 00:00:56,29.66,11.17,0.0,25.68,38.0
2022-01-19 01:00:56,24.49,11.62,0.0,25.26,36.52
2022-01-19 02:00:56,24.66,0.0,0.0,27.32,39.65
2022-01-19 03:00:56,13.12,11.83,0.0,27.52,38.65
2022-01-19 04:00:56,15.13,10.49,0.0,26.09,38.15
2022-01-19 05:00:56,8.46,10.38,0.0,27.52,39.05
2022-01-19 06:00:56,5.86,10.57,0.0,24.65,37.24
2022-01-19 07:00:56,11.1,9.78,0.0,28.76,39.07
2022-01-19 08:00:56,8.34,9.84,0.0,27.11,37.16
2022-01-19 09:00:56,16.79,10.38,0.0,24.44,37.71
2022-01-19 10:00:56,16.57,10.66,0.0,26.5,37.35
2022-01-19 11:00:56,19.08,10.8,0.0,28.76,40.82
2022-01-19 12:00:56,12.19,10.7,0.0,27.52,38.24
2022-01-19 13:00:56,16.78,10.15,0.0,24.44,34.89
2022-01-19 14:00:56,28.88,9.77,0.0,25.06,37.79
2022-01-19 15:00:56,26.02,11.61,0.0,27.52,37.98
2022-01-19 16:00:56,39.74,10.59,0.0,26.91,38.43
2022-01-19 17:00:56,43.32,11.25,0.0,26.29,35.81
2022-01-19 18:00:56,26.65,11.53,0.0,26.09,38.15
2022-01-19 19:00:56,28.34,11.15,0.0,27.32,38.57
2022-01-19 20:00:56,37.93,11.76,0.0,28.55,39.4
2022-01-19 21:00:56,34.66,13.27,0.0,24.85,36.38
2022-01-19 22:00:56,26.68,12.44,0.0,25.47,37.93
2022-01-19 23:00:56,28.93,11.78,0.0,26.5,37.22
2022-01-20 00:00:56,28.29,10.86,0.0,29.37,39.29
2022-01-20 01:00:56,21.83,11.65,0.0,29.78,39.7
2022-01-20 02:00:56,26.43,0.0,0.0,27.52,39.05
2022-01-20 03:00:56,16.09,10.35,0.0,29.37,38.48
2022-01-20 04:00:56,9.63,9.97,0.0,27.11,37.03
2022-01-20 05:00:56,5.7,9.87,0.0,26.7,38.23
2022-01-20 06:00:56,20.69,10.22,0.0,29.17,40.02
2022-01-20 07:00:56,10.34,9.92,0.0,27.52,38.38
2022-01-20 08:00:56,9.21,9.07,0.0,24.85,37.99
2022-01-20 09:00:56,7.77,9.86,0.0,26.7,37.15
2022-01-20 10:00:56,5.3,9.73,0.0,28.55,39.0
2022-01-20 11:00:56,12.83,10.39,0.0,26.09,37.74
2022-01-20 12:00:56,10.19,10.32,0.0,27.73,38.05
2022-01-20 13:00:56,14.78,10.3,0.0,27.73,39.79
2022-01-20 14:00:56,8.35,10.08,0.0,32.25,45.38
2022-01-20 15:00:56,14.07,10.19,0.0,26.5,37.75
2022-01-20 16:00:56,8.77,10.22,0.0,26.09,38.01
2022-01-20 17:00:56,6.84,9.38,0.0,25.68,38.0
2022-01-20 18:00:56,26.39,10.3,0.0,26.5,37.62
2022-01-20 19:00:56,17.19,10.32,0.0,29.17,41.63
2022-01-20 20:00:56,27.06,10.64,0.0,25.68,37.2
2022-01-20 21:00:56,23.43,10.02,0.0,26.7,39.16
2022-01-20 22:00:56,22.83,10.42,0.0,26.5,36.55
2022-01-20 23:00:56,14.77,10.06,0.0,22.39,34.72
2022-01-21 00:00:56,17.23,10.35,0.0,25.68,35.99
2022-01-21 01:00:56,26.4,9.82,0.0,24.03,35.96
2022-01-21 02:00:56,14.95,0.0,0.0,27.52,39.18
2022-01-21 03:00:56,10.21,9.78,0.0,25.88,37.81
2022-01-21 04:00:56,6.03,9.66,0.0,27.11,37.03
2022-01-21 05:00:56,9.36,10.02,0.0,25.06,35.78
2022-01-21 06:00:56,5.77,9.27,0.0,26.91,38.43
2022-01-21 07:00:56,7.2,9.45,0.0,26.29,37.95
2022-01-21 08:00:56,12.64,9.98,0.0,27.32,39.24
2022-01-21 09:00:56,11.28,10.22,0.0,28.76,39.48
2022-01-21 10:00:56,17.68,10.33,0.0,27.73,37.64
2022-01-21 11:00:56,24.73,10.09,0.0,28.14,39.4
2022-01-21 12:00:56,26.64,10.62,0.0,29.78,39.43
2022-01-21 13:00:56,14.18,9.85,0.0,28.35,38.8
2022-01-21 14:00:56,18.84,10.43,0.0,28.96,39.01
2022-01-21 15:00:56,15.69,10.12,0.0,27.93,39.73
2022-01-21 16:00:56,24.71,10.66,0.0,25.47,38.33
2022-01-21 17:00:56,17.47,10.69,0.0,27.52,39.18
2022-01-21 18:00:56,31.31,10.28,0.0,26.29,38.89
2022-01-21 19:00:56,22.78,10.63,0.0,26.91,38.97
2022-01-21 20:00:56,29.31,11.61,0.0,25.68,36.66
2022-01-21 21:00:56,22.85,11.28,0.0,27.32,39.91
2022-01-21 22:00:56,15.65,10.95,0.0,25.06,38.32
2022-01-21 23:00:56,9.76,11.22,0.0,27.11,38.5
2022-01-22 00:00:56,12.34,11.81,0.0,27.11,38.77
2022-01-22 01:00:56,16.33,11.18,0.0,26.91,38.57
2022-01-22 02:00:56,18.84,11.74,0.0,24.85,36.24
2022-01-22 03:00:56,13.56,11.4,0.0,23.83,35.62
2022-01-22 04:00:56,36.25,10.8,0.0,25.68,35.86
2022-01-22 05:00:56,37.09,10.67,0.0,29.78,38.76
2022-01-22 06:00:56,20.77,11.36,0.0,25.47,36.73
2022-01-22 07:00:56,20.53,11.19,0.0,26.91,36.69
2022-01-22 08:00:56,16.06,10.91,0.0,27.52,38.78
2022-01-22 09:00:56,10.59,11.23,0.0,25.88,38.07
2022-01-22 10:00:56,23.94,11.26,0.0,26.29,36.74
2022-01-22 11:00:56,19.68,11.29,0.0,29.99,42.18
2022-01-22 12:00:56,25.35,11.42,0.0,28.14,37.39
2022-01-22 13:00:56,21.95,12.37,0.0,25.26,35.72
2022-01-22 14:00:56,19.86,13.28,0.0,29.37,39.56
2022-01-22 15:00:56,16.68,12.7,0.0,27.73,38.58
2022-01-22 16:00:56,15.04,10.92,0.0,25.47,36.32
2022-01-22 17:00:56,21.07,11.19,0.0,27.73,39.12
2022-01-22 18:00:56,15.13,11.64,0.0,27.93,38.12
2022-01-22 19:00:56,19.67,11.89,0.0,27.73,38.31
2022-01-22 20:00:56,28.57,12.28,0.0,29.37,39.82
2022-01-22 21:00:56,16.08,12.24,0.0,28.35,38.4
2022-01-22 22:00:56,9.76,11.63,0.0,27.11,38.5
2022-01-22 23:00:56,6.66,11.06,0.0,26.91,38.7
2022-01-23 00:00:56,4.6,11.12,0.0,27.11,38.37
2022-01-23 01:00:56,3.22,11.14,0.0,26.09,37.48
2022-01-23 02:00:56,4.05,0.0,0.0,26.91,38.7
2022-01-23 03:00:56,3.8,10.62,0.0,26.5,40.7
2022-01-23 04:00:56,4.45,9.53,0.0,24.03,37.43
2022-01-23 05:00:56,2.77,9.03,0.0,28.14,39.4
2022-01-23 06:00:56,2.39,10.33,0.0,23.21,35.0
2022-01-23 07:00:56,3.13,11.34,0.0,25.26,37.32
2022-01-23 08:00:56,7.86,10.43,0.0,26.5,38.29
2022-01-23 09:00:56,4.98,10.7,0.0,24.03,36.9
2022-01-23 10:00:56,4.52,10.31,0.0,25.47,36.86
2022-01-23 11:00:56,5.95,10.04,0.0,28.76,39.21
2022-01-23 12:00:56,9.31,10.55,0.0,25.26,37.73
2022-01-23 13:00:56,15.11,11.01,0.0,24.85,36.91
2022-01-23 14:00:56,8.41,10.92,0.0,26.29,38.35
2022-01-23 15:00:56,9.29,11.56,0.0,28.35,38.93
2022-01-23 16:00:56,14.24,11.25,0.0,26.5,37.75
2022-01-23 17:00:56,10.4,11.29,0.0,25.26,35.45
2022-01-23 18:00:56,9.28,10.78,0.0,25.88,37.94
2022-01-23 19:00:56,11.33,10.8,0.0,27.11,38.1
2022-01-23 20:00:56,17.53,11.21,0.0,25.47,36.32
2022-01-23 21:00:56,10.99,10.98,0.0,27.32,40.58
2022-01-23 22:00:56,6.74,11.0,0.0,25.68,36.26
2022-01-23 23:00:56,4.98,10.95,0.0,25.68,36.13
2022-01-24 00:00:56,4.78,10.89,0.0,26.5,37.48
2022-01-24 01:00:56,3.75,10.22,0.0,28.35,38.8
2022-01-24 02:00:56,12.76,0.0,0.0,29.78,39.03
2022-01-24 03:00:56,17.75,10.15,0.0,25.26,37.46
2022-01-24 04:00:56,9.38,9.76,0.0,26.91,38.3
2022-01-24 05:00:56,5.93,9.95,0.0,27.52,38.11
2022-01-24 06:00:56,21.54,9.79,0.0,29.17,38.01
2022-01-24 07:00:56,12.98,9.86,0.0,26.91,37.76
2022-01-24 08:00:56,11.52,10.1,0.0,28.14,38.46
2022-01-24 09:00:56,25.59,14.01,0.0,28.35,37.59
2022-01-24 10:00:56,29.46,12.27,0.0,26.5,37.62
2022-01-24 11:00:56,16.92,11.11,0.0,29.99,38.7
2022-01-24 12:00:56,28.02,11.42,0.0,27.73,37.24
2022-01-24 13:00:56,16.14,12.18,0.0,29.17,40.02
2022-01-24 14:00:56,17.99,11.99,0.0,26.7,38.63
2022-01-24 15:00:56,33.67,12.16,0.0,24.24,35.76
2022-01-24 16:00:56,28.54,11.69,0.0,29.17,40.02
2022-01-24 17:00:56,30.99,11.7,0.0,27.73,40.19
2022-01-24 18:00:56,40.9,12.42,0.0,31.02,42.14
2022-01-24 19:00:56,29.68,11.61,0.0,26.5,38.96
2022-01-24 20:00:56,26.22,12.14,0.0,27.32,38.17
2022-01-24 21:00:56,20.78,12.08,0.0,29.78,39.43
2022-01-24 22:00:56,35.04,12.28,0.0,27.93,38.79
2022-01-24 23:00:56,24.51,11.13,0.0,27.73,39.79
2022-01-25 00:00:56,24.92,11.01,0.0,27.52,37.84
2022-01-25 01:00:56,19.38,10.08,0.0,28.14,40.07
2022-01-25 02:00:56,13.3,0.0,0.0,27.32,38.84
2022-01-25 03:00:56,9.04,10.46,0.0,24.85,37.72
2022-01-25 04:00:56,11.67,10.22,0.0,25.06,36.72
2022-01-25 05:00:56,7.7,9.87,0.0,26.29,38.22
2022-01-25 06:00:56,5.12,9.64,0.0,25.68,38.0
2022-01-25 07:00:56,5.83,9.91,0.0,26.5,37.75
2022-01-25 08:00:56,15.12,9.36,0.0,27.93,38.79
2022-01-25 09:00:56,14.19,9.83,0.0,26.29,38.35
2022-01-25 10:00:56,23.9,9.8,0.0,23.0,36.94
2022-01-25 11:00:56,20.01,10.54,0.0,28.76,39.07
2022-01-25 12:00:56,11.49,11.45,0.0,29.17,39.62
2022-01-25 13:00:56,32.22,23.11,0.0,25.06,34.97
2022-01-25 14:00:56,30.54,14.52,0.0,29.17,41.9
2022-01-25 15:00:56,27.85,11.66,0.0,26.91,37.76
2022-01-25 16:00:56,25.95,12.07,0.0,27.11,37.83
2022-01-25 17:00:56,39.06,13.38,0.0,27.52,38.65
2022-01-25 18:00:56,37.66,11.52,0.0,27.52,37.84
2022-01-25 19:00:56,64.28,12.48,0.0,23.62,35.68
2022-01-25 20:00:56,77.34,12.18,0.0,28.96,38.61
2022-01-25 21:00:56,111.7,13.25,0.0,29.37,39.29
2022-01-25 22:00:56,81.46,12.3,0.0,28.35,37.86
2022-01-25 23:00:56,67.86,12.89,0.0,26.29,37.55
2022-01-26 00:00:56,57.74,12.77,0.0,27.11,37.56
2022-01-26 01:00:56,30.72,12.42,0.0,26.09,36.54
2022-01-26 02:00:56,33.88,11.4,0.0,26.91,38.57
2022-01-26 03:00:56,18.4,11.02,0.0,27.73,37.78
2022-01-26 04:00:56,22.58,11.31,0.0,30.81,41.53
2022-01-26 05:00:56,13.09,10.97,0.0,27.32,39.78
2022-01-26 06:00:56,8.15,10.52,0.0,26.29,38.22
2022-01-26 07:00:56,16.8,10.21,0.0,25.06,37.79
2022-01-26 08:00:56,19.16,10.63,0.0,25.68,37.47
2022-01-26 09:00:56,12.14,10.51,0.0,24.65,36.71
2022-01-26 10:00:56,7.77,11.06,0.0,27.73,40.06
2022-01-26 11:00:56,4.67,10.99,0.0,27.11,37.97
2022-01-26 12:00:56,17.88,11.09,0.0,27.52,38.78
2022-01-26 13:00:56,20.08,11.35,0.0,25.68,38.14
2022-01-26 14:00:56,14.4,11.16,0.0,22.8,36.07
2022-01-26 15:00:56,19.87,11.91,0.0,26.7,37.42
2022-01-26 16:00:56,11.24,11.34,0.0,23.0,38.28
2022-01-26 17:00:56,10.13,11.9,0.0,26.09,37.34
2022-01-26 18:00:56,12.62,10.66,0.0,26.09,37.21
2022-01-26 19:00:56,19.03,10.47,0.0,26.09,38.15
2022-01-26 20:00:56,17.59,11.12,0.0,25.06,37.79
2022-01-26 21:00:56,11.32,9.67,0.0,25.06,38.19
2022-01-26 22:00:56,6.45,9.53,0.0,25.88,37.81
2022-01-26 23:00:56,7.49,10.15,0.0,27.11,37.83
2022-01-27 00:00:56,5.34,10.6,0.0,25.26,36.52
2022-01-27 01:00:56,13.95,10.82,0.0,27.11,37.3
2022-01-27 02:00:56,9.55,11.19,0.0,27.93,37.85
2022-01-27 03:00:56,7.39,10.83,0.0,29.58,40.3
2022-01-27 04:00:56,11.67,10.2,0.0,27.32,37.64
2022-01-27 05:00:56,7.57,10.16,0.0,29.17,39.62
2022-01-27 06:00:56,7.1,10.13,0.0,26.91,38.03
2022-01-27 07:00:56,4.39,10.13,0.0,29.99,39.23
2022-01-27 08:00:56,13.66,10.25,0.0,27.32,36.7
2022-01-27 09:00:56,14.12,10.28,0.0,27.11,37.56
2022-01-27 10:00:56,11.23,10.06,0.0,26.91,37.76
2022-01-27 11:00:56,18.41,10.37,0.0,28.96,40.08
2022-01-27 12:00:56,26.11,10.28,0.0,27.32,38.84
2022-01-27 13:00:56,21.49,10.09,0.0,28.35,39.87
2022-01-27 14:00:56,12.08,9.85,0.0,26.29,37.82
2022-01-27 15:00:56,8.56,10.01,0.0,26.91,38.16
2022-01-27 16:00:56,9.53,9.52,0.0,29.17,40.69
2022-01-27 17:00:56,13.85,10.44,0.0,28.55,40.21
2022-01-27 18:00:56,10.03,11.03,0.0,29.99,39.5
2022-01-27 19:00:56,23.97,12.86,0.0,26.5,37.62
2022-01-27 20:00:56,36.7,10.77,0.0,28.76,38.67
2022-01-27 21:00:56,56.55,12.84,0.0,27.32,38.57
2022-01-27 22:00:56,44.83,14.43,0.0,26.29,38.22
2022-01-27 23:00:56,57.7,12.17,0.0,28.76,41.08
2022-01-28 00:00:56,39.68,11.45,0.0,28.35,37.86
2022-01-28 01:00:56,51.29,11.35,0.0,26.09,39.35
2022-01-28 02:00:56,35.94,0.0,0.0,29.58,41.24
2022-01-28 03:00:56,27.2,13.63,0.0,30.19,41.32
2022-01-28 04:00:56,14.7,11.96,0.0,26.7,38.63
2022-01-28 05:00:56,17.07,10.34,0.0,25.47,37.93
2022-01-28 06:00:56,10.22,11.47,0.0,26.29,37.82
2022-01-28 07:00:56,21.19,15.14,0.0,25.47,36.19
2022-01-28 08:00:56,22.6,10.7,0.0,23.42,35.88
2022-01-28 09:00:56,24.69,10.44,0.0,27.32,36.97
2022-01-28 10:00:56,24.18,9.71,0.0,26.7,38.36
2022-01-28 11:00:56,27.0,10.02,0.0,27.32,38.44
2022-01-28 12:00:56,24.49,15.94,0.0,29.17,40.02
2022-01-28 13:00:56,18.71,10.32,0.0,26.09,36.94
2022-01-28 14:00:56,18.08,10.37,0.0,27.52,38.65
2022-01-28 15:00:56,16.53,10.5,0.0,26.5,37.22
2022-01-28 16:00:56,20.96,10.53,0.0,27.52,38.78
2022-01-28 17:00:56,20.78,10.09,0.0,26.91,38.43
2022-01-28 18:00:56,37.19,10.11,0.0,30.6,39.85
2022-01-28 19:00:56,36.3,11.96,0.0,26.91,37.76
2022-01-28 20:00:56,34.99,11.85,0.0,26.29,37.41
2022-01-28 21:00:56,43.73,12.06,0.0,28.55,39.0
2022-01-28 22:00:56,43.34,12.42,0.0,26.29,37.95
2022-01-28 23:00:56,58.61,12.67,0.0,26.91,38.43
2022-01-29 00:00:56,59.52,12.62,0.0,27.93,39.46
2022-01-29 01:00:56,58.19,12.18,0.0,25.26,37.19
2022-01-29 02:00:56,32.29,0.0,0.0,27.11,39.57
2022-01-29 03:00:56,29.5,9.85,0.0,25.68,38.0
2022-01-29 04:00:56,27.79,9.7,0.0,26.09,38.55
2022-01-29 05:00:56,16.61,10.0,0.0,24.85,36.11
2022-01-29 06:00:56,12.63,9.76,0.0,26.91,38.57
2022-01-29 07:00:56,14.46,10.02,0.0,27.11,39.57
2022-01-29 08:00:56,11.72,9.26,0.0,27.52,38.24
2022-01-29 09:00:56,21.38,9.67,0.0,23.42,36.15
2022-01-29 10:00:56,29.69,9.64,0.0,29.58,38.42
2022-01-29 11:00:56,19.58,9.9,0.0,26.7,39.16
2022-01-29 12:00:56,12.66,10.03,0.0,26.09,35.73
2022-01-29 13:00:56,12.45,10.75,0.0,24.65,36.17
2022-01-29 14:00:56,18.66,9.2,0.0,23.0,35.87
2022-01-29 15:00:56,25.02,9.74,0.0,27.32,38.84
2022-01-29 16:00:56,22.4,9.88,0.0,26.09,36.0
2022-01-29 17:00:56,35.02,9.51,0.0,29.17,40.02
2022-01-29 18:00:56,36.88,9.74,0.0,27.11,40.24
2022-01-29 19:00:56,46.47,9.68,0.0,26.7,36.62
2022-01-29 20:00:56,51.63,10.31,0.0,25.88,37.14
2022-01-29 21:00:56,59.17,10.47,0.0,30.19,40.91
2022-01-29 22:00:56,58.83,10.94,0.0,26.09,36.4
2022-01-29 23:00:56,72.65,14.07,0.0,28.76,39.21
2022-01-30 00:00:56,77.67,38.01,0.0,26.7,36.62
2022-01-30 01:00:56,66.63,35.44,0.0,28.55,40.07
2022-01-30 02:00:56,66.46,0.0,0.0,28.96,39.82
2022-01-30 03:00:56,53.38,28.85,0.0,27.52,38.65
2022-01-30 04:00:56,66.19,26.02,0.0,29.58,41.1
2022-01-30 05:00:56,53.04,21.43,0.0,27.73,38.45
2022-01-30 06:00:56,39.22,24.31,0.0,24.85,38.12
2022-01-30 07:00:56,59.7,25.9,0.0,27.73,39.65
2022-01-30 08:00:56,36.06,18.31,0.0,27.32,39.11
2022-01-30 09:00:56,34.81,18.54,0.0,25.06,38.19
2022-01-30 10:00:56,25.71,24.24,0.0,28.35,38.8
2022-01-30 11:00:56,23.36,11.91,0.0,26.09,39.35
2022-01-30 12:00:56,33.52,29.56,0.0,26.29,37.68
2022-01-30 13:00:56,27.79,27.5,0.0,23.42,37.08
2022-01-30 14:00:56,30.28,51.49,0.0,28.35,38.53
2022-01-30 15:00:56,30.77,25.05,0.0,26.7,36.89
2022-01-30 16:00:56,24.81,17.94,0.0,26.09,36.67
2022-01-30 17:00:56,35.13,16.38,0.0,25.47,36.86
2022-01-30 18:00:56,48.78,13.18,0.0,28.76,39.21
2022-01-30 19:00:56,58.12,11.74,0.0,26.29,38.75
2022-01-30 20:00:56,47.42,11.91,0.0,26.29,39.16
2022-01-30 21:00:56,26.37,11.59,0.0,29.37,41.97
2022-01-30 22:00:56,28.94,11.87,0.0,25.68,36.93
2022-01-30 23:00:56,20.89,11.84,0.0,27.52,38.51
2022-01-31 00:00:56,21.77,11.95,0.0,26.91,37.49
2022-01-31 01:00:56,42.05,20.12,0.0,26.29,36.07
2022-01-31 02:00:56,23.09,0.0,0.0,26.29,36.88
2022-01-31 03:00:56,28.24,13.81,0.0,27.11,38.77
2022-01-31 04:00:56,17.44,12.31,0.0,26.5,38.56
2022-01-31 05:00:56,25.77,13.05,0.0,28.14,39.4
2022-01-31 06:00:56,33.86,12.25,0.0,27.73,38.18
2022-01-31 07:00:56,26.24,12.09,0.0,27.11,38.37
2022-01-31 08:00:56,15.26,11.03,0.0,28.96,39.55
2022-01-31 09:00:56,19.46,11.31,0.0,25.88,39.68
2022-01-31 10:00:56,50.97,11.61,0.0,26.5,37.48
2022-01-31 11:00:56,63.05,13.3,0.0,28.14,40.2
2022-01-31 12:00:56,55.91,12.53,0.0,27.73,38.58
2022-01-31 13:00:56,43.83,12.41,0.0,28.76,40.15
2022-01-31 14:00:56,23.34,12.41,0.0,25.06,38.06
2022-01-31 15:00:56,24.98,11.56,0.0,26.29,38.08
2022-01-31 16:00:56,32.45,11.42,0.0,25.47,36.32
2022-01-31 17:00:56,43.54,11.7,0.0,25.26,37.46
2022-01-31 18:00:56,55.7,11.16,0.0,27.73,40.59
2022-01-31 19:00:56,80.32,11.09,0.0,24.85,36.24
2022-01-31 20:00:56,86.94,10.93,0.0,24.65,36.71
2022-01-31 21:00:56,54.11,11.06,0.0,26.09,37.34
2022-01-31 22:00:56,46.22,11.54,0.0,25.47,37.13
2022-01-31 23:00:56,32.2,11.28,0.0,26.5,37.75
2022-02-01 00:00:56,42.72,11.63,0.0,27.11,35.29
2022-02-01 01:00:56,22.42,11.55,0.0,25.26,36.92
2022-02-01 02:00:56,31.65,0.0,0.0,30.4,40.58
2022-02-01 03:00:56,34.74,12.05,0.0,26.91,37.09
2022-02-01 04:00:56,39.21,12.0,0.0,27.93,38.52
2022-02-01 05:00:56,20.71,12.91,0.0,26.7,37.15
2022-02-01 06:00:56,30.93,12.39,0.0,28.76,39.34
2022-02-01 07:00:56,25.56,13.71,0.0,30.19,39.44
2022-02-01 08:00:56,34.07,14.41,0.0,26.5,37.48
2022-02-01 09:00:56,47.4,14.37,0.0,27.52,38.51
2022-02-01 10:00:56,57.85,14.78,0.0,26.29,36.74
2022-02-01 11:00:56,54.12,14.76,0.0,29.17,40.42
2022-02-01 12:00:56,64.12,14.61,0.0,25.88,37.94
2022-02-01 13:00:56,43.74,12.7,0.0,27.52,39.32
2022-02-01 14:00:56,40.09,12.23,0.0,26.91,36.96
2022-02-01 15:00:56,30.03,14.97,0.0,28.76,39.74
2022-02-01 16:00:56,43.62,13.13,0.0,27.11,38.77
2022-02-01 17:00:56,52.01,12.72,0.0,28.76,40.01
2022-02-01 18:00:56,72.74,11.96,0.0,27.73,38.58
2022-02-01 19:00:56,98.94,11.91,0.0,26.5,38.15
2022-02-01 20:00:56,106.45,11.98,0.0,25.88,38.48
2022-02-01 21:00:56,106.24,12.48,0.0,27.32,38.31
2022-02-01 22:00:56,102.42,12.39,0.0,24.65,37.51
2022-02-01 23:00:56,111.69,17.21,0.0,27.32,37.77
2022-02-02 00:00:56,84.95,14.56,0.0,26.29,38.49
2022-02-02 01:00:56,71.13,13.28,0.0,23.83,37.63
2022-02-02 02:00:56,46.31,0.0,0.0,26.7,39.16
2022-02-02 03:00:56,42.65,28.16,0.0,28.76,39.61
2022-02-02 04:00:56,30.14,15.73,0.0,27.52,39.32
2022-02-02 05:00:56,19.51,14.11,0.0,26.7,37.69
2022-02-02 06:00:56,10.49,12.97,0.0,25.26,37.46
2022-02-02 07:00:56,15.54,12.35,0.0,26.7,39.16
2022-02-02 08:00:56,10.37,11.7,0.0,26.29,38.49
2022-02-02 09:00:56,22.25,12.09,0.0,25.68,36.26
2022-02-02 10:00:56,13.57,13.04,0.0,28.96,39.41
2022-02-02 11:00:56,13.65,14.02,0.0,26.5,37.89
2022-02-02 12:00:56,14.55,14.81,0.0,27.93,39.73
2022-02-02 13:00:56,25.78,16.25,0.0,25.47,37.13
2022-02-02 14:00:56,19.74,15.18,0.0,26.7,37.69
2022-02-02 15:00:56,19.8,11.73,0.0,27.73,38.58
2022-02-02 16:00:56,19.99,12.8,0.0,26.7,37.29
2022-02-02 17:00:56,34.84,19.88,0.0,26.09,36.67
2022-02-02 18:00:56,55.8,22.94,0.0,27.32,36.97
2022-02-02 19:00:56,134.98,19.23,0.0,25.06,33.5
2022-02-02 20:00:56,123.62,17.92,0.0,27.11,35.55
2022-02-02 21:00:56,101.17,15.9,0.0,28.76,40.15
2022-02-02 22:00:56,84.91,15.35,0.0,26.7,36.75
2022-02-02 23:00:56,83.27,15.24,0.0,28.35,38.8
2022-02-03 00:00:56,49.75,18.16,0.0,26.5,38.56
2022-02-03 01:00:56,53.06,16.16,0.0,28.96,39.55
2022-02-03 02:00:56,54.48,0.0,0.0,29.78,40.64
2022-02-03 03:00:56,45.62,13.16,0.0,29.78,40.64
2022-02-03 04:00:56,37.33,12.82,0.0,27.73,37.91
2022-02-03 05:00:56,42.44,12.08,0.0,28.35,38.53
2022-02-03 06:00:56,44.59,11.28,0.0,29.17,38.55
2022-02-03 07:00:56,60.81,11.15,0.0,28.55,39.94
2022-02-03 08:00:56,64.61,11.71,0.0,27.11,38.37
2022-02-03 09:00:56,109.24,12.71,0.0,28.55,38.73
2022-02-03 10:00:56,160.31,16.2,0.0,26.29,36.88
2022-02-03 11:00:56,159.58,34.1,0.0,27.11,38.1
2022-02-03 12:00:56,159.21,25.39,0.0,25.26,38.13
2022-02-03 13:00:56,155.91,29.51,0.0,24.24,36.57
2022-02-03 14:00:56,158.41,46.62,0.0,27.73,36.97
2022-02-03 15:00:56,167.56,139.05,0.0,27.11,38.37
2022-02-03 16:00:56,235.9,106.61,0.0,25.88,37.94
2022-02-03 17:00:56,273.61,57.56,0.0,26.91,39.1
2022-02-03 18:00:56,231.98,29.7,0.0,27.32,39.78
2022-02-03 19:00:56,198.52,19.8,0.0,27.32,38.31
2022-02-03 20:00:56,196.67,19.58,0.0,26.91,37.49
2022-02-03 21:00:56,164.76,16.8,0.0,27.11,38.9
2022-02-03 22:00:56,117.32,14.28,0.0,26.09,37.34
2022-02-03 23:00:56,77.88,13.36,0.0,28.55,38.33
2022-02-04 00:00:56,53.17,12.02,0.0,25.26,36.92
2022-02-04 01:00:56,42.22,11.68,0.0,23.42,34.0
2022-02-04 02:00:56,38.93,0.0,0.0,24.24,36.03
2022-02-04 03:00:56,36.38,11.55,0.0,25.26,37.46
2022-02-04 04:00:56,25.6,12.31,0.0,26.5,38.29
2022-02-04 05:00:56,33.7,11.91,0.0,26.7,39.97
2022-02-04 06:00:56,23.43,11.82,0.0,24.65,37.24
2022-02-04 07:00:56,22.37,11.31,0.0,25.68,37.73
2022-02-04 08:00:56,14.02,11.22,0.0,27.73,38.98
2022-02-04 09:00:56,18.01,11.69,0.0,26.09,36.94
2022-02-04 10:00:56,28.8,10.05,0.0,25.88,37.14
2022-02-04 11:00:56,23.23,11.36,0.0,25.88,35.66
2022-02-04 12:00:56,21.9,11.34,0.0,26.91,38.3
2022-02-04 13:00:56,31.41,11.68,0.0,27.32,37.1
2022-02-04 14:00:56,35.28,11.81,0.0,28.76,38.81
2022-02-04 15:00:56,27.15,11.44,0.0,24.24,36.7
2022-02-04 16:00:56,38.27,10.97,0.0,24.03,34.89
2022-02-04 17:00:56,43.06,10.77,0.0,26.91,36.56
2022-02-04 18:00:56,51.9,11.02,0.0,29.37,39.15
2022-02-04 19:00:56,42.97,10.59,0.0,27.11,38.5
2022-02-04 20:00:56,35.38,10.46,0.0,26.5,37.89
2022-02-04 21:00:56,28.88,11.39,0.0,28.35,38.4
2022-02-04 22:00:56,25.14,11.16,0.0,26.29,37.82
2022-02-04 23:00:56,13.13,10.44,0.0,27.73,38.05
2022-02-05 00:00:56,12.9,10.32,0.0,27.93,39.46
2022-02-05 01:00:56,12.36,9.75,0.0,26.5,37.75
2022-02-05 02:00:56,13.11,0.0,0.0,25.26,37.19
2022-02-05 03:00:56,20.14,10.75,0.0,28.96,38.07
2022-02-05 04:00:56,13.9,10.91,0.0,26.91,38.03
2022-02-05 05:00:56,20.65,26.93,0.0,28.14,39.26
2022-02-05 06:00:56,14.74,20.73,0.0,25.88,36.73
2022-02-05 07:00:56,9.07,13.81,0.0,27.11,38.37
2022-02-05 08:00:56,35.0,11.74,0.0,28.96,40.89
2022-02-05 09:00:56,29.76,11.56,0.0,25.26,37.19
2022-02-05 10:00:56,42.58,11.17,0.0,28.55,40.21
2022-02-05 11:00:56,21.29,10.17,0.0,27.93,39.46
2022-02-05 12:00:56,11.98,10.04,0.0,27.32,38.84
2022-02-05 13:00:56,9.5,9.63,0.0,27.93,37.85
2022-02-05 14:00:56,16.09,9.66,0.0,28.14,39.26
2022-02-05 15:00:56,16.81,10.48,0.0,25.88,37.81
2022-02-05 16:00:56,9.74,10.68,0.0,26.7,38.63
2022-02-05 17:00:56,16.7,10.46,0.0,26.91,38.97
2022-02-05 18:00:56,31.81,10.07,0.0,24.24,36.57
2022-02-05 19:00:56,40.11,10.27,0.0,25.88,37.4
2022-02-05 20:00:56,47.22,10.58,0.0,26.91,38.16
2022-02-05 21:00:56,63.81,10.5,0.0,27.73,38.45
2022-02-05 22:00:56,74.51,10.8,0.0,26.91,38.83
2022-02-05 23:00:56,69.3,11.31,0.0,25.06,37.79
2022-02-06 00:00:56,68.25,11.54,0.0,27.32,38.57
2022-02-06 01:00:56,68.76,11.53,0.0,27.11,38.37
2022-02-06 02:00:56,64.55,0.0,0.0,28.76,39.21
2022-02-06 03:00:56,50.59,11.99,0.0,26.09,38.28
2022-02-06 04:00:56,33.72,11.03,0.0,25.26,36.65
2022-02-06 05:00:56,23.2,11.01,0.0,25.88,37.0
2022-02-06 06:00:56,14.36,11.12,0.0,25.68,35.59
2022-02-06 07:00:56,8.6,10.69,0.0,26.7,37.29
2022-02-06 08:00:56,8.88,10.43,0.0,27.73,38.58
2022-02-06 09:00:56,6.05,10.4,0.0,25.88,37.14
2022-02-06 10:00:56,19.19,10.66,0.0,27.32,38.57
2022-02-06 11:00:56,17.32,11.43,0.0,30.4,40.72
2022-02-06 12:00:56,16.98,12.47,0.0,27.32,38.57
2022-02-06 13:00:56,18.38,11.17,0.0,26.5,36.81
2022-02-06 14:00:56,15.06,10.02,0.0,26.7,38.63
2022-02-06 15:00:56,9.66,9.56,0.0,26.5,37.35
2022-02-06 16:00:56,24.26,10.01,0.0,26.09,38.15
2022-02-06 17:00:56,50.69,10.44,0.0,28.55,39.67
2022-02-06 18:00:56,41.67,10.42,0.0,27.93,39.46
2022-02-06 19:00:56,31.37,10.23,0.0,27.73,40.06
2022-02-06 20:00:56,23.58,9.7,0.0,26.91,38.57
2022-02-06 21:00:56,26.11,10.04,0.0,31.02,40.13
2022-02-06 22:00:56,31.38,10.41,0.0,27.11,39.44
2022-02-06 23:00:56,29.69,10.69,0.0,27.32,38.57
2022-02-07 00:00:56,41.73,10.59,0.0,29.37,40.63
2022-02-07 01:00:56,42.85,11.02,0.0,25.47,36.59
2022-02-07 02:00:56,25.45,11.33,0.0,27.11,37.83
2022-02-07 03:00:56,24.79,11.66,0.0,26.91,37.76
2022-02-07 04:00:56,22.63,11.14,0.0,25.26,36.92
2022-02-07 05:00:56,20.4,10.45,0.0,26.09,37.21
2022-02-07 06:00:56,13.64,10.66,0.0,25.88,37.14
2022-02-07 07:00:56,21.5,10.97,0.0,27.52,36.77
2022-02-07 08:00:56,35.6,11.29,0.0,27.11,37.83
2022-02-07 09:00:56,53.8,12.08,0.0,23.21,36.88
2022-02-07 10:00:56,76.43,10.86,0.0,28.35,38.8
2022-02-07 11:00:56,48.47,11.04,0.0,26.5,38.15
2022-02-07 12:00:56,26.74,10.79,0.0,28.14,37.39
2022-02-07 13:00:56,37.7,11.61,0.0,27.93,36.91
2022-02-07 14:00:56,20.22,12.07,0.0,29.99,39.64
2022-02-07 15:00:56,23.45,9.21,0.0,26.91,38.7
2022-02-07 16:00:56,16.14,10.1,0.0,25.88,37.67
2022-02-07 17:00:56,10.69,10.14,0.0,27.32,37.9
2022-02-07 18:00:56,26.11,10.96,0.0,25.06,38.32
2022-02-07 19:00:56,43.23,11.25,0.0,28.76,39.74
2022-02-07 20:00:56,40.38,11.96,0.0,27.11,38.37
2022-02-07 21:00:56,49.02,11.99,0.0,28.55,38.6
2022-02-07 22:00:56,50.82,11.39,0.0,26.5,38.29
2022-02-07 23:00:56,41.37,10.93,0.0,30.4,40.18
2022-02-08 00:00:56,36.04,11.85,0.0,27.32,37.77
2022-02-08 01:00:56,26.91,11.28,0.0,26.5,38.15
2022-02-08 02:00:56,32.22,0.0,0.0,25.88,37.67
2022-02-08 03:00:56,33.51,11.73,0.0,27.32,38.31
2022-02-08 04:00:56,43.77,11.3,0.0,25.68,39.48
2022-02-08 05:00:56,63.14,10.98,0.0,27.73,39.39
2022-02-08 06:00:56,42.62,11.46,0.0,28.35,41.21
2022-02-08 07:00:56,40.09,13.39,0.0,28.35,39.74
2022-02-08 08:00:56,22.26,13.36,0.0,23.62,36.48
2022-02-08 09:00:56,27.23,12.65,0.0,26.5,38.96
2022-02-08 10:00:56,15.93,12.56,0.0,28.14,37.92
2022-02-08 11:00:56,35.37,13.48,0.0,25.47,36.86
2022-02-08 12:00:56,48.51,13.37,0.0,26.29,37.41
2022-02-08 13:00:56,31.3,12.44,0.0,27.32,37.77
2022-02-08 14:00:56,24.07,9.59,0.0,25.88,38.48
2022-02-08 15:00:56,19.06,10.25,0.0,27.11,38.37
2022-02-08 16:00:56,17.41,9.98,0.0,24.44,36.1
2022-02-08 17:00:56,37.88,10.28,0.0,26.5,36.68
2022-02-08 18:00:56,69.44,12.7,0.0,26.09,37.07
2022-02-08 19:00:56,76.35,13.69,0.0,27.11,38.37
2022-02-08 20:00:56,117.31,20.76,0.0,22.8,34.59
2022-02-08 21:00:56,128.5,15.73,0.0,26.5,37.89
2022-02-08 22:00:56,86.37,10.91,0.0,26.09,36.94
2022-02-08 23:00:56,81.81,11.19,0.0,25.47,36.73
2022-02-09 00:00:56,63.82,11.59,0.0,26.7,37.96
2022-02-09 01:00:56,70.92,11.9,0.0,27.32,38.17
2022-02-09 02:00:56,59.59,0.0,0.0,27.73,38.98
2022-02-09 03:00:56,64.58,11.41,0.0,27.52,37.71
2022-02-09 04:00:56,56.8,12.86,0.0,26.5,35.47
2022-02-09 05:00:56,51.53,12.97,0.0,28.96,39.15
2022-02-09 06:00:56,49.91,11.98,0.0,27.11,38.37
2022-02-09 07:00:56,39.53,11.24,0.0,25.06,36.31
2022-02-09 08:00:56,42.01,10.85,0.0,27.52,38.38
2022-02-09 09:00:56,53.29,10.81,0.0,26.7,36.89
2022-02-09 10:00:56,47.92,10.96,0.0,27.11,38.5
2022-02-09 11:00:56,71.78,10.37,0.0,31.02,42.41
2022-02-09 12:00:56,54.29,10.1,0.0,26.09,36.81
2022-02-09 13:00:56,42.86,10.52,0.0,25.68,37.87
2022-02-09 14:00:56,26.28,12.05,0.0,27.11,37.56
2022-02-09 15:00:56,14.78,10.99,0.0,24.65,37.51
2022-02-09 16:00:56,28.1,11.02,0.0,26.91,38.57
2022-02-09 17:00:56,21.08,10.79,0.0,25.26,37.59
2022-02-09 18:00:56,20.49,10.54,0.0,25.88,37.4
2022-02-09 19:00:56,31.53,10.18,0.0,26.7,39.03
2022-02-09 20:00:56,18.87,10.24,0.0,27.52,38.65
2022-02-09 21:00:56,29.36,10.5,0.0,27.11,37.83
2022-02-09 22:00:56,18.47,9.94,0.0,27.73,38.45
2022-02-09 23:00:56,12.25,9.7,0.0,26.29,38.35
2022-02-10 00:00:56,21.32,10.08,0.0,27.73,38.18
2022-02-10 01:00:56,16.6,10.1,0.0,25.06,37.92
2022-02-10 02:00:56,16.78,0.0,0.0,25.47,37.93
2022-02-10 03:00:56,14.76,9.79,0.0,27.73,37.78
2022-02-10 04:00:56,18.74,9.72,0.0,24.65,36.17
2022-02-10 05:00:56,28.09,8.88,0.0,25.06,37.79
2022-02-10 06:00:56,15.89,9.45,0.0,27.93,38.65
2022-02-10 07:00:56,9.88,9.04,0.0,27.32,38.44
2022-02-10 08:00:56,18.33,9.65,0.0,24.44,35.56
2022-02-10 09:00:56,11.56,9.27,0.0,27.11,39.17
2022-02-10 10:00:56,41.26,9.29,0.0,24.65,36.57
2022-02-10 11:00:56,34.26,9.75,0.0,27.32,38.04
2022-02-10 12:00:56,20.32,10.16,0.0,25.06,37.92
2022-02-10 13:00:56,33.38,9.74,0.0,27.52,38.65
2022-02-10 14:00:56,21.9,9.69,0.0,25.26,36.92
2022-02-10 15:00:56,19.23,9.3,0.0,25.47,35.92
2022-02-10 16:00:56,24.23,9.44,0.0,30.4,39.11
2022-02-10 17:00:56,28.62,9.88,0.0,25.68,36.93
2022-02-10 18:00:56,17.24,9.96,0.0,27.73,39.39
2022-02-10 19:00:56,29.05,9.9,0.0,26.91,37.76
2022-02-10 20:00:56,39.65,9.8,0.0,26.09,37.61
2022-02-10 21:00:56,22.29,9.91,0.0,27.32,38.84
2022-02-10 22:00:56,17.97,10.03,0.0,24.44,36.5
2022-02-10 23:00:56,15.58,9.39,0.0,28.14,37.25
2022-02-11 00:00:56,9.54,9.39,0.0,27.11,38.64
2022-02-11 01:00:56,6.53,9.37,0.0,26.5,38.96
2022-02-11 02:00:56,24.92,0.0,0.0,26.5,38.42
2022-02-11 03:00:56,15.38,9.97,0.0,28.35,39.07
2022-02-11 04:00:56,18.45,9.72,0.0,26.29,38.22
2022-02-11 05:00:56,17.44,9.94,0.0,24.85,35.31
2022-02-11 06:00:56,12.53,9.84,0.0,25.47,35.92
2022-02-11 07:00:56,14.19,9.55,0.0,29.58,39.49
2022-02-11 08:00:56,20.7,9.29,0.0,27.11,38.77
2022-02-11 09:00:56,64.86,12.14,0.0,28.14,38.59
2022-02-11 10:00:56,51.97,10.33,0.0,25.68,36.93
2022-02-11 11:00:56,27.33,9.88,0.0,29.78,41.04
2022-02-11 12:00:56,15.52,9.45,0.0,26.5,37.62
2022-02-11 13:00:56,11.07,10.22,0.0,27.93,39.06
2022-02-11 14:00:56,5.53,10.8,0.0,21.77,35.04
2022-02-11 15:00:56,9.47,8.18,0.0,24.24,37.91
2022-02-11 16:00:56,42.64,22.24,0.0,30.19,40.51
2022-02-11 17:00:56,47.92,29.12,0.0,27.52,38.38
2022-02-11 18:00:56,68.4,20.55,0.0,28.35,40.41
2022-02-11 19:00:56,139.0,13.86,0.0,24.65,36.31
2022-02-11 20:00:56,187.64,12.25,0.0,27.32,38.84
2022-02-11 21:00:56,164.76,11.89,0.0,27.11,39.57
2022-02-11 22:00:56,153.99,13.41,0.0,26.09,38.15
2022-02-11 23:00:56,150.14,23.31,0.0,24.24,35.76
2022-02-12 00:00:56,119.49,22.19,0.0,29.99,41.11
2022-02-12 01:00:56,91.96,16.5,0.0,25.47,37.93
2022-02-12 02:00:56,76.35,0.0,0.0,25.26,36.92
2022-02-12 03:00:56,40.21,14.19,0.0,26.91,38.43
2022-02-12 04:00:56,35.7,13.93,0.0,27.32,38.84
2022-02-12 05:00:56,26.23,13.22,0.0,26.29,38.22
2022-02-12 06:00:56,20.35,11.9,0.0,25.47,37.93
2022-02-12 07:00:56,39.44,12.02,0.0,26.29,37.95
2022-02-12 08:00:56,56.72,13.05,0.0,25.68,37.6
2022-02-12 09:00:56,90.27,14.35,0.0,26.09,38.82
2022-02-12 10:00:56,90.09,18.34,0.0,26.7,36.35
2022-02-12 11:00:56,69.69,12.66,0.0,26.91,38.43
2022-02-12 12:00:56,84.04,12.05,0.0,26.29,37.41
2022-02-12 13:00:56,67.92,13.1,0.0,25.68,38.0
2022-02-12 14:00:56,72.67,22.21,0.0,26.29,37.55
2022-02-12 15:00:56,81.47,45.67,0.0,26.91,37.63
2022-02-12 16:00:56,111.46,26.08,0.0,29.78,39.7
2022-02-12 17:00:56,99.13,11.86,0.0,27.52,38.38
2022-02-12 18:00:56,86.75,18.21,0.0,29.17,39.22
2022-02-12 19:00:56,105.83,20.16,0.0,27.93,38.65
2022-02-12 20:00:56,95.96,16.79,0.0,25.47,35.92
2022-02-12 21:00:56,113.15,15.54,0.0,27.32,38.57
2022-02-12 22:00:56,112.72,12.47,0.0,29.37,38.48
2022-02-12 23:00:56,106.75,12.0,0.0,28.14,39.66
2022-02-13 00:00:56,74.45,13.17,0.0,26.7,38.36
2022-02-13 01:00:56,64.17,12.19,0.0,26.09,36.4
2022-02-13 02:00:56,60.84,0.0,0.0,28.35,39.2
2022-02-13 03:00:56,50.25,12.21,0.0,27.11,39.44
2022-02-13 04:00:56,64.44,11.41,0.0,31.22,40.87
2022-02-13 05:00:56,44.92,11.18,0.0,28.96,40.08
2022-02-13 06:00:56,55.35,9.73,0.0,25.47,38.07
2022-02-13 07:00:56,36.8,10.71,0.0,27.93,40.53
2022-02-13 08:00:56,20.82,10.82,0.0,27.11,38.9
2022-02-13 09:00:56,27.25,10.69,0.0,28.14,40.33
2022-02-13 10:00:56,28.42,10.43,0.0,26.7,38.63
2022-02-13 11:00:56,25.56,10.3,0.0,28.55,40.48
2022-02-13 12:00:56,20.35,10.6,0.0,25.47,35.79
2022-02-13 13:00:56,26.39,11.37,0.0,25.68,39.61
2022-02-13 14:00:56,24.01,10.76,0.0,26.29,37.01
2022-02-13 15:00:56,12.64,10.3,0.0,28.76,40.28
2022-02-13 16:00:56,35.33,10.55,0.0,27.11,38.64
2022-02-13 17:00:56,25.77,10.57,0.0,27.11,39.04
2022-02-13 18:00:56,37.08,10.56,0.0,26.7,39.03
2022-02-13 19:00:56,19.94,10.07,0.0,28.14,39.66
2022-02-13 20:00:56,22.02,10.39,0.0,29.37,41.3
2022-02-13 21:00:56,33.0,10.43,0.0,26.7,38.63
2022-02-13 22:00:56,19.21,10.47,0.0,24.65,36.71
2022-02-13 23:00:56,21.73,10.03,0.0,26.91,37.23
2022-02-14 00:00:56,13.53,10.04,0.0,27.11,37.03
2022-02-14 01:00:56,10.81,10.45,0.0,29.17,39.62
2022-02-14 02:00:56,22.23,0.0,0.0,28.14,38.19
2022-02-14 03:00:56,13.8,10.44,0.0,26.5,36.81
2022-02-14 04:00:56,14.95,10.18,0.0,27.11,37.03
2022-02-14 05:00:56,8.35,10.23,0.0,24.03,36.09
2022-02-14 06:00:56,9.58,10.52,0.0,24.65,37.11
2022-02-14 07:00:56,15.44,10.21,0.0,25.06,37.39
2022-02-14 08:00:56,10.47,9.59,0.0,27.52,37.98
2022-02-14 09:00:56,18.28,8.37,0.0,22.8,33.52
2022-02-14 10:00:56,21.99,10.48,0.0,24.24,36.16
2022-02-14 11:00:56,33.44,10.27,0.0,27.52,38.65
2022-02-14 12:00:56,26.17,10.34,0.0,24.44,37.57
2022-02-14 13:00:56,36.4,10.55,0.0,24.03,36.49
2022-02-14 14:00:56,32.58,10.47,0.0,26.7,38.23
2022-02-14 15:00:56,30.27,10.52,0.0,24.65,35.9
2022-02-14 16:00:56,23.85,10.45,0.0,28.35,38.66
2022-02-14 17:00:56,28.66,10.17,0.0,27.93,38.65
2022-02-14 18:00:56,41.82,10.46,0.0,26.91,38.83
2022-02-14 19:00:56,36.44,10.24,0.0,27.93,38.79
2022-02-14 20:00:56,41.8,10.69,0.0,26.5,36.95
2022-02-14 21:00:56,70.01,10.45,0.0,28.14,38.19
2022-02-14 22:00:56,64.47,10.55,0.0,29.58,40.7
2022-02-14 23:00:56,56.45,10.76,0.0,24.44,36.9
2022-02-15 00:00:56,70.5,10.88,0.0,27.73,39.65
2022-02-15 01:00:56,55.18,10.87,0.0,28.35,37.59
2022-02-15 02:00:56,37.95,10.73,0.0,26.5,37.62
2022-02-15 03:00:56,52.35,10.3,0.0,28.55,39.0
2022-02-15 04:00:56,54.72,10.8,0.0,24.44,37.17
2022-02-15 05:00:56,55.43,11.0,0.0,29.37,39.29
2022-02-15 06:00:56,58.8,11.25,0.0,29.78,40.23
2022-02-15 07:00:56,54.16,10.77,0.0,28.55,39.27
2022-02-15 08:00:56,51.32,10.26,0.0,28.55,38.6
2022-02-15 09:00:56,54.7,10.7,0.0,25.68,37.6
2022-02-15 10:00:56,69.9,10.6,0.0,29.99,40.71
2022-02-15 11:00:56,69.47,10.7,0.0,27.11,37.16
2022-02-15 12:00:56,48.21,10.52,0.0,27.93,39.19
2022-02-15 13:00:56,63.61,10.56,0.0,25.88,37.4
2022-02-15 14:00:56,40.9,10.03,0.0,28.55,39.4
2022-02-15 15:00:56,57.55,11.53,0.0,27.73,40.46
2022-02-15 16:00:56,49.98,11.1,0.0,26.09,38.15
2022-02-15 17:00:56,52.57,11.23,0.0,26.91,38.43
2022-02-15 18:00:56,86.06,11.57,0.0,27.52,39.99
2022-02-15 19:00:56,83.38,10.69,0.0,24.85,36.38
2022-02-15 20:00:56,104.62,10.93,0.0,26.91,38.03
2022-02-15 21:00:56,86.8,10.88,0.0,27.11,39.17
2022-02-15 22:00:56,86.35,10.75,0.0,27.52,38.38
2022-02-15 23:00:56,98.59,11.22,0.0,25.06,37.79
2022-02-16 00:00:56,82.08,10.94,0.0,26.09,38.15
2022-02-16 01:00:56,76.53,11.02,0.0,26.5,36.81
2022-02-16 02:00:56,66.46,0.0,0.0,26.5,38.82
2022-02-16 03:00:56,58.89,10.98,0.0,27.11,39.04
2022-02-16 04:00:56,51.94,10.91,0.0,27.32,38.44
2022-02-16 05:00:56,27.82,11.03,0.0,27.93,39.59
2022-02-16 06:00:56,15.26,11.23,0.0,24.44,37.17
2022-02-16 07:00:56,8.35,10.86,0.0,23.21,36.74
2022-02-16 08:00:56,38.51,10.42,0.0,26.29,38.22
2022-02-16 09:00:56,83.65,11.51,0.0,26.91,38.43
2022-02-16 10:00:56,82.33,11.76,0.0,25.47,38.33
2022-02-16 11:00:56,58.96,11.08,0.0,25.47,37.93
2022-02-16 12:00:56,69.34,13.13,0.0,27.11,37.56
2022-02-16 13:00:56,64.18,15.58,0.0,24.24,37.5
2022-02-16 14:00:56,51.8,12.28,0.0,25.47,35.92
2022-02-16 15:00:56,46.2,13.2,0.0,22.18,35.45
2022-02-16 16:00:56,51.84,15.25,0.0,26.7,38.36
2022-02-16 17:00:56,49.4,24.93,0.0,27.11,37.83
2022-02-16 18:00:56,54.48,31.81,0.0,26.91,38.57
2022-02-16 19:00:56,110.67,18.47,0.0,26.5,38.02
2022-02-16 20:00:56,97.41,13.51,0.0,26.09,38.01
2022-02-16 21:00:56,84.15,12.49,0.0,26.09,38.82
2022-02-16 22:00:56,94.93,12.16,0.0,27.73,38.05
2022-02-16 23:00:56,89.54,12.48,0.0,27.93,39.06
2022-02-17 00:00:56,86.77,12.36,0.0,26.09,36.94
2022-02-17 01:00:56,101.26,12.44,0.0,29.37,41.03
2022-02-17 02:00:56,95.61,0.0,0.0,28.76,38.81
2022-02-17 03:00:56,100.87,15.06,0.0,27.73,37.38
2022-02-17 04:00:56,83.53,20.97,0.0,25.47,36.19
2022-02-17 05:00:56,86.18,27.4,0.0,27.52,36.77
2022-02-17 06:00:56,50.65,14.04,0.0,27.73,38.31
2022-02-17 07:00:56,39.36,12.51,0.0,26.29,38.08
2022-02-17 08:00:56,33.27,12.14,0.0,30.19,41.18
2022-02-17 09:00:56,35.24,11.56,0.0,26.7,37.69
2022-02-17 10:00:56,28.17,12.01,0.0,29.37,41.57
2022-02-17 11:00:56,27.38,11.65,0.0,26.7,39.7
2022-02-17 12:00:56,41.99,12.25,0.0,28.14,39.4
2022-02-17 13:00:56,24.28,12.96,0.0,26.5,37.75
2022-02-17 14:00:56,17.84,10.55,0.0,27.52,38.91
2022-02-17 15:00:56,22.52,10.02,0.0,25.47,36.46
2022-02-17 16:00:56,44.36,10.39,0.0,27.11,37.97
2022-02-17 17:00:56,27.6,10.83,0.0,25.47,37.26
2022-02-17 18:00:56,30.77,10.81,0.0,25.06,37.65
2022-02-17 19:00:56,27.8,10.93,0.0,27.11,37.97
2022-02-17 20:00:56,30.56,11.15,0.0,26.91,37.36
2022-02-17 21:00:56,35.29,11.05,0.0,28.14,39.8
2022-02-17 22:00:56,19.21,10.33,0.0,27.11,38.9
2022-02-17 23:00:56,26.91,10.54,0.0,24.85,37.05
2022-02-18 00:00:56,15.74,10.21,0.0,26.5,38.15
2022-02-18 01:00:56,33.52,12.94,0.0,24.44,36.23
2022-02-18 02:00:56,18.33,0.0,0.0,26.5,38.69
2022-02-18 03:00:56,21.0,12.99,0.0,25.68,36.13
2022-02-18 04:00:56,11.9,11.2,0.0,26.09,37.74
2022-02-18 05:00:56,26.6,11.09,0.0,30.4,39.38
2022-02-18 06:00:56,26.12,11.88,0.0,26.5,38.15
2022-02-18 07:00:56,20.71,11.14,0.0,24.85,37.32
2022-02-18 08:00:56,22.54,11.6,0.0,29.37,38.22
2022-02-18 09:00:56,39.46,12.62,0.0,26.7,37.15
2022-02-18 10:00:56,53.04,46.53,0.0,27.32,37.37
2022-02-18 11:00:56,54.68,12.97,0.0,27.32,37.9
2022-02-18 12:00:56,52.41,13.72,0.0,28.14,37.92
2022-02-18 13:00:56,38.23,12.67,0.0,25.68,37.47
2022-02-18 14:00:56,52.69,13.34,0.0,27.52,38.24
2022-02-18 15:00:56,39.74,13.39,0.0,26.09,37.07
2022-02-18 16:00:56,50.9,11.21,0.0,29.58,38.96
2022-02-18 17:00:56,79.58,46.62,0.0,27.52,37.17
2022-02-18 18:00:56,99.83,13.56,0.0,24.44,35.43
2022-02-18 19:00:56,87.57,12.3,0.0,26.91,39.37
2022-02-18 20:00:56,56.82,11.17,0.0,27.73,37.91
2022-02-18 21:00:56,43.59,10.73,0.0,26.91,38.3
2022-02-18 22:00:56,41.68,10.49,0.0,28.96,40.62
2022-02-18 23:00:56,36.16,10.21,0.0,25.47,36.86
2022-02-19 00:00:56,23.81,9.29,0.0,25.06,38.06
2022-02-19 01:00:56,18.76,9.23,0.0,28.96,41.29
2022-02-19 02:00:56,10.88,9.7,0.0,26.09,36.94
2022-02-19 03:00:56,14.24,10.47,0.0,27.93,37.58
2022-02-19 04:00:56,8.52,10.21,0.0,24.65,37.24
2022-02-19 05:00:56,11.32,10.47,0.0,26.91,38.03
2022-02-19 06:00:56,6.63,10.03,0.0,24.65,36.71
2022-02-19 07:00:56,5.78,9.81,0.0,27.32,38.84
2022-02-19 08:00:56,14.31,9.84,0.0,26.29,38.22
2022-02-19 09:00:56,9.75,10.16,0.0,27.11,39.17
2022-02-19 10:00:56,28.21,10.49,0.0,23.62,37.29
2022-02-19 11:00:56,27.15,11.22,0.0,27.93,38.79
2022-02-19 12:00:56,22.49,10.06,0.0,27.93,38.79
2022-02-19 13:00:56,29.39,10.4,0.0,25.47,37.93
2022-02-19 14:00:56,21.95,10.15,0.0,27.11,39.84
2022-02-19 15:00:56,20.26,10.33,0.0,28.14,38.86
2022-02-19 16:00:56,44.25,10.88,0.0,24.65,34.56
2022-02-19 17:00:56,27.93,10.34,0.0,26.5,37.62
2022-02-19 18:00:56,15.9,9.96,0.0,26.91,38.43
2022-02-19 19:00:56,41.95,10.28,0.0,26.7,38.36
2022-02-19 20:00:56,53.19,10.0,0.0,27.73,37.64
2022-02-19 21:00:56,66.45,10.3,0.0,28.14,38.06
2022-02-19 22:00:56,69.36,10.62,0.0,24.85,36.38
2022-02-19 23:00:56,66.4,10.56,0.0,26.29,37.82
2022-02-20 00:00:56,50.57,10.96,0.0,25.68,38.41
2022-02-20 01:00:56,49.68,11.32,0.0,27.11,37.43
2022-02-20 02:00:56,52.92,0.0,0.0,26.7,38.36
2022-02-20 03:00:56,59.84,11.05,0.0,29.17,39.62
2022-02-20 04:00:56,32.98,10.88,0.0,29.17,39.22
2022-02-20 05:00:56,18.91,11.05,0.0,28.14,40.2
2022-02-20 06:00:56,14.04,11.08,0.0,28.96,38.07
2022-02-20 07:00:56,19.74,11.27,0.0,27.52,38.65
2022-02-20 08:00:56,20.77,10.9,0.0,27.52,37.98
2022-02-20 09:00:56,33.55,11.57,0.0,25.68,37.6
2022-02-20 10:00:56,18.4,10.54,0.0,28.14,38.86
2022-02-20 11:00:56,12.21,10.14,0.0,27.73,37.78
2022-02-20 12:00:56,8.2,11.06,0.0,26.5,37.35
2022-02-20 13:00:56,5.22,11.43,0.0,28.76,39.07
2022-02-20 14:00:56,10.61,9.18,0.0,29.17,39.62
2022-02-20 15:00:56,15.34,9.42,0.0,27.11,38.23
2022-02-20 16:00:56,24.23,37.05,0.0,26.91,37.76
2022-02-20 17:00:56,54.36,12.15,0.0,24.65,37.38
2022-02-20 18:00:56,58.37,100.81,0.0,24.85,38.39
2022-02-20 19:00:56,100.04,239.64,0.0,27.32,39.24
2022-02-20 20:00:56,116.05,111.66,0.0,27.32,39.91
2022-02-20 21:00:56,87.13,43.91,0.0,28.14,38.59
2022-02-20 22:00:56,92.99,42.02,0.0,24.24,36.3
2022-02-20 23:00:56,102.5,34.44,0.0,26.29,38.08
2022-02-21 00:00:56,89.51,47.29,0.0,29.58,41.77
2022-02-21 01:00:56,79.28,46.0,0.0,26.09,39.08
2022-02-21 02:00:56,47.89,0.0,0.0,27.93,39.32
2022-02-21 03:00:56,36.43,18.58,0.0,27.11,38.5
2022-02-21 04:00:56,32.42,18.46,0.0,26.91,38.3
2022-02-21 05:00:56,26.31,18.36,0.0,26.29,37.95
2022-02-21 06:00:56,31.83,16.12,0.0,26.09,39.49
2022-02-21 07:00:56,25.67,14.72,0.0,26.91,38.7
2022-02-21 08:00:56,25.57,15.79,0.0,26.5,37.89
2022-02-21 09:00:56,39.12,20.01,0.0,28.55,39.81
2022-02-21 10:00:56,51.69,24.68,0.0,26.29,38.35
2022-02-21 11:00:56,38.88,29.63,0.0,24.65,37.51
2022-02-21 12:00:56,32.12,18.26,0.0,24.65,36.71
2022-02-21 13:00:56,47.65,13.26,0.0,24.44,37.31
2022-02-21 14:00:56,59.05,11.56,0.0,25.47,36.73
2022-02-21 15:00:56,66.03,11.78,0.0,27.11,39.98
2022-02-21 16:00:56,54.14,11.09,0.0,25.26,37.32
2022-02-21 17:00:56,76.62,19.47,0.0,25.88,37.27
2022-02-21 18:00:56,76.36,14.68,0.0,26.91,38.97
2022-02-21 19:00:56,77.13,12.82,0.0,25.88,37.94
2022-02-21 20:00:56,112.39,13.91,0.0,26.5,37.35
2022-02-21 21:00:56,106.54,13.32,0.0,26.5,37.08
2022-02-21 22:00:56,88.11,12.38,0.0,26.09,37.34
2022-02-21 23:00:56,95.79,11.03,0.0,27.52,38.51
2022-02-22 00:00:56,91.64,11.22,0.0,25.47,37.53
2022-02-22 01:00:56,72.63,13.01,0.0,25.47,36.32
2022-02-22 02:00:56,61.34,0.0,0.0,28.35,38.13
2022-02-22 03:00:56,57.01,10.34,0.0,28.76,39.21
2022-02-22 04:00:56,44.15,10.52,0.0,27.32,37.1
2022-02-22 05:00:56,41.47,12.55,0.0,27.11,38.1
2022-02-22 06:00:56,56.95,12.23,0.0,26.7,38.36
2022-02-22 07:00:56,42.46,11.98,0.0,27.32,37.37
2022-02-22 08:00:56,65.1,12.02,0.0,27.93,37.72
2022-02-22 09:00:56,91.74,13.27,0.0,27.32,37.5
2022-02-22 10:00:56,176.8,43.47,0.0,27.93,38.52
2022-02-22 11:00:56,282.49,115.29,0.0,27.93,38.52
2022-02-22 12:00:56,163.14,24.35,0.0,27.73,39.12
2022-02-22 13:00:56,98.01,16.59,0.0,28.14,37.92
2022-02-22 14:00:56,59.5,13.15,0.0,26.5,38.15
2022-02-22 15:00:56,58.06,13.53,0.0,28.35,38.93
2022-02-22 16:00:56,42.65,15.13,0.0,27.73,39.12
2022-02-22 17:00:56,64.87,19.96,0.0,27.93,39.73
2022-02-22 18:00:56,86.69,17.13,0.0,25.26,37.32
2022-02-22 19:00:56,84.02,17.38,0.0,30.19,39.44
2022-02-22 20:00:56,115.03,17.32,0.0,28.14,39.4
2022-02-22 21:00:56,104.21,16.63,0.0,26.7,39.3
2022-02-22 22:00:56,81.0,16.34,0.0,29.58,39.63
2022-02-22 23:00:56,63.66,14.81,0.0,27.32,40.32
2022-02-23 00:00:56,48.64,14.45,0.0,26.29,38.35
2022-02-23 01:00:56,51.49,14.26,0.0,28.35,38.13
2022-02-23 02:00:56,44.23,14.15,0.0,27.11,37.7
2022-02-23 03:00:56,35.54,12.68,0.0,28.14,39.13
2022-02-23 04:00:56,34.46,12.73,0.0,30.81,42.2
2022-02-23 05:00:56,33.86,13.32,0.0,27.11,38.37
2022-02-23 06:00:56,19.73,13.86,0.0,25.47,38.74
2022-02-23 07:00:56,24.08,13.67,0.0,27.52,38.91
2022-02-23 08:00:56,37.11,14.77,0.0,26.7,39.57
2022-02-23 09:00:56,99.0,18.92,0.0,27.73,38.98
2022-02-23 10:00:56,108.24,24.23,0.0,25.88,37.67
2022-02-23 11:00:56,118.23,29.6,0.0,27.73,38.18
2022-02-23 12:00:56,126.5,55.74,0.0,25.06,37.92
2022-02-23 13:00:56,93.94,22.8,0.0,27.73,40.32
2022-02-23 14:00:56,75.94,28.48,0.0,26.29,38.08
2022-02-23 15:00:56,97.6,45.22,0.0,26.91,36.96
2022-02-23 16:00:56,132.24,164.56,0.0,0.0,0.0
2022-02-23 17:00:56,113.09,22.68,0.0,0.0,0.0
2022-02-23 18:00:56,98.85,16.33,0.0,0.0,0.0
2022-02-23 19:00:56,95.09,16.31,237.47,72.1,78.53
2022-02-23 20:00:56,91.38,15.6,226.0,53.2,57.35
2022-02-23 21:00:56,99.58,15.0,215.94,68.4,84.48
2022-02-23 22:00:56,77.22,14.17,173.71,50.94,61.93
2022-02-23 23:00:56,81.76,13.49,146.65,52.38,65.91
2022-02-24 00:00:56,100.55,13.72,175.89,39.03,45.59
2022-02-24 01:00:56,72.42,13.42,203.88,29.58,37.75
2022-02-24 02:00:56,91.28,0.0,186.31,26.09,30.78
2022-02-24 03:00:56,67.0,12.74,149.14,20.13,25.09
2022-02-24 04:00:56,63.87,11.85,202.89,19.72,24.94
2022-02-24 05:00:56,58.85,11.5,85.73,26.09,32.79
2022-02-24 06:00:56,47.67,11.05,74.68,23.83,27.85
2022-02-24 07:00:56,70.08,11.94,30.73,28.55,35.79
2022-02-24 08:00:56,78.38,13.31,96.55,24.65,30.81
2022-02-24 09:00:56,82.41,12.26,87.26,34.1,42.94
2022-02-24 10:00:56,63.98,12.01,47.23,23.83,32.54
2022-02-24 11:00:56,47.49,11.65,45.64,33.07,45.13
2022-02-24 12:00:56,49.53,11.73,43.66,27.32,35.22
2022-02-24 13:00:56,47.99,12.83,50.99,34.3,47.43
2022-02-24 14:00:56,38.09,13.96,0.0,34.71,53.61
2022-02-24 15:00:56,58.39,15.77,49.3,26.09,32.65
2022-02-24 16:00:56,84.14,18.01,0.0,27.93,33.43
2022-02-24 17:00:56,51.88,29.8,0.0,52.58,74.69
2022-02-24 18:00:56,55.02,25.25,0.0,61.0,74.27
2022-02-24 19:00:56,38.37,16.43,0.0,45.39,50.75
2022-02-24 20:00:56,31.56,14.34,0.0,34.1,38.52
2022-02-24 21:00:56,34.31,13.01,0.0,28.35,32.23
2022-02-24 22:00:56,34.86,12.32,0.0,29.78,35.14
2022-02-24 23:00:56,35.0,12.46,0.0,27.32,32.68
2022-02-25 00:00:56,31.21,12.19,0.0,17.87,21.35
2022-02-25 01:00:56,32.55,12.11,0.0,19.1,21.65
2022-02-25 02:00:56,41.02,0.0,0.0,18.69,24.19
2022-02-25 03:00:56,57.04,0.0,0.0,12.53,15.34
2022-02-25 04:00:56,63.85,0.0,0.0,12.32,14.47
2022-02-25 05:00:56,54.82,0.0,0.0,13.97,17.05
2022-02-25 06:00:56,40.95,0.0,0.0,13.15,15.56
2022-02-25 07:00:56,39.2,0.0,0.0,12.94,15.75
2022-02-25 08:00:56,34.72,0.0,0.0,16.64,21.06
2022-02-25 09:00:56,30.72,0.0,0.0,22.8,27.49
2022-02-25 10:00:56,26.22,0.0,0.0,22.8,28.43
2022-02-25 11:00:56,34.65,0.0,0.0,30.6,49.77
2022-02-25 12:00:56,44.5,0.0,0.0,21.16,30.0
2022-02-25 13:00:56,69.87,0.0,29.84,21.98,33.1
2022-02-25 14:00:56,44.85,0.0,0.0,23.42,33.73
2022-02-25 15:00:56,34.56,0.0,0.0,41.49,50.74
2022-02-25 16:00:56,22.58,3.2,0.0,38.2,41.96
2022-02-25 17:00:56,37.32,4.25,0.0,29.17,34.93
2022-02-25 18:00:56,24.03,4.33,0.0,28.35,33.97
2022-02-25 19:00:56,22.47,4.16,0.0,27.32,34.02
2022-02-25 20:00:56,22.56,4.44,0.0,43.13,62.83
2022-02-25 21:00:56,28.15,4.56,292.74,41.08,54.48
2022-02-25 22:00:56,29.4,4.08,283.5,38.62,53.49
2022-02-25 23:00:56,48.46,4.28,310.72,26.29,39.83
2022-02-26 00:00:56,33.07,5.19,171.79,20.54,28.71
2022-02-26 01:00:56,32.42,4.29,0.0,24.44,33.96
2022-02-26 02:00:56,32.15,0.0,73.68,19.92,25.02
2022-02-26 03:00:56,18.07,4.59,36.89,22.8,26.15
2022-02-26 04:00:56,18.1,4.45,0.0,20.75,23.83
2022-02-26 05:00:56,10.96,4.54,0.0,18.9,21.84
2022-02-26 06:00:56,18.06,4.66,0.0,18.08,20.62
2022-02-26 07:00:56,15.35,4.25,0.0,16.64,19.32
2022-02-26 08:00:56,32.95,4.12,0.0,17.66,21.01
2022-02-26 09:00:56,33.19,3.96,0.0,26.5,32.53
2022-02-26 10:00:56,26.41,3.42,0.0,26.7,31.53
2022-02-26 11:00:56,31.24,2.49,0.0,25.88,31.11
2022-02-26 12:00:56,23.0,3.27,0.0,27.93,33.43
2022-02-26 13:00:56,33.11,4.77,0.0,23.21,28.97
2022-02-26 14:00:56,37.33,4.76,0.0,28.14,33.77
2022-02-26 15:00:56,24.38,3.75,0.0,27.11,32.07
2022-02-26 16:00:56,45.51,3.43,0.0,26.29,30.71
2022-02-26 17:00:56,30.78,3.58,0.0,25.68,29.43
2022-02-26 18:00:56,28.89,3.61,0.0,29.17,33.59
2022-02-26 19:00:56,20.28,2.77,0.0,25.88,29.36
2022-02-26 20:00:56,32.77,3.2,0.0,31.43,34.37
2022-02-26 21:00:56,27.38,3.37,54.2,30.6,34.36
2022-02-26 22:00:56,39.52,3.22,162.24,27.32,31.47
2022-02-26 23:00:56,44.82,2.88,129.52,28.76,31.7
2022-02-27 00:00:56,39.63,2.58,64.51,25.47,28.55
2022-02-27 01:00:56,38.33,2.91,54.29,25.88,29.5
2022-02-27 02:00:56,21.67,0.0,116.88,18.69,20.84
2022-02-27 03:00:56,35.4,2.66,99.28,38.0,48.18
2022-02-27 04:00:56,31.96,3.06,69.14,18.28,20.69
2022-02-27 05:00:56,22.25,2.87,25.38,17.05,25.62
2022-02-27 06:00:56,16.73,2.96,38.55,22.18,25.53
2022-02-27 07:00:56,26.49,2.71,18.35,21.98,29.48
2022-02-27 08:00:56,31.9,2.83,69.36,26.91,52.9
2022-02-27 09:00:56,39.63,3.0,144.97,34.92,73.78
2022-02-27 10:00:56,27.77,3.21,77.45,17.46,24.02
2022-02-27 11:00:56,26.06,3.64,49.75,13.56,17.71
2022-02-27 12:00:56,35.81,3.13,0.0,20.13,24.69
2022-02-27 13:00:56,29.93,3.04,42.46,18.08,21.96
2022-02-27 14:00:56,17.37,4.03,45.51,19.1,23.26
2022-02-27 15:00:56,41.94,4.21,50.09,19.72,22.93
2022-02-27 16:00:56,30.44,3.97,29.1,19.72,23.34
2022-02-27 17:00:56,42.17,4.03,0.0,17.05,20.26
2022-02-27 18:00:56,51.87,3.83,51.72,18.49,21.57
2022-02-27 19:00:56,49.77,3.31,84.33,28.76,33.18
2022-02-27 20:00:56,48.53,3.21,86.48,23.0,27.56
2022-02-27 21:00:56,51.61,3.17,139.04,29.17,34.26
2022-02-27 22:00:56,42.66,3.21,204.76,24.03,27.92
2022-02-27 23:00:56,50.72,3.14,387.62,25.88,30.03
2022-02-28 00:00:56,46.75,3.3,296.14,24.03,27.92
2022-02-28 01:00:56,47.59,3.27,172.99,23.83,27.31
2022-02-28 02:00:56,48.8,0.0,177.98,22.39,27.21
2022-02-28 03:00:56,37.83,3.47,170.51,35.33,45.38
2022-02-28 04:00:56,37.95,3.58,160.93,17.87,21.22
2022-02-28 05:00:56,37.04,3.73,80.38,12.94,16.42
2022-02-28 06:00:56,32.26,3.53,74.49,21.77,25.52
2022-02-28 07:00:56,30.44,3.27,62.76,16.64,21.06
2022-02-28 08:00:56,31.09,3.57,101.04,23.0,41.36
2022-02-28 09:00:56,41.38,2.78,149.43,19.1,29.69
2022-02-28 10:00:56,39.66,3.44,134.25,19.51,30.1
2022-02-28 11:00:56,41.85,3.7,102.7,19.1,26.61
2022-02-28 12:00:56,54.09,4.3,208.96,38.41,62.66
2022-02-28 13:00:56,70.04,6.0,205.77,30.6,48.69
2022-02-28 14:00:56,59.27,7.64,146.69,29.17,43.77
2022-02-28 15:00:56,95.53,93.32,175.08,48.27,69.84
2022-02-28 16:00:56,103.61,10.24,158.64,30.4,42.46
2022-02-28 17:00:56,66.36,4.74,100.64,36.56,44.47
2022-02-28 18:00:56,75.64,4.95,49.33,34.1,39.32
2022-02-28 19:00:56,50.9,4.45,0.0,65.11,79.58
2022-02-28 20:00:56,47.98,5.46,0.0,35.95,40.23
2022-02-28 21:00:56,39.33,10.86,0.0,33.89,38.85
2022-02-28 22:00:56,30.69,4.66,124.25,34.92,39.21
2022-02-28 23:00:56,40.54,4.27,90.77,23.0,25.95
2022-03-01 00:00:56,53.35,3.55,114.68,30.4,35.63
2022-03-01 01:00:56,34.95,2.97,0.0,25.88,28.83
2022-03-01 02:00:56,25.47,0.0,0.0,21.36,24.04
2022-03-01 03:00:56,13.28,3.01,0.0,0.0,0.0
2022-03-01 04:00:56,9.19,3.12,0.0,18.69,20.57
2022-03-01 05:00:56,16.83,2.34,0.0,17.05,19.33
2022-03-01 06:00:56,12.36,2.21,0.0,15.61,18.02
2022-03-01 07:00:56,18.25,2.26,0.0,19.51,22.06
2022-03-01 08:00:56,20.11,2.45,0.0,33.89,42.87
2022-03-01 09:00:56,22.2,2.52,0.0,28.35,33.04
2022-03-01 10:00:56,17.83,2.34,0.0,19.72,22.13
2022-03-01 11:00:56,16.99,3.4,0.0,20.13,22.68
2022-03-01 12:00:56,17.84,3.18,0.0,20.95,25.64
2022-03-01 13:00:56,14.78,3.22,0.0,21.57,25.99
2022-03-01 14:00:56,10.47,3.77,0.0,20.33,26.63
2022-03-01 15:00:56,16.42,3.65,0.0,19.1,22.85
2022-03-01 16:00:56,10.13,3.45,0.0,22.8,28.56
2022-03-01 17:00:56,22.21,0.0,0.0,24.85,31.55
2022-03-01 18:00:56,29.78,3.0,0.0,17.87,21.35
2022-03-01 19:00:56,23.52,2.79,0.0,22.59,26.21
2022-03-01 20:00:56,28.45,3.2,0.0,22.18,26.07
2022-03-01 21:00:56,22.69,3.27,0.0,17.05,20.13
2022-03-01 22:00:56,18.57,3.28,0.0,18.49,21.17
2022-03-01 23:00:56,10.81,2.98,0.0,13.15,15.29
2022-03-02 00:00:56,27.45,3.23,0.0,32.25,35.87
2022-03-02 01:00:56,25.06,2.1,0.0,18.28,21.23
2022-03-02 02:00:56,14.43,0.0,0.0,34.3,39.53
2022-03-02 03:00:56,9.77,2.98,0.0,38.62,42.64
2022-03-02 04:00:56,4.88,2.65,0.0,21.77,25.39
2022-03-02 05:00:56,8.57,3.22,0.0,16.23,19.17
2022-03-02 06:00:56,25.27,2.79,0.0,23.0,25.42
2022-03-02 07:00:56,14.38,2.91,0.0,44.57,55.02
2022-03-02 08:00:56,23.26,3.09,0.0,46.01,60.35
2022-03-02 09:00:56,33.4,3.45,0.0,49.09,65.84
2022-03-02 10:00:56,39.62,3.32,0.0,45.8,62.55
2022-03-02 11:00:56,31.51,3.35,0.0,33.07,44.73
2022-03-02 12:00:56,23.99,3.82,0.0,33.69,42.13
2022-03-02 13:00:56,22.99,3.47,0.0,32.45,39.82
2022-03-02 14:00:56,19.87,3.88,0.0,21.57,27.6
2022-03-02 15:00:56,20.39,3.82,0.0,30.19,35.82
2022-03-02 16:00:56,11.32,3.37,0.0,29.17,34.53
2022-03-02 17:00:56,11.75,2.84,0.0,26.5,32.93
2022-03-02 18:00:56,12.27,3.64,0.0,28.35,33.44
2022-03-02 19:00:56,7.86,3.52,0.0,49.91,66.39
2022-03-02 20:00:56,11.57,3.59,0.0,33.07,40.57
2022-03-02 21:00:56,11.2,3.53,0.0,29.78,34.87
2022-03-02 22:00:56,17.24,2.7,0.0,25.47,28.69
2022-03-02 23:00:56,11.2,2.49,0.0,23.62,26.7
2022-03-03 00:00:56,13.56,3.32,0.0,17.46,19.6
2022-03-03 01:00:56,8.84,3.6,0.0,13.15,15.42
2022-03-03 02:00:56,5.43,0.0,0.0,18.28,21.23
2022-03-03 03:00:56,4.16,0.0,0.0,17.25,20.07
2022-03-03 04:00:56,3.28,0.0,0.0,16.23,18.64
2022-03-03 05:00:56,3.3,0.0,0.0,14.38,17.73
2022-03-03 06:00:56,3.05,0.0,0.0,15.4,17.95
2022-03-03 07:00:56,2.69,0.0,0.0,10.06,12.21
2022-03-03 08:00:56,8.94,0.0,0.0,15.61,19.09
2022-03-03 09:00:56,4.47,0.0,0.0,23.62,28.58
2022-03-03 10:00:56,4.66,0.0,0.0,25.06,29.61
2022-03-03 11:00:56,13.03,0.0,0.0,27.73,33.76
2022-03-03 12:00:56,29.66,0.0,0.0,30.4,37.77
2022-03-03 13:00:56,28.07,0.0,0.0,33.48,39.38
2022-03-03 14:00:56,23.74,0.0,0.0,33.07,39.1
2022-03-03 15:00:56,13.78,0.0,0.0,27.73,34.56
2022-03-03 16:00:56,14.04,0.0,0.0,41.08,47.38
2022-03-03 17:00:56,20.19,3.79,0.0,64.66,71.2
2022-03-03 18:00:56,11.24,7.77,501.96,38.02,40.98
2022-03-03 19:00:56,13.09,7.68,575.7,54.72,62.13
2022-03-03 20:00:56,16.06,7.23,611.17,40.44,44.81
2022-03-03 21:00:56,27.85,7.51,562.03,51.62,78.47
2022-03-03 22:00:56,25.01,7.44,706.36,44.47,57.82
2022-03-03 23:00:56,19.05,7.65,713.99,52.77,107.69
2022-03-04 00:00:56,25.2,7.78,766.12,38.72,53.65
2022-03-04 01:00:56,16.91,7.93,744.26,36.87,48.82
2022-03-04 02:00:56,10.34,0.0,696.91,23.46,30.71
2022-03-04 03:00:56,11.71,7.78,626.73,25.1,30.51
2022-03-04 04:00:56,7.69,7.89,550.67,21.24,24.47
2022-03-04 05:00:56,6.63,7.59,521.02,15.49,17.5
2022-03-04 06:00:56,20.13,7.16,483.26,11.24,13.16
2022-03-04 07:00:56,11.52,7.09,434.12,18.67,21.47
2022-03-04 08:00:56,13.84,7.07,434.1,13.54,17.48
2022-03-04 09:00:56,12.17,7.3,444.55,16.08,21.42
2022-03-04 10:00:56,6.77,6.9,411.93,10.17,12.7
2022-03-04 11:00:56,6.28,6.83,404.5,10.56,12.84
2022-03-04 12:00:56,4.84,6.35,353.93,3.94,5.26
2022-03-04 13:00:56,3.21,7.19,298.14,7.13,9.14
2022-03-04 14:00:56,3.66,7.71,350.77,11.79,15.19
2022-03-04 15:00:56,7.55,7.24,359.63,13.47,17.94
2022-03-04 16:00:56,55.52,5.94,360.77,15.73,18.63
2022-03-04 17:00:56,35.63,6.16,397.3,22.39,28.08
2022-03-04 18:00:56,34.44,5.79,423.17,27.42,32.15
2022-03-04 19:00:56,44.01,6.0,567.29,27.61,32.86
2022-03-04 20:00:56,30.67,5.83,601.05,36.42,41.67
2022-03-04 21:00:56,39.23,6.21,568.69,28.67,33.06
2022-03-04 22:00:56,40.71,5.83,648.2,24.69,27.49
2022-03-04 23:00:56,32.39,5.84,543.34,19.23,21.33
2022-03-05 00:00:56,27.51,7.21,535.59,26.04,31.3
2022-03-05 01:00:56,33.58,7.23,560.97,20.79,24.63
2022-03-05 02:00:56,25.78,0.0,550.67,0.0,0.0
2022-03-05 03:00:56,24.36,6.97,481.17,14.54,16.99
2022-03-05 04:00:56,21.88,7.2,494.24,17.42,20.04
2022-03-05 05:00:56,27.85,7.11,483.75,17.79,21.46
2022-03-05 06:00:56,26.75,7.06,489.52,0.0,0.0
2022-03-05 07:00:56,22.16,6.31,493.33,19.02,23.83
2022-03-05 08:00:56,36.25,7.06,523.37,47.55,76.0
2022-03-05 09:00:56,26.65,6.98,422.31,18.03,21.28
2022-03-05 10:00:56,22.31,6.87,397.1,17.15,19.78
2022-03-05 11:00:56,13.9,6.6,372.28,15.53,17.63
2022-03-05 12:00:56,9.79,5.37,394.33,14.73,17.45
2022-03-05 13:00:56,10.2,7.27,389.87,15.16,17.78
2022-03-05 14:00:56,37.68,10.76,426.43,18.92,22.33
2022-03-05 15:00:56,37.98,7.16,393.94,16.99,19.34
2022-03-05 16:00:56,41.43,7.79,379.28,19.88,22.95
2022-03-05 17:00:56,41.08,6.15,400.05,19.64,23.05
2022-03-05 18:00:56,41.76,6.51,461.12,25.78,29.37
2022-03-05 19:00:56,45.41,6.19,512.22,31.49,35.25
2022-03-05 20:00:56,40.71,6.46,538.91,56.22,69.28
2022-03-05 21:00:56,56.16,5.68,540.67,43.18,47.21
2022-03-05 22:00:56,50.01,3.15,525.39,36.19,43.21
2022-03-05 23:00:56,60.81,5.53,512.92,20.64,22.4
2022-03-06 00:00:56,58.08,5.26,467.58,19.25,21.35
2022-03-06 01:00:56,38.74,5.43,517.5,49.95,64.43
2022-03-06 02:00:56,59.01,0.0,559.93,36.09,42.48
2022-03-06 03:00:56,51.55,7.83,584.37,28.69,33.17
2022-03-06 04:00:56,33.28,6.92,569.12,20.29,23.01
2022-03-06 05:00:56,33.67,6.79,537.65,21.55,24.09
2022-03-06 06:00:56,43.2,6.63,479.28,0.0,0.0
2022-03-06 07:00:56,27.84,6.62,478.47,16.31,19.03
2022-03-06 08:00:56,39.5,6.5,529.53,44.84,80.43
2022-03-06 09:00:56,36.14,5.79,557.03,24.65,28.51
2022-03-06 10:00:56,49.42,7.81,496.41,20.56,24.77
2022-03-06 11:00:56,31.52,6.73,480.0,29.41,35.63
2022-03-06 12:00:56,33.31,6.54,486.09,20.48,23.81
2022-03-06 13:00:56,47.39,6.29,463.19,17.97,20.34
2022-03-06 14:00:56,39.44,0.0,548.46,22.41,26.79
2022-03-06 15:00:56,67.79,7.66,520.79,20.09,23.95
2022-03-06 16:00:56,47.36,0.0,474.49,19.31,22.28
2022-03-06 17:00:56,45.71,7.76,477.0,20.56,24.85
2022-03-06 18:00:56,27.99,7.55,514.41,17.36,20.85
2022-03-06 19:00:56,49.26,6.93,564.23,0.0,0.0
2022-03-06 20:00:56,39.23,7.61,545.13,28.14,34.53
2022-03-06 21:00:56,50.26,7.5,598.28,32.12,35.54
2022-03-06 22:00:56,38.53,7.2,487.59,24.77,27.05
2022-03-06 23:00:56,47.18,6.64,538.46,41.86,47.73
2022-03-07 00:00:56,40.67,6.82,499.78,45.15,48.3
2022-03-07 01:00:56,39.03,7.08,620.57,25.72,29.13
2022-03-07 02:00:56,47.97,0.0,599.49,24.94,27.56
2022-03-07 03:00:56,40.76,7.11,604.74,36.31,39.29
2022-03-07 04:00:56,48.07,6.9,597.3,18.88,22.12
2022-03-07 05:00:56,42.29,7.19,514.73,22.45,25.95
2022-03-07 06:00:56,22.61,7.12,523.5,18.18,21.76
2022-03-07 07:00:56,36.44,7.3,551.26,20.27,24.99
2022-03-07 08:00:56,46.94,7.38,597.27,27.71,52.1
2022-03-07 09:00:56,54.06,7.73,610.85,34.96,58.21
2022-03-07 10:00:56,54.81,7.67,583.19,27.11,43.54
2022-03-07 11:00:56,36.31,7.61,550.77,24.48,33.92
2022-03-07 12:00:56,31.28,8.19,529.49,28.53,37.51
2022-03-07 13:00:56,35.75,6.03,503.1,21.57,25.24
2022-03-07 14:00:56,46.67,5.04,492.26,26.21,29.69
2022-03-07 15:00:56,45.52,7.07,471.87,20.72,23.16
2022-03-07 16:00:56,42.99,7.08,468.37,29.76,36.9
2022-03-07 17:00:56,62.47,7.58,490.07,26.89,31.94
2022-03-07 18:00:56,65.27,7.24,518.61,23.83,29.32
2022-03-07 19:00:56,57.12,6.99,551.55,35.92,43.78
2022-03-07 20:00:56,62.47,7.11,518.96,27.65,31.48
2022-03-07 21:00:56,48.85,7.38,505.35,23.23,26.63
2022-03-07 22:00:56,37.93,7.34,472.54,21.88,25.9
2022-03-07 23:00:56,38.65,7.42,489.06,23.35,26.49
2022-03-08 00:00:56,39.42,6.89,474.1,20.99,24.57
2022-03-08 01:00:56,24.1,6.42,438.32,20.77,23.38
2022-03-08 02:00:56,32.34,0.0,411.54,17.36,19.8
2022-03-08 03:00:56,17.72,6.32,400.0,10.93,12.76
2022-03-08 04:00:56,27.99,6.19,352.82,10.52,12.43
2022-03-08 05:00:56,15.58,6.33,349.4,10.64,12.38
2022-03-08 06:00:56,10.26,5.74,381.72,12.9,16.05
2022-03-08 07:00:56,14.1,6.05,377.98,14.3,17.18
2022-03-08 08:00:56,10.47,5.95,377.49,43.61,47.97
2022-03-08 09:00:56,6.88,7.57,410.14,21.98,26.79
2022-03-08 10:00:56,22.78,6.05,397.23,31.61,37.56
2022-03-08 11:00:56,12.98,6.77,385.44,28.39,33.12
2022-03-08 12:00:56,18.46,6.83,401.14,26.07,30.26
2022-03-08 13:00:56,23.71,7.28,435.25,26.29,29.96
2022-03-08 14:00:56,20.18,6.66,406.62,25.59,29.26
2022-03-08 15:00:56,22.35,6.55,415.81,24.18,28.12
2022-03-08 16:00:56,20.98,7.02,451.42,25.35,29.46
2022-03-08 17:00:56,32.57,7.42,462.6,25.82,30.46
2022-03-08 18:00:56,17.72,7.33,481.33,26.56,31.46
2022-03-08 19:00:56,32.88,7.19,530.76,28.22,32.86
2022-03-08 20:00:56,25.53,6.97,586.97,34.4,41.49
2022-03-08 21:00:56,44.07,6.83,569.44,27.63,32.17
2022-03-08 22:00:56,23.05,7.05,607.01,36.66,40.78
2022-03-08 23:00:56,16.51,7.55,495.8,21.09,23.8
2022-03-09 00:00:56,10.78,7.32,438.03,17.93,20.21
2022-03-09 01:00:56,10.81,7.74,408.74,23.74,26.28
2022-03-09 02:00:56,5.97,0.0,417.08,14.54,17.33
2022-03-09 03:00:56,19.33,6.72,407.08,13.54,16.15
2022-03-09 04:00:56,12.36,7.54,424.74,15.73,17.74
2022-03-09 05:00:56,16.38,7.51,386.58,9.16,10.21
2022-03-09 06:00:56,10.86,7.3,281.34,5.71,7.72
2022-03-09 07:00:56,6.02,6.89,276.97,20.07,22.77
2022-03-09 08:00:56,9.64,7.05,343.47,27.54,33.05
2022-03-09 09:00:56,24.3,7.16,383.71,26.87,31.14
2022-03-09 10:00:56,17.77,7.05,403.1,29.99,35.67
2022-03-09 11:00:56,13.3,6.85,410.27,33.11,38.87
2022-03-09 12:00:56,22.56,7.34,415.42,33.58,38.47
2022-03-09 13:00:56,26.89,7.26,417.18,31.8,35.72
2022-03-09 14:00:56,15.47,6.61,407.69,30.52,34.1
2022-03-09 15:00:56,16.01,6.87,433.44,29.72,34.17
2022-03-09 16:00:56,13.25,6.96,420.73,0.0,0.0
2022-03-09 17:00:56,16.65,0.0,414.99,31.39,35.06
2022-03-09 18:00:56,9.05,6.78,405.02,48.99,57.72
2022-03-09 19:00:56,24.04,7.01,428.03,33.09,36.68
2022-03-09 20:00:56,18.31,6.72,444.64,27.09,29.97
2022-03-09 21:00:56,15.41,7.39,448.39,38.39,43.99
2022-03-09 22:00:56,23.39,7.2,554.71,23.7,27.11
2022-03-09 23:00:56,21.36,6.57,462.57,23.72,27.14
2022-03-10 00:00:56,13.45,6.73,443.44,23.09,25.89
2022-03-10 01:00:56,20.13,7.04,400.1,21.16,22.91
2022-03-10 02:00:56,12.23,0.0,340.11,17.79,19.89
2022-03-10 03:00:56,8.94,7.59,347.38,13.06,14.9
2022-03-10 04:00:56,6.86,7.24,289.54,11.77,13.43
2022-03-10 05:00:56,8.57,6.64,291.37,12.73,15.54
2022-03-10 06:00:56,6.42,6.67,331.19,14.01,16.81
2022-03-10 07:00:56,3.96,6.64,312.87,14.56,17.27
2022-03-10 08:00:56,4.65,6.72,366.99,30.21,38.43
2022-03-10 09:00:56,11.79,7.41,388.18,24.2,28.31
2022-03-10 10:00:56,19.21,7.17,357.71,33.17,41.39
2022-03-10 11:00:56,14.88,7.51,389.66,50.14,57.48
2022-03-10 12:00:56,15.9,7.4,372.86,30.58,36.36
2022-03-10 13:00:56,18.49,5.76,374.36,0.0,0.0
2022-03-10 14:00:56,16.9,8.02,0.0,0.0,0.0
2022-03-10 15:00:56,9.53,7.74,310.17,28.35,31.75
2022-03-10 16:00:56,19.9,6.95,342.36,28.67,32.52
2022-03-10 17:00:56,19.71,7.22,329.05,27.34,30.05
2022-03-10 18:00:56,16.45,7.2,393.82,26.6,29.31
2022-03-10 19:00:56,23.75,7.34,392.71,0.0,0.0
2022-03-10 20:00:56,28.99,6.83,432.36,28.24,31.74
2022-03-10 21:00:56,25.76,7.25,457.39,26.66,29.72
2022-03-10 22:00:56,30.71,7.37,465.83,23.7,26.93
2022-03-10 23:00:56,17.84,6.92,456.41,23.76,26.47
2022-03-11 00:00:56,10.97,6.66,444.19,23.62,26.25
2022-03-11 01:00:56,18.45,6.44,432.72,22.37,25.07
2022-03-11 02:00:56,11.44,0.0,407.27,20.68,23.83
2022-03-11 03:00:56,8.68,7.27,382.44,18.38,21.26
2022-03-11 04:00:56,5.19,7.0,335.55,11.83,14.36
2022-03-11 05:00:56,3.86,7.19,312.87,19.7,21.53
2022-03-11 06:00:56,10.85,7.68,290.72,13.99,16.69
2022-03-11 07:00:56,14.29,7.35,307.47,31.73,33.74
2022-03-11 08:00:56,9.68,7.57,327.67,18.4,24.69
2022-03-11 09:00:56,27.34,15.7,311.76,16.31,19.71
2022-03-11 10:00:56,22.54,14.75,328.38,13.99,16.61
2022-03-11 11:00:56,25.26,11.24,384.49,13.45,22.73
2022-03-11 12:00:56,25.76,14.18,430.73,19.99,27.95
2022-03-11 13:00:56,14.26,12.16,405.32,14.3,17.18
2022-03-11 14:00:56,29.53,7.78,345.2,23.72,28.71
2022-03-11 15:00:56,40.66,7.73,377.02,37.49,43.88
2022-03-11 16:00:56,35.36,7.2,392.6,19.82,22.62
2022-03-11 17:00:56,47.1,6.67,369.67,31.08,35.81
2022-03-11 18:00:56,41.57,7.04,355.36,42.68,51.35
2022-03-11 19:00:56,36.87,6.81,355.43,22.24,24.52
2022-03-11 20:00:56,42.21,6.92,379.63,25.8,31.49
2022-03-11 21:00:56,21.9,6.58,331.2,14.95,16.88
2022-03-11 22:00:56,16.84,6.47,312.78,16.97,20.65
2022-03-11 23:00:56,17.89,6.2,357.94,17.6,20.5
2022-03-12 00:00:56,19.53,6.34,428.03,19.02,21.47
2022-03-12 01:00:56,23.06,6.02,421.38,21.26,23.36
2022-03-12 02:00:56,19.4,0.0,369.77,17.32,19.86
2022-03-12 03:00:56,23.98,5.83,378.52,13.84,15.77
2022-03-12 04:00:56,12.86,5.78,349.3,13.68,15.44
2022-03-12 05:00:56,8.32,5.61,344.19,0.0,0.0
2022-03-12 06:00:56,6.5,5.83,311.54,11.17,13.45
2022-03-12 07:00:56,7.34,5.64,317.24,10.66,11.97
2022-03-12 08:00:56,21.27,5.8,313.04,11.03,13.23
2022-03-12 09:00:56,11.87,5.45,297.04,10.5,11.55
2022-03-12 10:00:56,11.55,5.35,302.9,8.32,10.6
2022-03-12 11:00:56,10.15,3.56,276.18,25.7,35.97
2022-03-12 12:00:56,13.5,4.75,294.59,7.02,9.13
2022-03-12 13:00:56,15.86,5.23,324.96,0.0,0.0
2022-03-12 14:00:56,20.76,5.92,314.61,10.68,13.75
2022-03-12 15:00:56,27.47,5.58,297.56,12.04,14.41
2022-03-12 16:00:56,18.16,5.38,306.81,12.2,14.75
2022-03-12 17:00:56,14.72,5.57,294.11,0.0,0.0
2022-03-12 18:00:56,31.59,5.39,308.54,15.06,17.7
2022-03-12 19:00:56,35.48,5.52,310.88,17.32,19.69
2022-03-12 20:00:56,24.96,5.22,323.17,19.18,21.73
2022-03-12 21:00:56,29.38,6.15,347.97,18.3,20.4
2022-03-12 22:00:56,29.97,5.58,347.06,18.81,22.06
2022-03-12 23:00:56,24.57,5.94,391.92,24.32,26.96
2022-03-13 00:00:56,15.31,5.62,382.05,22.55,24.83
2022-03-13 01:00:56,8.32,5.83,382.05,20.75,23.29
2022-03-13 02:00:56,4.9,0.0,374.82,19.35,22.42
2022-03-13 03:00:56,15.25,5.12,369.47,16.58,18.68
2022-03-13 04:00:56,9.12,5.73,358.59,13.64,16.53
2022-03-13 05:00:56,7.57,0.0,354.39,13.21,15.85
2022-03-13 06:00:56,4.73,6.19,346.82,11.61,14.15
2022-03-13 07:00:56,3.06,5.9,343.07,11.01,13.11
2022-03-13 08:00:56,13.16,5.71,342.13,11.75,14.12
2022-03-13 09:00:56,9.21,5.82,339.01,11.3,13.49
2022-03-13 10:00:56,10.18,5.14,311.31,13.02,15.3
2022-03-13 11:00:56,10.54,5.46,326.85,12.49,14.95
2022-03-13 12:00:56,20.95,5.36,311.08,12.67,15.58
2022-03-13 13:00:56,12.01,5.31,307.74,10.27,13.53
2022-03-13 14:00:56,6.87,5.02,301.8,12.32,14.7
2022-03-13 15:00:56,24.46,5.4,301.01,14.42,17.85
2022-03-13 16:00:56,29.34,3.18,290.0,13.31,15.51
2022-03-13 17:00:56,30.79,4.67,287.78,0.0,0.0
2022-03-13 18:00:56,43.69,0.0,303.14,13.0,14.85
2022-03-13 19:00:56,52.5,0.0,327.83,12.94,15.75
2022-03-13 20:00:56,53.87,5.64,319.0,17.07,19.44
2022-03-13 21:00:56,37.35,5.7,352.11,20.07,22.53
2022-03-13 22:00:56,39.6,5.48,354.29,18.98,21.79
2022-03-13 23:00:56,21.98,5.59,363.15,19.53,22.17
2022-03-14 00:00:56,14.14,5.3,353.88,18.92,21.21
2022-03-14 01:00:56,14.4,4.9,347.38,16.23,18.77
2022-03-14 02:00:56,12.1,0.0,340.73,15.32,17.44
2022-03-14 03:00:56,21.59,5.26,341.87,12.49,14.86
2022-03-14 04:00:56,12.16,5.46,319.78,7.99,9.49
2022-03-14 05:00:56,12.91,5.31,258.27,7.31,9.26
2022-03-14 06:00:56,10.86,4.88,258.36,10.11,11.24
2022-03-14 07:00:56,21.31,5.4,267.0,15.3,17.25
2022-03-14 08:00:56,16.96,5.21,330.67,22.14,25.32
2022-03-14 09:00:56,10.12,5.5,356.31,35.16,39.67
2022-03-14 10:00:56,16.95,5.74,342.23,30.75,35.77
2022-03-14 11:00:56,37.39,5.3,314.11,31.9,34.9
2022-03-14 12:00:56,21.3,4.65,344.38,27.85,30.59
2022-03-14 13:00:56,13.37,4.9,350.12,19.68,23.82
2022-03-14 14:00:56,26.49,5.03,342.36,25.78,29.3
2022-03-14 15:00:56,34.02,4.95,341.91,19.6,24.35
2022-03-14 16:00:56,38.39,5.12,354.7,39.83,46.89
2022-03-14 17:00:56,39.32,5.88,360.9,22.14,25.22
2022-03-14 18:00:56,31.53,4.82,387.1,26.04,30.99
2022-03-14 19:00:56,46.18,5.67,414.02,30.83,34.8
2022-03-14 20:00:56,39.13,6.33,415.22,25.92,28.12
2022-03-14 21:00:56,32.42,6.34,372.08,33.13,35.52
2022-03-14 22:00:56,35.97,5.82,392.24,21.98,24.71
2022-03-14 23:00:56,26.57,4.83,407.76,25.65,27.6
2022-03-15 00:00:56,33.66,5.58,385.18,21.71,24.62
2022-03-15 01:00:56,42.07,6.58,328.35,18.1,20.48
2022-03-15 02:00:56,26.46,0.0,306.85,15.14,17.79
2022-03-15 03:00:56,18.33,5.64,350.44,13.35,15.47
2022-03-15 04:00:56,31.65,5.05,309.54,11.19,13.14
2022-03-15 05:00:56,22.4,5.33,279.38,8.77,10.98
2022-03-15 06:00:56,12.98,5.14,295.31,0.0,0.0
2022-03-15 07:00:56,22.46,5.03,303.23,11.52,13.91
2022-03-15 08:00:56,24.65,4.69,324.8,15.06,18.67
2022-03-15 09:00:56,24.49,4.5,367.87,21.28,23.93
2022-03-15 10:00:56,29.87,4.67,394.33,19.14,21.88
2022-03-15 11:00:56,32.44,4.94,400.88,20.38,22.67
2022-03-15 12:00:56,31.42,7.13,397.69,18.14,20.96
2022-03-15 13:00:56,28.06,5.25,398.47,20.42,22.98
2022-03-15 14:00:56,33.85,6.69,398.7,17.95,20.42
2022-03-15 15:00:56,31.22,7.4,464.95,18.55,21.38
2022-03-15 16:00:56,23.95,5.49,450.9,17.13,19.86
2022-03-15 17:00:56,36.83,5.33,430.89,19.78,21.9
2022-03-15 18:00:56,37.31,5.41,412.13,20.97,23.44
2022-03-15 19:00:56,36.14,5.3,401.14,0.0,0.0
2022-03-15 20:00:56,41.17,5.19,417.08,25.86,28.77
2022-03-15 21:00:56,30.28,5.45,475.86,25.33,27.18
2022-03-15 22:00:56,55.35,4.83,622.33,38.25,42.39
2022-03-15 23:00:56,41.05,5.33,740.58,26.72,29.72
2022-03-16 00:00:56,52.3,5.44,801.8,45.99,49.42
2022-03-16 01:00:56,33.35,5.37,579.22,40.83,45.32
2022-03-16 02:00:56,29.03,0.0,669.31,23.93,26.3
2022-03-16 03:00:56,22.33,5.38,617.86,18.32,20.44
2022-03-16 04:00:56,26.76,5.71,595.02,18.24,21.23
2022-03-16 05:00:56,23.12,5.75,573.34,22.94,25.5
2022-03-16 06:00:56,20.29,4.96,588.08,25.49,27.96
2022-03-16 07:00:56,22.25,5.49,602.71,33.6,39.23
2022-03-16 08:00:56,44.48,5.76,766.32,51.7,74.06
2022-03-16 09:00:56,52.84,5.99,763.22,32.21,49.1
2022-03-16 10:00:56,40.55,6.63,656.9,33.75,45.63
2022-03-16 11:00:56,24.35,7.08,620.21,34.73,43.27
2022-03-16 12:00:56,29.6,6.13,560.45,31.47,35.78
2022-03-16 13:00:56,18.03,7.08,533.6,29.45,33.68
2022-03-16 14:00:56,40.01,7.26,490.3,28.45,30.91
2022-03-16 15:00:56,38.24,7.46,508.97,23.79,28.26
2022-03-16 16:00:56,32.16,6.82,556.51,20.77,23.41
2022-03-16 17:00:56,21.08,6.32,516.23,21.92,24.73
2022-03-16 18:00:56,26.18,6.08,491.21,27.24,30.49
2022-03-16 19:00:56,34.87,5.91,506.77,24.83,28.17
2022-03-16 20:00:56,36.41,5.67,499.84,27.77,32.17
2022-03-16 21:00:56,41.33,6.06,479.84,21.85,25.37
2022-03-16 22:00:56,30.49,6.01,464.36,23.09,26.17
2022-03-16 23:00:56,46.26,5.97,514.05,20.68,24.11
2022-03-17 00:00:56,53.99,6.03,529.07,18.92,21.81
2022-03-17 01:00:56,40.07,5.98,512.72,13.0,15.03
2022-03-17 02:00:56,26.38,0.0,485.73,12.61,14.89
2022-03-17 03:00:56,32.27,5.98,501.7,11.91,14.46
2022-03-17 04:00:56,34.34,6.07,511.15,11.93,14.65
2022-03-17 05:00:56,26.81,6.09,487.13,11.07,13.89
2022-03-17 06:00:56,17.9,5.89,445.15,9.37,12.26
2022-03-17 07:00:56,11.39,5.66,396.0,9.82,12.81
2022-03-17 08:00:56,18.04,5.98,405.41,14.01,17.79
2022-03-17 09:00:56,16.13,5.84,400.62,18.14,21.74
2022-03-17 10:00:56,24.62,6.34,388.14,19.6,23.29
2022-03-17 11:00:56,14.25,5.94,383.06,21.2,23.84
2022-03-17 12:00:56,24.59,5.81,390.05,30.44,36.24
2022-03-17 13:00:56,24.02,18.3,392.31,33.73,40.51
2022-03-17 14:00:56,13.63,24.06,563.22,25.22,29.54
2022-03-17 15:00:56,25.58,6.87,434.56,29.27,32.79
2022-03-17 16:00:56,18.22,6.11,442.2,35.92,41.82
2022-03-17 17:00:56,18.97,6.25,582.65,33.23,37.99
2022-03-17 18:00:56,29.61,6.02,478.34,28.84,31.92
2022-03-17 19:00:56,36.49,6.1,488.28,29.0,31.03
2022-03-17 20:00:56,39.76,6.03,504.31,24.65,27.38
2022-03-17 21:00:56,28.32,6.38,467.32,22.53,25.35
2022-03-17 22:00:56,29.95,6.13,445.2,20.21,22.6
2022-03-17 23:00:56,17.52,5.81,612.94,26.52,29.25
2022-03-18 00:00:56,13.76,6.2,570.88,20.21,24.08
2022-03-18 01:00:56,9.47,5.69,461.98,23.05,24.99
2022-03-18 02:00:56,19.22,0.0,500.23,19.96,22.87
2022-03-18 03:00:56,29.96,19.39,325.09,16.33,18.53
2022-03-18 04:00:56,26.57,10.03,378.88,28.06,30.7
2022-03-18 05:00:56,14.27,7.29,289.02,12.69,14.1
2022-03-18 06:00:56,21.51,6.35,275.79,0.0,0.0
2022-03-18 07:00:56,13.59,6.18,345.56,11.19,13.31
2022-03-18 08:00:56,25.57,9.83,475.08,24.96,27.69
2022-03-18 09:00:56,20.45,7.71,471.23,54.51,61.31
2022-03-18 10:00:56,0.0,0.0,557.16,65.34,76.88
2022-03-18 11:00:56,0.0,9.74,908.27,12.34,15.79
2022-03-18 12:00:56,0.0,14.23,510.24,31.55,33.32
2022-03-18 13:00:56,47.64,11.07,343.37,21.03,23.86
2022-03-18 14:00:56,36.34,16.35,349.92,17.79,21.33
2022-03-18 15:00:56,30.19,18.62,364.03,16.39,20.28
2022-03-18 16:00:56,48.29,18.75,359.18,17.29,21.62
2022-03-18 17:00:56,38.23,18.48,359.73,17.93,21.29
2022-03-18 18:00:56,0.0,17.87,374.43,16.62,19.62
2022-03-18 19:00:56,0.0,16.46,405.35,20.17,22.82
2022-03-18 20:00:56,0.0,13.75,518.19,18.51,21.7
2022-03-18 21:00:56,0.0,15.99,430.44,19.14,21.35
2022-03-18 22:00:56,0.0,15.86,423.85,17.11,19.23
2022-03-18 23:00:56,31.64,15.01,426.33,18.75,21.58
2022-03-19 00:00:56,19.15,13.67,428.81,21.44,24.0
2022-03-19 01:00:56,28.35,12.83,501.57,32.17,34.46
2022-03-19 02:00:56,24.72,0.0,434.8,17.66,19.61
2022-03-19 03:00:56,28.38,10.99,428.52,14.17,15.5
2022-03-19 04:00:56,0.0,9.56,381.92,12.51,14.45
2022-03-19 05:00:56,0.0,9.94,390.15,11.87,13.29
2022-03-19 06:00:56,0.0,10.64,363.35,12.34,14.02
2022-03-19 07:00:56,0.0,9.43,362.53,12.16,13.58
2022-03-19 08:00:56,0.0,9.89,378.92,12.92,16.28
2022-03-19 09:00:56,0.0,11.69,419.88,15.22,20.35
2022-03-19 10:00:56,0.0,11.64,423.02,17.21,20.48
2022-03-19 11:00:56,14.99,12.32,414.04,18.42,20.98
2022-03-19 12:00:56,10.43,12.12,399.55,18.75,21.75
2022-03-19 13:00:56,22.91,11.95,388.67,19.66,21.68
2022-03-19 14:00:56,21.69,12.0,378.17,19.8,22.01
2022-03-19 15:00:56,39.71,11.47,364.19,20.13,22.86
2022-03-19 16:00:56,0.0,10.44,366.38,0.0,0.0
2022-03-19 17:00:56,0.0,9.82,358.92,20.19,22.04
2022-03-19 18:00:56,0.0,8.27,345.31,20.09,22.38
2022-03-19 19:00:56,10.37,9.34,365.5,23.48,25.25
2022-03-19 20:00:56,29.85,9.31,384.62,25.49,29.01
2022-03-19 21:00:56,34.9,9.26,391.24,24.4,26.87
2022-03-19 22:00:56,20.61,9.09,381.01,22.47,24.24
2022-03-19 23:00:56,17.04,8.34,379.83,0.0,0.0
2022-03-20 00:00:56,0.0,7.3,387.91,39.38,54.2
2022-03-20 01:00:56,0.0,5.81,346.82,16.37,18.84
2022-03-20 02:00:56,2.16,0.0,344.16,11.83,13.06
2022-03-20 03:00:56,2.69,6.97,334.38,12.12,13.45
2022-03-20 04:00:56,3.26,6.48,304.83,10.58,12.33
2022-03-20 05:00:56,6.36,6.42,296.13,9.02,10.87
2022-03-20 06:00:56,6.08,6.29,303.72,0.0,0.0
2022-03-20 07:00:56,0.0,7.44,309.09,12.3,14.25
2022-03-20 08:00:56,0.0,8.05,309.01,11.87,13.72
2022-03-20 09:00:56,0.0,7.55,306.32,12.78,14.97
2022-03-20 10:00:56,0.0,7.11,323.69,18.88,22.13
2022-03-20 11:00:56,0.0,7.17,320.6,13.91,16.02
2022-03-20 12:00:56,0.0,7.38,322.55,17.81,20.37
2022-03-20 13:00:56,0.0,6.82,321.99,18.79,22.68
2022-03-20 14:00:56,0.0,0.0,322.32,20.95,23.34
2022-03-20 15:00:56,0.0,6.3,317.57,28.14,30.79
2022-03-20 16:00:56,0.0,2.53,342.95,33.87,36.7
2022-03-20 17:00:56,22.39,3.45,314.67,26.15,28.88
2022-03-20 18:00:56,33.94,2.95,304.5,22.53,24.92
2022-03-20 19:00:56,45.99,3.59,309.92,19.31,20.71
2022-03-20 20:00:56,24.04,3.57,300.33,19.18,20.95
2022-03-20 21:00:56,35.35,3.88,301.8,18.75,20.43
2022-03-20 22:00:56,0.0,4.34,304.53,17.79,19.81
2022-03-20 23:00:56,0.0,3.98,302.09,16.33,18.1
2022-03-21 00:00:56,0.0,4.35,296.32,17.19,18.87
2022-03-21 01:00:56,24.95,5.03,284.77,16.64,18.66
2022-03-21 02:00:56,13.39,0.0,278.2,12.57,13.9
2022-03-21 03:00:56,9.37,4.64,290.39,0.0,0.0
2022-03-21 04:00:56,16.38,4.86,271.04,9.35,11.46
2022-03-21 05:00:56,17.85,5.15,263.28,9.28,10.78
2022-03-21 06:00:56,0.0,4.63,261.59,0.0,0.0
2022-03-21 07:00:56,0.0,3.8,291.63,28.35,34.96
2022-03-21 08:00:56,0.0,4.18,318.71,24.44,27.27
2022-03-21 09:00:56,0.0,4.69,351.75,21.53,25.41
2022-03-21 10:00:56,0.0,5.09,310.85,19.7,22.43
2022-03-21 11:00:56,0.0,5.72,310.23,25.18,28.53
2022-03-21 12:00:56,0.0,5.82,312.49,21.77,25.47
2022-03-21 13:00:56,5.5,6.43,312.84,25.57,35.01
2022-03-21 14:00:56,25.85,6.91,354.09,19.84,22.92
2022-03-21 15:00:56,0.0,5.49,311.86,0.0,0.0
2022-03-21 16:00:56,0.0,2.04,458.88,0.0,0.0
2022-03-21 17:00:56,82.93,4.22,497.83,32.82,34.44
2022-03-21 18:00:56,83.08,4.42,467.16,28.59,30.7
2022-03-21 19:00:56,91.73,4.56,431.51,23.79,25.65
2022-03-21 20:00:56,75.16,4.29,429.4,22.64,24.74
2022-03-21 21:00:56,54.79,4.53,411.51,20.83,22.85
2022-03-21 22:00:56,0.0,4.99,402.06,24.48,26.91
2022-03-21 23:00:56,0.0,4.85,407.08,21.22,23.16
2022-03-22 00:00:56,0.0,4.91,402.02,18.71,20.17
2022-03-22 01:00:56,0.0,4.82,371.62,20.4,21.68
2022-03-22 02:00:56,0.0,0.0,328.03,18.32,19.69
2022-03-22 03:00:56,0.0,3.57,341.74,13.43,15.13
2022-03-22 04:00:56,0.0,4.5,322.98,12.78,14.32
2022-03-22 05:00:56,0.0,4.8,323.99,12.0,13.7
2022-03-22 06:00:56,0.0,3.68,323.24,11.93,12.58
2022-03-22 07:00:56,0.0,5.18,321.35,13.93,15.37
2022-03-22 08:00:56,0.0,4.99,331.47,14.83,16.45
2022-03-22 09:00:56,0.0,5.39,353.21,23.89,27.28
2022-03-22 10:00:56,0.0,5.11,355.07,21.34,23.61
2022-03-22 11:00:56,0.0,4.71,367.19,0.0,0.0
2022-03-22 12:00:56,0.0,4.51,439.69,40.4,43.39
2022-03-22 13:00:56,0.0,4.94,407.37,22.8,25.47
2022-03-22 14:00:56,0.0,6.29,411.18,0.0,0.0
2022-03-22 15:00:56,50.45,8.01,510.69,0.0,0.0
2022-03-22 16:00:56,48.16,6.31,447.38,0.0,0.0
2022-03-22 17:00:56,40.41,6.46,465.24,0.0,0.0
2022-03-22 18:00:56,38.25,6.33,392.61,0.0,0.0
2022-03-22 19:00:56,41.1,6.4,401.18,0.0,0.0
2022-03-22 20:00:56,38.53,6.09,421.46,0.0,0.0
2022-03-22 21:00:56,27.03,2.5,414.96,26.52,27.48
2022-03-22 22:00:56,37.46,4.49,390.59,30.99,33.17
2022-03-22 23:00:56,38.91,4.02,462.34,62.26,65.16
2022-03-23 00:00:56,54.38,3.92,467.94,49.32,51.81
2022-03-23 01:00:56,49.91,4.05,429.43,50.65,51.94
2022-03-23 02:00:56,62.13,5.39,398.98,27.01,27.65
2022-03-23 03:00:56,54.99,4.58,373.03,18.34,18.74
2022-03-23 04:00:56,58.38,4.79,406.55,28.04,28.84
2022-03-23 05:00:56,44.57,4.45,338.0,20.44,21.32
2022-03-23 06:00:56,44.85,3.52,383.48,11.63,12.03
2022-03-23 07:00:56,29.66,3.66,369.6,21.48,22.69
2022-03-23 08:00:56,22.43,4.09,417.89,43.4,44.69
2022-03-23 09:00:56,19.1,4.73,592.25,77.02,85.32
2022-03-23 10:00:56,26.23,5.83,570.03,54.12,57.42
2022-03-23 11:00:56,56.74,8.52,452.69,30.56,36.37
2022-03-23 12:00:56,56.16,13.72,390.65,57.06,67.93
2022-03-23 13:00:56,46.14,8.03,367.85,25.8,28.13
2022-03-23 14:00:56,27.94,7.82,303.36,21.46,26.61
2022-03-23 15:00:56,29.64,10.08,357.35,22.74,25.71
2022-03-23 16:00:56,24.64,7.43,331.25,21.38,25.48
2022-03-23 17:00:56,16.22,7.55,356.44,28.32,32.1
2022-03-23 18:00:56,25.49,15.31,638.2,33.46,40.78
2022-03-23 19:00:56,13.29,7.6,478.24,57.33,74.63
2022-03-23 20:00:56,25.91,6.15,356.63,31.86,34.35
2022-03-23 21:00:56,23.7,5.61,464.49,41.86,47.41
2022-03-23 22:00:56,28.62,5.39,487.27,30.95,35.38
2022-03-23 23:00:56,19.61,4.61,449.34,22.86,23.91
2022-03-24 00:00:56,24.97,5.06,779.51,0.0,0.0
2022-03-24 01:00:56,23.84,3.71,701.12,60.86,73.66
2022-03-24 02:00:56,34.78,0.0,723.97,33.48,35.57
2022-03-24 03:00:56,32.17,4.53,564.23,26.99,28.28
2022-03-24 04:00:56,18.69,4.32,522.62,40.01,41.46
2022-03-24 05:00:56,12.63,4.01,505.15,29.54,30.26
2022-03-24 06:00:56,8.66,4.06,487.23,17.05,17.93
2022-03-24 07:00:56,6.49,0.0,463.87,39.97,50.5
2022-03-24 08:00:56,15.14,4.93,766.97,114.35,305.19
2022-03-24 09:00:56,16.24,6.57,735.65,27.05,33.0
2022-03-24 10:00:56,34.05,8.86,512.75,35.8,45.77
2022-03-24 11:00:56,34.58,12.34,472.32,32.91,38.21
2022-03-24 12:00:56,46.79,23.55,464.68,25.51,30.25
2022-03-24 13:00:56,49.69,8.82,404.7,26.37,30.39
2022-03-24 14:00:56,41.49,7.03,367.54,25.45,29.31
2022-03-24 15:00:56,33.34,6.63,353.96,19.6,22.49
2022-03-24 16:00:56,23.0,5.35,313.59,37.86,46.28
2022-03-24 17:00:56,36.11,6.68,331.51,32.86,36.0
2022-03-24 18:00:56,48.12,6.69,325.94,33.21,37.72
2022-03-24 19:00:56,68.77,5.98,342.98,23.5,24.7
2022-03-24 20:00:56,73.08,5.62,367.61,21.92,26.34
2022-03-24 21:00:56,63.82,5.97,350.12,28.24,35.0
2022-03-24 22:00:56,72.15,6.08,310.66,23.13,24.58
2022-03-24 23:00:56,65.01,5.42,439.99,24.28,25.32
2022-03-25 00:00:56,59.78,4.92,431.97,18.47,19.35
2022-03-25 01:00:56,49.96,5.18,388.4,9.16,9.64
2022-03-25 02:00:56,45.9,0.0,454.84,19.51,22.65
2022-03-25 03:00:56,33.47,4.83,402.29,13.04,13.61
2022-03-25 04:00:56,50.67,4.9,342.72,9.18,9.74
2022-03-25 05:00:56,35.38,4.81,328.19,22.06,22.86
2022-03-25 06:00:56,41.03,4.42,342.72,35.14,39.0
2022-03-25 07:00:56,46.58,4.2,408.38,26.11,27.71
2022-03-25 08:00:56,38.18,4.44,773.57,70.02,147.96
2022-03-25 09:00:56,86.03,16.9,745.53,45.66,60.53
2022-03-25 10:00:56,94.1,50.79,391.96,10.27,11.72
2022-03-25 11:00:56,66.03,7.62,293.49,14.38,15.91
2022-03-25 12:00:56,41.81,6.53,293.52,8.3,9.42
2022-03-25 13:00:56,40.54,42.2,352.79,17.6,19.29
2022-03-25 14:00:56,52.47,67.0,312.25,19.1,22.32
2022-03-25 15:00:56,60.82,41.34,300.33,44.12,59.78
2022-03-25 16:00:56,61.03,7.72,310.4,29.47,35.81
2022-03-25 17:00:56,71.57,33.14,312.06,35.51,45.63
2022-03-25 18:00:56,93.34,152.29,329.82,47.28,50.5
2022-03-25 19:00:56,96.86,41.92,376.22,36.09,37.38
2022-03-25 20:00:56,119.3,13.32,579.41,34.34,36.03
2022-03-25 21:00:56,105.85,10.83,517.67,56.61,58.3
2022-03-25 22:00:56,87.76,11.49,690.07,33.42,34.46
2022-03-25 23:00:56,89.59,10.65,843.51,48.52,50.04
2022-03-26 00:00:56,93.96,9.37,817.87,47.88,49.41
2022-03-26 01:00:56,67.92,8.52,745.53,19.51,20.4
2022-03-26 02:00:56,84.8,0.0,444.23,14.19,14.51
2022-03-26 03:00:56,45.99,6.08,362.11,30.77,32.22
2022-03-26 04:00:56,51.63,6.47,395.12,33.01,33.49
2022-03-26 05:00:56,50.73,6.41,395.28,25.16,25.56
2022-03-26 06:00:56,70.43,6.12,338.91,11.61,11.61
2022-03-26 07:00:56,58.33,5.15,407.89,44.98,51.91
2022-03-26 08:00:56,58.9,4.8,482.49,60.2,68.91
2022-03-26 09:00:56,84.92,15.55,600.17,31.49,37.13
2022-03-26 10:00:56,97.52,30.72,425.58,32.29,38.33
2022-03-26 11:00:56,97.4,16.84,349.86,27.79,32.23
2022-03-26 12:00:56,78.53,17.42,359.24,21.96,24.21
2022-03-26 13:00:56,73.31,47.29,369.51,19.68,22.5
2022-03-26 14:00:56,56.24,10.26,325.71,22.0,24.66
2022-03-26 15:00:56,51.36,5.85,319.78,15.51,17.61
2022-03-26 16:00:56,53.79,7.37,314.24,16.35,19.42
2022-03-26 17:00:56,54.98,6.42,315.48,46.17,65.4
2022-03-26 18:00:56,58.0,5.73,318.38,15.16,17.83
2022-03-26 19:00:56,65.04,7.23,305.49,40.55,42.4
2022-03-26 20:00:56,55.9,7.73,606.01,23.15,25.41
2022-03-26 21:00:56,76.76,6.57,486.32,17.6,18.25
2022-03-26 22:00:56,60.07,7.04,433.92,18.1,20.28
2022-03-26 23:00:56,64.29,7.49,495.02,27.81,34.11
2022-03-27 00:00:56,61.3,7.23,456.32,24.71,27.22
2022-03-27 01:00:56,56.36,6.99,530.1,11.42,12.3
2022-03-27 02:00:56,61.29,0.0,462.04,69.12,84.46
2022-03-27 03:00:56,77.05,4.85,463.02,50.82,51.46
2022-03-27 04:00:56,67.36,4.9,531.06,11.03,13.7
2022-03-27 05:00:56,51.28,4.4,451.3,7.17,7.97
2022-03-27 06:00:56,65.58,5.24,308.7,4.42,4.9
2022-03-27 07:00:56,52.71,5.09,304.64,10.29,11.66
2022-03-27 08:00:56,62.6,30.14,358.2,23.74,27.13
2022-03-27 09:00:56,58.22,17.17,293.78,5.07,5.72
2022-03-27 10:00:56,80.9,4.84,278.24,5.98,6.54
2022-03-27 11:00:56,59.31,5.11,281.53,5.69,5.93
2022-03-27 12:00:56,47.18,4.92,266.77,5.73,6.7
2022-03-27 13:00:56,25.9,4.0,261.64,8.2,9.24
2022-03-27 14:00:56,23.04,3.8,275.43,7.11,7.27
2022-03-27 15:00:56,23.59,3.59,280.26,6.24,6.97
2022-03-27 16:00:56,20.98,3.87,269.63,8.01,8.33
2022-03-27 17:00:56,28.19,13.82,307.5,16.72,17.76
2022-03-27 18:00:56,61.09,9.08,321.18,21.57,24.14
2022-03-27 19:00:56,96.5,7.69,305.1,34.77,35.82
2022-03-27 20:00:56,80.74,8.84,440.73,31.16,33.99
2022-03-27 21:00:56,82.79,19.14,490.82,30.65,35.24
2022-03-27 22:00:56,80.7,12.74,352.79,54.0,62.39
2022-03-27 23:00:56,87.44,8.24,406.36,34.2,39.6
2022-03-28 00:00:56,69.9,6.49,354.27,10.45,12.32
2022-03-28 01:00:56,96.65,4.28,297.66,10.72,12.34
2022-03-28 02:00:56,89.42,0.0,268.27,6.26,7.15
2022-03-28 03:00:56,90.33,4.79,260.97,7.68,8.24
2022-03-28 04:00:56,77.23,4.16,243.37,18.55,19.19
2022-03-28 05:00:56,85.23,4.02,264.62,10.15,10.79
2022-03-28 06:00:56,83.96,3.67,303.3,13.37,13.85
2022-03-28 07:00:56,79.16,3.92,495.7,63.69,87.89
2022-03-28 08:00:56,92.52,4.31,591.5,58.21,96.75
2022-03-28 09:00:56,109.84,14.02,457.71,7.74,9.12
2022-03-28 10:00:56,119.27,61.97,283.52,9.63,10.28
2022-03-28 11:00:56,103.0,21.45,298.67,22.29,26.25
2022-03-28 12:00:56,121.81,5.04,306.99,19.23,21.25
2022-03-28 13:00:56,120.37,4.16,289.58,19.78,23.34
2022-03-28 14:00:56,118.1,4.13,284.18,19.6,24.2
2022-03-28 15:00:56,125.4,4.15,281.43,19.06,23.75
2022-03-28 16:00:56,114.07,8.58,250.48,18.51,22.3
2022-03-28 17:00:56,123.93,25.85,322.36,23.46,30.0
2022-03-28 18:00:56,113.31,7.1,283.61,22.59,23.88
2022-03-28 19:00:56,130.0,10.81,398.21,37.46,46.75
2022-03-28 20:00:56,126.21,7.72,589.87,38.74,45.52
2022-03-28 21:00:56,122.95,6.69,509.72,20.56,20.56
2022-03-28 22:00:56,118.57,5.08,495.83,29.5,31.76
2022-03-28 23:00:56,106.77,4.98,779.78,33.03,39.89
2022-03-29 00:00:56,113.06,4.32,889.8,25.0,25.8
2022-03-29 01:00:56,99.47,4.29,849.15,23.62,25.15
2022-03-29 02:00:56,93.19,0.0,700.56,13.72,16.15
2022-03-29 03:00:56,88.05,4.09,646.9,20.99,22.04
2022-03-29 04:00:56,65.17,3.49,593.33,14.11,14.59
2022-03-29 05:00:56,74.0,3.82,640.51,35.78,38.37
2022-03-29 06:00:56,66.25,3.98,617.57,9.26,10.63
2022-03-29 07:00:56,72.3,3.75,486.71,20.66,26.71
2022-03-29 08:00:56,48.25,4.69,615.88,48.99,73.09
2022-03-29 09:00:56,91.72,13.35,639.37,47.22,64.71
2022-03-29 10:00:56,118.3,25.42,505.87,53.01,70.97
2022-03-29 11:00:56,101.63,27.65,418.25,51.45,68.1
2022-03-29 12:00:56,161.01,13.43,332.09,13.1,14.55
2022-03-29 13:00:56,121.74,5.25,252.46,7.41,8.46
2022-03-29 14:00:56,75.0,5.31,251.55,5.96,6.52
2022-03-29 15:00:56,50.65,9.0,393.13,79.33,99.61
2022-03-29 16:00:56,166.66,17.62,758.11,103.15,124.78
2022-03-29 17:00:56,244.95,16.9,820.01,115.21,177.56
2022-03-29 18:00:56,293.26,11.96,1036.03,114.86,189.11
2022-03-29 19:00:56,290.13,10.3,977.76,95.33,137.2
2022-03-29 20:00:56,307.27,8.42,508.87,30.81,33.78
2022-03-29 21:00:56,230.43,9.58,748.1,104.84,122.1
2022-03-29 22:00:56,183.46,9.18,1029.3,42.48,45.85
2022-03-29 23:00:56,163.19,9.76,661.98,25.16,26.93
2022-03-30 00:00:56,136.56,8.7,854.38,35.33,39.58
2022-03-30 01:00:56,117.5,8.37,775.21,43.89,62.59
2022-03-30 02:00:56,117.66,0.0,709.69,46.28,51.09
2022-03-30 03:00:56,164.9,9.43,600.01,41.49,43.9
2022-03-30 04:00:56,139.78,8.2,607.86,49.3,53.22
2022-03-30 05:00:56,125.14,8.29,771.71,52.29,55.1
2022-03-30 06:00:56,139.06,10.18,643.67,42.66,45.22
2022-03-30 07:00:56,106.14,9.41,633.54,57.86,76.38
2022-03-30 08:00:56,107.36,9.08,658.5,61.27,88.04
2022-03-30 09:00:56,109.06,11.02,544.65,64.23,83.81
2022-03-30 10:00:56,129.49,50.73,341.48,33.64,53.42
2022-03-30 11:00:56,138.31,12.51,245.72,10.41,12.26
2022-03-30 12:00:56,81.15,7.63,241.55,10.39,11.84
2022-03-30 13:00:56,51.81,6.96,262.99,25.26,28.4
2022-03-30 14:00:56,74.11,9.55,313.3,43.69,53.48
2022-03-30 15:00:56,115.75,30.76,291.63,20.97,23.46
2022-03-30 16:00:56,96.98,7.08,288.04,26.87,32.72
2022-03-30 17:00:56,88.45,9.83,355.46,55.11,61.86
2022-03-30 18:00:56,130.56,46.92,416.69,52.99,56.37
